train_number,train_name,rake_type
TRN10190,Shatabdi TRN10190,Shatabdi
TRN10129,Express TRN10129,Express
TRN10875,Vande Bharat TRN10875,Vande Bharat
TRN13239,Passenger TRN13239,Passenger
TRN14676,Express TRN14676,Express
TRN10617,Express TRN10617,Express
TRN11065,Vande Bharat TRN11065,Vande Bharat
TRN14571,Express TRN14571,Express
TRN14006,Vande Bharat TRN14006,Vande Bharat
TRN13394,Express TRN13394,Express
TRN13002,Superfast TRN13002,Superfast
TRN10649,Express TRN10649,Express
TRN10517,Passenger TRN10517,Passenger
TRN10031,Shatabdi TRN10031,Shatabdi
TRN10114,Passenger TRN10114,Passenger
TRN10040,Express TRN10040,Express
TRN13744,Passenger TRN13744,Passenger
TRN11829,Superfast TRN11829,Superfast
TRN11847,Passenger TRN11847,Passenger
TRN12778,Express TRN12778,Express
TRN14132,Express TRN14132,Express
TRN14093,Passenger TRN14093,Passenger
TRN14988,Express TRN14988,Express
TRN10559,Superfast TRN10559,Superfast
TRN12532,Rajdhani TRN12532,Rajdhani
TRN14024,Superfast TRN14024,Superfast
TRN14051,Vande Bharat TRN14051,Vande Bharat
TRN13605,Passenger TRN13605,Passenger
TRN14278,Superfast TRN14278,Superfast
TRN13667,Express TRN13667,Express
TRN14397,Shatabdi TRN14397,Shatabdi
TRN11675,Passenger TRN11675,Passenger
TRN13067,Express TRN13067,Express
TRN14028,Shatabdi TRN14028,Shatabdi
TRN11903,Superfast TRN11903,Superfast
TRN14098,Express TRN14098,Express
TRN13842,Shatabdi TRN13842,Shatabdi
TRN13267,Superfast TRN13267,Superfast
TRN13202,Passenger TRN13202,Passenger
TRN12618,Superfast TRN12618,Superfast
TRN13106,Passenger TRN13106,Passenger
TRN10451,Superfast TRN10451,Superfast
TRN10832,Passenger TRN10832,Passenger
TRN10728,Express TRN10728,Express
TRN14761,Passenger TRN14761,Passenger
TRN12130,Express TRN12130,Express
TRN12998,Superfast TRN12998,Superfast
TRN11720,Vande Bharat TRN11720,Vande Bharat
TRN14707,Superfast TRN14707,Superfast
TRN11469,Shatabdi TRN11469,Shatabdi
TRN14264,Superfast TRN14264,Superfast
TRN10809,Express TRN10809,Express
TRN10351,Superfast TRN10351,Superfast
TRN14636,Passenger TRN14636,Passenger
TRN12481,Express TRN12481,Express
TRN14094,Vande Bharat TRN14094,Vande Bharat
TRN11760,Superfast TRN11760,Superfast
TRN12516,Vande Bharat TRN12516,Vande Bharat
TRN13553,Shatabdi TRN13553,Shatabdi
TRN10137,Superfast TRN10137,Superfast
TRN13407,Express TRN13407,Express
TRN10249,Superfast TRN10249,Superfast
TRN12971,Passenger TRN12971,Passenger
TRN12701,Rajdhani TRN12701,Rajdhani
TRN10822,Superfast TRN10822,Superfast
TRN13795,Express TRN13795,Express
TRN12490,Passenger TRN12490,Passenger
TRN10181,Superfast TRN10181,Superfast
TRN12574,Express TRN12574,Express
TRN14679,Superfast TRN14679,Superfast
TRN10763,Express TRN10763,Express
TRN11651,Superfast TRN11651,Superfast
TRN12369,Passenger TRN12369,Passenger
TRN12737,Vande Bharat TRN12737,Vande Bharat
TRN14662,Passenger TRN14662,Passenger
TRN14872,Superfast TRN14872,Superfast
TRN13355,Passenger TRN13355,Passenger
TRN10799,Express TRN10799,Express
TRN10163,Express TRN10163,Express
TRN14820,Passenger TRN14820,Passenger
TRN12726,Superfast TRN12726,Superfast
TRN10096,Superfast TRN10096,Superfast
TRN12005,Passenger TRN12005,Passenger
TRN13077,Passenger TRN13077,Passenger
TRN10032,Superfast TRN10032,Superfast
TRN13730,Passenger TRN13730,Passenger
TRN12302,Passenger TRN12302,Passenger
TRN12414,Superfast TRN12414,Superfast
TRN12298,Express TRN12298,Express
TRN13731,Passenger TRN13731,Passenger
TRN10182,Express TRN10182,Express
TRN14250,Express TRN14250,Express
TRN13053,Superfast TRN13053,Superfast
TRN11849,Express TRN11849,Express
TRN10849,Express TRN10849,Express
TRN13386,Superfast TRN13386,Superfast
TRN12626,Vande Bharat TRN12626,Vande Bharat
TRN10436,Express TRN10436,Express
TRN10219,Superfast TRN10219,Superfast
TRN13758,Express TRN13758,Express
TRN11417,Express TRN11417,Express
TRN12556,Express TRN12556,Express
TRN12639,Passenger TRN12639,Passenger
TRN13764,Vande Bharat TRN13764,Vande Bharat
TRN14937,Rajdhani TRN14937,Rajdhani
TRN13452,Superfast TRN13452,Superfast
TRN11961,Vande Bharat TRN11961,Vande Bharat
TRN13041,Express TRN13041,Express
TRN11821,Superfast TRN11821,Superfast
TRN14030,Superfast TRN14030,Superfast
TRN13519,Passenger TRN13519,Passenger
TRN13098,Passenger TRN13098,Passenger
TRN14928,Superfast TRN14928,Superfast
TRN14776,Passenger TRN14776,Passenger
TRN10687,Superfast TRN10687,Superfast
TRN10122,Vande Bharat TRN10122,Vande Bharat
TRN12349,Vande Bharat TRN12349,Vande Bharat
TRN11917,Vande Bharat TRN11917,Vande Bharat
TRN10745,Express TRN10745,Express
TRN14480,Vande Bharat TRN14480,Vande Bharat
TRN10183,Rajdhani TRN10183,Rajdhani
TRN11866,Passenger TRN11866,Passenger
TRN10832,Superfast TRN10832,Superfast
TRN14640,Express TRN14640,Express
TRN10279,Superfast TRN10279,Superfast
TRN11737,Passenger TRN11737,Passenger
TRN12591,Express TRN12591,Express
TRN13383,Express TRN13383,Express
TRN11146,Superfast TRN11146,Superfast
TRN12024,Express TRN12024,Express
TRN14758,Passenger TRN14758,Passenger
TRN12907,Superfast TRN12907,Superfast
TRN12601,Express TRN12601,Express
TRN10609,Express TRN10609,Express
TRN11546,Express TRN11546,Express
TRN13425,Passenger TRN13425,Passenger
TRN13899,Superfast TRN13899,Superfast
TRN14114,Passenger TRN14114,Passenger
TRN13699,Passenger TRN13699,Passenger
TRN10922,Passenger TRN10922,Passenger
TRN11143,Express TRN11143,Express
TRN14089,Superfast TRN14089,Superfast
TRN13901,Rajdhani TRN13901,Rajdhani
TRN12540,Superfast TRN12540,Superfast
TRN12944,Vande Bharat TRN12944,Vande Bharat
TRN12023,Passenger TRN12023,Passenger
TRN10925,Superfast TRN10925,Superfast
TRN10256,Express TRN10256,Express
TRN11025,Superfast TRN11025,Superfast
TRN10504,Superfast TRN10504,Superfast
TRN12987,Superfast TRN12987,Superfast
TRN14758,Shatabdi TRN14758,Shatabdi
TRN14780,Rajdhani TRN14780,Rajdhani
TRN12611,Express TRN12611,Express
TRN12314,Passenger TRN12314,Passenger
TRN12438,Passenger TRN12438,Passenger
TRN11610,Passenger TRN11610,Passenger
TRN11371,Superfast TRN11371,Superfast
TRN12839,Express TRN12839,Express
TRN10750,Superfast TRN10750,Superfast
TRN11342,Express TRN11342,Express
TRN14329,Superfast TRN14329,Superfast
TRN12416,Superfast TRN12416,Superfast
TRN13079,Rajdhani TRN13079,Rajdhani
TRN14955,Superfast TRN14955,Superfast
TRN13178,Superfast TRN13178,Superfast
TRN13870,Express TRN13870,Express
TRN10471,Express TRN10471,Express
TRN14074,Express TRN14074,Express
TRN14385,Superfast TRN14385,Superfast
TRN12127,Express TRN12127,Express
TRN12783,Passenger TRN12783,Passenger
TRN10239,Express TRN10239,Express
TRN10742,Shatabdi TRN10742,Shatabdi
TRN13100,Passenger TRN13100,Passenger
TRN13781,Express TRN13781,Express
TRN11627,Rajdhani TRN11627,Rajdhani
TRN12611,Rajdhani TRN12611,Rajdhani
TRN13199,Express TRN13199,Express
TRN11052,Rajdhani TRN11052,Rajdhani
TRN10332,Express TRN10332,Express
TRN12226,Vande Bharat TRN12226,Vande Bharat
TRN11050,Express TRN11050,Express
TRN10571,Superfast TRN10571,Superfast
TRN13491,Passenger TRN13491,Passenger
TRN11448,Express TRN11448,Express
TRN13616,Express TRN13616,Express
TRN14605,Passenger TRN14605,Passenger
TRN10680,Express TRN10680,Express
TRN14591,Passenger TRN14591,Passenger
TRN14506,Superfast TRN14506,Superfast
TRN12387,Express TRN12387,Express
TRN11037,Vande Bharat TRN11037,Vande Bharat
TRN12356,Express TRN12356,Express
TRN14538,Shatabdi TRN14538,Shatabdi
TRN11344,Passenger TRN11344,Passenger
TRN14702,Express TRN14702,Express
TRN11686,Express TRN11686,Express
TRN11410,Rajdhani TRN11410,Rajdhani
TRN10754,Superfast TRN10754,Superfast
TRN10197,Express TRN10197,Express
TRN13832,Vande Bharat TRN13832,Vande Bharat
TRN12609,Passenger TRN12609,Passenger
TRN13654,Express TRN13654,Express
TRN11640,Passenger TRN11640,Passenger
TRN10423,Rajdhani TRN10423,Rajdhani
TRN10127,Express TRN10127,Express
TRN14720,Rajdhani TRN14720,Rajdhani
TRN14514,Superfast TRN14514,Superfast
TRN12751,Express TRN12751,Express
TRN10089,Passenger TRN10089,Passenger
TRN12406,Passenger TRN12406,Passenger
TRN13441,Passenger TRN13441,Passenger
TRN11954,Superfast TRN11954,Superfast
TRN12579,Superfast TRN12579,Superfast
TRN12835,Express TRN12835,Express
TRN11465,Superfast TRN11465,Superfast
TRN14525,Superfast TRN14525,Superfast
TRN12442,Express TRN12442,Express
TRN11095,Superfast TRN11095,Superfast
TRN13358,Superfast TRN13358,Superfast
TRN14544,Superfast TRN14544,Superfast
TRN11398,Passenger TRN11398,Passenger
TRN11932,Superfast TRN11932,Superfast
TRN10223,Express TRN10223,Express
TRN12028,Superfast TRN12028,Superfast
TRN13446,Express TRN13446,Express
TRN13994,Express TRN13994,Express
TRN12931,Rajdhani TRN12931,Rajdhani
TRN12723,Superfast TRN12723,Superfast
TRN10856,Vande Bharat TRN10856,Vande Bharat
TRN11918,Express TRN11918,Express
TRN10911,Passenger TRN10911,Passenger
TRN10869,Express TRN10869,Express
TRN10003,Superfast TRN10003,Superfast
TRN14512,Express TRN14512,Express
TRN11078,Rajdhani TRN11078,Rajdhani
TRN10775,Vande Bharat TRN10775,Vande Bharat
TRN10833,Express TRN10833,Express
TRN10041,Superfast TRN10041,Superfast
TRN12732,Superfast TRN12732,Superfast
TRN11046,Rajdhani TRN11046,Rajdhani
TRN14895,Express TRN14895,Express
TRN14472,Rajdhani TRN14472,Rajdhani
TRN14582,Vande Bharat TRN14582,Vande Bharat
TRN10397,Express TRN10397,Express
TRN11264,Shatabdi TRN11264,Shatabdi
TRN11432,Passenger TRN11432,Passenger
TRN13939,Superfast TRN13939,Superfast
TRN14865,Superfast TRN14865,Superfast
TRN14252,Express TRN14252,Express
TRN13110,Passenger TRN13110,Passenger
TRN13887,Express TRN13887,Express
TRN11940,Rajdhani TRN11940,Rajdhani
TRN14828,Express TRN14828,Express
TRN10206,Vande Bharat TRN10206,Vande Bharat
TRN12162,Vande Bharat TRN12162,Vande Bharat
TRN11383,Express TRN11383,Express
TRN11320,Superfast TRN11320,Superfast
TRN14372,Superfast TRN14372,Superfast
TRN11956,Passenger TRN11956,Passenger
TRN14245,Superfast TRN14245,Superfast
TRN11632,Express TRN11632,Express
TRN13720,Passenger TRN13720,Passenger
TRN11232,Passenger TRN11232,Passenger
TRN14676,Passenger TRN14676,Passenger
TRN11635,Passenger TRN11635,Passenger
TRN13077,Shatabdi TRN13077,Shatabdi
TRN14748,Express TRN14748,Express
TRN10047,Express TRN10047,Express
TRN14153,Passenger TRN14153,Passenger
TRN13357,Passenger TRN13357,Passenger
TRN11858,Passenger TRN11858,Passenger
TRN10518,Superfast TRN10518,Superfast
TRN12813,Superfast TRN12813,Superfast
TRN12364,Superfast TRN12364,Superfast
TRN13979,Express TRN13979,Express
TRN14022,Superfast TRN14022,Superfast
TRN10249,Rajdhani TRN10249,Rajdhani
TRN13664,Express TRN13664,Express
TRN12000,Superfast TRN12000,Superfast
TRN13748,Express TRN13748,Express
TRN11646,Express TRN11646,Express
TRN11752,Express TRN11752,Express
TRN12352,Express TRN12352,Express
TRN10283,Express TRN10283,Express
TRN12925,Superfast TRN12925,Superfast
TRN11898,Express TRN11898,Express
TRN10978,Superfast TRN10978,Superfast
TRN10180,Express TRN10180,Express
TRN13477,Express TRN13477,Express
TRN13598,Passenger TRN13598,Passenger
TRN13942,Superfast TRN13942,Superfast
TRN11403,Rajdhani TRN11403,Rajdhani
TRN14999,Express TRN14999,Express
TRN10636,Superfast TRN10636,Superfast
TRN13687,Passenger TRN13687,Passenger
TRN14710,Passenger TRN14710,Passenger
TRN14397,Express TRN14397,Express
TRN13333,Superfast TRN13333,Superfast
TRN13738,Superfast TRN13738,Superfast
TRN12239,Express TRN12239,Express
TRN12164,Express TRN12164,Express
TRN14633,Superfast TRN14633,Superfast
TRN10439,Rajdhani TRN10439,Rajdhani
TRN12421,Rajdhani TRN12421,Rajdhani
TRN11159,Superfast TRN11159,Superfast
TRN11202,Superfast TRN11202,Superfast
TRN14346,Vande Bharat TRN14346,Vande Bharat
TRN14897,Rajdhani TRN14897,Rajdhani
TRN13626,Shatabdi TRN13626,Shatabdi
TRN13204,Passenger TRN13204,Passenger
TRN14329,Express TRN14329,Express
TRN10254,Vande Bharat TRN10254,Vande Bharat
TRN13458,Superfast TRN13458,Superfast
TRN12857,Passenger TRN12857,Passenger
TRN11650,Superfast TRN11650,Superfast
TRN14237,Rajdhani TRN14237,Rajdhani
TRN11887,Passenger TRN11887,Passenger
TRN12393,Passenger TRN12393,Passenger
TRN11710,Passenger TRN11710,Passenger
TRN11505,Passenger TRN11505,Passenger
TRN11613,Express TRN11613,Express
TRN12994,Express TRN12994,Express
TRN11264,Superfast TRN11264,Superfast
TRN13847,Vande Bharat TRN13847,Vande Bharat
TRN12883,Superfast TRN12883,Superfast
TRN13228,Express TRN13228,Express
TRN11554,Passenger TRN11554,Passenger
TRN13192,Superfast TRN13192,Superfast
TRN13784,Passenger TRN13784,Passenger
TRN14838,Express TRN14838,Express
TRN10290,Rajdhani TRN10290,Rajdhani
TRN14350,Superfast TRN14350,Superfast
TRN11452,Passenger TRN11452,Passenger
TRN14679,Passenger TRN14679,Passenger
TRN14325,Superfast TRN14325,Superfast
TRN11358,Express TRN11358,Express
TRN14517,Passenger TRN14517,Passenger
TRN11804,Superfast TRN11804,Superfast
TRN10423,Superfast TRN10423,Superfast
TRN11899,Express TRN11899,Express
TRN13474,Express TRN13474,Express
TRN11575,Express TRN11575,Express
TRN10760,Superfast TRN10760,Superfast
TRN14348,Express TRN14348,Express
TRN12317,Express TRN12317,Express
TRN11533,Express TRN11533,Express
TRN10577,Express TRN10577,Express
TRN13596,Shatabdi TRN13596,Shatabdi
TRN11907,Shatabdi TRN11907,Shatabdi
TRN13141,Rajdhani TRN13141,Rajdhani
TRN11328,Express TRN11328,Express
TRN11814,Rajdhani TRN11814,Rajdhani
TRN12050,Express TRN12050,Express
TRN14748,Passenger TRN14748,Passenger
TRN10837,Shatabdi TRN10837,Shatabdi
TRN13795,Rajdhani TRN13795,Rajdhani
TRN14646,Express TRN14646,Express
TRN12303,Express TRN12303,Express
TRN10187,Superfast TRN10187,Superfast
TRN14639,Rajdhani TRN14639,Rajdhani
TRN10727,Superfast TRN10727,Superfast
TRN11677,Passenger TRN11677,Passenger
TRN11711,Passenger TRN11711,Passenger
TRN11781,Passenger TRN11781,Passenger
TRN14372,Express TRN14372,Express
TRN12667,Express TRN12667,Express
TRN11929,Vande Bharat TRN11929,Vande Bharat
TRN11363,Superfast TRN11363,Superfast
TRN10189,Express TRN10189,Express
TRN10438,Rajdhani TRN10438,Rajdhani
TRN11686,Passenger TRN11686,Passenger
TRN11301,Vande Bharat TRN11301,Vande Bharat
TRN12447,Passenger TRN12447,Passenger
TRN11017,Express TRN11017,Express
TRN12013,Superfast TRN12013,Superfast
TRN13337,Express TRN13337,Express
TRN13248,Superfast TRN13248,Superfast
TRN13911,Passenger TRN13911,Passenger
TRN11628,Passenger TRN11628,Passenger
TRN12532,Superfast TRN12532,Superfast
TRN10523,Passenger TRN10523,Passenger
TRN10984,Rajdhani TRN10984,Rajdhani
TRN10257,Express TRN10257,Express
TRN14369,Superfast TRN14369,Superfast
TRN13619,Passenger TRN13619,Passenger
TRN14670,Passenger TRN14670,Passenger
TRN14762,Passenger TRN14762,Passenger
TRN14967,Express TRN14967,Express
TRN13352,Express TRN13352,Express
TRN11203,Superfast TRN11203,Superfast
TRN11849,Passenger TRN11849,Passenger
TRN13634,Passenger TRN13634,Passenger
TRN13777,Superfast TRN13777,Superfast
TRN14346,Express TRN14346,Express
TRN10753,Superfast TRN10753,Superfast
TRN14484,Express TRN14484,Express
TRN13682,Express TRN13682,Express
TRN13681,Express TRN13681,Express
TRN11702,Express TRN11702,Express
TRN14839,Superfast TRN14839,Superfast
TRN13730,Express TRN13730,Express
TRN10070,Passenger TRN10070,Passenger
TRN12360,Vande Bharat TRN12360,Vande Bharat
TRN11379,Shatabdi TRN11379,Shatabdi
TRN14894,Superfast TRN14894,Superfast
TRN13875,Express TRN13875,Express
TRN12893,Superfast TRN12893,Superfast
TRN11154,Express TRN11154,Express
TRN12727,Express TRN12727,Express
TRN12487,Passenger TRN12487,Passenger
TRN12926,Express TRN12926,Express
TRN11051,Passenger TRN11051,Passenger
TRN13707,Express TRN13707,Express
TRN14492,Passenger TRN14492,Passenger
TRN10630,Superfast TRN10630,Superfast
TRN14173,Passenger TRN14173,Passenger
TRN14518,Rajdhani TRN14518,Rajdhani
TRN10506,Rajdhani TRN10506,Rajdhani
TRN12092,Passenger TRN12092,Passenger
TRN13127,Superfast TRN13127,Superfast
TRN11139,Express TRN11139,Express
TRN11435,Express TRN11435,Express
TRN12368,Passenger TRN12368,Passenger
TRN11592,Passenger TRN11592,Passenger
TRN10836,Passenger TRN10836,Passenger
TRN13793,Passenger TRN13793,Passenger
TRN12970,Express TRN12970,Express
TRN11029,Express TRN11029,Express
TRN11854,Express TRN11854,Express
TRN13022,Express TRN13022,Express
TRN13218,Express TRN13218,Express
TRN10348,Rajdhani TRN10348,Rajdhani
TRN12830,Express TRN12830,Express
TRN12555,Passenger TRN12555,Passenger
TRN11643,Superfast TRN11643,Superfast
TRN14742,Superfast TRN14742,Superfast
TRN10145,Express TRN10145,Express
TRN13430,Express TRN13430,Express
TRN13287,Express TRN13287,Express
TRN13195,Express TRN13195,Express
TRN14704,Vande Bharat TRN14704,Vande Bharat
TRN13409,Superfast TRN13409,Superfast
TRN11304,Superfast TRN11304,Superfast
TRN11818,Express TRN11818,Express
TRN11032,Express TRN11032,Express
TRN12501,Express TRN12501,Express
TRN10599,Superfast TRN10599,Superfast
TRN13567,Passenger TRN13567,Passenger
TRN10643,Express TRN10643,Express
TRN11357,Express TRN11357,Express
TRN10936,Express TRN10936,Express
TRN12994,Vande Bharat TRN12994,Vande Bharat
TRN11126,Express TRN11126,Express
TRN13532,Superfast TRN13532,Superfast
TRN14096,Express TRN14096,Express
TRN11796,Superfast TRN11796,Superfast
TRN11749,Shatabdi TRN11749,Shatabdi
TRN11087,Vande Bharat TRN11087,Vande Bharat
TRN13926,Express TRN13926,Express
TRN13306,Rajdhani TRN13306,Rajdhani
TRN13005,Vande Bharat TRN13005,Vande Bharat
TRN11948,Passenger TRN11948,Passenger
TRN14922,Passenger TRN14922,Passenger
TRN11770,Superfast TRN11770,Superfast
TRN10636,Rajdhani TRN10636,Rajdhani
TRN14130,Passenger TRN14130,Passenger
TRN12533,Passenger TRN12533,Passenger
TRN14692,Express TRN14692,Express
TRN10964,Superfast TRN10964,Superfast
TRN14458,Superfast TRN14458,Superfast
TRN10415,Passenger TRN10415,Passenger
TRN10414,Express TRN10414,Express
TRN10980,Express TRN10980,Express
TRN12496,Passenger TRN12496,Passenger
TRN11817,Express TRN11817,Express
TRN12733,Passenger TRN12733,Passenger
TRN10909,Superfast TRN10909,Superfast
TRN10928,Superfast TRN10928,Superfast
TRN11557,Superfast TRN11557,Superfast
TRN13264,Superfast TRN13264,Superfast
TRN12650,Express TRN12650,Express
TRN12651,Superfast TRN12651,Superfast
TRN10052,Passenger TRN10052,Passenger
TRN14758,Express TRN14758,Express
TRN13429,Passenger TRN13429,Passenger
TRN11888,Vande Bharat TRN11888,Vande Bharat
TRN12200,Passenger TRN12200,Passenger
TRN14411,Superfast TRN14411,Superfast
TRN11664,Superfast TRN11664,Superfast
TRN13194,Superfast TRN13194,Superfast
TRN12509,Superfast TRN12509,Superfast
TRN12737,Superfast TRN12737,Superfast
TRN14638,Vande Bharat TRN14638,Vande Bharat
TRN11480,Passenger TRN11480,Passenger
TRN12048,Passenger TRN12048,Passenger
TRN11472,Express TRN11472,Express
TRN14022,Shatabdi TRN14022,Shatabdi
TRN11954,Express TRN11954,Express
TRN14126,Passenger TRN14126,Passenger
TRN14751,Passenger TRN14751,Passenger
TRN10721,Vande Bharat TRN10721,Vande Bharat
TRN13735,Express TRN13735,Express
TRN12745,Superfast TRN12745,Superfast
TRN11422,Passenger TRN11422,Passenger
TRN13953,Passenger TRN13953,Passenger
TRN12299,Passenger TRN12299,Passenger
TRN12758,Superfast TRN12758,Superfast
TRN12845,Passenger TRN12845,Passenger
TRN13820,Shatabdi TRN13820,Shatabdi
TRN11190,Express TRN11190,Express
TRN13304,Superfast TRN13304,Superfast
TRN10263,Express TRN10263,Express
TRN10699,Passenger TRN10699,Passenger
TRN12754,Express TRN12754,Express
TRN10712,Superfast TRN10712,Superfast
TRN14817,Passenger TRN14817,Passenger
TRN13878,Rajdhani TRN13878,Rajdhani
TRN14636,Express TRN14636,Express
TRN12870,Vande Bharat TRN12870,Vande Bharat
TRN10905,Superfast TRN10905,Superfast
TRN13629,Express TRN13629,Express
TRN10215,Superfast TRN10215,Superfast
TRN11008,Express TRN11008,Express
TRN12856,Passenger TRN12856,Passenger
TRN14625,Express TRN14625,Express
TRN14982,Passenger TRN14982,Passenger
TRN11338,Superfast TRN11338,Superfast
TRN13500,Vande Bharat TRN13500,Vande Bharat
TRN12041,Express TRN12041,Express
TRN13812,Superfast TRN13812,Superfast
TRN11147,Passenger TRN11147,Passenger
TRN12483,Express TRN12483,Express
TRN11402,Vande Bharat TRN11402,Vande Bharat
TRN13975,Superfast TRN13975,Superfast
TRN12430,Express TRN12430,Express
TRN14120,Superfast TRN14120,Superfast
TRN11035,Passenger TRN11035,Passenger
TRN11153,Superfast TRN11153,Superfast
TRN11207,Passenger TRN11207,Passenger
TRN12425,Express TRN12425,Express
TRN12080,Superfast TRN12080,Superfast
TRN10234,Superfast TRN10234,Superfast
TRN13118,Passenger TRN13118,Passenger
TRN13116,Superfast TRN13116,Superfast
TRN11349,Express TRN11349,Express
TRN14044,Superfast TRN14044,Superfast
TRN12376,Rajdhani TRN12376,Rajdhani
TRN11189,Passenger TRN11189,Passenger
TRN10394,Superfast TRN10394,Superfast
TRN10244,Passenger TRN10244,Passenger
TRN10778,Express TRN10778,Express
TRN13936,Superfast TRN13936,Superfast
TRN14187,Passenger TRN14187,Passenger
TRN12545,Rajdhani TRN12545,Rajdhani
TRN10205,Express TRN10205,Express
TRN11572,Superfast TRN11572,Superfast
TRN12876,Vande Bharat TRN12876,Vande Bharat
TRN14773,Passenger TRN14773,Passenger
TRN14936,Passenger TRN14936,Passenger
TRN10934,Express TRN10934,Express
TRN14095,Superfast TRN14095,Superfast
TRN13607,Passenger TRN13607,Passenger
TRN10822,Passenger TRN10822,Passenger
TRN13716,Express TRN13716,Express
TRN10507,Passenger TRN10507,Passenger
TRN10940,Express TRN10940,Express
TRN13584,Superfast TRN13584,Superfast
TRN14685,Passenger TRN14685,Passenger
TRN12446,Superfast TRN12446,Superfast
TRN12985,Superfast TRN12985,Superfast
TRN13556,Vande Bharat TRN13556,Vande Bharat
TRN14265,Express TRN14265,Express
TRN11765,Superfast TRN11765,Superfast
TRN12085,Rajdhani TRN12085,Rajdhani
TRN13642,Express TRN13642,Express
TRN11574,Superfast TRN11574,Superfast
TRN13713,Shatabdi TRN13713,Shatabdi
TRN14886,Express TRN14886,Express
TRN12365,Superfast TRN12365,Superfast
TRN13056,Passenger TRN13056,Passenger
TRN14637,Passenger TRN14637,Passenger
TRN14133,Express TRN14133,Express
TRN14904,Superfast TRN14904,Superfast
TRN10167,Superfast TRN10167,Superfast
TRN13521,Superfast TRN13521,Superfast
TRN13741,Rajdhani TRN13741,Rajdhani
TRN12422,Express TRN12422,Express
TRN13045,Rajdhani TRN13045,Rajdhani
TRN10174,Rajdhani TRN10174,Rajdhani
TRN11814,Superfast TRN11814,Superfast
TRN14197,Passenger TRN14197,Passenger
TRN11179,Shatabdi TRN11179,Shatabdi
TRN10746,Passenger TRN10746,Passenger
TRN13327,Express TRN13327,Express
TRN12180,Express TRN12180,Express
TRN12454,Passenger TRN12454,Passenger
TRN12548,Superfast TRN12548,Superfast
TRN10810,Express TRN10810,Express
TRN11440,Express TRN11440,Express
TRN11266,Vande Bharat TRN11266,Vande Bharat
TRN13614,Express TRN13614,Express
TRN10625,Express TRN10625,Express
TRN11688,Rajdhani TRN11688,Rajdhani
TRN13147,Passenger TRN13147,Passenger
TRN12535,Express TRN12535,Express
TRN14571,Passenger TRN14571,Passenger
TRN11267,Express TRN11267,Express
TRN14464,Passenger TRN14464,Passenger
TRN10312,Superfast TRN10312,Superfast
TRN11955,Superfast TRN11955,Superfast
TRN10830,Express TRN10830,Express
TRN14396,Superfast TRN14396,Superfast
TRN14483,Rajdhani TRN14483,Rajdhani
TRN10523,Express TRN10523,Express
TRN12852,Passenger TRN12852,Passenger
TRN11801,Shatabdi TRN11801,Shatabdi
TRN13763,Express TRN13763,Express
TRN11411,Superfast TRN11411,Superfast
TRN10650,Passenger TRN10650,Passenger
TRN14746,Passenger TRN14746,Passenger
TRN12699,Superfast TRN12699,Superfast
TRN13676,Superfast TRN13676,Superfast
TRN12679,Rajdhani TRN12679,Rajdhani
TRN14332,Passenger TRN14332,Passenger
TRN12047,Rajdhani TRN12047,Rajdhani
TRN14079,Express TRN14079,Express
TRN11865,Superfast TRN11865,Superfast
TRN14533,Superfast TRN14533,Superfast
TRN14798,Express TRN14798,Express
TRN10004,Passenger TRN10004,Passenger
TRN11245,Superfast TRN11245,Superfast
TRN12654,Shatabdi TRN12654,Shatabdi
TRN10633,Superfast TRN10633,Superfast
TRN14384,Passenger TRN14384,Passenger
TRN11801,Express TRN11801,Express
TRN10311,Express TRN10311,Express
TRN12690,Superfast TRN12690,Superfast
TRN14635,Express TRN14635,Express
TRN13299,Passenger TRN13299,Passenger
TRN12566,Superfast TRN12566,Superfast
TRN10649,Passenger TRN10649,Passenger
TRN14925,Passenger TRN14925,Passenger
TRN14007,Passenger TRN14007,Passenger
TRN11763,Superfast TRN11763,Superfast
TRN11648,Passenger TRN11648,Passenger
TRN11342,Passenger TRN11342,Passenger
TRN10134,Express TRN10134,Express
TRN14825,Superfast TRN14825,Superfast
TRN13097,Express TRN13097,Express
TRN11421,Express TRN11421,Express
TRN13037,Shatabdi TRN13037,Shatabdi
TRN13586,Superfast TRN13586,Superfast
TRN14021,Express TRN14021,Express
TRN12233,Passenger TRN12233,Passenger
TRN14877,Passenger TRN14877,Passenger
TRN12699,Express TRN12699,Express
TRN14361,Express TRN14361,Express
TRN13274,Superfast TRN13274,Superfast
TRN10360,Express TRN10360,Express
TRN12842,Passenger TRN12842,Passenger
TRN13205,Express TRN13205,Express
TRN13124,Rajdhani TRN13124,Rajdhani
TRN14596,Vande Bharat TRN14596,Vande Bharat
TRN10766,Passenger TRN10766,Passenger
TRN14815,Express TRN14815,Express
TRN13365,Express TRN13365,Express
TRN11093,Passenger TRN11093,Passenger
TRN13308,Superfast TRN13308,Superfast
TRN12772,Vande Bharat TRN12772,Vande Bharat
TRN14020,Express TRN14020,Express
TRN12737,Passenger TRN12737,Passenger
TRN14598,Passenger TRN14598,Passenger
TRN11660,Superfast TRN11660,Superfast
TRN12184,Express TRN12184,Express
TRN13483,Express TRN13483,Express
TRN10125,Express TRN10125,Express
TRN12761,Rajdhani TRN12761,Rajdhani
TRN10228,Superfast TRN10228,Superfast
TRN10779,Superfast TRN10779,Superfast
TRN12597,Vande Bharat TRN12597,Vande Bharat
TRN12015,Passenger TRN12015,Passenger
TRN10344,Rajdhani TRN10344,Rajdhani
TRN11226,Express TRN11226,Express
TRN11517,Passenger TRN11517,Passenger
TRN10141,Superfast TRN10141,Superfast
TRN10629,Passenger TRN10629,Passenger
TRN10505,Express TRN10505,Express
TRN13442,Superfast TRN13442,Superfast
TRN12809,Express TRN12809,Express
TRN12836,Express TRN12836,Express
TRN13229,Passenger TRN13229,Passenger
TRN14663,Passenger TRN14663,Passenger
TRN13659,Express TRN13659,Express
TRN14906,Superfast TRN14906,Superfast
TRN12113,Express TRN12113,Express
TRN11126,Rajdhani TRN11126,Rajdhani
TRN13930,Rajdhani TRN13930,Rajdhani
TRN11039,Passenger TRN11039,Passenger
TRN12350,Vande Bharat TRN12350,Vande Bharat
TRN14199,Passenger TRN14199,Passenger
TRN13860,Express TRN13860,Express
TRN12746,Express TRN12746,Express
TRN13952,Superfast TRN13952,Superfast
TRN12044,Express TRN12044,Express
TRN14356,Express TRN14356,Express
TRN11468,Passenger TRN11468,Passenger
TRN11456,Passenger TRN11456,Passenger
TRN13306,Express TRN13306,Express
TRN13376,Express TRN13376,Express
TRN12250,Express TRN12250,Express
TRN10737,Superfast TRN10737,Superfast
TRN10264,Superfast TRN10264,Superfast
TRN13900,Express TRN13900,Express
TRN13460,Superfast TRN13460,Superfast
TRN14724,Express TRN14724,Express
TRN10525,Superfast TRN10525,Superfast
TRN12381,Passenger TRN12381,Passenger
TRN12680,Passenger TRN12680,Passenger
TRN12737,Express TRN12737,Express
TRN14084,Express TRN14084,Express
TRN13466,Express TRN13466,Express
TRN13568,Passenger TRN13568,Passenger
TRN13453,Express TRN13453,Express
TRN12087,Passenger TRN12087,Passenger
TRN12721,Express TRN12721,Express
TRN11811,Rajdhani TRN11811,Rajdhani
TRN12194,Express TRN12194,Express
TRN14426,Vande Bharat TRN14426,Vande Bharat
TRN10269,Rajdhani TRN10269,Rajdhani
TRN11142,Passenger TRN11142,Passenger
TRN10365,Rajdhani TRN10365,Rajdhani
TRN14549,Shatabdi TRN14549,Shatabdi
TRN13743,Superfast TRN13743,Superfast
TRN12655,Express TRN12655,Express
TRN12725,Express TRN12725,Express
TRN12252,Passenger TRN12252,Passenger
TRN13599,Superfast TRN13599,Superfast
TRN14803,Passenger TRN14803,Passenger
TRN13379,Vande Bharat TRN13379,Vande Bharat
TRN14662,Superfast TRN14662,Superfast
TRN12301,Superfast TRN12301,Superfast
TRN10498,Express TRN10498,Express
TRN11345,Express TRN11345,Express
TRN14542,Express TRN14542,Express
TRN14436,Shatabdi TRN14436,Shatabdi
TRN11802,Passenger TRN11802,Passenger
TRN13621,Superfast TRN13621,Superfast
TRN11419,Express TRN11419,Express
TRN10687,Express TRN10687,Express
TRN10924,Superfast TRN10924,Superfast
TRN14371,Superfast TRN14371,Superfast
TRN13631,Shatabdi TRN13631,Shatabdi
TRN13265,Superfast TRN13265,Superfast
TRN10246,Passenger TRN10246,Passenger
TRN12996,Rajdhani TRN12996,Rajdhani
TRN11293,Superfast TRN11293,Superfast
TRN14223,Express TRN14223,Express
TRN12308,Express TRN12308,Express
TRN11082,Vande Bharat TRN11082,Vande Bharat
TRN12038,Express TRN12038,Express
TRN10345,Rajdhani TRN10345,Rajdhani
TRN13944,Vande Bharat TRN13944,Vande Bharat
TRN10427,Passenger TRN10427,Passenger
TRN10929,Express TRN10929,Express
TRN12225,Superfast TRN12225,Superfast
TRN13598,Superfast TRN13598,Superfast
TRN11686,Superfast TRN11686,Superfast
TRN10311,Vande Bharat TRN10311,Vande Bharat
TRN14643,Vande Bharat TRN14643,Vande Bharat
TRN13265,Express TRN13265,Express
TRN13367,Shatabdi TRN13367,Shatabdi
TRN14694,Superfast TRN14694,Superfast
TRN11791,Rajdhani TRN11791,Rajdhani
TRN11851,Express TRN11851,Express
TRN10744,Vande Bharat TRN10744,Vande Bharat
TRN11135,Vande Bharat TRN11135,Vande Bharat
TRN11837,Rajdhani TRN11837,Rajdhani
TRN14766,Passenger TRN14766,Passenger
TRN14036,Express TRN14036,Express
TRN10612,Express TRN10612,Express
TRN14243,Express TRN14243,Express
TRN11924,Rajdhani TRN11924,Rajdhani
TRN13704,Superfast TRN13704,Superfast
TRN14907,Express TRN14907,Express
TRN12393,Express TRN12393,Express
TRN14120,Express TRN14120,Express
TRN14485,Express TRN14485,Express
TRN10851,Shatabdi TRN10851,Shatabdi
TRN13941,Express TRN13941,Express
TRN11886,Passenger TRN11886,Passenger
TRN14194,Passenger TRN14194,Passenger
TRN14593,Express TRN14593,Express
TRN10229,Superfast TRN10229,Superfast
TRN13248,Express TRN13248,Express
TRN12111,Express TRN12111,Express
TRN10709,Superfast TRN10709,Superfast
TRN12298,Superfast TRN12298,Superfast
TRN11964,Express TRN11964,Express
TRN14675,Express TRN14675,Express
TRN11281,Passenger TRN11281,Passenger
TRN12573,Superfast TRN12573,Superfast
TRN10580,Superfast TRN10580,Superfast
TRN11911,Express TRN11911,Express
TRN11836,Express TRN11836,Express
TRN13082,Express TRN13082,Express
TRN12250,Superfast TRN12250,Superfast
TRN12612,Superfast TRN12612,Superfast
TRN10824,Express TRN10824,Express
TRN10890,Rajdhani TRN10890,Rajdhani
TRN11167,Shatabdi TRN11167,Shatabdi
TRN14941,Vande Bharat TRN14941,Vande Bharat
TRN14955,Express TRN14955,Express
TRN13976,Express TRN13976,Express
TRN12734,Superfast TRN12734,Superfast
TRN10336,Superfast TRN10336,Superfast
TRN11943,Passenger TRN11943,Passenger
TRN14479,Superfast TRN14479,Superfast
TRN14020,Passenger TRN14020,Passenger
TRN10167,Passenger TRN10167,Passenger
TRN12681,Express TRN12681,Express
TRN12251,Shatabdi TRN12251,Shatabdi
TRN10611,Express TRN10611,Express
TRN13070,Superfast TRN13070,Superfast
TRN13161,Express TRN13161,Express
TRN11843,Express TRN11843,Express
TRN10570,Superfast TRN10570,Superfast
TRN11640,Express TRN11640,Express
TRN11019,Passenger TRN11019,Passenger
TRN13145,Express TRN13145,Express
TRN10940,Passenger TRN10940,Passenger
TRN13178,Rajdhani TRN13178,Rajdhani
TRN14873,Express TRN14873,Express
TRN14561,Express TRN14561,Express
TRN11235,Rajdhani TRN11235,Rajdhani
TRN13605,Vande Bharat TRN13605,Vande Bharat
TRN14555,Vande Bharat TRN14555,Vande Bharat
TRN11784,Superfast TRN11784,Superfast
TRN11626,Superfast TRN11626,Superfast
TRN10474,Express TRN10474,Express
TRN13288,Superfast TRN13288,Superfast
TRN12701,Passenger TRN12701,Passenger
TRN10459,Superfast TRN10459,Superfast
TRN10481,Express TRN10481,Express
TRN12983,Passenger TRN12983,Passenger
TRN12481,Superfast TRN12481,Superfast
TRN11635,Rajdhani TRN11635,Rajdhani
TRN11391,Shatabdi TRN11391,Shatabdi
TRN13900,Superfast TRN13900,Superfast
TRN11225,Superfast TRN11225,Superfast
TRN12166,Superfast TRN12166,Superfast
TRN12314,Express TRN12314,Express
TRN14895,Shatabdi TRN14895,Shatabdi
TRN11868,Passenger TRN11868,Passenger
TRN14598,Express TRN14598,Express
TRN10900,Superfast TRN10900,Superfast
TRN13176,Vande Bharat TRN13176,Vande Bharat
TRN14643,Passenger TRN14643,Passenger
TRN10236,Express TRN10236,Express
TRN14929,Passenger TRN14929,Passenger
TRN14693,Passenger TRN14693,Passenger
TRN14916,Express TRN14916,Express
TRN10991,Express TRN10991,Express
TRN11495,Superfast TRN11495,Superfast
TRN13501,Passenger TRN13501,Passenger
TRN10110,Passenger TRN10110,Passenger
TRN10809,Superfast TRN10809,Superfast
TRN10841,Superfast TRN10841,Superfast
TRN12800,Express TRN12800,Express
TRN13038,Rajdhani TRN13038,Rajdhani
TRN13142,Express TRN13142,Express
TRN12567,Superfast TRN12567,Superfast
TRN11354,Passenger TRN11354,Passenger
TRN11064,Express TRN11064,Express
TRN13727,Express TRN13727,Express
TRN12289,Passenger TRN12289,Passenger
TRN10248,Passenger TRN10248,Passenger
TRN12920,Shatabdi TRN12920,Shatabdi
TRN10418,Superfast TRN10418,Superfast
TRN14157,Express TRN14157,Express
TRN13689,Express TRN13689,Express
TRN12794,Superfast TRN12794,Superfast
TRN11056,Express TRN11056,Express
TRN13169,Express TRN13169,Express
TRN11094,Rajdhani TRN11094,Rajdhani
TRN11555,Rajdhani TRN11555,Rajdhani
TRN13861,Express TRN13861,Express
TRN10162,Express TRN10162,Express
TRN14323,Passenger TRN14323,Passenger
TRN13744,Superfast TRN13744,Superfast
TRN14751,Superfast TRN14751,Superfast
TRN13550,Rajdhani TRN13550,Rajdhani
TRN14461,Shatabdi TRN14461,Shatabdi
TRN12793,Rajdhani TRN12793,Rajdhani
TRN11358,Passenger TRN11358,Passenger
TRN13594,Rajdhani TRN13594,Rajdhani
TRN13235,Passenger TRN13235,Passenger
TRN11722,Express TRN11722,Express
TRN10484,Superfast TRN10484,Superfast
TRN13443,Express TRN13443,Express
TRN14015,Superfast TRN14015,Superfast
TRN13280,Passenger TRN13280,Passenger
TRN14581,Express TRN14581,Express
TRN14300,Superfast TRN14300,Superfast
TRN13588,Superfast TRN13588,Superfast
TRN13126,Shatabdi TRN13126,Shatabdi
TRN13130,Express TRN13130,Express
TRN14844,Passenger TRN14844,Passenger
TRN14302,Rajdhani TRN14302,Rajdhani
TRN13244,Express TRN13244,Express
TRN14452,Passenger TRN14452,Passenger
TRN14931,Rajdhani TRN14931,Rajdhani
TRN11248,Passenger TRN11248,Passenger
TRN13058,Express TRN13058,Express
TRN14255,Express TRN14255,Express
TRN14880,Rajdhani TRN14880,Rajdhani
TRN14343,Superfast TRN14343,Superfast
TRN14654,Superfast TRN14654,Superfast
TRN11654,Express TRN11654,Express
TRN12177,Express TRN12177,Express
TRN10694,Rajdhani TRN10694,Rajdhani
TRN11826,Superfast TRN11826,Superfast
TRN13751,Passenger TRN13751,Passenger
TRN10126,Passenger TRN10126,Passenger
TRN13682,Passenger TRN13682,Passenger
TRN12770,Vande Bharat TRN12770,Vande Bharat
TRN14802,Express TRN14802,Express
TRN11097,Passenger TRN11097,Passenger
TRN13080,Rajdhani TRN13080,Rajdhani
TRN13127,Express TRN13127,Express
TRN10868,Express TRN10868,Express
TRN11885,Express TRN11885,Express
TRN14078,Express TRN14078,Express
TRN14588,Shatabdi TRN14588,Shatabdi
TRN14023,Rajdhani TRN14023,Rajdhani
TRN11797,Express TRN11797,Express
TRN12423,Express TRN12423,Express
TRN12426,Shatabdi TRN12426,Shatabdi
TRN12488,Express TRN12488,Express
TRN14051,Passenger TRN14051,Passenger
TRN14050,Express TRN14050,Express
TRN14018,Express TRN14018,Express
TRN10568,Express TRN10568,Express
TRN11878,Superfast TRN11878,Superfast
TRN13385,Passenger TRN13385,Passenger
TRN10170,Express TRN10170,Express
TRN11865,Passenger TRN11865,Passenger
TRN10550,Passenger TRN10550,Passenger
TRN13923,Rajdhani TRN13923,Rajdhani
TRN12570,Superfast TRN12570,Superfast
TRN13606,Shatabdi TRN13606,Shatabdi
TRN12750,Passenger TRN12750,Passenger
TRN11429,Express TRN11429,Express
TRN12729,Passenger TRN12729,Passenger
TRN11671,Passenger TRN11671,Passenger
TRN12751,Passenger TRN12751,Passenger
TRN13652,Express TRN13652,Express
TRN13191,Shatabdi TRN13191,Shatabdi
TRN13445,Vande Bharat TRN13445,Vande Bharat
TRN10678,Express TRN10678,Express
TRN11755,Express TRN11755,Express
TRN12191,Superfast TRN12191,Superfast
TRN12755,Superfast TRN12755,Superfast
TRN11088,Superfast TRN11088,Superfast
TRN12656,Superfast TRN12656,Superfast
TRN13079,Express TRN13079,Express
TRN13716,Rajdhani TRN13716,Rajdhani
TRN14677,Passenger TRN14677,Passenger
TRN10080,Express TRN10080,Express
TRN10016,Superfast TRN10016,Superfast
TRN10743,Passenger TRN10743,Passenger
TRN13090,Express TRN13090,Express
TRN11579,Vande Bharat TRN11579,Vande Bharat
TRN13628,Superfast TRN13628,Superfast
TRN10259,Superfast TRN10259,Superfast
TRN13010,Superfast TRN13010,Superfast
TRN12985,Express TRN12985,Express
TRN14341,Express TRN14341,Express
TRN13467,Express TRN13467,Express
TRN14884,Express TRN14884,Express
TRN12795,Express TRN12795,Express
TRN14208,Passenger TRN14208,Passenger
TRN10543,Superfast TRN10543,Superfast
TRN12112,Express TRN12112,Express
TRN12043,Express TRN12043,Express
TRN14799,Superfast TRN14799,Superfast
TRN10660,Superfast TRN10660,Superfast
TRN11271,Passenger TRN11271,Passenger
TRN11644,Rajdhani TRN11644,Rajdhani
TRN14695,Superfast TRN14695,Superfast
TRN11469,Passenger TRN11469,Passenger
TRN13943,Express TRN13943,Express
TRN10902,Passenger TRN10902,Passenger
TRN10691,Superfast TRN10691,Superfast
TRN12516,Passenger TRN12516,Passenger
TRN11905,Passenger TRN11905,Passenger
TRN11208,Passenger TRN11208,Passenger
TRN14041,Rajdhani TRN14041,Rajdhani
TRN10374,Superfast TRN10374,Superfast
TRN10085,Express TRN10085,Express
TRN12213,Express TRN12213,Express
TRN11152,Rajdhani TRN11152,Rajdhani
TRN12112,Rajdhani TRN12112,Rajdhani
TRN13267,Express TRN13267,Express
TRN12683,Express TRN12683,Express
TRN13808,Express TRN13808,Express
TRN12198,Express TRN12198,Express
TRN14850,Passenger TRN14850,Passenger
TRN13499,Passenger TRN13499,Passenger
TRN13152,Rajdhani TRN13152,Rajdhani
TRN14004,Rajdhani TRN14004,Rajdhani
TRN12372,Passenger TRN12372,Passenger
TRN14084,Vande Bharat TRN14084,Vande Bharat
TRN12266,Express TRN12266,Express
TRN11141,Passenger TRN11141,Passenger
TRN13175,Vande Bharat TRN13175,Vande Bharat
TRN13989,Rajdhani TRN13989,Rajdhani
TRN13384,Express TRN13384,Express
TRN12515,Superfast TRN12515,Superfast
TRN13683,Passenger TRN13683,Passenger
TRN10876,Express TRN10876,Express
TRN13155,Superfast TRN13155,Superfast
TRN14059,Express TRN14059,Express
TRN12413,Vande Bharat TRN12413,Vande Bharat
TRN14112,Express TRN14112,Express
TRN14176,Passenger TRN14176,Passenger
TRN12290,Express TRN12290,Express
TRN10795,Express TRN10795,Express
TRN12802,Superfast TRN12802,Superfast
TRN10683,Superfast TRN10683,Superfast
TRN14683,Passenger TRN14683,Passenger
TRN12573,Express TRN12573,Express
TRN13629,Superfast TRN13629,Superfast
TRN12987,Express TRN12987,Express
TRN10037,Superfast TRN10037,Superfast
TRN14980,Passenger TRN14980,Passenger
TRN11194,Express TRN11194,Express
TRN10303,Express TRN10303,Express
TRN10818,Passenger TRN10818,Passenger
TRN11703,Superfast TRN11703,Superfast
TRN11561,Superfast TRN11561,Superfast
TRN10919,Express TRN10919,Express
TRN12775,Passenger TRN12775,Passenger
TRN14898,Superfast TRN14898,Superfast
TRN13095,Shatabdi TRN13095,Shatabdi
TRN12986,Express TRN12986,Express
TRN11603,Express TRN11603,Express
TRN10941,Express TRN10941,Express
TRN11937,Passenger TRN11937,Passenger
TRN12274,Superfast TRN12274,Superfast
TRN10528,Express TRN10528,Express
TRN11153,Express TRN11153,Express
TRN11758,Superfast TRN11758,Superfast
TRN12908,Vande Bharat TRN12908,Vande Bharat
TRN11246,Passenger TRN11246,Passenger
TRN14681,Passenger TRN14681,Passenger
TRN14368,Superfast TRN14368,Superfast
TRN14713,Rajdhani TRN14713,Rajdhani
TRN11583,Express TRN11583,Express
TRN14480,Superfast TRN14480,Superfast
TRN10948,Express TRN10948,Express
TRN11127,Express TRN11127,Express
TRN14140,Superfast TRN14140,Superfast
TRN11481,Express TRN11481,Express
TRN13201,Rajdhani TRN13201,Rajdhani
TRN12363,Passenger TRN12363,Passenger
TRN14080,Superfast TRN14080,Superfast
TRN11082,Passenger TRN11082,Passenger
TRN14763,Passenger TRN14763,Passenger
TRN13875,Superfast TRN13875,Superfast
TRN14181,Passenger TRN14181,Passenger
TRN11958,Express TRN11958,Express
TRN12487,Superfast TRN12487,Superfast
TRN14139,Superfast TRN14139,Superfast
TRN13133,Superfast TRN13133,Superfast
TRN10986,Superfast TRN10986,Superfast
TRN11066,Superfast TRN11066,Superfast
TRN10985,Shatabdi TRN10985,Shatabdi
TRN13145,Passenger TRN13145,Passenger
TRN14600,Passenger TRN14600,Passenger
TRN14014,Passenger TRN14014,Passenger
TRN12124,Express TRN12124,Express
TRN13471,Superfast TRN13471,Superfast
TRN10478,Superfast TRN10478,Superfast
TRN13049,Express TRN13049,Express
TRN11516,Passenger TRN11516,Passenger
TRN11106,Passenger TRN11106,Passenger
TRN11879,Express TRN11879,Express
TRN13170,Express TRN13170,Express
TRN13322,Express TRN13322,Express
TRN14692,Passenger TRN14692,Passenger
TRN14520,Express TRN14520,Express
TRN14463,Express TRN14463,Express
TRN11878,Vande Bharat TRN11878,Vande Bharat
TRN11691,Superfast TRN11691,Superfast
TRN11259,Express TRN11259,Express
TRN13219,Rajdhani TRN13219,Rajdhani
TRN11151,Express TRN11151,Express
TRN14601,Express TRN14601,Express
TRN14076,Superfast TRN14076,Superfast
TRN14071,Passenger TRN14071,Passenger
TRN12504,Vande Bharat TRN12504,Vande Bharat
TRN10840,Superfast TRN10840,Superfast
TRN14530,Passenger TRN14530,Passenger
TRN10460,Passenger TRN10460,Passenger
TRN11237,Express TRN11237,Express
TRN13105,Express TRN13105,Express
TRN10669,Express TRN10669,Express
TRN14768,Superfast TRN14768,Superfast
TRN12032,Passenger TRN12032,Passenger
TRN14238,Express TRN14238,Express
TRN13010,Express TRN13010,Express
TRN10912,Superfast TRN10912,Superfast
TRN10479,Express TRN10479,Express
TRN13215,Superfast TRN13215,Superfast
TRN10778,Passenger TRN10778,Passenger
TRN13724,Express TRN13724,Express
TRN12256,Vande Bharat TRN12256,Vande Bharat
TRN11424,Shatabdi TRN11424,Shatabdi
TRN13125,Vande Bharat TRN13125,Vande Bharat
TRN13759,Passenger TRN13759,Passenger
TRN11755,Passenger TRN11755,Passenger
TRN13518,Superfast TRN13518,Superfast
TRN13305,Express TRN13305,Express
TRN13673,Superfast TRN13673,Superfast
TRN13396,Superfast TRN13396,Superfast
TRN10345,Express TRN10345,Express
TRN10352,Superfast TRN10352,Superfast
TRN12315,Passenger TRN12315,Passenger
TRN12998,Vande Bharat TRN12998,Vande Bharat
TRN14031,Vande Bharat TRN14031,Vande Bharat
TRN10619,Passenger TRN10619,Passenger
TRN11950,Express TRN11950,Express
TRN13393,Express TRN13393,Express
TRN11766,Passenger TRN11766,Passenger
TRN13597,Superfast TRN13597,Superfast
TRN13769,Express TRN13769,Express
TRN10819,Express TRN10819,Express
TRN13574,Vande Bharat TRN13574,Vande Bharat
TRN14852,Express TRN14852,Express
TRN11900,Express TRN11900,Express
TRN14309,Express TRN14309,Express
TRN12961,Vande Bharat TRN12961,Vande Bharat
TRN11692,Express TRN11692,Express
TRN10258,Passenger TRN10258,Passenger
TRN14163,Express TRN14163,Express
TRN12003,Superfast TRN12003,Superfast
TRN11306,Express TRN11306,Express
TRN12347,Express TRN12347,Express
TRN14868,Express TRN14868,Express
TRN11425,Superfast TRN11425,Superfast
TRN10468,Express TRN10468,Express
TRN13229,Superfast TRN13229,Superfast
TRN12224,Superfast TRN12224,Superfast
TRN11187,Superfast TRN11187,Superfast
TRN10633,Shatabdi TRN10633,Shatabdi
TRN13830,Express TRN13830,Express
TRN11554,Superfast TRN11554,Superfast
TRN11283,Express TRN11283,Express
TRN13401,Express TRN13401,Express
TRN14139,Express TRN14139,Express
TRN12694,Rajdhani TRN12694,Rajdhani
TRN11310,Express TRN11310,Express
TRN14404,Superfast TRN14404,Superfast
TRN14653,Superfast TRN14653,Superfast
TRN13111,Superfast TRN13111,Superfast
TRN13437,Superfast TRN13437,Superfast
TRN10870,Shatabdi TRN10870,Shatabdi
TRN10240,Passenger TRN10240,Passenger
TRN13554,Express TRN13554,Express
TRN11707,Passenger TRN11707,Passenger
TRN12394,Superfast TRN12394,Superfast
TRN10166,Superfast TRN10166,Superfast
TRN14699,Superfast TRN14699,Superfast
TRN14808,Superfast TRN14808,Superfast
TRN13126,Passenger TRN13126,Passenger
TRN14515,Superfast TRN14515,Superfast
TRN12410,Superfast TRN12410,Superfast
TRN10084,Express TRN10084,Express
TRN11630,Express TRN11630,Express
TRN11991,Express TRN11991,Express
TRN12482,Passenger TRN12482,Passenger
TRN12309,Passenger TRN12309,Passenger
TRN10271,Express TRN10271,Express
TRN11313,Passenger TRN11313,Passenger
TRN11699,Rajdhani TRN11699,Rajdhani
TRN13971,Superfast TRN13971,Superfast
TRN13748,Vande Bharat TRN13748,Vande Bharat
TRN10205,Superfast TRN10205,Superfast
TRN13940,Express TRN13940,Express
TRN13078,Express TRN13078,Express
TRN14750,Express TRN14750,Express
TRN14843,Passenger TRN14843,Passenger
TRN14369,Express TRN14369,Express
TRN13528,Superfast TRN13528,Superfast
TRN10509,Superfast TRN10509,Superfast
TRN13494,Superfast TRN13494,Superfast
TRN11231,Superfast TRN11231,Superfast
TRN13508,Superfast TRN13508,Superfast
TRN10286,Express TRN10286,Express
TRN11053,Express TRN11053,Express
TRN14618,Vande Bharat TRN14618,Vande Bharat
TRN14570,Vande Bharat TRN14570,Vande Bharat
TRN10378,Superfast TRN10378,Superfast
TRN12013,Passenger TRN12013,Passenger
TRN11135,Superfast TRN11135,Superfast
TRN13337,Passenger TRN13337,Passenger
TRN14636,Shatabdi TRN14636,Shatabdi
TRN14938,Express TRN14938,Express
TRN12293,Vande Bharat TRN12293,Vande Bharat
TRN11216,Rajdhani TRN11216,Rajdhani
TRN13280,Vande Bharat TRN13280,Vande Bharat
TRN11332,Express TRN11332,Express
TRN10262,Express TRN10262,Express
TRN11588,Express TRN11588,Express
TRN10358,Superfast TRN10358,Superfast
TRN13254,Passenger TRN13254,Passenger
TRN10698,Express TRN10698,Express
TRN14494,Shatabdi TRN14494,Shatabdi
TRN11443,Express TRN11443,Express
TRN14482,Superfast TRN14482,Superfast
TRN13984,Passenger TRN13984,Passenger
TRN12597,Passenger TRN12597,Passenger
TRN13044,Passenger TRN13044,Passenger
TRN12070,Express TRN12070,Express
TRN11512,Superfast TRN11512,Superfast
TRN14234,Passenger TRN14234,Passenger
TRN12577,Superfast TRN12577,Superfast
TRN11521,Rajdhani TRN11521,Rajdhani
TRN12977,Superfast TRN12977,Superfast
TRN13438,Superfast TRN13438,Superfast
TRN13225,Passenger TRN13225,Passenger
TRN11359,Superfast TRN11359,Superfast
TRN13599,Express TRN13599,Express
TRN10369,Superfast TRN10369,Superfast
TRN14125,Superfast TRN14125,Superfast
TRN11353,Passenger TRN11353,Passenger
TRN12073,Superfast TRN12073,Superfast
TRN10891,Express TRN10891,Express
TRN12681,Superfast TRN12681,Superfast
TRN14739,Express TRN14739,Express
TRN14458,Passenger TRN14458,Passenger
TRN11697,Superfast TRN11697,Superfast
TRN14995,Superfast TRN14995,Superfast
TRN13049,Passenger TRN13049,Passenger
TRN11301,Superfast TRN11301,Superfast
TRN11099,Passenger TRN11099,Passenger
TRN12906,Superfast TRN12906,Superfast
TRN11189,Superfast TRN11189,Superfast
TRN11048,Express TRN11048,Express
TRN14086,Passenger TRN14086,Passenger
TRN11787,Superfast TRN11787,Superfast
TRN13310,Passenger TRN13310,Passenger
TRN10636,Express TRN10636,Express
TRN14526,Shatabdi TRN14526,Shatabdi
TRN14206,Superfast TRN14206,Superfast
TRN11137,Express TRN11137,Express
TRN10910,Superfast TRN10910,Superfast
TRN12126,Express TRN12126,Express
TRN11945,Express TRN11945,Express
TRN13696,Passenger TRN13696,Passenger
TRN11563,Vande Bharat TRN11563,Vande Bharat
TRN13291,Superfast TRN13291,Superfast
TRN11286,Shatabdi TRN11286,Shatabdi
TRN11343,Express TRN11343,Express
TRN11036,Express TRN11036,Express
TRN14894,Shatabdi TRN14894,Shatabdi
TRN10386,Express TRN10386,Express
TRN12140,Passenger TRN12140,Passenger
TRN10703,Superfast TRN10703,Superfast
TRN11305,Express TRN11305,Express
TRN13674,Vande Bharat TRN13674,Vande Bharat
TRN12209,Superfast TRN12209,Superfast
TRN14016,Superfast TRN14016,Superfast
TRN10586,Express TRN10586,Express
TRN10757,Vande Bharat TRN10757,Vande Bharat
TRN13511,Express TRN13511,Express
TRN12057,Superfast TRN12057,Superfast
TRN10901,Express TRN10901,Express
TRN14971,Express TRN14971,Express
TRN11999,Vande Bharat TRN11999,Vande Bharat
TRN10605,Vande Bharat TRN10605,Vande Bharat
TRN13072,Superfast TRN13072,Superfast
TRN10637,Express TRN10637,Express
TRN10120,Express TRN10120,Express
TRN10990,Express TRN10990,Express
TRN14017,Passenger TRN14017,Passenger
TRN13878,Passenger TRN13878,Passenger
TRN10347,Superfast TRN10347,Superfast
TRN13651,Rajdhani TRN13651,Rajdhani
TRN14910,Vande Bharat TRN14910,Vande Bharat
TRN10259,Express TRN10259,Express
TRN11105,Superfast TRN11105,Superfast
TRN11524,Passenger TRN11524,Passenger
TRN13594,Superfast TRN13594,Superfast
TRN11257,Passenger TRN11257,Passenger
TRN14706,Express TRN14706,Express
TRN13732,Shatabdi TRN13732,Shatabdi
TRN14204,Passenger TRN14204,Passenger
TRN11034,Express TRN11034,Express
TRN12342,Rajdhani TRN12342,Rajdhani
TRN10417,Express TRN10417,Express
TRN11300,Passenger TRN11300,Passenger
TRN12757,Rajdhani TRN12757,Rajdhani
TRN11449,Passenger TRN11449,Passenger
TRN10177,Superfast TRN10177,Superfast
TRN11909,Vande Bharat TRN11909,Vande Bharat
TRN14410,Shatabdi TRN14410,Shatabdi
TRN14556,Express TRN14556,Express
TRN12572,Superfast TRN12572,Superfast
TRN14913,Vande Bharat TRN14913,Vande Bharat
TRN10297,Express TRN10297,Express
TRN14660,Rajdhani TRN14660,Rajdhani
TRN11083,Rajdhani TRN11083,Rajdhani
TRN10996,Express TRN10996,Express
TRN13684,Express TRN13684,Express
TRN10846,Shatabdi TRN10846,Shatabdi
TRN12575,Superfast TRN12575,Superfast
TRN13363,Passenger TRN13363,Passenger
TRN10700,Express TRN10700,Express
TRN10299,Passenger TRN10299,Passenger
TRN14721,Superfast TRN14721,Superfast
TRN12660,Superfast TRN12660,Superfast
TRN11513,Passenger TRN11513,Passenger
TRN11328,Shatabdi TRN11328,Shatabdi
TRN11697,Express TRN11697,Express
TRN12433,Express TRN12433,Express
TRN13777,Express TRN13777,Express
TRN13756,Rajdhani TRN13756,Rajdhani
TRN12871,Rajdhani TRN12871,Rajdhani
TRN13227,Rajdhani TRN13227,Rajdhani
TRN13679,Passenger TRN13679,Passenger
TRN13114,Superfast TRN13114,Superfast
TRN11072,Superfast TRN11072,Superfast
TRN12933,Express TRN12933,Express
TRN13626,Express TRN13626,Express
TRN12425,Superfast TRN12425,Superfast
TRN11072,Vande Bharat TRN11072,Vande Bharat
TRN10109,Passenger TRN10109,Passenger
TRN10931,Superfast TRN10931,Superfast
TRN13883,Express TRN13883,Express
TRN13622,Shatabdi TRN13622,Shatabdi
TRN10172,Express TRN10172,Express
TRN12385,Passenger TRN12385,Passenger
TRN14246,Passenger TRN14246,Passenger
TRN12262,Express TRN12262,Express
TRN13258,Superfast TRN13258,Superfast
TRN11330,Superfast TRN11330,Superfast
TRN13547,Express TRN13547,Express
TRN12905,Rajdhani TRN12905,Rajdhani
TRN12399,Express TRN12399,Express
TRN12595,Passenger TRN12595,Passenger
TRN13658,Passenger TRN13658,Passenger
TRN13788,Rajdhani TRN13788,Rajdhani
TRN13262,Superfast TRN13262,Superfast
TRN12464,Superfast TRN12464,Superfast
TRN14460,Rajdhani TRN14460,Rajdhani
TRN10588,Rajdhani TRN10588,Rajdhani
TRN12762,Express TRN12762,Express
TRN12183,Express TRN12183,Express
TRN12272,Passenger TRN12272,Passenger
TRN10414,Superfast TRN10414,Superfast
TRN11806,Passenger TRN11806,Passenger
TRN11840,Passenger TRN11840,Passenger
TRN13214,Vande Bharat TRN13214,Vande Bharat
TRN12509,Rajdhani TRN12509,Rajdhani
TRN14087,Vande Bharat TRN14087,Vande Bharat
TRN14264,Vande Bharat TRN14264,Vande Bharat
TRN12820,Express TRN12820,Express
TRN11544,Express TRN11544,Express
TRN11934,Shatabdi TRN11934,Shatabdi
TRN10958,Superfast TRN10958,Superfast
TRN11288,Vande Bharat TRN11288,Vande Bharat
TRN14593,Rajdhani TRN14593,Rajdhani
TRN10833,Passenger TRN10833,Passenger
TRN11397,Shatabdi TRN11397,Shatabdi
TRN12504,Superfast TRN12504,Superfast
TRN14577,Express TRN14577,Express
TRN10113,Superfast TRN10113,Superfast
TRN10148,Rajdhani TRN10148,Rajdhani
TRN13086,Shatabdi TRN13086,Shatabdi
TRN13879,Passenger TRN13879,Passenger
TRN12539,Passenger TRN12539,Passenger
TRN12629,Express TRN12629,Express
TRN14450,Superfast TRN14450,Superfast
TRN11626,Express TRN11626,Express
TRN11934,Superfast TRN11934,Superfast
TRN14969,Superfast TRN14969,Superfast
TRN14296,Express TRN14296,Express
TRN14109,Passenger TRN14109,Passenger
TRN14049,Superfast TRN14049,Superfast
TRN12531,Express TRN12531,Express
TRN14983,Express TRN14983,Express
TRN13536,Passenger TRN13536,Passenger
TRN14452,Vande Bharat TRN14452,Vande Bharat
TRN12285,Superfast TRN12285,Superfast
TRN10502,Superfast TRN10502,Superfast
TRN11277,Superfast TRN11277,Superfast
TRN11016,Passenger TRN11016,Passenger
TRN14661,Superfast TRN14661,Superfast
TRN12159,Passenger TRN12159,Passenger
TRN13268,Passenger TRN13268,Passenger
TRN12105,Passenger TRN12105,Passenger
TRN10574,Express TRN10574,Express
TRN10756,Rajdhani TRN10756,Rajdhani
TRN10926,Rajdhani TRN10926,Rajdhani
TRN11298,Rajdhani TRN11298,Rajdhani
TRN11226,Passenger TRN11226,Passenger
TRN10966,Vande Bharat TRN10966,Vande Bharat
TRN13951,Passenger TRN13951,Passenger
TRN10692,Superfast TRN10692,Superfast
TRN14620,Express TRN14620,Express
TRN14836,Superfast TRN14836,Superfast
TRN12086,Superfast TRN12086,Superfast
TRN12919,Superfast TRN12919,Superfast
TRN10153,Passenger TRN10153,Passenger
TRN13866,Express TRN13866,Express
TRN12353,Superfast TRN12353,Superfast
TRN12903,Superfast TRN12903,Superfast
TRN12517,Shatabdi TRN12517,Shatabdi
TRN10567,Superfast TRN10567,Superfast
TRN12806,Superfast TRN12806,Superfast
TRN10739,Express TRN10739,Express
TRN14313,Superfast TRN14313,Superfast
TRN12332,Express TRN12332,Express
TRN13426,Vande Bharat TRN13426,Vande Bharat
TRN10444,Passenger TRN10444,Passenger
TRN12062,Express TRN12062,Express
TRN12911,Passenger TRN12911,Passenger
TRN13174,Express TRN13174,Express
TRN13068,Shatabdi TRN13068,Shatabdi
TRN12228,Superfast TRN12228,Superfast
TRN12021,Express TRN12021,Express
TRN13842,Express TRN13842,Express
TRN14326,Passenger TRN14326,Passenger
TRN14141,Express TRN14141,Express
TRN12968,Vande Bharat TRN12968,Vande Bharat
TRN13398,Superfast TRN13398,Superfast
TRN12829,Rajdhani TRN12829,Rajdhani
TRN12749,Express TRN12749,Express
TRN13861,Superfast TRN13861,Superfast
TRN13852,Superfast TRN13852,Superfast
TRN10874,Superfast TRN10874,Superfast
TRN13879,Rajdhani TRN13879,Rajdhani
TRN10442,Superfast TRN10442,Superfast
TRN11376,Superfast TRN11376,Superfast
TRN12868,Superfast TRN12868,Superfast
TRN13455,Superfast TRN13455,Superfast
TRN10151,Shatabdi TRN10151,Shatabdi
TRN10182,Superfast TRN10182,Superfast
TRN11386,Passenger TRN11386,Passenger
TRN14493,Passenger TRN14493,Passenger
TRN10318,Superfast TRN10318,Superfast
TRN10184,Express TRN10184,Express
TRN14856,Express TRN14856,Express
TRN14447,Superfast TRN14447,Superfast
TRN11666,Superfast TRN11666,Superfast
TRN10543,Passenger TRN10543,Passenger
TRN10521,Express TRN10521,Express
TRN14614,Passenger TRN14614,Passenger
TRN14937,Superfast TRN14937,Superfast
TRN11212,Vande Bharat TRN11212,Vande Bharat
TRN13100,Shatabdi TRN13100,Shatabdi
TRN14578,Vande Bharat TRN14578,Vande Bharat
TRN14728,Passenger TRN14728,Passenger
TRN10662,Express TRN10662,Express
TRN11251,Superfast TRN11251,Superfast
TRN12114,Superfast TRN12114,Superfast
TRN13447,Express TRN13447,Express
TRN12103,Express TRN12103,Express
TRN11637,Superfast TRN11637,Superfast
TRN13750,Shatabdi TRN13750,Shatabdi
TRN14053,Express TRN14053,Express
TRN11620,Passenger TRN11620,Passenger
TRN14289,Superfast TRN14289,Superfast
TRN10291,Vande Bharat TRN10291,Vande Bharat
TRN10643,Superfast TRN10643,Superfast
TRN10486,Express TRN10486,Express
TRN11454,Passenger TRN11454,Passenger
TRN12417,Superfast TRN12417,Superfast
TRN12969,Express TRN12969,Express
TRN13160,Superfast TRN13160,Superfast
TRN14717,Express TRN14717,Express
TRN13111,Express TRN13111,Express
TRN14265,Passenger TRN14265,Passenger
TRN13749,Superfast TRN13749,Superfast
TRN10801,Express TRN10801,Express
TRN13853,Superfast TRN13853,Superfast
TRN13456,Express TRN13456,Express
TRN14968,Superfast TRN14968,Superfast
TRN14319,Passenger TRN14319,Passenger
TRN10309,Superfast TRN10309,Superfast
TRN13744,Express TRN13744,Express
TRN13444,Express TRN13444,Express
TRN11985,Superfast TRN11985,Superfast
TRN14427,Superfast TRN14427,Superfast
TRN10574,Vande Bharat TRN10574,Vande Bharat
TRN11829,Express TRN11829,Express
TRN10405,Superfast TRN10405,Superfast
TRN12683,Passenger TRN12683,Passenger
TRN14270,Superfast TRN14270,Superfast
TRN13191,Superfast TRN13191,Superfast
TRN14111,Express TRN14111,Express
TRN10662,Superfast TRN10662,Superfast
TRN12812,Superfast TRN12812,Superfast
TRN12469,Express TRN12469,Express
TRN12004,Express TRN12004,Express
TRN14318,Superfast TRN14318,Superfast
TRN11470,Passenger TRN11470,Passenger
TRN14562,Passenger TRN14562,Passenger
TRN14960,Express TRN14960,Express
TRN14659,Passenger TRN14659,Passenger
TRN10641,Express TRN10641,Express
TRN12125,Express TRN12125,Express
TRN11526,Express TRN11526,Express
TRN13860,Passenger TRN13860,Passenger
TRN14155,Superfast TRN14155,Superfast
TRN11352,Vande Bharat TRN11352,Vande Bharat
TRN13151,Superfast TRN13151,Superfast
TRN14318,Passenger TRN14318,Passenger
TRN11243,Shatabdi TRN11243,Shatabdi
TRN13613,Passenger TRN13613,Passenger
TRN13110,Express TRN13110,Express
TRN12455,Superfast TRN12455,Superfast
TRN13195,Rajdhani TRN13195,Rajdhani
TRN13838,Superfast TRN13838,Superfast
TRN14037,Passenger TRN14037,Passenger
TRN11129,Rajdhani TRN11129,Rajdhani
TRN11606,Shatabdi TRN11606,Shatabdi
TRN12956,Passenger TRN12956,Passenger
TRN11043,Vande Bharat TRN11043,Vande Bharat
TRN14467,Superfast TRN14467,Superfast
TRN13595,Express TRN13595,Express
TRN13468,Rajdhani TRN13468,Rajdhani
TRN13930,Express TRN13930,Express
TRN10655,Express TRN10655,Express
TRN12239,Shatabdi TRN12239,Shatabdi
TRN12039,Superfast TRN12039,Superfast
TRN12915,Express TRN12915,Express
TRN14279,Passenger TRN14279,Passenger
TRN14373,Superfast TRN14373,Superfast
TRN11744,Superfast TRN11744,Superfast
TRN11299,Superfast TRN11299,Superfast
TRN10344,Express TRN10344,Express
TRN13987,Superfast TRN13987,Superfast
TRN11704,Express TRN11704,Express
TRN10676,Rajdhani TRN10676,Rajdhani
TRN13262,Express TRN13262,Express
TRN11615,Passenger TRN11615,Passenger
TRN14119,Express TRN14119,Express
TRN13015,Superfast TRN13015,Superfast
TRN12834,Passenger TRN12834,Passenger
TRN10273,Express TRN10273,Express
TRN13893,Vande Bharat TRN13893,Vande Bharat
TRN11101,Express TRN11101,Express
TRN10824,Passenger TRN10824,Passenger
TRN13552,Express TRN13552,Express
TRN11566,Superfast TRN11566,Superfast
TRN12390,Rajdhani TRN12390,Rajdhani
TRN14381,Superfast TRN14381,Superfast
TRN10098,Express TRN10098,Express
TRN13888,Superfast TRN13888,Superfast
TRN10038,Superfast TRN10038,Superfast
TRN10971,Passenger TRN10971,Passenger
TRN13003,Express TRN13003,Express
TRN14173,Express TRN14173,Express
TRN10416,Passenger TRN10416,Passenger
TRN12357,Shatabdi TRN12357,Shatabdi
TRN11762,Express TRN11762,Express
TRN12317,Passenger TRN12317,Passenger
TRN10399,Rajdhani TRN10399,Rajdhani
TRN13827,Superfast TRN13827,Superfast
TRN14035,Shatabdi TRN14035,Shatabdi
TRN14268,Superfast TRN14268,Superfast
TRN12601,Passenger TRN12601,Passenger
TRN14937,Express TRN14937,Express
TRN14466,Shatabdi TRN14466,Shatabdi
TRN13686,Express TRN13686,Express
TRN12865,Express TRN12865,Express
TRN14129,Express TRN14129,Express
TRN14166,Passenger TRN14166,Passenger
TRN14522,Express TRN14522,Express
TRN11387,Express TRN11387,Express
TRN11787,Express TRN11787,Express
TRN10224,Passenger TRN10224,Passenger
TRN12942,Express TRN12942,Express
TRN11018,Express TRN11018,Express
TRN11869,Passenger TRN11869,Passenger
TRN11434,Vande Bharat TRN11434,Vande Bharat
TRN13009,Vande Bharat TRN13009,Vande Bharat
TRN14036,Superfast TRN14036,Superfast
TRN11867,Rajdhani TRN11867,Rajdhani
TRN12291,Express TRN12291,Express
TRN12339,Passenger TRN12339,Passenger
TRN10758,Passenger TRN10758,Passenger
TRN12509,Shatabdi TRN12509,Shatabdi
TRN14737,Express TRN14737,Express
TRN11027,Express TRN11027,Express
TRN11594,Superfast TRN11594,Superfast
TRN12303,Vande Bharat TRN12303,Vande Bharat
TRN10019,Passenger TRN10019,Passenger
TRN14856,Passenger TRN14856,Passenger
TRN11875,Express TRN11875,Express
TRN11651,Express TRN11651,Express
TRN14284,Passenger TRN14284,Passenger
TRN10568,Superfast TRN10568,Superfast
TRN10118,Express TRN10118,Express
TRN11393,Passenger TRN11393,Passenger
TRN14673,Passenger TRN14673,Passenger
TRN13802,Superfast TRN13802,Superfast
TRN13016,Superfast TRN13016,Superfast
TRN10184,Vande Bharat TRN10184,Vande Bharat
TRN12750,Express TRN12750,Express
TRN14795,Express TRN14795,Express
TRN10519,Passenger TRN10519,Passenger
TRN14719,Express TRN14719,Express
TRN12382,Express TRN12382,Express
TRN10290,Express TRN10290,Express
TRN12211,Express TRN12211,Express
TRN10196,Express TRN10196,Express
TRN10221,Shatabdi TRN10221,Shatabdi
TRN13995,Superfast TRN13995,Superfast
TRN14045,Superfast TRN14045,Superfast
TRN10930,Express TRN10930,Express
TRN12877,Superfast TRN12877,Superfast
TRN12048,Express TRN12048,Express
TRN12179,Express TRN12179,Express
TRN11641,Superfast TRN11641,Superfast
TRN13073,Express TRN13073,Express
TRN12098,Express TRN12098,Express
TRN14733,Passenger TRN14733,Passenger
TRN10008,Passenger TRN10008,Passenger
TRN14030,Express TRN14030,Express
TRN12594,Vande Bharat TRN12594,Vande Bharat
TRN10191,Superfast TRN10191,Superfast
TRN10871,Express TRN10871,Express
TRN10067,Superfast TRN10067,Superfast
TRN14058,Passenger TRN14058,Passenger
TRN14818,Vande Bharat TRN14818,Vande Bharat
TRN13534,Express TRN13534,Express
TRN13072,Express TRN13072,Express
TRN10572,Vande Bharat TRN10572,Vande Bharat
TRN11165,Passenger TRN11165,Passenger
TRN12895,Express TRN12895,Express
TRN13590,Express TRN13590,Express
TRN11244,Express TRN11244,Express
TRN11538,Superfast TRN11538,Superfast
TRN13338,Express TRN13338,Express
TRN14978,Express TRN14978,Express
TRN11394,Passenger TRN11394,Passenger
TRN12107,Superfast TRN12107,Superfast
TRN11319,Vande Bharat TRN11319,Vande Bharat
TRN13334,Superfast TRN13334,Superfast
TRN14589,Superfast TRN14589,Superfast
TRN11749,Express TRN11749,Express
TRN10848,Superfast TRN10848,Superfast
TRN11265,Superfast TRN11265,Superfast
TRN10328,Express TRN10328,Express
TRN14762,Shatabdi TRN14762,Shatabdi
TRN14687,Rajdhani TRN14687,Rajdhani
TRN10886,Superfast TRN10886,Superfast
TRN12671,Express TRN12671,Express
TRN13163,Superfast TRN13163,Superfast
TRN10555,Express TRN10555,Express
TRN12240,Rajdhani TRN12240,Rajdhani
TRN12125,Superfast TRN12125,Superfast
TRN10815,Superfast TRN10815,Superfast
TRN11512,Passenger TRN11512,Passenger
TRN14519,Superfast TRN14519,Superfast
TRN12078,Express TRN12078,Express
TRN12000,Vande Bharat TRN12000,Vande Bharat
TRN10197,Superfast TRN10197,Superfast
TRN11018,Passenger TRN11018,Passenger
TRN14271,Express TRN14271,Express
TRN12402,Express TRN12402,Express
TRN13339,Passenger TRN13339,Passenger
TRN14611,Passenger TRN14611,Passenger
TRN11016,Express TRN11016,Express
TRN14062,Express TRN14062,Express
TRN14082,Express TRN14082,Express
TRN13215,Express TRN13215,Express
TRN14969,Passenger TRN14969,Passenger
TRN11008,Superfast TRN11008,Superfast
TRN13788,Express TRN13788,Express
TRN11770,Express TRN11770,Express
TRN13012,Superfast TRN13012,Superfast
TRN13462,Shatabdi TRN13462,Shatabdi
TRN11028,Passenger TRN11028,Passenger
TRN11988,Shatabdi TRN11988,Shatabdi
TRN13762,Shatabdi TRN13762,Shatabdi
TRN13660,Superfast TRN13660,Superfast
TRN12430,Superfast TRN12430,Superfast
TRN14765,Express TRN14765,Express
TRN10191,Express TRN10191,Express
TRN10012,Vande Bharat TRN10012,Vande Bharat
TRN10122,Passenger TRN10122,Passenger
TRN12245,Express TRN12245,Express
TRN12563,Superfast TRN12563,Superfast
TRN10751,Passenger TRN10751,Passenger
TRN11969,Express TRN11969,Express
TRN11450,Superfast TRN11450,Superfast
TRN14242,Express TRN14242,Express
TRN11839,Rajdhani TRN11839,Rajdhani
TRN10546,Express TRN10546,Express
TRN12378,Rajdhani TRN12378,Rajdhani
TRN10689,Superfast TRN10689,Superfast
TRN10654,Passenger TRN10654,Passenger
TRN12288,Express TRN12288,Express
TRN13233,Express TRN13233,Express
TRN10183,Express TRN10183,Express
TRN12734,Passenger TRN12734,Passenger
TRN14231,Shatabdi TRN14231,Shatabdi
TRN11655,Passenger TRN11655,Passenger
TRN12848,Express TRN12848,Express
TRN13099,Superfast TRN13099,Superfast
TRN13593,Express TRN13593,Express
TRN10032,Passenger TRN10032,Passenger
TRN12514,Vande Bharat TRN12514,Vande Bharat
TRN13366,Superfast TRN13366,Superfast
TRN10579,Express TRN10579,Express
TRN10070,Express TRN10070,Express
TRN11146,Express TRN11146,Express
TRN10785,Express TRN10785,Express
TRN14630,Express TRN14630,Express
TRN14952,Express TRN14952,Express
TRN12365,Passenger TRN12365,Passenger
TRN12745,Vande Bharat TRN12745,Vande Bharat
TRN10444,Express TRN10444,Express
TRN12948,Express TRN12948,Express
TRN12517,Express TRN12517,Express
TRN14908,Passenger TRN14908,Passenger
TRN14662,Express TRN14662,Express
TRN14900,Superfast TRN14900,Superfast
TRN11090,Superfast TRN11090,Superfast
TRN11066,Passenger TRN11066,Passenger
TRN11839,Passenger TRN11839,Passenger
TRN13894,Passenger TRN13894,Passenger
TRN11792,Express TRN11792,Express
TRN12178,Passenger TRN12178,Passenger
TRN12613,Superfast TRN12613,Superfast
TRN12241,Express TRN12241,Express
TRN11211,Express TRN11211,Express
TRN11052,Express TRN11052,Express
TRN10432,Express TRN10432,Express
TRN10560,Express TRN10560,Express
TRN14389,Express TRN14389,Express
TRN13099,Passenger TRN13099,Passenger
TRN10034,Express TRN10034,Express
TRN14064,Passenger TRN14064,Passenger
TRN13638,Vande Bharat TRN13638,Vande Bharat
TRN10167,Rajdhani TRN10167,Rajdhani
TRN14415,Express TRN14415,Express
TRN10927,Rajdhani TRN10927,Rajdhani
TRN11968,Passenger TRN11968,Passenger
TRN11287,Superfast TRN11287,Superfast
TRN11854,Passenger TRN11854,Passenger
TRN12565,Superfast TRN12565,Superfast
TRN11982,Superfast TRN11982,Superfast
TRN12019,Express TRN12019,Express
TRN12744,Express TRN12744,Express
TRN11539,Express TRN11539,Express
TRN13519,Express TRN13519,Express
TRN14811,Express TRN14811,Express
TRN11326,Passenger TRN11326,Passenger
TRN12449,Superfast TRN12449,Superfast
TRN13318,Superfast TRN13318,Superfast
TRN12605,Express TRN12605,Express
TRN11937,Vande Bharat TRN11937,Vande Bharat
TRN13295,Superfast TRN13295,Superfast
TRN10586,Passenger TRN10586,Passenger
TRN10952,Express TRN10952,Express
TRN12165,Express TRN12165,Express
TRN13419,Passenger TRN13419,Passenger
TRN13909,Passenger TRN13909,Passenger
TRN13839,Superfast TRN13839,Superfast
TRN14877,Express TRN14877,Express
TRN12183,Superfast TRN12183,Superfast
TRN12160,Vande Bharat TRN12160,Vande Bharat
TRN10025,Express TRN10025,Express
TRN11942,Superfast TRN11942,Superfast
TRN10500,Shatabdi TRN10500,Shatabdi
TRN11812,Superfast TRN11812,Superfast
TRN11734,Passenger TRN11734,Passenger
TRN13383,Superfast TRN13383,Superfast
TRN14005,Superfast TRN14005,Superfast
TRN11562,Express TRN11562,Express
TRN10074,Superfast TRN10074,Superfast
TRN13812,Express TRN13812,Express
TRN10181,Passenger TRN10181,Passenger
TRN14916,Passenger TRN14916,Passenger
TRN14271,Vande Bharat TRN14271,Vande Bharat
TRN10881,Superfast TRN10881,Superfast
TRN13260,Passenger TRN13260,Passenger
TRN10078,Superfast TRN10078,Superfast
TRN12695,Passenger TRN12695,Passenger
TRN14043,Express TRN14043,Express
TRN13084,Vande Bharat TRN13084,Vande Bharat
TRN10357,Superfast TRN10357,Superfast
TRN14927,Superfast TRN14927,Superfast
TRN13821,Superfast TRN13821,Superfast
TRN13974,Superfast TRN13974,Superfast
TRN10491,Passenger TRN10491,Passenger
TRN11902,Superfast TRN11902,Superfast
TRN13833,Superfast TRN13833,Superfast
TRN12414,Passenger TRN12414,Passenger
TRN12467,Superfast TRN12467,Superfast
TRN13751,Vande Bharat TRN13751,Vande Bharat
TRN14572,Express TRN14572,Express
TRN14981,Express TRN14981,Express
TRN14773,Superfast TRN14773,Superfast
TRN10272,Express TRN10272,Express
TRN13070,Passenger TRN13070,Passenger
TRN10391,Superfast TRN10391,Superfast
TRN14498,Superfast TRN14498,Superfast
TRN10266,Passenger TRN10266,Passenger
TRN14200,Express TRN14200,Express
TRN13635,Express TRN13635,Express
TRN10461,Superfast TRN10461,Superfast
TRN13270,Passenger TRN13270,Passenger
TRN12529,Express TRN12529,Express
TRN12676,Superfast TRN12676,Superfast
TRN11795,Express TRN11795,Express
TRN14502,Vande Bharat TRN14502,Vande Bharat
TRN11459,Express TRN11459,Express
TRN13216,Superfast TRN13216,Superfast
TRN14738,Superfast TRN14738,Superfast
TRN10796,Superfast TRN10796,Superfast
TRN12243,Superfast TRN12243,Superfast
TRN10756,Express TRN10756,Express
TRN10647,Superfast TRN10647,Superfast
TRN10480,Superfast TRN10480,Superfast
TRN12784,Express TRN12784,Express
TRN13894,Superfast TRN13894,Superfast
TRN14061,Express TRN14061,Express
TRN12257,Superfast TRN12257,Superfast
TRN12732,Passenger TRN12732,Passenger
TRN11026,Superfast TRN11026,Superfast
TRN10477,Express TRN10477,Express
TRN14763,Superfast TRN14763,Superfast
TRN11492,Passenger TRN11492,Passenger
TRN12115,Passenger TRN12115,Passenger
TRN14413,Express TRN14413,Express
TRN12535,Passenger TRN12535,Passenger
TRN14712,Express TRN14712,Express
TRN13881,Express TRN13881,Express
TRN11510,Express TRN11510,Express
TRN12662,Superfast TRN12662,Superfast
TRN14322,Superfast TRN14322,Superfast
TRN14829,Rajdhani TRN14829,Rajdhani
TRN10107,Express TRN10107,Express
TRN14262,Superfast TRN14262,Superfast
TRN12570,Passenger TRN12570,Passenger
TRN12960,Express TRN12960,Express
TRN14780,Passenger TRN14780,Passenger
TRN11561,Express TRN11561,Express
TRN10137,Express TRN10137,Express
TRN14655,Shatabdi TRN14655,Shatabdi
TRN12858,Rajdhani TRN12858,Rajdhani
TRN13589,Superfast TRN13589,Superfast
TRN11968,Express TRN11968,Express
TRN14785,Express TRN14785,Express
TRN12378,Superfast TRN12378,Superfast
TRN10013,Express TRN10013,Express
TRN14314,Passenger TRN14314,Passenger
TRN13449,Superfast TRN13449,Superfast
TRN14700,Express TRN14700,Express
TRN10434,Express TRN10434,Express
TRN11380,Superfast TRN11380,Superfast
TRN13958,Superfast TRN13958,Superfast
TRN12268,Express TRN12268,Express
TRN11777,Superfast TRN11777,Superfast
TRN13292,Superfast TRN13292,Superfast
TRN13419,Express TRN13419,Express
TRN10276,Passenger TRN10276,Passenger
TRN11589,Superfast TRN11589,Superfast
TRN14606,Express TRN14606,Express
TRN10155,Vande Bharat TRN10155,Vande Bharat
TRN11665,Express TRN11665,Express
TRN14290,Express TRN14290,Express
TRN11196,Rajdhani TRN11196,Rajdhani
TRN12003,Passenger TRN12003,Passenger
TRN13389,Express TRN13389,Express
TRN12380,Rajdhani TRN12380,Rajdhani
TRN10955,Superfast TRN10955,Superfast
TRN12537,Express TRN12537,Express
TRN14286,Passenger TRN14286,Passenger
TRN12740,Express TRN12740,Express
TRN14802,Passenger TRN14802,Passenger
TRN12436,Rajdhani TRN12436,Rajdhani
TRN12842,Rajdhani TRN12842,Rajdhani
TRN12791,Superfast TRN12791,Superfast
TRN13350,Rajdhani TRN13350,Rajdhani
TRN13273,Express TRN13273,Express
TRN11878,Express TRN11878,Express
TRN13701,Express TRN13701,Express
TRN11495,Passenger TRN11495,Passenger
TRN14494,Express TRN14494,Express
TRN12719,Passenger TRN12719,Passenger
TRN10390,Vande Bharat TRN10390,Vande Bharat
TRN11778,Express TRN11778,Express
TRN11328,Superfast TRN11328,Superfast
TRN12463,Express TRN12463,Express
TRN12356,Passenger TRN12356,Passenger
TRN13193,Vande Bharat TRN13193,Vande Bharat
TRN13810,Passenger TRN13810,Passenger
TRN11130,Passenger TRN11130,Passenger
TRN11233,Express TRN11233,Express
TRN11970,Express TRN11970,Express
TRN11249,Express TRN11249,Express
TRN11056,Superfast TRN11056,Superfast
TRN11980,Express TRN11980,Express
TRN14445,Passenger TRN14445,Passenger
TRN11876,Superfast TRN11876,Superfast
TRN14187,Express TRN14187,Express
TRN12184,Vande Bharat TRN12184,Vande Bharat
TRN14971,Superfast TRN14971,Superfast
TRN12237,Passenger TRN12237,Passenger
TRN13705,Vande Bharat TRN13705,Vande Bharat
TRN10288,Shatabdi TRN10288,Shatabdi
TRN10296,Superfast TRN10296,Superfast
TRN12984,Express TRN12984,Express
TRN11137,Superfast TRN11137,Superfast
TRN11936,Superfast TRN11936,Superfast
TRN10159,Vande Bharat TRN10159,Vande Bharat
TRN13251,Express TRN13251,Express
TRN10552,Superfast TRN10552,Superfast
TRN11399,Vande Bharat TRN11399,Vande Bharat
TRN11663,Passenger TRN11663,Passenger
TRN13017,Express TRN13017,Express
TRN12825,Vande Bharat TRN12825,Vande Bharat
TRN11884,Passenger TRN11884,Passenger
TRN14591,Superfast TRN14591,Superfast
TRN12855,Express TRN12855,Express
TRN11970,Superfast TRN11970,Superfast
TRN10800,Superfast TRN10800,Superfast
TRN10030,Superfast TRN10030,Superfast
TRN11346,Vande Bharat TRN11346,Vande Bharat
TRN12177,Superfast TRN12177,Superfast
TRN13406,Superfast TRN13406,Superfast
TRN10072,Superfast TRN10072,Superfast
TRN12796,Passenger TRN12796,Passenger
TRN11806,Express TRN11806,Express
TRN14914,Express TRN14914,Express
TRN12992,Vande Bharat TRN12992,Vande Bharat
TRN12146,Superfast TRN12146,Superfast
TRN13490,Express TRN13490,Express
TRN14312,Superfast TRN14312,Superfast
TRN11544,Shatabdi TRN11544,Shatabdi
TRN13646,Express TRN13646,Express
TRN11639,Vande Bharat TRN11639,Vande Bharat
TRN11990,Passenger TRN11990,Passenger
TRN11418,Superfast TRN11418,Superfast
TRN14905,Express TRN14905,Express
TRN11555,Superfast TRN11555,Superfast
TRN12694,Superfast TRN12694,Superfast
TRN12325,Express TRN12325,Express
TRN12287,Superfast TRN12287,Superfast
TRN12717,Express TRN12717,Express
TRN11362,Express TRN11362,Express
TRN13848,Shatabdi TRN13848,Shatabdi
TRN11764,Superfast TRN11764,Superfast
TRN12074,Passenger TRN12074,Passenger
TRN11033,Passenger TRN11033,Passenger
TRN10142,Superfast TRN10142,Superfast
TRN10351,Express TRN10351,Express
TRN10148,Superfast TRN10148,Superfast
TRN13279,Express TRN13279,Express
TRN12612,Express TRN12612,Express
TRN14140,Express TRN14140,Express
TRN10372,Passenger TRN10372,Passenger
TRN12187,Superfast TRN12187,Superfast
TRN14207,Express TRN14207,Express
TRN14152,Express TRN14152,Express
TRN12680,Express TRN12680,Express
TRN10050,Rajdhani TRN10050,Rajdhani
TRN13300,Superfast TRN13300,Superfast
TRN10828,Passenger TRN10828,Passenger
TRN11927,Express TRN11927,Express
TRN12923,Express TRN12923,Express
TRN13554,Vande Bharat TRN13554,Vande Bharat
TRN14613,Shatabdi TRN14613,Shatabdi
TRN11272,Vande Bharat TRN11272,Vande Bharat
TRN13358,Vande Bharat TRN13358,Vande Bharat
TRN11696,Express TRN11696,Express
TRN11446,Rajdhani TRN11446,Rajdhani
TRN10832,Rajdhani TRN10832,Rajdhani
TRN14945,Superfast TRN14945,Superfast
TRN13894,Shatabdi TRN13894,Shatabdi
TRN10270,Rajdhani TRN10270,Rajdhani
TRN12434,Superfast TRN12434,Superfast
TRN10486,Shatabdi TRN10486,Shatabdi
TRN11916,Superfast TRN11916,Superfast
TRN11388,Superfast TRN11388,Superfast
TRN13845,Superfast TRN13845,Superfast
TRN11106,Express TRN11106,Express
TRN13863,Express TRN13863,Express
TRN12973,Express TRN12973,Express
TRN10617,Superfast TRN10617,Superfast
TRN13410,Express TRN13410,Express
TRN13341,Superfast TRN13341,Superfast
TRN12122,Express TRN12122,Express
TRN12310,Express TRN12310,Express
TRN13669,Passenger TRN13669,Passenger
TRN13634,Superfast TRN13634,Superfast
TRN12564,Superfast TRN12564,Superfast
TRN11788,Passenger TRN11788,Passenger
TRN11829,Passenger TRN11829,Passenger
TRN11109,Superfast TRN11109,Superfast
TRN12994,Passenger TRN12994,Passenger
TRN10784,Superfast TRN10784,Superfast
TRN10524,Superfast TRN10524,Superfast
TRN13736,Vande Bharat TRN13736,Vande Bharat
TRN13480,Express TRN13480,Express
TRN11556,Passenger TRN11556,Passenger
TRN13303,Passenger TRN13303,Passenger
TRN14256,Passenger TRN14256,Passenger
TRN12899,Passenger TRN12899,Passenger
TRN13227,Express TRN13227,Express
TRN14412,Shatabdi TRN14412,Shatabdi
TRN13818,Express TRN13818,Express
TRN14628,Superfast TRN14628,Superfast
TRN13064,Superfast TRN13064,Superfast
TRN10572,Express TRN10572,Express
TRN14005,Express TRN14005,Express
TRN10772,Express TRN10772,Express
TRN11869,Shatabdi TRN11869,Shatabdi
TRN13164,Superfast TRN13164,Superfast
TRN10198,Superfast TRN10198,Superfast
TRN13770,Express TRN13770,Express
TRN14205,Express TRN14205,Express
TRN13086,Express TRN13086,Express
TRN11524,Superfast TRN11524,Superfast
TRN13895,Express TRN13895,Express
TRN10063,Superfast TRN10063,Superfast
TRN10631,Express TRN10631,Express
TRN13234,Express TRN13234,Express
TRN13701,Passenger TRN13701,Passenger
TRN12673,Passenger TRN12673,Passenger
TRN12334,Passenger TRN12334,Passenger
TRN10418,Express TRN10418,Express
TRN10538,Superfast TRN10538,Superfast
TRN13676,Express TRN13676,Express
TRN11241,Superfast TRN11241,Superfast
TRN14963,Express TRN14963,Express
TRN14657,Superfast TRN14657,Superfast
TRN13325,Express TRN13325,Express
TRN11709,Superfast TRN11709,Superfast
TRN12216,Superfast TRN12216,Superfast
TRN12988,Express TRN12988,Express
TRN11845,Superfast TRN11845,Superfast
TRN12367,Superfast TRN12367,Superfast
TRN11279,Passenger TRN11279,Passenger
TRN10233,Superfast TRN10233,Superfast
TRN13296,Superfast TRN13296,Superfast
TRN14791,Express TRN14791,Express
TRN10514,Passenger TRN10514,Passenger
TRN10298,Express TRN10298,Express
TRN14013,Express TRN14013,Express
TRN13401,Superfast TRN13401,Superfast
TRN13533,Shatabdi TRN13533,Shatabdi
TRN13962,Superfast TRN13962,Superfast
TRN13924,Express TRN13924,Express
TRN11227,Express TRN11227,Express
TRN14114,Rajdhani TRN14114,Rajdhani
TRN13179,Superfast TRN13179,Superfast
TRN10007,Passenger TRN10007,Passenger
TRN13421,Express TRN13421,Express
TRN12896,Express TRN12896,Express
TRN12806,Passenger TRN12806,Passenger
TRN14256,Rajdhani TRN14256,Rajdhani
TRN10068,Rajdhani TRN10068,Rajdhani
TRN11693,Superfast TRN11693,Superfast
TRN13175,Express TRN13175,Express
TRN11312,Passenger TRN11312,Passenger
TRN12763,Superfast TRN12763,Superfast
TRN13348,Passenger TRN13348,Passenger
TRN13123,Superfast TRN13123,Superfast
TRN11871,Superfast TRN11871,Superfast
TRN13596,Vande Bharat TRN13596,Vande Bharat
TRN13954,Passenger TRN13954,Passenger
TRN12177,Passenger TRN12177,Passenger
TRN10542,Express TRN10542,Express
TRN11695,Passenger TRN11695,Passenger
TRN11620,Express TRN11620,Express
TRN10331,Express TRN10331,Express
TRN12505,Express TRN12505,Express
TRN12691,Superfast TRN12691,Superfast
TRN10819,Shatabdi TRN10819,Shatabdi
TRN10173,Shatabdi TRN10173,Shatabdi
TRN13864,Vande Bharat TRN13864,Vande Bharat
TRN10772,Vande Bharat TRN10772,Vande Bharat
TRN13508,Passenger TRN13508,Passenger
TRN11881,Express TRN11881,Express
TRN12594,Passenger TRN12594,Passenger
TRN13603,Passenger TRN13603,Passenger
TRN11613,Passenger TRN11613,Passenger
TRN12348,Shatabdi TRN12348,Shatabdi
TRN12287,Vande Bharat TRN12287,Vande Bharat
TRN13105,Superfast TRN13105,Superfast
TRN14032,Vande Bharat TRN14032,Vande Bharat
TRN10171,Shatabdi TRN10171,Shatabdi
TRN10362,Superfast TRN10362,Superfast
TRN13482,Express TRN13482,Express
TRN13427,Superfast TRN13427,Superfast
TRN10821,Express TRN10821,Express
TRN13217,Passenger TRN13217,Passenger
TRN11837,Express TRN11837,Express
TRN10766,Express TRN10766,Express
TRN12066,Express TRN12066,Express
TRN12759,Superfast TRN12759,Superfast
TRN11357,Rajdhani TRN11357,Rajdhani
TRN14567,Superfast TRN14567,Superfast
TRN14948,Rajdhani TRN14948,Rajdhani
TRN10741,Passenger TRN10741,Passenger
TRN14878,Passenger TRN14878,Passenger
TRN13302,Superfast TRN13302,Superfast
TRN12685,Express TRN12685,Express
TRN11978,Express TRN11978,Express
TRN14817,Superfast TRN14817,Superfast
TRN14430,Shatabdi TRN14430,Shatabdi
TRN14335,Express TRN14335,Express
TRN14203,Superfast TRN14203,Superfast
TRN12391,Passenger TRN12391,Passenger
TRN13903,Express TRN13903,Express
TRN14864,Superfast TRN14864,Superfast
TRN13227,Superfast TRN13227,Superfast
TRN11080,Express TRN11080,Express
TRN10199,Passenger TRN10199,Passenger
TRN13634,Shatabdi TRN13634,Shatabdi
TRN11924,Express TRN11924,Express
TRN11440,Superfast TRN11440,Superfast
TRN12291,Passenger TRN12291,Passenger
TRN10423,Passenger TRN10423,Passenger
TRN11026,Passenger TRN11026,Passenger
TRN12056,Passenger TRN12056,Passenger
TRN12364,Passenger TRN12364,Passenger
TRN14555,Superfast TRN14555,Superfast
TRN10836,Rajdhani TRN10836,Rajdhani
TRN14814,Rajdhani TRN14814,Rajdhani
TRN10411,Express TRN10411,Express
TRN14850,Express TRN14850,Express
TRN11968,Superfast TRN11968,Superfast
TRN11078,Vande Bharat TRN11078,Vande Bharat
TRN13042,Express TRN13042,Express
TRN13540,Superfast TRN13540,Superfast
TRN14570,Superfast TRN14570,Superfast
TRN10111,Express TRN10111,Express
TRN10067,Vande Bharat TRN10067,Vande Bharat
TRN11019,Express TRN11019,Express
TRN13281,Express TRN13281,Express
TRN14562,Superfast TRN14562,Superfast
TRN10003,Rajdhani TRN10003,Rajdhani
TRN11745,Express TRN11745,Express
TRN14023,Express TRN14023,Express
TRN13204,Express TRN13204,Express
TRN14554,Express TRN14554,Express
TRN11491,Express TRN11491,Express
TRN10941,Passenger TRN10941,Passenger
TRN14247,Superfast TRN14247,Superfast
TRN14869,Express TRN14869,Express
TRN11277,Express TRN11277,Express
TRN12715,Shatabdi TRN12715,Shatabdi
TRN10127,Rajdhani TRN10127,Rajdhani
TRN14344,Express TRN14344,Express
TRN12594,Express TRN12594,Express
TRN11814,Shatabdi TRN11814,Shatabdi
TRN12069,Express TRN12069,Express
TRN11365,Rajdhani TRN11365,Rajdhani
TRN14214,Superfast TRN14214,Superfast
TRN13779,Vande Bharat TRN13779,Vande Bharat
TRN13848,Express TRN13848,Express
TRN12660,Express TRN12660,Express
TRN14747,Express TRN14747,Express
TRN11737,Shatabdi TRN11737,Shatabdi
TRN12331,Rajdhani TRN12331,Rajdhani
TRN11458,Superfast TRN11458,Superfast
TRN12624,Express TRN12624,Express
TRN12049,Superfast TRN12049,Superfast
TRN10538,Express TRN10538,Express
TRN13688,Passenger TRN13688,Passenger
TRN11196,Superfast TRN11196,Superfast
TRN14208,Express TRN14208,Express
TRN12253,Superfast TRN12253,Superfast
TRN10986,Passenger TRN10986,Passenger
TRN11989,Passenger TRN11989,Passenger
TRN11568,Express TRN11568,Express
TRN11582,Express TRN11582,Express
TRN11946,Passenger TRN11946,Passenger
TRN12670,Express TRN12670,Express
TRN14050,Superfast TRN14050,Superfast
TRN12163,Superfast TRN12163,Superfast
TRN14475,Superfast TRN14475,Superfast
TRN13403,Superfast TRN13403,Superfast
TRN11636,Superfast TRN11636,Superfast
TRN11995,Express TRN11995,Express
TRN10596,Superfast TRN10596,Superfast
TRN14336,Express TRN14336,Express
TRN13122,Express TRN13122,Express
TRN13059,Passenger TRN13059,Passenger
TRN12079,Express TRN12079,Express
TRN11733,Express TRN11733,Express
TRN10260,Superfast TRN10260,Superfast
TRN11658,Passenger TRN11658,Passenger
TRN11956,Express TRN11956,Express
TRN12190,Express TRN12190,Express
TRN10440,Rajdhani TRN10440,Rajdhani
TRN11895,Express TRN11895,Express
TRN14410,Express TRN14410,Express
TRN12946,Passenger TRN12946,Passenger
TRN13390,Superfast TRN13390,Superfast
TRN14858,Express TRN14858,Express
TRN11170,Superfast TRN11170,Superfast
TRN14473,Passenger TRN14473,Passenger
TRN10084,Superfast TRN10084,Superfast
TRN11874,Superfast TRN11874,Superfast
TRN14141,Superfast TRN14141,Superfast
TRN11916,Shatabdi TRN11916,Shatabdi
TRN12893,Passenger TRN12893,Passenger
TRN11162,Passenger TRN11162,Passenger
TRN12860,Express TRN12860,Express
TRN14584,Express TRN14584,Express
TRN13935,Vande Bharat TRN13935,Vande Bharat
TRN10117,Express TRN10117,Express
TRN13108,Express TRN13108,Express
TRN14192,Superfast TRN14192,Superfast
TRN11992,Express TRN11992,Express
TRN10475,Superfast TRN10475,Superfast
TRN13393,Passenger TRN13393,Passenger
TRN14241,Express TRN14241,Express
TRN14961,Passenger TRN14961,Passenger
TRN12062,Superfast TRN12062,Superfast
TRN14315,Express TRN14315,Express
TRN11959,Express TRN11959,Express
TRN11645,Passenger TRN11645,Passenger
TRN12728,Passenger TRN12728,Passenger
TRN10449,Express TRN10449,Express
TRN10071,Express TRN10071,Express
TRN13457,Passenger TRN13457,Passenger
TRN10947,Passenger TRN10947,Passenger
TRN14056,Express TRN14056,Express
TRN13205,Superfast TRN13205,Superfast
TRN10978,Passenger TRN10978,Passenger
TRN13360,Express TRN13360,Express
TRN12473,Passenger TRN12473,Passenger
TRN14086,Rajdhani TRN14086,Rajdhani
TRN14159,Shatabdi TRN14159,Shatabdi
TRN10901,Superfast TRN10901,Superfast
TRN11062,Express TRN11062,Express
TRN14337,Superfast TRN14337,Superfast
TRN14516,Superfast TRN14516,Superfast
TRN13863,Superfast TRN13863,Superfast
TRN12883,Express TRN12883,Express
TRN14536,Express TRN14536,Express
TRN10412,Express TRN10412,Express
TRN12605,Passenger TRN12605,Passenger
TRN11002,Passenger TRN11002,Passenger
TRN13752,Express TRN13752,Express
TRN13507,Superfast TRN13507,Superfast
TRN12144,Express TRN12144,Express
TRN12649,Superfast TRN12649,Superfast
TRN12338,Passenger TRN12338,Passenger
TRN11445,Express TRN11445,Express
TRN13736,Passenger TRN13736,Passenger
TRN11699,Superfast TRN11699,Superfast
TRN12503,Superfast TRN12503,Superfast
TRN10687,Shatabdi TRN10687,Shatabdi
TRN10033,Superfast TRN10033,Superfast
TRN11278,Vande Bharat TRN11278,Vande Bharat
TRN13429,Superfast TRN13429,Superfast
TRN12225,Vande Bharat TRN12225,Vande Bharat
TRN13624,Express TRN13624,Express
TRN14695,Passenger TRN14695,Passenger
TRN14420,Vande Bharat TRN14420,Vande Bharat
TRN11354,Express TRN11354,Express
TRN14997,Passenger TRN14997,Passenger
TRN11354,Superfast TRN11354,Superfast
TRN14471,Superfast TRN14471,Superfast
TRN11117,Vande Bharat TRN11117,Vande Bharat
TRN14386,Express TRN14386,Express
TRN10721,Express TRN10721,Express
TRN10038,Passenger TRN10038,Passenger
TRN11994,Passenger TRN11994,Passenger
TRN11008,Passenger TRN11008,Passenger
TRN13581,Express TRN13581,Express
TRN13827,Rajdhani TRN13827,Rajdhani
TRN10364,Superfast TRN10364,Superfast
TRN12408,Express TRN12408,Express
TRN11855,Superfast TRN11855,Superfast
TRN12078,Passenger TRN12078,Passenger
TRN12692,Superfast TRN12692,Superfast
TRN10661,Superfast TRN10661,Superfast
TRN14971,Shatabdi TRN14971,Shatabdi
TRN14857,Superfast TRN14857,Superfast
TRN11031,Express TRN11031,Express
TRN14489,Express TRN14489,Express
TRN11921,Superfast TRN11921,Superfast
TRN14568,Passenger TRN14568,Passenger
TRN14654,Express TRN14654,Express
TRN11983,Superfast TRN11983,Superfast
TRN11422,Express TRN11422,Express
TRN12773,Express TRN12773,Express
TRN10810,Superfast TRN10810,Superfast
TRN10992,Express TRN10992,Express
TRN10723,Superfast TRN10723,Superfast
TRN13738,Express TRN13738,Express
TRN13639,Passenger TRN13639,Passenger
TRN11778,Passenger TRN11778,Passenger
TRN14108,Shatabdi TRN14108,Shatabdi
TRN14073,Express TRN14073,Express
TRN10069,Superfast TRN10069,Superfast
TRN10843,Superfast TRN10843,Superfast
TRN12603,Superfast TRN12603,Superfast
TRN10455,Express TRN10455,Express
TRN13767,Vande Bharat TRN13767,Vande Bharat
TRN10542,Superfast TRN10542,Superfast
TRN13739,Vande Bharat TRN13739,Vande Bharat
TRN10884,Shatabdi TRN10884,Shatabdi
TRN13068,Express TRN13068,Express
TRN10379,Rajdhani TRN10379,Rajdhani
TRN13154,Rajdhani TRN13154,Rajdhani
TRN13601,Express TRN13601,Express
TRN11214,Express TRN11214,Express
TRN13531,Superfast TRN13531,Superfast
TRN11134,Express TRN11134,Express
TRN12482,Superfast TRN12482,Superfast
TRN14957,Shatabdi TRN14957,Shatabdi
TRN10704,Superfast TRN10704,Superfast
TRN13962,Express TRN13962,Express
TRN11317,Passenger TRN11317,Passenger
TRN10876,Passenger TRN10876,Passenger
TRN12121,Express TRN12121,Express
TRN12254,Passenger TRN12254,Passenger
TRN11399,Superfast TRN11399,Superfast
TRN14005,Passenger TRN14005,Passenger
TRN10437,Express TRN10437,Express
TRN10018,Passenger TRN10018,Passenger
TRN13431,Passenger TRN13431,Passenger
TRN10405,Passenger TRN10405,Passenger
TRN13361,Vande Bharat TRN13361,Vande Bharat
TRN11546,Passenger TRN11546,Passenger
TRN12941,Express TRN12941,Express
TRN13445,Superfast TRN13445,Superfast
TRN12583,Passenger TRN12583,Passenger
TRN14962,Passenger TRN14962,Passenger
TRN11808,Rajdhani TRN11808,Rajdhani
TRN12520,Passenger TRN12520,Passenger
TRN14616,Vande Bharat TRN14616,Vande Bharat
TRN14859,Passenger TRN14859,Passenger
TRN11616,Express TRN11616,Express
TRN10080,Superfast TRN10080,Superfast
TRN13484,Express TRN13484,Express
TRN14087,Express TRN14087,Express
TRN13746,Passenger TRN13746,Passenger
TRN13427,Vande Bharat TRN13427,Vande Bharat
TRN10065,Rajdhani TRN10065,Rajdhani
TRN12889,Passenger TRN12889,Passenger
TRN11041,Superfast TRN11041,Superfast
TRN10638,Shatabdi TRN10638,Shatabdi
TRN12961,Express TRN12961,Express
TRN12122,Passenger TRN12122,Passenger
TRN13647,Express TRN13647,Express
TRN10369,Express TRN10369,Express
TRN10371,Rajdhani TRN10371,Rajdhani
TRN13545,Passenger TRN13545,Passenger
TRN14786,Vande Bharat TRN14786,Vande Bharat
TRN13495,Superfast TRN13495,Superfast
TRN11819,Superfast TRN11819,Superfast
TRN13008,Superfast TRN13008,Superfast
TRN10760,Express TRN10760,Express
TRN12337,Passenger TRN12337,Passenger
TRN12576,Rajdhani TRN12576,Rajdhani
TRN13500,Rajdhani TRN13500,Rajdhani
TRN14835,Rajdhani TRN14835,Rajdhani
TRN13582,Express TRN13582,Express
TRN11297,Superfast TRN11297,Superfast
TRN10747,Superfast TRN10747,Superfast
TRN14268,Rajdhani TRN14268,Rajdhani
TRN10045,Passenger TRN10045,Passenger
TRN14669,Passenger TRN14669,Passenger
TRN14406,Superfast TRN14406,Superfast
TRN13017,Vande Bharat TRN13017,Vande Bharat
TRN14963,Passenger TRN14963,Passenger
TRN13301,Superfast TRN13301,Superfast
TRN12636,Superfast TRN12636,Superfast
TRN10399,Express TRN10399,Express
TRN12040,Passenger TRN12040,Passenger
TRN11858,Superfast TRN11858,Superfast
TRN12820,Shatabdi TRN12820,Shatabdi
TRN14320,Rajdhani TRN14320,Rajdhani
TRN13346,Express TRN13346,Express
TRN11662,Express TRN11662,Express
TRN12057,Express TRN12057,Express
TRN12050,Passenger TRN12050,Passenger
TRN10550,Express TRN10550,Express
TRN14863,Superfast TRN14863,Superfast
TRN12964,Passenger TRN12964,Passenger
TRN11252,Superfast TRN11252,Superfast
TRN14076,Rajdhani TRN14076,Rajdhani
TRN13652,Passenger TRN13652,Passenger
TRN13663,Superfast TRN13663,Superfast
TRN14746,Express TRN14746,Express
TRN10397,Rajdhani TRN10397,Rajdhani
TRN14262,Passenger TRN14262,Passenger
TRN14148,Superfast TRN14148,Superfast
TRN10469,Passenger TRN10469,Passenger
TRN11483,Express TRN11483,Express
TRN12473,Rajdhani TRN12473,Rajdhani
TRN11604,Express TRN11604,Express
TRN10248,Express TRN10248,Express
TRN11273,Express TRN11273,Express
TRN13627,Rajdhani TRN13627,Rajdhani
TRN11438,Passenger TRN11438,Passenger
TRN12771,Superfast TRN12771,Superfast
TRN14997,Express TRN14997,Express
TRN10564,Express TRN10564,Express
TRN12365,Express TRN12365,Express
TRN12651,Express TRN12651,Express
TRN10959,Passenger TRN10959,Passenger
TRN10505,Superfast TRN10505,Superfast
TRN14602,Shatabdi TRN14602,Shatabdi
TRN11240,Rajdhani TRN11240,Rajdhani
TRN14471,Express TRN14471,Express
TRN11286,Express TRN11286,Express
TRN11052,Passenger TRN11052,Passenger
TRN14228,Vande Bharat TRN14228,Vande Bharat
TRN11761,Superfast TRN11761,Superfast
TRN14261,Express TRN14261,Express
TRN11892,Express TRN11892,Express
TRN14934,Superfast TRN14934,Superfast
TRN10985,Rajdhani TRN10985,Rajdhani
TRN13270,Express TRN13270,Express
TRN13475,Superfast TRN13475,Superfast
TRN14436,Vande Bharat TRN14436,Vande Bharat
TRN13580,Superfast TRN13580,Superfast
TRN10124,Passenger TRN10124,Passenger
TRN11635,Superfast TRN11635,Superfast
TRN11539,Vande Bharat TRN11539,Vande Bharat
TRN14465,Superfast TRN14465,Superfast
TRN14216,Passenger TRN14216,Passenger
TRN10630,Passenger TRN10630,Passenger
TRN11836,Rajdhani TRN11836,Rajdhani
TRN12040,Shatabdi TRN12040,Shatabdi
TRN12119,Express TRN12119,Express
TRN10282,Express TRN10282,Express
TRN14779,Passenger TRN14779,Passenger
TRN10105,Superfast TRN10105,Superfast
TRN12629,Superfast TRN12629,Superfast
TRN12688,Vande Bharat TRN12688,Vande Bharat
TRN11291,Shatabdi TRN11291,Shatabdi
TRN12259,Passenger TRN12259,Passenger
TRN12810,Superfast TRN12810,Superfast
TRN13979,Superfast TRN13979,Superfast
TRN11818,Superfast TRN11818,Superfast
TRN13352,Passenger TRN13352,Passenger
TRN13634,Express TRN13634,Express
TRN11436,Express TRN11436,Express
TRN13271,Shatabdi TRN13271,Shatabdi
TRN11169,Express TRN11169,Express
TRN10192,Superfast TRN10192,Superfast
TRN14046,Express TRN14046,Express
TRN10382,Vande Bharat TRN10382,Vande Bharat
TRN12337,Express TRN12337,Express
TRN12309,Shatabdi TRN12309,Shatabdi
TRN11827,Passenger TRN11827,Passenger
TRN14352,Passenger TRN14352,Passenger
TRN14017,Shatabdi TRN14017,Shatabdi
TRN14935,Passenger TRN14935,Passenger
TRN14964,Superfast TRN14964,Superfast
TRN13289,Express TRN13289,Express
TRN12704,Passenger TRN12704,Passenger
TRN10887,Superfast TRN10887,Superfast
TRN13018,Rajdhani TRN13018,Rajdhani
TRN14847,Superfast TRN14847,Superfast
TRN13712,Express TRN13712,Express
TRN11149,Express TRN11149,Express
TRN11973,Passenger TRN11973,Passenger
TRN14318,Express TRN14318,Express
TRN13031,Express TRN13031,Express
TRN14149,Passenger TRN14149,Passenger
TRN14468,Express TRN14468,Express
TRN10448,Passenger TRN10448,Passenger
TRN10681,Express TRN10681,Express
TRN11596,Passenger TRN11596,Passenger
TRN10214,Superfast TRN10214,Superfast
TRN14701,Superfast TRN14701,Superfast
TRN14613,Express TRN14613,Express
TRN13236,Superfast TRN13236,Superfast
TRN10928,Passenger TRN10928,Passenger
TRN14894,Express TRN14894,Express
TRN11005,Passenger TRN11005,Passenger
TRN14995,Express TRN14995,Express
TRN11625,Rajdhani TRN11625,Rajdhani
TRN12201,Passenger TRN12201,Passenger
TRN14340,Express TRN14340,Express
TRN14655,Superfast TRN14655,Superfast
TRN12583,Express TRN12583,Express
TRN13610,Superfast TRN13610,Superfast
TRN14254,Express TRN14254,Express
TRN13766,Express TRN13766,Express
TRN13077,Express TRN13077,Express
TRN13921,Superfast TRN13921,Superfast
TRN13101,Express TRN13101,Express
TRN11764,Express TRN11764,Express
TRN14748,Superfast TRN14748,Superfast
TRN13470,Vande Bharat TRN13470,Vande Bharat
TRN14190,Rajdhani TRN14190,Rajdhani
TRN12132,Express TRN12132,Express
TRN13843,Express TRN13843,Express
TRN10028,Express TRN10028,Express
TRN10115,Superfast TRN10115,Superfast
TRN12027,Superfast TRN12027,Superfast
TRN10883,Vande Bharat TRN10883,Vande Bharat
TRN13911,Superfast TRN13911,Superfast
TRN14548,Passenger TRN14548,Passenger
TRN14959,Superfast TRN14959,Superfast
TRN11312,Superfast TRN11312,Superfast
TRN12596,Passenger TRN12596,Passenger
TRN11175,Express TRN11175,Express
TRN14799,Shatabdi TRN14799,Shatabdi
TRN11787,Passenger TRN11787,Passenger
TRN12579,Express TRN12579,Express
TRN13793,Express TRN13793,Express
TRN14055,Passenger TRN14055,Passenger
TRN14460,Superfast TRN14460,Superfast
TRN11550,Passenger TRN11550,Passenger
TRN14985,Passenger TRN14985,Passenger
TRN14649,Express TRN14649,Express
TRN14566,Superfast TRN14566,Superfast
TRN14982,Superfast TRN14982,Superfast
TRN11318,Superfast TRN11318,Superfast
TRN11397,Express TRN11397,Express
TRN10418,Passenger TRN10418,Passenger
TRN11952,Superfast TRN11952,Superfast
TRN10860,Superfast TRN10860,Superfast
TRN12492,Express TRN12492,Express
TRN10696,Superfast TRN10696,Superfast
TRN12366,Superfast TRN12366,Superfast
TRN11859,Express TRN11859,Express
TRN13226,Superfast TRN13226,Superfast
TRN10967,Express TRN10967,Express
TRN10732,Passenger TRN10732,Passenger
TRN13338,Superfast TRN13338,Superfast
TRN12085,Superfast TRN12085,Superfast
TRN13656,Superfast TRN13656,Superfast
TRN10893,Superfast TRN10893,Superfast
TRN13945,Superfast TRN13945,Superfast
TRN11754,Passenger TRN11754,Passenger
TRN10719,Passenger TRN10719,Passenger
TRN11426,Express TRN11426,Express
TRN12582,Express TRN12582,Express
TRN10152,Superfast TRN10152,Superfast
TRN11761,Passenger TRN11761,Passenger
TRN12611,Superfast TRN12611,Superfast
TRN12525,Passenger TRN12525,Passenger
TRN10735,Express TRN10735,Express
TRN10356,Vande Bharat TRN10356,Vande Bharat
TRN13051,Express TRN13051,Express
TRN12554,Passenger TRN12554,Passenger
TRN14468,Superfast TRN14468,Superfast
TRN14283,Express TRN14283,Express
TRN14977,Superfast TRN14977,Superfast
TRN13141,Express TRN13141,Express
TRN10968,Express TRN10968,Express
TRN14331,Superfast TRN14331,Superfast
TRN10983,Superfast TRN10983,Superfast
TRN14262,Express TRN14262,Express
TRN11749,Superfast TRN11749,Superfast
TRN13042,Passenger TRN13042,Passenger
TRN10762,Superfast TRN10762,Superfast
TRN13247,Express TRN13247,Express
TRN11863,Express TRN11863,Express
TRN11488,Passenger TRN11488,Passenger
TRN13913,Superfast TRN13913,Superfast
TRN11779,Vande Bharat TRN11779,Vande Bharat
TRN13000,Express TRN13000,Express
TRN11004,Vande Bharat TRN11004,Vande Bharat
TRN11109,Express TRN11109,Express
TRN14684,Superfast TRN14684,Superfast
TRN10451,Rajdhani TRN10451,Rajdhani
TRN10967,Superfast TRN10967,Superfast
TRN14297,Express TRN14297,Express
TRN14523,Superfast TRN14523,Superfast
TRN14817,Express TRN14817,Express
TRN13641,Express TRN13641,Express
TRN11173,Superfast TRN11173,Superfast
TRN10351,Rajdhani TRN10351,Rajdhani
TRN11075,Superfast TRN11075,Superfast
TRN12793,Vande Bharat TRN12793,Vande Bharat
TRN14200,Superfast TRN14200,Superfast
TRN11222,Express TRN11222,Express
TRN14759,Rajdhani TRN14759,Rajdhani
TRN14447,Express TRN14447,Express
TRN12765,Express TRN12765,Express
TRN10998,Express TRN10998,Express
TRN14492,Express TRN14492,Express
TRN13135,Superfast TRN13135,Superfast
TRN13131,Express TRN13131,Express
TRN14873,Superfast TRN14873,Superfast
TRN10232,Express TRN10232,Express
TRN12238,Express TRN12238,Express
TRN14199,Superfast TRN14199,Superfast
TRN11954,Vande Bharat TRN11954,Vande Bharat
TRN11344,Express TRN11344,Express
TRN10478,Passenger TRN10478,Passenger
TRN11108,Express TRN11108,Express
TRN10419,Passenger TRN10419,Passenger
TRN14180,Superfast TRN14180,Superfast
TRN13935,Passenger TRN13935,Passenger
TRN11199,Express TRN11199,Express
TRN14300,Vande Bharat TRN14300,Vande Bharat
TRN14611,Superfast TRN14611,Superfast
TRN12931,Superfast TRN12931,Superfast
TRN13361,Superfast TRN13361,Superfast
TRN11649,Rajdhani TRN11649,Rajdhani
TRN12078,Shatabdi TRN12078,Shatabdi
TRN10707,Express TRN10707,Express
TRN12024,Superfast TRN12024,Superfast
TRN13986,Passenger TRN13986,Passenger
TRN10937,Express TRN10937,Express
TRN12895,Passenger TRN12895,Passenger
TRN11499,Passenger TRN11499,Passenger
TRN12599,Shatabdi TRN12599,Shatabdi
TRN11932,Express TRN11932,Express
TRN11403,Express TRN11403,Express
TRN12857,Express TRN12857,Express
TRN13020,Superfast TRN13020,Superfast
TRN10307,Passenger TRN10307,Passenger
TRN14416,Express TRN14416,Express
TRN11791,Passenger TRN11791,Passenger
TRN11128,Express TRN11128,Express
TRN10210,Shatabdi TRN10210,Shatabdi
TRN12605,Superfast TRN12605,Superfast
TRN10571,Express TRN10571,Express
TRN13359,Vande Bharat TRN13359,Vande Bharat
TRN11215,Express TRN11215,Express
TRN12354,Express TRN12354,Express
TRN11792,Superfast TRN11792,Superfast
TRN14675,Passenger TRN14675,Passenger
TRN10583,Superfast TRN10583,Superfast
TRN14028,Superfast TRN14028,Superfast
TRN14362,Superfast TRN14362,Superfast
TRN10871,Shatabdi TRN10871,Shatabdi
TRN10792,Passenger TRN10792,Passenger
TRN11796,Shatabdi TRN11796,Shatabdi
TRN12956,Superfast TRN12956,Superfast
TRN10359,Vande Bharat TRN10359,Vande Bharat
TRN10799,Rajdhani TRN10799,Rajdhani
TRN11451,Express TRN11451,Express
TRN10575,Express TRN10575,Express
TRN13427,Shatabdi TRN13427,Shatabdi
TRN10782,Express TRN10782,Express
TRN11207,Express TRN11207,Express
TRN13643,Superfast TRN13643,Superfast
TRN12468,Superfast TRN12468,Superfast
TRN11289,Superfast TRN11289,Superfast
TRN11219,Passenger TRN11219,Passenger
TRN12902,Passenger TRN12902,Passenger
TRN11061,Passenger TRN11061,Passenger
TRN12941,Rajdhani TRN12941,Rajdhani
TRN14731,Express TRN14731,Express
TRN11194,Superfast TRN11194,Superfast
TRN11630,Superfast TRN11630,Superfast
TRN11933,Passenger TRN11933,Passenger
TRN11083,Express TRN11083,Express
TRN12689,Express TRN12689,Express
TRN12719,Express TRN12719,Express
TRN11085,Express TRN11085,Express
TRN14228,Superfast TRN14228,Superfast
TRN14077,Express TRN14077,Express
TRN14564,Passenger TRN14564,Passenger
TRN10362,Rajdhani TRN10362,Rajdhani
TRN12253,Express TRN12253,Express
TRN13109,Rajdhani TRN13109,Rajdhani
TRN10082,Superfast TRN10082,Superfast
TRN12176,Passenger TRN12176,Passenger
TRN13633,Rajdhani TRN13633,Rajdhani
TRN11308,Passenger TRN11308,Passenger
TRN12174,Express TRN12174,Express
TRN12781,Passenger TRN12781,Passenger
TRN11041,Express TRN11041,Express
TRN12784,Passenger TRN12784,Passenger
TRN13915,Express TRN13915,Express
TRN13650,Passenger TRN13650,Passenger
TRN10213,Passenger TRN10213,Passenger
TRN14243,Vande Bharat TRN14243,Vande Bharat
TRN14165,Superfast TRN14165,Superfast
TRN14617,Express TRN14617,Express
TRN10912,Express TRN10912,Express
TRN13791,Rajdhani TRN13791,Rajdhani
TRN14245,Express TRN14245,Express
TRN10888,Rajdhani TRN10888,Rajdhani
TRN12844,Passenger TRN12844,Passenger
TRN11204,Superfast TRN11204,Superfast
TRN12391,Shatabdi TRN12391,Shatabdi
TRN11140,Passenger TRN11140,Passenger
TRN13998,Express TRN13998,Express
TRN12697,Rajdhani TRN12697,Rajdhani
TRN14564,Superfast TRN14564,Superfast
TRN11055,Express TRN11055,Express
TRN12830,Superfast TRN12830,Superfast
TRN11063,Express TRN11063,Express
TRN12601,Vande Bharat TRN12601,Vande Bharat
TRN12512,Express TRN12512,Express
TRN11271,Express TRN11271,Express
TRN12010,Express TRN12010,Express
TRN12062,Passenger TRN12062,Passenger
TRN12951,Rajdhani TRN12951,Rajdhani
TRN11929,Rajdhani TRN11929,Rajdhani
TRN11987,Shatabdi TRN11987,Shatabdi
TRN11538,Passenger TRN11538,Passenger
TRN13481,Superfast TRN13481,Superfast
TRN11951,Superfast TRN11951,Superfast
TRN13934,Superfast TRN13934,Superfast
TRN10686,Express TRN10686,Express
TRN14059,Superfast TRN14059,Superfast
TRN13575,Superfast TRN13575,Superfast
TRN12766,Passenger TRN12766,Passenger
TRN13408,Passenger TRN13408,Passenger
TRN13119,Passenger TRN13119,Passenger
TRN10419,Rajdhani TRN10419,Rajdhani
TRN10485,Superfast TRN10485,Superfast
TRN12094,Superfast TRN12094,Superfast
TRN10076,Superfast TRN10076,Superfast
TRN12873,Superfast TRN12873,Superfast
TRN10051,Express TRN10051,Express
TRN13811,Vande Bharat TRN13811,Vande Bharat
TRN14700,Superfast TRN14700,Superfast
TRN14090,Express TRN14090,Express
TRN14609,Passenger TRN14609,Passenger
TRN13436,Superfast TRN13436,Superfast
TRN14475,Rajdhani TRN14475,Rajdhani
TRN13539,Superfast TRN13539,Superfast
TRN10540,Express TRN10540,Express
TRN13461,Superfast TRN13461,Superfast
TRN10976,Passenger TRN10976,Passenger
TRN13253,Superfast TRN13253,Superfast
TRN14768,Passenger TRN14768,Passenger
TRN11674,Express TRN11674,Express
TRN13730,Rajdhani TRN13730,Rajdhani
TRN11317,Superfast TRN11317,Superfast
TRN12879,Vande Bharat TRN12879,Vande Bharat
TRN12345,Superfast TRN12345,Superfast
TRN12329,Superfast TRN12329,Superfast
TRN13935,Superfast TRN13935,Superfast
TRN14044,Express TRN14044,Express
TRN13487,Passenger TRN13487,Passenger
TRN10437,Superfast TRN10437,Superfast
TRN14928,Express TRN14928,Express
TRN11893,Shatabdi TRN11893,Shatabdi
TRN10789,Express TRN10789,Express
TRN14222,Passenger TRN14222,Passenger
TRN11859,Rajdhani TRN11859,Rajdhani
TRN13251,Superfast TRN13251,Superfast
TRN11680,Express TRN11680,Express
TRN13299,Superfast TRN13299,Superfast
TRN13977,Superfast TRN13977,Superfast
TRN11759,Passenger TRN11759,Passenger
TRN14445,Express TRN14445,Express
TRN11515,Vande Bharat TRN11515,Vande Bharat
TRN11491,Passenger TRN11491,Passenger
TRN11778,Superfast TRN11778,Superfast
TRN14764,Express TRN14764,Express
TRN13282,Express TRN13282,Express
TRN11506,Superfast TRN11506,Superfast
TRN12592,Express TRN12592,Express
TRN10688,Superfast TRN10688,Superfast
TRN13036,Express TRN13036,Express
TRN11257,Express TRN11257,Express
TRN13811,Superfast TRN13811,Superfast
TRN14408,Passenger TRN14408,Passenger
TRN13458,Rajdhani TRN13458,Rajdhani
TRN14757,Superfast TRN14757,Superfast
TRN11648,Rajdhani TRN11648,Rajdhani
TRN13708,Rajdhani TRN13708,Rajdhani
TRN14984,Superfast TRN14984,Superfast
TRN11780,Superfast TRN11780,Superfast
TRN11144,Express TRN11144,Express
TRN12501,Superfast TRN12501,Superfast
TRN11253,Express TRN11253,Express
TRN11279,Superfast TRN11279,Superfast
TRN14665,Superfast TRN14665,Superfast
TRN12306,Express TRN12306,Express
TRN12975,Passenger TRN12975,Passenger
TRN10413,Superfast TRN10413,Superfast
TRN10308,Express TRN10308,Express
TRN10325,Express TRN10325,Express
TRN10270,Superfast TRN10270,Superfast
TRN14425,Express TRN14425,Express
TRN11529,Express TRN11529,Express
TRN13895,Vande Bharat TRN13895,Vande Bharat
TRN14060,Superfast TRN14060,Superfast
TRN14743,Rajdhani TRN14743,Rajdhani
TRN14476,Express TRN14476,Express
TRN11233,Superfast TRN11233,Superfast
TRN14918,Superfast TRN14918,Superfast
TRN11432,Express TRN11432,Express
TRN13182,Superfast TRN13182,Superfast
TRN14374,Express TRN14374,Express
TRN11870,Express TRN11870,Express
TRN12105,Express TRN12105,Express
TRN13338,Passenger TRN13338,Passenger
TRN13690,Express TRN13690,Express
TRN13435,Passenger TRN13435,Passenger
TRN14568,Express TRN14568,Express
TRN13529,Express TRN13529,Express
TRN14943,Superfast TRN14943,Superfast
TRN14472,Express TRN14472,Express
TRN11397,Rajdhani TRN11397,Rajdhani
TRN13192,Passenger TRN13192,Passenger
TRN14966,Superfast TRN14966,Superfast
TRN11973,Express TRN11973,Express
TRN12095,Express TRN12095,Express
TRN11030,Rajdhani TRN11030,Rajdhani
TRN12667,Superfast TRN12667,Superfast
TRN14062,Superfast TRN14062,Superfast
TRN14027,Express TRN14027,Express
TRN14645,Superfast TRN14645,Superfast
TRN12069,Superfast TRN12069,Superfast
TRN13541,Rajdhani TRN13541,Rajdhani
TRN10315,Vande Bharat TRN10315,Vande Bharat
TRN14592,Express TRN14592,Express
TRN14301,Express TRN14301,Express
TRN12731,Vande Bharat TRN12731,Vande Bharat
TRN10490,Express TRN10490,Express
TRN13613,Express TRN13613,Express
TRN14906,Express TRN14906,Express
TRN12502,Rajdhani TRN12502,Rajdhani
TRN14612,Passenger TRN14612,Passenger
TRN14775,Superfast TRN14775,Superfast
TRN11703,Passenger TRN11703,Passenger
TRN14264,Express TRN14264,Express
TRN10993,Rajdhani TRN10993,Rajdhani
TRN10321,Express TRN10321,Express
TRN13250,Superfast TRN13250,Superfast
TRN13729,Superfast TRN13729,Superfast
TRN14452,Rajdhani TRN14452,Rajdhani
TRN13082,Rajdhani TRN13082,Rajdhani
TRN10639,Passenger TRN10639,Passenger
TRN13495,Passenger TRN13495,Passenger
TRN10771,Express TRN10771,Express
TRN10227,Passenger TRN10227,Passenger
TRN11937,Superfast TRN11937,Superfast
TRN11752,Superfast TRN11752,Superfast
TRN14897,Superfast TRN14897,Superfast
TRN13282,Passenger TRN13282,Passenger
TRN13273,Passenger TRN13273,Passenger
TRN12725,Superfast TRN12725,Superfast
TRN12151,Express TRN12151,Express
TRN10334,Superfast TRN10334,Superfast
TRN13006,Vande Bharat TRN13006,Vande Bharat
TRN12547,Vande Bharat TRN12547,Vande Bharat
TRN13458,Express TRN13458,Express
TRN12068,Superfast TRN12068,Superfast
TRN12072,Rajdhani TRN12072,Rajdhani
TRN13029,Express TRN13029,Express
TRN13264,Express TRN13264,Express
TRN13706,Passenger TRN13706,Passenger
TRN13042,Superfast TRN13042,Superfast
TRN10072,Shatabdi TRN10072,Shatabdi
TRN11976,Express TRN11976,Express
TRN12297,Passenger TRN12297,Passenger
TRN11716,Superfast TRN11716,Superfast
TRN12056,Superfast TRN12056,Superfast
TRN12131,Vande Bharat TRN12131,Vande Bharat
TRN10482,Express TRN10482,Express
TRN10030,Passenger TRN10030,Passenger
TRN11295,Express TRN11295,Express
TRN10156,Superfast TRN10156,Superfast
TRN12116,Passenger TRN12116,Passenger
TRN14287,Express TRN14287,Express
TRN13084,Express TRN13084,Express
TRN11031,Superfast TRN11031,Superfast
TRN13548,Passenger TRN13548,Passenger
TRN11992,Passenger TRN11992,Passenger
TRN12114,Express TRN12114,Express
TRN12152,Passenger TRN12152,Passenger
TRN13714,Express TRN13714,Express
TRN13714,Superfast TRN13714,Superfast
TRN10590,Express TRN10590,Express
TRN13186,Superfast TRN13186,Superfast
TRN14563,Passenger TRN14563,Passenger
TRN12978,Passenger TRN12978,Passenger
TRN11058,Rajdhani TRN11058,Rajdhani
TRN13023,Express TRN13023,Express
TRN11658,Rajdhani TRN11658,Rajdhani
TRN14423,Express TRN14423,Express
TRN13591,Passenger TRN13591,Passenger
TRN13809,Express TRN13809,Express
TRN13738,Passenger TRN13738,Passenger
TRN11542,Express TRN11542,Express
TRN12092,Vande Bharat TRN12092,Vande Bharat
TRN14955,Passenger TRN14955,Passenger
TRN11546,Superfast TRN11546,Superfast
TRN13372,Superfast TRN13372,Superfast
TRN13496,Vande Bharat TRN13496,Vande Bharat
TRN13537,Express TRN13537,Express
TRN11606,Passenger TRN11606,Passenger
TRN14754,Express TRN14754,Express
TRN12712,Vande Bharat TRN12712,Vande Bharat
TRN14404,Express TRN14404,Express
TRN13438,Express TRN13438,Express
TRN10562,Passenger TRN10562,Passenger
TRN13892,Express TRN13892,Express
TRN11860,Express TRN11860,Express
TRN12360,Express TRN12360,Express
TRN14537,Superfast TRN14537,Superfast
TRN10502,Shatabdi TRN10502,Shatabdi
TRN11864,Superfast TRN11864,Superfast
TRN12795,Vande Bharat TRN12795,Vande Bharat
TRN13782,Superfast TRN13782,Superfast
TRN13780,Rajdhani TRN13780,Rajdhani
TRN10924,Express TRN10924,Express
TRN11892,Vande Bharat TRN11892,Vande Bharat
TRN10653,Superfast TRN10653,Superfast
TRN14183,Passenger TRN14183,Passenger
TRN12006,Passenger TRN12006,Passenger
TRN14943,Express TRN14943,Express
TRN10722,Express TRN10722,Express
TRN13083,Express TRN13083,Express
TRN14724,Rajdhani TRN14724,Rajdhani
TRN11590,Passenger TRN11590,Passenger
TRN13768,Express TRN13768,Express
TRN10051,Superfast TRN10051,Superfast
TRN12771,Rajdhani TRN12771,Rajdhani
TRN10633,Passenger TRN10633,Passenger
TRN10529,Vande Bharat TRN10529,Vande Bharat
TRN13005,Passenger TRN13005,Passenger
TRN10644,Superfast TRN10644,Superfast
TRN14882,Passenger TRN14882,Passenger
TRN13983,Rajdhani TRN13983,Rajdhani
TRN14649,Superfast TRN14649,Superfast
TRN10155,Express TRN10155,Express
TRN14139,Passenger TRN14139,Passenger
TRN14692,Rajdhani TRN14692,Rajdhani
TRN11634,Passenger TRN11634,Passenger
TRN12671,Superfast TRN12671,Superfast
TRN10007,Shatabdi TRN10007,Shatabdi
TRN13731,Superfast TRN13731,Superfast
TRN12638,Passenger TRN12638,Passenger
TRN12476,Express TRN12476,Express
TRN10110,Express TRN10110,Express
TRN13190,Superfast TRN13190,Superfast
TRN14985,Express TRN14985,Express
TRN14477,Superfast TRN14477,Superfast
TRN13158,Superfast TRN13158,Superfast
TRN11727,Passenger TRN11727,Passenger
TRN13041,Superfast TRN13041,Superfast
TRN11151,Passenger TRN11151,Passenger
TRN10454,Superfast TRN10454,Superfast
TRN14021,Superfast TRN14021,Superfast
TRN13728,Superfast TRN13728,Superfast
TRN10525,Express TRN10525,Express
TRN12506,Shatabdi TRN12506,Shatabdi
TRN12283,Superfast TRN12283,Superfast
TRN13718,Rajdhani TRN13718,Rajdhani
TRN10736,Express TRN10736,Express
TRN10706,Express TRN10706,Express
TRN12682,Superfast TRN12682,Superfast
TRN13708,Express TRN13708,Express
TRN12388,Express TRN12388,Express
TRN12549,Superfast TRN12549,Superfast
TRN14822,Shatabdi TRN14822,Shatabdi
TRN10320,Superfast TRN10320,Superfast
TRN10226,Express TRN10226,Express
TRN12121,Passenger TRN12121,Passenger
TRN13098,Express TRN13098,Express
TRN10927,Passenger TRN10927,Passenger
TRN11750,Express TRN11750,Express
TRN14831,Superfast TRN14831,Superfast
TRN10516,Vande Bharat TRN10516,Vande Bharat
TRN12777,Express TRN12777,Express
TRN12708,Passenger TRN12708,Passenger
TRN14030,Passenger TRN14030,Passenger
TRN11588,Superfast TRN11588,Superfast
TRN14991,Superfast TRN14991,Superfast
TRN11131,Vande Bharat TRN11131,Vande Bharat
TRN14119,Superfast TRN14119,Superfast
TRN10826,Passenger TRN10826,Passenger
TRN11963,Superfast TRN11963,Superfast
TRN13876,Superfast TRN13876,Superfast
TRN10156,Express TRN10156,Express
TRN13294,Rajdhani TRN13294,Rajdhani
TRN10037,Passenger TRN10037,Passenger
TRN11187,Express TRN11187,Express
TRN12421,Passenger TRN12421,Passenger
TRN13055,Rajdhani TRN13055,Rajdhani
TRN13185,Express TRN13185,Express
TRN13940,Passenger TRN13940,Passenger
TRN14716,Passenger TRN14716,Passenger
TRN13771,Express TRN13771,Express
TRN14749,Superfast TRN14749,Superfast
TRN14412,Express TRN14412,Express
TRN14119,Passenger TRN14119,Passenger
TRN13552,Passenger TRN13552,Passenger
TRN14934,Shatabdi TRN14934,Shatabdi
TRN10146,Express TRN10146,Express
TRN12853,Rajdhani TRN12853,Rajdhani
TRN11414,Express TRN11414,Express
TRN10077,Passenger TRN10077,Passenger
TRN12749,Superfast TRN12749,Superfast
TRN11366,Superfast TRN11366,Superfast
TRN11845,Express TRN11845,Express
TRN12079,Rajdhani TRN12079,Rajdhani
TRN12025,Rajdhani TRN12025,Rajdhani
TRN11608,Express TRN11608,Express
TRN11427,Express TRN11427,Express
TRN12941,Passenger TRN12941,Passenger
TRN10196,Superfast TRN10196,Superfast
TRN13199,Passenger TRN13199,Passenger
TRN12542,Superfast TRN12542,Superfast
TRN14375,Express TRN14375,Express
TRN13901,Superfast TRN13901,Superfast
TRN13136,Express TRN13136,Express
TRN12711,Superfast TRN12711,Superfast
TRN13693,Passenger TRN13693,Passenger
TRN12976,Passenger TRN12976,Passenger
TRN12427,Superfast TRN12427,Superfast
TRN10526,Superfast TRN10526,Superfast
TRN12371,Express TRN12371,Express
TRN14657,Express TRN14657,Express
TRN10207,Passenger TRN10207,Passenger
TRN12797,Vande Bharat TRN12797,Vande Bharat
TRN11600,Passenger TRN11600,Passenger
TRN14460,Express TRN14460,Express
TRN10006,Superfast TRN10006,Superfast
TRN10995,Vande Bharat TRN10995,Vande Bharat
TRN14845,Rajdhani TRN14845,Rajdhani
TRN12519,Express TRN12519,Express
TRN11603,Passenger TRN11603,Passenger
TRN14673,Express TRN14673,Express
TRN13278,Superfast TRN13278,Superfast
TRN10904,Shatabdi TRN10904,Shatabdi
TRN10748,Vande Bharat TRN10748,Vande Bharat
TRN14252,Rajdhani TRN14252,Rajdhani
TRN10580,Passenger TRN10580,Passenger
TRN10460,Superfast TRN10460,Superfast
TRN10301,Superfast TRN10301,Superfast
TRN11771,Express TRN11771,Express
TRN14210,Express TRN14210,Express
TRN10100,Express TRN10100,Express
TRN13919,Express TRN13919,Express
TRN14121,Express TRN14121,Express
TRN14689,Express TRN14689,Express
TRN12242,Superfast TRN12242,Superfast
TRN13384,Passenger TRN13384,Passenger
TRN14151,Passenger TRN14151,Passenger
TRN13115,Passenger TRN13115,Passenger
TRN10289,Passenger TRN10289,Passenger
TRN11592,Superfast TRN11592,Superfast
TRN10466,Express TRN10466,Express
TRN11011,Express TRN11011,Express
TRN10509,Passenger TRN10509,Passenger
TRN11351,Superfast TRN11351,Superfast
TRN12786,Superfast TRN12786,Superfast
TRN14392,Vande Bharat TRN14392,Vande Bharat
TRN12147,Vande Bharat TRN12147,Vande Bharat
TRN13451,Express TRN13451,Express
TRN10112,Rajdhani TRN10112,Rajdhani
TRN10304,Express TRN10304,Express
TRN11904,Express TRN11904,Express
TRN11179,Rajdhani TRN11179,Rajdhani
TRN11077,Superfast TRN11077,Superfast
TRN11095,Passenger TRN11095,Passenger
TRN12834,Vande Bharat TRN12834,Vande Bharat
TRN13841,Superfast TRN13841,Superfast
TRN11898,Rajdhani TRN11898,Rajdhani
TRN12826,Rajdhani TRN12826,Rajdhani
TRN11979,Passenger TRN11979,Passenger
TRN14813,Vande Bharat TRN14813,Vande Bharat
TRN13687,Superfast TRN13687,Superfast
TRN13877,Passenger TRN13877,Passenger
TRN12804,Passenger TRN12804,Passenger
TRN12363,Express TRN12363,Express
TRN12816,Express TRN12816,Express
TRN12124,Superfast TRN12124,Superfast
TRN14884,Passenger TRN14884,Passenger
TRN11804,Rajdhani TRN11804,Rajdhani
TRN12418,Rajdhani TRN12418,Rajdhani
TRN11572,Passenger TRN11572,Passenger
TRN12517,Passenger TRN12517,Passenger
TRN11835,Passenger TRN11835,Passenger
TRN11585,Passenger TRN11585,Passenger
TRN13331,Superfast TRN13331,Superfast
TRN11029,Passenger TRN11029,Passenger
TRN11110,Express TRN11110,Express
TRN14524,Superfast TRN14524,Superfast
TRN10622,Express TRN10622,Express
TRN10776,Superfast TRN10776,Superfast
TRN14047,Superfast TRN14047,Superfast
TRN12716,Vande Bharat TRN12716,Vande Bharat
TRN12514,Express TRN12514,Express
TRN11071,Express TRN11071,Express
TRN13333,Passenger TRN13333,Passenger
TRN14480,Express TRN14480,Express
TRN10109,Superfast TRN10109,Superfast
TRN12528,Superfast TRN12528,Superfast
TRN13757,Superfast TRN13757,Superfast
TRN13453,Superfast TRN13453,Superfast
TRN10272,Superfast TRN10272,Superfast
TRN12304,Superfast TRN12304,Superfast
TRN12851,Vande Bharat TRN12851,Vande Bharat
TRN13618,Express TRN13618,Express
TRN11628,Rajdhani TRN11628,Rajdhani
TRN11164,Rajdhani TRN11164,Rajdhani
TRN11614,Vande Bharat TRN11614,Vande Bharat
TRN14415,Vande Bharat TRN14415,Vande Bharat
TRN10383,Superfast TRN10383,Superfast
TRN13111,Vande Bharat TRN13111,Vande Bharat
TRN10726,Superfast TRN10726,Superfast
TRN12051,Superfast TRN12051,Superfast
TRN12838,Passenger TRN12838,Passenger
TRN11776,Vande Bharat TRN11776,Vande Bharat
TRN14937,Shatabdi TRN14937,Shatabdi
TRN10038,Express TRN10038,Express
TRN14700,Shatabdi TRN14700,Shatabdi
TRN13056,Express TRN13056,Express
TRN10694,Passenger TRN10694,Passenger
TRN10142,Shatabdi TRN10142,Shatabdi
TRN13890,Express TRN13890,Express
TRN10292,Express TRN10292,Express
TRN14307,Vande Bharat TRN14307,Vande Bharat
TRN11192,Superfast TRN11192,Superfast
TRN11001,Superfast TRN11001,Superfast
TRN13790,Superfast TRN13790,Superfast
TRN14270,Passenger TRN14270,Passenger
TRN12217,Passenger TRN12217,Passenger
TRN10289,Superfast TRN10289,Superfast
TRN12522,Passenger TRN12522,Passenger
TRN12474,Passenger TRN12474,Passenger
TRN10783,Superfast TRN10783,Superfast
TRN12897,Express TRN12897,Express
TRN13447,Passenger TRN13447,Passenger
TRN10659,Express TRN10659,Express
TRN13806,Express TRN13806,Express
TRN10306,Passenger TRN10306,Passenger
TRN12146,Express TRN12146,Express
TRN14909,Express TRN14909,Express
TRN11582,Passenger TRN11582,Passenger
TRN13970,Passenger TRN13970,Passenger
TRN11245,Rajdhani TRN11245,Rajdhani
TRN10461,Express TRN10461,Express
TRN12622,Passenger TRN12622,Passenger
TRN14639,Vande Bharat TRN14639,Vande Bharat
TRN11882,Vande Bharat TRN11882,Vande Bharat
TRN10294,Passenger TRN10294,Passenger
TRN10113,Passenger TRN10113,Passenger
TRN11877,Shatabdi TRN11877,Shatabdi
TRN14807,Express TRN14807,Express
TRN12359,Express TRN12359,Express
TRN12791,Vande Bharat TRN12791,Vande Bharat
TRN11023,Passenger TRN11023,Passenger
TRN13187,Passenger TRN13187,Passenger
TRN10769,Superfast TRN10769,Superfast
TRN10091,Superfast TRN10091,Superfast
TRN11095,Rajdhani TRN11095,Rajdhani
TRN12258,Passenger TRN12258,Passenger
TRN11656,Shatabdi TRN11656,Shatabdi
TRN14227,Express TRN14227,Express
TRN10767,Superfast TRN10767,Superfast
TRN14520,Rajdhani TRN14520,Rajdhani
TRN13374,Express TRN13374,Express
TRN10085,Passenger TRN10085,Passenger
TRN11195,Express TRN11195,Express
TRN13551,Passenger TRN13551,Passenger
TRN11886,Express TRN11886,Express
TRN13252,Express TRN13252,Express
TRN13286,Vande Bharat TRN13286,Vande Bharat
TRN10377,Express TRN10377,Express
TRN11258,Superfast TRN11258,Superfast
TRN11986,Express TRN11986,Express
TRN13366,Express TRN13366,Express
TRN10855,Passenger TRN10855,Passenger
TRN13257,Passenger TRN13257,Passenger
TRN14444,Superfast TRN14444,Superfast
TRN11707,Shatabdi TRN11707,Shatabdi
TRN10780,Superfast TRN10780,Superfast
TRN10273,Passenger TRN10273,Passenger
TRN11531,Superfast TRN11531,Superfast
TRN14057,Vande Bharat TRN14057,Vande Bharat
TRN13612,Passenger TRN13612,Passenger
TRN13649,Express TRN13649,Express
TRN11802,Superfast TRN11802,Superfast
TRN12108,Express TRN12108,Express
TRN10228,Express TRN10228,Express
TRN10466,Passenger TRN10466,Passenger
TRN12796,Express TRN12796,Express
TRN14052,Superfast TRN14052,Superfast
TRN13686,Passenger TRN13686,Passenger
TRN11356,Express TRN11356,Express
TRN12025,Express TRN12025,Express
TRN14529,Express TRN14529,Express
TRN14038,Superfast TRN14038,Superfast
TRN14045,Express TRN14045,Express
TRN12489,Passenger TRN12489,Passenger
TRN10285,Superfast TRN10285,Superfast
TRN13457,Express TRN13457,Express
TRN10382,Superfast TRN10382,Superfast
TRN11994,Rajdhani TRN11994,Rajdhani
TRN14990,Express TRN14990,Express
TRN13289,Superfast TRN13289,Superfast
TRN14617,Vande Bharat TRN14617,Vande Bharat
TRN10829,Passenger TRN10829,Passenger
TRN10346,Shatabdi TRN10346,Shatabdi
TRN14806,Passenger TRN14806,Passenger
TRN12203,Passenger TRN12203,Passenger
TRN13028,Superfast TRN13028,Superfast
TRN10119,Passenger TRN10119,Passenger
TRN10264,Express TRN10264,Express
TRN10592,Express TRN10592,Express
TRN10127,Passenger TRN10127,Passenger
TRN12953,Express TRN12953,Express
TRN14745,Passenger TRN14745,Passenger
TRN10653,Passenger TRN10653,Passenger
TRN11316,Passenger TRN11316,Passenger
TRN14178,Shatabdi TRN14178,Shatabdi
TRN11605,Vande Bharat TRN11605,Vande Bharat
TRN14735,Express TRN14735,Express
TRN14734,Express TRN14734,Express
TRN14399,Rajdhani TRN14399,Rajdhani
TRN14375,Superfast TRN14375,Superfast
TRN12930,Superfast TRN12930,Superfast
TRN14793,Rajdhani TRN14793,Rajdhani
TRN14741,Passenger TRN14741,Passenger
TRN13010,Rajdhani TRN13010,Rajdhani
TRN11609,Passenger TRN11609,Passenger
TRN10306,Superfast TRN10306,Superfast
TRN11763,Express TRN11763,Express
TRN12625,Express TRN12625,Express
TRN10096,Express TRN10096,Express
TRN14163,Superfast TRN14163,Superfast
TRN10982,Superfast TRN10982,Superfast
TRN14142,Superfast TRN14142,Superfast
TRN10526,Express TRN10526,Express
TRN13607,Superfast TRN13607,Superfast
TRN11204,Express TRN11204,Express
TRN11206,Superfast TRN11206,Superfast
TRN12084,Express TRN12084,Express
TRN11664,Passenger TRN11664,Passenger
TRN10587,Passenger TRN10587,Passenger
TRN12256,Superfast TRN12256,Superfast
TRN13684,Passenger TRN13684,Passenger
TRN11901,Vande Bharat TRN11901,Vande Bharat
TRN11308,Express TRN11308,Express
TRN10215,Vande Bharat TRN10215,Vande Bharat
TRN12880,Express TRN12880,Express
TRN11624,Express TRN11624,Express
TRN13900,Vande Bharat TRN13900,Vande Bharat
TRN12227,Shatabdi TRN12227,Shatabdi
TRN11587,Express TRN11587,Express
TRN10008,Superfast TRN10008,Superfast
TRN11168,Express TRN11168,Express
TRN11423,Superfast TRN11423,Superfast
TRN12836,Superfast TRN12836,Superfast
TRN11415,Superfast TRN11415,Superfast
TRN12844,Superfast TRN12844,Superfast
TRN12250,Vande Bharat TRN12250,Vande Bharat
TRN12663,Express TRN12663,Express
TRN11704,Superfast TRN11704,Superfast
TRN14458,Express TRN14458,Express
TRN14092,Superfast TRN14092,Superfast
TRN10927,Express TRN10927,Express
TRN10086,Superfast TRN10086,Superfast
TRN14557,Passenger TRN14557,Passenger
TRN11051,Superfast TRN11051,Superfast
TRN11590,Express TRN11590,Express
TRN13121,Express TRN13121,Express
TRN12335,Superfast TRN12335,Superfast
TRN13490,Passenger TRN13490,Passenger
TRN14843,Express TRN14843,Express
TRN13514,Superfast TRN13514,Superfast
TRN11361,Passenger TRN11361,Passenger
TRN11409,Express TRN11409,Express
TRN12061,Superfast TRN12061,Superfast
TRN11748,Passenger TRN11748,Passenger
TRN13169,Passenger TRN13169,Passenger
TRN11972,Express TRN11972,Express
TRN11708,Express TRN11708,Express
TRN11184,Passenger TRN11184,Passenger
TRN14350,Express TRN14350,Express
TRN14070,Express TRN14070,Express
TRN10264,Rajdhani TRN10264,Rajdhani
TRN10639,Vande Bharat TRN10639,Vande Bharat
TRN14178,Express TRN14178,Express
TRN10796,Passenger TRN10796,Passenger
TRN10535,Express TRN10535,Express
TRN14702,Superfast TRN14702,Superfast
TRN10083,Superfast TRN10083,Superfast
TRN10963,Superfast TRN10963,Superfast
TRN13603,Vande Bharat TRN13603,Vande Bharat
TRN10271,Superfast TRN10271,Superfast
TRN10202,Superfast TRN10202,Superfast
TRN11228,Express TRN11228,Express
TRN14331,Express TRN14331,Express
TRN10548,Passenger TRN10548,Passenger
TRN10227,Superfast TRN10227,Superfast
TRN14595,Superfast TRN14595,Superfast
TRN12222,Superfast TRN12222,Superfast
TRN14614,Express TRN14614,Express
TRN13230,Passenger TRN13230,Passenger
TRN11028,Express TRN11028,Express
TRN13769,Passenger TRN13769,Passenger
TRN14892,Superfast TRN14892,Superfast
TRN11466,Passenger TRN11466,Passenger
TRN14677,Superfast TRN14677,Superfast
TRN10114,Express TRN10114,Express
TRN13877,Express TRN13877,Express
TRN10635,Superfast TRN10635,Superfast
TRN11839,Superfast TRN11839,Superfast
TRN14116,Express TRN14116,Express
TRN14633,Vande Bharat TRN14633,Vande Bharat
TRN12126,Rajdhani TRN12126,Rajdhani
TRN10621,Superfast TRN10621,Superfast
TRN10028,Superfast TRN10028,Superfast
TRN10787,Superfast TRN10787,Superfast
TRN11150,Express TRN11150,Express
TRN13472,Vande Bharat TRN13472,Vande Bharat
TRN10515,Passenger TRN10515,Passenger
TRN14433,Passenger TRN14433,Passenger
TRN13698,Superfast TRN13698,Superfast
TRN11434,Express TRN11434,Express
TRN14947,Superfast TRN14947,Superfast
TRN12945,Passenger TRN12945,Passenger
TRN11645,Express TRN11645,Express
TRN12234,Passenger TRN12234,Passenger
TRN11150,Superfast TRN11150,Superfast
TRN12832,Express TRN12832,Express
TRN10154,Express TRN10154,Express
TRN12600,Superfast TRN12600,Superfast
TRN14160,Express TRN14160,Express
TRN13402,Superfast TRN13402,Superfast
TRN14293,Express TRN14293,Express
TRN12545,Express TRN12545,Express
TRN10241,Passenger TRN10241,Passenger
TRN10830,Superfast TRN10830,Superfast
TRN14796,Passenger TRN14796,Passenger
TRN11083,Vande Bharat TRN11083,Vande Bharat
TRN12554,Express TRN12554,Express
TRN13797,Passenger TRN13797,Passenger
TRN11217,Passenger TRN11217,Passenger
TRN14889,Express TRN14889,Express
TRN10570,Express TRN10570,Express
TRN11486,Express TRN11486,Express
TRN12782,Express TRN12782,Express
TRN12071,Express TRN12071,Express
TRN10694,Superfast TRN10694,Superfast
TRN14306,Express TRN14306,Express
TRN12399,Superfast TRN12399,Superfast
TRN10817,Passenger TRN10817,Passenger
TRN11692,Superfast TRN11692,Superfast
TRN11431,Passenger TRN11431,Passenger
TRN14763,Vande Bharat TRN14763,Vande Bharat
TRN11615,Rajdhani TRN11615,Rajdhani
TRN12206,Superfast TRN12206,Superfast
TRN12466,Vande Bharat TRN12466,Vande Bharat
TRN10388,Express TRN10388,Express
TRN12460,Passenger TRN12460,Passenger
TRN12375,Express TRN12375,Express
TRN14672,Superfast TRN14672,Superfast
TRN10033,Rajdhani TRN10033,Rajdhani
TRN13295,Passenger TRN13295,Passenger
TRN14769,Superfast TRN14769,Superfast
TRN14110,Superfast TRN14110,Superfast
TRN11576,Superfast TRN11576,Superfast
TRN10144,Superfast TRN10144,Superfast
TRN10300,Superfast TRN10300,Superfast
TRN11497,Superfast TRN11497,Superfast
TRN12323,Superfast TRN12323,Superfast
TRN13722,Passenger TRN13722,Passenger
TRN13074,Passenger TRN13074,Passenger
TRN13738,Rajdhani TRN13738,Rajdhani
TRN14609,Express TRN14609,Express
TRN14469,Superfast TRN14469,Superfast
TRN11108,Superfast TRN11108,Superfast
TRN10763,Vande Bharat TRN10763,Vande Bharat
TRN11255,Passenger TRN11255,Passenger
TRN10891,Passenger TRN10891,Passenger
TRN13357,Express TRN13357,Express
TRN12569,Passenger TRN12569,Passenger
TRN13681,Superfast TRN13681,Superfast
TRN13442,Express TRN13442,Express
TRN11514,Express TRN11514,Express
TRN11518,Superfast TRN11518,Superfast
TRN14013,Vande Bharat TRN14013,Vande Bharat
TRN13650,Superfast TRN13650,Superfast
TRN11948,Superfast TRN11948,Superfast
TRN13411,Passenger TRN13411,Passenger
TRN12542,Passenger TRN12542,Passenger
TRN11751,Express TRN11751,Express
TRN10193,Express TRN10193,Express
TRN10355,Passenger TRN10355,Passenger
TRN13100,Express TRN13100,Express
TRN13224,Shatabdi TRN13224,Shatabdi
TRN13646,Superfast TRN13646,Superfast
TRN11852,Express TRN11852,Express
TRN14426,Express TRN14426,Express
TRN14629,Superfast TRN14629,Superfast
TRN12755,Passenger TRN12755,Passenger
TRN11158,Superfast TRN11158,Superfast
TRN12186,Shatabdi TRN12186,Shatabdi
TRN10855,Vande Bharat TRN10855,Vande Bharat
TRN13343,Rajdhani TRN13343,Rajdhani
TRN10010,Superfast TRN10010,Superfast
TRN14735,Superfast TRN14735,Superfast
TRN10878,Superfast TRN10878,Superfast
TRN11863,Superfast TRN11863,Superfast
TRN13572,Passenger TRN13572,Passenger
TRN14393,Superfast TRN14393,Superfast
TRN13833,Express TRN13833,Express
TRN14856,Vande Bharat TRN14856,Vande Bharat
TRN11858,Rajdhani TRN11858,Rajdhani
TRN10248,Superfast TRN10248,Superfast
TRN14595,Passenger TRN14595,Passenger
TRN13579,Superfast TRN13579,Superfast
TRN11906,Superfast TRN11906,Superfast
TRN11983,Rajdhani TRN11983,Rajdhani
TRN10280,Passenger TRN10280,Passenger
TRN14322,Express TRN14322,Express
TRN14165,Rajdhani TRN14165,Rajdhani
TRN12655,Superfast TRN12655,Superfast
TRN11519,Express TRN11519,Express
TRN12714,Superfast TRN12714,Superfast
TRN10444,Superfast TRN10444,Superfast
TRN11193,Superfast TRN11193,Superfast
TRN14782,Vande Bharat TRN14782,Vande Bharat
TRN12227,Rajdhani TRN12227,Rajdhani
TRN10747,Express TRN10747,Express
TRN14952,Superfast TRN14952,Superfast
TRN10911,Superfast TRN10911,Superfast
TRN12846,Express TRN12846,Express
TRN13699,Superfast TRN13699,Superfast
TRN14688,Superfast TRN14688,Superfast
TRN10208,Express TRN10208,Express
TRN14064,Express TRN14064,Express
TRN11209,Express TRN11209,Express
TRN11970,Passenger TRN11970,Passenger
TRN10254,Express TRN10254,Express
TRN14730,Superfast TRN14730,Superfast
TRN13518,Express TRN13518,Express
TRN10158,Vande Bharat TRN10158,Vande Bharat
TRN14510,Express TRN14510,Express
TRN12766,Rajdhani TRN12766,Rajdhani
TRN10978,Express TRN10978,Express
TRN11020,Superfast TRN11020,Superfast
TRN14500,Superfast TRN14500,Superfast
TRN10334,Express TRN10334,Express
TRN13193,Shatabdi TRN13193,Shatabdi
TRN14346,Superfast TRN14346,Superfast
TRN12415,Passenger TRN12415,Passenger
TRN13909,Rajdhani TRN13909,Rajdhani
TRN13665,Superfast TRN13665,Superfast
TRN14440,Vande Bharat TRN14440,Vande Bharat
TRN13992,Passenger TRN13992,Passenger
TRN12199,Passenger TRN12199,Passenger
TRN13743,Express TRN13743,Express
TRN10652,Shatabdi TRN10652,Shatabdi
TRN10164,Passenger TRN10164,Passenger
TRN10051,Vande Bharat TRN10051,Vande Bharat
TRN12729,Rajdhani TRN12729,Rajdhani
TRN14444,Passenger TRN14444,Passenger
TRN11965,Superfast TRN11965,Superfast
TRN11211,Superfast TRN11211,Superfast
TRN10027,Rajdhani TRN10027,Rajdhani
TRN11522,Vande Bharat TRN11522,Vande Bharat
TRN14808,Express TRN14808,Express
TRN13849,Express TRN13849,Express
TRN13869,Rajdhani TRN13869,Rajdhani
TRN12667,Passenger TRN12667,Passenger
TRN13852,Express TRN13852,Express
TRN12029,Express TRN12029,Express
TRN10953,Superfast TRN10953,Superfast
TRN14186,Express TRN14186,Express
TRN11094,Superfast TRN11094,Superfast
TRN11266,Express TRN11266,Express
TRN14679,Express TRN14679,Express
TRN10548,Express TRN10548,Express
TRN14083,Superfast TRN14083,Superfast
TRN14998,Express TRN14998,Express
TRN11395,Passenger TRN11395,Passenger
TRN10838,Superfast TRN10838,Superfast
TRN11582,Superfast TRN11582,Superfast
TRN10302,Express TRN10302,Express
TRN12945,Superfast TRN12945,Superfast
TRN12892,Vande Bharat TRN12892,Vande Bharat
TRN14768,Shatabdi TRN14768,Shatabdi
TRN13096,Superfast TRN13096,Superfast
TRN10856,Passenger TRN10856,Passenger
TRN12794,Express TRN12794,Express
TRN10251,Passenger TRN10251,Passenger
TRN13785,Express TRN13785,Express
TRN13090,Passenger TRN13090,Passenger
TRN14156,Express TRN14156,Express
TRN10799,Passenger TRN10799,Passenger
TRN14415,Superfast TRN14415,Superfast
TRN14436,Superfast TRN14436,Superfast
TRN10453,Superfast TRN10453,Superfast
TRN14629,Express TRN14629,Express
TRN12440,Express TRN12440,Express
TRN14565,Express TRN14565,Express
TRN13596,Passenger TRN13596,Passenger
TRN14861,Express TRN14861,Express
TRN10032,Express TRN10032,Express
TRN13463,Superfast TRN13463,Superfast
TRN10511,Vande Bharat TRN10511,Vande Bharat
TRN11507,Rajdhani TRN11507,Rajdhani
TRN14453,Shatabdi TRN14453,Shatabdi
TRN14860,Express TRN14860,Express
TRN12130,Passenger TRN12130,Passenger
TRN13663,Express TRN13663,Express
TRN12025,Vande Bharat TRN12025,Vande Bharat
TRN10447,Superfast TRN10447,Superfast
TRN12614,Superfast TRN12614,Superfast
TRN13882,Passenger TRN13882,Passenger
TRN12212,Superfast TRN12212,Superfast
TRN13260,Express TRN13260,Express
TRN11321,Superfast TRN11321,Superfast
TRN12521,Express TRN12521,Express
TRN13129,Express TRN13129,Express
TRN10399,Passenger TRN10399,Passenger
TRN14085,Superfast TRN14085,Superfast
TRN12530,Superfast TRN12530,Superfast
TRN11949,Express TRN11949,Express
TRN10661,Vande Bharat TRN10661,Vande Bharat
TRN12211,Passenger TRN12211,Passenger
TRN14553,Express TRN14553,Express
TRN14661,Express TRN14661,Express
TRN10658,Superfast TRN10658,Superfast
TRN11769,Passenger TRN11769,Passenger
TRN13145,Vande Bharat TRN13145,Vande Bharat
TRN14214,Express TRN14214,Express
TRN10647,Shatabdi TRN10647,Shatabdi
TRN11915,Express TRN11915,Express
TRN12280,Superfast TRN12280,Superfast
TRN13952,Express TRN13952,Express
TRN13969,Passenger TRN13969,Passenger
TRN11987,Passenger TRN11987,Passenger
TRN11908,Superfast TRN11908,Superfast
TRN14435,Express TRN14435,Express
TRN10389,Superfast TRN10389,Superfast
TRN12267,Superfast TRN12267,Superfast
TRN11532,Shatabdi TRN11532,Shatabdi
TRN13369,Express TRN13369,Express
TRN12589,Express TRN12589,Express
TRN13367,Express TRN13367,Express
TRN14153,Express TRN14153,Express
TRN11733,Passenger TRN11733,Passenger
TRN13445,Shatabdi TRN13445,Shatabdi
TRN13172,Vande Bharat TRN13172,Vande Bharat
TRN14700,Rajdhani TRN14700,Rajdhani
TRN11152,Superfast TRN11152,Superfast
TRN13638,Passenger TRN13638,Passenger
TRN14453,Superfast TRN14453,Superfast
TRN12159,Superfast TRN12159,Superfast
TRN11350,Superfast TRN11350,Superfast
TRN13536,Vande Bharat TRN13536,Vande Bharat
TRN14273,Superfast TRN14273,Superfast
TRN14530,Express TRN14530,Express
TRN11577,Express TRN11577,Express
TRN10699,Rajdhani TRN10699,Rajdhani
TRN14368,Express TRN14368,Express
TRN12718,Passenger TRN12718,Passenger
TRN14951,Express TRN14951,Express
TRN10761,Express TRN10761,Express
TRN14870,Express TRN14870,Express
TRN13324,Express TRN13324,Express
TRN14603,Vande Bharat TRN14603,Vande Bharat
TRN12955,Superfast TRN12955,Superfast
TRN12663,Vande Bharat TRN12663,Vande Bharat
TRN12317,Superfast TRN12317,Superfast
TRN10521,Vande Bharat TRN10521,Vande Bharat
TRN12604,Express TRN12604,Express
TRN14689,Superfast TRN14689,Superfast
TRN12762,Superfast TRN12762,Superfast
TRN13745,Express TRN13745,Express
TRN11019,Superfast TRN11019,Superfast
TRN10088,Superfast TRN10088,Superfast
TRN13209,Express TRN13209,Express
TRN10167,Express TRN10167,Express
TRN12920,Express TRN12920,Express
TRN13347,Express TRN13347,Express
TRN11714,Vande Bharat TRN11714,Vande Bharat
TRN10431,Superfast TRN10431,Superfast
TRN14582,Passenger TRN14582,Passenger
TRN12042,Superfast TRN12042,Superfast
TRN14784,Passenger TRN14784,Passenger
TRN11882,Express TRN11882,Express
TRN11643,Rajdhani TRN11643,Rajdhani
TRN13545,Express TRN13545,Express
TRN10063,Shatabdi TRN10063,Shatabdi
TRN10020,Passenger TRN10020,Passenger
TRN13194,Shatabdi TRN13194,Shatabdi
TRN12877,Rajdhani TRN12877,Rajdhani
TRN11037,Express TRN11037,Express
TRN14707,Express TRN14707,Express
TRN14260,Express TRN14260,Express
TRN12167,Express TRN12167,Express
TRN14411,Rajdhani TRN14411,Rajdhani
TRN12639,Shatabdi TRN12639,Shatabdi
TRN11642,Rajdhani TRN11642,Rajdhani
TRN14564,Rajdhani TRN14564,Rajdhani
TRN13490,Vande Bharat TRN13490,Vande Bharat
TRN13586,Vande Bharat TRN13586,Vande Bharat
TRN12076,Passenger TRN12076,Passenger
TRN12942,Superfast TRN12942,Superfast
TRN10365,Passenger TRN10365,Passenger
TRN13506,Express TRN13506,Express
TRN11993,Express TRN11993,Express
TRN13791,Superfast TRN13791,Superfast
TRN12847,Superfast TRN12847,Superfast
TRN14755,Express TRN14755,Express
TRN12073,Express TRN12073,Express
TRN13274,Vande Bharat TRN13274,Vande Bharat
TRN14440,Superfast TRN14440,Superfast
TRN11503,Express TRN11503,Express
TRN10407,Passenger TRN10407,Passenger
TRN14883,Passenger TRN14883,Passenger
TRN11990,Superfast TRN11990,Superfast
TRN10221,Express TRN10221,Express
TRN13326,Superfast TRN13326,Superfast
TRN11103,Shatabdi TRN11103,Shatabdi
TRN11607,Superfast TRN11607,Superfast
TRN10483,Express TRN10483,Express
TRN14881,Express TRN14881,Express
TRN11826,Passenger TRN11826,Passenger
TRN14222,Vande Bharat TRN14222,Vande Bharat
TRN10099,Passenger TRN10099,Passenger
TRN10880,Rajdhani TRN10880,Rajdhani
TRN12134,Vande Bharat TRN12134,Vande Bharat
TRN10853,Passenger TRN10853,Passenger
TRN12384,Passenger TRN12384,Passenger
TRN10613,Express TRN10613,Express
TRN12553,Superfast TRN12553,Superfast
TRN13807,Express TRN13807,Express
TRN13436,Shatabdi TRN13436,Shatabdi
TRN14993,Rajdhani TRN14993,Rajdhani
TRN11563,Express TRN11563,Express
TRN12429,Superfast TRN12429,Superfast
TRN12404,Superfast TRN12404,Superfast
TRN13195,Passenger TRN13195,Passenger
TRN14221,Passenger TRN14221,Passenger
TRN10463,Express TRN10463,Express
TRN10879,Express TRN10879,Express
TRN11646,Superfast TRN11646,Superfast
TRN14396,Express TRN14396,Express
TRN10977,Superfast TRN10977,Superfast
TRN14361,Passenger TRN14361,Passenger
TRN10653,Express TRN10653,Express
TRN14225,Passenger TRN14225,Passenger
TRN14266,Express TRN14266,Express
TRN10995,Passenger TRN10995,Passenger
TRN10029,Express TRN10029,Express
TRN14678,Rajdhani TRN14678,Rajdhani
TRN11253,Superfast TRN11253,Superfast
TRN11013,Superfast TRN11013,Superfast
TRN12543,Passenger TRN12543,Passenger
TRN10794,Passenger TRN10794,Passenger
TRN10243,Superfast TRN10243,Superfast
TRN12090,Superfast TRN12090,Superfast
TRN10193,Passenger TRN10193,Passenger
TRN11171,Passenger TRN11171,Passenger
TRN12205,Passenger TRN12205,Passenger
TRN10256,Superfast TRN10256,Superfast
TRN12128,Passenger TRN12128,Passenger
TRN14293,Vande Bharat TRN14293,Vande Bharat
TRN12752,Vande Bharat TRN12752,Vande Bharat
TRN12398,Superfast TRN12398,Superfast
TRN10496,Rajdhani TRN10496,Rajdhani
TRN11914,Superfast TRN11914,Superfast
TRN14185,Rajdhani TRN14185,Rajdhani
TRN14562,Rajdhani TRN14562,Rajdhani
TRN10576,Rajdhani TRN10576,Rajdhani
TRN13782,Express TRN13782,Express
TRN13681,Passenger TRN13681,Passenger
TRN14833,Passenger TRN14833,Passenger
TRN12414,Express TRN12414,Express
TRN10911,Vande Bharat TRN10911,Vande Bharat
TRN10748,Passenger TRN10748,Passenger
TRN10387,Express TRN10387,Express
TRN12607,Express TRN12607,Express
TRN10538,Passenger TRN10538,Passenger
TRN11471,Express TRN11471,Express
TRN12598,Superfast TRN12598,Superfast
TRN13302,Passenger TRN13302,Passenger
TRN14891,Passenger TRN14891,Passenger
TRN14655,Rajdhani TRN14655,Rajdhani
TRN13936,Express TRN13936,Express
TRN10664,Express TRN10664,Express
TRN12888,Vande Bharat TRN12888,Vande Bharat
TRN14786,Superfast TRN14786,Superfast
TRN14777,Shatabdi TRN14777,Shatabdi
TRN11639,Express TRN11639,Express
TRN11873,Superfast TRN11873,Superfast
TRN14737,Passenger TRN14737,Passenger
TRN12168,Express TRN12168,Express
TRN11989,Superfast TRN11989,Superfast
TRN12795,Superfast TRN12795,Superfast
TRN10979,Express TRN10979,Express
TRN11774,Passenger TRN11774,Passenger
TRN11302,Passenger TRN11302,Passenger
TRN10275,Superfast TRN10275,Superfast
TRN13201,Express TRN13201,Express
TRN14420,Express TRN14420,Express
TRN11210,Rajdhani TRN11210,Rajdhani
TRN11993,Vande Bharat TRN11993,Vande Bharat
TRN14479,Passenger TRN14479,Passenger
TRN13018,Passenger TRN13018,Passenger
TRN14818,Passenger TRN14818,Passenger
TRN12653,Rajdhani TRN12653,Rajdhani
TRN11197,Passenger TRN11197,Passenger
TRN10241,Superfast TRN10241,Superfast
TRN14910,Superfast TRN14910,Superfast
TRN11341,Passenger TRN11341,Passenger
TRN14612,Superfast TRN14612,Superfast
TRN11406,Express TRN11406,Express
TRN12802,Vande Bharat TRN12802,Vande Bharat
TRN14824,Superfast TRN14824,Superfast
TRN11748,Superfast TRN11748,Superfast
TRN12296,Express TRN12296,Express
TRN12173,Superfast TRN12173,Superfast
TRN14093,Superfast TRN14093,Superfast
TRN13183,Express TRN13183,Express
TRN13635,Superfast TRN13635,Superfast
TRN11248,Vande Bharat TRN11248,Vande Bharat
TRN12275,Vande Bharat TRN12275,Vande Bharat
TRN14449,Express TRN14449,Express
TRN12011,Passenger TRN12011,Passenger
TRN10265,Express TRN10265,Express
TRN14030,Rajdhani TRN14030,Rajdhani
TRN10321,Passenger TRN10321,Passenger
TRN12508,Express TRN12508,Express
TRN11161,Rajdhani TRN11161,Rajdhani
TRN13463,Express TRN13463,Express
TRN10601,Rajdhani TRN10601,Rajdhani
TRN10650,Rajdhani TRN10650,Rajdhani
TRN14874,Express TRN14874,Express
TRN10519,Superfast TRN10519,Superfast
TRN10615,Superfast TRN10615,Superfast
TRN14656,Express TRN14656,Express
TRN12968,Express TRN12968,Express
TRN12819,Superfast TRN12819,Superfast
TRN13177,Vande Bharat TRN13177,Vande Bharat
TRN12918,Rajdhani TRN12918,Rajdhani
TRN11848,Passenger TRN11848,Passenger
TRN14607,Express TRN14607,Express
TRN11326,Superfast TRN11326,Superfast
TRN12902,Vande Bharat TRN12902,Vande Bharat
TRN14779,Vande Bharat TRN14779,Vande Bharat
TRN13259,Express TRN13259,Express
TRN14341,Superfast TRN14341,Superfast
TRN10877,Express TRN10877,Express
TRN10915,Express TRN10915,Express
TRN11732,Superfast TRN11732,Superfast
TRN12466,Passenger TRN12466,Passenger
TRN14947,Vande Bharat TRN14947,Vande Bharat
TRN12869,Vande Bharat TRN12869,Vande Bharat
TRN11789,Passenger TRN11789,Passenger
TRN10448,Superfast TRN10448,Superfast
TRN10049,Express TRN10049,Express
TRN13151,Passenger TRN13151,Passenger
TRN11305,Rajdhani TRN11305,Rajdhani
TRN13411,Superfast TRN13411,Superfast
TRN10746,Superfast TRN10746,Superfast
TRN14303,Passenger TRN14303,Passenger
TRN10690,Vande Bharat TRN10690,Vande Bharat
TRN11481,Superfast TRN11481,Superfast
TRN11727,Superfast TRN11727,Superfast
TRN10431,Passenger TRN10431,Passenger
TRN14310,Superfast TRN14310,Superfast
TRN10356,Express TRN10356,Express
TRN13292,Passenger TRN13292,Passenger
TRN12847,Passenger TRN12847,Passenger
TRN12466,Express TRN12466,Express
TRN13575,Passenger TRN13575,Passenger
TRN13386,Passenger TRN13386,Passenger
TRN12294,Shatabdi TRN12294,Shatabdi
TRN11803,Express TRN11803,Express
TRN13677,Rajdhani TRN13677,Rajdhani
TRN14494,Superfast TRN14494,Superfast
TRN10107,Rajdhani TRN10107,Rajdhani
TRN13550,Superfast TRN13550,Superfast
TRN12954,Superfast TRN12954,Superfast
TRN10685,Express TRN10685,Express
TRN14334,Shatabdi TRN14334,Shatabdi
TRN10884,Rajdhani TRN10884,Rajdhani
TRN13626,Rajdhani TRN13626,Rajdhani
TRN13559,Superfast TRN13559,Superfast
TRN11259,Vande Bharat TRN11259,Vande Bharat
TRN12939,Express TRN12939,Express
TRN12874,Express TRN12874,Express
TRN12428,Express TRN12428,Express
TRN10554,Express TRN10554,Express
TRN12886,Superfast TRN12886,Superfast
TRN12686,Superfast TRN12686,Superfast
TRN13411,Shatabdi TRN13411,Shatabdi
TRN13774,Superfast TRN13774,Superfast
TRN13208,Express TRN13208,Express
TRN10453,Shatabdi TRN10453,Shatabdi
TRN13707,Rajdhani TRN13707,Rajdhani
TRN12185,Superfast TRN12185,Superfast
TRN11993,Superfast TRN11993,Superfast
TRN12879,Superfast TRN12879,Superfast
TRN12161,Superfast TRN12161,Superfast
TRN12810,Express TRN12810,Express
TRN12452,Express TRN12452,Express
TRN11148,Passenger TRN11148,Passenger
TRN13794,Rajdhani TRN13794,Rajdhani
TRN11392,Passenger TRN11392,Passenger
TRN14028,Rajdhani TRN14028,Rajdhani
TRN10272,Shatabdi TRN10272,Shatabdi
TRN13569,Express TRN13569,Express
TRN10144,Express TRN10144,Express
TRN13932,Superfast TRN13932,Superfast
TRN10662,Passenger TRN10662,Passenger
TRN14127,Passenger TRN14127,Passenger
TRN14579,Passenger TRN14579,Passenger
TRN13459,Passenger TRN13459,Passenger
TRN11349,Passenger TRN11349,Passenger
TRN14026,Express TRN14026,Express
TRN11775,Superfast TRN11775,Superfast
TRN14940,Shatabdi TRN14940,Shatabdi
TRN11390,Superfast TRN11390,Superfast
TRN13294,Passenger TRN13294,Passenger
TRN11227,Superfast TRN11227,Superfast
TRN12379,Rajdhani TRN12379,Rajdhani
TRN13300,Express TRN13300,Express
TRN12801,Express TRN12801,Express
TRN14006,Rajdhani TRN14006,Rajdhani
TRN13611,Superfast TRN13611,Superfast
TRN10427,Express TRN10427,Express
TRN10511,Express TRN10511,Express
TRN14538,Express TRN14538,Express
TRN12715,Superfast TRN12715,Superfast
TRN12184,Superfast TRN12184,Superfast
TRN10534,Express TRN10534,Express
TRN11088,Passenger TRN11088,Passenger
TRN10773,Rajdhani TRN10773,Rajdhani
TRN10075,Express TRN10075,Express
TRN11496,Express TRN11496,Express
TRN13892,Rajdhani TRN13892,Rajdhani
TRN14803,Rajdhani TRN14803,Rajdhani
TRN10516,Shatabdi TRN10516,Shatabdi
TRN12505,Passenger TRN12505,Passenger
TRN13721,Vande Bharat TRN13721,Vande Bharat
TRN12265,Superfast TRN12265,Superfast
TRN12769,Passenger TRN12769,Passenger
TRN11171,Superfast TRN11171,Superfast
TRN11730,Superfast TRN11730,Superfast
TRN12225,Express TRN12225,Express
TRN10285,Express TRN10285,Express
TRN13646,Rajdhani TRN13646,Rajdhani
TRN11514,Superfast TRN11514,Superfast
TRN12328,Rajdhani TRN12328,Rajdhani
TRN12188,Express TRN12188,Express
TRN10741,Express TRN10741,Express
TRN10941,Rajdhani TRN10941,Rajdhani
TRN14235,Superfast TRN14235,Superfast
TRN10559,Passenger TRN10559,Passenger
TRN11884,Express TRN11884,Express
TRN13418,Superfast TRN13418,Superfast
TRN14138,Superfast TRN14138,Superfast
TRN12739,Passenger TRN12739,Passenger
TRN13938,Vande Bharat TRN13938,Vande Bharat
TRN13734,Vande Bharat TRN13734,Vande Bharat
TRN13651,Vande Bharat TRN13651,Vande Bharat
TRN11070,Superfast TRN11070,Superfast
TRN11146,Passenger TRN11146,Passenger
TRN14063,Passenger TRN14063,Passenger
TRN14893,Superfast TRN14893,Superfast
TRN11800,Express TRN11800,Express
TRN11608,Rajdhani TRN11608,Rajdhani
TRN11923,Shatabdi TRN11923,Shatabdi
TRN14081,Superfast TRN14081,Superfast
TRN12158,Vande Bharat TRN12158,Vande Bharat
TRN11404,Express TRN11404,Express
TRN13611,Express TRN13611,Express
TRN10009,Superfast TRN10009,Superfast
TRN14826,Express TRN14826,Express
TRN14237,Passenger TRN14237,Passenger
TRN11903,Vande Bharat TRN11903,Vande Bharat
TRN12346,Rajdhani TRN12346,Rajdhani
TRN13640,Superfast TRN13640,Superfast
TRN14648,Express TRN14648,Express
TRN13424,Vande Bharat TRN13424,Vande Bharat
TRN11418,Passenger TRN11418,Passenger
TRN13208,Vande Bharat TRN13208,Vande Bharat
TRN14690,Vande Bharat TRN14690,Vande Bharat
TRN11949,Superfast TRN11949,Superfast
TRN12075,Express TRN12075,Express
TRN11931,Passenger TRN11931,Passenger
TRN11098,Express TRN11098,Express
TRN13728,Passenger TRN13728,Passenger
TRN11471,Shatabdi TRN11471,Shatabdi
TRN11014,Shatabdi TRN11014,Shatabdi
TRN10783,Express TRN10783,Express
TRN12237,Superfast TRN12237,Superfast
TRN11549,Superfast TRN11549,Superfast
TRN10301,Passenger TRN10301,Passenger
TRN12263,Superfast TRN12263,Superfast
TRN10377,Passenger TRN10377,Passenger
TRN10645,Express TRN10645,Express
TRN14769,Shatabdi TRN14769,Shatabdi
TRN14110,Passenger TRN14110,Passenger
TRN14439,Superfast TRN14439,Superfast
TRN12026,Express TRN12026,Express
TRN14149,Superfast TRN14149,Superfast
TRN11896,Express TRN11896,Express
TRN10056,Superfast TRN10056,Superfast
TRN11454,Superfast TRN11454,Superfast
TRN13217,Express TRN13217,Express
TRN13371,Express TRN13371,Express
TRN13210,Vande Bharat TRN13210,Vande Bharat
TRN12011,Superfast TRN12011,Superfast
TRN10646,Express TRN10646,Express
TRN11261,Express TRN11261,Express
TRN13741,Superfast TRN13741,Superfast
TRN12480,Superfast TRN12480,Superfast
TRN11678,Passenger TRN11678,Passenger
TRN10208,Superfast TRN10208,Superfast
TRN12443,Passenger TRN12443,Passenger
TRN10520,Express TRN10520,Express
TRN14935,Express TRN14935,Express
TRN14083,Passenger TRN14083,Passenger
TRN10115,Express TRN10115,Express
TRN14054,Express TRN14054,Express
TRN13397,Passenger TRN13397,Passenger
TRN10580,Express TRN10580,Express
TRN10446,Passenger TRN10446,Passenger
TRN14294,Express TRN14294,Express
TRN13499,Express TRN13499,Express
TRN14736,Passenger TRN14736,Passenger
TRN14490,Rajdhani TRN14490,Rajdhani
TRN14072,Passenger TRN14072,Passenger
TRN12458,Express TRN12458,Express
TRN14987,Express TRN14987,Express
TRN12754,Superfast TRN12754,Superfast
TRN11416,Shatabdi TRN11416,Shatabdi
TRN13504,Express TRN13504,Express
TRN12191,Express TRN12191,Express
TRN13755,Passenger TRN13755,Passenger
TRN12718,Express TRN12718,Express
TRN13944,Express TRN13944,Express
TRN12564,Express TRN12564,Express
TRN10897,Superfast TRN10897,Superfast
TRN14783,Express TRN14783,Express
TRN11412,Express TRN11412,Express
TRN14766,Express TRN14766,Express
TRN10107,Superfast TRN10107,Superfast
TRN14602,Rajdhani TRN14602,Rajdhani
TRN11501,Passenger TRN11501,Passenger
TRN14511,Superfast TRN14511,Superfast
TRN11119,Express TRN11119,Express
TRN13730,Vande Bharat TRN13730,Vande Bharat
TRN14896,Passenger TRN14896,Passenger
TRN14428,Superfast TRN14428,Superfast
TRN10211,Passenger TRN10211,Passenger
TRN13799,Express TRN13799,Express
TRN11048,Vande Bharat TRN11048,Vande Bharat
TRN12975,Superfast TRN12975,Superfast
TRN10066,Express TRN10066,Express
TRN14816,Express TRN14816,Express
TRN14604,Express TRN14604,Express
TRN14998,Rajdhani TRN14998,Rajdhani
TRN10389,Passenger TRN10389,Passenger
TRN13932,Passenger TRN13932,Passenger
TRN13373,Express TRN13373,Express
TRN12965,Express TRN12965,Express
TRN13426,Superfast TRN13426,Superfast
TRN10714,Passenger TRN10714,Passenger
TRN10773,Express TRN10773,Express
TRN14585,Rajdhani TRN14585,Rajdhani
TRN10001,Express TRN10001,Express
TRN14672,Express TRN14672,Express
TRN10159,Express TRN10159,Express
TRN13535,Passenger TRN13535,Passenger
TRN11126,Shatabdi TRN11126,Shatabdi
TRN10017,Express TRN10017,Express
TRN10286,Superfast TRN10286,Superfast
TRN10657,Express TRN10657,Express
TRN11810,Express TRN11810,Express
TRN10188,Shatabdi TRN10188,Shatabdi
TRN13755,Superfast TRN13755,Superfast
TRN10974,Express TRN10974,Express
TRN12201,Rajdhani TRN12201,Rajdhani
TRN11711,Vande Bharat TRN11711,Vande Bharat
TRN13320,Express TRN13320,Express
TRN11087,Express TRN11087,Express
TRN11972,Rajdhani TRN11972,Rajdhani
TRN12125,Rajdhani TRN12125,Rajdhani
TRN14330,Rajdhani TRN14330,Rajdhani
TRN10539,Superfast TRN10539,Superfast
TRN10718,Superfast TRN10718,Superfast
TRN10042,Passenger TRN10042,Passenger
TRN13898,Passenger TRN13898,Passenger
TRN13300,Passenger TRN13300,Passenger
TRN10288,Express TRN10288,Express
TRN10470,Express TRN10470,Express
TRN12999,Passenger TRN12999,Passenger
TRN10188,Superfast TRN10188,Superfast
TRN11018,Superfast TRN11018,Superfast
TRN13637,Shatabdi TRN13637,Shatabdi
TRN13087,Vande Bharat TRN13087,Vande Bharat
TRN14161,Express TRN14161,Express
TRN12348,Superfast TRN12348,Superfast
TRN13875,Rajdhani TRN13875,Rajdhani
TRN10766,Superfast TRN10766,Superfast
TRN10972,Express TRN10972,Express
TRN13672,Rajdhani TRN13672,Rajdhani
TRN13120,Passenger TRN13120,Passenger
TRN10095,Passenger TRN10095,Passenger
TRN14242,Superfast TRN14242,Superfast
TRN12009,Passenger TRN12009,Passenger
TRN12154,Express TRN12154,Express
TRN12615,Express TRN12615,Express
TRN10079,Shatabdi TRN10079,Shatabdi
TRN10048,Superfast TRN10048,Superfast
TRN10391,Passenger TRN10391,Passenger
TRN11382,Express TRN11382,Express
TRN14403,Express TRN14403,Express
TRN12822,Rajdhani TRN12822,Rajdhani
TRN10599,Express TRN10599,Express
TRN13239,Superfast TRN13239,Superfast
TRN12295,Superfast TRN12295,Superfast
TRN12186,Superfast TRN12186,Superfast
TRN13830,Superfast TRN13830,Superfast
TRN14233,Superfast TRN14233,Superfast
TRN11281,Superfast TRN11281,Superfast
TRN12372,Express TRN12372,Express
TRN11677,Vande Bharat TRN11677,Vande Bharat
TRN13312,Express TRN13312,Express
TRN10688,Express TRN10688,Express
TRN11797,Passenger TRN11797,Passenger
TRN13326,Express TRN13326,Express
TRN14956,Express TRN14956,Express
TRN12717,Superfast TRN12717,Superfast
TRN14428,Vande Bharat TRN14428,Vande Bharat
TRN10014,Express TRN10014,Express
TRN12470,Passenger TRN12470,Passenger
TRN10679,Express TRN10679,Express
TRN10320,Vande Bharat TRN10320,Vande Bharat
TRN10975,Superfast TRN10975,Superfast
TRN10044,Superfast TRN10044,Superfast
TRN14823,Passenger TRN14823,Passenger
TRN14405,Express TRN14405,Express
TRN13489,Superfast TRN13489,Superfast
TRN11859,Superfast TRN11859,Superfast
TRN11247,Express TRN11247,Express
TRN10949,Superfast TRN10949,Superfast
TRN14067,Passenger TRN14067,Passenger
TRN12617,Express TRN12617,Express
TRN12787,Express TRN12787,Express
TRN14477,Express TRN14477,Express
TRN10820,Passenger TRN10820,Passenger
TRN11304,Passenger TRN11304,Passenger
TRN11447,Superfast TRN11447,Superfast
TRN10121,Superfast TRN10121,Superfast
TRN14740,Passenger TRN14740,Passenger
TRN10254,Superfast TRN10254,Superfast
TRN10280,Express TRN10280,Express
TRN12881,Express TRN12881,Express
TRN12646,Superfast TRN12646,Superfast
TRN12636,Rajdhani TRN12636,Rajdhani
TRN13726,Express TRN13726,Express
TRN11862,Express TRN11862,Express
TRN11659,Passenger TRN11659,Passenger
TRN11947,Superfast TRN11947,Superfast
TRN10024,Vande Bharat TRN10024,Vande Bharat
TRN12216,Passenger TRN12216,Passenger
TRN13141,Superfast TRN13141,Superfast
TRN14066,Passenger TRN14066,Passenger
TRN14308,Rajdhani TRN14308,Rajdhani
TRN13532,Express TRN13532,Express
TRN12958,Express TRN12958,Express
TRN11562,Passenger TRN11562,Passenger
TRN11940,Express TRN11940,Express
TRN13187,Superfast TRN13187,Superfast
TRN10705,Superfast TRN10705,Superfast
TRN14801,Superfast TRN14801,Superfast
TRN11078,Superfast TRN11078,Superfast
TRN12100,Passenger TRN12100,Passenger
TRN14982,Express TRN14982,Express
TRN14763,Express TRN14763,Express
TRN11347,Express TRN11347,Express
TRN12302,Rajdhani TRN12302,Rajdhani
TRN10023,Superfast TRN10023,Superfast
TRN12638,Express TRN12638,Express
TRN11377,Express TRN11377,Express
TRN10872,Superfast TRN10872,Superfast
TRN11306,Superfast TRN11306,Superfast
TRN11486,Superfast TRN11486,Superfast
TRN14014,Rajdhani TRN14014,Rajdhani
TRN13003,Superfast TRN13003,Superfast
TRN14944,Superfast TRN14944,Superfast
TRN10891,Shatabdi TRN10891,Shatabdi
TRN13887,Shatabdi TRN13887,Shatabdi
TRN13690,Rajdhani TRN13690,Rajdhani
TRN14556,Vande Bharat TRN14556,Vande Bharat
TRN11103,Passenger TRN11103,Passenger
TRN11702,Superfast TRN11702,Superfast
TRN14206,Express TRN14206,Express
TRN12982,Express TRN12982,Express
TRN12746,Passenger TRN12746,Passenger
TRN14503,Express TRN14503,Express
TRN11649,Express TRN11649,Express
TRN12321,Superfast TRN12321,Superfast
TRN10098,Superfast TRN10098,Superfast
TRN13092,Vande Bharat TRN13092,Vande Bharat
TRN10403,Express TRN10403,Express
TRN12153,Vande Bharat TRN12153,Vande Bharat
TRN14486,Superfast TRN14486,Superfast
TRN14222,Superfast TRN14222,Superfast
TRN13314,Passenger TRN13314,Passenger
TRN14568,Vande Bharat TRN14568,Vande Bharat
TRN13762,Express TRN13762,Express
TRN13833,Rajdhani TRN13833,Rajdhani
TRN11431,Superfast TRN11431,Superfast
TRN12811,Passenger TRN12811,Passenger
TRN13771,Passenger TRN13771,Passenger
TRN11521,Express TRN11521,Express
TRN11004,Passenger TRN11004,Passenger
TRN11222,Passenger TRN11222,Passenger
TRN12390,Express TRN12390,Express
TRN13955,Passenger TRN13955,Passenger
TRN13491,Superfast TRN13491,Superfast
TRN14283,Passenger TRN14283,Passenger
TRN12100,Superfast TRN12100,Superfast
TRN10129,Vande Bharat TRN10129,Vande Bharat
TRN14705,Superfast TRN14705,Superfast
TRN10384,Express TRN10384,Express
TRN11490,Express TRN11490,Express
TRN11362,Passenger TRN11362,Passenger
TRN10479,Superfast TRN10479,Superfast
TRN10839,Express TRN10839,Express
TRN13759,Express TRN13759,Express
TRN10914,Rajdhani TRN10914,Rajdhani
TRN13215,Rajdhani TRN13215,Rajdhani
TRN13362,Express TRN13362,Express
TRN12326,Superfast TRN12326,Superfast
TRN11411,Express TRN11411,Express
TRN13916,Express TRN13916,Express
TRN14793,Vande Bharat TRN14793,Vande Bharat
TRN12866,Express TRN12866,Express
TRN12712,Superfast TRN12712,Superfast
TRN14812,Passenger TRN14812,Passenger
TRN10556,Superfast TRN10556,Superfast
TRN13893,Passenger TRN13893,Passenger
TRN14828,Rajdhani TRN14828,Rajdhani
TRN12932,Shatabdi TRN12932,Shatabdi
TRN12824,Express TRN12824,Express
TRN10655,Superfast TRN10655,Superfast
TRN10765,Superfast TRN10765,Superfast
TRN11258,Rajdhani TRN11258,Rajdhani
TRN14568,Shatabdi TRN14568,Shatabdi
TRN13253,Passenger TRN13253,Passenger
TRN14920,Superfast TRN14920,Superfast
TRN12769,Express TRN12769,Express
TRN12300,Passenger TRN12300,Passenger
TRN11905,Superfast TRN11905,Superfast
TRN13776,Superfast TRN13776,Superfast
TRN12531,Vande Bharat TRN12531,Vande Bharat
TRN13366,Rajdhani TRN13366,Rajdhani
TRN13653,Superfast TRN13653,Superfast
TRN12477,Rajdhani TRN12477,Rajdhani
TRN12172,Express TRN12172,Express
TRN10446,Superfast TRN10446,Superfast
TRN11948,Express TRN11948,Express
TRN14090,Superfast TRN14090,Superfast
TRN12553,Vande Bharat TRN12553,Vande Bharat
TRN10285,Passenger TRN10285,Passenger
TRN12159,Express TRN12159,Express
TRN10322,Express TRN10322,Express
TRN12598,Passenger TRN12598,Passenger
TRN13923,Superfast TRN13923,Superfast
TRN12468,Express TRN12468,Express
TRN10879,Passenger TRN10879,Passenger
TRN13864,Passenger TRN13864,Passenger
TRN14501,Shatabdi TRN14501,Shatabdi
TRN14450,Express TRN14450,Express
TRN10081,Passenger TRN10081,Passenger
TRN11443,Rajdhani TRN11443,Rajdhani
TRN14905,Superfast TRN14905,Superfast
TRN10696,Express TRN10696,Express
TRN13330,Superfast TRN13330,Superfast
TRN12308,Passenger TRN12308,Passenger
TRN14907,Passenger TRN14907,Passenger
TRN14336,Superfast TRN14336,Superfast
TRN11726,Express TRN11726,Express
TRN13313,Express TRN13313,Express
TRN12179,Superfast TRN12179,Superfast
TRN12241,Superfast TRN12241,Superfast
TRN11192,Express TRN11192,Express
TRN14079,Superfast TRN14079,Superfast
TRN13535,Superfast TRN13535,Superfast
TRN11530,Passenger TRN11530,Passenger
TRN12620,Express TRN12620,Express
TRN13094,Passenger TRN13094,Passenger
TRN13847,Express TRN13847,Express
TRN11065,Superfast TRN11065,Superfast
TRN13348,Superfast TRN13348,Superfast
TRN12764,Passenger TRN12764,Passenger
TRN11076,Express TRN11076,Express
TRN12053,Superfast TRN12053,Superfast
TRN12539,Express TRN12539,Express
TRN10616,Superfast TRN10616,Superfast
TRN11266,Superfast TRN11266,Superfast
TRN14177,Passenger TRN14177,Passenger
TRN14534,Express TRN14534,Express
TRN13870,Superfast TRN13870,Superfast
TRN11660,Express TRN11660,Express
TRN14233,Express TRN14233,Express
TRN11468,Superfast TRN11468,Superfast
TRN13150,Express TRN13150,Express
TRN11419,Superfast TRN11419,Superfast
TRN13341,Express TRN13341,Express
TRN12166,Passenger TRN12166,Passenger
TRN11270,Express TRN11270,Express
TRN14446,Express TRN14446,Express
TRN13501,Superfast TRN13501,Superfast
TRN12887,Express TRN12887,Express
TRN10449,Passenger TRN10449,Passenger
TRN12180,Superfast TRN12180,Superfast
TRN11022,Express TRN11022,Express
TRN10075,Passenger TRN10075,Passenger
TRN13606,Express TRN13606,Express
TRN10986,Express TRN10986,Express
TRN14291,Superfast TRN14291,Superfast
TRN12300,Rajdhani TRN12300,Rajdhani
TRN14590,Superfast TRN14590,Superfast
TRN11911,Superfast TRN11911,Superfast
TRN13626,Vande Bharat TRN13626,Vande Bharat
TRN13760,Rajdhani TRN13760,Rajdhani
TRN12057,Vande Bharat TRN12057,Vande Bharat
TRN11550,Superfast TRN11550,Superfast
TRN14022,Express TRN14022,Express
TRN11060,Express TRN11060,Express
TRN13065,Express TRN13065,Express
TRN10770,Superfast TRN10770,Superfast
TRN14104,Passenger TRN14104,Passenger
TRN11462,Passenger TRN11462,Passenger
TRN12657,Superfast TRN12657,Superfast
TRN14215,Express TRN14215,Express
TRN10553,Express TRN10553,Express
TRN11533,Superfast TRN11533,Superfast
TRN13150,Superfast TRN13150,Superfast
TRN14810,Superfast TRN14810,Superfast
TRN12859,Express TRN12859,Express
TRN10295,Superfast TRN10295,Superfast
TRN13292,Express TRN13292,Express
TRN12723,Express TRN12723,Express
TRN12445,Superfast TRN12445,Superfast
TRN11521,Superfast TRN11521,Superfast
TRN13672,Passenger TRN13672,Passenger
TRN11859,Vande Bharat TRN11859,Vande Bharat
TRN10450,Superfast TRN10450,Superfast
TRN14986,Express TRN14986,Express
TRN13999,Express TRN13999,Express
TRN14961,Rajdhani TRN14961,Rajdhani
TRN13211,Express TRN13211,Express
TRN10467,Passenger TRN10467,Passenger
TRN13121,Superfast TRN13121,Superfast
TRN10854,Express TRN10854,Express
TRN14546,Passenger TRN14546,Passenger
TRN14832,Superfast TRN14832,Superfast
TRN13846,Express TRN13846,Express
TRN14992,Passenger TRN14992,Passenger
TRN10931,Express TRN10931,Express
TRN13198,Express TRN13198,Express
TRN14360,Express TRN14360,Express
TRN14599,Express TRN14599,Express
TRN10554,Rajdhani TRN10554,Rajdhani
TRN10000,Superfast TRN10000,Superfast
TRN14638,Superfast TRN14638,Superfast
TRN14844,Express TRN14844,Express
TRN11420,Superfast TRN11420,Superfast
TRN12373,Express TRN12373,Express
TRN11303,Express TRN11303,Express
TRN14667,Passenger TRN14667,Passenger
TRN12317,Shatabdi TRN12317,Shatabdi
TRN10980,Superfast TRN10980,Superfast
TRN14161,Passenger TRN14161,Passenger
TRN13978,Express TRN13978,Express
TRN13143,Express TRN13143,Express
TRN11634,Shatabdi TRN11634,Shatabdi
TRN12119,Shatabdi TRN12119,Shatabdi
TRN12896,Superfast TRN12896,Superfast
TRN12071,Superfast TRN12071,Superfast
TRN14815,Shatabdi TRN14815,Shatabdi
TRN12192,Express TRN12192,Express
TRN13576,Express TRN13576,Express
TRN10811,Express TRN10811,Express
TRN14577,Passenger TRN14577,Passenger
TRN12007,Superfast TRN12007,Superfast
TRN13840,Superfast TRN13840,Superfast
TRN13834,Passenger TRN13834,Passenger
TRN13551,Rajdhani TRN13551,Rajdhani
TRN14254,Vande Bharat TRN14254,Vande Bharat
TRN14169,Superfast TRN14169,Superfast
TRN12323,Express TRN12323,Express
TRN11983,Passenger TRN11983,Passenger
TRN11912,Express TRN11912,Express
TRN10031,Passenger TRN10031,Passenger
TRN10956,Express TRN10956,Express
TRN10216,Superfast TRN10216,Superfast
TRN10561,Express TRN10561,Express
TRN10897,Shatabdi TRN10897,Shatabdi
TRN12235,Express TRN12235,Express
TRN14518,Superfast TRN14518,Superfast
TRN11756,Express TRN11756,Express
TRN12752,Passenger TRN12752,Passenger
TRN10966,Express TRN10966,Express
TRN11975,Passenger TRN11975,Passenger
TRN12148,Superfast TRN12148,Superfast
TRN12739,Superfast TRN12739,Superfast
TRN14395,Express TRN14395,Express
TRN14012,Rajdhani TRN14012,Rajdhani
TRN10661,Express TRN10661,Express
TRN10533,Passenger TRN10533,Passenger
TRN10093,Passenger TRN10093,Passenger
TRN12233,Express TRN12233,Express
TRN14439,Express TRN14439,Express
TRN13080,Passenger TRN13080,Passenger
TRN11388,Express TRN11388,Express
TRN12815,Express TRN12815,Express
TRN10787,Express TRN10787,Express
TRN10475,Express TRN10475,Express
TRN10088,Express TRN10088,Express
TRN13578,Express TRN13578,Express
TRN10040,Shatabdi TRN10040,Shatabdi
TRN10754,Passenger TRN10754,Passenger
TRN14384,Superfast TRN14384,Superfast
TRN14735,Rajdhani TRN14735,Rajdhani
TRN12495,Express TRN12495,Express
TRN10808,Superfast TRN10808,Superfast
TRN11584,Express TRN11584,Express
TRN14107,Express TRN14107,Express
TRN11330,Rajdhani TRN11330,Rajdhani
TRN10269,Express TRN10269,Express
TRN12283,Express TRN12283,Express
TRN11180,Express TRN11180,Express
TRN11335,Passenger TRN11335,Passenger
TRN14994,Superfast TRN14994,Superfast
TRN13258,Shatabdi TRN13258,Shatabdi
TRN14166,Vande Bharat TRN14166,Vande Bharat
TRN11249,Vande Bharat TRN11249,Vande Bharat
TRN14168,Superfast TRN14168,Superfast
TRN10086,Express TRN10086,Express
TRN11139,Shatabdi TRN11139,Shatabdi
TRN12366,Rajdhani TRN12366,Rajdhani
TRN12554,Superfast TRN12554,Superfast
TRN13180,Shatabdi TRN13180,Shatabdi
TRN14148,Express TRN14148,Express
TRN12589,Passenger TRN12589,Passenger
TRN10479,Shatabdi TRN10479,Shatabdi
TRN13063,Express TRN13063,Express
TRN11105,Passenger TRN11105,Passenger
TRN11840,Superfast TRN11840,Superfast
TRN12661,Passenger TRN12661,Passenger
TRN12974,Express TRN12974,Express
TRN12350,Express TRN12350,Express
TRN11782,Superfast TRN11782,Superfast
TRN10231,Rajdhani TRN10231,Rajdhani
TRN14091,Rajdhani TRN14091,Rajdhani
TRN10314,Passenger TRN10314,Passenger
TRN10953,Express TRN10953,Express
TRN11541,Passenger TRN11541,Passenger
TRN13405,Passenger TRN13405,Passenger
TRN10238,Express TRN10238,Express
TRN11854,Rajdhani TRN11854,Rajdhani
TRN11670,Express TRN11670,Express
TRN11586,Express TRN11586,Express
TRN10994,Shatabdi TRN10994,Shatabdi
TRN10923,Rajdhani TRN10923,Rajdhani
TRN12710,Express TRN12710,Express
TRN14243,Shatabdi TRN14243,Shatabdi
TRN12426,Superfast TRN12426,Superfast
TRN10402,Rajdhani TRN10402,Rajdhani
TRN14301,Passenger TRN14301,Passenger
TRN13670,Rajdhani TRN13670,Rajdhani
TRN10275,Express TRN10275,Express
TRN12159,Rajdhani TRN12159,Rajdhani
TRN11372,Express TRN11372,Express
TRN13413,Express TRN13413,Express
TRN14954,Express TRN14954,Express
TRN10380,Passenger TRN10380,Passenger
TRN10320,Express TRN10320,Express
TRN11522,Express TRN11522,Express
TRN11599,Passenger TRN11599,Passenger
TRN13668,Express TRN13668,Express
TRN12755,Express TRN12755,Express
TRN14019,Express TRN14019,Express
TRN13533,Superfast TRN13533,Superfast
TRN12294,Superfast TRN12294,Superfast
TRN12334,Superfast TRN12334,Superfast
TRN13439,Express TRN13439,Express
TRN10441,Passenger TRN10441,Passenger
TRN14933,Express TRN14933,Express
TRN11030,Passenger TRN11030,Passenger
TRN11308,Vande Bharat TRN11308,Vande Bharat
TRN14521,Superfast TRN14521,Superfast
TRN11622,Express TRN11622,Express
TRN11632,Passenger TRN11632,Passenger
TRN11040,Rajdhani TRN11040,Rajdhani
TRN14841,Superfast TRN14841,Superfast
TRN13125,Express TRN13125,Express
TRN12901,Superfast TRN12901,Superfast
TRN13401,Shatabdi TRN13401,Shatabdi
TRN14903,Rajdhani TRN14903,Rajdhani
TRN14650,Superfast TRN14650,Superfast
TRN12237,Vande Bharat TRN12237,Vande Bharat
TRN10794,Shatabdi TRN10794,Shatabdi
TRN12254,Superfast TRN12254,Superfast
TRN13715,Vande Bharat TRN13715,Vande Bharat
TRN11260,Passenger TRN11260,Passenger
TRN13234,Passenger TRN13234,Passenger
TRN12861,Superfast TRN12861,Superfast
TRN13947,Shatabdi TRN13947,Shatabdi
TRN10372,Superfast TRN10372,Superfast
TRN12042,Express TRN12042,Express
TRN13140,Vande Bharat TRN13140,Vande Bharat
TRN13209,Rajdhani TRN13209,Rajdhani
TRN13221,Express TRN13221,Express
TRN10685,Superfast TRN10685,Superfast
TRN14572,Passenger TRN14572,Passenger
TRN13764,Rajdhani TRN13764,Rajdhani
TRN11350,Shatabdi TRN11350,Shatabdi
TRN14085,Rajdhani TRN14085,Rajdhani
TRN11250,Superfast TRN11250,Superfast
TRN12832,Superfast TRN12832,Superfast
TRN13200,Express TRN13200,Express
TRN12006,Express TRN12006,Express
TRN12675,Express TRN12675,Express
TRN10416,Shatabdi TRN10416,Shatabdi
TRN14094,Superfast TRN14094,Superfast
TRN12441,Express TRN12441,Express
TRN11852,Passenger TRN11852,Passenger
TRN11350,Express TRN11350,Express
TRN12548,Express TRN12548,Express
TRN11815,Rajdhani TRN11815,Rajdhani
TRN11031,Shatabdi TRN11031,Shatabdi
TRN12301,Express TRN12301,Express
TRN13029,Superfast TRN13029,Superfast
TRN13074,Shatabdi TRN13074,Shatabdi
TRN14865,Passenger TRN14865,Passenger
TRN12464,Express TRN12464,Express
TRN12785,Passenger TRN12785,Passenger
TRN11765,Express TRN11765,Express
TRN14256,Express TRN14256,Express
TRN10465,Express TRN10465,Express
TRN14795,Passenger TRN14795,Passenger
TRN13116,Express TRN13116,Express
TRN14844,Rajdhani TRN14844,Rajdhani
TRN11706,Superfast TRN11706,Superfast
TRN10555,Passenger TRN10555,Passenger
TRN12380,Superfast TRN12380,Superfast
TRN14953,Superfast TRN14953,Superfast
TRN14319,Express TRN14319,Express
TRN14117,Express TRN14117,Express
TRN13975,Passenger TRN13975,Passenger
TRN11707,Superfast TRN11707,Superfast
TRN11038,Passenger TRN11038,Passenger
TRN13283,Express TRN13283,Express
TRN13965,Express TRN13965,Express
TRN13693,Superfast TRN13693,Superfast
TRN13966,Express TRN13966,Express
TRN10296,Vande Bharat TRN10296,Vande Bharat
TRN11245,Vande Bharat TRN11245,Vande Bharat
TRN13089,Express TRN13089,Express
TRN13972,Vande Bharat TRN13972,Vande Bharat
TRN14751,Express TRN14751,Express
TRN12138,Express TRN12138,Express
TRN10514,Express TRN10514,Express
TRN13805,Express TRN13805,Express
TRN14560,Rajdhani TRN14560,Rajdhani
TRN12895,Superfast TRN12895,Superfast
TRN12954,Express TRN12954,Express
TRN12412,Express TRN12412,Express
TRN11131,Passenger TRN11131,Passenger
TRN12648,Superfast TRN12648,Superfast
TRN12400,Vande Bharat TRN12400,Vande Bharat
TRN10274,Express TRN10274,Express
TRN14731,Passenger TRN14731,Passenger
TRN13453,Rajdhani TRN13453,Rajdhani
TRN10852,Express TRN10852,Express
TRN11359,Express TRN11359,Express
TRN14720,Superfast TRN14720,Superfast
TRN10477,Rajdhani TRN10477,Rajdhani
TRN13181,Express TRN13181,Express
TRN14836,Passenger TRN14836,Passenger
TRN12396,Superfast TRN12396,Superfast
TRN10291,Express TRN10291,Express
TRN13102,Superfast TRN13102,Superfast
TRN10870,Superfast TRN10870,Superfast
TRN11239,Vande Bharat TRN11239,Vande Bharat
TRN12238,Passenger TRN12238,Passenger
TRN10207,Shatabdi TRN10207,Shatabdi
TRN10506,Express TRN10506,Express
TRN10460,Vande Bharat TRN10460,Vande Bharat
TRN13896,Passenger TRN13896,Passenger
TRN11223,Superfast TRN11223,Superfast
TRN11050,Superfast TRN11050,Superfast
TRN14731,Superfast TRN14731,Superfast
TRN10634,Express TRN10634,Express
TRN13414,Express TRN13414,Express
TRN10308,Superfast TRN10308,Superfast
TRN14144,Superfast TRN14144,Superfast
TRN14991,Express TRN14991,Express
TRN10834,Express TRN10834,Express
TRN10346,Superfast TRN10346,Superfast
TRN12216,Express TRN12216,Express
TRN11877,Rajdhani TRN11877,Rajdhani
TRN14642,Shatabdi TRN14642,Shatabdi
TRN10630,Express TRN10630,Express
TRN10044,Passenger TRN10044,Passenger
TRN10313,Passenger TRN10313,Passenger
TRN12561,Express TRN12561,Express
TRN12002,Express TRN12002,Express
TRN14723,Passenger TRN14723,Passenger
TRN11993,Passenger TRN11993,Passenger
TRN12236,Superfast TRN12236,Superfast
TRN11945,Superfast TRN11945,Superfast
TRN10746,Express TRN10746,Express
TRN13355,Express TRN13355,Express
TRN12882,Express TRN12882,Express
TRN13278,Express TRN13278,Express
TRN12790,Express TRN12790,Express
TRN12624,Superfast TRN12624,Superfast
TRN12022,Express TRN12022,Express
TRN10338,Express TRN10338,Express
TRN14788,Passenger TRN14788,Passenger
TRN12759,Express TRN12759,Express
TRN11857,Express TRN11857,Express
TRN14325,Passenger TRN14325,Passenger
TRN10584,Express TRN10584,Express
TRN13778,Express TRN13778,Express
TRN11536,Rajdhani TRN11536,Rajdhani
TRN14760,Rajdhani TRN14760,Rajdhani
TRN11430,Passenger TRN11430,Passenger
TRN11160,Rajdhani TRN11160,Rajdhani
TRN14532,Superfast TRN14532,Superfast
TRN12747,Express TRN12747,Express
TRN12995,Shatabdi TRN12995,Shatabdi
TRN13753,Vande Bharat TRN13753,Vande Bharat
TRN13146,Superfast TRN13146,Superfast
TRN14442,Express TRN14442,Express
TRN13835,Superfast TRN13835,Superfast
TRN13871,Superfast TRN13871,Superfast
TRN12117,Superfast TRN12117,Superfast
TRN13210,Superfast TRN13210,Superfast
TRN11967,Superfast TRN11967,Superfast
TRN12435,Shatabdi TRN12435,Shatabdi
TRN10518,Express TRN10518,Express
TRN12187,Express TRN12187,Express
TRN14332,Express TRN14332,Express
TRN11979,Superfast TRN11979,Superfast
TRN10546,Shatabdi TRN10546,Shatabdi
TRN11536,Superfast TRN11536,Superfast
TRN14465,Passenger TRN14465,Passenger
TRN11458,Express TRN11458,Express
TRN14732,Passenger TRN14732,Passenger
TRN12814,Rajdhani TRN12814,Rajdhani
TRN14901,Passenger TRN14901,Passenger
TRN10513,Passenger TRN10513,Passenger
TRN13783,Superfast TRN13783,Superfast
TRN11200,Passenger TRN11200,Passenger
TRN10050,Express TRN10050,Express
TRN10042,Express TRN10042,Express
TRN14918,Passenger TRN14918,Passenger
TRN12250,Passenger TRN12250,Passenger
TRN12855,Superfast TRN12855,Superfast
TRN10256,Passenger TRN10256,Passenger
TRN11756,Vande Bharat TRN11756,Vande Bharat
TRN10444,Vande Bharat TRN10444,Vande Bharat
TRN10800,Passenger TRN10800,Passenger
TRN14543,Express TRN14543,Express
TRN14000,Passenger TRN14000,Passenger
TRN12281,Express TRN12281,Express
TRN14954,Superfast TRN14954,Superfast
TRN11711,Superfast TRN11711,Superfast
TRN12788,Passenger TRN12788,Passenger
TRN10507,Express TRN10507,Express
TRN12553,Express TRN12553,Express
TRN13913,Rajdhani TRN13913,Rajdhani
TRN14143,Superfast TRN14143,Superfast
TRN10544,Superfast TRN10544,Superfast
TRN12962,Express TRN12962,Express
TRN11578,Passenger TRN11578,Passenger
TRN13433,Superfast TRN13433,Superfast
TRN13328,Superfast TRN13328,Superfast
TRN12385,Express TRN12385,Express
TRN10995,Express TRN10995,Express
TRN14575,Passenger TRN14575,Passenger
TRN14903,Passenger TRN14903,Passenger
TRN14805,Passenger TRN14805,Passenger
TRN12695,Superfast TRN12695,Superfast
TRN11342,Vande Bharat TRN11342,Vande Bharat
TRN14373,Rajdhani TRN14373,Rajdhani
TRN12672,Superfast TRN12672,Superfast
TRN14709,Express TRN14709,Express
TRN12862,Express TRN12862,Express
TRN10142,Passenger TRN10142,Passenger
TRN13498,Rajdhani TRN13498,Rajdhani
TRN12706,Express TRN12706,Express
TRN10360,Superfast TRN10360,Superfast
TRN12679,Superfast TRN12679,Superfast
TRN14592,Passenger TRN14592,Passenger
TRN11053,Rajdhani TRN11053,Rajdhani
TRN14874,Superfast TRN14874,Superfast
TRN13575,Express TRN13575,Express
TRN13732,Vande Bharat TRN13732,Vande Bharat
TRN13172,Express TRN13172,Express
TRN12748,Rajdhani TRN12748,Rajdhani
TRN13339,Express TRN13339,Express
TRN11419,Rajdhani TRN11419,Rajdhani
TRN14138,Passenger TRN14138,Passenger
TRN13092,Passenger TRN13092,Passenger
TRN13971,Express TRN13971,Express
TRN14431,Shatabdi TRN14431,Shatabdi
TRN10994,Vande Bharat TRN10994,Vande Bharat
TRN11375,Shatabdi TRN11375,Shatabdi
TRN10950,Passenger TRN10950,Passenger
TRN13836,Express TRN13836,Express
TRN11784,Shatabdi TRN11784,Shatabdi
TRN11978,Shatabdi TRN11978,Shatabdi
TRN12193,Superfast TRN12193,Superfast
TRN13511,Vande Bharat TRN13511,Vande Bharat
TRN12129,Express TRN12129,Express
TRN12173,Passenger TRN12173,Passenger
TRN12133,Passenger TRN12133,Passenger
TRN14069,Superfast TRN14069,Superfast
TRN10783,Passenger TRN10783,Passenger
TRN14189,Superfast TRN14189,Superfast
TRN14253,Superfast TRN14253,Superfast
TRN10198,Express TRN10198,Express
TRN14976,Rajdhani TRN14976,Rajdhani
TRN14421,Express TRN14421,Express
TRN10046,Express TRN10046,Express
TRN11281,Rajdhani TRN11281,Rajdhani
TRN14162,Express TRN14162,Express
TRN13101,Shatabdi TRN13101,Shatabdi
TRN12341,Express TRN12341,Express
TRN10686,Superfast TRN10686,Superfast
TRN14760,Express TRN14760,Express
TRN14634,Superfast TRN14634,Superfast
TRN10780,Passenger TRN10780,Passenger
TRN12223,Express TRN12223,Express
TRN14462,Express TRN14462,Express
TRN14877,Rajdhani TRN14877,Rajdhani
TRN11866,Express TRN11866,Express
TRN14241,Rajdhani TRN14241,Rajdhani
TRN13222,Express TRN13222,Express
TRN10220,Superfast TRN10220,Superfast
TRN13065,Passenger TRN13065,Passenger
TRN13154,Express TRN13154,Express
TRN14583,Rajdhani TRN14583,Rajdhani
TRN13828,Passenger TRN13828,Passenger
TRN12165,Passenger TRN12165,Passenger
TRN13343,Express TRN13343,Express
TRN10466,Superfast TRN10466,Superfast
TRN13700,Express TRN13700,Express
TRN11473,Superfast TRN11473,Superfast
TRN11291,Express TRN11291,Express
TRN11645,Superfast TRN11645,Superfast
TRN13990,Passenger TRN13990,Passenger
TRN10823,Shatabdi TRN10823,Shatabdi
TRN12654,Superfast TRN12654,Superfast
TRN14527,Shatabdi TRN14527,Shatabdi
TRN11011,Passenger TRN11011,Passenger
TRN11117,Superfast TRN11117,Superfast
TRN14916,Vande Bharat TRN14916,Vande Bharat
TRN14593,Passenger TRN14593,Passenger
TRN13537,Passenger TRN13537,Passenger
TRN10455,Vande Bharat TRN10455,Vande Bharat
TRN12796,Superfast TRN12796,Superfast
TRN12616,Rajdhani TRN12616,Rajdhani
TRN11809,Passenger TRN11809,Passenger
TRN10775,Shatabdi TRN10775,Shatabdi
TRN13494,Passenger TRN13494,Passenger
TRN13539,Express TRN13539,Express
TRN11283,Passenger TRN11283,Passenger
TRN11389,Express TRN11389,Express
TRN10796,Express TRN10796,Express
TRN10724,Shatabdi TRN10724,Shatabdi
TRN12411,Express TRN12411,Express
TRN11714,Superfast TRN11714,Superfast
TRN13711,Express TRN13711,Express
TRN14118,Passenger TRN14118,Passenger
TRN13914,Superfast TRN13914,Superfast
TRN10929,Superfast TRN10929,Superfast
TRN14131,Passenger TRN14131,Passenger
TRN10750,Passenger TRN10750,Passenger
TRN12678,Superfast TRN12678,Superfast
TRN11829,Rajdhani TRN11829,Rajdhani
TRN11120,Superfast TRN11120,Superfast
TRN10752,Superfast TRN10752,Superfast
TRN14291,Express TRN14291,Express
TRN11792,Shatabdi TRN11792,Shatabdi
TRN14135,Rajdhani TRN14135,Rajdhani
TRN12143,Express TRN12143,Express
TRN13139,Express TRN13139,Express
TRN10611,Shatabdi TRN10611,Shatabdi
TRN11484,Passenger TRN11484,Passenger
TRN11536,Vande Bharat TRN11536,Vande Bharat
TRN10738,Express TRN10738,Express
TRN14464,Superfast TRN14464,Superfast
TRN11508,Passenger TRN11508,Passenger
TRN10851,Superfast TRN10851,Superfast
TRN14854,Passenger TRN14854,Passenger
TRN14110,Rajdhani TRN14110,Rajdhani
TRN10675,Passenger TRN10675,Passenger
TRN12517,Superfast TRN12517,Superfast
TRN12450,Rajdhani TRN12450,Rajdhani
TRN11754,Superfast TRN11754,Superfast
TRN14398,Passenger TRN14398,Passenger
TRN12157,Express TRN12157,Express
TRN10859,Express TRN10859,Express
TRN12222,Express TRN12222,Express
TRN13324,Superfast TRN13324,Superfast
TRN10903,Express TRN10903,Express
TRN14878,Rajdhani TRN14878,Rajdhani
TRN11220,Express TRN11220,Express
TRN14277,Express TRN14277,Express
TRN12803,Passenger TRN12803,Passenger
TRN11464,Express TRN11464,Express
TRN13280,Rajdhani TRN13280,Rajdhani
TRN13711,Superfast TRN13711,Superfast
TRN14896,Express TRN14896,Express
TRN10291,Passenger TRN10291,Passenger
TRN13986,Express TRN13986,Express
TRN10833,Superfast TRN10833,Superfast
TRN14684,Express TRN14684,Express
TRN14273,Vande Bharat TRN14273,Vande Bharat
TRN13360,Passenger TRN13360,Passenger
TRN11607,Express TRN11607,Express
TRN12448,Passenger TRN12448,Passenger
TRN11445,Superfast TRN11445,Superfast
TRN10618,Express TRN10618,Express
TRN10138,Express TRN10138,Express
TRN11644,Express TRN11644,Express
TRN10114,Vande Bharat TRN10114,Vande Bharat
TRN11493,Express TRN11493,Express
TRN14559,Vande Bharat TRN14559,Vande Bharat
TRN10961,Vande Bharat TRN10961,Vande Bharat
TRN10926,Express TRN10926,Express
TRN11454,Express TRN11454,Express
TRN11201,Passenger TRN11201,Passenger
TRN14996,Express TRN14996,Express
TRN12750,Shatabdi TRN12750,Shatabdi
TRN12599,Rajdhani TRN12599,Rajdhani
TRN12847,Shatabdi TRN12847,Shatabdi
TRN12321,Passenger TRN12321,Passenger
TRN10691,Express TRN10691,Express
TRN14860,Superfast TRN14860,Superfast
TRN10969,Express TRN10969,Express
TRN11275,Express TRN11275,Express
TRN14054,Passenger TRN14054,Passenger
TRN12031,Express TRN12031,Express
TRN10062,Superfast TRN10062,Superfast
TRN11794,Express TRN11794,Express
TRN10162,Passenger TRN10162,Passenger
TRN10014,Passenger TRN10014,Passenger
TRN14426,Passenger TRN14426,Passenger
TRN10834,Passenger TRN10834,Passenger
TRN13568,Express TRN13568,Express
TRN14535,Superfast TRN14535,Superfast
TRN11297,Express TRN11297,Express
TRN12908,Passenger TRN12908,Passenger
TRN14268,Express TRN14268,Express
TRN10227,Rajdhani TRN10227,Rajdhani
TRN11313,Superfast TRN11313,Superfast
TRN10103,Superfast TRN10103,Superfast
TRN12587,Passenger TRN12587,Passenger
TRN13189,Superfast TRN13189,Superfast
TRN14759,Passenger TRN14759,Passenger
TRN12190,Passenger TRN12190,Passenger
TRN12776,Superfast TRN12776,Superfast
TRN14316,Passenger TRN14316,Passenger
TRN14036,Passenger TRN14036,Passenger
TRN14825,Express TRN14825,Express
TRN13874,Superfast TRN13874,Superfast
TRN11330,Express TRN11330,Express
TRN13263,Passenger TRN13263,Passenger
TRN14823,Superfast TRN14823,Superfast
TRN14476,Shatabdi TRN14476,Shatabdi
TRN10898,Shatabdi TRN10898,Shatabdi
TRN10505,Shatabdi TRN10505,Shatabdi
TRN13153,Rajdhani TRN13153,Rajdhani
TRN11412,Superfast TRN11412,Superfast
TRN12712,Shatabdi TRN12712,Shatabdi
TRN10176,Express TRN10176,Express
TRN11969,Passenger TRN11969,Passenger
TRN12581,Express TRN12581,Express
TRN11031,Passenger TRN11031,Passenger
TRN10516,Superfast TRN10516,Superfast
TRN13464,Rajdhani TRN13464,Rajdhani
TRN14897,Express TRN14897,Express
TRN10607,Express TRN10607,Express
TRN10512,Rajdhani TRN10512,Rajdhani
TRN13147,Rajdhani TRN13147,Rajdhani
TRN12693,Superfast TRN12693,Superfast
TRN11478,Express TRN11478,Express
TRN14373,Passenger TRN14373,Passenger
TRN13150,Passenger TRN13150,Passenger
TRN13773,Express TRN13773,Express
TRN11839,Express TRN11839,Express
TRN13315,Passenger TRN13315,Passenger
TRN12488,Superfast TRN12488,Superfast
TRN13785,Superfast TRN13785,Superfast
TRN12076,Superfast TRN12076,Superfast
TRN14248,Express TRN14248,Express
TRN12934,Express TRN12934,Express
TRN13943,Passenger TRN13943,Passenger
TRN12816,Rajdhani TRN12816,Rajdhani
TRN12546,Superfast TRN12546,Superfast
TRN13046,Superfast TRN13046,Superfast
TRN12599,Express TRN12599,Express
TRN11080,Vande Bharat TRN11080,Vande Bharat
TRN12771,Express TRN12771,Express
TRN14010,Vande Bharat TRN14010,Vande Bharat
TRN13489,Passenger TRN13489,Passenger
TRN14164,Passenger TRN14164,Passenger
TRN12575,Rajdhani TRN12575,Rajdhani
TRN13943,Superfast TRN13943,Superfast
TRN10589,Superfast TRN10589,Superfast
TRN12460,Express TRN12460,Express
TRN10108,Passenger TRN10108,Passenger
TRN10643,Passenger TRN10643,Passenger
TRN10918,Superfast TRN10918,Superfast
TRN13491,Rajdhani TRN13491,Rajdhani
TRN12765,Shatabdi TRN12765,Shatabdi
TRN13085,Vande Bharat TRN13085,Vande Bharat
TRN11847,Express TRN11847,Express
TRN11977,Express TRN11977,Express
TRN13520,Passenger TRN13520,Passenger
TRN12418,Express TRN12418,Express
TRN12973,Passenger TRN12973,Passenger
TRN13993,Rajdhani TRN13993,Rajdhani
TRN13862,Express TRN13862,Express
TRN14734,Passenger TRN14734,Passenger
TRN13031,Shatabdi TRN13031,Shatabdi
TRN10443,Rajdhani TRN10443,Rajdhani
TRN14059,Passenger TRN14059,Passenger
TRN13854,Superfast TRN13854,Superfast
TRN12404,Passenger TRN12404,Passenger
TRN10659,Passenger TRN10659,Passenger
TRN10133,Passenger TRN10133,Passenger
TRN13590,Shatabdi TRN13590,Shatabdi
TRN14010,Express TRN14010,Express
TRN10481,Passenger TRN10481,Passenger
TRN13604,Superfast TRN13604,Superfast
TRN13884,Express TRN13884,Express
TRN10851,Express TRN10851,Express
TRN11581,Rajdhani TRN11581,Rajdhani
TRN14084,Superfast TRN14084,Superfast
TRN10159,Rajdhani TRN10159,Rajdhani
TRN11128,Shatabdi TRN11128,Shatabdi
TRN10805,Rajdhani TRN10805,Rajdhani
TRN12711,Shatabdi TRN12711,Shatabdi
TRN12249,Express TRN12249,Express
TRN14759,Superfast TRN14759,Superfast
TRN11728,Rajdhani TRN11728,Rajdhani
TRN11111,Superfast TRN11111,Superfast
TRN12343,Express TRN12343,Express
TRN12621,Passenger TRN12621,Passenger
TRN14268,Passenger TRN14268,Passenger
TRN12354,Passenger TRN12354,Passenger
TRN11221,Superfast TRN11221,Superfast
TRN12045,Express TRN12045,Express
TRN10440,Vande Bharat TRN10440,Vande Bharat
TRN10511,Superfast TRN10511,Superfast
TRN12479,Superfast TRN12479,Superfast
TRN12446,Express TRN12446,Express
TRN14546,Express TRN14546,Express
TRN10948,Superfast TRN10948,Superfast
TRN14999,Superfast TRN14999,Superfast
TRN14476,Passenger TRN14476,Passenger
TRN14074,Vande Bharat TRN14074,Vande Bharat
TRN11705,Superfast TRN11705,Superfast
TRN13333,Vande Bharat TRN13333,Vande Bharat
TRN14466,Superfast TRN14466,Superfast
TRN11001,Passenger TRN11001,Passenger
TRN12917,Express TRN12917,Express
TRN11491,Superfast TRN11491,Superfast
TRN10175,Superfast TRN10175,Superfast
TRN12054,Passenger TRN12054,Passenger
TRN14611,Express TRN14611,Express
TRN13313,Shatabdi TRN13313,Shatabdi
TRN11005,Vande Bharat TRN11005,Vande Bharat
TRN12138,Superfast TRN12138,Superfast
TRN11121,Rajdhani TRN11121,Rajdhani
TRN14508,Superfast TRN14508,Superfast
TRN10319,Superfast TRN10319,Superfast
TRN11562,Vande Bharat TRN11562,Vande Bharat
TRN12405,Superfast TRN12405,Superfast
TRN11880,Passenger TRN11880,Passenger
TRN10435,Express TRN10435,Express
TRN10037,Vande Bharat TRN10037,Vande Bharat
TRN14922,Express TRN14922,Express
TRN14797,Express TRN14797,Express
TRN14855,Express TRN14855,Express
TRN13797,Shatabdi TRN13797,Shatabdi
TRN12476,Superfast TRN12476,Superfast
TRN13725,Express TRN13725,Express
TRN11378,Express TRN11378,Express
TRN13709,Passenger TRN13709,Passenger
TRN14474,Express TRN14474,Express
TRN10020,Superfast TRN10020,Superfast
TRN11852,Superfast TRN11852,Superfast
TRN14618,Express TRN14618,Express
TRN14175,Vande Bharat TRN14175,Vande Bharat
TRN11929,Superfast TRN11929,Superfast
TRN14759,Express TRN14759,Express
TRN13813,Superfast TRN13813,Superfast
TRN13525,Superfast TRN13525,Superfast
TRN12684,Passenger TRN12684,Passenger
TRN12155,Superfast TRN12155,Superfast
TRN13330,Express TRN13330,Express
TRN13708,Superfast TRN13708,Superfast
TRN10725,Express TRN10725,Express
TRN11195,Passenger TRN11195,Passenger
TRN10467,Vande Bharat TRN10467,Vande Bharat
TRN10174,Passenger TRN10174,Passenger
TRN13607,Express TRN13607,Express
TRN10357,Passenger TRN10357,Passenger
TRN14558,Superfast TRN14558,Superfast
TRN10342,Passenger TRN10342,Passenger
TRN14912,Superfast TRN14912,Superfast
TRN13322,Shatabdi TRN13322,Shatabdi
TRN13516,Superfast TRN13516,Superfast
TRN11436,Superfast TRN11436,Superfast
TRN11788,Express TRN11788,Express
TRN12789,Superfast TRN12789,Superfast
TRN13276,Rajdhani TRN13276,Rajdhani
TRN13405,Express TRN13405,Express
TRN12752,Superfast TRN12752,Superfast
TRN11327,Passenger TRN11327,Passenger
TRN14277,Passenger TRN14277,Passenger
TRN13922,Rajdhani TRN13922,Rajdhani
TRN12716,Express TRN12716,Express
TRN11120,Express TRN11120,Express
TRN13764,Passenger TRN13764,Passenger
TRN11971,Superfast TRN11971,Superfast
TRN13984,Express TRN13984,Express
TRN10056,Passenger TRN10056,Passenger
TRN14844,Superfast TRN14844,Superfast
TRN12530,Passenger TRN12530,Passenger
TRN13160,Express TRN13160,Express
TRN10807,Passenger TRN10807,Passenger
TRN12568,Superfast TRN12568,Superfast
TRN12966,Superfast TRN12966,Superfast
TRN14297,Superfast TRN14297,Superfast
TRN12343,Passenger TRN12343,Passenger
TRN14951,Superfast TRN14951,Superfast
TRN12353,Passenger TRN12353,Passenger
TRN13083,Superfast TRN13083,Superfast
TRN10687,Passenger TRN10687,Passenger
TRN13181,Rajdhani TRN13181,Rajdhani
TRN11084,Express TRN11084,Express
TRN10842,Express TRN10842,Express
TRN13420,Express TRN13420,Express
TRN13717,Superfast TRN13717,Superfast
TRN12443,Express TRN12443,Express
TRN10425,Express TRN10425,Express
TRN12552,Passenger TRN12552,Passenger
TRN11930,Superfast TRN11930,Superfast
TRN12109,Superfast TRN12109,Superfast
TRN12725,Passenger TRN12725,Passenger
TRN10259,Passenger TRN10259,Passenger
TRN14919,Rajdhani TRN14919,Rajdhani
TRN11681,Superfast TRN11681,Superfast
TRN13872,Passenger TRN13872,Passenger
TRN12141,Superfast TRN12141,Superfast
TRN10141,Express TRN10141,Express
TRN11700,Express TRN11700,Express
TRN11585,Express TRN11585,Express
TRN11421,Passenger TRN11421,Passenger
TRN12470,Shatabdi TRN12470,Shatabdi
TRN14382,Superfast TRN14382,Superfast
TRN14424,Express TRN14424,Express
TRN14197,Shatabdi TRN14197,Shatabdi
TRN10357,Express TRN10357,Express
TRN11475,Express TRN11475,Express
TRN14013,Passenger TRN14013,Passenger
TRN13817,Passenger TRN13817,Passenger
TRN12105,Superfast TRN12105,Superfast
TRN11622,Superfast TRN11622,Superfast
TRN13002,Passenger TRN13002,Passenger
TRN12067,Rajdhani TRN12067,Rajdhani
TRN14696,Express TRN14696,Express
TRN12638,Superfast TRN12638,Superfast
TRN14302,Superfast TRN14302,Superfast
TRN12929,Shatabdi TRN12929,Shatabdi
TRN12197,Passenger TRN12197,Passenger
TRN10283,Passenger TRN10283,Passenger
TRN13075,Superfast TRN13075,Superfast
TRN13022,Rajdhani TRN13022,Rajdhani
TRN11696,Passenger TRN11696,Passenger
TRN12015,Superfast TRN12015,Superfast
TRN11701,Superfast TRN11701,Superfast
TRN14765,Passenger TRN14765,Passenger
TRN13541,Express TRN13541,Express
TRN13948,Vande Bharat TRN13948,Vande Bharat
TRN12850,Express TRN12850,Express
TRN12698,Superfast TRN12698,Superfast
TRN12270,Vande Bharat TRN12270,Vande Bharat
TRN13602,Express TRN13602,Express
TRN13593,Superfast TRN13593,Superfast
TRN13240,Superfast TRN13240,Superfast
TRN12244,Passenger TRN12244,Passenger
TRN12082,Superfast TRN12082,Superfast
TRN11167,Express TRN11167,Express
TRN13832,Superfast TRN13832,Superfast
TRN12489,Express TRN12489,Express
TRN11168,Passenger TRN11168,Passenger
TRN11456,Express TRN11456,Express
TRN13394,Superfast TRN13394,Superfast
TRN14244,Passenger TRN14244,Passenger
TRN12392,Rajdhani TRN12392,Rajdhani
TRN14325,Express TRN14325,Express
TRN13504,Superfast TRN13504,Superfast
TRN14753,Shatabdi TRN14753,Shatabdi
TRN14276,Express TRN14276,Express
TRN10487,Express TRN10487,Express
TRN13461,Express TRN13461,Express
TRN11585,Superfast TRN11585,Superfast
TRN13906,Express TRN13906,Express
TRN11114,Passenger TRN11114,Passenger
TRN10944,Superfast TRN10944,Superfast
TRN11084,Passenger TRN11084,Passenger
TRN10975,Vande Bharat TRN10975,Vande Bharat
TRN10760,Passenger TRN10760,Passenger
TRN10076,Express TRN10076,Express
TRN10568,Passenger TRN10568,Passenger
TRN12684,Superfast TRN12684,Superfast
TRN10991,Superfast TRN10991,Superfast
TRN14427,Express TRN14427,Express
TRN10370,Passenger TRN10370,Passenger
TRN14470,Passenger TRN14470,Passenger
TRN12007,Express TRN12007,Express
TRN10668,Superfast TRN10668,Superfast
TRN10500,Superfast TRN10500,Superfast
TRN13582,Vande Bharat TRN13582,Vande Bharat
TRN14819,Passenger TRN14819,Passenger
TRN12247,Rajdhani TRN12247,Rajdhani
TRN11830,Passenger TRN11830,Passenger
TRN10594,Express TRN10594,Express
TRN11003,Express TRN11003,Express
TRN11230,Passenger TRN11230,Passenger
TRN11090,Vande Bharat TRN11090,Vande Bharat
TRN10937,Superfast TRN10937,Superfast
TRN10097,Superfast TRN10097,Superfast
TRN11816,Passenger TRN11816,Passenger
TRN13209,Superfast TRN13209,Superfast
TRN12679,Express TRN12679,Express
TRN14150,Superfast TRN14150,Superfast
TRN11766,Express TRN11766,Express
TRN12980,Superfast TRN12980,Superfast
TRN11843,Superfast TRN11843,Superfast
TRN12826,Superfast TRN12826,Superfast
TRN12561,Superfast TRN12561,Superfast
TRN12490,Express TRN12490,Express
TRN12872,Superfast TRN12872,Superfast
TRN12764,Superfast TRN12764,Superfast
TRN14555,Express TRN14555,Express
TRN12593,Passenger TRN12593,Passenger
TRN11406,Superfast TRN11406,Superfast
TRN13750,Express TRN13750,Express
TRN13767,Passenger TRN13767,Passenger
TRN12399,Passenger TRN12399,Passenger
TRN10108,Superfast TRN10108,Superfast
TRN12947,Express TRN12947,Express
TRN10639,Express TRN10639,Express
TRN10093,Shatabdi TRN10093,Shatabdi
TRN14193,Express TRN14193,Express
TRN10297,Superfast TRN10297,Superfast
TRN11340,Superfast TRN11340,Superfast
TRN12189,Superfast TRN12189,Superfast
TRN11976,Rajdhani TRN11976,Rajdhani
TRN11976,Superfast TRN11976,Superfast
TRN11961,Express TRN11961,Express
TRN12189,Express TRN12189,Express
TRN12115,Express TRN12115,Express
TRN12523,Shatabdi TRN12523,Shatabdi
TRN14337,Express TRN14337,Express
TRN12111,Passenger TRN12111,Passenger
TRN13342,Express TRN13342,Express
TRN12333,Superfast TRN12333,Superfast
TRN13807,Superfast TRN13807,Superfast
TRN14772,Passenger TRN14772,Passenger
TRN13562,Superfast TRN13562,Superfast
TRN11070,Rajdhani TRN11070,Rajdhani
TRN13544,Express TRN13544,Express
TRN11319,Shatabdi TRN11319,Shatabdi
TRN13705,Superfast TRN13705,Superfast
TRN10993,Superfast TRN10993,Superfast
TRN12663,Passenger TRN12663,Passenger
TRN13823,Passenger TRN13823,Passenger
TRN11750,Passenger TRN11750,Passenger
TRN14837,Passenger TRN14837,Passenger
TRN11377,Superfast TRN11377,Superfast
TRN10699,Express TRN10699,Express
TRN12087,Express TRN12087,Express
TRN13009,Superfast TRN13009,Superfast
TRN14915,Superfast TRN14915,Superfast
TRN10361,Express TRN10361,Express
TRN12431,Superfast TRN12431,Superfast
TRN14644,Express TRN14644,Express
TRN12208,Express TRN12208,Express
TRN12268,Rajdhani TRN12268,Rajdhani
TRN11782,Express TRN11782,Express
TRN13305,Rajdhani TRN13305,Rajdhani
TRN11437,Passenger TRN11437,Passenger
TRN11612,Express TRN11612,Express
TRN10700,Passenger TRN10700,Passenger
TRN11011,Superfast TRN11011,Superfast
TRN14008,Superfast TRN14008,Superfast
TRN11988,Rajdhani TRN11988,Rajdhani
TRN11511,Express TRN11511,Express
TRN10863,Passenger TRN10863,Passenger
TRN13203,Express TRN13203,Express
TRN12753,Passenger TRN12753,Passenger
TRN13886,Superfast TRN13886,Superfast
TRN11005,Express TRN11005,Express
TRN11597,Passenger TRN11597,Passenger
TRN12780,Superfast TRN12780,Superfast
TRN14082,Passenger TRN14082,Passenger
TRN12801,Passenger TRN12801,Passenger
TRN12376,Express TRN12376,Express
TRN12596,Express TRN12596,Express
TRN14631,Superfast TRN14631,Superfast
TRN10116,Passenger TRN10116,Passenger
TRN11024,Express TRN11024,Express
TRN12045,Superfast TRN12045,Superfast
TRN13546,Passenger TRN13546,Passenger
TRN12242,Rajdhani TRN12242,Rajdhani
TRN13270,Superfast TRN13270,Superfast
TRN12890,Passenger TRN12890,Passenger
TRN13215,Shatabdi TRN13215,Shatabdi
TRN14930,Passenger TRN14930,Passenger
TRN11191,Express TRN11191,Express
TRN10169,Superfast TRN10169,Superfast
TRN10573,Express TRN10573,Express
TRN13351,Express TRN13351,Express
TRN13762,Superfast TRN13762,Superfast
TRN12658,Express TRN12658,Express
TRN14228,Passenger TRN14228,Passenger
TRN13348,Express TRN13348,Express
TRN11884,Superfast TRN11884,Superfast
TRN12765,Superfast TRN12765,Superfast
TRN11707,Rajdhani TRN11707,Rajdhani
TRN14898,Express TRN14898,Express
TRN10706,Vande Bharat TRN10706,Vande Bharat
TRN13223,Vande Bharat TRN13223,Vande Bharat
TRN12296,Superfast TRN12296,Superfast
TRN12293,Superfast TRN12293,Superfast
TRN10781,Superfast TRN10781,Superfast
TRN12574,Superfast TRN12574,Superfast
TRN13008,Express TRN13008,Express
TRN13927,Rajdhani TRN13927,Rajdhani
TRN13449,Express TRN13449,Express
TRN10665,Rajdhani TRN10665,Rajdhani
TRN13242,Superfast TRN13242,Superfast
TRN10459,Express TRN10459,Express
TRN14505,Rajdhani TRN14505,Rajdhani
TRN13206,Express TRN13206,Express
TRN14731,Vande Bharat TRN14731,Vande Bharat
TRN10420,Superfast TRN10420,Superfast
TRN13374,Passenger TRN13374,Passenger
TRN13742,Express TRN13742,Express
TRN11417,Shatabdi TRN11417,Shatabdi
TRN13825,Superfast TRN13825,Superfast
TRN12389,Superfast TRN12389,Superfast
TRN14876,Express TRN14876,Express
TRN11994,Vande Bharat TRN11994,Vande Bharat
TRN10159,Superfast TRN10159,Superfast
TRN11661,Passenger TRN11661,Passenger
TRN14191,Express TRN14191,Express
TRN13517,Passenger TRN13517,Passenger
TRN14197,Superfast TRN14197,Superfast
TRN10575,Passenger TRN10575,Passenger
TRN11974,Express TRN11974,Express
TRN11212,Superfast TRN11212,Superfast
TRN11728,Express TRN11728,Express
TRN12967,Superfast TRN12967,Superfast
TRN10257,Superfast TRN10257,Superfast
TRN12683,Rajdhani TRN12683,Rajdhani
TRN12747,Rajdhani TRN12747,Rajdhani
TRN14195,Passenger TRN14195,Passenger
TRN11349,Superfast TRN11349,Superfast
TRN10057,Passenger TRN10057,Passenger
TRN13112,Express TRN13112,Express
TRN13473,Shatabdi TRN13473,Shatabdi
TRN14216,Vande Bharat TRN14216,Vande Bharat
TRN13913,Express TRN13913,Express
TRN14230,Express TRN14230,Express
TRN14126,Superfast TRN14126,Superfast
TRN13940,Superfast TRN13940,Superfast
TRN13283,Superfast TRN13283,Superfast
TRN14926,Superfast TRN14926,Superfast
TRN14887,Express TRN14887,Express
TRN13234,Superfast TRN13234,Superfast
TRN14908,Shatabdi TRN14908,Shatabdi
TRN12189,Vande Bharat TRN12189,Vande Bharat
TRN10850,Superfast TRN10850,Superfast
TRN13180,Rajdhani TRN13180,Rajdhani
TRN11199,Superfast TRN11199,Superfast
TRN12150,Passenger TRN12150,Passenger
TRN10362,Express TRN10362,Express
TRN13245,Passenger TRN13245,Passenger
TRN11186,Rajdhani TRN11186,Rajdhani
TRN12194,Superfast TRN12194,Superfast
TRN10066,Superfast TRN10066,Superfast
TRN11720,Passenger TRN11720,Passenger
TRN10434,Shatabdi TRN10434,Shatabdi
TRN11756,Superfast TRN11756,Superfast
TRN11490,Passenger TRN11490,Passenger
TRN11223,Vande Bharat TRN11223,Vande Bharat
TRN12850,Shatabdi TRN12850,Shatabdi
TRN12963,Superfast TRN12963,Superfast
TRN11728,Passenger TRN11728,Passenger
TRN11747,Express TRN11747,Express
TRN10977,Express TRN10977,Express
TRN14174,Express TRN14174,Express
TRN14065,Superfast TRN14065,Superfast
TRN10489,Express TRN10489,Express
TRN10514,Superfast TRN10514,Superfast
TRN12171,Superfast TRN12171,Superfast
TRN11112,Superfast TRN11112,Superfast
TRN13306,Superfast TRN13306,Superfast
TRN10341,Superfast TRN10341,Superfast
TRN11581,Passenger TRN11581,Passenger
TRN10667,Rajdhani TRN10667,Rajdhani
TRN14788,Express TRN14788,Express
TRN14128,Rajdhani TRN14128,Rajdhani
TRN14840,Express TRN14840,Express
TRN11515,Rajdhani TRN11515,Rajdhani
TRN13554,Superfast TRN13554,Superfast
TRN10776,Express TRN10776,Express
TRN13753,Express TRN13753,Express
TRN12154,Superfast TRN12154,Superfast
TRN13636,Passenger TRN13636,Passenger
TRN11629,Express TRN11629,Express
TRN13545,Superfast TRN13545,Superfast
TRN11107,Express TRN11107,Express
TRN13836,Superfast TRN13836,Superfast
TRN14010,Superfast TRN14010,Superfast
TRN12051,Passenger TRN12051,Passenger
TRN10377,Superfast TRN10377,Superfast
TRN12473,Express TRN12473,Express
TRN11774,Express TRN11774,Express
TRN14183,Superfast TRN14183,Superfast
TRN12833,Express TRN12833,Express
TRN12600,Express TRN12600,Express
TRN14459,Passenger TRN14459,Passenger
TRN10121,Vande Bharat TRN10121,Vande Bharat
TRN11619,Superfast TRN11619,Superfast
TRN13958,Express TRN13958,Express
TRN10653,Rajdhani TRN10653,Rajdhani
TRN13276,Express TRN13276,Express
TRN13753,Superfast TRN13753,Superfast
TRN10093,Superfast TRN10093,Superfast
TRN11452,Rajdhani TRN11452,Rajdhani
TRN13104,Express TRN13104,Express
TRN10175,Express TRN10175,Express
TRN14186,Passenger TRN14186,Passenger
TRN11440,Vande Bharat TRN11440,Vande Bharat
TRN12807,Superfast TRN12807,Superfast
TRN13713,Express TRN13713,Express
TRN14545,Express TRN14545,Express
TRN10042,Superfast TRN10042,Superfast
TRN10161,Express TRN10161,Express
TRN14267,Passenger TRN14267,Passenger
TRN10553,Rajdhani TRN10553,Rajdhani
TRN10718,Express TRN10718,Express
TRN13470,Superfast TRN13470,Superfast
TRN10287,Passenger TRN10287,Passenger
TRN12058,Superfast TRN12058,Superfast
TRN12694,Passenger TRN12694,Passenger
TRN13889,Express TRN13889,Express
TRN12618,Express TRN12618,Express
TRN12735,Vande Bharat TRN12735,Vande Bharat
TRN11318,Passenger TRN11318,Passenger
TRN10789,Passenger TRN10789,Passenger
TRN11334,Superfast TRN11334,Superfast
TRN13741,Express TRN13741,Express
TRN14178,Passenger TRN14178,Passenger
TRN14406,Express TRN14406,Express
TRN10455,Superfast TRN10455,Superfast
TRN14887,Passenger TRN14887,Passenger
TRN13430,Rajdhani TRN13430,Rajdhani
TRN11003,Superfast TRN11003,Superfast
TRN14698,Superfast TRN14698,Superfast
TRN10457,Superfast TRN10457,Superfast
TRN10753,Express TRN10753,Express
TRN12699,Shatabdi TRN12699,Shatabdi
TRN12586,Passenger TRN12586,Passenger
TRN11337,Express TRN11337,Express
TRN11594,Passenger TRN11594,Passenger
TRN13294,Express TRN13294,Express
TRN14136,Passenger TRN14136,Passenger
TRN11280,Express TRN11280,Express
TRN13859,Express TRN13859,Express
TRN13071,Shatabdi TRN13071,Shatabdi
TRN12441,Superfast TRN12441,Superfast
TRN13235,Rajdhani TRN13235,Rajdhani
TRN12775,Superfast TRN12775,Superfast
TRN11975,Express TRN11975,Express
TRN13047,Superfast TRN13047,Superfast
TRN13611,Passenger TRN13611,Passenger
TRN10179,Express TRN10179,Express
TRN14146,Rajdhani TRN14146,Rajdhani
TRN14732,Superfast TRN14732,Superfast
TRN10216,Vande Bharat TRN10216,Vande Bharat
TRN14027,Passenger TRN14027,Passenger
TRN10847,Passenger TRN10847,Passenger
TRN13685,Superfast TRN13685,Superfast
TRN13249,Express TRN13249,Express
TRN12094,Passenger TRN12094,Passenger
TRN10813,Express TRN10813,Express
TRN11748,Express TRN11748,Express
TRN13550,Express TRN13550,Express
TRN14734,Superfast TRN14734,Superfast
TRN14470,Superfast TRN14470,Superfast
TRN13295,Express TRN13295,Express
TRN14344,Superfast TRN14344,Superfast
TRN13350,Superfast TRN13350,Superfast
TRN14998,Shatabdi TRN14998,Shatabdi
TRN12785,Rajdhani TRN12785,Rajdhani
TRN14160,Rajdhani TRN14160,Rajdhani
TRN12121,Superfast TRN12121,Superfast
TRN14204,Shatabdi TRN14204,Shatabdi
TRN14178,Superfast TRN14178,Superfast
TRN14042,Express TRN14042,Express
TRN13960,Superfast TRN13960,Superfast
TRN11371,Express TRN11371,Express
TRN10398,Superfast TRN10398,Superfast
TRN11292,Superfast TRN11292,Superfast
TRN12215,Express TRN12215,Express
TRN10731,Express TRN10731,Express
TRN10388,Passenger TRN10388,Passenger
TRN10218,Superfast TRN10218,Superfast
TRN10203,Express TRN10203,Express
TRN13515,Shatabdi TRN13515,Shatabdi
TRN10844,Passenger TRN10844,Passenger
TRN14278,Rajdhani TRN14278,Rajdhani
TRN14641,Passenger TRN14641,Passenger
TRN13524,Rajdhani TRN13524,Rajdhani
TRN13180,Vande Bharat TRN13180,Vande Bharat
TRN10990,Superfast TRN10990,Superfast
TRN10310,Express TRN10310,Express
TRN14162,Passenger TRN14162,Passenger
TRN13131,Superfast TRN13131,Superfast
TRN11073,Rajdhani TRN11073,Rajdhani
TRN14842,Superfast TRN14842,Superfast
TRN11848,Superfast TRN11848,Superfast
TRN11957,Superfast TRN11957,Superfast
TRN13896,Superfast TRN13896,Superfast
TRN13664,Vande Bharat TRN13664,Vande Bharat
TRN14587,Rajdhani TRN14587,Rajdhani
TRN11147,Express TRN11147,Express
TRN11846,Express TRN11846,Express
TRN11446,Express TRN11446,Express
TRN12799,Express TRN12799,Express
TRN13046,Express TRN13046,Express
TRN11965,Express TRN11965,Express
TRN11982,Express TRN11982,Express
TRN14544,Passenger TRN14544,Passenger
TRN12461,Passenger TRN12461,Passenger
TRN13326,Vande Bharat TRN13326,Vande Bharat
TRN10392,Express TRN10392,Express
TRN13054,Express TRN13054,Express
TRN14863,Express TRN14863,Express
TRN13587,Express TRN13587,Express
TRN10326,Rajdhani TRN10326,Rajdhani
TRN10545,Vande Bharat TRN10545,Vande Bharat
TRN10981,Rajdhani TRN10981,Rajdhani
TRN13803,Passenger TRN13803,Passenger
TRN13175,Superfast TRN13175,Superfast
TRN10016,Vande Bharat TRN10016,Vande Bharat
TRN12462,Express TRN12462,Express
TRN12301,Passenger TRN12301,Passenger
TRN13478,Superfast TRN13478,Superfast
TRN11764,Passenger TRN11764,Passenger
TRN12412,Rajdhani TRN12412,Rajdhani
TRN13671,Superfast TRN13671,Superfast
TRN14017,Superfast TRN14017,Superfast
TRN14577,Superfast TRN14577,Superfast
TRN13767,Superfast TRN13767,Superfast
TRN13774,Passenger TRN13774,Passenger
TRN13481,Vande Bharat TRN13481,Vande Bharat
TRN11382,Rajdhani TRN11382,Rajdhani
TRN10895,Express TRN10895,Express
TRN12158,Superfast TRN12158,Superfast
TRN10816,Express TRN10816,Express
TRN11397,Passenger TRN11397,Passenger
TRN11675,Superfast TRN11675,Superfast
TRN10177,Express TRN10177,Express
TRN13710,Superfast TRN13710,Superfast
TRN14279,Shatabdi TRN14279,Shatabdi
TRN14410,Superfast TRN14410,Superfast
TRN13240,Express TRN13240,Express
TRN10687,Vande Bharat TRN10687,Vande Bharat
TRN13732,Passenger TRN13732,Passenger
TRN14481,Express TRN14481,Express
TRN13517,Rajdhani TRN13517,Rajdhani
TRN13918,Passenger TRN13918,Passenger
TRN13637,Express TRN13637,Express
TRN12917,Shatabdi TRN12917,Shatabdi
TRN11361,Express TRN11361,Express
TRN10906,Express TRN10906,Express
TRN14128,Express TRN14128,Express
TRN12114,Passenger TRN12114,Passenger
TRN10996,Superfast TRN10996,Superfast
TRN14797,Passenger TRN14797,Passenger
TRN10835,Express TRN10835,Express
TRN14175,Express TRN14175,Express
TRN11753,Superfast TRN11753,Superfast
TRN11737,Superfast TRN11737,Superfast
TRN14575,Superfast TRN14575,Superfast
TRN11325,Superfast TRN11325,Superfast
TRN11254,Passenger TRN11254,Passenger
TRN13614,Rajdhani TRN13614,Rajdhani
TRN11684,Express TRN11684,Express
TRN11872,Express TRN11872,Express
TRN14821,Shatabdi TRN14821,Shatabdi
TRN11965,Passenger TRN11965,Passenger
TRN14559,Rajdhani TRN14559,Rajdhani
TRN10795,Shatabdi TRN10795,Shatabdi
TRN14704,Express TRN14704,Express
TRN13349,Shatabdi TRN13349,Shatabdi
TRN11610,Rajdhani TRN11610,Rajdhani
TRN14289,Express TRN14289,Express
TRN11339,Superfast TRN11339,Superfast
TRN11569,Passenger TRN11569,Passenger
TRN10999,Express TRN10999,Express
TRN10710,Express TRN10710,Express
TRN12513,Passenger TRN12513,Passenger
TRN13962,Passenger TRN13962,Passenger
TRN13112,Passenger TRN13112,Passenger
TRN12871,Passenger TRN12871,Passenger
TRN10152,Express TRN10152,Express
TRN11147,Superfast TRN11147,Superfast
TRN13056,Rajdhani TRN13056,Rajdhani
TRN10578,Express TRN10578,Express
TRN14613,Superfast TRN14613,Superfast
TRN10930,Passenger TRN10930,Passenger
TRN10022,Express TRN10022,Express
TRN13118,Express TRN13118,Express
TRN11455,Shatabdi TRN11455,Shatabdi
TRN14918,Express TRN14918,Express
TRN14870,Superfast TRN14870,Superfast
TRN13835,Express TRN13835,Express
TRN12831,Superfast TRN12831,Superfast
TRN11014,Express TRN11014,Express
TRN12254,Express TRN12254,Express
TRN10019,Superfast TRN10019,Superfast
TRN11791,Express TRN11791,Express
TRN14930,Express TRN14930,Express
TRN12868,Rajdhani TRN12868,Rajdhani
TRN12940,Express TRN12940,Express
TRN10327,Superfast TRN10327,Superfast
TRN10430,Express TRN10430,Express
TRN12945,Rajdhani TRN12945,Rajdhani
TRN12868,Passenger TRN12868,Passenger
TRN11329,Vande Bharat TRN11329,Vande Bharat
TRN12052,Express TRN12052,Express
TRN14015,Passenger TRN14015,Passenger
TRN11715,Superfast TRN11715,Superfast
TRN11104,Rajdhani TRN11104,Rajdhani
TRN10777,Express TRN10777,Express
TRN14722,Express TRN14722,Express
TRN10255,Passenger TRN10255,Passenger
TRN10367,Rajdhani TRN10367,Rajdhani
TRN10406,Shatabdi TRN10406,Shatabdi
TRN12223,Rajdhani TRN12223,Rajdhani
TRN12911,Rajdhani TRN12911,Rajdhani
TRN14582,Superfast TRN14582,Superfast
TRN11849,Superfast TRN11849,Superfast
TRN12205,Express TRN12205,Express
TRN11745,Superfast TRN11745,Superfast
TRN13191,Express TRN13191,Express
TRN13684,Shatabdi TRN13684,Shatabdi
TRN12709,Express TRN12709,Express
TRN13509,Express TRN13509,Express
TRN14691,Superfast TRN14691,Superfast
TRN14779,Superfast TRN14779,Superfast
TRN14642,Express TRN14642,Express
TRN14541,Express TRN14541,Express
TRN10957,Vande Bharat TRN10957,Vande Bharat
TRN10278,Passenger TRN10278,Passenger
TRN12648,Express TRN12648,Express
TRN11516,Superfast TRN11516,Superfast
TRN10409,Superfast TRN10409,Superfast
TRN11747,Vande Bharat TRN11747,Vande Bharat
TRN11708,Superfast TRN11708,Superfast
TRN12696,Express TRN12696,Express
TRN14691,Express TRN14691,Express
TRN10181,Express TRN10181,Express
TRN12368,Superfast TRN12368,Superfast
TRN14566,Vande Bharat TRN14566,Vande Bharat
TRN12977,Express TRN12977,Express
TRN10498,Rajdhani TRN10498,Rajdhani
TRN14723,Express TRN14723,Express
TRN10771,Superfast TRN10771,Superfast
TRN10915,Shatabdi TRN10915,Shatabdi
TRN13576,Passenger TRN13576,Passenger
TRN10389,Express TRN10389,Express
TRN12103,Rajdhani TRN12103,Rajdhani
TRN13155,Express TRN13155,Express
TRN14141,Rajdhani TRN14141,Rajdhani
TRN10608,Superfast TRN10608,Superfast
TRN14728,Express TRN14728,Express
TRN11340,Rajdhani TRN11340,Rajdhani
TRN13157,Express TRN13157,Express
TRN12246,Express TRN12246,Express
TRN12113,Vande Bharat TRN12113,Vande Bharat
TRN11615,Superfast TRN11615,Superfast
TRN14459,Express TRN14459,Express
TRN11002,Express TRN11002,Express
TRN12218,Passenger TRN12218,Passenger
TRN11233,Rajdhani TRN11233,Rajdhani
TRN11130,Express TRN11130,Express
TRN10384,Shatabdi TRN10384,Shatabdi
TRN12996,Express TRN12996,Express
TRN11338,Passenger TRN11338,Passenger
TRN10791,Vande Bharat TRN10791,Vande Bharat
TRN13850,Vande Bharat TRN13850,Vande Bharat
TRN14658,Passenger TRN14658,Passenger
TRN13054,Passenger TRN13054,Passenger
TRN13891,Express TRN13891,Express
TRN11960,Express TRN11960,Express
TRN11426,Vande Bharat TRN11426,Vande Bharat
TRN14633,Rajdhani TRN14633,Rajdhani
TRN10305,Passenger TRN10305,Passenger
TRN13090,Superfast TRN13090,Superfast
TRN10841,Express TRN10841,Express
TRN11796,Passenger TRN11796,Passenger
TRN13621,Express TRN13621,Express
TRN13479,Vande Bharat TRN13479,Vande Bharat
TRN11294,Superfast TRN11294,Superfast
TRN11364,Superfast TRN11364,Superfast
TRN10409,Express TRN10409,Express
TRN12960,Superfast TRN12960,Superfast
TRN12417,Express TRN12417,Express
TRN10874,Express TRN10874,Express
TRN14685,Superfast TRN14685,Superfast
TRN12657,Express TRN12657,Express
TRN14007,Superfast TRN14007,Superfast
TRN14822,Vande Bharat TRN14822,Vande Bharat
TRN13210,Passenger TRN13210,Passenger
TRN13137,Superfast TRN13137,Superfast
TRN10199,Express TRN10199,Express
TRN10777,Vande Bharat TRN10777,Vande Bharat
TRN10053,Express TRN10053,Express
TRN14891,Rajdhani TRN14891,Rajdhani
TRN12523,Express TRN12523,Express
TRN10945,Passenger TRN10945,Passenger
TRN12343,Superfast TRN12343,Superfast
TRN14932,Express TRN14932,Express
TRN12513,Express TRN12513,Express
TRN11981,Vande Bharat TRN11981,Vande Bharat
TRN12741,Express TRN12741,Express
TRN13165,Passenger TRN13165,Passenger
TRN14975,Express TRN14975,Express
TRN10963,Vande Bharat TRN10963,Vande Bharat
TRN14687,Passenger TRN14687,Passenger
TRN13928,Express TRN13928,Express
TRN11681,Express TRN11681,Express
TRN10634,Superfast TRN10634,Superfast
TRN10618,Superfast TRN10618,Superfast
TRN11687,Rajdhani TRN11687,Rajdhani
TRN13323,Superfast TRN13323,Superfast
TRN10385,Express TRN10385,Express
TRN14671,Rajdhani TRN14671,Rajdhani
TRN13750,Vande Bharat TRN13750,Vande Bharat
TRN10026,Express TRN10026,Express
TRN14973,Superfast TRN14973,Superfast
TRN14623,Superfast TRN14623,Superfast
TRN12461,Superfast TRN12461,Superfast
TRN14210,Superfast TRN14210,Superfast
TRN12900,Express TRN12900,Express
TRN13273,Shatabdi TRN13273,Shatabdi
TRN13992,Superfast TRN13992,Superfast
TRN14393,Shatabdi TRN14393,Shatabdi
TRN10822,Express TRN10822,Express
TRN10200,Superfast TRN10200,Superfast
TRN12357,Rajdhani TRN12357,Rajdhani
TRN13297,Passenger TRN13297,Passenger
TRN10120,Passenger TRN10120,Passenger
TRN12925,Passenger TRN12925,Passenger
TRN13280,Superfast TRN13280,Superfast
TRN12382,Passenger TRN12382,Passenger
TRN10673,Superfast TRN10673,Superfast
TRN11012,Superfast TRN11012,Superfast
TRN10148,Shatabdi TRN10148,Shatabdi
TRN11508,Express TRN11508,Express
TRN10103,Express TRN10103,Express
TRN14261,Superfast TRN14261,Superfast
TRN10911,Express TRN10911,Express
TRN10124,Superfast TRN10124,Superfast
TRN12529,Vande Bharat TRN12529,Vande Bharat
TRN12576,Passenger TRN12576,Passenger
TRN10421,Superfast TRN10421,Superfast
TRN14744,Superfast TRN14744,Superfast
TRN10614,Vande Bharat TRN10614,Vande Bharat
TRN13802,Shatabdi TRN13802,Shatabdi
TRN10938,Passenger TRN10938,Passenger
TRN10493,Express TRN10493,Express
TRN13542,Passenger TRN13542,Passenger
TRN11864,Rajdhani TRN11864,Rajdhani
TRN11749,Vande Bharat TRN11749,Vande Bharat
TRN10510,Superfast TRN10510,Superfast
TRN13266,Passenger TRN13266,Passenger
TRN13304,Passenger TRN13304,Passenger
TRN13972,Shatabdi TRN13972,Shatabdi
TRN13747,Superfast TRN13747,Superfast
TRN14724,Passenger TRN14724,Passenger
TRN14668,Vande Bharat TRN14668,Vande Bharat
TRN12375,Superfast TRN12375,Superfast
TRN11961,Superfast TRN11961,Superfast
TRN10492,Superfast TRN10492,Superfast
TRN14504,Passenger TRN14504,Passenger
TRN12581,Superfast TRN12581,Superfast
TRN12761,Passenger TRN12761,Passenger
TRN12537,Passenger TRN12537,Passenger
TRN13876,Rajdhani TRN13876,Rajdhani
TRN14097,Rajdhani TRN14097,Rajdhani
TRN11027,Rajdhani TRN11027,Rajdhani
TRN14865,Express TRN14865,Express
TRN10837,Superfast TRN10837,Superfast
TRN13035,Passenger TRN13035,Passenger
TRN10237,Shatabdi TRN10237,Shatabdi
TRN11329,Express TRN11329,Express
TRN13962,Vande Bharat TRN13962,Vande Bharat
TRN10475,Vande Bharat TRN10475,Vande Bharat
TRN10967,Passenger TRN10967,Passenger
TRN13430,Passenger TRN13430,Passenger
TRN14263,Passenger TRN14263,Passenger
TRN12091,Express TRN12091,Express
TRN11057,Superfast TRN11057,Superfast
TRN12972,Passenger TRN12972,Passenger
TRN14001,Express TRN14001,Express
TRN13872,Express TRN13872,Express
TRN10867,Superfast TRN10867,Superfast
TRN10333,Passenger TRN10333,Passenger
TRN11169,Superfast TRN11169,Superfast
TRN14878,Superfast TRN14878,Superfast
TRN13561,Passenger TRN13561,Passenger
TRN14398,Superfast TRN14398,Superfast
TRN12251,Rajdhani TRN12251,Rajdhani
TRN10412,Superfast TRN10412,Superfast
TRN12747,Superfast TRN12747,Superfast
TRN14469,Passenger TRN14469,Passenger
TRN14115,Express TRN14115,Express
TRN14524,Passenger TRN14524,Passenger
TRN10366,Superfast TRN10366,Superfast
TRN14250,Vande Bharat TRN14250,Vande Bharat
TRN10473,Superfast TRN10473,Superfast
TRN11813,Express TRN11813,Express
TRN13891,Shatabdi TRN13891,Shatabdi
TRN14171,Express TRN14171,Express
TRN10386,Shatabdi TRN10386,Shatabdi
TRN11794,Superfast TRN11794,Superfast
TRN14847,Passenger TRN14847,Passenger
TRN14115,Superfast TRN14115,Superfast
TRN11485,Superfast TRN11485,Superfast
TRN11676,Superfast TRN11676,Superfast
TRN10147,Superfast TRN10147,Superfast
TRN14415,Passenger TRN14415,Passenger
TRN11939,Passenger TRN11939,Passenger
TRN11957,Vande Bharat TRN11957,Vande Bharat
TRN11844,Rajdhani TRN11844,Rajdhani
TRN12538,Express TRN12538,Express
TRN11096,Express TRN11096,Express
TRN13119,Express TRN13119,Express
TRN10217,Express TRN10217,Express
TRN10918,Passenger TRN10918,Passenger
TRN13327,Passenger TRN13327,Passenger
TRN11616,Passenger TRN11616,Passenger
TRN11100,Superfast TRN11100,Superfast
TRN11520,Superfast TRN11520,Superfast
TRN11203,Passenger TRN11203,Passenger
TRN13605,Express TRN13605,Express
TRN10894,Passenger TRN10894,Passenger
TRN12738,Vande Bharat TRN12738,Vande Bharat
TRN11297,Passenger TRN11297,Passenger
TRN11262,Passenger TRN11262,Passenger
TRN12891,Passenger TRN12891,Passenger
TRN13751,Superfast TRN13751,Superfast
TRN14502,Superfast TRN14502,Superfast
TRN14053,Superfast TRN14053,Superfast
TRN10898,Express TRN10898,Express
TRN13355,Vande Bharat TRN13355,Vande Bharat
TRN12678,Express TRN12678,Express
TRN14061,Superfast TRN14061,Superfast
TRN12224,Passenger TRN12224,Passenger
TRN11600,Shatabdi TRN11600,Shatabdi
TRN12743,Superfast TRN12743,Superfast
TRN11516,Rajdhani TRN11516,Rajdhani
TRN13656,Express TRN13656,Express
TRN11900,Passenger TRN11900,Passenger
TRN10433,Superfast TRN10433,Superfast
TRN10342,Express TRN10342,Express
TRN12307,Superfast TRN12307,Superfast
TRN14172,Express TRN14172,Express
TRN10383,Passenger TRN10383,Passenger
TRN11143,Rajdhani TRN11143,Rajdhani
TRN10504,Rajdhani TRN10504,Rajdhani
TRN10491,Express TRN10491,Express
TRN12663,Rajdhani TRN12663,Rajdhani
TRN11698,Superfast TRN11698,Superfast
TRN12955,Express TRN12955,Express
TRN14066,Shatabdi TRN14066,Shatabdi
TRN10007,Express TRN10007,Express
TRN13074,Vande Bharat TRN13074,Vande Bharat
TRN13831,Express TRN13831,Express
TRN12550,Express TRN12550,Express
TRN11026,Express TRN11026,Express
TRN12637,Express TRN12637,Express
TRN12212,Passenger TRN12212,Passenger
TRN10985,Express TRN10985,Express
TRN10487,Passenger TRN10487,Passenger
TRN14608,Express TRN14608,Express
TRN10060,Rajdhani TRN10060,Rajdhani
TRN11104,Express TRN11104,Express
TRN14210,Passenger TRN14210,Passenger
TRN11540,Superfast TRN11540,Superfast
TRN11374,Express TRN11374,Express
TRN14802,Superfast TRN14802,Superfast
TRN11922,Passenger TRN11922,Passenger
TRN12072,Express TRN12072,Express
TRN12571,Vande Bharat TRN12571,Vande Bharat
TRN11030,Express TRN11030,Express
TRN12512,Rajdhani TRN12512,Rajdhani
TRN13683,Superfast TRN13683,Superfast
TRN10593,Express TRN10593,Express
TRN10640,Shatabdi TRN10640,Shatabdi
TRN12328,Passenger TRN12328,Passenger
TRN13050,Rajdhani TRN13050,Rajdhani
TRN12788,Express TRN12788,Express
TRN12271,Superfast TRN12271,Superfast
TRN11679,Superfast TRN11679,Superfast
TRN11661,Express TRN11661,Express
TRN11119,Passenger TRN11119,Passenger
TRN10859,Superfast TRN10859,Superfast
TRN11828,Superfast TRN11828,Superfast
TRN12576,Express TRN12576,Express
TRN14713,Express TRN14713,Express
TRN14250,Superfast TRN14250,Superfast
TRN12466,Superfast TRN12466,Superfast
TRN14446,Superfast TRN14446,Superfast
TRN11487,Passenger TRN11487,Passenger
TRN11630,Shatabdi TRN11630,Shatabdi
TRN11000,Superfast TRN11000,Superfast
TRN12361,Express TRN12361,Express
TRN10105,Express TRN10105,Express
TRN12165,Superfast TRN12165,Superfast
TRN14087,Superfast TRN14087,Superfast
TRN11279,Express TRN11279,Express
TRN12918,Passenger TRN12918,Passenger
TRN10717,Passenger TRN10717,Passenger
TRN14967,Passenger TRN14967,Passenger
TRN13197,Rajdhani TRN13197,Rajdhani
TRN14899,Superfast TRN14899,Superfast
TRN12652,Superfast TRN12652,Superfast
TRN10442,Express TRN10442,Express
TRN11989,Express TRN11989,Express
TRN12264,Express TRN12264,Express
TRN14037,Shatabdi TRN14037,Shatabdi
TRN10876,Superfast TRN10876,Superfast
TRN10988,Express TRN10988,Express
TRN13667,Superfast TRN13667,Superfast
TRN14786,Rajdhani TRN14786,Rajdhani
TRN10150,Express TRN10150,Express
TRN10417,Passenger TRN10417,Passenger
TRN11026,Shatabdi TRN11026,Shatabdi
TRN13247,Superfast TRN13247,Superfast
TRN13665,Express TRN13665,Express
TRN12325,Superfast TRN12325,Superfast
TRN11980,Superfast TRN11980,Superfast
TRN11990,Express TRN11990,Express
TRN13503,Passenger TRN13503,Passenger
TRN10880,Shatabdi TRN10880,Shatabdi
TRN10798,Express TRN10798,Express
TRN14827,Express TRN14827,Express
TRN13548,Vande Bharat TRN13548,Vande Bharat
TRN11324,Superfast TRN11324,Superfast
TRN14575,Rajdhani TRN14575,Rajdhani
TRN13891,Passenger TRN13891,Passenger
TRN13284,Superfast TRN13284,Superfast
TRN10332,Superfast TRN10332,Superfast
TRN12242,Express TRN12242,Express
TRN14055,Express TRN14055,Express
TRN13913,Passenger TRN13913,Passenger
TRN12927,Superfast TRN12927,Superfast
TRN10154,Superfast TRN10154,Superfast
TRN12061,Shatabdi TRN12061,Shatabdi
TRN13148,Passenger TRN13148,Passenger
TRN10131,Express TRN10131,Express
TRN12749,Vande Bharat TRN12749,Vande Bharat
TRN10335,Passenger TRN10335,Passenger
TRN10158,Superfast TRN10158,Superfast
TRN11141,Express TRN11141,Express
TRN10497,Passenger TRN10497,Passenger
TRN11675,Express TRN11675,Express
TRN13997,Express TRN13997,Express
TRN10394,Passenger TRN10394,Passenger
TRN11033,Express TRN11033,Express
TRN13256,Superfast TRN13256,Superfast
TRN10179,Vande Bharat TRN10179,Vande Bharat
TRN13982,Vande Bharat TRN13982,Vande Bharat
TRN14983,Passenger TRN14983,Passenger
TRN12989,Passenger TRN12989,Passenger
TRN14819,Express TRN14819,Express
TRN12982,Shatabdi TRN12982,Shatabdi
TRN10074,Passenger TRN10074,Passenger
TRN10397,Superfast TRN10397,Superfast
TRN14272,Vande Bharat TRN14272,Vande Bharat
TRN11700,Superfast TRN11700,Superfast
TRN13249,Superfast TRN13249,Superfast
TRN13637,Rajdhani TRN13637,Rajdhani
TRN12922,Express TRN12922,Express
TRN14091,Superfast TRN14091,Superfast
TRN10317,Express TRN10317,Express
TRN14419,Superfast TRN14419,Superfast
TRN10892,Express TRN10892,Express
TRN13285,Superfast TRN13285,Superfast
TRN14942,Express TRN14942,Express
TRN12662,Express TRN12662,Express
TRN13297,Express TRN13297,Express
TRN13290,Express TRN13290,Express
TRN11269,Express TRN11269,Express
TRN12350,Rajdhani TRN12350,Rajdhani
TRN13967,Express TRN13967,Express
TRN12928,Express TRN12928,Express
TRN12311,Passenger TRN12311,Passenger
TRN10717,Rajdhani TRN10717,Rajdhani
TRN13320,Superfast TRN13320,Superfast
TRN10742,Passenger TRN10742,Passenger
TRN12147,Superfast TRN12147,Superfast
TRN12432,Express TRN12432,Express
TRN11684,Passenger TRN11684,Passenger
TRN13309,Vande Bharat TRN13309,Vande Bharat
TRN12575,Vande Bharat TRN12575,Vande Bharat
TRN12750,Superfast TRN12750,Superfast
TRN11481,Passenger TRN11481,Passenger
TRN10915,Superfast TRN10915,Superfast
TRN13382,Vande Bharat TRN13382,Vande Bharat
TRN11172,Superfast TRN11172,Superfast
TRN12388,Passenger TRN12388,Passenger
TRN12322,Shatabdi TRN12322,Shatabdi
TRN14146,Express TRN14146,Express
TRN11311,Passenger TRN11311,Passenger
TRN14147,Express TRN14147,Express
TRN10092,Shatabdi TRN10092,Shatabdi
TRN10885,Superfast TRN10885,Superfast
TRN14583,Vande Bharat TRN14583,Vande Bharat
TRN13577,Express TRN13577,Express
TRN11579,Passenger TRN11579,Passenger
TRN13643,Passenger TRN13643,Passenger
TRN10262,Passenger TRN10262,Passenger
TRN10316,Express TRN10316,Express
TRN13271,Rajdhani TRN13271,Rajdhani
TRN14871,Express TRN14871,Express
TRN12415,Superfast TRN12415,Superfast
TRN11113,Superfast TRN11113,Superfast
TRN14394,Superfast TRN14394,Superfast
TRN11865,Express TRN11865,Express
TRN14936,Superfast TRN14936,Superfast
TRN14866,Passenger TRN14866,Passenger
TRN12269,Express TRN12269,Express
TRN11447,Express TRN11447,Express
TRN10281,Rajdhani TRN10281,Rajdhani
TRN12029,Passenger TRN12029,Passenger
TRN10428,Passenger TRN10428,Passenger
TRN13517,Superfast TRN13517,Superfast
TRN10742,Superfast TRN10742,Superfast
TRN13829,Vande Bharat TRN13829,Vande Bharat
TRN13562,Express TRN13562,Express
TRN12069,Passenger TRN12069,Passenger
TRN14811,Passenger TRN14811,Passenger
TRN12858,Superfast TRN12858,Superfast
TRN11184,Express TRN11184,Express
TRN10516,Express TRN10516,Express
TRN13508,Express TRN13508,Express
TRN10872,Vande Bharat TRN10872,Vande Bharat
TRN14742,Express TRN14742,Express
TRN13213,Express TRN13213,Express
TRN10105,Vande Bharat TRN10105,Vande Bharat
TRN13651,Superfast TRN13651,Superfast
TRN13922,Express TRN13922,Express
TRN11116,Superfast TRN11116,Superfast
TRN13982,Express TRN13982,Express
TRN10856,Superfast TRN10856,Superfast
TRN10549,Superfast TRN10549,Superfast
TRN10843,Passenger TRN10843,Passenger
TRN11299,Express TRN11299,Express
TRN14285,Rajdhani TRN14285,Rajdhani
TRN13409,Express TRN13409,Express
TRN11509,Passenger TRN11509,Passenger
TRN14822,Passenger TRN14822,Passenger
TRN12129,Superfast TRN12129,Superfast
TRN11773,Shatabdi TRN11773,Shatabdi
TRN14685,Express TRN14685,Express
TRN13837,Passenger TRN13837,Passenger
TRN14219,Superfast TRN14219,Superfast
TRN11254,Rajdhani TRN11254,Rajdhani
TRN12562,Vande Bharat TRN12562,Vande Bharat
TRN13329,Vande Bharat TRN13329,Vande Bharat
TRN14293,Superfast TRN14293,Superfast
TRN11999,Superfast TRN11999,Superfast
TRN10679,Rajdhani TRN10679,Rajdhani
TRN13527,Superfast TRN13527,Superfast
TRN12781,Express TRN12781,Express
TRN13776,Express TRN13776,Express
TRN14209,Express TRN14209,Express
TRN14559,Express TRN14559,Express
TRN12450,Passenger TRN12450,Passenger
TRN10527,Rajdhani TRN10527,Rajdhani
TRN10102,Express TRN10102,Express
TRN10537,Vande Bharat TRN10537,Vande Bharat
TRN10381,Express TRN10381,Express
TRN12142,Express TRN12142,Express
TRN14028,Vande Bharat TRN14028,Vande Bharat
TRN11674,Vande Bharat TRN11674,Vande Bharat
TRN12886,Express TRN12886,Express
TRN11140,Rajdhani TRN11140,Rajdhani
TRN11390,Express TRN11390,Express
TRN12160,Passenger TRN12160,Passenger
TRN13202,Express TRN13202,Express
TRN12128,Express TRN12128,Express
TRN10883,Rajdhani TRN10883,Rajdhani
TRN10343,Express TRN10343,Express
TRN14147,Vande Bharat TRN14147,Vande Bharat
TRN10535,Superfast TRN10535,Superfast
TRN12100,Rajdhani TRN12100,Rajdhani
TRN10958,Express TRN10958,Express
TRN14270,Rajdhani TRN14270,Rajdhani
TRN11332,Superfast TRN11332,Superfast
TRN10148,Express TRN10148,Express
TRN11241,Passenger TRN11241,Passenger
TRN10304,Rajdhani TRN10304,Rajdhani
TRN11458,Vande Bharat TRN11458,Vande Bharat
TRN14624,Express TRN14624,Express
TRN13885,Superfast TRN13885,Superfast
TRN13235,Express TRN13235,Express
TRN12889,Express TRN12889,Express
TRN14711,Superfast TRN14711,Superfast
TRN10308,Shatabdi TRN10308,Shatabdi
TRN13650,Express TRN13650,Express
TRN10103,Shatabdi TRN10103,Shatabdi
TRN13423,Passenger TRN13423,Passenger
TRN13697,Express TRN13697,Express
TRN10090,Passenger TRN10090,Passenger
TRN13376,Passenger TRN13376,Passenger
TRN11262,Express TRN11262,Express
TRN12074,Superfast TRN12074,Superfast
TRN14983,Superfast TRN14983,Superfast
TRN14307,Passenger TRN14307,Passenger
TRN12003,Express TRN12003,Express
TRN10846,Superfast TRN10846,Superfast
TRN11450,Express TRN11450,Express
TRN10717,Express TRN10717,Express
TRN12547,Superfast TRN12547,Superfast
TRN12266,Superfast TRN12266,Superfast
TRN11466,Express TRN11466,Express
TRN13075,Shatabdi TRN13075,Shatabdi
TRN14792,Vande Bharat TRN14792,Vande Bharat
TRN14986,Vande Bharat TRN14986,Vande Bharat
TRN12470,Superfast TRN12470,Superfast
TRN10312,Vande Bharat TRN10312,Vande Bharat
TRN11140,Vande Bharat TRN11140,Vande Bharat
TRN12636,Express TRN12636,Express
TRN12864,Superfast TRN12864,Superfast
TRN12080,Express TRN12080,Express
TRN13416,Express TRN13416,Express
TRN14496,Express TRN14496,Express
TRN13354,Express TRN13354,Express
TRN13048,Passenger TRN13048,Passenger
TRN12236,Passenger TRN12236,Passenger
TRN13640,Express TRN13640,Express
TRN10657,Superfast TRN10657,Superfast
TRN14966,Express TRN14966,Express
TRN11132,Express TRN11132,Express
TRN10276,Express TRN10276,Express
TRN12834,Express TRN12834,Express
TRN13867,Express TRN13867,Express
TRN12634,Rajdhani TRN12634,Rajdhani
TRN13585,Express TRN13585,Express
TRN12901,Shatabdi TRN12901,Shatabdi
TRN12788,Shatabdi TRN12788,Shatabdi
TRN13705,Express TRN13705,Express
TRN13636,Express TRN13636,Express
TRN10703,Vande Bharat TRN10703,Vande Bharat
TRN12788,Superfast TRN12788,Superfast
TRN12931,Express TRN12931,Express
TRN10769,Express TRN10769,Express
TRN14219,Vande Bharat TRN14219,Vande Bharat
TRN14167,Superfast TRN14167,Superfast
TRN10959,Express TRN10959,Express
TRN13604,Passenger TRN13604,Passenger
TRN10185,Passenger TRN10185,Passenger
TRN14351,Express TRN14351,Express
TRN11542,Superfast TRN11542,Superfast
TRN10858,Express TRN10858,Express
TRN13599,Shatabdi TRN13599,Shatabdi
TRN12606,Express TRN12606,Express
TRN13442,Shatabdi TRN13442,Shatabdi
TRN12863,Superfast TRN12863,Superfast
TRN14288,Passenger TRN14288,Passenger
TRN12778,Rajdhani TRN12778,Rajdhani
TRN13082,Passenger TRN13082,Passenger
TRN13632,Superfast TRN13632,Superfast
TRN12702,Express TRN12702,Express
TRN13673,Rajdhani TRN13673,Rajdhani
TRN13793,Superfast TRN13793,Superfast
TRN10560,Shatabdi TRN10560,Shatabdi
TRN10965,Express TRN10965,Express
TRN12600,Vande Bharat TRN12600,Vande Bharat
TRN10003,Express TRN10003,Express
TRN12255,Express TRN12255,Express
TRN13968,Express TRN13968,Express
TRN11000,Express TRN11000,Express
TRN11230,Superfast TRN11230,Superfast
TRN11437,Superfast TRN11437,Superfast
TRN10468,Superfast TRN10468,Superfast
TRN11046,Superfast TRN11046,Superfast
TRN12595,Superfast TRN12595,Superfast
TRN14133,Superfast TRN14133,Superfast
TRN13481,Passenger TRN13481,Passenger
TRN14902,Vande Bharat TRN14902,Vande Bharat
TRN14097,Express TRN14097,Express
TRN10088,Passenger TRN10088,Passenger
TRN12564,Passenger TRN12564,Passenger
TRN11506,Shatabdi TRN11506,Shatabdi
TRN14340,Passenger TRN14340,Passenger
TRN11930,Express TRN11930,Express
TRN14301,Vande Bharat TRN14301,Vande Bharat
TRN11335,Superfast TRN11335,Superfast
TRN10385,Vande Bharat TRN10385,Vande Bharat
TRN12189,Rajdhani TRN12189,Rajdhani
TRN12478,Passenger TRN12478,Passenger
TRN11923,Superfast TRN11923,Superfast
TRN14789,Passenger TRN14789,Passenger
TRN11073,Superfast TRN11073,Superfast
TRN11145,Passenger TRN11145,Passenger
TRN10706,Superfast TRN10706,Superfast
TRN12736,Express TRN12736,Express
TRN13789,Express TRN13789,Express
TRN14753,Express TRN14753,Express
TRN14169,Passenger TRN14169,Passenger
TRN14923,Vande Bharat TRN14923,Vande Bharat
TRN12044,Rajdhani TRN12044,Rajdhani
TRN14689,Passenger TRN14689,Passenger
TRN11393,Rajdhani TRN11393,Rajdhani
TRN12133,Superfast TRN12133,Superfast
TRN11571,Rajdhani TRN11571,Rajdhani
TRN10433,Rajdhani TRN10433,Rajdhani
TRN14173,Superfast TRN14173,Superfast
TRN11217,Vande Bharat TRN11217,Vande Bharat
TRN10348,Passenger TRN10348,Passenger
TRN11215,Passenger TRN11215,Passenger
TRN11549,Express TRN11549,Express
TRN13180,Superfast TRN13180,Superfast
TRN13110,Shatabdi TRN13110,Shatabdi
TRN11313,Express TRN11313,Express
TRN13572,Superfast TRN13572,Superfast
TRN11379,Express TRN11379,Express
TRN13540,Express TRN13540,Express
TRN14273,Express TRN14273,Express
TRN10842,Superfast TRN10842,Superfast
TRN11286,Passenger TRN11286,Passenger
TRN10390,Passenger TRN10390,Passenger
TRN14956,Rajdhani TRN14956,Rajdhani
TRN14998,Superfast TRN14998,Superfast
TRN10076,Passenger TRN10076,Passenger
TRN12646,Shatabdi TRN12646,Shatabdi
TRN14006,Superfast TRN14006,Superfast
TRN13285,Passenger TRN13285,Passenger
TRN13329,Express TRN13329,Express
TRN11830,Express TRN11830,Express
TRN11121,Express TRN11121,Express
TRN10601,Vande Bharat TRN10601,Vande Bharat
TRN14541,Superfast TRN14541,Superfast
TRN14708,Passenger TRN14708,Passenger
TRN12853,Passenger TRN12853,Passenger
TRN13752,Passenger TRN13752,Passenger
TRN10899,Superfast TRN10899,Superfast
TRN10863,Superfast TRN10863,Superfast
TRN10022,Superfast TRN10022,Superfast
TRN14288,Express TRN14288,Express
TRN12881,Superfast TRN12881,Superfast
TRN11523,Vande Bharat TRN11523,Vande Bharat
TRN10224,Superfast TRN10224,Superfast
TRN12949,Passenger TRN12949,Passenger
TRN10759,Superfast TRN10759,Superfast
TRN12138,Rajdhani TRN12138,Rajdhani
TRN11238,Express TRN11238,Express
TRN12230,Passenger TRN12230,Passenger
TRN13269,Express TRN13269,Express
TRN11530,Express TRN11530,Express
TRN13402,Vande Bharat TRN13402,Vande Bharat
TRN13973,Passenger TRN13973,Passenger
TRN14588,Passenger TRN14588,Passenger
TRN11515,Passenger TRN11515,Passenger
TRN12933,Vande Bharat TRN12933,Vande Bharat
TRN13255,Superfast TRN13255,Superfast
TRN13985,Superfast TRN13985,Superfast
TRN13385,Superfast TRN13385,Superfast
TRN10365,Express TRN10365,Express
TRN14033,Passenger TRN14033,Passenger
TRN12990,Vande Bharat TRN12990,Vande Bharat
TRN10213,Superfast TRN10213,Superfast
TRN11655,Superfast TRN11655,Superfast
TRN12309,Express TRN12309,Express
TRN13556,Passenger TRN13556,Passenger
TRN10462,Superfast TRN10462,Superfast
TRN11479,Superfast TRN11479,Superfast
TRN11373,Passenger TRN11373,Passenger
TRN11613,Rajdhani TRN11613,Rajdhani
TRN13318,Passenger TRN13318,Passenger
TRN12013,Express TRN12013,Express
TRN10473,Passenger TRN10473,Passenger
TRN11604,Superfast TRN11604,Superfast
TRN13758,Superfast TRN13758,Superfast
TRN13513,Passenger TRN13513,Passenger
TRN14120,Passenger TRN14120,Passenger
TRN11225,Vande Bharat TRN11225,Vande Bharat
TRN11872,Passenger TRN11872,Passenger
TRN12789,Vande Bharat TRN12789,Vande Bharat
TRN11689,Express TRN11689,Express
TRN14573,Express TRN14573,Express
TRN10149,Express TRN10149,Express
TRN10297,Vande Bharat TRN10297,Vande Bharat
TRN11596,Express TRN11596,Express
TRN12358,Express TRN12358,Express
TRN14170,Passenger TRN14170,Passenger
TRN14102,Rajdhani TRN14102,Rajdhani
TRN11784,Express TRN11784,Express
TRN14535,Express TRN14535,Express
TRN12447,Superfast TRN12447,Superfast
TRN13584,Passenger TRN13584,Passenger
TRN14944,Express TRN14944,Express
TRN13655,Express TRN13655,Express
TRN13415,Passenger TRN13415,Passenger
TRN11017,Passenger TRN11017,Passenger
TRN10950,Express TRN10950,Express
TRN12519,Passenger TRN12519,Passenger
TRN12448,Express TRN12448,Express
TRN11899,Passenger TRN11899,Passenger
TRN14747,Rajdhani TRN14747,Rajdhani
TRN11899,Rajdhani TRN11899,Rajdhani
TRN14594,Superfast TRN14594,Superfast
TRN13149,Vande Bharat TRN13149,Vande Bharat
TRN10921,Express TRN10921,Express
TRN12541,Express TRN12541,Express
TRN12217,Rajdhani TRN12217,Rajdhani
TRN11195,Vande Bharat TRN11195,Vande Bharat
TRN11427,Rajdhani TRN11427,Rajdhani
TRN10277,Express TRN10277,Express
TRN13863,Passenger TRN13863,Passenger
TRN13436,Vande Bharat TRN13436,Vande Bharat
TRN13533,Express TRN13533,Express
TRN12090,Shatabdi TRN12090,Shatabdi
TRN12278,Superfast TRN12278,Superfast
TRN13831,Vande Bharat TRN13831,Vande Bharat
TRN14440,Express TRN14440,Express
TRN11579,Superfast TRN11579,Superfast
TRN13436,Express TRN13436,Express
TRN10552,Passenger TRN10552,Passenger
TRN11726,Vande Bharat TRN11726,Vande Bharat
TRN11856,Passenger TRN11856,Passenger
TRN13188,Passenger TRN13188,Passenger
TRN10552,Rajdhani TRN10552,Rajdhani
TRN13456,Superfast TRN13456,Superfast
TRN10324,Express TRN10324,Express
TRN12538,Passenger TRN12538,Passenger
TRN11792,Passenger TRN11792,Passenger
TRN12684,Rajdhani TRN12684,Rajdhani
TRN11302,Express TRN11302,Express
TRN13159,Express TRN13159,Express
TRN10022,Vande Bharat TRN10022,Vande Bharat
TRN10156,Passenger TRN10156,Passenger
TRN13643,Rajdhani TRN13643,Rajdhani
TRN13786,Express TRN13786,Express
TRN13931,Passenger TRN13931,Passenger
TRN11289,Express TRN11289,Express
TRN10847,Superfast TRN10847,Superfast
TRN12859,Vande Bharat TRN12859,Vande Bharat
TRN12580,Superfast TRN12580,Superfast
TRN13779,Passenger TRN13779,Passenger
TRN13021,Shatabdi TRN13021,Shatabdi
TRN10856,Express TRN10856,Express
TRN14707,Vande Bharat TRN14707,Vande Bharat
TRN13364,Rajdhani TRN13364,Rajdhani
TRN12171,Express TRN12171,Express
TRN11951,Express TRN11951,Express
TRN10928,Vande Bharat TRN10928,Vande Bharat
TRN12408,Superfast TRN12408,Superfast
TRN12628,Superfast TRN12628,Superfast
TRN13756,Passenger TRN13756,Passenger
TRN11647,Superfast TRN11647,Superfast
TRN12625,Superfast TRN12625,Superfast
TRN12373,Superfast TRN12373,Superfast
TRN13274,Express TRN13274,Express
TRN14939,Passenger TRN14939,Passenger
TRN10484,Passenger TRN10484,Passenger
TRN12217,Express TRN12217,Express
TRN14369,Vande Bharat TRN14369,Vande Bharat
TRN11876,Express TRN11876,Express
TRN14931,Passenger TRN14931,Passenger
TRN12873,Passenger TRN12873,Passenger
TRN10045,Superfast TRN10045,Superfast
TRN13441,Superfast TRN13441,Superfast
TRN13113,Superfast TRN13113,Superfast
TRN13066,Superfast TRN13066,Superfast
TRN10550,Superfast TRN10550,Superfast
TRN12493,Vande Bharat TRN12493,Vande Bharat
TRN14832,Passenger TRN14832,Passenger
TRN10029,Vande Bharat TRN10029,Vande Bharat
TRN13191,Passenger TRN13191,Passenger
TRN11125,Rajdhani TRN11125,Rajdhani
TRN14154,Express TRN14154,Express
TRN12682,Passenger TRN12682,Passenger
TRN12441,Passenger TRN12441,Passenger
TRN14442,Passenger TRN14442,Passenger
TRN10002,Express TRN10002,Express
TRN13071,Passenger TRN13071,Passenger
TRN14342,Superfast TRN14342,Superfast
TRN14292,Passenger TRN14292,Passenger
TRN14448,Express TRN14448,Express
TRN14452,Express TRN14452,Express
TRN13208,Rajdhani TRN13208,Rajdhani
TRN11939,Express TRN11939,Express
TRN11547,Superfast TRN11547,Superfast
TRN14761,Express TRN14761,Express
TRN14921,Vande Bharat TRN14921,Vande Bharat
TRN10010,Express TRN10010,Express
TRN10861,Rajdhani TRN10861,Rajdhani
TRN10813,Shatabdi TRN10813,Shatabdi
TRN10598,Express TRN10598,Express
TRN12830,Vande Bharat TRN12830,Vande Bharat
TRN10483,Superfast TRN10483,Superfast
TRN12529,Shatabdi TRN12529,Shatabdi
TRN10593,Shatabdi TRN10593,Shatabdi
TRN10300,Express TRN10300,Express
TRN13662,Express TRN13662,Express
TRN13862,Passenger TRN13862,Passenger
TRN12985,Passenger TRN12985,Passenger
TRN12438,Superfast TRN12438,Superfast
TRN10428,Superfast TRN10428,Superfast
TRN14703,Vande Bharat TRN14703,Vande Bharat
TRN14235,Passenger TRN14235,Passenger
TRN12270,Passenger TRN12270,Passenger
TRN12707,Superfast TRN12707,Superfast
TRN12434,Passenger TRN12434,Passenger
TRN12925,Express TRN12925,Express
TRN14163,Rajdhani TRN14163,Rajdhani
TRN14605,Express TRN14605,Express
TRN10014,Superfast TRN10014,Superfast
TRN14609,Shatabdi TRN14609,Shatabdi
TRN12228,Express TRN12228,Express
TRN10345,Vande Bharat TRN10345,Vande Bharat
TRN12079,Superfast TRN12079,Superfast
TRN10945,Superfast TRN10945,Superfast
TRN13533,Passenger TRN13533,Passenger
TRN10576,Passenger TRN10576,Passenger
TRN10453,Passenger TRN10453,Passenger
TRN10290,Vande Bharat TRN10290,Vande Bharat
TRN10183,Passenger TRN10183,Passenger
TRN10549,Shatabdi TRN10549,Shatabdi
TRN12936,Passenger TRN12936,Passenger
TRN10245,Superfast TRN10245,Superfast
TRN13274,Rajdhani TRN13274,Rajdhani
TRN14782,Passenger TRN14782,Passenger
TRN13942,Passenger TRN13942,Passenger
TRN12481,Rajdhani TRN12481,Rajdhani
TRN14521,Passenger TRN14521,Passenger
TRN13286,Superfast TRN13286,Superfast
TRN12321,Express TRN12321,Express
TRN10011,Express TRN10011,Express
TRN14625,Superfast TRN14625,Superfast
TRN12600,Rajdhani TRN12600,Rajdhani
TRN11755,Rajdhani TRN11755,Rajdhani
TRN11545,Express TRN11545,Express
TRN12131,Shatabdi TRN12131,Shatabdi
TRN10274,Passenger TRN10274,Passenger
TRN10293,Superfast TRN10293,Superfast
TRN12661,Express TRN12661,Express
TRN13033,Passenger TRN13033,Passenger
TRN13499,Superfast TRN13499,Superfast
TRN13530,Shatabdi TRN13530,Shatabdi
TRN12490,Superfast TRN12490,Superfast
TRN14482,Rajdhani TRN14482,Rajdhani
TRN14960,Rajdhani TRN14960,Rajdhani
TRN10844,Express TRN10844,Express
TRN11351,Vande Bharat TRN11351,Vande Bharat
TRN11860,Passenger TRN11860,Passenger
TRN10132,Superfast TRN10132,Superfast
TRN14271,Superfast TRN14271,Superfast
TRN14199,Shatabdi TRN14199,Shatabdi
TRN12645,Passenger TRN12645,Passenger
TRN11824,Superfast TRN11824,Superfast
TRN11609,Rajdhani TRN11609,Rajdhani
TRN12492,Superfast TRN12492,Superfast
TRN12918,Express TRN12918,Express
TRN14480,Rajdhani TRN14480,Rajdhani
TRN13720,Express TRN13720,Express
TRN13043,Passenger TRN13043,Passenger
TRN13804,Express TRN13804,Express
TRN12874,Passenger TRN12874,Passenger
TRN10560,Superfast TRN10560,Superfast
TRN14805,Express TRN14805,Express
TRN11057,Express TRN11057,Express
TRN12298,Passenger TRN12298,Passenger
TRN11118,Superfast TRN11118,Superfast
TRN11131,Express TRN11131,Express
TRN11327,Express TRN11327,Express
TRN13646,Shatabdi TRN13646,Shatabdi
TRN10238,Superfast TRN10238,Superfast
TRN11492,Superfast TRN11492,Superfast
TRN10094,Rajdhani TRN10094,Rajdhani
TRN10624,Express TRN10624,Express
TRN12139,Superfast TRN12139,Superfast
TRN14461,Passenger TRN14461,Passenger
TRN12914,Passenger TRN12914,Passenger
TRN12880,Superfast TRN12880,Superfast
TRN12096,Express TRN12096,Express
TRN13631,Superfast TRN13631,Superfast
TRN14381,Express TRN14381,Express
TRN10422,Express TRN10422,Express
TRN12207,Superfast TRN12207,Superfast
TRN14554,Superfast TRN14554,Superfast
TRN12231,Passenger TRN12231,Passenger
TRN13958,Rajdhani TRN13958,Rajdhani
TRN13548,Express TRN13548,Express
TRN13840,Vande Bharat TRN13840,Vande Bharat
TRN14896,Vande Bharat TRN14896,Vande Bharat
TRN12521,Passenger TRN12521,Passenger
TRN10684,Vande Bharat TRN10684,Vande Bharat
TRN11177,Passenger TRN11177,Passenger
TRN12774,Express TRN12774,Express
TRN12415,Vande Bharat TRN12415,Vande Bharat
TRN11107,Passenger TRN11107,Passenger
TRN10219,Express TRN10219,Express
TRN10004,Express TRN10004,Express
TRN11079,Express TRN11079,Express
TRN12442,Passenger TRN12442,Passenger
TRN10558,Express TRN10558,Express
TRN12353,Express TRN12353,Express
TRN11408,Superfast TRN11408,Superfast
TRN13271,Vande Bharat TRN13271,Vande Bharat
TRN12279,Superfast TRN12279,Superfast
TRN10530,Rajdhani TRN10530,Rajdhani
TRN13514,Shatabdi TRN13514,Shatabdi
TRN12151,Superfast TRN12151,Superfast
TRN12815,Superfast TRN12815,Superfast
TRN10495,Vande Bharat TRN10495,Vande Bharat
TRN10744,Rajdhani TRN10744,Rajdhani
TRN11941,Superfast TRN11941,Superfast
TRN10797,Superfast TRN10797,Superfast
TRN12677,Express TRN12677,Express
TRN10050,Superfast TRN10050,Superfast
TRN10072,Express TRN10072,Express
TRN14195,Express TRN14195,Express
TRN11272,Superfast TRN11272,Superfast
TRN14595,Rajdhani TRN14595,Rajdhani
TRN10525,Passenger TRN10525,Passenger
TRN12929,Rajdhani TRN12929,Rajdhani
TRN12305,Rajdhani TRN12305,Rajdhani
TRN14877,Superfast TRN14877,Superfast
TRN14343,Express TRN14343,Express
TRN14364,Rajdhani TRN14364,Rajdhani
TRN12850,Superfast TRN12850,Superfast
TRN14932,Rajdhani TRN14932,Rajdhani
TRN14884,Rajdhani TRN14884,Rajdhani
TRN10026,Shatabdi TRN10026,Shatabdi
TRN11551,Express TRN11551,Express
TRN13587,Passenger TRN13587,Passenger
TRN14078,Superfast TRN14078,Superfast
TRN11167,Superfast TRN11167,Superfast
TRN14312,Passenger TRN14312,Passenger
TRN11177,Express TRN11177,Express
TRN13057,Superfast TRN13057,Superfast
TRN13907,Passenger TRN13907,Passenger
TRN11957,Passenger TRN11957,Passenger
TRN14228,Express TRN14228,Express
TRN10527,Express TRN10527,Express
TRN10169,Passenger TRN10169,Passenger
TRN12569,Express TRN12569,Express
TRN13440,Rajdhani TRN13440,Rajdhani
TRN11836,Superfast TRN11836,Superfast
TRN11452,Express TRN11452,Express
TRN12054,Rajdhani TRN12054,Rajdhani
TRN10913,Superfast TRN10913,Superfast
TRN12274,Express TRN12274,Express
TRN12195,Passenger TRN12195,Passenger
TRN14717,Superfast TRN14717,Superfast
TRN14835,Vande Bharat TRN14835,Vande Bharat
TRN10780,Express TRN10780,Express
TRN13829,Passenger TRN13829,Passenger
TRN12692,Express TRN12692,Express
TRN10424,Passenger TRN10424,Passenger
TRN14989,Superfast TRN14989,Superfast
TRN11625,Superfast TRN11625,Superfast
TRN10261,Express TRN10261,Express
TRN13492,Superfast TRN13492,Superfast
TRN11797,Superfast TRN11797,Superfast
TRN12545,Passenger TRN12545,Passenger
TRN13097,Rajdhani TRN13097,Rajdhani
TRN11402,Express TRN11402,Express
TRN14231,Express TRN14231,Express
TRN13410,Rajdhani TRN13410,Rajdhani
TRN10907,Express TRN10907,Express
TRN12639,Superfast TRN12639,Superfast
TRN13892,Passenger TRN13892,Passenger
TRN14483,Passenger TRN14483,Passenger
TRN13502,Superfast TRN13502,Superfast
TRN12827,Express TRN12827,Express
TRN14579,Shatabdi TRN14579,Shatabdi
TRN12632,Rajdhani TRN12632,Rajdhani
TRN12643,Express TRN12643,Express
TRN11259,Superfast TRN11259,Superfast
TRN13437,Express TRN13437,Express
TRN10447,Express TRN10447,Express
TRN11423,Vande Bharat TRN11423,Vande Bharat
TRN13328,Passenger TRN13328,Passenger
TRN11268,Passenger TRN11268,Passenger
TRN14705,Passenger TRN14705,Passenger
TRN14304,Express TRN14304,Express
TRN12307,Vande Bharat TRN12307,Vande Bharat
TRN10395,Express TRN10395,Express
TRN11193,Express TRN11193,Express
TRN12367,Vande Bharat TRN12367,Vande Bharat
TRN13226,Passenger TRN13226,Passenger
TRN12401,Superfast TRN12401,Superfast
TRN14842,Rajdhani TRN14842,Rajdhani
TRN13384,Superfast TRN13384,Superfast
TRN10572,Passenger TRN10572,Passenger
TRN14182,Vande Bharat TRN14182,Vande Bharat
TRN12421,Express TRN12421,Express
TRN14544,Express TRN14544,Express
TRN13935,Rajdhani TRN13935,Rajdhani
TRN12342,Passenger TRN12342,Passenger
TRN13316,Vande Bharat TRN13316,Vande Bharat
TRN13979,Rajdhani TRN13979,Rajdhani
TRN11591,Superfast TRN11591,Superfast
TRN12148,Shatabdi TRN12148,Shatabdi
TRN10932,Express TRN10932,Express
TRN11824,Vande Bharat TRN11824,Vande Bharat
TRN11106,Rajdhani TRN11106,Rajdhani
TRN12078,Superfast TRN12078,Superfast
TRN11389,Superfast TRN11389,Superfast
TRN14943,Passenger TRN14943,Passenger
TRN13087,Superfast TRN13087,Superfast
TRN10803,Express TRN10803,Express
TRN13890,Superfast TRN13890,Superfast
TRN13732,Express TRN13732,Express
TRN14354,Express TRN14354,Express
TRN11647,Passenger TRN11647,Passenger
TRN12962,Superfast TRN12962,Superfast
TRN12378,Express TRN12378,Express
TRN12268,Superfast TRN12268,Superfast
TRN12092,Superfast TRN12092,Superfast
TRN10107,Passenger TRN10107,Passenger
TRN14504,Superfast TRN14504,Superfast
TRN12938,Superfast TRN12938,Superfast
TRN10078,Express TRN10078,Express
TRN10714,Express TRN10714,Express
TRN13349,Express TRN13349,Express
TRN13809,Superfast TRN13809,Superfast
TRN12336,Superfast TRN12336,Superfast
TRN12744,Superfast TRN12744,Superfast
TRN12336,Passenger TRN12336,Passenger
TRN14018,Superfast TRN14018,Superfast
TRN10097,Express TRN10097,Express
TRN12406,Superfast TRN12406,Superfast
TRN13596,Superfast TRN13596,Superfast
TRN12358,Rajdhani TRN12358,Rajdhani
TRN14073,Superfast TRN14073,Superfast
TRN11667,Express TRN11667,Express
TRN11185,Express TRN11185,Express
TRN14240,Express TRN14240,Express
TRN14158,Express TRN14158,Express
TRN13950,Express TRN13950,Express
TRN10678,Shatabdi TRN10678,Shatabdi
TRN10451,Passenger TRN10451,Passenger
TRN14902,Superfast TRN14902,Superfast
TRN13592,Superfast TRN13592,Superfast
TRN13224,Superfast TRN13224,Superfast
TRN12760,Superfast TRN12760,Superfast
TRN14575,Express TRN14575,Express
TRN10459,Passenger TRN10459,Passenger
TRN14069,Express TRN14069,Express
TRN12818,Superfast TRN12818,Superfast
TRN14433,Superfast TRN14433,Superfast
TRN13245,Superfast TRN13245,Superfast
TRN14070,Vande Bharat TRN14070,Vande Bharat
TRN14182,Passenger TRN14182,Passenger
TRN12833,Vande Bharat TRN12833,Vande Bharat
TRN13733,Passenger TRN13733,Passenger
TRN13186,Express TRN13186,Express
TRN13021,Superfast TRN13021,Superfast
TRN11599,Superfast TRN11599,Superfast
TRN11370,Passenger TRN11370,Passenger
TRN13702,Express TRN13702,Express
TRN10148,Passenger TRN10148,Passenger
TRN13576,Shatabdi TRN13576,Shatabdi
TRN10432,Superfast TRN10432,Superfast
TRN11124,Express TRN11124,Express
TRN13824,Express TRN13824,Express
TRN14456,Superfast TRN14456,Superfast
TRN12307,Express TRN12307,Express
TRN11564,Passenger TRN11564,Passenger
TRN14516,Express TRN14516,Express
TRN11232,Shatabdi TRN11232,Shatabdi
TRN12245,Superfast TRN12245,Superfast
TRN11421,Shatabdi TRN11421,Shatabdi
TRN10800,Express TRN10800,Express
TRN10371,Shatabdi TRN10371,Shatabdi
TRN13653,Passenger TRN13653,Passenger
TRN12060,Express TRN12060,Express
TRN10773,Vande Bharat TRN10773,Vande Bharat
TRN14741,Superfast TRN14741,Superfast
TRN10676,Superfast TRN10676,Superfast
TRN10162,Shatabdi TRN10162,Shatabdi
TRN13203,Rajdhani TRN13203,Rajdhani
TRN12065,Express TRN12065,Express
TRN12691,Passenger TRN12691,Passenger
TRN12717,Shatabdi TRN12717,Shatabdi
TRN11198,Passenger TRN11198,Passenger
TRN14192,Passenger TRN14192,Passenger
TRN11983,Express TRN11983,Express
TRN10679,Superfast TRN10679,Superfast
TRN13790,Passenger TRN13790,Passenger
TRN11652,Vande Bharat TRN11652,Vande Bharat
TRN12757,Superfast TRN12757,Superfast
TRN11621,Superfast TRN11621,Superfast
TRN14306,Superfast TRN14306,Superfast
TRN14435,Superfast TRN14435,Superfast
TRN10003,Passenger TRN10003,Passenger
TRN14804,Superfast TRN14804,Superfast
TRN10419,Superfast TRN10419,Superfast
TRN13243,Rajdhani TRN13243,Rajdhani
TRN12128,Superfast TRN12128,Superfast
TRN13065,Superfast TRN13065,Superfast
TRN10197,Passenger TRN10197,Passenger
TRN12555,Vande Bharat TRN12555,Vande Bharat
TRN11387,Superfast TRN11387,Superfast
TRN11559,Shatabdi TRN11559,Shatabdi
TRN10620,Rajdhani TRN10620,Rajdhani
TRN13686,Superfast TRN13686,Superfast
TRN14312,Express TRN14312,Express
TRN12052,Passenger TRN12052,Passenger
TRN11614,Shatabdi TRN11614,Shatabdi
TRN14390,Superfast TRN14390,Superfast
TRN13147,Express TRN13147,Express
TRN11110,Superfast TRN11110,Superfast
TRN10715,Shatabdi TRN10715,Shatabdi
TRN14353,Express TRN14353,Express
TRN12743,Express TRN12743,Express
TRN13370,Superfast TRN13370,Superfast
TRN14197,Express TRN14197,Express
TRN11209,Superfast TRN11209,Superfast
TRN14345,Superfast TRN14345,Superfast
TRN12413,Superfast TRN12413,Superfast
TRN13560,Vande Bharat TRN13560,Vande Bharat
TRN13948,Express TRN13948,Express
TRN10316,Shatabdi TRN10316,Shatabdi
TRN12764,Express TRN12764,Express
TRN13702,Vande Bharat TRN13702,Vande Bharat
TRN14683,Shatabdi TRN14683,Shatabdi
TRN12431,Express TRN12431,Express
TRN14923,Shatabdi TRN14923,Shatabdi
TRN11548,Passenger TRN11548,Passenger
TRN11687,Express TRN11687,Express
TRN14431,Passenger TRN14431,Passenger
TRN13555,Superfast TRN13555,Superfast
TRN11514,Passenger TRN11514,Passenger
TRN12348,Passenger TRN12348,Passenger
TRN13643,Express TRN13643,Express
TRN11467,Express TRN11467,Express
TRN11339,Rajdhani TRN11339,Rajdhani
TRN10321,Superfast TRN10321,Superfast
TRN11983,Shatabdi TRN11983,Shatabdi
TRN10423,Express TRN10423,Express
TRN13500,Passenger TRN13500,Passenger
TRN11370,Superfast TRN11370,Superfast
TRN10960,Express TRN10960,Express
TRN10627,Express TRN10627,Express
TRN14429,Express TRN14429,Express
TRN10441,Express TRN10441,Express
TRN12840,Superfast TRN12840,Superfast
TRN14292,Express TRN14292,Express
TRN10651,Rajdhani TRN10651,Rajdhani
TRN13786,Superfast TRN13786,Superfast
TRN14094,Express TRN14094,Express
TRN14212,Express TRN14212,Express
TRN14397,Superfast TRN14397,Superfast
TRN10063,Express TRN10063,Express
TRN10775,Superfast TRN10775,Superfast
TRN12507,Passenger TRN12507,Passenger
TRN11946,Express TRN11946,Express
TRN10752,Express TRN10752,Express
TRN10349,Express TRN10349,Express
TRN12391,Superfast TRN12391,Superfast
TRN11252,Rajdhani TRN11252,Rajdhani
TRN10907,Passenger TRN10907,Passenger
TRN11060,Passenger TRN11060,Passenger
TRN10494,Shatabdi TRN10494,Shatabdi
TRN12653,Superfast TRN12653,Superfast
TRN14356,Passenger TRN14356,Passenger
TRN12322,Passenger TRN12322,Passenger
TRN12380,Passenger TRN12380,Passenger
TRN13740,Superfast TRN13740,Superfast
TRN10472,Express TRN10472,Express
TRN10618,Passenger TRN10618,Passenger
TRN10866,Express TRN10866,Express
TRN10692,Passenger TRN10692,Passenger
TRN14926,Express TRN14926,Express
TRN12957,Express TRN12957,Express
TRN12748,Express TRN12748,Express
TRN12424,Vande Bharat TRN12424,Vande Bharat
TRN12297,Superfast TRN12297,Superfast
TRN14653,Rajdhani TRN14653,Rajdhani
TRN11866,Superfast TRN11866,Superfast
TRN11769,Express TRN11769,Express
TRN13148,Superfast TRN13148,Superfast
TRN10328,Superfast TRN10328,Superfast
TRN10576,Express TRN10576,Express
TRN10490,Superfast TRN10490,Superfast
TRN10516,Passenger TRN10516,Passenger
TRN11058,Passenger TRN11058,Passenger
TRN14251,Rajdhani TRN14251,Rajdhani
TRN10500,Express TRN10500,Express
TRN14835,Passenger TRN14835,Passenger
TRN11794,Passenger TRN11794,Passenger
TRN13041,Shatabdi TRN13041,Shatabdi
TRN11392,Shatabdi TRN11392,Shatabdi
TRN11916,Express TRN11916,Express
TRN10614,Shatabdi TRN10614,Shatabdi
TRN12791,Passenger TRN12791,Passenger
TRN13938,Shatabdi TRN13938,Shatabdi
TRN13390,Express TRN13390,Express
TRN10867,Express TRN10867,Express
TRN10927,Superfast TRN10927,Superfast
TRN12515,Passenger TRN12515,Passenger
TRN10757,Express TRN10757,Express
TRN14190,Superfast TRN14190,Superfast
TRN12119,Passenger TRN12119,Passenger
TRN13504,Rajdhani TRN13504,Rajdhani
TRN10407,Express TRN10407,Express
TRN12668,Superfast TRN12668,Superfast
TRN13447,Vande Bharat TRN13447,Vande Bharat
TRN14290,Rajdhani TRN14290,Rajdhani
TRN12070,Rajdhani TRN12070,Rajdhani
TRN11813,Rajdhani TRN11813,Rajdhani
TRN12798,Express TRN12798,Express
TRN10724,Rajdhani TRN10724,Rajdhani
TRN11323,Superfast TRN11323,Superfast
TRN14525,Express TRN14525,Express
TRN14492,Superfast TRN14492,Superfast
TRN13993,Express TRN13993,Express
TRN14726,Superfast TRN14726,Superfast
TRN11376,Passenger TRN11376,Passenger
TRN10888,Express TRN10888,Express
TRN11231,Vande Bharat TRN11231,Vande Bharat
TRN10808,Express TRN10808,Express
TRN10529,Superfast TRN10529,Superfast
TRN12728,Superfast TRN12728,Superfast
TRN10962,Superfast TRN10962,Superfast
TRN13608,Superfast TRN13608,Superfast
TRN14159,Passenger TRN14159,Passenger
TRN10236,Vande Bharat TRN10236,Vande Bharat
TRN10782,Vande Bharat TRN10782,Vande Bharat
TRN14587,Superfast TRN14587,Superfast
TRN12807,Rajdhani TRN12807,Rajdhani
TRN11325,Passenger TRN11325,Passenger
TRN13144,Passenger TRN13144,Passenger
TRN14557,Superfast TRN14557,Superfast
TRN14973,Express TRN14973,Express
TRN11880,Vande Bharat TRN11880,Vande Bharat
TRN14847,Shatabdi TRN14847,Shatabdi
TRN13323,Express TRN13323,Express
TRN12045,Passenger TRN12045,Passenger
TRN12883,Vande Bharat TRN12883,Vande Bharat
TRN10451,Express TRN10451,Express
TRN13302,Express TRN13302,Express
TRN14995,Passenger TRN14995,Passenger
TRN10676,Shatabdi TRN10676,Shatabdi
TRN10690,Express TRN10690,Express
TRN12332,Superfast TRN12332,Superfast
TRN13972,Superfast TRN13972,Superfast
TRN12814,Passenger TRN12814,Passenger
TRN14216,Express TRN14216,Express
TRN12221,Superfast TRN12221,Superfast
TRN10737,Express TRN10737,Express
TRN12990,Express TRN12990,Express
TRN11423,Passenger TRN11423,Passenger
TRN10878,Express TRN10878,Express
TRN13312,Superfast TRN13312,Superfast
TRN13805,Vande Bharat TRN13805,Vande Bharat
TRN10643,Rajdhani TRN10643,Rajdhani
TRN11664,Rajdhani TRN11664,Rajdhani
TRN10850,Passenger TRN10850,Passenger
TRN14547,Express TRN14547,Express
TRN11552,Passenger TRN11552,Passenger
TRN12817,Passenger TRN12817,Passenger
TRN14965,Rajdhani TRN14965,Rajdhani
TRN14171,Vande Bharat TRN14171,Vande Bharat
TRN13400,Express TRN13400,Express
TRN11801,Passenger TRN11801,Passenger
TRN13664,Superfast TRN13664,Superfast
TRN12470,Rajdhani TRN12470,Rajdhani
TRN12574,Passenger TRN12574,Passenger
TRN14880,Superfast TRN14880,Superfast
TRN11407,Passenger TRN11407,Passenger
TRN12835,Superfast TRN12835,Superfast
TRN14677,Express TRN14677,Express
TRN14166,Superfast TRN14166,Superfast
TRN11039,Superfast TRN11039,Superfast
TRN11426,Superfast TRN11426,Superfast
TRN10939,Passenger TRN10939,Passenger
TRN13016,Express TRN13016,Express
TRN13670,Vande Bharat TRN13670,Vande Bharat
TRN11772,Superfast TRN11772,Superfast
TRN14743,Superfast TRN14743,Superfast
TRN13434,Express TRN13434,Express
TRN13158,Express TRN13158,Express
TRN11922,Vande Bharat TRN11922,Vande Bharat
TRN10798,Passenger TRN10798,Passenger
TRN10837,Passenger TRN10837,Passenger
TRN10257,Vande Bharat TRN10257,Vande Bharat
TRN14382,Passenger TRN14382,Passenger
TRN12421,Superfast TRN12421,Superfast
TRN13101,Superfast TRN13101,Superfast
TRN11024,Passenger TRN11024,Passenger
TRN12026,Shatabdi TRN12026,Shatabdi
TRN11505,Superfast TRN11505,Superfast
TRN11883,Passenger TRN11883,Passenger
TRN10570,Passenger TRN10570,Passenger
TRN10627,Superfast TRN10627,Superfast
TRN12359,Superfast TRN12359,Superfast
TRN13211,Superfast TRN13211,Superfast
TRN13246,Superfast TRN13246,Superfast
TRN11959,Passenger TRN11959,Passenger
TRN11055,Superfast TRN11055,Superfast
TRN13039,Express TRN13039,Express
TRN12028,Express TRN12028,Express
TRN14494,Passenger TRN14494,Passenger
TRN12196,Express TRN12196,Express
TRN12608,Vande Bharat TRN12608,Vande Bharat
TRN14070,Superfast TRN14070,Superfast
TRN14251,Passenger TRN14251,Passenger
TRN10065,Express TRN10065,Express
TRN10862,Express TRN10862,Express
TRN13718,Superfast TRN13718,Superfast
TRN12395,Express TRN12395,Express
TRN11278,Superfast TRN11278,Superfast
TRN10237,Superfast TRN10237,Superfast
TRN14602,Express TRN14602,Express
TRN11600,Superfast TRN11600,Superfast
TRN14132,Superfast TRN14132,Superfast
TRN11774,Rajdhani TRN11774,Rajdhani
TRN11124,Superfast TRN11124,Superfast
TRN13712,Superfast TRN13712,Superfast
TRN14720,Express TRN14720,Express
TRN14883,Express TRN14883,Express
TRN14531,Express TRN14531,Express
TRN14637,Rajdhani TRN14637,Rajdhani
TRN11050,Vande Bharat TRN11050,Vande Bharat
TRN10174,Shatabdi TRN10174,Shatabdi
TRN14474,Passenger TRN14474,Passenger
TRN12455,Passenger TRN12455,Passenger
TRN14732,Express TRN14732,Express
TRN11857,Passenger TRN11857,Passenger
TRN10536,Passenger TRN10536,Passenger
TRN13585,Superfast TRN13585,Superfast
TRN14857,Express TRN14857,Express
TRN13091,Express TRN13091,Express
TRN13501,Express TRN13501,Express
TRN10145,Passenger TRN10145,Passenger
TRN10258,Superfast TRN10258,Superfast
TRN10424,Rajdhani TRN10424,Rajdhani
TRN13514,Express TRN13514,Express
TRN10387,Vande Bharat TRN10387,Vande Bharat
TRN14105,Passenger TRN14105,Passenger
TRN13301,Express TRN13301,Express
TRN12269,Vande Bharat TRN12269,Vande Bharat
TRN14064,Superfast TRN14064,Superfast
TRN14033,Express TRN14033,Express
TRN10330,Express TRN10330,Express
TRN10730,Express TRN10730,Express
TRN13616,Vande Bharat TRN13616,Vande Bharat
TRN14714,Express TRN14714,Express
TRN12310,Vande Bharat TRN12310,Vande Bharat
TRN10463,Passenger TRN10463,Passenger
TRN12716,Passenger TRN12716,Passenger
TRN12216,Rajdhani TRN12216,Rajdhani
TRN12487,Express TRN12487,Express
TRN11369,Express TRN11369,Express
TRN10485,Express TRN10485,Express
TRN13268,Superfast TRN13268,Superfast
TRN12058,Express TRN12058,Express
TRN14127,Superfast TRN14127,Superfast
TRN11602,Vande Bharat TRN11602,Vande Bharat
TRN13862,Rajdhani TRN13862,Rajdhani
TRN13316,Superfast TRN13316,Superfast
TRN12865,Superfast TRN12865,Superfast
TRN10023,Express TRN10023,Express
TRN13445,Express TRN13445,Express
TRN13357,Vande Bharat TRN13357,Vande Bharat
TRN13157,Superfast TRN13157,Superfast
TRN10164,Shatabdi TRN10164,Shatabdi
TRN12555,Express TRN12555,Express
TRN14313,Express TRN14313,Express
TRN11962,Rajdhani TRN11962,Rajdhani
TRN14421,Superfast TRN14421,Superfast
TRN11413,Express TRN11413,Express
TRN11896,Superfast TRN11896,Superfast
TRN11169,Rajdhani TRN11169,Rajdhani
TRN13266,Express TRN13266,Express
TRN13885,Passenger TRN13885,Passenger
TRN10511,Rajdhani TRN10511,Rajdhani
TRN12424,Superfast TRN12424,Superfast
TRN13816,Superfast TRN13816,Superfast
TRN11688,Superfast TRN11688,Superfast
TRN11714,Express TRN11714,Express
TRN14250,Passenger TRN14250,Passenger
TRN10331,Passenger TRN10331,Passenger
TRN12756,Express TRN12756,Express
TRN13086,Superfast TRN13086,Superfast
TRN11185,Passenger TRN11185,Passenger
TRN11780,Passenger TRN11780,Passenger
TRN14784,Superfast TRN14784,Superfast
TRN13058,Shatabdi TRN13058,Shatabdi
TRN13581,Superfast TRN13581,Superfast
TRN10322,Passenger TRN10322,Passenger
TRN10035,Superfast TRN10035,Superfast
TRN13845,Vande Bharat TRN13845,Vande Bharat
TRN14259,Superfast TRN14259,Superfast
TRN13293,Superfast TRN13293,Superfast
TRN12775,Vande Bharat TRN12775,Vande Bharat
TRN14309,Passenger TRN14309,Passenger
TRN14529,Passenger TRN14529,Passenger
TRN12000,Passenger TRN12000,Passenger
TRN14924,Express TRN14924,Express
TRN13022,Passenger TRN13022,Passenger
TRN13792,Passenger TRN13792,Passenger
TRN11169,Passenger TRN11169,Passenger
TRN11284,Rajdhani TRN11284,Rajdhani
TRN10015,Express TRN10015,Express
TRN11343,Rajdhani TRN11343,Rajdhani
TRN11563,Passenger TRN11563,Passenger
TRN13828,Superfast TRN13828,Superfast
TRN13730,Superfast TRN13730,Superfast
TRN11519,Superfast TRN11519,Superfast
TRN11701,Passenger TRN11701,Passenger
TRN12065,Shatabdi TRN12065,Shatabdi
TRN12160,Superfast TRN12160,Superfast
TRN12528,Passenger TRN12528,Passenger
TRN14975,Shatabdi TRN14975,Shatabdi
TRN14353,Superfast TRN14353,Superfast
TRN11578,Shatabdi TRN11578,Shatabdi
TRN14981,Superfast TRN14981,Superfast
TRN12066,Rajdhani TRN12066,Rajdhani
TRN11882,Superfast TRN11882,Superfast
TRN10073,Express TRN10073,Express
TRN14429,Passenger TRN14429,Passenger
TRN10652,Passenger TRN10652,Passenger
TRN12627,Vande Bharat TRN12627,Vande Bharat
TRN14911,Vande Bharat TRN14911,Vande Bharat
TRN13512,Shatabdi TRN13512,Shatabdi
TRN10831,Express TRN10831,Express
TRN10360,Passenger TRN10360,Passenger
TRN13138,Express TRN13138,Express
TRN13007,Superfast TRN13007,Superfast
TRN14123,Passenger TRN14123,Passenger
TRN11497,Express TRN11497,Express
TRN13898,Vande Bharat TRN13898,Vande Bharat
TRN11854,Vande Bharat TRN11854,Vande Bharat
TRN12905,Express TRN12905,Express
TRN11131,Shatabdi TRN11131,Shatabdi
TRN14815,Vande Bharat TRN14815,Vande Bharat
TRN14249,Superfast TRN14249,Superfast
TRN13517,Express TRN13517,Express
TRN13937,Passenger TRN13937,Passenger
TRN14808,Vande Bharat TRN14808,Vande Bharat
TRN13957,Rajdhani TRN13957,Rajdhani
TRN10467,Superfast TRN10467,Superfast
TRN14985,Vande Bharat TRN14985,Vande Bharat
TRN10020,Vande Bharat TRN10020,Vande Bharat
TRN12136,Express TRN12136,Express
TRN14965,Vande Bharat TRN14965,Vande Bharat
TRN13820,Express TRN13820,Express
TRN11005,Superfast TRN11005,Superfast
TRN11020,Express TRN11020,Express
TRN12532,Express TRN12532,Express
TRN12936,Express TRN12936,Express
TRN14550,Passenger TRN14550,Passenger
TRN10070,Superfast TRN10070,Superfast
TRN10592,Shatabdi TRN10592,Shatabdi
TRN12098,Rajdhani TRN12098,Rajdhani
TRN14451,Rajdhani TRN14451,Rajdhani
TRN13188,Superfast TRN13188,Superfast
TRN14771,Express TRN14771,Express
TRN14796,Superfast TRN14796,Superfast
TRN12769,Superfast TRN12769,Superfast
TRN13075,Express TRN13075,Express
TRN12905,Passenger TRN12905,Passenger
TRN14292,Vande Bharat TRN14292,Vande Bharat
TRN11086,Superfast TRN11086,Superfast
TRN14009,Superfast TRN14009,Superfast
TRN10462,Rajdhani TRN10462,Rajdhani
TRN10582,Passenger TRN10582,Passenger
TRN10332,Passenger TRN10332,Passenger
TRN11334,Express TRN11334,Express
TRN13255,Express TRN13255,Express
TRN10500,Passenger TRN10500,Passenger
TRN13649,Superfast TRN13649,Superfast
TRN12084,Passenger TRN12084,Passenger
TRN10790,Express TRN10790,Express
TRN14052,Passenger TRN14052,Passenger
TRN13988,Superfast TRN13988,Superfast
TRN12068,Express TRN12068,Express
TRN11348,Express TRN11348,Express
TRN11816,Express TRN11816,Express
TRN12900,Rajdhani TRN12900,Rajdhani
TRN13084,Passenger TRN13084,Passenger
TRN11381,Superfast TRN11381,Superfast
TRN11187,Vande Bharat TRN11187,Vande Bharat
TRN11892,Superfast TRN11892,Superfast
TRN11382,Superfast TRN11382,Superfast
TRN13359,Superfast TRN13359,Superfast
TRN11538,Vande Bharat TRN11538,Vande Bharat
TRN13258,Rajdhani TRN13258,Rajdhani
TRN13340,Passenger TRN13340,Passenger
TRN10712,Rajdhani TRN10712,Rajdhani
TRN11962,Express TRN11962,Express
TRN14812,Express TRN14812,Express
TRN10926,Passenger TRN10926,Passenger
TRN10313,Express TRN10313,Express
TRN11854,Shatabdi TRN11854,Shatabdi
TRN12294,Express TRN12294,Express
TRN10599,Rajdhani TRN10599,Rajdhani
TRN14422,Express TRN14422,Express
TRN13563,Express TRN13563,Express
TRN14482,Vande Bharat TRN14482,Vande Bharat
TRN13113,Express TRN13113,Express
TRN13907,Superfast TRN13907,Superfast
TRN12902,Express TRN12902,Express
TRN10545,Superfast TRN10545,Superfast
TRN12989,Express TRN12989,Express
TRN12406,Rajdhani TRN12406,Rajdhani
TRN10646,Superfast TRN10646,Superfast
TRN12374,Superfast TRN12374,Superfast
TRN12330,Rajdhani TRN12330,Rajdhani
TRN14896,Superfast TRN14896,Superfast
TRN14875,Vande Bharat TRN14875,Vande Bharat
TRN10666,Passenger TRN10666,Passenger
TRN12444,Express TRN12444,Express
TRN13497,Express TRN13497,Express
TRN11753,Rajdhani TRN11753,Rajdhani
TRN13353,Superfast TRN13353,Superfast
TRN11946,Superfast TRN11946,Superfast
TRN12583,Shatabdi TRN12583,Shatabdi
TRN12887,Passenger TRN12887,Passenger
TRN11250,Passenger TRN11250,Passenger
TRN11513,Superfast TRN11513,Superfast
TRN12930,Express TRN12930,Express
TRN12623,Passenger TRN12623,Passenger
TRN14099,Superfast TRN14099,Superfast
TRN10969,Superfast TRN10969,Superfast
TRN12651,Vande Bharat TRN12651,Vande Bharat
TRN10611,Vande Bharat TRN10611,Vande Bharat
TRN11786,Rajdhani TRN11786,Rajdhani
TRN10431,Vande Bharat TRN10431,Vande Bharat
TRN10222,Superfast TRN10222,Superfast
TRN14841,Express TRN14841,Express
TRN13193,Express TRN13193,Express
TRN11495,Express TRN11495,Express
TRN11248,Superfast TRN11248,Superfast
TRN10982,Express TRN10982,Express
TRN10468,Rajdhani TRN10468,Rajdhani
TRN11480,Superfast TRN11480,Superfast
TRN12527,Superfast TRN12527,Superfast
TRN12278,Passenger TRN12278,Passenger
TRN11529,Superfast TRN11529,Superfast
TRN13115,Express TRN13115,Express
TRN12451,Express TRN12451,Express
TRN11571,Passenger TRN11571,Passenger
TRN10383,Express TRN10383,Express
TRN10519,Shatabdi TRN10519,Shatabdi
TRN10656,Express TRN10656,Express
TRN14807,Superfast TRN14807,Superfast
TRN12401,Passenger TRN12401,Passenger
TRN10227,Express TRN10227,Express
TRN12986,Superfast TRN12986,Superfast
TRN10997,Passenger TRN10997,Passenger
TRN10108,Express TRN10108,Express
TRN11796,Express TRN11796,Express
TRN13854,Express TRN13854,Express
TRN13134,Passenger TRN13134,Passenger
TRN10814,Superfast TRN10814,Superfast
TRN12319,Superfast TRN12319,Superfast
TRN13244,Passenger TRN13244,Passenger
TRN14043,Superfast TRN14043,Superfast
TRN10774,Passenger TRN10774,Passenger
TRN10739,Superfast TRN10739,Superfast
TRN10559,Express TRN10559,Express
TRN14413,Rajdhani TRN14413,Rajdhani
TRN13562,Passenger TRN13562,Passenger
TRN14138,Vande Bharat TRN14138,Vande Bharat
TRN12267,Vande Bharat TRN12267,Vande Bharat
TRN14728,Superfast TRN14728,Superfast
TRN11092,Passenger TRN11092,Passenger
TRN10832,Express TRN10832,Express
TRN11902,Express TRN11902,Express
TRN12037,Superfast TRN12037,Superfast
TRN10620,Superfast TRN10620,Superfast
TRN13775,Express TRN13775,Express
TRN13152,Express TRN13152,Express
TRN11831,Passenger TRN11831,Passenger
TRN14056,Superfast TRN14056,Superfast
TRN14025,Superfast TRN14025,Superfast
TRN13558,Passenger TRN13558,Passenger
TRN10117,Vande Bharat TRN10117,Vande Bharat
TRN10251,Express TRN10251,Express
TRN11281,Shatabdi TRN11281,Shatabdi
TRN12566,Rajdhani TRN12566,Rajdhani
TRN14155,Vande Bharat TRN14155,Vande Bharat
TRN13754,Express TRN13754,Express
TRN10604,Superfast TRN10604,Superfast
TRN10809,Vande Bharat TRN10809,Vande Bharat
TRN13861,Vande Bharat TRN13861,Vande Bharat
TRN13615,Passenger TRN13615,Passenger
TRN12855,Passenger TRN12855,Passenger
TRN10541,Express TRN10541,Express
TRN11013,Passenger TRN11013,Passenger
TRN14869,Vande Bharat TRN14869,Vande Bharat
TRN13774,Express TRN13774,Express
TRN11453,Superfast TRN11453,Superfast
TRN10672,Superfast TRN10672,Superfast
TRN11793,Rajdhani TRN11793,Rajdhani
TRN10376,Superfast TRN10376,Superfast
TRN12866,Passenger TRN12866,Passenger
TRN12550,Vande Bharat TRN12550,Vande Bharat
TRN11726,Superfast TRN11726,Superfast
TRN12806,Vande Bharat TRN12806,Vande Bharat
TRN11064,Passenger TRN11064,Passenger
TRN12071,Rajdhani TRN12071,Rajdhani
TRN12149,Passenger TRN12149,Passenger
TRN13477,Superfast TRN13477,Superfast
TRN11982,Vande Bharat TRN11982,Vande Bharat
TRN14863,Vande Bharat TRN14863,Vande Bharat
TRN14632,Express TRN14632,Express
TRN13128,Superfast TRN13128,Superfast
TRN14820,Express TRN14820,Express
TRN12229,Express TRN12229,Express
TRN10528,Vande Bharat TRN10528,Vande Bharat
TRN11919,Superfast TRN11919,Superfast
TRN13807,Passenger TRN13807,Passenger
TRN11463,Express TRN11463,Express
TRN10836,Superfast TRN10836,Superfast
TRN12833,Passenger TRN12833,Passenger
TRN14772,Express TRN14772,Express
TRN12416,Express TRN12416,Express
TRN12939,Superfast TRN12939,Superfast
TRN11218,Express TRN11218,Express
TRN12300,Express TRN12300,Express
TRN11113,Express TRN11113,Express
TRN10558,Superfast TRN10558,Superfast
TRN13917,Express TRN13917,Express
TRN12835,Rajdhani TRN12835,Rajdhani
TRN13671,Vande Bharat TRN13671,Vande Bharat
TRN13733,Express TRN13733,Express
TRN11995,Vande Bharat TRN11995,Vande Bharat
TRN11442,Superfast TRN11442,Superfast
TRN12843,Passenger TRN12843,Passenger
TRN12288,Passenger TRN12288,Passenger
TRN13049,Superfast TRN13049,Superfast
TRN12459,Express TRN12459,Express
TRN14851,Superfast TRN14851,Superfast
TRN11124,Rajdhani TRN11124,Rajdhani
TRN11469,Express TRN11469,Express
TRN13432,Express TRN13432,Express
TRN14202,Express TRN14202,Express
TRN11242,Superfast TRN11242,Superfast
TRN11461,Vande Bharat TRN11461,Vande Bharat
TRN13705,Rajdhani TRN13705,Rajdhani
TRN12825,Express TRN12825,Express
TRN13039,Superfast TRN13039,Superfast
TRN11121,Superfast TRN11121,Superfast
TRN12705,Superfast TRN12705,Superfast
TRN10521,Passenger TRN10521,Passenger
TRN12507,Express TRN12507,Express
TRN13404,Express TRN13404,Express
TRN14174,Passenger TRN14174,Passenger
TRN12527,Vande Bharat TRN12527,Vande Bharat
TRN11003,Shatabdi TRN11003,Shatabdi
TRN10441,Superfast TRN10441,Superfast
TRN14006,Passenger TRN14006,Passenger
TRN14911,Superfast TRN14911,Superfast
TRN14336,Rajdhani TRN14336,Rajdhani
TRN13468,Passenger TRN13468,Passenger
TRN13642,Shatabdi TRN13642,Shatabdi
TRN12057,Rajdhani TRN12057,Rajdhani
TRN12948,Superfast TRN12948,Superfast
TRN11268,Superfast TRN11268,Superfast
TRN14305,Passenger TRN14305,Passenger
TRN11926,Express TRN11926,Express
TRN10120,Superfast TRN10120,Superfast
TRN12030,Express TRN12030,Express
TRN10916,Superfast TRN10916,Superfast
TRN12768,Superfast TRN12768,Superfast
TRN11567,Rajdhani TRN11567,Rajdhani
TRN14497,Superfast TRN14497,Superfast
TRN12730,Superfast TRN12730,Superfast
TRN13725,Passenger TRN13725,Passenger
TRN14596,Express TRN14596,Express
TRN14227,Passenger TRN14227,Passenger
TRN14165,Shatabdi TRN14165,Shatabdi
TRN14882,Vande Bharat TRN14882,Vande Bharat
TRN14528,Express TRN14528,Express
TRN12740,Vande Bharat TRN12740,Vande Bharat
TRN11009,Shatabdi TRN11009,Shatabdi
TRN12808,Superfast TRN12808,Superfast
TRN10831,Shatabdi TRN10831,Shatabdi
TRN10624,Rajdhani TRN10624,Rajdhani
TRN12036,Express TRN12036,Express
TRN14129,Superfast TRN14129,Superfast
TRN13609,Superfast TRN13609,Superfast
TRN11889,Vande Bharat TRN11889,Vande Bharat
TRN12621,Superfast TRN12621,Superfast
TRN14034,Rajdhani TRN14034,Rajdhani
TRN10576,Vande Bharat TRN10576,Vande Bharat
TRN10688,Rajdhani TRN10688,Rajdhani
TRN12269,Superfast TRN12269,Superfast
TRN11420,Passenger TRN11420,Passenger
TRN10415,Superfast TRN10415,Superfast
TRN10783,Shatabdi TRN10783,Shatabdi
TRN14687,Superfast TRN14687,Superfast
TRN13839,Rajdhani TRN13839,Rajdhani
TRN13318,Express TRN13318,Express
TRN14138,Express TRN14138,Express
TRN10432,Passenger TRN10432,Passenger
TRN14082,Superfast TRN14082,Superfast
TRN10617,Shatabdi TRN10617,Shatabdi
TRN11800,Passenger TRN11800,Passenger
TRN11448,Shatabdi TRN11448,Shatabdi
TRN11894,Shatabdi TRN11894,Shatabdi
TRN11892,Shatabdi TRN11892,Shatabdi
TRN10476,Express TRN10476,Express
TRN14295,Superfast TRN14295,Superfast
TRN10948,Passenger TRN10948,Passenger
TRN10931,Rajdhani TRN10931,Rajdhani
TRN12558,Express TRN12558,Express
TRN14621,Express TRN14621,Express
TRN12733,Vande Bharat TRN12733,Vande Bharat
TRN13440,Express TRN13440,Express
TRN13899,Express TRN13899,Express
TRN13960,Express TRN13960,Express
TRN13808,Shatabdi TRN13808,Shatabdi
TRN13946,Rajdhani TRN13946,Rajdhani
TRN14568,Superfast TRN14568,Superfast
TRN13365,Shatabdi TRN13365,Shatabdi
TRN12475,Express TRN12475,Express
TRN14499,Superfast TRN14499,Superfast
TRN14589,Express TRN14589,Express
TRN11030,Superfast TRN11030,Superfast
TRN14969,Rajdhani TRN14969,Rajdhani
TRN13259,Passenger TRN13259,Passenger
TRN13858,Express TRN13858,Express
TRN11887,Express TRN11887,Express
TRN13610,Passenger TRN13610,Passenger
TRN10654,Express TRN10654,Express
TRN12597,Rajdhani TRN12597,Rajdhani
TRN10133,Superfast TRN10133,Superfast
TRN12346,Passenger TRN12346,Passenger
TRN11088,Express TRN11088,Express
TRN12468,Vande Bharat TRN12468,Vande Bharat
TRN11537,Vande Bharat TRN11537,Vande Bharat
TRN12705,Express TRN12705,Express
TRN14182,Rajdhani TRN14182,Rajdhani
TRN11463,Superfast TRN11463,Superfast
TRN10065,Vande Bharat TRN10065,Vande Bharat
TRN12676,Express TRN12676,Express
TRN10223,Superfast TRN10223,Superfast
TRN12237,Express TRN12237,Express
TRN12851,Superfast TRN12851,Superfast
TRN13187,Express TRN13187,Express
TRN11287,Express TRN11287,Express
TRN12834,Superfast TRN12834,Superfast
TRN14286,Express TRN14286,Express
TRN12862,Superfast TRN12862,Superfast
TRN12526,Passenger TRN12526,Passenger
TRN14617,Superfast TRN14617,Superfast
TRN13811,Express TRN13811,Express
TRN14590,Express TRN14590,Express
TRN14919,Shatabdi TRN14919,Shatabdi
TRN14387,Superfast TRN14387,Superfast
TRN12515,Express TRN12515,Express
TRN11307,Express TRN11307,Express
TRN10786,Express TRN10786,Express
TRN10132,Express TRN10132,Express
TRN10809,Rajdhani TRN10809,Rajdhani
TRN14993,Vande Bharat TRN14993,Vande Bharat
TRN11449,Shatabdi TRN11449,Shatabdi
TRN12219,Superfast TRN12219,Superfast
TRN11329,Superfast TRN11329,Superfast
TRN14146,Superfast TRN14146,Superfast
TRN11724,Express TRN11724,Express
TRN14467,Express TRN14467,Express
TRN14503,Shatabdi TRN14503,Shatabdi
TRN10556,Express TRN10556,Express
TRN12020,Rajdhani TRN12020,Rajdhani
TRN12831,Vande Bharat TRN12831,Vande Bharat
TRN11937,Express TRN11937,Express
TRN14135,Superfast TRN14135,Superfast
TRN12371,Superfast TRN12371,Superfast
TRN10040,Superfast TRN10040,Superfast
TRN14527,Express TRN14527,Express
TRN12284,Superfast TRN12284,Superfast
TRN13167,Passenger TRN13167,Passenger
TRN14383,Express TRN14383,Express
TRN14327,Express TRN14327,Express
TRN13764,Express TRN13764,Express
TRN11063,Superfast TRN11063,Superfast
TRN14277,Superfast TRN14277,Superfast
TRN12752,Express TRN12752,Express
TRN12297,Express TRN12297,Express
TRN10894,Express TRN10894,Express
TRN13147,Superfast TRN13147,Superfast
TRN12500,Superfast TRN12500,Superfast
TRN14781,Superfast TRN14781,Superfast
TRN14800,Passenger TRN14800,Passenger
TRN14393,Passenger TRN14393,Passenger
TRN10460,Express TRN10460,Express
TRN11203,Express TRN11203,Express
TRN14004,Superfast TRN14004,Superfast
TRN14887,Superfast TRN14887,Superfast
TRN10058,Superfast TRN10058,Superfast
TRN13301,Passenger TRN13301,Passenger
TRN12434,Express TRN12434,Express
TRN11858,Express TRN11858,Express
TRN12707,Rajdhani TRN12707,Rajdhani
TRN10556,Passenger TRN10556,Passenger
TRN14603,Express TRN14603,Express
TRN13918,Vande Bharat TRN13918,Vande Bharat
TRN12201,Superfast TRN12201,Superfast
TRN11189,Express TRN11189,Express
TRN14342,Express TRN14342,Express
TRN13216,Passenger TRN13216,Passenger
TRN13165,Express TRN13165,Express
TRN14247,Express TRN14247,Express
TRN12054,Superfast TRN12054,Superfast
TRN13866,Passenger TRN13866,Passenger
TRN13612,Superfast TRN13612,Superfast
TRN14116,Superfast TRN14116,Superfast
TRN11699,Passenger TRN11699,Passenger
TRN10870,Passenger TRN10870,Passenger
TRN10330,Shatabdi TRN10330,Shatabdi
TRN10511,Passenger TRN10511,Passenger
TRN13423,Superfast TRN13423,Superfast
TRN10278,Shatabdi TRN10278,Shatabdi
TRN12112,Passenger TRN12112,Passenger
TRN10960,Passenger TRN10960,Passenger
TRN10000,Rajdhani TRN10000,Rajdhani
TRN12618,Passenger TRN12618,Passenger
TRN14977,Express TRN14977,Express
TRN11895,Superfast TRN11895,Superfast
TRN11711,Rajdhani TRN11711,Rajdhani
TRN10648,Express TRN10648,Express
TRN11755,Superfast TRN11755,Superfast
TRN11274,Express TRN11274,Express
TRN11191,Superfast TRN11191,Superfast
TRN11653,Express TRN11653,Express
TRN14690,Express TRN14690,Express
TRN14512,Vande Bharat TRN14512,Vande Bharat
TRN12985,Rajdhani TRN12985,Rajdhani
TRN11477,Vande Bharat TRN11477,Vande Bharat
TRN11327,Rajdhani TRN11327,Rajdhani
TRN14680,Superfast TRN14680,Superfast
TRN13974,Vande Bharat TRN13974,Vande Bharat
TRN11156,Superfast TRN11156,Superfast
TRN14071,Express TRN14071,Express
TRN13855,Passenger TRN13855,Passenger
TRN10492,Vande Bharat TRN10492,Vande Bharat
TRN10199,Rajdhani TRN10199,Rajdhani
TRN13757,Passenger TRN13757,Passenger
TRN13920,Passenger TRN13920,Passenger
TRN11648,Express TRN11648,Express
TRN14347,Passenger TRN14347,Passenger
TRN12246,Superfast TRN12246,Superfast
TRN10215,Express TRN10215,Express
TRN13546,Vande Bharat TRN13546,Vande Bharat
TRN13269,Superfast TRN13269,Superfast
TRN14237,Superfast TRN14237,Superfast
TRN14833,Rajdhani TRN14833,Rajdhani
TRN12929,Express TRN12929,Express
TRN12711,Passenger TRN12711,Passenger
TRN12963,Express TRN12963,Express
TRN12436,Express TRN12436,Express
TRN12829,Passenger TRN12829,Passenger
TRN13724,Shatabdi TRN13724,Shatabdi
TRN13489,Express TRN13489,Express
TRN12785,Express TRN12785,Express
TRN12440,Passenger TRN12440,Passenger
TRN13662,Superfast TRN13662,Superfast
TRN14436,Passenger TRN14436,Passenger
TRN10634,Shatabdi TRN10634,Shatabdi
TRN13588,Vande Bharat TRN13588,Vande Bharat
TRN14707,Passenger TRN14707,Passenger
TRN12456,Express TRN12456,Express
TRN13902,Shatabdi TRN13902,Shatabdi
TRN13116,Shatabdi TRN13116,Shatabdi
TRN14953,Express TRN14953,Express
TRN13641,Superfast TRN13641,Superfast
TRN10445,Passenger TRN10445,Passenger
TRN13710,Passenger TRN13710,Passenger
TRN13416,Superfast TRN13416,Superfast
TRN13146,Express TRN13146,Express
TRN14499,Express TRN14499,Express
TRN11991,Superfast TRN11991,Superfast
TRN11956,Superfast TRN11956,Superfast
TRN10519,Rajdhani TRN10519,Rajdhani
TRN11803,Passenger TRN11803,Passenger
TRN12020,Superfast TRN12020,Superfast
TRN14808,Rajdhani TRN14808,Rajdhani
TRN10761,Passenger TRN10761,Passenger
TRN13929,Vande Bharat TRN13929,Vande Bharat
TRN13148,Express TRN13148,Express
TRN14354,Shatabdi TRN14354,Shatabdi
TRN10803,Passenger TRN10803,Passenger
TRN14049,Express TRN14049,Express
TRN12110,Passenger TRN12110,Passenger
TRN13387,Superfast TRN13387,Superfast
TRN12833,Superfast TRN12833,Superfast
TRN13561,Rajdhani TRN13561,Rajdhani
TRN13258,Passenger TRN13258,Passenger
TRN10059,Rajdhani TRN10059,Rajdhani
TRN10919,Vande Bharat TRN10919,Vande Bharat
TRN10858,Vande Bharat TRN10858,Vande Bharat
TRN14558,Express TRN14558,Express
TRN14532,Passenger TRN14532,Passenger
TRN11826,Express TRN11826,Express
TRN14374,Superfast TRN14374,Superfast
TRN13050,Passenger TRN13050,Passenger
TRN10324,Passenger TRN10324,Passenger
TRN11570,Shatabdi TRN11570,Shatabdi
TRN12522,Vande Bharat TRN12522,Vande Bharat
TRN13963,Superfast TRN13963,Superfast
TRN10036,Passenger TRN10036,Passenger
TRN14573,Vande Bharat TRN14573,Vande Bharat
TRN10069,Vande Bharat TRN10069,Vande Bharat
TRN11998,Superfast TRN11998,Superfast
TRN11827,Vande Bharat TRN11827,Vande Bharat
TRN13826,Superfast TRN13826,Superfast
TRN12895,Rajdhani TRN12895,Rajdhani
TRN11888,Passenger TRN11888,Passenger
TRN12106,Superfast TRN12106,Superfast
TRN10976,Superfast TRN10976,Superfast
TRN14813,Rajdhani TRN14813,Rajdhani
TRN13154,Vande Bharat TRN13154,Vande Bharat
TRN12779,Superfast TRN12779,Superfast
TRN14826,Vande Bharat TRN14826,Vande Bharat
TRN14472,Shatabdi TRN14472,Shatabdi
TRN13231,Express TRN13231,Express
TRN11205,Passenger TRN11205,Passenger
TRN13865,Passenger TRN13865,Passenger
TRN10347,Express TRN10347,Express
TRN10544,Express TRN10544,Express
TRN14057,Superfast TRN14057,Superfast
TRN12656,Passenger TRN12656,Passenger
TRN11541,Superfast TRN11541,Superfast
TRN13013,Superfast TRN13013,Superfast
TRN14291,Passenger TRN14291,Passenger
TRN10433,Shatabdi TRN10433,Shatabdi
TRN13696,Shatabdi TRN13696,Shatabdi
TRN13799,Superfast TRN13799,Superfast
TRN14071,Superfast TRN14071,Superfast
TRN12351,Rajdhani TRN12351,Rajdhani
TRN14903,Express TRN14903,Express
TRN12452,Superfast TRN12452,Superfast
TRN12354,Superfast TRN12354,Superfast
TRN13406,Express TRN13406,Express
TRN12418,Shatabdi TRN12418,Shatabdi
TRN13631,Express TRN13631,Express
TRN11331,Express TRN11331,Express
TRN11280,Rajdhani TRN11280,Rajdhani
TRN12884,Express TRN12884,Express
TRN14634,Express TRN14634,Express
TRN10576,Superfast TRN10576,Superfast
TRN12322,Express TRN12322,Express
TRN12127,Shatabdi TRN12127,Shatabdi
TRN10046,Vande Bharat TRN10046,Vande Bharat
TRN14361,Rajdhani TRN14361,Rajdhani
TRN12401,Rajdhani TRN12401,Rajdhani
TRN10672,Express TRN10672,Express
TRN14820,Superfast TRN14820,Superfast
TRN11081,Express TRN11081,Express
TRN11487,Express TRN11487,Express
TRN12547,Express TRN12547,Express
TRN12218,Express TRN12218,Express
TRN11356,Superfast TRN11356,Superfast
TRN13981,Express TRN13981,Express
TRN13454,Rajdhani TRN13454,Rajdhani
TRN10734,Passenger TRN10734,Passenger
TRN14933,Rajdhani TRN14933,Rajdhani
TRN12057,Passenger TRN12057,Passenger
TRN13822,Express TRN13822,Express
TRN10458,Passenger TRN10458,Passenger
TRN12671,Passenger TRN12671,Passenger
TRN11657,Passenger TRN11657,Passenger
TRN11255,Superfast TRN11255,Superfast
TRN10339,Express TRN10339,Express
TRN13162,Express TRN13162,Express
TRN13142,Passenger TRN13142,Passenger
TRN11264,Express TRN11264,Express
TRN11367,Express TRN11367,Express
TRN11701,Express TRN11701,Express
TRN12806,Express TRN12806,Express
TRN12208,Rajdhani TRN12208,Rajdhani
TRN10242,Superfast TRN10242,Superfast
TRN14984,Shatabdi TRN14984,Shatabdi
TRN11805,Superfast TRN11805,Superfast
TRN11009,Superfast TRN11009,Superfast
TRN10249,Passenger TRN10249,Passenger
TRN11402,Superfast TRN11402,Superfast
TRN14441,Superfast TRN14441,Superfast
TRN11202,Rajdhani TRN11202,Rajdhani
TRN13542,Vande Bharat TRN13542,Vande Bharat
TRN11813,Passenger TRN11813,Passenger
TRN14894,Vande Bharat TRN14894,Vande Bharat
TRN10240,Express TRN10240,Express
TRN11767,Superfast TRN11767,Superfast
TRN10549,Rajdhani TRN10549,Rajdhani
TRN10444,Shatabdi TRN10444,Shatabdi
TRN13034,Superfast TRN13034,Superfast
TRN12391,Express TRN12391,Express
TRN12016,Shatabdi TRN12016,Shatabdi
TRN13560,Express TRN13560,Express
TRN12569,Superfast TRN12569,Superfast
TRN14129,Passenger TRN14129,Passenger
TRN13384,Vande Bharat TRN13384,Vande Bharat
TRN13667,Passenger TRN13667,Passenger
TRN12616,Superfast TRN12616,Superfast
TRN11381,Passenger TRN11381,Passenger
TRN14605,Vande Bharat TRN14605,Vande Bharat
TRN14299,Express TRN14299,Express
TRN10450,Express TRN10450,Express
TRN13798,Express TRN13798,Express
TRN11694,Express TRN11694,Express
TRN13177,Superfast TRN13177,Superfast
TRN14515,Express TRN14515,Express
TRN11828,Rajdhani TRN11828,Rajdhani
TRN10782,Passenger TRN10782,Passenger
TRN13856,Express TRN13856,Express
TRN10173,Express TRN10173,Express
TRN10800,Rajdhani TRN10800,Rajdhani
TRN10375,Passenger TRN10375,Passenger
TRN10049,Superfast TRN10049,Superfast
TRN13005,Superfast TRN13005,Superfast
TRN10727,Vande Bharat TRN10727,Vande Bharat
TRN10711,Express TRN10711,Express
TRN11236,Superfast TRN11236,Superfast
TRN13825,Express TRN13825,Express
TRN14268,Vande Bharat TRN14268,Vande Bharat
TRN13740,Express TRN13740,Express
TRN12319,Express TRN12319,Express
TRN12686,Express TRN12686,Express
TRN12456,Passenger TRN12456,Passenger
TRN13654,Vande Bharat TRN13654,Vande Bharat
TRN12478,Superfast TRN12478,Superfast
TRN10916,Express TRN10916,Express
TRN10629,Superfast TRN10629,Superfast
TRN11417,Superfast TRN11417,Superfast
TRN11988,Express TRN11988,Express
TRN14793,Superfast TRN14793,Superfast
TRN10437,Rajdhani TRN10437,Rajdhani
TRN11482,Passenger TRN11482,Passenger
TRN12243,Express TRN12243,Express
TRN11981,Express TRN11981,Express
TRN14619,Shatabdi TRN14619,Shatabdi
TRN11535,Passenger TRN11535,Passenger
TRN12835,Vande Bharat TRN12835,Vande Bharat
TRN14013,Superfast TRN14013,Superfast
TRN13614,Passenger TRN13614,Passenger
TRN13652,Shatabdi TRN13652,Shatabdi
TRN12644,Superfast TRN12644,Superfast
TRN14509,Express TRN14509,Express
TRN14380,Passenger TRN14380,Passenger
TRN13271,Express TRN13271,Express
TRN11344,Shatabdi TRN11344,Shatabdi
TRN13945,Vande Bharat TRN13945,Vande Bharat
TRN10188,Passenger TRN10188,Passenger
TRN14182,Express TRN14182,Express
TRN13178,Express TRN13178,Express
TRN13371,Vande Bharat TRN13371,Vande Bharat
TRN14600,Rajdhani TRN14600,Rajdhani
TRN10044,Rajdhani TRN10044,Rajdhani
TRN10951,Passenger TRN10951,Passenger
TRN12643,Vande Bharat TRN12643,Vande Bharat
TRN10656,Vande Bharat TRN10656,Vande Bharat
TRN14106,Superfast TRN14106,Superfast
TRN12623,Superfast TRN12623,Superfast
TRN12257,Express TRN12257,Express
TRN11073,Express TRN11073,Express
TRN10768,Express TRN10768,Express
TRN11802,Rajdhani TRN11802,Rajdhani
TRN11690,Vande Bharat TRN11690,Vande Bharat
TRN13990,Superfast TRN13990,Superfast
TRN14930,Rajdhani TRN14930,Rajdhani
TRN14888,Express TRN14888,Express
TRN10336,Rajdhani TRN10336,Rajdhani
TRN10203,Passenger TRN10203,Passenger
TRN14834,Express TRN14834,Express
TRN11422,Vande Bharat TRN11422,Vande Bharat
TRN11096,Vande Bharat TRN11096,Vande Bharat
TRN12284,Express TRN12284,Express
TRN14074,Shatabdi TRN14074,Shatabdi
TRN14627,Superfast TRN14627,Superfast
TRN12554,Shatabdi TRN12554,Shatabdi
TRN11006,Superfast TRN11006,Superfast
TRN14146,Passenger TRN14146,Passenger
TRN14733,Express TRN14733,Express
TRN14145,Superfast TRN14145,Superfast
TRN10044,Express TRN10044,Express
TRN12007,Vande Bharat TRN12007,Vande Bharat
TRN10507,Rajdhani TRN10507,Rajdhani
TRN14950,Vande Bharat TRN14950,Vande Bharat
TRN11416,Superfast TRN11416,Superfast
TRN12369,Superfast TRN12369,Superfast
TRN10912,Passenger TRN10912,Passenger
TRN14659,Superfast TRN14659,Superfast
TRN12968,Superfast TRN12968,Superfast
TRN10340,Express TRN10340,Express
TRN10381,Superfast TRN10381,Superfast
TRN14906,Vande Bharat TRN14906,Vande Bharat
TRN11586,Passenger TRN11586,Passenger
TRN11591,Express TRN11591,Express
TRN14299,Superfast TRN14299,Superfast
TRN10043,Superfast TRN10043,Superfast
TRN10606,Superfast TRN10606,Superfast
TRN13069,Passenger TRN13069,Passenger
TRN14823,Rajdhani TRN14823,Rajdhani
TRN12657,Passenger TRN12657,Passenger
TRN10325,Superfast TRN10325,Superfast
TRN12361,Superfast TRN12361,Superfast
TRN12016,Express TRN12016,Express
TRN10749,Passenger TRN10749,Passenger
TRN13951,Rajdhani TRN13951,Rajdhani
TRN12119,Superfast TRN12119,Superfast
TRN11321,Passenger TRN11321,Passenger
TRN13972,Express TRN13972,Express
TRN10581,Rajdhani TRN10581,Rajdhani
TRN10897,Passenger TRN10897,Passenger
TRN10217,Passenger TRN10217,Passenger
TRN13492,Vande Bharat TRN13492,Vande Bharat
TRN12506,Superfast TRN12506,Superfast
TRN13895,Superfast TRN13895,Superfast
TRN14437,Express TRN14437,Express
TRN10783,Rajdhani TRN10783,Rajdhani
TRN12169,Rajdhani TRN12169,Rajdhani
TRN14785,Superfast TRN14785,Superfast
TRN12547,Passenger TRN12547,Passenger
TRN10268,Express TRN10268,Express
TRN10896,Superfast TRN10896,Superfast
TRN13467,Superfast TRN13467,Superfast
TRN13450,Express TRN13450,Express
TRN10941,Superfast TRN10941,Superfast
TRN13487,Superfast TRN13487,Superfast
TRN13903,Passenger TRN13903,Passenger
TRN12837,Express TRN12837,Express
TRN13817,Superfast TRN13817,Superfast
TRN14234,Express TRN14234,Express
TRN12031,Passenger TRN12031,Passenger
TRN12479,Rajdhani TRN12479,Rajdhani
TRN10691,Passenger TRN10691,Passenger
TRN10310,Superfast TRN10310,Superfast
TRN10488,Passenger TRN10488,Passenger
TRN14424,Shatabdi TRN14424,Shatabdi
TRN10968,Shatabdi TRN10968,Shatabdi
TRN11476,Shatabdi TRN11476,Shatabdi
TRN11393,Express TRN11393,Express
TRN10676,Passenger TRN10676,Passenger
TRN11730,Rajdhani TRN11730,Rajdhani
TRN11995,Superfast TRN11995,Superfast
TRN12683,Superfast TRN12683,Superfast
TRN13313,Superfast TRN13313,Superfast
TRN12428,Shatabdi TRN12428,Shatabdi
TRN12913,Passenger TRN12913,Passenger
TRN11911,Passenger TRN11911,Passenger
TRN11664,Express TRN11664,Express
TRN14808,Passenger TRN14808,Passenger
TRN10866,Passenger TRN10866,Passenger
TRN13380,Superfast TRN13380,Superfast
TRN14060,Express TRN14060,Express
TRN14781,Rajdhani TRN14781,Rajdhani
TRN10456,Express TRN10456,Express
TRN10247,Rajdhani TRN10247,Rajdhani
TRN14414,Express TRN14414,Express
TRN12913,Rajdhani TRN12913,Rajdhani
TRN11496,Superfast TRN11496,Superfast
TRN11974,Passenger TRN11974,Passenger
TRN12426,Passenger TRN12426,Passenger
TRN13882,Superfast TRN13882,Superfast
TRN14114,Express TRN14114,Express
TRN14141,Passenger TRN14141,Passenger
TRN10628,Passenger TRN10628,Passenger
TRN13294,Shatabdi TRN13294,Shatabdi
TRN13784,Express TRN13784,Express
TRN14670,Express TRN14670,Express
TRN13571,Express TRN13571,Express
TRN12557,Express TRN12557,Express
TRN12634,Vande Bharat TRN12634,Vande Bharat
TRN13465,Shatabdi TRN13465,Shatabdi
TRN12366,Passenger TRN12366,Passenger
TRN13976,Superfast TRN13976,Superfast
TRN12598,Express TRN12598,Express
TRN10288,Rajdhani TRN10288,Rajdhani
TRN12729,Express TRN12729,Express
TRN10647,Passenger TRN10647,Passenger
TRN10215,Passenger TRN10215,Passenger
TRN13279,Passenger TRN13279,Passenger
TRN14546,Superfast TRN14546,Superfast
TRN14651,Vande Bharat TRN14651,Vande Bharat
TRN13468,Express TRN13468,Express
TRN14206,Passenger TRN14206,Passenger
TRN10385,Superfast TRN10385,Superfast
TRN14461,Superfast TRN14461,Superfast
TRN11309,Superfast TRN11309,Superfast
TRN12705,Rajdhani TRN12705,Rajdhani
TRN11507,Shatabdi TRN11507,Shatabdi
TRN13879,Superfast TRN13879,Superfast
TRN12163,Express TRN12163,Express
TRN10245,Express TRN10245,Express
TRN11669,Passenger TRN11669,Passenger
TRN11343,Passenger TRN11343,Passenger
TRN10666,Express TRN10666,Express
TRN13004,Rajdhani TRN13004,Rajdhani
TRN12054,Vande Bharat TRN12054,Vande Bharat
TRN10920,Passenger TRN10920,Passenger
TRN13476,Passenger TRN13476,Passenger
TRN11387,Passenger TRN11387,Passenger
TRN11944,Superfast TRN11944,Superfast
TRN11731,Superfast TRN11731,Superfast
TRN11485,Express TRN11485,Express
TRN12232,Rajdhani TRN12232,Rajdhani
TRN12305,Superfast TRN12305,Superfast
TRN12312,Passenger TRN12312,Passenger
TRN13587,Superfast TRN13587,Superfast
TRN13850,Express TRN13850,Express
TRN11405,Express TRN11405,Express
TRN12398,Express TRN12398,Express
TRN12580,Passenger TRN12580,Passenger
TRN13395,Express TRN13395,Express
TRN13407,Superfast TRN13407,Superfast
TRN12262,Superfast TRN12262,Superfast
TRN12107,Passenger TRN12107,Passenger
TRN14056,Passenger TRN14056,Passenger
TRN11460,Passenger TRN11460,Passenger
TRN11219,Superfast TRN11219,Superfast
TRN10503,Passenger TRN10503,Passenger
TRN12608,Passenger TRN12608,Passenger
TRN12473,Superfast TRN12473,Superfast
TRN12613,Passenger TRN12613,Passenger
TRN11275,Passenger TRN11275,Passenger
TRN12898,Passenger TRN12898,Passenger
TRN12067,Express TRN12067,Express
TRN14301,Superfast TRN14301,Superfast
TRN10021,Passenger TRN10021,Passenger
TRN14965,Express TRN14965,Express
TRN10868,Passenger TRN10868,Passenger
TRN10243,Rajdhani TRN10243,Rajdhani
TRN13484,Vande Bharat TRN13484,Vande Bharat
TRN13125,Passenger TRN13125,Passenger
TRN12209,Express TRN12209,Express
TRN11991,Vande Bharat TRN11991,Vande Bharat
TRN12565,Shatabdi TRN12565,Shatabdi
TRN10872,Express TRN10872,Express
TRN10537,Express TRN10537,Express
TRN14403,Superfast TRN14403,Superfast
TRN11883,Express TRN11883,Express
TRN10092,Passenger TRN10092,Passenger
TRN10195,Express TRN10195,Express
TRN11814,Express TRN11814,Express
TRN11140,Express TRN11140,Express
TRN14217,Shatabdi TRN14217,Shatabdi
TRN13663,Passenger TRN13663,Passenger
TRN11641,Express TRN11641,Express
TRN10365,Vande Bharat TRN10365,Vande Bharat
TRN12573,Vande Bharat TRN12573,Vande Bharat
TRN13369,Superfast TRN13369,Superfast
TRN10201,Express TRN10201,Express
TRN11455,Superfast TRN11455,Superfast
TRN13746,Express TRN13746,Express
TRN10650,Express TRN10650,Express
TRN13642,Superfast TRN13642,Superfast
TRN10363,Express TRN10363,Express
TRN14867,Superfast TRN14867,Superfast
TRN11589,Rajdhani TRN11589,Rajdhani
TRN10749,Superfast TRN10749,Superfast
TRN10983,Express TRN10983,Express
TRN10788,Passenger TRN10788,Passenger
TRN10693,Express TRN10693,Express
TRN12389,Vande Bharat TRN12389,Vande Bharat
TRN13500,Express TRN13500,Express
TRN11138,Passenger TRN11138,Passenger
TRN14833,Superfast TRN14833,Superfast
TRN10945,Shatabdi TRN10945,Shatabdi
TRN11400,Express TRN11400,Express
TRN13953,Express TRN13953,Express
TRN11850,Express TRN11850,Express
TRN14744,Express TRN14744,Express
TRN12892,Express TRN12892,Express
TRN12754,Rajdhani TRN12754,Rajdhani
TRN11536,Express TRN11536,Express
TRN14545,Passenger TRN14545,Passenger
TRN10230,Passenger TRN10230,Passenger
TRN12308,Superfast TRN12308,Superfast
TRN14672,Passenger TRN14672,Passenger
TRN10711,Superfast TRN10711,Superfast
TRN12063,Express TRN12063,Express
TRN11022,Superfast TRN11022,Superfast
TRN12302,Superfast TRN12302,Superfast
TRN11279,Rajdhani TRN11279,Rajdhani
TRN12688,Express TRN12688,Express
TRN10471,Passenger TRN10471,Passenger
TRN14929,Express TRN14929,Express
TRN13707,Superfast TRN13707,Superfast
TRN11441,Rajdhani TRN11441,Rajdhani
TRN12497,Superfast TRN12497,Superfast
TRN12422,Passenger TRN12422,Passenger
TRN10674,Express TRN10674,Express
TRN13869,Passenger TRN13869,Passenger
TRN14359,Superfast TRN14359,Superfast
TRN14488,Express TRN14488,Express
TRN14218,Express TRN14218,Express
TRN12513,Rajdhani TRN12513,Rajdhani
TRN11010,Express TRN11010,Express
TRN12153,Passenger TRN12153,Passenger
TRN14118,Superfast TRN14118,Superfast
TRN13861,Passenger TRN13861,Passenger
TRN14284,Express TRN14284,Express
TRN14196,Express TRN14196,Express
TRN12050,Superfast TRN12050,Superfast
TRN13910,Superfast TRN13910,Superfast
TRN12535,Superfast TRN12535,Superfast
TRN14441,Passenger TRN14441,Passenger
TRN11154,Superfast TRN11154,Superfast
TRN13737,Superfast TRN13737,Superfast
TRN12139,Shatabdi TRN12139,Shatabdi
TRN10729,Passenger TRN10729,Passenger
TRN12975,Express TRN12975,Express
TRN11713,Shatabdi TRN11713,Shatabdi
TRN14626,Rajdhani TRN14626,Rajdhani
TRN11306,Passenger TRN11306,Passenger
TRN12359,Passenger TRN12359,Passenger
TRN14249,Passenger TRN14249,Passenger
TRN13625,Express TRN13625,Express
TRN13560,Superfast TRN13560,Superfast
TRN13123,Express TRN13123,Express
TRN14963,Superfast TRN14963,Superfast
TRN14159,Superfast TRN14159,Superfast
TRN10033,Passenger TRN10033,Passenger
TRN14729,Passenger TRN14729,Passenger
TRN11710,Vande Bharat TRN11710,Vande Bharat
TRN13047,Passenger TRN13047,Passenger
TRN11231,Express TRN11231,Express
TRN11938,Express TRN11938,Express
TRN13110,Superfast TRN13110,Superfast
TRN14274,Superfast TRN14274,Superfast
TRN11191,Vande Bharat TRN11191,Vande Bharat
TRN13735,Rajdhani TRN13735,Rajdhani
TRN10120,Vande Bharat TRN10120,Vande Bharat
TRN12609,Express TRN12609,Express
TRN11532,Superfast TRN11532,Superfast
TRN12539,Superfast TRN12539,Superfast
TRN14280,Rajdhani TRN14280,Rajdhani
TRN13678,Passenger TRN13678,Passenger
TRN11381,Vande Bharat TRN11381,Vande Bharat
TRN10232,Passenger TRN10232,Passenger
TRN10192,Express TRN10192,Express
TRN13420,Rajdhani TRN13420,Rajdhani
TRN11930,Passenger TRN11930,Passenger
TRN12060,Superfast TRN12060,Superfast
TRN14386,Passenger TRN14386,Passenger
TRN10418,Rajdhani TRN10418,Rajdhani
TRN14601,Superfast TRN14601,Superfast
TRN13851,Express TRN13851,Express
TRN14764,Rajdhani TRN14764,Rajdhani
TRN14585,Express TRN14585,Express
TRN14330,Express TRN14330,Express
TRN14912,Express TRN14912,Express
TRN10064,Superfast TRN10064,Superfast
TRN10359,Superfast TRN10359,Superfast
TRN14994,Passenger TRN14994,Passenger
TRN14451,Passenger TRN14451,Passenger
TRN14608,Vande Bharat TRN14608,Vande Bharat
TRN13035,Superfast TRN13035,Superfast
TRN13106,Express TRN13106,Express
TRN12043,Superfast TRN12043,Superfast
TRN11583,Passenger TRN11583,Passenger
TRN12175,Superfast TRN12175,Superfast
TRN12260,Express TRN12260,Express
TRN13715,Express TRN13715,Express
TRN14983,Rajdhani TRN14983,Rajdhani
TRN13101,Passenger TRN13101,Passenger
TRN13584,Shatabdi TRN13584,Shatabdi
TRN14283,Superfast TRN14283,Superfast
TRN13227,Passenger TRN13227,Passenger
TRN10935,Express TRN10935,Express
TRN10295,Express TRN10295,Express
TRN13721,Express TRN13721,Express
TRN13038,Passenger TRN13038,Passenger
TRN12627,Shatabdi TRN12627,Shatabdi
TRN12324,Superfast TRN12324,Superfast
TRN11926,Passenger TRN11926,Passenger
TRN14070,Rajdhani TRN14070,Rajdhani
TRN10305,Express TRN10305,Express
TRN13175,Passenger TRN13175,Passenger
TRN13094,Superfast TRN13094,Superfast
TRN11626,Passenger TRN11626,Passenger
TRN14425,Passenger TRN14425,Passenger
TRN12323,Passenger TRN12323,Passenger
TRN14383,Passenger TRN14383,Passenger
TRN10470,Passenger TRN10470,Passenger
TRN12572,Express TRN12572,Express
TRN10696,Shatabdi TRN10696,Shatabdi
TRN14440,Rajdhani TRN14440,Rajdhani
TRN13886,Express TRN13886,Express
TRN13848,Superfast TRN13848,Superfast
TRN12944,Passenger TRN12944,Passenger
TRN12320,Express TRN12320,Express
TRN11043,Shatabdi TRN11043,Shatabdi
TRN14548,Express TRN14548,Express
TRN14400,Express TRN14400,Express
TRN12659,Superfast TRN12659,Superfast
TRN13441,Express TRN13441,Express
TRN10603,Express TRN10603,Express
TRN11932,Passenger TRN11932,Passenger
TRN12653,Express TRN12653,Express
TRN12997,Express TRN12997,Express
TRN14824,Vande Bharat TRN14824,Vande Bharat
TRN12665,Express TRN12665,Express
TRN13661,Passenger TRN13661,Passenger
TRN12751,Superfast TRN12751,Superfast
TRN13628,Passenger TRN13628,Passenger
TRN12409,Superfast TRN12409,Superfast
TRN13260,Shatabdi TRN13260,Shatabdi
TRN13737,Passenger TRN13737,Passenger
TRN10156,Rajdhani TRN10156,Rajdhani
TRN12289,Express TRN12289,Express
TRN12472,Express TRN12472,Express
TRN12485,Superfast TRN12485,Superfast
TRN11991,Passenger TRN11991,Passenger
TRN12202,Vande Bharat TRN12202,Vande Bharat
TRN13814,Passenger TRN13814,Passenger
TRN10586,Shatabdi TRN10586,Shatabdi
TRN11201,Superfast TRN11201,Superfast
TRN14796,Express TRN14796,Express
TRN14401,Passenger TRN14401,Passenger
TRN10864,Vande Bharat TRN10864,Vande Bharat
TRN11908,Passenger TRN11908,Passenger
TRN13087,Passenger TRN13087,Passenger
TRN12525,Express TRN12525,Express
TRN10480,Rajdhani TRN10480,Rajdhani
TRN12047,Express TRN12047,Express
TRN12141,Express TRN12141,Express
TRN14919,Vande Bharat TRN14919,Vande Bharat
TRN13908,Superfast TRN13908,Superfast
TRN11603,Vande Bharat TRN11603,Vande Bharat
TRN12369,Express TRN12369,Express
TRN13872,Shatabdi TRN13872,Shatabdi
TRN13225,Express TRN13225,Express
TRN13912,Express TRN13912,Express
TRN10348,Superfast TRN10348,Superfast
TRN14822,Superfast TRN14822,Superfast
TRN13271,Superfast TRN13271,Superfast
TRN11823,Express TRN11823,Express
TRN13479,Rajdhani TRN13479,Rajdhani
TRN10795,Superfast TRN10795,Superfast
TRN11239,Express TRN11239,Express
TRN11953,Express TRN11953,Express
TRN13439,Rajdhani TRN13439,Rajdhani
TRN13924,Passenger TRN13924,Passenger
TRN10208,Passenger TRN10208,Passenger
TRN10651,Express TRN10651,Express
TRN12497,Express TRN12497,Express
TRN12402,Superfast TRN12402,Superfast
TRN12002,Passenger TRN12002,Passenger
TRN11432,Vande Bharat TRN11432,Vande Bharat
TRN13805,Shatabdi TRN13805,Shatabdi
TRN14816,Passenger TRN14816,Passenger
TRN12838,Superfast TRN12838,Superfast
TRN13676,Vande Bharat TRN13676,Vande Bharat
TRN12413,Express TRN12413,Express
TRN10037,Express TRN10037,Express
TRN13000,Superfast TRN13000,Superfast
TRN12631,Superfast TRN12631,Superfast
TRN11368,Express TRN11368,Express
TRN11671,Superfast TRN11671,Superfast
TRN14166,Express TRN14166,Express
TRN13509,Superfast TRN13509,Superfast
TRN14432,Rajdhani TRN14432,Rajdhani
TRN12945,Express TRN12945,Express
TRN12784,Superfast TRN12784,Superfast
TRN13622,Express TRN13622,Express
TRN14238,Superfast TRN14238,Superfast
TRN12494,Passenger TRN12494,Passenger
TRN14104,Superfast TRN14104,Superfast
TRN10350,Superfast TRN10350,Superfast
TRN12965,Passenger TRN12965,Passenger
TRN12076,Express TRN12076,Express
TRN12506,Rajdhani TRN12506,Rajdhani
TRN11044,Superfast TRN11044,Superfast
TRN13671,Express TRN13671,Express
TRN13808,Passenger TRN13808,Passenger
TRN11335,Express TRN11335,Express
TRN13421,Superfast TRN13421,Superfast
TRN13621,Passenger TRN13621,Passenger
TRN13166,Superfast TRN13166,Superfast
TRN13355,Superfast TRN13355,Superfast
TRN14121,Shatabdi TRN14121,Shatabdi
TRN14857,Rajdhani TRN14857,Rajdhani
TRN12713,Rajdhani TRN12713,Rajdhani
TRN12467,Passenger TRN12467,Passenger
TRN10903,Vande Bharat TRN10903,Vande Bharat
TRN14460,Passenger TRN14460,Passenger
TRN12771,Passenger TRN12771,Passenger
TRN13427,Express TRN13427,Express
TRN12137,Superfast TRN12137,Superfast
TRN10535,Passenger TRN10535,Passenger
TRN10426,Passenger TRN10426,Passenger
TRN11828,Express TRN11828,Express
TRN12673,Rajdhani TRN12673,Rajdhani
TRN14493,Superfast TRN14493,Superfast
TRN14518,Passenger TRN14518,Passenger
TRN10523,Superfast TRN10523,Superfast
TRN13078,Superfast TRN13078,Superfast
TRN13771,Superfast TRN13771,Superfast
TRN13001,Superfast TRN13001,Superfast
TRN10280,Superfast TRN10280,Superfast
TRN12063,Superfast TRN12063,Superfast
TRN14487,Superfast TRN14487,Superfast
TRN14380,Superfast TRN14380,Superfast
TRN10408,Superfast TRN10408,Superfast
TRN14315,Superfast TRN14315,Superfast
TRN10489,Passenger TRN10489,Passenger
TRN11369,Shatabdi TRN11369,Shatabdi
TRN11541,Express TRN11541,Express
TRN10761,Superfast TRN10761,Superfast
TRN14786,Passenger TRN14786,Passenger
TRN12906,Express TRN12906,Express
TRN14689,Vande Bharat TRN14689,Vande Bharat
TRN11739,Vande Bharat TRN11739,Vande Bharat
TRN10920,Express TRN10920,Express
TRN11004,Shatabdi TRN11004,Shatabdi
TRN11507,Passenger TRN11507,Passenger
TRN10140,Superfast TRN10140,Superfast
TRN11834,Superfast TRN11834,Superfast
TRN14906,Passenger TRN14906,Passenger
TRN12661,Rajdhani TRN12661,Rajdhani
TRN13220,Express TRN13220,Express
TRN11242,Passenger TRN11242,Passenger
TRN11921,Express TRN11921,Express
TRN13013,Rajdhani TRN13013,Rajdhani
TRN14416,Passenger TRN14416,Passenger
TRN14945,Passenger TRN14945,Passenger
TRN10482,Rajdhani TRN10482,Rajdhani
TRN11523,Passenger TRN11523,Passenger
TRN13814,Express TRN13814,Express
TRN12916,Express TRN12916,Express
TRN11453,Express TRN11453,Express
TRN12867,Superfast TRN12867,Superfast
TRN13652,Superfast TRN13652,Superfast
TRN10297,Passenger TRN10297,Passenger
TRN10463,Superfast TRN10463,Superfast
TRN11127,Passenger TRN11127,Passenger
TRN12176,Express TRN12176,Express
TRN11408,Passenger TRN11408,Passenger
TRN11121,Shatabdi TRN11121,Shatabdi
TRN10882,Superfast TRN10882,Superfast
TRN10315,Shatabdi TRN10315,Shatabdi
TRN13805,Rajdhani TRN13805,Rajdhani
TRN14058,Shatabdi TRN14058,Shatabdi
TRN13905,Passenger TRN13905,Passenger
TRN14671,Superfast TRN14671,Superfast
TRN13032,Passenger TRN13032,Passenger
TRN12896,Passenger TRN12896,Passenger
TRN12202,Express TRN12202,Express
TRN14901,Express TRN14901,Express
TRN11142,Express TRN11142,Express
TRN10377,Vande Bharat TRN10377,Vande Bharat
TRN11439,Passenger TRN11439,Passenger
TRN10127,Superfast TRN10127,Superfast
TRN14127,Rajdhani TRN14127,Rajdhani
TRN13639,Rajdhani TRN13639,Rajdhani
TRN12878,Express TRN12878,Express
TRN13765,Rajdhani TRN13765,Rajdhani
TRN14196,Superfast TRN14196,Superfast
TRN13428,Rajdhani TRN13428,Rajdhani
TRN10631,Passenger TRN10631,Passenger
TRN13045,Express TRN13045,Express
TRN11282,Shatabdi TRN11282,Shatabdi
TRN13328,Express TRN13328,Express
TRN13109,Express TRN13109,Express
TRN13353,Express TRN13353,Express
TRN11024,Vande Bharat TRN11024,Vande Bharat
TRN11744,Rajdhani TRN11744,Rajdhani
TRN10163,Rajdhani TRN10163,Rajdhani
TRN10720,Express TRN10720,Express
TRN12821,Superfast TRN12821,Superfast
TRN12970,Passenger TRN12970,Passenger
TRN14821,Passenger TRN14821,Passenger
TRN14185,Express TRN14185,Express
TRN13678,Express TRN13678,Express
TRN13606,Passenger TRN13606,Passenger
TRN10235,Express TRN10235,Express
TRN10623,Superfast TRN10623,Superfast
TRN12222,Passenger TRN12222,Passenger
TRN14297,Passenger TRN14297,Passenger
TRN14489,Shatabdi TRN14489,Shatabdi
TRN12277,Rajdhani TRN12277,Rajdhani
TRN11924,Passenger TRN11924,Passenger
TRN13820,Vande Bharat TRN13820,Vande Bharat
TRN12395,Passenger TRN12395,Passenger
TRN11906,Passenger TRN11906,Passenger
TRN13505,Express TRN13505,Express
TRN12810,Passenger TRN12810,Passenger
TRN11757,Superfast TRN11757,Superfast
TRN11527,Superfast TRN11527,Superfast
TRN13161,Passenger TRN13161,Passenger
TRN11231,Rajdhani TRN11231,Rajdhani
TRN10827,Passenger TRN10827,Passenger
TRN14802,Shatabdi TRN14802,Shatabdi
TRN13884,Vande Bharat TRN13884,Vande Bharat
TRN13020,Vande Bharat TRN13020,Vande Bharat
TRN10547,Express TRN10547,Express
TRN13510,Passenger TRN13510,Passenger
TRN12236,Vande Bharat TRN12236,Vande Bharat
TRN12668,Passenger TRN12668,Passenger
TRN12534,Express TRN12534,Express
TRN12736,Passenger TRN12736,Passenger
TRN12687,Express TRN12687,Express
TRN14514,Passenger TRN14514,Passenger
TRN13354,Superfast TRN13354,Superfast
TRN13111,Shatabdi TRN13111,Shatabdi
TRN12135,Superfast TRN12135,Superfast
TRN11237,Shatabdi TRN11237,Shatabdi
TRN10854,Superfast TRN10854,Superfast
TRN11629,Superfast TRN11629,Superfast
TRN11793,Express TRN11793,Express
TRN14391,Passenger TRN14391,Passenger
TRN10368,Express TRN10368,Express
TRN13552,Superfast TRN13552,Superfast
TRN14116,Passenger TRN14116,Passenger
TRN12456,Rajdhani TRN12456,Rajdhani
TRN14325,Rajdhani TRN14325,Rajdhani
TRN14019,Passenger TRN14019,Passenger
TRN14557,Express TRN14557,Express
TRN13954,Rajdhani TRN13954,Rajdhani
TRN12116,Superfast TRN12116,Superfast
TRN13906,Passenger TRN13906,Passenger
TRN11343,Superfast TRN11343,Superfast
TRN14570,Express TRN14570,Express
TRN10785,Superfast TRN10785,Superfast
TRN12270,Shatabdi TRN12270,Shatabdi
TRN12022,Superfast TRN12022,Superfast
TRN12823,Shatabdi TRN12823,Shatabdi
TRN12314,Superfast TRN12314,Superfast
TRN14217,Passenger TRN14217,Passenger
TRN10056,Express TRN10056,Express
TRN10642,Express TRN10642,Express
TRN11331,Superfast TRN11331,Superfast
TRN13877,Superfast TRN13877,Superfast
TRN11791,Superfast TRN11791,Superfast
TRN13844,Express TRN13844,Express
TRN10047,Passenger TRN10047,Passenger
TRN11480,Express TRN11480,Express
TRN11768,Vande Bharat TRN11768,Vande Bharat
TRN11735,Superfast TRN11735,Superfast
TRN11017,Rajdhani TRN11017,Rajdhani
TRN10213,Express TRN10213,Express
TRN11125,Superfast TRN11125,Superfast
TRN12706,Vande Bharat TRN12706,Vande Bharat
TRN10433,Passenger TRN10433,Passenger
TRN13977,Express TRN13977,Express
TRN12347,Superfast TRN12347,Superfast
TRN10592,Superfast TRN10592,Superfast
TRN11353,Superfast TRN11353,Superfast
TRN10595,Passenger TRN10595,Passenger
TRN12976,Express TRN12976,Express
TRN10371,Express TRN10371,Express
TRN11043,Superfast TRN11043,Superfast
TRN12036,Passenger TRN12036,Passenger
TRN10074,Express TRN10074,Express
TRN13337,Shatabdi TRN13337,Shatabdi
TRN13329,Passenger TRN13329,Passenger
TRN13249,Vande Bharat TRN13249,Vande Bharat
TRN11049,Express TRN11049,Express
TRN12316,Vande Bharat TRN12316,Vande Bharat
TRN10625,Passenger TRN10625,Passenger
TRN13484,Rajdhani TRN13484,Rajdhani
TRN10089,Express TRN10089,Express
TRN13081,Rajdhani TRN13081,Rajdhani
TRN12565,Rajdhani TRN12565,Rajdhani
TRN10712,Express TRN10712,Express
TRN12684,Express TRN12684,Express
TRN14790,Superfast TRN14790,Superfast
TRN13516,Express TRN13516,Express
TRN11597,Express TRN11597,Express
TRN10305,Superfast TRN10305,Superfast
TRN14436,Rajdhani TRN14436,Rajdhani
TRN13448,Passenger TRN13448,Passenger
TRN11691,Express TRN11691,Express
TRN12145,Express TRN12145,Express
TRN10334,Passenger TRN10334,Passenger
TRN13617,Passenger TRN13617,Passenger
TRN10371,Vande Bharat TRN10371,Vande Bharat
TRN10845,Passenger TRN10845,Passenger
TRN10871,Superfast TRN10871,Superfast
TRN10486,Superfast TRN10486,Superfast
TRN10249,Express TRN10249,Express
TRN12294,Passenger TRN12294,Passenger
TRN13008,Rajdhani TRN13008,Rajdhani
TRN11201,Express TRN11201,Express
TRN11746,Express TRN11746,Express
TRN12508,Superfast TRN12508,Superfast
TRN13311,Superfast TRN13311,Superfast
TRN11083,Superfast TRN11083,Superfast
TRN10324,Superfast TRN10324,Superfast
TRN10372,Vande Bharat TRN10372,Vande Bharat
TRN11807,Vande Bharat TRN11807,Vande Bharat
TRN10147,Express TRN10147,Express
TRN12293,Passenger TRN12293,Passenger
TRN11023,Superfast TRN11023,Superfast
TRN12825,Passenger TRN12825,Passenger
TRN11985,Express TRN11985,Express
TRN10406,Express TRN10406,Express
TRN14942,Shatabdi TRN14942,Shatabdi
TRN10359,Passenger TRN10359,Passenger
TRN13728,Express TRN13728,Express
TRN13790,Vande Bharat TRN13790,Vande Bharat
TRN13057,Express TRN13057,Express
TRN14525,Passenger TRN14525,Passenger
TRN13775,Passenger TRN13775,Passenger
TRN13670,Express TRN13670,Express
TRN12730,Express TRN12730,Express
TRN13600,Superfast TRN13600,Superfast
TRN11643,Express TRN11643,Express
TRN13398,Passenger TRN13398,Passenger
TRN12218,Vande Bharat TRN12218,Vande Bharat
TRN14467,Passenger TRN14467,Passenger
TRN11905,Express TRN11905,Express
TRN11156,Vande Bharat TRN11156,Vande Bharat
TRN14414,Passenger TRN14414,Passenger
TRN10454,Passenger TRN10454,Passenger
TRN13058,Superfast TRN13058,Superfast
TRN13246,Express TRN13246,Express
TRN11236,Express TRN11236,Express
TRN11685,Express TRN11685,Express
TRN11274,Shatabdi TRN11274,Shatabdi
TRN11437,Express TRN11437,Express
TRN11385,Vande Bharat TRN11385,Vande Bharat
TRN12590,Superfast TRN12590,Superfast
TRN12583,Superfast TRN12583,Superfast
TRN14721,Express TRN14721,Express
TRN14855,Superfast TRN14855,Superfast
TRN13373,Superfast TRN13373,Superfast
TRN14511,Vande Bharat TRN14511,Vande Bharat
TRN12923,Superfast TRN12923,Superfast
TRN10173,Superfast TRN10173,Superfast
TRN13835,Vande Bharat TRN13835,Vande Bharat
TRN13759,Shatabdi TRN13759,Shatabdi
TRN11757,Express TRN11757,Express
TRN10647,Express TRN10647,Express
TRN14805,Shatabdi TRN14805,Shatabdi
TRN14882,Express TRN14882,Express
TRN12904,Passenger TRN12904,Passenger
TRN10164,Superfast TRN10164,Superfast
TRN13142,Superfast TRN13142,Superfast
TRN10107,Vande Bharat TRN10107,Vande Bharat
TRN14614,Vande Bharat TRN14614,Vande Bharat
TRN14255,Shatabdi TRN14255,Shatabdi
TRN12210,Express TRN12210,Express
TRN10088,Vande Bharat TRN10088,Vande Bharat
TRN12396,Express TRN12396,Express
TRN13745,Passenger TRN13745,Passenger
TRN12897,Passenger TRN12897,Passenger
TRN14800,Superfast TRN14800,Superfast
TRN12330,Superfast TRN12330,Superfast
TRN12761,Superfast TRN12761,Superfast
TRN12341,Passenger TRN12341,Passenger
TRN11326,Express TRN11326,Express
TRN12961,Superfast TRN12961,Superfast
TRN14049,Passenger TRN14049,Passenger
TRN10797,Express TRN10797,Express
TRN12843,Vande Bharat TRN12843,Vande Bharat
TRN11602,Superfast TRN11602,Superfast
TRN14150,Passenger TRN14150,Passenger
TRN11668,Rajdhani TRN11668,Rajdhani
TRN14090,Passenger TRN14090,Passenger
TRN10669,Passenger TRN10669,Passenger
TRN13021,Passenger TRN13021,Passenger
TRN12708,Express TRN12708,Express
TRN10981,Express TRN10981,Express
TRN14846,Passenger TRN14846,Passenger
TRN11321,Express TRN11321,Express
TRN13902,Superfast TRN13902,Superfast
TRN10338,Superfast TRN10338,Superfast
TRN12430,Passenger TRN12430,Passenger
TRN10073,Passenger TRN10073,Passenger
TRN10295,Passenger TRN10295,Passenger
TRN11793,Superfast TRN11793,Superfast
TRN14718,Superfast TRN14718,Superfast
TRN13772,Superfast TRN13772,Superfast
TRN13505,Rajdhani TRN13505,Rajdhani
TRN14728,Shatabdi TRN14728,Shatabdi
TRN13451,Superfast TRN13451,Superfast
TRN11732,Express TRN11732,Express
TRN14770,Express TRN14770,Express
TRN13669,Express TRN13669,Express
TRN10749,Express TRN10749,Express
TRN12797,Express TRN12797,Express
TRN10729,Superfast TRN10729,Superfast
TRN11539,Rajdhani TRN11539,Rajdhani
TRN11015,Express TRN11015,Express
TRN13887,Passenger TRN13887,Passenger
TRN13568,Superfast TRN13568,Superfast
TRN14619,Passenger TRN14619,Passenger
TRN13067,Superfast TRN13067,Superfast
TRN14686,Shatabdi TRN14686,Shatabdi
TRN12204,Passenger TRN12204,Passenger
TRN12181,Superfast TRN12181,Superfast
TRN12504,Passenger TRN12504,Passenger
TRN10126,Express TRN10126,Express
TRN13906,Superfast TRN13906,Superfast
TRN11996,Passenger TRN11996,Passenger
TRN14278,Express TRN14278,Express
TRN10607,Superfast TRN10607,Superfast
TRN11158,Shatabdi TRN11158,Shatabdi
TRN10184,Shatabdi TRN10184,Shatabdi
TRN12626,Rajdhani TRN12626,Rajdhani
TRN12836,Passenger TRN12836,Passenger
TRN12008,Superfast TRN12008,Superfast
TRN13534,Passenger TRN13534,Passenger
TRN14314,Rajdhani TRN14314,Rajdhani
TRN13550,Shatabdi TRN13550,Shatabdi
TRN13039,Rajdhani TRN13039,Rajdhani
TRN13383,Passenger TRN13383,Passenger
TRN11668,Superfast TRN11668,Superfast
TRN11867,Passenger TRN11867,Passenger
TRN13749,Rajdhani TRN13749,Rajdhani
TRN14170,Express TRN14170,Express
TRN12278,Express TRN12278,Express
TRN10464,Passenger TRN10464,Passenger
TRN13910,Passenger TRN13910,Passenger
TRN14077,Superfast TRN14077,Superfast
TRN14186,Superfast TRN14186,Superfast
TRN12095,Superfast TRN12095,Superfast
TRN13706,Express TRN13706,Express
TRN14339,Rajdhani TRN14339,Rajdhani
TRN11984,Superfast TRN11984,Superfast
TRN12950,Express TRN12950,Express
TRN13145,Shatabdi TRN13145,Shatabdi
TRN12117,Passenger TRN12117,Passenger
TRN12336,Express TRN12336,Express
TRN10342,Rajdhani TRN10342,Rajdhani
TRN10547,Rajdhani TRN10547,Rajdhani
TRN13531,Passenger TRN13531,Passenger
TRN10067,Rajdhani TRN10067,Rajdhani
TRN13096,Passenger TRN13096,Passenger
TRN11334,Passenger TRN11334,Passenger
TRN13592,Express TRN13592,Express
TRN11043,Passenger TRN11043,Passenger
TRN12213,Shatabdi TRN12213,Shatabdi
TRN11553,Passenger TRN11553,Passenger
TRN12999,Superfast TRN12999,Superfast
TRN12093,Superfast TRN12093,Superfast
TRN10589,Express TRN10589,Express
TRN12938,Express TRN12938,Express
TRN12911,Express TRN12911,Express
TRN13598,Express TRN13598,Express
TRN11347,Vande Bharat TRN11347,Vande Bharat
TRN10982,Rajdhani TRN10982,Rajdhani
TRN13399,Superfast TRN13399,Superfast
TRN12247,Shatabdi TRN12247,Shatabdi
TRN11715,Passenger TRN11715,Passenger
TRN10232,Vande Bharat TRN10232,Vande Bharat
TRN14976,Shatabdi TRN14976,Shatabdi
TRN12374,Express TRN12374,Express
TRN13608,Express TRN13608,Express
TRN10018,Superfast TRN10018,Superfast
TRN10250,Vande Bharat TRN10250,Vande Bharat
TRN12818,Passenger TRN12818,Passenger
TRN10845,Express TRN10845,Express
TRN12081,Express TRN12081,Express
TRN13582,Superfast TRN13582,Superfast
TRN11293,Vande Bharat TRN11293,Vande Bharat
TRN14260,Vande Bharat TRN14260,Vande Bharat
TRN13713,Superfast TRN13713,Superfast
TRN13421,Passenger TRN13421,Passenger
TRN11161,Superfast TRN11161,Superfast
TRN12292,Passenger TRN12292,Passenger
TRN12815,Passenger TRN12815,Passenger
TRN11895,Passenger TRN11895,Passenger
TRN14826,Superfast TRN14826,Superfast
TRN14853,Express TRN14853,Express
TRN14574,Superfast TRN14574,Superfast
TRN11835,Express TRN11835,Express
TRN13396,Express TRN13396,Express
TRN12141,Rajdhani TRN12141,Rajdhani
TRN12361,Rajdhani TRN12361,Rajdhani
TRN12952,Express TRN12952,Express
TRN10168,Express TRN10168,Express
TRN14635,Passenger TRN14635,Passenger
TRN12341,Rajdhani TRN12341,Rajdhani
TRN14300,Express TRN14300,Express
TRN10041,Passenger TRN10041,Passenger
TRN13490,Superfast TRN13490,Superfast
TRN10922,Superfast TRN10922,Superfast
TRN14756,Express TRN14756,Express
TRN14392,Superfast TRN14392,Superfast
TRN13898,Express TRN13898,Express
TRN14311,Express TRN14311,Express
TRN10585,Superfast TRN10585,Superfast
TRN10981,Superfast TRN10981,Superfast
TRN13801,Express TRN13801,Express
TRN14518,Express TRN14518,Express
TRN11885,Passenger TRN11885,Passenger
TRN13873,Passenger TRN13873,Passenger
TRN13543,Superfast TRN13543,Superfast
TRN12699,Passenger TRN12699,Passenger
TRN11783,Passenger TRN11783,Passenger
TRN14428,Rajdhani TRN14428,Rajdhani
TRN12813,Express TRN12813,Express
TRN12953,Superfast TRN12953,Superfast
TRN13921,Shatabdi TRN13921,Shatabdi
TRN11505,Rajdhani TRN11505,Rajdhani
TRN10078,Passenger TRN10078,Passenger
TRN12374,Passenger TRN12374,Passenger
TRN13615,Express TRN13615,Express
TRN11884,Rajdhani TRN11884,Rajdhani
TRN12524,Superfast TRN12524,Superfast
TRN12127,Superfast TRN12127,Superfast
TRN11289,Shatabdi TRN11289,Shatabdi
TRN11376,Rajdhani TRN11376,Rajdhani
TRN12845,Express TRN12845,Express
TRN13529,Superfast TRN13529,Superfast
TRN10980,Rajdhani TRN10980,Rajdhani
TRN11144,Superfast TRN11144,Superfast
TRN12588,Superfast TRN12588,Superfast
TRN14917,Express TRN14917,Express
TRN13153,Passenger TRN13153,Passenger
TRN13670,Passenger TRN13670,Passenger
TRN14962,Rajdhani TRN14962,Rajdhani
TRN11830,Superfast TRN11830,Superfast
TRN14636,Superfast TRN14636,Superfast
TRN14367,Express TRN14367,Express
TRN10999,Superfast TRN10999,Superfast
TRN10748,Shatabdi TRN10748,Shatabdi
TRN11120,Vande Bharat TRN11120,Vande Bharat
TRN12841,Vande Bharat TRN12841,Vande Bharat
TRN13735,Passenger TRN13735,Passenger
TRN11149,Superfast TRN11149,Superfast
TRN12702,Vande Bharat TRN12702,Vande Bharat
TRN14009,Express TRN14009,Express
TRN10560,Passenger TRN10560,Passenger
TRN12442,Rajdhani TRN12442,Rajdhani
TRN10626,Vande Bharat TRN10626,Vande Bharat
TRN10849,Superfast TRN10849,Superfast
TRN13618,Superfast TRN13618,Superfast
TRN11145,Superfast TRN11145,Superfast
TRN13841,Express TRN13841,Express
TRN12315,Superfast TRN12315,Superfast
TRN10428,Vande Bharat TRN10428,Vande Bharat
TRN14902,Passenger TRN14902,Passenger
TRN10111,Passenger TRN10111,Passenger
TRN10439,Superfast TRN10439,Superfast
TRN10366,Passenger TRN10366,Passenger
TRN13159,Superfast TRN13159,Superfast
TRN12810,Rajdhani TRN12810,Rajdhani
TRN13894,Express TRN13894,Express
TRN11434,Passenger TRN11434,Passenger
TRN11848,Express TRN11848,Express
TRN11223,Rajdhani TRN11223,Rajdhani
TRN10820,Superfast TRN10820,Superfast
TRN13530,Express TRN13530,Express
TRN10537,Passenger TRN10537,Passenger
TRN14956,Passenger TRN14956,Passenger
TRN11970,Rajdhani TRN11970,Rajdhani
TRN14858,Superfast TRN14858,Superfast
TRN14099,Express TRN14099,Express
TRN12701,Superfast TRN12701,Superfast
TRN13226,Rajdhani TRN13226,Rajdhani
TRN14392,Express TRN14392,Express
TRN11446,Superfast TRN11446,Superfast
TRN14179,Shatabdi TRN14179,Shatabdi
TRN14911,Express TRN14911,Express
TRN13225,Superfast TRN13225,Superfast
TRN14638,Shatabdi TRN14638,Shatabdi
TRN13309,Superfast TRN13309,Superfast
TRN12626,Passenger TRN12626,Passenger
TRN13756,Express TRN13756,Express
TRN10242,Passenger TRN10242,Passenger
TRN11149,Passenger TRN11149,Passenger
TRN13405,Superfast TRN13405,Superfast
TRN10506,Superfast TRN10506,Superfast
TRN14864,Shatabdi TRN14864,Shatabdi
TRN12588,Passenger TRN12588,Passenger
TRN10983,Passenger TRN10983,Passenger
TRN14274,Rajdhani TRN14274,Rajdhani
TRN10261,Superfast TRN10261,Superfast
TRN12114,Rajdhani TRN12114,Rajdhani
TRN11199,Passenger TRN11199,Passenger
TRN12715,Express TRN12715,Express
TRN11323,Express TRN11323,Express
TRN14875,Superfast TRN14875,Superfast
TRN10672,Rajdhani TRN10672,Rajdhani
TRN13688,Vande Bharat TRN13688,Vande Bharat
TRN12951,Express TRN12951,Express
TRN10632,Vande Bharat TRN10632,Vande Bharat
TRN12844,Express TRN12844,Express
TRN14173,Shatabdi TRN14173,Shatabdi
TRN10203,Rajdhani TRN10203,Rajdhani
TRN11682,Rajdhani TRN11682,Rajdhani
TRN10890,Superfast TRN10890,Superfast
TRN13954,Shatabdi TRN13954,Shatabdi
TRN14996,Superfast TRN14996,Superfast
TRN10522,Express TRN10522,Express
TRN14958,Vande Bharat TRN14958,Vande Bharat
TRN14906,Shatabdi TRN14906,Shatabdi
TRN13692,Express TRN13692,Express
TRN12541,Passenger TRN12541,Passenger
TRN14452,Superfast TRN14452,Superfast
TRN13460,Express TRN13460,Express
TRN14530,Rajdhani TRN14530,Rajdhani
TRN13904,Express TRN13904,Express
TRN13529,Shatabdi TRN13529,Shatabdi
TRN10926,Superfast TRN10926,Superfast
TRN12998,Express TRN12998,Express
TRN13522,Express TRN13522,Express
TRN14489,Passenger TRN14489,Passenger
TRN12220,Rajdhani TRN12220,Rajdhani
TRN12870,Superfast TRN12870,Superfast
TRN10994,Passenger TRN10994,Passenger
TRN11034,Superfast TRN11034,Superfast
TRN12379,Express TRN12379,Express
TRN11877,Express TRN11877,Express
TRN12592,Rajdhani TRN12592,Rajdhani
TRN12096,Rajdhani TRN12096,Rajdhani
TRN12340,Rajdhani TRN12340,Rajdhani
TRN14864,Express TRN14864,Express
TRN12137,Express TRN12137,Express
TRN12602,Superfast TRN12602,Superfast
TRN10097,Rajdhani TRN10097,Rajdhani
TRN12578,Superfast TRN12578,Superfast
TRN12357,Express TRN12357,Express
TRN13985,Express TRN13985,Express
TRN11899,Superfast TRN11899,Superfast
TRN11766,Shatabdi TRN11766,Shatabdi
TRN14142,Passenger TRN14142,Passenger
TRN10212,Superfast TRN10212,Superfast
TRN11481,Rajdhani TRN11481,Rajdhani
TRN14379,Superfast TRN14379,Superfast
TRN12006,Superfast TRN12006,Superfast
TRN11820,Superfast TRN11820,Superfast
TRN14391,Superfast TRN14391,Superfast
TRN11137,Passenger TRN11137,Passenger
TRN13923,Passenger TRN13923,Passenger
TRN13462,Rajdhani TRN13462,Rajdhani
TRN14609,Superfast TRN14609,Superfast
TRN10611,Passenger TRN10611,Passenger
TRN14580,Superfast TRN14580,Superfast
TRN12864,Express TRN12864,Express
TRN10664,Vande Bharat TRN10664,Vande Bharat
TRN14382,Vande Bharat TRN14382,Vande Bharat
TRN11679,Passenger TRN11679,Passenger
TRN12109,Express TRN12109,Express
TRN10394,Express TRN10394,Express
TRN14088,Superfast TRN14088,Superfast
TRN12038,Rajdhani TRN12038,Rajdhani
TRN13822,Superfast TRN13822,Superfast
TRN11856,Superfast TRN11856,Superfast
TRN13246,Rajdhani TRN13246,Rajdhani
TRN12610,Rajdhani TRN12610,Rajdhani
TRN14287,Rajdhani TRN14287,Rajdhani
TRN13737,Rajdhani TRN13737,Rajdhani
TRN13060,Express TRN13060,Express
TRN13471,Express TRN13471,Express
TRN12841,Superfast TRN12841,Superfast
TRN11800,Superfast TRN11800,Superfast
TRN10222,Passenger TRN10222,Passenger
TRN14529,Rajdhani TRN14529,Rajdhani
TRN13858,Passenger TRN13858,Passenger
TRN13165,Rajdhani TRN13165,Rajdhani
TRN12696,Passenger TRN12696,Passenger
TRN11327,Shatabdi TRN11327,Shatabdi
TRN14222,Express TRN14222,Express
TRN12196,Passenger TRN12196,Passenger
TRN14868,Superfast TRN14868,Superfast
TRN13513,Express TRN13513,Express
TRN10025,Passenger TRN10025,Passenger
TRN13307,Passenger TRN13307,Passenger
TRN10336,Express TRN10336,Express
TRN13184,Superfast TRN13184,Superfast
TRN11740,Passenger TRN11740,Passenger
TRN14187,Vande Bharat TRN14187,Vande Bharat
TRN11292,Express TRN11292,Express
TRN14427,Passenger TRN14427,Passenger
TRN12282,Superfast TRN12282,Superfast
TRN14992,Superfast TRN14992,Superfast
TRN12570,Express TRN12570,Express
TRN11337,Superfast TRN11337,Superfast
TRN10185,Express TRN10185,Express
TRN13007,Passenger TRN13007,Passenger
TRN13786,Passenger TRN13786,Passenger
TRN14191,Superfast TRN14191,Superfast
TRN11947,Rajdhani TRN11947,Rajdhani
TRN13466,Superfast TRN13466,Superfast
TRN10275,Passenger TRN10275,Passenger
TRN14829,Superfast TRN14829,Superfast
TRN10094,Express TRN10094,Express
TRN11296,Passenger TRN11296,Passenger
TRN14129,Vande Bharat TRN14129,Vande Bharat
TRN10933,Superfast TRN10933,Superfast
TRN10012,Express TRN10012,Express
TRN12722,Passenger TRN12722,Passenger
TRN12560,Express TRN12560,Express
TRN10933,Shatabdi TRN10933,Shatabdi
TRN10064,Express TRN10064,Express
TRN14591,Express TRN14591,Express
TRN14674,Express TRN14674,Express
TRN12995,Superfast TRN12995,Superfast
TRN10146,Passenger TRN10146,Passenger
TRN12509,Express TRN12509,Express
TRN10864,Passenger TRN10864,Passenger
TRN13067,Shatabdi TRN13067,Shatabdi
TRN10657,Vande Bharat TRN10657,Vande Bharat
TRN14804,Express TRN14804,Express
TRN12799,Superfast TRN12799,Superfast
TRN12990,Superfast TRN12990,Superfast
TRN10545,Shatabdi TRN10545,Shatabdi
TRN12202,Superfast TRN12202,Superfast
TRN14438,Superfast TRN14438,Superfast
TRN12071,Passenger TRN12071,Passenger
TRN10769,Passenger TRN10769,Passenger
TRN10903,Passenger TRN10903,Passenger
TRN11616,Superfast TRN11616,Superfast
TRN10441,Shatabdi TRN10441,Shatabdi
TRN10174,Superfast TRN10174,Superfast
TRN10787,Passenger TRN10787,Passenger
TRN11415,Express TRN11415,Express
TRN14158,Passenger TRN14158,Passenger
TRN11864,Express TRN11864,Express
TRN13662,Passenger TRN13662,Passenger
TRN12053,Rajdhani TRN12053,Rajdhani
TRN12376,Superfast TRN12376,Superfast
TRN14225,Superfast TRN14225,Superfast
TRN13757,Express TRN13757,Express
TRN13766,Passenger TRN13766,Passenger
TRN11268,Rajdhani TRN11268,Rajdhani
TRN11537,Superfast TRN11537,Superfast
TRN14161,Rajdhani TRN14161,Rajdhani
TRN12560,Vande Bharat TRN12560,Vande Bharat
TRN10252,Vande Bharat TRN10252,Vande Bharat
TRN13073,Superfast TRN13073,Superfast
TRN14023,Passenger TRN14023,Passenger
TRN13215,Vande Bharat TRN13215,Vande Bharat
TRN12503,Express TRN12503,Express
TRN14973,Rajdhani TRN14973,Rajdhani
TRN12034,Rajdhani TRN12034,Rajdhani
TRN11907,Superfast TRN11907,Superfast
TRN11470,Express TRN11470,Express
TRN12052,Rajdhani TRN12052,Rajdhani
TRN12770,Express TRN12770,Express
TRN10157,Superfast TRN10157,Superfast
TRN11633,Rajdhani TRN11633,Rajdhani
TRN10685,Shatabdi TRN10685,Shatabdi
TRN11718,Passenger TRN11718,Passenger
TRN11360,Superfast TRN11360,Superfast
TRN12362,Superfast TRN12362,Superfast
TRN13835,Passenger TRN13835,Passenger
TRN11910,Superfast TRN11910,Superfast
TRN11617,Express TRN11617,Express
TRN10316,Vande Bharat TRN10316,Vande Bharat
TRN10705,Express TRN10705,Express
TRN12065,Vande Bharat TRN12065,Vande Bharat
TRN10270,Passenger TRN10270,Passenger
TRN11654,Vande Bharat TRN11654,Vande Bharat
TRN12190,Vande Bharat TRN12190,Vande Bharat
TRN14144,Express TRN14144,Express
TRN14001,Passenger TRN14001,Passenger
TRN10192,Passenger TRN10192,Passenger
TRN10614,Express TRN10614,Express
TRN14220,Express TRN14220,Express
TRN11846,Passenger TRN11846,Passenger
TRN14764,Superfast TRN14764,Superfast
TRN13507,Shatabdi TRN13507,Shatabdi
TRN12061,Passenger TRN12061,Passenger
TRN14191,Passenger TRN14191,Passenger
TRN10947,Vande Bharat TRN10947,Vande Bharat
TRN14143,Express TRN14143,Express
TRN10129,Shatabdi TRN10129,Shatabdi
TRN12880,Passenger TRN12880,Passenger
TRN12012,Passenger TRN12012,Passenger
TRN10759,Passenger TRN10759,Passenger
TRN12885,Passenger TRN12885,Passenger
TRN12213,Rajdhani TRN12213,Rajdhani
TRN13966,Rajdhani TRN13966,Rajdhani
TRN10194,Express TRN10194,Express
TRN10585,Rajdhani TRN10585,Rajdhani
TRN10236,Shatabdi TRN10236,Shatabdi
TRN10494,Express TRN10494,Express
TRN14154,Superfast TRN14154,Superfast
TRN12005,Express TRN12005,Express
TRN13929,Rajdhani TRN13929,Rajdhani
TRN10724,Vande Bharat TRN10724,Vande Bharat
TRN10376,Express TRN10376,Express
TRN13383,Rajdhani TRN13383,Rajdhani
TRN13196,Rajdhani TRN13196,Rajdhani
TRN11421,Superfast TRN11421,Superfast
TRN11359,Shatabdi TRN11359,Shatabdi
TRN13375,Superfast TRN13375,Superfast
TRN12311,Express TRN12311,Express
TRN10204,Express TRN10204,Express
TRN10902,Superfast TRN10902,Superfast
TRN14058,Superfast TRN14058,Superfast
TRN13756,Superfast TRN13756,Superfast
TRN10717,Superfast TRN10717,Superfast
TRN10984,Superfast TRN10984,Superfast
TRN12290,Passenger TRN12290,Passenger
TRN12453,Passenger TRN12453,Passenger
TRN10216,Express TRN10216,Express
TRN13689,Vande Bharat TRN13689,Vande Bharat
TRN10745,Passenger TRN10745,Passenger
TRN11103,Superfast TRN11103,Superfast
TRN10997,Shatabdi TRN10997,Shatabdi
TRN14379,Vande Bharat TRN14379,Vande Bharat
TRN14091,Passenger TRN14091,Passenger
TRN12435,Express TRN12435,Express
TRN13430,Superfast TRN13430,Superfast
TRN12346,Superfast TRN12346,Superfast
TRN12641,Superfast TRN12641,Superfast
TRN13719,Express TRN13719,Express
TRN13717,Express TRN13717,Express
TRN14294,Rajdhani TRN14294,Rajdhani
TRN12714,Rajdhani TRN12714,Rajdhani
TRN14497,Express TRN14497,Express
TRN11689,Superfast TRN11689,Superfast
TRN11186,Passenger TRN11186,Passenger
TRN13122,Passenger TRN13122,Passenger
TRN12367,Passenger TRN12367,Passenger
TRN14145,Express TRN14145,Express
TRN13194,Express TRN13194,Express
TRN13064,Express TRN13064,Express
TRN12525,Rajdhani TRN12525,Rajdhani
TRN13085,Passenger TRN13085,Passenger
TRN12849,Passenger TRN12849,Passenger
TRN13843,Passenger TRN13843,Passenger
TRN12065,Passenger TRN12065,Passenger
TRN11164,Passenger TRN11164,Passenger
TRN13151,Express TRN13151,Express
TRN12705,Passenger TRN12705,Passenger
TRN11317,Shatabdi TRN11317,Shatabdi
TRN12296,Passenger TRN12296,Passenger
TRN14053,Rajdhani TRN14053,Rajdhani
TRN11428,Passenger TRN11428,Passenger
TRN10280,Vande Bharat TRN10280,Vande Bharat
TRN10770,Express TRN10770,Express
TRN10875,Express TRN10875,Express
TRN10403,Superfast TRN10403,Superfast
TRN14549,Rajdhani TRN14549,Rajdhani
TRN12969,Vande Bharat TRN12969,Vande Bharat
TRN10371,Passenger TRN10371,Passenger
TRN13671,Passenger TRN13671,Passenger
TRN10513,Shatabdi TRN10513,Shatabdi
TRN10723,Passenger TRN10723,Passenger
TRN13132,Shatabdi TRN13132,Shatabdi
TRN14697,Express TRN14697,Express
TRN13815,Express TRN13815,Express
TRN12331,Superfast TRN12331,Superfast
TRN10130,Superfast TRN10130,Superfast
TRN12846,Rajdhani TRN12846,Rajdhani
TRN14338,Express TRN14338,Express
TRN11862,Passenger TRN11862,Passenger
TRN12344,Shatabdi TRN12344,Shatabdi
TRN11950,Vande Bharat TRN11950,Vande Bharat
TRN11785,Express TRN11785,Express
TRN13644,Superfast TRN13644,Superfast
TRN13414,Superfast TRN13414,Superfast
TRN12350,Passenger TRN12350,Passenger
TRN12893,Vande Bharat TRN12893,Vande Bharat
TRN11671,Express TRN11671,Express
TRN11312,Vande Bharat TRN11312,Vande Bharat
TRN10715,Express TRN10715,Express
TRN12270,Superfast TRN12270,Superfast
TRN11819,Passenger TRN11819,Passenger
TRN11322,Superfast TRN11322,Superfast
TRN12381,Express TRN12381,Express
TRN11424,Superfast TRN11424,Superfast
TRN14345,Rajdhani TRN14345,Rajdhani
TRN11874,Express TRN11874,Express
TRN10279,Express TRN10279,Express
TRN13608,Vande Bharat TRN13608,Vande Bharat
TRN12116,Express TRN12116,Express
TRN14587,Express TRN14587,Express
TRN14545,Rajdhani TRN14545,Rajdhani
TRN13715,Superfast TRN13715,Superfast
TRN10035,Express TRN10035,Express
TRN12885,Express TRN12885,Express
TRN12144,Passenger TRN12144,Passenger
TRN14902,Express TRN14902,Express
TRN14711,Express TRN14711,Express
TRN10599,Passenger TRN10599,Passenger
TRN12086,Express TRN12086,Express
TRN14272,Rajdhani TRN14272,Rajdhani
TRN13819,Superfast TRN13819,Superfast
TRN12296,Shatabdi TRN12296,Shatabdi
TRN13076,Passenger TRN13076,Passenger
TRN12307,Passenger TRN12307,Passenger
TRN11927,Passenger TRN11927,Passenger
TRN12450,Express TRN12450,Express
TRN13254,Superfast TRN13254,Superfast
TRN11064,Superfast TRN11064,Superfast
TRN11427,Vande Bharat TRN11427,Vande Bharat
TRN13307,Superfast TRN13307,Superfast
TRN11893,Passenger TRN11893,Passenger
TRN12993,Express TRN12993,Express
TRN14928,Shatabdi TRN14928,Shatabdi
TRN11065,Express TRN11065,Express
TRN12499,Express TRN12499,Express
TRN12983,Express TRN12983,Express
TRN12436,Superfast TRN12436,Superfast
TRN14100,Express TRN14100,Express
TRN12312,Superfast TRN12312,Superfast
TRN10378,Passenger TRN10378,Passenger
TRN12302,Express TRN12302,Express
TRN14540,Superfast TRN14540,Superfast
TRN11236,Vande Bharat TRN11236,Vande Bharat
TRN11318,Shatabdi TRN11318,Shatabdi
TRN12872,Express TRN12872,Express
TRN11474,Superfast TRN11474,Superfast
TRN14388,Passenger TRN14388,Passenger
TRN12456,Superfast TRN12456,Superfast
TRN14862,Vande Bharat TRN14862,Vande Bharat
TRN14991,Vande Bharat TRN14991,Vande Bharat
TRN12150,Superfast TRN12150,Superfast
TRN14346,Rajdhani TRN14346,Rajdhani
TRN10681,Superfast TRN10681,Superfast
TRN12529,Passenger TRN12529,Passenger
TRN12863,Express TRN12863,Express
TRN10400,Vande Bharat TRN10400,Vande Bharat
TRN10974,Passenger TRN10974,Passenger
TRN13778,Vande Bharat TRN13778,Vande Bharat
TRN14001,Superfast TRN14001,Superfast
TRN13521,Express TRN13521,Express
TRN10083,Express TRN10083,Express
TRN10764,Passenger TRN10764,Passenger
TRN11806,Vande Bharat TRN11806,Vande Bharat
TRN10961,Express TRN10961,Express
TRN12308,Rajdhani TRN12308,Rajdhani
TRN11889,Passenger TRN11889,Passenger
TRN13115,Superfast TRN13115,Superfast
TRN13375,Express TRN13375,Express
TRN10101,Superfast TRN10101,Superfast
TRN11735,Vande Bharat TRN11735,Vande Bharat
TRN11997,Superfast TRN11997,Superfast
TRN13950,Superfast TRN13950,Superfast
TRN13842,Superfast TRN13842,Superfast
TRN14813,Superfast TRN14813,Superfast
TRN14199,Express TRN14199,Express
TRN10878,Shatabdi TRN10878,Shatabdi
TRN12251,Express TRN12251,Express
TRN11552,Express TRN11552,Express
TRN13296,Passenger TRN13296,Passenger
TRN14776,Vande Bharat TRN14776,Vande Bharat
TRN11743,Express TRN11743,Express
TRN11315,Express TRN11315,Express
TRN13647,Passenger TRN13647,Passenger
TRN12533,Superfast TRN12533,Superfast
TRN12786,Passenger TRN12786,Passenger
TRN10734,Vande Bharat TRN10734,Vande Bharat
TRN11286,Superfast TRN11286,Superfast
TRN13743,Passenger TRN13743,Passenger
TRN12471,Express TRN12471,Express
TRN10060,Superfast TRN10060,Superfast
TRN12849,Superfast TRN12849,Superfast
TRN10648,Shatabdi TRN10648,Shatabdi
TRN13234,Rajdhani TRN13234,Rajdhani
TRN12344,Superfast TRN12344,Superfast
TRN12330,Passenger TRN12330,Passenger
TRN12022,Passenger TRN12022,Passenger
TRN12328,Express TRN12328,Express
TRN10857,Passenger TRN10857,Passenger
TRN13813,Express TRN13813,Express
TRN10561,Passenger TRN10561,Passenger
TRN14533,Passenger TRN14533,Passenger
TRN12131,Superfast TRN12131,Superfast
TRN11369,Superfast TRN11369,Superfast
TRN13513,Rajdhani TRN13513,Rajdhani
TRN10999,Shatabdi TRN10999,Shatabdi
TRN14818,Superfast TRN14818,Superfast
TRN11785,Passenger TRN11785,Passenger
TRN11372,Superfast TRN11372,Superfast
TRN13166,Express TRN13166,Express
TRN13691,Superfast TRN13691,Superfast
TRN12606,Passenger TRN12606,Passenger
TRN11917,Passenger TRN11917,Passenger
TRN10238,Passenger TRN10238,Passenger
TRN13582,Passenger TRN13582,Passenger
TRN12240,Express TRN12240,Express
TRN13818,Rajdhani TRN13818,Rajdhani
TRN11836,Passenger TRN11836,Passenger
TRN12848,Superfast TRN12848,Superfast
TRN11045,Passenger TRN11045,Passenger
TRN12941,Vande Bharat TRN12941,Vande Bharat
TRN14919,Express TRN14919,Express
TRN12870,Express TRN12870,Express
TRN11653,Passenger TRN11653,Passenger
TRN14203,Express TRN14203,Express
TRN11293,Express TRN11293,Express
TRN14349,Shatabdi TRN14349,Shatabdi
TRN11112,Express TRN11112,Express
TRN11995,Rajdhani TRN11995,Rajdhani
TRN10806,Express TRN10806,Express
TRN12021,Superfast TRN12021,Superfast
TRN10513,Superfast TRN10513,Superfast
TRN11027,Superfast TRN11027,Superfast
TRN14644,Superfast TRN14644,Superfast
TRN13773,Passenger TRN13773,Passenger
TRN11623,Express TRN11623,Express
TRN11122,Express TRN11122,Express
TRN13725,Vande Bharat TRN13725,Vande Bharat
TRN14377,Superfast TRN14377,Superfast
TRN11894,Express TRN11894,Express
TRN10329,Superfast TRN10329,Superfast
TRN11288,Passenger TRN11288,Passenger
TRN11720,Superfast TRN11720,Superfast
TRN12282,Express TRN12282,Express
TRN13851,Vande Bharat TRN13851,Vande Bharat
TRN11543,Superfast TRN11543,Superfast
TRN14351,Superfast TRN14351,Superfast
TRN14407,Express TRN14407,Express
TRN12767,Passenger TRN12767,Passenger
TRN12770,Passenger TRN12770,Passenger
TRN10443,Superfast TRN10443,Superfast
TRN10942,Express TRN10942,Express
TRN11920,Passenger TRN11920,Passenger
TRN10823,Vande Bharat TRN10823,Vande Bharat
TRN10908,Superfast TRN10908,Superfast
TRN14669,Superfast TRN14669,Superfast
TRN13961,Superfast TRN13961,Superfast
TRN10522,Superfast TRN10522,Superfast
TRN14257,Express TRN14257,Express
TRN13570,Express TRN13570,Express
TRN11598,Express TRN11598,Express
TRN10772,Passenger TRN10772,Passenger
TRN13176,Express TRN13176,Express
TRN11306,Shatabdi TRN11306,Shatabdi
TRN14777,Passenger TRN14777,Passenger
TRN14398,Express TRN14398,Express
TRN12912,Express TRN12912,Express
TRN12692,Shatabdi TRN12692,Shatabdi
TRN10676,Express TRN10676,Express
TRN12032,Rajdhani TRN12032,Rajdhani
TRN12194,Passenger TRN12194,Passenger
TRN12584,Passenger TRN12584,Passenger
TRN14025,Express TRN14025,Express
TRN14639,Superfast TRN14639,Superfast
TRN12462,Superfast TRN12462,Superfast
TRN11799,Passenger TRN11799,Passenger
TRN11958,Rajdhani TRN11958,Rajdhani
TRN10918,Express TRN10918,Express
TRN11890,Express TRN11890,Express
TRN13188,Express TRN13188,Express
TRN14457,Express TRN14457,Express
TRN14890,Superfast TRN14890,Superfast
TRN14860,Rajdhani TRN14860,Rajdhani
TRN11354,Vande Bharat TRN11354,Vande Bharat
TRN11487,Superfast TRN11487,Superfast
TRN11290,Passenger TRN11290,Passenger
TRN12167,Passenger TRN12167,Passenger
TRN14389,Superfast TRN14389,Superfast
TRN13930,Superfast TRN13930,Superfast
TRN14551,Superfast TRN14551,Superfast
TRN10994,Superfast TRN10994,Superfast
TRN11494,Vande Bharat TRN11494,Vande Bharat
TRN11743,Superfast TRN11743,Superfast
TRN12672,Express TRN12672,Express
TRN14198,Superfast TRN14198,Superfast
TRN13023,Superfast TRN13023,Superfast
TRN11228,Superfast TRN11228,Superfast
TRN13680,Superfast TRN13680,Superfast
TRN14272,Express TRN14272,Express
TRN10826,Superfast TRN10826,Superfast
TRN10885,Passenger TRN10885,Passenger
TRN14364,Superfast TRN14364,Superfast
TRN10861,Express TRN10861,Express
TRN14324,Express TRN14324,Express
TRN14563,Express TRN14563,Express
TRN11900,Superfast TRN11900,Superfast
TRN12823,Superfast TRN12823,Superfast
TRN10880,Express TRN10880,Express
TRN12087,Superfast TRN12087,Superfast
TRN14970,Passenger TRN14970,Passenger
TRN12158,Rajdhani TRN12158,Rajdhani
TRN11391,Superfast TRN11391,Superfast
TRN13709,Superfast TRN13709,Superfast
TRN10868,Superfast TRN10868,Superfast
TRN11603,Superfast TRN11603,Superfast
TRN11967,Passenger TRN11967,Passenger
TRN11166,Express TRN11166,Express
TRN14003,Superfast TRN14003,Superfast
TRN12924,Express TRN12924,Express
TRN11918,Passenger TRN11918,Passenger
TRN10508,Express TRN10508,Express
TRN10311,Rajdhani TRN10311,Rajdhani
TRN14811,Superfast TRN14811,Superfast
TRN12166,Express TRN12166,Express
TRN11391,Express TRN11391,Express
TRN10033,Express TRN10033,Express
TRN12847,Express TRN12847,Express
TRN12000,Express TRN12000,Express
TRN12362,Passenger TRN12362,Passenger
TRN13973,Express TRN13973,Express
TRN13918,Superfast TRN13918,Superfast
TRN11206,Passenger TRN11206,Passenger
TRN12052,Superfast TRN12052,Superfast
TRN10539,Passenger TRN10539,Passenger
TRN10734,Express TRN10734,Express
TRN10794,Superfast TRN10794,Superfast
TRN11601,Express TRN11601,Express
TRN12724,Superfast TRN12724,Superfast
TRN11700,Passenger TRN11700,Passenger
TRN12385,Superfast TRN12385,Superfast
TRN11766,Superfast TRN11766,Superfast
TRN12546,Express TRN12546,Express
TRN13771,Vande Bharat TRN13771,Vande Bharat
TRN11099,Express TRN11099,Express
TRN10471,Superfast TRN10471,Superfast
TRN14599,Passenger TRN14599,Passenger
TRN10974,Vande Bharat TRN10974,Vande Bharat
TRN10157,Express TRN10157,Express
TRN12927,Passenger TRN12927,Passenger
TRN14756,Superfast TRN14756,Superfast
TRN11594,Express TRN11594,Express
TRN10025,Shatabdi TRN10025,Shatabdi
TRN11089,Express TRN11089,Express
TRN11730,Passenger TRN11730,Passenger
TRN11297,Rajdhani TRN11297,Rajdhani
TRN14378,Superfast TRN14378,Superfast
TRN12860,Rajdhani TRN12860,Rajdhani
TRN14064,Shatabdi TRN14064,Shatabdi
TRN11336,Express TRN11336,Express
TRN10221,Vande Bharat TRN10221,Vande Bharat
TRN10067,Passenger TRN10067,Passenger
TRN14060,Passenger TRN14060,Passenger
TRN14433,Rajdhani TRN14433,Rajdhani
TRN11094,Passenger TRN11094,Passenger
TRN10635,Express TRN10635,Express
TRN12592,Shatabdi TRN12592,Shatabdi
TRN11658,Express TRN11658,Express
TRN13637,Passenger TRN13637,Passenger
TRN10513,Express TRN10513,Express
TRN11560,Superfast TRN11560,Superfast
TRN14068,Superfast TRN14068,Superfast
TRN11170,Passenger TRN11170,Passenger
TRN10253,Superfast TRN10253,Superfast
TRN12091,Vande Bharat TRN12091,Vande Bharat
TRN10499,Superfast TRN10499,Superfast
TRN13267,Passenger TRN13267,Passenger
TRN10494,Passenger TRN10494,Passenger
TRN12804,Express TRN12804,Express
TRN11258,Passenger TRN11258,Passenger
TRN14928,Passenger TRN14928,Passenger
TRN10187,Passenger TRN10187,Passenger
TRN12486,Rajdhani TRN12486,Rajdhani
TRN12017,Superfast TRN12017,Superfast
TRN11503,Passenger TRN11503,Passenger
TRN11901,Express TRN11901,Express
TRN13983,Superfast TRN13983,Superfast
TRN13143,Superfast TRN13143,Superfast
TRN10704,Vande Bharat TRN10704,Vande Bharat
TRN10666,Rajdhani TRN10666,Rajdhani
TRN10803,Superfast TRN10803,Superfast
TRN13002,Shatabdi TRN13002,Shatabdi
TRN12585,Shatabdi TRN12585,Shatabdi
TRN13094,Express TRN13094,Express
TRN10118,Superfast TRN10118,Superfast
TRN14974,Superfast TRN14974,Superfast
TRN13004,Superfast TRN13004,Superfast
TRN12059,Shatabdi TRN12059,Shatabdi
TRN10880,Vande Bharat TRN10880,Vande Bharat
TRN12202,Rajdhani TRN12202,Rajdhani
TRN11042,Passenger TRN11042,Passenger
TRN14830,Express TRN14830,Express
TRN14989,Express TRN14989,Express
TRN14106,Passenger TRN14106,Passenger
TRN14683,Superfast TRN14683,Superfast
TRN14942,Superfast TRN14942,Superfast
TRN10697,Express TRN10697,Express
TRN14194,Express TRN14194,Express
TRN14156,Passenger TRN14156,Passenger
TRN12995,Vande Bharat TRN12995,Vande Bharat
TRN12742,Superfast TRN12742,Superfast
TRN10157,Passenger TRN10157,Passenger
TRN10449,Superfast TRN10449,Superfast
TRN14590,Shatabdi TRN14590,Shatabdi
TRN14269,Express TRN14269,Express
TRN10429,Superfast TRN10429,Superfast
TRN10694,Express TRN10694,Express
TRN13699,Express TRN13699,Express
TRN14283,Shatabdi TRN14283,Shatabdi
TRN10029,Superfast TRN10029,Superfast
TRN13041,Passenger TRN13041,Passenger
TRN11523,Rajdhani TRN11523,Rajdhani
TRN10382,Express TRN10382,Express
TRN12365,Rajdhani TRN12365,Rajdhani
TRN14377,Shatabdi TRN14377,Shatabdi
TRN11668,Express TRN11668,Express
TRN12091,Superfast TRN12091,Superfast
TRN13881,Superfast TRN13881,Superfast
TRN10620,Express TRN10620,Express
TRN12413,Passenger TRN12413,Passenger
TRN13397,Express TRN13397,Express
TRN10825,Express TRN10825,Express
TRN10670,Superfast TRN10670,Superfast
TRN14794,Express TRN14794,Express
TRN12853,Superfast TRN12853,Superfast
TRN10888,Superfast TRN10888,Superfast
TRN14330,Superfast TRN14330,Superfast
TRN11073,Vande Bharat TRN11073,Vande Bharat
TRN13006,Express TRN13006,Express
TRN11182,Rajdhani TRN11182,Rajdhani
TRN11467,Passenger TRN11467,Passenger
TRN13747,Passenger TRN13747,Passenger
TRN11516,Vande Bharat TRN11516,Vande Bharat
TRN10864,Superfast TRN10864,Superfast
TRN11804,Express TRN11804,Express
TRN11513,Express TRN11513,Express
TRN10840,Express TRN10840,Express
TRN13750,Passenger TRN13750,Passenger
TRN14799,Express TRN14799,Express
TRN13806,Superfast TRN13806,Superfast
TRN14632,Passenger TRN14632,Passenger
TRN10328,Shatabdi TRN10328,Shatabdi
TRN12771,Vande Bharat TRN12771,Vande Bharat
TRN14578,Rajdhani TRN14578,Rajdhani
TRN11100,Express TRN11100,Express
TRN13088,Rajdhani TRN13088,Rajdhani
TRN11292,Rajdhani TRN11292,Rajdhani
TRN12427,Express TRN12427,Express
TRN11539,Superfast TRN11539,Superfast
TRN12265,Passenger TRN12265,Passenger
TRN14914,Superfast TRN14914,Superfast
TRN13033,Express TRN13033,Express
TRN13895,Passenger TRN13895,Passenger
TRN11534,Superfast TRN11534,Superfast
TRN13475,Passenger TRN13475,Passenger
TRN11865,Vande Bharat TRN11865,Vande Bharat
TRN14357,Passenger TRN14357,Passenger
TRN12102,Superfast TRN12102,Superfast
TRN14953,Vande Bharat TRN14953,Vande Bharat
TRN11177,Superfast TRN11177,Superfast
TRN13901,Express TRN13901,Express
TRN11519,Rajdhani TRN11519,Rajdhani
TRN11896,Rajdhani TRN11896,Rajdhani
TRN14461,Vande Bharat TRN14461,Vande Bharat
TRN12624,Rajdhani TRN12624,Rajdhani
TRN11723,Superfast TRN11723,Superfast
TRN10186,Rajdhani TRN10186,Rajdhani
TRN10099,Express TRN10099,Express
TRN14972,Superfast TRN14972,Superfast
TRN14708,Express TRN14708,Express
TRN10938,Superfast TRN10938,Superfast
TRN11091,Superfast TRN11091,Superfast
TRN14430,Superfast TRN14430,Superfast
TRN11960,Vande Bharat TRN11960,Vande Bharat
TRN11156,Express TRN11156,Express
TRN13983,Express TRN13983,Express
TRN14411,Passenger TRN14411,Passenger
TRN12135,Passenger TRN12135,Passenger
TRN10423,Shatabdi TRN10423,Shatabdi
TRN13066,Rajdhani TRN13066,Rajdhani
TRN14994,Express TRN14994,Express
TRN12647,Express TRN12647,Express
TRN10085,Superfast TRN10085,Superfast
TRN10858,Passenger TRN10858,Passenger
TRN10027,Shatabdi TRN10027,Shatabdi
TRN11410,Passenger TRN11410,Passenger
TRN11560,Rajdhani TRN11560,Rajdhani
TRN13073,Rajdhani TRN13073,Rajdhani
TRN10811,Superfast TRN10811,Superfast
TRN12484,Shatabdi TRN12484,Shatabdi
TRN11776,Superfast TRN11776,Superfast
TRN12820,Superfast TRN12820,Superfast
TRN14742,Passenger TRN14742,Passenger
TRN14505,Superfast TRN14505,Superfast
TRN13131,Passenger TRN13131,Passenger
TRN11371,Passenger TRN11371,Passenger
TRN13342,Passenger TRN13342,Passenger
TRN13874,Express TRN13874,Express
TRN12335,Express TRN12335,Express
TRN11441,Vande Bharat TRN11441,Vande Bharat
TRN13535,Express TRN13535,Express
TRN11232,Express TRN11232,Express
TRN11850,Superfast TRN11850,Superfast
TRN12366,Express TRN12366,Express
TRN10946,Superfast TRN10946,Superfast
TRN13126,Express TRN13126,Express
TRN13803,Express TRN13803,Express
TRN14465,Express TRN14465,Express
TRN14225,Express TRN14225,Express
TRN12916,Superfast TRN12916,Superfast
TRN13546,Superfast TRN13546,Superfast
TRN12420,Superfast TRN12420,Superfast
TRN13085,Superfast TRN13085,Superfast
TRN10881,Express TRN10881,Express
TRN12016,Superfast TRN12016,Superfast
TRN12458,Superfast TRN12458,Superfast
TRN10896,Express TRN10896,Express
TRN14147,Superfast TRN14147,Superfast
TRN11407,Superfast TRN11407,Superfast
TRN14715,Express TRN14715,Express
TRN12839,Superfast TRN12839,Superfast
TRN11955,Rajdhani TRN11955,Rajdhani
TRN11254,Express TRN11254,Express
TRN13718,Express TRN13718,Express
TRN11191,Passenger TRN11191,Passenger
TRN10274,Superfast TRN10274,Superfast
TRN13572,Express TRN13572,Express
TRN11799,Superfast TRN11799,Superfast
TRN12590,Rajdhani TRN12590,Rajdhani
TRN11274,Rajdhani TRN11274,Rajdhani
TRN14852,Passenger TRN14852,Passenger
TRN13119,Vande Bharat TRN13119,Vande Bharat
TRN10233,Passenger TRN10233,Passenger
TRN14481,Superfast TRN14481,Superfast
TRN12289,Rajdhani TRN12289,Rajdhani
TRN13497,Rajdhani TRN13497,Rajdhani
TRN10290,Passenger TRN10290,Passenger
TRN12946,Express TRN12946,Express
TRN10828,Vande Bharat TRN10828,Vande Bharat
TRN13004,Express TRN13004,Express
TRN13048,Express TRN13048,Express
TRN10244,Superfast TRN10244,Superfast
TRN11683,Shatabdi TRN11683,Shatabdi
TRN10268,Passenger TRN10268,Passenger
TRN10182,Rajdhani TRN10182,Rajdhani
TRN12992,Superfast TRN12992,Superfast
TRN12242,Vande Bharat TRN12242,Vande Bharat
TRN10933,Vande Bharat TRN10933,Vande Bharat
TRN13263,Express TRN13263,Express
TRN11043,Express TRN11043,Express
TRN14961,Superfast TRN14961,Superfast
TRN13896,Rajdhani TRN13896,Rajdhani
TRN14497,Rajdhani TRN14497,Rajdhani
TRN11856,Vande Bharat TRN11856,Vande Bharat
TRN14386,Superfast TRN14386,Superfast
TRN13664,Passenger TRN13664,Passenger
TRN12983,Shatabdi TRN12983,Shatabdi
TRN13961,Shatabdi TRN13961,Shatabdi
TRN11542,Vande Bharat TRN11542,Vande Bharat
TRN11314,Passenger TRN11314,Passenger
TRN10252,Express TRN10252,Express
TRN10329,Express TRN10329,Express
TRN11136,Vande Bharat TRN11136,Vande Bharat
TRN13233,Superfast TRN13233,Superfast
TRN11618,Rajdhani TRN11618,Rajdhani
TRN11723,Express TRN11723,Express
TRN10068,Vande Bharat TRN10068,Vande Bharat
TRN12143,Superfast TRN12143,Superfast
TRN10991,Rajdhani TRN10991,Rajdhani
TRN12655,Passenger TRN12655,Passenger
TRN11538,Express TRN11538,Express
TRN10936,Superfast TRN10936,Superfast
TRN12689,Superfast TRN12689,Superfast
TRN11297,Shatabdi TRN11297,Shatabdi
TRN14750,Passenger TRN14750,Passenger
TRN11190,Passenger TRN11190,Passenger
TRN11051,Express TRN11051,Express
TRN13109,Superfast TRN13109,Superfast
TRN14311,Shatabdi TRN14311,Shatabdi
TRN10954,Superfast TRN10954,Superfast
TRN12238,Superfast TRN12238,Superfast
TRN13202,Vande Bharat TRN13202,Vande Bharat
TRN11795,Superfast TRN11795,Superfast
TRN14968,Express TRN14968,Express
TRN14816,Superfast TRN14816,Superfast
TRN13945,Express TRN13945,Express
TRN10756,Superfast TRN10756,Superfast
TRN10313,Superfast TRN10313,Superfast
TRN10605,Superfast TRN10605,Superfast
TRN10540,Passenger TRN10540,Passenger
TRN14534,Superfast TRN14534,Superfast
TRN11870,Superfast TRN11870,Superfast
TRN10601,Shatabdi TRN10601,Shatabdi
TRN10029,Passenger TRN10029,Passenger
TRN12894,Shatabdi TRN12894,Shatabdi
TRN11440,Passenger TRN11440,Passenger
TRN13868,Express TRN13868,Express
TRN11057,Shatabdi TRN11057,Shatabdi
TRN14575,Shatabdi TRN14575,Shatabdi
TRN11830,Shatabdi TRN11830,Shatabdi
TRN11857,Superfast TRN11857,Superfast
TRN14711,Vande Bharat TRN14711,Vande Bharat
TRN14900,Express TRN14900,Express
TRN13947,Superfast TRN13947,Superfast
TRN12042,Passenger TRN12042,Passenger
TRN10549,Passenger TRN10549,Passenger
TRN12433,Vande Bharat TRN12433,Vande Bharat
TRN10629,Express TRN10629,Express
TRN12675,Rajdhani TRN12675,Rajdhani
TRN12457,Passenger TRN12457,Passenger
TRN14849,Express TRN14849,Express
TRN14592,Rajdhani TRN14592,Rajdhani
TRN11511,Rajdhani TRN11511,Rajdhani
TRN10957,Superfast TRN10957,Superfast
TRN12744,Passenger TRN12744,Passenger
TRN11502,Superfast TRN11502,Superfast
TRN11841,Shatabdi TRN11841,Shatabdi
TRN10665,Express TRN10665,Express
TRN14068,Express TRN14068,Express
TRN13515,Passenger TRN13515,Passenger
TRN13606,Superfast TRN13606,Superfast
TRN12659,Shatabdi TRN12659,Shatabdi
TRN13377,Express TRN13377,Express
TRN13123,Passenger TRN13123,Passenger
TRN14912,Rajdhani TRN14912,Rajdhani
TRN13878,Superfast TRN13878,Superfast
TRN13829,Rajdhani TRN13829,Rajdhani
TRN12640,Express TRN12640,Express
TRN14175,Shatabdi TRN14175,Shatabdi
TRN12594,Superfast TRN12594,Superfast
TRN12425,Vande Bharat TRN12425,Vande Bharat
TRN12878,Rajdhani TRN12878,Rajdhani
TRN14317,Express TRN14317,Express
TRN11700,Rajdhani TRN11700,Rajdhani
TRN14841,Passenger TRN14841,Passenger
TRN10865,Express TRN10865,Express
TRN13856,Vande Bharat TRN13856,Vande Bharat
TRN11805,Express TRN11805,Express
TRN11117,Shatabdi TRN11117,Shatabdi
TRN11968,Shatabdi TRN11968,Shatabdi
TRN13027,Superfast TRN13027,Superfast
TRN14734,Vande Bharat TRN14734,Vande Bharat
TRN11831,Superfast TRN11831,Superfast
TRN13413,Superfast TRN13413,Superfast
TRN12534,Passenger TRN12534,Passenger
TRN10468,Vande Bharat TRN10468,Vande Bharat
TRN10210,Passenger TRN10210,Passenger
TRN11818,Rajdhani TRN11818,Rajdhani
TRN12004,Rajdhani TRN12004,Rajdhani
TRN13105,Passenger TRN13105,Passenger
TRN14719,Passenger TRN14719,Passenger
TRN13024,Vande Bharat TRN13024,Vande Bharat
TRN10272,Passenger TRN10272,Passenger
TRN10661,Passenger TRN10661,Passenger
TRN14391,Express TRN14391,Express
TRN11198,Superfast TRN11198,Superfast
TRN12310,Shatabdi TRN12310,Shatabdi
TRN10247,Vande Bharat TRN10247,Vande Bharat
TRN13714,Vande Bharat TRN13714,Vande Bharat
TRN13334,Passenger TRN13334,Passenger
TRN11176,Superfast TRN11176,Superfast
TRN13873,Express TRN13873,Express
TRN13511,Superfast TRN13511,Superfast
TRN12674,Express TRN12674,Express
TRN14780,Superfast TRN14780,Superfast
TRN14532,Express TRN14532,Express
TRN11770,Rajdhani TRN11770,Rajdhani
TRN14181,Superfast TRN14181,Superfast
TRN11216,Express TRN11216,Express
TRN14379,Passenger TRN14379,Passenger
TRN12694,Express TRN12694,Express
TRN14011,Express TRN14011,Express
TRN10953,Passenger TRN10953,Passenger
TRN11588,Passenger TRN11588,Passenger
TRN14463,Superfast TRN14463,Superfast
TRN14767,Vande Bharat TRN14767,Vande Bharat
TRN11045,Express TRN11045,Express
TRN12732,Express TRN12732,Express
TRN11174,Express TRN11174,Express
TRN11775,Express TRN11775,Express
TRN14111,Superfast TRN14111,Superfast
TRN10990,Passenger TRN10990,Passenger
TRN11046,Passenger TRN11046,Passenger
TRN13838,Shatabdi TRN13838,Shatabdi
TRN10681,Shatabdi TRN10681,Shatabdi
TRN14738,Passenger TRN14738,Passenger
TRN14190,Express TRN14190,Express
TRN12516,Superfast TRN12516,Superfast
TRN13261,Express TRN13261,Express
TRN14005,Vande Bharat TRN14005,Vande Bharat
TRN13032,Superfast TRN13032,Superfast
TRN10052,Express TRN10052,Express
TRN14239,Rajdhani TRN14239,Rajdhani
TRN13795,Superfast TRN13795,Superfast
TRN13744,Vande Bharat TRN13744,Vande Bharat
TRN10883,Express TRN10883,Express
TRN14130,Shatabdi TRN14130,Shatabdi
TRN13789,Superfast TRN13789,Superfast
TRN11652,Express TRN11652,Express
TRN12171,Shatabdi TRN12171,Shatabdi
TRN12777,Vande Bharat TRN12777,Vande Bharat
TRN14630,Passenger TRN14630,Passenger
TRN10591,Vande Bharat TRN10591,Vande Bharat
TRN14254,Superfast TRN14254,Superfast
TRN14345,Express TRN14345,Express
TRN13938,Passenger TRN13938,Passenger
TRN10980,Vande Bharat TRN10980,Vande Bharat
TRN10815,Passenger TRN10815,Passenger
TRN13257,Express TRN13257,Express
TRN11688,Vande Bharat TRN11688,Vande Bharat
TRN14573,Passenger TRN14573,Passenger
TRN14348,Vande Bharat TRN14348,Vande Bharat
TRN12616,Express TRN12616,Express
TRN11577,Superfast TRN11577,Superfast
TRN14457,Superfast TRN14457,Superfast
TRN12574,Vande Bharat TRN12574,Vande Bharat
TRN11589,Express TRN11589,Express
TRN12228,Rajdhani TRN12228,Rajdhani
TRN10771,Passenger TRN10771,Passenger
TRN13770,Superfast TRN13770,Superfast
TRN11695,Rajdhani TRN11695,Rajdhani
TRN13471,Rajdhani TRN13471,Rajdhani
TRN13110,Rajdhani TRN13110,Rajdhani
TRN13128,Passenger TRN13128,Passenger
TRN10781,Express TRN10781,Express
TRN13837,Vande Bharat TRN13837,Vande Bharat
TRN11867,Express TRN11867,Express
TRN13254,Shatabdi TRN13254,Shatabdi
TRN12460,Rajdhani TRN12460,Rajdhani
TRN14626,Superfast TRN14626,Superfast
TRN14136,Express TRN14136,Express
TRN11190,Superfast TRN11190,Superfast
TRN14807,Passenger TRN14807,Passenger
TRN14084,Rajdhani TRN14084,Rajdhani
TRN14971,Rajdhani TRN14971,Rajdhani
TRN12344,Express TRN12344,Express
TRN11628,Superfast TRN11628,Superfast
TRN14046,Passenger TRN14046,Passenger
TRN10290,Superfast TRN10290,Superfast
TRN14160,Shatabdi TRN14160,Shatabdi
TRN11274,Passenger TRN11274,Passenger
TRN14903,Superfast TRN14903,Superfast
TRN13557,Express TRN13557,Express
TRN14239,Shatabdi TRN14239,Shatabdi
TRN11982,Shatabdi TRN11982,Shatabdi
TRN14745,Express TRN14745,Express
TRN12168,Superfast TRN12168,Superfast
TRN13132,Express TRN13132,Express
TRN13959,Express TRN13959,Express
TRN12037,Express TRN12037,Express
TRN14395,Superfast TRN14395,Superfast
TRN14606,Superfast TRN14606,Superfast
TRN10757,Rajdhani TRN10757,Rajdhani
TRN11536,Shatabdi TRN11536,Shatabdi
TRN14580,Vande Bharat TRN14580,Vande Bharat
TRN13772,Express TRN13772,Express
TRN10344,Passenger TRN10344,Passenger
TRN12408,Vande Bharat TRN12408,Vande Bharat
TRN11079,Passenger TRN11079,Passenger
TRN14778,Superfast TRN14778,Superfast
TRN12772,Express TRN12772,Express
TRN11161,Express TRN11161,Express
TRN13996,Express TRN13996,Express
TRN10407,Superfast TRN10407,Superfast
TRN10064,Passenger TRN10064,Passenger
TRN13620,Express TRN13620,Express
TRN11889,Express TRN11889,Express
TRN12984,Superfast TRN12984,Superfast
TRN14780,Express TRN14780,Express
TRN10165,Express TRN10165,Express
TRN10758,Superfast TRN10758,Superfast
TRN11396,Passenger TRN11396,Passenger
TRN13661,Superfast TRN13661,Superfast
TRN14721,Passenger TRN14721,Passenger
TRN14506,Express TRN14506,Express
TRN13554,Passenger TRN13554,Passenger
TRN10025,Superfast TRN10025,Superfast
TRN10930,Superfast TRN10930,Superfast
TRN14095,Passenger TRN14095,Passenger
TRN11810,Passenger TRN11810,Passenger
TRN13475,Rajdhani TRN13475,Rajdhani
TRN14875,Express TRN14875,Express
TRN13695,Express TRN13695,Express
TRN12021,Rajdhani TRN12021,Rajdhani
TRN13994,Passenger TRN13994,Passenger
TRN13487,Rajdhani TRN13487,Rajdhani
TRN10265,Superfast TRN10265,Superfast
TRN14592,Superfast TRN14592,Superfast
TRN13169,Superfast TRN13169,Superfast
TRN13630,Vande Bharat TRN13630,Vande Bharat
TRN11230,Rajdhani TRN11230,Rajdhani
TRN12119,Rajdhani TRN12119,Rajdhani
TRN10811,Rajdhani TRN10811,Rajdhani
TRN12426,Express TRN12426,Express
TRN12449,Rajdhani TRN12449,Rajdhani
TRN11161,Passenger TRN11161,Passenger
TRN13815,Vande Bharat TRN13815,Vande Bharat
TRN10216,Passenger TRN10216,Passenger
TRN11134,Passenger TRN11134,Passenger
TRN14519,Express TRN14519,Express
TRN13053,Express TRN13053,Express
TRN12272,Superfast TRN12272,Superfast
TRN13359,Rajdhani TRN13359,Rajdhani
TRN12045,Rajdhani TRN12045,Rajdhani
TRN14234,Superfast TRN14234,Superfast
TRN12632,Superfast TRN12632,Superfast
TRN11832,Superfast TRN11832,Superfast
TRN10031,Express TRN10031,Express
TRN11610,Express TRN11610,Express
TRN11998,Passenger TRN11998,Passenger
TRN10077,Express TRN10077,Express
TRN14009,Passenger TRN14009,Passenger
TRN12111,Shatabdi TRN12111,Shatabdi
TRN11355,Express TRN11355,Express
TRN14985,Rajdhani TRN14985,Rajdhani
TRN13428,Express TRN13428,Express
TRN14976,Vande Bharat TRN14976,Vande Bharat
TRN11217,Express TRN11217,Express
TRN13882,Express TRN13882,Express
TRN12726,Express TRN12726,Express
TRN14311,Superfast TRN14311,Superfast
TRN14654,Vande Bharat TRN14654,Vande Bharat
TRN11330,Vande Bharat TRN11330,Vande Bharat
TRN13894,Rajdhani TRN13894,Rajdhani
TRN12059,Express TRN12059,Express
TRN11502,Shatabdi TRN11502,Shatabdi
TRN13600,Express TRN13600,Express
TRN10040,Passenger TRN10040,Passenger
TRN10129,Superfast TRN10129,Superfast
TRN14264,Passenger TRN14264,Passenger
TRN10212,Express TRN10212,Express
TRN14691,Passenger TRN14691,Passenger
TRN13492,Express TRN13492,Express
TRN13412,Shatabdi TRN13412,Shatabdi
TRN12824,Passenger TRN12824,Passenger
TRN13685,Passenger TRN13685,Passenger
TRN10907,Superfast TRN10907,Superfast
TRN13067,Passenger TRN13067,Passenger
TRN14074,Rajdhani TRN14074,Rajdhani
TRN14845,Vande Bharat TRN14845,Vande Bharat
TRN10260,Passenger TRN10260,Passenger
TRN13026,Express TRN13026,Express
TRN11523,Express TRN11523,Express
TRN12640,Shatabdi TRN12640,Shatabdi
TRN14791,Passenger TRN14791,Passenger
TRN10957,Express TRN10957,Express
TRN10688,Passenger TRN10688,Passenger
TRN14793,Express TRN14793,Express
TRN13093,Rajdhani TRN13093,Rajdhani
TRN12460,Superfast TRN12460,Superfast
TRN12949,Superfast TRN12949,Superfast
TRN10045,Express TRN10045,Express
TRN14423,Passenger TRN14423,Passenger
TRN12729,Superfast TRN12729,Superfast
TRN10480,Express TRN10480,Express
TRN14673,Superfast TRN14673,Superfast
TRN13071,Superfast TRN13071,Superfast
TRN12968,Rajdhani TRN12968,Rajdhani
TRN12810,Vande Bharat TRN12810,Vande Bharat
TRN12373,Passenger TRN12373,Passenger
TRN11656,Superfast TRN11656,Superfast
TRN13213,Passenger TRN13213,Passenger
TRN10658,Express TRN10658,Express
TRN12652,Passenger TRN12652,Passenger
TRN12271,Rajdhani TRN12271,Rajdhani
TRN13361,Express TRN13361,Express
TRN13837,Express TRN13837,Express
TRN11139,Passenger TRN11139,Passenger
TRN12039,Express TRN12039,Express
TRN12930,Passenger TRN12930,Passenger
TRN11601,Superfast TRN11601,Superfast
TRN10267,Superfast TRN10267,Superfast
TRN10034,Passenger TRN10034,Passenger
TRN13063,Passenger TRN13063,Passenger
TRN14425,Superfast TRN14425,Superfast
TRN13068,Passenger TRN13068,Passenger
TRN11364,Express TRN11364,Express
TRN14869,Superfast TRN14869,Superfast
TRN13623,Shatabdi TRN13623,Shatabdi
TRN11545,Passenger TRN11545,Passenger
TRN12646,Passenger TRN12646,Passenger
TRN13167,Vande Bharat TRN13167,Vande Bharat
TRN12735,Superfast TRN12735,Superfast
TRN10214,Express TRN10214,Express
TRN14177,Superfast TRN14177,Superfast
TRN12033,Express TRN12033,Express
TRN13389,Passenger TRN13389,Passenger
TRN12943,Passenger TRN12943,Passenger
TRN11971,Express TRN11971,Express
TRN10501,Passenger TRN10501,Passenger
TRN11240,Superfast TRN11240,Superfast
TRN10504,Passenger TRN10504,Passenger
TRN13111,Passenger TRN13111,Passenger
TRN13261,Shatabdi TRN13261,Shatabdi
TRN11125,Express TRN11125,Express
TRN11441,Shatabdi TRN11441,Shatabdi
TRN12840,Passenger TRN12840,Passenger
TRN14622,Express TRN14622,Express
TRN14647,Express TRN14647,Express
TRN10496,Passenger TRN10496,Passenger
TRN14528,Superfast TRN14528,Superfast
TRN10567,Express TRN10567,Express
TRN11067,Express TRN11067,Express
TRN13153,Superfast TRN13153,Superfast
TRN13706,Rajdhani TRN13706,Rajdhani
TRN11183,Express TRN11183,Express
TRN10350,Passenger TRN10350,Passenger
TRN11909,Superfast TRN11909,Superfast
TRN13127,Vande Bharat TRN13127,Vande Bharat
TRN12846,Superfast TRN12846,Superfast
TRN10533,Superfast TRN10533,Superfast
TRN14667,Superfast TRN14667,Superfast
TRN14344,Vande Bharat TRN14344,Vande Bharat
TRN10068,Passenger TRN10068,Passenger
TRN11457,Passenger TRN11457,Passenger
TRN10621,Express TRN10621,Express
TRN13519,Superfast TRN13519,Superfast
TRN11314,Rajdhani TRN11314,Rajdhani
TRN13524,Passenger TRN13524,Passenger
TRN11399,Express TRN11399,Express
TRN14647,Passenger TRN14647,Passenger
TRN10917,Express TRN10917,Express
TRN12453,Superfast TRN12453,Superfast
TRN10194,Superfast TRN10194,Superfast
TRN10589,Passenger TRN10589,Passenger
TRN11467,Vande Bharat TRN11467,Vande Bharat
TRN14925,Express TRN14925,Express
TRN10744,Express TRN10744,Express
TRN10160,Express TRN10160,Express
TRN13269,Vande Bharat TRN13269,Vande Bharat
TRN11282,Superfast TRN11282,Superfast
TRN13937,Superfast TRN13937,Superfast
TRN14487,Rajdhani TRN14487,Rajdhani
TRN12793,Express TRN12793,Express
TRN13178,Passenger TRN13178,Passenger
TRN13451,Rajdhani TRN13451,Rajdhani
TRN12589,Superfast TRN12589,Superfast
TRN12852,Express TRN12852,Express
TRN12339,Express TRN12339,Express
TRN10981,Vande Bharat TRN10981,Vande Bharat
TRN11807,Passenger TRN11807,Passenger
TRN14856,Shatabdi TRN14856,Shatabdi
TRN13197,Superfast TRN13197,Superfast
TRN13347,Superfast TRN13347,Superfast
TRN14578,Express TRN14578,Express
TRN14106,Express TRN14106,Express
TRN10768,Superfast TRN10768,Superfast
TRN11879,Superfast TRN11879,Superfast
TRN12758,Express TRN12758,Express
TRN12689,Rajdhani TRN12689,Rajdhani
TRN13072,Passenger TRN13072,Passenger
TRN14718,Passenger TRN14718,Passenger
TRN14604,Passenger TRN14604,Passenger
TRN11742,Express TRN11742,Express
TRN11892,Passenger TRN11892,Passenger
TRN13379,Express TRN13379,Express
TRN14908,Vande Bharat TRN14908,Vande Bharat
TRN10045,Rajdhani TRN10045,Rajdhani
TRN11181,Superfast TRN11181,Superfast
TRN12386,Passenger TRN12386,Passenger
TRN11825,Rajdhani TRN11825,Rajdhani
TRN13666,Passenger TRN13666,Passenger
TRN12372,Superfast TRN12372,Superfast
TRN11472,Passenger TRN11472,Passenger
TRN12196,Superfast TRN12196,Superfast
TRN13382,Superfast TRN13382,Superfast
TRN10905,Express TRN10905,Express
TRN12277,Express TRN12277,Express
TRN10241,Express TRN10241,Express
TRN12453,Shatabdi TRN12453,Shatabdi
TRN14621,Passenger TRN14621,Passenger
TRN11456,Superfast TRN11456,Superfast
TRN11578,Rajdhani TRN11578,Rajdhani
TRN13794,Express TRN13794,Express
TRN11632,Superfast TRN11632,Superfast
TRN14155,Passenger TRN14155,Passenger
TRN12388,Superfast TRN12388,Superfast
TRN14299,Passenger TRN14299,Passenger
TRN14704,Passenger TRN14704,Passenger
TRN14656,Superfast TRN14656,Superfast
TRN13358,Passenger TRN13358,Passenger
TRN14993,Passenger TRN14993,Passenger
TRN10853,Express TRN10853,Express
TRN10247,Superfast TRN10247,Superfast
TRN12617,Passenger TRN12617,Passenger
TRN13144,Express TRN13144,Express
TRN13058,Vande Bharat TRN13058,Vande Bharat
TRN10420,Express TRN10420,Express
TRN10337,Superfast TRN10337,Superfast
TRN13379,Superfast TRN13379,Superfast
TRN10683,Passenger TRN10683,Passenger
TRN13411,Express TRN13411,Express
TRN11854,Superfast TRN11854,Superfast
TRN13341,Shatabdi TRN13341,Shatabdi
TRN13515,Express TRN13515,Express
TRN13871,Vande Bharat TRN13871,Vande Bharat
TRN13369,Passenger TRN13369,Passenger
TRN12283,Passenger TRN12283,Passenger
TRN12552,Express TRN12552,Express
TRN11374,Rajdhani TRN11374,Rajdhani
TRN10885,Express TRN10885,Express
TRN14179,Superfast TRN14179,Superfast
TRN14825,Passenger TRN14825,Passenger
TRN10137,Vande Bharat TRN10137,Vande Bharat
TRN10678,Passenger TRN10678,Passenger
TRN10244,Express TRN10244,Express
TRN13909,Superfast TRN13909,Superfast
TRN13223,Superfast TRN13223,Superfast
TRN13061,Passenger TRN13061,Passenger
TRN10380,Shatabdi TRN10380,Shatabdi
TRN10408,Shatabdi TRN10408,Shatabdi
TRN13334,Express TRN13334,Express
TRN10610,Rajdhani TRN10610,Rajdhani
TRN13954,Vande Bharat TRN13954,Vande Bharat
TRN13855,Express TRN13855,Express
TRN10122,Express TRN10122,Express
TRN11570,Express TRN11570,Express
TRN14364,Passenger TRN14364,Passenger
TRN11706,Passenger TRN11706,Passenger
TRN14614,Superfast TRN14614,Superfast
TRN11325,Vande Bharat TRN11325,Vande Bharat
TRN14066,Superfast TRN14066,Superfast
TRN10354,Passenger TRN10354,Passenger
TRN13182,Passenger TRN13182,Passenger
TRN14296,Superfast TRN14296,Superfast
TRN11133,Superfast TRN11133,Superfast
TRN10900,Passenger TRN10900,Passenger
TRN14376,Vande Bharat TRN14376,Vande Bharat
TRN12663,Shatabdi TRN12663,Shatabdi
TRN13498,Express TRN13498,Express
TRN11642,Superfast TRN11642,Superfast
TRN12622,Express TRN12622,Express
TRN13579,Passenger TRN13579,Passenger
TRN12355,Passenger TRN12355,Passenger
TRN11391,Vande Bharat TRN11391,Vande Bharat
TRN11333,Superfast TRN11333,Superfast
TRN14806,Superfast TRN14806,Superfast
TRN14723,Superfast TRN14723,Superfast
TRN14401,Superfast TRN14401,Superfast
TRN12620,Superfast TRN12620,Superfast
TRN13293,Express TRN13293,Express
TRN11919,Passenger TRN11919,Passenger
TRN11157,Superfast TRN11157,Superfast
TRN13397,Superfast TRN13397,Superfast
TRN14966,Passenger TRN14966,Passenger
TRN12637,Shatabdi TRN12637,Shatabdi
TRN11075,Express TRN11075,Express
TRN12384,Superfast TRN12384,Superfast
TRN13474,Superfast TRN13474,Superfast
TRN12439,Vande Bharat TRN12439,Vande Bharat
TRN10886,Rajdhani TRN10886,Rajdhani
TRN13488,Superfast TRN13488,Superfast
TRN14526,Express TRN14526,Express
TRN10913,Express TRN10913,Express
TRN12099,Passenger TRN12099,Passenger
TRN12759,Passenger TRN12759,Passenger
TRN14148,Rajdhani TRN14148,Rajdhani
TRN11216,Shatabdi TRN11216,Shatabdi
TRN12658,Superfast TRN12658,Superfast
TRN14880,Express TRN14880,Express
TRN11320,Passenger TRN11320,Passenger
TRN14459,Rajdhani TRN14459,Rajdhani
TRN10526,Passenger TRN10526,Passenger
TRN10147,Rajdhani TRN10147,Rajdhani
TRN10412,Vande Bharat TRN10412,Vande Bharat
TRN12305,Express TRN12305,Express
TRN11694,Passenger TRN11694,Passenger
TRN10970,Shatabdi TRN10970,Shatabdi
TRN13785,Passenger TRN13785,Passenger
TRN11494,Passenger TRN11494,Passenger
TRN11311,Express TRN11311,Express
TRN12486,Passenger TRN12486,Passenger
TRN10658,Rajdhani TRN10658,Rajdhani
TRN13776,Rajdhani TRN13776,Rajdhani
TRN14961,Express TRN14961,Express
TRN10060,Passenger TRN10060,Passenger
TRN11669,Express TRN11669,Express
TRN10914,Superfast TRN10914,Superfast
TRN11398,Express TRN11398,Express
TRN14159,Vande Bharat TRN14159,Vande Bharat
TRN14735,Passenger TRN14735,Passenger
TRN13724,Passenger TRN13724,Passenger
TRN10168,Passenger TRN10168,Passenger
TRN12335,Passenger TRN12335,Passenger
TRN13063,Superfast TRN13063,Superfast
TRN10230,Vande Bharat TRN10230,Vande Bharat
TRN10569,Express TRN10569,Express
TRN10596,Express TRN10596,Express
TRN10244,Rajdhani TRN10244,Rajdhani
TRN10486,Passenger TRN10486,Passenger
TRN13025,Express TRN13025,Express
TRN13924,Superfast TRN13924,Superfast
TRN12429,Express TRN12429,Express
TRN12145,Vande Bharat TRN12145,Vande Bharat
TRN11977,Superfast TRN11977,Superfast
TRN11891,Passenger TRN11891,Passenger
TRN12464,Passenger TRN12464,Passenger
TRN10225,Superfast TRN10225,Superfast
TRN11533,Passenger TRN11533,Passenger
TRN10977,Rajdhani TRN10977,Rajdhani
TRN12469,Superfast TRN12469,Superfast
TRN11341,Vande Bharat TRN11341,Vande Bharat
TRN11197,Shatabdi TRN11197,Shatabdi
TRN13086,Rajdhani TRN13086,Rajdhani
TRN11503,Superfast TRN11503,Superfast
TRN12519,Rajdhani TRN12519,Rajdhani
TRN14847,Express TRN14847,Express
TRN11547,Express TRN11547,Express
TRN11812,Passenger TRN11812,Passenger
TRN12199,Superfast TRN12199,Superfast
TRN12536,Rajdhani TRN12536,Rajdhani
TRN14830,Passenger TRN14830,Passenger
TRN12635,Express TRN12635,Express
TRN12559,Passenger TRN12559,Passenger
TRN12952,Superfast TRN12952,Superfast
TRN12626,Superfast TRN12626,Superfast
TRN14396,Passenger TRN14396,Passenger
TRN13825,Passenger TRN13825,Passenger
TRN10971,Express TRN10971,Express
TRN13691,Express TRN13691,Express
TRN11145,Express TRN11145,Express
TRN13040,Superfast TRN13040,Superfast
TRN13542,Superfast TRN13542,Superfast
TRN13806,Passenger TRN13806,Passenger
TRN13426,Passenger TRN13426,Passenger
TRN11396,Rajdhani TRN11396,Rajdhani
TRN12536,Passenger TRN12536,Passenger
TRN13446,Superfast TRN13446,Superfast
TRN13723,Superfast TRN13723,Superfast
TRN14586,Superfast TRN14586,Superfast
TRN12044,Passenger TRN12044,Passenger
TRN10789,Superfast TRN10789,Superfast
TRN10837,Rajdhani TRN10837,Rajdhani
TRN11929,Express TRN11929,Express
TRN13867,Superfast TRN13867,Superfast
TRN12528,Express TRN12528,Express
TRN10530,Passenger TRN10530,Passenger
TRN13186,Rajdhani TRN13186,Rajdhani
TRN12625,Passenger TRN12625,Passenger
TRN13659,Superfast TRN13659,Superfast
TRN14853,Rajdhani TRN14853,Rajdhani
TRN12389,Express TRN12389,Express
TRN11980,Shatabdi TRN11980,Shatabdi
TRN14489,Superfast TRN14489,Superfast
TRN12657,Rajdhani TRN12657,Rajdhani
TRN14239,Express TRN14239,Express
TRN10597,Superfast TRN10597,Superfast
TRN13000,Passenger TRN13000,Passenger
TRN10264,Passenger TRN10264,Passenger
TRN14578,Passenger TRN14578,Passenger
TRN14289,Passenger TRN14289,Passenger
TRN13121,Passenger TRN13121,Passenger
TRN14583,Express TRN14583,Express
TRN10878,Passenger TRN10878,Passenger
TRN13930,Passenger TRN13930,Passenger
TRN11399,Passenger TRN11399,Passenger
TRN12782,Superfast TRN12782,Superfast
TRN14153,Vande Bharat TRN14153,Vande Bharat
TRN11202,Express TRN11202,Express
TRN13532,Passenger TRN13532,Passenger
TRN10827,Rajdhani TRN10827,Rajdhani
TRN10894,Vande Bharat TRN10894,Vande Bharat
TRN10009,Passenger TRN10009,Passenger
TRN12936,Superfast TRN12936,Superfast
TRN13954,Express TRN13954,Express
TRN11022,Shatabdi TRN11022,Shatabdi
TRN12034,Passenger TRN12034,Passenger
TRN11150,Rajdhani TRN11150,Rajdhani
TRN10091,Express TRN10091,Express
TRN11365,Passenger TRN11365,Passenger
TRN10412,Rajdhani TRN10412,Rajdhani
TRN12872,Vande Bharat TRN12872,Vande Bharat
TRN11893,Express TRN11893,Express
TRN11606,Vande Bharat TRN11606,Vande Bharat
TRN13197,Passenger TRN13197,Passenger
TRN11583,Rajdhani TRN11583,Rajdhani
TRN10059,Vande Bharat TRN10059,Vande Bharat
TRN10912,Vande Bharat TRN10912,Vande Bharat
TRN13486,Passenger TRN13486,Passenger
TRN11646,Passenger TRN11646,Passenger
TRN12806,Rajdhani TRN12806,Rajdhani
TRN12355,Superfast TRN12355,Superfast
TRN13388,Express TRN13388,Express
TRN13156,Passenger TRN13156,Passenger
TRN14015,Express TRN14015,Express
TRN12789,Express TRN12789,Express
TRN12308,Vande Bharat TRN12308,Vande Bharat
TRN12672,Passenger TRN12672,Passenger
TRN11004,Superfast TRN11004,Superfast
TRN12383,Passenger TRN12383,Passenger
TRN13243,Vande Bharat TRN13243,Vande Bharat
TRN13982,Passenger TRN13982,Passenger
TRN14951,Shatabdi TRN14951,Shatabdi
TRN14208,Rajdhani TRN14208,Rajdhani
TRN11759,Shatabdi TRN11759,Shatabdi
TRN11510,Superfast TRN11510,Superfast
TRN11314,Superfast TRN11314,Superfast
TRN14920,Shatabdi TRN14920,Shatabdi
TRN14891,Express TRN14891,Express
TRN13345,Superfast TRN13345,Superfast
TRN13649,Passenger TRN13649,Passenger
TRN14549,Superfast TRN14549,Superfast
TRN12433,Superfast TRN12433,Superfast
TRN14733,Superfast TRN14733,Superfast
TRN14833,Express TRN14833,Express
TRN11446,Vande Bharat TRN11446,Vande Bharat
TRN12315,Rajdhani TRN12315,Rajdhani
TRN13257,Rajdhani TRN13257,Rajdhani
TRN13104,Passenger TRN13104,Passenger
TRN14829,Vande Bharat TRN14829,Vande Bharat
TRN14468,Passenger TRN14468,Passenger
TRN13222,Superfast TRN13222,Superfast
TRN11711,Express TRN11711,Express
TRN13801,Superfast TRN13801,Superfast
TRN11174,Superfast TRN11174,Superfast
TRN13259,Superfast TRN13259,Superfast
TRN13418,Express TRN13418,Express
TRN10724,Passenger TRN10724,Passenger
TRN11526,Superfast TRN11526,Superfast
TRN12686,Vande Bharat TRN12686,Vande Bharat
TRN11912,Superfast TRN11912,Superfast
TRN10410,Superfast TRN10410,Superfast
TRN12223,Superfast TRN12223,Superfast
TRN12090,Vande Bharat TRN12090,Vande Bharat
TRN12861,Rajdhani TRN12861,Rajdhani
TRN13564,Passenger TRN13564,Passenger
TRN11300,Rajdhani TRN11300,Rajdhani
TRN14108,Superfast TRN14108,Superfast
TRN14517,Express TRN14517,Express
TRN12386,Superfast TRN12386,Superfast
TRN12214,Passenger TRN12214,Passenger
TRN14099,Vande Bharat TRN14099,Vande Bharat
TRN10985,Superfast TRN10985,Superfast
TRN14266,Passenger TRN14266,Passenger
TRN11727,Rajdhani TRN11727,Rajdhani
TRN12861,Express TRN12861,Express
TRN14480,Passenger TRN14480,Passenger
TRN12358,Passenger TRN12358,Passenger
TRN12085,Passenger TRN12085,Passenger
TRN10654,Superfast TRN10654,Superfast
TRN12995,Express TRN12995,Express
TRN13292,Vande Bharat TRN13292,Vande Bharat
TRN14546,Shatabdi TRN14546,Shatabdi
TRN13479,Superfast TRN13479,Superfast
TRN11472,Superfast TRN11472,Superfast
TRN12942,Rajdhani TRN12942,Rajdhani
TRN10206,Passenger TRN10206,Passenger
TRN13645,Express TRN13645,Express
TRN14045,Vande Bharat TRN14045,Vande Bharat
TRN10839,Superfast TRN10839,Superfast
TRN11808,Express TRN11808,Express
TRN14631,Passenger TRN14631,Passenger
TRN12607,Passenger TRN12607,Passenger
TRN11821,Express TRN11821,Express
TRN12284,Passenger TRN12284,Passenger
TRN14048,Express TRN14048,Express
TRN13448,Express TRN13448,Express
TRN14718,Express TRN14718,Express
TRN11159,Rajdhani TRN11159,Rajdhani
TRN11557,Express TRN11557,Express
TRN13800,Passenger TRN13800,Passenger
TRN11625,Passenger TRN11625,Passenger
TRN13933,Passenger TRN13933,Passenger
TRN12256,Passenger TRN12256,Passenger
TRN13243,Passenger TRN13243,Passenger
TRN12469,Vande Bharat TRN12469,Vande Bharat
TRN13850,Superfast TRN13850,Superfast
TRN14038,Express TRN14038,Express
TRN13657,Passenger TRN13657,Passenger
TRN14033,Superfast TRN14033,Superfast
TRN10768,Rajdhani TRN10768,Rajdhani
TRN11665,Vande Bharat TRN11665,Vande Bharat
TRN13655,Superfast TRN13655,Superfast
TRN11673,Express TRN11673,Express
TRN10043,Passenger TRN10043,Passenger
TRN13799,Shatabdi TRN13799,Shatabdi
TRN11307,Rajdhani TRN11307,Rajdhani
TRN13932,Express TRN13932,Express
TRN11955,Express TRN11955,Express
TRN14606,Passenger TRN14606,Passenger
TRN12949,Express TRN12949,Express
TRN11289,Rajdhani TRN11289,Rajdhani
TRN11347,Passenger TRN11347,Passenger
TRN10106,Superfast TRN10106,Superfast
TRN14400,Superfast TRN14400,Superfast
TRN10947,Express TRN10947,Express
TRN13317,Superfast TRN13317,Superfast
TRN11162,Vande Bharat TRN11162,Vande Bharat
TRN12395,Superfast TRN12395,Superfast
TRN10973,Superfast TRN10973,Superfast
TRN13154,Superfast TRN13154,Superfast
TRN13967,Vande Bharat TRN13967,Vande Bharat
TRN13043,Superfast TRN13043,Superfast
TRN10675,Superfast TRN10675,Superfast
TRN13070,Express TRN13070,Express
TRN10319,Rajdhani TRN10319,Rajdhani
TRN10742,Express TRN10742,Express
TRN12799,Passenger TRN12799,Passenger
TRN14872,Rajdhani TRN14872,Rajdhani
TRN14056,Rajdhani TRN14056,Rajdhani
TRN14760,Passenger TRN14760,Passenger
TRN12425,Rajdhani TRN12425,Rajdhani
TRN11359,Rajdhani TRN11359,Rajdhani
TRN11130,Vande Bharat TRN11130,Vande Bharat
TRN12206,Express TRN12206,Express
TRN13594,Passenger TRN13594,Passenger
TRN14067,Superfast TRN14067,Superfast
TRN13733,Shatabdi TRN13733,Shatabdi
TRN14436,Express TRN14436,Express
TRN11735,Express TRN11735,Express
TRN11082,Express TRN11082,Express
TRN14510,Superfast TRN14510,Superfast
TRN14130,Superfast TRN14130,Superfast
TRN13911,Express TRN13911,Express
TRN14071,Shatabdi TRN14071,Shatabdi
TRN10972,Passenger TRN10972,Passenger
TRN10172,Superfast TRN10172,Superfast
TRN14504,Express TRN14504,Express
TRN11693,Express TRN11693,Express
TRN10590,Vande Bharat TRN10590,Vande Bharat
TRN10819,Passenger TRN10819,Passenger
TRN14910,Express TRN14910,Express
TRN12774,Passenger TRN12774,Passenger
TRN12634,Express TRN12634,Express
TRN13128,Express TRN13128,Express
TRN10967,Shatabdi TRN10967,Shatabdi
TRN13373,Vande Bharat TRN13373,Vande Bharat
TRN10678,Superfast TRN10678,Superfast
TRN12215,Superfast TRN12215,Superfast
TRN14621,Superfast TRN14621,Superfast
TRN14755,Superfast TRN14755,Superfast
TRN10260,Express TRN10260,Express
TRN11618,Superfast TRN11618,Superfast
TRN13827,Express TRN13827,Express
TRN14385,Express TRN14385,Express
TRN10304,Superfast TRN10304,Superfast
TRN14057,Rajdhani TRN14057,Rajdhani
TRN11651,Passenger TRN11651,Passenger
TRN10671,Vande Bharat TRN10671,Vande Bharat
TRN10935,Passenger TRN10935,Passenger
TRN10768,Passenger TRN10768,Passenger
TRN10218,Vande Bharat TRN10218,Vande Bharat
TRN12192,Vande Bharat TRN12192,Vande Bharat
TRN13216,Shatabdi TRN13216,Shatabdi
TRN10933,Express TRN10933,Express
TRN10323,Passenger TRN10323,Passenger
TRN10036,Rajdhani TRN10036,Rajdhani
TRN10816,Vande Bharat TRN10816,Vande Bharat
TRN11038,Vande Bharat TRN11038,Vande Bharat
TRN14727,Express TRN14727,Express
TRN10264,Vande Bharat TRN10264,Vande Bharat
TRN10204,Shatabdi TRN10204,Shatabdi
TRN14908,Superfast TRN14908,Superfast
TRN13968,Passenger TRN13968,Passenger
TRN13510,Express TRN13510,Express
TRN14087,Rajdhani TRN14087,Rajdhani
TRN13936,Shatabdi TRN13936,Shatabdi
TRN10638,Passenger TRN10638,Passenger
TRN12590,Passenger TRN12590,Passenger
TRN11312,Rajdhani TRN11312,Rajdhani
TRN12126,Superfast TRN12126,Superfast
TRN10823,Express TRN10823,Express
TRN12698,Passenger TRN12698,Passenger
TRN12163,Vande Bharat TRN12163,Vande Bharat
TRN12362,Rajdhani TRN12362,Rajdhani
TRN10367,Express TRN10367,Express
TRN13044,Vande Bharat TRN13044,Vande Bharat
TRN11986,Vande Bharat TRN11986,Vande Bharat
TRN12525,Superfast TRN12525,Superfast
TRN12076,Shatabdi TRN12076,Shatabdi
TRN10883,Superfast TRN10883,Superfast
TRN13284,Express TRN13284,Express
TRN12213,Superfast TRN12213,Superfast
TRN11988,Passenger TRN11988,Passenger
TRN10703,Passenger TRN10703,Passenger
TRN14938,Shatabdi TRN14938,Shatabdi
TRN13867,Shatabdi TRN13867,Shatabdi
TRN13212,Express TRN13212,Express
TRN10446,Express TRN10446,Express
TRN11238,Superfast TRN11238,Superfast
TRN13827,Passenger TRN13827,Passenger
TRN14265,Superfast TRN14265,Superfast
TRN13296,Express TRN13296,Express
TRN12680,Superfast TRN12680,Superfast
TRN10487,Superfast TRN10487,Superfast
TRN13978,Rajdhani TRN13978,Rajdhani
TRN12063,Passenger TRN12063,Passenger
TRN14603,Rajdhani TRN14603,Rajdhani
TRN11464,Passenger TRN11464,Passenger
TRN14307,Express TRN14307,Express
TRN10186,Express TRN10186,Express
TRN12047,Superfast TRN12047,Superfast
TRN13648,Express TRN13648,Express
TRN12945,Vande Bharat TRN12945,Vande Bharat
TRN13883,Superfast TRN13883,Superfast
TRN12247,Express TRN12247,Express
TRN10193,Superfast TRN10193,Superfast
TRN10440,Express TRN10440,Express
TRN10810,Rajdhani TRN10810,Rajdhani
TRN12135,Shatabdi TRN12135,Shatabdi
TRN10315,Passenger TRN10315,Passenger
TRN14607,Passenger TRN14607,Passenger
TRN11870,Passenger TRN11870,Passenger
TRN12180,Passenger TRN12180,Passenger
TRN14514,Express TRN14514,Express
TRN10411,Superfast TRN10411,Superfast
TRN13761,Vande Bharat TRN13761,Vande Bharat
TRN11370,Express TRN11370,Express
TRN12107,Express TRN12107,Express
TRN10667,Express TRN10667,Express
TRN13963,Passenger TRN13963,Passenger
TRN13493,Superfast TRN13493,Superfast
TRN10474,Superfast TRN10474,Superfast
TRN10664,Superfast TRN10664,Superfast
TRN10279,Passenger TRN10279,Passenger
TRN14337,Passenger TRN14337,Passenger
TRN12070,Superfast TRN12070,Superfast
TRN11606,Express TRN11606,Express
TRN10577,Superfast TRN10577,Superfast
TRN12207,Rajdhani TRN12207,Rajdhani
TRN10169,Express TRN10169,Express
TRN13692,Superfast TRN13692,Superfast
TRN13433,Express TRN13433,Express
TRN11165,Express TRN11165,Express
TRN10662,Rajdhani TRN10662,Rajdhani
TRN13278,Rajdhani TRN13278,Rajdhani
TRN12312,Express TRN12312,Express
TRN14962,Express TRN14962,Express
TRN14134,Passenger TRN14134,Passenger
TRN12864,Rajdhani TRN12864,Rajdhani
TRN10380,Express TRN10380,Express
TRN11097,Express TRN11097,Express
TRN10905,Shatabdi TRN10905,Shatabdi
TRN11077,Express TRN11077,Express
TRN10871,Passenger TRN10871,Passenger
TRN12693,Express TRN12693,Express
TRN10454,Express TRN10454,Express
TRN12593,Shatabdi TRN12593,Shatabdi
TRN11556,Shatabdi TRN11556,Shatabdi
TRN13544,Passenger TRN13544,Passenger
TRN14310,Express TRN14310,Express
TRN14682,Vande Bharat TRN14682,Vande Bharat
TRN12157,Rajdhani TRN12157,Rajdhani
TRN13866,Superfast TRN13866,Superfast
TRN13202,Superfast TRN13202,Superfast
TRN14677,Vande Bharat TRN14677,Vande Bharat
TRN11790,Passenger TRN11790,Passenger
TRN12666,Express TRN12666,Express
TRN10921,Superfast TRN10921,Superfast
TRN13970,Express TRN13970,Express
TRN14385,Shatabdi TRN14385,Shatabdi
TRN13729,Express TRN13729,Express
TRN11517,Superfast TRN11517,Superfast
TRN11444,Express TRN11444,Express
TRN14016,Passenger TRN14016,Passenger
TRN12575,Passenger TRN12575,Passenger
TRN13286,Express TRN13286,Express
TRN13037,Superfast TRN13037,Superfast
TRN13556,Express TRN13556,Express
TRN13694,Shatabdi TRN13694,Shatabdi
TRN13074,Superfast TRN13074,Superfast
TRN14348,Passenger TRN14348,Passenger
TRN10080,Passenger TRN10080,Passenger
TRN11428,Express TRN11428,Express
TRN11385,Superfast TRN11385,Superfast
TRN10262,Superfast TRN10262,Superfast
TRN10817,Superfast TRN10817,Superfast
TRN11090,Shatabdi TRN11090,Shatabdi
TRN14538,Passenger TRN14538,Passenger
TRN10743,Express TRN10743,Express
TRN11599,Express TRN11599,Express
TRN13461,Shatabdi TRN13461,Shatabdi
TRN10777,Superfast TRN10777,Superfast
TRN12055,Express TRN12055,Express
TRN12646,Express TRN12646,Express
TRN11736,Superfast TRN11736,Superfast
TRN11032,Rajdhani TRN11032,Rajdhani
TRN14062,Passenger TRN14062,Passenger
TRN14236,Express TRN14236,Express
TRN13264,Shatabdi TRN13264,Shatabdi
TRN12967,Shatabdi TRN12967,Shatabdi
TRN13525,Express TRN13525,Express
TRN13754,Superfast TRN13754,Superfast
TRN13926,Rajdhani TRN13926,Rajdhani
TRN10356,Shatabdi TRN10356,Shatabdi
TRN11218,Superfast TRN11218,Superfast
TRN12449,Passenger TRN12449,Passenger
TRN11188,Superfast TRN11188,Superfast
TRN14198,Passenger TRN14198,Passenger
TRN14693,Vande Bharat TRN14693,Vande Bharat
TRN14526,Passenger TRN14526,Passenger
TRN13899,Passenger TRN13899,Passenger
TRN14540,Express TRN14540,Express
TRN14188,Express TRN14188,Express
TRN13319,Superfast TRN13319,Superfast
TRN11504,Passenger TRN11504,Passenger
TRN10240,Superfast TRN10240,Superfast
TRN11880,Express TRN11880,Express
TRN11833,Passenger TRN11833,Passenger
TRN10640,Passenger TRN10640,Passenger
TRN12498,Express TRN12498,Express
TRN10963,Express TRN10963,Express
TRN12502,Vande Bharat TRN12502,Vande Bharat
TRN13171,Superfast TRN13171,Superfast
TRN12051,Rajdhani TRN12051,Rajdhani
TRN10578,Passenger TRN10578,Passenger
TRN13641,Passenger TRN13641,Passenger
TRN12735,Passenger TRN12735,Passenger
TRN11220,Shatabdi TRN11220,Shatabdi
TRN14429,Superfast TRN14429,Superfast
TRN11506,Express TRN11506,Express
TRN14835,Superfast TRN14835,Superfast
TRN13796,Passenger TRN13796,Passenger
TRN13380,Vande Bharat TRN13380,Vande Bharat
TRN13566,Express TRN13566,Express
TRN14162,Superfast TRN14162,Superfast
TRN11831,Express TRN11831,Express
TRN12704,Superfast TRN12704,Superfast
TRN11935,Passenger TRN11935,Passenger
TRN14371,Passenger TRN14371,Passenger
TRN12639,Express TRN12639,Express
TRN12004,Superfast TRN12004,Superfast
TRN10171,Express TRN10171,Express
TRN12886,Passenger TRN12886,Passenger
TRN11157,Passenger TRN11157,Passenger
TRN13637,Superfast TRN13637,Superfast
TRN14588,Superfast TRN14588,Superfast
TRN10613,Superfast TRN10613,Superfast
TRN14313,Passenger TRN14313,Passenger
TRN10671,Express TRN10671,Express
TRN13543,Express TRN13543,Express
TRN13689,Superfast TRN13689,Superfast
TRN11605,Passenger TRN11605,Passenger
TRN12520,Superfast TRN12520,Superfast
TRN10749,Rajdhani TRN10749,Rajdhani
TRN11328,Passenger TRN11328,Passenger
TRN10114,Superfast TRN10114,Superfast
TRN13577,Passenger TRN13577,Passenger
TRN14744,Passenger TRN14744,Passenger
TRN13454,Superfast TRN13454,Superfast
TRN13610,Express TRN13610,Express
TRN12880,Shatabdi TRN12880,Shatabdi
TRN12827,Superfast TRN12827,Superfast
TRN10133,Express TRN10133,Express
TRN11796,Vande Bharat TRN11796,Vande Bharat
TRN10095,Superfast TRN10095,Superfast
TRN13666,Superfast TRN13666,Superfast
TRN11423,Express TRN11423,Express
TRN14643,Superfast TRN14643,Superfast
TRN11965,Rajdhani TRN11965,Rajdhani
TRN12714,Passenger TRN12714,Passenger
TRN14158,Superfast TRN14158,Superfast
TRN11372,Passenger TRN11372,Passenger
TRN11176,Express TRN11176,Express
TRN14320,Superfast TRN14320,Superfast
TRN12394,Passenger TRN12394,Passenger
TRN12904,Superfast TRN12904,Superfast
TRN13641,Shatabdi TRN13641,Shatabdi
TRN10918,Vande Bharat TRN10918,Vande Bharat
TRN10150,Superfast TRN10150,Superfast
TRN11499,Express TRN11499,Express
TRN14727,Rajdhani TRN14727,Rajdhani
TRN13161,Superfast TRN13161,Superfast
TRN13854,Rajdhani TRN13854,Rajdhani
TRN12900,Superfast TRN12900,Superfast
TRN10961,Passenger TRN10961,Passenger
TRN13701,Superfast TRN13701,Superfast
TRN10180,Superfast TRN10180,Superfast
TRN10548,Shatabdi TRN10548,Shatabdi
TRN11990,Shatabdi TRN11990,Shatabdi
TRN14470,Rajdhani TRN14470,Rajdhani
TRN14541,Passenger TRN14541,Passenger
TRN14159,Express TRN14159,Express
TRN10448,Express TRN10448,Express
TRN10731,Shatabdi TRN10731,Shatabdi
TRN12549,Passenger TRN12549,Passenger
TRN12913,Superfast TRN12913,Superfast
TRN13552,Shatabdi TRN13552,Shatabdi
TRN13335,Express TRN13335,Express
TRN12641,Passenger TRN12641,Passenger
TRN12993,Rajdhani TRN12993,Rajdhani
TRN14809,Passenger TRN14809,Passenger
TRN12707,Express TRN12707,Express
TRN10747,Rajdhani TRN10747,Rajdhani
TRN14456,Passenger TRN14456,Passenger
TRN11256,Rajdhani TRN11256,Rajdhani
TRN11451,Rajdhani TRN11451,Rajdhani
TRN10452,Express TRN10452,Express
TRN12008,Express TRN12008,Express
TRN12184,Shatabdi TRN12184,Shatabdi
TRN10979,Superfast TRN10979,Superfast
TRN12182,Superfast TRN12182,Superfast
TRN12644,Vande Bharat TRN12644,Vande Bharat
TRN11487,Vande Bharat TRN11487,Vande Bharat
TRN14757,Rajdhani TRN14757,Rajdhani
TRN11817,Rajdhani TRN11817,Rajdhani
TRN14810,Passenger TRN14810,Passenger
TRN10655,Rajdhani TRN10655,Rajdhani
TRN14639,Express TRN14639,Express
TRN14076,Passenger TRN14076,Passenger
TRN10130,Rajdhani TRN10130,Rajdhani
TRN13317,Passenger TRN13317,Passenger
TRN13888,Vande Bharat TRN13888,Vande Bharat
TRN11323,Passenger TRN11323,Passenger
TRN12462,Vande Bharat TRN12462,Vande Bharat
TRN11284,Passenger TRN11284,Passenger
TRN11805,Passenger TRN11805,Passenger
TRN12048,Vande Bharat TRN12048,Vande Bharat
TRN12923,Rajdhani TRN12923,Rajdhani
TRN13031,Superfast TRN13031,Superfast
TRN11096,Shatabdi TRN11096,Shatabdi
TRN13003,Passenger TRN13003,Passenger
TRN11304,Express TRN11304,Express
TRN12204,Superfast TRN12204,Superfast
TRN10640,Express TRN10640,Express
TRN13510,Superfast TRN13510,Superfast
TRN12789,Passenger TRN12789,Passenger
TRN10794,Express TRN10794,Express
TRN13934,Express TRN13934,Express
TRN14861,Superfast TRN14861,Superfast
TRN13522,Superfast TRN13522,Superfast
TRN14405,Superfast TRN14405,Superfast
TRN13006,Superfast TRN13006,Superfast
TRN10727,Express TRN10727,Express
TRN13631,Passenger TRN13631,Passenger
TRN12836,Rajdhani TRN12836,Rajdhani
TRN13211,Rajdhani TRN13211,Rajdhani
TRN10708,Vande Bharat TRN10708,Vande Bharat
TRN13135,Passenger TRN13135,Passenger
TRN10829,Express TRN10829,Express
TRN10306,Express TRN10306,Express
TRN11198,Vande Bharat TRN11198,Vande Bharat
TRN13007,Express TRN13007,Express
TRN14194,Superfast TRN14194,Superfast
TRN11863,Vande Bharat TRN11863,Vande Bharat
TRN12197,Vande Bharat TRN12197,Vande Bharat
TRN11677,Superfast TRN11677,Superfast
TRN10457,Express TRN10457,Express
TRN12601,Superfast TRN12601,Superfast
TRN14378,Express TRN14378,Express
TRN14066,Express TRN14066,Express
TRN12821,Passenger TRN12821,Passenger
TRN11916,Vande Bharat TRN11916,Vande Bharat
TRN13380,Shatabdi TRN13380,Shatabdi
TRN13978,Vande Bharat TRN13978,Vande Bharat
TRN13767,Express TRN13767,Express
TRN11703,Express TRN11703,Express
TRN12479,Express TRN12479,Express
TRN11528,Superfast TRN11528,Superfast
TRN11414,Vande Bharat TRN11414,Vande Bharat
TRN10884,Passenger TRN10884,Passenger
TRN11592,Express TRN11592,Express
TRN11853,Passenger TRN11853,Passenger
TRN14365,Shatabdi TRN14365,Shatabdi
TRN14241,Passenger TRN14241,Passenger
TRN11484,Superfast TRN11484,Superfast
TRN13745,Rajdhani TRN13745,Rajdhani
TRN14390,Express TRN14390,Express
TRN13407,Passenger TRN13407,Passenger
TRN11111,Passenger TRN11111,Passenger
TRN14160,Superfast TRN14160,Superfast
TRN13808,Rajdhani TRN13808,Rajdhani
TRN12072,Passenger TRN12072,Passenger
TRN13684,Superfast TRN13684,Superfast
TRN13949,Passenger TRN13949,Passenger
TRN10929,Vande Bharat TRN10929,Vande Bharat
TRN14338,Passenger TRN14338,Passenger
TRN10790,Vande Bharat TRN10790,Vande Bharat
TRN13956,Express TRN13956,Express
TRN12332,Passenger TRN12332,Passenger
TRN12132,Passenger TRN12132,Passenger
TRN14615,Express TRN14615,Express
TRN11205,Vande Bharat TRN11205,Vande Bharat
TRN13386,Express TRN13386,Express
TRN12509,Passenger TRN12509,Passenger
TRN11897,Superfast TRN11897,Superfast
TRN14703,Passenger TRN14703,Passenger
TRN10090,Rajdhani TRN10090,Rajdhani
TRN12053,Express TRN12053,Express
TRN10370,Vande Bharat TRN10370,Vande Bharat
TRN10095,Shatabdi TRN10095,Shatabdi
TRN11047,Rajdhani TRN11047,Rajdhani
TRN10413,Passenger TRN10413,Passenger
TRN12326,Express TRN12326,Express
TRN10068,Superfast TRN10068,Superfast
TRN10481,Superfast TRN10481,Superfast
TRN14895,Superfast TRN14895,Superfast
TRN11359,Passenger TRN11359,Passenger
TRN11133,Express TRN11133,Express
TRN10325,Passenger TRN10325,Passenger
TRN13051,Passenger TRN13051,Passenger
TRN10859,Passenger TRN10859,Passenger
TRN11080,Superfast TRN11080,Superfast
TRN10499,Rajdhani TRN10499,Rajdhani
TRN13999,Vande Bharat TRN13999,Vande Bharat
TRN13250,Express TRN13250,Express
TRN10239,Superfast TRN10239,Superfast
TRN13218,Passenger TRN13218,Passenger
TRN10198,Passenger TRN10198,Passenger
TRN13335,Passenger TRN13335,Passenger
TRN10875,Superfast TRN10875,Superfast
TRN10428,Express TRN10428,Express
TRN12381,Superfast TRN12381,Superfast
TRN12524,Express TRN12524,Express
TRN14421,Passenger TRN14421,Passenger
TRN10929,Rajdhani TRN10929,Rajdhani
TRN11176,Passenger TRN11176,Passenger
TRN10908,Express TRN10908,Express
TRN11245,Express TRN11245,Express
TRN14652,Passenger TRN14652,Passenger
TRN10409,Rajdhani TRN10409,Rajdhani
TRN12181,Shatabdi TRN12181,Shatabdi
TRN11225,Passenger TRN11225,Passenger
TRN12898,Rajdhani TRN12898,Rajdhani
TRN10560,Vande Bharat TRN10560,Vande Bharat
TRN13364,Passenger TRN13364,Passenger
TRN11984,Passenger TRN11984,Passenger
TRN10709,Shatabdi TRN10709,Shatabdi
TRN10367,Superfast TRN10367,Superfast
TRN11443,Passenger TRN11443,Passenger
TRN12579,Passenger TRN12579,Passenger
TRN11434,Superfast TRN11434,Superfast
TRN10136,Express TRN10136,Express
TRN12688,Rajdhani TRN12688,Rajdhani
TRN14897,Shatabdi TRN14897,Shatabdi
TRN14725,Superfast TRN14725,Superfast
TRN14892,Express TRN14892,Express
TRN13908,Passenger TRN13908,Passenger
TRN12191,Vande Bharat TRN12191,Vande Bharat
TRN10048,Express TRN10048,Express
TRN13496,Passenger TRN13496,Passenger
TRN12637,Superfast TRN12637,Superfast
TRN10851,Vande Bharat TRN10851,Vande Bharat
TRN12630,Superfast TRN12630,Superfast
TRN14229,Superfast TRN14229,Superfast
TRN14716,Superfast TRN14716,Superfast
TRN10880,Superfast TRN10880,Superfast
TRN10799,Superfast TRN10799,Superfast
TRN12025,Superfast TRN12025,Superfast
TRN11376,Express TRN11376,Express
TRN13553,Passenger TRN13553,Passenger
TRN11100,Vande Bharat TRN11100,Vande Bharat
TRN12478,Express TRN12478,Express
TRN12011,Rajdhani TRN12011,Rajdhani
TRN10691,Shatabdi TRN10691,Shatabdi
TRN13018,Superfast TRN13018,Superfast
TRN14676,Rajdhani TRN14676,Rajdhani
TRN12038,Shatabdi TRN12038,Shatabdi
TRN11523,Superfast TRN11523,Superfast
TRN13275,Superfast TRN13275,Superfast
TRN11780,Express TRN11780,Express
TRN13691,Passenger TRN13691,Passenger
TRN10218,Express TRN10218,Express
TRN12534,Vande Bharat TRN12534,Vande Bharat
TRN14694,Express TRN14694,Express
TRN12943,Express TRN12943,Express
TRN10158,Express TRN10158,Express
TRN10150,Passenger TRN10150,Passenger
TRN11187,Passenger TRN11187,Passenger
TRN10171,Superfast TRN10171,Superfast
TRN12562,Rajdhani TRN12562,Rajdhani
TRN11253,Vande Bharat TRN11253,Vande Bharat
TRN13526,Express TRN13526,Express
TRN10455,Passenger TRN10455,Passenger
TRN13016,Passenger TRN13016,Passenger
TRN13275,Passenger TRN13275,Passenger
TRN13578,Vande Bharat TRN13578,Vande Bharat
TRN12602,Express TRN12602,Express
TRN10503,Superfast TRN10503,Superfast
TRN10185,Shatabdi TRN10185,Shatabdi
TRN10998,Passenger TRN10998,Passenger
TRN12643,Passenger TRN12643,Passenger
TRN11648,Superfast TRN11648,Superfast
TRN14186,Rajdhani TRN14186,Rajdhani
TRN12754,Shatabdi TRN12754,Shatabdi
TRN11601,Passenger TRN11601,Passenger
TRN12588,Vande Bharat TRN12588,Vande Bharat
TRN13392,Express TRN13392,Express
TRN10041,Express TRN10041,Express
TRN13584,Express TRN13584,Express
TRN10868,Rajdhani TRN10868,Rajdhani
TRN12040,Vande Bharat TRN12040,Vande Bharat
TRN12517,Vande Bharat TRN12517,Vande Bharat
TRN10374,Vande Bharat TRN10374,Vande Bharat
TRN10211,Vande Bharat TRN10211,Vande Bharat
TRN14221,Express TRN14221,Express
TRN13133,Passenger TRN13133,Passenger
TRN14334,Superfast TRN14334,Superfast
TRN12701,Express TRN12701,Express
TRN12557,Rajdhani TRN12557,Rajdhani
TRN10493,Vande Bharat TRN10493,Vande Bharat
TRN10966,Superfast TRN10966,Superfast
TRN14767,Superfast TRN14767,Superfast
TRN13315,Express TRN13315,Express
TRN11922,Superfast TRN11922,Superfast
TRN11690,Superfast TRN11690,Superfast
TRN13975,Express TRN13975,Express
TRN12004,Passenger TRN12004,Passenger
TRN12666,Superfast TRN12666,Superfast
TRN14196,Passenger TRN14196,Passenger
TRN13955,Superfast TRN13955,Superfast
TRN11407,Express TRN11407,Express
TRN12816,Passenger TRN12816,Passenger
TRN12629,Shatabdi TRN12629,Shatabdi
TRN11174,Vande Bharat TRN11174,Vande Bharat
TRN12120,Shatabdi TRN12120,Shatabdi
TRN11841,Superfast TRN11841,Superfast
TRN13595,Superfast TRN13595,Superfast
TRN12139,Express TRN12139,Express
TRN10405,Rajdhani TRN10405,Rajdhani
TRN10925,Passenger TRN10925,Passenger
TRN12577,Express TRN12577,Express
TRN12364,Express TRN12364,Express
TRN10881,Passenger TRN10881,Passenger
TRN13321,Express TRN13321,Express
TRN10875,Shatabdi TRN10875,Shatabdi
TRN11229,Express TRN11229,Express
TRN10812,Vande Bharat TRN10812,Vande Bharat
TRN13052,Passenger TRN13052,Passenger
TRN11888,Superfast TRN11888,Superfast
TRN12521,Superfast TRN12521,Superfast
TRN11595,Express TRN11595,Express
TRN10302,Vande Bharat TRN10302,Vande Bharat
TRN14254,Passenger TRN14254,Passenger
TRN11735,Passenger TRN11735,Passenger
TRN10358,Shatabdi TRN10358,Shatabdi
TRN14245,Shatabdi TRN14245,Shatabdi
TRN14430,Rajdhani TRN14430,Rajdhani
TRN10488,Express TRN10488,Express
TRN10494,Vande Bharat TRN10494,Vande Bharat
TRN10812,Express TRN10812,Express
TRN12852,Superfast TRN12852,Superfast
TRN12734,Express TRN12734,Express
TRN13204,Superfast TRN13204,Superfast
TRN11442,Rajdhani TRN11442,Rajdhani
TRN11119,Shatabdi TRN11119,Shatabdi
TRN14472,Superfast TRN14472,Superfast
TRN11783,Superfast TRN11783,Superfast
TRN12493,Superfast TRN12493,Superfast
TRN13946,Superfast TRN13946,Superfast
TRN14787,Passenger TRN14787,Passenger
TRN13088,Superfast TRN13088,Superfast
TRN11761,Rajdhani TRN11761,Rajdhani
TRN10134,Superfast TRN10134,Superfast
TRN14831,Vande Bharat TRN14831,Vande Bharat
TRN10388,Superfast TRN10388,Superfast
TRN14805,Superfast TRN14805,Superfast
TRN14366,Express TRN14366,Express
TRN14207,Rajdhani TRN14207,Rajdhani
TRN11104,Passenger TRN11104,Passenger
TRN10755,Express TRN10755,Express
TRN13623,Superfast TRN13623,Superfast
TRN14726,Express TRN14726,Express
TRN12134,Superfast TRN12134,Superfast
TRN10921,Passenger TRN10921,Passenger
TRN14063,Express TRN14063,Express
TRN14582,Express TRN14582,Express
TRN10024,Shatabdi TRN10024,Shatabdi
TRN14688,Vande Bharat TRN14688,Vande Bharat
TRN10905,Passenger TRN10905,Passenger
TRN11564,Shatabdi TRN11564,Shatabdi
TRN11251,Passenger TRN11251,Passenger
TRN13313,Passenger TRN13313,Passenger
TRN14973,Passenger TRN14973,Passenger
TRN12263,Express TRN12263,Express
TRN12321,Vande Bharat TRN12321,Vande Bharat
TRN13698,Passenger TRN13698,Passenger
TRN10583,Passenger TRN10583,Passenger
TRN14417,Passenger TRN14417,Passenger
TRN12370,Vande Bharat TRN12370,Vande Bharat
TRN12137,Vande Bharat TRN12137,Vande Bharat
TRN14035,Superfast TRN14035,Superfast
TRN14205,Superfast TRN14205,Superfast
TRN12068,Rajdhani TRN12068,Rajdhani
TRN14682,Express TRN14682,Express
TRN12792,Passenger TRN12792,Passenger
TRN14643,Shatabdi TRN14643,Shatabdi
TRN13695,Rajdhani TRN13695,Rajdhani
TRN10449,Rajdhani TRN10449,Rajdhani
TRN10501,Shatabdi TRN10501,Shatabdi
TRN13488,Express TRN13488,Express
TRN11576,Express TRN11576,Express
TRN14729,Express TRN14729,Express
TRN13009,Passenger TRN13009,Passenger
TRN14665,Passenger TRN14665,Passenger
TRN10619,Rajdhani TRN10619,Rajdhani
TRN10125,Vande Bharat TRN10125,Vande Bharat
TRN10989,Express TRN10989,Express
TRN14972,Express TRN14972,Express
TRN13012,Rajdhani TRN13012,Rajdhani
TRN13288,Passenger TRN13288,Passenger
TRN13168,Express TRN13168,Express
TRN11241,Shatabdi TRN11241,Shatabdi
TRN10245,Rajdhani TRN10245,Rajdhani
TRN13028,Passenger TRN13028,Passenger
TRN14803,Express TRN14803,Express
TRN14183,Shatabdi TRN14183,Shatabdi
TRN14663,Superfast TRN14663,Superfast
TRN14047,Rajdhani TRN14047,Rajdhani
TRN11478,Superfast TRN11478,Superfast
TRN13350,Express TRN13350,Express
TRN14244,Express TRN14244,Express
TRN11320,Vande Bharat TRN11320,Vande Bharat
TRN12190,Superfast TRN12190,Superfast
TRN14697,Superfast TRN14697,Superfast
TRN11373,Rajdhani TRN11373,Rajdhani
TRN12260,Superfast TRN12260,Superfast
TRN10055,Passenger TRN10055,Passenger
TRN12823,Express TRN12823,Express
TRN11941,Passenger TRN11941,Passenger
TRN10719,Superfast TRN10719,Superfast
TRN12845,Superfast TRN12845,Superfast
TRN12431,Passenger TRN12431,Passenger
TRN12826,Vande Bharat TRN12826,Vande Bharat
TRN11678,Express TRN11678,Express
TRN10994,Express TRN10994,Express
TRN11677,Express TRN11677,Express
TRN13674,Rajdhani TRN13674,Rajdhani
TRN10700,Superfast TRN10700,Superfast
TRN12540,Passenger TRN12540,Passenger
TRN11868,Superfast TRN11868,Superfast
TRN12826,Passenger TRN12826,Passenger
TRN11074,Superfast TRN11074,Superfast
TRN10720,Vande Bharat TRN10720,Vande Bharat
TRN12329,Express TRN12329,Express
TRN11048,Superfast TRN11048,Superfast
TRN10495,Express TRN10495,Express
TRN11111,Shatabdi TRN11111,Shatabdi
TRN11324,Rajdhani TRN11324,Rajdhani
TRN11951,Passenger TRN11951,Passenger
TRN11896,Passenger TRN11896,Passenger
TRN14492,Shatabdi TRN14492,Shatabdi
TRN11753,Express TRN11753,Express
TRN10751,Superfast TRN10751,Superfast
TRN14120,Rajdhani TRN14120,Rajdhani
TRN11179,Express TRN11179,Express
TRN10319,Express TRN10319,Express
TRN12316,Superfast TRN12316,Superfast
TRN12099,Vande Bharat TRN12099,Vande Bharat
TRN12328,Vande Bharat TRN12328,Vande Bharat
TRN14522,Vande Bharat TRN14522,Vande Bharat
TRN11123,Superfast TRN11123,Superfast
TRN14430,Passenger TRN14430,Passenger
TRN10209,Passenger TRN10209,Passenger
TRN12585,Superfast TRN12585,Superfast
TRN10239,Shatabdi TRN10239,Shatabdi
TRN12089,Passenger TRN12089,Passenger
TRN11966,Express TRN11966,Express
TRN14006,Express TRN14006,Express
TRN12932,Superfast TRN12932,Superfast
TRN14629,Passenger TRN14629,Passenger
TRN11543,Express TRN11543,Express
TRN13017,Superfast TRN13017,Superfast
TRN11210,Superfast TRN11210,Superfast
TRN10945,Express TRN10945,Express
TRN10975,Express TRN10975,Express
TRN10820,Express TRN10820,Express
TRN14172,Superfast TRN14172,Superfast
TRN11414,Rajdhani TRN11414,Rajdhani
TRN13364,Express TRN13364,Express
TRN11595,Passenger TRN11595,Passenger
TRN12208,Superfast TRN12208,Superfast
TRN14435,Vande Bharat TRN14435,Vande Bharat
TRN13920,Superfast TRN13920,Superfast
TRN13936,Passenger TRN13936,Passenger
TRN12961,Shatabdi TRN12961,Shatabdi
TRN12176,Vande Bharat TRN12176,Vande Bharat
TRN13079,Superfast TRN13079,Superfast
TRN12210,Passenger TRN12210,Passenger
TRN14371,Shatabdi TRN14371,Shatabdi
TRN12211,Superfast TRN12211,Superfast
TRN14864,Vande Bharat TRN14864,Vande Bharat
TRN13993,Passenger TRN13993,Passenger
TRN13120,Rajdhani TRN13120,Rajdhani
TRN14361,Superfast TRN14361,Superfast
TRN11522,Passenger TRN11522,Passenger
TRN11999,Express TRN11999,Express
TRN12316,Express TRN12316,Express
TRN12208,Shatabdi TRN12208,Shatabdi
TRN11827,Express TRN11827,Express
TRN13826,Passenger TRN13826,Passenger
TRN13900,Passenger TRN13900,Passenger
TRN10904,Vande Bharat TRN10904,Vande Bharat
TRN11810,Shatabdi TRN11810,Shatabdi
TRN11853,Express TRN11853,Express
TRN10882,Express TRN10882,Express
TRN14350,Passenger TRN14350,Passenger
TRN10019,Express TRN10019,Express
TRN12259,Shatabdi TRN12259,Shatabdi
TRN12485,Express TRN12485,Express
TRN13737,Vande Bharat TRN13737,Vande Bharat
TRN10374,Express TRN10374,Express
TRN10013,Superfast TRN10013,Superfast
TRN10149,Vande Bharat TRN10149,Vande Bharat
TRN14052,Express TRN14052,Express
TRN12405,Shatabdi TRN12405,Shatabdi
TRN11724,Superfast TRN11724,Superfast
TRN14088,Rajdhani TRN14088,Rajdhani
TRN10848,Express TRN10848,Express
TRN14188,Rajdhani TRN14188,Rajdhani
TRN11658,Superfast TRN11658,Superfast
TRN10616,Passenger TRN10616,Passenger
TRN11975,Rajdhani TRN11975,Rajdhani
TRN13976,Passenger TRN13976,Passenger
TRN12075,Superfast TRN12075,Superfast
TRN14866,Express TRN14866,Express
TRN14998,Vande Bharat TRN14998,Vande Bharat
TRN11324,Passenger TRN11324,Passenger
TRN11576,Vande Bharat TRN11576,Vande Bharat
TRN14189,Passenger TRN14189,Passenger
TRN14353,Passenger TRN14353,Passenger
TRN12821,Express TRN12821,Express
TRN11397,Superfast TRN11397,Superfast
TRN13113,Vande Bharat TRN13113,Vande Bharat
TRN10827,Superfast TRN10827,Superfast
TRN13737,Express TRN13737,Express
TRN14131,Superfast TRN14131,Superfast
TRN12645,Express TRN12645,Express
TRN11559,Superfast TRN11559,Superfast
TRN12296,Vande Bharat TRN12296,Vande Bharat
TRN13590,Passenger TRN13590,Passenger
TRN12817,Superfast TRN12817,Superfast
TRN14485,Passenger TRN14485,Passenger
TRN10914,Express TRN10914,Express
TRN11758,Express TRN11758,Express
TRN10252,Passenger TRN10252,Passenger
TRN11875,Passenger TRN11875,Passenger
TRN12077,Superfast TRN12077,Superfast
TRN13285,Express TRN13285,Express
TRN14700,Vande Bharat TRN14700,Vande Bharat
TRN12510,Passenger TRN12510,Passenger
TRN10680,Passenger TRN10680,Passenger
TRN13125,Superfast TRN13125,Superfast
TRN14135,Passenger TRN14135,Passenger
TRN10373,Express TRN10373,Express
TRN14904,Passenger TRN14904,Passenger
TRN10434,Rajdhani TRN10434,Rajdhani
TRN13520,Superfast TRN13520,Superfast
TRN12393,Superfast TRN12393,Superfast
TRN13863,Rajdhani TRN13863,Rajdhani
TRN10859,Vande Bharat TRN10859,Vande Bharat
TRN12871,Superfast TRN12871,Superfast
TRN10565,Superfast TRN10565,Superfast
TRN13602,Rajdhani TRN13602,Rajdhani
TRN13152,Passenger TRN13152,Passenger
TRN14074,Passenger TRN14074,Passenger
TRN14483,Superfast TRN14483,Superfast
TRN12292,Express TRN12292,Express
TRN10426,Superfast TRN10426,Superfast
TRN14946,Rajdhani TRN14946,Rajdhani
TRN14562,Express TRN14562,Express
TRN12614,Passenger TRN12614,Passenger
TRN14075,Express TRN14075,Express
TRN13404,Shatabdi TRN13404,Shatabdi
TRN14508,Passenger TRN14508,Passenger
TRN11830,Rajdhani TRN11830,Rajdhani
TRN12715,Passenger TRN12715,Passenger
TRN10879,Rajdhani TRN10879,Rajdhani
TRN11768,Express TRN11768,Express
TRN12199,Rajdhani TRN12199,Rajdhani
TRN14580,Passenger TRN14580,Passenger
TRN14392,Passenger TRN14392,Passenger
TRN12410,Rajdhani TRN12410,Rajdhani
TRN14849,Superfast TRN14849,Superfast
TRN12134,Passenger TRN12134,Passenger
TRN13095,Passenger TRN13095,Passenger
TRN13580,Express TRN13580,Express
TRN12503,Passenger TRN12503,Passenger
TRN14480,Shatabdi TRN14480,Shatabdi
TRN12137,Rajdhani TRN12137,Rajdhani
TRN10501,Superfast TRN10501,Superfast
TRN12700,Passenger TRN12700,Passenger
TRN11138,Express TRN11138,Express
TRN13867,Passenger TRN13867,Passenger
TRN13464,Superfast TRN13464,Superfast
TRN13325,Rajdhani TRN13325,Rajdhani
TRN14032,Superfast TRN14032,Superfast
TRN14612,Rajdhani TRN14612,Rajdhani
TRN12435,Passenger TRN12435,Passenger
TRN11087,Superfast TRN11087,Superfast
TRN11596,Rajdhani TRN11596,Rajdhani
TRN12403,Passenger TRN12403,Passenger
TRN12015,Vande Bharat TRN12015,Vande Bharat
TRN10356,Superfast TRN10356,Superfast
TRN13694,Superfast TRN13694,Superfast
TRN12248,Express TRN12248,Express
TRN12991,Superfast TRN12991,Superfast
TRN11496,Vande Bharat TRN11496,Vande Bharat
TRN11276,Express TRN11276,Express
TRN12808,Express TRN12808,Express
TRN12091,Rajdhani TRN12091,Rajdhani
TRN13261,Superfast TRN13261,Superfast
TRN12515,Shatabdi TRN12515,Shatabdi
TRN11660,Rajdhani TRN11660,Rajdhani
TRN11476,Rajdhani TRN11476,Rajdhani
TRN11264,Passenger TRN11264,Passenger
TRN12990,Passenger TRN12990,Passenger
TRN10115,Passenger TRN10115,Passenger
TRN13851,Superfast TRN13851,Superfast
TRN13361,Passenger TRN13361,Passenger
TRN12988,Superfast TRN12988,Superfast
TRN10206,Superfast TRN10206,Superfast
TRN10908,Passenger TRN10908,Passenger
TRN13802,Express TRN13802,Express
TRN13331,Rajdhani TRN13331,Rajdhani
TRN11492,Shatabdi TRN11492,Shatabdi
TRN11444,Superfast TRN11444,Superfast
TRN11276,Superfast TRN11276,Superfast
TRN13547,Superfast TRN13547,Superfast
TRN14850,Superfast TRN14850,Superfast
TRN12276,Superfast TRN12276,Superfast
TRN11349,Vande Bharat TRN11349,Vande Bharat
TRN10690,Shatabdi TRN10690,Shatabdi
TRN10089,Rajdhani TRN10089,Rajdhani
TRN13457,Rajdhani TRN13457,Rajdhani
TRN14686,Express TRN14686,Express
TRN14766,Superfast TRN14766,Superfast
TRN10602,Express TRN10602,Express
TRN13870,Rajdhani TRN13870,Rajdhani
TRN12652,Rajdhani TRN12652,Rajdhani
TRN12712,Passenger TRN12712,Passenger
TRN10397,Passenger TRN10397,Passenger
TRN12669,Express TRN12669,Express
TRN13694,Passenger TRN13694,Passenger
TRN12285,Vande Bharat TRN12285,Vande Bharat
TRN14524,Express TRN14524,Express
TRN11740,Superfast TRN11740,Superfast
TRN10583,Rajdhani TRN10583,Rajdhani
TRN10271,Passenger TRN10271,Passenger
TRN13852,Passenger TRN13852,Passenger
TRN12597,Superfast TRN12597,Superfast
TRN10648,Superfast TRN10648,Superfast
TRN11964,Vande Bharat TRN11964,Vande Bharat
TRN11389,Passenger TRN11389,Passenger
TRN11573,Express TRN11573,Express
TRN12826,Express TRN12826,Express
TRN12558,Passenger TRN12558,Passenger
TRN12648,Passenger TRN12648,Passenger
TRN11392,Superfast TRN11392,Superfast
TRN12096,Shatabdi TRN12096,Shatabdi
TRN11448,Passenger TRN11448,Passenger
TRN10710,Vande Bharat TRN10710,Vande Bharat
TRN13548,Superfast TRN13548,Superfast
TRN10817,Express TRN10817,Express
TRN12772,Shatabdi TRN12772,Shatabdi
TRN10655,Passenger TRN10655,Passenger
TRN14462,Passenger TRN14462,Passenger
TRN14349,Superfast TRN14349,Superfast
TRN12262,Passenger TRN12262,Passenger
TRN12926,Superfast TRN12926,Superfast
TRN13243,Express TRN13243,Express
TRN13700,Superfast TRN13700,Superfast
TRN11058,Shatabdi TRN11058,Shatabdi
TRN14664,Superfast TRN14664,Superfast
TRN10825,Vande Bharat TRN10825,Vande Bharat
TRN11221,Passenger TRN11221,Passenger
TRN13224,Express TRN13224,Express
TRN10139,Express TRN10139,Express
TRN13980,Superfast TRN13980,Superfast
TRN11932,Vande Bharat TRN11932,Vande Bharat
TRN11949,Passenger TRN11949,Passenger
TRN14814,Passenger TRN14814,Passenger
TRN14261,Vande Bharat TRN14261,Vande Bharat
TRN14576,Passenger TRN14576,Passenger
TRN14004,Passenger TRN14004,Passenger
TRN14898,Shatabdi TRN14898,Shatabdi
TRN14375,Rajdhani TRN14375,Rajdhani
TRN10739,Passenger TRN10739,Passenger
TRN12149,Superfast TRN12149,Superfast
TRN10644,Rajdhani TRN10644,Rajdhani
TRN12412,Superfast TRN12412,Superfast
TRN10782,Shatabdi TRN10782,Shatabdi
TRN12544,Vande Bharat TRN12544,Vande Bharat
TRN12980,Express TRN12980,Express
TRN10879,Vande Bharat TRN10879,Vande Bharat
TRN10685,Rajdhani TRN10685,Rajdhani
TRN14508,Vande Bharat TRN14508,Vande Bharat
TRN13277,Passenger TRN13277,Passenger
TRN14424,Passenger TRN14424,Passenger
TRN14552,Express TRN14552,Express
TRN12979,Passenger TRN12979,Passenger
TRN12703,Express TRN12703,Express
TRN13280,Shatabdi TRN13280,Shatabdi
TRN13055,Passenger TRN13055,Passenger
TRN11578,Superfast TRN11578,Superfast
TRN10557,Express TRN10557,Express
TRN13091,Passenger TRN13091,Passenger
TRN12661,Vande Bharat TRN12661,Vande Bharat
TRN13097,Passenger TRN13097,Passenger
TRN12518,Passenger TRN12518,Passenger
TRN11826,Shatabdi TRN11826,Shatabdi
TRN11460,Express TRN11460,Express
TRN14002,Superfast TRN14002,Superfast
TRN12875,Superfast TRN12875,Superfast
TRN12627,Express TRN12627,Express
TRN10897,Express TRN10897,Express
TRN14484,Superfast TRN14484,Superfast
TRN14610,Express TRN14610,Express
TRN13487,Express TRN13487,Express
TRN12214,Express TRN12214,Express
TRN11615,Express TRN11615,Express
TRN13252,Passenger TRN13252,Passenger
TRN11489,Express TRN11489,Express
TRN14084,Passenger TRN14084,Passenger
TRN13935,Express TRN13935,Express
TRN11540,Passenger TRN11540,Passenger
TRN11910,Rajdhani TRN11910,Rajdhani
TRN13174,Rajdhani TRN13174,Rajdhani
TRN14463,Rajdhani TRN14463,Rajdhani
TRN11952,Express TRN11952,Express
TRN12659,Rajdhani TRN12659,Rajdhani
TRN14335,Superfast TRN14335,Superfast
TRN11365,Superfast TRN11365,Superfast
TRN10867,Passenger TRN10867,Passenger
TRN10500,Vande Bharat TRN10500,Vande Bharat
TRN12064,Superfast TRN12064,Superfast
TRN10638,Rajdhani TRN10638,Rajdhani
TRN13574,Express TRN13574,Express
TRN13779,Superfast TRN13779,Superfast
TRN13464,Express TRN13464,Express
TRN13846,Rajdhani TRN13846,Rajdhani
TRN12649,Vande Bharat TRN12649,Vande Bharat
TRN12152,Superfast TRN12152,Superfast
TRN11924,Superfast TRN11924,Superfast
TRN14638,Express TRN14638,Express
TRN10445,Rajdhani TRN10445,Rajdhani
TRN11663,Superfast TRN11663,Superfast
TRN13354,Shatabdi TRN13354,Shatabdi
TRN13324,Passenger TRN13324,Passenger
TRN12960,Rajdhani TRN12960,Rajdhani
TRN11658,Vande Bharat TRN11658,Vande Bharat
TRN14513,Superfast TRN14513,Superfast
TRN13131,Shatabdi TRN13131,Shatabdi
TRN12669,Rajdhani TRN12669,Rajdhani
TRN10920,Superfast TRN10920,Superfast
TRN11290,Superfast TRN11290,Superfast
TRN11221,Shatabdi TRN11221,Shatabdi
TRN12313,Superfast TRN12313,Superfast
TRN11114,Express TRN11114,Express
TRN10118,Vande Bharat TRN10118,Vande Bharat
TRN14713,Superfast TRN14713,Superfast
TRN14047,Express TRN14047,Express
TRN13993,Superfast TRN13993,Superfast
TRN11381,Express TRN11381,Express
TRN14634,Passenger TRN14634,Passenger
TRN13443,Superfast TRN13443,Superfast
TRN14388,Express TRN14388,Express
TRN10659,Vande Bharat TRN10659,Vande Bharat
TRN13752,Superfast TRN13752,Superfast
TRN13989,Superfast TRN13989,Superfast
TRN12163,Shatabdi TRN12163,Shatabdi
TRN14668,Express TRN14668,Express
TRN12937,Express TRN12937,Express
TRN13386,Rajdhani TRN13386,Rajdhani
TRN14127,Vande Bharat TRN14127,Vande Bharat
TRN14454,Express TRN14454,Express
TRN10124,Express TRN10124,Express
TRN14837,Superfast TRN14837,Superfast
TRN13659,Passenger TRN13659,Passenger
TRN14302,Passenger TRN14302,Passenger
TRN14652,Superfast TRN14652,Superfast
TRN13168,Passenger TRN13168,Passenger
TRN13194,Passenger TRN13194,Passenger
TRN11966,Superfast TRN11966,Superfast
TRN14914,Passenger TRN14914,Passenger
TRN12463,Shatabdi TRN12463,Shatabdi
TRN10026,Passenger TRN10026,Passenger
TRN10984,Vande Bharat TRN10984,Vande Bharat
TRN12658,Shatabdi TRN12658,Shatabdi
TRN12718,Superfast TRN12718,Superfast
TRN10404,Rajdhani TRN10404,Rajdhani
TRN12158,Express TRN12158,Express
TRN13294,Superfast TRN13294,Superfast
TRN13647,Rajdhani TRN13647,Rajdhani
TRN14136,Superfast TRN14136,Superfast
TRN12172,Superfast TRN12172,Superfast
TRN12506,Express TRN12506,Express
TRN13917,Superfast TRN13917,Superfast
TRN12850,Vande Bharat TRN12850,Vande Bharat
TRN13549,Express TRN13549,Express
TRN10614,Superfast TRN10614,Superfast
TRN10135,Passenger TRN10135,Passenger
TRN13207,Passenger TRN13207,Passenger
TRN14722,Superfast TRN14722,Superfast
TRN12888,Superfast TRN12888,Superfast
TRN11933,Express TRN11933,Express
TRN14256,Superfast TRN14256,Superfast
TRN11994,Superfast TRN11994,Superfast
TRN12461,Vande Bharat TRN12461,Vande Bharat
TRN14092,Express TRN14092,Express
TRN12914,Superfast TRN12914,Superfast
TRN10277,Rajdhani TRN10277,Rajdhani
TRN13734,Passenger TRN13734,Passenger
TRN13913,Shatabdi TRN13913,Shatabdi
TRN11652,Superfast TRN11652,Superfast
TRN11410,Express TRN11410,Express
TRN10991,Passenger TRN10991,Passenger
TRN13537,Superfast TRN13537,Superfast
TRN14057,Express TRN14057,Express
TRN12544,Express TRN12544,Express
TRN11087,Passenger TRN11087,Passenger
TRN10916,Rajdhani TRN10916,Rajdhani
TRN13090,Rajdhani TRN13090,Rajdhani
TRN13145,Superfast TRN13145,Superfast
TRN13359,Express TRN13359,Express
TRN10874,Passenger TRN10874,Passenger
TRN12379,Passenger TRN12379,Passenger
TRN10506,Shatabdi TRN10506,Shatabdi
TRN10782,Superfast TRN10782,Superfast
TRN12244,Superfast TRN12244,Superfast
TRN12928,Rajdhani TRN12928,Rajdhani
TRN12780,Express TRN12780,Express
TRN12389,Passenger TRN12389,Passenger
TRN10602,Passenger TRN10602,Passenger
TRN14335,Shatabdi TRN14335,Shatabdi
TRN13214,Superfast TRN13214,Superfast
TRN10805,Passenger TRN10805,Passenger
TRN10765,Vande Bharat TRN10765,Vande Bharat
TRN14674,Superfast TRN14674,Superfast
TRN11341,Superfast TRN11341,Superfast
TRN11597,Superfast TRN11597,Superfast
TRN10128,Superfast TRN10128,Superfast
TRN11466,Superfast TRN11466,Superfast
TRN10741,Superfast TRN10741,Superfast
TRN10517,Superfast TRN10517,Superfast
TRN12254,Shatabdi TRN12254,Shatabdi
TRN10509,Express TRN10509,Express
TRN11512,Express TRN11512,Express
TRN11310,Passenger TRN11310,Passenger
TRN14763,Shatabdi TRN14763,Shatabdi
TRN13622,Superfast TRN13622,Superfast
TRN13527,Express TRN13527,Express
TRN11975,Superfast TRN11975,Superfast
TRN14331,Passenger TRN14331,Passenger
TRN11247,Superfast TRN11247,Superfast
TRN12625,Rajdhani TRN12625,Rajdhani
TRN14474,Superfast TRN14474,Superfast
TRN14062,Rajdhani TRN14062,Rajdhani
TRN10346,Vande Bharat TRN10346,Vande Bharat
TRN10123,Superfast TRN10123,Superfast
TRN14717,Vande Bharat TRN14717,Vande Bharat
TRN11882,Passenger TRN11882,Passenger
TRN13207,Express TRN13207,Express
TRN11665,Superfast TRN11665,Superfast
TRN14918,Rajdhani TRN14918,Rajdhani
TRN14099,Passenger TRN14099,Passenger
TRN11059,Rajdhani TRN11059,Rajdhani
TRN10508,Superfast TRN10508,Superfast
TRN14775,Express TRN14775,Express
TRN11367,Superfast TRN11367,Superfast
TRN10582,Shatabdi TRN10582,Shatabdi
TRN13999,Superfast TRN13999,Superfast
TRN13062,Superfast TRN13062,Superfast
TRN11568,Passenger TRN11568,Passenger
TRN12798,Superfast TRN12798,Superfast
TRN13380,Rajdhani TRN13380,Rajdhani
TRN12978,Superfast TRN12978,Superfast
TRN13626,Superfast TRN13626,Superfast
TRN12695,Express TRN12695,Express
TRN11879,Passenger TRN11879,Passenger
TRN10071,Shatabdi TRN10071,Shatabdi
TRN13536,Superfast TRN13536,Superfast
TRN13734,Superfast TRN13734,Superfast
TRN14163,Passenger TRN14163,Passenger
TRN12740,Rajdhani TRN12740,Rajdhani
TRN14081,Rajdhani TRN14081,Rajdhani
TRN11120,Rajdhani TRN11120,Rajdhani
TRN14486,Express TRN14486,Express
TRN12048,Superfast TRN12048,Superfast
TRN10147,Passenger TRN10147,Passenger
TRN13035,Express TRN13035,Express
TRN13385,Express TRN13385,Express
TRN13114,Passenger TRN13114,Passenger
TRN13516,Passenger TRN13516,Passenger
TRN11319,Express TRN11319,Express
TRN13494,Express TRN13494,Express
TRN11558,Passenger TRN11558,Passenger
TRN12408,Passenger TRN12408,Passenger
TRN13258,Express TRN13258,Express
TRN13181,Superfast TRN13181,Superfast
TRN14378,Shatabdi TRN14378,Shatabdi
TRN14893,Express TRN14893,Express
TRN12640,Superfast TRN12640,Superfast
TRN13619,Superfast TRN13619,Superfast
TRN10564,Superfast TRN10564,Superfast
TRN10126,Superfast TRN10126,Superfast
TRN11455,Express TRN11455,Express
TRN14449,Superfast TRN14449,Superfast
TRN13259,Rajdhani TRN13259,Rajdhani
TRN13164,Passenger TRN13164,Passenger
TRN11805,Vande Bharat TRN11805,Vande Bharat
TRN10018,Express TRN10018,Express
TRN11166,Shatabdi TRN11166,Shatabdi
TRN14408,Vande Bharat TRN14408,Vande Bharat
TRN12018,Express TRN12018,Express
TRN12449,Express TRN12449,Express
TRN12965,Rajdhani TRN12965,Rajdhani
TRN10470,Shatabdi TRN10470,Shatabdi
TRN10339,Vande Bharat TRN10339,Vande Bharat
TRN12158,Passenger TRN12158,Passenger
TRN10339,Superfast TRN10339,Superfast
TRN10194,Passenger TRN10194,Passenger
TRN11323,Rajdhani TRN11323,Rajdhani
TRN10099,Superfast TRN10099,Superfast
TRN11823,Superfast TRN11823,Superfast
TRN10469,Express TRN10469,Express
TRN11825,Superfast TRN11825,Superfast
TRN14581,Superfast TRN14581,Superfast
TRN12288,Vande Bharat TRN12288,Vande Bharat
TRN14375,Passenger TRN14375,Passenger
TRN13638,Express TRN13638,Express
TRN10188,Express TRN10188,Express
TRN13404,Superfast TRN13404,Superfast
TRN12802,Express TRN12802,Express
TRN11183,Superfast TRN11183,Superfast
TRN12551,Rajdhani TRN12551,Rajdhani
TRN11143,Superfast TRN11143,Superfast
TRN10420,Passenger TRN10420,Passenger
TRN12975,Vande Bharat TRN12975,Vande Bharat
TRN11581,Superfast TRN11581,Superfast
TRN11040,Express TRN11040,Express
TRN11684,Superfast TRN11684,Superfast
TRN12170,Vande Bharat TRN12170,Vande Bharat
TRN11087,Rajdhani TRN11087,Rajdhani
TRN14683,Vande Bharat TRN14683,Vande Bharat
TRN14623,Express TRN14623,Express
TRN10951,Rajdhani TRN10951,Rajdhani
TRN13019,Superfast TRN13019,Superfast
TRN11580,Express TRN11580,Express
TRN13736,Express TRN13736,Express
TRN12137,Passenger TRN12137,Passenger
TRN13097,Superfast TRN13097,Superfast
TRN14116,Rajdhani TRN14116,Rajdhani
TRN10119,Express TRN10119,Express
TRN10328,Passenger TRN10328,Passenger
TRN10299,Express TRN10299,Express
TRN14586,Rajdhani TRN14586,Rajdhani
TRN10565,Rajdhani TRN10565,Rajdhani
TRN10443,Shatabdi TRN10443,Shatabdi
TRN12146,Shatabdi TRN12146,Shatabdi
TRN11185,Superfast TRN11185,Superfast
TRN13200,Passenger TRN13200,Passenger
TRN12556,Superfast TRN12556,Superfast
TRN11357,Passenger TRN11357,Passenger
TRN12608,Express TRN12608,Express
TRN10106,Shatabdi TRN10106,Shatabdi
TRN13157,Vande Bharat TRN13157,Vande Bharat
TRN12049,Passenger TRN12049,Passenger
TRN10932,Passenger TRN10932,Passenger
TRN10000,Passenger TRN10000,Passenger
TRN12961,Passenger TRN12961,Passenger
TRN10246,Superfast TRN10246,Superfast
TRN14979,Express TRN14979,Express
TRN14137,Express TRN14137,Express
TRN12153,Express TRN12153,Express
TRN12260,Passenger TRN12260,Passenger
TRN12477,Express TRN12477,Express
TRN12098,Superfast TRN12098,Superfast
TRN14380,Vande Bharat TRN14380,Vande Bharat
TRN14828,Superfast TRN14828,Superfast
TRN13678,Vande Bharat TRN13678,Vande Bharat
TRN10638,Express TRN10638,Express
TRN10484,Rajdhani TRN10484,Rajdhani
TRN12616,Vande Bharat TRN12616,Vande Bharat
TRN13467,Passenger TRN13467,Passenger
TRN13916,Superfast TRN13916,Superfast
TRN10199,Vande Bharat TRN10199,Vande Bharat
TRN13402,Express TRN13402,Express
TRN10551,Superfast TRN10551,Superfast
TRN14076,Express TRN14076,Express
TRN12676,Passenger TRN12676,Passenger
TRN14204,Express TRN14204,Express
TRN13586,Express TRN13586,Express
TRN10515,Superfast TRN10515,Superfast
TRN12472,Passenger TRN12472,Passenger
TRN12138,Passenger TRN12138,Passenger
TRN12809,Rajdhani TRN12809,Rajdhani
TRN10904,Express TRN10904,Express
TRN11055,Passenger TRN11055,Passenger
TRN11296,Superfast TRN11296,Superfast
TRN11798,Passenger TRN11798,Passenger
TRN13316,Express TRN13316,Express
TRN12614,Express TRN12614,Express
TRN11238,Passenger TRN11238,Passenger
TRN10101,Passenger TRN10101,Passenger
TRN14988,Passenger TRN14988,Passenger
TRN13193,Rajdhani TRN13193,Rajdhani
TRN10603,Passenger TRN10603,Passenger
TRN10411,Passenger TRN10411,Passenger
TRN11449,Superfast TRN11449,Superfast
TRN13658,Express TRN13658,Express
TRN11408,Shatabdi TRN11408,Shatabdi
TRN12380,Express TRN12380,Express
TRN13757,Shatabdi TRN13757,Shatabdi
TRN13052,Express TRN13052,Express
TRN10484,Express TRN10484,Express
TRN10738,Shatabdi TRN10738,Shatabdi
TRN12461,Express TRN12461,Express
TRN12808,Passenger TRN12808,Passenger
TRN14432,Passenger TRN14432,Passenger
TRN12509,Vande Bharat TRN12509,Vande Bharat
TRN11482,Express TRN11482,Express
TRN10086,Shatabdi TRN10086,Shatabdi
TRN13050,Express TRN13050,Express
TRN12266,Shatabdi TRN12266,Shatabdi
TRN13230,Superfast TRN13230,Superfast
TRN12392,Express TRN12392,Express
TRN12346,Express TRN12346,Express
TRN10021,Rajdhani TRN10021,Rajdhani
TRN13182,Rajdhani TRN13182,Rajdhani
TRN12911,Superfast TRN12911,Superfast
TRN11780,Rajdhani TRN11780,Rajdhani
TRN14792,Superfast TRN14792,Superfast
TRN14971,Passenger TRN14971,Passenger
TRN12197,Superfast TRN12197,Superfast
TRN11374,Superfast TRN11374,Superfast
TRN10779,Express TRN10779,Express
TRN13849,Shatabdi TRN13849,Shatabdi
TRN12056,Express TRN12056,Express
TRN14213,Passenger TRN14213,Passenger
TRN14815,Passenger TRN14815,Passenger
TRN14252,Passenger TRN14252,Passenger
TRN11054,Superfast TRN11054,Superfast
TRN10873,Superfast TRN10873,Superfast
TRN12470,Express TRN12470,Express
TRN13091,Superfast TRN13091,Superfast
TRN11036,Superfast TRN11036,Superfast
TRN13224,Passenger TRN13224,Passenger
TRN12310,Passenger TRN12310,Passenger
TRN11367,Passenger TRN11367,Passenger
TRN14854,Superfast TRN14854,Superfast
TRN11676,Passenger TRN11676,Passenger
TRN12663,Superfast TRN12663,Superfast
TRN13918,Express TRN13918,Express
TRN11655,Express TRN11655,Express
TRN12873,Rajdhani TRN12873,Rajdhani
TRN14648,Superfast TRN14648,Superfast
TRN11460,Shatabdi TRN11460,Shatabdi
TRN14870,Vande Bharat TRN14870,Vande Bharat
TRN10499,Passenger TRN10499,Passenger
TRN12420,Express TRN12420,Express
TRN12631,Express TRN12631,Express
TRN14218,Superfast TRN14218,Superfast
TRN10890,Passenger TRN10890,Passenger
TRN11078,Express TRN11078,Express
TRN14368,Passenger TRN14368,Passenger
TRN14758,Superfast TRN14758,Superfast
TRN14898,Passenger TRN14898,Passenger
TRN13492,Rajdhani TRN13492,Rajdhani
TRN12973,Rajdhani TRN12973,Rajdhani
TRN11493,Superfast TRN11493,Superfast
TRN13189,Express TRN13189,Express
TRN11845,Passenger TRN11845,Passenger
TRN12251,Vande Bharat TRN12251,Vande Bharat
TRN14774,Express TRN14774,Express
TRN13859,Rajdhani TRN13859,Rajdhani
TRN10802,Shatabdi TRN10802,Shatabdi
TRN12345,Shatabdi TRN12345,Shatabdi
TRN12576,Superfast TRN12576,Superfast
TRN11098,Superfast TRN11098,Superfast
TRN13044,Express TRN13044,Express
TRN13088,Express TRN13088,Express
TRN12102,Express TRN12102,Express
TRN11815,Passenger TRN11815,Passenger
TRN10430,Superfast TRN10430,Superfast
TRN10301,Express TRN10301,Express
TRN14848,Shatabdi TRN14848,Shatabdi
TRN13507,Express TRN13507,Express
TRN10172,Vande Bharat TRN10172,Vande Bharat
TRN14027,Shatabdi TRN14027,Shatabdi
TRN12132,Shatabdi TRN12132,Shatabdi
TRN13745,Shatabdi TRN13745,Shatabdi
TRN11465,Passenger TRN11465,Passenger
TRN11979,Vande Bharat TRN11979,Vande Bharat
TRN13753,Passenger TRN13753,Passenger
TRN10979,Passenger TRN10979,Passenger
TRN12991,Passenger TRN12991,Passenger
TRN10005,Vande Bharat TRN10005,Vande Bharat
TRN12519,Superfast TRN12519,Superfast
TRN11981,Superfast TRN11981,Superfast
TRN10004,Superfast TRN10004,Superfast
TRN13228,Vande Bharat TRN13228,Vande Bharat
TRN13880,Express TRN13880,Express
TRN13008,Vande Bharat TRN13008,Vande Bharat
TRN14930,Vande Bharat TRN14930,Vande Bharat
TRN14498,Passenger TRN14498,Passenger
TRN14259,Rajdhani TRN14259,Rajdhani
TRN13402,Passenger TRN13402,Passenger
TRN12189,Passenger TRN12189,Passenger
TRN10562,Express TRN10562,Express
TRN10396,Express TRN10396,Express
TRN12800,Rajdhani TRN12800,Rajdhani
TRN13927,Express TRN13927,Express
TRN12240,Passenger TRN12240,Passenger
TRN14859,Express TRN14859,Express
TRN10923,Express TRN10923,Express
TRN12392,Superfast TRN12392,Superfast
TRN13547,Passenger TRN13547,Passenger
TRN11351,Passenger TRN11351,Passenger
TRN12020,Express TRN12020,Express
TRN11308,Superfast TRN11308,Superfast
TRN11886,Superfast TRN11886,Superfast
TRN12326,Passenger TRN12326,Passenger
TRN13240,Passenger TRN13240,Passenger
TRN13862,Superfast TRN13862,Superfast
TRN11062,Shatabdi TRN11062,Shatabdi
TRN10581,Passenger TRN10581,Passenger
TRN11545,Vande Bharat TRN11545,Vande Bharat
TRN14359,Express TRN14359,Express
TRN13473,Passenger TRN13473,Passenger
TRN11414,Passenger TRN11414,Passenger
TRN11316,Express TRN11316,Express
TRN12898,Shatabdi TRN12898,Shatabdi
TRN10847,Vande Bharat TRN10847,Vande Bharat
TRN11525,Express TRN11525,Express
TRN13909,Shatabdi TRN13909,Shatabdi
TRN11038,Superfast TRN11038,Superfast
TRN10397,Vande Bharat TRN10397,Vande Bharat
TRN10253,Passenger TRN10253,Passenger
TRN10563,Superfast TRN10563,Superfast
TRN12502,Shatabdi TRN12502,Shatabdi
TRN13993,Vande Bharat TRN13993,Vande Bharat
TRN12647,Superfast TRN12647,Superfast
TRN13947,Passenger TRN13947,Passenger
TRN13015,Shatabdi TRN13015,Shatabdi
TRN10299,Superfast TRN10299,Superfast
TRN14858,Vande Bharat TRN14858,Vande Bharat
TRN13944,Superfast TRN13944,Superfast
TRN12324,Express TRN12324,Express
TRN13687,Express TRN13687,Express
TRN14232,Superfast TRN14232,Superfast
TRN12964,Express TRN12964,Express
TRN10170,Superfast TRN10170,Superfast
TRN10866,Superfast TRN10866,Superfast
TRN11894,Superfast TRN11894,Superfast
TRN11466,Rajdhani TRN11466,Rajdhani
TRN13680,Express TRN13680,Express
TRN14538,Rajdhani TRN14538,Rajdhani
TRN13680,Passenger TRN13680,Passenger
TRN13524,Superfast TRN13524,Superfast
TRN11934,Passenger TRN11934,Passenger
TRN14121,Superfast TRN14121,Superfast
TRN10186,Vande Bharat TRN10186,Vande Bharat
TRN10196,Passenger TRN10196,Passenger
TRN14205,Passenger TRN14205,Passenger
TRN14482,Express TRN14482,Express
TRN11875,Superfast TRN11875,Superfast
TRN14027,Rajdhani TRN14027,Rajdhani
TRN10158,Passenger TRN10158,Passenger
TRN14413,Superfast TRN14413,Superfast
TRN10845,Superfast TRN10845,Superfast
TRN11104,Superfast TRN11104,Superfast
TRN12695,Shatabdi TRN12695,Shatabdi
TRN12164,Rajdhani TRN12164,Rajdhani
TRN14388,Shatabdi TRN14388,Shatabdi
TRN12357,Superfast TRN12357,Superfast
TRN12634,Superfast TRN12634,Superfast
TRN12677,Passenger TRN12677,Passenger
TRN14845,Express TRN14845,Express
TRN12157,Superfast TRN12157,Superfast
TRN14554,Shatabdi TRN14554,Shatabdi
TRN14229,Vande Bharat TRN14229,Vande Bharat
TRN11182,Superfast TRN11182,Superfast
TRN13089,Passenger TRN13089,Passenger
TRN10579,Passenger TRN10579,Passenger
TRN14083,Express TRN14083,Express
TRN13905,Superfast TRN13905,Superfast
TRN11879,Rajdhani TRN11879,Rajdhani
TRN11642,Express TRN11642,Express
TRN12073,Passenger TRN12073,Passenger
TRN13949,Vande Bharat TRN13949,Vande Bharat
TRN11013,Shatabdi TRN11013,Shatabdi
TRN10679,Passenger TRN10679,Passenger
TRN14393,Express TRN14393,Express
TRN11507,Superfast TRN11507,Superfast
TRN10710,Superfast TRN10710,Superfast
TRN13674,Superfast TRN13674,Superfast
TRN12927,Express TRN12927,Express
TRN13213,Rajdhani TRN13213,Rajdhani
TRN14130,Express TRN14130,Express
TRN12164,Passenger TRN12164,Passenger
TRN14037,Express TRN14037,Express
TRN14761,Shatabdi TRN14761,Shatabdi
TRN10267,Express TRN10267,Express
TRN10674,Passenger TRN10674,Passenger
TRN11246,Express TRN11246,Express
TRN14980,Vande Bharat TRN14980,Vande Bharat
TRN10528,Passenger TRN10528,Passenger
TRN12437,Passenger TRN12437,Passenger
TRN12187,Passenger TRN12187,Passenger
TRN10608,Rajdhani TRN10608,Rajdhani
TRN13391,Passenger TRN13391,Passenger
TRN13610,Vande Bharat TRN13610,Vande Bharat
TRN12255,Superfast TRN12255,Superfast
TRN12270,Express TRN12270,Express
TRN13368,Express TRN13368,Express
TRN11054,Express TRN11054,Express
TRN10591,Passenger TRN10591,Passenger
TRN13304,Rajdhani TRN13304,Rajdhani
TRN12581,Passenger TRN12581,Passenger
TRN13120,Express TRN13120,Express
TRN12041,Superfast TRN12041,Superfast
TRN13428,Shatabdi TRN13428,Shatabdi
TRN10091,Passenger TRN10091,Passenger
TRN13782,Vande Bharat TRN13782,Vande Bharat
TRN11936,Express TRN11936,Express
TRN14774,Superfast TRN14774,Superfast
TRN14377,Express TRN14377,Express
TRN10318,Vande Bharat TRN10318,Vande Bharat
TRN11322,Passenger TRN11322,Passenger
TRN12239,Vande Bharat TRN12239,Vande Bharat
TRN12169,Superfast TRN12169,Superfast
TRN13912,Superfast TRN13912,Superfast
TRN10250,Express TRN10250,Express
TRN14408,Express TRN14408,Express
TRN10497,Express TRN10497,Express
TRN12628,Express TRN12628,Express
TRN11511,Vande Bharat TRN11511,Vande Bharat
TRN13908,Express TRN13908,Express
TRN10081,Superfast TRN10081,Superfast
TRN10220,Vande Bharat TRN10220,Vande Bharat
TRN14771,Rajdhani TRN14771,Rajdhani
TRN11463,Passenger TRN11463,Passenger
TRN10210,Rajdhani TRN10210,Rajdhani
TRN11351,Express TRN11351,Express
TRN11771,Passenger TRN11771,Passenger
TRN13777,Rajdhani TRN13777,Rajdhani
TRN10650,Superfast TRN10650,Superfast
TRN10138,Superfast TRN10138,Superfast
TRN12454,Express TRN12454,Express
TRN13028,Rajdhani TRN13028,Rajdhani
TRN12877,Express TRN12877,Express
TRN14809,Express TRN14809,Express
TRN12976,Superfast TRN12976,Superfast
TRN12173,Vande Bharat TRN12173,Vande Bharat
TRN13830,Vande Bharat TRN13830,Vande Bharat
TRN12157,Vande Bharat TRN12157,Vande Bharat
TRN11268,Express TRN11268,Express
TRN13315,Rajdhani TRN13315,Rajdhani
TRN10855,Express TRN10855,Express
TRN12513,Vande Bharat TRN12513,Vande Bharat
TRN10707,Passenger TRN10707,Passenger
TRN13043,Express TRN13043,Express
TRN13931,Express TRN13931,Express
TRN13551,Superfast TRN13551,Superfast
TRN14195,Shatabdi TRN14195,Shatabdi
TRN11303,Vande Bharat TRN11303,Vande Bharat
TRN12037,Vande Bharat TRN12037,Vande Bharat
TRN12353,Shatabdi TRN12353,Shatabdi
TRN14390,Passenger TRN14390,Passenger
TRN11194,Rajdhani TRN11194,Rajdhani
TRN14170,Superfast TRN14170,Superfast
TRN10925,Express TRN10925,Express
TRN13630,Express TRN13630,Express
TRN13999,Passenger TRN13999,Passenger
TRN11842,Superfast TRN11842,Superfast
TRN13320,Passenger TRN13320,Passenger
TRN14365,Express TRN14365,Express
TRN14542,Superfast TRN14542,Superfast
TRN14029,Express TRN14029,Express
TRN11952,Shatabdi TRN11952,Shatabdi
TRN14884,Shatabdi TRN14884,Shatabdi
TRN12020,Passenger TRN12020,Passenger
TRN13633,Superfast TRN13633,Superfast
TRN13869,Express TRN13869,Express
TRN10517,Express TRN10517,Express
TRN13401,Passenger TRN13401,Passenger
TRN12516,Express TRN12516,Express
TRN14450,Passenger TRN14450,Passenger
TRN14646,Superfast TRN14646,Superfast
TRN12069,Shatabdi TRN12069,Shatabdi
TRN11470,Superfast TRN11470,Superfast
TRN12685,Passenger TRN12685,Passenger
TRN13499,Rajdhani TRN13499,Rajdhani
TRN10539,Rajdhani TRN10539,Rajdhani
TRN10137,Rajdhani TRN10137,Rajdhani
TRN11096,Passenger TRN11096,Passenger
TRN12219,Passenger TRN12219,Passenger
TRN13604,Express TRN13604,Express
TRN14491,Rajdhani TRN14491,Rajdhani
TRN12096,Superfast TRN12096,Superfast
TRN12901,Passenger TRN12901,Passenger
TRN10812,Rajdhani TRN10812,Rajdhani
TRN14523,Express TRN14523,Express
TRN13604,Vande Bharat TRN13604,Vande Bharat
TRN11840,Express TRN11840,Express
TRN12019,Superfast TRN12019,Superfast
TRN10531,Rajdhani TRN10531,Rajdhani
TRN14591,Vande Bharat TRN14591,Vande Bharat
TRN11395,Express TRN11395,Express
TRN14496,Superfast TRN14496,Superfast
TRN12910,Express TRN12910,Express
TRN13682,Superfast TRN13682,Superfast
TRN11781,Superfast TRN11781,Superfast
TRN10574,Superfast TRN10574,Superfast
TRN12968,Passenger TRN12968,Passenger
TRN13059,Express TRN13059,Express
TRN14990,Vande Bharat TRN14990,Vande Bharat
TRN12383,Express TRN12383,Express
TRN12234,Superfast TRN12234,Superfast
TRN14069,Passenger TRN14069,Passenger
TRN13482,Rajdhani TRN13482,Rajdhani
TRN11394,Express TRN11394,Express
TRN14270,Express TRN14270,Express
TRN11812,Express TRN11812,Express
TRN11315,Superfast TRN11315,Superfast
TRN11224,Rajdhani TRN11224,Rajdhani
TRN14693,Superfast TRN14693,Superfast
TRN13559,Express TRN13559,Express
TRN14366,Passenger TRN14366,Passenger
TRN14361,Vande Bharat TRN14361,Vande Bharat
TRN10266,Superfast TRN10266,Superfast
TRN12491,Passenger TRN12491,Passenger
TRN11208,Rajdhani TRN11208,Rajdhani
TRN13392,Superfast TRN13392,Superfast
TRN10695,Express TRN10695,Express
TRN10092,Express TRN10092,Express
TRN12304,Vande Bharat TRN12304,Vande Bharat
TRN11540,Express TRN11540,Express
TRN10626,Superfast TRN10626,Superfast
TRN11409,Passenger TRN11409,Passenger
TRN10391,Vande Bharat TRN10391,Vande Bharat
TRN12496,Express TRN12496,Express
TRN14876,Vande Bharat TRN14876,Vande Bharat
TRN11751,Superfast TRN11751,Superfast
TRN13435,Superfast TRN13435,Superfast
TRN12040,Express TRN12040,Express
TRN10802,Express TRN10802,Express
TRN11440,Shatabdi TRN11440,Shatabdi
TRN12565,Express TRN12565,Express
TRN13789,Shatabdi TRN13789,Shatabdi
TRN12209,Shatabdi TRN12209,Shatabdi
TRN10508,Passenger TRN10508,Passenger
TRN14788,Shatabdi TRN14788,Shatabdi
TRN11006,Passenger TRN11006,Passenger
TRN13685,Express TRN13685,Express
TRN12096,Passenger TRN12096,Passenger
TRN13076,Superfast TRN13076,Superfast
TRN12185,Express TRN12185,Express
TRN11731,Express TRN11731,Express
TRN13102,Passenger TRN13102,Passenger
TRN10955,Vande Bharat TRN10955,Vande Bharat
TRN10903,Shatabdi TRN10903,Shatabdi
TRN13814,Vande Bharat TRN13814,Vande Bharat
TRN14218,Rajdhani TRN14218,Rajdhani
TRN14610,Passenger TRN14610,Passenger
TRN12613,Express TRN12613,Express
TRN12739,Express TRN12739,Express
TRN14754,Passenger TRN14754,Passenger
TRN13275,Express TRN13275,Express
TRN11861,Passenger TRN11861,Passenger
TRN13229,Rajdhani TRN13229,Rajdhani
TRN12485,Rajdhani TRN12485,Rajdhani
TRN13688,Superfast TRN13688,Superfast
TRN14259,Express TRN14259,Express
TRN10142,Express TRN10142,Express
TRN14948,Vande Bharat TRN14948,Vande Bharat
TRN14597,Vande Bharat TRN14597,Vande Bharat
TRN13351,Superfast TRN13351,Superfast
TRN12304,Passenger TRN12304,Passenger
TRN11307,Superfast TRN11307,Superfast
TRN10808,Rajdhani TRN10808,Rajdhani
TRN13382,Passenger TRN13382,Passenger
TRN11445,Passenger TRN11445,Passenger
TRN11004,Rajdhani TRN11004,Rajdhani
TRN13859,Superfast TRN13859,Superfast
TRN13034,Passenger TRN13034,Passenger
TRN11928,Superfast TRN11928,Superfast
TRN14601,Shatabdi TRN14601,Shatabdi
TRN13477,Passenger TRN13477,Passenger
TRN11085,Superfast TRN11085,Superfast
TRN12512,Superfast TRN12512,Superfast
TRN11097,Superfast TRN11097,Superfast
TRN12383,Superfast TRN12383,Superfast
TRN10201,Passenger TRN10201,Passenger
TRN10768,Shatabdi TRN10768,Shatabdi
TRN11155,Passenger TRN11155,Passenger
TRN10698,Superfast TRN10698,Superfast
TRN14164,Express TRN14164,Express
TRN14291,Rajdhani TRN14291,Rajdhani
TRN13893,Express TRN13893,Express
TRN13613,Shatabdi TRN13613,Shatabdi
TRN13079,Passenger TRN13079,Passenger
TRN12562,Passenger TRN12562,Passenger
TRN11593,Superfast TRN11593,Superfast
TRN14224,Express TRN14224,Express
TRN13715,Passenger TRN13715,Passenger
TRN10009,Express TRN10009,Express
TRN11511,Superfast TRN11511,Superfast
TRN11310,Superfast TRN11310,Superfast
TRN10626,Passenger TRN10626,Passenger
TRN11042,Express TRN11042,Express
TRN13302,Rajdhani TRN13302,Rajdhani
TRN10113,Vande Bharat TRN10113,Vande Bharat
TRN13045,Passenger TRN13045,Passenger
TRN11129,Shatabdi TRN11129,Shatabdi
TRN10313,Rajdhani TRN10313,Rajdhani
TRN14921,Passenger TRN14921,Passenger
TRN11287,Shatabdi TRN11287,Shatabdi
TRN13503,Superfast TRN13503,Superfast
TRN10988,Passenger TRN10988,Passenger
TRN12909,Passenger TRN12909,Passenger
TRN12226,Passenger TRN12226,Passenger
TRN14462,Superfast TRN14462,Superfast
TRN10276,Superfast TRN10276,Superfast
TRN14536,Superfast TRN14536,Superfast
TRN12926,Passenger TRN12926,Passenger
TRN10805,Express TRN10805,Express
TRN14939,Express TRN14939,Express
TRN10146,Shatabdi TRN10146,Shatabdi
TRN11574,Express TRN11574,Express
TRN10666,Superfast TRN10666,Superfast
TRN12907,Express TRN12907,Express
TRN11166,Passenger TRN11166,Passenger
TRN13279,Rajdhani TRN13279,Rajdhani
TRN12305,Passenger TRN12305,Passenger
TRN11967,Express TRN11967,Express
TRN14355,Express TRN14355,Express
TRN12794,Shatabdi TRN12794,Shatabdi
TRN10663,Vande Bharat TRN10663,Vande Bharat
TRN10226,Shatabdi TRN10226,Shatabdi
TRN12885,Vande Bharat TRN12885,Vande Bharat
TRN10988,Superfast TRN10988,Superfast
TRN12012,Vande Bharat TRN12012,Vande Bharat
TRN11596,Superfast TRN11596,Superfast
TRN13026,Passenger TRN13026,Passenger
TRN10309,Express TRN10309,Express
TRN12703,Passenger TRN12703,Passenger
TRN14398,Vande Bharat TRN14398,Vande Bharat
TRN11978,Passenger TRN11978,Passenger
TRN10704,Rajdhani TRN10704,Rajdhani
TRN10637,Vande Bharat TRN10637,Vande Bharat
TRN14749,Shatabdi TRN14749,Shatabdi
TRN11070,Express TRN11070,Express
TRN11857,Rajdhani TRN11857,Rajdhani
TRN11528,Shatabdi TRN11528,Shatabdi
TRN13986,Superfast TRN13986,Superfast
TRN14603,Superfast TRN14603,Superfast
TRN11586,Superfast TRN11586,Superfast
TRN14045,Passenger TRN14045,Passenger
TRN11381,Rajdhani TRN11381,Rajdhani
TRN13160,Passenger TRN13160,Passenger
TRN13469,Express TRN13469,Express
TRN10131,Superfast TRN10131,Superfast
TRN14625,Passenger TRN14625,Passenger
TRN11282,Express TRN11282,Express
TRN11719,Express TRN11719,Express
TRN13929,Passenger TRN13929,Passenger
TRN10202,Passenger TRN10202,Passenger
TRN11643,Passenger TRN11643,Passenger
TRN13236,Express TRN13236,Express
TRN14645,Express TRN14645,Express
TRN13268,Express TRN13268,Express
TRN13716,Superfast TRN13716,Superfast
TRN13059,Superfast TRN13059,Superfast
TRN13471,Passenger TRN13471,Passenger
TRN12125,Shatabdi TRN12125,Shatabdi
TRN14394,Passenger TRN14394,Passenger
TRN14229,Express TRN14229,Express
TRN11178,Express TRN11178,Express
TRN11118,Passenger TRN11118,Passenger
TRN11186,Express TRN11186,Express
TRN14873,Passenger TRN14873,Passenger
TRN14148,Passenger TRN14148,Passenger
TRN14651,Superfast TRN14651,Superfast
TRN14406,Passenger TRN14406,Passenger
TRN13221,Vande Bharat TRN13221,Vande Bharat
TRN14811,Rajdhani TRN14811,Rajdhani
TRN13825,Rajdhani TRN13825,Rajdhani
TRN12983,Superfast TRN12983,Superfast
TRN13209,Passenger TRN13209,Passenger
TRN14594,Express TRN14594,Express
TRN13073,Passenger TRN13073,Passenger
TRN11903,Express TRN11903,Express
TRN10104,Superfast TRN10104,Superfast
TRN14952,Passenger TRN14952,Passenger
TRN10493,Superfast TRN10493,Superfast
TRN13001,Passenger TRN13001,Passenger
TRN12809,Vande Bharat TRN12809,Vande Bharat
TRN10110,Vande Bharat TRN10110,Vande Bharat
TRN13368,Superfast TRN13368,Superfast
TRN12049,Express TRN12049,Express
TRN13199,Superfast TRN13199,Superfast
TRN12227,Express TRN12227,Express
TRN13856,Passenger TRN13856,Passenger
TRN13210,Rajdhani TRN13210,Rajdhani
TRN10947,Superfast TRN10947,Superfast
TRN13615,Superfast TRN13615,Superfast
TRN10332,Vande Bharat TRN10332,Vande Bharat
TRN12343,Rajdhani TRN12343,Rajdhani
TRN13603,Superfast TRN13603,Superfast
TRN10087,Express TRN10087,Express
TRN14905,Passenger TRN14905,Passenger
TRN11119,Superfast TRN11119,Superfast
TRN12869,Express TRN12869,Express
TRN14124,Superfast TRN14124,Superfast
TRN13870,Passenger TRN13870,Passenger
TRN14524,Rajdhani TRN14524,Rajdhani
TRN11314,Express TRN11314,Express
TRN11560,Passenger TRN11560,Passenger
TRN10861,Superfast TRN10861,Superfast
TRN12687,Superfast TRN12687,Superfast
TRN12099,Rajdhani TRN12099,Rajdhani
TRN10877,Passenger TRN10877,Passenger
TRN10160,Superfast TRN10160,Superfast
TRN10731,Passenger TRN10731,Passenger
TRN11115,Passenger TRN11115,Passenger
TRN12044,Superfast TRN12044,Superfast
TRN13379,Passenger TRN13379,Passenger
TRN12412,Shatabdi TRN12412,Shatabdi
TRN11036,Shatabdi TRN11036,Shatabdi
TRN13636,Superfast TRN13636,Superfast
TRN13898,Superfast TRN13898,Superfast
TRN11709,Express TRN11709,Express
TRN10034,Superfast TRN10034,Superfast
TRN13255,Passenger TRN13255,Passenger
TRN10809,Passenger TRN10809,Passenger
TRN13920,Rajdhani TRN13920,Rajdhani
TRN10836,Express TRN10836,Express
TRN13689,Rajdhani TRN13689,Rajdhani
TRN14311,Rajdhani TRN14311,Rajdhani
TRN14281,Superfast TRN14281,Superfast
TRN11600,Express TRN11600,Express
TRN11095,Vande Bharat TRN11095,Vande Bharat
TRN10765,Passenger TRN10765,Passenger
TRN11520,Express TRN11520,Express
TRN10934,Passenger TRN10934,Passenger
TRN11835,Superfast TRN11835,Superfast
TRN14063,Superfast TRN14063,Superfast
TRN12928,Passenger TRN12928,Passenger
TRN12855,Vande Bharat TRN12855,Vande Bharat
TRN14819,Superfast TRN14819,Superfast
TRN12229,Passenger TRN12229,Passenger
TRN10959,Superfast TRN10959,Superfast
TRN12231,Express TRN12231,Express
TRN13013,Express TRN13013,Express
TRN10970,Vande Bharat TRN10970,Vande Bharat
TRN10401,Rajdhani TRN10401,Rajdhani
TRN12142,Shatabdi TRN12142,Shatabdi
TRN10307,Rajdhani TRN10307,Rajdhani
TRN12917,Passenger TRN12917,Passenger
TRN13799,Passenger TRN13799,Passenger
TRN12837,Superfast TRN12837,Superfast
TRN14927,Express TRN14927,Express
TRN14746,Superfast TRN14746,Superfast
TRN11210,Express TRN11210,Express
TRN14826,Rajdhani TRN14826,Rajdhani
TRN12178,Express TRN12178,Express
TRN14853,Vande Bharat TRN14853,Vande Bharat
TRN14111,Rajdhani TRN14111,Rajdhani
TRN11287,Rajdhani TRN11287,Rajdhani
TRN11776,Express TRN11776,Express
TRN11160,Shatabdi TRN11160,Shatabdi
TRN10701,Superfast TRN10701,Superfast
TRN11682,Express TRN11682,Express
TRN10592,Passenger TRN10592,Passenger
TRN14832,Express TRN14832,Express
TRN14778,Express TRN14778,Express
TRN14979,Rajdhani TRN14979,Rajdhani
TRN14527,Rajdhani TRN14527,Rajdhani
TRN14041,Superfast TRN14041,Superfast
TRN13190,Passenger TRN13190,Passenger
TRN10458,Shatabdi TRN10458,Shatabdi
TRN12890,Express TRN12890,Express
TRN11134,Superfast TRN11134,Superfast
TRN13583,Superfast TRN13583,Superfast
TRN12593,Rajdhani TRN12593,Rajdhani
TRN12221,Passenger TRN12221,Passenger
TRN13209,Shatabdi TRN13209,Shatabdi
TRN11287,Passenger TRN11287,Passenger
TRN13192,Vande Bharat TRN13192,Vande Bharat
TRN11260,Vande Bharat TRN11260,Vande Bharat
TRN11695,Superfast TRN11695,Superfast
TRN13143,Rajdhani TRN13143,Rajdhani
TRN12858,Vande Bharat TRN12858,Vande Bharat
TRN10736,Superfast TRN10736,Superfast
TRN14444,Express TRN14444,Express
TRN11529,Vande Bharat TRN11529,Vande Bharat
TRN12386,Express TRN12386,Express
TRN13629,Shatabdi TRN13629,Shatabdi
TRN13860,Superfast TRN13860,Superfast
TRN13513,Superfast TRN13513,Superfast
TRN13889,Vande Bharat TRN13889,Vande Bharat
TRN10376,Rajdhani TRN10376,Rajdhani
TRN10421,Express TRN10421,Express
TRN10474,Passenger TRN10474,Passenger
TRN10607,Vande Bharat TRN10607,Vande Bharat
TRN10645,Passenger TRN10645,Passenger
TRN14000,Shatabdi TRN14000,Shatabdi
TRN12075,Shatabdi TRN12075,Shatabdi
TRN12230,Express TRN12230,Express
TRN13667,Rajdhani TRN13667,Rajdhani
TRN12790,Passenger TRN12790,Passenger
TRN10057,Vande Bharat TRN10057,Vande Bharat
TRN11244,Superfast TRN11244,Superfast
TRN12874,Vande Bharat TRN12874,Vande Bharat
TRN13987,Express TRN13987,Express
TRN10964,Express TRN10964,Express
TRN12977,Rajdhani TRN12977,Rajdhani
TRN11129,Express TRN11129,Express
TRN13469,Shatabdi TRN13469,Shatabdi
TRN10578,Superfast TRN10578,Superfast
TRN14455,Superfast TRN14455,Superfast
TRN13184,Express TRN13184,Express
TRN11997,Express TRN11997,Express
TRN14114,Shatabdi TRN14114,Shatabdi
TRN11532,Express TRN11532,Express
TRN10178,Superfast TRN10178,Superfast
TRN14497,Passenger TRN14497,Passenger
TRN11545,Superfast TRN11545,Superfast
TRN14211,Superfast TRN14211,Superfast
TRN10349,Superfast TRN10349,Superfast
TRN11047,Shatabdi TRN11047,Shatabdi
TRN12068,Shatabdi TRN12068,Shatabdi
TRN10876,Vande Bharat TRN10876,Vande Bharat
TRN11041,Passenger TRN11041,Passenger
TRN13218,Superfast TRN13218,Superfast
TRN11598,Superfast TRN11598,Superfast
TRN14434,Express TRN14434,Express
TRN12869,Superfast TRN12869,Superfast
TRN11652,Rajdhani TRN11652,Rajdhani
TRN13523,Superfast TRN13523,Superfast
TRN12280,Passenger TRN12280,Passenger
TRN12320,Vande Bharat TRN12320,Vande Bharat
TRN11867,Superfast TRN11867,Superfast
TRN13310,Shatabdi TRN13310,Shatabdi
TRN10298,Superfast TRN10298,Superfast
TRN10855,Shatabdi TRN10855,Shatabdi
TRN13968,Superfast TRN13968,Superfast
TRN13961,Express TRN13961,Express
TRN13987,Passenger TRN13987,Passenger
TRN12384,Shatabdi TRN12384,Shatabdi
TRN12232,Express TRN12232,Express
TRN10309,Passenger TRN10309,Passenger
TRN14031,Rajdhani TRN14031,Rajdhani
TRN10608,Express TRN10608,Express
TRN10582,Superfast TRN10582,Superfast
TRN11838,Express TRN11838,Express
TRN11667,Rajdhani TRN11667,Rajdhani
TRN10408,Passenger TRN10408,Passenger
TRN11897,Vande Bharat TRN11897,Vande Bharat
TRN11687,Vande Bharat TRN11687,Vande Bharat
TRN12655,Shatabdi TRN12655,Shatabdi
TRN10208,Vande Bharat TRN10208,Vande Bharat
TRN13228,Passenger TRN13228,Passenger
TRN13845,Express TRN13845,Express
TRN13929,Superfast TRN13929,Superfast
TRN12123,Rajdhani TRN12123,Rajdhani
TRN13303,Express TRN13303,Express
TRN10804,Passenger TRN10804,Passenger
TRN11525,Superfast TRN11525,Superfast
TRN11254,Superfast TRN11254,Superfast
TRN11624,Passenger TRN11624,Passenger
TRN11846,Superfast TRN11846,Superfast
TRN11068,Passenger TRN11068,Passenger
TRN14370,Express TRN14370,Express
TRN13304,Express TRN13304,Express
TRN10943,Express TRN10943,Express
TRN11403,Superfast TRN11403,Superfast
TRN12420,Passenger TRN12420,Passenger
TRN13414,Rajdhani TRN13414,Rajdhani
TRN11996,Express TRN11996,Express
TRN14580,Express TRN14580,Express
TRN14204,Superfast TRN14204,Superfast
TRN14089,Express TRN14089,Express
TRN10190,Express TRN10190,Express
TRN11514,Rajdhani TRN11514,Rajdhani
TRN13542,Express TRN13542,Express
TRN11346,Superfast TRN11346,Superfast
TRN11661,Superfast TRN11661,Superfast
TRN10838,Vande Bharat TRN10838,Vande Bharat
TRN14903,Shatabdi TRN14903,Shatabdi
TRN12028,Passenger TRN12028,Passenger
TRN12231,Rajdhani TRN12231,Rajdhani
TRN13440,Passenger TRN13440,Passenger
TRN14022,Passenger TRN14022,Passenger
TRN13332,Superfast TRN13332,Superfast
TRN14167,Express TRN14167,Express
TRN13577,Vande Bharat TRN13577,Vande Bharat
TRN12255,Passenger TRN12255,Passenger
TRN10189,Superfast TRN10189,Superfast
TRN13988,Express TRN13988,Express
TRN11707,Express TRN11707,Express
TRN14072,Superfast TRN14072,Superfast
TRN10846,Passenger TRN10846,Passenger
TRN13592,Passenger TRN13592,Passenger
TRN13087,Rajdhani TRN13087,Rajdhani
TRN11467,Rajdhani TRN11467,Rajdhani
TRN12914,Rajdhani TRN12914,Rajdhani
TRN10278,Express TRN10278,Express
TRN14416,Superfast TRN14416,Superfast
TRN14407,Vande Bharat TRN14407,Vande Bharat
TRN14214,Shatabdi TRN14214,Shatabdi
TRN10664,Passenger TRN10664,Passenger
TRN12510,Express TRN12510,Express
TRN10883,Passenger TRN10883,Passenger
TRN10073,Superfast TRN10073,Superfast
TRN10092,Superfast TRN10092,Superfast
TRN12871,Express TRN12871,Express
TRN10915,Passenger TRN10915,Passenger
TRN10154,Passenger TRN10154,Passenger
TRN11985,Passenger TRN11985,Passenger
TRN13632,Rajdhani TRN13632,Rajdhani
TRN11652,Passenger TRN11652,Passenger
TRN14974,Rajdhani TRN14974,Rajdhani
TRN12587,Rajdhani TRN12587,Rajdhani
TRN11567,Passenger TRN11567,Passenger
TRN10017,Vande Bharat TRN10017,Vande Bharat
TRN14328,Vande Bharat TRN14328,Vande Bharat
TRN12286,Express TRN12286,Express
TRN12439,Superfast TRN12439,Superfast
TRN13140,Passenger TRN13140,Passenger
TRN14155,Rajdhani TRN14155,Rajdhani
TRN11817,Superfast TRN11817,Superfast
TRN10955,Rajdhani TRN10955,Rajdhani
TRN12287,Express TRN12287,Express
TRN13089,Vande Bharat TRN13089,Vande Bharat
TRN12193,Vande Bharat TRN12193,Vande Bharat
TRN10257,Passenger TRN10257,Passenger
TRN13161,Shatabdi TRN13161,Shatabdi
TRN10201,Vande Bharat TRN10201,Vande Bharat
TRN12512,Vande Bharat TRN12512,Vande Bharat
TRN12432,Rajdhani TRN12432,Rajdhani
TRN14286,Superfast TRN14286,Superfast
TRN13238,Rajdhani TRN13238,Rajdhani
TRN13748,Superfast TRN13748,Superfast
TRN13356,Superfast TRN13356,Superfast
TRN10515,Vande Bharat TRN10515,Vande Bharat
TRN10728,Superfast TRN10728,Superfast
TRN10943,Shatabdi TRN10943,Shatabdi
TRN12445,Express TRN12445,Express
TRN14923,Superfast TRN14923,Superfast
TRN12523,Passenger TRN12523,Passenger
TRN12846,Passenger TRN12846,Passenger
TRN13645,Superfast TRN13645,Superfast
TRN11048,Passenger TRN11048,Passenger
TRN12506,Vande Bharat TRN12506,Vande Bharat
TRN11568,Rajdhani TRN11568,Rajdhani
TRN11591,Passenger TRN11591,Passenger
TRN12757,Express TRN12757,Express
TRN11039,Express TRN11039,Express
TRN14645,Vande Bharat TRN14645,Vande Bharat
TRN11515,Express TRN11515,Express
TRN10034,Vande Bharat TRN10034,Vande Bharat
TRN14536,Shatabdi TRN14536,Shatabdi
TRN13281,Passenger TRN13281,Passenger
TRN13648,Passenger TRN13648,Passenger
TRN11299,Passenger TRN11299,Passenger
TRN11707,Vande Bharat TRN11707,Vande Bharat
TRN11666,Express TRN11666,Express
TRN14534,Passenger TRN14534,Passenger
TRN13730,Shatabdi TRN13730,Shatabdi
TRN10870,Rajdhani TRN10870,Rajdhani
TRN12812,Vande Bharat TRN12812,Vande Bharat
TRN10720,Superfast TRN10720,Superfast
TRN11834,Vande Bharat TRN11834,Vande Bharat
TRN14571,Vande Bharat TRN14571,Vande Bharat
TRN10541,Superfast TRN10541,Superfast
TRN13057,Passenger TRN13057,Passenger
TRN13263,Rajdhani TRN13263,Rajdhani
TRN12967,Express TRN12967,Express
TRN12477,Passenger TRN12477,Passenger
TRN14758,Rajdhani TRN14758,Rajdhani
TRN12500,Express TRN12500,Express
TRN13727,Passenger TRN13727,Passenger
TRN11195,Superfast TRN11195,Superfast
TRN13317,Rajdhani TRN13317,Rajdhani
TRN13915,Superfast TRN13915,Superfast
TRN13488,Passenger TRN13488,Passenger
TRN13456,Passenger TRN13456,Passenger
TRN11410,Superfast TRN11410,Superfast
TRN12779,Passenger TRN12779,Passenger
TRN14984,Express TRN14984,Express
TRN14672,Rajdhani TRN14672,Rajdhani
TRN12230,Shatabdi TRN12230,Shatabdi
TRN12619,Rajdhani TRN12619,Rajdhani
TRN14407,Shatabdi TRN14407,Shatabdi
TRN14860,Vande Bharat TRN14860,Vande Bharat
TRN10288,Superfast TRN10288,Superfast
TRN12690,Shatabdi TRN12690,Shatabdi
TRN14692,Vande Bharat TRN14692,Vande Bharat
TRN13971,Passenger TRN13971,Passenger
TRN10429,Express TRN10429,Express
TRN12142,Passenger TRN12142,Passenger
TRN12234,Rajdhani TRN12234,Rajdhani
TRN10730,Superfast TRN10730,Superfast
TRN11660,Vande Bharat TRN11660,Vande Bharat
TRN13162,Superfast TRN13162,Superfast
TRN13732,Superfast TRN13732,Superfast
TRN10895,Superfast TRN10895,Superfast
TRN11898,Superfast TRN11898,Superfast
TRN14927,Rajdhani TRN14927,Rajdhani
TRN14889,Superfast TRN14889,Superfast
TRN11876,Passenger TRN11876,Passenger
TRN14188,Passenger TRN14188,Passenger
TRN13609,Express TRN13609,Express
TRN14109,Express TRN14109,Express
TRN10875,Passenger TRN10875,Passenger
TRN10964,Vande Bharat TRN10964,Vande Bharat
TRN12116,Rajdhani TRN12116,Rajdhani
TRN11260,Superfast TRN11260,Superfast
TRN11307,Shatabdi TRN11307,Shatabdi
TRN12609,Superfast TRN12609,Superfast
TRN12677,Superfast TRN12677,Superfast
TRN11494,Express TRN11494,Express
TRN11179,Passenger TRN11179,Passenger
TRN13880,Rajdhani TRN13880,Rajdhani
TRN13888,Passenger TRN13888,Passenger
TRN10121,Express TRN10121,Express
TRN13038,Express TRN13038,Express
TRN13566,Superfast TRN13566,Superfast
TRN13937,Shatabdi TRN13937,Shatabdi
TRN13701,Vande Bharat TRN13701,Vande Bharat
TRN10788,Express TRN10788,Express
TRN11753,Passenger TRN11753,Passenger
TRN12494,Superfast TRN12494,Superfast
TRN11616,Rajdhani TRN11616,Rajdhani
TRN14485,Superfast TRN14485,Superfast
TRN10566,Superfast TRN10566,Superfast
TRN14420,Rajdhani TRN14420,Rajdhani
TRN11584,Vande Bharat TRN11584,Vande Bharat
TRN10917,Superfast TRN10917,Superfast
TRN10762,Passenger TRN10762,Passenger
TRN14941,Superfast TRN14941,Superfast
TRN10784,Passenger TRN10784,Passenger
TRN13818,Vande Bharat TRN13818,Vande Bharat
TRN12552,Shatabdi TRN12552,Shatabdi
TRN12561,Rajdhani TRN12561,Rajdhani
TRN11294,Express TRN11294,Express
TRN14326,Express TRN14326,Express
TRN12261,Vande Bharat TRN12261,Vande Bharat
TRN14503,Passenger TRN14503,Passenger
TRN10575,Superfast TRN10575,Superfast
TRN13069,Express TRN13069,Express
TRN11377,Passenger TRN11377,Passenger
TRN13370,Passenger TRN13370,Passenger
TRN13712,Passenger TRN13712,Passenger
TRN14530,Superfast TRN14530,Superfast
TRN12631,Rajdhani TRN12631,Rajdhani
TRN12411,Superfast TRN12411,Superfast
TRN14035,Express TRN14035,Express
TRN14018,Passenger TRN14018,Passenger
TRN13579,Express TRN13579,Express
TRN13312,Passenger TRN13312,Passenger
TRN12327,Passenger TRN12327,Passenger
TRN13223,Express TRN13223,Express
TRN13245,Vande Bharat TRN13245,Vande Bharat
TRN13460,Passenger TRN13460,Passenger
TRN13718,Passenger TRN13718,Passenger
TRN12141,Vande Bharat TRN12141,Vande Bharat
TRN13069,Superfast TRN13069,Superfast
TRN10909,Express TRN10909,Express
TRN12092,Rajdhani TRN12092,Rajdhani
TRN14004,Vande Bharat TRN14004,Vande Bharat
TRN10214,Passenger TRN10214,Passenger
TRN11072,Express TRN11072,Express
TRN10055,Superfast TRN10055,Superfast
TRN12609,Rajdhani TRN12609,Rajdhani
TRN13780,Passenger TRN13780,Passenger
TRN11498,Vande Bharat TRN11498,Vande Bharat
TRN12152,Express TRN12152,Express
TRN11237,Superfast TRN11237,Superfast
TRN13360,Rajdhani TRN13360,Rajdhani
TRN13134,Express TRN13134,Express
TRN14622,Superfast TRN14622,Superfast
TRN13601,Superfast TRN13601,Superfast
TRN11357,Shatabdi TRN11357,Shatabdi
TRN10975,Passenger TRN10975,Passenger
TRN14040,Passenger TRN14040,Passenger
TRN13564,Superfast TRN13564,Superfast
TRN13093,Passenger TRN13093,Passenger
TRN11263,Superfast TRN11263,Superfast
TRN13179,Passenger TRN13179,Passenger
TRN14569,Express TRN14569,Express
TRN10843,Express TRN10843,Express
TRN14196,Rajdhani TRN14196,Rajdhani
TRN10873,Express TRN10873,Express
TRN14126,Express TRN14126,Express
TRN12396,Passenger TRN12396,Passenger
TRN10286,Passenger TRN10286,Passenger
TRN13239,Express TRN13239,Express
TRN14275,Superfast TRN14275,Superfast
TRN13092,Shatabdi TRN13092,Shatabdi
TRN10281,Express TRN10281,Express
TRN11040,Passenger TRN11040,Passenger
TRN13724,Rajdhani TRN13724,Rajdhani
TRN14154,Passenger TRN14154,Passenger
TRN14825,Rajdhani TRN14825,Rajdhani
TRN14507,Express TRN14507,Express
TRN11938,Superfast TRN11938,Superfast
TRN13872,Vande Bharat TRN13872,Vande Bharat
TRN13159,Rajdhani TRN13159,Rajdhani
TRN13787,Superfast TRN13787,Superfast
TRN13427,Passenger TRN13427,Passenger
TRN13570,Vande Bharat TRN13570,Vande Bharat
TRN13922,Passenger TRN13922,Passenger
TRN13165,Superfast TRN13165,Superfast
TRN14322,Passenger TRN14322,Passenger
TRN14184,Express TRN14184,Express
TRN10099,Rajdhani TRN10099,Rajdhani
TRN10223,Passenger TRN10223,Passenger
TRN10047,Rajdhani TRN10047,Rajdhani
TRN14101,Express TRN14101,Express
TRN14520,Superfast TRN14520,Superfast
TRN13869,Superfast TRN13869,Superfast
TRN14957,Express TRN14957,Express
TRN11651,Vande Bharat TRN11651,Vande Bharat
TRN12233,Vande Bharat TRN12233,Vande Bharat
TRN12244,Rajdhani TRN12244,Rajdhani
TRN12391,Vande Bharat TRN12391,Vande Bharat
TRN14519,Rajdhani TRN14519,Rajdhani
TRN12081,Passenger TRN12081,Passenger
TRN14681,Superfast TRN14681,Superfast
TRN10984,Express TRN10984,Express
TRN14595,Express TRN14595,Express
TRN13223,Passenger TRN13223,Passenger
TRN11820,Passenger TRN11820,Passenger
TRN10597,Passenger TRN10597,Passenger
TRN12030,Superfast TRN12030,Superfast
TRN10992,Shatabdi TRN10992,Shatabdi
TRN10138,Vande Bharat TRN10138,Vande Bharat
TRN10436,Superfast TRN10436,Superfast
TRN12351,Express TRN12351,Express
TRN10069,Passenger TRN10069,Passenger
TRN12996,Superfast TRN12996,Superfast
TRN11287,Vande Bharat TRN11287,Vande Bharat
TRN11395,Superfast TRN11395,Superfast
TRN10143,Shatabdi TRN10143,Shatabdi
TRN12083,Rajdhani TRN12083,Rajdhani
TRN10973,Express TRN10973,Express
TRN14103,Superfast TRN14103,Superfast
TRN10793,Express TRN10793,Express
TRN10952,Superfast TRN10952,Superfast
TRN13167,Superfast TRN13167,Superfast
TRN13339,Superfast TRN13339,Superfast
TRN12474,Express TRN12474,Express
TRN10565,Vande Bharat TRN10565,Vande Bharat
TRN11293,Passenger TRN11293,Passenger
TRN14793,Passenger TRN14793,Passenger
TRN12724,Express TRN12724,Express
TRN12135,Express TRN12135,Express
TRN11788,Superfast TRN11788,Superfast
TRN13948,Superfast TRN13948,Superfast
TRN12192,Superfast TRN12192,Superfast
TRN10087,Passenger TRN10087,Passenger
TRN10234,Express TRN10234,Express
TRN11559,Express TRN11559,Express
TRN14521,Express TRN14521,Express
TRN10521,Superfast TRN10521,Superfast
TRN10424,Express TRN10424,Express
TRN14659,Express TRN14659,Express
TRN13660,Rajdhani TRN13660,Rajdhani
TRN10509,Rajdhani TRN10509,Rajdhani
TRN13452,Vande Bharat TRN13452,Vande Bharat
TRN13149,Passenger TRN13149,Passenger
TRN11466,Shatabdi TRN11466,Shatabdi
TRN11728,Superfast TRN11728,Superfast
TRN10962,Express TRN10962,Express
TRN11115,Superfast TRN11115,Superfast
TRN14115,Passenger TRN14115,Passenger
TRN10391,Rajdhani TRN10391,Rajdhani
TRN10551,Passenger TRN10551,Passenger
TRN10326,Superfast TRN10326,Superfast
TRN13959,Passenger TRN13959,Passenger
TRN14567,Passenger TRN14567,Passenger
TRN14273,Passenger TRN14273,Passenger
TRN11970,Vande Bharat TRN11970,Vande Bharat
TRN13550,Passenger TRN13550,Passenger
TRN13134,Vande Bharat TRN13134,Vande Bharat
TRN13463,Passenger TRN13463,Passenger
TRN11367,Shatabdi TRN11367,Shatabdi
TRN12610,Express TRN12610,Express
TRN11042,Vande Bharat TRN11042,Vande Bharat
TRN14258,Superfast TRN14258,Superfast
TRN11344,Rajdhani TRN11344,Rajdhani
TRN11317,Express TRN11317,Express
TRN14308,Express TRN14308,Express
TRN13158,Shatabdi TRN13158,Shatabdi
TRN13343,Superfast TRN13343,Superfast
TRN14734,Shatabdi TRN14734,Shatabdi
TRN13442,Rajdhani TRN13442,Rajdhani
TRN10886,Express TRN10886,Express
TRN11496,Passenger TRN11496,Passenger
TRN14545,Superfast TRN14545,Superfast
TRN14848,Express TRN14848,Express
TRN14839,Shatabdi TRN14839,Shatabdi
TRN10391,Express TRN10391,Express
TRN12959,Rajdhani TRN12959,Rajdhani
TRN11318,Vande Bharat TRN11318,Vande Bharat
TRN13347,Rajdhani TRN13347,Rajdhani
TRN14423,Superfast TRN14423,Superfast
TRN12966,Express TRN12966,Express
TRN14729,Superfast TRN14729,Superfast
TRN12692,Passenger TRN12692,Passenger
TRN13703,Express TRN13703,Express
TRN13803,Vande Bharat TRN13803,Vande Bharat
TRN11375,Express TRN11375,Express
TRN13206,Shatabdi TRN13206,Shatabdi
TRN10316,Rajdhani TRN10316,Rajdhani
TRN14257,Superfast TRN14257,Superfast
TRN12550,Superfast TRN12550,Superfast
TRN13960,Passenger TRN13960,Passenger
TRN12733,Express TRN12733,Express
TRN12713,Superfast TRN12713,Superfast
TRN11018,Vande Bharat TRN11018,Vande Bharat
TRN13450,Passenger TRN13450,Passenger
TRN11714,Passenger TRN11714,Passenger
TRN13337,Superfast TRN13337,Superfast
TRN12498,Passenger TRN12498,Passenger
TRN11009,Express TRN11009,Express
TRN13354,Vande Bharat TRN13354,Vande Bharat
TRN11564,Express TRN11564,Express
TRN13116,Passenger TRN13116,Passenger
TRN12267,Express TRN12267,Express
TRN12348,Express TRN12348,Express
TRN10294,Vande Bharat TRN10294,Vande Bharat
TRN10003,Vande Bharat TRN10003,Vande Bharat
TRN10512,Vande Bharat TRN10512,Vande Bharat
TRN10767,Passenger TRN10767,Passenger
TRN14255,Superfast TRN14255,Superfast
TRN12480,Express TRN12480,Express
TRN14618,Shatabdi TRN14618,Shatabdi
TRN11296,Express TRN11296,Express
TRN12485,Passenger TRN12485,Passenger
TRN14829,Shatabdi TRN14829,Shatabdi
TRN13675,Express TRN13675,Express
TRN13197,Shatabdi TRN13197,Shatabdi
TRN12673,Express TRN12673,Express
TRN12313,Express TRN12313,Express
TRN14200,Vande Bharat TRN14200,Vande Bharat
TRN12896,Shatabdi TRN12896,Shatabdi
TRN14936,Express TRN14936,Express
TRN10273,Superfast TRN10273,Superfast
TRN11272,Passenger TRN11272,Passenger
TRN11220,Superfast TRN11220,Superfast
TRN10452,Superfast TRN10452,Superfast
TRN14175,Passenger TRN14175,Passenger
TRN12120,Express TRN12120,Express
TRN13365,Passenger TRN13365,Passenger
TRN12060,Rajdhani TRN12060,Rajdhani
TRN13416,Passenger TRN13416,Passenger
TRN14481,Passenger TRN14481,Passenger
TRN12541,Rajdhani TRN12541,Rajdhani
TRN13093,Express TRN13093,Express
TRN11232,Superfast TRN11232,Superfast
TRN14415,Shatabdi TRN14415,Shatabdi
TRN11719,Superfast TRN11719,Superfast
TRN13602,Passenger TRN13602,Passenger
TRN10667,Superfast TRN10667,Superfast
TRN13388,Passenger TRN13388,Passenger
TRN14862,Superfast TRN14862,Superfast
TRN13055,Vande Bharat TRN13055,Vande Bharat
TRN11426,Passenger TRN11426,Passenger
TRN11033,Superfast TRN11033,Superfast
TRN12271,Express TRN12271,Express
TRN13064,Passenger TRN13064,Passenger
TRN12212,Vande Bharat TRN12212,Vande Bharat
TRN11251,Vande Bharat TRN11251,Vande Bharat
TRN11863,Passenger TRN11863,Passenger
TRN13513,Shatabdi TRN13513,Shatabdi
TRN10505,Passenger TRN10505,Passenger
TRN10393,Express TRN10393,Express
TRN14224,Superfast TRN14224,Superfast
TRN10551,Express TRN10551,Express
TRN14065,Rajdhani TRN14065,Rajdhani
TRN12658,Vande Bharat TRN12658,Vande Bharat
TRN11044,Express TRN11044,Express
TRN11972,Passenger TRN11972,Passenger
TRN10913,Passenger TRN10913,Passenger
TRN14051,Superfast TRN14051,Superfast
TRN13727,Superfast TRN13727,Superfast
TRN14859,Superfast TRN14859,Superfast
TRN10465,Rajdhani TRN10465,Rajdhani
TRN11422,Superfast TRN11422,Superfast
TRN13208,Superfast TRN13208,Superfast
TRN10540,Superfast TRN10540,Superfast
TRN11952,Passenger TRN11952,Passenger
TRN14505,Passenger TRN14505,Passenger
TRN12760,Passenger TRN12760,Passenger
TRN13803,Superfast TRN13803,Superfast
TRN12259,Express TRN12259,Express
TRN10392,Shatabdi TRN10392,Shatabdi
TRN14682,Superfast TRN14682,Superfast
TRN14504,Vande Bharat TRN14504,Vande Bharat
TRN14615,Superfast TRN14615,Superfast
TRN14204,Rajdhani TRN14204,Rajdhani
TRN13873,Superfast TRN13873,Superfast
TRN12628,Rajdhani TRN12628,Rajdhani
TRN13261,Vande Bharat TRN13261,Vande Bharat
TRN12564,Shatabdi TRN12564,Shatabdi
TRN13897,Express TRN13897,Express
TRN13425,Express TRN13425,Express
TRN14162,Shatabdi TRN14162,Shatabdi
TRN10462,Express TRN10462,Express
TRN11021,Passenger TRN11021,Passenger
TRN10923,Passenger TRN10923,Passenger
TRN10590,Passenger TRN10590,Passenger
TRN11738,Passenger TRN11738,Passenger
TRN13704,Rajdhani TRN13704,Rajdhani
TRN11113,Passenger TRN11113,Passenger
TRN13967,Passenger TRN13967,Passenger
TRN13173,Express TRN13173,Express
TRN13206,Superfast TRN13206,Superfast
TRN14259,Vande Bharat TRN14259,Vande Bharat
TRN14078,Passenger TRN14078,Passenger
TRN12198,Vande Bharat TRN12198,Vande Bharat
TRN11821,Rajdhani TRN11821,Rajdhani
TRN14868,Rajdhani TRN14868,Rajdhani
TRN11101,Passenger TRN11101,Passenger
TRN10503,Express TRN10503,Express
TRN12273,Superfast TRN12273,Superfast
TRN11140,Shatabdi TRN11140,Shatabdi
TRN10879,Superfast TRN10879,Superfast
TRN10481,Rajdhani TRN10481,Rajdhani
TRN10825,Passenger TRN10825,Passenger
TRN11366,Express TRN11366,Express
TRN10264,Shatabdi TRN10264,Shatabdi
TRN10635,Passenger TRN10635,Passenger
TRN11534,Passenger TRN11534,Passenger
TRN14704,Superfast TRN14704,Superfast
TRN12971,Express TRN12971,Express
TRN14385,Passenger TRN14385,Passenger
TRN13072,Shatabdi TRN13072,Shatabdi
TRN11035,Express TRN11035,Express
TRN10229,Express TRN10229,Express
TRN13799,Rajdhani TRN13799,Rajdhani
TRN10750,Vande Bharat TRN10750,Vande Bharat
TRN12246,Vande Bharat TRN12246,Vande Bharat
TRN14730,Express TRN14730,Express
TRN11017,Vande Bharat TRN11017,Vande Bharat
TRN14231,Superfast TRN14231,Superfast
TRN13156,Superfast TRN13156,Superfast
TRN12932,Express TRN12932,Express
TRN10861,Passenger TRN10861,Passenger
TRN13475,Express TRN13475,Express
TRN13997,Passenger TRN13997,Passenger
TRN13875,Vande Bharat TRN13875,Vande Bharat
TRN14265,Rajdhani TRN14265,Rajdhani
TRN14051,Express TRN14051,Express
TRN14959,Passenger TRN14959,Passenger
TRN10887,Passenger TRN10887,Passenger
TRN13276,Passenger TRN13276,Passenger
TRN14736,Vande Bharat TRN14736,Vande Bharat
TRN12593,Superfast TRN12593,Superfast
TRN11473,Express TRN11473,Express
TRN11309,Rajdhani TRN11309,Rajdhani
TRN10364,Express TRN10364,Express
TRN12197,Rajdhani TRN12197,Rajdhani
TRN10755,Passenger TRN10755,Passenger
TRN14446,Passenger TRN14446,Passenger
TRN10250,Passenger TRN10250,Passenger
TRN12533,Express TRN12533,Express
TRN11229,Superfast TRN11229,Superfast
TRN14660,Express TRN14660,Express
TRN12438,Vande Bharat TRN12438,Vande Bharat
TRN14424,Rajdhani TRN14424,Rajdhani
TRN10806,Passenger TRN10806,Passenger
TRN12458,Rajdhani TRN12458,Rajdhani
TRN14187,Superfast TRN14187,Superfast
TRN14150,Shatabdi TRN14150,Shatabdi
TRN14602,Superfast TRN14602,Superfast
TRN11262,Superfast TRN11262,Superfast
TRN14756,Passenger TRN14756,Passenger
TRN11446,Passenger TRN11446,Passenger
TRN12083,Passenger TRN12083,Passenger
TRN12731,Passenger TRN12731,Passenger
TRN11398,Vande Bharat TRN11398,Vande Bharat
TRN14097,Passenger TRN14097,Passenger
TRN12377,Express TRN12377,Express
TRN11273,Passenger TRN11273,Passenger
TRN12697,Superfast TRN12697,Superfast
TRN12888,Express TRN12888,Express
TRN10994,Rajdhani TRN10994,Rajdhani
TRN13908,Rajdhani TRN13908,Rajdhani
TRN14950,Superfast TRN14950,Superfast
TRN12031,Rajdhani TRN12031,Rajdhani
TRN11790,Express TRN11790,Express
TRN10518,Passenger TRN10518,Passenger
TRN10604,Express TRN10604,Express
TRN12922,Superfast TRN12922,Superfast
TRN14490,Express TRN14490,Express
TRN11569,Superfast TRN11569,Superfast
TRN14483,Express TRN14483,Express
TRN11764,Rajdhani TRN11764,Rajdhani
TRN14867,Express TRN14867,Express
TRN10755,Superfast TRN10755,Superfast
TRN12901,Express TRN12901,Express
TRN14646,Passenger TRN14646,Passenger
TRN11097,Vande Bharat TRN11097,Vande Bharat
TRN13762,Passenger TRN13762,Passenger
TRN12698,Express TRN12698,Express
TRN14736,Superfast TRN14736,Superfast
TRN10125,Shatabdi TRN10125,Shatabdi
TRN11767,Passenger TRN11767,Passenger
TRN12702,Shatabdi TRN12702,Shatabdi
TRN12730,Passenger TRN12730,Passenger
TRN11473,Vande Bharat TRN11473,Vande Bharat
TRN14975,Vande Bharat TRN14975,Vande Bharat
TRN12154,Passenger TRN12154,Passenger
TRN11207,Superfast TRN11207,Superfast
TRN14335,Rajdhani TRN14335,Rajdhani
TRN11432,Superfast TRN11432,Superfast
TRN12331,Express TRN12331,Express
TRN14150,Express TRN14150,Express
TRN11102,Express TRN11102,Express
TRN14664,Passenger TRN14664,Passenger
TRN10740,Rajdhani TRN10740,Rajdhani
TRN10567,Passenger TRN10567,Passenger
TRN12491,Superfast TRN12491,Superfast
TRN12989,Shatabdi TRN12989,Shatabdi
TRN12706,Rajdhani TRN12706,Rajdhani
TRN14347,Express TRN14347,Express
TRN11997,Passenger TRN11997,Passenger
TRN11054,Passenger TRN11054,Passenger
TRN10153,Superfast TRN10153,Superfast
TRN11235,Passenger TRN11235,Passenger
TRN11058,Vande Bharat TRN11058,Vande Bharat
TRN14495,Express TRN14495,Express
TRN13948,Passenger TRN13948,Passenger
TRN14014,Vande Bharat TRN14014,Vande Bharat
TRN12713,Express TRN12713,Express
TRN14577,Rajdhani TRN14577,Rajdhani
TRN11974,Rajdhani TRN11974,Rajdhani
TRN13266,Superfast TRN13266,Superfast
TRN10200,Passenger TRN10200,Passenger
TRN13522,Passenger TRN13522,Passenger
TRN12014,Vande Bharat TRN12014,Vande Bharat
TRN13044,Superfast TRN13044,Superfast
TRN11869,Express TRN11869,Express
TRN11306,Rajdhani TRN11306,Rajdhani
TRN11368,Superfast TRN11368,Superfast
TRN11630,Rajdhani TRN11630,Rajdhani
TRN13353,Vande Bharat TRN13353,Vande Bharat
TRN10149,Superfast TRN10149,Superfast
TRN11974,Vande Bharat TRN11974,Vande Bharat
TRN12568,Express TRN12568,Express
TRN11918,Superfast TRN11918,Superfast
TRN11695,Express TRN11695,Express
TRN14038,Passenger TRN14038,Passenger
TRN11148,Express TRN11148,Express
TRN11034,Rajdhani TRN11034,Rajdhani
TRN11867,Vande Bharat TRN11867,Vande Bharat
TRN10113,Express TRN10113,Express
TRN14042,Passenger TRN14042,Passenger
TRN14515,Vande Bharat TRN14515,Vande Bharat
TRN14097,Superfast TRN14097,Superfast
TRN11270,Rajdhani TRN11270,Rajdhani
TRN11103,Rajdhani TRN11103,Rajdhani
TRN12720,Express TRN12720,Express
TRN10573,Passenger TRN10573,Passenger
TRN10831,Passenger TRN10831,Passenger
TRN12784,Rajdhani TRN12784,Rajdhani
TRN10583,Express TRN10583,Express
TRN14968,Passenger TRN14968,Passenger
TRN12903,Passenger TRN12903,Passenger
TRN11129,Superfast TRN11129,Superfast
TRN10828,Express TRN10828,Express
TRN12010,Vande Bharat TRN12010,Vande Bharat
TRN14062,Vande Bharat TRN14062,Vande Bharat
TRN14396,Rajdhani TRN14396,Rajdhani
TRN14419,Passenger TRN14419,Passenger
TRN12059,Vande Bharat TRN12059,Vande Bharat
TRN11218,Rajdhani TRN11218,Rajdhani
TRN13439,Superfast TRN13439,Superfast
TRN14932,Vande Bharat TRN14932,Vande Bharat
TRN13212,Superfast TRN13212,Superfast
TRN12642,Passenger TRN12642,Passenger
TRN11395,Vande Bharat TRN11395,Vande Bharat
TRN11803,Rajdhani TRN11803,Rajdhani
TRN12865,Vande Bharat TRN12865,Vande Bharat
TRN11164,Superfast TRN11164,Superfast
TRN12792,Superfast TRN12792,Superfast
TRN11461,Express TRN11461,Express
TRN14876,Rajdhani TRN14876,Rajdhani
TRN12246,Passenger TRN12246,Passenger
TRN11439,Superfast TRN11439,Superfast
TRN10801,Rajdhani TRN10801,Rajdhani
TRN11721,Express TRN11721,Express
TRN12944,Express TRN12944,Express
TRN12031,Vande Bharat TRN12031,Vande Bharat
TRN13291,Vande Bharat TRN13291,Vande Bharat
TRN14376,Express TRN14376,Express
TRN12807,Shatabdi TRN12807,Shatabdi
TRN12805,Superfast TRN12805,Superfast
TRN10104,Passenger TRN10104,Passenger
TRN14696,Superfast TRN14696,Superfast
TRN13466,Vande Bharat TRN13466,Vande Bharat
TRN14569,Superfast TRN14569,Superfast
TRN11257,Shatabdi TRN11257,Shatabdi
TRN10891,Rajdhani TRN10891,Rajdhani
TRN14455,Rajdhani TRN14455,Rajdhani
TRN14109,Superfast TRN14109,Superfast
TRN14402,Superfast TRN14402,Superfast
TRN10962,Passenger TRN10962,Passenger
TRN11007,Passenger TRN11007,Passenger
TRN11935,Express TRN11935,Express
TRN13512,Express TRN13512,Express
TRN13546,Shatabdi TRN13546,Shatabdi
TRN12685,Rajdhani TRN12685,Rajdhani
TRN13321,Passenger TRN13321,Passenger
TRN13846,Passenger TRN13846,Passenger
TRN14583,Superfast TRN14583,Superfast
TRN11602,Shatabdi TRN11602,Shatabdi
TRN10143,Express TRN10143,Express
TRN14451,Superfast TRN14451,Superfast
TRN11074,Vande Bharat TRN11074,Vande Bharat
TRN13669,Superfast TRN13669,Superfast
TRN10968,Superfast TRN10968,Superfast
TRN12315,Express TRN12315,Express
TRN13183,Superfast TRN13183,Superfast
TRN11313,Vande Bharat TRN11313,Vande Bharat
TRN12698,Rajdhani TRN12698,Rajdhani
TRN10062,Passenger TRN10062,Passenger
TRN12660,Shatabdi TRN12660,Shatabdi
TRN11405,Vande Bharat TRN11405,Vande Bharat
TRN13182,Express TRN13182,Express
TRN11398,Superfast TRN11398,Superfast
TRN13713,Passenger TRN13713,Passenger
TRN14735,Shatabdi TRN14735,Shatabdi
TRN11242,Express TRN11242,Express
TRN10501,Vande Bharat TRN10501,Vande Bharat
TRN10614,Passenger TRN10614,Passenger
TRN13594,Express TRN13594,Express
TRN12145,Superfast TRN12145,Superfast
TRN13575,Vande Bharat TRN13575,Vande Bharat
TRN12753,Vande Bharat TRN12753,Vande Bharat
TRN12571,Shatabdi TRN12571,Shatabdi
TRN13081,Superfast TRN13081,Superfast
TRN11881,Superfast TRN11881,Superfast
TRN13353,Passenger TRN13353,Passenger
TRN11958,Superfast TRN11958,Superfast
TRN10718,Shatabdi TRN10718,Shatabdi
TRN11806,Superfast TRN11806,Superfast
TRN13588,Passenger TRN13588,Passenger
TRN14412,Superfast TRN14412,Superfast
TRN13912,Rajdhani TRN13912,Rajdhani
TRN11509,Express TRN11509,Express
TRN12776,Express TRN12776,Express
TRN11670,Superfast TRN11670,Superfast
TRN14148,Vande Bharat TRN14148,Vande Bharat
TRN10077,Rajdhani TRN10077,Rajdhani
TRN12547,Rajdhani TRN12547,Rajdhani
TRN10204,Passenger TRN10204,Passenger
TRN14221,Superfast TRN14221,Superfast
TRN12734,Vande Bharat TRN12734,Vande Bharat
TRN14623,Shatabdi TRN14623,Shatabdi
TRN13927,Passenger TRN13927,Passenger
TRN11462,Superfast TRN11462,Superfast
TRN14580,Rajdhani TRN14580,Rajdhani
TRN11696,Superfast TRN11696,Superfast
TRN10692,Vande Bharat TRN10692,Vande Bharat
TRN13127,Rajdhani TRN13127,Rajdhani
TRN12418,Passenger TRN12418,Passenger
TRN11243,Passenger TRN11243,Passenger
TRN12673,Vande Bharat TRN12673,Vande Bharat
TRN13857,Express TRN13857,Express
TRN12023,Superfast TRN12023,Superfast
TRN10161,Vande Bharat TRN10161,Vande Bharat
TRN13941,Rajdhani TRN13941,Rajdhani
TRN12082,Passenger TRN12082,Passenger
TRN11300,Express TRN11300,Express
TRN12393,Rajdhani TRN12393,Rajdhani
TRN14267,Express TRN14267,Express
TRN11006,Express TRN11006,Express
TRN10419,Express TRN10419,Express
TRN14533,Express TRN14533,Express
TRN14776,Superfast TRN14776,Superfast
TRN10368,Superfast TRN10368,Superfast
TRN12111,Vande Bharat TRN12111,Vande Bharat
TRN11327,Superfast TRN11327,Superfast
TRN14934,Express TRN14934,Express
TRN13408,Express TRN13408,Express
TRN14701,Rajdhani TRN14701,Rajdhani
TRN12660,Passenger TRN12660,Passenger
TRN14321,Express TRN14321,Express
TRN14866,Superfast TRN14866,Superfast
TRN14523,Rajdhani TRN14523,Rajdhani
TRN14536,Passenger TRN14536,Passenger
TRN14593,Shatabdi TRN14593,Shatabdi
TRN10236,Rajdhani TRN10236,Rajdhani
TRN13966,Passenger TRN13966,Passenger
TRN13740,Shatabdi TRN13740,Shatabdi
TRN11741,Express TRN11741,Express
TRN10512,Superfast TRN10512,Superfast
TRN12511,Passenger TRN12511,Passenger
TRN10744,Superfast TRN10744,Superfast
TRN12009,Superfast TRN12009,Superfast
TRN14182,Superfast TRN14182,Superfast
TRN10827,Express TRN10827,Express
TRN13565,Superfast TRN13565,Superfast
TRN11887,Superfast TRN11887,Superfast
TRN13181,Passenger TRN13181,Passenger
TRN11049,Superfast TRN11049,Superfast
TRN10683,Express TRN10683,Express
TRN14323,Express TRN14323,Express
TRN10793,Vande Bharat TRN10793,Vande Bharat
TRN12085,Vande Bharat TRN12085,Vande Bharat
TRN10139,Superfast TRN10139,Superfast
TRN10826,Express TRN10826,Express
TRN13539,Passenger TRN13539,Passenger
TRN13399,Express TRN13399,Express
TRN11808,Superfast TRN11808,Superfast
TRN10777,Passenger TRN10777,Passenger
TRN13174,Superfast TRN13174,Superfast
TRN14672,Shatabdi TRN14672,Shatabdi
TRN13657,Express TRN13657,Express
TRN11942,Express TRN11942,Express
TRN14752,Superfast TRN14752,Superfast
TRN11224,Express TRN11224,Express
TRN12303,Superfast TRN12303,Superfast
TRN11676,Shatabdi TRN11676,Shatabdi
TRN10176,Superfast TRN10176,Superfast
TRN11400,Passenger TRN11400,Passenger
TRN12094,Express TRN12094,Express
TRN13677,Express TRN13677,Express
TRN11568,Superfast TRN11568,Superfast
TRN14020,Superfast TRN14020,Superfast
TRN12362,Shatabdi TRN12362,Shatabdi
TRN11492,Express TRN11492,Express
TRN12406,Express TRN12406,Express
TRN10323,Superfast TRN10323,Superfast
TRN14043,Rajdhani TRN14043,Rajdhani
TRN14388,Superfast TRN14388,Superfast
TRN13525,Rajdhani TRN13525,Rajdhani
TRN10610,Express TRN10610,Express
TRN12001,Express TRN12001,Express
TRN13910,Express TRN13910,Express
TRN14624,Superfast TRN14624,Superfast
TRN12840,Express TRN12840,Express
TRN14085,Express TRN14085,Express
TRN14227,Shatabdi TRN14227,Shatabdi
TRN11337,Vande Bharat TRN11337,Vande Bharat
TRN10190,Superfast TRN10190,Superfast
TRN10849,Passenger TRN10849,Passenger
TRN14037,Vande Bharat TRN14037,Vande Bharat
TRN12951,Superfast TRN12951,Superfast
TRN13378,Passenger TRN13378,Passenger
TRN14107,Superfast TRN14107,Superfast
TRN10711,Passenger TRN10711,Passenger
TRN10529,Passenger TRN10529,Passenger
TRN11963,Express TRN11963,Express
TRN11717,Express TRN11717,Express
TRN12120,Superfast TRN12120,Superfast
TRN14600,Express TRN14600,Express
TRN10698,Rajdhani TRN10698,Rajdhani
TRN14437,Passenger TRN14437,Passenger
TRN11296,Vande Bharat TRN11296,Vande Bharat
TRN14385,Vande Bharat TRN14385,Vande Bharat
TRN14521,Shatabdi TRN14521,Shatabdi
TRN13780,Superfast TRN13780,Superfast
TRN14381,Rajdhani TRN14381,Rajdhani
TRN11968,Rajdhani TRN11968,Rajdhani
TRN13325,Passenger TRN13325,Passenger
TRN12805,Express TRN12805,Express
TRN13997,Superfast TRN13997,Superfast
TRN11298,Express TRN11298,Express
TRN12014,Express TRN12014,Express
TRN12894,Superfast TRN12894,Superfast
TRN10746,Vande Bharat TRN10746,Vande Bharat
TRN10374,Rajdhani TRN10374,Rajdhani
TRN14281,Express TRN14281,Express
TRN10416,Superfast TRN10416,Superfast
TRN13707,Passenger TRN13707,Passenger
TRN12361,Passenger TRN12361,Passenger
TRN10390,Express TRN10390,Express
TRN10116,Express TRN10116,Express
TRN12397,Express TRN12397,Express
TRN12285,Passenger TRN12285,Passenger
TRN12633,Superfast TRN12633,Superfast
TRN13340,Superfast TRN13340,Superfast
TRN14327,Shatabdi TRN14327,Shatabdi
TRN14885,Express TRN14885,Express
TRN10759,Vande Bharat TRN10759,Vande Bharat
TRN11623,Passenger TRN11623,Passenger
TRN10677,Express TRN10677,Express
TRN13455,Rajdhani TRN13455,Rajdhani
TRN12069,Vande Bharat TRN12069,Vande Bharat
TRN13557,Superfast TRN13557,Superfast
TRN11637,Express TRN11637,Express
TRN13002,Express TRN13002,Express
TRN12613,Rajdhani TRN12613,Rajdhani
TRN10273,Rajdhani TRN10273,Rajdhani
TRN10817,Shatabdi TRN10817,Shatabdi
TRN12150,Shatabdi TRN12150,Shatabdi
TRN12726,Passenger TRN12726,Passenger
TRN12938,Rajdhani TRN12938,Rajdhani
TRN14753,Passenger TRN14753,Passenger
TRN10628,Express TRN10628,Express
TRN13957,Superfast TRN13957,Superfast
TRN14608,Passenger TRN14608,Passenger
TRN11620,Rajdhani TRN11620,Rajdhani
TRN14637,Express TRN14637,Express
TRN14740,Express TRN14740,Express
TRN11468,Express TRN11468,Express
TRN12433,Passenger TRN12433,Passenger
TRN12920,Rajdhani TRN12920,Rajdhani
TRN10948,Vande Bharat TRN10948,Vande Bharat
TRN11627,Express TRN11627,Express
TRN13987,Rajdhani TRN13987,Rajdhani
TRN12465,Passenger TRN12465,Passenger
TRN11288,Superfast TRN11288,Superfast
TRN13249,Passenger TRN13249,Passenger
TRN12278,Vande Bharat TRN12278,Vande Bharat
TRN11697,Rajdhani TRN11697,Rajdhani
TRN12101,Superfast TRN12101,Superfast
TRN13640,Vande Bharat TRN13640,Vande Bharat
TRN11247,Passenger TRN11247,Passenger
TRN13498,Passenger TRN13498,Passenger
TRN11557,Passenger TRN11557,Passenger
TRN13642,Passenger TRN13642,Passenger
TRN11363,Passenger TRN11363,Passenger
TRN10335,Express TRN10335,Express
TRN10726,Passenger TRN10726,Passenger
TRN12275,Rajdhani TRN12275,Rajdhani
TRN10825,Superfast TRN10825,Superfast
TRN12577,Passenger TRN12577,Passenger
TRN12010,Passenger TRN12010,Passenger
TRN14941,Passenger TRN14941,Passenger
TRN13136,Superfast TRN13136,Superfast
TRN12054,Express TRN12054,Express
TRN14686,Superfast TRN14686,Superfast
TRN11798,Express TRN11798,Express
TRN11243,Vande Bharat TRN11243,Vande Bharat
TRN13139,Vande Bharat TRN13139,Vande Bharat
TRN13536,Express TRN13536,Express
TRN11384,Express TRN11384,Express
TRN12064,Shatabdi TRN12064,Shatabdi
TRN12812,Passenger TRN12812,Passenger
TRN12726,Vande Bharat TRN12726,Vande Bharat
TRN10388,Vande Bharat TRN10388,Vande Bharat
TRN11123,Passenger TRN11123,Passenger
TRN13241,Superfast TRN13241,Superfast
TRN12728,Express TRN12728,Express
TRN10563,Express TRN10563,Express
TRN12565,Passenger TRN12565,Passenger
TRN10296,Express TRN10296,Express
TRN12240,Superfast TRN12240,Superfast
TRN12745,Express TRN12745,Express
TRN13315,Shatabdi TRN13315,Shatabdi
TRN11861,Express TRN11861,Express
TRN12713,Vande Bharat TRN12713,Vande Bharat
TRN12247,Superfast TRN12247,Superfast
TRN12360,Shatabdi TRN12360,Shatabdi
TRN10080,Rajdhani TRN10080,Rajdhani
TRN13365,Rajdhani TRN13365,Rajdhani
TRN13811,Passenger TRN13811,Passenger
TRN14354,Superfast TRN14354,Superfast
TRN10465,Passenger TRN10465,Passenger
TRN14806,Express TRN14806,Express
TRN12709,Vande Bharat TRN12709,Vande Bharat
TRN14175,Superfast TRN14175,Superfast
TRN14618,Superfast TRN14618,Superfast
TRN14316,Superfast TRN14316,Superfast
TRN11855,Rajdhani TRN11855,Rajdhani
TRN14505,Vande Bharat TRN14505,Vande Bharat
TRN10368,Shatabdi TRN10368,Shatabdi
TRN13654,Passenger TRN13654,Passenger
TRN14681,Shatabdi TRN14681,Shatabdi
TRN11028,Superfast TRN11028,Superfast
TRN10854,Passenger TRN10854,Passenger
TRN10651,Passenger TRN10651,Passenger
TRN14914,Shatabdi TRN14914,Shatabdi
TRN12668,Vande Bharat TRN12668,Vande Bharat
TRN14093,Vande Bharat TRN14093,Vande Bharat
TRN10294,Express TRN10294,Express
TRN10621,Vande Bharat TRN10621,Vande Bharat
TRN14540,Passenger TRN14540,Passenger
TRN14307,Rajdhani TRN14307,Rajdhani
TRN14392,Shatabdi TRN14392,Shatabdi
TRN14314,Express TRN14314,Express
TRN10759,Rajdhani TRN10759,Rajdhani
TRN14690,Superfast TRN14690,Superfast
TRN10847,Express TRN10847,Express
TRN13645,Rajdhani TRN13645,Rajdhani
TRN13819,Express TRN13819,Express
TRN11135,Passenger TRN11135,Passenger
TRN13356,Express TRN13356,Express
TRN12854,Passenger TRN12854,Passenger
TRN11346,Passenger TRN11346,Passenger
TRN14837,Express TRN14837,Express
TRN13103,Superfast TRN13103,Superfast
TRN10110,Superfast TRN10110,Superfast
TRN12590,Express TRN12590,Express
TRN14168,Passenger TRN14168,Passenger
TRN10476,Vande Bharat TRN10476,Vande Bharat
TRN14964,Express TRN14964,Express
TRN12144,Superfast TRN12144,Superfast
TRN12322,Superfast TRN12322,Superfast
TRN11904,Superfast TRN11904,Superfast
TRN10623,Shatabdi TRN10623,Shatabdi
TRN11183,Passenger TRN11183,Passenger
TRN11358,Vande Bharat TRN11358,Vande Bharat
TRN12587,Express TRN12587,Express
TRN14358,Passenger TRN14358,Passenger
TRN14959,Express TRN14959,Express
TRN14708,Superfast TRN14708,Superfast
TRN14104,Express TRN14104,Express
TRN12397,Rajdhani TRN12397,Rajdhani
TRN13843,Superfast TRN13843,Superfast
TRN10117,Superfast TRN10117,Superfast
TRN10136,Passenger TRN10136,Passenger
TRN14834,Superfast TRN14834,Superfast
TRN13477,Rajdhani TRN13477,Rajdhani
TRN13029,Vande Bharat TRN13029,Vande Bharat
TRN10425,Passenger TRN10425,Passenger
TRN10852,Rajdhani TRN10852,Rajdhani
TRN10557,Passenger TRN10557,Passenger
TRN11397,Vande Bharat TRN11397,Vande Bharat
TRN10713,Passenger TRN10713,Passenger
TRN12979,Superfast TRN12979,Superfast
TRN14885,Passenger TRN14885,Passenger
TRN12909,Rajdhani TRN12909,Rajdhani
TRN11983,Vande Bharat TRN11983,Vande Bharat
TRN11927,Vande Bharat TRN11927,Vande Bharat
TRN11767,Express TRN11767,Express
TRN11553,Superfast TRN11553,Superfast
TRN12772,Superfast TRN12772,Superfast
TRN10400,Passenger TRN10400,Passenger
TRN14325,Vande Bharat TRN14325,Vande Bharat
TRN13172,Passenger TRN13172,Passenger
TRN14599,Superfast TRN14599,Superfast
TRN12046,Passenger TRN12046,Passenger
TRN12277,Passenger TRN12277,Passenger
TRN10354,Superfast TRN10354,Superfast
TRN10527,Superfast TRN10527,Superfast
TRN14642,Superfast TRN14642,Superfast
TRN11054,Shatabdi TRN11054,Shatabdi
TRN14373,Vande Bharat TRN14373,Vande Bharat
TRN13668,Passenger TRN13668,Passenger
TRN14080,Passenger TRN14080,Passenger
TRN14327,Superfast TRN14327,Superfast
TRN14748,Rajdhani TRN14748,Rajdhani
TRN12489,Shatabdi TRN12489,Shatabdi
TRN14605,Superfast TRN14605,Superfast
TRN12297,Vande Bharat TRN12297,Vande Bharat
TRN10057,Express TRN10057,Express
TRN14683,Express TRN14683,Express
TRN11699,Express TRN11699,Express
TRN14274,Vande Bharat TRN14274,Vande Bharat
TRN10668,Express TRN10668,Express
TRN10480,Passenger TRN10480,Passenger
TRN13921,Rajdhani TRN13921,Rajdhani
TRN14370,Passenger TRN14370,Passenger
TRN11736,Express TRN11736,Express
TRN11368,Rajdhani TRN11368,Rajdhani
TRN11619,Express TRN11619,Express
TRN12854,Superfast TRN12854,Superfast
TRN12427,Passenger TRN12427,Passenger
TRN12356,Superfast TRN12356,Superfast
TRN12873,Express TRN12873,Express
TRN12733,Superfast TRN12733,Superfast
TRN13011,Superfast TRN13011,Superfast
TRN14899,Express TRN14899,Express
TRN12207,Passenger TRN12207,Passenger
TRN14432,Vande Bharat TRN14432,Vande Bharat
TRN10588,Superfast TRN10588,Superfast
TRN11502,Express TRN11502,Express
TRN11706,Shatabdi TRN11706,Shatabdi
TRN11324,Express TRN11324,Express
TRN13330,Passenger TRN13330,Passenger
TRN13398,Express TRN13398,Express
TRN10414,Passenger TRN10414,Passenger
TRN14174,Vande Bharat TRN14174,Vande Bharat
TRN10131,Rajdhani TRN10131,Rajdhani
TRN10638,Superfast TRN10638,Superfast
TRN11863,Rajdhani TRN11863,Rajdhani
TRN11513,Shatabdi TRN11513,Shatabdi
TRN10937,Passenger TRN10937,Passenger
TRN12364,Rajdhani TRN12364,Rajdhani
TRN11768,Superfast TRN11768,Superfast
TRN14843,Superfast TRN14843,Superfast
TRN11248,Rajdhani TRN11248,Rajdhani
TRN12860,Superfast TRN12860,Superfast
TRN10122,Superfast TRN10122,Superfast
TRN13194,Vande Bharat TRN13194,Vande Bharat
TRN13734,Express TRN13734,Express
TRN13839,Express TRN13839,Express
TRN12591,Superfast TRN12591,Superfast
TRN12106,Express TRN12106,Express
TRN11502,Passenger TRN11502,Passenger
TRN13717,Shatabdi TRN13717,Shatabdi
TRN13772,Vande Bharat TRN13772,Vande Bharat
TRN12647,Passenger TRN12647,Passenger
TRN14246,Superfast TRN14246,Superfast
TRN11974,Superfast TRN11974,Superfast
TRN10350,Vande Bharat TRN10350,Vande Bharat
TRN13343,Passenger TRN13343,Passenger
TRN14162,Vande Bharat TRN14162,Vande Bharat
TRN12402,Rajdhani TRN12402,Rajdhani
TRN12979,Express TRN12979,Express
TRN14792,Express TRN14792,Express
TRN10611,Superfast TRN10611,Superfast
TRN11416,Vande Bharat TRN11416,Vande Bharat
TRN13292,Rajdhani TRN13292,Rajdhani
TRN11959,Superfast TRN11959,Superfast
TRN10987,Vande Bharat TRN10987,Vande Bharat
TRN11847,Vande Bharat TRN11847,Vande Bharat
TRN11152,Passenger TRN11152,Passenger
TRN10053,Rajdhani TRN10053,Rajdhani
TRN10094,Vande Bharat TRN10094,Vande Bharat
TRN12851,Express TRN12851,Express
TRN11273,Vande Bharat TRN11273,Vande Bharat
TRN12589,Shatabdi TRN12589,Shatabdi
TRN12540,Rajdhani TRN12540,Rajdhani
TRN11779,Passenger TRN11779,Passenger
TRN13457,Superfast TRN13457,Superfast
TRN14851,Vande Bharat TRN14851,Vande Bharat
TRN13998,Superfast TRN13998,Superfast
TRN14228,Rajdhani TRN14228,Rajdhani
TRN14547,Rajdhani TRN14547,Rajdhani
TRN12318,Superfast TRN12318,Superfast
TRN10933,Passenger TRN10933,Passenger
TRN13085,Express TRN13085,Express
TRN11298,Passenger TRN11298,Passenger
TRN10600,Passenger TRN10600,Passenger
TRN12394,Rajdhani TRN12394,Rajdhani
TRN12674,Passenger TRN12674,Passenger
TRN11319,Superfast TRN11319,Superfast
TRN11992,Superfast TRN11992,Superfast
TRN10751,Express TRN10751,Express
TRN14690,Passenger TRN14690,Passenger
TRN12905,Superfast TRN12905,Superfast
TRN14842,Passenger TRN14842,Passenger
TRN11142,Superfast TRN11142,Superfast
TRN11477,Express TRN11477,Express
TRN10023,Passenger TRN10023,Passenger
TRN12921,Passenger TRN12921,Passenger
TRN13119,Rajdhani TRN13119,Rajdhani
TRN13747,Rajdhani TRN13747,Rajdhani
TRN14940,Superfast TRN14940,Superfast
TRN13620,Passenger TRN13620,Passenger
TRN11961,Passenger TRN11961,Passenger
TRN11029,Superfast TRN11029,Superfast
TRN12978,Vande Bharat TRN12978,Vande Bharat
TRN12263,Rajdhani TRN12263,Rajdhani
TRN14434,Vande Bharat TRN14434,Vande Bharat
TRN13107,Passenger TRN13107,Passenger
TRN12956,Express TRN12956,Express
TRN10952,Vande Bharat TRN10952,Vande Bharat
TRN10753,Passenger TRN10753,Passenger
TRN11969,Superfast TRN11969,Superfast
TRN13823,Superfast TRN13823,Superfast
TRN12879,Express TRN12879,Express
TRN13580,Rajdhani TRN13580,Rajdhani
TRN11030,Shatabdi TRN11030,Shatabdi
TRN13163,Passenger TRN13163,Passenger
TRN12355,Express TRN12355,Express
TRN13639,Superfast TRN13639,Superfast
TRN14011,Rajdhani TRN14011,Rajdhani
TRN13092,Superfast TRN13092,Superfast
TRN12645,Superfast TRN12645,Superfast
TRN10125,Passenger TRN10125,Passenger
TRN11935,Superfast TRN11935,Superfast
TRN13106,Shatabdi TRN13106,Shatabdi
TRN12026,Superfast TRN12026,Superfast
TRN13229,Express TRN13229,Express
TRN13035,Shatabdi TRN13035,Shatabdi
TRN11653,Rajdhani TRN11653,Rajdhani
TRN13222,Vande Bharat TRN13222,Vande Bharat
TRN14989,Passenger TRN14989,Passenger
TRN14696,Shatabdi TRN14696,Shatabdi
TRN14472,Passenger TRN14472,Passenger
TRN12681,Passenger TRN12681,Passenger
TRN12691,Vande Bharat TRN12691,Vande Bharat
TRN10386,Rajdhani TRN10386,Rajdhani
TRN10502,Rajdhani TRN10502,Rajdhani
TRN14822,Express TRN14822,Express
TRN13848,Passenger TRN13848,Passenger
TRN14782,Superfast TRN14782,Superfast
TRN11462,Express TRN11462,Express
TRN13311,Passenger TRN13311,Passenger
TRN11162,Express TRN11162,Express
TRN12264,Superfast TRN12264,Superfast
TRN12248,Vande Bharat TRN12248,Vande Bharat
TRN10378,Express TRN10378,Express
TRN10415,Express TRN10415,Express
TRN14573,Superfast TRN14573,Superfast
TRN13619,Shatabdi TRN13619,Shatabdi
TRN10853,Rajdhani TRN10853,Rajdhani
TRN10008,Express TRN10008,Express
TRN10573,Superfast TRN10573,Superfast
TRN10132,Rajdhani TRN10132,Rajdhani
TRN14285,Passenger TRN14285,Passenger
TRN14628,Rajdhani TRN14628,Rajdhani
TRN10180,Rajdhani TRN10180,Rajdhani
TRN14263,Express TRN14263,Express
TRN11856,Express TRN11856,Express
TRN11198,Express TRN11198,Express
TRN14960,Superfast TRN14960,Superfast
TRN10284,Passenger TRN10284,Passenger
TRN12612,Passenger TRN12612,Passenger
TRN13829,Express TRN13829,Express
TRN11938,Shatabdi TRN11938,Shatabdi
TRN14455,Express TRN14455,Express
TRN12438,Shatabdi TRN12438,Shatabdi
TRN10875,Rajdhani TRN10875,Rajdhani
TRN12381,Vande Bharat TRN12381,Vande Bharat
TRN10547,Passenger TRN10547,Passenger
TRN13914,Express TRN13914,Express
TRN11430,Superfast TRN11430,Superfast
TRN11748,Rajdhani TRN11748,Rajdhani
TRN13597,Shatabdi TRN13597,Shatabdi
TRN11566,Express TRN11566,Express
TRN10714,Vande Bharat TRN10714,Vande Bharat
TRN11786,Express TRN11786,Express
TRN12066,Superfast TRN12066,Superfast
TRN13780,Express TRN13780,Express
TRN12502,Express TRN12502,Express
TRN11038,Express TRN11038,Express
TRN11626,Rajdhani TRN11626,Rajdhani
TRN13011,Passenger TRN13011,Passenger
TRN13256,Vande Bharat TRN13256,Vande Bharat
TRN11322,Rajdhani TRN11322,Rajdhani
TRN12933,Superfast TRN12933,Superfast
TRN11395,Shatabdi TRN11395,Shatabdi
TRN12978,Express TRN12978,Express
TRN10792,Superfast TRN10792,Superfast
TRN10944,Express TRN10944,Express
TRN13981,Passenger TRN13981,Passenger
TRN11154,Passenger TRN11154,Passenger
TRN14380,Express TRN14380,Express
TRN14180,Passenger TRN14180,Passenger
TRN11024,Superfast TRN11024,Superfast
TRN11358,Superfast TRN11358,Superfast
TRN11108,Rajdhani TRN11108,Rajdhani
TRN13509,Passenger TRN13509,Passenger
TRN13992,Express TRN13992,Express
TRN14065,Passenger TRN14065,Passenger
TRN12635,Superfast TRN12635,Superfast
TRN12000,Rajdhani TRN12000,Rajdhani
TRN13911,Rajdhani TRN13911,Rajdhani
TRN12721,Rajdhani TRN12721,Rajdhani
TRN10693,Rajdhani TRN10693,Rajdhani
TRN14574,Express TRN14574,Express
TRN14470,Vande Bharat TRN14470,Vande Bharat
TRN14023,Vande Bharat TRN14023,Vande Bharat
TRN10731,Superfast TRN10731,Superfast
TRN13758,Shatabdi TRN13758,Shatabdi
TRN13939,Express TRN13939,Express
TRN14285,Express TRN14285,Express
TRN14608,Superfast TRN14608,Superfast
TRN11721,Superfast TRN11721,Superfast
TRN13025,Superfast TRN13025,Superfast
TRN13790,Express TRN13790,Express
TRN10469,Rajdhani TRN10469,Rajdhani
TRN11871,Vande Bharat TRN11871,Vande Bharat
TRN14542,Vande Bharat TRN14542,Vande Bharat
TRN13747,Express TRN13747,Express
TRN13549,Superfast TRN13549,Superfast
TRN13247,Passenger TRN13247,Passenger
TRN14279,Express TRN14279,Express
TRN10012,Passenger TRN10012,Passenger
TRN12347,Passenger TRN12347,Passenger
TRN14316,Shatabdi TRN14316,Shatabdi
TRN10064,Shatabdi TRN10064,Shatabdi
TRN14840,Superfast TRN14840,Superfast
TRN11163,Express TRN11163,Express
TRN11743,Passenger TRN11743,Passenger
TRN10702,Express TRN10702,Express
TRN14655,Express TRN14655,Express
TRN13481,Rajdhani TRN13481,Rajdhani
TRN14566,Rajdhani TRN14566,Rajdhani
TRN14031,Passenger TRN14031,Passenger
TRN13963,Vande Bharat TRN13963,Vande Bharat
TRN14508,Shatabdi TRN14508,Shatabdi
TRN10439,Express TRN10439,Express
TRN14794,Shatabdi TRN14794,Shatabdi
TRN12029,Shatabdi TRN12029,Shatabdi
TRN10501,Express TRN10501,Express
TRN11852,Rajdhani TRN11852,Rajdhani
TRN10339,Passenger TRN10339,Passenger
TRN14362,Express TRN14362,Express
TRN13740,Vande Bharat TRN13740,Vande Bharat
TRN11070,Passenger TRN11070,Passenger
TRN13872,Rajdhani TRN13872,Rajdhani
TRN10355,Superfast TRN10355,Superfast
TRN13117,Superfast TRN13117,Superfast
TRN12135,Rajdhani TRN12135,Rajdhani
TRN10163,Passenger TRN10163,Passenger
TRN10048,Vande Bharat TRN10048,Vande Bharat
TRN11210,Passenger TRN11210,Passenger
TRN14017,Express TRN14017,Express
TRN12898,Superfast TRN12898,Superfast
TRN11299,Rajdhani TRN11299,Rajdhani
TRN12700,Express TRN12700,Express
TRN13739,Superfast TRN13739,Superfast
TRN14289,Shatabdi TRN14289,Shatabdi
TRN12636,Vande Bharat TRN12636,Vande Bharat
TRN10112,Passenger TRN10112,Passenger
TRN12083,Superfast TRN12083,Superfast
TRN10855,Superfast TRN10855,Superfast
TRN14364,Express TRN14364,Express
TRN14575,Vande Bharat TRN14575,Vande Bharat
TRN14331,Vande Bharat TRN14331,Vande Bharat
TRN11741,Passenger TRN11741,Passenger
TRN10222,Rajdhani TRN10222,Rajdhani
TRN10089,Superfast TRN10089,Superfast
TRN10385,Passenger TRN10385,Passenger
TRN14921,Superfast TRN14921,Superfast
TRN10406,Superfast TRN10406,Superfast
TRN13693,Express TRN13693,Express
TRN11657,Superfast TRN11657,Superfast
TRN11219,Express TRN11219,Express
TRN12851,Passenger TRN12851,Passenger
TRN14862,Passenger TRN14862,Passenger
TRN13139,Superfast TRN13139,Superfast
TRN11235,Shatabdi TRN11235,Shatabdi
TRN13303,Superfast TRN13303,Superfast
TRN13653,Express TRN13653,Express
TRN14014,Express TRN14014,Express
TRN14773,Vande Bharat TRN14773,Vande Bharat
TRN10803,Shatabdi TRN10803,Shatabdi
TRN14641,Rajdhani TRN14641,Rajdhani
TRN12917,Superfast TRN12917,Superfast
TRN14096,Rajdhani TRN14096,Rajdhani
TRN14917,Superfast TRN14917,Superfast
TRN12338,Superfast TRN12338,Superfast
TRN11089,Superfast TRN11089,Superfast
TRN13553,Express TRN13553,Express
TRN10151,Passenger TRN10151,Passenger
TRN13063,Vande Bharat TRN13063,Vande Bharat
TRN14176,Rajdhani TRN14176,Rajdhani
TRN13307,Vande Bharat TRN13307,Vande Bharat
TRN13087,Express TRN13087,Express
TRN14411,Express TRN14411,Express
TRN10983,Vande Bharat TRN10983,Vande Bharat
TRN10743,Vande Bharat TRN10743,Vande Bharat
TRN10633,Express TRN10633,Express
TRN11720,Express TRN11720,Express
TRN12992,Passenger TRN12992,Passenger
TRN14321,Passenger TRN14321,Passenger
TRN14788,Rajdhani TRN14788,Rajdhani
TRN11007,Express TRN11007,Express
TRN10701,Shatabdi TRN10701,Shatabdi
TRN12691,Rajdhani TRN12691,Rajdhani
TRN12642,Shatabdi TRN12642,Shatabdi
TRN12229,Shatabdi TRN12229,Shatabdi
TRN11011,Vande Bharat TRN11011,Vande Bharat
TRN10090,Express TRN10090,Express
TRN12875,Passenger TRN12875,Passenger
TRN11093,Shatabdi TRN11093,Shatabdi
TRN14454,Superfast TRN14454,Superfast
TRN13847,Passenger TRN13847,Passenger
TRN13261,Rajdhani TRN13261,Rajdhani
TRN12275,Superfast TRN12275,Superfast
TRN10210,Superfast TRN10210,Superfast
TRN13974,Rajdhani TRN13974,Rajdhani
TRN12275,Passenger TRN12275,Passenger
TRN10054,Express TRN10054,Express
TRN11429,Superfast TRN11429,Superfast
TRN12248,Superfast TRN12248,Superfast
TRN13272,Express TRN13272,Express
TRN11482,Vande Bharat TRN11482,Vande Bharat
TRN14586,Express TRN14586,Express
TRN14108,Express TRN14108,Express
TRN11406,Vande Bharat TRN11406,Vande Bharat
TRN10303,Superfast TRN10303,Superfast
TRN14098,Vande Bharat TRN14098,Vande Bharat
TRN14402,Express TRN14402,Express
TRN11921,Shatabdi TRN11921,Shatabdi
TRN14544,Rajdhani TRN14544,Rajdhani
TRN14873,Rajdhani TRN14873,Rajdhani
TRN12242,Passenger TRN12242,Passenger
TRN12424,Express TRN12424,Express
TRN13479,Passenger TRN13479,Passenger
TRN11348,Superfast TRN11348,Superfast
TRN13137,Passenger TRN13137,Passenger
TRN13733,Superfast TRN13733,Superfast
TRN14619,Express TRN14619,Express
TRN11620,Vande Bharat TRN11620,Vande Bharat
TRN14676,Superfast TRN14676,Superfast
TRN14697,Shatabdi TRN14697,Shatabdi
TRN12327,Superfast TRN12327,Superfast
TRN11508,Superfast TRN11508,Superfast
TRN14753,Superfast TRN14753,Superfast
TRN10071,Passenger TRN10071,Passenger
TRN14651,Express TRN14651,Express
TRN13525,Passenger TRN13525,Passenger
TRN11374,Passenger TRN11374,Passenger
TRN13121,Shatabdi TRN13121,Shatabdi
TRN12630,Express TRN12630,Express
TRN10200,Rajdhani TRN10200,Rajdhani
TRN10420,Vande Bharat TRN10420,Vande Bharat
TRN12500,Passenger TRN12500,Passenger
TRN14560,Passenger TRN14560,Passenger
TRN14174,Superfast TRN14174,Superfast
TRN14194,Rajdhani TRN14194,Rajdhani
TRN14008,Passenger TRN14008,Passenger
TRN11708,Passenger TRN11708,Passenger
TRN10289,Express TRN10289,Express
TRN14014,Superfast TRN14014,Superfast
TRN12921,Express TRN12921,Express
TRN10634,Passenger TRN10634,Passenger
TRN13461,Passenger TRN13461,Passenger
TRN14699,Passenger TRN14699,Passenger
TRN13092,Express TRN13092,Express
TRN13037,Passenger TRN13037,Passenger
TRN10293,Shatabdi TRN10293,Shatabdi
TRN14401,Express TRN14401,Express
TRN11162,Superfast TRN11162,Superfast
TRN13184,Vande Bharat TRN13184,Vande Bharat
TRN14979,Passenger TRN14979,Passenger
TRN14217,Vande Bharat TRN14217,Vande Bharat
TRN10997,Superfast TRN10997,Superfast
TRN10968,Vande Bharat TRN10968,Vande Bharat
TRN11365,Vande Bharat TRN11365,Vande Bharat
TRN12617,Superfast TRN12617,Superfast
TRN13551,Express TRN13551,Express
TRN14417,Superfast TRN14417,Superfast
TRN14503,Rajdhani TRN14503,Rajdhani
TRN13404,Rajdhani TRN13404,Rajdhani
TRN14882,Superfast TRN14882,Superfast
TRN12919,Express TRN12919,Express
TRN12571,Passenger TRN12571,Passenger
TRN11909,Passenger TRN11909,Passenger
TRN14855,Passenger TRN14855,Passenger
TRN10015,Superfast TRN10015,Superfast
TRN14339,Express TRN14339,Express
TRN12778,Superfast TRN12778,Superfast
TRN10502,Passenger TRN10502,Passenger
TRN11888,Express TRN11888,Express
TRN11919,Express TRN11919,Express
TRN14072,Express TRN14072,Express
TRN12645,Shatabdi TRN12645,Shatabdi
TRN10773,Superfast TRN10773,Superfast
TRN11762,Superfast TRN11762,Superfast
TRN11870,Vande Bharat TRN11870,Vande Bharat
TRN12345,Passenger TRN12345,Passenger
TRN14185,Shatabdi TRN14185,Shatabdi
TRN13322,Superfast TRN13322,Superfast
TRN12651,Rajdhani TRN12651,Rajdhani
TRN10471,Vande Bharat TRN10471,Vande Bharat
TRN10587,Express TRN10587,Express
TRN12324,Rajdhani TRN12324,Rajdhani
TRN10988,Shatabdi TRN10988,Shatabdi
TRN10354,Express TRN10354,Express
TRN14647,Rajdhani TRN14647,Rajdhani
TRN13845,Passenger TRN13845,Passenger
TRN13098,Superfast TRN13098,Superfast
TRN13870,Shatabdi TRN13870,Shatabdi
TRN10266,Express TRN10266,Express
TRN10438,Express TRN10438,Express
TRN10744,Passenger TRN10744,Passenger
TRN10736,Vande Bharat TRN10736,Vande Bharat
TRN12940,Superfast TRN12940,Superfast
TRN12761,Express TRN12761,Express
TRN10267,Passenger TRN10267,Passenger
TRN13723,Express TRN13723,Express
TRN11080,Passenger TRN11080,Passenger
TRN13023,Rajdhani TRN13023,Rajdhani
TRN11704,Passenger TRN11704,Passenger
TRN13830,Passenger TRN13830,Passenger
TRN14272,Superfast TRN14272,Superfast
TRN14087,Passenger TRN14087,Passenger
TRN14212,Superfast TRN14212,Superfast
TRN13316,Rajdhani TRN13316,Rajdhani
TRN13941,Passenger TRN13941,Passenger
TRN10791,Express TRN10791,Express
TRN12819,Vande Bharat TRN12819,Vande Bharat
TRN13919,Passenger TRN13919,Passenger
TRN13765,Shatabdi TRN13765,Shatabdi
TRN10906,Superfast TRN10906,Superfast
TRN11355,Superfast TRN11355,Superfast
TRN12849,Vande Bharat TRN12849,Vande Bharat
TRN10604,Passenger TRN10604,Passenger
TRN11292,Vande Bharat TRN11292,Vande Bharat
TRN13185,Rajdhani TRN13185,Rajdhani
TRN11081,Shatabdi TRN11081,Shatabdi
TRN13889,Superfast TRN13889,Superfast
TRN14288,Superfast TRN14288,Superfast
TRN10224,Express TRN10224,Express
TRN10689,Express TRN10689,Express
TRN14576,Express TRN14576,Express
TRN10379,Passenger TRN10379,Passenger
TRN14770,Passenger TRN14770,Passenger
TRN13725,Superfast TRN13725,Superfast
TRN13107,Superfast TRN13107,Superfast
TRN11164,Express TRN11164,Express
TRN11841,Express TRN11841,Express
TRN11555,Passenger TRN11555,Passenger
TRN11565,Express TRN11565,Express
TRN12757,Passenger TRN12757,Passenger
TRN11040,Superfast TRN11040,Superfast
TRN13159,Passenger TRN13159,Passenger
TRN14831,Passenger TRN14831,Passenger
TRN12793,Superfast TRN12793,Superfast
TRN10977,Passenger TRN10977,Passenger
TRN11404,Passenger TRN11404,Passenger
TRN13462,Vande Bharat TRN13462,Vande Bharat
TRN12279,Passenger TRN12279,Passenger
TRN12530,Express TRN12530,Express
TRN12269,Rajdhani TRN12269,Rajdhani
TRN13171,Rajdhani TRN13171,Rajdhani
TRN11152,Express TRN11152,Express
TRN14165,Express TRN14165,Express
TRN10062,Express TRN10062,Express
TRN14333,Express TRN14333,Express
TRN13712,Vande Bharat TRN13712,Vande Bharat
TRN10987,Express TRN10987,Express
TRN14683,Rajdhani TRN14683,Rajdhani
TRN10917,Passenger TRN10917,Passenger
TRN13459,Superfast TRN13459,Superfast
TRN12395,Shatabdi TRN12395,Shatabdi
TRN10450,Shatabdi TRN10450,Shatabdi
TRN10520,Passenger TRN10520,Passenger
TRN14478,Superfast TRN14478,Superfast
TRN13004,Vande Bharat TRN13004,Vande Bharat
TRN12221,Express TRN12221,Express
TRN11135,Express TRN11135,Express
TRN10952,Passenger TRN10952,Passenger
TRN10939,Shatabdi TRN10939,Shatabdi
TRN14764,Passenger TRN14764,Passenger
TRN12094,Shatabdi TRN12094,Shatabdi
TRN13061,Superfast TRN13061,Superfast
TRN10482,Passenger TRN10482,Passenger
TRN13981,Superfast TRN13981,Superfast
TRN10716,Superfast TRN10716,Superfast
TRN10816,Passenger TRN10816,Passenger
TRN14563,Superfast TRN14563,Superfast
TRN13435,Vande Bharat TRN13435,Vande Bharat
TRN12077,Passenger TRN12077,Passenger
TRN12491,Express TRN12491,Express
TRN13381,Express TRN13381,Express
TRN14667,Express TRN14667,Express
TRN14414,Shatabdi TRN14414,Shatabdi
TRN13026,Superfast TRN13026,Superfast
TRN12700,Superfast TRN12700,Superfast
TRN13444,Rajdhani TRN13444,Rajdhani
TRN11527,Express TRN11527,Express
TRN14848,Rajdhani TRN14848,Rajdhani
TRN12572,Rajdhani TRN12572,Rajdhani
TRN12453,Rajdhani TRN12453,Rajdhani
TRN14929,Superfast TRN14929,Superfast
TRN11590,Vande Bharat TRN11590,Vande Bharat
TRN13526,Passenger TRN13526,Passenger
TRN14931,Express TRN14931,Express
TRN10329,Vande Bharat TRN10329,Vande Bharat
TRN12123,Express TRN12123,Express
TRN11605,Superfast TRN11605,Superfast
TRN13101,Vande Bharat TRN13101,Vande Bharat
TRN13389,Vande Bharat TRN13389,Vande Bharat
TRN14889,Passenger TRN14889,Passenger
TRN10233,Express TRN10233,Express
TRN14687,Vande Bharat TRN14687,Vande Bharat
TRN14838,Superfast TRN14838,Superfast
TRN12476,Vande Bharat TRN12476,Vande Bharat
TRN13267,Vande Bharat TRN13267,Vande Bharat
TRN11109,Vande Bharat TRN11109,Vande Bharat
TRN11759,Superfast TRN11759,Superfast
TRN10117,Passenger TRN10117,Passenger
TRN10343,Passenger TRN10343,Passenger
TRN11915,Superfast TRN11915,Superfast
TRN10558,Passenger TRN10558,Passenger
TRN10470,Superfast TRN10470,Superfast
TRN14293,Passenger TRN14293,Passenger
TRN11984,Express TRN11984,Express
TRN12162,Superfast TRN12162,Superfast
TRN14870,Passenger TRN14870,Passenger
TRN14947,Express TRN14947,Express
TRN11571,Shatabdi TRN11571,Shatabdi
TRN14061,Shatabdi TRN14061,Shatabdi
TRN14455,Passenger TRN14455,Passenger
TRN11837,Superfast TRN11837,Superfast
TRN12908,Superfast TRN12908,Superfast
TRN12435,Rajdhani TRN12435,Rajdhani
TRN12894,Passenger TRN12894,Passenger
TRN13925,Express TRN13925,Express
TRN10101,Rajdhani TRN10101,Rajdhani
TRN11427,Superfast TRN11427,Superfast
TRN14512,Rajdhani TRN14512,Rajdhani
TRN11356,Vande Bharat TRN11356,Vande Bharat
TRN12258,Express TRN12258,Express
TRN12058,Passenger TRN12058,Passenger
TRN13012,Passenger TRN13012,Passenger
TRN14121,Rajdhani TRN14121,Rajdhani
TRN10255,Express TRN10255,Express
TRN14275,Express TRN14275,Express
TRN14101,Passenger TRN14101,Passenger
TRN10153,Express TRN10153,Express
TRN11122,Superfast TRN11122,Superfast
TRN12139,Passenger TRN12139,Passenger
TRN13560,Passenger TRN13560,Passenger
TRN14991,Passenger TRN14991,Passenger
TRN14559,Superfast TRN14559,Superfast
TRN12763,Express TRN12763,Express
TRN14824,Passenger TRN14824,Passenger
TRN12977,Passenger TRN12977,Passenger
TRN11111,Vande Bharat TRN11111,Vande Bharat
TRN11565,Vande Bharat TRN11565,Vande Bharat
TRN10398,Passenger TRN10398,Passenger
TRN13320,Shatabdi TRN13320,Shatabdi
TRN13689,Passenger TRN13689,Passenger
TRN12582,Superfast TRN12582,Superfast
TRN12822,Superfast TRN12822,Superfast
TRN11076,Rajdhani TRN11076,Rajdhani
TRN13282,Superfast TRN13282,Superfast
TRN11141,Superfast TRN11141,Superfast
TRN11834,Express TRN11834,Express
TRN14716,Express TRN14716,Express
TRN11996,Superfast TRN11996,Superfast
TRN13831,Superfast TRN13831,Superfast
TRN10404,Passenger TRN10404,Passenger
TRN10763,Superfast TRN10763,Superfast
TRN11185,Shatabdi TRN11185,Shatabdi
TRN11196,Express TRN11196,Express
TRN11250,Vande Bharat TRN11250,Vande Bharat
TRN11908,Express TRN11908,Express
TRN11612,Rajdhani TRN11612,Rajdhani
TRN12297,Rajdhani TRN12297,Rajdhani
TRN14786,Express TRN14786,Express
TRN10928,Express TRN10928,Express
TRN13453,Passenger TRN13453,Passenger
TRN10510,Passenger TRN10510,Passenger
TRN14107,Passenger TRN14107,Passenger
TRN13516,Vande Bharat TRN13516,Vande Bharat
TRN11211,Passenger TRN11211,Passenger
TRN10108,Rajdhani TRN10108,Rajdhani
TRN11754,Express TRN11754,Express
TRN10035,Passenger TRN10035,Passenger
TRN13407,Vande Bharat TRN13407,Vande Bharat
TRN14202,Passenger TRN14202,Passenger
TRN14710,Rajdhani TRN14710,Rajdhani
TRN12226,Superfast TRN12226,Superfast
TRN10464,Express TRN10464,Express
TRN12226,Express TRN12226,Express
TRN10225,Passenger TRN10225,Passenger
TRN13238,Passenger TRN13238,Passenger
TRN11718,Express TRN11718,Express
TRN11794,Vande Bharat TRN11794,Vande Bharat
TRN11366,Vande Bharat TRN11366,Vande Bharat
TRN11853,Vande Bharat TRN11853,Vande Bharat
TRN11918,Vande Bharat TRN11918,Vande Bharat
TRN14879,Express TRN14879,Express
TRN10865,Vande Bharat TRN10865,Vande Bharat
TRN12468,Passenger TRN12468,Passenger
TRN14172,Passenger TRN14172,Passenger
TRN12698,Shatabdi TRN12698,Shatabdi
TRN12820,Passenger TRN12820,Passenger
TRN14823,Vande Bharat TRN14823,Vande Bharat
TRN13405,Rajdhani TRN13405,Rajdhani
TRN10119,Superfast TRN10119,Superfast
TRN11834,Passenger TRN11834,Passenger
TRN11394,Superfast TRN11394,Superfast
TRN12038,Vande Bharat TRN12038,Vande Bharat
TRN10800,Vande Bharat TRN10800,Vande Bharat
TRN10895,Passenger TRN10895,Passenger
TRN10437,Vande Bharat TRN10437,Vande Bharat
TRN13432,Passenger TRN13432,Passenger
TRN12293,Rajdhani TRN12293,Rajdhani
TRN10697,Superfast TRN10697,Superfast
TRN10224,Rajdhani TRN10224,Rajdhani
TRN11927,Superfast TRN11927,Superfast
TRN10026,Vande Bharat TRN10026,Vande Bharat
TRN14854,Express TRN14854,Express
TRN12282,Vande Bharat TRN12282,Vande Bharat
TRN11035,Superfast TRN11035,Superfast
TRN14944,Passenger TRN14944,Passenger
TRN10372,Express TRN10372,Express
TRN10775,Passenger TRN10775,Passenger
TRN10140,Passenger TRN10140,Passenger
TRN12782,Passenger TRN12782,Passenger
TRN11801,Superfast TRN11801,Superfast
TRN13282,Shatabdi TRN13282,Shatabdi
TRN11375,Superfast TRN11375,Superfast
TRN14356,Rajdhani TRN14356,Rajdhani
TRN11042,Rajdhani TRN11042,Rajdhani
TRN13100,Vande Bharat TRN13100,Vande Bharat
TRN11099,Superfast TRN11099,Superfast
TRN10245,Passenger TRN10245,Passenger
TRN12438,Rajdhani TRN12438,Rajdhani
TRN11535,Superfast TRN11535,Superfast
TRN10738,Rajdhani TRN10738,Rajdhani
TRN10461,Passenger TRN10461,Passenger
TRN11493,Rajdhani TRN11493,Rajdhani
TRN10958,Passenger TRN10958,Passenger
TRN13482,Passenger TRN13482,Passenger
TRN14565,Shatabdi TRN14565,Shatabdi
TRN10105,Passenger TRN10105,Passenger
TRN13334,Rajdhani TRN13334,Rajdhani
TRN13605,Superfast TRN13605,Superfast
TRN12571,Rajdhani TRN12571,Rajdhani
TRN12011,Vande Bharat TRN12011,Vande Bharat
TRN14261,Shatabdi TRN14261,Shatabdi
TRN10595,Superfast TRN10595,Superfast
TRN12493,Express TRN12493,Express
TRN13528,Express TRN13528,Express
TRN14551,Express TRN14551,Express
TRN11499,Vande Bharat TRN11499,Vande Bharat
TRN11082,Superfast TRN11082,Superfast
TRN10308,Vande Bharat TRN10308,Vande Bharat
TRN14441,Express TRN14441,Express
TRN13763,Shatabdi TRN13763,Shatabdi
TRN10103,Passenger TRN10103,Passenger
TRN11844,Passenger TRN11844,Passenger
TRN11926,Vande Bharat TRN11926,Vande Bharat
TRN11606,Superfast TRN11606,Superfast
TRN14531,Passenger TRN14531,Passenger
TRN11230,Express TRN11230,Express
TRN12032,Express TRN12032,Express
TRN11382,Shatabdi TRN11382,Shatabdi
TRN10056,Rajdhani TRN10056,Rajdhani
TRN14119,Rajdhani TRN14119,Rajdhani
TRN10611,Rajdhani TRN10611,Rajdhani
TRN12444,Superfast TRN12444,Superfast
TRN12007,Passenger TRN12007,Passenger
TRN12184,Rajdhani TRN12184,Rajdhani
TRN11194,Passenger TRN11194,Passenger
TRN13520,Shatabdi TRN13520,Shatabdi
TRN10390,Superfast TRN10390,Superfast
TRN13569,Passenger TRN13569,Passenger
TRN13814,Superfast TRN13814,Superfast
TRN14012,Vande Bharat TRN14012,Vande Bharat
TRN14051,Shatabdi TRN14051,Shatabdi
TRN13890,Passenger TRN13890,Passenger
TRN10648,Vande Bharat TRN10648,Vande Bharat
TRN12566,Express TRN12566,Express
TRN10185,Rajdhani TRN10185,Rajdhani
TRN10795,Passenger TRN10795,Passenger
TRN12451,Superfast TRN12451,Superfast
TRN13211,Passenger TRN13211,Passenger
TRN14250,Rajdhani TRN14250,Rajdhani
TRN11872,Shatabdi TRN11872,Shatabdi
TRN14901,Superfast TRN14901,Superfast
TRN11579,Rajdhani TRN11579,Rajdhani
TRN10891,Superfast TRN10891,Superfast
TRN11934,Rajdhani TRN11934,Rajdhani
TRN11394,Rajdhani TRN11394,Rajdhani
TRN11498,Passenger TRN11498,Passenger
TRN14317,Superfast TRN14317,Superfast
TRN10281,Passenger TRN10281,Passenger
TRN10328,Rajdhani TRN10328,Rajdhani
TRN11066,Rajdhani TRN11066,Rajdhani
TRN12665,Passenger TRN12665,Passenger
TRN10760,Vande Bharat TRN10760,Vande Bharat
TRN14783,Rajdhani TRN14783,Rajdhani
TRN14428,Express TRN14428,Express
TRN11057,Vande Bharat TRN11057,Vande Bharat
TRN12904,Express TRN12904,Express
TRN14538,Superfast TRN14538,Superfast
TRN10648,Passenger TRN10648,Passenger
TRN10240,Shatabdi TRN10240,Shatabdi
TRN14001,Shatabdi TRN14001,Shatabdi
TRN11243,Superfast TRN11243,Superfast
TRN14327,Passenger TRN14327,Passenger
TRN10384,Superfast TRN10384,Superfast
TRN14189,Rajdhani TRN14189,Rajdhani
TRN14466,Passenger TRN14466,Passenger
TRN12231,Vande Bharat TRN12231,Vande Bharat
TRN11106,Superfast TRN11106,Superfast
TRN14016,Rajdhani TRN14016,Rajdhani
TRN14151,Rajdhani TRN14151,Rajdhani
TRN10735,Shatabdi TRN10735,Shatabdi
TRN12090,Express TRN12090,Express
TRN14914,Vande Bharat TRN14914,Vande Bharat
TRN10942,Passenger TRN10942,Passenger
TRN13702,Superfast TRN13702,Superfast
TRN12892,Passenger TRN12892,Passenger
TRN12970,Vande Bharat TRN12970,Vande Bharat
TRN14252,Superfast TRN14252,Superfast
TRN11955,Passenger TRN11955,Passenger
TRN11021,Express TRN11021,Express
TRN10298,Shatabdi TRN10298,Shatabdi
TRN14612,Express TRN14612,Express
TRN13760,Passenger TRN13760,Passenger
TRN11490,Superfast TRN11490,Superfast
TRN10606,Passenger TRN10606,Passenger
TRN10641,Superfast TRN10641,Superfast
TRN12673,Superfast TRN12673,Superfast
TRN11966,Shatabdi TRN11966,Shatabdi
TRN14267,Superfast TRN14267,Superfast
TRN13735,Superfast TRN13735,Superfast
TRN11609,Superfast TRN11609,Superfast
TRN12296,Rajdhani TRN12296,Rajdhani
TRN13219,Express TRN13219,Express
TRN11211,Vande Bharat TRN11211,Vande Bharat
TRN14647,Superfast TRN14647,Superfast
TRN13139,Passenger TRN13139,Passenger
TRN13400,Superfast TRN13400,Superfast
TRN12280,Rajdhani TRN12280,Rajdhani
TRN14885,Rajdhani TRN14885,Rajdhani
TRN12950,Passenger TRN12950,Passenger
TRN13989,Passenger TRN13989,Passenger
TRN10751,Rajdhani TRN10751,Rajdhani
TRN12935,Rajdhani TRN12935,Rajdhani
TRN13440,Shatabdi TRN13440,Shatabdi
TRN13017,Rajdhani TRN13017,Rajdhani
TRN12591,Passenger TRN12591,Passenger
TRN13905,Express TRN13905,Express
TRN10531,Shatabdi TRN10531,Shatabdi
TRN12897,Shatabdi TRN12897,Shatabdi
TRN14270,Vande Bharat TRN14270,Vande Bharat
TRN14214,Passenger TRN14214,Passenger
TRN12807,Passenger TRN12807,Passenger
TRN12321,Rajdhani TRN12321,Rajdhani
TRN11618,Passenger TRN11618,Passenger
TRN14821,Rajdhani TRN14821,Rajdhani
TRN14974,Passenger TRN14974,Passenger
TRN11737,Vande Bharat TRN11737,Vande Bharat
TRN10426,Rajdhani TRN10426,Rajdhani
TRN14650,Express TRN14650,Express
TRN12543,Express TRN12543,Express
TRN13299,Express TRN13299,Express
TRN14124,Passenger TRN14124,Passenger
TRN11369,Passenger TRN11369,Passenger
TRN10772,Superfast TRN10772,Superfast
TRN13822,Shatabdi TRN13822,Shatabdi
TRN10161,Superfast TRN10161,Superfast
TRN14443,Express TRN14443,Express
TRN12117,Express TRN12117,Express
TRN12243,Passenger TRN12243,Passenger
TRN10556,Rajdhani TRN10556,Rajdhani
TRN14235,Express TRN14235,Express
TRN12853,Express TRN12853,Express
TRN13769,Rajdhani TRN13769,Rajdhani
TRN13683,Express TRN13683,Express
TRN11329,Rajdhani TRN11329,Rajdhani
TRN14874,Passenger TRN14874,Passenger
TRN14358,Superfast TRN14358,Superfast
TRN14543,Superfast TRN14543,Superfast
TRN12251,Superfast TRN12251,Superfast
TRN14801,Passenger TRN14801,Passenger
TRN14121,Vande Bharat TRN14121,Vande Bharat
TRN12201,Express TRN12201,Express
TRN13745,Superfast TRN13745,Superfast
TRN10358,Rajdhani TRN10358,Rajdhani
TRN11595,Superfast TRN11595,Superfast
TRN13222,Passenger TRN13222,Passenger
TRN13493,Passenger TRN13493,Passenger
TRN12944,Superfast TRN12944,Superfast
TRN12716,Rajdhani TRN12716,Rajdhani
TRN10628,Shatabdi TRN10628,Shatabdi
TRN14972,Rajdhani TRN14972,Rajdhani
TRN11459,Superfast TRN11459,Superfast
TRN11738,Express TRN11738,Express
TRN10805,Shatabdi TRN10805,Shatabdi
TRN13828,Express TRN13828,Express
TRN10596,Passenger TRN10596,Passenger
TRN11885,Superfast TRN11885,Superfast
TRN10413,Express TRN10413,Express
TRN12112,Vande Bharat TRN12112,Vande Bharat
TRN14281,Passenger TRN14281,Passenger
TRN11691,Rajdhani TRN11691,Rajdhani
TRN14274,Express TRN14274,Express
TRN13163,Express TRN13163,Express
TRN14669,Express TRN14669,Express
TRN10209,Express TRN10209,Express
TRN12244,Express TRN12244,Express
TRN10821,Shatabdi TRN10821,Shatabdi
TRN12496,Superfast TRN12496,Superfast
TRN12489,Superfast TRN12489,Superfast
TRN12994,Superfast TRN12994,Superfast
TRN10696,Passenger TRN10696,Passenger
TRN11608,Superfast TRN11608,Superfast
TRN14340,Rajdhani TRN14340,Rajdhani
TRN13512,Superfast TRN13512,Superfast
TRN10986,Vande Bharat TRN10986,Vande Bharat
TRN10632,Superfast TRN10632,Superfast
TRN13996,Vande Bharat TRN13996,Vande Bharat
TRN14925,Superfast TRN14925,Superfast
TRN13694,Rajdhani TRN13694,Rajdhani
TRN11930,Rajdhani TRN11930,Rajdhani
TRN12094,Rajdhani TRN12094,Rajdhani
TRN12988,Vande Bharat TRN12988,Vande Bharat
TRN13617,Superfast TRN13617,Superfast
TRN13253,Shatabdi TRN13253,Shatabdi
TRN11783,Express TRN11783,Express
TRN11790,Superfast TRN11790,Superfast
TRN10366,Express TRN10366,Express
TRN13451,Passenger TRN13451,Passenger
TRN10424,Superfast TRN10424,Superfast
TRN12228,Passenger TRN12228,Passenger
TRN14041,Shatabdi TRN14041,Shatabdi
TRN13700,Passenger TRN13700,Passenger
TRN14966,Vande Bharat TRN14966,Vande Bharat
TRN13015,Passenger TRN13015,Passenger
TRN12649,Express TRN12649,Express
TRN14665,Rajdhani TRN14665,Rajdhani
TRN11473,Passenger TRN11473,Passenger
TRN11639,Passenger TRN11639,Passenger
TRN14376,Passenger TRN14376,Passenger
TRN10635,Shatabdi TRN10635,Shatabdi
TRN12404,Express TRN12404,Express
TRN12487,Vande Bharat TRN12487,Vande Bharat
TRN11988,Superfast TRN11988,Superfast
TRN11527,Rajdhani TRN11527,Rajdhani
TRN11259,Passenger TRN11259,Passenger
TRN13336,Express TRN13336,Express
TRN13096,Express TRN13096,Express
TRN13267,Rajdhani TRN13267,Rajdhani
TRN14152,Superfast TRN14152,Superfast
TRN13956,Rajdhani TRN13956,Rajdhani
TRN12133,Rajdhani TRN12133,Rajdhani
TRN11904,Vande Bharat TRN11904,Vande Bharat
TRN14057,Passenger TRN14057,Passenger
TRN13914,Passenger TRN13914,Passenger
TRN10834,Vande Bharat TRN10834,Vande Bharat
TRN10046,Superfast TRN10046,Superfast
TRN12186,Express TRN12186,Express
TRN12797,Passenger TRN12797,Passenger
TRN13236,Passenger TRN13236,Passenger
TRN14255,Passenger TRN14255,Passenger
TRN13875,Passenger TRN13875,Passenger
TRN10788,Superfast TRN10788,Superfast
TRN13032,Express TRN13032,Express
TRN11825,Vande Bharat TRN11825,Vande Bharat
TRN14050,Rajdhani TRN14050,Rajdhani
TRN13558,Express TRN13558,Express
TRN13850,Passenger TRN13850,Passenger
TRN12287,Rajdhani TRN12287,Rajdhani
TRN14898,Vande Bharat TRN14898,Vande Bharat
TRN14370,Superfast TRN14370,Superfast
TRN12378,Passenger TRN12378,Passenger
TRN11025,Passenger TRN11025,Passenger
TRN10346,Express TRN10346,Express
TRN12009,Express TRN12009,Express
TRN12964,Superfast TRN12964,Superfast
TRN12349,Rajdhani TRN12349,Rajdhani
TRN12667,Rajdhani TRN12667,Rajdhani
TRN13609,Rajdhani TRN13609,Rajdhani
TRN13015,Express TRN13015,Express
TRN12811,Superfast TRN12811,Superfast
TRN14910,Passenger TRN14910,Passenger
TRN13884,Superfast TRN13884,Superfast
TRN12842,Superfast TRN12842,Superfast
TRN11717,Vande Bharat TRN11717,Vande Bharat
TRN14308,Vande Bharat TRN14308,Vande Bharat
TRN13798,Superfast TRN13798,Superfast
TRN13677,Superfast TRN13677,Superfast
TRN14739,Superfast TRN14739,Superfast
TRN14002,Express TRN14002,Express
TRN13632,Express TRN13632,Express
TRN13612,Rajdhani TRN13612,Rajdhani
TRN12921,Rajdhani TRN12921,Rajdhani
TRN11290,Express TRN11290,Express
TRN13413,Passenger TRN13413,Passenger
TRN11192,Passenger TRN11192,Passenger
TRN14328,Shatabdi TRN14328,Shatabdi
TRN12944,Rajdhani TRN12944,Rajdhani
TRN11335,Vande Bharat TRN11335,Vande Bharat
TRN13133,Express TRN13133,Express
TRN13971,Rajdhani TRN13971,Rajdhani
TRN12467,Rajdhani TRN12467,Rajdhani
TRN10971,Rajdhani TRN10971,Rajdhani
TRN11671,Shatabdi TRN11671,Shatabdi
TRN12104,Superfast TRN12104,Superfast
TRN13519,Rajdhani TRN13519,Rajdhani
TRN10620,Passenger TRN10620,Passenger
TRN13380,Express TRN13380,Express
TRN14904,Vande Bharat TRN14904,Vande Bharat
TRN14592,Vande Bharat TRN14592,Vande Bharat
TRN12444,Passenger TRN12444,Passenger
TRN11531,Shatabdi TRN11531,Shatabdi
TRN14980,Superfast TRN14980,Superfast
TRN10341,Shatabdi TRN10341,Shatabdi
TRN11672,Express TRN11672,Express
TRN12424,Passenger TRN12424,Passenger
TRN12832,Vande Bharat TRN12832,Vande Bharat
TRN12276,Express TRN12276,Express
TRN14636,Rajdhani TRN14636,Rajdhani
TRN12325,Passenger TRN12325,Passenger
TRN14942,Passenger TRN14942,Passenger
TRN12125,Passenger TRN12125,Passenger
TRN14020,Rajdhani TRN14020,Rajdhani
TRN14167,Passenger TRN14167,Passenger
TRN10116,Superfast TRN10116,Superfast
TRN11178,Superfast TRN11178,Superfast
TRN14561,Superfast TRN14561,Superfast
TRN10011,Superfast TRN10011,Superfast
TRN13948,Rajdhani TRN13948,Rajdhani
TRN11403,Vande Bharat TRN11403,Vande Bharat
TRN13897,Superfast TRN13897,Superfast
TRN14505,Express TRN14505,Express
TRN14222,Rajdhani TRN14222,Rajdhani
TRN11007,Superfast TRN11007,Superfast
TRN10258,Vande Bharat TRN10258,Vande Bharat
TRN10411,Rajdhani TRN10411,Rajdhani
TRN13100,Superfast TRN13100,Superfast
TRN12363,Vande Bharat TRN12363,Vande Bharat
TRN11893,Superfast TRN11893,Superfast
TRN13581,Passenger TRN13581,Passenger
TRN11585,Shatabdi TRN11585,Shatabdi
TRN13722,Superfast TRN13722,Superfast
TRN11387,Vande Bharat TRN11387,Vande Bharat
TRN14024,Rajdhani TRN14024,Rajdhani
TRN10443,Vande Bharat TRN10443,Vande Bharat
TRN10872,Passenger TRN10872,Passenger
TRN10317,Passenger TRN10317,Passenger
TRN12195,Superfast TRN12195,Superfast
TRN10393,Passenger TRN10393,Passenger
TRN12791,Express TRN12791,Express
TRN14478,Passenger TRN14478,Passenger
TRN11013,Express TRN11013,Express
TRN14342,Rajdhani TRN14342,Rajdhani
TRN14838,Passenger TRN14838,Passenger
TRN11214,Superfast TRN11214,Superfast
TRN13215,Passenger TRN13215,Passenger
TRN10519,Express TRN10519,Express
TRN13040,Vande Bharat TRN13040,Vande Bharat
TRN12200,Shatabdi TRN12200,Shatabdi
TRN13293,Rajdhani TRN13293,Rajdhani
TRN13236,Vande Bharat TRN13236,Vande Bharat
TRN14189,Express TRN14189,Express
TRN10363,Superfast TRN10363,Superfast
TRN13760,Express TRN13760,Express
TRN14527,Passenger TRN14527,Passenger
TRN13005,Rajdhani TRN13005,Rajdhani
TRN11297,Vande Bharat TRN11297,Vande Bharat
TRN14488,Superfast TRN14488,Superfast
TRN12891,Superfast TRN12891,Superfast
TRN14345,Passenger TRN14345,Passenger
TRN10618,Shatabdi TRN10618,Shatabdi
TRN14430,Express TRN14430,Express
TRN10722,Passenger TRN10722,Passenger
TRN14121,Passenger TRN14121,Passenger
TRN13095,Superfast TRN13095,Superfast
TRN10693,Superfast TRN10693,Superfast
TRN13679,Express TRN13679,Express
TRN10686,Passenger TRN10686,Passenger
TRN13394,Passenger TRN13394,Passenger
TRN14946,Passenger TRN14946,Passenger
TRN12847,Vande Bharat TRN12847,Vande Bharat
TRN14374,Vande Bharat TRN14374,Vande Bharat
TRN11758,Passenger TRN11758,Passenger
TRN14007,Express TRN14007,Express
TRN12703,Rajdhani TRN12703,Rajdhani
TRN11258,Express TRN11258,Express
TRN11659,Express TRN11659,Express
TRN12763,Passenger TRN12763,Passenger
TRN13038,Superfast TRN13038,Superfast
TRN11413,Superfast TRN11413,Superfast
TRN12457,Superfast TRN12457,Superfast
TRN13260,Superfast TRN13260,Superfast
TRN10052,Vande Bharat TRN10052,Vande Bharat
TRN11459,Passenger TRN11459,Passenger
TRN12887,Superfast TRN12887,Superfast
TRN13886,Passenger TRN13886,Passenger
TRN14347,Shatabdi TRN14347,Shatabdi
TRN12994,Rajdhani TRN12994,Rajdhani
TRN12717,Vande Bharat TRN12717,Vande Bharat
TRN11773,Express TRN11773,Express
TRN14779,Express TRN14779,Express
TRN13976,Rajdhani TRN13976,Rajdhani
TRN14803,Shatabdi TRN14803,Shatabdi
TRN10513,Rajdhani TRN10513,Rajdhani
TRN10903,Superfast TRN10903,Superfast
TRN13533,Rajdhani TRN13533,Rajdhani
TRN10849,Rajdhani TRN10849,Rajdhani
TRN13561,Express TRN13561,Express
TRN13173,Passenger TRN13173,Passenger
TRN11770,Passenger TRN11770,Passenger
TRN12970,Superfast TRN12970,Superfast
TRN12016,Rajdhani TRN12016,Rajdhani
TRN11727,Express TRN11727,Express
TRN14501,Express TRN14501,Express
TRN14996,Passenger TRN14996,Passenger
TRN14661,Vande Bharat TRN14661,Vande Bharat
TRN14503,Superfast TRN14503,Superfast
TRN11256,Superfast TRN11256,Superfast
TRN10090,Superfast TRN10090,Superfast
TRN12436,Shatabdi TRN12436,Shatabdi
TRN12036,Superfast TRN12036,Superfast
TRN14200,Shatabdi TRN14200,Shatabdi
TRN12891,Vande Bharat TRN12891,Vande Bharat
TRN11186,Vande Bharat TRN11186,Vande Bharat
TRN14287,Vande Bharat TRN14287,Vande Bharat
TRN13787,Passenger TRN13787,Passenger
TRN10656,Superfast TRN10656,Superfast
TRN11255,Express TRN11255,Express
TRN10989,Superfast TRN10989,Superfast
TRN11670,Rajdhani TRN11670,Rajdhani
TRN14510,Rajdhani TRN14510,Rajdhani
TRN10892,Rajdhani TRN10892,Rajdhani
TRN12898,Express TRN12898,Express
TRN10705,Passenger TRN10705,Passenger
TRN10072,Passenger TRN10072,Passenger
TRN13662,Rajdhani TRN13662,Rajdhani
TRN13691,Rajdhani TRN13691,Rajdhani
TRN10701,Passenger TRN10701,Passenger
TRN10554,Shatabdi TRN10554,Shatabdi
TRN13872,Superfast TRN13872,Superfast
TRN10328,Vande Bharat TRN10328,Vande Bharat
TRN14290,Passenger TRN14290,Passenger
TRN11172,Passenger TRN11172,Passenger
TRN14871,Superfast TRN14871,Superfast
TRN14913,Express TRN14913,Express
TRN13339,Rajdhani TRN13339,Rajdhani
TRN13260,Vande Bharat TRN13260,Vande Bharat
TRN13396,Passenger TRN13396,Passenger
TRN12586,Express TRN12586,Express
TRN12578,Express TRN12578,Express
TRN11921,Passenger TRN11921,Passenger
TRN14219,Passenger TRN14219,Passenger
TRN11458,Passenger TRN11458,Passenger
TRN10965,Passenger TRN10965,Passenger
TRN12813,Shatabdi TRN12813,Shatabdi
TRN12097,Passenger TRN12097,Passenger
TRN14291,Vande Bharat TRN14291,Vande Bharat
TRN10066,Vande Bharat TRN10066,Vande Bharat
TRN12257,Shatabdi TRN12257,Shatabdi
TRN14851,Express TRN14851,Express
TRN11925,Superfast TRN11925,Superfast
TRN12787,Passenger TRN12787,Passenger
TRN13656,Vande Bharat TRN13656,Vande Bharat
TRN13896,Vande Bharat TRN13896,Vande Bharat
TRN11435,Vande Bharat TRN11435,Vande Bharat
TRN12530,Shatabdi TRN12530,Shatabdi
TRN13424,Passenger TRN13424,Passenger
TRN10949,Passenger TRN10949,Passenger
TRN11319,Passenger TRN11319,Passenger
TRN14147,Passenger TRN14147,Passenger
TRN13238,Vande Bharat TRN13238,Vande Bharat
TRN13220,Superfast TRN13220,Superfast
TRN10395,Superfast TRN10395,Superfast
TRN11160,Passenger TRN11160,Passenger
TRN14284,Superfast TRN14284,Superfast
TRN14759,Shatabdi TRN14759,Shatabdi
TRN10421,Rajdhani TRN10421,Rajdhani
TRN12093,Express TRN12093,Express
TRN14993,Superfast TRN14993,Superfast
TRN10716,Passenger TRN10716,Passenger
TRN12831,Rajdhani TRN12831,Rajdhani
TRN13084,Superfast TRN13084,Superfast
TRN14684,Passenger TRN14684,Passenger
TRN14939,Superfast TRN14939,Superfast
TRN13279,Superfast TRN13279,Superfast
TRN10082,Express TRN10082,Express
TRN10757,Passenger TRN10757,Passenger
TRN11943,Express TRN11943,Express
TRN10644,Passenger TRN10644,Passenger
TRN13295,Rajdhani TRN13295,Rajdhani
TRN14373,Shatabdi TRN14373,Shatabdi
TRN14771,Superfast TRN14771,Superfast
TRN10098,Passenger TRN10098,Passenger
TRN13542,Shatabdi TRN13542,Shatabdi
TRN14320,Passenger TRN14320,Passenger
TRN13526,Rajdhani TRN13526,Rajdhani
TRN12024,Passenger TRN12024,Passenger
TRN13314,Express TRN13314,Express
TRN13264,Passenger TRN13264,Passenger
TRN11712,Superfast TRN11712,Superfast
TRN14789,Superfast TRN14789,Superfast
TRN13553,Superfast TRN13553,Superfast
TRN14047,Vande Bharat TRN14047,Vande Bharat
TRN12571,Superfast TRN12571,Superfast
TRN12719,Vande Bharat TRN12719,Vande Bharat
TRN11213,Rajdhani TRN11213,Rajdhani
TRN10370,Shatabdi TRN10370,Shatabdi
TRN11809,Express TRN11809,Express
TRN11075,Rajdhani TRN11075,Rajdhani
TRN14587,Passenger TRN14587,Passenger
TRN13627,Express TRN13627,Express
TRN14918,Vande Bharat TRN14918,Vande Bharat
TRN13952,Vande Bharat TRN13952,Vande Bharat
TRN13628,Express TRN13628,Express
TRN12366,Vande Bharat TRN12366,Vande Bharat
TRN11890,Rajdhani TRN11890,Rajdhani
TRN14950,Express TRN14950,Express
TRN12029,Superfast TRN12029,Superfast
TRN12669,Passenger TRN12669,Passenger
TRN14125,Rajdhani TRN14125,Rajdhani
TRN13590,Superfast TRN13590,Superfast
TRN12355,Rajdhani TRN12355,Rajdhani
TRN13661,Vande Bharat TRN13661,Vande Bharat
TRN13179,Express TRN13179,Express
TRN12451,Passenger TRN12451,Passenger
TRN13124,Express TRN13124,Express
TRN14165,Vande Bharat TRN14165,Vande Bharat
TRN14886,Passenger TRN14886,Passenger
TRN13483,Shatabdi TRN13483,Shatabdi
TRN11072,Passenger TRN11072,Passenger
TRN11535,Rajdhani TRN11535,Rajdhani
TRN11733,Superfast TRN11733,Superfast
TRN13400,Rajdhani TRN13400,Rajdhani
TRN14601,Passenger TRN14601,Passenger
TRN14588,Express TRN14588,Express
TRN11878,Passenger TRN11878,Passenger
TRN12767,Superfast TRN12767,Superfast
TRN12095,Passenger TRN12095,Passenger
TRN13445,Passenger TRN13445,Passenger
TRN11111,Express TRN11111,Express
TRN14824,Express TRN14824,Express
TRN10361,Rajdhani TRN10361,Rajdhani
TRN10984,Shatabdi TRN10984,Shatabdi
TRN12429,Passenger TRN12429,Passenger
TRN14024,Vande Bharat TRN14024,Vande Bharat
TRN12289,Superfast TRN12289,Superfast
TRN12299,Express TRN12299,Express
TRN12804,Shatabdi TRN12804,Shatabdi
TRN10335,Superfast TRN10335,Superfast
TRN12897,Superfast TRN12897,Superfast
TRN11281,Express TRN11281,Express
TRN11726,Rajdhani TRN11726,Rajdhani
TRN12192,Shatabdi TRN12192,Shatabdi
TRN11833,Express TRN11833,Express
TRN11200,Superfast TRN11200,Superfast
TRN11923,Rajdhani TRN11923,Rajdhani
TRN12536,Shatabdi TRN12536,Shatabdi
TRN14427,Rajdhani TRN14427,Rajdhani
TRN12465,Superfast TRN12465,Superfast
TRN10734,Superfast TRN10734,Superfast
TRN13818,Superfast TRN13818,Superfast
TRN13262,Passenger TRN13262,Passenger
TRN10468,Passenger TRN10468,Passenger
TRN14247,Passenger TRN14247,Passenger
TRN11497,Vande Bharat TRN11497,Vande Bharat
TRN12831,Express TRN12831,Express
TRN12099,Superfast TRN12099,Superfast
TRN12999,Express TRN12999,Express
TRN12111,Rajdhani TRN12111,Rajdhani
TRN10567,Vande Bharat TRN10567,Vande Bharat
TRN11683,Superfast TRN11683,Superfast
TRN12638,Vande Bharat TRN12638,Vande Bharat
TRN10287,Express TRN10287,Express
TRN13531,Express TRN13531,Express
TRN11725,Express TRN11725,Express
TRN11014,Passenger TRN11014,Passenger
TRN11280,Superfast TRN11280,Superfast
TRN10331,Superfast TRN10331,Superfast
TRN14415,Rajdhani TRN14415,Rajdhani
TRN11336,Vande Bharat TRN11336,Vande Bharat
TRN12123,Superfast TRN12123,Superfast
TRN13002,Rajdhani TRN13002,Rajdhani
TRN10531,Superfast TRN10531,Superfast
TRN11521,Passenger TRN11521,Passenger
TRN13581,Shatabdi TRN13581,Shatabdi
TRN12762,Passenger TRN12762,Passenger
TRN12170,Express TRN12170,Express
TRN10807,Vande Bharat TRN10807,Vande Bharat
TRN13022,Superfast TRN13022,Superfast
TRN11694,Rajdhani TRN11694,Rajdhani
TRN10609,Superfast TRN10609,Superfast
TRN12479,Vande Bharat TRN12479,Vande Bharat
TRN13595,Rajdhani TRN13595,Rajdhani
TRN13417,Passenger TRN13417,Passenger
TRN14952,Shatabdi TRN14952,Shatabdi
TRN12131,Rajdhani TRN12131,Rajdhani
TRN14924,Superfast TRN14924,Superfast
TRN11422,Rajdhani TRN11422,Rajdhani
TRN14474,Vande Bharat TRN14474,Vande Bharat
TRN10520,Superfast TRN10520,Superfast
TRN11825,Passenger TRN11825,Passenger
TRN13796,Shatabdi TRN13796,Shatabdi
TRN12287,Passenger TRN12287,Passenger
TRN13982,Superfast TRN13982,Superfast
TRN13560,Shatabdi TRN13560,Shatabdi
TRN12467,Express TRN12467,Express
TRN14638,Rajdhani TRN14638,Rajdhani
TRN13575,Rajdhani TRN13575,Rajdhani
TRN10713,Superfast TRN10713,Superfast
TRN14674,Passenger TRN14674,Passenger
TRN12572,Passenger TRN12572,Passenger
TRN12334,Express TRN12334,Express
TRN11769,Superfast TRN11769,Superfast
TRN12108,Passenger TRN12108,Passenger
TRN11963,Passenger TRN11963,Passenger
TRN14508,Express TRN14508,Express
TRN12379,Superfast TRN12379,Superfast
TRN10173,Passenger TRN10173,Passenger
TRN13941,Shatabdi TRN13941,Shatabdi
TRN10647,Vande Bharat TRN10647,Vande Bharat
TRN10442,Passenger TRN10442,Passenger
TRN12017,Passenger TRN12017,Passenger
TRN10269,Superfast TRN10269,Superfast
TRN10273,Shatabdi TRN10273,Shatabdi
TRN12623,Express TRN12623,Express
TRN13863,Shatabdi TRN13863,Shatabdi
TRN10987,Passenger TRN10987,Passenger
TRN12043,Passenger TRN12043,Passenger
TRN12809,Passenger TRN12809,Passenger
TRN13159,Vande Bharat TRN13159,Vande Bharat
TRN14740,Shatabdi TRN14740,Shatabdi
TRN14770,Vande Bharat TRN14770,Vande Bharat
TRN12706,Superfast TRN12706,Superfast
TRN11504,Superfast TRN11504,Superfast
TRN14449,Passenger TRN14449,Passenger
TRN10820,Rajdhani TRN10820,Rajdhani
TRN12233,Superfast TRN12233,Superfast
TRN14257,Passenger TRN14257,Passenger
TRN12719,Superfast TRN12719,Superfast
TRN13186,Passenger TRN13186,Passenger
TRN12742,Express TRN12742,Express
TRN14039,Superfast TRN14039,Superfast
TRN11317,Vande Bharat TRN11317,Vande Bharat
TRN14710,Vande Bharat TRN14710,Vande Bharat
TRN11316,Superfast TRN11316,Superfast
TRN12072,Superfast TRN12072,Superfast
TRN12685,Superfast TRN12685,Superfast
TRN14063,Rajdhani TRN14063,Rajdhani
TRN14913,Rajdhani TRN14913,Rajdhani
TRN11255,Shatabdi TRN11255,Shatabdi
TRN13069,Shatabdi TRN13069,Shatabdi
TRN11388,Rajdhani TRN11388,Rajdhani
TRN14511,Express TRN14511,Express
TRN12002,Vande Bharat TRN12002,Vande Bharat
TRN14292,Superfast TRN14292,Superfast
TRN14373,Express TRN14373,Express
TRN10699,Superfast TRN10699,Superfast
TRN12496,Vande Bharat TRN12496,Vande Bharat
TRN12223,Passenger TRN12223,Passenger
TRN11731,Rajdhani TRN11731,Rajdhani
TRN11574,Passenger TRN11574,Passenger
TRN10116,Shatabdi TRN10116,Shatabdi
TRN11979,Express TRN11979,Express
TRN12210,Superfast TRN12210,Superfast
TRN13769,Superfast TRN13769,Superfast
TRN14600,Vande Bharat TRN14600,Vande Bharat
TRN11798,Rajdhani TRN11798,Rajdhani
TRN12273,Express TRN12273,Express
TRN13970,Rajdhani TRN13970,Rajdhani
TRN13428,Vande Bharat TRN13428,Vande Bharat
TRN14658,Rajdhani TRN14658,Rajdhani
TRN12907,Passenger TRN12907,Passenger
TRN13963,Express TRN13963,Express
TRN11296,Rajdhani TRN11296,Rajdhani
TRN13377,Passenger TRN13377,Passenger
TRN11550,Express TRN11550,Express
TRN10632,Express TRN10632,Express
TRN11430,Express TRN11430,Express
TRN14280,Express TRN14280,Express
TRN12792,Express TRN12792,Express
TRN10846,Express TRN10846,Express
TRN14747,Vande Bharat TRN14747,Vande Bharat
TRN13360,Superfast TRN13360,Superfast
TRN10307,Superfast TRN10307,Superfast
TRN12915,Superfast TRN12915,Superfast
TRN14748,Vande Bharat TRN14748,Vande Bharat
TRN13530,Superfast TRN13530,Superfast
TRN14584,Superfast TRN14584,Superfast
TRN14495,Superfast TRN14495,Superfast
TRN12650,Vande Bharat TRN12650,Vande Bharat
TRN10955,Shatabdi TRN10955,Shatabdi
TRN14708,Rajdhani TRN14708,Rajdhani
TRN10582,Express TRN10582,Express
TRN13367,Passenger TRN13367,Passenger
TRN13953,Superfast TRN13953,Superfast
TRN11635,Express TRN11635,Express
TRN11636,Vande Bharat TRN11636,Vande Bharat
TRN12435,Superfast TRN12435,Superfast
TRN11370,Shatabdi TRN11370,Shatabdi
TRN12640,Passenger TRN12640,Passenger
TRN10485,Passenger TRN10485,Passenger
TRN14556,Passenger TRN14556,Passenger
TRN11444,Passenger TRN11444,Passenger
TRN11954,Passenger TRN11954,Passenger
TRN13866,Vande Bharat TRN13866,Vande Bharat
TRN10067,Express TRN10067,Express
TRN12108,Rajdhani TRN12108,Rajdhani
TRN13409,Vande Bharat TRN13409,Vande Bharat
TRN12122,Shatabdi TRN12122,Shatabdi
TRN13739,Rajdhani TRN13739,Rajdhani
TRN13602,Vande Bharat TRN13602,Vande Bharat
TRN13512,Rajdhani TRN13512,Rajdhani
TRN11283,Superfast TRN11283,Superfast
TRN14777,Superfast TRN14777,Superfast
TRN10689,Shatabdi TRN10689,Shatabdi
TRN13974,Express TRN13974,Express
TRN12099,Express TRN12099,Express
TRN11478,Passenger TRN11478,Passenger
TRN13055,Express TRN13055,Express
TRN14015,Shatabdi TRN14015,Shatabdi
TRN12524,Passenger TRN12524,Passenger
TRN13966,Superfast TRN13966,Superfast
TRN13919,Superfast TRN13919,Superfast
TRN10021,Express TRN10021,Express
TRN10536,Superfast TRN10536,Superfast
TRN12271,Shatabdi TRN12271,Shatabdi
TRN11812,Rajdhani TRN11812,Rajdhani
TRN14701,Passenger TRN14701,Passenger
TRN13928,Superfast TRN13928,Superfast
TRN11771,Superfast TRN11771,Superfast
TRN14287,Superfast TRN14287,Superfast
TRN14023,Superfast TRN14023,Superfast
TRN10478,Express TRN10478,Express
TRN12859,Superfast TRN12859,Superfast
TRN10452,Rajdhani TRN10452,Rajdhani
TRN12563,Express TRN12563,Express
TRN14395,Passenger TRN14395,Passenger
TRN11564,Superfast TRN11564,Superfast
TRN11619,Passenger TRN11619,Passenger
TRN14276,Superfast TRN14276,Superfast
TRN12839,Rajdhani TRN12839,Rajdhani
TRN12824,Superfast TRN12824,Superfast
TRN11165,Shatabdi TRN11165,Shatabdi
TRN10899,Passenger TRN10899,Passenger
TRN11329,Passenger TRN11329,Passenger
TRN10543,Express TRN10543,Express
TRN10312,Express TRN10312,Express
TRN11851,Passenger TRN11851,Passenger
TRN13477,Shatabdi TRN13477,Shatabdi
TRN10865,Passenger TRN10865,Passenger
TRN13465,Vande Bharat TRN13465,Vande Bharat
TRN11791,Vande Bharat TRN11791,Vande Bharat
TRN10585,Passenger TRN10585,Passenger
TRN11512,Rajdhani TRN11512,Rajdhani
TRN13796,Express TRN13796,Express
TRN12252,Superfast TRN12252,Superfast
TRN10244,Shatabdi TRN10244,Shatabdi
TRN14103,Express TRN14103,Express
TRN14767,Passenger TRN14767,Passenger
TRN12059,Passenger TRN12059,Passenger
TRN11987,Superfast TRN11987,Superfast
TRN14040,Express TRN14040,Express
TRN14896,Shatabdi TRN14896,Shatabdi
TRN14580,Shatabdi TRN14580,Shatabdi
TRN11062,Superfast TRN11062,Superfast
TRN14435,Rajdhani TRN14435,Rajdhani
TRN13857,Vande Bharat TRN13857,Vande Bharat
TRN11450,Passenger TRN11450,Passenger
TRN12333,Express TRN12333,Express
TRN14284,Vande Bharat TRN14284,Vande Bharat
TRN11998,Express TRN11998,Express
TRN11598,Shatabdi TRN11598,Shatabdi
TRN10587,Superfast TRN10587,Superfast
TRN10341,Express TRN10341,Express
TRN12993,Superfast TRN12993,Superfast
TRN11039,Rajdhani TRN11039,Rajdhani
TRN14612,Shatabdi TRN14612,Shatabdi
TRN13878,Express TRN13878,Express
TRN10361,Passenger TRN10361,Passenger
TRN13062,Rajdhani TRN13062,Rajdhani
TRN10779,Passenger TRN10779,Passenger
TRN14236,Vande Bharat TRN14236,Vande Bharat
TRN11333,Vande Bharat TRN11333,Vande Bharat
TRN14023,Shatabdi TRN14023,Shatabdi
TRN14905,Rajdhani TRN14905,Rajdhani
TRN12992,Express TRN12992,Express
TRN13443,Passenger TRN13443,Passenger
TRN11798,Superfast TRN11798,Superfast
TRN13783,Passenger TRN13783,Passenger
TRN11021,Superfast TRN11021,Superfast
TRN10217,Superfast TRN10217,Superfast
TRN13486,Express TRN13486,Express
TRN10719,Express TRN10719,Express
TRN12567,Express TRN12567,Express
TRN10861,Vande Bharat TRN10861,Vande Bharat
TRN13523,Express TRN13523,Express
TRN13336,Rajdhani TRN13336,Rajdhani
TRN12153,Rajdhani TRN12153,Rajdhani
TRN11807,Superfast TRN11807,Superfast
TRN11230,Shatabdi TRN11230,Shatabdi
TRN12549,Express TRN12549,Express
TRN14642,Rajdhani TRN14642,Rajdhani
TRN13545,Vande Bharat TRN13545,Vande Bharat
TRN13696,Vande Bharat TRN13696,Vande Bharat
TRN14374,Passenger TRN14374,Passenger
TRN10877,Vande Bharat TRN10877,Vande Bharat
TRN10895,Shatabdi TRN10895,Shatabdi
TRN14272,Passenger TRN14272,Passenger
TRN10961,Superfast TRN10961,Superfast
TRN13926,Superfast TRN13926,Superfast
TRN12716,Superfast TRN12716,Superfast
TRN14925,Vande Bharat TRN14925,Vande Bharat
TRN14339,Superfast TRN14339,Superfast
TRN13938,Superfast TRN13938,Superfast
TRN13765,Superfast TRN13765,Superfast
TRN11891,Express TRN11891,Express
TRN13461,Rajdhani TRN13461,Rajdhani
TRN11525,Shatabdi TRN11525,Shatabdi
TRN10905,Rajdhani TRN10905,Rajdhani
TRN14021,Passenger TRN14021,Passenger
TRN13788,Vande Bharat TRN13788,Vande Bharat
TRN14846,Superfast TRN14846,Superfast
TRN13138,Superfast TRN13138,Superfast
TRN12276,Passenger TRN12276,Passenger
TRN14348,Superfast TRN14348,Superfast
TRN11940,Superfast TRN11940,Superfast
TRN13478,Express TRN13478,Express
TRN13162,Passenger TRN13162,Passenger
TRN14027,Superfast TRN14027,Superfast
TRN14160,Passenger TRN14160,Passenger
TRN12410,Vande Bharat TRN12410,Vande Bharat
TRN14590,Passenger TRN14590,Passenger
TRN13015,Rajdhani TRN13015,Rajdhani
TRN13969,Superfast TRN13969,Superfast
TRN10807,Express TRN10807,Express
TRN11373,Vande Bharat TRN11373,Vande Bharat
TRN10791,Shatabdi TRN10791,Shatabdi
TRN14022,Rajdhani TRN14022,Rajdhani
TRN11025,Rajdhani TRN11025,Rajdhani
TRN12941,Superfast TRN12941,Superfast
TRN14853,Superfast TRN14853,Superfast
TRN12488,Passenger TRN12488,Passenger
TRN12337,Superfast TRN12337,Superfast
TRN11765,Passenger TRN11765,Passenger
TRN14216,Superfast TRN14216,Superfast
TRN13273,Superfast TRN13273,Superfast
TRN12899,Express TRN12899,Express
TRN13230,Express TRN13230,Express
TRN14976,Express TRN14976,Express
TRN12008,Passenger TRN12008,Passenger
TRN14355,Passenger TRN14355,Passenger
TRN11623,Superfast TRN11623,Superfast
TRN12261,Shatabdi TRN12261,Shatabdi
TRN11234,Superfast TRN11234,Superfast
TRN12678,Passenger TRN12678,Passenger
TRN13435,Rajdhani TRN13435,Rajdhani
TRN14774,Rajdhani TRN14774,Rajdhani
TRN11494,Superfast TRN11494,Superfast
TRN10588,Express TRN10588,Express
TRN11825,Shatabdi TRN11825,Shatabdi
TRN13403,Vande Bharat TRN13403,Vande Bharat
TRN13057,Rajdhani TRN13057,Rajdhani
TRN14722,Rajdhani TRN14722,Rajdhani
TRN12906,Passenger TRN12906,Passenger
TRN11923,Express TRN11923,Express
TRN12463,Passenger TRN12463,Passenger
TRN11723,Passenger TRN11723,Passenger
TRN10050,Passenger TRN10050,Passenger
TRN14261,Passenger TRN14261,Passenger
TRN12793,Passenger TRN12793,Passenger
TRN12520,Vande Bharat TRN12520,Vande Bharat
TRN11897,Express TRN11897,Express
TRN12375,Passenger TRN12375,Passenger
TRN14969,Shatabdi TRN14969,Shatabdi
TRN10692,Express TRN10692,Express
TRN14940,Vande Bharat TRN14940,Vande Bharat
TRN12197,Express TRN12197,Express
TRN11148,Superfast TRN11148,Superfast
TRN10401,Express TRN10401,Express
TRN10112,Express TRN10112,Express
TRN14522,Rajdhani TRN14522,Rajdhani
TRN13491,Express TRN13491,Express
TRN12829,Superfast TRN12829,Superfast
TRN12011,Express TRN12011,Express
TRN14831,Express TRN14831,Express
TRN11443,Superfast TRN11443,Superfast
TRN12523,Superfast TRN12523,Superfast
TRN11499,Superfast TRN11499,Superfast
TRN12082,Express TRN12082,Express
TRN14762,Rajdhani TRN14762,Rajdhani
TRN14620,Superfast TRN14620,Superfast
TRN12950,Vande Bharat TRN12950,Vande Bharat
TRN10920,Rajdhani TRN10920,Rajdhani
TRN11375,Passenger TRN11375,Passenger
TRN14873,Shatabdi TRN14873,Shatabdi
TRN14473,Superfast TRN14473,Superfast
TRN12497,Passenger TRN12497,Passenger
TRN11890,Superfast TRN11890,Superfast
TRN10322,Superfast TRN10322,Superfast
TRN12261,Express TRN12261,Express
TRN12178,Shatabdi TRN12178,Shatabdi
TRN10909,Passenger TRN10909,Passenger
TRN14891,Vande Bharat TRN14891,Vande Bharat
TRN12315,Shatabdi TRN12315,Shatabdi
TRN13939,Passenger TRN13939,Passenger
TRN13583,Passenger TRN13583,Passenger
TRN10027,Superfast TRN10027,Superfast
TRN12370,Express TRN12370,Express
TRN13246,Passenger TRN13246,Passenger
TRN14031,Express TRN14031,Express
TRN13843,Shatabdi TRN13843,Shatabdi
TRN14506,Rajdhani TRN14506,Rajdhani
TRN12376,Passenger TRN12376,Passenger
TRN11989,Vande Bharat TRN11989,Vande Bharat
TRN10031,Superfast TRN10031,Superfast
TRN10570,Vande Bharat TRN10570,Vande Bharat
TRN11682,Passenger TRN11682,Passenger
TRN13327,Vande Bharat TRN13327,Vande Bharat
TRN13291,Rajdhani TRN13291,Rajdhani
TRN12958,Superfast TRN12958,Superfast
TRN12703,Superfast TRN12703,Superfast
TRN11943,Superfast TRN11943,Superfast
TRN10363,Passenger TRN10363,Passenger
TRN12641,Express TRN12641,Express
TRN10026,Superfast TRN10026,Superfast
TRN14517,Superfast TRN14517,Superfast
TRN13546,Express TRN13546,Express
TRN12252,Rajdhani TRN12252,Rajdhani
TRN13631,Rajdhani TRN13631,Rajdhani
TRN13677,Passenger TRN13677,Passenger
TRN12414,Shatabdi TRN12414,Shatabdi
TRN10530,Express TRN10530,Express
TRN11638,Shatabdi TRN11638,Shatabdi
TRN11882,Shatabdi TRN11882,Shatabdi
TRN14002,Vande Bharat TRN14002,Vande Bharat
TRN11120,Passenger TRN11120,Passenger
TRN13697,Rajdhani TRN13697,Rajdhani
TRN12562,Express TRN12562,Express
TRN11393,Superfast TRN11393,Superfast
TRN11177,Rajdhani TRN11177,Rajdhani
TRN11213,Superfast TRN11213,Superfast
TRN11614,Passenger TRN11614,Passenger
TRN10514,Vande Bharat TRN10514,Vande Bharat
TRN11742,Superfast TRN11742,Superfast
TRN11753,Vande Bharat TRN11753,Vande Bharat
TRN10797,Shatabdi TRN10797,Shatabdi
TRN14862,Express TRN14862,Express
TRN13514,Passenger TRN13514,Passenger
TRN12843,Express TRN12843,Express
TRN11842,Passenger TRN11842,Passenger
TRN13321,Superfast TRN13321,Superfast
TRN13571,Superfast TRN13571,Superfast
TRN13029,Passenger TRN13029,Passenger
TRN14483,Shatabdi TRN14483,Shatabdi
TRN13925,Superfast TRN13925,Superfast
TRN11959,Rajdhani TRN11959,Rajdhani
TRN12654,Rajdhani TRN12654,Rajdhani
TRN12629,Rajdhani TRN12629,Rajdhani
TRN11725,Superfast TRN11725,Superfast
TRN10814,Passenger TRN10814,Passenger
TRN14184,Passenger TRN14184,Passenger
TRN14698,Express TRN14698,Express
TRN11710,Superfast TRN11710,Superfast
TRN10015,Rajdhani TRN10015,Rajdhani
TRN14904,Express TRN14904,Express
TRN14747,Superfast TRN14747,Superfast
TRN10922,Express TRN10922,Express
TRN12419,Passenger TRN12419,Passenger
TRN11811,Passenger TRN11811,Passenger
TRN14188,Superfast TRN14188,Superfast
TRN11182,Shatabdi TRN11182,Shatabdi
TRN12622,Superfast TRN12622,Superfast
TRN10734,Shatabdi TRN10734,Shatabdi
TRN12257,Vande Bharat TRN12257,Vande Bharat
TRN11379,Superfast TRN11379,Superfast
TRN10219,Passenger TRN10219,Passenger
TRN11752,Rajdhani TRN11752,Rajdhani
TRN14872,Express TRN14872,Express
TRN13964,Express TRN13964,Express
TRN10669,Superfast TRN10669,Superfast
TRN13484,Passenger TRN13484,Passenger
TRN10964,Shatabdi TRN10964,Shatabdi
TRN12494,Express TRN12494,Express
TRN12371,Passenger TRN12371,Passenger
TRN14095,Express TRN14095,Express
TRN11263,Passenger TRN11263,Passenger
TRN10458,Superfast TRN10458,Superfast
TRN14680,Vande Bharat TRN14680,Vande Bharat
TRN12704,Rajdhani TRN12704,Rajdhani
TRN10239,Passenger TRN10239,Passenger
TRN11737,Express TRN11737,Express
TRN11907,Passenger TRN11907,Passenger
TRN12621,Express TRN12621,Express
TRN14867,Vande Bharat TRN14867,Vande Bharat
TRN10063,Vande Bharat TRN10063,Vande Bharat
TRN12440,Vande Bharat TRN12440,Vande Bharat
TRN11165,Superfast TRN11165,Superfast
TRN10062,Vande Bharat TRN10062,Vande Bharat
TRN14703,Superfast TRN14703,Superfast
TRN11593,Passenger TRN11593,Passenger
TRN14644,Shatabdi TRN14644,Shatabdi
TRN14596,Passenger TRN14596,Passenger
TRN12293,Express TRN12293,Express
TRN12998,Passenger TRN12998,Passenger
TRN11155,Superfast TRN11155,Superfast
TRN12033,Rajdhani TRN12033,Rajdhani
TRN13931,Superfast TRN13931,Superfast
TRN14666,Express TRN14666,Express
TRN12904,Rajdhani TRN12904,Rajdhani
TRN13124,Superfast TRN13124,Superfast
TRN12412,Passenger TRN12412,Passenger
TRN12463,Superfast TRN12463,Superfast
TRN11352,Passenger TRN11352,Passenger
TRN13823,Express TRN13823,Express
TRN13804,Passenger TRN13804,Passenger
TRN13412,Express TRN13412,Express
TRN14888,Passenger TRN14888,Passenger
TRN12971,Superfast TRN12971,Superfast
TRN12300,Superfast TRN12300,Superfast
TRN12295,Passenger TRN12295,Passenger
TRN14839,Passenger TRN14839,Passenger
TRN14330,Shatabdi TRN14330,Shatabdi
TRN13934,Shatabdi TRN13934,Shatabdi
TRN13469,Rajdhani TRN13469,Rajdhani
TRN10421,Passenger TRN10421,Passenger
TRN14029,Vande Bharat TRN14029,Vande Bharat
TRN14812,Superfast TRN14812,Superfast
TRN11441,Superfast TRN11441,Superfast
TRN14657,Rajdhani TRN14657,Rajdhani
TRN13063,Shatabdi TRN13063,Shatabdi
TRN12851,Rajdhani TRN12851,Rajdhani
TRN10873,Vande Bharat TRN10873,Vande Bharat
TRN13099,Express TRN13099,Express
TRN13164,Shatabdi TRN13164,Shatabdi
TRN14220,Superfast TRN14220,Superfast
TRN11743,Vande Bharat TRN11743,Vande Bharat
TRN14570,Passenger TRN14570,Passenger
TRN11827,Rajdhani TRN11827,Rajdhani
TRN10287,Superfast TRN10287,Superfast
TRN12263,Passenger TRN12263,Passenger
TRN10184,Passenger TRN10184,Passenger
TRN14666,Passenger TRN14666,Passenger
TRN12742,Vande Bharat TRN12742,Vande Bharat
TRN12724,Vande Bharat TRN12724,Vande Bharat
TRN12807,Express TRN12807,Express
TRN11469,Superfast TRN11469,Superfast
TRN12592,Passenger TRN12592,Passenger
TRN10104,Express TRN10104,Express
TRN10116,Rajdhani TRN10116,Rajdhani
TRN13314,Superfast TRN13314,Superfast
TRN10684,Express TRN10684,Express
TRN10149,Passenger TRN10149,Passenger
TRN10417,Shatabdi TRN10417,Shatabdi
TRN14887,Rajdhani TRN14887,Rajdhani
TRN12951,Passenger TRN12951,Passenger
TRN12608,Superfast TRN12608,Superfast
TRN14421,Rajdhani TRN14421,Rajdhani
TRN10027,Express TRN10027,Express
TRN11132,Superfast TRN11132,Superfast
TRN11569,Rajdhani TRN11569,Rajdhani
TRN10973,Passenger TRN10973,Passenger
TRN11102,Passenger TRN11102,Passenger
TRN11901,Superfast TRN11901,Superfast
TRN12097,Rajdhani TRN12097,Rajdhani
TRN14494,Rajdhani TRN14494,Rajdhani
TRN13673,Vande Bharat TRN13673,Vande Bharat
TRN11089,Rajdhani TRN11089,Rajdhani
TRN11913,Superfast TRN11913,Superfast
TRN12227,Passenger TRN12227,Passenger
TRN12513,Superfast TRN12513,Superfast
TRN14124,Rajdhani TRN14124,Rajdhani
TRN13422,Passenger TRN13422,Passenger
TRN10406,Passenger TRN10406,Passenger
TRN10845,Vande Bharat TRN10845,Vande Bharat
TRN10816,Rajdhani TRN10816,Rajdhani
TRN14834,Passenger TRN14834,Passenger
TRN14948,Express TRN14948,Express
TRN13305,Vande Bharat TRN13305,Vande Bharat
TRN11705,Rajdhani TRN11705,Rajdhani
TRN14081,Passenger TRN14081,Passenger
TRN14442,Superfast TRN14442,Superfast
TRN12884,Superfast TRN12884,Superfast
TRN14630,Rajdhani TRN14630,Rajdhani
TRN11903,Passenger TRN11903,Passenger
TRN11340,Express TRN11340,Express
TRN14875,Passenger TRN14875,Passenger
TRN12005,Superfast TRN12005,Superfast
TRN12935,Express TRN12935,Express
TRN13342,Shatabdi TRN13342,Shatabdi
TRN13247,Vande Bharat TRN13247,Vande Bharat
TRN12140,Rajdhani TRN12140,Rajdhani
TRN12252,Express TRN12252,Express
TRN10608,Shatabdi TRN10608,Shatabdi
TRN12917,Vande Bharat TRN12917,Vande Bharat
TRN14921,Express TRN14921,Express
TRN11766,Rajdhani TRN11766,Rajdhani
TRN11692,Passenger TRN11692,Passenger
TRN14644,Passenger TRN14644,Passenger
TRN14091,Express TRN14091,Express
TRN14187,Rajdhani TRN14187,Rajdhani
TRN13054,Rajdhani TRN13054,Rajdhani
TRN14249,Express TRN14249,Express
TRN12523,Rajdhani TRN12523,Rajdhani
TRN12441,Vande Bharat TRN12441,Vande Bharat
TRN11606,Rajdhani TRN11606,Rajdhani
TRN14537,Shatabdi TRN14537,Shatabdi
TRN11285,Superfast TRN11285,Superfast
TRN14058,Vande Bharat TRN14058,Vande Bharat
TRN13055,Superfast TRN13055,Superfast
TRN13444,Superfast TRN13444,Superfast
TRN13088,Vande Bharat TRN13088,Vande Bharat
TRN12352,Superfast TRN12352,Superfast
TRN10591,Superfast TRN10591,Superfast
TRN11819,Express TRN11819,Express
TRN12927,Vande Bharat TRN12927,Vande Bharat
TRN14413,Passenger TRN14413,Passenger
TRN11276,Passenger TRN11276,Passenger
TRN11985,Vande Bharat TRN11985,Vande Bharat
TRN13570,Superfast TRN13570,Superfast
TRN11553,Express TRN11553,Express
TRN10284,Express TRN10284,Express
TRN11879,Shatabdi TRN11879,Shatabdi
TRN14410,Rajdhani TRN14410,Rajdhani
TRN10644,Vande Bharat TRN10644,Vande Bharat
TRN12234,Express TRN12234,Express
TRN12147,Express TRN12147,Express
TRN10743,Shatabdi TRN10743,Shatabdi
TRN11483,Passenger TRN11483,Passenger
TRN10665,Superfast TRN10665,Superfast
TRN12349,Express TRN12349,Express
TRN10622,Superfast TRN10622,Superfast
TRN13078,Passenger TRN13078,Passenger
TRN10817,Vande Bharat TRN10817,Vande Bharat
TRN11638,Express TRN11638,Express
TRN11486,Rajdhani TRN11486,Rajdhani
TRN10139,Passenger TRN10139,Passenger
TRN10804,Express TRN10804,Express
TRN14526,Superfast TRN14526,Superfast
TRN10740,Shatabdi TRN10740,Shatabdi
TRN11212,Express TRN11212,Express
TRN13014,Express TRN13014,Express
TRN11558,Express TRN11558,Express
TRN11864,Passenger TRN11864,Passenger
TRN13702,Passenger TRN13702,Passenger
TRN12133,Express TRN12133,Express
TRN10458,Express TRN10458,Express
TRN11604,Passenger TRN11604,Passenger
TRN10358,Express TRN10358,Express
TRN12692,Rajdhani TRN12692,Rajdhani
TRN13436,Rajdhani TRN13436,Rajdhani
TRN10673,Passenger TRN10673,Passenger
TRN14061,Passenger TRN14061,Passenger
TRN13813,Passenger TRN13813,Passenger
TRN13054,Superfast TRN13054,Superfast
TRN12891,Express TRN12891,Express
TRN10106,Vande Bharat TRN10106,Vande Bharat
TRN12291,Shatabdi TRN12291,Shatabdi
TRN10887,Vande Bharat TRN10887,Vande Bharat
TRN12117,Vande Bharat TRN12117,Vande Bharat
TRN13938,Express TRN13938,Express
TRN14668,Superfast TRN14668,Superfast
TRN11533,Vande Bharat TRN11533,Vande Bharat
TRN13495,Express TRN13495,Express
TRN13672,Superfast TRN13672,Superfast
TRN11571,Express TRN11571,Express
TRN11685,Passenger TRN11685,Passenger
TRN13167,Express TRN13167,Express
TRN14539,Superfast TRN14539,Superfast
TRN12933,Passenger TRN12933,Passenger
TRN10801,Vande Bharat TRN10801,Vande Bharat
TRN11008,Rajdhani TRN11008,Rajdhani
TRN12154,Vande Bharat TRN12154,Vande Bharat
TRN10525,Rajdhani TRN10525,Rajdhani
TRN12203,Express TRN12203,Express
TRN13030,Express TRN13030,Express
TRN14255,Rajdhani TRN14255,Rajdhani
TRN10342,Superfast TRN10342,Superfast
TRN11169,Shatabdi TRN11169,Shatabdi
TRN12553,Passenger TRN12553,Passenger
TRN12850,Passenger TRN12850,Passenger
TRN14467,Rajdhani TRN14467,Rajdhani
TRN12058,Rajdhani TRN12058,Rajdhani
TRN10294,Superfast TRN10294,Superfast
TRN13595,Shatabdi TRN13595,Shatabdi
TRN14680,Express TRN14680,Express
TRN14453,Express TRN14453,Express
TRN13454,Express TRN13454,Express
TRN12776,Vande Bharat TRN12776,Vande Bharat
TRN12339,Superfast TRN12339,Superfast
TRN11175,Superfast TRN11175,Superfast
TRN10445,Express TRN10445,Express
TRN14965,Superfast TRN14965,Superfast
TRN14900,Passenger TRN14900,Passenger
TRN10453,Express TRN10453,Express
TRN14437,Rajdhani TRN14437,Rajdhani
TRN10563,Passenger TRN10563,Passenger
TRN11136,Superfast TRN11136,Superfast
TRN13372,Express TRN13372,Express
TRN10178,Express TRN10178,Express
TRN12392,Passenger TRN12392,Passenger
TRN10071,Superfast TRN10071,Superfast
TRN13741,Passenger TRN13741,Passenger
TRN11273,Rajdhani TRN11273,Rajdhani
TRN13401,Vande Bharat TRN13401,Vande Bharat
TRN11986,Superfast TRN11986,Superfast
TRN11532,Passenger TRN11532,Passenger
TRN10408,Express TRN10408,Express
TRN10503,Vande Bharat TRN10503,Vande Bharat
TRN14154,Shatabdi TRN14154,Shatabdi
TRN13674,Passenger TRN13674,Passenger
TRN13887,Superfast TRN13887,Superfast
TRN10561,Superfast TRN10561,Superfast
TRN12545,Superfast TRN12545,Superfast
TRN11401,Express TRN11401,Express
TRN12342,Superfast TRN12342,Superfast
TRN10641,Vande Bharat TRN10641,Vande Bharat
TRN11107,Superfast TRN11107,Superfast
TRN12669,Superfast TRN12669,Superfast
TRN11811,Vande Bharat TRN11811,Vande Bharat
TRN13021,Express TRN13021,Express
TRN14560,Express TRN14560,Express
TRN11164,Shatabdi TRN11164,Shatabdi
TRN10242,Express TRN10242,Express
TRN14534,Vande Bharat TRN14534,Vande Bharat
TRN10877,Rajdhani TRN10877,Rajdhani
TRN12438,Express TRN12438,Express
TRN13711,Passenger TRN13711,Passenger
TRN13625,Superfast TRN13625,Superfast
TRN13068,Rajdhani TRN13068,Rajdhani
TRN12017,Express TRN12017,Express
TRN13809,Rajdhani TRN13809,Rajdhani
TRN12937,Rajdhani TRN12937,Rajdhani
TRN11855,Express TRN11855,Express
TRN12195,Express TRN12195,Express
TRN10781,Shatabdi TRN10781,Shatabdi
TRN14084,Shatabdi TRN14084,Shatabdi
TRN10914,Passenger TRN10914,Passenger
TRN11722,Passenger TRN11722,Passenger
TRN13035,Rajdhani TRN13035,Rajdhani
TRN14610,Superfast TRN14610,Superfast
TRN12988,Passenger TRN12988,Passenger
TRN11289,Passenger TRN11289,Passenger
TRN13071,Express TRN13071,Express
TRN11992,Vande Bharat TRN11992,Vande Bharat
TRN12957,Superfast TRN12957,Superfast
TRN14426,Superfast TRN14426,Superfast
TRN10996,Passenger TRN10996,Passenger
TRN12713,Passenger TRN12713,Passenger
TRN14670,Rajdhani TRN14670,Rajdhani
TRN13395,Shatabdi TRN13395,Shatabdi
TRN12364,Vande Bharat TRN12364,Vande Bharat
TRN12604,Superfast TRN12604,Superfast
TRN13183,Passenger TRN13183,Passenger
TRN11488,Rajdhani TRN11488,Rajdhani
TRN14553,Superfast TRN14553,Superfast
TRN12083,Express TRN12083,Express
TRN11828,Passenger TRN11828,Passenger
TRN14477,Shatabdi TRN14477,Shatabdi
TRN13432,Superfast TRN13432,Superfast
TRN13551,Shatabdi TRN13551,Shatabdi
TRN13868,Superfast TRN13868,Superfast
TRN12710,Vande Bharat TRN12710,Vande Bharat
TRN10900,Express TRN10900,Express
TRN11241,Express TRN11241,Express
TRN12776,Passenger TRN12776,Passenger
TRN12064,Passenger TRN12064,Passenger
TRN13107,Vande Bharat TRN13107,Vande Bharat
TRN12531,Superfast TRN12531,Superfast
TRN10005,Express TRN10005,Express
TRN13432,Vande Bharat TRN13432,Vande Bharat
TRN11761,Express TRN11761,Express
TRN10243,Express TRN10243,Express
TRN11109,Passenger TRN11109,Passenger
TRN13216,Express TRN13216,Express
TRN13048,Superfast TRN13048,Superfast
TRN10311,Passenger TRN10311,Passenger
TRN12220,Passenger TRN12220,Passenger
TRN11039,Vande Bharat TRN11039,Vande Bharat
TRN12860,Passenger TRN12860,Passenger
TRN10660,Passenger TRN10660,Passenger
TRN11032,Passenger TRN11032,Passenger
TRN12051,Vande Bharat TRN12051,Vande Bharat
TRN10368,Rajdhani TRN10368,Rajdhani
TRN10220,Passenger TRN10220,Passenger
TRN10026,Rajdhani TRN10026,Rajdhani
TRN13198,Rajdhani TRN13198,Rajdhani
TRN10165,Superfast TRN10165,Superfast
TRN14008,Express TRN14008,Express
TRN14988,Superfast TRN14988,Superfast
TRN14795,Superfast TRN14795,Superfast
TRN14068,Passenger TRN14068,Passenger
TRN13390,Passenger TRN13390,Passenger
TRN14418,Superfast TRN14418,Superfast
TRN10255,Superfast TRN10255,Superfast
TRN10201,Rajdhani TRN10201,Rajdhani
TRN11479,Express TRN11479,Express
TRN11474,Shatabdi TRN11474,Shatabdi
TRN12804,Rajdhani TRN12804,Rajdhani
TRN10594,Superfast TRN10594,Superfast
TRN11871,Shatabdi TRN11871,Shatabdi
TRN10530,Vande Bharat TRN10530,Vande Bharat
TRN14332,Shatabdi TRN14332,Shatabdi
TRN10798,Superfast TRN10798,Superfast
TRN10847,Rajdhani TRN10847,Rajdhani
TRN13950,Passenger TRN13950,Passenger
TRN12130,Superfast TRN12130,Superfast
TRN13198,Superfast TRN13198,Superfast
TRN12595,Vande Bharat TRN12595,Vande Bharat
TRN10647,Rajdhani TRN10647,Rajdhani
TRN12274,Vande Bharat TRN12274,Vande Bharat
TRN13488,Rajdhani TRN13488,Rajdhani
TRN13844,Passenger TRN13844,Passenger
TRN14242,Rajdhani TRN14242,Rajdhani
TRN14605,Rajdhani TRN14605,Rajdhani
TRN14371,Express TRN14371,Express
TRN11269,Superfast TRN11269,Superfast
TRN14890,Express TRN14890,Express
TRN14749,Express TRN14749,Express
TRN10621,Rajdhani TRN10621,Rajdhani
TRN11650,Passenger TRN11650,Passenger
TRN11716,Express TRN11716,Express
TRN13820,Passenger TRN13820,Passenger
TRN10603,Superfast TRN10603,Superfast
TRN12475,Passenger TRN12475,Passenger
TRN11872,Rajdhani TRN11872,Rajdhani
TRN10246,Express TRN10246,Express
TRN10642,Superfast TRN10642,Superfast
TRN12595,Express TRN12595,Express
TRN14260,Rajdhani TRN14260,Rajdhani
TRN12397,Passenger TRN12397,Passenger
TRN11244,Passenger TRN11244,Passenger
TRN11590,Superfast TRN11590,Superfast
TRN13193,Superfast TRN13193,Superfast
TRN10284,Vande Bharat TRN10284,Vande Bharat
TRN13937,Express TRN13937,Express
TRN14111,Passenger TRN14111,Passenger
TRN14183,Express TRN14183,Express
TRN11694,Vande Bharat TRN11694,Vande Bharat
TRN11860,Superfast TRN11860,Superfast
TRN12725,Shatabdi TRN12725,Shatabdi
TRN13846,Superfast TRN13846,Superfast
TRN11575,Superfast TRN11575,Superfast
TRN11281,Vande Bharat TRN11281,Vande Bharat
TRN13241,Express TRN13241,Express
TRN10201,Superfast TRN10201,Superfast
TRN12538,Superfast TRN12538,Superfast
TRN12484,Rajdhani TRN12484,Rajdhani
TRN11059,Shatabdi TRN11059,Shatabdi
TRN10393,Superfast TRN10393,Superfast
TRN10011,Passenger TRN10011,Passenger
TRN12962,Rajdhani TRN12962,Rajdhani
TRN10114,Rajdhani TRN10114,Rajdhani
TRN13231,Passenger TRN13231,Passenger
TRN14039,Passenger TRN14039,Passenger
TRN10636,Passenger TRN10636,Passenger
TRN14379,Express TRN14379,Express
TRN14622,Passenger TRN14622,Passenger
TRN13878,Vande Bharat TRN13878,Vande Bharat
TRN13813,Rajdhani TRN13813,Rajdhani
TRN14210,Vande Bharat TRN14210,Vande Bharat
TRN11783,Rajdhani TRN11783,Rajdhani
TRN11823,Passenger TRN11823,Passenger
TRN13544,Shatabdi TRN13544,Shatabdi
TRN10363,Rajdhani TRN10363,Rajdhani
TRN14263,Superfast TRN14263,Superfast
TRN14476,Superfast TRN14476,Superfast
TRN13435,Express TRN13435,Express
TRN12451,Shatabdi TRN12451,Shatabdi
TRN11584,Rajdhani TRN11584,Rajdhani
TRN12300,Vande Bharat TRN12300,Vande Bharat
TRN10574,Rajdhani TRN10574,Rajdhani
TRN10089,Vande Bharat TRN10089,Vande Bharat
TRN14693,Shatabdi TRN14693,Shatabdi
TRN11950,Superfast TRN11950,Superfast
TRN12859,Rajdhani TRN12859,Rajdhani
TRN11931,Rajdhani TRN11931,Rajdhani
TRN11168,Superfast TRN11168,Superfast
TRN14466,Express TRN14466,Express
TRN14857,Vande Bharat TRN14857,Vande Bharat
TRN14948,Passenger TRN14948,Passenger
TRN14512,Passenger TRN14512,Passenger
TRN11738,Superfast TRN11738,Superfast
TRN10775,Rajdhani TRN10775,Rajdhani
TRN11647,Vande Bharat TRN11647,Vande Bharat
TRN12342,Express TRN12342,Express
TRN12891,Shatabdi TRN12891,Shatabdi
TRN12620,Passenger TRN12620,Passenger
TRN14080,Express TRN14080,Express
TRN11014,Rajdhani TRN11014,Rajdhani
TRN11713,Express TRN11713,Express
TRN12632,Passenger TRN12632,Passenger
TRN13719,Passenger TRN13719,Passenger
TRN12760,Express TRN12760,Express
TRN13501,Vande Bharat TRN13501,Vande Bharat
TRN14558,Passenger TRN14558,Passenger
TRN14950,Passenger TRN14950,Passenger
TRN11244,Rajdhani TRN11244,Rajdhani
TRN12581,Vande Bharat TRN12581,Vande Bharat
TRN13933,Superfast TRN13933,Superfast
TRN10165,Passenger TRN10165,Passenger
TRN10965,Superfast TRN10965,Superfast
TRN12931,Passenger TRN12931,Passenger
TRN11926,Superfast TRN11926,Superfast
TRN11663,Express TRN11663,Express
TRN14840,Shatabdi TRN14840,Shatabdi
TRN10365,Superfast TRN10365,Superfast
TRN10998,Superfast TRN10998,Superfast
TRN11963,Vande Bharat TRN11963,Vande Bharat
TRN14865,Rajdhani TRN14865,Rajdhani
TRN10298,Rajdhani TRN10298,Rajdhani
TRN14706,Passenger TRN14706,Passenger
TRN13792,Superfast TRN13792,Superfast
TRN14113,Superfast TRN14113,Superfast
TRN12229,Superfast TRN12229,Superfast
TRN13144,Superfast TRN13144,Superfast
TRN13391,Superfast TRN13391,Superfast
TRN14845,Superfast TRN14845,Superfast
TRN10613,Shatabdi TRN10613,Shatabdi
TRN11636,Express TRN11636,Express
TRN10579,Rajdhani TRN10579,Rajdhani
TRN13030,Passenger TRN13030,Passenger
TRN13298,Passenger TRN13298,Passenger
TRN14362,Vande Bharat TRN14362,Vande Bharat
TRN10732,Vande Bharat TRN10732,Vande Bharat
TRN13764,Superfast TRN13764,Superfast
TRN11178,Vande Bharat TRN11178,Vande Bharat
TRN11100,Passenger TRN11100,Passenger
TRN12495,Passenger TRN12495,Passenger
TRN10590,Rajdhani TRN10590,Rajdhani
TRN11240,Express TRN11240,Express
TRN13130,Shatabdi TRN13130,Shatabdi
TRN11344,Superfast TRN11344,Superfast
TRN14487,Vande Bharat TRN14487,Vande Bharat
TRN11325,Express TRN11325,Express
TRN13287,Superfast TRN13287,Superfast
TRN11159,Express TRN11159,Express
TRN12109,Shatabdi TRN12109,Shatabdi
TRN13057,Shatabdi TRN13057,Shatabdi
TRN11108,Shatabdi TRN11108,Shatabdi
TRN14835,Express TRN14835,Express
TRN12456,Vande Bharat TRN12456,Vande Bharat
TRN13768,Superfast TRN13768,Superfast
TRN12148,Rajdhani TRN12148,Rajdhani
TRN12074,Express TRN12074,Express
TRN11581,Express TRN11581,Express
TRN10951,Superfast TRN10951,Superfast
TRN14710,Express TRN14710,Express
TRN10996,Rajdhani TRN10996,Rajdhani
TRN11995,Passenger TRN11995,Passenger
TRN12506,Passenger TRN12506,Passenger
TRN13440,Vande Bharat TRN13440,Vande Bharat
TRN10434,Passenger TRN10434,Passenger
TRN12457,Express TRN12457,Express
TRN11987,Express TRN11987,Express
TRN13650,Shatabdi TRN13650,Shatabdi
TRN13022,Shatabdi TRN13022,Shatabdi
TRN13114,Express TRN13114,Express
TRN11982,Rajdhani TRN11982,Rajdhani
TRN12568,Passenger TRN12568,Passenger
TRN10984,Passenger TRN10984,Passenger
TRN12586,Shatabdi TRN12586,Shatabdi
TRN11335,Rajdhani TRN11335,Rajdhani
TRN10235,Superfast TRN10235,Superfast
TRN13486,Superfast TRN13486,Superfast
TRN12787,Superfast TRN12787,Superfast
TRN14151,Express TRN14151,Express
TRN11460,Superfast TRN11460,Superfast
TRN14564,Express TRN14564,Express
TRN13415,Express TRN13415,Express
TRN13542,Rajdhani TRN13542,Rajdhani
TRN14328,Express TRN14328,Express
TRN13578,Superfast TRN13578,Superfast
TRN14655,Passenger TRN14655,Passenger
TRN13352,Superfast TRN13352,Superfast
TRN13442,Passenger TRN13442,Passenger
TRN11801,Rajdhani TRN11801,Rajdhani
TRN14648,Rajdhani TRN14648,Rajdhani
TRN10627,Rajdhani TRN10627,Rajdhani
TRN14866,Shatabdi TRN14866,Shatabdi
TRN11023,Vande Bharat TRN11023,Vande Bharat
TRN13696,Express TRN13696,Express
TRN14233,Passenger TRN14233,Passenger
TRN12448,Superfast TRN12448,Superfast
TRN10941,Vande Bharat TRN10941,Vande Bharat
TRN13470,Shatabdi TRN13470,Shatabdi
TRN11106,Vande Bharat TRN11106,Vande Bharat
TRN10923,Superfast TRN10923,Superfast
TRN11095,Express TRN11095,Express
TRN13998,Passenger TRN13998,Passenger
TRN12024,Vande Bharat TRN12024,Vande Bharat
TRN12292,Vande Bharat TRN12292,Vande Bharat
TRN10435,Superfast TRN10435,Superfast
TRN12384,Express TRN12384,Express
TRN11278,Express TRN11278,Express
TRN12863,Passenger TRN12863,Passenger
TRN11678,Superfast TRN11678,Superfast
TRN12567,Passenger TRN12567,Passenger
TRN10346,Passenger TRN10346,Passenger
TRN11977,Passenger TRN11977,Passenger
TRN11570,Superfast TRN11570,Superfast
TRN11614,Express TRN11614,Express
TRN13742,Passenger TRN13742,Passenger
TRN12643,Shatabdi TRN12643,Shatabdi
TRN13961,Rajdhani TRN13961,Rajdhani
TRN11613,Superfast TRN11613,Superfast
TRN14977,Passenger TRN14977,Passenger
TRN13080,Superfast TRN13080,Superfast
TRN14615,Passenger TRN14615,Passenger
TRN10352,Rajdhani TRN10352,Rajdhani
TRN13619,Rajdhani TRN13619,Rajdhani
TRN13310,Express TRN13310,Express
TRN10282,Vande Bharat TRN10282,Vande Bharat
TRN10212,Passenger TRN10212,Passenger
TRN12027,Express TRN12027,Express
TRN14708,Vande Bharat TRN14708,Vande Bharat
TRN12450,Superfast TRN12450,Superfast
TRN11902,Passenger TRN11902,Passenger
TRN10334,Vande Bharat TRN10334,Vande Bharat
TRN10625,Superfast TRN10625,Superfast
TRN12879,Passenger TRN12879,Passenger
TRN10166,Passenger TRN10166,Passenger
TRN14202,Vande Bharat TRN14202,Vande Bharat
TRN14549,Express TRN14549,Express
TRN12660,Rajdhani TRN12660,Rajdhani
TRN13165,Shatabdi TRN13165,Shatabdi
TRN13818,Shatabdi TRN13818,Shatabdi
TRN13431,Express TRN13431,Express
TRN12097,Shatabdi TRN12097,Shatabdi
TRN14899,Shatabdi TRN14899,Shatabdi
TRN11526,Passenger TRN11526,Passenger
TRN13975,Rajdhani TRN13975,Rajdhani
TRN14088,Passenger TRN14088,Passenger
TRN13983,Passenger TRN13983,Passenger
TRN12711,Express TRN12711,Express
TRN12800,Shatabdi TRN12800,Shatabdi
TRN13197,Express TRN13197,Express
TRN12563,Vande Bharat TRN12563,Vande Bharat
TRN14110,Shatabdi TRN14110,Shatabdi
TRN12605,Rajdhani TRN12605,Rajdhani
TRN13163,Vande Bharat TRN13163,Vande Bharat
TRN10478,Vande Bharat TRN10478,Vande Bharat
TRN14955,Rajdhani TRN14955,Rajdhani
TRN11112,Shatabdi TRN11112,Shatabdi
TRN12113,Superfast TRN12113,Superfast
TRN12025,Passenger TRN12025,Passenger
TRN14025,Vande Bharat TRN14025,Vande Bharat
TRN13984,Superfast TRN13984,Superfast
TRN13559,Passenger TRN13559,Passenger
TRN14230,Passenger TRN14230,Passenger
TRN14280,Passenger TRN14280,Passenger
TRN10400,Express TRN10400,Express
TRN12774,Superfast TRN12774,Superfast
TRN13868,Vande Bharat TRN13868,Vande Bharat
TRN14432,Superfast TRN14432,Superfast
TRN10556,Vande Bharat TRN10556,Vande Bharat
TRN14791,Vande Bharat TRN14791,Vande Bharat
TRN10302,Passenger TRN10302,Passenger
TRN11838,Superfast TRN11838,Superfast
TRN14090,Rajdhani TRN14090,Rajdhani
TRN12149,Express TRN12149,Express
TRN11295,Superfast TRN11295,Superfast
TRN10057,Superfast TRN10057,Superfast
TRN14797,Rajdhani TRN14797,Rajdhani
TRN12689,Vande Bharat TRN12689,Vande Bharat
TRN13989,Express TRN13989,Express
TRN10964,Rajdhani TRN10964,Rajdhani
TRN12707,Vande Bharat TRN12707,Vande Bharat
TRN10203,Shatabdi TRN10203,Shatabdi
TRN12670,Vande Bharat TRN12670,Vande Bharat
TRN12447,Express TRN12447,Express
TRN13485,Superfast TRN13485,Superfast
TRN11702,Shatabdi TRN11702,Shatabdi
TRN13024,Express TRN13024,Express
TRN11745,Vande Bharat TRN11745,Vande Bharat
TRN11764,Vande Bharat TRN11764,Vande Bharat
TRN14613,Vande Bharat TRN14613,Vande Bharat
TRN13266,Rajdhani TRN13266,Rajdhani
TRN12123,Passenger TRN12123,Passenger
TRN13876,Express TRN13876,Express
TRN13905,Vande Bharat TRN13905,Vande Bharat
TRN13914,Vande Bharat TRN13914,Vande Bharat
TRN11364,Passenger TRN11364,Passenger
TRN12722,Superfast TRN12722,Superfast
TRN12940,Shatabdi TRN12940,Shatabdi
TRN11716,Vande Bharat TRN11716,Vande Bharat
TRN12381,Rajdhani TRN12381,Rajdhani
TRN12772,Passenger TRN12772,Passenger
TRN14920,Express TRN14920,Express
TRN13779,Express TRN13779,Express
TRN10170,Rajdhani TRN10170,Rajdhani
TRN13091,Rajdhani TRN13091,Rajdhani
TRN11002,Rajdhani TRN11002,Rajdhani
TRN10993,Passenger TRN10993,Passenger
TRN13235,Superfast TRN13235,Superfast
TRN12955,Vande Bharat TRN12955,Vande Bharat
TRN11424,Rajdhani TRN11424,Rajdhani
TRN10123,Vande Bharat TRN10123,Vande Bharat
TRN13108,Superfast TRN13108,Superfast
TRN13426,Rajdhani TRN13426,Rajdhani
TRN13915,Passenger TRN13915,Passenger
TRN14790,Express TRN14790,Express
TRN11207,Vande Bharat TRN11207,Vande Bharat
TRN14330,Vande Bharat TRN14330,Vande Bharat
TRN11982,Passenger TRN11982,Passenger
TRN13332,Passenger TRN13332,Passenger
TRN11847,Superfast TRN11847,Superfast
TRN12674,Superfast TRN12674,Superfast
TRN12891,Rajdhani TRN12891,Rajdhani
TRN13164,Express TRN13164,Express
TRN12570,Vande Bharat TRN12570,Vande Bharat
TRN12764,Shatabdi TRN12764,Shatabdi
TRN10951,Express TRN10951,Express
TRN14451,Express TRN14451,Express
TRN10119,Vande Bharat TRN10119,Vande Bharat
TRN11777,Rajdhani TRN11777,Rajdhani
TRN12726,Shatabdi TRN12726,Shatabdi
TRN12182,Vande Bharat TRN12182,Vande Bharat
TRN10774,Rajdhani TRN10774,Rajdhani
TRN10722,Vande Bharat TRN10722,Vande Bharat
TRN10446,Shatabdi TRN10446,Shatabdi
TRN11271,Superfast TRN11271,Superfast
TRN11534,Express TRN11534,Express
TRN10670,Vande Bharat TRN10670,Vande Bharat
TRN14849,Shatabdi TRN14849,Shatabdi
TRN10478,Shatabdi TRN10478,Shatabdi
TRN10812,Superfast TRN10812,Superfast
TRN11714,Rajdhani TRN11714,Rajdhani
TRN11433,Shatabdi TRN11433,Shatabdi
TRN13569,Superfast TRN13569,Superfast
TRN10671,Superfast TRN10671,Superfast
TRN14587,Shatabdi TRN14587,Shatabdi
TRN12140,Superfast TRN12140,Superfast
TRN14893,Vande Bharat TRN14893,Vande Bharat
TRN13298,Shatabdi TRN13298,Shatabdi
TRN11260,Rajdhani TRN11260,Rajdhani
TRN13374,Shatabdi TRN13374,Shatabdi
TRN13566,Passenger TRN13566,Passenger
TRN13754,Passenger TRN13754,Passenger
TRN13782,Passenger TRN13782,Passenger
TRN10378,Shatabdi TRN10378,Shatabdi
TRN14305,Rajdhani TRN14305,Rajdhani
TRN14065,Express TRN14065,Express
TRN14692,Superfast TRN14692,Superfast
TRN10978,Rajdhani TRN10978,Rajdhani
TRN13674,Express TRN13674,Express
TRN13978,Passenger TRN13978,Passenger
TRN11779,Express TRN11779,Express
TRN10345,Passenger TRN10345,Passenger
TRN10161,Passenger TRN10161,Passenger
TRN14828,Passenger TRN14828,Passenger
TRN12175,Rajdhani TRN12175,Rajdhani
TRN10870,Express TRN10870,Express
TRN14711,Passenger TRN14711,Passenger
TRN12766,Express TRN12766,Express
TRN10534,Vande Bharat TRN10534,Vande Bharat
TRN11931,Superfast TRN11931,Superfast
TRN13904,Superfast TRN13904,Superfast
TRN12624,Passenger TRN12624,Passenger
TRN12980,Passenger TRN12980,Passenger
TRN13833,Shatabdi TRN13833,Shatabdi
TRN12935,Vande Bharat TRN12935,Vande Bharat
TRN14539,Passenger TRN14539,Passenger
TRN11750,Superfast TRN11750,Superfast
TRN11649,Passenger TRN11649,Passenger
TRN14715,Superfast TRN14715,Superfast
TRN13893,Superfast TRN13893,Superfast
TRN14754,Superfast TRN14754,Superfast
TRN12843,Superfast TRN12843,Superfast
TRN10775,Express TRN10775,Express
TRN14823,Express TRN14823,Express
TRN14203,Passenger TRN14203,Passenger
TRN11518,Express TRN11518,Express
TRN12737,Rajdhani TRN12737,Rajdhani
TRN10786,Passenger TRN10786,Passenger
TRN12097,Express TRN12097,Express
TRN14205,Rajdhani TRN14205,Rajdhani
TRN14151,Superfast TRN14151,Superfast
TRN12760,Rajdhani TRN12760,Rajdhani
TRN12935,Superfast TRN12935,Superfast
TRN12500,Rajdhani TRN12500,Rajdhani
TRN12767,Express TRN12767,Express
TRN11543,Rajdhani TRN11543,Rajdhani
TRN14483,Vande Bharat TRN14483,Vande Bharat
TRN11645,Vande Bharat TRN11645,Vande Bharat
TRN13058,Passenger TRN13058,Passenger
TRN13395,Passenger TRN13395,Passenger
TRN11609,Express TRN11609,Express
TRN11322,Express TRN11322,Express
TRN12538,Rajdhani TRN12538,Rajdhani
TRN13623,Passenger TRN13623,Passenger
TRN13924,Shatabdi TRN13924,Shatabdi
TRN11917,Superfast TRN11917,Superfast
TRN13166,Passenger TRN13166,Passenger
TRN10608,Passenger TRN10608,Passenger
TRN13956,Shatabdi TRN13956,Shatabdi
TRN12230,Vande Bharat TRN12230,Vande Bharat
TRN12410,Express TRN12410,Express
TRN12095,Rajdhani TRN12095,Rajdhani
TRN12023,Express TRN12023,Express
TRN13180,Passenger TRN13180,Passenger
TRN10352,Express TRN10352,Express
TRN12913,Express TRN12913,Express
TRN13907,Rajdhani TRN13907,Rajdhani
TRN10702,Superfast TRN10702,Superfast
TRN12640,Rajdhani TRN12640,Rajdhani
TRN11569,Express TRN11569,Express
TRN12503,Vande Bharat TRN12503,Vande Bharat
TRN12940,Passenger TRN12940,Passenger
TRN12060,Vande Bharat TRN12060,Vande Bharat
TRN13256,Express TRN13256,Express
TRN14600,Superfast TRN14600,Superfast
TRN14879,Shatabdi TRN14879,Shatabdi
TRN14274,Shatabdi TRN14274,Shatabdi
TRN14010,Passenger TRN14010,Passenger
TRN11414,Superfast TRN11414,Superfast
TRN11663,Rajdhani TRN11663,Rajdhani
TRN10185,Vande Bharat TRN10185,Vande Bharat
TRN11844,Superfast TRN11844,Superfast
TRN13016,Vande Bharat TRN13016,Vande Bharat
TRN13528,Rajdhani TRN13528,Rajdhani
TRN10636,Vande Bharat TRN10636,Vande Bharat
TRN11476,Express TRN11476,Express
TRN11025,Express TRN11025,Express
TRN13210,Express TRN13210,Express
TRN12735,Rajdhani TRN12735,Rajdhani
TRN12445,Shatabdi TRN12445,Shatabdi
TRN10445,Superfast TRN10445,Superfast
TRN10299,Vande Bharat TRN10299,Vande Bharat
TRN14236,Superfast TRN14236,Superfast
TRN14694,Passenger TRN14694,Passenger
TRN11618,Express TRN11618,Express
TRN11571,Superfast TRN11571,Superfast
TRN10402,Passenger TRN10402,Passenger
TRN10862,Passenger TRN10862,Passenger
TRN11837,Passenger TRN11837,Passenger
TRN11471,Rajdhani TRN11471,Rajdhani
TRN12710,Passenger TRN12710,Passenger
TRN14579,Vande Bharat TRN14579,Vande Bharat
TRN14797,Superfast TRN14797,Superfast
TRN13487,Vande Bharat TRN13487,Vande Bharat
TRN14113,Express TRN14113,Express
TRN13633,Express TRN13633,Express
TRN12034,Express TRN12034,Express
TRN11388,Passenger TRN11388,Passenger
TRN10495,Passenger TRN10495,Passenger
TRN13238,Superfast TRN13238,Superfast
TRN11010,Rajdhani TRN11010,Rajdhani
TRN10097,Passenger TRN10097,Passenger
TRN14892,Passenger TRN14892,Passenger
TRN13452,Passenger TRN13452,Passenger
TRN11792,Rajdhani TRN11792,Rajdhani
TRN13089,Shatabdi TRN13089,Shatabdi
TRN14911,Passenger TRN14911,Passenger
TRN10869,Superfast TRN10869,Superfast
TRN12950,Superfast TRN12950,Superfast
TRN13732,Rajdhani TRN13732,Rajdhani
TRN12440,Superfast TRN12440,Superfast
TRN12867,Express TRN12867,Express
TRN12482,Express TRN12482,Express
TRN13041,Vande Bharat TRN13041,Vande Bharat
TRN13331,Express TRN13331,Express
TRN14755,Passenger TRN14755,Passenger
TRN14697,Vande Bharat TRN14697,Vande Bharat
TRN13308,Passenger TRN13308,Passenger
TRN10093,Vande Bharat TRN10093,Vande Bharat
TRN13755,Express TRN13755,Express
TRN11966,Passenger TRN11966,Passenger
TRN11898,Passenger TRN11898,Passenger
TRN12662,Passenger TRN12662,Passenger
TRN10179,Superfast TRN10179,Superfast
TRN10082,Rajdhani TRN10082,Rajdhani
TRN14628,Passenger TRN14628,Passenger
TRN12247,Passenger TRN12247,Passenger
TRN13602,Superfast TRN13602,Superfast
TRN10275,Shatabdi TRN10275,Shatabdi
TRN14990,Superfast TRN14990,Superfast
TRN13553,Rajdhani TRN13553,Rajdhani
TRN14209,Superfast TRN14209,Superfast
TRN13695,Superfast TRN13695,Superfast
TRN13308,Express TRN13308,Express
TRN11650,Express TRN11650,Express
TRN10168,Vande Bharat TRN10168,Vande Bharat
TRN10280,Shatabdi TRN10280,Shatabdi
TRN13150,Vande Bharat TRN13150,Vande Bharat
TRN13290,Superfast TRN13290,Superfast
TRN12973,Superfast TRN12973,Superfast
TRN12437,Superfast TRN12437,Superfast
TRN12914,Vande Bharat TRN12914,Vande Bharat
TRN13046,Shatabdi TRN13046,Shatabdi
TRN12306,Rajdhani TRN12306,Rajdhani
TRN14269,Superfast TRN14269,Superfast
TRN10103,Rajdhani TRN10103,Rajdhani
TRN12767,Rajdhani TRN12767,Rajdhani
TRN12279,Express TRN12279,Express
TRN10863,Express TRN10863,Express
TRN12838,Shatabdi TRN12838,Shatabdi
TRN12013,Rajdhani TRN12013,Rajdhani
TRN14355,Rajdhani TRN14355,Rajdhani
TRN14948,Superfast TRN14948,Superfast
TRN12182,Passenger TRN12182,Passenger
TRN14456,Express TRN14456,Express
TRN12090,Passenger TRN12090,Passenger
TRN11662,Vande Bharat TRN11662,Vande Bharat
TRN11705,Passenger TRN11705,Passenger
TRN10709,Express TRN10709,Express
TRN11980,Passenger TRN11980,Passenger
TRN10149,Shatabdi TRN10149,Shatabdi
TRN10475,Passenger TRN10475,Passenger
TRN12746,Superfast TRN12746,Superfast
TRN11060,Rajdhani TRN11060,Rajdhani
TRN12142,Rajdhani TRN12142,Rajdhani
TRN14742,Rajdhani TRN14742,Rajdhani
TRN13064,Vande Bharat TRN13064,Vande Bharat
TRN10889,Superfast TRN10889,Superfast
TRN11657,Express TRN11657,Express
TRN14437,Superfast TRN14437,Superfast
TRN13970,Vande Bharat TRN13970,Vande Bharat
TRN10708,Express TRN10708,Express
TRN14319,Rajdhani TRN14319,Rajdhani
TRN13493,Express TRN13493,Express
TRN10790,Passenger TRN10790,Passenger
TRN11179,Superfast TRN11179,Superfast
TRN10944,Vande Bharat TRN10944,Vande Bharat
TRN13951,Express TRN13951,Express
TRN12164,Superfast TRN12164,Superfast
TRN13480,Superfast TRN13480,Superfast
TRN14631,Express TRN14631,Express
TRN14365,Passenger TRN14365,Passenger
TRN11558,Superfast TRN11558,Superfast
TRN10881,Shatabdi TRN10881,Shatabdi
TRN12095,Shatabdi TRN12095,Shatabdi
TRN11611,Superfast TRN11611,Superfast
TRN13892,Superfast TRN13892,Superfast
TRN11261,Superfast TRN11261,Superfast
TRN10333,Superfast TRN10333,Superfast
TRN12876,Passenger TRN12876,Passenger
TRN14897,Passenger TRN14897,Passenger
TRN12578,Passenger TRN12578,Passenger
TRN11331,Passenger TRN11331,Passenger
TRN11164,Vande Bharat TRN11164,Vande Bharat
TRN12814,Express TRN12814,Express
TRN12889,Superfast TRN12889,Superfast
TRN11275,Superfast TRN11275,Superfast
TRN14424,Vande Bharat TRN14424,Vande Bharat
TRN14523,Shatabdi TRN14523,Shatabdi
TRN10095,Express TRN10095,Express
TRN11471,Superfast TRN11471,Superfast
TRN10844,Superfast TRN10844,Superfast
TRN10329,Passenger TRN10329,Passenger
TRN11754,Vande Bharat TRN11754,Vande Bharat
TRN11431,Rajdhani TRN11431,Rajdhani
TRN10835,Superfast TRN10835,Superfast
TRN13228,Rajdhani TRN13228,Rajdhani
TRN12560,Superfast TRN12560,Superfast
TRN11301,Shatabdi TRN11301,Shatabdi
TRN10190,Vande Bharat TRN10190,Vande Bharat
TRN11638,Passenger TRN11638,Passenger
TRN10012,Superfast TRN10012,Superfast
TRN13761,Express TRN13761,Express
TRN11808,Passenger TRN11808,Passenger
TRN11528,Express TRN11528,Express
TRN12563,Passenger TRN12563,Passenger
TRN13062,Express TRN13062,Express
TRN12469,Rajdhani TRN12469,Rajdhani
TRN14712,Superfast TRN14712,Superfast
TRN10763,Passenger TRN10763,Passenger
TRN10139,Rajdhani TRN10139,Rajdhani
TRN14537,Passenger TRN14537,Passenger
TRN10645,Vande Bharat TRN10645,Vande Bharat
TRN12199,Express TRN12199,Express
TRN13965,Passenger TRN13965,Passenger
TRN13967,Rajdhani TRN13967,Rajdhani
TRN14844,Shatabdi TRN14844,Shatabdi
TRN13821,Passenger TRN13821,Passenger
TRN11258,Vande Bharat TRN11258,Vande Bharat
TRN12170,Passenger TRN12170,Passenger
TRN14561,Vande Bharat TRN14561,Vande Bharat
TRN12986,Passenger TRN12986,Passenger
TRN13250,Vande Bharat TRN13250,Vande Bharat
TRN12304,Express TRN12304,Express
TRN10798,Rajdhani TRN10798,Rajdhani
TRN13983,Shatabdi TRN13983,Shatabdi
TRN13114,Rajdhani TRN13114,Rajdhani
TRN10660,Vande Bharat TRN10660,Vande Bharat
TRN10586,Rajdhani TRN10586,Rajdhani
TRN11900,Shatabdi TRN11900,Shatabdi
TRN14926,Vande Bharat TRN14926,Vande Bharat
TRN12777,Superfast TRN12777,Superfast
TRN11319,Rajdhani TRN11319,Rajdhani
TRN10818,Shatabdi TRN10818,Shatabdi
TRN14324,Passenger TRN14324,Passenger
TRN11131,Superfast TRN11131,Superfast
TRN11525,Passenger TRN11525,Passenger
TRN14813,Express TRN14813,Express
TRN13031,Passenger TRN13031,Passenger
TRN12403,Superfast TRN12403,Superfast
TRN11191,Rajdhani TRN11191,Rajdhani
TRN12328,Superfast TRN12328,Superfast
TRN10146,Superfast TRN10146,Superfast
TRN11380,Express TRN11380,Express
TRN11115,Express TRN11115,Express
TRN14738,Express TRN14738,Express
TRN12110,Express TRN12110,Express
TRN12444,Vande Bharat TRN12444,Vande Bharat
TRN14252,Shatabdi TRN14252,Shatabdi
TRN12892,Superfast TRN12892,Superfast
TRN14706,Superfast TRN14706,Superfast
TRN10296,Passenger TRN10296,Passenger
TRN13630,Superfast TRN13630,Superfast
TRN10485,Rajdhani TRN10485,Rajdhani
TRN11624,Superfast TRN11624,Superfast
TRN11730,Express TRN11730,Express
TRN14112,Superfast TRN14112,Superfast
TRN12207,Express TRN12207,Express
TRN10389,Shatabdi TRN10389,Shatabdi
TRN12397,Superfast TRN12397,Superfast
TRN12064,Express TRN12064,Express
TRN13706,Superfast TRN13706,Superfast
TRN10854,Rajdhani TRN10854,Rajdhani
TRN10929,Passenger TRN10929,Passenger
TRN12230,Superfast TRN12230,Superfast
TRN14753,Rajdhani TRN14753,Rajdhani
TRN11221,Express TRN11221,Express
TRN14524,Shatabdi TRN14524,Shatabdi
TRN14372,Shatabdi TRN14372,Shatabdi
TRN10317,Shatabdi TRN10317,Shatabdi
TRN13060,Passenger TRN13060,Passenger
TRN14725,Passenger TRN14725,Passenger
TRN12217,Superfast TRN12217,Superfast
TRN11345,Passenger TRN11345,Passenger
TRN14868,Passenger TRN14868,Passenger
TRN12740,Superfast TRN12740,Superfast
TRN13464,Passenger TRN13464,Passenger
TRN11122,Rajdhani TRN11122,Rajdhani
TRN13137,Express TRN13137,Express
TRN12646,Vande Bharat TRN12646,Vande Bharat
TRN13037,Express TRN13037,Express
TRN10197,Vande Bharat TRN10197,Vande Bharat
TRN14463,Passenger TRN14463,Passenger
TRN14860,Passenger TRN14860,Passenger
TRN10564,Passenger TRN10564,Passenger
TRN10287,Rajdhani TRN10287,Rajdhani
TRN13713,Rajdhani TRN13713,Rajdhani
TRN12001,Passenger TRN12001,Passenger
TRN14879,Rajdhani TRN14879,Rajdhani
TRN14935,Superfast TRN14935,Superfast
TRN10329,Rajdhani TRN10329,Rajdhani
TRN12345,Express TRN12345,Express
TRN11192,Shatabdi TRN11192,Shatabdi
TRN13597,Express TRN13597,Express
TRN10873,Shatabdi TRN10873,Shatabdi
TRN12768,Express TRN12768,Express
TRN10637,Rajdhani TRN10637,Rajdhani
TRN13172,Rajdhani TRN13172,Rajdhani
TRN12514,Superfast TRN12514,Superfast
TRN13033,Vande Bharat TRN13033,Vande Bharat
TRN13775,Rajdhani TRN13775,Rajdhani
TRN11067,Passenger TRN11067,Passenger
TRN13349,Superfast TRN13349,Superfast
TRN13566,Vande Bharat TRN13566,Vande Bharat
TRN12123,Vande Bharat TRN12123,Vande Bharat
TRN12200,Express TRN12200,Express
TRN14762,Superfast TRN14762,Superfast
TRN10815,Express TRN10815,Express
TRN13978,Superfast TRN13978,Superfast
TRN12873,Vande Bharat TRN12873,Vande Bharat
TRN10601,Superfast TRN10601,Superfast
TRN10866,Vande Bharat TRN10866,Vande Bharat
TRN14433,Express TRN14433,Express
TRN10726,Express TRN10726,Express
TRN11630,Vande Bharat TRN11630,Vande Bharat
TRN13950,Shatabdi TRN13950,Shatabdi
TRN11749,Passenger TRN11749,Passenger
TRN14195,Superfast TRN14195,Superfast
TRN14761,Superfast TRN14761,Superfast
TRN11428,Superfast TRN11428,Superfast
TRN10529,Express TRN10529,Express
TRN10337,Express TRN10337,Express
TRN12275,Shatabdi TRN12275,Shatabdi
TRN14643,Express TRN14643,Express
TRN13124,Passenger TRN13124,Passenger
TRN12987,Passenger TRN12987,Passenger
TRN10342,Vande Bharat TRN10342,Vande Bharat
TRN10690,Superfast TRN10690,Superfast
TRN10807,Superfast TRN10807,Superfast
TRN11105,Express TRN11105,Express
TRN11490,Vande Bharat TRN11490,Vande Bharat
TRN13341,Passenger TRN13341,Passenger
TRN11724,Passenger TRN11724,Passenger
TRN12418,Superfast TRN12418,Superfast
TRN13298,Express TRN13298,Express
TRN13740,Passenger TRN13740,Passenger
TRN13778,Superfast TRN13778,Superfast
TRN13082,Superfast TRN13082,Superfast
TRN12828,Superfast TRN12828,Superfast
TRN13853,Passenger TRN13853,Passenger
TRN14667,Vande Bharat TRN14667,Vande Bharat
TRN13648,Superfast TRN13648,Superfast
TRN14721,Rajdhani TRN14721,Rajdhani
TRN13685,Shatabdi TRN13685,Shatabdi
TRN14026,Passenger TRN14026,Passenger
TRN14615,Rajdhani TRN14615,Rajdhani
TRN10949,Express TRN10949,Express
TRN14053,Passenger TRN14053,Passenger
TRN10063,Passenger TRN10063,Passenger
TRN14028,Express TRN14028,Express
TRN14103,Passenger TRN14103,Passenger
TRN14938,Rajdhani TRN14938,Rajdhani
TRN10020,Express TRN10020,Express
TRN12252,Shatabdi TRN12252,Shatabdi
TRN14726,Passenger TRN14726,Passenger
TRN13156,Express TRN13156,Express
TRN13927,Superfast TRN13927,Superfast
TRN14438,Express TRN14438,Express
TRN12920,Superfast TRN12920,Superfast
TRN12977,Shatabdi TRN12977,Shatabdi
TRN11085,Passenger TRN11085,Passenger
TRN10894,Superfast TRN10894,Superfast
TRN12894,Express TRN12894,Express
TRN10151,Superfast TRN10151,Superfast
TRN14814,Shatabdi TRN14814,Shatabdi
TRN13001,Express TRN13001,Express
TRN11773,Superfast TRN11773,Superfast
TRN11813,Superfast TRN11813,Superfast
TRN13716,Passenger TRN13716,Passenger
TRN12617,Shatabdi TRN12617,Shatabdi
TRN13989,Shatabdi TRN13989,Shatabdi
TRN10204,Superfast TRN10204,Superfast
TRN12980,Vande Bharat TRN12980,Vande Bharat
TRN11501,Vande Bharat TRN11501,Vande Bharat
TRN10175,Rajdhani TRN10175,Rajdhani
TRN10195,Passenger TRN10195,Passenger
TRN13492,Shatabdi TRN13492,Shatabdi
TRN13185,Superfast TRN13185,Superfast
TRN12459,Passenger TRN12459,Passenger
TRN12579,Rajdhani TRN12579,Rajdhani
TRN13269,Rajdhani TRN13269,Rajdhani
TRN12186,Vande Bharat TRN12186,Vande Bharat
TRN10314,Rajdhani TRN10314,Rajdhani
TRN13616,Passenger TRN13616,Passenger
TRN12108,Superfast TRN12108,Superfast
TRN12153,Superfast TRN12153,Superfast
TRN14926,Shatabdi TRN14926,Shatabdi
TRN11500,Shatabdi TRN11500,Shatabdi
TRN14638,Passenger TRN14638,Passenger
TRN11815,Superfast TRN11815,Superfast
TRN12907,Vande Bharat TRN12907,Vande Bharat
TRN10208,Shatabdi TRN10208,Shatabdi
TRN14876,Superfast TRN14876,Superfast
TRN12280,Vande Bharat TRN12280,Vande Bharat
TRN10211,Express TRN10211,Express
TRN11774,Superfast TRN11774,Superfast
TRN12969,Passenger TRN12969,Passenger
TRN12947,Shatabdi TRN12947,Shatabdi
TRN12542,Vande Bharat TRN12542,Vande Bharat
TRN12193,Passenger TRN12193,Passenger
TRN13877,Rajdhani TRN13877,Rajdhani
TRN13124,Vande Bharat TRN13124,Vande Bharat
TRN14085,Passenger TRN14085,Passenger
TRN10790,Superfast TRN10790,Superfast
TRN13646,Passenger TRN13646,Passenger
TRN12973,Vande Bharat TRN12973,Vande Bharat
TRN11910,Passenger TRN11910,Passenger
TRN11964,Passenger TRN11964,Passenger
TRN14554,Passenger TRN14554,Passenger
TRN14277,Shatabdi TRN14277,Shatabdi
TRN12177,Vande Bharat TRN12177,Vande Bharat
TRN10709,Vande Bharat TRN10709,Vande Bharat
TRN13237,Passenger TRN13237,Passenger
TRN12428,Passenger TRN12428,Passenger
TRN12687,Shatabdi TRN12687,Shatabdi
TRN10806,Rajdhani TRN10806,Rajdhani
TRN11811,Superfast TRN11811,Superfast
TRN14067,Rajdhani TRN14067,Rajdhani
TRN12046,Express TRN12046,Express
TRN10250,Superfast TRN10250,Superfast
TRN13967,Superfast TRN13967,Superfast
TRN12454,Vande Bharat TRN12454,Vande Bharat
TRN11380,Passenger TRN11380,Passenger
TRN12205,Superfast TRN12205,Superfast
TRN11214,Passenger TRN11214,Passenger
TRN14024,Passenger TRN14024,Passenger
TRN11747,Passenger TRN11747,Passenger
TRN11820,Vande Bharat TRN11820,Vande Bharat
TRN10315,Superfast TRN10315,Superfast
TRN11920,Superfast TRN11920,Superfast
TRN14912,Passenger TRN14912,Passenger
TRN12313,Passenger TRN12313,Passenger
TRN12476,Rajdhani TRN12476,Rajdhani
TRN13680,Vande Bharat TRN13680,Vande Bharat
TRN13773,Superfast TRN13773,Superfast
TRN11429,Passenger TRN11429,Passenger
TRN13400,Passenger TRN13400,Passenger
TRN13745,Vande Bharat TRN13745,Vande Bharat
TRN10703,Express TRN10703,Express
TRN13271,Passenger TRN13271,Passenger
TRN14996,Rajdhani TRN14996,Rajdhani
TRN14147,Rajdhani TRN14147,Rajdhani
TRN10253,Express TRN10253,Express
TRN13289,Shatabdi TRN13289,Shatabdi
TRN10382,Passenger TRN10382,Passenger
TRN14569,Passenger TRN14569,Passenger
TRN10335,Vande Bharat TRN10335,Vande Bharat
TRN14899,Passenger TRN14899,Passenger
TRN12588,Express TRN12588,Express
TRN13540,Shatabdi TRN13540,Shatabdi
TRN11270,Passenger TRN11270,Passenger
TRN10014,Shatabdi TRN10014,Shatabdi
TRN13103,Express TRN13103,Express
TRN12318,Express TRN12318,Express
TRN11915,Shatabdi TRN11915,Shatabdi
TRN11305,Superfast TRN11305,Superfast
TRN10993,Express TRN10993,Express
TRN14815,Rajdhani TRN14815,Rajdhani
TRN10910,Express TRN10910,Express
TRN12686,Passenger TRN12686,Passenger
TRN13703,Passenger TRN13703,Passenger
TRN13704,Vande Bharat TRN13704,Vande Bharat
TRN14722,Shatabdi TRN14722,Shatabdi
TRN13797,Express TRN13797,Express
TRN12502,Superfast TRN12502,Superfast
TRN13802,Rajdhani TRN13802,Rajdhani
TRN10727,Passenger TRN10727,Passenger
TRN10709,Passenger TRN10709,Passenger
TRN10677,Vande Bharat TRN10677,Vande Bharat
TRN12498,Superfast TRN12498,Superfast
TRN11441,Express TRN11441,Express
TRN14787,Rajdhani TRN14787,Rajdhani
TRN11860,Shatabdi TRN11860,Shatabdi
TRN13864,Express TRN13864,Express
TRN13025,Vande Bharat TRN13025,Vande Bharat
TRN11569,Shatabdi TRN11569,Shatabdi
TRN11378,Passenger TRN11378,Passenger
TRN12033,Superfast TRN12033,Superfast
TRN10675,Express TRN10675,Express
TRN13403,Rajdhani TRN13403,Rajdhani
TRN11926,Rajdhani TRN11926,Rajdhani
TRN10589,Vande Bharat TRN10589,Vande Bharat
TRN14201,Express TRN14201,Express
TRN13787,Express TRN13787,Express
TRN14092,Vande Bharat TRN14092,Vande Bharat
TRN14470,Express TRN14470,Express
TRN14826,Passenger TRN14826,Passenger
TRN11200,Express TRN11200,Express
TRN10361,Shatabdi TRN10361,Shatabdi
TRN10761,Rajdhani TRN10761,Rajdhani
TRN10701,Express TRN10701,Express
TRN12550,Passenger TRN12550,Passenger
TRN14242,Passenger TRN14242,Passenger
TRN10143,Superfast TRN10143,Superfast
TRN13167,Rajdhani TRN13167,Rajdhani
TRN14958,Superfast TRN14958,Superfast
TRN12299,Superfast TRN12299,Superfast
TRN10340,Superfast TRN10340,Superfast
TRN10054,Superfast TRN10054,Superfast
TRN12937,Passenger TRN12937,Passenger
TRN12451,Rajdhani TRN12451,Rajdhani
TRN13081,Express TRN13081,Express
TRN11253,Passenger TRN11253,Passenger
TRN12332,Shatabdi TRN12332,Shatabdi
TRN10155,Rajdhani TRN10155,Rajdhani
TRN14153,Superfast TRN14153,Superfast
TRN11693,Vande Bharat TRN11693,Vande Bharat
TRN10826,Vande Bharat TRN10826,Vande Bharat
TRN10936,Vande Bharat TRN10936,Vande Bharat
TRN12882,Shatabdi TRN12882,Shatabdi
TRN11644,Superfast TRN11644,Superfast
TRN13422,Express TRN13422,Express
TRN10623,Express TRN10623,Express
TRN11835,Rajdhani TRN11835,Rajdhani
TRN10014,Vande Bharat TRN10014,Vande Bharat
TRN14049,Rajdhani TRN14049,Rajdhani
TRN12382,Shatabdi TRN12382,Shatabdi
TRN14138,Rajdhani TRN14138,Rajdhani
TRN10758,Express TRN10758,Express
TRN13851,Passenger TRN13851,Passenger
TRN13633,Passenger TRN13633,Passenger
TRN12754,Passenger TRN12754,Passenger
TRN11853,Shatabdi TRN11853,Shatabdi
TRN12827,Passenger TRN12827,Passenger
TRN11630,Passenger TRN11630,Passenger
TRN12534,Superfast TRN12534,Superfast
TRN13097,Vande Bharat TRN13097,Vande Bharat
TRN10401,Passenger TRN10401,Passenger
TRN12209,Passenger TRN12209,Passenger
TRN10477,Superfast TRN10477,Superfast
TRN12779,Vande Bharat TRN12779,Vande Bharat
TRN10047,Superfast TRN10047,Superfast
TRN11060,Superfast TRN11060,Superfast
TRN13607,Rajdhani TRN13607,Rajdhani
TRN12822,Passenger TRN12822,Passenger
TRN11447,Vande Bharat TRN11447,Vande Bharat
TRN12080,Vande Bharat TRN12080,Vande Bharat
TRN14176,Vande Bharat TRN14176,Vande Bharat
TRN13089,Superfast TRN13089,Superfast
TRN11102,Shatabdi TRN11102,Shatabdi
TRN11925,Express TRN11925,Express
TRN14525,Vande Bharat TRN14525,Vande Bharat
TRN14246,Express TRN14246,Express
TRN13929,Express TRN13929,Express
TRN11217,Superfast TRN11217,Superfast
TRN12377,Passenger TRN12377,Passenger
TRN13424,Express TRN13424,Express
TRN11442,Passenger TRN11442,Passenger
TRN12491,Vande Bharat TRN12491,Vande Bharat
TRN11746,Superfast TRN11746,Superfast
TRN11010,Shatabdi TRN11010,Shatabdi
TRN14044,Passenger TRN14044,Passenger
TRN12586,Superfast TRN12586,Superfast
TRN11483,Vande Bharat TRN11483,Vande Bharat
TRN10531,Express TRN10531,Express
TRN12457,Vande Bharat TRN12457,Vande Bharat
TRN14854,Vande Bharat TRN14854,Vande Bharat
TRN14749,Passenger TRN14749,Passenger
TRN13984,Rajdhani TRN13984,Rajdhani
TRN11180,Superfast TRN11180,Superfast
TRN10626,Express TRN10626,Express
TRN12721,Passenger TRN12721,Passenger
TRN13288,Shatabdi TRN13288,Shatabdi
TRN13152,Superfast TRN13152,Superfast
TRN11930,Vande Bharat TRN11930,Vande Bharat
TRN13412,Superfast TRN13412,Superfast
TRN10960,Rajdhani TRN10960,Rajdhani
TRN14012,Passenger TRN14012,Passenger
TRN14814,Superfast TRN14814,Superfast
TRN10748,Superfast TRN10748,Superfast
TRN10667,Vande Bharat TRN10667,Vande Bharat
TRN14929,Vande Bharat TRN14929,Vande Bharat
TRN14706,Rajdhani TRN14706,Rajdhani
TRN13375,Passenger TRN13375,Passenger
TRN12858,Passenger TRN12858,Passenger
TRN11920,Vande Bharat TRN11920,Vande Bharat
TRN13500,Shatabdi TRN13500,Shatabdi
TRN14923,Passenger TRN14923,Passenger
TRN13219,Vande Bharat TRN13219,Vande Bharat
TRN10164,Express TRN10164,Express
TRN14012,Express TRN14012,Express
TRN14103,Rajdhani TRN14103,Rajdhani
TRN12265,Rajdhani TRN12265,Rajdhani
TRN14376,Shatabdi TRN14376,Shatabdi
TRN10381,Vande Bharat TRN10381,Vande Bharat
TRN14365,Superfast TRN14365,Superfast
TRN11487,Rajdhani TRN11487,Rajdhani
TRN10774,Superfast TRN10774,Superfast
TRN14026,Superfast TRN14026,Superfast
TRN12644,Passenger TRN12644,Passenger
TRN12417,Passenger TRN12417,Passenger
TRN11079,Superfast TRN11079,Superfast
TRN10343,Rajdhani TRN10343,Rajdhani
TRN11986,Rajdhani TRN11986,Rajdhani
TRN13639,Vande Bharat TRN13639,Vande Bharat
TRN13723,Rajdhani TRN13723,Rajdhani
TRN11294,Rajdhani TRN11294,Rajdhani
TRN10054,Rajdhani TRN10054,Rajdhani
TRN14140,Passenger TRN14140,Passenger
TRN10902,Shatabdi TRN10902,Shatabdi
TRN13527,Passenger TRN13527,Passenger
TRN14668,Rajdhani TRN14668,Rajdhani
TRN10434,Superfast TRN10434,Superfast
TRN12959,Express TRN12959,Express
TRN13664,Rajdhani TRN13664,Rajdhani
TRN13051,Rajdhani TRN13051,Rajdhani
TRN13947,Express TRN13947,Express
TRN12701,Vande Bharat TRN12701,Vande Bharat
TRN13107,Express TRN13107,Express
TRN11116,Express TRN11116,Express
TRN14039,Express TRN14039,Express
TRN11140,Superfast TRN11140,Superfast
TRN13455,Express TRN13455,Express
TRN12803,Superfast TRN12803,Superfast
TRN13261,Passenger TRN13261,Passenger
TRN13474,Vande Bharat TRN13474,Vande Bharat
TRN13125,Rajdhani TRN13125,Rajdhani
TRN11712,Rajdhani TRN11712,Rajdhani
TRN11056,Passenger TRN11056,Passenger
TRN10720,Passenger TRN10720,Passenger
TRN11802,Express TRN11802,Express
TRN14042,Superfast TRN14042,Superfast
TRN14590,Vande Bharat TRN14590,Vande Bharat
TRN14235,Rajdhani TRN14235,Rajdhani
TRN14625,Rajdhani TRN14625,Rajdhani
TRN10706,Passenger TRN10706,Passenger
TRN10101,Express TRN10101,Express
TRN14689,Rajdhani TRN14689,Rajdhani
TRN12981,Passenger TRN12981,Passenger
TRN10042,Rajdhani TRN10042,Rajdhani
TRN10577,Passenger TRN10577,Passenger
TRN14161,Superfast TRN14161,Superfast
TRN11549,Passenger TRN11549,Passenger
TRN10939,Superfast TRN10939,Superfast
TRN10829,Superfast TRN10829,Superfast
TRN11685,Rajdhani TRN11685,Rajdhani
TRN11719,Passenger TRN11719,Passenger
TRN14633,Express TRN14633,Express
TRN11473,Shatabdi TRN11473,Shatabdi
TRN14201,Vande Bharat TRN14201,Vande Bharat
TRN11436,Passenger TRN11436,Passenger
TRN10550,Rajdhani TRN10550,Rajdhani
TRN14691,Rajdhani TRN14691,Rajdhani
TRN11343,Shatabdi TRN11343,Shatabdi
TRN13309,Express TRN13309,Express
TRN12927,Rajdhani TRN12927,Rajdhani
TRN10896,Rajdhani TRN10896,Rajdhani
TRN10416,Express TRN10416,Express
TRN14780,Vande Bharat TRN14780,Vande Bharat
TRN10644,Shatabdi TRN10644,Shatabdi
TRN11092,Shatabdi TRN11092,Shatabdi
TRN11628,Express TRN11628,Express
TRN13781,Superfast TRN13781,Superfast
TRN11676,Express TRN11676,Express
TRN13777,Passenger TRN13777,Passenger
TRN10821,Rajdhani TRN10821,Rajdhani
TRN14448,Superfast TRN14448,Superfast
TRN13299,Rajdhani TRN13299,Rajdhani
TRN12556,Passenger TRN12556,Passenger
TRN14213,Vande Bharat TRN14213,Vande Bharat
TRN12162,Passenger TRN12162,Passenger
TRN11273,Shatabdi TRN11273,Shatabdi
TRN12813,Vande Bharat TRN12813,Vande Bharat
TRN13140,Rajdhani TRN13140,Rajdhani
TRN14075,Rajdhani TRN14075,Rajdhani
TRN12919,Passenger TRN12919,Passenger
TRN12960,Passenger TRN12960,Passenger
TRN12551,Express TRN12551,Express
TRN10065,Superfast TRN10065,Superfast
TRN11819,Shatabdi TRN11819,Shatabdi
TRN10802,Rajdhani TRN10802,Rajdhani
TRN11593,Shatabdi TRN11593,Shatabdi
TRN12368,Express TRN12368,Express
TRN11724,Shatabdi TRN11724,Shatabdi
TRN12152,Rajdhani TRN12152,Rajdhani
TRN13682,Rajdhani TRN13682,Rajdhani
TRN10303,Rajdhani TRN10303,Rajdhani
TRN13583,Rajdhani TRN13583,Rajdhani
TRN11777,Shatabdi TRN11777,Shatabdi
TRN11090,Express TRN11090,Express
TRN10961,Shatabdi TRN10961,Shatabdi
TRN13489,Rajdhani TRN13489,Rajdhani
TRN10486,Rajdhani TRN10486,Rajdhani
TRN11398,Rajdhani TRN11398,Rajdhani
TRN14512,Superfast TRN14512,Superfast
TRN12502,Passenger TRN12502,Passenger
TRN14957,Passenger TRN14957,Passenger
TRN14651,Shatabdi TRN14651,Shatabdi
TRN12557,Passenger TRN12557,Passenger
TRN11684,Rajdhani TRN11684,Rajdhani
TRN13599,Passenger TRN13599,Passenger
TRN12577,Vande Bharat TRN12577,Vande Bharat
TRN14410,Passenger TRN14410,Passenger
TRN11648,Shatabdi TRN11648,Shatabdi
TRN12614,Rajdhani TRN12614,Rajdhani
TRN10690,Passenger TRN10690,Passenger
TRN10924,Passenger TRN10924,Passenger
TRN14531,Superfast TRN14531,Superfast
TRN12155,Passenger TRN12155,Passenger
TRN10737,Passenger TRN10737,Passenger
TRN14550,Superfast TRN14550,Superfast
TRN13473,Superfast TRN13473,Superfast
TRN10277,Superfast TRN10277,Superfast
TRN12856,Express TRN12856,Express
TRN11360,Express TRN11360,Express
TRN11212,Passenger TRN11212,Passenger
TRN10595,Vande Bharat TRN10595,Vande Bharat
TRN11265,Passenger TRN11265,Passenger
TRN14173,Rajdhani TRN14173,Rajdhani
TRN13654,Superfast TRN13654,Superfast
TRN11362,Rajdhani TRN11362,Rajdhani
TRN13458,Passenger TRN13458,Passenger
TRN12255,Shatabdi TRN12255,Shatabdi
TRN11729,Superfast TRN11729,Superfast
TRN13433,Passenger TRN13433,Passenger
TRN12814,Superfast TRN12814,Superfast
TRN13633,Vande Bharat TRN13633,Vande Bharat
TRN12479,Passenger TRN12479,Passenger
TRN14381,Passenger TRN14381,Passenger
TRN10532,Passenger TRN10532,Passenger
TRN13305,Shatabdi TRN13305,Shatabdi
TRN14357,Superfast TRN14357,Superfast
TRN11058,Superfast TRN11058,Superfast
TRN13313,Rajdhani TRN13313,Rajdhani
TRN11351,Shatabdi TRN11351,Shatabdi
TRN13627,Superfast TRN13627,Superfast
TRN10609,Rajdhani TRN10609,Rajdhani
TRN13291,Express TRN13291,Express
TRN13703,Superfast TRN13703,Superfast
TRN12160,Express TRN12160,Express
TRN14285,Shatabdi TRN14285,Shatabdi
TRN11936,Rajdhani TRN11936,Rajdhani
TRN10234,Passenger TRN10234,Passenger
TRN14176,Express TRN14176,Express
TRN12312,Shatabdi TRN12312,Shatabdi
TRN12702,Passenger TRN12702,Passenger
TRN11811,Express TRN11811,Express
TRN14768,Express TRN14768,Express
TRN10027,Passenger TRN10027,Passenger
TRN12483,Passenger TRN12483,Passenger
TRN11589,Shatabdi TRN11589,Shatabdi
TRN13040,Express TRN13040,Express
TRN11917,Express TRN11917,Express
TRN11602,Express TRN11602,Express
TRN11368,Passenger TRN11368,Passenger
TRN11501,Express TRN11501,Express
TRN12612,Rajdhani TRN12612,Rajdhani
TRN11790,Rajdhani TRN11790,Rajdhani
TRN11971,Passenger TRN11971,Passenger
TRN14572,Rajdhani TRN14572,Rajdhani
TRN10982,Passenger TRN10982,Passenger
TRN12101,Passenger TRN12101,Passenger
TRN11610,Superfast TRN11610,Superfast
TRN10520,Rajdhani TRN10520,Rajdhani
TRN13348,Shatabdi TRN13348,Shatabdi
TRN10953,Vande Bharat TRN10953,Vande Bharat
TRN12664,Express TRN12664,Express
TRN12049,Vande Bharat TRN12049,Vande Bharat
TRN14171,Passenger TRN14171,Passenger
TRN14721,Vande Bharat TRN14721,Vande Bharat
TRN14934,Passenger TRN14934,Passenger
TRN13585,Passenger TRN13585,Passenger
TRN11133,Vande Bharat TRN11133,Vande Bharat
TRN14940,Express TRN14940,Express
TRN11083,Passenger TRN11083,Passenger
TRN13280,Express TRN13280,Express
TRN13422,Rajdhani TRN13422,Rajdhani
TRN11844,Express TRN11844,Express
TRN11163,Superfast TRN11163,Superfast
TRN13043,Vande Bharat TRN13043,Vande Bharat
TRN10585,Express TRN10585,Express
TRN11197,Superfast TRN11197,Superfast
TRN13760,Superfast TRN13760,Superfast
TRN13443,Vande Bharat TRN13443,Vande Bharat
TRN11267,Passenger TRN11267,Passenger
TRN14784,Express TRN14784,Express
TRN11613,Shatabdi TRN11613,Shatabdi
TRN14340,Shatabdi TRN14340,Shatabdi
TRN12637,Passenger TRN12637,Passenger
TRN10079,Express TRN10079,Express
TRN12470,Vande Bharat TRN12470,Vande Bharat
TRN11386,Superfast TRN11386,Superfast
TRN14046,Vande Bharat TRN14046,Vande Bharat
TRN12492,Rajdhani TRN12492,Rajdhani
TRN14110,Express TRN14110,Express
TRN10316,Superfast TRN10316,Superfast
TRN10869,Rajdhani TRN10869,Rajdhani
TRN10170,Passenger TRN10170,Passenger
TRN13346,Passenger TRN13346,Passenger
TRN13485,Passenger TRN13485,Passenger
TRN10131,Vande Bharat TRN10131,Vande Bharat
TRN14048,Superfast TRN14048,Superfast
TRN11161,Vande Bharat TRN11161,Vande Bharat
TRN14308,Superfast TRN14308,Superfast
TRN12173,Express TRN12173,Express
TRN11052,Superfast TRN11052,Superfast
TRN10554,Superfast TRN10554,Superfast
TRN12698,Vande Bharat TRN12698,Vande Bharat
TRN11948,Shatabdi TRN11948,Shatabdi
TRN10405,Express TRN10405,Express
TRN14954,Shatabdi TRN14954,Shatabdi
TRN13454,Passenger TRN13454,Passenger
TRN12555,Superfast TRN12555,Superfast
TRN10494,Superfast TRN10494,Superfast
TRN13176,Superfast TRN13176,Superfast
TRN11459,Shatabdi TRN11459,Shatabdi
TRN11141,Vande Bharat TRN11141,Vande Bharat
TRN13226,Express TRN13226,Express
TRN13826,Rajdhani TRN13826,Rajdhani
TRN10083,Passenger TRN10083,Passenger
TRN10740,Superfast TRN10740,Superfast
TRN13310,Vande Bharat TRN13310,Vande Bharat
TRN13027,Express TRN13027,Express
TRN14986,Passenger TRN14986,Passenger
TRN12113,Rajdhani TRN12113,Rajdhani
TRN10155,Passenger TRN10155,Passenger
TRN14448,Passenger TRN14448,Passenger
TRN10095,Rajdhani TRN10095,Rajdhani
TRN10285,Rajdhani TRN10285,Rajdhani
TRN14500,Passenger TRN14500,Passenger
TRN13074,Express TRN13074,Express
TRN12104,Rajdhani TRN12104,Rajdhani
TRN10969,Passenger TRN10969,Passenger
TRN12615,Superfast TRN12615,Superfast
TRN11383,Passenger TRN11383,Passenger
TRN13232,Passenger TRN13232,Passenger
TRN10008,Shatabdi TRN10008,Shatabdi
TRN11467,Superfast TRN11467,Superfast
TRN14445,Rajdhani TRN14445,Rajdhani
TRN11548,Express TRN11548,Express
TRN12575,Express TRN12575,Express
TRN10059,Passenger TRN10059,Passenger
TRN13864,Superfast TRN13864,Superfast
TRN13059,Rajdhani TRN13059,Rajdhani
TRN13975,Shatabdi TRN13975,Shatabdi
TRN11869,Superfast TRN11869,Superfast
TRN13521,Passenger TRN13521,Passenger
TRN12281,Passenger TRN12281,Passenger
TRN10735,Superfast TRN10735,Superfast
TRN12900,Vande Bharat TRN12900,Vande Bharat
TRN14020,Vande Bharat TRN14020,Vande Bharat
TRN13994,Shatabdi TRN13994,Shatabdi
TRN13876,Passenger TRN13876,Passenger
TRN12237,Shatabdi TRN12237,Shatabdi
TRN13253,Express TRN13253,Express
TRN10860,Passenger TRN10860,Passenger
TRN14141,Vande Bharat TRN14141,Vande Bharat
TRN11499,Shatabdi TRN11499,Shatabdi
TRN10415,Vande Bharat TRN10415,Vande Bharat
TRN10988,Rajdhani TRN10988,Rajdhani
TRN12035,Express TRN12035,Express
TRN14827,Passenger TRN14827,Passenger
TRN13231,Vande Bharat TRN13231,Vande Bharat
TRN14475,Express TRN14475,Express
TRN11605,Shatabdi TRN11605,Shatabdi
TRN11067,Superfast TRN11067,Superfast
TRN14550,Express TRN14550,Express
TRN13178,Shatabdi TRN13178,Shatabdi
TRN12838,Express TRN12838,Express
TRN11171,Rajdhani TRN11171,Rajdhani
TRN13417,Express TRN13417,Express
TRN14097,Vande Bharat TRN14097,Vande Bharat
TRN12720,Superfast TRN12720,Superfast
TRN13017,Passenger TRN13017,Passenger
TRN11514,Shatabdi TRN11514,Shatabdi
TRN13817,Shatabdi TRN13817,Shatabdi
TRN13353,Shatabdi TRN13353,Shatabdi
TRN12460,Shatabdi TRN12460,Shatabdi
TRN13991,Passenger TRN13991,Passenger
TRN12633,Passenger TRN12633,Passenger
TRN13675,Rajdhani TRN13675,Rajdhani
TRN11770,Vande Bharat TRN11770,Vande Bharat
TRN11950,Rajdhani TRN11950,Rajdhani
TRN13387,Express TRN13387,Express
TRN11539,Passenger TRN11539,Passenger
TRN12775,Express TRN12775,Express
TRN12615,Passenger TRN12615,Passenger
TRN13506,Superfast TRN13506,Superfast
TRN13507,Passenger TRN13507,Passenger
TRN10135,Vande Bharat TRN10135,Vande Bharat
TRN13871,Passenger TRN13871,Passenger
TRN13019,Passenger TRN13019,Passenger
TRN12480,Passenger TRN12480,Passenger
TRN10048,Rajdhani TRN10048,Rajdhani
TRN12171,Passenger TRN12171,Passenger
TRN14422,Shatabdi TRN14422,Shatabdi
TRN14434,Passenger TRN14434,Passenger
TRN10631,Superfast TRN10631,Superfast
TRN13749,Express TRN13749,Express
TRN14913,Passenger TRN14913,Passenger
TRN13580,Vande Bharat TRN13580,Vande Bharat
TRN13112,Shatabdi TRN13112,Shatabdi
TRN10039,Superfast TRN10039,Superfast
TRN14566,Passenger TRN14566,Passenger
TRN14481,Shatabdi TRN14481,Shatabdi
TRN11842,Vande Bharat TRN11842,Vande Bharat
TRN11453,Passenger TRN11453,Passenger
TRN11575,Vande Bharat TRN11575,Vande Bharat
TRN13658,Rajdhani TRN13658,Rajdhani
TRN12960,Vande Bharat TRN12960,Vande Bharat
TRN14251,Express TRN14251,Express
TRN13276,Superfast TRN13276,Superfast
TRN11575,Shatabdi TRN11575,Shatabdi
TRN11530,Superfast TRN11530,Superfast
TRN13468,Superfast TRN13468,Superfast
TRN11384,Superfast TRN11384,Superfast
TRN14687,Express TRN14687,Express
TRN13538,Express TRN13538,Express
TRN12220,Express TRN12220,Express
TRN13106,Superfast TRN13106,Superfast
TRN11347,Superfast TRN11347,Superfast
TRN12607,Superfast TRN12607,Superfast
TRN14679,Shatabdi TRN14679,Shatabdi
TRN10226,Vande Bharat TRN10226,Vande Bharat
TRN10547,Superfast TRN10547,Superfast
TRN14211,Express TRN14211,Express
TRN11537,Express TRN11537,Express
TRN12958,Shatabdi TRN12958,Shatabdi
TRN10941,Shatabdi TRN10941,Shatabdi
TRN12120,Passenger TRN12120,Passenger
TRN13930,Shatabdi TRN13930,Shatabdi
TRN11405,Superfast TRN11405,Superfast
TRN14479,Shatabdi TRN14479,Shatabdi
TRN10303,Shatabdi TRN10303,Shatabdi
TRN14457,Passenger TRN14457,Passenger
TRN14081,Express TRN14081,Express
TRN14113,Passenger TRN14113,Passenger
TRN13384,Shatabdi TRN13384,Shatabdi
TRN11067,Rajdhani TRN11067,Rajdhani
TRN11524,Express TRN11524,Express
TRN14435,Passenger TRN14435,Passenger
TRN12014,Passenger TRN12014,Passenger
TRN10326,Express TRN10326,Express
TRN11229,Vande Bharat TRN11229,Vande Bharat
TRN12188,Superfast TRN12188,Superfast
TRN12909,Express TRN12909,Express
TRN11173,Express TRN11173,Express
TRN12978,Rajdhani TRN12978,Rajdhani
TRN11396,Express TRN11396,Express
TRN11259,Shatabdi TRN11259,Shatabdi
TRN14368,Rajdhani TRN14368,Rajdhani
TRN11077,Passenger TRN11077,Passenger
TRN12059,Rajdhani TRN12059,Rajdhani
TRN13180,Express TRN13180,Express
TRN10828,Superfast TRN10828,Superfast
TRN14659,Rajdhani TRN14659,Rajdhani
TRN11326,Shatabdi TRN11326,Shatabdi
TRN12610,Superfast TRN12610,Superfast
TRN11219,Shatabdi TRN11219,Shatabdi
TRN13534,Vande Bharat TRN13534,Vande Bharat
TRN12592,Superfast TRN12592,Superfast
TRN10172,Shatabdi TRN10172,Shatabdi
TRN10853,Superfast TRN10853,Superfast
TRN13528,Shatabdi TRN13528,Shatabdi
TRN13675,Passenger TRN13675,Passenger
TRN13817,Express TRN13817,Express
TRN12038,Passenger TRN12038,Passenger
TRN10588,Passenger TRN10588,Passenger
TRN14546,Vande Bharat TRN14546,Vande Bharat
TRN11484,Express TRN11484,Express
TRN10236,Passenger TRN10236,Passenger
TRN13444,Passenger TRN13444,Passenger
TRN10619,Express TRN10619,Express
TRN13513,Vande Bharat TRN13513,Vande Bharat
TRN14680,Passenger TRN14680,Passenger
TRN13635,Shatabdi TRN13635,Shatabdi
TRN14978,Passenger TRN14978,Passenger
TRN10885,Vande Bharat TRN10885,Vande Bharat
TRN13776,Passenger TRN13776,Passenger
TRN13479,Express TRN13479,Express
TRN11134,Rajdhani TRN11134,Rajdhani
TRN13414,Passenger TRN13414,Passenger
TRN10105,Rajdhani TRN10105,Rajdhani
TRN14843,Vande Bharat TRN14843,Vande Bharat
TRN11144,Vande Bharat TRN11144,Vande Bharat
TRN13371,Rajdhani TRN13371,Rajdhani
TRN14665,Express TRN14665,Express
TRN13654,Shatabdi TRN13654,Shatabdi
TRN11589,Passenger TRN11589,Passenger
TRN11091,Express TRN11091,Express
TRN13593,Passenger TRN13593,Passenger
TRN12181,Express TRN12181,Express
TRN14923,Express TRN14923,Express
TRN11753,Shatabdi TRN11753,Shatabdi
TRN12303,Passenger TRN12303,Passenger
TRN11014,Superfast TRN11014,Superfast
TRN14152,Passenger TRN14152,Passenger
TRN10835,Passenger TRN10835,Passenger
TRN14139,Rajdhani TRN14139,Rajdhani
TRN12691,Express TRN12691,Express
TRN14970,Superfast TRN14970,Superfast
TRN10655,Vande Bharat TRN10655,Vande Bharat
TRN12477,Superfast TRN12477,Superfast
TRN11049,Vande Bharat TRN11049,Vande Bharat
TRN13527,Vande Bharat TRN13527,Vande Bharat
TRN14616,Express TRN14616,Express
TRN13320,Vande Bharat TRN13320,Vande Bharat
TRN14297,Rajdhani TRN14297,Rajdhani
TRN12718,Vande Bharat TRN12718,Vande Bharat
TRN13762,Vande Bharat TRN13762,Vande Bharat
TRN13462,Superfast TRN13462,Superfast
TRN11788,Rajdhani TRN11788,Rajdhani
TRN11754,Rajdhani TRN11754,Rajdhani
TRN13395,Superfast TRN13395,Superfast
TRN11248,Express TRN11248,Express
TRN11144,Rajdhani TRN11144,Rajdhani
TRN13601,Passenger TRN13601,Passenger
TRN10566,Express TRN10566,Express
TRN14507,Superfast TRN14507,Superfast
TRN11537,Passenger TRN11537,Passenger
TRN10884,Express TRN10884,Express
TRN14957,Rajdhani TRN14957,Rajdhani
TRN14454,Passenger TRN14454,Passenger
TRN14155,Express TRN14155,Express
TRN10237,Express TRN10237,Express
TRN10888,Passenger TRN10888,Passenger
TRN10034,Shatabdi TRN10034,Shatabdi
TRN14974,Express TRN14974,Express
TRN11809,Vande Bharat TRN11809,Vande Bharat
TRN13911,Shatabdi TRN13911,Shatabdi
TRN11081,Rajdhani TRN11081,Rajdhani
TRN13396,Vande Bharat TRN13396,Vande Bharat
TRN12744,Shatabdi TRN12744,Shatabdi
TRN14240,Rajdhani TRN14240,Rajdhani
TRN10778,Superfast TRN10778,Superfast
TRN14627,Passenger TRN14627,Passenger
TRN10155,Shatabdi TRN10155,Shatabdi
TRN13465,Superfast TRN13465,Superfast
TRN13672,Express TRN13672,Express
TRN14557,Rajdhani TRN14557,Rajdhani
TRN12583,Vande Bharat TRN12583,Vande Bharat
TRN13183,Vande Bharat TRN13183,Vande Bharat
TRN12743,Vande Bharat TRN12743,Vande Bharat
TRN14685,Rajdhani TRN14685,Rajdhani
TRN13856,Superfast TRN13856,Superfast
TRN12070,Passenger TRN12070,Passenger
TRN13277,Express TRN13277,Express
TRN13569,Vande Bharat TRN13569,Vande Bharat
TRN14829,Express TRN14829,Express
TRN13298,Rajdhani TRN13298,Rajdhani
TRN14627,Express TRN14627,Express
TRN11997,Rajdhani TRN11997,Rajdhani
TRN10713,Vande Bharat TRN10713,Vande Bharat
TRN12231,Superfast TRN12231,Superfast
TRN11775,Passenger TRN11775,Passenger
TRN13752,Rajdhani TRN13752,Rajdhani
TRN10759,Express TRN10759,Express
TRN14566,Express TRN14566,Express
TRN12396,Shatabdi TRN12396,Shatabdi
TRN11676,Vande Bharat TRN11676,Vande Bharat
TRN14338,Vande Bharat TRN14338,Vande Bharat
TRN13557,Passenger TRN13557,Passenger
TRN11958,Passenger TRN11958,Passenger
TRN12666,Passenger TRN12666,Passenger
TRN11909,Express TRN11909,Express
TRN13189,Rajdhani TRN13189,Rajdhani
TRN11688,Express TRN11688,Express
TRN12104,Passenger TRN12104,Passenger
TRN13214,Passenger TRN13214,Passenger
TRN12572,Shatabdi TRN12572,Shatabdi
TRN13192,Express TRN13192,Express
TRN10548,Superfast TRN10548,Superfast
TRN12984,Passenger TRN12984,Passenger
TRN14949,Superfast TRN14949,Superfast
TRN10695,Rajdhani TRN10695,Rajdhani
TRN10704,Express TRN10704,Express
TRN10242,Vande Bharat TRN10242,Vande Bharat
TRN12265,Express TRN12265,Express
TRN13798,Passenger TRN13798,Passenger
TRN12532,Passenger TRN12532,Passenger
TRN12018,Superfast TRN12018,Superfast
TRN14131,Rajdhani TRN14131,Rajdhani
TRN14630,Superfast TRN14630,Superfast
TRN13922,Superfast TRN13922,Superfast
TRN12364,Shatabdi TRN12364,Shatabdi
TRN14658,Express TRN14658,Express
TRN11126,Superfast TRN11126,Superfast
TRN10377,Rajdhani TRN10377,Rajdhani
TRN12453,Express TRN12453,Express
TRN12276,Rajdhani TRN12276,Rajdhani
TRN11315,Passenger TRN11315,Passenger
TRN11416,Rajdhani TRN11416,Rajdhani
TRN13729,Rajdhani TRN13729,Rajdhani
TRN13452,Express TRN13452,Express
TRN14198,Express TRN14198,Express
TRN14376,Superfast TRN14376,Superfast
TRN12324,Passenger TRN12324,Passenger
TRN13510,Rajdhani TRN13510,Rajdhani
TRN11479,Passenger TRN11479,Passenger
TRN10999,Vande Bharat TRN10999,Vande Bharat
TRN11117,Express TRN11117,Express
TRN13050,Superfast TRN13050,Superfast
TRN14314,Superfast TRN14314,Superfast
TRN11128,Passenger TRN11128,Passenger
TRN13099,Rajdhani TRN13099,Rajdhani
TRN11160,Superfast TRN11160,Superfast
TRN10989,Passenger TRN10989,Passenger
TRN13258,Vande Bharat TRN13258,Vande Bharat
TRN12562,Superfast TRN12562,Superfast
TRN13093,Vande Bharat TRN13093,Vande Bharat
TRN10615,Express TRN10615,Express
TRN13622,Passenger TRN13622,Passenger
TRN14907,Superfast TRN14907,Superfast
TRN12280,Express TRN12280,Express
TRN14781,Vande Bharat TRN14781,Vande Bharat
TRN13449,Rajdhani TRN13449,Rajdhani
TRN10405,Shatabdi TRN10405,Shatabdi
TRN14243,Passenger TRN14243,Passenger
TRN12933,Rajdhani TRN12933,Rajdhani
TRN11822,Express TRN11822,Express
TRN12904,Shatabdi TRN12904,Shatabdi
TRN14123,Vande Bharat TRN14123,Vande Bharat
TRN10850,Express TRN10850,Express
TRN14773,Rajdhani TRN14773,Rajdhani
TRN14909,Rajdhani TRN14909,Rajdhani
TRN10426,Express TRN10426,Express
TRN14664,Express TRN14664,Express
TRN13158,Passenger TRN13158,Passenger
TRN14671,Express TRN14671,Express
TRN10856,Shatabdi TRN10856,Shatabdi
TRN14813,Shatabdi TRN14813,Shatabdi
TRN10130,Shatabdi TRN10130,Shatabdi
TRN11723,Rajdhani TRN11723,Rajdhani
TRN13505,Passenger TRN13505,Passenger
TRN11767,Shatabdi TRN11767,Shatabdi
TRN12708,Superfast TRN12708,Superfast
TRN13952,Rajdhani TRN13952,Rajdhani
TRN11012,Passenger TRN11012,Passenger
TRN13805,Passenger TRN13805,Passenger
TRN12686,Shatabdi TRN12686,Shatabdi
TRN10061,Express TRN10061,Express
TRN14282,Superfast TRN14282,Superfast
TRN11842,Rajdhani TRN11842,Rajdhani
TRN11746,Passenger TRN11746,Passenger
TRN12195,Shatabdi TRN12195,Shatabdi
TRN10133,Rajdhani TRN10133,Rajdhani
TRN10713,Express TRN10713,Express
TRN13196,Express TRN13196,Express
TRN11065,Passenger TRN11065,Passenger
TRN13958,Passenger TRN13958,Passenger
TRN10424,Vande Bharat TRN10424,Vande Bharat
TRN12697,Passenger TRN12697,Passenger
TRN12610,Passenger TRN12610,Passenger
TRN11910,Vande Bharat TRN11910,Vande Bharat
TRN13565,Express TRN13565,Express
TRN12548,Passenger TRN12548,Passenger
TRN14196,Vande Bharat TRN14196,Vande Bharat
TRN14462,Rajdhani TRN14462,Rajdhani
TRN10421,Shatabdi TRN10421,Shatabdi
TRN12854,Express TRN12854,Express
TRN10591,Express TRN10591,Express
TRN14686,Vande Bharat TRN14686,Vande Bharat
TRN10729,Express TRN10729,Express
TRN12034,Superfast TRN12034,Superfast
TRN12442,Vande Bharat TRN12442,Vande Bharat
TRN12665,Vande Bharat TRN12665,Vande Bharat
TRN12126,Shatabdi TRN12126,Shatabdi
TRN12329,Passenger TRN12329,Passenger
TRN12497,Vande Bharat TRN12497,Vande Bharat
TRN12544,Passenger TRN12544,Passenger
TRN12973,Shatabdi TRN12973,Shatabdi
TRN13932,Vande Bharat TRN13932,Vande Bharat
TRN11607,Passenger TRN11607,Passenger
TRN13325,Vande Bharat TRN13325,Vande Bharat
TRN11640,Superfast TRN11640,Superfast
TRN12002,Superfast TRN12002,Superfast
TRN13589,Express TRN13589,Express
TRN10864,Express TRN10864,Express
TRN11666,Shatabdi TRN11666,Shatabdi
TRN12877,Passenger TRN12877,Passenger
TRN10318,Passenger TRN10318,Passenger
TRN14105,Vande Bharat TRN14105,Vande Bharat
TRN11972,Superfast TRN11972,Superfast
TRN14461,Express TRN14461,Express
TRN12314,Shatabdi TRN12314,Shatabdi
TRN14187,Shatabdi TRN14187,Shatabdi
TRN12471,Passenger TRN12471,Passenger
TRN11337,Rajdhani TRN11337,Rajdhani
TRN14908,Express TRN14908,Express
TRN11355,Vande Bharat TRN11355,Vande Bharat
TRN14149,Express TRN14149,Express
TRN14513,Shatabdi TRN14513,Shatabdi
TRN10670,Express TRN10670,Express
TRN11400,Superfast TRN11400,Superfast
TRN13406,Rajdhani TRN13406,Rajdhani
TRN10229,Rajdhani TRN10229,Rajdhani
TRN10438,Shatabdi TRN10438,Shatabdi
TRN10936,Passenger TRN10936,Passenger
TRN14797,Vande Bharat TRN14797,Vande Bharat
TRN12929,Superfast TRN12929,Superfast
TRN11526,Vande Bharat TRN11526,Vande Bharat
TRN13613,Superfast TRN13613,Superfast
TRN11821,Passenger TRN11821,Passenger
TRN14072,Vande Bharat TRN14072,Vande Bharat
TRN14556,Shatabdi TRN14556,Shatabdi
TRN12272,Express TRN12272,Express
TRN14363,Express TRN14363,Express
TRN10138,Passenger TRN10138,Passenger
TRN14488,Shatabdi TRN14488,Shatabdi
TRN11032,Superfast TRN11032,Superfast
TRN14088,Express TRN14088,Express
TRN11059,Express TRN11059,Express
TRN12748,Superfast TRN12748,Superfast
TRN14815,Superfast TRN14815,Superfast
TRN12787,Rajdhani TRN12787,Rajdhani
TRN10188,Vande Bharat TRN10188,Vande Bharat
TRN12436,Passenger TRN12436,Passenger
TRN11718,Rajdhani TRN11718,Rajdhani
TRN12105,Vande Bharat TRN12105,Vande Bharat
TRN12858,Express TRN12858,Express
TRN14964,Passenger TRN14964,Passenger
TRN14656,Passenger TRN14656,Passenger
TRN11447,Rajdhani TRN11447,Rajdhani
TRN10704,Passenger TRN10704,Passenger
TRN13130,Passenger TRN13130,Passenger
TRN11348,Shatabdi TRN11348,Shatabdi
TRN11874,Passenger TRN11874,Passenger
TRN10838,Passenger TRN10838,Passenger
TRN13944,Rajdhani TRN13944,Rajdhani
TRN12359,Vande Bharat TRN12359,Vande Bharat
TRN14275,Passenger TRN14275,Passenger
TRN11193,Passenger TRN11193,Passenger
TRN14693,Express TRN14693,Express
TRN11777,Passenger TRN11777,Passenger
TRN11740,Shatabdi TRN11740,Shatabdi
TRN12203,Superfast TRN12203,Superfast
TRN12159,Shatabdi TRN12159,Shatabdi
TRN12543,Superfast TRN12543,Superfast
TRN12722,Express TRN12722,Express
TRN13623,Express TRN13623,Express
TRN11687,Superfast TRN11687,Superfast
TRN11554,Rajdhani TRN11554,Rajdhani
TRN11269,Vande Bharat TRN11269,Vande Bharat
TRN10732,Shatabdi TRN10732,Shatabdi
TRN13423,Rajdhani TRN13423,Rajdhani
TRN11215,Superfast TRN11215,Superfast
TRN10402,Shatabdi TRN10402,Shatabdi
TRN13434,Superfast TRN13434,Superfast
TRN14769,Express TRN14769,Express
TRN10767,Express TRN10767,Express
TRN12604,Passenger TRN12604,Passenger
TRN12842,Vande Bharat TRN12842,Vande Bharat
TRN10610,Superfast TRN10610,Superfast
TRN14201,Passenger TRN14201,Passenger
TRN14727,Shatabdi TRN14727,Shatabdi
TRN11500,Express TRN11500,Express
TRN10476,Passenger TRN10476,Passenger
TRN11768,Shatabdi TRN11768,Shatabdi
TRN11551,Superfast TRN11551,Superfast
TRN12811,Express TRN12811,Express
TRN13597,Passenger TRN13597,Passenger
TRN13688,Express TRN13688,Express
TRN12030,Passenger TRN12030,Passenger
TRN12886,Rajdhani TRN12886,Rajdhani
TRN11964,Superfast TRN11964,Superfast
TRN13349,Passenger TRN13349,Passenger
TRN14777,Rajdhani TRN14777,Rajdhani
TRN13173,Superfast TRN13173,Superfast
TRN10056,Vande Bharat TRN10056,Vande Bharat
TRN13518,Passenger TRN13518,Passenger
TRN14757,Express TRN14757,Express
TRN12866,Shatabdi TRN12866,Shatabdi
TRN11427,Shatabdi TRN11427,Shatabdi
TRN11789,Express TRN11789,Express
TRN13821,Express TRN13821,Express
TRN10865,Rajdhani TRN10865,Rajdhani
TRN11873,Passenger TRN11873,Passenger
TRN14294,Vande Bharat TRN14294,Vande Bharat
TRN11290,Vande Bharat TRN11290,Vande Bharat
TRN11519,Passenger TRN11519,Passenger
TRN12585,Passenger TRN12585,Passenger
TRN11508,Vande Bharat TRN11508,Vande Bharat
TRN14418,Express TRN14418,Express
TRN12828,Express TRN12828,Express
TRN12819,Passenger TRN12819,Passenger
TRN11535,Express TRN11535,Express
TRN13635,Passenger TRN13635,Passenger
TRN11118,Express TRN11118,Express
TRN10013,Vande Bharat TRN10013,Vande Bharat
TRN12870,Passenger TRN12870,Passenger
TRN11961,Shatabdi TRN11961,Shatabdi
TRN12148,Passenger TRN12148,Passenger
TRN13344,Passenger TRN13344,Passenger
TRN12149,Vande Bharat TRN12149,Vande Bharat
TRN12009,Shatabdi TRN12009,Shatabdi
TRN12272,Rajdhani TRN12272,Rajdhani
TRN12959,Superfast TRN12959,Superfast
TRN11346,Rajdhani TRN11346,Rajdhani
TRN13690,Vande Bharat TRN13690,Vande Bharat
TRN13390,Vande Bharat TRN13390,Vande Bharat
TRN14100,Superfast TRN14100,Superfast
TRN12248,Rajdhani TRN12248,Rajdhani
TRN13392,Passenger TRN13392,Passenger
TRN11476,Passenger TRN11476,Passenger
TRN11225,Rajdhani TRN11225,Rajdhani
TRN11819,Rajdhani TRN11819,Rajdhani
TRN14997,Superfast TRN14997,Superfast
TRN13157,Shatabdi TRN13157,Shatabdi
TRN10862,Vande Bharat TRN10862,Vande Bharat
TRN10379,Express TRN10379,Express
TRN11050,Passenger TRN11050,Passenger
TRN10805,Superfast TRN10805,Superfast
TRN12803,Express TRN12803,Express
TRN10797,Passenger TRN10797,Passenger
TRN14052,Rajdhani TRN14052,Rajdhani
TRN14619,Superfast TRN14619,Superfast
TRN14670,Shatabdi TRN14670,Shatabdi
TRN13220,Passenger TRN13220,Passenger
TRN10433,Express TRN10433,Express
TRN10899,Express TRN10899,Express
TRN12001,Superfast TRN12001,Superfast
TRN12427,Vande Bharat TRN12427,Vande Bharat
TRN11475,Passenger TRN11475,Passenger
TRN13296,Vande Bharat TRN13296,Vande Bharat
TRN13104,Rajdhani TRN13104,Rajdhani
TRN13377,Rajdhani TRN13377,Rajdhani
TRN13831,Passenger TRN13831,Passenger
TRN12061,Vande Bharat TRN12061,Vande Bharat
TRN12260,Rajdhani TRN12260,Rajdhani
TRN13170,Passenger TRN13170,Passenger
TRN13171,Express TRN13171,Express
TRN13941,Superfast TRN13941,Superfast
TRN11044,Rajdhani TRN11044,Rajdhani
TRN14324,Superfast TRN14324,Superfast
TRN11139,Rajdhani TRN11139,Rajdhani
TRN10375,Shatabdi TRN10375,Shatabdi
TRN13008,Shatabdi TRN13008,Shatabdi
TRN13656,Passenger TRN13656,Passenger
TRN12131,Express TRN12131,Express
TRN12751,Rajdhani TRN12751,Rajdhani
TRN11451,Passenger TRN11451,Passenger
TRN11341,Rajdhani TRN11341,Rajdhani
TRN10434,Vande Bharat TRN10434,Vande Bharat
TRN12134,Rajdhani TRN12134,Rajdhani
TRN11658,Shatabdi TRN11658,Shatabdi
TRN14778,Shatabdi TRN14778,Shatabdi
TRN11874,Vande Bharat TRN11874,Vande Bharat
TRN11069,Passenger TRN11069,Passenger
TRN12876,Express TRN12876,Express
TRN11692,Vande Bharat TRN11692,Vande Bharat
TRN13673,Passenger TRN13673,Passenger
TRN14933,Superfast TRN14933,Superfast
TRN11722,Vande Bharat TRN11722,Vande Bharat
TRN13028,Express TRN13028,Express
TRN10624,Passenger TRN10624,Passenger
TRN11068,Superfast TRN11068,Superfast
TRN11439,Express TRN11439,Express
TRN14930,Superfast TRN14930,Superfast
TRN11420,Express TRN11420,Express
TRN13459,Express TRN13459,Express
TRN14477,Passenger TRN14477,Passenger
TRN11208,Superfast TRN11208,Superfast
TRN11461,Superfast TRN11461,Superfast
TRN13690,Superfast TRN13690,Superfast
TRN10189,Passenger TRN10189,Passenger
TRN11957,Express TRN11957,Express
TRN11996,Vande Bharat TRN11996,Vande Bharat
TRN13248,Rajdhani TRN13248,Rajdhani
TRN13438,Rajdhani TRN13438,Rajdhani
TRN11412,Shatabdi TRN11412,Shatabdi
TRN10877,Superfast TRN10877,Superfast
TRN12483,Superfast TRN12483,Superfast
TRN10663,Express TRN10663,Express
TRN11184,Superfast TRN11184,Superfast
TRN13086,Vande Bharat TRN13086,Vande Bharat
TRN14262,Vande Bharat TRN14262,Vande Bharat
TRN14211,Passenger TRN14211,Passenger
TRN11621,Passenger TRN11621,Passenger
TRN11221,Vande Bharat TRN11221,Vande Bharat
TRN11298,Superfast TRN11298,Superfast
TRN10565,Passenger TRN10565,Passenger
TRN10639,Superfast TRN10639,Superfast
TRN11671,Vande Bharat TRN11671,Vande Bharat
TRN10615,Rajdhani TRN10615,Rajdhani
TRN13284,Rajdhani TRN13284,Rajdhani
TRN13783,Express TRN13783,Express
TRN11158,Rajdhani TRN11158,Rajdhani
TRN12236,Express TRN12236,Express
TRN11153,Vande Bharat TRN11153,Vande Bharat
TRN13349,Vande Bharat TRN13349,Vande Bharat
TRN11784,Rajdhani TRN11784,Rajdhani
TRN10219,Rajdhani TRN10219,Rajdhani
TRN11880,Superfast TRN11880,Superfast
TRN13937,Rajdhani TRN13937,Rajdhani
TRN11332,Passenger TRN11332,Passenger
TRN12758,Passenger TRN12758,Passenger
TRN13670,Superfast TRN13670,Superfast
TRN10674,Superfast TRN10674,Superfast
TRN11885,Shatabdi TRN11885,Shatabdi
TRN14065,Shatabdi TRN14065,Shatabdi
TRN13624,Rajdhani TRN13624,Rajdhani
TRN10308,Passenger TRN10308,Passenger
TRN11096,Superfast TRN11096,Superfast
TRN14967,Superfast TRN14967,Superfast
TRN14974,Vande Bharat TRN14974,Vande Bharat
TRN11035,Rajdhani TRN11035,Rajdhani
TRN12709,Rajdhani TRN12709,Rajdhani
TRN13896,Express TRN13896,Express
TRN11085,Rajdhani TRN11085,Rajdhani
TRN11174,Passenger TRN11174,Passenger
TRN14863,Passenger TRN14863,Passenger
TRN14486,Rajdhani TRN14486,Rajdhani
TRN11933,Superfast TRN11933,Superfast
TRN10673,Rajdhani TRN10673,Rajdhani
TRN14739,Passenger TRN14739,Passenger
TRN13007,Shatabdi TRN13007,Shatabdi
TRN12991,Express TRN12991,Express
TRN14395,Shatabdi TRN14395,Shatabdi
TRN12029,Rajdhani TRN12029,Rajdhani
TRN12235,Superfast TRN12235,Superfast
TRN14264,Rajdhani TRN14264,Rajdhani
TRN12416,Passenger TRN12416,Passenger
TRN11477,Passenger TRN11477,Passenger
TRN12286,Vande Bharat TRN12286,Vande Bharat
TRN10431,Express TRN10431,Express
TRN12297,Shatabdi TRN12297,Shatabdi
TRN11468,Shatabdi TRN11468,Shatabdi
TRN11066,Express TRN11066,Express
TRN12832,Shatabdi TRN12832,Shatabdi
TRN14883,Shatabdi TRN14883,Shatabdi
TRN10465,Superfast TRN10465,Superfast
TRN10389,Vande Bharat TRN10389,Vande Bharat
TRN13748,Passenger TRN13748,Passenger
TRN14125,Express TRN14125,Express
TRN11295,Passenger TRN11295,Passenger
TRN10134,Passenger TRN10134,Passenger
TRN11925,Passenger TRN11925,Passenger
TRN10566,Passenger TRN10566,Passenger
TRN11906,Rajdhani TRN11906,Rajdhani
TRN14924,Passenger TRN14924,Passenger
TRN12393,Vande Bharat TRN12393,Vande Bharat
TRN14789,Shatabdi TRN14789,Shatabdi
TRN14262,Shatabdi TRN14262,Shatabdi
TRN12253,Vande Bharat TRN12253,Vande Bharat
TRN14232,Express TRN14232,Express
TRN14773,Express TRN14773,Express
TRN12104,Express TRN12104,Express
TRN12953,Vande Bharat TRN12953,Vande Bharat
TRN13977,Passenger TRN13977,Passenger
TRN14179,Express TRN14179,Express
TRN11623,Vande Bharat TRN11623,Vande Bharat
TRN12649,Passenger TRN12649,Passenger
TRN10080,Shatabdi TRN10080,Shatabdi
TRN10406,Rajdhani TRN10406,Rajdhani
TRN12132,Superfast TRN12132,Superfast
TRN11773,Rajdhani TRN11773,Rajdhani
TRN12987,Vande Bharat TRN12987,Vande Bharat
TRN10119,Shatabdi TRN10119,Shatabdi
TRN14015,Rajdhani TRN14015,Rajdhani
TRN11637,Passenger TRN11637,Passenger
TRN10472,Passenger TRN10472,Passenger
TRN11931,Express TRN11931,Express
TRN11037,Passenger TRN11037,Passenger
TRN10536,Rajdhani TRN10536,Rajdhani
TRN12010,Superfast TRN12010,Superfast
TRN13517,Shatabdi TRN13517,Shatabdi
TRN14215,Rajdhani TRN14215,Rajdhani
TRN12351,Passenger TRN12351,Passenger
TRN14550,Shatabdi TRN14550,Shatabdi
TRN12258,Superfast TRN12258,Superfast
TRN13277,Superfast TRN13277,Superfast
TRN12131,Passenger TRN12131,Passenger
TRN11175,Shatabdi TRN11175,Shatabdi
TRN12321,Shatabdi TRN12321,Shatabdi
TRN14270,Shatabdi TRN14270,Shatabdi
TRN10278,Superfast TRN10278,Superfast
TRN13850,Rajdhani TRN13850,Rajdhani
TRN10207,Superfast TRN10207,Superfast
TRN13612,Express TRN13612,Express
TRN13270,Shatabdi TRN13270,Shatabdi
TRN13185,Passenger TRN13185,Passenger
TRN11590,Shatabdi TRN11590,Shatabdi
TRN13951,Superfast TRN13951,Superfast
TRN13281,Superfast TRN13281,Superfast
TRN13614,Vande Bharat TRN13614,Vande Bharat
TRN12486,Express TRN12486,Express
TRN13062,Passenger TRN13062,Passenger
TRN12421,Vande Bharat TRN12421,Vande Bharat
TRN11445,Vande Bharat TRN11445,Vande Bharat
TRN12866,Superfast TRN12866,Superfast
TRN13450,Superfast TRN13450,Superfast
TRN10966,Passenger TRN10966,Passenger
TRN13250,Shatabdi TRN13250,Shatabdi
TRN13198,Passenger TRN13198,Passenger
TRN11510,Vande Bharat TRN11510,Vande Bharat
TRN10199,Superfast TRN10199,Superfast
TRN10084,Shatabdi TRN10084,Shatabdi
TRN10507,Vande Bharat TRN10507,Vande Bharat
TRN11418,Rajdhani TRN11418,Rajdhani
TRN12624,Vande Bharat TRN12624,Vande Bharat
TRN13588,Shatabdi TRN13588,Shatabdi
TRN13660,Express TRN13660,Express
TRN14479,Rajdhani TRN14479,Rajdhani
TRN14090,Vande Bharat TRN14090,Vande Bharat
TRN12401,Shatabdi TRN12401,Shatabdi
TRN11742,Rajdhani TRN11742,Rajdhani
TRN10985,Passenger TRN10985,Passenger
TRN12816,Superfast TRN12816,Superfast
TRN14761,Vande Bharat TRN14761,Vande Bharat
TRN12075,Rajdhani TRN12075,Rajdhani
TRN11540,Shatabdi TRN11540,Shatabdi
TRN12161,Passenger TRN12161,Passenger
TRN12225,Shatabdi TRN12225,Shatabdi
TRN12239,Passenger TRN12239,Passenger
TRN11934,Express TRN11934,Express
TRN13759,Vande Bharat TRN13759,Vande Bharat
TRN11250,Express TRN11250,Express
TRN14311,Passenger TRN14311,Passenger
TRN11744,Shatabdi TRN11744,Shatabdi
TRN10130,Express TRN10130,Express
TRN12784,Shatabdi TRN12784,Shatabdi
TRN13048,Rajdhani TRN13048,Rajdhani
TRN13815,Passenger TRN13815,Passenger
TRN14278,Passenger TRN14278,Passenger
TRN14750,Vande Bharat TRN14750,Vande Bharat
TRN11037,Rajdhani TRN11037,Rajdhani
TRN11141,Rajdhani TRN11141,Rajdhani
TRN10422,Passenger TRN10422,Passenger
TRN11882,Rajdhani TRN11882,Rajdhani
TRN13656,Shatabdi TRN13656,Shatabdi
TRN11687,Shatabdi TRN11687,Shatabdi
TRN12810,Shatabdi TRN12810,Shatabdi
TRN13289,Passenger TRN13289,Passenger
TRN13188,Shatabdi TRN13188,Shatabdi
TRN13420,Passenger TRN13420,Passenger
TRN13689,Shatabdi TRN13689,Shatabdi
TRN12654,Vande Bharat TRN12654,Vande Bharat
TRN12647,Rajdhani TRN12647,Rajdhani
TRN13340,Rajdhani TRN13340,Rajdhani
TRN10946,Passenger TRN10946,Passenger
TRN11404,Shatabdi TRN11404,Shatabdi
TRN12393,Shatabdi TRN12393,Shatabdi
TRN10379,Superfast TRN10379,Superfast
TRN12008,Rajdhani TRN12008,Rajdhani
TRN10902,Vande Bharat TRN10902,Vande Bharat
TRN11516,Express TRN11516,Express
TRN13061,Express TRN13061,Express
TRN11855,Passenger TRN11855,Passenger
TRN13152,Vande Bharat TRN13152,Vande Bharat
TRN10584,Superfast TRN10584,Superfast
TRN13889,Passenger TRN13889,Passenger
TRN12232,Superfast TRN12232,Superfast
TRN11438,Express TRN11438,Express
TRN10024,Superfast TRN10024,Superfast
TRN10399,Superfast TRN10399,Superfast
TRN12742,Rajdhani TRN12742,Rajdhani
TRN13571,Passenger TRN13571,Passenger
TRN14738,Rajdhani TRN14738,Rajdhani
TRN13419,Superfast TRN13419,Superfast
TRN11826,Vande Bharat TRN11826,Vande Bharat
TRN12316,Passenger TRN12316,Passenger
TRN11732,Rajdhani TRN11732,Rajdhani
TRN13371,Superfast TRN13371,Superfast
TRN12825,Rajdhani TRN12825,Rajdhani
TRN11439,Shatabdi TRN11439,Shatabdi
TRN12919,Shatabdi TRN12919,Shatabdi
TRN14432,Express TRN14432,Express
TRN13598,Rajdhani TRN13598,Rajdhani
TRN11442,Express TRN11442,Express
TRN11263,Rajdhani TRN11263,Rajdhani
TRN10043,Rajdhani TRN10043,Rajdhani
TRN12558,Superfast TRN12558,Superfast
TRN13473,Express TRN13473,Express
TRN10701,Vande Bharat TRN10701,Vande Bharat
TRN11673,Superfast TRN11673,Superfast
TRN14359,Passenger TRN14359,Passenger
TRN11122,Passenger TRN11122,Passenger
TRN11824,Express TRN11824,Express
TRN13448,Superfast TRN13448,Superfast
TRN12822,Shatabdi TRN12822,Shatabdi
TRN13214,Express TRN13214,Express
TRN13594,Vande Bharat TRN13594,Vande Bharat
TRN11483,Superfast TRN11483,Superfast
TRN11638,Vande Bharat TRN11638,Vande Bharat
TRN13695,Vande Bharat TRN13695,Vande Bharat
TRN12219,Express TRN12219,Express
TRN14457,Rajdhani TRN14457,Rajdhani
TRN11239,Passenger TRN11239,Passenger
TRN12441,Rajdhani TRN12441,Rajdhani
TRN10263,Rajdhani TRN10263,Rajdhani
TRN10970,Superfast TRN10970,Superfast
TRN13632,Passenger TRN13632,Passenger
TRN11004,Express TRN11004,Express
TRN14626,Express TRN14626,Express
TRN13541,Vande Bharat TRN13541,Vande Bharat
TRN13412,Vande Bharat TRN13412,Vande Bharat
TRN11044,Vande Bharat TRN11044,Vande Bharat
TRN10963,Passenger TRN10963,Passenger
TRN13934,Passenger TRN13934,Passenger
TRN12063,Rajdhani TRN12063,Rajdhani
TRN10649,Superfast TRN10649,Superfast
TRN13857,Passenger TRN13857,Passenger
TRN10595,Express TRN10595,Express
TRN13654,Rajdhani TRN13654,Rajdhani
TRN11357,Vande Bharat TRN11357,Vande Bharat
TRN14695,Rajdhani TRN14695,Rajdhani
TRN14932,Superfast TRN14932,Superfast
TRN14102,Express TRN14102,Express
TRN10698,Passenger TRN10698,Passenger
TRN13219,Superfast TRN13219,Superfast
TRN13387,Passenger TRN13387,Passenger
TRN14387,Passenger TRN14387,Passenger
TRN14453,Passenger TRN14453,Passenger
TRN14654,Shatabdi TRN14654,Shatabdi
TRN13429,Express TRN13429,Express
TRN12661,Superfast TRN12661,Superfast
TRN12465,Express TRN12465,Express
TRN10601,Express TRN10601,Express
TRN14258,Express TRN14258,Express
TRN14572,Superfast TRN14572,Superfast
TRN13541,Superfast TRN13541,Superfast
TRN11588,Shatabdi TRN11588,Shatabdi
TRN11950,Shatabdi TRN11950,Shatabdi
TRN14795,Shatabdi TRN14795,Shatabdi
TRN14099,Rajdhani TRN14099,Rajdhani
TRN10234,Vande Bharat TRN10234,Vande Bharat
TRN11540,Rajdhani TRN11540,Rajdhani
TRN14349,Passenger TRN14349,Passenger
TRN12167,Vande Bharat TRN12167,Vande Bharat
TRN12870,Shatabdi TRN12870,Shatabdi
TRN12632,Express TRN12632,Express
TRN11424,Express TRN11424,Express
TRN13410,Superfast TRN13410,Superfast
TRN11049,Rajdhani TRN11049,Rajdhani
TRN13112,Superfast TRN13112,Superfast
TRN13630,Passenger TRN13630,Passenger
TRN10594,Rajdhani TRN10594,Rajdhani
TRN10235,Vande Bharat TRN10235,Vande Bharat
TRN13720,Rajdhani TRN13720,Rajdhani
TRN14669,Rajdhani TRN14669,Rajdhani
TRN12720,Vande Bharat TRN12720,Vande Bharat
TRN11070,Vande Bharat TRN11070,Vande Bharat
TRN11525,Rajdhani TRN11525,Rajdhani
TRN14201,Superfast TRN14201,Superfast
TRN10455,Rajdhani TRN10455,Rajdhani
TRN12792,Shatabdi TRN12792,Shatabdi
TRN12790,Superfast TRN12790,Superfast
TRN12878,Passenger TRN12878,Passenger
TRN12943,Vande Bharat TRN12943,Vande Bharat
TRN14134,Express TRN14134,Express
TRN10524,Passenger TRN10524,Passenger
TRN11776,Passenger TRN11776,Passenger
TRN11256,Express TRN11256,Express
TRN11163,Passenger TRN11163,Passenger
TRN11360,Rajdhani TRN11360,Rajdhani
TRN10902,Rajdhani TRN10902,Rajdhani
TRN12088,Passenger TRN12088,Passenger
TRN10840,Passenger TRN10840,Passenger
TRN14620,Passenger TRN14620,Passenger
TRN12398,Passenger TRN12398,Passenger
TRN13019,Express TRN13019,Express
TRN12597,Express TRN12597,Express
TRN12675,Passenger TRN12675,Passenger
TRN10488,Superfast TRN10488,Superfast
TRN14972,Passenger TRN14972,Passenger
TRN10940,Superfast TRN10940,Superfast
TRN14000,Express TRN14000,Express
TRN12693,Vande Bharat TRN12693,Vande Bharat
TRN10048,Passenger TRN10048,Passenger
TRN14891,Superfast TRN14891,Superfast
TRN11541,Rajdhani TRN11541,Rajdhani
TRN13974,Passenger TRN13974,Passenger
TRN11298,Vande Bharat TRN11298,Vande Bharat
TRN14734,Rajdhani TRN14734,Rajdhani
TRN14400,Passenger TRN14400,Passenger
TRN13944,Passenger TRN13944,Passenger
TRN14743,Express TRN14743,Express
TRN12965,Superfast TRN12965,Superfast
TRN13853,Express TRN13853,Express
TRN14801,Express TRN14801,Express
TRN11047,Superfast TRN11047,Superfast
TRN14621,Rajdhani TRN14621,Rajdhani
TRN13345,Express TRN13345,Express
TRN10327,Passenger TRN10327,Passenger
TRN13238,Express TRN13238,Express
TRN10472,Superfast TRN10472,Superfast
TRN10469,Superfast TRN10469,Superfast
TRN13500,Superfast TRN13500,Superfast
TRN13604,Shatabdi TRN13604,Shatabdi
TRN12522,Superfast TRN12522,Superfast
TRN13902,Passenger TRN13902,Passenger
TRN14248,Passenger TRN14248,Passenger
TRN11697,Passenger TRN11697,Passenger
TRN12002,Shatabdi TRN12002,Shatabdi
TRN13496,Superfast TRN13496,Superfast
TRN14266,Shatabdi TRN14266,Shatabdi
TRN12995,Passenger TRN12995,Passenger
TRN10745,Superfast TRN10745,Superfast
TRN10326,Passenger TRN10326,Passenger
TRN14301,Rajdhani TRN14301,Rajdhani
TRN12681,Vande Bharat TRN12681,Vande Bharat
TRN11224,Superfast TRN11224,Superfast
TRN14152,Vande Bharat TRN14152,Vande Bharat
TRN14268,Shatabdi TRN14268,Shatabdi
TRN12194,Rajdhani TRN12194,Rajdhani
TRN10274,Rajdhani TRN10274,Rajdhani
TRN14253,Express TRN14253,Express
TRN14115,Vande Bharat TRN14115,Vande Bharat
TRN12336,Rajdhani TRN12336,Rajdhani
TRN11894,Passenger TRN11894,Passenger
TRN14589,Passenger TRN14589,Passenger
TRN14362,Passenger TRN14362,Passenger
TRN14209,Rajdhani TRN14209,Rajdhani
TRN14230,Superfast TRN14230,Superfast
TRN10660,Express TRN10660,Express
TRN11709,Passenger TRN11709,Passenger
TRN11356,Passenger TRN11356,Passenger
TRN10504,Shatabdi TRN10504,Shatabdi
TRN13885,Express TRN13885,Express
TRN12755,Rajdhani TRN12755,Rajdhani
TRN11554,Vande Bharat TRN11554,Vande Bharat
TRN12671,Rajdhani TRN12671,Rajdhani
TRN12309,Superfast TRN12309,Superfast
TRN13580,Passenger TRN13580,Passenger
TRN14491,Superfast TRN14491,Superfast
TRN10976,Vande Bharat TRN10976,Vande Bharat
TRN11291,Superfast TRN11291,Superfast
TRN13447,Superfast TRN13447,Superfast
TRN13919,Shatabdi TRN13919,Shatabdi
TRN12344,Passenger TRN12344,Passenger
TRN11277,Rajdhani TRN11277,Rajdhani
TRN12925,Shatabdi TRN12925,Shatabdi
TRN13255,Shatabdi TRN13255,Shatabdi
TRN11143,Passenger TRN11143,Passenger
TRN12045,Vande Bharat TRN12045,Vande Bharat
TRN12884,Passenger TRN12884,Passenger
TRN13865,Superfast TRN13865,Superfast
TRN12591,Shatabdi TRN12591,Shatabdi
TRN12801,Superfast TRN12801,Superfast
TRN10109,Express TRN10109,Express
TRN11235,Express TRN11235,Express
TRN10293,Express TRN10293,Express
TRN12747,Shatabdi TRN12747,Shatabdi
TRN12170,Superfast TRN12170,Superfast
TRN11051,Rajdhani TRN11051,Rajdhani
TRN12080,Passenger TRN12080,Passenger
TRN13855,Rajdhani TRN13855,Rajdhani
TRN13291,Passenger TRN13291,Passenger
TRN11333,Express TRN11333,Express
TRN14335,Passenger TRN14335,Passenger
TRN14623,Rajdhani TRN14623,Rajdhani
TRN13232,Superfast TRN13232,Superfast
TRN11361,Vande Bharat TRN11361,Vande Bharat
TRN14725,Express TRN14725,Express
TRN12371,Rajdhani TRN12371,Rajdhani
TRN14769,Passenger TRN14769,Passenger
TRN14737,Superfast TRN14737,Superfast
TRN13143,Vande Bharat TRN13143,Vande Bharat
TRN10010,Passenger TRN10010,Passenger
TRN13130,Superfast TRN13130,Superfast
TRN11116,Rajdhani TRN11116,Rajdhani
TRN13796,Superfast TRN13796,Superfast
TRN10539,Shatabdi TRN10539,Shatabdi
TRN10474,Rajdhani TRN10474,Rajdhani
TRN14637,Vande Bharat TRN14637,Vande Bharat
TRN10050,Vande Bharat TRN10050,Vande Bharat
TRN10109,Rajdhani TRN10109,Rajdhani
TRN14878,Express TRN14878,Express
TRN13095,Express TRN13095,Express
TRN13612,Shatabdi TRN13612,Shatabdi
TRN11742,Passenger TRN11742,Passenger
TRN14932,Shatabdi TRN14932,Shatabdi
TRN12175,Express TRN12175,Express
TRN13117,Express TRN13117,Express
TRN10209,Superfast TRN10209,Superfast
TRN10901,Passenger TRN10901,Passenger
TRN13722,Express TRN13722,Express
TRN14333,Passenger TRN14333,Passenger
TRN10537,Rajdhani TRN10537,Rajdhani
TRN11916,Passenger TRN11916,Passenger
TRN11987,Rajdhani TRN11987,Rajdhani
TRN10237,Passenger TRN10237,Passenger
TRN11763,Passenger TRN11763,Passenger
TRN11318,Express TRN11318,Express
TRN11447,Passenger TRN11447,Passenger
TRN11521,Shatabdi TRN11521,Shatabdi
TRN12398,Rajdhani TRN12398,Rajdhani
TRN11047,Passenger TRN11047,Passenger
TRN13770,Shatabdi TRN13770,Shatabdi
TRN14724,Superfast TRN14724,Superfast
TRN11779,Rajdhani TRN11779,Rajdhani
TRN14552,Rajdhani TRN14552,Rajdhani
TRN13518,Rajdhani TRN13518,Rajdhani
TRN13252,Superfast TRN13252,Superfast
TRN14698,Passenger TRN14698,Passenger
TRN13829,Superfast TRN13829,Superfast
TRN10425,Superfast TRN10425,Superfast
TRN13256,Passenger TRN13256,Passenger
TRN12827,Rajdhani TRN12827,Rajdhani
TRN12841,Express TRN12841,Express
TRN13995,Vande Bharat TRN13995,Vande Bharat
TRN10177,Passenger TRN10177,Passenger
TRN13080,Express TRN13080,Express
TRN10813,Passenger TRN10813,Passenger
TRN13030,Superfast TRN13030,Superfast
TRN14500,Express TRN14500,Express
TRN10217,Shatabdi TRN10217,Shatabdi
TRN10302,Superfast TRN10302,Superfast
TRN10642,Passenger TRN10642,Passenger
TRN13496,Express TRN13496,Express
TRN10852,Vande Bharat TRN10852,Vande Bharat
TRN10435,Vande Bharat TRN10435,Vande Bharat
TRN12651,Passenger TRN12651,Passenger
TRN12115,Superfast TRN12115,Superfast
TRN10064,Rajdhani TRN10064,Rajdhani
TRN12818,Express TRN12818,Express
TRN11705,Express TRN11705,Express
TRN12246,Rajdhani TRN12246,Rajdhani
TRN13763,Vande Bharat TRN13763,Vande Bharat
TRN12481,Passenger TRN12481,Passenger
TRN10046,Passenger TRN10046,Passenger
TRN11391,Passenger TRN11391,Passenger
TRN12439,Passenger TRN12439,Passenger
TRN14607,Superfast TRN14607,Superfast
TRN12809,Superfast TRN12809,Superfast
TRN12948,Passenger TRN12948,Passenger
TRN12539,Vande Bharat TRN12539,Vande Bharat
TRN12759,Rajdhani TRN12759,Rajdhani
TRN10467,Express TRN10467,Express
TRN14274,Passenger TRN14274,Passenger
TRN11352,Express TRN11352,Express
TRN13826,Express TRN13826,Express
TRN10087,Superfast TRN10087,Superfast
TRN10987,Rajdhani TRN10987,Rajdhani
TRN11759,Vande Bharat TRN11759,Vande Bharat
TRN11593,Express TRN11593,Express
TRN14695,Express TRN14695,Express
TRN11282,Passenger TRN11282,Passenger
TRN13155,Shatabdi TRN13155,Shatabdi
TRN10007,Vande Bharat TRN10007,Vande Bharat
TRN13420,Shatabdi TRN13420,Shatabdi
TRN11912,Vande Bharat TRN11912,Vande Bharat
TRN10334,Shatabdi TRN10334,Shatabdi
TRN12755,Shatabdi TRN12755,Shatabdi
TRN11330,Passenger TRN11330,Passenger
TRN11913,Passenger TRN11913,Passenger
TRN11203,Vande Bharat TRN11203,Vande Bharat
TRN12835,Passenger TRN12835,Passenger
TRN12643,Superfast TRN12643,Superfast
TRN12812,Express TRN12812,Express
TRN13329,Superfast TRN13329,Superfast
TRN13181,Shatabdi TRN13181,Shatabdi
TRN13980,Express TRN13980,Express
TRN14200,Passenger TRN14200,Passenger
TRN13332,Rajdhani TRN13332,Rajdhani
TRN14604,Superfast TRN14604,Superfast
TRN13990,Express TRN13990,Express
TRN12626,Express TRN12626,Express
TRN14406,Rajdhani TRN14406,Rajdhani
TRN11832,Passenger TRN11832,Passenger
TRN11212,Shatabdi TRN11212,Shatabdi
TRN12206,Vande Bharat TRN12206,Vande Bharat
TRN11756,Passenger TRN11756,Passenger
TRN14303,Express TRN14303,Express
TRN11308,Rajdhani TRN11308,Rajdhani
TRN10724,Express TRN10724,Express
TRN14223,Superfast TRN14223,Superfast
TRN11631,Express TRN11631,Express
TRN10531,Vande Bharat TRN10531,Vande Bharat
TRN11953,Superfast TRN11953,Superfast
TRN11086,Express TRN11086,Express
TRN13243,Superfast TRN13243,Superfast
TRN14029,Superfast TRN14029,Superfast
TRN13199,Vande Bharat TRN13199,Vande Bharat
TRN13184,Passenger TRN13184,Passenger
TRN13511,Passenger TRN13511,Passenger
TRN10354,Rajdhani TRN10354,Rajdhani
TRN12804,Superfast TRN12804,Superfast
TRN14269,Passenger TRN14269,Passenger
TRN11000,Rajdhani TRN11000,Rajdhani
TRN13909,Express TRN13909,Express
TRN11562,Superfast TRN11562,Superfast
TRN13564,Express TRN13564,Express
TRN14496,Passenger TRN14496,Passenger
TRN11736,Passenger TRN11736,Passenger
TRN10951,Vande Bharat TRN10951,Vande Bharat
TRN10075,Superfast TRN10075,Superfast
TRN13201,Passenger TRN13201,Passenger
TRN12055,Vande Bharat TRN12055,Vande Bharat
TRN11618,Shatabdi TRN11618,Shatabdi
TRN14117,Passenger TRN14117,Passenger
TRN10168,Shatabdi TRN10168,Shatabdi
TRN12360,Superfast TRN12360,Superfast
TRN12971,Vande Bharat TRN12971,Vande Bharat
TRN13697,Superfast TRN13697,Superfast
TRN11046,Express TRN11046,Express
TRN11031,Rajdhani TRN11031,Rajdhani
TRN13226,Shatabdi TRN13226,Shatabdi
TRN12386,Rajdhani TRN12386,Rajdhani
TRN13949,Express TRN13949,Express
TRN12916,Passenger TRN12916,Passenger
TRN14171,Superfast TRN14171,Superfast
TRN11612,Superfast TRN11612,Superfast
TRN12048,Rajdhani TRN12048,Rajdhani
TRN13885,Vande Bharat TRN13885,Vande Bharat
TRN14927,Passenger TRN14927,Passenger
TRN11353,Vande Bharat TRN11353,Vande Bharat
TRN13254,Express TRN13254,Express
TRN13347,Passenger TRN13347,Passenger
TRN11712,Express TRN11712,Express
TRN12900,Shatabdi TRN12900,Shatabdi
TRN11853,Superfast TRN11853,Superfast
TRN14431,Superfast TRN14431,Superfast
TRN12615,Vande Bharat TRN12615,Vande Bharat
TRN13060,Superfast TRN13060,Superfast
TRN11070,Shatabdi TRN11070,Shatabdi
TRN11621,Express TRN11621,Express
TRN13526,Superfast TRN13526,Superfast
TRN12065,Superfast TRN12065,Superfast
TRN10055,Express TRN10055,Express
TRN12019,Rajdhani TRN12019,Rajdhani
TRN10524,Rajdhani TRN10524,Rajdhani
TRN11020,Shatabdi TRN11020,Shatabdi
TRN10427,Superfast TRN10427,Superfast
TRN11223,Shatabdi TRN11223,Shatabdi
TRN11933,Rajdhani TRN11933,Rajdhani
TRN13058,Rajdhani TRN13058,Rajdhani
TRN12584,Express TRN12584,Express
TRN12849,Express TRN12849,Express
TRN10725,Rajdhani TRN10725,Rajdhani
TRN10030,Express TRN10030,Express
TRN11180,Passenger TRN11180,Passenger
TRN11489,Superfast TRN11489,Superfast
TRN14969,Express TRN14969,Express
TRN10358,Vande Bharat TRN10358,Vande Bharat
TRN13600,Passenger TRN13600,Passenger
TRN10605,Express TRN10605,Express
TRN13794,Shatabdi TRN13794,Shatabdi
TRN13349,Rajdhani TRN13349,Rajdhani
TRN14876,Passenger TRN14876,Passenger
TRN11615,Shatabdi TRN11615,Shatabdi
TRN11779,Superfast TRN11779,Superfast
TRN13638,Superfast TRN13638,Superfast
TRN14527,Superfast TRN14527,Superfast
TRN13990,Vande Bharat TRN13990,Vande Bharat
TRN12918,Superfast TRN12918,Superfast
TRN10125,Rajdhani TRN10125,Rajdhani
TRN10022,Passenger TRN10022,Passenger
TRN14945,Express TRN14945,Express
TRN12974,Superfast TRN12974,Superfast
TRN14498,Express TRN14498,Express
TRN10821,Passenger TRN10821,Passenger
TRN13221,Rajdhani TRN13221,Rajdhani
TRN14231,Passenger TRN14231,Passenger
TRN12409,Passenger TRN12409,Passenger
TRN10200,Express TRN10200,Express
TRN11365,Express TRN11365,Express
TRN11321,Shatabdi TRN11321,Shatabdi
TRN10593,Superfast TRN10593,Superfast
TRN12865,Passenger TRN12865,Passenger
TRN14068,Vande Bharat TRN14068,Vande Bharat
TRN13196,Superfast TRN13196,Superfast
TRN13367,Superfast TRN13367,Superfast
TRN11656,Passenger TRN11656,Passenger
TRN11355,Passenger TRN11355,Passenger
TRN11750,Vande Bharat TRN11750,Vande Bharat
TRN12839,Passenger TRN12839,Passenger
TRN10819,Superfast TRN10819,Superfast
TRN12314,Vande Bharat TRN12314,Vande Bharat
TRN11966,Rajdhani TRN11966,Rajdhani
TRN11889,Shatabdi TRN11889,Shatabdi
TRN13586,Passenger TRN13586,Passenger
TRN11507,Express TRN11507,Express
TRN13189,Passenger TRN13189,Passenger
TRN13592,Vande Bharat TRN13592,Vande Bharat
TRN10804,Superfast TRN10804,Superfast
TRN11291,Rajdhani TRN11291,Rajdhani
TRN11227,Rajdhani TRN11227,Rajdhani
TRN14184,Superfast TRN14184,Superfast
TRN12087,Vande Bharat TRN12087,Vande Bharat
TRN14316,Express TRN14316,Express
TRN11787,Shatabdi TRN11787,Shatabdi
TRN13810,Superfast TRN13810,Superfast
TRN10162,Superfast TRN10162,Superfast
TRN10802,Passenger TRN10802,Passenger
TRN12086,Passenger TRN12086,Passenger
TRN12730,Shatabdi TRN12730,Shatabdi
TRN14653,Shatabdi TRN14653,Shatabdi
TRN14487,Express TRN14487,Express
TRN13589,Passenger TRN13589,Passenger
TRN10844,Rajdhani TRN10844,Rajdhani
TRN12773,Superfast TRN12773,Superfast
TRN14181,Shatabdi TRN14181,Shatabdi
TRN11807,Express TRN11807,Express
TRN13988,Passenger TRN13988,Passenger
TRN14736,Express TRN14736,Express
TRN12989,Rajdhani TRN12989,Rajdhani
TRN12568,Shatabdi TRN12568,Shatabdi
TRN13873,Rajdhani TRN13873,Rajdhani
TRN13783,Shatabdi TRN13783,Shatabdi
TRN11938,Passenger TRN11938,Passenger
TRN12400,Superfast TRN12400,Superfast
TRN13093,Superfast TRN13093,Superfast
TRN12981,Vande Bharat TRN12981,Vande Bharat
TRN14521,Rajdhani TRN14521,Rajdhani
TRN13344,Express TRN13344,Express
TRN10315,Express TRN10315,Express
TRN10725,Vande Bharat TRN10725,Vande Bharat
TRN10738,Superfast TRN10738,Superfast
TRN10310,Passenger TRN10310,Passenger
TRN11698,Express TRN11698,Express
TRN14551,Passenger TRN14551,Passenger
TRN13020,Passenger TRN13020,Passenger
TRN13763,Superfast TRN13763,Superfast
TRN13376,Shatabdi TRN13376,Shatabdi
TRN11631,Vande Bharat TRN11631,Vande Bharat
TRN12728,Rajdhani TRN12728,Rajdhani
TRN12088,Shatabdi TRN12088,Shatabdi
TRN12220,Vande Bharat TRN12220,Vande Bharat
TRN14913,Superfast TRN14913,Superfast
TRN10284,Superfast TRN10284,Superfast
TRN10510,Shatabdi TRN10510,Shatabdi
TRN11227,Passenger TRN11227,Passenger
TRN11336,Passenger TRN11336,Passenger
TRN14478,Express TRN14478,Express
TRN14885,Superfast TRN14885,Superfast
TRN12459,Vande Bharat TRN12459,Vande Bharat
TRN13282,Rajdhani TRN13282,Rajdhani
TRN11225,Express TRN11225,Express
TRN11880,Rajdhani TRN11880,Rajdhani
TRN14921,Rajdhani TRN14921,Rajdhani
TRN14108,Passenger TRN14108,Passenger
TRN11849,Rajdhani TRN11849,Rajdhani
TRN14637,Superfast TRN14637,Superfast
TRN12966,Passenger TRN12966,Passenger
TRN10036,Shatabdi TRN10036,Shatabdi
TRN13544,Vande Bharat TRN13544,Vande Bharat
TRN14351,Vande Bharat TRN14351,Vande Bharat
TRN11548,Superfast TRN11548,Superfast
TRN11385,Express TRN11385,Express
TRN12864,Passenger TRN12864,Passenger
TRN12619,Express TRN12619,Express
TRN10065,Passenger TRN10065,Passenger
TRN13570,Passenger TRN13570,Passenger
TRN13871,Express TRN13871,Express
TRN14248,Rajdhani TRN14248,Rajdhani
TRN10102,Superfast TRN10102,Superfast
TRN14660,Superfast TRN14660,Superfast
TRN14661,Rajdhani TRN14661,Rajdhani
TRN12461,Rajdhani TRN12461,Rajdhani
TRN12204,Express TRN12204,Express
TRN11887,Rajdhani TRN11887,Rajdhani
TRN11205,Express TRN11205,Express
TRN11128,Superfast TRN11128,Superfast
TRN13854,Vande Bharat TRN13854,Vande Bharat
TRN14635,Vande Bharat TRN14635,Vande Bharat
TRN14030,Vande Bharat TRN14030,Vande Bharat
TRN13644,Express TRN13644,Express
TRN12812,Rajdhani TRN12812,Rajdhani
TRN11706,Express TRN11706,Express
TRN11744,Express TRN11744,Express
TRN14118,Express TRN14118,Express
TRN11462,Vande Bharat TRN11462,Vande Bharat
TRN13126,Superfast TRN13126,Superfast
TRN12544,Superfast TRN12544,Superfast
TRN10232,Superfast TRN10232,Superfast
TRN12751,Vande Bharat TRN12751,Vande Bharat
TRN12174,Passenger TRN12174,Passenger
TRN13116,Vande Bharat TRN13116,Vande Bharat
TRN11074,Express TRN11074,Express
TRN10605,Passenger TRN10605,Passenger
TRN12921,Superfast TRN12921,Superfast
TRN12688,Superfast TRN12688,Superfast
TRN10125,Superfast TRN10125,Superfast
TRN13025,Passenger TRN13025,Passenger
TRN14448,Shatabdi TRN14448,Shatabdi
TRN13991,Shatabdi TRN13991,Shatabdi
TRN13888,Rajdhani TRN13888,Rajdhani
TRN10848,Passenger TRN10848,Passenger
TRN12249,Passenger TRN12249,Passenger
TRN13661,Express TRN13661,Express
TRN13498,Superfast TRN13498,Superfast
TRN11967,Shatabdi TRN11967,Shatabdi
TRN14058,Rajdhani TRN14058,Rajdhani
TRN12642,Express TRN12642,Express
TRN12834,Rajdhani TRN12834,Rajdhani
TRN12727,Passenger TRN12727,Passenger
TRN12097,Superfast TRN12097,Superfast
TRN12647,Shatabdi TRN12647,Shatabdi
TRN14678,Express TRN14678,Express
TRN12340,Express TRN12340,Express
TRN11998,Rajdhani TRN11998,Rajdhani
TRN14857,Shatabdi TRN14857,Shatabdi
TRN13315,Superfast TRN13315,Superfast
TRN14267,Rajdhani TRN14267,Rajdhani
TRN14701,Express TRN14701,Express
TRN11409,Superfast TRN11409,Superfast
TRN10680,Vande Bharat TRN10680,Vande Bharat
TRN14067,Express TRN14067,Express
TRN13335,Superfast TRN13335,Superfast
TRN14093,Express TRN14093,Express
TRN11336,Superfast TRN11336,Superfast
TRN11740,Express TRN11740,Express
TRN12514,Passenger TRN12514,Passenger
TRN10857,Superfast TRN10857,Superfast
TRN12920,Passenger TRN12920,Passenger
TRN11023,Express TRN11023,Express
TRN11406,Rajdhani TRN11406,Rajdhani
TRN14999,Shatabdi TRN14999,Shatabdi
TRN12401,Express TRN12401,Express
TRN13625,Passenger TRN13625,Passenger
TRN12844,Vande Bharat TRN12844,Vande Bharat
TRN14180,Vande Bharat TRN14180,Vande Bharat
TRN11484,Rajdhani TRN11484,Rajdhani
TRN10840,Rajdhani TRN10840,Rajdhani
TRN11877,Vande Bharat TRN11877,Vande Bharat
TRN12017,Vande Bharat TRN12017,Vande Bharat
TRN12495,Superfast TRN12495,Superfast
TRN11608,Passenger TRN11608,Passenger
TRN11868,Express TRN11868,Express
TRN10445,Vande Bharat TRN10445,Vande Bharat
TRN14266,Superfast TRN14266,Superfast
TRN13852,Shatabdi TRN13852,Shatabdi
TRN10688,Vande Bharat TRN10688,Vande Bharat
TRN11624,Vande Bharat TRN11624,Vande Bharat
TRN13645,Passenger TRN13645,Passenger
TRN14740,Rajdhani TRN14740,Rajdhani
TRN11075,Passenger TRN11075,Passenger
TRN13103,Rajdhani TRN13103,Rajdhani
TRN14585,Superfast TRN14585,Superfast
TRN11364,Shatabdi TRN11364,Shatabdi
TRN10996,Vande Bharat TRN10996,Vande Bharat
TRN14336,Vande Bharat TRN14336,Vande Bharat
TRN14416,Shatabdi TRN14416,Shatabdi
TRN13354,Passenger TRN13354,Passenger
TRN10043,Express TRN10043,Express
TRN10898,Superfast TRN10898,Superfast
TRN12295,Express TRN12295,Express
TRN13328,Shatabdi TRN13328,Shatabdi
TRN11683,Passenger TRN11683,Passenger
TRN12121,Shatabdi TRN12121,Shatabdi
TRN11301,Express TRN11301,Express
TRN14457,Shatabdi TRN14457,Shatabdi
TRN11625,Express TRN11625,Express
TRN12829,Express TRN12829,Express
TRN13126,Rajdhani TRN13126,Rajdhani
TRN14905,Shatabdi TRN14905,Shatabdi
TRN11274,Superfast TRN11274,Superfast
TRN10921,Rajdhani TRN10921,Rajdhani
TRN10794,Vande Bharat TRN10794,Vande Bharat
TRN14979,Superfast TRN14979,Superfast
TRN13957,Express TRN13957,Express
TRN11757,Rajdhani TRN11757,Rajdhani
TRN10438,Superfast TRN10438,Superfast
TRN14154,Rajdhani TRN14154,Rajdhani
TRN11543,Shatabdi TRN11543,Shatabdi
TRN12556,Vande Bharat TRN12556,Vande Bharat
TRN11489,Rajdhani TRN11489,Rajdhani
TRN13657,Shatabdi TRN13657,Shatabdi
TRN11158,Express TRN11158,Express
TRN10702,Vande Bharat TRN10702,Vande Bharat
TRN11939,Superfast TRN11939,Superfast
TRN13182,Vande Bharat TRN13182,Vande Bharat
TRN11580,Superfast TRN11580,Superfast
TRN11271,Shatabdi TRN11271,Shatabdi
TRN13955,Vande Bharat TRN13955,Vande Bharat
TRN14315,Passenger TRN14315,Passenger
TRN12808,Vande Bharat TRN12808,Vande Bharat
TRN11633,Passenger TRN11633,Passenger
TRN12214,Superfast TRN12214,Superfast
TRN14697,Passenger TRN14697,Passenger
TRN11802,Vande Bharat TRN11802,Vande Bharat
TRN13281,Rajdhani TRN13281,Rajdhani
TRN13897,Shatabdi TRN13897,Shatabdi
TRN14003,Passenger TRN14003,Passenger
TRN10120,Shatabdi TRN10120,Shatabdi
TRN10999,Passenger TRN10999,Passenger
TRN12484,Express TRN12484,Express
TRN11665,Rajdhani TRN11665,Rajdhani
TRN13198,Vande Bharat TRN13198,Vande Bharat
TRN10036,Vande Bharat TRN10036,Vande Bharat
TRN13011,Shatabdi TRN13011,Shatabdi
TRN10762,Express TRN10762,Express
TRN13480,Rajdhani TRN13480,Rajdhani
TRN10456,Superfast TRN10456,Superfast
TRN14842,Express TRN14842,Express
TRN12877,Vande Bharat TRN12877,Vande Bharat
TRN10192,Rajdhani TRN10192,Rajdhani
TRN10140,Express TRN10140,Express
TRN12552,Rajdhani TRN12552,Rajdhani
TRN12142,Superfast TRN12142,Superfast
TRN12757,Vande Bharat TRN12757,Vande Bharat
TRN12156,Superfast TRN12156,Superfast
TRN10195,Superfast TRN10195,Superfast
TRN10569,Passenger TRN10569,Passenger
TRN14342,Passenger TRN14342,Passenger
TRN14710,Superfast TRN14710,Superfast
TRN12584,Superfast TRN12584,Superfast
TRN11063,Rajdhani TRN11063,Rajdhani
TRN12580,Rajdhani TRN12580,Rajdhani
TRN10629,Vande Bharat TRN10629,Vande Bharat
TRN14080,Shatabdi TRN14080,Shatabdi
TRN10829,Vande Bharat TRN10829,Vande Bharat
TRN12736,Superfast TRN12736,Superfast
TRN10722,Superfast TRN10722,Superfast
TRN11657,Rajdhani TRN11657,Rajdhani
TRN13657,Rajdhani TRN13657,Rajdhani
TRN13288,Rajdhani TRN13288,Rajdhani
TRN11020,Rajdhani TRN11020,Rajdhani
TRN11480,Rajdhani TRN11480,Rajdhani
TRN11183,Vande Bharat TRN11183,Vande Bharat
TRN14790,Passenger TRN14790,Passenger
TRN13691,Vande Bharat TRN13691,Vande Bharat
TRN13780,Vande Bharat TRN13780,Vande Bharat
TRN12102,Shatabdi TRN12102,Shatabdi
TRN12283,Vande Bharat TRN12283,Vande Bharat
TRN14584,Passenger TRN14584,Passenger
TRN12967,Vande Bharat TRN12967,Vande Bharat
TRN10681,Passenger TRN10681,Passenger
TRN12390,Passenger TRN12390,Passenger
TRN10429,Vande Bharat TRN10429,Vande Bharat
TRN11747,Superfast TRN11747,Superfast
TRN10496,Superfast TRN10496,Superfast
TRN12122,Superfast TRN12122,Superfast
TRN12026,Passenger TRN12026,Passenger
TRN12870,Rajdhani TRN12870,Rajdhani
TRN10348,Express TRN10348,Express
TRN14224,Rajdhani TRN14224,Rajdhani
TRN12484,Passenger TRN12484,Passenger
TRN10715,Passenger TRN10715,Passenger
TRN11063,Passenger TRN11063,Passenger
TRN14487,Passenger TRN14487,Passenger
TRN13506,Passenger TRN13506,Passenger
TRN10631,Vande Bharat TRN10631,Vande Bharat
TRN11362,Superfast TRN11362,Superfast
TRN13724,Vande Bharat TRN13724,Vande Bharat
TRN12828,Passenger TRN12828,Passenger
TRN12666,Rajdhani TRN12666,Rajdhani
TRN13480,Vande Bharat TRN13480,Vande Bharat
TRN10707,Superfast TRN10707,Superfast
TRN10839,Rajdhani TRN10839,Rajdhani
TRN12738,Express TRN12738,Express
TRN10262,Vande Bharat TRN10262,Vande Bharat
TRN14917,Passenger TRN14917,Passenger
TRN13317,Express TRN13317,Express
TRN14975,Rajdhani TRN14975,Rajdhani
TRN14165,Passenger TRN14165,Passenger
TRN13438,Vande Bharat TRN13438,Vande Bharat
TRN14548,Shatabdi TRN14548,Shatabdi
TRN10831,Rajdhani TRN10831,Rajdhani
TRN13321,Shatabdi TRN13321,Shatabdi
TRN13859,Passenger TRN13859,Passenger
TRN14868,Shatabdi TRN14868,Shatabdi
TRN12741,Superfast TRN12741,Superfast
TRN10998,Vande Bharat TRN10998,Vande Bharat
TRN10522,Vande Bharat TRN10522,Vande Bharat
TRN13146,Passenger TRN13146,Passenger
TRN12738,Passenger TRN12738,Passenger
TRN13474,Rajdhani TRN13474,Rajdhani
TRN12892,Shatabdi TRN12892,Shatabdi
TRN12547,Shatabdi TRN12547,Shatabdi
TRN10081,Express TRN10081,Express
TRN12526,Express TRN12526,Express
TRN14667,Rajdhani TRN14667,Rajdhani
TRN11346,Express TRN11346,Express
TRN11587,Passenger TRN11587,Passenger
TRN14791,Rajdhani TRN14791,Rajdhani
TRN10277,Passenger TRN10277,Passenger
TRN12179,Passenger TRN12179,Passenger
TRN13121,Vande Bharat TRN13121,Vande Bharat
TRN10602,Superfast TRN10602,Superfast
TRN10373,Passenger TRN10373,Passenger
TRN13372,Passenger TRN13372,Passenger
TRN14546,Rajdhani TRN14546,Rajdhani
TRN11457,Express TRN11457,Express
TRN11922,Express TRN11922,Express
TRN12419,Superfast TRN12419,Superfast
TRN14879,Superfast TRN14879,Superfast
TRN14135,Express TRN14135,Express
TRN11833,Shatabdi TRN11833,Shatabdi
TRN11785,Shatabdi TRN11785,Shatabdi
TRN14641,Vande Bharat TRN14641,Vande Bharat
TRN11264,Rajdhani TRN11264,Rajdhani
TRN13586,Rajdhani TRN13586,Rajdhani
TRN14358,Express TRN14358,Express
TRN11843,Passenger TRN11843,Passenger
TRN14561,Passenger TRN14561,Passenger
TRN10172,Rajdhani TRN10172,Rajdhani
TRN13766,Superfast TRN13766,Superfast
TRN11593,Rajdhani TRN11593,Rajdhani
TRN13374,Superfast TRN13374,Superfast
TRN10842,Passenger TRN10842,Passenger
TRN14863,Shatabdi TRN14863,Shatabdi
TRN14737,Shatabdi TRN14737,Shatabdi
TRN12917,Rajdhani TRN12917,Rajdhani
TRN12375,Shatabdi TRN12375,Shatabdi
TRN11431,Shatabdi TRN11431,Shatabdi
TRN13729,Shatabdi TRN13729,Shatabdi
TRN13502,Rajdhani TRN13502,Rajdhani
TRN12696,Shatabdi TRN12696,Shatabdi
TRN11706,Vande Bharat TRN11706,Vande Bharat
TRN11498,Superfast TRN11498,Superfast
TRN13960,Rajdhani TRN13960,Rajdhani
TRN14836,Vande Bharat TRN14836,Vande Bharat
TRN10086,Passenger TRN10086,Passenger
TRN13336,Superfast TRN13336,Superfast
TRN11974,Shatabdi TRN11974,Shatabdi
TRN13416,Rajdhani TRN13416,Rajdhani
TRN10356,Passenger TRN10356,Passenger
TRN10535,Vande Bharat TRN10535,Vande Bharat
TRN14108,Rajdhani TRN14108,Rajdhani
TRN12531,Passenger TRN12531,Passenger
TRN13052,Rajdhani TRN13052,Rajdhani
TRN11789,Superfast TRN11789,Superfast
TRN11583,Superfast TRN11583,Superfast
TRN10892,Superfast TRN10892,Superfast
TRN12869,Passenger TRN12869,Passenger
TRN14475,Shatabdi TRN14475,Shatabdi
TRN10956,Superfast TRN10956,Superfast
TRN12980,Shatabdi TRN12980,Shatabdi
TRN12511,Express TRN12511,Express
TRN14915,Express TRN14915,Express
TRN11112,Passenger TRN11112,Passenger
TRN11668,Passenger TRN11668,Passenger
TRN14445,Superfast TRN14445,Superfast
TRN12725,Rajdhani TRN12725,Rajdhani
TRN14686,Passenger TRN14686,Passenger
TRN14709,Superfast TRN14709,Superfast
TRN12522,Shatabdi TRN12522,Shatabdi
TRN11559,Passenger TRN11559,Passenger
TRN13275,Vande Bharat TRN13275,Vande Bharat
TRN13351,Rajdhani TRN13351,Rajdhani
TRN12805,Rajdhani TRN12805,Rajdhani
TRN12899,Vande Bharat TRN12899,Vande Bharat
TRN14259,Passenger TRN14259,Passenger
TRN14314,Vande Bharat TRN14314,Vande Bharat
TRN10526,Shatabdi TRN10526,Shatabdi
TRN10976,Express TRN10976,Express
TRN14781,Passenger TRN14781,Passenger
TRN10398,Express TRN10398,Express
TRN12815,Rajdhani TRN12815,Rajdhani
TRN11477,Superfast TRN11477,Superfast
TRN11147,Rajdhani TRN11147,Rajdhani
TRN12748,Passenger TRN12748,Passenger
TRN10234,Shatabdi TRN10234,Shatabdi
TRN11455,Passenger TRN11455,Passenger
TRN10429,Passenger TRN10429,Passenger
TRN10017,Superfast TRN10017,Superfast
TRN14052,Vande Bharat TRN14052,Vande Bharat
TRN14072,Shatabdi TRN14072,Shatabdi
TRN13991,Express TRN13991,Express
TRN14659,Vande Bharat TRN14659,Vande Bharat
TRN10436,Passenger TRN10436,Passenger
TRN10943,Passenger TRN10943,Passenger
TRN11243,Express TRN11243,Express
TRN11360,Shatabdi TRN11360,Shatabdi
TRN14752,Express TRN14752,Express
TRN13903,Superfast TRN13903,Superfast
TRN10333,Vande Bharat TRN10333,Vande Bharat
TRN10010,Vande Bharat TRN10010,Vande Bharat
TRN12269,Passenger TRN12269,Passenger
TRN14941,Express TRN14941,Express
TRN13476,Rajdhani TRN13476,Rajdhani
TRN10830,Vande Bharat TRN10830,Vande Bharat
TRN14403,Passenger TRN14403,Passenger
TRN11239,Rajdhani TRN11239,Rajdhani
TRN11887,Shatabdi TRN11887,Shatabdi
TRN10872,Shatabdi TRN10872,Shatabdi
TRN10708,Passenger TRN10708,Passenger
TRN12825,Superfast TRN12825,Superfast
TRN13332,Express TRN13332,Express
TRN13240,Shatabdi TRN13240,Shatabdi
TRN10246,Vande Bharat TRN10246,Vande Bharat
TRN12026,Vande Bharat TRN12026,Vande Bharat
TRN12147,Passenger TRN12147,Passenger
TRN11873,Express TRN11873,Express
TRN10066,Passenger TRN10066,Passenger
TRN10919,Rajdhani TRN10919,Rajdhani
TRN11193,Rajdhani TRN11193,Rajdhani
TRN11942,Passenger TRN11942,Passenger
TRN12806,Shatabdi TRN12806,Shatabdi
TRN14353,Vande Bharat TRN14353,Vande Bharat
TRN10685,Passenger TRN10685,Passenger
TRN11567,Superfast TRN11567,Superfast
TRN10934,Superfast TRN10934,Superfast
TRN13397,Rajdhani TRN13397,Rajdhani
TRN10100,Superfast TRN10100,Superfast
TRN13915,Vande Bharat TRN13915,Vande Bharat
TRN13943,Shatabdi TRN13943,Shatabdi
TRN14741,Express TRN14741,Express
TRN12178,Rajdhani TRN12178,Rajdhani
TRN14046,Rajdhani TRN14046,Rajdhani
TRN11946,Vande Bharat TRN11946,Vande Bharat
TRN14220,Passenger TRN14220,Passenger
TRN11532,Vande Bharat TRN11532,Vande Bharat
TRN14796,Shatabdi TRN14796,Shatabdi
TRN12040,Rajdhani TRN12040,Rajdhani
TRN14003,Express TRN14003,Express
TRN10638,Vande Bharat TRN10638,Vande Bharat
TRN10537,Superfast TRN10537,Superfast
TRN13652,Vande Bharat TRN13652,Vande Bharat
TRN12206,Passenger TRN12206,Passenger
TRN11724,Vande Bharat TRN11724,Vande Bharat
TRN12036,Rajdhani TRN12036,Rajdhani
TRN12317,Vande Bharat TRN12317,Vande Bharat
TRN10341,Passenger TRN10341,Passenger
TRN11862,Vande Bharat TRN11862,Vande Bharat
TRN12985,Vande Bharat TRN12985,Vande Bharat
TRN10957,Passenger TRN10957,Passenger
TRN12302,Shatabdi TRN12302,Shatabdi
TRN13009,Express TRN13009,Express
TRN13925,Shatabdi TRN13925,Shatabdi
TRN14938,Superfast TRN14938,Superfast
TRN12632,Vande Bharat TRN12632,Vande Bharat
TRN11054,Rajdhani TRN11054,Rajdhani
TRN10700,Vande Bharat TRN10700,Vande Bharat
TRN14185,Superfast TRN14185,Superfast
TRN13758,Rajdhani TRN13758,Rajdhani
TRN13481,Express TRN13481,Express
TRN12983,Vande Bharat TRN12983,Vande Bharat
TRN10151,Vande Bharat TRN10151,Vande Bharat
TRN11652,Shatabdi TRN11652,Shatabdi
TRN12452,Passenger TRN12452,Passenger
TRN11960,Superfast TRN11960,Superfast
TRN14776,Express TRN14776,Express
TRN11401,Vande Bharat TRN11401,Vande Bharat
TRN10368,Passenger TRN10368,Passenger
TRN13585,Vande Bharat TRN13585,Vande Bharat
TRN14900,Vande Bharat TRN14900,Vande Bharat
TRN13881,Passenger TRN13881,Passenger
TRN14003,Shatabdi TRN14003,Shatabdi
TRN12964,Vande Bharat TRN12964,Vande Bharat
TRN11611,Rajdhani TRN11611,Rajdhani
TRN12677,Vande Bharat TRN12677,Vande Bharat
TRN10728,Passenger TRN10728,Passenger
TRN10825,Shatabdi TRN10825,Shatabdi
TRN14298,Express TRN14298,Express
TRN10821,Superfast TRN10821,Superfast
TRN13627,Passenger TRN13627,Passenger
TRN14856,Superfast TRN14856,Superfast
TRN11062,Rajdhani TRN11062,Rajdhani
TRN11551,Passenger TRN11551,Passenger
TRN13403,Shatabdi TRN13403,Shatabdi
TRN12794,Vande Bharat TRN12794,Vande Bharat
TRN13765,Express TRN13765,Express
TRN12497,Shatabdi TRN12497,Shatabdi
TRN12089,Superfast TRN12089,Superfast
TRN13721,Passenger TRN13721,Passenger
TRN10732,Superfast TRN10732,Superfast
TRN13434,Passenger TRN13434,Passenger
TRN12079,Vande Bharat TRN12079,Vande Bharat
TRN12361,Vande Bharat TRN12361,Vande Bharat
TRN13200,Superfast TRN13200,Superfast
TRN13088,Passenger TRN13088,Passenger
TRN14434,Superfast TRN14434,Superfast
TRN14772,Shatabdi TRN14772,Shatabdi
TRN13251,Passenger TRN13251,Passenger
TRN10207,Express TRN10207,Express
TRN13293,Passenger TRN13293,Passenger
TRN13880,Passenger TRN13880,Passenger
TRN11015,Passenger TRN11015,Passenger
TRN10144,Passenger TRN10144,Passenger
TRN13195,Superfast TRN13195,Superfast
TRN10476,Superfast TRN10476,Superfast
TRN13623,Rajdhani TRN13623,Rajdhani
TRN11078,Passenger TRN11078,Passenger
TRN14240,Passenger TRN14240,Passenger
TRN14831,Rajdhani TRN14831,Rajdhani
TRN14123,Superfast TRN14123,Superfast
TRN13145,Rajdhani TRN13145,Rajdhani
TRN14290,Superfast TRN14290,Superfast
TRN11250,Rajdhani TRN11250,Rajdhani
TRN13603,Rajdhani TRN13603,Rajdhani
TRN11208,Vande Bharat TRN11208,Vande Bharat
TRN14032,Express TRN14032,Express
TRN13651,Express TRN13651,Express
TRN13739,Passenger TRN13739,Passenger
TRN12322,Rajdhani TRN12322,Rajdhani
TRN14522,Passenger TRN14522,Passenger
TRN14034,Superfast TRN14034,Superfast
TRN12704,Express TRN12704,Express
TRN10320,Shatabdi TRN10320,Shatabdi
TRN12333,Passenger TRN12333,Passenger
TRN11061,Express TRN11061,Express
TRN13206,Passenger TRN13206,Passenger
TRN10889,Passenger TRN10889,Passenger
TRN13603,Express TRN13603,Express
TRN13852,Rajdhani TRN13852,Rajdhani
TRN10563,Vande Bharat TRN10563,Vande Bharat
TRN14460,Vande Bharat TRN14460,Vande Bharat
TRN13567,Vande Bharat TRN13567,Vande Bharat
TRN11294,Passenger TRN11294,Passenger
TRN11821,Vande Bharat TRN11821,Vande Bharat
TRN13007,Vande Bharat TRN13007,Vande Bharat
TRN13134,Rajdhani TRN13134,Rajdhani
TRN13196,Passenger TRN13196,Passenger
TRN12416,Rajdhani TRN12416,Rajdhani
TRN10210,Express TRN10210,Express
TRN14794,Superfast TRN14794,Superfast
TRN12713,Shatabdi TRN12713,Shatabdi
TRN13455,Passenger TRN13455,Passenger
TRN10722,Rajdhani TRN10722,Rajdhani
TRN14803,Superfast TRN14803,Superfast
TRN14286,Vande Bharat TRN14286,Vande Bharat
TRN14382,Express TRN14382,Express
TRN14652,Shatabdi TRN14652,Shatabdi
TRN13759,Superfast TRN13759,Superfast
TRN10225,Express TRN10225,Express
TRN11354,Rajdhani TRN11354,Rajdhani
TRN12787,Shatabdi TRN12787,Shatabdi
TRN14830,Superfast TRN14830,Superfast
TRN12805,Passenger TRN12805,Passenger
TRN10745,Rajdhani TRN10745,Rajdhani
TRN14818,Express TRN14818,Express
TRN13429,Shatabdi TRN13429,Shatabdi
TRN14230,Vande Bharat TRN14230,Vande Bharat
TRN10112,Superfast TRN10112,Superfast
TRN10053,Passenger TRN10053,Passenger
TRN10510,Express TRN10510,Express
TRN11686,Rajdhani TRN11686,Rajdhani
TRN11213,Passenger TRN11213,Passenger
TRN10412,Passenger TRN10412,Passenger
TRN13942,Express TRN13942,Express
TRN11862,Superfast TRN11862,Superfast
TRN10900,Vande Bharat TRN10900,Vande Bharat
TRN11213,Express TRN11213,Express
TRN13244,Superfast TRN13244,Superfast
TRN14654,Passenger TRN14654,Passenger
TRN12756,Superfast TRN12756,Superfast
TRN14332,Superfast TRN14332,Superfast
TRN14552,Passenger TRN14552,Passenger
TRN10291,Superfast TRN10291,Superfast
TRN13838,Express TRN13838,Express
TRN13328,Rajdhani TRN13328,Rajdhani
TRN13135,Express TRN13135,Express
TRN14035,Passenger TRN14035,Passenger
TRN12677,Rajdhani TRN12677,Rajdhani
TRN13994,Superfast TRN13994,Superfast
TRN12271,Passenger TRN12271,Passenger
TRN13494,Vande Bharat TRN13494,Vande Bharat
TRN12253,Passenger TRN12253,Passenger
TRN10584,Passenger TRN10584,Passenger
TRN11863,Shatabdi TRN11863,Shatabdi
TRN12875,Express TRN12875,Express
TRN10254,Rajdhani TRN10254,Rajdhani
TRN11151,Superfast TRN11151,Superfast
TRN14074,Superfast TRN14074,Superfast
TRN12455,Express TRN12455,Express
TRN11270,Superfast TRN11270,Superfast
TRN11820,Express TRN11820,Express
TRN11946,Rajdhani TRN11946,Rajdhani
TRN13445,Rajdhani TRN13445,Rajdhani
TRN11233,Shatabdi TRN11233,Shatabdi
TRN10718,Passenger TRN10718,Passenger
TRN12227,Superfast TRN12227,Superfast
TRN14501,Passenger TRN14501,Passenger
TRN13209,Vande Bharat TRN13209,Vande Bharat
TRN13117,Passenger TRN13117,Passenger
TRN10351,Passenger TRN10351,Passenger
TRN13949,Superfast TRN13949,Superfast
TRN12822,Express TRN12822,Express
TRN10340,Shatabdi TRN10340,Shatabdi
TRN11071,Superfast TRN11071,Superfast
TRN13031,Vande Bharat TRN13031,Vande Bharat
TRN13624,Superfast TRN13624,Superfast
TRN10333,Express TRN10333,Express
TRN14895,Passenger TRN14895,Passenger
TRN10178,Rajdhani TRN10178,Rajdhani
TRN13298,Superfast TRN13298,Superfast
TRN14617,Passenger TRN14617,Passenger
TRN13421,Rajdhani TRN13421,Rajdhani
TRN10808,Passenger TRN10808,Passenger
TRN11039,Shatabdi TRN11039,Shatabdi
TRN13936,Rajdhani TRN13936,Rajdhani
TRN11438,Superfast TRN11438,Superfast
TRN11172,Express TRN11172,Express
TRN13889,Shatabdi TRN13889,Shatabdi
TRN11647,Rajdhani TRN11647,Rajdhani
TRN10538,Rajdhani TRN10538,Rajdhani
TRN14034,Passenger TRN14034,Passenger
TRN14418,Passenger TRN14418,Passenger
TRN12458,Vande Bharat TRN12458,Vande Bharat
TRN12708,Rajdhani TRN12708,Rajdhani
TRN14650,Rajdhani TRN14650,Rajdhani
TRN14386,Vande Bharat TRN14386,Vande Bharat
TRN12437,Express TRN12437,Express
TRN11757,Vande Bharat TRN11757,Vande Bharat
TRN10291,Rajdhani TRN10291,Rajdhani
TRN13469,Superfast TRN13469,Superfast
TRN13177,Shatabdi TRN13177,Shatabdi
TRN14965,Shatabdi TRN14965,Shatabdi
TRN13346,Superfast TRN13346,Superfast
TRN14788,Superfast TRN14788,Superfast
TRN11103,Express TRN11103,Express
TRN11136,Rajdhani TRN11136,Rajdhani
TRN11904,Passenger TRN11904,Passenger
TRN12113,Passenger TRN12113,Passenger
TRN11700,Shatabdi TRN11700,Shatabdi
TRN10887,Express TRN10887,Express
TRN14613,Passenger TRN14613,Passenger
TRN12390,Superfast TRN12390,Superfast
TRN11556,Rajdhani TRN11556,Rajdhani
TRN12136,Superfast TRN12136,Superfast
TRN12932,Passenger TRN12932,Passenger
TRN14212,Passenger TRN14212,Passenger
TRN12375,Vande Bharat TRN12375,Vande Bharat
TRN10353,Superfast TRN10353,Superfast
TRN11405,Rajdhani TRN11405,Rajdhani
TRN13420,Superfast TRN13420,Superfast
TRN14958,Rajdhani TRN14958,Rajdhani
TRN11175,Passenger TRN11175,Passenger
TRN10815,Rajdhani TRN10815,Rajdhani
TRN14464,Rajdhani TRN14464,Rajdhani
TRN12114,Shatabdi TRN12114,Shatabdi
TRN13678,Rajdhani TRN13678,Rajdhani
TRN13788,Superfast TRN13788,Superfast
TRN13959,Shatabdi TRN13959,Shatabdi
TRN14201,Rajdhani TRN14201,Rajdhani
TRN12281,Superfast TRN12281,Superfast
TRN14820,Vande Bharat TRN14820,Vande Bharat
TRN12484,Vande Bharat TRN12484,Vande Bharat
TRN10838,Express TRN10838,Express
TRN14205,Vande Bharat TRN14205,Vande Bharat
TRN11088,Rajdhani TRN11088,Rajdhani
TRN13636,Vande Bharat TRN13636,Vande Bharat
TRN12274,Passenger TRN12274,Passenger
TRN13629,Passenger TRN13629,Passenger
TRN14841,Vande Bharat TRN14841,Vande Bharat
TRN12974,Passenger TRN12974,Passenger
TRN12151,Rajdhani TRN12151,Rajdhani
TRN13278,Passenger TRN13278,Passenger
TRN10682,Superfast TRN10682,Superfast
TRN10607,Passenger TRN10607,Passenger
TRN14879,Passenger TRN14879,Passenger
TRN14658,Vande Bharat TRN14658,Vande Bharat
TRN13538,Passenger TRN13538,Passenger
TRN11237,Rajdhani TRN11237,Rajdhani
TRN11644,Passenger TRN11644,Passenger
TRN14366,Superfast TRN14366,Superfast
TRN14037,Superfast TRN14037,Superfast
TRN12155,Express TRN12155,Express
TRN12129,Passenger TRN12129,Passenger
TRN14958,Passenger TRN14958,Passenger
TRN12351,Superfast TRN12351,Superfast
TRN14531,Vande Bharat TRN14531,Vande Bharat
TRN11841,Passenger TRN11841,Passenger
TRN11304,Rajdhani TRN11304,Rajdhani
TRN12628,Shatabdi TRN12628,Shatabdi
TRN13166,Rajdhani TRN13166,Rajdhani
TRN10355,Express TRN10355,Express
TRN13946,Express TRN13946,Express
TRN12541,Superfast TRN12541,Superfast
TRN12800,Vande Bharat TRN12800,Vande Bharat
TRN12176,Superfast TRN12176,Superfast
TRN14144,Rajdhani TRN14144,Rajdhani
TRN12518,Express TRN12518,Express
TRN12042,Shatabdi TRN12042,Shatabdi
TRN12370,Passenger TRN12370,Passenger
TRN12768,Passenger TRN12768,Passenger
TRN11209,Vande Bharat TRN11209,Vande Bharat
TRN12408,Rajdhani TRN12408,Rajdhani
TRN14394,Express TRN14394,Express
TRN12009,Vande Bharat TRN12009,Vande Bharat
TRN12443,Superfast TRN12443,Superfast
TRN10628,Rajdhani TRN10628,Rajdhani
TRN14159,Rajdhani TRN14159,Rajdhani
TRN10651,Shatabdi TRN10651,Shatabdi
TRN12670,Superfast TRN12670,Superfast
TRN10852,Passenger TRN10852,Passenger
TRN11448,Superfast TRN11448,Superfast
TRN13201,Superfast TRN13201,Superfast
TRN14234,Rajdhani TRN14234,Rajdhani
TRN10654,Shatabdi TRN10654,Shatabdi
TRN14219,Express TRN14219,Express
TRN10263,Passenger TRN10263,Passenger
TRN12320,Superfast TRN12320,Superfast
TRN14213,Express TRN14213,Express
TRN12425,Passenger TRN12425,Passenger
TRN11760,Express TRN11760,Express
TRN12133,Vande Bharat TRN12133,Vande Bharat
TRN14988,Shatabdi TRN14988,Shatabdi
TRN14205,Shatabdi TRN14205,Shatabdi
TRN12140,Express TRN12140,Express
TRN10682,Express TRN10682,Express
TRN10313,Vande Bharat TRN10313,Vande Bharat
TRN12512,Passenger TRN12512,Passenger
TRN13692,Passenger TRN13692,Passenger
TRN10669,Shatabdi TRN10669,Shatabdi
TRN10252,Rajdhani TRN10252,Rajdhani
TRN10810,Passenger TRN10810,Passenger
TRN11317,Rajdhani TRN11317,Rajdhani
TRN11345,Superfast TRN11345,Superfast
TRN14391,Rajdhani TRN14391,Rajdhani
TRN13832,Express TRN13832,Express
TRN14360,Rajdhani TRN14360,Rajdhani
TRN13770,Rajdhani TRN13770,Rajdhani
TRN13436,Passenger TRN13436,Passenger
TRN14770,Superfast TRN14770,Superfast
TRN12202,Passenger TRN12202,Passenger
TRN11673,Passenger TRN11673,Passenger
TRN14858,Shatabdi TRN14858,Shatabdi
TRN13308,Rajdhani TRN13308,Rajdhani
TRN12653,Shatabdi TRN12653,Shatabdi
TRN13990,Rajdhani TRN13990,Rajdhani
TRN14167,Rajdhani TRN14167,Rajdhani
TRN13368,Passenger TRN13368,Passenger
TRN10822,Vande Bharat TRN10822,Vande Bharat
TRN10086,Vande Bharat TRN10086,Vande Bharat
TRN11069,Superfast TRN11069,Superfast
TRN11196,Shatabdi TRN11196,Shatabdi
TRN12035,Passenger TRN12035,Passenger
TRN13973,Rajdhani TRN13973,Rajdhani
TRN12340,Passenger TRN12340,Passenger
TRN14302,Express TRN14302,Express
TRN10076,Shatabdi TRN10076,Shatabdi
TRN13113,Passenger TRN13113,Passenger
TRN11092,Express TRN11092,Express
TRN10068,Express TRN10068,Express
TRN11978,Superfast TRN11978,Superfast
TRN11632,Vande Bharat TRN11632,Vande Bharat
TRN10546,Superfast TRN10546,Superfast
TRN14167,Shatabdi TRN14167,Shatabdi
TRN11612,Passenger TRN11612,Passenger
TRN12837,Rajdhani TRN12837,Rajdhani
TRN12738,Superfast TRN12738,Superfast
TRN13996,Rajdhani TRN13996,Rajdhani
TRN11047,Express TRN11047,Express
TRN11223,Passenger TRN11223,Passenger
TRN14443,Superfast TRN14443,Superfast
TRN12112,Superfast TRN12112,Superfast
TRN11046,Vande Bharat TRN11046,Vande Bharat
TRN12344,Rajdhani TRN12344,Rajdhani
TRN12100,Vande Bharat TRN12100,Vande Bharat
TRN13245,Rajdhani TRN13245,Rajdhani
TRN14769,Rajdhani TRN14769,Rajdhani
TRN13064,Shatabdi TRN13064,Shatabdi
TRN13472,Rajdhani TRN13472,Rajdhani
TRN13865,Rajdhani TRN13865,Rajdhani
TRN14597,Superfast TRN14597,Superfast
TRN14261,Rajdhani TRN14261,Rajdhani
TRN14044,Rajdhani TRN14044,Rajdhani
TRN13657,Vande Bharat TRN13657,Vande Bharat
TRN11808,Shatabdi TRN11808,Shatabdi
TRN10892,Passenger TRN10892,Passenger
TRN10141,Shatabdi TRN10141,Shatabdi
TRN12225,Rajdhani TRN12225,Rajdhani
TRN13701,Rajdhani TRN13701,Rajdhani
TRN13423,Shatabdi TRN13423,Shatabdi
TRN13729,Passenger TRN13729,Passenger
TRN10724,Superfast TRN10724,Superfast
TRN10969,Shatabdi TRN10969,Shatabdi
TRN10545,Express TRN10545,Express
TRN12100,Express TRN12100,Express
TRN10671,Passenger TRN10671,Passenger
TRN13378,Vande Bharat TRN13378,Vande Bharat
TRN13184,Rajdhani TRN13184,Rajdhani
TRN12224,Express TRN12224,Express
TRN10410,Vande Bharat TRN10410,Vande Bharat
TRN11427,Passenger TRN11427,Passenger
TRN14694,Vande Bharat TRN14694,Vande Bharat
TRN10346,Rajdhani TRN10346,Rajdhani
TRN11809,Rajdhani TRN11809,Rajdhani
TRN10625,Rajdhani TRN10625,Rajdhani
TRN13388,Vande Bharat TRN13388,Vande Bharat
TRN13285,Vande Bharat TRN13285,Vande Bharat
TRN14400,Vande Bharat TRN14400,Vande Bharat
TRN11001,Express TRN11001,Express
TRN12954,Passenger TRN12954,Passenger
TRN14424,Superfast TRN14424,Superfast
TRN14597,Rajdhani TRN14597,Rajdhani
TRN11552,Superfast TRN11552,Superfast
TRN10712,Passenger TRN10712,Passenger
TRN10191,Passenger TRN10191,Passenger
TRN14639,Shatabdi TRN14639,Shatabdi
TRN14391,Vande Bharat TRN14391,Vande Bharat
TRN10375,Express TRN10375,Express
TRN11247,Shatabdi TRN11247,Shatabdi
TRN14409,Superfast TRN14409,Superfast
TRN12897,Rajdhani TRN12897,Rajdhani
TRN10231,Passenger TRN10231,Passenger
TRN10199,Shatabdi TRN10199,Shatabdi
TRN10680,Superfast TRN10680,Superfast
TRN10286,Rajdhani TRN10286,Rajdhani
TRN10738,Passenger TRN10738,Passenger
TRN14540,Rajdhani TRN14540,Rajdhani
TRN14676,Shatabdi TRN14676,Shatabdi
TRN12531,Rajdhani TRN12531,Rajdhani
TRN12882,Superfast TRN12882,Superfast
TRN13596,Express TRN13596,Express
TRN10648,Rajdhani TRN10648,Rajdhani
TRN10599,Vande Bharat TRN10599,Vande Bharat
TRN11497,Passenger TRN11497,Passenger
TRN13245,Express TRN13245,Express
TRN11192,Vande Bharat TRN11192,Vande Bharat
TRN12829,Vande Bharat TRN12829,Vande Bharat
TRN13834,Shatabdi TRN13834,Shatabdi
TRN13403,Express TRN13403,Express
TRN10370,Rajdhani TRN10370,Rajdhani
TRN14523,Passenger TRN14523,Passenger
TRN13146,Vande Bharat TRN13146,Vande Bharat
TRN14113,Shatabdi TRN14113,Shatabdi
TRN10440,Superfast TRN10440,Superfast
TRN13204,Vande Bharat TRN13204,Vande Bharat
TRN13213,Shatabdi TRN13213,Shatabdi
TRN10347,Passenger TRN10347,Passenger
TRN14452,Shatabdi TRN14452,Shatabdi
TRN14323,Superfast TRN14323,Superfast
TRN10021,Superfast TRN10021,Superfast
TRN12429,Vande Bharat TRN12429,Vande Bharat
TRN12218,Superfast TRN12218,Superfast
TRN14329,Passenger TRN14329,Passenger
TRN11125,Passenger TRN11125,Passenger
TRN12779,Express TRN12779,Express
TRN10143,Vande Bharat TRN10143,Vande Bharat
TRN11906,Express TRN11906,Express
TRN14628,Shatabdi TRN14628,Shatabdi
TRN14384,Express TRN14384,Express
TRN10952,Shatabdi TRN10952,Shatabdi
TRN13423,Express TRN13423,Express
TRN10393,Rajdhani TRN10393,Rajdhani
TRN10892,Vande Bharat TRN10892,Vande Bharat
TRN13046,Passenger TRN13046,Passenger
TRN13722,Vande Bharat TRN13722,Vande Bharat
TRN11664,Vande Bharat TRN11664,Vande Bharat
TRN13158,Vande Bharat TRN13158,Vande Bharat
TRN10606,Vande Bharat TRN10606,Vande Bharat
TRN10216,Rajdhani TRN10216,Rajdhani
TRN12517,Rajdhani TRN12517,Rajdhani
TRN13955,Express TRN13955,Express
TRN12367,Rajdhani TRN12367,Rajdhani
TRN10402,Superfast TRN10402,Superfast
TRN11036,Passenger TRN11036,Passenger
TRN14946,Shatabdi TRN14946,Shatabdi
TRN12887,Rajdhani TRN12887,Rajdhani
TRN13883,Vande Bharat TRN13883,Vande Bharat
TRN12103,Superfast TRN12103,Superfast
TRN12377,Superfast TRN12377,Superfast
TRN13659,Rajdhani TRN13659,Rajdhani
TRN13357,Superfast TRN13357,Superfast
TRN11928,Express TRN11928,Express
TRN12937,Superfast TRN12937,Superfast
TRN12418,Vande Bharat TRN12418,Vande Bharat
TRN10884,Superfast TRN10884,Superfast
TRN11385,Passenger TRN11385,Passenger
TRN11567,Vande Bharat TRN11567,Vande Bharat
TRN11267,Vande Bharat TRN11267,Vande Bharat
TRN13995,Express TRN13995,Express
TRN14984,Passenger TRN14984,Passenger
TRN14705,Express TRN14705,Express
TRN12175,Vande Bharat TRN12175,Vande Bharat
TRN13954,Superfast TRN13954,Superfast
TRN14565,Superfast TRN14565,Superfast
TRN13161,Rajdhani TRN13161,Rajdhani
TRN10170,Vande Bharat TRN10170,Vande Bharat
TRN14478,Vande Bharat TRN14478,Vande Bharat
TRN13717,Passenger TRN13717,Passenger
TRN14559,Passenger TRN14559,Passenger
TRN10123,Passenger TRN10123,Passenger
TRN10510,Vande Bharat TRN10510,Vande Bharat
TRN10221,Passenger TRN10221,Passenger
TRN11309,Passenger TRN11309,Passenger
TRN14951,Passenger TRN14951,Passenger
TRN14543,Passenger TRN14543,Passenger
TRN12212,Express TRN12212,Express
TRN12289,Vande Bharat TRN12289,Vande Bharat
TRN10626,Rajdhani TRN10626,Rajdhani
TRN14367,Superfast TRN14367,Superfast
TRN13636,Rajdhani TRN13636,Rajdhani
TRN12976,Vande Bharat TRN12976,Vande Bharat
TRN14486,Vande Bharat TRN14486,Vande Bharat
TRN14105,Superfast TRN14105,Superfast
TRN14226,Passenger TRN14226,Passenger
TRN11915,Passenger TRN11915,Passenger
TRN13345,Shatabdi TRN13345,Shatabdi
TRN13288,Express TRN13288,Express
TRN10408,Rajdhani TRN10408,Rajdhani
TRN13578,Passenger TRN13578,Passenger
TRN13927,Shatabdi TRN13927,Shatabdi
TRN14226,Superfast TRN14226,Superfast
TRN12327,Express TRN12327,Express
TRN10739,Vande Bharat TRN10739,Vande Bharat
TRN12265,Vande Bharat TRN12265,Vande Bharat
TRN10206,Express TRN10206,Express
TRN13972,Passenger TRN13972,Passenger
TRN14858,Passenger TRN14858,Passenger
TRN13698,Rajdhani TRN13698,Rajdhani
TRN14295,Vande Bharat TRN14295,Vande Bharat
TRN11241,Rajdhani TRN11241,Rajdhani
TRN10183,Superfast TRN10183,Superfast
TRN13865,Express TRN13865,Express
TRN14399,Superfast TRN14399,Superfast
TRN13248,Shatabdi TRN13248,Shatabdi
TRN13485,Express TRN13485,Express
TRN12390,Vande Bharat TRN12390,Vande Bharat
TRN11617,Superfast TRN11617,Superfast
TRN10857,Express TRN10857,Express
TRN10697,Vande Bharat TRN10697,Vande Bharat
TRN12162,Express TRN12162,Express
TRN10717,Vande Bharat TRN10717,Vande Bharat
TRN13105,Rajdhani TRN13105,Rajdhani
TRN14558,Shatabdi TRN14558,Shatabdi
TRN10314,Superfast TRN10314,Superfast
TRN13322,Rajdhani TRN13322,Rajdhani
TRN10396,Passenger TRN10396,Passenger
TRN11115,Vande Bharat TRN11115,Vande Bharat
TRN10705,Rajdhani TRN10705,Rajdhani
TRN11068,Express TRN11068,Express
TRN12544,Rajdhani TRN12544,Rajdhani
TRN13263,Superfast TRN13263,Superfast
TRN14652,Express TRN14652,Express
TRN10136,Superfast TRN10136,Superfast
TRN10526,Rajdhani TRN10526,Rajdhani
TRN13874,Rajdhani TRN13874,Rajdhani
TRN10980,Passenger TRN10980,Passenger
TRN11358,Rajdhani TRN11358,Rajdhani
TRN11815,Express TRN11815,Express
TRN13389,Superfast TRN13389,Superfast
TRN11716,Passenger TRN11716,Passenger
TRN11310,Vande Bharat TRN11310,Vande Bharat
TRN11156,Passenger TRN11156,Passenger
TRN14294,Passenger TRN14294,Passenger
TRN12798,Passenger TRN12798,Passenger
TRN14271,Rajdhani TRN14271,Rajdhani
TRN10458,Rajdhani TRN10458,Rajdhani
TRN12868,Express TRN12868,Express
TRN14198,Vande Bharat TRN14198,Vande Bharat
TRN10544,Passenger TRN10544,Passenger
TRN14848,Passenger TRN14848,Passenger
TRN10645,Superfast TRN10645,Superfast
TRN11631,Superfast TRN11631,Superfast
TRN12203,Vande Bharat TRN12203,Vande Bharat
TRN14045,Shatabdi TRN14045,Shatabdi
TRN10668,Passenger TRN10668,Passenger
TRN10076,Rajdhani TRN10076,Rajdhani
TRN12291,Rajdhani TRN12291,Rajdhani
TRN13474,Passenger TRN13474,Passenger
TRN14783,Superfast TRN14783,Superfast
TRN10680,Rajdhani TRN10680,Rajdhani
TRN10733,Passenger TRN10733,Passenger
TRN10662,Vande Bharat TRN10662,Vande Bharat
TRN13836,Passenger TRN13836,Passenger
TRN14267,Vande Bharat TRN14267,Vande Bharat
TRN14819,Rajdhani TRN14819,Rajdhani
TRN12290,Superfast TRN12290,Superfast
TRN11782,Passenger TRN11782,Passenger
TRN11546,Vande Bharat TRN11546,Vande Bharat
TRN12267,Rajdhani TRN12267,Rajdhani
TRN10939,Express TRN10939,Express
TRN11611,Express TRN11611,Express
TRN12603,Rajdhani TRN12603,Rajdhani
TRN11851,Superfast TRN11851,Superfast
TRN10184,Superfast TRN10184,Superfast
TRN14798,Superfast TRN14798,Superfast
TRN10871,Vande Bharat TRN10871,Vande Bharat
TRN11373,Express TRN11373,Express
TRN13760,Vande Bharat TRN13760,Vande Bharat
TRN10016,Passenger TRN10016,Passenger
TRN12732,Shatabdi TRN12732,Shatabdi
TRN10293,Rajdhani TRN10293,Rajdhani
TRN14857,Passenger TRN14857,Passenger
TRN12527,Express TRN12527,Express
TRN11278,Passenger TRN11278,Passenger
TRN13174,Passenger TRN13174,Passenger
TRN12688,Passenger TRN12688,Passenger
TRN11910,Express TRN11910,Express
TRN14333,Superfast TRN14333,Superfast
TRN13477,Vande Bharat TRN13477,Vande Bharat
TRN13039,Shatabdi TRN13039,Shatabdi
TRN13816,Shatabdi TRN13816,Shatabdi
TRN11012,Express TRN11012,Express
TRN11920,Express TRN11920,Express
TRN14787,Vande Bharat TRN14787,Vande Bharat
TRN13148,Vande Bharat TRN13148,Vande Bharat
TRN12710,Superfast TRN12710,Superfast
TRN13503,Express TRN13503,Express
TRN10123,Rajdhani TRN10123,Rajdhani
TRN10904,Passenger TRN10904,Passenger
TRN14094,Passenger TRN14094,Passenger
TRN12670,Passenger TRN12670,Passenger
TRN10555,Shatabdi TRN10555,Shatabdi
TRN10196,Shatabdi TRN10196,Shatabdi
TRN14720,Passenger TRN14720,Passenger
TRN13437,Rajdhani TRN13437,Rajdhani
TRN13146,Shatabdi TRN13146,Shatabdi
TRN10957,Rajdhani TRN10957,Rajdhani
TRN10163,Shatabdi TRN10163,Shatabdi
TRN13242,Express TRN13242,Express
TRN12465,Rajdhani TRN12465,Rajdhani
TRN13525,Shatabdi TRN13525,Shatabdi
TRN10955,Express TRN10955,Express
TRN10791,Superfast TRN10791,Superfast
TRN12288,Superfast TRN12288,Superfast
TRN13655,Passenger TRN13655,Passenger
TRN12842,Express TRN12842,Express
TRN14912,Shatabdi TRN14912,Shatabdi
TRN11633,Superfast TRN11633,Superfast
TRN13649,Shatabdi TRN13649,Shatabdi
TRN11999,Passenger TRN11999,Passenger
TRN13845,Rajdhani TRN13845,Rajdhani
TRN14025,Passenger TRN14025,Passenger
TRN12537,Superfast TRN12537,Superfast
TRN11604,Vande Bharat TRN11604,Vande Bharat
TRN14117,Superfast TRN14117,Superfast
TRN14277,Rajdhani TRN14277,Rajdhani
TRN12982,Superfast TRN12982,Superfast
TRN10110,Rajdhani TRN10110,Rajdhani
TRN11085,Shatabdi TRN11085,Shatabdi
TRN10539,Express TRN10539,Express
TRN11127,Superfast TRN11127,Superfast
TRN13237,Express TRN13237,Express
TRN12403,Vande Bharat TRN12403,Vande Bharat
TRN14192,Express TRN14192,Express
TRN12876,Superfast TRN12876,Superfast
TRN14973,Vande Bharat TRN14973,Vande Bharat
TRN11641,Passenger TRN11641,Passenger
TRN12619,Passenger TRN12619,Passenger
TRN13815,Superfast TRN13815,Superfast
TRN13385,Vande Bharat TRN13385,Vande Bharat
TRN11902,Shatabdi TRN11902,Shatabdi
TRN10697,Shatabdi TRN10697,Shatabdi
TRN14594,Passenger TRN14594,Passenger
TRN12923,Passenger TRN12923,Passenger
TRN13798,Rajdhani TRN13798,Rajdhani
TRN11273,Superfast TRN11273,Superfast
TRN12819,Rajdhani TRN12819,Rajdhani
TRN14739,Vande Bharat TRN14739,Vande Bharat
TRN14181,Express TRN14181,Express
TRN13497,Passenger TRN13497,Passenger
TRN14547,Superfast TRN14547,Superfast
TRN14981,Rajdhani TRN14981,Rajdhani
TRN10256,Rajdhani TRN10256,Rajdhani
TRN12535,Vande Bharat TRN12535,Vande Bharat
TRN14387,Vande Bharat TRN14387,Vande Bharat
TRN14157,Superfast TRN14157,Superfast
TRN11145,Vande Bharat TRN11145,Vande Bharat
TRN12696,Superfast TRN12696,Superfast
TRN11672,Superfast TRN11672,Superfast
TRN10802,Superfast TRN10802,Superfast
TRN11228,Vande Bharat TRN11228,Vande Bharat
TRN14012,Superfast TRN14012,Superfast
TRN11042,Superfast TRN11042,Superfast
TRN10420,Rajdhani TRN10420,Rajdhani
TRN13558,Superfast TRN13558,Superfast
TRN10620,Shatabdi TRN10620,Shatabdi
TRN13804,Superfast TRN13804,Superfast
TRN12559,Shatabdi TRN12559,Shatabdi
TRN12682,Express TRN12682,Express
TRN14305,Express TRN14305,Express
TRN14548,Superfast TRN14548,Superfast
TRN11049,Shatabdi TRN11049,Shatabdi
TRN10158,Shatabdi TRN10158,Shatabdi
TRN13700,Vande Bharat TRN13700,Vande Bharat
TRN13368,Rajdhani TRN13368,Rajdhani
TRN14854,Shatabdi TRN14854,Shatabdi
TRN13719,Vande Bharat TRN13719,Vande Bharat
TRN13422,Superfast TRN13422,Superfast
TRN11627,Superfast TRN11627,Superfast
TRN13903,Rajdhani TRN13903,Rajdhani
TRN12343,Vande Bharat TRN12343,Vande Bharat
TRN13497,Vande Bharat TRN13497,Vande Bharat
TRN14490,Superfast TRN14490,Superfast
TRN11515,Superfast TRN11515,Superfast
TRN12540,Express TRN12540,Express
TRN11575,Passenger TRN11575,Passenger
TRN11714,Shatabdi TRN11714,Shatabdi
TRN11182,Express TRN11182,Express
TRN13648,Shatabdi TRN13648,Shatabdi
TRN12411,Shatabdi TRN12411,Shatabdi
TRN12419,Express TRN12419,Express
TRN10435,Rajdhani TRN10435,Rajdhani
TRN14982,Vande Bharat TRN14982,Vande Bharat
TRN10569,Shatabdi TRN10569,Shatabdi
TRN10919,Superfast TRN10919,Superfast
TRN12784,Vande Bharat TRN12784,Vande Bharat
TRN11208,Express TRN11208,Express
TRN12617,Vande Bharat TRN12617,Vande Bharat
TRN14425,Shatabdi TRN14425,Shatabdi
TRN14852,Superfast TRN14852,Superfast
TRN13616,Superfast TRN13616,Superfast
TRN11209,Passenger TRN11209,Passenger
TRN11249,Superfast TRN11249,Superfast
TRN12981,Express TRN12981,Express
TRN11234,Passenger TRN11234,Passenger
TRN13142,Vande Bharat TRN13142,Vande Bharat
TRN11412,Passenger TRN11412,Passenger
TRN12668,Express TRN12668,Express
TRN14681,Express TRN14681,Express
TRN14357,Express TRN14357,Express
TRN12448,Rajdhani TRN12448,Rajdhani
TRN10130,Passenger TRN10130,Passenger
TRN12318,Passenger TRN12318,Passenger
TRN11499,Rajdhani TRN11499,Rajdhani
TRN10332,Shatabdi TRN10332,Shatabdi
TRN12792,Vande Bharat TRN12792,Vande Bharat
TRN10840,Shatabdi TRN10840,Shatabdi
TRN10017,Rajdhani TRN10017,Rajdhani
TRN14501,Rajdhani TRN14501,Rajdhani
TRN13782,Shatabdi TRN13782,Shatabdi
TRN10667,Passenger TRN10667,Passenger
TRN10515,Express TRN10515,Express
TRN14578,Superfast TRN14578,Superfast
TRN11699,Vande Bharat TRN11699,Vande Bharat
TRN11510,Passenger TRN11510,Passenger
TRN11433,Passenger TRN11433,Passenger
TRN10618,Rajdhani TRN10618,Rajdhani
TRN11123,Express TRN11123,Express
TRN14585,Passenger TRN14585,Passenger
TRN10843,Shatabdi TRN10843,Shatabdi
TRN13770,Passenger TRN13770,Passenger
TRN14491,Express TRN14491,Express
TRN14953,Rajdhani TRN14953,Rajdhani
TRN10163,Superfast TRN10163,Superfast
TRN12890,Superfast TRN12890,Superfast
TRN11332,Rajdhani TRN11332,Rajdhani
TRN10498,Vande Bharat TRN10498,Vande Bharat
TRN12511,Vande Bharat TRN12511,Vande Bharat
TRN13800,Express TRN13800,Express
TRN10407,Rajdhani TRN10407,Rajdhani
TRN10036,Superfast TRN10036,Superfast
TRN12862,Rajdhani TRN12862,Rajdhani
TRN14367,Passenger TRN14367,Passenger
TRN11661,Vande Bharat TRN11661,Vande Bharat
TRN10970,Rajdhani TRN10970,Rajdhani
TRN14922,Superfast TRN14922,Superfast
TRN12398,Vande Bharat TRN12398,Vande Bharat
TRN13911,Vande Bharat TRN13911,Vande Bharat
TRN14537,Rajdhani TRN14537,Rajdhani
TRN13629,Vande Bharat TRN13629,Vande Bharat
TRN10371,Superfast TRN10371,Superfast
TRN10423,Vande Bharat TRN10423,Vande Bharat
TRN14341,Vande Bharat TRN14341,Vande Bharat
TRN14890,Passenger TRN14890,Passenger
TRN12345,Rajdhani TRN12345,Rajdhani
TRN13104,Superfast TRN13104,Superfast
TRN12910,Passenger TRN12910,Passenger
TRN10155,Superfast TRN10155,Superfast
TRN13837,Superfast TRN13837,Superfast
TRN14678,Superfast TRN14678,Superfast
TRN14320,Express TRN14320,Express
TRN10186,Passenger TRN10186,Passenger
TRN12118,Passenger TRN12118,Passenger
TRN11170,Express TRN11170,Express
TRN12200,Superfast TRN12200,Superfast
TRN12934,Rajdhani TRN12934,Rajdhani
TRN13385,Shatabdi TRN13385,Shatabdi
TRN13838,Vande Bharat TRN13838,Vande Bharat
TRN14866,Vande Bharat TRN14866,Vande Bharat
TRN13824,Superfast TRN13824,Superfast
TRN12882,Rajdhani TRN12882,Rajdhani
TRN14443,Passenger TRN14443,Passenger
TRN12508,Passenger TRN12508,Passenger
TRN11291,Passenger TRN11291,Passenger
TRN13781,Passenger TRN13781,Passenger
TRN11712,Passenger TRN11712,Passenger
TRN10394,Shatabdi TRN10394,Shatabdi
TRN13106,Rajdhani TRN13106,Rajdhani
TRN11482,Superfast TRN11482,Superfast
TRN13472,Express TRN13472,Express
TRN11587,Superfast TRN11587,Superfast
TRN11945,Vande Bharat TRN11945,Vande Bharat
TRN12756,Passenger TRN12756,Passenger
TRN11827,Superfast TRN11827,Superfast
TRN11896,Vande Bharat TRN11896,Vande Bharat
TRN11654,Superfast TRN11654,Superfast
TRN10596,Rajdhani TRN10596,Rajdhani
TRN11503,Rajdhani TRN11503,Rajdhani
TRN13722,Rajdhani TRN13722,Rajdhani
TRN11045,Superfast TRN11045,Superfast
TRN12682,Vande Bharat TRN12682,Vande Bharat
TRN13508,Rajdhani TRN13508,Rajdhani
TRN11682,Superfast TRN11682,Superfast
TRN12029,Vande Bharat TRN12029,Vande Bharat
TRN13378,Express TRN13378,Express
TRN14058,Express TRN14058,Express
TRN13066,Express TRN13066,Express
TRN14864,Passenger TRN14864,Passenger
TRN13719,Superfast TRN13719,Superfast
TRN14804,Passenger TRN14804,Passenger
TRN14363,Passenger TRN14363,Passenger
TRN12766,Superfast TRN12766,Superfast
TRN14861,Shatabdi TRN14861,Shatabdi
TRN12619,Superfast TRN12619,Superfast
TRN13802,Vande Bharat TRN13802,Vande Bharat
TRN10031,Rajdhani TRN10031,Rajdhani
TRN14752,Rajdhani TRN14752,Rajdhani
TRN14143,Rajdhani TRN14143,Rajdhani
TRN11653,Superfast TRN11653,Superfast
TRN13888,Express TRN13888,Express
TRN13402,Rajdhani TRN13402,Rajdhani
TRN14585,Vande Bharat TRN14585,Vande Bharat
TRN12860,Vande Bharat TRN12860,Vande Bharat
TRN11838,Shatabdi TRN11838,Shatabdi
TRN14994,Vande Bharat TRN14994,Vande Bharat
TRN10974,Superfast TRN10974,Superfast
TRN12476,Passenger TRN12476,Passenger
TRN10269,Shatabdi TRN10269,Shatabdi
TRN11077,Rajdhani TRN11077,Rajdhani
TRN12459,Superfast TRN12459,Superfast
TRN13415,Superfast TRN13415,Superfast
TRN12148,Express TRN12148,Express
TRN11597,Vande Bharat TRN11597,Vande Bharat
TRN13573,Superfast TRN13573,Superfast
TRN12035,Vande Bharat TRN12035,Vande Bharat
TRN12511,Superfast TRN12511,Superfast
TRN12331,Passenger TRN12331,Passenger
TRN11933,Shatabdi TRN11933,Shatabdi
TRN14832,Rajdhani TRN14832,Rajdhani
TRN11340,Shatabdi TRN11340,Shatabdi
TRN11337,Passenger TRN11337,Passenger
TRN12753,Express TRN12753,Express
TRN13766,Rajdhani TRN13766,Rajdhani
TRN11019,Shatabdi TRN11019,Shatabdi
TRN14934,Rajdhani TRN14934,Rajdhani
TRN13336,Passenger TRN13336,Passenger
TRN13881,Shatabdi TRN13881,Shatabdi
TRN10006,Passenger TRN10006,Passenger
TRN13173,Shatabdi TRN13173,Shatabdi
TRN10714,Superfast TRN10714,Superfast
TRN11617,Passenger TRN11617,Passenger
TRN14899,Rajdhani TRN14899,Rajdhani
TRN12746,Rajdhani TRN12746,Rajdhani
TRN11168,Vande Bharat TRN11168,Vande Bharat
TRN10678,Rajdhani TRN10678,Rajdhani
TRN11440,Rajdhani TRN11440,Rajdhani
TRN14660,Passenger TRN14660,Passenger
TRN11617,Vande Bharat TRN11617,Vande Bharat
TRN12654,Express TRN12654,Express
TRN12856,Vande Bharat TRN12856,Vande Bharat
TRN13721,Superfast TRN13721,Superfast
TRN10665,Passenger TRN10665,Passenger
TRN13549,Vande Bharat TRN13549,Vande Bharat
TRN13118,Rajdhani TRN13118,Rajdhani
TRN11071,Rajdhani TRN11071,Rajdhani
TRN13465,Passenger TRN13465,Passenger
TRN10945,Vande Bharat TRN10945,Vande Bharat
TRN12681,Rajdhani TRN12681,Rajdhani
TRN11672,Passenger TRN11672,Passenger
TRN13657,Superfast TRN13657,Superfast
TRN12819,Express TRN12819,Express
TRN12214,Vande Bharat TRN12214,Vande Bharat
TRN10880,Passenger TRN10880,Passenger
TRN11944,Passenger TRN11944,Passenger
TRN10074,Vande Bharat TRN10074,Vande Bharat
TRN10025,Rajdhani TRN10025,Rajdhani
TRN13342,Vande Bharat TRN13342,Vande Bharat
TRN14722,Passenger TRN14722,Passenger
TRN14484,Passenger TRN14484,Passenger
TRN13342,Rajdhani TRN13342,Rajdhani
TRN14317,Shatabdi TRN14317,Shatabdi
TRN13520,Vande Bharat TRN13520,Vande Bharat
TRN13830,Rajdhani TRN13830,Rajdhani
TRN13242,Vande Bharat TRN13242,Vande Bharat
TRN12599,Superfast TRN12599,Superfast
TRN11476,Superfast TRN11476,Superfast
TRN12559,Vande Bharat TRN12559,Vande Bharat
TRN14449,Rajdhani TRN14449,Rajdhani
TRN14915,Passenger TRN14915,Passenger
TRN11694,Superfast TRN11694,Superfast
TRN14473,Express TRN14473,Express
TRN13098,Rajdhani TRN13098,Rajdhani
TRN14849,Passenger TRN14849,Passenger
TRN12146,Passenger TRN12146,Passenger
TRN14579,Express TRN14579,Express
TRN12742,Passenger TRN12742,Passenger
TRN11683,Vande Bharat TRN11683,Vande Bharat
TRN10323,Rajdhani TRN10323,Rajdhani
TRN12795,Rajdhani TRN12795,Rajdhani
TRN10762,Vande Bharat TRN10762,Vande Bharat
TRN12167,Superfast TRN12167,Superfast
TRN11891,Superfast TRN11891,Superfast
TRN14079,Vande Bharat TRN14079,Vande Bharat
TRN11949,Shatabdi TRN11949,Shatabdi
TRN11012,Rajdhani TRN11012,Rajdhani
TRN11660,Passenger TRN11660,Passenger
TRN14101,Superfast TRN14101,Superfast
TRN12774,Vande Bharat TRN12774,Vande Bharat
TRN11501,Superfast TRN11501,Superfast
TRN10641,Passenger TRN10641,Passenger
TRN11494,Rajdhani TRN11494,Rajdhani
TRN10723,Shatabdi TRN10723,Shatabdi
TRN11305,Passenger TRN11305,Passenger
TRN10002,Shatabdi TRN10002,Shatabdi
TRN13118,Superfast TRN13118,Superfast
TRN14304,Vande Bharat TRN14304,Vande Bharat
TRN12172,Passenger TRN12172,Passenger
TRN12893,Express TRN12893,Express
TRN13217,Shatabdi TRN13217,Shatabdi
TRN12928,Shatabdi TRN12928,Shatabdi
TRN14946,Express TRN14946,Express
TRN11969,Rajdhani TRN11969,Rajdhani
TRN14036,Vande Bharat TRN14036,Vande Bharat
TRN10054,Passenger TRN10054,Passenger
TRN12736,Shatabdi TRN12736,Shatabdi
TRN13973,Shatabdi TRN13973,Shatabdi
TRN11014,Vande Bharat TRN11014,Vande Bharat
TRN14245,Passenger TRN14245,Passenger
TRN13409,Rajdhani TRN13409,Rajdhani
TRN14717,Rajdhani TRN14717,Rajdhani
TRN10032,Vande Bharat TRN10032,Vande Bharat
TRN11093,Express TRN11093,Express
TRN12883,Passenger TRN12883,Passenger
TRN10396,Superfast TRN10396,Superfast
TRN14407,Passenger TRN14407,Passenger
TRN12006,Shatabdi TRN12006,Shatabdi
TRN11901,Shatabdi TRN11901,Shatabdi
TRN11719,Vande Bharat TRN11719,Vande Bharat
TRN10473,Express TRN10473,Express
TRN14236,Passenger TRN14236,Passenger
TRN10011,Rajdhani TRN10011,Rajdhani
TRN11784,Passenger TRN11784,Passenger
TRN13211,Shatabdi TRN13211,Shatabdi
TRN13359,Passenger TRN13359,Passenger
TRN14946,Superfast TRN14946,Superfast
TRN14469,Express TRN14469,Express
TRN14806,Vande Bharat TRN14806,Vande Bharat
TRN12856,Superfast TRN12856,Superfast
TRN14243,Rajdhani TRN14243,Rajdhani
TRN14215,Superfast TRN14215,Superfast
TRN13811,Shatabdi TRN13811,Shatabdi
TRN14210,Rajdhani TRN14210,Rajdhani
TRN11759,Rajdhani TRN11759,Rajdhani
TRN13736,Superfast TRN13736,Superfast
TRN12378,Shatabdi TRN12378,Shatabdi
TRN12909,Superfast TRN12909,Superfast
TRN13428,Passenger TRN13428,Passenger
TRN10316,Passenger TRN10316,Passenger
TRN12995,Rajdhani TRN12995,Rajdhani
TRN13816,Vande Bharat TRN13816,Vande Bharat
TRN11654,Rajdhani TRN11654,Rajdhani
TRN13225,Vande Bharat TRN13225,Vande Bharat
TRN14859,Rajdhani TRN14859,Rajdhani
TRN11656,Rajdhani TRN11656,Rajdhani
TRN10944,Passenger TRN10944,Passenger
TRN10135,Express TRN10135,Express
TRN11777,Express TRN11777,Express
TRN12918,Shatabdi TRN12918,Shatabdi
TRN11042,Shatabdi TRN11042,Shatabdi
TRN14558,Vande Bharat TRN14558,Vande Bharat
TRN13800,Shatabdi TRN13800,Shatabdi
TRN14574,Rajdhani TRN14574,Rajdhani
TRN12521,Vande Bharat TRN12521,Vande Bharat
TRN10571,Vande Bharat TRN10571,Vande Bharat
TRN14515,Passenger TRN14515,Passenger
TRN14682,Shatabdi TRN14682,Shatabdi
TRN11037,Superfast TRN11037,Superfast
TRN14956,Superfast TRN14956,Superfast
TRN13523,Passenger TRN13523,Passenger
TRN13658,Vande Bharat TRN13658,Vande Bharat
TRN10715,Superfast TRN10715,Superfast
TRN14134,Superfast TRN14134,Superfast
TRN11326,Vande Bharat TRN11326,Vande Bharat
TRN10860,Express TRN10860,Express
TRN12731,Rajdhani TRN12731,Rajdhani
TRN10330,Superfast TRN10330,Superfast
TRN11394,Vande Bharat TRN11394,Vande Bharat
TRN13108,Rajdhani TRN13108,Rajdhani
TRN14642,Vande Bharat TRN14642,Vande Bharat
TRN10975,Rajdhani TRN10975,Rajdhani
TRN10395,Passenger TRN10395,Passenger
TRN12439,Express TRN12439,Express
TRN12458,Passenger TRN12458,Passenger
TRN13147,Vande Bharat TRN13147,Vande Bharat
TRN11965,Shatabdi TRN11965,Shatabdi
TRN12611,Vande Bharat TRN12611,Vande Bharat
TRN10260,Rajdhani TRN10260,Rajdhani
TRN10404,Superfast TRN10404,Superfast
TRN12103,Passenger TRN12103,Passenger
TRN11555,Express TRN11555,Express
TRN12967,Rajdhani TRN12967,Rajdhani
TRN10457,Passenger TRN10457,Passenger
TRN12693,Rajdhani TRN12693,Rajdhani
TRN12754,Vande Bharat TRN12754,Vande Bharat
TRN13926,Passenger TRN13926,Passenger
TRN11114,Superfast TRN11114,Superfast
TRN14022,Vande Bharat TRN14022,Vande Bharat
TRN10606,Express TRN10606,Express
TRN13268,Shatabdi TRN13268,Shatabdi
TRN13942,Vande Bharat TRN13942,Vande Bharat
TRN14554,Rajdhani TRN14554,Rajdhani
TRN11838,Passenger TRN11838,Passenger
TRN12573,Passenger TRN12573,Passenger
TRN12504,Express TRN12504,Express
TRN14081,Shatabdi TRN14081,Shatabdi
TRN14137,Passenger TRN14137,Passenger
TRN10830,Rajdhani TRN10830,Rajdhani
TRN13534,Superfast TRN13534,Superfast
TRN11173,Passenger TRN11173,Passenger
TRN14046,Superfast TRN14046,Superfast
TRN14279,Superfast TRN14279,Superfast
TRN14326,Superfast TRN14326,Superfast
TRN10293,Passenger TRN10293,Passenger
TRN14320,Vande Bharat TRN14320,Vande Bharat
TRN13011,Express TRN13011,Express
TRN10693,Passenger TRN10693,Passenger
TRN12832,Rajdhani TRN12832,Rajdhani
TRN10207,Vande Bharat TRN10207,Vande Bharat
TRN12831,Passenger TRN12831,Passenger
TRN14434,Shatabdi TRN14434,Shatabdi
TRN11186,Shatabdi TRN11186,Shatabdi
TRN14304,Superfast TRN14304,Superfast
TRN11889,Superfast TRN11889,Superfast
TRN10778,Rajdhani TRN10778,Rajdhani
TRN10387,Superfast TRN10387,Superfast
TRN12801,Vande Bharat TRN12801,Vande Bharat
TRN12288,Rajdhani TRN12288,Rajdhani
TRN14296,Shatabdi TRN14296,Shatabdi
TRN14397,Vande Bharat TRN14397,Vande Bharat
TRN12111,Superfast TRN12111,Superfast
TRN10721,Superfast TRN10721,Superfast
TRN10002,Passenger TRN10002,Passenger
TRN11817,Passenger TRN11817,Passenger
TRN14970,Express TRN14970,Express
TRN12499,Passenger TRN12499,Passenger
TRN13902,Express TRN13902,Express
TRN14207,Superfast TRN14207,Superfast
TRN14596,Shatabdi TRN14596,Shatabdi
TRN10364,Vande Bharat TRN10364,Vande Bharat
TRN12475,Superfast TRN12475,Superfast
TRN13364,Superfast TRN13364,Superfast
TRN10750,Express TRN10750,Express
TRN14243,Superfast TRN14243,Superfast
TRN11353,Rajdhani TRN11353,Rajdhani
TRN13470,Passenger TRN13470,Passenger
TRN10838,Rajdhani TRN10838,Rajdhani
TRN14941,Shatabdi TRN14941,Shatabdi
TRN10797,Rajdhani TRN10797,Rajdhani
TRN13150,Rajdhani TRN13150,Rajdhani
TRN10682,Vande Bharat TRN10682,Vande Bharat
TRN12659,Express TRN12659,Express
TRN13324,Rajdhani TRN13324,Rajdhani
TRN10974,Rajdhani TRN10974,Rajdhani
TRN11077,Vande Bharat TRN11077,Vande Bharat
TRN14428,Passenger TRN14428,Passenger
TRN10893,Express TRN10893,Express
TRN11121,Vande Bharat TRN11121,Vande Bharat
TRN12012,Superfast TRN12012,Superfast
TRN12486,Vande Bharat TRN12486,Vande Bharat
TRN10555,Vande Bharat TRN10555,Vande Bharat
TRN12966,Rajdhani TRN12966,Rajdhani
TRN11693,Passenger TRN11693,Passenger
TRN10292,Superfast TRN10292,Superfast
TRN10491,Superfast TRN10491,Superfast
TRN14348,Shatabdi TRN14348,Shatabdi
TRN12764,Vande Bharat TRN12764,Vande Bharat
TRN13574,Superfast TRN13574,Superfast
TRN10644,Express TRN10644,Express
TRN12061,Express TRN12061,Express
TRN14787,Express TRN14787,Express
TRN13109,Vande Bharat TRN13109,Vande Bharat
TRN12195,Vande Bharat TRN12195,Vande Bharat
TRN11441,Passenger TRN11441,Passenger
TRN14510,Passenger TRN14510,Passenger
TRN11897,Passenger TRN11897,Passenger
TRN10241,Shatabdi TRN10241,Shatabdi
TRN11781,Vande Bharat TRN11781,Vande Bharat
TRN10530,Superfast TRN10530,Superfast
TRN11719,Rajdhani TRN11719,Rajdhani
TRN14674,Vande Bharat TRN14674,Vande Bharat
TRN10521,Rajdhani TRN10521,Rajdhani
TRN12553,Rajdhani TRN12553,Rajdhani
TRN13567,Superfast TRN13567,Superfast
TRN13884,Passenger TRN13884,Passenger
TRN14441,Shatabdi TRN14441,Shatabdi
TRN14603,Passenger TRN14603,Passenger
TRN13266,Shatabdi TRN13266,Shatabdi
TRN14839,Express TRN14839,Express
TRN10921,Vande Bharat TRN10921,Vande Bharat
TRN14341,Passenger TRN14341,Passenger
TRN12369,Rajdhani TRN12369,Rajdhani
TRN14271,Passenger TRN14271,Passenger
TRN10118,Passenger TRN10118,Passenger
TRN10220,Express TRN10220,Express
TRN10124,Rajdhani TRN10124,Rajdhani
TRN10610,Passenger TRN10610,Passenger
TRN12160,Shatabdi TRN12160,Shatabdi
TRN11159,Passenger TRN11159,Passenger
TRN14355,Superfast TRN14355,Superfast
TRN14727,Passenger TRN14727,Passenger
TRN10992,Passenger TRN10992,Passenger
TRN14645,Passenger TRN14645,Passenger
TRN14601,Rajdhani TRN14601,Rajdhani
TRN14077,Passenger TRN14077,Passenger
TRN10249,Shatabdi TRN10249,Shatabdi
TRN11496,Rajdhani TRN11496,Rajdhani
TRN12046,Vande Bharat TRN12046,Vande Bharat
TRN11435,Superfast TRN11435,Superfast
TRN14889,Shatabdi TRN14889,Shatabdi
TRN14715,Shatabdi TRN14715,Shatabdi
TRN14762,Express TRN14762,Express
TRN13549,Passenger TRN13549,Passenger
TRN10476,Rajdhani TRN10476,Rajdhani
TRN13912,Shatabdi TRN13912,Shatabdi
TRN12255,Vande Bharat TRN12255,Vande Bharat
TRN13253,Rajdhani TRN13253,Rajdhani
TRN13597,Vande Bharat TRN13597,Vande Bharat
TRN10490,Shatabdi TRN10490,Shatabdi
TRN14596,Superfast TRN14596,Superfast
TRN10954,Passenger TRN10954,Passenger
TRN14641,Express TRN14641,Express
TRN10604,Rajdhani TRN10604,Rajdhani
TRN10938,Rajdhani TRN10938,Rajdhani
TRN10016,Express TRN10016,Express
TRN13039,Passenger TRN13039,Passenger
TRN11690,Express TRN11690,Express
TRN14938,Passenger TRN14938,Passenger
TRN13038,Shatabdi TRN13038,Shatabdi
TRN13605,Rajdhani TRN13605,Rajdhani
TRN12802,Passenger TRN12802,Passenger
TRN11316,Vande Bharat TRN11316,Vande Bharat
TRN12510,Superfast TRN12510,Superfast
TRN13970,Superfast TRN13970,Superfast
TRN11053,Superfast TRN11053,Superfast
TRN13424,Superfast TRN13424,Superfast
TRN10629,Rajdhani TRN10629,Rajdhani
TRN13840,Express TRN13840,Express
TRN12800,Superfast TRN12800,Superfast
TRN14949,Express TRN14949,Express
TRN14301,Shatabdi TRN14301,Shatabdi
TRN12394,Express TRN12394,Express
TRN10221,Rajdhani TRN10221,Rajdhani
TRN14125,Passenger TRN14125,Passenger
TRN13857,Rajdhani TRN13857,Rajdhani
TRN12670,Rajdhani TRN12670,Rajdhani
TRN12353,Rajdhani TRN12353,Rajdhani
TRN10581,Vande Bharat TRN10581,Vande Bharat
TRN13478,Vande Bharat TRN13478,Vande Bharat
TRN13379,Rajdhani TRN13379,Rajdhani
TRN11976,Passenger TRN11976,Passenger
TRN10565,Express TRN10565,Express
TRN10915,Vande Bharat TRN10915,Vande Bharat
TRN13415,Shatabdi TRN13415,Shatabdi
TRN14464,Express TRN14464,Express
TRN10100,Rajdhani TRN10100,Rajdhani
TRN11222,Superfast TRN11222,Superfast
TRN11069,Express TRN11069,Express
TRN11032,Shatabdi TRN11032,Shatabdi
TRN12529,Superfast TRN12529,Superfast
TRN14080,Vande Bharat TRN14080,Vande Bharat
TRN14437,Shatabdi TRN14437,Shatabdi
TRN13889,Rajdhani TRN13889,Rajdhani
TRN10999,Rajdhani TRN10999,Rajdhani
TRN13272,Rajdhani TRN13272,Rajdhani
TRN13573,Express TRN13573,Express
TRN12259,Superfast TRN12259,Superfast
TRN12042,Vande Bharat TRN12042,Vande Bharat
TRN10893,Passenger TRN10893,Passenger
TRN13411,Vande Bharat TRN13411,Vande Bharat
TRN12731,Express TRN12731,Express
TRN11498,Express TRN11498,Express
TRN14327,Vande Bharat TRN14327,Vande Bharat
TRN12239,Superfast TRN12239,Superfast
TRN11488,Superfast TRN11488,Superfast
TRN12081,Superfast TRN12081,Superfast
TRN10128,Express TRN10128,Express
TRN11833,Superfast TRN11833,Superfast
TRN12251,Passenger TRN12251,Passenger
TRN14745,Vande Bharat TRN14745,Vande Bharat
TRN13129,Passenger TRN13129,Passenger
TRN11990,Rajdhani TRN11990,Rajdhani
TRN13408,Superfast TRN13408,Superfast
TRN10818,Superfast TRN10818,Superfast
TRN11710,Express TRN11710,Express
TRN14409,Express TRN14409,Express
TRN14699,Express TRN14699,Express
TRN10417,Superfast TRN10417,Superfast
TRN14789,Rajdhani TRN14789,Rajdhani
TRN13977,Vande Bharat TRN13977,Vande Bharat
TRN14548,Rajdhani TRN14548,Rajdhani
TRN12965,Vande Bharat TRN12965,Vande Bharat
TRN14611,Vande Bharat TRN14611,Vande Bharat
TRN10818,Express TRN10818,Express
TRN13422,Vande Bharat TRN13422,Vande Bharat
TRN13483,Vande Bharat TRN13483,Vande Bharat
TRN11091,Passenger TRN11091,Passenger
TRN12442,Superfast TRN12442,Superfast
TRN10865,Superfast TRN10865,Superfast
TRN12085,Express TRN12085,Express
TRN10973,Rajdhani TRN10973,Rajdhani
TRN12908,Shatabdi TRN12908,Shatabdi
TRN11603,Rajdhani TRN11603,Rajdhani
TRN11452,Superfast TRN11452,Superfast
TRN12823,Passenger TRN12823,Passenger
TRN14529,Vande Bharat TRN14529,Vande Bharat
TRN13723,Passenger TRN13723,Passenger
TRN12664,Passenger TRN12664,Passenger
TRN10179,Shatabdi TRN10179,Shatabdi
TRN12016,Vande Bharat TRN12016,Vande Bharat
TRN13476,Vande Bharat TRN13476,Vande Bharat
TRN11431,Express TRN11431,Express
TRN11895,Vande Bharat TRN11895,Vande Bharat
TRN12306,Superfast TRN12306,Superfast
TRN11373,Superfast TRN11373,Superfast
TRN10452,Shatabdi TRN10452,Shatabdi
TRN10889,Rajdhani TRN10889,Rajdhani
TRN12110,Superfast TRN12110,Superfast
TRN13193,Passenger TRN13193,Passenger
TRN13776,Shatabdi TRN13776,Shatabdi
TRN11449,Express TRN11449,Express
TRN12857,Superfast TRN12857,Superfast
TRN10111,Rajdhani TRN10111,Rajdhani
TRN11802,Shatabdi TRN11802,Shatabdi
TRN11809,Superfast TRN11809,Superfast
TRN12077,Express TRN12077,Express
TRN13364,Shatabdi TRN13364,Shatabdi
TRN13181,Vande Bharat TRN13181,Vande Bharat
TRN10593,Passenger TRN10593,Passenger
TRN12789,Shatabdi TRN12789,Shatabdi
TRN14019,Superfast TRN14019,Superfast
TRN13781,Rajdhani TRN13781,Rajdhani
TRN12429,Rajdhani TRN12429,Rajdhani
TRN10567,Shatabdi TRN10567,Shatabdi
TRN10488,Rajdhani TRN10488,Rajdhani
TRN11469,Rajdhani TRN11469,Rajdhani
TRN10716,Express TRN10716,Express
TRN14102,Passenger TRN14102,Passenger
TRN10503,Shatabdi TRN10503,Shatabdi
TRN12790,Vande Bharat TRN12790,Vande Bharat
TRN13539,Shatabdi TRN13539,Shatabdi
TRN10784,Express TRN10784,Express
TRN13024,Superfast TRN13024,Superfast
TRN12213,Passenger TRN12213,Passenger
TRN12785,Superfast TRN12785,Superfast
TRN14501,Superfast TRN14501,Superfast
TRN13920,Express TRN13920,Express
TRN12573,Rajdhani TRN12573,Rajdhani
TRN10581,Superfast TRN10581,Superfast
TRN14598,Superfast TRN14598,Superfast
TRN14785,Passenger TRN14785,Passenger
TRN12808,Rajdhani TRN12808,Rajdhani
TRN13931,Shatabdi TRN13931,Shatabdi
TRN12959,Passenger TRN12959,Passenger
TRN12910,Vande Bharat TRN12910,Vande Bharat
TRN12295,Vande Bharat TRN12295,Vande Bharat
TRN12156,Express TRN12156,Express
TRN11482,Shatabdi TRN11482,Shatabdi
TRN11442,Vande Bharat TRN11442,Vande Bharat
TRN14521,Vande Bharat TRN14521,Vande Bharat
TRN13237,Shatabdi TRN13237,Shatabdi
TRN10752,Shatabdi TRN10752,Shatabdi
TRN12500,Vande Bharat TRN12500,Vande Bharat
TRN11556,Superfast TRN11556,Superfast
TRN13319,Express TRN13319,Express
TRN14033,Vande Bharat TRN14033,Vande Bharat
TRN13351,Passenger TRN13351,Passenger
TRN11584,Superfast TRN11584,Superfast
TRN11284,Express TRN11284,Express
TRN12818,Shatabdi TRN12818,Shatabdi
TRN12316,Shatabdi TRN12316,Shatabdi
TRN10498,Superfast TRN10498,Superfast
TRN11340,Vande Bharat TRN11340,Vande Bharat
TRN13676,Shatabdi TRN13676,Shatabdi
TRN14692,Shatabdi TRN14692,Shatabdi
TRN11667,Passenger TRN11667,Passenger
TRN10774,Express TRN10774,Express
TRN11205,Superfast TRN11205,Superfast
TRN10106,Passenger TRN10106,Passenger
TRN13198,Shatabdi TRN13198,Shatabdi
TRN10553,Passenger TRN10553,Passenger
TRN13792,Express TRN13792,Express
TRN10292,Vande Bharat TRN10292,Vande Bharat
TRN12201,Shatabdi TRN12201,Shatabdi
TRN14089,Passenger TRN14089,Passenger
TRN13289,Rajdhani TRN13289,Rajdhani
TRN12275,Express TRN12275,Express
TRN12026,Rajdhani TRN12026,Rajdhani
TRN13763,Passenger TRN13763,Passenger
TRN10852,Superfast TRN10852,Superfast
TRN10088,Rajdhani TRN10088,Rajdhani
TRN11775,Vande Bharat TRN11775,Vande Bharat
TRN11131,Rajdhani TRN11131,Rajdhani
TRN10579,Vande Bharat TRN10579,Vande Bharat
TRN14383,Vande Bharat TRN14383,Vande Bharat
TRN13863,Vande Bharat TRN13863,Vande Bharat
TRN10336,Shatabdi TRN10336,Shatabdi
TRN10123,Express TRN10123,Express
TRN13885,Shatabdi TRN13885,Shatabdi
TRN10115,Vande Bharat TRN10115,Vande Bharat
TRN12266,Passenger TRN12266,Passenger
TRN13673,Express TRN13673,Express
TRN12596,Superfast TRN12596,Superfast
TRN14539,Express TRN14539,Express
TRN13777,Shatabdi TRN13777,Shatabdi
TRN13290,Shatabdi TRN13290,Shatabdi
TRN10141,Vande Bharat TRN10141,Vande Bharat
TRN12143,Passenger TRN12143,Passenger
TRN10090,Shatabdi TRN10090,Shatabdi
TRN10555,Superfast TRN10555,Superfast
TRN12528,Rajdhani TRN12528,Rajdhani
TRN13010,Shatabdi TRN13010,Shatabdi
TRN10009,Shatabdi TRN10009,Shatabdi
TRN10706,Rajdhani TRN10706,Rajdhani
TRN12055,Shatabdi TRN12055,Shatabdi
TRN11620,Superfast TRN11620,Superfast
TRN14258,Passenger TRN14258,Passenger
TRN12654,Passenger TRN12654,Passenger
TRN14326,Rajdhani TRN14326,Rajdhani
TRN11588,Vande Bharat TRN11588,Vande Bharat
TRN10640,Superfast TRN10640,Superfast
TRN10404,Express TRN10404,Express
TRN11519,Shatabdi TRN11519,Shatabdi
TRN10796,Shatabdi TRN10796,Shatabdi
TRN10784,Rajdhani TRN10784,Rajdhani
TRN12648,Shatabdi TRN12648,Shatabdi
TRN12735,Express TRN12735,Express
TRN11200,Rajdhani TRN11200,Rajdhani
TRN13933,Express TRN13933,Express
TRN12462,Passenger TRN12462,Passenger
TRN10731,Vande Bharat TRN10731,Vande Bharat
TRN10676,Vande Bharat TRN10676,Vande Bharat
TRN12593,Express TRN12593,Express
TRN10723,Vande Bharat TRN10723,Vande Bharat
TRN11685,Superfast TRN11685,Superfast
TRN13619,Express TRN13619,Express
TRN13380,Passenger TRN13380,Passenger
TRN10801,Passenger TRN10801,Passenger
TRN11436,Rajdhani TRN11436,Rajdhani
TRN13710,Rajdhani TRN13710,Rajdhani
TRN14137,Rajdhani TRN14137,Rajdhani
TRN14513,Passenger TRN14513,Passenger
TRN11506,Passenger TRN11506,Passenger
TRN13480,Passenger TRN13480,Passenger
TRN14042,Shatabdi TRN14042,Shatabdi
TRN14349,Express TRN14349,Express
TRN10496,Express TRN10496,Express
TRN10490,Vande Bharat TRN10490,Vande Bharat
TRN12518,Superfast TRN12518,Superfast
TRN11326,Rajdhani TRN11326,Rajdhani
TRN11942,Shatabdi TRN11942,Shatabdi
TRN11006,Vande Bharat TRN11006,Vande Bharat
TRN12770,Rajdhani TRN12770,Rajdhani
TRN13914,Shatabdi TRN13914,Shatabdi
TRN12682,Shatabdi TRN12682,Shatabdi
TRN13901,Passenger TRN13901,Passenger
TRN10006,Express TRN10006,Express
TRN10808,Shatabdi TRN10808,Shatabdi
TRN14743,Passenger TRN14743,Passenger
TRN13579,Rajdhani TRN13579,Rajdhani
TRN12382,Superfast TRN12382,Superfast
TRN11945,Passenger TRN11945,Passenger
TRN12924,Superfast TRN12924,Superfast
TRN10524,Express TRN10524,Express
TRN12501,Passenger TRN12501,Passenger
TRN12991,Rajdhani TRN12991,Rajdhani
TRN14884,Superfast TRN14884,Superfast
TRN10226,Passenger TRN10226,Passenger
TRN14204,Vande Bharat TRN14204,Vande Bharat
TRN12053,Passenger TRN12053,Passenger
TRN12695,Vande Bharat TRN12695,Vande Bharat
TRN10672,Passenger TRN10672,Passenger
TRN13618,Passenger TRN13618,Passenger
TRN13036,Superfast TRN13036,Superfast
TRN13834,Express TRN13834,Express
TRN14909,Superfast TRN14909,Superfast
TRN10830,Shatabdi TRN10830,Shatabdi
TRN14294,Superfast TRN14294,Superfast
TRN10879,Shatabdi TRN10879,Shatabdi
TRN14574,Shatabdi TRN14574,Shatabdi
TRN12022,Vande Bharat TRN12022,Vande Bharat
TRN14318,Rajdhani TRN14318,Rajdhani
TRN14886,Vande Bharat TRN14886,Vande Bharat
TRN10450,Vande Bharat TRN10450,Vande Bharat
TRN10129,Passenger TRN10129,Passenger
TRN10935,Superfast TRN10935,Superfast
TRN11101,Superfast TRN11101,Superfast
TRN10737,Shatabdi TRN10737,Shatabdi
TRN13849,Vande Bharat TRN13849,Vande Bharat
TRN12700,Rajdhani TRN12700,Rajdhani
TRN14198,Rajdhani TRN14198,Rajdhani
TRN10477,Vande Bharat TRN10477,Vande Bharat
TRN13739,Express TRN13739,Express
TRN11746,Vande Bharat TRN11746,Vande Bharat
TRN12619,Shatabdi TRN12619,Shatabdi
TRN11450,Vande Bharat TRN11450,Vande Bharat
TRN13081,Passenger TRN13081,Passenger
TRN10856,Rajdhani TRN10856,Rajdhani
TRN12582,Rajdhani TRN12582,Rajdhani
TRN11028,Vande Bharat TRN11028,Vande Bharat
TRN10674,Rajdhani TRN10674,Rajdhani
TRN12589,Vande Bharat TRN12589,Vande Bharat
TRN13104,Shatabdi TRN13104,Shatabdi
TRN12244,Shatabdi TRN12244,Shatabdi
TRN10998,Shatabdi TRN10998,Shatabdi
TRN12051,Express TRN12051,Express
TRN11922,Shatabdi TRN11922,Shatabdi
TRN14304,Passenger TRN14304,Passenger
TRN12679,Passenger TRN12679,Passenger
TRN14785,Vande Bharat TRN14785,Vande Bharat
TRN10167,Vande Bharat TRN10167,Vande Bharat
TRN10987,Superfast TRN10987,Superfast
TRN10482,Superfast TRN10482,Superfast
TRN14055,Superfast TRN14055,Superfast
TRN14962,Superfast TRN14962,Superfast
TRN11550,Vande Bharat TRN11550,Vande Bharat
TRN10814,Vande Bharat TRN10814,Vande Bharat
TRN14649,Shatabdi TRN14649,Shatabdi
TRN12235,Passenger TRN12235,Passenger
TRN10261,Passenger TRN10261,Passenger
TRN13338,Shatabdi TRN13338,Shatabdi
TRN12019,Passenger TRN12019,Passenger
TRN12046,Superfast TRN12046,Superfast
TRN14132,Rajdhani TRN14132,Rajdhani
TRN14208,Superfast TRN14208,Superfast
TRN11424,Passenger TRN11424,Passenger
TRN10710,Passenger TRN10710,Passenger
TRN13283,Passenger TRN13283,Passenger
TRN13959,Superfast TRN13959,Superfast
TRN14328,Superfast TRN14328,Superfast
TRN14502,Passenger TRN14502,Passenger
TRN13773,Vande Bharat TRN13773,Vande Bharat
TRN10190,Rajdhani TRN10190,Rajdhani
TRN11408,Vande Bharat TRN11408,Vande Bharat
TRN14192,Rajdhani TRN14192,Rajdhani
TRN14176,Superfast TRN14176,Superfast
TRN14034,Express TRN14034,Express
TRN10559,Rajdhani TRN10559,Rajdhani
TRN10922,Vande Bharat TRN10922,Vande Bharat
TRN12454,Rajdhani TRN12454,Rajdhani
TRN12335,Rajdhani TRN12335,Rajdhani
TRN14189,Vande Bharat TRN14189,Vande Bharat
TRN10551,Rajdhani TRN10551,Rajdhani
TRN14486,Passenger TRN14486,Passenger
TRN13154,Passenger TRN13154,Passenger
TRN11580,Vande Bharat TRN11580,Vande Bharat
TRN13056,Superfast TRN13056,Superfast
TRN10811,Passenger TRN10811,Passenger
TRN14682,Passenger TRN14682,Passenger
TRN13118,Vande Bharat TRN13118,Vande Bharat
TRN13306,Passenger TRN13306,Passenger
TRN14239,Passenger TRN14239,Passenger
TRN13772,Passenger TRN13772,Passenger
TRN13923,Express TRN13923,Express
TRN13070,Vande Bharat TRN13070,Vande Bharat
TRN13221,Superfast TRN13221,Superfast
TRN12936,Shatabdi TRN12936,Shatabdi
TRN11076,Superfast TRN11076,Superfast
TRN12061,Rajdhani TRN12061,Rajdhani
TRN13724,Superfast TRN13724,Superfast
TRN14950,Shatabdi TRN14950,Shatabdi
TRN14285,Superfast TRN14285,Superfast
TRN11236,Passenger TRN11236,Passenger
TRN11716,Rajdhani TRN11716,Rajdhani
TRN13847,Superfast TRN13847,Superfast
TRN12059,Superfast TRN12059,Superfast
TRN11914,Passenger TRN11914,Passenger
TRN13268,Rajdhani TRN13268,Rajdhani
TRN10756,Passenger TRN10756,Passenger
TRN11713,Vande Bharat TRN11713,Vande Bharat
TRN13237,Rajdhani TRN13237,Rajdhani
TRN12027,Passenger TRN12027,Passenger
TRN12885,Shatabdi TRN12885,Shatabdi
TRN11353,Express TRN11353,Express
TRN12937,Vande Bharat TRN12937,Vande Bharat
TRN10078,Vande Bharat TRN10078,Vande Bharat
TRN10543,Rajdhani TRN10543,Rajdhani
TRN14156,Superfast TRN14156,Superfast
TRN12803,Rajdhani TRN12803,Rajdhani
TRN13346,Shatabdi TRN13346,Shatabdi
TRN12731,Shatabdi TRN12731,Shatabdi
TRN13032,Vande Bharat TRN13032,Vande Bharat
TRN10708,Superfast TRN10708,Superfast
TRN14656,Shatabdi TRN14656,Shatabdi
TRN12501,Vande Bharat TRN12501,Vande Bharat
TRN10330,Passenger TRN10330,Passenger
TRN10795,Vande Bharat TRN10795,Vande Bharat
TRN10747,Passenger TRN10747,Passenger
TRN10983,Rajdhani TRN10983,Rajdhani
TRN10659,Superfast TRN10659,Superfast
TRN12352,Passenger TRN12352,Passenger
TRN10574,Passenger TRN10574,Passenger
TRN10791,Passenger TRN10791,Passenger
TRN13524,Shatabdi TRN13524,Shatabdi
TRN12583,Rajdhani TRN12583,Rajdhani
TRN12649,Shatabdi TRN12649,Shatabdi
TRN14853,Passenger TRN14853,Passenger
TRN14258,Rajdhani TRN14258,Rajdhani
TRN10051,Rajdhani TRN10051,Rajdhani
TRN14216,Shatabdi TRN14216,Shatabdi
TRN10785,Passenger TRN10785,Passenger
TRN14789,Express TRN14789,Express
TRN14433,Vande Bharat TRN14433,Vande Bharat
TRN11408,Express TRN11408,Express
TRN14190,Passenger TRN14190,Passenger
TRN12001,Vande Bharat TRN12001,Vande Bharat
TRN12089,Express TRN12089,Express
TRN14360,Superfast TRN14360,Superfast
TRN11881,Shatabdi TRN11881,Shatabdi
TRN12649,Rajdhani TRN12649,Rajdhani
TRN12679,Shatabdi TRN12679,Shatabdi
TRN14735,Vande Bharat TRN14735,Vande Bharat
TRN10292,Shatabdi TRN10292,Shatabdi
TRN14407,Superfast TRN14407,Superfast
TRN10443,Express TRN10443,Express
TRN14985,Superfast TRN14985,Superfast
TRN11818,Passenger TRN11818,Passenger
TRN13132,Superfast TRN13132,Superfast
TRN14439,Rajdhani TRN14439,Rajdhani
TRN10683,Shatabdi TRN10683,Shatabdi
TRN10373,Superfast TRN10373,Superfast
TRN11755,Vande Bharat TRN11755,Vande Bharat
TRN10615,Shatabdi TRN10615,Shatabdi
TRN11822,Vande Bharat TRN11822,Vande Bharat
TRN14264,Shatabdi TRN14264,Shatabdi
TRN13551,Vande Bharat TRN13551,Vande Bharat
TRN14619,Vande Bharat TRN14619,Vande Bharat
TRN13541,Shatabdi TRN13541,Shatabdi
TRN12602,Vande Bharat TRN12602,Vande Bharat
TRN14599,Rajdhani TRN14599,Rajdhani
TRN11197,Express TRN11197,Express
TRN14508,Rajdhani TRN14508,Rajdhani
TRN14059,Rajdhani TRN14059,Rajdhani
TRN11237,Passenger TRN11237,Passenger
TRN12088,Express TRN12088,Express
TRN10652,Rajdhani TRN10652,Rajdhani
TRN11166,Superfast TRN11166,Superfast
TRN11517,Express TRN11517,Express
TRN14987,Shatabdi TRN14987,Shatabdi
TRN13610,Rajdhani TRN13610,Rajdhani
TRN14082,Rajdhani TRN14082,Rajdhani
TRN11864,Vande Bharat TRN11864,Vande Bharat
TRN14710,Shatabdi TRN14710,Shatabdi
TRN13064,Rajdhani TRN13064,Rajdhani
TRN12191,Shatabdi TRN12191,Shatabdi
TRN13538,Superfast TRN13538,Superfast
TRN10459,Vande Bharat TRN10459,Vande Bharat
TRN12115,Vande Bharat TRN12115,Vande Bharat
TRN14217,Express TRN14217,Express
TRN14380,Rajdhani TRN14380,Rajdhani
TRN13434,Vande Bharat TRN13434,Vande Bharat
TRN13620,Rajdhani TRN13620,Rajdhani
TRN14431,Express TRN14431,Express
TRN13789,Passenger TRN13789,Passenger
TRN13497,Shatabdi TRN13497,Shatabdi
TRN11953,Passenger TRN11953,Passenger
TRN13141,Vande Bharat TRN13141,Vande Bharat
TRN13014,Passenger TRN13014,Passenger
TRN12717,Rajdhani TRN12717,Rajdhani
TRN11608,Vande Bharat TRN11608,Vande Bharat
TRN10446,Vande Bharat TRN10446,Vande Bharat
TRN13233,Passenger TRN13233,Passenger
TRN13399,Shatabdi TRN13399,Shatabdi
TRN10268,Superfast TRN10268,Superfast
TRN13311,Express TRN13311,Express
TRN10243,Passenger TRN10243,Passenger
TRN13233,Vande Bharat TRN13233,Vande Bharat
TRN11825,Express TRN11825,Express
TRN12603,Passenger TRN12603,Passenger
TRN11972,Shatabdi TRN11972,Shatabdi
TRN12423,Superfast TRN12423,Superfast
TRN10286,Vande Bharat TRN10286,Vande Bharat
TRN13036,Vande Bharat TRN13036,Vande Bharat
TRN11531,Rajdhani TRN11531,Rajdhani
TRN13578,Shatabdi TRN13578,Shatabdi
TRN13996,Passenger TRN13996,Passenger
TRN11454,Rajdhani TRN11454,Rajdhani
TRN11192,Rajdhani TRN11192,Rajdhani
TRN10386,Superfast TRN10386,Superfast
TRN12213,Vande Bharat TRN12213,Vande Bharat
TRN13778,Passenger TRN13778,Passenger
TRN12527,Passenger TRN12527,Passenger
TRN14142,Express TRN14142,Express
TRN10940,Vande Bharat TRN10940,Vande Bharat
TRN12532,Shatabdi TRN12532,Shatabdi
TRN14998,Passenger TRN14998,Passenger
TRN12749,Rajdhani TRN12749,Rajdhani
TRN10462,Passenger TRN10462,Passenger
TRN13633,Shatabdi TRN13633,Shatabdi
TRN10645,Rajdhani TRN10645,Rajdhani
TRN13741,Vande Bharat TRN13741,Vande Bharat
TRN13997,Rajdhani TRN13997,Rajdhani
TRN12838,Vande Bharat TRN12838,Vande Bharat
TRN12066,Passenger TRN12066,Passenger
TRN11058,Express TRN11058,Express
TRN10943,Superfast TRN10943,Superfast
TRN10651,Superfast TRN10651,Superfast
TRN14300,Passenger TRN14300,Passenger
TRN10536,Vande Bharat TRN10536,Vande Bharat
TRN11928,Vande Bharat TRN11928,Vande Bharat
TRN11420,Rajdhani TRN11420,Rajdhani
TRN11893,Rajdhani TRN11893,Rajdhani
TRN14401,Shatabdi TRN14401,Shatabdi
TRN14330,Passenger TRN14330,Passenger
TRN10175,Vande Bharat TRN10175,Vande Bharat
TRN10969,Rajdhani TRN10969,Rajdhani
TRN14855,Vande Bharat TRN14855,Vande Bharat
TRN13609,Passenger TRN13609,Passenger
TRN14164,Superfast TRN14164,Superfast
TRN10047,Shatabdi TRN10047,Shatabdi
TRN14144,Passenger TRN14144,Passenger
TRN12241,Rajdhani TRN12241,Rajdhani
TRN12947,Superfast TRN12947,Superfast
TRN14817,Rajdhani TRN14817,Rajdhani
TRN11702,Passenger TRN11702,Passenger
TRN14690,Rajdhani TRN14690,Rajdhani
TRN11318,Rajdhani TRN11318,Rajdhani
TRN12134,Express TRN12134,Express
TRN11224,Passenger TRN11224,Passenger
TRN11234,Express TRN11234,Express
TRN11220,Rajdhani TRN11220,Rajdhani
TRN12510,Rajdhani TRN12510,Rajdhani
TRN13964,Superfast TRN13964,Superfast
TRN12383,Rajdhani TRN12383,Rajdhani
TRN11451,Superfast TRN11451,Superfast
TRN10053,Shatabdi TRN10053,Shatabdi
TRN13996,Superfast TRN13996,Superfast
TRN11024,Shatabdi TRN11024,Shatabdi
TRN14836,Rajdhani TRN14836,Rajdhani
TRN13930,Vande Bharat TRN13930,Vande Bharat
TRN13825,Vande Bharat TRN13825,Vande Bharat
TRN14534,Rajdhani TRN14534,Rajdhani
TRN14836,Express TRN14836,Express
TRN13734,Rajdhani TRN13734,Rajdhani
TRN14307,Superfast TRN14307,Superfast
TRN14131,Express TRN14131,Express
TRN13567,Express TRN13567,Express
TRN11118,Rajdhani TRN11118,Rajdhani
TRN12261,Passenger TRN12261,Passenger
TRN14122,Superfast TRN14122,Superfast
TRN14969,Vande Bharat TRN14969,Vande Bharat
TRN14002,Passenger TRN14002,Passenger
TRN12845,Shatabdi TRN12845,Shatabdi
TRN14145,Passenger TRN14145,Passenger
TRN10222,Express TRN10222,Express
TRN13362,Superfast TRN13362,Superfast
TRN12616,Passenger TRN12616,Passenger
TRN14774,Vande Bharat TRN14774,Vande Bharat
TRN11560,Vande Bharat TRN11560,Vande Bharat
TRN12223,Vande Bharat TRN12223,Vande Bharat
TRN10504,Express TRN10504,Express
TRN13187,Shatabdi TRN13187,Shatabdi
TRN14379,Shatabdi TRN14379,Shatabdi
TRN14632,Superfast TRN14632,Superfast
TRN14846,Express TRN14846,Express
TRN12658,Passenger TRN12658,Passenger
TRN11918,Shatabdi TRN11918,Shatabdi
TRN12411,Passenger TRN12411,Passenger
TRN10308,Rajdhani TRN10308,Rajdhani
TRN13669,Vande Bharat TRN13669,Vande Bharat
TRN14499,Passenger TRN14499,Passenger
TRN11579,Express TRN11579,Express
TRN13715,Rajdhani TRN13715,Rajdhani
TRN14640,Rajdhani TRN14640,Rajdhani
TRN12311,Vande Bharat TRN12311,Vande Bharat
TRN13805,Superfast TRN13805,Superfast
TRN13521,Rajdhani TRN13521,Rajdhani
TRN10366,Vande Bharat TRN10366,Vande Bharat
TRN12363,Rajdhani TRN12363,Rajdhani
TRN14510,Vande Bharat TRN14510,Vande Bharat
TRN12511,Rajdhani TRN12511,Rajdhani
TRN12675,Superfast TRN12675,Superfast
TRN11474,Rajdhani TRN11474,Rajdhani
TRN12559,Superfast TRN12559,Superfast
TRN10381,Rajdhani TRN10381,Rajdhani
TRN10796,Rajdhani TRN10796,Rajdhani
TRN13326,Shatabdi TRN13326,Shatabdi
TRN14298,Superfast TRN14298,Superfast
TRN10265,Rajdhani TRN10265,Rajdhani
TRN10548,Rajdhani TRN10548,Rajdhani
TRN12972,Express TRN12972,Express
TRN11496,Shatabdi TRN11496,Shatabdi
TRN14888,Superfast TRN14888,Superfast
TRN12798,Vande Bharat TRN12798,Vande Bharat
TRN12442,Shatabdi TRN12442,Shatabdi
TRN12888,Passenger TRN12888,Passenger
TRN11094,Express TRN11094,Express
TRN11155,Express TRN11155,Express
TRN13839,Passenger TRN13839,Passenger
TRN11020,Vande Bharat TRN11020,Vande Bharat
TRN10997,Vande Bharat TRN10997,Vande Bharat
TRN14248,Superfast TRN14248,Superfast
TRN10341,Vande Bharat TRN10341,Vande Bharat
TRN14675,Rajdhani TRN14675,Rajdhani
TRN12611,Passenger TRN12611,Passenger
TRN14719,Rajdhani TRN14719,Rajdhani
TRN14871,Passenger TRN14871,Passenger
TRN14723,Shatabdi TRN14723,Shatabdi
TRN12628,Passenger TRN12628,Passenger
TRN10861,Shatabdi TRN10861,Shatabdi
TRN12318,Rajdhani TRN12318,Rajdhani
TRN11978,Rajdhani TRN11978,Rajdhani
TRN11300,Vande Bharat TRN11300,Vande Bharat
TRN10179,Passenger TRN10179,Passenger
TRN14028,Passenger TRN14028,Passenger
TRN10258,Rajdhani TRN10258,Rajdhani
TRN13111,Rajdhani TRN13111,Rajdhani
TRN14506,Passenger TRN14506,Passenger
TRN12914,Express TRN12914,Express
TRN13699,Rajdhani TRN13699,Rajdhani
TRN14485,Vande Bharat TRN14485,Vande Bharat
TRN10950,Superfast TRN10950,Superfast
TRN14832,Vande Bharat TRN14832,Vande Bharat
TRN13850,Shatabdi TRN13850,Shatabdi
TRN11777,Vande Bharat TRN11777,Vande Bharat
TRN14396,Vande Bharat TRN14396,Vande Bharat
TRN12650,Passenger TRN12650,Passenger
TRN12690,Vande Bharat TRN12690,Vande Bharat
TRN11713,Passenger TRN11713,Passenger
TRN14723,Vande Bharat TRN14723,Vande Bharat
TRN10268,Rajdhani TRN10268,Rajdhani
TRN12777,Passenger TRN12777,Passenger
TRN12542,Express TRN12542,Express
TRN14496,Vande Bharat TRN14496,Vande Bharat
TRN11789,Rajdhani TRN11789,Rajdhani
TRN13577,Superfast TRN13577,Superfast
TRN13260,Rajdhani TRN13260,Rajdhani
TRN11832,Rajdhani TRN11832,Rajdhani
TRN10896,Vande Bharat TRN10896,Vande Bharat
TRN10178,Passenger TRN10178,Passenger
TRN12170,Rajdhani TRN12170,Rajdhani
TRN13831,Rajdhani TRN13831,Rajdhani
TRN13203,Shatabdi TRN13203,Shatabdi
TRN13412,Passenger TRN13412,Passenger
TRN12193,Shatabdi TRN12193,Shatabdi
TRN10299,Shatabdi TRN10299,Shatabdi
TRN11909,Rajdhani TRN11909,Rajdhani
TRN12169,Express TRN12169,Express
TRN11311,Superfast TRN11311,Superfast
TRN14078,Rajdhani TRN14078,Rajdhani
TRN12942,Passenger TRN12942,Passenger
TRN14533,Shatabdi TRN14533,Shatabdi
TRN11567,Express TRN11567,Express
TRN10891,Vande Bharat TRN10891,Vande Bharat
TRN14240,Superfast TRN14240,Superfast
TRN11686,Shatabdi TRN11686,Shatabdi
TRN11786,Vande Bharat TRN11786,Vande Bharat
TRN13497,Superfast TRN13497,Superfast
TRN12697,Express TRN12697,Express
TRN13405,Vande Bharat TRN13405,Vande Bharat
TRN12161,Express TRN12161,Express
TRN14728,Vande Bharat TRN14728,Vande Bharat
TRN14666,Superfast TRN14666,Superfast
TRN12409,Express TRN12409,Express
TRN14102,Superfast TRN14102,Superfast
TRN12770,Shatabdi TRN12770,Shatabdi
TRN10850,Vande Bharat TRN10850,Vande Bharat
TRN13207,Superfast TRN13207,Superfast
TRN10512,Express TRN10512,Express
TRN12888,Shatabdi TRN12888,Shatabdi
TRN13980,Rajdhani TRN13980,Rajdhani
TRN12453,Vande Bharat TRN12453,Vande Bharat
TRN12277,Superfast TRN12277,Superfast
TRN11053,Passenger TRN11053,Passenger
TRN12657,Vande Bharat TRN12657,Vande Bharat
TRN10552,Express TRN10552,Express
TRN10534,Shatabdi TRN10534,Shatabdi
TRN11520,Passenger TRN11520,Passenger
TRN10562,Superfast TRN10562,Superfast
TRN14982,Rajdhani TRN14982,Rajdhani
TRN10392,Superfast TRN10392,Superfast
TRN10943,Rajdhani TRN10943,Rajdhani
TRN10000,Express TRN10000,Express
TRN14651,Rajdhani TRN14651,Rajdhani
TRN14249,Vande Bharat TRN14249,Vande Bharat
TRN14821,Vande Bharat TRN14821,Vande Bharat
TRN12734,Rajdhani TRN12734,Rajdhani
TRN11034,Vande Bharat TRN11034,Vande Bharat
TRN11701,Vande Bharat TRN11701,Vande Bharat
TRN11483,Rajdhani TRN11483,Rajdhani
TRN12117,Shatabdi TRN12117,Shatabdi
TRN11433,Rajdhani TRN11433,Rajdhani
TRN12158,Shatabdi TRN12158,Shatabdi
TRN12653,Passenger TRN12653,Passenger
TRN13563,Superfast TRN13563,Superfast
TRN12541,Vande Bharat TRN12541,Vande Bharat
TRN13991,Superfast TRN13991,Superfast
TRN14919,Superfast TRN14919,Superfast
TRN14992,Vande Bharat TRN14992,Vande Bharat
TRN13659,Vande Bharat TRN13659,Vande Bharat
TRN11265,Express TRN11265,Express
TRN13887,Rajdhani TRN13887,Rajdhani
TRN11688,Shatabdi TRN11688,Shatabdi
TRN13900,Shatabdi TRN13900,Shatabdi
TRN14972,Vande Bharat TRN14972,Vande Bharat
TRN12546,Passenger TRN12546,Passenger
TRN13663,Vande Bharat TRN13663,Vande Bharat
TRN10128,Passenger TRN10128,Passenger
TRN10972,Superfast TRN10972,Superfast
TRN13698,Express TRN13698,Express
TRN11020,Passenger TRN11020,Passenger
TRN12373,Rajdhani TRN12373,Rajdhani
TRN12486,Superfast TRN12486,Superfast
TRN10765,Express TRN10765,Express
TRN13901,Shatabdi TRN13901,Shatabdi
TRN12088,Vande Bharat TRN12088,Vande Bharat
TRN13152,Shatabdi TRN13152,Shatabdi
TRN11891,Shatabdi TRN11891,Shatabdi
TRN11144,Shatabdi TRN11144,Shatabdi
TRN10001,Vande Bharat TRN10001,Vande Bharat
TRN10232,Shatabdi TRN10232,Shatabdi
TRN10370,Superfast TRN10370,Superfast
TRN13133,Vande Bharat TRN13133,Vande Bharat
TRN14423,Shatabdi TRN14423,Shatabdi
TRN13417,Shatabdi TRN13417,Shatabdi
TRN10851,Rajdhani TRN10851,Rajdhani
TRN13599,Vande Bharat TRN13599,Vande Bharat
TRN13663,Shatabdi TRN13663,Shatabdi
TRN12714,Express TRN12714,Express
TRN12333,Vande Bharat TRN12333,Vande Bharat
TRN10597,Express TRN10597,Express
TRN14389,Rajdhani TRN14389,Rajdhani
TRN11386,Express TRN11386,Express
TRN12210,Rajdhani TRN12210,Rajdhani
TRN11075,Vande Bharat TRN11075,Vande Bharat
TRN14805,Rajdhani TRN14805,Rajdhani
TRN14511,Passenger TRN14511,Passenger
TRN11420,Vande Bharat TRN11420,Vande Bharat
TRN11881,Rajdhani TRN11881,Rajdhani
TRN13563,Rajdhani TRN13563,Rajdhani
TRN13478,Passenger TRN13478,Passenger
TRN10072,Vande Bharat TRN10072,Vande Bharat
TRN11763,Rajdhani TRN11763,Rajdhani
TRN11363,Vande Bharat TRN11363,Vande Bharat
TRN14295,Express TRN14295,Express
TRN11717,Superfast TRN11717,Superfast
TRN11924,Shatabdi TRN11924,Shatabdi
TRN10049,Shatabdi TRN10049,Shatabdi
TRN11721,Shatabdi TRN11721,Shatabdi
TRN14397,Passenger TRN14397,Passenger
TRN14730,Rajdhani TRN14730,Rajdhani
TRN11772,Express TRN11772,Express
TRN11583,Shatabdi TRN11583,Shatabdi
TRN14306,Shatabdi TRN14306,Shatabdi
TRN10132,Passenger TRN10132,Passenger
TRN10305,Rajdhani TRN10305,Rajdhani
TRN10282,Passenger TRN10282,Passenger
TRN13921,Express TRN13921,Express
TRN14309,Rajdhani TRN14309,Rajdhani
TRN14653,Passenger TRN14653,Passenger
TRN12356,Rajdhani TRN12356,Rajdhani
TRN13005,Express TRN13005,Express
TRN11245,Passenger TRN11245,Passenger
TRN14047,Passenger TRN14047,Passenger
TRN14057,Shatabdi TRN14057,Shatabdi
TRN13901,Vande Bharat TRN13901,Vande Bharat
TRN12603,Express TRN12603,Express
TRN12849,Shatabdi TRN12849,Shatabdi
TRN11906,Vande Bharat TRN11906,Vande Bharat
TRN10603,Shatabdi TRN10603,Shatabdi
TRN13290,Passenger TRN13290,Passenger
TRN12446,Passenger TRN12446,Passenger
TRN11130,Superfast TRN11130,Superfast
TRN12967,Passenger TRN12967,Passenger
TRN13065,Vande Bharat TRN13065,Vande Bharat
TRN11305,Shatabdi TRN11305,Shatabdi
TRN13458,Vande Bharat TRN13458,Vande Bharat
TRN13457,Shatabdi TRN13457,Shatabdi
TRN10447,Passenger TRN10447,Passenger
TRN11080,Shatabdi TRN11080,Shatabdi
TRN10909,Shatabdi TRN10909,Shatabdi
TRN13710,Express TRN13710,Express
TRN14714,Superfast TRN14714,Superfast
TRN14174,Shatabdi TRN14174,Shatabdi
TRN11611,Shatabdi TRN11611,Shatabdi
TRN11493,Passenger TRN11493,Passenger
TRN10289,Rajdhani TRN10289,Rajdhani
TRN13030,Vande Bharat TRN13030,Vande Bharat
TRN13821,Rajdhani TRN13821,Rajdhani
TRN10366,Shatabdi TRN10366,Shatabdi
TRN10336,Passenger TRN10336,Passenger
TRN11068,Shatabdi TRN11068,Shatabdi
TRN12437,Shatabdi TRN12437,Shatabdi
TRN13639,Express TRN13639,Express
TRN10925,Vande Bharat TRN10925,Vande Bharat
TRN13800,Superfast TRN13800,Superfast
TRN10961,Rajdhani TRN10961,Rajdhani
TRN14618,Passenger TRN14618,Passenger
TRN13552,Vande Bharat TRN13552,Vande Bharat
TRN12018,Passenger TRN12018,Passenger
TRN14422,Rajdhani TRN14422,Rajdhani
TRN10283,Superfast TRN10283,Superfast
TRN11265,Vande Bharat TRN11265,Vande Bharat
TRN11413,Vande Bharat TRN11413,Vande Bharat
TRN11211,Shatabdi TRN11211,Shatabdi
TRN12974,Vande Bharat TRN12974,Vande Bharat
TRN14995,Rajdhani TRN14995,Rajdhani
TRN12522,Express TRN12522,Express
TRN12422,Superfast TRN12422,Superfast
TRN12715,Rajdhani TRN12715,Rajdhani
TRN14185,Passenger TRN14185,Passenger
TRN14777,Express TRN14777,Express
TRN13555,Passenger TRN13555,Passenger
TRN14202,Rajdhani TRN14202,Rajdhani
TRN11953,Rajdhani TRN11953,Rajdhani
TRN12445,Passenger TRN12445,Passenger
TRN12150,Express TRN12150,Express
TRN14976,Passenger TRN14976,Passenger
TRN11406,Passenger TRN11406,Passenger
TRN11717,Rajdhani TRN11717,Rajdhani
TRN14715,Vande Bharat TRN14715,Vande Bharat
TRN14941,Rajdhani TRN14941,Rajdhani
TRN14986,Superfast TRN14986,Superfast
TRN13908,Vande Bharat TRN13908,Vande Bharat
TRN11528,Passenger TRN11528,Passenger
TRN10292,Passenger TRN10292,Passenger
TRN12507,Vande Bharat TRN12507,Vande Bharat
TRN14677,Shatabdi TRN14677,Shatabdi
TRN10528,Rajdhani TRN10528,Rajdhani
TRN14310,Rajdhani TRN14310,Rajdhani
TRN12956,Shatabdi TRN12956,Shatabdi
TRN11544,Passenger TRN11544,Passenger
TRN14263,Rajdhani TRN14263,Rajdhani
TRN14443,Rajdhani TRN14443,Rajdhani
TRN12596,Vande Bharat TRN12596,Vande Bharat
TRN13148,Shatabdi TRN13148,Shatabdi
TRN13601,Shatabdi TRN13601,Shatabdi
TRN10090,Vande Bharat TRN10090,Vande Bharat
TRN10499,Express TRN10499,Express
TRN12161,Rajdhani TRN12161,Rajdhani
TRN11893,Vande Bharat TRN11893,Vande Bharat
TRN10824,Vande Bharat TRN10824,Vande Bharat
TRN12986,Vande Bharat TRN12986,Vande Bharat
TRN13617,Rajdhani TRN13617,Rajdhani
TRN12433,Rajdhani TRN12433,Rajdhani
TRN12174,Superfast TRN12174,Superfast
TRN14775,Vande Bharat TRN14775,Vande Bharat
TRN13075,Passenger TRN13075,Passenger
TRN14737,Vande Bharat TRN14737,Vande Bharat
TRN13274,Passenger TRN13274,Passenger
TRN14356,Superfast TRN14356,Superfast
TRN11348,Passenger TRN11348,Passenger
TRN11285,Express TRN11285,Express
TRN13393,Superfast TRN13393,Superfast
TRN11136,Express TRN11136,Express
TRN13265,Shatabdi TRN13265,Shatabdi
TRN12817,Express TRN12817,Express
TRN13006,Passenger TRN13006,Passenger
TRN12846,Vande Bharat TRN12846,Vande Bharat
TRN13874,Shatabdi TRN13874,Shatabdi
TRN13679,Vande Bharat TRN13679,Vande Bharat
TRN12407,Passenger TRN12407,Passenger
TRN13884,Rajdhani TRN13884,Rajdhani
TRN12986,Shatabdi TRN12986,Shatabdi
TRN13544,Rajdhani TRN13544,Rajdhani
TRN11680,Passenger TRN11680,Passenger
TRN14089,Vande Bharat TRN14089,Vande Bharat
TRN12428,Superfast TRN12428,Superfast
TRN10062,Shatabdi TRN10062,Shatabdi
TRN11252,Passenger TRN11252,Passenger
TRN13649,Vande Bharat TRN13649,Vande Bharat
TRN14281,Vande Bharat TRN14281,Vande Bharat
TRN10157,Rajdhani TRN10157,Rajdhani
TRN12411,Rajdhani TRN12411,Rajdhani
TRN14890,Rajdhani TRN14890,Rajdhani
TRN14177,Express TRN14177,Express
TRN10060,Express TRN10060,Express
TRN13806,Vande Bharat TRN13806,Vande Bharat
TRN11914,Vande Bharat TRN11914,Vande Bharat
TRN10202,Rajdhani TRN10202,Rajdhani
TRN10801,Superfast TRN10801,Superfast
TRN12245,Passenger TRN12245,Passenger
TRN10218,Passenger TRN10218,Passenger
TRN10906,Passenger TRN10906,Passenger
TRN10321,Rajdhani TRN10321,Rajdhani
TRN12668,Rajdhani TRN12668,Rajdhani
TRN13658,Shatabdi TRN13658,Shatabdi
TRN13448,Vande Bharat TRN13448,Vande Bharat
TRN11199,Rajdhani TRN11199,Rajdhani
TRN12504,Shatabdi TRN12504,Shatabdi
TRN11572,Express TRN11572,Express
TRN12997,Superfast TRN12997,Superfast
TRN12733,Rajdhani TRN12733,Rajdhani
TRN11925,Rajdhani TRN11925,Rajdhani
TRN14657,Vande Bharat TRN14657,Vande Bharat
TRN14383,Rajdhani TRN14383,Rajdhani
TRN12407,Vande Bharat TRN12407,Vande Bharat
TRN13956,Superfast TRN13956,Superfast
TRN13910,Shatabdi TRN13910,Shatabdi
TRN10895,Rajdhani TRN10895,Rajdhani
TRN14808,Shatabdi TRN14808,Shatabdi
TRN11939,Rajdhani TRN11939,Rajdhani
TRN12359,Rajdhani TRN12359,Rajdhani
TRN12478,Vande Bharat TRN12478,Vande Bharat
TRN13686,Rajdhani TRN13686,Rajdhani
TRN10770,Shatabdi TRN10770,Shatabdi
TRN11722,Rajdhani TRN11722,Rajdhani
TRN10566,Vande Bharat TRN10566,Vande Bharat
TRN14404,Vande Bharat TRN14404,Vande Bharat
TRN14642,Passenger TRN14642,Passenger
TRN10500,Rajdhani TRN10500,Rajdhani
TRN13785,Vande Bharat TRN13785,Vande Bharat
TRN10442,Rajdhani TRN10442,Rajdhani
TRN13679,Superfast TRN13679,Superfast
TRN10202,Express TRN10202,Express
TRN10882,Vande Bharat TRN10882,Vande Bharat
TRN10834,Superfast TRN10834,Superfast
TRN14095,Rajdhani TRN14095,Rajdhani
TRN12215,Rajdhani TRN12215,Rajdhani
TRN14555,Passenger TRN14555,Passenger
TRN13760,Shatabdi TRN13760,Shatabdi
TRN10422,Superfast TRN10422,Superfast
TRN14161,Vande Bharat TRN14161,Vande Bharat
TRN10736,Passenger TRN10736,Passenger
TRN13597,Rajdhani TRN13597,Rajdhani
TRN10400,Superfast TRN10400,Superfast
TRN14993,Express TRN14993,Express
TRN11089,Shatabdi TRN11089,Shatabdi
TRN10906,Rajdhani TRN10906,Rajdhani
TRN12432,Passenger TRN12432,Passenger
TRN12037,Passenger TRN12037,Passenger
TRN11842,Express TRN11842,Express
TRN13416,Vande Bharat TRN13416,Vande Bharat
TRN13694,Express TRN13694,Express
TRN10473,Rajdhani TRN10473,Rajdhani
TRN14499,Shatabdi TRN14499,Shatabdi
TRN11744,Passenger TRN11744,Passenger
TRN13824,Passenger TRN13824,Passenger
TRN12377,Rajdhani TRN12377,Rajdhani
TRN13151,Rajdhani TRN13151,Rajdhani
TRN11074,Rajdhani TRN11074,Rajdhani
TRN11605,Express TRN11605,Express
TRN11333,Shatabdi TRN11333,Shatabdi
TRN14168,Express TRN14168,Express
TRN11741,Superfast TRN11741,Superfast
TRN11619,Vande Bharat TRN11619,Vande Bharat
TRN13977,Shatabdi TRN13977,Shatabdi
TRN14616,Passenger TRN14616,Passenger
TRN12427,Shatabdi TRN12427,Shatabdi
TRN13878,Shatabdi TRN13878,Shatabdi
TRN10350,Express TRN10350,Express
TRN11121,Passenger TRN11121,Passenger
TRN12856,Shatabdi TRN12856,Shatabdi
TRN12751,Shatabdi TRN12751,Shatabdi
TRN14640,Passenger TRN14640,Passenger
TRN10798,Vande Bharat TRN10798,Vande Bharat
TRN10077,Superfast TRN10077,Superfast
TRN10872,Rajdhani TRN10872,Rajdhani
TRN13680,Shatabdi TRN13680,Shatabdi
TRN11457,Superfast TRN11457,Superfast
TRN13153,Express TRN13153,Express
TRN14406,Shatabdi TRN14406,Shatabdi
TRN13428,Superfast TRN13428,Superfast
TRN12016,Passenger TRN12016,Passenger
TRN14990,Rajdhani TRN14990,Rajdhani
TRN14821,Express TRN14821,Express
TRN11669,Superfast TRN11669,Superfast
TRN11979,Rajdhani TRN11979,Rajdhani
TRN12782,Rajdhani TRN12782,Rajdhani
TRN12467,Vande Bharat TRN12467,Vande Bharat
TRN12634,Passenger TRN12634,Passenger
TRN10466,Vande Bharat TRN10466,Vande Bharat
TRN10766,Vande Bharat TRN10766,Vande Bharat
TRN12092,Shatabdi TRN12092,Shatabdi
TRN13257,Vande Bharat TRN13257,Vande Bharat
TRN14937,Passenger TRN14937,Passenger
TRN10477,Passenger TRN10477,Passenger
TRN12036,Shatabdi TRN12036,Shatabdi
TRN11465,Express TRN11465,Express
TRN10039,Express TRN10039,Express
TRN13591,Superfast TRN13591,Superfast
TRN11799,Express TRN11799,Express
TRN11834,Rajdhani TRN11834,Rajdhani
TRN10955,Passenger TRN10955,Passenger
TRN12939,Shatabdi TRN12939,Shatabdi
TRN11602,Passenger TRN11602,Passenger
TRN14450,Vande Bharat TRN14450,Vande Bharat
TRN10571,Shatabdi TRN10571,Shatabdi
TRN12368,Vande Bharat TRN12368,Vande Bharat
TRN14347,Superfast TRN14347,Superfast
TRN12635,Rajdhani TRN12635,Rajdhani
TRN14700,Passenger TRN14700,Passenger
TRN12724,Rajdhani TRN12724,Rajdhani
TRN13221,Shatabdi TRN13221,Shatabdi
TRN10159,Passenger TRN10159,Passenger
TRN10180,Shatabdi TRN10180,Shatabdi
TRN10635,Vande Bharat TRN10635,Vande Bharat
TRN10243,Shatabdi TRN10243,Shatabdi
TRN14650,Passenger TRN14650,Passenger
TRN11157,Express TRN11157,Express
TRN12455,Vande Bharat TRN12455,Vande Bharat
TRN11144,Passenger TRN11144,Passenger
TRN13924,Vande Bharat TRN13924,Vande Bharat
TRN11751,Rajdhani TRN11751,Rajdhani
TRN14874,Rajdhani TRN14874,Rajdhani
TRN11621,Shatabdi TRN11621,Shatabdi
TRN11526,Rajdhani TRN11526,Rajdhani
TRN13644,Passenger TRN13644,Passenger
TRN12922,Passenger TRN12922,Passenger
TRN14806,Shatabdi TRN14806,Shatabdi
TRN14276,Passenger TRN14276,Passenger
TRN12636,Shatabdi TRN12636,Shatabdi
TRN14765,Rajdhani TRN14765,Rajdhani
TRN10826,Rajdhani TRN10826,Rajdhani
TRN14484,Vande Bharat TRN14484,Vande Bharat
TRN13115,Vande Bharat TRN13115,Vande Bharat
TRN10733,Express TRN10733,Express
TRN10204,Rajdhani TRN10204,Rajdhani
TRN13340,Express TRN13340,Express
TRN13297,Superfast TRN13297,Superfast
TRN10525,Shatabdi TRN10525,Shatabdi
TRN14383,Superfast TRN14383,Superfast
TRN10304,Vande Bharat TRN10304,Vande Bharat
TRN12963,Vande Bharat TRN12963,Vande Bharat
TRN10098,Shatabdi TRN10098,Shatabdi
TRN10061,Rajdhani TRN10061,Rajdhani
TRN10254,Passenger TRN10254,Passenger
TRN10213,Shatabdi TRN10213,Shatabdi
TRN12482,Vande Bharat TRN12482,Vande Bharat
TRN10790,Rajdhani TRN10790,Rajdhani
TRN14016,Express TRN14016,Express
TRN10956,Passenger TRN10956,Passenger
TRN11147,Shatabdi TRN11147,Shatabdi
TRN11355,Rajdhani TRN11355,Rajdhani
TRN10135,Rajdhani TRN10135,Rajdhani
TRN12437,Rajdhani TRN12437,Rajdhani
TRN12193,Express TRN12193,Express
TRN12642,Rajdhani TRN12642,Rajdhani
TRN14069,Shatabdi TRN14069,Shatabdi
TRN11525,Vande Bharat TRN11525,Vande Bharat
TRN11518,Rajdhani TRN11518,Rajdhani
TRN10353,Shatabdi TRN10353,Shatabdi
TRN12823,Rajdhani TRN12823,Rajdhani
TRN10171,Passenger TRN10171,Passenger
TRN12720,Rajdhani TRN12720,Rajdhani
TRN11925,Vande Bharat TRN11925,Vande Bharat
TRN13866,Shatabdi TRN13866,Shatabdi
TRN13001,Rajdhani TRN13001,Rajdhani
TRN14773,Shatabdi TRN14773,Shatabdi
TRN12094,Vande Bharat TRN12094,Vande Bharat
TRN12012,Express TRN12012,Express
TRN10261,Vande Bharat TRN10261,Vande Bharat
TRN12340,Superfast TRN12340,Superfast
TRN10910,Passenger TRN10910,Passenger
TRN13077,Vande Bharat TRN13077,Vande Bharat
TRN11477,Rajdhani TRN11477,Rajdhani
TRN14334,Express TRN14334,Express
TRN11690,Rajdhani TRN11690,Rajdhani
TRN12338,Vande Bharat TRN12338,Vande Bharat
TRN12606,Superfast TRN12606,Superfast
TRN11150,Shatabdi TRN11150,Shatabdi
TRN11292,Passenger TRN11292,Passenger
TRN10873,Rajdhani TRN10873,Rajdhani
TRN11034,Passenger TRN11034,Passenger
TRN10364,Passenger TRN10364,Passenger
TRN13928,Rajdhani TRN13928,Rajdhani
TRN14040,Superfast TRN14040,Superfast
TRN11333,Passenger TRN11333,Passenger
TRN12434,Rajdhani TRN12434,Rajdhani
TRN10367,Vande Bharat TRN10367,Vande Bharat
TRN10553,Superfast TRN10553,Superfast
TRN10072,Rajdhani TRN10072,Rajdhani
TRN11977,Vande Bharat TRN11977,Vande Bharat
TRN13868,Passenger TRN13868,Passenger
TRN11994,Express TRN11994,Express
TRN13925,Passenger TRN13925,Passenger
TRN10515,Shatabdi TRN10515,Shatabdi
TRN14747,Shatabdi TRN14747,Shatabdi
TRN14399,Express TRN14399,Express
TRN11171,Vande Bharat TRN11171,Vande Bharat
TRN12505,Rajdhani TRN12505,Rajdhani
TRN11446,Shatabdi TRN11446,Shatabdi
TRN10380,Superfast TRN10380,Superfast
TRN10492,Passenger TRN10492,Passenger
TRN14188,Shatabdi TRN14188,Shatabdi
TRN14923,Rajdhani TRN14923,Rajdhani
TRN12125,Vande Bharat TRN12125,Vande Bharat
TRN12342,Shatabdi TRN12342,Shatabdi
TRN12581,Rajdhani TRN12581,Rajdhani
TRN14861,Passenger TRN14861,Passenger
TRN14166,Rajdhani TRN14166,Rajdhani
TRN11342,Superfast TRN11342,Superfast
TRN12175,Passenger TRN12175,Passenger
TRN11815,Shatabdi TRN11815,Shatabdi
TRN11558,Vande Bharat TRN11558,Vande Bharat
TRN13625,Shatabdi TRN13625,Shatabdi
TRN10247,Express TRN10247,Express
TRN13960,Shatabdi TRN13960,Shatabdi
TRN11372,Vande Bharat TRN11372,Vande Bharat
TRN12222,Rajdhani TRN12222,Rajdhani
TRN11333,Rajdhani TRN11333,Rajdhani
TRN10631,Rajdhani TRN10631,Rajdhani
TRN14778,Rajdhani TRN14778,Rajdhani
TRN12236,Shatabdi TRN12236,Shatabdi
TRN14779,Rajdhani TRN14779,Rajdhani
TRN14118,Shatabdi TRN14118,Shatabdi
TRN10535,Rajdhani TRN10535,Rajdhani
TRN10840,Vande Bharat TRN10840,Vande Bharat
TRN14745,Superfast TRN14745,Superfast
TRN12368,Shatabdi TRN12368,Shatabdi
TRN12561,Passenger TRN12561,Passenger
TRN13275,Rajdhani TRN13275,Rajdhani
TRN12358,Superfast TRN12358,Superfast
TRN11614,Superfast TRN11614,Superfast
TRN12198,Rajdhani TRN12198,Rajdhani
TRN13607,Vande Bharat TRN13607,Vande Bharat
TRN10269,Passenger TRN10269,Passenger
TRN12939,Passenger TRN12939,Passenger
TRN14766,Vande Bharat TRN14766,Vande Bharat
TRN14499,Rajdhani TRN14499,Rajdhani
TRN12633,Rajdhani TRN12633,Rajdhani
TRN11730,Vande Bharat TRN11730,Vande Bharat
TRN11689,Vande Bharat TRN11689,Vande Bharat
TRN13995,Passenger TRN13995,Passenger
TRN10533,Express TRN10533,Express
TRN10663,Superfast TRN10663,Superfast
TRN13844,Shatabdi TRN13844,Shatabdi
TRN10186,Superfast TRN10186,Superfast
TRN11810,Superfast TRN11810,Superfast
TRN14351,Passenger TRN14351,Passenger
TRN12126,Passenger TRN12126,Passenger
TRN12349,Superfast TRN12349,Superfast
TRN11016,Superfast TRN11016,Superfast
TRN13681,Vande Bharat TRN13681,Vande Bharat
TRN11019,Vande Bharat TRN11019,Vande Bharat
TRN14944,Vande Bharat TRN14944,Vande Bharat
TRN13383,Shatabdi TRN13383,Shatabdi
TRN11665,Passenger TRN11665,Passenger
TRN13105,Vande Bharat TRN13105,Vande Bharat
TRN12840,Shatabdi TRN12840,Shatabdi
TRN10977,Shatabdi TRN10977,Shatabdi
TRN13047,Express TRN13047,Express
TRN12721,Vande Bharat TRN12721,Vande Bharat
TRN11986,Passenger TRN11986,Passenger
TRN14954,Passenger TRN14954,Passenger
TRN14712,Passenger TRN14712,Passenger
TRN12629,Passenger TRN12629,Passenger
TRN11009,Rajdhani TRN11009,Rajdhani
TRN12709,Superfast TRN12709,Superfast
TRN11890,Shatabdi TRN11890,Shatabdi
TRN14403,Vande Bharat TRN14403,Vande Bharat
TRN14105,Express TRN14105,Express
TRN13319,Passenger TRN13319,Passenger
TRN13520,Express TRN13520,Express
TRN13495,Vande Bharat TRN13495,Vande Bharat
TRN10375,Superfast TRN10375,Superfast
TRN10821,Vande Bharat TRN10821,Vande Bharat
TRN13886,Vande Bharat TRN13886,Vande Bharat
TRN13556,Superfast TRN13556,Superfast
TRN11517,Rajdhani TRN11517,Rajdhani
TRN11347,Rajdhani TRN11347,Rajdhani
TRN14223,Vande Bharat TRN14223,Vande Bharat
TRN14509,Superfast TRN14509,Superfast
TRN10932,Rajdhani TRN10932,Rajdhani
TRN12407,Express TRN12407,Express
TRN14114,Superfast TRN14114,Superfast
TRN10763,Rajdhani TRN10763,Rajdhani
TRN14997,Vande Bharat TRN14997,Vande Bharat
TRN12874,Superfast TRN12874,Superfast
TRN11505,Express TRN11505,Express
TRN13957,Shatabdi TRN13957,Shatabdi
TRN13928,Shatabdi TRN13928,Shatabdi
TRN14409,Vande Bharat TRN14409,Vande Bharat
TRN13544,Superfast TRN13544,Superfast
TRN12955,Rajdhani TRN12955,Rajdhani
TRN12066,Vande Bharat TRN12066,Vande Bharat
TRN14796,Rajdhani TRN14796,Rajdhani
TRN10311,Superfast TRN10311,Superfast
TRN10437,Passenger TRN10437,Passenger
TRN14471,Shatabdi TRN14471,Shatabdi
TRN14180,Express TRN14180,Express
TRN11302,Superfast TRN11302,Superfast
TRN12543,Shatabdi TRN12543,Shatabdi
TRN12952,Passenger TRN12952,Passenger
TRN11505,Shatabdi TRN11505,Shatabdi
TRN10960,Shatabdi TRN10960,Shatabdi
TRN13381,Superfast TRN13381,Superfast
TRN13324,Shatabdi TRN13324,Shatabdi
TRN14127,Express TRN14127,Express
TRN10259,Rajdhani TRN10259,Rajdhani
TRN13363,Vande Bharat TRN13363,Vande Bharat
TRN11639,Rajdhani TRN11639,Rajdhani
TRN11580,Rajdhani TRN11580,Rajdhani
TRN13012,Express TRN13012,Express
TRN14054,Shatabdi TRN14054,Shatabdi
TRN11623,Rajdhani TRN11623,Rajdhani
TRN11059,Passenger TRN11059,Passenger
TRN13177,Express TRN13177,Express
TRN13165,Vande Bharat TRN13165,Vande Bharat
TRN14447,Passenger TRN14447,Passenger
TRN11117,Passenger TRN11117,Passenger
TRN12702,Superfast TRN12702,Superfast
TRN11352,Superfast TRN11352,Superfast
TRN11651,Rajdhani TRN11651,Rajdhani
TRN10547,Vande Bharat TRN10547,Vande Bharat
TRN14760,Shatabdi TRN14760,Shatabdi
TRN10454,Rajdhani TRN10454,Rajdhani
TRN13028,Shatabdi TRN13028,Shatabdi
TRN11062,Passenger TRN11062,Passenger
TRN13131,Vande Bharat TRN13131,Vande Bharat
TRN14096,Superfast TRN14096,Superfast
TRN10319,Passenger TRN10319,Passenger
TRN11389,Rajdhani TRN11389,Rajdhani
TRN11055,Rajdhani TRN11055,Rajdhani
TRN11795,Passenger TRN11795,Passenger
TRN13916,Rajdhani TRN13916,Rajdhani
TRN10353,Passenger TRN10353,Passenger
TRN14002,Rajdhani TRN14002,Rajdhani
TRN10620,Vande Bharat TRN10620,Vande Bharat
TRN12433,Shatabdi TRN12433,Shatabdi
TRN10507,Superfast TRN10507,Superfast
TRN11161,Shatabdi TRN11161,Shatabdi
TRN13430,Shatabdi TRN13430,Shatabdi
TRN13610,Shatabdi TRN13610,Shatabdi
TRN11430,Vande Bharat TRN11430,Vande Bharat
TRN10148,Vande Bharat TRN10148,Vande Bharat
TRN11062,Vande Bharat TRN11062,Vande Bharat
TRN12727,Rajdhani TRN12727,Rajdhani
TRN10609,Passenger TRN10609,Passenger
TRN11795,Rajdhani TRN11795,Rajdhani
TRN12524,Rajdhani TRN12524,Rajdhani
TRN12465,Vande Bharat TRN12465,Vande Bharat
TRN14226,Express TRN14226,Express
TRN13977,Rajdhani TRN13977,Rajdhani
TRN11181,Passenger TRN11181,Passenger
TRN13626,Passenger TRN13626,Passenger
TRN13810,Express TRN13810,Express
TRN13668,Vande Bharat TRN13668,Vande Bharat
TRN14956,Shatabdi TRN14956,Shatabdi
TRN10333,Rajdhani TRN10333,Rajdhani
TRN11125,Shatabdi TRN11125,Shatabdi
TRN14951,Rajdhani TRN14951,Rajdhani
TRN11307,Passenger TRN11307,Passenger
TRN13039,Vande Bharat TRN13039,Vande Bharat
TRN11416,Passenger TRN11416,Passenger
TRN13858,Superfast TRN13858,Superfast
TRN12331,Shatabdi TRN12331,Shatabdi
TRN11567,Shatabdi TRN11567,Shatabdi
TRN13308,Vande Bharat TRN13308,Vande Bharat
TRN11488,Express TRN11488,Express
TRN11138,Superfast TRN11138,Superfast
TRN14238,Vande Bharat TRN14238,Vande Bharat
TRN11655,Shatabdi TRN11655,Shatabdi
TRN13524,Express TRN13524,Express
TRN13980,Passenger TRN13980,Passenger
TRN12168,Passenger TRN12168,Passenger
TRN10919,Passenger TRN10919,Passenger
TRN13641,Rajdhani TRN13641,Rajdhani
TRN11634,Superfast TRN11634,Superfast
TRN13216,Vande Bharat TRN13216,Vande Bharat
TRN10632,Rajdhani TRN10632,Rajdhani
TRN12273,Vande Bharat TRN12273,Vande Bharat
TRN10370,Express TRN10370,Express
TRN11634,Express TRN11634,Express
TRN11178,Passenger TRN11178,Passenger
TRN10482,Shatabdi TRN10482,Shatabdi
TRN12248,Shatabdi TRN12248,Shatabdi
TRN12762,Rajdhani TRN12762,Rajdhani
TRN12241,Shatabdi TRN12241,Shatabdi
TRN12558,Rajdhani TRN12558,Rajdhani
TRN13630,Rajdhani TRN13630,Rajdhani
TRN13378,Superfast TRN13378,Superfast
TRN14357,Shatabdi TRN14357,Shatabdi
TRN11124,Passenger TRN11124,Passenger
TRN12770,Superfast TRN12770,Superfast
TRN14217,Rajdhani TRN14217,Rajdhani
TRN14050,Vande Bharat TRN14050,Vande Bharat
TRN10314,Shatabdi TRN10314,Shatabdi
TRN11814,Passenger TRN11814,Passenger
TRN11418,Express TRN11418,Express
TRN12208,Passenger TRN12208,Passenger
TRN13843,Rajdhani TRN13843,Rajdhani
TRN14140,Rajdhani TRN14140,Rajdhani
TRN11492,Vande Bharat TRN11492,Vande Bharat
TRN13348,Vande Bharat TRN13348,Vande Bharat
TRN14417,Express TRN14417,Express
TRN10337,Passenger TRN10337,Passenger
TRN10310,Rajdhani TRN10310,Rajdhani
TRN12690,Passenger TRN12690,Passenger
TRN12956,Vande Bharat TRN12956,Vande Bharat
TRN14282,Vande Bharat TRN14282,Vande Bharat
TRN13314,Rajdhani TRN13314,Rajdhani
TRN10439,Vande Bharat TRN10439,Vande Bharat
TRN11633,Vande Bharat TRN11633,Vande Bharat
TRN13897,Passenger TRN13897,Passenger
TRN13449,Passenger TRN13449,Passenger
TRN12723,Passenger TRN12723,Passenger
TRN14653,Express TRN14653,Express
TRN12118,Rajdhani TRN12118,Rajdhani
TRN14169,Rajdhani TRN14169,Rajdhani
TRN13014,Superfast TRN13014,Superfast
TRN10005,Superfast TRN10005,Superfast
TRN10546,Passenger TRN10546,Passenger
TRN11334,Vande Bharat TRN11334,Vande Bharat
TRN12067,Passenger TRN12067,Passenger
TRN13726,Superfast TRN13726,Superfast
TRN11573,Shatabdi TRN11573,Shatabdi
TRN12686,Rajdhani TRN12686,Rajdhani
TRN13418,Passenger TRN13418,Passenger
TRN13824,Vande Bharat TRN13824,Vande Bharat
TRN11405,Passenger TRN11405,Passenger
TRN11239,Superfast TRN11239,Superfast
TRN10343,Superfast TRN10343,Superfast
TRN12813,Passenger TRN12813,Passenger
TRN12216,Vande Bharat TRN12216,Vande Bharat
TRN14900,Shatabdi TRN14900,Shatabdi
TRN14094,Rajdhani TRN14094,Rajdhani
TRN12031,Superfast TRN12031,Superfast
TRN14101,Vande Bharat TRN14101,Vande Bharat
TRN10362,Passenger TRN10362,Passenger
TRN12354,Rajdhani TRN12354,Rajdhani
TRN12830,Passenger TRN12830,Passenger
TRN12410,Passenger TRN12410,Passenger
TRN10508,Rajdhani TRN10508,Rajdhani
TRN11334,Rajdhani TRN11334,Rajdhani
TRN10296,Rajdhani TRN10296,Rajdhani
TRN12781,Superfast TRN12781,Superfast
TRN10491,Rajdhani TRN10491,Rajdhani
TRN12637,Rajdhani TRN12637,Rajdhani
TRN12139,Rajdhani TRN12139,Rajdhani
TRN10255,Shatabdi TRN10255,Shatabdi
TRN10746,Rajdhani TRN10746,Rajdhani
TRN12596,Rajdhani TRN12596,Rajdhani
TRN11912,Passenger TRN11912,Passenger
TRN11702,Rajdhani TRN11702,Rajdhani
TRN10180,Passenger TRN10180,Passenger
TRN14137,Superfast TRN14137,Superfast
TRN12600,Passenger TRN12600,Passenger
TRN11021,Shatabdi TRN11021,Shatabdi
TRN11204,Passenger TRN11204,Passenger
TRN12273,Shatabdi TRN12273,Shatabdi
TRN11868,Shatabdi TRN11868,Shatabdi
TRN13185,Vande Bharat TRN13185,Vande Bharat
TRN10365,Shatabdi TRN10365,Shatabdi
TRN14865,Vande Bharat TRN14865,Vande Bharat
TRN11435,Shatabdi TRN11435,Shatabdi
TRN13356,Passenger TRN13356,Passenger
TRN11973,Superfast TRN11973,Superfast
TRN11139,Superfast TRN11139,Superfast
TRN10077,Shatabdi TRN10077,Shatabdi
TRN13065,Rajdhani TRN13065,Rajdhani
TRN14599,Vande Bharat TRN14599,Vande Bharat
TRN12982,Vande Bharat TRN12982,Vande Bharat
TRN13960,Vande Bharat TRN13960,Vande Bharat
TRN13557,Vande Bharat TRN13557,Vande Bharat
TRN12602,Passenger TRN12602,Passenger
TRN12091,Passenger TRN12091,Passenger
TRN13267,Shatabdi TRN13267,Shatabdi
TRN14010,Shatabdi TRN14010,Shatabdi
TRN13370,Express TRN13370,Express
TRN13406,Passenger TRN13406,Passenger
TRN11592,Vande Bharat TRN11592,Vande Bharat
TRN14440,Passenger TRN14440,Passenger
TRN13183,Rajdhani TRN13183,Rajdhani
TRN14339,Passenger TRN14339,Passenger
TRN11382,Passenger TRN11382,Passenger
TRN12595,Rajdhani TRN12595,Rajdhani
TRN12636,Passenger TRN12636,Passenger
TRN13979,Shatabdi TRN13979,Shatabdi
TRN10094,Shatabdi TRN10094,Shatabdi
TRN13326,Passenger TRN13326,Passenger
TRN10130,Vande Bharat TRN10130,Vande Bharat
TRN13177,Passenger TRN13177,Passenger
TRN11821,Shatabdi TRN11821,Shatabdi
TRN14103,Shatabdi TRN14103,Shatabdi
TRN11784,Vande Bharat TRN11784,Vande Bharat
TRN12316,Rajdhani TRN12316,Rajdhani
TRN13367,Vande Bharat TRN13367,Vande Bharat
TRN11433,Express TRN11433,Express
TRN10145,Rajdhani TRN10145,Rajdhani
TRN10531,Passenger TRN10531,Passenger
TRN11731,Vande Bharat TRN11731,Vande Bharat
TRN14150,Rajdhani TRN14150,Rajdhani
TRN10833,Vande Bharat TRN10833,Vande Bharat
TRN11683,Express TRN11683,Express
TRN10612,Superfast TRN10612,Superfast
TRN12957,Passenger TRN12957,Passenger
TRN10318,Express TRN10318,Express
TRN13440,Superfast TRN13440,Superfast
TRN12758,Vande Bharat TRN12758,Vande Bharat
TRN13391,Express TRN13391,Express
TRN12690,Express TRN12690,Express
TRN10454,Vande Bharat TRN10454,Vande Bharat
TRN11217,Rajdhani TRN11217,Rajdhani
TRN12493,Rajdhani TRN12493,Rajdhani
TRN12257,Passenger TRN12257,Passenger
TRN12405,Express TRN12405,Express
TRN14729,Shatabdi TRN14729,Shatabdi
TRN11181,Express TRN11181,Express
TRN11091,Vande Bharat TRN11091,Vande Bharat
TRN11251,Express TRN11251,Express
TRN13131,Rajdhani TRN13131,Rajdhani
TRN11561,Vande Bharat TRN11561,Vande Bharat
TRN14853,Shatabdi TRN14853,Shatabdi
TRN10479,Vande Bharat TRN10479,Vande Bharat
TRN10527,Passenger TRN10527,Passenger
TRN11919,Vande Bharat TRN11919,Vande Bharat
TRN12244,Vande Bharat TRN12244,Vande Bharat
TRN12311,Rajdhani TRN12311,Rajdhani
TRN12193,Rajdhani TRN12193,Rajdhani
TRN12536,Express TRN12536,Express
TRN11059,Superfast TRN11059,Superfast
TRN10119,Rajdhani TRN10119,Rajdhani
TRN10613,Passenger TRN10613,Passenger
TRN14517,Vande Bharat TRN14517,Vande Bharat
TRN13903,Vande Bharat TRN13903,Vande Bharat
TRN13363,Superfast TRN13363,Superfast
TRN14032,Passenger TRN14032,Passenger
TRN11629,Passenger TRN11629,Passenger
TRN10279,Vande Bharat TRN10279,Vande Bharat
TRN12141,Passenger TRN12141,Passenger
TRN13593,Shatabdi TRN13593,Shatabdi
TRN14516,Rajdhani TRN14516,Rajdhani
TRN14713,Passenger TRN14713,Passenger
TRN12554,Rajdhani TRN12554,Rajdhani
TRN14321,Superfast TRN14321,Superfast
TRN12102,Vande Bharat TRN12102,Vande Bharat
TRN12224,Vande Bharat TRN12224,Vande Bharat
TRN12319,Passenger TRN12319,Passenger
TRN10956,Vande Bharat TRN10956,Vande Bharat
TRN12642,Superfast TRN12642,Superfast
TRN14598,Vande Bharat TRN14598,Vande Bharat
TRN14588,Vande Bharat TRN14588,Vande Bharat
TRN12220,Superfast TRN12220,Superfast
TRN11661,Shatabdi TRN11661,Shatabdi
TRN14696,Vande Bharat TRN14696,Vande Bharat
TRN14804,Vande Bharat TRN14804,Vande Bharat
TRN10129,Rajdhani TRN10129,Rajdhani
TRN13464,Vande Bharat TRN13464,Vande Bharat
TRN10862,Superfast TRN10862,Superfast
TRN12969,Superfast TRN12969,Superfast
TRN13364,Vande Bharat TRN13364,Vande Bharat
TRN10776,Passenger TRN10776,Passenger
TRN11177,Vande Bharat TRN11177,Vande Bharat
TRN10660,Shatabdi TRN10660,Shatabdi
TRN10881,Vande Bharat TRN10881,Vande Bharat
TRN11913,Express TRN11913,Express
TRN13784,Rajdhani TRN13784,Rajdhani
TRN14193,Superfast TRN14193,Superfast
TRN10116,Vande Bharat TRN10116,Vande Bharat
TRN11187,Rajdhani TRN11187,Rajdhani
TRN11751,Passenger TRN11751,Passenger
TRN12775,Rajdhani TRN12775,Rajdhani
TRN11022,Passenger TRN11022,Passenger
TRN13838,Passenger TRN13838,Passenger
TRN14744,Vande Bharat TRN14744,Vande Bharat
TRN14144,Shatabdi TRN14144,Shatabdi
TRN14632,Vande Bharat TRN14632,Vande Bharat
TRN11231,Passenger TRN11231,Passenger
TRN12088,Superfast TRN12088,Superfast
TRN14919,Passenger TRN14919,Passenger
TRN13318,Vande Bharat TRN13318,Vande Bharat
TRN13141,Passenger TRN13141,Passenger
TRN11379,Vande Bharat TRN11379,Vande Bharat
TRN11736,Rajdhani TRN11736,Rajdhani
TRN12349,Passenger TRN12349,Passenger
TRN13321,Rajdhani TRN13321,Rajdhani
TRN12357,Passenger TRN12357,Passenger
TRN13457,Vande Bharat TRN13457,Vande Bharat
TRN10606,Shatabdi TRN10606,Shatabdi
TRN11721,Passenger TRN11721,Passenger
TRN12086,Shatabdi TRN12086,Shatabdi
TRN13665,Passenger TRN13665,Passenger
TRN11216,Passenger TRN11216,Passenger
TRN11560,Express TRN11560,Express
TRN14685,Vande Bharat TRN14685,Vande Bharat
TRN14184,Shatabdi TRN14184,Shatabdi
TRN12580,Express TRN12580,Express
TRN11521,Vande Bharat TRN11521,Vande Bharat
TRN12156,Shatabdi TRN12156,Shatabdi
TRN11359,Vande Bharat TRN11359,Vande Bharat
TRN14092,Passenger TRN14092,Passenger
TRN12557,Superfast TRN12557,Superfast
TRN11577,Shatabdi TRN11577,Shatabdi
TRN10938,Express TRN10938,Express
TRN10792,Rajdhani TRN10792,Rajdhani
TRN12319,Rajdhani TRN12319,Rajdhani
TRN12587,Superfast TRN12587,Superfast
TRN14230,Rajdhani TRN14230,Rajdhani
TRN13072,Rajdhani TRN13072,Rajdhani
TRN12268,Passenger TRN12268,Passenger
TRN13524,Vande Bharat TRN13524,Vande Bharat
TRN13424,Rajdhani TRN13424,Rajdhani
TRN14390,Vande Bharat TRN14390,Vande Bharat
TRN12943,Superfast TRN12943,Superfast
TRN12492,Vande Bharat TRN12492,Vande Bharat
TRN12567,Rajdhani TRN12567,Rajdhani
TRN10248,Vande Bharat TRN10248,Vande Bharat
TRN11257,Rajdhani TRN11257,Rajdhani
TRN13076,Express TRN13076,Express
TRN14372,Passenger TRN14372,Passenger
TRN12394,Vande Bharat TRN12394,Vande Bharat
TRN13340,Shatabdi TRN13340,Shatabdi
TRN13415,Vande Bharat TRN13415,Vande Bharat
TRN13828,Shatabdi TRN13828,Shatabdi
TRN11923,Passenger TRN11923,Passenger
TRN14782,Express TRN14782,Express
TRN14526,Rajdhani TRN14526,Rajdhani
TRN14899,Vande Bharat TRN14899,Vande Bharat
TRN13891,Superfast TRN13891,Superfast
TRN11303,Superfast TRN11303,Superfast
TRN10216,Shatabdi TRN10216,Shatabdi
TRN12476,Shatabdi TRN12476,Shatabdi
TRN13251,Vande Bharat TRN13251,Vande Bharat
TRN11491,Rajdhani TRN11491,Rajdhani
TRN14063,Vande Bharat TRN14063,Vande Bharat
TRN13635,Rajdhani TRN13635,Rajdhani
TRN14927,Vande Bharat TRN14927,Vande Bharat
TRN13705,Shatabdi TRN13705,Shatabdi
TRN11363,Express TRN11363,Express
TRN13593,Rajdhani TRN13593,Rajdhani
TRN13794,Passenger TRN13794,Passenger
TRN12514,Rajdhani TRN12514,Rajdhani
TRN13565,Passenger TRN13565,Passenger
TRN12665,Superfast TRN12665,Superfast
TRN10368,Vande Bharat TRN10368,Vande Bharat
TRN11518,Passenger TRN11518,Passenger
TRN14796,Vande Bharat TRN14796,Vande Bharat
TRN12258,Vande Bharat TRN12258,Vande Bharat
TRN12747,Passenger TRN12747,Passenger
TRN14739,Rajdhani TRN14739,Rajdhani
TRN14354,Passenger TRN14354,Passenger
TRN11064,Rajdhani TRN11064,Rajdhani
TRN10059,Express TRN10059,Express
TRN14532,Vande Bharat TRN14532,Vande Bharat
TRN13917,Passenger TRN13917,Passenger
TRN12185,Shatabdi TRN12185,Shatabdi
TRN13660,Shatabdi TRN13660,Shatabdi
TRN11050,Rajdhani TRN11050,Rajdhani
TRN11732,Vande Bharat TRN11732,Vande Bharat
TRN13841,Rajdhani TRN13841,Rajdhani
TRN14432,Shatabdi TRN14432,Shatabdi
TRN13834,Superfast TRN13834,Superfast
TRN10748,Express TRN10748,Express
TRN10185,Superfast TRN10185,Superfast
TRN10027,Vande Bharat TRN10027,Vande Bharat
TRN11269,Rajdhani TRN11269,Rajdhani
TRN12934,Superfast TRN12934,Superfast
TRN12219,Rajdhani TRN12219,Rajdhani
TRN12841,Passenger TRN12841,Passenger
TRN10805,Vande Bharat TRN10805,Vande Bharat
TRN11288,Express TRN11288,Express
TRN11666,Passenger TRN11666,Passenger
TRN12053,Shatabdi TRN12053,Shatabdi
TRN10546,Rajdhani TRN10546,Rajdhani
TRN12100,Shatabdi TRN12100,Shatabdi
TRN10735,Passenger TRN10735,Passenger
TRN12778,Passenger TRN12778,Passenger
TRN11715,Express TRN11715,Express
TRN14090,Shatabdi TRN14090,Shatabdi
TRN14265,Vande Bharat TRN14265,Vande Bharat
TRN13793,Rajdhani TRN13793,Rajdhani
TRN13728,Vande Bharat TRN13728,Vande Bharat
TRN14781,Express TRN14781,Express
TRN12327,Vande Bharat TRN12327,Vande Bharat
TRN14942,Vande Bharat TRN14942,Vande Bharat
TRN10188,Rajdhani TRN10188,Rajdhani
TRN13452,Rajdhani TRN13452,Rajdhani
TRN10246,Rajdhani TRN10246,Rajdhani
TRN14073,Passenger TRN14073,Passenger
TRN10944,Rajdhani TRN10944,Rajdhani
TRN11015,Rajdhani TRN11015,Rajdhani
TRN13247,Shatabdi TRN13247,Shatabdi
TRN12330,Vande Bharat TRN12330,Vande Bharat
TRN13203,Vande Bharat TRN13203,Vande Bharat
TRN11500,Rajdhani TRN11500,Rajdhani
TRN10888,Vande Bharat TRN10888,Vande Bharat
TRN11246,Rajdhani TRN11246,Rajdhani
TRN12946,Superfast TRN12946,Superfast
TRN13604,Rajdhani TRN13604,Rajdhani
TRN10804,Shatabdi TRN10804,Shatabdi
TRN11898,Shatabdi TRN11898,Shatabdi
TRN10051,Shatabdi TRN10051,Shatabdi
TRN13909,Vande Bharat TRN13909,Vande Bharat
TRN13608,Shatabdi TRN13608,Shatabdi
TRN13363,Shatabdi TRN13363,Shatabdi
TRN14414,Superfast TRN14414,Superfast
TRN11999,Rajdhani TRN11999,Rajdhani
TRN12210,Vande Bharat TRN12210,Vande Bharat
TRN12382,Vande Bharat TRN12382,Vande Bharat
TRN13310,Superfast TRN13310,Superfast
TRN13624,Passenger TRN13624,Passenger
TRN14540,Shatabdi TRN14540,Shatabdi
TRN13231,Superfast TRN13231,Superfast
TRN13625,Vande Bharat TRN13625,Vande Bharat
TRN13076,Vande Bharat TRN13076,Vande Bharat
TRN12238,Vande Bharat TRN12238,Vande Bharat
TRN14128,Superfast TRN14128,Superfast
TRN14024,Express TRN14024,Express
TRN11877,Passenger TRN11877,Passenger
TRN10886,Passenger TRN10886,Passenger
TRN13655,Vande Bharat TRN13655,Vande Bharat
TRN11722,Superfast TRN11722,Superfast
TRN14470,Shatabdi TRN14470,Shatabdi
TRN12717,Passenger TRN12717,Passenger
TRN13558,Vande Bharat TRN13558,Vande Bharat
TRN12863,Rajdhani TRN12863,Rajdhani
TRN13234,Vande Bharat TRN13234,Vande Bharat
TRN12286,Superfast TRN12286,Superfast
TRN11762,Vande Bharat TRN11762,Vande Bharat
TRN12043,Shatabdi TRN12043,Shatabdi
TRN14029,Passenger TRN14029,Passenger
TRN12705,Shatabdi TRN12705,Shatabdi
TRN10243,Vande Bharat TRN10243,Vande Bharat
TRN13998,Shatabdi TRN13998,Shatabdi
TRN14077,Vande Bharat TRN14077,Vande Bharat
TRN13779,Shatabdi TRN13779,Shatabdi
TRN11244,Vande Bharat TRN11244,Vande Bharat
TRN11345,Rajdhani TRN11345,Rajdhani
TRN10963,Rajdhani TRN10963,Rajdhani
TRN13083,Passenger TRN13083,Passenger
TRN11143,Shatabdi TRN11143,Shatabdi
TRN12656,Express TRN12656,Express
TRN12258,Rajdhani TRN12258,Rajdhani
TRN13985,Vande Bharat TRN13985,Vande Bharat
TRN11737,Rajdhani TRN11737,Rajdhani
TRN11738,Vande Bharat TRN11738,Vande Bharat
TRN12820,Vande Bharat TRN12820,Vande Bharat
TRN14711,Rajdhani TRN14711,Rajdhani
TRN13130,Rajdhani TRN13130,Rajdhani
TRN11102,Vande Bharat TRN11102,Vande Bharat
TRN12367,Shatabdi TRN12367,Shatabdi
TRN12572,Vande Bharat TRN12572,Vande Bharat
TRN13212,Shatabdi TRN13212,Shatabdi
TRN14260,Passenger TRN14260,Passenger
TRN10401,Superfast TRN10401,Superfast
TRN10837,Express TRN10837,Express
TRN13190,Express TRN13190,Express
TRN13179,Shatabdi TRN13179,Shatabdi
TRN11416,Express TRN11416,Express
TRN14976,Superfast TRN14976,Superfast
TRN13867,Rajdhani TRN13867,Rajdhani
TRN13373,Rajdhani TRN13373,Rajdhani
TRN10029,Shatabdi TRN10029,Shatabdi
TRN11073,Passenger TRN11073,Passenger
TRN12615,Shatabdi TRN12615,Shatabdi
TRN11116,Passenger TRN11116,Passenger
TRN13168,Superfast TRN13168,Superfast
TRN14852,Shatabdi TRN14852,Shatabdi
TRN12737,Shatabdi TRN12737,Shatabdi
TRN14606,Vande Bharat TRN14606,Vande Bharat
TRN10403,Vande Bharat TRN10403,Vande Bharat
TRN13168,Vande Bharat TRN13168,Vande Bharat
TRN14319,Superfast TRN14319,Superfast
TRN10486,Vande Bharat TRN10486,Vande Bharat
TRN13284,Passenger TRN13284,Passenger
TRN14826,Shatabdi TRN14826,Shatabdi
TRN12895,Vande Bharat TRN12895,Vande Bharat
TRN14708,Shatabdi TRN14708,Shatabdi
TRN10816,Superfast TRN10816,Superfast
TRN14537,Express TRN14537,Express
TRN11068,Rajdhani TRN11068,Rajdhani
TRN12463,Rajdhani TRN12463,Rajdhani
TRN11489,Passenger TRN11489,Passenger
TRN14207,Passenger TRN14207,Passenger
TRN13574,Passenger TRN13574,Passenger
TRN13636,Shatabdi TRN13636,Shatabdi
TRN11081,Superfast TRN11081,Superfast
TRN12903,Express TRN12903,Express
TRN11043,Rajdhani TRN11043,Rajdhani
TRN11667,Superfast TRN11667,Superfast
TRN14308,Passenger TRN14308,Passenger
TRN14100,Passenger TRN14100,Passenger
TRN10911,Shatabdi TRN10911,Shatabdi
TRN14839,Rajdhani TRN14839,Rajdhani
TRN11311,Vande Bharat TRN11311,Vande Bharat
TRN10667,Shatabdi TRN10667,Shatabdi
TRN11909,Shatabdi TRN11909,Shatabdi
TRN13912,Passenger TRN13912,Passenger
TRN13265,Passenger TRN13265,Passenger
TRN14372,Rajdhani TRN14372,Rajdhani
TRN10399,Vande Bharat TRN10399,Vande Bharat
TRN13294,Vande Bharat TRN13294,Vande Bharat
TRN13013,Passenger TRN13013,Passenger
TRN10677,Passenger TRN10677,Passenger
TRN12908,Express TRN12908,Express
TRN13018,Shatabdi TRN13018,Shatabdi
TRN14522,Superfast TRN14522,Superfast
TRN11449,Vande Bharat TRN11449,Vande Bharat
TRN13413,Rajdhani TRN13413,Rajdhani
TRN11300,Shatabdi TRN11300,Shatabdi
TRN12447,Rajdhani TRN12447,Rajdhani
TRN12952,Rajdhani TRN12952,Rajdhani
TRN10483,Passenger TRN10483,Passenger
TRN12630,Rajdhani TRN12630,Rajdhani
TRN10858,Rajdhani TRN10858,Rajdhani
TRN13765,Passenger TRN13765,Passenger
TRN11564,Vande Bharat TRN11564,Vande Bharat
TRN14300,Shatabdi TRN14300,Shatabdi
TRN10011,Vande Bharat TRN10011,Vande Bharat
TRN10182,Passenger TRN10182,Passenger
TRN12109,Vande Bharat TRN12109,Vande Bharat
TRN10601,Passenger TRN10601,Passenger
TRN10327,Express TRN10327,Express
TRN12395,Vande Bharat TRN12395,Vande Bharat
TRN13236,Rajdhani TRN13236,Rajdhani
TRN14419,Express TRN14419,Express
TRN10908,Shatabdi TRN10908,Shatabdi
TRN13297,Vande Bharat TRN13297,Vande Bharat
TRN10489,Superfast TRN10489,Superfast
TRN12623,Rajdhani TRN12623,Rajdhani
TRN14841,Rajdhani TRN14841,Rajdhani
TRN13392,Shatabdi TRN13392,Shatabdi
TRN14556,Superfast TRN14556,Superfast
TRN11547,Vande Bharat TRN11547,Vande Bharat
TRN13466,Shatabdi TRN13466,Shatabdi
TRN12743,Passenger TRN12743,Passenger
TRN11186,Superfast TRN11186,Superfast
TRN12862,Passenger TRN12862,Passenger
TRN14258,Vande Bharat TRN14258,Vande Bharat
TRN14275,Vande Bharat TRN14275,Vande Bharat
TRN13535,Vande Bharat TRN13535,Vande Bharat
TRN11486,Passenger TRN11486,Passenger
TRN14627,Rajdhani TRN14627,Rajdhani
TRN13576,Vande Bharat TRN13576,Vande Bharat
TRN14509,Passenger TRN14509,Passenger
TRN13658,Superfast TRN13658,Superfast
TRN10079,Superfast TRN10079,Superfast
TRN11598,Passenger TRN11598,Passenger
TRN12763,Shatabdi TRN12763,Shatabdi
TRN12881,Rajdhani TRN12881,Rajdhani
TRN13325,Superfast TRN13325,Superfast
TRN13856,Rajdhani TRN13856,Rajdhani
TRN11638,Rajdhani TRN11638,Rajdhani
TRN10675,Rajdhani TRN10675,Rajdhani
TRN11609,Shatabdi TRN11609,Shatabdi
TRN12862,Shatabdi TRN12862,Shatabdi
TRN11611,Passenger TRN11611,Passenger
TRN11300,Superfast TRN11300,Superfast
TRN13135,Rajdhani TRN13135,Rajdhani
TRN14343,Rajdhani TRN14343,Rajdhani
TRN12630,Passenger TRN12630,Passenger
TRN12741,Rajdhani TRN12741,Rajdhani
TRN11845,Vande Bharat TRN11845,Vande Bharat
TRN14669,Shatabdi TRN14669,Shatabdi
TRN14377,Rajdhani TRN14377,Rajdhani
TRN12127,Passenger TRN12127,Passenger
TRN14213,Superfast TRN14213,Superfast
TRN14012,Shatabdi TRN14012,Shatabdi
TRN14594,Vande Bharat TRN14594,Vande Bharat
TRN12602,Shatabdi TRN12602,Shatabdi
TRN11086,Rajdhani TRN11086,Rajdhani
TRN14376,Rajdhani TRN14376,Rajdhani
TRN14702,Passenger TRN14702,Passenger
TRN14624,Passenger TRN14624,Passenger
TRN10623,Vande Bharat TRN10623,Vande Bharat
TRN14033,Rajdhani TRN14033,Rajdhani
TRN11320,Express TRN11320,Express
TRN10841,Passenger TRN10841,Passenger
TRN11409,Shatabdi TRN11409,Shatabdi
TRN12498,Shatabdi TRN12498,Shatabdi
TRN11914,Express TRN11914,Express
TRN10553,Vande Bharat TRN10553,Vande Bharat
TRN14712,Rajdhani TRN14712,Rajdhani
TRN13164,Vande Bharat TRN13164,Vande Bharat
TRN14698,Vande Bharat TRN14698,Vande Bharat
TRN14703,Express TRN14703,Express
TRN13023,Passenger TRN13023,Passenger
TRN11729,Shatabdi TRN11729,Shatabdi
TRN12538,Shatabdi TRN12538,Shatabdi
TRN14938,Vande Bharat TRN14938,Vande Bharat
TRN10930,Rajdhani TRN10930,Rajdhani
TRN13899,Rajdhani TRN13899,Rajdhani
TRN11360,Passenger TRN11360,Passenger
TRN11656,Express TRN11656,Express
TRN12721,Superfast TRN12721,Superfast
TRN10152,Passenger TRN10152,Passenger
TRN12363,Superfast TRN12363,Superfast
TRN14935,Vande Bharat TRN14935,Vande Bharat
TRN10345,Superfast TRN10345,Superfast
TRN14363,Superfast TRN14363,Superfast
TRN10260,Shatabdi TRN10260,Shatabdi
TRN11010,Superfast TRN11010,Superfast
TRN10649,Rajdhani TRN10649,Rajdhani
TRN13534,Rajdhani TRN13534,Rajdhani
TRN12105,Rajdhani TRN12105,Rajdhani
TRN14329,Vande Bharat TRN14329,Vande Bharat
TRN14981,Passenger TRN14981,Passenger
TRN13241,Passenger TRN13241,Passenger
TRN11180,Shatabdi TRN11180,Shatabdi
TRN12226,Shatabdi TRN12226,Shatabdi
TRN11028,Rajdhani TRN11028,Rajdhani
TRN10356,Rajdhani TRN10356,Rajdhani
TRN12162,Rajdhani TRN12162,Rajdhani
TRN14544,Vande Bharat TRN14544,Vande Bharat
TRN10160,Passenger TRN10160,Passenger
TRN14260,Superfast TRN14260,Superfast
TRN11475,Rajdhani TRN11475,Rajdhani
TRN12881,Passenger TRN12881,Passenger
TRN12515,Rajdhani TRN12515,Rajdhani
TRN14827,Vande Bharat TRN14827,Vande Bharat
TRN12756,Shatabdi TRN12756,Shatabdi
TRN11919,Rajdhani TRN11919,Rajdhani
TRN13482,Shatabdi TRN13482,Shatabdi
TRN13493,Rajdhani TRN13493,Rajdhani
TRN14792,Rajdhani TRN14792,Rajdhani
TRN10637,Shatabdi TRN10637,Shatabdi
TRN13011,Rajdhani TRN13011,Rajdhani
TRN14513,Express TRN14513,Express
TRN13219,Passenger TRN13219,Passenger
TRN10691,Vande Bharat TRN10691,Vande Bharat
TRN13961,Vande Bharat TRN13961,Vande Bharat
TRN12138,Shatabdi TRN12138,Shatabdi
TRN14297,Vande Bharat TRN14297,Vande Bharat
TRN11515,Shatabdi TRN11515,Shatabdi
TRN12674,Rajdhani TRN12674,Rajdhani
TRN12650,Rajdhani TRN12650,Rajdhani
TRN11666,Rajdhani TRN11666,Rajdhani
TRN11732,Passenger TRN11732,Passenger
TRN12166,Rajdhani TRN12166,Rajdhani
TRN14726,Rajdhani TRN14726,Rajdhani
TRN10736,Rajdhani TRN10736,Rajdhani
TRN13652,Rajdhani TRN13652,Rajdhani
TRN11803,Superfast TRN11803,Superfast
TRN14003,Vande Bharat TRN14003,Vande Bharat
TRN11662,Superfast TRN11662,Superfast
TRN14296,Vande Bharat TRN14296,Vande Bharat
TRN10806,Superfast TRN10806,Superfast
TRN11475,Superfast TRN11475,Superfast
TRN13820,Superfast TRN13820,Superfast
TRN10270,Express TRN10270,Express
TRN12996,Passenger TRN12996,Passenger
TRN13354,Rajdhani TRN13354,Rajdhani
TRN14909,Passenger TRN14909,Passenger
TRN10288,Passenger TRN10288,Passenger
TRN14456,Rajdhani TRN14456,Rajdhani
TRN11517,Vande Bharat TRN11517,Vande Bharat
TRN11673,Vande Bharat TRN11673,Vande Bharat
TRN10949,Rajdhani TRN10949,Rajdhani
TRN13272,Superfast TRN13272,Superfast
TRN10392,Passenger TRN10392,Passenger
TRN11717,Shatabdi TRN11717,Shatabdi
TRN11894,Rajdhani TRN11894,Rajdhani
TRN14663,Shatabdi TRN14663,Shatabdi
TRN14385,Rajdhani TRN14385,Rajdhani
TRN13034,Rajdhani TRN13034,Rajdhani
TRN11670,Passenger TRN11670,Passenger
TRN11181,Vande Bharat TRN11181,Vande Bharat
TRN13384,Rajdhani TRN13384,Rajdhani
TRN13801,Rajdhani TRN13801,Rajdhani
TRN14980,Express TRN14980,Express
TRN11794,Shatabdi TRN11794,Shatabdi
TRN11041,Shatabdi TRN11041,Shatabdi
TRN10815,Vande Bharat TRN10815,Vande Bharat
TRN14567,Express TRN14567,Express
TRN11645,Shatabdi TRN11645,Shatabdi
TRN14386,Rajdhani TRN14386,Rajdhani
TRN13119,Superfast TRN13119,Superfast
TRN13571,Vande Bharat TRN13571,Vande Bharat
TRN11120,Shatabdi TRN11120,Shatabdi
TRN14613,Rajdhani TRN14613,Rajdhani
TRN14771,Passenger TRN14771,Passenger
TRN11697,Vande Bharat TRN11697,Vande Bharat
TRN13979,Passenger TRN13979,Passenger
TRN14671,Passenger TRN14671,Passenger
TRN13393,Rajdhani TRN13393,Rajdhani
TRN10091,Rajdhani TRN10091,Rajdhani
TRN10624,Shatabdi TRN10624,Shatabdi
TRN14828,Vande Bharat TRN14828,Vande Bharat
TRN11931,Shatabdi TRN11931,Shatabdi
TRN14541,Vande Bharat TRN14541,Vande Bharat
TRN14593,Superfast TRN14593,Superfast
TRN12362,Express TRN12362,Express
TRN10568,Rajdhani TRN10568,Rajdhani
TRN11143,Vande Bharat TRN11143,Vande Bharat
TRN12571,Express TRN12571,Express
TRN14344,Passenger TRN14344,Passenger
TRN10830,Passenger TRN10830,Passenger
TRN11913,Shatabdi TRN11913,Shatabdi
TRN14632,Rajdhani TRN14632,Rajdhani
TRN11760,Passenger TRN11760,Passenger
TRN12992,Shatabdi TRN12992,Shatabdi
TRN10541,Rajdhani TRN10541,Rajdhani
TRN13511,Rajdhani TRN13511,Rajdhani
TRN11913,Vande Bharat TRN11913,Vande Bharat
TRN10769,Rajdhani TRN10769,Rajdhani
TRN10384,Passenger TRN10384,Passenger
TRN13466,Rajdhani TRN13466,Rajdhani
TRN13938,Rajdhani TRN13938,Rajdhani
TRN13600,Rajdhani TRN13600,Rajdhani
TRN11413,Shatabdi TRN11413,Shatabdi
TRN14856,Rajdhani TRN14856,Rajdhani
TRN12099,Shatabdi TRN12099,Shatabdi
TRN13173,Rajdhani TRN13173,Rajdhani
TRN14443,Shatabdi TRN14443,Shatabdi
TRN11527,Passenger TRN11527,Passenger
TRN12445,Rajdhani TRN12445,Rajdhani
TRN10554,Passenger TRN10554,Passenger
TRN12374,Rajdhani TRN12374,Rajdhani
TRN12400,Passenger TRN12400,Passenger
TRN11175,Rajdhani TRN11175,Rajdhani
TRN12915,Vande Bharat TRN12915,Vande Bharat
TRN11119,Rajdhani TRN11119,Rajdhani
TRN14684,Shatabdi TRN14684,Shatabdi
TRN10005,Shatabdi TRN10005,Shatabdi
TRN13835,Shatabdi TRN13835,Shatabdi
TRN13318,Rajdhani TRN13318,Rajdhani
TRN12454,Superfast TRN12454,Superfast
TRN11283,Rajdhani TRN11283,Rajdhani
TRN14109,Shatabdi TRN14109,Shatabdi
TRN13946,Passenger TRN13946,Passenger
TRN13556,Rajdhani TRN13556,Rajdhani
TRN11479,Rajdhani TRN11479,Rajdhani
TRN10416,Vande Bharat TRN10416,Vande Bharat
TRN14253,Rajdhani TRN14253,Rajdhani
TRN13327,Shatabdi TRN13327,Shatabdi
TRN11679,Express TRN11679,Express
TRN11001,Rajdhani TRN11001,Rajdhani
TRN10732,Express TRN10732,Express
TRN14029,Shatabdi TRN14029,Shatabdi
TRN13867,Vande Bharat TRN13867,Vande Bharat
TRN12972,Vande Bharat TRN12972,Vande Bharat
TRN13837,Shatabdi TRN13837,Shatabdi
TRN14309,Shatabdi TRN14309,Shatabdi
TRN13869,Vande Bharat TRN13869,Vande Bharat
TRN12653,Vande Bharat TRN12653,Vande Bharat
TRN13439,Passenger TRN13439,Passenger
TRN14317,Rajdhani TRN14317,Rajdhani
TRN10450,Passenger TRN10450,Passenger
TRN13474,Shatabdi TRN13474,Shatabdi
TRN11683,Rajdhani TRN11683,Rajdhani
TRN14666,Rajdhani TRN14666,Rajdhani
TRN12082,Vande Bharat TRN12082,Vande Bharat
TRN14227,Superfast TRN14227,Superfast
TRN13067,Rajdhani TRN13067,Rajdhani
TRN12128,Vande Bharat TRN12128,Vande Bharat
TRN11389,Shatabdi TRN11389,Shatabdi
TRN12741,Shatabdi TRN12741,Shatabdi
TRN10721,Rajdhani TRN10721,Rajdhani
TRN13650,Rajdhani TRN13650,Rajdhani
TRN11003,Passenger TRN11003,Passenger
TRN14600,Shatabdi TRN14600,Shatabdi
TRN11920,Rajdhani TRN11920,Rajdhani
TRN13133,Shatabdi TRN13133,Shatabdi
TRN14190,Vande Bharat TRN14190,Vande Bharat
TRN14172,Vande Bharat TRN14172,Vande Bharat
TRN14356,Vande Bharat TRN14356,Vande Bharat
TRN11223,Express TRN11223,Express
TRN12680,Shatabdi TRN12680,Shatabdi
TRN11101,Shatabdi TRN11101,Shatabdi
TRN14986,Rajdhani TRN14986,Rajdhani
TRN10166,Express TRN10166,Express
TRN13098,Shatabdi TRN13098,Shatabdi
TRN14296,Passenger TRN14296,Passenger
TRN13027,Rajdhani TRN13027,Rajdhani
TRN10174,Express TRN10174,Express
TRN13786,Rajdhani TRN13786,Rajdhani
TRN13272,Passenger TRN13272,Passenger
TRN10317,Superfast TRN10317,Superfast
TRN12910,Rajdhani TRN12910,Rajdhani
TRN10727,Rajdhani TRN10727,Rajdhani
TRN13020,Express TRN13020,Express
TRN12313,Rajdhani TRN12313,Rajdhani
TRN13788,Passenger TRN13788,Passenger
TRN14199,Vande Bharat TRN14199,Vande Bharat
TRN11633,Express TRN11633,Express
TRN14215,Vande Bharat TRN14215,Vande Bharat
TRN14682,Rajdhani TRN14682,Rajdhani
TRN12471,Rajdhani TRN12471,Rajdhani
TRN10036,Express TRN10036,Express
TRN10873,Passenger TRN10873,Passenger
TRN12468,Rajdhani TRN12468,Rajdhani
TRN11285,Vande Bharat TRN11285,Vande Bharat
TRN10622,Passenger TRN10622,Passenger
TRN11680,Superfast TRN11680,Superfast
TRN10733,Rajdhani TRN10733,Rajdhani
TRN10402,Express TRN10402,Express
TRN10376,Shatabdi TRN10376,Shatabdi
TRN12579,Vande Bharat TRN12579,Vande Bharat
TRN11332,Vande Bharat TRN11332,Vande Bharat
TRN12872,Rajdhani TRN12872,Rajdhani
TRN14699,Vande Bharat TRN14699,Vande Bharat
TRN11509,Superfast TRN11509,Superfast
TRN10682,Passenger TRN10682,Passenger
TRN11504,Express TRN11504,Express
TRN13718,Vande Bharat TRN13718,Vande Bharat
TRN11642,Passenger TRN11642,Passenger
TRN11377,Rajdhani TRN11377,Rajdhani
TRN10444,Rajdhani TRN10444,Rajdhani
TRN12861,Shatabdi TRN12861,Shatabdi
TRN13374,Vande Bharat TRN13374,Vande Bharat
TRN14705,Rajdhani TRN14705,Rajdhani
TRN10451,Shatabdi TRN10451,Shatabdi
TRN14244,Superfast TRN14244,Superfast
TRN13586,Shatabdi TRN13586,Shatabdi
TRN12415,Express TRN12415,Express
TRN10662,Shatabdi TRN10662,Shatabdi
TRN10411,Vande Bharat TRN10411,Vande Bharat
TRN14543,Vande Bharat TRN14543,Vande Bharat
TRN13237,Superfast TRN13237,Superfast
TRN10272,Vande Bharat TRN10272,Vande Bharat
TRN14226,Shatabdi TRN14226,Shatabdi
TRN11617,Shatabdi TRN11617,Shatabdi
TRN14334,Passenger TRN14334,Passenger
TRN11368,Vande Bharat TRN11368,Vande Bharat
TRN11220,Vande Bharat TRN11220,Vande Bharat
TRN13310,Rajdhani TRN13310,Rajdhani
TRN14402,Passenger TRN14402,Passenger
TRN14529,Superfast TRN14529,Superfast
TRN10564,Shatabdi TRN10564,Shatabdi
TRN12350,Shatabdi TRN12350,Shatabdi
TRN11336,Rajdhani TRN11336,Rajdhani
TRN13874,Passenger TRN13874,Passenger
TRN11107,Rajdhani TRN11107,Rajdhani
TRN12498,Rajdhani TRN12498,Rajdhani
TRN12783,Superfast TRN12783,Superfast
TRN13916,Shatabdi TRN13916,Shatabdi
TRN10058,Vande Bharat TRN10058,Vande Bharat
TRN12601,Rajdhani TRN12601,Rajdhani
TRN10896,Passenger TRN10896,Passenger
TRN12277,Shatabdi TRN12277,Shatabdi
TRN10672,Vande Bharat TRN10672,Vande Bharat
TRN12314,Rajdhani TRN12314,Rajdhani
TRN14399,Passenger TRN14399,Passenger
TRN13001,Shatabdi TRN13001,Shatabdi
TRN14275,Shatabdi TRN14275,Shatabdi
TRN11975,Shatabdi TRN11975,Shatabdi
TRN12847,Rajdhani TRN12847,Rajdhani
TRN11557,Rajdhani TRN11557,Rajdhani
TRN12661,Shatabdi TRN12661,Shatabdi
TRN14800,Vande Bharat TRN14800,Vande Bharat
TRN14118,Vande Bharat TRN14118,Vande Bharat
TRN12430,Vande Bharat TRN12430,Vande Bharat
TRN14013,Rajdhani TRN14013,Rajdhani
TRN11513,Rajdhani TRN11513,Rajdhani
TRN12643,Rajdhani TRN12643,Rajdhani
TRN12150,Rajdhani TRN12150,Rajdhani
TRN13358,Shatabdi TRN13358,Shatabdi
TRN10226,Rajdhani TRN10226,Rajdhani
TRN10820,Vande Bharat TRN10820,Vande Bharat
TRN14596,Rajdhani TRN14596,Rajdhani
TRN11167,Passenger TRN11167,Passenger
TRN11325,Rajdhani TRN11325,Rajdhani
TRN11017,Superfast TRN11017,Superfast
TRN12333,Shatabdi TRN12333,Shatabdi
TRN11468,Vande Bharat TRN11468,Vande Bharat
TRN13504,Vande Bharat TRN13504,Vande Bharat
TRN10967,Rajdhani TRN10967,Rajdhani
TRN10225,Rajdhani TRN10225,Rajdhani
TRN14500,Rajdhani TRN14500,Rajdhani
TRN10545,Rajdhani TRN10545,Rajdhani
TRN14013,Shatabdi TRN14013,Shatabdi
TRN11392,Express TRN11392,Express
TRN11172,Shatabdi TRN11172,Shatabdi
TRN14635,Superfast TRN14635,Superfast
TRN13172,Superfast TRN13172,Superfast
TRN13155,Passenger TRN13155,Passenger
TRN14556,Rajdhani TRN14556,Rajdhani
TRN11293,Rajdhani TRN11293,Rajdhani
TRN12773,Rajdhani TRN12773,Rajdhani
TRN13070,Rajdhani TRN13070,Rajdhani
TRN10578,Vande Bharat TRN10578,Vande Bharat
TRN10251,Superfast TRN10251,Superfast
TRN11252,Express TRN11252,Express
TRN12501,Rajdhani TRN12501,Rajdhani
TRN11084,Vande Bharat TRN11084,Vande Bharat
TRN10228,Passenger TRN10228,Passenger
TRN10871,Rajdhani TRN10871,Rajdhani
TRN13331,Vande Bharat TRN13331,Vande Bharat
TRN12665,Shatabdi TRN12665,Shatabdi
TRN14753,Vande Bharat TRN14753,Vande Bharat
TRN12190,Rajdhani TRN12190,Rajdhani
TRN12312,Rajdhani TRN12312,Rajdhani
TRN13879,Express TRN13879,Express
TRN10598,Passenger TRN10598,Passenger
TRN10275,Vande Bharat TRN10275,Vande Bharat
TRN14098,Shatabdi TRN14098,Shatabdi
TRN11554,Express TRN11554,Express
TRN12229,Rajdhani TRN12229,Rajdhani
TRN14282,Express TRN14282,Express
TRN13220,Rajdhani TRN13220,Rajdhani
TRN10528,Superfast TRN10528,Superfast
TRN13242,Passenger TRN13242,Passenger
TRN14359,Vande Bharat TRN14359,Vande Bharat
TRN14033,Shatabdi TRN14033,Shatabdi
TRN14988,Vande Bharat TRN14988,Vande Bharat
TRN14123,Rajdhani TRN14123,Rajdhani
TRN13025,Rajdhani TRN13025,Rajdhani
TRN10235,Rajdhani TRN10235,Rajdhani
TRN13559,Rajdhani TRN13559,Rajdhani
TRN11860,Rajdhani TRN11860,Rajdhani
TRN10541,Passenger TRN10541,Passenger
TRN14893,Passenger TRN14893,Passenger
TRN14798,Rajdhani TRN14798,Rajdhani
TRN13816,Express TRN13816,Express
TRN10866,Shatabdi TRN10866,Shatabdi
TRN10396,Shatabdi TRN10396,Shatabdi
TRN14398,Rajdhani TRN14398,Rajdhani
TRN11701,Shatabdi TRN11701,Shatabdi
TRN10572,Superfast TRN10572,Superfast
TRN11027,Passenger TRN11027,Passenger
TRN14641,Shatabdi TRN14641,Shatabdi
TRN11928,Passenger TRN11928,Passenger
TRN12930,Rajdhani TRN12930,Rajdhani
TRN11401,Superfast TRN11401,Superfast
TRN13355,Rajdhani TRN13355,Rajdhani
TRN12348,Vande Bharat TRN12348,Vande Bharat
TRN10946,Express TRN10946,Express
TRN13278,Vande Bharat TRN13278,Vande Bharat
TRN12484,Superfast TRN12484,Superfast
TRN11638,Superfast TRN11638,Superfast
TRN14987,Passenger TRN14987,Passenger
TRN12017,Rajdhani TRN12017,Rajdhani
TRN10689,Vande Bharat TRN10689,Vande Bharat
TRN12356,Shatabdi TRN12356,Shatabdi
TRN14117,Rajdhani TRN14117,Rajdhani
TRN14477,Rajdhani TRN14477,Rajdhani
TRN12311,Superfast TRN12311,Superfast
TRN11013,Vande Bharat TRN11013,Vande Bharat
TRN10244,Vande Bharat TRN10244,Vande Bharat
TRN12388,Rajdhani TRN12388,Rajdhani
TRN12507,Rajdhani TRN12507,Rajdhani
TRN14609,Rajdhani TRN14609,Rajdhani
TRN10362,Vande Bharat TRN10362,Vande Bharat
TRN14313,Rajdhani TRN14313,Rajdhani
TRN10386,Vande Bharat TRN10386,Vande Bharat
TRN11846,Vande Bharat TRN11846,Vande Bharat
TRN10205,Vande Bharat TRN10205,Vande Bharat
TRN14340,Superfast TRN14340,Superfast
TRN14800,Express TRN14800,Express
TRN10764,Express TRN10764,Express
TRN11937,Rajdhani TRN11937,Rajdhani
TRN10298,Vande Bharat TRN10298,Vande Bharat
TRN12124,Vande Bharat TRN12124,Vande Bharat
TRN13144,Rajdhani TRN13144,Rajdhani
TRN12235,Vande Bharat TRN12235,Vande Bharat
TRN12200,Vande Bharat TRN12200,Vande Bharat
TRN11173,Rajdhani TRN11173,Rajdhani
TRN10996,Shatabdi TRN10996,Shatabdi
TRN12562,Shatabdi TRN12562,Shatabdi
TRN14552,Vande Bharat TRN14552,Vande Bharat
TRN12972,Shatabdi TRN12972,Shatabdi
TRN11734,Superfast TRN11734,Superfast
TRN11210,Vande Bharat TRN11210,Vande Bharat
TRN11766,Vande Bharat TRN11766,Vande Bharat
TRN14715,Rajdhani TRN14715,Rajdhani
TRN14323,Rajdhani TRN14323,Rajdhani
TRN10658,Passenger TRN10658,Passenger
TRN10893,Shatabdi TRN10893,Shatabdi
TRN10730,Vande Bharat TRN10730,Vande Bharat
TRN14466,Rajdhani TRN14466,Rajdhani
TRN10557,Superfast TRN10557,Superfast
TRN11781,Rajdhani TRN11781,Rajdhani
TRN10488,Vande Bharat TRN10488,Vande Bharat
TRN11182,Passenger TRN11182,Passenger
TRN14551,Vande Bharat TRN14551,Vande Bharat
TRN10052,Superfast TRN10052,Superfast
TRN10390,Shatabdi TRN10390,Shatabdi
TRN12212,Shatabdi TRN12212,Shatabdi
TRN14772,Vande Bharat TRN14772,Vande Bharat
TRN13685,Vande Bharat TRN13685,Vande Bharat
TRN10623,Passenger TRN10623,Passenger
TRN11850,Passenger TRN11850,Passenger
TRN13323,Passenger TRN13323,Passenger
TRN14800,Rajdhani TRN14800,Rajdhani
TRN10118,Shatabdi TRN10118,Shatabdi
TRN10344,Superfast TRN10344,Superfast
TRN11767,Rajdhani TRN11767,Rajdhani
TRN10532,Superfast TRN10532,Superfast
TRN11314,Vande Bharat TRN11314,Vande Bharat
TRN11772,Passenger TRN11772,Passenger
TRN13138,Passenger TRN13138,Passenger
TRN14338,Superfast TRN14338,Superfast
TRN13532,Shatabdi TRN13532,Shatabdi
TRN11266,Passenger TRN11266,Passenger
TRN14931,Superfast TRN14931,Superfast
TRN12594,Shatabdi TRN12594,Shatabdi
TRN13761,Superfast TRN13761,Superfast
TRN14934,Vande Bharat TRN14934,Vande Bharat
TRN13959,Rajdhani TRN13959,Rajdhani
TRN10258,Express TRN10258,Express
TRN10712,Shatabdi TRN10712,Shatabdi
TRN12151,Passenger TRN12151,Passenger
TRN11599,Shatabdi TRN11599,Shatabdi
TRN14660,Vande Bharat TRN14660,Vande Bharat
TRN13196,Shatabdi TRN13196,Shatabdi
TRN10617,Passenger TRN10617,Passenger
TRN11637,Shatabdi TRN11637,Shatabdi
TRN10094,Passenger TRN10094,Passenger
TRN10340,Passenger TRN10340,Passenger
TRN13450,Vande Bharat TRN13450,Vande Bharat
TRN13175,Shatabdi TRN13175,Shatabdi
TRN14978,Superfast TRN14978,Superfast
TRN11214,Vande Bharat TRN11214,Vande Bharat
TRN13623,Vande Bharat TRN13623,Vande Bharat
TRN11338,Express TRN11338,Express
TRN12780,Passenger TRN12780,Passenger
TRN13346,Rajdhani TRN13346,Rajdhani
TRN10936,Rajdhani TRN10936,Rajdhani
TRN10904,Rajdhani TRN10904,Rajdhani
TRN12207,Shatabdi TRN12207,Shatabdi
TRN11298,Shatabdi TRN11298,Shatabdi
TRN10305,Vande Bharat TRN10305,Vande Bharat
TRN10221,Superfast TRN10221,Superfast
TRN13153,Vande Bharat TRN13153,Vande Bharat
TRN10400,Shatabdi TRN10400,Shatabdi
TRN10081,Vande Bharat TRN10081,Vande Bharat
TRN14620,Shatabdi TRN14620,Shatabdi
TRN13666,Express TRN13666,Express
TRN12866,Rajdhani TRN12866,Rajdhani
TRN11718,Superfast TRN11718,Superfast
TRN11938,Rajdhani TRN11938,Rajdhani
TRN14620,Vande Bharat TRN14620,Vande Bharat
TRN11256,Passenger TRN11256,Passenger
TRN14528,Passenger TRN14528,Passenger
TRN11960,Passenger TRN11960,Passenger
TRN11603,Shatabdi TRN11603,Shatabdi
TRN13459,Rajdhani TRN13459,Rajdhani
TRN11872,Vande Bharat TRN11872,Vande Bharat
TRN12492,Passenger TRN12492,Passenger
TRN11069,Shatabdi TRN11069,Shatabdi
TRN14354,Rajdhani TRN14354,Rajdhani
TRN11886,Vande Bharat TRN11886,Vande Bharat
TRN10693,Vande Bharat TRN10693,Vande Bharat
TRN13818,Passenger TRN13818,Passenger
TRN12145,Rajdhani TRN12145,Rajdhani
TRN13784,Superfast TRN13784,Superfast
TRN14715,Passenger TRN14715,Passenger
TRN13968,Vande Bharat TRN13968,Vande Bharat
TRN12560,Passenger TRN12560,Passenger
TRN14112,Passenger TRN14112,Passenger
TRN10939,Rajdhani TRN10939,Rajdhani
TRN12407,Superfast TRN12407,Superfast
TRN13045,Vande Bharat TRN13045,Vande Bharat
TRN14384,Vande Bharat TRN14384,Vande Bharat
TRN14706,Shatabdi TRN14706,Shatabdi
TRN13923,Vande Bharat TRN13923,Vande Bharat
TRN11405,Shatabdi TRN11405,Shatabdi
TRN14520,Passenger TRN14520,Passenger
TRN11023,Shatabdi TRN11023,Shatabdi
TRN12622,Vande Bharat TRN12622,Vande Bharat
TRN14983,Shatabdi TRN14983,Shatabdi
TRN12633,Express TRN12633,Express
TRN11866,Vande Bharat TRN11866,Vande Bharat
TRN11138,Rajdhani TRN11138,Rajdhani
TRN11390,Shatabdi TRN11390,Shatabdi
TRN14714,Passenger TRN14714,Passenger
TRN11617,Rajdhani TRN11617,Rajdhani
TRN14305,Superfast TRN14305,Superfast
TRN10581,Express TRN10581,Express
TRN10010,Rajdhani TRN10010,Rajdhani
TRN13541,Passenger TRN13541,Passenger
TRN10792,Express TRN10792,Express
TRN13226,Vande Bharat TRN13226,Vande Bharat
TRN12264,Passenger TRN12264,Passenger
TRN12789,Rajdhani TRN12789,Rajdhani
TRN12712,Express TRN12712,Express
TRN12471,Superfast TRN12471,Superfast
TRN13956,Passenger TRN13956,Passenger
TRN13754,Rajdhani TRN13754,Rajdhani
TRN12138,Vande Bharat TRN12138,Vande Bharat
TRN13495,Shatabdi TRN13495,Shatabdi
TRN13880,Superfast TRN13880,Superfast
TRN10307,Express TRN10307,Express
TRN10997,Express TRN10997,Express
TRN14369,Shatabdi TRN14369,Shatabdi
TRN10115,Rajdhani TRN10115,Rajdhani
TRN13530,Passenger TRN13530,Passenger
TRN11147,Vande Bharat TRN11147,Vande Bharat
TRN12101,Vande Bharat TRN12101,Vande Bharat
TRN13255,Rajdhani TRN13255,Rajdhani
TRN10718,Rajdhani TRN10718,Rajdhani
TRN12565,Vande Bharat TRN12565,Vande Bharat
TRN11189,Vande Bharat TRN11189,Vande Bharat
TRN13631,Vande Bharat TRN13631,Vande Bharat
TRN12892,Rajdhani TRN12892,Rajdhani
TRN13475,Shatabdi TRN13475,Shatabdi
TRN10723,Express TRN10723,Express
TRN11941,Express TRN11941,Express
TRN11509,Vande Bharat TRN11509,Vande Bharat
TRN13466,Passenger TRN13466,Passenger
TRN11206,Shatabdi TRN11206,Shatabdi
TRN13269,Passenger TRN13269,Passenger
TRN12858,Shatabdi TRN12858,Shatabdi
TRN14160,Vande Bharat TRN14160,Vande Bharat
TRN11505,Vande Bharat TRN11505,Vande Bharat
TRN14122,Vande Bharat TRN14122,Vande Bharat
TRN12337,Rajdhani TRN12337,Rajdhani
TRN11644,Vande Bharat TRN11644,Vande Bharat
TRN14591,Rajdhani TRN14591,Rajdhani
TRN13394,Rajdhani TRN13394,Rajdhani
TRN10464,Vande Bharat TRN10464,Vande Bharat
TRN14744,Shatabdi TRN14744,Shatabdi
TRN10197,Shatabdi TRN10197,Shatabdi
TRN12367,Express TRN12367,Express
TRN14764,Shatabdi TRN14764,Shatabdi
TRN13437,Passenger TRN13437,Passenger
TRN12089,Vande Bharat TRN12089,Vande Bharat
TRN14633,Passenger TRN14633,Passenger
TRN11547,Rajdhani TRN11547,Rajdhani
TRN13746,Superfast TRN13746,Superfast
TRN12521,Rajdhani TRN12521,Rajdhani
TRN14018,Vande Bharat TRN14018,Vande Bharat
TRN10279,Rajdhani TRN10279,Rajdhani
TRN10813,Superfast TRN10813,Superfast
TRN13879,Shatabdi TRN13879,Shatabdi
TRN10327,Vande Bharat TRN10327,Vande Bharat
TRN11725,Passenger TRN11725,Passenger
TRN11739,Rajdhani TRN11739,Rajdhani
TRN11787,Vande Bharat TRN11787,Vande Bharat
TRN11132,Vande Bharat TRN11132,Vande Bharat
TRN14999,Vande Bharat TRN14999,Vande Bharat
TRN13726,Passenger TRN13726,Passenger
TRN14465,Vande Bharat TRN14465,Vande Bharat
TRN10740,Passenger TRN10740,Passenger
TRN12157,Passenger TRN12157,Passenger
TRN11948,Vande Bharat TRN11948,Vande Bharat
TRN12929,Vande Bharat TRN12929,Vande Bharat
TRN13365,Superfast TRN13365,Superfast
TRN14812,Shatabdi TRN14812,Shatabdi
TRN12142,Vande Bharat TRN12142,Vande Bharat
TRN10152,Rajdhani TRN10152,Rajdhani
TRN10432,Vande Bharat TRN10432,Vande Bharat
TRN13042,Rajdhani TRN13042,Rajdhani
TRN12843,Rajdhani TRN12843,Rajdhani
TRN14128,Passenger TRN14128,Passenger
TRN12569,Rajdhani TRN12569,Rajdhani
TRN13316,Passenger TRN13316,Passenger
TRN14380,Shatabdi TRN14380,Shatabdi
TRN14031,Superfast TRN14031,Superfast
TRN14740,Vande Bharat TRN14740,Vande Bharat
TRN10121,Rajdhani TRN10121,Rajdhani
TRN14052,Shatabdi TRN14052,Shatabdi
TRN13010,Passenger TRN13010,Passenger
TRN13949,Rajdhani TRN13949,Rajdhani
TRN12102,Passenger TRN12102,Passenger
TRN11162,Shatabdi TRN11162,Shatabdi
TRN11522,Rajdhani TRN11522,Rajdhani
TRN10738,Vande Bharat TRN10738,Vande Bharat
TRN11548,Vande Bharat TRN11548,Vande Bharat
TRN12241,Passenger TRN12241,Passenger
TRN13678,Shatabdi TRN13678,Shatabdi
TRN13424,Shatabdi TRN13424,Shatabdi
TRN11659,Superfast TRN11659,Superfast
TRN12355,Vande Bharat TRN12355,Vande Bharat
TRN11635,Shatabdi TRN11635,Shatabdi
TRN11877,Superfast TRN11877,Superfast
TRN13569,Rajdhani TRN13569,Rajdhani
TRN10096,Passenger TRN10096,Passenger
TRN11201,Shatabdi TRN11201,Shatabdi
TRN14482,Shatabdi TRN14482,Shatabdi
TRN14298,Shatabdi TRN14298,Shatabdi
TRN10404,Shatabdi TRN10404,Shatabdi
TRN13969,Express TRN13969,Express
TRN10214,Vande Bharat TRN10214,Vande Bharat
TRN11132,Rajdhani TRN11132,Rajdhani
TRN11216,Superfast TRN11216,Superfast
TRN10590,Superfast TRN10590,Superfast
TRN11929,Passenger TRN11929,Passenger
TRN11584,Passenger TRN11584,Passenger
TRN10739,Rajdhani TRN10739,Rajdhani
TRN10106,Express TRN10106,Express
TRN11663,Vande Bharat TRN11663,Vande Bharat
TRN13176,Passenger TRN13176,Passenger
TRN13425,Rajdhani TRN13425,Rajdhani
TRN11610,Vande Bharat TRN11610,Vande Bharat
TRN10464,Superfast TRN10464,Superfast
TRN11542,Rajdhani TRN11542,Rajdhani
TRN10602,Vande Bharat TRN10602,Vande Bharat
TRN14579,Rajdhani TRN14579,Rajdhani
TRN10049,Vande Bharat TRN10049,Vande Bharat
TRN13753,Rajdhani TRN13753,Rajdhani
TRN14278,Vande Bharat TRN14278,Vande Bharat
TRN11908,Vande Bharat TRN11908,Vande Bharat
TRN14316,Rajdhani TRN14316,Rajdhani
TRN10247,Passenger TRN10247,Passenger
TRN13468,Shatabdi TRN13468,Shatabdi
TRN11479,Shatabdi TRN11479,Shatabdi
TRN10081,Rajdhani TRN10081,Rajdhani
TRN10758,Vande Bharat TRN10758,Vande Bharat
TRN12387,Passenger TRN12387,Passenger
TRN10989,Vande Bharat TRN10989,Vande Bharat
TRN13817,Rajdhani TRN13817,Rajdhani
TRN13117,Rajdhani TRN13117,Rajdhani
TRN10135,Superfast TRN10135,Superfast
TRN10524,Vande Bharat TRN10524,Vande Bharat
TRN13756,Shatabdi TRN13756,Shatabdi
TRN13371,Passenger TRN13371,Passenger
TRN13465,Rajdhani TRN13465,Rajdhani
TRN14298,Passenger TRN14298,Passenger
TRN11055,Vande Bharat TRN11055,Vande Bharat
TRN14845,Shatabdi TRN14845,Shatabdi
TRN10750,Rajdhani TRN10750,Rajdhani
TRN13478,Rajdhani TRN13478,Rajdhani
TRN12899,Rajdhani TRN12899,Rajdhani
TRN12807,Vande Bharat TRN12807,Vande Bharat
TRN10932,Superfast TRN10932,Superfast
TRN12953,Passenger TRN12953,Passenger
TRN14801,Rajdhani TRN14801,Rajdhani
TRN10381,Passenger TRN10381,Passenger
TRN11570,Rajdhani TRN11570,Rajdhani
TRN11857,Shatabdi TRN11857,Shatabdi
TRN10413,Vande Bharat TRN10413,Vande Bharat
TRN13963,Rajdhani TRN13963,Rajdhani
TRN13102,Rajdhani TRN13102,Rajdhani
TRN11261,Rajdhani TRN11261,Rajdhani
TRN13033,Rajdhani TRN13033,Rajdhani
TRN14315,Vande Bharat TRN14315,Vande Bharat
TRN12707,Passenger TRN12707,Passenger
TRN11304,Vande Bharat TRN11304,Vande Bharat
TRN14583,Passenger TRN14583,Passenger
TRN13303,Vande Bharat TRN13303,Vande Bharat
TRN12093,Passenger TRN12093,Passenger
TRN13562,Shatabdi TRN13562,Shatabdi
TRN11734,Shatabdi TRN11734,Shatabdi
TRN10282,Rajdhani TRN10282,Rajdhani
TRN10504,Vande Bharat TRN10504,Vande Bharat
TRN12750,Vande Bharat TRN12750,Vande Bharat
TRN14257,Vande Bharat TRN14257,Vande Bharat
TRN12631,Vande Bharat TRN12631,Vande Bharat
TRN13912,Vande Bharat TRN13912,Vande Bharat
TRN13127,Passenger TRN13127,Passenger
TRN12032,Vande Bharat TRN12032,Vande Bharat
TRN14288,Shatabdi TRN14288,Shatabdi
TRN12549,Rajdhani TRN12549,Rajdhani
TRN14117,Shatabdi TRN14117,Shatabdi
TRN10684,Passenger TRN10684,Passenger
TRN10538,Vande Bharat TRN10538,Vande Bharat
TRN14377,Passenger TRN14377,Passenger
TRN14913,Shatabdi TRN14913,Shatabdi
TRN12360,Rajdhani TRN12360,Rajdhani
TRN11533,Rajdhani TRN11533,Rajdhani
TRN10937,Vande Bharat TRN10937,Vande Bharat
TRN13387,Vande Bharat TRN13387,Vande Bharat
TRN10226,Superfast TRN10226,Superfast
TRN14619,Rajdhani TRN14619,Rajdhani
TRN13040,Passenger TRN13040,Passenger
TRN13971,Shatabdi TRN13971,Shatabdi
TRN11732,Shatabdi TRN11732,Shatabdi
TRN13038,Vande Bharat TRN13038,Vande Bharat
TRN13012,Vande Bharat TRN13012,Vande Bharat
TRN10686,Rajdhani TRN10686,Rajdhani
TRN11055,Shatabdi TRN11055,Shatabdi
TRN11009,Passenger TRN11009,Passenger
TRN13943,Rajdhani TRN13943,Rajdhani
TRN12198,Superfast TRN12198,Superfast
TRN14172,Rajdhani TRN14172,Rajdhani
TRN13906,Vande Bharat TRN13906,Vande Bharat
TRN10220,Rajdhani TRN10220,Rajdhani
TRN12338,Express TRN12338,Express
TRN12605,Shatabdi TRN12605,Shatabdi
TRN11415,Passenger TRN11415,Passenger
TRN13595,Vande Bharat TRN13595,Vande Bharat
TRN12999,Vande Bharat TRN12999,Vande Bharat
TRN12078,Vande Bharat TRN12078,Vande Bharat
TRN12256,Express TRN12256,Express
TRN11582,Rajdhani TRN11582,Rajdhani
TRN12267,Passenger TRN12267,Passenger
TRN14990,Shatabdi TRN14990,Shatabdi
TRN12110,Shatabdi TRN12110,Shatabdi
TRN10766,Shatabdi TRN10766,Shatabdi
TRN11649,Vande Bharat TRN11649,Vande Bharat
TRN10384,Vande Bharat TRN10384,Vande Bharat
TRN13229,Vande Bharat TRN13229,Vande Bharat
TRN12205,Rajdhani TRN12205,Rajdhani
TRN12731,Superfast TRN12731,Superfast
TRN11942,Vande Bharat TRN11942,Vande Bharat
TRN12376,Vande Bharat TRN12376,Vande Bharat
TRN12530,Vande Bharat TRN12530,Vande Bharat
TRN14154,Vande Bharat TRN14154,Vande Bharat
TRN13855,Superfast TRN13855,Superfast
TRN11674,Rajdhani TRN11674,Rajdhani
TRN13951,Shatabdi TRN13951,Shatabdi
TRN12143,Vande Bharat TRN12143,Vande Bharat
TRN12055,Passenger TRN12055,Passenger
TRN14953,Shatabdi TRN14953,Shatabdi
TRN11537,Rajdhani TRN11537,Rajdhani
TRN13341,Vande Bharat TRN13341,Vande Bharat
TRN12800,Passenger TRN12800,Passenger
TRN13916,Passenger TRN13916,Passenger
TRN14061,Vande Bharat TRN14061,Vande Bharat
TRN14719,Superfast TRN14719,Superfast
TRN13502,Express TRN13502,Express
TRN10181,Vande Bharat TRN10181,Vande Bharat
TRN12677,Shatabdi TRN12677,Shatabdi
TRN14037,Rajdhani TRN14037,Rajdhani
TRN12815,Vande Bharat TRN12815,Vande Bharat
TRN10664,Shatabdi TRN10664,Shatabdi
TRN13502,Vande Bharat TRN13502,Vande Bharat
TRN14104,Rajdhani TRN14104,Rajdhani
TRN11321,Vande Bharat TRN11321,Vande Bharat
TRN11954,Rajdhani TRN11954,Rajdhani
TRN14760,Superfast TRN14760,Superfast
TRN10145,Shatabdi TRN10145,Shatabdi
TRN13531,Shatabdi TRN13531,Shatabdi
TRN13693,Rajdhani TRN13693,Rajdhani
TRN10853,Shatabdi TRN10853,Shatabdi
TRN13286,Rajdhani TRN13286,Rajdhani
TRN12938,Vande Bharat TRN12938,Vande Bharat
TRN13487,Shatabdi TRN13487,Shatabdi
TRN11636,Passenger TRN11636,Passenger
TRN13686,Vande Bharat TRN13686,Vande Bharat
TRN13187,Rajdhani TRN13187,Rajdhani
TRN13507,Vande Bharat TRN13507,Vande Bharat
TRN12387,Vande Bharat TRN12387,Vande Bharat
TRN11202,Passenger TRN11202,Passenger
TRN13418,Rajdhani TRN13418,Rajdhani
TRN13232,Express TRN13232,Express
TRN12422,Vande Bharat TRN12422,Vande Bharat
TRN10339,Rajdhani TRN10339,Rajdhani
TRN14061,Rajdhani TRN14061,Rajdhani
TRN13716,Vande Bharat TRN13716,Vande Bharat
TRN14206,Shatabdi TRN14206,Shatabdi
TRN13366,Shatabdi TRN13366,Shatabdi
TRN14782,Rajdhani TRN14782,Rajdhani
TRN10646,Vande Bharat TRN10646,Vande Bharat
TRN12245,Vande Bharat TRN12245,Vande Bharat
TRN12351,Shatabdi TRN12351,Shatabdi
TRN12969,Shatabdi TRN12969,Shatabdi
TRN10740,Express TRN10740,Express
TRN12925,Vande Bharat TRN12925,Vande Bharat
TRN10344,Vande Bharat TRN10344,Vande Bharat
TRN13139,Rajdhani TRN13139,Rajdhani
TRN11460,Rajdhani TRN11460,Rajdhani
TRN10640,Vande Bharat TRN10640,Vande Bharat
TRN10668,Rajdhani TRN10668,Rajdhani
TRN10281,Superfast TRN10281,Superfast
TRN10657,Shatabdi TRN10657,Shatabdi
TRN12272,Shatabdi TRN12272,Shatabdi
TRN11941,Rajdhani TRN11941,Rajdhani
TRN14070,Passenger TRN14070,Passenger
TRN10825,Rajdhani TRN10825,Rajdhani
TRN10665,Shatabdi TRN10665,Shatabdi
TRN10173,Vande Bharat TRN10173,Vande Bharat
TRN12480,Vande Bharat TRN12480,Vande Bharat
TRN10689,Passenger TRN10689,Passenger
TRN13883,Passenger TRN13883,Passenger
TRN12068,Passenger TRN12068,Passenger
TRN13984,Vande Bharat TRN13984,Vande Bharat
TRN12905,Shatabdi TRN12905,Shatabdi
TRN12828,Rajdhani TRN12828,Rajdhani
TRN13148,Rajdhani TRN13148,Rajdhani
TRN10995,Superfast TRN10995,Superfast
TRN11529,Shatabdi TRN11529,Shatabdi
TRN10373,Rajdhani TRN10373,Rajdhani
TRN11113,Rajdhani TRN11113,Rajdhani
TRN13568,Rajdhani TRN13568,Rajdhani
TRN12387,Superfast TRN12387,Superfast
TRN12330,Express TRN12330,Express
TRN10426,Vande Bharat TRN10426,Vande Bharat
TRN12786,Express TRN12786,Express
TRN12814,Vande Bharat TRN12814,Vande Bharat
TRN13952,Shatabdi TRN13952,Shatabdi
TRN12709,Passenger TRN12709,Passenger
TRN14975,Superfast TRN14975,Superfast
TRN13088,Shatabdi TRN13088,Shatabdi
TRN10634,Vande Bharat TRN10634,Vande Bharat
TRN14448,Vande Bharat TRN14448,Vande Bharat
TRN14784,Shatabdi TRN14784,Shatabdi
TRN11984,Rajdhani TRN11984,Rajdhani
TRN13990,Shatabdi TRN13990,Shatabdi
TRN13973,Superfast TRN13973,Superfast
TRN13942,Rajdhani TRN13942,Rajdhani
TRN10240,Vande Bharat TRN10240,Vande Bharat
TRN10874,Shatabdi TRN10874,Shatabdi
TRN14461,Rajdhani TRN14461,Rajdhani
TRN13027,Passenger TRN13027,Passenger
TRN11267,Rajdhani TRN11267,Rajdhani
TRN14748,Shatabdi TRN14748,Shatabdi
TRN14607,Rajdhani TRN14607,Rajdhani
TRN13114,Shatabdi TRN13114,Shatabdi
TRN12303,Shatabdi TRN12303,Shatabdi
TRN10860,Vande Bharat TRN10860,Vande Bharat
TRN12347,Rajdhani TRN12347,Rajdhani
TRN12899,Superfast TRN12899,Superfast
TRN11461,Rajdhani TRN11461,Rajdhani
TRN10771,Vande Bharat TRN10771,Vande Bharat
TRN13217,Superfast TRN13217,Superfast
TRN13239,Rajdhani TRN13239,Rajdhani
TRN11967,Vande Bharat TRN11967,Vande Bharat
TRN14733,Vande Bharat TRN14733,Vande Bharat
TRN13849,Passenger TRN13849,Passenger
TRN10642,Vande Bharat TRN10642,Vande Bharat
TRN10131,Passenger TRN10131,Passenger
TRN10196,Vande Bharat TRN10196,Vande Bharat
TRN11698,Passenger TRN11698,Passenger
TRN11114,Rajdhani TRN11114,Rajdhani
TRN10210,Vande Bharat TRN10210,Vande Bharat
TRN12118,Superfast TRN12118,Superfast
TRN12956,Rajdhani TRN12956,Rajdhani
TRN12370,Superfast TRN12370,Superfast
TRN10893,Vande Bharat TRN10893,Vande Bharat
TRN10161,Rajdhani TRN10161,Rajdhani
TRN10793,Superfast TRN10793,Superfast
TRN11564,Rajdhani TRN11564,Rajdhani
TRN10233,Vande Bharat TRN10233,Vande Bharat
TRN13620,Superfast TRN13620,Superfast
TRN13640,Passenger TRN13640,Passenger
TRN14970,Rajdhani TRN14970,Rajdhani
TRN14039,Shatabdi TRN14039,Shatabdi
TRN11136,Passenger TRN11136,Passenger
TRN14505,Shatabdi TRN14505,Shatabdi
TRN11500,Superfast TRN11500,Superfast
TRN10352,Passenger TRN10352,Passenger
TRN13213,Vande Bharat TRN13213,Vande Bharat
TRN12030,Shatabdi TRN12030,Shatabdi
TRN14168,Rajdhani TRN14168,Rajdhani
TRN14252,Vande Bharat TRN14252,Vande Bharat
TRN11862,Rajdhani TRN11862,Rajdhani
TRN13840,Passenger TRN13840,Passenger
TRN10579,Superfast TRN10579,Superfast
TRN13483,Rajdhani TRN13483,Rajdhani
TRN12183,Passenger TRN12183,Passenger
TRN10686,Vande Bharat TRN10686,Vande Bharat
TRN12893,Rajdhani TRN12893,Rajdhani
TRN12953,Rajdhani TRN12953,Rajdhani
TRN14332,Vande Bharat TRN14332,Vande Bharat
TRN14789,Vande Bharat TRN14789,Vande Bharat
TRN10126,Shatabdi TRN10126,Shatabdi
TRN13327,Superfast TRN13327,Superfast
TRN10386,Passenger TRN10386,Passenger
TRN13969,Vande Bharat TRN13969,Vande Bharat
TRN14155,Shatabdi TRN14155,Shatabdi
TRN13810,Vande Bharat TRN13810,Vande Bharat
TRN14365,Rajdhani TRN14365,Rajdhani
TRN10007,Rajdhani TRN10007,Rajdhani
TRN12797,Superfast TRN12797,Superfast
TRN11970,Shatabdi TRN11970,Shatabdi
TRN12587,Shatabdi TRN12587,Shatabdi
TRN11412,Rajdhani TRN11412,Rajdhani
TRN13902,Vande Bharat TRN13902,Vande Bharat
TRN10695,Vande Bharat TRN10695,Vande Bharat
TRN14018,Rajdhani TRN14018,Rajdhani
TRN13744,Rajdhani TRN13744,Rajdhani
TRN11631,Rajdhani TRN11631,Rajdhani
TRN11396,Vande Bharat TRN11396,Vande Bharat
TRN11996,Rajdhani TRN11996,Rajdhani
TRN11455,Rajdhani TRN11455,Rajdhani
TRN13362,Rajdhani TRN13362,Rajdhani
TRN13933,Rajdhani TRN13933,Rajdhani
TRN12119,Vande Bharat TRN12119,Vande Bharat
TRN14597,Passenger TRN14597,Passenger
TRN12566,Passenger TRN12566,Passenger
TRN12032,Superfast TRN12032,Superfast
TRN13024,Passenger TRN13024,Passenger
TRN14110,Vande Bharat TRN14110,Vande Bharat
TRN13301,Vande Bharat TRN13301,Vande Bharat
TRN10597,Shatabdi TRN10597,Shatabdi
TRN11000,Vande Bharat TRN11000,Vande Bharat
TRN13557,Shatabdi TRN13557,Shatabdi
TRN13418,Vande Bharat TRN13418,Vande Bharat
TRN10338,Passenger TRN10338,Passenger
TRN11872,Superfast TRN11872,Superfast
TRN11463,Rajdhani TRN11463,Rajdhani
TRN13162,Vande Bharat TRN13162,Vande Bharat
TRN12875,Shatabdi TRN12875,Shatabdi
TRN13227,Vande Bharat TRN13227,Vande Bharat
TRN10330,Rajdhani TRN10330,Rajdhani
TRN14990,Passenger TRN14990,Passenger
TRN12878,Vande Bharat TRN12878,Vande Bharat
TRN10733,Shatabdi TRN10733,Shatabdi
TRN12615,Rajdhani TRN12615,Rajdhani
TRN13494,Shatabdi TRN13494,Shatabdi
TRN12762,Shatabdi TRN12762,Shatabdi
TRN12221,Shatabdi TRN12221,Shatabdi
TRN11401,Shatabdi TRN11401,Shatabdi
TRN11726,Passenger TRN11726,Passenger
TRN13743,Rajdhani TRN13743,Rajdhani
TRN14382,Rajdhani TRN14382,Rajdhani
TRN12536,Superfast TRN12536,Superfast
TRN12582,Passenger TRN12582,Passenger
TRN11734,Express TRN11734,Express
TRN13588,Rajdhani TRN13588,Rajdhani
TRN11216,Vande Bharat TRN11216,Vande Bharat
TRN13918,Rajdhani TRN13918,Rajdhani
TRN11710,Shatabdi TRN11710,Shatabdi
TRN12526,Superfast TRN12526,Superfast
TRN11875,Vande Bharat TRN11875,Vande Bharat
TRN13140,Express TRN13140,Express
TRN14750,Superfast TRN14750,Superfast
TRN14156,Rajdhani TRN14156,Rajdhani
TRN14317,Passenger TRN14317,Passenger
TRN10008,Rajdhani TRN10008,Rajdhani
TRN11022,Rajdhani TRN11022,Rajdhani
TRN11053,Vande Bharat TRN11053,Vande Bharat
TRN12560,Rajdhani TRN12560,Rajdhani
TRN14367,Rajdhani TRN14367,Rajdhani
TRN10007,Superfast TRN10007,Superfast
TRN13707,Shatabdi TRN13707,Shatabdi
TRN11565,Shatabdi TRN11565,Shatabdi
TRN12185,Rajdhani TRN12185,Rajdhani
TRN12930,Vande Bharat TRN12930,Vande Bharat
TRN14794,Passenger TRN14794,Passenger
TRN11691,Shatabdi TRN11691,Shatabdi
TRN12474,Superfast TRN12474,Superfast
TRN13047,Vande Bharat TRN13047,Vande Bharat
TRN14218,Passenger TRN14218,Passenger
TRN10600,Express TRN10600,Express
TRN14352,Rajdhani TRN14352,Rajdhani
TRN10848,Rajdhani TRN10848,Rajdhani
TRN10108,Vande Bharat TRN10108,Vande Bharat
TRN13448,Rajdhani TRN13448,Rajdhani
TRN12820,Rajdhani TRN12820,Rajdhani
TRN11324,Vande Bharat TRN11324,Vande Bharat
TRN10094,Superfast TRN10094,Superfast
TRN10197,Rajdhani TRN10197,Rajdhani
TRN13808,Superfast TRN13808,Superfast
TRN14328,Passenger TRN14328,Passenger
TRN12546,Vande Bharat TRN12546,Vande Bharat
TRN10788,Rajdhani TRN10788,Rajdhani
TRN14322,Shatabdi TRN14322,Shatabdi
TRN10224,Vande Bharat TRN10224,Vande Bharat
TRN14814,Express TRN14814,Express
TRN14190,Shatabdi TRN14190,Shatabdi
TRN10823,Rajdhani TRN10823,Rajdhani
TRN11093,Superfast TRN11093,Superfast
TRN14232,Passenger TRN14232,Passenger
TRN13434,Rajdhani TRN13434,Rajdhani
TRN13483,Superfast TRN13483,Superfast
TRN12625,Vande Bharat TRN12625,Vande Bharat
TRN11968,Vande Bharat TRN11968,Vande Bharat
TRN11840,Rajdhani TRN11840,Rajdhani
TRN10684,Superfast TRN10684,Superfast
TRN10610,Vande Bharat TRN10610,Vande Bharat
TRN10695,Superfast TRN10695,Superfast
TRN14083,Rajdhani TRN14083,Rajdhani
TRN11423,Shatabdi TRN11423,Shatabdi
TRN10028,Passenger TRN10028,Passenger
TRN11010,Passenger TRN11010,Passenger
TRN12793,Shatabdi TRN12793,Shatabdi
TRN13584,Rajdhani TRN13584,Rajdhani
TRN12526,Vande Bharat TRN12526,Vande Bharat
TRN11565,Passenger TRN11565,Passenger
TRN13478,Shatabdi TRN13478,Shatabdi
TRN13594,Shatabdi TRN13594,Shatabdi
TRN12772,Rajdhani TRN12772,Rajdhani
TRN12400,Express TRN12400,Express
TRN14332,Rajdhani TRN14332,Rajdhani
TRN13667,Shatabdi TRN13667,Shatabdi
TRN11425,Vande Bharat TRN11425,Vande Bharat
TRN14362,Rajdhani TRN14362,Rajdhani
TRN10075,Rajdhani TRN10075,Rajdhani
TRN10137,Passenger TRN10137,Passenger
TRN10430,Rajdhani TRN10430,Rajdhani
TRN13365,Vande Bharat TRN13365,Vande Bharat
TRN12794,Passenger TRN12794,Passenger
TRN14495,Rajdhani TRN14495,Rajdhani
TRN14532,Rajdhani TRN14532,Rajdhani
TRN11072,Rajdhani TRN11072,Rajdhani
TRN13939,Shatabdi TRN13939,Shatabdi
TRN11439,Vande Bharat TRN11439,Vande Bharat
TRN11481,Vande Bharat TRN11481,Vande Bharat
TRN11649,Superfast TRN11649,Superfast
TRN14221,Rajdhani TRN14221,Rajdhani
TRN11816,Vande Bharat TRN11816,Vande Bharat
TRN12551,Shatabdi TRN12551,Shatabdi
TRN13797,Superfast TRN13797,Superfast
TRN13621,Shatabdi TRN13621,Shatabdi
TRN10189,Rajdhani TRN10189,Rajdhani
TRN14045,Rajdhani TRN14045,Rajdhani
TRN10028,Rajdhani TRN10028,Rajdhani
TRN14661,Passenger TRN14661,Passenger
TRN13366,Passenger TRN13366,Passenger
TRN14740,Superfast TRN14740,Superfast
TRN14122,Passenger TRN14122,Passenger
TRN13483,Passenger TRN13483,Passenger
TRN10332,Rajdhani TRN10332,Rajdhani
TRN14933,Passenger TRN14933,Passenger
TRN14809,Shatabdi TRN14809,Shatabdi
TRN11544,Superfast TRN11544,Superfast
TRN13021,Rajdhani TRN13021,Rajdhani
TRN10121,Passenger TRN10121,Passenger
TRN14597,Express TRN14597,Express
TRN11263,Express TRN11263,Express
TRN10544,Shatabdi TRN10544,Shatabdi
TRN13458,Shatabdi TRN13458,Shatabdi
TRN14157,Passenger TRN14157,Passenger
TRN11962,Passenger TRN11962,Passenger
TRN14352,Express TRN14352,Express
TRN10033,Shatabdi TRN10033,Shatabdi
TRN14145,Rajdhani TRN14145,Rajdhani
TRN13467,Rajdhani TRN13467,Rajdhani
TRN12010,Rajdhani TRN12010,Rajdhani
TRN10858,Superfast TRN10858,Superfast
TRN13206,Rajdhani TRN13206,Rajdhani
TRN11956,Shatabdi TRN11956,Shatabdi
TRN13314,Vande Bharat TRN13314,Vande Bharat
TRN12983,Rajdhani TRN12983,Rajdhani
TRN13071,Rajdhani TRN13071,Rajdhani
TRN10532,Shatabdi TRN10532,Shatabdi
TRN10557,Rajdhani TRN10557,Rajdhani
TRN12582,Vande Bharat TRN12582,Vande Bharat
TRN13660,Vande Bharat TRN13660,Vande Bharat
TRN13389,Rajdhani TRN13389,Rajdhani
TRN14893,Rajdhani TRN14893,Rajdhani
TRN13892,Vande Bharat TRN13892,Vande Bharat
TRN14949,Passenger TRN14949,Passenger
TRN13741,Shatabdi TRN13741,Shatabdi
TRN10932,Vande Bharat TRN10932,Vande Bharat
TRN11689,Passenger TRN11689,Passenger
TRN10053,Superfast TRN10053,Superfast
TRN12003,Vande Bharat TRN12003,Vande Bharat
TRN13499,Vande Bharat TRN13499,Vande Bharat
TRN11478,Rajdhani TRN11478,Rajdhani
TRN10882,Passenger TRN10882,Passenger
TRN11508,Rajdhani TRN11508,Rajdhani
TRN10058,Express TRN10058,Express
TRN14769,Vande Bharat TRN14769,Vande Bharat
TRN11919,Shatabdi TRN11919,Shatabdi
TRN10236,Superfast TRN10236,Superfast
TRN10050,Shatabdi TRN10050,Shatabdi
TRN11265,Rajdhani TRN11265,Rajdhani
TRN12542,Rajdhani TRN12542,Rajdhani
TRN12836,Vande Bharat TRN12836,Vande Bharat
TRN13529,Vande Bharat TRN13529,Vande Bharat
TRN12576,Shatabdi TRN12576,Shatabdi
TRN12779,Rajdhani TRN12779,Rajdhani
TRN14388,Rajdhani TRN14388,Rajdhani
TRN12093,Vande Bharat TRN12093,Vande Bharat
TRN13171,Passenger TRN13171,Passenger
TRN11240,Passenger TRN11240,Passenger
TRN11679,Rajdhani TRN11679,Rajdhani
TRN11274,Vande Bharat TRN11274,Vande Bharat
TRN13615,Rajdhani TRN13615,Rajdhani
TRN13955,Shatabdi TRN13955,Shatabdi
TRN12285,Express TRN12285,Express
TRN13377,Vande Bharat TRN13377,Vande Bharat
TRN14054,Superfast TRN14054,Superfast
TRN11219,Rajdhani TRN11219,Rajdhani
TRN10529,Rajdhani TRN10529,Rajdhani
TRN10991,Shatabdi TRN10991,Shatabdi
TRN11739,Passenger TRN11739,Passenger
TRN13178,Vande Bharat TRN13178,Vande Bharat
TRN10006,Vande Bharat TRN10006,Vande Bharat
TRN14897,Vande Bharat TRN14897,Vande Bharat
TRN10679,Vande Bharat TRN10679,Vande Bharat
TRN11887,Vande Bharat TRN11887,Vande Bharat
TRN14945,Vande Bharat TRN14945,Vande Bharat
TRN10151,Express TRN10151,Express
TRN11650,Shatabdi TRN11650,Shatabdi
TRN10765,Rajdhani TRN10765,Rajdhani
TRN11565,Rajdhani TRN11565,Rajdhani
TRN10282,Superfast TRN10282,Superfast
TRN13391,Vande Bharat TRN13391,Vande Bharat
TRN12062,Vande Bharat TRN12062,Vande Bharat
TRN12405,Vande Bharat TRN12405,Vande Bharat
TRN11235,Superfast TRN11235,Superfast
TRN12156,Passenger TRN12156,Passenger
TRN12227,Vande Bharat TRN12227,Vande Bharat
TRN13934,Vande Bharat TRN13934,Vande Bharat
TRN14004,Express TRN14004,Express
TRN10438,Passenger TRN10438,Passenger
TRN14446,Vande Bharat TRN14446,Vande Bharat
TRN11881,Vande Bharat TRN11881,Vande Bharat
TRN14636,Vande Bharat TRN14636,Vande Bharat
TRN12890,Vande Bharat TRN12890,Vande Bharat
TRN13000,Shatabdi TRN13000,Shatabdi
TRN13612,Vande Bharat TRN13612,Vande Bharat
TRN13579,Shatabdi TRN13579,Shatabdi
TRN14668,Passenger TRN14668,Passenger
TRN10889,Express TRN10889,Express
TRN12211,Vande Bharat TRN12211,Vande Bharat
TRN10299,Rajdhani TRN10299,Rajdhani
TRN12265,Shatabdi TRN12265,Shatabdi
TRN12821,Shatabdi TRN12821,Shatabdi
TRN10642,Shatabdi TRN10642,Shatabdi
TRN12741,Vande Bharat TRN12741,Vande Bharat
TRN12248,Passenger TRN12248,Passenger
TRN13599,Rajdhani TRN13599,Rajdhani
TRN11760,Shatabdi TRN11760,Shatabdi
TRN14851,Shatabdi TRN14851,Shatabdi
TRN13704,Express TRN13704,Express
TRN13720,Superfast TRN13720,Superfast
TRN13751,Express TRN13751,Express
TRN14296,Rajdhani TRN14296,Rajdhani
TRN13216,Rajdhani TRN13216,Rajdhani
TRN14369,Passenger TRN14369,Passenger
TRN13752,Shatabdi TRN13752,Shatabdi
TRN11647,Shatabdi TRN11647,Shatabdi
TRN10181,Shatabdi TRN10181,Shatabdi
TRN12665,Rajdhani TRN12665,Rajdhani
TRN13432,Rajdhani TRN13432,Rajdhani
TRN11822,Superfast TRN11822,Superfast
TRN13162,Rajdhani TRN13162,Rajdhani
TRN11272,Express TRN11272,Express
TRN10532,Express TRN10532,Express
TRN12871,Vande Bharat TRN12871,Vande Bharat
TRN11967,Rajdhani TRN11967,Rajdhani
TRN12331,Vande Bharat TRN12331,Vande Bharat
TRN11885,Vande Bharat TRN11885,Vande Bharat
TRN13505,Superfast TRN13505,Superfast
TRN12499,Vande Bharat TRN12499,Vande Bharat
TRN10884,Vande Bharat TRN10884,Vande Bharat
TRN13108,Passenger TRN13108,Passenger
TRN14493,Express TRN14493,Express
TRN11165,Vande Bharat TRN11165,Vande Bharat
TRN14350,Vande Bharat TRN14350,Vande Bharat
TRN14820,Shatabdi TRN14820,Shatabdi
TRN14211,Rajdhani TRN14211,Rajdhani
TRN11102,Superfast TRN11102,Superfast
TRN12127,Vande Bharat TRN12127,Vande Bharat
TRN11650,Vande Bharat TRN11650,Vande Bharat
TRN11832,Express TRN11832,Express
TRN11961,Rajdhani TRN11961,Rajdhani
TRN10471,Rajdhani TRN10471,Rajdhani
TRN12910,Superfast TRN12910,Superfast
TRN11752,Passenger TRN11752,Passenger
TRN11229,Rajdhani TRN11229,Rajdhani
TRN13345,Passenger TRN13345,Passenger
TRN10294,Shatabdi TRN10294,Shatabdi
TRN11136,Shatabdi TRN11136,Shatabdi
TRN14634,Shatabdi TRN14634,Shatabdi
TRN11786,Passenger TRN11786,Passenger
TRN14179,Passenger TRN14179,Passenger
TRN12282,Rajdhani TRN12282,Rajdhani
TRN13746,Rajdhani TRN13746,Rajdhani
TRN13574,Rajdhani TRN13574,Rajdhani
TRN10049,Passenger TRN10049,Passenger
TRN11662,Passenger TRN11662,Passenger
TRN14229,Passenger TRN14229,Passenger
TRN14287,Passenger TRN14287,Passenger
TRN13358,Express TRN13358,Express
TRN12041,Rajdhani TRN12041,Rajdhani
TRN14799,Passenger TRN14799,Passenger
TRN12388,Vande Bharat TRN12388,Vande Bharat
TRN10781,Passenger TRN10781,Passenger
TRN11762,Passenger TRN11762,Passenger
TRN12106,Passenger TRN12106,Passenger
TRN12616,Shatabdi TRN12616,Shatabdi
TRN11879,Vande Bharat TRN11879,Vande Bharat
TRN12399,Vande Bharat TRN12399,Vande Bharat
TRN13641,Vande Bharat TRN13641,Vande Bharat
TRN13170,Superfast TRN13170,Superfast
TRN12084,Vande Bharat TRN12084,Vande Bharat
TRN10052,Shatabdi TRN10052,Shatabdi
TRN11642,Vande Bharat TRN11642,Vande Bharat
TRN12174,Shatabdi TRN12174,Shatabdi
TRN13708,Passenger TRN13708,Passenger
TRN14071,Rajdhani TRN14071,Rajdhani
TRN14202,Superfast TRN14202,Superfast
TRN14143,Passenger TRN14143,Passenger
TRN12336,Vande Bharat TRN12336,Vande Bharat
TRN13336,Vande Bharat TRN13336,Vande Bharat
TRN10491,Vande Bharat TRN10491,Vande Bharat
TRN13790,Rajdhani TRN13790,Rajdhani
TRN10665,Vande Bharat TRN10665,Vande Bharat
TRN12351,Vande Bharat TRN12351,Vande Bharat
TRN14130,Vande Bharat TRN14130,Vande Bharat
TRN13235,Vande Bharat TRN13235,Vande Bharat
TRN10535,Shatabdi TRN10535,Shatabdi
TRN11639,Superfast TRN11639,Superfast
TRN13399,Passenger TRN13399,Passenger
TRN11485,Passenger TRN11485,Passenger
TRN11871,Express TRN11871,Express
TRN13539,Vande Bharat TRN13539,Vande Bharat
TRN13695,Passenger TRN13695,Passenger
TRN11563,Superfast TRN11563,Superfast
TRN10673,Express TRN10673,Express
TRN13964,Vande Bharat TRN13964,Vande Bharat
TRN12827,Vande Bharat TRN12827,Vande Bharat
TRN14021,Vande Bharat TRN14021,Vande Bharat
TRN12652,Express TRN12652,Express
TRN14782,Shatabdi TRN14782,Shatabdi
TRN13189,Vande Bharat TRN13189,Vande Bharat
TRN11049,Passenger TRN11049,Passenger
TRN13952,Passenger TRN13952,Passenger
TRN10943,Vande Bharat TRN10943,Vande Bharat
TRN14553,Shatabdi TRN14553,Shatabdi
TRN14991,Rajdhani TRN14991,Rajdhani
TRN14239,Superfast TRN14239,Superfast
TRN10448,Rajdhani TRN10448,Rajdhani
TRN10702,Passenger TRN10702,Passenger
TRN11739,Express TRN11739,Express
TRN12329,Vande Bharat TRN12329,Vande Bharat
TRN14627,Vande Bharat TRN14627,Vande Bharat
TRN13613,Vande Bharat TRN13613,Vande Bharat
TRN13844,Superfast TRN13844,Superfast
TRN14894,Passenger TRN14894,Passenger
TRN12299,Vande Bharat TRN12299,Vande Bharat
TRN12198,Passenger TRN12198,Passenger
TRN14343,Shatabdi TRN14343,Shatabdi
TRN11012,Vande Bharat TRN11012,Vande Bharat
TRN11717,Passenger TRN11717,Passenger
TRN11003,Vande Bharat TRN11003,Vande Bharat
TRN12089,Shatabdi TRN12089,Shatabdi
TRN13377,Superfast TRN13377,Superfast
TRN12635,Passenger TRN12635,Passenger
TRN12145,Passenger TRN12145,Passenger
TRN10822,Shatabdi TRN10822,Shatabdi
TRN13608,Passenger TRN13608,Passenger
TRN12201,Vande Bharat TRN12201,Vande Bharat
TRN13991,Rajdhani TRN13991,Rajdhani
TRN13537,Rajdhani TRN13537,Rajdhani
TRN12621,Rajdhani TRN12621,Rajdhani
TRN11078,Shatabdi TRN11078,Shatabdi
TRN12298,Shatabdi TRN12298,Shatabdi
TRN13596,Rajdhani TRN13596,Rajdhani
TRN14610,Shatabdi TRN14610,Shatabdi
TRN10523,Vande Bharat TRN10523,Vande Bharat
TRN13751,Shatabdi TRN13751,Shatabdi
TRN14465,Shatabdi TRN14465,Shatabdi
TRN13907,Express TRN13907,Express
TRN14845,Passenger TRN14845,Passenger
TRN12514,Shatabdi TRN12514,Shatabdi
TRN14724,Shatabdi TRN14724,Shatabdi
TRN11740,Rajdhani TRN11740,Rajdhani
TRN12477,Vande Bharat TRN12477,Vande Bharat
TRN13556,Shatabdi TRN13556,Shatabdi
TRN10898,Vande Bharat TRN10898,Vande Bharat
TRN14629,Rajdhani TRN14629,Rajdhani
TRN14309,Superfast TRN14309,Superfast
TRN13964,Passenger TRN13964,Passenger
TRN14892,Rajdhani TRN14892,Rajdhani
TRN14360,Passenger TRN14360,Passenger
TRN14541,Shatabdi TRN14541,Shatabdi
TRN11371,Shatabdi TRN11371,Shatabdi
TRN14384,Rajdhani TRN14384,Rajdhani
TRN14881,Superfast TRN14881,Superfast
TRN11943,Rajdhani TRN11943,Rajdhani
TRN11486,Vande Bharat TRN11486,Vande Bharat
TRN14842,Vande Bharat TRN14842,Vande Bharat
TRN11632,Shatabdi TRN11632,Shatabdi
TRN12622,Rajdhani TRN12622,Rajdhani
TRN12274,Rajdhani TRN12274,Rajdhani
TRN12067,Superfast TRN12067,Superfast
TRN13794,Superfast TRN13794,Superfast
TRN10564,Vande Bharat TRN10564,Vande Bharat
TRN13331,Passenger TRN13331,Passenger
TRN11520,Vande Bharat TRN11520,Vande Bharat
TRN14285,Vande Bharat TRN14285,Vande Bharat
TRN10443,Passenger TRN10443,Passenger
TRN13170,Rajdhani TRN13170,Rajdhani
TRN13128,Rajdhani TRN13128,Rajdhani
TRN12221,Vande Bharat TRN12221,Vande Bharat
TRN12013,Shatabdi TRN12013,Shatabdi
TRN11500,Passenger TRN11500,Passenger
TRN11472,Rajdhani TRN11472,Rajdhani
TRN10430,Passenger TRN10430,Passenger
TRN12187,Rajdhani TRN12187,Rajdhani
TRN12603,Shatabdi TRN12603,Shatabdi
TRN13320,Rajdhani TRN13320,Rajdhani
TRN10297,Rajdhani TRN10297,Rajdhani
TRN11176,Vande Bharat TRN11176,Vande Bharat
TRN13494,Rajdhani TRN13494,Rajdhani
TRN13547,Rajdhani TRN13547,Rajdhani
TRN14925,Rajdhani TRN14925,Rajdhani
TRN11403,Passenger TRN11403,Passenger
TRN10711,Rajdhani TRN10711,Rajdhani
TRN14463,Shatabdi TRN14463,Shatabdi
TRN14077,Shatabdi TRN14077,Shatabdi
TRN13625,Rajdhani TRN13625,Rajdhani
TRN13482,Superfast TRN13482,Superfast
TRN11092,Superfast TRN11092,Superfast
TRN10359,Express TRN10359,Express
TRN12774,Rajdhani TRN12774,Rajdhani
TRN10869,Shatabdi TRN10869,Shatabdi
TRN12879,Rajdhani TRN12879,Rajdhani
TRN10407,Vande Bharat TRN10407,Vande Bharat
TRN11886,Shatabdi TRN11886,Shatabdi
TRN14958,Express TRN14958,Express
TRN14364,Vande Bharat TRN14364,Vande Bharat
TRN11202,Shatabdi TRN11202,Shatabdi
TRN10497,Shatabdi TRN10497,Shatabdi
TRN11036,Rajdhani TRN11036,Rajdhani
TRN13205,Passenger TRN13205,Passenger
TRN11670,Vande Bharat TRN11670,Vande Bharat
TRN14203,Rajdhani TRN14203,Rajdhani
TRN14001,Rajdhani TRN14001,Rajdhani
TRN10960,Superfast TRN10960,Superfast
TRN14379,Rajdhani TRN14379,Rajdhani
TRN14306,Vande Bharat TRN14306,Vande Bharat
TRN11284,Superfast TRN11284,Superfast
TRN13798,Vande Bharat TRN13798,Vande Bharat
TRN13921,Passenger TRN13921,Passenger
TRN10491,Shatabdi TRN10491,Shatabdi
TRN11595,Shatabdi TRN11595,Shatabdi
TRN10095,Vande Bharat TRN10095,Vande Bharat
TRN10617,Rajdhani TRN10617,Rajdhani
TRN14514,Vande Bharat TRN14514,Vande Bharat
TRN11445,Rajdhani TRN11445,Rajdhani
TRN10917,Vande Bharat TRN10917,Vande Bharat
TRN10895,Vande Bharat TRN10895,Vande Bharat
TRN13351,Vande Bharat TRN13351,Vande Bharat
TRN14924,Vande Bharat TRN14924,Vande Bharat
TRN14775,Rajdhani TRN14775,Rajdhani
TRN12928,Superfast TRN12928,Superfast
TRN11772,Rajdhani TRN11772,Rajdhani
TRN14827,Superfast TRN14827,Superfast
TRN12851,Shatabdi TRN12851,Shatabdi
TRN14346,Shatabdi TRN14346,Shatabdi
TRN13134,Superfast TRN13134,Superfast
TRN12136,Passenger TRN12136,Passenger
TRN11411,Rajdhani TRN11411,Rajdhani
TRN14999,Passenger TRN14999,Passenger
TRN10490,Passenger TRN10490,Passenger
TRN10171,Rajdhani TRN10171,Rajdhani
TRN12495,Shatabdi TRN12495,Shatabdi
TRN13651,Passenger TRN13651,Passenger
TRN12084,Superfast TRN12084,Superfast
TRN13832,Shatabdi TRN13832,Shatabdi
TRN14872,Passenger TRN14872,Passenger
TRN10103,Vande Bharat TRN10103,Vande Bharat
TRN11823,Shatabdi TRN11823,Shatabdi
TRN11234,Vande Bharat TRN11234,Vande Bharat
TRN14909,Vande Bharat TRN14909,Vande Bharat
TRN10747,Vande Bharat TRN10747,Vande Bharat
TRN12882,Vande Bharat TRN12882,Vande Bharat
TRN13624,Vande Bharat TRN13624,Vande Bharat
TRN13815,Shatabdi TRN13815,Shatabdi
TRN12444,Rajdhani TRN12444,Rajdhani
TRN11181,Rajdhani TRN11181,Rajdhani
TRN13026,Shatabdi TRN13026,Shatabdi
TRN12360,Passenger TRN12360,Passenger
TRN10463,Vande Bharat TRN10463,Vande Bharat
TRN14733,Rajdhani TRN14733,Rajdhani
TRN12309,Vande Bharat TRN12309,Vande Bharat
TRN14306,Rajdhani TRN14306,Rajdhani
TRN14985,Shatabdi TRN14985,Shatabdi
TRN10314,Express TRN10314,Express
TRN13537,Vande Bharat TRN13537,Vande Bharat
TRN14775,Passenger TRN14775,Passenger
TRN14358,Vande Bharat TRN14358,Vande Bharat
TRN13393,Vande Bharat TRN13393,Vande Bharat
TRN10326,Vande Bharat TRN10326,Vande Bharat
TRN13191,Vande Bharat TRN13191,Vande Bharat
TRN12765,Passenger TRN12765,Passenger
TRN12291,Superfast TRN12291,Superfast
TRN10069,Express TRN10069,Express
TRN10517,Rajdhani TRN10517,Rajdhani
TRN13136,Passenger TRN13136,Passenger
TRN12803,Shatabdi TRN12803,Shatabdi
TRN14263,Shatabdi TRN14263,Shatabdi
TRN13823,Vande Bharat TRN13823,Vande Bharat
TRN12740,Passenger TRN12740,Passenger
TRN12432,Superfast TRN12432,Superfast
TRN14133,Shatabdi TRN14133,Shatabdi
TRN13381,Vande Bharat TRN13381,Vande Bharat
TRN10902,Express TRN10902,Express
TRN10363,Shatabdi TRN10363,Shatabdi
TRN13061,Vande Bharat TRN13061,Vande Bharat
TRN10899,Rajdhani TRN10899,Rajdhani
TRN14507,Shatabdi TRN14507,Shatabdi
TRN10112,Vande Bharat TRN10112,Vande Bharat
TRN11233,Passenger TRN11233,Passenger
TRN10542,Passenger TRN10542,Passenger
TRN14651,Passenger TRN14651,Passenger
TRN12564,Rajdhani TRN12564,Rajdhani
TRN11955,Vande Bharat TRN11955,Vande Bharat
TRN12753,Superfast TRN12753,Superfast
TRN14992,Rajdhani TRN14992,Rajdhani
TRN10231,Superfast TRN10231,Superfast
TRN13042,Shatabdi TRN13042,Shatabdi
TRN11198,Rajdhani TRN11198,Rajdhani
TRN13356,Vande Bharat TRN13356,Vande Bharat
TRN10013,Rajdhani TRN10013,Rajdhani
TRN11133,Shatabdi TRN11133,Shatabdi
TRN13018,Express TRN13018,Express
TRN13806,Rajdhani TRN13806,Rajdhani
TRN13676,Passenger TRN13676,Passenger
TRN14083,Shatabdi TRN14083,Shatabdi
TRN10846,Vande Bharat TRN10846,Vande Bharat
TRN10868,Shatabdi TRN10868,Shatabdi
TRN14987,Superfast TRN14987,Superfast
TRN14442,Rajdhani TRN14442,Rajdhani
TRN10047,Vande Bharat TRN10047,Vande Bharat
TRN11204,Shatabdi TRN11204,Shatabdi
TRN10659,Shatabdi TRN10659,Shatabdi
TRN12913,Vande Bharat TRN12913,Vande Bharat
TRN11921,Vande Bharat TRN11921,Vande Bharat
TRN11264,Vande Bharat TRN11264,Vande Bharat
TRN12101,Express TRN12101,Express
TRN14530,Shatabdi TRN14530,Shatabdi
TRN13149,Express TRN13149,Express
TRN13094,Vande Bharat TRN13094,Vande Bharat
TRN13288,Vande Bharat TRN13288,Vande Bharat
TRN11450,Rajdhani TRN11450,Rajdhani
TRN13293,Shatabdi TRN13293,Shatabdi
TRN11936,Passenger TRN11936,Passenger
TRN12530,Rajdhani TRN12530,Rajdhani
TRN13417,Superfast TRN13417,Superfast
TRN13053,Passenger TRN13053,Passenger
TRN12204,Vande Bharat TRN12204,Vande Bharat
TRN11785,Superfast TRN11785,Superfast
TRN10268,Vande Bharat TRN10268,Vande Bharat
TRN13577,Rajdhani TRN13577,Rajdhani
TRN13775,Superfast TRN13775,Superfast
TRN13898,Shatabdi TRN13898,Shatabdi
TRN14764,Vande Bharat TRN14764,Vande Bharat
TRN12019,Vande Bharat TRN12019,Vande Bharat
TRN10051,Passenger TRN10051,Passenger
TRN10563,Rajdhani TRN10563,Rajdhani
TRN13573,Vande Bharat TRN13573,Vande Bharat
TRN11350,Vande Bharat TRN11350,Vande Bharat
TRN10008,Vande Bharat TRN10008,Vande Bharat
TRN13077,Superfast TRN13077,Superfast
TRN13462,Express TRN13462,Express
TRN14427,Shatabdi TRN14427,Shatabdi
TRN12756,Rajdhani TRN12756,Rajdhani
TRN11973,Shatabdi TRN11973,Shatabdi
TRN10790,Shatabdi TRN10790,Shatabdi
TRN13425,Vande Bharat TRN13425,Vande Bharat
TRN12848,Vande Bharat TRN12848,Vande Bharat
TRN10441,Vande Bharat TRN10441,Vande Bharat
TRN14085,Shatabdi TRN14085,Shatabdi
TRN14849,Vande Bharat TRN14849,Vande Bharat
TRN10699,Vande Bharat TRN10699,Vande Bharat
TRN12901,Rajdhani TRN12901,Rajdhani
TRN13563,Shatabdi TRN13563,Shatabdi
TRN10001,Passenger TRN10001,Passenger
TRN11705,Vande Bharat TRN11705,Vande Bharat
TRN10411,Shatabdi TRN10411,Shatabdi
TRN13174,Vande Bharat TRN13174,Vande Bharat
TRN11251,Shatabdi TRN11251,Shatabdi
TRN12120,Rajdhani TRN12120,Rajdhani
TRN12403,Express TRN12403,Express
TRN11907,Express TRN11907,Express
TRN13027,Vande Bharat TRN13027,Vande Bharat
TRN11271,Rajdhani TRN11271,Rajdhani
TRN12818,Vande Bharat TRN12818,Vande Bharat
TRN13154,Shatabdi TRN13154,Shatabdi
TRN12938,Passenger TRN12938,Passenger
TRN13972,Rajdhani TRN13972,Rajdhani
TRN14075,Passenger TRN14075,Passenger
TRN11377,Vande Bharat TRN11377,Vande Bharat
TRN11568,Vande Bharat TRN11568,Vande Bharat
TRN10156,Vande Bharat TRN10156,Vande Bharat
TRN14122,Express TRN14122,Express
TRN13200,Shatabdi TRN13200,Shatabdi
TRN11153,Passenger TRN11153,Passenger
TRN10301,Vande Bharat TRN10301,Vande Bharat
TRN14517,Rajdhani TRN14517,Rajdhani
TRN10695,Passenger TRN10695,Passenger
TRN11607,Vande Bharat TRN11607,Vande Bharat
TRN10768,Vande Bharat TRN10768,Vande Bharat
TRN12030,Vande Bharat TRN12030,Vande Bharat
TRN13642,Vande Bharat TRN13642,Vande Bharat
TRN14468,Vande Bharat TRN14468,Vande Bharat
TRN11824,Passenger TRN11824,Passenger
TRN11044,Passenger TRN11044,Passenger
TRN10843,Vande Bharat TRN10843,Vande Bharat
TRN13033,Shatabdi TRN13033,Shatabdi
TRN14421,Vande Bharat TRN14421,Vande Bharat
TRN10571,Passenger TRN10571,Passenger
TRN14553,Passenger TRN14553,Passenger
TRN11631,Passenger TRN11631,Passenger
TRN14780,Shatabdi TRN14780,Shatabdi
TRN13733,Rajdhani TRN13733,Rajdhani
TRN12508,Vande Bharat TRN12508,Vande Bharat
TRN13322,Passenger TRN13322,Passenger
TRN11280,Passenger TRN11280,Passenger
TRN13700,Rajdhani TRN13700,Rajdhani
TRN10841,Vande Bharat TRN10841,Vande Bharat
TRN13132,Passenger TRN13132,Passenger
TRN12926,Rajdhani TRN12926,Rajdhani
TRN13033,Superfast TRN13033,Superfast
TRN12432,Shatabdi TRN12432,Shatabdi
TRN11574,Rajdhani TRN11574,Rajdhani
TRN12795,Passenger TRN12795,Passenger
TRN13381,Rajdhani TRN13381,Rajdhani
TRN12149,Shatabdi TRN12149,Shatabdi
TRN11056,Shatabdi TRN11056,Shatabdi
TRN11530,Rajdhani TRN11530,Rajdhani
TRN11805,Shatabdi TRN11805,Shatabdi
TRN13827,Shatabdi TRN13827,Shatabdi
TRN11276,Vande Bharat TRN11276,Vande Bharat
TRN12263,Vande Bharat TRN12263,Vande Bharat
TRN10612,Vande Bharat TRN10612,Vande Bharat
TRN10306,Rajdhani TRN10306,Rajdhani
TRN12915,Passenger TRN12915,Passenger
TRN12824,Rajdhani TRN12824,Rajdhani
TRN11224,Shatabdi TRN11224,Shatabdi
TRN10425,Rajdhani TRN10425,Rajdhani
TRN10602,Rajdhani TRN10602,Rajdhani
TRN14262,Rajdhani TRN14262,Rajdhani
TRN10447,Rajdhani TRN10447,Rajdhani
TRN13515,Rajdhani TRN13515,Rajdhani
TRN10963,Shatabdi TRN10963,Shatabdi
TRN13570,Rajdhani TRN13570,Rajdhani
TRN14750,Rajdhani TRN14750,Rajdhani
TRN11453,Vande Bharat TRN11453,Vande Bharat
TRN14481,Vande Bharat TRN14481,Vande Bharat
TRN10330,Vande Bharat TRN10330,Vande Bharat
TRN14303,Rajdhani TRN14303,Rajdhani
TRN12839,Shatabdi TRN12839,Shatabdi
TRN10948,Shatabdi TRN10948,Shatabdi
TRN14579,Superfast TRN14579,Superfast
TRN12499,Superfast TRN12499,Superfast
TRN11474,Express TRN11474,Express
TRN11529,Rajdhani TRN11529,Rajdhani
TRN10293,Vande Bharat TRN10293,Vande Bharat
TRN13433,Vande Bharat TRN13433,Vande Bharat
TRN10890,Express TRN10890,Express
TRN10649,Vande Bharat TRN10649,Vande Bharat
TRN13283,Rajdhani TRN13283,Rajdhani
TRN13684,Vande Bharat TRN13684,Vande Bharat
TRN14011,Vande Bharat TRN14011,Vande Bharat
TRN10737,Vande Bharat TRN10737,Vande Bharat
TRN11745,Shatabdi TRN11745,Shatabdi
TRN13053,Shatabdi TRN13053,Shatabdi
TRN14133,Passenger TRN14133,Passenger
TRN10764,Superfast TRN10764,Superfast
TRN11703,Vande Bharat TRN11703,Vande Bharat
TRN13344,Vande Bharat TRN13344,Vande Bharat
TRN12101,Shatabdi TRN12101,Shatabdi
TRN12577,Rajdhani TRN12577,Rajdhani
TRN13512,Passenger TRN13512,Passenger
TRN14124,Express TRN14124,Express
TRN14875,Shatabdi TRN14875,Shatabdi
TRN11160,Express TRN11160,Express
TRN14498,Vande Bharat TRN14498,Vande Bharat
TRN14303,Superfast TRN14303,Superfast
TRN11539,Shatabdi TRN11539,Shatabdi
TRN14989,Shatabdi TRN14989,Shatabdi
TRN10930,Vande Bharat TRN10930,Vande Bharat
TRN11063,Shatabdi TRN11063,Shatabdi
TRN13713,Vande Bharat TRN13713,Vande Bharat
TRN14569,Rajdhani TRN14569,Rajdhani
TRN14104,Vande Bharat TRN14104,Vande Bharat
TRN13538,Rajdhani TRN13538,Rajdhani
TRN11966,Vande Bharat TRN11966,Vande Bharat
TRN10458,Vande Bharat TRN10458,Vande Bharat
TRN10958,Shatabdi TRN10958,Shatabdi
TRN11259,Rajdhani TRN11259,Rajdhani
TRN11339,Express TRN11339,Express
TRN14517,Shatabdi TRN14517,Shatabdi
TRN13432,Shatabdi TRN13432,Shatabdi
TRN11731,Passenger TRN11731,Passenger
TRN13304,Vande Bharat TRN13304,Vande Bharat
TRN10406,Vande Bharat TRN10406,Vande Bharat
TRN13238,Shatabdi TRN13238,Shatabdi
TRN14665,Vande Bharat TRN14665,Vande Bharat
TRN13957,Passenger TRN13957,Passenger
TRN10922,Rajdhani TRN10922,Rajdhani
TRN11267,Superfast TRN11267,Superfast
TRN13583,Express TRN13583,Express
TRN12455,Rajdhani TRN12455,Rajdhani
TRN12758,Shatabdi TRN12758,Shatabdi
TRN11309,Express TRN11309,Express
TRN14542,Passenger TRN14542,Passenger
TRN10085,Vande Bharat TRN10085,Vande Bharat
TRN11457,Rajdhani TRN11457,Rajdhani
TRN14663,Express TRN14663,Express
TRN13812,Vande Bharat TRN13812,Vande Bharat
TRN14100,Vande Bharat TRN14100,Vande Bharat
TRN11556,Express TRN11556,Express
TRN10104,Vande Bharat TRN10104,Vande Bharat
TRN12060,Passenger TRN12060,Passenger
TRN13398,Rajdhani TRN13398,Rajdhani
TRN11293,Shatabdi TRN11293,Shatabdi
TRN11759,Express TRN11759,Express
TRN12174,Vande Bharat TRN12174,Vande Bharat
TRN13620,Shatabdi TRN13620,Shatabdi
TRN12607,Rajdhani TRN12607,Rajdhani
TRN10742,Vande Bharat TRN10742,Vande Bharat
TRN11947,Express TRN11947,Express
TRN12840,Vande Bharat TRN12840,Vande Bharat
TRN12241,Vande Bharat TRN12241,Vande Bharat
TRN13467,Vande Bharat TRN13467,Vande Bharat
TRN14915,Rajdhani TRN14915,Rajdhani
TRN13714,Shatabdi TRN13714,Shatabdi
TRN11188,Express TRN11188,Express
TRN11396,Superfast TRN11396,Superfast
TRN14009,Vande Bharat TRN14009,Vande Bharat
TRN10176,Passenger TRN10176,Passenger
TRN12724,Passenger TRN12724,Passenger
TRN10992,Rajdhani TRN10992,Rajdhani
TRN14041,Express TRN14041,Express
TRN11027,Vande Bharat TRN11027,Vande Bharat
TRN13942,Shatabdi TRN13942,Shatabdi
TRN14502,Express TRN14502,Express
TRN14098,Superfast TRN14098,Superfast
TRN10190,Passenger TRN10190,Passenger
TRN10835,Rajdhani TRN10835,Rajdhani
TRN13672,Vande Bharat TRN13672,Vande Bharat
TRN14916,Superfast TRN14916,Superfast
TRN14752,Passenger TRN14752,Passenger
TRN11482,Rajdhani TRN11482,Rajdhani
TRN12650,Superfast TRN12650,Superfast
TRN10145,Superfast TRN10145,Superfast
TRN14132,Passenger TRN14132,Passenger
TRN10912,Rajdhani TRN10912,Rajdhani
TRN13558,Rajdhani TRN13558,Rajdhani
TRN13699,Shatabdi TRN13699,Shatabdi
TRN10259,Vande Bharat TRN10259,Vande Bharat
TRN13611,Shatabdi TRN13611,Shatabdi
TRN14693,Rajdhani TRN14693,Rajdhani
TRN12431,Vande Bharat TRN12431,Vande Bharat
TRN10863,Rajdhani TRN10863,Rajdhani
TRN12180,Shatabdi TRN12180,Shatabdi
TRN10909,Vande Bharat TRN10909,Vande Bharat
TRN10272,Rajdhani TRN10272,Rajdhani
TRN10904,Superfast TRN10904,Superfast
TRN11561,Shatabdi TRN11561,Shatabdi
TRN13588,Express TRN13588,Express
TRN13026,Rajdhani TRN13026,Rajdhani
TRN14507,Passenger TRN14507,Passenger
TRN12497,Rajdhani TRN12497,Rajdhani
TRN13868,Rajdhani TRN13868,Rajdhani
TRN12631,Passenger TRN12631,Passenger
TRN13437,Shatabdi TRN13437,Shatabdi
TRN11535,Shatabdi TRN11535,Shatabdi
TRN11404,Vande Bharat TRN11404,Vande Bharat
TRN12752,Rajdhani TRN12752,Rajdhani
TRN13833,Passenger TRN13833,Passenger
TRN14953,Passenger TRN14953,Passenger
TRN11850,Vande Bharat TRN11850,Vande Bharat
TRN11011,Rajdhani TRN11011,Rajdhani
TRN11768,Passenger TRN11768,Passenger
TRN10076,Vande Bharat TRN10076,Vande Bharat
TRN10038,Shatabdi TRN10038,Shatabdi
TRN10203,Superfast TRN10203,Superfast
TRN10327,Rajdhani TRN10327,Rajdhani
TRN10582,Rajdhani TRN10582,Rajdhani
TRN11110,Vande Bharat TRN11110,Vande Bharat
TRN14408,Superfast TRN14408,Superfast
TRN11577,Passenger TRN11577,Passenger
TRN11150,Passenger TRN11150,Passenger
TRN11565,Superfast TRN11565,Superfast
TRN14496,Rajdhani TRN14496,Rajdhani
TRN13223,Rajdhani TRN13223,Rajdhani
TRN12727,Superfast TRN12727,Superfast
TRN14581,Rajdhani TRN14581,Rajdhani
TRN10166,Shatabdi TRN10166,Shatabdi
TRN13249,Rajdhani TRN13249,Rajdhani
TRN12929,Passenger TRN12929,Passenger
TRN10135,Shatabdi TRN10135,Shatabdi
TRN10628,Superfast TRN10628,Superfast
TRN10824,Shatabdi TRN10824,Shatabdi
TRN10195,Rajdhani TRN10195,Rajdhani
TRN14451,Shatabdi TRN14451,Shatabdi
TRN12472,Rajdhani TRN12472,Rajdhani
TRN12745,Passenger TRN12745,Passenger
TRN11275,Vande Bharat TRN11275,Vande Bharat
TRN13228,Superfast TRN13228,Superfast
TRN12320,Shatabdi TRN12320,Shatabdi
TRN10326,Shatabdi TRN10326,Shatabdi
TRN14885,Shatabdi TRN14885,Shatabdi
TRN10300,Shatabdi TRN10300,Shatabdi
TRN13203,Passenger TRN13203,Passenger
TRN10536,Express TRN10536,Express
TRN12192,Passenger TRN12192,Passenger
TRN10228,Vande Bharat TRN10228,Vande Bharat
TRN12548,Rajdhani TRN12548,Rajdhani
TRN13589,Shatabdi TRN13589,Shatabdi
TRN11367,Vande Bharat TRN11367,Vande Bharat
TRN11836,Vande Bharat TRN11836,Vande Bharat
TRN14581,Passenger TRN14581,Passenger
TRN12305,Vande Bharat TRN12305,Vande Bharat
TRN13510,Shatabdi TRN13510,Shatabdi
TRN11378,Rajdhani TRN11378,Rajdhani
TRN12962,Passenger TRN12962,Passenger
TRN13060,Vande Bharat TRN13060,Vande Bharat
TRN13133,Rajdhani TRN13133,Rajdhani
TRN10545,Passenger TRN10545,Passenger
TRN10230,Express TRN10230,Express
TRN13186,Vande Bharat TRN13186,Vande Bharat
TRN12330,Shatabdi TRN12330,Shatabdi
TRN13800,Rajdhani TRN13800,Rajdhani
TRN10191,Shatabdi TRN10191,Shatabdi
TRN10464,Rajdhani TRN10464,Rajdhani
TRN14040,Rajdhani TRN14040,Rajdhani
TRN12745,Shatabdi TRN12745,Shatabdi
TRN12988,Rajdhani TRN12988,Rajdhani
TRN10024,Passenger TRN10024,Passenger
TRN14169,Express TRN14169,Express
TRN10312,Passenger TRN10312,Passenger
TRN10219,Shatabdi TRN10219,Shatabdi
TRN14217,Superfast TRN14217,Superfast
TRN14019,Shatabdi TRN14019,Shatabdi
TRN14192,Shatabdi TRN14192,Shatabdi
TRN14434,Rajdhani TRN14434,Rajdhani
TRN13460,Rajdhani TRN13460,Rajdhani
TRN11386,Shatabdi TRN11386,Shatabdi
TRN14709,Passenger TRN14709,Passenger
TRN13277,Rajdhani TRN13277,Rajdhani
TRN14552,Superfast TRN14552,Superfast
TRN10780,Rajdhani TRN10780,Rajdhani
TRN11464,Superfast TRN11464,Superfast
TRN13479,Shatabdi TRN13479,Shatabdi
TRN11680,Rajdhani TRN11680,Rajdhani
TRN10223,Vande Bharat TRN10223,Vande Bharat
TRN11109,Rajdhani TRN11109,Rajdhani
TRN11154,Rajdhani TRN11154,Rajdhani
TRN10143,Passenger TRN10143,Passenger
TRN12218,Rajdhani TRN12218,Rajdhani
TRN12183,Shatabdi TRN12183,Shatabdi
TRN10178,Vande Bharat TRN10178,Vande Bharat
TRN12817,Shatabdi TRN12817,Shatabdi
TRN14643,Rajdhani TRN14643,Rajdhani
TRN12558,Vande Bharat TRN12558,Vande Bharat
TRN12174,Rajdhani TRN12174,Rajdhani
TRN10175,Passenger TRN10175,Passenger
TRN12306,Passenger TRN12306,Passenger
TRN11128,Rajdhani TRN11128,Rajdhani
TRN11091,Shatabdi TRN11091,Shatabdi
TRN13809,Shatabdi TRN13809,Shatabdi
TRN11696,Rajdhani TRN11696,Rajdhani
TRN14704,Shatabdi TRN14704,Shatabdi
TRN13254,Rajdhani TRN13254,Rajdhani
TRN12687,Passenger TRN12687,Passenger
TRN14809,Superfast TRN14809,Superfast
TRN11944,Express TRN11944,Express
TRN12738,Rajdhani TRN12738,Rajdhani
TRN13582,Rajdhani TRN13582,Rajdhani
TRN11533,Shatabdi TRN11533,Shatabdi
TRN11524,Shatabdi TRN11524,Shatabdi
TRN10209,Vande Bharat TRN10209,Vande Bharat
TRN10324,Vande Bharat TRN10324,Vande Bharat
TRN14783,Vande Bharat TRN14783,Vande Bharat
TRN14145,Vande Bharat TRN14145,Vande Bharat
TRN13382,Express TRN13382,Express
TRN14179,Vande Bharat TRN14179,Vande Bharat
TRN11651,Shatabdi TRN11651,Shatabdi
TRN12940,Vande Bharat TRN12940,Vande Bharat
TRN13660,Passenger TRN13660,Passenger
TRN11076,Passenger TRN11076,Passenger
TRN10427,Shatabdi TRN10427,Shatabdi
TRN13469,Passenger TRN13469,Passenger
TRN10954,Express TRN10954,Express
TRN12261,Superfast TRN12261,Superfast
TRN13275,Shatabdi TRN13275,Shatabdi
TRN11084,Shatabdi TRN11084,Shatabdi
TRN13509,Shatabdi TRN13509,Shatabdi
TRN11824,Rajdhani TRN11824,Rajdhani
TRN14787,Superfast TRN14787,Superfast
TRN13890,Rajdhani TRN13890,Rajdhani
TRN10785,Rajdhani TRN10785,Rajdhani
TRN11017,Shatabdi TRN11017,Shatabdi
TRN11847,Shatabdi TRN11847,Shatabdi
TRN14961,Shatabdi TRN14961,Shatabdi
TRN13066,Passenger TRN13066,Passenger
TRN12126,Vande Bharat TRN12126,Vande Bharat
TRN11501,Rajdhani TRN11501,Rajdhani
TRN13509,Vande Bharat TRN13509,Vande Bharat
TRN13122,Superfast TRN13122,Superfast
TRN11429,Vande Bharat TRN11429,Vande Bharat
TRN11037,Shatabdi TRN11037,Shatabdi
TRN10512,Shatabdi TRN10512,Shatabdi
TRN10505,Rajdhani TRN10505,Rajdhani
TRN14352,Superfast TRN14352,Superfast
TRN14870,Shatabdi TRN14870,Shatabdi
TRN11041,Vande Bharat TRN11041,Vande Bharat
TRN12481,Shatabdi TRN12481,Shatabdi
TRN13711,Vande Bharat TRN13711,Vande Bharat
TRN10652,Superfast TRN10652,Superfast
TRN10663,Passenger TRN10663,Passenger
TRN14056,Vande Bharat TRN14056,Vande Bharat
TRN13409,Passenger TRN13409,Passenger
TRN12218,Shatabdi TRN12218,Shatabdi
TRN10518,Vande Bharat TRN10518,Vande Bharat
TRN14586,Passenger TRN14586,Passenger
TRN14767,Express TRN14767,Express
TRN14234,Vande Bharat TRN14234,Vande Bharat
TRN10044,Vande Bharat TRN10044,Vande Bharat
TRN10410,Passenger TRN10410,Passenger
TRN10650,Vande Bharat TRN10650,Vande Bharat
TRN12957,Rajdhani TRN12957,Rajdhani
TRN12739,Vande Bharat TRN12739,Vande Bharat
TRN12384,Rajdhani TRN12384,Rajdhani
TRN14120,Shatabdi TRN14120,Shatabdi
TRN12921,Vande Bharat TRN12921,Vande Bharat
TRN13044,Shatabdi TRN13044,Shatabdi
TRN10692,Rajdhani TRN10692,Rajdhani
TRN13561,Vande Bharat TRN13561,Vande Bharat
TRN12548,Vande Bharat TRN12548,Vande Bharat
TRN14041,Vande Bharat TRN14041,Vande Bharat
TRN11302,Vande Bharat TRN11302,Vande Bharat
TRN14563,Rajdhani TRN14563,Rajdhani
TRN14043,Vande Bharat TRN14043,Vande Bharat
TRN13086,Passenger TRN13086,Passenger
TRN12214,Rajdhani TRN12214,Rajdhani
TRN11115,Rajdhani TRN11115,Rajdhani
TRN13333,Rajdhani TRN13333,Rajdhani
TRN11425,Express TRN11425,Express
TRN10930,Shatabdi TRN10930,Shatabdi
TRN11368,Shatabdi TRN11368,Shatabdi
TRN13109,Passenger TRN13109,Passenger
TRN11084,Rajdhani TRN11084,Rajdhani
TRN11742,Vande Bharat TRN11742,Vande Bharat
TRN10793,Passenger TRN10793,Passenger
TRN13519,Vande Bharat TRN13519,Vande Bharat
TRN10306,Vande Bharat TRN10306,Vande Bharat
TRN14123,Express TRN14123,Express
TRN13723,Vande Bharat TRN13723,Vande Bharat
TRN12028,Shatabdi TRN12028,Shatabdi
TRN10971,Vande Bharat TRN10971,Vande Bharat
TRN13332,Shatabdi TRN13332,Shatabdi
TRN13004,Passenger TRN13004,Passenger
TRN14073,Rajdhani TRN14073,Rajdhani
TRN12372,Vande Bharat TRN12372,Vande Bharat
TRN13675,Superfast TRN13675,Superfast
TRN12283,Shatabdi TRN12283,Shatabdi
TRN11844,Vande Bharat TRN11844,Vande Bharat
TRN12491,Rajdhani TRN12491,Rajdhani
TRN13361,Shatabdi TRN13361,Shatabdi
TRN11622,Passenger TRN11622,Passenger
TRN12081,Shatabdi TRN12081,Shatabdi
TRN14420,Passenger TRN14420,Passenger
TRN12550,Rajdhani TRN12550,Rajdhani
TRN14086,Express TRN14086,Express
TRN13421,Vande Bharat TRN13421,Vande Bharat
TRN12864,Vande Bharat TRN12864,Vande Bharat
TRN11758,Rajdhani TRN11758,Rajdhani
TRN11206,Express TRN11206,Express
TRN12852,Rajdhani TRN12852,Rajdhani
TRN10456,Passenger TRN10456,Passenger
TRN11871,Passenger TRN11871,Passenger
TRN12505,Superfast TRN12505,Superfast
TRN13508,Vande Bharat TRN13508,Vande Bharat
TRN12280,Shatabdi TRN12280,Shatabdi
TRN13957,Vande Bharat TRN13957,Vande Bharat
TRN10127,Vande Bharat TRN10127,Vande Bharat
TRN12627,Superfast TRN12627,Superfast
TRN12073,Rajdhani TRN12073,Rajdhani
TRN10589,Rajdhani TRN10589,Rajdhani
TRN13783,Rajdhani TRN13783,Rajdhani
TRN11434,Rajdhani TRN11434,Rajdhani
TRN14581,Shatabdi TRN14581,Shatabdi
TRN14821,Superfast TRN14821,Superfast
TRN11134,Vande Bharat TRN11134,Vande Bharat
TRN11023,Rajdhani TRN11023,Rajdhani
TRN13286,Passenger TRN13286,Passenger
TRN11794,Rajdhani TRN11794,Rajdhani
TRN12829,Shatabdi TRN12829,Shatabdi
TRN13218,Vande Bharat TRN13218,Vande Bharat
TRN12309,Rajdhani TRN12309,Rajdhani
TRN14932,Passenger TRN14932,Passenger
TRN11646,Vande Bharat TRN11646,Vande Bharat
TRN12073,Shatabdi TRN12073,Shatabdi
TRN13060,Rajdhani TRN13060,Rajdhani
TRN11339,Shatabdi TRN11339,Shatabdi
TRN10165,Vande Bharat TRN10165,Vande Bharat
TRN12129,Rajdhani TRN12129,Rajdhani
TRN12861,Vande Bharat TRN12861,Vande Bharat
TRN11262,Rajdhani TRN11262,Rajdhani
TRN13263,Vande Bharat TRN13263,Vande Bharat
TRN11472,Vande Bharat TRN11472,Vande Bharat
TRN11855,Shatabdi TRN11855,Shatabdi
TRN11348,Rajdhani TRN11348,Rajdhani
TRN12812,Shatabdi TRN12812,Shatabdi
TRN12773,Vande Bharat TRN12773,Vande Bharat
TRN12706,Passenger TRN12706,Passenger
TRN12588,Rajdhani TRN12588,Rajdhani
TRN14670,Superfast TRN14670,Superfast
TRN11371,Rajdhani TRN11371,Rajdhani
TRN14451,Vande Bharat TRN14451,Vande Bharat
TRN14366,Shatabdi TRN14366,Shatabdi
TRN12954,Rajdhani TRN12954,Rajdhani
TRN14495,Passenger TRN14495,Passenger
TRN11411,Passenger TRN11411,Passenger
TRN12240,Vande Bharat TRN12240,Vande Bharat
TRN10214,Rajdhani TRN10214,Rajdhani
TRN10968,Passenger TRN10968,Passenger
TRN12249,Rajdhani TRN12249,Rajdhani
TRN14886,Shatabdi TRN14886,Shatabdi
TRN11249,Passenger TRN11249,Passenger
TRN10743,Superfast TRN10743,Superfast
TRN13419,Rajdhani TRN13419,Rajdhani
TRN12005,Rajdhani TRN12005,Rajdhani
TRN12776,Shatabdi TRN12776,Shatabdi
TRN10450,Rajdhani TRN10450,Rajdhani
TRN13446,Shatabdi TRN13446,Shatabdi
TRN10376,Passenger TRN10376,Passenger
TRN14455,Shatabdi TRN14455,Shatabdi
TRN11674,Superfast TRN11674,Superfast
TRN10787,Shatabdi TRN10787,Shatabdi
TRN12676,Rajdhani TRN12676,Rajdhani
TRN11628,Shatabdi TRN11628,Shatabdi
TRN10995,Rajdhani TRN10995,Rajdhani
TRN14940,Passenger TRN14940,Passenger
TRN12561,Shatabdi TRN12561,Shatabdi
TRN10970,Passenger TRN10970,Passenger
TRN11117,Rajdhani TRN11117,Rajdhani
TRN13243,Shatabdi TRN13243,Shatabdi
TRN10918,Rajdhani TRN10918,Rajdhani
TRN13756,Vande Bharat TRN13756,Vande Bharat
TRN12590,Shatabdi TRN12590,Shatabdi
TRN13029,Rajdhani TRN13029,Rajdhani
TRN10082,Vande Bharat TRN10082,Vande Bharat
TRN13125,Shatabdi TRN13125,Shatabdi
TRN12366,Shatabdi TRN12366,Shatabdi
TRN11465,Shatabdi TRN11465,Shatabdi
TRN12348,Rajdhani TRN12348,Rajdhani
TRN11084,Superfast TRN11084,Superfast
TRN12702,Rajdhani TRN12702,Rajdhani
TRN11038,Rajdhani TRN11038,Rajdhani
TRN10024,Express TRN10024,Express
TRN14048,Passenger TRN14048,Passenger
TRN12962,Vande Bharat TRN12962,Vande Bharat
TRN10824,Superfast TRN10824,Superfast
TRN14224,Vande Bharat TRN14224,Vande Bharat
TRN11128,Vande Bharat TRN11128,Vande Bharat
TRN12594,Rajdhani TRN12594,Rajdhani
TRN10707,Vande Bharat TRN10707,Vande Bharat
TRN12641,Rajdhani TRN12641,Rajdhani
TRN10656,Shatabdi TRN10656,Shatabdi
TRN14115,Rajdhani TRN14115,Rajdhani
TRN14185,Vande Bharat TRN14185,Vande Bharat
TRN10537,Shatabdi TRN10537,Shatabdi
TRN10381,Shatabdi TRN10381,Shatabdi
TRN11361,Rajdhani TRN11361,Rajdhani
TRN14298,Vande Bharat TRN14298,Vande Bharat
TRN11581,Shatabdi TRN11581,Shatabdi
TRN11197,Rajdhani TRN11197,Rajdhani
TRN13425,Shatabdi TRN13425,Shatabdi
TRN14519,Vande Bharat TRN14519,Vande Bharat
TRN14493,Rajdhani TRN14493,Rajdhani
TRN13955,Rajdhani TRN13955,Rajdhani
TRN10177,Rajdhani TRN10177,Rajdhani
TRN11950,Passenger TRN11950,Passenger
TRN11958,Vande Bharat TRN11958,Vande Bharat
TRN13109,Shatabdi TRN13109,Shatabdi
TRN14349,Rajdhani TRN14349,Rajdhani
TRN12037,Rajdhani TRN12037,Rajdhani
TRN13032,Shatabdi TRN13032,Shatabdi
TRN11112,Rajdhani TRN11112,Rajdhani
TRN10262,Shatabdi TRN10262,Shatabdi
TRN11712,Vande Bharat TRN11712,Vande Bharat
TRN10085,Rajdhani TRN10085,Rajdhani
TRN12722,Shatabdi TRN12722,Shatabdi
TRN10502,Express TRN10502,Express
TRN11741,Rajdhani TRN11741,Rajdhani
TRN12223,Shatabdi TRN12223,Shatabdi
TRN11612,Shatabdi TRN11612,Shatabdi
TRN12811,Rajdhani TRN12811,Rajdhani
TRN12171,Rajdhani TRN12171,Rajdhani
TRN13731,Express TRN13731,Express
TRN12385,Rajdhani TRN12385,Rajdhani
TRN11426,Rajdhani TRN11426,Rajdhani
TRN14523,Vande Bharat TRN14523,Vande Bharat
TRN13540,Passenger TRN13540,Passenger
TRN14107,Rajdhani TRN14107,Rajdhani
TRN14438,Rajdhani TRN14438,Rajdhani
TRN10340,Rajdhani TRN10340,Rajdhani
TRN11833,Rajdhani TRN11833,Rajdhani
TRN13919,Vande Bharat TRN13919,Vande Bharat
TRN13420,Vande Bharat TRN13420,Vande Bharat
TRN14399,Shatabdi TRN14399,Shatabdi
TRN10862,Rajdhani TRN10862,Rajdhani
TRN10726,Rajdhani TRN10726,Rajdhani
TRN14405,Passenger TRN14405,Passenger
TRN10787,Rajdhani TRN10787,Rajdhani
TRN13709,Express TRN13709,Express
TRN12362,Vande Bharat TRN12362,Vande Bharat
TRN14134,Vande Bharat TRN14134,Vande Bharat
TRN10001,Superfast TRN10001,Superfast
TRN12797,Shatabdi TRN12797,Shatabdi
TRN13149,Superfast TRN13149,Superfast
TRN14504,Rajdhani TRN14504,Rajdhani
TRN12181,Rajdhani TRN12181,Rajdhani
TRN14672,Vande Bharat TRN14672,Vande Bharat
TRN10104,Rajdhani TRN10104,Rajdhani
TRN10639,Rajdhani TRN10639,Rajdhani
TRN11238,Vande Bharat TRN11238,Vande Bharat
TRN10894,Shatabdi TRN10894,Shatabdi
TRN14163,Shatabdi TRN14163,Shatabdi
TRN12474,Rajdhani TRN12474,Rajdhani
TRN13696,Rajdhani TRN13696,Rajdhani
TRN13882,Vande Bharat TRN13882,Vande Bharat
TRN14200,Rajdhani TRN14200,Rajdhani
TRN14810,Express TRN14810,Express
TRN12982,Passenger TRN12982,Passenger
TRN14662,Vande Bharat TRN14662,Vande Bharat
TRN10616,Express TRN10616,Express
TRN13509,Rajdhani TRN13509,Rajdhani
TRN11856,Shatabdi TRN11856,Shatabdi
TRN13103,Passenger TRN13103,Passenger
TRN14336,Passenger TRN14336,Passenger
TRN11204,Rajdhani TRN11204,Rajdhani
TRN14374,Rajdhani TRN14374,Rajdhani
TRN14312,Rajdhani TRN14312,Rajdhani
TRN10733,Superfast TRN10733,Superfast
TRN11818,Vande Bharat TRN11818,Vande Bharat
TRN10992,Superfast TRN10992,Superfast
TRN11074,Shatabdi TRN11074,Shatabdi
TRN13128,Vande Bharat TRN13128,Vande Bharat
TRN12520,Rajdhani TRN12520,Rajdhani
TRN14765,Superfast TRN14765,Superfast
TRN12989,Superfast TRN12989,Superfast
TRN12163,Rajdhani TRN12163,Rajdhani
TRN14152,Shatabdi TRN14152,Shatabdi
TRN10479,Passenger TRN10479,Passenger
TRN11251,Rajdhani TRN11251,Rajdhani
TRN12606,Rajdhani TRN12606,Rajdhani
TRN11571,Vande Bharat TRN11571,Vande Bharat
TRN11099,Shatabdi TRN11099,Shatabdi
TRN14079,Passenger TRN14079,Passenger
TRN14492,Vande Bharat TRN14492,Vande Bharat
TRN13322,Vande Bharat TRN13322,Vande Bharat
TRN11510,Rajdhani TRN11510,Rajdhani
TRN11943,Vande Bharat TRN11943,Vande Bharat
TRN13803,Rajdhani TRN13803,Rajdhani
TRN13767,Rajdhani TRN13767,Rajdhani
TRN14122,Rajdhani TRN14122,Rajdhani
TRN11566,Passenger TRN11566,Passenger
TRN14883,Superfast TRN14883,Superfast
TRN11402,Passenger TRN11402,Passenger
TRN10512,Passenger TRN10512,Passenger
TRN10542,Rajdhani TRN10542,Rajdhani
TRN10671,Shatabdi TRN10671,Shatabdi
TRN10627,Passenger TRN10627,Passenger
TRN11944,Rajdhani TRN11944,Rajdhani
TRN14705,Vande Bharat TRN14705,Vande Bharat
TRN14654,Rajdhani TRN14654,Rajdhani
TRN11629,Rajdhani TRN11629,Rajdhani
TRN13706,Shatabdi TRN13706,Shatabdi
TRN14447,Rajdhani TRN14447,Rajdhani
TRN10598,Vande Bharat TRN10598,Vande Bharat
TRN11110,Passenger TRN11110,Passenger
TRN11370,Rajdhani TRN11370,Rajdhani
TRN11545,Shatabdi TRN11545,Shatabdi
TRN12378,Vande Bharat TRN12378,Vande Bharat
TRN13569,Shatabdi TRN13569,Shatabdi
TRN10387,Passenger TRN10387,Passenger
TRN12441,Shatabdi TRN12441,Shatabdi
TRN12899,Shatabdi TRN12899,Shatabdi
TRN14089,Rajdhani TRN14089,Rajdhani
TRN13311,Vande Bharat TRN13311,Vande Bharat
TRN12182,Express TRN12182,Express
TRN14479,Vande Bharat TRN14479,Vande Bharat
TRN11392,Vande Bharat TRN11392,Vande Bharat
TRN10403,Passenger TRN10403,Passenger
TRN13368,Shatabdi TRN13368,Shatabdi
TRN12885,Superfast TRN12885,Superfast
TRN13426,Express TRN13426,Express
TRN10679,Shatabdi TRN10679,Shatabdi
TRN11981,Rajdhani TRN11981,Rajdhani
TRN11512,Vande Bharat TRN11512,Vande Bharat
TRN12426,Vande Bharat TRN12426,Vande Bharat
TRN11550,Rajdhani TRN11550,Rajdhani
TRN10058,Passenger TRN10058,Passenger
TRN13344,Rajdhani TRN13344,Rajdhani
TRN14323,Vande Bharat TRN14323,Vande Bharat
TRN13143,Passenger TRN13143,Passenger
TRN11978,Vande Bharat TRN11978,Vande Bharat
TRN13399,Rajdhani TRN13399,Rajdhani
TRN14957,Superfast TRN14957,Superfast
TRN13401,Rajdhani TRN13401,Rajdhani
TRN13034,Express TRN13034,Express
TRN11278,Shatabdi TRN11278,Shatabdi
TRN10572,Shatabdi TRN10572,Shatabdi
TRN10622,Rajdhani TRN10622,Rajdhani
TRN11803,Vande Bharat TRN11803,Vande Bharat
TRN10187,Express TRN10187,Express
TRN12181,Passenger TRN12181,Passenger
TRN12971,Rajdhani TRN12971,Rajdhani
TRN11421,Rajdhani TRN11421,Rajdhani
TRN11061,Superfast TRN11061,Superfast
TRN11312,Express TRN11312,Express
TRN11456,Shatabdi TRN11456,Shatabdi
TRN10349,Passenger TRN10349,Passenger
TRN12103,Vande Bharat TRN12103,Vande Bharat
TRN11618,Vande Bharat TRN11618,Vande Bharat
TRN11947,Passenger TRN11947,Passenger
TRN14799,Rajdhani TRN14799,Rajdhani
TRN13248,Passenger TRN13248,Passenger
TRN10558,Rajdhani TRN10558,Rajdhani
TRN11457,Vande Bharat TRN11457,Vande Bharat
TRN14574,Passenger TRN14574,Passenger
TRN12597,Shatabdi TRN12597,Shatabdi
TRN10184,Rajdhani TRN10184,Rajdhani
TRN11246,Superfast TRN11246,Superfast
TRN13413,Vande Bharat TRN13413,Vande Bharat
TRN12139,Vande Bharat TRN12139,Vande Bharat
TRN12563,Rajdhani TRN12563,Rajdhani
TRN10760,Shatabdi TRN10760,Shatabdi
TRN12047,Vande Bharat TRN12047,Vande Bharat
TRN13791,Passenger TRN13791,Passenger
TRN13388,Superfast TRN13388,Superfast
TRN12114,Vande Bharat TRN12114,Vande Bharat
TRN13679,Rajdhani TRN13679,Rajdhani
TRN11366,Passenger TRN11366,Passenger
TRN10819,Rajdhani TRN10819,Rajdhani
TRN10204,Vande Bharat TRN10204,Vande Bharat
TRN12058,Vande Bharat TRN12058,Vande Bharat
TRN11619,Rajdhani TRN11619,Rajdhani
TRN12848,Passenger TRN12848,Passenger
TRN10318,Rajdhani TRN10318,Rajdhani
TRN11158,Vande Bharat TRN11158,Vande Bharat
TRN13539,Rajdhani TRN13539,Rajdhani
TRN10154,Vande Bharat TRN10154,Vande Bharat
TRN10898,Rajdhani TRN10898,Rajdhani
TRN13190,Rajdhani TRN13190,Rajdhani
TRN12824,Vande Bharat TRN12824,Vande Bharat
TRN13090,Shatabdi TRN13090,Shatabdi
TRN14163,Vande Bharat TRN14163,Vande Bharat
TRN14125,Vande Bharat TRN14125,Vande Bharat
TRN14040,Shatabdi TRN14040,Shatabdi
TRN13506,Rajdhani TRN13506,Rajdhani
TRN14149,Shatabdi TRN14149,Shatabdi
TRN13281,Vande Bharat TRN13281,Vande Bharat
TRN13247,Rajdhani TRN13247,Rajdhani
TRN13323,Rajdhani TRN13323,Rajdhani
TRN12577,Shatabdi TRN12577,Shatabdi
TRN14772,Superfast TRN14772,Superfast
TRN14215,Shatabdi TRN14215,Shatabdi
TRN10924,Shatabdi TRN10924,Shatabdi
TRN12271,Vande Bharat TRN12271,Vande Bharat
TRN12950,Shatabdi TRN12950,Shatabdi
TRN12350,Superfast TRN12350,Superfast
TRN13962,Rajdhani TRN13962,Rajdhani
TRN13589,Rajdhani TRN13589,Rajdhani
TRN14943,Vande Bharat TRN14943,Vande Bharat
TRN13699,Vande Bharat TRN13699,Vande Bharat
TRN10735,Rajdhani TRN10735,Rajdhani
TRN14802,Rajdhani TRN14802,Rajdhani
TRN12585,Express TRN12585,Express
TRN11454,Vande Bharat TRN11454,Vande Bharat
TRN12986,Rajdhani TRN12986,Rajdhani
TRN14730,Shatabdi TRN14730,Shatabdi
TRN11573,Passenger TRN11573,Passenger
TRN14726,Shatabdi TRN14726,Shatabdi
TRN10151,Rajdhani TRN10151,Rajdhani
TRN11763,Vande Bharat TRN11763,Vande Bharat
TRN11200,Vande Bharat TRN11200,Vande Bharat
TRN11806,Rajdhani TRN11806,Rajdhani
TRN13472,Passenger TRN13472,Passenger
TRN13822,Rajdhani TRN13822,Rajdhani
TRN11729,Passenger TRN11729,Passenger
TRN13543,Rajdhani TRN13543,Rajdhani
TRN11860,Vande Bharat TRN11860,Vande Bharat
TRN11470,Shatabdi TRN11470,Shatabdi
TRN11098,Passenger TRN11098,Passenger
TRN13801,Vande Bharat TRN13801,Vande Bharat
TRN12722,Vande Bharat TRN12722,Vande Bharat
TRN14549,Passenger TRN14549,Passenger
TRN12068,Vande Bharat TRN12068,Vande Bharat
TRN10910,Shatabdi TRN10910,Shatabdi
TRN14361,Shatabdi TRN14361,Shatabdi
TRN10937,Shatabdi TRN10937,Shatabdi
TRN10736,Shatabdi TRN10736,Shatabdi
TRN13926,Vande Bharat TRN13926,Vande Bharat
TRN12286,Passenger TRN12286,Passenger
TRN10991,Vande Bharat TRN10991,Vande Bharat
TRN10417,Vande Bharat TRN10417,Vande Bharat
TRN12072,Shatabdi TRN12072,Shatabdi
TRN12859,Passenger TRN12859,Passenger
TRN10867,Shatabdi TRN10867,Shatabdi
TRN14215,Passenger TRN14215,Passenger
TRN14810,Vande Bharat TRN14810,Vande Bharat
TRN11891,Rajdhani TRN11891,Rajdhani
TRN12103,Shatabdi TRN12103,Shatabdi
TRN12009,Rajdhani TRN12009,Rajdhani
TRN10160,Vande Bharat TRN10160,Vande Bharat
TRN11898,Vande Bharat TRN11898,Vande Bharat
TRN11762,Shatabdi TRN11762,Shatabdi
TRN10593,Vande Bharat TRN10593,Vande Bharat
TRN12803,Vande Bharat TRN12803,Vande Bharat
TRN12865,Rajdhani TRN12865,Rajdhani
TRN13564,Rajdhani TRN13564,Rajdhani
TRN13043,Shatabdi TRN13043,Shatabdi
TRN11176,Rajdhani TRN11176,Rajdhani
TRN14534,Shatabdi TRN14534,Shatabdi
TRN13051,Vande Bharat TRN13051,Vande Bharat
TRN14987,Rajdhani TRN14987,Rajdhani
TRN13129,Superfast TRN13129,Superfast
TRN10573,Shatabdi TRN10573,Shatabdi
TRN10452,Passenger TRN10452,Passenger
TRN13072,Vande Bharat TRN13072,Vande Bharat
TRN11000,Shatabdi TRN11000,Shatabdi
TRN11316,Rajdhani TRN11316,Rajdhani
TRN13917,Rajdhani TRN13917,Rajdhani
TRN14263,Vande Bharat TRN14263,Vande Bharat
TRN14107,Shatabdi TRN14107,Shatabdi
TRN14751,Vande Bharat TRN14751,Vande Bharat
TRN14566,Shatabdi TRN14566,Shatabdi
TRN13078,Vande Bharat TRN13078,Vande Bharat
TRN14516,Passenger TRN14516,Passenger
TRN11853,Rajdhani TRN11853,Rajdhani
TRN10740,Vande Bharat TRN10740,Vande Bharat
TRN14233,Rajdhani TRN14233,Rajdhani
TRN12152,Vande Bharat TRN12152,Vande Bharat
TRN10752,Vande Bharat TRN10752,Vande Bharat
TRN12310,Rajdhani TRN12310,Rajdhani
TRN14952,Rajdhani TRN14952,Rajdhani
TRN12336,Shatabdi TRN12336,Shatabdi
TRN14051,Rajdhani TRN14051,Rajdhani
TRN11690,Passenger TRN11690,Passenger
TRN13647,Superfast TRN13647,Superfast
TRN14280,Superfast TRN14280,Superfast
TRN13688,Rajdhani TRN13688,Rajdhani
TRN11255,Vande Bharat TRN11255,Vande Bharat
TRN13504,Shatabdi TRN13504,Shatabdi
TRN12762,Vande Bharat TRN12762,Vande Bharat
TRN10942,Superfast TRN10942,Superfast
TRN11645,Rajdhani TRN11645,Rajdhani
TRN11813,Shatabdi TRN11813,Shatabdi
TRN12337,Vande Bharat TRN12337,Vande Bharat
TRN11928,Rajdhani TRN11928,Rajdhani
TRN14970,Shatabdi TRN14970,Shatabdi
TRN12556,Shatabdi TRN12556,Shatabdi
TRN12552,Superfast TRN12552,Superfast
TRN10869,Passenger TRN10869,Passenger
TRN13791,Express TRN13791,Express
TRN11897,Rajdhani TRN11897,Rajdhani
TRN14784,Rajdhani TRN14784,Rajdhani
TRN14495,Vande Bharat TRN14495,Vande Bharat
TRN14820,Rajdhani TRN14820,Rajdhani
TRN10271,Vande Bharat TRN10271,Vande Bharat
TRN11456,Rajdhani TRN11456,Rajdhani
TRN11005,Shatabdi TRN11005,Shatabdi
TRN12399,Rajdhani TRN12399,Rajdhani
TRN11543,Passenger TRN11543,Passenger
TRN14558,Rajdhani TRN14558,Rajdhani
TRN14409,Passenger TRN14409,Passenger
TRN14756,Vande Bharat TRN14756,Vande Bharat
TRN11667,Vande Bharat TRN11667,Vande Bharat
TRN12980,Rajdhani TRN12980,Rajdhani
TRN12041,Passenger TRN12041,Passenger
TRN11415,Vande Bharat TRN11415,Vande Bharat
TRN12338,Rajdhani TRN12338,Rajdhani
TRN10100,Passenger TRN10100,Passenger
TRN11087,Shatabdi TRN11087,Shatabdi
TRN10495,Shatabdi TRN10495,Shatabdi
TRN11433,Superfast TRN11433,Superfast
TRN13408,Rajdhani TRN13408,Rajdhani
TRN11785,Vande Bharat TRN11785,Vande Bharat
TRN14193,Vande Bharat TRN14193,Vande Bharat
TRN11209,Shatabdi TRN11209,Shatabdi
TRN12683,Vande Bharat TRN12683,Vande Bharat
TRN13112,Rajdhani TRN13112,Rajdhani
TRN13643,Vande Bharat TRN13643,Vande Bharat
TRN12972,Superfast TRN12972,Superfast
TRN10045,Shatabdi TRN10045,Shatabdi
TRN13085,Rajdhani TRN13085,Rajdhani
TRN11883,Rajdhani TRN11883,Rajdhani
TRN13460,Vande Bharat TRN13460,Vande Bharat
TRN12683,Shatabdi TRN12683,Shatabdi
TRN10615,Passenger TRN10615,Passenger
TRN12903,Rajdhani TRN12903,Rajdhani
TRN14595,Shatabdi TRN14595,Shatabdi
TRN13362,Shatabdi TRN13362,Shatabdi
TRN12015,Express TRN12015,Express
TRN10995,Shatabdi TRN10995,Shatabdi
TRN14066,Rajdhani TRN14066,Rajdhani
TRN13257,Superfast TRN13257,Superfast
TRN11018,Rajdhani TRN11018,Rajdhani
TRN13886,Rajdhani TRN13886,Rajdhani
TRN10533,Vande Bharat TRN10533,Vande Bharat
TRN13067,Vande Bharat TRN13067,Vande Bharat
TRN10964,Passenger TRN10964,Passenger
TRN13179,Rajdhani TRN13179,Rajdhani
TRN14567,Rajdhani TRN14567,Rajdhani
TRN12490,Shatabdi TRN12490,Shatabdi
TRN13120,Superfast TRN13120,Superfast
TRN10874,Rajdhani TRN10874,Rajdhani
TRN11321,Rajdhani TRN11321,Rajdhani
TRN11342,Rajdhani TRN11342,Rajdhani
TRN13374,Rajdhani TRN13374,Rajdhani
TRN10506,Vande Bharat TRN10506,Vande Bharat
TRN10091,Shatabdi TRN10091,Shatabdi
TRN10079,Rajdhani TRN10079,Rajdhani
TRN11835,Vande Bharat TRN11835,Vande Bharat
TRN13515,Superfast TRN13515,Superfast
TRN12938,Shatabdi TRN12938,Shatabdi
TRN14237,Express TRN14237,Express
TRN11614,Rajdhani TRN11614,Rajdhani
TRN11444,Shatabdi TRN11444,Shatabdi
TRN10309,Shatabdi TRN10309,Shatabdi
TRN12018,Vande Bharat TRN12018,Vande Bharat
TRN13122,Shatabdi TRN13122,Shatabdi
TRN10159,Shatabdi TRN10159,Shatabdi
TRN12398,Shatabdi TRN12398,Shatabdi
TRN14528,Shatabdi TRN14528,Shatabdi
TRN12144,Vande Bharat TRN12144,Vande Bharat
TRN11621,Vande Bharat TRN11621,Vande Bharat
TRN12939,Rajdhani TRN12939,Rajdhani
TRN13630,Shatabdi TRN13630,Shatabdi
TRN10440,Passenger TRN10440,Passenger
TRN12447,Shatabdi TRN12447,Shatabdi
TRN12322,Vande Bharat TRN12322,Vande Bharat
TRN13391,Shatabdi TRN13391,Shatabdi
TRN11721,Rajdhani TRN11721,Rajdhani
TRN14278,Shatabdi TRN14278,Shatabdi
TRN14253,Passenger TRN14253,Passenger
TRN14888,Vande Bharat TRN14888,Vande Bharat
TRN14035,Vande Bharat TRN14035,Vande Bharat
TRN12426,Rajdhani TRN12426,Rajdhani
TRN14479,Express TRN14479,Express
TRN14536,Vande Bharat TRN14536,Vande Bharat
TRN11848,Vande Bharat TRN11848,Vande Bharat
TRN11797,Vande Bharat TRN11797,Vande Bharat
TRN11162,Rajdhani TRN11162,Rajdhani
TRN10022,Shatabdi TRN10022,Shatabdi
TRN12371,Shatabdi TRN12371,Shatabdi
TRN11341,Express TRN11341,Express
TRN11361,Superfast TRN11361,Superfast
TRN13842,Vande Bharat TRN13842,Vande Bharat
TRN14433,Shatabdi TRN14433,Shatabdi
TRN13169,Vande Bharat TRN13169,Vande Bharat
TRN13985,Rajdhani TRN13985,Rajdhani
TRN11195,Rajdhani TRN11195,Rajdhani
TRN10470,Rajdhani TRN10470,Rajdhani
TRN14169,Shatabdi TRN14169,Shatabdi
TRN13549,Rajdhani TRN13549,Rajdhani
TRN11357,Superfast TRN11357,Superfast
TRN12975,Shatabdi TRN12975,Shatabdi
TRN10630,Rajdhani TRN10630,Rajdhani
TRN14675,Superfast TRN14675,Superfast
TRN10410,Express TRN10410,Express
TRN11252,Vande Bharat TRN11252,Vande Bharat
TRN14843,Rajdhani TRN14843,Rajdhani
TRN13961,Passenger TRN13961,Passenger
TRN13248,Vande Bharat TRN13248,Vande Bharat
TRN14482,Passenger TRN14482,Passenger
TRN13373,Passenger TRN13373,Passenger
TRN10652,Express TRN10652,Express
TRN10017,Shatabdi TRN10017,Shatabdi
TRN11675,Shatabdi TRN11675,Shatabdi
TRN13470,Express TRN13470,Express
TRN12568,Vande Bharat TRN12568,Vande Bharat
TRN13070,Shatabdi TRN13070,Shatabdi
TRN10449,Vande Bharat TRN10449,Vande Bharat
TRN13062,Shatabdi TRN13062,Shatabdi
TRN10664,Rajdhani TRN10664,Rajdhani
TRN10786,Superfast TRN10786,Superfast
TRN12375,Rajdhani TRN12375,Rajdhani
TRN14626,Vande Bharat TRN14626,Vande Bharat
TRN13403,Passenger TRN13403,Passenger
TRN11209,Rajdhani TRN11209,Rajdhani
TRN11926,Shatabdi TRN11926,Shatabdi
TRN10916,Shatabdi TRN10916,Shatabdi
TRN13376,Superfast TRN13376,Superfast
TRN10997,Rajdhani TRN10997,Rajdhani
TRN14238,Rajdhani TRN14238,Rajdhani
TRN12928,Vande Bharat TRN12928,Vande Bharat
TRN10572,Rajdhani TRN10572,Rajdhani
TRN12926,Shatabdi TRN12926,Shatabdi
TRN10610,Shatabdi TRN10610,Shatabdi
TRN12038,Superfast TRN12038,Superfast
TRN12911,Vande Bharat TRN12911,Vande Bharat
TRN10133,Vande Bharat TRN10133,Vande Bharat
TRN12555,Shatabdi TRN12555,Shatabdi
TRN10191,Rajdhani TRN10191,Rajdhani
TRN12750,Rajdhani TRN12750,Rajdhani
TRN13884,Shatabdi TRN13884,Shatabdi
TRN12510,Vande Bharat TRN12510,Vande Bharat
TRN14855,Rajdhani TRN14855,Rajdhani
TRN14476,Vande Bharat TRN14476,Vande Bharat
TRN13645,Vande Bharat TRN13645,Vande Bharat
TRN14956,Vande Bharat TRN14956,Vande Bharat
TRN14113,Rajdhani TRN14113,Rajdhani
TRN14761,Rajdhani TRN14761,Rajdhani
TRN13731,Vande Bharat TRN13731,Vande Bharat
TRN10329,Shatabdi TRN10329,Shatabdi
TRN12584,Rajdhani TRN12584,Rajdhani
TRN11029,Shatabdi TRN11029,Shatabdi
TRN14036,Rajdhani TRN14036,Rajdhani
TRN14940,Rajdhani TRN14940,Rajdhani
TRN10839,Passenger TRN10839,Passenger
TRN12778,Vande Bharat TRN12778,Vande Bharat
TRN13572,Shatabdi TRN13572,Shatabdi
TRN13140,Superfast TRN13140,Superfast
TRN11068,Vande Bharat TRN11068,Vande Bharat
TRN10205,Passenger TRN10205,Passenger
TRN11257,Vande Bharat TRN11257,Vande Bharat
TRN14541,Rajdhani TRN14541,Rajdhani
TRN10534,Superfast TRN10534,Superfast
TRN12531,Shatabdi TRN12531,Shatabdi
TRN10911,Rajdhani TRN10911,Rajdhani
TRN11151,Rajdhani TRN11151,Rajdhani
TRN14016,Vande Bharat TRN14016,Vande Bharat
TRN13668,Superfast TRN13668,Superfast
TRN13548,Shatabdi TRN13548,Shatabdi
TRN14846,Vande Bharat TRN14846,Vande Bharat
TRN12645,Vande Bharat TRN12645,Vande Bharat
TRN12875,Rajdhani TRN12875,Rajdhani
TRN12588,Shatabdi TRN12588,Shatabdi
TRN10415,Shatabdi TRN10415,Shatabdi
TRN14957,Vande Bharat TRN14957,Vande Bharat
TRN12285,Rajdhani TRN12285,Rajdhani
TRN12720,Passenger TRN12720,Passenger
TRN12664,Shatabdi TRN12664,Shatabdi
TRN12481,Vande Bharat TRN12481,Vande Bharat
TRN14965,Passenger TRN14965,Passenger
TRN10565,Shatabdi TRN10565,Shatabdi
TRN11827,Shatabdi TRN11827,Shatabdi
TRN11830,Vande Bharat TRN11830,Vande Bharat
TRN11356,Rajdhani TRN11356,Rajdhani
TRN11118,Shatabdi TRN11118,Shatabdi
TRN11122,Shatabdi TRN11122,Shatabdi
TRN13570,Shatabdi TRN13570,Shatabdi
TRN10935,Rajdhani TRN10935,Rajdhani
TRN10266,Rajdhani TRN10266,Rajdhani
TRN11390,Rajdhani TRN11390,Rajdhani
TRN10634,Rajdhani TRN10634,Rajdhani
TRN11153,Rajdhani TRN11153,Rajdhani
TRN11576,Passenger TRN11576,Passenger
TRN13333,Express TRN13333,Express
TRN14347,Rajdhani TRN14347,Rajdhani
TRN12263,Shatabdi TRN12263,Shatabdi
TRN10098,Rajdhani TRN10098,Rajdhani
TRN13367,Rajdhani TRN13367,Rajdhani
TRN10265,Passenger TRN10265,Passenger
TRN13077,Rajdhani TRN13077,Rajdhani
TRN10042,Vande Bharat TRN10042,Vande Bharat
TRN13858,Shatabdi TRN13858,Shatabdi
TRN14813,Passenger TRN14813,Passenger
TRN10303,Vande Bharat TRN10303,Vande Bharat
TRN14898,Rajdhani TRN14898,Rajdhani
TRN10355,Shatabdi TRN10355,Shatabdi
TRN10741,Shatabdi TRN10741,Shatabdi
TRN13933,Vande Bharat TRN13933,Vande Bharat
TRN13778,Rajdhani TRN13778,Rajdhani
TRN13450,Rajdhani TRN13450,Rajdhani
TRN11077,Shatabdi TRN11077,Shatabdi
TRN11745,Passenger TRN11745,Passenger
TRN11703,Rajdhani TRN11703,Rajdhani
TRN12432,Vande Bharat TRN12432,Vande Bharat
TRN12169,Passenger TRN12169,Passenger
TRN13418,Shatabdi TRN13418,Shatabdi
TRN10302,Rajdhani TRN10302,Rajdhani
TRN11960,Rajdhani TRN11960,Rajdhani
TRN14887,Vande Bharat TRN14887,Vande Bharat
TRN12324,Vande Bharat TRN12324,Vande Bharat
TRN10551,Vande Bharat TRN10551,Vande Bharat
TRN11781,Express TRN11781,Express
TRN14277,Vande Bharat TRN14277,Vande Bharat
TRN14718,Vande Bharat TRN14718,Vande Bharat
TRN10940,Shatabdi TRN10940,Shatabdi
TRN10951,Shatabdi TRN10951,Shatabdi
TRN11295,Shatabdi TRN11295,Shatabdi
TRN11135,Rajdhani TRN11135,Rajdhani
TRN14050,Shatabdi TRN14050,Shatabdi
TRN11757,Shatabdi TRN11757,Shatabdi
TRN10497,Rajdhani TRN10497,Rajdhani
TRN10484,Vande Bharat TRN10484,Vande Bharat
TRN12130,Vande Bharat TRN12130,Vande Bharat
TRN10569,Rajdhani TRN10569,Rajdhani
TRN10721,Passenger TRN10721,Passenger
TRN14812,Rajdhani TRN14812,Rajdhani
TRN14787,Shatabdi TRN14787,Shatabdi
TRN14618,Rajdhani TRN14618,Rajdhani
TRN10702,Shatabdi TRN10702,Shatabdi
TRN12098,Passenger TRN12098,Passenger
TRN14223,Passenger TRN14223,Passenger
TRN11448,Vande Bharat TRN11448,Vande Bharat
TRN11609,Vande Bharat TRN11609,Vande Bharat
TRN12889,Shatabdi TRN12889,Shatabdi
TRN13555,Express TRN13555,Express
TRN11874,Shatabdi TRN11874,Shatabdi
TRN13053,Rajdhani TRN13053,Rajdhani
TRN10110,Shatabdi TRN10110,Shatabdi
TRN13219,Shatabdi TRN13219,Shatabdi
TRN11107,Shatabdi TRN11107,Shatabdi
TRN10177,Shatabdi TRN10177,Shatabdi
TRN14411,Vande Bharat TRN14411,Vande Bharat
TRN13061,Rajdhani TRN13061,Rajdhani
TRN13439,Shatabdi TRN13439,Shatabdi
TRN10404,Vande Bharat TRN10404,Vande Bharat
TRN13708,Shatabdi TRN13708,Shatabdi
TRN11260,Express TRN11260,Express
TRN13066,Vande Bharat TRN13066,Vande Bharat
TRN11438,Vande Bharat TRN11438,Vande Bharat
TRN14774,Passenger TRN14774,Passenger
TRN14727,Vande Bharat TRN14727,Vande Bharat
TRN13073,Vande Bharat TRN13073,Vande Bharat
TRN12726,Rajdhani TRN12726,Rajdhani
TRN10730,Passenger TRN10730,Passenger
TRN12208,Vande Bharat TRN12208,Vande Bharat
TRN10981,Shatabdi TRN10981,Shatabdi
TRN11157,Vande Bharat TRN11157,Vande Bharat
TRN10786,Vande Bharat TRN10786,Vande Bharat
TRN10432,Shatabdi TRN10432,Shatabdi
TRN14751,Shatabdi TRN14751,Shatabdi
TRN10055,Rajdhani TRN10055,Rajdhani
TRN14838,Shatabdi TRN14838,Shatabdi
TRN10211,Shatabdi TRN10211,Shatabdi
TRN10653,Vande Bharat TRN10653,Vande Bharat
TRN12556,Rajdhani TRN12556,Rajdhani
TRN13366,Vande Bharat TRN13366,Vande Bharat
TRN14678,Passenger TRN14678,Passenger
TRN11057,Rajdhani TRN11057,Rajdhani
TRN10901,Vande Bharat TRN10901,Vande Bharat
TRN13785,Shatabdi TRN13785,Shatabdi
TRN14201,Shatabdi TRN14201,Shatabdi
TRN10388,Rajdhani TRN10388,Rajdhani
TRN13398,Vande Bharat TRN13398,Vande Bharat
TRN11227,Shatabdi TRN11227,Shatabdi
TRN13879,Vande Bharat TRN13879,Vande Bharat
TRN12777,Rajdhani TRN12777,Rajdhani
TRN10668,Shatabdi TRN10668,Shatabdi
TRN12496,Rajdhani TRN12496,Rajdhani
TRN13337,Vande Bharat TRN13337,Vande Bharat
TRN13490,Shatabdi TRN13490,Shatabdi
TRN14466,Vande Bharat TRN14466,Vande Bharat
TRN12535,Shatabdi TRN12535,Shatabdi
TRN13277,Shatabdi TRN13277,Shatabdi
TRN10616,Rajdhani TRN10616,Rajdhani
TRN12047,Passenger TRN12047,Passenger
TRN12872,Passenger TRN12872,Passenger
TRN10659,Rajdhani TRN10659,Rajdhani
TRN12005,Vande Bharat TRN12005,Vande Bharat
TRN14679,Rajdhani TRN14679,Rajdhani
TRN10959,Vande Bharat TRN10959,Vande Bharat
TRN11810,Vande Bharat TRN11810,Vande Bharat
TRN13715,Shatabdi TRN13715,Shatabdi
TRN11541,Shatabdi TRN11541,Shatabdi
TRN13583,Vande Bharat TRN13583,Vande Bharat
TRN11322,Vande Bharat TRN11322,Vande Bharat
TRN10331,Shatabdi TRN10331,Shatabdi
TRN13705,Passenger TRN13705,Passenger
TRN14000,Rajdhani TRN14000,Rajdhani
TRN14408,Shatabdi TRN14408,Shatabdi
TRN11631,Shatabdi TRN11631,Shatabdi
TRN14178,Rajdhani TRN14178,Rajdhani
TRN10334,Rajdhani TRN10334,Rajdhani
TRN11081,Passenger TRN11081,Passenger
TRN10522,Rajdhani TRN10522,Rajdhani
TRN11788,Vande Bharat TRN11788,Vande Bharat
TRN13671,Rajdhani TRN13671,Rajdhani
TRN10898,Passenger TRN10898,Passenger
TRN10521,Shatabdi TRN10521,Shatabdi
TRN12557,Shatabdi TRN12557,Shatabdi
TRN11002,Vande Bharat TRN11002,Vande Bharat
TRN14381,Vande Bharat TRN14381,Vande Bharat
TRN10799,Shatabdi TRN10799,Shatabdi
TRN13008,Passenger TRN13008,Passenger
TRN11344,Vande Bharat TRN11344,Vande Bharat
TRN10573,Vande Bharat TRN10573,Vande Bharat
TRN10725,Superfast TRN10725,Superfast
TRN12380,Shatabdi TRN12380,Shatabdi
TRN11772,Vande Bharat TRN11772,Vande Bharat
TRN13232,Vande Bharat TRN13232,Vande Bharat
TRN14910,Rajdhani TRN14910,Rajdhani
TRN11064,Vande Bharat TRN11064,Vande Bharat
TRN13617,Vande Bharat TRN13617,Vande Bharat
TRN13980,Vande Bharat TRN13980,Vande Bharat
TRN14387,Express TRN14387,Express
TRN10583,Shatabdi TRN10583,Shatabdi
TRN12732,Rajdhani TRN12732,Rajdhani
TRN14589,Rajdhani TRN14589,Rajdhani
TRN14238,Passenger TRN14238,Passenger
TRN14041,Passenger TRN14041,Passenger
TRN14220,Rajdhani TRN14220,Rajdhani
TRN12346,Shatabdi TRN12346,Shatabdi
TRN11894,Vande Bharat TRN11894,Vande Bharat
TRN10938,Vande Bharat TRN10938,Vande Bharat
TRN11323,Shatabdi TRN11323,Shatabdi
TRN11851,Vande Bharat TRN11851,Vande Bharat
TRN12117,Rajdhani TRN12117,Rajdhani
TRN10320,Passenger TRN10320,Passenger
TRN11531,Express TRN11531,Express
TRN13592,Rajdhani TRN13592,Rajdhani
TRN11592,Shatabdi TRN11592,Shatabdi
TRN12535,Rajdhani TRN12535,Rajdhani
TRN10164,Vande Bharat TRN10164,Vande Bharat
TRN14225,Rajdhani TRN14225,Rajdhani
TRN11473,Rajdhani TRN11473,Rajdhani
TRN13350,Passenger TRN13350,Passenger
TRN12326,Shatabdi TRN12326,Shatabdi
TRN13232,Shatabdi TRN13232,Shatabdi
TRN10705,Vande Bharat TRN10705,Vande Bharat
TRN13750,Rajdhani TRN13750,Rajdhani
TRN13045,Superfast TRN13045,Superfast
TRN14142,Rajdhani TRN14142,Rajdhani
TRN10111,Shatabdi TRN10111,Shatabdi
TRN14412,Passenger TRN14412,Passenger
TRN11549,Vande Bharat TRN11549,Vande Bharat
TRN11886,Rajdhani TRN11886,Rajdhani
TRN11646,Shatabdi TRN11646,Shatabdi
TRN13052,Superfast TRN13052,Superfast
TRN14576,Shatabdi TRN14576,Shatabdi
TRN11729,Express TRN11729,Express
TRN14295,Shatabdi TRN14295,Shatabdi
TRN13330,Rajdhani TRN13330,Rajdhani
TRN12261,Rajdhani TRN12261,Rajdhani
TRN10876,Shatabdi TRN10876,Shatabdi
TRN11942,Rajdhani TRN11942,Rajdhani
TRN14226,Vande Bharat TRN14226,Vande Bharat
TRN12070,Shatabdi TRN12070,Shatabdi
TRN11301,Rajdhani TRN11301,Rajdhani
TRN14637,Shatabdi TRN14637,Shatabdi
TRN12128,Shatabdi TRN12128,Shatabdi
TRN14718,Shatabdi TRN14718,Shatabdi
TRN13439,Vande Bharat TRN13439,Vande Bharat
TRN14949,Rajdhani TRN14949,Rajdhani
TRN10772,Rajdhani TRN10772,Rajdhani
TRN13502,Passenger TRN13502,Passenger
TRN11011,Shatabdi TRN11011,Shatabdi
TRN13776,Vande Bharat TRN13776,Vande Bharat
TRN14319,Vande Bharat TRN14319,Vande Bharat
TRN11090,Rajdhani TRN11090,Rajdhani
TRN12212,Rajdhani TRN12212,Rajdhani
TRN14471,Vande Bharat TRN14471,Vande Bharat
TRN10413,Rajdhani TRN10413,Rajdhani
TRN10065,Shatabdi TRN10065,Shatabdi
TRN10958,Vande Bharat TRN10958,Vande Bharat
TRN14271,Shatabdi TRN14271,Shatabdi
TRN14623,Vande Bharat TRN14623,Vande Bharat
TRN14730,Passenger TRN14730,Passenger
TRN14658,Superfast TRN14658,Superfast
TRN13567,Shatabdi TRN13567,Shatabdi
TRN13051,Superfast TRN13051,Superfast
TRN12574,Shatabdi TRN12574,Shatabdi
TRN13197,Vande Bharat TRN13197,Vande Bharat
TRN12856,Rajdhani TRN12856,Rajdhani
TRN13019,Shatabdi TRN13019,Shatabdi
TRN13330,Vande Bharat TRN13330,Vande Bharat
TRN13419,Vande Bharat TRN13419,Vande Bharat
TRN10252,Superfast TRN10252,Superfast
TRN12797,Rajdhani TRN12797,Rajdhani
TRN10475,Shatabdi TRN10475,Shatabdi
TRN14728,Rajdhani TRN14728,Rajdhani
TRN11822,Passenger TRN11822,Passenger
TRN12179,Vande Bharat TRN12179,Vande Bharat
TRN12931,Vande Bharat TRN12931,Vande Bharat
TRN12828,Shatabdi TRN12828,Shatabdi
TRN11739,Superfast TRN11739,Superfast
TRN10250,Shatabdi TRN10250,Shatabdi
TRN12993,Vande Bharat TRN12993,Vande Bharat
TRN13356,Shatabdi TRN13356,Shatabdi
TRN12922,Vande Bharat TRN12922,Vande Bharat
TRN13785,Rajdhani TRN13785,Rajdhani
TRN10017,Passenger TRN10017,Passenger
TRN13828,Vande Bharat TRN13828,Vande Bharat
TRN11551,Shatabdi TRN11551,Shatabdi
TRN10061,Passenger TRN10061,Passenger
TRN11861,Superfast TRN11861,Superfast
TRN13937,Vande Bharat TRN13937,Vande Bharat
TRN14280,Shatabdi TRN14280,Shatabdi
TRN10624,Superfast TRN10624,Superfast
TRN13129,Shatabdi TRN13129,Shatabdi
TRN10949,Vande Bharat TRN10949,Vande Bharat
TRN10804,Rajdhani TRN10804,Rajdhani
TRN14422,Superfast TRN14422,Superfast
TRN10011,Shatabdi TRN10011,Shatabdi
TRN12874,Rajdhani TRN12874,Rajdhani
TRN10976,Rajdhani TRN10976,Rajdhani
TRN14576,Superfast TRN14576,Superfast
TRN13573,Passenger TRN13573,Passenger
TRN11201,Rajdhani TRN11201,Rajdhani
TRN11225,Shatabdi TRN11225,Shatabdi
TRN11573,Rajdhani TRN11573,Rajdhani
TRN13203,Superfast TRN13203,Superfast
TRN13880,Vande Bharat TRN13880,Vande Bharat
TRN13561,Superfast TRN13561,Superfast
TRN10680,Shatabdi TRN10680,Shatabdi
TRN10713,Rajdhani TRN10713,Rajdhani
TRN11283,Shatabdi TRN11283,Shatabdi
TRN11404,Superfast TRN11404,Superfast
TRN11066,Vande Bharat TRN11066,Vande Bharat
TRN12419,Vande Bharat TRN12419,Vande Bharat
TRN11051,Vande Bharat TRN11051,Vande Bharat
TRN11675,Rajdhani TRN11675,Rajdhani
TRN13593,Vande Bharat TRN13593,Vande Bharat
TRN10498,Passenger TRN10498,Passenger
TRN12958,Passenger TRN12958,Passenger
TRN10267,Shatabdi TRN10267,Shatabdi
TRN10719,Vande Bharat TRN10719,Vande Bharat
TRN14714,Rajdhani TRN14714,Rajdhani
TRN14531,Rajdhani TRN14531,Rajdhani
TRN14490,Passenger TRN14490,Passenger
TRN12727,Vande Bharat TRN12727,Vande Bharat
TRN14422,Vande Bharat TRN14422,Vande Bharat
TRN11518,Vande Bharat TRN11518,Vande Bharat
TRN11674,Passenger TRN11674,Passenger
TRN12849,Rajdhani TRN12849,Rajdhani
TRN14947,Passenger TRN14947,Passenger
TRN14247,Rajdhani TRN14247,Rajdhani
TRN13628,Shatabdi TRN13628,Shatabdi
TRN11193,Vande Bharat TRN11193,Vande Bharat
TRN13035,Vande Bharat TRN13035,Vande Bharat
TRN10205,Rajdhani TRN10205,Rajdhani
TRN14743,Shatabdi TRN14743,Shatabdi
TRN14103,Vande Bharat TRN14103,Vande Bharat
TRN12371,Vande Bharat TRN12371,Vande Bharat
TRN11687,Passenger TRN11687,Passenger
TRN12900,Passenger TRN12900,Passenger
TRN10377,Shatabdi TRN10377,Shatabdi
TRN10799,Vande Bharat TRN10799,Vande Bharat
TRN12607,Vande Bharat TRN12607,Vande Bharat
TRN11474,Passenger TRN11474,Passenger
TRN10380,Vande Bharat TRN10380,Vande Bharat
TRN11400,Rajdhani TRN11400,Rajdhani
TRN13690,Passenger TRN13690,Passenger
TRN11170,Vande Bharat TRN11170,Vande Bharat
TRN10654,Rajdhani TRN10654,Rajdhani
TRN13813,Vande Bharat TRN13813,Vande Bharat
TRN10322,Vande Bharat TRN10322,Vande Bharat
TRN14574,Vande Bharat TRN14574,Vande Bharat
TRN12406,Shatabdi TRN12406,Shatabdi
TRN11857,Vande Bharat TRN11857,Vande Bharat
TRN12881,Vande Bharat TRN12881,Vande Bharat
TRN10140,Rajdhani TRN10140,Rajdhani
TRN13493,Vande Bharat TRN13493,Vande Bharat
TRN12822,Vande Bharat TRN12822,Vande Bharat
TRN14677,Rajdhani TRN14677,Rajdhani
TRN11148,Shatabdi TRN11148,Shatabdi
TRN13179,Vande Bharat TRN13179,Vande Bharat
TRN13761,Passenger TRN13761,Passenger
TRN13807,Vande Bharat TRN13807,Vande Bharat
TRN12850,Rajdhani TRN12850,Rajdhani
TRN10928,Rajdhani TRN10928,Rajdhani
TRN10513,Vande Bharat TRN10513,Vande Bharat
TRN14043,Passenger TRN14043,Passenger
TRN14790,Rajdhani TRN14790,Rajdhani
TRN10354,Vande Bharat TRN10354,Vande Bharat
TRN10670,Rajdhani TRN10670,Rajdhani
TRN14079,Shatabdi TRN14079,Shatabdi
TRN11797,Rajdhani TRN11797,Rajdhani
TRN13717,Vande Bharat TRN13717,Vande Bharat
TRN11747,Rajdhani TRN11747,Rajdhani
TRN12254,Rajdhani TRN12254,Rajdhani
TRN12211,Shatabdi TRN12211,Shatabdi
TRN11384,Vande Bharat TRN11384,Vande Bharat
TRN14062,Shatabdi TRN14062,Shatabdi
TRN14488,Vande Bharat TRN14488,Vande Bharat
TRN14886,Superfast TRN14886,Superfast
TRN13326,Rajdhani TRN13326,Rajdhani
TRN13173,Vande Bharat TRN13173,Vande Bharat
TRN11226,Superfast TRN11226,Superfast
TRN10270,Shatabdi TRN10270,Shatabdi
TRN14537,Vande Bharat TRN14537,Vande Bharat
TRN13068,Vande Bharat TRN13068,Vande Bharat
TRN10621,Passenger TRN10621,Passenger
TRN13375,Rajdhani TRN13375,Rajdhani
TRN12828,Vande Bharat TRN12828,Vande Bharat
TRN11026,Vande Bharat TRN11026,Vande Bharat
TRN12970,Rajdhani TRN12970,Rajdhani
TRN11329,Shatabdi TRN11329,Shatabdi
TRN13772,Rajdhani TRN13772,Rajdhani
TRN11160,Vande Bharat TRN11160,Vande Bharat
TRN13410,Passenger TRN13410,Passenger
TRN11503,Vande Bharat TRN11503,Vande Bharat
TRN10414,Rajdhani TRN10414,Rajdhani
TRN13989,Vande Bharat TRN13989,Vande Bharat
TRN11932,Rajdhani TRN11932,Rajdhani
TRN13106,Vande Bharat TRN13106,Vande Bharat
TRN12866,Vande Bharat TRN12866,Vande Bharat
TRN13573,Rajdhani TRN13573,Rajdhani
TRN13352,Shatabdi TRN13352,Shatabdi
TRN11188,Passenger TRN11188,Passenger
TRN13160,Shatabdi TRN13160,Shatabdi
TRN10854,Vande Bharat TRN10854,Vande Bharat
TRN10431,Shatabdi TRN10431,Shatabdi
TRN11921,Rajdhani TRN11921,Rajdhani
TRN13353,Rajdhani TRN13353,Rajdhani
TRN10361,Superfast TRN10361,Superfast
TRN11285,Shatabdi TRN11285,Shatabdi
TRN10570,Rajdhani TRN10570,Rajdhani
TRN14184,Vande Bharat TRN14184,Vande Bharat
TRN13780,Shatabdi TRN13780,Shatabdi
TRN12887,Shatabdi TRN12887,Shatabdi
TRN12203,Shatabdi TRN12203,Shatabdi
TRN12039,Passenger TRN12039,Passenger
TRN11859,Passenger TRN11859,Passenger
TRN12981,Rajdhani TRN12981,Rajdhani
TRN14010,Rajdhani TRN14010,Rajdhani
TRN11796,Rajdhani TRN11796,Rajdhani
TRN10814,Express TRN10814,Express
TRN13762,Rajdhani TRN13762,Rajdhani
TRN13749,Shatabdi TRN13749,Shatabdi
TRN11108,Passenger TRN11108,Passenger
TRN10409,Shatabdi TRN10409,Shatabdi
TRN14616,Superfast TRN14616,Superfast
TRN12154,Rajdhani TRN12154,Rajdhani
TRN12997,Passenger TRN12997,Passenger
TRN12744,Rajdhani TRN12744,Rajdhani
TRN14137,Vande Bharat TRN14137,Vande Bharat
TRN10957,Shatabdi TRN10957,Shatabdi
TRN13032,Rajdhani TRN13032,Rajdhani
TRN13395,Vande Bharat TRN13395,Vande Bharat
TRN11592,Rajdhani TRN11592,Rajdhani
TRN14321,Rajdhani TRN14321,Rajdhani
TRN14513,Rajdhani TRN14513,Rajdhani
TRN12730,Vande Bharat TRN12730,Vande Bharat
TRN13861,Shatabdi TRN13861,Shatabdi
TRN14102,Vande Bharat TRN14102,Vande Bharat
TRN14662,Rajdhani TRN14662,Rajdhani
TRN12705,Vande Bharat TRN12705,Vande Bharat
TRN10280,Rajdhani TRN10280,Rajdhani
TRN14021,Rajdhani TRN14021,Rajdhani
TRN13394,Vande Bharat TRN13394,Vande Bharat
TRN12469,Passenger TRN12469,Passenger
TRN13617,Express TRN13617,Express
TRN13302,Vande Bharat TRN13302,Vande Bharat
TRN12014,Shatabdi TRN12014,Shatabdi
TRN14968,Rajdhani TRN14968,Rajdhani
TRN10435,Shatabdi TRN10435,Shatabdi
TRN13102,Express TRN13102,Express
TRN13504,Passenger TRN13504,Passenger
TRN13170,Shatabdi TRN13170,Shatabdi
TRN11762,Rajdhani TRN11762,Rajdhani
TRN13465,Express TRN13465,Express
TRN11647,Express TRN11647,Express
TRN12256,Shatabdi TRN12256,Shatabdi
TRN11180,Rajdhani TRN11180,Rajdhani
TRN11640,Rajdhani TRN11640,Rajdhani
TRN13927,Vande Bharat TRN13927,Vande Bharat
TRN10660,Rajdhani TRN10660,Rajdhani
TRN12272,Vande Bharat TRN12272,Vande Bharat
TRN13476,Superfast TRN13476,Superfast
TRN10497,Superfast TRN10497,Superfast
TRN12529,Rajdhani TRN12529,Rajdhani
TRN12215,Shatabdi TRN12215,Shatabdi
TRN13852,Vande Bharat TRN13852,Vande Bharat
TRN10548,Vande Bharat TRN10548,Vande Bharat
TRN13282,Vande Bharat TRN13282,Vande Bharat
TRN10764,Vande Bharat TRN10764,Vande Bharat
TRN14719,Vande Bharat TRN14719,Vande Bharat
TRN11697,Shatabdi TRN11697,Shatabdi
TRN14688,Express TRN14688,Express
TRN13543,Vande Bharat TRN13543,Vande Bharat
TRN10514,Rajdhani TRN10514,Rajdhani
TRN13194,Rajdhani TRN13194,Rajdhani
TRN12626,Shatabdi TRN12626,Shatabdi
TRN14538,Vande Bharat TRN14538,Vande Bharat
TRN10608,Vande Bharat TRN10608,Vande Bharat
TRN10373,Vande Bharat TRN10373,Vande Bharat
TRN11127,Vande Bharat TRN11127,Vande Bharat
TRN11282,Vande Bharat TRN11282,Vande Bharat
TRN11803,Shatabdi TRN11803,Shatabdi
TRN10341,Rajdhani TRN10341,Rajdhani
TRN12536,Vande Bharat TRN12536,Vande Bharat
TRN14765,Vande Bharat TRN14765,Vande Bharat
TRN12388,Shatabdi TRN12388,Shatabdi
TRN11226,Rajdhani TRN11226,Rajdhani
TRN14834,Rajdhani TRN14834,Rajdhani
TRN13675,Vande Bharat TRN13675,Vande Bharat
TRN14024,Shatabdi TRN14024,Shatabdi
TRN14094,Shatabdi TRN14094,Shatabdi
TRN10337,Vande Bharat TRN10337,Vande Bharat
TRN14554,Vande Bharat TRN14554,Vande Bharat
TRN10947,Rajdhani TRN10947,Rajdhani
TRN10752,Passenger TRN10752,Passenger
TRN14560,Superfast TRN14560,Superfast
TRN14494,Vande Bharat TRN14494,Vande Bharat
TRN11199,Vande Bharat TRN11199,Vande Bharat
TRN10606,Rajdhani TRN10606,Rajdhani
TRN12101,Rajdhani TRN12101,Rajdhani
TRN11061,Rajdhani TRN11061,Rajdhani
TRN10462,Vande Bharat TRN10462,Vande Bharat
TRN12177,Rajdhani TRN12177,Rajdhani
TRN13339,Vande Bharat TRN13339,Vande Bharat
TRN13041,Rajdhani TRN13041,Rajdhani
TRN10754,Express TRN10754,Express
TRN12755,Vande Bharat TRN12755,Vande Bharat
TRN12215,Passenger TRN12215,Passenger
TRN10730,Rajdhani TRN10730,Rajdhani
TRN12520,Shatabdi TRN12520,Shatabdi
TRN13503,Vande Bharat TRN13503,Vande Bharat
TRN13635,Vande Bharat TRN13635,Vande Bharat
TRN13581,Rajdhani TRN13581,Rajdhani
TRN11232,Vande Bharat TRN11232,Vande Bharat
TRN14920,Passenger TRN14920,Passenger
TRN11322,Shatabdi TRN11322,Shatabdi
TRN13467,Shatabdi TRN13467,Shatabdi
TRN13628,Rajdhani TRN13628,Rajdhani
TRN12621,Shatabdi TRN12621,Shatabdi
TRN10023,Rajdhani TRN10023,Rajdhani
TRN13918,Shatabdi TRN13918,Shatabdi
TRN14697,Rajdhani TRN14697,Rajdhani
TRN11218,Passenger TRN11218,Passenger
TRN10207,Rajdhani TRN10207,Rajdhani
TRN13802,Passenger TRN13802,Passenger
TRN10256,Vande Bharat TRN10256,Vande Bharat
TRN12443,Vande Bharat TRN12443,Vande Bharat
TRN11852,Shatabdi TRN11852,Shatabdi
TRN11392,Rajdhani TRN11392,Rajdhani
TRN10797,Vande Bharat TRN10797,Vande Bharat
TRN13904,Rajdhani TRN13904,Rajdhani
TRN10235,Passenger TRN10235,Passenger
TRN13684,Rajdhani TRN13684,Rajdhani
TRN11506,Vande Bharat TRN11506,Vande Bharat
TRN13392,Rajdhani TRN13392,Rajdhani
TRN12341,Superfast TRN12341,Superfast
TRN12792,Rajdhani TRN12792,Rajdhani
TRN12055,Superfast TRN12055,Superfast
TRN10934,Vande Bharat TRN10934,Vande Bharat
TRN14299,Vande Bharat TRN14299,Vande Bharat
TRN13740,Rajdhani TRN13740,Rajdhani
TRN10212,Rajdhani TRN10212,Rajdhani
TRN14732,Vande Bharat TRN14732,Vande Bharat
TRN10598,Superfast TRN10598,Superfast
TRN11240,Vande Bharat TRN11240,Vande Bharat
TRN13905,Shatabdi TRN13905,Shatabdi
TRN14852,Vande Bharat TRN14852,Vande Bharat
TRN14227,Rajdhani TRN14227,Rajdhani
TRN13307,Express TRN13307,Express
TRN10298,Passenger TRN10298,Passenger
TRN13622,Rajdhani TRN13622,Rajdhani
TRN12758,Rajdhani TRN12758,Rajdhani
TRN11063,Vande Bharat TRN11063,Vande Bharat
TRN12431,Shatabdi TRN12431,Shatabdi
TRN14848,Vande Bharat TRN14848,Vande Bharat
TRN10403,Rajdhani TRN10403,Rajdhani
TRN13522,Rajdhani TRN13522,Rajdhani
TRN10637,Passenger TRN10637,Passenger
TRN12098,Vande Bharat TRN12098,Vande Bharat
TRN12304,Rajdhani TRN12304,Rajdhani
TRN13870,Vande Bharat TRN13870,Vande Bharat
TRN11807,Shatabdi TRN11807,Shatabdi
TRN13792,Vande Bharat TRN13792,Vande Bharat
TRN12861,Passenger TRN12861,Passenger
TRN13629,Rajdhani TRN13629,Rajdhani
TRN10657,Passenger TRN10657,Passenger
TRN12109,Passenger TRN12109,Passenger
TRN12984,Vande Bharat TRN12984,Vande Bharat
TRN14851,Passenger TRN14851,Passenger
TRN13080,Vande Bharat TRN13080,Vande Bharat
TRN11681,Passenger TRN11681,Passenger
TRN13902,Rajdhani TRN13902,Rajdhani
TRN13578,Rajdhani TRN13578,Rajdhani
TRN11561,Rajdhani TRN11561,Rajdhani
TRN12957,Vande Bharat TRN12957,Vande Bharat
TRN14431,Rajdhani TRN14431,Rajdhani
TRN11671,Rajdhani TRN11671,Rajdhani
TRN10139,Shatabdi TRN10139,Shatabdi
TRN10906,Shatabdi TRN10906,Shatabdi
TRN10146,Rajdhani TRN10146,Rajdhani
TRN12033,Passenger TRN12033,Passenger
TRN12581,Shatabdi TRN12581,Shatabdi
TRN13306,Vande Bharat TRN13306,Vande Bharat
TRN14096,Passenger TRN14096,Passenger
TRN11781,Shatabdi TRN11781,Shatabdi
TRN14414,Rajdhani TRN14414,Rajdhani
TRN14772,Rajdhani TRN14772,Rajdhani
TRN11486,Shatabdi TRN11486,Shatabdi
TRN14881,Passenger TRN14881,Passenger
TRN13697,Vande Bharat TRN13697,Vande Bharat
TRN10268,Shatabdi TRN10268,Shatabdi
TRN10933,Rajdhani TRN10933,Rajdhani
TRN14542,Rajdhani TRN14542,Rajdhani
TRN14475,Passenger TRN14475,Passenger
TRN10954,Vande Bharat TRN10954,Vande Bharat
TRN13620,Vande Bharat TRN13620,Vande Bharat
TRN11692,Rajdhani TRN11692,Rajdhani
TRN11111,Rajdhani TRN11111,Rajdhani
TRN11096,Rajdhani TRN11096,Rajdhani
TRN11471,Passenger TRN11471,Passenger
TRN13986,Rajdhani TRN13986,Rajdhani
TRN12503,Rajdhani TRN12503,Rajdhani
TRN11724,Rajdhani TRN11724,Rajdhani
TRN12916,Vande Bharat TRN12916,Vande Bharat
TRN13876,Vande Bharat TRN13876,Vande Bharat
TRN11479,Vande Bharat TRN11479,Vande Bharat
TRN11082,Rajdhani TRN11082,Rajdhani
TRN11185,Rajdhani TRN11185,Rajdhani
TRN13522,Vande Bharat TRN13522,Vande Bharat
TRN14290,Shatabdi TRN14290,Shatabdi
TRN10093,Express TRN10093,Express
TRN13510,Vande Bharat TRN13510,Vande Bharat
TRN14276,Rajdhani TRN14276,Rajdhani
TRN10318,Shatabdi TRN10318,Shatabdi
TRN11101,Rajdhani TRN11101,Rajdhani
TRN12405,Passenger TRN12405,Passenger
TRN13453,Vande Bharat TRN13453,Vande Bharat
TRN12457,Shatabdi TRN12457,Shatabdi
TRN11837,Shatabdi TRN11837,Shatabdi
TRN14951,Vande Bharat TRN14951,Vande Bharat
TRN10474,Vande Bharat TRN10474,Vande Bharat
TRN12215,Vande Bharat TRN12215,Vande Bharat
TRN12052,Vande Bharat TRN12052,Vande Bharat
TRN11815,Vande Bharat TRN11815,Vande Bharat
TRN10162,Rajdhani TRN10162,Rajdhani
TRN13816,Passenger TRN13816,Passenger
TRN14015,Vande Bharat TRN14015,Vande Bharat
TRN13601,Rajdhani TRN13601,Rajdhani
TRN14326,Vande Bharat TRN14326,Vande Bharat
TRN10935,Shatabdi TRN10935,Shatabdi
TRN12079,Passenger TRN12079,Passenger
TRN12935,Shatabdi TRN12935,Shatabdi
TRN11741,Vande Bharat TRN11741,Vande Bharat
TRN12791,Shatabdi TRN12791,Shatabdi
TRN13451,Vande Bharat TRN13451,Vande Bharat
TRN11695,Vande Bharat TRN11695,Vande Bharat
TRN11864,Shatabdi TRN11864,Shatabdi
TRN13394,Shatabdi TRN13394,Shatabdi
TRN11563,Rajdhani TRN11563,Rajdhani
TRN12769,Rajdhani TRN12769,Rajdhani
TRN12782,Shatabdi TRN12782,Shatabdi
TRN12947,Vande Bharat TRN12947,Vande Bharat
TRN12260,Shatabdi TRN12260,Shatabdi
TRN12614,Vande Bharat TRN12614,Vande Bharat
TRN10061,Superfast TRN10061,Superfast
TRN10353,Express TRN10353,Express
TRN14550,Vande Bharat TRN14550,Vande Bharat
TRN10661,Shatabdi TRN10661,Shatabdi
TRN11553,Vande Bharat TRN11553,Vande Bharat
TRN13567,Rajdhani TRN13567,Rajdhani
TRN11672,Vande Bharat TRN11672,Vande Bharat
TRN11093,Vande Bharat TRN11093,Vande Bharat
TRN12935,Passenger TRN12935,Passenger
TRN11142,Shatabdi TRN11142,Shatabdi
TRN11261,Passenger TRN11261,Passenger
TRN10574,Shatabdi TRN10574,Shatabdi
TRN11152,Vande Bharat TRN11152,Vande Bharat
TRN13171,Vande Bharat TRN13171,Vande Bharat
TRN11636,Shatabdi TRN11636,Shatabdi
TRN13755,Vande Bharat TRN13755,Vande Bharat
TRN11873,Rajdhani TRN11873,Rajdhani
TRN11563,Shatabdi TRN11563,Shatabdi
TRN10460,Rajdhani TRN10460,Rajdhani
TRN12422,Rajdhani TRN12422,Rajdhani
TRN11785,Rajdhani TRN11785,Rajdhani
TRN12561,Vande Bharat TRN12561,Vande Bharat
TRN14402,Rajdhani TRN14402,Rajdhani
TRN13858,Rajdhani TRN13858,Rajdhani
TRN14398,Shatabdi TRN14398,Shatabdi
TRN12325,Rajdhani TRN12325,Rajdhani
TRN10988,Vande Bharat TRN10988,Vande Bharat
TRN10415,Rajdhani TRN10415,Rajdhani
TRN10969,Vande Bharat TRN10969,Vande Bharat
TRN11451,Vande Bharat TRN11451,Vande Bharat
TRN12869,Rajdhani TRN12869,Rajdhani
TRN11393,Shatabdi TRN11393,Shatabdi
TRN14610,Rajdhani TRN14610,Rajdhani
TRN12183,Vande Bharat TRN12183,Vande Bharat
TRN14741,Vande Bharat TRN14741,Vande Bharat
TRN14186,Vande Bharat TRN14186,Vande Bharat
TRN11956,Vande Bharat TRN11956,Vande Bharat
TRN14098,Passenger TRN14098,Passenger
TRN10209,Rajdhani TRN10209,Rajdhani
TRN10304,Passenger TRN10304,Passenger
TRN10621,Shatabdi TRN10621,Shatabdi
TRN10452,Vande Bharat TRN10452,Vande Bharat
TRN12831,Shatabdi TRN12831,Shatabdi
TRN11278,Rajdhani TRN11278,Rajdhani
TRN12050,Shatabdi TRN12050,Shatabdi
TRN14840,Rajdhani TRN14840,Rajdhani
TRN13814,Shatabdi TRN13814,Shatabdi
TRN10557,Vande Bharat TRN10557,Vande Bharat
TRN14846,Rajdhani TRN14846,Rajdhani
TRN11401,Passenger TRN11401,Passenger
TRN13557,Rajdhani TRN13557,Rajdhani
TRN12231,Shatabdi TRN12231,Shatabdi
TRN11824,Shatabdi TRN11824,Shatabdi
TRN12427,Rajdhani TRN12427,Rajdhani
TRN10663,Rajdhani TRN10663,Rajdhani
TRN13484,Superfast TRN13484,Superfast
TRN10320,Rajdhani TRN10320,Rajdhani
TRN14199,Rajdhani TRN14199,Rajdhani
TRN12578,Rajdhani TRN12578,Rajdhani
TRN14129,Shatabdi TRN14129,Shatabdi
TRN11752,Shatabdi TRN11752,Shatabdi
TRN11341,Shatabdi TRN11341,Shatabdi
TRN12552,Vande Bharat TRN12552,Vande Bharat
TRN12786,Vande Bharat TRN12786,Vande Bharat
TRN13634,Rajdhani TRN13634,Rajdhani
TRN14901,Rajdhani TRN14901,Rajdhani
TRN11884,Vande Bharat TRN11884,Vande Bharat
TRN14422,Passenger TRN14422,Passenger
TRN14144,Vande Bharat TRN14144,Vande Bharat
TRN11536,Passenger TRN11536,Passenger
TRN12868,Vande Bharat TRN12868,Vande Bharat
TRN13632,Vande Bharat TRN13632,Vande Bharat
TRN13120,Vande Bharat TRN13120,Vande Bharat
TRN13582,Shatabdi TRN13582,Shatabdi
TRN13595,Passenger TRN13595,Passenger
TRN10627,Vande Bharat TRN10627,Vande Bharat
TRN13361,Rajdhani TRN13361,Rajdhani
TRN14228,Shatabdi TRN14228,Shatabdi
TRN14736,Rajdhani TRN14736,Rajdhani
TRN12916,Rajdhani TRN12916,Rajdhani
TRN14582,Rajdhani TRN14582,Rajdhani
TRN14893,Shatabdi TRN14893,Shatabdi
TRN13208,Passenger TRN13208,Passenger
TRN12124,Rajdhani TRN12124,Rajdhani
TRN12147,Shatabdi TRN12147,Shatabdi
TRN11248,Shatabdi TRN11248,Shatabdi
TRN14188,Vande Bharat TRN14188,Vande Bharat
TRN12890,Rajdhani TRN12890,Rajdhani
TRN11379,Passenger TRN11379,Passenger
TRN13283,Vande Bharat TRN13283,Vande Bharat
TRN13352,Rajdhani TRN13352,Rajdhani
TRN12741,Passenger TRN12741,Passenger
TRN11103,Vande Bharat TRN11103,Vande Bharat
TRN10144,Rajdhani TRN10144,Rajdhani
TRN12423,Rajdhani TRN12423,Rajdhani
TRN13400,Shatabdi TRN13400,Shatabdi
TRN13892,Shatabdi TRN13892,Shatabdi
TRN11218,Shatabdi TRN11218,Shatabdi
TRN10200,Shatabdi TRN10200,Shatabdi
TRN14949,Vande Bharat TRN14949,Vande Bharat
TRN11587,Shatabdi TRN11587,Shatabdi
TRN10231,Express TRN10231,Express
TRN11478,Shatabdi TRN11478,Shatabdi
TRN11644,Shatabdi TRN11644,Shatabdi
TRN13205,Rajdhani TRN13205,Rajdhani
TRN14280,Vande Bharat TRN14280,Vande Bharat
TRN11266,Shatabdi TRN11266,Shatabdi
TRN14101,Shatabdi TRN14101,Shatabdi
TRN10137,Shatabdi TRN10137,Shatabdi
TRN13116,Rajdhani TRN13116,Rajdhani
TRN12799,Rajdhani TRN12799,Rajdhani
TRN12402,Passenger TRN12402,Passenger
TRN13355,Shatabdi TRN13355,Shatabdi
TRN13910,Rajdhani TRN13910,Rajdhani
TRN10576,Shatabdi TRN10576,Shatabdi
TRN13832,Passenger TRN13832,Passenger
TRN11229,Passenger TRN11229,Passenger
TRN14463,Vande Bharat TRN14463,Vande Bharat
TRN13147,Shatabdi TRN13147,Shatabdi
TRN11149,Rajdhani TRN11149,Rajdhani
TRN14168,Vande Bharat TRN14168,Vande Bharat
TRN14680,Rajdhani TRN14680,Rajdhani
TRN11578,Express TRN11578,Express
TRN10683,Rajdhani TRN10683,Rajdhani
TRN10989,Shatabdi TRN10989,Shatabdi
TRN14834,Vande Bharat TRN14834,Vande Bharat
TRN13775,Vande Bharat TRN13775,Vande Bharat
TRN13036,Rajdhani TRN13036,Rajdhani
TRN11401,Rajdhani TRN11401,Rajdhani
TRN10485,Shatabdi TRN10485,Shatabdi
TRN11105,Vande Bharat TRN11105,Vande Bharat
TRN14438,Shatabdi TRN14438,Shatabdi
TRN10409,Vande Bharat TRN10409,Vande Bharat
TRN14142,Vande Bharat TRN14142,Vande Bharat
TRN10587,Rajdhani TRN10587,Rajdhani
TRN13451,Shatabdi TRN13451,Shatabdi
TRN14372,Vande Bharat TRN14372,Vande Bharat
TRN11045,Vande Bharat TRN11045,Vande Bharat
TRN13778,Shatabdi TRN13778,Shatabdi
TRN12349,Shatabdi TRN12349,Shatabdi
TRN10673,Vande Bharat TRN10673,Vande Bharat
TRN14880,Passenger TRN14880,Passenger
TRN12001,Shatabdi TRN12001,Shatabdi
TRN11562,Rajdhani TRN11562,Rajdhani
TRN10851,Passenger TRN10851,Passenger
TRN12042,Rajdhani TRN12042,Rajdhani
TRN14535,Passenger TRN14535,Passenger
TRN14346,Passenger TRN14346,Passenger
TRN13931,Rajdhani TRN13931,Rajdhani
TRN13343,Shatabdi TRN13343,Shatabdi
TRN14848,Superfast TRN14848,Superfast
TRN11116,Vande Bharat TRN11116,Vande Bharat
TRN12570,Shatabdi TRN12570,Shatabdi
TRN13323,Shatabdi TRN13323,Shatabdi
TRN12203,Rajdhani TRN12203,Rajdhani
TRN13639,Shatabdi TRN13639,Shatabdi
TRN13191,Rajdhani TRN13191,Rajdhani
TRN12395,Rajdhani TRN12395,Rajdhani
TRN14400,Rajdhani TRN14400,Rajdhani
TRN14657,Passenger TRN14657,Passenger
TRN11261,Vande Bharat TRN11261,Vande Bharat
TRN11222,Vande Bharat TRN11222,Vande Bharat
TRN11399,Rajdhani TRN11399,Rajdhani
TRN14050,Passenger TRN14050,Passenger
TRN13520,Rajdhani TRN13520,Rajdhani
TRN11158,Passenger TRN11158,Passenger
TRN10715,Rajdhani TRN10715,Rajdhani
TRN10807,Rajdhani TRN10807,Rajdhani
TRN12664,Rajdhani TRN12664,Rajdhani
TRN11659,Shatabdi TRN11659,Shatabdi
TRN13169,Rajdhani TRN13169,Rajdhani
TRN10678,Vande Bharat TRN10678,Vande Bharat
TRN11080,Rajdhani TRN11080,Rajdhani
TRN12819,Shatabdi TRN12819,Shatabdi
TRN14631,Rajdhani TRN14631,Rajdhani
TRN13678,Superfast TRN13678,Superfast
TRN11786,Superfast TRN11786,Superfast
TRN13395,Rajdhani TRN13395,Rajdhani
TRN13359,Shatabdi TRN13359,Shatabdi
TRN14407,Rajdhani TRN14407,Rajdhani
TRN12569,Vande Bharat TRN12569,Vande Bharat
TRN10475,Rajdhani TRN10475,Rajdhani
TRN11438,Shatabdi TRN11438,Shatabdi
TRN10868,Vande Bharat TRN10868,Vande Bharat
TRN14840,Passenger TRN14840,Passenger
TRN11110,Rajdhani TRN11110,Rajdhani
TRN14553,Vande Bharat TRN14553,Vande Bharat
TRN12901,Vande Bharat TRN12901,Vande Bharat
TRN14746,Rajdhani TRN14746,Rajdhani
TRN10946,Shatabdi TRN10946,Shatabdi
TRN10383,Vande Bharat TRN10383,Vande Bharat
TRN10156,Shatabdi TRN10156,Shatabdi
TRN12783,Shatabdi TRN12783,Shatabdi
TRN14994,Shatabdi TRN14994,Shatabdi
TRN13842,Passenger TRN13842,Passenger
TRN14426,Rajdhani TRN14426,Rajdhani
TRN13928,Passenger TRN13928,Passenger
TRN14756,Rajdhani TRN14756,Rajdhani
TRN13771,Shatabdi TRN13771,Shatabdi
TRN14048,Rajdhani TRN14048,Rajdhani
TRN13265,Rajdhani TRN13265,Rajdhani
TRN12603,Vande Bharat TRN12603,Vande Bharat
TRN13437,Vande Bharat TRN13437,Vande Bharat
TRN14929,Rajdhani TRN14929,Rajdhani
TRN13986,Shatabdi TRN13986,Shatabdi
TRN14565,Vande Bharat TRN14565,Vande Bharat
TRN14039,Vande Bharat TRN14039,Vande Bharat
TRN11459,Vande Bharat TRN11459,Vande Bharat
TRN14860,Shatabdi TRN14860,Shatabdi
TRN14353,Rajdhani TRN14353,Rajdhani
TRN11345,Shatabdi TRN11345,Shatabdi
TRN11184,Vande Bharat TRN11184,Vande Bharat
TRN11787,Rajdhani TRN11787,Rajdhani
TRN11869,Rajdhani TRN11869,Rajdhani
TRN13371,Shatabdi TRN13371,Shatabdi
TRN14303,Vande Bharat TRN14303,Vande Bharat
TRN11415,Rajdhani TRN11415,Rajdhani
TRN13228,Shatabdi TRN13228,Shatabdi
TRN14389,Passenger TRN14389,Passenger
TRN13613,Rajdhani TRN13613,Rajdhani
TRN13988,Shatabdi TRN13988,Shatabdi
TRN11462,Rajdhani TRN11462,Rajdhani
TRN14420,Superfast TRN14420,Superfast
TRN11211,Rajdhani TRN11211,Rajdhani
TRN10939,Vande Bharat TRN10939,Vande Bharat
TRN13213,Superfast TRN13213,Superfast
TRN13651,Shatabdi TRN13651,Shatabdi
TRN12295,Shatabdi TRN12295,Shatabdi
TRN11972,Vande Bharat TRN11972,Vande Bharat
TRN12082,Rajdhani TRN12082,Rajdhani
TRN13151,Vande Bharat TRN13151,Vande Bharat
TRN14181,Rajdhani TRN14181,Rajdhani
TRN14151,Vande Bharat TRN14151,Vande Bharat
TRN10588,Shatabdi TRN10588,Shatabdi
TRN11206,Vande Bharat TRN11206,Vande Bharat
TRN11985,Shatabdi TRN11985,Shatabdi
TRN14147,Shatabdi TRN14147,Shatabdi
TRN10228,Shatabdi TRN10228,Shatabdi
TRN10074,Shatabdi TRN10074,Shatabdi
TRN11718,Vande Bharat TRN11718,Vande Bharat
TRN11458,Shatabdi TRN11458,Shatabdi
TRN12482,Rajdhani TRN12482,Rajdhani
TRN10225,Vande Bharat TRN10225,Vande Bharat
TRN11876,Vande Bharat TRN11876,Vande Bharat
TRN12464,Shatabdi TRN12464,Shatabdi
TRN12746,Shatabdi TRN12746,Shatabdi
TRN12904,Vande Bharat TRN12904,Vande Bharat
TRN11009,Vande Bharat TRN11009,Vande Bharat
TRN10637,Superfast TRN10637,Superfast
TRN13307,Rajdhani TRN13307,Rajdhani
TRN10551,Shatabdi TRN10551,Shatabdi
TRN13568,Shatabdi TRN13568,Shatabdi
TRN10018,Rajdhani TRN10018,Rajdhani
TRN14032,Rajdhani TRN14032,Rajdhani
TRN10725,Passenger TRN10725,Passenger
TRN10981,Passenger TRN10981,Passenger
TRN13362,Passenger TRN13362,Passenger
TRN14606,Rajdhani TRN14606,Rajdhani
TRN10266,Vande Bharat TRN10266,Vande Bharat
TRN11261,Shatabdi TRN11261,Shatabdi
TRN12084,Shatabdi TRN12084,Shatabdi
TRN10222,Vande Bharat TRN10222,Vande Bharat
TRN12014,Superfast TRN12014,Superfast
TRN10989,Rajdhani TRN10989,Rajdhani
TRN11178,Shatabdi TRN11178,Shatabdi
TRN13505,Vande Bharat TRN13505,Vande Bharat
TRN10720,Rajdhani TRN10720,Rajdhani
TRN10670,Passenger TRN10670,Passenger
TRN12623,Shatabdi TRN12623,Shatabdi
TRN13810,Rajdhani TRN13810,Rajdhani
TRN10198,Rajdhani TRN10198,Rajdhani
TRN14996,Vande Bharat TRN14996,Vande Bharat
TRN11952,Vande Bharat TRN11952,Vande Bharat
TRN12902,Superfast TRN12902,Superfast
TRN12707,Shatabdi TRN12707,Shatabdi
TRN12644,Express TRN12644,Express
TRN14602,Vande Bharat TRN14602,Vande Bharat
TRN14779,Shatabdi TRN14779,Shatabdi
TRN14882,Rajdhani TRN14882,Rajdhani
TRN14250,Shatabdi TRN14250,Shatabdi
TRN14408,Rajdhani TRN14408,Rajdhani
TRN12319,Vande Bharat TRN12319,Vande Bharat
TRN11902,Rajdhani TRN11902,Rajdhani
TRN13107,Rajdhani TRN13107,Rajdhani
TRN11045,Shatabdi TRN11045,Shatabdi
TRN13139,Shatabdi TRN13139,Shatabdi
TRN12609,Shatabdi TRN12609,Shatabdi
TRN11490,Rajdhani TRN11490,Rajdhani
TRN14594,Shatabdi TRN14594,Shatabdi
TRN10646,Shatabdi TRN10646,Shatabdi
TRN12188,Passenger TRN12188,Passenger
TRN14069,Rajdhani TRN14069,Rajdhani
TRN10367,Shatabdi TRN10367,Shatabdi
TRN13820,Rajdhani TRN13820,Rajdhani
TRN14809,Vande Bharat TRN14809,Vande Bharat
TRN10870,Vande Bharat TRN10870,Vande Bharat
TRN13287,Vande Bharat TRN13287,Vande Bharat
TRN11362,Vande Bharat TRN11362,Vande Bharat
TRN12501,Shatabdi TRN12501,Shatabdi
TRN11848,Rajdhani TRN11848,Rajdhani
TRN11547,Passenger TRN11547,Passenger
TRN10429,Rajdhani TRN10429,Rajdhani
TRN14696,Passenger TRN14696,Passenger
TRN11352,Rajdhani TRN11352,Rajdhani
TRN10001,Shatabdi TRN10001,Shatabdi
TRN12279,Vande Bharat TRN12279,Vande Bharat
TRN12097,Vande Bharat TRN12097,Vande Bharat
TRN12172,Rajdhani TRN12172,Rajdhani
TRN12821,Vande Bharat TRN12821,Vande Bharat
TRN11607,Shatabdi TRN11607,Shatabdi
TRN11301,Passenger TRN11301,Passenger
TRN12818,Rajdhani TRN12818,Rajdhani
TRN11885,Rajdhani TRN11885,Rajdhani
TRN10367,Passenger TRN10367,Passenger
TRN11355,Shatabdi TRN11355,Shatabdi
TRN11641,Rajdhani TRN11641,Rajdhani
TRN11280,Shatabdi TRN11280,Shatabdi
TRN10253,Rajdhani TRN10253,Rajdhani
TRN12551,Passenger TRN12551,Passenger
TRN11394,Shatabdi TRN11394,Shatabdi
TRN13113,Shatabdi TRN13113,Shatabdi
TRN12345,Vande Bharat TRN12345,Vande Bharat
TRN10985,Vande Bharat TRN10985,Vande Bharat
TRN10905,Vande Bharat TRN10905,Vande Bharat
TRN10838,Shatabdi TRN10838,Shatabdi
TRN10409,Passenger TRN10409,Passenger
TRN12883,Shatabdi TRN12883,Shatabdi
TRN12072,Vande Bharat TRN12072,Vande Bharat
TRN12001,Rajdhani TRN12001,Rajdhani
TRN10860,Rajdhani TRN10860,Rajdhani
TRN13434,Shatabdi TRN13434,Shatabdi
TRN11204,Vande Bharat TRN11204,Vande Bharat
TRN10374,Passenger TRN10374,Passenger
TRN14988,Rajdhani TRN14988,Rajdhani
TRN11349,Rajdhani TRN11349,Rajdhani
TRN11029,Rajdhani TRN11029,Rajdhani
TRN10456,Vande Bharat TRN10456,Vande Bharat
TRN12687,Vande Bharat TRN12687,Vande Bharat
TRN12889,Vande Bharat TRN12889,Vande Bharat
TRN10410,Rajdhani TRN10410,Rajdhani
TRN13540,Rajdhani TRN13540,Rajdhani
TRN11555,Vande Bharat TRN11555,Vande Bharat
TRN12080,Rajdhani TRN12080,Rajdhani
TRN10530,Shatabdi TRN10530,Shatabdi
TRN13558,Shatabdi TRN13558,Shatabdi
TRN10202,Shatabdi TRN10202,Shatabdi
TRN13091,Shatabdi TRN13091,Shatabdi
TRN12736,Rajdhani TRN12736,Rajdhani
TRN10510,Rajdhani TRN10510,Rajdhani
TRN11429,Shatabdi TRN11429,Shatabdi
TRN11307,Vande Bharat TRN11307,Vande Bharat
TRN14397,Rajdhani TRN14397,Rajdhani
TRN10907,Shatabdi TRN10907,Shatabdi
TRN11149,Shatabdi TRN11149,Shatabdi
TRN11510,Shatabdi TRN11510,Shatabdi
TRN10254,Shatabdi TRN10254,Shatabdi
TRN10372,Rajdhani TRN10372,Rajdhani
TRN10971,Shatabdi TRN10971,Shatabdi
TRN13249,Shatabdi TRN13249,Shatabdi
TRN13858,Vande Bharat TRN13858,Vande Bharat
TRN13486,Shatabdi TRN13486,Shatabdi
TRN14606,Shatabdi TRN14606,Shatabdi
TRN11858,Shatabdi TRN11858,Shatabdi
TRN14348,Rajdhani TRN14348,Rajdhani
TRN11472,Shatabdi TRN11472,Shatabdi
TRN13584,Vande Bharat TRN13584,Vande Bharat
TRN10071,Rajdhani TRN10071,Rajdhani
TRN13887,Vande Bharat TRN13887,Vande Bharat
TRN13817,Vande Bharat TRN13817,Vande Bharat
TRN11179,Vande Bharat TRN11179,Vande Bharat
TRN12708,Vande Bharat TRN12708,Vande Bharat
TRN13985,Passenger TRN13985,Passenger
TRN10014,Rajdhani TRN10014,Rajdhani
TRN10549,Express TRN10549,Express
TRN12116,Vande Bharat TRN12116,Vande Bharat
TRN11580,Shatabdi TRN11580,Shatabdi
TRN11081,Vande Bharat TRN11081,Vande Bharat
TRN13199,Shatabdi TRN13199,Shatabdi
TRN12457,Rajdhani TRN12457,Rajdhani
TRN10607,Rajdhani TRN10607,Rajdhani
TRN10213,Vande Bharat TRN10213,Vande Bharat
TRN10469,Vande Bharat TRN10469,Vande Bharat
TRN14577,Vande Bharat TRN14577,Vande Bharat
TRN13704,Passenger TRN13704,Passenger
TRN12559,Express TRN12559,Express
TRN14363,Shatabdi TRN14363,Shatabdi
TRN14000,Superfast TRN14000,Superfast
TRN14907,Rajdhani TRN14907,Rajdhani
TRN14716,Rajdhani TRN14716,Rajdhani
TRN11086,Passenger TRN11086,Passenger
TRN13789,Vande Bharat TRN13789,Vande Bharat
TRN11221,Rajdhani TRN11221,Rajdhani
TRN12620,Shatabdi TRN12620,Shatabdi
TRN13987,Vande Bharat TRN13987,Vande Bharat
TRN14232,Shatabdi TRN14232,Shatabdi
TRN12641,Shatabdi TRN12641,Shatabdi
TRN12182,Rajdhani TRN12182,Rajdhani
TRN14962,Vande Bharat TRN14962,Vande Bharat
TRN12063,Vande Bharat TRN12063,Vande Bharat
TRN12782,Vande Bharat TRN12782,Vande Bharat
TRN13264,Rajdhani TRN13264,Rajdhani
TRN14872,Vande Bharat TRN14872,Vande Bharat
TRN12619,Vande Bharat TRN12619,Vande Bharat
TRN14763,Rajdhani TRN14763,Rajdhani
TRN10643,Vande Bharat TRN10643,Vande Bharat
TRN12783,Express TRN12783,Express
TRN14852,Rajdhani TRN14852,Rajdhani
TRN12647,Vande Bharat TRN12647,Vande Bharat
TRN14331,Rajdhani TRN14331,Rajdhani
TRN13795,Passenger TRN13795,Passenger
TRN12449,Shatabdi TRN12449,Shatabdi
TRN12961,Rajdhani TRN12961,Rajdhani
TRN14206,Vande Bharat TRN14206,Vande Bharat
TRN13819,Rajdhani TRN13819,Rajdhani
TRN10497,Vande Bharat TRN10497,Vande Bharat
TRN11883,Superfast TRN11883,Superfast
TRN12323,Rajdhani TRN12323,Rajdhani
TRN11435,Passenger TRN11435,Passenger
TRN13537,Shatabdi TRN13537,Shatabdi
TRN10479,Rajdhani TRN10479,Rajdhani
TRN14714,Shatabdi TRN14714,Shatabdi
TRN13189,Shatabdi TRN13189,Shatabdi
TRN14364,Shatabdi TRN14364,Shatabdi
TRN10394,Rajdhani TRN10394,Rajdhani
TRN12007,Rajdhani TRN12007,Rajdhani
TRN12034,Vande Bharat TRN12034,Vande Bharat
TRN13199,Rajdhani TRN13199,Rajdhani
TRN14731,Shatabdi TRN14731,Shatabdi
TRN13860,Rajdhani TRN13860,Rajdhani
TRN13225,Rajdhani TRN13225,Rajdhani
TRN13822,Passenger TRN13822,Passenger
TRN10395,Rajdhani TRN10395,Rajdhani
TRN13362,Vande Bharat TRN13362,Vande Bharat
TRN11424,Vande Bharat TRN11424,Vande Bharat
TRN13431,Rajdhani TRN13431,Rajdhani
TRN11835,Shatabdi TRN11835,Shatabdi
TRN11720,Rajdhani TRN11720,Rajdhani
TRN11773,Passenger TRN11773,Passenger
TRN12044,Vande Bharat TRN12044,Vande Bharat
TRN13532,Rajdhani TRN13532,Rajdhani
TRN13149,Shatabdi TRN13149,Shatabdi
TRN11146,Vande Bharat TRN11146,Vande Bharat
TRN10918,Shatabdi TRN10918,Shatabdi
TRN10755,Vande Bharat TRN10755,Vande Bharat
TRN12460,Vande Bharat TRN12460,Vande Bharat
TRN11345,Vande Bharat TRN11345,Vande Bharat
TRN12143,Shatabdi TRN12143,Shatabdi
TRN11590,Rajdhani TRN11590,Rajdhani
TRN14389,Shatabdi TRN14389,Shatabdi
TRN13015,Vande Bharat TRN13015,Vande Bharat
TRN11713,Superfast TRN11713,Superfast
TRN10677,Superfast TRN10677,Superfast
TRN11826,Rajdhani TRN11826,Rajdhani
TRN10776,Vande Bharat TRN10776,Vande Bharat
TRN10971,Superfast TRN10971,Superfast
TRN11347,Shatabdi TRN11347,Shatabdi
TRN10694,Vande Bharat TRN10694,Vande Bharat
TRN12118,Vande Bharat TRN12118,Vande Bharat
TRN10054,Vande Bharat TRN10054,Vande Bharat
TRN13896,Shatabdi TRN13896,Shatabdi
TRN13076,Rajdhani TRN13076,Rajdhani
TRN12546,Shatabdi TRN12546,Shatabdi
TRN11918,Rajdhani TRN11918,Rajdhani
TRN13516,Shatabdi TRN13516,Shatabdi
TRN10550,Shatabdi TRN10550,Shatabdi
TRN13036,Passenger TRN13036,Passenger
TRN13255,Vande Bharat TRN13255,Vande Bharat
TRN13758,Passenger TRN13758,Passenger
TRN11755,Shatabdi TRN11755,Shatabdi
TRN10349,Rajdhani TRN10349,Rajdhani
TRN14720,Shatabdi TRN14720,Shatabdi
TRN10041,Vande Bharat TRN10041,Vande Bharat
TRN14760,Vande Bharat TRN14760,Vande Bharat
TRN12436,Vande Bharat TRN12436,Vande Bharat
TRN11395,Rajdhani TRN11395,Rajdhani
TRN12610,Shatabdi TRN12610,Shatabdi
TRN13934,Rajdhani TRN13934,Rajdhani
TRN11908,Rajdhani TRN11908,Rajdhani
TRN14939,Vande Bharat TRN14939,Vande Bharat
TRN11546,Rajdhani TRN11546,Rajdhani
TRN12121,Rajdhani TRN12121,Rajdhani
TRN12448,Vande Bharat TRN12448,Vande Bharat
TRN10344,Shatabdi TRN10344,Shatabdi
TRN14659,Shatabdi TRN14659,Shatabdi
TRN10408,Vande Bharat TRN10408,Vande Bharat
TRN10712,Vande Bharat TRN10712,Vande Bharat
TRN12957,Shatabdi TRN12957,Shatabdi
TRN13997,Vande Bharat TRN13997,Vande Bharat
TRN14611,Shatabdi TRN14611,Shatabdi
TRN13841,Vande Bharat TRN13841,Vande Bharat
TRN12993,Passenger TRN12993,Passenger
TRN12763,Vande Bharat TRN12763,Vande Bharat
TRN11145,Rajdhani TRN11145,Rajdhani
TRN14007,Rajdhani TRN14007,Rajdhani
TRN10387,Shatabdi TRN10387,Shatabdi
TRN10967,Vande Bharat TRN10967,Vande Bharat
TRN10369,Shatabdi TRN10369,Shatabdi
TRN14716,Vande Bharat TRN14716,Vande Bharat
TRN11338,Rajdhani TRN11338,Rajdhani
TRN14417,Vande Bharat TRN14417,Vande Bharat
TRN12867,Vande Bharat TRN12867,Vande Bharat
TRN13905,Rajdhani TRN13905,Rajdhani
TRN14791,Superfast TRN14791,Superfast
TRN12906,Rajdhani TRN12906,Rajdhani
TRN12672,Rajdhani TRN12672,Rajdhani
TRN11269,Passenger TRN11269,Passenger
TRN13829,Shatabdi TRN13829,Shatabdi
TRN14640,Superfast TRN14640,Superfast
TRN12290,Shatabdi TRN12290,Shatabdi
TRN10421,Vande Bharat TRN10421,Vande Bharat
TRN11956,Rajdhani TRN11956,Rajdhani
TRN12340,Vande Bharat TRN12340,Vande Bharat
TRN11881,Passenger TRN11881,Passenger
TRN10914,Vande Bharat TRN10914,Vande Bharat
TRN12407,Rajdhani TRN12407,Rajdhani
TRN13591,Express TRN13591,Express
TRN12613,Vande Bharat TRN12613,Vande Bharat
TRN12500,Shatabdi TRN12500,Shatabdi
TRN14904,Shatabdi TRN14904,Shatabdi
TRN11485,Vande Bharat TRN11485,Vande Bharat
TRN11000,Passenger TRN11000,Passenger
TRN11677,Rajdhani TRN11677,Rajdhani
TRN13936,Vande Bharat TRN13936,Vande Bharat
TRN11668,Shatabdi TRN11668,Shatabdi
TRN11212,Rajdhani TRN11212,Rajdhani
TRN13616,Rajdhani TRN13616,Rajdhani
TRN14648,Shatabdi TRN14648,Shatabdi
TRN14266,Rajdhani TRN14266,Rajdhani
TRN11775,Rajdhani TRN11775,Rajdhani
TRN12947,Passenger TRN12947,Passenger
TRN12380,Vande Bharat TRN12380,Vande Bharat
TRN14709,Rajdhani TRN14709,Rajdhani
TRN10468,Shatabdi TRN10468,Shatabdi
TRN13806,Shatabdi TRN13806,Shatabdi
TRN12671,Vande Bharat TRN12671,Vande Bharat
TRN11444,Rajdhani TRN11444,Rajdhani
TRN10756,Vande Bharat TRN10756,Vande Bharat
TRN13711,Shatabdi TRN13711,Shatabdi
TRN14438,Passenger TRN14438,Passenger
TRN12783,Rajdhani TRN12783,Rajdhani
TRN10785,Shatabdi TRN10785,Shatabdi
TRN13895,Rajdhani TRN13895,Rajdhani
TRN10402,Vande Bharat TRN10402,Vande Bharat
TRN14092,Rajdhani TRN14092,Rajdhani
TRN13508,Shatabdi TRN13508,Shatabdi
TRN14462,Shatabdi TRN14462,Shatabdi
TRN12134,Shatabdi TRN12134,Shatabdi
TRN13621,Vande Bharat TRN13621,Vande Bharat
TRN14464,Vande Bharat TRN14464,Vande Bharat
TRN12817,Rajdhani TRN12817,Rajdhani
TRN14635,Shatabdi TRN14635,Shatabdi
TRN13212,Passenger TRN13212,Passenger
TRN13943,Vande Bharat TRN13943,Vande Bharat
TRN12520,Express TRN12520,Express
TRN12015,Shatabdi TRN12015,Shatabdi
TRN13742,Superfast TRN13742,Superfast
TRN11816,Superfast TRN11816,Superfast
TRN12073,Vande Bharat TRN12073,Vande Bharat
TRN10823,Superfast TRN10823,Superfast
TRN11715,Vande Bharat TRN11715,Vande Bharat
TRN12551,Superfast TRN12551,Superfast
TRN14389,Vande Bharat TRN14389,Vande Bharat
TRN14657,Shatabdi TRN14657,Shatabdi
TRN14067,Shatabdi TRN14067,Shatabdi
TRN13753,Shatabdi TRN13753,Shatabdi
TRN11236,Shatabdi TRN11236,Shatabdi
TRN14395,Vande Bharat TRN14395,Vande Bharat
TRN10192,Shatabdi TRN10192,Shatabdi
TRN12939,Vande Bharat TRN12939,Vande Bharat
TRN13425,Superfast TRN13425,Superfast
TRN10663,Shatabdi TRN10663,Shatabdi
TRN14236,Shatabdi TRN14236,Shatabdi
TRN10935,Vande Bharat TRN10935,Vande Bharat
TRN10196,Rajdhani TRN10196,Rajdhani
TRN13262,Rajdhani TRN13262,Rajdhani
TRN11491,Shatabdi TRN11491,Shatabdi
TRN10323,Express TRN10323,Express
TRN13496,Shatabdi TRN13496,Shatabdi
TRN13049,Shatabdi TRN13049,Shatabdi
TRN12472,Superfast TRN12472,Superfast
TRN12659,Passenger TRN12659,Passenger
TRN11467,Shatabdi TRN11467,Shatabdi
TRN12699,Rajdhani TRN12699,Rajdhani
TRN12424,Shatabdi TRN12424,Shatabdi
TRN10274,Vande Bharat TRN10274,Vande Bharat
TRN14241,Superfast TRN14241,Superfast
TRN10229,Passenger TRN10229,Passenger
TRN13123,Shatabdi TRN13123,Shatabdi
TRN13932,Rajdhani TRN13932,Rajdhani
TRN14827,Rajdhani TRN14827,Rajdhani
TRN11088,Shatabdi TRN11088,Shatabdi
TRN13242,Rajdhani TRN13242,Rajdhani
TRN12845,Rajdhani TRN12845,Rajdhani
TRN12857,Rajdhani TRN12857,Rajdhani
TRN10544,Rajdhani TRN10544,Rajdhani
TRN13096,Shatabdi TRN13096,Shatabdi
TRN12439,Rajdhani TRN12439,Rajdhani
TRN14399,Vande Bharat TRN14399,Vande Bharat
TRN11237,Vande Bharat TRN11237,Vande Bharat
TRN11708,Vande Bharat TRN11708,Vande Bharat
TRN11171,Express TRN11171,Express
TRN10722,Shatabdi TRN10722,Shatabdi
TRN12092,Express TRN12092,Express
TRN11277,Passenger TRN11277,Passenger
TRN10527,Vande Bharat TRN10527,Vande Bharat
TRN14081,Vande Bharat TRN14081,Vande Bharat
TRN12407,Shatabdi TRN12407,Shatabdi
TRN11904,Rajdhani TRN11904,Rajdhani
TRN13609,Shatabdi TRN13609,Shatabdi
TRN14075,Superfast TRN14075,Superfast
TRN13851,Rajdhani TRN13851,Rajdhani
TRN10281,Vande Bharat TRN10281,Vande Bharat
TRN13566,Rajdhani TRN13566,Rajdhani
TRN11805,Rajdhani TRN11805,Rajdhani
TRN12232,Passenger TRN12232,Passenger
TRN11328,Rajdhani TRN11328,Rajdhani
TRN13703,Shatabdi TRN13703,Shatabdi
TRN12298,Rajdhani TRN12298,Rajdhani
TRN14936,Rajdhani TRN14936,Rajdhani
TRN13795,Vande Bharat TRN13795,Vande Bharat
TRN11846,Rajdhani TRN11846,Rajdhani
TRN11513,Vande Bharat TRN11513,Vande Bharat
TRN12077,Vande Bharat TRN12077,Vande Bharat
TRN13087,Shatabdi TRN13087,Shatabdi
TRN12488,Shatabdi TRN12488,Shatabdi
TRN13150,Shatabdi TRN13150,Shatabdi
TRN13838,Rajdhani TRN13838,Rajdhani
TRN14412,Rajdhani TRN14412,Rajdhani
TRN12987,Rajdhani TRN12987,Rajdhani
TRN10581,Shatabdi TRN10581,Shatabdi
TRN12184,Passenger TRN12184,Passenger
TRN14817,Vande Bharat TRN14817,Vande Bharat
TRN14536,Rajdhani TRN14536,Rajdhani
TRN12383,Vande Bharat TRN12383,Vande Bharat
TRN13089,Rajdhani TRN13089,Rajdhani
TRN14439,Passenger TRN14439,Passenger
TRN10340,Vande Bharat TRN10340,Vande Bharat
TRN14564,Vande Bharat TRN14564,Vande Bharat
TRN10427,Vande Bharat TRN10427,Vande Bharat
TRN11419,Passenger TRN11419,Passenger
TRN10013,Passenger TRN10013,Passenger
TRN12925,Rajdhani TRN12925,Rajdhani
TRN10836,Shatabdi TRN10836,Shatabdi
TRN12209,Vande Bharat TRN12209,Vande Bharat
TRN13298,Vande Bharat TRN13298,Vande Bharat
TRN13697,Passenger TRN13697,Passenger
TRN10522,Passenger TRN10522,Passenger
TRN12493,Passenger TRN12493,Passenger
TRN10424,Shatabdi TRN10424,Shatabdi
TRN10457,Rajdhani TRN10457,Rajdhani
TRN14906,Rajdhani TRN14906,Rajdhani
TRN12282,Shatabdi TRN12282,Shatabdi
TRN10174,Vande Bharat TRN10174,Vande Bharat
TRN10425,Shatabdi TRN10425,Shatabdi
TRN10839,Shatabdi TRN10839,Shatabdi
TRN10916,Passenger TRN10916,Passenger
TRN14343,Passenger TRN14343,Passenger
TRN12071,Vande Bharat TRN12071,Vande Bharat
TRN12589,Rajdhani TRN12589,Rajdhani
TRN14921,Shatabdi TRN14921,Shatabdi
TRN12628,Vande Bharat TRN12628,Vande Bharat
TRN14816,Rajdhani TRN14816,Rajdhani
TRN12013,Vande Bharat TRN12013,Vande Bharat
TRN11843,Shatabdi TRN11843,Shatabdi
TRN14975,Passenger TRN14975,Passenger
TRN11740,Vande Bharat TRN11740,Vande Bharat
TRN12584,Vande Bharat TRN12584,Vande Bharat
TRN11659,Rajdhani TRN11659,Rajdhani
TRN13700,Shatabdi TRN13700,Shatabdi
TRN13893,Rajdhani TRN13893,Rajdhani
TRN14475,Vande Bharat TRN14475,Vande Bharat
TRN13619,Vande Bharat TRN13619,Vande Bharat
TRN10295,Vande Bharat TRN10295,Vande Bharat
TRN10041,Rajdhani TRN10041,Rajdhani
TRN11627,Shatabdi TRN11627,Shatabdi
TRN13305,Superfast TRN13305,Superfast
TRN13381,Passenger TRN13381,Passenger
TRN13836,Rajdhani TRN13836,Rajdhani
TRN10910,Vande Bharat TRN10910,Vande Bharat
TRN14488,Passenger TRN14488,Passenger
TRN11838,Rajdhani TRN11838,Rajdhani
TRN10630,Shatabdi TRN10630,Shatabdi
TRN14412,Vande Bharat TRN14412,Vande Bharat
TRN14210,Shatabdi TRN14210,Shatabdi
TRN12893,Shatabdi TRN12893,Shatabdi
TRN12489,Rajdhani TRN12489,Rajdhani
TRN12326,Rajdhani TRN12326,Rajdhani
TRN10591,Rajdhani TRN10591,Rajdhani
TRN14358,Rajdhani TRN14358,Rajdhani
TRN14406,Vande Bharat TRN14406,Vande Bharat
TRN14737,Rajdhani TRN14737,Rajdhani
TRN14607,Shatabdi TRN14607,Shatabdi
TRN13590,Vande Bharat TRN13590,Vande Bharat
TRN11710,Rajdhani TRN11710,Rajdhani
TRN11215,Shatabdi TRN11215,Shatabdi
TRN13443,Rajdhani TRN13443,Rajdhani
TRN11041,Rajdhani TRN11041,Rajdhani
TRN12703,Vande Bharat TRN12703,Vande Bharat
TRN11522,Shatabdi TRN11522,Shatabdi
TRN11016,Rajdhani TRN11016,Rajdhani
TRN10379,Vande Bharat TRN10379,Vande Bharat
TRN14459,Superfast TRN14459,Superfast
TRN13821,Shatabdi TRN13821,Shatabdi
TRN14066,Vande Bharat TRN14066,Vande Bharat
TRN14229,Rajdhani TRN14229,Rajdhani
TRN14134,Rajdhani TRN14134,Rajdhani
TRN13801,Passenger TRN13801,Passenger
TRN10451,Vande Bharat TRN10451,Vande Bharat
TRN11977,Rajdhani TRN11977,Rajdhani
TRN13169,Shatabdi TRN13169,Shatabdi
TRN10767,Rajdhani TRN10767,Rajdhani
TRN14867,Passenger TRN14867,Passenger
TRN14569,Vande Bharat TRN14569,Vande Bharat
TRN14220,Shatabdi TRN14220,Shatabdi
TRN13725,Shatabdi TRN13725,Shatabdi
TRN10352,Vande Bharat TRN10352,Vande Bharat
TRN13665,Vande Bharat TRN13665,Vande Bharat
TRN12076,Vande Bharat TRN12076,Vande Bharat
TRN10622,Shatabdi TRN10622,Shatabdi
TRN11245,Shatabdi TRN11245,Shatabdi
TRN13496,Rajdhani TRN13496,Rajdhani
TRN10455,Shatabdi TRN10455,Shatabdi
TRN12412,Vande Bharat TRN12412,Vande Bharat
TRN10183,Shatabdi TRN10183,Shatabdi
TRN12842,Shatabdi TRN12842,Shatabdi
TRN13081,Vande Bharat TRN13081,Vande Bharat
TRN12843,Shatabdi TRN12843,Shatabdi
TRN12469,Shatabdi TRN12469,Shatabdi
TRN14695,Vande Bharat TRN14695,Vande Bharat
TRN11782,Vande Bharat TRN11782,Vande Bharat
TRN14959,Vande Bharat TRN14959,Vande Bharat
TRN11622,Rajdhani TRN11622,Rajdhani
TRN10122,Shatabdi TRN10122,Shatabdi
TRN10030,Vande Bharat TRN10030,Vande Bharat
TRN14904,Rajdhani TRN14904,Rajdhani
TRN10436,Vande Bharat TRN10436,Vande Bharat
TRN13836,Vande Bharat TRN13836,Vande Bharat
TRN11268,Vande Bharat TRN11268,Vande Bharat
TRN12981,Shatabdi TRN12981,Shatabdi
TRN12286,Rajdhani TRN12286,Rajdhani
TRN14418,Rajdhani TRN14418,Rajdhani
TRN10750,Shatabdi TRN10750,Shatabdi
TRN12549,Shatabdi TRN12549,Shatabdi
TRN14236,Rajdhani TRN14236,Rajdhani
TRN14106,Shatabdi TRN14106,Shatabdi
TRN14481,Rajdhani TRN14481,Rajdhani
TRN13962,Shatabdi TRN13962,Shatabdi
TRN10350,Shatabdi TRN10350,Shatabdi
TRN13214,Rajdhani TRN13214,Rajdhani
TRN14592,Shatabdi TRN14592,Shatabdi
TRN10492,Express TRN10492,Express
TRN10582,Vande Bharat TRN10582,Vande Bharat
TRN12403,Rajdhani TRN12403,Rajdhani
TRN11725,Vande Bharat TRN11725,Vande Bharat
TRN10182,Vande Bharat TRN10182,Vande Bharat
TRN11695,Shatabdi TRN11695,Shatabdi
TRN12018,Rajdhani TRN12018,Rajdhani
TRN12219,Shatabdi TRN12219,Shatabdi
TRN10978,Vande Bharat TRN10978,Vande Bharat
TRN14511,Rajdhani TRN14511,Rajdhani
TRN10283,Rajdhani TRN10283,Rajdhani
TRN12790,Rajdhani TRN12790,Rajdhani
TRN10596,Shatabdi TRN10596,Shatabdi
TRN10781,Vande Bharat TRN10781,Vande Bharat
TRN14959,Rajdhani TRN14959,Rajdhani
TRN10347,Rajdhani TRN10347,Rajdhani
TRN11589,Vande Bharat TRN11589,Vande Bharat
TRN12816,Shatabdi TRN12816,Shatabdi
TRN10757,Superfast TRN10757,Superfast
TRN11849,Vande Bharat TRN11849,Vande Bharat
TRN11725,Shatabdi TRN11725,Shatabdi
TRN12599,Vande Bharat TRN12599,Vande Bharat
TRN10349,Vande Bharat TRN10349,Vande Bharat
TRN13404,Passenger TRN13404,Passenger
TRN10338,Vande Bharat TRN10338,Vande Bharat
TRN11676,Rajdhani TRN11676,Rajdhani
TRN12214,Shatabdi TRN12214,Shatabdi
TRN14211,Shatabdi TRN14211,Shatabdi
TRN14562,Vande Bharat TRN14562,Vande Bharat
TRN13382,Rajdhani TRN13382,Rajdhani
TRN11007,Shatabdi TRN11007,Shatabdi
TRN14173,Vande Bharat TRN14173,Vande Bharat
TRN11924,Vande Bharat TRN11924,Vande Bharat
TRN11874,Rajdhani TRN11874,Rajdhani
TRN13273,Rajdhani TRN13273,Rajdhani
TRN11573,Superfast TRN11573,Superfast
TRN12295,Rajdhani TRN12295,Rajdhani
TRN14442,Shatabdi TRN14442,Shatabdi
TRN10364,Rajdhani TRN10364,Rajdhani
TRN13224,Vande Bharat TRN13224,Vande Bharat
TRN13476,Express TRN13476,Express
TRN12765,Vande Bharat TRN12765,Vande Bharat
TRN10718,Vande Bharat TRN10718,Vande Bharat
TRN10762,Shatabdi TRN10762,Shatabdi
TRN12352,Rajdhani TRN12352,Rajdhani
TRN12667,Vande Bharat TRN12667,Vande Bharat
TRN14994,Rajdhani TRN14994,Rajdhani
TRN10831,Superfast TRN10831,Superfast
TRN11726,Shatabdi TRN11726,Shatabdi
TRN11112,Vande Bharat TRN11112,Vande Bharat
TRN12871,Shatabdi TRN12871,Shatabdi
TRN14388,Vande Bharat TRN14388,Vande Bharat
TRN13768,Shatabdi TRN13768,Shatabdi
TRN12220,Shatabdi TRN12220,Shatabdi
TRN14026,Rajdhani TRN14026,Rajdhani
TRN10263,Shatabdi TRN10263,Shatabdi
TRN12882,Passenger TRN12882,Passenger
TRN12415,Rajdhani TRN12415,Rajdhani
TRN12915,Shatabdi TRN12915,Shatabdi
TRN10092,Rajdhani TRN10092,Rajdhani
TRN11890,Passenger TRN11890,Passenger
TRN13815,Rajdhani TRN13815,Rajdhani
TRN14896,Rajdhani TRN14896,Rajdhani
TRN13426,Shatabdi TRN13426,Shatabdi
TRN13866,Rajdhani TRN13866,Rajdhani
TRN14260,Shatabdi TRN14260,Shatabdi
TRN12656,Vande Bharat TRN12656,Vande Bharat
TRN12567,Vande Bharat TRN12567,Vande Bharat
TRN10310,Vande Bharat TRN10310,Vande Bharat
TRN11315,Rajdhani TRN11315,Rajdhani
TRN10396,Rajdhani TRN10396,Rajdhani
TRN12075,Passenger TRN12075,Passenger
TRN10819,Vande Bharat TRN10819,Vande Bharat
TRN11361,Shatabdi TRN11361,Shatabdi
TRN14816,Shatabdi TRN14816,Shatabdi
TRN13230,Vande Bharat TRN13230,Vande Bharat
TRN13014,Rajdhani TRN13014,Rajdhani
TRN10351,Vande Bharat TRN10351,Vande Bharat
TRN10079,Vande Bharat TRN10079,Vande Bharat
TRN10283,Vande Bharat TRN10283,Vande Bharat
TRN11580,Passenger TRN11580,Passenger
TRN14861,Rajdhani TRN14861,Rajdhani
TRN10965,Rajdhani TRN10965,Rajdhani
TRN12262,Rajdhani TRN12262,Rajdhani
TRN13591,Rajdhani TRN13591,Rajdhani
TRN11616,Shatabdi TRN11616,Shatabdi
TRN11509,Rajdhani TRN11509,Rajdhani
TRN12863,Vande Bharat TRN12863,Vande Bharat
TRN14529,Shatabdi TRN14529,Shatabdi
TRN12411,Vande Bharat TRN12411,Vande Bharat
TRN10287,Vande Bharat TRN10287,Vande Bharat
TRN10002,Superfast TRN10002,Superfast
TRN13001,Vande Bharat TRN13001,Vande Bharat
TRN12440,Rajdhani TRN12440,Rajdhani
TRN12786,Shatabdi TRN12786,Shatabdi
TRN13615,Vande Bharat TRN13615,Vande Bharat
TRN12311,Shatabdi TRN12311,Shatabdi
TRN12472,Shatabdi TRN12472,Shatabdi
TRN14588,Rajdhani TRN14588,Rajdhani
TRN10876,Rajdhani TRN10876,Rajdhani
TRN13287,Rajdhani TRN13287,Rajdhani
TRN11224,Vande Bharat TRN11224,Vande Bharat
TRN13644,Vande Bharat TRN13644,Vande Bharat
TRN12689,Passenger TRN12689,Passenger
TRN10465,Vande Bharat TRN10465,Vande Bharat
TRN10771,Rajdhani TRN10771,Rajdhani
TRN11413,Rajdhani TRN11413,Rajdhani
TRN11350,Rajdhani TRN11350,Rajdhani
TRN11845,Rajdhani TRN11845,Rajdhani
TRN11940,Passenger TRN11940,Passenger
TRN14060,Vande Bharat TRN14060,Vande Bharat
TRN14757,Passenger TRN14757,Passenger
TRN10694,Shatabdi TRN10694,Shatabdi
TRN11665,Shatabdi TRN11665,Shatabdi
TRN14355,Shatabdi TRN14355,Shatabdi
TRN12076,Rajdhani TRN12076,Rajdhani
TRN13335,Vande Bharat TRN13335,Vande Bharat
TRN14571,Superfast TRN14571,Superfast
TRN11691,Passenger TRN11691,Passenger
TRN10004,Rajdhani TRN10004,Rajdhani
TRN11119,Vande Bharat TRN11119,Vande Bharat
TRN14702,Rajdhani TRN14702,Rajdhani
TRN13229,Shatabdi TRN13229,Shatabdi
TRN13819,Passenger TRN13819,Passenger
TRN13966,Shatabdi TRN13966,Shatabdi
TRN13259,Shatabdi TRN13259,Shatabdi
TRN12693,Passenger TRN12693,Passenger
TRN14870,Rajdhani TRN14870,Rajdhani
TRN11183,Rajdhani TRN11183,Rajdhani
TRN14799,Vande Bharat TRN14799,Vande Bharat
TRN13274,Shatabdi TRN13274,Shatabdi
TRN13244,Vande Bharat TRN13244,Vande Bharat
TRN11585,Vande Bharat TRN11585,Vande Bharat
TRN11159,Vande Bharat TRN11159,Vande Bharat
TRN10766,Rajdhani TRN10766,Rajdhani
TRN11977,Shatabdi TRN11977,Shatabdi
TRN10776,Rajdhani TRN10776,Rajdhani
TRN10082,Passenger TRN10082,Passenger
TRN10039,Shatabdi TRN10039,Shatabdi
TRN10931,Passenger TRN10931,Passenger
TRN12802,Shatabdi TRN12802,Shatabdi
TRN13965,Superfast TRN13965,Superfast
TRN12382,Rajdhani TRN12382,Rajdhani
TRN13853,Vande Bharat TRN13853,Vande Bharat
TRN13056,Vande Bharat TRN13056,Vande Bharat
TRN13804,Vande Bharat TRN13804,Vande Bharat
TRN11542,Passenger TRN11542,Passenger
TRN12385,Shatabdi TRN12385,Shatabdi
TRN13117,Shatabdi TRN13117,Shatabdi
TRN10215,Rajdhani TRN10215,Rajdhani
TRN10360,Vande Bharat TRN10360,Vande Bharat
TRN13090,Vande Bharat TRN13090,Vande Bharat
TRN11774,Shatabdi TRN11774,Shatabdi
TRN12118,Express TRN12118,Express
TRN12078,Rajdhani TRN12078,Rajdhani
TRN12591,Rajdhani TRN12591,Rajdhani
TRN14869,Passenger TRN14869,Passenger
TRN11680,Shatabdi TRN11680,Shatabdi
TRN10850,Rajdhani TRN10850,Rajdhani
TRN14926,Passenger TRN14926,Passenger
TRN11303,Shatabdi TRN11303,Shatabdi
TRN14368,Shatabdi TRN14368,Shatabdi
TRN12897,Vande Bharat TRN12897,Vande Bharat
TRN14744,Rajdhani TRN14744,Rajdhani
TRN13951,Vande Bharat TRN13951,Vande Bharat
TRN13388,Shatabdi TRN13388,Shatabdi
TRN10600,Superfast TRN10600,Superfast
TRN11254,Shatabdi TRN11254,Shatabdi
TRN14008,Shatabdi TRN14008,Shatabdi
TRN11286,Rajdhani TRN11286,Rajdhani
TRN13156,Rajdhani TRN13156,Rajdhani
TRN12830,Rajdhani TRN12830,Rajdhani
TRN10533,Shatabdi TRN10533,Shatabdi
TRN10428,Rajdhani TRN10428,Rajdhani
TRN10436,Rajdhani TRN10436,Rajdhani
TRN10262,Rajdhani TRN10262,Rajdhani
TRN11384,Passenger TRN11384,Passenger
TRN14135,Shatabdi TRN14135,Shatabdi
TRN11858,Vande Bharat TRN11858,Vande Bharat
TRN12830,Shatabdi TRN12830,Shatabdi
TRN11573,Vande Bharat TRN11573,Vande Bharat
TRN12161,Vande Bharat TRN12161,Vande Bharat
TRN11957,Rajdhani TRN11957,Rajdhani
TRN10305,Shatabdi TRN10305,Shatabdi
TRN13417,Vande Bharat TRN13417,Vande Bharat
TRN10913,Vande Bharat TRN10913,Vande Bharat
TRN14889,Vande Bharat TRN14889,Vande Bharat
TRN14525,Shatabdi TRN14525,Shatabdi
TRN11928,Shatabdi TRN11928,Shatabdi
TRN13410,Vande Bharat TRN13410,Vande Bharat
TRN10639,Shatabdi TRN10639,Shatabdi
TRN10267,Rajdhani TRN10267,Rajdhani
TRN12730,Rajdhani TRN12730,Rajdhani
TRN14212,Shatabdi TRN14212,Shatabdi
TRN14883,Vande Bharat TRN14883,Vande Bharat
TRN11841,Vande Bharat TRN11841,Vande Bharat
TRN10540,Vande Bharat TRN10540,Vande Bharat
TRN14862,Rajdhani TRN14862,Rajdhani
TRN14576,Rajdhani TRN14576,Rajdhani
TRN12684,Vande Bharat TRN12684,Vande Bharat
TRN14331,Shatabdi TRN14331,Shatabdi
TRN13606,Vande Bharat TRN13606,Vande Bharat
TRN14080,Rajdhani TRN14080,Rajdhani
TRN10602,Shatabdi TRN10602,Shatabdi
TRN13731,Rajdhani TRN13731,Rajdhani
TRN12979,Vande Bharat TRN12979,Vande Bharat
TRN13846,Shatabdi TRN13846,Shatabdi
TRN13130,Vande Bharat TRN13130,Vande Bharat
TRN11114,Vande Bharat TRN11114,Vande Bharat
TRN14967,Rajdhani TRN14967,Rajdhani
TRN10575,Rajdhani TRN10575,Rajdhani
TRN11873,Shatabdi TRN11873,Shatabdi
TRN11623,Shatabdi TRN11623,Shatabdi
TRN10729,Rajdhani TRN10729,Rajdhani
TRN10403,Shatabdi TRN10403,Shatabdi
TRN11995,Shatabdi TRN11995,Shatabdi
TRN14869,Shatabdi TRN14869,Shatabdi
TRN14075,Vande Bharat TRN14075,Vande Bharat
TRN12189,Shatabdi TRN12189,Shatabdi
TRN12867,Passenger TRN12867,Passenger
TRN10612,Rajdhani TRN10612,Rajdhani
TRN11593,Vande Bharat TRN11593,Vande Bharat
TRN13121,Rajdhani TRN13121,Rajdhani
TRN13941,Vande Bharat TRN13941,Vande Bharat
TRN14970,Vande Bharat TRN14970,Vande Bharat
TRN12984,Shatabdi TRN12984,Shatabdi
TRN11765,Rajdhani TRN11765,Rajdhani
TRN14232,Rajdhani TRN14232,Rajdhani
TRN11012,Shatabdi TRN11012,Shatabdi
TRN13618,Vande Bharat TRN13618,Vande Bharat
TRN10523,Rajdhani TRN10523,Rajdhani
TRN14447,Vande Bharat TRN14447,Vande Bharat
TRN13122,Vande Bharat TRN13122,Vande Bharat
TRN13559,Vande Bharat TRN13559,Vande Bharat
TRN14289,Vande Bharat TRN14289,Vande Bharat
TRN13614,Superfast TRN13614,Superfast
TRN12232,Vande Bharat TRN12232,Vande Bharat
TRN10271,Rajdhani TRN10271,Rajdhani
TRN10745,Vande Bharat TRN10745,Vande Bharat
TRN13284,Vande Bharat TRN13284,Vande Bharat
TRN10097,Vande Bharat TRN10097,Vande Bharat
TRN10380,Rajdhani TRN10380,Rajdhani
TRN12191,Rajdhani TRN12191,Rajdhani
TRN12450,Shatabdi TRN12450,Shatabdi
TRN13673,Shatabdi TRN13673,Shatabdi
TRN14997,Rajdhani TRN14997,Rajdhani
TRN13399,Vande Bharat TRN13399,Vande Bharat
TRN14507,Vande Bharat TRN14507,Vande Bharat
TRN14340,Vande Bharat TRN14340,Vande Bharat
TRN14527,Vande Bharat TRN14527,Vande Bharat
TRN12056,Rajdhani TRN12056,Rajdhani
TRN14927,Shatabdi TRN14927,Shatabdi
TRN11706,Rajdhani TRN11706,Rajdhani
TRN12397,Vande Bharat TRN12397,Vande Bharat
TRN12027,Shatabdi TRN12027,Shatabdi
TRN12124,Passenger TRN12124,Passenger
TRN11024,Rajdhani TRN11024,Rajdhani
TRN14478,Rajdhani TRN14478,Rajdhani
TRN12557,Vande Bharat TRN12557,Vande Bharat
TRN14067,Vande Bharat TRN14067,Vande Bharat
TRN13115,Shatabdi TRN13115,Shatabdi
TRN10970,Express TRN10970,Express
TRN13688,Shatabdi TRN13688,Shatabdi
TRN13071,Vande Bharat TRN13071,Vande Bharat
TRN13024,Shatabdi TRN13024,Shatabdi
TRN14292,Rajdhani TRN14292,Rajdhani
TRN13904,Passenger TRN13904,Passenger
TRN10580,Shatabdi TRN10580,Shatabdi
TRN10038,Rajdhani TRN10038,Rajdhani
TRN14363,Vande Bharat TRN14363,Vande Bharat
TRN11177,Shatabdi TRN11177,Shatabdi
TRN11138,Vande Bharat TRN11138,Vande Bharat
TRN10079,Passenger TRN10079,Passenger
TRN11657,Vande Bharat TRN11657,Vande Bharat
TRN10965,Vande Bharat TRN10965,Vande Bharat
TRN10569,Superfast TRN10569,Superfast
TRN13334,Shatabdi TRN13334,Shatabdi
TRN14291,Shatabdi TRN14291,Shatabdi
TRN11720,Shatabdi TRN11720,Shatabdi
TRN10150,Vande Bharat TRN10150,Vande Bharat
TRN14511,Shatabdi TRN14511,Shatabdi
TRN13768,Rajdhani TRN13768,Rajdhani
TRN10487,Rajdhani TRN10487,Rajdhani
TRN14326,Shatabdi TRN14326,Shatabdi
TRN10175,Shatabdi TRN10175,Shatabdi
TRN14142,Shatabdi TRN14142,Shatabdi
TRN13769,Vande Bharat TRN13769,Vande Bharat
TRN14478,Shatabdi TRN14478,Shatabdi
TRN10000,Vande Bharat TRN10000,Vande Bharat
TRN13677,Vande Bharat TRN13677,Vande Bharat
TRN12292,Superfast TRN12292,Superfast
TRN13958,Shatabdi TRN13958,Shatabdi
TRN12998,Shatabdi TRN12998,Shatabdi
TRN11268,Shatabdi TRN11268,Shatabdi
TRN11782,Shatabdi TRN11782,Shatabdi
TRN12056,Shatabdi TRN12056,Shatabdi
TRN13606,Rajdhani TRN13606,Rajdhani
TRN14602,Passenger TRN14602,Passenger
TRN14245,Vande Bharat TRN14245,Vande Bharat
TRN13347,Vande Bharat TRN13347,Vande Bharat
TRN13206,Vande Bharat TRN13206,Vande Bharat
TRN12548,Shatabdi TRN12548,Shatabdi
TRN11228,Passenger TRN11228,Passenger
TRN12397,Shatabdi TRN12397,Shatabdi
TRN14370,Rajdhani TRN14370,Rajdhani
TRN13793,Shatabdi TRN13793,Shatabdi
TRN13611,Rajdhani TRN13611,Rajdhani
TRN13482,Vande Bharat TRN13482,Vande Bharat
TRN10418,Vande Bharat TRN10418,Vande Bharat
TRN12933,Shatabdi TRN12933,Shatabdi
TRN14119,Shatabdi TRN14119,Shatabdi
TRN12922,Rajdhani TRN12922,Rajdhani
TRN13530,Rajdhani TRN13530,Rajdhani
TRN12499,Rajdhani TRN12499,Rajdhani
TRN13292,Shatabdi TRN13292,Shatabdi
TRN13856,Shatabdi TRN13856,Shatabdi
TRN10099,Shatabdi TRN10099,Shatabdi
TRN14164,Rajdhani TRN14164,Rajdhani
TRN12769,Shatabdi TRN12769,Shatabdi
TRN13810,Shatabdi TRN13810,Shatabdi
TRN14306,Passenger TRN14306,Passenger
TRN13860,Vande Bharat TRN13860,Vande Bharat
TRN11468,Rajdhani TRN11468,Rajdhani
TRN13728,Rajdhani TRN13728,Rajdhani
TRN12146,Rajdhani TRN12146,Rajdhani
TRN13224,Rajdhani TRN13224,Rajdhani
TRN12137,Shatabdi TRN12137,Shatabdi
TRN14055,Rajdhani TRN14055,Rajdhani
TRN12178,Superfast TRN12178,Superfast
TRN11126,Passenger TRN11126,Passenger
TRN10685,Vande Bharat TRN10685,Vande Bharat
TRN14589,Vande Bharat TRN14589,Vande Bharat
TRN11757,Passenger TRN11757,Passenger
TRN10749,Vande Bharat TRN10749,Vande Bharat
TRN14918,Shatabdi TRN14918,Shatabdi
TRN10855,Rajdhani TRN10855,Rajdhani
TRN10284,Rajdhani TRN10284,Rajdhani
TRN14686,Rajdhani TRN14686,Rajdhani
TRN11937,Shatabdi TRN11937,Shatabdi
TRN12854,Shatabdi TRN12854,Shatabdi
TRN11276,Rajdhani TRN11276,Rajdhani
TRN14429,Rajdhani TRN14429,Rajdhani
TRN11463,Vande Bharat TRN11463,Vande Bharat
TRN11768,Rajdhani TRN11768,Rajdhani
TRN12148,Vande Bharat TRN12148,Vande Bharat
TRN10251,Shatabdi TRN10251,Shatabdi
TRN13653,Vande Bharat TRN13653,Vande Bharat
TRN14209,Shatabdi TRN14209,Shatabdi
TRN14091,Vande Bharat TRN14091,Vande Bharat
TRN11822,Rajdhani TRN11822,Rajdhani
TRN12716,Shatabdi TRN12716,Shatabdi
TRN11823,Vande Bharat TRN11823,Vande Bharat
TRN10568,Vande Bharat TRN10568,Vande Bharat
TRN11449,Rajdhani TRN11449,Rajdhani
TRN10230,Superfast TRN10230,Superfast
TRN13492,Passenger TRN13492,Passenger
TRN12992,Rajdhani TRN12992,Rajdhani
TRN13738,Shatabdi TRN13738,Shatabdi
TRN12279,Shatabdi TRN12279,Shatabdi
TRN10263,Superfast TRN10263,Superfast
TRN11498,Rajdhani TRN11498,Rajdhani
TRN12854,Rajdhani TRN12854,Rajdhani
TRN11943,Shatabdi TRN11943,Shatabdi
TRN10378,Vande Bharat TRN10378,Vande Bharat
TRN14419,Rajdhani TRN14419,Rajdhani
TRN12981,Superfast TRN12981,Superfast
TRN14378,Passenger TRN14378,Passenger
TRN12071,Shatabdi TRN12071,Shatabdi
TRN13903,Shatabdi TRN13903,Shatabdi
TRN11552,Vande Bharat TRN11552,Vande Bharat
TRN10761,Shatabdi TRN10761,Shatabdi
TRN12779,Shatabdi TRN12779,Shatabdi
TRN14783,Passenger TRN14783,Passenger
TRN13709,Rajdhani TRN13709,Rajdhani
TRN11413,Passenger TRN11413,Passenger
TRN13864,Rajdhani TRN13864,Rajdhani
TRN13187,Vande Bharat TRN13187,Vande Bharat
TRN13122,Rajdhani TRN13122,Rajdhani
TRN12888,Rajdhani TRN12888,Rajdhani
TRN13068,Superfast TRN13068,Superfast
TRN10324,Rajdhani TRN10324,Rajdhani
TRN11353,Shatabdi TRN11353,Shatabdi
TRN14009,Rajdhani TRN14009,Rajdhani
TRN10723,Rajdhani TRN10723,Rajdhani
TRN14547,Passenger TRN14547,Passenger
TRN12323,Shatabdi TRN12323,Shatabdi
TRN14086,Superfast TRN14086,Superfast
TRN12975,Rajdhani TRN12975,Rajdhani
TRN12780,Shatabdi TRN12780,Shatabdi
TRN13102,Vande Bharat TRN13102,Vande Bharat
TRN14557,Shatabdi TRN14557,Shatabdi
TRN11804,Passenger TRN11804,Passenger
TRN14360,Vande Bharat TRN14360,Vande Bharat
TRN12894,Vande Bharat TRN12894,Vande Bharat
TRN14749,Rajdhani TRN14749,Rajdhani
TRN14639,Passenger TRN14639,Passenger
TRN12977,Vande Bharat TRN12977,Vande Bharat
TRN13081,Shatabdi TRN13081,Shatabdi
TRN13712,Rajdhani TRN13712,Rajdhani
TRN11493,Shatabdi TRN11493,Shatabdi
TRN10431,Rajdhani TRN10431,Rajdhani
TRN14649,Passenger TRN14649,Passenger
TRN13834,Rajdhani TRN13834,Rajdhani
TRN13471,Shatabdi TRN13471,Shatabdi
TRN13975,Vande Bharat TRN13975,Vande Bharat
TRN10804,Vande Bharat TRN10804,Vande Bharat
TRN10004,Shatabdi TRN10004,Shatabdi
TRN10828,Rajdhani TRN10828,Rajdhani
TRN14652,Rajdhani TRN14652,Rajdhani
TRN12173,Rajdhani TRN12173,Rajdhani
TRN11605,Rajdhani TRN11605,Rajdhani
TRN10161,Shatabdi TRN10161,Shatabdi
TRN10478,Rajdhani TRN10478,Rajdhani
TRN14833,Vande Bharat TRN14833,Vande Bharat
TRN13475,Vande Bharat TRN13475,Vande Bharat
TRN14875,Rajdhani TRN14875,Rajdhani
TRN13486,Rajdhani TRN13486,Rajdhani
TRN13023,Shatabdi TRN13023,Shatabdi
TRN12579,Shatabdi TRN12579,Shatabdi
TRN11829,Vande Bharat TRN11829,Vande Bharat
TRN13714,Passenger TRN13714,Passenger
TRN14645,Rajdhani TRN14645,Rajdhani
TRN11047,Vande Bharat TRN11047,Vande Bharat
TRN10502,Vande Bharat TRN10502,Vande Bharat
TRN13065,Shatabdi TRN13065,Shatabdi
TRN13024,Rajdhani TRN13024,Rajdhani
TRN14409,Rajdhani TRN14409,Rajdhani
TRN11350,Passenger TRN11350,Passenger
TRN12268,Vande Bharat TRN12268,Vande Bharat
TRN11069,Rajdhani TRN11069,Rajdhani
TRN11523,Shatabdi TRN11523,Shatabdi
TRN14293,Rajdhani TRN14293,Rajdhani
TRN13103,Vande Bharat TRN13103,Vande Bharat
TRN10303,Passenger TRN10303,Passenger
TRN10359,Rajdhani TRN10359,Rajdhani
TRN12672,Vande Bharat TRN12672,Vande Bharat
TRN13342,Superfast TRN13342,Superfast
TRN10327,Shatabdi TRN10327,Shatabdi
TRN11938,Vande Bharat TRN11938,Vande Bharat
TRN14874,Shatabdi TRN14874,Shatabdi
TRN11421,Vande Bharat TRN11421,Vande Bharat
TRN12024,Rajdhani TRN12024,Rajdhani
TRN14533,Rajdhani TRN14533,Rajdhani
TRN13525,Vande Bharat TRN13525,Vande Bharat
TRN10070,Rajdhani TRN10070,Rajdhani
TRN12714,Vande Bharat TRN12714,Vande Bharat
TRN14503,Vande Bharat TRN14503,Vande Bharat
TRN10932,Shatabdi TRN10932,Shatabdi
TRN10261,Rajdhani TRN10261,Rajdhani
TRN11130,Shatabdi TRN11130,Shatabdi
TRN11376,Shatabdi TRN11376,Shatabdi
TRN11941,Shatabdi TRN11941,Shatabdi
TRN11511,Passenger TRN11511,Passenger
TRN10176,Vande Bharat TRN10176,Vande Bharat
TRN13797,Vande Bharat TRN13797,Vande Bharat
TRN10612,Passenger TRN10612,Passenger
TRN10430,Vande Bharat TRN10430,Vande Bharat
TRN12404,Rajdhani TRN12404,Rajdhani
TRN14525,Rajdhani TRN14525,Rajdhani
TRN10889,Shatabdi TRN10889,Shatabdi
TRN13749,Vande Bharat TRN13749,Vande Bharat
TRN11339,Passenger TRN11339,Passenger
TRN11056,Rajdhani TRN11056,Rajdhani
TRN13192,Rajdhani TRN13192,Rajdhani
TRN10295,Rajdhani TRN10295,Rajdhani
TRN11092,Vande Bharat TRN11092,Vande Bharat
TRN11581,Vande Bharat TRN11581,Vande Bharat
TRN13053,Vande Bharat TRN13053,Vande Bharat
TRN13674,Shatabdi TRN13674,Shatabdi
TRN11320,Rajdhani TRN11320,Rajdhani
TRN10039,Rajdhani TRN10039,Rajdhani
TRN10003,Shatabdi TRN10003,Shatabdi
TRN13976,Shatabdi TRN13976,Shatabdi
TRN10584,Rajdhani TRN10584,Rajdhani
TRN10554,Vande Bharat TRN10554,Vande Bharat
TRN11940,Shatabdi TRN11940,Shatabdi
TRN10471,Shatabdi TRN10471,Shatabdi
TRN11303,Rajdhani TRN11303,Rajdhani
TRN13299,Shatabdi TRN13299,Shatabdi
TRN13786,Shatabdi TRN13786,Shatabdi
TRN14251,Superfast TRN14251,Superfast
TRN14130,Rajdhani TRN14130,Rajdhani
TRN11778,Rajdhani TRN11778,Rajdhani
TRN14942,Rajdhani TRN14942,Rajdhani
TRN14882,Shatabdi TRN14882,Shatabdi
TRN12867,Rajdhani TRN12867,Rajdhani
TRN11679,Shatabdi TRN11679,Shatabdi
TRN14647,Vande Bharat TRN14647,Vande Bharat
TRN11896,Shatabdi TRN11896,Shatabdi
TRN11901,Passenger TRN11901,Passenger
TRN11026,Rajdhani TRN11026,Rajdhani
TRN12507,Shatabdi TRN12507,Shatabdi
TRN10041,Shatabdi TRN10041,Shatabdi
TRN14334,Vande Bharat TRN14334,Vande Bharat
TRN14980,Rajdhani TRN14980,Rajdhani
TRN10859,Shatabdi TRN10859,Shatabdi
TRN13297,Rajdhani TRN13297,Rajdhani
TRN14044,Shatabdi TRN14044,Shatabdi
TRN10469,Shatabdi TRN10469,Shatabdi
TRN11165,Rajdhani TRN11165,Rajdhani
TRN10907,Rajdhani TRN10907,Rajdhani
TRN11309,Vande Bharat TRN11309,Vande Bharat
TRN11666,Vande Bharat TRN11666,Vande Bharat
TRN11019,Rajdhani TRN11019,Rajdhani
TRN12035,Superfast TRN12035,Superfast
TRN11458,Rajdhani TRN11458,Rajdhani
TRN12151,Vande Bharat TRN12151,Vande Bharat
TRN13538,Vande Bharat TRN13538,Vande Bharat
TRN14140,Vande Bharat TRN14140,Vande Bharat
TRN13854,Passenger TRN13854,Passenger
TRN10552,Shatabdi TRN10552,Shatabdi
TRN14007,Shatabdi TRN14007,Shatabdi
TRN10655,Shatabdi TRN10655,Shatabdi
TRN11205,Rajdhani TRN11205,Rajdhani
TRN12932,Vande Bharat TRN12932,Vande Bharat
TRN13576,Rajdhani TRN13576,Rajdhani
TRN12452,Rajdhani TRN12452,Rajdhani
TRN10245,Shatabdi TRN10245,Shatabdi
TRN14157,Vande Bharat TRN14157,Vande Bharat
TRN12989,Vande Bharat TRN12989,Vande Bharat
TRN14630,Vande Bharat TRN14630,Vande Bharat
TRN13696,Superfast TRN13696,Superfast
TRN11756,Shatabdi TRN11756,Shatabdi
TRN11463,Shatabdi TRN11463,Shatabdi
TRN13344,Superfast TRN13344,Superfast
TRN12724,Shatabdi TRN12724,Shatabdi
TRN14184,Rajdhani TRN14184,Rajdhani
TRN13488,Shatabdi TRN13488,Shatabdi
TRN10558,Vande Bharat TRN10558,Vande Bharat
TRN10122,Rajdhani TRN10122,Rajdhani
TRN11372,Shatabdi TRN11372,Shatabdi
TRN11947,Vande Bharat TRN11947,Vande Bharat
TRN11290,Shatabdi TRN11290,Shatabdi
TRN13431,Superfast TRN13431,Superfast
TRN11053,Shatabdi TRN11053,Shatabdi
TRN11089,Vande Bharat TRN11089,Vande Bharat
TRN14143,Vande Bharat TRN14143,Vande Bharat
TRN10632,Passenger TRN10632,Passenger
TRN11150,Vande Bharat TRN11150,Vande Bharat
TRN13040,Shatabdi TRN13040,Shatabdi
TRN10788,Vande Bharat TRN10788,Vande Bharat
TRN14944,Rajdhani TRN14944,Rajdhani
TRN10128,Vande Bharat TRN10128,Vande Bharat
TRN12304,Shatabdi TRN12304,Shatabdi
TRN10675,Vande Bharat TRN10675,Vande Bharat
TRN11423,Rajdhani TRN11423,Rajdhani
TRN12109,Rajdhani TRN12109,Rajdhani
TRN10690,Rajdhani TRN10690,Rajdhani
TRN10021,Shatabdi TRN10021,Shatabdi
TRN12490,Vande Bharat TRN12490,Vande Bharat
TRN12825,Shatabdi TRN12825,Shatabdi
TRN13833,Vande Bharat TRN13833,Vande Bharat
TRN13300,Vande Bharat TRN13300,Vande Bharat
TRN11684,Vande Bharat TRN11684,Vande Bharat
TRN11437,Vande Bharat TRN11437,Vande Bharat
TRN11856,Rajdhani TRN11856,Rajdhani
TRN14750,Shatabdi TRN14750,Shatabdi
TRN12107,Rajdhani TRN12107,Rajdhani
TRN12837,Vande Bharat TRN12837,Vande Bharat
TRN12414,Vande Bharat TRN12414,Vande Bharat
TRN12920,Vande Bharat TRN12920,Vande Bharat
TRN13720,Vande Bharat TRN13720,Vande Bharat
TRN12172,Vande Bharat TRN12172,Vande Bharat
TRN10147,Shatabdi TRN10147,Shatabdi
TRN11992,Rajdhani TRN11992,Rajdhani
TRN12781,Rajdhani TRN12781,Rajdhani
TRN11022,Vande Bharat TRN11022,Vande Bharat
TRN14513,Vande Bharat TRN14513,Vande Bharat
TRN10658,Shatabdi TRN10658,Shatabdi
TRN14324,Shatabdi TRN14324,Shatabdi
TRN10924,Rajdhani TRN10924,Rajdhani
TRN11481,Shatabdi TRN11481,Shatabdi
TRN11173,Shatabdi TRN11173,Shatabdi
TRN14460,Shatabdi TRN14460,Shatabdi
TRN14963,Vande Bharat TRN14963,Vande Bharat
TRN11844,Shatabdi TRN11844,Shatabdi
TRN13286,Shatabdi TRN13286,Shatabdi
TRN10153,Rajdhani TRN10153,Rajdhani
TRN11168,Rajdhani TRN11168,Rajdhani
TRN11242,Shatabdi TRN11242,Shatabdi
TRN11648,Vande Bharat TRN11648,Vande Bharat
TRN11574,Vande Bharat TRN11574,Vande Bharat
TRN11999,Shatabdi TRN11999,Shatabdi
TRN12036,Vande Bharat TRN12036,Vande Bharat
TRN13964,Rajdhani TRN13964,Rajdhani
TRN10309,Rajdhani TRN10309,Rajdhani
TRN11979,Shatabdi TRN11979,Shatabdi
TRN10258,Shatabdi TRN10258,Shatabdi
TRN11616,Vande Bharat TRN11616,Vande Bharat
TRN11431,Vande Bharat TRN11431,Vande Bharat
TRN11315,Vande Bharat TRN11315,Vande Bharat
TRN11612,Vande Bharat TRN11612,Vande Bharat
TRN13959,Vande Bharat TRN13959,Vande Bharat
TRN13011,Vande Bharat TRN13011,Vande Bharat
TRN12954,Shatabdi TRN12954,Shatabdi
TRN14830,Rajdhani TRN14830,Rajdhani
TRN11244,Shatabdi TRN11244,Shatabdi
TRN12161,Shatabdi TRN12161,Shatabdi
TRN13711,Rajdhani TRN13711,Rajdhani
TRN14614,Rajdhani TRN14614,Rajdhani
TRN14257,Shatabdi TRN14257,Shatabdi
TRN10206,Shatabdi TRN10206,Shatabdi
TRN13239,Shatabdi TRN13239,Shatabdi
TRN14573,Shatabdi TRN14573,Shatabdi
TRN13647,Shatabdi TRN13647,Shatabdi
TRN14439,Vande Bharat TRN14439,Vande Bharat
TRN13840,Rajdhani TRN13840,Rajdhani
TRN14310,Passenger TRN14310,Passenger
TRN12666,Vande Bharat TRN12666,Vande Bharat
TRN12936,Rajdhani TRN12936,Rajdhani
TRN10651,Vande Bharat TRN10651,Vande Bharat
TRN12760,Shatabdi TRN12760,Shatabdi
TRN13615,Shatabdi TRN13615,Shatabdi
TRN12612,Vande Bharat TRN12612,Vande Bharat
TRN10549,Vande Bharat TRN10549,Vande Bharat
TRN14035,Rajdhani TRN14035,Rajdhani
TRN14492,Rajdhani TRN14492,Rajdhani
TRN14449,Vande Bharat TRN14449,Vande Bharat
TRN10291,Shatabdi TRN10291,Shatabdi
TRN12533,Vande Bharat TRN12533,Vande Bharat
TRN12329,Rajdhani TRN12329,Rajdhani
TRN10505,Vande Bharat TRN10505,Vande Bharat
TRN12475,Vande Bharat TRN12475,Vande Bharat
TRN12003,Rajdhani TRN12003,Rajdhani
TRN13137,Shatabdi TRN13137,Shatabdi
TRN10777,Rajdhani TRN10777,Rajdhani
TRN11582,Shatabdi TRN11582,Shatabdi
TRN11951,Rajdhani TRN11951,Rajdhani
TRN13904,Vande Bharat TRN13904,Vande Bharat
TRN11761,Vande Bharat TRN11761,Vande Bharat
TRN10030,Shatabdi TRN10030,Shatabdi
TRN13368,Vande Bharat TRN13368,Vande Bharat
TRN10461,Vande Bharat TRN10461,Vande Bharat
TRN12327,Rajdhani TRN12327,Rajdhani
TRN14438,Vande Bharat TRN14438,Vande Bharat
TRN12769,Vande Bharat TRN12769,Vande Bharat
TRN10059,Superfast TRN10059,Superfast
TRN10489,Rajdhani TRN10489,Rajdhani
TRN11090,Passenger TRN11090,Passenger
TRN14124,Shatabdi TRN14124,Shatabdi
TRN11142,Vande Bharat TRN11142,Vande Bharat
TRN10986,Rajdhani TRN10986,Rajdhani
TRN14594,Rajdhani TRN14594,Rajdhani
TRN11839,Vande Bharat TRN11839,Vande Bharat
TRN10874,Vande Bharat TRN10874,Vande Bharat
TRN10019,Shatabdi TRN10019,Shatabdi
TRN11283,Vande Bharat TRN11283,Vande Bharat
TRN14378,Vande Bharat TRN14378,Vande Bharat
TRN11048,Rajdhani TRN11048,Rajdhani
TRN12404,Vande Bharat TRN12404,Vande Bharat
TRN13929,Shatabdi TRN13929,Shatabdi
TRN14233,Shatabdi TRN14233,Shatabdi
TRN13782,Rajdhani TRN13782,Rajdhani
TRN12712,Rajdhani TRN12712,Rajdhani
TRN14992,Express TRN14992,Express
TRN11685,Shatabdi TRN11685,Shatabdi
TRN11702,Vande Bharat TRN11702,Vande Bharat
TRN14141,Shatabdi TRN14141,Shatabdi
TRN13853,Shatabdi TRN13853,Shatabdi
TRN12003,Shatabdi TRN12003,Shatabdi
TRN14393,Vande Bharat TRN14393,Vande Bharat
TRN11436,Vande Bharat TRN11436,Vande Bharat
TRN13668,Shatabdi TRN13668,Shatabdi
TRN14684,Rajdhani TRN14684,Rajdhani
TRN11316,Shatabdi TRN11316,Shatabdi
TRN13940,Vande Bharat TRN13940,Vande Bharat
TRN10158,Rajdhani TRN10158,Rajdhani
TRN11286,Vande Bharat TRN11286,Vande Bharat
TRN12703,Shatabdi TRN12703,Shatabdi
TRN13266,Vande Bharat TRN13266,Vande Bharat
TRN10763,Shatabdi TRN10763,Shatabdi
TRN10494,Rajdhani TRN10494,Rajdhani
TRN11459,Rajdhani TRN11459,Rajdhani
TRN13617,Shatabdi TRN13617,Shatabdi
TRN10716,Rajdhani TRN10716,Rajdhani
TRN11917,Rajdhani TRN11917,Rajdhani
TRN14073,Shatabdi TRN14073,Shatabdi
TRN14653,Vande Bharat TRN14653,Vande Bharat
TRN12512,Shatabdi TRN12512,Shatabdi
TRN12225,Passenger TRN12225,Passenger
TRN12687,Rajdhani TRN12687,Rajdhani
TRN12878,Superfast TRN12878,Superfast
TRN10321,Vande Bharat TRN10321,Vande Bharat
TRN11678,Rajdhani TRN11678,Rajdhani
TRN10616,Vande Bharat TRN10616,Vande Bharat
TRN10138,Shatabdi TRN10138,Shatabdi
TRN12065,Rajdhani TRN12065,Rajdhani
TRN12510,Shatabdi TRN12510,Shatabdi
TRN13406,Vande Bharat TRN13406,Vande Bharat
TRN14989,Rajdhani TRN14989,Rajdhani
TRN11257,Superfast TRN11257,Superfast
TRN10117,Rajdhani TRN10117,Rajdhani
TRN10439,Passenger TRN10439,Passenger
TRN11965,Vande Bharat TRN11965,Vande Bharat
TRN12922,Shatabdi TRN12922,Shatabdi
TRN14418,Vande Bharat TRN14418,Vande Bharat
TRN13554,Shatabdi TRN13554,Shatabdi
TRN10343,Vande Bharat TRN10343,Vande Bharat
TRN10102,Rajdhani TRN10102,Rajdhani
TRN13414,Vande Bharat TRN13414,Vande Bharat
TRN12826,Shatabdi TRN12826,Shatabdi
TRN10265,Vande Bharat TRN10265,Vande Bharat
TRN11114,Shatabdi TRN11114,Shatabdi
TRN14237,Shatabdi TRN14237,Shatabdi
TRN13898,Rajdhani TRN13898,Rajdhani
TRN12132,Rajdhani TRN12132,Rajdhani
TRN10467,Rajdhani TRN10467,Rajdhani
TRN13256,Rajdhani TRN13256,Rajdhani
TRN11492,Rajdhani TRN11492,Rajdhani
TRN10780,Shatabdi TRN10780,Shatabdi
TRN12633,Vande Bharat TRN12633,Vande Bharat
TRN14954,Vande Bharat TRN14954,Vande Bharat
TRN10882,Rajdhani TRN10882,Rajdhani
TRN10225,Shatabdi TRN10225,Shatabdi
TRN10542,Vande Bharat TRN10542,Vande Bharat
TRN10589,Shatabdi TRN10589,Shatabdi
TRN11696,Vande Bharat TRN11696,Vande Bharat
TRN14214,Rajdhani TRN14214,Rajdhani
TRN11544,Vande Bharat TRN11544,Vande Bharat
TRN12040,Superfast TRN12040,Superfast
TRN13845,Shatabdi TRN13845,Shatabdi
TRN12012,Shatabdi TRN12012,Shatabdi
TRN12620,Rajdhani TRN12620,Rajdhani
TRN12307,Rajdhani TRN12307,Rajdhani
TRN11343,Vande Bharat TRN11343,Vande Bharat
TRN11425,Rajdhani TRN11425,Rajdhani
TRN13536,Shatabdi TRN13536,Shatabdi
TRN13768,Passenger TRN13768,Passenger
TRN13779,Rajdhani TRN13779,Rajdhani
TRN12368,Rajdhani TRN12368,Rajdhani
TRN14288,Rajdhani TRN14288,Rajdhani
TRN13069,Vande Bharat TRN13069,Vande Bharat
TRN14684,Vande Bharat TRN14684,Vande Bharat
TRN14158,Rajdhani TRN14158,Rajdhani
TRN12798,Shatabdi TRN12798,Shatabdi
TRN12168,Rajdhani TRN12168,Rajdhani
TRN14146,Shatabdi TRN14146,Shatabdi
TRN10719,Shatabdi TRN10719,Shatabdi
TRN14550,Rajdhani TRN14550,Rajdhani
TRN12631,Shatabdi TRN12631,Shatabdi
TRN10470,Vande Bharat TRN10470,Vande Bharat
TRN14284,Rajdhani TRN14284,Rajdhani
TRN10265,Shatabdi TRN10265,Shatabdi
TRN11837,Vande Bharat TRN11837,Vande Bharat
TRN12385,Vande Bharat TRN12385,Vande Bharat
TRN14571,Rajdhani TRN14571,Rajdhani
TRN10142,Vande Bharat TRN10142,Vande Bharat
TRN13303,Rajdhani TRN13303,Rajdhani
TRN14947,Rajdhani TRN14947,Rajdhani
TRN13827,Vande Bharat TRN13827,Vande Bharat
TRN10489,Shatabdi TRN10489,Shatabdi
TRN14543,Rajdhani TRN14543,Rajdhani
TRN10597,Rajdhani TRN10597,Rajdhani
TRN12834,Shatabdi TRN12834,Shatabdi
TRN12187,Vande Bharat TRN12187,Vande Bharat
TRN12255,Rajdhani TRN12255,Rajdhani
TRN10006,Rajdhani TRN10006,Rajdhani
TRN10813,Vande Bharat TRN10813,Vande Bharat
TRN10901,Shatabdi TRN10901,Shatabdi
TRN12176,Rajdhani TRN12176,Rajdhani
TRN10115,Shatabdi TRN10115,Shatabdi
TRN13446,Passenger TRN13446,Passenger
TRN14593,Vande Bharat TRN14593,Vande Bharat
TRN14491,Passenger TRN14491,Passenger
TRN14135,Vande Bharat TRN14135,Vande Bharat
TRN11594,Vande Bharat TRN11594,Vande Bharat
TRN11208,Shatabdi TRN11208,Shatabdi
TRN12083,Shatabdi TRN12083,Shatabdi
TRN12832,Passenger TRN12832,Passenger
TRN12748,Vande Bharat TRN12748,Vande Bharat
TRN10083,Vande Bharat TRN10083,Vande Bharat
TRN14113,Vande Bharat TRN14113,Vande Bharat
TRN10453,Vande Bharat TRN10453,Vande Bharat
TRN10087,Shatabdi TRN10087,Shatabdi
TRN10940,Rajdhani TRN10940,Rajdhani
TRN12238,Rajdhani TRN12238,Rajdhani
TRN14603,Shatabdi TRN14603,Shatabdi
TRN13982,Rajdhani TRN13982,Rajdhani
TRN11686,Vande Bharat TRN11686,Vande Bharat
TRN14933,Shatabdi TRN14933,Shatabdi
TRN13498,Vande Bharat TRN13498,Vande Bharat
TRN13499,Shatabdi TRN13499,Shatabdi
TRN10395,Shatabdi TRN10395,Shatabdi
TRN13883,Rajdhani TRN13883,Rajdhani
TRN11377,Shatabdi TRN11377,Shatabdi
TRN10493,Passenger TRN10493,Passenger
TRN11254,Vande Bharat TRN11254,Vande Bharat
TRN14835,Shatabdi TRN14835,Shatabdi
TRN12598,Shatabdi TRN12598,Shatabdi
TRN10446,Rajdhani TRN10446,Rajdhani
TRN10593,Rajdhani TRN10593,Rajdhani
TRN11327,Vande Bharat TRN11327,Vande Bharat
TRN12374,Shatabdi TRN12374,Shatabdi
TRN11383,Superfast TRN11383,Superfast
TRN11813,Vande Bharat TRN11813,Vande Bharat
TRN11133,Rajdhani TRN11133,Rajdhani
TRN12067,Shatabdi TRN12067,Shatabdi
TRN10015,Passenger TRN10015,Passenger
TRN13225,Shatabdi TRN13225,Shatabdi
TRN14056,Shatabdi TRN14056,Shatabdi
TRN14225,Shatabdi TRN14225,Shatabdi
TRN11883,Shatabdi TRN11883,Shatabdi
TRN12886,Shatabdi TRN12886,Shatabdi
TRN11933,Vande Bharat TRN11933,Vande Bharat
TRN14472,Vande Bharat TRN14472,Vande Bharat
TRN10977,Vande Bharat TRN10977,Vande Bharat
TRN13694,Vande Bharat TRN13694,Vande Bharat
TRN13549,Shatabdi TRN13549,Shatabdi
TRN13222,Rajdhani TRN13222,Rajdhani
TRN12186,Rajdhani TRN12186,Rajdhani
TRN14928,Rajdhani TRN14928,Rajdhani
TRN12246,Shatabdi TRN12246,Shatabdi
TRN11560,Shatabdi TRN11560,Shatabdi
TRN14273,Shatabdi TRN14273,Shatabdi
TRN10169,Vande Bharat TRN10169,Vande Bharat
TRN11698,Vande Bharat TRN11698,Vande Bharat
TRN10171,Vande Bharat TRN10171,Vande Bharat
TRN13553,Vande Bharat TRN13553,Vande Bharat
TRN10913,Shatabdi TRN10913,Shatabdi
TRN11959,Vande Bharat TRN11959,Vande Bharat
TRN14404,Rajdhani TRN14404,Rajdhani
TRN11141,Shatabdi TRN11141,Shatabdi
TRN11443,Shatabdi TRN11443,Shatabdi
TRN13217,Vande Bharat TRN13217,Vande Bharat
TRN11969,Vande Bharat TRN11969,Vande Bharat
TRN13433,Rajdhani TRN13433,Rajdhani
TRN10646,Passenger TRN10646,Passenger
TRN11993,Rajdhani TRN11993,Rajdhani
TRN13034,Shatabdi TRN13034,Shatabdi
TRN14803,Vande Bharat TRN14803,Vande Bharat
TRN11263,Shatabdi TRN11263,Shatabdi
TRN12159,Vande Bharat TRN12159,Vande Bharat
TRN10812,Passenger TRN10812,Passenger
TRN13438,Passenger TRN13438,Passenger
TRN12377,Shatabdi TRN12377,Shatabdi
TRN14535,Rajdhani TRN14535,Rajdhani
TRN14964,Vande Bharat TRN14964,Vande Bharat
TRN12489,Vande Bharat TRN12489,Vande Bharat
TRN10824,Rajdhani TRN10824,Rajdhani
TRN14878,Shatabdi TRN14878,Shatabdi
TRN10375,Rajdhani TRN10375,Rajdhani
TRN14668,Shatabdi TRN14668,Shatabdi
TRN10211,Superfast TRN10211,Superfast
TRN14099,Shatabdi TRN14099,Shatabdi
TRN10968,Rajdhani TRN10968,Rajdhani
TRN10255,Vande Bharat TRN10255,Vande Bharat
TRN11607,Rajdhani TRN11607,Rajdhani
TRN11101,Vande Bharat TRN11101,Vande Bharat
TRN10385,Rajdhani TRN10385,Rajdhani
TRN10580,Rajdhani TRN10580,Rajdhani
TRN13240,Rajdhani TRN13240,Rajdhani
TRN14390,Rajdhani TRN14390,Rajdhani
TRN14846,Shatabdi TRN14846,Shatabdi
TRN10770,Passenger TRN10770,Passenger
TRN10288,Vande Bharat TRN10288,Vande Bharat
TRN10153,Vande Bharat TRN10153,Vande Bharat
TRN11428,Shatabdi TRN11428,Shatabdi
TRN14663,Vande Bharat TRN14663,Vande Bharat
TRN12021,Passenger TRN12021,Passenger
TRN12163,Passenger TRN12163,Passenger
TRN14704,Rajdhani TRN14704,Rajdhani
TRN10906,Vande Bharat TRN10906,Vande Bharat
TRN12108,Vande Bharat TRN12108,Vande Bharat
TRN11015,Vande Bharat TRN11015,Vande Bharat
TRN12874,Shatabdi TRN12874,Shatabdi
TRN11139,Vande Bharat TRN11139,Vande Bharat
TRN11417,Passenger TRN11417,Passenger
TRN13561,Shatabdi TRN13561,Shatabdi
TRN12788,Vande Bharat TRN12788,Vande Bharat
TRN10033,Vande Bharat TRN10033,Vande Bharat
TRN12320,Rajdhani TRN12320,Rajdhani
TRN13826,Vande Bharat TRN13826,Vande Bharat
TRN11071,Passenger TRN11071,Passenger
TRN11228,Rajdhani TRN11228,Rajdhani
TRN14673,Vande Bharat TRN14673,Vande Bharat
TRN10792,Vande Bharat TRN10792,Vande Bharat
TRN13329,Rajdhani TRN13329,Rajdhani
TRN10603,Rajdhani TRN10603,Rajdhani
TRN12033,Vande Bharat TRN12033,Vande Bharat
TRN14891,Shatabdi TRN14891,Shatabdi
TRN13543,Shatabdi TRN13543,Shatabdi
TRN11262,Vande Bharat TRN11262,Vande Bharat
TRN14138,Shatabdi TRN14138,Shatabdi
TRN11997,Shatabdi TRN11997,Shatabdi
TRN14621,Shatabdi TRN14621,Shatabdi
TRN12630,Vande Bharat TRN12630,Vande Bharat
TRN12727,Shatabdi TRN12727,Shatabdi
TRN13945,Rajdhani TRN13945,Rajdhani
TRN10325,Rajdhani TRN10325,Rajdhani
TRN12387,Rajdhani TRN12387,Rajdhani
TRN11914,Rajdhani TRN11914,Rajdhani
TRN10953,Rajdhani TRN10953,Rajdhani
TRN11398,Shatabdi TRN11398,Shatabdi
TRN10078,Rajdhani TRN10078,Rajdhani
TRN13628,Vande Bharat TRN13628,Vande Bharat
TRN12043,Vande Bharat TRN12043,Vande Bharat
TRN12543,Rajdhani TRN12543,Rajdhani
TRN11691,Vande Bharat TRN11691,Vande Bharat
TRN10240,Rajdhani TRN10240,Rajdhani
TRN13290,Vande Bharat TRN13290,Vande Bharat
TRN13186,Shatabdi TRN13186,Shatabdi
TRN12301,Rajdhani TRN12301,Rajdhani
TRN11029,Vande Bharat TRN11029,Vande Bharat
TRN14038,Vande Bharat TRN14038,Vande Bharat
TRN11386,Vande Bharat TRN11386,Vande Bharat
TRN11292,Shatabdi TRN11292,Shatabdi
TRN11868,Rajdhani TRN11868,Rajdhani
TRN10803,Rajdhani TRN10803,Rajdhani
TRN11074,Passenger TRN11074,Passenger
TRN14752,Vande Bharat TRN14752,Vande Bharat
TRN11866,Shatabdi TRN11866,Shatabdi
TRN11443,Vande Bharat TRN11443,Vande Bharat
TRN10543,Shatabdi TRN10543,Shatabdi
