timestamp,current_station,weather,fog_index,visibility_km,rainfall_mm,temperature_c,humidity_percent
2026-06-21 00:34:16,CNB,Clear,0.36,6.87,0.4,36.6,44.6
2026-02-12 15:20:18,CNB,Clear,0.24,8.49,1.1,29.6,54.1
2026-04-16 01:05:55,CNB,Cloudy,0.44,6.71,0.6,19.3,55.0
2026-02-13 18:02:11,CNB,Clear,0.15,9.4,1.5,26.2,57.0
2026-02-18 16:10:31,CNB,Rain,0.15,7.89,14.0,18.9,77.8
2026-03-13 06:19:43,CNB,Clear,0.21,8.49,1.2,17.8,54.7
2026-02-13 20:21:39,CNB,Clear,0.18,7.93,0.7,23.6,78.4
2026-06-03 02:37:41,CNB,Clear,0.28,7.93,1.3,40.3,23.7
2026-01-27 02:43:19,CNB,Cloudy,0.15,8.6,1.1,33.1,59.6
2026-01-06 11:10:29,CNB,Clear,0.5,6.08,0.8,28.3,72.1
2026-04-18 09:29:58,CNB,Fog,0.6,5.11,1.2,19.8,56.3
2026-04-20 13:38:38,CNB,Rain,0.43,5.11,14.0,29.0,87.7
2026-05-20 20:08:59,CNB,Clear,0.2,7.71,0.2,19.7,78.6
2026-04-19 11:16:28,CNB,Cloudy,0.22,7.89,0.8,23.3,59.8
2026-05-24 00:18:40,CNB,Fog,0.44,6.67,1.4,21.0,71.5
2026-01-02 19:30:32,CNB,Fog,0.61,5.15,0.9,19.4,50.0
2026-06-08 19:06:36,CNB,Clear,0.27,7.74,0.3,13.2,67.5
2026-03-26 16:15:24,CNB,Fog,0.85,3.57,0.8,28.1,87.5
2026-04-18 11:49:02,CNB,Rain,0.57,4.68,6.2,28.2,98.5
2026-05-10 12:17:28,CNB,Clear,0.23,7.5,0.6,34.3,46.9
2026-01-09 14:02:52,CNB,Cloudy,0.27,7.68,1.0,14.1,75.7
2026-04-22 18:52:07,CNB,Clear,0.12,8.79,0.7,19.5,99.7
2026-01-10 01:59:55,CNB,Rain,0.15,8.07,9.6,12.5,85.0
2026-03-20 05:03:07,CNB,Clear,0.34,7.82,0.9,34.4,95.9
2026-05-27 04:09:57,CNB,Clear,0.66,4.65,0.8,15.0,83.3
2026-02-02 09:41:39,CNB,Clear,0.35,6.93,0.3,36.6,27.5
2026-03-03 01:54:47,CNB,Clear,0.19,8.55,1.0,19.1,55.1
2026-03-11 06:05:30,CNB,Clear,0.57,5.1,0.8,17.4,51.0
2026-04-01 16:59:01,CNB,Fog,0.86,3.12,0.2,21.7,90.6
2026-03-19 06:56:55,CNB,Cloudy,0.28,7.24,0.1,31.6,87.2
2026-05-04 16:39:11,CNB,Clear,0.79,3.73,1.4,32.2,60.5
2026-03-15 06:35:40,CNB,Cloudy,0.27,7.81,0.0,18.7,53.8
2026-01-18 19:01:43,CNB,Rain,0.33,6.09,6.7,38.3,65.3
2026-01-07 14:03:29,CNB,Rain,0.62,3.69,10.3,28.6,93.7
2026-06-07 21:38:34,CNB,Rain,0.09,7.76,1.8,27.3,32.3
2026-04-27 03:17:03,CNB,Clear,0.38,6.5,1.4,24.8,47.4
2026-01-12 02:37:35,CNB,Clear,0.15,8.68,0.9,15.5,65.2
2026-03-19 13:42:33,CNB,Clear,0.17,8.73,1.1,31.8,69.7
2026-05-27 05:35:10,CNB,Clear,0.11,9.62,1.0,21.3,67.5
2026-03-25 05:09:55,CNB,Clear,0.17,8.31,1.1,19.7,54.3
2026-04-06 01:26:05,CNB,Cloudy,0.07,9.31,0.4,40.8,61.6
2026-05-07 05:43:51,CNB,Rain,0.46,5.13,10.6,34.4,48.9
2026-02-10 19:09:19,CNB,Clear,0.3,7.43,0.3,20.4,77.3
2026-05-31 21:38:13,CNB,Rain,0.23,6.32,1.5,15.8,78.1
2026-06-02 22:30:17,CNB,Clear,0.26,7.12,1.0,25.0,78.4
2026-05-11 15:15:29,CNB,Clear,0.15,8.44,0.4,11.0,55.1
2026-01-07 04:12:53,CNB,Cloudy,0.41,6.65,1.5,13.3,93.6
2026-03-08 09:06:28,CNB,Cloudy,0.24,7.57,1.0,33.7,32.0
2026-03-14 21:11:22,CNB,Clear,0.27,6.55,1.0,14.1,84.1
2026-04-01 12:20:37,CNB,Cloudy,0.37,6.42,1.1,14.6,50.7
2026-04-02 21:18:53,CNB,Rain,0.55,3.8,23.6,27.0,50.0
2026-06-24 12:25:11,CNB,Clear,0.41,6.12,0.7,19.8,90.8
2026-04-07 14:53:51,CNB,Rain,0.35,6.25,4.1,20.2,94.6
2026-05-04 04:29:36,CNB,Clear,0.04,8.66,0.4,30.1,74.8
2026-06-11 08:29:12,CNB,Cloudy,0.32,7.43,0.9,27.6,51.7
2026-06-22 19:56:07,CNB,Clear,0.1,9.6,0.3,19.6,67.5
2026-05-18 00:26:27,CNB,Clear,0.26,7.96,1.0,20.2,53.1
2026-02-15 08:22:10,CNB,Clear,0.47,5.49,0.1,34.8,89.2
2026-04-19 18:46:04,CNB,Rain,0.17,7.59,4.4,15.1,77.6
2026-02-02 00:21:01,CNB,Clear,0.32,7.05,0.9,30.2,62.3
2026-05-26 20:12:18,CNB,Clear,0.31,7.2,0.1,31.4,65.5
2026-01-10 21:49:27,CNB,Clear,0.26,7.31,0.8,32.5,62.9
2026-04-17 09:57:14,CNB,Clear,0.63,4.55,1.4,26.3,91.3
2026-05-21 07:11:04,CNB,Clear,0.42,6.08,0.5,19.8,57.9
2026-02-10 17:44:38,CNB,Clear,0.67,4.34,0.9,44.8,74.0
2026-01-29 19:08:20,CNB,Clear,0.17,8.51,1.3,28.2,61.5
2026-04-17 13:34:15,CNB,Fog,0.66,4.71,0.0,28.5,70.1
2026-03-13 02:55:27,CNB,Cloudy,0.23,8.07,0.9,27.8,48.0
2026-04-28 14:19:54,CNB,Clear,0.37,7.91,1.2,22.1,97.7
2026-02-08 09:35:29,CNB,Clear,0.25,7.73,0.4,23.8,81.4
2026-04-02 17:35:51,CNB,Rain,0.17,7.01,3.8,27.2,67.0
2026-06-11 06:03:40,CNB,Fog,0.87,2.75,1.3,34.7,91.1
2026-01-01 22:03:44,CNB,Clear,0.28,7.02,1.3,31.7,43.5
2026-01-29 16:05:23,CNB,Clear,0.22,7.38,0.1,24.8,54.5
2026-01-03 15:45:34,CNB,Fog,0.44,6.94,0.8,23.7,87.2
2026-05-05 13:35:01,CNB,Clear,0.07,9.48,1.0,10.1,96.2
2026-06-27 15:10:46,CNB,Cloudy,0.11,9.28,1.3,27.3,58.1
2026-04-06 20:06:34,CNB,Fog,0.79,3.7,0.9,16.9,83.8
2026-04-21 13:00:59,CNB,Cloudy,0.15,9.29,0.4,34.5,75.1
2026-06-14 22:31:57,CNB,Clear,0.1,8.99,1.1,8.9,66.5
2026-05-11 14:41:11,CNB,Clear,0.2,8.02,0.4,41.1,50.6
2026-01-30 10:19:12,CNB,Cloudy,0.54,5.14,1.2,38.3,67.6
2026-01-22 02:55:50,CNB,Clear,0.17,8.96,0.2,17.1,70.0
2026-04-09 00:29:44,CNB,Clear,0.13,8.85,0.3,28.3,100.0
2026-03-08 06:31:43,CNB,Clear,0.29,7.26,0.9,19.8,55.5
2026-01-17 21:02:42,CNB,Cloudy,0.37,6.84,0.4,33.1,100.0
2026-03-27 10:24:02,CNB,Rain,0.53,3.79,6.5,25.2,60.5
2026-02-18 09:49:50,CNB,Cloudy,0.51,6.12,1.2,24.7,74.8
2026-01-28 16:13:01,CNB,Clear,0.3,7.39,0.2,19.5,39.7
2026-06-13 16:05:23,CNB,Clear,0.55,6.28,0.8,27.7,46.3
2026-02-10 06:49:21,CNB,Clear,0.41,6.41,1.0,21.3,54.0
2026-04-11 19:46:06,CNB,Cloudy,0.5,5.66,0.5,6.1,63.6
2026-02-26 23:37:54,CNB,Cloudy,0.04,9.49,1.5,27.6,57.4
2026-03-19 08:13:10,CNB,Clear,0.27,6.66,1.2,12.0,47.8
2026-01-08 21:08:34,CNB,Clear,0.16,8.52,0.3,32.8,100.0
2026-02-13 03:01:07,CNB,Clear,0.64,3.82,1.3,34.7,100.0
2026-01-29 05:55:21,CNB,Rain,0.12,7.68,15.7,29.9,55.3
2026-01-08 13:03:20,CNB,Clear,0.25,7.81,0.6,15.1,57.5
2026-02-17 02:01:51,CNB,Cloudy,0.15,8.15,1.4,29.0,74.6
2026-05-17 13:12:21,CNB,Clear,0.66,3.24,0.3,24.2,79.1
2026-03-04 19:24:47,CNB,Clear,0.21,8.49,0.5,32.0,81.5
2026-05-26 21:10:25,CNB,Clear,0.48,5.02,1.1,26.9,46.4
2026-04-14 20:29:38,CNB,Cloudy,0.47,5.71,0.8,25.6,80.0
2026-03-02 03:54:42,CNB,Fog,0.6,4.55,0.4,18.8,73.1
2026-01-02 13:18:11,CNB,Cloudy,0.36,6.86,1.1,26.3,66.4
2026-03-12 01:28:37,CNB,Rain,0.13,7.47,4.8,19.1,73.3
2026-05-06 01:29:39,CNB,Clear,0.41,6.17,0.3,37.9,84.2
2026-06-28 18:19:38,CNB,Clear,0.33,7.68,0.1,23.0,52.8
2026-02-21 18:35:51,CNB,Cloudy,0.13,9.02,1.3,22.0,37.6
2026-01-31 04:21:55,CNB,Cloudy,0.03,9.18,1.4,14.8,68.4
2026-05-28 05:19:45,CNB,Cloudy,0.23,8.46,0.5,11.0,58.3
2026-03-06 01:55:07,CNB,Clear,0.38,6.26,1.1,14.7,57.8
2026-03-12 05:29:27,CNB,Rain,0.08,8.33,11.3,26.6,31.9
2026-06-09 12:35:11,CNB,Cloudy,0.46,6.13,0.8,20.3,77.6
2026-06-21 14:15:56,CNB,Clear,0.4,6.83,0.4,18.8,83.3
2026-04-11 20:33:47,CNB,Cloudy,0.15,10.21,0.1,19.6,74.2
2026-02-22 08:32:05,CNB,Cloudy,0.27,7.35,1.2,17.9,31.9
2026-06-10 14:44:38,CNB,Cloudy,0.15,9.12,1.0,22.1,85.6
2026-06-13 18:30:30,CNB,Fog,0.73,3.8,1.4,37.2,99.1
2026-03-18 17:12:12,CNB,Clear,0.18,9.04,0.5,32.3,31.3
2026-01-15 09:47:25,CNB,Clear,0.08,10.28,0.4,25.4,65.0
2026-06-04 15:49:34,CNB,Fog,0.53,5.21,0.1,16.3,70.0
2026-06-10 17:21:43,CNB,Cloudy,0.08,10.31,0.4,14.1,68.5
2026-06-15 11:14:17,CNB,Clear,0.62,5.74,0.2,10.1,54.5
2026-05-02 18:00:19,CNB,Clear,0.32,7.21,0.4,30.2,89.9
2026-02-26 22:19:54,CNB,Clear,0.36,6.58,0.5,29.7,46.5
2026-03-22 07:23:01,CNB,Fog,0.56,4.87,0.7,36.1,94.9
2026-04-15 19:31:28,CNB,Clear,0.17,8.61,0.7,18.8,55.4
2026-05-24 20:39:46,CNB,Clear,0.15,9.99,0.1,35.0,86.7
2026-03-24 20:12:02,CNB,Clear,0.43,6.23,1.4,43.3,59.2
2026-03-15 20:57:14,CNB,Cloudy,0.27,8.38,0.2,20.5,80.6
2026-02-21 05:28:46,CNB,Cloudy,0.07,8.96,0.4,29.5,44.5
2026-03-11 20:25:40,CNB,Cloudy,0.42,6.36,1.1,37.2,33.9
2026-04-09 02:51:38,CNB,Clear,0.3,7.03,0.3,24.8,87.5
2026-03-21 15:32:27,CNB,Clear,0.2,7.32,1.1,26.8,54.3
2026-04-08 04:57:06,CNB,Clear,0.06,10.13,0.9,22.3,72.2
2026-06-17 00:03:39,CNB,Cloudy,0.28,7.7,0.5,3.0,54.5
2026-04-07 07:01:55,CNB,Clear,0.16,8.21,1.4,26.9,79.1
2026-05-22 03:21:55,CNB,Clear,0.3,7.42,0.7,23.6,56.4
2026-05-09 14:57:25,CNB,Clear,0.39,7.57,1.1,17.2,60.9
2026-06-18 04:22:18,CNB,Clear,0.58,4.77,0.5,30.1,100.0
2026-04-26 08:50:53,CNB,Clear,0.12,9.22,0.8,32.5,52.6
2026-03-27 19:37:27,CNB,Clear,0.09,8.41,0.8,29.1,65.5
2026-01-31 02:50:35,CNB,Clear,0.43,6.35,0.7,23.5,100.0
2026-05-30 03:43:51,CNB,Clear,0.65,4.17,0.5,28.5,73.0
2026-04-27 14:19:26,CNB,Clear,0.21,8.53,0.9,36.3,59.0
2026-02-07 00:42:28,CNB,Fog,0.4,6.84,0.4,30.1,61.9
2026-06-08 21:24:41,CNB,Fog,0.67,4.9,0.1,24.8,75.4
2026-06-24 00:45:07,CNB,Clear,0.25,8.64,0.3,31.3,74.5
2026-06-02 11:27:38,CNB,Clear,0.26,8.01,1.0,27.5,41.4
2026-04-08 22:43:10,CNB,Fog,0.95,1.82,1.5,21.2,52.8
2026-05-18 01:00:46,CNB,Clear,0.18,9.37,0.8,46.2,64.3
2026-05-12 11:41:59,CNB,Cloudy,0.33,7.59,1.1,25.0,55.9
2026-01-08 10:19:59,CNB,Clear,0.35,7.58,1.4,23.6,79.6
2026-01-28 00:33:36,CNB,Cloudy,0.6,6.44,0.7,18.1,100.0
2026-06-07 22:59:50,CNB,Rain,0.64,3.89,4.3,16.1,76.3
2026-04-07 18:00:11,CNB,Fog,0.83,2.54,0.6,23.3,53.7
2026-02-22 00:49:25,CNB,Clear,0.36,6.25,1.4,26.4,48.0
2026-06-21 08:11:54,CNB,Rain,0.15,8.2,9.6,19.2,70.4
2026-01-01 11:14:25,CNB,Clear,0.29,7.52,0.6,26.9,52.0
2026-01-03 16:32:49,CNB,Rain,0.31,6.83,9.9,23.9,67.5
2026-01-25 09:26:55,CNB,Cloudy,0.33,6.56,1.5,7.5,88.0
2026-06-29 13:52:23,CNB,Cloudy,0.23,8.15,0.0,22.0,45.0
2026-04-13 09:31:52,CNB,Cloudy,0.09,9.15,0.9,42.1,70.2
2026-05-27 15:56:30,CNB,Cloudy,0.67,4.29,0.4,11.9,81.1
2026-02-04 08:57:29,CNB,Cloudy,0.36,6.96,0.8,26.9,93.6
2026-01-29 06:49:20,CNB,Clear,0.13,8.34,0.6,28.6,77.3
2026-03-24 23:23:45,CNB,Fog,0.74,3.88,0.5,34.1,49.0
2026-05-26 13:02:55,CNB,Fog,0.36,6.85,0.8,28.3,72.4
2026-05-26 13:38:50,CNB,Rain,0.15,8.15,16.0,16.1,88.4
2026-02-15 10:59:59,CNB,Cloudy,0.28,7.74,0.6,38.6,63.5
2026-05-04 18:47:32,CNB,Cloudy,0.46,5.7,0.2,20.5,55.0
2026-04-30 12:00:35,CNB,Clear,0.16,8.1,1.3,36.7,99.3
2026-06-10 21:20:36,CNB,Fog,0.47,6.1,1.3,24.2,97.1
2026-06-19 05:59:28,CNB,Cloudy,0.15,8.69,0.6,16.8,41.7
2026-02-05 00:40:50,CNB,Clear,0.49,5.23,0.8,30.6,49.3
2026-04-09 13:08:06,CNB,Clear,0.4,5.96,0.1,37.4,78.0
2026-06-12 18:33:52,CNB,Fog,0.67,4.19,0.2,37.1,37.1
2026-02-20 00:45:21,CNB,Clear,0.28,7.29,1.1,16.1,84.0
2026-04-16 05:34:03,CNB,Clear,0.18,7.79,0.3,29.6,92.2
2026-05-10 23:01:14,CNB,Fog,0.46,5.96,0.1,18.2,47.9
2026-02-12 23:31:21,CNB,Rain,0.2,7.22,5.9,22.3,43.7
2026-01-15 13:46:40,CNB,Clear,0.64,4.6,1.1,33.9,49.3
2026-04-07 23:15:06,CNB,Clear,0.18,8.15,1.2,16.4,83.3
2026-03-16 10:28:19,CNB,Cloudy,0.26,7.99,0.5,35.4,76.6
2026-06-04 15:02:21,CNB,Clear,0.48,5.66,1.1,11.6,87.2
2026-03-30 22:33:39,CNB,Rain,0.51,4.97,6.8,28.9,90.8
2026-01-08 10:46:52,CNB,Clear,0.18,8.04,0.7,21.4,68.9
2026-06-04 11:08:55,CNB,Cloudy,0.29,8.07,0.0,7.6,83.0
2026-05-05 14:28:25,CNB,Clear,0.17,7.86,0.7,30.8,84.3
2026-03-18 11:36:08,CNB,Rain,0.15,8.09,6.0,8.3,53.3
2026-04-03 14:22:37,CNB,Fog,0.63,4.2,1.2,12.8,56.9
2026-06-02 00:22:11,CNB,Cloudy,0.13,8.71,0.6,30.2,55.0
2026-06-24 19:08:43,CNB,Clear,0.35,7.49,0.5,36.5,61.7
2026-01-27 19:15:56,CNB,Cloudy,0.21,8.2,0.8,13.1,55.2
2026-04-01 00:55:35,CNB,Cloudy,0.24,6.94,1.1,19.3,100.0
2026-04-04 13:50:22,CNB,Clear,0.22,8.5,0.5,22.9,74.6
2026-04-02 22:02:55,CNB,Cloudy,0.17,7.72,0.8,29.1,85.7
2026-04-09 12:19:39,CNB,Clear,0.4,6.11,0.8,6.0,82.0
2026-02-23 17:14:50,CNB,Clear,0.49,6.15,0.2,36.3,100.0
2026-01-12 12:31:12,CNB,Fog,0.69,4.38,0.2,20.9,68.9
2026-01-16 16:34:39,CNB,Clear,0.19,7.76,0.7,24.1,59.4
2026-05-19 19:31:26,CNB,Clear,0.04,9.34,1.1,34.6,24.6
2026-02-04 03:04:41,CNB,Clear,0.08,8.6,1.1,27.2,23.1
2026-02-25 14:06:10,CNB,Rain,0.06,7.97,3.7,31.1,58.3
2026-03-13 08:29:34,CNB,Fog,0.66,4.46,1.3,13.1,55.5
2026-05-17 07:31:38,CNB,Clear,0.34,7.18,1.0,23.4,68.8
2026-05-01 17:30:59,CNB,Clear,0.08,9.69,0.8,35.2,79.2
2026-05-25 21:25:42,CNB,Clear,0.1,9.35,1.5,37.6,77.8
2026-02-05 03:25:52,CNB,Clear,0.1,9.53,1.2,27.5,67.7
2026-01-14 01:14:07,CNB,Clear,0.46,6.4,1.3,9.0,80.6
2026-05-24 16:02:16,CNB,Rain,0.23,6.74,17.8,26.1,45.9
2026-02-06 05:49:07,CNB,Clear,0.34,6.96,0.7,34.4,84.0
2026-03-11 14:06:44,CNB,Rain,0.15,7.91,17.4,10.3,28.2
2026-04-17 05:07:43,CNB,Rain,0.71,2.34,23.1,20.8,79.5
2026-05-14 04:36:12,CNB,Clear,0.24,6.63,0.7,19.8,55.7
2026-03-08 15:01:37,CNB,Clear,0.48,6.45,0.0,13.0,41.2
2026-02-22 15:09:49,CNB,Rain,0.17,7.41,9.9,22.2,68.7
2026-04-27 23:22:58,CNB,Clear,0.28,7.82,1.5,15.2,63.4
2026-01-27 00:59:43,CNB,Clear,0.16,9.06,0.8,26.6,85.1
2026-02-24 01:44:58,CNB,Rain,0.06,8.49,12.2,26.8,93.5
2026-02-28 21:29:10,CNB,Clear,0.29,7.92,1.3,31.4,65.4
2026-05-25 00:53:58,CNB,Fog,0.76,2.98,1.4,23.9,50.5
2026-04-05 02:49:33,CNB,Cloudy,0.2,8.33,0.5,22.7,78.8
2026-01-28 13:49:25,CNB,Cloudy,0.41,6.52,1.5,35.6,71.0
2026-05-29 05:19:28,CNB,Rain,0.34,5.86,1.8,31.2,45.8
2026-01-30 12:35:02,CNB,Clear,0.36,6.53,0.7,24.0,51.8
2026-01-15 06:26:22,CNB,Clear,0.02,10.4,0.4,15.2,37.2
2026-04-29 20:28:21,CNB,Clear,0.44,6.01,1.0,26.8,79.6
2026-05-02 00:06:42,CNB,Cloudy,0.39,6.34,0.4,20.5,32.2
2026-01-09 12:15:36,CNB,Clear,0.52,5.43,0.2,14.8,94.8
2026-02-21 07:22:48,CNB,Clear,0.26,8.05,0.1,29.1,44.5
2026-05-21 03:18:08,CNB,Clear,0.32,6.72,0.5,25.5,54.7
2026-03-16 18:55:40,CNB,Clear,0.3,6.77,1.4,30.9,46.3
2026-04-01 09:43:57,CNB,Cloudy,0.63,4.21,1.2,35.4,76.8
2026-03-07 21:43:58,CNB,Cloudy,0.51,5.21,1.5,19.4,72.8
2026-01-29 19:06:30,CNB,Clear,0.54,5.6,0.5,26.7,74.6
2026-03-08 08:52:34,CNB,Rain,0.16,8.06,20.4,18.2,49.8
2026-05-28 09:53:10,CNB,Clear,0.27,7.79,0.2,38.9,62.9
2026-01-04 17:52:32,CNB,Cloudy,0.34,6.53,0.6,29.3,100.0
2026-02-12 18:28:32,CNB,Clear,0.06,9.17,1.3,33.5,53.7
2026-03-17 11:11:46,CNB,Clear,0.31,7.31,0.5,30.6,62.9
2026-06-06 13:19:53,CNB,Cloudy,0.34,7.1,1.0,22.3,77.9
2026-05-04 14:29:09,CNB,Clear,0.25,8.92,1.0,16.9,67.3
2026-04-29 05:57:23,CNB,Clear,0.37,7.93,0.0,31.6,78.3
2026-03-07 20:09:30,CNB,Clear,0.49,5.12,0.6,13.0,80.0
2026-01-08 21:57:52,CNB,Cloudy,0.14,8.82,1.0,24.4,62.7
2026-02-12 19:47:36,CNB,Cloudy,0.28,7.47,0.7,28.6,100.0
2026-01-14 14:03:02,CNB,Clear,0.21,8.01,0.9,19.8,61.2
2026-01-15 13:10:38,CNB,Clear,0.44,6.66,0.1,32.3,50.0
2026-05-14 07:37:18,CNB,Clear,0.1,8.99,1.2,18.9,56.8
2026-05-17 15:10:30,CNB,Clear,0.15,8.64,1.4,9.4,60.8
2026-02-27 08:20:39,CNB,Clear,0.72,3.59,1.3,28.9,91.1
2026-02-11 04:01:56,CNB,Clear,0.33,7.8,1.0,24.6,100.0
2026-03-30 13:52:51,CNB,Cloudy,0.29,7.68,0.2,33.3,79.4
2026-04-11 09:19:12,CNB,Clear,0.24,7.83,1.0,31.2,48.6
2026-02-10 01:38:48,CNB,Rain,0.2,7.1,8.9,26.1,69.9
2026-05-21 02:10:30,CNB,Clear,0.19,8.79,1.3,13.9,69.4
2026-03-09 07:36:35,CNB,Fog,0.53,6.02,1.1,27.9,61.9
2026-02-09 14:30:41,CNB,Clear,0.22,7.13,0.7,19.4,55.6
2026-06-08 17:29:56,CNB,Fog,0.61,4.47,0.9,35.4,78.0
2026-05-04 10:31:46,CNB,Clear,0.17,9.0,0.8,28.9,72.1
2026-05-15 23:43:38,CNB,Rain,0.26,6.77,18.3,34.3,62.0
2026-01-31 17:44:15,CNB,Rain,0.07,7.96,10.9,32.1,54.9
2026-03-13 00:32:38,CNB,Rain,0.33,5.31,8.7,21.8,63.1
2026-03-26 11:01:16,CNB,Cloudy,0.33,6.85,0.2,18.0,68.1
2026-06-06 19:09:44,CNB,Clear,0.07,10.0,0.9,17.4,56.0
2026-01-25 18:28:14,CNB,Clear,0.84,3.48,0.9,25.2,62.4
2026-01-24 04:07:50,CNB,Cloudy,0.22,7.01,0.1,31.5,86.8
2026-02-03 08:00:29,CNB,Clear,0.04,9.09,1.5,26.2,50.3
2026-01-16 19:43:02,CNB,Clear,0.08,10.14,1.4,12.1,60.8
2026-04-07 07:32:25,CNB,Clear,0.4,7.19,1.4,24.7,92.4
2026-05-04 15:58:44,CNB,Clear,0.27,7.09,0.2,23.3,56.4
2026-05-14 23:05:52,CNB,Clear,0.37,6.54,0.8,23.1,58.2
2026-02-02 16:01:16,CNB,Clear,0.16,8.52,0.0,37.3,46.6
2026-06-30 18:42:40,CNB,Fog,0.66,4.29,1.2,23.1,49.3
2026-02-09 09:47:11,CNB,Clear,0.33,6.98,0.3,24.2,68.2
2026-01-27 18:05:00,CNB,Fog,0.39,6.29,0.7,22.9,52.9
2026-02-06 16:00:31,CNB,Clear,0.09,9.09,0.7,33.9,70.0
2026-06-16 02:08:35,CNB,Clear,0.2,8.23,0.9,8.1,78.2
2026-05-02 20:57:13,CNB,Fog,0.53,5.97,1.4,17.8,36.0
2026-03-28 22:09:46,CNB,Fog,0.6,4.33,0.2,19.3,57.6
2026-05-27 09:30:51,CNB,Clear,0.03,9.59,0.2,13.2,45.4
2026-03-05 03:52:37,CNB,Clear,0.52,5.07,0.9,27.4,82.9
2026-03-15 17:30:28,CNB,Clear,0.1,8.8,0.0,27.4,59.1
2026-02-08 19:37:07,CNB,Rain,0.5,5.05,7.0,21.7,100.0
2026-01-17 23:20:37,CNB,Clear,0.16,8.78,1.0,20.0,60.1
2026-05-20 00:05:14,CNB,Cloudy,0.26,7.86,0.9,22.2,89.2
2026-01-19 00:54:07,CNB,Clear,0.36,6.83,0.4,16.0,62.5
2026-04-03 03:06:19,CNB,Clear,0.63,4.97,1.0,13.5,85.9
2026-06-19 12:21:37,CNB,Rain,0.22,7.59,2.1,22.1,53.0
2026-04-10 23:57:54,CNB,Clear,0.42,7.25,0.2,21.5,67.8
2026-05-04 00:07:56,CNB,Clear,0.46,6.15,1.0,30.2,35.1
2026-03-07 02:31:33,CNB,Clear,0.32,7.04,0.7,39.0,66.2
2026-05-07 08:15:54,CNB,Fog,0.61,5.12,1.3,12.4,34.8
2026-01-27 06:03:01,CNB,Rain,0.1,7.61,22.5,29.4,26.8
2026-06-09 16:47:16,CNB,Clear,0.15,9.18,1.2,31.2,80.6
2026-02-23 11:29:46,CNB,Clear,0.63,4.92,0.3,31.7,54.0
2026-03-25 23:15:34,CNB,Clear,0.35,7.81,0.3,22.7,60.3
2026-02-05 07:53:53,CNB,Clear,0.07,9.41,1.3,28.2,56.8
2026-04-07 03:39:54,CNB,Fog,0.66,3.96,1.3,16.5,64.3
2026-02-15 17:18:29,CNB,Rain,0.05,7.66,12.8,33.1,86.5
2026-01-31 01:31:12,CNB,Clear,0.32,7.2,1.2,22.8,39.4
2026-05-22 03:42:29,CNB,Rain,0.03,8.6,8.3,16.8,83.0
2026-06-10 17:07:10,CNB,Clear,0.11,8.56,1.0,23.9,63.7
2026-01-14 13:06:49,CNB,Clear,0.16,7.86,0.0,15.5,67.4
2026-06-09 10:46:57,CNB,Clear,0.3,7.71,1.2,12.0,45.5
2026-01-20 07:42:51,CNB,Clear,0.25,6.71,0.6,15.0,79.1
2026-01-24 18:48:27,CNB,Clear,0.25,7.02,1.1,24.7,71.2
2026-03-29 02:44:02,CNB,Cloudy,0.49,5.6,0.8,22.6,62.4
2026-06-05 17:47:59,CNB,Clear,0.21,8.26,1.2,34.7,76.6
2026-05-16 21:17:39,CNB,Clear,0.11,9.0,1.5,26.4,74.9
2026-03-08 08:30:38,CNB,Clear,0.33,7.02,0.0,28.9,41.1
2026-01-23 08:35:43,CNB,Clear,0.23,8.16,0.5,5.5,100.0
2026-01-12 22:11:10,CNB,Rain,0.09,7.94,7.7,23.3,53.7
2026-03-14 22:02:51,CNB,Clear,0.08,9.36,1.2,17.1,75.4
2026-06-04 13:43:14,CNB,Clear,0.03,9.98,0.6,20.5,41.7
2026-05-18 12:21:34,CNB,Cloudy,0.09,9.89,1.3,14.6,26.2
2026-02-10 21:36:34,CNB,Fog,0.65,4.33,0.1,38.4,64.3
2026-02-15 22:29:28,CNB,Clear,0.36,7.22,0.5,36.8,52.4
2026-04-09 15:27:35,CNB,Cloudy,0.25,8.05,1.3,21.4,74.8
2026-03-18 11:15:54,CNB,Clear,0.03,9.9,0.9,27.1,66.8
2026-02-23 18:37:15,CNB,Cloudy,0.55,5.39,1.1,25.3,55.8
2026-01-29 02:13:13,CNB,Clear,0.12,8.37,0.1,23.2,78.0
2026-03-04 10:04:23,CNB,Clear,0.34,7.22,0.0,27.1,49.1
2026-05-07 17:02:05,CNB,Clear,0.1,9.73,0.4,27.4,46.1
2026-05-23 17:28:13,CNB,Clear,0.5,5.13,0.8,23.2,46.0
2026-01-23 13:31:02,CNB,Cloudy,0.56,5.46,1.0,15.6,72.4
2026-05-14 21:55:53,CNB,Rain,0.13,7.55,22.9,22.3,27.8
2026-05-18 21:40:15,CNB,Cloudy,0.16,8.95,0.8,13.5,60.9
2026-05-29 16:01:02,CNB,Clear,0.12,8.93,0.5,9.8,54.3
2026-05-21 18:33:21,CNB,Clear,0.38,7.29,0.2,32.8,95.6
2026-03-20 16:31:20,CNB,Clear,0.23,8.04,1.2,26.4,100.0
2026-05-08 01:51:39,CNB,Clear,0.4,6.45,0.7,31.8,73.7
2026-04-19 08:28:07,CNB,Clear,0.47,5.9,1.4,24.2,72.2
2026-01-30 14:13:41,CNB,Rain,0.15,7.13,10.0,22.8,31.3
2026-04-29 23:21:31,CNB,Cloudy,0.28,7.92,1.1,35.0,50.8
2026-05-23 05:11:40,CNB,Clear,0.23,8.2,0.3,22.7,61.8
2026-06-27 22:20:52,CNB,Clear,0.78,3.97,0.9,21.2,64.1
2026-06-18 01:45:43,CNB,Clear,0.17,8.02,0.0,17.1,52.2
2026-02-01 09:49:47,CNB,Rain,0.53,4.42,5.7,39.4,51.7
2026-05-16 21:37:50,CNB,Cloudy,0.4,6.91,1.4,25.3,62.4
2026-06-05 17:02:22,CNB,Clear,0.28,6.71,0.9,29.1,71.5
2026-04-20 23:57:49,CNB,Clear,0.34,7.77,0.0,26.9,62.6
2026-02-28 04:24:53,CNB,Fog,0.57,4.79,0.5,19.7,100.0
2026-04-03 10:39:50,CNB,Clear,0.37,6.97,1.0,24.8,67.8
2026-02-21 07:07:41,CNB,Clear,0.29,7.59,0.9,18.6,60.4
2026-01-13 11:11:34,CNB,Clear,0.07,9.19,1.2,30.1,46.4
2026-03-20 11:02:07,CNB,Clear,0.15,8.1,1.0,14.1,85.5
2026-04-16 04:52:04,CNB,Clear,0.48,6.57,1.0,27.4,80.3
2026-06-19 00:53:33,CNB,Rain,0.21,6.73,8.2,11.2,100.0
2026-03-31 07:50:08,CNB,Rain,0.21,7.47,10.2,39.6,42.8
2026-03-26 04:26:05,CNB,Clear,0.66,4.04,0.2,25.0,88.4
2026-01-13 08:25:42,CNB,Rain,0.15,7.32,4.8,15.6,32.3
2026-01-17 13:06:03,CNB,Fog,0.61,5.31,0.8,31.4,51.9
2026-01-28 22:37:55,CNB,Clear,0.33,7.87,0.2,25.9,76.1
2026-01-09 06:58:59,CNB,Clear,0.35,6.76,1.3,17.8,60.5
2026-04-10 02:55:27,CNB,Cloudy,0.39,6.35,1.3,31.5,62.7
2026-03-15 02:25:58,CNB,Cloudy,0.38,6.6,1.3,29.7,63.5
2026-02-25 18:07:27,CNB,Clear,0.07,10.19,0.9,34.7,52.2
2026-01-25 06:21:17,CNB,Clear,0.48,5.41,0.4,27.5,61.2
2026-04-30 12:24:27,CNB,Cloudy,0.06,9.73,1.1,23.4,68.2
2026-05-04 07:58:30,CNB,Cloudy,0.22,8.23,0.9,30.4,53.5
2026-02-14 11:01:56,CNB,Cloudy,0.25,8.13,0.5,19.9,68.4
2026-03-16 10:36:36,CNB,Clear,0.53,5.43,0.6,36.2,36.9
2026-04-19 13:10:26,CNB,Clear,0.28,7.45,1.5,28.2,60.5
2026-06-29 13:27:18,CNB,Clear,0.41,5.6,1.0,6.7,96.0
2026-06-06 00:48:03,CNB,Clear,0.26,7.93,1.0,34.5,36.8
2026-01-07 19:11:25,CNB,Fog,0.62,4.34,0.3,19.2,96.5
2026-03-31 23:03:01,CNB,Cloudy,0.08,9.56,0.1,19.4,93.0
2026-02-08 07:26:28,CNB,Clear,0.3,7.36,1.1,31.1,80.4
2026-03-19 01:14:23,CNB,Clear,0.46,6.25,0.4,28.1,74.8
2026-06-04 12:06:07,CNB,Clear,0.12,8.49,1.4,26.9,55.1
2026-05-30 10:46:46,CNB,Clear,0.02,9.55,0.2,27.0,60.4
2026-02-19 13:30:33,CNB,Rain,0.49,5.04,4.6,26.1,50.7
2026-01-24 03:16:31,CNB,Clear,0.27,7.41,0.5,8.9,85.3
2026-01-24 18:15:19,CNB,Fog,0.46,5.34,1.5,27.3,69.6
2026-06-01 23:37:28,CNB,Clear,0.3,7.2,0.7,32.1,79.0
2026-03-05 00:22:46,CNB,Cloudy,0.32,7.3,1.3,22.8,98.4
2026-02-07 06:18:43,CNB,Clear,0.07,10.22,1.1,1.6,72.7
2026-02-25 20:49:53,CNB,Clear,0.1,9.8,1.4,18.6,55.0
2026-04-17 17:29:07,CNB,Clear,0.2,8.23,0.2,29.2,57.4
2026-06-18 01:28:22,CNB,Clear,0.17,7.76,1.0,28.4,53.3
2026-03-01 04:14:58,CNB,Cloudy,0.27,7.91,0.5,16.3,69.7
2026-03-26 14:51:21,CNB,Rain,0.11,7.5,1.2,44.8,79.0
2026-01-23 19:59:43,CNB,Clear,0.1,9.05,0.3,18.5,65.2
2026-02-12 15:22:40,CNB,Clear,0.29,7.46,0.3,12.4,89.8
2026-05-08 00:12:42,CNB,Cloudy,0.14,8.31,1.0,29.7,49.2
2026-04-19 23:49:10,CNB,Clear,0.21,7.62,1.2,28.0,47.7
2026-04-18 14:38:59,CNB,Rain,0.15,7.6,1.2,-1.2,91.1
2026-06-18 06:49:46,CNB,Clear,0.11,8.59,1.0,17.3,61.5
2026-04-09 09:24:03,CNB,Clear,0.69,4.09,1.4,24.1,85.1
2026-05-08 06:41:19,CNB,Rain,0.37,6.02,11.5,17.5,50.1
2026-04-20 03:39:15,CNB,Clear,0.03,9.85,0.5,38.0,48.7
2026-05-28 05:10:13,CNB,Clear,0.47,5.89,1.2,28.2,62.7
2026-05-15 16:25:32,CNB,Clear,0.61,4.91,0.7,17.2,79.5
2026-02-26 14:22:28,CNB,Clear,0.76,3.47,0.8,33.5,89.9
2026-02-08 07:40:39,CNB,Fog,0.8,3.44,0.4,17.5,59.2
2026-02-09 02:50:50,CNB,Clear,0.16,8.97,0.8,26.2,59.1
2026-04-18 21:21:36,CNB,Rain,0.49,3.79,3.6,37.0,66.5
2026-03-05 03:16:18,CNB,Clear,0.09,8.57,0.9,24.3,53.8
2026-06-15 10:10:47,CNB,Rain,0.33,6.47,1.9,31.5,61.1
2026-03-28 20:36:12,CNB,Clear,0.19,8.49,1.3,23.2,47.2
2026-06-26 08:52:49,CNB,Cloudy,0.25,8.27,0.5,29.9,84.5
2026-01-17 13:13:32,CNB,Clear,0.41,6.74,0.6,17.9,70.4
2026-01-08 11:54:10,CNB,Cloudy,0.07,9.74,0.2,21.7,65.2
2026-01-02 18:56:11,CNB,Clear,0.13,9.31,1.2,43.0,56.6
2026-03-09 23:49:11,CNB,Cloudy,0.28,7.2,1.4,19.5,98.2
2026-06-20 02:57:08,CNB,Clear,0.74,3.58,0.2,27.0,72.2
2026-06-10 12:56:06,CNB,Clear,0.68,4.17,1.0,37.0,82.0
2026-03-29 11:03:36,CNB,Rain,0.51,4.04,3.9,25.6,72.2
2026-03-13 20:28:10,CNB,Clear,0.05,9.56,1.2,25.4,74.0
2026-06-18 18:18:22,CNB,Cloudy,0.22,7.65,1.2,30.7,71.8
2026-04-29 11:29:18,CNB,Clear,0.53,5.32,0.8,28.0,78.6
2026-01-09 13:12:14,CNB,Fog,0.46,6.28,0.1,27.1,43.3
2026-02-08 08:51:22,CNB,Cloudy,0.42,6.65,0.6,16.9,57.2
2026-02-13 19:40:38,CNB,Rain,0.58,4.31,1.6,23.8,70.0
2026-01-24 04:53:17,CNB,Cloudy,0.29,8.26,0.3,27.6,61.5
2026-06-29 00:15:19,CNB,Clear,0.13,8.67,0.6,23.6,78.1
2026-05-12 22:46:52,CNB,Cloudy,0.08,9.02,0.1,20.2,44.6
2026-01-16 18:00:22,CNB,Fog,0.76,4.19,1.5,35.2,42.1
2026-05-05 04:43:33,CNB,Cloudy,0.11,9.09,1.0,21.9,46.3
2026-01-07 23:23:27,CNB,Fog,0.46,5.65,0.3,24.6,100.0
2026-04-19 23:42:45,CNB,Cloudy,0.43,6.47,1.1,24.9,83.1
2026-04-13 02:11:16,CNB,Clear,0.33,6.59,1.0,25.2,97.5
2026-06-04 21:48:07,CNB,Cloudy,0.34,7.57,0.9,30.5,36.0
2026-06-07 17:34:30,CNB,Clear,0.29,7.3,0.9,20.3,87.7
2026-01-31 02:06:15,CNB,Fog,0.68,4.38,1.3,14.0,76.5
2026-02-25 20:21:04,CNB,Cloudy,0.29,7.32,0.0,13.3,61.7
2026-01-26 02:20:14,CNB,Clear,0.27,7.07,1.0,14.7,48.2
2026-01-10 10:51:39,CNB,Clear,0.22,8.19,1.2,24.4,80.0
2026-06-19 01:00:51,CNB,Clear,0.27,7.25,0.9,15.0,68.7
2026-03-18 07:16:31,CNB,Cloudy,0.32,6.89,1.2,29.6,68.9
2026-02-18 08:26:43,CNB,Clear,0.39,6.79,1.1,11.8,87.7
2026-02-21 15:34:23,CNB,Clear,0.5,6.58,1.5,18.5,86.8
2026-05-30 18:54:11,CNB,Cloudy,0.27,7.9,1.3,21.0,63.0
2026-01-07 11:50:25,CNB,Cloudy,0.13,9.34,0.5,11.2,37.6
2026-05-01 17:56:49,CNB,Rain,0.31,6.82,8.3,37.7,40.6
2026-03-01 02:30:23,CNB,Fog,0.8,2.84,0.5,29.4,82.1
2026-03-07 15:15:50,CNB,Clear,0.1,9.74,0.1,24.0,79.5
2026-05-07 08:16:27,CNB,Cloudy,0.46,6.52,0.8,27.5,68.7
2026-06-06 05:04:01,CNB,Clear,0.09,9.32,0.2,6.8,56.1
2026-03-13 11:01:38,CNB,Clear,0.6,5.32,0.7,39.4,73.1
2026-04-18 03:28:18,CNB,Rain,0.45,4.69,10.6,22.1,86.6
2026-06-08 00:19:24,CNB,Cloudy,0.17,8.64,1.2,30.6,44.1
2026-02-17 10:11:19,CNB,Cloudy,0.38,7.1,0.7,31.5,66.3
2026-03-13 16:43:17,CNB,Cloudy,0.06,9.93,0.6,13.2,32.8
2026-01-04 05:11:22,CNB,Fog,0.65,4.14,1.1,17.8,44.3
2026-01-18 23:41:52,CNB,Clear,0.55,5.58,1.4,24.8,79.8
2026-06-07 14:22:34,CNB,Fog,0.7,4.76,1.0,30.6,53.9
2026-01-12 23:44:34,CNB,Clear,0.45,6.63,0.9,32.9,75.6
2026-03-09 06:42:02,CNB,Clear,0.19,8.63,1.3,36.8,69.9
2026-05-28 07:00:50,CNB,Clear,0.22,7.07,1.5,10.7,32.5
2026-06-19 01:00:07,CNB,Cloudy,0.3,7.9,1.4,26.8,99.9
2026-03-20 22:25:14,CNB,Rain,0.51,4.26,7.4,18.7,74.6
2026-05-28 15:47:58,CNB,Clear,0.21,7.54,1.2,25.0,56.3
2026-05-19 13:40:00,CNB,Fog,0.55,5.46,0.5,25.2,51.7
2026-05-10 05:10:05,CNB,Cloudy,0.37,7.03,1.1,18.8,65.6
2026-05-26 16:39:29,CNB,Clear,0.3,7.62,1.0,19.7,58.2
2026-04-11 01:19:26,CNB,Clear,0.15,8.21,1.1,31.4,88.4
2026-02-16 13:23:23,CNB,Clear,0.43,6.51,0.9,36.0,51.9
2026-04-26 21:51:16,CNB,Clear,0.38,6.63,1.5,21.4,32.0
2026-01-20 21:54:03,CNB,Clear,0.22,9.68,1.3,24.9,47.3
2026-05-30 11:08:43,CNB,Cloudy,0.48,5.85,0.4,12.0,75.0
2026-06-07 10:34:47,CNB,Rain,0.38,5.89,3.7,17.0,65.0
2026-03-15 03:34:57,CNB,Clear,0.11,9.4,0.8,21.1,61.0
2026-01-06 20:49:37,CNB,Fog,0.63,5.45,0.8,13.0,50.4
2026-04-05 12:44:25,CNB,Cloudy,0.11,9.24,0.6,36.5,40.4
2026-01-09 20:27:23,CNB,Clear,0.32,6.96,0.3,35.5,58.7
2026-03-23 06:12:15,CNB,Clear,0.44,5.51,0.5,16.4,60.2
2026-03-20 16:16:35,CNB,Clear,0.37,6.9,0.5,16.7,73.4
2026-03-23 20:35:19,CNB,Fog,0.83,2.85,1.1,37.0,74.4
2026-03-10 00:26:37,CNB,Rain,0.23,6.37,19.6,19.2,71.1
2026-02-25 21:58:22,CNB,Clear,0.39,6.91,1.4,24.8,45.6
2026-01-20 11:22:59,CNB,Fog,0.51,5.48,1.3,13.2,53.1
2026-02-16 05:39:59,CNB,Clear,0.24,8.17,0.9,32.7,100.0
2026-04-22 16:49:31,CNB,Rain,0.23,6.71,5.5,26.7,65.4
2026-06-18 15:51:13,CNB,Clear,0.43,6.25,0.5,24.6,54.3
2026-04-12 23:43:42,CNB,Cloudy,0.34,7.32,0.8,33.5,68.7
2026-06-20 10:13:09,CNB,Cloudy,0.33,7.11,0.4,28.7,52.1
2026-01-11 18:30:52,CNB,Rain,0.39,5.75,11.2,24.0,67.7
2026-06-23 04:21:10,CNB,Clear,0.25,8.5,0.7,20.7,46.9
2026-04-22 07:40:47,CNB,Cloudy,0.09,8.83,1.2,23.9,91.2
2026-06-11 15:01:46,CNB,Cloudy,0.05,10.2,0.1,23.7,56.9
2026-01-09 19:04:03,CNB,Rain,0.61,4.16,3.8,22.9,70.7
2026-06-12 16:04:04,CNB,Rain,0.11,8.31,9.8,4.0,24.4
2026-04-23 16:35:37,CNB,Cloudy,0.3,6.84,0.2,14.0,79.2
2026-06-24 07:49:57,CNB,Clear,0.36,6.89,1.3,25.0,52.6
2026-04-29 23:25:19,CNB,Fog,0.69,4.75,0.9,20.2,56.7
2026-06-29 16:01:14,CNB,Clear,0.38,7.02,0.6,17.5,77.9
2026-02-24 19:22:28,CNB,Cloudy,0.24,7.8,1.0,24.6,65.6
2026-06-29 05:19:09,CNB,Clear,0.42,6.81,0.7,21.1,57.4
2026-06-11 19:53:49,CNB,Rain,0.12,7.74,3.4,15.3,61.7
2026-04-06 16:51:11,CNB,Fog,0.78,3.11,0.1,27.1,89.4
2026-02-25 16:44:38,CNB,Clear,0.23,6.86,1.2,26.5,44.7
2026-06-20 00:47:28,CNB,Clear,0.25,8.09,0.4,25.9,89.5
2026-06-19 17:40:19,CNB,Clear,0.44,6.5,0.8,23.7,93.9
2026-02-01 05:57:42,CNB,Clear,0.09,8.9,0.6,27.2,91.8
2026-04-25 07:25:31,CNB,Clear,0.37,6.55,1.2,20.4,76.6
2026-01-18 23:15:26,CNB,Cloudy,0.21,8.34,0.7,31.3,61.3
2026-04-23 03:17:30,CNB,Clear,0.31,8.4,1.4,29.2,53.5
2026-03-11 04:24:33,CNB,Clear,0.24,8.71,1.0,33.6,68.9
2026-04-14 12:52:52,CNB,Clear,0.27,7.59,1.3,26.2,75.9
2026-05-03 13:51:23,CNB,Clear,0.35,6.1,1.2,14.2,88.0
2026-05-08 17:52:30,CNB,Clear,0.31,7.26,1.1,25.2,85.5
2026-03-12 23:35:10,CNB,Clear,0.2,7.35,0.5,27.5,82.1
2026-06-12 21:17:22,CNB,Clear,0.21,9.18,1.1,24.3,43.2
2026-02-03 00:37:17,CNB,Clear,0.17,9.08,0.7,14.8,93.5
2026-06-03 20:28:48,CNB,Cloudy,0.11,9.57,1.5,21.7,62.3
2026-05-09 15:35:37,CNB,Clear,0.39,6.55,0.5,19.1,69.3
2026-03-31 01:15:34,CNB,Clear,0.3,7.0,1.5,18.5,62.1
2026-04-06 21:27:57,CNB,Clear,0.28,8.26,0.2,27.7,48.5
2026-05-16 21:39:48,CNB,Cloudy,0.22,7.7,1.1,35.8,72.8
2026-02-28 21:16:26,CNB,Clear,0.29,7.02,1.1,12.6,71.7
2026-01-26 22:17:50,CNB,Clear,0.28,7.38,0.9,17.4,60.7
2026-02-02 13:15:52,CNB,Clear,0.21,8.06,0.4,26.5,99.3
2026-03-31 16:11:01,CNB,Cloudy,0.22,7.88,0.2,25.2,51.5
2026-01-01 16:45:46,CNB,Clear,0.33,6.64,0.1,24.3,74.3
2026-06-26 12:13:31,CNB,Clear,0.26,7.15,1.1,24.9,20.0
2026-01-23 05:23:01,CNB,Clear,0.43,6.36,1.1,26.2,44.4
2026-01-06 11:02:03,CNB,Clear,0.22,8.03,1.3,16.6,70.9
2026-04-03 23:17:55,CNB,Fog,0.43,6.32,0.1,25.9,74.4
2026-04-19 12:29:31,CNB,Clear,0.17,7.82,0.4,36.3,70.3
2026-04-09 05:46:20,CNB,Cloudy,0.42,5.92,0.7,5.5,82.3
2026-03-19 03:12:29,CNB,Clear,0.25,7.76,0.6,14.9,89.6
2026-05-31 01:48:00,CNB,Clear,0.5,6.05,0.4,34.2,74.0
2026-01-13 12:01:52,CNB,Fog,0.49,6.18,0.6,15.2,68.7
2026-03-26 13:53:58,CNB,Clear,0.49,5.6,1.0,26.0,100.0
2026-01-03 06:16:03,CNB,Clear,0.13,8.74,0.0,26.5,60.8
2026-06-07 06:18:55,CNB,Clear,0.04,9.26,0.9,27.3,46.4
2026-06-10 03:06:24,CNB,Cloudy,0.23,7.5,0.5,27.6,46.4
2026-04-30 07:43:06,CNB,Clear,0.01,9.45,0.6,29.4,77.5
2026-03-25 16:21:01,CNB,Clear,0.27,7.8,0.1,28.6,69.3
2026-05-27 13:16:17,CNB,Fog,0.75,3.64,1.2,7.1,38.7
2026-01-25 21:16:02,CNB,Clear,0.28,7.76,1.2,27.1,64.8
2026-05-23 22:38:48,CNB,Clear,0.36,6.27,0.5,19.7,81.4
2026-02-04 05:11:41,CNB,Clear,0.39,6.74,1.0,20.3,69.8
2026-04-23 22:22:30,CNB,Clear,0.29,6.5,1.5,33.3,56.9
2026-05-01 15:14:56,CNB,Rain,0.27,6.69,5.1,23.2,93.4
2026-04-08 01:32:42,CNB,Cloudy,0.35,7.33,0.1,15.8,86.5
2026-01-24 08:58:35,CNB,Clear,0.07,9.97,0.8,30.3,61.1
2026-06-19 21:49:53,CNB,Clear,0.18,8.48,0.2,18.8,42.0
2026-02-18 01:56:33,CNB,Cloudy,0.24,7.51,0.8,8.3,41.9
2026-04-01 07:51:17,CNB,Clear,0.37,6.96,1.5,30.3,76.1
2026-04-07 10:14:17,CNB,Fog,0.68,4.13,0.3,21.2,66.8
2026-04-02 12:54:59,CNB,Cloudy,0.4,6.7,0.2,21.2,71.1
2026-04-02 06:04:34,CNB,Fog,0.52,6.28,0.1,21.7,62.8
2026-05-05 10:25:05,CNB,Fog,0.44,6.19,0.4,9.7,69.6
2026-01-22 11:22:50,CNB,Cloudy,0.31,7.21,1.2,19.1,84.8
2026-06-29 20:37:09,CNB,Rain,0.36,5.05,12.1,33.9,29.8
2026-05-22 21:03:40,CNB,Clear,0.11,8.75,1.3,15.3,48.0
2026-05-18 04:10:51,CNB,Clear,0.1,9.08,0.5,5.0,95.6
2026-01-09 17:19:15,CNB,Clear,0.19,8.65,0.7,23.2,50.4
2026-05-02 21:46:33,CNB,Clear,0.33,7.16,1.4,26.3,78.4
2026-06-10 11:45:27,CNB,Cloudy,0.14,9.49,0.8,33.9,46.4
2026-01-13 10:38:27,CNB,Clear,0.3,7.36,0.5,32.2,24.0
2026-04-18 03:18:14,CNB,Cloudy,0.2,8.09,0.3,27.6,49.1
2026-02-03 15:39:38,CNB,Fog,0.7,3.84,0.4,35.1,47.6
2026-02-22 14:52:34,CNB,Clear,0.3,7.53,0.8,29.5,56.5
2026-01-29 20:27:53,CNB,Fog,0.53,5.07,1.0,26.9,100.0
2026-01-28 04:45:21,CNB,Clear,0.48,6.14,0.3,34.8,91.4
2026-05-05 14:40:32,CNB,Clear,0.11,8.87,0.9,9.1,95.2
2026-06-13 18:51:30,CNB,Cloudy,0.52,5.97,1.1,19.7,70.0
2026-02-06 12:18:51,CNB,Fog,0.55,5.39,0.2,17.7,82.4
2026-06-27 02:39:18,CNB,Clear,0.12,9.03,1.3,23.0,55.2
2026-06-07 19:25:14,CNB,Rain,0.33,6.0,3.2,20.4,84.8
2026-02-22 22:28:54,CNB,Clear,0.14,9.03,0.3,21.5,52.4
2026-02-13 20:18:58,CNB,Clear,0.4,6.19,1.3,32.6,92.2
2026-05-03 10:57:43,CNB,Clear,0.35,7.41,0.5,24.3,74.7
2026-06-20 11:52:23,CNB,Clear,0.14,8.39,1.0,22.1,34.5
2026-06-12 10:08:36,CNB,Clear,0.49,5.69,0.5,14.2,60.2
2026-02-02 10:19:36,CNB,Clear,0.24,7.14,1.4,37.9,33.9
2026-01-09 15:27:10,CNB,Cloudy,0.43,5.7,0.2,15.3,47.1
2026-04-24 05:10:33,CNB,Cloudy,0.52,4.61,1.1,17.5,73.5
2026-06-06 12:55:39,CNB,Clear,0.27,7.69,1.0,31.1,77.6
2026-06-25 02:36:08,CNB,Clear,0.67,4.5,0.2,18.8,48.9
2026-05-01 13:05:55,CNB,Cloudy,0.14,8.25,0.8,22.8,67.3
2026-03-06 00:30:54,CNB,Clear,0.54,5.12,1.3,16.0,83.0
2026-01-25 13:29:12,CNB,Fog,0.63,4.78,1.1,13.1,66.8
2026-06-07 02:27:51,CNB,Rain,0.31,5.89,9.7,33.3,63.1
2026-03-25 20:01:45,CNB,Clear,0.1,9.24,0.2,18.6,73.0
2026-04-03 19:06:24,CNB,Clear,0.09,8.7,0.9,30.9,76.7
2026-03-18 10:39:13,CNB,Clear,0.07,9.77,1.5,34.2,67.5
2026-03-17 06:27:41,CNB,Clear,0.33,6.87,1.4,16.3,38.0
2026-03-15 08:10:19,CNB,Fog,0.44,5.61,1.3,34.1,42.8
2026-06-09 07:17:56,CNB,Clear,0.37,7.28,1.2,22.7,62.8
2026-05-13 07:50:38,CNB,Clear,0.66,4.35,1.5,22.8,71.4
2026-06-06 00:04:50,CNB,Fog,0.4,6.55,0.7,14.8,63.1
2026-03-31 17:20:12,CNB,Clear,0.59,4.99,0.0,17.1,80.7
2026-01-15 16:41:29,CNB,Rain,0.35,5.86,3.3,20.6,71.1
2026-04-23 00:06:17,CNB,Rain,0.07,8.34,2.5,43.7,100.0
2026-03-12 03:31:32,CNB,Fog,0.48,6.58,0.9,11.1,97.6
2026-01-17 00:26:41,CNB,Rain,0.27,6.5,5.9,22.9,64.4
2026-01-15 07:31:51,CNB,Rain,0.48,4.48,13.1,23.6,91.9
2026-06-04 03:21:15,CNB,Clear,0.04,9.37,0.1,23.7,57.6
2026-05-29 23:29:05,CNB,Clear,0.42,6.58,0.0,26.5,64.8
2026-05-11 12:53:32,CNB,Cloudy,0.53,5.7,1.1,0.9,68.0
2026-04-15 00:45:15,CNB,Fog,0.76,2.82,0.4,20.8,61.6
2026-02-06 07:53:20,CNB,Clear,0.18,8.85,0.7,17.0,47.9
2026-02-03 03:00:02,CNB,Clear,0.27,8.06,0.2,26.6,39.5
2026-03-28 11:50:23,CNB,Clear,0.08,9.77,1.4,8.9,58.1
2026-04-21 04:08:25,CNB,Clear,0.13,9.13,1.2,27.9,69.3
2026-04-02 16:53:40,CNB,Clear,0.3,7.72,0.6,19.7,86.1
2026-05-29 16:22:18,CNB,Clear,0.34,6.26,1.0,28.1,80.5
2026-01-23 13:40:49,CNB,Fog,0.76,3.18,1.2,13.5,70.0
2026-01-25 05:45:24,CNB,Clear,0.35,7.02,0.2,16.2,51.8
2026-05-06 08:53:01,CNB,Clear,0.36,6.72,0.5,15.9,49.3
2026-02-18 04:46:21,CNB,Clear,0.21,8.99,1.2,22.2,67.1
2026-05-14 16:00:20,CNB,Clear,0.39,6.59,0.9,27.2,38.5
2026-05-16 02:32:54,CNB,Rain,0.06,7.73,11.3,37.1,67.0
2026-04-29 07:49:26,CNB,Cloudy,0.46,6.62,0.2,18.1,76.9
2026-06-06 16:36:42,CNB,Fog,0.75,4.13,0.0,22.4,97.8
2026-01-06 02:12:15,CNB,Fog,0.5,5.67,0.8,29.5,54.6
2026-03-09 08:28:57,CNB,Cloudy,0.13,9.78,0.0,20.0,100.0
2026-05-31 16:23:28,CNB,Clear,0.29,8.37,1.1,27.9,80.8
2026-01-28 16:34:31,CNB,Clear,0.15,8.81,1.5,26.9,52.5
2026-03-24 14:22:52,CNB,Fog,0.83,2.98,0.4,27.1,100.0
2026-06-09 17:31:58,CNB,Clear,0.23,7.4,0.0,20.8,61.7
2026-04-08 03:37:37,CNB,Clear,0.13,9.22,1.1,34.8,76.8
2026-02-21 19:36:53,CNB,Clear,0.35,7.05,0.5,19.7,79.0
2026-01-22 13:43:43,CNB,Fog,0.73,4.77,0.7,18.0,62.4
2026-05-03 14:09:48,CNB,Fog,0.42,6.26,0.1,13.6,75.6
2026-05-25 09:39:06,CNB,Clear,0.19,8.89,1.0,19.4,56.9
2026-02-17 22:32:30,CNB,Clear,0.37,5.49,1.5,18.0,84.5
2026-01-06 16:16:32,CNB,Rain,0.31,6.41,5.8,27.1,86.6
2026-05-31 04:14:52,CNB,Rain,0.4,4.93,1.9,24.4,72.8
2026-02-11 17:36:36,CNB,Fog,0.47,6.52,1.1,26.3,55.8
2026-01-01 02:37:25,CNB,Rain,0.21,6.72,12.0,15.8,36.0
2026-05-19 20:58:20,CNB,Cloudy,0.51,5.59,0.6,15.6,65.0
2026-03-31 01:08:24,CNB,Rain,0.1,7.36,4.0,20.8,56.6
2026-06-27 09:10:54,CNB,Clear,0.31,7.77,1.0,13.8,62.2
2026-03-02 18:23:33,CNB,Cloudy,0.27,6.89,1.3,34.3,65.6
2026-05-01 03:38:04,CNB,Clear,0.34,6.42,0.5,14.7,74.7
2026-06-08 13:49:05,CNB,Rain,0.53,4.77,9.5,21.7,60.2
2026-02-11 17:39:02,CNB,Cloudy,0.16,7.97,1.0,20.3,100.0
2026-02-23 12:54:01,CNB,Clear,0.31,7.77,1.0,12.4,53.5
2026-04-08 21:46:29,CNB,Clear,0.04,9.51,0.3,7.4,54.1
2026-06-08 02:56:49,CNB,Rain,0.28,5.54,6.9,11.5,76.9
2026-04-20 19:52:18,CNB,Fog,1.0,0.69,1.4,28.8,84.7
2026-01-08 22:42:46,CNB,Cloudy,0.26,7.53,1.0,29.6,71.8
2026-06-08 20:17:00,CNB,Clear,0.47,5.59,0.0,37.6,41.3
2026-04-09 08:04:32,CNB,Fog,0.91,2.0,1.4,19.5,100.0
2026-05-17 17:08:44,CNB,Clear,0.41,7.1,1.2,28.3,52.4
2026-02-14 11:43:13,CNB,Cloudy,0.4,5.87,0.0,22.7,100.0
2026-04-28 23:50:03,CNB,Clear,0.45,6.7,0.6,16.6,57.1
2026-01-10 04:29:05,CNB,Clear,0.39,6.38,0.8,12.8,74.1
2026-01-07 15:31:43,CNB,Rain,0.07,7.91,3.7,16.1,73.3
2026-02-08 04:39:15,CNB,Clear,0.11,8.94,1.2,23.1,58.9
2026-01-29 11:45:52,CNB,Rain,0.2,7.35,4.1,35.6,46.2
2026-05-01 22:48:57,CNB,Rain,0.31,6.27,10.4,27.5,89.6
2026-05-02 02:34:07,CNB,Cloudy,0.23,7.91,1.1,19.0,50.8
2026-01-15 20:41:40,CNB,Clear,0.33,7.44,0.4,16.8,48.4
2026-01-02 04:21:44,CNB,Fog,0.67,5.02,1.3,21.8,74.2
2026-04-11 19:27:44,CNB,Clear,0.52,6.55,0.7,32.9,33.0
2026-03-27 09:41:30,CNB,Cloudy,0.24,7.84,0.3,18.1,54.6
2026-06-13 12:26:16,CNB,Clear,0.19,8.31,1.0,25.4,68.1
2026-03-08 08:26:45,CNB,Clear,0.3,8.15,1.4,24.7,81.4
2026-04-29 09:45:14,CNB,Cloudy,0.25,7.7,0.6,34.5,37.4
2026-01-09 16:47:59,CNB,Rain,0.3,6.54,7.9,32.5,78.4
2026-06-17 13:35:30,CNB,Clear,0.68,5.39,0.3,43.0,92.2
2026-03-20 13:23:58,CNB,Clear,0.07,10.27,0.2,27.0,42.9
2026-06-30 17:50:54,CNB,Cloudy,0.37,6.49,0.4,13.0,91.6
2026-06-30 21:39:30,CNB,Clear,0.08,9.4,0.5,19.7,39.4
2026-03-29 00:32:24,CNB,Clear,0.15,8.14,1.3,23.9,98.2
2026-01-04 04:20:15,CNB,Clear,0.4,6.91,0.3,29.1,52.1
2026-05-02 19:22:42,CNB,Clear,0.23,8.17,0.5,25.1,71.2
2026-05-06 12:03:04,CNB,Clear,0.14,8.87,1.3,30.1,63.3
2026-05-08 05:47:00,CNB,Cloudy,0.2,9.0,0.7,24.9,47.4
2026-04-17 23:48:34,CNB,Clear,0.25,7.83,0.8,35.4,58.9
2026-06-24 17:51:25,CNB,Rain,0.07,7.96,10.0,26.4,100.0
2026-01-25 17:35:07,CNB,Clear,0.35,6.62,0.5,20.4,69.8
2026-03-30 12:34:47,CNB,Cloudy,0.14,8.79,1.3,24.0,74.3
2026-03-09 11:43:32,CNB,Clear,0.01,9.87,0.5,20.4,62.1
2026-04-06 23:52:26,CNB,Clear,0.24,7.74,1.1,35.6,61.4
2026-02-04 14:30:27,CNB,Clear,0.43,6.16,1.2,13.8,48.2
2026-05-17 20:09:06,CNB,Clear,0.33,7.4,1.4,26.0,58.0
2026-06-24 23:03:28,CNB,Rain,0.12,7.74,3.3,11.9,33.1
2026-01-20 16:51:59,CNB,Clear,0.45,6.15,0.7,43.3,87.1
2026-01-24 10:16:08,CNB,Fog,0.83,2.91,1.5,23.3,61.1
2026-05-30 13:08:45,CNB,Clear,0.22,8.51,0.7,21.7,64.4
2026-03-21 11:24:07,CNB,Cloudy,0.04,10.55,1.3,21.3,34.0
2026-04-23 10:56:06,CNB,Clear,0.2,8.44,1.2,33.2,92.6
2026-03-08 15:27:21,CNB,Cloudy,0.23,7.77,1.2,19.5,67.2
2026-01-06 21:09:24,CNB,Clear,0.09,9.07,0.9,36.3,54.7
2026-02-24 08:33:03,CNB,Fog,0.53,5.84,1.2,24.5,66.0
2026-01-18 21:16:37,CNB,Rain,0.48,4.17,7.9,29.7,92.4
2026-04-22 08:33:03,CNB,Clear,0.54,5.54,0.7,30.2,46.9
2026-04-26 18:22:36,CNB,Rain,0.23,5.93,4.5,26.4,95.9
2026-03-20 16:30:43,CNB,Clear,0.15,8.55,1.1,13.6,62.9
2026-04-19 05:59:17,CNB,Clear,0.19,8.12,1.0,35.1,63.7
2026-05-14 12:06:44,CNB,Rain,0.18,7.74,6.3,16.0,47.3
2026-06-19 06:26:14,CNB,Fog,0.59,4.49,0.3,15.6,80.8
2026-06-11 19:32:41,CNB,Clear,0.29,7.64,1.0,21.0,44.2
2026-05-22 21:08:43,CNB,Clear,0.17,9.19,1.1,31.3,77.4
2026-03-03 09:11:29,CNB,Cloudy,0.15,9.7,0.2,17.5,94.5
2026-01-21 15:02:17,CNB,Cloudy,0.13,8.2,1.3,30.1,63.9
2026-05-02 08:52:31,CNB,Clear,0.23,8.04,0.3,22.9,42.4
2026-01-09 10:30:37,CNB,Cloudy,0.33,6.72,0.1,14.9,54.7
2026-05-03 05:02:18,CNB,Cloudy,0.33,6.99,1.2,32.9,56.9
2026-01-04 06:08:29,CNB,Clear,0.4,7.15,0.2,31.4,72.3
2026-03-23 16:49:32,CNB,Clear,0.24,8.11,0.4,21.3,58.1
2026-05-24 22:50:11,CNB,Clear,0.48,6.22,0.6,23.5,97.9
2026-05-01 22:28:23,CNB,Clear,0.17,8.79,1.1,16.1,62.0
2026-02-28 07:26:48,CNB,Clear,0.37,7.99,0.1,26.7,67.7
2026-05-29 06:00:50,CNB,Clear,0.45,6.26,0.6,31.1,100.0
2026-04-23 11:21:32,CNB,Fog,0.51,4.41,1.0,16.7,82.3
2026-05-08 09:34:50,CNB,Clear,0.29,7.47,0.8,43.6,88.1
2026-04-05 16:21:17,CNB,Clear,0.08,9.29,0.7,35.7,47.1
2026-02-14 02:35:33,CNB,Clear,0.1,9.05,1.0,11.2,67.8
2026-06-21 14:16:48,CNB,Cloudy,0.06,9.28,0.9,12.3,76.6
2026-05-16 19:00:40,CNB,Clear,0.07,9.32,1.1,36.3,94.1
2026-03-04 12:43:51,CNB,Clear,0.12,8.53,1.4,27.6,92.5
2026-03-24 08:10:00,CNB,Cloudy,0.41,7.11,1.1,34.4,62.2
2026-06-27 00:00:49,CNB,Fog,0.57,4.83,1.3,24.1,89.0
2026-04-20 05:47:15,CNB,Clear,0.31,6.89,1.3,16.9,47.8
2026-04-13 16:22:51,CNB,Clear,0.63,5.3,0.8,21.3,79.2
2026-02-06 09:54:07,CNB,Clear,0.1,8.4,1.3,26.8,76.9
2026-03-06 08:43:23,CNB,Clear,0.02,9.42,1.4,19.3,61.9
2026-06-25 18:53:21,CNB,Fog,0.9,2.93,1.0,29.9,52.0
2026-04-26 20:28:39,CNB,Clear,0.07,9.81,0.2,25.7,50.1
2026-05-06 01:56:42,CNB,Clear,0.16,8.31,0.0,23.2,83.6
2026-04-15 16:04:54,CNB,Fog,0.56,5.69,0.4,44.9,73.2
2026-01-28 03:53:46,CNB,Cloudy,0.51,5.25,1.1,12.3,84.1
2026-06-13 12:31:34,CNB,Rain,0.2,6.63,2.8,15.3,69.6
2026-06-22 06:31:34,CNB,Cloudy,0.21,7.24,0.8,24.1,74.8
2026-05-04 14:10:44,CNB,Fog,0.54,5.28,0.7,28.4,61.5
2026-01-24 18:09:51,CNB,Cloudy,0.2,8.38,0.1,15.4,100.0
2026-05-25 22:29:14,CNB,Clear,0.19,7.67,1.3,21.3,81.0
2026-05-27 03:09:55,CNB,Clear,0.37,6.58,0.6,24.5,72.1
2026-06-17 13:31:11,CNB,Cloudy,0.53,5.47,0.8,20.7,75.8
2026-05-12 09:18:24,CNB,Clear,0.16,9.06,1.0,21.3,79.5
2026-02-27 02:21:22,CNB,Cloudy,0.09,8.75,1.3,29.0,83.4
2026-03-17 11:55:12,CNB,Fog,0.79,2.78,0.5,19.7,97.5
2026-01-05 16:13:07,CNB,Cloudy,0.47,6.05,0.3,25.3,50.9
2026-03-15 06:32:22,CNB,Rain,0.38,5.49,2.9,26.6,60.0
2026-03-12 03:31:22,CNB,Fog,0.56,4.83,1.0,14.8,57.5
2026-03-09 08:38:13,CNB,Clear,0.6,3.93,1.0,6.2,82.8
2026-04-07 17:04:04,CNB,Rain,0.22,6.81,11.5,25.2,70.7
2026-03-20 07:35:13,CNB,Rain,0.21,6.8,12.3,17.5,43.5
2026-06-01 11:03:27,CNB,Clear,0.29,7.69,0.0,27.2,58.1
2026-01-21 01:32:48,CNB,Clear,0.22,8.56,1.2,18.4,100.0
2026-04-25 20:58:50,CNB,Clear,0.49,7.38,0.8,25.9,64.6
2026-06-06 22:47:53,CNB,Clear,0.26,7.18,0.1,20.2,66.5
2026-04-17 02:23:01,CNB,Clear,0.32,7.8,0.2,11.1,95.9
2026-04-19 21:59:03,CNB,Clear,0.15,9.43,1.0,38.2,90.5
2026-06-06 12:40:21,CNB,Fog,0.97,2.29,0.2,20.5,70.5
2026-03-22 03:29:22,CNB,Cloudy,0.38,6.95,0.7,22.1,70.5
2026-03-22 14:24:14,CNB,Cloudy,0.53,5.65,0.8,19.2,98.7
2026-06-14 23:02:09,CNB,Cloudy,0.05,9.86,0.1,17.8,57.4
2026-01-11 11:44:48,CNB,Clear,0.19,8.67,1.3,36.7,57.0
2026-02-05 10:07:48,CNB,Cloudy,0.31,6.82,0.8,33.1,65.3
2026-04-03 07:35:26,CNB,Clear,0.16,8.18,0.6,20.5,69.3
2026-03-02 13:24:02,CNB,Rain,0.31,6.29,22.2,3.3,61.3
2026-06-13 12:31:46,CNB,Clear,0.32,7.14,0.9,24.3,76.8
2026-05-31 02:05:03,CNB,Clear,0.15,8.68,0.4,22.9,62.5
2026-03-02 13:52:59,CNB,Cloudy,0.11,8.83,1.0,22.6,35.1
2026-05-08 02:00:33,CNB,Rain,0.17,7.05,9.0,39.4,56.2
2026-01-14 10:43:41,CNB,Clear,0.31,7.65,1.3,21.3,53.4
2026-06-18 10:59:33,CNB,Clear,0.12,8.59,0.7,28.5,60.8
2026-03-13 18:52:38,CNB,Clear,0.11,9.55,0.5,15.9,52.7
2026-06-09 14:47:46,CNB,Clear,0.23,7.66,0.4,24.7,72.9
2026-06-09 06:16:28,CNB,Fog,0.79,4.01,0.6,23.6,90.9
2026-02-10 16:40:59,CNB,Rain,0.05,8.13,10.9,20.6,70.9
2026-01-22 00:24:25,CNB,Clear,0.14,9.57,0.0,26.8,81.9
2026-04-13 14:21:30,CNB,Cloudy,0.43,6.56,1.3,15.9,80.8
2026-06-25 18:40:23,CNB,Clear,0.13,9.62,0.3,26.5,65.9
2026-05-27 06:09:37,CNB,Clear,0.59,4.62,0.7,30.0,59.0
2026-03-21 06:42:26,CNB,Clear,0.09,8.95,0.7,25.0,66.0
2026-01-02 00:35:40,CNB,Fog,0.79,2.19,1.1,19.2,53.0
2026-02-21 01:09:05,CNB,Clear,0.35,7.18,1.1,29.3,71.8
2026-05-02 07:01:55,CNB,Clear,0.29,7.24,0.2,15.2,58.8
2026-06-12 06:32:54,CNB,Rain,0.09,7.87,16.0,26.2,68.0
2026-04-03 21:21:21,CNB,Clear,0.22,7.9,1.4,24.2,79.1
2026-01-18 20:42:08,CNB,Fog,0.57,5.61,0.4,32.3,45.6
2026-03-06 16:44:30,CNB,Clear,0.2,7.64,0.4,28.0,78.4
2026-02-12 20:09:51,CNB,Clear,0.66,4.47,0.8,26.4,78.1
2026-04-21 00:10:41,CNB,Clear,0.22,8.27,0.1,37.2,78.6
2026-05-27 13:05:15,CNB,Clear,0.55,5.8,0.1,32.0,92.1
2026-06-05 20:25:53,CNB,Clear,0.28,8.11,0.1,16.7,68.3
2026-03-11 10:17:10,CNB,Rain,0.14,7.7,3.9,18.7,90.4
2026-02-28 02:05:38,CNB,Clear,0.36,8.12,0.3,33.5,73.2
2026-04-24 16:53:18,CNB,Cloudy,0.22,8.12,1.3,21.8,29.7
2026-01-19 08:57:11,CNB,Clear,0.18,7.86,0.4,15.4,84.8
2026-06-08 06:01:04,CNB,Rain,0.22,7.18,4.3,43.7,48.6
2026-06-12 18:05:32,CNB,Fog,0.49,4.86,0.1,23.8,67.1
2026-02-10 17:34:25,CNB,Clear,0.42,6.23,0.7,20.8,27.0
2026-04-26 05:03:01,CNB,Clear,0.55,5.11,0.7,36.5,58.8
2026-03-04 20:39:15,CNB,Rain,0.15,7.19,5.0,14.1,54.0
2026-05-25 18:32:11,CNB,Clear,0.11,8.5,1.4,28.5,36.7
2026-06-16 01:39:47,CNB,Cloudy,0.1,8.09,1.0,20.4,62.8
2026-06-08 17:43:50,CNB,Clear,0.09,8.97,1.3,10.0,65.3
2026-04-21 03:34:59,CNB,Cloudy,0.16,8.5,0.0,23.6,97.1
2026-01-03 05:48:02,CNB,Clear,0.35,7.56,1.4,23.2,46.2
2026-03-28 17:55:10,CNB,Rain,0.31,6.57,1.7,18.5,20.0
2026-03-08 09:16:04,CNB,Fog,0.88,2.43,0.9,11.1,65.0
2026-03-15 10:44:03,CNB,Clear,0.36,6.36,0.4,37.1,70.3
2026-03-22 15:43:52,CNB,Cloudy,0.44,6.05,1.5,30.2,48.7
2026-03-02 20:04:30,CNB,Rain,0.43,4.74,3.8,17.0,79.1
2026-01-25 16:58:29,CNB,Clear,0.58,5.06,1.1,16.9,100.0
2026-06-27 03:29:46,CNB,Clear,0.36,6.21,1.2,14.7,91.6
2026-04-26 02:14:04,CNB,Clear,0.22,7.63,1.2,28.9,88.0
2026-01-28 16:43:44,CNB,Clear,0.52,5.75,0.4,25.4,65.2
2026-04-26 04:49:38,CNB,Clear,0.05,8.92,1.0,16.2,65.5
2026-06-19 19:24:15,CNB,Cloudy,0.55,5.05,1.0,13.7,80.4
2026-03-03 07:11:02,CNB,Fog,0.48,6.02,0.1,21.3,68.2
2026-02-20 01:41:25,CNB,Clear,0.62,5.16,1.4,31.1,82.8
2026-01-02 12:29:54,CNB,Fog,0.39,5.99,0.8,33.4,100.0
2026-01-18 02:21:03,CNB,Clear,0.4,6.52,1.2,23.3,63.8
2026-05-01 15:09:40,CNB,Cloudy,0.4,6.82,0.1,22.6,61.6
2026-06-01 02:35:22,CNB,Clear,0.14,8.46,1.0,22.1,52.6
2026-03-23 01:27:14,CNB,Clear,0.48,6.18,1.1,31.8,60.9
2026-05-31 19:23:03,CNB,Clear,0.22,8.45,1.2,22.1,67.7
2026-06-11 10:02:12,CNB,Clear,0.45,5.99,0.2,27.9,97.6
2026-02-02 16:13:24,CNB,Clear,0.73,3.95,0.6,31.2,68.6
2026-03-23 21:29:04,CNB,Rain,0.19,7.74,3.9,28.5,94.9
2026-04-16 10:26:23,CNB,Clear,0.1,9.02,0.2,27.1,24.5
2026-02-16 14:09:15,CNB,Clear,0.32,7.26,0.7,31.0,37.9
2026-06-28 16:47:10,CNB,Rain,0.13,8.08,4.3,22.2,60.4
2026-02-03 15:13:57,CNB,Clear,0.5,5.01,0.4,19.1,42.8
2026-06-16 05:31:58,CNB,Clear,0.43,6.41,0.9,36.1,39.6
2026-03-08 04:24:10,CNB,Cloudy,0.05,10.23,1.3,24.1,51.1
2026-03-19 22:22:38,CNB,Clear,0.19,8.81,1.0,26.7,73.7
2026-03-09 21:45:09,CNB,Cloudy,0.03,9.97,0.1,19.1,42.0
2026-04-18 15:38:45,CNB,Cloudy,0.31,7.02,0.4,25.4,94.4
2026-04-14 16:04:41,CNB,Cloudy,0.39,6.28,0.2,27.6,59.6
2026-04-23 23:23:39,CNB,Clear,0.18,8.21,0.2,32.4,57.5
2026-01-08 00:44:52,CNB,Clear,0.84,3.53,0.9,13.1,79.0
2026-01-23 03:36:55,CNB,Cloudy,0.32,6.69,0.0,30.3,63.6
2026-02-17 05:56:51,CNB,Cloudy,0.57,5.26,0.5,14.4,65.1
2026-04-28 11:33:50,CNB,Clear,0.27,8.0,0.3,24.8,81.6
2026-05-24 05:23:57,CNB,Cloudy,0.39,6.97,0.6,15.8,47.4
2026-03-09 15:47:07,CNB,Rain,0.15,7.81,7.3,19.2,72.4
2026-05-02 03:07:38,CNB,Fog,0.98,2.37,0.8,23.4,59.6
2026-02-24 07:08:25,CNB,Rain,0.33,6.2,8.9,12.6,74.9
2026-02-04 09:56:21,CNB,Clear,0.19,8.02,0.5,12.9,70.0
2026-01-28 22:18:26,CNB,Fog,0.74,3.19,1.3,26.0,47.9
2026-06-19 17:45:05,CNB,Clear,0.3,7.25,0.1,31.5,40.4
2026-05-01 17:39:52,CNB,Clear,0.61,4.21,1.2,28.0,85.6
2026-03-23 00:46:33,CNB,Cloudy,0.27,7.94,0.1,15.3,100.0
2026-06-07 15:31:46,CNB,Fog,0.87,2.42,0.0,42.4,85.8
2026-02-09 15:02:03,CNB,Clear,0.44,6.48,0.7,-0.3,75.1
2026-05-31 19:08:36,CNB,Clear,0.67,4.73,1.0,36.8,69.9
2026-01-19 08:00:00,CNB,Clear,0.46,5.68,0.7,27.3,51.6
2026-06-01 00:51:28,CNB,Fog,0.82,2.97,0.2,26.5,50.3
2026-03-12 19:51:52,CNB,Clear,0.03,9.72,1.3,24.1,50.2
2026-05-31 07:02:19,CNB,Rain,0.09,7.38,1.4,30.6,64.4
2026-05-06 09:02:31,CNB,Cloudy,0.39,7.05,1.1,19.6,98.6
2026-04-25 00:16:11,CNB,Clear,0.4,6.63,0.5,37.1,48.7
2026-02-18 09:07:52,CNB,Rain,0.04,8.54,3.3,27.0,66.8
2026-05-15 12:16:41,CNB,Fog,0.48,6.45,0.7,20.7,43.7
2026-01-28 06:34:55,CNB,Cloudy,0.26,8.55,0.6,30.1,63.8
2026-05-21 06:07:17,CNB,Fog,0.52,5.63,1.2,11.0,20.0
2026-05-16 21:22:59,CNB,Fog,0.85,2.59,0.5,19.0,98.1
2026-01-03 03:51:02,CNB,Clear,0.37,6.85,1.1,15.0,42.8
2026-06-01 03:55:17,CNB,Rain,0.44,4.58,19.7,24.3,63.3
2026-06-09 22:33:31,CNB,Cloudy,0.5,5.97,1.4,29.3,78.2
2026-01-22 03:58:05,CNB,Clear,0.27,7.88,0.4,18.5,65.2
2026-04-15 04:02:16,CNB,Clear,0.2,8.19,0.3,38.8,50.1
2026-05-23 01:28:38,CNB,Clear,0.15,8.31,0.1,12.7,70.7
2026-03-15 21:30:56,CNB,Clear,0.19,8.1,0.6,16.4,49.8
2026-06-25 15:59:51,CNB,Clear,0.22,8.25,1.0,36.0,82.6
2026-05-06 09:02:33,CNB,Clear,0.06,8.9,1.3,37.2,77.7
2026-06-06 05:11:08,CNB,Clear,0.32,7.39,1.0,27.4,44.5
2026-02-20 02:26:59,CNB,Clear,0.13,8.23,1.4,25.3,58.2
2026-05-30 12:23:46,CNB,Clear,0.39,6.49,0.8,12.9,93.4
2026-06-03 11:10:01,CNB,Cloudy,0.26,8.03,1.4,33.2,64.3
2026-05-20 20:05:09,CNB,Clear,0.26,7.58,0.5,24.9,97.7
2026-04-18 07:21:25,CNB,Clear,0.25,8.12,0.0,21.3,58.9
2026-06-27 13:21:03,CNB,Cloudy,0.25,8.07,0.7,22.1,82.6
2026-04-17 11:38:22,CNB,Fog,0.38,6.86,0.1,24.7,51.4
2026-05-20 11:33:13,CNB,Cloudy,0.36,6.4,1.4,32.5,88.9
2026-01-22 10:34:15,CNB,Fog,0.53,7.18,1.2,18.4,62.9
2026-05-03 15:50:19,CNB,Clear,0.11,8.88,1.1,18.3,91.8
2026-01-31 01:03:32,CNB,Clear,0.19,9.02,0.3,7.0,71.6
2026-06-28 08:01:51,CNB,Rain,0.57,4.64,17.1,26.2,76.9
2026-03-18 00:57:34,CNB,Clear,0.32,6.68,0.2,11.9,53.7
2026-04-25 03:56:32,CNB,Cloudy,0.18,8.59,0.6,19.8,95.4
2026-01-02 03:09:49,CNB,Clear,0.22,7.73,0.5,14.5,74.9
2026-06-14 08:19:24,CNB,Clear,0.3,6.92,1.0,22.1,75.1
2026-02-24 06:31:28,CNB,Clear,0.43,6.48,0.7,37.2,36.8
2026-01-01 00:12:31,CNB,Rain,0.57,4.13,2.6,23.8,83.9
2026-02-09 20:08:22,CNB,Clear,0.27,6.89,0.9,30.1,63.2
2026-02-07 23:05:52,CNB,Rain,0.27,6.18,6.9,25.2,45.5
2026-01-15 23:29:47,CNB,Cloudy,0.08,9.19,1.2,33.9,66.9
2026-03-07 16:46:19,CNB,Clear,0.49,5.32,0.9,20.1,77.7
2026-05-25 06:50:29,CNB,Clear,0.38,6.97,1.1,18.8,80.0
2026-04-11 07:51:31,CNB,Rain,0.06,7.75,4.8,28.2,74.1
2026-03-19 08:57:38,CNB,Clear,0.19,8.72,0.2,18.7,55.1
2026-04-17 12:57:26,CNB,Clear,0.25,7.68,0.7,20.5,61.4
2026-04-13 05:22:11,CNB,Clear,0.11,8.93,0.6,31.5,80.7
2026-06-03 00:18:57,CNB,Clear,0.37,7.13,0.6,29.3,54.2
2026-03-01 02:14:00,CNB,Clear,0.05,9.75,1.1,35.5,30.7
2026-02-01 00:46:05,CNB,Clear,0.45,5.95,0.2,11.3,84.2
2026-02-03 20:03:43,CNB,Fog,0.92,1.54,1.4,8.8,52.1
2026-01-25 02:12:16,CNB,Clear,0.4,7.17,0.2,36.0,76.3
2026-06-17 21:07:58,CNB,Rain,0.15,7.36,4.8,34.6,72.2
2026-02-22 14:09:11,CNB,Clear,0.53,5.18,0.5,22.0,55.4
2026-01-13 08:55:37,CNB,Cloudy,0.38,7.41,0.8,12.6,61.6
2026-01-18 05:08:41,CNB,Rain,0.79,2.35,14.4,24.1,99.0
2026-05-21 19:49:47,CNB,Clear,0.52,5.42,0.9,20.1,58.6
2026-02-23 17:05:30,CNB,Cloudy,0.78,3.86,0.1,26.8,95.9
2026-02-04 13:18:43,CNB,Clear,0.68,3.71,0.0,32.5,68.9
2026-05-23 15:42:26,CNB,Clear,0.08,9.33,1.2,34.1,60.2
2026-05-23 17:07:53,CNB,Fog,0.66,4.69,1.1,29.2,42.1
2026-06-22 17:14:51,CNB,Cloudy,0.37,6.38,1.4,15.9,100.0
2026-04-30 17:34:34,CNB,Cloudy,0.29,7.1,0.7,28.9,81.6
2026-03-28 09:33:16,CNB,Clear,0.45,6.45,0.4,32.7,91.1
2026-06-03 09:30:35,CNB,Clear,0.12,9.31,0.3,33.3,79.5
2026-04-27 11:55:57,CNB,Clear,0.27,8.02,0.7,36.5,65.9
2026-06-12 06:35:06,CNB,Clear,0.33,7.21,1.2,25.2,82.9
2026-02-24 08:54:04,CNB,Fog,0.53,5.89,1.3,30.8,59.8
2026-01-27 08:30:00,CNB,Clear,0.11,9.17,0.3,23.7,63.1
2026-06-11 08:00:35,CNB,Cloudy,0.19,8.96,1.3,20.9,34.4
2026-01-03 08:57:43,CNB,Fog,0.45,6.5,1.4,5.2,76.6
2026-05-14 19:15:53,CNB,Clear,0.29,7.64,0.5,30.8,44.6
2026-03-09 07:10:15,CNB,Cloudy,0.12,8.68,0.2,14.9,69.7
2026-01-24 02:06:44,CNB,Cloudy,0.01,9.76,0.1,23.1,56.8
2026-06-16 12:04:07,CNB,Rain,0.27,6.36,2.3,24.5,67.6
2026-01-19 00:09:49,CNB,Clear,0.24,7.91,0.6,29.8,26.5
2026-03-02 12:04:13,CNB,Clear,0.06,10.09,1.2,9.5,67.8
2026-02-24 00:31:29,CNB,Cloudy,0.35,6.89,0.1,33.2,78.7
2026-01-07 14:47:00,CNB,Cloudy,0.44,6.02,1.0,23.0,74.9
2026-01-18 23:53:15,CNB,Clear,0.14,8.85,0.5,16.4,61.2
2026-06-20 17:50:12,CNB,Clear,0.13,8.6,0.9,21.5,83.5
2026-02-16 23:57:17,CNB,Cloudy,0.25,7.77,1.2,28.1,58.5
2026-01-11 23:29:56,CNB,Fog,1.0,1.75,1.3,33.0,65.3
2026-03-30 17:09:15,CNB,Fog,0.47,6.09,0.8,38.1,91.7
2026-06-02 04:15:05,CNB,Clear,0.38,7.82,1.0,35.0,98.5
2026-05-06 05:20:15,CNB,Clear,0.02,10.02,0.9,30.2,52.4
2026-02-24 10:31:37,CNB,Clear,0.28,7.34,1.0,34.9,61.0
2026-06-21 17:44:24,CNB,Clear,0.75,3.56,0.9,21.9,66.7
2026-05-12 06:39:49,CNB,Rain,0.14,7.28,24.2,34.2,51.8
2026-04-10 03:33:42,CNB,Cloudy,0.06,9.15,0.8,14.1,61.4
2026-05-22 15:04:12,CNB,Cloudy,0.15,9.31,0.8,29.3,57.4
2026-05-01 21:35:17,CNB,Rain,0.31,6.58,4.8,23.4,70.6
2026-02-14 06:34:33,CNB,Fog,0.7,3.89,0.2,26.2,92.3
2026-04-09 00:25:58,CNB,Clear,0.23,8.44,0.1,29.3,91.8
2026-05-09 09:54:35,CNB,Clear,0.18,8.6,0.3,22.5,89.7
2026-04-22 22:11:27,CNB,Fog,0.81,2.53,0.9,16.1,96.2
2026-04-01 09:53:06,CNB,Clear,0.4,5.99,1.2,27.4,72.2
2026-05-23 06:07:15,CNB,Clear,0.53,5.33,1.2,19.5,77.8
2026-02-11 14:18:59,CNB,Fog,0.47,5.96,0.6,39.6,80.1
2026-06-09 15:16:51,CNB,Clear,0.06,8.83,1.4,22.4,68.9
2026-02-24 11:26:45,CNB,Clear,0.48,5.39,0.2,30.7,64.4
2026-04-10 05:20:49,CNB,Clear,0.13,9.41,1.5,24.6,61.4
2026-06-03 03:10:24,CNB,Cloudy,0.07,9.22,0.1,18.3,28.2
2026-06-20 05:37:27,CNB,Clear,0.37,6.68,0.5,23.7,49.1
2026-05-30 12:16:39,CNB,Cloudy,0.15,7.7,0.8,27.8,61.4
2026-01-14 12:31:02,CNB,Clear,0.01,10.11,1.0,19.8,80.7
2026-05-26 22:58:53,CNB,Clear,0.08,9.44,0.6,22.0,20.0
2026-04-19 11:52:56,CNB,Fog,0.62,4.47,1.0,21.1,91.2
2026-04-30 13:00:53,CNB,Clear,0.35,6.53,1.0,33.6,68.0
2026-06-20 13:21:26,CNB,Rain,0.22,6.61,17.8,19.7,66.1
2026-02-19 04:39:03,CNB,Cloudy,0.13,9.07,0.6,23.1,46.6
2026-05-11 10:15:41,CNB,Clear,0.25,7.48,0.4,26.2,74.1
2026-05-27 09:16:25,CNB,Clear,0.12,8.72,1.1,11.6,43.5
2026-06-19 10:48:48,CNB,Clear,0.08,9.28,1.4,15.4,64.3
2026-01-25 16:42:25,CNB,Cloudy,0.23,8.05,0.7,27.7,94.3
2026-03-05 01:06:30,CNB,Fog,0.49,5.8,1.1,38.2,72.1
2026-02-17 08:05:35,CNB,Clear,0.09,9.47,1.0,14.0,50.0
2026-06-05 12:12:02,CNB,Clear,0.08,9.12,1.3,27.4,72.0
2026-04-28 09:27:51,CNB,Clear,0.34,6.77,0.1,10.4,50.4
2026-01-16 16:29:18,CNB,Rain,0.2,6.96,3.3,17.1,75.4
2026-05-14 00:32:19,CNB,Clear,0.07,10.12,1.3,13.1,20.0
2026-02-22 05:10:59,CNB,Rain,0.08,7.83,3.5,33.7,99.9
2026-06-03 18:21:43,CNB,Fog,0.62,4.78,1.4,23.3,62.4
2026-04-30 22:04:12,CNB,Clear,0.17,8.72,1.4,21.9,82.1
2026-02-17 14:58:28,CNB,Clear,0.13,7.67,0.9,32.5,58.0
2026-01-02 16:20:00,CNB,Clear,0.16,9.19,1.0,25.5,54.9
2026-06-16 06:27:27,CNB,Clear,0.26,7.76,1.4,18.5,62.3
2026-01-18 10:46:16,CNB,Clear,0.21,8.02,0.0,26.4,38.9
2026-04-25 11:47:55,CNB,Fog,0.43,6.18,1.5,33.2,52.5
2026-03-26 22:57:10,CNB,Cloudy,0.23,7.27,0.2,28.8,82.0
2026-04-11 16:31:29,CNB,Cloudy,0.23,8.79,0.1,30.8,43.0
2026-05-23 17:20:15,CNB,Cloudy,0.36,6.71,1.4,14.8,27.5
2026-04-13 08:34:21,CNB,Clear,0.14,8.77,0.8,15.8,59.5
2026-05-17 11:43:44,CNB,Fog,0.74,3.62,0.9,26.1,53.3
2026-04-18 18:37:26,CNB,Rain,0.51,4.72,13.6,28.4,57.3
2026-06-23 00:17:49,CNB,Rain,0.31,7.27,4.4,23.7,66.0
2026-05-21 14:00:56,CNB,Fog,0.65,4.66,0.1,30.3,50.4
2026-04-10 09:48:33,CNB,Cloudy,0.2,8.05,0.3,28.5,80.6
2026-05-29 16:38:51,CNB,Clear,0.41,6.69,0.1,16.9,89.7
2026-05-09 14:33:31,CNB,Clear,0.39,6.99,1.2,19.7,50.5
2026-04-20 10:11:32,CNB,Clear,0.29,6.95,1.2,23.4,35.5
2026-05-06 08:10:46,CNB,Clear,0.16,8.4,0.6,22.6,72.5
2026-05-15 00:17:12,CNB,Cloudy,0.17,8.56,0.1,42.1,86.1
2026-05-22 06:08:52,CNB,Rain,0.22,6.9,6.0,13.1,53.2
2026-05-31 01:10:17,CNB,Clear,0.06,9.3,1.4,19.0,20.8
2026-03-05 10:32:42,CNB,Cloudy,0.45,6.88,0.6,11.7,54.9
2026-05-29 18:53:51,CNB,Rain,0.18,7.38,3.9,23.5,52.4
2026-01-31 07:03:15,CNB,Fog,0.74,3.38,0.8,31.1,64.2
2026-05-20 15:27:03,CNB,Cloudy,0.13,9.01,1.3,34.9,20.0
2026-06-14 11:58:38,CNB,Cloudy,0.27,8.09,1.2,28.7,36.9
2026-04-11 15:48:28,CNB,Clear,0.21,8.2,0.3,20.8,86.1
2026-02-08 17:03:42,CNB,Cloudy,0.15,9.14,0.0,30.8,51.6
2026-03-22 19:00:24,CNB,Rain,0.08,8.26,8.9,18.0,61.6
2026-02-06 13:49:14,CNB,Cloudy,0.03,9.41,0.8,33.7,71.7
2026-06-14 21:33:58,CNB,Clear,0.23,7.8,1.2,23.2,68.9
2026-06-12 19:51:35,CNB,Clear,0.3,7.77,0.6,22.0,54.3
2026-04-04 15:55:18,CNB,Fog,0.74,3.46,1.0,19.1,68.3
2026-05-26 19:26:05,CNB,Rain,0.09,7.95,13.9,23.0,67.1
2026-02-27 20:29:23,CNB,Cloudy,0.2,8.08,1.2,27.2,55.3
2026-04-18 10:36:26,CNB,Fog,0.66,4.25,0.3,37.8,72.3
2026-02-07 05:48:01,CNB,Rain,0.3,6.64,5.0,20.5,51.7
2026-05-27 06:34:05,CNB,Rain,0.27,6.37,6.2,29.7,72.1
2026-03-20 16:50:23,CNB,Clear,0.61,5.22,0.9,20.1,68.4
2026-01-07 12:34:49,CNB,Clear,0.31,7.09,0.4,33.8,48.8
2026-01-31 17:30:22,CNB,Cloudy,0.1,9.18,1.4,6.6,79.7
2026-03-31 10:06:34,CNB,Clear,0.06,8.96,0.7,24.0,55.0
2026-01-23 23:39:50,CNB,Fog,1.0,1.36,1.0,24.1,79.6
2026-03-27 17:16:23,CNB,Cloudy,0.16,8.68,0.2,19.9,61.1
2026-02-25 11:58:24,CNB,Fog,0.81,3.45,0.6,20.5,81.0
2026-01-27 17:25:32,CNB,Cloudy,0.56,4.59,0.9,18.2,66.6
2026-02-11 23:46:12,CNB,Clear,0.34,7.81,1.4,28.6,59.6
2026-05-16 03:36:42,CNB,Fog,0.54,5.3,1.3,12.0,74.5
2026-01-24 00:55:32,CNB,Clear,0.22,8.61,0.3,22.3,35.4
2026-04-25 10:10:14,CNB,Clear,0.17,8.32,0.9,12.0,66.5
2026-01-14 12:20:10,CNB,Clear,0.12,8.98,1.4,5.8,36.9
2026-06-09 01:16:11,CNB,Clear,0.25,8.35,0.3,21.6,65.6
2026-03-12 10:15:41,CNB,Clear,0.22,7.78,1.2,22.9,40.6
2026-04-05 21:51:41,CNB,Clear,0.25,7.9,0.4,14.2,73.9
2026-02-11 07:41:23,CNB,Clear,0.42,6.94,0.6,13.6,81.2
2026-04-04 10:13:38,CNB,Clear,0.4,6.82,0.4,34.9,100.0
2026-03-19 12:21:52,CNB,Rain,0.55,4.78,22.1,25.1,55.7
2026-06-22 18:05:55,CNB,Clear,0.04,10.4,0.3,18.6,44.7
2026-05-25 05:16:16,CNB,Clear,0.18,8.08,1.2,24.9,100.0
2026-05-30 17:56:56,CNB,Cloudy,0.46,5.36,0.3,34.9,70.2
2026-05-25 13:09:33,CNB,Clear,0.51,5.58,1.3,32.7,64.9
2026-04-18 20:14:00,CNB,Fog,0.57,4.9,0.7,35.5,83.2
2026-03-25 13:54:54,CNB,Clear,0.29,7.43,0.2,24.4,86.8
2026-04-12 04:07:00,CNB,Clear,0.47,6.01,0.6,29.4,70.9
2026-02-13 14:17:49,CNB,Rain,0.28,6.5,2.7,4.1,88.7
2026-04-14 03:22:26,CNB,Cloudy,0.31,6.94,1.1,30.0,67.5
2026-03-25 16:08:39,CNB,Fog,0.73,3.68,1.1,15.4,92.0
2026-05-30 04:17:17,CNB,Fog,0.9,2.82,0.7,20.3,57.7
2026-03-22 16:46:52,CNB,Clear,0.31,7.6,1.3,17.8,75.2
2026-02-18 08:53:46,CNB,Clear,0.2,7.81,0.5,18.4,32.4
2026-06-07 07:40:16,CNB,Cloudy,0.31,7.99,0.4,14.4,61.8
2026-05-06 11:47:44,CNB,Fog,0.4,6.85,0.9,24.1,68.1
2026-04-16 12:44:25,CNB,Clear,0.04,10.06,0.5,19.4,54.1
2026-05-14 15:45:11,CNB,Fog,0.83,2.46,1.2,24.8,77.2
2026-02-20 18:28:48,CNB,Clear,0.12,9.64,1.4,23.2,61.4
2026-06-21 04:45:56,CNB,Clear,0.38,6.57,0.1,22.9,71.4
2026-02-03 06:56:02,CNB,Clear,0.22,8.31,1.3,25.7,69.5
2026-06-10 15:13:37,CNB,Cloudy,0.47,5.42,0.5,21.5,40.9
2026-01-04 21:57:08,CNB,Cloudy,0.15,8.94,1.1,18.9,48.3
2026-05-23 09:40:28,CNB,Fog,0.61,5.11,1.2,27.1,92.1
2026-04-02 09:01:24,CNB,Rain,0.13,7.62,12.6,10.8,97.1
2026-04-30 13:21:15,CNB,Cloudy,0.62,5.42,0.2,19.0,54.7
2026-04-08 09:24:15,CNB,Clear,0.33,8.05,0.8,30.9,41.2
2026-06-05 20:30:39,CNB,Clear,0.25,8.19,0.3,29.5,53.8
2026-02-23 11:03:35,CNB,Clear,0.12,8.94,0.6,26.4,76.7
2026-03-30 07:09:52,CNB,Clear,0.21,8.08,1.0,30.7,59.3
2026-01-10 22:04:21,CNB,Rain,0.14,7.05,4.7,35.4,97.4
2026-01-11 23:25:53,CNB,Clear,0.14,8.78,0.4,25.5,68.5
2026-04-06 02:19:03,CNB,Clear,0.24,8.62,1.4,16.1,45.3
2026-04-28 11:55:37,CNB,Clear,0.09,9.43,0.0,36.6,49.0
2026-05-19 19:34:21,CNB,Clear,0.45,6.46,0.1,27.1,69.4
2026-06-27 02:02:17,CNB,Clear,0.6,5.5,1.4,25.4,66.1
2026-04-30 02:11:38,CNB,Clear,0.09,9.28,1.1,23.2,40.0
2026-02-24 01:43:40,CNB,Cloudy,0.25,8.26,1.2,24.6,66.8
2026-01-18 23:44:40,CNB,Clear,0.53,6.08,0.9,16.2,38.8
2026-04-04 07:55:44,CNB,Clear,0.34,7.71,0.9,37.2,55.4
2026-05-17 15:47:58,CNB,Cloudy,0.13,8.95,0.4,22.1,77.1
2026-04-12 05:24:11,CNB,Cloudy,0.39,5.98,0.4,19.5,50.9
2026-04-28 10:02:41,CNB,Cloudy,0.44,5.91,0.4,35.1,45.4
2026-02-28 23:16:07,CNB,Clear,0.3,8.08,1.2,35.5,38.1
2026-01-10 01:13:19,CNB,Clear,0.19,8.19,1.5,27.2,37.9
2026-06-09 21:04:24,CNB,Rain,0.17,7.97,15.0,24.1,38.7
2026-05-12 03:50:35,CNB,Clear,0.66,4.16,0.5,32.6,78.6
2026-01-19 18:42:01,CNB,Clear,0.48,5.51,0.6,27.9,57.0
2026-06-18 08:45:45,CNB,Clear,0.28,7.94,0.2,24.4,59.5
2026-03-26 00:46:47,CNB,Clear,0.42,6.94,0.4,23.0,73.3
2026-03-06 12:52:16,CNB,Clear,0.34,6.79,1.4,28.6,100.0
2026-05-26 01:02:26,CNB,Clear,0.43,6.38,0.5,37.5,49.5
2026-04-27 19:30:32,CNB,Fog,0.52,5.18,0.2,38.0,70.7
2026-01-24 10:23:22,CNB,Clear,0.4,7.13,0.2,24.6,65.3
2026-02-16 12:52:32,CNB,Rain,0.08,7.69,3.2,28.8,60.5
2026-02-21 14:46:09,CNB,Fog,0.75,3.19,0.8,25.5,49.3
2026-05-09 17:35:16,CNB,Clear,0.15,8.88,0.4,25.6,29.5
2026-04-21 17:14:41,CNB,Fog,0.87,2.49,0.4,18.8,45.0
2026-05-21 01:29:34,CNB,Clear,0.38,6.83,0.6,31.7,97.2
2026-01-15 14:42:30,CNB,Clear,0.23,8.06,0.6,24.8,61.3
2026-04-06 09:55:02,CNB,Fog,0.45,6.31,0.5,27.7,64.8
2026-03-16 05:52:22,CNB,Clear,0.2,9.07,0.4,26.4,67.1
2026-04-06 11:01:18,CNB,Fog,0.41,5.62,0.6,24.3,23.8
2026-02-21 02:24:02,CNB,Cloudy,0.05,9.16,0.0,20.7,71.6
2026-05-16 06:02:30,CNB,Clear,0.42,6.2,0.8,23.0,100.0
2026-02-26 23:47:30,CNB,Clear,0.09,8.51,0.4,31.6,61.4
2026-01-23 01:26:24,CNB,Cloudy,0.37,7.03,1.1,19.6,42.3
2026-06-14 11:23:08,CNB,Rain,0.19,6.77,16.3,26.5,87.4
2026-03-17 01:25:20,CNB,Clear,0.18,8.2,0.9,30.1,91.5
2026-06-02 04:52:19,CNB,Cloudy,0.17,8.38,0.4,30.7,49.7
2026-04-25 15:42:32,CNB,Clear,0.05,9.8,0.2,8.4,56.0
2026-03-09 19:42:58,CNB,Clear,0.16,8.05,0.4,29.2,46.7
2026-04-07 07:31:18,CNB,Clear,0.77,3.84,0.9,11.5,56.7
2026-05-06 18:30:26,CNB,Cloudy,0.26,8.25,0.6,11.7,41.4
2026-01-06 13:20:59,CNB,Clear,0.09,9.27,0.5,22.2,81.2
2026-06-22 21:02:14,CNB,Rain,0.64,3.27,8.5,31.7,71.9
2026-04-06 11:21:03,CNB,Clear,0.28,8.06,0.1,19.8,76.9
2026-05-15 08:01:55,CNB,Clear,0.33,7.25,0.1,50.1,75.7
2026-02-24 03:59:22,CNB,Cloudy,0.16,9.39,1.0,16.9,77.3
2026-04-05 13:52:00,CNB,Fog,0.45,6.83,0.1,15.6,89.4
2026-05-07 17:18:27,CNB,Clear,0.08,9.64,0.3,-0.5,87.1
2026-06-30 17:54:00,CNB,Clear,0.09,8.92,0.9,24.5,82.8
2026-06-26 14:20:22,CNB,Rain,0.64,3.86,16.0,38.8,70.8
2026-03-29 23:02:03,CNB,Clear,0.26,7.7,1.4,19.7,65.1
2026-06-25 22:17:00,CNB,Clear,0.29,7.59,0.4,29.7,63.9
2026-01-06 09:58:10,CNB,Clear,0.33,7.17,0.4,26.7,29.9
2026-06-07 03:06:38,CNB,Clear,0.49,6.19,0.8,17.0,70.3
2026-05-03 13:42:20,CNB,Clear,0.37,7.28,0.1,27.9,62.7
2026-03-01 11:51:01,CNB,Clear,0.49,6.45,1.2,20.2,83.0
2026-01-27 20:51:09,CNB,Rain,0.18,7.35,3.6,26.2,55.6
2026-05-17 16:09:44,CNB,Rain,0.52,4.79,12.3,15.2,57.2
2026-02-05 23:44:22,CNB,Cloudy,0.37,7.15,1.1,25.3,76.2
2026-01-10 08:56:27,CNB,Clear,0.4,6.26,0.1,18.0,64.8
2026-01-03 08:40:15,CNB,Fog,0.7,4.39,1.0,22.4,52.5
2026-01-07 06:23:21,CNB,Clear,0.29,7.75,1.2,27.2,84.5
2026-02-11 03:11:24,CNB,Rain,0.32,5.58,2.5,30.8,73.4
2026-04-13 17:06:40,CNB,Clear,0.25,7.28,0.5,18.5,80.4
2026-02-02 07:48:02,CNB,Rain,0.19,7.62,10.5,19.0,72.2
2026-04-05 12:37:24,CNB,Cloudy,0.4,6.49,1.4,20.7,95.7
2026-04-18 14:26:38,CNB,Clear,0.04,8.9,0.7,13.7,20.0
2026-06-28 02:53:41,CNB,Rain,0.39,6.12,12.4,4.1,60.0
2026-03-05 02:51:55,CNB,Fog,0.45,6.59,0.1,25.7,62.9
2026-04-09 17:01:15,CNB,Fog,0.51,6.51,0.2,17.8,69.6
2026-01-26 21:36:15,CNB,Cloudy,0.1,8.99,0.9,32.8,44.4
2026-01-26 02:36:34,CNB,Clear,0.33,7.57,0.5,28.9,61.1
2026-04-29 10:06:18,CNB,Fog,0.72,4.56,1.2,29.4,72.5
2026-05-27 13:19:05,CNB,Clear,0.08,9.61,1.1,25.5,89.8
2026-02-21 16:32:03,CNB,Fog,0.66,4.11,0.4,26.9,49.8
2026-06-03 10:34:15,CNB,Clear,0.16,9.41,0.5,23.6,73.6
2026-05-09 05:05:42,CNB,Fog,0.65,4.67,0.2,18.9,100.0
2026-04-13 10:39:58,CNB,Clear,0.23,8.26,0.8,19.1,49.4
2026-02-16 18:50:54,CNB,Clear,0.12,8.68,0.2,25.5,46.8
2026-03-12 16:47:55,CNB,Cloudy,0.4,6.76,0.9,28.7,62.1
2026-05-26 04:15:38,CNB,Cloudy,0.28,6.76,0.9,32.9,85.1
2026-03-09 01:45:04,CNB,Clear,0.37,7.07,0.1,14.4,70.4
2026-04-21 21:04:58,CNB,Clear,0.4,6.32,0.4,25.2,52.3
2026-02-15 00:35:14,CNB,Clear,0.19,9.25,0.8,26.8,65.3
2026-04-22 02:16:18,CNB,Cloudy,0.2,7.99,1.4,24.7,25.0
2026-03-02 22:49:34,CNB,Cloudy,0.27,7.8,0.2,19.4,31.6
2026-03-20 06:15:55,CNB,Clear,0.38,6.66,0.4,26.8,73.0
2026-04-05 05:56:13,CNB,Clear,0.12,8.67,0.3,29.1,67.4
2026-05-28 07:28:10,CNB,Cloudy,0.07,9.87,0.1,11.8,57.3
2026-04-02 01:01:46,CNB,Clear,0.24,8.64,1.0,19.0,68.5
2026-06-10 10:11:58,CNB,Rain,0.18,7.9,11.2,16.5,32.2
2026-04-11 01:47:49,CNB,Clear,0.09,9.46,1.2,28.6,77.4
2026-03-15 16:57:35,CNB,Clear,0.16,8.6,0.4,21.3,82.5
2026-05-14 05:03:58,CNB,Fog,0.92,3.39,0.0,19.7,78.4
2026-02-13 11:08:44,CNB,Rain,0.41,5.25,6.1,29.6,80.6
2026-01-09 00:03:33,CNB,Cloudy,0.46,6.52,1.3,24.8,53.5
2026-01-04 01:00:08,CNB,Cloudy,0.34,7.13,1.3,18.9,95.6
2026-03-13 23:12:38,CNB,Clear,0.34,7.12,1.2,18.3,56.8
2026-01-04 02:56:59,CNB,Cloudy,0.36,6.5,0.0,22.5,50.6
2026-01-28 15:58:19,CNB,Clear,0.17,9.14,0.4,26.0,66.6
2026-04-23 20:14:06,CNB,Clear,0.41,6.25,0.5,33.1,67.7
2026-03-26 21:10:25,CNB,Cloudy,0.15,8.37,0.2,13.8,56.1
2026-04-08 06:26:50,CNB,Cloudy,0.49,5.25,0.8,29.7,62.3
2026-01-25 02:51:14,CNB,Clear,0.46,6.39,1.2,28.8,100.0
2026-01-08 02:17:49,CNB,Clear,0.17,8.88,0.3,25.9,56.3
2026-05-19 07:40:35,CNB,Clear,0.12,9.17,1.0,11.5,76.2
2026-01-01 20:49:20,CNB,Cloudy,0.39,6.36,0.1,33.9,64.5
2026-02-25 00:07:35,CNB,Rain,0.19,7.58,2.5,28.9,72.8
2026-02-28 13:50:04,CNB,Cloudy,0.57,4.84,1.0,19.1,58.8
2026-02-01 12:24:09,CNB,Cloudy,0.17,8.42,1.3,26.8,68.2
2026-02-12 22:49:02,CNB,Clear,0.28,8.11,1.0,13.6,83.7
2026-05-30 21:30:01,CNB,Clear,0.32,7.01,0.2,34.0,38.4
2026-03-26 05:07:10,CNB,Rain,0.25,7.25,5.7,21.8,69.6
2026-03-12 05:35:18,CNB,Cloudy,0.65,4.99,0.4,28.8,54.2
2026-05-12 06:45:05,CNB,Fog,0.36,6.9,0.9,28.3,71.0
2026-02-22 03:09:31,CNB,Cloudy,0.12,8.74,0.0,18.5,100.0
2026-05-29 15:47:53,CNB,Cloudy,0.07,8.89,0.5,26.4,64.9
2026-06-14 02:53:21,CNB,Clear,0.28,7.62,0.5,8.8,100.0
2026-03-27 01:58:56,CNB,Clear,0.47,5.78,1.0,24.8,79.8
2026-04-30 13:27:46,CNB,Clear,0.31,7.08,0.7,17.5,84.7
2026-02-28 19:59:44,CNB,Clear,0.09,8.22,0.2,13.0,63.0
2026-01-23 04:37:19,CNB,Clear,0.29,7.95,1.5,19.2,95.9
2026-04-05 13:52:58,CNB,Clear,0.43,5.76,1.1,32.8,76.6
2026-02-21 11:51:28,CNB,Rain,0.45,5.55,4.5,10.5,76.6
2026-05-02 05:31:30,CNB,Clear,0.12,8.63,0.5,22.8,80.9
2026-04-23 13:45:37,CNB,Rain,0.13,7.43,4.2,25.1,59.5
2026-06-16 20:48:59,CNB,Rain,0.31,5.9,4.2,18.2,64.2
2026-01-08 18:42:50,CNB,Cloudy,0.21,8.69,1.3,24.2,57.0
2026-03-03 08:11:24,CNB,Clear,0.22,7.79,1.4,27.7,78.3
2026-04-01 02:24:49,CNB,Clear,0.38,6.87,1.3,28.1,93.4
2026-05-15 20:20:57,CNB,Clear,0.35,7.78,0.8,20.1,58.0
2026-03-02 09:49:01,CNB,Cloudy,0.44,5.99,1.4,21.5,42.8
2026-05-24 17:18:41,CNB,Clear,0.42,6.08,0.6,29.3,62.4
2026-06-14 22:33:42,CNB,Clear,0.21,7.32,0.3,27.1,82.7
2026-05-27 02:39:16,CNB,Clear,0.13,9.11,0.9,24.9,73.0
2026-01-20 10:34:43,CNB,Clear,0.48,5.85,0.9,13.9,56.7
2026-05-03 18:20:55,CNB,Rain,0.22,6.62,3.6,32.8,56.0
2026-03-02 21:16:26,CNB,Clear,0.3,8.3,0.2,38.1,35.3
2026-03-15 18:47:26,CNB,Fog,0.47,7.14,0.9,31.5,59.3
2026-05-24 19:13:57,CNB,Cloudy,0.04,9.37,1.4,24.2,38.6
2026-03-13 23:17:33,CNB,Cloudy,0.21,8.38,0.4,18.0,30.6
2026-04-15 12:48:18,CNB,Clear,0.23,7.72,0.5,17.6,56.9
2026-02-19 11:25:36,CNB,Clear,0.24,8.35,0.1,17.2,84.6
2026-04-04 21:25:39,CNB,Clear,0.15,8.18,1.4,25.1,77.3
2026-06-15 12:53:33,CNB,Clear,0.18,8.22,1.3,18.6,74.3
2026-05-25 17:13:19,CNB,Clear,0.17,8.34,0.5,7.2,45.8
2026-03-02 14:13:26,CNB,Clear,0.19,8.47,0.1,20.6,72.7
2026-04-07 19:46:12,CNB,Clear,0.38,7.74,0.8,22.8,53.8
2026-03-14 05:11:26,CNB,Rain,0.19,6.77,14.7,22.1,44.7
2026-02-22 08:33:50,CNB,Clear,0.19,8.95,0.6,12.3,76.6
2026-01-23 11:27:28,CNB,Clear,0.25,7.62,0.9,19.4,86.0
2026-05-21 17:36:54,CNB,Cloudy,0.52,5.35,0.5,17.0,74.3
2026-02-23 16:47:44,CNB,Clear,0.15,9.37,1.1,27.5,79.2
2026-01-10 09:38:35,CNB,Cloudy,0.12,9.25,1.4,12.8,94.2
2026-03-04 16:31:53,CNB,Cloudy,0.1,9.94,1.0,15.8,76.4
2026-04-23 08:40:20,CNB,Cloudy,0.24,7.95,0.4,34.4,63.8
2026-04-04 05:31:10,CNB,Fog,0.92,2.33,1.4,25.8,77.5
2026-04-11 08:47:30,CNB,Rain,0.43,4.93,1.2,22.6,74.5
2026-04-08 14:50:30,CNB,Clear,0.2,7.94,0.2,32.1,100.0
2026-04-05 10:38:36,CNB,Fog,0.6,4.64,0.0,22.1,94.0
2026-04-28 06:50:38,CNB,Clear,0.17,9.06,0.1,33.6,63.8
2026-04-08 10:37:06,CNB,Fog,0.49,6.19,0.4,39.5,69.7
2026-06-15 03:26:47,CNB,Rain,0.12,7.58,14.3,31.3,83.2
2026-01-08 21:59:58,CNB,Clear,0.04,9.05,0.2,26.0,47.8
2026-06-18 17:50:23,CNB,Fog,1.0,1.23,0.8,21.4,71.4
2026-05-07 00:09:05,CNB,Clear,0.3,7.37,1.0,25.3,75.6
2026-05-05 18:13:03,CNB,Clear,0.6,5.06,1.1,8.8,82.9
2026-04-06 20:44:47,CNB,Cloudy,0.04,9.36,0.7,23.8,40.6
2026-05-13 04:01:15,CNB,Rain,0.32,5.68,17.4,30.3,47.0
2026-01-21 19:48:17,CNB,Clear,0.19,8.76,1.4,34.0,63.4
2026-06-02 19:25:10,CNB,Clear,0.18,7.78,1.2,22.8,50.9
2026-04-03 08:28:38,CNB,Clear,0.5,5.12,1.1,25.7,77.3
2026-01-21 19:15:58,CNB,Clear,0.6,4.92,0.6,13.0,72.5
2026-06-14 00:09:26,CNB,Clear,0.48,5.56,0.1,20.0,68.3
2026-01-20 16:49:45,CNB,Fog,0.5,6.33,1.3,13.6,59.9
2026-06-20 10:02:07,CNB,Fog,0.68,3.57,0.4,22.5,59.0
2026-04-13 05:03:40,CNB,Rain,0.18,7.57,20.5,23.0,76.5
2026-06-03 11:57:56,CNB,Cloudy,0.61,5.03,0.5,34.4,88.2
2026-02-27 02:55:15,CNB,Fog,0.57,6.21,0.4,15.3,62.3
2026-01-26 01:36:41,CNB,Clear,0.55,4.48,0.5,12.0,62.1
2026-03-16 15:27:53,CNB,Clear,0.26,8.16,0.8,30.4,51.8
2026-03-28 20:36:28,CNB,Clear,0.17,8.54,0.1,45.8,20.4
2026-02-07 19:28:31,CNB,Clear,0.09,9.49,1.4,16.1,84.1
2026-05-31 17:55:37,CNB,Cloudy,0.37,6.8,0.3,25.1,61.9
2026-02-03 07:37:34,CNB,Rain,0.53,4.77,11.3,14.4,59.4
2026-04-17 06:41:13,CNB,Clear,0.1,8.65,0.1,35.2,39.8
2026-05-25 02:35:51,CNB,Cloudy,0.25,7.78,0.9,3.5,72.1
2026-04-18 11:27:28,CNB,Fog,0.63,4.54,0.9,34.1,70.0
2026-04-02 05:21:01,CNB,Rain,0.17,7.95,15.3,16.2,78.8
2026-04-17 03:18:18,CNB,Clear,0.25,8.42,0.6,25.5,85.8
2026-04-23 08:04:04,CNB,Clear,0.12,8.48,0.8,19.0,42.0
2026-06-24 09:11:21,CNB,Rain,0.42,4.97,2.3,13.8,20.0
2026-01-26 05:53:06,CNB,Rain,0.06,8.01,11.6,28.9,66.5
2026-02-09 13:15:30,CNB,Cloudy,0.39,6.77,0.4,28.1,55.4
2026-04-17 01:09:20,CNB,Clear,0.27,7.55,1.2,23.8,38.4
2026-02-21 15:25:10,CNB,Clear,0.05,9.68,1.4,18.0,54.1
2026-03-16 16:59:26,CNB,Cloudy,0.17,8.65,1.0,24.7,73.1
2026-02-20 15:29:05,CNB,Cloudy,0.13,9.04,0.7,28.0,41.8
2026-04-26 07:04:36,CNB,Clear,0.61,4.56,0.7,15.1,53.9
2026-02-05 16:06:54,CNB,Rain,0.19,7.49,2.6,34.9,95.2
2026-04-12 08:14:04,CNB,Cloudy,0.51,6.07,0.0,37.1,80.0
2026-02-26 00:02:32,CNB,Clear,0.37,7.04,1.3,12.6,67.7
2026-01-28 16:13:24,CNB,Rain,0.28,5.33,13.9,29.9,71.2
2026-03-03 19:03:38,CNB,Fog,0.5,5.04,0.8,1.7,76.2
2026-03-27 11:14:52,CNB,Clear,0.66,3.55,0.4,27.3,81.0
2026-02-14 06:18:00,CNB,Fog,0.79,2.45,0.6,43.5,64.6
2026-06-02 23:43:53,CNB,Clear,0.29,7.38,0.9,34.6,37.9
2026-03-19 00:52:44,CNB,Fog,0.49,5.2,1.1,15.5,72.1
2026-02-18 19:46:54,CNB,Clear,0.15,7.81,1.4,23.9,99.5
2026-03-24 18:59:14,CNB,Clear,0.47,5.87,0.7,10.0,64.2
2026-04-19 22:26:47,CNB,Clear,0.08,9.43,1.0,48.5,94.8
2026-02-26 04:23:52,CNB,Fog,0.61,5.39,1.1,27.1,81.3
2026-05-06 12:25:47,CNB,Clear,0.22,8.06,0.4,30.1,71.0
2026-03-17 12:50:10,CNB,Clear,0.13,8.79,0.4,13.5,37.7
2026-06-03 21:24:29,CNB,Clear,0.18,8.49,1.2,27.3,57.8
2026-04-03 20:44:49,CNB,Clear,0.14,8.35,1.1,21.5,45.7
2026-01-04 02:08:51,CNB,Fog,0.46,6.39,0.2,17.2,84.3
2026-04-08 22:10:44,CNB,Cloudy,0.18,8.47,0.4,24.4,47.0
2026-02-12 09:11:57,CNB,Clear,0.71,3.81,0.3,20.3,69.9
2026-02-09 06:16:36,CNB,Clear,0.28,8.29,0.8,27.2,39.6
2026-05-02 08:55:03,CNB,Clear,0.03,10.05,0.9,22.1,26.8
2026-03-27 09:51:53,CNB,Fog,0.72,4.14,0.4,27.9,62.3
2026-02-16 06:37:26,CNB,Clear,0.29,7.91,0.9,23.0,44.3
2026-04-30 06:32:32,CNB,Clear,0.06,10.04,0.5,40.8,60.9
2026-02-16 05:59:24,CNB,Clear,0.5,5.83,0.7,26.2,81.2
2026-01-04 06:03:21,CNB,Rain,0.58,4.58,0.6,33.6,55.4
2026-05-08 07:36:01,CNB,Cloudy,0.05,9.86,0.1,18.6,21.1
2026-02-01 14:41:02,CNB,Cloudy,0.52,6.18,0.1,28.6,82.1
2026-02-09 20:54:11,CNB,Clear,0.28,7.53,0.8,26.8,25.5
2026-04-27 21:45:13,CNB,Fog,0.68,3.62,0.4,12.8,87.5
2026-06-20 17:02:53,CNB,Clear,0.33,6.61,0.4,22.5,56.6
2026-05-27 10:42:53,CNB,Rain,0.11,6.61,12.2,25.3,50.8
2026-06-07 19:34:43,CNB,Clear,0.18,8.65,0.7,24.3,51.8
2026-05-21 20:42:05,CNB,Clear,0.61,6.13,1.2,25.2,84.1
2026-01-29 18:55:12,CNB,Clear,0.18,8.33,1.0,35.8,68.0
2026-01-27 18:05:21,CNB,Clear,0.47,6.45,0.6,36.9,59.3
2026-05-09 16:25:47,CNB,Clear,0.17,8.56,1.1,23.1,77.4
2026-04-15 23:07:59,CNB,Cloudy,0.26,7.56,0.8,25.1,46.5
2026-04-29 01:01:02,CNB,Fog,0.63,4.2,0.5,24.2,50.0
2026-01-27 17:06:19,CNB,Clear,0.15,9.14,0.4,28.9,59.2
2026-06-26 03:43:20,CNB,Clear,0.39,6.76,1.4,19.4,82.0
2026-01-18 20:07:51,CNB,Clear,0.3,7.9,1.5,31.3,70.9
2026-06-16 12:39:41,CNB,Clear,0.17,8.45,1.0,9.5,55.2
2026-05-06 03:13:29,CNB,Fog,0.46,6.7,0.4,32.3,74.2
2026-01-20 08:30:24,CNB,Clear,0.25,7.35,0.9,33.7,52.6
2026-04-09 16:19:56,CNB,Clear,0.21,8.34,1.3,9.2,58.1
2026-05-12 09:48:01,CNB,Clear,0.04,9.63,1.3,18.7,49.2
2026-04-02 04:19:16,CNB,Rain,0.34,6.13,4.3,23.3,83.7
2026-05-28 07:04:06,CNB,Cloudy,0.47,6.31,0.8,17.9,65.1
2026-05-04 23:30:39,CNB,Fog,0.49,5.69,1.2,36.7,53.4
2026-04-17 19:10:40,CNB,Clear,0.1,9.0,0.1,26.9,74.6
2026-02-13 11:04:37,CNB,Rain,0.23,6.4,3.7,19.5,36.0
2026-03-18 19:47:38,CNB,Clear,0.27,7.36,0.0,22.7,80.3
2026-04-28 13:35:52,CNB,Clear,0.46,5.98,0.8,22.2,59.9
2026-01-16 23:22:02,CNB,Clear,0.12,8.23,1.5,17.1,81.2
2026-04-30 13:50:00,CNB,Clear,0.15,8.52,1.3,17.2,61.9
2026-01-04 08:20:50,CNB,Clear,0.24,8.46,0.3,23.9,54.3
2026-02-12 00:30:00,CNB,Rain,0.15,7.6,7.7,29.7,79.5
2026-04-23 11:09:13,CNB,Clear,0.33,7.45,0.3,23.5,94.2
2026-05-17 15:59:54,CNB,Cloudy,0.26,8.62,0.5,28.9,81.4
2026-02-26 02:59:01,CNB,Clear,0.19,8.95,1.0,38.0,40.6
2026-01-22 13:01:28,CNB,Rain,0.03,8.34,15.3,32.6,35.3
2026-05-08 09:41:19,CNB,Clear,0.06,9.54,1.0,23.4,50.7
2026-01-12 15:34:57,CNB,Cloudy,0.31,7.98,0.8,20.2,37.0
2026-04-15 16:14:47,CNB,Clear,0.15,8.64,0.5,20.9,57.4
2026-06-21 15:51:46,CNB,Clear,0.12,9.32,1.2,16.0,71.7
2026-06-21 15:40:03,CNB,Rain,0.39,5.29,16.0,36.5,67.8
2026-06-10 08:29:30,CNB,Fog,0.59,5.19,0.7,26.6,23.3
2026-03-27 21:32:11,CNB,Clear,0.1,9.33,1.1,19.4,86.1
2026-02-23 10:29:30,CNB,Clear,0.33,7.36,0.3,18.7,70.8
2026-04-24 11:11:49,CNB,Clear,0.29,7.82,1.3,37.6,93.2
2026-01-24 12:36:59,CNB,Clear,0.55,6.01,1.3,21.6,45.3
2026-02-26 05:43:44,CNB,Rain,0.36,5.51,7.5,22.4,82.1
2026-01-07 17:51:28,CNB,Cloudy,0.02,9.82,0.1,31.4,98.3
2026-06-17 16:58:14,CNB,Clear,0.1,9.65,0.4,28.4,56.3
2026-05-23 18:00:01,CNB,Clear,0.14,8.3,1.3,29.4,41.7
2026-03-31 17:39:31,CNB,Clear,0.16,8.69,0.9,32.5,45.9
2026-03-11 09:17:07,CNB,Clear,0.25,8.35,1.0,26.2,74.9
2026-01-24 18:30:14,CNB,Cloudy,0.27,7.76,1.5,24.3,55.6
2026-06-14 05:45:39,CNB,Clear,0.32,7.49,0.9,18.7,91.6
2026-05-20 20:51:39,CNB,Rain,0.13,8.44,8.2,23.4,42.5
2026-02-13 13:50:01,CNB,Fog,0.98,0.97,1.1,31.3,57.6
2026-05-17 14:47:31,CNB,Cloudy,0.31,7.07,1.0,21.5,80.3
2026-02-17 17:20:02,CNB,Clear,0.18,8.5,0.2,22.2,56.7
2026-03-09 23:20:01,CNB,Fog,0.41,6.79,1.5,27.4,68.7
2026-04-11 01:14:15,CNB,Clear,0.41,6.02,0.4,24.2,100.0
2026-03-24 12:55:02,CNB,Clear,0.44,5.95,0.9,20.9,56.1
2026-01-24 10:30:12,CNB,Clear,0.27,8.35,1.4,32.0,56.3
2026-04-12 07:08:41,CNB,Clear,0.19,8.1,0.1,12.9,100.0
2026-01-23 12:47:52,CNB,Rain,0.45,5.11,11.3,29.3,72.7
2026-02-19 22:57:14,CNB,Rain,0.4,6.04,2.7,24.4,81.1
2026-04-07 16:49:30,CNB,Fog,0.45,7.13,0.5,31.9,90.1
2026-02-20 15:44:55,CNB,Clear,0.1,9.14,0.6,19.4,79.7
2026-06-08 22:45:25,CNB,Clear,0.65,3.78,1.4,3.5,81.0
2026-06-02 00:58:03,CNB,Clear,0.2,8.74,0.2,24.2,30.8
2026-01-11 18:07:18,CNB,Cloudy,0.37,6.43,0.8,16.9,59.9
2026-06-19 05:49:09,CNB,Clear,0.01,10.3,0.7,39.7,81.1
2026-05-28 07:07:32,CNB,Clear,0.45,6.07,0.9,26.8,82.8
2026-04-05 20:24:29,CNB,Clear,0.26,7.93,0.8,14.6,74.9
2026-01-12 18:48:35,CNB,Cloudy,0.29,7.5,1.0,23.2,57.0
2026-05-15 11:24:54,CNB,Clear,0.36,6.9,0.5,22.3,78.4
2026-04-30 01:07:33,CNB,Cloudy,0.34,7.76,1.1,40.0,56.6
2026-01-04 07:51:54,CNB,Cloudy,0.13,9.41,0.6,15.1,79.4
2026-01-01 00:43:14,CNB,Clear,0.47,6.27,0.8,24.8,91.4
2026-03-23 19:29:08,CNB,Rain,0.35,5.55,5.0,7.1,55.4
2026-04-05 06:22:41,CNB,Clear,0.17,8.8,0.8,17.6,65.3
2026-05-28 06:43:26,CNB,Cloudy,0.43,6.05,1.1,43.3,63.1
2026-06-06 06:03:18,CNB,Cloudy,0.64,5.17,1.0,31.6,78.9
2026-03-02 16:32:54,CNB,Cloudy,0.28,7.05,0.9,16.7,93.0
2026-04-01 06:47:24,CNB,Rain,0.13,8.31,2.5,15.4,88.7
2026-01-01 10:32:52,CNB,Cloudy,0.16,8.26,0.7,28.6,59.5
2026-01-07 21:51:01,CNB,Clear,0.24,7.36,0.5,32.2,71.2
2026-04-11 11:07:03,CNB,Clear,0.59,4.98,1.2,17.0,76.1
2026-02-12 07:02:06,CNB,Clear,0.45,6.25,0.2,16.2,26.7
2026-05-03 14:01:32,CNB,Clear,0.28,7.61,1.2,24.7,84.9
2026-03-08 03:21:23,CNB,Fog,0.54,5.16,0.3,15.1,76.0
2026-06-02 00:32:47,CNB,Clear,0.28,7.11,0.5,45.0,40.3
2026-04-02 02:27:02,CNB,Clear,0.14,9.3,0.2,30.0,62.4
2026-05-18 19:18:33,CNB,Clear,0.43,7.01,0.5,24.1,45.3
2026-04-05 01:10:45,CNB,Clear,0.3,6.68,0.8,10.6,82.7
2026-03-11 16:39:45,CNB,Rain,0.26,6.68,7.2,20.6,41.9
2026-02-01 23:06:55,CNB,Clear,0.4,6.23,0.5,38.6,94.2
2026-04-07 15:42:48,CNB,Clear,0.31,7.51,1.1,26.4,44.0
2026-03-26 22:30:08,CNB,Clear,0.15,8.97,0.5,21.2,40.9
2026-05-05 09:59:45,CNB,Cloudy,0.3,7.6,1.4,13.3,60.4
2026-06-15 13:28:25,CNB,Clear,0.17,8.49,0.1,26.5,59.2
2026-01-10 08:31:08,CNB,Cloudy,0.2,8.34,0.9,27.5,67.7
2026-06-30 05:38:14,CNB,Cloudy,0.09,8.88,0.8,26.6,86.2
2026-04-10 18:18:42,CNB,Clear,0.19,9.0,0.8,22.1,51.3
2026-02-15 19:51:42,CNB,Clear,0.44,5.42,1.3,18.1,94.3
2026-05-14 11:45:34,CNB,Clear,0.09,8.93,1.0,14.0,31.1
2026-06-20 21:28:48,CNB,Clear,0.27,7.94,1.4,31.0,51.7
2026-04-15 06:32:29,CNB,Clear,0.23,7.39,1.4,23.1,84.7
2026-06-25 08:53:53,CNB,Fog,0.74,3.35,1.0,23.9,86.7
2026-01-25 05:45:22,CNB,Rain,0.34,4.41,7.6,16.1,62.3
2026-01-10 07:04:41,CNB,Rain,0.07,7.51,8.7,14.6,64.7
2026-04-05 00:02:16,CNB,Cloudy,0.35,6.32,0.7,-0.6,94.5
2026-03-07 10:44:08,CNB,Clear,0.32,7.5,1.0,23.3,91.6
2026-06-23 12:08:50,CNB,Clear,0.2,8.55,0.7,20.8,81.4
2026-01-13 10:42:53,CNB,Clear,0.09,9.42,0.9,17.1,65.8
2026-01-20 15:15:02,CNB,Clear,0.24,7.52,0.9,28.3,38.5
2026-05-29 15:27:56,CNB,Clear,0.26,8.18,0.6,16.8,49.3
2026-04-03 20:53:05,CNB,Cloudy,0.14,8.92,1.4,25.6,49.7
2026-01-21 08:31:01,CNB,Clear,0.33,7.33,0.4,34.1,83.0
2026-05-29 10:58:05,CNB,Cloudy,0.42,6.78,0.7,30.1,91.9
2026-06-21 16:25:28,CNB,Cloudy,0.18,8.99,0.0,30.3,79.4
2026-04-09 12:50:02,CNB,Fog,0.95,2.72,0.1,28.3,72.2
2026-06-28 10:42:59,CNB,Rain,0.33,6.59,17.8,22.3,82.9
2026-06-16 22:29:02,CNB,Clear,0.29,8.47,1.1,11.0,45.5
2026-06-05 05:09:32,CNB,Clear,0.47,5.81,0.6,7.3,60.4
2026-06-25 11:15:32,CNB,Fog,0.83,3.23,0.6,27.1,92.1
2026-02-18 23:31:02,CNB,Rain,0.25,7.02,1.4,29.7,81.7
2026-01-11 12:43:58,CNB,Rain,0.08,7.91,24.3,17.9,71.1
2026-05-01 21:40:47,CNB,Clear,0.34,7.22,1.4,9.5,58.1
2026-04-17 03:38:44,CNB,Cloudy,0.28,8.34,1.1,24.0,69.5
2026-02-22 19:32:43,CNB,Clear,0.07,9.33,0.2,21.2,40.3
2026-01-30 08:44:06,CNB,Clear,0.15,8.38,1.4,20.9,75.7
2026-05-10 11:43:01,CNB,Rain,0.05,8.46,1.9,5.1,91.1
2026-06-12 01:56:21,CNB,Clear,0.47,5.77,1.0,15.4,96.0
2026-01-03 23:42:10,CNB,Cloudy,0.38,6.49,0.4,21.9,31.6
2026-05-01 09:47:11,CNB,Rain,0.62,3.11,2.7,33.6,70.7
2026-01-20 17:41:27,CNB,Clear,0.18,8.47,0.5,22.4,97.6
2026-01-23 13:07:34,CNB,Fog,0.58,5.44,1.3,16.8,96.6
2026-01-13 19:34:32,CNB,Cloudy,0.03,9.6,0.9,28.3,58.1
2026-06-04 04:50:27,CNB,Clear,0.1,8.25,0.6,27.0,77.3
2026-06-18 06:09:02,CNB,Clear,0.29,7.1,0.8,26.2,55.5
2026-06-08 04:38:03,CNB,Clear,0.77,3.79,1.4,21.7,85.2
2026-06-09 02:37:54,CNB,Clear,0.27,8.44,1.5,26.7,63.8
2026-05-30 04:40:16,CNB,Clear,0.47,5.55,0.6,22.4,80.5
2026-04-20 00:25:43,CNB,Fog,0.63,4.01,1.1,24.1,52.3
2026-03-28 09:51:54,CNB,Clear,0.52,5.12,0.3,14.2,70.9
2026-06-01 14:54:30,CNB,Fog,0.59,4.6,0.6,12.3,61.7
2026-03-29 19:37:18,CNB,Rain,0.03,7.9,11.7,29.4,62.9
2026-06-22 17:21:57,CNB,Rain,0.06,8.29,6.9,25.4,47.6
2026-03-03 01:58:52,CNB,Clear,0.23,8.28,1.4,24.7,51.0
2026-01-14 10:36:30,CNB,Clear,0.58,5.66,1.1,16.3,49.4
2026-02-16 14:51:43,CNB,Clear,0.3,7.32,0.4,22.8,84.0
2026-02-10 12:34:07,CNB,Clear,0.24,8.95,0.9,26.5,82.7
2026-05-19 05:33:31,CNB,Clear,0.3,7.39,1.0,20.9,68.4
2026-06-20 05:13:13,CNB,Clear,0.17,8.24,1.3,30.1,57.0
2026-03-01 19:31:26,CNB,Clear,0.15,8.53,1.2,26.7,68.4
2026-06-04 18:29:59,CNB,Clear,0.32,7.64,0.4,31.4,55.8
2026-04-19 03:05:24,CNB,Fog,0.51,5.79,0.0,30.7,54.3
2026-03-14 10:53:45,CNB,Fog,0.65,4.34,1.4,33.9,88.4
2026-01-22 20:53:18,CNB,Cloudy,0.22,8.7,0.4,18.5,50.2
2026-03-09 02:57:28,CNB,Rain,0.11,6.9,5.7,14.6,75.5
2026-02-03 03:18:16,CNB,Clear,0.21,7.61,1.4,22.2,65.1
2026-05-06 20:19:14,CNB,Cloudy,0.33,7.81,0.9,37.0,57.3
2026-02-19 14:12:19,CNB,Cloudy,0.38,6.73,0.6,38.8,47.5
2026-04-25 17:21:53,CNB,Clear,0.47,6.16,0.5,36.3,53.1
2026-06-25 08:29:00,CNB,Rain,0.43,5.78,6.9,27.3,90.5
2026-01-29 13:00:36,CNB,Cloudy,0.21,8.16,1.2,28.5,83.4
2026-03-10 10:42:15,CNB,Clear,0.4,6.18,1.4,10.3,66.9
2026-02-17 23:53:40,CNB,Cloudy,0.18,8.52,1.3,24.0,91.0
2026-02-03 02:26:20,CNB,Clear,0.32,6.51,0.4,27.2,100.0
2026-02-01 11:05:22,CNB,Clear,0.17,8.14,0.2,22.3,25.3
2026-01-15 16:16:38,CNB,Clear,0.19,8.44,0.7,27.8,61.2
2026-03-03 23:13:32,CNB,Clear,0.2,8.57,1.4,13.6,75.3
2026-05-29 16:04:34,CNB,Fog,0.76,3.42,0.1,22.0,47.0
2026-04-24 19:29:22,CNB,Clear,0.09,9.25,0.4,24.6,100.0
2026-01-02 07:47:55,CNB,Clear,0.14,8.58,0.7,5.0,63.1
2026-01-29 15:35:14,CNB,Cloudy,0.16,8.1,0.2,26.8,71.0
2026-02-19 15:19:03,CNB,Clear,0.59,5.41,1.1,21.2,70.3
2026-03-14 02:50:25,CNB,Cloudy,0.16,8.84,0.5,17.6,39.0
2026-06-03 15:59:09,CNB,Clear,0.1,10.17,1.4,9.7,62.6
2026-01-22 15:14:17,CNB,Clear,0.07,9.53,1.0,14.7,73.2
2026-04-28 00:16:16,CNB,Fog,0.44,6.65,0.5,27.3,84.9
2026-01-21 21:34:15,CNB,Rain,0.18,7.42,4.7,17.6,94.2
2026-06-28 07:20:27,CNB,Clear,0.36,7.42,0.5,20.2,45.0
2026-02-10 23:04:50,CNB,Clear,0.25,7.55,0.3,20.7,67.7
2026-04-18 21:37:47,CNB,Clear,0.51,5.29,0.6,26.4,66.7
2026-03-15 10:58:56,CNB,Fog,0.48,5.42,0.2,11.7,46.4
2026-05-29 18:34:20,CNB,Clear,0.22,8.37,1.5,33.0,65.8
2026-06-17 13:08:26,CNB,Clear,0.16,8.75,0.4,20.7,82.5
2026-04-16 20:54:26,CNB,Rain,0.39,5.72,2.4,13.2,73.2
2026-01-29 22:20:40,CNB,Rain,0.37,5.36,3.5,22.8,82.3
2026-04-27 23:04:11,CNB,Fog,0.43,6.67,0.6,16.9,59.4
2026-06-27 19:55:40,CNB,Rain,0.01,9.34,9.6,18.4,68.5
2026-03-15 17:22:07,CNB,Clear,0.52,6.27,0.1,8.7,54.8
2026-01-02 07:58:33,CNB,Clear,0.13,9.51,0.7,40.0,78.5
2026-03-20 17:55:25,CNB,Cloudy,0.06,9.93,0.7,39.3,36.4
2026-01-09 23:17:48,CNB,Clear,0.32,8.06,1.2,38.6,42.9
2026-06-09 18:35:56,CNB,Cloudy,0.25,8.05,0.5,21.7,41.4
2026-03-20 14:57:28,CNB,Cloudy,0.22,8.34,0.7,24.5,44.2
2026-04-01 09:39:04,CNB,Clear,0.21,8.01,0.5,26.7,67.8
2026-06-04 00:58:33,CNB,Clear,0.26,8.83,1.2,19.6,78.6
2026-06-25 09:36:37,CNB,Cloudy,0.47,5.82,0.0,28.3,99.6
2026-05-22 06:03:13,CNB,Rain,0.37,4.89,12.8,8.6,91.2
2026-03-20 11:58:22,CNB,Cloudy,0.37,6.64,0.2,26.9,58.1
2026-04-16 03:04:48,CNB,Clear,0.08,9.11,0.0,31.2,73.6
2026-03-31 19:26:26,CNB,Clear,0.21,7.72,0.6,38.1,64.7
2026-02-12 13:14:52,CNB,Clear,0.27,7.03,1.2,29.1,75.7
2026-02-01 21:29:16,CNB,Fog,0.5,5.36,0.3,25.4,78.1
2026-02-11 07:05:25,CNB,Fog,0.68,4.14,0.4,17.8,54.7
2026-04-16 23:31:38,CNB,Clear,0.68,3.92,1.2,15.2,91.1
2026-03-24 09:53:29,CNB,Clear,0.15,9.0,1.1,4.4,64.1
2026-01-12 01:59:46,CNB,Clear,0.29,8.76,0.2,14.6,68.3
2026-05-02 08:10:45,CNB,Clear,0.45,6.56,1.4,27.0,57.7
2026-03-14 15:00:14,CNB,Fog,0.5,5.56,1.0,30.6,69.2
2026-05-04 03:59:46,CNB,Fog,0.71,3.88,1.2,25.4,50.2
2026-04-08 10:30:58,CNB,Cloudy,0.21,7.88,0.4,17.5,22.0
2026-04-21 02:46:32,CNB,Cloudy,0.37,7.13,1.5,28.6,65.4
2026-03-23 06:50:02,CNB,Clear,0.19,8.73,1.3,37.8,92.9
2026-02-25 23:26:52,CNB,Clear,0.41,6.91,1.1,25.1,63.3
2026-01-24 11:55:27,CNB,Rain,0.35,6.38,4.4,31.2,99.5
2026-01-20 15:26:39,CNB,Fog,0.42,7.19,1.0,41.1,73.5
2026-02-06 23:57:59,CNB,Clear,0.13,9.97,1.3,41.4,76.0
2026-04-26 02:40:05,CNB,Clear,0.18,8.77,0.5,22.9,56.8
2026-01-12 18:19:12,CNB,Rain,0.35,5.84,7.8,22.5,86.9
2026-05-08 01:27:54,CNB,Cloudy,0.18,8.47,1.1,35.9,84.4
2026-02-03 03:10:58,CNB,Clear,0.36,7.58,1.3,40.0,64.1
2026-02-09 19:10:12,CNB,Fog,0.47,6.17,1.1,23.5,83.6
2026-05-16 11:24:27,CNB,Clear,0.28,7.28,0.2,15.7,77.6
2026-06-17 09:50:57,CNB,Rain,0.52,4.31,9.5,29.4,77.0
2026-02-07 08:42:29,CNB,Fog,0.53,6.07,0.8,31.8,85.1
2026-06-05 15:57:08,CNB,Fog,0.61,4.64,0.6,36.7,71.3
2026-03-14 00:45:24,CNB,Clear,0.21,7.58,1.4,29.5,62.4
2026-02-07 08:56:41,CNB,Rain,0.37,5.92,3.6,39.0,20.0
2026-03-15 19:41:57,CNB,Fog,0.76,3.25,0.5,23.1,100.0
2026-05-03 07:11:50,CNB,Clear,0.21,7.68,0.5,21.3,83.2
2026-01-07 15:43:01,CNB,Clear,0.06,9.73,1.1,23.5,67.4
2026-04-06 15:54:01,CNB,Clear,0.33,6.82,0.0,34.8,89.6
2026-06-04 15:30:56,CNB,Fog,0.49,5.68,1.1,23.1,67.5
2026-03-17 02:53:30,CNB,Cloudy,0.56,4.76,1.0,23.4,81.9
2026-03-19 12:11:50,CNB,Cloudy,0.13,8.78,0.9,31.6,75.7
2026-04-10 11:50:39,CNB,Rain,0.15,7.88,4.8,22.1,60.0
2026-01-22 07:27:07,CNB,Clear,0.2,7.45,0.7,20.6,100.0
2026-04-05 07:51:10,CNB,Clear,0.09,9.18,0.4,14.0,56.6
2026-02-02 20:45:03,CNB,Clear,0.3,7.54,0.8,15.1,87.1
2026-02-27 02:43:03,CNB,Fog,0.47,5.27,0.4,10.9,72.8
2026-01-02 10:49:23,CNB,Fog,0.52,6.08,1.2,22.8,77.3
2026-03-13 20:58:16,CNB,Clear,0.29,7.0,1.1,19.4,43.8
2026-06-03 10:34:40,CNB,Clear,0.38,7.35,0.6,28.2,85.1
2026-05-27 17:41:30,CNB,Clear,0.47,5.71,0.7,8.8,82.8
2026-05-25 14:51:01,CNB,Clear,0.42,6.25,0.9,14.7,67.0
2026-02-21 21:19:27,CNB,Cloudy,0.23,8.77,1.4,8.2,84.7
2026-06-10 11:36:52,CNB,Cloudy,0.12,9.32,0.3,4.2,84.6
2026-01-11 19:36:16,CNB,Clear,0.32,7.28,1.5,21.8,34.8
2026-05-21 09:28:01,CNB,Fog,0.87,2.21,1.0,23.5,68.6
2026-02-22 02:48:18,CNB,Cloudy,0.02,10.13,0.4,16.7,76.3
2026-06-02 07:19:01,CNB,Clear,0.25,7.68,0.1,31.2,92.9
2026-04-10 22:37:59,CNB,Clear,0.59,4.75,0.9,26.8,72.2
2026-06-19 16:31:27,CNB,Clear,0.38,6.73,1.2,44.9,78.9
2026-05-03 02:12:40,CNB,Fog,0.59,4.99,1.3,5.5,83.5
2026-01-29 17:57:50,CNB,Clear,0.54,5.91,0.3,21.1,59.3
2026-01-08 10:24:10,CNB,Clear,0.22,7.62,0.4,30.5,35.6
2026-02-08 18:02:36,CNB,Fog,0.43,7.01,0.0,26.9,63.3
2026-06-27 08:57:37,CNB,Clear,0.44,6.05,0.6,23.2,100.0
2026-01-27 14:41:05,CNB,Clear,0.29,6.9,0.0,30.8,74.7
2026-06-24 09:39:42,CNB,Clear,0.18,8.45,0.8,22.8,88.4
2026-05-20 11:08:18,CNB,Clear,0.36,6.82,0.7,17.6,58.2
2026-02-04 00:13:20,CNB,Fog,1.0,1.55,0.4,30.3,83.1
2026-03-17 05:01:33,CNB,Clear,0.38,6.26,0.9,12.0,83.3
2026-02-05 10:24:21,CNB,Clear,0.2,8.29,1.0,37.9,26.5
2026-02-21 08:21:57,CNB,Rain,0.23,6.44,12.4,26.5,56.2
2026-05-29 04:29:05,CNB,Fog,0.61,5.57,1.2,19.8,92.7
2026-05-16 21:02:51,CNB,Clear,0.17,7.91,0.0,9.4,95.5
2026-04-23 08:55:02,CNB,Rain,0.4,5.78,9.4,32.6,80.8
2026-02-03 15:58:48,CNB,Fog,0.75,3.55,0.9,3.1,88.6
2026-02-28 23:15:07,CNB,Clear,0.48,5.98,0.1,26.8,67.4
2026-01-27 06:07:14,CNB,Clear,0.21,8.31,0.9,34.6,59.6
2026-02-13 21:03:41,CNB,Rain,0.01,8.19,15.3,28.8,65.3
2026-05-10 14:14:20,CNB,Clear,0.25,7.38,0.9,30.1,61.0
2026-06-16 04:19:57,CNB,Clear,0.19,8.51,0.4,25.7,68.4
2026-01-12 00:15:01,CNB,Fog,0.63,4.48,1.5,32.1,80.6
2026-02-28 16:36:47,CNB,Clear,0.5,5.11,1.3,32.9,100.0
2026-06-25 06:41:36,CNB,Clear,0.17,9.14,0.6,35.3,69.9
2026-01-22 09:11:56,CNB,Clear,0.47,6.44,1.3,20.0,68.4
2026-05-27 03:46:42,CNB,Rain,0.33,5.92,11.0,27.8,100.0
2026-05-27 06:15:17,CNB,Clear,0.15,8.71,0.2,22.6,100.0
2026-03-15 22:45:15,CNB,Rain,0.44,5.55,3.1,18.6,79.9
2026-05-09 09:26:26,CNB,Cloudy,0.16,8.65,0.3,34.3,72.3
2026-05-17 19:16:46,CNB,Clear,0.53,5.49,0.8,14.8,97.8
2026-01-12 16:23:57,CNB,Cloudy,0.41,5.99,0.4,23.6,43.9
2026-03-20 22:06:49,CNB,Cloudy,0.28,7.6,0.3,24.5,59.0
2026-03-28 22:06:30,CNB,Clear,0.66,4.67,0.2,24.9,59.5
2026-04-06 20:38:34,CNB,Fog,0.47,5.68,0.8,33.2,70.3
2026-05-12 03:21:56,CNB,Cloudy,0.47,5.99,0.3,23.3,73.3
2026-03-13 10:26:49,CNB,Clear,0.14,8.78,0.3,15.4,79.2
2026-03-11 12:22:50,CNB,Cloudy,0.25,7.75,0.0,35.5,59.0
2026-01-21 15:56:12,CNB,Cloudy,0.41,6.63,1.2,25.5,88.1
2026-01-25 07:08:17,CNB,Clear,0.12,8.45,0.2,32.3,71.0
2026-01-26 03:08:35,CNB,Clear,0.47,5.35,1.3,8.2,77.1
2026-02-15 04:58:22,CNB,Clear,0.15,9.35,0.4,26.0,92.4
2026-04-05 11:22:12,CNB,Fog,0.85,3.49,0.5,15.1,98.8
2026-06-18 16:32:00,CNB,Clear,0.44,6.75,1.3,18.3,49.3
2026-01-27 11:38:25,CNB,Rain,0.31,6.34,9.0,18.0,91.7
2026-06-23 06:27:25,CNB,Rain,0.48,4.55,4.5,44.3,41.3
2026-02-08 18:16:56,CNB,Clear,0.3,7.93,0.5,40.5,74.4
2026-04-29 20:52:33,CNB,Clear,0.24,8.3,1.2,19.6,44.2
2026-06-06 20:29:18,CNB,Cloudy,0.26,8.23,1.4,10.3,60.9
2026-06-13 01:34:32,CNB,Clear,0.49,5.79,1.2,33.1,68.6
2026-04-29 03:04:34,CNB,Fog,0.78,3.4,0.4,31.3,82.6
2026-06-19 17:09:13,CNB,Clear,0.18,7.72,0.5,21.4,88.1
2026-01-19 19:09:10,CNB,Cloudy,0.51,5.24,0.9,31.7,90.3
2026-05-26 10:53:22,CNB,Clear,0.33,7.51,1.4,21.3,55.7
2026-03-17 19:44:04,CNB,Cloudy,0.34,7.06,1.2,32.3,67.6
2026-03-23 09:18:02,CNB,Rain,0.1,8.46,1.7,1.6,57.7
2026-03-17 10:47:34,CNB,Clear,0.57,4.96,1.0,26.7,66.7
2026-05-07 18:59:02,CNB,Clear,0.31,8.31,1.2,20.6,58.1
2026-06-15 11:37:18,CNB,Clear,0.14,8.96,1.0,9.7,54.1
2026-05-08 07:09:36,CNB,Cloudy,0.3,7.22,0.8,11.9,71.2
2026-06-28 03:28:39,CNB,Clear,0.46,6.78,0.1,27.7,100.0
2026-03-15 10:05:24,CNB,Clear,0.15,9.67,0.1,23.4,61.7
2026-05-17 19:44:40,CNB,Clear,0.14,8.05,1.3,33.1,54.0
2026-05-27 18:56:56,CNB,Fog,0.46,6.26,1.2,23.1,43.7
2026-01-18 00:46:30,CNB,Rain,0.22,7.76,4.3,30.3,48.1
2026-06-29 23:03:18,CNB,Cloudy,0.32,7.54,1.5,21.0,70.3
2026-01-28 18:21:14,CNB,Cloudy,0.29,7.23,1.3,23.0,67.2
2026-04-17 21:21:26,CNB,Clear,0.25,7.86,1.1,20.5,84.4
2026-06-08 03:13:05,CNB,Clear,0.36,7.33,0.7,17.4,52.7
2026-01-12 05:31:26,CNB,Fog,0.81,3.18,0.4,17.9,55.2
2026-04-10 14:56:08,CNB,Clear,0.62,4.74,0.2,28.8,67.3
2026-01-26 06:09:14,CNB,Clear,0.29,7.24,1.4,16.9,38.9
2026-03-02 04:54:46,CNB,Fog,0.58,4.84,1.0,36.6,85.2
2026-01-05 11:45:59,CNB,Clear,0.27,7.2,0.8,28.5,100.0
2026-04-14 14:27:39,CNB,Fog,1.0,2.12,0.8,32.2,59.4
2026-03-08 20:03:24,CNB,Clear,0.63,5.23,0.5,25.1,80.0
2026-05-06 22:02:09,CNB,Clear,0.28,7.31,1.4,15.0,75.3
2026-01-14 19:37:22,CNB,Clear,0.64,4.42,0.0,10.9,63.1
2026-04-10 10:13:41,CNB,Cloudy,0.1,9.47,1.3,20.9,78.1
2026-04-23 12:24:24,CNB,Cloudy,0.63,4.27,0.2,33.0,100.0
2026-06-16 02:36:04,CNB,Clear,0.18,8.96,1.2,28.8,61.5
2026-06-09 22:10:05,CNB,Clear,0.21,8.09,0.5,19.2,61.9
2026-05-15 04:58:16,CNB,Clear,0.32,6.67,0.8,24.7,87.9
2026-03-23 13:05:12,CNB,Clear,0.13,8.57,1.3,12.1,63.6
2026-01-15 01:46:21,CNB,Cloudy,0.18,8.41,1.0,26.3,74.4
2026-02-20 23:31:38,CNB,Clear,0.14,8.73,0.4,30.2,44.2
2026-01-28 16:15:36,CNB,Rain,0.22,6.85,15.3,28.9,65.3
2026-01-06 15:01:53,CNB,Clear,0.32,7.31,1.1,25.5,68.4
2026-01-04 12:49:28,CNB,Clear,0.04,10.41,1.4,23.0,51.3
2026-04-08 04:03:50,CNB,Clear,0.31,7.17,0.5,23.6,98.2
2026-04-23 11:10:40,CNB,Rain,0.13,7.73,4.9,12.1,95.6
2026-02-06 15:46:45,CNB,Clear,0.15,8.96,0.1,14.1,77.9
2026-03-14 09:58:57,CNB,Clear,0.55,5.89,0.5,20.6,88.3
2026-04-05 13:26:24,CNB,Clear,0.15,9.27,1.4,9.8,78.4
2026-05-26 05:46:48,CNB,Cloudy,0.3,7.52,0.9,18.7,53.6
2026-06-12 03:30:50,CNB,Rain,0.08,8.65,3.9,25.2,43.2
2026-03-22 09:02:23,CNB,Clear,0.2,8.65,0.1,36.6,20.0
2026-04-15 04:45:53,CNB,Clear,0.44,6.64,0.1,25.7,35.4
2026-02-24 21:30:07,CNB,Clear,0.13,8.03,0.0,26.1,31.8
2026-05-08 21:07:04,CNB,Clear,0.25,7.71,1.3,14.9,63.5
2026-06-09 04:25:01,CNB,Clear,0.07,9.75,0.1,21.7,65.2
2026-03-31 06:43:16,CNB,Clear,0.13,8.04,0.0,33.7,36.6
2026-03-03 17:23:33,CNB,Cloudy,0.07,8.86,0.6,19.0,33.2
2026-05-18 17:37:02,CNB,Fog,0.68,4.71,1.5,21.8,53.9
2026-05-06 01:26:25,CNB,Clear,0.2,9.14,0.4,26.2,51.7
2026-03-22 10:17:47,CNB,Rain,0.02,8.38,4.5,23.4,46.6
2026-02-26 13:21:29,CNB,Cloudy,0.28,8.05,0.1,22.4,93.1
2026-05-18 09:50:53,CNB,Clear,0.11,9.02,0.7,22.1,42.6
2026-04-15 11:23:16,CNB,Rain,0.02,8.09,11.2,16.6,53.7
2026-02-16 20:59:43,CNB,Clear,0.16,9.32,0.3,14.0,57.8
2026-02-24 16:58:33,CNB,Clear,0.35,7.09,0.7,28.3,65.4
2026-02-23 09:59:53,CNB,Clear,0.46,5.88,0.5,19.6,59.3
2026-02-16 00:33:52,CNB,Clear,0.19,8.14,0.0,26.2,59.4
2026-02-20 23:24:29,CNB,Clear,0.31,7.59,0.3,14.1,42.7
2026-02-19 02:47:43,CNB,Clear,0.39,5.8,0.6,38.7,73.5
2026-01-17 23:04:39,CNB,Clear,0.11,9.34,1.4,17.7,71.4
2026-04-28 07:53:16,CNB,Clear,0.3,7.23,1.4,20.2,79.6
2026-04-21 07:54:50,CNB,Clear,0.44,6.0,1.1,22.6,72.7
2026-01-24 19:43:52,CNB,Cloudy,0.45,5.97,1.4,28.7,73.6
2026-02-22 04:10:11,CNB,Clear,0.13,9.47,0.1,17.4,65.6
2026-04-15 20:28:56,CNB,Clear,0.38,6.38,0.3,27.8,55.3
2026-06-23 02:28:45,CNB,Rain,0.12,7.67,5.9,23.8,70.4
2026-03-18 14:27:21,CNB,Cloudy,0.26,7.22,0.2,23.3,75.2
2026-03-10 04:18:08,CNB,Cloudy,0.21,7.87,1.5,4.3,57.7
2026-06-04 22:21:12,CNB,Clear,0.64,3.78,0.2,28.7,64.9
2026-02-23 05:34:00,CNB,Rain,0.13,7.45,7.7,28.5,90.1
2026-02-03 14:06:56,CNB,Cloudy,0.17,8.9,0.9,14.9,80.6
2026-05-23 12:58:21,CNB,Clear,0.02,10.04,0.9,24.5,29.3
2026-06-08 09:54:12,CNB,Clear,0.42,6.08,0.6,30.1,60.7
2026-01-23 18:13:52,CNB,Cloudy,0.1,9.01,1.5,27.0,78.6
2026-02-10 13:21:33,CNB,Cloudy,0.18,8.49,1.1,16.8,100.0
2026-04-04 18:46:40,CNB,Clear,0.38,7.02,0.8,37.9,57.7
2026-01-23 04:02:00,CNB,Cloudy,0.28,7.83,1.3,20.0,72.9
2026-05-24 16:14:35,CNB,Clear,0.13,8.19,1.2,32.3,72.8
2026-03-26 11:35:26,CNB,Fog,0.7,3.74,0.5,30.1,70.2
2026-06-02 22:42:00,CNB,Cloudy,0.43,6.21,0.9,36.0,86.5
2026-03-19 06:43:16,CNB,Rain,0.26,6.94,11.1,28.5,35.6
2026-05-09 08:56:49,CNB,Fog,0.71,4.44,0.5,25.9,95.7
2026-05-28 21:18:32,CNB,Clear,0.27,7.03,1.1,18.4,56.5
2026-03-21 15:01:50,CNB,Clear,0.52,5.35,1.5,22.5,79.1
2026-05-17 01:51:29,CNB,Clear,0.05,9.69,0.3,28.0,64.4
2026-02-28 16:02:54,CNB,Cloudy,0.25,7.88,0.7,27.8,65.4
2026-06-11 01:58:29,CNB,Fog,0.7,3.53,0.7,2.1,88.7
2026-05-19 18:03:00,CNB,Rain,0.62,4.54,2.5,20.0,69.1
2026-01-07 03:16:15,CNB,Fog,0.73,3.57,0.6,26.7,68.8
2026-06-02 19:02:05,CNB,Clear,0.23,8.12,0.2,30.5,83.8
2026-02-08 16:56:39,CNB,Fog,0.86,2.68,1.1,26.0,71.8
2026-05-23 14:22:23,CNB,Clear,0.17,9.09,0.8,35.1,88.1
2026-06-13 02:02:17,CNB,Cloudy,0.34,8.12,1.5,23.5,41.1
2026-02-11 04:37:04,CNB,Clear,0.38,6.56,0.3,26.2,66.8
2026-02-28 01:21:49,CNB,Cloudy,0.53,5.78,0.7,26.1,49.3
2026-06-27 00:35:38,CNB,Clear,0.06,8.82,0.0,33.1,52.9
2026-05-02 01:41:08,CNB,Clear,0.12,8.68,0.7,31.8,44.5
2026-01-25 10:26:14,CNB,Clear,0.12,9.28,0.7,22.8,74.7
2026-01-30 11:11:39,CNB,Clear,0.31,6.64,0.3,10.1,69.6
2026-06-12 06:43:23,CNB,Clear,0.29,7.77,0.1,24.5,75.4
2026-04-18 13:09:32,CNB,Clear,0.15,8.58,0.3,25.7,54.7
2026-02-04 08:21:31,CNB,Rain,0.4,5.19,3.2,15.8,61.1
2026-04-26 14:00:21,CNB,Clear,0.52,5.56,1.1,13.0,38.1
2026-04-05 09:57:54,CNB,Cloudy,0.23,8.0,0.1,32.3,55.1
2026-02-08 05:29:04,CNB,Clear,0.33,7.62,0.8,22.1,47.4
2026-02-10 17:50:11,CNB,Clear,0.26,7.34,1.4,42.2,75.2
2026-02-17 01:57:39,CNB,Clear,0.06,9.65,0.1,34.6,36.6
2026-04-22 22:52:23,CNB,Cloudy,0.22,7.82,0.7,13.3,60.4
2026-02-04 11:32:01,CNB,Clear,0.37,7.7,1.4,16.3,100.0
2026-05-25 15:01:31,CNB,Cloudy,0.12,10.1,1.1,30.1,56.2
2026-03-17 04:20:41,CNB,Clear,0.15,9.39,0.9,32.5,74.3
2026-01-05 09:51:00,CNB,Fog,0.55,5.4,0.5,19.7,88.1
2026-06-08 03:25:06,CNB,Fog,0.55,5.74,1.4,20.3,84.7
2026-03-07 15:00:00,CNB,Clear,0.29,7.47,1.0,26.7,56.3
2026-04-27 16:51:23,CNB,Clear,0.23,8.08,0.5,25.5,74.1
2026-06-01 22:05:21,CNB,Clear,0.36,6.97,0.9,12.4,80.1
2026-06-24 14:09:04,CNB,Clear,0.27,6.87,0.6,27.8,64.4
2026-02-24 00:48:48,CNB,Clear,0.6,4.07,0.4,24.4,88.6
2026-03-19 20:42:53,CNB,Cloudy,0.14,8.55,0.1,21.0,67.9
2026-04-01 16:15:34,CNB,Clear,0.23,7.63,0.3,15.7,70.7
2026-06-02 02:12:08,CNB,Rain,0.05,8.04,3.4,31.9,62.7
2026-02-04 05:35:01,CNB,Clear,0.52,6.04,1.1,19.9,60.5
2026-02-15 19:04:38,CNB,Clear,0.1,9.71,0.6,25.6,66.2
2026-04-18 22:00:11,CNB,Clear,0.24,7.93,0.3,29.8,82.0
2026-03-21 08:26:21,CNB,Fog,0.78,2.31,0.3,20.1,63.5
2026-05-29 11:25:44,CNB,Rain,0.24,6.64,2.7,23.2,48.3
2026-03-26 20:06:05,CNB,Rain,0.3,6.27,8.5,17.9,100.0
2026-03-19 02:39:00,CNB,Clear,0.25,7.81,1.0,11.8,59.4
2026-02-22 09:36:27,CNB,Clear,0.22,9.13,1.0,16.0,62.5
2026-01-19 15:47:02,CNB,Cloudy,0.62,4.68,1.5,26.4,42.7
2026-06-27 01:25:03,CNB,Rain,0.06,7.83,8.3,13.1,100.0
2026-02-12 17:04:43,CNB,Clear,0.58,4.38,0.8,19.9,72.4
2026-01-02 04:34:53,CNB,Rain,0.36,5.99,4.0,16.1,81.5
2026-03-29 21:04:20,CNB,Clear,0.36,7.21,0.6,23.2,47.7
2026-02-23 03:49:02,CNB,Clear,0.62,4.35,1.2,8.9,55.8
2026-01-03 02:43:43,CNB,Fog,0.41,6.6,0.3,21.3,78.3
2026-02-17 10:15:24,CNB,Clear,0.62,5.34,0.6,14.1,76.4
2026-06-07 06:07:36,CNB,Clear,0.27,7.86,0.3,18.7,77.8
2026-03-19 23:55:42,CNB,Rain,0.06,7.93,5.0,32.6,39.2
2026-01-06 09:22:44,CNB,Cloudy,0.27,7.62,1.1,25.5,60.1
2026-01-22 16:09:48,CNB,Fog,0.7,4.48,1.0,38.6,93.8
2026-04-24 13:32:26,CNB,Cloudy,0.43,6.9,0.2,23.7,62.2
2026-01-21 18:08:34,CNB,Clear,0.13,8.16,1.4,29.5,20.0
2026-06-20 01:00:21,CNB,Cloudy,0.14,8.35,1.0,23.0,40.2
2026-02-02 07:11:04,CNB,Fog,0.8,3.06,1.4,34.0,78.1
2026-05-17 02:59:53,CNB,Fog,0.57,4.91,1.1,15.1,80.9
2026-06-28 15:13:09,CNB,Clear,0.18,8.54,1.3,18.6,100.0
2026-04-27 13:18:31,CNB,Clear,0.29,6.95,0.8,22.5,86.2
2026-01-10 00:59:47,CNB,Clear,0.12,9.56,1.4,30.0,90.1
2026-04-21 23:36:16,CNB,Cloudy,0.22,7.72,1.3,23.2,86.1
2026-03-28 04:54:25,CNB,Clear,0.6,5.25,0.8,25.2,76.2
2026-02-09 16:10:16,CNB,Rain,0.22,7.64,8.6,28.2,64.8
2026-04-07 20:42:32,CNB,Clear,0.38,6.58,1.0,23.3,73.3
2026-06-26 19:06:49,CNB,Clear,0.21,9.12,0.1,30.4,35.8
2026-03-22 12:05:27,CNB,Clear,0.27,8.22,0.7,27.7,86.4
2026-04-09 22:35:50,CNB,Cloudy,0.15,8.89,1.3,14.7,66.7
2026-05-07 18:28:49,CNB,Cloudy,0.42,6.23,1.2,26.7,21.9
2026-06-20 13:05:04,CNB,Rain,0.5,4.02,20.1,12.2,65.1
2026-01-16 06:32:11,CNB,Clear,0.34,7.7,0.9,34.8,47.5
2026-04-07 04:58:07,CNB,Clear,0.17,8.52,0.7,25.8,37.8
2026-01-03 21:31:47,CNB,Rain,0.31,5.92,7.3,20.8,74.1
2026-04-07 09:07:24,CNB,Clear,0.62,4.59,0.4,25.1,71.7
2026-06-13 15:19:30,CNB,Clear,0.59,5.26,1.4,12.5,100.0
2026-03-08 09:10:25,CNB,Clear,0.14,8.68,0.9,41.3,46.1
2026-03-24 06:29:32,CNB,Clear,0.43,6.75,0.1,28.1,54.7
2026-03-02 10:41:26,CNB,Clear,0.2,7.68,0.4,20.5,96.5
2026-05-05 12:54:06,CNB,Rain,0.15,7.12,5.1,31.7,43.9
2026-06-23 02:04:23,CNB,Clear,0.47,5.78,0.6,21.9,83.0
2026-06-21 03:57:23,CNB,Cloudy,0.25,7.84,1.3,31.0,65.4
2026-03-14 21:45:27,CNB,Clear,0.24,8.22,0.3,26.1,95.2
2026-01-20 06:16:01,CNB,Clear,0.09,9.87,0.3,20.1,59.6
2026-04-15 21:14:46,CNB,Rain,0.42,5.42,5.9,18.4,62.5
2026-03-16 22:18:03,CNB,Clear,0.27,7.03,0.1,31.1,63.9
2026-05-26 13:13:51,CNB,Clear,0.08,8.92,1.0,15.1,61.8
2026-03-04 21:22:43,CNB,Cloudy,0.31,8.01,0.3,14.7,51.8
2026-02-25 23:00:39,CNB,Cloudy,0.2,9.19,1.3,23.9,98.3
2026-05-17 04:16:09,CNB,Fog,0.61,4.8,0.4,28.2,68.3
2026-04-04 12:47:14,CNB,Clear,0.27,8.03,1.0,26.4,92.2
2026-04-19 16:53:00,CNB,Fog,0.53,5.21,1.5,25.8,63.8
2026-06-15 20:53:00,CNB,Clear,0.51,6.28,0.7,21.4,59.2
2026-03-21 09:01:05,CNB,Clear,0.12,9.54,0.9,22.2,58.1
2026-01-08 03:42:53,CNB,Clear,0.3,7.68,0.9,18.0,76.6
2026-03-24 15:13:09,CNB,Cloudy,0.05,9.89,0.1,27.7,81.7
2026-03-15 02:47:04,CNB,Fog,0.8,3.3,0.2,32.2,51.3
2026-02-01 19:08:57,CNB,Cloudy,0.48,5.49,1.2,23.9,66.2
2026-03-27 15:51:03,CNB,Clear,0.23,7.14,1.0,25.7,71.8
2026-02-09 05:31:20,CNB,Clear,0.1,8.87,0.8,20.6,59.6
2026-04-06 05:24:30,CNB,Clear,0.18,8.84,1.3,28.7,35.8
2026-06-16 13:23:06,CNB,Clear,0.05,8.29,0.7,22.5,71.5
2026-05-23 06:21:09,CNB,Cloudy,0.59,4.85,0.9,20.8,65.4
2026-04-09 06:04:13,CNB,Rain,0.47,4.8,8.1,26.1,51.0
2026-04-21 17:42:53,CNB,Clear,0.22,8.46,0.5,31.8,72.8
2026-03-28 04:53:35,CNB,Clear,0.29,7.37,0.3,28.4,89.4
2026-06-13 08:13:23,CNB,Clear,0.17,8.11,0.8,22.1,31.4
2026-03-16 19:56:05,CNB,Fog,1.0,1.83,0.2,32.5,69.6
2026-06-09 04:53:16,CNB,Clear,0.49,6.28,0.0,20.9,68.5
2026-02-16 07:46:47,CNB,Cloudy,0.68,4.12,0.4,17.3,68.7
2026-06-27 05:30:58,CNB,Rain,0.18,7.62,10.3,24.7,88.1
2026-05-16 14:43:10,CNB,Clear,0.21,8.4,0.4,6.6,100.0
2026-04-17 17:30:17,CNB,Clear,0.32,7.15,0.9,18.1,54.1
2026-05-28 13:57:13,CNB,Clear,0.39,6.49,0.6,19.5,47.2
2026-03-01 09:24:53,CNB,Cloudy,0.25,7.46,1.3,21.6,39.9
2026-02-07 08:23:00,CNB,Cloudy,0.2,9.44,1.1,34.5,92.3
2026-06-10 01:27:00,CNB,Clear,0.13,9.04,0.6,24.2,75.5
2026-02-26 11:33:42,CNB,Clear,0.22,8.58,0.9,24.8,100.0
2026-03-09 17:07:48,CNB,Cloudy,0.39,7.22,0.1,20.6,78.5
2026-05-02 22:36:31,CNB,Clear,0.11,8.82,1.1,9.4,59.4
2026-01-12 09:09:27,CNB,Clear,0.37,7.33,0.5,26.8,56.1
2026-03-19 19:19:11,CNB,Cloudy,0.36,6.79,0.2,32.8,39.0
2026-05-31 18:50:48,CNB,Clear,0.21,8.33,0.2,27.2,84.1
2026-03-14 05:03:17,CNB,Clear,0.23,7.91,0.2,14.3,82.2
2026-01-25 23:39:32,CNB,Clear,0.24,8.19,1.2,21.9,54.8
2026-03-08 09:49:00,CNB,Clear,0.36,6.96,1.4,21.2,71.5
2026-03-11 22:41:19,CNB,Cloudy,0.14,9.5,0.9,14.7,57.5
2026-06-22 11:11:31,CNB,Clear,0.37,6.89,0.5,24.4,78.3
2026-04-24 21:58:53,CNB,Cloudy,0.19,7.59,0.1,28.3,54.2
2026-01-05 01:58:33,CNB,Cloudy,0.68,4.15,1.1,30.1,72.5
2026-03-27 06:08:16,CNB,Clear,0.51,5.88,0.1,31.0,67.9
2026-06-11 17:47:05,CNB,Clear,0.41,5.85,0.9,29.7,46.4
2026-04-22 16:41:26,CNB,Clear,0.49,5.81,1.1,19.2,84.0
2026-03-17 12:33:17,CNB,Fog,0.62,4.59,0.5,22.8,80.2
2026-01-17 09:56:27,CNB,Clear,0.42,6.34,0.5,26.6,64.3
2026-04-30 00:12:26,CNB,Rain,0.45,4.87,15.6,40.3,45.1
2026-01-01 22:16:52,CNB,Clear,0.11,8.73,0.2,8.3,60.5
2026-04-07 21:53:33,CNB,Clear,0.07,9.32,1.2,23.2,73.4
2026-04-21 00:41:39,CNB,Clear,0.18,8.26,0.2,15.8,66.9
2026-04-26 20:26:05,CNB,Clear,0.57,5.18,1.0,16.4,70.6
2026-05-01 16:36:52,CNB,Cloudy,0.11,9.82,1.3,28.1,63.6
2026-02-16 05:55:18,CNB,Cloudy,0.12,9.29,1.5,25.7,50.1
2026-05-05 09:33:18,CNB,Clear,0.07,9.35,1.1,34.7,66.2
2026-04-09 10:34:31,CNB,Clear,0.07,9.0,1.5,30.1,59.6
2026-06-26 07:35:41,CNB,Clear,0.36,7.97,1.2,20.3,74.7
2026-01-30 15:52:57,CNB,Clear,0.26,7.8,1.4,32.1,63.5
2026-02-18 07:19:59,CNB,Clear,0.07,9.94,0.0,25.5,77.5
2026-06-17 08:56:23,CNB,Clear,0.51,5.37,1.1,16.5,85.8
2026-01-27 05:38:26,CNB,Fog,0.83,2.33,1.5,23.4,65.4
2026-06-02 08:55:00,CNB,Cloudy,0.18,9.01,0.8,23.0,63.6
2026-04-12 11:54:35,CNB,Clear,0.36,7.01,1.0,23.8,49.4
2026-02-06 20:32:42,CNB,Fog,0.39,7.44,0.7,34.0,58.2
2026-03-04 17:19:57,CNB,Cloudy,0.21,7.93,1.2,32.4,54.9
2026-05-29 04:40:31,CNB,Clear,0.36,7.15,0.7,31.5,56.4
2026-06-22 08:08:27,CNB,Clear,0.16,8.09,0.3,25.6,98.0
2026-04-12 10:26:21,CNB,Fog,0.54,5.28,1.3,35.7,54.7
2026-04-03 04:47:49,CNB,Clear,0.21,8.13,1.2,10.0,74.9
2026-03-16 06:02:36,CNB,Clear,0.15,9.15,0.6,21.6,53.6
2026-01-23 07:59:50,CNB,Clear,0.44,5.58,1.0,32.5,90.3
2026-02-01 20:46:50,CNB,Clear,0.33,8.02,1.4,26.3,84.4
2026-04-10 10:23:28,CNB,Clear,0.09,9.62,0.4,21.1,56.9
2026-05-10 12:19:56,CNB,Clear,0.14,8.6,0.2,21.0,59.2
2026-03-15 02:38:46,CNB,Clear,0.12,8.46,1.3,32.1,68.6
2026-06-17 04:55:52,CNB,Rain,0.19,7.42,1.5,31.7,65.3
2026-01-03 13:07:27,CNB,Cloudy,0.46,5.85,1.4,27.4,92.5
2026-05-11 11:33:19,CNB,Clear,0.34,8.0,0.8,26.2,45.9
2026-02-27 00:01:31,CNB,Clear,0.38,6.64,0.8,29.6,78.8
2026-02-13 18:36:29,CNB,Rain,0.25,6.85,4.7,5.7,69.8
2026-02-23 14:03:59,CNB,Cloudy,0.36,6.61,1.2,29.7,74.1
2026-03-24 01:21:59,CNB,Cloudy,0.15,8.02,1.1,40.1,72.5
2026-02-16 23:03:47,CNB,Clear,0.25,8.52,0.1,22.4,73.3
2026-05-20 06:05:58,CNB,Cloudy,0.54,5.05,0.8,22.0,52.6
2026-04-30 23:09:54,CNB,Cloudy,0.45,6.55,1.3,29.7,100.0
2026-06-13 08:10:41,CNB,Cloudy,0.13,7.97,1.3,23.8,70.5
2026-06-07 15:53:57,CNB,Cloudy,0.3,7.95,1.2,16.7,60.6
2026-05-13 04:43:16,CNB,Clear,0.13,7.94,1.1,16.8,79.1
2026-02-23 16:54:53,CNB,Clear,0.06,8.7,0.9,23.6,92.5
2026-03-03 09:37:11,CNB,Clear,0.2,9.1,0.5,40.9,69.8
2026-03-04 00:10:42,CNB,Fog,0.51,5.56,1.1,11.8,56.7
2026-05-05 18:27:18,CNB,Clear,0.16,8.77,0.9,25.4,46.9
2026-05-30 08:19:53,CNB,Fog,0.72,3.49,0.8,30.8,86.0
2026-06-26 17:00:40,CNB,Clear,0.14,8.63,1.2,19.4,59.5
2026-06-03 12:30:58,CNB,Clear,0.74,3.85,1.1,34.0,56.2
2026-06-15 23:45:41,CNB,Cloudy,0.41,6.56,1.1,24.1,66.4
2026-03-12 04:59:54,CNB,Cloudy,0.06,9.0,0.9,15.0,61.3
2026-01-15 20:26:13,CNB,Rain,0.51,4.31,8.3,25.3,42.9
2026-05-01 16:49:43,CNB,Clear,0.26,8.23,1.2,19.9,94.9
2026-03-13 14:34:14,CNB,Clear,0.06,9.24,0.8,13.4,52.3
2026-04-18 00:08:28,CNB,Cloudy,0.03,9.93,0.0,18.8,54.4
2026-01-31 23:49:07,CNB,Clear,0.26,8.26,1.2,12.6,77.7
2026-03-27 10:54:47,CNB,Fog,0.47,6.0,0.3,15.5,34.6
2026-01-04 08:30:32,CNB,Clear,0.15,8.76,0.8,18.5,51.2
2026-06-16 03:45:11,CNB,Rain,0.13,7.53,5.3,31.8,72.7
2026-01-22 00:05:37,CNB,Rain,0.32,6.69,7.9,21.5,38.9
2026-05-03 07:30:33,CNB,Clear,0.24,8.77,1.1,27.7,39.9
2026-03-09 01:47:08,CNB,Clear,0.26,8.09,0.3,21.5,63.7
2026-02-08 07:55:20,CNB,Cloudy,0.25,7.53,1.3,22.6,34.1
2026-03-18 17:08:42,CNB,Clear,0.12,9.31,0.5,21.3,79.2
2026-04-13 05:00:13,CNB,Rain,0.4,5.4,4.2,25.0,88.6
2026-03-13 11:45:22,CNB,Rain,0.14,8.53,3.4,8.5,52.0
2026-02-17 15:01:48,CNB,Clear,0.64,4.37,0.4,37.6,78.7
2026-03-06 18:45:16,CNB,Clear,0.24,7.55,1.3,26.3,75.4
2026-06-24 07:38:11,CNB,Clear,0.34,7.47,0.7,21.2,71.4
2026-03-22 15:29:54,CNB,Clear,0.42,6.29,0.5,14.3,57.4
2026-04-26 14:05:32,CNB,Rain,0.45,5.06,9.5,20.3,77.4
2026-01-05 06:06:36,CNB,Fog,0.65,3.89,0.7,29.2,60.5
2026-05-28 22:55:01,CNB,Rain,0.05,7.93,11.3,38.0,76.8
2026-02-22 08:48:57,CNB,Cloudy,0.27,8.45,0.2,17.4,37.0
2026-01-31 00:08:30,CNB,Clear,0.32,8.32,0.2,28.7,100.0
2026-01-08 12:54:42,CNB,Rain,0.18,7.38,16.0,19.3,99.0
2026-02-14 14:39:19,CNB,Rain,0.44,4.19,8.6,30.2,55.9
2026-06-09 20:18:22,CNB,Rain,0.25,6.6,5.3,35.9,86.1
2026-05-30 03:11:45,CNB,Clear,0.2,8.42,0.3,28.6,53.6
2026-03-13 22:57:01,CNB,Clear,0.07,9.45,0.1,24.5,57.2
2026-05-14 05:05:30,CNB,Fog,0.38,6.69,1.1,16.7,73.8
2026-05-30 18:45:53,CNB,Fog,0.72,4.57,0.3,30.6,70.5
2026-06-26 19:45:36,CNB,Cloudy,0.06,9.26,0.7,29.3,74.6
2026-04-19 22:09:05,CNB,Clear,0.51,5.44,1.2,29.9,93.5
2026-05-20 14:45:18,CNB,Clear,0.14,9.52,0.5,36.1,65.7
2026-04-10 13:28:48,CNB,Cloudy,0.36,6.36,0.1,28.6,94.3
2026-05-11 06:31:30,CNB,Cloudy,0.35,6.27,0.5,18.6,75.2
2026-01-06 19:41:47,CNB,Cloudy,0.06,9.71,1.0,19.2,49.7
2026-01-02 09:39:29,CNB,Cloudy,0.24,8.15,0.6,24.9,53.9
2026-03-02 02:46:51,CNB,Rain,0.34,5.67,2.9,22.7,56.7
2026-06-09 20:54:09,CNB,Fog,1.0,1.77,0.8,18.8,53.3
2026-04-14 17:25:34,CNB,Cloudy,0.19,7.94,0.2,18.0,50.5
2026-01-29 16:35:08,CNB,Fog,0.68,4.23,0.9,21.6,71.1
2026-05-17 13:35:31,CNB,Clear,0.35,7.12,1.2,19.8,56.9
2026-02-28 12:24:17,CNB,Clear,0.15,8.38,1.0,21.4,58.1
2026-06-22 05:13:16,CNB,Fog,0.44,6.93,0.5,28.0,86.2
2026-01-15 03:27:56,CNB,Cloudy,0.49,6.2,1.1,21.5,47.9
2026-06-28 03:41:12,CNB,Cloudy,0.06,8.69,1.3,27.9,52.0
2026-05-06 02:22:54,CNB,Clear,0.14,8.79,1.3,32.4,70.3
2026-03-30 20:39:24,CNB,Clear,0.03,9.32,0.1,22.1,88.4
2026-05-17 06:35:59,CNB,Clear,0.3,7.77,1.1,26.3,47.9
2026-03-30 09:24:00,CNB,Clear,0.19,8.29,0.1,24.0,69.7
2026-05-31 20:57:27,CNB,Cloudy,0.72,3.88,0.7,29.1,42.3
2026-06-04 02:39:12,CNB,Cloudy,0.19,7.5,1.1,37.1,36.1
2026-01-15 15:23:14,CNB,Clear,0.28,7.83,1.1,12.6,52.1
2026-02-17 14:06:58,CNB,Clear,0.21,8.16,1.4,27.0,50.7
2026-06-05 00:02:31,CNB,Clear,0.24,9.11,0.3,24.1,31.2
2026-05-01 09:55:28,CNB,Clear,0.17,7.94,0.3,41.2,62.1
2026-01-31 16:54:03,CNB,Fog,0.66,3.96,1.4,9.0,100.0
2026-02-08 11:30:45,CNB,Rain,0.15,7.66,8.4,23.5,62.9
2026-06-28 07:00:11,CNB,Clear,0.4,6.41,1.1,28.7,64.4
2026-04-17 22:14:32,CNB,Clear,0.33,6.97,0.4,22.3,73.5
2026-03-01 16:15:55,CNB,Clear,0.36,7.2,0.2,33.7,65.4
2026-05-14 00:16:10,CNB,Fog,0.38,7.16,0.8,22.0,53.5
2026-05-19 17:10:10,CNB,Clear,0.22,8.01,0.8,28.8,23.0
2026-04-03 01:08:32,CNB,Clear,0.22,7.51,0.7,26.4,55.8
2026-02-28 15:55:24,CNB,Rain,0.16,7.98,25.5,21.6,56.4
2026-06-24 08:48:22,CNB,Cloudy,0.36,6.38,0.9,26.8,85.0
2026-03-20 13:56:20,CNB,Clear,0.65,5.38,0.2,31.9,100.0
2026-05-16 12:43:43,CNB,Fog,0.44,6.23,0.6,18.6,78.1
2026-02-20 09:01:52,CNB,Clear,0.4,6.41,0.1,21.0,90.6
2026-04-18 11:27:04,CNB,Cloudy,0.4,6.16,0.5,17.7,57.0
2026-02-16 08:07:34,CNB,Clear,0.11,9.14,1.5,28.8,53.9
2026-01-10 02:01:44,CNB,Rain,0.31,5.94,2.7,30.8,66.1
2026-03-27 11:06:04,CNB,Clear,0.77,3.35,1.3,9.8,79.9
2026-01-21 21:23:57,CNB,Clear,0.44,5.97,1.1,25.8,47.7
2026-04-07 23:53:49,CNB,Cloudy,0.04,9.36,0.5,27.2,61.5
2026-02-27 02:19:47,CNB,Cloudy,0.27,7.84,0.2,33.7,73.0
2026-06-19 09:01:41,CNB,Fog,0.95,1.25,0.3,26.4,91.3
2026-02-03 05:57:20,CNB,Clear,0.36,6.75,0.9,28.9,76.7
2026-04-02 08:14:06,CNB,Clear,0.69,4.37,0.5,20.8,98.0
2026-03-14 04:46:53,CNB,Clear,0.2,8.25,0.5,20.9,64.0
2026-03-29 23:38:50,CNB,Clear,0.15,9.36,1.3,11.6,47.0
2026-02-17 19:56:53,CNB,Clear,0.42,6.31,1.3,19.1,73.2
2026-01-22 02:31:32,CNB,Clear,0.09,9.38,0.0,16.3,55.3
2026-03-23 03:46:02,CNB,Cloudy,0.7,4.27,0.9,26.7,100.0
2026-02-24 18:22:58,CNB,Clear,0.59,5.28,1.1,31.9,75.4
2026-01-14 01:38:41,CNB,Clear,0.4,6.43,0.2,26.7,47.4
2026-05-24 03:55:44,CNB,Fog,0.83,3.03,1.3,39.0,78.3
2026-06-04 16:40:56,CNB,Clear,0.46,6.5,1.3,26.0,92.2
2026-03-15 04:23:32,CNB,Fog,0.6,4.69,1.0,30.3,56.3
2026-05-16 16:43:50,CNB,Clear,0.45,6.06,0.3,20.6,47.8
2026-05-04 14:47:17,CNB,Clear,0.16,8.92,1.1,19.9,38.1
2026-01-24 21:33:51,CNB,Rain,0.15,7.63,8.2,-1.8,52.0
2026-04-09 15:19:28,CNB,Clear,0.17,9.18,1.1,28.2,55.5
2026-04-09 20:10:40,CNB,Rain,0.34,5.63,11.2,30.1,92.7
2026-01-10 10:45:46,CNB,Clear,0.53,5.37,0.5,10.0,46.3
2026-02-19 08:02:55,CNB,Cloudy,0.15,8.23,0.8,22.4,45.4
2026-06-08 19:13:12,CNB,Fog,0.57,5.67,1.4,29.0,84.5
2026-06-10 11:27:39,CNB,Clear,0.16,8.63,0.3,33.0,76.1
2026-05-01 09:27:50,CNB,Clear,0.19,8.08,1.4,15.1,42.0
2026-01-16 13:49:10,CNB,Clear,0.28,7.34,0.6,32.5,75.8
2026-04-01 00:23:08,CNB,Clear,0.19,8.4,0.8,15.3,65.4
2026-01-16 13:17:57,CNB,Clear,0.03,9.96,1.4,26.9,70.1
2026-06-01 05:49:17,CNB,Clear,0.27,7.49,1.3,34.6,40.1
2026-01-04 14:52:50,CNB,Cloudy,0.4,6.67,1.4,8.2,47.8
2026-04-30 14:14:16,CNB,Clear,0.17,8.72,0.0,25.5,54.2
2026-01-21 17:41:47,CNB,Fog,0.46,5.91,0.6,31.2,84.0
2026-01-07 14:19:08,CNB,Clear,0.18,7.8,0.5,16.6,67.2
2026-06-06 03:57:01,CNB,Rain,0.59,3.99,4.1,24.5,54.7
2026-01-22 17:39:46,CNB,Clear,0.35,6.82,1.5,34.3,46.2
2026-01-03 06:22:20,CNB,Clear,0.28,7.87,0.9,32.1,29.6
2026-02-09 02:12:42,CNB,Clear,0.12,8.62,0.4,38.3,57.2
2026-04-21 13:15:11,CNB,Fog,0.74,3.75,0.6,14.5,97.1
2026-01-31 20:46:28,CNB,Clear,0.22,7.97,0.3,19.3,84.9
2026-05-23 20:55:48,CNB,Cloudy,0.57,5.46,1.4,14.8,48.8
2026-03-22 06:40:35,CNB,Clear,0.11,9.92,0.9,21.2,28.8
2026-01-29 17:19:16,CNB,Clear,0.18,9.13,0.2,13.3,67.5
2026-05-06 04:27:05,CNB,Clear,0.13,8.93,0.8,32.4,88.7
2026-04-30 07:21:13,CNB,Clear,0.5,5.69,0.1,21.9,81.1
2026-01-03 02:11:50,CNB,Clear,0.47,5.58,0.0,22.1,77.1
2026-02-01 08:07:13,CNB,Rain,0.34,6.01,13.6,11.5,71.7
2026-03-25 20:37:28,CNB,Clear,0.34,7.2,0.8,20.6,95.3
2026-02-11 05:00:10,CNB,Rain,0.24,6.48,15.6,18.5,78.9
2026-03-23 23:14:30,CNB,Cloudy,0.47,5.85,0.0,18.3,83.4
2026-06-21 18:49:14,CNB,Fog,0.73,3.97,1.2,28.8,62.3
2026-03-15 12:50:22,CNB,Clear,0.19,8.17,0.9,18.7,49.5
2026-03-18 19:46:42,CNB,Clear,0.14,8.83,1.3,16.5,79.8
2026-03-24 16:44:03,CNB,Clear,0.72,3.33,0.3,24.2,41.9
2026-06-12 17:20:18,CNB,Clear,0.67,4.8,1.2,24.5,67.4
2026-01-15 05:45:44,CNB,Clear,0.08,9.1,1.2,22.9,52.7
2026-01-25 11:03:54,CNB,Clear,0.23,7.53,0.5,19.1,23.2
2026-01-28 18:33:32,CNB,Rain,0.38,4.86,14.2,32.4,63.2
2026-04-11 16:27:33,CNB,Clear,0.2,8.63,0.4,27.7,89.6
2026-05-18 15:50:05,CNB,Rain,0.11,8.86,2.4,23.9,42.5
2026-01-03 07:18:17,CNB,Rain,0.21,7.68,5.2,21.7,33.7
2026-01-20 11:10:05,CNB,Clear,0.69,4.72,0.1,37.7,95.2
2026-06-14 20:48:18,CNB,Cloudy,0.5,6.15,0.2,28.0,47.6
2026-02-23 04:42:32,CNB,Clear,0.36,6.51,0.3,19.4,77.1
2026-06-06 00:59:03,CNB,Clear,0.5,5.46,0.9,11.5,30.1
2026-06-22 12:50:58,CNB,Cloudy,0.38,6.46,0.0,20.0,70.4
2026-03-11 23:09:50,CNB,Cloudy,0.38,6.62,1.5,23.0,84.6
2026-05-06 21:16:26,CNB,Clear,0.19,9.94,1.0,11.7,68.8
2026-01-15 18:48:06,CNB,Cloudy,0.26,8.06,0.9,34.5,57.1
2026-06-12 05:49:17,CNB,Clear,0.43,6.36,1.0,25.3,51.9
2026-03-16 04:46:40,CNB,Rain,0.19,7.74,9.9,24.7,59.8
2026-06-13 21:22:15,CNB,Cloudy,0.02,9.16,0.0,37.4,78.1
2026-03-09 21:32:48,CNB,Clear,0.4,6.96,0.9,15.0,82.7
2026-01-23 08:22:21,CNB,Clear,0.25,8.08,0.3,27.2,66.7
2026-05-25 12:22:27,CNB,Clear,0.4,6.9,0.9,23.5,65.5
2026-03-03 17:07:36,CNB,Cloudy,0.34,6.95,1.5,5.8,81.2
2026-06-24 02:33:19,CNB,Fog,0.49,6.19,0.9,33.0,100.0
2026-03-14 23:24:06,CNB,Rain,0.33,5.8,8.6,27.6,66.3
2026-06-22 20:14:49,CNB,Rain,0.33,5.49,23.9,22.8,46.0
2026-03-20 02:25:42,CNB,Clear,0.19,8.22,1.0,28.6,86.1
2026-03-04 13:16:29,CNB,Clear,0.42,6.62,1.4,33.0,84.2
2026-04-01 14:18:25,CNB,Clear,0.47,6.05,0.6,16.8,50.5
2026-05-06 03:50:25,CNB,Cloudy,0.36,6.47,1.2,29.6,73.7
2026-05-08 23:58:40,CNB,Clear,0.25,7.44,1.4,27.5,62.0
2026-06-16 04:49:47,CNB,Clear,0.6,5.15,0.2,32.1,74.2
2026-06-23 16:51:32,CNB,Clear,0.35,6.83,0.5,15.5,76.2
2026-05-30 08:25:38,CNB,Clear,0.29,7.94,1.1,25.8,59.4
2026-02-04 06:21:20,CNB,Clear,0.33,7.27,0.4,17.2,75.2
2026-06-02 07:53:02,CNB,Cloudy,0.48,5.73,1.2,31.2,25.7
2026-01-13 14:31:15,CNB,Clear,0.39,6.46,1.5,32.6,51.0
2026-06-02 05:44:57,CNB,Clear,0.54,5.22,0.3,23.7,59.1
2026-06-03 18:37:07,CNB,Cloudy,0.12,8.19,0.7,16.4,70.5
2026-04-14 13:57:29,CNB,Fog,0.37,6.81,1.4,29.4,83.1
2026-02-17 02:15:19,CNB,Clear,0.43,6.22,0.3,25.5,53.8
2026-01-25 04:52:36,CNB,Clear,0.29,7.96,0.2,25.6,72.8
2026-01-16 06:46:51,CNB,Clear,0.33,6.45,0.6,16.5,50.9
2026-06-03 00:24:33,CNB,Cloudy,0.58,5.42,1.2,25.9,53.4
2026-04-23 21:01:44,CNB,Rain,0.45,4.44,7.0,28.9,44.9
2026-02-02 17:13:31,CNB,Cloudy,0.06,9.81,0.4,9.6,75.0
2026-05-16 18:55:01,CNB,Clear,0.05,10.03,0.8,26.2,42.8
2026-06-05 07:50:41,CNB,Fog,0.44,6.4,0.1,25.7,88.2
2026-05-18 02:16:21,CNB,Cloudy,0.55,5.24,0.3,30.1,76.3
2026-06-07 01:26:18,CNB,Cloudy,0.14,8.87,0.9,28.3,83.7
2026-04-20 17:52:11,CNB,Clear,0.25,7.68,1.1,26.2,68.3
2026-01-13 23:41:37,CNB,Rain,0.03,8.43,2.9,18.7,64.3
2026-06-19 21:23:41,CNB,Clear,0.48,5.31,1.4,22.7,51.5
2026-05-17 03:03:12,CNB,Cloudy,0.2,8.32,0.8,19.3,36.3
2026-01-01 15:46:53,CNB,Clear,0.04,9.46,0.6,13.3,54.8
2026-03-29 21:46:17,CNB,Cloudy,0.44,5.96,0.5,20.5,58.4
2026-05-20 23:08:04,CNB,Cloudy,0.31,7.61,0.8,19.6,61.5
2026-05-14 17:54:15,CNB,Clear,0.17,8.04,0.6,14.6,88.5
2026-05-02 14:22:41,CNB,Clear,0.16,8.93,1.1,20.9,100.0
2026-05-20 03:46:40,CNB,Clear,0.35,6.65,1.2,25.4,57.5
2026-01-22 18:55:43,CNB,Cloudy,0.26,7.11,0.9,1.6,68.0
2026-01-13 16:30:18,CNB,Rain,0.06,7.99,11.8,35.8,66.8
2026-01-08 02:53:33,CNB,Clear,0.17,8.66,1.0,14.9,72.4
2026-02-06 16:28:11,CNB,Clear,0.24,7.94,0.2,31.0,70.6
2026-04-02 04:02:19,CNB,Clear,0.24,7.54,0.5,27.3,50.3
2026-04-26 18:23:01,CNB,Clear,0.23,8.33,0.1,32.3,70.8
2026-05-18 10:42:21,CNB,Clear,0.21,8.01,0.3,22.9,40.4
2026-04-20 14:56:50,CNB,Clear,0.43,6.03,0.7,28.9,67.4
2026-03-01 12:59:07,CNB,Clear,0.12,9.39,1.3,20.3,78.7
2026-04-24 06:54:07,CNB,Fog,0.48,6.58,0.2,19.9,100.0
2026-03-11 07:31:23,CNB,Clear,0.15,8.74,1.0,20.2,73.7
2026-01-01 19:16:56,CNB,Clear,0.12,10.18,0.1,30.4,68.8
2026-03-03 10:10:03,CNB,Fog,0.89,2.23,1.4,22.4,83.9
2026-03-03 23:59:04,CNB,Clear,0.28,7.52,0.7,2.9,70.3
2026-04-27 04:11:21,CNB,Cloudy,0.23,7.14,1.0,17.3,53.9
2026-06-15 11:32:05,CNB,Rain,0.41,5.51,6.6,10.7,95.2
2026-03-31 14:32:14,CNB,Rain,0.4,5.74,6.4,22.2,76.5
2026-01-23 23:41:12,CNB,Cloudy,0.21,8.4,0.6,26.5,80.6
2026-02-25 01:48:05,CNB,Clear,0.15,8.31,0.9,36.2,27.3
2026-06-10 03:48:55,CNB,Fog,0.47,5.99,0.8,14.9,64.1
2026-01-22 15:51:28,CNB,Cloudy,0.15,9.04,0.5,30.4,58.8
2026-04-29 22:32:09,CNB,Clear,0.14,9.21,0.8,15.5,65.8
2026-05-23 18:11:25,CNB,Clear,0.37,7.08,0.5,18.0,71.1
2026-01-17 19:31:16,CNB,Fog,0.43,6.08,1.2,23.3,99.1
2026-01-03 02:17:40,CNB,Clear,0.12,9.37,1.3,32.6,41.2
2026-03-29 09:22:29,CNB,Clear,0.14,9.0,0.6,28.6,60.8
2026-04-05 11:51:06,CNB,Clear,0.39,7.35,0.7,24.2,90.9
2026-06-03 18:59:58,CNB,Clear,0.2,7.44,0.5,33.8,58.3
2026-05-16 09:10:39,CNB,Rain,0.04,9.04,6.6,26.5,73.3
2026-04-25 23:51:40,CNB,Clear,0.51,5.19,1.2,23.0,100.0
2026-01-27 21:44:14,CNB,Clear,0.15,8.34,1.5,32.0,52.9
2026-02-08 07:32:24,CNB,Clear,0.52,5.55,0.6,11.7,69.2
2026-06-04 01:42:19,CNB,Clear,0.2,8.63,0.5,16.7,100.0
2026-04-24 19:27:52,CNB,Clear,0.42,6.47,1.4,19.7,42.8
2026-02-08 23:30:23,CNB,Cloudy,0.1,9.07,0.5,29.8,49.7
2026-04-18 02:02:33,CNB,Clear,0.3,7.51,1.3,23.9,23.4
2026-04-19 23:19:15,CNB,Clear,0.45,6.25,1.2,22.8,68.9
2026-06-06 11:38:31,CNB,Fog,0.76,3.85,1.1,35.6,65.9
2026-03-22 10:21:55,CNB,Clear,0.13,8.36,1.4,16.4,66.2
2026-05-06 12:44:05,CNB,Clear,0.22,6.98,1.0,20.7,36.4
2026-03-14 05:09:28,CNB,Rain,0.44,5.01,2.1,20.8,76.9
2026-05-19 03:05:51,CNB,Clear,0.15,8.56,0.5,8.0,73.1
2026-03-14 05:59:19,CNB,Fog,0.57,5.82,1.4,7.7,59.5
2026-05-28 13:12:44,CNB,Clear,0.18,8.14,0.3,24.0,74.2
2026-05-27 07:05:50,CNB,Fog,0.88,2.92,0.5,35.6,65.7
2026-04-25 14:26:20,CNB,Clear,0.37,6.57,0.7,15.9,68.5
2026-05-02 13:46:43,CNB,Clear,0.13,8.93,1.4,19.8,83.3
2026-05-29 23:44:34,CNB,Clear,0.05,9.75,0.8,0.7,63.7
2026-05-25 16:44:33,CNB,Rain,0.09,7.55,3.8,22.0,61.4
2026-02-04 03:04:11,CNB,Clear,0.19,8.49,1.5,21.9,36.7
2026-04-17 11:06:46,CNB,Rain,0.01,8.63,3.2,33.9,73.3
2026-03-06 20:08:23,CNB,Clear,0.3,7.94,0.6,33.1,59.1
2026-05-26 18:41:10,CNB,Fog,0.48,6.12,0.1,18.2,62.0
2026-04-23 01:03:44,CNB,Clear,0.27,8.1,0.3,2.4,46.4
2026-05-30 15:30:22,CNB,Clear,0.12,9.5,0.6,9.1,65.5
2026-04-04 13:29:23,CNB,Clear,0.29,7.1,1.5,20.5,54.9
2026-06-06 17:09:07,CNB,Clear,0.09,8.48,0.8,28.6,75.8
2026-01-17 13:32:17,CNB,Rain,0.33,6.08,9.1,18.6,84.1
2026-04-27 16:08:51,CNB,Rain,0.11,7.99,28.1,29.0,75.0
2026-03-24 21:08:56,CNB,Cloudy,0.33,6.55,0.9,21.0,80.6
2026-03-08 09:30:14,CNB,Clear,0.35,7.06,1.3,42.2,77.9
2026-05-08 06:09:28,CNB,Rain,0.26,6.42,6.2,12.2,52.5
2026-05-22 19:16:23,CNB,Clear,0.04,9.85,1.5,40.7,65.3
2026-02-23 10:05:13,CNB,Clear,0.43,6.48,0.9,14.9,55.1
2026-01-22 04:56:57,CNB,Clear,0.3,7.66,0.6,15.2,62.5
2026-06-25 02:49:30,CNB,Clear,0.52,5.55,0.1,30.5,47.5
2026-06-11 16:30:20,CNB,Clear,0.37,6.81,1.5,32.4,66.2
2026-04-04 22:45:55,CNB,Clear,0.18,8.01,1.5,22.8,69.6
2026-03-27 19:33:09,CNB,Clear,0.1,9.07,0.1,25.1,48.3
2026-02-22 02:30:17,CNB,Clear,0.16,7.96,0.2,30.6,81.9
2026-04-23 06:29:42,CNB,Cloudy,0.14,8.57,1.3,13.3,20.0
2026-04-04 23:33:40,CNB,Cloudy,0.04,9.65,0.7,15.4,40.9
2026-03-13 22:41:39,CNB,Cloudy,0.51,6.0,0.5,21.0,83.8
2026-05-05 12:47:06,CNB,Clear,0.24,7.58,0.7,38.8,54.3
2026-06-29 00:30:30,CNB,Clear,0.39,6.82,0.2,30.6,69.9
2026-02-09 00:25:17,CNB,Clear,0.5,5.74,0.4,20.4,47.4
2026-04-11 07:11:23,CNB,Clear,0.37,6.77,1.5,27.4,75.7
2026-06-16 16:36:54,CNB,Clear,0.31,7.56,0.2,19.5,85.7
2026-05-03 23:42:09,CNB,Fog,0.7,4.25,0.8,24.3,71.3
2026-06-24 12:47:05,CNB,Clear,0.49,6.04,0.8,20.6,69.1
2026-06-29 20:00:53,CNB,Clear,0.36,6.62,0.2,45.9,49.9
2026-06-09 09:51:08,CNB,Cloudy,0.19,8.12,1.3,23.8,73.6
2026-05-02 11:39:14,CNB,Clear,0.09,9.33,0.3,24.2,63.5
2026-02-13 23:11:35,CNB,Clear,0.36,6.77,0.8,16.9,73.9
2026-06-27 14:07:43,CNB,Clear,0.32,7.15,0.7,33.2,24.3
2026-01-24 00:28:25,CNB,Clear,0.21,8.71,0.5,18.8,72.6
2026-02-25 03:39:48,CNB,Fog,0.67,4.11,0.2,33.8,86.1
2026-02-12 23:22:15,CNB,Clear,0.16,8.67,1.3,15.3,75.5
2026-01-15 07:36:41,CNB,Clear,0.16,8.61,0.2,31.8,71.5
2026-06-20 00:23:16,CNB,Rain,0.36,6.78,9.2,20.2,51.8
2026-06-24 10:44:10,CNB,Clear,0.59,5.34,0.7,11.8,64.6
2026-02-10 22:03:29,CNB,Clear,0.49,6.06,0.8,27.1,69.8
2026-01-01 10:42:32,CNB,Clear,0.3,7.4,1.3,17.1,76.6
2026-01-03 23:14:49,CNB,Rain,0.18,7.17,3.5,32.1,61.1
2026-04-28 12:48:21,CNB,Cloudy,0.23,8.12,0.2,15.2,49.7
2026-02-22 22:03:37,CNB,Clear,0.4,5.82,1.0,22.1,74.2
2026-06-15 11:05:06,CNB,Clear,0.4,6.75,1.4,24.0,52.8
2026-05-06 19:59:37,CNB,Clear,0.47,5.44,1.5,35.9,85.8
2026-03-30 02:37:17,CNB,Fog,0.67,4.43,0.3,24.1,73.7
2026-06-01 08:41:39,CNB,Cloudy,0.23,7.9,1.2,27.3,100.0
2026-03-22 04:49:33,CNB,Clear,0.16,8.84,0.7,35.4,58.6
2026-03-15 16:46:36,CNB,Clear,0.21,8.32,1.5,16.0,32.6
2026-01-01 22:22:31,CNB,Rain,0.25,7.08,10.5,25.8,54.6
2026-05-15 18:47:54,CNB,Cloudy,0.31,8.36,1.4,24.9,51.7
2026-01-23 16:07:17,CNB,Fog,0.5,5.16,0.1,16.8,67.0
2026-06-13 12:40:51,CNB,Clear,0.14,9.18,0.5,19.3,72.4
2026-06-19 13:40:17,CNB,Clear,0.09,9.67,0.6,32.3,83.3
2026-05-24 02:07:23,CNB,Clear,0.13,9.7,0.7,23.3,57.9
2026-02-12 06:08:47,CNB,Clear,0.2,7.91,0.5,34.5,68.4
2026-04-14 14:11:50,CNB,Clear,0.26,7.7,0.3,24.0,68.7
2026-06-27 11:42:46,CNB,Clear,0.09,9.27,0.2,32.1,72.8
2026-06-16 00:29:02,CNB,Clear,0.34,7.52,0.1,25.8,57.3
2026-01-01 12:19:52,CNB,Fog,0.63,4.8,0.8,25.0,95.2
2026-02-26 03:46:16,CNB,Clear,0.16,8.84,0.5,32.4,50.6
2026-03-08 00:52:32,CNB,Rain,0.2,7.38,20.1,26.4,67.9
2026-01-09 08:07:26,CNB,Clear,0.17,9.15,1.4,34.4,57.5
2026-03-24 10:14:01,CNB,Clear,0.13,8.71,0.5,16.8,40.1
2026-06-14 08:21:00,CNB,Clear,0.2,8.52,1.1,30.1,63.8
2026-02-03 02:04:07,CNB,Clear,0.19,8.28,0.7,26.4,53.2
2026-01-21 21:32:18,CNB,Clear,0.36,6.33,0.4,27.6,54.9
2026-01-17 11:50:25,CNB,Clear,0.26,7.85,0.0,39.8,100.0
2026-01-03 15:24:15,CNB,Rain,0.31,6.52,12.4,29.8,62.4
2026-05-23 01:54:51,CNB,Cloudy,0.42,6.14,1.2,30.5,49.9
2026-05-11 06:36:57,CNB,Cloudy,0.5,5.87,1.2,30.8,73.9
2026-03-27 03:35:38,CNB,Fog,0.56,4.7,0.5,30.5,52.3
2026-01-03 04:56:22,CNB,Clear,0.2,8.01,1.1,23.5,50.3
2026-02-02 14:37:31,CNB,Rain,0.52,4.15,9.9,19.0,33.9
2026-05-11 23:43:56,CNB,Clear,0.67,4.18,0.1,23.8,41.1
2026-06-15 05:45:05,CNB,Clear,0.35,6.0,0.7,19.6,48.1
2026-05-11 00:11:13,CNB,Rain,0.22,7.19,11.5,12.8,56.0
2026-06-10 03:27:54,CNB,Rain,0.44,5.71,14.4,23.9,62.3
2026-04-15 03:20:16,CNB,Clear,0.17,9.24,0.9,20.0,69.4
2026-04-27 02:26:31,CNB,Clear,0.39,6.73,0.2,24.2,81.6
2026-04-13 19:03:53,CNB,Cloudy,0.26,7.28,1.3,28.9,78.1
2026-02-03 06:24:04,CNB,Clear,0.09,9.06,1.3,40.0,100.0
2026-02-12 15:22:19,CNB,Clear,0.29,8.03,0.8,27.2,76.8
2026-05-31 03:53:21,CNB,Rain,0.21,7.27,7.3,30.9,61.0
2026-03-28 16:57:47,CNB,Rain,0.29,6.28,11.8,17.5,57.8
2026-02-22 00:46:39,CNB,Cloudy,0.38,6.22,0.9,19.6,43.1
2026-05-16 03:15:25,CNB,Clear,0.16,8.88,1.3,22.4,73.8
2026-06-10 13:07:04,CNB,Clear,0.38,7.01,0.9,27.9,77.0
2026-01-30 13:28:46,CNB,Fog,0.61,4.65,0.6,29.8,57.2
2026-03-25 22:03:04,CNB,Clear,0.48,6.45,0.4,11.9,59.4
2026-05-11 10:35:55,CNB,Clear,0.47,6.21,1.3,19.4,57.4
2026-05-10 22:10:24,CNB,Cloudy,0.25,7.14,0.7,33.5,35.4
2026-01-01 22:57:29,CNB,Rain,0.14,7.3,17.1,27.7,61.5
2026-01-03 19:34:42,CNB,Cloudy,0.47,5.72,0.6,9.9,52.9
2026-01-27 09:42:31,CNB,Rain,0.54,3.99,8.7,25.1,67.0
2026-04-25 09:46:31,CNB,Cloudy,0.31,8.16,1.1,25.7,59.5
2026-06-18 04:08:24,CNB,Clear,0.35,6.92,0.6,24.6,77.2
2026-03-11 02:54:50,CNB,Cloudy,0.44,6.14,1.3,22.6,85.7
2026-05-20 05:27:54,CNB,Clear,0.05,9.66,0.9,23.6,39.9
2026-04-28 15:42:16,CNB,Clear,0.17,8.04,1.1,24.2,68.9
2026-02-01 19:35:27,CNB,Fog,0.48,5.12,1.2,30.4,100.0
2026-02-13 21:56:02,CNB,Clear,0.12,8.88,0.4,22.5,60.6
2026-02-19 13:51:31,CNB,Clear,0.37,6.58,0.8,27.2,68.7
2026-01-11 10:28:15,CNB,Clear,0.39,6.68,0.0,30.5,37.2
2026-05-18 07:33:55,CNB,Cloudy,0.37,5.97,0.6,16.9,79.1
2026-05-20 15:34:32,CNB,Clear,0.11,8.67,1.4,47.4,46.6
2026-03-08 19:20:16,CNB,Clear,0.61,4.87,1.3,21.8,65.6
2026-05-09 00:39:43,CNB,Clear,0.15,8.59,0.8,27.0,56.0
2026-05-31 18:59:44,CNB,Cloudy,0.54,5.68,0.3,24.5,74.6
2026-01-30 03:04:33,CNB,Rain,0.31,5.75,6.5,10.5,94.7
2026-01-10 13:41:26,CNB,Clear,0.53,5.79,1.2,27.8,93.7
2026-04-17 04:07:31,CNB,Rain,0.18,8.19,8.4,18.5,81.1
2026-06-06 12:19:41,CNB,Cloudy,0.22,8.26,1.2,19.6,76.8
2026-05-14 08:10:46,CNB,Clear,0.07,9.65,1.3,15.8,52.0
2026-06-18 23:18:44,CNB,Clear,0.36,6.49,0.8,25.0,75.3
2026-06-04 01:36:10,CNB,Clear,0.12,8.83,1.5,29.6,72.2
2026-01-04 05:30:53,CNB,Clear,0.6,4.82,0.6,23.9,68.3
2026-05-02 05:30:08,CNB,Rain,0.16,7.15,3.9,3.8,69.1
2026-01-12 09:10:55,CNB,Cloudy,0.18,8.83,1.0,30.4,60.1
2026-01-03 17:29:34,CNB,Cloudy,0.19,9.06,1.2,24.2,70.7
2026-03-09 16:00:48,CNB,Cloudy,0.26,7.53,0.3,35.1,71.2
2026-06-29 13:18:05,CNB,Clear,0.14,8.17,1.5,24.4,34.9
2026-01-17 19:30:11,CNB,Clear,0.2,8.44,1.0,38.6,78.4
2026-03-01 06:07:53,CNB,Clear,0.53,5.08,0.6,35.3,69.1
2026-01-20 06:11:30,CNB,Cloudy,0.21,8.54,1.1,21.3,37.3
2026-04-22 01:56:41,CNB,Rain,0.23,6.76,7.0,14.1,57.5
2026-06-11 23:26:14,CNB,Cloudy,0.09,9.53,1.4,25.8,76.6
2026-02-23 21:44:22,CNB,Fog,0.52,5.61,0.2,36.5,67.7
2026-02-06 10:36:04,CNB,Clear,0.2,7.45,0.2,23.0,65.8
2026-03-04 02:31:33,CNB,Cloudy,0.27,7.99,0.3,35.5,38.4
2026-05-28 09:10:38,CNB,Rain,0.04,8.03,1.9,16.0,88.5
2026-02-14 17:49:29,CNB,Clear,0.07,8.81,0.1,14.2,72.4
2026-05-17 20:27:04,CNB,Clear,0.13,9.02,0.6,24.7,100.0
2026-01-09 12:48:01,CNB,Cloudy,0.27,7.61,0.3,24.9,60.2
2026-01-28 10:29:19,CNB,Cloudy,0.24,7.26,0.9,23.3,85.6
2026-01-09 13:28:33,CNB,Rain,0.49,4.64,13.1,13.4,39.3
2026-02-10 12:37:59,CNB,Clear,0.47,5.43,0.8,28.6,87.1
2026-01-22 16:53:55,CNB,Clear,0.15,8.81,0.7,25.2,25.1
2026-06-20 00:48:35,CNB,Cloudy,0.6,5.13,0.1,38.1,40.6
2026-04-25 15:31:40,CNB,Clear,0.19,7.75,0.8,17.6,63.1
2026-04-04 11:20:06,CNB,Clear,0.15,9.09,1.2,23.9,35.4
2026-03-30 02:15:09,CNB,Cloudy,0.26,7.32,1.1,20.5,49.8
2026-02-14 18:14:33,CNB,Cloudy,0.16,9.39,0.9,12.0,67.0
2026-05-04 15:30:29,CNB,Clear,0.13,8.82,0.7,23.5,96.5
2026-04-21 05:18:42,CNB,Cloudy,0.06,8.97,0.8,31.0,88.9
2026-01-19 05:45:09,CNB,Clear,0.11,8.68,0.1,29.8,78.4
2026-01-14 19:36:52,CNB,Clear,0.15,9.19,0.4,18.8,49.7
2026-06-13 19:39:17,CNB,Cloudy,0.18,9.44,0.8,18.8,84.0
2026-02-04 18:29:59,CNB,Cloudy,0.14,9.32,1.0,29.8,38.8
2026-04-15 13:42:57,CNB,Clear,0.12,9.5,0.4,20.5,100.0
2026-04-14 19:20:51,CNB,Clear,0.08,8.69,0.8,29.1,51.6
2026-06-12 19:07:37,CNB,Clear,0.35,7.44,0.6,35.1,72.7
2026-03-02 07:34:51,CNB,Clear,0.17,8.67,0.3,30.9,34.2
2026-06-16 19:54:37,CNB,Rain,0.63,3.64,6.0,14.3,100.0
2026-02-12 07:28:20,CNB,Clear,0.29,7.87,0.0,22.0,81.7
2026-01-12 11:03:45,CNB,Fog,0.39,6.83,1.4,24.5,65.0
2026-06-05 04:02:52,CNB,Clear,0.26,8.06,0.2,19.9,67.1
2026-02-27 00:25:46,CNB,Clear,0.15,9.09,1.5,27.2,32.9
2026-06-25 13:18:39,CNB,Clear,0.36,6.43,0.4,30.8,51.7
2026-04-29 19:32:48,CNB,Clear,0.14,9.26,1.5,29.0,71.6
2026-01-03 18:31:13,CNB,Clear,0.32,7.1,0.4,17.3,59.6
2026-04-19 22:39:11,CNB,Clear,0.35,7.79,0.1,24.6,88.5
2026-05-01 17:18:21,CNB,Clear,0.37,7.01,1.0,34.1,77.4
2026-04-29 18:52:51,CNB,Clear,0.16,8.81,0.8,17.6,38.6
2026-04-06 03:56:25,CNB,Clear,0.64,4.73,0.2,24.9,93.2
2026-04-13 01:12:09,CNB,Clear,0.34,7.74,1.4,30.8,79.8
2026-05-14 19:15:02,CNB,Rain,0.28,7.49,9.8,13.5,24.7
2026-05-21 21:29:40,CNB,Clear,0.04,10.29,0.1,20.7,88.3
2026-03-27 06:06:56,CNB,Rain,0.23,6.17,4.9,26.4,60.2
2026-01-22 00:26:34,CNB,Fog,0.41,6.54,1.4,35.8,88.7
2026-01-30 10:08:50,CNB,Clear,0.27,8.05,1.0,31.6,40.1
2026-06-29 07:02:27,CNB,Fog,0.8,4.3,0.2,35.5,100.0
2026-05-17 19:41:36,CNB,Clear,0.17,8.83,0.2,19.5,85.1
2026-01-11 23:26:35,CNB,Clear,0.23,8.65,0.6,19.7,63.5
2026-04-14 14:40:39,CNB,Rain,0.1,8.86,9.6,26.7,49.4
2026-01-29 15:28:46,CNB,Rain,0.47,4.47,5.1,23.9,80.7
2026-05-07 21:24:14,CNB,Clear,0.68,4.37,0.4,25.1,69.8
2026-06-28 21:26:56,CNB,Clear,0.18,8.24,1.3,27.4,93.4
2026-03-12 01:26:01,CNB,Clear,0.6,4.97,0.3,31.2,70.9
2026-01-20 04:02:09,CNB,Clear,0.26,6.75,0.4,28.8,48.3
2026-06-27 12:08:37,CNB,Fog,1.0,0.63,1.0,21.9,71.2
2026-05-04 12:34:00,CNB,Cloudy,0.19,8.68,0.0,29.4,74.2
2026-01-07 15:38:10,CNB,Fog,0.43,6.56,0.2,19.5,45.0
2026-03-21 22:28:14,CNB,Cloudy,0.17,8.76,1.0,25.8,83.3
2026-03-17 07:01:35,CNB,Clear,0.33,7.45,1.2,38.3,49.0
2026-01-07 02:55:08,CNB,Cloudy,0.44,6.16,0.8,32.8,69.3
2026-06-14 10:43:29,CNB,Clear,0.19,8.78,0.4,24.3,71.9
2026-02-03 20:16:13,CNB,Fog,0.58,5.61,1.1,6.1,100.0
2026-02-23 04:28:48,CNB,Clear,0.3,7.38,1.5,29.3,81.7
2026-06-15 02:03:56,CNB,Rain,0.44,4.77,11.3,26.6,69.5
2026-03-31 12:42:54,CNB,Fog,0.79,3.35,0.6,33.4,72.6
2026-02-15 15:44:19,CNB,Clear,0.33,7.32,1.0,24.8,79.6
2026-03-19 16:04:14,CNB,Cloudy,0.23,8.39,0.6,16.8,100.0
2026-05-24 07:23:06,CNB,Rain,0.38,4.79,12.2,16.3,43.3
2026-02-25 00:39:40,CNB,Fog,0.46,5.86,0.0,24.1,60.0
2026-03-10 23:47:59,CNB,Rain,0.18,6.88,12.2,25.4,47.3
2026-04-26 17:00:27,CNB,Clear,0.23,8.08,1.3,22.6,62.3
2026-03-07 22:15:32,CNB,Clear,0.71,4.06,0.2,27.5,77.0
2026-03-26 13:42:05,CNB,Clear,0.05,9.58,1.3,31.1,66.7
2026-05-09 19:55:46,CNB,Fog,0.56,6.12,0.9,23.5,65.4
2026-01-02 02:04:43,CNB,Clear,0.08,9.27,0.3,19.7,64.1
2026-03-25 12:01:21,CNB,Cloudy,0.28,8.24,0.4,33.2,91.8
2026-05-05 09:15:06,CNB,Rain,0.38,5.11,6.0,30.5,30.5
2026-01-01 08:50:20,CNB,Clear,0.26,7.11,0.2,22.8,66.4
2026-05-09 00:43:34,CNB,Cloudy,0.31,6.8,0.8,14.2,54.3
2026-06-24 03:45:26,CNB,Clear,0.23,8.56,1.3,23.8,75.5
2026-06-07 16:02:43,CNB,Fog,0.69,4.34,0.5,21.4,71.7
2026-06-08 08:31:24,CNB,Rain,0.15,8.12,8.8,19.4,42.2
2026-06-04 07:25:35,CNB,Cloudy,0.43,5.59,0.0,18.2,51.7
2026-05-21 11:53:56,CNB,Clear,0.54,4.6,0.6,32.8,58.1
2026-05-22 05:41:46,CNB,Rain,0.18,7.13,6.4,9.1,89.9
2026-03-10 20:43:58,CNB,Rain,0.17,7.94,20.2,23.1,90.2
2026-02-25 12:01:48,CNB,Clear,0.09,10.02,0.8,23.8,79.2
2026-01-09 10:51:33,CNB,Fog,0.52,5.44,1.3,38.8,53.9
2026-06-25 17:08:25,CNB,Clear,0.19,8.09,0.9,4.3,42.5
2026-06-16 16:41:22,CNB,Clear,0.78,3.41,0.2,2.9,42.4
2026-06-30 21:47:30,CNB,Rain,0.34,5.99,1.9,20.1,71.6
2026-04-05 08:39:10,CNB,Fog,0.62,4.58,0.2,17.5,73.1
2026-01-06 06:17:50,CNB,Clear,0.21,7.33,0.9,18.6,79.1
2026-05-03 20:18:58,CNB,Fog,0.47,5.65,0.8,23.3,59.8
2026-01-25 09:16:15,CNB,Clear,0.16,7.9,1.1,8.7,75.6
2026-05-26 08:30:00,CNB,Cloudy,0.56,5.33,1.3,24.9,79.6
2026-03-19 06:36:15,CNB,Clear,0.47,5.41,1.5,24.3,55.3
2026-05-27 04:49:35,CNB,Fog,0.58,5.06,0.9,11.7,87.6
2026-02-06 03:32:18,CNB,Clear,0.56,4.69,0.9,31.0,83.2
2026-05-10 19:39:29,CNB,Rain,0.18,7.91,6.9,25.5,65.7
2026-03-21 04:47:17,CNB,Rain,0.32,6.57,6.8,26.1,53.2
2026-06-24 10:21:51,CNB,Rain,0.03,8.37,10.7,22.4,55.1
2026-04-20 07:21:32,CNB,Clear,0.55,4.91,0.3,44.9,64.2
2026-04-02 03:47:18,CNB,Clear,0.54,5.72,0.9,22.2,55.0
2026-06-16 03:32:33,CNB,Clear,0.24,8.23,1.1,25.8,78.0
2026-04-12 00:31:21,CNB,Clear,0.47,4.91,0.5,15.6,76.9
2026-04-21 03:20:15,CNB,Cloudy,0.49,5.3,1.0,24.9,61.8
2026-06-23 03:05:24,CNB,Clear,0.03,9.7,1.0,38.6,66.3
2026-02-03 13:54:11,CNB,Rain,0.39,5.62,13.9,18.5,75.2
2026-05-27 02:09:19,CNB,Clear,0.3,7.29,0.9,16.4,100.0
2026-06-16 06:23:25,CNB,Fog,0.54,5.54,0.7,24.8,91.5
2026-05-05 19:00:09,CNB,Rain,0.12,7.43,7.9,25.7,73.9
2026-03-10 05:50:55,CNB,Fog,0.84,2.88,1.0,-3.2,86.0
2026-03-06 07:47:09,CNB,Rain,0.1,7.79,10.2,23.7,33.6
2026-06-01 21:37:08,CNB,Clear,0.16,8.74,0.8,29.9,50.6
2026-01-23 22:52:12,CNB,Clear,0.46,6.18,0.9,14.4,77.2
2026-04-06 07:34:29,CNB,Clear,0.03,11.03,1.4,20.0,76.1
2026-06-17 20:24:35,CNB,Fog,0.83,2.83,0.1,10.8,92.8
2026-01-14 22:34:05,CNB,Clear,0.57,5.31,1.2,20.6,89.1
2026-06-13 00:52:58,CNB,Cloudy,0.69,4.62,0.9,18.7,37.2
2026-06-09 18:46:52,CNB,Clear,0.32,7.82,1.0,22.9,20.0
2026-05-28 13:06:39,CNB,Clear,0.15,8.39,1.1,28.2,61.5
2026-06-23 02:04:53,CNB,Fog,0.78,3.84,1.3,20.5,83.8
2026-03-15 12:50:32,CNB,Clear,0.4,6.9,1.3,28.9,80.3
2026-04-04 13:17:02,CNB,Clear,0.56,4.93,0.3,28.8,96.4
2026-03-31 15:53:36,CNB,Fog,0.6,5.01,0.7,15.6,84.1
2026-06-19 00:04:28,CNB,Clear,0.27,7.12,1.4,21.8,55.5
2026-05-18 14:08:50,CNB,Clear,0.94,1.64,0.3,33.4,100.0
2026-04-11 18:51:17,CNB,Clear,0.31,6.54,0.5,23.0,45.8
2026-02-02 00:59:55,CNB,Clear,0.02,10.61,0.7,33.6,62.0
2026-01-30 00:05:32,CNB,Fog,0.51,5.6,0.5,16.3,61.6
2026-06-18 07:52:03,CNB,Clear,0.57,5.1,0.1,30.6,46.7
2026-06-02 23:07:50,CNB,Clear,0.35,6.6,0.2,17.7,70.5
2026-04-28 03:26:59,CNB,Cloudy,0.09,9.07,1.0,25.5,38.0
2026-02-05 10:57:01,CNB,Clear,0.43,6.37,0.9,38.4,61.1
2026-02-15 16:36:27,CNB,Fog,0.46,5.73,0.5,20.9,72.5
2026-06-10 21:12:38,CNB,Rain,0.19,7.36,22.1,24.7,58.4
2026-01-22 22:36:03,CNB,Fog,0.51,5.78,1.0,12.8,76.4
2026-04-01 14:01:46,CNB,Clear,0.25,7.67,0.4,33.3,70.1
2026-02-17 04:19:39,CNB,Clear,0.51,5.11,0.9,26.5,83.6
2026-06-11 09:09:14,CNB,Fog,0.57,4.91,1.2,25.7,62.4
2026-05-19 02:01:47,CNB,Clear,0.22,7.66,1.0,13.0,53.2
2026-02-15 15:11:51,CNB,Clear,0.19,7.33,1.4,20.4,74.0
2026-02-21 05:06:04,CNB,Fog,0.45,5.86,0.3,9.9,67.9
2026-01-10 05:46:33,CNB,Fog,0.39,6.82,0.2,21.0,70.1
2026-04-30 11:51:38,CNB,Clear,0.09,9.36,0.6,9.2,72.5
2026-06-04 09:40:13,CNB,Rain,0.15,7.53,7.8,30.1,100.0
2026-03-15 23:15:36,CNB,Cloudy,0.07,9.77,1.4,28.3,72.5
2026-02-08 04:28:26,CNB,Cloudy,0.61,4.87,0.8,43.4,70.2
2026-01-02 05:54:24,CNB,Rain,0.22,6.41,0.7,28.3,52.7
2026-04-16 08:28:58,CNB,Cloudy,0.47,6.03,0.8,23.7,85.8
2026-06-27 20:59:35,CNB,Clear,0.26,7.85,0.3,27.6,57.0
2026-02-22 04:18:00,CNB,Clear,0.11,9.37,1.1,25.6,75.5
2026-04-23 20:24:50,CNB,Cloudy,0.32,8.01,1.4,19.9,55.8
2026-05-27 21:02:38,CNB,Clear,0.34,6.35,1.4,19.9,72.0
2026-01-15 12:38:02,CNB,Cloudy,0.1,9.61,1.4,30.8,73.8
2026-04-04 04:13:49,CNB,Fog,0.37,6.98,0.6,28.9,54.0
2026-01-12 18:00:08,CNB,Rain,0.18,7.32,2.6,31.4,70.2
2026-01-07 20:32:17,CNB,Clear,0.3,7.25,0.5,25.0,66.8
2026-02-04 04:05:01,CNB,Clear,0.08,9.75,0.2,20.7,62.4
2026-06-14 02:02:47,CNB,Fog,0.96,2.03,1.1,25.5,63.8
2026-06-29 09:55:09,CNB,Clear,0.34,7.14,0.1,28.4,77.6
2026-03-22 15:18:31,CNB,Rain,0.19,7.07,15.4,25.3,20.0
2026-04-13 17:09:44,CNB,Rain,0.36,5.8,5.4,27.3,71.3
2026-04-30 07:35:12,CNB,Clear,0.2,8.16,1.3,26.5,35.0
2026-06-26 05:01:19,CNB,Clear,0.36,5.74,1.4,29.6,47.3
2026-05-19 19:23:14,CNB,Fog,0.74,3.69,1.0,21.4,92.7
2026-04-18 14:15:44,CNB,Clear,0.02,10.87,0.3,21.1,45.4
2026-03-01 14:12:56,CNB,Clear,0.66,3.68,0.5,34.4,80.2
2026-01-30 02:28:08,CNB,Fog,0.67,4.35,0.0,31.6,77.1
2026-06-11 23:41:42,CNB,Clear,0.46,5.83,0.4,38.1,100.0
2026-03-18 07:51:14,CNB,Clear,0.21,8.03,0.4,22.1,84.1
2026-06-17 13:50:53,CNB,Clear,0.63,5.09,0.5,28.0,89.9
2026-06-29 19:31:22,CNB,Clear,0.02,9.95,0.2,27.6,76.9
2026-04-13 10:43:09,CNB,Cloudy,0.11,8.3,1.0,23.7,51.5
2026-01-05 09:18:55,CNB,Fog,0.9,2.48,0.9,17.4,55.6
2026-01-11 21:56:53,CNB,Clear,0.47,5.86,1.4,18.5,65.7
2026-02-22 00:31:52,CNB,Clear,0.06,9.47,1.0,25.6,33.8
2026-01-22 02:59:23,CNB,Clear,0.25,7.92,1.3,22.6,62.7
2026-04-01 15:44:20,CNB,Clear,0.34,7.01,1.4,12.4,36.4
2026-04-05 10:23:21,CNB,Clear,0.25,7.64,0.1,23.7,82.1
2026-03-29 05:17:30,CNB,Rain,0.17,6.61,4.2,25.0,80.8
2026-04-22 11:43:43,CNB,Rain,0.49,4.64,3.5,26.5,35.9
2026-03-29 09:18:51,CNB,Fog,0.76,4.22,0.8,25.7,68.1
2026-01-15 04:33:52,CNB,Fog,0.45,7.15,0.3,23.9,42.8
2026-05-26 13:23:34,CNB,Clear,0.28,7.48,1.2,11.6,36.7
2026-06-17 09:23:12,CNB,Clear,0.36,6.92,0.7,19.0,82.4
2026-02-01 04:20:47,CNB,Clear,0.35,6.56,0.2,16.0,87.2
2026-06-20 14:15:01,CNB,Fog,0.62,4.85,1.3,13.2,93.4
2026-01-15 00:48:10,CNB,Cloudy,0.29,7.43,1.3,17.7,56.6
2026-05-02 15:31:14,CNB,Clear,0.15,7.86,0.1,30.4,75.5
2026-03-21 07:15:43,CNB,Clear,0.27,6.53,0.2,26.2,96.1
2026-03-21 04:08:08,CNB,Clear,0.25,8.26,0.5,12.2,56.7
2026-05-30 07:21:21,CNB,Cloudy,0.32,7.7,0.1,28.8,90.6
2026-04-24 05:37:17,CNB,Clear,0.16,9.36,1.1,34.2,80.7
2026-03-02 06:54:10,CNB,Cloudy,0.24,7.07,1.3,31.1,52.0
2026-05-28 14:16:44,CNB,Cloudy,0.29,7.44,1.0,22.1,57.1
2026-01-02 04:09:00,CNB,Clear,0.3,6.45,1.2,27.9,48.2
2026-01-22 14:16:13,CNB,Clear,0.14,8.64,1.3,17.3,66.9
2026-03-11 14:55:29,CNB,Clear,0.45,6.56,0.5,16.5,100.0
2026-01-19 02:59:15,CNB,Clear,0.37,5.95,0.9,15.0,73.1
2026-06-24 06:46:10,CNB,Cloudy,0.13,8.59,1.2,22.9,46.8
2026-02-14 21:21:00,CNB,Clear,0.32,7.4,1.5,34.9,55.4
2026-04-11 22:46:14,CNB,Rain,0.06,7.82,13.5,16.4,87.3
2026-05-13 15:50:52,CNB,Clear,0.13,8.02,0.5,28.3,90.0
2026-02-05 11:36:22,CNB,Clear,0.09,9.24,0.3,16.4,84.0
2026-05-31 22:15:02,CNB,Cloudy,0.28,7.58,1.4,40.5,87.6
2026-04-26 06:33:22,CNB,Rain,0.09,7.68,9.0,11.2,59.2
2026-03-21 04:12:33,CNB,Cloudy,0.16,8.42,0.9,11.8,83.7
2026-02-06 20:19:37,CNB,Clear,0.25,7.9,0.7,23.3,45.9
2026-04-25 05:17:12,CNB,Cloudy,0.2,8.7,0.9,30.8,76.8
2026-02-09 23:17:59,CNB,Cloudy,0.57,4.99,0.1,16.8,50.4
2026-04-13 21:11:06,CNB,Clear,0.32,6.5,1.3,20.9,57.9
2026-02-01 04:18:31,CNB,Fog,0.85,2.12,0.6,16.7,77.2
2026-06-18 11:38:50,CNB,Cloudy,0.22,8.13,1.4,10.9,74.6
2026-06-13 18:48:22,CNB,Cloudy,0.04,9.75,1.3,34.5,72.8
2026-01-17 01:00:34,CNB,Clear,0.34,7.01,1.3,22.8,51.1
2026-06-04 06:32:57,CNB,Cloudy,0.38,6.72,1.4,13.0,62.6
2026-04-23 14:18:27,CNB,Clear,0.25,7.52,1.0,22.2,56.5
2026-02-07 23:30:38,CNB,Clear,0.23,7.57,1.0,24.2,66.2
2026-06-03 02:59:11,CNB,Fog,0.44,6.75,0.2,19.6,61.4
2026-03-07 19:15:10,CNB,Clear,0.14,8.97,0.8,16.8,67.7
2026-02-10 15:47:04,CNB,Fog,0.69,4.71,1.5,19.9,55.4
2026-06-16 21:29:36,CNB,Rain,0.28,5.82,26.8,21.4,62.2
2026-01-24 11:36:26,CNB,Clear,0.13,8.72,0.3,38.4,96.2
2026-03-12 18:34:57,CNB,Rain,0.11,6.72,4.8,24.6,61.5
2026-06-03 16:18:54,CNB,Fog,0.43,6.59,1.4,24.1,52.7
2026-05-04 23:47:34,CNB,Clear,0.33,7.01,1.0,19.8,51.4
2026-04-13 00:08:41,CNB,Rain,0.54,4.11,3.3,25.3,70.9
2026-03-23 21:52:12,CNB,Clear,0.2,8.08,1.4,25.6,72.8
2026-02-27 14:28:49,CNB,Cloudy,0.27,8.01,1.3,36.8,100.0
2026-01-03 05:54:49,CNB,Clear,0.09,8.88,0.6,30.4,71.1
2026-06-06 08:48:04,CNB,Clear,0.43,6.12,1.2,28.8,53.8
2026-03-01 17:42:43,CNB,Cloudy,0.42,6.58,1.0,15.7,62.0
2026-01-12 03:36:16,CNB,Fog,0.48,6.04,1.3,20.2,56.7
2026-01-14 12:16:43,CNB,Clear,0.23,7.96,0.2,20.4,65.9
2026-02-05 18:43:33,CNB,Cloudy,0.09,8.85,0.3,30.7,39.9
2026-03-08 12:31:04,CNB,Fog,0.46,6.98,0.4,9.4,86.5
2026-06-28 14:34:49,CNB,Clear,0.31,7.18,0.6,17.2,46.3
2026-03-30 02:15:25,CNB,Rain,0.44,5.21,2.3,18.3,57.7
2026-05-07 05:24:47,CNB,Clear,0.35,6.63,0.5,21.7,68.3
2026-01-27 06:22:44,CNB,Clear,0.21,8.85,0.4,11.7,60.2
2026-06-12 23:13:53,CNB,Cloudy,0.23,8.25,1.5,32.5,43.3
2026-04-19 05:44:01,CNB,Clear,0.09,9.16,0.7,19.7,63.9
2026-01-21 19:24:26,CNB,Clear,0.13,9.7,0.1,21.8,54.4
2026-02-28 22:35:47,CNB,Fog,1.0,1.15,1.4,36.5,35.6
2026-06-22 08:17:18,CNB,Rain,0.59,3.22,2.3,11.7,80.5
2026-03-19 15:52:17,CNB,Cloudy,0.55,5.25,0.8,30.8,95.5
2026-05-18 18:19:46,CNB,Cloudy,0.12,9.36,0.5,19.1,52.7
2026-02-24 02:40:51,CNB,Rain,0.05,7.42,1.3,24.1,63.2
2026-06-28 18:09:49,CNB,Clear,0.21,7.46,0.4,18.0,69.2
2026-06-28 14:05:51,CNB,Clear,0.28,7.99,0.7,22.7,23.0
2026-02-28 16:15:42,CNB,Rain,0.35,5.35,2.2,21.2,61.6
2026-05-08 15:30:48,CNB,Clear,0.29,7.13,0.7,29.4,55.5
2026-01-20 03:34:20,CNB,Clear,0.23,8.1,0.4,15.8,66.4
2026-03-28 05:35:26,CNB,Clear,0.25,7.76,1.0,27.0,73.7
2026-04-29 10:27:48,CNB,Clear,0.26,7.2,1.3,19.2,76.6
2026-06-08 15:30:25,CNB,Rain,0.16,6.69,24.9,31.1,66.9
2026-01-14 09:41:55,CNB,Cloudy,0.08,9.83,0.8,31.8,71.2
2026-03-14 10:30:16,CNB,Cloudy,0.2,8.38,0.9,23.9,51.6
2026-02-17 14:54:23,CNB,Fog,1.0,1.73,0.5,35.0,82.3
2026-06-30 18:34:03,CNB,Clear,0.1,8.55,0.6,14.8,52.7
2026-02-28 19:24:14,CNB,Cloudy,0.2,8.04,1.1,17.5,67.1
2026-03-25 07:48:37,CNB,Cloudy,0.28,7.36,1.3,8.6,87.2
2026-04-26 15:20:13,CNB,Clear,0.37,6.47,0.5,25.6,68.4
2026-01-19 19:00:14,CNB,Clear,0.24,8.14,0.3,30.0,65.7
2026-06-19 08:21:18,CNB,Clear,0.3,7.49,0.0,29.1,42.6
2026-03-08 23:47:42,CNB,Fog,0.42,7.36,0.7,27.3,78.9
2026-05-30 21:31:18,CNB,Clear,0.35,7.09,0.5,28.6,69.9
2026-01-01 19:07:56,CNB,Clear,0.25,8.14,0.1,35.7,59.8
2026-02-12 07:13:35,CNB,Clear,0.41,6.09,0.9,27.8,82.2
2026-01-27 18:40:42,CNB,Cloudy,0.27,7.65,1.2,31.7,90.6
2026-06-09 07:48:56,CNB,Clear,0.34,6.59,0.7,31.8,81.8
2026-06-14 00:07:26,CNB,Clear,0.22,8.27,1.4,18.3,87.3
2026-02-03 16:01:59,CNB,Fog,0.75,3.29,0.2,38.2,67.1
2026-03-18 22:05:37,CNB,Rain,0.15,7.56,6.9,25.9,74.0
2026-05-02 16:47:23,CNB,Fog,0.67,4.85,0.4,24.7,83.3
2026-03-12 13:00:19,CNB,Cloudy,0.09,8.88,1.4,35.4,48.5
2026-04-24 13:56:41,CNB,Clear,0.49,6.4,0.5,33.2,73.6
2026-04-28 21:10:03,CNB,Rain,0.49,4.19,6.5,19.6,53.1
2026-04-09 16:08:19,CNB,Rain,0.34,5.98,1.6,36.6,81.5
2026-03-14 06:01:29,CNB,Clear,0.33,7.2,0.2,34.2,78.5
2026-03-23 11:58:00,CNB,Clear,0.41,6.19,0.8,27.0,73.2
2026-02-14 10:20:55,CNB,Cloudy,0.18,8.14,1.3,19.5,67.2
2026-01-11 13:25:36,CNB,Clear,0.09,9.61,0.2,26.7,69.1
2026-05-11 18:02:44,CNB,Clear,0.46,6.78,0.8,20.7,86.7
2026-01-25 10:03:08,CNB,Clear,0.5,5.97,0.8,14.9,62.7
2026-02-04 20:32:39,CNB,Clear,0.33,7.23,0.7,14.7,40.3
2026-05-18 15:05:23,CNB,Clear,0.43,6.29,0.9,29.4,82.8
2026-02-02 18:00:11,CNB,Clear,0.17,7.77,0.5,37.7,32.8
2026-03-13 00:16:00,CNB,Clear,0.3,7.31,0.8,21.5,73.8
2026-01-06 11:01:23,CNB,Clear,0.41,6.85,0.2,31.4,56.2
2026-01-24 01:20:42,CNB,Clear,0.09,9.16,0.9,26.4,71.8
2026-06-13 04:18:32,CNB,Rain,0.18,6.5,4.2,18.0,45.9
2026-01-17 11:56:37,CNB,Fog,0.58,5.05,0.2,33.6,64.2
2026-05-06 13:48:13,CNB,Clear,0.23,7.44,1.2,30.3,59.1
2026-05-05 00:43:34,CNB,Clear,0.39,7.14,0.0,22.7,87.3
2026-03-30 20:29:00,CNB,Fog,0.65,5.14,0.1,17.1,65.0
2026-04-26 01:32:13,CNB,Clear,0.3,7.66,0.8,10.8,34.4
2026-03-11 12:33:41,CNB,Clear,0.35,7.33,0.7,27.7,100.0
2026-06-28 14:55:53,CNB,Clear,0.08,9.46,0.0,11.2,72.0
2026-04-22 04:10:21,CNB,Fog,0.44,6.3,0.8,22.9,50.1
2026-01-01 23:22:28,CNB,Rain,0.15,7.61,2.0,32.6,100.0
2026-01-07 14:58:34,CNB,Clear,0.36,7.43,1.3,38.3,74.5
2026-03-21 16:48:32,CNB,Rain,0.2,7.67,14.7,26.6,47.5
2026-04-30 07:39:06,CNB,Cloudy,0.31,7.77,1.5,37.3,67.1
2026-03-10 09:06:16,CNB,Cloudy,0.42,6.84,0.5,21.1,75.8
2026-03-15 00:56:56,CNB,Clear,0.12,8.13,1.5,28.9,86.7
2026-01-10 12:33:59,CNB,Clear,0.34,6.67,0.6,18.2,48.5
2026-01-18 03:48:25,CNB,Cloudy,0.14,8.88,0.8,23.3,68.0
2026-04-12 22:41:01,CNB,Fog,0.8,3.31,1.5,7.8,81.7
2026-01-02 23:05:31,CNB,Rain,0.6,3.78,9.1,21.0,41.9
2026-01-01 02:06:40,CNB,Rain,0.34,5.94,5.2,17.2,29.8
2026-03-29 04:25:02,CNB,Rain,0.43,5.6,10.1,25.5,94.7
2026-01-12 21:42:14,CNB,Clear,0.49,6.26,0.7,25.0,92.3
2026-03-01 02:20:06,CNB,Clear,0.17,8.38,1.4,34.1,71.0
2026-02-07 10:51:13,CNB,Cloudy,0.13,8.61,0.6,10.2,98.3
2026-03-06 07:47:50,CNB,Fog,0.54,5.62,0.1,29.6,86.4
2026-02-10 23:00:07,CNB,Clear,0.03,9.98,0.0,17.9,47.2
2026-03-27 20:02:18,CNB,Fog,0.65,5.04,1.2,38.9,69.7
2026-03-08 07:05:43,CNB,Cloudy,0.53,5.49,0.8,21.2,20.0
2026-02-23 20:09:03,CNB,Clear,0.09,8.47,1.1,25.3,58.3
2026-01-19 05:01:15,CNB,Clear,0.32,7.84,1.0,35.8,74.0
2026-06-10 02:46:56,CNB,Clear,0.47,6.19,1.0,27.2,96.7
2026-01-12 16:20:19,CNB,Clear,0.28,7.62,0.1,29.4,82.4
2026-01-19 01:04:13,CNB,Fog,0.56,5.61,0.5,32.2,97.8
2026-01-04 20:43:24,CNB,Clear,0.3,7.7,0.5,37.1,40.6
2026-01-26 16:16:33,CNB,Cloudy,0.31,7.62,0.4,20.7,55.9
2026-01-09 21:21:53,CNB,Clear,0.65,4.99,1.0,21.8,80.8
2026-01-23 14:54:52,CNB,Clear,0.14,8.71,1.4,13.5,62.3
2026-01-23 04:59:47,CNB,Clear,0.33,7.32,0.4,26.7,100.0
2026-02-16 01:32:42,CNB,Fog,0.64,4.45,0.4,20.7,89.8
2026-05-10 13:57:53,CNB,Clear,0.09,8.88,1.3,20.4,43.5
2026-04-29 05:08:24,CNB,Clear,0.33,7.48,0.1,15.2,88.9
2026-05-17 20:34:27,CNB,Clear,0.35,6.74,0.4,30.6,59.3
2026-01-24 23:53:07,CNB,Clear,0.32,7.61,1.4,15.9,43.6
2026-02-28 19:13:52,CNB,Fog,0.62,4.33,1.0,26.0,39.6
2026-04-09 14:49:50,CNB,Cloudy,0.15,8.41,1.5,19.5,98.7
2026-01-23 03:02:20,CNB,Cloudy,0.22,8.18,0.8,23.8,69.4
2026-01-07 22:43:44,CNB,Cloudy,0.17,8.91,0.0,26.1,97.8
2026-01-17 05:50:43,CNB,Clear,0.32,7.79,0.4,31.0,62.7
2026-06-01 02:33:08,CNB,Clear,0.42,6.19,1.1,35.1,71.0
2026-06-08 00:15:19,CNB,Cloudy,0.37,6.21,0.5,43.0,78.6
2026-06-07 05:09:19,CNB,Clear,0.44,6.48,0.4,32.2,86.8
2026-01-17 06:28:21,CNB,Rain,0.33,5.86,8.3,29.2,44.4
2026-03-02 14:50:12,CNB,Clear,0.19,8.2,0.9,32.3,61.6
2026-04-09 02:54:45,CNB,Clear,0.12,9.1,0.5,22.4,56.5
2026-05-31 07:08:24,CNB,Cloudy,0.7,4.18,1.0,14.5,81.3
2026-04-01 11:36:37,CNB,Clear,0.61,5.2,1.0,29.6,86.2
2026-05-26 01:24:21,CNB,Fog,0.58,5.51,0.1,23.5,66.1
2026-01-18 00:41:23,CNB,Clear,0.15,9.44,0.8,29.2,66.3
2026-03-05 11:56:15,CNB,Clear,0.63,4.03,0.0,27.2,39.3
2026-02-27 13:30:03,CNB,Fog,0.58,5.38,0.7,8.7,72.3
2026-05-12 05:20:07,CNB,Fog,0.64,5.05,1.4,24.4,80.3
2026-05-07 22:16:02,CNB,Fog,0.38,6.84,0.4,27.6,38.1
2026-04-13 03:21:01,CNB,Clear,0.68,4.79,1.0,30.7,67.9
2026-02-19 18:07:17,CNB,Cloudy,0.17,8.21,1.3,5.8,64.8
2026-01-04 13:27:56,CNB,Cloudy,0.39,6.56,1.4,19.4,67.3
2026-03-25 20:52:51,CNB,Cloudy,0.19,8.58,1.4,23.6,60.6
2026-01-18 03:01:45,CNB,Clear,0.09,9.51,0.2,33.7,63.0
2026-05-08 21:59:55,CNB,Clear,0.17,8.6,1.0,22.1,56.7
2026-05-25 10:59:13,CNB,Clear,0.09,9.99,0.7,24.6,82.1
2026-04-10 06:54:39,CNB,Cloudy,0.31,7.97,0.9,21.0,61.9
2026-02-18 17:45:37,CNB,Cloudy,0.51,5.9,0.6,19.6,91.8
2026-01-25 02:07:51,CNB,Cloudy,0.25,8.06,0.1,22.7,59.4
2026-01-28 01:13:42,CNB,Clear,0.24,7.96,0.7,11.7,66.9
2026-03-12 14:03:32,CNB,Fog,0.54,5.88,0.4,20.6,77.5
2026-05-29 05:01:45,CNB,Clear,0.48,4.9,1.2,26.1,74.8
2026-05-02 18:46:51,CNB,Cloudy,0.54,6.07,0.9,17.6,31.8
2026-05-03 14:47:16,CNB,Clear,0.41,5.77,0.3,20.2,64.3
2026-05-18 02:33:44,CNB,Cloudy,0.44,6.07,0.3,26.4,81.3
2026-06-05 00:01:57,CNB,Clear,0.32,7.24,0.8,22.4,20.9
2026-03-25 17:47:15,CNB,Clear,0.23,7.79,0.1,30.8,64.6
2026-05-02 06:31:40,CNB,Clear,0.25,8.84,0.0,9.7,37.9
2026-04-02 02:56:40,CNB,Cloudy,0.43,6.76,0.2,20.9,87.4
2026-04-25 11:36:10,CNB,Clear,0.65,4.65,1.1,17.2,74.2
2026-01-25 14:36:14,CNB,Clear,0.4,7.14,1.4,20.7,72.3
2026-04-26 21:17:09,CNB,Clear,0.1,9.89,0.3,36.2,91.8
2026-03-27 01:05:14,CNB,Clear,0.2,8.86,0.1,5.5,81.0
2026-01-05 22:36:31,CNB,Clear,0.1,8.74,1.1,21.4,69.8
2026-04-04 18:04:36,CNB,Clear,0.06,9.33,1.5,19.0,73.9
2026-02-17 05:50:22,CNB,Clear,0.11,9.25,0.9,15.8,50.1
2026-03-02 16:51:09,CNB,Clear,0.26,7.76,0.6,24.5,68.7
2026-06-09 02:25:42,CNB,Fog,0.43,5.84,0.2,28.9,74.4
2026-02-26 13:23:32,CNB,Clear,0.22,8.36,1.0,25.4,51.9
2026-05-28 02:34:22,CNB,Rain,0.09,7.67,4.4,29.2,68.8
2026-04-02 23:51:52,CNB,Fog,0.64,4.9,0.4,21.9,69.1
2026-01-08 05:17:18,CNB,Clear,0.22,8.13,1.0,19.3,47.8
2026-03-16 13:59:36,CNB,Fog,0.75,3.82,1.2,20.7,80.4
2026-02-05 02:09:26,CNB,Clear,0.3,8.42,0.2,15.8,72.1
2026-03-06 09:19:49,CNB,Rain,0.09,7.8,4.0,35.0,63.0
2026-02-01 10:27:24,CNB,Clear,0.19,8.16,1.3,29.9,60.8
2026-03-21 06:55:33,CNB,Fog,0.65,4.99,1.2,36.9,65.0
2026-01-02 00:38:52,CNB,Clear,0.24,8.11,0.8,18.9,98.1
2026-04-30 08:46:24,CNB,Clear,0.38,6.85,0.7,7.2,57.9
2026-04-30 20:47:28,CNB,Rain,0.17,7.12,8.0,38.7,62.7
2026-02-25 12:29:23,CNB,Clear,0.26,8.16,0.1,23.9,68.8
2026-03-21 01:42:28,CNB,Fog,0.87,2.79,0.2,22.5,65.7
2026-05-24 02:47:43,CNB,Cloudy,0.27,7.36,0.0,29.9,69.6
2026-05-05 08:59:55,CNB,Clear,0.05,9.55,0.0,27.8,51.0
2026-04-04 05:37:15,CNB,Clear,0.24,7.97,1.5,31.0,57.6
2026-02-13 14:36:08,CNB,Clear,0.51,5.5,0.2,22.8,45.1
2026-03-08 09:21:43,CNB,Cloudy,0.21,8.14,0.7,15.8,75.6
2026-06-30 13:14:51,CNB,Clear,0.17,8.63,0.6,48.4,65.2
2026-06-09 12:59:55,CNB,Rain,0.16,7.85,14.2,23.3,88.6
2026-01-20 22:39:15,CNB,Clear,0.04,9.05,0.5,20.9,23.8
2026-04-16 14:32:05,CNB,Clear,0.45,6.41,1.0,31.2,74.6
2026-05-09 07:59:49,CNB,Rain,0.46,4.93,17.5,17.7,62.4
2026-04-09 18:13:27,CNB,Rain,0.09,8.06,9.2,9.3,61.6
2026-01-18 21:14:26,CNB,Fog,0.49,5.69,0.6,31.2,76.5
2026-04-06 15:35:23,CNB,Clear,0.56,5.18,0.2,22.8,67.6
2026-01-15 17:55:34,CNB,Clear,0.26,7.8,1.3,23.1,92.3
2026-04-08 12:59:04,CNB,Clear,0.17,8.98,0.4,18.5,55.6
2026-01-25 16:48:26,CNB,Fog,0.55,5.24,0.1,13.1,59.0
2026-02-01 15:34:13,CNB,Fog,0.65,4.86,1.3,8.3,33.6
2026-04-02 02:00:11,CNB,Rain,0.49,5.18,11.3,34.6,68.0
2026-06-23 16:08:05,CNB,Clear,0.14,8.71,0.0,31.1,70.1
2026-04-02 23:15:06,CNB,Clear,0.53,5.41,1.3,14.1,60.3
2026-05-13 12:05:07,CNB,Fog,0.62,4.67,0.0,31.8,56.7
2026-03-22 12:26:04,CNB,Cloudy,0.12,8.38,0.9,10.1,65.5
2026-03-24 17:17:08,CNB,Rain,0.41,6.17,7.3,22.9,71.1
2026-01-05 11:57:06,CNB,Clear,0.26,7.56,0.1,21.9,62.7
2026-05-21 17:03:00,CNB,Rain,0.07,8.43,9.2,26.7,43.0
2026-01-05 15:34:23,CNB,Clear,0.21,8.41,1.0,22.1,47.4
2026-05-24 14:25:57,CNB,Clear,0.38,6.41,0.7,24.8,46.1
2026-04-20 18:09:18,CNB,Cloudy,0.43,5.77,0.7,38.4,80.1
2026-03-22 15:21:58,CNB,Clear,0.26,7.42,1.4,10.5,97.7
2026-06-13 14:44:21,CNB,Cloudy,0.48,5.77,0.2,19.1,65.7
2026-03-28 16:56:38,CNB,Clear,0.17,8.81,1.4,24.2,68.5
2026-05-19 20:29:30,CNB,Cloudy,0.03,9.96,0.0,26.9,59.0
2026-04-05 16:15:36,CNB,Clear,0.22,8.0,1.1,37.9,87.9
2026-06-14 19:23:03,CNB,Clear,0.4,6.78,0.5,21.6,62.0
2026-06-07 11:20:10,CNB,Clear,0.04,9.79,0.0,19.8,51.0
2026-05-03 09:26:18,CNB,Cloudy,0.61,4.93,0.2,16.2,95.3
2026-05-14 08:06:03,CNB,Fog,0.36,7.06,0.5,30.5,100.0
2026-01-22 04:51:27,CNB,Clear,0.48,6.46,1.2,16.1,74.2
2026-03-14 18:40:09,CNB,Clear,0.23,7.33,1.0,26.8,61.2
2026-01-25 11:03:51,CNB,Fog,0.7,3.59,0.9,18.6,86.3
2026-04-04 10:12:08,CNB,Rain,0.3,6.06,3.2,23.4,64.0
2026-06-29 21:18:57,CNB,Cloudy,0.48,6.25,0.4,25.2,41.7
2026-06-02 19:35:47,CNB,Clear,0.1,9.72,0.7,27.6,66.8
2026-01-07 20:22:24,CNB,Clear,0.07,9.14,1.1,32.0,77.3
2026-06-04 00:25:45,CNB,Cloudy,0.07,9.41,1.1,32.6,59.8
2026-06-01 10:47:05,CNB,Cloudy,0.11,9.33,0.6,15.7,62.8
2026-04-29 20:41:26,CNB,Clear,0.28,8.85,0.1,26.0,72.2
2026-04-11 16:35:29,CNB,Rain,0.37,5.97,11.6,33.3,67.4
2026-04-19 16:46:34,CNB,Cloudy,0.33,7.47,0.8,16.3,20.0
2026-04-13 17:15:10,CNB,Clear,0.14,9.25,0.3,15.7,45.7
2026-03-01 17:36:51,CNB,Clear,0.33,7.21,1.3,9.7,53.1
2026-06-29 15:46:48,CNB,Clear,0.46,6.23,1.0,19.3,72.0
2026-04-15 12:28:29,CNB,Cloudy,0.29,7.05,0.7,26.9,37.4
2026-02-02 20:38:04,CNB,Fog,0.42,6.6,0.4,20.6,78.2
2026-06-23 09:32:21,CNB,Fog,0.68,3.79,1.3,25.4,37.8
2026-01-15 18:51:47,CNB,Fog,0.66,5.03,0.5,22.5,60.2
2026-01-27 10:37:01,CNB,Fog,0.49,5.41,1.2,16.0,77.5
2026-03-21 05:13:06,CNB,Rain,0.15,7.83,6.8,18.0,67.6
2026-04-20 04:35:22,CNB,Cloudy,0.16,8.4,0.8,26.2,94.0
2026-02-19 13:02:02,CNB,Clear,0.12,9.05,0.0,38.5,48.3
2026-03-28 20:10:15,CNB,Clear,0.19,7.81,0.8,24.9,94.0
2026-02-16 18:59:23,CNB,Clear,0.2,8.67,0.5,25.5,70.0
2026-05-29 14:17:01,CNB,Clear,0.17,8.43,1.2,31.9,86.2
2026-01-07 02:54:59,CNB,Cloudy,0.17,8.19,1.3,23.0,86.4
2026-01-27 05:10:30,CNB,Clear,0.4,5.85,1.1,31.2,62.4
2026-03-25 20:08:13,CNB,Clear,0.26,8.19,0.8,20.2,63.3
2026-04-02 15:17:49,CNB,Clear,0.04,9.83,0.5,24.1,35.2
2026-03-21 16:23:05,CNB,Rain,0.52,4.36,5.6,25.3,67.9
2026-05-08 08:58:04,CNB,Clear,0.22,7.94,1.4,33.1,48.4
2026-01-03 11:31:57,CNB,Clear,0.63,3.36,0.8,21.0,80.1
2026-05-05 07:30:39,CNB,Fog,0.59,5.22,0.1,31.0,86.7
2026-05-23 15:12:02,CNB,Fog,0.83,2.77,1.3,17.7,82.7
2026-01-17 03:33:29,CNB,Fog,0.93,2.4,0.1,31.2,69.0
2026-01-18 18:52:15,CNB,Cloudy,0.22,7.65,0.4,18.7,69.7
2026-03-21 09:58:42,CNB,Clear,0.24,7.34,0.3,34.1,89.3
2026-02-01 15:17:31,CNB,Clear,0.07,9.32,1.2,21.7,70.8
2026-01-19 19:34:09,CNB,Clear,0.51,5.19,0.9,32.7,75.5
2026-01-29 09:06:25,CNB,Cloudy,0.15,8.36,0.8,28.0,57.4
2026-02-18 02:25:12,CNB,Clear,0.09,10.23,0.3,35.8,50.1
2026-04-30 15:32:12,CNB,Fog,0.36,6.84,0.8,21.1,75.5
2026-01-17 14:55:01,CNB,Cloudy,0.15,8.97,0.9,29.8,67.1
2026-03-09 23:17:17,CNB,Fog,0.62,5.24,0.5,37.6,80.7
2026-03-18 11:41:12,CNB,Clear,0.11,9.21,0.8,32.5,45.7
2026-06-15 16:57:12,CNB,Cloudy,0.51,6.06,0.6,38.4,48.0
2026-01-31 01:36:37,CNB,Cloudy,0.19,9.07,0.7,33.3,66.4
2026-04-21 04:42:55,CNB,Cloudy,0.23,7.88,0.5,17.8,94.8
2026-05-28 11:08:27,CNB,Rain,0.55,4.73,4.6,23.9,93.6
2026-01-19 06:10:25,CNB,Clear,0.27,8.2,0.4,20.8,62.8
2026-03-17 14:39:59,CNB,Clear,0.14,8.24,1.4,20.6,44.2
2026-02-19 01:24:54,CNB,Clear,0.08,9.23,1.2,26.7,67.3
2026-01-08 08:39:01,CNB,Clear,0.76,3.36,0.9,16.0,47.5
2026-02-09 22:10:47,CNB,Cloudy,0.45,5.68,0.0,24.1,88.2
2026-04-24 08:58:29,CNB,Clear,0.28,6.77,0.5,18.3,73.1
2026-05-16 15:14:13,CNB,Rain,0.12,7.89,15.4,14.0,99.1
2026-01-03 05:37:17,CNB,Clear,0.22,8.61,1.0,13.3,86.6
2026-02-27 09:43:44,CNB,Cloudy,0.15,8.31,0.2,4.1,77.9
2026-05-29 00:43:29,CNB,Clear,0.2,8.23,1.2,17.1,71.5
2026-05-13 07:30:45,CNB,Clear,0.22,8.14,0.2,15.3,71.6
2026-04-30 08:00:33,CNB,Clear,0.21,8.2,0.9,34.8,36.9
2026-05-20 04:14:19,CNB,Clear,0.21,8.49,0.5,32.9,79.4
2026-01-09 17:05:56,CNB,Rain,0.17,7.59,8.5,16.2,100.0
2026-04-13 20:12:04,CNB,Fog,1.0,0.91,0.8,34.4,62.7
2026-03-08 16:57:09,CNB,Clear,0.25,8.21,0.0,34.6,55.5
2026-04-02 10:24:46,CNB,Fog,0.44,5.38,1.4,30.4,78.2
2026-03-20 17:24:59,CNB,Cloudy,0.03,9.56,0.7,14.3,34.2
2026-05-17 00:54:33,CNB,Cloudy,0.15,8.56,1.3,21.8,62.7
2026-02-23 20:05:26,CNB,Cloudy,0.25,8.15,1.0,13.4,55.7
2026-06-21 05:18:33,CNB,Cloudy,0.14,8.84,0.7,29.6,41.7
2026-05-07 10:44:56,CNB,Clear,0.4,6.43,0.2,25.1,62.6
2026-04-27 08:27:33,CNB,Cloudy,0.06,9.31,0.9,18.2,54.9
2026-05-22 06:38:00,CNB,Rain,0.4,5.15,4.9,16.1,73.8
2026-06-01 13:48:35,CNB,Cloudy,0.24,7.78,1.5,28.4,61.8
2026-01-08 07:44:23,CNB,Rain,0.31,6.87,11.4,13.4,81.9
2026-01-06 15:32:24,CNB,Fog,0.78,3.49,0.6,31.9,52.6
2026-02-14 17:18:48,CNB,Clear,0.39,6.91,0.4,21.2,71.2
2026-02-14 13:11:34,CNB,Clear,0.15,9.12,1.4,29.3,76.7
2026-06-10 21:13:53,CNB,Fog,0.48,6.0,1.0,25.1,76.0
2026-04-02 23:09:34,CNB,Cloudy,0.35,6.71,0.9,26.1,59.7
2026-05-27 08:15:32,CNB,Cloudy,0.56,5.63,1.0,19.0,86.2
2026-04-20 19:40:50,CNB,Clear,0.52,5.48,1.3,11.5,73.6
2026-05-15 01:02:43,CNB,Rain,0.16,7.37,3.3,14.5,63.2
2026-05-04 23:52:20,CNB,Clear,0.5,5.46,0.5,17.5,67.3
2026-02-18 09:22:08,CNB,Clear,0.22,8.49,0.2,7.4,100.0
2026-02-13 04:13:00,CNB,Clear,0.34,6.71,0.7,27.0,51.9
2026-06-07 11:59:22,CNB,Rain,0.3,6.49,21.1,7.7,80.7
2026-02-15 23:18:36,CNB,Cloudy,0.19,8.08,0.0,23.6,27.2
2026-01-24 03:18:26,CNB,Rain,0.23,6.66,14.2,27.1,40.6
2026-04-30 11:23:20,CNB,Clear,0.11,8.4,0.9,33.6,86.1
2026-05-30 11:00:23,CNB,Clear,0.07,8.69,0.3,15.4,50.7
2026-03-16 18:02:01,CNB,Clear,0.18,9.18,0.9,23.7,80.1
2026-01-10 13:42:28,CNB,Clear,0.19,8.62,1.2,23.5,41.8
2026-06-12 05:18:22,CNB,Clear,0.13,8.47,0.7,34.2,83.2
2026-04-11 22:31:18,CNB,Rain,0.27,6.33,8.1,22.2,99.4
2026-01-18 14:12:18,CNB,Fog,0.59,5.06,0.1,35.2,83.2
2026-03-20 12:42:51,CNB,Rain,0.17,6.66,15.9,15.0,71.0
2026-02-02 04:09:59,CNB,Clear,0.37,6.54,0.8,19.8,60.2
2026-05-29 19:46:29,CNB,Clear,0.19,7.77,0.2,30.9,66.0
2026-02-22 00:52:32,CNB,Clear,0.37,6.98,1.1,39.3,74.6
2026-01-11 22:28:51,CNB,Rain,0.06,7.98,10.8,29.8,75.8
2026-01-09 02:13:53,CNB,Clear,0.27,7.85,1.5,27.3,76.9
2026-05-14 01:23:56,CNB,Rain,0.1,7.97,8.5,29.4,74.7
2026-05-30 01:45:23,CNB,Fog,0.63,4.95,1.2,23.3,43.1
2026-04-21 02:24:15,CNB,Cloudy,0.22,8.58,0.2,18.7,80.5
2026-01-31 12:56:25,CNB,Clear,0.12,9.25,1.0,23.3,89.6
2026-03-18 14:32:12,CNB,Cloudy,0.22,7.89,0.9,23.0,59.6
2026-06-29 20:01:58,CNB,Cloudy,0.48,6.51,0.1,19.1,96.9
2026-04-13 13:01:52,CNB,Clear,0.39,6.58,1.4,22.8,61.4
2026-01-02 16:10:56,CNB,Clear,0.33,7.15,0.1,36.9,81.9
2026-05-02 10:16:55,CNB,Clear,0.06,9.66,0.1,8.0,78.2
2026-01-16 17:42:10,CNB,Clear,0.28,7.41,1.1,30.4,76.4
2026-05-22 13:13:16,CNB,Rain,0.19,7.49,9.5,23.9,23.8
2026-02-19 21:35:35,CNB,Cloudy,0.46,5.77,0.0,43.0,61.5
2026-02-10 04:44:14,CNB,Cloudy,0.29,7.81,0.6,24.7,51.7
2026-02-28 10:38:32,CNB,Clear,0.22,8.08,0.9,13.6,73.8
2026-02-18 03:20:30,CNB,Clear,0.18,9.35,1.2,25.0,74.9
2026-02-23 05:27:41,CNB,Clear,0.09,8.95,0.7,18.0,52.4
2026-04-26 13:38:47,CNB,Rain,0.28,6.71,6.4,22.1,94.4
2026-04-17 16:11:38,CNB,Clear,0.16,9.19,1.3,17.8,66.4
2026-01-19 23:06:55,CNB,Clear,0.41,6.72,0.5,27.8,59.5
2026-01-28 21:24:55,CNB,Clear,0.33,6.85,0.4,20.3,81.0
2026-05-28 20:46:42,CNB,Clear,0.09,9.68,0.4,18.1,66.0
2026-04-23 13:59:51,CNB,Clear,0.32,6.94,1.2,29.2,75.5
2026-04-08 03:29:17,CNB,Rain,0.46,5.79,10.5,6.1,87.3
2026-05-09 05:16:34,CNB,Cloudy,0.29,7.51,0.7,30.1,74.8
2026-05-27 10:45:57,CNB,Cloudy,0.39,5.92,1.0,18.9,52.7
2026-01-30 02:03:57,CNB,Clear,0.07,10.43,1.3,17.9,84.3
2026-06-20 13:38:37,CNB,Cloudy,0.11,9.56,0.9,22.6,77.1
2026-04-10 20:38:21,CNB,Clear,0.08,8.19,0.6,16.3,66.5
2026-03-11 12:52:56,CNB,Cloudy,0.13,8.73,1.2,35.7,70.7
2026-05-26 01:57:53,CNB,Cloudy,0.24,7.92,0.6,32.5,72.5
2026-04-17 12:23:18,CNB,Cloudy,0.5,5.06,0.2,22.8,53.5
2026-01-29 15:53:39,CNB,Clear,0.26,7.93,0.5,15.5,72.1
2026-03-29 16:19:24,CNB,Clear,0.27,7.69,1.5,23.2,91.2
2026-01-21 07:40:18,CNB,Rain,0.52,4.08,4.3,30.0,57.7
2026-04-03 05:31:40,CNB,Clear,0.74,3.79,1.5,16.8,84.4
2026-04-15 17:37:45,CNB,Clear,0.1,8.84,1.2,21.6,39.2
2026-03-30 00:02:03,CNB,Fog,0.57,5.33,1.3,28.7,74.6
2026-03-29 00:11:02,CNB,Clear,0.41,6.21,0.3,18.8,48.4
2026-03-04 13:40:36,CNB,Clear,0.26,7.24,1.1,25.2,95.7
2026-06-20 12:53:17,CNB,Clear,0.2,8.74,1.2,27.4,53.8
2026-04-06 00:08:08,CNB,Fog,0.68,5.25,0.0,28.0,76.0
2026-01-24 19:05:47,CNB,Clear,0.46,6.12,1.5,22.7,20.0
2026-03-25 16:41:19,CNB,Clear,0.44,6.22,1.4,11.8,66.9
2026-06-12 10:14:02,CNB,Rain,0.08,8.1,12.7,37.1,55.1
2026-04-17 16:58:25,CNB,Fog,0.56,5.9,0.0,28.7,70.8
2026-02-05 14:51:54,CNB,Clear,0.4,7.33,0.3,23.7,76.0
2026-01-09 09:36:25,CNB,Clear,0.23,8.57,0.3,19.3,66.3
2026-01-27 16:43:01,CNB,Clear,0.42,6.53,1.2,38.0,100.0
2026-04-04 12:58:16,CNB,Fog,0.66,4.98,0.7,20.3,83.0
2026-04-04 03:42:09,CNB,Fog,0.76,3.12,0.4,5.6,91.3
2026-04-24 00:23:06,CNB,Cloudy,0.26,7.75,1.2,24.3,47.3
2026-02-26 02:30:39,CNB,Fog,0.38,7.34,1.5,38.1,94.7
2026-03-21 06:07:48,CNB,Clear,0.3,7.12,0.2,23.1,66.8
2026-06-23 10:06:30,CNB,Clear,0.34,6.73,0.8,18.7,81.5
2026-04-25 20:49:21,CNB,Clear,0.15,8.17,1.4,15.1,99.5
2026-02-20 03:16:12,CNB,Clear,0.19,8.23,1.4,26.9,45.7
2026-01-25 10:57:02,CNB,Clear,0.17,9.0,0.4,21.1,60.2
2026-05-09 09:51:49,CNB,Fog,0.44,6.1,0.7,31.8,75.0
2026-01-31 10:41:06,CNB,Clear,0.2,7.8,0.9,13.4,57.9
2026-06-11 09:50:15,CNB,Cloudy,0.43,6.53,0.1,14.3,67.2
2026-02-13 03:12:07,CNB,Clear,0.37,7.08,0.4,39.8,87.6
2026-02-18 19:12:23,CNB,Rain,0.23,6.68,9.7,26.2,76.7
2026-05-23 16:02:19,CNB,Clear,0.2,8.64,0.3,9.6,84.8
2026-05-08 18:19:48,CNB,Clear,0.43,5.75,0.6,30.3,77.2
2026-05-11 19:38:11,CNB,Rain,0.49,4.77,2.1,2.9,45.0
2026-05-08 08:56:39,CNB,Clear,0.05,10.47,1.4,18.2,54.1
2026-01-16 09:28:29,CNB,Clear,0.15,8.55,0.3,29.3,77.8
2026-01-06 06:19:40,CNB,Clear,0.37,5.51,0.4,28.0,100.0
2026-06-29 14:38:51,CNB,Rain,0.25,6.44,25.0,33.4,88.3
2026-06-28 23:32:55,CNB,Clear,0.36,6.92,0.8,26.5,92.6
2026-04-30 08:06:58,CNB,Cloudy,0.64,5.8,0.4,24.1,57.8
2026-04-27 22:53:36,CNB,Cloudy,0.16,8.59,0.7,17.4,61.2
2026-04-03 17:06:39,CNB,Clear,0.15,9.17,0.5,35.2,49.6
2026-05-17 23:18:21,CNB,Cloudy,0.27,7.97,1.2,20.2,99.9
2026-01-17 08:24:21,CNB,Clear,0.18,8.0,0.1,27.5,58.8
2026-05-07 00:18:39,CNB,Clear,0.13,9.08,0.7,14.8,79.3
2026-01-17 00:56:23,CNB,Clear,0.48,6.01,1.0,31.3,94.7
2026-01-28 13:34:49,CNB,Clear,0.58,5.68,0.2,18.0,84.2
2026-06-03 12:45:39,CNB,Fog,0.71,4.01,1.3,29.5,34.5
2026-06-30 23:41:16,CNB,Fog,0.64,4.53,1.3,15.7,87.6
2026-05-24 09:43:41,CNB,Fog,0.65,5.01,1.2,22.6,50.4
2026-06-03 00:07:47,CNB,Clear,0.13,8.85,0.3,32.1,95.2
2026-02-12 16:50:48,CNB,Clear,0.48,5.83,0.9,16.3,80.4
2026-01-20 12:12:27,CNB,Rain,0.3,6.15,4.0,22.9,68.6
2026-04-23 17:41:07,CNB,Fog,1.0,2.73,1.0,32.4,92.6
2026-03-01 14:18:16,CNB,Clear,0.26,7.61,1.0,4.3,65.5
2026-02-27 05:37:15,CNB,Rain,0.34,5.84,12.7,34.9,20.0
2026-01-19 14:06:45,CNB,Fog,0.86,3.04,0.7,24.5,87.7
2026-06-28 19:03:56,CNB,Clear,0.31,7.37,1.0,26.4,66.2
2026-05-01 08:17:35,CNB,Fog,0.56,5.05,0.6,15.6,72.9
2026-01-15 06:06:28,CNB,Fog,0.58,4.88,1.2,10.0,63.8
2026-03-12 18:37:21,CNB,Clear,0.18,9.33,0.2,23.6,74.2
2026-01-03 16:29:01,CNB,Clear,0.26,7.22,1.1,20.5,80.3
2026-04-22 20:59:52,CNB,Cloudy,0.3,7.64,1.4,41.0,66.3
2026-01-11 15:00:02,CNB,Rain,0.19,7.09,9.6,29.9,45.7
2026-05-24 03:05:23,CNB,Clear,0.06,9.02,0.1,31.7,40.2
2026-03-22 00:20:03,CNB,Fog,0.74,3.9,0.8,30.3,26.3
2026-01-05 11:36:19,CNB,Clear,0.55,6.08,1.4,37.2,41.2
2026-03-09 00:35:31,CNB,Fog,0.69,4.49,0.5,27.0,69.0
2026-03-23 02:51:10,CNB,Clear,0.4,6.32,1.4,19.0,71.9
2026-06-27 01:42:17,CNB,Rain,0.08,8.15,6.8,31.8,37.9
2026-04-22 05:43:44,CNB,Clear,0.04,9.51,0.2,16.7,65.4
2026-05-12 17:03:55,CNB,Fog,0.59,4.97,0.8,27.7,29.5
2026-01-02 17:48:09,CNB,Rain,0.33,6.83,10.7,21.6,96.9
2026-02-09 14:26:42,CNB,Fog,0.88,2.82,0.9,20.0,83.2
2026-06-17 19:55:26,CNB,Clear,0.48,6.63,0.2,31.5,36.1
2026-01-10 23:37:58,CNB,Clear,0.17,8.54,0.8,11.5,67.6
2026-05-20 04:07:32,CNB,Clear,0.31,6.65,0.4,21.8,59.0
2026-06-10 02:32:55,CNB,Cloudy,0.38,6.66,0.3,23.7,66.3
2026-03-18 23:22:01,CNB,Cloudy,0.15,8.63,0.7,19.7,85.7
2026-02-16 16:47:09,CNB,Clear,0.27,6.94,1.0,31.1,78.6
2026-05-20 19:34:42,CNB,Clear,0.31,7.11,0.3,19.2,63.3
2026-05-24 04:48:33,CNB,Clear,0.43,7.26,0.8,20.3,53.0
2026-01-04 01:09:29,CNB,Clear,0.09,10.08,0.2,37.9,84.4
2026-05-01 07:32:54,CNB,Clear,0.36,7.28,0.1,24.5,72.6
2026-05-23 17:06:00,CNB,Rain,0.55,3.79,6.4,31.2,76.0
2026-04-07 21:15:49,CNB,Clear,0.39,7.06,0.0,22.4,41.4
2026-06-11 23:19:28,CNB,Fog,0.7,4.42,1.4,28.2,83.6
2026-03-29 03:13:42,CNB,Clear,0.14,9.06,0.9,7.3,48.3
2026-02-11 06:59:31,CNB,Clear,0.04,9.61,0.2,18.1,90.9
2026-03-08 17:15:51,CNB,Cloudy,0.28,8.13,0.7,25.6,64.9
2026-05-09 11:39:57,CNB,Clear,0.43,5.53,1.3,19.2,62.1
2026-05-08 13:08:12,CNB,Cloudy,0.23,7.58,0.3,36.2,72.9
2026-05-15 23:40:44,CNB,Cloudy,0.08,9.16,0.0,17.2,46.1
2026-06-06 22:13:50,CNB,Clear,0.36,6.39,0.7,34.1,64.1
2026-01-06 20:50:18,CNB,Cloudy,0.27,8.01,0.5,10.6,26.5
2026-01-16 05:55:54,CNB,Fog,0.56,5.55,0.7,27.5,49.9
2026-02-07 00:00:41,CNB,Rain,0.38,5.3,16.5,25.3,42.8
2026-04-27 15:36:41,CNB,Clear,0.25,8.34,0.6,12.5,67.9
2026-04-08 08:18:39,CNB,Clear,0.13,8.74,0.2,47.4,56.6
2026-01-30 01:22:24,CNB,Cloudy,0.21,8.63,0.3,15.5,78.1
2026-01-07 01:40:25,CNB,Clear,0.29,8.38,1.5,20.8,80.8
2026-01-27 00:26:08,CNB,Clear,0.46,6.7,1.1,15.4,89.9
2026-01-24 02:42:14,CNB,Clear,0.43,5.48,0.5,15.7,49.1
2026-01-20 08:35:42,CNB,Clear,0.39,6.63,0.1,16.2,61.8
2026-01-22 08:38:55,CNB,Clear,0.09,9.45,0.8,34.5,39.7
2026-04-13 01:00:28,CNB,Fog,0.49,5.7,0.7,28.3,65.9
2026-05-13 21:42:08,CNB,Cloudy,0.3,7.29,1.0,37.9,37.1
2026-04-09 16:58:53,CNB,Clear,0.39,6.65,1.3,25.1,41.0
2026-02-27 05:27:46,CNB,Clear,0.29,7.47,0.6,18.5,72.2
2026-05-20 07:16:40,CNB,Clear,0.51,5.91,0.1,31.1,45.9
2026-01-24 13:51:09,CNB,Cloudy,0.25,8.13,0.4,33.4,77.5
2026-01-07 12:41:34,CNB,Cloudy,0.23,8.02,0.5,11.6,65.1
2026-05-16 03:24:11,CNB,Clear,0.15,8.79,0.3,21.6,69.6
2026-04-27 06:32:43,CNB,Clear,0.41,5.97,0.8,39.5,50.3
2026-02-28 23:31:20,CNB,Clear,0.28,7.64,0.5,26.9,61.9
2026-02-02 01:45:51,CNB,Cloudy,0.32,7.25,1.0,32.5,92.9
2026-05-16 00:39:08,CNB,Clear,0.49,4.89,0.4,27.2,60.1
2026-03-13 20:32:21,CNB,Clear,0.02,9.29,1.0,29.6,79.9
2026-01-12 09:19:59,CNB,Rain,0.3,6.15,10.2,22.5,83.2
2026-03-10 16:07:17,CNB,Clear,0.33,7.61,1.0,14.5,68.7
2026-06-18 19:56:33,CNB,Fog,0.65,4.28,0.3,23.7,84.5
2026-01-11 04:53:47,CNB,Clear,0.22,8.12,0.8,32.5,69.7
2026-01-17 20:09:58,CNB,Fog,0.78,2.98,0.6,25.4,96.7
2026-05-21 05:31:26,CNB,Clear,0.13,8.69,0.2,24.4,64.0
2026-01-17 22:57:15,CNB,Rain,0.42,4.77,9.3,24.2,33.9
2026-02-12 17:00:50,CNB,Clear,0.05,9.03,0.8,22.7,69.7
2026-03-22 13:52:16,CNB,Fog,0.4,7.04,0.8,16.8,46.4
2026-05-22 18:40:59,CNB,Clear,0.43,6.93,0.1,14.4,100.0
2026-04-13 05:14:38,CNB,Clear,0.35,6.55,1.2,14.9,79.3
2026-05-19 04:35:47,CNB,Cloudy,0.1,9.12,0.5,18.7,62.0
2026-03-11 02:10:56,CNB,Rain,0.27,6.26,2.6,39.6,100.0
2026-04-15 09:20:53,CNB,Clear,0.07,9.17,1.4,29.3,88.5
2026-03-16 04:48:13,CNB,Cloudy,0.54,5.0,0.9,33.5,82.4
2026-01-13 11:40:41,CNB,Rain,0.12,7.86,16.8,23.6,39.3
2026-04-27 14:27:10,CNB,Clear,0.05,9.68,0.7,27.8,88.2
2026-06-04 15:03:18,CNB,Cloudy,0.14,8.95,1.1,28.5,67.2
2026-01-14 18:38:56,CNB,Clear,0.24,7.52,0.6,29.4,46.4
2026-06-28 04:34:10,CNB,Clear,0.22,7.65,0.7,26.1,77.9
2026-05-10 17:33:04,CNB,Fog,0.56,5.72,1.2,31.6,67.6
2026-04-15 00:36:17,CNB,Fog,0.45,6.51,0.2,13.2,58.9
2026-01-04 14:10:25,CNB,Cloudy,0.29,7.09,0.1,36.0,44.0
2026-03-21 18:41:33,CNB,Clear,0.27,8.88,0.3,31.5,79.3
2026-06-12 13:44:21,CNB,Clear,0.31,7.4,0.1,24.6,71.1
2026-06-16 02:36:21,CNB,Clear,0.28,7.75,0.9,24.2,57.8
2026-01-14 18:00:32,CNB,Clear,0.39,7.3,0.2,20.1,42.1
2026-05-29 13:12:48,CNB,Clear,0.22,7.72,0.2,6.3,83.2
2026-06-04 13:05:14,CNB,Clear,0.44,5.83,1.0,26.6,62.6
2026-03-08 22:43:22,CNB,Fog,0.57,4.86,1.5,36.5,52.8
2026-02-08 03:36:28,CNB,Cloudy,0.09,8.62,0.9,34.6,52.6
2026-03-26 14:41:40,CNB,Clear,0.25,7.94,1.2,16.0,69.4
2026-06-26 15:34:21,CNB,Clear,0.29,7.64,1.1,22.9,85.4
2026-05-14 10:53:53,CNB,Cloudy,0.54,4.38,0.5,35.9,69.9
2026-01-17 19:02:01,CNB,Clear,0.28,7.79,1.4,27.5,78.6
2026-04-30 00:48:08,CNB,Clear,0.09,9.94,0.0,30.8,40.5
2026-01-25 15:02:41,CNB,Clear,0.21,8.52,1.2,25.5,63.6
2026-02-11 07:13:37,CNB,Clear,0.68,4.35,1.1,29.6,100.0
2026-01-08 12:37:59,CNB,Clear,0.28,7.59,1.5,23.1,96.5
2026-06-02 02:08:18,CNB,Clear,0.31,7.53,0.1,32.5,53.4
2026-04-07 15:21:59,CNB,Clear,0.28,7.84,0.9,39.0,52.9
2026-06-26 14:41:49,CNB,Clear,0.03,9.99,0.3,8.8,58.6
2026-03-20 22:13:13,CNB,Clear,0.16,8.45,0.2,18.0,84.0
2026-02-26 18:43:35,CNB,Clear,0.58,5.43,1.0,14.6,56.5
2026-05-02 04:31:08,CNB,Clear,0.52,5.86,0.0,15.1,100.0
2026-01-15 16:49:49,CNB,Cloudy,0.15,8.78,1.4,42.5,63.0
2026-04-09 16:26:38,CNB,Clear,0.12,8.7,0.9,37.0,71.1
2026-04-17 12:22:58,CNB,Clear,0.79,2.69,1.3,24.1,67.5
2026-06-21 09:30:14,CNB,Clear,0.28,7.32,0.9,22.8,67.1
2026-05-23 14:01:28,CNB,Rain,0.47,4.64,10.9,18.2,73.2
2026-03-11 11:43:10,CNB,Clear,0.17,9.32,0.7,17.3,65.5
2026-03-19 20:56:47,CNB,Clear,0.35,7.18,0.8,17.3,45.1
2026-04-26 15:51:52,CNB,Cloudy,0.29,7.0,0.7,22.2,53.2
2026-05-06 17:40:21,CNB,Clear,0.36,6.64,0.2,15.9,76.0
2026-03-29 21:38:20,CNB,Clear,0.39,6.71,1.3,23.8,66.8
2026-05-29 20:47:38,CNB,Clear,0.17,8.68,0.2,29.2,83.8
2026-02-26 11:02:44,CNB,Clear,0.08,9.16,0.4,31.9,33.2
2026-04-12 08:16:42,CNB,Clear,0.02,9.39,1.3,15.5,53.6
2026-03-16 01:11:54,CNB,Clear,0.27,7.45,0.4,29.1,92.5
2026-05-16 05:18:48,CNB,Rain,0.09,8.86,4.6,38.3,62.8
2026-05-26 06:45:17,CNB,Clear,0.2,8.11,0.3,17.6,46.4
2026-05-20 07:59:07,CNB,Clear,0.1,8.69,0.1,14.0,20.0
2026-06-07 20:18:40,CNB,Cloudy,0.09,9.56,0.9,19.3,68.2
2026-02-16 02:58:32,CNB,Cloudy,0.34,7.42,0.0,17.8,49.5
2026-04-01 10:38:10,CNB,Rain,0.2,7.45,6.8,20.3,58.5
2026-03-06 23:15:40,CNB,Rain,0.13,7.63,4.9,31.1,59.6
2026-06-14 12:31:16,CNB,Rain,0.16,6.64,14.7,22.7,56.3
2026-04-22 07:23:30,CNB,Rain,0.18,7.42,21.4,25.5,57.1
2026-05-26 22:15:18,CNB,Rain,0.27,6.33,4.0,11.6,87.8
2026-05-08 04:37:18,CNB,Clear,0.42,6.78,1.4,33.8,65.2
2026-03-31 05:29:31,CNB,Fog,0.76,4.03,0.4,32.8,71.5
2026-04-27 22:02:50,CNB,Cloudy,0.33,6.86,0.7,24.6,57.7
2026-05-07 01:50:09,CNB,Clear,0.68,4.53,0.1,19.7,53.8
2026-02-15 06:39:26,CNB,Rain,0.25,6.6,11.6,9.5,69.8
2026-02-22 09:53:39,CNB,Clear,0.47,5.48,0.7,35.0,87.7
2026-03-08 03:10:33,CNB,Clear,0.4,6.17,0.7,32.0,54.1
2026-06-01 20:58:48,CNB,Clear,0.23,8.01,0.1,17.5,88.8
2026-04-13 14:01:14,CNB,Clear,0.1,9.19,0.5,19.2,63.3
2026-05-23 13:29:19,CNB,Fog,0.8,3.96,1.3,31.4,49.6
2026-01-25 06:17:00,CNB,Clear,0.17,8.52,1.2,11.5,83.0
2026-05-19 05:35:10,CNB,Rain,0.59,3.84,12.3,28.2,78.8
2026-04-15 09:35:17,CNB,Rain,0.42,5.3,4.0,26.6,78.7
2026-06-14 16:27:26,CNB,Clear,0.36,7.38,1.0,16.3,100.0
2026-02-04 09:44:31,CNB,Fog,0.69,4.55,0.9,20.3,73.8
2026-06-07 17:20:40,CNB,Clear,0.12,8.67,1.0,16.5,32.7
2026-06-25 15:52:48,CNB,Clear,0.42,6.44,0.3,23.8,47.4
2026-05-20 10:40:19,CNB,Rain,0.6,3.58,9.2,19.1,78.6
2026-01-07 18:32:41,CNB,Cloudy,0.1,8.72,1.4,25.7,53.0
2026-04-13 14:27:08,CNB,Clear,0.28,7.53,1.2,33.6,80.0
2026-01-27 18:05:35,CNB,Clear,0.24,8.22,0.5,19.8,45.1
2026-03-15 05:42:37,CNB,Clear,0.09,9.07,1.0,25.8,98.7
2026-01-22 22:54:59,CNB,Clear,0.1,8.97,0.3,20.6,61.9
2026-05-25 19:03:15,CNB,Cloudy,0.39,5.89,1.1,19.0,56.8
2026-03-17 08:48:17,CNB,Clear,0.07,8.96,0.5,27.1,63.0
2026-03-03 16:20:31,CNB,Fog,0.62,5.46,1.0,18.7,84.5
2026-05-08 10:59:57,CNB,Rain,0.26,6.72,3.7,23.0,35.0
2026-05-08 19:41:06,CNB,Clear,0.33,6.97,1.3,19.0,51.0
2026-03-24 10:21:23,CNB,Clear,0.19,8.0,0.1,35.5,59.8
2026-03-26 04:37:48,CNB,Rain,0.45,5.58,9.5,34.8,84.2
2026-01-04 05:20:03,CNB,Rain,0.38,5.73,4.7,11.8,66.1
2026-02-14 14:13:44,CNB,Fog,0.49,6.13,0.4,22.5,33.8
2026-03-06 21:13:39,CNB,Clear,0.4,6.88,0.7,26.2,61.5
2026-05-02 03:49:43,CNB,Clear,0.37,6.83,0.0,10.4,45.8
2026-03-17 20:33:54,CNB,Cloudy,0.19,8.87,1.3,6.0,78.6
2026-06-20 14:55:15,CNB,Clear,0.2,8.13,1.4,21.3,68.3
2026-05-18 10:30:50,CNB,Rain,0.32,6.09,2.0,23.9,44.3
2026-01-12 18:04:16,CNB,Clear,0.18,8.1,0.4,22.0,86.8
2026-04-10 19:09:04,CNB,Clear,0.19,8.44,0.9,11.3,75.3
2026-05-13 08:56:22,CNB,Clear,0.11,9.43,0.7,32.7,92.0
2026-01-13 15:38:23,CNB,Cloudy,0.3,7.91,1.0,26.5,80.7
2026-02-25 01:56:00,CNB,Clear,0.35,6.5,1.5,26.1,56.6
2026-06-24 06:40:50,CNB,Clear,0.34,7.94,0.5,34.9,84.0
2026-04-23 15:25:52,CNB,Clear,0.12,9.46,0.2,32.7,59.7
2026-04-18 10:55:41,CNB,Clear,0.3,7.42,0.4,28.4,100.0
2026-03-08 16:30:01,CNB,Cloudy,0.09,9.08,0.2,7.9,54.4
2026-06-22 10:08:37,CNB,Fog,0.39,6.7,1.3,19.0,50.8
2026-01-22 12:10:15,CNB,Clear,0.13,8.69,0.7,26.7,31.6
2026-04-08 10:16:20,CNB,Cloudy,0.28,7.73,0.0,25.1,88.1
2026-06-22 08:42:08,CNB,Clear,0.19,9.1,1.2,15.8,60.9
2026-05-09 16:13:37,CNB,Rain,0.58,3.96,5.0,19.4,62.7
2026-06-07 03:35:12,CNB,Clear,0.4,6.36,0.4,15.9,67.9
2026-06-05 22:03:36,CNB,Clear,0.3,7.26,1.4,15.9,54.4
2026-01-18 15:20:38,CNB,Clear,0.69,3.92,1.4,34.2,83.5
2026-03-29 09:45:51,CNB,Fog,0.51,5.93,0.1,34.5,64.9
2026-02-22 11:46:04,CNB,Clear,0.14,9.26,0.8,24.3,56.0
2026-03-04 16:43:29,CNB,Cloudy,0.28,7.93,0.5,24.4,95.1
2026-01-20 17:35:40,CNB,Cloudy,0.53,4.81,0.7,10.8,52.1
2026-05-08 06:55:43,CNB,Clear,0.17,8.38,0.0,21.9,29.2
2026-04-14 20:29:22,CNB,Cloudy,0.17,8.96,0.5,18.8,70.1
2026-06-17 10:22:50,CNB,Clear,0.23,7.34,1.2,31.0,67.5
2026-04-12 16:28:29,CNB,Fog,0.51,6.04,0.1,25.6,64.0
2026-04-07 17:22:03,CNB,Clear,0.47,5.89,0.1,27.9,70.6
2026-02-18 12:41:56,CNB,Cloudy,0.29,7.5,0.7,21.3,30.3
2026-04-17 21:27:35,CNB,Clear,0.25,7.46,0.9,19.6,80.8
2026-03-26 20:20:16,CNB,Clear,0.19,8.34,0.3,21.8,92.1
2026-06-05 15:41:06,CNB,Clear,0.33,6.86,0.5,34.4,70.8
2026-02-14 21:57:33,CNB,Cloudy,0.23,8.19,1.4,26.6,87.6
2026-01-04 09:20:22,CNB,Cloudy,0.3,7.29,1.2,29.9,72.3
2026-03-05 05:47:46,CNB,Clear,0.32,7.3,1.4,26.4,85.7
2026-05-31 05:03:27,CNB,Clear,0.44,6.09,0.0,22.1,76.7
2026-02-03 08:45:34,CNB,Clear,0.48,5.77,0.5,16.2,59.7
2026-06-26 08:09:37,CNB,Clear,0.16,8.63,0.7,6.7,72.1
2026-06-12 00:42:06,CNB,Clear,0.06,10.05,0.8,27.8,38.3
2026-04-12 17:39:00,CNB,Cloudy,0.53,5.61,0.6,16.3,73.5
2026-01-21 03:08:51,CNB,Rain,0.63,3.46,20.8,20.4,74.8
2026-02-22 21:11:03,CNB,Clear,0.13,9.84,0.8,40.3,70.3
2026-03-22 13:40:01,CNB,Clear,0.38,6.61,1.3,28.4,52.8
2026-02-06 19:27:07,CNB,Clear,0.3,7.49,0.5,32.0,89.5
2026-04-19 07:33:24,CNB,Clear,0.22,8.38,1.3,12.0,61.4
2026-06-04 11:39:26,CNB,Rain,0.59,4.46,2.9,24.6,55.9
2026-04-22 01:39:43,CNB,Rain,0.19,7.82,10.6,20.4,73.9
2026-05-15 15:25:52,CNB,Clear,0.36,7.21,0.4,23.8,34.9
2026-03-14 10:15:48,CNB,Clear,0.37,6.85,1.3,22.2,66.6
2026-04-02 23:11:55,CNB,Clear,0.19,9.02,1.1,18.7,90.9
2026-06-22 08:34:48,CNB,Clear,0.17,8.64,0.5,24.8,62.3
2026-05-09 00:57:50,CNB,Clear,0.22,7.54,1.4,21.2,81.1
2026-03-26 10:14:59,CNB,Rain,0.07,8.57,10.9,21.8,44.0
2026-01-21 18:16:26,CNB,Clear,0.32,7.27,0.5,40.9,68.2
2026-02-02 22:09:51,CNB,Clear,0.35,6.09,1.0,18.2,68.3
2026-04-29 17:42:56,CNB,Clear,0.26,7.26,1.3,16.5,88.1
2026-03-20 16:21:50,CNB,Clear,0.14,8.17,1.5,30.7,75.5
2026-05-17 13:20:35,CNB,Clear,0.2,8.46,0.8,27.2,81.0
2026-01-09 02:25:50,CNB,Clear,0.06,9.47,1.1,14.8,67.1
2026-05-29 18:44:15,CNB,Clear,0.25,7.03,1.1,29.6,38.2
2026-02-22 02:37:50,CNB,Rain,0.48,5.19,7.4,25.3,54.9
2026-03-29 04:56:48,CNB,Clear,0.58,5.51,0.1,12.2,46.5
2026-05-26 09:58:51,CNB,Clear,0.23,8.42,0.8,25.4,85.8
2026-02-02 17:12:46,CNB,Clear,0.11,9.38,1.3,18.1,86.2
2026-04-11 19:20:29,CNB,Clear,0.06,9.64,0.3,27.7,55.9
2026-02-10 00:05:09,CNB,Clear,0.35,7.86,0.8,24.3,81.8
2026-01-03 05:10:16,CNB,Rain,0.14,7.12,7.3,24.3,43.4
2026-02-08 13:22:49,CNB,Clear,0.06,9.99,1.5,16.5,91.0
2026-01-21 01:25:38,CNB,Clear,0.56,4.75,1.1,17.7,100.0
2026-03-27 08:20:18,CNB,Cloudy,0.1,9.59,0.2,25.3,44.3
2026-06-21 18:48:36,CNB,Clear,0.24,8.16,0.6,31.4,48.1
2026-05-26 17:35:16,CNB,Cloudy,0.17,8.38,1.0,20.6,65.8
2026-06-19 20:37:25,CNB,Cloudy,0.1,9.17,1.3,21.6,55.1
2026-04-25 18:37:59,CNB,Fog,0.5,6.19,1.0,22.6,68.5
2026-02-28 17:56:40,CNB,Cloudy,0.27,7.83,0.5,12.9,46.1
2026-04-14 08:45:41,CNB,Fog,0.8,3.53,1.1,20.9,52.3
2026-03-04 15:51:49,CNB,Clear,0.14,8.3,0.7,14.4,57.2
2026-04-21 06:50:59,CNB,Clear,0.25,7.63,1.3,18.5,80.7
2026-02-22 07:14:06,CNB,Rain,0.32,6.6,5.8,28.6,39.9
2026-02-07 03:35:29,CNB,Clear,0.42,7.1,0.7,25.3,84.0
2026-03-18 03:55:13,CNB,Clear,0.4,6.85,0.1,17.1,90.3
2026-06-18 00:37:56,CNB,Fog,0.65,4.73,0.6,19.6,65.9
2026-05-22 07:46:28,CNB,Rain,0.31,6.05,6.6,21.2,43.1
2026-01-10 07:55:50,CNB,Rain,0.4,6.12,1.7,17.5,66.2
2026-04-12 02:43:06,CNB,Fog,0.64,4.86,1.0,27.3,72.6
2026-03-20 09:08:09,CNB,Cloudy,0.13,8.27,1.3,35.2,56.1
2026-01-13 23:12:54,CNB,Clear,0.48,5.62,0.7,15.0,70.3
2026-05-28 12:53:39,CNB,Clear,0.2,7.65,0.5,36.7,72.7
2026-01-29 21:05:11,CNB,Clear,0.35,7.1,0.6,26.9,77.2
2026-06-24 05:13:28,CNB,Clear,0.33,7.37,1.2,21.8,51.4
2026-01-31 02:39:59,CNB,Clear,0.37,7.3,1.5,27.3,60.9
2026-05-13 11:45:02,CNB,Fog,0.73,4.17,1.0,25.4,58.6
2026-01-05 00:23:38,CNB,Cloudy,0.08,9.01,1.3,12.1,48.6
2026-05-30 19:28:54,CNB,Cloudy,0.53,5.57,1.4,27.4,44.7
2026-04-12 12:44:58,CNB,Clear,0.14,8.92,0.7,24.4,57.2
2026-03-26 21:25:52,CNB,Clear,0.37,6.63,1.1,21.0,67.9
2026-02-12 05:55:03,CNB,Rain,0.37,5.13,11.6,27.5,68.2
2026-02-04 06:48:22,CNB,Clear,0.42,6.78,0.4,23.4,56.5
2026-06-08 10:26:13,CNB,Fog,0.56,4.92,0.1,34.8,31.3
2026-03-17 15:18:13,CNB,Cloudy,0.23,7.28,1.5,31.9,61.7
2026-02-23 02:57:07,CNB,Rain,0.13,8.2,22.0,11.5,70.0
2026-02-12 18:51:33,CNB,Clear,0.12,9.32,0.6,31.7,41.9
2026-04-27 03:10:19,CNB,Clear,0.38,6.15,0.1,18.8,67.2
2026-06-17 06:42:50,CNB,Rain,0.32,6.44,0.6,28.1,46.7
2026-05-10 02:28:26,CNB,Fog,0.46,5.75,0.5,28.2,74.8
2026-01-11 12:29:40,CNB,Clear,0.17,9.37,0.7,27.4,85.5
2026-04-25 11:08:00,CNB,Clear,0.18,8.28,0.1,17.0,63.5
2026-05-14 19:33:10,CNB,Clear,0.56,5.45,0.8,17.8,88.2
2026-04-22 11:20:02,CNB,Clear,0.33,7.13,1.4,18.2,32.3
2026-02-04 06:42:24,CNB,Cloudy,0.18,8.43,1.0,27.9,97.0
2026-03-23 15:50:04,CNB,Clear,0.06,9.79,0.3,31.7,56.9
2026-05-31 04:41:01,CNB,Clear,0.31,7.42,1.2,27.9,67.5
2026-06-22 06:28:30,CNB,Rain,0.34,5.93,6.5,22.3,82.7
2026-02-03 14:05:36,CNB,Clear,0.06,9.54,0.5,31.8,62.9
2026-05-19 09:59:58,CNB,Rain,0.2,7.88,2.3,26.7,51.5
2026-01-15 14:22:52,CNB,Fog,0.75,3.35,0.7,40.9,73.2
2026-02-22 12:15:09,CNB,Clear,0.35,6.69,0.2,23.3,51.0
2026-06-22 08:54:30,CNB,Fog,0.4,6.73,0.9,23.7,62.5
2026-06-22 02:09:10,CNB,Rain,0.18,7.34,6.6,38.7,52.7
2026-01-31 08:44:56,CNB,Fog,0.68,4.45,0.7,26.9,73.3
2026-03-11 07:18:46,CNB,Clear,0.25,7.56,1.2,21.5,53.0
2026-03-01 09:46:06,CNB,Clear,0.24,7.91,1.1,25.4,57.6
2026-01-06 10:41:19,CNB,Rain,0.44,4.92,16.9,29.4,36.5
2026-01-06 19:08:06,CNB,Clear,0.07,9.47,1.5,21.5,70.0
2026-05-09 17:45:18,CNB,Clear,0.23,8.89,1.3,22.2,78.3
2026-06-26 05:42:29,CNB,Cloudy,0.15,8.63,0.3,20.0,39.7
2026-05-26 19:29:14,CNB,Clear,0.41,6.31,0.6,31.9,83.6
2026-01-28 17:48:07,CNB,Cloudy,0.14,8.58,0.8,28.7,76.4
2026-06-29 18:59:46,CNB,Clear,0.15,9.12,0.6,15.0,45.1
2026-01-22 06:07:44,CNB,Clear,0.21,8.7,1.4,17.1,60.1
2026-01-08 11:31:04,CNB,Rain,0.53,4.31,8.4,30.8,48.0
2026-01-27 13:25:04,CNB,Cloudy,0.35,7.06,0.1,27.7,61.6
2026-06-02 04:23:14,CNB,Rain,0.47,4.6,7.7,26.0,75.4
2026-02-15 19:04:06,CNB,Clear,0.31,7.72,0.1,20.6,67.1
2026-01-02 17:15:57,CNB,Clear,0.25,7.97,1.5,39.2,60.1
2026-04-05 19:35:20,CNB,Cloudy,0.22,8.83,1.0,22.4,47.4
2026-03-31 04:59:37,CNB,Clear,0.53,6.41,1.5,17.0,100.0
2026-04-12 06:36:22,CNB,Rain,0.16,7.75,7.8,22.7,49.6
2026-01-20 20:36:47,CNB,Clear,0.1,8.63,0.1,27.1,62.6
2026-01-31 18:36:43,CNB,Clear,0.13,8.97,0.3,11.0,64.0
2026-03-03 20:39:05,CNB,Clear,0.4,7.14,1.3,26.2,86.8
2026-02-14 18:34:13,CNB,Cloudy,0.18,7.69,1.3,32.6,57.3
2026-01-08 00:48:16,CNB,Clear,0.35,6.19,0.4,13.7,50.4
2026-02-02 19:49:49,CNB,Cloudy,0.33,7.76,0.2,16.2,91.3
2026-03-18 13:06:19,CNB,Fog,0.75,3.93,0.8,29.6,69.5
2026-05-23 13:47:41,CNB,Fog,0.78,3.22,1.4,24.0,89.9
2026-02-11 11:04:45,CNB,Clear,0.56,5.42,1.5,16.3,89.8
2026-01-31 16:56:01,CNB,Rain,0.31,5.71,12.1,19.6,56.3
2026-04-01 22:52:44,CNB,Clear,0.72,4.33,0.4,6.3,55.8
2026-03-14 06:05:03,CNB,Clear,0.44,5.46,1.4,20.9,73.3
2026-04-25 09:57:05,CNB,Clear,0.56,5.63,0.7,30.4,67.9
2026-01-19 06:31:36,CNB,Clear,0.12,8.7,1.2,34.7,77.2
2026-04-20 03:34:02,CNB,Clear,0.41,6.55,1.4,7.5,87.2
2026-03-22 13:30:20,CNB,Rain,0.33,5.21,2.2,22.2,54.1
2026-04-28 05:13:49,CNB,Clear,0.25,7.72,0.9,29.6,61.1
2026-06-10 00:37:07,CNB,Clear,0.15,8.55,0.7,22.3,80.8
2026-03-16 19:33:46,CNB,Cloudy,0.17,8.37,1.4,32.2,80.1
2026-06-30 10:15:36,CNB,Cloudy,0.51,5.72,1.4,21.1,79.5
2026-05-29 06:10:07,CNB,Clear,0.28,7.44,0.7,21.8,40.8
2026-05-06 11:45:23,CNB,Rain,0.27,7.07,7.2,36.5,60.5
2026-01-14 02:01:11,CNB,Clear,0.51,5.67,1.3,32.5,77.3
2026-02-05 21:02:54,CNB,Cloudy,0.06,8.94,0.6,31.8,51.6
2026-05-12 06:56:11,CNB,Cloudy,0.31,7.97,0.1,27.5,49.9
2026-02-19 13:23:15,CNB,Clear,0.16,9.1,0.6,27.1,39.8
2026-03-29 18:24:38,CNB,Clear,0.3,7.88,0.1,16.0,56.9
2026-06-12 22:41:17,CNB,Clear,0.12,9.26,0.6,43.4,53.0
2026-04-08 06:18:20,CNB,Fog,0.66,4.07,1.0,17.6,67.4
2026-04-12 03:26:36,CNB,Fog,0.49,5.47,0.2,22.8,54.9
2026-03-30 09:10:05,CNB,Fog,0.55,5.36,0.2,30.5,100.0
2026-01-22 20:32:01,CNB,Clear,0.37,7.19,0.5,18.1,56.0
2026-05-18 12:00:13,CNB,Clear,0.17,9.11,0.5,31.6,76.4
2026-06-05 11:06:45,CNB,Cloudy,0.29,7.5,0.1,27.2,77.8
2026-06-07 14:55:26,CNB,Clear,0.33,7.55,1.3,23.9,63.3
2026-02-27 10:35:50,CNB,Clear,0.06,9.47,0.6,35.6,68.3
2026-01-29 18:37:20,CNB,Rain,0.13,7.89,6.8,20.6,100.0
2026-05-25 13:58:14,CNB,Rain,0.12,7.55,11.8,14.7,49.9
2026-01-17 09:37:02,CNB,Clear,0.36,7.23,1.0,27.8,69.7
2026-03-03 16:50:33,CNB,Cloudy,0.17,8.65,0.2,29.3,42.1
2026-02-27 12:46:01,CNB,Clear,0.2,9.42,0.1,23.2,88.7
2026-01-13 10:03:19,CNB,Clear,0.15,8.94,1.2,31.0,49.8
2026-04-20 18:12:55,CNB,Fog,0.81,3.39,0.1,11.0,50.2
2026-01-06 15:38:51,CNB,Cloudy,0.3,8.14,0.3,29.9,95.1
2026-02-14 04:31:36,CNB,Clear,0.23,7.96,1.3,30.8,80.3
2026-04-28 05:16:36,CNB,Cloudy,0.47,4.45,1.1,20.6,68.8
2026-06-20 21:23:26,CNB,Clear,0.65,4.97,0.7,28.8,99.4
2026-01-22 05:11:52,CNB,Clear,0.11,8.26,1.1,22.4,60.2
2026-04-25 04:57:48,CNB,Clear,0.22,8.28,0.2,19.5,59.0
2026-04-04 18:07:03,CNB,Fog,0.67,4.35,0.5,41.1,80.8
2026-06-11 05:51:18,CNB,Cloudy,0.67,5.08,0.8,24.3,94.2
2026-06-17 11:27:37,CNB,Cloudy,0.3,6.86,0.5,14.1,61.0
2026-01-05 05:41:10,CNB,Fog,0.45,6.16,0.2,40.4,66.3
2026-06-02 14:37:30,CNB,Clear,0.24,8.08,0.7,29.3,88.1
2026-02-20 16:49:14,CNB,Clear,0.18,8.9,1.4,21.3,64.2
2026-04-23 17:30:17,CNB,Clear,0.12,9.19,0.9,23.4,47.2
2026-03-07 17:05:26,CNB,Clear,0.48,6.25,0.6,30.7,26.9
2026-01-10 00:44:07,CNB,Cloudy,0.3,6.97,0.1,31.2,69.4
2026-06-20 07:34:52,CNB,Clear,0.19,8.27,0.6,25.1,38.8
2026-01-13 14:45:51,CNB,Clear,0.6,4.88,1.3,33.6,76.7
2026-06-25 22:14:06,CNB,Clear,0.12,9.18,0.4,30.4,49.5
2026-02-24 13:59:26,CNB,Clear,0.27,7.93,1.0,20.8,46.9
2026-03-13 21:20:21,CNB,Cloudy,0.42,7.37,0.4,33.8,74.2
2026-01-12 09:32:45,CNB,Clear,0.5,5.53,0.8,22.0,53.8
2026-04-18 15:10:11,CNB,Clear,0.44,6.7,0.7,29.3,59.6
2026-04-22 07:34:55,CNB,Clear,0.36,6.51,1.1,13.0,71.7
2026-01-13 02:40:23,CNB,Rain,0.11,7.48,5.7,32.5,79.8
2026-06-07 15:48:48,CNB,Rain,0.1,7.58,3.9,23.0,49.2
2026-05-27 14:21:53,CNB,Rain,0.29,6.34,5.1,32.6,55.1
2026-03-31 02:15:36,CNB,Clear,0.34,7.35,1.3,27.2,59.5
2026-05-09 07:15:37,CNB,Clear,0.36,6.57,0.3,28.9,63.0
2026-06-30 19:17:39,CNB,Clear,0.39,7.13,0.6,19.1,51.4
2026-04-03 09:57:53,CNB,Cloudy,0.15,8.89,0.6,38.9,58.9
2026-01-28 17:40:20,CNB,Clear,0.07,9.67,0.3,16.9,44.7
2026-04-12 19:14:07,CNB,Clear,0.14,9.36,1.0,20.0,44.0
2026-03-21 06:08:07,CNB,Fog,0.53,4.77,0.1,25.0,68.7
2026-03-22 11:53:05,CNB,Clear,0.55,5.0,1.2,26.0,90.5
2026-06-08 20:58:30,CNB,Clear,0.24,7.69,0.2,30.0,100.0
2026-03-08 02:17:51,CNB,Clear,0.49,5.94,1.0,19.7,65.0
2026-02-13 08:48:08,CNB,Clear,0.1,9.52,0.7,25.9,40.0
2026-03-04 10:28:45,CNB,Clear,0.24,8.57,1.2,25.7,60.6
2026-05-08 10:43:50,CNB,Clear,0.23,8.19,0.3,26.8,66.4
2026-03-11 14:08:40,CNB,Cloudy,0.39,6.89,0.5,34.9,66.3
2026-06-27 13:13:31,CNB,Clear,0.25,7.96,0.8,31.3,64.9
2026-02-20 14:41:31,CNB,Cloudy,0.12,9.67,0.7,19.5,57.5
2026-04-22 17:59:07,CNB,Cloudy,0.6,4.73,0.7,19.6,86.6
2026-02-15 00:01:02,CNB,Rain,0.18,7.18,9.8,21.0,67.1
2026-03-04 07:44:18,CNB,Clear,0.29,7.56,0.5,18.3,88.3
2026-04-27 12:41:13,CNB,Clear,0.25,8.11,1.2,33.1,63.6
2026-03-02 04:56:22,CNB,Rain,0.24,7.29,10.5,26.0,41.6
2026-03-31 08:19:55,CNB,Cloudy,0.32,7.01,1.0,22.8,63.7
2026-03-01 07:52:52,CNB,Clear,0.29,7.99,0.3,25.6,52.8
2026-05-21 21:47:57,CNB,Rain,0.41,4.94,4.9,15.9,52.9
2026-01-01 16:35:41,CNB,Clear,0.21,8.09,0.5,21.6,61.1
2026-04-22 15:04:45,CNB,Fog,0.63,5.5,0.9,36.2,51.7
2026-03-12 09:30:52,CNB,Cloudy,0.18,8.9,1.4,30.1,57.6
2026-02-05 04:46:28,CNB,Clear,0.31,7.28,0.8,21.8,60.6
2026-04-10 23:19:15,CNB,Clear,0.38,6.84,0.4,37.6,100.0
2026-04-14 09:26:19,CNB,Clear,0.5,6.26,0.1,29.9,76.7
2026-02-23 10:50:48,CNB,Cloudy,0.43,6.39,0.5,42.8,57.8
2026-04-03 12:29:44,CNB,Rain,0.08,8.33,4.2,22.6,67.2
2026-02-04 18:35:02,CNB,Clear,0.54,5.98,1.4,34.7,54.6
2026-03-17 19:57:59,CNB,Rain,0.35,5.7,7.0,24.8,69.5
2026-03-27 08:15:53,CNB,Clear,0.16,8.73,0.3,36.0,76.6
2026-02-03 18:39:10,CNB,Clear,0.62,4.06,0.6,28.6,66.6
2026-01-07 17:28:28,CNB,Fog,0.93,2.55,1.2,25.7,51.7
2026-01-27 19:17:39,CNB,Cloudy,0.14,9.0,1.0,38.6,67.0
2026-04-14 12:02:26,CNB,Clear,0.02,9.56,0.9,20.7,56.7
2026-05-23 09:56:50,CNB,Clear,0.49,5.3,0.4,21.6,46.9
2026-02-03 08:51:17,CNB,Cloudy,0.62,5.02,1.0,40.7,40.9
2026-04-09 09:51:26,CNB,Clear,0.09,9.62,0.5,23.8,91.8
2026-03-03 03:22:06,CNB,Clear,0.12,8.98,0.9,16.6,72.6
2026-05-28 21:34:18,CNB,Cloudy,0.6,5.18,1.4,20.1,100.0
2026-01-12 11:48:51,CNB,Clear,0.21,7.79,0.8,9.9,65.4
2026-02-10 18:02:01,CNB,Rain,0.17,7.34,10.5,19.9,63.7
2026-03-06 19:19:41,CNB,Cloudy,0.33,7.88,0.1,33.2,100.0
2026-02-21 01:32:38,CNB,Clear,0.09,9.05,0.9,27.9,54.9
2026-02-21 10:34:43,CNB,Cloudy,0.38,6.52,0.9,11.9,74.1
2026-01-30 06:44:30,CNB,Cloudy,0.11,9.27,1.4,41.4,23.1
2026-03-29 23:48:45,CNB,Fog,0.71,3.93,0.7,26.9,60.5
2026-01-16 15:12:40,CNB,Cloudy,0.36,7.53,0.3,29.2,79.1
2026-06-06 02:48:02,CNB,Cloudy,0.2,8.73,1.2,16.9,40.5
2026-03-10 16:48:45,CNB,Fog,0.5,5.12,0.1,22.3,79.1
2026-03-01 00:20:54,CNB,Fog,0.36,7.36,1.5,18.2,74.7
2026-06-11 17:56:14,CNB,Clear,0.49,5.38,0.3,20.7,29.7
2026-04-06 00:33:32,CNB,Clear,0.35,7.5,0.5,19.0,77.8
2026-04-25 04:28:11,CNB,Clear,0.09,8.91,0.6,35.9,71.6
2026-06-02 05:24:20,CNB,Clear,0.04,9.1,0.4,16.8,65.0
2026-01-13 08:50:14,CNB,Clear,0.3,7.8,1.1,34.5,66.1
2026-03-05 22:47:28,CNB,Clear,0.18,9.6,1.4,8.8,100.0
2026-01-02 12:36:57,CNB,Clear,0.21,8.89,0.8,21.0,81.5
2026-01-18 09:03:03,CNB,Clear,0.58,4.52,0.1,32.2,80.9
2026-03-30 03:09:56,CNB,Clear,0.08,8.89,0.7,28.1,100.0
2026-02-03 08:16:19,CNB,Clear,0.3,7.27,0.0,19.1,61.2
2026-05-10 22:00:44,CNB,Rain,0.56,4.58,6.1,26.9,74.5
2026-03-28 16:58:09,CNB,Clear,0.05,9.76,1.4,10.1,84.3
2026-05-13 12:16:40,CNB,Clear,0.41,6.57,0.9,43.8,55.0
2026-05-19 09:45:17,CNB,Cloudy,0.25,7.55,0.4,37.8,87.1
2026-03-27 08:12:08,CNB,Clear,0.32,7.6,1.0,29.0,65.8
2026-06-28 06:59:48,CNB,Clear,0.31,7.61,0.9,37.9,78.7
2026-03-01 19:53:35,CNB,Rain,0.21,7.23,8.0,25.5,67.6
2026-02-20 10:16:45,CNB,Cloudy,0.53,5.05,1.2,11.1,75.6
2026-01-09 16:50:12,CNB,Cloudy,0.18,8.25,0.1,26.8,64.5
2026-04-23 01:33:17,CNB,Cloudy,0.34,7.38,0.5,36.3,55.7
2026-05-09 17:17:35,CNB,Clear,0.11,8.38,1.4,18.2,75.1
2026-03-29 08:52:36,CNB,Clear,0.16,8.85,1.2,19.4,65.7
2026-02-05 14:32:34,CNB,Clear,0.09,9.63,0.5,14.3,42.2
2026-03-01 17:54:19,CNB,Clear,0.37,6.63,0.6,27.4,48.9
2026-05-23 01:06:37,CNB,Rain,0.21,6.4,2.7,7.9,63.5
2026-03-22 21:21:30,CNB,Fog,0.56,5.76,1.3,15.2,80.4
2026-05-30 10:35:28,CNB,Clear,0.23,7.34,0.3,28.1,55.6
2026-01-10 10:42:41,CNB,Cloudy,0.24,7.76,0.9,26.7,71.4
2026-05-22 04:04:02,CNB,Clear,0.38,7.19,0.5,27.4,99.9
2026-03-17 11:06:33,CNB,Rain,0.38,5.26,16.5,24.1,57.3
2026-05-28 22:07:02,CNB,Clear,0.16,8.09,0.5,27.1,84.5
2026-04-19 07:23:32,CNB,Clear,0.53,5.52,1.2,23.9,84.4
2026-01-26 00:01:20,CNB,Fog,0.48,5.19,0.3,38.5,63.2
2026-03-08 03:32:45,CNB,Fog,0.76,3.11,1.1,31.3,81.2
2026-06-26 06:59:59,CNB,Cloudy,0.33,7.74,0.5,17.7,83.2
2026-03-01 12:22:02,CNB,Clear,0.27,7.53,0.1,19.5,81.2
2026-06-07 02:09:21,CNB,Rain,0.65,2.98,9.7,20.2,59.1
2026-01-16 04:49:00,CNB,Rain,0.36,5.29,8.7,16.0,83.2
2026-02-06 07:59:40,CNB,Cloudy,0.13,8.68,0.5,13.5,56.4
2026-04-19 22:56:07,CNB,Clear,0.24,8.03,0.1,41.0,75.8
2026-04-05 05:37:41,CNB,Clear,0.25,7.63,1.4,15.0,72.4
2026-03-22 02:59:13,CNB,Clear,0.61,4.88,1.2,26.2,68.5
2026-01-01 20:31:53,CNB,Clear,0.33,7.28,1.3,24.7,79.4
2026-01-15 17:03:11,CNB,Clear,0.45,6.3,0.3,29.0,89.1
2026-02-05 23:33:02,CNB,Rain,0.18,8.53,9.4,19.4,63.9
2026-03-12 13:34:12,CNB,Clear,0.52,4.51,0.7,19.9,88.1
2026-03-06 02:13:58,CNB,Clear,0.17,8.81,0.1,20.7,59.7
2026-01-25 13:29:54,CNB,Cloudy,0.28,7.47,0.1,23.8,57.7
2026-05-16 03:44:08,CNB,Clear,0.19,9.74,0.9,21.6,79.1
2026-06-11 23:55:20,CNB,Cloudy,0.06,9.31,0.9,18.1,49.5
2026-02-28 12:19:21,CNB,Rain,0.17,8.18,25.9,15.0,54.7
2026-05-19 02:30:25,CNB,Cloudy,0.72,3.74,0.5,16.0,87.0
2026-06-21 12:56:48,CNB,Clear,0.44,5.77,0.7,24.1,76.5
2026-02-14 04:29:09,CNB,Clear,0.23,9.16,0.8,36.7,59.4
2026-06-17 07:47:10,CNB,Rain,0.06,8.06,13.6,29.3,25.0
2026-04-21 08:03:36,CNB,Fog,0.47,5.18,0.6,35.5,55.3
2026-02-05 00:23:48,CNB,Clear,0.26,8.38,0.2,26.8,85.4
2026-02-02 06:03:57,CNB,Clear,0.22,8.4,1.2,37.9,70.5
2026-02-13 05:16:55,CNB,Rain,0.51,4.37,15.5,25.0,59.1
2026-02-03 08:06:33,CNB,Clear,0.55,4.91,0.3,34.1,46.4
2026-03-18 06:41:19,CNB,Clear,0.24,8.2,0.5,21.3,47.4
2026-03-04 05:22:54,CNB,Clear,0.36,6.3,1.4,46.4,49.5
2026-02-26 15:52:44,CNB,Cloudy,0.14,8.62,0.7,23.7,37.3
2026-04-30 23:30:33,CNB,Clear,0.45,6.34,1.4,36.1,47.2
2026-04-25 05:39:58,CNB,Rain,0.43,5.59,3.4,19.9,43.3
2026-04-11 07:30:50,CNB,Clear,0.23,8.7,1.3,16.2,85.7
2026-04-05 02:16:04,CNB,Clear,0.09,8.54,0.0,27.2,42.6
2026-05-05 06:42:52,CNB,Cloudy,0.09,9.15,1.2,45.0,48.2
2026-01-26 21:50:05,CNB,Clear,0.38,6.4,0.7,15.7,88.3
2026-05-28 03:38:58,CNB,Clear,0.21,8.77,0.0,29.8,39.6
2026-05-04 18:37:54,CNB,Clear,0.58,4.94,0.6,23.2,76.7
2026-02-17 04:25:25,CNB,Fog,0.58,4.89,0.3,17.2,80.2
2026-02-14 17:25:22,CNB,Clear,0.4,6.53,1.1,27.4,70.2
2026-01-28 19:30:35,CNB,Fog,0.55,4.94,1.1,26.5,64.7
2026-06-11 16:33:04,CNB,Clear,0.14,8.61,1.4,29.7,70.5
2026-04-03 19:24:18,CNB,Clear,0.77,3.32,1.1,34.0,71.8
2026-02-04 02:33:36,CNB,Fog,0.82,3.24,1.5,30.9,54.5
2026-01-09 01:01:23,CNB,Clear,0.26,7.76,0.2,30.4,55.1
2026-01-11 04:59:57,CNB,Clear,0.24,7.53,0.3,21.9,53.8
2026-01-05 04:04:44,CNB,Cloudy,0.24,8.92,0.8,19.3,64.9
2026-02-24 23:59:37,CNB,Rain,0.17,7.11,7.4,28.0,68.8
2026-04-28 02:17:09,CNB,Clear,0.27,7.55,0.6,24.7,67.0
2026-03-02 05:19:10,CNB,Clear,0.58,4.78,0.9,18.1,77.1
2026-02-26 06:28:18,CNB,Cloudy,0.39,6.31,1.4,29.5,66.0
2026-06-28 03:26:18,CNB,Fog,0.47,5.88,0.4,22.8,64.5
2026-05-27 15:28:06,CNB,Rain,0.46,4.27,8.3,22.8,49.8
2026-03-19 04:20:03,CNB,Clear,0.21,8.81,1.5,32.5,64.3
2026-02-23 19:41:31,CNB,Cloudy,0.46,6.41,1.0,32.7,71.5
2026-03-23 03:02:11,CNB,Clear,0.18,8.38,0.7,25.3,68.8
2026-02-08 17:24:43,CNB,Clear,0.38,5.75,1.2,26.1,62.3
2026-05-29 15:10:32,CNB,Clear,0.2,8.56,0.2,22.7,54.7
2026-04-30 03:32:13,CNB,Clear,0.44,7.07,1.4,19.1,74.4
2026-01-06 12:43:25,CNB,Clear,0.24,7.53,0.4,29.9,71.1
2026-03-09 16:38:53,CNB,Clear,0.37,7.3,1.4,35.7,100.0
2026-03-21 10:24:39,CNB,Clear,0.42,6.53,0.2,24.7,42.0
2026-02-24 05:30:05,CNB,Clear,0.28,7.52,1.4,25.8,63.7
2026-06-03 00:18:37,CNB,Clear,0.36,7.95,1.0,23.8,68.3
2026-05-08 10:10:34,CNB,Clear,0.23,9.12,0.0,21.3,84.2
2026-05-03 18:58:51,CNB,Clear,0.49,6.68,1.1,18.7,61.6
2026-06-05 20:34:51,CNB,Clear,0.19,9.42,0.5,25.6,83.0
2026-06-24 07:52:22,CNB,Clear,0.21,8.3,0.1,17.8,55.2
2026-04-15 07:30:55,CNB,Clear,0.32,7.22,0.6,20.2,52.8
2026-06-07 10:15:12,CNB,Clear,0.28,7.26,0.7,28.0,73.0
2026-03-31 20:03:07,CNB,Rain,0.31,5.78,10.2,22.5,61.1
2026-04-02 12:55:40,CNB,Clear,0.53,6.33,0.4,27.0,76.6
2026-03-12 05:35:06,CNB,Rain,0.25,6.72,4.9,25.7,79.4
2026-01-01 06:54:42,CNB,Clear,0.09,8.39,1.0,34.9,61.4
2026-01-21 07:10:25,CNB,Cloudy,0.32,7.24,0.7,19.6,55.1
2026-06-18 18:22:09,CNB,Clear,0.08,9.73,0.1,30.0,63.5
2026-03-21 13:07:52,CNB,Clear,0.32,7.57,0.7,26.4,80.7
2026-05-13 14:57:47,CNB,Clear,0.39,6.49,1.4,30.3,58.1
2026-02-21 08:37:26,CNB,Fog,0.38,6.43,0.4,28.9,73.7
2026-02-28 20:02:54,CNB,Cloudy,0.41,5.95,0.2,36.4,77.5
2026-01-16 02:17:07,CNB,Clear,0.15,9.21,0.5,32.6,60.4
2026-03-28 12:08:41,CNB,Clear,0.08,8.65,0.9,34.8,75.0
2026-05-12 12:16:00,CNB,Clear,0.31,7.62,0.3,37.6,64.3
2026-04-15 12:49:02,CNB,Cloudy,0.11,9.11,0.9,24.0,81.7
2026-05-07 10:37:14,CNB,Clear,0.49,5.11,0.4,34.4,82.5
2026-01-09 12:33:46,CNB,Clear,0.27,7.1,1.0,30.5,53.5
2026-06-12 04:55:00,CNB,Fog,0.66,4.78,1.0,26.3,52.8
2026-04-07 23:42:22,CNB,Cloudy,0.11,9.23,0.7,28.2,55.5
2026-05-01 08:25:55,CNB,Rain,0.47,4.98,6.0,23.5,67.0
2026-01-12 20:06:14,CNB,Rain,0.22,6.92,10.6,25.6,42.9
2026-02-09 06:11:39,CNB,Rain,0.15,7.78,2.9,26.4,69.1
2026-04-17 00:03:28,CNB,Cloudy,0.22,8.86,1.0,25.0,46.9
2026-04-28 20:19:23,CNB,Rain,0.57,3.62,10.2,31.1,69.6
2026-05-28 23:34:23,CNB,Clear,0.36,7.16,0.1,29.1,80.4
2026-02-01 17:23:37,CNB,Rain,0.54,4.92,10.0,21.5,33.1
2026-03-11 16:14:17,CNB,Clear,0.25,7.06,0.9,22.8,57.2
2026-03-29 14:30:47,CNB,Clear,0.33,7.57,1.0,32.6,68.6
2026-06-30 14:10:49,CNB,Fog,0.62,4.54,0.2,20.5,74.7
2026-05-24 23:01:03,CNB,Clear,0.36,7.02,1.3,24.9,65.6
2026-02-14 11:30:02,CNB,Fog,0.69,4.03,0.0,31.9,49.5
2026-05-13 09:44:11,CNB,Clear,0.27,6.92,1.1,11.5,74.8
2026-02-21 23:54:12,CNB,Rain,0.16,7.24,6.7,27.7,84.4
2026-01-04 01:17:56,CNB,Cloudy,0.38,6.14,0.1,8.7,59.1
2026-01-17 11:32:48,CNB,Clear,0.15,8.84,0.6,13.1,83.3
2026-05-22 08:05:49,CNB,Clear,0.32,7.39,1.3,18.5,52.5
2026-06-30 08:51:42,CNB,Clear,0.37,7.01,0.7,24.4,100.0
2026-06-19 06:05:59,CNB,Clear,0.33,7.71,0.4,23.6,46.3
2026-02-24 12:08:10,CNB,Fog,0.63,3.81,1.5,29.2,71.4
2026-05-14 13:47:19,CNB,Clear,0.29,7.64,1.3,18.9,61.7
2026-03-08 16:50:57,CNB,Clear,0.26,7.63,1.3,31.2,39.8
2026-04-26 12:25:58,CNB,Clear,0.33,7.13,1.1,29.7,79.4
2026-04-03 14:36:35,CNB,Clear,0.18,8.2,1.5,27.3,51.2
2026-03-03 00:36:36,CNB,Clear,0.33,7.33,0.0,18.8,64.5
2026-06-11 10:05:17,CNB,Clear,0.27,6.91,0.4,21.1,67.0
2026-01-04 21:55:34,CNB,Clear,0.74,3.24,1.4,33.6,71.9
2026-04-30 09:39:53,CNB,Clear,0.51,6.46,1.4,19.1,43.5
2026-05-20 11:23:30,CNB,Rain,0.21,6.71,6.2,12.1,75.3
2026-04-27 19:53:36,CNB,Fog,0.4,6.07,1.2,22.2,89.7
2026-03-12 12:32:54,CNB,Clear,0.29,8.2,1.1,21.7,35.4
2026-05-01 22:04:08,CNB,Cloudy,0.57,5.02,0.4,20.6,91.3
2026-04-22 13:20:46,CNB,Clear,0.28,6.97,0.3,42.5,53.5
2026-06-12 11:46:49,CNB,Cloudy,0.54,5.96,0.2,26.4,66.5
2026-06-15 06:27:52,CNB,Clear,0.45,6.43,0.3,6.4,78.8
2026-05-14 17:27:19,CNB,Clear,0.45,6.87,1.2,27.5,94.8
2026-01-30 20:40:29,CNB,Rain,0.41,4.85,10.5,22.7,84.3
2026-02-05 08:12:37,CNB,Fog,0.41,6.09,0.5,22.8,55.9
2026-02-13 19:53:08,CNB,Fog,0.75,4.09,1.5,21.4,59.7
2026-04-22 11:28:14,CNB,Cloudy,0.65,5.23,1.5,16.4,71.8
2026-05-13 21:45:10,CNB,Clear,0.27,7.18,0.8,33.7,72.7
2026-03-26 11:11:17,CNB,Clear,0.07,9.75,0.2,21.2,40.1
2026-03-17 21:40:52,CNB,Clear,0.17,8.64,1.0,38.4,64.3
2026-02-11 09:31:05,CNB,Clear,0.38,6.52,0.9,29.4,79.5
2026-04-10 22:16:24,CNB,Clear,0.13,7.71,0.6,18.9,78.9
2026-03-18 01:08:01,CNB,Rain,0.73,3.06,1.5,15.4,70.6
2026-04-15 03:54:19,CNB,Cloudy,0.29,7.46,1.1,31.5,66.1
2026-06-19 10:28:38,CNB,Fog,0.57,5.5,0.1,13.8,74.6
2026-04-15 18:36:46,CNB,Cloudy,0.45,5.55,1.0,27.6,50.5
2026-06-14 19:13:39,CNB,Clear,0.34,6.6,0.1,24.3,74.7
2026-05-13 00:33:40,CNB,Fog,0.57,5.07,1.0,25.6,70.9
2026-01-19 23:55:47,CNB,Cloudy,0.27,7.23,1.2,25.5,88.0
2026-01-22 02:31:33,CNB,Clear,0.23,7.99,0.4,15.2,65.1
2026-06-24 09:37:24,CNB,Fog,0.46,6.48,1.4,22.6,60.1
2026-04-24 18:25:47,CNB,Clear,0.13,8.48,1.4,16.6,74.3
2026-06-20 16:20:55,CNB,Clear,0.03,9.7,0.6,24.3,43.3
2026-06-07 08:44:34,CNB,Clear,0.22,9.14,1.2,26.0,66.6
2026-06-18 22:29:28,CNB,Cloudy,0.48,6.02,0.2,26.6,63.4
2026-04-27 23:07:48,CNB,Clear,0.29,7.0,1.1,28.4,60.3
2026-01-05 04:51:33,CNB,Cloudy,0.32,7.69,0.3,25.8,72.4
2026-02-21 07:53:03,CNB,Clear,0.17,8.75,1.2,35.9,81.3
2026-02-15 03:03:45,CNB,Rain,0.08,7.63,10.6,29.0,51.1
2026-06-29 08:04:33,CNB,Clear,0.09,9.31,1.2,25.5,41.6
2026-01-29 15:44:05,CNB,Cloudy,0.19,8.14,1.2,21.6,98.3
2026-02-25 21:53:44,CNB,Clear,0.29,8.05,0.0,10.4,56.7
2026-06-26 18:28:45,CNB,Clear,0.24,8.06,0.5,28.5,74.9
2026-02-19 02:25:53,CNB,Clear,0.24,8.63,0.9,27.2,48.6
2026-06-15 15:11:18,CNB,Fog,0.54,5.52,0.9,38.8,100.0
2026-05-15 09:26:26,CNB,Cloudy,0.11,9.02,1.3,18.0,85.4
2026-06-08 03:34:02,CNB,Clear,0.14,9.54,0.4,25.6,39.3
2026-06-04 12:10:12,CNB,Cloudy,0.33,6.75,1.5,7.1,94.6
2026-01-12 06:00:20,CNB,Rain,0.3,7.63,8.9,25.6,60.0
2026-04-10 11:10:45,CNB,Clear,0.34,6.5,0.5,20.5,59.8
2026-04-17 18:00:13,CNB,Fog,0.93,1.84,1.1,28.8,30.2
2026-05-23 12:30:01,CNB,Clear,0.15,9.16,0.1,-1.3,72.0
2026-03-09 04:21:35,CNB,Cloudy,0.14,8.56,0.3,34.2,42.3
2026-02-24 17:30:37,CNB,Fog,0.93,2.36,0.1,30.9,39.7
2026-03-15 00:59:13,CNB,Clear,0.19,8.25,1.4,4.3,61.0
2026-04-21 14:21:38,CNB,Rain,0.08,8.43,2.3,21.4,100.0
2026-04-01 07:30:22,CNB,Rain,0.25,6.3,4.7,15.5,81.8
2026-04-30 22:09:25,CNB,Fog,0.6,5.19,1.0,27.8,69.1
2026-04-18 19:32:58,CNB,Cloudy,0.23,9.0,0.8,23.0,66.3
2026-06-04 05:06:36,CNB,Clear,0.49,5.35,0.2,14.8,81.9
2026-05-02 13:03:15,CNB,Clear,0.04,9.92,0.1,12.4,97.5
2026-01-02 14:30:43,CNB,Clear,0.26,8.48,1.2,37.3,51.6
2026-04-06 03:37:08,CNB,Clear,0.25,7.6,0.9,21.4,61.9
2026-03-29 23:29:04,CNB,Clear,0.34,8.13,0.3,20.6,53.1
2026-01-07 15:19:45,CNB,Clear,0.34,6.92,1.5,27.5,29.4
2026-04-20 04:55:52,CNB,Cloudy,0.16,9.37,0.9,12.1,67.1
2026-05-25 12:05:04,CNB,Rain,0.09,7.86,2.5,18.1,73.2
2026-01-24 21:32:24,CNB,Clear,0.62,4.67,0.2,10.5,81.3
2026-05-23 07:02:46,CNB,Clear,0.17,8.73,0.5,23.1,47.5
2026-01-14 22:59:58,CNB,Clear,0.51,5.97,0.8,22.1,81.4
2026-06-21 05:42:47,CNB,Rain,0.33,5.82,21.0,28.3,84.0
2026-05-24 18:04:24,CNB,Fog,0.75,3.23,1.2,32.4,57.4
2026-06-01 21:25:56,CNB,Clear,0.1,9.86,1.1,27.8,91.5
2026-03-29 15:05:12,CNB,Cloudy,0.25,8.03,0.4,25.1,59.9
2026-05-13 03:18:36,CNB,Clear,0.42,5.99,0.4,16.3,54.2
2026-06-13 17:55:42,CNB,Clear,0.42,6.75,0.3,24.7,62.2
2026-05-14 19:30:44,CNB,Clear,0.52,5.43,0.4,1.3,33.4
2026-06-29 15:15:18,CNB,Clear,0.1,8.67,1.2,18.7,70.7
2026-06-03 20:58:49,CNB,Clear,0.25,7.99,0.4,25.1,93.5
2026-04-19 09:05:08,CNB,Clear,0.23,7.67,0.9,11.1,33.2
2026-03-06 19:08:25,CNB,Rain,0.2,7.14,16.4,26.4,67.9
2026-02-08 02:56:59,CNB,Rain,0.13,7.71,2.2,31.7,81.4
2026-05-30 05:03:51,CNB,Clear,0.38,6.84,0.3,24.4,72.6
2026-03-25 21:57:29,CNB,Clear,0.31,6.56,1.0,25.0,56.5
2026-04-01 17:18:15,CNB,Clear,0.28,7.73,0.7,13.9,95.1
2026-05-11 10:21:25,CNB,Cloudy,0.15,8.56,0.6,12.5,66.5
2026-04-25 16:38:56,CNB,Clear,0.62,4.34,0.5,7.3,51.4
2026-04-26 03:53:46,CNB,Fog,0.61,4.69,1.2,23.3,93.4
2026-04-02 10:52:07,CNB,Clear,0.17,8.44,1.2,18.9,64.0
2026-03-12 10:15:14,CNB,Clear,0.29,7.67,1.3,19.0,58.1
2026-06-30 07:11:52,CNB,Cloudy,0.23,7.84,0.7,22.8,82.8
2026-01-15 07:11:50,CNB,Clear,0.11,9.0,1.4,11.0,65.7
2026-05-29 07:29:09,CNB,Clear,0.77,3.57,1.4,26.9,93.3
2026-03-26 23:40:53,CNB,Cloudy,0.05,9.62,1.3,18.3,43.6
2026-06-26 10:09:23,CNB,Clear,0.36,7.46,0.5,32.6,67.5
2026-01-10 21:58:45,CNB,Clear,0.54,5.81,0.6,32.9,37.2
2026-05-11 21:31:48,CNB,Clear,0.21,8.75,0.5,24.5,79.1
2026-06-12 02:00:14,CNB,Clear,0.34,7.2,0.4,33.6,80.0
2026-04-23 15:50:42,CNB,Clear,0.26,7.22,1.3,39.1,61.5
2026-03-28 04:34:15,CNB,Clear,0.07,9.23,1.1,30.8,41.4
2026-01-30 22:26:18,CNB,Cloudy,0.36,6.59,0.4,12.9,78.3
2026-05-04 02:30:48,CNB,Cloudy,0.26,8.19,0.5,21.5,71.7
2026-04-30 05:35:04,CNB,Fog,0.48,5.84,0.6,14.0,66.2
2026-06-05 00:21:40,CNB,Clear,0.44,6.29,0.1,41.6,56.5
2026-04-12 01:44:22,CNB,Clear,0.1,9.3,0.3,20.7,75.4
2026-03-17 02:08:14,CNB,Clear,0.2,8.78,1.3,20.5,53.6
2026-05-29 17:57:34,CNB,Clear,0.19,7.44,0.5,25.4,72.5
2026-05-06 02:33:27,CNB,Cloudy,0.13,8.87,1.0,18.7,73.1
2026-02-09 00:23:03,CNB,Fog,0.73,3.93,1.0,17.8,65.7
2026-01-31 10:01:24,CNB,Fog,0.53,5.14,1.0,15.8,65.7
2026-03-21 04:29:00,CNB,Clear,0.48,5.48,0.7,5.1,90.5
2026-01-24 19:51:10,CNB,Cloudy,0.27,7.18,1.1,20.4,99.2
2026-05-29 19:42:08,CNB,Clear,0.07,8.7,0.8,27.1,68.5
2026-06-09 17:39:58,CNB,Clear,0.05,9.11,1.4,27.4,66.8
2026-01-17 02:04:28,CNB,Cloudy,0.33,7.03,0.6,22.0,59.7
2026-04-23 22:39:07,CNB,Clear,0.05,10.59,0.2,24.3,60.1
2026-02-03 04:14:59,CNB,Clear,0.4,7.0,1.4,36.0,26.7
2026-01-02 00:07:47,CNB,Clear,0.3,8.29,0.3,20.8,83.4
2026-04-15 04:27:14,CNB,Clear,0.1,9.14,1.1,25.7,77.8
2026-02-04 08:37:24,CNB,Clear,0.51,5.27,1.4,15.7,74.0
2026-02-21 10:25:21,CNB,Clear,0.21,8.91,0.4,25.6,23.0
2026-06-04 11:11:38,CNB,Clear,0.33,7.12,1.4,20.6,47.0
2026-03-06 12:42:32,CNB,Clear,0.06,10.08,1.1,26.8,95.4
2026-01-14 22:52:54,CNB,Fog,0.83,2.87,0.8,35.0,67.3
2026-04-13 02:38:17,CNB,Clear,0.25,8.88,0.1,11.6,50.4
2026-01-25 14:10:16,CNB,Rain,0.53,4.3,18.3,27.9,100.0
2026-03-09 06:35:51,CNB,Cloudy,0.28,8.23,1.1,26.6,75.3
2026-04-14 18:18:39,CNB,Rain,0.16,7.03,10.1,24.5,75.0
2026-03-14 14:45:32,CNB,Clear,0.17,8.18,1.3,27.3,66.9
2026-06-24 18:44:19,CNB,Clear,0.36,6.73,0.4,20.3,54.6
2026-02-04 16:33:48,CNB,Clear,0.21,8.46,1.0,37.5,28.8
2026-05-08 08:53:41,CNB,Fog,0.73,3.76,0.2,23.8,70.1
2026-01-10 10:51:45,CNB,Clear,0.05,10.04,0.3,16.2,55.1
2026-06-10 05:54:55,CNB,Rain,0.5,4.77,15.8,18.0,63.9
2026-05-03 18:17:14,CNB,Clear,0.38,6.91,0.5,22.6,69.8
2026-04-28 21:00:04,CNB,Cloudy,0.18,8.35,1.3,23.4,54.4
2026-01-21 11:42:18,CNB,Rain,0.24,6.9,2.0,26.8,59.4
2026-05-27 12:20:42,CNB,Clear,0.23,7.74,0.5,21.7,57.0
2026-01-13 09:14:54,CNB,Cloudy,0.5,6.18,1.0,28.5,69.3
2026-02-12 19:09:36,CNB,Cloudy,0.2,8.15,0.5,34.5,60.1
2026-04-01 13:24:50,CNB,Clear,0.13,8.54,0.6,15.3,81.8
2026-03-31 21:35:18,CNB,Clear,0.15,7.35,1.5,30.8,36.5
2026-04-04 10:30:00,CNB,Cloudy,0.32,8.01,1.1,23.0,72.5
2026-03-21 00:00:53,CNB,Clear,0.12,8.38,0.8,29.4,78.4
2026-05-04 02:17:17,CNB,Fog,0.56,6.09,0.2,14.4,69.4
2026-04-28 01:54:43,CNB,Clear,0.69,4.47,0.3,16.3,100.0
2026-05-01 04:52:56,CNB,Cloudy,0.22,7.19,0.4,29.2,39.7
2026-04-08 02:56:30,CNB,Clear,0.44,6.15,0.6,27.0,57.8
2026-03-08 21:59:01,CNB,Clear,0.16,9.44,0.6,29.1,53.3
2026-01-11 17:23:17,CNB,Clear,0.4,6.97,0.4,24.1,84.5
2026-02-07 06:40:40,CNB,Rain,0.21,7.15,5.4,15.0,78.7
2026-05-22 14:34:25,CNB,Rain,0.09,7.45,16.7,34.7,78.7
2026-06-27 19:28:38,CNB,Clear,0.29,7.77,0.0,20.6,85.4
2026-06-28 10:31:23,CNB,Fog,0.51,4.95,1.0,18.5,60.3
2026-05-24 03:20:04,CNB,Cloudy,0.35,7.55,0.7,17.3,71.6
2026-02-27 18:28:05,CNB,Clear,0.06,9.3,1.2,44.4,64.0
2026-05-17 17:36:23,CNB,Rain,0.11,8.62,11.1,17.7,67.7
2026-05-02 13:48:18,CNB,Clear,0.13,8.54,0.5,20.2,57.8
2026-01-02 03:22:02,CNB,Clear,0.45,6.43,0.0,35.4,59.6
2026-06-15 06:33:08,CNB,Cloudy,0.17,8.64,0.9,22.0,56.2
2026-04-15 20:52:52,CNB,Rain,0.34,5.56,13.9,28.8,76.8
2026-06-27 00:04:31,CNB,Clear,0.19,8.0,1.0,21.3,74.9
2026-02-07 06:01:42,CNB,Rain,0.07,8.72,13.1,9.9,75.8
2026-04-22 23:14:58,CNB,Fog,0.5,6.09,0.2,29.6,48.8
2026-02-26 14:50:40,CNB,Rain,0.07,8.23,6.6,17.3,65.2
2026-03-08 14:50:41,CNB,Fog,0.51,5.26,0.3,18.3,79.4
2026-06-10 20:44:24,CNB,Clear,0.39,6.07,0.4,3.9,62.8
2026-03-11 19:23:54,CNB,Clear,0.31,6.48,1.1,23.1,62.8
2026-01-10 20:43:35,CNB,Clear,0.3,7.55,0.9,25.8,42.8
2026-02-01 02:45:19,CNB,Fog,0.67,4.68,0.9,32.8,48.5
2026-04-20 09:28:30,CNB,Clear,0.29,7.26,1.0,24.3,63.5
2026-03-07 16:54:13,CNB,Clear,0.56,5.44,0.8,23.9,56.0
2026-04-11 08:22:01,CNB,Cloudy,0.54,5.38,1.4,30.2,78.3
2026-02-13 11:34:41,CNB,Fog,0.52,5.78,0.2,30.4,56.5
2026-01-22 03:49:43,CNB,Cloudy,0.76,3.28,1.0,26.1,80.3
2026-05-20 00:06:17,CNB,Clear,0.37,7.18,0.4,22.3,62.3
2026-04-09 04:21:36,CNB,Clear,0.54,4.95,0.8,10.5,100.0
2026-04-07 14:36:53,CNB,Fog,1.0,1.2,1.5,25.2,100.0
2026-05-20 06:12:26,CNB,Clear,0.18,8.52,0.7,18.2,69.2
2026-03-10 01:16:07,CNB,Clear,0.56,4.75,1.0,26.1,56.0
2026-06-07 14:00:54,CNB,Clear,0.45,6.45,0.6,14.5,73.4
2026-03-18 03:03:32,CNB,Cloudy,0.21,8.19,1.4,35.2,67.7
2026-05-09 17:24:23,CNB,Clear,0.22,8.26,1.5,16.8,79.0
2026-01-09 11:10:44,CNB,Fog,0.88,3.45,0.2,21.5,53.1
2026-03-10 04:54:18,CNB,Clear,0.63,5.72,1.3,27.4,58.1
2026-06-10 05:16:54,CNB,Fog,0.69,4.47,1.0,24.3,57.0
2026-04-03 08:06:15,CNB,Fog,0.71,3.97,0.4,13.5,67.5
2026-05-20 10:59:01,CNB,Fog,0.56,4.91,1.2,25.8,60.3
2026-06-20 00:55:49,CNB,Cloudy,0.3,7.74,0.5,26.0,74.4
2026-05-10 00:04:36,CNB,Cloudy,0.59,5.37,1.2,26.2,86.5
2026-06-20 17:04:51,CNB,Clear,0.04,9.89,0.6,24.5,70.1
2026-02-05 17:02:39,CNB,Clear,0.37,6.09,0.5,32.2,75.4
2026-06-15 08:10:26,CNB,Rain,0.29,6.12,12.2,29.2,75.9
2026-06-14 01:35:15,CNB,Rain,0.39,5.0,14.7,41.6,53.6
2026-04-16 01:24:49,CNB,Clear,0.44,6.2,1.1,14.7,52.4
2026-03-08 05:18:04,CNB,Clear,0.36,6.24,0.1,19.8,56.5
2026-04-12 04:05:18,CNB,Rain,0.46,5.76,6.8,25.5,84.5
2026-02-04 18:56:33,CNB,Clear,0.26,8.44,1.0,23.5,51.0
2026-02-19 00:27:12,CNB,Clear,0.22,7.45,1.4,19.6,76.7
2026-03-15 02:44:52,CNB,Cloudy,0.12,9.31,0.8,20.1,56.0
2026-04-27 03:28:27,CNB,Clear,0.38,7.14,0.1,9.2,88.3
2026-06-10 14:19:10,CNB,Fog,0.85,2.5,0.1,37.5,58.6
2026-01-28 23:00:05,CNB,Clear,0.58,4.11,1.2,15.0,63.4
2026-03-06 15:27:02,CNB,Clear,0.3,7.13,0.6,30.2,68.3
2026-03-13 10:06:50,CNB,Clear,0.2,8.19,1.4,18.3,77.7
2026-04-26 08:39:15,CNB,Cloudy,0.36,6.28,1.0,14.9,83.9
2026-06-22 13:07:36,CNB,Clear,0.34,6.27,0.6,26.5,86.0
2026-03-29 02:41:13,CNB,Fog,0.89,2.61,0.8,15.9,87.3
2026-01-01 05:13:55,CNB,Clear,0.11,9.18,0.4,31.4,64.6
2026-06-16 22:36:00,CNB,Cloudy,0.2,7.57,0.3,20.0,20.0
2026-04-17 16:11:57,CNB,Cloudy,0.06,9.27,0.1,36.3,51.1
2026-03-05 15:11:14,CNB,Clear,0.3,8.01,0.6,16.6,97.0
2026-06-11 06:59:48,CNB,Clear,0.48,6.7,0.7,8.5,62.3
2026-01-09 18:17:54,CNB,Clear,0.11,9.38,1.2,19.9,47.4
2026-03-12 02:30:12,CNB,Fog,0.5,5.62,1.2,22.4,97.7
2026-05-25 12:15:22,CNB,Clear,0.62,4.51,0.4,26.9,49.5
2026-06-25 17:05:40,CNB,Fog,0.83,2.96,0.9,24.6,94.0
2026-01-27 08:33:38,CNB,Rain,0.24,6.05,16.1,20.9,53.2
2026-05-04 10:01:13,CNB,Clear,0.14,9.45,0.4,28.1,91.1
2026-01-20 12:07:59,CNB,Clear,0.29,8.06,1.1,19.3,57.4
2026-01-28 11:21:18,CNB,Fog,0.61,4.78,1.5,25.1,72.2
2026-02-14 18:58:20,CNB,Clear,0.2,8.96,1.1,29.7,59.1
2026-02-26 08:03:19,CNB,Clear,0.14,9.24,1.4,22.1,59.0
2026-02-26 19:27:26,CNB,Cloudy,0.21,8.01,0.5,28.7,77.9
2026-05-09 21:06:01,CNB,Fog,0.5,6.2,1.0,26.5,69.6
2026-03-27 15:10:02,CNB,Clear,0.36,5.9,0.6,23.2,79.4
2026-02-21 10:02:20,CNB,Clear,0.34,7.04,0.7,29.6,75.3
2026-02-18 22:02:32,CNB,Clear,0.2,8.5,1.4,38.4,53.7
2026-06-06 05:03:06,CNB,Clear,0.45,6.17,0.7,17.2,45.2
2026-04-19 14:29:04,CNB,Cloudy,0.23,7.78,0.3,22.0,82.6
2026-01-09 01:59:37,CNB,Fog,0.67,4.63,0.6,27.0,100.0
2026-06-18 20:22:03,CNB,Clear,0.21,7.79,1.2,14.6,88.1
2026-01-17 11:47:34,CNB,Clear,0.31,7.8,1.1,39.3,76.4
2026-05-23 22:11:12,CNB,Fog,0.68,3.75,0.5,15.4,62.7
2026-04-19 22:39:48,CNB,Clear,0.26,8.11,1.1,15.2,63.2
2026-05-20 22:06:39,CNB,Fog,1.0,1.29,0.9,39.0,44.1
2026-02-02 07:39:24,CNB,Clear,0.61,5.79,1.4,17.4,68.1
2026-05-31 09:43:26,CNB,Clear,0.52,5.83,1.4,13.4,75.8
2026-02-13 23:37:06,CNB,Clear,0.09,9.07,0.8,25.3,48.6
2026-06-20 21:20:34,CNB,Fog,0.7,4.66,0.3,29.2,81.9
2026-03-06 02:11:04,CNB,Clear,0.11,9.23,0.1,18.3,99.3
2026-01-09 12:54:49,CNB,Cloudy,0.41,6.1,0.7,33.9,61.0
2026-03-09 11:22:30,CNB,Clear,0.06,8.83,1.1,33.3,32.6
2026-01-22 13:25:33,CNB,Clear,0.27,7.82,0.9,20.7,66.6
2026-03-07 14:39:35,CNB,Clear,0.2,8.75,1.3,11.0,100.0
2026-04-29 11:16:38,CNB,Clear,0.13,9.52,0.4,31.9,33.9
2026-04-15 22:28:19,CNB,Clear,0.15,8.22,0.4,39.4,48.9
2026-04-16 16:53:00,CNB,Clear,0.22,8.23,1.3,29.5,66.7
2026-01-28 17:50:58,CNB,Clear,0.57,4.85,0.8,41.5,86.3
2026-05-23 21:42:07,CNB,Rain,0.04,9.35,9.0,22.1,38.6
2026-04-01 05:51:03,CNB,Clear,0.46,5.77,0.9,25.8,82.5
2026-05-22 14:01:50,CNB,Cloudy,0.71,3.75,1.0,34.6,86.6
2026-05-25 09:31:35,CNB,Clear,0.01,10.37,0.3,38.5,53.1
2026-05-23 05:39:16,CNB,Clear,0.32,6.26,0.5,24.3,42.3
2026-06-21 19:17:11,CNB,Rain,0.27,6.49,5.8,17.2,96.9
2026-03-26 03:03:54,CNB,Cloudy,0.38,6.55,1.4,18.6,54.1
2026-02-05 16:10:36,CNB,Clear,0.25,8.19,0.5,25.0,91.6
2026-01-20 00:47:24,CNB,Fog,0.66,4.58,0.7,36.7,56.5
2026-06-23 19:56:35,CNB,Clear,0.34,7.13,1.4,20.6,46.8
2026-06-07 03:18:55,CNB,Clear,0.38,6.6,0.2,26.5,69.4
2026-06-24 06:37:48,CNB,Fog,0.71,3.39,1.1,37.4,90.4
2026-01-23 10:44:09,CNB,Cloudy,0.11,9.03,1.3,32.2,43.8
2026-01-22 18:34:07,CNB,Clear,0.53,5.55,0.9,21.5,82.5
2026-01-07 07:18:46,CNB,Clear,0.51,5.62,0.2,20.6,80.9
2026-03-23 23:57:09,CNB,Clear,0.27,7.76,0.4,20.5,58.6
2026-06-13 03:42:54,CNB,Fog,0.71,3.65,0.1,17.5,72.3
2026-04-14 06:27:30,CNB,Rain,0.04,7.66,4.1,16.0,86.3
2026-03-17 15:51:17,CNB,Rain,0.14,7.7,5.6,18.3,75.4
2026-06-20 02:41:53,CNB,Fog,0.69,4.32,0.5,22.2,54.4
2026-04-10 04:29:56,CNB,Clear,0.15,8.36,1.4,38.5,47.4
2026-05-13 16:11:31,CNB,Clear,0.25,8.04,0.6,17.8,47.3
2026-02-13 13:30:09,CNB,Clear,0.29,7.51,0.1,22.9,54.3
2026-02-14 13:49:06,CNB,Cloudy,0.26,8.19,0.2,17.2,73.5
2026-01-18 11:41:17,CNB,Clear,0.15,8.5,1.2,30.9,89.7
2026-01-31 06:26:51,CNB,Clear,0.43,6.72,1.0,22.2,43.6
2026-05-28 15:12:04,CNB,Clear,0.22,8.39,0.1,24.8,47.6
2026-04-18 22:14:24,CNB,Clear,0.36,7.08,0.6,22.4,38.2
2026-06-16 16:19:57,CNB,Clear,0.48,6.0,0.4,12.6,64.1
2026-05-11 21:09:07,CNB,Clear,0.24,7.26,0.5,20.4,87.2
2026-04-20 16:25:29,CNB,Clear,0.39,5.95,0.1,11.0,59.2
2026-05-10 02:11:14,CNB,Clear,0.1,9.04,0.0,43.5,60.1
2026-06-12 18:29:07,CNB,Clear,0.4,6.2,0.9,19.1,52.0
2026-06-16 12:47:45,CNB,Fog,0.43,6.67,0.7,29.5,48.7
2026-06-10 23:31:25,CNB,Rain,0.2,6.66,5.2,19.0,73.8
2026-02-25 05:07:56,CNB,Clear,0.22,7.69,0.9,21.3,53.6
2026-05-14 04:05:54,CNB,Fog,0.85,3.16,1.0,32.4,81.1
2026-03-10 22:21:13,CNB,Clear,0.21,7.56,1.2,23.3,52.9
2026-04-06 14:21:14,CNB,Clear,0.19,8.08,0.4,34.7,51.0
2026-05-05 08:20:12,CNB,Cloudy,0.26,7.25,1.2,27.2,75.4
2026-05-29 10:41:33,CNB,Clear,0.44,5.82,0.8,29.1,64.0
2026-03-28 20:08:29,CNB,Rain,0.04,8.45,3.0,22.0,70.4
2026-03-25 04:07:52,CNB,Clear,0.5,5.24,1.3,33.0,82.0
2026-02-28 14:25:56,CNB,Rain,0.14,7.34,6.6,10.5,22.7
2026-03-30 19:56:03,CNB,Cloudy,0.35,7.58,0.9,31.3,69.6
2026-02-23 18:17:55,CNB,Clear,0.25,7.34,0.2,18.9,41.0
2026-04-21 15:49:27,CNB,Rain,0.19,7.66,10.8,31.8,71.1
2026-06-24 00:12:46,CNB,Rain,0.03,9.03,3.7,24.6,72.9
2026-01-02 16:24:46,CNB,Clear,0.1,9.14,0.5,26.6,69.4
2026-03-22 00:55:03,CNB,Clear,0.58,5.56,0.8,17.5,86.3
2026-03-12 11:18:10,CNB,Clear,0.41,7.26,0.6,24.0,75.3
2026-05-17 08:20:21,CNB,Cloudy,0.08,8.89,1.3,20.8,78.2
2026-01-11 09:18:23,CNB,Clear,0.48,5.78,1.3,32.0,71.3
2026-06-16 13:46:58,CNB,Clear,0.3,8.58,1.1,33.7,45.2
2026-03-27 19:33:49,CNB,Fog,0.48,5.77,0.2,10.8,53.1
2026-06-02 01:30:05,CNB,Clear,0.35,7.04,1.3,12.4,83.7
2026-01-19 23:54:45,CNB,Clear,0.27,7.98,0.1,27.5,66.5
2026-03-08 12:24:56,CNB,Cloudy,0.29,7.24,0.9,29.1,55.5
2026-04-29 21:41:24,CNB,Cloudy,0.33,7.1,0.2,29.5,42.7
2026-03-16 11:25:14,CNB,Cloudy,0.62,4.42,1.2,19.8,54.4
2026-06-19 01:10:30,CNB,Clear,0.43,6.3,0.9,29.5,65.1
2026-03-27 21:42:52,CNB,Rain,0.18,7.78,3.0,29.1,50.3
2026-05-17 23:29:03,CNB,Clear,0.29,6.71,0.3,29.0,49.8
2026-05-17 22:16:25,CNB,Clear,0.21,8.3,0.4,13.5,56.8
2026-01-31 15:15:30,CNB,Clear,0.6,5.62,0.8,23.2,93.4
2026-02-04 15:21:36,CNB,Rain,0.31,5.45,5.5,12.6,52.7
2026-06-28 07:33:59,CNB,Cloudy,0.65,4.11,0.6,26.5,83.4
2026-02-05 05:51:33,CNB,Fog,0.59,4.53,0.9,17.9,43.1
2026-05-14 04:36:30,CNB,Rain,0.18,7.01,5.0,38.5,84.2
2026-01-29 01:16:58,CNB,Rain,0.32,6.48,6.6,16.5,43.9
2026-02-19 05:51:10,CNB,Rain,0.35,5.98,1.3,27.1,49.1
2026-02-24 17:20:49,CNB,Cloudy,0.14,9.0,0.4,38.7,71.1
2026-06-05 12:08:08,CNB,Cloudy,0.1,9.86,1.4,20.0,44.8
2026-01-02 01:09:37,CNB,Clear,0.13,9.19,0.6,19.6,78.1
2026-06-16 04:29:25,CNB,Clear,0.26,6.96,1.0,17.8,46.5
2026-03-22 08:41:16,CNB,Clear,0.09,9.28,1.5,22.9,73.4
2026-01-27 16:30:21,CNB,Clear,0.12,8.82,1.3,25.7,46.0
2026-05-29 20:10:53,CNB,Clear,0.25,7.82,0.6,34.7,68.8
2026-03-09 07:00:19,CNB,Clear,0.23,8.22,0.4,30.3,79.4
2026-03-25 09:59:13,CNB,Cloudy,0.14,8.68,1.3,17.5,33.4
2026-02-08 05:02:44,CNB,Fog,0.61,4.75,0.7,17.4,70.9
2026-04-22 12:53:02,CNB,Cloudy,0.48,6.24,1.5,43.5,88.0
2026-06-18 10:34:47,CNB,Rain,0.22,6.99,10.3,26.3,37.2
2026-05-31 05:50:42,CNB,Cloudy,0.38,6.93,0.1,14.3,66.9
2026-06-24 15:35:07,CNB,Rain,0.4,5.85,5.8,41.1,66.7
2026-03-27 06:14:36,CNB,Clear,0.57,5.2,1.1,25.7,67.2
2026-04-30 01:26:42,CNB,Cloudy,0.24,8.58,0.9,13.7,20.8
2026-06-22 04:21:27,CNB,Cloudy,0.44,6.25,0.6,9.9,61.3
2026-06-30 07:24:46,CNB,Fog,0.6,4.95,1.4,24.7,75.8
2026-01-25 07:58:50,CNB,Fog,0.91,2.01,0.5,32.3,85.6
2026-04-01 13:46:25,CNB,Clear,0.23,8.01,0.6,11.4,56.6
2026-05-28 21:45:29,CNB,Clear,0.34,7.1,1.2,23.3,77.3
2026-01-13 12:28:34,CNB,Fog,0.62,5.26,0.1,35.3,47.3
2026-04-14 23:16:36,CNB,Clear,0.28,8.25,1.4,15.7,100.0
2026-05-10 01:12:35,CNB,Fog,0.62,4.28,1.1,16.8,47.9
2026-04-19 20:33:33,CNB,Fog,0.75,4.32,0.3,23.8,52.8
2026-03-09 14:51:23,CNB,Clear,0.28,7.95,0.7,21.2,63.8
2026-01-24 11:03:49,CNB,Clear,0.26,7.88,1.4,20.7,90.1
2026-01-18 18:54:39,CNB,Clear,0.16,8.46,0.8,27.4,51.0
2026-02-03 22:54:35,CNB,Clear,0.12,9.26,0.8,14.8,66.1
2026-01-22 11:01:22,CNB,Clear,0.33,6.83,0.8,33.8,81.4
2026-01-01 22:51:44,CNB,Cloudy,0.7,4.09,0.0,35.0,61.7
2026-01-15 23:42:27,CNB,Clear,0.4,6.56,0.1,28.8,89.4
2026-04-15 02:20:35,CNB,Clear,0.06,9.62,0.5,30.8,33.9
2026-03-28 09:45:10,CNB,Rain,0.36,5.5,5.1,16.7,66.9
2026-06-28 12:33:03,CNB,Cloudy,0.4,6.21,0.6,21.1,51.8
2026-04-10 20:28:15,CNB,Cloudy,0.17,8.61,1.0,30.2,61.0
2026-01-06 03:01:12,CNB,Clear,0.23,9.02,1.5,32.5,59.0
2026-01-05 23:17:20,CNB,Rain,0.43,5.38,5.7,25.4,65.6
2026-05-10 07:14:38,CNB,Clear,0.45,6.41,0.9,18.9,47.8
2026-06-22 01:26:30,CNB,Clear,0.17,8.91,0.7,18.9,63.1
2026-01-30 11:27:10,CNB,Clear,0.13,9.44,0.7,33.2,55.1
2026-02-23 03:28:29,CNB,Rain,0.22,6.5,5.7,25.3,38.8
2026-03-13 10:37:35,CNB,Cloudy,0.7,2.84,0.9,27.1,100.0
2026-01-02 02:59:21,CNB,Clear,0.29,7.94,1.4,22.6,47.9
2026-02-12 22:14:19,CNB,Clear,0.2,8.86,1.3,28.0,57.4
2026-02-08 13:39:56,CNB,Clear,0.38,7.19,0.7,30.0,20.0
2026-02-11 13:18:21,CNB,Clear,0.07,10.3,1.4,23.9,56.2
2026-02-28 02:29:13,CNB,Cloudy,0.09,8.88,0.7,25.7,73.2
2026-06-18 21:43:51,CNB,Fog,0.66,3.77,0.2,13.8,64.9
2026-06-04 17:47:52,CNB,Clear,0.25,7.72,1.0,24.5,66.6
2026-01-09 01:29:15,CNB,Rain,0.33,5.55,6.6,31.1,94.1
2026-05-31 08:16:24,CNB,Clear,0.16,8.98,0.4,23.1,37.6
2026-01-09 14:25:40,CNB,Rain,0.36,6.03,11.0,2.4,64.9
2026-06-09 06:29:01,CNB,Clear,0.18,8.13,0.7,29.3,65.7
2026-02-24 00:47:06,CNB,Clear,0.37,7.28,0.3,8.7,45.8
2026-02-06 11:12:40,CNB,Clear,0.28,7.55,1.2,29.0,63.4
2026-02-26 10:32:21,CNB,Clear,0.31,7.1,0.9,19.6,46.8
2026-05-25 10:40:24,CNB,Rain,0.4,5.86,0.7,23.1,62.7
2026-04-01 18:14:06,CNB,Cloudy,0.33,7.16,0.3,23.2,54.9
2026-05-31 08:58:19,CNB,Clear,0.43,6.38,0.3,32.9,100.0
2026-02-13 04:35:59,CNB,Fog,0.53,4.82,1.5,12.8,88.4
2026-03-13 08:28:56,CNB,Cloudy,0.28,7.81,0.2,33.5,91.9
2026-04-22 20:13:55,CNB,Rain,0.15,7.44,2.3,15.1,46.2
2026-02-24 22:00:37,CNB,Clear,0.34,7.49,1.1,20.9,76.3
2026-05-28 16:23:50,CNB,Clear,0.22,7.7,1.5,22.0,78.2
2026-01-01 04:04:11,CNB,Fog,0.66,4.43,0.4,32.7,82.6
2026-06-19 08:34:29,CNB,Clear,0.36,5.68,0.2,24.7,71.7
2026-02-27 14:04:26,CNB,Clear,0.27,7.14,0.7,28.5,67.6
2026-05-10 10:49:30,CNB,Clear,0.31,7.53,1.3,19.5,60.1
2026-04-05 13:43:43,CNB,Clear,0.3,6.5,1.1,21.7,42.6
2026-04-09 16:31:46,CNB,Clear,0.53,6.1,0.4,29.8,75.9
2026-02-13 21:47:45,CNB,Rain,0.12,8.44,0.4,18.4,54.0
2026-03-08 22:44:28,CNB,Clear,0.53,5.72,0.1,26.9,44.3
2026-04-04 20:57:00,CNB,Clear,0.56,4.62,0.2,35.8,55.4
2026-02-18 23:39:17,CNB,Clear,0.29,8.41,1.0,21.9,41.5
2026-03-17 01:25:29,CNB,Fog,0.61,5.69,0.1,35.0,62.3
2026-06-10 22:26:53,CNB,Clear,0.24,8.04,0.6,17.5,57.6
2026-05-23 02:51:46,CNB,Clear,0.28,7.15,1.4,15.9,73.1
2026-05-27 22:50:44,CNB,Fog,0.36,6.88,0.9,15.1,67.3
2026-02-17 11:23:40,CNB,Clear,0.06,9.8,0.6,26.8,69.2
2026-03-19 18:33:40,CNB,Clear,0.45,6.01,1.0,17.0,60.9
2026-05-12 00:57:54,CNB,Clear,0.46,5.87,0.4,26.5,81.9
2026-05-27 08:37:21,CNB,Clear,0.32,7.26,0.0,28.4,100.0
2026-04-13 03:51:52,CNB,Clear,0.16,9.1,0.1,29.2,51.7
2026-06-02 13:27:34,CNB,Clear,0.21,8.45,1.1,9.8,74.7
2026-01-22 20:41:10,CNB,Clear,0.1,9.68,1.4,39.5,81.6
2026-01-13 05:20:19,CNB,Clear,0.38,5.7,1.2,15.0,33.3
2026-04-04 16:18:55,CNB,Cloudy,0.25,8.25,1.1,30.1,65.2
2026-02-22 14:05:09,CNB,Cloudy,0.22,8.36,1.4,21.0,95.6
2026-01-30 09:07:27,CNB,Clear,0.28,7.6,1.0,14.2,49.7
2026-02-05 07:43:59,CNB,Clear,0.3,7.28,1.3,20.1,42.1
2026-03-13 19:47:10,CNB,Clear,0.26,7.88,0.1,11.1,56.7
2026-01-22 09:08:22,CNB,Clear,0.39,6.98,1.4,13.0,88.0
2026-06-22 19:14:37,CNB,Cloudy,0.25,8.55,0.2,33.7,56.5
2026-03-07 19:32:58,CNB,Fog,0.62,4.76,0.5,21.8,98.8
2026-05-23 22:14:51,CNB,Cloudy,0.25,8.24,0.8,10.1,72.4
2026-02-27 13:16:17,CNB,Clear,0.31,7.71,1.4,18.4,77.7
2026-03-28 21:34:20,CNB,Rain,0.62,4.01,14.8,6.7,91.9
2026-04-22 12:01:05,CNB,Clear,0.07,10.06,0.1,22.4,31.2
2026-01-27 12:24:50,CNB,Fog,0.75,4.16,0.5,5.4,79.8
2026-01-19 14:41:02,CNB,Clear,0.09,8.27,0.3,17.9,45.3
2026-01-02 15:23:55,CNB,Clear,0.46,6.03,1.3,35.2,56.6
2026-05-15 23:29:39,CNB,Clear,0.06,9.69,0.3,20.9,33.3
2026-01-03 21:51:33,CNB,Clear,0.12,9.2,0.5,22.9,62.9
2026-03-18 17:21:49,CNB,Rain,0.43,4.94,4.7,35.5,100.0
2026-06-22 07:16:54,CNB,Rain,0.17,8.2,3.0,30.3,61.1
2026-04-18 16:44:14,CNB,Clear,0.18,8.59,1.2,31.8,48.3
2026-01-19 02:52:55,CNB,Cloudy,0.21,8.86,0.4,9.1,70.7
2026-01-21 06:34:25,CNB,Cloudy,0.58,5.17,0.5,25.7,96.9
2026-06-13 19:38:01,CNB,Clear,0.34,6.73,1.3,23.2,62.0
2026-02-13 09:41:08,CNB,Cloudy,0.21,8.34,1.3,41.8,100.0
2026-02-23 17:47:31,CNB,Rain,0.17,6.93,4.8,27.4,80.1
2026-02-17 19:55:39,CNB,Clear,0.08,9.1,0.5,37.8,51.0
2026-06-18 04:29:09,CNB,Rain,0.16,7.45,11.4,28.5,58.9
2026-01-09 23:54:38,CNB,Rain,0.34,6.38,7.6,30.3,30.3
2026-03-13 03:48:28,CNB,Clear,0.17,8.46,1.0,38.8,51.5
2026-04-06 00:00:06,CNB,Clear,0.32,7.1,1.5,11.5,77.9
2026-06-19 10:19:17,CNB,Clear,0.14,9.49,1.3,39.0,72.5
2026-06-28 03:42:04,CNB,Clear,0.35,6.77,0.0,34.6,64.1
2026-02-23 20:30:17,CNB,Clear,0.17,8.44,1.2,29.0,57.8
2026-06-22 00:18:16,CNB,Clear,0.27,7.78,1.0,14.2,60.8
2026-01-15 15:33:06,CNB,Clear,0.56,5.87,0.6,25.8,65.6
2026-01-18 04:09:45,CNB,Fog,0.5,5.96,0.9,31.8,90.3
2026-03-23 01:34:58,CNB,Clear,0.34,6.92,1.1,21.7,81.9
2026-05-14 23:19:28,CNB,Clear,0.48,6.15,1.3,21.5,49.3
2026-02-06 13:46:21,CNB,Cloudy,0.3,6.86,1.4,23.2,85.2
2026-05-15 16:58:38,CNB,Clear,0.21,8.81,0.4,42.6,79.4
2026-05-08 19:28:19,CNB,Clear,0.53,5.78,0.1,21.3,75.5
2026-06-26 17:37:44,CNB,Rain,0.26,6.37,15.1,28.9,78.7
2026-06-09 16:45:06,CNB,Fog,0.63,4.49,0.3,11.8,71.3
2026-03-02 04:53:14,CNB,Rain,0.32,5.44,3.3,33.1,64.0
2026-06-19 01:04:51,CNB,Clear,0.04,8.89,0.5,26.3,76.5
2026-01-20 04:57:33,CNB,Clear,0.39,7.29,1.2,9.8,48.1
2026-01-28 10:26:30,CNB,Rain,0.22,6.87,3.2,25.1,58.1
2026-06-07 04:39:23,CNB,Cloudy,0.09,9.11,0.8,23.8,48.5
2026-06-05 20:22:09,CNB,Cloudy,0.23,7.81,0.3,7.5,74.1
2026-02-19 02:37:50,CNB,Clear,0.1,8.74,1.1,29.2,29.1
2026-03-10 12:18:54,CNB,Clear,0.05,10.33,0.6,19.5,40.3
2026-05-26 21:01:35,CNB,Fog,0.42,6.04,0.1,24.8,50.0
2026-02-18 19:55:24,CNB,Clear,0.49,6.2,0.7,21.4,65.7
2026-06-24 01:14:07,CNB,Rain,0.13,7.99,6.7,16.8,58.7
2026-05-26 14:30:26,CNB,Clear,0.37,6.76,0.4,7.3,72.7
2026-03-13 20:03:52,CNB,Clear,0.02,9.31,0.7,25.3,52.7
2026-01-25 12:56:56,CNB,Rain,0.14,7.43,6.5,20.4,82.8
2026-02-18 19:45:28,CNB,Cloudy,0.11,8.94,0.6,19.1,49.5
2026-05-29 11:58:37,CNB,Clear,0.46,5.94,0.1,16.5,62.1
2026-03-10 10:12:04,CNB,Fog,0.76,3.9,0.7,29.2,68.1
2026-05-12 11:30:53,CNB,Clear,0.15,8.76,1.4,7.9,58.6
2026-01-26 07:06:04,CNB,Rain,0.04,8.42,2.1,13.8,70.0
2026-02-08 13:05:35,CNB,Fog,0.53,5.98,0.8,29.3,63.5
2026-04-02 10:38:28,CNB,Clear,0.38,7.09,0.7,21.2,63.0
2026-03-18 12:38:39,CNB,Cloudy,0.26,7.25,0.5,25.2,84.8
2026-06-28 17:50:38,CNB,Clear,0.05,9.24,0.2,19.8,70.4
2026-02-26 23:18:46,CNB,Clear,0.16,9.38,0.1,15.5,28.9
2026-01-31 10:55:41,CNB,Clear,0.07,9.42,0.5,12.7,49.3
2026-05-12 03:26:15,CNB,Clear,0.08,8.88,1.5,19.5,90.9
2026-03-29 15:07:04,CNB,Cloudy,0.22,8.11,1.3,18.9,100.0
2026-01-12 19:06:16,CNB,Clear,0.37,7.42,0.2,36.9,54.2
2026-02-10 04:08:06,CNB,Cloudy,0.22,7.91,0.9,14.4,43.0
2026-02-09 00:10:03,CNB,Cloudy,0.14,9.23,0.9,10.5,35.9
2026-02-26 04:42:55,CNB,Fog,0.58,5.24,1.1,21.1,48.8
2026-06-21 04:34:30,CNB,Clear,0.57,4.75,1.3,21.6,52.0
2026-04-11 01:55:53,CNB,Clear,0.29,7.17,0.4,18.3,67.1
2026-01-28 19:25:33,CNB,Clear,0.26,7.26,0.6,26.4,91.2
2026-03-27 23:58:41,CNB,Cloudy,0.15,8.81,0.4,25.2,31.5
2026-03-19 23:00:55,CNB,Clear,0.43,6.02,0.4,19.6,42.8
2026-02-12 09:53:20,CNB,Clear,0.6,4.91,1.0,37.6,93.5
2026-04-26 01:29:45,CNB,Clear,0.12,9.7,0.6,20.3,72.0
2026-05-22 01:00:31,CNB,Clear,0.43,6.06,0.5,25.7,82.5
2026-05-13 13:28:26,CNB,Clear,0.05,9.29,0.4,31.4,70.1
2026-06-04 08:30:51,CNB,Rain,0.13,7.11,1.2,22.6,67.2
2026-03-19 10:05:31,CNB,Rain,0.41,4.94,10.4,23.0,46.8
2026-01-12 19:47:40,CNB,Clear,0.13,8.43,1.4,16.7,60.9
2026-04-06 01:15:23,CNB,Clear,0.35,8.01,1.1,20.0,70.3
2026-05-11 08:37:21,CNB,Rain,0.24,6.09,1.9,28.8,56.5
2026-06-09 16:30:19,CNB,Fog,0.78,3.82,1.2,28.7,71.2
2026-05-27 12:06:15,CNB,Fog,0.65,4.65,0.8,28.3,90.2
2026-02-17 21:43:08,CNB,Fog,0.75,4.4,0.8,18.8,56.2
2026-05-13 11:47:09,CNB,Cloudy,0.37,6.63,0.9,33.7,73.7
2026-02-16 17:33:08,CNB,Clear,0.21,8.55,1.2,11.8,58.0
2026-06-04 11:30:26,CNB,Fog,0.62,6.34,0.4,21.9,92.9
2026-04-09 11:45:18,CNB,Clear,0.15,8.88,0.2,31.1,51.4
2026-06-15 02:14:12,CNB,Rain,0.47,4.81,19.2,34.0,77.0
2026-01-05 18:04:26,CNB,Clear,0.31,7.27,0.9,42.1,51.9
2026-03-05 22:28:33,CNB,Fog,0.43,6.74,0.8,31.5,100.0
2026-02-26 12:08:08,CNB,Clear,0.11,8.72,0.9,33.2,66.5
2026-05-20 10:03:08,CNB,Cloudy,0.41,6.18,1.2,28.3,93.9
2026-06-16 20:16:25,CNB,Clear,0.1,9.43,0.9,39.5,89.0
2026-01-12 15:57:01,CNB,Clear,0.19,8.95,0.9,19.5,50.8
2026-01-23 17:26:26,CNB,Clear,0.41,6.82,1.2,16.1,71.2
2026-03-06 12:30:14,CNB,Rain,0.45,5.16,15.0,36.0,58.3
2026-06-07 12:12:28,CNB,Cloudy,0.42,6.09,0.1,36.6,30.2
2026-04-21 14:41:28,CNB,Clear,0.3,8.34,0.8,43.6,69.9
2026-01-04 06:52:44,CNB,Cloudy,0.07,9.27,1.5,22.5,78.0
2026-01-05 09:18:14,CNB,Clear,0.16,8.76,1.3,19.6,71.4
2026-03-23 01:09:36,CNB,Clear,0.05,9.13,0.3,14.5,65.4
2026-03-27 10:07:20,CNB,Cloudy,0.55,5.98,0.9,21.2,82.8
2026-01-06 02:40:27,CNB,Fog,0.53,5.44,0.4,16.4,70.8
2026-05-08 21:19:01,CNB,Clear,0.12,8.95,0.8,30.2,32.7
2026-02-25 03:11:36,CNB,Clear,0.14,8.66,1.1,17.8,42.8
2026-06-14 13:24:50,CNB,Clear,0.2,8.78,1.0,18.2,48.1
2026-04-11 21:25:33,CNB,Clear,0.44,6.14,1.1,38.6,82.2
2026-03-01 08:39:57,CNB,Rain,0.46,4.77,10.1,26.0,74.8
2026-04-08 17:17:34,CNB,Cloudy,0.48,6.66,1.1,18.6,33.9
2026-06-05 22:54:33,CNB,Clear,0.17,8.29,0.7,25.5,25.9
2026-05-25 16:43:15,CNB,Clear,0.05,10.85,0.4,41.6,55.5
2026-04-27 02:58:49,CNB,Cloudy,0.21,8.19,1.3,11.6,100.0
2026-06-25 02:43:01,CNB,Rain,0.45,5.56,3.9,18.7,37.7
2026-06-29 01:19:29,CNB,Clear,0.53,5.54,0.0,19.8,100.0
2026-05-06 15:14:24,CNB,Clear,0.7,4.31,1.2,18.7,44.0
2026-01-29 23:18:55,CNB,Cloudy,0.4,6.7,0.0,17.0,87.8
2026-01-18 21:01:50,CNB,Cloudy,0.26,8.03,1.0,24.8,65.7
2026-06-04 02:51:12,CNB,Clear,0.11,9.73,0.7,19.0,50.2
2026-04-15 04:31:50,CNB,Clear,0.05,9.04,1.3,14.5,20.0
2026-06-29 14:06:08,CNB,Rain,0.45,4.64,1.4,32.6,77.9
2026-03-30 18:07:36,CNB,Clear,0.29,7.84,1.1,30.3,52.8
2026-04-01 17:07:31,CNB,Clear,0.25,8.07,1.0,12.7,63.5
2026-05-12 12:33:15,CNB,Clear,0.37,6.4,0.8,25.9,57.3
2026-05-28 07:45:46,CNB,Fog,0.61,4.34,0.1,35.1,65.8
2026-06-14 12:02:34,CNB,Clear,0.47,4.9,0.8,26.4,53.7
2026-04-10 19:27:35,CNB,Clear,0.49,6.22,0.5,26.0,70.0
2026-02-22 06:00:52,CNB,Rain,0.15,7.7,4.5,15.6,43.5
2026-01-05 12:09:38,CNB,Cloudy,0.37,7.27,0.6,30.5,73.7
2026-04-24 03:50:43,CNB,Rain,0.33,5.74,1.3,13.5,70.5
2026-03-09 22:34:15,CNB,Clear,0.09,8.99,0.5,23.0,65.9
2026-03-20 06:36:22,CNB,Clear,0.26,7.46,0.2,19.2,58.3
2026-05-05 23:46:30,CNB,Cloudy,0.4,6.01,0.6,19.1,32.8
2026-01-05 00:22:09,CNB,Clear,0.5,5.43,0.1,17.4,73.2
2026-03-09 12:46:31,CNB,Rain,0.05,8.53,5.8,26.0,69.8
2026-05-07 19:55:37,CNB,Cloudy,0.11,8.63,1.2,25.1,74.8
2026-03-03 11:25:28,CNB,Clear,0.63,4.19,0.2,33.6,72.6
2026-06-11 20:25:41,CNB,Clear,0.21,8.78,0.9,29.2,57.5
2026-05-01 03:54:35,CNB,Clear,0.08,9.25,1.3,25.9,85.3
2026-04-23 21:28:14,CNB,Fog,0.62,4.88,0.2,29.2,63.4
2026-03-20 09:17:51,CNB,Clear,0.08,8.86,1.4,29.0,82.6
2026-01-19 13:59:20,CNB,Clear,0.09,9.22,1.4,29.4,47.5
2026-02-09 00:03:20,CNB,Fog,0.77,3.26,0.5,22.3,69.1
2026-05-03 22:04:56,CNB,Rain,0.3,6.2,4.3,13.6,98.4
2026-04-23 04:30:12,CNB,Clear,0.13,8.93,0.2,20.3,63.5
2026-03-26 13:39:35,CNB,Cloudy,0.27,8.04,0.1,35.9,77.6
2026-05-26 19:46:30,CNB,Rain,0.35,5.33,5.1,28.9,75.8
2026-04-30 20:45:18,CNB,Fog,0.52,4.38,0.0,19.5,69.6
2026-06-14 07:05:49,CNB,Fog,0.51,5.01,1.1,38.7,66.3
2026-06-20 22:09:01,CNB,Clear,0.44,5.68,0.3,18.3,84.0
2026-01-09 12:24:41,CNB,Clear,0.07,9.35,1.2,18.0,45.4
2026-01-17 15:47:25,CNB,Clear,0.46,5.71,0.4,24.9,100.0
2026-05-20 16:35:09,CNB,Cloudy,0.35,7.46,1.4,17.9,58.7
2026-05-30 08:26:23,CNB,Clear,0.15,8.45,0.8,21.9,69.1
2026-01-11 22:04:30,CNB,Clear,0.12,9.33,1.4,26.7,54.7
2026-06-01 04:55:35,CNB,Cloudy,0.22,7.96,0.2,42.5,74.4
2026-04-19 15:16:29,CNB,Cloudy,0.4,6.28,1.1,29.6,100.0
2026-06-26 07:27:41,CNB,Clear,0.2,8.64,1.4,21.3,49.9
2026-03-06 17:23:45,CNB,Clear,0.33,7.2,1.2,12.4,84.3
2026-03-10 03:11:57,CNB,Clear,0.18,8.75,0.5,17.9,82.1
2026-02-01 04:25:53,CNB,Clear,0.2,7.98,0.1,36.0,77.5
2026-06-02 21:53:52,CNB,Fog,0.93,2.33,1.3,25.9,78.9
2026-06-28 13:55:36,CNB,Rain,0.31,7.67,1.6,14.0,59.9
2026-05-03 09:53:00,CNB,Clear,0.39,6.11,0.1,24.3,57.9
2026-05-06 22:44:38,CNB,Fog,0.58,4.96,0.3,18.6,36.2
2026-06-25 01:02:14,CNB,Cloudy,0.24,8.38,0.5,20.0,70.7
2026-05-14 14:24:49,CNB,Clear,0.36,5.95,1.4,12.1,81.5
2026-05-06 00:05:08,CNB,Clear,0.17,9.35,0.4,38.0,86.8
2026-03-31 12:01:06,CNB,Clear,0.1,8.84,0.7,36.5,67.7
2026-05-07 09:32:18,CNB,Clear,0.56,6.38,0.2,13.3,79.9
2026-03-20 07:52:25,CNB,Clear,0.25,7.4,1.1,26.4,68.7
2026-01-12 01:41:51,CNB,Clear,0.26,7.6,1.0,25.1,48.3
2026-02-24 05:56:58,CNB,Clear,0.35,7.69,1.3,31.9,81.3
2026-06-20 06:58:41,CNB,Clear,0.19,8.94,0.9,28.9,54.2
2026-02-07 10:32:45,CNB,Clear,0.31,6.74,1.4,25.4,71.6
2026-03-31 07:32:41,CNB,Clear,0.25,7.57,0.8,25.9,60.5
2026-03-25 03:30:45,CNB,Fog,0.77,4.03,1.1,22.4,68.0
2026-06-03 19:03:03,CNB,Cloudy,0.53,5.85,0.8,22.3,55.7
2026-01-17 10:36:15,CNB,Clear,0.22,8.36,0.5,20.5,66.7
2026-05-12 12:48:26,CNB,Clear,0.13,9.15,0.6,20.6,36.0
2026-06-18 09:52:53,CNB,Cloudy,0.51,5.31,1.4,33.8,60.0
2026-03-06 10:44:44,CNB,Clear,0.28,7.36,0.1,21.2,79.2
2026-05-30 08:06:16,CNB,Cloudy,0.37,7.31,0.5,26.4,88.9
2026-05-28 05:42:58,CNB,Cloudy,0.22,8.46,0.0,11.7,48.5
2026-02-04 04:25:59,CNB,Clear,0.44,7.47,1.1,25.1,57.2
2026-02-08 10:49:06,CNB,Fog,0.7,4.1,1.1,22.3,80.4
2026-04-23 01:44:56,CNB,Clear,0.67,4.68,1.3,29.1,68.0
2026-03-07 16:20:18,CNB,Clear,0.32,7.76,1.4,31.5,89.6
2026-01-21 11:49:36,CNB,Clear,0.14,9.23,1.3,23.9,62.1
2026-06-09 01:47:52,CNB,Clear,0.39,7.07,0.4,14.0,79.8
2026-06-11 12:42:26,CNB,Fog,0.78,2.93,1.4,14.7,73.9
2026-03-04 07:35:28,CNB,Cloudy,0.13,9.25,0.9,19.9,34.6
2026-04-08 00:39:12,CNB,Rain,0.11,6.89,10.9,25.2,94.5
2026-05-03 19:48:08,CNB,Clear,0.08,9.35,0.9,26.7,25.6
2026-05-28 20:39:54,CNB,Clear,0.39,7.16,0.9,39.5,96.4
2026-04-21 08:37:45,CNB,Clear,0.49,5.65,0.1,20.0,62.1
2026-03-23 02:56:32,CNB,Clear,0.44,6.72,1.1,34.6,60.3
2026-02-15 16:58:07,CNB,Clear,0.31,7.61,1.0,21.3,56.8
2026-02-22 04:14:18,CNB,Clear,0.22,7.59,0.5,20.4,79.6
2026-04-02 02:02:50,CNB,Clear,0.38,6.88,0.9,24.6,64.5
2026-03-08 06:51:11,CNB,Clear,0.31,8.21,0.5,48.8,71.6
2026-02-21 12:18:30,CNB,Clear,0.14,8.2,0.2,24.2,65.6
2026-03-26 23:53:18,CNB,Clear,0.36,6.91,1.2,17.7,45.6
2026-05-30 10:57:25,CNB,Clear,0.1,9.31,0.7,25.2,55.6
2026-02-02 19:41:53,CNB,Clear,0.42,6.1,0.8,31.9,68.9
2026-03-31 22:57:31,CNB,Clear,0.18,8.71,1.3,19.4,65.2
2026-03-16 05:24:30,CNB,Clear,0.13,8.51,0.1,31.5,56.6
2026-02-08 00:06:06,CNB,Clear,0.13,8.72,1.0,25.6,57.6
2026-01-10 02:57:01,CNB,Clear,0.31,6.75,0.1,17.1,44.7
2026-02-26 11:01:58,CNB,Clear,0.32,7.24,0.2,29.9,47.6
2026-05-02 21:27:40,CNB,Fog,0.74,4.3,0.3,36.7,82.3
2026-04-07 02:52:11,CNB,Clear,0.43,6.42,0.4,11.6,69.7
2026-03-11 16:23:00,CNB,Cloudy,0.7,3.6,1.4,29.1,92.9
2026-05-07 21:23:57,CNB,Clear,0.2,8.23,0.8,4.8,46.7
2026-03-26 10:24:53,CNB,Clear,0.22,7.81,0.1,35.8,40.1
2026-05-20 14:58:03,CNB,Cloudy,0.13,8.63,0.7,24.4,20.0
2026-01-30 14:55:40,CNB,Clear,0.06,9.64,1.2,26.3,82.4
2026-03-27 09:45:42,CNB,Cloudy,0.37,7.27,0.4,33.0,65.6
2026-03-24 19:53:01,CNB,Rain,0.22,6.73,11.5,27.8,78.4
2026-06-15 03:32:20,CNB,Clear,0.24,7.85,1.4,26.6,53.0
2026-05-13 09:38:13,CNB,Clear,0.26,6.76,0.1,38.8,38.5
2026-05-18 01:12:11,CNB,Clear,0.24,8.33,1.4,21.4,61.6
2026-03-30 09:21:23,CNB,Clear,0.23,7.98,1.0,33.7,55.3
2026-01-30 20:32:22,CNB,Clear,0.55,5.88,0.4,13.0,73.5
2026-04-07 03:36:14,CNB,Rain,0.25,6.64,5.4,17.8,80.1
2026-05-27 16:37:48,CNB,Fog,0.85,2.68,1.3,29.9,62.6
2026-06-17 11:15:44,CNB,Fog,0.91,2.89,0.3,21.7,73.4
2026-02-14 04:50:16,CNB,Clear,0.15,8.48,1.2,15.2,35.7
2026-05-10 13:47:15,CNB,Clear,0.25,8.05,0.7,29.5,47.7
2026-06-03 06:24:29,CNB,Fog,0.67,4.17,1.2,10.9,79.3
2026-02-02 11:07:04,CNB,Rain,0.1,7.96,8.8,18.0,61.8
2026-06-26 10:09:16,CNB,Clear,0.3,7.88,1.1,23.9,74.0
2026-03-10 23:49:31,CNB,Clear,0.11,9.01,0.0,13.2,53.6
2026-05-18 00:50:44,CNB,Rain,0.03,8.3,1.0,21.3,61.6
2026-04-24 12:30:05,CNB,Fog,0.74,3.25,1.3,22.1,87.4
2026-04-30 11:45:56,CNB,Cloudy,0.19,8.14,0.0,26.7,100.0
2026-06-24 23:15:11,CNB,Clear,0.57,4.0,0.6,27.7,59.3
2026-06-22 16:45:01,CNB,Clear,0.55,6.32,1.0,21.4,87.3
2026-02-16 05:53:52,CNB,Clear,0.21,8.21,1.0,36.9,81.4
2026-02-27 17:54:23,CNB,Rain,0.03,8.26,2.9,6.5,65.7
2026-01-05 10:45:09,CNB,Clear,0.25,7.98,0.7,18.5,48.8
2026-01-05 10:18:10,CNB,Clear,0.25,7.46,0.5,26.8,68.9
2026-01-09 09:25:25,CNB,Fog,0.73,3.16,1.2,17.8,92.8
2026-04-06 15:40:18,CNB,Clear,0.43,6.32,1.1,14.8,78.5
2026-04-03 00:16:44,CNB,Rain,0.1,8.25,15.5,24.4,52.5
2026-01-21 12:06:25,CNB,Cloudy,0.13,9.09,1.0,10.2,46.4
2026-06-19 13:03:02,CNB,Cloudy,0.11,7.92,0.2,29.6,60.7
2026-01-31 08:46:04,CNB,Rain,0.33,5.77,25.9,32.1,55.8
2026-05-18 05:08:54,CNB,Clear,0.46,5.89,1.4,26.0,83.8
2026-02-17 10:13:23,CNB,Cloudy,0.18,8.93,0.7,18.8,20.0
2026-05-27 20:07:07,CNB,Clear,0.26,7.79,0.7,38.1,61.7
2026-06-04 06:05:28,CNB,Fog,0.51,4.9,0.5,26.5,59.3
2026-04-18 16:30:53,CNB,Clear,0.26,7.84,1.5,11.3,41.3
2026-04-12 02:12:34,CNB,Rain,0.16,7.02,6.2,41.0,23.7
2026-04-18 07:30:35,CNB,Clear,0.2,8.84,0.4,23.7,71.1
2026-03-29 15:10:40,CNB,Cloudy,0.51,6.3,1.4,8.7,51.3
2026-01-01 06:08:34,CNB,Cloudy,0.1,9.56,0.7,44.3,64.5
2026-03-06 04:17:01,CNB,Fog,0.56,6.21,0.8,20.8,56.5
2026-03-02 20:12:22,CNB,Clear,0.36,7.51,1.2,29.6,83.7
2026-03-17 21:03:15,CNB,Clear,0.54,5.49,1.0,22.1,54.1
2026-06-26 12:30:33,CNB,Clear,0.14,8.57,0.2,20.3,81.6
2026-04-18 23:23:59,CNB,Fog,0.52,5.61,0.2,14.4,41.1
2026-04-09 05:38:21,CNB,Fog,0.88,2.57,0.1,20.1,91.9
2026-01-21 15:19:39,CNB,Cloudy,0.24,7.1,1.1,24.7,72.2
2026-04-04 10:47:13,CNB,Clear,0.22,7.36,0.1,36.8,80.4
2026-05-08 16:25:20,CNB,Fog,0.5,5.33,1.5,28.8,53.7
2026-04-12 23:36:12,CNB,Cloudy,0.61,5.14,0.3,19.3,84.1
2026-04-17 11:37:15,CNB,Clear,0.41,6.29,0.7,21.4,89.5
2026-03-11 01:34:40,CNB,Cloudy,0.57,5.03,1.3,37.2,57.7
2026-01-02 08:27:52,CNB,Cloudy,0.28,7.32,1.4,19.2,65.3
2026-02-26 17:25:23,CNB,Clear,0.21,8.04,0.4,28.6,60.2
2026-01-20 19:02:26,CNB,Fog,0.75,4.03,1.0,32.5,79.7
2026-05-28 08:46:35,CNB,Cloudy,0.02,9.48,0.2,26.3,49.9
2026-02-01 08:15:34,CNB,Clear,0.13,9.38,1.3,29.8,53.4
2026-03-20 06:46:34,CNB,Clear,0.24,8.23,1.4,32.2,71.3
2026-05-26 14:25:31,CNB,Clear,0.11,9.34,0.9,15.8,75.6
2026-03-20 21:55:22,CNB,Clear,0.28,8.32,1.5,25.5,64.2
2026-01-29 05:34:22,CNB,Cloudy,0.15,9.3,1.2,30.9,53.0
2026-03-06 10:02:08,CNB,Clear,0.22,8.77,0.8,33.1,67.2
2026-02-25 09:29:24,CNB,Clear,0.53,5.56,0.7,21.3,42.9
2026-02-23 13:43:35,CNB,Fog,0.73,3.62,1.0,29.9,100.0
2026-01-25 09:10:41,CNB,Clear,0.12,9.9,0.4,37.5,57.8
2026-06-21 12:04:40,CNB,Clear,0.5,6.49,1.0,33.1,91.4
2026-03-06 20:13:29,CNB,Clear,0.19,8.15,0.7,31.0,56.0
2026-05-26 14:07:57,CNB,Clear,0.31,7.7,1.1,30.5,89.1
2026-01-22 09:53:47,CNB,Fog,0.41,6.58,1.5,21.7,86.0
2026-02-22 17:09:30,CNB,Clear,0.43,6.41,1.3,21.3,65.2
2026-03-28 10:37:43,CNB,Cloudy,0.19,7.84,0.2,27.6,57.9
2026-02-26 22:02:30,CNB,Clear,0.38,7.02,0.1,15.7,62.6
2026-01-03 14:49:51,CNB,Clear,0.13,9.45,0.3,14.9,39.6
2026-03-20 21:03:17,CNB,Rain,0.28,6.74,15.6,29.7,76.3
2026-06-07 22:16:55,CNB,Clear,0.28,7.81,0.9,25.8,100.0
2026-01-22 08:49:54,CNB,Clear,0.13,9.21,0.7,24.3,93.2
2026-02-03 04:53:09,CNB,Cloudy,0.27,6.84,0.8,17.6,76.1
2026-05-13 14:08:08,CNB,Cloudy,0.4,6.06,0.8,22.3,43.4
2026-05-05 19:00:18,CNB,Clear,0.6,3.99,1.4,31.3,23.2
2026-05-21 04:24:06,CNB,Cloudy,0.47,5.38,0.7,27.3,66.5
2026-03-30 19:05:55,CNB,Clear,0.62,4.67,1.3,26.1,50.2
2026-06-19 05:52:39,CNB,Clear,0.45,6.25,1.0,20.6,78.0
2026-02-27 04:56:11,CNB,Cloudy,0.76,2.9,0.8,20.9,70.9
2026-02-17 17:33:54,CNB,Clear,0.33,7.17,0.2,22.5,92.4
2026-06-04 16:18:34,CNB,Clear,0.14,8.55,1.4,19.5,81.5
2026-05-21 23:10:50,CNB,Clear,0.32,7.06,1.4,13.2,79.0
2026-06-15 12:48:18,CNB,Rain,0.86,1.55,4.7,20.5,100.0
2026-05-08 00:40:22,CNB,Clear,0.05,9.95,0.0,23.0,63.3
2026-02-01 03:12:46,CNB,Clear,0.3,7.44,0.3,31.1,45.6
2026-05-12 22:33:33,CNB,Clear,0.32,7.23,0.0,25.8,49.8
2026-04-02 08:00:11,CNB,Cloudy,0.07,9.72,0.1,26.1,75.3
2026-02-15 16:27:05,CNB,Fog,0.69,3.29,0.2,22.7,50.1
2026-01-18 08:42:14,CNB,Clear,0.3,7.77,0.4,21.2,80.0
2026-05-30 20:12:14,CNB,Cloudy,0.06,9.16,0.5,15.8,80.8
2026-05-10 17:38:13,CNB,Rain,0.29,6.46,21.1,30.7,43.5
2026-02-17 02:37:54,CNB,Clear,0.5,5.18,0.6,24.6,81.5
2026-02-26 17:22:20,CNB,Rain,0.19,7.44,9.9,5.3,75.6
2026-05-18 12:46:14,CNB,Clear,0.36,6.19,0.5,26.9,67.6
2026-02-28 17:40:34,CNB,Clear,0.21,8.58,1.2,20.7,89.2
2026-01-25 09:25:34,CNB,Rain,0.19,7.55,6.6,18.5,80.7
2026-03-20 12:49:33,CNB,Cloudy,0.29,7.6,0.4,29.2,70.6
2026-06-04 15:16:40,CNB,Rain,0.2,7.17,17.6,41.1,80.7
2026-03-17 08:41:39,CNB,Fog,0.53,4.44,0.9,19.7,81.4
2026-02-21 21:07:18,CNB,Fog,0.62,5.0,0.3,37.1,80.2
2026-01-29 11:12:36,CNB,Clear,0.08,9.67,0.7,14.3,43.7
2026-02-24 03:44:07,CNB,Fog,0.45,6.2,0.3,35.6,71.9
2026-06-21 23:14:36,CNB,Clear,0.26,7.4,1.1,30.7,50.0
2026-06-29 15:41:43,CNB,Clear,0.42,5.9,0.3,42.2,92.8
2026-05-07 08:20:51,CNB,Clear,0.52,6.25,0.9,34.9,66.9
2026-03-06 04:14:29,CNB,Cloudy,0.35,7.25,0.6,6.3,93.4
2026-02-14 06:26:57,CNB,Clear,0.32,8.0,1.3,22.1,67.2
2026-04-16 13:50:11,CNB,Cloudy,0.17,8.52,0.7,26.1,91.2
2026-01-27 01:18:37,CNB,Rain,0.44,5.33,1.4,29.8,45.9
2026-06-27 20:54:04,CNB,Fog,0.69,3.78,1.2,15.1,60.5
2026-03-27 05:27:12,CNB,Clear,0.53,5.51,1.2,16.2,48.4
2026-04-18 07:10:16,CNB,Clear,0.6,5.3,1.0,26.3,66.3
2026-04-16 09:54:38,CNB,Fog,0.67,4.35,1.0,6.5,100.0
2026-01-08 16:24:20,CNB,Cloudy,0.08,9.16,1.3,23.1,54.5
2026-05-06 18:45:03,CNB,Clear,0.45,5.97,0.5,22.0,47.1
2026-05-07 22:09:18,CNB,Fog,0.61,4.63,1.1,26.4,74.2
2026-04-08 20:01:27,CNB,Clear,0.34,6.76,1.3,27.1,98.6
2026-02-14 15:10:27,CNB,Clear,0.21,7.46,0.5,23.6,76.0
2026-05-13 18:56:51,CNB,Clear,0.26,7.67,0.5,15.0,87.0
2026-01-31 02:51:10,CNB,Clear,0.23,8.19,0.1,14.2,47.1
2026-01-11 03:46:13,CNB,Clear,0.33,7.68,1.4,18.5,91.9
2026-04-15 02:17:57,CNB,Clear,0.39,5.95,0.8,17.4,59.4
2026-02-12 08:43:53,CNB,Clear,0.37,7.2,0.7,10.1,24.9
2026-01-09 11:52:57,CNB,Clear,0.14,8.78,0.4,20.6,47.2
2026-05-27 08:04:14,CNB,Cloudy,0.12,9.24,1.1,17.8,31.4
2026-01-05 08:06:55,CNB,Fog,0.56,5.19,1.0,14.5,42.9
2026-06-24 00:53:38,CNB,Cloudy,0.06,9.51,0.1,30.5,40.8
2026-05-28 06:32:16,CNB,Fog,0.54,5.51,1.4,12.6,59.3
2026-02-10 23:23:53,CNB,Clear,0.19,8.57,0.6,14.4,63.9
2026-01-19 20:43:30,CNB,Clear,0.37,7.14,0.7,21.7,60.3
2026-02-25 07:57:21,CNB,Clear,0.29,7.41,0.1,37.5,67.0
2026-04-25 17:22:26,CNB,Clear,0.1,9.55,0.1,22.7,28.5
2026-02-21 16:08:52,CNB,Rain,0.34,6.18,5.2,33.9,47.6
2026-03-16 10:08:30,CNB,Fog,0.69,4.27,1.0,26.1,55.6
2026-01-26 08:48:36,CNB,Clear,0.37,7.4,0.7,14.2,60.3
2026-01-19 11:38:07,CNB,Rain,0.11,7.92,5.6,47.0,20.0
2026-06-11 14:23:26,CNB,Rain,0.35,5.18,4.7,22.6,91.9
2026-04-12 09:48:14,CNB,Cloudy,0.03,9.52,1.4,9.4,86.5
2026-04-24 19:07:49,CNB,Clear,0.29,8.16,0.6,39.4,98.9
2026-03-01 15:40:44,CNB,Clear,0.44,5.75,0.1,17.8,70.3
2026-05-23 12:42:23,CNB,Clear,0.28,7.31,0.3,28.5,56.9
2026-03-08 02:02:00,CNB,Rain,0.25,6.57,4.3,28.9,80.1
2026-05-15 23:00:03,CNB,Clear,0.69,4.53,1.4,27.3,62.5
2026-01-29 03:23:51,CNB,Clear,0.34,6.09,0.3,29.2,67.6
2026-04-30 12:55:11,CNB,Cloudy,0.44,6.53,1.4,27.5,40.9
2026-02-20 11:29:04,CNB,Clear,0.14,9.5,0.6,19.2,65.5
2026-03-31 13:51:00,CNB,Clear,0.28,7.73,1.3,20.5,46.4
2026-01-31 20:51:10,CNB,Fog,0.68,3.58,1.2,9.0,88.8
2026-06-13 18:02:27,CNB,Fog,0.63,4.44,0.4,25.2,87.9
2026-03-05 18:11:21,CNB,Cloudy,0.38,5.99,0.0,20.5,45.9
2026-01-29 15:48:38,CNB,Clear,0.09,9.43,0.5,14.2,46.2
2026-05-20 04:37:56,CNB,Rain,0.4,5.01,8.5,31.8,87.6
2026-05-30 23:19:57,CNB,Cloudy,0.6,5.08,0.1,29.9,78.8
2026-04-07 22:20:49,CNB,Fog,0.48,5.16,0.5,22.5,81.7
2026-03-30 03:39:28,CNB,Clear,0.09,8.68,0.7,27.5,78.9
2026-02-24 23:36:33,CNB,Fog,0.92,2.89,0.5,6.3,100.0
2026-04-29 00:33:45,CNB,Clear,0.43,6.8,0.9,17.5,80.7
2026-01-03 20:17:10,CNB,Cloudy,0.33,6.75,1.2,21.4,73.4
2026-01-20 05:25:25,CNB,Clear,0.12,8.35,0.1,21.3,100.0
2026-05-21 17:00:11,CNB,Clear,0.29,8.24,1.0,24.2,60.3
2026-05-20 22:23:56,CNB,Clear,0.07,9.26,1.1,26.8,64.1
2026-02-08 21:17:43,CNB,Clear,0.2,8.05,1.4,34.7,84.1
2026-05-23 19:49:14,CNB,Clear,0.15,7.82,1.1,10.0,49.2
2026-02-19 23:42:00,CNB,Clear,0.19,8.52,0.3,25.5,41.6
2026-01-23 08:07:50,CNB,Cloudy,0.26,6.65,0.7,22.6,75.2
2026-01-14 07:02:47,CNB,Clear,0.01,9.52,0.5,11.2,48.5
2026-05-15 13:13:07,CNB,Clear,0.36,7.08,0.1,15.0,52.1
2026-02-08 15:09:54,CNB,Clear,0.53,5.65,0.7,20.5,60.0
2026-06-28 11:04:15,CNB,Rain,0.07,7.7,15.0,23.1,86.7
2026-03-15 15:14:09,CNB,Rain,0.1,7.18,4.7,29.6,86.9
2026-03-24 12:58:57,CNB,Clear,0.2,7.56,1.0,21.0,49.8
2026-06-27 23:27:25,CNB,Cloudy,0.3,7.55,0.9,30.3,82.4
2026-02-17 06:45:48,CNB,Cloudy,0.27,7.62,0.5,27.4,95.0
2026-02-26 08:00:47,CNB,Fog,1.0,1.26,0.9,12.4,88.7
2026-01-24 13:00:47,CNB,Clear,0.47,4.96,1.1,36.6,73.4
2026-01-21 10:55:03,CNB,Clear,0.62,4.94,0.7,8.0,97.0
2026-05-20 18:58:28,CNB,Clear,0.41,6.68,0.1,27.0,73.0
2026-04-15 00:02:49,CNB,Rain,0.34,5.99,7.8,40.3,46.5
2026-01-14 20:53:21,CNB,Rain,0.12,8.68,20.9,27.8,82.8
2026-01-10 09:15:12,CNB,Clear,0.47,6.17,1.0,22.3,65.9
2026-04-28 06:40:25,CNB,Clear,0.07,9.95,0.9,32.5,61.8
2026-06-13 13:50:01,CNB,Cloudy,0.17,8.08,1.3,10.1,62.3
2026-01-01 07:16:54,CNB,Cloudy,0.29,8.12,1.2,14.1,83.2
2026-06-04 08:53:31,CNB,Fog,0.98,1.32,1.3,29.7,81.7
2026-03-19 00:06:39,CNB,Clear,0.38,6.62,1.1,13.8,47.3
2026-05-16 23:40:11,CNB,Rain,0.36,5.47,4.4,23.6,93.8
2026-05-10 16:11:08,CNB,Clear,0.05,9.46,0.4,22.6,80.1
2026-05-25 02:20:08,CNB,Clear,0.17,8.84,0.1,10.4,87.0
2026-03-07 19:24:14,CNB,Clear,0.16,8.75,1.0,27.8,54.6
2026-01-02 20:23:34,CNB,Clear,0.21,7.88,0.5,32.6,87.6
2026-06-09 09:37:13,CNB,Fog,0.86,2.97,1.3,13.9,71.0
2026-01-29 03:41:19,CNB,Cloudy,0.54,5.73,0.1,27.2,44.7
2026-05-26 20:20:49,CNB,Clear,0.07,9.67,0.5,21.6,36.5
2026-01-04 20:06:45,CNB,Clear,0.13,9.46,0.0,15.4,43.5
2026-06-06 23:44:58,CNB,Fog,0.56,4.96,0.5,27.5,77.7
2026-03-12 20:11:43,CNB,Clear,0.53,5.2,0.2,25.9,99.3
2026-03-20 00:44:57,CNB,Fog,0.63,4.82,0.6,4.3,57.9
2026-02-28 12:11:40,CNB,Clear,0.72,4.46,1.4,35.1,69.5
2026-05-05 01:17:59,CNB,Fog,0.53,5.83,1.0,33.9,92.6
2026-04-17 06:54:30,CNB,Cloudy,0.24,7.95,0.0,24.9,65.6
2026-03-30 00:15:32,CNB,Fog,0.53,5.82,0.4,26.6,52.6
2026-01-09 20:49:04,CNB,Clear,0.33,7.14,0.8,10.7,95.4
2026-02-05 07:44:29,CNB,Clear,0.51,5.06,0.1,23.5,82.1
2026-06-17 13:15:57,CNB,Clear,0.41,7.03,0.3,37.3,61.8
2026-02-06 13:25:08,CNB,Fog,0.47,5.5,0.2,16.2,55.4
2026-06-11 01:06:19,CNB,Clear,0.15,9.39,1.2,18.5,69.7
2026-03-07 18:27:59,CNB,Fog,0.76,4.02,0.5,26.4,73.9
2026-04-24 11:00:17,CNB,Rain,0.08,7.9,2.4,15.2,35.8
2026-06-08 01:43:31,CNB,Rain,0.39,5.34,5.6,17.9,58.9
2026-06-16 08:07:15,CNB,Fog,0.4,6.62,0.0,37.5,55.1
2026-02-08 08:30:43,CNB,Cloudy,0.12,8.82,0.9,26.1,93.6
2026-05-13 19:30:22,CNB,Clear,0.15,8.41,1.0,25.8,54.8
2026-03-05 00:07:27,CNB,Cloudy,0.6,5.17,1.3,43.4,73.9
2026-06-06 04:42:24,CNB,Fog,0.54,5.68,0.2,20.9,37.4
2026-03-13 19:45:22,CNB,Cloudy,0.2,8.23,0.1,14.9,40.4
2026-04-18 20:59:27,CNB,Clear,0.09,9.67,0.0,34.0,64.4
2026-03-21 13:49:56,CNB,Cloudy,0.31,7.21,0.2,30.5,68.8
2026-02-02 00:53:19,CNB,Cloudy,0.24,7.51,0.5,25.2,27.1
2026-03-23 22:34:41,CNB,Rain,0.17,6.87,10.9,32.8,48.1
2026-01-14 03:09:10,CNB,Fog,0.79,3.02,0.7,25.1,65.8
2026-06-06 13:51:10,CNB,Clear,0.13,9.46,1.1,21.4,60.3
2026-03-30 06:53:52,CNB,Clear,0.34,7.94,1.1,24.6,35.5
2026-02-21 18:16:13,CNB,Rain,0.05,7.67,7.6,21.0,27.1
2026-04-04 17:42:50,CNB,Clear,0.21,8.29,1.4,22.7,33.8
2026-05-08 03:44:17,CNB,Clear,0.13,8.38,0.7,15.6,51.9
2026-05-29 08:01:39,CNB,Clear,0.32,6.62,1.1,24.7,74.1
2026-03-04 08:24:51,CNB,Cloudy,0.16,8.24,1.1,16.3,66.8
2026-06-12 16:15:40,CNB,Rain,0.43,5.25,5.4,14.6,63.5
2026-05-26 07:17:13,CNB,Cloudy,0.16,9.28,0.4,17.4,82.8
2026-05-24 12:14:14,CNB,Rain,0.21,6.28,4.7,8.7,57.3
2026-05-23 18:59:15,CNB,Cloudy,0.18,7.49,0.5,23.1,85.5
2026-01-13 16:45:44,CNB,Clear,0.36,6.8,0.2,30.1,55.1
2026-03-28 05:19:33,CNB,Clear,0.71,4.05,0.8,14.0,88.1
2026-01-22 15:34:12,CNB,Clear,0.25,8.0,0.1,18.0,39.7
2026-06-23 06:18:00,CNB,Clear,0.17,8.26,0.3,31.6,46.8
2026-04-01 23:08:17,CNB,Cloudy,0.19,8.76,0.3,21.7,100.0
2026-05-11 07:21:17,CNB,Clear,0.13,8.62,1.1,28.0,73.9
2026-06-28 00:30:19,CNB,Cloudy,0.17,8.23,0.2,21.6,81.1
2026-05-25 03:15:12,CNB,Fog,0.49,6.07,1.2,17.9,62.5
2026-03-13 08:28:26,CNB,Clear,0.47,6.35,0.6,22.6,63.6
2026-05-14 03:52:24,CNB,Cloudy,0.49,5.99,0.3,13.4,61.4
2026-03-31 22:02:47,CNB,Fog,0.41,6.59,1.2,32.0,48.8
2026-05-25 10:20:16,CNB,Clear,0.25,7.7,0.9,37.8,100.0
2026-02-07 17:04:46,CNB,Clear,0.54,5.08,0.7,18.1,30.4
2026-01-13 17:45:47,CNB,Cloudy,0.11,9.63,1.3,15.0,21.0
2026-05-04 04:11:45,CNB,Fog,0.91,2.44,0.5,30.7,59.2
2026-02-20 06:50:40,CNB,Clear,0.11,9.32,1.1,35.6,81.9
2026-06-01 16:16:44,CNB,Fog,0.84,3.65,1.3,22.3,83.4
2026-06-15 06:26:23,CNB,Rain,0.49,3.93,3.8,16.8,51.1
2026-02-20 06:29:33,CNB,Clear,0.16,8.34,1.1,11.4,100.0
2026-03-20 16:41:40,CNB,Cloudy,0.61,4.29,0.9,17.3,53.4
2026-02-16 06:18:09,CNB,Rain,0.21,7.23,2.7,34.4,34.8
2026-05-31 18:44:54,CNB,Rain,0.34,5.94,3.3,35.1,45.8
2026-02-23 00:55:47,CNB,Cloudy,0.31,6.75,0.4,23.3,42.9
2026-06-09 23:11:51,CNB,Clear,0.17,8.76,0.8,22.6,93.9
2026-04-11 05:10:35,CNB,Clear,0.1,8.97,1.2,18.6,38.7
2026-06-23 04:38:33,CNB,Fog,0.42,6.05,1.3,28.0,62.1
2026-06-02 15:46:05,CNB,Clear,0.47,6.32,0.9,20.3,71.3
2026-04-23 01:21:23,CNB,Fog,0.43,6.58,0.5,26.7,76.1
2026-02-10 08:56:17,CNB,Rain,0.44,5.18,8.0,37.2,92.2
2026-05-14 16:20:48,CNB,Fog,0.62,4.25,1.3,1.2,54.0
2026-02-26 21:24:53,CNB,Clear,0.39,7.22,1.1,17.3,70.9
2026-04-15 22:20:42,CNB,Clear,0.26,7.53,1.2,33.2,67.8
2026-05-23 10:24:17,CNB,Clear,0.36,6.62,0.3,18.1,76.3
2026-05-22 07:11:01,CNB,Clear,0.18,7.98,0.8,15.5,74.7
2026-02-06 19:29:42,CNB,Clear,0.38,7.1,0.6,13.3,89.8
2026-06-25 00:54:39,CNB,Clear,0.46,6.05,0.1,13.1,88.7
2026-05-27 08:33:42,CNB,Clear,0.5,6.02,0.1,15.8,69.2
2026-03-07 11:40:28,CNB,Rain,0.19,7.23,13.3,26.4,25.7
2026-05-20 13:17:50,CNB,Clear,0.25,7.64,1.3,15.2,53.9
2026-02-02 14:43:40,CNB,Clear,0.11,8.61,0.7,14.0,47.9
2026-05-07 04:19:03,CNB,Clear,0.19,8.59,1.4,20.8,34.1
2026-02-04 08:21:41,CNB,Cloudy,0.35,6.59,0.4,21.0,46.5
2026-06-25 01:49:52,CNB,Clear,0.06,9.93,0.6,14.4,78.8
2026-01-29 02:46:00,CNB,Cloudy,0.5,5.82,0.4,26.7,62.4
2026-01-27 22:35:22,CNB,Fog,0.75,3.43,1.3,17.0,54.4
2026-02-19 04:04:21,CNB,Clear,0.03,9.37,0.2,27.6,81.3
2026-06-13 02:33:05,CNB,Rain,0.1,7.89,2.8,29.4,36.6
2026-06-28 07:44:12,CNB,Clear,0.33,7.02,0.5,24.6,85.8
2026-05-02 08:09:18,CNB,Clear,0.18,8.93,0.4,23.6,68.4
2026-03-21 18:12:21,CNB,Clear,0.36,7.61,1.4,15.1,37.4
2026-02-05 10:32:47,CNB,Clear,0.25,8.17,0.1,7.2,83.4
2026-01-17 03:40:46,CNB,Rain,0.32,5.87,13.4,14.6,62.2
2026-02-19 04:11:33,CNB,Clear,0.47,6.28,1.3,14.4,58.6
2026-01-29 11:31:00,CNB,Clear,0.37,7.53,0.0,35.8,51.8
2026-01-23 23:21:30,CNB,Clear,0.44,6.65,1.4,20.0,59.1
2026-01-26 21:57:04,CNB,Clear,0.24,8.3,0.8,18.2,27.2
2026-03-25 02:50:06,CNB,Clear,0.25,6.87,0.5,30.3,33.5
2026-05-31 00:58:36,CNB,Clear,0.11,9.79,0.7,26.8,65.2
2026-03-27 02:39:16,CNB,Clear,0.1,9.29,0.5,28.0,56.6
2026-01-15 07:12:19,CNB,Clear,0.14,8.8,0.2,31.1,64.0
2026-01-20 06:17:57,CNB,Clear,0.3,6.99,1.0,19.0,55.1
2026-03-04 22:54:00,CNB,Clear,0.54,5.47,0.7,21.3,76.1
2026-05-17 09:51:38,CNB,Clear,0.21,8.41,1.2,36.9,47.7
2026-05-28 15:53:52,CNB,Clear,0.31,7.63,0.0,30.2,64.3
2026-03-29 00:34:37,CNB,Clear,0.22,8.38,1.0,32.6,68.7
2026-06-23 17:42:35,CNB,Clear,0.27,7.69,1.4,17.0,77.0
2026-05-31 22:23:12,CNB,Clear,0.17,8.96,0.2,18.3,46.0
2026-01-18 08:34:06,CNB,Clear,0.32,7.49,0.3,34.2,52.7
2026-04-22 10:03:39,CNB,Clear,0.06,8.99,0.7,30.6,46.9
2026-05-14 12:32:28,CNB,Clear,0.22,8.79,0.9,24.2,83.0
2026-03-26 13:57:48,CNB,Rain,0.25,7.67,3.1,27.7,59.9
2026-04-28 11:36:00,CNB,Clear,0.24,7.28,0.6,35.0,81.8
2026-05-07 18:13:43,CNB,Clear,0.28,7.69,0.9,31.7,38.7
2026-02-24 02:16:56,CNB,Clear,0.26,7.86,1.5,16.5,74.9
2026-04-30 01:00:15,CNB,Clear,0.05,8.39,0.3,17.1,23.9
2026-03-17 14:00:52,CNB,Cloudy,0.1,9.63,0.5,25.2,57.2
2026-04-16 03:52:55,CNB,Clear,0.18,9.37,0.3,33.1,75.4
2026-02-13 12:16:59,CNB,Fog,0.56,5.32,0.4,28.4,69.7
2026-02-19 02:09:36,CNB,Clear,0.06,9.16,0.3,37.5,53.2
2026-05-28 11:46:52,CNB,Clear,0.12,8.76,0.9,29.1,71.7
2026-03-13 13:18:08,CNB,Rain,0.14,8.12,3.3,25.2,97.3
2026-01-17 19:28:37,CNB,Rain,0.43,5.4,36.8,31.5,86.3
2026-03-09 22:31:15,CNB,Fog,0.48,6.03,0.8,37.6,48.8
2026-04-01 03:38:10,CNB,Clear,0.25,8.27,1.0,21.4,80.8
2026-02-16 17:29:03,CNB,Cloudy,0.24,8.37,1.0,18.1,63.6
2026-02-08 09:18:54,CNB,Clear,0.28,7.92,0.0,27.1,91.1
2026-01-21 12:38:02,CNB,Clear,0.34,6.75,1.3,27.7,92.0
2026-05-18 03:45:03,CNB,Clear,0.66,3.88,0.1,25.9,65.5
2026-02-22 13:41:40,CNB,Rain,0.35,6.35,6.5,36.5,66.1
2026-01-07 23:32:52,CNB,Clear,0.29,7.68,1.3,17.4,69.6
2026-01-27 18:05:23,CNB,Clear,0.11,9.12,0.3,24.3,53.3
2026-05-26 09:32:26,CNB,Fog,0.63,4.59,0.5,22.6,80.8
2026-01-05 12:51:37,CNB,Rain,0.38,4.85,4.5,20.1,100.0
2026-03-11 04:25:17,CNB,Clear,0.49,6.34,0.8,33.9,78.8
2026-03-05 21:47:15,CNB,Fog,0.69,4.96,0.1,28.8,73.5
2026-03-02 20:16:49,CNB,Fog,0.63,5.47,0.9,21.0,79.6
2026-06-27 10:25:57,CNB,Clear,0.55,4.63,0.3,32.0,73.8
2026-04-22 03:00:58,CNB,Cloudy,0.45,6.05,0.3,13.9,72.7
2026-01-28 13:49:08,CNB,Clear,0.18,9.7,1.0,16.5,67.5
2026-05-13 06:25:46,CNB,Rain,0.14,6.8,10.0,3.4,30.8
2026-04-22 00:32:50,CNB,Clear,0.12,9.76,0.2,3.7,61.5
2026-03-06 04:15:16,CNB,Rain,0.12,7.96,4.5,32.4,37.2
2026-05-16 16:27:13,CNB,Clear,0.66,4.67,1.0,23.7,75.0
2026-05-13 07:36:39,CNB,Fog,0.64,4.22,0.3,37.1,78.0
2026-03-04 23:37:18,CNB,Rain,0.12,7.09,9.6,35.4,51.0
2026-04-14 01:35:10,CNB,Fog,0.53,5.77,0.3,39.9,93.1
2026-01-02 22:16:17,CNB,Cloudy,0.27,7.99,0.9,18.3,56.2
2026-03-08 21:33:03,CNB,Clear,0.54,5.88,0.7,36.7,59.9
2026-05-27 12:30:02,CNB,Clear,0.25,7.99,1.4,20.2,70.6
2026-01-25 12:09:19,CNB,Clear,0.62,4.66,0.9,12.4,74.9
2026-03-22 21:30:54,CNB,Fog,0.58,5.12,0.3,27.2,43.1
2026-01-23 06:57:43,CNB,Rain,0.27,7.16,4.5,19.5,62.9
2026-03-17 15:42:32,CNB,Clear,0.48,7.03,0.1,33.8,26.2
2026-03-14 10:25:53,CNB,Clear,0.39,6.29,0.4,22.6,44.3
2026-06-30 00:06:17,CNB,Clear,0.69,3.97,1.5,21.0,82.6
2026-05-21 17:46:56,CNB,Clear,0.21,8.22,0.4,23.2,69.6
2026-04-29 23:29:52,CNB,Clear,0.14,8.8,0.6,19.3,80.3
2026-01-12 06:10:05,CNB,Clear,0.05,9.87,0.2,18.6,65.2
2026-03-21 11:01:39,CNB,Clear,0.34,6.69,0.5,32.7,69.3
2026-06-30 04:34:14,CNB,Rain,0.14,7.69,12.3,23.8,56.1
2026-05-05 20:35:48,CNB,Rain,0.22,7.32,4.9,19.9,57.2
2026-03-17 06:33:01,CNB,Clear,0.32,7.51,0.9,24.8,59.2
2026-05-01 00:13:50,CNB,Fog,0.53,5.97,1.3,39.8,67.3
2026-05-31 20:21:05,CNB,Clear,0.04,10.08,0.2,32.5,64.2
2026-01-04 03:37:14,CNB,Cloudy,0.27,8.21,0.4,9.2,52.1
2026-03-01 10:27:18,CNB,Clear,0.27,7.86,0.2,21.9,62.3
2026-04-03 11:47:32,CNB,Cloudy,0.38,6.3,1.1,40.7,78.3
2026-02-12 16:39:57,CNB,Clear,0.18,8.45,0.9,13.0,67.2
2026-04-03 09:31:08,CNB,Clear,0.34,8.38,1.2,25.7,49.1
2026-04-13 00:05:27,CNB,Clear,0.49,5.31,0.5,18.6,78.7
2026-02-05 19:26:34,CNB,Clear,0.21,8.58,0.4,29.2,69.8
2026-06-29 21:32:03,CNB,Clear,0.17,8.9,0.7,29.1,36.3
2026-05-17 09:47:16,CNB,Clear,0.27,7.68,0.6,22.9,48.8
2026-03-15 04:19:24,CNB,Clear,0.06,8.76,0.3,20.5,47.9
2026-02-19 01:19:46,CNB,Cloudy,0.38,6.39,0.9,20.0,57.6
2026-01-16 00:17:14,CNB,Rain,0.05,9.03,11.2,15.8,84.0
2026-06-05 03:43:50,CNB,Clear,0.28,7.98,0.1,34.0,30.5
2026-02-14 16:47:29,CNB,Fog,0.8,2.61,0.6,18.3,99.9
2026-03-09 22:13:14,CNB,Clear,0.21,7.9,0.8,22.2,63.6
2026-03-13 02:29:42,CNB,Clear,0.47,5.72,1.1,21.2,100.0
2026-06-12 16:09:59,CNB,Clear,0.32,5.92,0.2,22.2,61.6
2026-03-27 22:15:55,CNB,Rain,0.3,6.08,14.3,12.4,73.4
2026-06-03 02:47:22,CNB,Clear,0.32,7.7,0.9,10.2,68.1
2026-03-08 18:59:16,CNB,Clear,0.17,8.16,0.8,24.0,49.0
2026-04-11 22:52:10,CNB,Clear,0.46,5.76,1.1,17.8,100.0
2026-02-16 03:03:59,CNB,Clear,0.33,7.7,0.3,13.5,70.4
2026-06-29 05:51:19,CNB,Clear,0.21,7.72,0.3,22.0,74.8
2026-01-11 21:32:59,CNB,Clear,0.2,8.14,1.3,38.7,65.7
2026-03-04 06:35:23,CNB,Clear,0.15,8.71,1.5,22.1,38.0
2026-06-18 13:50:28,CNB,Cloudy,0.41,6.19,1.1,18.2,100.0
2026-01-07 21:36:19,CNB,Clear,0.01,10.53,0.8,19.9,40.6
2026-04-15 22:02:14,CNB,Clear,0.13,8.81,0.3,28.1,66.9
2026-01-05 03:36:25,CNB,Clear,0.17,8.56,0.3,23.1,71.6
2026-01-05 12:50:13,CNB,Clear,0.56,4.65,0.5,15.0,53.3
2026-06-27 20:48:57,CNB,Clear,0.16,9.4,1.2,22.9,48.4
2026-05-27 15:48:03,CNB,Cloudy,0.12,8.78,0.1,27.5,47.8
2026-04-29 17:43:34,CNB,Clear,0.11,8.87,0.5,30.7,79.1
2026-03-28 06:18:17,CNB,Cloudy,0.1,9.29,0.5,40.3,32.3
2026-06-06 12:07:55,CNB,Cloudy,0.35,6.41,0.0,37.6,60.7
2026-02-07 11:02:38,CNB,Clear,0.23,8.55,1.2,26.7,51.7
2026-06-07 12:34:19,CNB,Clear,0.12,8.95,1.3,22.4,35.2
2026-06-13 14:29:22,CNB,Clear,0.09,8.7,1.3,33.5,76.9
2026-05-19 13:03:52,CNB,Cloudy,0.24,8.26,0.0,17.7,76.2
2026-04-11 13:08:52,CNB,Rain,0.12,7.67,7.1,23.8,100.0
2026-05-29 11:54:33,CNB,Clear,0.29,8.15,1.0,19.5,62.5
2026-04-24 17:09:04,CNB,Clear,0.6,4.69,0.4,18.9,89.8
2026-04-29 03:50:23,CNB,Rain,0.11,8.36,5.0,25.7,41.2
2026-05-20 05:23:15,CNB,Fog,0.5,6.79,0.4,18.3,57.8
2026-01-21 14:54:52,CNB,Clear,0.41,6.51,0.8,34.8,69.6
2026-01-10 04:32:32,CNB,Clear,0.13,9.34,1.2,22.4,80.8
2026-01-04 05:31:40,CNB,Clear,0.17,8.94,0.4,25.4,45.8
2026-02-03 23:02:34,CNB,Cloudy,0.05,9.7,1.1,23.8,61.3
2026-04-09 10:39:03,CNB,Rain,0.29,6.37,5.1,28.5,87.7
2026-05-02 22:51:45,CNB,Fog,0.58,5.23,0.4,23.7,66.6
2026-06-12 12:44:52,CNB,Clear,0.07,8.96,1.1,35.0,69.6
2026-03-24 03:50:37,CNB,Cloudy,0.2,7.75,0.3,8.1,100.0
2026-06-07 21:01:29,CNB,Clear,0.46,6.43,0.3,16.4,90.6
2026-03-29 08:53:32,CNB,Clear,0.25,7.62,1.1,20.8,48.5
2026-05-22 18:25:01,CNB,Fog,0.8,4.1,1.3,33.3,100.0
2026-03-22 12:08:54,CNB,Clear,0.12,9.09,1.4,25.3,90.5
2026-01-13 05:46:42,CNB,Clear,0.29,6.88,0.3,7.8,76.9
2026-02-15 05:13:21,CNB,Clear,0.18,8.02,1.4,22.4,46.0
2026-06-07 02:31:18,CNB,Cloudy,0.14,8.3,0.1,42.6,58.5
2026-03-29 11:46:50,CNB,Clear,0.19,7.63,0.7,22.9,97.0
2026-02-07 03:08:54,CNB,Cloudy,0.37,6.29,1.2,32.1,82.9
2026-01-07 23:36:27,CNB,Rain,0.1,8.25,3.3,19.4,65.7
2026-02-05 16:23:46,CNB,Clear,0.23,8.12,0.2,24.6,71.0
2026-04-15 05:19:51,CNB,Clear,0.27,7.95,0.2,29.3,43.5
2026-02-04 15:20:32,CNB,Clear,0.44,6.69,0.6,22.8,86.7
2026-06-04 02:21:03,CNB,Cloudy,0.13,8.73,0.7,28.3,70.1
2026-05-29 08:37:38,CNB,Fog,0.9,2.26,1.2,18.1,66.7
2026-02-16 19:39:18,CNB,Cloudy,0.26,7.6,1.4,12.0,73.7
2026-03-08 16:25:32,CNB,Cloudy,0.25,8.05,0.5,20.1,64.5
2026-06-08 13:47:16,CNB,Fog,0.48,6.33,0.6,27.7,20.0
2026-03-25 15:35:13,CNB,Clear,0.18,8.71,0.7,21.5,44.4
2026-01-06 04:14:30,CNB,Clear,0.24,8.31,0.6,27.4,34.5
2026-01-25 04:24:36,CNB,Clear,0.16,8.15,0.4,32.3,62.8
2026-03-29 14:03:36,CNB,Cloudy,0.3,7.5,1.5,32.2,33.7
2026-05-08 06:53:55,CNB,Fog,0.58,5.17,0.7,18.9,78.0
2026-03-09 06:41:56,CNB,Clear,0.57,5.06,0.3,15.2,91.7
2026-01-30 13:25:16,CNB,Cloudy,0.47,5.73,0.9,29.6,44.5
2026-06-22 09:24:32,CNB,Clear,0.3,7.35,1.0,11.5,38.8
2026-02-15 12:53:53,CNB,Fog,0.57,5.91,0.3,19.8,56.8
2026-03-07 18:07:29,CNB,Clear,0.18,7.96,0.2,21.5,93.2
2026-04-20 21:53:00,CNB,Rain,0.29,5.81,1.2,33.0,62.4
2026-06-21 18:27:15,CNB,Clear,0.36,7.09,0.2,25.5,60.2
2026-04-01 02:17:08,CNB,Clear,0.01,9.64,1.4,21.2,65.0
2026-03-02 08:22:18,CNB,Cloudy,0.27,7.41,1.5,22.2,70.1
2026-01-12 21:38:33,CNB,Clear,0.34,6.63,0.4,25.3,37.0
2026-04-19 12:21:06,CNB,Fog,0.53,4.9,1.2,12.9,100.0
2026-01-21 21:52:05,CNB,Clear,0.35,6.61,0.4,24.0,47.5
2026-03-13 21:10:56,CNB,Clear,0.21,8.16,1.4,15.5,50.8
2026-05-07 10:21:16,CNB,Rain,0.3,6.47,8.5,28.0,92.2
2026-06-13 13:23:46,CNB,Fog,0.77,2.52,0.5,21.5,77.9
2026-05-10 10:24:21,CNB,Rain,0.24,7.12,9.5,24.7,73.5
2026-03-19 22:02:08,CNB,Clear,0.06,9.51,0.8,25.0,38.6
2026-02-03 22:38:29,CNB,Cloudy,0.17,9.35,0.7,20.3,34.2
2026-06-02 10:06:31,CNB,Clear,0.55,4.34,0.5,28.0,57.7
2026-06-15 01:17:55,CNB,Cloudy,0.13,9.25,1.1,14.2,67.6
2026-02-26 11:52:45,CNB,Clear,0.08,9.75,0.9,29.5,79.9
2026-01-15 14:08:22,CNB,Clear,0.09,8.74,0.3,29.7,75.3
2026-06-16 01:27:09,CNB,Clear,0.4,5.88,1.5,22.5,63.8
2026-02-10 07:37:13,CNB,Clear,0.09,9.73,0.0,38.0,79.4
2026-04-22 20:12:51,CNB,Clear,0.15,8.99,1.5,19.6,45.5
2026-06-21 07:17:12,CNB,Rain,0.27,6.28,4.1,27.1,51.7
2026-04-08 06:38:23,CNB,Clear,0.21,8.64,0.8,18.5,69.6
2026-06-18 16:16:05,CNB,Fog,0.62,5.16,1.5,26.0,100.0
2026-06-23 22:36:08,CNB,Clear,0.16,8.56,0.2,34.4,51.7
2026-04-24 23:07:44,CNB,Clear,0.14,9.12,0.0,24.4,51.6
2026-02-21 19:20:25,CNB,Fog,0.59,4.84,1.4,23.5,63.7
2026-01-05 06:22:38,CNB,Fog,0.47,5.85,0.1,27.2,30.1
2026-04-30 17:55:10,CNB,Fog,0.62,5.0,1.0,26.3,82.3
2026-02-07 08:22:37,CNB,Clear,0.46,5.49,0.2,20.1,63.6
2026-06-04 12:08:23,CNB,Rain,0.28,7.73,5.0,22.4,81.0
2026-01-10 13:34:07,CNB,Clear,0.3,7.58,0.6,42.2,54.6
2026-01-08 23:15:10,CNB,Clear,0.6,5.14,1.1,16.3,84.8
2026-03-16 16:04:55,CNB,Cloudy,0.59,4.73,0.3,33.6,45.7
2026-01-24 08:27:17,CNB,Rain,0.09,8.21,2.6,16.3,43.7
2026-06-27 01:42:25,CNB,Clear,0.06,9.48,0.4,34.7,91.2
2026-06-16 23:15:03,CNB,Clear,0.07,9.62,0.8,15.8,33.1
2026-02-04 19:16:22,CNB,Rain,0.08,7.9,11.7,27.2,64.0
2026-01-25 22:17:37,CNB,Clear,0.34,6.66,0.5,19.8,97.3
2026-06-20 04:46:26,CNB,Fog,0.86,2.83,0.8,36.6,90.6
2026-05-17 00:19:47,CNB,Fog,0.64,4.01,0.3,20.6,75.2
2026-04-29 23:50:26,CNB,Rain,0.32,6.47,6.4,21.5,69.2
2026-04-01 18:42:08,CNB,Clear,0.31,7.92,0.1,30.9,54.7
2026-06-19 21:46:12,CNB,Clear,0.41,6.79,1.5,19.5,83.7
2026-02-21 22:14:38,CNB,Clear,0.16,9.06,1.0,13.0,56.2
2026-01-27 13:04:35,CNB,Clear,0.37,6.94,0.9,38.2,74.9
2026-06-11 13:45:06,CNB,Clear,0.37,6.45,0.0,20.0,97.3
2026-01-24 13:45:00,CNB,Clear,0.62,4.54,0.2,19.3,61.4
2026-02-21 19:52:23,CNB,Clear,0.48,5.37,0.7,15.3,95.6
2026-04-08 15:54:50,CNB,Fog,0.37,7.24,0.4,16.8,73.3
2026-01-05 05:44:18,CNB,Cloudy,0.36,7.41,1.5,27.9,85.5
2026-04-13 09:51:48,CNB,Fog,0.72,4.35,0.1,18.3,73.9
2026-06-25 01:39:56,CNB,Clear,0.16,10.07,0.8,29.1,91.4
2026-02-12 03:46:29,CNB,Clear,0.5,5.61,0.3,17.0,84.6
2026-01-21 09:08:43,CNB,Clear,0.3,6.76,1.2,16.9,89.2
2026-06-08 11:43:49,CNB,Clear,0.14,8.91,1.2,20.0,56.1
2026-06-16 05:24:19,CNB,Clear,0.24,8.59,1.2,26.3,83.1
2026-03-15 08:14:48,CNB,Clear,0.42,6.69,1.2,14.6,67.7
2026-04-15 04:56:47,CNB,Cloudy,0.67,4.87,0.9,20.8,68.1
2026-01-09 02:04:12,CNB,Fog,0.5,5.36,1.1,37.4,73.9
2026-06-06 15:36:39,CNB,Clear,0.4,5.48,1.0,31.0,56.0
2026-04-18 13:46:48,CNB,Rain,0.06,8.29,19.5,28.3,50.2
2026-03-25 05:30:07,CNB,Clear,0.36,7.44,0.3,25.0,68.6
2026-01-11 20:34:41,CNB,Cloudy,0.19,7.57,1.2,23.4,42.7
2026-01-04 11:00:52,CNB,Clear,0.49,6.31,0.9,27.1,70.3
2026-01-26 01:16:22,CNB,Clear,0.42,5.89,1.0,27.4,56.3
2026-04-28 02:25:15,CNB,Cloudy,0.21,7.09,0.4,17.7,64.7
2026-05-23 17:12:17,CNB,Cloudy,0.17,9.17,0.4,30.5,85.7
2026-06-12 02:25:11,CNB,Rain,0.38,5.72,1.0,23.9,78.4
2026-05-07 12:16:47,CNB,Clear,0.54,5.57,1.2,26.8,57.4
2026-06-14 06:11:10,CNB,Clear,0.2,7.2,0.9,12.2,80.6
2026-04-21 15:46:00,CNB,Fog,0.39,6.97,0.6,30.6,43.8
2026-06-11 20:11:08,CNB,Clear,0.47,4.78,0.2,32.3,100.0
2026-06-09 05:02:00,CNB,Cloudy,0.59,5.04,1.0,43.8,61.9
2026-06-06 14:36:54,CNB,Clear,0.5,5.57,1.2,20.4,67.8
2026-05-20 15:49:17,CNB,Fog,0.52,6.2,1.4,30.3,54.5
2026-02-18 14:30:21,CNB,Clear,0.48,6.04,1.4,21.8,70.6
2026-03-03 03:24:03,CNB,Clear,0.1,10.14,1.5,25.5,76.2
2026-04-23 22:36:52,CNB,Rain,0.14,8.05,13.4,28.7,76.5
2026-05-09 08:21:57,CNB,Rain,0.27,6.91,3.5,12.1,51.4
2026-06-04 06:58:50,CNB,Cloudy,0.26,7.72,0.3,21.7,69.0
2026-06-16 05:41:16,CNB,Cloudy,0.13,9.59,0.0,27.9,79.3
2026-05-27 06:09:31,CNB,Clear,0.22,7.74,1.3,27.9,49.0
2026-06-11 00:14:52,CNB,Cloudy,0.36,6.07,1.2,35.3,89.1
2026-04-10 07:47:27,CNB,Fog,0.61,4.09,0.7,31.3,100.0
2026-04-07 18:28:56,CNB,Clear,0.3,7.17,1.5,22.4,48.8
2026-02-17 12:35:24,CNB,Cloudy,0.23,8.16,0.0,17.5,63.8
2026-01-04 23:31:33,CNB,Cloudy,0.44,6.39,0.8,39.6,67.1
2026-01-17 01:01:17,CNB,Clear,0.47,5.86,0.6,22.4,50.7
2026-02-01 06:09:42,CNB,Clear,0.35,7.02,1.1,18.6,76.9
2026-04-17 14:57:33,CNB,Fog,0.6,4.63,0.9,23.0,24.1
2026-03-12 08:07:41,CNB,Cloudy,0.27,7.86,1.3,20.3,57.6
2026-02-15 23:04:35,CNB,Clear,0.34,6.78,1.2,15.2,66.4
2026-05-01 19:22:46,CNB,Cloudy,0.19,9.23,0.4,36.6,63.9
2026-01-12 20:43:24,CNB,Clear,0.26,7.66,0.7,25.3,70.9
2026-05-28 16:30:53,CNB,Cloudy,0.29,7.19,0.6,30.4,79.2
2026-05-01 20:12:27,CNB,Clear,0.49,6.33,0.9,26.6,75.9
2026-01-26 00:14:19,CNB,Clear,0.08,9.22,0.1,21.6,74.6
2026-01-01 12:22:20,CNB,Fog,0.88,2.42,0.2,30.2,98.4
2026-06-11 09:45:24,CNB,Cloudy,0.36,6.68,0.3,27.7,77.0
2026-03-17 14:55:25,CNB,Clear,0.27,7.89,0.7,39.0,31.7
2026-05-01 08:15:33,CNB,Clear,0.17,8.66,0.2,32.4,42.2
2026-03-06 06:35:29,CNB,Fog,0.63,3.95,0.3,22.6,44.6
2026-04-26 20:29:24,CNB,Cloudy,0.1,10.09,0.5,26.0,81.1
2026-05-27 12:35:20,CNB,Fog,0.45,5.52,0.2,32.8,83.1
2026-05-13 09:59:02,CNB,Clear,0.59,4.95,0.9,9.2,70.7
2026-06-18 06:34:47,CNB,Cloudy,0.44,5.99,0.1,12.1,61.9
2026-06-25 14:11:09,CNB,Cloudy,0.2,7.61,0.1,29.1,53.3
2026-04-03 21:59:44,CNB,Clear,0.54,5.23,1.1,27.4,74.9
2026-06-04 14:26:19,CNB,Cloudy,0.55,5.25,1.3,28.4,45.4
2026-03-05 22:17:15,CNB,Rain,0.18,7.2,8.4,25.7,83.0
2026-05-30 22:30:37,CNB,Cloudy,0.16,8.86,0.3,16.5,41.1
2026-06-27 17:05:45,CNB,Cloudy,0.12,9.1,0.1,33.5,77.6
2026-03-07 04:46:02,CNB,Clear,0.26,7.54,0.3,36.8,65.0
2026-04-10 20:09:43,CNB,Fog,0.84,2.72,0.7,21.5,100.0
2026-02-28 09:28:27,CNB,Fog,0.73,3.15,0.4,27.7,41.7
2026-06-03 10:29:09,CNB,Clear,0.2,7.65,1.0,22.6,22.7
2026-05-13 05:36:21,CNB,Clear,0.13,9.51,1.1,20.4,54.8
2026-03-03 04:14:34,CNB,Rain,0.04,9.39,17.4,16.5,65.8
2026-04-07 12:12:41,CNB,Cloudy,0.18,8.41,0.8,29.4,84.7
2026-01-06 19:25:47,CNB,Clear,0.51,6.08,0.7,33.3,46.5
2026-03-10 11:23:19,CNB,Rain,0.45,5.38,8.8,24.1,48.6
2026-06-11 11:12:42,CNB,Rain,0.46,5.08,8.5,42.2,95.1
2026-04-12 09:56:41,CNB,Cloudy,0.17,8.71,1.2,20.3,84.0
2026-02-18 04:20:40,CNB,Clear,0.06,9.92,0.8,19.9,67.8
2026-05-23 05:01:19,CNB,Fog,0.89,2.57,0.2,15.9,100.0
2026-01-14 18:32:51,CNB,Clear,0.2,8.39,0.7,16.0,92.8
2026-02-02 14:38:54,CNB,Fog,0.53,4.92,1.0,24.8,48.8
2026-06-17 15:37:49,CNB,Rain,0.09,7.5,3.9,19.9,74.8
2026-03-26 21:12:41,CNB,Cloudy,0.25,7.8,1.4,24.4,72.8
2026-03-12 17:53:31,CNB,Cloudy,0.04,8.83,0.6,34.1,64.7
2026-04-26 23:47:05,CNB,Clear,0.44,5.49,0.9,32.7,58.2
2026-01-23 21:22:40,CNB,Fog,0.68,3.75,1.0,21.9,67.6
2026-03-04 01:06:16,CNB,Clear,0.52,5.38,0.1,25.1,64.3
2026-03-23 06:37:55,CNB,Fog,0.42,5.84,0.3,35.1,62.8
2026-01-21 03:39:03,CNB,Clear,0.27,7.14,0.7,24.6,45.4
2026-06-23 08:50:29,CNB,Clear,0.46,5.93,0.9,27.3,52.2
2026-06-16 01:49:27,CNB,Rain,0.36,5.4,2.4,29.1,80.8
2026-05-10 15:00:31,CNB,Fog,0.81,2.58,0.9,5.0,100.0
2026-05-19 12:17:18,CNB,Cloudy,0.29,7.1,0.5,18.8,70.4
2026-06-29 17:48:09,CNB,Clear,0.43,7.0,0.9,19.1,74.2
2026-04-24 23:10:40,CNB,Cloudy,0.36,6.47,1.0,11.3,88.7
2026-06-24 08:01:17,CNB,Cloudy,0.5,6.2,0.3,26.1,82.1
2026-02-17 10:48:25,CNB,Fog,0.64,4.84,0.5,25.6,73.5
2026-01-05 19:28:15,CNB,Clear,0.32,7.28,0.3,25.8,100.0
2026-02-13 18:44:11,CNB,Cloudy,0.16,8.31,1.2,29.8,49.4
2026-04-13 10:45:30,CNB,Clear,0.41,5.94,1.3,23.7,100.0
2026-04-13 09:04:57,CNB,Clear,0.18,7.94,0.6,25.1,87.9
2026-02-21 03:19:57,CNB,Clear,0.49,7.34,0.7,28.7,75.7
2026-04-06 21:16:56,CNB,Clear,0.4,6.71,1.2,20.4,60.5
2026-01-09 14:38:22,CNB,Clear,0.32,7.22,1.1,28.7,68.8
2026-02-17 04:50:32,CNB,Rain,0.37,5.66,20.7,34.8,63.3
2026-04-09 09:21:47,CNB,Clear,0.38,6.28,1.4,24.7,65.8
2026-03-27 14:30:48,CNB,Cloudy,0.46,6.31,0.3,21.8,98.3
2026-04-15 00:58:58,CNB,Rain,0.17,7.43,2.4,22.6,85.6
2026-02-19 07:19:06,CNB,Clear,0.29,7.97,1.0,26.5,73.9
2026-05-25 18:06:51,CNB,Cloudy,0.57,4.56,0.3,15.2,86.6
2026-02-10 14:22:24,CNB,Cloudy,0.27,8.2,1.2,17.1,71.8
2026-04-11 18:01:24,CNB,Clear,0.35,6.25,0.2,37.2,45.6
2026-06-24 14:57:08,CNB,Fog,0.43,6.56,0.1,21.5,84.3
2026-04-07 20:30:22,CNB,Rain,0.11,7.43,16.0,23.3,58.2
2026-03-22 00:24:37,CNB,Fog,0.51,5.61,0.7,1.1,80.5
2026-06-30 04:13:02,CNB,Rain,0.12,8.51,31.2,27.4,88.7
2026-04-20 00:01:45,CNB,Cloudy,0.48,5.11,0.1,8.2,79.3
2026-03-18 10:44:11,CNB,Cloudy,0.21,8.51,1.1,45.2,84.5
2026-02-03 06:50:43,CNB,Cloudy,0.19,8.08,0.3,19.9,73.9
2026-06-08 00:09:10,CNB,Clear,0.21,8.78,0.8,26.9,86.0
2026-05-21 16:23:45,CNB,Cloudy,0.16,8.41,0.9,35.9,60.6
2026-06-22 05:24:58,CNB,Clear,0.08,9.47,1.1,17.6,79.1
2026-03-16 02:38:46,CNB,Fog,0.72,3.84,0.8,21.2,82.4
2026-01-03 05:34:09,CNB,Clear,0.19,8.29,0.4,19.2,83.4
2026-01-10 23:38:30,CNB,Clear,0.41,6.13,0.8,34.2,59.7
2026-04-09 21:44:15,CNB,Fog,0.44,6.37,0.5,30.0,41.7
2026-01-08 04:28:13,CNB,Clear,0.31,7.11,1.1,23.0,74.6
2026-01-13 14:59:20,CNB,Clear,0.19,9.09,0.6,37.4,71.5
2026-03-02 07:58:27,CNB,Fog,0.58,5.36,0.3,28.3,98.5
2026-05-29 07:52:11,CNB,Clear,0.2,8.08,0.3,25.8,51.5
2026-06-15 08:08:29,CNB,Rain,0.64,3.75,18.4,30.7,74.8
2026-06-14 17:02:16,CNB,Clear,0.24,8.18,0.0,36.6,27.0
2026-01-23 06:55:05,CNB,Clear,0.14,8.58,0.5,28.5,52.1
2026-01-31 17:09:06,CNB,Clear,0.28,7.96,0.8,16.4,52.8
2026-01-14 07:59:52,CNB,Cloudy,0.45,6.64,0.4,16.2,62.0
2026-02-16 08:59:02,CNB,Rain,0.61,2.99,2.8,34.2,86.1
2026-03-03 08:32:25,CNB,Rain,0.2,7.43,2.8,24.2,66.7
2026-05-22 18:48:34,CNB,Clear,0.16,8.48,1.2,13.3,26.7
2026-01-12 02:01:07,CNB,Rain,0.12,7.72,1.6,33.3,89.8
2026-01-22 07:34:26,CNB,Rain,0.14,6.51,3.8,24.9,69.2
2026-06-28 11:10:40,CNB,Clear,0.33,6.74,1.1,18.7,96.2
2026-04-12 04:53:04,CNB,Fog,0.64,5.5,1.2,28.6,73.6
2026-03-08 10:13:21,CNB,Clear,0.27,7.66,0.7,20.9,69.8
2026-01-18 00:44:43,CNB,Clear,0.27,8.21,0.6,31.8,56.7
2026-06-14 02:18:44,CNB,Clear,0.24,7.42,1.0,18.1,92.7
2026-03-26 22:24:03,CNB,Cloudy,0.22,7.98,0.4,15.8,58.4
2026-04-05 08:58:05,CNB,Clear,0.15,8.86,0.0,34.4,72.6
2026-03-06 01:02:37,CNB,Clear,0.14,8.86,0.2,30.1,71.5
2026-01-07 23:05:52,CNB,Clear,0.58,4.99,0.6,31.5,67.0
2026-04-20 15:35:07,CNB,Cloudy,0.63,5.36,0.2,19.6,69.5
2026-04-02 09:31:52,CNB,Clear,0.54,4.89,1.5,24.8,69.9
2026-04-14 04:06:27,CNB,Cloudy,0.1,8.89,0.2,26.3,77.0
2026-03-01 20:43:25,CNB,Cloudy,0.47,6.04,0.0,17.4,96.9
2026-02-17 12:15:47,CNB,Rain,0.53,3.78,3.6,29.7,59.3
2026-06-08 07:45:13,CNB,Fog,0.99,1.71,0.3,22.3,95.1
2026-01-26 00:38:56,CNB,Fog,0.54,5.22,0.8,33.8,90.3
2026-05-03 04:36:44,CNB,Clear,0.47,6.28,0.6,23.4,72.3
2026-04-01 10:02:24,CNB,Clear,0.31,7.1,0.8,30.7,57.7
2026-04-25 06:58:57,CNB,Cloudy,0.11,8.73,0.4,10.5,54.8
2026-05-04 11:55:58,CNB,Clear,0.5,5.8,0.8,30.3,78.0
2026-01-14 04:01:27,CNB,Clear,0.39,6.62,1.3,36.8,74.8
2026-05-15 21:12:16,CNB,Cloudy,0.42,6.62,1.1,20.8,55.3
2026-01-27 05:11:24,CNB,Clear,0.4,6.01,0.4,31.9,59.7
2026-06-18 05:27:56,CNB,Clear,0.16,8.33,0.3,22.0,49.7
2026-02-02 21:49:19,CNB,Cloudy,0.33,7.3,0.6,20.5,55.3
2026-02-05 07:40:53,CNB,Fog,1.0,2.51,0.6,20.2,68.9
2026-02-05 05:47:47,CNB,Rain,0.13,8.05,21.4,18.0,63.6
2026-03-03 17:05:24,CNB,Clear,0.36,7.34,1.3,21.8,88.6
2026-06-20 06:46:09,CNB,Clear,0.29,7.67,0.3,21.5,100.0
2026-03-13 03:10:58,CNB,Clear,0.17,9.39,1.4,12.6,38.1
2026-04-15 20:34:19,CNB,Clear,0.32,6.79,0.3,33.3,81.9
2026-03-30 03:50:56,CNB,Clear,0.18,8.54,0.0,17.4,61.0
2026-05-22 17:24:16,CNB,Cloudy,0.39,7.43,0.6,22.3,38.9
2026-03-29 00:37:59,CNB,Cloudy,0.6,4.57,1.5,22.8,75.6
2026-05-03 07:19:50,CNB,Cloudy,0.32,7.53,0.6,33.7,54.8
2026-02-20 06:47:38,CNB,Clear,0.08,9.51,0.8,29.8,45.2
2026-03-25 08:45:16,CNB,Clear,0.43,6.56,0.1,32.2,67.5
2026-06-30 07:02:27,CNB,Fog,0.59,4.99,1.0,17.2,65.8
2026-06-28 08:41:13,CNB,Cloudy,0.46,6.11,0.1,18.4,44.0
2026-02-09 11:20:26,CNB,Clear,0.13,9.09,1.2,20.6,68.4
2026-06-30 02:38:04,CNB,Cloudy,0.13,8.85,0.8,30.6,74.8
2026-01-16 16:21:09,CNB,Clear,0.38,6.8,0.9,30.3,73.6
2026-05-09 18:17:38,CNB,Cloudy,0.5,5.33,1.1,14.6,79.6
2026-03-09 01:42:41,CNB,Clear,0.24,8.34,0.8,27.8,63.1
2026-05-08 13:30:26,CNB,Cloudy,0.2,8.29,1.3,28.3,71.2
2026-05-13 23:34:21,CNB,Clear,0.11,9.4,0.2,13.3,51.5
2026-04-26 04:12:50,CNB,Rain,0.26,7.12,15.4,20.9,71.8
2026-03-26 11:53:30,CNB,Cloudy,0.27,8.49,0.8,26.2,47.1
2026-03-06 12:10:00,CNB,Clear,0.48,5.54,0.1,31.0,56.3
2026-04-18 12:42:55,CNB,Rain,0.57,4.0,5.2,22.4,47.6
2026-01-13 06:40:30,CNB,Clear,0.5,5.77,1.3,29.6,58.2
2026-04-18 12:55:26,CNB,Cloudy,0.13,9.23,1.0,19.4,85.1
2026-05-17 10:55:11,CNB,Cloudy,0.32,6.27,0.7,24.2,41.5
2026-04-07 03:51:59,CNB,Clear,0.25,7.67,0.4,20.2,80.5
2026-02-23 13:37:07,CNB,Clear,0.16,8.96,1.2,17.1,61.1
2026-04-05 08:45:16,CNB,Fog,0.53,5.88,0.6,5.0,94.3
2026-03-25 15:41:41,CNB,Cloudy,0.16,9.29,0.6,34.3,93.4
2026-02-04 05:29:09,CNB,Fog,0.82,2.81,0.5,17.4,82.3
2026-04-25 17:46:44,CNB,Fog,0.78,3.83,1.0,29.5,64.8
2026-04-15 20:43:18,CNB,Cloudy,0.32,7.4,0.5,37.8,20.0
2026-02-23 16:11:18,CNB,Cloudy,0.32,7.61,1.4,14.2,47.9
2026-05-19 10:48:49,CNB,Clear,0.24,8.34,1.1,26.1,87.2
2026-05-02 04:10:08,CNB,Clear,0.57,5.76,1.0,30.2,74.3
2026-03-28 08:04:39,CNB,Clear,0.68,3.77,1.0,26.8,83.4
2026-01-18 11:17:22,CNB,Clear,0.32,6.48,1.5,30.6,58.8
2026-01-31 07:02:08,CNB,Clear,0.23,7.63,0.3,13.2,96.4
2026-03-12 18:10:44,CNB,Fog,0.62,5.5,0.0,27.7,55.6
2026-03-03 20:13:37,CNB,Cloudy,0.41,5.91,0.3,18.3,100.0
2026-05-15 16:33:34,CNB,Clear,0.18,8.42,1.5,18.0,34.1
2026-02-05 08:52:49,CNB,Fog,0.68,4.16,0.2,22.1,86.7
2026-01-20 21:49:30,CNB,Clear,0.12,9.6,1.5,30.4,47.6
2026-01-28 12:45:01,CNB,Clear,0.26,7.54,0.5,25.9,42.9
2026-02-07 12:24:21,CNB,Clear,0.42,6.19,0.4,14.7,84.9
2026-03-19 03:22:31,CNB,Cloudy,0.45,5.61,0.7,24.9,59.9
2026-01-27 01:17:57,CNB,Clear,0.37,6.33,0.5,14.6,67.2
2026-06-09 15:21:49,CNB,Rain,0.28,7.21,11.6,18.8,72.8
2026-02-05 15:45:58,CNB,Cloudy,0.26,7.97,1.1,36.8,84.3
2026-06-02 19:16:09,CNB,Cloudy,0.38,7.05,1.4,15.5,86.7
2026-04-11 16:02:51,CNB,Clear,0.07,8.76,1.1,19.5,74.8
2026-06-22 08:04:39,CNB,Clear,0.17,8.27,0.0,14.6,48.5
2026-06-22 03:36:57,CNB,Clear,0.26,7.97,0.5,26.5,43.7
2026-01-25 09:48:36,CNB,Fog,0.61,4.35,1.5,15.7,94.1
2026-06-25 10:45:03,CNB,Cloudy,0.18,8.38,1.3,23.1,60.4
2026-03-07 04:37:56,CNB,Clear,0.21,8.03,0.3,23.2,44.6
2026-03-22 11:39:41,CNB,Clear,0.27,7.6,0.5,32.5,61.7
2026-05-29 16:13:33,CNB,Fog,0.38,7.49,0.3,29.1,61.8
2026-04-11 16:21:15,CNB,Clear,0.16,9.23,0.7,6.8,72.0
2026-04-24 13:42:48,CNB,Clear,0.16,9.51,1.3,38.7,58.4
2026-06-22 06:21:47,CNB,Cloudy,0.06,8.62,0.7,26.4,67.6
2026-03-12 10:34:30,CNB,Rain,0.25,6.57,7.3,5.6,92.0
2026-04-19 02:57:38,CNB,Cloudy,0.48,6.18,1.5,2.7,93.4
2026-04-18 14:51:41,CNB,Cloudy,0.07,8.89,1.5,4.0,95.4
2026-05-01 17:07:43,CNB,Clear,0.07,9.19,0.9,20.5,69.5
2026-06-03 09:46:48,CNB,Clear,0.67,4.89,1.3,16.7,91.2
2026-06-06 15:36:37,CNB,Cloudy,0.77,3.26,0.7,21.9,80.0
2026-04-01 14:32:15,CNB,Clear,0.4,6.19,0.5,37.7,62.3
2026-05-08 16:01:30,CNB,Clear,0.02,10.13,0.9,11.1,71.6
2026-06-27 04:55:54,CNB,Rain,0.06,8.02,3.7,25.9,62.8
2026-01-20 09:12:58,CNB,Clear,0.21,8.31,1.1,22.5,51.6
2026-02-03 08:10:59,CNB,Clear,0.39,7.19,0.2,35.4,61.4
2026-01-07 17:55:38,CNB,Clear,0.44,6.39,0.9,23.3,58.1
2026-05-10 09:49:19,CNB,Clear,0.03,9.7,0.3,15.9,48.7
2026-03-11 18:29:23,CNB,Clear,0.32,7.55,0.3,35.4,62.4
2026-05-25 01:33:49,CNB,Clear,0.32,7.16,0.7,31.2,71.9
2026-02-28 11:02:41,CNB,Clear,0.25,6.86,1.0,29.6,59.4
2026-06-26 06:01:16,CNB,Clear,0.45,6.51,0.8,28.0,33.6
2026-06-05 12:29:18,CNB,Rain,0.3,6.58,5.4,12.8,63.4
2026-01-10 02:42:09,CNB,Cloudy,0.17,9.09,1.1,27.3,39.8
2026-01-24 12:30:59,CNB,Cloudy,0.42,7.38,0.4,16.8,74.9
2026-06-20 15:41:36,CNB,Cloudy,0.69,3.37,0.5,27.1,78.6
2026-05-24 11:27:13,CNB,Cloudy,0.53,5.13,1.0,14.8,62.6
2026-06-26 11:28:26,CNB,Clear,0.3,6.7,1.3,17.3,48.6
2026-03-13 18:38:08,CNB,Clear,0.28,7.2,0.6,22.5,54.7
2026-01-12 18:40:37,CNB,Clear,0.24,8.18,0.7,10.5,90.8
2026-01-16 03:39:26,CNB,Clear,0.05,9.94,1.2,35.9,59.4
2026-02-25 03:49:29,CNB,Clear,0.13,9.34,0.7,40.2,70.8
2026-01-21 21:04:18,CNB,Clear,0.68,4.89,0.5,26.6,80.2
2026-01-12 16:21:28,CNB,Clear,0.34,6.46,0.6,48.0,68.2
2026-04-06 11:26:00,CNB,Cloudy,0.17,8.66,0.4,24.4,60.7
2026-02-04 06:56:33,CNB,Clear,0.38,6.95,0.7,26.9,74.6
2026-04-16 15:16:54,CNB,Rain,0.09,8.33,8.4,29.8,71.7
2026-04-26 12:19:24,CNB,Clear,0.23,7.8,1.1,40.8,80.2
2026-02-11 10:27:04,CNB,Clear,0.19,8.11,0.6,20.9,76.8
2026-06-10 02:11:49,CNB,Clear,0.51,5.24,0.8,23.5,62.5
2026-04-07 03:19:18,CNB,Cloudy,0.35,7.11,1.3,26.9,62.2
2026-02-24 15:46:29,CNB,Fog,0.71,4.28,0.1,24.5,100.0
2026-06-23 00:09:24,CNB,Clear,0.1,9.23,0.7,28.2,69.9
2026-06-02 15:23:06,CNB,Clear,0.41,7.08,1.5,14.6,41.1
2026-06-03 13:31:37,CNB,Clear,0.11,8.78,1.5,26.1,56.4
2026-06-21 20:47:39,CNB,Clear,0.41,7.09,1.3,28.3,69.7
2026-01-29 07:16:14,CNB,Rain,0.31,6.69,5.9,29.3,51.2
2026-04-17 07:48:50,CNB,Clear,0.05,9.9,0.2,16.9,60.1
2026-01-11 10:46:10,CNB,Clear,0.37,8.09,1.4,32.6,38.6
2026-05-11 14:38:59,CNB,Rain,0.28,6.55,13.4,27.1,83.0
2026-02-11 02:17:11,CNB,Clear,0.24,7.67,1.0,25.2,68.0
2026-03-19 12:15:47,CNB,Fog,0.58,5.34,1.4,28.2,72.7
2026-06-07 16:13:55,CNB,Clear,0.2,7.7,0.2,21.4,77.9
2026-04-28 00:30:32,CNB,Rain,0.35,6.13,11.7,17.0,79.6
2026-06-30 01:37:26,CNB,Clear,0.15,8.97,0.0,10.6,65.0
2026-03-04 14:45:34,CNB,Fog,0.74,3.65,0.1,29.8,82.8
2026-02-10 04:14:42,CNB,Clear,0.45,6.97,0.7,4.4,65.0
2026-06-26 09:41:19,CNB,Cloudy,0.44,6.07,1.1,27.6,47.4
2026-05-22 11:45:46,CNB,Cloudy,0.43,7.02,0.3,30.1,45.6
2026-02-19 11:32:09,CNB,Fog,0.58,5.43,1.2,22.7,100.0
2026-06-25 10:16:38,CNB,Clear,0.17,8.02,1.0,9.8,47.5
2026-01-12 06:34:33,CNB,Fog,0.67,4.78,1.3,24.5,22.2
2026-05-24 22:39:56,CNB,Cloudy,0.4,6.26,1.4,19.1,70.8
2026-02-10 14:03:41,CNB,Clear,0.31,6.95,0.7,21.5,65.6
2026-01-08 00:02:49,CNB,Clear,0.03,9.84,0.8,22.7,51.8
2026-05-05 02:17:11,CNB,Clear,0.31,7.9,0.2,11.4,50.2
2026-01-09 00:43:52,CNB,Clear,0.12,9.52,1.4,24.5,38.2
2026-05-07 12:56:23,CNB,Clear,0.19,9.19,0.9,14.8,49.5
2026-03-30 03:31:26,CNB,Cloudy,0.28,7.8,0.7,27.1,71.5
2026-06-30 01:26:34,CNB,Clear,0.2,7.21,0.6,26.7,75.1
2026-06-27 00:32:29,CNB,Cloudy,0.17,8.11,1.3,11.9,50.1
2026-04-06 21:25:21,CNB,Rain,0.3,5.97,8.6,15.4,55.3
2026-03-23 18:16:47,CNB,Fog,0.91,2.35,1.5,44.9,67.6
2026-05-10 09:18:15,CNB,Clear,0.14,8.48,0.5,20.7,62.6
2026-03-05 13:28:44,CNB,Clear,0.04,9.35,0.5,41.7,80.5
2026-01-04 17:10:43,CNB,Cloudy,0.38,7.02,0.7,21.5,83.2
2026-03-18 23:58:28,CNB,Clear,0.18,8.7,0.4,24.2,61.6
2026-03-24 12:59:06,CNB,Clear,0.55,4.6,0.1,37.0,72.5
2026-02-18 06:56:07,CNB,Clear,0.25,8.46,1.0,25.3,57.7
2026-01-20 22:37:38,CNB,Rain,0.13,7.38,12.5,20.5,66.7
2026-02-18 12:38:07,CNB,Clear,0.39,6.53,0.8,30.4,50.5
2026-05-05 07:40:30,CNB,Fog,0.51,5.81,1.0,21.0,54.2
2026-01-19 00:01:21,CNB,Fog,0.46,6.38,1.3,12.7,86.7
2026-01-28 14:57:25,CNB,Clear,0.46,6.52,1.1,22.2,53.8
2026-03-30 09:57:12,CNB,Clear,0.24,7.82,0.7,17.1,57.2
2026-04-28 23:51:02,CNB,Cloudy,0.58,5.46,0.3,13.4,79.4
2026-01-05 20:52:51,CNB,Clear,0.28,7.44,1.2,24.9,69.7
2026-03-03 04:37:48,CNB,Clear,0.4,6.9,0.9,21.6,63.6
2026-03-09 09:10:31,CNB,Clear,0.24,8.2,0.9,-0.6,35.6
2026-05-13 01:54:56,CNB,Clear,0.05,10.31,1.3,32.5,41.0
2026-05-02 00:27:43,CNB,Fog,0.55,4.9,0.1,31.2,85.6
2026-03-16 13:57:39,CNB,Clear,0.28,8.35,1.5,6.5,73.0
2026-04-02 19:55:37,CNB,Cloudy,0.4,6.52,1.4,21.2,80.5
2026-03-15 02:47:48,CNB,Clear,0.25,8.23,1.5,29.5,80.4
2026-02-11 10:31:54,CNB,Cloudy,0.33,6.87,1.0,22.3,40.9
2026-01-17 00:59:14,CNB,Clear,0.2,8.75,1.5,14.1,72.0
2026-01-08 05:14:37,CNB,Rain,0.37,5.86,2.2,20.8,81.7
2026-02-06 16:29:33,CNB,Clear,0.28,7.92,0.8,32.1,73.3
2026-03-02 00:35:36,CNB,Clear,0.31,7.62,0.8,8.1,67.1
2026-05-05 11:40:37,CNB,Clear,0.26,8.71,1.4,15.0,48.1
2026-06-14 07:19:45,CNB,Rain,0.3,5.31,3.5,21.6,72.3
2026-06-17 17:06:51,CNB,Fog,0.73,3.17,1.1,28.3,86.6
2026-04-25 15:10:48,CNB,Fog,0.6,5.27,1.5,16.1,74.0
2026-06-10 22:05:53,CNB,Clear,0.57,4.84,1.5,23.2,40.2
2026-06-28 01:09:48,CNB,Fog,0.65,3.94,1.2,26.5,72.1
2026-03-23 11:18:41,CNB,Clear,0.16,9.67,0.8,23.3,26.4
2026-06-18 17:52:54,CNB,Clear,0.23,7.78,1.0,20.6,94.1
2026-05-21 02:21:33,CNB,Clear,0.63,5.14,0.1,26.9,82.0
2026-01-27 02:28:10,CNB,Clear,0.25,8.64,0.2,30.5,64.9
2026-05-31 18:52:54,CNB,Clear,0.01,9.61,0.3,19.6,44.4
2026-04-22 04:22:21,CNB,Clear,0.29,8.02,0.6,30.1,80.3
2026-06-30 04:14:37,CNB,Clear,0.45,6.38,1.2,25.9,79.9
2026-05-12 16:36:48,CNB,Clear,0.29,7.14,1.2,14.0,50.5
2026-05-05 02:35:22,CNB,Cloudy,0.23,8.36,1.4,33.8,74.9
2026-05-20 21:26:04,CNB,Cloudy,0.36,6.4,1.1,9.1,78.0
2026-03-19 16:43:57,CNB,Clear,0.43,6.14,0.6,29.4,54.1
2026-03-17 14:12:31,CNB,Clear,0.32,6.45,0.2,29.4,92.8
2026-03-06 00:58:20,CNB,Rain,0.15,7.48,13.4,28.9,37.6
2026-05-06 17:09:09,CNB,Clear,0.11,9.8,1.4,20.4,81.9
2026-03-16 05:37:16,CNB,Clear,0.34,6.9,0.6,27.7,49.4
2026-02-04 12:36:44,CNB,Rain,0.21,6.61,1.4,29.5,71.1
2026-03-21 02:55:39,CNB,Cloudy,0.17,7.87,1.3,29.9,40.2
2026-06-19 07:06:31,CNB,Cloudy,0.29,8.4,0.8,31.3,79.9
2026-03-23 08:06:20,CNB,Clear,0.73,4.07,0.7,26.7,69.6
2026-04-05 01:22:55,CNB,Clear,0.33,7.15,0.2,24.0,66.8
2026-06-28 20:08:47,CNB,Rain,0.08,7.32,8.1,20.7,72.4
2026-01-15 04:01:01,CNB,Clear,0.12,9.01,1.5,28.9,72.6
2026-03-20 11:10:06,CNB,Clear,0.21,8.49,1.0,17.1,82.0
2026-05-13 22:10:04,CNB,Clear,0.22,8.02,0.3,23.8,81.9
2026-02-28 11:01:46,CNB,Clear,0.19,8.6,1.4,12.6,64.0
2026-04-28 08:22:39,CNB,Clear,0.21,7.55,1.0,25.6,31.1
2026-03-08 13:42:51,CNB,Clear,0.37,6.6,1.0,19.1,79.9
2026-03-25 06:28:44,CNB,Fog,0.69,3.83,1.4,30.2,88.2
2026-05-17 12:17:40,CNB,Clear,0.04,9.51,1.4,25.9,79.3
2026-04-04 08:31:55,CNB,Clear,0.17,7.62,1.1,40.9,100.0
2026-01-28 22:24:55,CNB,Clear,0.56,5.38,1.2,39.6,70.3
2026-06-15 05:09:46,CNB,Clear,0.45,6.07,0.1,39.8,82.7
2026-03-09 23:28:29,CNB,Cloudy,0.5,5.54,1.1,11.0,83.1
2026-06-04 04:09:25,CNB,Clear,0.18,8.68,0.9,21.4,86.8
2026-02-05 15:22:23,CNB,Cloudy,0.3,6.8,0.5,2.3,62.9
2026-05-11 01:44:43,CNB,Fog,0.71,3.84,0.1,28.8,65.8
2026-04-07 14:18:25,CNB,Clear,0.18,8.17,1.0,26.8,72.3
2026-06-25 08:10:23,CNB,Clear,0.32,7.12,0.9,27.6,70.0
2026-03-18 00:11:17,CNB,Clear,0.4,7.17,1.3,27.1,70.6
2026-01-07 22:57:23,CNB,Rain,0.78,2.71,2.8,30.1,67.2
2026-02-01 00:22:25,CNB,Clear,0.27,8.01,0.4,24.4,93.1
2026-01-05 15:18:23,CNB,Clear,0.63,4.43,0.1,25.6,92.3
2026-03-08 12:43:34,CNB,Cloudy,0.3,7.82,0.3,29.3,42.8
2026-01-12 11:03:25,CNB,Clear,0.02,9.85,0.3,16.3,92.4
2026-01-15 21:06:46,CNB,Clear,0.11,8.72,0.0,24.3,81.8
2026-03-07 20:19:21,CNB,Cloudy,0.22,8.07,0.6,8.1,43.3
2026-01-26 22:25:38,CNB,Clear,0.3,8.02,1.2,22.5,67.2
2026-05-04 05:04:12,CNB,Cloudy,0.47,5.81,1.0,20.1,77.0
2026-01-09 21:22:48,CNB,Clear,0.11,9.76,1.3,24.7,55.8
2026-01-13 05:01:20,CNB,Fog,0.85,2.61,0.4,35.8,76.1
2026-02-20 18:10:05,CNB,Rain,0.37,6.07,6.5,27.7,58.2
2026-04-11 15:49:02,CNB,Cloudy,0.36,6.7,0.5,24.2,76.3
2026-06-28 22:48:05,CNB,Fog,0.4,6.32,0.4,31.6,66.3
2026-04-07 05:20:37,CNB,Cloudy,0.31,6.93,0.1,22.5,68.7
2026-06-22 21:32:14,CNB,Clear,0.21,7.89,1.0,22.9,50.3
2026-06-14 09:53:14,CNB,Clear,0.23,7.29,1.0,40.9,58.9
2026-02-16 23:34:18,CNB,Cloudy,0.01,9.97,0.9,22.2,68.2
2026-03-01 00:52:35,CNB,Clear,0.53,5.23,1.4,25.2,86.5
2026-01-07 18:31:55,CNB,Rain,0.09,8.98,4.5,28.2,86.9
2026-03-03 02:23:04,CNB,Clear,0.2,8.33,1.0,16.1,57.9
2026-02-27 16:03:39,CNB,Clear,0.79,3.19,1.4,27.3,100.0
2026-06-15 16:46:08,CNB,Clear,0.27,7.83,0.1,17.2,21.5
2026-01-02 07:38:45,CNB,Rain,0.44,4.11,2.7,19.2,65.8
2026-03-09 11:37:41,CNB,Clear,0.2,8.8,0.7,21.8,43.6
2026-02-06 05:13:44,CNB,Rain,0.21,7.39,16.2,31.9,94.5
2026-03-15 19:40:04,CNB,Cloudy,0.16,9.11,0.4,15.3,80.9
2026-04-04 14:52:33,CNB,Fog,0.63,4.67,0.8,33.5,84.1
2026-01-07 06:17:53,CNB,Clear,0.28,6.72,0.7,18.0,56.3
2026-02-06 11:11:01,CNB,Clear,0.21,8.0,0.4,15.6,71.8
2026-01-28 06:27:30,CNB,Fog,0.85,3.09,0.6,39.1,75.1
2026-05-19 18:47:11,CNB,Clear,0.23,8.63,0.1,21.6,67.1
2026-06-12 14:54:28,CNB,Clear,0.38,6.47,0.5,31.1,82.0
2026-04-20 11:10:46,CNB,Clear,0.11,10.01,0.8,33.5,65.9
2026-01-25 01:56:53,CNB,Cloudy,0.19,8.27,1.4,31.1,67.3
2026-05-04 14:37:09,CNB,Clear,0.74,3.84,0.3,25.4,76.3
2026-02-01 09:58:01,CNB,Cloudy,0.45,6.18,1.1,30.2,98.3
2026-06-19 18:22:13,CNB,Clear,0.3,7.22,1.2,17.1,71.2
2026-06-26 21:17:36,CNB,Cloudy,0.26,8.21,0.4,27.4,33.8
2026-03-29 22:55:24,CNB,Rain,0.48,4.82,2.6,24.4,39.3
2026-02-15 15:48:54,CNB,Clear,0.12,8.55,0.8,21.7,33.4
2026-02-02 11:07:56,CNB,Cloudy,0.24,8.5,1.1,24.0,54.4
2026-05-19 00:15:45,CNB,Clear,0.35,6.55,0.4,32.7,85.3
2026-06-06 20:58:33,CNB,Clear,0.32,6.66,0.3,23.0,66.1
2026-05-11 06:36:44,CNB,Cloudy,0.73,3.59,1.2,34.5,100.0
2026-02-22 16:17:11,CNB,Clear,0.33,7.24,0.1,28.0,50.6
2026-02-19 13:51:06,CNB,Clear,0.01,9.13,1.2,16.9,91.7
2026-05-29 04:57:10,CNB,Cloudy,0.28,7.6,0.6,33.1,63.6
2026-04-03 19:44:36,CNB,Clear,0.39,6.17,1.2,14.1,72.6
2026-01-06 08:24:36,CNB,Fog,0.57,5.1,1.1,18.8,96.8
2026-06-15 14:58:38,CNB,Clear,0.17,7.96,0.0,32.2,63.3
2026-01-20 05:57:18,CNB,Clear,0.12,8.95,0.5,14.2,77.2
2026-01-21 10:03:40,CNB,Fog,0.77,3.95,0.5,17.9,49.9
2026-03-21 12:05:57,CNB,Cloudy,0.27,7.68,0.7,12.7,74.7
2026-06-03 05:43:30,CNB,Rain,0.18,7.43,0.7,30.1,52.1
2026-04-08 09:51:44,CNB,Cloudy,0.27,8.23,0.9,22.8,66.5
2026-04-27 15:58:41,CNB,Fog,0.62,5.28,0.7,23.8,50.5
2026-03-04 15:16:34,CNB,Clear,0.13,9.1,0.2,23.1,68.0
2026-01-13 01:18:23,CNB,Clear,0.09,9.2,0.1,18.4,37.2
2026-06-21 13:36:58,CNB,Clear,0.01,9.57,0.8,11.2,81.6
2026-04-04 19:16:39,CNB,Clear,0.28,7.67,0.1,22.1,59.5
2026-03-07 04:14:36,CNB,Clear,0.44,6.62,1.0,22.7,72.1
2026-02-16 17:19:34,CNB,Cloudy,0.16,8.28,0.4,28.6,85.5
2026-04-21 22:58:10,CNB,Rain,0.55,4.29,21.0,32.4,75.0
2026-06-07 06:32:42,CNB,Clear,0.19,9.32,0.5,25.8,61.1
2026-01-20 16:10:22,CNB,Cloudy,0.37,7.61,0.3,21.5,81.6
2026-03-17 14:30:49,CNB,Clear,0.17,9.26,0.9,19.7,32.5
2026-04-17 11:41:57,CNB,Rain,0.12,7.83,0.8,32.3,69.9
2026-04-25 00:35:00,CNB,Cloudy,0.17,8.34,0.4,14.7,66.6
2026-06-02 04:52:15,CNB,Clear,0.53,6.15,0.5,20.4,60.2
2026-03-05 18:25:53,CNB,Cloudy,0.72,4.18,1.4,27.9,100.0
2026-01-10 01:12:08,CNB,Clear,0.37,6.99,1.3,21.3,58.4
2026-04-21 09:32:41,CNB,Cloudy,0.34,6.74,0.5,17.6,59.2
2026-06-18 14:50:12,CNB,Clear,0.42,6.36,0.9,24.0,80.1
2026-05-17 06:39:54,CNB,Fog,0.79,3.49,0.7,27.2,73.0
2026-05-30 13:41:12,CNB,Rain,0.36,4.76,11.7,33.9,70.9
2026-05-20 00:27:27,CNB,Clear,0.28,7.26,0.1,35.2,63.7
2026-01-14 11:56:58,CNB,Rain,0.02,8.48,11.5,16.4,84.9
2026-05-31 12:00:26,CNB,Clear,0.4,6.68,1.2,16.7,60.7
2026-04-05 17:10:01,CNB,Rain,0.3,5.9,18.1,16.2,51.8
2026-02-14 01:46:27,CNB,Cloudy,0.03,9.97,1.1,23.6,58.3
2026-01-12 00:51:59,CNB,Cloudy,0.1,9.34,1.4,35.9,60.6
2026-01-14 13:10:13,CNB,Cloudy,0.29,7.73,1.0,17.5,84.3
2026-06-22 22:35:15,CNB,Cloudy,0.43,6.0,0.7,13.1,100.0
2026-06-22 06:10:14,CNB,Clear,0.33,7.11,0.1,25.1,84.3
2026-01-12 18:26:51,CNB,Clear,0.25,6.99,0.8,27.2,49.6
2026-05-29 03:58:12,CNB,Rain,0.74,1.7,9.6,24.5,83.0
2026-04-01 21:49:29,CNB,Clear,0.2,9.48,1.0,30.8,67.0
2026-04-09 08:00:48,CNB,Clear,0.28,8.05,0.8,16.5,52.2
2026-03-14 10:05:42,CNB,Cloudy,0.07,9.34,0.1,25.1,48.9
2026-05-20 16:19:56,CNB,Cloudy,0.24,7.3,0.9,18.2,74.4
2026-02-14 20:12:06,CNB,Cloudy,0.17,8.53,0.4,12.3,80.5
2026-04-26 15:49:25,CNB,Clear,0.25,7.57,1.1,33.2,57.3
2026-05-19 14:50:50,CNB,Rain,0.18,7.0,7.1,11.6,97.3
2026-03-13 15:35:19,CNB,Cloudy,0.21,7.92,1.5,33.9,47.2
2026-03-25 08:09:29,CNB,Cloudy,0.44,6.18,1.4,24.5,74.1
2026-05-08 18:15:00,CNB,Clear,0.34,7.24,0.6,19.9,96.1
2026-06-28 07:32:24,CNB,Clear,0.75,3.89,0.5,37.6,69.3
2026-05-06 23:37:30,CNB,Fog,0.83,2.58,0.2,18.6,54.4
2026-03-30 15:44:14,CNB,Clear,0.48,5.7,1.2,33.4,87.0
2026-06-24 07:21:01,CNB,Fog,0.61,4.88,0.3,31.2,52.7
2026-01-02 20:11:38,CNB,Clear,0.41,6.32,1.4,14.7,59.8
2026-04-01 19:55:14,CNB,Clear,0.3,7.21,0.7,3.5,56.3
2026-02-28 16:05:27,CNB,Clear,0.39,7.54,1.2,28.8,71.2
2026-04-11 14:45:14,CNB,Clear,0.47,7.17,1.4,18.7,51.0
2026-06-28 13:24:29,CNB,Clear,0.26,7.35,0.1,31.0,100.0
2026-05-29 07:27:57,CNB,Clear,0.15,8.5,0.1,17.4,44.8
2026-02-22 02:01:45,CNB,Rain,0.2,6.71,20.1,17.6,59.1
2026-04-25 12:27:00,CNB,Rain,0.32,6.66,2.2,21.1,85.7
2026-05-15 07:28:46,CNB,Clear,0.4,7.0,0.1,33.5,81.2
2026-04-13 15:30:32,CNB,Clear,0.41,6.19,1.2,27.3,42.8
2026-04-01 11:17:16,CNB,Clear,0.45,6.47,1.4,13.4,38.2
2026-05-26 04:37:53,CNB,Rain,0.18,6.93,7.7,25.0,30.1
2026-04-26 01:25:31,CNB,Clear,0.33,7.49,1.3,30.0,62.1
2026-01-23 02:25:43,CNB,Cloudy,0.38,6.56,0.7,21.5,64.1
2026-06-05 23:05:02,CNB,Clear,0.11,9.0,0.7,26.3,81.3
2026-05-05 21:42:50,CNB,Clear,0.09,8.39,0.0,19.8,80.5
2026-06-24 21:51:52,CNB,Rain,0.65,4.58,23.7,28.0,65.6
2026-02-17 20:46:41,CNB,Cloudy,0.16,8.49,0.3,19.8,67.6
2026-01-13 18:02:08,CNB,Clear,0.36,7.19,0.7,14.4,52.7
2026-03-09 04:34:12,CNB,Cloudy,0.19,8.35,0.8,29.9,66.8
2026-06-24 23:30:54,CNB,Cloudy,0.41,6.59,1.3,25.1,60.7
2026-06-15 17:46:04,CNB,Fog,0.55,4.2,0.7,17.9,92.1
2026-02-11 04:12:22,CNB,Clear,0.43,6.2,0.3,23.6,71.2
2026-06-12 14:25:01,CNB,Clear,0.38,6.45,0.5,25.3,92.2
2026-06-03 10:37:42,CNB,Clear,0.31,7.65,1.5,10.5,71.3
2026-05-29 15:00:30,CNB,Fog,0.5,5.02,0.9,18.8,54.0
2026-02-25 14:05:09,CNB,Clear,0.34,7.33,0.7,17.8,61.1
2026-02-19 10:21:31,CNB,Clear,0.35,6.97,1.4,29.0,44.6
2026-03-13 20:58:08,CNB,Clear,0.16,8.02,0.6,36.3,69.0
2026-04-02 22:05:20,CNB,Fog,0.56,4.79,0.6,32.4,81.6
2026-01-19 00:18:18,CNB,Clear,0.28,7.41,0.6,11.6,65.3
2026-05-11 13:49:40,CNB,Clear,0.46,6.63,0.1,19.1,87.9
2026-04-05 12:23:08,CNB,Clear,0.07,9.12,0.2,28.0,69.8
2026-02-27 19:05:11,CNB,Fog,0.39,7.53,0.9,32.0,55.0
2026-01-26 22:35:54,CNB,Clear,0.06,9.54,0.9,24.8,44.1
2026-03-30 04:51:40,CNB,Cloudy,0.3,7.48,1.5,38.6,75.3
2026-05-30 23:06:10,CNB,Cloudy,0.14,9.0,1.1,20.8,70.3
2026-01-25 11:10:47,CNB,Clear,0.21,8.14,1.1,12.3,79.4
2026-04-05 19:10:49,CNB,Rain,0.44,5.41,5.8,20.7,43.5
2026-01-14 20:08:04,CNB,Cloudy,0.19,7.7,1.3,35.0,88.7
2026-03-12 15:22:35,CNB,Clear,0.56,5.41,0.4,43.1,76.9
2026-05-18 02:56:55,CNB,Clear,0.52,5.28,0.9,30.8,57.1
2026-06-16 07:00:39,CNB,Rain,0.06,8.29,12.4,27.4,35.4
2026-03-21 17:11:47,CNB,Cloudy,0.26,7.39,0.1,27.0,97.4
2026-06-24 16:42:48,CNB,Clear,0.25,7.83,0.7,16.5,48.5
2026-02-19 00:30:31,CNB,Rain,0.11,8.09,14.1,19.7,41.2
2026-04-13 00:26:48,CNB,Fog,0.52,5.38,1.2,33.5,59.1
2026-02-22 19:54:48,CNB,Fog,0.4,5.73,0.2,27.7,60.2
2026-06-04 14:44:26,CNB,Cloudy,0.4,6.46,1.4,26.1,59.2
2026-06-30 00:28:46,CNB,Clear,0.12,8.57,0.7,32.0,51.6
2026-03-31 10:15:22,CNB,Clear,0.06,9.45,1.0,25.2,47.3
2026-06-01 13:02:18,CNB,Cloudy,0.16,8.2,0.9,25.6,79.3
2026-05-25 11:13:35,CNB,Clear,0.25,7.7,0.7,17.8,44.0
2026-02-10 04:09:40,CNB,Clear,0.15,8.9,1.1,21.5,64.5
2026-05-10 20:25:04,CNB,Clear,0.54,4.87,1.0,32.9,100.0
2026-06-27 23:05:02,CNB,Clear,0.18,8.81,1.0,31.9,85.0
2026-04-03 22:42:40,CNB,Clear,0.07,9.48,0.6,28.2,53.3
2026-05-23 12:29:32,CNB,Clear,0.16,8.64,1.3,34.9,80.5
2026-03-14 01:59:41,CNB,Rain,0.26,6.94,5.2,31.3,89.5
2026-04-01 16:31:13,CNB,Clear,0.58,5.2,1.5,27.9,72.0
2026-04-04 22:30:22,CNB,Cloudy,0.2,8.46,1.1,15.2,74.0
2026-04-20 02:16:04,CNB,Clear,0.59,5.44,0.1,20.6,81.5
2026-04-02 15:52:15,CNB,Clear,0.56,5.66,0.4,15.9,50.6
2026-03-11 12:15:47,CNB,Clear,0.23,8.37,0.0,32.4,88.4
2026-03-25 15:45:14,CNB,Clear,0.04,9.24,0.2,23.0,70.2
2026-01-31 01:23:32,CNB,Cloudy,0.26,7.18,0.7,18.2,71.9
2026-05-19 11:47:57,CNB,Clear,0.3,7.67,1.2,19.1,73.5
2026-05-01 05:29:16,CNB,Cloudy,0.13,9.28,0.4,28.7,56.9
2026-04-24 19:46:44,CNB,Clear,0.27,7.93,1.0,32.4,84.5
2026-01-12 08:31:28,CNB,Clear,0.34,6.85,0.4,36.1,54.2
2026-01-15 02:26:09,CNB,Cloudy,0.24,7.96,0.4,18.9,85.9
2026-02-22 17:25:02,CNB,Clear,0.25,8.27,1.4,31.8,81.3
2026-01-07 20:33:43,CNB,Rain,0.22,6.77,23.6,29.8,77.1
2026-06-06 23:33:07,CNB,Clear,0.39,6.51,1.2,35.0,66.8
2026-04-19 02:55:49,CNB,Clear,0.44,6.22,0.4,30.4,58.6
2026-04-30 17:08:05,CNB,Clear,0.25,8.16,0.5,23.8,89.6
2026-01-05 13:36:19,CNB,Rain,0.28,7.07,3.9,25.0,71.9
2026-05-23 20:05:51,CNB,Rain,0.24,7.24,7.9,17.9,74.5
2026-05-09 03:55:53,CNB,Fog,0.79,3.61,1.4,23.1,100.0
2026-01-08 21:51:06,CNB,Cloudy,0.36,7.39,1.2,25.8,37.8
2026-01-03 08:58:38,CNB,Clear,0.17,7.72,0.3,22.3,37.7
2026-02-13 04:11:50,CNB,Fog,0.62,4.91,1.1,23.2,81.7
2026-04-11 19:46:54,CNB,Cloudy,0.24,7.77,0.3,16.2,65.5
2026-02-23 09:06:11,CNB,Fog,0.65,4.43,1.3,25.4,96.6
2026-04-30 23:40:30,CNB,Cloudy,0.55,5.16,1.1,26.0,92.3
2026-03-26 01:46:53,CNB,Cloudy,0.4,6.78,0.7,24.4,80.3
2026-04-24 05:34:22,CNB,Cloudy,0.33,6.74,0.8,22.8,42.9
2026-06-04 05:07:22,CNB,Clear,0.17,7.93,0.4,19.9,72.0
2026-02-01 12:54:37,CNB,Clear,0.1,9.33,1.0,24.7,44.1
2026-01-03 16:20:36,CNB,Cloudy,0.18,8.78,1.4,27.7,73.4
2026-03-10 00:30:49,CNB,Fog,0.91,1.85,0.5,25.5,98.4
2026-06-08 19:01:02,CNB,Clear,0.36,7.76,0.8,15.7,86.7
2026-04-06 05:56:27,CNB,Clear,0.06,9.22,0.3,34.7,49.4
2026-05-21 09:09:36,CNB,Cloudy,0.52,5.18,0.9,35.9,54.9
2026-05-02 13:25:16,CNB,Clear,0.18,9.52,0.5,25.7,100.0
2026-05-08 10:27:06,CNB,Cloudy,0.42,6.36,0.9,18.0,60.9
2026-05-11 22:28:17,CNB,Clear,0.05,9.94,0.4,17.7,32.1
2026-05-05 14:47:01,CNB,Cloudy,0.31,7.46,1.4,33.2,100.0
2026-05-12 06:49:57,CNB,Clear,0.15,8.51,0.9,26.8,61.8
2026-04-09 05:06:41,CNB,Clear,0.44,6.48,1.0,20.6,63.2
2026-01-18 23:01:15,CNB,Clear,0.12,8.78,0.2,1.9,50.0
2026-04-15 23:49:35,CNB,Clear,0.48,5.85,1.4,34.1,50.4
2026-05-24 01:07:24,CNB,Clear,0.54,4.86,1.4,19.7,82.3
2026-04-16 18:58:11,CNB,Rain,0.36,4.74,8.8,17.1,90.1
2026-05-25 10:05:30,CNB,Clear,0.27,8.05,1.0,34.8,86.3
2026-06-02 11:27:38,CNB,Rain,0.45,3.93,4.0,15.8,76.2
2026-04-19 05:42:50,CNB,Clear,0.16,8.4,0.6,25.8,75.3
2026-06-20 22:05:36,CNB,Fog,0.65,3.75,1.2,25.0,70.1
2026-06-13 14:40:18,CNB,Clear,0.39,6.82,1.3,16.6,76.1
2026-03-02 16:24:11,CNB,Clear,0.35,6.01,0.1,40.7,100.0
2026-05-25 23:14:19,CNB,Clear,0.46,6.38,0.3,22.9,70.9
2026-04-14 22:29:00,CNB,Fog,0.59,4.31,0.9,18.5,85.2
2026-01-19 13:29:29,CNB,Clear,0.57,4.72,1.0,14.3,70.4
2026-01-05 15:03:54,CNB,Rain,0.24,6.65,13.7,24.8,51.9
2026-03-15 19:42:05,CNB,Clear,0.44,5.88,0.7,24.0,67.4
2026-06-19 07:27:31,CNB,Clear,0.54,5.48,0.3,45.0,51.1
2026-05-01 01:08:52,CNB,Rain,0.36,6.13,22.1,27.1,83.5
2026-04-21 05:09:30,CNB,Clear,0.35,7.01,0.3,44.3,42.0
2026-03-12 08:28:15,CNB,Fog,0.84,2.81,0.7,19.8,100.0
2026-02-02 11:31:02,CNB,Fog,0.65,4.11,0.9,12.8,86.3
2026-04-28 09:18:19,CNB,Clear,0.28,8.55,0.3,24.8,61.8
2026-02-08 07:22:19,CNB,Cloudy,0.35,6.78,0.4,35.1,59.4
2026-04-29 02:42:02,CNB,Clear,0.32,8.13,1.2,37.6,76.4
2026-03-15 17:00:28,CNB,Clear,0.58,4.38,1.5,8.2,92.1
2026-01-11 10:37:58,CNB,Clear,0.06,9.24,0.9,26.9,62.8
2026-06-11 18:07:24,CNB,Rain,0.16,7.81,2.2,20.5,69.9
2026-03-29 13:22:44,CNB,Clear,0.33,7.49,0.8,19.2,76.0
2026-05-28 10:19:36,CNB,Fog,0.72,3.89,0.4,24.3,81.7
2026-02-28 13:26:43,CNB,Fog,0.51,5.42,1.0,29.7,97.0
2026-04-01 05:39:04,CNB,Clear,0.13,8.92,1.2,18.9,63.0
2026-04-12 12:56:12,CNB,Clear,0.13,8.74,1.1,29.0,68.6
2026-01-16 01:16:41,CNB,Cloudy,0.15,8.35,1.2,28.7,54.2
2026-02-06 04:10:37,CNB,Rain,0.05,7.98,2.8,38.9,84.7
2026-04-10 07:33:59,CNB,Cloudy,0.25,8.13,0.1,29.3,84.2
2026-06-30 05:41:57,CNB,Clear,0.16,8.66,0.1,33.7,55.7
2026-05-02 09:40:52,CNB,Rain,0.1,8.38,6.8,11.8,77.2
2026-01-04 01:02:16,CNB,Cloudy,0.32,8.0,0.8,12.5,85.2
2026-05-22 14:44:50,CNB,Fog,0.63,4.53,1.3,21.1,62.8
2026-01-27 14:13:20,CNB,Clear,0.47,6.23,1.0,34.3,71.2
2026-04-27 23:40:38,CNB,Clear,0.48,5.81,1.3,40.9,71.4
2026-05-13 08:16:34,CNB,Rain,0.31,5.82,9.8,19.1,100.0
2026-02-27 05:57:30,CNB,Rain,0.11,7.73,2.0,27.9,30.1
2026-03-29 09:13:39,CNB,Clear,0.45,5.96,0.7,26.1,72.2
2026-06-29 15:23:31,CNB,Clear,0.16,8.79,1.0,11.4,76.6
2026-03-01 05:24:08,CNB,Rain,0.58,3.06,18.6,9.7,65.7
2026-05-08 12:00:59,CNB,Cloudy,0.23,7.84,0.8,21.7,85.9
2026-05-02 09:31:16,CNB,Clear,0.11,9.28,1.1,34.9,60.8
2026-03-27 06:05:45,CNB,Fog,0.76,3.99,1.5,27.6,58.8
2026-06-06 16:43:40,CNB,Rain,0.19,6.99,14.7,20.1,78.4
2026-03-23 19:18:23,CNB,Clear,0.46,5.89,0.7,22.7,35.2
2026-06-17 03:25:00,CNB,Cloudy,0.03,10.19,1.4,26.5,64.5
2026-03-11 18:43:36,CNB,Clear,0.23,7.36,1.3,16.8,74.4
2026-06-27 21:05:48,CNB,Clear,0.28,8.28,0.9,29.6,41.4
2026-03-18 07:23:56,CNB,Rain,0.15,7.36,5.6,22.3,86.5
2026-04-06 10:46:07,CNB,Cloudy,0.28,7.88,1.1,13.3,20.0
2026-04-22 09:55:47,CNB,Rain,0.15,7.09,17.3,30.2,70.7
2026-02-06 04:23:16,CNB,Clear,0.19,8.36,0.5,22.7,66.6
2026-06-14 22:32:44,CNB,Clear,0.14,8.98,0.6,16.8,94.8
2026-01-01 09:57:28,CNB,Fog,0.54,5.64,0.4,16.7,59.4
2026-05-30 19:02:28,CNB,Rain,0.41,5.88,10.5,26.2,73.9
2026-04-06 23:39:30,CNB,Fog,0.89,1.29,0.3,28.9,65.1
2026-01-18 14:39:54,CNB,Clear,0.31,7.54,0.3,27.8,37.3
2026-01-25 14:20:30,CNB,Clear,0.47,6.1,0.9,17.5,57.6
2026-06-13 12:42:33,CNB,Cloudy,0.33,6.96,1.1,19.4,45.8
2026-04-25 08:17:10,CNB,Cloudy,0.2,6.76,0.7,27.9,24.1
2026-03-11 07:13:19,CNB,Clear,0.33,7.45,0.3,15.3,80.7
2026-06-24 17:23:06,CNB,Clear,0.06,9.19,1.3,22.5,32.6
2026-04-12 16:35:06,CNB,Clear,0.1,8.76,1.4,24.0,66.1
2026-06-23 11:13:11,CNB,Fog,0.57,5.78,0.8,16.8,77.7
2026-01-04 01:55:30,CNB,Clear,0.22,8.0,0.2,32.5,62.6
2026-04-08 07:36:05,CNB,Clear,0.13,9.61,1.1,28.2,61.7
2026-04-27 10:21:09,CNB,Cloudy,0.13,8.6,0.0,21.3,64.3
2026-02-25 22:52:48,CNB,Clear,0.15,8.44,1.2,21.7,77.0
2026-02-20 02:00:50,CNB,Clear,0.1,9.1,1.2,24.4,85.5
2026-05-18 16:48:47,CNB,Clear,0.13,8.57,1.5,34.3,80.9
2026-06-30 22:05:59,CNB,Clear,0.1,8.74,0.8,29.8,36.3
2026-01-18 15:33:47,CNB,Clear,0.19,8.31,0.3,31.2,63.1
2026-06-08 16:02:12,CNB,Cloudy,0.27,7.76,0.2,37.4,72.8
2026-02-03 20:58:07,CNB,Clear,0.2,8.74,1.4,10.4,93.4
2026-02-25 00:07:28,CNB,Cloudy,0.16,8.7,1.2,25.3,58.7
2026-04-03 09:14:29,CNB,Fog,0.55,5.79,0.9,20.0,63.3
2026-02-14 03:32:47,CNB,Clear,0.23,7.61,0.8,39.2,55.6
2026-04-29 07:23:40,CNB,Clear,0.38,6.56,0.1,26.7,56.1
2026-03-03 00:15:20,CNB,Cloudy,0.03,9.68,1.5,21.4,43.7
2026-03-16 07:52:22,CNB,Clear,0.2,8.11,1.1,23.2,40.8
2026-05-12 11:00:28,CNB,Rain,0.13,8.1,0.7,20.8,66.0
2026-01-26 19:06:10,CNB,Clear,0.02,9.49,1.4,35.3,90.9
2026-01-12 10:01:49,CNB,Clear,0.26,7.85,1.3,16.8,81.1
2026-01-07 21:54:32,CNB,Clear,0.61,4.45,0.4,29.4,54.4
2026-03-29 07:01:29,CNB,Clear,0.15,8.29,0.1,23.2,61.9
2026-03-21 14:42:50,CNB,Cloudy,0.68,4.44,1.3,38.9,67.1
2026-03-20 00:52:15,CNB,Clear,0.43,6.05,0.6,16.3,59.4
2026-05-16 08:12:10,CNB,Rain,0.07,8.69,4.8,19.8,100.0
2026-02-08 02:16:32,CNB,Cloudy,0.28,7.83,0.2,29.2,73.4
2026-03-13 23:11:30,CNB,Cloudy,0.53,5.72,0.6,24.3,100.0
2026-01-22 22:06:30,CNB,Fog,0.56,5.29,0.4,20.4,41.8
2026-06-12 18:16:44,CNB,Clear,0.2,8.47,1.4,30.2,51.2
2026-03-10 09:09:27,CNB,Clear,0.14,9.34,0.2,27.7,41.7
2026-05-21 07:32:51,CNB,Clear,0.24,8.23,0.7,27.6,61.7
2026-03-15 22:53:07,CNB,Clear,0.47,6.45,1.2,17.5,58.5
2026-03-27 10:34:10,CNB,Rain,0.09,8.31,11.3,28.3,50.2
2026-02-09 15:45:00,CNB,Clear,0.1,9.02,1.2,30.6,85.6
2026-02-26 12:31:42,CNB,Clear,0.15,7.9,1.2,22.5,49.4
2026-04-25 18:22:27,CNB,Clear,0.22,7.84,0.5,26.5,79.2
2026-05-13 17:30:46,CNB,Clear,0.19,7.87,1.0,37.2,24.1
2026-02-14 04:58:18,CNB,Clear,0.31,7.25,1.2,33.7,92.0
2026-05-21 01:19:38,CNB,Clear,0.38,6.89,0.6,24.2,76.1
2026-06-01 15:14:00,CNB,Clear,0.12,8.59,0.6,39.0,67.5
2026-02-05 21:26:02,CNB,Clear,0.08,9.23,0.0,18.2,65.1
2026-06-15 00:29:57,CNB,Fog,0.48,5.56,0.6,29.2,90.8
2026-06-23 21:17:29,CNB,Clear,0.13,8.91,1.2,26.4,54.4
2026-03-24 11:32:24,CNB,Clear,0.24,7.92,1.2,22.2,73.5
2026-03-22 19:29:09,CNB,Clear,0.71,4.3,1.0,30.4,99.7
2026-03-01 13:30:17,CNB,Clear,0.14,8.81,0.4,16.0,100.0
2026-01-25 17:11:49,CNB,Clear,0.11,8.89,0.8,23.2,65.0
2026-04-12 07:55:00,CNB,Fog,1.0,2.03,0.3,22.2,83.2
2026-05-14 14:27:14,CNB,Clear,0.15,8.04,0.6,29.3,44.6
2026-06-03 01:04:51,CNB,Clear,0.15,8.79,1.4,22.3,78.3
2026-04-18 10:39:16,CNB,Clear,0.21,8.27,1.2,24.9,47.5
2026-06-02 11:27:07,CNB,Clear,0.33,7.35,0.6,29.7,91.7
2026-04-05 03:56:19,CNB,Clear,0.49,5.58,1.1,15.2,81.9
2026-06-06 12:52:10,CNB,Clear,0.38,6.9,1.5,20.0,58.4
2026-04-13 20:56:54,CNB,Cloudy,0.07,8.92,0.6,27.9,63.1
2026-02-15 10:29:13,CNB,Clear,0.36,7.9,0.3,20.1,62.8
2026-01-31 20:57:29,CNB,Clear,0.34,6.1,1.4,31.0,34.8
2026-03-29 03:34:34,CNB,Clear,0.7,4.02,1.2,25.9,91.1
2026-06-06 01:01:51,CNB,Clear,0.25,8.31,1.4,24.1,27.0
2026-03-18 16:01:52,CNB,Clear,0.32,7.52,1.0,33.8,57.8
2026-01-18 07:34:15,CNB,Clear,0.15,7.88,0.7,33.3,100.0
2026-01-15 05:45:15,CNB,Clear,0.2,7.99,0.2,14.1,71.1
2026-01-11 14:00:24,CNB,Fog,0.89,3.25,0.7,29.1,80.4
2026-01-28 14:28:51,CNB,Clear,0.33,6.82,1.0,36.9,31.4
2026-04-26 07:24:25,CNB,Fog,0.49,4.9,1.2,26.2,82.5
2026-02-23 00:29:31,CNB,Rain,0.07,8.02,21.2,22.3,31.3
2026-02-23 22:17:37,CNB,Cloudy,0.18,8.58,1.2,27.4,53.1
2026-04-11 08:04:00,CNB,Clear,0.44,5.79,0.5,35.1,56.7
2026-02-04 16:11:30,CNB,Rain,0.1,8.36,1.2,29.5,56.8
2026-03-27 07:15:52,CNB,Cloudy,0.25,7.68,0.0,17.5,100.0
2026-03-29 17:25:06,CNB,Clear,0.12,8.91,1.3,21.7,71.2
2026-03-31 21:00:57,CNB,Clear,0.31,7.23,0.7,42.3,69.8
2026-06-16 13:41:18,CNB,Clear,0.18,8.59,1.3,13.3,61.4
2026-02-05 01:47:16,CNB,Rain,0.17,6.73,2.2,25.5,54.5
2026-02-18 22:06:22,CNB,Fog,0.64,4.88,1.3,36.6,65.0
2026-06-26 04:40:27,CNB,Clear,0.2,8.33,1.4,33.6,55.6
2026-03-10 21:05:30,CNB,Clear,0.04,10.34,0.6,31.5,78.6
2026-03-30 14:00:26,CNB,Clear,0.22,7.95,0.8,21.7,71.1
2026-05-12 01:56:01,CNB,Clear,0.47,6.27,0.0,31.8,73.0
2026-03-05 04:04:40,CNB,Rain,0.75,1.76,1.7,17.6,69.4
2026-02-21 16:17:54,CNB,Rain,0.21,6.93,3.3,32.8,63.9
2026-03-28 10:05:06,CNB,Clear,0.38,6.72,0.5,18.4,82.4
2026-06-27 10:28:11,CNB,Clear,0.5,5.23,0.1,28.9,67.8
2026-03-19 12:18:00,CNB,Cloudy,0.13,8.48,0.3,25.9,77.5
2026-03-27 08:00:58,CNB,Cloudy,0.23,8.94,0.3,29.9,71.9
2026-05-19 01:15:07,CNB,Clear,0.37,6.71,1.4,27.4,81.0
2026-04-02 17:24:40,CNB,Fog,0.89,1.75,1.3,51.0,89.9
2026-03-10 01:42:13,CNB,Clear,0.32,7.08,1.3,26.9,68.9
2026-02-06 16:24:09,CNB,Clear,0.31,7.67,1.2,36.4,72.4
2026-04-06 14:56:42,CNB,Clear,0.13,9.01,1.0,25.1,55.3
2026-03-19 06:32:37,CNB,Clear,0.34,7.06,1.4,23.9,74.2
2026-05-31 10:17:16,CNB,Clear,0.3,7.32,0.9,31.9,70.3
2026-01-26 16:23:15,CNB,Fog,0.68,4.46,1.2,17.8,81.7
2026-06-06 03:58:50,CNB,Clear,0.25,8.32,1.2,38.1,60.7
2026-06-30 18:11:42,CNB,Cloudy,0.15,8.45,0.8,8.6,75.7
2026-05-16 05:58:42,CNB,Clear,0.03,9.15,1.4,24.4,92.8
2026-01-20 17:41:11,CNB,Cloudy,0.18,8.13,1.5,38.4,63.7
2026-03-19 20:59:21,CNB,Cloudy,0.15,8.56,0.7,29.0,87.5
2026-01-18 14:13:26,CNB,Rain,0.18,6.97,4.5,18.9,68.6
2026-05-06 02:35:10,CNB,Fog,0.88,2.64,0.5,19.1,52.7
2026-01-29 14:47:30,CNB,Clear,0.16,9.99,0.9,25.4,75.1
2026-01-09 13:42:45,CNB,Clear,0.49,4.71,1.3,31.8,87.3
2026-06-24 16:43:27,CNB,Rain,0.45,5.03,7.2,13.6,73.3
2026-02-06 01:14:05,CNB,Fog,0.49,6.0,1.5,6.4,48.1
2026-01-05 03:31:55,CNB,Rain,0.03,8.46,10.1,14.4,21.8
2026-01-24 13:22:36,CNB,Rain,0.53,4.07,4.7,35.8,50.0
2026-04-07 06:12:32,CNB,Cloudy,0.19,7.9,0.4,9.4,42.9
2026-06-05 17:24:22,CNB,Cloudy,0.15,8.58,0.8,25.2,47.7
2026-03-18 18:42:44,CNB,Clear,0.22,7.29,0.9,34.0,55.2
2026-05-29 14:16:50,CNB,Clear,0.09,9.42,1.0,39.6,40.3
2026-01-25 16:33:47,CNB,Rain,0.05,7.95,9.7,29.2,73.9
2026-04-13 15:16:46,CNB,Rain,0.13,8.51,5.2,28.5,30.9
2026-05-12 12:10:33,CNB,Clear,0.4,6.51,0.7,24.9,64.4
2026-04-29 09:07:21,CNB,Clear,0.02,10.0,0.8,24.3,89.3
2026-03-05 12:26:29,CNB,Clear,0.11,9.15,0.4,18.0,47.1
2026-05-22 07:08:16,CNB,Clear,0.13,8.94,0.2,27.4,93.8
2026-05-06 23:30:39,CNB,Clear,0.31,7.92,1.5,17.8,61.8
2026-01-26 04:54:35,CNB,Clear,0.38,6.28,1.1,20.9,82.2
2026-01-29 06:41:29,CNB,Clear,0.2,8.47,0.4,26.8,46.0
2026-03-16 17:38:05,CNB,Clear,0.29,6.98,1.3,29.4,89.5
2026-06-15 08:18:15,CNB,Clear,0.03,10.4,0.0,28.6,61.1
2026-05-19 15:24:29,CNB,Fog,0.64,4.48,1.3,19.7,81.5
2026-06-09 20:46:05,CNB,Fog,0.68,3.8,0.7,11.8,57.4
2026-05-10 11:00:30,CNB,Clear,0.16,8.93,0.1,22.4,62.4
2026-03-17 04:45:10,CNB,Fog,0.36,7.3,0.5,11.4,55.6
2026-05-10 17:58:13,CNB,Cloudy,0.1,9.07,0.1,25.2,56.8
2026-03-22 08:54:24,CNB,Fog,0.78,3.68,0.6,29.0,66.4
2026-01-07 09:35:17,CNB,Clear,0.35,7.74,1.4,25.1,67.2
2026-04-10 11:33:42,CNB,Clear,0.31,7.43,0.3,26.9,49.8
2026-03-15 23:07:33,CNB,Clear,0.5,5.69,0.1,10.6,60.1
2026-04-22 18:51:06,CNB,Cloudy,0.21,8.16,0.4,30.4,69.9
2026-02-27 17:43:18,CNB,Clear,0.6,3.98,1.1,29.0,100.0
2026-06-22 16:39:57,CNB,Clear,0.09,10.0,0.5,17.2,64.3
2026-03-29 15:08:00,CNB,Clear,0.11,9.43,0.2,23.7,70.5
2026-06-30 21:15:57,CNB,Clear,0.08,9.68,1.1,27.1,35.6
2026-04-23 15:07:05,CNB,Cloudy,0.28,7.4,1.1,27.9,81.0
2026-06-24 08:35:34,CNB,Cloudy,0.18,8.2,0.9,16.0,100.0
2026-05-22 13:25:18,CNB,Rain,0.35,5.81,8.1,15.6,40.8
2026-01-25 09:14:45,CNB,Clear,0.36,7.76,0.1,22.0,91.8
2026-01-01 18:58:07,CNB,Clear,0.13,8.83,0.6,27.7,94.4
2026-04-27 08:18:20,CNB,Clear,0.33,7.65,0.4,19.5,70.3
2026-04-05 09:30:37,CNB,Clear,0.09,9.79,0.5,34.4,39.8
2026-02-20 20:02:14,CNB,Clear,0.39,7.42,0.7,20.0,52.4
2026-06-27 15:42:36,CNB,Cloudy,0.59,4.82,0.6,17.0,73.7
2026-03-14 16:13:12,CNB,Clear,0.25,8.66,1.0,28.4,72.8
2026-04-30 10:07:46,CNB,Clear,0.05,9.41,1.2,18.0,58.6
2026-06-28 10:00:04,CNB,Clear,0.24,7.81,1.2,31.4,93.1
2026-02-14 22:17:40,CNB,Clear,0.52,6.15,0.5,18.4,57.7
2026-03-22 23:13:15,CNB,Clear,0.22,8.14,0.3,25.2,50.6
2026-01-10 02:03:19,CNB,Fog,0.57,5.22,0.1,29.9,56.7
2026-04-09 10:27:57,CNB,Rain,0.13,7.84,25.5,36.8,82.0
2026-03-20 16:38:52,CNB,Rain,0.11,7.88,9.8,30.1,52.3
2026-04-24 09:47:42,CNB,Cloudy,0.82,3.18,0.8,15.2,77.4
2026-03-20 03:45:41,CNB,Rain,0.17,7.35,3.3,35.2,86.2
2026-05-13 18:06:14,CNB,Clear,0.23,7.59,1.4,3.8,79.7
2026-04-12 16:22:00,CNB,Cloudy,0.24,8.13,0.0,31.8,68.8
2026-03-19 11:51:47,CNB,Clear,0.49,6.13,0.8,32.0,74.1
2026-06-16 11:17:54,CNB,Cloudy,0.31,7.97,1.4,22.4,57.7
2026-04-23 22:45:13,CNB,Clear,0.3,7.4,1.4,18.9,64.8
2026-03-26 19:38:02,CNB,Cloudy,0.16,8.86,1.5,25.5,74.7
2026-02-01 23:36:18,CNB,Clear,0.25,6.78,0.3,21.8,71.3
2026-04-08 15:11:10,CNB,Cloudy,0.43,6.98,0.4,20.1,65.6
2026-03-17 14:38:55,CNB,Clear,0.22,8.2,0.3,5.7,85.5
2026-06-23 14:45:02,CNB,Clear,0.44,5.97,0.2,19.5,55.8
2026-05-23 06:49:03,CNB,Fog,0.59,4.38,0.4,36.3,56.7
2026-05-20 09:55:40,CNB,Clear,0.09,9.15,1.3,26.8,51.7
2026-04-01 23:46:06,CNB,Clear,0.27,7.35,0.2,24.2,64.7
2026-01-03 03:41:26,CNB,Clear,0.33,7.84,0.6,24.4,87.5
2026-01-22 20:15:21,CNB,Cloudy,0.32,7.97,1.4,18.7,59.0
2026-04-17 10:18:02,CNB,Rain,0.35,5.31,7.9,15.1,80.8
2026-03-04 23:10:21,CNB,Clear,0.33,6.68,0.4,14.0,54.0
2026-02-03 09:35:41,CNB,Clear,0.31,7.03,1.2,26.6,42.7
2026-03-24 11:39:32,CNB,Clear,0.31,7.38,0.9,21.8,94.4
2026-02-25 16:36:22,CNB,Clear,0.54,5.63,0.4,29.8,87.2
2026-04-28 15:09:40,CNB,Clear,0.02,9.84,0.1,23.5,38.1
2026-01-15 17:24:06,CNB,Rain,0.17,7.05,1.2,36.4,65.6
2026-01-13 18:41:03,CNB,Clear,0.23,7.91,0.7,29.0,75.5
2026-02-20 15:32:27,CNB,Clear,0.22,8.03,0.7,22.3,61.2
2026-04-10 14:48:07,CNB,Clear,0.21,8.58,0.1,15.0,58.2
2026-05-22 17:36:38,CNB,Cloudy,0.06,9.71,0.3,24.7,80.4
2026-05-26 17:12:35,CNB,Cloudy,0.1,9.17,0.5,17.0,90.5
2026-04-08 12:51:11,CNB,Clear,0.2,7.71,0.2,23.2,54.8
2026-02-18 17:40:26,CNB,Clear,0.28,7.0,0.1,13.2,20.0
2026-04-22 15:33:16,CNB,Clear,0.51,5.83,0.4,8.9,75.6
2026-04-05 08:43:22,CNB,Clear,0.05,9.37,1.1,20.8,51.2
2026-01-04 04:09:43,CNB,Clear,0.1,9.08,0.3,16.8,57.8
2026-01-26 07:53:02,CNB,Clear,0.05,9.37,1.2,18.0,63.4
2026-02-24 03:11:44,CNB,Clear,0.16,9.2,0.6,17.2,54.3
2026-06-10 15:29:04,CNB,Clear,0.48,5.93,1.5,24.7,78.3
2026-03-25 13:19:39,CNB,Clear,0.1,9.08,0.4,22.4,54.7
2026-02-13 11:23:59,CNB,Clear,0.33,7.3,0.3,10.2,44.7
2026-06-04 13:49:17,CNB,Rain,0.22,7.51,11.7,26.6,45.3
2026-01-26 11:30:56,CNB,Clear,0.15,8.43,1.2,26.9,88.7
2026-04-03 17:40:58,CNB,Clear,0.27,7.04,0.6,23.3,59.6
2026-06-12 14:52:18,CNB,Clear,0.27,8.27,1.1,7.7,84.1
2026-05-12 12:34:53,CNB,Clear,0.13,9.22,0.7,7.6,38.1
2026-02-28 02:52:24,CNB,Clear,0.5,5.48,1.5,21.9,97.9
2026-03-07 14:36:36,CNB,Cloudy,0.21,7.92,1.3,27.8,31.4
2026-05-18 16:34:07,CNB,Clear,0.21,7.46,0.5,26.6,74.5
2026-01-30 15:05:47,CNB,Rain,0.31,6.7,2.8,21.6,84.3
2026-04-12 02:51:33,CNB,Rain,0.24,7.51,19.6,33.8,54.0
2026-06-16 19:10:19,CNB,Clear,0.14,8.93,0.8,27.7,86.9
2026-01-13 01:10:09,CNB,Clear,0.1,9.89,0.2,32.6,37.9
2026-04-13 02:48:18,CNB,Clear,0.15,8.36,1.1,26.7,44.5
2026-04-19 23:37:21,CNB,Clear,0.1,9.14,1.0,23.5,55.7
2026-02-23 14:50:48,CNB,Clear,0.09,9.92,0.8,24.4,75.7
2026-03-26 06:15:22,CNB,Cloudy,0.04,9.73,0.3,20.3,100.0
2026-04-02 19:01:35,CNB,Cloudy,0.09,9.17,0.8,25.3,64.4
2026-02-23 11:40:30,CNB,Clear,0.23,8.01,1.1,29.5,64.1
2026-05-21 16:38:18,CNB,Rain,0.23,6.43,8.5,23.1,56.0
2026-04-09 22:35:39,CNB,Clear,0.35,6.81,1.2,25.0,83.0
2026-02-17 11:41:02,CNB,Clear,0.46,6.24,0.2,-1.6,65.1
2026-03-21 16:00:35,CNB,Clear,0.42,6.51,0.8,26.0,44.5
2026-01-11 04:00:32,CNB,Cloudy,0.3,7.62,1.0,18.2,62.8
2026-03-13 04:44:46,CNB,Clear,0.23,8.6,0.5,32.3,49.7
2026-06-01 12:28:21,CNB,Clear,0.48,5.39,0.2,30.4,63.1
2026-03-12 21:50:14,CNB,Clear,0.42,7.02,1.3,15.6,28.6
2026-05-27 19:04:10,CNB,Cloudy,0.28,7.39,1.0,21.8,45.9
2026-01-10 03:41:55,CNB,Clear,0.27,8.09,1.4,16.3,58.9
2026-05-26 11:15:44,CNB,Cloudy,0.35,7.21,0.8,12.3,50.0
2026-05-08 17:05:08,CNB,Clear,0.25,7.94,0.8,35.6,42.0
2026-03-21 20:24:20,CNB,Cloudy,0.3,7.59,0.3,35.2,90.3
2026-04-06 09:04:33,CNB,Fog,0.63,4.74,0.4,30.8,88.7
2026-02-09 14:22:34,CNB,Fog,0.61,4.64,0.2,27.4,70.2
2026-02-12 04:22:34,CNB,Clear,0.41,5.99,1.0,13.4,83.1
2026-04-18 13:49:23,CNB,Clear,0.39,7.02,0.2,28.5,100.0
2026-05-31 22:20:44,CNB,Cloudy,0.57,4.89,1.3,9.6,85.7
2026-06-14 23:17:01,CNB,Clear,0.49,5.74,0.1,27.4,58.2
2026-04-01 22:53:45,CNB,Clear,0.75,3.47,1.2,18.3,53.8
2026-01-18 02:28:25,CNB,Cloudy,0.64,4.18,1.2,20.2,82.5
2026-05-17 10:32:31,CNB,Clear,0.45,6.51,0.2,22.3,55.3
2026-05-26 01:31:18,CNB,Clear,0.22,7.82,0.0,19.5,90.8
2026-01-11 08:29:59,CNB,Fog,0.49,5.58,0.3,17.1,98.1
2026-06-07 00:35:35,CNB,Cloudy,0.06,9.76,1.2,23.6,45.7
2026-04-09 06:55:27,CNB,Cloudy,0.29,7.65,1.4,21.9,52.6
2026-04-18 00:28:13,CNB,Clear,0.41,7.25,1.3,29.4,74.9
2026-03-04 05:27:59,CNB,Rain,0.34,6.03,7.0,26.0,73.5
2026-01-31 20:04:51,CNB,Fog,0.5,5.93,1.2,16.0,66.5
2026-02-21 17:33:47,CNB,Fog,0.77,3.3,1.4,18.6,77.3
2026-05-11 03:37:38,CNB,Clear,0.5,5.22,0.1,25.9,68.0
2026-01-13 06:44:21,CNB,Fog,0.55,6.11,1.2,16.5,59.9
2026-05-28 17:01:05,CNB,Rain,0.7,2.7,5.9,39.0,98.6
2026-02-08 04:39:48,CNB,Clear,0.38,6.57,1.0,15.1,93.5
2026-01-27 04:44:31,CNB,Clear,0.42,6.81,0.2,32.0,89.3
2026-06-06 08:10:33,CNB,Cloudy,0.51,5.31,1.3,32.3,65.5
2026-06-09 01:41:08,CNB,Rain,0.29,7.09,12.4,14.1,73.1
2026-01-05 14:21:32,CNB,Clear,0.25,7.64,0.0,31.9,50.7
2026-06-19 10:35:34,CNB,Cloudy,0.24,7.39,0.7,24.7,57.4
2026-02-21 03:27:14,CNB,Clear,0.12,8.96,0.5,18.4,82.4
2026-03-03 04:59:22,CNB,Clear,0.23,7.83,1.3,38.7,95.9
2026-04-25 03:26:58,CNB,Clear,0.68,3.46,1.4,28.5,67.0
2026-01-14 04:52:07,CNB,Rain,0.35,5.87,6.1,16.4,76.2
2026-04-15 18:45:57,CNB,Cloudy,0.1,9.01,0.2,27.2,78.8
2026-01-21 15:08:28,CNB,Clear,0.25,8.53,0.1,18.1,77.1
2026-03-12 09:29:47,CNB,Clear,0.25,8.33,1.1,12.3,39.9
2026-03-25 03:06:29,CNB,Fog,0.74,4.31,0.2,10.0,99.1
2026-05-30 10:20:40,CNB,Cloudy,0.21,7.31,0.5,21.0,56.9
2026-04-03 20:33:48,CNB,Clear,0.36,7.33,0.5,33.9,62.5
2026-06-13 17:26:45,CNB,Clear,0.14,8.95,1.1,30.5,80.4
2026-04-22 04:09:22,CNB,Fog,0.52,5.7,0.4,16.6,68.4
2026-01-23 15:14:25,CNB,Fog,0.47,6.6,1.3,13.8,53.2
2026-04-25 20:13:38,CNB,Clear,0.27,8.45,1.4,30.0,80.6
2026-05-10 02:02:22,CNB,Cloudy,0.06,9.45,0.6,22.4,72.9
2026-06-02 10:34:23,CNB,Clear,0.36,6.85,0.1,11.8,41.3
2026-02-22 14:17:08,CNB,Fog,0.6,4.99,0.9,35.9,81.6
2026-03-24 12:48:01,CNB,Clear,0.34,6.79,0.7,24.6,63.5
2026-03-26 05:04:24,CNB,Clear,0.04,9.63,0.4,28.1,57.2
2026-02-22 10:46:06,CNB,Rain,0.36,5.83,2.9,30.8,69.2
2026-05-24 16:34:48,CNB,Clear,0.28,7.65,0.2,19.0,63.3
2026-02-19 11:45:35,CNB,Clear,0.38,7.57,1.1,12.8,100.0
2026-01-10 05:16:26,CNB,Clear,0.18,7.93,1.4,21.9,37.0
2026-06-30 18:09:49,CNB,Fog,0.87,2.19,0.9,26.0,75.8
2026-01-21 09:37:12,CNB,Cloudy,0.15,8.69,0.5,14.4,24.1
2026-04-05 05:11:50,CNB,Clear,0.51,6.13,1.4,17.6,79.8
2026-05-26 08:02:18,CNB,Cloudy,0.33,6.82,1.5,16.2,58.5
2026-01-28 15:13:13,CNB,Fog,0.46,6.76,0.7,24.9,77.0
2026-05-19 15:28:10,CNB,Clear,0.44,6.88,1.1,16.8,61.3
2026-05-28 01:33:22,CNB,Clear,0.06,9.84,0.8,21.6,47.6
2026-01-04 11:37:48,CNB,Clear,0.07,9.5,1.1,24.2,51.1
2026-02-03 13:08:13,CNB,Rain,0.17,7.42,5.6,29.3,57.9
2026-04-22 00:50:53,CNB,Clear,0.01,9.91,0.3,18.1,56.5
2026-05-01 23:17:14,CNB,Clear,0.48,5.37,1.1,21.0,49.0
2026-01-29 14:33:44,CNB,Rain,0.18,7.16,10.1,27.1,46.1
2026-02-08 14:50:41,CNB,Rain,0.66,3.03,18.1,35.1,85.2
2026-02-07 20:49:15,CNB,Fog,0.45,6.26,1.5,20.2,68.6
2026-02-11 02:46:53,CNB,Clear,0.41,6.51,0.8,8.7,67.3
2026-02-12 05:06:43,CNB,Clear,0.45,7.2,0.6,12.3,89.4
2026-02-07 23:23:09,CNB,Clear,0.23,8.19,0.9,19.1,41.4
2026-06-17 08:47:16,CNB,Cloudy,0.71,4.13,0.1,14.1,100.0
2026-06-07 18:39:18,CNB,Clear,0.35,6.92,1.5,20.6,63.0
2026-06-07 00:58:46,CNB,Clear,0.41,7.04,0.5,23.9,59.2
2026-03-14 01:10:26,CNB,Clear,0.36,6.95,1.2,23.4,63.1
2026-05-11 06:38:59,CNB,Fog,0.83,2.85,0.8,20.4,77.0
2026-06-18 23:58:44,CNB,Cloudy,0.07,9.87,1.1,21.8,42.7
2026-03-28 01:44:09,CNB,Clear,0.2,8.18,0.2,17.1,82.4
2026-04-22 13:56:20,CNB,Cloudy,0.4,6.52,1.4,23.0,78.5
2026-06-19 06:00:33,CNB,Clear,0.01,9.29,1.1,8.7,71.6
2026-05-21 14:41:51,CNB,Cloudy,0.62,4.93,0.9,22.4,64.4
2026-06-04 15:41:55,CNB,Cloudy,0.3,7.25,0.7,27.8,65.1
2026-01-16 15:07:53,CNB,Cloudy,0.24,8.43,0.4,17.4,100.0
2026-02-06 18:48:10,CNB,Cloudy,0.47,6.67,1.3,37.7,76.4
2026-04-01 09:04:21,CNB,Fog,0.66,3.58,0.5,27.4,56.2
2026-04-13 15:49:19,CNB,Clear,0.42,6.72,1.2,18.4,43.0
2026-02-23 07:05:45,CNB,Cloudy,0.38,6.16,1.0,15.4,82.0
2026-04-24 01:07:00,CNB,Fog,0.62,5.26,0.3,27.3,93.7
2026-04-22 12:24:32,CNB,Rain,0.11,7.5,12.5,34.0,56.9
2026-02-20 01:57:33,CNB,Clear,0.08,9.21,0.8,13.5,31.6
2026-03-28 14:52:06,CNB,Clear,0.5,5.47,0.4,19.0,65.6
2026-06-07 20:17:44,CNB,Cloudy,0.1,7.73,1.4,31.8,22.2
2026-03-19 10:23:52,CNB,Cloudy,0.13,9.72,1.2,34.5,53.7
2026-01-29 06:29:34,CNB,Rain,0.03,8.68,10.2,28.7,56.3
2026-03-22 12:11:17,CNB,Clear,0.13,8.7,1.4,41.9,51.9
2026-02-07 04:30:03,CNB,Clear,0.3,8.14,0.5,33.6,80.0
2026-06-16 06:25:53,CNB,Clear,0.12,8.39,1.1,30.4,77.9
2026-04-02 02:07:59,CNB,Clear,0.08,10.24,0.3,20.3,51.5
2026-03-10 18:48:02,CNB,Clear,0.27,7.62,1.4,24.4,54.5
2026-05-11 13:53:11,CNB,Clear,0.06,9.04,0.8,30.4,73.8
2026-05-28 03:29:46,CNB,Rain,0.31,5.57,6.5,39.5,76.8
2026-06-13 09:27:42,CNB,Cloudy,0.34,7.22,0.5,21.4,48.3
2026-02-02 21:04:11,CNB,Clear,0.31,7.72,0.0,23.6,71.5
2026-03-02 18:42:52,CNB,Cloudy,0.43,6.47,0.2,26.7,52.1
2026-05-18 11:17:00,CNB,Fog,0.5,6.23,0.6,20.3,60.0
2026-04-27 21:56:59,CNB,Clear,0.24,7.91,1.1,32.2,57.0
2026-01-15 07:42:25,CNB,Cloudy,0.25,7.82,1.1,40.4,40.1
2026-04-17 14:06:17,CNB,Clear,0.1,9.0,0.1,24.4,89.9
2026-03-03 08:32:45,CNB,Cloudy,0.24,8.03,0.7,39.6,78.1
2026-05-08 23:39:23,CNB,Cloudy,0.43,6.76,0.0,25.7,67.0
2026-03-18 20:54:27,CNB,Cloudy,0.17,7.94,0.7,12.7,35.2
2026-05-26 19:01:47,CNB,Fog,0.61,4.98,0.5,34.5,71.2
2026-03-15 08:59:41,CNB,Clear,0.03,9.94,0.7,33.3,60.6
2026-02-15 08:29:57,CNB,Cloudy,0.24,7.85,1.4,24.7,78.8
2026-04-26 16:38:21,CNB,Rain,0.07,8.32,6.6,24.3,44.6
2026-05-18 00:12:42,CNB,Cloudy,0.16,8.47,0.4,16.4,71.9
2026-06-29 20:15:22,CNB,Clear,0.32,6.6,1.2,25.1,72.6
2026-04-24 00:35:23,CNB,Clear,0.56,5.7,1.1,22.7,41.4
2026-03-18 08:11:21,CNB,Clear,0.08,9.65,0.2,24.2,100.0
2026-05-13 05:34:22,CNB,Cloudy,0.09,8.43,0.7,27.7,61.9
2026-04-30 22:09:47,CNB,Cloudy,0.11,9.41,0.6,-0.3,27.7
2026-06-28 00:46:04,CNB,Clear,0.16,8.97,1.0,19.4,57.1
2026-01-31 22:00:16,CNB,Clear,0.08,8.87,1.0,15.2,95.8
2026-05-04 06:07:51,CNB,Cloudy,0.16,8.27,0.9,26.6,53.5
2026-01-19 20:39:56,CNB,Rain,0.31,6.06,10.9,28.4,54.3
2026-03-21 16:57:09,CNB,Clear,0.09,9.03,0.8,34.5,61.6
2026-05-28 09:26:21,CNB,Clear,0.3,7.28,0.3,24.6,68.9
2026-03-25 17:47:15,CNB,Rain,0.12,8.13,4.7,8.2,79.4
2026-06-12 22:15:53,CNB,Rain,0.12,7.63,27.2,14.6,49.7
2026-01-24 12:21:14,CNB,Clear,0.53,5.45,0.9,23.0,55.8
2026-05-05 12:32:17,CNB,Clear,0.37,6.85,1.4,23.9,56.3
2026-05-17 05:41:04,CNB,Cloudy,0.11,9.11,1.1,27.2,90.5
2026-06-13 18:17:24,CNB,Cloudy,0.06,9.69,0.3,11.8,43.5
2026-01-16 21:18:09,CNB,Clear,0.14,9.15,0.5,41.1,68.8
2026-03-13 00:53:05,CNB,Clear,0.1,9.55,0.4,24.1,53.6
2026-06-04 04:07:33,CNB,Clear,0.31,6.9,1.3,32.6,50.7
2026-06-07 07:10:57,CNB,Cloudy,0.42,6.48,1.5,19.6,59.3
2026-05-27 05:31:20,CNB,Cloudy,0.45,5.85,1.5,17.1,74.7
2026-01-07 14:42:20,CNB,Clear,0.22,8.78,0.6,23.2,20.0
2026-02-17 06:22:55,CNB,Clear,0.28,7.06,1.5,20.4,52.2
2026-05-28 20:03:57,CNB,Fog,0.71,3.55,0.4,12.0,61.2
2026-04-27 22:51:11,CNB,Clear,0.43,6.4,0.3,30.5,84.1
2026-04-05 20:09:32,CNB,Fog,0.55,4.54,0.9,21.3,100.0
2026-03-12 01:21:15,CNB,Clear,0.46,6.54,0.6,10.8,55.9
2026-04-27 08:10:14,CNB,Clear,0.24,7.68,1.3,11.3,72.8
2026-03-27 11:44:20,CNB,Clear,0.27,7.85,1.3,21.7,51.4
2026-05-06 13:55:29,CNB,Clear,0.18,8.04,0.7,26.0,75.6
2026-03-09 22:12:08,CNB,Rain,0.29,6.27,7.1,4.8,100.0
2026-06-02 22:20:49,CNB,Clear,0.26,8.1,1.2,29.6,51.8
2026-03-02 21:40:14,CNB,Rain,0.1,8.4,2.8,29.9,58.0
2026-01-23 04:23:53,CNB,Clear,0.2,9.1,0.8,16.9,85.2
2026-06-20 10:13:51,CNB,Rain,0.16,7.99,18.4,29.3,60.5
2026-04-13 02:57:16,CNB,Fog,0.82,2.6,0.3,22.7,73.5
2026-04-09 04:45:22,CNB,Cloudy,0.19,8.41,1.0,20.6,50.9
2026-02-15 19:52:04,CNB,Clear,0.29,7.52,0.4,33.4,66.2
2026-05-07 10:50:02,CNB,Clear,0.03,9.55,1.5,39.3,87.1
2026-04-28 10:23:25,CNB,Clear,0.16,8.67,0.3,27.5,31.5
2026-06-23 18:05:58,CNB,Clear,0.5,5.76,0.6,22.9,94.1
2026-05-15 13:21:13,CNB,Clear,0.05,9.99,0.3,13.5,39.5
2026-03-12 07:32:19,CNB,Clear,0.38,6.51,1.1,34.4,89.8
2026-02-15 10:04:40,CNB,Fog,0.49,5.72,0.9,19.8,56.8
2026-05-29 17:34:03,CNB,Fog,0.43,6.36,1.2,11.2,57.5
2026-04-13 11:03:20,CNB,Clear,0.46,5.91,1.4,36.1,72.5
2026-06-26 15:31:00,CNB,Cloudy,0.44,5.67,1.5,22.4,52.7
2026-03-09 09:17:53,CNB,Clear,0.24,7.28,0.6,35.4,80.9
2026-01-06 07:48:28,CNB,Clear,0.09,9.27,1.4,29.4,71.9
2026-04-01 06:14:18,CNB,Clear,0.36,7.14,0.5,30.9,78.1
2026-02-08 18:48:28,CNB,Clear,0.51,5.85,0.6,22.0,87.0
2026-05-16 23:59:08,CNB,Rain,0.45,5.29,6.2,31.6,64.3
2026-02-13 16:28:55,CNB,Clear,0.47,5.61,0.9,22.8,75.9
2026-04-22 11:56:55,CNB,Fog,0.54,5.34,1.1,27.5,85.0
2026-04-08 14:07:55,CNB,Clear,0.53,5.5,0.7,31.3,55.9
2026-04-06 16:26:46,CNB,Clear,0.24,8.01,0.1,28.4,74.0
2026-04-21 17:55:31,CNB,Clear,0.26,7.35,0.7,28.4,48.4
2026-03-22 08:39:29,CNB,Clear,0.18,9.17,0.5,23.0,99.8
2026-02-11 07:20:22,CNB,Clear,0.32,6.61,1.3,11.6,100.0
2026-02-22 07:20:49,CNB,Clear,0.15,8.99,1.2,14.4,69.5
2026-05-26 01:13:48,CNB,Clear,0.32,8.01,0.7,24.1,57.6
