timestamp,current_station,weather,fog_index,visibility_km,rainfall_mm,temperature_c,humidity_percent
2026-02-10 04:20:03,CSMT,Cloudy,0.32,6.43,0.5,17.4,93.6
2026-03-16 03:02:42,CSMT,Clear,0.09,9.83,1.4,32.1,89.4
2026-01-29 15:04:07,CSMT,Fog,0.69,4.82,0.6,17.0,66.2
2026-04-04 01:04:17,CSMT,Clear,0.49,5.9,0.3,17.5,59.5
2026-03-11 20:56:29,CSMT,Cloudy,0.56,4.71,1.4,25.7,61.7
2026-02-02 06:46:31,CSMT,Cloudy,0.37,6.67,0.1,11.1,83.0
2026-06-20 20:23:00,CSMT,Clear,0.23,7.76,1.5,16.4,50.1
2026-06-18 21:18:24,CSMT,Clear,0.37,6.45,0.2,11.4,58.1
2026-06-16 01:19:50,CSMT,Clear,0.17,8.72,0.2,28.4,48.0
2026-03-26 21:12:47,CSMT,Rain,0.27,6.52,17.8,30.4,92.0
2026-04-29 00:32:04,CSMT,Rain,0.36,5.74,21.4,17.5,63.1
2026-05-16 12:04:54,CSMT,Clear,0.13,8.32,0.8,23.5,56.3
2026-06-12 17:27:23,CSMT,Clear,0.63,4.93,0.2,22.2,88.4
2026-06-01 14:11:55,CSMT,Clear,0.28,7.19,1.3,23.3,51.0
2026-01-31 02:35:00,CSMT,Clear,0.17,8.22,1.2,3.1,59.9
2026-05-11 19:11:53,CSMT,Cloudy,0.07,9.6,0.3,30.0,52.2
2026-04-25 19:13:36,CSMT,Cloudy,0.18,8.93,0.8,20.3,35.2
2026-03-10 06:08:14,CSMT,Rain,0.11,8.12,8.6,8.5,41.5
2026-03-07 06:15:29,CSMT,Clear,0.12,9.73,0.2,42.2,22.4
2026-02-03 13:58:06,CSMT,Clear,0.58,5.9,0.9,30.5,80.0
2026-05-24 01:24:47,CSMT,Rain,0.25,6.27,3.0,7.2,65.1
2026-03-05 00:42:11,CSMT,Rain,0.61,3.98,4.9,7.2,85.1
2026-01-20 10:03:57,CSMT,Clear,0.19,8.81,0.3,32.9,71.6
2026-05-06 17:17:47,CSMT,Cloudy,0.22,8.67,0.7,28.8,68.1
2026-02-14 20:10:21,CSMT,Clear,0.22,8.38,1.5,12.9,74.8
2026-03-17 09:43:50,CSMT,Clear,0.25,7.47,1.1,24.1,75.3
2026-02-18 02:58:45,CSMT,Clear,0.06,8.8,0.5,22.1,68.1
2026-05-17 02:37:40,CSMT,Clear,0.37,6.61,1.3,14.1,95.2
2026-03-10 13:02:30,CSMT,Clear,0.1,9.68,1.4,17.7,59.2
2026-06-19 13:18:18,CSMT,Clear,0.27,7.75,1.1,9.9,66.9
2026-01-27 01:07:00,CSMT,Clear,0.31,8.16,0.0,19.0,85.5
2026-01-09 14:48:22,CSMT,Clear,0.14,8.34,1.2,41.9,54.5
2026-01-27 06:11:29,CSMT,Rain,0.37,6.59,1.8,24.6,99.7
2026-02-17 10:34:13,CSMT,Clear,0.5,5.26,0.2,19.8,52.4
2026-05-10 18:56:12,CSMT,Clear,0.45,5.99,0.7,34.3,70.7
2026-06-29 05:54:33,CSMT,Clear,0.32,7.64,0.0,9.2,74.6
2026-01-11 13:54:23,CSMT,Clear,0.58,5.4,0.4,32.0,69.2
2026-04-06 17:51:17,CSMT,Clear,0.2,8.64,0.6,33.8,81.8
2026-01-01 09:19:54,CSMT,Clear,0.44,6.01,1.3,21.2,46.0
2026-01-25 01:34:14,CSMT,Clear,0.44,6.4,1.3,19.5,53.1
2026-05-10 18:32:46,CSMT,Clear,0.37,7.29,0.1,32.1,68.0
2026-01-07 00:26:35,CSMT,Fog,0.62,5.52,1.0,19.3,91.3
2026-04-23 15:25:19,CSMT,Cloudy,0.16,8.18,1.2,26.0,71.1
2026-03-05 13:54:03,CSMT,Clear,0.25,7.79,1.2,33.4,78.0
2026-04-01 17:30:11,CSMT,Fog,0.59,4.66,0.6,15.3,51.3
2026-04-27 05:03:52,CSMT,Clear,0.26,7.48,1.1,22.2,58.4
2026-06-19 12:31:20,CSMT,Clear,0.31,6.97,0.3,43.5,96.3
2026-05-25 20:29:04,CSMT,Clear,0.56,5.62,1.3,28.1,52.5
2026-03-06 20:50:15,CSMT,Clear,0.11,9.34,0.4,21.5,20.5
2026-06-18 23:15:18,CSMT,Rain,0.27,6.26,2.9,31.4,70.4
2026-02-16 09:33:58,CSMT,Clear,0.41,6.58,1.0,26.6,100.0
2026-01-30 04:39:15,CSMT,Fog,0.43,6.64,1.1,23.9,76.9
2026-06-03 09:02:40,CSMT,Clear,0.57,4.3,1.1,15.3,43.8
2026-01-30 05:04:10,CSMT,Clear,0.53,4.89,0.4,26.0,63.6
2026-01-21 11:13:56,CSMT,Cloudy,0.55,5.43,1.3,26.4,81.2
2026-01-23 16:29:58,CSMT,Clear,0.23,7.86,0.4,25.0,34.7
2026-02-20 04:13:20,CSMT,Clear,0.2,8.61,0.4,14.8,82.7
2026-01-23 19:30:52,CSMT,Clear,0.19,8.75,1.2,27.9,76.3
2026-01-31 08:44:04,CSMT,Clear,0.13,9.21,1.1,32.2,65.1
2026-03-09 18:35:26,CSMT,Cloudy,0.59,5.71,0.8,29.5,49.6
2026-02-13 19:45:51,CSMT,Clear,0.3,6.48,0.4,15.4,100.0
2026-03-22 15:05:47,CSMT,Clear,0.44,6.23,0.7,34.3,76.2
2026-03-06 22:41:51,CSMT,Clear,0.51,6.21,0.6,17.3,89.2
2026-04-22 06:24:13,CSMT,Clear,0.63,4.34,1.1,29.1,47.7
2026-05-17 06:15:47,CSMT,Fog,0.42,6.27,1.5,19.2,61.0
2026-03-11 01:16:48,CSMT,Clear,0.32,7.28,0.5,27.2,56.6
2026-03-01 09:37:25,CSMT,Clear,0.17,8.79,1.2,16.6,50.8
2026-04-29 23:09:47,CSMT,Cloudy,0.07,9.57,1.1,18.5,45.1
2026-04-15 06:44:31,CSMT,Clear,0.22,7.93,0.5,33.1,59.5
2026-06-22 23:31:01,CSMT,Fog,0.74,3.47,1.2,24.6,63.6
2026-02-13 16:02:05,CSMT,Fog,1.0,0.9,1.0,13.4,91.9
2026-03-03 19:13:25,CSMT,Clear,0.2,8.88,1.0,26.9,80.8
2026-04-26 22:43:37,CSMT,Clear,0.27,6.87,1.0,28.9,53.7
2026-03-18 22:03:54,CSMT,Clear,0.14,9.33,1.2,26.2,63.8
2026-01-04 12:49:01,CSMT,Clear,0.25,7.59,1.2,6.6,69.5
2026-01-01 20:37:37,CSMT,Rain,0.54,4.58,2.8,21.8,48.1
2026-02-09 19:43:37,CSMT,Clear,0.12,9.49,0.8,9.8,85.4
2026-04-15 01:35:57,CSMT,Clear,0.48,6.24,1.2,17.1,64.3
2026-06-05 02:10:30,CSMT,Clear,0.23,9.01,0.4,37.7,54.4
2026-05-29 10:36:53,CSMT,Clear,0.47,5.76,1.1,15.2,72.4
2026-02-28 03:09:32,CSMT,Clear,0.29,7.82,1.4,17.4,88.5
2026-01-09 06:21:16,CSMT,Cloudy,0.21,7.97,0.4,23.9,88.1
2026-03-12 12:10:16,CSMT,Fog,0.49,5.43,1.0,16.8,75.9
2026-01-19 08:52:45,CSMT,Cloudy,0.11,8.92,1.4,26.6,63.7
2026-03-25 12:28:55,CSMT,Clear,0.56,5.07,1.3,6.8,100.0
2026-06-17 19:03:54,CSMT,Clear,0.33,6.61,1.0,24.7,50.6
2026-06-15 04:26:49,CSMT,Fog,0.42,6.57,0.4,21.4,64.8
2026-06-10 20:18:15,CSMT,Clear,0.35,6.06,0.9,22.7,43.6
2026-06-23 23:51:06,CSMT,Cloudy,0.09,9.04,0.5,25.3,52.5
2026-04-04 14:01:40,CSMT,Clear,0.07,9.34,1.3,34.9,51.0
2026-03-14 20:04:26,CSMT,Rain,0.55,4.53,14.3,19.9,68.5
2026-04-06 15:15:35,CSMT,Cloudy,0.35,7.06,0.1,2.8,73.0
2026-04-22 16:28:02,CSMT,Rain,0.31,6.49,3.6,32.8,89.8
2026-01-15 00:16:20,CSMT,Clear,0.6,4.87,0.2,26.2,79.4
2026-05-29 01:01:26,CSMT,Rain,0.22,7.38,10.9,27.9,76.1
2026-05-06 19:00:30,CSMT,Rain,0.3,6.48,4.9,12.4,26.2
2026-02-28 09:12:39,CSMT,Clear,0.07,9.97,0.5,9.3,57.3
2026-01-08 16:53:54,CSMT,Cloudy,0.18,8.64,0.2,22.9,82.5
2026-06-13 15:02:34,CSMT,Clear,0.23,8.29,1.5,32.7,50.9
2026-05-08 13:12:56,CSMT,Cloudy,0.11,8.86,1.4,15.6,68.2
2026-02-21 03:08:15,CSMT,Clear,0.26,7.86,1.2,16.0,80.3
2026-02-06 14:22:35,CSMT,Clear,0.1,8.63,1.5,43.9,43.5
2026-01-18 22:21:14,CSMT,Clear,0.09,10.23,1.3,36.5,42.5
2026-04-26 12:45:33,CSMT,Cloudy,0.24,7.71,0.2,18.6,69.8
2026-01-08 10:30:06,CSMT,Clear,0.07,9.5,0.9,24.9,43.9
2026-01-05 02:15:07,CSMT,Fog,0.8,3.68,0.3,10.0,80.8
2026-04-18 06:48:59,CSMT,Clear,0.37,7.24,1.5,23.7,26.6
2026-01-18 02:33:09,CSMT,Clear,0.09,8.97,0.8,12.8,48.7
2026-06-25 09:14:42,CSMT,Clear,0.05,9.1,0.5,18.0,65.0
2026-01-08 13:00:11,CSMT,Rain,0.1,7.26,6.0,13.9,89.0
2026-02-20 21:50:49,CSMT,Clear,0.13,9.11,1.3,33.2,55.9
2026-06-24 20:55:03,CSMT,Clear,0.8,3.49,1.4,16.4,76.7
2026-05-31 16:53:16,CSMT,Clear,0.23,9.07,1.3,24.4,99.2
2026-06-09 08:13:42,CSMT,Cloudy,0.22,7.79,1.4,17.2,92.1
2026-04-26 10:00:57,CSMT,Clear,0.53,5.42,0.6,12.8,51.8
2026-02-18 11:56:15,CSMT,Clear,0.11,8.6,1.4,23.7,83.1
2026-04-30 19:06:58,CSMT,Clear,0.19,9.11,0.5,36.3,99.2
2026-02-06 10:48:33,CSMT,Cloudy,0.31,7.73,0.4,28.9,77.0
2026-06-17 21:18:00,CSMT,Clear,0.35,6.54,0.3,13.6,60.2
2026-01-18 13:10:08,CSMT,Clear,0.08,8.55,0.4,31.8,46.6
2026-04-15 16:58:06,CSMT,Cloudy,0.34,6.96,1.5,10.2,70.2
2026-03-19 01:40:52,CSMT,Cloudy,0.33,6.92,1.3,17.4,78.6
2026-06-18 00:09:35,CSMT,Clear,0.17,9.45,0.9,21.1,80.9
2026-04-12 18:49:29,CSMT,Clear,0.42,7.0,1.2,17.9,63.5
2026-05-20 02:07:28,CSMT,Clear,0.19,8.12,0.7,25.7,80.6
2026-06-07 10:39:13,CSMT,Clear,0.06,9.1,1.3,21.6,56.7
2026-05-22 09:10:06,CSMT,Clear,0.23,7.39,0.8,23.2,77.8
2026-06-10 22:59:30,CSMT,Clear,0.09,9.08,0.5,29.6,81.5
2026-02-17 15:30:01,CSMT,Clear,0.38,7.21,1.5,26.0,58.5
2026-03-06 15:26:17,CSMT,Clear,0.14,8.58,1.4,29.3,75.3
2026-02-08 11:22:58,CSMT,Fog,0.62,5.37,0.7,32.7,83.1
2026-01-03 06:54:12,CSMT,Clear,0.46,6.0,0.4,22.9,35.7
2026-01-31 09:37:17,CSMT,Fog,1.0,2.23,0.9,24.3,57.9
2026-04-05 21:00:43,CSMT,Clear,0.39,6.79,0.6,24.2,60.8
2026-05-26 08:55:32,CSMT,Clear,0.71,3.75,0.5,39.4,69.7
2026-02-20 05:49:51,CSMT,Clear,0.23,8.61,0.4,25.0,69.7
2026-03-06 23:47:27,CSMT,Cloudy,0.56,5.64,1.3,23.2,68.7
2026-02-07 07:18:31,CSMT,Clear,0.23,7.86,1.1,26.5,67.3
2026-04-11 03:09:57,CSMT,Fog,0.97,0.64,1.0,22.6,87.5
2026-06-27 03:46:45,CSMT,Clear,0.09,8.95,1.4,28.3,47.2
2026-01-05 00:29:44,CSMT,Fog,0.61,4.89,0.5,16.4,83.9
2026-03-09 18:51:37,CSMT,Clear,0.45,5.8,1.1,38.3,99.3
2026-02-11 18:46:02,CSMT,Clear,0.09,9.41,0.1,18.5,85.7
2026-02-17 05:44:21,CSMT,Clear,0.06,9.77,0.7,19.1,69.7
2026-06-26 17:25:27,CSMT,Clear,0.11,9.61,0.4,37.3,62.9
2026-06-09 06:30:25,CSMT,Clear,0.29,7.57,1.2,33.3,57.8
2026-04-22 20:12:44,CSMT,Clear,0.2,8.42,1.2,28.3,99.4
2026-02-07 18:42:56,CSMT,Clear,0.21,8.13,0.2,22.0,33.4
2026-05-22 23:24:31,CSMT,Cloudy,0.29,7.23,1.5,21.2,72.8
2026-02-05 06:37:58,CSMT,Cloudy,0.21,8.72,0.7,27.7,54.5
2026-06-25 19:37:09,CSMT,Cloudy,0.16,8.88,0.4,23.3,20.0
2026-03-23 23:05:31,CSMT,Clear,0.3,7.21,1.4,15.2,48.8
2026-06-02 00:20:41,CSMT,Fog,0.54,4.4,0.9,29.3,39.2
2026-04-22 07:12:37,CSMT,Fog,0.74,3.93,1.1,12.4,92.0
2026-03-30 21:57:34,CSMT,Cloudy,0.49,6.09,0.2,23.1,56.2
2026-01-26 19:06:26,CSMT,Clear,0.32,7.53,1.3,41.2,54.1
2026-04-13 06:05:45,CSMT,Clear,0.26,7.91,0.7,9.8,52.9
2026-04-06 15:52:26,CSMT,Fog,0.57,6.04,1.3,33.4,40.0
2026-06-12 06:30:26,CSMT,Clear,0.29,7.43,0.2,16.1,68.1
2026-01-13 02:20:39,CSMT,Fog,0.71,3.51,0.5,13.0,68.0
2026-05-16 17:23:31,CSMT,Cloudy,0.34,7.54,0.9,20.1,55.6
2026-06-22 20:09:53,CSMT,Cloudy,0.48,5.5,0.9,7.9,49.5
2026-06-02 04:17:41,CSMT,Cloudy,0.11,9.27,0.9,18.0,48.2
2026-06-20 19:06:09,CSMT,Clear,0.09,9.63,0.5,26.1,34.9
2026-01-13 13:02:58,CSMT,Clear,0.38,7.25,1.3,31.0,67.4
2026-05-07 16:44:09,CSMT,Clear,0.53,5.28,0.0,19.5,74.3
2026-03-25 22:15:15,CSMT,Clear,0.36,7.14,1.1,24.8,62.0
2026-01-31 15:26:22,CSMT,Rain,0.09,8.05,5.3,31.9,77.8
2026-01-02 16:12:34,CSMT,Fog,0.64,5.05,0.1,11.0,79.4
2026-03-10 12:41:26,CSMT,Cloudy,0.25,7.08,0.7,32.2,58.4
2026-05-22 22:52:28,CSMT,Rain,0.3,5.92,11.1,8.9,81.1
2026-02-22 17:24:26,CSMT,Cloudy,0.26,7.57,0.5,18.8,56.4
2026-06-02 18:05:35,CSMT,Fog,0.85,3.0,1.5,24.3,79.9
2026-06-25 12:44:18,CSMT,Clear,0.05,10.01,1.0,13.0,38.4
2026-06-24 16:41:23,CSMT,Cloudy,0.19,8.82,0.2,32.7,74.2
2026-05-26 17:04:07,CSMT,Cloudy,0.03,10.59,0.7,41.4,83.7
2026-04-02 19:05:27,CSMT,Clear,0.19,8.58,0.2,20.7,90.9
2026-02-07 10:56:42,CSMT,Rain,0.15,7.84,20.1,33.3,47.8
2026-03-21 23:30:03,CSMT,Rain,0.43,5.76,1.8,20.0,69.1
2026-04-23 00:53:36,CSMT,Fog,0.49,5.16,1.0,18.3,85.4
2026-06-18 09:53:27,CSMT,Cloudy,0.33,6.89,0.9,31.0,94.6
2026-03-08 23:41:47,CSMT,Cloudy,0.25,7.7,0.7,12.4,74.1
2026-05-04 01:18:21,CSMT,Cloudy,0.26,7.37,0.5,6.9,91.5
2026-06-27 21:02:40,CSMT,Cloudy,0.23,8.6,1.3,32.9,97.8
2026-04-15 11:32:42,CSMT,Cloudy,0.44,6.33,0.5,30.8,49.3
2026-05-11 20:50:06,CSMT,Clear,0.4,7.1,0.3,22.9,84.9
2026-01-15 02:50:12,CSMT,Cloudy,0.38,6.56,1.1,21.0,76.6
2026-05-10 12:38:56,CSMT,Cloudy,0.25,7.75,0.7,19.4,83.9
2026-01-16 07:39:50,CSMT,Clear,0.45,6.08,0.1,18.8,50.6
2026-04-30 07:45:33,CSMT,Rain,0.17,7.75,3.0,20.6,33.4
2026-04-24 06:12:20,CSMT,Clear,0.11,9.43,1.5,25.3,59.8
2026-04-20 04:12:23,CSMT,Clear,0.49,5.59,1.5,20.8,83.0
2026-06-28 07:41:12,CSMT,Rain,0.26,6.64,12.7,18.0,42.3
2026-05-15 21:23:13,CSMT,Clear,0.33,7.25,0.5,16.5,51.6
2026-03-30 23:13:24,CSMT,Fog,0.79,3.61,0.1,20.5,58.4
2026-03-18 16:28:08,CSMT,Clear,0.37,7.28,1.4,16.2,53.2
2026-05-25 01:23:06,CSMT,Clear,0.3,7.9,0.6,23.2,68.5
2026-04-14 15:08:09,CSMT,Cloudy,0.32,7.28,1.5,22.4,62.9
2026-04-30 14:46:47,CSMT,Clear,0.54,5.08,0.9,33.5,63.8
2026-05-10 13:27:56,CSMT,Clear,0.34,6.99,0.8,20.3,37.2
2026-05-22 13:02:40,CSMT,Clear,0.39,6.87,0.9,30.5,74.2
2026-03-17 00:17:01,CSMT,Clear,0.13,8.47,1.3,23.1,45.1
2026-06-01 16:04:13,CSMT,Clear,0.42,5.54,0.4,25.1,93.4
2026-04-02 16:40:28,CSMT,Rain,0.15,7.66,18.4,18.3,56.5
2026-02-22 21:16:34,CSMT,Cloudy,0.32,6.71,0.0,24.1,20.6
2026-04-07 13:31:59,CSMT,Clear,0.31,7.34,0.3,8.1,26.4
2026-02-08 22:54:12,CSMT,Clear,0.13,8.78,1.1,18.9,37.1
2026-02-17 05:22:28,CSMT,Clear,0.18,7.87,1.4,26.9,70.6
2026-02-09 02:54:56,CSMT,Cloudy,0.34,7.9,1.3,27.5,25.4
2026-01-17 00:37:22,CSMT,Fog,0.52,6.38,0.7,20.9,96.2
2026-03-31 14:37:02,CSMT,Rain,0.07,8.76,7.4,36.0,50.7
2026-06-05 00:25:33,CSMT,Clear,0.34,6.55,0.3,24.6,29.9
2026-04-07 23:25:24,CSMT,Clear,0.17,8.61,0.2,19.5,41.8
2026-06-12 17:43:28,CSMT,Clear,0.31,7.71,0.7,28.6,63.4
2026-06-16 01:18:24,CSMT,Clear,0.19,8.11,1.3,10.9,62.3
2026-01-23 07:25:44,CSMT,Rain,0.1,8.69,1.3,29.3,86.9
2026-04-06 18:33:04,CSMT,Fog,0.61,5.29,0.7,27.6,95.8
2026-05-26 03:19:02,CSMT,Rain,0.6,4.13,11.4,27.7,58.1
2026-04-11 12:15:42,CSMT,Rain,0.23,6.97,6.4,19.8,71.7
2026-04-25 12:10:25,CSMT,Clear,0.11,8.31,0.8,18.9,44.4
2026-01-06 19:04:43,CSMT,Clear,0.42,6.67,1.2,35.4,88.1
2026-06-23 05:06:52,CSMT,Clear,0.06,9.45,0.5,27.8,74.3
2026-01-18 07:14:22,CSMT,Cloudy,0.11,9.23,0.2,41.1,47.2
2026-04-13 04:51:57,CSMT,Rain,0.13,7.17,4.1,19.5,100.0
2026-05-15 07:17:21,CSMT,Rain,0.57,4.0,3.3,34.0,56.6
2026-05-07 10:08:13,CSMT,Clear,0.62,4.97,0.0,31.1,62.8
2026-03-17 23:52:21,CSMT,Clear,0.29,7.46,1.0,14.1,56.8
2026-02-16 09:16:22,CSMT,Clear,0.3,7.54,0.5,25.0,79.6
2026-01-09 17:52:58,CSMT,Cloudy,0.41,6.19,0.3,34.1,63.9
2026-06-24 22:54:09,CSMT,Rain,0.18,7.38,8.6,29.4,87.1
2026-02-07 12:53:16,CSMT,Clear,0.11,8.67,0.3,16.1,74.4
2026-06-15 03:01:18,CSMT,Clear,0.14,8.6,0.1,17.3,66.9
2026-04-29 21:32:18,CSMT,Clear,0.16,8.32,0.1,35.7,39.1
2026-05-13 23:03:38,CSMT,Cloudy,0.17,8.24,1.5,31.6,51.2
2026-05-29 19:29:34,CSMT,Cloudy,0.39,6.07,0.8,28.3,73.2
2026-06-11 16:06:28,CSMT,Clear,0.33,7.67,1.0,26.0,93.3
2026-02-14 21:35:47,CSMT,Clear,0.37,7.72,0.4,25.7,67.2
2026-01-19 07:20:27,CSMT,Clear,0.09,9.27,0.4,32.8,32.9
2026-03-31 08:42:03,CSMT,Rain,0.36,6.03,2.9,38.8,74.6
2026-03-01 03:24:12,CSMT,Rain,0.45,5.45,5.0,35.4,90.3
2026-01-30 09:44:59,CSMT,Clear,0.32,7.0,0.0,32.6,89.2
2026-01-19 05:45:33,CSMT,Clear,0.4,6.77,1.4,31.6,28.4
2026-05-25 04:39:37,CSMT,Fog,0.79,3.17,0.6,26.3,62.0
2026-06-10 17:05:56,CSMT,Fog,0.87,2.66,0.2,35.6,95.2
2026-01-07 23:50:26,CSMT,Clear,0.02,9.66,0.6,25.6,74.8
2026-06-10 11:34:26,CSMT,Clear,0.18,9.01,0.3,19.8,40.4
2026-05-17 15:52:58,CSMT,Clear,0.2,8.22,0.1,24.3,81.9
2026-01-16 13:53:30,CSMT,Clear,0.4,6.64,1.5,33.2,38.3
2026-04-05 14:33:23,CSMT,Rain,0.23,6.2,5.8,31.0,45.1
2026-05-08 04:15:46,CSMT,Clear,0.25,6.65,0.4,15.9,65.2
2026-02-04 14:00:50,CSMT,Fog,0.53,6.07,0.6,26.7,61.6
2026-05-29 13:41:55,CSMT,Rain,0.19,7.17,9.2,30.7,75.9
2026-06-14 12:07:14,CSMT,Rain,0.26,6.67,13.4,31.6,65.4
2026-01-30 22:19:08,CSMT,Clear,0.14,8.75,1.4,14.0,66.8
2026-03-09 08:23:49,CSMT,Fog,0.65,4.29,1.3,24.4,70.6
2026-03-25 18:53:55,CSMT,Rain,0.31,6.33,12.9,28.0,98.3
2026-05-23 13:46:54,CSMT,Rain,0.47,4.83,6.0,17.1,58.3
2026-02-27 00:46:34,CSMT,Clear,0.23,7.54,0.4,18.7,83.6
2026-02-27 02:17:35,CSMT,Clear,0.48,6.63,1.4,22.4,66.5
2026-05-31 09:12:00,CSMT,Fog,0.38,6.71,0.1,14.5,84.8
2026-04-12 21:00:11,CSMT,Clear,0.18,8.39,1.0,32.5,72.1
2026-01-28 21:40:22,CSMT,Cloudy,0.44,6.7,0.7,17.2,86.3
2026-01-05 12:01:04,CSMT,Clear,0.31,7.89,0.4,37.2,41.1
2026-04-16 00:47:31,CSMT,Clear,0.25,8.39,0.6,22.6,56.7
2026-03-22 04:39:48,CSMT,Cloudy,0.35,7.58,1.1,38.2,67.5
2026-06-28 14:30:19,CSMT,Clear,0.23,8.55,1.2,30.6,96.1
2026-03-10 06:59:28,CSMT,Clear,0.2,8.08,0.3,19.2,54.3
2026-04-14 12:45:41,CSMT,Fog,0.53,5.52,1.4,20.9,68.6
2026-01-23 15:43:53,CSMT,Fog,0.38,7.01,0.2,24.8,37.0
2026-04-26 15:26:50,CSMT,Cloudy,0.03,10.25,0.8,38.9,82.2
2026-04-30 14:34:08,CSMT,Cloudy,0.49,5.75,1.0,35.1,84.0
2026-03-11 17:38:45,CSMT,Fog,0.83,3.41,1.2,7.5,99.9
2026-05-18 14:05:31,CSMT,Cloudy,0.5,5.63,0.0,28.7,57.4
2026-04-22 11:42:15,CSMT,Clear,0.56,5.05,1.0,22.1,89.9
2026-01-29 20:54:34,CSMT,Clear,0.26,8.12,0.7,22.0,62.7
2026-02-25 17:46:53,CSMT,Clear,0.21,8.02,1.2,23.5,54.8
2026-05-03 15:40:32,CSMT,Cloudy,0.08,9.59,0.8,27.2,71.7
2026-06-08 13:49:25,CSMT,Fog,0.61,4.47,0.9,23.7,39.8
2026-02-01 12:19:10,CSMT,Clear,0.18,8.02,1.1,24.7,57.1
2026-06-08 06:59:49,CSMT,Fog,0.74,3.14,0.2,30.9,52.3
2026-02-06 05:11:05,CSMT,Clear,0.17,9.33,1.2,15.0,30.9
2026-05-11 13:36:03,CSMT,Clear,0.42,6.77,0.9,32.6,76.4
2026-02-21 13:21:28,CSMT,Clear,0.47,6.05,0.1,2.4,38.8
2026-05-26 09:06:39,CSMT,Clear,0.22,8.03,1.2,21.7,68.8
2026-02-15 15:17:29,CSMT,Clear,0.58,4.46,1.0,32.6,69.0
2026-05-19 14:50:43,CSMT,Cloudy,0.38,6.43,0.4,27.4,94.3
2026-01-03 15:22:52,CSMT,Clear,0.55,5.45,1.4,44.8,100.0
2026-02-14 19:22:24,CSMT,Cloudy,0.23,7.7,1.2,29.4,58.8
2026-01-11 01:17:38,CSMT,Clear,0.29,7.96,0.2,13.8,72.4
2026-01-24 19:22:56,CSMT,Clear,0.25,8.41,0.5,22.3,58.7
2026-04-11 12:09:52,CSMT,Fog,0.74,4.28,0.1,7.7,56.4
2026-05-15 23:14:35,CSMT,Clear,0.07,10.01,1.4,16.6,73.2
2026-05-01 19:01:59,CSMT,Clear,0.23,9.02,1.1,28.9,62.4
2026-05-29 15:02:40,CSMT,Clear,0.24,7.62,0.8,33.2,52.8
2026-03-28 22:47:21,CSMT,Fog,0.37,6.98,1.0,27.0,35.0
2026-04-13 15:33:00,CSMT,Clear,0.42,5.41,1.1,48.1,62.0
2026-04-17 00:41:19,CSMT,Rain,0.34,5.9,3.0,36.0,78.6
2026-02-21 15:44:24,CSMT,Clear,0.17,8.94,0.3,33.8,61.1
2026-05-25 04:16:33,CSMT,Cloudy,0.54,5.28,0.1,25.4,53.9
2026-05-03 00:04:18,CSMT,Clear,0.1,9.15,0.7,24.6,73.8
2026-04-25 18:36:43,CSMT,Cloudy,0.19,8.06,0.6,16.9,90.9
2026-04-29 12:00:23,CSMT,Fog,0.61,4.37,0.7,23.9,91.8
2026-03-23 19:11:56,CSMT,Cloudy,0.24,7.93,0.0,23.7,57.8
2026-04-23 20:37:52,CSMT,Clear,0.48,5.98,0.7,10.6,89.4
2026-02-12 22:19:34,CSMT,Clear,0.23,8.27,1.4,26.0,76.0
2026-02-24 06:03:46,CSMT,Clear,0.13,9.26,1.0,22.5,60.9
2026-06-26 19:46:08,CSMT,Fog,0.72,3.78,0.8,27.5,36.0
2026-02-09 19:27:44,CSMT,Clear,0.33,7.41,1.2,25.9,73.9
2026-05-28 19:58:14,CSMT,Clear,0.46,6.46,0.1,34.8,64.0
2026-05-01 00:13:06,CSMT,Clear,0.18,7.85,1.2,24.8,83.9
2026-03-08 20:48:19,CSMT,Clear,0.03,10.12,1.2,36.1,89.4
2026-01-16 16:20:10,CSMT,Fog,0.71,4.29,0.8,21.6,87.3
2026-06-12 09:51:43,CSMT,Fog,0.43,6.11,0.9,28.1,74.2
2026-05-13 13:05:53,CSMT,Clear,0.52,5.58,0.7,35.0,100.0
2026-05-30 00:58:07,CSMT,Clear,0.15,8.02,1.3,25.7,83.0
2026-01-27 14:37:05,CSMT,Fog,0.69,3.74,0.4,30.6,49.1
2026-05-28 10:14:30,CSMT,Clear,0.3,7.44,0.8,20.0,49.4
2026-01-13 09:43:47,CSMT,Cloudy,0.21,8.27,1.2,15.6,63.0
2026-04-21 14:13:58,CSMT,Cloudy,0.13,8.83,1.1,25.2,79.8
2026-02-18 12:41:24,CSMT,Rain,0.53,4.47,8.0,18.0,62.4
2026-06-27 13:29:51,CSMT,Fog,0.6,5.5,1.5,37.1,77.4
2026-02-05 03:56:16,CSMT,Clear,0.24,7.67,1.3,31.3,51.2
2026-05-13 21:53:12,CSMT,Clear,0.35,7.11,0.3,40.2,58.0
2026-04-20 00:56:42,CSMT,Fog,0.55,5.71,0.1,25.5,75.2
2026-03-06 10:45:44,CSMT,Cloudy,0.44,5.91,0.9,26.5,54.9
2026-04-30 12:56:56,CSMT,Rain,0.36,7.04,14.0,29.1,55.9
2026-03-03 09:29:32,CSMT,Clear,0.28,7.39,0.3,33.4,77.1
2026-01-22 19:51:11,CSMT,Clear,0.49,5.48,1.3,18.1,51.7
2026-03-05 15:46:39,CSMT,Clear,0.16,8.74,1.4,24.0,48.0
2026-05-03 10:02:08,CSMT,Clear,0.36,6.75,0.9,22.8,96.8
2026-06-04 05:37:31,CSMT,Fog,0.63,4.55,0.3,30.2,56.1
2026-05-28 11:44:37,CSMT,Fog,0.65,4.38,0.9,21.7,71.0
2026-05-20 01:53:05,CSMT,Clear,0.1,8.42,0.3,29.5,22.4
2026-06-03 14:47:37,CSMT,Clear,0.15,9.36,0.1,13.6,70.9
2026-04-07 03:54:13,CSMT,Cloudy,0.16,8.83,0.9,33.6,66.1
2026-01-19 18:22:13,CSMT,Clear,0.11,8.97,0.4,37.0,66.6
2026-01-23 11:54:36,CSMT,Clear,0.24,8.1,1.5,12.9,70.8
2026-01-13 01:46:32,CSMT,Clear,0.48,5.86,0.9,21.4,95.4
2026-06-01 12:07:00,CSMT,Rain,0.26,6.1,6.2,12.2,58.0
2026-03-20 08:04:22,CSMT,Rain,0.46,4.41,22.3,20.2,66.2
2026-04-03 09:03:54,CSMT,Clear,0.2,8.29,0.3,19.9,48.8
2026-06-13 11:14:48,CSMT,Clear,0.33,7.53,0.4,18.0,71.3
2026-06-20 05:47:30,CSMT,Clear,0.37,5.98,0.7,27.2,61.6
2026-04-13 02:18:27,CSMT,Rain,0.17,7.41,12.4,19.9,100.0
2026-01-25 14:47:50,CSMT,Clear,0.32,6.86,1.2,33.4,67.5
2026-05-19 02:06:09,CSMT,Clear,0.47,5.82,1.2,34.6,57.8
2026-06-07 00:50:36,CSMT,Clear,0.23,7.84,1.3,27.1,58.6
2026-01-29 15:26:31,CSMT,Clear,0.29,7.41,0.7,40.2,50.9
2026-02-25 06:05:40,CSMT,Fog,0.53,5.83,0.6,15.8,72.7
2026-05-13 18:57:06,CSMT,Clear,0.18,8.21,0.2,22.6,47.5
2026-01-30 03:36:41,CSMT,Clear,0.3,7.25,1.4,17.5,76.0
2026-04-10 08:24:23,CSMT,Rain,0.36,5.64,8.4,29.6,92.3
2026-03-06 20:31:43,CSMT,Fog,0.39,7.5,0.6,27.1,93.4
2026-06-20 14:26:57,CSMT,Cloudy,0.29,6.66,1.2,31.6,93.0
2026-06-07 07:52:07,CSMT,Clear,0.41,5.87,0.1,2.9,66.9
2026-01-05 05:11:14,CSMT,Clear,0.29,7.89,1.4,23.7,67.4
2026-06-03 11:30:14,CSMT,Clear,0.09,9.86,1.3,9.8,70.5
2026-04-26 10:15:53,CSMT,Clear,0.8,3.37,0.5,33.4,75.3
2026-02-09 00:11:01,CSMT,Cloudy,0.48,5.43,0.0,21.6,49.1
2026-02-01 09:35:42,CSMT,Clear,0.33,6.93,0.8,22.3,99.5
2026-01-19 15:42:13,CSMT,Clear,0.14,8.24,0.5,19.3,62.8
2026-06-28 16:11:33,CSMT,Clear,0.5,6.28,1.5,12.3,52.4
2026-06-02 11:22:46,CSMT,Cloudy,0.63,4.33,1.4,34.0,75.8
2026-06-21 00:17:16,CSMT,Cloudy,0.21,8.39,0.9,21.3,37.1
2026-01-09 20:07:52,CSMT,Clear,0.3,7.78,0.4,23.4,100.0
2026-02-13 10:42:13,CSMT,Cloudy,0.58,5.53,0.6,30.9,72.0
2026-02-23 02:00:08,CSMT,Clear,0.11,9.31,1.0,20.0,58.1
2026-01-11 02:16:01,CSMT,Fog,0.6,4.41,0.9,20.6,40.2
2026-03-07 02:08:05,CSMT,Rain,0.27,6.15,6.6,21.7,45.9
2026-03-29 12:52:00,CSMT,Rain,0.47,4.49,23.6,34.0,80.2
2026-06-29 10:33:34,CSMT,Clear,0.19,8.05,0.8,13.7,100.0
2026-03-05 00:55:18,CSMT,Clear,0.26,7.91,0.9,18.2,81.0
2026-05-01 11:57:31,CSMT,Cloudy,0.16,8.93,0.2,28.2,55.7
2026-01-07 19:18:27,CSMT,Cloudy,0.4,6.26,1.0,29.4,64.5
2026-04-06 09:33:26,CSMT,Clear,0.02,9.58,0.9,24.6,60.2
2026-01-16 01:30:26,CSMT,Fog,0.73,3.85,0.6,29.2,58.0
2026-03-01 11:30:42,CSMT,Rain,0.14,6.95,24.8,32.5,63.4
2026-03-29 06:03:12,CSMT,Clear,0.48,6.12,0.9,29.7,79.8
2026-06-23 15:48:38,CSMT,Clear,0.28,7.37,0.8,27.4,95.3
2026-03-10 13:03:45,CSMT,Rain,0.17,7.46,2.2,21.1,67.6
2026-03-21 00:56:06,CSMT,Clear,0.31,7.47,0.1,32.7,64.6
2026-05-13 16:19:23,CSMT,Cloudy,0.52,5.92,0.5,26.1,100.0
2026-05-09 13:34:29,CSMT,Cloudy,0.29,7.43,0.0,37.2,76.0
2026-01-14 03:42:31,CSMT,Cloudy,0.45,5.81,0.5,16.5,90.1
2026-01-02 00:58:45,CSMT,Cloudy,0.25,7.35,0.3,21.4,79.8
2026-02-07 13:22:52,CSMT,Clear,0.16,9.02,0.7,19.0,76.0
2026-02-10 15:46:17,CSMT,Cloudy,0.24,7.94,0.0,24.3,100.0
2026-03-02 20:34:05,CSMT,Clear,0.18,8.48,0.9,22.8,69.2
2026-03-15 13:10:05,CSMT,Clear,0.13,7.92,1.2,22.1,71.8
2026-02-08 15:38:36,CSMT,Clear,0.18,9.03,1.3,25.2,60.6
2026-03-19 22:43:48,CSMT,Clear,0.51,5.8,0.1,22.0,72.5
2026-06-02 00:26:45,CSMT,Cloudy,0.31,7.14,0.5,10.7,63.9
2026-01-13 10:21:25,CSMT,Clear,0.36,7.5,1.1,42.2,47.3
2026-03-10 05:00:39,CSMT,Clear,0.49,6.02,1.3,20.6,68.6
2026-06-27 05:03:42,CSMT,Clear,0.3,7.33,0.9,24.7,56.6
2026-05-07 00:33:20,CSMT,Cloudy,0.36,6.42,0.5,12.2,44.4
2026-02-19 15:01:35,CSMT,Cloudy,0.59,4.81,0.1,18.8,20.0
2026-03-22 02:24:20,CSMT,Clear,0.19,8.85,1.2,33.5,57.6
2026-02-04 21:05:15,CSMT,Clear,0.35,7.34,1.4,14.6,91.8
2026-01-29 10:26:38,CSMT,Rain,0.12,8.64,8.6,35.5,42.5
2026-01-20 01:33:00,CSMT,Fog,0.81,3.51,1.2,33.9,76.9
2026-02-05 20:39:22,CSMT,Clear,0.17,7.85,1.3,27.6,56.7
2026-06-08 23:38:55,CSMT,Clear,0.42,7.19,0.0,32.1,70.0
2026-02-27 18:33:42,CSMT,Cloudy,0.47,6.1,0.8,22.6,75.4
2026-05-12 08:19:32,CSMT,Cloudy,0.41,6.89,0.1,15.3,81.2
2026-04-24 06:22:40,CSMT,Rain,0.5,4.25,9.0,30.0,85.4
2026-06-06 06:22:44,CSMT,Rain,0.21,6.82,13.5,30.2,27.9
2026-01-09 00:32:26,CSMT,Clear,0.29,8.05,0.6,23.4,35.9
2026-06-13 15:17:03,CSMT,Fog,0.81,3.02,1.3,32.6,57.4
2026-01-16 16:10:42,CSMT,Clear,0.13,8.94,0.5,12.0,63.8
2026-02-24 08:44:44,CSMT,Rain,0.14,7.29,10.6,19.2,84.3
2026-06-30 11:35:02,CSMT,Clear,0.49,5.81,0.7,23.6,63.7
2026-02-21 14:13:36,CSMT,Clear,0.46,5.96,1.3,9.1,72.9
2026-05-03 11:55:39,CSMT,Rain,0.35,6.43,18.0,8.6,79.8
2026-03-23 02:25:44,CSMT,Rain,0.45,3.47,19.9,22.9,64.8
2026-03-05 06:20:53,CSMT,Rain,0.26,5.98,4.9,30.9,53.9
2026-01-15 06:00:48,CSMT,Fog,0.95,2.68,0.1,24.5,69.1
2026-05-13 05:20:27,CSMT,Clear,0.46,5.74,0.6,34.7,58.5
2026-06-26 14:19:58,CSMT,Cloudy,0.34,7.71,0.3,33.3,59.4
2026-06-01 12:38:00,CSMT,Rain,0.16,6.49,18.5,17.9,78.2
2026-03-06 14:11:04,CSMT,Clear,0.41,6.09,0.8,19.9,56.6
2026-05-09 20:08:29,CSMT,Clear,0.31,7.94,1.2,29.0,63.5
2026-04-20 17:28:04,CSMT,Fog,0.73,3.29,1.2,9.2,46.8
2026-03-02 00:09:05,CSMT,Clear,0.06,9.72,0.9,11.1,41.7
2026-06-25 15:12:28,CSMT,Fog,0.52,6.03,1.0,35.3,68.1
2026-03-02 05:45:04,CSMT,Clear,0.31,6.69,1.0,34.2,66.5
2026-06-01 21:33:37,CSMT,Clear,0.28,6.78,0.5,24.9,66.9
2026-03-29 11:21:10,CSMT,Clear,0.47,6.38,0.0,25.6,56.2
2026-02-26 17:51:24,CSMT,Clear,0.14,9.25,1.4,20.5,80.5
2026-04-27 14:19:57,CSMT,Cloudy,0.28,8.26,0.0,26.5,76.0
2026-03-14 06:56:36,CSMT,Clear,0.66,4.1,1.4,27.2,60.2
2026-04-20 10:08:28,CSMT,Clear,0.51,5.32,0.7,32.6,70.0
2026-01-08 23:42:42,CSMT,Clear,0.37,6.63,0.4,37.5,44.3
2026-04-08 18:35:54,CSMT,Fog,0.59,4.62,1.5,34.8,55.9
2026-03-19 12:04:32,CSMT,Cloudy,0.61,4.84,0.5,28.6,65.9
2026-02-07 09:20:37,CSMT,Fog,0.95,2.01,0.1,25.1,75.9
2026-01-15 04:23:39,CSMT,Clear,0.15,9.22,1.1,30.2,76.7
2026-06-28 03:29:32,CSMT,Clear,0.07,9.27,0.9,18.5,62.3
2026-04-29 23:04:17,CSMT,Cloudy,0.12,9.12,1.4,28.8,48.9
2026-05-26 12:01:17,CSMT,Clear,0.29,7.73,0.3,26.5,50.5
2026-04-02 18:04:07,CSMT,Clear,0.63,5.08,1.0,22.8,46.5
2026-06-01 22:00:40,CSMT,Clear,0.35,6.62,0.8,20.0,70.7
2026-01-24 11:04:43,CSMT,Rain,0.36,6.42,6.1,12.2,71.9
2026-06-12 08:54:44,CSMT,Fog,0.67,4.91,1.3,33.9,97.2
2026-05-16 20:10:43,CSMT,Cloudy,0.19,8.23,0.7,25.2,56.3
2026-03-10 15:16:12,CSMT,Rain,0.39,5.54,7.9,40.3,62.8
2026-04-16 06:37:37,CSMT,Rain,0.22,6.47,8.4,39.8,60.2
2026-04-28 10:55:37,CSMT,Clear,0.07,9.03,0.2,24.7,50.9
2026-02-04 06:09:13,CSMT,Clear,0.26,8.17,1.2,16.4,53.2
2026-04-16 11:42:14,CSMT,Rain,0.24,7.9,0.7,17.5,55.6
2026-04-10 21:45:18,CSMT,Fog,0.61,4.51,0.0,33.4,48.2
2026-04-23 13:00:42,CSMT,Rain,0.21,6.87,6.5,24.6,87.2
2026-01-01 06:33:16,CSMT,Clear,0.43,6.29,1.2,29.6,73.6
2026-06-13 15:27:22,CSMT,Clear,0.07,9.05,0.5,17.7,84.6
2026-01-22 13:55:41,CSMT,Clear,0.5,5.06,1.1,22.8,51.3
2026-03-30 01:13:00,CSMT,Cloudy,0.16,8.19,0.6,22.3,82.6
2026-03-19 02:08:49,CSMT,Fog,0.62,4.05,0.4,32.8,68.7
2026-06-20 22:58:47,CSMT,Clear,0.14,8.79,0.7,27.4,46.9
2026-06-15 13:34:18,CSMT,Fog,1.0,1.0,0.7,22.8,97.1
2026-01-29 01:52:58,CSMT,Rain,0.2,6.89,3.1,20.2,93.6
2026-06-12 18:49:21,CSMT,Cloudy,0.35,5.94,0.8,25.5,49.4
2026-03-14 02:08:47,CSMT,Rain,0.31,6.52,1.4,20.4,65.3
2026-05-04 02:03:33,CSMT,Clear,0.11,8.77,1.3,32.7,80.4
2026-02-08 01:05:47,CSMT,Clear,0.74,2.73,0.1,23.3,54.6
2026-01-28 13:35:50,CSMT,Clear,0.46,5.89,1.4,16.8,71.8
2026-03-03 17:58:44,CSMT,Cloudy,0.08,8.83,0.6,23.1,88.1
2026-01-22 21:53:51,CSMT,Cloudy,0.06,9.36,0.7,35.1,66.0
2026-01-25 11:34:41,CSMT,Cloudy,0.01,11.0,0.6,50.2,65.6
2026-02-28 02:40:04,CSMT,Clear,0.4,6.92,0.4,22.2,79.3
2026-01-24 08:59:06,CSMT,Cloudy,0.24,7.15,1.5,44.6,72.1
2026-02-27 07:00:54,CSMT,Clear,0.32,7.48,0.9,15.5,52.0
2026-05-22 21:26:28,CSMT,Fog,0.44,6.5,1.1,14.3,94.5
2026-06-26 23:31:53,CSMT,Clear,0.26,7.04,0.1,14.8,86.1
2026-05-13 20:23:46,CSMT,Clear,0.07,9.2,0.4,8.7,33.7
2026-04-22 07:06:43,CSMT,Clear,0.1,9.22,0.6,34.5,73.0
2026-04-23 16:33:04,CSMT,Cloudy,0.47,5.74,0.4,26.7,46.9
2026-03-27 01:31:12,CSMT,Clear,0.24,8.38,0.5,23.6,89.5
2026-02-04 21:55:29,CSMT,Clear,0.11,8.26,0.8,33.2,78.0
2026-06-24 07:46:10,CSMT,Rain,0.28,5.81,6.5,34.1,48.9
2026-05-18 07:34:58,CSMT,Rain,0.11,7.81,10.3,11.6,54.5
2026-03-25 07:12:38,CSMT,Clear,0.26,8.3,1.4,23.9,88.5
2026-03-18 00:43:36,CSMT,Rain,0.01,8.7,5.3,33.8,37.2
2026-04-15 06:28:04,CSMT,Clear,0.15,9.47,1.4,26.5,58.4
2026-05-27 15:07:43,CSMT,Clear,0.06,9.23,0.2,32.3,31.8
2026-03-01 05:59:44,CSMT,Clear,0.25,7.81,0.1,21.1,56.9
2026-03-28 05:02:47,CSMT,Clear,0.13,8.55,0.5,7.4,46.0
2026-01-02 01:54:26,CSMT,Rain,0.17,7.23,9.5,24.8,54.3
2026-03-28 11:25:28,CSMT,Clear,0.28,7.56,0.9,16.2,45.0
2026-01-04 12:28:53,CSMT,Cloudy,0.16,9.27,1.4,33.3,67.1
2026-03-14 11:56:42,CSMT,Cloudy,0.18,8.88,0.6,14.8,54.8
2026-06-02 04:54:38,CSMT,Fog,0.58,5.69,1.0,17.3,73.6
2026-04-18 13:18:28,CSMT,Cloudy,0.21,8.89,0.9,23.8,74.6
2026-04-08 02:26:53,CSMT,Clear,0.31,7.46,1.2,17.7,88.9
2026-02-21 16:02:50,CSMT,Fog,0.39,6.07,1.3,36.2,53.6
2026-04-21 12:25:14,CSMT,Rain,0.28,5.87,11.4,8.6,62.1
2026-04-06 06:15:54,CSMT,Rain,0.37,5.77,4.7,29.6,50.4
2026-05-23 13:02:20,CSMT,Clear,0.17,9.04,0.7,7.7,75.7
2026-01-20 15:25:15,CSMT,Clear,0.23,8.27,0.3,21.8,52.0
2026-03-11 15:52:42,CSMT,Clear,0.15,8.33,0.2,23.4,66.4
2026-05-04 19:09:11,CSMT,Rain,0.35,6.37,4.2,17.5,59.7
2026-02-27 15:34:54,CSMT,Fog,0.77,3.08,0.0,32.9,84.8
2026-05-15 14:14:40,CSMT,Cloudy,0.11,8.6,0.7,19.5,62.5
2026-02-04 07:29:08,CSMT,Clear,0.11,8.94,0.4,21.1,48.1
2026-04-29 08:55:14,CSMT,Clear,0.47,6.27,1.1,13.3,42.2
2026-04-30 03:53:40,CSMT,Cloudy,0.35,6.9,0.3,29.8,79.1
2026-04-27 20:45:06,CSMT,Clear,0.29,7.43,0.5,10.7,70.9
2026-01-06 18:15:04,CSMT,Clear,0.45,5.67,1.4,32.2,100.0
2026-03-09 19:34:09,CSMT,Rain,0.26,7.24,14.3,34.9,77.6
2026-03-18 04:50:46,CSMT,Clear,0.37,7.0,0.5,25.0,41.4
2026-04-10 22:22:59,CSMT,Clear,0.38,7.09,0.3,18.4,76.6
2026-02-28 06:49:09,CSMT,Clear,0.26,7.47,0.4,30.2,65.5
2026-04-22 00:51:30,CSMT,Rain,0.3,6.27,7.7,30.4,78.8
2026-05-19 20:41:28,CSMT,Clear,0.07,9.81,1.1,14.4,73.8
2026-06-15 18:03:28,CSMT,Clear,0.22,7.78,1.4,22.6,69.2
2026-02-26 11:55:50,CSMT,Clear,0.45,5.7,0.9,19.2,65.1
2026-02-21 02:46:32,CSMT,Clear,0.17,9.24,0.5,12.4,66.0
2026-06-12 00:47:20,CSMT,Rain,0.13,7.06,11.6,22.5,62.4
2026-05-18 03:27:12,CSMT,Fog,0.92,2.01,0.5,17.9,79.3
2026-02-13 21:33:52,CSMT,Rain,0.29,6.68,15.4,26.9,44.7
2026-02-12 01:42:11,CSMT,Clear,0.17,8.34,0.8,27.2,88.0
2026-03-22 15:54:29,CSMT,Clear,0.17,8.03,1.1,24.3,20.0
2026-03-27 13:51:14,CSMT,Clear,0.26,7.31,1.2,26.0,100.0
2026-06-25 16:01:27,CSMT,Fog,0.47,5.55,1.1,14.1,60.8
2026-06-28 11:27:03,CSMT,Clear,0.16,8.56,1.4,17.9,44.6
2026-01-16 13:48:38,CSMT,Clear,0.28,7.95,1.1,15.5,65.3
2026-06-18 19:10:53,CSMT,Clear,0.4,6.19,0.7,26.5,80.1
2026-03-25 13:54:42,CSMT,Clear,0.51,6.54,0.6,22.5,61.6
2026-02-06 17:10:23,CSMT,Clear,0.15,8.3,0.1,29.9,81.0
2026-04-30 13:09:40,CSMT,Clear,0.07,8.51,1.5,32.2,42.1
2026-03-26 06:01:58,CSMT,Clear,0.22,8.27,0.3,18.4,69.6
2026-06-11 22:01:11,CSMT,Clear,0.26,7.54,0.4,19.8,55.5
2026-01-13 23:59:52,CSMT,Clear,0.46,6.5,0.1,26.8,98.5
2026-01-27 18:18:27,CSMT,Rain,0.14,7.99,5.0,23.5,38.7
2026-05-29 23:09:11,CSMT,Clear,0.2,8.01,0.4,23.6,100.0
2026-02-11 01:10:29,CSMT,Clear,0.56,4.83,0.9,27.4,59.4
2026-04-20 21:33:27,CSMT,Clear,0.53,5.42,0.1,20.7,51.9
2026-01-15 05:29:41,CSMT,Clear,0.4,6.71,0.9,19.7,75.7
2026-06-12 13:12:02,CSMT,Cloudy,0.3,7.33,0.1,29.8,63.9
2026-05-25 19:56:16,CSMT,Rain,0.32,6.27,9.1,16.0,83.3
2026-04-11 07:07:02,CSMT,Cloudy,0.12,8.81,1.3,19.7,60.1
2026-02-23 11:43:44,CSMT,Clear,0.18,8.75,0.2,17.6,62.9
2026-02-02 19:51:48,CSMT,Clear,0.6,5.0,0.5,29.0,89.8
2026-03-23 16:39:03,CSMT,Clear,0.5,5.31,0.7,17.1,100.0
2026-05-29 20:07:24,CSMT,Cloudy,0.31,6.83,0.1,36.3,86.1
2026-04-07 04:37:50,CSMT,Clear,0.19,7.53,0.7,34.7,80.1
2026-04-19 14:08:31,CSMT,Rain,0.34,5.97,20.3,39.0,55.9
2026-04-28 04:03:55,CSMT,Cloudy,0.28,7.93,1.3,26.3,76.7
2026-02-27 03:23:18,CSMT,Clear,0.31,8.25,0.1,20.6,53.1
2026-04-26 13:43:15,CSMT,Clear,0.22,8.17,1.2,25.1,76.3
2026-03-30 15:01:34,CSMT,Clear,0.3,6.96,0.3,20.6,63.0
2026-01-25 07:09:12,CSMT,Cloudy,0.22,8.56,0.8,7.5,79.0
2026-01-18 20:41:50,CSMT,Clear,0.21,8.29,0.3,23.0,65.3
2026-01-31 03:56:48,CSMT,Clear,0.35,7.13,1.3,14.5,100.0
2026-05-07 03:31:53,CSMT,Clear,0.01,9.87,0.1,15.1,82.1
2026-01-10 03:28:05,CSMT,Clear,0.16,9.25,0.2,14.8,57.7
2026-03-16 20:16:40,CSMT,Fog,0.87,2.9,0.7,28.2,79.0
2026-03-05 19:36:44,CSMT,Rain,0.51,4.17,16.8,9.6,66.6
2026-04-10 11:14:32,CSMT,Clear,0.4,6.93,0.9,12.7,100.0
2026-04-23 08:52:07,CSMT,Clear,0.23,7.82,0.6,34.2,50.5
2026-06-01 14:36:12,CSMT,Cloudy,0.31,7.7,0.0,20.4,89.5
2026-05-13 23:49:35,CSMT,Clear,0.07,9.29,0.9,31.0,48.1
2026-04-29 06:12:46,CSMT,Cloudy,0.07,8.82,1.3,19.2,35.1
2026-05-14 21:54:35,CSMT,Clear,0.25,7.83,1.5,13.3,42.3
2026-06-17 14:38:12,CSMT,Cloudy,0.37,7.15,1.2,30.6,74.5
2026-02-11 01:20:28,CSMT,Cloudy,0.18,9.04,0.1,31.7,67.7
2026-04-22 05:53:14,CSMT,Fog,0.77,3.82,0.5,23.8,70.8
2026-05-26 07:53:55,CSMT,Clear,0.55,5.52,1.4,23.7,93.3
2026-03-28 01:50:19,CSMT,Clear,0.27,8.18,0.3,6.4,84.6
2026-02-14 05:56:14,CSMT,Rain,0.19,7.08,12.7,32.2,74.2
2026-06-27 01:25:33,CSMT,Cloudy,0.17,8.83,0.1,27.0,70.5
2026-01-08 00:10:07,CSMT,Fog,0.63,4.42,0.9,15.1,52.1
2026-04-19 22:42:46,CSMT,Rain,0.45,4.88,5.0,33.9,57.4
2026-05-04 21:51:42,CSMT,Clear,0.06,8.76,1.1,14.4,39.8
2026-05-13 03:52:10,CSMT,Fog,0.57,5.35,0.1,16.2,46.6
2026-03-27 11:50:02,CSMT,Clear,0.39,6.06,1.3,22.5,46.1
2026-01-03 10:38:40,CSMT,Clear,0.38,6.81,0.5,11.2,100.0
2026-05-06 11:17:19,CSMT,Clear,0.1,9.71,0.4,16.7,79.6
2026-02-24 13:14:10,CSMT,Cloudy,0.43,6.14,1.1,28.8,81.8
2026-03-30 22:56:36,CSMT,Clear,0.24,8.14,0.3,26.7,72.5
2026-03-09 04:16:04,CSMT,Clear,0.13,9.26,0.0,25.0,54.5
2026-01-22 17:59:25,CSMT,Cloudy,0.03,9.75,1.3,20.9,66.4
2026-05-31 15:47:44,CSMT,Clear,0.26,7.83,0.3,45.7,82.8
2026-02-05 02:13:25,CSMT,Cloudy,0.13,9.25,0.7,19.7,78.4
2026-04-23 04:30:42,CSMT,Fog,0.58,5.41,1.3,18.8,98.1
2026-06-14 00:21:00,CSMT,Clear,0.1,8.45,0.9,16.0,88.1
2026-01-20 03:51:26,CSMT,Clear,0.51,5.61,1.5,11.0,70.5
2026-03-26 04:20:01,CSMT,Clear,0.06,9.0,0.2,23.5,76.4
2026-06-11 06:02:25,CSMT,Clear,0.04,10.05,0.2,24.0,79.8
2026-02-11 15:28:56,CSMT,Clear,0.11,9.68,0.9,18.1,69.0
2026-02-07 01:33:58,CSMT,Clear,0.46,5.63,0.6,25.1,86.7
2026-04-26 16:50:45,CSMT,Clear,0.6,4.87,0.1,17.2,56.5
2026-02-08 02:35:27,CSMT,Cloudy,0.34,7.91,0.0,24.6,52.1
2026-04-23 07:50:26,CSMT,Fog,0.42,7.26,0.5,26.5,49.6
2026-05-15 13:16:39,CSMT,Clear,0.39,6.65,0.1,24.5,87.6
2026-04-23 13:12:12,CSMT,Clear,0.55,5.45,0.4,18.5,79.2
2026-04-07 14:28:30,CSMT,Clear,0.31,7.65,0.5,11.7,55.9
2026-01-07 08:51:42,CSMT,Clear,0.19,8.37,0.9,24.0,88.4
2026-01-19 15:07:21,CSMT,Fog,0.51,5.88,0.7,24.0,69.6
2026-01-26 07:11:31,CSMT,Cloudy,0.05,9.43,0.5,37.0,53.9
2026-01-18 03:45:50,CSMT,Cloudy,0.23,8.26,0.1,36.0,43.1
2026-05-27 07:00:52,CSMT,Cloudy,0.13,9.1,0.9,31.4,64.4
2026-06-26 16:34:27,CSMT,Clear,0.26,7.14,0.9,28.0,65.0
2026-03-15 04:21:16,CSMT,Clear,0.61,4.2,0.8,34.0,86.7
2026-02-09 17:50:15,CSMT,Clear,0.65,4.86,0.1,39.5,57.9
2026-05-25 06:36:38,CSMT,Clear,0.08,9.42,0.8,8.6,39.7
2026-04-15 08:35:28,CSMT,Clear,0.1,9.57,1.1,7.4,60.5
2026-03-09 02:44:52,CSMT,Clear,0.12,9.53,0.4,21.7,64.2
2026-01-31 13:16:43,CSMT,Fog,0.48,6.05,0.6,34.8,38.6
2026-01-07 23:46:38,CSMT,Clear,0.02,10.08,0.8,13.3,68.3
2026-04-16 11:11:18,CSMT,Cloudy,0.2,8.27,0.2,22.0,45.3
2026-06-18 03:36:07,CSMT,Rain,0.27,6.08,8.4,22.4,37.7
2026-05-16 02:21:01,CSMT,Clear,0.21,8.22,0.3,6.4,91.3
2026-06-22 12:00:18,CSMT,Fog,0.66,4.88,0.1,13.2,57.9
2026-01-02 01:40:22,CSMT,Cloudy,0.42,5.98,0.5,25.2,80.3
2026-05-27 06:15:27,CSMT,Rain,0.27,5.86,3.2,32.2,56.4
2026-01-30 07:27:49,CSMT,Fog,0.7,4.62,0.1,20.0,72.6
2026-01-23 21:55:18,CSMT,Clear,0.36,6.59,1.0,18.5,83.8
2026-06-18 06:31:44,CSMT,Rain,0.39,5.25,4.2,27.6,62.2
2026-06-05 03:02:04,CSMT,Cloudy,0.16,8.08,0.4,19.4,38.0
2026-04-29 15:25:47,CSMT,Clear,0.29,8.16,0.8,16.8,56.3
2026-06-11 09:40:47,CSMT,Clear,0.23,7.95,0.7,35.7,65.2
2026-06-10 18:42:29,CSMT,Cloudy,0.56,5.34,1.0,28.9,68.3
2026-04-25 11:03:09,CSMT,Clear,0.15,8.51,0.2,25.6,65.9
2026-03-19 16:14:41,CSMT,Clear,0.36,7.34,1.0,14.8,58.8
2026-01-26 01:41:16,CSMT,Cloudy,0.31,7.53,1.5,35.5,43.9
2026-02-16 02:00:57,CSMT,Cloudy,0.41,6.74,0.3,26.6,39.2
2026-01-02 19:45:29,CSMT,Cloudy,0.32,6.68,0.5,22.0,69.9
2026-01-01 14:50:14,CSMT,Clear,0.18,8.45,0.2,16.9,93.5
2026-05-10 08:28:33,CSMT,Rain,0.18,6.89,10.2,12.6,73.6
2026-04-18 10:13:06,CSMT,Cloudy,0.57,4.96,0.3,35.5,38.6
2026-02-24 09:45:24,CSMT,Cloudy,0.27,7.31,0.8,28.6,50.7
2026-01-17 16:37:42,CSMT,Clear,0.12,9.2,0.3,33.8,43.4
2026-01-31 04:44:18,CSMT,Clear,0.19,8.57,1.3,30.2,61.8
2026-02-23 07:28:47,CSMT,Clear,0.54,4.83,0.2,21.8,72.9
2026-06-21 07:21:43,CSMT,Clear,0.19,8.05,1.5,35.8,100.0
2026-01-30 00:16:36,CSMT,Clear,0.08,9.27,1.1,25.8,60.7
2026-01-01 16:28:59,CSMT,Fog,0.38,6.83,0.3,25.0,100.0
2026-01-16 01:50:30,CSMT,Clear,0.26,7.43,1.1,17.0,86.3
2026-02-25 07:06:00,CSMT,Fog,0.87,1.66,1.3,27.0,74.4
2026-05-17 06:13:36,CSMT,Fog,0.48,5.55,0.2,27.5,85.2
2026-02-07 01:33:07,CSMT,Cloudy,0.16,8.24,0.8,20.7,61.4
2026-02-20 02:09:11,CSMT,Cloudy,0.15,7.62,1.4,19.1,66.4
2026-06-18 13:43:18,CSMT,Fog,0.84,2.3,0.9,22.8,90.0
2026-04-23 11:36:58,CSMT,Cloudy,0.15,8.83,1.4,21.0,58.1
2026-02-04 18:08:02,CSMT,Fog,0.57,4.86,0.5,12.5,33.2
2026-05-24 20:34:53,CSMT,Clear,0.23,8.05,0.2,34.1,25.4
2026-06-01 22:55:37,CSMT,Clear,0.4,7.14,1.4,26.3,93.2
2026-04-03 01:46:42,CSMT,Clear,0.11,9.35,0.1,30.8,61.2
2026-01-14 22:20:33,CSMT,Clear,0.16,8.5,1.2,30.3,82.9
2026-06-04 08:58:24,CSMT,Clear,0.58,5.65,0.1,9.4,81.3
2026-03-05 00:14:11,CSMT,Clear,0.31,6.73,0.4,30.1,20.0
2026-03-10 02:56:06,CSMT,Clear,0.29,7.13,1.2,26.5,78.6
2026-03-25 16:39:51,CSMT,Clear,0.49,5.54,0.5,24.6,84.4
2026-03-12 15:40:40,CSMT,Cloudy,0.18,8.26,0.4,16.6,72.8
2026-04-30 11:38:26,CSMT,Fog,0.83,3.21,0.5,11.5,71.7
2026-03-09 00:07:52,CSMT,Fog,0.56,5.69,0.5,18.6,77.7
2026-04-02 10:19:58,CSMT,Cloudy,0.44,5.5,1.3,26.5,95.1
2026-04-10 11:18:42,CSMT,Clear,0.34,7.46,1.2,32.1,60.5
2026-01-19 00:54:59,CSMT,Clear,0.33,6.99,0.2,26.0,48.5
2026-01-30 18:37:23,CSMT,Clear,0.25,7.25,0.2,22.3,72.6
2026-03-16 03:24:51,CSMT,Clear,0.28,6.84,0.2,30.4,53.2
2026-04-17 22:06:54,CSMT,Clear,0.15,8.54,0.1,19.8,42.3
2026-01-07 19:27:48,CSMT,Fog,0.78,3.12,0.3,29.5,91.7
2026-04-25 08:09:42,CSMT,Clear,0.43,6.53,1.3,32.5,72.9
2026-05-30 21:01:46,CSMT,Cloudy,0.04,10.38,0.8,15.4,51.2
2026-02-23 10:50:28,CSMT,Clear,0.25,6.79,1.3,20.4,37.2
2026-02-04 22:38:40,CSMT,Clear,0.11,9.06,0.1,26.4,81.4
2026-01-25 23:13:16,CSMT,Fog,0.83,2.99,0.8,25.8,85.8
2026-01-12 22:20:26,CSMT,Fog,0.63,4.95,0.8,18.5,60.4
2026-01-29 06:36:58,CSMT,Clear,0.03,9.78,1.5,23.7,58.1
2026-02-19 15:43:07,CSMT,Clear,0.44,5.96,0.0,17.1,57.2
2026-02-27 03:40:00,CSMT,Clear,0.21,8.39,1.4,24.3,73.4
2026-01-06 04:36:06,CSMT,Rain,0.15,7.18,10.2,15.1,59.8
2026-02-11 03:33:50,CSMT,Cloudy,0.29,8.09,0.4,30.0,84.1
2026-05-13 06:46:34,CSMT,Clear,0.47,6.58,0.7,39.6,78.8
2026-01-23 07:55:25,CSMT,Clear,0.52,4.8,1.4,29.0,59.1
2026-02-10 10:28:10,CSMT,Clear,0.07,9.86,0.8,25.9,60.0
2026-06-23 12:29:50,CSMT,Cloudy,0.05,9.73,1.2,24.9,43.8
2026-01-06 00:40:03,CSMT,Clear,0.57,5.02,0.7,27.2,94.2
2026-05-17 02:21:11,CSMT,Clear,0.2,7.84,0.7,38.9,54.0
2026-01-07 08:24:43,CSMT,Clear,0.01,9.32,0.2,33.7,100.0
2026-05-18 23:15:09,CSMT,Cloudy,0.11,9.38,0.5,35.6,56.5
2026-01-16 09:38:23,CSMT,Clear,0.57,5.21,1.2,12.0,71.5
2026-01-21 00:09:10,CSMT,Clear,0.47,6.2,0.5,8.3,66.1
2026-06-16 00:12:32,CSMT,Cloudy,0.33,6.82,0.5,17.2,71.8
2026-02-18 05:30:38,CSMT,Cloudy,0.11,9.27,1.2,20.8,36.7
2026-01-17 02:44:24,CSMT,Clear,0.23,8.6,1.3,17.7,42.2
2026-02-18 06:00:51,CSMT,Cloudy,0.41,6.24,1.4,34.5,89.9
2026-03-14 10:37:54,CSMT,Cloudy,0.22,8.8,0.5,35.8,53.0
2026-04-15 23:34:15,CSMT,Cloudy,0.4,5.99,0.6,25.4,80.1
2026-04-17 14:21:59,CSMT,Cloudy,0.28,7.7,1.2,19.6,48.3
2026-04-11 11:56:08,CSMT,Cloudy,0.37,6.61,0.0,23.6,68.2
2026-03-25 17:21:06,CSMT,Clear,0.4,6.96,0.4,19.1,42.1
2026-06-17 23:23:33,CSMT,Clear,0.2,8.21,0.9,12.9,80.1
2026-02-12 12:47:35,CSMT,Cloudy,0.5,5.43,0.1,26.7,67.4
2026-04-30 18:50:35,CSMT,Clear,0.59,5.06,0.9,20.4,88.7
2026-02-23 15:56:20,CSMT,Rain,0.62,3.6,9.8,32.7,55.4
2026-02-07 00:32:46,CSMT,Cloudy,0.42,6.24,1.2,41.5,71.0
2026-05-24 13:56:01,CSMT,Clear,0.31,7.85,0.6,37.5,20.0
2026-02-26 06:58:36,CSMT,Clear,0.24,7.59,0.2,15.9,75.8
2026-01-01 22:10:00,CSMT,Clear,0.04,9.39,0.6,24.9,45.8
2026-01-01 13:54:33,CSMT,Clear,0.19,8.59,0.2,31.3,49.5
2026-05-28 00:01:06,CSMT,Clear,0.26,7.62,1.3,28.2,58.9
2026-03-27 14:18:59,CSMT,Clear,0.65,4.4,0.4,29.3,92.7
2026-05-03 10:49:06,CSMT,Clear,0.62,4.51,1.5,30.6,72.4
2026-02-16 19:02:06,CSMT,Clear,0.28,7.66,0.5,35.6,79.3
2026-04-04 04:27:53,CSMT,Fog,0.63,3.75,1.3,18.3,55.6
2026-01-30 11:05:18,CSMT,Clear,0.1,8.7,1.4,23.6,57.0
2026-02-05 09:32:39,CSMT,Clear,0.4,6.61,1.2,16.4,41.7
2026-04-08 01:38:42,CSMT,Clear,0.35,7.28,1.0,21.5,63.6
2026-02-27 07:58:19,CSMT,Fog,0.59,5.52,1.2,18.7,84.5
2026-04-06 21:22:04,CSMT,Rain,0.26,6.59,5.2,15.3,68.9
2026-06-11 18:27:36,CSMT,Clear,0.25,8.3,1.1,31.6,68.6
2026-05-20 12:29:06,CSMT,Clear,0.07,9.87,1.3,27.7,56.9
2026-02-08 05:34:38,CSMT,Rain,0.14,7.43,6.2,17.8,72.7
2026-03-30 22:26:56,CSMT,Clear,0.14,9.37,1.3,16.0,42.3
2026-05-24 12:57:22,CSMT,Cloudy,0.11,9.16,0.3,24.5,59.5
2026-01-30 19:05:33,CSMT,Clear,0.09,9.53,1.2,34.6,50.6
2026-06-13 19:08:21,CSMT,Cloudy,0.49,6.36,1.1,21.9,79.6
2026-05-04 22:02:25,CSMT,Cloudy,0.41,6.44,0.8,36.6,59.4
2026-06-14 02:46:31,CSMT,Clear,0.2,8.54,1.2,26.9,52.3
2026-01-28 05:23:05,CSMT,Fog,0.98,1.74,1.0,24.5,78.9
2026-05-07 17:36:04,CSMT,Cloudy,0.53,5.09,1.2,5.5,89.7
2026-02-16 14:17:20,CSMT,Rain,0.32,5.73,7.4,19.7,75.0
2026-06-21 02:46:34,CSMT,Fog,0.41,6.04,0.3,27.0,31.5
2026-06-08 22:57:02,CSMT,Rain,0.11,7.88,9.5,21.0,54.4
2026-04-09 15:38:36,CSMT,Clear,0.22,8.33,1.4,28.5,45.1
2026-05-18 12:46:58,CSMT,Fog,0.93,1.71,1.2,21.1,84.7
2026-06-17 13:56:53,CSMT,Clear,0.41,6.72,0.8,22.5,60.4
2026-03-26 10:38:58,CSMT,Rain,0.26,5.72,1.3,7.3,66.0
2026-06-15 17:23:50,CSMT,Clear,0.34,6.76,0.3,30.0,88.9
2026-03-11 16:15:44,CSMT,Cloudy,0.33,7.18,0.2,22.6,27.0
2026-01-15 19:42:10,CSMT,Cloudy,0.42,5.64,0.8,30.1,64.7
2026-01-18 10:37:48,CSMT,Clear,0.48,5.47,1.1,31.6,78.7
2026-03-15 10:26:31,CSMT,Rain,0.23,7.24,11.7,20.8,63.0
2026-04-20 22:37:04,CSMT,Clear,0.17,8.64,1.1,16.1,86.5
2026-03-24 22:23:11,CSMT,Clear,0.61,5.47,1.0,13.2,45.0
2026-06-12 06:32:23,CSMT,Cloudy,0.51,5.3,1.1,19.4,61.3
2026-02-11 21:53:19,CSMT,Clear,0.37,7.25,0.3,28.3,43.5
2026-02-16 03:52:59,CSMT,Cloudy,0.36,6.8,0.8,36.0,65.2
2026-04-07 17:34:56,CSMT,Cloudy,0.03,9.83,1.3,23.2,57.5
2026-03-21 09:00:23,CSMT,Fog,0.43,6.63,1.3,22.2,25.8
2026-05-02 12:28:06,CSMT,Clear,0.12,9.39,1.1,25.3,47.5
2026-03-29 09:19:28,CSMT,Clear,0.36,7.09,0.6,21.7,38.7
2026-02-05 07:31:50,CSMT,Clear,0.58,4.27,0.9,29.0,54.5
2026-03-19 17:00:06,CSMT,Cloudy,0.19,8.52,0.6,25.2,67.7
2026-01-12 14:58:10,CSMT,Clear,0.12,9.13,0.9,21.4,57.9
2026-04-12 06:06:52,CSMT,Clear,0.48,5.8,1.0,24.9,66.1
2026-04-12 16:27:39,CSMT,Rain,0.6,2.89,4.8,22.9,81.7
2026-01-20 02:56:19,CSMT,Fog,0.41,6.8,1.3,26.1,90.3
2026-04-01 03:05:46,CSMT,Clear,0.24,8.15,0.6,27.7,69.1
2026-03-26 14:22:10,CSMT,Clear,0.23,7.51,1.0,17.1,77.6
2026-03-17 20:58:08,CSMT,Clear,0.18,9.19,0.8,17.6,82.0
2026-06-26 00:46:25,CSMT,Cloudy,0.53,5.07,0.0,17.0,69.3
2026-05-22 08:02:26,CSMT,Rain,0.32,6.2,9.1,30.0,39.7
2026-05-03 10:32:05,CSMT,Clear,0.07,9.83,0.7,13.4,49.0
2026-06-25 12:10:58,CSMT,Fog,0.59,4.97,0.0,23.2,57.7
2026-06-23 21:40:32,CSMT,Fog,0.47,6.4,1.3,18.0,100.0
2026-01-05 09:14:15,CSMT,Clear,0.22,8.61,1.2,31.3,55.2
2026-02-19 10:29:15,CSMT,Clear,0.29,7.59,0.3,13.4,64.5
2026-02-10 15:18:02,CSMT,Cloudy,0.42,5.85,0.4,27.4,41.6
2026-06-03 01:17:11,CSMT,Fog,0.93,2.1,0.2,14.9,85.8
2026-04-14 15:25:44,CSMT,Clear,0.44,6.4,0.1,20.4,51.2
2026-01-19 00:29:50,CSMT,Cloudy,0.38,6.4,0.0,19.3,64.2
2026-05-18 01:47:16,CSMT,Clear,0.49,4.88,0.2,21.2,76.7
2026-05-25 15:36:13,CSMT,Clear,0.17,9.22,1.3,14.1,100.0
2026-03-31 18:57:49,CSMT,Clear,0.28,6.84,0.8,32.8,75.2
2026-03-14 20:52:49,CSMT,Clear,0.33,7.21,1.0,22.9,52.1
2026-04-26 02:26:06,CSMT,Clear,0.61,4.7,1.2,17.3,81.5
2026-05-16 15:13:32,CSMT,Rain,0.72,2.86,7.4,16.6,100.0
2026-01-11 02:50:11,CSMT,Cloudy,0.15,8.18,0.0,40.8,54.8
2026-02-13 23:49:38,CSMT,Clear,0.28,7.54,0.5,15.9,66.3
2026-04-23 18:20:37,CSMT,Clear,0.02,9.54,1.4,21.8,63.3
2026-04-21 21:37:20,CSMT,Fog,0.42,6.39,0.4,31.1,44.2
2026-06-20 22:23:20,CSMT,Cloudy,0.31,7.69,1.1,31.5,93.3
2026-03-02 10:09:12,CSMT,Clear,0.54,5.42,0.9,16.8,50.7
2026-03-09 08:24:17,CSMT,Fog,0.72,3.22,0.9,20.8,75.6
2026-03-06 19:18:45,CSMT,Cloudy,0.44,6.85,0.6,19.6,84.8
2026-02-25 19:32:27,CSMT,Clear,0.53,5.2,1.0,31.0,84.3
2026-01-31 04:29:22,CSMT,Cloudy,0.36,6.82,0.4,3.6,70.5
2026-01-26 17:15:55,CSMT,Cloudy,0.09,9.6,0.8,26.6,59.1
2026-02-26 19:13:05,CSMT,Clear,0.39,5.87,0.3,29.0,100.0
2026-06-12 12:52:44,CSMT,Cloudy,0.34,7.2,1.5,18.3,73.3
2026-03-08 14:16:45,CSMT,Rain,0.3,6.36,5.4,18.9,72.0
2026-01-19 03:57:58,CSMT,Clear,0.45,6.47,0.5,30.8,88.1
2026-05-27 03:39:11,CSMT,Rain,0.25,7.16,10.9,19.9,87.5
2026-04-19 13:49:52,CSMT,Clear,0.37,6.83,1.0,15.2,89.1
2026-02-16 08:33:25,CSMT,Cloudy,0.11,9.44,1.4,14.5,96.0
2026-06-11 01:08:17,CSMT,Clear,0.28,7.92,0.4,35.0,55.2
2026-05-15 15:05:24,CSMT,Cloudy,0.28,6.92,0.9,18.6,79.9
2026-01-20 02:54:22,CSMT,Fog,0.46,5.79,0.9,31.5,49.6
2026-01-25 01:31:53,CSMT,Clear,0.62,4.82,1.5,22.7,99.2
2026-01-25 17:53:59,CSMT,Clear,0.07,9.15,0.4,14.5,27.4
2026-03-26 10:35:21,CSMT,Fog,0.81,3.3,0.3,24.7,78.8
2026-06-07 18:55:44,CSMT,Clear,0.51,6.26,0.0,33.4,81.1
2026-02-12 15:27:11,CSMT,Cloudy,0.01,9.94,1.2,32.4,78.0
2026-04-11 09:13:47,CSMT,Cloudy,0.3,7.9,0.1,35.0,91.3
2026-01-21 02:32:06,CSMT,Clear,0.19,7.64,0.5,21.9,35.8
2026-04-10 00:13:39,CSMT,Clear,0.44,6.84,0.2,19.8,93.4
2026-01-18 10:01:14,CSMT,Clear,0.23,7.68,0.5,22.5,55.0
2026-02-24 17:06:47,CSMT,Clear,0.25,7.79,0.7,35.1,73.4
2026-05-29 01:47:21,CSMT,Cloudy,0.28,7.94,1.1,34.9,55.9
2026-02-25 06:45:23,CSMT,Clear,0.11,9.13,0.8,18.7,76.9
2026-05-08 19:04:04,CSMT,Clear,0.33,6.34,1.1,19.5,81.9
2026-03-16 13:52:00,CSMT,Clear,0.34,6.95,0.7,20.0,47.3
2026-02-15 16:40:50,CSMT,Rain,0.76,2.52,31.4,28.7,73.8
2026-05-17 17:15:25,CSMT,Cloudy,0.49,6.58,1.1,16.4,100.0
2026-04-22 16:32:08,CSMT,Clear,0.12,9.09,1.5,31.5,99.7
2026-06-28 15:05:25,CSMT,Clear,0.12,10.61,1.0,16.9,67.5
2026-06-05 01:18:59,CSMT,Cloudy,0.13,8.88,0.8,17.8,67.8
2026-02-03 07:24:55,CSMT,Clear,0.51,6.22,0.5,14.7,72.1
2026-02-14 07:57:01,CSMT,Clear,0.25,7.69,0.4,30.4,82.0
2026-04-19 23:12:06,CSMT,Clear,0.31,8.3,0.7,31.1,56.3
2026-04-09 10:03:42,CSMT,Clear,0.06,10.41,0.9,36.4,86.0
2026-02-03 16:30:29,CSMT,Fog,0.54,5.67,0.2,30.3,56.5
2026-06-24 16:12:01,CSMT,Fog,0.46,6.3,0.3,26.5,78.3
2026-02-03 17:13:10,CSMT,Rain,0.3,6.56,7.9,25.3,64.7
2026-05-04 04:57:07,CSMT,Clear,0.3,7.38,1.4,18.0,70.8
2026-01-17 02:31:30,CSMT,Cloudy,0.24,7.86,0.2,26.8,54.1
2026-04-03 17:05:50,CSMT,Clear,0.5,5.89,1.1,28.5,86.2
2026-06-23 19:02:59,CSMT,Cloudy,0.2,7.28,0.6,30.1,65.9
2026-03-08 09:33:08,CSMT,Clear,0.16,9.11,1.0,32.2,73.4
2026-05-24 20:15:35,CSMT,Fog,0.62,4.81,1.2,32.2,65.3
2026-04-01 19:34:02,CSMT,Clear,0.24,7.61,0.4,10.8,40.3
2026-01-09 01:15:47,CSMT,Fog,0.51,4.97,1.3,29.8,85.6
2026-01-28 16:03:02,CSMT,Fog,0.62,4.46,0.9,22.8,89.4
2026-03-30 12:54:51,CSMT,Fog,0.77,3.7,1.0,32.6,79.0
2026-05-26 12:26:04,CSMT,Cloudy,0.27,7.43,1.2,30.1,86.1
2026-01-15 23:29:15,CSMT,Clear,0.63,4.8,1.2,20.4,65.9
2026-06-28 08:30:09,CSMT,Clear,0.38,6.94,0.9,22.8,54.5
2026-01-04 21:18:38,CSMT,Rain,0.27,6.74,3.0,25.5,48.6
2026-03-19 16:19:14,CSMT,Clear,0.1,7.99,0.1,28.9,100.0
2026-03-10 02:15:29,CSMT,Cloudy,0.26,7.62,0.1,28.3,53.8
2026-02-13 05:27:02,CSMT,Rain,0.48,3.95,5.4,31.3,55.1
2026-05-18 11:09:56,CSMT,Cloudy,0.08,10.46,1.1,27.5,100.0
2026-06-15 18:05:59,CSMT,Rain,0.08,7.81,13.4,18.5,79.0
2026-01-04 17:38:53,CSMT,Clear,0.23,8.96,0.4,27.3,57.3
2026-02-20 17:29:52,CSMT,Clear,0.7,4.21,1.3,32.7,48.8
2026-03-07 20:45:06,CSMT,Clear,0.25,6.98,1.3,30.7,79.3
2026-04-10 19:22:06,CSMT,Clear,0.23,7.37,0.6,16.4,81.6
2026-03-28 23:52:20,CSMT,Rain,0.36,5.35,6.9,19.4,50.8
2026-01-17 15:30:25,CSMT,Clear,0.12,9.54,0.5,32.0,65.2
2026-03-21 02:43:25,CSMT,Rain,0.31,6.4,2.9,23.8,62.9
2026-01-17 05:29:40,CSMT,Clear,0.08,9.65,1.1,28.7,42.3
2026-06-29 10:27:27,CSMT,Cloudy,0.48,5.43,1.5,17.9,89.1
2026-02-28 22:58:18,CSMT,Clear,0.18,8.39,0.4,11.0,74.5
2026-04-18 15:20:00,CSMT,Clear,0.27,8.19,0.2,36.3,66.7
2026-03-04 05:32:45,CSMT,Cloudy,0.42,5.77,1.3,18.0,57.8
2026-06-17 19:06:29,CSMT,Clear,0.45,6.61,1.2,12.7,79.1
2026-01-24 18:44:33,CSMT,Clear,0.35,7.23,0.9,9.9,78.9
2026-03-06 12:07:07,CSMT,Cloudy,0.12,8.62,0.2,20.2,76.0
2026-04-07 02:39:22,CSMT,Cloudy,0.26,7.55,0.7,31.0,51.2
2026-01-05 01:14:17,CSMT,Clear,0.35,6.91,0.3,28.2,57.8
2026-05-25 03:33:40,CSMT,Clear,0.33,6.88,1.1,18.6,68.7
2026-01-26 15:34:49,CSMT,Clear,0.11,9.41,1.1,4.7,55.4
2026-05-27 18:53:36,CSMT,Clear,0.43,6.27,1.4,24.8,69.3
2026-04-03 03:07:22,CSMT,Clear,0.33,7.5,0.2,8.3,47.7
2026-06-06 19:16:27,CSMT,Rain,0.51,4.28,1.7,15.3,73.7
2026-03-17 11:43:44,CSMT,Clear,0.23,8.08,1.0,18.9,98.4
2026-04-27 14:24:31,CSMT,Rain,0.28,6.71,2.0,31.2,63.2
2026-03-10 10:37:06,CSMT,Clear,0.42,6.75,0.2,22.8,45.1
2026-04-30 19:29:58,CSMT,Clear,0.15,8.85,1.2,25.8,70.6
2026-02-26 23:33:39,CSMT,Clear,0.66,3.83,1.0,24.4,71.7
2026-04-04 13:35:37,CSMT,Fog,0.42,6.72,1.4,37.6,54.7
2026-06-22 06:51:01,CSMT,Clear,0.01,9.54,0.4,8.2,77.8
2026-05-09 04:16:16,CSMT,Clear,0.3,8.56,0.0,31.8,49.7
2026-02-12 22:00:31,CSMT,Rain,0.31,6.01,6.9,14.1,63.6
2026-05-17 04:23:04,CSMT,Clear,0.17,8.73,0.0,19.2,41.2
2026-06-05 12:59:18,CSMT,Cloudy,0.22,8.61,0.2,13.0,68.5
2026-02-19 14:36:31,CSMT,Clear,0.27,7.43,1.0,16.2,46.0
2026-01-22 00:17:19,CSMT,Cloudy,0.1,8.44,0.1,20.2,49.1
2026-02-22 08:59:23,CSMT,Clear,0.25,8.69,1.5,22.2,46.0
2026-06-15 11:54:12,CSMT,Clear,0.55,6.17,1.1,10.6,62.3
2026-01-05 07:32:26,CSMT,Rain,0.1,8.38,9.5,16.7,54.8
2026-04-30 02:04:00,CSMT,Clear,0.56,4.84,0.9,17.7,41.3
2026-01-17 13:32:43,CSMT,Clear,0.1,9.51,1.4,19.9,72.8
2026-01-24 08:57:22,CSMT,Clear,0.01,9.91,0.8,25.9,65.8
2026-01-11 19:34:52,CSMT,Clear,0.49,5.82,0.0,29.9,47.2
2026-01-23 08:09:20,CSMT,Clear,0.87,2.79,0.9,28.5,77.3
2026-03-29 17:56:31,CSMT,Rain,0.52,3.74,19.3,27.3,50.2
2026-02-07 17:05:28,CSMT,Clear,0.29,8.15,0.1,20.1,81.3
2026-02-26 09:32:30,CSMT,Clear,0.28,7.67,1.0,17.4,79.1
2026-06-05 15:05:13,CSMT,Clear,0.42,6.47,0.3,32.8,92.8
2026-05-23 09:07:31,CSMT,Clear,0.36,6.49,1.0,32.0,57.8
2026-01-12 19:50:58,CSMT,Clear,0.29,7.43,0.6,24.0,57.3
2026-06-12 04:32:43,CSMT,Fog,0.7,3.3,1.2,37.8,62.7
2026-01-06 00:47:33,CSMT,Cloudy,0.39,6.95,0.5,34.7,71.5
2026-02-03 01:05:19,CSMT,Cloudy,0.36,7.36,0.1,22.7,54.6
2026-02-07 22:52:21,CSMT,Fog,0.41,6.78,0.2,14.7,54.5
2026-03-29 16:07:28,CSMT,Clear,0.19,9.03,0.0,19.5,77.7
2026-04-15 15:26:05,CSMT,Fog,0.6,4.32,0.4,21.1,60.7
2026-04-25 04:20:07,CSMT,Clear,0.41,6.05,1.4,31.5,83.4
2026-06-11 04:11:56,CSMT,Cloudy,0.42,7.03,0.8,6.6,89.6
2026-03-07 03:26:12,CSMT,Clear,0.67,5.37,1.0,21.7,55.6
2026-05-05 06:00:14,CSMT,Rain,0.03,8.5,2.1,24.8,65.8
2026-06-14 11:37:39,CSMT,Clear,0.21,7.81,0.9,20.3,69.9
2026-06-17 09:58:11,CSMT,Clear,0.34,6.8,0.9,19.5,91.8
2026-04-02 20:44:39,CSMT,Rain,0.39,5.57,6.8,20.1,89.0
2026-06-11 15:48:40,CSMT,Fog,0.69,4.29,1.5,38.0,60.3
2026-02-25 01:45:12,CSMT,Rain,0.24,6.37,9.6,12.6,61.8
2026-03-31 20:04:59,CSMT,Clear,0.25,8.65,0.1,26.9,68.7
2026-01-28 21:32:59,CSMT,Rain,0.67,3.34,5.8,31.6,46.4
2026-03-28 05:29:37,CSMT,Cloudy,0.23,7.97,0.9,27.6,65.6
2026-05-05 12:17:49,CSMT,Cloudy,0.15,8.92,1.2,33.3,67.3
2026-02-05 20:33:22,CSMT,Cloudy,0.49,6.36,0.9,14.6,47.3
2026-04-26 16:05:32,CSMT,Clear,0.59,5.06,0.5,29.0,82.1
2026-02-06 01:05:33,CSMT,Clear,0.12,9.51,0.5,17.3,69.9
2026-02-14 10:16:27,CSMT,Cloudy,0.17,8.49,0.6,21.3,35.8
2026-04-25 11:32:08,CSMT,Clear,0.25,7.73,0.2,24.6,72.7
2026-01-26 19:15:14,CSMT,Clear,0.13,8.98,0.4,11.2,40.2
2026-01-19 05:44:09,CSMT,Clear,0.02,9.75,0.2,10.6,73.5
2026-02-17 04:14:21,CSMT,Clear,0.29,7.14,0.8,23.9,51.4
2026-06-21 05:06:55,CSMT,Rain,0.39,5.65,3.7,23.4,75.1
2026-04-09 21:57:01,CSMT,Clear,0.33,7.25,1.4,30.2,50.2
2026-02-13 22:23:22,CSMT,Rain,0.41,5.22,10.8,8.1,61.7
2026-06-27 15:45:53,CSMT,Rain,0.36,6.0,15.2,30.2,57.5
2026-05-28 16:10:53,CSMT,Clear,0.37,6.3,0.5,30.6,99.9
2026-04-14 21:37:12,CSMT,Rain,0.14,7.83,3.8,27.6,62.3
2026-06-30 23:43:01,CSMT,Fog,0.63,4.83,0.5,30.6,71.0
2026-03-01 10:39:05,CSMT,Clear,0.49,5.97,0.9,8.7,85.9
2026-01-07 14:25:37,CSMT,Clear,0.28,7.76,0.8,21.5,46.3
2026-04-12 12:40:51,CSMT,Cloudy,0.36,6.82,1.1,16.3,67.2
2026-04-25 14:29:58,CSMT,Rain,0.29,5.75,10.6,20.4,73.5
2026-03-29 08:39:59,CSMT,Rain,0.43,5.36,11.1,34.3,72.0
2026-05-25 01:00:43,CSMT,Clear,0.06,9.55,0.9,40.3,66.8
2026-05-02 23:40:33,CSMT,Cloudy,0.38,7.23,1.4,18.3,100.0
2026-04-06 03:52:28,CSMT,Clear,0.12,9.54,0.4,18.1,63.0
2026-05-16 05:16:45,CSMT,Clear,0.61,5.69,1.0,24.7,39.0
2026-06-30 13:25:53,CSMT,Clear,0.04,9.14,1.5,30.9,67.0
2026-04-25 18:00:28,CSMT,Cloudy,0.45,5.89,0.4,30.2,75.1
2026-03-16 03:10:54,CSMT,Clear,0.17,7.73,0.8,13.2,69.7
2026-02-20 20:05:41,CSMT,Fog,0.57,4.78,0.1,22.2,47.7
2026-06-23 17:06:24,CSMT,Clear,0.78,4.34,0.5,40.1,86.3
2026-01-10 23:30:24,CSMT,Clear,0.63,4.93,0.8,14.2,85.7
2026-05-27 15:44:07,CSMT,Clear,0.51,6.23,0.5,37.9,69.2
2026-01-02 05:13:40,CSMT,Rain,0.42,4.89,12.9,29.5,43.4
2026-02-28 21:52:31,CSMT,Fog,0.76,3.12,0.4,37.0,81.3
2026-04-17 22:29:37,CSMT,Clear,0.4,6.41,0.6,28.5,79.6
2026-01-06 18:26:32,CSMT,Clear,0.07,9.42,0.9,9.3,36.4
2026-04-22 17:54:37,CSMT,Cloudy,0.05,9.67,1.4,28.4,54.3
2026-03-01 05:24:37,CSMT,Clear,0.25,8.61,0.4,13.0,52.5
2026-04-30 22:53:49,CSMT,Clear,0.1,8.61,0.7,31.9,83.2
2026-05-09 06:06:43,CSMT,Clear,0.46,6.03,0.1,4.3,39.7
2026-01-13 09:50:07,CSMT,Rain,0.38,5.58,25.4,32.4,58.2
2026-02-14 02:08:30,CSMT,Rain,0.55,4.14,1.4,36.3,76.8
2026-06-10 04:58:52,CSMT,Fog,0.58,4.7,0.5,23.4,93.3
2026-02-06 22:48:10,CSMT,Rain,0.17,7.82,21.0,41.8,42.3
2026-04-18 07:21:57,CSMT,Clear,0.08,9.34,0.5,3.5,63.0
2026-03-05 14:23:12,CSMT,Fog,0.42,6.61,0.8,19.9,56.9
2026-06-03 18:15:12,CSMT,Clear,0.27,8.4,0.4,23.4,77.3
2026-06-10 04:30:30,CSMT,Fog,0.66,4.93,0.1,21.2,97.2
2026-03-29 00:41:08,CSMT,Clear,0.15,9.0,0.1,30.2,83.9
2026-05-20 16:12:17,CSMT,Clear,0.27,7.35,0.9,38.6,56.6
2026-02-27 03:44:55,CSMT,Fog,0.99,0.54,0.0,28.9,77.7
2026-02-28 15:07:40,CSMT,Cloudy,0.24,7.84,1.0,24.3,66.4
2026-01-06 15:40:07,CSMT,Clear,0.3,7.65,0.8,36.4,60.2
2026-04-03 15:48:21,CSMT,Clear,0.3,7.31,0.3,9.7,50.3
2026-04-14 01:55:09,CSMT,Clear,0.36,6.9,1.0,29.5,50.0
2026-06-20 09:49:53,CSMT,Clear,0.2,8.29,0.3,26.3,46.7
2026-03-17 02:03:47,CSMT,Clear,0.26,7.41,0.1,22.3,42.3
2026-04-07 11:01:11,CSMT,Clear,0.18,8.61,0.2,24.7,81.4
2026-02-26 22:01:37,CSMT,Clear,0.21,7.63,0.5,21.4,54.5
2026-02-04 03:36:00,CSMT,Cloudy,0.12,8.8,0.2,4.8,52.3
2026-03-15 01:53:54,CSMT,Clear,0.3,7.42,0.7,35.9,59.2
2026-05-24 20:06:30,CSMT,Clear,0.37,6.41,1.3,12.6,40.9
2026-03-31 00:50:15,CSMT,Rain,0.28,6.03,7.1,19.2,79.6
2026-03-29 21:15:32,CSMT,Clear,0.2,7.82,0.6,18.0,58.5
2026-01-07 00:45:09,CSMT,Fog,0.46,5.59,0.8,24.8,74.8
2026-03-19 17:20:25,CSMT,Rain,0.24,7.55,10.6,45.6,86.0
2026-04-11 20:58:20,CSMT,Cloudy,0.32,7.41,0.4,22.7,79.5
2026-01-07 12:59:22,CSMT,Clear,0.52,6.22,1.1,22.5,78.6
2026-06-05 16:10:33,CSMT,Clear,0.13,9.73,0.0,16.4,92.0
2026-05-23 10:53:17,CSMT,Clear,0.22,9.06,1.5,27.1,59.8
2026-06-04 15:07:48,CSMT,Clear,0.12,8.79,0.0,20.5,63.8
2026-01-12 18:35:27,CSMT,Clear,0.31,7.66,1.0,28.0,100.0
2026-04-24 23:14:45,CSMT,Cloudy,0.37,6.58,0.4,15.5,39.5
2026-03-27 16:47:56,CSMT,Fog,0.9,2.62,1.2,30.7,42.2
2026-04-04 09:58:27,CSMT,Clear,0.06,9.78,0.6,23.0,74.7
2026-03-24 10:38:37,CSMT,Cloudy,0.15,9.16,0.2,26.1,65.7
2026-03-21 11:21:37,CSMT,Cloudy,0.29,7.29,0.3,15.7,60.3
2026-01-01 23:29:05,CSMT,Cloudy,0.25,8.08,0.5,23.9,65.3
2026-04-20 12:04:37,CSMT,Cloudy,0.19,8.31,0.2,15.9,72.2
2026-03-06 20:20:54,CSMT,Clear,0.24,7.64,1.4,23.4,90.0
2026-03-10 16:51:44,CSMT,Cloudy,0.28,6.96,1.3,32.9,59.7
2026-05-19 01:02:31,CSMT,Cloudy,0.41,7.73,0.1,15.3,63.4
2026-03-15 11:44:38,CSMT,Fog,0.87,2.58,1.0,15.4,65.9
2026-03-04 11:51:56,CSMT,Cloudy,0.55,4.72,0.0,14.9,57.1
2026-04-19 11:04:47,CSMT,Clear,0.19,8.57,1.0,24.7,83.9
2026-02-05 05:23:32,CSMT,Clear,0.27,7.21,1.5,25.5,54.5
2026-01-22 23:39:30,CSMT,Clear,0.18,9.07,0.7,13.6,100.0
2026-04-03 10:34:27,CSMT,Clear,0.15,8.33,1.3,29.3,67.5
2026-05-05 06:15:56,CSMT,Clear,0.12,8.94,0.9,45.4,77.4
2026-06-10 05:46:03,CSMT,Clear,0.02,9.79,1.2,20.1,78.8
2026-06-25 10:36:18,CSMT,Clear,0.45,6.09,0.3,15.0,75.0
2026-01-06 09:18:20,CSMT,Rain,0.31,5.66,3.4,25.8,69.4
2026-02-05 01:35:51,CSMT,Cloudy,0.07,9.44,0.6,25.0,23.5
2026-05-24 04:50:40,CSMT,Cloudy,0.04,9.59,0.9,3.9,52.0
2026-06-06 12:59:33,CSMT,Cloudy,0.08,9.34,1.4,32.9,58.9
2026-06-29 15:33:19,CSMT,Rain,0.42,4.47,13.4,21.1,68.0
2026-04-11 18:17:18,CSMT,Clear,0.2,7.1,1.3,23.3,84.0
2026-01-31 21:22:17,CSMT,Rain,0.07,8.32,1.5,23.3,80.6
2026-05-30 08:46:13,CSMT,Clear,0.34,8.36,0.4,34.2,77.0
2026-04-20 06:18:42,CSMT,Clear,0.17,9.66,1.2,20.7,64.3
2026-01-05 12:13:54,CSMT,Clear,0.09,9.55,1.4,27.5,90.6
2026-05-01 01:18:01,CSMT,Clear,0.34,7.66,0.1,14.0,69.4
2026-06-22 10:49:46,CSMT,Clear,0.42,6.48,0.5,37.0,60.8
2026-01-10 02:46:57,CSMT,Rain,0.37,6.28,23.6,26.8,38.3
2026-03-30 04:03:06,CSMT,Cloudy,0.46,6.11,0.3,28.7,48.5
2026-03-09 21:17:36,CSMT,Fog,0.59,4.83,0.8,31.3,77.4
2026-02-10 03:56:59,CSMT,Clear,0.42,6.96,0.0,28.3,39.3
2026-02-15 08:43:37,CSMT,Cloudy,0.21,8.41,1.3,13.5,77.1
2026-03-09 12:46:49,CSMT,Rain,0.27,7.04,8.1,31.2,95.3
2026-04-30 10:59:58,CSMT,Clear,0.24,7.53,0.6,19.3,100.0
2026-06-21 18:06:17,CSMT,Rain,0.25,7.23,12.8,30.8,55.5
2026-01-18 22:04:38,CSMT,Clear,0.22,7.44,0.7,21.3,50.0
2026-03-17 01:29:31,CSMT,Clear,0.3,7.18,1.3,21.5,47.7
2026-04-03 13:46:38,CSMT,Cloudy,0.18,8.19,1.3,16.6,71.5
2026-04-15 10:12:38,CSMT,Clear,0.34,7.43,1.1,24.4,81.8
2026-01-17 10:17:42,CSMT,Fog,1.0,1.44,1.5,20.6,63.6
2026-03-19 10:27:26,CSMT,Clear,0.18,9.02,0.8,12.8,81.4
2026-01-26 12:32:45,CSMT,Rain,0.1,7.39,2.7,27.4,87.1
2026-01-26 15:51:24,CSMT,Clear,0.16,9.09,1.1,25.2,73.0
2026-02-24 15:41:59,CSMT,Rain,0.27,6.06,7.5,14.3,51.6
2026-03-04 11:57:22,CSMT,Clear,0.61,4.7,0.5,28.0,62.5
2026-01-28 09:42:47,CSMT,Clear,0.64,4.82,0.5,40.0,72.7
2026-03-12 14:08:54,CSMT,Clear,0.36,6.86,0.9,24.8,83.0
2026-04-23 18:24:58,CSMT,Fog,0.93,1.48,0.9,0.7,60.4
2026-04-16 03:20:36,CSMT,Cloudy,0.25,7.84,1.0,24.6,63.4
2026-01-14 09:20:12,CSMT,Clear,0.16,8.4,1.4,12.8,68.7
2026-03-27 22:54:48,CSMT,Cloudy,0.23,7.8,0.6,23.7,89.8
2026-04-30 19:02:29,CSMT,Cloudy,0.09,9.1,1.2,23.9,72.6
2026-06-09 03:15:35,CSMT,Cloudy,0.2,8.34,0.0,25.7,96.8
2026-03-26 08:46:47,CSMT,Rain,0.2,6.7,3.1,15.8,50.9
2026-03-25 15:23:15,CSMT,Rain,0.67,3.18,4.0,25.7,60.9
2026-02-19 12:17:37,CSMT,Clear,0.18,8.59,0.3,16.6,20.0
2026-04-04 02:41:01,CSMT,Clear,0.21,9.03,0.2,39.1,63.9
2026-02-18 09:58:38,CSMT,Clear,0.07,9.43,1.1,13.0,57.2
2026-06-26 17:56:47,CSMT,Clear,0.78,3.44,0.7,22.0,79.2
2026-05-05 11:56:28,CSMT,Rain,0.12,7.6,1.9,26.8,59.2
2026-04-20 19:13:50,CSMT,Fog,0.62,4.82,0.3,24.3,74.1
2026-05-22 20:18:23,CSMT,Fog,0.47,6.31,1.1,-0.3,63.4
2026-04-16 14:45:36,CSMT,Rain,0.16,8.0,4.3,20.4,80.0
2026-06-24 05:20:03,CSMT,Cloudy,0.47,5.22,1.1,19.2,58.7
2026-05-31 09:54:45,CSMT,Clear,0.62,5.3,0.3,26.9,66.8
2026-01-19 15:21:37,CSMT,Rain,0.03,8.43,8.1,25.0,93.9
2026-06-30 13:32:29,CSMT,Cloudy,0.16,9.76,0.8,18.1,85.2
2026-02-01 15:27:21,CSMT,Clear,0.47,5.51,1.4,29.6,67.5
2026-04-16 22:36:16,CSMT,Clear,0.69,3.07,0.1,32.0,57.3
2026-01-17 01:18:54,CSMT,Clear,0.04,9.56,0.5,18.6,35.4
2026-06-22 03:22:24,CSMT,Cloudy,0.21,8.01,0.2,26.4,100.0
2026-03-06 14:15:16,CSMT,Clear,0.66,4.0,0.3,27.1,78.1
2026-02-05 14:40:30,CSMT,Cloudy,0.37,5.98,0.6,14.5,70.9
2026-06-16 12:14:22,CSMT,Clear,0.48,6.12,0.1,13.6,74.2
2026-02-23 04:01:40,CSMT,Clear,0.06,9.19,1.3,7.9,46.0
2026-01-26 18:51:10,CSMT,Rain,0.19,7.38,21.0,20.4,65.9
2026-01-02 07:22:36,CSMT,Clear,0.61,4.47,0.1,36.8,66.0
2026-03-28 20:26:15,CSMT,Clear,0.2,8.01,0.2,19.4,63.5
2026-05-09 16:10:21,CSMT,Cloudy,0.45,6.68,1.0,18.9,47.1
2026-04-01 15:15:32,CSMT,Clear,0.48,5.66,1.1,29.6,62.2
2026-02-03 07:08:06,CSMT,Rain,0.44,4.38,18.8,21.3,74.3
2026-03-25 04:18:36,CSMT,Fog,0.44,5.86,1.2,22.8,60.1
2026-04-27 03:45:10,CSMT,Clear,0.2,7.47,0.4,33.9,55.2
2026-02-11 12:55:56,CSMT,Rain,0.44,5.3,13.2,16.6,100.0
2026-02-18 19:44:31,CSMT,Cloudy,0.38,6.12,0.1,31.1,85.2
2026-04-27 16:18:43,CSMT,Cloudy,0.65,5.05,0.8,23.1,100.0
2026-02-12 10:48:01,CSMT,Clear,0.12,8.95,0.1,26.7,74.5
2026-01-03 10:17:41,CSMT,Cloudy,0.09,9.06,0.8,18.9,86.5
2026-01-29 13:44:44,CSMT,Clear,0.3,7.74,0.9,19.7,73.2
2026-02-20 08:21:30,CSMT,Clear,0.24,8.14,0.6,18.0,33.8
2026-01-21 01:10:13,CSMT,Clear,0.25,7.84,1.1,10.7,68.2
2026-02-12 22:39:22,CSMT,Rain,0.24,6.76,23.3,14.3,87.7
2026-04-04 15:27:54,CSMT,Clear,0.44,6.23,0.5,19.9,51.5
2026-01-27 20:35:29,CSMT,Clear,0.2,8.37,0.6,27.3,61.5
2026-06-02 09:20:45,CSMT,Fog,0.63,4.98,0.3,20.3,64.6
2026-02-22 06:54:53,CSMT,Fog,0.47,5.51,1.1,17.6,74.8
2026-03-15 08:39:42,CSMT,Clear,0.18,8.6,1.2,23.9,53.6
2026-02-17 14:25:21,CSMT,Cloudy,0.34,6.45,0.8,26.9,62.5
2026-01-20 10:35:12,CSMT,Rain,0.44,4.98,7.2,21.3,29.4
2026-01-31 17:22:54,CSMT,Clear,0.09,9.37,0.2,37.6,89.8
2026-05-25 09:21:10,CSMT,Rain,0.02,8.87,6.6,18.3,60.2
2026-03-08 17:14:51,CSMT,Clear,0.1,9.02,0.4,17.0,68.2
2026-03-30 07:52:00,CSMT,Cloudy,0.37,6.29,0.5,23.4,59.8
2026-05-09 09:31:44,CSMT,Cloudy,0.12,8.48,1.5,25.9,70.8
2026-05-31 07:41:12,CSMT,Clear,0.15,8.71,0.4,26.4,63.4
2026-05-04 02:44:54,CSMT,Rain,0.34,6.28,3.1,6.8,60.7
2026-06-10 17:24:04,CSMT,Cloudy,0.11,9.03,1.3,19.4,65.0
2026-03-26 07:13:24,CSMT,Cloudy,0.45,5.56,0.2,32.7,66.7
2026-01-17 23:02:23,CSMT,Clear,0.51,4.7,0.4,26.4,98.2
2026-03-19 12:45:47,CSMT,Clear,0.26,7.52,0.1,17.8,54.0
2026-06-17 09:58:14,CSMT,Clear,0.14,8.86,1.0,27.7,65.1
2026-03-01 17:06:37,CSMT,Fog,0.6,4.7,0.7,16.3,78.3
2026-02-12 17:22:18,CSMT,Clear,0.26,8.65,0.7,13.1,69.3
2026-05-17 08:54:39,CSMT,Cloudy,0.08,9.06,1.2,44.0,84.1
2026-03-31 01:57:54,CSMT,Clear,0.18,8.33,1.5,24.1,49.4
2026-04-08 14:13:11,CSMT,Clear,0.2,7.8,1.0,31.7,60.3
2026-02-05 15:15:59,CSMT,Clear,0.13,9.66,0.7,23.3,83.2
2026-05-30 07:52:54,CSMT,Clear,0.08,8.52,0.9,15.8,49.5
2026-05-15 23:56:12,CSMT,Cloudy,0.49,5.38,0.1,27.7,72.6
2026-05-22 14:52:22,CSMT,Clear,0.42,7.15,1.2,23.8,69.6
2026-01-01 09:06:04,CSMT,Clear,0.16,8.36,0.4,26.5,77.8
2026-05-18 01:27:24,CSMT,Clear,0.31,6.93,1.3,36.0,64.1
2026-02-07 06:26:30,CSMT,Clear,0.26,8.17,1.2,16.0,47.4
2026-03-25 14:14:32,CSMT,Clear,0.11,9.26,0.7,23.4,41.9
2026-03-31 08:54:12,CSMT,Fog,0.51,4.59,0.2,28.9,77.2
2026-05-28 21:00:18,CSMT,Clear,0.24,6.84,0.0,20.0,65.9
2026-01-18 01:34:12,CSMT,Rain,0.25,7.1,10.6,20.9,86.3
2026-04-14 23:29:44,CSMT,Clear,0.46,6.34,1.3,21.9,50.6
2026-06-20 09:47:44,CSMT,Fog,0.7,3.67,1.3,23.8,75.0
2026-06-10 14:16:36,CSMT,Fog,0.57,4.99,1.3,25.1,70.9
2026-01-19 22:13:59,CSMT,Clear,0.25,7.19,1.2,32.8,42.6
2026-05-22 02:42:24,CSMT,Rain,0.3,6.91,9.7,20.2,35.2
2026-05-15 13:52:38,CSMT,Fog,0.88,3.08,0.3,23.1,75.8
2026-03-27 08:29:43,CSMT,Fog,0.49,6.18,0.6,26.6,80.6
2026-06-05 12:06:47,CSMT,Clear,0.21,8.36,1.3,22.5,73.5
2026-01-02 23:05:59,CSMT,Clear,0.27,7.62,0.2,23.0,38.4
2026-03-19 18:06:49,CSMT,Fog,0.39,6.81,1.0,19.5,75.7
2026-04-10 23:53:56,CSMT,Clear,0.24,7.71,0.4,16.7,77.4
2026-04-22 11:51:29,CSMT,Rain,0.73,2.81,13.7,23.8,97.6
2026-06-10 07:33:56,CSMT,Clear,0.35,6.64,0.1,24.4,83.1
2026-04-26 22:15:22,CSMT,Rain,0.39,5.53,6.9,17.1,36.3
2026-03-04 04:10:14,CSMT,Cloudy,0.1,8.75,1.5,27.7,58.0
2026-05-15 03:56:45,CSMT,Clear,0.14,8.63,1.0,20.8,62.5
2026-05-26 23:37:11,CSMT,Clear,0.34,7.01,0.9,23.3,63.3
2026-02-24 13:12:25,CSMT,Cloudy,0.23,7.73,1.4,7.1,22.6
2026-01-19 15:56:01,CSMT,Clear,0.28,8.08,0.1,25.0,45.8
2026-04-20 20:47:10,CSMT,Rain,0.25,6.32,14.2,39.0,61.8
2026-06-22 18:22:05,CSMT,Rain,0.18,7.16,9.1,18.2,20.0
2026-01-14 15:49:37,CSMT,Fog,0.79,3.35,1.3,34.0,65.2
2026-03-15 05:14:45,CSMT,Cloudy,0.35,6.86,1.1,17.9,86.1
2026-05-08 17:17:36,CSMT,Clear,0.08,9.32,0.7,13.0,81.1
2026-03-30 10:10:35,CSMT,Rain,0.62,3.07,2.5,24.6,62.2
2026-03-08 12:23:17,CSMT,Clear,0.33,7.01,0.5,31.3,64.5
2026-01-13 21:36:53,CSMT,Rain,0.09,8.29,10.7,30.2,71.4
2026-02-17 03:43:01,CSMT,Fog,0.74,3.8,0.1,21.8,91.7
2026-06-05 07:57:55,CSMT,Clear,0.36,7.49,1.1,20.3,40.0
2026-01-28 16:40:54,CSMT,Clear,0.26,8.36,0.6,22.0,88.3
2026-03-04 17:04:29,CSMT,Clear,0.33,6.5,1.3,13.1,87.3
2026-04-22 12:59:41,CSMT,Rain,0.11,8.04,8.1,23.7,68.1
2026-01-30 14:32:08,CSMT,Fog,0.95,1.48,0.3,23.0,70.7
2026-05-27 16:55:51,CSMT,Clear,0.14,8.8,0.3,26.1,73.2
2026-03-06 20:48:35,CSMT,Clear,0.06,9.83,1.2,17.9,64.8
2026-05-18 14:56:18,CSMT,Rain,0.16,6.54,6.2,33.5,60.9
2026-05-18 17:41:28,CSMT,Clear,0.04,10.69,1.3,19.0,39.4
2026-05-13 23:40:37,CSMT,Clear,0.22,8.11,1.4,15.5,53.2
2026-05-08 09:22:07,CSMT,Clear,0.22,8.22,1.5,20.8,77.7
2026-02-02 14:26:39,CSMT,Clear,0.63,4.29,1.1,29.2,88.2
2026-01-06 06:54:00,CSMT,Cloudy,0.02,9.39,0.3,27.1,68.1
2026-03-26 23:27:53,CSMT,Rain,0.15,7.89,11.0,35.0,64.2
2026-05-23 11:14:13,CSMT,Clear,0.45,5.44,0.4,0.7,78.7
2026-01-14 19:35:48,CSMT,Clear,0.14,8.83,0.4,24.2,99.0
2026-03-27 15:32:52,CSMT,Clear,0.23,8.15,1.2,20.1,22.2
2026-04-10 20:46:34,CSMT,Rain,0.15,7.86,4.2,21.5,58.0
2026-01-07 00:17:29,CSMT,Cloudy,0.51,5.85,1.5,31.1,66.6
2026-01-18 04:21:39,CSMT,Clear,0.48,4.9,0.5,15.4,43.8
2026-05-27 15:14:30,CSMT,Clear,0.37,7.3,0.8,22.4,68.6
2026-05-07 01:10:23,CSMT,Clear,0.25,8.27,0.8,25.8,68.6
2026-03-19 03:28:54,CSMT,Cloudy,0.18,8.18,0.4,28.5,73.3
2026-02-21 03:08:32,CSMT,Fog,0.83,4.03,0.4,27.7,67.4
2026-02-28 19:30:58,CSMT,Fog,0.56,5.09,0.5,19.0,71.1
2026-06-05 10:02:24,CSMT,Clear,0.19,8.54,0.3,22.9,100.0
2026-06-21 23:33:28,CSMT,Rain,0.35,6.01,9.0,21.2,100.0
2026-06-05 06:35:10,CSMT,Clear,0.57,5.24,0.9,26.3,50.2
2026-03-31 10:13:02,CSMT,Clear,0.09,9.29,0.5,37.6,43.5
2026-06-07 08:40:31,CSMT,Fog,0.8,3.28,0.6,33.0,58.1
2026-06-28 12:32:16,CSMT,Fog,0.89,2.34,1.2,20.8,83.2
2026-04-02 09:06:09,CSMT,Clear,0.08,8.84,0.4,21.3,59.5
2026-05-03 01:43:33,CSMT,Fog,0.6,5.09,0.8,30.1,56.3
2026-01-28 23:50:41,CSMT,Clear,0.22,8.26,0.5,16.0,84.4
2026-05-23 21:05:08,CSMT,Clear,0.09,10.0,0.7,30.1,49.6
2026-04-07 14:19:51,CSMT,Fog,0.75,3.95,1.5,27.8,61.5
2026-06-13 01:04:19,CSMT,Cloudy,0.07,9.87,0.5,26.6,58.3
2026-06-15 18:21:23,CSMT,Clear,0.28,7.68,1.4,24.3,68.6
2026-03-12 03:32:58,CSMT,Clear,0.22,7.75,1.3,30.3,69.0
2026-06-10 07:22:53,CSMT,Clear,0.19,9.22,0.9,28.4,72.7
2026-03-24 13:10:01,CSMT,Clear,0.21,7.72,0.2,23.6,61.1
2026-06-27 04:49:06,CSMT,Cloudy,0.35,7.27,0.4,21.4,72.3
2026-05-20 06:36:54,CSMT,Clear,0.18,7.42,1.3,21.8,76.9
2026-01-29 09:51:36,CSMT,Fog,0.51,5.89,0.7,33.8,84.3
2026-04-03 20:52:53,CSMT,Cloudy,0.23,7.01,0.2,27.2,60.4
2026-01-18 08:30:03,CSMT,Clear,0.36,7.07,0.4,15.4,88.9
2026-02-09 00:00:55,CSMT,Clear,0.41,6.59,1.1,31.3,46.8
2026-02-15 04:39:24,CSMT,Clear,0.46,5.94,0.0,24.2,59.5
2026-03-31 21:51:26,CSMT,Fog,0.55,5.11,0.4,16.7,46.5
2026-05-28 13:54:25,CSMT,Clear,0.12,8.54,0.3,19.4,54.2
2026-05-14 23:24:08,CSMT,Clear,0.2,8.68,0.2,29.0,74.6
2026-05-05 05:11:05,CSMT,Clear,0.31,7.23,1.1,26.1,81.8
2026-02-27 05:34:41,CSMT,Fog,0.49,5.62,1.1,25.6,92.3
2026-02-18 19:07:05,CSMT,Clear,0.59,4.94,1.3,48.4,72.2
2026-03-16 12:42:10,CSMT,Clear,0.25,7.36,0.4,30.4,84.5
2026-01-11 17:40:50,CSMT,Clear,0.2,8.8,0.7,22.0,61.1
2026-04-07 19:39:11,CSMT,Clear,0.5,6.06,0.8,23.2,65.8
2026-06-06 09:32:29,CSMT,Clear,0.37,6.57,1.0,37.0,50.5
2026-06-28 00:27:07,CSMT,Clear,0.04,10.14,1.5,20.6,100.0
2026-01-03 01:20:55,CSMT,Clear,0.31,7.77,0.2,39.2,67.2
2026-05-28 09:10:16,CSMT,Cloudy,0.51,5.12,1.4,31.8,68.7
2026-05-31 12:18:36,CSMT,Clear,0.28,8.19,1.4,17.5,100.0
2026-03-18 01:34:19,CSMT,Clear,0.08,9.23,0.7,21.7,57.9
2026-05-05 16:27:04,CSMT,Fog,0.41,6.19,0.3,27.1,82.7
2026-03-07 12:06:52,CSMT,Clear,0.14,9.8,0.4,33.7,65.5
2026-06-24 01:38:52,CSMT,Clear,0.1,9.12,1.3,32.6,71.5
2026-06-30 02:44:32,CSMT,Clear,0.36,7.37,1.2,27.7,44.0
2026-04-18 01:07:57,CSMT,Cloudy,0.3,7.49,0.2,10.6,56.7
2026-02-22 04:29:00,CSMT,Cloudy,0.15,8.75,0.3,11.9,65.2
2026-04-10 20:47:46,CSMT,Clear,0.44,6.25,0.2,21.7,82.5
2026-05-03 22:04:05,CSMT,Clear,0.45,5.96,0.1,30.3,92.5
2026-02-21 16:31:45,CSMT,Clear,0.25,7.86,0.8,23.0,73.2
2026-03-12 12:49:04,CSMT,Cloudy,0.06,9.15,1.3,22.1,66.5
2026-01-30 18:40:02,CSMT,Fog,0.51,5.38,0.1,19.5,63.0
2026-03-16 10:36:55,CSMT,Fog,0.65,4.46,1.2,14.7,85.8
2026-03-01 15:51:18,CSMT,Clear,0.28,7.75,0.6,22.7,45.0
2026-06-22 17:20:55,CSMT,Clear,0.22,8.02,1.2,28.4,55.7
2026-03-31 20:34:52,CSMT,Cloudy,0.19,8.49,0.6,31.6,67.4
2026-06-04 13:43:38,CSMT,Cloudy,0.28,7.29,0.7,10.5,76.0
2026-06-05 17:41:40,CSMT,Clear,0.13,7.89,0.3,10.2,48.6
2026-06-14 03:10:20,CSMT,Clear,0.43,6.48,1.5,24.8,100.0
2026-04-29 12:58:59,CSMT,Rain,0.2,7.24,6.8,29.4,33.3
2026-05-12 17:00:15,CSMT,Clear,0.48,5.63,1.2,19.3,32.5
2026-04-11 09:56:40,CSMT,Fog,0.75,3.96,0.5,28.7,63.2
2026-03-10 18:39:16,CSMT,Cloudy,0.31,6.92,0.9,32.4,80.9
2026-06-27 04:35:51,CSMT,Rain,0.24,6.58,9.0,26.5,67.1
2026-04-01 21:20:40,CSMT,Rain,0.19,7.11,2.0,26.1,86.6
2026-04-28 05:46:50,CSMT,Clear,0.75,3.05,0.5,30.2,89.2
2026-03-21 12:13:46,CSMT,Cloudy,0.12,7.74,0.8,40.7,53.9
2026-03-02 04:37:42,CSMT,Fog,0.44,5.73,1.5,20.1,73.6
2026-03-12 03:06:18,CSMT,Cloudy,0.19,8.2,0.3,7.2,59.7
2026-05-28 22:54:22,CSMT,Clear,0.16,8.49,0.9,13.7,62.0
2026-01-28 20:22:04,CSMT,Clear,0.39,6.59,0.4,32.2,85.2
2026-04-15 18:11:04,CSMT,Clear,0.36,6.83,1.4,30.4,44.6
2026-02-10 04:54:44,CSMT,Rain,0.12,7.38,9.3,31.0,62.3
2026-05-09 09:39:45,CSMT,Rain,0.34,5.89,6.3,30.8,90.1
2026-06-04 02:37:33,CSMT,Cloudy,0.41,6.67,0.9,21.2,81.3
2026-02-13 15:13:30,CSMT,Clear,0.03,10.3,1.1,36.3,73.8
2026-05-15 18:49:15,CSMT,Clear,0.07,9.24,0.5,11.3,96.5
2026-05-24 08:02:19,CSMT,Clear,0.25,7.71,0.2,32.1,95.3
2026-01-28 21:49:04,CSMT,Fog,0.73,3.78,1.0,39.4,82.1
2026-04-09 13:13:01,CSMT,Rain,0.19,7.26,8.0,30.1,46.3
2026-01-10 14:05:00,CSMT,Clear,0.48,6.56,1.5,27.3,82.4
2026-01-25 13:17:33,CSMT,Rain,0.35,6.19,5.4,22.1,97.2
2026-04-23 19:24:42,CSMT,Cloudy,0.29,7.9,0.3,18.0,46.7
2026-01-20 14:23:14,CSMT,Clear,0.49,5.9,0.0,13.0,79.0
2026-05-10 22:22:28,CSMT,Fog,0.6,4.31,0.3,22.8,84.5
2026-05-24 21:10:26,CSMT,Clear,0.33,6.98,1.2,22.0,71.1
2026-06-29 02:07:11,CSMT,Fog,0.54,5.28,0.4,21.1,100.0
2026-03-08 06:17:04,CSMT,Clear,0.66,4.15,1.1,20.5,88.1
2026-01-19 23:10:22,CSMT,Clear,0.07,9.2,1.4,23.7,53.8
2026-03-06 21:30:03,CSMT,Clear,0.19,8.71,1.2,34.6,56.7
2026-03-17 22:55:36,CSMT,Fog,0.41,6.94,0.9,38.2,44.9
2026-01-02 07:54:18,CSMT,Clear,0.56,5.52,1.3,24.9,93.0
2026-01-24 23:53:17,CSMT,Clear,0.2,8.13,0.5,16.2,98.9
2026-06-23 06:05:14,CSMT,Cloudy,0.71,3.36,0.7,29.2,98.3
2026-06-05 23:03:08,CSMT,Clear,0.16,9.09,1.2,18.3,75.8
2026-02-03 07:23:11,CSMT,Clear,0.3,7.64,0.6,21.4,65.7
2026-06-07 15:37:37,CSMT,Clear,0.39,6.17,0.9,31.1,60.3
2026-02-28 05:05:24,CSMT,Clear,0.31,7.63,0.8,25.9,77.8
2026-01-09 13:32:44,CSMT,Clear,0.81,2.69,1.0,30.8,79.8
2026-06-23 19:28:29,CSMT,Rain,0.22,7.49,13.3,27.2,63.4
2026-04-26 10:18:42,CSMT,Clear,0.61,4.64,0.0,26.9,81.3
2026-01-07 21:58:56,CSMT,Clear,0.2,8.57,0.7,34.7,71.5
2026-03-26 03:15:19,CSMT,Clear,0.31,7.99,0.6,30.5,74.6
2026-02-09 13:21:10,CSMT,Rain,0.37,5.78,4.9,15.6,72.8
2026-02-05 05:52:15,CSMT,Clear,0.05,10.66,0.3,35.5,47.7
2026-01-15 14:18:19,CSMT,Cloudy,0.18,8.76,0.6,37.1,41.7
2026-01-01 01:28:54,CSMT,Fog,0.79,3.59,1.5,23.9,85.1
2026-04-28 22:50:11,CSMT,Clear,0.42,6.56,1.3,32.5,65.5
2026-01-26 09:04:49,CSMT,Clear,0.46,5.99,0.3,27.7,100.0
2026-05-22 17:25:15,CSMT,Fog,0.77,3.67,0.5,13.4,66.6
2026-02-11 09:51:24,CSMT,Clear,0.32,6.91,0.8,26.3,48.1
2026-02-06 21:32:34,CSMT,Rain,0.28,6.62,10.0,25.2,65.6
2026-04-07 07:59:09,CSMT,Clear,0.28,7.37,1.2,25.0,74.8
2026-03-05 15:36:33,CSMT,Cloudy,0.32,7.4,0.3,21.5,82.9
2026-02-02 07:03:04,CSMT,Cloudy,0.24,7.38,1.2,17.1,77.3
2026-04-14 20:06:53,CSMT,Cloudy,0.51,4.16,1.1,23.0,93.1
2026-01-10 16:00:16,CSMT,Cloudy,0.37,7.11,1.4,23.4,91.8
2026-05-26 06:59:24,CSMT,Fog,0.85,2.99,1.4,16.7,62.1
2026-01-22 05:19:41,CSMT,Cloudy,0.08,8.84,1.3,24.7,88.1
2026-03-19 08:22:46,CSMT,Cloudy,0.03,10.38,1.0,28.5,60.1
2026-03-26 00:16:24,CSMT,Cloudy,0.33,7.74,1.4,17.3,84.7
2026-05-30 00:42:44,CSMT,Fog,0.88,1.44,0.5,25.5,61.0
2026-05-07 01:30:00,CSMT,Clear,0.29,7.25,0.2,30.8,62.4
2026-05-10 20:29:42,CSMT,Cloudy,0.71,4.5,0.1,9.9,75.9
2026-05-13 01:40:27,CSMT,Rain,0.11,7.93,10.7,30.6,81.9
2026-05-20 11:39:03,CSMT,Cloudy,0.48,5.92,1.2,13.9,32.9
2026-01-07 06:37:09,CSMT,Cloudy,0.34,8.16,1.1,37.6,72.0
2026-01-12 12:16:09,CSMT,Cloudy,0.3,7.95,0.9,41.1,76.8
2026-05-11 06:25:19,CSMT,Rain,0.55,2.82,7.8,22.0,69.7
2026-02-12 21:41:28,CSMT,Rain,0.58,3.76,3.5,16.3,54.5
2026-01-06 16:41:56,CSMT,Clear,0.41,6.07,0.7,37.4,93.9
2026-05-24 18:49:06,CSMT,Clear,0.54,6.03,1.2,25.0,54.1
2026-04-07 15:06:30,CSMT,Cloudy,0.59,5.29,0.8,18.5,48.7
2026-04-06 22:26:37,CSMT,Cloudy,0.06,10.34,0.2,34.1,33.0
2026-03-11 00:11:34,CSMT,Clear,0.17,9.14,1.4,17.6,61.9
2026-04-28 20:29:40,CSMT,Clear,0.12,9.37,0.5,33.0,94.6
2026-01-02 11:08:49,CSMT,Cloudy,0.51,5.55,0.1,19.4,90.2
2026-05-14 12:45:34,CSMT,Rain,0.35,6.09,14.0,13.9,64.0
2026-01-04 19:45:05,CSMT,Clear,0.41,6.73,1.1,21.5,70.3
2026-03-20 13:44:09,CSMT,Clear,0.13,8.66,0.5,33.2,62.5
2026-04-27 09:05:12,CSMT,Clear,0.14,9.26,1.0,23.1,41.7
2026-06-22 22:37:26,CSMT,Clear,0.61,5.95,1.5,15.2,62.0
2026-02-17 10:15:14,CSMT,Clear,0.32,7.13,0.7,24.1,54.4
2026-05-22 11:38:33,CSMT,Clear,0.37,7.27,0.3,23.7,100.0
2026-06-26 17:44:39,CSMT,Clear,0.59,4.96,1.3,20.2,48.0
2026-03-23 11:40:06,CSMT,Clear,0.46,5.55,0.8,29.8,65.8
2026-03-22 07:00:41,CSMT,Clear,0.16,9.04,1.2,36.0,57.0
2026-02-10 22:10:30,CSMT,Clear,0.21,7.99,1.2,26.6,41.9
2026-01-23 00:49:16,CSMT,Cloudy,0.13,8.75,1.2,27.2,58.4
2026-05-20 14:56:59,CSMT,Fog,0.48,5.7,0.1,37.5,86.5
2026-01-04 19:36:43,CSMT,Rain,0.36,5.9,3.5,17.8,81.5
2026-03-05 13:10:08,CSMT,Clear,0.14,8.89,1.4,26.7,72.5
2026-03-28 03:22:48,CSMT,Rain,0.32,7.05,8.1,29.3,64.3
2026-03-01 10:11:59,CSMT,Clear,0.16,8.71,0.4,29.2,66.1
2026-04-23 11:01:41,CSMT,Fog,0.87,3.11,1.0,27.9,71.5
2026-05-14 21:03:28,CSMT,Clear,0.2,8.52,0.4,20.6,65.4
2026-01-20 00:07:27,CSMT,Clear,0.5,6.6,1.4,31.0,60.5
2026-06-25 14:14:03,CSMT,Clear,0.34,6.68,1.2,14.4,100.0
2026-03-06 05:37:15,CSMT,Clear,0.38,5.62,1.4,21.4,45.0
2026-03-11 10:10:44,CSMT,Clear,0.05,9.39,0.4,33.7,70.0
2026-05-13 00:49:08,CSMT,Clear,0.21,7.92,1.0,29.7,52.9
2026-04-05 02:14:08,CSMT,Cloudy,0.05,9.99,0.3,20.6,51.0
2026-06-04 14:51:55,CSMT,Fog,0.84,3.83,1.2,24.5,79.3
2026-06-27 16:52:36,CSMT,Clear,0.03,9.32,0.2,20.6,48.5
2026-04-11 23:19:33,CSMT,Clear,0.1,9.1,0.7,16.1,45.0
2026-05-16 19:56:03,CSMT,Clear,0.33,7.4,0.2,25.5,69.7
2026-01-28 13:38:11,CSMT,Clear,0.41,7.65,0.9,37.3,57.6
2026-03-11 00:02:06,CSMT,Cloudy,0.3,7.32,1.0,31.5,63.5
2026-04-16 23:28:31,CSMT,Cloudy,0.45,5.9,0.3,33.1,71.8
2026-05-11 02:39:39,CSMT,Fog,0.51,5.16,1.2,24.5,83.5
2026-06-21 04:19:26,CSMT,Cloudy,0.31,7.53,1.4,26.6,51.1
2026-05-24 04:01:54,CSMT,Fog,0.58,5.3,0.9,10.5,82.5
2026-04-28 18:54:57,CSMT,Rain,0.35,5.5,4.6,26.8,82.2
2026-04-27 04:39:30,CSMT,Clear,0.45,7.44,0.4,28.7,79.5
2026-01-07 19:33:11,CSMT,Rain,0.25,6.32,7.7,23.8,71.7
2026-06-10 03:23:48,CSMT,Clear,0.26,7.52,0.9,11.1,53.8
2026-06-16 08:57:55,CSMT,Clear,0.44,6.33,1.0,13.3,59.3
2026-05-26 02:22:30,CSMT,Cloudy,0.33,6.26,0.8,33.8,59.4
2026-05-04 03:29:44,CSMT,Rain,0.27,5.78,2.7,31.4,66.4
2026-03-18 01:29:37,CSMT,Clear,0.18,8.61,0.7,16.5,89.1
2026-02-09 17:26:14,CSMT,Cloudy,0.41,6.31,0.3,28.8,39.9
2026-05-18 01:09:29,CSMT,Cloudy,0.32,7.41,1.4,20.1,80.1
2026-02-10 05:09:14,CSMT,Clear,0.1,8.83,1.3,28.0,83.1
2026-04-18 10:34:56,CSMT,Clear,0.2,9.12,0.7,16.1,55.3
2026-05-27 12:23:54,CSMT,Fog,0.65,4.43,1.5,47.9,90.0
2026-02-15 10:26:03,CSMT,Cloudy,0.15,8.48,1.0,27.2,65.3
2026-03-04 05:28:15,CSMT,Cloudy,0.38,6.58,0.7,38.5,34.1
2026-02-03 12:44:39,CSMT,Fog,0.62,4.62,0.2,21.0,82.8
2026-04-05 06:34:21,CSMT,Clear,0.39,6.33,0.2,32.6,68.4
2026-03-06 13:34:50,CSMT,Clear,0.56,5.56,0.0,24.4,60.3
2026-02-05 00:14:43,CSMT,Cloudy,0.26,6.97,1.1,21.3,30.0
2026-04-07 11:35:12,CSMT,Clear,0.45,6.93,1.0,33.6,59.7
2026-02-23 10:24:08,CSMT,Cloudy,0.12,8.76,0.2,14.4,44.9
2026-03-10 23:21:21,CSMT,Clear,0.24,8.9,1.3,25.3,47.0
2026-06-03 14:25:55,CSMT,Rain,0.19,6.98,11.4,19.0,68.2
2026-06-15 13:15:21,CSMT,Cloudy,0.49,5.98,0.4,20.6,69.0
2026-04-10 15:14:14,CSMT,Cloudy,0.04,9.94,0.6,22.9,68.0
2026-05-14 09:29:33,CSMT,Clear,0.04,9.41,0.7,20.1,65.5
2026-04-08 08:59:57,CSMT,Cloudy,0.33,6.99,1.1,31.3,64.6
2026-03-08 01:09:25,CSMT,Rain,0.33,6.28,16.9,26.5,50.1
2026-05-01 23:16:38,CSMT,Clear,0.19,8.63,0.0,21.5,72.2
2026-02-17 01:49:50,CSMT,Clear,0.19,8.33,0.0,20.4,78.1
2026-05-26 15:17:38,CSMT,Clear,0.59,4.78,1.5,28.7,20.0
2026-02-22 22:13:00,CSMT,Cloudy,0.08,9.47,0.6,23.2,58.1
2026-02-01 08:13:25,CSMT,Clear,0.52,5.67,0.6,18.0,46.4
2026-02-08 18:28:18,CSMT,Fog,0.73,2.86,1.4,20.3,72.2
2026-03-01 23:15:43,CSMT,Clear,0.31,6.09,1.5,18.5,71.0
2026-03-23 07:06:22,CSMT,Cloudy,0.16,8.49,1.2,40.5,27.2
2026-06-02 08:06:44,CSMT,Rain,0.32,5.93,5.0,17.5,65.0
2026-02-04 14:23:29,CSMT,Clear,0.61,4.35,0.9,21.6,53.8
2026-04-29 14:14:33,CSMT,Fog,0.37,6.03,1.1,42.9,50.4
2026-05-25 17:32:06,CSMT,Clear,0.11,9.09,1.0,30.8,69.9
2026-04-23 13:26:32,CSMT,Clear,0.33,8.15,0.1,43.1,96.3
2026-06-30 02:33:17,CSMT,Clear,0.34,7.33,1.4,28.4,82.6
2026-05-06 16:31:33,CSMT,Clear,0.06,10.21,1.4,27.5,87.9
2026-05-04 18:27:43,CSMT,Rain,0.24,6.84,8.0,19.5,63.9
2026-01-07 19:14:50,CSMT,Fog,0.57,5.39,0.3,23.2,70.3
2026-06-15 03:32:02,CSMT,Rain,0.31,6.01,5.7,23.4,73.5
2026-04-03 14:14:55,CSMT,Fog,0.56,5.22,1.1,23.7,43.4
2026-01-26 20:51:23,CSMT,Clear,0.08,9.19,0.0,19.9,71.8
2026-01-12 18:35:34,CSMT,Fog,0.46,5.81,1.3,27.6,92.3
2026-06-21 00:18:31,CSMT,Cloudy,0.59,4.88,0.9,41.1,49.5
2026-05-25 22:11:48,CSMT,Cloudy,0.29,7.18,0.8,27.7,47.1
2026-01-14 22:50:23,CSMT,Clear,0.39,6.78,0.0,45.7,100.0
2026-06-12 20:13:41,CSMT,Cloudy,0.2,7.98,1.4,22.5,94.7
2026-02-28 11:25:14,CSMT,Clear,0.28,7.53,1.1,22.7,67.1
2026-02-21 08:03:17,CSMT,Cloudy,0.47,6.51,1.3,22.2,83.3
2026-02-28 20:29:56,CSMT,Cloudy,0.73,3.3,1.3,20.2,100.0
2026-05-25 15:57:45,CSMT,Clear,0.42,6.32,1.0,20.0,62.6
2026-03-01 04:03:59,CSMT,Cloudy,0.41,6.08,0.9,6.1,66.8
2026-03-07 23:46:23,CSMT,Rain,0.43,5.69,4.9,18.3,53.4
2026-02-22 07:01:09,CSMT,Clear,0.66,4.44,0.3,25.9,92.7
2026-01-29 16:44:40,CSMT,Cloudy,0.09,9.76,0.7,32.8,68.0
2026-03-20 13:53:38,CSMT,Clear,0.26,6.71,1.1,21.4,72.9
2026-05-17 14:37:52,CSMT,Clear,0.45,5.14,1.4,28.0,66.4
2026-05-06 01:46:22,CSMT,Cloudy,0.26,7.08,0.5,20.5,59.5
2026-03-29 18:54:46,CSMT,Clear,0.14,9.01,0.5,25.3,41.0
2026-04-09 13:52:20,CSMT,Clear,0.07,9.23,1.0,30.2,68.1
2026-05-28 13:49:08,CSMT,Cloudy,0.35,5.21,1.2,16.9,84.3
2026-02-18 01:25:52,CSMT,Clear,0.64,4.54,0.9,40.6,98.7
2026-03-04 16:42:29,CSMT,Clear,0.1,9.82,0.1,25.9,36.2
2026-02-04 14:19:08,CSMT,Clear,0.11,8.85,0.7,27.8,63.5
2026-04-28 07:07:19,CSMT,Rain,0.16,6.42,12.1,23.6,72.8
2026-05-08 13:20:08,CSMT,Clear,0.15,8.76,0.9,41.1,86.9
2026-06-08 15:01:50,CSMT,Rain,0.15,7.87,5.7,34.7,45.5
2026-02-23 17:57:48,CSMT,Fog,0.49,5.61,0.2,20.2,93.3
2026-02-20 21:04:56,CSMT,Clear,0.38,7.06,1.5,28.3,74.7
2026-03-22 11:12:48,CSMT,Cloudy,0.42,6.75,0.8,29.9,66.0
2026-04-27 04:16:26,CSMT,Rain,0.48,4.92,12.9,6.4,68.6
2026-01-16 14:35:04,CSMT,Clear,0.37,6.22,0.8,29.9,78.1
2026-03-17 11:03:55,CSMT,Fog,0.77,3.77,0.8,18.9,68.2
2026-05-16 17:24:08,CSMT,Fog,0.44,6.28,1.1,11.1,53.3
2026-06-18 14:35:07,CSMT,Cloudy,0.21,8.33,1.5,21.9,50.7
2026-03-08 13:55:16,CSMT,Clear,0.61,5.35,1.0,31.6,68.4
2026-02-18 23:25:08,CSMT,Clear,0.07,9.37,0.5,23.4,91.9
2026-05-28 08:47:58,CSMT,Rain,0.2,7.0,2.3,23.8,77.3
2026-06-18 09:46:11,CSMT,Clear,0.17,8.61,1.1,19.3,70.8
2026-01-21 03:52:15,CSMT,Clear,0.26,7.65,0.2,26.3,71.0
2026-02-28 03:51:47,CSMT,Fog,0.48,6.63,0.8,21.5,36.1
2026-02-15 06:40:06,CSMT,Clear,0.42,6.93,1.1,22.6,75.5
2026-03-03 08:47:31,CSMT,Clear,0.29,7.15,0.3,40.1,95.8
2026-03-30 14:29:48,CSMT,Cloudy,0.09,8.87,1.3,22.0,58.3
2026-06-12 11:32:51,CSMT,Clear,0.08,8.82,0.1,26.1,86.5
2026-02-17 16:38:57,CSMT,Rain,0.2,6.63,8.7,20.5,74.4
2026-05-29 23:46:45,CSMT,Clear,0.44,6.89,1.0,12.0,92.4
2026-06-29 22:31:24,CSMT,Fog,0.96,2.04,1.2,29.6,79.8
2026-06-18 20:13:35,CSMT,Clear,0.34,6.68,1.0,31.3,67.5
2026-03-29 18:20:11,CSMT,Cloudy,0.15,8.76,0.7,42.1,59.1
2026-02-06 16:28:16,CSMT,Clear,0.63,4.25,0.6,20.8,71.0
2026-05-15 14:11:00,CSMT,Clear,0.27,7.87,1.4,21.4,100.0
2026-03-06 06:52:46,CSMT,Fog,0.76,3.57,1.4,17.3,54.6
2026-03-23 13:07:58,CSMT,Clear,0.31,8.0,1.3,15.5,59.9
2026-01-18 15:12:01,CSMT,Clear,0.65,4.7,1.1,24.5,53.0
2026-01-13 01:37:09,CSMT,Cloudy,0.16,8.77,0.2,23.3,74.8
2026-02-04 02:01:57,CSMT,Fog,0.56,4.99,1.4,29.9,88.5
2026-04-03 04:21:28,CSMT,Cloudy,0.13,8.72,1.3,16.3,75.8
2026-02-24 22:49:44,CSMT,Clear,0.11,9.6,0.3,25.2,77.1
2026-03-15 22:15:30,CSMT,Clear,0.36,6.65,0.4,23.8,98.4
2026-01-10 05:05:44,CSMT,Clear,0.19,8.4,0.3,22.6,72.9
2026-02-16 07:44:25,CSMT,Clear,0.35,7.01,1.3,25.6,59.6
2026-05-28 00:24:36,CSMT,Clear,0.31,6.93,0.4,27.3,67.7
2026-03-20 05:59:53,CSMT,Clear,0.32,7.17,0.9,26.4,57.8
2026-06-14 02:28:12,CSMT,Clear,0.58,5.12,0.1,18.9,79.2
2026-06-10 15:14:16,CSMT,Clear,0.3,7.58,1.3,30.9,91.3
2026-04-13 15:46:23,CSMT,Clear,0.61,5.02,1.4,30.2,93.5
2026-03-01 12:54:46,CSMT,Cloudy,0.6,5.17,0.4,41.0,47.0
2026-05-24 15:40:54,CSMT,Rain,0.52,4.46,8.9,19.1,86.3
2026-02-13 17:55:59,CSMT,Clear,0.2,8.05,1.0,32.9,67.4
2026-05-06 09:52:57,CSMT,Rain,0.53,3.92,2.9,34.4,33.2
2026-03-30 08:14:41,CSMT,Clear,0.12,8.92,1.0,30.4,56.7
2026-01-08 03:43:36,CSMT,Cloudy,0.11,9.63,0.0,39.5,61.6
2026-01-09 15:05:58,CSMT,Fog,0.52,5.17,1.5,20.8,63.5
2026-01-27 19:05:31,CSMT,Clear,0.23,8.04,0.8,17.6,40.3
2026-05-28 22:07:08,CSMT,Clear,0.21,7.83,1.4,18.8,75.8
2026-02-11 14:17:04,CSMT,Cloudy,0.05,9.15,1.4,21.4,89.1
2026-01-03 19:08:44,CSMT,Cloudy,0.45,7.09,0.6,27.6,51.4
2026-05-07 05:24:28,CSMT,Rain,0.17,7.57,2.8,33.8,39.3
2026-02-16 04:39:12,CSMT,Clear,0.35,7.41,0.7,22.2,82.1
2026-06-02 12:23:39,CSMT,Cloudy,0.23,7.8,0.2,24.5,100.0
2026-05-03 00:04:53,CSMT,Clear,0.44,6.43,0.0,23.5,70.6
2026-01-10 13:39:21,CSMT,Fog,0.91,2.68,0.0,19.8,85.3
2026-05-26 10:44:44,CSMT,Cloudy,0.41,6.02,0.2,28.1,86.4
2026-02-20 21:42:12,CSMT,Clear,0.36,6.51,0.0,35.3,67.8
2026-03-05 19:14:47,CSMT,Clear,0.11,9.93,0.3,20.8,59.3
2026-03-06 22:08:00,CSMT,Clear,0.59,5.4,0.8,26.9,70.9
2026-05-01 16:40:16,CSMT,Clear,0.12,9.01,0.6,30.5,68.3
2026-05-19 05:05:08,CSMT,Cloudy,0.33,7.07,1.5,9.2,43.0
2026-05-19 19:46:20,CSMT,Cloudy,0.39,6.06,0.9,24.6,75.3
2026-06-28 16:42:50,CSMT,Clear,0.1,8.64,1.0,19.0,56.6
2026-03-27 13:02:59,CSMT,Fog,0.65,4.35,1.5,22.1,76.8
2026-05-19 17:03:42,CSMT,Fog,0.99,1.06,0.3,38.5,78.6
2026-03-22 02:06:12,CSMT,Clear,0.35,6.8,1.2,36.9,48.0
2026-01-18 01:37:23,CSMT,Fog,0.56,5.19,0.2,30.5,62.9
2026-03-18 13:43:52,CSMT,Clear,0.45,6.83,0.9,25.0,63.2
2026-05-30 12:24:53,CSMT,Clear,0.39,7.49,1.1,21.5,73.2
2026-05-31 09:19:53,CSMT,Cloudy,0.29,6.82,0.9,6.7,49.1
2026-01-04 21:25:45,CSMT,Clear,0.08,8.14,0.7,19.1,53.5
2026-01-04 04:46:15,CSMT,Cloudy,0.31,8.42,1.2,15.2,52.1
2026-02-11 15:39:16,CSMT,Rain,0.53,5.46,16.2,24.5,62.2
2026-03-02 20:01:21,CSMT,Clear,0.22,8.58,0.5,38.0,87.5
2026-04-21 16:11:28,CSMT,Rain,0.11,8.32,0.7,27.6,58.7
2026-03-16 03:22:33,CSMT,Cloudy,0.27,7.32,1.0,24.7,49.5
2026-01-02 18:03:06,CSMT,Cloudy,0.47,6.23,0.4,19.7,79.1
2026-03-31 11:22:48,CSMT,Clear,0.13,8.38,1.4,21.0,44.4
2026-06-28 07:06:38,CSMT,Fog,0.67,4.77,0.1,45.2,64.4
2026-06-12 18:49:51,CSMT,Clear,0.25,8.36,1.2,18.8,59.3
2026-04-04 07:51:33,CSMT,Clear,0.13,8.4,0.5,27.3,76.7
2026-06-08 17:28:56,CSMT,Fog,0.58,4.91,0.8,18.5,54.1
2026-02-14 11:54:33,CSMT,Fog,0.4,7.14,0.5,37.5,83.7
2026-03-07 20:12:18,CSMT,Clear,0.37,7.47,0.7,27.6,69.1
2026-03-27 02:29:51,CSMT,Clear,0.42,5.66,0.3,20.2,43.8
2026-03-02 01:35:29,CSMT,Rain,0.34,6.43,6.7,25.4,93.7
2026-01-18 06:24:21,CSMT,Clear,0.69,3.91,0.5,18.3,64.7
2026-05-24 16:54:30,CSMT,Cloudy,0.34,7.67,0.2,20.1,88.0
2026-04-11 02:39:18,CSMT,Cloudy,0.31,7.5,0.5,15.4,45.8
2026-04-21 20:07:40,CSMT,Clear,0.07,9.2,1.3,36.5,64.1
2026-04-01 17:49:24,CSMT,Clear,0.14,8.23,1.0,26.9,60.4
2026-05-02 12:04:58,CSMT,Fog,0.54,5.32,0.8,29.3,57.3
2026-01-07 07:29:17,CSMT,Clear,0.2,8.48,0.3,14.9,71.9
2026-03-12 01:56:20,CSMT,Cloudy,0.33,7.13,0.4,28.6,48.9
2026-02-06 03:41:17,CSMT,Clear,0.46,6.55,1.2,28.6,54.6
2026-02-22 19:25:08,CSMT,Cloudy,0.35,7.87,0.0,31.7,65.6
2026-06-17 05:34:23,CSMT,Rain,0.57,4.09,11.5,31.8,62.9
2026-05-20 07:26:25,CSMT,Cloudy,0.48,5.99,0.3,31.7,49.2
2026-05-06 14:34:24,CSMT,Clear,0.5,5.95,0.3,22.2,76.5
2026-01-09 22:39:17,CSMT,Clear,0.39,6.77,1.0,37.9,60.6
2026-03-31 15:05:05,CSMT,Clear,0.23,7.93,1.4,21.8,57.1
2026-06-18 23:09:12,CSMT,Cloudy,0.42,6.23,1.3,25.9,45.7
2026-06-28 22:20:25,CSMT,Clear,0.28,7.97,1.4,20.1,53.6
2026-03-28 05:00:09,CSMT,Fog,0.54,5.77,0.5,25.4,85.5
2026-01-23 13:32:38,CSMT,Clear,0.14,8.46,0.1,23.3,36.9
2026-05-14 01:31:07,CSMT,Fog,0.61,5.03,1.3,17.1,47.6
2026-03-24 00:08:15,CSMT,Rain,0.34,5.34,4.0,27.3,98.6
2026-05-29 17:41:49,CSMT,Clear,0.33,6.74,1.3,23.6,52.9
2026-02-11 06:21:36,CSMT,Rain,0.42,4.88,7.1,45.7,84.8
2026-04-01 12:01:14,CSMT,Rain,0.09,7.53,8.1,25.6,77.9
2026-01-19 03:24:33,CSMT,Clear,0.63,4.93,1.1,21.6,64.4
2026-05-29 00:51:17,CSMT,Cloudy,0.22,7.98,0.3,29.7,77.0
2026-04-07 06:31:59,CSMT,Rain,0.57,3.9,18.4,14.4,33.4
2026-04-14 17:59:32,CSMT,Clear,0.23,8.0,0.4,34.5,86.0
2026-02-21 12:07:35,CSMT,Clear,0.78,3.2,0.8,32.6,71.5
2026-04-05 07:57:39,CSMT,Fog,0.57,4.94,0.7,22.2,60.3
2026-02-13 07:03:03,CSMT,Rain,0.22,7.28,11.5,30.8,73.1
2026-01-22 12:02:09,CSMT,Rain,0.13,6.97,11.1,14.9,71.8
2026-04-13 13:02:53,CSMT,Cloudy,0.33,6.6,1.4,26.5,60.0
2026-02-06 03:57:37,CSMT,Clear,0.15,8.58,1.1,21.0,75.9
2026-06-23 20:33:51,CSMT,Cloudy,0.4,6.85,0.7,20.8,70.1
2026-04-15 22:07:41,CSMT,Clear,0.48,5.91,1.2,23.2,53.2
2026-06-14 17:29:12,CSMT,Clear,0.5,6.07,0.9,26.2,55.1
2026-05-22 22:58:00,CSMT,Cloudy,0.17,8.02,0.9,28.5,79.7
2026-01-16 01:47:47,CSMT,Clear,0.35,7.07,0.9,18.7,99.9
2026-05-28 07:07:47,CSMT,Cloudy,0.12,9.46,0.7,39.0,52.9
2026-04-11 06:42:52,CSMT,Cloudy,0.16,8.96,0.4,18.1,46.9
2026-06-04 08:45:54,CSMT,Rain,0.27,6.48,11.0,1.0,70.3
2026-06-30 01:46:56,CSMT,Clear,0.12,9.08,1.3,28.0,89.5
2026-02-01 11:43:12,CSMT,Clear,0.47,6.44,1.2,20.8,63.2
2026-05-28 00:58:30,CSMT,Rain,0.23,7.27,5.1,14.1,72.1
2026-05-13 13:40:56,CSMT,Cloudy,0.43,5.85,1.1,31.0,47.3
2026-06-01 06:58:49,CSMT,Clear,0.4,6.8,0.3,17.8,72.9
2026-01-21 02:35:46,CSMT,Clear,0.39,7.23,0.9,18.3,85.6
2026-06-30 11:31:42,CSMT,Fog,0.81,3.11,1.0,16.3,63.7
2026-03-23 15:46:16,CSMT,Clear,0.34,7.23,1.5,29.3,49.2
2026-02-23 23:13:04,CSMT,Rain,0.16,7.46,4.7,32.2,56.6
2026-02-16 15:25:23,CSMT,Clear,0.07,9.66,1.0,24.4,95.0
2026-03-19 01:39:09,CSMT,Rain,0.29,6.44,7.9,16.1,44.7
2026-01-24 07:47:17,CSMT,Rain,0.56,4.66,9.0,30.1,85.2
2026-03-17 18:38:23,CSMT,Clear,0.18,8.23,1.2,15.0,55.5
2026-05-13 11:59:13,CSMT,Clear,0.32,7.06,1.5,16.1,64.8
2026-03-28 09:55:48,CSMT,Cloudy,0.13,8.38,0.3,24.3,66.3
2026-01-28 00:36:59,CSMT,Clear,0.32,7.22,1.5,38.1,79.9
2026-01-15 20:40:46,CSMT,Clear,0.19,7.63,0.3,32.8,41.1
2026-03-20 18:00:39,CSMT,Fog,0.46,5.82,1.4,16.9,88.4
2026-02-27 01:14:05,CSMT,Cloudy,0.62,4.64,1.4,36.3,72.7
2026-04-21 23:55:18,CSMT,Clear,0.41,6.49,0.4,9.9,38.7
2026-05-05 09:56:06,CSMT,Clear,0.12,8.4,1.4,28.4,28.6
2026-04-08 03:35:09,CSMT,Cloudy,0.1,8.9,0.9,19.8,81.3
2026-02-07 07:10:40,CSMT,Clear,0.48,6.03,0.4,24.9,73.9
2026-02-13 18:59:00,CSMT,Clear,0.59,5.37,0.7,29.4,73.1
2026-01-26 21:15:27,CSMT,Rain,0.17,7.18,11.7,21.8,76.2
2026-02-22 03:03:51,CSMT,Clear,0.26,7.56,0.0,15.4,70.9
2026-06-23 10:30:00,CSMT,Clear,0.3,7.04,0.1,9.3,51.6
2026-01-03 21:08:49,CSMT,Clear,0.46,5.79,0.8,27.8,63.3
2026-01-17 18:02:49,CSMT,Clear,0.16,8.43,0.4,27.7,84.0
2026-02-17 05:02:20,CSMT,Clear,0.41,6.96,0.8,27.1,61.1
2026-02-25 23:35:11,CSMT,Clear,0.18,8.89,1.2,29.0,59.2
2026-06-26 18:24:02,CSMT,Clear,0.22,7.55,0.1,4.3,82.7
2026-02-24 20:04:03,CSMT,Rain,0.34,5.79,2.5,39.9,67.6
2026-02-03 05:50:53,CSMT,Clear,0.4,6.19,1.0,34.5,66.7
2026-06-06 04:41:26,CSMT,Clear,0.43,6.14,0.9,16.5,61.2
2026-01-10 23:48:19,CSMT,Cloudy,0.42,6.34,0.4,13.3,80.1
2026-01-17 08:42:57,CSMT,Clear,0.17,8.15,0.9,29.2,44.1
2026-01-20 04:34:10,CSMT,Clear,0.17,8.51,1.2,20.3,66.9
2026-01-16 17:31:25,CSMT,Clear,0.15,8.05,1.2,19.5,69.1
2026-04-11 06:45:58,CSMT,Fog,0.54,5.42,0.4,23.1,100.0
2026-06-24 16:18:18,CSMT,Cloudy,0.34,7.76,1.4,26.3,60.4
2026-03-28 20:02:12,CSMT,Fog,0.66,4.19,1.3,31.6,76.9
2026-05-17 18:26:56,CSMT,Rain,0.18,7.29,9.2,14.9,54.7
2026-06-19 07:48:54,CSMT,Clear,0.52,5.99,0.6,37.4,82.9
2026-01-28 10:02:30,CSMT,Rain,0.17,7.73,5.3,16.9,52.4
2026-03-25 18:56:21,CSMT,Clear,0.11,9.59,0.4,28.6,33.9
2026-03-05 06:50:49,CSMT,Clear,0.35,6.2,1.0,19.2,61.5
2026-04-06 13:54:23,CSMT,Fog,0.63,4.87,0.4,33.2,83.8
2026-01-25 08:48:25,CSMT,Cloudy,0.38,7.12,0.7,37.0,76.1
2026-04-21 04:36:25,CSMT,Cloudy,0.1,8.61,0.0,18.5,46.6
2026-05-02 10:37:49,CSMT,Clear,0.06,8.94,0.2,9.1,91.4
2026-02-21 04:34:19,CSMT,Clear,0.45,5.59,1.0,30.6,80.6
2026-02-08 01:39:00,CSMT,Clear,0.03,10.16,0.8,21.4,72.9
2026-03-10 06:59:49,CSMT,Rain,0.27,7.27,10.8,29.7,89.0
2026-03-13 14:04:35,CSMT,Clear,0.16,8.93,0.5,20.1,94.8
2026-03-11 18:06:34,CSMT,Fog,0.52,5.62,0.8,20.8,71.8
2026-02-10 07:22:40,CSMT,Clear,0.54,4.75,0.9,33.3,63.0
2026-06-26 12:11:53,CSMT,Fog,0.64,4.21,1.5,24.8,97.2
2026-02-16 19:39:41,CSMT,Clear,0.24,8.02,1.0,24.4,65.1
2026-01-12 08:54:28,CSMT,Fog,0.92,2.56,1.2,15.4,43.0
2026-01-14 07:15:16,CSMT,Clear,0.05,10.24,0.9,32.3,61.7
2026-04-09 23:21:43,CSMT,Clear,0.4,6.17,0.2,26.8,74.2
2026-02-07 20:48:24,CSMT,Clear,0.09,9.19,1.1,11.7,31.0
2026-02-06 11:19:07,CSMT,Clear,0.41,7.21,0.6,44.4,87.0
2026-04-08 09:56:30,CSMT,Clear,0.28,7.2,0.7,4.6,60.7
2026-03-02 23:35:16,CSMT,Rain,0.32,6.31,7.9,18.2,51.4
2026-01-23 18:56:11,CSMT,Clear,0.16,8.59,1.1,29.1,100.0
2026-04-04 05:30:17,CSMT,Cloudy,0.23,8.04,0.9,26.9,43.1
2026-06-09 06:30:39,CSMT,Cloudy,0.28,8.15,1.0,24.0,46.2
2026-04-27 23:20:51,CSMT,Rain,0.33,6.02,15.0,19.5,74.4
2026-04-26 02:03:32,CSMT,Cloudy,0.31,7.16,0.5,28.1,53.0
2026-02-27 02:03:48,CSMT,Cloudy,0.18,8.09,1.1,16.0,58.5
2026-03-28 09:00:32,CSMT,Cloudy,0.44,5.73,0.6,28.1,54.7
2026-05-20 12:30:41,CSMT,Fog,0.42,6.47,1.1,37.6,64.8
2026-01-11 09:58:40,CSMT,Clear,0.67,4.55,0.3,28.7,67.2
2026-02-07 01:48:09,CSMT,Cloudy,0.16,8.1,0.4,16.9,70.0
2026-03-29 04:47:06,CSMT,Clear,0.08,8.84,0.2,18.5,57.3
2026-05-22 09:52:10,CSMT,Cloudy,0.43,5.62,1.2,36.7,79.3
2026-01-05 17:43:37,CSMT,Clear,0.28,8.7,0.1,34.4,80.0
2026-06-19 23:41:39,CSMT,Fog,0.43,5.93,0.8,22.2,72.4
2026-03-13 22:42:46,CSMT,Clear,0.68,4.45,0.5,28.7,88.7
2026-04-03 07:05:52,CSMT,Clear,0.05,9.83,1.1,24.9,61.3
2026-02-07 21:52:52,CSMT,Fog,0.62,4.39,0.5,31.8,67.0
2026-06-08 15:43:50,CSMT,Clear,0.41,6.5,1.1,19.0,71.6
2026-04-29 22:39:24,CSMT,Clear,0.08,9.67,1.1,18.0,86.8
2026-01-06 18:58:21,CSMT,Fog,0.49,5.08,0.5,33.3,63.7
2026-01-02 01:46:59,CSMT,Clear,0.23,8.3,0.4,17.8,94.1
2026-06-06 06:27:35,CSMT,Clear,0.4,6.26,0.5,26.4,92.3
2026-01-02 09:23:44,CSMT,Clear,0.39,8.31,0.4,5.8,51.1
2026-01-31 17:21:29,CSMT,Clear,0.14,9.29,0.2,21.0,84.0
2026-03-20 01:43:29,CSMT,Clear,0.24,7.97,0.4,32.4,66.0
2026-01-05 06:17:05,CSMT,Clear,0.43,6.28,1.0,30.3,62.6
2026-04-22 01:53:40,CSMT,Clear,0.36,6.65,0.5,21.8,52.6
2026-05-30 22:14:48,CSMT,Clear,0.46,6.79,0.1,38.0,62.0
2026-05-08 09:54:39,CSMT,Clear,0.11,9.18,0.4,35.3,79.6
2026-05-21 23:00:17,CSMT,Cloudy,0.26,7.96,1.2,23.5,86.3
2026-01-27 19:18:43,CSMT,Rain,0.46,4.6,16.0,29.2,59.0
2026-03-10 09:13:19,CSMT,Clear,0.31,7.12,0.8,15.1,69.5
2026-02-05 06:41:31,CSMT,Clear,0.12,8.37,1.3,19.7,90.1
2026-03-15 03:50:44,CSMT,Clear,0.07,9.36,1.0,29.4,47.5
2026-05-13 02:28:28,CSMT,Clear,0.26,8.0,0.1,26.8,76.1
2026-06-22 15:16:15,CSMT,Cloudy,0.11,9.4,0.8,18.9,39.4
2026-04-29 17:40:54,CSMT,Cloudy,0.27,7.31,0.6,21.7,61.1
2026-06-01 02:16:05,CSMT,Clear,0.03,9.69,1.4,28.0,73.4
2026-05-13 03:42:27,CSMT,Clear,0.07,9.01,0.5,21.5,52.3
2026-03-04 18:37:01,CSMT,Rain,0.42,5.43,0.9,13.6,74.2
2026-01-08 07:56:03,CSMT,Clear,0.43,6.83,1.2,33.0,56.6
2026-02-25 21:59:19,CSMT,Fog,0.6,5.22,1.1,21.6,61.0
2026-06-30 14:03:13,CSMT,Clear,0.16,7.83,0.4,27.5,94.9
2026-01-18 21:56:57,CSMT,Clear,0.48,6.0,0.1,21.5,59.4
2026-05-13 17:11:55,CSMT,Clear,0.49,5.69,1.0,20.8,85.5
2026-03-28 09:16:30,CSMT,Cloudy,0.14,8.93,1.3,25.2,55.0
2026-01-17 12:12:37,CSMT,Clear,0.12,9.03,0.1,31.3,66.4
2026-04-11 08:58:29,CSMT,Clear,0.33,7.29,1.3,17.6,44.6
2026-02-07 01:24:16,CSMT,Rain,0.29,7.1,4.4,23.8,22.4
2026-05-31 15:40:19,CSMT,Clear,0.32,7.87,0.4,30.9,82.9
2026-02-04 12:19:26,CSMT,Clear,0.57,5.14,0.0,23.2,57.7
2026-05-08 01:48:18,CSMT,Rain,0.26,7.02,24.6,9.6,69.6
2026-01-23 06:29:12,CSMT,Clear,0.31,7.45,0.5,20.4,71.0
2026-01-20 11:39:56,CSMT,Clear,0.61,5.03,0.9,0.1,89.8
2026-05-05 08:04:56,CSMT,Cloudy,0.41,6.59,0.5,24.7,67.3
2026-02-12 08:05:42,CSMT,Clear,0.46,6.43,1.0,31.0,46.8
2026-03-04 12:38:31,CSMT,Clear,0.3,6.73,1.2,18.0,58.7
2026-05-25 18:13:53,CSMT,Fog,0.74,3.74,1.0,37.1,57.7
2026-06-08 15:37:43,CSMT,Cloudy,0.28,7.73,0.4,26.1,87.1
2026-05-15 19:54:33,CSMT,Clear,0.25,7.7,0.3,18.4,75.6
2026-02-12 14:47:57,CSMT,Clear,0.17,8.68,1.4,29.8,47.8
2026-06-20 02:11:43,CSMT,Cloudy,0.19,8.49,1.3,26.8,66.4
2026-03-09 17:11:15,CSMT,Fog,0.56,5.15,1.4,29.3,100.0
2026-03-02 11:38:04,CSMT,Clear,0.15,8.22,1.0,20.4,56.7
2026-01-01 07:25:05,CSMT,Rain,0.11,8.14,4.0,30.1,100.0
2026-01-22 22:41:03,CSMT,Cloudy,0.23,8.48,0.3,15.7,45.1
2026-05-30 10:28:16,CSMT,Cloudy,0.27,7.66,1.2,20.5,73.2
2026-05-23 14:53:08,CSMT,Fog,0.54,6.16,1.2,26.7,81.8
2026-04-12 10:30:56,CSMT,Clear,0.36,6.37,0.2,28.3,100.0
2026-02-04 08:29:02,CSMT,Clear,0.05,9.89,1.1,30.1,85.0
2026-06-21 00:03:48,CSMT,Rain,0.16,7.64,3.3,14.5,43.1
2026-03-25 09:20:13,CSMT,Clear,0.41,6.99,0.4,10.5,48.1
2026-03-07 09:45:38,CSMT,Rain,0.38,6.03,2.5,23.2,85.2
2026-02-26 06:12:15,CSMT,Clear,0.1,9.42,0.1,13.4,75.5
2026-05-04 08:21:47,CSMT,Clear,0.14,8.4,0.9,15.2,81.3
2026-01-17 17:52:02,CSMT,Cloudy,0.29,7.69,1.1,25.6,97.7
2026-02-28 10:18:18,CSMT,Rain,0.32,5.77,11.9,17.0,100.0
2026-05-13 08:03:49,CSMT,Rain,0.38,5.85,6.5,28.4,48.2
2026-05-18 05:19:00,CSMT,Cloudy,0.27,7.27,0.3,28.0,56.1
2026-04-27 22:56:37,CSMT,Rain,0.59,3.03,8.4,20.7,56.5
2026-01-09 09:58:41,CSMT,Clear,0.29,6.7,0.4,23.2,53.9
2026-03-12 11:44:20,CSMT,Clear,0.14,8.61,1.2,20.8,95.1
2026-06-15 20:42:21,CSMT,Clear,0.21,8.2,0.5,24.3,50.7
2026-05-20 23:04:01,CSMT,Rain,0.23,6.62,4.4,31.1,51.1
2026-02-11 03:23:47,CSMT,Cloudy,0.24,8.06,0.1,23.5,60.9
2026-03-27 13:10:28,CSMT,Clear,0.22,7.94,0.4,20.5,94.9
2026-03-02 02:40:02,CSMT,Cloudy,0.14,8.65,0.7,21.0,89.8
2026-02-20 21:48:33,CSMT,Fog,0.72,4.2,1.4,11.4,89.9
2026-03-25 04:23:45,CSMT,Clear,0.4,6.27,0.8,16.5,68.5
2026-04-23 18:31:58,CSMT,Clear,0.12,8.88,0.5,29.3,72.6
2026-01-19 01:12:59,CSMT,Cloudy,0.6,4.96,0.2,36.0,71.7
2026-04-27 22:27:29,CSMT,Clear,0.27,8.0,1.1,27.8,44.5
2026-05-06 16:05:16,CSMT,Rain,0.28,6.6,15.9,20.1,89.2
2026-05-23 01:58:33,CSMT,Cloudy,0.16,8.72,0.9,30.2,63.2
2026-02-14 03:12:04,CSMT,Fog,0.42,6.99,0.7,34.8,76.0
2026-05-19 06:08:11,CSMT,Clear,0.19,8.7,0.5,30.8,66.6
2026-02-25 10:38:23,CSMT,Clear,0.22,7.61,1.2,28.8,44.0
2026-05-15 05:51:38,CSMT,Clear,0.3,7.43,1.2,23.9,52.8
2026-05-05 04:34:28,CSMT,Cloudy,0.49,5.33,1.0,32.5,77.8
2026-05-29 06:25:21,CSMT,Rain,0.35,5.6,9.1,18.2,76.7
2026-04-30 14:09:20,CSMT,Rain,0.11,8.28,18.1,30.3,62.9
2026-02-21 08:15:38,CSMT,Cloudy,0.37,6.59,0.1,15.9,64.9
2026-03-09 17:06:34,CSMT,Rain,0.37,5.39,24.4,22.5,45.0
2026-02-15 02:13:55,CSMT,Clear,0.32,7.05,0.8,21.4,54.7
2026-04-04 15:43:37,CSMT,Clear,0.07,9.61,1.1,33.3,58.3
2026-04-10 19:22:50,CSMT,Rain,0.21,6.32,2.3,29.5,70.7
2026-06-04 02:24:59,CSMT,Clear,0.42,6.25,1.3,15.0,36.8
2026-01-27 14:24:07,CSMT,Clear,0.44,6.11,0.4,13.3,97.0
2026-06-04 10:11:31,CSMT,Clear,0.09,7.97,0.8,17.9,63.5
2026-02-25 13:30:35,CSMT,Clear,0.47,6.19,1.2,17.6,76.3
2026-04-26 11:46:22,CSMT,Clear,0.4,6.01,0.2,34.0,33.5
2026-06-08 00:08:54,CSMT,Cloudy,0.22,8.32,1.1,18.5,64.1
2026-03-21 19:44:29,CSMT,Fog,0.56,4.96,1.0,23.4,46.6
2026-04-19 12:24:47,CSMT,Cloudy,0.36,7.03,0.7,10.5,55.5
2026-01-07 02:16:09,CSMT,Clear,0.21,7.99,0.9,14.6,68.7
2026-03-06 08:53:40,CSMT,Cloudy,0.11,8.37,0.2,28.0,51.0
2026-04-26 19:11:03,CSMT,Clear,0.35,7.02,1.4,19.5,43.3
2026-01-19 05:20:13,CSMT,Clear,0.54,5.49,0.4,22.3,83.1
2026-04-19 04:54:27,CSMT,Clear,0.24,8.46,0.5,29.5,86.7
2026-01-28 07:52:49,CSMT,Rain,0.34,5.46,6.3,16.5,35.7
2026-06-21 08:45:39,CSMT,Fog,0.44,6.41,0.6,23.9,88.0
2026-05-17 09:26:25,CSMT,Clear,0.42,6.52,0.7,20.8,49.9
2026-02-23 03:44:53,CSMT,Cloudy,0.32,7.66,0.6,20.0,93.6
2026-03-29 01:49:03,CSMT,Clear,0.24,7.01,0.4,23.2,63.2
2026-06-22 06:45:10,CSMT,Clear,0.32,6.89,0.4,7.8,54.5
2026-04-21 22:38:29,CSMT,Clear,0.36,7.1,1.1,27.3,62.7
2026-06-23 03:26:19,CSMT,Rain,0.1,7.95,13.9,17.3,55.3
2026-03-20 13:05:04,CSMT,Cloudy,0.33,6.47,1.1,25.5,65.6
2026-06-28 10:59:22,CSMT,Fog,0.43,6.05,0.5,30.8,50.3
2026-04-13 10:29:41,CSMT,Cloudy,0.15,8.82,0.2,35.3,38.2
2026-06-21 18:58:45,CSMT,Rain,0.13,8.42,12.7,29.4,61.3
2026-04-25 07:25:42,CSMT,Clear,0.05,9.22,0.1,22.7,56.3
2026-01-01 20:46:20,CSMT,Clear,0.15,8.61,0.8,22.2,84.2
2026-04-28 17:10:20,CSMT,Clear,0.08,9.58,0.6,15.3,65.4
2026-05-11 20:34:02,CSMT,Clear,0.58,5.52,1.5,11.2,76.9
2026-02-17 17:27:09,CSMT,Cloudy,0.03,9.37,1.4,9.4,54.8
2026-04-22 09:24:21,CSMT,Clear,0.36,7.46,0.1,39.7,37.6
2026-02-15 00:34:21,CSMT,Rain,0.4,4.97,13.8,22.7,63.8
2026-03-22 16:00:29,CSMT,Clear,0.24,7.56,1.4,21.5,90.9
2026-04-21 10:43:37,CSMT,Clear,0.23,8.2,1.4,22.1,57.0
2026-02-27 04:16:16,CSMT,Rain,0.31,6.19,7.9,29.0,44.3
2026-05-23 07:09:36,CSMT,Rain,0.14,7.09,8.6,25.4,83.4
2026-01-26 02:39:20,CSMT,Cloudy,0.33,7.25,0.0,31.3,69.7
2026-05-11 08:03:18,CSMT,Clear,0.11,9.23,0.5,15.7,48.8
2026-03-20 11:32:57,CSMT,Clear,0.28,7.39,0.3,9.3,49.7
2026-05-09 06:23:21,CSMT,Clear,0.22,7.7,0.7,22.2,81.6
2026-06-02 04:02:46,CSMT,Cloudy,0.55,4.69,0.5,15.5,59.5
2026-01-10 12:34:05,CSMT,Rain,0.11,7.74,1.4,34.8,80.9
2026-03-09 09:10:42,CSMT,Clear,0.27,7.06,1.4,20.5,76.2
2026-01-13 19:36:23,CSMT,Clear,0.08,9.23,0.6,26.7,61.2
2026-01-01 00:02:44,CSMT,Clear,0.58,5.38,1.0,11.0,71.5
2026-04-29 15:58:10,CSMT,Rain,0.28,6.41,12.7,9.1,56.5
2026-03-07 10:08:15,CSMT,Cloudy,0.11,9.09,0.7,25.3,61.3
2026-05-29 03:35:21,CSMT,Clear,0.29,7.25,0.7,32.4,45.3
2026-04-05 03:16:41,CSMT,Clear,0.31,7.44,0.3,24.0,56.7
2026-02-20 18:18:41,CSMT,Clear,0.05,9.13,0.2,12.0,55.9
2026-01-18 04:42:19,CSMT,Clear,0.35,6.89,1.2,21.9,70.1
2026-01-09 12:15:21,CSMT,Rain,0.22,7.01,10.7,26.5,79.8
2026-01-13 16:25:30,CSMT,Clear,0.25,8.04,1.4,36.6,59.4
2026-05-02 00:27:00,CSMT,Clear,0.26,7.97,1.3,30.2,58.0
2026-02-17 07:54:30,CSMT,Rain,0.16,7.59,9.5,28.2,87.9
2026-01-24 13:33:23,CSMT,Rain,0.17,7.34,11.6,11.1,68.6
2026-06-02 23:55:11,CSMT,Clear,0.31,7.43,0.1,24.6,50.3
2026-05-09 13:17:05,CSMT,Fog,0.42,5.23,0.7,31.9,64.6
2026-03-04 15:37:49,CSMT,Fog,0.57,5.73,0.5,20.5,86.3
2026-06-26 07:58:03,CSMT,Cloudy,0.32,7.04,0.3,27.6,40.1
2026-05-27 16:39:02,CSMT,Rain,0.27,7.27,15.9,18.3,77.7
2026-04-07 04:39:44,CSMT,Clear,0.23,8.08,0.0,27.9,77.2
2026-06-27 08:05:42,CSMT,Fog,0.54,5.1,1.2,31.1,97.8
2026-05-03 07:02:14,CSMT,Rain,0.27,6.79,8.5,28.5,74.7
2026-02-19 07:35:59,CSMT,Clear,0.18,8.9,0.8,18.4,71.8
2026-03-15 00:18:33,CSMT,Fog,0.79,3.19,0.8,34.1,66.2
2026-05-05 15:22:24,CSMT,Rain,0.29,6.49,6.1,29.6,81.1
2026-01-02 19:14:11,CSMT,Clear,0.4,6.99,0.2,21.1,86.4
2026-05-18 04:08:38,CSMT,Cloudy,0.21,7.53,1.1,24.2,79.9
2026-06-11 23:05:06,CSMT,Rain,0.16,6.87,11.8,32.9,63.2
2026-03-03 20:59:10,CSMT,Clear,0.31,6.88,1.1,24.7,50.6
2026-02-25 23:53:22,CSMT,Clear,0.23,8.44,0.4,30.0,56.2
2026-03-10 22:13:37,CSMT,Clear,0.21,8.21,0.6,19.4,49.6
2026-06-08 22:57:01,CSMT,Cloudy,0.6,4.89,0.3,20.8,54.8
2026-04-23 16:48:38,CSMT,Clear,0.45,6.66,1.5,13.1,59.1
2026-04-06 22:06:29,CSMT,Clear,0.42,6.19,1.5,21.5,66.9
2026-03-30 08:30:43,CSMT,Rain,0.29,6.38,8.4,38.2,73.8
2026-04-18 13:11:51,CSMT,Clear,0.61,4.4,0.4,23.9,72.3
2026-03-07 17:47:59,CSMT,Clear,0.08,9.42,1.4,26.2,64.6
2026-03-12 06:41:13,CSMT,Fog,0.68,4.06,0.2,21.5,72.7
2026-05-01 21:04:09,CSMT,Cloudy,0.16,8.19,1.2,5.0,100.0
2026-06-11 18:57:48,CSMT,Clear,0.15,8.98,0.2,33.7,58.9
2026-03-08 12:33:55,CSMT,Rain,0.13,7.85,19.3,36.3,72.6
2026-05-26 13:06:57,CSMT,Cloudy,0.23,8.35,0.3,20.4,53.0
2026-01-27 15:34:14,CSMT,Clear,0.25,6.75,1.1,30.7,76.1
2026-04-17 03:02:48,CSMT,Clear,0.15,8.64,1.0,36.0,67.3
2026-04-18 07:24:30,CSMT,Rain,0.15,7.2,1.7,22.0,87.8
2026-06-06 18:36:41,CSMT,Fog,0.46,5.42,0.1,27.9,59.2
2026-01-13 20:52:12,CSMT,Fog,0.58,4.64,1.1,34.8,40.0
2026-02-14 01:48:14,CSMT,Rain,0.16,6.89,17.3,40.9,77.4
2026-06-01 01:45:31,CSMT,Clear,0.17,9.76,0.1,33.6,51.5
2026-03-08 19:41:58,CSMT,Cloudy,0.26,8.04,0.7,19.5,65.8
2026-06-16 07:43:03,CSMT,Clear,0.38,6.82,0.1,22.9,63.3
2026-05-17 20:44:53,CSMT,Cloudy,0.11,8.58,1.3,34.0,84.2
2026-03-19 23:27:27,CSMT,Clear,0.15,8.75,0.1,24.4,80.0
2026-03-29 19:32:42,CSMT,Fog,0.51,5.72,1.0,16.2,79.0
2026-04-08 13:47:57,CSMT,Clear,0.15,8.79,0.2,22.2,63.5
2026-06-03 15:46:57,CSMT,Clear,0.13,8.35,0.0,31.6,46.4
2026-01-26 22:48:27,CSMT,Clear,0.18,8.34,0.6,17.4,91.5
2026-01-18 10:33:06,CSMT,Rain,0.65,3.2,11.0,14.2,100.0
2026-06-01 16:18:30,CSMT,Clear,0.19,8.53,1.4,16.4,57.0
2026-06-12 20:05:01,CSMT,Clear,0.06,9.23,1.3,23.1,53.1
2026-05-08 22:58:00,CSMT,Cloudy,0.38,7.14,0.9,36.3,79.9
2026-01-01 21:28:22,CSMT,Cloudy,0.44,6.04,1.4,20.1,83.1
2026-02-07 13:40:28,CSMT,Clear,0.3,7.32,1.1,24.0,73.6
2026-06-09 13:20:20,CSMT,Fog,0.67,4.37,0.8,24.7,65.5
2026-05-05 17:55:02,CSMT,Clear,0.74,4.18,1.1,30.8,62.2
2026-05-03 12:32:44,CSMT,Cloudy,0.35,6.58,0.6,17.2,65.0
2026-02-11 05:59:51,CSMT,Clear,0.54,5.96,0.9,23.2,50.1
2026-01-24 05:25:18,CSMT,Clear,0.14,9.21,0.5,31.2,85.0
2026-03-07 05:52:43,CSMT,Cloudy,0.34,7.32,1.3,21.9,77.2
2026-03-25 23:49:03,CSMT,Clear,0.32,7.69,1.1,26.5,57.5
2026-01-10 05:25:08,CSMT,Clear,0.35,6.63,1.1,32.1,61.7
2026-06-05 16:09:13,CSMT,Clear,0.33,7.25,0.9,23.9,71.9
2026-03-16 15:31:41,CSMT,Clear,0.33,6.45,0.6,28.5,43.4
2026-01-09 17:51:59,CSMT,Clear,0.33,7.42,0.0,5.5,87.7
2026-05-26 01:28:22,CSMT,Rain,0.17,6.29,3.3,16.5,41.1
2026-06-28 23:42:04,CSMT,Cloudy,0.17,8.57,1.1,30.2,63.6
2026-05-11 02:23:57,CSMT,Clear,0.17,8.9,0.9,31.9,54.3
2026-06-09 09:27:54,CSMT,Fog,0.5,5.69,0.4,40.5,93.4
2026-06-26 11:00:05,CSMT,Clear,0.19,7.84,0.9,9.4,40.7
2026-04-12 01:54:30,CSMT,Cloudy,0.02,9.27,0.6,36.5,44.5
2026-05-03 07:24:39,CSMT,Clear,0.77,3.19,0.8,14.3,77.4
2026-06-17 14:47:26,CSMT,Fog,0.46,5.39,0.9,29.3,61.2
2026-04-10 12:04:53,CSMT,Cloudy,0.33,7.26,1.1,17.0,75.4
2026-06-15 23:15:16,CSMT,Cloudy,0.25,7.23,0.4,24.9,74.0
2026-03-20 20:11:56,CSMT,Cloudy,0.33,7.4,0.7,24.3,73.6
2026-03-05 15:53:16,CSMT,Cloudy,0.38,6.0,0.9,47.2,72.8
2026-05-20 23:57:08,CSMT,Clear,0.47,6.46,0.3,33.8,83.7
2026-04-10 04:33:17,CSMT,Clear,0.34,7.14,1.0,7.3,81.7
2026-02-24 04:55:49,CSMT,Clear,0.18,9.32,1.4,23.5,67.8
2026-05-21 14:07:23,CSMT,Fog,0.77,3.9,0.1,24.6,95.4
2026-06-28 02:48:45,CSMT,Fog,0.6,5.21,0.7,21.6,57.5
2026-04-04 17:55:49,CSMT,Clear,0.13,8.82,0.7,27.5,58.8
2026-01-21 04:44:00,CSMT,Cloudy,0.24,8.39,1.2,16.1,78.4
2026-04-04 08:13:34,CSMT,Clear,0.25,7.85,1.1,13.3,93.4
2026-05-17 19:36:16,CSMT,Rain,0.67,3.34,9.2,12.6,79.7
2026-04-01 02:15:52,CSMT,Fog,0.6,5.1,0.6,29.1,88.2
2026-05-21 06:53:45,CSMT,Fog,0.78,3.85,0.9,40.3,99.9
2026-03-29 08:06:42,CSMT,Clear,0.25,7.88,0.9,31.8,67.1
2026-03-02 13:44:27,CSMT,Cloudy,0.32,6.74,0.9,19.9,70.6
2026-04-19 18:49:42,CSMT,Fog,0.6,5.38,1.2,13.2,57.5
2026-04-30 05:14:04,CSMT,Clear,0.3,6.61,1.3,39.5,72.8
2026-04-20 15:08:03,CSMT,Clear,0.16,8.41,0.2,22.3,70.9
2026-01-12 15:38:01,CSMT,Rain,0.48,4.61,7.2,19.8,82.3
2026-02-16 20:40:08,CSMT,Cloudy,0.24,8.07,0.2,32.6,56.9
2026-03-09 14:12:36,CSMT,Rain,0.12,7.81,5.4,22.9,100.0
2026-03-26 08:32:16,CSMT,Clear,0.29,7.46,1.4,4.8,73.4
2026-04-12 02:58:06,CSMT,Clear,0.26,8.19,0.3,36.4,73.8
2026-02-02 14:57:50,CSMT,Cloudy,0.58,4.58,0.2,18.8,56.5
2026-04-10 20:01:26,CSMT,Clear,0.48,5.43,1.0,24.3,74.6
2026-04-26 11:58:39,CSMT,Clear,0.27,8.04,0.9,31.4,20.0
2026-03-25 02:50:08,CSMT,Fog,0.64,4.96,0.1,12.1,100.0
2026-01-08 17:05:01,CSMT,Fog,0.79,3.75,0.2,7.6,56.6
2026-01-13 19:03:03,CSMT,Rain,0.17,7.86,4.4,7.0,93.9
2026-01-07 10:56:36,CSMT,Fog,0.9,1.88,0.3,23.2,75.7
2026-01-17 02:08:26,CSMT,Rain,0.1,7.66,16.7,28.9,70.4
2026-02-17 21:15:32,CSMT,Cloudy,0.34,7.68,0.2,16.1,91.8
2026-01-31 21:46:00,CSMT,Rain,0.06,8.45,3.2,26.9,35.7
2026-03-06 05:54:12,CSMT,Clear,0.24,7.85,1.2,23.5,69.3
2026-01-24 22:39:52,CSMT,Clear,0.42,6.31,0.2,44.3,84.4
2026-03-04 02:12:38,CSMT,Clear,0.07,10.76,0.9,12.3,39.7
2026-03-06 01:50:39,CSMT,Clear,0.13,8.97,1.2,38.1,81.9
2026-02-16 14:38:12,CSMT,Fog,0.61,5.01,0.1,18.1,87.8
2026-06-27 11:41:48,CSMT,Cloudy,0.08,8.25,0.2,20.2,55.8
2026-06-03 17:56:05,CSMT,Cloudy,0.19,8.46,1.0,11.6,79.6
2026-05-31 01:24:38,CSMT,Clear,0.07,9.15,1.0,27.9,57.6
2026-04-09 11:53:44,CSMT,Clear,0.51,5.51,0.9,33.3,100.0
2026-04-28 12:01:45,CSMT,Clear,0.59,5.01,1.0,7.0,62.3
2026-04-23 16:17:07,CSMT,Clear,0.16,8.68,1.4,10.1,44.2
2026-05-12 20:17:45,CSMT,Clear,0.44,6.69,0.0,24.1,69.9
2026-06-03 21:22:40,CSMT,Clear,0.12,8.28,0.6,17.7,64.7
2026-06-20 04:28:08,CSMT,Cloudy,0.38,7.34,1.3,14.5,72.6
2026-06-10 13:10:22,CSMT,Fog,0.48,5.82,0.2,37.9,59.9
2026-03-16 02:23:04,CSMT,Clear,0.19,8.31,1.0,13.8,70.3
2026-04-08 00:49:33,CSMT,Clear,0.26,8.12,1.2,48.8,71.5
2026-01-16 09:04:54,CSMT,Rain,0.66,3.54,9.3,7.5,55.6
2026-04-17 13:49:40,CSMT,Cloudy,0.11,8.96,1.3,32.1,48.7
2026-01-01 02:49:04,CSMT,Fog,0.66,4.75,0.8,22.3,69.4
2026-04-09 07:04:58,CSMT,Rain,0.5,4.31,10.4,17.0,34.9
2026-01-19 16:43:06,CSMT,Clear,0.38,6.63,1.2,28.9,66.7
2026-03-08 09:32:14,CSMT,Fog,0.56,5.14,1.3,24.8,80.5
2026-04-02 18:44:16,CSMT,Clear,0.27,8.32,0.4,17.8,60.8
2026-03-28 19:58:47,CSMT,Cloudy,0.34,6.51,0.2,27.8,44.0
2026-05-21 18:38:54,CSMT,Clear,0.19,7.48,0.3,7.6,66.5
2026-05-31 05:50:20,CSMT,Rain,0.3,5.58,5.1,19.8,67.4
2026-01-05 07:41:09,CSMT,Clear,0.24,7.31,1.3,28.7,91.3
2026-05-18 13:32:29,CSMT,Clear,0.69,3.86,1.0,13.1,100.0
2026-01-07 00:24:20,CSMT,Clear,0.34,7.82,0.1,17.5,83.8
2026-01-26 02:27:31,CSMT,Clear,0.27,7.57,0.9,15.5,98.4
2026-03-18 14:34:09,CSMT,Clear,0.05,8.95,0.6,22.0,100.0
2026-04-05 21:01:56,CSMT,Clear,0.26,7.69,0.0,36.1,41.7
2026-01-21 01:46:23,CSMT,Clear,0.1,9.1,0.2,17.1,33.4
2026-04-13 06:39:41,CSMT,Fog,0.43,6.78,1.1,20.2,53.3
2026-01-26 08:32:48,CSMT,Clear,0.41,6.62,0.9,26.8,90.1
2026-03-28 06:41:43,CSMT,Rain,0.14,7.68,12.0,25.8,87.5
2026-05-15 23:54:18,CSMT,Rain,0.43,5.3,2.6,21.2,65.8
2026-06-26 16:21:51,CSMT,Clear,0.4,6.99,0.4,27.6,44.0
2026-05-12 02:48:36,CSMT,Clear,0.3,7.76,0.8,30.5,93.9
2026-02-08 06:00:21,CSMT,Clear,0.38,6.87,0.7,24.3,62.6
2026-02-25 02:48:51,CSMT,Clear,0.03,9.29,0.4,33.5,90.6
2026-03-14 06:32:22,CSMT,Cloudy,0.4,6.52,0.8,22.7,67.4
2026-03-01 02:01:33,CSMT,Clear,0.05,10.08,0.5,23.6,55.3
2026-05-16 15:31:12,CSMT,Clear,0.06,9.23,0.0,26.3,30.1
2026-05-26 04:44:04,CSMT,Clear,0.42,5.59,0.6,25.9,55.5
2026-03-19 00:49:13,CSMT,Fog,0.41,6.82,0.9,28.9,72.4
2026-01-22 15:50:53,CSMT,Clear,0.25,7.43,0.5,22.5,28.9
2026-02-21 02:01:16,CSMT,Clear,0.57,5.74,0.3,29.4,69.3
2026-01-26 03:50:00,CSMT,Clear,0.37,7.41,0.3,22.2,72.5
2026-02-17 13:45:11,CSMT,Cloudy,0.33,6.97,0.2,38.9,65.7
2026-06-25 02:40:49,CSMT,Fog,0.67,4.43,1.0,26.7,70.0
2026-03-22 19:37:03,CSMT,Cloudy,0.29,7.57,0.9,25.6,68.5
2026-03-16 22:58:06,CSMT,Clear,0.2,7.83,0.5,18.1,63.6
2026-04-04 16:08:11,CSMT,Clear,0.36,6.81,1.1,23.3,73.3
2026-05-02 13:43:19,CSMT,Clear,0.6,5.87,0.5,38.1,67.4
2026-04-02 08:12:37,CSMT,Rain,0.56,3.91,15.4,28.0,100.0
2026-01-13 21:41:04,CSMT,Fog,0.58,5.72,1.4,23.5,61.8
2026-01-13 09:59:37,CSMT,Clear,0.16,8.68,0.1,13.0,92.8
2026-04-07 07:16:56,CSMT,Clear,0.51,6.24,1.3,27.9,60.8
2026-03-01 10:24:18,CSMT,Clear,0.35,7.13,0.6,13.8,75.5
2026-03-28 01:22:54,CSMT,Fog,0.61,4.49,0.3,13.7,93.5
2026-01-15 22:18:34,CSMT,Clear,0.28,7.35,1.4,24.9,73.9
2026-02-08 13:56:25,CSMT,Clear,0.21,8.3,1.3,23.9,81.9
2026-03-16 21:33:54,CSMT,Clear,0.25,7.47,1.5,39.6,93.6
2026-02-16 20:05:06,CSMT,Clear,0.2,9.06,0.7,24.2,51.5
2026-01-13 09:26:30,CSMT,Cloudy,0.1,9.45,0.1,21.7,75.6
2026-01-08 16:24:14,CSMT,Fog,0.46,6.01,0.8,30.3,48.1
2026-02-18 20:40:29,CSMT,Clear,0.14,9.55,0.4,44.4,66.7
2026-06-19 19:39:08,CSMT,Cloudy,0.31,8.6,1.4,28.2,66.8
2026-03-10 02:51:12,CSMT,Clear,0.18,8.65,0.7,37.4,89.6
2026-01-30 08:34:31,CSMT,Clear,0.26,7.42,0.1,20.1,66.8
2026-06-07 08:10:38,CSMT,Clear,0.25,8.08,0.2,20.1,81.9
2026-06-14 22:36:27,CSMT,Clear,0.25,7.05,0.1,21.5,61.9
2026-05-29 00:28:56,CSMT,Rain,0.45,4.27,5.2,28.3,56.7
2026-01-08 19:03:03,CSMT,Clear,0.12,9.59,1.1,31.3,93.0
2026-05-17 20:57:49,CSMT,Clear,0.34,6.99,1.1,19.9,60.4
2026-05-21 18:34:54,CSMT,Rain,0.24,8.17,8.4,15.9,81.8
2026-03-16 23:59:24,CSMT,Rain,0.23,7.25,1.9,31.9,74.7
2026-05-26 16:19:27,CSMT,Clear,0.21,8.44,0.6,28.3,26.9
2026-06-16 13:01:47,CSMT,Clear,0.36,6.45,0.8,11.7,75.8
2026-04-24 21:12:24,CSMT,Clear,0.32,7.62,1.2,35.0,67.0
2026-04-12 18:27:36,CSMT,Clear,0.05,9.73,0.6,25.7,52.2
2026-04-11 21:01:16,CSMT,Cloudy,0.05,8.19,1.1,26.6,76.0
2026-06-26 14:43:47,CSMT,Rain,0.49,4.09,10.2,23.2,77.9
2026-06-30 16:28:08,CSMT,Clear,0.13,9.19,0.8,18.6,58.3
2026-06-01 21:44:39,CSMT,Clear,0.07,9.46,0.9,13.1,79.2
2026-01-20 12:52:10,CSMT,Cloudy,0.26,7.71,0.8,41.9,74.4
2026-03-29 14:53:53,CSMT,Clear,0.15,9.1,0.4,14.9,39.0
2026-01-02 14:03:31,CSMT,Clear,0.14,9.29,0.4,27.1,77.8
2026-06-14 04:55:44,CSMT,Cloudy,0.29,7.92,1.3,44.2,72.3
2026-02-24 16:02:18,CSMT,Clear,0.24,7.99,0.5,18.0,49.6
2026-06-26 13:29:01,CSMT,Cloudy,0.46,6.22,1.2,28.8,57.4
2026-06-17 04:35:45,CSMT,Rain,0.46,5.08,10.1,17.1,83.7
2026-03-02 08:20:09,CSMT,Clear,0.2,8.0,0.3,31.4,73.4
2026-04-14 15:12:31,CSMT,Cloudy,0.55,6.07,1.0,27.7,57.4
2026-03-11 02:34:46,CSMT,Clear,0.34,6.99,0.0,22.5,54.0
2026-03-05 07:50:05,CSMT,Clear,0.18,8.6,0.9,19.9,65.0
2026-01-14 22:36:18,CSMT,Rain,0.25,6.71,2.9,31.5,59.4
2026-03-19 05:01:04,CSMT,Rain,0.05,9.46,7.7,18.2,49.6
2026-05-21 17:26:14,CSMT,Cloudy,0.15,8.6,1.3,23.2,66.9
2026-05-25 08:29:27,CSMT,Cloudy,0.29,7.55,0.9,20.4,66.9
2026-04-06 07:57:27,CSMT,Rain,0.18,6.86,3.7,19.3,74.6
2026-05-16 03:09:52,CSMT,Clear,0.24,7.46,0.7,14.4,61.9
2026-01-27 08:52:01,CSMT,Rain,0.35,5.94,8.5,27.3,93.9
2026-04-29 05:59:35,CSMT,Fog,0.54,5.86,0.3,24.6,85.2
2026-02-15 02:25:51,CSMT,Clear,0.25,7.41,0.2,19.2,55.1
2026-05-30 03:05:04,CSMT,Clear,0.24,8.42,0.8,27.3,67.4
2026-05-29 04:11:46,CSMT,Clear,0.43,5.95,0.8,29.9,37.2
2026-05-24 19:14:58,CSMT,Clear,0.46,6.5,0.9,24.4,73.2
2026-04-23 14:09:45,CSMT,Rain,0.3,6.26,17.2,15.2,86.8
2026-05-22 02:22:55,CSMT,Cloudy,0.16,8.45,0.1,21.2,65.0
2026-03-05 09:47:57,CSMT,Clear,0.53,5.49,0.8,33.0,92.4
2026-02-04 18:29:18,CSMT,Clear,0.23,8.01,1.4,30.3,61.1
2026-06-22 20:51:04,CSMT,Clear,0.28,8.76,1.0,32.8,69.7
2026-06-19 19:27:46,CSMT,Clear,0.19,8.63,1.0,28.6,80.2
2026-04-15 01:45:26,CSMT,Fog,0.51,5.4,1.2,30.0,65.4
2026-02-28 07:22:21,CSMT,Fog,0.79,3.08,1.1,21.7,81.4
2026-04-29 19:58:05,CSMT,Fog,0.87,2.65,0.3,19.7,87.8
2026-03-11 04:17:03,CSMT,Clear,0.5,6.49,0.3,24.1,65.0
2026-05-22 09:40:08,CSMT,Rain,0.03,8.58,6.2,30.2,73.0
2026-04-21 19:01:30,CSMT,Clear,0.28,7.53,0.5,23.7,68.4
2026-04-25 11:49:29,CSMT,Fog,0.78,2.75,1.2,37.2,85.7
2026-01-21 21:17:52,CSMT,Cloudy,0.2,9.37,0.2,34.2,48.2
2026-05-02 08:09:32,CSMT,Clear,0.91,3.11,0.2,30.5,81.0
2026-02-16 02:11:05,CSMT,Cloudy,0.43,6.56,0.1,18.1,100.0
2026-03-06 01:35:13,CSMT,Cloudy,0.26,7.09,0.9,6.9,96.1
2026-02-06 03:07:48,CSMT,Clear,0.12,8.92,1.3,26.3,76.7
2026-03-15 21:53:59,CSMT,Fog,0.91,2.41,0.7,16.2,56.7
2026-06-28 08:36:09,CSMT,Rain,0.18,7.3,0.6,32.7,77.0
2026-02-06 04:07:39,CSMT,Clear,0.42,5.55,0.3,31.3,81.8
2026-04-18 14:31:47,CSMT,Rain,0.14,7.46,3.4,11.9,44.6
2026-03-30 20:07:03,CSMT,Cloudy,0.29,7.35,0.4,6.6,59.2
2026-02-03 02:59:35,CSMT,Clear,0.33,8.04,1.3,8.1,76.8
2026-01-08 21:10:51,CSMT,Cloudy,0.42,5.9,0.1,26.9,66.2
2026-01-28 18:09:15,CSMT,Clear,0.51,5.47,0.1,30.5,61.5
2026-04-22 12:16:11,CSMT,Clear,0.46,6.06,0.1,11.4,41.7
2026-06-13 17:26:27,CSMT,Clear,0.36,7.11,0.2,22.3,65.5
2026-03-31 12:19:55,CSMT,Cloudy,0.24,8.19,0.5,46.5,81.2
2026-02-16 00:22:41,CSMT,Clear,0.1,9.42,1.4,32.2,79.1
2026-06-13 17:30:11,CSMT,Fog,0.97,1.87,0.4,11.0,88.0
2026-03-09 10:45:03,CSMT,Clear,0.17,7.97,0.7,10.8,74.1
2026-06-11 03:50:31,CSMT,Clear,0.23,8.44,1.2,35.0,69.0
2026-05-08 12:11:37,CSMT,Cloudy,0.42,6.47,0.4,29.1,78.0
2026-01-28 06:24:37,CSMT,Clear,0.24,7.86,0.4,15.4,55.4
2026-02-19 19:59:54,CSMT,Clear,0.29,8.0,1.0,28.1,76.8
2026-02-12 18:16:56,CSMT,Rain,0.41,5.5,3.4,21.1,69.0
2026-03-08 05:50:53,CSMT,Fog,0.89,1.73,1.4,33.0,52.2
2026-02-07 22:26:58,CSMT,Clear,0.05,10.33,0.7,23.7,50.0
2026-05-11 03:24:30,CSMT,Cloudy,0.47,5.98,0.2,23.5,67.9
2026-03-13 13:49:18,CSMT,Cloudy,0.33,7.08,0.5,29.2,71.1
2026-06-12 12:07:11,CSMT,Clear,0.33,7.24,0.1,28.5,53.7
2026-05-20 03:47:57,CSMT,Cloudy,0.38,6.25,1.2,25.9,77.5
2026-05-31 02:12:02,CSMT,Fog,0.55,4.89,1.2,21.8,79.2
2026-04-20 04:52:06,CSMT,Fog,0.76,4.1,0.2,39.1,41.7
2026-06-24 14:04:52,CSMT,Clear,0.2,8.43,0.7,20.2,57.6
2026-02-04 01:15:31,CSMT,Fog,0.55,5.37,1.3,30.2,56.0
2026-05-30 07:53:27,CSMT,Clear,0.14,8.76,1.1,26.6,64.1
2026-04-07 18:53:17,CSMT,Clear,0.23,8.24,1.5,36.0,51.4
2026-01-20 04:43:59,CSMT,Clear,0.47,5.28,0.8,22.7,55.4
2026-04-25 02:14:01,CSMT,Rain,0.33,6.78,8.8,31.5,75.1
2026-06-22 21:44:18,CSMT,Rain,0.15,7.16,7.8,11.6,79.1
2026-02-20 06:24:03,CSMT,Clear,0.56,4.6,0.0,19.4,75.6
2026-01-04 13:21:41,CSMT,Rain,0.21,7.48,11.0,31.4,76.1
2026-01-15 01:40:07,CSMT,Clear,0.32,6.97,1.3,35.1,59.8
2026-02-19 21:07:46,CSMT,Clear,0.43,5.42,1.1,31.8,53.6
2026-06-23 13:08:33,CSMT,Fog,0.39,7.01,0.9,30.0,23.4
2026-03-30 00:54:11,CSMT,Rain,0.15,7.47,1.0,18.9,56.0
2026-02-22 07:25:20,CSMT,Clear,0.35,6.86,0.1,29.6,61.7
2026-03-18 03:02:09,CSMT,Clear,0.2,8.25,1.4,8.7,62.7
2026-04-24 22:36:01,CSMT,Clear,0.36,6.93,0.3,22.8,53.0
2026-01-17 03:25:07,CSMT,Clear,0.16,8.99,0.2,25.7,40.9
2026-03-04 14:49:53,CSMT,Cloudy,0.19,8.33,0.5,30.4,52.2
2026-05-23 08:42:50,CSMT,Clear,0.37,6.52,0.3,40.2,72.3
2026-03-16 08:46:39,CSMT,Fog,0.82,2.9,0.6,45.0,100.0
2026-03-29 11:30:29,CSMT,Clear,0.21,7.54,0.2,35.3,52.1
2026-02-23 08:24:36,CSMT,Clear,0.43,6.39,0.2,26.6,71.4
2026-05-24 19:34:34,CSMT,Rain,0.15,6.77,2.0,23.4,72.7
2026-03-13 20:05:27,CSMT,Cloudy,0.26,6.88,0.2,11.3,71.3
2026-05-01 23:39:06,CSMT,Fog,0.7,3.54,0.8,15.9,56.7
2026-03-21 03:24:29,CSMT,Cloudy,0.05,9.53,0.2,25.6,70.2
2026-03-11 22:59:43,CSMT,Fog,0.58,4.92,0.1,26.7,66.6
2026-02-26 16:10:58,CSMT,Clear,0.11,8.09,1.0,33.9,83.2
2026-02-09 15:07:10,CSMT,Rain,0.14,7.5,8.1,21.3,50.1
2026-06-27 19:40:05,CSMT,Clear,0.34,7.12,1.1,24.0,69.5
2026-02-18 23:14:12,CSMT,Clear,0.31,6.95,1.1,14.4,74.4
2026-01-19 16:53:02,CSMT,Clear,0.34,7.64,1.0,28.2,70.8
2026-04-18 18:03:43,CSMT,Fog,0.47,6.64,0.7,25.4,86.4
2026-01-23 03:36:37,CSMT,Clear,0.22,8.98,1.5,27.2,62.6
2026-06-09 15:18:29,CSMT,Rain,0.28,6.33,9.2,21.8,85.3
2026-01-26 07:33:34,CSMT,Clear,0.38,7.52,0.7,14.9,81.4
2026-01-31 12:15:05,CSMT,Cloudy,0.41,6.45,0.8,14.2,64.9
2026-02-17 08:52:09,CSMT,Cloudy,0.3,7.59,0.9,24.3,100.0
2026-02-17 19:30:55,CSMT,Cloudy,0.23,7.41,1.1,25.5,70.1
2026-02-28 08:39:25,CSMT,Clear,0.08,9.48,0.0,20.8,36.0
2026-06-09 20:59:59,CSMT,Cloudy,0.48,6.06,0.5,19.9,46.4
2026-05-03 09:48:49,CSMT,Fog,0.76,4.37,0.5,27.5,51.9
2026-04-11 20:37:03,CSMT,Clear,0.07,10.17,0.8,25.4,52.0
2026-02-11 13:50:32,CSMT,Clear,0.22,6.97,1.3,23.7,72.9
2026-06-09 12:11:46,CSMT,Clear,0.12,9.05,1.5,24.8,69.2
2026-01-07 23:02:25,CSMT,Clear,0.13,9.1,1.5,22.0,81.1
2026-05-29 04:26:05,CSMT,Clear,0.27,7.74,1.3,18.6,84.5
2026-04-12 16:15:31,CSMT,Rain,0.06,8.32,7.2,21.9,96.1
2026-01-13 06:28:50,CSMT,Clear,0.32,7.76,0.0,33.0,35.4
2026-04-21 18:45:58,CSMT,Cloudy,0.5,5.69,0.6,20.5,50.6
2026-01-13 13:36:51,CSMT,Clear,0.52,5.0,0.9,29.6,85.5
2026-05-26 05:52:26,CSMT,Cloudy,0.24,8.42,1.1,14.1,43.7
2026-02-02 12:33:13,CSMT,Cloudy,0.07,9.14,1.1,37.8,73.5
2026-05-24 23:40:11,CSMT,Cloudy,0.21,8.51,1.2,17.1,66.0
2026-05-04 01:36:57,CSMT,Clear,0.03,9.83,0.5,36.7,66.3
2026-05-29 15:44:57,CSMT,Clear,0.55,5.36,0.5,24.3,51.1
2026-06-12 18:15:46,CSMT,Cloudy,0.56,5.29,0.2,27.7,72.4
2026-05-24 11:24:26,CSMT,Cloudy,0.12,8.7,0.4,22.4,78.8
2026-02-26 13:22:10,CSMT,Cloudy,0.45,6.6,1.2,13.8,50.4
2026-05-12 06:45:48,CSMT,Clear,0.21,8.47,0.6,25.3,71.0
2026-03-05 06:29:44,CSMT,Fog,0.81,2.75,0.2,25.5,100.0
2026-01-20 05:36:03,CSMT,Clear,0.47,6.62,1.2,21.3,92.2
2026-05-23 21:22:20,CSMT,Fog,0.56,5.06,0.0,34.2,88.0
2026-02-02 19:41:17,CSMT,Cloudy,0.1,8.95,0.1,29.3,60.9
2026-01-12 13:12:40,CSMT,Cloudy,0.55,5.36,0.4,16.3,97.9
2026-02-12 21:12:46,CSMT,Fog,0.7,3.74,1.2,24.2,61.9
2026-06-12 01:51:46,CSMT,Cloudy,0.1,8.44,0.3,16.3,78.2
2026-06-06 01:30:26,CSMT,Rain,0.31,6.47,11.0,34.3,77.4
2026-02-17 11:58:07,CSMT,Rain,0.12,8.21,2.9,30.4,73.1
2026-06-24 18:20:40,CSMT,Rain,0.14,7.22,11.4,19.6,42.1
2026-04-13 14:07:19,CSMT,Clear,0.39,6.66,0.4,36.1,91.4
2026-06-06 19:59:11,CSMT,Fog,0.42,6.92,0.2,29.3,22.6
2026-03-22 00:16:52,CSMT,Clear,0.16,9.39,0.6,48.3,42.4
2026-06-30 00:46:09,CSMT,Rain,0.28,5.57,12.1,25.6,63.7
2026-03-26 05:05:11,CSMT,Clear,0.28,7.33,0.7,33.8,48.9
2026-05-09 16:02:11,CSMT,Cloudy,0.17,7.4,1.5,46.0,56.1
2026-05-18 20:59:11,CSMT,Clear,0.2,6.8,0.4,30.5,49.1
2026-03-05 05:21:05,CSMT,Fog,0.79,3.3,0.1,12.9,29.9
2026-05-02 21:29:01,CSMT,Clear,0.2,8.4,0.3,29.1,24.5
2026-05-11 01:49:19,CSMT,Rain,0.29,6.24,1.6,31.1,74.7
2026-05-16 14:16:31,CSMT,Clear,0.38,5.69,0.1,22.0,70.8
2026-02-03 07:31:52,CSMT,Rain,0.17,7.6,18.2,21.3,49.0
2026-06-01 03:52:08,CSMT,Fog,0.47,4.68,0.3,16.3,67.0
2026-05-11 10:04:45,CSMT,Rain,0.49,4.85,9.2,10.3,65.1
2026-02-02 00:56:31,CSMT,Rain,0.65,2.92,12.8,25.2,74.1
2026-03-19 01:42:17,CSMT,Clear,0.26,8.11,0.9,19.8,66.0
2026-02-06 03:50:46,CSMT,Cloudy,0.47,6.09,0.7,26.5,75.8
2026-03-01 07:55:13,CSMT,Rain,0.05,8.75,2.6,24.7,66.5
2026-05-09 04:11:47,CSMT,Cloudy,0.06,9.16,0.2,16.0,78.1
2026-01-27 08:14:49,CSMT,Clear,0.15,8.79,1.0,21.1,96.2
2026-06-21 01:56:53,CSMT,Clear,0.22,7.41,1.4,18.9,66.6
2026-03-24 05:32:03,CSMT,Fog,1.0,1.13,1.3,20.5,55.1
2026-02-20 10:44:33,CSMT,Clear,0.02,9.58,1.2,33.3,76.0
2026-04-15 06:58:06,CSMT,Cloudy,0.21,8.43,0.6,32.5,68.1
2026-01-21 16:33:25,CSMT,Clear,0.08,9.51,0.9,21.2,73.9
2026-01-06 01:25:42,CSMT,Rain,0.31,5.68,18.9,16.6,85.6
2026-01-18 14:07:05,CSMT,Clear,0.52,5.99,0.9,38.2,62.5
2026-06-26 18:38:39,CSMT,Clear,0.27,8.12,0.5,21.0,50.2
2026-01-30 12:39:18,CSMT,Fog,0.43,6.61,0.3,14.2,57.0
2026-01-07 13:43:41,CSMT,Clear,0.45,6.12,1.1,22.6,71.1
2026-05-21 10:08:41,CSMT,Clear,0.38,6.39,0.6,23.2,41.7
2026-06-27 16:55:28,CSMT,Fog,0.8,3.2,1.2,37.9,70.9
2026-02-21 22:14:36,CSMT,Clear,0.26,7.72,0.6,18.4,66.6
2026-01-17 21:07:57,CSMT,Clear,0.29,8.17,0.1,31.8,55.1
2026-04-24 04:16:21,CSMT,Rain,0.42,5.46,19.1,18.6,82.7
2026-03-14 18:28:43,CSMT,Cloudy,0.12,8.98,1.4,26.0,40.0
2026-05-14 12:12:09,CSMT,Clear,0.17,9.16,1.2,21.2,76.0
2026-01-05 20:54:44,CSMT,Clear,0.07,9.76,0.3,11.9,91.0
2026-03-01 23:00:59,CSMT,Fog,0.47,5.95,0.2,23.2,88.4
2026-01-01 07:44:14,CSMT,Clear,0.44,6.61,0.4,25.1,94.4
2026-03-03 17:20:13,CSMT,Cloudy,0.5,5.83,0.1,21.1,57.7
2026-02-12 12:32:10,CSMT,Clear,0.35,6.96,0.1,19.6,85.4
2026-01-23 12:04:51,CSMT,Clear,0.28,7.98,1.2,41.3,68.8
2026-03-31 10:56:13,CSMT,Cloudy,0.11,8.41,0.2,28.7,76.8
2026-01-20 05:40:40,CSMT,Clear,0.32,7.08,0.9,20.3,75.1
2026-03-15 09:47:21,CSMT,Clear,0.12,9.03,0.5,17.4,69.3
2026-06-15 01:54:16,CSMT,Rain,0.3,6.7,16.7,30.5,39.3
2026-01-16 18:28:18,CSMT,Clear,0.26,7.8,1.2,26.4,35.7
2026-06-10 17:32:45,CSMT,Rain,0.32,5.47,13.9,28.2,81.5
2026-03-19 06:26:02,CSMT,Cloudy,0.3,7.14,1.2,15.9,52.7
2026-01-10 11:05:03,CSMT,Rain,0.27,6.35,9.8,24.3,52.2
2026-06-20 17:27:47,CSMT,Clear,0.15,7.91,1.0,19.5,75.1
2026-06-20 03:24:46,CSMT,Fog,0.39,6.21,0.1,20.8,46.1
2026-05-12 14:45:27,CSMT,Cloudy,0.54,5.15,1.1,30.7,54.2
2026-05-01 07:19:51,CSMT,Clear,0.07,9.53,1.2,19.5,62.4
2026-06-06 03:21:57,CSMT,Cloudy,0.31,7.82,0.4,31.7,73.4
2026-03-24 00:58:56,CSMT,Clear,0.39,6.32,1.4,26.1,87.2
2026-06-13 15:47:09,CSMT,Clear,0.49,5.77,0.2,33.0,55.0
2026-03-22 10:05:23,CSMT,Cloudy,0.17,8.64,1.3,20.0,67.0
2026-04-14 18:47:41,CSMT,Clear,0.28,7.5,0.2,12.8,76.4
2026-02-27 01:26:05,CSMT,Cloudy,0.16,8.76,0.2,17.5,46.5
2026-06-29 10:20:11,CSMT,Clear,0.25,7.46,1.0,26.8,77.2
2026-04-12 16:10:16,CSMT,Fog,0.95,2.13,1.2,20.7,86.3
2026-05-20 02:44:00,CSMT,Clear,0.21,8.07,1.2,19.2,36.9
2026-02-15 03:53:49,CSMT,Rain,0.43,5.1,2.8,30.3,61.1
2026-03-01 22:34:39,CSMT,Rain,0.1,8.2,17.7,22.6,72.6
2026-02-16 18:30:35,CSMT,Fog,0.59,4.81,1.3,27.7,36.6
2026-03-20 02:56:39,CSMT,Clear,0.15,9.32,1.3,10.8,71.7
2026-02-06 23:01:31,CSMT,Cloudy,0.37,7.56,0.9,21.8,52.9
2026-01-17 21:26:33,CSMT,Clear,0.66,3.63,0.4,32.8,78.3
2026-04-20 22:11:33,CSMT,Clear,0.35,6.44,1.0,18.3,75.8
2026-04-20 16:07:09,CSMT,Clear,0.62,4.26,1.1,29.7,49.1
2026-01-16 18:10:21,CSMT,Clear,0.33,7.49,1.2,20.9,65.4
2026-06-04 13:42:09,CSMT,Fog,0.72,4.55,1.2,32.8,87.2
2026-03-27 09:30:44,CSMT,Cloudy,0.3,8.28,0.9,28.4,58.8
2026-01-28 01:13:41,CSMT,Cloudy,0.75,4.08,0.7,20.5,73.5
2026-04-05 11:52:07,CSMT,Clear,0.18,8.45,0.6,23.8,37.2
2026-02-26 04:13:02,CSMT,Cloudy,0.27,8.38,0.2,35.9,67.1
2026-05-02 01:16:51,CSMT,Cloudy,0.12,9.05,0.7,9.5,46.0
2026-05-26 12:55:06,CSMT,Clear,0.48,6.09,0.2,15.3,84.9
2026-01-31 09:01:24,CSMT,Rain,0.32,5.9,16.3,15.6,72.2
2026-01-28 06:18:23,CSMT,Rain,0.15,7.9,6.7,23.2,82.4
2026-01-24 22:34:40,CSMT,Fog,0.72,4.4,0.0,12.0,100.0
2026-01-30 22:01:52,CSMT,Fog,0.72,3.82,0.2,22.0,75.8
2026-03-20 16:23:04,CSMT,Clear,0.03,9.51,0.9,25.9,68.3
2026-03-19 17:10:04,CSMT,Rain,0.1,6.95,4.5,20.5,34.9
2026-05-27 17:50:39,CSMT,Clear,0.22,7.8,1.5,20.5,85.9
2026-04-10 11:40:07,CSMT,Rain,0.29,6.53,15.4,21.4,69.1
2026-04-13 07:39:00,CSMT,Cloudy,0.38,7.17,0.1,26.5,68.2
2026-02-05 02:32:18,CSMT,Clear,0.12,9.33,0.3,17.0,29.9
2026-05-23 21:36:42,CSMT,Clear,0.67,4.3,0.8,20.6,72.3
2026-02-23 07:11:25,CSMT,Cloudy,0.09,8.96,1.2,25.2,92.6
2026-05-21 03:39:43,CSMT,Clear,0.11,9.0,0.3,17.9,98.3
2026-05-02 08:18:10,CSMT,Clear,0.08,8.91,1.5,33.8,65.2
2026-02-11 22:36:20,CSMT,Clear,0.53,5.06,1.2,25.7,95.7
2026-02-01 19:33:59,CSMT,Rain,0.25,7.11,8.1,36.6,76.1
2026-04-18 09:13:01,CSMT,Cloudy,0.35,8.26,1.4,30.9,51.9
2026-02-19 14:31:46,CSMT,Clear,0.28,7.65,0.0,27.9,61.4
2026-05-07 15:26:26,CSMT,Clear,0.37,6.74,0.5,20.1,63.3
2026-01-17 21:59:49,CSMT,Cloudy,0.1,9.27,1.3,31.6,20.5
2026-05-28 10:06:08,CSMT,Clear,0.07,9.14,0.0,26.9,46.6
2026-05-02 08:23:22,CSMT,Clear,0.13,9.02,0.4,28.7,81.4
2026-05-06 13:43:07,CSMT,Clear,0.14,8.88,1.4,26.6,51.1
2026-05-27 07:04:31,CSMT,Rain,0.13,6.34,8.8,36.5,55.5
2026-01-29 03:58:41,CSMT,Clear,0.42,5.42,0.8,18.2,82.3
2026-05-26 14:36:56,CSMT,Rain,0.38,5.09,7.4,19.3,73.0
2026-06-10 16:54:55,CSMT,Clear,0.09,8.91,0.4,21.8,65.7
2026-01-09 04:19:27,CSMT,Cloudy,0.35,7.03,0.2,18.2,78.7
2026-05-03 02:04:26,CSMT,Clear,0.7,4.49,0.6,24.4,51.3
2026-01-05 21:26:06,CSMT,Fog,0.53,5.59,0.5,20.6,72.6
2026-01-17 11:59:18,CSMT,Clear,0.6,5.22,0.6,28.2,60.3
2026-03-19 20:40:22,CSMT,Fog,0.63,4.93,0.3,26.2,76.2
2026-05-22 05:57:25,CSMT,Fog,0.7,3.85,0.1,24.3,69.9
2026-03-28 17:17:03,CSMT,Cloudy,0.15,8.87,1.2,25.2,25.8
2026-04-30 06:09:17,CSMT,Clear,0.28,8.17,0.3,25.6,51.7
2026-03-28 20:32:55,CSMT,Fog,0.68,4.66,0.9,36.4,79.0
2026-03-04 03:07:39,CSMT,Fog,0.57,4.93,1.3,14.2,49.6
2026-03-15 14:21:17,CSMT,Fog,0.71,3.81,0.1,33.7,87.4
2026-01-17 20:51:06,CSMT,Fog,0.46,6.29,0.3,33.7,35.3
2026-04-05 01:50:09,CSMT,Cloudy,0.26,7.89,0.7,22.5,81.5
2026-06-28 08:46:15,CSMT,Cloudy,0.19,7.84,0.5,23.0,63.2
2026-04-04 14:46:03,CSMT,Clear,0.23,8.64,0.4,13.3,59.5
2026-06-04 21:07:23,CSMT,Clear,0.43,7.13,1.4,15.9,80.8
2026-05-23 07:35:19,CSMT,Rain,0.75,2.08,2.2,19.2,82.3
2026-01-28 08:05:59,CSMT,Rain,0.22,5.79,20.1,27.2,56.3
2026-01-17 03:57:15,CSMT,Fog,0.67,4.51,0.6,24.6,64.5
2026-03-23 18:11:03,CSMT,Cloudy,0.29,7.25,0.6,23.4,75.5
2026-03-12 12:36:21,CSMT,Clear,0.14,9.2,0.0,42.2,45.8
2026-04-18 05:42:15,CSMT,Cloudy,0.52,5.85,0.4,22.6,90.9
2026-04-12 06:05:14,CSMT,Cloudy,0.16,9.16,0.1,24.4,59.7
2026-04-29 07:45:00,CSMT,Clear,0.16,8.95,0.1,25.8,27.9
2026-03-29 07:15:34,CSMT,Cloudy,0.13,8.36,1.0,26.2,55.8
2026-05-28 03:09:09,CSMT,Clear,0.04,9.45,0.1,14.2,53.0
2026-03-08 17:54:34,CSMT,Clear,0.24,8.39,1.0,19.3,76.7
2026-01-13 13:59:50,CSMT,Rain,0.34,5.08,6.4,34.9,83.6
2026-04-06 19:39:15,CSMT,Clear,0.3,7.99,0.0,27.4,65.8
2026-05-19 21:44:26,CSMT,Clear,0.64,4.26,0.1,16.8,77.6
2026-03-09 13:44:44,CSMT,Cloudy,0.33,7.52,1.1,24.4,98.5
2026-06-12 16:43:25,CSMT,Clear,0.07,8.98,0.2,24.9,80.5
2026-02-02 00:45:41,CSMT,Clear,0.36,7.16,1.2,23.5,63.4
2026-04-02 11:16:36,CSMT,Cloudy,0.48,5.93,0.6,45.7,72.7
2026-02-18 13:20:26,CSMT,Clear,0.44,6.45,0.6,29.9,67.6
2026-04-19 22:19:23,CSMT,Fog,0.77,3.42,1.1,28.7,98.5
2026-05-02 08:57:46,CSMT,Rain,0.21,6.55,12.3,10.1,32.6
2026-03-19 18:04:07,CSMT,Clear,0.66,5.04,0.9,16.1,89.7
2026-05-24 04:47:01,CSMT,Cloudy,0.32,7.49,1.2,28.7,61.7
2026-06-30 09:41:38,CSMT,Fog,0.66,5.23,0.1,35.8,81.5
2026-02-23 03:28:46,CSMT,Cloudy,0.42,6.72,1.2,19.0,36.0
2026-03-08 23:32:08,CSMT,Cloudy,0.15,9.48,0.5,29.9,35.4
2026-03-10 02:06:58,CSMT,Clear,0.25,7.9,1.4,22.0,71.3
2026-06-07 17:13:17,CSMT,Fog,0.81,3.6,0.1,27.6,55.1
2026-02-28 09:36:39,CSMT,Cloudy,0.33,7.54,0.1,28.8,73.0
2026-02-04 04:58:55,CSMT,Fog,0.49,6.01,0.2,23.5,50.4
2026-01-20 00:27:02,CSMT,Clear,0.62,5.04,0.9,31.5,82.7
2026-05-17 17:35:26,CSMT,Fog,0.78,3.47,1.0,16.8,59.8
2026-04-15 05:00:13,CSMT,Clear,0.48,6.67,0.9,15.0,68.6
2026-04-25 04:44:57,CSMT,Cloudy,0.36,7.42,0.1,9.9,65.2
2026-06-04 09:53:26,CSMT,Cloudy,0.09,8.33,0.0,28.0,92.9
2026-06-21 21:03:27,CSMT,Rain,0.05,8.33,5.2,23.1,75.4
2026-04-25 07:54:24,CSMT,Clear,0.56,5.53,1.0,22.1,94.4
2026-03-11 19:18:21,CSMT,Fog,0.41,6.68,1.4,33.6,50.6
2026-01-22 18:48:54,CSMT,Clear,0.27,9.27,1.0,21.8,69.6
2026-06-28 08:52:42,CSMT,Clear,0.33,6.23,0.9,19.4,36.0
2026-03-03 14:03:45,CSMT,Clear,0.41,5.92,1.2,20.2,92.1
2026-04-17 09:00:36,CSMT,Clear,0.17,8.38,1.5,20.0,50.9
2026-04-27 11:07:17,CSMT,Clear,0.26,7.8,1.1,24.6,68.9
2026-05-30 22:31:39,CSMT,Clear,0.65,4.02,0.2,22.8,58.8
2026-02-17 21:47:48,CSMT,Clear,0.5,6.61,1.4,21.9,81.0
2026-03-20 15:01:47,CSMT,Cloudy,0.32,7.41,1.0,18.3,82.3
2026-01-06 21:47:36,CSMT,Fog,0.61,4.51,1.3,12.9,80.1
2026-06-28 19:59:10,CSMT,Cloudy,0.42,6.2,1.0,27.2,83.5
2026-02-19 02:55:34,CSMT,Cloudy,0.06,9.57,0.4,6.6,65.7
2026-05-24 18:37:44,CSMT,Fog,0.69,4.17,1.4,27.3,94.5
2026-03-06 07:33:50,CSMT,Cloudy,0.21,8.02,1.2,22.8,39.0
2026-03-02 13:56:32,CSMT,Cloudy,0.4,6.36,0.7,20.8,100.0
2026-05-06 03:25:47,CSMT,Cloudy,0.21,8.58,0.6,25.4,75.8
2026-01-13 03:54:58,CSMT,Rain,0.22,6.74,21.1,30.3,53.3
2026-05-23 03:13:01,CSMT,Clear,0.06,9.02,0.2,22.0,62.1
2026-02-19 14:02:15,CSMT,Rain,0.11,7.9,11.0,17.1,68.1
2026-05-29 05:19:25,CSMT,Clear,0.3,7.4,0.7,27.3,20.0
2026-04-20 22:42:36,CSMT,Fog,0.44,6.11,1.5,29.2,75.5
2026-03-16 14:59:25,CSMT,Clear,0.26,7.75,1.3,22.7,30.1
2026-06-26 08:01:07,CSMT,Clear,0.19,8.09,1.4,27.5,95.8
2026-02-09 06:49:57,CSMT,Fog,0.44,7.08,1.5,14.3,60.4
2026-01-09 05:27:55,CSMT,Clear,0.13,8.16,0.2,19.1,20.0
2026-06-02 13:01:08,CSMT,Cloudy,0.14,8.89,1.2,31.9,52.9
2026-03-12 01:25:10,CSMT,Rain,0.13,7.52,14.0,18.1,69.2
2026-06-12 16:43:44,CSMT,Cloudy,0.2,8.67,0.1,43.3,100.0
2026-03-27 03:13:00,CSMT,Rain,0.06,9.39,5.0,17.7,81.4
2026-06-16 20:24:09,CSMT,Fog,0.69,3.96,0.2,20.5,80.9
2026-03-23 02:13:20,CSMT,Fog,1.0,1.5,0.3,30.7,57.8
2026-03-07 23:22:48,CSMT,Clear,0.08,8.95,0.8,26.4,74.2
2026-06-30 09:45:43,CSMT,Clear,0.5,5.83,1.3,11.5,100.0
2026-06-18 18:15:26,CSMT,Clear,0.47,6.25,0.2,10.5,69.1
2026-01-21 07:20:58,CSMT,Cloudy,0.29,6.98,1.3,32.5,83.7
2026-06-10 15:08:08,CSMT,Clear,0.2,8.33,0.3,23.6,46.0
2026-06-25 03:49:21,CSMT,Clear,0.29,7.99,1.1,6.9,53.0
2026-05-20 08:29:21,CSMT,Fog,0.81,3.85,1.1,25.4,69.2
2026-06-11 14:43:50,CSMT,Clear,0.38,6.25,0.2,23.1,74.8
2026-04-05 04:15:47,CSMT,Rain,0.13,8.08,6.2,31.9,71.3
2026-05-09 00:28:41,CSMT,Clear,0.24,7.86,0.1,18.5,75.0
2026-06-24 16:58:45,CSMT,Fog,0.46,5.55,0.5,26.2,66.8
2026-03-06 04:16:49,CSMT,Cloudy,0.38,7.12,0.3,36.4,49.8
2026-05-03 06:45:33,CSMT,Clear,0.48,6.71,0.3,32.2,75.0
2026-03-08 13:18:35,CSMT,Clear,0.16,8.34,0.4,23.9,76.2
2026-04-16 17:35:41,CSMT,Cloudy,0.34,6.92,0.3,19.7,84.9
2026-03-12 10:02:32,CSMT,Clear,0.2,8.95,0.8,6.2,65.0
2026-02-13 03:16:55,CSMT,Clear,0.11,8.74,1.2,13.7,60.0
2026-04-03 07:47:15,CSMT,Fog,0.66,4.15,1.3,31.8,56.5
2026-04-09 17:19:42,CSMT,Cloudy,0.36,7.68,0.4,24.6,74.0
2026-03-24 10:18:51,CSMT,Clear,0.53,5.51,1.0,16.2,72.2
2026-03-06 16:10:57,CSMT,Clear,0.15,8.33,1.3,35.8,96.2
2026-01-28 23:19:23,CSMT,Rain,0.24,7.61,21.4,34.6,66.6
2026-04-14 22:01:04,CSMT,Clear,0.31,7.05,0.9,40.2,48.4
2026-03-17 12:33:37,CSMT,Clear,0.34,7.58,0.6,33.8,79.5
2026-04-18 06:29:31,CSMT,Cloudy,0.38,6.92,0.7,33.3,84.2
2026-06-06 14:49:59,CSMT,Clear,0.13,8.5,0.7,16.2,67.2
2026-03-05 12:22:49,CSMT,Clear,0.11,8.95,1.3,22.1,56.4
2026-04-23 16:33:57,CSMT,Rain,0.32,5.91,3.0,28.2,34.3
2026-02-20 05:13:29,CSMT,Cloudy,0.15,8.97,1.2,22.7,69.2
2026-04-26 13:13:28,CSMT,Fog,0.61,4.52,1.0,21.9,94.6
2026-04-28 21:47:37,CSMT,Fog,0.66,4.93,1.5,26.9,52.2
2026-04-26 18:43:35,CSMT,Rain,0.56,3.87,14.9,21.9,100.0
2026-03-12 05:44:52,CSMT,Clear,0.59,5.62,0.3,14.1,75.1
2026-01-31 13:21:04,CSMT,Cloudy,0.22,7.53,0.8,38.3,56.2
2026-05-14 13:50:56,CSMT,Clear,0.09,9.75,0.9,26.8,78.5
2026-02-11 23:43:40,CSMT,Rain,0.38,6.18,14.7,5.7,50.4
2026-02-19 05:36:40,CSMT,Clear,0.46,5.91,0.7,18.9,68.6
2026-01-20 06:11:32,CSMT,Cloudy,0.39,6.58,0.6,42.2,47.7
2026-04-01 00:16:56,CSMT,Rain,0.34,5.62,10.9,25.2,45.9
2026-02-16 14:31:43,CSMT,Fog,0.54,5.37,0.5,27.9,100.0
2026-04-30 19:12:06,CSMT,Clear,0.11,8.71,0.4,17.3,68.8
2026-05-13 15:25:04,CSMT,Fog,0.7,3.8,1.1,15.6,92.8
2026-05-11 06:46:52,CSMT,Clear,0.46,7.09,0.4,23.9,82.9
2026-04-15 12:35:31,CSMT,Clear,0.25,8.37,1.2,40.2,58.7
2026-02-11 15:37:58,CSMT,Fog,0.58,6.12,1.4,14.5,53.2
2026-04-23 20:13:31,CSMT,Clear,0.39,6.8,0.2,36.8,52.8
2026-01-18 22:57:10,CSMT,Cloudy,0.32,7.53,1.1,23.6,87.2
2026-06-15 23:07:36,CSMT,Fog,0.66,3.91,0.8,10.0,31.7
2026-01-26 20:44:24,CSMT,Rain,0.34,6.09,3.2,31.9,73.9
2026-04-27 17:04:32,CSMT,Clear,0.14,8.74,0.8,26.4,100.0
2026-03-30 11:59:47,CSMT,Clear,0.15,8.64,0.3,25.9,52.8
2026-06-27 11:25:58,CSMT,Clear,0.25,7.53,1.2,10.9,47.4
2026-02-12 19:51:54,CSMT,Fog,0.58,5.61,0.0,14.3,84.2
2026-06-01 00:56:05,CSMT,Clear,0.19,8.21,1.2,28.5,37.7
2026-03-24 07:44:17,CSMT,Cloudy,0.58,4.89,0.7,34.9,51.4
2026-02-16 18:12:00,CSMT,Clear,0.32,6.89,0.1,20.3,76.6
2026-03-26 00:38:28,CSMT,Cloudy,0.42,7.16,1.2,31.3,74.3
2026-06-19 08:31:55,CSMT,Cloudy,0.1,9.32,0.6,24.0,48.3
2026-02-20 15:26:20,CSMT,Cloudy,0.11,9.5,0.8,26.0,36.7
2026-02-08 00:44:19,CSMT,Clear,0.09,9.62,1.4,16.4,61.8
2026-01-28 11:13:31,CSMT,Clear,0.16,8.21,1.0,18.6,49.3
2026-01-11 21:30:14,CSMT,Clear,0.12,9.03,1.1,22.4,77.1
2026-03-14 01:02:14,CSMT,Clear,0.39,7.17,0.4,23.0,67.5
2026-01-26 09:16:07,CSMT,Cloudy,0.26,8.33,0.0,25.9,89.3
2026-05-01 14:11:14,CSMT,Clear,0.43,5.81,1.1,5.9,77.3
2026-03-10 17:44:44,CSMT,Fog,0.76,4.19,0.2,27.3,86.0
2026-04-24 13:09:20,CSMT,Clear,0.05,8.99,1.1,18.1,64.9
2026-01-05 04:45:58,CSMT,Cloudy,0.07,8.67,0.1,8.0,94.7
2026-03-16 12:03:17,CSMT,Cloudy,0.52,5.65,0.7,28.1,43.9
2026-03-01 09:10:57,CSMT,Fog,0.48,6.12,0.2,22.5,95.1
2026-02-18 07:28:25,CSMT,Clear,0.57,5.52,1.1,32.9,52.3
2026-05-02 05:47:48,CSMT,Clear,0.24,8.17,0.8,15.3,84.2
2026-05-17 01:51:22,CSMT,Clear,0.21,7.89,0.0,15.0,97.0
2026-06-21 17:28:49,CSMT,Clear,0.61,4.6,1.0,27.6,67.3
2026-01-21 16:40:07,CSMT,Clear,0.62,5.05,0.7,24.7,86.7
2026-02-23 19:18:54,CSMT,Clear,0.13,8.8,0.7,22.0,90.1
2026-06-14 19:31:21,CSMT,Clear,0.21,8.77,0.7,20.3,87.2
2026-02-11 11:04:57,CSMT,Clear,0.09,8.19,0.7,16.7,53.5
2026-03-01 09:29:35,CSMT,Rain,0.5,3.96,6.5,7.9,91.6
2026-01-26 05:25:14,CSMT,Clear,0.21,8.21,0.7,15.1,75.1
2026-02-18 11:11:58,CSMT,Clear,0.38,6.61,0.0,26.3,68.5
2026-03-29 21:58:50,CSMT,Cloudy,0.2,8.93,1.1,14.8,80.2
2026-04-02 09:50:45,CSMT,Clear,0.14,8.63,0.2,18.3,59.0
2026-03-27 18:18:46,CSMT,Clear,0.07,9.42,0.9,15.9,37.3
2026-05-18 22:29:48,CSMT,Cloudy,0.48,6.07,0.4,14.8,71.5
2026-06-17 22:25:58,CSMT,Rain,0.26,6.6,2.6,16.4,64.0
2026-03-09 21:04:29,CSMT,Cloudy,0.49,6.31,1.3,17.3,58.1
2026-05-07 15:24:20,CSMT,Cloudy,0.04,9.98,1.0,29.5,42.1
2026-04-12 09:19:58,CSMT,Rain,0.13,7.96,9.4,25.8,77.7
2026-05-01 02:11:00,CSMT,Clear,0.06,10.2,0.6,26.0,68.0
2026-05-24 05:24:52,CSMT,Clear,0.03,9.55,0.6,36.8,54.4
2026-01-15 19:12:05,CSMT,Clear,0.57,5.33,0.9,25.6,64.3
2026-06-26 14:25:34,CSMT,Clear,0.26,8.71,1.3,18.9,77.1
2026-02-11 12:49:18,CSMT,Cloudy,0.13,9.34,0.0,28.3,47.4
2026-01-14 09:07:24,CSMT,Clear,0.19,8.73,0.7,37.6,30.0
2026-06-30 11:23:39,CSMT,Cloudy,0.27,8.13,0.0,26.9,66.3
2026-02-22 03:48:14,CSMT,Clear,0.14,8.08,0.5,20.1,62.1
2026-04-09 23:40:00,CSMT,Cloudy,0.3,8.26,0.5,34.5,75.1
2026-01-21 08:34:23,CSMT,Clear,0.24,7.71,0.7,31.2,69.3
2026-01-13 09:57:14,CSMT,Clear,0.24,7.59,0.5,27.0,69.2
2026-04-14 19:35:33,CSMT,Clear,0.19,8.69,0.2,22.8,47.7
2026-05-20 09:08:47,CSMT,Clear,0.37,6.56,0.4,23.3,69.9
2026-05-30 19:10:41,CSMT,Clear,0.42,6.91,0.0,24.1,69.0
2026-01-08 10:39:07,CSMT,Clear,0.39,6.28,0.9,15.3,76.1
2026-01-12 19:36:55,CSMT,Cloudy,0.41,7.27,1.4,18.0,58.4
2026-02-18 09:47:23,CSMT,Clear,0.27,7.81,0.0,35.2,41.3
2026-01-02 23:54:45,CSMT,Rain,0.1,7.82,9.7,7.7,37.3
2026-01-21 14:29:02,CSMT,Clear,0.19,8.21,0.8,15.6,74.4
2026-04-28 12:35:43,CSMT,Cloudy,0.28,7.29,0.7,21.8,75.8
2026-02-12 23:58:37,CSMT,Fog,0.87,2.39,0.3,21.0,92.1
2026-04-04 20:45:00,CSMT,Cloudy,0.61,4.31,0.8,36.6,82.0
2026-05-16 05:03:36,CSMT,Clear,0.58,5.14,0.8,19.0,39.5
2026-05-16 10:14:57,CSMT,Clear,0.16,8.9,0.6,17.0,68.1
2026-03-17 22:24:09,CSMT,Clear,0.25,7.79,0.5,26.0,99.2
2026-03-05 16:56:10,CSMT,Fog,0.63,4.6,1.1,20.3,74.8
2026-02-02 05:38:40,CSMT,Clear,0.27,7.39,0.1,31.4,57.6
2026-06-19 09:26:04,CSMT,Clear,0.53,6.11,0.6,19.9,66.3
2026-06-22 07:37:06,CSMT,Clear,0.03,9.86,0.7,25.7,64.1
2026-03-21 04:00:01,CSMT,Rain,0.14,8.08,4.5,33.3,56.9
2026-01-14 05:40:56,CSMT,Rain,0.29,6.48,4.4,13.6,74.3
2026-03-15 00:46:04,CSMT,Clear,0.37,6.62,1.2,28.5,36.9
2026-01-21 13:11:37,CSMT,Cloudy,0.39,6.2,0.9,19.5,54.5
2026-05-18 02:05:06,CSMT,Clear,0.36,7.05,1.3,29.8,77.3
2026-01-18 18:25:45,CSMT,Clear,0.18,9.18,1.4,15.2,65.2
2026-05-06 15:14:29,CSMT,Fog,0.65,4.03,0.1,22.6,97.0
2026-05-01 09:23:35,CSMT,Cloudy,0.44,5.88,1.2,15.7,98.3
2026-05-25 08:29:13,CSMT,Clear,0.12,8.94,0.1,12.0,20.0
2026-06-20 03:24:17,CSMT,Clear,0.34,7.13,1.4,17.0,88.9
2026-05-30 12:55:42,CSMT,Clear,0.39,5.96,0.3,29.7,55.9
2026-02-27 21:26:37,CSMT,Clear,0.29,7.34,0.8,23.8,46.3
2026-05-24 09:39:44,CSMT,Rain,0.27,6.6,7.3,13.8,77.5
2026-04-15 02:03:10,CSMT,Clear,0.55,5.56,1.3,16.9,96.2
2026-01-17 12:34:56,CSMT,Clear,0.4,6.25,0.7,19.6,85.7
2026-02-22 17:20:39,CSMT,Clear,0.1,9.22,1.4,22.5,74.4
2026-03-04 18:19:24,CSMT,Cloudy,0.5,5.74,1.1,29.8,72.1
2026-03-05 01:33:57,CSMT,Clear,0.1,8.94,1.4,38.3,77.2
2026-01-03 22:42:16,CSMT,Clear,0.2,7.45,1.5,21.1,68.8
2026-05-27 05:31:24,CSMT,Cloudy,0.17,8.13,1.3,13.8,89.4
2026-05-13 18:42:01,CSMT,Fog,1.0,1.69,0.5,27.5,60.6
2026-03-24 18:03:33,CSMT,Clear,0.08,9.26,0.8,33.9,49.5
2026-05-09 05:50:45,CSMT,Rain,0.11,7.7,24.4,15.0,56.2
2026-01-17 22:18:23,CSMT,Clear,0.09,9.05,0.8,33.2,49.5
2026-03-23 05:29:45,CSMT,Clear,0.41,5.68,0.5,30.7,33.4
2026-06-08 14:23:06,CSMT,Cloudy,0.64,4.45,0.1,21.9,96.5
2026-04-23 15:40:03,CSMT,Clear,0.31,7.96,0.2,18.8,95.4
2026-03-07 17:38:40,CSMT,Rain,0.55,4.49,10.8,14.5,68.6
2026-01-17 11:25:36,CSMT,Cloudy,0.18,8.6,1.3,14.5,43.5
2026-05-17 11:46:20,CSMT,Clear,0.47,6.5,1.2,28.6,86.9
2026-05-22 00:30:31,CSMT,Cloudy,0.66,4.58,0.1,24.4,84.6
2026-02-25 21:10:54,CSMT,Cloudy,0.3,7.29,0.5,19.6,23.0
2026-01-04 00:38:38,CSMT,Fog,0.6,4.6,1.0,29.8,78.3
2026-05-20 13:41:27,CSMT,Fog,0.56,4.96,0.7,19.3,27.8
2026-01-17 16:23:46,CSMT,Fog,0.9,2.4,0.6,30.2,53.5
2026-03-14 01:32:43,CSMT,Clear,0.35,6.75,0.4,30.9,65.7
2026-05-24 12:51:36,CSMT,Clear,0.15,8.59,1.4,25.5,65.3
2026-02-08 03:15:08,CSMT,Clear,0.1,9.47,0.3,36.8,68.2
2026-06-23 10:00:56,CSMT,Clear,0.33,7.49,0.4,12.4,89.7
2026-04-08 09:05:41,CSMT,Clear,0.21,8.04,0.6,17.2,61.3
2026-02-09 17:32:10,CSMT,Clear,0.08,9.35,1.0,16.1,57.1
2026-02-21 18:10:38,CSMT,Cloudy,0.13,9.21,1.2,18.6,20.0
2026-02-18 19:57:08,CSMT,Clear,0.08,10.19,0.8,21.7,65.4
2026-01-12 17:23:13,CSMT,Rain,0.18,7.41,24.5,25.5,96.0
2026-03-03 09:19:47,CSMT,Clear,0.18,8.93,1.1,11.7,53.9
2026-04-11 15:44:29,CSMT,Cloudy,0.19,7.71,0.7,18.3,70.9
2026-03-24 00:41:25,CSMT,Clear,0.22,7.99,1.5,22.2,81.7
2026-04-26 20:08:10,CSMT,Clear,0.09,10.23,0.7,24.5,62.7
2026-04-30 21:36:37,CSMT,Fog,0.46,5.44,0.7,22.8,60.4
2026-01-31 11:02:14,CSMT,Cloudy,0.23,7.92,0.2,23.9,87.8
2026-03-08 02:38:18,CSMT,Clear,0.21,8.01,0.5,23.3,87.0
2026-01-15 20:01:25,CSMT,Clear,0.35,7.16,0.9,21.9,80.7
2026-06-12 21:48:28,CSMT,Clear,0.45,6.81,0.6,36.0,100.0
2026-06-20 07:15:45,CSMT,Fog,0.47,5.89,0.9,24.4,59.1
2026-05-17 02:30:17,CSMT,Clear,0.23,8.31,0.7,17.8,80.9
2026-01-01 03:57:35,CSMT,Fog,0.64,3.81,0.7,31.7,74.7
2026-06-19 06:36:39,CSMT,Clear,0.09,8.88,1.3,17.1,20.0
2026-01-24 00:45:17,CSMT,Clear,0.05,9.54,1.2,9.7,81.4
2026-04-26 07:13:13,CSMT,Clear,0.41,6.48,0.3,27.0,63.6
2026-02-18 12:40:04,CSMT,Rain,0.48,5.1,9.2,31.6,91.9
2026-06-28 11:24:20,CSMT,Cloudy,0.2,7.62,1.4,18.7,64.3
2026-02-06 16:32:35,CSMT,Clear,0.35,7.37,0.8,30.2,62.4
2026-03-29 21:14:00,CSMT,Fog,0.78,2.79,1.2,20.2,60.9
2026-02-24 20:58:04,CSMT,Cloudy,0.13,8.73,1.4,12.3,48.7
2026-05-06 22:59:10,CSMT,Clear,0.45,6.9,1.5,26.2,59.2
2026-02-24 13:08:35,CSMT,Cloudy,0.23,7.45,0.6,17.9,47.1
2026-04-06 19:23:23,CSMT,Clear,0.15,9.05,0.3,21.2,21.3
2026-02-26 12:30:54,CSMT,Clear,0.26,7.21,0.5,24.7,73.2
2026-04-10 22:06:41,CSMT,Clear,0.46,6.23,0.3,23.0,34.0
2026-02-22 14:07:36,CSMT,Clear,0.23,8.28,0.5,8.4,58.5
2026-01-24 23:29:07,CSMT,Fog,0.5,5.8,0.7,32.9,84.8
2026-04-30 01:57:55,CSMT,Clear,0.11,8.88,0.2,28.0,49.0
2026-03-31 08:39:58,CSMT,Cloudy,0.07,9.87,0.9,16.2,64.4
2026-05-13 18:33:58,CSMT,Fog,0.6,4.92,1.4,26.7,91.3
2026-05-24 16:15:00,CSMT,Clear,0.06,10.16,1.4,22.0,34.0
2026-02-07 22:05:28,CSMT,Fog,0.65,4.67,0.9,7.9,64.7
2026-04-13 17:21:30,CSMT,Clear,0.25,7.75,0.1,31.2,80.3
2026-05-08 14:03:34,CSMT,Cloudy,0.29,7.66,1.4,30.3,66.5
2026-04-28 18:41:49,CSMT,Clear,0.19,8.57,0.9,21.3,52.0
2026-03-22 16:09:53,CSMT,Cloudy,0.74,4.21,0.8,32.0,84.7
2026-06-01 02:28:10,CSMT,Fog,0.66,5.0,0.4,22.5,93.2
2026-06-23 15:11:48,CSMT,Clear,0.36,7.49,0.5,15.2,51.9
2026-05-01 10:37:45,CSMT,Fog,0.67,4.52,0.9,28.3,73.8
2026-06-18 09:17:55,CSMT,Clear,0.17,8.37,0.8,27.4,70.3
2026-02-06 18:07:26,CSMT,Clear,0.37,6.68,0.3,16.9,100.0
2026-04-27 00:39:16,CSMT,Clear,0.36,6.68,1.2,28.0,59.6
2026-06-04 18:14:41,CSMT,Fog,1.0,1.06,0.6,34.9,47.6
2026-04-17 07:08:55,CSMT,Cloudy,0.09,9.48,0.9,29.2,36.9
2026-02-12 14:01:51,CSMT,Clear,0.18,8.38,1.4,31.0,54.5
2026-02-03 06:19:28,CSMT,Rain,0.22,7.6,7.9,8.1,81.6
2026-04-17 18:19:59,CSMT,Cloudy,0.1,9.53,0.7,21.4,63.6
2026-04-25 21:42:29,CSMT,Rain,0.22,6.92,5.6,24.5,100.0
2026-05-11 18:31:05,CSMT,Fog,0.73,3.68,0.8,26.5,93.8
2026-04-03 19:31:46,CSMT,Clear,0.07,9.06,1.0,36.4,40.4
2026-06-24 05:06:31,CSMT,Fog,0.47,6.33,0.7,27.9,79.1
2026-02-17 02:33:07,CSMT,Clear,0.19,8.37,1.2,22.5,50.4
2026-01-05 01:08:45,CSMT,Clear,0.25,7.87,0.7,14.1,23.4
2026-04-08 22:24:29,CSMT,Rain,0.08,8.57,4.2,15.8,80.7
2026-04-09 03:09:00,CSMT,Clear,0.1,9.47,0.2,15.7,100.0
2026-01-11 15:06:04,CSMT,Clear,0.36,6.68,0.4,27.1,26.5
2026-03-22 12:14:53,CSMT,Clear,0.35,7.28,1.5,24.7,60.3
2026-01-15 12:42:24,CSMT,Cloudy,0.19,8.62,0.5,19.2,64.3
2026-04-01 07:22:12,CSMT,Clear,0.16,7.38,0.8,23.2,69.7
2026-01-15 02:00:58,CSMT,Clear,0.39,7.6,0.8,39.2,49.6
2026-04-25 17:42:21,CSMT,Clear,0.13,8.68,0.4,25.0,47.8
2026-01-08 01:38:16,CSMT,Rain,0.2,7.48,4.7,23.2,65.8
2026-01-15 02:32:46,CSMT,Clear,0.25,7.39,1.2,25.4,53.5
2026-04-20 00:49:35,CSMT,Fog,0.46,6.3,0.7,22.2,82.7
2026-01-08 15:42:54,CSMT,Rain,0.06,8.22,22.6,29.4,63.0
2026-01-22 07:09:56,CSMT,Clear,0.08,9.27,0.9,9.6,90.3
2026-01-16 06:07:45,CSMT,Fog,0.67,3.6,0.8,13.2,46.7
2026-04-08 02:54:30,CSMT,Clear,0.05,10.31,1.2,10.4,55.0
2026-02-07 13:51:07,CSMT,Fog,0.65,4.83,1.2,21.3,66.7
2026-03-01 02:49:18,CSMT,Cloudy,0.46,6.39,0.8,19.7,64.0
2026-01-13 10:44:42,CSMT,Clear,0.6,4.8,0.5,28.4,47.0
2026-04-28 03:58:55,CSMT,Clear,0.18,7.99,0.9,28.6,49.8
2026-02-20 17:39:36,CSMT,Cloudy,0.27,7.9,1.2,12.9,57.0
2026-03-08 10:32:24,CSMT,Clear,0.25,7.62,1.4,30.3,54.9
2026-06-09 21:45:25,CSMT,Clear,0.22,8.58,0.7,14.9,56.3
2026-02-14 23:47:00,CSMT,Rain,0.16,6.88,19.6,29.0,83.2
2026-02-25 09:28:51,CSMT,Rain,0.11,7.21,9.6,28.1,92.9
2026-02-20 15:12:58,CSMT,Clear,0.41,5.82,0.3,24.3,58.4
2026-06-08 16:54:12,CSMT,Cloudy,0.47,6.68,1.5,21.3,83.5
2026-02-10 20:38:59,CSMT,Fog,0.68,4.29,0.9,25.7,68.5
2026-03-28 01:29:03,CSMT,Rain,0.51,5.43,17.7,16.7,55.5
2026-03-06 06:51:30,CSMT,Clear,0.46,6.35,0.2,19.6,45.4
2026-06-21 02:10:52,CSMT,Clear,0.4,6.34,0.3,10.9,76.7
2026-06-26 20:49:19,CSMT,Rain,0.14,7.76,6.7,25.0,98.8
2026-03-16 00:35:00,CSMT,Fog,0.5,5.79,0.2,26.2,65.9
2026-04-16 23:44:11,CSMT,Rain,0.3,6.51,13.1,21.8,89.0
2026-04-22 03:28:59,CSMT,Fog,0.6,5.14,0.7,29.1,62.4
2026-03-29 09:28:36,CSMT,Clear,0.31,6.68,0.1,25.8,74.9
2026-06-18 22:21:27,CSMT,Rain,0.32,5.82,4.9,29.6,92.0
2026-01-08 20:26:36,CSMT,Rain,0.43,5.66,3.4,34.3,94.5
2026-01-26 00:34:08,CSMT,Clear,0.68,4.04,0.1,14.4,84.5
2026-05-15 16:17:17,CSMT,Fog,0.58,5.07,0.5,19.2,79.8
2026-05-29 11:44:01,CSMT,Rain,0.26,6.56,8.5,23.2,72.2
2026-03-24 09:31:37,CSMT,Rain,0.08,8.16,9.7,9.8,84.2
2026-01-03 07:21:13,CSMT,Cloudy,0.11,8.76,0.1,36.9,47.7
2026-01-04 11:21:53,CSMT,Clear,0.4,7.22,0.3,32.3,63.6
2026-05-05 14:35:49,CSMT,Cloudy,0.28,7.41,1.3,30.9,73.2
2026-04-07 04:49:26,CSMT,Clear,0.03,9.64,0.3,22.3,66.7
2026-03-09 12:15:10,CSMT,Clear,0.45,6.53,0.5,20.7,74.4
2026-06-27 12:52:31,CSMT,Cloudy,0.19,8.17,0.3,20.4,65.0
2026-05-22 10:20:31,CSMT,Clear,0.09,9.49,1.2,22.0,53.1
2026-01-14 05:40:54,CSMT,Cloudy,0.11,9.1,1.3,20.4,62.4
2026-01-19 06:03:41,CSMT,Clear,0.39,7.15,1.0,15.3,81.1
2026-06-03 21:20:06,CSMT,Clear,0.06,9.6,0.7,37.2,88.0
2026-03-12 09:46:50,CSMT,Clear,0.58,4.67,0.0,24.8,70.6
2026-03-13 01:34:59,CSMT,Cloudy,0.61,4.96,0.7,27.6,60.2
2026-04-05 15:13:53,CSMT,Clear,0.12,9.17,1.4,33.7,20.0
2026-04-14 21:47:51,CSMT,Clear,0.53,5.53,0.2,32.2,91.9
2026-02-11 15:29:40,CSMT,Fog,0.65,4.1,1.3,21.9,61.1
2026-01-30 01:18:23,CSMT,Clear,0.31,7.08,0.4,26.2,85.7
2026-03-05 03:11:40,CSMT,Clear,0.26,7.4,0.3,27.1,59.7
2026-03-14 04:26:01,CSMT,Clear,0.5,5.28,1.4,22.9,61.1
2026-03-08 09:10:07,CSMT,Fog,0.5,5.89,1.2,13.6,92.9
2026-02-02 03:38:00,CSMT,Clear,0.16,8.23,0.4,22.8,44.7
2026-02-24 07:50:24,CSMT,Clear,0.12,8.66,0.1,26.9,100.0
2026-01-29 05:09:36,CSMT,Rain,0.26,6.16,7.3,15.5,42.8
2026-02-28 23:29:02,CSMT,Clear,0.72,3.74,1.2,30.6,63.2
2026-03-20 10:19:01,CSMT,Cloudy,0.32,6.38,0.6,25.5,70.2
2026-02-14 06:55:06,CSMT,Clear,0.08,9.2,0.3,15.6,62.0
2026-02-18 06:52:14,CSMT,Clear,0.11,8.91,1.2,18.8,68.4
2026-02-15 12:31:58,CSMT,Rain,0.35,6.03,8.7,23.2,40.1
2026-02-16 22:17:41,CSMT,Cloudy,0.37,6.88,1.5,28.4,85.1
2026-06-28 07:55:09,CSMT,Fog,0.56,5.06,0.4,11.1,57.1
2026-05-06 15:07:37,CSMT,Cloudy,0.16,9.22,1.2,32.2,65.6
2026-04-05 09:08:10,CSMT,Cloudy,0.26,7.36,0.4,20.5,97.8
2026-01-09 18:19:32,CSMT,Rain,0.27,6.03,15.5,21.7,53.5
2026-04-22 12:22:48,CSMT,Fog,0.82,2.39,0.9,26.1,97.8
2026-01-23 10:53:40,CSMT,Fog,0.92,2.11,0.5,36.1,84.5
2026-02-08 12:26:04,CSMT,Rain,0.36,5.97,7.4,40.8,63.6
2026-03-06 00:26:07,CSMT,Fog,0.42,6.51,1.0,20.0,43.7
2026-03-07 20:26:51,CSMT,Clear,0.36,5.77,0.1,26.2,82.0
2026-03-23 20:17:04,CSMT,Clear,0.13,9.84,0.4,26.5,65.0
2026-01-31 00:36:44,CSMT,Clear,0.15,9.09,1.0,23.7,68.5
2026-04-20 00:02:21,CSMT,Clear,0.32,6.27,1.4,19.0,68.0
2026-02-05 10:59:21,CSMT,Rain,0.19,6.29,12.3,20.6,57.2
2026-03-03 07:24:51,CSMT,Fog,0.7,4.04,0.7,6.6,95.7
2026-03-03 14:38:49,CSMT,Clear,0.78,3.27,1.5,25.8,44.4
2026-05-01 22:55:06,CSMT,Cloudy,0.09,8.29,0.3,25.7,25.0
2026-06-20 03:00:15,CSMT,Cloudy,0.31,7.14,1.1,34.6,79.2
2026-04-21 18:18:21,CSMT,Fog,0.46,5.63,0.5,13.0,74.0
2026-04-28 09:15:25,CSMT,Clear,0.38,6.82,1.5,19.1,56.1
2026-03-05 20:02:51,CSMT,Clear,0.23,7.46,0.2,18.6,37.6
2026-01-26 03:17:09,CSMT,Clear,0.26,7.57,0.8,17.5,100.0
2026-01-26 02:31:12,CSMT,Clear,0.38,6.7,0.8,37.4,94.9
2026-05-31 00:54:33,CSMT,Clear,0.17,8.79,1.4,27.1,95.8
2026-04-25 21:04:57,CSMT,Clear,0.13,9.46,0.9,29.8,53.6
2026-02-18 17:29:40,CSMT,Clear,0.41,5.76,0.8,32.3,89.6
2026-06-15 23:29:06,CSMT,Cloudy,0.05,10.32,1.4,21.2,77.0
2026-06-19 19:20:05,CSMT,Clear,0.61,4.04,1.4,50.1,71.6
2026-01-07 00:27:01,CSMT,Cloudy,0.19,9.14,1.4,28.3,49.6
2026-04-29 05:09:02,CSMT,Clear,0.35,7.28,1.3,36.5,51.5
2026-04-25 15:11:06,CSMT,Clear,0.33,7.77,0.9,32.2,48.2
2026-05-29 06:45:26,CSMT,Clear,0.44,6.38,0.0,29.8,100.0
2026-01-04 09:08:26,CSMT,Clear,0.45,6.27,0.2,12.5,56.5
2026-04-01 06:33:44,CSMT,Clear,0.03,9.38,1.2,31.9,51.4
2026-01-07 12:51:13,CSMT,Rain,0.2,7.7,2.7,27.1,60.8
2026-03-20 05:47:27,CSMT,Cloudy,0.38,6.03,1.1,15.3,74.5
2026-04-16 02:20:35,CSMT,Clear,0.14,8.39,0.3,21.0,53.8
2026-05-28 02:08:47,CSMT,Clear,0.24,7.61,0.1,28.4,86.1
2026-05-02 13:53:25,CSMT,Rain,0.12,7.72,4.6,30.6,93.2
2026-01-11 10:12:47,CSMT,Clear,0.57,4.62,1.4,21.5,24.8
2026-01-10 19:55:23,CSMT,Rain,0.41,5.73,1.1,29.5,30.8
2026-05-20 14:07:37,CSMT,Clear,0.34,7.22,1.2,45.1,51.6
2026-03-24 07:39:47,CSMT,Clear,0.09,9.02,0.4,29.9,58.6
2026-01-29 07:17:36,CSMT,Clear,0.17,9.07,0.3,37.2,90.8
2026-02-12 21:08:03,CSMT,Rain,0.27,6.6,1.8,16.0,61.1
2026-04-30 23:11:21,CSMT,Cloudy,0.16,9.05,0.9,29.5,70.3
2026-01-17 15:45:00,CSMT,Clear,0.32,6.73,1.1,25.7,58.1
2026-04-29 09:14:52,CSMT,Cloudy,0.22,7.87,0.5,18.0,80.6
2026-06-05 13:53:16,CSMT,Cloudy,0.33,6.9,0.9,23.7,95.4
2026-04-18 02:53:38,CSMT,Clear,0.33,7.08,1.2,19.9,63.8
2026-05-20 00:05:50,CSMT,Clear,0.23,8.11,1.3,26.1,39.2
2026-03-06 01:21:22,CSMT,Clear,0.19,7.83,1.1,3.0,62.7
2026-02-04 21:00:08,CSMT,Clear,0.13,8.29,0.5,27.5,65.8
2026-06-23 11:11:22,CSMT,Clear,0.11,8.76,0.2,17.4,50.0
2026-04-27 02:55:09,CSMT,Cloudy,0.72,3.81,0.3,23.1,50.0
2026-05-29 21:59:40,CSMT,Clear,0.27,8.19,0.2,32.6,82.3
2026-01-10 19:27:19,CSMT,Rain,0.22,7.2,14.2,20.9,58.9
2026-05-14 15:47:55,CSMT,Clear,0.59,4.13,0.7,32.0,40.7
2026-02-18 04:29:12,CSMT,Clear,0.41,6.75,1.1,21.1,73.3
2026-02-02 10:14:05,CSMT,Clear,0.15,8.59,1.0,23.7,87.6
2026-06-21 08:48:13,CSMT,Fog,0.78,3.69,1.0,28.8,78.1
2026-06-16 23:15:51,CSMT,Cloudy,0.28,8.0,1.4,28.6,65.7
2026-04-30 09:23:55,CSMT,Rain,0.33,6.27,5.3,17.3,54.5
2026-04-24 21:15:13,CSMT,Cloudy,0.41,7.54,1.0,16.5,35.3
2026-01-31 04:59:42,CSMT,Clear,0.3,7.36,0.1,20.9,44.2
2026-04-08 07:59:57,CSMT,Clear,0.42,6.06,0.4,26.5,95.4
2026-05-15 03:50:56,CSMT,Clear,0.14,8.88,0.3,16.2,78.3
2026-03-07 21:34:27,CSMT,Cloudy,0.07,9.6,0.8,27.0,81.7
2026-03-13 08:46:05,CSMT,Clear,0.01,10.82,0.1,25.9,68.5
2026-02-27 08:59:58,CSMT,Clear,0.31,7.0,0.8,35.1,81.6
2026-03-29 04:29:02,CSMT,Clear,0.29,8.38,0.9,35.1,41.9
2026-06-08 09:44:50,CSMT,Clear,0.62,4.43,0.6,27.1,52.3
2026-04-17 06:15:02,CSMT,Cloudy,0.16,8.6,0.6,8.1,53.2
2026-04-07 22:54:02,CSMT,Rain,0.26,6.5,3.8,23.7,73.6
2026-06-27 05:36:04,CSMT,Clear,0.24,8.54,0.6,28.7,61.7
2026-04-06 10:21:20,CSMT,Rain,0.09,7.9,8.2,13.6,54.0
2026-05-17 02:15:58,CSMT,Rain,0.07,7.84,2.2,27.0,32.0
2026-02-08 01:35:34,CSMT,Clear,0.2,8.21,0.7,14.7,45.3
2026-06-02 04:00:46,CSMT,Rain,0.06,8.11,10.1,41.0,68.6
2026-01-13 08:31:31,CSMT,Fog,0.74,3.74,0.4,26.0,57.3
2026-04-10 06:45:37,CSMT,Clear,0.13,9.16,0.9,33.1,98.5
2026-03-06 22:30:52,CSMT,Fog,0.85,2.48,0.0,25.0,92.3
2026-01-24 12:41:07,CSMT,Rain,0.36,6.17,4.5,27.0,100.0
2026-03-09 11:39:01,CSMT,Clear,0.28,7.53,1.2,34.4,42.2
2026-02-28 02:51:18,CSMT,Clear,0.4,6.66,0.1,27.8,71.4
2026-06-17 22:04:10,CSMT,Fog,0.56,5.13,1.4,34.3,89.1
2026-01-22 22:49:39,CSMT,Clear,0.22,7.83,0.7,42.0,80.9
2026-02-09 14:30:42,CSMT,Cloudy,0.4,6.21,0.3,35.2,76.0
2026-01-20 14:18:15,CSMT,Rain,0.62,4.01,21.8,11.7,83.6
2026-04-28 13:31:06,CSMT,Clear,0.25,7.98,1.0,31.5,50.8
2026-05-08 22:50:42,CSMT,Cloudy,0.33,6.74,1.4,33.1,62.4
2026-06-15 16:35:51,CSMT,Fog,0.74,3.69,1.2,20.9,55.3
2026-04-26 23:56:20,CSMT,Rain,0.15,7.83,9.4,14.5,68.8
2026-03-24 09:12:30,CSMT,Clear,0.2,8.37,0.3,23.0,100.0
2026-05-09 02:36:02,CSMT,Rain,0.27,6.8,6.3,29.3,90.7
2026-04-02 12:02:27,CSMT,Clear,0.21,8.21,0.5,39.0,77.8
2026-05-17 08:32:02,CSMT,Clear,0.11,8.38,0.9,23.6,62.7
2026-03-05 04:45:53,CSMT,Rain,0.17,7.27,16.1,29.9,56.9
2026-03-04 18:00:16,CSMT,Clear,0.37,6.47,0.5,29.6,60.7
2026-05-12 21:44:54,CSMT,Fog,0.74,3.85,1.3,22.1,87.4
2026-05-23 05:20:21,CSMT,Cloudy,0.24,8.15,0.6,35.8,80.8
2026-05-20 08:39:01,CSMT,Clear,0.27,7.88,1.2,40.0,63.3
2026-04-17 11:29:09,CSMT,Clear,0.08,9.44,0.3,36.4,55.2
2026-05-11 20:55:50,CSMT,Cloudy,0.23,7.48,0.5,37.1,88.9
2026-03-21 05:14:31,CSMT,Clear,0.14,8.76,0.4,18.7,58.4
2026-04-03 17:34:14,CSMT,Cloudy,0.16,8.19,1.1,15.4,51.0
2026-04-28 03:34:41,CSMT,Rain,0.31,6.03,7.5,14.9,72.4
2026-01-27 22:27:54,CSMT,Cloudy,0.21,8.52,1.4,16.1,57.8
2026-06-15 09:43:23,CSMT,Rain,0.44,5.68,4.7,29.5,75.9
2026-04-16 11:52:20,CSMT,Clear,0.32,7.56,0.2,15.5,54.6
2026-02-12 08:02:31,CSMT,Clear,0.22,7.15,0.1,26.0,70.9
2026-06-13 16:10:17,CSMT,Clear,0.17,9.21,0.6,26.7,48.8
2026-01-03 16:38:30,CSMT,Clear,0.55,5.58,0.5,16.5,90.8
2026-05-24 09:43:02,CSMT,Clear,0.03,9.36,1.2,19.8,53.8
2026-05-20 15:05:19,CSMT,Clear,0.21,8.86,1.1,21.6,39.8
2026-01-01 00:31:41,CSMT,Clear,0.39,6.28,0.7,17.3,66.2
2026-03-08 09:50:08,CSMT,Clear,0.4,5.93,0.3,28.2,84.1
2026-03-25 05:07:01,CSMT,Clear,0.25,7.93,1.3,23.9,78.0
2026-06-25 20:06:02,CSMT,Clear,0.42,6.32,0.4,15.6,86.9
2026-04-19 14:05:23,CSMT,Fog,0.37,6.74,1.2,14.5,71.0
2026-04-10 06:02:22,CSMT,Rain,0.15,7.47,1.3,19.9,80.9
2026-04-07 06:59:42,CSMT,Clear,0.05,9.68,0.0,18.6,80.2
2026-03-06 15:53:34,CSMT,Fog,0.49,5.86,0.5,18.7,64.4
2026-05-02 17:42:31,CSMT,Clear,0.3,7.44,0.7,29.0,91.8
2026-01-09 10:14:18,CSMT,Cloudy,0.02,9.73,0.5,22.4,36.1
2026-03-16 11:21:19,CSMT,Cloudy,0.23,8.18,0.3,30.8,53.0
2026-03-23 06:46:41,CSMT,Clear,0.16,8.78,1.1,20.0,41.7
2026-01-25 04:45:44,CSMT,Cloudy,0.51,6.67,0.9,19.7,81.5
2026-03-06 23:48:54,CSMT,Clear,0.06,9.69,1.2,33.0,66.4
2026-04-07 22:32:44,CSMT,Rain,0.12,7.48,22.1,19.2,84.7
2026-04-09 16:53:47,CSMT,Clear,0.24,7.85,0.7,26.1,44.7
2026-06-10 11:54:31,CSMT,Cloudy,0.36,6.6,1.5,18.6,82.2
2026-02-15 12:28:03,CSMT,Clear,0.39,6.99,0.2,31.1,100.0
2026-05-31 11:44:38,CSMT,Clear,0.06,10.19,0.8,24.4,57.4
2026-03-22 11:25:55,CSMT,Cloudy,0.07,10.04,0.9,17.5,45.6
2026-02-06 23:53:39,CSMT,Clear,0.2,7.71,0.9,10.1,66.8
2026-03-17 17:08:10,CSMT,Fog,0.66,4.41,0.5,21.5,59.7
2026-02-20 07:20:01,CSMT,Clear,0.23,8.33,0.4,19.5,84.0
2026-05-02 00:54:18,CSMT,Clear,0.41,7.54,1.3,14.2,61.1
2026-04-05 02:43:14,CSMT,Cloudy,0.07,8.98,0.1,33.2,84.4
2026-05-03 11:25:34,CSMT,Clear,0.31,8.12,1.0,26.7,94.9
2026-02-20 04:31:00,CSMT,Clear,0.24,8.51,0.4,27.6,37.5
2026-02-10 20:01:55,CSMT,Clear,0.14,9.16,1.0,16.4,55.9
2026-02-22 13:42:23,CSMT,Clear,0.16,9.41,1.4,13.6,59.7
2026-06-26 06:09:57,CSMT,Clear,0.4,6.44,0.2,25.1,83.8
2026-02-25 10:02:52,CSMT,Clear,0.55,6.25,0.6,31.3,80.5
2026-05-01 20:56:39,CSMT,Cloudy,0.14,8.91,0.8,26.7,100.0
2026-03-22 13:19:07,CSMT,Clear,0.36,6.72,1.3,25.1,44.1
2026-06-16 20:23:52,CSMT,Clear,0.03,10.16,0.3,13.5,61.7
2026-03-22 19:34:26,CSMT,Clear,0.32,7.46,1.4,36.2,77.5
2026-04-14 13:05:13,CSMT,Cloudy,0.17,8.8,0.8,20.0,61.5
2026-06-17 19:06:16,CSMT,Clear,0.19,8.21,0.4,22.5,80.5
2026-06-10 20:26:22,CSMT,Fog,0.48,6.46,0.6,30.0,37.1
2026-04-09 13:58:11,CSMT,Clear,0.43,5.98,0.6,25.7,67.3
2026-02-16 11:32:10,CSMT,Clear,0.25,7.99,0.5,21.7,68.2
2026-03-19 03:21:46,CSMT,Cloudy,0.48,6.22,0.8,21.8,29.8
2026-04-14 13:38:23,CSMT,Cloudy,0.26,8.17,1.5,44.2,64.6
2026-01-06 17:59:02,CSMT,Cloudy,0.34,6.28,0.1,30.6,82.0
2026-03-04 15:37:37,CSMT,Clear,0.51,5.73,1.4,16.3,100.0
2026-03-16 02:22:31,CSMT,Clear,0.28,7.18,0.8,22.4,79.8
2026-05-11 17:44:08,CSMT,Clear,0.13,9.29,1.3,23.7,63.2
2026-01-24 22:53:09,CSMT,Rain,0.37,4.66,13.7,16.2,71.1
2026-05-27 15:14:56,CSMT,Clear,0.2,8.52,1.4,13.1,57.4
2026-04-03 05:33:09,CSMT,Clear,0.13,8.69,0.4,13.6,72.2
2026-01-27 15:29:39,CSMT,Clear,0.12,9.25,0.9,32.9,56.0
2026-02-15 04:30:17,CSMT,Rain,0.16,8.02,8.5,18.4,56.2
2026-01-01 03:23:42,CSMT,Clear,0.88,2.71,1.4,21.6,78.8
2026-06-14 15:55:04,CSMT,Cloudy,0.25,7.66,0.9,27.2,56.2
2026-03-07 20:09:12,CSMT,Clear,0.12,8.74,0.8,18.9,34.9
2026-01-09 01:24:52,CSMT,Clear,0.18,9.67,0.7,35.1,74.7
2026-03-17 19:27:18,CSMT,Fog,0.85,3.35,0.6,33.3,89.2
2026-05-30 15:27:23,CSMT,Clear,0.34,7.89,0.5,18.2,56.6
2026-06-10 08:58:31,CSMT,Clear,0.34,7.13,1.1,16.4,78.3
2026-03-26 07:18:35,CSMT,Cloudy,0.14,8.65,0.8,29.2,55.2
2026-06-10 15:13:30,CSMT,Clear,0.21,8.08,1.0,28.8,82.6
2026-03-16 01:12:40,CSMT,Rain,0.25,6.07,2.1,10.5,86.2
2026-05-01 05:09:38,CSMT,Rain,0.19,6.77,12.4,21.4,45.7
2026-05-08 17:24:16,CSMT,Clear,0.31,7.51,0.7,32.8,56.8
2026-04-27 18:08:18,CSMT,Rain,0.37,5.01,5.3,10.2,76.2
2026-06-10 06:10:47,CSMT,Clear,0.12,8.65,0.1,23.1,39.9
2026-03-10 11:31:52,CSMT,Clear,0.18,9.51,0.6,33.2,48.4
2026-03-01 20:18:21,CSMT,Clear,0.07,9.39,1.0,30.5,72.3
2026-06-02 18:54:11,CSMT,Rain,0.43,5.19,2.2,23.5,68.0
2026-02-17 02:54:10,CSMT,Rain,0.41,5.47,12.6,21.4,77.8
2026-01-01 17:36:40,CSMT,Clear,0.33,7.0,0.6,24.9,83.9
2026-03-22 08:08:25,CSMT,Clear,0.35,7.66,0.9,19.6,77.2
2026-03-08 14:48:11,CSMT,Clear,0.38,6.71,1.3,15.8,50.5
2026-05-14 13:53:51,CSMT,Cloudy,0.17,8.34,0.8,13.1,77.9
2026-06-17 15:31:14,CSMT,Clear,0.27,7.36,1.1,29.1,46.3
2026-06-22 19:31:08,CSMT,Fog,0.9,2.1,1.1,31.3,100.0
2026-05-09 20:24:02,CSMT,Fog,0.61,4.21,0.3,21.4,43.6
2026-06-17 13:15:03,CSMT,Cloudy,0.26,7.74,0.1,8.4,65.1
2026-04-07 10:49:48,CSMT,Rain,0.45,5.84,1.5,30.2,59.3
2026-06-06 21:38:09,CSMT,Clear,0.35,7.05,0.8,19.8,98.7
2026-06-19 10:52:43,CSMT,Clear,0.09,10.37,1.2,19.9,40.4
2026-04-08 07:53:04,CSMT,Cloudy,0.54,5.32,0.2,25.8,84.9
2026-01-12 18:33:22,CSMT,Cloudy,0.37,7.05,0.1,17.8,74.9
2026-01-05 04:21:51,CSMT,Clear,0.22,8.02,0.5,14.7,31.8
2026-01-23 13:16:19,CSMT,Clear,0.28,7.55,1.4,14.6,57.4
2026-01-24 17:12:03,CSMT,Fog,0.52,4.96,0.3,46.1,65.4
2026-06-20 09:52:39,CSMT,Clear,0.1,8.85,1.3,17.4,54.2
2026-04-27 07:20:06,CSMT,Rain,0.17,7.63,3.6,32.3,70.1
2026-06-12 17:46:36,CSMT,Clear,0.24,8.0,0.3,8.7,48.5
2026-02-03 22:53:50,CSMT,Clear,0.85,3.17,0.8,11.3,72.7
2026-04-29 03:07:49,CSMT,Clear,0.26,7.74,1.1,14.9,47.1
2026-02-06 14:59:44,CSMT,Cloudy,0.37,6.18,1.3,19.9,84.5
2026-01-10 12:31:23,CSMT,Clear,0.06,9.07,0.5,31.2,64.9
2026-05-22 11:06:30,CSMT,Rain,0.49,4.39,8.9,29.3,47.3
2026-04-16 02:26:50,CSMT,Cloudy,0.34,7.5,1.1,19.0,89.0
2026-05-15 08:53:55,CSMT,Cloudy,0.54,5.63,0.2,14.4,84.5
2026-06-12 00:15:52,CSMT,Clear,0.26,8.66,0.6,14.0,71.0
2026-05-23 20:46:29,CSMT,Clear,0.23,8.6,0.5,36.6,54.7
2026-06-12 15:59:49,CSMT,Clear,0.04,10.15,1.4,19.1,55.7
2026-03-23 21:21:10,CSMT,Clear,0.13,8.43,0.6,31.6,54.8
2026-03-28 08:43:54,CSMT,Clear,0.19,8.88,1.3,38.7,70.3
2026-06-18 18:48:23,CSMT,Clear,0.04,9.63,0.3,33.5,55.1
2026-04-02 11:03:52,CSMT,Clear,0.01,9.95,0.2,12.8,39.1
2026-01-20 11:44:21,CSMT,Clear,0.41,6.42,0.0,18.6,44.1
2026-03-16 19:12:37,CSMT,Clear,0.36,7.05,1.0,19.7,51.2
2026-02-20 01:12:01,CSMT,Clear,0.11,9.73,0.5,23.4,73.8
2026-01-09 08:45:46,CSMT,Clear,0.07,10.04,0.9,36.6,60.8
2026-05-19 06:28:09,CSMT,Fog,0.63,3.76,1.1,20.1,97.8
2026-04-16 14:21:26,CSMT,Clear,0.25,6.57,0.8,22.4,74.8
2026-03-14 23:56:22,CSMT,Cloudy,0.55,6.09,0.3,25.7,65.2
2026-03-06 13:49:43,CSMT,Cloudy,0.25,7.85,0.7,15.6,60.8
2026-01-04 04:44:43,CSMT,Rain,0.41,4.96,20.4,22.3,90.6
2026-01-02 00:54:08,CSMT,Rain,0.53,4.6,11.9,34.9,60.1
2026-02-03 01:01:35,CSMT,Rain,0.17,7.14,17.4,26.0,65.2
2026-01-22 05:09:35,CSMT,Cloudy,0.31,6.98,0.2,24.8,56.4
2026-01-08 23:31:26,CSMT,Clear,0.08,9.94,0.6,29.3,61.1
2026-01-03 08:18:37,CSMT,Rain,0.03,8.5,6.1,19.3,100.0
2026-02-20 08:08:28,CSMT,Rain,0.19,7.51,6.3,12.3,53.5
2026-01-26 21:41:55,CSMT,Rain,0.27,6.81,3.4,38.8,72.8
2026-06-14 12:58:14,CSMT,Clear,0.26,8.37,1.0,41.9,69.0
2026-03-07 21:34:38,CSMT,Rain,0.56,4.54,5.1,25.9,64.1
2026-01-04 21:04:47,CSMT,Clear,0.16,8.3,0.3,29.1,42.7
2026-06-27 00:54:50,CSMT,Clear,0.13,8.6,1.0,21.3,50.8
2026-02-11 00:22:03,CSMT,Clear,0.3,7.39,0.1,17.5,58.9
2026-01-03 03:10:36,CSMT,Cloudy,0.13,9.83,1.1,27.0,81.4
2026-06-09 17:49:28,CSMT,Clear,0.74,3.98,1.1,26.6,93.2
2026-03-21 10:18:36,CSMT,Clear,0.11,8.93,0.8,22.7,54.1
2026-05-03 18:57:01,CSMT,Cloudy,0.21,8.28,0.6,25.1,85.5
2026-06-12 02:32:28,CSMT,Clear,0.22,8.7,1.3,30.5,92.9
2026-04-17 03:44:20,CSMT,Rain,0.59,3.63,9.0,13.8,74.2
2026-06-09 00:30:13,CSMT,Clear,0.06,9.55,0.5,35.8,52.4
2026-06-18 13:32:26,CSMT,Rain,0.59,3.78,4.1,27.8,57.1
2026-01-10 17:43:57,CSMT,Clear,0.1,8.07,0.8,16.4,57.9
2026-04-27 15:25:06,CSMT,Fog,0.54,6.25,1.3,23.6,87.5
2026-03-06 05:52:36,CSMT,Rain,0.15,6.7,3.6,27.9,33.4
2026-03-06 07:05:50,CSMT,Fog,0.64,4.31,0.2,22.4,65.9
2026-04-16 03:52:45,CSMT,Cloudy,0.05,9.71,1.5,20.5,93.9
2026-05-26 06:35:34,CSMT,Fog,0.85,2.53,0.6,26.2,73.2
2026-01-23 15:01:27,CSMT,Clear,0.12,8.58,1.3,17.1,72.1
2026-02-09 04:14:39,CSMT,Cloudy,0.22,8.25,0.1,30.5,63.9
2026-01-19 00:50:39,CSMT,Clear,0.32,7.62,1.4,19.8,39.3
2026-02-07 14:48:18,CSMT,Clear,0.33,7.11,0.1,31.5,100.0
2026-06-25 11:00:07,CSMT,Clear,0.41,6.13,0.4,43.8,44.5
2026-04-18 07:05:14,CSMT,Cloudy,0.41,6.56,1.4,33.2,54.4
2026-06-15 22:06:49,CSMT,Cloudy,0.62,4.68,0.3,30.5,75.5
2026-02-19 18:11:54,CSMT,Clear,0.22,7.77,0.5,20.3,51.7
2026-05-26 21:40:38,CSMT,Cloudy,0.23,8.3,0.9,23.8,84.3
2026-03-11 13:04:42,CSMT,Clear,0.31,7.04,0.7,39.1,67.2
2026-02-15 18:16:09,CSMT,Cloudy,0.31,7.22,1.2,36.8,67.2
2026-04-25 14:56:19,CSMT,Clear,0.25,8.01,1.0,30.6,68.1
2026-01-18 09:25:12,CSMT,Clear,0.3,7.54,0.0,28.3,75.5
2026-04-07 05:17:46,CSMT,Fog,0.57,5.13,0.9,24.8,34.5
2026-05-24 10:52:05,CSMT,Rain,0.12,7.89,3.9,27.5,62.5
2026-03-13 10:33:08,CSMT,Cloudy,0.34,7.48,0.8,20.7,59.2
2026-01-17 04:10:16,CSMT,Clear,0.03,10.38,1.4,18.0,39.8
2026-03-28 00:12:50,CSMT,Cloudy,0.12,8.38,0.2,26.6,46.3
2026-04-21 09:53:06,CSMT,Fog,0.66,4.6,1.2,24.0,43.6
2026-01-06 04:40:57,CSMT,Clear,0.48,5.36,1.4,28.9,70.6
2026-01-16 16:24:35,CSMT,Cloudy,0.19,8.7,1.3,19.5,24.3
2026-02-26 22:24:20,CSMT,Clear,0.3,7.28,1.3,29.4,38.8
2026-04-18 18:59:05,CSMT,Clear,0.11,9.26,1.2,12.3,33.9
2026-05-03 16:28:47,CSMT,Fog,0.63,4.41,1.0,18.6,98.1
2026-04-11 20:43:11,CSMT,Cloudy,0.19,8.38,0.1,32.6,93.4
2026-02-24 22:26:08,CSMT,Clear,0.11,9.13,0.2,28.2,45.2
2026-05-03 22:16:03,CSMT,Clear,0.03,9.16,1.4,21.2,79.9
2026-06-14 18:26:25,CSMT,Clear,0.17,8.75,1.1,37.3,74.8
2026-01-18 07:46:12,CSMT,Rain,0.38,5.42,18.6,19.5,80.5
2026-06-22 06:14:06,CSMT,Clear,0.44,6.68,0.8,33.1,59.3
2026-04-16 12:39:41,CSMT,Clear,0.24,8.24,0.8,26.1,94.6
2026-02-04 12:51:53,CSMT,Clear,0.36,7.33,1.5,30.4,73.2
2026-02-25 21:18:13,CSMT,Clear,0.24,8.25,0.9,17.8,74.9
2026-01-21 15:50:28,CSMT,Fog,0.73,4.39,0.5,35.6,84.5
2026-05-19 15:02:48,CSMT,Rain,0.12,8.33,7.7,15.4,53.0
2026-01-06 15:12:34,CSMT,Clear,0.26,7.65,0.4,18.2,55.6
2026-03-06 22:47:02,CSMT,Cloudy,0.46,6.1,0.3,19.5,70.2
2026-06-14 22:25:18,CSMT,Clear,0.54,4.38,0.5,27.5,70.2
2026-02-16 13:29:33,CSMT,Clear,0.25,8.05,1.1,23.3,43.7
2026-01-24 07:59:12,CSMT,Clear,0.23,7.89,1.4,17.7,59.5
2026-04-03 18:06:58,CSMT,Clear,0.41,6.17,1.0,14.9,78.0
2026-05-29 16:53:40,CSMT,Clear,0.28,7.61,0.7,17.3,87.1
2026-03-02 14:08:45,CSMT,Clear,0.3,8.17,0.8,25.1,68.3
2026-05-02 00:44:49,CSMT,Cloudy,0.18,8.01,1.5,29.4,40.4
2026-06-28 12:11:29,CSMT,Clear,0.57,4.98,1.3,23.2,73.1
2026-05-23 19:50:11,CSMT,Clear,0.24,8.01,0.5,31.3,67.8
2026-06-28 15:49:36,CSMT,Fog,0.35,7.31,0.6,29.4,35.9
2026-03-22 08:55:18,CSMT,Cloudy,0.22,7.84,0.5,26.6,59.5
2026-01-27 09:40:03,CSMT,Clear,0.28,7.42,1.2,18.1,61.7
2026-05-21 12:52:22,CSMT,Cloudy,0.18,7.51,1.2,16.1,85.0
2026-05-04 18:40:58,CSMT,Clear,0.16,8.3,1.0,13.4,75.4
2026-03-21 01:45:45,CSMT,Cloudy,0.28,7.42,1.5,25.4,51.9
2026-06-29 04:56:08,CSMT,Clear,0.45,6.25,1.4,29.0,50.3
2026-04-02 06:14:28,CSMT,Cloudy,0.16,9.26,0.0,21.4,67.7
2026-06-22 14:20:24,CSMT,Clear,0.15,8.32,0.2,28.9,74.9
2026-01-12 07:25:42,CSMT,Cloudy,0.42,6.6,0.1,26.5,84.2
2026-02-27 07:19:57,CSMT,Clear,0.12,9.23,0.8,24.9,48.4
2026-04-26 05:33:02,CSMT,Clear,0.02,9.77,0.2,20.1,74.6
2026-06-17 07:19:41,CSMT,Clear,0.22,8.09,0.8,21.6,82.3
2026-06-07 06:25:50,CSMT,Fog,0.77,2.95,1.2,13.8,100.0
2026-03-06 08:40:43,CSMT,Clear,0.39,7.46,1.0,27.1,61.5
2026-01-15 22:12:38,CSMT,Clear,0.14,7.99,0.5,28.3,48.0
2026-01-19 06:17:06,CSMT,Cloudy,0.29,7.71,1.4,12.3,62.7
2026-03-29 22:10:37,CSMT,Clear,0.48,6.41,0.6,40.0,48.2
2026-03-31 03:46:02,CSMT,Rain,0.44,5.11,10.3,23.5,96.3
2026-03-30 05:50:40,CSMT,Clear,0.34,6.73,0.2,22.9,89.1
2026-03-31 15:06:20,CSMT,Fog,0.93,2.67,1.1,34.2,77.4
2026-03-11 14:53:10,CSMT,Clear,0.08,8.86,0.5,23.2,47.8
2026-04-02 00:02:00,CSMT,Cloudy,0.38,7.09,1.3,28.2,64.4
2026-03-26 19:14:49,CSMT,Clear,0.44,6.51,0.8,21.7,58.1
2026-02-04 03:08:43,CSMT,Clear,0.2,8.58,1.4,24.5,50.6
2026-04-02 00:39:20,CSMT,Rain,0.31,5.99,7.5,23.0,53.9
2026-02-25 11:52:50,CSMT,Cloudy,0.07,9.42,0.9,22.0,82.1
2026-02-02 13:27:39,CSMT,Clear,0.24,7.82,1.3,28.6,46.1
2026-01-04 04:59:57,CSMT,Clear,0.39,5.81,0.5,31.5,57.7
2026-04-01 20:09:53,CSMT,Clear,0.08,9.74,0.2,14.6,78.3
2026-03-05 19:03:27,CSMT,Clear,0.19,9.01,1.5,32.8,67.3
2026-04-02 13:23:17,CSMT,Clear,0.37,7.49,1.3,15.3,60.0
2026-04-12 19:39:02,CSMT,Cloudy,0.36,7.11,0.4,37.7,68.4
2026-05-12 10:33:59,CSMT,Clear,0.57,5.1,0.1,21.3,55.4
2026-04-04 05:32:40,CSMT,Clear,0.05,9.67,1.2,26.1,69.2
2026-03-25 10:23:44,CSMT,Cloudy,0.35,6.53,0.2,20.0,45.6
2026-05-09 08:58:53,CSMT,Clear,0.13,8.67,0.3,13.1,36.1
2026-02-14 14:53:15,CSMT,Clear,0.34,7.17,0.0,15.7,62.0
2026-04-12 19:50:40,CSMT,Clear,0.15,8.23,1.1,39.2,58.4
2026-04-01 18:13:52,CSMT,Clear,0.24,8.3,0.1,21.4,75.6
2026-05-02 18:14:13,CSMT,Clear,0.39,7.03,0.5,30.3,83.4
2026-06-28 21:23:25,CSMT,Cloudy,0.21,7.76,0.4,21.2,55.6
2026-04-27 01:52:17,CSMT,Fog,0.55,5.59,0.1,14.8,93.9
2026-01-19 16:34:45,CSMT,Clear,0.21,7.63,0.5,25.2,32.3
2026-06-27 23:20:34,CSMT,Clear,0.3,7.44,1.1,24.3,24.4
2026-01-11 20:46:06,CSMT,Rain,0.25,7.07,8.3,16.8,100.0
2026-02-25 03:01:36,CSMT,Cloudy,0.29,7.31,1.3,27.6,85.5
2026-04-13 00:50:19,CSMT,Rain,0.43,5.21,8.4,23.2,68.0
2026-05-06 09:17:22,CSMT,Cloudy,0.17,8.67,0.4,23.9,43.3
2026-03-28 04:58:22,CSMT,Rain,0.05,7.35,10.9,11.9,54.6
2026-06-09 04:43:17,CSMT,Cloudy,0.73,4.18,0.4,19.0,64.3
2026-04-13 05:25:25,CSMT,Rain,0.47,5.12,7.6,20.3,81.3
2026-06-02 05:03:54,CSMT,Clear,0.45,6.33,1.0,25.7,81.2
2026-02-28 00:33:58,CSMT,Clear,0.49,6.39,0.4,22.1,82.9
2026-02-25 23:39:21,CSMT,Clear,0.05,10.08,0.3,22.8,59.9
2026-05-29 08:59:26,CSMT,Rain,0.2,7.02,2.1,20.5,57.9
2026-03-19 23:22:37,CSMT,Clear,0.19,9.23,0.3,15.9,64.9
2026-01-22 22:18:46,CSMT,Rain,0.14,6.79,35.7,29.1,93.2
2026-06-03 05:46:12,CSMT,Clear,0.1,9.65,1.1,12.7,59.8
2026-05-25 05:20:40,CSMT,Clear,0.56,4.82,0.3,26.1,66.7
2026-05-14 06:12:47,CSMT,Cloudy,0.22,7.91,1.3,24.7,42.4
2026-03-24 21:55:24,CSMT,Cloudy,0.27,7.66,0.1,34.2,74.7
2026-05-01 10:52:34,CSMT,Clear,0.29,7.19,0.4,16.7,37.7
2026-03-18 11:43:36,CSMT,Cloudy,0.17,9.11,0.9,13.8,80.8
2026-03-10 07:15:30,CSMT,Rain,0.16,6.16,3.0,24.9,90.5
2026-02-14 21:59:45,CSMT,Cloudy,0.32,7.17,1.3,24.9,57.2
2026-01-15 21:23:01,CSMT,Cloudy,0.52,5.73,0.5,15.4,84.4
2026-01-06 21:42:37,CSMT,Clear,0.3,8.11,1.0,28.3,63.2
2026-05-31 21:59:52,CSMT,Clear,0.43,6.04,0.9,20.8,41.3
2026-05-14 17:17:32,CSMT,Clear,0.18,8.48,0.4,22.5,74.2
2026-05-16 03:49:08,CSMT,Clear,0.58,4.81,1.2,24.8,72.7
2026-02-09 07:23:07,CSMT,Fog,0.53,5.43,0.4,33.3,71.3
2026-06-01 04:36:07,CSMT,Clear,0.49,5.93,1.1,11.0,72.4
2026-01-19 22:58:26,CSMT,Rain,0.07,8.26,9.7,26.1,52.2
2026-03-10 02:31:55,CSMT,Cloudy,0.1,8.96,0.2,15.0,54.0
2026-06-23 13:08:43,CSMT,Clear,0.14,8.55,0.4,43.4,64.3
2026-06-13 14:28:31,CSMT,Clear,0.59,5.47,0.0,16.9,83.6
2026-02-09 10:14:41,CSMT,Cloudy,0.48,5.75,0.6,17.8,56.6
2026-06-05 03:08:53,CSMT,Clear,0.52,5.53,0.5,27.9,86.7
2026-04-10 03:27:18,CSMT,Clear,0.25,7.48,1.3,20.1,85.6
2026-04-29 03:19:38,CSMT,Clear,0.5,5.68,1.2,24.2,75.8
2026-02-17 23:14:17,CSMT,Cloudy,0.72,2.84,0.5,14.3,62.4
2026-01-08 14:29:20,CSMT,Clear,0.26,7.92,0.9,18.2,45.8
2026-01-13 10:08:39,CSMT,Clear,0.26,7.62,1.5,43.5,37.3
2026-06-20 19:47:47,CSMT,Cloudy,0.14,8.27,1.1,26.6,66.7
2026-01-12 03:03:53,CSMT,Fog,0.76,3.8,1.0,15.1,67.5
2026-05-28 07:54:24,CSMT,Fog,0.82,2.9,0.4,18.9,76.5
2026-02-09 15:36:37,CSMT,Rain,0.08,8.11,5.2,23.3,34.4
2026-06-15 02:55:43,CSMT,Clear,0.21,7.1,1.4,29.7,67.2
2026-04-21 13:12:08,CSMT,Cloudy,0.26,7.75,0.6,34.3,66.1
2026-02-06 13:04:23,CSMT,Clear,0.33,6.99,0.2,30.1,64.0
2026-03-18 02:38:22,CSMT,Clear,0.06,10.3,0.7,16.5,70.5
2026-01-25 16:24:29,CSMT,Rain,0.25,6.83,10.5,26.9,55.3
2026-05-09 18:14:55,CSMT,Cloudy,0.7,4.5,1.2,33.4,89.4
2026-04-17 18:53:46,CSMT,Rain,0.17,7.65,0.4,33.2,50.9
2026-01-06 07:21:38,CSMT,Clear,0.2,8.86,0.4,19.8,82.4
2026-04-30 04:38:29,CSMT,Clear,0.14,8.59,0.9,14.6,63.5
2026-03-20 19:40:02,CSMT,Clear,0.17,8.1,1.1,25.6,63.8
2026-06-07 11:38:18,CSMT,Rain,0.16,6.57,6.1,25.3,62.0
2026-01-15 01:28:39,CSMT,Clear,0.25,8.02,1.5,31.3,74.3
2026-05-20 18:26:27,CSMT,Rain,0.41,5.29,7.2,34.6,87.2
2026-05-10 05:42:33,CSMT,Clear,0.41,7.13,1.1,22.9,45.6
2026-01-23 12:29:52,CSMT,Clear,0.06,9.14,0.9,33.0,60.5
2026-06-15 08:05:17,CSMT,Clear,0.4,6.79,0.5,13.2,94.0
2026-04-27 09:27:48,CSMT,Clear,0.44,5.51,0.5,28.4,60.7
2026-04-20 00:44:30,CSMT,Clear,0.09,9.82,0.2,21.7,73.9
2026-06-28 06:32:00,CSMT,Rain,0.56,3.74,6.8,12.3,98.5
2026-06-07 11:42:58,CSMT,Cloudy,0.11,9.68,0.8,20.1,33.5
2026-01-11 08:36:29,CSMT,Clear,0.33,7.02,0.3,27.4,20.2
2026-04-12 14:40:37,CSMT,Fog,0.46,6.82,0.1,41.3,88.4
2026-02-13 06:01:21,CSMT,Clear,0.24,8.19,1.4,18.2,76.2
2026-02-01 22:54:24,CSMT,Rain,0.24,5.82,3.6,35.6,70.9
2026-04-25 12:07:41,CSMT,Clear,0.18,8.16,1.4,24.2,72.3
2026-02-07 05:46:03,CSMT,Cloudy,0.35,7.57,1.3,32.1,38.7
2026-04-26 21:54:39,CSMT,Clear,0.34,7.34,1.5,35.9,89.8
2026-06-09 02:17:24,CSMT,Clear,0.05,9.78,1.0,40.7,63.9
2026-06-23 08:53:56,CSMT,Fog,0.66,4.09,0.8,28.2,72.7
2026-04-24 22:47:46,CSMT,Clear,0.12,8.83,1.0,38.0,43.8
2026-06-23 01:38:48,CSMT,Fog,0.7,4.25,1.0,24.5,69.6
2026-05-19 13:09:24,CSMT,Cloudy,0.3,7.14,0.6,34.1,66.8
2026-06-03 10:50:51,CSMT,Clear,0.28,7.75,0.4,21.1,64.7
2026-04-09 23:33:50,CSMT,Cloudy,0.13,8.95,0.7,6.5,27.4
2026-05-14 12:34:44,CSMT,Clear,0.19,8.5,1.0,31.4,58.1
2026-04-30 03:14:27,CSMT,Clear,0.22,7.3,0.4,23.0,61.5
2026-06-19 22:41:43,CSMT,Clear,0.17,9.36,0.4,29.6,78.0
2026-06-07 00:56:44,CSMT,Fog,0.75,3.92,0.2,43.0,61.2
2026-05-16 13:57:55,CSMT,Clear,0.31,7.65,0.8,31.4,53.1
2026-02-08 00:33:41,CSMT,Cloudy,0.26,7.92,1.0,38.4,43.4
2026-06-03 23:38:50,CSMT,Clear,0.29,6.89,1.0,17.6,62.8
2026-03-01 15:35:24,CSMT,Cloudy,0.35,7.0,0.2,35.9,68.2
2026-01-23 16:46:22,CSMT,Clear,0.18,8.57,1.4,30.3,51.9
2026-05-03 23:30:42,CSMT,Rain,0.16,7.35,15.7,18.4,65.3
2026-06-18 00:16:45,CSMT,Rain,0.17,7.53,6.3,22.1,66.1
2026-03-18 19:17:24,CSMT,Cloudy,0.41,6.53,0.0,28.9,82.7
2026-06-22 21:16:06,CSMT,Clear,0.14,8.63,1.3,24.4,56.5
2026-02-21 15:46:18,CSMT,Clear,0.16,8.15,1.4,19.2,90.7
2026-02-17 01:12:03,CSMT,Clear,0.25,7.86,0.4,32.3,52.9
2026-03-25 23:35:35,CSMT,Clear,0.38,7.37,0.5,25.0,81.5
2026-03-12 19:26:14,CSMT,Fog,0.36,8.11,0.6,24.2,74.9
2026-03-21 06:10:16,CSMT,Clear,0.24,7.99,0.0,27.6,36.0
2026-03-23 02:14:58,CSMT,Rain,0.21,7.38,11.2,24.7,69.6
2026-03-03 15:55:46,CSMT,Fog,0.44,6.36,1.3,15.0,55.4
2026-05-19 16:03:22,CSMT,Clear,0.15,9.58,1.0,24.9,64.8
2026-05-17 00:04:59,CSMT,Clear,0.68,4.69,1.0,18.9,51.4
2026-01-25 14:51:13,CSMT,Clear,0.39,7.17,0.0,31.3,73.9
2026-03-16 03:03:52,CSMT,Rain,0.2,7.32,7.7,32.0,45.7
2026-06-27 02:13:18,CSMT,Cloudy,0.12,8.65,0.8,20.9,100.0
2026-03-31 13:35:04,CSMT,Cloudy,0.26,7.76,0.7,30.1,65.0
2026-05-12 08:24:32,CSMT,Clear,0.02,9.69,0.7,25.6,91.3
2026-03-29 07:49:55,CSMT,Cloudy,0.16,7.99,1.0,22.6,76.1
2026-01-05 20:11:46,CSMT,Clear,0.27,8.41,1.0,10.1,77.5
2026-06-25 04:40:30,CSMT,Cloudy,0.4,6.79,1.5,24.1,75.6
2026-01-13 00:47:50,CSMT,Clear,0.27,8.38,0.3,27.7,91.1
2026-06-04 12:13:17,CSMT,Cloudy,0.4,7.0,0.4,4.7,56.0
2026-04-21 18:28:31,CSMT,Clear,0.26,8.1,0.8,14.3,44.8
2026-05-06 07:35:04,CSMT,Fog,0.8,2.46,0.2,22.7,55.9
2026-02-25 10:36:04,CSMT,Clear,0.45,5.5,0.1,10.5,100.0
2026-04-27 18:18:19,CSMT,Rain,0.26,6.31,20.1,23.3,100.0
2026-06-14 11:14:11,CSMT,Fog,0.73,3.16,0.6,24.4,89.8
2026-05-16 06:08:49,CSMT,Fog,0.4,6.13,0.5,25.0,61.2
2026-04-19 18:33:58,CSMT,Clear,0.68,4.14,1.2,13.0,64.5
2026-02-09 13:21:46,CSMT,Clear,0.33,7.27,0.2,23.5,77.9
2026-04-06 10:33:57,CSMT,Clear,0.24,7.78,0.3,28.8,43.2
2026-03-23 06:28:33,CSMT,Rain,0.18,7.39,18.2,31.2,100.0
2026-01-28 00:39:40,CSMT,Clear,0.12,8.07,0.5,16.8,72.0
2026-03-30 13:39:45,CSMT,Clear,0.5,5.98,1.3,23.3,38.6
2026-04-29 12:28:33,CSMT,Cloudy,0.12,9.55,0.9,29.4,68.5
2026-03-04 12:03:10,CSMT,Clear,0.37,7.05,0.7,32.4,51.9
2026-05-18 19:55:32,CSMT,Clear,0.32,7.81,0.4,23.6,72.8
2026-04-04 16:42:44,CSMT,Rain,0.34,5.5,18.2,22.5,76.7
2026-04-28 03:21:47,CSMT,Cloudy,0.2,8.22,0.7,26.5,77.8
2026-04-05 03:39:31,CSMT,Cloudy,0.18,9.31,1.2,26.6,65.3
2026-04-14 04:57:20,CSMT,Cloudy,0.12,8.72,0.4,39.3,48.1
2026-02-10 21:45:18,CSMT,Cloudy,0.28,7.91,0.9,7.9,100.0
2026-03-11 05:09:25,CSMT,Clear,0.4,6.7,0.3,17.8,41.7
2026-06-14 15:33:58,CSMT,Fog,0.7,4.45,0.2,25.6,63.2
2026-05-23 07:57:15,CSMT,Fog,0.71,3.07,1.3,27.5,53.9
2026-06-10 01:20:26,CSMT,Clear,0.21,7.95,0.4,24.5,57.5
2026-04-24 19:39:30,CSMT,Clear,0.18,8.57,1.1,28.8,65.4
2026-05-14 12:22:28,CSMT,Clear,0.19,9.1,0.6,29.5,49.1
2026-02-21 12:46:16,CSMT,Cloudy,0.56,4.73,0.9,29.0,65.7
2026-05-22 17:03:32,CSMT,Cloudy,0.49,6.16,0.3,16.3,86.2
2026-02-08 10:02:04,CSMT,Cloudy,0.14,8.57,1.0,17.4,77.1
2026-01-19 15:31:39,CSMT,Rain,0.08,8.21,6.4,32.7,52.3
2026-02-24 07:44:35,CSMT,Clear,0.25,7.86,1.0,38.6,65.2
2026-06-21 22:17:00,CSMT,Clear,0.2,8.17,1.4,14.4,90.7
2026-03-21 02:18:09,CSMT,Clear,0.24,8.02,1.1,24.6,67.1
2026-02-10 02:15:22,CSMT,Clear,0.21,9.16,0.4,43.4,32.7
2026-02-07 08:19:07,CSMT,Clear,0.1,9.1,0.8,27.1,41.5
2026-04-08 00:49:18,CSMT,Clear,0.44,6.08,0.6,11.8,76.1
2026-03-03 02:19:59,CSMT,Cloudy,0.2,8.32,0.8,19.8,100.0
2026-01-30 13:38:36,CSMT,Clear,0.33,7.11,0.2,22.1,76.3
2026-06-04 20:12:08,CSMT,Clear,0.13,9.05,1.4,19.4,39.6
2026-02-14 16:54:10,CSMT,Fog,0.73,3.57,1.0,11.0,69.6
2026-05-22 20:39:08,CSMT,Clear,0.19,8.69,1.5,25.2,67.8
2026-04-13 00:46:20,CSMT,Clear,0.36,7.62,1.3,37.4,45.0
2026-05-26 01:43:03,CSMT,Clear,0.62,4.51,1.4,26.2,91.7
2026-01-25 19:00:05,CSMT,Cloudy,0.33,8.13,0.3,21.8,74.5
2026-06-23 15:06:23,CSMT,Rain,0.3,5.87,8.6,21.3,66.8
2026-03-18 03:36:18,CSMT,Clear,0.49,5.87,1.1,21.2,61.7
2026-03-06 01:33:27,CSMT,Clear,0.19,9.05,0.5,25.9,65.1
2026-05-04 05:30:38,CSMT,Fog,0.57,4.9,0.5,16.1,97.5
2026-03-23 12:25:41,CSMT,Clear,0.32,7.61,1.5,20.1,77.8
2026-04-20 06:18:41,CSMT,Clear,0.59,5.38,0.7,18.9,75.6
2026-05-23 18:37:45,CSMT,Fog,0.51,4.98,0.6,18.1,100.0
2026-04-19 21:15:35,CSMT,Clear,0.18,8.44,0.6,19.2,78.9
2026-05-12 00:10:15,CSMT,Clear,0.09,9.14,0.0,24.8,66.3
2026-04-05 18:25:13,CSMT,Clear,0.38,6.1,0.9,27.6,43.8
2026-02-06 12:15:38,CSMT,Fog,0.52,5.89,0.4,32.8,71.5
2026-03-10 09:01:47,CSMT,Clear,0.25,7.53,0.0,14.7,99.7
2026-05-22 16:10:58,CSMT,Clear,0.2,8.01,0.2,33.6,82.5
2026-01-09 07:01:34,CSMT,Fog,0.64,4.35,0.7,25.8,100.0
2026-04-11 01:06:17,CSMT,Fog,0.51,5.47,0.3,25.2,86.5
2026-05-17 00:48:42,CSMT,Clear,0.15,8.93,1.2,22.7,50.7
2026-01-04 13:44:51,CSMT,Cloudy,0.2,8.11,0.4,3.3,76.7
2026-05-01 18:17:06,CSMT,Rain,0.4,5.32,8.2,9.3,63.4
2026-01-27 07:05:49,CSMT,Clear,0.35,7.1,0.9,21.7,100.0
2026-06-10 17:38:02,CSMT,Clear,0.15,8.31,0.9,16.3,77.6
2026-01-18 04:57:02,CSMT,Cloudy,0.22,8.18,0.6,33.2,63.5
2026-04-25 18:08:19,CSMT,Clear,0.51,5.72,0.1,30.0,96.7
2026-02-02 08:43:53,CSMT,Rain,0.18,7.7,14.8,15.1,31.9
2026-05-19 21:23:24,CSMT,Clear,0.26,8.03,1.3,18.8,85.4
2026-05-05 14:54:54,CSMT,Clear,0.17,8.51,0.6,16.4,62.6
2026-01-22 15:33:17,CSMT,Clear,0.39,6.6,0.4,37.1,43.9
2026-04-02 19:08:07,CSMT,Fog,0.53,5.47,1.4,15.3,66.2
2026-04-23 18:40:17,CSMT,Clear,0.35,6.4,0.5,15.2,89.2
2026-06-28 07:52:16,CSMT,Rain,0.54,4.73,18.5,25.1,48.1
2026-01-09 19:00:33,CSMT,Clear,0.42,6.63,1.4,22.9,35.1
2026-03-26 02:36:00,CSMT,Clear,0.06,8.95,0.8,25.7,51.3
2026-03-13 01:23:33,CSMT,Clear,0.47,5.89,0.9,42.2,65.6
2026-02-27 16:56:11,CSMT,Cloudy,0.44,6.39,0.5,17.9,81.2
2026-05-21 06:08:03,CSMT,Clear,0.52,5.22,1.0,29.5,85.5
2026-04-08 12:11:40,CSMT,Clear,0.33,7.27,1.3,23.4,64.7
2026-02-27 17:41:44,CSMT,Cloudy,0.68,4.41,1.2,13.3,57.5
2026-01-23 21:14:10,CSMT,Cloudy,0.43,6.39,1.0,34.4,66.7
2026-03-18 13:59:07,CSMT,Cloudy,0.52,5.82,0.4,24.6,85.4
2026-01-25 20:31:36,CSMT,Rain,0.43,4.96,9.4,18.9,55.2
2026-04-12 22:20:14,CSMT,Rain,0.5,4.7,1.9,39.5,64.1
2026-04-10 05:57:28,CSMT,Fog,0.71,3.28,0.5,19.0,55.3
2026-01-25 00:08:40,CSMT,Clear,0.12,8.92,0.9,23.7,57.1
2026-03-31 04:24:44,CSMT,Clear,0.31,7.82,1.0,25.4,68.4
2026-02-27 01:51:46,CSMT,Cloudy,0.49,5.68,0.8,13.2,80.6
2026-04-25 17:51:17,CSMT,Cloudy,0.15,8.34,1.5,17.5,91.9
2026-04-10 10:09:50,CSMT,Cloudy,0.16,7.99,0.5,17.6,54.4
2026-02-07 21:05:08,CSMT,Clear,0.35,6.66,0.6,36.1,47.7
2026-01-14 00:15:34,CSMT,Clear,0.52,6.21,1.3,23.5,36.9
2026-05-18 13:50:13,CSMT,Clear,0.16,7.8,0.3,42.1,41.3
2026-01-24 02:03:08,CSMT,Cloudy,0.3,7.67,0.6,14.8,46.9
2026-01-30 01:59:23,CSMT,Rain,0.08,8.3,8.1,18.0,76.5
2026-06-25 16:59:06,CSMT,Clear,0.27,8.01,0.8,27.9,73.1
2026-01-20 10:05:20,CSMT,Cloudy,0.17,8.75,0.9,21.1,61.3
2026-05-10 22:17:25,CSMT,Rain,0.29,6.7,4.0,41.2,82.8
2026-06-24 06:15:32,CSMT,Fog,0.86,2.87,1.4,28.6,59.8
2026-02-08 08:52:06,CSMT,Rain,0.58,3.67,11.2,33.7,83.6
2026-03-22 03:38:43,CSMT,Clear,0.25,7.8,0.4,16.7,34.9
2026-03-12 15:49:30,CSMT,Clear,0.36,7.33,0.8,38.4,83.7
2026-04-23 06:27:13,CSMT,Clear,0.12,8.77,1.3,29.8,64.0
2026-04-25 10:18:50,CSMT,Rain,0.46,5.31,17.0,23.0,43.1
2026-03-07 15:35:28,CSMT,Rain,0.01,8.56,9.8,32.6,28.4
2026-06-03 21:02:32,CSMT,Clear,0.36,7.44,0.7,16.7,83.0
2026-06-29 11:03:38,CSMT,Clear,0.48,6.04,1.0,16.1,69.2
2026-05-06 09:27:26,CSMT,Clear,0.07,8.81,0.0,31.8,65.1
2026-03-14 11:02:28,CSMT,Cloudy,0.3,7.19,1.1,26.0,20.0
2026-01-03 15:12:08,CSMT,Clear,0.43,7.1,0.7,36.6,78.1
2026-06-02 11:26:29,CSMT,Clear,0.65,4.77,1.5,7.5,50.7
2026-02-07 03:45:37,CSMT,Cloudy,0.19,8.63,1.2,25.3,36.7
2026-03-11 07:45:58,CSMT,Cloudy,0.31,7.48,0.9,27.6,92.1
2026-03-14 12:50:09,CSMT,Clear,0.18,8.7,1.1,10.2,63.6
2026-04-14 00:21:42,CSMT,Fog,0.41,5.62,0.0,14.9,64.7
2026-01-02 02:34:42,CSMT,Clear,0.34,7.28,0.2,19.9,67.8
2026-01-25 17:53:32,CSMT,Cloudy,0.1,9.82,0.7,23.8,78.3
2026-05-10 09:05:42,CSMT,Cloudy,0.24,8.38,1.4,20.4,67.7
2026-05-06 06:03:02,CSMT,Cloudy,0.57,5.47,0.7,26.5,62.8
2026-06-26 22:49:22,CSMT,Cloudy,0.12,8.91,1.1,20.4,84.8
2026-05-25 15:00:15,CSMT,Rain,0.43,5.05,1.7,23.1,97.9
2026-03-04 20:26:13,CSMT,Clear,0.03,9.88,0.3,29.1,50.1
2026-05-17 02:46:47,CSMT,Rain,0.42,4.91,3.8,30.1,58.3
2026-04-06 11:58:32,CSMT,Fog,0.45,5.63,0.1,24.9,97.4
2026-04-20 18:33:57,CSMT,Cloudy,0.31,7.94,0.4,25.5,68.8
2026-02-21 10:10:08,CSMT,Clear,0.11,8.64,0.7,15.7,84.5
2026-03-08 06:23:16,CSMT,Fog,0.89,2.18,0.5,25.0,99.9
2026-03-11 13:12:48,CSMT,Clear,0.06,9.71,0.7,30.2,70.0
2026-04-20 20:05:13,CSMT,Cloudy,0.12,8.11,0.1,26.5,54.8
2026-05-22 01:16:14,CSMT,Clear,0.2,7.77,1.2,20.4,48.1
2026-03-19 08:05:34,CSMT,Clear,0.38,7.28,0.2,27.2,78.2
2026-06-25 15:25:32,CSMT,Rain,0.23,7.19,7.9,44.1,67.6
