timestamp,current_station,weather,fog_index,visibility_km,rainfall_mm,temperature_c,humidity_percent
2026-04-23 23:20:46,DDU,Cloudy,0.18,8.52,0.2,25.8,84.5
2026-06-20 05:58:23,DDU,Clear,0.32,6.94,0.3,26.8,52.0
2026-03-11 23:21:18,DDU,Clear,0.2,8.41,1.5,42.8,100.0
2026-05-19 21:46:07,DDU,Cloudy,0.12,9.08,1.4,18.2,61.0
2026-03-22 10:24:59,DDU,Cloudy,0.64,4.92,1.3,31.3,82.1
2026-03-04 06:28:43,DDU,Clear,0.15,8.97,0.2,28.8,65.5
2026-06-04 21:37:59,DDU,Clear,0.29,7.48,1.1,6.3,58.4
2026-05-07 08:12:53,DDU,Fog,0.59,4.59,1.1,21.4,64.6
2026-02-12 08:33:31,DDU,Clear,0.23,7.4,1.1,26.7,89.9
2026-06-07 13:45:44,DDU,Cloudy,0.31,7.14,1.5,19.5,60.8
2026-04-29 11:18:05,DDU,Clear,0.3,7.54,0.4,13.3,61.1
2026-03-07 01:35:36,DDU,Cloudy,0.38,6.63,0.5,17.9,48.8
2026-05-19 04:18:44,DDU,Clear,0.24,7.9,0.7,29.6,29.1
2026-06-24 13:57:15,DDU,Cloudy,0.28,7.33,0.6,16.4,73.3
2026-03-16 04:16:23,DDU,Cloudy,0.24,7.97,1.2,25.5,63.8
2026-02-09 19:24:24,DDU,Cloudy,0.07,9.55,1.1,31.1,97.3
2026-06-20 22:47:01,DDU,Clear,0.08,8.63,0.8,22.1,97.0
2026-03-29 12:02:05,DDU,Cloudy,0.48,6.02,0.6,32.7,41.1
2026-01-17 00:57:19,DDU,Clear,0.05,8.71,1.2,29.8,76.9
2026-03-27 12:38:35,DDU,Cloudy,0.29,7.64,0.9,20.9,80.5
2026-01-02 21:58:23,DDU,Cloudy,0.09,9.71,0.3,16.1,63.1
2026-03-28 12:08:55,DDU,Rain,0.14,8.0,11.6,25.2,46.1
2026-06-05 09:16:55,DDU,Clear,0.15,9.2,0.7,32.6,77.8
2026-05-08 08:19:57,DDU,Clear,0.53,5.26,1.1,4.5,57.8
2026-06-01 16:53:26,DDU,Rain,0.26,5.81,4.7,27.2,62.5
2026-06-13 18:18:58,DDU,Cloudy,0.53,5.4,0.3,36.5,20.0
2026-03-08 14:02:02,DDU,Clear,0.12,8.41,1.4,24.9,23.6
2026-03-05 07:34:13,DDU,Clear,0.22,8.44,0.2,24.7,41.3
2026-06-23 11:02:53,DDU,Clear,0.34,7.35,0.2,25.6,42.8
2026-03-07 04:29:40,DDU,Fog,0.5,6.27,1.2,32.7,67.8
2026-06-07 23:17:54,DDU,Clear,0.11,9.44,0.9,13.4,64.1
2026-04-04 15:49:15,DDU,Clear,0.41,6.56,1.3,20.8,66.9
2026-05-13 10:27:31,DDU,Clear,0.21,8.41,0.9,32.4,79.3
2026-03-26 21:16:25,DDU,Clear,0.63,4.34,1.0,26.3,77.0
2026-04-19 16:40:27,DDU,Cloudy,0.13,8.88,1.2,25.0,59.4
2026-01-08 00:35:54,DDU,Clear,0.09,9.84,1.5,13.3,73.2
2026-06-09 01:19:32,DDU,Fog,0.86,2.48,0.0,15.7,75.3
2026-04-27 21:23:43,DDU,Cloudy,0.31,6.95,1.1,34.4,68.1
2026-05-15 21:00:10,DDU,Clear,0.26,7.79,1.2,13.3,98.4
2026-04-15 16:49:14,DDU,Clear,0.08,9.35,0.7,35.5,44.2
2026-04-01 17:03:46,DDU,Rain,0.26,6.65,10.8,24.1,59.6
2026-03-29 16:52:33,DDU,Clear,0.33,6.8,0.8,15.1,73.5
2026-06-19 17:23:50,DDU,Clear,0.23,7.67,1.4,18.1,97.4
2026-05-06 03:12:07,DDU,Cloudy,0.54,5.67,0.8,34.3,100.0
2026-03-02 14:43:29,DDU,Cloudy,0.2,8.38,0.2,15.0,92.6
2026-04-21 04:33:53,DDU,Clear,0.41,6.64,0.1,31.8,87.3
2026-01-10 05:37:28,DDU,Clear,0.31,7.36,1.0,26.0,51.8
2026-05-24 21:45:24,DDU,Clear,0.31,6.88,0.2,33.8,45.9
2026-06-09 23:18:13,DDU,Rain,0.58,3.87,15.9,28.6,46.8
2026-06-17 17:08:41,DDU,Clear,0.59,5.39,0.1,11.7,86.8
2026-02-03 17:40:47,DDU,Rain,0.07,8.48,5.0,37.1,55.5
2026-01-02 19:43:55,DDU,Clear,0.14,8.18,1.3,39.0,44.4
2026-01-19 15:04:33,DDU,Rain,0.39,5.24,5.7,24.0,75.9
2026-04-22 03:36:57,DDU,Clear,0.32,6.56,0.1,31.9,70.1
2026-05-16 20:10:16,DDU,Clear,0.51,5.89,1.0,24.7,69.8
2026-04-06 00:42:34,DDU,Clear,0.24,8.47,1.1,30.0,59.6
2026-04-14 14:40:09,DDU,Rain,0.52,4.37,4.0,24.7,66.9
2026-05-09 01:29:38,DDU,Fog,0.48,6.21,1.1,19.8,77.7
2026-04-09 07:29:00,DDU,Clear,0.49,5.94,1.3,39.5,88.6
2026-04-25 11:57:19,DDU,Clear,0.25,7.73,1.1,29.0,61.4
2026-01-08 12:29:12,DDU,Rain,0.28,6.1,9.1,9.1,83.4
2026-06-20 09:13:18,DDU,Clear,0.27,7.93,0.1,28.8,96.7
2026-03-05 10:56:52,DDU,Clear,0.51,6.66,1.0,11.0,100.0
2026-04-21 03:55:14,DDU,Clear,0.24,8.14,0.4,34.4,67.3
2026-06-18 16:00:09,DDU,Clear,0.49,6.24,0.0,21.2,33.3
2026-01-10 18:29:40,DDU,Cloudy,0.38,6.83,0.0,25.2,53.9
2026-04-27 16:26:45,DDU,Clear,0.7,4.07,0.0,26.8,39.7
2026-02-01 22:42:52,DDU,Rain,0.3,6.27,1.1,20.1,100.0
2026-02-26 10:10:00,DDU,Clear,0.37,6.77,0.9,22.4,86.7
2026-04-03 12:24:30,DDU,Rain,0.32,5.83,30.1,41.1,87.6
2026-01-24 16:36:28,DDU,Clear,0.1,9.75,0.8,38.7,96.1
2026-01-05 01:23:36,DDU,Rain,0.26,6.52,3.5,24.7,65.1
2026-03-16 02:37:56,DDU,Cloudy,0.22,8.33,0.5,22.2,70.8
2026-05-01 00:21:19,DDU,Cloudy,0.41,5.89,0.9,22.8,100.0
2026-06-09 11:04:42,DDU,Fog,0.56,5.14,0.5,20.2,86.3
2026-05-07 14:13:21,DDU,Clear,0.23,8.1,1.1,30.4,70.8
2026-04-02 13:44:38,DDU,Cloudy,0.1,9.98,0.9,27.7,98.7
2026-01-31 23:43:56,DDU,Fog,0.77,4.35,0.8,12.5,55.6
2026-05-19 08:48:00,DDU,Rain,0.3,6.44,18.8,36.6,33.9
2026-06-20 04:14:38,DDU,Clear,0.29,6.85,0.1,18.4,85.3
2026-06-09 02:40:29,DDU,Cloudy,0.66,5.1,0.9,11.7,83.7
2026-03-27 03:57:01,DDU,Cloudy,0.48,5.88,0.7,37.5,61.6
2026-02-09 18:42:27,DDU,Cloudy,0.28,7.23,0.6,31.1,90.8
2026-03-04 00:01:53,DDU,Cloudy,0.17,8.7,1.4,24.2,79.8
2026-03-02 14:07:27,DDU,Clear,0.12,8.27,0.4,20.1,100.0
2026-03-27 04:38:11,DDU,Clear,0.16,9.1,0.7,18.7,86.2
2026-06-15 05:34:01,DDU,Clear,0.22,8.83,0.2,34.7,63.8
2026-05-27 08:29:37,DDU,Cloudy,0.16,8.31,0.9,26.4,46.5
2026-04-08 13:08:27,DDU,Clear,0.26,7.35,0.2,11.8,99.5
2026-03-24 13:24:31,DDU,Clear,0.11,9.54,1.1,27.8,91.5
2026-06-17 20:01:47,DDU,Cloudy,0.3,7.43,1.3,6.0,63.7
2026-01-07 12:20:15,DDU,Clear,0.35,6.67,0.5,21.1,70.1
2026-05-15 16:02:15,DDU,Clear,0.46,5.78,0.5,35.7,64.5
2026-03-25 02:25:34,DDU,Rain,0.64,3.62,13.6,36.8,86.3
2026-04-21 03:12:03,DDU,Cloudy,0.44,6.25,0.7,21.1,80.5
2026-04-26 12:46:07,DDU,Rain,0.28,6.67,1.3,43.0,84.1
2026-06-01 19:55:24,DDU,Clear,0.59,5.33,0.3,10.2,62.7
2026-06-02 22:44:20,DDU,Clear,0.11,9.3,1.3,18.7,43.4
2026-05-17 11:30:47,DDU,Rain,0.39,5.94,3.0,25.8,39.7
2026-04-18 01:36:39,DDU,Cloudy,0.39,6.2,0.8,18.3,85.3
2026-01-18 04:46:56,DDU,Clear,0.49,5.29,0.0,25.5,71.7
2026-05-04 14:36:58,DDU,Fog,0.63,5.04,1.0,24.5,74.7
2026-01-31 03:24:26,DDU,Clear,0.13,9.09,0.7,19.6,49.4
2026-02-01 20:46:08,DDU,Rain,0.32,7.24,9.7,12.7,66.2
2026-02-07 23:00:48,DDU,Clear,0.02,9.75,0.2,37.4,74.8
2026-04-14 16:54:13,DDU,Clear,0.42,7.02,0.2,27.4,47.2
2026-03-13 08:37:29,DDU,Clear,0.17,8.86,0.2,17.1,66.5
2026-02-18 01:04:13,DDU,Clear,0.07,9.19,0.6,26.3,87.8
2026-01-28 09:42:24,DDU,Clear,0.3,7.87,1.4,23.9,52.7
2026-04-02 22:16:33,DDU,Rain,0.23,7.61,13.2,13.9,45.3
2026-05-04 14:22:29,DDU,Fog,0.49,6.11,1.1,30.6,51.4
2026-03-17 23:19:16,DDU,Rain,0.45,5.34,4.3,17.6,48.3
2026-05-31 08:00:12,DDU,Cloudy,0.06,9.26,1.2,39.6,53.0
2026-01-19 12:36:20,DDU,Clear,0.39,6.39,0.8,22.3,31.8
2026-01-08 08:40:02,DDU,Clear,0.15,8.68,0.2,25.3,78.4
2026-03-13 17:21:32,DDU,Clear,0.28,7.9,0.7,33.6,69.0
2026-04-22 14:10:57,DDU,Clear,0.41,7.43,1.5,18.9,60.0
2026-04-13 09:03:18,DDU,Clear,0.22,8.08,0.7,36.8,70.1
2026-05-06 05:08:43,DDU,Clear,0.28,7.76,0.9,24.5,59.8
2026-04-09 04:21:12,DDU,Clear,0.34,6.78,0.9,12.8,79.9
2026-02-11 17:55:24,DDU,Rain,0.17,7.0,6.1,34.8,81.1
2026-03-19 20:03:38,DDU,Clear,0.1,10.24,0.3,17.4,45.2
2026-01-10 10:09:37,DDU,Clear,0.32,7.81,0.2,21.7,63.6
2026-03-08 14:50:05,DDU,Clear,0.48,6.7,0.7,30.2,51.3
2026-02-24 00:25:21,DDU,Clear,0.09,10.04,1.2,16.9,47.8
2026-01-20 22:44:24,DDU,Clear,0.21,8.37,0.7,44.6,53.8
2026-03-01 17:30:45,DDU,Clear,0.26,8.62,1.1,28.8,48.9
2026-03-10 00:16:49,DDU,Clear,0.37,6.94,0.5,22.7,35.3
2026-03-02 04:06:59,DDU,Clear,0.15,9.54,0.3,22.0,68.7
2026-05-28 04:08:14,DDU,Clear,0.37,6.93,0.6,31.7,35.8
2026-02-06 06:01:18,DDU,Clear,0.5,6.53,1.1,38.2,68.1
2026-05-13 11:56:22,DDU,Fog,0.78,3.22,0.2,13.9,56.4
2026-04-07 11:26:21,DDU,Clear,0.27,8.17,0.4,29.3,62.7
2026-04-09 00:11:55,DDU,Clear,0.48,5.67,1.0,33.2,70.8
2026-03-26 08:10:25,DDU,Cloudy,0.14,8.6,1.3,21.3,46.7
2026-02-03 07:45:27,DDU,Rain,0.28,6.51,11.8,18.4,95.0
2026-03-18 22:25:40,DDU,Clear,0.29,7.04,0.6,29.5,37.0
2026-03-25 01:39:12,DDU,Fog,1.0,1.82,0.5,33.3,25.4
2026-02-24 06:35:44,DDU,Clear,0.49,6.03,0.7,23.8,62.1
2026-01-22 01:21:21,DDU,Clear,0.21,7.9,1.5,29.6,56.0
2026-03-16 06:07:57,DDU,Clear,0.28,6.73,1.1,16.4,62.7
2026-02-14 20:05:51,DDU,Clear,0.43,5.94,0.1,13.1,65.5
2026-06-26 09:37:33,DDU,Clear,0.28,7.13,1.1,12.6,82.4
2026-01-10 22:55:38,DDU,Clear,0.32,6.77,0.9,23.0,79.7
2026-05-25 09:20:49,DDU,Clear,0.17,8.13,1.1,24.6,60.3
2026-03-28 00:53:29,DDU,Clear,0.61,4.84,1.2,24.1,79.9
2026-05-21 05:20:10,DDU,Clear,0.34,7.1,0.1,19.6,80.7
2026-05-15 09:21:19,DDU,Clear,0.53,5.85,0.2,19.4,77.9
2026-04-17 11:53:28,DDU,Cloudy,0.17,8.24,1.4,29.1,59.3
2026-03-08 01:52:11,DDU,Clear,0.04,9.41,0.5,16.8,75.4
2026-03-13 15:12:56,DDU,Clear,0.19,8.02,0.9,13.6,87.8
2026-01-08 12:03:24,DDU,Clear,0.39,6.32,1.1,22.7,68.9
2026-02-14 11:04:03,DDU,Cloudy,0.16,8.97,1.3,31.4,93.8
2026-03-12 11:38:45,DDU,Fog,0.61,4.69,0.8,28.2,38.1
2026-01-17 13:19:36,DDU,Cloudy,0.06,9.55,0.1,21.3,92.1
2026-01-06 01:24:59,DDU,Clear,0.5,6.44,0.0,24.1,73.9
2026-03-02 10:36:19,DDU,Rain,0.05,8.12,12.1,27.9,51.4
2026-03-03 07:27:58,DDU,Clear,0.54,6.31,0.2,13.6,98.6
2026-04-09 19:52:48,DDU,Fog,0.67,4.5,0.7,13.9,53.4
2026-01-20 22:31:22,DDU,Rain,0.21,7.12,7.1,35.1,38.8
2026-04-30 20:04:26,DDU,Fog,0.62,5.11,1.3,12.2,40.5
2026-02-25 09:35:41,DDU,Clear,0.21,8.7,1.1,11.0,92.1
2026-05-01 10:43:02,DDU,Cloudy,0.53,5.69,0.9,30.2,58.3
2026-03-03 15:19:33,DDU,Clear,0.16,9.02,0.5,15.4,63.0
2026-04-11 14:54:59,DDU,Clear,0.58,5.59,0.2,19.5,37.1
2026-01-29 20:34:31,DDU,Clear,0.14,10.3,0.2,11.0,59.5
2026-04-18 18:00:05,DDU,Clear,0.28,7.64,0.7,23.0,62.0
2026-02-27 08:44:26,DDU,Rain,0.27,7.02,18.2,25.9,88.6
2026-01-31 16:01:02,DDU,Fog,0.84,2.35,0.4,22.6,23.7
2026-01-07 00:04:54,DDU,Fog,0.71,4.4,0.2,16.8,74.3
2026-02-10 22:25:21,DDU,Fog,0.58,4.84,0.3,14.1,91.0
2026-05-15 14:21:39,DDU,Clear,0.19,8.34,0.2,19.0,76.9
2026-05-26 04:49:07,DDU,Cloudy,0.72,4.93,1.0,26.0,78.0
2026-02-18 12:21:18,DDU,Rain,0.14,7.14,0.9,23.5,47.7
2026-04-20 05:33:39,DDU,Fog,0.49,6.0,1.2,7.3,100.0
2026-03-28 09:28:24,DDU,Fog,0.46,5.92,1.1,12.9,63.7
2026-03-04 05:30:18,DDU,Clear,0.58,5.16,0.1,22.4,97.8
2026-05-25 14:43:23,DDU,Clear,0.41,6.26,1.0,26.2,71.9
2026-05-30 09:51:21,DDU,Cloudy,0.2,8.23,0.1,6.6,71.1
2026-03-30 02:01:47,DDU,Clear,0.33,7.15,0.6,23.2,68.5
2026-06-21 07:15:52,DDU,Clear,0.27,7.83,1.3,32.3,100.0
2026-03-01 17:56:43,DDU,Rain,0.44,5.15,21.8,24.6,93.8
2026-02-28 11:08:05,DDU,Rain,0.19,7.5,12.3,27.1,100.0
2026-01-09 06:42:56,DDU,Clear,0.15,9.4,1.0,14.6,63.9
2026-03-09 16:00:51,DDU,Rain,0.45,5.9,12.3,15.1,44.0
2026-05-02 11:51:26,DDU,Cloudy,0.56,5.7,1.1,11.2,67.0
2026-03-12 18:24:35,DDU,Cloudy,0.64,5.01,0.3,19.5,100.0
2026-01-08 00:24:45,DDU,Clear,0.23,8.76,1.4,30.3,93.6
2026-03-26 20:43:30,DDU,Clear,0.35,7.99,0.1,17.9,46.0
2026-04-19 05:54:33,DDU,Cloudy,0.12,9.98,1.3,28.4,44.8
2026-06-03 05:01:00,DDU,Clear,0.52,6.02,0.5,24.2,82.6
2026-04-24 20:07:21,DDU,Clear,0.26,7.63,0.3,34.1,84.9
2026-06-22 10:32:57,DDU,Clear,0.21,8.17,0.3,18.3,79.1
2026-04-15 07:22:26,DDU,Clear,0.43,6.32,0.5,17.9,86.9
2026-02-10 10:56:51,DDU,Clear,0.11,9.36,0.3,28.5,79.5
2026-03-21 16:07:15,DDU,Clear,0.24,8.42,1.3,28.7,55.6
2026-04-18 15:46:38,DDU,Cloudy,0.29,6.15,0.9,20.7,68.2
2026-02-23 12:40:46,DDU,Clear,0.39,6.8,1.2,21.5,69.6
2026-05-30 09:55:47,DDU,Fog,0.66,3.75,1.5,26.1,66.5
2026-01-25 10:41:17,DDU,Clear,0.11,9.8,0.1,27.3,63.1
2026-04-22 22:39:28,DDU,Clear,0.25,8.06,1.3,24.5,84.5
2026-01-04 23:36:57,DDU,Fog,0.48,5.37,0.6,20.9,59.5
2026-02-16 12:07:20,DDU,Cloudy,0.31,7.62,1.2,17.2,60.3
2026-05-31 00:18:15,DDU,Clear,0.45,6.32,1.0,34.2,76.6
2026-05-17 16:01:13,DDU,Clear,0.22,7.99,1.0,22.4,47.1
2026-03-21 13:14:26,DDU,Cloudy,0.17,9.34,1.1,31.4,78.9
2026-01-21 03:45:10,DDU,Clear,0.39,6.41,1.1,25.7,84.5
2026-04-17 05:13:20,DDU,Cloudy,0.25,8.51,1.2,26.3,63.7
2026-04-25 06:39:33,DDU,Fog,0.75,3.65,1.1,15.8,85.5
2026-02-21 02:30:31,DDU,Clear,0.3,7.28,1.5,21.0,35.2
2026-05-23 11:38:56,DDU,Clear,0.8,2.83,1.1,25.1,60.5
2026-06-20 16:12:54,DDU,Clear,0.37,7.75,0.5,29.5,54.2
2026-02-22 16:05:36,DDU,Cloudy,0.17,8.85,1.1,19.7,43.5
2026-02-12 04:22:40,DDU,Clear,0.15,8.76,0.0,38.2,50.9
2026-01-22 13:37:48,DDU,Rain,0.37,4.9,2.4,23.1,70.6
2026-05-25 13:25:04,DDU,Rain,0.23,7.2,5.8,23.8,85.7
2026-04-21 16:24:56,DDU,Rain,0.48,4.17,2.9,28.7,57.9
2026-04-21 17:54:22,DDU,Clear,0.52,5.99,1.4,8.4,89.5
2026-06-08 22:13:56,DDU,Clear,0.13,7.91,0.3,21.7,89.9
2026-06-08 02:27:29,DDU,Rain,0.33,6.49,22.2,21.3,85.3
2026-03-16 00:06:56,DDU,Clear,0.14,8.42,0.2,22.0,79.7
2026-02-22 05:07:45,DDU,Clear,0.27,8.42,1.1,25.7,68.8
2026-06-02 04:31:55,DDU,Clear,0.39,7.69,0.6,16.2,65.0
2026-02-04 01:59:34,DDU,Clear,0.6,5.34,0.6,27.7,82.6
2026-05-17 00:20:19,DDU,Clear,0.16,9.22,0.1,26.1,91.4
2026-02-10 04:09:13,DDU,Cloudy,0.17,8.64,0.4,17.1,83.5
2026-05-05 17:19:06,DDU,Clear,0.26,7.57,1.0,10.1,68.9
2026-06-04 13:09:35,DDU,Cloudy,0.3,7.26,0.1,17.2,83.9
2026-01-25 00:46:49,DDU,Clear,0.25,8.26,0.6,28.6,30.9
2026-04-06 06:34:26,DDU,Fog,0.77,3.94,0.2,39.6,92.9
2026-05-20 02:13:40,DDU,Cloudy,0.15,9.12,0.4,26.8,43.8
2026-02-15 22:24:22,DDU,Clear,0.09,9.69,1.0,29.0,87.2
2026-06-20 06:42:16,DDU,Clear,0.2,7.8,0.2,20.6,64.5
2026-02-23 17:38:33,DDU,Clear,0.15,9.36,1.0,6.9,50.2
2026-05-04 04:55:26,DDU,Cloudy,0.37,6.75,0.8,11.6,81.0
2026-04-19 05:53:26,DDU,Clear,0.03,9.15,0.5,19.4,76.5
2026-06-11 09:06:20,DDU,Rain,0.17,7.21,22.3,22.7,29.6
2026-03-01 08:32:52,DDU,Clear,0.62,4.6,0.3,23.7,60.0
2026-02-28 02:00:05,DDU,Clear,0.29,7.61,0.1,22.4,60.8
2026-06-16 01:47:58,DDU,Clear,0.35,7.02,0.6,31.9,41.4
2026-03-16 16:45:42,DDU,Rain,0.42,5.17,14.4,11.6,73.5
2026-06-13 17:39:15,DDU,Rain,0.36,5.56,23.5,15.6,72.6
2026-06-11 08:40:32,DDU,Rain,0.07,7.69,21.1,41.9,60.1
2026-05-06 21:47:42,DDU,Rain,0.16,6.62,11.9,25.0,60.7
2026-05-02 01:18:20,DDU,Cloudy,0.4,6.99,0.3,18.8,71.3
2026-05-10 04:29:08,DDU,Rain,0.19,7.19,6.0,17.1,60.5
2026-03-12 09:04:48,DDU,Clear,0.33,6.95,0.9,19.3,38.4
2026-04-04 00:43:45,DDU,Clear,0.18,8.06,0.6,28.3,51.6
2026-01-18 13:27:12,DDU,Clear,0.19,8.98,0.2,7.7,70.0
2026-05-22 05:14:31,DDU,Clear,0.28,7.83,0.4,17.2,53.0
2026-04-12 11:11:42,DDU,Cloudy,0.48,5.76,0.7,19.1,64.4
2026-05-20 18:07:12,DDU,Fog,0.51,5.96,0.0,9.9,58.4
2026-04-26 11:53:33,DDU,Clear,0.05,10.41,1.0,30.0,50.7
2026-04-29 20:36:13,DDU,Clear,0.37,7.08,1.2,30.8,52.5
2026-05-31 07:30:01,DDU,Fog,0.44,6.81,0.9,21.8,56.3
2026-06-10 16:18:56,DDU,Fog,0.59,4.49,1.3,24.2,55.0
2026-06-30 03:13:34,DDU,Clear,0.22,8.13,1.2,19.6,76.1
2026-01-23 15:12:56,DDU,Fog,0.69,4.32,0.9,37.2,86.4
2026-06-12 07:29:59,DDU,Fog,0.73,4.11,0.3,7.6,84.5
2026-03-04 01:31:59,DDU,Clear,0.02,9.74,0.0,27.9,62.7
2026-02-24 06:59:59,DDU,Clear,0.12,9.04,0.7,20.8,68.2
2026-03-25 15:54:43,DDU,Fog,0.38,6.96,1.5,19.4,69.8
2026-02-19 01:02:29,DDU,Clear,0.2,8.95,0.5,20.2,65.5
2026-06-21 06:23:44,DDU,Clear,0.06,9.74,0.9,22.6,73.2
2026-05-15 02:09:10,DDU,Clear,0.2,7.91,1.3,19.5,45.0
2026-04-01 08:32:44,DDU,Clear,0.25,8.0,0.0,9.7,33.6
2026-06-23 20:16:11,DDU,Fog,0.62,5.01,1.1,24.2,60.1
2026-01-27 11:33:07,DDU,Cloudy,0.33,6.95,0.1,28.6,60.0
2026-01-29 19:46:09,DDU,Fog,0.97,1.77,1.3,17.3,84.3
2026-04-09 15:55:48,DDU,Clear,0.12,8.72,1.3,34.4,78.3
2026-02-17 20:45:12,DDU,Clear,0.23,8.03,1.3,21.7,58.8
2026-01-14 09:28:09,DDU,Clear,0.19,8.69,1.3,22.7,67.2
2026-04-22 03:08:21,DDU,Clear,0.17,8.06,0.0,23.2,64.3
2026-02-10 15:08:27,DDU,Clear,0.36,6.96,0.9,30.8,83.5
2026-02-13 22:57:08,DDU,Cloudy,0.32,7.05,0.6,27.3,81.0
2026-05-14 15:11:13,DDU,Rain,0.43,5.17,15.3,17.1,79.4
2026-02-22 22:25:13,DDU,Clear,0.12,9.12,0.1,15.9,51.9
2026-01-13 12:44:50,DDU,Clear,0.42,6.0,1.0,28.2,42.7
2026-03-25 00:01:04,DDU,Cloudy,0.13,8.64,0.2,13.4,54.8
2026-03-23 13:29:30,DDU,Clear,0.51,5.53,1.1,28.4,80.9
2026-03-19 14:26:17,DDU,Cloudy,0.6,4.08,1.1,14.8,79.7
2026-04-16 11:31:48,DDU,Cloudy,0.49,5.26,0.1,24.3,72.5
2026-02-06 07:29:50,DDU,Fog,0.54,5.65,0.7,29.9,66.4
2026-01-19 23:06:00,DDU,Clear,0.39,6.22,1.0,26.6,68.0
2026-02-28 14:35:38,DDU,Clear,0.19,9.33,0.4,28.7,60.1
2026-02-05 18:15:30,DDU,Clear,0.43,6.96,0.6,25.0,67.4
2026-04-06 01:44:38,DDU,Cloudy,0.23,7.71,1.2,23.6,67.2
2026-04-26 21:48:31,DDU,Clear,0.16,8.42,0.6,21.1,99.0
2026-04-12 19:54:51,DDU,Clear,0.25,7.62,1.3,31.2,70.5
2026-05-24 10:30:04,DDU,Clear,0.15,8.68,1.0,15.5,47.4
2026-04-30 15:39:13,DDU,Clear,0.17,9.09,1.3,9.0,62.9
2026-04-03 17:52:15,DDU,Cloudy,0.14,9.66,0.1,7.2,79.5
2026-01-11 14:05:36,DDU,Clear,0.07,9.98,1.3,18.6,45.8
2026-06-15 23:35:25,DDU,Clear,0.16,9.03,1.1,41.1,92.6
2026-06-05 06:27:03,DDU,Cloudy,0.34,6.47,0.2,27.2,43.6
2026-04-10 23:16:24,DDU,Clear,0.28,8.28,1.1,20.7,29.4
2026-06-30 01:50:54,DDU,Clear,0.46,6.4,0.4,15.3,56.4
2026-01-24 15:45:50,DDU,Clear,0.15,9.03,0.6,25.5,34.5
2026-06-29 06:06:25,DDU,Clear,0.21,7.27,0.7,18.6,67.3
2026-03-23 11:10:27,DDU,Clear,0.07,8.85,0.1,34.4,63.5
2026-03-22 12:48:43,DDU,Clear,0.06,8.65,0.8,22.1,89.2
2026-02-20 20:09:58,DDU,Clear,0.09,9.17,0.6,22.2,56.4
2026-03-30 11:04:01,DDU,Clear,0.64,4.47,1.3,34.9,84.6
2026-05-08 19:36:22,DDU,Clear,0.46,5.94,0.0,16.7,56.3
2026-04-20 15:54:54,DDU,Clear,0.41,5.93,0.7,24.0,67.2
2026-05-31 03:42:23,DDU,Rain,0.48,4.83,9.2,15.8,57.1
2026-05-07 11:35:25,DDU,Clear,0.39,7.03,0.6,2.9,88.8
2026-01-04 21:59:44,DDU,Cloudy,0.02,9.95,0.4,20.5,83.6
2026-01-18 03:51:29,DDU,Cloudy,0.3,6.3,0.1,24.2,89.9
2026-06-01 17:56:14,DDU,Cloudy,0.1,8.53,0.8,25.2,39.8
2026-04-15 05:21:34,DDU,Clear,0.4,7.17,1.0,43.0,47.0
2026-05-30 01:25:21,DDU,Cloudy,0.55,5.89,1.3,24.4,45.6
2026-01-18 10:39:22,DDU,Fog,0.52,5.57,1.4,31.3,77.8
2026-05-22 19:40:17,DDU,Rain,0.12,8.37,21.8,21.5,55.7
2026-02-18 18:08:32,DDU,Clear,0.5,5.16,0.1,40.8,71.5
2026-01-02 18:06:06,DDU,Clear,0.27,9.0,0.5,21.0,50.7
2026-02-07 20:45:21,DDU,Rain,0.09,8.29,5.5,23.3,78.1
2026-06-10 10:25:33,DDU,Clear,0.28,7.83,0.7,29.3,67.3
2026-02-21 22:01:25,DDU,Cloudy,0.28,8.18,0.3,24.2,61.3
2026-04-26 16:20:30,DDU,Clear,0.03,10.16,0.3,30.8,34.2
2026-03-24 21:37:54,DDU,Fog,0.81,3.19,0.7,22.8,43.6
2026-04-10 05:59:21,DDU,Rain,0.4,5.29,8.8,8.6,81.4
2026-06-08 12:30:24,DDU,Clear,0.1,9.4,0.5,40.9,79.6
2026-06-17 03:18:56,DDU,Cloudy,0.16,8.13,0.2,25.0,56.0
2026-04-13 06:39:27,DDU,Rain,0.26,6.85,5.5,30.8,45.4
2026-02-02 23:59:05,DDU,Clear,0.08,9.53,0.1,20.6,73.7
2026-06-10 06:03:42,DDU,Cloudy,0.26,8.41,0.3,26.7,51.4
2026-04-06 14:39:28,DDU,Rain,0.22,6.91,14.1,15.0,58.4
2026-06-24 21:17:52,DDU,Rain,0.48,4.65,13.2,27.0,73.1
2026-04-16 07:20:46,DDU,Cloudy,0.28,7.22,0.6,28.7,69.1
2026-05-09 02:11:12,DDU,Clear,0.47,5.98,1.0,27.3,39.5
2026-06-25 07:21:52,DDU,Rain,0.22,7.09,14.8,15.5,79.9
2026-03-16 12:29:42,DDU,Fog,0.75,3.65,1.2,28.6,82.7
2026-03-21 00:21:04,DDU,Clear,0.16,8.83,0.9,23.2,82.7
2026-04-05 14:05:37,DDU,Clear,0.15,9.92,0.4,25.4,43.7
2026-02-12 03:01:49,DDU,Clear,0.62,4.85,1.2,18.9,66.7
2026-01-28 16:12:49,DDU,Clear,0.56,4.86,0.8,21.1,51.1
2026-05-09 23:24:22,DDU,Rain,0.07,8.07,6.1,10.9,51.8
2026-03-20 16:58:08,DDU,Clear,0.56,5.28,0.2,9.2,82.6
2026-03-28 05:02:40,DDU,Cloudy,0.17,7.65,0.8,25.7,60.4
2026-06-05 20:35:23,DDU,Clear,0.57,4.72,0.4,26.6,26.9
2026-05-24 04:42:02,DDU,Clear,0.07,9.14,0.5,19.2,92.4
2026-02-18 16:07:05,DDU,Clear,0.36,7.07,0.4,28.8,81.3
2026-04-01 08:10:36,DDU,Clear,0.21,8.38,1.2,20.3,91.4
2026-05-31 00:40:36,DDU,Clear,0.26,8.22,1.2,17.4,65.5
2026-02-23 13:10:50,DDU,Clear,0.53,5.31,1.4,27.8,55.2
2026-02-15 18:26:47,DDU,Fog,0.69,3.15,0.9,33.5,56.0
2026-02-19 06:36:32,DDU,Clear,0.24,8.39,1.5,28.0,55.5
2026-01-26 13:05:01,DDU,Clear,0.26,8.09,1.1,18.4,62.9
2026-06-09 13:47:19,DDU,Rain,0.42,5.65,14.1,37.5,82.4
2026-01-18 08:42:59,DDU,Cloudy,0.19,7.83,1.2,12.3,46.1
2026-02-07 17:19:02,DDU,Cloudy,0.55,6.13,1.3,24.9,46.0
2026-01-13 18:41:07,DDU,Fog,0.7,5.5,0.9,29.0,89.1
2026-06-28 10:23:45,DDU,Clear,0.08,9.97,0.2,35.0,63.9
2026-03-07 20:29:02,DDU,Cloudy,0.04,9.16,0.0,13.3,64.9
2026-02-25 20:32:09,DDU,Clear,0.49,5.39,1.5,25.5,45.0
2026-04-06 04:25:31,DDU,Clear,0.29,7.27,1.0,13.3,65.9
2026-01-11 18:14:05,DDU,Clear,0.49,5.74,0.9,24.5,53.5
2026-01-01 06:37:59,DDU,Cloudy,0.29,8.3,0.2,23.0,72.8
2026-02-25 10:13:12,DDU,Clear,0.28,8.28,1.1,29.8,73.0
2026-04-13 07:48:17,DDU,Clear,0.28,7.8,0.7,26.3,82.1
2026-06-26 14:09:58,DDU,Cloudy,0.21,6.68,1.0,31.2,77.6
2026-03-09 07:12:54,DDU,Clear,0.4,7.03,1.0,16.3,20.4
2026-04-19 22:37:35,DDU,Clear,0.33,7.41,0.8,25.9,70.5
2026-04-27 14:11:45,DDU,Clear,0.49,6.12,1.0,17.5,100.0
2026-02-24 11:01:18,DDU,Clear,0.08,8.86,0.4,27.0,31.0
2026-03-21 10:17:18,DDU,Cloudy,0.47,5.87,0.1,16.2,56.7
2026-05-02 16:38:05,DDU,Clear,0.18,8.61,0.5,13.8,67.2
2026-02-23 00:27:42,DDU,Cloudy,0.32,7.39,1.2,22.0,40.1
2026-06-05 13:59:20,DDU,Cloudy,0.12,8.82,1.2,27.9,27.0
2026-06-23 01:34:29,DDU,Cloudy,0.05,9.23,0.1,19.6,31.9
2026-04-23 03:00:22,DDU,Clear,0.17,8.46,0.3,25.9,49.8
2026-02-06 13:47:17,DDU,Clear,0.27,7.66,0.1,14.1,66.2
2026-03-24 13:10:25,DDU,Rain,0.22,6.64,11.6,38.1,88.4
2026-05-02 10:43:54,DDU,Clear,0.62,5.09,1.0,21.1,61.1
2026-06-11 11:58:02,DDU,Cloudy,0.14,8.62,0.6,20.8,68.0
2026-02-08 15:57:33,DDU,Fog,0.6,4.61,1.1,23.0,100.0
2026-05-09 17:32:00,DDU,Clear,0.18,7.96,0.4,21.6,38.1
2026-04-02 17:38:55,DDU,Clear,0.43,6.82,1.4,24.5,50.5
2026-06-08 03:52:39,DDU,Cloudy,0.51,6.46,0.2,28.6,60.2
2026-01-31 21:54:34,DDU,Fog,1.0,1.7,1.2,14.9,89.8
2026-05-08 06:52:47,DDU,Cloudy,0.42,6.23,0.1,26.8,87.6
2026-05-29 19:53:11,DDU,Rain,0.44,4.96,7.2,24.0,100.0
2026-06-05 16:02:38,DDU,Clear,0.64,5.27,1.0,21.3,62.2
2026-03-09 02:54:39,DDU,Rain,0.19,7.63,6.1,26.5,59.8
2026-01-08 23:27:50,DDU,Cloudy,0.17,8.46,0.5,23.0,96.6
2026-01-15 06:54:52,DDU,Clear,0.51,5.67,1.1,20.8,76.5
2026-01-01 01:18:31,DDU,Fog,0.82,3.11,1.4,20.7,92.9
2026-02-07 19:41:42,DDU,Rain,0.15,7.27,9.6,31.7,59.1
2026-06-23 22:13:26,DDU,Clear,0.45,5.9,0.7,29.6,63.4
2026-04-08 16:58:42,DDU,Fog,0.56,4.2,0.4,23.6,40.5
2026-02-27 16:13:51,DDU,Fog,0.74,4.03,1.1,12.0,58.9
2026-02-18 10:36:12,DDU,Clear,0.33,7.5,1.2,27.8,39.7
2026-06-23 02:03:51,DDU,Cloudy,0.55,5.7,0.9,19.3,48.5
2026-04-11 11:43:01,DDU,Clear,0.34,6.82,0.1,26.6,67.2
2026-05-19 06:06:27,DDU,Cloudy,0.55,5.05,1.1,27.1,55.5
2026-06-26 01:05:34,DDU,Cloudy,0.08,9.76,0.9,26.8,39.6
2026-04-12 11:41:02,DDU,Clear,0.16,7.93,0.6,25.6,91.2
2026-06-21 16:24:44,DDU,Clear,0.15,7.71,0.5,14.3,54.3
2026-02-03 00:02:04,DDU,Clear,0.1,9.6,0.6,29.7,76.1
2026-01-08 02:10:15,DDU,Clear,0.23,8.17,0.2,44.7,65.8
2026-03-20 21:35:49,DDU,Clear,0.62,4.17,0.6,17.7,65.3
2026-04-30 12:44:36,DDU,Clear,0.19,8.09,0.7,27.3,73.6
2026-03-19 12:04:44,DDU,Cloudy,0.34,7.26,1.1,26.5,87.0
2026-02-17 11:40:46,DDU,Fog,0.53,5.32,1.4,30.0,85.2
2026-05-22 01:38:34,DDU,Cloudy,0.11,9.18,0.8,18.8,76.4
2026-02-03 23:20:55,DDU,Rain,0.24,5.58,11.5,29.7,67.6
2026-06-17 23:58:07,DDU,Clear,0.17,8.71,0.8,28.7,48.8
2026-04-30 07:50:00,DDU,Fog,1.0,1.7,0.0,23.8,67.0
2026-06-30 10:05:02,DDU,Cloudy,0.38,6.46,0.4,14.1,73.0
2026-06-25 00:38:44,DDU,Cloudy,0.27,7.8,0.9,17.8,66.3
2026-01-07 22:48:35,DDU,Rain,0.24,7.15,6.6,9.3,60.9
2026-05-25 16:21:09,DDU,Clear,0.32,6.86,0.2,26.8,34.1
2026-04-20 19:37:15,DDU,Rain,0.1,8.64,16.6,31.2,51.8
2026-02-26 10:40:35,DDU,Fog,0.82,4.32,0.7,31.8,34.1
2026-04-23 22:30:06,DDU,Clear,0.22,7.93,1.1,9.4,69.9
2026-05-22 09:06:10,DDU,Clear,0.16,8.35,1.4,22.1,54.9
2026-06-02 21:17:30,DDU,Clear,0.17,8.45,0.9,22.8,89.0
2026-02-20 12:11:51,DDU,Cloudy,0.42,6.28,0.3,26.2,65.2
2026-01-19 14:00:24,DDU,Clear,0.05,9.58,0.2,17.3,76.2
2026-05-17 14:38:05,DDU,Fog,0.4,6.91,0.2,17.1,94.5
2026-03-23 14:54:36,DDU,Rain,0.12,7.15,12.8,32.8,35.7
2026-06-19 10:16:01,DDU,Clear,0.35,7.42,1.2,28.6,64.2
2026-02-17 04:26:32,DDU,Clear,0.3,7.43,0.7,19.6,91.5
2026-01-31 04:29:17,DDU,Clear,0.52,5.63,0.1,29.9,70.4
2026-06-30 16:12:23,DDU,Clear,0.24,7.76,0.1,11.9,66.3
2026-04-02 04:25:43,DDU,Clear,0.37,6.67,1.4,28.9,65.8
2026-05-17 06:12:03,DDU,Clear,0.53,5.24,0.8,23.9,68.6
2026-02-23 11:16:42,DDU,Clear,0.31,6.96,0.4,13.0,67.8
2026-02-18 20:06:25,DDU,Clear,0.48,6.26,0.2,26.5,57.1
2026-05-17 02:52:03,DDU,Clear,0.08,9.05,0.2,18.4,33.2
2026-06-08 11:44:57,DDU,Clear,0.27,7.96,1.5,41.3,61.5
2026-01-21 01:59:37,DDU,Clear,0.1,8.89,1.1,23.7,47.4
2026-01-27 05:46:27,DDU,Fog,0.7,3.67,0.4,17.3,100.0
2026-04-21 16:28:36,DDU,Rain,0.05,7.35,7.6,17.2,65.1
2026-03-11 16:44:13,DDU,Clear,0.43,6.44,0.2,13.3,66.6
2026-01-06 23:26:44,DDU,Clear,0.07,8.7,0.7,37.2,79.0
2026-06-15 15:33:51,DDU,Fog,0.55,4.74,1.5,22.5,79.7
2026-04-08 06:24:24,DDU,Clear,0.04,10.08,1.3,10.3,54.6
2026-02-28 14:25:13,DDU,Rain,0.22,7.35,9.5,33.6,37.3
2026-04-20 20:33:51,DDU,Clear,0.11,8.83,0.7,13.6,62.2
2026-05-20 20:51:40,DDU,Clear,0.33,7.71,0.6,42.9,43.3
2026-05-31 07:33:15,DDU,Clear,0.18,7.78,0.2,21.2,53.6
2026-04-19 05:23:29,DDU,Clear,0.2,7.81,0.8,34.7,83.9
2026-03-17 06:00:43,DDU,Clear,0.12,8.86,1.3,27.1,59.7
2026-05-27 20:59:39,DDU,Clear,0.16,9.29,1.0,18.5,51.4
2026-03-26 18:10:22,DDU,Cloudy,0.04,9.16,1.2,17.1,67.5
2026-04-02 00:12:07,DDU,Fog,0.52,5.63,1.0,5.9,75.5
2026-06-11 14:52:07,DDU,Clear,0.12,8.55,0.4,16.6,89.2
2026-06-29 21:01:33,DDU,Clear,0.09,9.59,0.4,15.6,69.4
2026-01-12 20:02:04,DDU,Cloudy,0.3,7.23,0.1,33.9,61.3
2026-05-05 00:33:17,DDU,Clear,0.22,8.46,0.6,30.8,69.1
2026-03-03 05:19:52,DDU,Cloudy,0.32,7.88,1.4,21.1,72.6
2026-05-08 11:00:26,DDU,Rain,0.14,7.54,9.1,38.1,51.7
2026-05-18 19:37:30,DDU,Rain,0.33,5.72,11.4,33.9,57.2
2026-03-03 04:02:41,DDU,Fog,0.51,5.06,1.1,35.0,68.3
2026-04-23 02:41:12,DDU,Clear,0.01,10.43,1.2,22.4,64.2
2026-06-29 10:48:17,DDU,Cloudy,0.03,8.88,1.4,9.8,100.0
2026-02-27 08:10:05,DDU,Clear,0.13,8.63,0.7,27.1,61.7
2026-05-16 06:26:13,DDU,Rain,0.44,5.25,8.1,5.4,29.0
2026-06-05 01:07:15,DDU,Cloudy,0.35,7.02,1.4,15.2,50.6
2026-06-22 21:38:20,DDU,Cloudy,0.35,7.58,1.4,18.3,73.6
2026-01-19 05:27:14,DDU,Clear,0.24,8.2,0.6,37.7,59.1
2026-02-05 21:27:41,DDU,Clear,0.36,6.83,1.4,12.3,100.0
2026-04-26 23:34:08,DDU,Clear,0.29,6.79,1.0,17.3,63.4
2026-05-01 05:40:46,DDU,Rain,0.18,7.17,12.6,18.9,64.1
2026-03-02 07:18:39,DDU,Clear,0.3,7.34,0.8,23.2,63.8
2026-02-13 07:22:52,DDU,Clear,0.26,8.21,0.6,15.5,61.6
2026-03-22 15:12:28,DDU,Cloudy,0.25,8.8,1.1,21.5,56.9
2026-02-11 02:00:34,DDU,Cloudy,0.45,6.66,0.6,19.6,62.6
2026-01-06 08:42:53,DDU,Cloudy,0.11,8.84,1.3,38.7,80.6
2026-06-02 12:39:44,DDU,Clear,0.26,7.49,0.6,24.9,57.1
2026-04-20 07:48:17,DDU,Cloudy,0.3,7.36,0.7,33.9,88.0
2026-06-09 10:17:37,DDU,Fog,0.6,4.61,0.5,17.8,64.6
2026-05-04 12:43:03,DDU,Cloudy,0.12,9.16,0.4,31.3,64.4
2026-01-27 16:27:57,DDU,Clear,0.19,8.03,0.4,18.2,84.0
2026-01-03 19:10:56,DDU,Clear,0.19,8.1,1.1,34.8,53.0
2026-04-19 06:36:23,DDU,Clear,0.51,5.2,0.2,25.7,50.4
2026-06-24 18:01:49,DDU,Clear,0.8,2.95,1.4,34.3,97.3
2026-03-18 04:37:15,DDU,Clear,0.04,10.03,0.5,11.9,54.1
2026-03-20 17:00:33,DDU,Clear,0.34,7.81,0.3,25.1,46.3
2026-02-04 13:18:32,DDU,Clear,0.07,9.19,1.3,2.7,80.5
2026-01-13 09:06:54,DDU,Cloudy,0.2,8.01,0.4,18.4,71.9
2026-02-19 21:53:37,DDU,Fog,0.62,4.35,0.9,24.0,40.2
2026-01-03 01:52:24,DDU,Clear,0.24,8.01,0.3,8.4,57.6
2026-02-20 06:00:36,DDU,Clear,0.19,9.26,1.5,37.3,86.3
2026-03-23 02:13:42,DDU,Clear,0.38,7.57,1.0,23.6,50.7
2026-02-01 10:04:50,DDU,Clear,0.29,6.67,0.2,26.4,85.2
2026-03-02 18:55:42,DDU,Clear,0.24,8.35,0.7,23.5,51.1
2026-01-10 06:20:25,DDU,Clear,0.1,8.69,0.4,19.3,40.5
2026-02-12 14:07:22,DDU,Fog,0.77,2.95,0.7,31.0,61.5
2026-03-27 09:54:29,DDU,Clear,0.54,5.36,1.4,22.8,49.9
2026-04-26 11:39:29,DDU,Rain,0.14,8.0,8.4,23.3,100.0
2026-03-17 14:01:16,DDU,Clear,0.3,7.59,1.4,28.5,44.9
2026-01-18 21:31:01,DDU,Fog,0.58,5.65,0.7,34.9,62.7
2026-02-18 23:35:14,DDU,Rain,0.28,6.55,15.8,25.4,74.0
2026-04-11 02:02:01,DDU,Clear,0.19,8.92,0.8,28.4,80.0
2026-02-25 03:05:36,DDU,Cloudy,0.31,7.77,0.0,21.4,85.2
2026-01-09 08:33:19,DDU,Rain,0.29,6.13,8.6,29.3,85.8
2026-03-19 01:32:25,DDU,Rain,0.41,5.15,12.9,16.9,75.5
2026-05-05 19:33:05,DDU,Fog,0.65,4.65,0.3,18.0,60.5
2026-01-21 18:53:56,DDU,Rain,0.29,5.93,5.2,27.6,78.1
2026-01-06 08:17:50,DDU,Cloudy,0.21,8.81,1.1,16.2,39.2
2026-06-27 17:05:55,DDU,Fog,0.62,5.17,0.4,28.2,67.7
2026-01-17 11:08:39,DDU,Clear,0.38,7.62,0.6,21.4,77.4
2026-03-25 21:39:03,DDU,Fog,0.52,5.19,1.3,26.7,77.0
2026-01-01 08:30:38,DDU,Clear,0.33,6.87,0.6,24.2,66.4
2026-01-31 06:29:32,DDU,Clear,0.06,9.74,1.0,30.8,56.6
2026-03-09 14:43:41,DDU,Clear,0.08,9.58,0.0,32.0,36.8
2026-03-17 08:23:19,DDU,Clear,0.07,9.61,0.3,21.4,62.4
2026-06-02 15:46:19,DDU,Fog,0.74,3.57,0.1,33.0,63.7
2026-06-11 06:34:27,DDU,Clear,0.26,8.75,0.4,31.3,55.4
2026-04-26 20:11:04,DDU,Clear,0.18,8.84,1.4,13.1,76.1
2026-06-08 17:22:07,DDU,Clear,0.27,7.66,1.3,20.4,68.5
2026-06-27 13:15:08,DDU,Cloudy,0.1,9.3,0.7,21.7,94.3
2026-01-23 22:18:28,DDU,Cloudy,0.3,6.73,0.3,18.2,59.8
2026-05-30 02:25:36,DDU,Cloudy,0.38,7.0,0.1,20.2,31.6
2026-01-24 09:01:00,DDU,Cloudy,0.57,5.19,0.5,27.6,70.9
2026-06-23 18:23:31,DDU,Fog,0.41,6.55,0.8,15.9,55.1
2026-03-03 15:56:33,DDU,Clear,0.5,5.06,1.1,34.5,65.7
2026-03-14 14:52:42,DDU,Cloudy,0.5,6.37,0.1,20.0,67.3
2026-04-23 23:03:17,DDU,Clear,0.11,10.04,1.0,17.7,82.5
2026-05-17 23:10:42,DDU,Rain,0.36,5.32,6.0,16.9,97.5
2026-01-28 09:11:01,DDU,Fog,0.72,3.08,0.0,26.1,80.1
2026-04-13 22:43:39,DDU,Fog,0.53,5.02,0.2,33.2,90.3
2026-06-24 07:34:14,DDU,Clear,0.08,9.44,1.5,4.1,57.6
2026-01-09 15:14:13,DDU,Rain,0.37,5.19,5.9,25.8,56.5
2026-02-09 05:20:32,DDU,Clear,0.04,10.1,0.1,22.4,38.9
2026-04-23 04:14:30,DDU,Clear,0.35,6.91,0.1,38.0,50.0
2026-04-05 10:57:48,DDU,Rain,0.59,4.26,2.0,28.1,40.9
2026-04-13 12:14:18,DDU,Cloudy,0.1,9.87,0.3,21.8,81.4
2026-03-24 00:33:32,DDU,Fog,0.62,5.49,0.7,23.2,55.1
2026-02-13 14:13:07,DDU,Cloudy,0.13,9.04,0.0,26.5,87.6
2026-04-20 12:36:29,DDU,Rain,0.11,7.38,9.6,11.8,51.1
2026-03-21 09:35:07,DDU,Clear,0.42,6.01,0.0,20.8,64.9
2026-05-04 03:33:24,DDU,Fog,0.86,2.45,0.6,29.0,60.3
2026-06-21 22:32:44,DDU,Cloudy,0.31,7.36,1.5,28.5,42.5
2026-05-21 12:39:48,DDU,Cloudy,0.12,8.9,0.4,22.1,48.6
2026-04-21 05:49:13,DDU,Clear,0.35,7.41,1.4,21.8,77.2
2026-02-09 00:59:02,DDU,Clear,0.16,8.37,0.7,29.1,50.6
2026-03-02 16:02:07,DDU,Clear,0.29,8.13,0.7,32.7,52.3
2026-06-04 15:54:35,DDU,Clear,0.48,6.22,1.3,26.6,70.1
2026-03-03 22:57:22,DDU,Cloudy,0.09,8.86,0.4,27.6,61.7
2026-06-15 11:24:21,DDU,Cloudy,0.1,9.26,0.8,31.2,48.7
2026-01-09 03:37:28,DDU,Clear,0.37,5.86,0.5,27.8,57.4
2026-03-02 17:44:27,DDU,Clear,0.12,9.22,0.9,22.8,51.7
2026-01-12 03:14:09,DDU,Clear,0.26,7.53,1.4,30.0,73.7
2026-01-17 07:24:46,DDU,Clear,0.49,5.86,0.8,14.8,52.3
2026-01-25 02:10:56,DDU,Clear,0.46,5.92,1.5,21.1,41.5
2026-05-29 09:50:48,DDU,Fog,0.44,5.81,1.4,27.5,78.9
2026-04-02 15:41:46,DDU,Cloudy,0.51,6.16,0.6,6.9,96.1
2026-05-16 08:24:37,DDU,Clear,0.15,9.64,0.9,33.9,50.8
2026-01-12 22:57:35,DDU,Clear,0.44,5.93,0.1,27.1,91.1
2026-02-18 03:58:12,DDU,Rain,0.33,5.97,2.9,25.7,76.1
2026-01-31 00:48:45,DDU,Fog,0.57,5.39,0.2,31.5,63.7
2026-03-07 04:04:46,DDU,Fog,1.0,1.9,0.5,29.1,62.6
2026-03-25 12:55:59,DDU,Clear,0.5,5.38,0.0,21.0,51.5
2026-06-06 23:04:34,DDU,Clear,0.71,4.83,0.4,21.9,78.8
2026-04-23 10:33:39,DDU,Clear,0.17,8.04,1.3,26.4,53.5
2026-06-21 00:37:07,DDU,Clear,0.26,7.86,0.4,41.3,54.1
2026-04-30 16:12:16,DDU,Fog,0.48,5.9,1.4,17.3,60.8
2026-01-20 02:36:26,DDU,Clear,0.17,8.21,0.5,24.1,58.1
2026-05-23 05:01:35,DDU,Rain,0.33,6.25,3.4,23.8,42.2
2026-05-08 18:29:11,DDU,Cloudy,0.47,4.81,0.1,28.4,53.2
2026-06-24 13:30:12,DDU,Rain,0.54,4.31,7.0,21.4,41.1
2026-04-23 12:58:05,DDU,Clear,0.02,10.55,1.3,43.8,66.6
2026-04-07 07:31:23,DDU,Fog,0.45,6.28,0.7,24.0,65.7
2026-06-14 18:03:36,DDU,Clear,0.25,7.39,0.9,29.9,63.5
2026-04-02 06:15:44,DDU,Fog,0.45,6.36,1.1,38.5,20.0
2026-04-29 16:44:04,DDU,Clear,0.36,7.36,0.3,18.0,97.9
2026-01-23 03:17:37,DDU,Cloudy,0.24,8.18,0.7,18.3,62.1
2026-06-11 18:47:26,DDU,Clear,0.15,8.43,0.4,11.8,61.4
2026-03-24 02:37:42,DDU,Fog,0.79,3.57,0.4,23.1,57.7
2026-05-25 16:26:34,DDU,Clear,0.31,7.91,1.4,28.6,75.2
2026-03-17 07:28:55,DDU,Clear,0.07,9.49,0.2,12.3,30.4
2026-02-02 14:05:01,DDU,Fog,0.44,6.07,0.4,27.8,58.2
2026-03-18 14:53:59,DDU,Fog,0.51,5.26,1.1,12.0,58.8
2026-05-16 10:30:54,DDU,Fog,0.55,5.03,0.3,19.0,72.5
2026-05-30 10:17:58,DDU,Cloudy,0.1,8.4,1.5,15.4,49.1
2026-01-30 08:11:50,DDU,Clear,0.3,7.41,1.4,20.4,74.0
2026-03-29 01:00:48,DDU,Clear,0.2,8.18,0.3,12.2,65.0
2026-04-09 02:28:26,DDU,Clear,0.17,8.52,0.9,29.0,72.9
2026-01-04 01:41:59,DDU,Cloudy,0.3,7.17,0.1,7.9,75.0
2026-05-22 00:01:32,DDU,Clear,0.13,9.04,1.4,28.5,53.8
2026-02-15 04:43:13,DDU,Cloudy,0.25,7.66,0.6,17.3,48.5
2026-06-04 20:15:45,DDU,Clear,0.16,9.05,1.4,13.9,62.9
2026-01-30 08:35:30,DDU,Fog,0.4,7.5,1.4,23.5,49.1
2026-05-23 12:11:10,DDU,Clear,0.12,9.19,0.6,26.1,88.9
2026-05-04 12:04:13,DDU,Clear,0.33,6.93,0.8,23.1,80.7
2026-05-02 07:39:45,DDU,Clear,0.64,4.5,1.1,24.9,79.0
2026-06-09 08:35:05,DDU,Clear,0.11,9.64,0.7,31.9,61.8
2026-02-09 01:47:45,DDU,Clear,0.2,8.29,1.2,12.6,43.0
2026-05-01 17:26:02,DDU,Fog,0.51,6.28,1.4,15.0,63.8
2026-03-07 00:11:53,DDU,Clear,0.43,6.84,0.1,16.0,61.0
2026-04-02 08:33:14,DDU,Clear,0.23,7.31,0.8,25.3,83.9
2026-05-20 22:49:29,DDU,Cloudy,0.06,9.92,0.8,43.5,60.9
2026-04-20 05:14:33,DDU,Clear,0.25,7.19,0.5,30.7,98.6
2026-06-06 09:41:08,DDU,Fog,0.95,2.35,0.9,22.2,100.0
2026-01-09 12:38:19,DDU,Clear,0.2,8.05,0.2,35.9,95.8
2026-01-23 15:32:05,DDU,Clear,0.24,8.1,0.4,31.0,65.1
2026-05-04 22:56:47,DDU,Cloudy,0.16,8.73,0.5,37.5,62.6
2026-01-19 12:17:06,DDU,Cloudy,0.46,5.9,0.4,27.5,37.7
2026-05-31 23:09:13,DDU,Fog,0.62,5.31,0.8,17.4,92.2
2026-03-17 07:32:40,DDU,Clear,0.3,7.26,0.7,12.0,83.1
2026-02-14 14:11:44,DDU,Clear,0.11,9.55,0.3,31.8,68.1
2026-06-03 08:18:40,DDU,Clear,0.23,7.21,0.7,29.9,49.4
2026-02-23 06:14:26,DDU,Clear,0.21,8.13,0.5,22.3,72.2
2026-02-08 01:19:40,DDU,Clear,0.11,9.31,1.2,13.4,69.5
2026-06-30 19:18:57,DDU,Cloudy,0.42,6.46,0.1,19.5,82.8
2026-01-28 17:49:23,DDU,Cloudy,0.39,6.9,0.8,27.5,68.8
2026-06-04 19:25:54,DDU,Fog,0.57,4.45,0.7,37.3,81.0
2026-04-12 06:37:12,DDU,Clear,0.62,5.89,1.4,31.4,81.1
2026-01-21 09:04:34,DDU,Clear,0.24,8.29,1.4,22.6,89.3
2026-06-04 17:07:33,DDU,Clear,0.15,8.75,1.1,35.5,56.5
2026-05-07 11:03:03,DDU,Cloudy,0.33,7.13,0.4,11.0,77.8
2026-03-16 01:58:08,DDU,Rain,0.04,7.78,12.6,20.9,72.9
2026-04-29 05:59:24,DDU,Cloudy,0.19,8.57,0.7,32.0,35.8
2026-05-10 14:54:42,DDU,Clear,0.24,7.86,0.0,23.4,82.9
2026-02-23 23:37:05,DDU,Fog,0.72,3.87,0.9,26.8,93.0
2026-04-26 01:15:57,DDU,Fog,0.5,6.36,0.7,15.6,63.0
2026-05-10 21:59:41,DDU,Fog,0.47,6.4,0.8,19.6,74.4
2026-05-21 23:47:36,DDU,Clear,0.22,8.42,0.3,13.5,64.9
2026-05-15 07:12:22,DDU,Clear,0.41,6.6,1.3,35.1,48.5
2026-01-29 09:30:54,DDU,Cloudy,0.33,7.11,1.2,20.3,94.1
2026-03-16 19:41:10,DDU,Clear,0.21,8.65,0.5,18.3,93.1
2026-05-01 22:22:53,DDU,Cloudy,0.26,8.32,1.0,26.1,93.9
2026-02-24 11:19:38,DDU,Cloudy,0.33,8.07,1.2,26.8,67.1
2026-05-24 19:35:21,DDU,Cloudy,0.35,6.58,0.6,30.0,80.4
2026-03-07 10:45:14,DDU,Fog,0.36,6.73,1.4,31.6,58.2
2026-06-25 14:57:20,DDU,Rain,0.09,8.06,7.9,29.9,53.8
2026-04-11 06:08:27,DDU,Clear,0.21,8.15,1.2,17.5,52.7
2026-01-02 00:13:27,DDU,Clear,0.14,8.46,0.2,21.9,92.4
2026-02-10 14:58:22,DDU,Rain,0.59,2.98,9.7,34.6,63.5
2026-02-22 02:53:59,DDU,Cloudy,0.17,8.96,0.2,24.5,61.4
2026-02-18 22:51:56,DDU,Fog,0.64,4.39,1.4,20.8,73.1
2026-03-21 16:06:40,DDU,Rain,0.23,6.35,8.9,30.9,58.3
2026-02-18 05:45:41,DDU,Rain,0.05,7.85,1.4,23.4,70.9
2026-05-26 19:21:49,DDU,Clear,0.35,7.16,0.5,2.8,83.6
2026-06-26 19:50:40,DDU,Fog,0.84,2.76,1.3,12.6,86.4
2026-04-08 21:22:58,DDU,Cloudy,0.11,9.06,1.2,26.5,47.7
2026-06-14 04:40:54,DDU,Clear,0.56,5.63,1.3,24.1,51.5
2026-05-02 18:25:02,DDU,Rain,0.16,7.48,5.7,26.8,64.5
2026-06-13 13:44:33,DDU,Clear,0.27,7.43,1.2,28.4,53.5
2026-02-19 10:51:08,DDU,Clear,0.22,7.68,0.2,26.5,70.3
2026-01-25 23:57:26,DDU,Rain,0.18,7.39,8.0,24.8,29.7
2026-03-27 20:50:36,DDU,Clear,0.43,7.52,1.2,26.0,67.6
2026-03-22 20:18:43,DDU,Fog,0.57,5.2,1.4,27.5,91.9
2026-03-17 00:27:07,DDU,Clear,0.22,8.24,0.1,20.9,58.7
2026-06-12 13:50:23,DDU,Clear,0.55,5.4,0.9,28.5,89.5
2026-06-16 05:14:56,DDU,Fog,0.63,4.36,0.9,17.6,96.7
2026-02-24 20:12:01,DDU,Fog,0.48,5.97,1.2,29.5,60.7
2026-04-12 03:34:29,DDU,Cloudy,0.16,8.88,0.6,30.5,60.6
2026-02-20 02:21:06,DDU,Fog,0.52,5.91,1.0,30.8,60.1
2026-01-15 17:40:32,DDU,Rain,0.08,7.85,25.5,23.3,81.9
2026-02-08 13:18:32,DDU,Fog,0.65,4.83,1.3,32.9,90.6
2026-06-12 11:13:24,DDU,Cloudy,0.48,5.5,0.4,1.5,61.2
2026-06-28 23:33:37,DDU,Rain,0.31,6.51,11.9,31.5,70.2
2026-06-20 19:24:48,DDU,Clear,0.09,9.05,1.4,33.9,70.6
2026-04-10 08:14:07,DDU,Cloudy,0.54,4.63,1.5,10.9,67.0
2026-02-02 14:03:01,DDU,Clear,0.38,6.26,1.4,16.0,46.0
2026-03-16 10:27:48,DDU,Clear,0.08,9.75,0.9,33.5,47.5
2026-02-01 05:04:28,DDU,Clear,0.24,7.83,1.5,20.1,55.0
2026-02-03 01:41:18,DDU,Clear,0.35,6.89,0.2,26.8,65.6
2026-02-07 06:03:41,DDU,Clear,0.05,9.41,0.1,12.1,53.9
2026-05-01 01:27:22,DDU,Rain,0.2,6.51,14.1,16.2,48.7
2026-01-31 15:24:39,DDU,Cloudy,0.06,9.11,0.6,22.9,67.5
2026-06-04 09:09:29,DDU,Clear,0.35,7.43,0.9,24.5,80.7
2026-03-31 07:27:54,DDU,Rain,0.48,4.9,19.9,27.2,63.5
2026-03-05 15:16:19,DDU,Clear,0.33,7.44,1.2,23.8,34.6
2026-04-19 15:37:42,DDU,Clear,0.4,6.68,0.3,27.6,73.4
2026-03-31 21:49:46,DDU,Clear,0.24,7.33,0.0,21.3,49.6
2026-03-14 14:25:02,DDU,Cloudy,0.35,7.15,0.5,9.0,55.4
2026-06-09 17:36:07,DDU,Cloudy,0.22,8.26,0.0,19.4,93.1
2026-01-11 09:48:41,DDU,Clear,0.13,9.5,1.3,30.9,52.8
2026-04-28 20:33:11,DDU,Fog,0.41,6.85,0.7,23.5,79.8
2026-02-18 18:47:51,DDU,Clear,0.09,8.7,0.5,17.0,43.1
2026-03-16 05:13:37,DDU,Clear,0.46,6.25,1.4,30.7,51.1
2026-02-19 17:33:48,DDU,Rain,0.16,6.98,10.1,19.8,88.9
2026-01-19 22:26:14,DDU,Rain,0.15,7.48,2.9,22.9,57.5
2026-05-26 19:38:02,DDU,Clear,0.06,9.32,1.1,21.8,56.2
2026-01-04 14:16:40,DDU,Clear,0.18,9.3,0.6,43.8,66.4
2026-02-05 14:34:59,DDU,Clear,0.17,7.53,1.5,24.0,66.4
2026-01-08 05:29:37,DDU,Clear,0.31,8.01,1.0,42.0,44.2
2026-01-15 10:03:40,DDU,Clear,0.27,8.15,0.3,28.5,100.0
2026-03-20 04:52:10,DDU,Cloudy,0.44,5.49,1.0,24.1,100.0
2026-05-01 22:55:47,DDU,Clear,0.35,6.61,0.6,19.9,39.9
2026-06-19 22:20:36,DDU,Cloudy,0.36,7.11,0.5,39.4,47.4
2026-04-11 20:54:12,DDU,Rain,0.24,7.27,14.0,25.8,99.9
2026-05-16 05:58:37,DDU,Clear,0.07,8.75,0.7,21.3,57.1
2026-02-13 11:54:12,DDU,Cloudy,0.34,7.05,1.1,18.6,82.8
2026-04-23 14:20:55,DDU,Cloudy,0.21,7.86,0.9,31.9,50.2
2026-04-28 19:40:52,DDU,Clear,0.25,7.66,1.1,34.8,38.5
2026-04-27 18:00:14,DDU,Clear,0.04,10.04,1.1,24.9,37.2
2026-04-05 00:31:17,DDU,Clear,0.14,8.69,0.1,29.9,56.4
2026-02-02 16:48:03,DDU,Clear,0.22,8.31,0.9,28.6,50.3
2026-05-28 23:29:13,DDU,Cloudy,0.48,5.34,0.4,25.0,85.2
2026-05-07 13:49:22,DDU,Fog,0.49,4.82,0.6,21.6,45.2
2026-05-15 09:46:41,DDU,Clear,0.5,5.88,0.1,14.6,63.4
2026-02-05 13:40:45,DDU,Clear,0.31,8.08,0.2,14.6,75.9
2026-04-12 13:56:36,DDU,Clear,0.39,6.22,1.0,10.7,70.5
2026-01-24 02:49:32,DDU,Rain,0.22,6.93,8.3,29.2,58.5
2026-02-07 03:47:34,DDU,Clear,0.49,6.04,1.0,15.9,75.7
2026-05-22 13:57:25,DDU,Cloudy,0.2,8.06,0.9,23.5,70.3
2026-03-15 03:19:24,DDU,Clear,0.52,5.64,1.2,38.7,76.0
2026-02-08 15:08:59,DDU,Cloudy,0.48,6.35,0.8,25.5,86.9
2026-01-22 09:19:35,DDU,Rain,0.24,6.94,5.5,24.5,68.8
2026-05-12 01:49:32,DDU,Fog,0.41,6.0,1.0,22.9,76.6
2026-02-25 18:06:28,DDU,Clear,0.34,7.4,0.3,26.9,76.4
2026-03-20 18:55:17,DDU,Rain,0.33,5.38,3.6,23.3,56.0
2026-02-23 05:41:25,DDU,Cloudy,0.05,10.51,1.4,32.5,56.5
2026-04-24 10:50:34,DDU,Clear,0.22,8.26,1.2,36.8,60.8
2026-02-11 11:29:02,DDU,Rain,0.34,5.71,4.1,30.6,88.7
2026-05-29 04:38:25,DDU,Clear,0.2,7.62,0.9,27.0,51.7
2026-04-03 18:50:35,DDU,Clear,0.21,8.53,0.0,32.8,58.4
2026-01-18 08:28:38,DDU,Clear,0.17,8.54,0.4,39.0,60.1
2026-06-23 00:03:51,DDU,Fog,0.85,3.24,1.1,26.3,79.1
2026-05-17 14:00:19,DDU,Fog,0.78,3.11,0.3,33.6,41.3
2026-01-10 17:46:23,DDU,Clear,0.14,8.89,1.2,29.5,76.1
2026-06-14 16:03:42,DDU,Cloudy,0.41,6.62,1.1,30.3,49.5
2026-01-18 08:27:09,DDU,Rain,0.17,6.57,4.0,30.9,74.6
2026-06-04 19:59:17,DDU,Rain,0.37,5.66,5.1,23.0,62.3
2026-03-21 22:57:21,DDU,Clear,0.56,5.51,0.8,24.6,63.8
2026-05-13 17:10:06,DDU,Rain,0.39,6.23,16.4,24.3,65.3
2026-02-15 22:32:39,DDU,Fog,0.55,4.82,0.6,23.4,71.4
2026-04-13 19:01:32,DDU,Cloudy,0.41,7.0,0.9,18.7,91.4
2026-01-04 14:33:38,DDU,Rain,0.27,6.75,9.6,21.1,38.9
2026-04-28 13:57:43,DDU,Clear,0.47,5.71,0.3,20.5,66.3
2026-01-04 19:16:59,DDU,Clear,0.29,7.34,0.3,21.4,29.6
2026-05-17 08:36:54,DDU,Fog,0.7,3.92,0.8,37.0,57.0
2026-01-20 04:37:52,DDU,Fog,0.69,3.86,0.9,21.3,70.0
2026-01-29 10:47:42,DDU,Clear,0.24,7.54,0.0,23.9,69.7
2026-03-13 07:08:32,DDU,Fog,0.69,4.28,0.8,21.9,42.8
2026-04-10 10:24:41,DDU,Cloudy,0.16,8.44,0.6,29.6,44.7
2026-02-24 20:41:53,DDU,Clear,0.46,6.42,0.2,16.9,78.0
2026-03-24 04:32:17,DDU,Clear,0.13,8.46,0.3,25.4,78.7
2026-06-06 03:19:05,DDU,Rain,0.42,4.54,7.8,17.1,67.8
2026-04-08 23:58:04,DDU,Cloudy,0.62,5.17,1.5,30.1,56.0
2026-02-22 13:10:36,DDU,Clear,0.22,8.33,1.2,23.1,72.8
2026-05-26 08:44:03,DDU,Clear,0.16,8.28,0.2,34.1,51.6
2026-03-20 18:22:20,DDU,Fog,0.81,3.69,0.3,23.6,100.0
2026-06-17 08:56:18,DDU,Clear,0.43,6.39,0.1,10.0,71.9
2026-01-24 12:20:13,DDU,Clear,0.52,5.66,1.2,23.4,81.0
2026-04-23 21:50:42,DDU,Clear,0.31,6.39,0.5,13.3,54.5
2026-05-17 19:35:15,DDU,Fog,0.71,4.21,0.0,12.6,86.1
2026-03-27 19:49:38,DDU,Cloudy,0.15,8.69,1.2,32.6,28.0
2026-01-09 12:08:56,DDU,Clear,0.37,7.39,0.7,18.1,50.0
2026-03-05 17:45:56,DDU,Clear,0.04,9.13,1.5,16.9,31.6
2026-01-13 12:10:27,DDU,Cloudy,0.34,7.57,0.1,26.1,49.8
2026-05-31 07:12:58,DDU,Cloudy,0.07,9.43,1.2,21.7,61.5
2026-03-03 07:14:20,DDU,Fog,0.82,2.89,1.1,7.8,77.2
2026-02-19 06:41:09,DDU,Clear,0.28,8.01,0.2,21.5,54.3
2026-04-07 21:44:52,DDU,Clear,0.41,7.35,0.4,23.8,71.5
2026-05-07 10:47:54,DDU,Rain,0.25,6.66,5.2,17.1,67.7
2026-06-29 21:12:14,DDU,Rain,0.34,6.54,2.0,37.9,77.7
2026-01-21 11:15:11,DDU,Cloudy,0.12,8.58,0.3,14.8,63.6
2026-03-19 16:00:29,DDU,Clear,0.52,5.78,1.2,22.8,94.3
2026-02-13 21:56:33,DDU,Rain,0.18,7.04,7.9,17.4,74.1
2026-01-14 05:26:33,DDU,Clear,0.38,6.68,0.8,34.2,60.1
2026-02-14 06:39:43,DDU,Clear,0.15,8.9,1.1,25.1,59.1
2026-04-30 00:55:47,DDU,Cloudy,0.51,5.98,0.6,10.9,65.5
2026-06-28 20:24:24,DDU,Clear,0.18,8.31,1.2,25.2,69.8
2026-02-27 23:34:48,DDU,Clear,0.25,7.21,1.0,43.0,84.1
2026-04-06 06:43:57,DDU,Cloudy,0.1,9.13,0.7,25.2,98.7
2026-05-23 14:57:20,DDU,Fog,0.83,3.46,1.2,12.2,33.0
2026-05-31 08:11:58,DDU,Rain,0.17,6.97,3.5,44.0,100.0
2026-04-06 15:18:35,DDU,Clear,0.33,6.94,0.8,21.3,92.4
2026-04-23 11:44:35,DDU,Rain,0.5,4.57,5.0,21.3,82.3
2026-03-19 07:57:54,DDU,Rain,0.13,7.8,12.9,25.3,56.0
2026-06-26 00:05:47,DDU,Rain,0.67,3.11,9.3,17.4,56.2
2026-01-03 20:27:22,DDU,Clear,0.6,5.28,1.1,30.6,44.3
2026-06-24 19:52:55,DDU,Clear,0.25,8.7,1.4,25.5,66.5
2026-06-25 00:58:11,DDU,Cloudy,0.16,8.5,0.5,27.6,52.1
2026-01-07 15:52:14,DDU,Cloudy,0.38,6.61,0.6,26.3,92.2
2026-06-02 00:42:21,DDU,Clear,0.4,5.51,0.8,28.8,100.0
2026-02-14 02:18:46,DDU,Fog,0.4,7.17,0.8,29.8,55.8
2026-04-14 14:58:39,DDU,Cloudy,0.2,8.83,1.1,9.5,74.3
2026-05-15 06:22:21,DDU,Cloudy,0.45,6.52,0.1,18.6,40.0
2026-04-15 19:47:03,DDU,Fog,0.59,5.35,1.0,23.7,78.5
2026-01-23 18:31:02,DDU,Clear,0.17,9.04,0.9,30.6,58.1
2026-03-19 12:25:47,DDU,Clear,0.33,6.45,1.0,26.3,68.4
2026-04-06 01:38:39,DDU,Clear,0.1,9.6,0.5,18.9,61.1
2026-04-15 06:37:45,DDU,Fog,0.75,3.26,0.2,34.5,78.3
2026-06-03 01:18:47,DDU,Cloudy,0.32,7.34,0.9,24.6,72.7
2026-04-09 10:07:19,DDU,Fog,0.59,5.13,0.6,19.8,54.5
2026-05-13 03:52:47,DDU,Clear,0.44,6.95,1.5,18.2,46.8
2026-06-08 23:49:15,DDU,Clear,0.14,8.67,1.1,25.9,37.8
2026-04-21 19:39:40,DDU,Clear,0.41,6.57,0.3,29.8,69.5
2026-01-28 04:52:03,DDU,Clear,0.21,8.35,1.0,30.8,99.8
2026-02-01 03:35:57,DDU,Fog,0.53,4.76,1.1,30.3,53.4
2026-01-01 14:17:04,DDU,Clear,0.36,6.56,0.3,29.1,83.5
2026-02-14 11:34:24,DDU,Cloudy,0.54,5.05,1.2,19.5,100.0
2026-06-14 08:17:21,DDU,Cloudy,0.36,7.15,0.8,41.1,46.4
2026-06-13 04:09:39,DDU,Clear,0.17,8.76,1.2,20.8,54.6
2026-04-10 09:25:53,DDU,Clear,0.27,7.92,1.5,23.2,86.4
2026-05-15 20:30:33,DDU,Clear,0.26,8.74,1.2,16.8,77.0
2026-05-29 09:18:24,DDU,Cloudy,0.13,9.31,0.8,2.1,84.8
2026-04-14 11:55:39,DDU,Clear,0.37,7.19,1.2,23.9,76.7
2026-03-14 04:36:00,DDU,Cloudy,0.26,8.03,1.0,30.4,59.7
2026-01-20 08:35:49,DDU,Clear,0.39,7.13,0.7,23.2,51.7
2026-02-10 17:39:38,DDU,Cloudy,0.13,8.23,1.0,25.1,45.8
2026-01-14 19:12:55,DDU,Fog,0.69,4.4,0.9,29.3,50.3
2026-05-19 02:28:23,DDU,Clear,0.25,8.41,0.8,19.8,77.4
2026-01-11 05:29:09,DDU,Clear,0.23,8.28,0.5,27.0,74.9
2026-02-03 18:26:08,DDU,Clear,0.33,7.42,0.5,22.7,75.2
2026-06-10 05:11:37,DDU,Cloudy,0.35,7.29,0.3,19.5,41.8
2026-03-02 03:52:37,DDU,Cloudy,0.23,8.28,0.2,13.4,80.6
2026-03-11 06:15:31,DDU,Cloudy,0.18,8.26,0.8,26.8,58.2
2026-06-29 10:49:00,DDU,Cloudy,0.39,6.66,1.4,29.1,85.8
2026-02-12 09:29:37,DDU,Fog,0.7,3.67,1.3,26.0,70.1
2026-01-14 22:37:10,DDU,Clear,0.38,7.06,0.5,30.9,46.0
2026-04-07 21:09:40,DDU,Clear,0.44,6.29,0.2,24.4,88.7
2026-01-18 15:10:47,DDU,Rain,0.36,5.23,5.1,16.9,91.9
2026-06-09 16:01:17,DDU,Clear,0.16,7.89,0.0,16.5,58.7
2026-05-24 22:43:34,DDU,Cloudy,0.16,9.15,1.2,18.4,54.0
2026-05-04 16:55:39,DDU,Clear,0.49,5.75,0.8,9.5,66.4
2026-05-16 03:00:07,DDU,Clear,0.07,9.19,0.6,31.6,63.1
2026-01-17 21:49:41,DDU,Fog,0.77,3.28,1.1,36.0,87.3
2026-04-14 05:51:26,DDU,Fog,0.53,5.41,0.4,23.1,82.6
2026-03-24 11:07:45,DDU,Clear,0.32,7.87,1.2,16.3,99.2
2026-05-06 00:55:35,DDU,Clear,0.17,8.82,0.5,8.7,71.1
2026-05-10 10:27:08,DDU,Clear,0.19,9.27,0.7,30.6,73.6
2026-06-07 05:28:02,DDU,Cloudy,0.2,8.07,1.2,17.6,71.2
2026-04-25 14:59:34,DDU,Cloudy,0.3,7.49,0.3,26.1,82.2
2026-02-23 18:33:33,DDU,Fog,0.5,6.19,1.2,19.5,41.7
2026-03-05 23:19:34,DDU,Clear,0.12,8.87,0.8,24.1,57.9
2026-03-14 13:41:02,DDU,Cloudy,0.24,7.97,0.3,23.0,37.1
2026-02-28 04:46:43,DDU,Fog,0.52,5.69,1.5,9.6,62.9
2026-06-13 11:56:44,DDU,Fog,0.81,2.51,0.3,20.7,71.1
2026-06-29 21:17:41,DDU,Clear,0.16,8.62,0.6,14.1,100.0
2026-05-07 05:49:12,DDU,Cloudy,0.4,6.45,1.3,19.6,71.3
2026-04-27 20:38:28,DDU,Clear,0.27,6.95,0.6,15.2,65.2
2026-05-30 16:24:50,DDU,Clear,0.4,6.77,0.6,10.9,87.5
2026-05-02 11:09:25,DDU,Clear,0.2,7.72,0.4,20.1,73.1
2026-06-11 04:13:44,DDU,Clear,0.14,9.26,0.0,33.2,65.5
2026-04-04 04:09:07,DDU,Cloudy,0.63,5.16,0.6,12.8,49.0
2026-02-23 08:22:42,DDU,Fog,0.8,3.13,0.5,23.9,71.3
2026-02-15 11:58:41,DDU,Cloudy,0.34,7.27,0.9,32.3,37.0
2026-06-19 19:26:28,DDU,Clear,0.36,6.84,1.1,44.5,35.9
2026-03-04 22:04:28,DDU,Clear,0.37,6.66,1.2,16.3,80.8
2026-05-27 01:26:44,DDU,Fog,0.69,4.68,1.2,25.8,79.4
2026-05-05 17:53:48,DDU,Clear,0.23,8.04,0.1,26.6,93.7
2026-05-14 20:33:20,DDU,Clear,0.06,9.54,1.4,16.4,56.4
2026-06-29 09:36:46,DDU,Cloudy,0.09,9.27,0.3,11.8,43.8
2026-04-02 16:23:41,DDU,Rain,0.33,5.99,4.6,35.7,59.6
2026-03-06 06:42:54,DDU,Clear,0.47,5.45,0.7,15.2,83.6
2026-05-01 20:11:33,DDU,Clear,0.07,9.7,0.6,23.3,46.5
2026-01-08 01:52:28,DDU,Clear,0.77,3.36,1.4,37.8,54.6
2026-03-30 00:42:01,DDU,Clear,0.2,8.04,0.6,25.2,79.1
2026-02-09 07:42:44,DDU,Cloudy,0.41,5.83,1.5,27.4,93.3
2026-04-12 09:42:38,DDU,Cloudy,0.29,7.94,0.7,34.7,78.3
2026-05-23 09:26:28,DDU,Clear,0.18,8.46,1.1,14.3,71.7
2026-02-02 12:50:36,DDU,Clear,0.59,4.27,0.1,30.5,100.0
2026-04-06 14:34:08,DDU,Rain,0.19,8.58,15.6,25.1,66.0
2026-02-02 22:38:44,DDU,Clear,0.19,8.41,1.4,17.4,39.4
2026-05-17 18:03:34,DDU,Clear,0.14,8.44,1.4,22.1,65.9
2026-01-30 02:46:36,DDU,Cloudy,0.31,6.98,1.5,25.8,77.7
2026-01-17 13:30:18,DDU,Cloudy,0.26,7.67,1.1,47.7,81.6
2026-02-27 10:40:08,DDU,Clear,0.19,8.59,0.1,26.3,62.1
2026-04-16 08:38:13,DDU,Cloudy,0.17,8.36,0.8,3.4,41.4
2026-05-06 07:15:13,DDU,Cloudy,0.43,6.14,1.3,24.3,47.4
2026-03-02 10:34:27,DDU,Clear,0.09,8.89,1.0,9.9,73.8
2026-03-19 13:29:20,DDU,Clear,0.32,6.83,1.5,33.1,72.9
2026-02-10 13:11:05,DDU,Clear,0.22,7.46,0.5,22.0,70.0
2026-04-27 10:14:46,DDU,Clear,0.42,6.26,1.2,5.8,66.3
2026-04-27 09:04:34,DDU,Clear,0.16,8.94,1.3,39.6,54.7
2026-05-20 00:17:30,DDU,Cloudy,0.14,8.9,0.5,21.4,100.0
2026-03-09 10:32:34,DDU,Cloudy,0.17,8.58,0.7,30.7,77.3
2026-06-17 17:52:52,DDU,Rain,0.24,7.29,10.6,22.4,67.9
2026-06-12 07:38:30,DDU,Cloudy,0.75,4.18,1.3,27.4,52.1
2026-03-08 12:08:49,DDU,Clear,0.32,7.31,0.2,23.7,81.4
2026-01-20 01:05:42,DDU,Clear,0.15,9.29,1.3,16.0,80.8
2026-04-17 12:37:11,DDU,Clear,0.46,5.74,0.5,28.5,74.3
2026-05-06 23:38:13,DDU,Clear,0.36,7.6,1.3,38.4,94.5
2026-05-17 08:25:12,DDU,Clear,0.14,8.91,0.6,29.4,48.4
2026-06-03 08:44:42,DDU,Rain,0.22,7.05,7.1,23.3,35.8
2026-05-24 15:21:14,DDU,Cloudy,0.23,8.38,1.0,17.5,55.7
2026-06-30 07:17:49,DDU,Cloudy,0.36,6.11,0.1,15.9,86.9
2026-06-10 11:36:34,DDU,Clear,0.06,8.77,0.7,22.8,51.2
2026-04-10 18:52:56,DDU,Clear,0.21,8.71,1.2,37.7,100.0
2026-04-21 23:01:51,DDU,Cloudy,0.52,5.04,1.4,18.8,84.5
2026-04-06 05:41:35,DDU,Clear,0.1,9.86,1.4,20.2,62.2
2026-06-06 00:01:21,DDU,Cloudy,0.05,8.85,0.4,11.3,74.0
2026-02-23 09:42:54,DDU,Rain,0.04,8.55,11.3,28.7,67.1
2026-04-07 05:30:30,DDU,Clear,0.43,5.61,0.2,11.3,90.0
2026-05-07 04:25:41,DDU,Fog,0.82,2.39,1.3,20.4,44.8
2026-03-27 07:19:03,DDU,Cloudy,0.03,9.79,1.1,15.3,86.4
2026-03-15 12:06:50,DDU,Fog,0.56,5.47,0.7,31.6,74.4
2026-04-09 18:24:00,DDU,Cloudy,0.65,3.51,0.7,35.4,69.0
2026-06-20 00:43:45,DDU,Clear,0.41,6.25,0.8,34.0,70.0
2026-02-03 21:01:27,DDU,Fog,0.69,4.44,0.5,6.8,77.7
2026-06-21 19:15:22,DDU,Cloudy,0.29,7.87,1.2,18.3,89.6
2026-06-04 06:26:28,DDU,Clear,0.58,4.75,1.1,15.9,50.9
2026-03-25 21:27:45,DDU,Fog,0.44,5.51,1.1,19.0,90.7
2026-06-08 16:03:16,DDU,Clear,0.07,9.21,0.2,21.2,43.0
2026-05-19 17:35:06,DDU,Clear,0.11,9.09,0.2,21.2,62.8
2026-01-03 13:22:17,DDU,Clear,0.25,7.63,0.1,13.9,75.1
2026-01-09 19:58:27,DDU,Clear,0.06,9.61,0.1,26.4,60.0
2026-01-07 04:47:45,DDU,Clear,0.24,7.88,1.2,35.8,21.3
2026-05-13 16:25:24,DDU,Clear,0.12,8.33,0.4,37.2,60.5
2026-01-27 04:12:31,DDU,Clear,0.45,6.29,0.5,43.4,56.6
2026-05-06 06:31:01,DDU,Cloudy,0.5,5.66,0.1,25.9,62.4
2026-06-06 07:42:29,DDU,Fog,0.76,3.85,1.4,15.1,67.1
2026-01-20 10:05:41,DDU,Rain,0.11,8.4,14.8,21.2,31.4
2026-03-21 00:42:47,DDU,Cloudy,0.23,8.04,0.1,24.2,59.6
2026-06-22 10:49:40,DDU,Cloudy,0.14,8.6,1.2,21.1,95.3
2026-01-04 11:31:17,DDU,Clear,0.25,8.74,0.3,19.0,67.4
2026-05-21 03:40:10,DDU,Clear,0.09,8.38,1.3,10.5,85.8
2026-03-16 21:08:21,DDU,Fog,0.47,6.13,0.2,21.0,70.0
2026-03-24 03:45:52,DDU,Clear,0.32,6.42,0.9,28.1,58.8
2026-03-06 19:41:49,DDU,Clear,0.16,8.19,0.2,23.4,61.6
2026-05-27 15:05:27,DDU,Rain,0.35,5.23,12.5,26.9,83.3
2026-05-08 07:05:09,DDU,Rain,0.07,8.32,1.4,16.8,72.0
2026-04-20 10:39:14,DDU,Clear,0.21,8.16,0.8,43.0,37.7
2026-01-12 11:21:02,DDU,Fog,0.58,5.2,0.6,19.7,88.6
2026-01-01 05:22:42,DDU,Clear,0.35,7.37,0.7,18.9,68.7
2026-03-14 15:50:01,DDU,Cloudy,0.55,4.59,0.3,23.4,62.9
2026-02-11 05:27:25,DDU,Cloudy,0.39,6.16,0.7,44.0,48.3
2026-02-27 20:24:10,DDU,Fog,0.66,5.16,0.3,18.7,73.9
2026-04-05 16:20:27,DDU,Clear,0.09,8.93,0.3,27.1,64.4
2026-01-24 23:47:09,DDU,Rain,0.32,6.58,3.6,29.5,76.2
2026-06-09 21:01:16,DDU,Rain,0.11,7.77,12.5,16.9,49.0
2026-03-31 09:42:31,DDU,Clear,0.18,8.3,0.6,14.4,41.1
2026-06-10 17:36:21,DDU,Clear,0.35,6.91,0.2,23.0,64.9
2026-01-29 12:17:17,DDU,Cloudy,0.28,8.01,0.3,23.7,58.9
2026-02-25 20:14:33,DDU,Clear,0.37,6.83,0.1,29.0,30.7
2026-01-24 20:24:12,DDU,Cloudy,0.33,7.65,1.3,24.8,79.1
2026-05-06 07:15:21,DDU,Rain,0.4,5.02,11.5,11.8,87.6
2026-02-09 21:17:32,DDU,Cloudy,0.3,7.83,0.0,6.6,43.0
2026-05-11 08:34:58,DDU,Cloudy,0.19,7.87,0.2,15.4,74.3
2026-04-13 07:28:11,DDU,Clear,0.18,8.24,0.3,10.1,64.0
2026-06-25 22:19:25,DDU,Rain,0.05,8.74,2.1,15.7,80.7
2026-01-18 15:23:53,DDU,Cloudy,0.46,5.56,1.4,21.5,43.0
2026-05-12 02:15:11,DDU,Cloudy,0.46,5.88,0.9,24.3,42.0
2026-02-11 02:23:52,DDU,Clear,0.31,7.71,0.2,20.1,93.9
2026-04-22 02:46:56,DDU,Cloudy,0.52,5.37,1.5,21.9,46.9
2026-01-30 03:37:35,DDU,Clear,0.44,5.46,0.8,38.0,85.7
2026-05-02 14:53:57,DDU,Clear,0.51,5.77,1.0,10.2,71.7
2026-06-09 16:28:03,DDU,Rain,0.23,6.92,13.5,39.7,85.2
2026-02-13 12:44:50,DDU,Cloudy,0.52,5.06,0.7,37.1,76.8
2026-02-08 05:49:54,DDU,Rain,0.48,4.46,4.6,23.0,55.6
2026-01-19 12:46:27,DDU,Cloudy,0.16,8.95,0.5,33.0,59.9
2026-03-29 03:55:03,DDU,Clear,0.34,6.64,0.8,15.1,69.2
2026-04-30 14:18:00,DDU,Cloudy,0.49,6.32,0.4,32.7,90.0
2026-04-25 04:57:11,DDU,Clear,0.11,8.91,1.3,11.7,67.7
2026-06-27 00:33:11,DDU,Fog,0.92,1.69,0.8,31.9,80.5
2026-06-07 19:48:28,DDU,Clear,0.67,3.83,0.5,24.5,65.8
2026-03-06 06:24:02,DDU,Clear,0.2,8.27,1.1,31.8,74.0
2026-04-29 15:33:16,DDU,Fog,0.38,6.88,0.5,20.4,100.0
2026-06-17 20:40:45,DDU,Clear,0.06,9.26,0.1,18.0,57.3
2026-03-19 00:31:09,DDU,Clear,0.51,5.92,0.5,16.4,28.0
2026-02-27 16:58:14,DDU,Clear,0.69,4.29,0.9,21.7,64.1
2026-01-13 06:27:14,DDU,Clear,0.17,8.01,1.4,22.2,65.1
2026-03-04 02:06:32,DDU,Fog,0.86,2.52,0.3,25.9,63.2
2026-06-16 00:59:46,DDU,Rain,0.2,7.57,9.8,36.6,71.4
2026-05-31 21:56:39,DDU,Rain,0.26,6.49,5.2,2.7,66.2
2026-01-08 13:26:48,DDU,Fog,0.44,6.29,0.2,25.2,100.0
2026-03-11 07:07:26,DDU,Fog,0.42,5.94,0.4,21.0,70.8
2026-04-10 12:32:58,DDU,Fog,0.99,1.63,0.6,17.1,76.2
2026-01-22 13:15:19,DDU,Rain,0.45,4.68,6.8,26.5,56.9
2026-01-25 10:58:03,DDU,Cloudy,0.02,9.56,0.4,20.3,27.2
2026-06-29 04:42:57,DDU,Clear,0.35,6.38,0.2,23.1,65.2
2026-03-30 02:16:18,DDU,Clear,0.52,5.85,1.1,33.6,95.2
2026-03-16 03:18:07,DDU,Rain,0.31,5.51,3.1,13.0,72.3
2026-01-02 18:49:06,DDU,Clear,0.12,8.92,0.3,20.3,43.0
2026-01-14 19:47:15,DDU,Clear,0.49,5.69,1.3,29.6,94.0
2026-02-21 23:41:53,DDU,Clear,0.34,7.83,1.4,24.1,81.0
2026-05-26 00:46:14,DDU,Clear,0.25,7.79,1.2,33.9,79.1
2026-01-07 05:08:10,DDU,Clear,0.25,7.41,1.5,40.9,68.7
2026-04-29 16:49:57,DDU,Clear,0.23,7.45,1.0,34.6,61.0
2026-05-08 15:46:52,DDU,Clear,0.5,5.83,0.1,13.7,88.9
2026-04-30 00:43:51,DDU,Fog,0.47,6.06,0.9,21.3,74.7
2026-06-15 18:12:29,DDU,Fog,0.55,5.74,1.4,26.1,71.4
2026-01-16 02:20:40,DDU,Clear,0.08,9.96,1.2,29.3,97.1
2026-06-09 02:57:01,DDU,Cloudy,0.71,4.86,0.2,24.2,82.6
2026-03-18 06:57:05,DDU,Clear,0.24,7.32,0.8,26.1,54.4
2026-04-08 20:11:42,DDU,Clear,0.15,9.01,0.3,15.2,85.0
2026-03-22 15:08:55,DDU,Cloudy,0.24,8.88,1.0,14.4,60.7
2026-04-18 04:12:48,DDU,Clear,0.42,6.34,1.4,25.3,42.1
2026-05-12 01:30:40,DDU,Cloudy,0.24,7.46,1.3,28.7,66.0
2026-03-01 20:48:58,DDU,Clear,0.53,5.33,0.7,27.3,93.8
2026-04-06 09:33:50,DDU,Cloudy,0.38,7.32,1.2,23.1,61.3
2026-05-27 01:11:38,DDU,Rain,0.36,5.79,3.6,20.8,63.1
2026-04-16 12:16:02,DDU,Clear,0.36,6.89,0.3,19.2,75.9
2026-06-06 17:31:32,DDU,Clear,0.19,8.82,0.9,30.2,39.0
2026-03-07 01:51:00,DDU,Cloudy,0.71,3.97,1.1,29.3,58.5
2026-05-31 09:17:08,DDU,Clear,0.24,7.58,0.1,13.7,62.5
2026-03-04 17:07:22,DDU,Cloudy,0.06,9.39,0.8,14.6,61.6
2026-04-02 02:34:17,DDU,Clear,0.33,6.9,0.7,27.0,74.1
2026-04-18 23:56:05,DDU,Clear,0.41,5.63,0.2,32.6,100.0
2026-05-21 02:11:45,DDU,Cloudy,0.25,7.9,0.6,18.6,82.5
2026-06-15 02:17:27,DDU,Clear,0.32,7.67,0.9,25.1,80.9
2026-01-22 12:15:36,DDU,Clear,0.31,7.66,0.4,28.8,46.4
2026-04-24 17:50:41,DDU,Fog,0.89,2.72,1.0,11.4,87.1
2026-01-05 19:11:41,DDU,Clear,0.63,4.65,0.8,25.0,84.5
2026-03-21 16:17:26,DDU,Clear,0.5,6.65,0.9,20.4,64.5
2026-02-25 01:26:10,DDU,Cloudy,0.5,5.36,0.1,35.5,96.9
2026-03-29 15:19:14,DDU,Cloudy,0.48,5.87,0.9,20.1,57.9
2026-05-05 01:05:39,DDU,Clear,0.23,8.01,1.4,22.9,65.8
2026-01-25 23:15:53,DDU,Fog,0.58,5.02,0.4,27.7,65.4
2026-01-09 05:05:42,DDU,Clear,0.18,9.23,0.0,28.9,88.2
2026-01-09 21:46:05,DDU,Cloudy,0.18,7.98,0.9,38.4,71.2
2026-06-26 20:11:17,DDU,Rain,0.6,4.02,7.0,29.0,77.1
2026-05-01 04:59:38,DDU,Clear,0.09,9.65,0.5,26.6,71.9
2026-06-08 09:06:51,DDU,Clear,0.18,9.35,0.4,18.2,35.4
2026-06-02 23:33:22,DDU,Clear,0.21,7.69,1.5,14.9,74.7
2026-01-17 07:14:01,DDU,Clear,0.22,8.39,1.2,21.9,65.8
2026-02-13 21:22:19,DDU,Rain,0.34,6.47,6.2,30.4,76.0
2026-02-04 08:42:59,DDU,Clear,0.58,5.31,1.0,21.4,80.1
2026-06-12 12:48:05,DDU,Cloudy,0.13,9.27,0.7,29.1,63.4
2026-02-19 16:08:19,DDU,Clear,0.11,8.76,0.7,29.0,66.4
2026-04-21 22:18:11,DDU,Clear,0.2,8.16,0.7,27.3,71.0
2026-05-01 06:35:41,DDU,Fog,0.93,1.87,1.3,46.1,54.3
2026-03-13 23:13:33,DDU,Clear,0.18,8.51,0.3,14.7,41.8
2026-04-26 17:16:43,DDU,Clear,0.27,6.37,0.4,31.2,85.1
2026-04-21 12:06:14,DDU,Clear,0.29,6.85,1.1,15.5,73.7
2026-06-14 06:38:58,DDU,Clear,0.57,4.37,0.1,29.4,78.9
2026-04-22 16:53:54,DDU,Cloudy,0.23,7.29,1.2,15.4,100.0
2026-01-05 13:15:04,DDU,Clear,0.37,7.09,1.3,38.9,62.5
2026-06-23 05:42:33,DDU,Clear,0.13,8.77,0.8,8.9,37.7
2026-01-10 08:20:04,DDU,Fog,0.82,3.33,0.9,31.5,77.4
2026-05-20 03:36:18,DDU,Clear,0.58,5.72,1.3,29.2,85.5
2026-02-14 05:34:46,DDU,Rain,0.05,8.83,10.9,39.2,78.4
2026-03-21 08:20:25,DDU,Clear,0.42,5.75,0.9,27.0,81.0
2026-05-22 16:52:33,DDU,Clear,0.15,8.42,0.3,1.7,94.1
2026-01-16 02:36:56,DDU,Clear,0.07,8.87,1.1,13.7,55.7
2026-05-02 13:37:38,DDU,Fog,0.79,3.62,0.6,26.4,58.6
2026-06-01 05:11:33,DDU,Clear,0.28,7.53,0.5,26.7,90.9
2026-05-27 21:35:26,DDU,Clear,0.08,9.35,0.3,21.7,67.1
2026-03-27 11:20:33,DDU,Clear,0.19,8.24,1.3,37.1,84.6
2026-06-07 22:46:15,DDU,Clear,0.33,6.66,0.1,18.4,99.8
2026-05-25 17:34:39,DDU,Clear,0.42,6.54,0.6,21.2,55.2
2026-06-23 06:17:52,DDU,Clear,0.04,9.78,1.5,28.2,48.8
2026-05-19 06:48:30,DDU,Clear,0.49,5.57,0.9,12.9,63.6
2026-05-22 02:05:23,DDU,Cloudy,0.47,5.49,1.0,18.6,81.8
2026-06-01 19:03:21,DDU,Cloudy,0.18,8.99,1.4,12.9,58.6
2026-01-15 05:04:55,DDU,Clear,0.24,8.42,0.0,34.8,84.8
2026-02-06 14:42:11,DDU,Clear,0.31,7.88,0.8,32.1,92.2
2026-04-23 01:38:55,DDU,Cloudy,0.11,8.57,0.2,18.9,56.4
2026-01-19 11:46:25,DDU,Rain,0.37,5.22,7.5,23.2,29.3
2026-03-18 13:13:20,DDU,Clear,0.13,9.15,1.5,3.6,81.0
2026-02-12 23:34:59,DDU,Clear,0.29,7.43,0.8,11.8,63.0
2026-04-09 10:29:21,DDU,Clear,0.26,7.53,0.9,9.9,72.9
2026-06-12 01:28:03,DDU,Clear,0.25,8.64,1.2,28.3,69.1
2026-05-30 12:56:24,DDU,Cloudy,0.13,8.99,0.4,26.3,56.2
2026-02-23 14:49:16,DDU,Fog,0.73,3.75,0.5,9.0,60.9
2026-03-31 04:39:57,DDU,Cloudy,0.22,8.91,1.1,19.1,70.0
2026-02-11 15:38:41,DDU,Clear,0.51,5.58,1.4,21.1,84.1
2026-03-03 05:50:11,DDU,Clear,0.01,8.88,0.5,21.1,80.9
2026-06-25 21:51:03,DDU,Clear,0.45,6.71,0.1,18.9,59.6
2026-04-04 19:39:23,DDU,Clear,0.12,8.99,1.4,32.4,76.3
2026-01-20 19:30:25,DDU,Cloudy,0.51,5.68,0.8,26.7,73.0
2026-01-02 02:04:50,DDU,Clear,0.46,5.77,1.0,21.0,65.0
2026-05-29 00:47:41,DDU,Fog,0.52,5.1,0.5,24.0,65.2
2026-03-07 07:45:51,DDU,Rain,0.35,5.52,16.6,35.6,71.1
2026-05-03 18:42:56,DDU,Clear,0.24,8.82,1.0,7.5,95.3
2026-06-06 06:56:17,DDU,Cloudy,0.46,5.74,0.8,22.8,62.0
2026-06-19 19:56:42,DDU,Cloudy,0.28,7.61,0.3,27.3,54.2
2026-03-26 15:21:03,DDU,Clear,0.11,8.98,0.2,30.5,50.8
2026-01-15 16:13:10,DDU,Cloudy,0.53,5.01,1.1,32.0,79.2
2026-02-07 06:19:37,DDU,Clear,0.07,9.87,0.2,32.3,61.5
2026-06-24 00:12:37,DDU,Clear,0.05,9.52,0.8,31.8,48.9
2026-03-28 01:22:10,DDU,Clear,0.31,7.49,0.2,26.1,63.5
2026-05-22 03:45:36,DDU,Cloudy,0.45,6.17,0.3,19.9,45.7
2026-01-08 00:54:16,DDU,Cloudy,0.49,6.22,0.3,32.3,55.2
2026-06-21 14:31:07,DDU,Clear,0.07,9.87,1.3,31.4,35.9
2026-01-06 12:38:06,DDU,Clear,0.3,7.07,0.7,31.3,71.8
2026-06-23 15:28:54,DDU,Clear,0.08,9.89,0.3,15.5,76.4
2026-01-27 12:51:48,DDU,Clear,0.16,8.61,0.8,25.0,39.8
2026-02-07 02:57:36,DDU,Rain,0.46,5.34,8.1,17.5,75.8
2026-04-16 06:41:02,DDU,Clear,0.53,5.82,0.3,19.4,76.5
2026-06-16 21:36:57,DDU,Clear,0.12,9.46,1.1,15.1,52.4
2026-02-18 00:14:06,DDU,Clear,0.14,8.79,1.5,35.0,100.0
2026-03-22 06:23:02,DDU,Clear,0.58,5.74,0.3,19.6,80.4
2026-01-29 21:54:12,DDU,Clear,0.36,7.6,0.5,16.3,56.6
2026-03-10 20:25:17,DDU,Clear,0.16,8.34,0.7,25.5,60.3
2026-04-16 07:15:46,DDU,Clear,0.42,5.98,0.8,17.1,44.0
2026-03-13 10:26:23,DDU,Cloudy,0.18,8.97,0.6,25.4,64.4
2026-02-02 05:11:45,DDU,Rain,0.56,4.27,27.1,28.9,84.3
2026-02-18 21:26:10,DDU,Clear,0.43,7.34,0.7,17.7,88.3
2026-01-12 13:07:53,DDU,Clear,0.15,8.9,1.1,15.9,75.7
2026-02-09 01:49:44,DDU,Clear,0.28,7.66,0.1,42.8,39.9
2026-06-11 07:05:09,DDU,Fog,0.58,4.44,1.1,6.7,100.0
2026-06-21 14:08:27,DDU,Rain,0.28,6.99,11.2,35.3,54.3
2026-02-09 08:01:03,DDU,Clear,0.16,8.16,0.0,29.6,84.3
2026-04-18 06:01:11,DDU,Cloudy,0.36,7.07,1.1,32.8,81.2
2026-04-06 08:54:53,DDU,Rain,0.18,7.72,15.1,29.0,65.8
2026-01-23 12:18:10,DDU,Clear,0.44,5.58,0.9,12.8,70.9
2026-05-24 08:03:01,DDU,Clear,0.2,8.31,1.0,16.6,50.3
2026-02-08 04:07:18,DDU,Rain,0.2,6.59,4.2,28.4,37.9
2026-03-30 02:48:47,DDU,Fog,0.48,5.7,0.3,26.8,87.9
2026-05-14 04:56:08,DDU,Clear,0.71,4.52,0.1,36.6,82.7
2026-04-29 16:39:36,DDU,Rain,0.15,8.35,3.4,29.0,66.1
2026-03-27 10:41:52,DDU,Clear,0.25,8.0,0.1,34.4,68.3
2026-01-26 08:24:04,DDU,Rain,0.44,5.25,5.4,15.7,60.7
2026-03-27 11:39:16,DDU,Rain,0.39,5.68,2.6,33.4,78.5
2026-05-13 03:04:10,DDU,Cloudy,0.34,7.82,1.0,25.9,49.7
2026-02-02 15:16:39,DDU,Clear,0.55,5.15,1.0,21.5,85.9
2026-03-25 23:56:59,DDU,Clear,0.07,10.21,0.5,18.6,50.5
2026-06-19 22:58:04,DDU,Rain,0.17,7.38,7.5,18.4,44.2
2026-05-17 19:26:55,DDU,Clear,0.35,7.03,1.0,20.7,58.9
2026-04-20 11:29:18,DDU,Clear,0.14,7.84,0.6,13.2,68.3
2026-03-19 23:56:08,DDU,Clear,0.25,8.09,0.2,20.7,69.6
2026-05-08 08:32:16,DDU,Clear,0.65,4.57,0.9,24.6,70.3
2026-05-21 23:09:57,DDU,Clear,0.3,7.68,0.2,23.9,64.6
2026-05-31 03:57:15,DDU,Clear,0.07,8.44,0.2,25.8,93.3
2026-06-14 23:39:36,DDU,Rain,0.23,7.09,5.7,22.7,66.6
2026-02-19 21:16:37,DDU,Cloudy,0.44,6.23,1.1,17.8,46.1
2026-04-30 08:15:53,DDU,Clear,0.24,8.68,1.5,19.6,59.5
2026-06-14 05:02:48,DDU,Cloudy,0.4,6.14,0.7,22.8,50.2
2026-05-13 03:52:13,DDU,Clear,0.31,7.75,0.8,20.1,53.5
2026-02-17 23:44:30,DDU,Cloudy,0.29,7.84,0.6,20.5,81.8
2026-03-23 14:00:22,DDU,Clear,0.14,7.9,1.5,24.5,85.9
2026-06-02 16:33:23,DDU,Fog,0.62,4.4,0.6,28.0,52.3
2026-05-03 15:27:04,DDU,Cloudy,0.28,7.96,0.4,9.6,79.9
2026-03-17 09:42:15,DDU,Cloudy,0.14,8.71,0.9,23.6,73.4
2026-02-18 04:39:23,DDU,Rain,0.12,8.04,8.7,16.7,69.8
2026-05-15 03:26:21,DDU,Cloudy,0.67,4.38,0.5,27.2,92.4
2026-02-13 04:18:57,DDU,Fog,0.41,6.21,1.0,25.7,61.1
2026-01-12 03:02:16,DDU,Rain,0.27,6.51,8.9,28.1,32.8
2026-04-13 18:04:29,DDU,Rain,0.62,3.67,3.8,21.8,73.1
2026-04-27 21:04:36,DDU,Clear,0.18,7.83,0.3,29.5,22.1
2026-04-23 00:38:40,DDU,Fog,0.57,4.79,0.0,13.9,83.6
2026-02-08 15:58:14,DDU,Cloudy,0.07,9.69,0.0,22.3,57.1
2026-06-07 20:24:59,DDU,Cloudy,0.08,8.97,0.0,25.0,55.9
2026-01-31 15:59:03,DDU,Cloudy,0.46,6.9,0.9,21.6,84.1
2026-03-29 07:21:15,DDU,Clear,0.33,6.92,0.7,16.6,71.8
2026-05-11 01:27:59,DDU,Cloudy,0.36,7.15,0.6,24.7,78.6
2026-01-21 17:29:36,DDU,Fog,0.6,4.43,0.8,20.7,43.6
2026-04-14 08:49:36,DDU,Clear,0.28,7.78,0.4,22.9,67.5
2026-03-24 02:38:08,DDU,Cloudy,0.3,7.13,1.2,29.8,67.9
2026-02-01 22:25:06,DDU,Clear,0.39,6.43,0.1,8.1,97.4
2026-06-15 04:33:19,DDU,Rain,0.58,2.95,5.7,24.2,70.6
2026-06-29 16:40:34,DDU,Cloudy,0.46,5.73,1.1,19.9,76.8
2026-01-30 08:28:45,DDU,Clear,0.58,5.44,1.4,26.1,58.4
2026-04-18 03:55:20,DDU,Rain,0.2,6.88,20.1,25.0,78.5
2026-01-30 03:51:59,DDU,Clear,0.02,9.82,0.4,19.9,67.0
2026-02-05 07:33:41,DDU,Clear,0.64,5.34,1.5,17.6,42.8
2026-02-10 00:17:42,DDU,Clear,0.3,7.75,0.6,27.4,62.6
2026-05-02 23:31:39,DDU,Fog,0.8,2.43,0.2,27.2,53.4
2026-03-17 11:39:03,DDU,Clear,0.25,8.33,0.7,33.4,50.4
2026-03-22 16:41:18,DDU,Clear,0.41,6.31,0.0,4.0,73.3
2026-04-20 23:01:05,DDU,Clear,0.25,8.29,0.0,32.8,92.6
2026-04-05 11:16:22,DDU,Clear,0.16,8.54,0.6,23.4,68.2
2026-02-10 06:36:37,DDU,Clear,0.25,7.13,1.1,31.3,83.4
2026-05-22 16:03:25,DDU,Cloudy,0.09,9.3,0.1,25.2,60.4
2026-04-10 20:44:57,DDU,Clear,0.36,7.26,1.4,21.4,67.0
2026-05-03 01:28:20,DDU,Clear,0.18,8.54,1.3,17.3,55.1
2026-06-26 10:58:44,DDU,Clear,0.28,7.82,1.3,26.6,100.0
2026-05-29 12:32:30,DDU,Rain,0.36,5.84,1.7,24.8,74.4
2026-03-21 16:22:55,DDU,Cloudy,0.12,8.62,1.2,12.6,50.9
2026-02-18 10:28:31,DDU,Rain,0.18,6.75,5.0,18.8,85.6
2026-01-08 22:21:48,DDU,Clear,0.4,7.01,1.0,27.8,79.9
2026-02-28 22:30:39,DDU,Clear,0.63,4.58,0.3,16.7,49.4
2026-05-09 12:02:46,DDU,Fog,0.52,5.16,0.7,31.1,66.0
2026-06-16 18:54:27,DDU,Clear,0.3,7.54,0.8,37.0,96.0
2026-04-16 05:10:35,DDU,Clear,0.23,7.51,1.1,35.7,72.5
2026-01-30 19:55:47,DDU,Clear,0.19,8.15,1.1,31.8,21.1
2026-01-15 15:52:24,DDU,Clear,0.53,5.67,0.8,14.6,76.5
2026-05-01 07:19:07,DDU,Clear,0.39,7.17,1.1,15.9,86.8
2026-04-15 14:21:56,DDU,Clear,0.19,7.81,1.4,37.8,65.2
2026-05-15 04:52:53,DDU,Clear,0.08,8.66,0.2,32.3,82.9
2026-03-08 02:58:05,DDU,Clear,0.31,7.3,0.6,25.9,67.9
2026-04-18 20:48:24,DDU,Cloudy,0.65,4.33,0.7,28.6,62.5
2026-06-05 08:20:08,DDU,Clear,0.05,9.05,1.4,28.1,61.4
2026-06-03 12:15:15,DDU,Cloudy,0.08,8.71,0.8,26.9,51.1
2026-01-18 14:00:17,DDU,Clear,0.28,7.44,0.8,25.1,63.9
2026-05-07 13:52:11,DDU,Clear,0.38,7.1,0.0,19.7,43.1
2026-02-10 08:38:43,DDU,Clear,0.14,9.25,1.2,29.8,81.8
2026-01-08 04:06:26,DDU,Clear,0.43,7.25,0.3,27.6,100.0
2026-03-20 02:02:29,DDU,Cloudy,0.28,7.92,1.1,17.0,48.6
2026-04-16 19:29:05,DDU,Clear,0.42,6.9,0.2,23.6,72.2
2026-02-23 09:32:40,DDU,Clear,0.16,8.41,0.9,25.6,81.1
2026-03-02 19:10:37,DDU,Cloudy,0.34,6.64,0.1,26.7,54.4
2026-06-19 00:52:06,DDU,Clear,0.09,9.37,1.0,35.2,76.0
2026-04-16 09:17:00,DDU,Rain,0.07,7.16,1.2,19.8,85.8
2026-03-23 21:56:18,DDU,Cloudy,0.09,8.76,0.8,20.8,35.7
2026-06-20 06:58:05,DDU,Clear,0.24,8.53,1.1,15.1,55.6
2026-03-24 16:38:30,DDU,Fog,0.77,3.31,1.1,20.3,82.1
2026-06-11 19:05:15,DDU,Rain,0.64,3.58,1.7,20.3,82.5
2026-06-11 20:42:29,DDU,Cloudy,0.35,7.9,0.1,17.3,78.9
2026-03-23 02:15:12,DDU,Clear,0.17,7.54,1.2,34.2,68.6
2026-04-10 05:33:25,DDU,Fog,0.79,3.84,0.2,17.6,100.0
2026-04-13 12:04:02,DDU,Clear,0.16,9.11,0.9,20.3,93.0
2026-06-29 00:05:45,DDU,Clear,0.12,9.32,1.2,30.1,44.6
2026-05-22 17:34:21,DDU,Clear,0.43,6.17,1.5,32.3,90.3
2026-06-06 06:41:08,DDU,Fog,0.97,1.72,0.5,30.0,63.8
2026-01-22 03:57:13,DDU,Cloudy,0.2,7.68,0.6,34.7,30.2
2026-02-11 06:02:32,DDU,Clear,0.24,8.24,0.3,27.1,64.7
2026-06-24 06:01:02,DDU,Clear,0.15,8.79,0.6,24.8,97.6
2026-03-22 23:23:25,DDU,Cloudy,0.5,5.21,0.8,29.7,70.8
2026-02-23 02:52:44,DDU,Rain,0.1,7.77,7.1,35.1,48.9
2026-03-16 14:24:39,DDU,Fog,0.71,4.49,0.8,31.0,85.2
2026-01-24 12:55:21,DDU,Clear,0.25,8.97,0.7,27.5,50.4
2026-03-26 13:52:03,DDU,Rain,0.57,3.72,10.3,24.8,31.6
2026-03-28 11:00:31,DDU,Fog,0.53,5.68,0.3,32.2,84.3
2026-02-15 11:26:18,DDU,Cloudy,0.16,7.98,1.2,16.8,61.6
2026-02-26 02:21:06,DDU,Clear,0.47,6.18,0.7,24.7,57.3
2026-05-08 18:19:01,DDU,Clear,0.73,3.79,0.8,12.2,64.8
2026-03-26 05:20:00,DDU,Clear,0.25,8.22,0.8,19.0,64.0
2026-02-05 03:22:27,DDU,Fog,0.49,5.48,0.8,6.3,71.9
2026-02-09 01:50:01,DDU,Cloudy,0.44,6.78,0.1,35.0,82.3
2026-03-23 07:27:13,DDU,Fog,0.56,5.8,0.1,29.1,84.1
2026-06-30 18:51:11,DDU,Clear,0.19,8.49,1.0,20.9,97.1
2026-03-08 22:34:37,DDU,Clear,0.17,8.34,1.4,21.9,53.5
2026-03-24 01:25:05,DDU,Clear,0.3,6.59,0.9,34.7,76.7
2026-03-28 16:20:20,DDU,Clear,0.44,6.63,0.4,28.3,75.2
2026-04-11 21:11:48,DDU,Clear,0.24,7.78,0.3,9.8,35.6
2026-04-24 01:35:52,DDU,Cloudy,0.27,7.08,1.4,23.1,33.0
2026-05-29 13:13:34,DDU,Fog,0.86,2.19,1.4,29.5,70.7
2026-01-28 02:40:47,DDU,Clear,0.28,7.52,0.5,45.6,67.3
2026-01-18 09:13:35,DDU,Cloudy,0.23,7.75,0.4,27.7,74.0
2026-03-15 21:59:30,DDU,Cloudy,0.58,4.21,1.2,24.6,78.1
2026-04-08 06:42:47,DDU,Cloudy,0.35,7.85,1.3,37.1,50.8
2026-04-19 09:52:27,DDU,Rain,0.53,4.35,5.6,30.8,74.1
2026-06-10 11:32:14,DDU,Clear,0.49,7.29,1.1,23.5,100.0
2026-06-16 11:57:15,DDU,Clear,0.37,7.09,1.5,22.0,71.0
2026-03-05 23:57:33,DDU,Cloudy,0.38,6.1,0.1,27.2,75.8
2026-05-07 19:58:03,DDU,Clear,0.3,7.65,0.4,19.2,75.5
2026-02-05 12:27:37,DDU,Clear,0.16,8.33,0.3,24.3,79.8
2026-02-26 00:04:17,DDU,Clear,0.11,8.82,0.9,17.0,68.8
2026-01-10 03:01:38,DDU,Rain,0.49,4.29,3.3,20.3,63.1
2026-06-28 13:43:17,DDU,Fog,0.99,1.55,0.6,34.6,83.4
2026-05-13 00:03:44,DDU,Clear,0.26,7.97,0.6,13.3,60.3
2026-02-08 10:22:21,DDU,Clear,0.28,7.07,0.8,18.3,62.5
2026-01-28 09:57:13,DDU,Clear,0.07,9.38,0.9,19.9,54.3
2026-03-11 02:52:54,DDU,Clear,0.3,7.34,0.7,28.1,61.3
2026-02-25 19:23:36,DDU,Clear,0.29,7.69,0.5,7.8,49.6
2026-01-08 16:58:23,DDU,Clear,0.13,9.32,0.8,38.9,21.3
2026-05-17 00:31:34,DDU,Clear,0.12,8.76,0.4,25.2,48.1
2026-01-05 04:50:08,DDU,Clear,0.21,7.67,0.7,18.8,65.3
2026-01-02 11:53:39,DDU,Rain,0.28,6.68,7.6,24.9,59.2
2026-03-30 11:56:25,DDU,Clear,0.19,8.47,0.6,33.6,20.0
2026-01-19 11:44:30,DDU,Clear,0.37,6.35,1.3,20.1,85.8
2026-01-19 11:05:49,DDU,Clear,0.54,5.87,0.9,29.3,49.1
2026-01-29 20:32:21,DDU,Rain,0.28,6.99,1.6,24.8,50.1
2026-05-27 08:35:30,DDU,Clear,0.34,7.16,0.3,23.0,67.9
2026-02-25 04:43:02,DDU,Fog,0.54,4.7,0.8,26.0,90.6
2026-01-01 14:48:45,DDU,Clear,0.79,3.44,1.1,24.7,50.1
2026-05-22 20:40:38,DDU,Clear,0.22,8.38,0.7,14.4,45.4
2026-03-14 16:44:57,DDU,Fog,0.61,4.95,0.3,19.0,48.3
2026-02-19 09:41:48,DDU,Rain,0.79,2.15,3.1,19.8,95.7
2026-06-03 12:24:18,DDU,Clear,0.44,6.36,0.7,33.0,60.2
2026-02-20 14:28:12,DDU,Clear,0.56,5.83,0.3,33.5,52.4
2026-05-13 08:39:43,DDU,Fog,0.69,3.93,0.3,20.4,100.0
2026-01-15 10:42:39,DDU,Fog,0.49,5.51,0.2,31.3,92.2
2026-04-26 22:23:31,DDU,Clear,0.32,6.92,0.4,11.5,68.5
2026-02-06 03:40:09,DDU,Clear,0.13,8.91,1.3,36.9,92.5
2026-03-30 20:38:29,DDU,Clear,0.06,9.83,0.3,25.3,83.6
2026-06-29 08:32:31,DDU,Cloudy,0.67,4.46,0.3,22.2,78.9
2026-05-01 08:23:00,DDU,Clear,0.2,7.91,0.0,27.8,76.4
2026-06-25 09:18:06,DDU,Clear,0.44,6.09,1.0,22.1,38.5
2026-03-15 00:18:47,DDU,Clear,0.09,8.84,0.9,10.4,86.2
2026-02-13 06:53:26,DDU,Cloudy,0.32,7.35,1.4,7.2,100.0
2026-03-09 14:34:23,DDU,Cloudy,0.49,5.49,0.9,23.4,52.1
2026-05-27 16:36:31,DDU,Clear,0.21,7.75,0.4,30.3,41.8
2026-05-13 17:35:39,DDU,Clear,0.26,8.12,0.5,24.9,50.6
2026-04-14 07:51:41,DDU,Cloudy,0.23,8.1,0.1,29.7,64.9
2026-04-15 10:43:29,DDU,Clear,0.26,7.72,1.1,30.9,82.6
2026-02-19 18:38:17,DDU,Clear,0.41,6.62,0.2,12.4,38.1
2026-05-04 20:59:16,DDU,Rain,0.25,6.84,5.6,24.8,68.2
2026-01-21 02:22:05,DDU,Clear,0.29,8.38,0.8,36.3,86.4
2026-03-22 11:28:50,DDU,Clear,0.33,7.05,1.1,18.0,70.5
2026-04-26 06:54:14,DDU,Clear,0.29,7.88,0.8,27.4,32.4
2026-04-28 12:50:33,DDU,Cloudy,0.21,7.94,1.4,21.4,68.7
2026-06-24 12:49:24,DDU,Fog,0.49,5.65,1.4,25.1,75.6
2026-03-22 10:39:21,DDU,Clear,0.3,7.54,0.2,34.7,71.4
2026-05-06 02:15:27,DDU,Cloudy,0.43,6.26,0.5,30.6,66.4
2026-03-25 08:20:42,DDU,Clear,0.29,6.59,0.1,23.2,79.0
2026-04-24 01:43:55,DDU,Clear,0.31,7.1,0.4,33.0,65.8
2026-02-14 03:05:45,DDU,Clear,0.34,7.04,1.1,24.5,73.3
2026-06-08 09:54:15,DDU,Fog,0.62,5.55,1.4,36.6,37.0
2026-03-16 16:21:37,DDU,Clear,0.76,4.09,0.2,10.2,38.8
2026-05-04 01:37:30,DDU,Clear,0.4,6.92,1.4,22.1,59.1
2026-03-13 18:04:51,DDU,Fog,0.72,3.9,0.6,23.6,94.3
2026-03-03 19:12:13,DDU,Rain,0.3,6.55,29.9,11.5,87.3
2026-04-01 16:31:48,DDU,Clear,0.34,7.85,0.5,19.5,81.5
2026-03-17 13:01:22,DDU,Fog,0.56,5.11,0.2,26.8,61.4
2026-01-22 23:38:26,DDU,Rain,0.14,7.42,12.0,15.1,39.3
2026-01-04 00:32:41,DDU,Clear,0.41,5.92,0.6,29.5,67.2
2026-03-21 23:16:56,DDU,Rain,0.09,7.13,8.5,22.4,51.4
2026-02-10 10:18:17,DDU,Clear,0.34,7.38,1.4,20.9,67.8
2026-04-12 09:42:52,DDU,Clear,0.12,8.46,0.6,26.5,82.3
2026-01-27 09:33:42,DDU,Clear,0.4,6.37,1.2,32.3,20.0
2026-02-11 04:25:07,DDU,Cloudy,0.37,6.57,1.0,23.4,24.6
2026-05-06 10:38:17,DDU,Rain,0.14,7.07,7.5,17.6,56.2
2026-05-15 13:42:49,DDU,Clear,0.27,8.25,0.6,29.1,72.7
2026-01-04 00:19:38,DDU,Clear,0.09,9.29,0.3,31.1,60.8
2026-03-23 12:35:49,DDU,Cloudy,0.38,7.1,1.5,27.6,52.6
2026-03-10 07:35:07,DDU,Clear,0.13,8.54,0.2,15.5,47.0
2026-02-16 01:17:28,DDU,Cloudy,0.43,6.8,0.3,33.9,80.1
2026-06-21 19:50:27,DDU,Cloudy,0.71,3.89,0.6,26.2,84.0
2026-01-18 05:18:18,DDU,Clear,0.59,5.09,0.5,19.6,43.1
2026-01-10 03:30:36,DDU,Clear,0.19,8.31,1.5,14.9,67.9
2026-03-21 23:28:25,DDU,Clear,0.38,6.55,1.4,25.4,89.9
2026-06-09 14:46:35,DDU,Clear,0.2,8.43,0.6,26.5,70.1
2026-02-07 19:08:36,DDU,Fog,0.66,4.51,0.2,24.6,73.0
2026-02-12 23:07:36,DDU,Cloudy,0.27,7.82,0.6,27.1,56.9
2026-01-24 06:50:40,DDU,Clear,0.31,7.72,0.2,10.7,89.1
2026-05-14 05:59:55,DDU,Fog,0.58,4.57,0.4,16.0,53.6
2026-06-14 03:25:30,DDU,Clear,0.2,8.27,1.2,22.2,26.5
2026-02-27 18:01:40,DDU,Clear,0.18,8.29,1.5,22.8,66.1
2026-05-27 18:17:11,DDU,Clear,0.13,8.59,1.2,27.6,99.7
2026-01-22 16:14:39,DDU,Clear,0.23,8.01,1.4,25.5,52.5
2026-03-24 13:23:47,DDU,Clear,0.29,8.16,0.4,12.3,60.6
2026-03-02 04:00:30,DDU,Rain,0.05,7.95,6.5,29.8,89.0
2026-05-22 04:24:51,DDU,Clear,0.09,9.17,1.0,20.4,85.6
2026-03-11 04:07:14,DDU,Fog,0.38,6.47,0.7,31.3,100.0
2026-02-17 23:03:09,DDU,Cloudy,0.15,9.23,0.9,18.5,78.9
2026-03-05 15:00:32,DDU,Clear,0.44,6.17,1.0,35.3,95.0
2026-01-18 08:02:35,DDU,Fog,0.48,6.03,1.2,20.9,53.2
2026-04-19 23:00:38,DDU,Clear,0.39,6.42,1.0,24.2,62.2
2026-06-23 14:39:38,DDU,Rain,0.5,4.88,15.5,22.7,57.6
2026-04-04 06:48:20,DDU,Clear,0.32,7.39,1.2,20.9,84.5
2026-03-23 13:36:40,DDU,Cloudy,0.18,8.36,1.5,35.3,76.8
2026-02-19 15:32:11,DDU,Clear,0.45,6.38,1.4,23.7,73.2
2026-02-15 10:03:09,DDU,Cloudy,0.16,8.38,0.4,28.3,66.1
2026-01-06 14:02:03,DDU,Rain,0.33,5.87,4.5,23.5,83.4
2026-01-30 07:27:42,DDU,Clear,0.29,7.73,0.9,5.6,95.3
2026-06-18 22:56:29,DDU,Rain,0.12,8.24,9.0,20.2,71.1
2026-06-21 07:56:21,DDU,Fog,0.49,5.58,1.5,24.9,63.7
2026-05-30 23:48:41,DDU,Clear,0.5,6.33,0.8,32.1,76.2
2026-02-04 23:35:07,DDU,Cloudy,0.55,5.36,0.1,9.8,83.0
2026-01-06 03:12:46,DDU,Clear,0.12,8.88,0.3,35.8,73.7
2026-02-03 03:55:58,DDU,Rain,0.09,8.82,6.3,21.3,46.5
2026-02-14 02:28:52,DDU,Clear,0.21,8.26,0.8,25.3,52.9
2026-04-04 14:04:18,DDU,Cloudy,0.05,9.77,0.7,44.9,72.8
2026-05-29 22:13:54,DDU,Rain,0.1,8.88,10.4,15.3,27.6
2026-02-16 20:17:31,DDU,Clear,0.18,8.7,0.9,16.0,79.7
2026-06-08 16:56:46,DDU,Cloudy,0.27,8.04,1.2,33.2,43.0
2026-05-10 00:20:38,DDU,Clear,0.13,9.07,0.4,27.1,89.5
2026-04-18 09:43:41,DDU,Clear,0.25,8.34,1.3,27.9,85.9
2026-02-19 15:31:38,DDU,Clear,0.17,8.47,1.1,28.2,83.8
2026-06-10 21:12:08,DDU,Cloudy,0.22,7.72,1.1,27.4,65.4
2026-04-16 09:04:54,DDU,Clear,0.27,7.48,0.2,25.0,53.0
2026-05-11 05:43:03,DDU,Rain,0.26,6.56,12.8,31.8,76.3
2026-03-24 04:30:13,DDU,Clear,0.18,8.4,0.6,26.1,67.1
2026-05-19 20:55:33,DDU,Clear,0.55,4.73,0.7,27.4,87.3
2026-01-06 11:21:41,DDU,Clear,0.33,7.02,0.5,16.2,71.5
2026-05-13 19:21:17,DDU,Fog,0.53,5.57,1.1,18.6,41.1
2026-04-04 21:54:30,DDU,Clear,0.55,4.76,1.0,25.2,73.6
2026-01-14 20:06:27,DDU,Rain,0.51,4.37,0.6,27.4,52.3
2026-01-28 06:39:35,DDU,Clear,0.08,9.72,1.3,22.0,61.7
2026-06-28 14:29:21,DDU,Cloudy,0.3,7.79,0.8,25.2,77.8
2026-03-22 20:22:18,DDU,Clear,0.17,8.27,0.5,23.4,36.2
2026-04-22 04:41:08,DDU,Rain,0.01,8.6,7.2,24.4,30.4
2026-01-24 11:31:29,DDU,Clear,0.71,4.63,1.5,18.4,73.7
2026-02-05 16:48:22,DDU,Cloudy,0.28,7.24,1.1,31.1,54.1
2026-06-07 16:08:37,DDU,Fog,0.46,6.21,0.5,21.9,100.0
2026-01-26 04:12:23,DDU,Cloudy,0.25,8.0,0.5,33.2,51.5
2026-03-12 04:38:04,DDU,Cloudy,0.39,7.15,1.1,38.9,73.7
2026-03-29 11:30:41,DDU,Clear,0.38,6.87,0.1,21.7,68.7
2026-06-14 16:48:53,DDU,Cloudy,0.66,4.27,0.4,30.7,54.7
2026-03-06 07:51:49,DDU,Cloudy,0.32,7.66,0.5,9.9,68.7
2026-04-03 13:27:07,DDU,Clear,0.8,3.27,0.7,37.2,66.3
2026-02-11 16:33:58,DDU,Clear,0.47,6.57,0.7,11.5,87.5
2026-01-13 16:43:52,DDU,Clear,0.1,9.23,0.0,33.3,82.9
2026-06-30 01:40:53,DDU,Clear,0.2,8.51,0.7,15.3,24.2
2026-05-09 00:13:12,DDU,Clear,0.39,6.85,0.3,19.7,69.0
2026-06-15 15:15:21,DDU,Rain,0.1,8.56,11.6,16.1,52.8
2026-03-21 20:48:36,DDU,Clear,0.25,7.79,1.1,20.2,53.6
2026-06-30 18:00:10,DDU,Rain,0.18,7.9,5.9,24.8,25.3
2026-05-21 04:23:35,DDU,Clear,0.22,8.39,1.3,22.3,90.1
2026-01-17 14:39:57,DDU,Clear,0.15,9.19,0.2,32.6,88.6
2026-04-15 01:55:34,DDU,Clear,0.33,7.47,0.7,19.5,82.1
2026-06-03 09:27:37,DDU,Clear,0.18,8.2,0.4,27.2,43.9
2026-02-01 00:05:47,DDU,Cloudy,0.07,9.57,0.5,11.5,88.2
2026-05-26 03:11:38,DDU,Clear,0.57,5.55,1.2,32.6,38.8
2026-03-27 12:41:05,DDU,Fog,0.53,5.73,1.4,21.6,51.7
2026-06-26 19:02:13,DDU,Clear,0.02,9.71,0.1,24.0,90.7
2026-03-07 10:32:23,DDU,Fog,0.47,6.0,1.5,15.0,81.8
2026-04-28 23:47:50,DDU,Fog,0.82,3.25,0.1,19.8,80.5
2026-05-09 03:18:12,DDU,Clear,0.1,9.62,1.4,22.1,45.7
2026-01-18 10:08:54,DDU,Rain,0.04,9.0,6.4,5.6,26.8
2026-06-19 05:48:08,DDU,Clear,0.36,7.03,0.4,33.0,82.7
2026-03-28 16:47:01,DDU,Clear,0.45,6.25,0.4,30.5,65.7
2026-01-12 12:29:22,DDU,Clear,0.4,6.32,1.2,30.0,100.0
2026-04-05 11:06:50,DDU,Cloudy,0.17,8.43,1.0,29.8,28.6
2026-02-04 11:23:52,DDU,Clear,0.22,8.53,0.9,16.9,68.1
2026-06-01 02:21:16,DDU,Clear,0.12,9.05,0.9,30.3,70.2
2026-03-16 13:05:46,DDU,Rain,0.17,6.94,9.7,27.5,32.5
2026-05-18 14:35:32,DDU,Clear,0.44,7.41,0.1,21.6,43.7
2026-05-16 13:31:05,DDU,Rain,0.18,6.87,9.1,13.5,54.1
2026-02-01 00:44:59,DDU,Clear,0.19,8.2,1.4,26.6,58.8
2026-05-13 04:01:20,DDU,Clear,0.21,8.05,1.2,20.1,81.8
2026-02-19 17:57:12,DDU,Rain,0.18,7.01,4.6,11.9,60.8
2026-03-04 11:50:44,DDU,Rain,0.32,6.5,13.7,35.7,74.8
2026-06-05 03:33:41,DDU,Clear,0.34,6.96,0.6,34.8,64.7
2026-03-05 15:39:47,DDU,Clear,0.3,7.77,0.7,27.3,72.9
2026-02-25 23:40:29,DDU,Clear,0.26,8.21,0.3,24.6,81.8
2026-01-04 09:35:51,DDU,Rain,0.59,4.39,1.7,21.8,42.7
2026-03-21 19:23:42,DDU,Fog,0.55,5.05,1.5,21.0,90.6
2026-04-18 12:35:20,DDU,Cloudy,0.35,7.88,1.2,23.5,76.9
2026-01-20 13:17:20,DDU,Clear,0.08,9.51,0.3,34.4,89.7
2026-06-14 13:17:04,DDU,Clear,0.14,9.44,0.8,8.8,64.0
2026-06-22 21:22:19,DDU,Clear,0.31,6.96,0.8,30.4,57.6
2026-03-09 12:38:24,DDU,Clear,0.36,8.05,1.0,30.7,67.2
2026-03-18 18:11:11,DDU,Fog,0.69,4.05,1.2,24.0,43.7
2026-02-11 18:54:36,DDU,Rain,0.42,6.09,5.1,31.3,78.7
2026-02-16 08:21:36,DDU,Clear,0.3,7.31,1.3,27.6,100.0
2026-05-30 13:38:43,DDU,Cloudy,0.44,6.24,1.2,29.6,75.1
2026-02-21 00:25:52,DDU,Cloudy,0.5,5.6,0.4,32.3,82.5
2026-03-11 09:49:30,DDU,Clear,0.3,7.76,1.0,18.9,39.1
2026-02-02 13:46:51,DDU,Clear,0.25,8.6,1.3,30.9,40.6
2026-01-28 06:37:48,DDU,Rain,0.42,6.09,7.4,22.5,37.5
2026-02-27 22:54:00,DDU,Clear,0.1,9.41,1.3,33.4,66.7
2026-04-21 10:56:47,DDU,Clear,0.19,8.02,1.0,24.3,45.6
2026-04-18 21:53:44,DDU,Clear,0.44,5.43,0.6,20.9,76.9
2026-03-16 15:07:47,DDU,Clear,0.1,9.06,1.2,33.8,43.1
2026-06-16 05:00:37,DDU,Clear,0.68,4.21,0.4,23.2,83.6
2026-03-05 20:04:09,DDU,Cloudy,0.08,9.44,1.1,29.4,62.5
2026-02-10 03:29:44,DDU,Clear,0.55,4.89,0.2,16.1,70.6
2026-01-07 01:14:05,DDU,Rain,0.32,6.0,4.0,39.7,64.6
2026-06-30 14:25:29,DDU,Fog,0.88,1.88,0.8,11.6,45.0
2026-01-11 06:24:40,DDU,Rain,0.28,7.06,10.6,35.1,55.8
2026-04-17 07:24:27,DDU,Clear,0.65,4.0,0.7,23.8,67.3
2026-03-13 00:34:54,DDU,Cloudy,0.22,8.12,1.1,18.7,65.4
2026-03-12 14:35:03,DDU,Rain,0.13,6.63,10.7,23.8,77.6
2026-01-16 23:21:07,DDU,Cloudy,0.12,9.18,0.8,27.4,90.2
2026-05-18 13:55:00,DDU,Cloudy,0.09,8.82,0.4,15.5,76.0
2026-05-17 21:34:43,DDU,Cloudy,0.33,6.97,1.1,20.2,84.1
2026-05-23 10:40:33,DDU,Clear,0.25,7.84,1.1,13.0,70.6
2026-01-02 04:36:35,DDU,Fog,0.59,4.83,0.9,24.5,97.1
2026-02-18 12:32:28,DDU,Fog,0.86,2.55,0.9,31.0,68.3
2026-05-27 10:30:20,DDU,Fog,0.64,4.5,1.3,23.7,77.4
2026-03-30 05:34:22,DDU,Clear,0.44,5.56,1.3,21.6,100.0
2026-06-24 20:10:25,DDU,Rain,0.15,7.7,2.2,20.1,57.6
2026-01-09 16:12:01,DDU,Clear,0.58,4.8,1.4,23.3,55.1
2026-01-19 18:58:59,DDU,Clear,0.21,7.26,1.3,19.6,62.7
2026-04-05 05:21:49,DDU,Clear,0.23,8.36,0.1,32.5,78.5
2026-04-28 08:46:48,DDU,Clear,0.1,9.25,0.4,14.8,62.8
2026-04-17 17:12:15,DDU,Fog,0.61,4.49,1.4,33.9,100.0
2026-01-24 12:39:50,DDU,Clear,0.4,6.83,1.3,22.2,78.3
2026-05-31 22:06:44,DDU,Clear,0.24,7.63,0.6,25.2,72.1
2026-05-28 14:34:11,DDU,Clear,0.22,8.0,0.3,19.3,89.5
2026-01-28 10:57:59,DDU,Clear,0.48,5.98,0.6,31.5,73.2
2026-06-15 08:54:31,DDU,Rain,0.68,3.71,7.2,28.9,41.0
2026-06-28 18:32:06,DDU,Clear,0.19,8.27,1.2,36.7,57.8
2026-05-04 15:21:32,DDU,Cloudy,0.2,8.24,0.8,10.4,53.0
2026-02-02 09:53:13,DDU,Rain,0.72,3.46,9.8,46.5,35.4
2026-04-15 05:54:05,DDU,Clear,0.17,8.52,1.4,16.7,76.5
2026-04-15 11:17:17,DDU,Clear,0.36,6.66,1.5,27.4,66.4
2026-04-09 06:57:40,DDU,Clear,0.17,8.2,0.0,16.1,48.6
2026-03-05 03:18:50,DDU,Clear,0.59,5.26,0.6,22.1,59.8
2026-04-03 02:34:48,DDU,Clear,0.48,6.03,0.8,23.6,75.1
2026-05-02 12:04:54,DDU,Cloudy,0.34,7.54,0.7,31.3,74.3
2026-04-02 08:03:02,DDU,Rain,0.29,5.87,2.7,21.0,80.5
2026-06-06 23:03:16,DDU,Clear,0.35,6.41,1.1,39.2,64.2
2026-02-17 08:30:00,DDU,Clear,0.19,8.93,0.2,28.4,59.2
2026-04-16 13:31:35,DDU,Rain,0.52,5.24,3.6,14.8,53.8
2026-03-19 01:20:36,DDU,Clear,0.13,7.28,1.3,20.5,41.1
2026-04-26 03:30:35,DDU,Fog,0.94,1.75,1.1,25.6,79.6
2026-06-05 06:59:19,DDU,Clear,0.26,8.19,0.8,26.3,82.6
2026-06-19 17:41:33,DDU,Cloudy,0.15,7.97,0.1,20.2,46.2
2026-06-02 23:45:02,DDU,Clear,0.5,5.64,0.8,25.9,38.4
2026-06-17 13:23:19,DDU,Cloudy,0.16,8.82,0.3,21.3,36.3
2026-02-10 11:27:57,DDU,Cloudy,0.21,8.56,0.2,29.3,53.6
2026-05-12 00:29:39,DDU,Clear,0.66,4.72,0.3,23.4,85.0
2026-02-27 22:37:07,DDU,Cloudy,0.19,8.89,0.7,6.9,46.6
2026-01-25 06:52:31,DDU,Fog,0.53,4.97,1.4,24.7,73.5
2026-05-12 13:50:08,DDU,Cloudy,0.53,5.17,0.0,32.2,70.6
2026-05-21 02:35:40,DDU,Clear,0.25,8.2,0.5,23.4,95.6
2026-06-13 00:56:47,DDU,Clear,0.09,9.22,0.1,23.2,70.1
2026-01-14 12:24:50,DDU,Clear,0.56,4.65,0.5,19.4,68.8
2026-03-08 19:20:27,DDU,Clear,0.11,8.92,0.9,31.1,83.4
2026-02-03 16:22:21,DDU,Clear,0.47,5.5,1.5,28.4,77.0
2026-03-13 04:39:39,DDU,Cloudy,0.09,9.02,1.4,25.5,67.7
2026-04-30 08:36:00,DDU,Cloudy,0.19,8.25,0.6,22.7,100.0
2026-06-03 14:14:56,DDU,Rain,0.13,7.74,9.5,22.9,50.7
2026-04-21 15:13:06,DDU,Cloudy,0.39,7.22,1.0,29.5,74.8
2026-02-16 07:01:42,DDU,Clear,0.32,7.06,1.4,23.0,90.8
2026-04-18 09:20:14,DDU,Clear,0.46,6.34,0.2,28.4,65.1
2026-06-19 00:25:33,DDU,Clear,0.35,7.88,0.2,33.9,70.1
2026-04-02 15:04:00,DDU,Clear,0.24,9.16,1.0,11.9,49.5
2026-05-26 21:07:06,DDU,Fog,0.64,4.53,0.8,38.4,73.2
2026-05-11 10:40:23,DDU,Clear,0.59,4.89,1.1,24.7,57.5
2026-05-21 21:40:38,DDU,Clear,0.54,5.31,1.1,10.3,63.0
2026-03-07 02:45:22,DDU,Fog,1.0,1.99,0.6,18.9,71.4
2026-02-26 04:17:37,DDU,Clear,0.1,9.07,0.2,35.1,62.8
2026-03-31 15:10:00,DDU,Clear,0.24,8.2,0.6,28.8,100.0
2026-03-23 21:50:08,DDU,Clear,0.47,6.42,1.4,22.9,64.3
2026-04-25 01:03:00,DDU,Rain,0.4,5.65,6.3,24.2,90.0
2026-02-25 22:21:44,DDU,Cloudy,0.36,6.73,0.8,17.8,82.4
2026-04-01 08:25:31,DDU,Fog,0.52,5.58,0.6,23.2,69.3
2026-01-31 10:58:07,DDU,Cloudy,0.32,6.97,1.3,27.6,76.0
2026-04-04 08:05:07,DDU,Clear,0.38,6.56,0.2,17.3,100.0
2026-03-14 17:30:05,DDU,Cloudy,0.13,8.83,0.5,32.3,68.6
2026-05-21 19:30:50,DDU,Rain,0.63,3.78,4.2,23.2,85.7
2026-02-01 08:51:39,DDU,Clear,0.42,7.15,1.1,12.0,52.0
2026-04-02 17:10:14,DDU,Rain,0.1,7.92,5.0,16.7,42.0
2026-01-02 12:36:08,DDU,Cloudy,0.05,9.57,0.5,22.9,43.4
2026-01-05 09:24:49,DDU,Clear,0.13,8.88,1.2,31.8,90.1
2026-06-18 06:24:50,DDU,Clear,0.21,7.87,1.0,27.0,100.0
2026-04-02 05:09:41,DDU,Clear,0.12,9.15,0.6,21.6,76.0
2026-04-27 10:43:24,DDU,Clear,0.47,5.89,0.3,24.6,54.2
2026-04-22 07:01:07,DDU,Clear,0.19,8.35,1.3,20.6,58.4
2026-04-27 23:05:15,DDU,Cloudy,0.16,8.58,1.2,15.7,92.2
2026-06-20 15:57:42,DDU,Clear,0.11,8.83,0.6,22.3,48.8
2026-06-12 11:49:10,DDU,Clear,0.14,9.0,1.2,23.3,64.0
2026-03-06 08:52:22,DDU,Clear,0.12,8.73,0.5,26.3,74.5
2026-01-12 16:26:39,DDU,Fog,0.64,4.36,1.2,18.1,76.7
2026-02-06 14:33:18,DDU,Clear,0.11,9.56,0.1,22.1,37.8
2026-05-08 07:38:09,DDU,Clear,0.4,6.95,0.7,27.4,41.0
2026-04-16 04:28:06,DDU,Cloudy,0.07,10.02,1.0,30.4,68.2
2026-06-22 08:58:04,DDU,Cloudy,0.2,7.82,0.9,39.5,92.3
2026-01-09 21:14:37,DDU,Clear,0.54,5.12,1.2,40.9,58.9
2026-06-30 10:53:56,DDU,Cloudy,0.18,8.74,1.1,33.5,49.6
2026-03-27 09:10:22,DDU,Clear,0.3,7.94,1.0,11.1,83.7
2026-01-17 07:08:30,DDU,Cloudy,0.22,7.99,0.1,31.3,53.7
2026-03-09 18:51:00,DDU,Clear,0.12,9.39,1.4,23.8,67.8
2026-05-25 18:31:48,DDU,Rain,0.02,8.49,6.6,23.6,22.9
2026-03-28 00:00:23,DDU,Clear,0.32,7.44,0.3,18.9,67.0
2026-06-27 08:56:14,DDU,Cloudy,0.11,9.32,0.1,24.1,93.3
2026-03-12 19:19:48,DDU,Clear,0.34,7.86,0.7,19.5,90.7
2026-02-03 06:23:14,DDU,Clear,0.39,6.79,0.4,16.7,71.9
2026-06-03 20:20:29,DDU,Clear,0.09,9.08,0.3,23.7,68.9
2026-05-22 14:45:16,DDU,Fog,0.68,4.5,1.0,17.5,65.0
2026-04-07 01:02:55,DDU,Cloudy,0.18,8.96,0.4,19.2,59.5
2026-05-09 04:57:39,DDU,Clear,0.42,6.01,0.9,11.1,82.7
2026-02-09 15:40:20,DDU,Cloudy,0.4,6.09,0.3,21.5,58.2
2026-05-11 14:39:47,DDU,Rain,0.51,4.98,7.6,22.7,69.2
2026-05-13 19:12:10,DDU,Clear,0.79,3.06,0.5,23.1,95.3
2026-06-18 14:50:41,DDU,Clear,0.54,5.25,0.9,23.9,65.4
2026-03-15 15:32:10,DDU,Fog,0.61,5.39,0.0,20.0,73.2
2026-06-06 22:37:49,DDU,Clear,0.33,6.71,1.2,26.3,55.8
2026-03-06 04:49:08,DDU,Clear,0.25,7.8,1.3,17.6,86.4
2026-04-30 11:20:14,DDU,Clear,0.21,8.31,0.2,31.1,60.8
2026-06-27 18:35:41,DDU,Clear,0.17,8.36,0.1,20.3,37.8
2026-03-29 17:42:47,DDU,Clear,0.31,7.75,1.3,22.9,77.6
2026-05-11 14:21:24,DDU,Clear,0.29,6.98,0.9,19.4,78.5
2026-05-06 03:58:54,DDU,Rain,0.08,8.09,6.5,30.9,74.9
2026-01-29 02:38:04,DDU,Clear,0.12,9.74,0.7,28.5,77.6
2026-03-12 16:19:48,DDU,Rain,0.47,5.22,12.0,24.2,68.2
2026-03-30 03:11:43,DDU,Clear,0.31,7.08,1.3,21.6,62.9
2026-01-17 18:02:15,DDU,Clear,0.36,6.75,0.8,16.2,75.0
2026-04-30 00:51:42,DDU,Clear,0.23,7.69,1.2,5.1,72.2
2026-06-29 18:33:14,DDU,Fog,0.49,6.21,0.5,21.4,69.8
2026-03-16 01:08:22,DDU,Clear,0.33,7.81,1.5,28.5,65.5
2026-03-10 17:05:55,DDU,Rain,0.38,5.74,17.2,31.9,41.5
2026-01-12 08:30:03,DDU,Clear,0.16,8.85,0.1,46.4,51.8
2026-02-12 03:45:16,DDU,Clear,0.2,8.22,0.3,15.8,38.7
2026-05-08 06:01:44,DDU,Clear,0.11,9.1,0.7,41.0,44.5
2026-03-16 15:16:01,DDU,Clear,0.55,4.97,1.3,37.7,51.5
2026-04-13 02:17:37,DDU,Rain,0.12,6.42,4.3,13.1,78.0
2026-05-12 20:54:40,DDU,Clear,0.52,5.39,1.0,32.1,55.2
2026-06-09 04:01:26,DDU,Rain,0.56,3.89,3.9,37.2,89.5
2026-01-01 20:19:48,DDU,Clear,0.47,5.3,0.7,18.3,67.5
2026-01-19 09:02:03,DDU,Cloudy,0.1,8.08,0.7,15.7,74.1
2026-01-31 16:20:54,DDU,Cloudy,0.11,8.49,0.2,5.8,58.2
2026-03-15 13:46:01,DDU,Clear,0.05,9.5,0.1,16.5,32.7
2026-04-01 02:53:22,DDU,Clear,0.44,6.69,0.1,35.3,70.9
2026-03-26 11:23:23,DDU,Clear,0.16,8.7,0.1,29.0,87.6
2026-01-03 23:45:42,DDU,Clear,0.52,6.55,0.9,24.4,83.2
2026-02-28 21:12:58,DDU,Cloudy,0.35,6.61,0.1,43.0,67.9
2026-03-03 00:16:49,DDU,Rain,0.47,4.84,0.7,35.6,68.9
2026-05-08 23:28:39,DDU,Clear,0.24,7.94,0.1,9.7,36.6
2026-01-18 22:49:43,DDU,Rain,0.05,7.78,6.2,30.0,74.6
2026-06-19 22:24:16,DDU,Fog,0.95,0.91,0.5,28.2,76.2
2026-04-20 11:09:47,DDU,Fog,0.59,5.11,0.1,20.8,82.0
2026-05-12 20:34:32,DDU,Clear,0.33,7.43,1.4,22.3,57.1
2026-03-31 14:05:34,DDU,Clear,0.22,9.31,0.0,31.7,66.4
2026-03-05 22:16:00,DDU,Cloudy,0.73,3.59,1.1,31.9,82.3
2026-04-11 19:40:12,DDU,Cloudy,0.4,6.01,1.1,9.2,62.7
2026-01-25 17:57:31,DDU,Clear,0.35,7.88,1.2,29.0,77.5
2026-02-07 18:06:36,DDU,Clear,0.42,6.01,1.2,30.7,72.8
2026-06-13 14:21:14,DDU,Clear,0.06,9.5,1.2,17.8,34.9
2026-06-22 02:58:44,DDU,Rain,0.43,4.46,7.3,20.1,77.7
2026-01-30 16:53:32,DDU,Clear,0.32,7.39,0.4,33.5,45.8
2026-03-11 10:43:44,DDU,Clear,0.16,8.46,1.1,26.7,92.2
2026-01-25 05:52:56,DDU,Fog,0.53,4.78,0.4,22.7,94.6
2026-05-13 15:44:52,DDU,Cloudy,0.28,7.17,0.9,28.2,81.1
2026-04-21 18:37:35,DDU,Clear,0.43,6.25,1.4,17.0,62.7
2026-01-07 19:47:14,DDU,Fog,0.79,4.05,1.1,18.4,55.5
2026-01-20 08:04:52,DDU,Clear,0.3,7.6,0.5,30.0,94.7
2026-05-25 03:56:09,DDU,Rain,0.35,5.11,21.8,29.2,58.4
2026-05-16 19:03:40,DDU,Clear,0.47,7.04,1.1,16.9,47.8
2026-02-09 07:43:25,DDU,Rain,0.65,3.79,8.2,22.8,54.6
2026-03-21 01:17:28,DDU,Clear,0.15,8.99,1.2,16.3,48.8
2026-05-18 07:14:12,DDU,Cloudy,0.45,6.12,0.1,36.3,92.1
2026-06-11 07:30:36,DDU,Cloudy,0.65,4.55,0.7,20.8,100.0
2026-01-16 23:15:45,DDU,Clear,0.25,7.75,0.8,24.9,36.0
2026-05-19 04:03:36,DDU,Clear,0.15,9.0,0.3,7.3,62.1
2026-01-09 22:13:19,DDU,Rain,0.26,7.17,2.3,27.8,75.5
2026-06-13 06:12:10,DDU,Clear,0.59,5.13,1.2,34.1,53.0
2026-01-02 09:54:09,DDU,Fog,0.84,3.1,1.3,21.5,87.0
2026-03-25 08:49:31,DDU,Cloudy,0.08,9.3,0.5,29.0,75.5
2026-06-06 02:59:11,DDU,Fog,0.74,3.64,0.6,20.2,65.7
2026-04-12 14:16:37,DDU,Clear,0.38,6.45,0.7,18.9,57.5
2026-02-26 04:24:03,DDU,Clear,0.05,10.04,0.4,24.3,63.6
2026-03-27 14:24:24,DDU,Rain,0.1,7.67,16.2,28.4,83.4
2026-06-24 10:15:04,DDU,Clear,0.35,7.3,0.7,24.3,61.3
2026-02-26 09:53:49,DDU,Clear,0.2,8.66,0.4,33.6,100.0
2026-02-01 11:48:35,DDU,Clear,0.47,6.42,0.5,25.5,75.5
2026-06-19 15:23:36,DDU,Clear,0.07,9.52,1.0,22.8,80.1
2026-05-25 13:54:27,DDU,Clear,0.02,10.12,0.7,20.3,85.8
2026-03-24 02:57:52,DDU,Rain,0.38,5.62,16.8,24.7,81.9
2026-03-10 09:07:30,DDU,Clear,0.12,8.83,0.5,36.2,42.2
2026-04-28 06:48:11,DDU,Clear,0.41,6.23,0.5,25.7,100.0
2026-06-12 02:32:21,DDU,Rain,0.19,7.59,4.8,9.2,30.6
2026-04-08 07:12:57,DDU,Clear,0.13,8.42,0.6,14.1,79.9
2026-01-25 08:23:20,DDU,Clear,0.43,6.26,0.6,31.9,58.9
2026-01-07 00:51:03,DDU,Clear,0.28,8.31,0.0,36.1,73.1
2026-04-13 02:56:23,DDU,Clear,0.36,6.8,1.0,30.3,93.2
2026-02-17 17:10:26,DDU,Fog,0.68,4.41,0.6,20.2,67.6
2026-01-03 20:34:54,DDU,Cloudy,0.27,7.67,0.5,13.2,46.7
2026-06-13 14:01:49,DDU,Clear,0.21,8.63,0.4,23.4,36.7
2026-01-12 22:05:26,DDU,Clear,0.1,9.32,1.5,29.0,62.0
2026-02-16 17:56:22,DDU,Cloudy,0.09,9.12,1.4,24.3,54.6
2026-04-09 07:59:32,DDU,Clear,0.29,7.44,0.3,23.1,62.6
2026-05-17 18:36:18,DDU,Fog,0.42,7.22,0.3,28.2,51.5
2026-03-21 01:51:42,DDU,Cloudy,0.23,7.23,0.2,17.7,77.5
2026-02-21 20:01:12,DDU,Clear,0.14,8.9,0.7,22.0,71.3
2026-02-12 19:27:38,DDU,Clear,0.18,7.83,0.7,10.5,43.8
2026-05-06 04:16:14,DDU,Clear,0.3,7.97,1.2,25.6,75.5
2026-06-04 12:48:38,DDU,Clear,0.13,8.97,1.0,21.4,58.7
2026-02-01 03:42:36,DDU,Clear,0.06,9.08,1.3,17.7,45.8
2026-05-17 16:25:35,DDU,Rain,0.15,8.23,11.7,35.3,76.4
2026-03-30 05:32:30,DDU,Fog,0.57,5.15,1.3,9.3,67.1
2026-04-04 08:24:29,DDU,Cloudy,0.17,8.51,1.2,26.7,70.5
2026-04-11 05:12:29,DDU,Clear,0.41,6.78,0.8,16.9,88.2
2026-01-10 03:54:04,DDU,Clear,0.12,8.64,1.1,30.0,58.6
2026-01-02 15:24:25,DDU,Cloudy,0.25,7.96,0.8,16.9,66.4
2026-06-02 05:33:54,DDU,Clear,0.28,7.6,1.2,22.9,78.3
2026-03-04 10:33:39,DDU,Cloudy,0.3,7.08,1.1,24.0,61.9
2026-02-18 23:01:12,DDU,Clear,0.47,6.11,0.0,23.3,68.9
2026-04-05 06:46:13,DDU,Rain,0.51,4.25,14.9,20.4,91.3
2026-03-03 03:13:12,DDU,Cloudy,0.47,5.57,1.1,30.1,100.0
2026-04-13 13:44:19,DDU,Rain,0.45,5.61,3.2,29.1,58.2
2026-01-10 00:22:32,DDU,Clear,0.1,9.52,0.9,30.3,60.7
2026-02-22 15:26:15,DDU,Clear,0.45,6.6,0.4,19.5,55.9
2026-05-09 08:05:54,DDU,Clear,0.42,6.51,0.7,41.5,52.6
2026-01-22 08:58:28,DDU,Cloudy,0.36,7.44,0.4,37.4,69.0
2026-05-26 09:53:57,DDU,Clear,0.24,7.78,0.7,17.5,69.7
2026-02-19 02:55:40,DDU,Clear,0.47,5.38,1.2,23.3,64.8
2026-01-30 09:55:12,DDU,Clear,0.49,5.77,0.5,46.0,88.4
2026-01-28 17:45:06,DDU,Fog,0.68,3.87,0.7,31.4,84.4
2026-01-03 15:44:22,DDU,Rain,0.48,4.57,9.3,22.7,81.0
2026-01-21 02:32:44,DDU,Clear,0.53,5.74,0.6,37.2,75.3
2026-01-05 05:33:59,DDU,Clear,0.06,9.66,0.5,33.5,72.8
2026-05-23 15:38:40,DDU,Clear,0.13,9.68,1.2,13.0,69.2
2026-04-07 21:53:05,DDU,Clear,0.45,5.74,1.4,23.6,43.9
2026-01-14 15:29:04,DDU,Rain,0.18,6.97,1.9,21.6,67.3
2026-06-19 15:18:58,DDU,Cloudy,0.12,9.53,1.5,14.0,28.8
2026-02-26 19:24:01,DDU,Clear,0.09,9.18,1.1,27.2,39.2
2026-04-25 03:59:24,DDU,Clear,0.36,7.51,0.2,35.3,62.0
2026-02-19 04:36:47,DDU,Cloudy,0.36,7.24,0.5,24.8,67.6
2026-05-19 17:41:44,DDU,Clear,0.24,7.68,0.8,24.4,41.8
2026-03-31 05:41:20,DDU,Cloudy,0.08,8.24,1.5,18.0,62.1
2026-01-09 18:46:21,DDU,Clear,0.24,8.16,0.6,25.3,78.9
2026-02-19 06:40:47,DDU,Clear,0.24,7.04,0.0,23.8,76.9
2026-05-16 08:54:50,DDU,Clear,0.47,6.5,1.1,41.3,67.3
2026-02-13 05:54:16,DDU,Clear,0.17,7.86,1.5,11.9,58.8
2026-04-11 14:01:52,DDU,Clear,0.15,9.45,1.4,26.2,59.5
2026-03-01 01:49:25,DDU,Fog,0.47,5.75,1.3,31.7,71.1
2026-05-04 22:23:12,DDU,Cloudy,0.32,7.09,0.7,28.4,60.5
2026-05-13 19:06:06,DDU,Clear,0.33,6.9,0.8,19.0,73.5
2026-03-01 16:02:40,DDU,Clear,0.08,9.56,0.5,17.7,89.6
2026-01-20 07:00:19,DDU,Cloudy,0.35,7.35,0.9,21.4,57.7
2026-01-25 18:57:06,DDU,Cloudy,0.13,9.06,1.1,31.3,64.5
2026-04-17 18:51:36,DDU,Rain,0.08,8.04,6.7,25.2,28.7
2026-02-03 06:37:38,DDU,Cloudy,0.06,9.52,1.2,22.2,73.4
2026-01-18 23:04:24,DDU,Clear,0.33,6.91,0.4,24.4,93.2
2026-01-09 01:14:35,DDU,Rain,0.3,6.24,16.7,35.4,50.8
2026-04-25 05:55:27,DDU,Clear,0.43,6.19,1.3,20.7,55.7
2026-05-04 09:32:00,DDU,Rain,0.34,5.75,4.0,15.4,62.1
2026-06-18 13:54:07,DDU,Clear,0.45,6.23,0.4,20.7,61.4
2026-06-26 11:35:00,DDU,Cloudy,0.43,6.87,1.1,19.1,83.9
2026-01-10 04:22:39,DDU,Clear,0.18,8.21,0.9,19.4,68.9
2026-04-01 15:34:49,DDU,Clear,0.38,6.76,0.8,31.3,70.5
2026-05-20 13:31:48,DDU,Clear,0.31,8.2,1.4,23.5,26.9
2026-03-21 06:53:06,DDU,Rain,0.52,4.8,2.1,19.6,58.6
2026-03-12 23:26:26,DDU,Cloudy,0.06,10.19,0.3,29.4,100.0
2026-01-17 10:43:25,DDU,Cloudy,0.43,6.03,1.1,2.4,76.0
2026-02-22 21:11:39,DDU,Clear,0.22,7.83,0.5,22.9,85.7
2026-06-15 11:43:27,DDU,Clear,0.25,7.21,0.4,38.0,74.6
2026-01-01 02:59:29,DDU,Rain,0.26,6.47,10.4,30.9,61.0
2026-06-23 20:37:14,DDU,Fog,0.67,4.22,0.1,11.8,76.0
2026-04-22 05:46:13,DDU,Clear,0.4,6.87,0.9,23.4,73.7
2026-02-04 03:56:26,DDU,Cloudy,0.28,7.87,1.3,25.9,58.2
2026-04-04 21:34:14,DDU,Cloudy,0.48,6.77,0.9,18.9,83.5
2026-05-16 15:39:22,DDU,Clear,0.53,6.13,1.2,23.6,46.1
2026-01-22 18:31:34,DDU,Rain,0.34,6.12,6.7,33.5,62.2
2026-06-11 00:16:34,DDU,Clear,0.47,5.39,0.7,20.6,61.7
2026-02-17 17:25:15,DDU,Clear,0.21,7.89,0.1,22.3,89.0
2026-05-02 10:25:38,DDU,Clear,0.29,6.61,1.4,27.0,70.6
2026-04-29 22:56:56,DDU,Clear,0.17,8.49,1.1,23.5,86.3
2026-03-10 04:48:37,DDU,Cloudy,0.25,7.82,1.1,23.6,80.2
2026-03-02 08:35:15,DDU,Clear,0.45,6.08,0.4,6.4,61.5
2026-04-14 06:21:01,DDU,Fog,0.51,5.27,0.6,23.0,74.5
2026-06-22 13:47:32,DDU,Clear,0.26,8.11,1.5,24.8,20.0
2026-03-26 12:05:35,DDU,Clear,0.61,4.28,1.0,10.5,76.3
2026-06-15 13:23:26,DDU,Rain,0.18,6.88,14.7,16.0,84.6
2026-06-04 02:38:53,DDU,Clear,0.28,7.65,0.1,31.9,86.1
2026-06-10 19:53:30,DDU,Clear,0.36,6.66,1.3,33.4,56.4
2026-04-25 05:52:21,DDU,Clear,0.29,7.97,1.4,40.1,85.6
2026-03-30 02:36:05,DDU,Cloudy,0.3,8.24,1.0,30.5,86.0
2026-03-08 09:13:18,DDU,Clear,0.3,7.09,0.7,25.4,42.7
2026-05-14 20:32:54,DDU,Rain,0.16,7.56,4.8,18.6,45.5
2026-01-10 05:53:46,DDU,Cloudy,0.19,8.9,0.4,21.5,39.4
2026-05-03 18:51:13,DDU,Clear,0.11,9.47,1.4,20.2,100.0
2026-01-19 03:35:07,DDU,Rain,0.48,5.03,2.2,21.9,81.8
2026-05-21 16:00:30,DDU,Clear,0.2,7.85,0.3,19.3,85.2
2026-05-18 07:29:52,DDU,Clear,0.83,3.43,1.4,22.8,89.9
2026-04-11 22:34:04,DDU,Clear,0.38,7.24,1.3,35.8,52.3
2026-05-11 17:25:19,DDU,Clear,0.27,7.48,1.4,26.0,85.7
2026-05-25 08:19:22,DDU,Cloudy,0.12,8.23,0.3,23.1,58.8
2026-06-06 00:30:04,DDU,Rain,0.67,3.99,24.4,24.7,82.3
2026-03-09 21:29:41,DDU,Cloudy,0.48,6.19,0.8,19.8,67.2
2026-03-09 15:53:10,DDU,Rain,0.15,7.95,11.7,21.1,64.6
2026-01-31 21:06:40,DDU,Rain,0.13,7.49,19.4,15.7,25.8
2026-05-10 20:23:21,DDU,Cloudy,0.15,8.58,0.0,15.8,68.6
2026-05-09 09:03:45,DDU,Clear,0.46,5.85,1.1,18.4,36.6
2026-05-21 22:45:06,DDU,Rain,0.35,6.02,2.0,23.9,87.4
2026-06-17 21:34:37,DDU,Clear,0.34,7.63,0.9,28.7,65.8
2026-03-21 13:09:00,DDU,Clear,0.27,7.6,0.5,22.6,51.9
2026-01-07 22:35:39,DDU,Clear,0.13,8.33,0.7,21.0,63.1
2026-04-19 18:42:31,DDU,Rain,0.41,5.35,6.8,30.2,89.4
2026-01-02 14:25:26,DDU,Clear,0.31,7.17,1.4,30.5,58.6
2026-05-04 05:49:56,DDU,Clear,0.57,5.29,1.4,38.0,91.8
2026-01-03 13:51:35,DDU,Cloudy,0.1,8.88,0.6,28.7,47.9
2026-06-17 16:54:45,DDU,Clear,0.16,8.24,0.8,22.2,63.1
2026-04-24 16:54:53,DDU,Clear,0.35,7.7,0.4,13.0,49.6
2026-03-11 15:31:59,DDU,Clear,0.39,6.16,1.1,30.5,48.9
2026-01-14 03:22:31,DDU,Cloudy,0.4,6.36,1.2,23.4,77.8
2026-06-01 21:36:23,DDU,Rain,0.19,6.56,9.1,32.3,61.0
2026-06-19 04:39:51,DDU,Clear,0.44,6.14,1.1,23.7,65.2
2026-06-20 08:14:41,DDU,Clear,0.22,8.64,0.2,37.5,51.2
2026-02-22 23:02:04,DDU,Clear,0.35,6.61,1.1,27.4,58.4
2026-06-15 16:14:35,DDU,Cloudy,0.27,7.48,1.0,23.3,99.5
2026-05-22 22:18:53,DDU,Clear,0.33,6.95,0.7,7.8,89.3
2026-04-18 13:41:45,DDU,Rain,0.19,7.68,6.8,15.5,100.0
2026-04-21 01:46:07,DDU,Cloudy,0.55,5.94,0.3,12.0,71.4
2026-05-21 13:44:27,DDU,Clear,0.17,8.98,0.2,22.4,48.3
2026-03-18 19:21:26,DDU,Fog,0.95,2.42,1.4,22.9,99.1
2026-01-07 22:54:26,DDU,Cloudy,0.4,7.21,1.2,9.2,66.6
2026-04-27 19:25:53,DDU,Fog,0.94,1.85,0.3,15.9,96.3
2026-04-22 22:43:36,DDU,Clear,0.12,8.78,0.2,27.8,30.2
2026-02-21 04:17:17,DDU,Rain,0.45,4.22,12.0,34.2,53.9
2026-02-05 08:17:07,DDU,Cloudy,0.34,7.4,1.3,17.0,83.9
2026-01-23 10:06:34,DDU,Fog,0.44,6.43,0.3,31.9,62.0
2026-01-20 22:04:45,DDU,Cloudy,0.04,9.37,0.9,38.5,65.8
2026-04-26 11:51:38,DDU,Rain,0.29,6.03,10.5,28.1,67.3
2026-03-22 07:30:08,DDU,Fog,0.45,5.69,1.1,16.0,53.1
2026-01-26 05:03:04,DDU,Rain,0.11,7.95,3.1,27.0,80.7
2026-02-10 10:04:53,DDU,Clear,0.42,6.12,1.3,24.9,88.6
2026-01-27 20:13:58,DDU,Clear,0.13,8.43,0.3,34.1,58.1
2026-06-20 16:27:54,DDU,Clear,0.24,8.03,0.1,26.2,65.2
2026-04-27 01:57:16,DDU,Clear,0.34,6.91,0.8,24.7,84.4
2026-02-06 14:53:31,DDU,Rain,0.13,7.57,10.4,33.5,63.1
2026-04-20 05:49:22,DDU,Cloudy,0.38,7.3,0.3,37.5,83.6
2026-05-16 17:47:11,DDU,Clear,0.13,8.17,1.4,27.6,57.1
2026-04-05 20:54:30,DDU,Clear,0.19,8.27,1.4,31.6,55.4
2026-01-12 23:40:23,DDU,Rain,0.11,8.26,11.9,18.6,58.3
2026-04-24 13:19:04,DDU,Clear,0.31,7.08,0.5,17.4,83.1
2026-03-07 22:34:14,DDU,Cloudy,0.47,6.08,1.0,44.4,38.3
2026-02-07 15:49:37,DDU,Fog,0.66,4.0,1.3,22.6,63.3
2026-01-09 22:36:18,DDU,Clear,0.59,5.09,1.1,30.6,89.6
2026-05-09 13:51:19,DDU,Rain,0.07,7.94,5.8,18.3,56.9
2026-03-26 14:25:30,DDU,Fog,0.8,3.0,0.4,21.1,72.2
2026-05-23 05:38:40,DDU,Clear,0.64,4.61,1.3,10.9,64.7
2026-04-02 23:01:55,DDU,Cloudy,0.19,8.37,0.8,17.6,55.0
2026-05-10 04:23:31,DDU,Clear,0.15,9.17,0.5,26.5,68.5
2026-05-02 14:51:11,DDU,Clear,0.33,6.35,0.1,17.5,48.8
2026-04-17 04:01:19,DDU,Fog,0.57,5.52,1.1,7.3,51.8
2026-01-03 18:27:14,DDU,Clear,0.4,6.55,0.6,10.8,53.5
2026-01-21 12:57:59,DDU,Clear,0.38,6.34,1.4,15.0,74.7
2026-03-03 22:25:11,DDU,Clear,0.42,6.16,0.0,21.4,49.9
2026-01-26 18:36:48,DDU,Fog,0.48,6.31,0.2,48.6,40.8
2026-06-28 01:50:25,DDU,Clear,0.05,9.39,0.3,16.4,48.5
2026-06-25 03:02:23,DDU,Clear,0.38,6.78,1.1,24.0,56.6
2026-04-29 00:13:39,DDU,Rain,0.08,8.39,28.4,23.3,56.8
2026-06-18 01:20:09,DDU,Cloudy,0.05,10.07,0.8,29.7,65.5
2026-04-10 02:32:02,DDU,Clear,0.08,9.15,1.1,21.7,86.1
2026-03-14 09:54:42,DDU,Clear,0.46,5.9,1.4,34.3,82.6
2026-03-13 01:12:11,DDU,Clear,0.07,8.98,0.9,27.0,68.5
2026-05-07 09:20:04,DDU,Fog,0.65,4.05,1.0,13.5,69.4
2026-05-20 15:18:17,DDU,Clear,0.12,9.19,1.1,29.8,60.2
2026-01-02 21:54:07,DDU,Fog,0.67,4.84,0.7,30.0,77.0
2026-05-21 02:40:58,DDU,Cloudy,0.13,8.82,0.9,14.7,70.3
2026-02-18 09:30:09,DDU,Clear,0.51,4.66,0.1,12.7,70.6
2026-02-02 19:29:42,DDU,Cloudy,0.16,9.01,0.8,16.2,86.9
2026-03-23 07:17:06,DDU,Clear,0.59,4.94,1.2,18.6,79.3
2026-01-19 15:41:29,DDU,Clear,0.45,6.21,1.2,22.1,66.6
2026-05-02 02:55:21,DDU,Clear,0.31,7.85,0.9,32.8,46.1
2026-01-16 01:10:23,DDU,Clear,0.15,8.94,1.1,34.2,63.8
2026-02-14 17:21:08,DDU,Clear,0.65,3.72,0.4,21.5,78.0
2026-05-20 16:54:11,DDU,Cloudy,0.2,8.81,1.2,22.3,82.1
2026-02-15 21:55:32,DDU,Clear,0.18,8.61,0.9,33.6,76.1
2026-03-28 17:51:01,DDU,Clear,0.35,7.73,0.3,24.8,80.2
2026-06-02 11:31:15,DDU,Cloudy,0.24,8.68,0.1,27.6,65.3
2026-04-21 13:00:38,DDU,Clear,0.42,6.2,0.0,16.1,77.2
2026-04-17 08:43:24,DDU,Clear,0.11,9.01,0.5,14.8,70.7
2026-02-23 02:52:45,DDU,Clear,0.24,8.35,0.7,26.6,66.7
2026-03-03 02:07:42,DDU,Cloudy,0.11,8.61,0.6,26.7,51.3
2026-03-29 04:05:03,DDU,Fog,0.49,5.95,1.1,38.9,90.4
2026-04-19 01:21:12,DDU,Cloudy,0.27,8.01,0.5,28.9,76.7
2026-02-20 18:14:40,DDU,Clear,0.23,8.19,0.4,13.1,69.5
2026-05-29 10:25:03,DDU,Clear,0.2,8.51,1.0,28.6,78.0
2026-04-29 12:40:30,DDU,Cloudy,0.01,9.77,1.5,26.3,62.0
2026-03-12 08:17:21,DDU,Clear,0.23,8.13,0.8,29.5,75.1
2026-05-17 13:52:16,DDU,Clear,0.2,8.55,0.3,26.6,72.5
2026-02-10 04:22:55,DDU,Clear,0.63,4.8,1.2,12.5,73.4
2026-04-09 15:59:03,DDU,Clear,0.3,7.73,1.1,32.6,59.0
2026-01-29 08:41:01,DDU,Fog,0.67,4.53,1.1,27.8,62.1
2026-06-11 17:47:40,DDU,Clear,0.1,9.54,1.0,31.6,56.1
2026-02-18 15:07:22,DDU,Clear,0.11,8.94,1.3,18.1,42.7
2026-03-22 06:55:04,DDU,Rain,0.09,8.27,5.3,22.3,22.9
2026-01-11 10:22:13,DDU,Rain,0.18,7.29,11.3,16.8,69.0
2026-01-05 14:22:24,DDU,Cloudy,0.15,8.94,0.5,25.6,61.5
2026-02-18 19:59:03,DDU,Fog,0.51,5.6,1.4,7.5,77.8
2026-03-25 05:12:59,DDU,Cloudy,0.55,4.36,1.4,25.3,78.8
2026-06-10 11:22:54,DDU,Fog,0.75,3.15,1.2,27.1,77.8
2026-01-14 06:42:28,DDU,Cloudy,0.5,5.03,1.3,23.6,63.9
2026-06-25 18:10:57,DDU,Clear,0.35,7.01,1.1,15.3,34.7
2026-03-07 10:36:54,DDU,Rain,0.12,7.02,12.2,29.5,61.4
2026-04-03 19:09:20,DDU,Rain,0.23,6.45,4.4,22.4,29.0
2026-02-16 05:40:06,DDU,Clear,0.28,7.22,0.5,16.4,72.6
2026-06-18 19:00:15,DDU,Rain,0.42,4.92,4.2,22.6,46.6
2026-05-06 15:13:51,DDU,Cloudy,0.22,7.95,0.4,8.4,52.8
2026-03-08 05:05:19,DDU,Fog,0.49,4.51,0.5,12.6,78.3
2026-01-08 02:22:12,DDU,Cloudy,0.34,6.87,0.1,9.5,61.4
2026-04-05 12:33:37,DDU,Cloudy,0.19,8.04,0.2,8.3,71.4
2026-02-21 21:00:49,DDU,Fog,0.74,3.94,1.4,4.2,77.0
2026-03-14 20:56:59,DDU,Clear,0.11,8.2,0.9,23.4,70.3
2026-05-22 20:11:56,DDU,Clear,0.06,9.68,0.8,21.6,61.2
2026-03-23 16:41:11,DDU,Clear,0.06,9.82,0.5,24.5,84.1
2026-05-28 15:14:51,DDU,Rain,0.09,8.22,6.4,15.9,95.3
2026-03-04 23:18:44,DDU,Clear,0.25,7.58,0.4,17.5,35.7
2026-06-26 21:42:38,DDU,Clear,0.22,8.14,0.2,40.8,81.8
2026-06-18 07:33:21,DDU,Clear,0.16,8.97,0.4,31.7,86.0
2026-06-14 21:37:17,DDU,Cloudy,0.26,7.57,1.4,8.6,92.4
2026-02-22 05:41:57,DDU,Rain,0.15,7.39,6.2,28.6,59.8
2026-02-28 04:32:01,DDU,Clear,0.21,7.98,0.4,19.8,84.5
2026-03-28 06:41:54,DDU,Cloudy,0.15,7.87,1.3,19.1,77.2
2026-06-18 21:39:30,DDU,Clear,0.12,8.46,1.4,23.7,81.1
2026-04-23 11:40:33,DDU,Cloudy,0.09,9.23,0.9,37.0,22.7
2026-03-12 17:22:47,DDU,Cloudy,0.55,5.3,0.3,20.6,79.2
2026-03-16 07:09:34,DDU,Fog,0.53,5.61,0.5,27.1,95.6
2026-03-27 23:01:42,DDU,Rain,0.16,7.91,9.4,11.2,51.7
2026-03-12 01:46:43,DDU,Clear,0.34,7.13,0.1,19.4,36.1
2026-04-29 17:51:20,DDU,Fog,0.63,4.66,0.5,34.8,57.8
2026-02-16 18:53:44,DDU,Clear,0.11,9.24,1.4,38.2,76.4
2026-02-25 19:35:44,DDU,Clear,0.38,5.83,0.9,33.4,76.9
2026-01-22 23:29:51,DDU,Clear,0.37,7.19,1.2,18.1,71.1
2026-02-09 13:42:26,DDU,Cloudy,0.13,9.0,1.4,30.0,82.5
2026-06-12 08:19:22,DDU,Clear,0.23,8.28,0.4,28.2,66.0
2026-03-22 18:53:51,DDU,Clear,0.63,4.36,0.4,30.0,74.0
2026-03-20 00:55:18,DDU,Clear,0.38,6.56,0.5,18.1,75.5
2026-03-22 20:54:00,DDU,Clear,0.08,9.12,0.1,33.4,71.6
2026-02-20 22:11:20,DDU,Clear,0.43,6.11,1.0,22.0,54.8
2026-06-07 05:58:14,DDU,Fog,0.62,5.25,0.3,21.8,75.3
2026-01-04 18:54:35,DDU,Rain,0.13,7.95,10.1,14.5,47.8
2026-04-24 17:59:51,DDU,Fog,0.54,5.16,0.3,22.2,71.3
2026-06-19 14:09:09,DDU,Fog,0.44,6.28,1.3,24.9,65.6
2026-06-11 04:20:32,DDU,Rain,0.27,6.82,5.7,25.5,24.7
2026-06-22 08:46:48,DDU,Rain,0.25,6.41,1.1,33.7,97.6
2026-01-01 22:46:04,DDU,Cloudy,0.26,8.14,0.8,22.2,77.4
2026-05-23 10:02:26,DDU,Clear,0.05,9.8,0.5,12.2,61.7
2026-05-14 23:10:43,DDU,Fog,0.63,4.82,1.4,14.7,77.2
2026-01-21 14:42:08,DDU,Clear,0.38,6.54,0.6,22.4,61.8
2026-01-04 13:28:38,DDU,Cloudy,0.52,5.5,0.1,35.0,86.1
2026-02-08 08:49:04,DDU,Clear,0.29,6.2,0.4,27.1,94.5
2026-05-07 07:23:27,DDU,Fog,0.72,4.32,0.9,14.6,55.4
2026-04-11 01:14:13,DDU,Clear,0.22,7.76,0.9,18.5,64.9
2026-02-19 23:28:09,DDU,Rain,0.29,6.47,4.3,43.0,74.8
2026-02-22 03:36:59,DDU,Clear,0.22,8.73,0.5,23.4,79.0
2026-02-08 16:13:52,DDU,Rain,0.38,4.98,16.3,16.0,75.8
2026-02-26 11:57:33,DDU,Fog,0.72,3.59,1.1,27.7,100.0
2026-03-18 07:52:53,DDU,Rain,0.23,7.33,14.3,13.8,67.9
2026-02-05 03:46:09,DDU,Clear,0.12,8.89,0.8,14.1,67.4
2026-05-25 22:15:05,DDU,Clear,0.48,5.43,0.4,28.8,46.3
2026-01-15 20:37:58,DDU,Clear,0.19,8.28,0.1,17.3,64.2
2026-03-11 05:28:13,DDU,Cloudy,0.15,8.18,0.7,11.6,38.9
2026-01-04 18:13:50,DDU,Clear,0.36,6.9,0.2,36.5,54.5
2026-05-28 09:28:18,DDU,Clear,0.2,8.42,0.9,28.2,71.7
2026-01-08 09:42:49,DDU,Fog,0.54,4.84,1.2,29.0,67.7
2026-03-22 05:19:19,DDU,Clear,0.49,6.02,1.1,16.9,85.8
2026-03-09 11:57:34,DDU,Cloudy,0.17,8.45,1.0,27.4,52.6
2026-06-05 09:34:23,DDU,Clear,0.58,4.39,0.4,18.3,68.3
2026-01-10 07:39:38,DDU,Cloudy,0.27,7.37,0.2,24.1,54.5
2026-01-01 04:47:30,DDU,Clear,0.14,8.75,0.3,21.2,42.5
2026-04-22 00:50:30,DDU,Fog,0.73,3.63,0.9,36.0,78.7
2026-02-14 12:26:53,DDU,Fog,0.48,5.66,1.2,25.1,59.2
2026-03-14 13:53:32,DDU,Clear,0.43,5.96,0.5,20.4,73.1
2026-06-01 23:32:07,DDU,Clear,0.51,4.64,1.3,29.7,66.9
2026-02-26 00:43:18,DDU,Cloudy,0.22,8.61,0.8,26.2,46.1
2026-02-06 22:52:47,DDU,Clear,0.4,6.38,0.7,25.4,56.6
2026-06-21 12:03:45,DDU,Clear,0.08,9.66,1.2,38.2,97.6
2026-02-27 07:25:00,DDU,Clear,0.09,9.55,0.2,20.9,86.4
2026-03-10 20:46:58,DDU,Rain,0.36,5.11,3.8,29.3,63.3
2026-03-26 19:55:26,DDU,Cloudy,0.34,6.92,0.8,32.7,31.1
2026-06-09 04:26:30,DDU,Fog,0.83,2.37,0.0,25.9,70.0
2026-03-23 18:19:21,DDU,Clear,0.17,8.4,1.0,34.2,52.6
2026-05-07 10:13:28,DDU,Clear,0.07,9.02,0.3,16.7,91.9
2026-01-08 05:33:50,DDU,Rain,0.36,6.56,15.7,27.9,80.4
2026-05-10 19:54:02,DDU,Cloudy,0.34,7.47,1.0,19.5,60.4
2026-05-27 09:38:50,DDU,Cloudy,0.25,7.48,0.2,5.7,48.7
2026-02-13 10:16:32,DDU,Fog,0.48,5.98,1.3,27.2,90.2
2026-03-26 10:35:58,DDU,Clear,0.12,8.7,0.4,15.8,69.9
2026-06-28 20:24:19,DDU,Clear,0.1,9.47,0.9,23.4,65.3
2026-04-08 06:47:17,DDU,Clear,0.45,5.51,0.9,35.4,82.6
2026-05-13 23:19:26,DDU,Clear,0.11,8.97,0.3,15.5,80.1
2026-03-08 07:33:49,DDU,Clear,0.13,9.16,0.7,29.9,60.8
2026-02-21 22:13:23,DDU,Fog,0.41,6.26,1.3,22.6,74.7
2026-03-05 19:21:18,DDU,Cloudy,0.21,9.11,0.5,15.0,90.8
2026-01-29 01:21:11,DDU,Clear,0.4,5.92,0.8,29.7,71.4
2026-02-26 15:08:08,DDU,Cloudy,0.28,7.03,0.5,29.5,24.6
2026-06-27 02:08:20,DDU,Cloudy,0.36,6.2,1.2,18.6,88.3
2026-06-23 02:19:15,DDU,Cloudy,0.59,5.03,0.4,24.3,26.8
2026-04-23 17:25:00,DDU,Clear,0.53,5.26,0.3,22.2,51.9
2026-02-08 11:08:22,DDU,Cloudy,0.35,8.29,0.9,25.3,73.9
2026-02-21 02:17:25,DDU,Clear,0.24,7.72,0.6,18.2,76.9
2026-06-12 01:05:02,DDU,Clear,0.6,4.87,0.8,13.0,76.1
2026-02-09 13:12:50,DDU,Clear,0.24,7.6,1.3,29.3,45.2
2026-06-11 11:16:46,DDU,Fog,0.62,4.58,0.6,35.4,62.6
2026-04-29 20:20:08,DDU,Clear,0.4,7.4,1.2,20.8,91.0
2026-06-19 19:27:14,DDU,Clear,0.59,4.13,1.3,22.7,67.7
2026-02-17 22:49:49,DDU,Rain,0.46,4.8,3.3,27.0,47.8
2026-03-21 20:30:04,DDU,Rain,0.65,3.61,3.6,17.1,65.5
2026-03-20 03:00:31,DDU,Clear,0.19,7.93,1.1,19.0,73.7
2026-06-13 17:54:05,DDU,Cloudy,0.2,8.5,0.1,22.2,62.0
2026-03-21 01:19:54,DDU,Clear,0.18,8.47,1.3,12.8,70.8
2026-05-16 19:29:13,DDU,Cloudy,0.29,7.71,0.8,24.8,38.8
2026-02-27 14:31:12,DDU,Cloudy,0.06,8.9,1.1,26.5,74.3
2026-04-23 01:08:41,DDU,Clear,0.31,8.16,0.0,34.5,64.0
2026-06-10 09:21:48,DDU,Clear,0.14,9.09,0.5,15.6,67.9
2026-01-14 13:51:14,DDU,Fog,0.55,4.82,1.3,19.6,58.4
2026-06-21 17:24:49,DDU,Clear,0.39,7.09,0.2,26.5,85.1
2026-04-27 11:35:47,DDU,Clear,0.08,9.48,1.2,39.9,69.9
2026-01-20 12:42:15,DDU,Clear,0.31,7.29,0.5,30.9,67.6
2026-05-18 17:52:00,DDU,Clear,0.36,6.45,0.1,33.1,67.4
2026-01-20 16:30:07,DDU,Fog,1.0,1.87,0.2,15.8,100.0
2026-05-02 23:25:46,DDU,Cloudy,0.15,8.0,1.0,16.1,57.4
2026-05-21 23:27:56,DDU,Clear,0.17,8.29,1.3,19.4,99.4
2026-03-04 16:48:30,DDU,Fog,0.69,4.7,1.4,26.8,100.0
2026-06-26 19:33:32,DDU,Clear,0.31,7.3,0.9,26.3,54.8
2026-04-06 21:27:05,DDU,Cloudy,0.21,7.95,0.6,41.1,85.6
2026-04-02 18:05:58,DDU,Rain,0.36,5.32,13.8,26.6,53.2
2026-01-31 20:28:41,DDU,Cloudy,0.31,7.42,1.1,20.1,58.2
2026-02-08 06:32:30,DDU,Clear,0.39,6.32,0.6,25.6,85.6
2026-05-23 10:43:11,DDU,Clear,0.01,10.64,1.3,14.3,44.9
2026-02-12 04:04:07,DDU,Clear,0.57,4.68,0.1,20.4,42.3
2026-05-06 19:50:48,DDU,Clear,0.16,8.05,0.3,15.9,69.9
2026-01-04 00:48:08,DDU,Rain,0.22,7.26,8.4,33.4,85.3
2026-03-03 09:33:57,DDU,Fog,1.0,1.73,0.3,28.3,58.4
2026-06-04 21:53:30,DDU,Fog,0.44,6.49,0.4,25.2,83.0
2026-06-29 01:22:46,DDU,Cloudy,0.35,7.17,0.5,22.8,77.5
2026-04-28 16:06:13,DDU,Cloudy,0.48,5.45,0.7,15.5,86.6
2026-05-15 21:35:49,DDU,Clear,0.14,8.38,1.2,29.9,100.0
2026-02-16 07:58:10,DDU,Cloudy,0.09,9.02,0.9,34.3,48.8
2026-02-05 06:32:13,DDU,Clear,0.27,7.31,0.5,15.8,84.4
2026-06-15 05:32:07,DDU,Clear,0.33,7.15,1.3,18.5,85.6
2026-05-29 23:55:20,DDU,Clear,0.38,7.56,1.1,24.9,48.1
2026-02-18 19:12:26,DDU,Cloudy,0.44,7.15,0.4,9.4,65.7
2026-06-06 01:04:52,DDU,Clear,0.8,2.59,0.2,29.3,80.4
2026-06-28 16:02:50,DDU,Clear,0.27,7.8,0.0,18.6,48.1
2026-01-02 06:49:51,DDU,Clear,0.13,9.09,0.7,28.5,36.6
2026-05-18 14:11:29,DDU,Clear,0.38,6.78,1.4,32.9,90.1
2026-06-13 19:12:45,DDU,Cloudy,0.16,8.49,0.4,22.6,85.2
2026-02-17 22:02:22,DDU,Clear,0.34,6.91,1.0,24.4,58.0
2026-01-30 14:42:28,DDU,Clear,0.18,8.22,1.3,25.4,100.0
2026-02-22 04:19:42,DDU,Cloudy,0.3,7.16,0.9,30.0,86.2
2026-01-22 04:00:49,DDU,Clear,0.31,8.0,0.4,36.9,76.0
2026-03-07 20:04:38,DDU,Clear,0.17,8.43,0.1,20.7,37.1
2026-03-11 03:43:12,DDU,Clear,0.27,7.73,0.2,13.4,75.0
2026-01-05 21:45:45,DDU,Rain,0.26,6.07,6.9,21.2,100.0
2026-03-15 00:15:52,DDU,Cloudy,0.12,8.46,0.1,27.5,34.0
2026-01-05 18:18:24,DDU,Cloudy,0.18,8.46,0.5,20.7,77.5
2026-06-06 05:02:01,DDU,Clear,0.25,8.18,0.5,13.4,90.7
2026-02-05 21:32:16,DDU,Cloudy,0.28,6.92,0.6,15.4,57.3
2026-01-11 02:16:07,DDU,Rain,0.39,5.13,13.6,31.3,99.2
2026-01-25 12:17:50,DDU,Fog,0.48,6.27,0.9,33.4,65.0
2026-04-18 14:02:14,DDU,Clear,0.64,4.65,1.1,15.8,60.5
2026-01-25 13:11:22,DDU,Fog,0.56,5.17,0.4,32.4,73.4
2026-05-29 11:01:25,DDU,Cloudy,0.26,8.23,0.8,19.5,48.0
2026-05-17 06:45:58,DDU,Clear,0.12,9.01,1.0,32.6,66.8
2026-03-11 15:55:37,DDU,Clear,0.23,8.22,0.3,22.9,37.3
2026-01-15 13:46:22,DDU,Clear,0.29,7.98,1.2,20.5,43.7
2026-02-09 22:37:23,DDU,Clear,0.37,7.66,1.0,14.9,100.0
2026-01-29 04:27:59,DDU,Cloudy,0.16,7.88,0.8,14.7,56.2
2026-05-18 17:41:00,DDU,Cloudy,0.66,4.18,0.3,30.0,96.7
2026-02-16 15:28:48,DDU,Fog,0.72,4.48,0.9,28.0,60.6
2026-06-30 14:27:47,DDU,Rain,0.12,8.59,4.7,26.7,76.9
2026-05-17 03:27:56,DDU,Clear,0.33,7.6,0.5,13.3,77.3
2026-06-06 19:39:33,DDU,Rain,0.07,7.73,5.4,24.8,71.9
2026-01-16 20:54:26,DDU,Rain,0.37,5.7,9.4,15.5,83.3
2026-02-05 09:28:48,DDU,Cloudy,0.21,8.45,1.0,35.1,20.0
2026-06-27 18:24:41,DDU,Clear,0.38,6.79,0.9,30.1,91.5
2026-04-21 22:08:59,DDU,Clear,0.14,8.54,1.2,32.9,46.5
2026-04-22 10:06:17,DDU,Clear,0.35,7.66,1.3,19.1,32.0
2026-02-17 14:55:28,DDU,Fog,0.9,2.07,0.2,5.8,43.2
2026-01-05 01:00:05,DDU,Cloudy,0.14,8.75,0.7,16.7,43.0
2026-01-02 07:16:39,DDU,Fog,0.89,2.64,0.3,21.1,48.8
2026-05-22 19:45:25,DDU,Rain,0.65,3.11,7.5,39.9,83.2
2026-04-05 05:07:39,DDU,Clear,0.29,7.62,0.5,29.4,61.2
2026-01-26 18:37:28,DDU,Clear,0.51,5.91,1.3,23.2,46.7
2026-03-13 05:58:02,DDU,Fog,0.44,5.99,0.1,30.4,44.4
2026-06-26 02:47:36,DDU,Clear,0.26,7.95,0.3,30.5,77.1
2026-02-28 17:55:58,DDU,Clear,0.22,8.0,1.0,23.9,53.2
2026-02-10 01:23:16,DDU,Clear,0.38,6.43,0.2,-0.2,50.7
2026-04-17 19:24:11,DDU,Cloudy,0.32,7.23,0.8,25.3,64.6
2026-01-07 22:39:58,DDU,Cloudy,0.04,9.59,0.6,33.8,53.8
2026-01-29 19:15:06,DDU,Cloudy,0.05,9.96,1.3,32.0,53.4
2026-05-20 21:25:13,DDU,Clear,0.33,7.49,1.4,12.8,63.0
2026-05-28 21:12:27,DDU,Clear,0.39,6.7,1.4,2.9,89.1
2026-03-19 20:27:54,DDU,Rain,0.38,5.17,11.6,22.7,72.5
2026-01-19 02:54:07,DDU,Cloudy,0.04,9.04,0.9,28.4,62.2
2026-01-26 12:33:09,DDU,Clear,0.09,8.37,0.7,15.3,37.1
2026-05-16 22:11:53,DDU,Clear,0.05,9.85,0.4,38.3,50.9
2026-01-05 11:59:08,DDU,Clear,0.43,6.33,1.1,38.6,54.9
2026-02-12 00:00:35,DDU,Clear,0.12,9.05,1.2,11.9,68.6
2026-01-26 02:33:31,DDU,Cloudy,0.39,7.03,0.8,15.5,69.2
2026-01-30 07:45:55,DDU,Clear,0.55,4.75,0.8,29.5,71.1
2026-06-22 12:29:49,DDU,Clear,0.2,8.22,0.3,23.6,95.0
2026-06-19 23:44:32,DDU,Rain,0.22,7.11,2.2,28.5,86.1
2026-06-21 07:45:00,DDU,Clear,0.68,4.69,1.4,38.5,92.6
2026-04-02 08:30:22,DDU,Cloudy,0.31,7.31,1.3,31.7,100.0
2026-03-12 07:18:20,DDU,Clear,0.22,8.15,0.1,32.7,43.7
2026-03-22 07:54:20,DDU,Clear,0.51,5.42,1.0,14.4,56.4
2026-02-08 12:37:39,DDU,Rain,0.43,4.41,12.2,31.7,47.0
2026-04-30 19:01:40,DDU,Clear,0.37,7.04,1.5,28.9,55.1
2026-03-08 00:49:20,DDU,Clear,0.44,6.51,0.3,35.4,76.7
2026-04-12 17:05:36,DDU,Fog,0.8,3.78,0.9,7.7,57.8
2026-02-25 11:52:46,DDU,Fog,0.65,4.11,0.7,13.4,93.6
2026-05-04 00:46:18,DDU,Clear,0.38,7.47,0.4,25.7,52.2
2026-03-26 12:07:05,DDU,Clear,0.27,7.5,0.2,14.3,43.9
2026-06-14 09:06:01,DDU,Clear,0.43,6.75,0.4,34.7,79.7
2026-01-09 09:49:12,DDU,Cloudy,0.38,5.92,1.5,36.0,70.5
2026-06-17 03:07:34,DDU,Rain,0.17,7.42,4.6,34.2,82.9
2026-01-23 22:49:29,DDU,Fog,0.8,3.56,1.3,25.2,100.0
2026-03-03 22:13:12,DDU,Clear,0.1,9.23,0.4,31.3,68.7
2026-04-16 00:45:38,DDU,Clear,0.22,7.86,0.5,26.9,52.7
2026-03-03 03:24:34,DDU,Clear,0.14,8.83,0.5,18.8,100.0
2026-05-13 01:55:30,DDU,Clear,0.06,9.68,0.9,38.0,71.4
2026-01-25 11:35:37,DDU,Rain,0.13,7.42,6.5,15.4,47.1
2026-05-03 07:49:46,DDU,Clear,0.5,5.43,1.0,10.7,80.2
2026-04-03 05:54:56,DDU,Clear,0.27,7.57,0.2,1.2,56.3
2026-04-16 07:16:33,DDU,Clear,0.39,6.51,1.1,14.1,71.8
2026-06-30 14:53:40,DDU,Fog,0.46,5.62,1.1,31.5,77.1
2026-03-22 11:51:09,DDU,Clear,0.51,6.2,1.3,23.3,79.0
2026-01-15 07:59:10,DDU,Rain,0.29,6.36,8.8,17.4,49.2
2026-04-23 07:05:11,DDU,Clear,0.18,8.87,1.3,29.6,65.9
2026-05-22 18:19:17,DDU,Cloudy,0.24,7.83,0.7,29.0,59.7
2026-01-31 11:40:58,DDU,Clear,0.5,5.77,0.5,13.5,74.5
2026-02-05 09:29:24,DDU,Rain,0.46,5.13,0.6,17.4,67.2
2026-01-06 14:27:36,DDU,Clear,0.11,9.67,0.3,18.9,46.5
2026-04-27 11:57:34,DDU,Clear,0.04,10.21,0.7,26.8,42.5
2026-03-23 12:32:53,DDU,Clear,0.37,7.17,0.0,19.2,90.2
2026-01-02 17:00:30,DDU,Fog,0.79,2.59,0.8,18.6,77.8
2026-06-12 01:52:54,DDU,Clear,0.12,8.67,0.3,19.1,76.7
2026-02-15 00:42:26,DDU,Clear,0.16,7.76,1.1,26.4,40.2
2026-06-10 06:58:52,DDU,Fog,0.53,5.42,0.0,18.3,61.9
2026-02-01 01:47:09,DDU,Fog,0.43,6.07,0.8,18.1,74.9
2026-05-12 23:21:08,DDU,Clear,0.82,3.35,1.2,37.7,69.8
2026-03-01 13:58:00,DDU,Cloudy,0.28,8.26,0.3,20.7,43.1
2026-03-26 20:17:01,DDU,Rain,0.11,7.43,14.2,32.8,42.2
2026-05-18 08:39:59,DDU,Clear,0.22,7.48,1.2,17.8,28.7
2026-05-14 19:50:42,DDU,Clear,0.27,7.29,0.6,40.5,73.2
2026-02-24 05:06:58,DDU,Clear,0.22,8.74,0.7,22.1,69.4
2026-01-16 19:23:41,DDU,Clear,0.22,7.5,0.3,20.6,100.0
2026-05-21 04:01:10,DDU,Clear,0.34,7.36,0.9,21.0,78.1
2026-03-20 05:08:35,DDU,Fog,1.0,1.08,1.5,8.0,90.5
2026-01-18 11:41:07,DDU,Clear,0.2,8.94,0.5,28.8,65.7
2026-01-09 06:42:39,DDU,Clear,0.31,8.33,0.6,22.9,92.2
2026-03-14 07:19:56,DDU,Cloudy,0.16,9.05,1.4,28.7,72.3
2026-02-25 16:29:05,DDU,Cloudy,0.13,8.58,0.2,20.4,62.9
2026-01-25 16:09:33,DDU,Rain,0.16,7.11,4.7,20.7,91.8
2026-05-17 20:46:45,DDU,Cloudy,0.31,7.53,0.7,38.1,87.8
2026-02-11 06:49:12,DDU,Clear,0.15,7.46,1.4,12.2,63.9
2026-06-20 14:02:54,DDU,Cloudy,0.24,8.28,1.2,33.2,65.2
2026-02-21 23:58:05,DDU,Clear,0.29,8.25,0.0,22.4,68.9
2026-01-02 06:56:49,DDU,Clear,0.41,6.61,0.3,21.7,61.2
2026-01-11 15:09:42,DDU,Clear,0.11,8.47,1.4,21.2,20.0
2026-02-22 13:50:11,DDU,Rain,0.3,6.78,20.8,19.8,57.3
2026-05-25 16:47:30,DDU,Cloudy,0.08,9.83,1.3,15.0,45.0
2026-01-20 21:23:07,DDU,Fog,0.61,4.78,0.6,11.3,89.0
2026-05-11 12:10:25,DDU,Clear,0.45,6.05,0.4,18.6,78.6
2026-06-19 01:06:06,DDU,Fog,0.5,5.97,1.0,21.3,55.3
2026-02-08 06:51:36,DDU,Clear,0.08,8.71,1.3,20.7,81.0
2026-04-26 10:40:15,DDU,Rain,0.16,6.91,12.7,33.8,80.3
2026-02-08 03:53:49,DDU,Clear,0.15,9.41,1.2,38.4,70.3
2026-02-08 04:11:55,DDU,Cloudy,0.39,6.0,0.3,20.5,40.1
2026-03-27 13:37:22,DDU,Rain,0.21,7.81,8.6,26.6,44.5
2026-06-18 22:50:49,DDU,Clear,0.38,5.8,1.2,4.7,56.5
2026-02-22 08:25:44,DDU,Clear,0.34,6.99,0.3,33.6,51.9
2026-03-08 14:01:09,DDU,Clear,0.11,8.4,0.3,28.3,76.7
2026-01-01 11:59:35,DDU,Clear,0.15,8.46,0.6,31.9,75.1
2026-05-26 04:21:31,DDU,Cloudy,0.17,7.83,1.0,43.0,93.0
2026-03-09 19:30:17,DDU,Clear,0.08,9.03,0.6,33.1,67.5
2026-03-19 22:30:42,DDU,Rain,0.56,4.53,12.1,25.0,78.9
2026-04-12 07:46:48,DDU,Rain,0.22,7.55,4.3,40.0,42.0
2026-03-02 03:48:38,DDU,Rain,0.2,7.23,12.2,21.4,85.0
2026-01-07 23:36:00,DDU,Fog,0.61,4.76,0.2,26.6,99.6
2026-04-15 18:08:22,DDU,Rain,0.14,7.93,1.0,30.1,68.3
2026-04-23 05:39:41,DDU,Cloudy,0.33,6.98,0.7,30.5,73.1
2026-05-20 21:28:47,DDU,Cloudy,0.05,9.45,1.4,19.7,40.9
2026-06-20 02:29:12,DDU,Rain,0.32,6.42,12.8,12.4,43.0
2026-05-07 20:40:44,DDU,Fog,0.44,6.04,0.8,25.5,88.4
2026-04-01 23:16:08,DDU,Cloudy,0.46,6.05,0.2,27.6,77.7
2026-02-02 19:00:04,DDU,Clear,0.42,6.81,1.5,28.2,52.6
2026-03-23 23:43:30,DDU,Clear,0.11,8.45,1.4,22.2,80.2
2026-04-27 11:36:13,DDU,Fog,0.65,4.11,1.1,38.7,68.1
2026-04-30 06:11:50,DDU,Rain,0.21,8.24,20.1,20.6,70.1
2026-06-15 16:01:00,DDU,Rain,0.54,3.99,9.6,36.5,81.4
2026-05-06 02:23:06,DDU,Clear,0.25,8.23,1.5,16.5,86.4
2026-05-15 02:16:14,DDU,Cloudy,0.24,8.68,1.3,23.6,86.9
2026-01-23 06:46:34,DDU,Clear,0.06,9.53,1.3,13.8,58.7
2026-06-20 23:49:44,DDU,Clear,0.31,7.51,0.9,22.4,52.9
2026-05-04 05:40:13,DDU,Clear,0.11,8.4,1.0,19.4,65.4
2026-05-23 06:03:44,DDU,Clear,0.13,9.35,1.0,7.6,100.0
2026-03-05 18:48:50,DDU,Clear,0.4,6.35,0.1,13.3,78.2
2026-04-27 22:08:41,DDU,Clear,0.62,5.15,1.2,34.6,57.3
2026-03-09 20:37:36,DDU,Cloudy,0.53,5.54,0.5,20.2,76.8
2026-05-27 12:35:29,DDU,Fog,0.61,4.81,0.3,25.6,78.6
2026-04-11 09:31:10,DDU,Rain,0.38,5.9,13.3,25.8,47.4
2026-05-20 05:49:16,DDU,Clear,0.75,4.13,1.4,25.2,61.2
2026-02-19 08:44:09,DDU,Fog,0.75,3.41,1.4,29.0,76.4
2026-03-14 14:00:58,DDU,Rain,0.31,6.87,4.0,18.9,62.6
2026-06-11 22:01:29,DDU,Rain,0.58,4.64,11.4,22.4,76.7
2026-03-12 10:02:04,DDU,Clear,0.58,5.52,0.5,21.9,87.1
2026-04-08 21:14:35,DDU,Cloudy,0.25,7.11,0.8,21.5,67.4
2026-04-22 02:14:01,DDU,Clear,0.55,4.91,1.4,28.6,40.6
2026-02-04 01:19:15,DDU,Cloudy,0.24,7.81,1.3,19.5,44.7
2026-01-13 13:11:08,DDU,Cloudy,0.16,8.4,0.9,27.7,78.2
2026-01-31 20:10:59,DDU,Clear,0.55,5.58,0.9,20.0,56.2
2026-05-01 18:28:10,DDU,Fog,0.48,6.56,0.3,19.4,42.2
2026-06-16 04:03:33,DDU,Fog,0.71,3.72,1.1,30.0,59.4
2026-05-25 17:04:03,DDU,Clear,0.18,7.95,1.1,17.1,65.0
2026-05-10 09:51:56,DDU,Clear,0.34,6.86,0.4,19.0,62.0
2026-01-26 02:57:27,DDU,Clear,0.43,6.38,0.7,31.1,59.1
2026-05-29 00:41:08,DDU,Clear,0.31,7.19,1.5,23.8,84.0
2026-03-15 10:08:00,DDU,Clear,0.25,8.16,0.0,24.9,65.8
2026-05-23 18:42:37,DDU,Cloudy,0.26,8.11,1.3,24.7,70.5
2026-06-19 02:41:30,DDU,Clear,0.6,5.43,1.4,30.0,91.6
2026-03-24 04:02:09,DDU,Cloudy,0.2,8.06,0.5,27.8,57.2
2026-02-02 19:30:47,DDU,Rain,0.31,6.26,6.1,21.9,100.0
2026-02-16 11:14:54,DDU,Clear,0.22,8.36,0.7,23.3,45.4
2026-05-03 13:08:02,DDU,Rain,0.13,7.86,9.6,38.8,99.8
2026-01-06 02:02:29,DDU,Cloudy,0.32,7.96,0.2,24.0,75.1
2026-04-12 09:35:32,DDU,Clear,0.49,6.73,0.0,25.1,94.7
2026-04-07 12:02:03,DDU,Fog,0.49,5.92,0.8,7.7,75.1
2026-04-30 13:42:59,DDU,Clear,0.08,9.69,0.3,28.2,56.5
2026-02-23 02:05:50,DDU,Clear,0.29,7.89,0.9,17.6,61.8
2026-02-23 18:41:53,DDU,Fog,0.78,2.55,0.9,24.2,34.5
2026-06-06 12:57:17,DDU,Clear,0.11,8.74,0.2,25.1,51.6
2026-05-11 01:11:22,DDU,Clear,0.2,7.97,0.7,22.0,58.6
2026-05-21 19:45:23,DDU,Clear,0.35,6.8,0.7,41.5,58.8
2026-03-04 09:25:13,DDU,Cloudy,0.32,7.44,1.0,14.6,59.4
2026-04-18 12:58:33,DDU,Rain,0.08,7.83,2.4,44.2,58.5
2026-06-04 01:02:24,DDU,Clear,0.23,8.07,0.2,34.2,84.9
2026-01-20 16:44:11,DDU,Rain,0.12,7.22,12.6,28.4,56.8
2026-02-21 11:08:07,DDU,Fog,0.79,3.85,0.8,19.1,50.0
2026-02-28 08:01:06,DDU,Clear,0.09,9.97,1.4,19.9,51.9
2026-06-07 15:22:41,DDU,Clear,0.42,6.62,0.2,9.7,97.0
2026-04-20 14:45:57,DDU,Clear,0.44,5.58,1.2,22.4,84.0
2026-05-08 15:03:49,DDU,Cloudy,0.25,8.44,1.3,23.5,79.2
2026-04-27 19:06:20,DDU,Cloudy,0.3,6.95,0.0,30.3,50.0
2026-02-28 19:18:00,DDU,Clear,0.55,4.82,1.5,34.6,76.0
2026-01-16 18:23:17,DDU,Clear,0.32,7.23,1.2,46.3,54.2
2026-01-28 02:37:59,DDU,Clear,0.24,7.64,1.3,15.7,72.5
2026-05-27 00:43:55,DDU,Cloudy,0.5,5.63,0.9,31.4,80.8
2026-04-25 09:09:38,DDU,Clear,0.22,8.2,0.3,21.2,48.9
2026-05-18 22:59:28,DDU,Cloudy,0.33,7.34,1.4,15.8,71.8
2026-03-22 12:21:55,DDU,Fog,0.41,6.12,1.1,28.1,56.0
2026-02-09 09:46:54,DDU,Rain,0.32,5.68,6.1,24.9,78.5
2026-01-29 21:38:47,DDU,Clear,0.15,9.57,0.9,16.4,55.1
2026-04-23 21:53:14,DDU,Cloudy,0.01,10.32,0.1,26.3,65.1
2026-06-26 16:49:40,DDU,Clear,0.19,9.09,0.6,31.4,77.2
2026-01-16 19:32:39,DDU,Clear,0.26,7.37,0.5,41.6,52.1
2026-06-06 07:03:15,DDU,Clear,0.16,8.65,0.5,27.5,92.2
2026-04-03 22:21:08,DDU,Clear,0.55,5.89,0.9,22.2,56.5
2026-03-18 03:01:57,DDU,Clear,0.21,8.59,0.6,9.0,89.1
2026-04-26 04:07:13,DDU,Fog,0.74,4.12,0.5,34.6,84.2
2026-01-18 03:46:23,DDU,Cloudy,0.06,9.64,1.1,27.6,60.8
2026-05-06 09:13:35,DDU,Fog,0.63,4.12,1.5,24.3,64.9
2026-01-12 13:05:34,DDU,Rain,0.2,6.9,1.0,26.7,56.3
2026-04-02 16:15:49,DDU,Clear,0.27,7.63,1.0,20.2,57.5
2026-03-25 09:25:02,DDU,Clear,0.21,7.06,1.1,25.1,92.0
2026-02-19 08:35:26,DDU,Clear,0.42,6.54,1.4,12.4,60.2
2026-04-17 13:17:50,DDU,Clear,0.33,7.13,1.0,23.7,56.2
2026-05-05 08:35:01,DDU,Clear,0.3,7.64,1.2,34.7,52.6
2026-02-12 18:01:45,DDU,Clear,0.31,7.21,1.2,34.1,37.6
2026-02-11 08:17:31,DDU,Clear,0.29,7.13,0.4,9.5,27.6
2026-06-06 17:20:38,DDU,Rain,0.17,7.1,10.5,24.4,95.7
2026-05-12 02:06:56,DDU,Rain,0.38,5.5,7.6,38.9,69.3
2026-04-16 03:51:02,DDU,Clear,0.22,8.2,1.5,12.6,64.4
2026-03-02 03:55:34,DDU,Clear,0.28,8.15,1.3,39.7,73.1
2026-06-19 08:52:09,DDU,Fog,0.45,6.39,0.2,28.5,68.0
2026-03-30 18:21:50,DDU,Clear,0.04,10.36,1.3,13.8,75.7
2026-02-20 04:58:05,DDU,Fog,1.0,1.14,0.1,15.6,69.9
2026-01-05 12:31:11,DDU,Rain,0.24,7.33,5.7,5.2,85.6
2026-02-03 06:07:15,DDU,Clear,0.63,4.62,0.1,22.9,96.9
2026-03-20 13:32:14,DDU,Rain,0.19,6.3,4.4,20.2,64.8
2026-02-17 02:05:44,DDU,Clear,0.19,9.23,0.1,8.2,88.3
2026-01-14 12:33:15,DDU,Cloudy,0.49,6.04,0.3,19.2,42.5
2026-06-12 17:41:05,DDU,Clear,0.23,8.39,0.2,35.7,58.2
2026-06-20 15:16:03,DDU,Clear,0.11,9.32,0.4,22.2,80.1
2026-04-14 00:28:28,DDU,Clear,0.22,8.52,0.7,27.3,63.7
2026-05-07 12:54:34,DDU,Cloudy,0.43,6.17,0.1,16.6,86.1
2026-06-28 03:44:30,DDU,Cloudy,0.43,6.0,1.2,27.4,55.5
2026-05-15 21:43:36,DDU,Cloudy,0.6,5.25,0.3,28.6,48.0
2026-02-15 23:43:15,DDU,Cloudy,0.29,6.93,0.4,33.8,33.8
2026-06-19 16:41:16,DDU,Clear,0.39,6.29,0.5,20.1,62.7
2026-03-14 08:16:05,DDU,Cloudy,0.54,5.87,0.6,30.2,72.7
2026-04-27 00:19:18,DDU,Clear,0.22,8.35,1.2,19.9,78.2
2026-06-17 06:34:11,DDU,Clear,0.3,6.97,0.4,18.2,91.3
2026-04-26 00:24:42,DDU,Fog,0.63,5.41,0.1,33.4,73.9
2026-03-31 23:54:58,DDU,Rain,0.3,6.95,7.5,16.0,86.5
2026-06-30 02:19:08,DDU,Rain,0.2,7.64,3.7,21.7,67.2
2026-01-24 22:55:49,DDU,Clear,0.44,6.64,0.2,26.4,54.6
2026-03-10 15:44:52,DDU,Clear,0.47,5.79,0.3,37.1,54.2
2026-06-27 02:03:29,DDU,Clear,0.14,9.82,0.9,35.3,51.0
2026-03-25 03:34:57,DDU,Clear,0.06,9.81,0.3,26.5,61.8
2026-04-21 19:33:24,DDU,Clear,0.23,8.63,0.0,18.9,83.4
2026-05-15 04:42:32,DDU,Clear,0.05,8.86,0.5,22.4,68.3
2026-05-29 13:48:20,DDU,Clear,0.49,5.89,0.6,26.4,74.5
2026-01-23 08:00:37,DDU,Clear,0.24,8.17,0.8,30.4,75.8
2026-04-04 20:27:47,DDU,Rain,0.06,8.11,3.2,28.8,77.8
2026-04-16 04:48:32,DDU,Rain,0.05,8.74,1.9,42.5,30.5
2026-04-26 20:25:05,DDU,Rain,0.42,4.76,6.9,30.8,60.6
2026-02-06 12:53:31,DDU,Clear,0.16,8.92,1.1,12.3,42.8
2026-04-09 19:55:00,DDU,Fog,0.81,3.32,0.4,8.3,89.3
2026-01-19 11:51:53,DDU,Rain,0.21,7.07,6.4,27.1,45.5
2026-04-27 04:19:11,DDU,Cloudy,0.23,7.84,1.2,18.6,94.4
2026-05-23 06:10:04,DDU,Rain,0.22,6.62,9.1,37.5,48.2
2026-06-22 00:45:18,DDU,Cloudy,0.55,5.01,0.8,20.9,70.4
2026-06-28 08:21:40,DDU,Clear,0.49,6.25,0.9,47.7,68.4
2026-04-02 22:40:18,DDU,Cloudy,0.39,6.52,1.3,28.1,72.6
2026-03-26 10:29:33,DDU,Clear,0.44,5.5,1.4,9.4,32.3
2026-02-07 03:52:16,DDU,Clear,0.36,7.06,0.1,22.6,63.5
2026-03-03 09:58:59,DDU,Clear,0.46,6.41,0.1,13.9,78.4
2026-01-07 11:38:39,DDU,Rain,0.21,7.52,2.7,27.3,68.2
2026-02-10 12:51:06,DDU,Cloudy,0.29,7.51,1.2,31.8,61.1
2026-01-04 19:51:08,DDU,Clear,0.23,8.14,1.0,10.6,89.5
2026-04-09 07:04:46,DDU,Cloudy,0.51,5.34,0.8,14.5,96.9
2026-06-13 10:25:38,DDU,Fog,0.54,4.88,0.7,18.2,59.7
2026-05-06 22:38:15,DDU,Cloudy,0.13,8.99,1.2,35.0,59.9
2026-05-21 01:16:20,DDU,Rain,0.54,4.55,2.2,30.4,76.2
2026-03-14 01:12:35,DDU,Clear,0.11,9.3,0.4,30.2,74.7
2026-01-07 00:05:20,DDU,Clear,0.35,6.69,0.2,18.4,67.0
2026-04-25 02:11:54,DDU,Cloudy,0.14,8.73,0.7,37.1,47.0
2026-01-16 03:59:14,DDU,Fog,0.71,4.05,1.3,31.4,61.4
2026-01-11 04:58:36,DDU,Rain,0.13,7.83,6.3,32.6,43.7
2026-05-27 21:21:09,DDU,Clear,0.46,6.32,0.3,18.2,63.3
2026-04-25 19:50:51,DDU,Clear,0.61,5.08,1.2,12.0,59.8
2026-01-22 20:34:21,DDU,Clear,0.26,7.18,1.5,23.9,100.0
2026-01-03 23:51:26,DDU,Clear,0.21,8.25,0.8,4.5,42.2
2026-03-30 12:28:57,DDU,Rain,0.33,6.03,6.6,20.7,56.1
2026-03-11 02:52:48,DDU,Clear,0.4,6.5,0.0,16.6,59.9
2026-01-28 01:20:45,DDU,Cloudy,0.57,4.71,1.3,19.5,100.0
2026-05-01 02:30:21,DDU,Clear,0.13,8.41,1.3,20.8,59.5
2026-01-17 15:09:09,DDU,Clear,0.31,7.41,0.3,26.0,54.7
2026-04-20 09:37:38,DDU,Fog,0.79,2.9,0.7,25.5,73.7
2026-04-20 15:39:00,DDU,Clear,0.26,7.47,1.5,29.6,62.4
2026-03-13 19:25:00,DDU,Clear,0.11,8.87,0.0,31.3,62.0
2026-06-29 13:44:04,DDU,Rain,0.58,4.42,5.5,32.3,45.7
2026-02-20 19:15:53,DDU,Clear,0.44,5.84,0.3,31.8,59.5
2026-01-16 02:09:42,DDU,Cloudy,0.57,4.63,0.9,17.0,75.8
2026-02-21 22:16:31,DDU,Clear,0.46,5.58,1.4,23.1,69.9
2026-03-26 08:39:42,DDU,Cloudy,0.11,8.77,1.4,13.4,20.0
2026-03-16 01:54:31,DDU,Clear,0.06,9.65,1.1,28.7,79.6
2026-03-31 13:23:16,DDU,Clear,0.29,8.85,0.9,14.6,60.8
2026-04-25 10:51:05,DDU,Clear,0.42,6.75,0.2,22.9,56.7
2026-06-03 20:45:35,DDU,Rain,0.27,6.84,3.9,4.7,52.4
2026-03-20 13:11:08,DDU,Cloudy,0.15,8.98,0.5,11.4,23.9
2026-02-02 17:55:25,DDU,Clear,0.34,7.02,1.2,15.9,66.7
2026-04-22 15:20:37,DDU,Clear,0.13,8.86,0.0,19.7,36.4
2026-02-08 05:28:34,DDU,Cloudy,0.22,8.41,1.4,27.1,95.9
2026-04-01 21:58:47,DDU,Clear,0.48,5.14,0.9,16.2,93.7
2026-02-03 15:36:15,DDU,Clear,0.26,7.6,1.2,15.4,66.9
2026-02-14 10:18:54,DDU,Clear,0.56,4.98,1.1,25.5,48.0
2026-04-16 00:46:00,DDU,Clear,0.2,7.8,0.4,21.5,65.6
2026-01-16 02:17:16,DDU,Clear,0.2,7.78,0.7,38.7,78.5
2026-03-14 19:19:01,DDU,Cloudy,0.31,7.51,0.6,27.9,76.2
2026-05-29 17:06:15,DDU,Clear,0.14,9.18,0.0,28.7,57.1
2026-06-16 12:33:43,DDU,Clear,0.23,8.69,0.8,27.4,77.4
2026-01-11 10:37:44,DDU,Clear,0.14,8.33,0.6,25.4,50.9
2026-06-16 08:59:01,DDU,Clear,0.11,9.78,0.3,29.5,47.8
2026-05-04 20:35:19,DDU,Cloudy,0.23,8.5,1.4,36.1,71.5
2026-02-28 14:00:48,DDU,Clear,0.19,8.34,1.3,11.7,40.4
2026-04-14 22:12:56,DDU,Fog,0.64,4.16,0.3,33.0,98.6
2026-03-06 13:10:17,DDU,Cloudy,0.29,7.02,0.0,20.1,84.2
2026-06-24 19:14:39,DDU,Fog,0.55,4.89,1.1,13.6,54.5
2026-01-21 03:11:14,DDU,Clear,0.22,8.06,0.8,25.6,73.2
2026-05-01 05:44:03,DDU,Clear,0.19,8.61,1.1,28.1,55.3
2026-06-26 23:49:32,DDU,Rain,0.3,7.47,13.5,16.8,55.5
2026-03-02 17:35:24,DDU,Clear,0.36,6.59,0.9,25.4,78.5
2026-01-29 14:54:08,DDU,Cloudy,0.48,4.9,1.1,13.2,100.0
2026-05-22 12:48:44,DDU,Clear,0.17,8.27,1.3,34.6,66.3
2026-06-02 20:01:27,DDU,Clear,0.04,8.91,1.0,25.2,81.4
2026-03-11 21:24:10,DDU,Cloudy,0.03,9.98,0.5,26.8,80.9
2026-01-23 14:23:42,DDU,Cloudy,0.22,8.76,0.8,17.3,44.7
2026-06-04 18:18:39,DDU,Cloudy,0.56,4.87,1.5,35.5,99.5
2026-02-14 10:55:35,DDU,Clear,0.25,8.59,0.3,32.9,50.4
2026-04-29 02:10:19,DDU,Clear,0.26,8.33,1.1,25.5,100.0
2026-01-22 00:11:28,DDU,Rain,0.44,5.34,2.1,31.7,75.0
2026-02-02 06:35:12,DDU,Clear,0.31,7.18,1.0,17.3,75.8
2026-04-16 02:52:58,DDU,Fog,0.56,5.23,1.1,43.0,85.7
2026-03-15 10:42:43,DDU,Clear,0.17,7.82,1.2,36.3,58.6
2026-01-12 15:51:40,DDU,Clear,0.69,4.26,0.7,24.3,55.4
2026-04-07 16:59:24,DDU,Clear,0.33,7.42,0.3,16.3,72.2
2026-04-02 04:12:06,DDU,Fog,0.78,2.79,1.0,24.2,72.2
2026-03-10 19:49:19,DDU,Clear,0.06,9.73,0.1,26.3,46.7
2026-01-30 02:46:35,DDU,Clear,0.05,9.53,0.7,19.9,49.4
2026-06-20 14:00:25,DDU,Rain,0.1,8.21,2.7,36.0,47.2
2026-01-10 04:07:33,DDU,Clear,0.56,6.05,0.1,13.0,58.7
2026-03-11 06:37:24,DDU,Rain,0.48,4.79,2.0,25.3,60.5
2026-02-20 14:56:22,DDU,Cloudy,0.25,7.35,0.6,33.1,97.4
2026-03-22 13:25:42,DDU,Clear,0.09,10.14,0.6,25.7,79.4
2026-04-05 20:05:43,DDU,Clear,0.09,8.83,1.0,31.3,56.7
2026-04-24 09:59:26,DDU,Clear,0.09,9.38,0.0,18.7,78.9
2026-06-13 14:19:54,DDU,Rain,0.18,7.11,12.2,15.2,63.4
2026-02-10 17:35:13,DDU,Fog,0.87,3.06,1.4,14.9,63.1
2026-06-08 18:27:23,DDU,Cloudy,0.26,7.82,0.5,18.1,82.5
2026-05-09 22:39:51,DDU,Clear,0.57,4.33,0.2,17.8,63.1
2026-01-17 18:06:53,DDU,Clear,0.18,8.71,0.0,27.2,81.6
2026-01-24 11:05:20,DDU,Clear,0.13,9.14,0.2,26.1,94.3
2026-05-24 09:05:11,DDU,Clear,0.36,7.54,1.0,32.8,76.2
2026-05-03 09:02:37,DDU,Fog,0.82,3.23,1.3,14.3,75.9
2026-06-19 00:35:09,DDU,Clear,0.31,6.99,0.6,25.4,63.0
2026-04-11 01:19:08,DDU,Clear,0.16,8.84,0.1,29.1,45.9
2026-02-03 21:05:54,DDU,Clear,0.19,8.44,0.3,12.1,76.9
2026-01-04 11:45:24,DDU,Clear,0.25,8.28,1.0,25.6,25.1
2026-01-04 07:21:13,DDU,Cloudy,0.29,6.84,1.3,16.2,66.0
2026-05-14 14:28:14,DDU,Clear,0.1,8.69,1.0,22.7,84.2
2026-04-01 22:38:59,DDU,Rain,0.16,7.65,9.2,30.8,27.4
2026-01-04 23:48:56,DDU,Clear,0.16,9.78,1.1,21.2,74.9
2026-01-29 16:56:08,DDU,Fog,0.42,6.23,0.5,31.4,77.8
2026-02-05 23:26:01,DDU,Clear,0.28,8.03,1.1,20.8,56.9
2026-06-26 14:39:47,DDU,Clear,0.09,8.61,1.5,29.1,83.1
2026-04-22 06:35:20,DDU,Clear,0.52,6.47,0.6,38.0,88.6
2026-04-25 04:13:42,DDU,Clear,0.33,7.24,1.4,5.4,86.2
2026-01-11 03:09:39,DDU,Clear,0.23,7.93,0.3,19.3,66.7
2026-03-12 17:52:40,DDU,Clear,0.16,8.47,1.1,19.4,27.5
2026-02-04 23:04:50,DDU,Clear,0.59,4.72,0.0,5.5,85.2
2026-02-12 21:27:34,DDU,Cloudy,0.51,5.45,1.4,28.5,94.9
2026-03-02 03:11:28,DDU,Clear,0.15,8.04,1.4,17.0,58.8
2026-03-18 02:10:56,DDU,Clear,0.21,7.24,1.5,29.1,77.9
2026-02-19 20:43:18,DDU,Cloudy,0.44,6.9,0.2,25.3,72.7
2026-04-01 20:22:12,DDU,Clear,0.13,8.1,0.5,16.8,23.6
2026-04-13 14:44:38,DDU,Fog,0.71,3.94,0.4,23.6,81.5
2026-02-17 12:02:17,DDU,Cloudy,0.2,8.58,1.1,12.6,37.2
2026-02-23 08:07:09,DDU,Clear,0.24,8.52,1.5,13.1,53.9
2026-06-14 02:24:38,DDU,Clear,0.08,9.26,1.3,26.5,67.3
2026-03-18 04:07:26,DDU,Clear,0.26,8.3,1.2,15.2,55.6
2026-04-28 11:13:15,DDU,Clear,0.33,7.41,0.9,30.9,45.9
2026-01-02 15:05:15,DDU,Cloudy,0.11,9.0,0.3,23.5,57.2
2026-05-01 01:11:40,DDU,Fog,0.69,3.3,0.5,27.7,83.6
2026-05-30 04:47:37,DDU,Rain,0.16,7.45,11.9,26.9,92.2
2026-05-05 15:52:23,DDU,Fog,0.38,6.84,0.8,25.5,68.5
2026-03-16 00:57:02,DDU,Clear,0.21,8.31,1.5,21.9,56.6
2026-05-26 00:06:21,DDU,Clear,0.34,6.97,0.7,32.0,42.8
2026-01-27 17:30:36,DDU,Cloudy,0.46,6.49,1.2,25.4,82.9
2026-03-25 22:16:11,DDU,Cloudy,0.34,7.01,1.3,18.4,68.6
2026-02-14 20:55:42,DDU,Clear,0.39,6.06,1.4,17.7,51.1
2026-04-13 09:02:48,DDU,Cloudy,0.33,7.85,0.9,25.8,48.4
2026-05-05 03:00:07,DDU,Rain,0.48,5.17,8.8,36.8,89.1
2026-01-15 10:31:06,DDU,Clear,0.46,6.47,1.4,20.6,68.8
2026-04-01 18:11:12,DDU,Cloudy,0.35,7.56,0.5,15.3,63.6
2026-05-18 05:46:57,DDU,Clear,0.24,7.94,1.1,14.5,43.0
2026-06-24 22:46:44,DDU,Clear,0.18,8.45,0.4,19.9,69.9
2026-01-04 03:48:06,DDU,Fog,0.74,3.66,0.7,23.2,88.6
2026-01-23 00:29:11,DDU,Clear,0.61,4.47,0.1,26.4,69.0
2026-05-22 03:10:53,DDU,Clear,0.05,9.6,0.7,34.7,74.9
2026-05-16 18:48:42,DDU,Rain,0.41,5.23,3.5,21.3,57.4
2026-01-07 18:02:06,DDU,Cloudy,0.2,7.82,0.5,27.9,70.1
2026-06-17 17:04:27,DDU,Clear,0.22,7.73,0.7,33.0,73.3
2026-01-28 14:32:48,DDU,Rain,0.43,5.36,8.6,27.0,46.8
2026-03-29 08:18:41,DDU,Cloudy,0.51,5.25,0.1,19.0,67.5
2026-01-27 13:20:57,DDU,Fog,0.92,1.98,0.2,28.7,84.5
2026-06-27 17:05:52,DDU,Clear,0.33,7.03,1.2,15.1,81.2
2026-04-13 02:27:56,DDU,Cloudy,0.32,6.81,1.4,29.3,90.3
2026-06-10 03:31:04,DDU,Clear,0.6,5.31,0.7,26.4,60.2
2026-06-14 23:28:36,DDU,Cloudy,0.07,9.69,0.1,7.5,47.6
2026-03-20 11:30:41,DDU,Clear,0.32,6.59,1.4,19.6,43.0
2026-02-15 19:02:58,DDU,Clear,0.42,6.66,0.7,30.6,68.8
2026-01-25 08:37:36,DDU,Clear,0.3,7.58,0.3,29.1,53.6
2026-04-16 01:36:04,DDU,Clear,0.31,7.15,0.4,25.6,58.7
2026-02-19 07:10:06,DDU,Clear,0.37,7.95,0.7,22.9,72.3
2026-04-18 00:39:33,DDU,Cloudy,0.5,5.62,1.1,33.9,85.6
2026-05-04 03:31:10,DDU,Clear,0.46,6.17,1.2,26.6,76.1
2026-04-19 23:11:36,DDU,Clear,0.74,4.24,0.9,40.1,84.7
2026-01-30 21:33:14,DDU,Cloudy,0.32,8.12,0.9,26.4,69.7
2026-04-21 14:01:33,DDU,Clear,0.15,8.44,0.9,29.9,58.4
2026-02-09 09:20:58,DDU,Clear,0.15,8.41,0.9,28.0,41.2
2026-03-04 14:56:06,DDU,Fog,0.8,3.15,0.9,28.6,81.8
2026-04-25 15:12:05,DDU,Clear,0.23,8.36,1.3,20.6,77.0
2026-03-10 21:34:41,DDU,Rain,0.31,6.54,5.7,21.7,100.0
2026-05-09 19:45:56,DDU,Fog,0.95,2.51,0.4,34.4,100.0
2026-01-02 10:37:24,DDU,Clear,0.52,6.13,1.0,12.7,46.9
2026-03-13 00:31:28,DDU,Clear,0.27,7.58,0.3,28.8,65.5
2026-03-08 08:38:09,DDU,Clear,0.25,8.31,0.8,32.0,76.5
2026-05-28 03:14:46,DDU,Fog,0.85,2.45,0.7,30.6,94.6
2026-04-18 16:15:03,DDU,Clear,0.39,7.21,1.4,19.9,70.5
2026-03-10 00:50:52,DDU,Clear,0.58,4.78,0.9,13.0,64.2
2026-03-10 15:29:32,DDU,Rain,0.31,6.2,1.4,29.9,82.2
2026-03-15 09:48:36,DDU,Clear,0.26,7.47,0.8,49.7,60.4
2026-06-07 05:52:11,DDU,Clear,0.14,8.79,1.1,18.9,29.7
2026-02-17 07:28:12,DDU,Rain,0.08,8.27,9.7,14.6,41.9
2026-04-13 04:15:22,DDU,Clear,0.32,6.81,0.2,36.4,87.3
2026-02-10 15:26:20,DDU,Clear,0.23,8.63,0.6,29.9,80.2
2026-05-24 02:18:00,DDU,Cloudy,0.41,7.38,1.5,27.4,57.7
2026-04-24 03:07:18,DDU,Clear,0.24,8.0,1.1,20.1,57.0
2026-06-29 13:05:20,DDU,Clear,0.19,8.76,1.3,19.4,27.1
2026-04-30 00:38:48,DDU,Fog,0.63,5.71,0.6,32.1,100.0
2026-03-07 13:32:58,DDU,Clear,0.27,8.38,1.1,27.4,44.3
2026-03-21 00:22:49,DDU,Clear,0.32,7.38,0.0,21.2,66.5
2026-03-09 14:04:13,DDU,Rain,0.05,8.3,6.4,20.6,49.2
2026-05-14 17:11:55,DDU,Rain,0.12,7.58,12.9,20.1,34.2
2026-04-10 02:09:45,DDU,Rain,0.57,3.43,9.7,22.9,65.6
2026-06-30 21:48:56,DDU,Clear,0.35,6.21,0.2,13.0,30.0
2026-06-23 20:47:56,DDU,Rain,0.41,4.74,13.3,10.1,61.1
2026-04-09 12:48:51,DDU,Clear,0.28,7.83,0.9,25.4,53.8
2026-01-15 09:31:57,DDU,Rain,0.24,7.13,5.7,18.8,61.5
2026-04-30 13:38:49,DDU,Clear,0.43,6.21,0.8,21.4,65.9
2026-03-18 03:43:58,DDU,Clear,0.58,4.49,0.3,22.8,67.1
2026-06-02 08:24:51,DDU,Clear,0.07,9.82,0.2,32.5,23.7
2026-01-31 09:06:36,DDU,Rain,0.71,3.21,14.0,29.4,80.4
2026-06-29 07:26:13,DDU,Rain,0.09,8.13,14.3,19.5,44.2
2026-06-14 23:33:41,DDU,Fog,0.62,4.17,0.5,21.1,88.0
2026-03-19 05:46:14,DDU,Cloudy,0.25,7.5,0.4,17.7,66.1
2026-01-03 09:47:58,DDU,Clear,0.43,7.21,0.3,32.3,87.0
2026-03-03 22:45:34,DDU,Clear,0.1,8.46,0.3,21.0,62.3
2026-03-12 20:56:31,DDU,Clear,0.25,7.94,1.1,24.7,79.5
2026-06-09 11:39:06,DDU,Clear,0.35,6.69,0.4,27.6,67.7
2026-05-09 20:52:09,DDU,Clear,0.59,4.32,0.3,31.3,94.3
2026-06-20 20:30:06,DDU,Fog,0.99,1.9,1.3,30.2,78.1
2026-01-30 21:35:11,DDU,Cloudy,0.23,7.62,0.2,27.2,99.5
2026-04-20 12:55:32,DDU,Cloudy,0.29,7.73,0.4,22.9,58.1
2026-04-22 13:19:33,DDU,Clear,0.07,9.12,0.5,26.8,57.0
2026-06-20 03:04:21,DDU,Clear,0.33,6.95,0.0,30.9,68.0
2026-05-01 01:06:58,DDU,Cloudy,0.1,9.12,0.2,24.1,84.7
2026-01-26 02:44:28,DDU,Clear,0.11,9.79,1.2,8.9,37.0
2026-01-03 18:09:57,DDU,Clear,0.6,5.28,1.1,20.2,74.6
2026-02-14 04:30:36,DDU,Fog,0.76,3.07,1.3,26.3,70.6
2026-02-08 20:51:25,DDU,Rain,0.06,9.14,4.9,26.2,20.7
2026-06-24 20:03:58,DDU,Cloudy,0.46,5.34,0.6,35.5,59.7
2026-05-20 13:42:33,DDU,Clear,0.29,6.94,0.6,23.5,60.1
2026-04-13 01:33:00,DDU,Clear,0.07,9.24,0.9,21.6,69.6
2026-06-25 16:07:19,DDU,Cloudy,0.15,7.95,0.0,24.4,30.8
2026-06-16 04:56:31,DDU,Rain,0.31,5.53,2.3,31.4,66.5
2026-04-24 19:34:06,DDU,Rain,0.22,6.85,6.4,23.8,85.5
2026-06-20 13:50:49,DDU,Fog,0.76,3.21,0.3,32.7,58.0
2026-06-25 23:33:28,DDU,Clear,0.59,4.94,1.4,27.7,60.1
2026-03-23 19:40:57,DDU,Cloudy,0.15,8.84,0.8,25.4,70.4
2026-01-19 13:25:35,DDU,Cloudy,0.65,4.29,0.4,21.3,81.4
2026-01-30 22:42:39,DDU,Clear,0.44,6.32,0.4,14.1,50.6
2026-06-18 03:53:40,DDU,Clear,0.26,8.13,0.2,21.9,37.0
2026-04-01 11:08:36,DDU,Clear,0.39,6.22,0.3,24.9,94.0
2026-01-17 18:54:49,DDU,Cloudy,0.62,4.55,0.7,25.0,95.5
2026-02-24 21:02:27,DDU,Clear,0.35,6.81,1.5,46.1,67.3
2026-04-06 09:25:16,DDU,Clear,0.27,7.6,1.2,18.6,92.2
2026-03-19 08:49:05,DDU,Clear,0.25,8.89,0.1,21.0,86.2
2026-02-15 01:38:41,DDU,Fog,0.7,3.86,0.5,34.5,56.2
2026-01-04 00:22:31,DDU,Clear,0.15,8.48,1.3,17.9,44.8
2026-01-19 07:33:29,DDU,Clear,0.36,7.1,1.2,14.7,85.9
2026-04-25 18:15:49,DDU,Clear,0.22,8.62,0.0,21.1,87.2
2026-03-15 14:28:58,DDU,Cloudy,0.17,8.06,0.4,18.8,64.5
2026-03-18 04:40:14,DDU,Clear,0.06,9.32,0.6,35.1,31.3
2026-06-27 03:18:29,DDU,Cloudy,0.07,9.07,0.7,14.0,79.8
2026-05-11 00:30:23,DDU,Clear,0.3,7.4,0.4,24.9,35.9
2026-04-05 10:08:39,DDU,Cloudy,0.51,6.29,1.4,28.5,53.5
2026-02-02 10:09:27,DDU,Clear,0.2,8.02,0.1,26.6,55.8
2026-01-07 01:55:21,DDU,Fog,0.44,6.39,0.8,28.2,71.4
2026-02-21 23:37:41,DDU,Fog,0.8,3.26,0.7,31.0,65.8
2026-05-06 10:20:41,DDU,Clear,0.2,8.38,0.3,15.3,84.1
2026-01-09 15:05:58,DDU,Cloudy,0.18,8.4,1.1,23.2,64.4
2026-02-12 10:30:34,DDU,Clear,0.17,7.92,0.6,22.7,94.8
2026-02-03 19:21:02,DDU,Clear,0.24,9.08,0.1,27.7,56.8
2026-01-19 03:39:14,DDU,Fog,0.48,6.33,0.3,21.1,51.5
2026-02-11 16:08:52,DDU,Clear,0.33,6.71,0.4,14.9,60.1
2026-02-09 05:37:56,DDU,Clear,0.08,9.68,0.1,27.1,58.0
2026-01-02 01:29:39,DDU,Clear,0.3,7.32,1.4,7.2,77.1
2026-02-15 03:54:34,DDU,Rain,0.5,4.53,9.9,28.8,86.2
2026-01-25 09:21:11,DDU,Cloudy,0.19,8.39,1.2,43.7,62.6
2026-01-16 13:20:15,DDU,Clear,0.16,8.3,0.3,16.1,21.6
2026-01-21 20:31:55,DDU,Clear,0.1,9.43,0.1,16.4,55.7
2026-01-25 09:08:02,DDU,Cloudy,0.21,8.29,0.8,36.0,40.1
2026-02-08 06:44:56,DDU,Clear,0.19,8.48,1.5,28.7,62.7
2026-03-17 11:45:01,DDU,Clear,0.19,8.8,0.5,21.6,75.6
2026-06-13 23:39:44,DDU,Clear,0.22,8.22,1.0,28.2,87.4
2026-04-26 16:50:43,DDU,Fog,0.63,4.77,0.6,25.0,56.4
2026-01-05 09:46:33,DDU,Cloudy,0.17,9.37,0.2,24.9,72.6
2026-01-18 01:03:36,DDU,Cloudy,0.42,6.19,1.5,23.7,91.2
2026-01-08 01:51:49,DDU,Cloudy,0.19,8.44,1.4,42.2,68.2
2026-05-01 17:08:45,DDU,Fog,0.8,3.34,0.2,31.5,84.7
2026-06-25 19:28:13,DDU,Fog,0.4,6.65,0.9,37.6,34.0
2026-04-14 08:15:34,DDU,Cloudy,0.33,7.48,1.3,17.3,100.0
2026-01-27 04:41:59,DDU,Clear,0.1,9.51,1.0,17.3,74.5
2026-02-10 03:59:46,DDU,Cloudy,0.13,8.89,1.2,25.5,45.9
2026-03-06 13:15:56,DDU,Fog,0.53,5.12,0.4,11.5,96.4
2026-03-04 03:44:26,DDU,Clear,0.18,8.46,0.9,13.1,49.6
2026-03-12 13:06:24,DDU,Clear,0.33,7.59,0.1,29.4,48.7
2026-06-24 18:58:29,DDU,Clear,0.52,5.9,0.7,26.5,87.8
2026-06-25 04:18:08,DDU,Clear,0.38,6.78,0.2,9.5,49.2
2026-06-04 13:34:14,DDU,Clear,0.16,8.23,1.1,29.4,80.5
2026-02-24 06:40:14,DDU,Clear,0.15,8.67,0.2,31.3,75.4
2026-05-06 14:33:43,DDU,Rain,0.29,7.01,4.6,15.7,76.9
2026-03-28 12:58:52,DDU,Clear,0.29,7.46,0.6,16.0,83.5
2026-05-16 09:14:14,DDU,Clear,0.58,5.44,0.7,29.7,49.2
2026-03-15 02:51:49,DDU,Clear,0.05,9.32,1.3,23.2,47.8
2026-03-12 03:08:11,DDU,Clear,0.05,9.44,0.8,4.6,88.8
2026-01-29 18:52:58,DDU,Clear,0.25,7.42,0.5,25.5,84.5
2026-01-02 07:05:23,DDU,Clear,0.2,7.4,1.0,20.4,71.6
2026-04-09 06:46:00,DDU,Clear,0.29,7.12,0.6,28.4,46.9
2026-03-18 21:38:07,DDU,Rain,0.38,5.87,6.2,12.7,37.0
2026-02-04 18:35:37,DDU,Clear,0.21,8.08,0.8,34.4,76.0
2026-05-24 21:02:25,DDU,Clear,0.37,7.2,0.4,10.0,95.5
2026-03-27 10:43:47,DDU,Clear,0.29,8.27,1.4,19.4,44.1
2026-06-22 12:58:34,DDU,Clear,0.12,8.75,0.5,20.0,51.0
2026-05-19 13:28:43,DDU,Clear,0.2,9.02,1.3,26.9,76.5
2026-01-09 22:04:57,DDU,Fog,0.39,7.09,0.0,24.1,76.8
2026-02-05 10:09:19,DDU,Clear,0.31,7.9,1.1,24.0,61.4
2026-01-05 18:48:28,DDU,Fog,0.64,5.01,1.4,6.1,75.3
2026-02-28 17:46:03,DDU,Cloudy,0.07,8.77,1.0,26.7,47.7
2026-04-08 09:09:07,DDU,Fog,0.68,3.96,0.4,21.6,67.4
2026-02-21 17:11:56,DDU,Clear,0.08,9.3,0.7,26.3,56.9
2026-06-09 19:17:44,DDU,Clear,0.26,8.1,1.1,44.6,98.0
2026-02-01 05:56:52,DDU,Cloudy,0.5,5.95,0.4,8.4,58.5
2026-02-01 03:36:28,DDU,Clear,0.38,6.67,0.9,19.4,77.8
2026-05-14 19:30:15,DDU,Rain,0.2,7.09,2.5,18.7,72.8
2026-03-25 06:11:55,DDU,Fog,0.57,4.92,0.3,14.9,100.0
2026-05-24 09:07:43,DDU,Cloudy,0.39,7.26,1.0,39.7,65.8
2026-02-21 14:22:10,DDU,Fog,0.86,2.86,0.5,17.3,59.0
2026-02-05 08:52:49,DDU,Fog,0.42,6.72,0.9,24.5,81.0
2026-05-02 05:56:49,DDU,Clear,0.23,8.54,0.4,24.7,99.2
2026-01-07 21:17:55,DDU,Clear,0.16,8.26,1.2,9.1,61.3
2026-03-14 03:30:20,DDU,Clear,0.14,9.04,0.5,37.6,85.0
2026-03-09 01:09:26,DDU,Clear,0.46,5.59,0.8,22.5,51.5
2026-01-03 11:36:58,DDU,Clear,0.31,7.93,1.2,33.3,51.8
2026-01-27 21:07:57,DDU,Rain,0.29,7.04,5.8,34.5,100.0
2026-02-17 19:08:07,DDU,Cloudy,0.14,8.82,0.5,20.0,80.6
2026-06-24 18:06:25,DDU,Clear,0.29,8.32,1.2,15.6,57.8
2026-03-09 07:23:49,DDU,Fog,0.67,4.26,0.9,0.6,74.5
2026-04-06 19:49:26,DDU,Clear,0.44,6.5,0.0,16.6,100.0
2026-01-30 02:12:06,DDU,Rain,0.06,7.63,12.3,18.0,75.7
2026-03-04 23:46:56,DDU,Rain,0.1,8.13,3.1,30.5,92.4
2026-03-29 23:02:20,DDU,Clear,0.21,7.83,1.3,23.5,58.4
2026-02-02 05:54:29,DDU,Fog,0.72,3.18,0.6,26.0,71.6
2026-06-23 11:43:20,DDU,Cloudy,0.11,9.13,0.6,29.2,49.5
2026-01-25 12:25:51,DDU,Clear,0.44,6.33,1.1,17.5,70.7
2026-05-26 10:20:51,DDU,Clear,0.31,7.11,1.4,28.2,61.8
2026-01-26 18:39:49,DDU,Clear,0.11,9.24,0.5,26.2,70.2
2026-05-25 12:40:26,DDU,Clear,0.08,9.5,0.5,22.5,82.9
2026-04-26 11:01:14,DDU,Clear,0.08,8.97,1.2,26.5,37.3
2026-01-27 23:56:36,DDU,Clear,0.32,7.37,0.6,26.8,32.5
2026-05-08 19:26:04,DDU,Clear,0.31,7.62,1.4,24.3,40.8
2026-05-02 03:13:54,DDU,Clear,0.12,9.19,0.5,34.8,97.9
2026-03-09 03:41:00,DDU,Clear,0.54,5.31,0.2,15.7,100.0
2026-02-14 09:43:47,DDU,Fog,0.63,4.08,1.2,29.6,55.5
2026-02-14 12:19:41,DDU,Rain,0.2,7.48,12.0,15.6,36.0
2026-05-15 19:11:26,DDU,Cloudy,0.6,5.16,0.8,13.3,59.0
2026-03-08 13:15:37,DDU,Clear,0.02,10.11,0.3,19.7,42.7
2026-04-07 03:48:35,DDU,Cloudy,0.6,5.31,0.5,32.6,100.0
2026-03-26 07:59:05,DDU,Cloudy,0.32,7.11,0.1,15.4,69.4
2026-05-01 10:18:39,DDU,Rain,0.23,7.07,4.2,18.9,100.0
2026-05-26 13:06:52,DDU,Clear,0.08,9.84,1.0,21.5,78.5
2026-04-20 12:52:20,DDU,Clear,0.36,7.34,1.0,25.1,86.0
2026-01-21 07:24:48,DDU,Clear,0.2,7.67,1.5,22.5,85.1
2026-02-16 13:02:38,DDU,Clear,0.21,7.36,0.9,25.7,64.8
2026-02-10 03:47:10,DDU,Clear,0.16,8.28,1.1,23.0,60.9
2026-03-06 11:21:44,DDU,Fog,0.94,1.97,0.6,22.6,77.8
2026-03-08 11:27:25,DDU,Clear,0.4,6.37,1.1,23.9,51.0
2026-03-19 02:16:35,DDU,Fog,0.48,6.45,0.7,31.2,75.3
2026-04-21 23:51:20,DDU,Clear,0.19,8.53,1.0,15.7,56.6
2026-02-04 07:57:35,DDU,Cloudy,0.18,8.89,0.5,23.8,44.3
2026-06-27 11:33:38,DDU,Fog,0.73,3.33,0.1,34.9,96.0
2026-05-24 06:09:02,DDU,Clear,0.42,6.76,1.2,19.9,78.6
2026-05-01 10:51:54,DDU,Clear,0.4,6.45,1.1,14.0,74.9
2026-01-22 18:40:25,DDU,Fog,0.61,4.52,0.2,22.2,51.5
2026-03-21 18:49:39,DDU,Clear,0.42,6.3,0.0,40.6,56.6
2026-02-04 02:27:55,DDU,Clear,0.33,7.46,1.2,24.0,61.5
2026-06-18 23:24:04,DDU,Fog,0.95,2.28,0.6,21.9,100.0
2026-04-23 17:09:14,DDU,Clear,0.18,9.72,0.6,11.4,73.8
2026-06-16 22:01:38,DDU,Clear,0.57,4.92,0.3,18.4,100.0
2026-02-11 15:23:06,DDU,Cloudy,0.16,8.92,1.3,16.0,77.4
2026-04-10 05:33:14,DDU,Rain,0.24,7.07,0.7,25.5,54.7
2026-02-13 06:34:41,DDU,Cloudy,0.47,5.88,0.8,35.6,83.6
2026-05-02 10:00:32,DDU,Rain,0.32,6.26,6.3,25.5,74.9
2026-04-13 08:13:27,DDU,Fog,0.71,4.28,1.2,36.8,100.0
2026-01-01 08:57:31,DDU,Clear,0.61,4.29,0.4,32.4,84.2
2026-04-30 22:58:04,DDU,Fog,0.52,5.75,0.8,30.1,87.3
2026-06-20 13:04:01,DDU,Clear,0.37,7.58,1.2,28.8,67.0
2026-06-22 15:45:13,DDU,Clear,0.31,7.97,1.3,10.6,36.2
2026-06-11 05:30:02,DDU,Clear,0.29,7.7,0.2,34.5,60.1
2026-03-17 22:56:42,DDU,Fog,0.67,3.96,0.5,20.2,44.4
2026-05-28 03:54:31,DDU,Clear,0.16,8.4,0.8,27.9,81.2
2026-01-25 04:51:41,DDU,Fog,0.55,4.97,1.3,13.9,72.0
2026-06-01 09:18:58,DDU,Fog,0.61,5.39,1.4,33.6,61.1
2026-06-17 22:31:35,DDU,Clear,0.18,8.28,0.9,21.7,62.1
2026-04-11 07:12:27,DDU,Fog,0.41,6.04,0.4,23.2,81.1
2026-06-20 12:37:14,DDU,Rain,0.56,3.41,3.2,10.5,55.7
2026-03-13 00:38:21,DDU,Fog,0.71,4.27,0.2,27.0,63.8
2026-02-14 19:44:15,DDU,Clear,0.57,5.52,0.4,30.4,60.4
2026-03-02 14:46:05,DDU,Clear,0.25,7.49,0.3,33.1,64.4
2026-02-28 21:35:11,DDU,Clear,0.68,4.4,1.1,20.6,45.4
2026-06-16 19:53:30,DDU,Cloudy,0.16,8.88,0.1,8.7,62.2
2026-02-28 00:00:15,DDU,Cloudy,0.25,7.21,0.1,22.0,70.5
2026-06-28 15:24:50,DDU,Rain,0.19,6.55,7.1,18.5,64.9
2026-04-20 23:19:05,DDU,Cloudy,0.07,10.24,1.5,19.4,40.8
2026-04-19 01:36:41,DDU,Cloudy,0.51,5.67,1.1,19.7,58.0
2026-04-02 05:48:19,DDU,Cloudy,0.2,8.18,1.1,29.0,60.2
2026-06-17 16:20:15,DDU,Clear,0.08,8.66,1.4,19.8,29.5
2026-01-07 18:57:00,DDU,Clear,0.16,9.47,0.1,40.1,35.5
2026-02-18 17:49:40,DDU,Clear,0.31,6.61,1.4,32.6,26.6
2026-04-02 14:44:05,DDU,Clear,0.37,6.44,0.1,23.3,70.6
2026-06-16 11:24:41,DDU,Cloudy,0.39,6.34,1.3,25.7,57.9
2026-02-16 03:11:48,DDU,Clear,0.11,9.22,0.8,16.8,34.7
2026-03-05 11:24:52,DDU,Cloudy,0.49,6.0,1.0,23.7,78.3
2026-05-19 20:21:16,DDU,Fog,0.53,5.84,0.7,27.4,77.4
2026-05-24 10:30:02,DDU,Rain,0.43,5.46,5.3,13.8,100.0
2026-06-13 02:30:42,DDU,Cloudy,0.26,7.82,1.4,13.7,79.9
2026-04-24 16:10:05,DDU,Rain,0.26,6.36,7.7,19.3,70.5
2026-05-16 02:06:10,DDU,Clear,0.22,8.07,1.3,17.8,55.9
2026-01-25 16:20:55,DDU,Cloudy,0.08,10.13,1.3,28.4,60.0
2026-02-19 20:47:12,DDU,Fog,0.42,6.5,1.2,28.9,57.1
2026-05-09 17:08:55,DDU,Clear,0.27,8.81,0.2,18.0,52.2
2026-02-09 10:10:18,DDU,Cloudy,0.17,8.52,1.3,22.3,85.9
2026-06-14 15:36:52,DDU,Fog,0.88,3.19,1.1,14.2,83.7
2026-03-14 22:57:55,DDU,Rain,0.29,6.97,9.6,17.7,63.5
2026-04-26 02:42:32,DDU,Clear,0.21,7.81,0.4,37.1,20.0
2026-05-28 20:04:54,DDU,Clear,0.32,6.2,0.4,31.7,50.0
2026-04-26 12:53:22,DDU,Clear,0.33,6.78,0.5,15.3,68.2
2026-04-28 04:43:14,DDU,Clear,0.27,7.43,0.9,16.0,76.2
2026-06-11 10:24:35,DDU,Cloudy,0.19,8.25,0.9,17.4,85.7
2026-06-09 05:06:12,DDU,Clear,0.18,8.78,0.4,43.4,81.0
2026-05-18 13:59:35,DDU,Clear,0.11,8.73,0.6,41.7,54.9
2026-02-21 23:55:07,DDU,Cloudy,0.52,4.72,1.5,10.4,53.9
2026-04-05 07:28:52,DDU,Clear,0.37,7.04,1.5,25.0,100.0
2026-03-06 01:39:07,DDU,Clear,0.28,7.57,0.8,14.2,58.3
2026-03-31 23:33:30,DDU,Fog,0.47,6.55,0.9,20.9,100.0
2026-03-19 04:46:46,DDU,Clear,0.17,8.97,1.3,17.1,71.0
2026-01-29 06:19:55,DDU,Rain,0.46,4.89,7.4,40.8,100.0
2026-04-30 11:41:14,DDU,Clear,0.57,4.58,0.8,20.3,92.8
2026-05-03 14:28:14,DDU,Cloudy,0.05,8.5,0.4,21.8,100.0
2026-03-15 23:14:11,DDU,Cloudy,0.23,8.21,0.3,36.5,73.1
2026-03-24 12:44:51,DDU,Clear,0.21,8.14,0.1,23.5,56.4
2026-06-19 13:12:34,DDU,Rain,0.21,7.28,2.5,5.4,86.9
2026-02-01 05:00:10,DDU,Cloudy,0.28,6.95,0.7,19.8,78.9
2026-06-11 22:37:48,DDU,Clear,0.06,9.05,0.7,22.5,43.9
2026-06-22 19:58:55,DDU,Cloudy,0.23,8.7,0.9,44.1,100.0
2026-06-02 04:01:40,DDU,Clear,0.3,7.34,1.0,22.0,60.9
2026-04-15 08:18:44,DDU,Clear,0.23,8.79,1.1,19.4,47.3
2026-01-16 14:37:05,DDU,Clear,0.4,7.26,0.8,22.0,87.9
2026-01-29 00:09:04,DDU,Clear,0.17,8.49,1.5,33.4,64.6
2026-05-16 08:28:36,DDU,Clear,0.29,7.72,0.8,8.6,100.0
2026-03-30 14:47:43,DDU,Cloudy,0.39,6.98,1.5,17.8,65.8
2026-02-19 04:59:58,DDU,Rain,0.16,7.69,19.3,10.2,98.0
2026-04-10 20:38:45,DDU,Clear,0.11,8.24,1.1,23.6,61.1
2026-04-01 16:14:49,DDU,Cloudy,0.29,7.51,0.3,22.1,73.3
2026-01-22 08:42:01,DDU,Rain,0.19,7.22,11.3,23.2,65.8
2026-01-22 02:05:47,DDU,Cloudy,0.3,7.76,0.8,36.4,92.7
2026-05-25 09:46:55,DDU,Rain,0.13,7.57,5.9,15.0,43.2
2026-06-27 03:46:24,DDU,Rain,0.41,5.29,4.2,33.3,46.9
2026-01-15 14:01:29,DDU,Fog,0.74,3.84,0.6,29.6,80.8
2026-06-05 11:06:26,DDU,Rain,0.47,4.15,1.8,28.1,56.8
2026-05-22 18:13:59,DDU,Cloudy,0.49,5.95,0.1,13.2,79.8
2026-06-28 19:06:55,DDU,Cloudy,0.19,8.93,0.1,36.1,82.0
2026-01-15 02:38:55,DDU,Cloudy,0.15,8.31,0.2,16.7,71.9
2026-06-06 14:36:30,DDU,Clear,0.34,7.14,1.0,25.2,44.1
2026-06-18 03:00:29,DDU,Fog,0.6,5.24,1.3,25.6,86.9
2026-01-21 00:47:49,DDU,Fog,0.69,3.77,1.1,36.8,83.7
2026-02-11 10:41:38,DDU,Clear,0.09,9.26,1.1,29.2,62.6
2026-05-19 20:23:44,DDU,Clear,0.17,7.83,1.0,14.2,76.9
2026-04-19 12:41:30,DDU,Fog,0.69,4.16,1.5,30.3,85.7
2026-01-18 15:29:12,DDU,Fog,0.52,5.68,0.2,20.1,54.0
2026-06-11 12:51:51,DDU,Clear,0.25,7.76,1.0,16.8,95.1
2026-01-25 05:08:13,DDU,Clear,0.56,5.92,0.5,19.3,63.5
2026-06-07 11:48:14,DDU,Clear,0.04,9.62,1.4,36.7,56.6
2026-05-26 20:10:24,DDU,Cloudy,0.29,7.44,0.1,18.4,77.5
2026-04-02 17:20:50,DDU,Clear,0.26,7.8,0.6,26.2,91.0
2026-05-25 05:57:32,DDU,Clear,0.21,7.73,0.1,18.9,46.4
2026-06-02 09:44:22,DDU,Clear,0.33,7.59,0.7,11.4,67.0
2026-04-14 16:34:39,DDU,Clear,0.15,8.39,1.2,19.9,49.4
2026-03-11 09:23:20,DDU,Cloudy,0.22,8.25,0.7,38.9,74.6
2026-03-01 17:26:57,DDU,Clear,0.27,8.4,0.8,30.7,61.8
2026-05-15 22:35:29,DDU,Rain,0.34,6.05,9.7,19.8,74.6
2026-05-11 20:54:18,DDU,Cloudy,0.7,3.52,1.3,29.1,52.5
2026-01-10 18:47:02,DDU,Fog,0.44,6.59,1.4,22.4,50.2
2026-05-31 16:42:58,DDU,Clear,0.35,6.7,0.2,35.4,62.9
2026-05-19 07:13:09,DDU,Clear,0.25,8.21,1.2,13.9,50.2
2026-01-23 12:57:55,DDU,Clear,0.26,7.36,0.1,28.1,37.7
2026-06-05 01:38:35,DDU,Clear,0.24,7.77,1.1,37.3,63.2
2026-06-03 01:51:54,DDU,Cloudy,0.21,8.51,1.4,18.8,37.9
2026-01-04 14:28:26,DDU,Cloudy,0.14,8.35,0.7,31.4,63.8
2026-02-28 23:30:33,DDU,Clear,0.15,8.1,0.7,16.9,59.4
2026-06-11 10:03:41,DDU,Clear,0.67,4.67,1.4,20.6,79.4
2026-01-11 22:05:46,DDU,Cloudy,0.13,8.48,1.0,23.2,62.4
2026-03-30 11:07:21,DDU,Cloudy,0.04,9.52,0.2,-3.1,23.9
2026-06-21 13:35:17,DDU,Clear,0.05,9.78,0.5,17.3,73.8
2026-06-25 08:06:12,DDU,Rain,0.1,6.95,5.3,17.3,61.2
2026-03-16 20:57:27,DDU,Clear,0.41,7.1,1.3,20.3,49.8
2026-03-04 00:18:37,DDU,Clear,0.55,5.05,1.2,22.8,70.6
2026-01-11 05:55:02,DDU,Cloudy,0.14,8.57,1.5,25.0,34.4
2026-02-27 03:03:56,DDU,Cloudy,0.31,7.26,0.7,10.2,20.0
2026-02-26 11:08:35,DDU,Clear,0.26,7.79,0.4,31.9,100.0
2026-03-20 10:30:26,DDU,Clear,0.47,5.74,0.2,17.3,77.1
2026-04-23 03:48:39,DDU,Clear,0.32,6.68,0.3,32.7,95.7
2026-05-24 16:10:48,DDU,Rain,0.71,3.68,9.7,25.2,60.8
2026-06-12 00:52:46,DDU,Clear,0.53,5.3,1.4,19.9,35.2
2026-04-13 11:27:56,DDU,Clear,0.05,9.8,1.2,23.2,56.2
2026-02-26 04:24:01,DDU,Rain,0.37,6.65,18.1,20.1,70.3
2026-05-05 01:40:02,DDU,Clear,0.39,6.75,0.1,26.6,58.2
2026-02-16 14:43:57,DDU,Clear,0.48,5.38,0.0,19.0,91.8
2026-06-06 12:49:32,DDU,Clear,0.6,4.62,1.0,33.5,92.2
2026-05-13 22:21:09,DDU,Clear,0.35,7.08,0.3,16.3,59.0
2026-03-18 19:08:41,DDU,Rain,0.13,6.8,3.2,19.1,81.2
2026-04-24 13:17:18,DDU,Rain,0.29,5.88,14.9,22.7,95.9
2026-03-04 12:00:19,DDU,Clear,0.04,9.65,1.1,14.6,57.2
2026-04-15 20:05:55,DDU,Clear,0.4,6.75,0.1,19.1,51.1
2026-06-22 20:17:57,DDU,Clear,0.28,7.07,1.2,14.2,75.0
2026-03-20 22:40:57,DDU,Clear,0.59,5.26,0.2,29.0,64.2
2026-06-16 17:20:49,DDU,Clear,0.12,8.72,0.7,46.0,64.0
2026-04-19 17:48:28,DDU,Clear,0.11,9.05,0.7,32.8,54.4
2026-06-15 01:04:41,DDU,Clear,0.5,5.12,0.7,16.9,96.1
2026-06-01 13:43:30,DDU,Rain,0.41,4.58,8.2,14.1,57.6
2026-02-24 09:24:10,DDU,Clear,0.11,9.37,0.1,29.0,78.8
2026-01-01 09:54:46,DDU,Fog,0.7,3.97,0.6,24.8,100.0
2026-01-25 11:37:55,DDU,Clear,0.07,9.66,0.9,21.8,20.0
2026-02-04 06:19:22,DDU,Clear,0.24,8.13,0.5,18.7,56.7
2026-04-25 12:30:51,DDU,Clear,0.17,9.08,1.2,19.1,85.7
2026-05-13 04:52:43,DDU,Cloudy,0.21,8.38,1.3,33.6,35.1
2026-02-26 23:25:19,DDU,Cloudy,0.12,9.13,0.5,37.6,36.2
2026-05-26 07:28:50,DDU,Rain,0.29,6.29,4.6,17.0,53.4
2026-01-02 01:00:28,DDU,Fog,0.8,4.22,0.9,30.9,80.0
2026-03-28 09:38:00,DDU,Rain,0.35,4.83,10.8,27.7,100.0
2026-02-23 08:50:28,DDU,Clear,0.37,7.59,0.4,23.3,53.2
2026-02-07 22:33:46,DDU,Rain,0.05,8.55,1.9,29.4,64.9
2026-06-22 13:48:40,DDU,Clear,0.06,10.1,0.5,29.5,53.6
2026-01-14 07:12:08,DDU,Clear,0.16,7.94,0.0,16.1,55.9
2026-04-10 03:05:41,DDU,Rain,0.22,7.13,3.3,29.6,65.2
2026-01-18 23:10:52,DDU,Clear,0.59,5.59,0.2,23.6,53.7
2026-03-07 19:00:42,DDU,Fog,0.79,3.05,0.9,27.1,79.8
2026-04-20 00:48:57,DDU,Clear,0.09,9.76,1.5,12.7,74.8
2026-03-26 00:02:11,DDU,Fog,0.51,6.26,0.4,37.9,43.7
2026-06-15 14:00:29,DDU,Rain,0.21,6.68,27.6,20.2,49.6
2026-01-07 10:36:34,DDU,Fog,0.66,4.56,1.0,29.7,58.6
2026-02-15 17:36:11,DDU,Rain,0.06,8.51,9.7,21.2,84.4
2026-01-06 10:49:30,DDU,Rain,0.34,5.93,3.5,34.5,70.1
2026-05-08 00:20:52,DDU,Rain,0.41,5.51,12.0,14.9,61.7
2026-03-17 02:10:44,DDU,Clear,0.26,8.15,1.2,28.2,69.9
2026-03-12 16:08:47,DDU,Cloudy,0.2,8.23,1.2,4.8,82.9
2026-04-20 16:52:21,DDU,Clear,0.1,9.01,0.0,25.1,64.1
2026-01-24 04:10:41,DDU,Cloudy,0.15,8.49,1.2,27.4,65.4
2026-04-07 13:52:52,DDU,Clear,0.13,8.56,0.3,25.4,64.0
2026-04-09 14:14:17,DDU,Cloudy,0.11,9.02,0.5,11.6,53.4
2026-05-30 22:45:51,DDU,Clear,0.59,4.32,0.6,23.5,78.9
2026-05-11 03:23:47,DDU,Clear,0.46,5.92,0.8,22.8,84.0
2026-01-14 23:47:21,DDU,Clear,0.24,7.83,0.4,7.2,60.2
2026-01-17 18:32:10,DDU,Clear,0.24,8.48,0.7,23.2,57.7
2026-02-12 04:22:12,DDU,Rain,0.54,4.22,21.7,21.4,97.8
2026-04-20 05:35:34,DDU,Rain,0.24,6.98,9.7,21.4,60.3
2026-01-11 17:04:47,DDU,Cloudy,0.22,8.75,0.8,13.4,72.2
2026-04-02 21:56:43,DDU,Clear,0.41,6.33,1.2,16.6,72.6
2026-04-20 15:59:46,DDU,Clear,0.29,8.21,0.9,25.8,76.0
2026-01-31 01:36:12,DDU,Fog,0.64,5.4,0.8,28.7,86.0
2026-03-22 01:47:02,DDU,Clear,0.43,6.77,0.5,33.6,61.8
2026-02-18 11:50:58,DDU,Cloudy,0.27,7.8,0.4,29.5,50.9
2026-02-18 05:02:14,DDU,Clear,0.55,6.12,0.6,28.1,72.6
2026-04-01 17:18:14,DDU,Cloudy,0.06,8.9,0.9,26.9,59.8
2026-03-02 07:20:44,DDU,Clear,0.33,8.03,1.0,34.9,55.9
2026-03-24 18:50:11,DDU,Clear,0.18,8.01,0.3,16.7,56.9
2026-06-09 09:49:20,DDU,Clear,0.16,9.2,0.5,30.7,64.5
2026-05-04 03:47:23,DDU,Clear,0.28,7.22,0.6,33.3,90.8
2026-04-29 04:16:18,DDU,Clear,0.22,7.86,0.1,9.1,65.2
2026-05-13 05:13:51,DDU,Clear,0.18,8.67,1.3,23.7,47.5
2026-06-22 02:23:39,DDU,Rain,0.25,6.17,19.2,30.7,82.1
2026-02-28 09:45:44,DDU,Clear,0.21,8.38,0.4,30.0,69.6
2026-03-18 10:28:30,DDU,Clear,0.14,9.98,1.4,23.3,77.1
2026-01-16 05:37:42,DDU,Clear,0.29,7.25,1.2,14.3,83.1
2026-04-27 15:06:53,DDU,Rain,0.1,7.98,23.8,20.3,89.9
2026-06-03 13:03:48,DDU,Clear,0.32,7.02,0.9,32.2,20.0
2026-06-12 21:12:15,DDU,Clear,0.29,7.61,0.8,22.5,44.6
2026-05-01 00:54:09,DDU,Rain,0.14,7.36,8.5,21.4,71.3
2026-04-22 23:49:33,DDU,Clear,0.11,9.28,0.6,20.1,96.3
2026-03-25 01:39:37,DDU,Cloudy,0.28,8.09,1.3,34.9,56.6
2026-06-21 23:29:23,DDU,Clear,0.3,7.39,0.7,21.4,33.5
2026-02-27 14:31:08,DDU,Rain,0.15,7.47,8.7,36.8,60.3
2026-04-29 18:30:13,DDU,Clear,0.06,9.87,0.9,29.7,75.0
2026-01-18 18:46:48,DDU,Clear,0.67,4.75,1.3,26.5,47.4
2026-03-17 04:59:54,DDU,Clear,0.2,8.16,0.9,31.4,71.7
2026-05-23 08:06:34,DDU,Clear,0.07,9.35,1.1,41.3,49.1
2026-02-11 15:32:22,DDU,Rain,0.49,4.83,15.3,30.0,62.8
2026-01-09 00:45:05,DDU,Fog,0.89,3.02,1.5,29.9,72.0
2026-06-24 07:23:06,DDU,Fog,0.91,1.58,0.1,21.0,62.2
2026-05-12 12:39:41,DDU,Clear,0.21,7.78,1.0,18.8,69.2
2026-04-09 05:01:06,DDU,Clear,0.47,5.89,1.4,25.8,84.4
2026-04-15 08:59:27,DDU,Clear,0.12,9.47,0.5,28.3,43.6
2026-06-13 21:29:42,DDU,Clear,0.34,6.65,0.6,23.4,51.1
2026-01-16 15:46:58,DDU,Clear,0.33,6.51,0.9,25.8,62.7
2026-02-01 04:56:46,DDU,Rain,0.41,5.66,4.8,12.1,54.0
2026-02-05 06:31:30,DDU,Clear,0.01,9.55,1.1,22.1,63.4
2026-05-22 08:29:39,DDU,Clear,0.23,8.11,1.3,25.4,61.8
2026-06-26 07:54:18,DDU,Clear,0.12,9.45,0.0,24.7,45.6
2026-03-23 22:00:00,DDU,Fog,0.51,5.15,1.2,24.2,59.7
2026-01-31 06:50:51,DDU,Clear,0.33,7.54,0.7,21.5,44.5
2026-06-01 09:41:38,DDU,Rain,0.27,6.02,4.8,18.2,85.0
2026-06-16 16:11:07,DDU,Rain,0.36,5.23,4.6,35.3,96.5
2026-05-24 15:10:59,DDU,Clear,0.27,7.91,0.1,38.8,20.0
2026-02-27 22:04:36,DDU,Clear,0.22,7.91,0.8,10.6,56.9
2026-06-13 01:46:17,DDU,Clear,0.1,9.11,1.0,30.1,80.5
2026-05-09 16:00:44,DDU,Cloudy,0.48,6.11,0.7,25.0,77.9
2026-01-08 12:22:36,DDU,Cloudy,0.47,5.96,1.3,8.2,86.7
2026-02-18 11:07:00,DDU,Clear,0.53,5.94,1.1,20.5,60.2
2026-02-15 05:20:32,DDU,Clear,0.05,8.78,1.1,22.9,60.6
2026-05-24 20:51:41,DDU,Clear,0.57,5.73,1.3,23.7,100.0
2026-01-18 14:35:36,DDU,Clear,0.2,8.76,0.2,25.3,81.4
2026-04-13 13:14:28,DDU,Clear,0.22,8.24,1.4,22.5,91.2
2026-05-19 03:09:45,DDU,Cloudy,0.34,7.61,1.3,28.5,59.3
2026-02-25 17:12:58,DDU,Cloudy,0.39,5.75,1.3,25.8,44.9
2026-05-20 09:02:42,DDU,Clear,0.22,7.63,1.4,13.5,62.7
2026-06-08 11:55:21,DDU,Rain,0.26,5.96,8.5,32.7,62.5
2026-03-01 22:04:54,DDU,Clear,0.42,6.14,1.3,29.7,49.6
2026-06-04 21:04:14,DDU,Clear,0.39,7.26,1.2,13.0,42.1
2026-06-07 15:46:24,DDU,Cloudy,0.14,8.59,0.4,24.4,87.9
2026-02-19 11:37:38,DDU,Rain,0.41,5.45,11.8,4.6,27.9
2026-04-26 08:26:27,DDU,Clear,0.07,8.47,0.2,15.7,78.6
2026-02-05 09:21:59,DDU,Cloudy,0.24,7.58,1.2,17.1,54.9
2026-04-19 18:36:24,DDU,Clear,0.39,6.62,1.5,30.0,73.5
2026-03-20 04:14:12,DDU,Clear,0.19,7.45,1.1,28.6,35.1
2026-04-13 08:40:42,DDU,Clear,0.49,4.9,0.1,33.6,81.2
2026-04-18 06:02:52,DDU,Cloudy,0.29,8.17,0.7,28.2,45.2
2026-05-30 05:38:30,DDU,Fog,0.47,5.84,0.4,31.1,66.1
2026-01-28 22:00:40,DDU,Cloudy,0.2,8.33,0.6,41.3,89.9
2026-06-21 18:38:34,DDU,Clear,0.12,8.52,0.7,20.0,83.1
2026-05-23 16:35:57,DDU,Clear,0.33,6.47,0.5,36.5,84.9
2026-01-19 04:04:27,DDU,Fog,0.8,3.52,1.0,24.4,97.7
2026-03-23 07:54:56,DDU,Clear,0.24,7.62,1.4,13.8,68.6
2026-05-22 08:26:59,DDU,Clear,0.33,6.56,1.0,15.1,65.8
2026-02-26 09:39:46,DDU,Clear,0.18,8.68,0.3,23.3,75.7
2026-01-13 04:32:19,DDU,Cloudy,0.15,8.74,0.7,31.0,56.9
2026-03-22 09:27:15,DDU,Clear,0.3,7.75,0.0,25.5,84.2
2026-04-23 21:07:53,DDU,Clear,0.29,7.49,0.9,20.5,46.1
2026-06-08 14:56:45,DDU,Clear,0.42,6.17,1.1,21.1,81.9
2026-01-26 21:06:32,DDU,Cloudy,0.54,5.14,0.2,20.3,48.7
2026-06-18 14:36:40,DDU,Clear,0.15,8.36,0.6,24.4,75.4
2026-01-16 22:35:03,DDU,Rain,0.18,7.1,14.2,2.7,57.1
2026-06-27 20:37:42,DDU,Fog,0.54,5.53,0.3,30.6,60.4
2026-01-14 08:48:04,DDU,Clear,0.3,6.85,1.0,27.9,55.4
2026-03-16 07:40:04,DDU,Clear,0.49,6.44,0.7,34.6,40.0
2026-05-02 08:37:49,DDU,Clear,0.46,5.49,1.0,26.5,37.2
2026-06-14 18:58:36,DDU,Clear,0.2,7.99,0.2,44.7,46.4
2026-01-10 03:47:39,DDU,Fog,0.75,3.83,0.2,31.8,77.6
2026-03-19 08:50:03,DDU,Fog,0.69,3.63,0.3,24.4,98.7
2026-02-12 10:06:34,DDU,Rain,0.05,8.23,3.0,22.8,47.6
2026-01-11 10:52:38,DDU,Clear,0.21,7.82,0.7,3.4,61.0
2026-04-20 16:53:46,DDU,Clear,0.11,9.18,0.1,16.5,28.5
2026-03-01 14:37:22,DDU,Clear,0.52,5.88,1.0,23.9,62.6
2026-06-22 17:26:15,DDU,Clear,0.28,6.58,0.4,22.7,60.1
2026-03-23 20:26:27,DDU,Clear,0.09,9.41,0.6,29.0,32.3
2026-03-31 05:27:02,DDU,Fog,0.73,3.32,0.9,28.4,63.0
2026-02-26 10:01:11,DDU,Clear,0.41,6.81,0.5,24.5,44.2
2026-01-07 13:03:13,DDU,Clear,0.42,6.43,1.3,26.5,76.7
2026-03-19 16:25:03,DDU,Cloudy,0.41,6.92,0.7,26.2,67.1
2026-03-16 16:54:04,DDU,Rain,0.15,7.82,7.7,18.7,76.0
2026-06-03 00:46:49,DDU,Clear,0.18,9.52,1.0,17.0,50.2
2026-01-30 18:47:55,DDU,Clear,0.2,8.4,0.3,12.7,60.8
2026-05-03 11:11:58,DDU,Clear,0.11,9.51,1.1,27.6,71.5
2026-06-01 00:51:53,DDU,Clear,0.29,7.5,0.8,13.7,52.5
2026-01-31 19:37:59,DDU,Clear,0.26,7.58,0.2,26.8,76.3
2026-02-12 11:03:42,DDU,Clear,0.11,9.11,0.9,7.8,68.3
2026-03-24 06:39:56,DDU,Fog,0.46,5.92,0.0,19.1,71.0
2026-03-23 19:05:26,DDU,Clear,0.35,6.13,0.6,22.1,83.6
2026-03-25 23:22:58,DDU,Fog,0.92,1.91,0.0,37.4,66.3
2026-03-09 01:06:29,DDU,Cloudy,0.31,7.74,0.5,24.2,73.7
2026-04-19 13:50:58,DDU,Clear,0.31,7.55,1.1,16.2,79.0
2026-03-18 07:28:32,DDU,Cloudy,0.38,7.32,1.1,35.6,50.8
2026-01-21 14:51:27,DDU,Fog,0.8,3.1,1.5,36.2,75.8
2026-06-16 22:56:12,DDU,Rain,0.09,8.24,14.8,32.2,73.5
2026-01-14 12:50:42,DDU,Cloudy,0.08,8.09,0.2,30.8,67.6
2026-03-31 12:41:51,DDU,Clear,0.41,6.34,0.4,22.3,69.0
2026-05-09 17:44:47,DDU,Clear,0.47,5.97,0.3,28.1,73.1
2026-03-16 20:38:39,DDU,Clear,0.32,7.05,0.8,4.4,95.1
2026-04-18 04:12:37,DDU,Clear,0.14,8.75,0.1,28.6,27.6
2026-05-12 13:16:18,DDU,Clear,0.15,9.21,1.5,22.4,59.1
2026-05-26 11:40:47,DDU,Cloudy,0.35,6.82,1.0,26.0,71.4
2026-06-17 07:43:29,DDU,Clear,0.41,7.22,1.4,16.7,59.2
2026-01-18 16:17:06,DDU,Cloudy,0.42,6.1,1.3,24.5,54.7
2026-01-26 09:37:59,DDU,Clear,0.04,9.25,0.7,19.6,53.1
2026-02-06 18:07:50,DDU,Cloudy,0.34,7.68,1.5,15.1,36.6
2026-04-24 02:43:21,DDU,Clear,0.43,6.25,1.3,26.5,93.5
2026-03-02 10:31:50,DDU,Fog,0.49,5.74,1.0,19.7,89.1
2026-06-17 13:45:55,DDU,Clear,0.03,10.01,0.8,29.9,57.2
2026-04-29 23:31:07,DDU,Clear,0.3,7.47,1.3,29.0,51.4
2026-03-12 02:18:03,DDU,Cloudy,0.04,10.04,1.0,11.0,89.0
2026-06-12 10:27:12,DDU,Clear,0.45,6.06,0.1,22.4,76.0
2026-06-19 18:18:49,DDU,Clear,0.52,5.45,0.4,36.6,48.7
2026-02-12 05:13:25,DDU,Clear,0.09,8.73,1.5,32.7,78.6
2026-03-30 20:29:09,DDU,Cloudy,0.64,3.74,0.2,17.7,100.0
2026-05-27 12:21:30,DDU,Clear,0.29,7.13,0.2,22.9,32.5
2026-02-09 06:52:38,DDU,Rain,0.47,3.9,12.6,12.5,70.8
2026-05-19 15:39:01,DDU,Clear,0.38,7.28,1.2,55.7,41.2
2026-04-05 04:41:10,DDU,Clear,0.48,5.23,0.3,19.4,76.6
2026-06-05 07:37:31,DDU,Clear,0.26,8.55,0.7,22.3,60.3
2026-06-26 00:12:37,DDU,Clear,0.11,9.98,1.4,28.4,51.7
2026-01-18 01:52:18,DDU,Fog,0.4,6.54,0.2,31.4,72.1
2026-04-30 12:41:06,DDU,Clear,0.68,4.51,0.5,32.2,46.8
2026-04-26 12:13:56,DDU,Clear,0.53,5.42,1.0,17.0,89.6
2026-05-14 07:17:46,DDU,Cloudy,0.41,7.31,0.2,17.2,50.2
2026-06-17 12:23:34,DDU,Clear,0.58,4.82,1.3,27.8,80.1
2026-03-09 23:40:44,DDU,Clear,0.06,10.03,0.0,30.1,45.8
2026-02-02 19:23:22,DDU,Clear,0.14,9.03,1.4,12.0,42.0
2026-04-02 15:28:54,DDU,Rain,0.53,4.43,28.4,33.6,45.4
2026-03-12 18:39:28,DDU,Rain,0.02,8.36,8.1,32.5,37.4
2026-05-18 05:58:55,DDU,Cloudy,0.09,9.49,0.6,23.9,70.7
2026-01-08 23:59:02,DDU,Fog,1.0,1.81,1.2,32.5,52.2
2026-01-17 01:42:25,DDU,Cloudy,0.15,8.87,0.8,19.3,73.0
2026-06-24 05:48:32,DDU,Fog,0.83,2.63,0.4,35.2,87.8
2026-01-19 15:36:58,DDU,Clear,0.31,6.35,0.3,25.5,35.4
2026-01-17 16:36:14,DDU,Clear,0.27,7.05,0.9,13.2,70.2
2026-03-12 23:17:36,DDU,Cloudy,0.25,7.88,1.0,16.5,67.8
2026-05-30 13:12:14,DDU,Clear,0.07,9.39,0.1,9.5,61.9
2026-03-13 13:37:59,DDU,Clear,0.38,7.05,0.8,17.4,68.0
2026-04-02 23:22:11,DDU,Clear,0.18,8.53,0.9,19.5,72.9
2026-01-28 00:28:42,DDU,Cloudy,0.48,5.75,0.1,36.0,61.9
2026-03-07 18:25:48,DDU,Clear,0.13,9.25,1.5,23.3,74.5
2026-01-27 02:48:52,DDU,Cloudy,0.41,6.44,0.2,32.4,51.5
2026-02-25 22:06:51,DDU,Cloudy,0.49,6.37,0.3,29.9,50.2
2026-04-13 06:38:13,DDU,Cloudy,0.63,4.41,1.4,13.0,89.1
2026-06-15 20:02:35,DDU,Clear,0.06,8.82,1.1,29.9,54.5
2026-01-08 17:02:51,DDU,Rain,0.31,6.02,5.7,33.5,83.3
2026-02-01 03:08:40,DDU,Rain,0.07,8.63,15.0,20.5,51.4
2026-04-10 10:02:13,DDU,Clear,0.04,9.63,1.3,26.1,69.1
2026-04-14 00:08:05,DDU,Clear,0.05,8.94,1.1,29.2,60.6
2026-01-20 08:29:48,DDU,Cloudy,0.42,6.05,0.9,17.1,62.3
2026-05-05 03:29:59,DDU,Clear,0.2,8.94,1.2,26.9,60.1
2026-05-25 02:40:15,DDU,Clear,0.21,8.22,1.3,30.5,58.3
2026-05-15 21:36:03,DDU,Clear,0.38,6.64,1.4,8.6,63.2
2026-03-03 13:25:04,DDU,Clear,0.42,6.2,1.1,16.4,90.8
2026-06-01 14:39:13,DDU,Clear,0.28,7.96,0.9,21.8,92.5
2026-01-09 11:54:18,DDU,Clear,0.25,8.33,0.9,16.5,55.7
2026-04-19 21:05:06,DDU,Cloudy,0.22,7.58,0.0,33.0,87.9
2026-02-04 10:29:58,DDU,Rain,0.57,4.29,0.6,36.6,53.4
2026-01-11 09:47:21,DDU,Rain,0.07,8.65,7.8,18.2,76.0
2026-03-23 06:10:48,DDU,Rain,0.31,5.8,3.4,7.6,88.1
2026-03-17 09:20:29,DDU,Clear,0.44,5.79,0.1,23.6,56.3
2026-03-12 19:24:51,DDU,Clear,0.38,7.29,0.3,23.3,69.0
2026-02-21 13:45:59,DDU,Cloudy,0.17,8.19,0.1,21.9,78.1
2026-05-29 16:21:45,DDU,Fog,0.4,6.42,0.1,32.6,61.3
2026-03-01 02:14:57,DDU,Cloudy,0.18,8.36,0.4,23.9,59.3
2026-05-09 11:38:21,DDU,Cloudy,0.27,7.98,0.5,20.8,43.0
2026-02-05 21:33:47,DDU,Cloudy,0.13,8.83,0.6,21.6,51.3
2026-04-08 16:18:41,DDU,Clear,0.07,9.21,0.9,28.0,50.8
2026-04-11 00:05:14,DDU,Clear,0.16,9.68,0.8,21.3,90.9
2026-06-05 20:01:41,DDU,Cloudy,0.12,8.58,1.4,27.8,51.6
2026-04-03 18:15:24,DDU,Clear,0.12,8.65,1.4,46.2,56.0
2026-05-22 23:31:39,DDU,Fog,0.51,5.74,0.6,40.8,52.6
2026-03-16 13:03:44,DDU,Clear,0.29,7.57,0.7,35.8,79.3
2026-01-19 02:30:00,DDU,Rain,0.45,4.74,7.0,25.4,74.2
2026-01-01 14:10:12,DDU,Rain,0.47,5.73,32.7,23.4,59.3
2026-02-23 00:06:47,DDU,Clear,0.03,9.25,1.3,25.0,81.6
2026-01-12 07:45:06,DDU,Clear,0.23,7.7,0.7,30.6,59.3
2026-04-11 17:35:50,DDU,Clear,0.16,8.49,0.0,22.7,64.6
2026-04-22 13:55:13,DDU,Cloudy,0.02,10.27,1.3,18.8,77.6
2026-03-31 07:59:19,DDU,Rain,0.53,4.43,2.4,24.4,89.6
2026-02-04 16:19:56,DDU,Fog,0.83,3.06,0.4,6.3,74.2
2026-02-17 23:40:08,DDU,Fog,0.49,5.32,1.3,31.2,72.5
2026-02-16 23:05:00,DDU,Clear,0.44,5.99,1.5,14.6,69.8
2026-01-21 06:18:29,DDU,Clear,0.34,6.98,0.8,29.9,80.3
2026-02-20 07:33:50,DDU,Clear,0.07,8.93,0.8,13.3,22.7
2026-05-26 04:27:42,DDU,Clear,0.4,6.66,0.3,36.0,70.5
2026-05-25 14:10:17,DDU,Rain,0.4,4.94,9.0,20.2,59.1
2026-06-15 11:20:51,DDU,Cloudy,0.38,7.45,1.0,30.0,82.4
2026-04-29 10:02:22,DDU,Fog,0.65,4.4,0.5,24.4,32.3
2026-02-11 11:07:43,DDU,Cloudy,0.6,5.52,1.0,25.0,52.7
2026-01-20 12:50:58,DDU,Fog,0.45,6.24,0.4,16.1,85.5
2026-02-02 19:28:24,DDU,Cloudy,0.24,7.92,1.0,23.3,83.2
2026-06-13 19:52:00,DDU,Clear,0.02,9.76,0.5,18.7,42.4
2026-01-13 07:04:42,DDU,Fog,0.69,4.33,0.5,12.3,82.1
2026-05-13 15:42:28,DDU,Clear,0.22,8.53,1.0,19.8,64.4
2026-06-19 09:36:37,DDU,Clear,0.13,9.4,1.2,20.6,71.9
2026-05-20 03:58:58,DDU,Fog,0.83,3.2,0.9,40.6,77.7
2026-06-17 23:13:17,DDU,Clear,0.19,8.85,0.2,34.1,96.8
2026-02-16 01:23:24,DDU,Clear,0.61,5.24,0.3,13.7,48.5
2026-01-16 19:28:29,DDU,Clear,0.09,8.89,0.4,24.2,60.2
2026-05-24 07:42:23,DDU,Clear,0.34,8.06,1.2,27.3,45.1
2026-04-08 13:24:24,DDU,Rain,0.29,6.14,3.4,27.9,79.0
2026-05-07 20:33:04,DDU,Clear,0.34,7.24,0.6,35.1,76.1
2026-03-12 19:31:56,DDU,Clear,0.49,5.99,0.6,27.2,64.0
2026-01-17 03:57:36,DDU,Clear,0.14,9.46,0.3,27.7,43.3
2026-02-13 10:58:09,DDU,Cloudy,0.35,7.57,0.4,45.6,85.8
2026-05-07 13:40:10,DDU,Rain,0.14,7.44,14.1,24.0,86.2
2026-03-14 07:10:36,DDU,Clear,0.26,8.32,0.7,23.3,52.3
2026-01-19 14:35:58,DDU,Clear,0.43,6.1,0.2,16.3,54.1
2026-03-27 17:37:42,DDU,Clear,0.52,5.59,1.0,18.5,86.8
2026-02-09 19:40:50,DDU,Clear,0.49,6.66,1.3,18.8,76.2
2026-02-17 05:38:21,DDU,Cloudy,0.12,8.46,1.4,13.0,85.8
2026-05-12 04:03:42,DDU,Clear,0.31,6.76,0.6,16.1,56.2
2026-03-17 22:31:31,DDU,Fog,0.41,6.44,1.2,17.0,93.7
2026-03-13 00:31:56,DDU,Clear,0.17,8.92,1.3,23.7,88.3
2026-03-01 09:49:30,DDU,Fog,0.69,3.43,0.0,15.1,74.3
2026-02-18 12:36:33,DDU,Clear,0.1,9.87,1.0,26.4,71.0
2026-05-05 20:10:40,DDU,Clear,0.33,7.54,1.1,29.6,47.0
2026-06-17 20:02:44,DDU,Rain,0.32,5.78,5.6,31.6,62.2
2026-05-04 15:49:26,DDU,Rain,0.43,5.45,17.0,30.8,53.8
2026-03-01 08:24:57,DDU,Rain,0.08,7.91,14.5,19.6,94.1
2026-04-26 05:57:19,DDU,Clear,0.37,6.94,1.3,19.3,83.7
2026-05-12 02:57:33,DDU,Cloudy,0.33,7.52,0.0,25.9,84.0
2026-04-03 17:34:12,DDU,Clear,0.18,7.98,0.4,20.4,100.0
2026-05-31 19:06:31,DDU,Clear,0.08,9.04,1.2,29.2,52.1
2026-02-07 03:07:58,DDU,Clear,0.16,7.87,0.1,27.2,32.4
2026-02-06 21:12:22,DDU,Clear,0.19,8.04,1.2,21.4,64.3
2026-03-22 00:27:11,DDU,Clear,0.21,7.78,0.2,13.9,39.0
2026-05-25 21:40:40,DDU,Cloudy,0.36,6.43,1.4,33.4,60.3
2026-06-19 11:30:54,DDU,Clear,0.14,8.81,0.6,31.3,75.5
2026-02-17 14:58:18,DDU,Clear,0.42,7.21,0.1,30.1,55.6
2026-03-26 09:53:57,DDU,Clear,0.32,7.1,0.8,39.0,47.6
2026-05-17 21:50:03,DDU,Clear,0.58,4.92,0.5,31.9,86.6
2026-06-05 17:47:51,DDU,Cloudy,0.46,6.37,0.2,25.4,58.1
2026-04-23 20:07:53,DDU,Rain,0.15,6.7,12.9,8.8,68.2
2026-04-27 19:07:17,DDU,Rain,0.17,7.81,5.5,24.2,100.0
2026-05-12 01:41:47,DDU,Rain,0.35,6.2,7.3,29.1,69.7
2026-01-27 23:57:37,DDU,Rain,0.25,6.44,3.3,23.3,64.2
2026-05-12 05:19:47,DDU,Clear,0.01,9.89,0.7,33.7,67.4
2026-03-30 11:28:58,DDU,Clear,0.08,9.48,0.8,21.0,58.3
2026-03-11 21:53:48,DDU,Clear,0.23,8.14,0.8,13.2,42.5
2026-04-02 01:16:37,DDU,Cloudy,0.2,8.86,1.1,13.1,77.3
2026-06-27 22:15:59,DDU,Clear,0.19,7.9,0.4,18.2,85.7
2026-05-05 02:46:53,DDU,Clear,0.42,6.8,0.9,27.7,57.2
2026-06-15 18:54:20,DDU,Clear,0.24,8.03,0.4,41.0,59.1
2026-01-06 03:44:09,DDU,Rain,0.31,6.13,5.6,27.4,71.3
2026-02-22 23:17:37,DDU,Cloudy,0.12,8.7,1.3,13.1,67.2
2026-06-21 12:49:35,DDU,Clear,0.14,8.55,0.1,21.1,62.0
2026-03-13 09:04:20,DDU,Fog,0.74,3.97,0.2,4.5,63.4
2026-01-24 17:32:50,DDU,Cloudy,0.09,9.88,0.7,32.9,46.7
2026-04-21 12:47:40,DDU,Clear,0.29,6.66,0.2,41.0,73.5
2026-03-22 01:52:23,DDU,Cloudy,0.09,8.75,1.1,19.9,61.7
2026-05-27 12:34:33,DDU,Clear,0.41,6.57,1.0,32.5,90.9
2026-01-06 15:08:09,DDU,Clear,0.05,9.44,0.4,13.3,34.0
2026-01-17 17:48:44,DDU,Clear,0.08,9.32,1.0,29.9,74.9
2026-05-23 19:00:25,DDU,Cloudy,0.14,8.87,0.6,24.3,45.8
2026-04-22 03:51:14,DDU,Fog,0.55,5.78,0.9,19.8,74.9
2026-02-25 14:17:20,DDU,Clear,0.22,8.06,0.9,28.4,66.0
2026-04-18 00:57:15,DDU,Cloudy,0.38,7.22,0.0,24.1,74.5
2026-04-11 06:09:52,DDU,Clear,0.21,8.15,1.3,22.4,36.0
2026-05-11 08:28:19,DDU,Clear,0.12,9.02,1.3,24.7,61.9
2026-02-05 11:06:18,DDU,Clear,0.16,9.07,0.5,40.7,74.2
2026-04-16 12:29:14,DDU,Fog,0.77,3.53,0.4,11.3,91.8
2026-06-03 20:39:18,DDU,Fog,0.61,5.77,0.9,23.5,62.0
2026-06-06 17:00:17,DDU,Rain,0.24,7.73,2.4,15.9,40.1
2026-02-12 17:12:53,DDU,Rain,0.08,8.05,12.2,24.3,78.9
2026-06-12 17:11:15,DDU,Clear,0.23,8.29,1.0,26.4,71.4
2026-05-19 00:29:35,DDU,Clear,0.15,8.47,0.9,24.7,77.8
2026-05-06 09:12:03,DDU,Clear,0.2,7.64,1.0,31.7,92.2
2026-02-10 13:11:24,DDU,Clear,0.38,6.65,1.1,16.6,68.5
2026-02-26 10:51:48,DDU,Clear,0.73,2.66,0.2,15.2,100.0
2026-05-30 17:24:41,DDU,Fog,0.74,3.72,1.2,28.0,49.6
2026-02-18 05:59:12,DDU,Cloudy,0.3,7.06,0.5,17.5,43.5
2026-04-05 06:42:27,DDU,Clear,0.46,6.2,1.0,24.9,65.8
2026-04-07 23:44:03,DDU,Clear,0.25,8.44,1.3,28.9,79.3
2026-06-07 07:40:56,DDU,Clear,0.25,7.34,1.3,27.9,59.3
2026-01-10 08:49:01,DDU,Cloudy,0.39,7.03,0.3,27.6,54.7
2026-06-03 13:09:38,DDU,Clear,0.04,9.53,1.1,38.3,90.2
2026-02-14 20:17:11,DDU,Fog,0.54,5.3,0.4,31.4,20.0
2026-03-02 20:37:20,DDU,Clear,0.78,3.01,1.2,24.7,91.9
2026-02-05 13:05:52,DDU,Clear,0.1,8.06,0.2,17.9,38.4
2026-05-17 05:54:41,DDU,Cloudy,0.06,8.52,0.8,25.6,78.6
2026-02-17 09:25:29,DDU,Fog,0.62,5.54,0.8,19.8,100.0
2026-05-06 06:50:57,DDU,Clear,0.07,9.27,1.3,17.0,57.0
2026-02-03 23:52:36,DDU,Fog,0.56,5.7,0.1,26.8,100.0
2026-06-15 18:57:03,DDU,Fog,0.48,6.12,0.8,40.5,77.1
2026-01-15 03:36:17,DDU,Fog,0.68,4.13,0.3,11.3,31.4
2026-06-04 21:25:09,DDU,Cloudy,0.06,8.39,1.5,40.9,49.6
2026-03-23 02:42:54,DDU,Rain,0.13,6.77,13.4,23.9,54.6
2026-06-30 05:32:06,DDU,Rain,0.42,5.25,21.3,23.3,56.0
2026-06-08 16:06:50,DDU,Clear,0.21,8.69,0.2,19.5,83.6
2026-03-31 11:33:39,DDU,Clear,0.2,8.17,0.0,32.9,63.1
2026-05-02 00:17:01,DDU,Clear,0.46,6.15,1.4,32.8,57.2
2026-06-20 10:34:16,DDU,Clear,0.27,7.13,0.6,42.3,58.5
2026-03-29 22:52:43,DDU,Clear,0.11,8.23,0.4,29.3,64.4
2026-02-01 21:21:33,DDU,Cloudy,0.27,8.26,0.4,15.4,85.5
2026-05-28 18:35:49,DDU,Cloudy,0.42,6.2,1.0,31.2,58.1
2026-03-30 06:09:09,DDU,Clear,0.09,8.49,0.2,13.7,62.1
2026-01-07 11:03:45,DDU,Cloudy,0.26,7.77,0.7,24.2,84.2
2026-04-19 07:29:25,DDU,Clear,0.4,5.37,1.1,25.3,99.6
2026-05-07 08:54:39,DDU,Clear,0.34,6.7,1.1,25.3,59.2
2026-04-22 01:34:21,DDU,Cloudy,0.23,8.57,1.4,31.6,85.1
2026-02-28 16:21:13,DDU,Clear,0.38,6.65,0.3,34.7,44.3
2026-04-07 17:54:54,DDU,Fog,0.47,6.62,0.2,19.5,92.6
2026-04-13 22:27:04,DDU,Rain,0.03,9.18,24.7,18.2,38.6
2026-05-27 21:51:05,DDU,Rain,0.21,7.34,11.3,37.8,83.8
2026-02-23 19:13:44,DDU,Fog,0.5,5.72,0.1,39.9,65.5
2026-05-06 04:53:55,DDU,Cloudy,0.3,7.33,0.8,15.4,61.7
2026-04-11 07:07:56,DDU,Clear,0.17,9.06,1.2,23.5,58.7
2026-05-18 22:19:08,DDU,Clear,0.19,8.19,0.8,28.7,63.4
2026-04-20 00:18:51,DDU,Clear,0.17,8.91,1.2,35.5,50.8
2026-06-04 04:13:52,DDU,Cloudy,0.28,7.48,0.2,30.7,98.0
2026-04-09 09:52:18,DDU,Cloudy,0.37,7.32,0.8,27.5,81.5
2026-01-20 16:54:37,DDU,Clear,0.37,5.95,0.2,16.6,70.3
2026-03-24 01:49:38,DDU,Clear,0.44,6.13,0.4,33.4,76.2
2026-04-14 06:09:05,DDU,Clear,0.4,6.98,1.4,23.8,84.4
2026-02-18 13:13:07,DDU,Rain,0.28,5.29,10.1,21.1,93.9
2026-04-23 19:23:22,DDU,Cloudy,0.08,9.38,0.1,16.0,73.4
2026-06-19 06:11:30,DDU,Cloudy,0.1,8.74,1.1,16.4,56.9
2026-05-09 08:26:13,DDU,Clear,0.25,7.53,1.0,11.1,81.6
2026-01-25 06:16:43,DDU,Clear,0.27,7.38,0.6,26.6,82.5
2026-04-28 15:13:51,DDU,Clear,0.21,8.09,0.9,26.8,57.7
2026-03-31 21:48:15,DDU,Clear,0.46,5.69,0.0,17.8,82.7
2026-02-24 23:37:23,DDU,Clear,0.38,7.28,0.8,26.0,94.4
2026-05-03 04:39:52,DDU,Rain,0.43,5.02,7.3,18.7,61.2
2026-01-10 09:08:48,DDU,Clear,0.6,5.06,0.9,25.2,100.0
2026-02-18 05:18:35,DDU,Clear,0.31,7.45,1.4,18.1,81.5
2026-03-06 08:43:15,DDU,Clear,0.12,8.68,1.1,28.3,24.7
2026-04-14 21:53:49,DDU,Clear,0.34,7.65,1.0,14.6,78.7
2026-01-01 08:08:55,DDU,Clear,0.24,7.42,0.4,19.3,67.3
2026-04-26 22:04:59,DDU,Clear,0.56,5.23,0.0,25.7,76.7
2026-04-09 09:04:53,DDU,Clear,0.35,6.97,0.7,24.3,38.6
2026-04-20 03:41:34,DDU,Clear,0.3,7.93,0.1,15.0,82.8
2026-03-19 22:24:31,DDU,Clear,0.17,8.18,0.5,29.8,66.4
2026-05-10 05:36:01,DDU,Cloudy,0.28,7.12,1.2,28.8,67.6
2026-02-05 20:00:36,DDU,Clear,0.22,6.89,0.7,27.2,83.1
2026-06-13 14:53:00,DDU,Clear,0.1,9.6,1.4,19.1,79.3
2026-05-23 14:12:28,DDU,Rain,0.4,5.79,12.9,24.6,68.7
2026-06-01 17:45:40,DDU,Clear,0.16,8.65,1.2,27.2,69.6
2026-04-20 13:43:22,DDU,Clear,0.31,8.38,0.5,36.9,58.4
2026-06-23 23:22:26,DDU,Rain,0.23,7.44,15.0,23.4,73.3
2026-05-14 11:51:08,DDU,Cloudy,0.36,7.36,1.3,15.6,100.0
2026-06-25 05:09:33,DDU,Clear,0.34,6.86,0.9,32.9,65.1
2026-04-09 12:41:12,DDU,Clear,0.42,6.83,0.2,38.7,100.0
2026-02-25 19:00:28,DDU,Cloudy,0.31,6.93,1.2,29.6,63.9
2026-03-10 17:04:28,DDU,Rain,0.17,7.42,19.6,32.7,61.3
2026-01-15 08:41:38,DDU,Rain,0.17,7.74,15.6,20.0,80.0
2026-05-31 16:15:53,DDU,Rain,0.57,4.01,2.5,22.8,100.0
2026-02-03 02:01:46,DDU,Cloudy,0.32,7.25,0.9,23.3,100.0
2026-03-24 20:15:50,DDU,Clear,0.38,6.02,0.5,24.5,54.2
2026-06-02 14:48:15,DDU,Rain,0.15,6.29,3.5,23.0,61.2
2026-04-20 21:04:25,DDU,Clear,0.37,7.35,0.6,30.2,67.2
2026-05-16 21:25:33,DDU,Clear,0.16,8.54,0.7,35.0,52.3
2026-01-16 21:20:44,DDU,Fog,0.58,5.1,0.3,26.4,74.6
2026-03-31 22:52:33,DDU,Rain,0.22,7.31,8.4,26.4,50.0
2026-04-20 17:49:28,DDU,Cloudy,0.2,8.33,0.1,23.8,70.9
2026-06-23 23:04:53,DDU,Clear,0.34,5.81,1.3,19.1,100.0
2026-04-28 14:21:57,DDU,Clear,0.11,9.25,1.3,13.7,97.4
2026-05-16 03:24:58,DDU,Clear,0.12,9.5,1.2,27.2,45.8
2026-05-03 06:19:02,DDU,Clear,0.1,8.6,0.2,39.6,78.7
2026-02-16 02:48:22,DDU,Cloudy,0.13,8.51,0.3,27.5,90.6
2026-04-05 04:15:50,DDU,Clear,0.36,5.45,0.3,24.7,53.5
2026-06-14 02:08:03,DDU,Clear,0.41,5.68,0.8,25.1,49.3
