timestamp,current_station,weather,fog_index,visibility_km,rainfall_mm,temperature_c,humidity_percent
2026-03-12 16:11:29,GAYA,Clear,0.13,9.21,0.9,43.7,31.1
2026-04-05 19:02:38,GAYA,Clear,0.25,7.24,0.4,31.3,75.5
2026-05-18 17:26:46,GAYA,Rain,0.49,4.22,5.8,11.9,61.1
2026-06-23 09:38:09,GAYA,Clear,0.27,8.05,1.3,13.2,67.5
2026-02-22 19:30:53,GAYA,Fog,0.73,2.99,0.6,31.9,100.0
2026-05-05 07:40:26,GAYA,Cloudy,0.17,9.18,0.9,21.7,86.6
2026-06-17 10:54:10,GAYA,Rain,0.07,8.16,18.2,20.4,51.9
2026-04-11 06:45:20,GAYA,Rain,0.41,5.23,2.0,22.6,50.4
2026-05-03 02:02:29,GAYA,Clear,0.75,3.82,1.3,26.5,52.7
2026-05-02 15:27:33,GAYA,Clear,0.28,7.29,1.1,32.8,54.5
2026-02-15 21:35:14,GAYA,Clear,0.19,8.91,0.4,17.1,100.0
2026-05-24 19:51:55,GAYA,Clear,0.12,8.57,0.7,18.9,73.3
2026-04-22 03:57:40,GAYA,Fog,0.39,7.1,0.2,35.0,71.1
2026-03-18 23:55:03,GAYA,Cloudy,0.27,7.55,0.9,32.0,75.4
2026-01-07 05:01:39,GAYA,Clear,0.44,5.89,0.5,33.1,70.2
2026-03-10 23:59:11,GAYA,Fog,0.83,2.57,1.3,34.4,87.4
2026-03-30 00:04:19,GAYA,Fog,0.45,6.32,0.1,31.6,77.6
2026-06-25 20:10:36,GAYA,Rain,0.25,6.21,5.9,21.4,46.1
2026-05-26 20:08:58,GAYA,Clear,0.09,9.72,0.6,22.5,56.9
2026-03-09 17:19:55,GAYA,Clear,0.29,7.43,0.2,29.3,70.3
2026-05-02 08:08:59,GAYA,Clear,0.74,3.04,0.9,33.6,42.7
2026-05-09 18:16:31,GAYA,Cloudy,0.37,6.59,0.5,37.5,48.4
2026-01-03 16:27:29,GAYA,Clear,0.33,7.6,0.6,22.8,65.7
2026-05-08 10:27:31,GAYA,Clear,0.25,8.69,0.5,30.0,70.5
2026-01-11 19:51:29,GAYA,Fog,0.95,2.39,0.2,39.0,89.8
2026-01-01 04:05:09,GAYA,Cloudy,0.22,8.02,0.2,14.7,64.9
2026-03-14 21:52:12,GAYA,Clear,0.15,7.91,1.4,9.3,65.5
2026-04-08 02:35:48,GAYA,Clear,0.31,7.81,0.6,29.5,86.4
2026-03-22 02:03:37,GAYA,Fog,0.46,5.93,1.2,37.9,55.4
2026-04-05 23:52:17,GAYA,Clear,0.36,5.86,1.4,25.7,65.5
2026-02-08 06:20:30,GAYA,Fog,0.84,2.57,0.9,17.2,70.8
2026-04-21 17:21:02,GAYA,Clear,0.08,9.14,0.3,9.1,24.2
2026-05-18 22:01:23,GAYA,Rain,0.33,5.93,6.0,28.0,41.5
2026-05-16 15:15:34,GAYA,Clear,0.44,5.49,0.8,28.3,74.3
2026-06-18 20:57:07,GAYA,Cloudy,0.57,4.9,1.4,22.0,75.5
2026-02-15 18:33:54,GAYA,Fog,0.71,3.62,1.1,35.0,89.8
2026-05-19 05:17:26,GAYA,Clear,0.09,9.52,1.4,27.5,71.7
2026-06-07 04:25:49,GAYA,Clear,0.25,7.35,0.2,24.6,50.5
2026-04-17 01:06:33,GAYA,Clear,0.39,6.48,1.4,19.5,89.7
2026-03-10 01:05:42,GAYA,Clear,0.27,7.65,0.1,24.7,72.3
2026-03-07 06:24:12,GAYA,Clear,0.28,7.11,0.3,20.3,44.5
2026-02-06 16:49:47,GAYA,Clear,0.15,8.88,1.4,11.3,30.6
2026-04-26 23:30:17,GAYA,Clear,0.25,8.19,0.9,10.7,77.6
2026-03-22 20:48:43,GAYA,Clear,0.1,9.71,0.9,32.6,66.4
2026-02-07 15:34:20,GAYA,Clear,0.32,6.88,1.0,23.2,45.2
2026-02-24 03:32:07,GAYA,Cloudy,0.41,6.06,0.8,20.5,40.1
2026-02-24 14:59:04,GAYA,Cloudy,0.11,9.2,1.0,20.2,68.4
2026-03-02 21:30:16,GAYA,Clear,0.33,7.44,0.2,20.7,70.8
2026-03-02 11:41:10,GAYA,Clear,0.22,8.16,1.2,24.7,91.4
2026-03-08 03:45:31,GAYA,Rain,0.13,6.79,5.8,34.2,57.4
2026-01-05 12:50:33,GAYA,Cloudy,0.13,9.04,1.1,21.2,50.4
2026-02-11 09:27:45,GAYA,Clear,0.14,9.61,0.0,25.9,62.2
2026-02-12 07:48:33,GAYA,Clear,0.14,9.18,0.6,22.6,61.4
2026-04-27 18:58:32,GAYA,Clear,0.08,9.25,0.1,15.2,89.7
2026-05-16 14:19:58,GAYA,Cloudy,0.17,8.79,0.3,13.3,53.7
2026-01-14 23:42:21,GAYA,Fog,0.58,4.5,1.5,31.6,69.7
2026-06-09 04:11:07,GAYA,Cloudy,0.51,5.73,1.0,23.0,72.5
2026-05-19 19:21:13,GAYA,Clear,0.01,9.76,1.4,32.3,83.1
2026-03-01 12:18:06,GAYA,Rain,0.78,1.9,2.4,25.5,59.8
2026-06-05 07:22:14,GAYA,Clear,0.57,5.82,0.9,30.2,25.7
2026-04-11 22:33:25,GAYA,Clear,0.37,6.59,1.2,26.1,41.8
2026-01-29 06:35:58,GAYA,Clear,0.26,8.14,0.7,24.9,70.1
2026-06-21 18:13:21,GAYA,Clear,0.05,9.74,1.3,20.3,39.4
2026-04-25 05:15:25,GAYA,Cloudy,0.31,7.15,0.6,24.1,88.4
2026-03-24 09:02:04,GAYA,Fog,0.72,3.12,1.0,29.9,64.5
2026-03-23 17:24:33,GAYA,Clear,0.18,8.46,0.1,28.2,67.3
2026-04-19 13:27:57,GAYA,Rain,0.46,4.67,14.6,25.1,70.5
2026-02-12 05:34:13,GAYA,Rain,0.42,5.37,9.1,24.7,100.0
2026-03-21 05:36:04,GAYA,Clear,0.1,9.42,0.3,17.4,56.2
2026-03-27 00:37:22,GAYA,Rain,0.35,5.57,18.9,28.8,48.0
2026-05-11 09:02:49,GAYA,Clear,0.17,8.7,1.4,17.7,29.7
2026-06-13 01:09:28,GAYA,Clear,0.19,7.82,0.3,26.8,72.7
2026-01-20 08:57:57,GAYA,Cloudy,0.36,6.72,0.4,20.8,62.6
2026-03-26 05:42:04,GAYA,Rain,0.49,5.18,4.4,31.8,58.8
2026-01-08 10:29:12,GAYA,Clear,0.06,10.23,0.8,18.3,68.0
2026-04-22 14:40:23,GAYA,Rain,0.12,7.77,5.7,28.7,40.7
2026-01-26 16:13:57,GAYA,Clear,0.32,7.71,0.0,34.9,54.4
2026-03-08 17:53:53,GAYA,Clear,0.27,7.74,0.5,22.8,74.8
2026-01-14 21:26:15,GAYA,Clear,0.03,9.43,0.5,28.4,58.4
2026-04-04 21:59:26,GAYA,Cloudy,0.19,8.68,0.9,18.2,82.2
2026-06-03 05:49:21,GAYA,Clear,0.18,8.57,1.1,25.4,72.3
2026-02-26 10:41:05,GAYA,Clear,0.62,5.16,0.3,37.0,69.8
2026-01-24 17:22:30,GAYA,Clear,0.19,8.14,0.3,30.3,32.9
2026-06-16 23:04:45,GAYA,Clear,0.64,3.9,1.4,34.6,80.3
2026-06-09 22:27:45,GAYA,Clear,0.33,6.96,0.3,7.3,97.2
2026-02-25 01:57:57,GAYA,Clear,0.68,4.61,0.3,32.4,37.1
2026-03-14 17:01:41,GAYA,Cloudy,0.57,5.03,0.4,11.7,52.0
2026-05-12 11:02:28,GAYA,Clear,0.47,6.01,1.1,18.9,67.4
2026-02-26 10:18:48,GAYA,Clear,0.47,5.72,0.2,15.6,83.5
2026-03-01 13:05:41,GAYA,Clear,0.37,7.26,0.0,25.2,79.0
2026-03-03 22:00:37,GAYA,Rain,0.32,5.35,13.0,24.6,60.1
2026-03-17 11:09:16,GAYA,Cloudy,0.1,8.83,1.0,33.2,54.1
2026-02-26 17:03:06,GAYA,Fog,0.53,5.81,1.2,37.2,79.4
2026-03-02 23:40:00,GAYA,Cloudy,0.34,7.11,0.4,28.7,40.6
2026-04-20 08:28:33,GAYA,Cloudy,0.24,8.16,0.3,4.5,60.5
2026-04-22 00:25:20,GAYA,Fog,0.51,5.86,0.4,18.3,66.3
2026-05-28 12:19:42,GAYA,Clear,0.17,9.21,0.9,24.5,58.7
2026-03-21 20:41:28,GAYA,Cloudy,0.26,7.7,0.8,28.0,64.7
2026-02-18 21:55:39,GAYA,Cloudy,0.27,7.52,0.4,21.7,60.2
2026-04-23 11:47:35,GAYA,Clear,0.26,8.29,1.3,30.7,80.3
2026-01-19 19:36:01,GAYA,Clear,0.49,5.24,0.1,19.9,73.2
2026-03-22 02:07:31,GAYA,Cloudy,0.67,4.19,1.2,10.4,100.0
2026-03-07 10:02:20,GAYA,Clear,0.31,7.37,0.5,22.4,68.3
2026-03-31 03:42:41,GAYA,Clear,0.19,8.34,0.4,15.1,100.0
2026-05-18 15:40:38,GAYA,Cloudy,0.22,8.17,0.0,25.8,77.8
2026-04-23 11:37:20,GAYA,Cloudy,0.22,8.68,0.7,16.0,67.6
2026-03-02 03:06:27,GAYA,Clear,0.17,7.98,1.4,36.5,53.1
2026-06-05 04:40:45,GAYA,Rain,0.27,6.46,7.9,12.3,55.4
2026-05-21 21:25:50,GAYA,Clear,0.25,7.8,0.8,22.3,56.8
2026-06-21 09:38:05,GAYA,Clear,0.39,6.5,0.6,32.0,81.2
2026-05-31 21:18:09,GAYA,Clear,0.08,9.76,0.6,6.3,81.1
2026-01-05 23:52:20,GAYA,Rain,0.2,7.01,3.6,23.4,100.0
2026-02-01 17:30:56,GAYA,Cloudy,0.47,6.26,0.8,28.5,86.8
2026-01-29 23:05:26,GAYA,Rain,0.21,7.19,9.1,38.3,45.1
2026-03-05 13:31:40,GAYA,Clear,0.07,9.99,1.2,43.3,51.7
2026-05-14 08:52:56,GAYA,Clear,0.14,9.19,0.8,37.0,87.9
2026-06-02 01:46:06,GAYA,Rain,0.11,7.83,9.5,8.2,81.2
2026-05-13 04:28:07,GAYA,Clear,0.1,9.23,1.3,17.6,78.2
2026-01-19 10:31:32,GAYA,Rain,0.21,6.32,0.9,27.8,44.2
2026-03-30 05:45:19,GAYA,Fog,0.91,1.95,1.1,36.8,82.0
2026-06-29 15:09:20,GAYA,Clear,0.27,7.78,0.4,28.0,55.8
2026-02-16 06:32:41,GAYA,Clear,0.43,6.42,0.4,11.6,63.1
2026-02-19 00:15:15,GAYA,Clear,0.05,9.13,1.3,23.3,74.6
2026-06-16 17:05:54,GAYA,Clear,0.53,6.0,1.2,25.4,70.3
2026-02-05 05:22:36,GAYA,Clear,0.52,5.16,1.3,23.4,50.4
2026-05-01 05:57:33,GAYA,Clear,0.25,7.97,1.4,29.9,100.0
2026-04-13 16:29:01,GAYA,Rain,0.25,6.69,12.2,26.7,43.2
2026-02-06 10:32:18,GAYA,Fog,0.75,3.71,0.5,16.2,30.6
2026-02-06 11:36:12,GAYA,Rain,0.25,7.23,16.6,21.2,72.0
2026-02-28 03:23:01,GAYA,Clear,0.22,7.29,1.1,32.1,57.0
2026-02-06 18:10:54,GAYA,Clear,0.1,9.33,0.9,31.6,31.3
2026-04-03 23:37:21,GAYA,Clear,0.35,6.69,0.7,26.1,73.2
2026-02-17 19:54:14,GAYA,Clear,0.13,8.55,1.4,4.5,91.0
2026-02-25 15:39:12,GAYA,Clear,0.1,8.68,0.3,6.2,65.8
2026-02-04 11:39:54,GAYA,Cloudy,0.23,8.22,1.4,25.2,30.8
2026-04-10 23:13:59,GAYA,Rain,0.27,6.22,10.1,24.1,68.7
2026-05-20 11:58:02,GAYA,Clear,0.34,7.08,1.0,30.0,55.0
2026-01-04 23:41:37,GAYA,Cloudy,0.31,7.82,0.7,30.6,61.7
2026-04-12 06:58:41,GAYA,Cloudy,0.25,8.25,0.7,21.4,71.0
2026-05-13 21:01:14,GAYA,Clear,0.17,7.96,0.6,40.4,69.8
2026-02-04 09:06:30,GAYA,Rain,0.16,7.25,22.8,20.5,74.8
2026-04-25 21:19:29,GAYA,Clear,0.16,8.45,0.2,19.8,49.8
2026-03-31 03:09:10,GAYA,Cloudy,0.09,9.35,0.3,34.5,38.5
2026-06-10 12:27:40,GAYA,Clear,0.19,9.03,0.3,28.9,99.4
2026-04-30 22:39:01,GAYA,Clear,0.37,7.23,0.3,34.7,72.8
2026-03-31 07:42:44,GAYA,Cloudy,0.27,7.86,1.2,31.2,56.3
2026-04-29 06:15:38,GAYA,Cloudy,0.08,9.31,1.3,17.5,77.7
2026-02-11 11:16:48,GAYA,Clear,0.15,8.5,1.0,32.9,84.1
2026-02-05 04:01:22,GAYA,Clear,0.25,8.58,0.1,11.9,48.7
2026-04-10 12:18:27,GAYA,Clear,0.44,6.39,1.3,25.7,54.2
2026-03-16 06:12:13,GAYA,Fog,0.65,4.93,0.4,7.4,89.2
2026-03-11 18:26:10,GAYA,Clear,0.38,6.89,0.8,19.8,65.0
2026-06-19 03:57:11,GAYA,Clear,0.06,8.89,0.9,25.7,70.6
2026-01-20 16:37:37,GAYA,Cloudy,0.15,8.76,0.2,22.1,49.8
2026-06-07 08:19:43,GAYA,Clear,0.3,7.36,1.0,24.2,44.6
2026-05-09 04:24:26,GAYA,Clear,0.27,7.62,1.0,25.7,99.4
2026-03-27 13:57:42,GAYA,Clear,0.32,7.46,0.2,27.9,48.7
2026-05-15 17:18:27,GAYA,Clear,0.09,9.24,0.1,19.7,54.1
2026-03-03 13:56:34,GAYA,Clear,0.15,9.34,0.4,15.5,37.8
2026-05-23 10:09:45,GAYA,Rain,0.16,6.86,14.2,30.4,70.6
2026-01-26 04:17:12,GAYA,Clear,0.45,6.65,1.3,28.9,82.4
2026-06-30 07:57:45,GAYA,Clear,0.03,10.11,1.0,24.0,34.4
2026-06-08 23:48:02,GAYA,Fog,0.52,5.65,1.4,27.2,42.1
2026-01-12 22:28:49,GAYA,Clear,0.03,9.79,0.8,31.1,61.2
2026-06-08 00:43:18,GAYA,Clear,0.37,6.33,0.7,30.7,45.3
2026-01-25 19:07:34,GAYA,Clear,0.56,6.22,1.1,28.3,70.7
2026-02-02 03:22:23,GAYA,Fog,0.71,3.76,0.7,24.4,77.6
2026-04-24 05:43:19,GAYA,Clear,0.39,6.19,0.1,35.4,41.2
2026-01-22 12:12:27,GAYA,Clear,0.74,3.62,1.2,22.1,80.7
2026-01-11 19:04:47,GAYA,Cloudy,0.26,8.32,1.4,10.6,82.3
2026-06-22 22:09:58,GAYA,Clear,0.45,5.68,0.4,19.5,68.2
2026-03-07 00:18:35,GAYA,Clear,0.48,6.61,0.1,29.4,48.3
2026-06-09 00:23:14,GAYA,Clear,0.34,6.99,1.2,30.7,67.0
2026-02-01 11:53:49,GAYA,Cloudy,0.36,6.89,1.3,18.2,79.0
2026-02-16 20:00:30,GAYA,Clear,0.25,7.69,1.2,18.3,81.0
2026-05-09 03:57:40,GAYA,Clear,0.06,9.16,1.4,14.6,68.1
2026-06-05 09:40:48,GAYA,Clear,0.64,5.08,1.2,26.2,61.9
2026-01-11 11:59:19,GAYA,Cloudy,0.39,7.02,0.5,19.8,57.6
2026-06-13 17:01:12,GAYA,Cloudy,0.4,6.38,1.4,35.8,72.1
2026-02-07 06:51:06,GAYA,Fog,0.47,5.27,0.5,29.3,68.3
2026-01-27 08:14:10,GAYA,Clear,0.51,5.79,0.0,21.7,77.5
2026-02-16 06:44:54,GAYA,Cloudy,0.24,7.76,0.5,18.3,56.5
2026-02-21 22:15:47,GAYA,Cloudy,0.07,9.36,0.1,30.5,46.6
2026-06-15 20:29:18,GAYA,Clear,0.34,7.7,0.5,20.6,52.1
2026-05-05 09:30:07,GAYA,Clear,0.13,7.66,0.9,26.9,96.3
2026-03-25 11:33:10,GAYA,Clear,0.24,8.1,1.0,17.3,71.3
2026-02-17 13:41:03,GAYA,Clear,0.19,8.06,1.5,32.8,84.7
2026-02-11 01:41:50,GAYA,Clear,0.13,9.23,1.5,31.7,77.5
2026-04-10 16:23:38,GAYA,Cloudy,0.13,9.36,1.1,14.6,72.1
2026-06-16 08:22:55,GAYA,Rain,0.3,5.82,23.3,29.3,79.9
2026-03-16 16:25:02,GAYA,Rain,0.34,6.46,3.7,29.3,46.0
2026-06-05 18:04:48,GAYA,Clear,0.23,7.87,0.7,23.7,42.6
2026-03-24 22:32:47,GAYA,Fog,0.58,5.21,1.0,35.7,95.2
2026-03-31 13:35:22,GAYA,Rain,0.55,4.43,3.6,36.4,76.0
2026-05-20 12:40:00,GAYA,Clear,0.19,8.41,0.9,15.3,20.0
2026-05-17 12:38:52,GAYA,Fog,0.64,5.04,1.1,30.6,100.0
2026-02-14 05:13:36,GAYA,Clear,0.24,7.62,0.2,34.6,71.7
2026-05-07 17:41:58,GAYA,Clear,0.26,7.43,0.6,19.8,80.7
2026-03-07 12:52:35,GAYA,Clear,0.65,4.76,1.5,34.4,87.1
2026-01-05 15:17:12,GAYA,Clear,0.16,9.18,0.7,27.5,65.8
2026-04-12 00:30:51,GAYA,Clear,0.15,8.77,1.0,30.6,81.8
2026-01-31 19:04:17,GAYA,Cloudy,0.03,10.22,0.8,30.5,42.4
2026-04-25 03:34:56,GAYA,Rain,0.2,7.09,6.1,27.9,66.7
2026-01-25 01:40:49,GAYA,Rain,0.36,5.51,2.1,11.7,51.6
2026-04-07 17:24:24,GAYA,Cloudy,0.07,9.52,1.4,16.8,80.5
2026-05-14 21:01:17,GAYA,Clear,0.33,8.15,0.5,30.4,60.6
2026-03-19 20:24:24,GAYA,Clear,0.05,9.33,1.3,15.8,64.1
2026-01-20 02:16:05,GAYA,Rain,0.38,4.9,9.3,27.5,100.0
2026-05-02 19:21:50,GAYA,Rain,0.25,6.65,7.6,16.0,97.7
2026-06-05 14:02:27,GAYA,Clear,0.31,7.5,1.2,34.0,58.7
2026-04-15 14:33:02,GAYA,Fog,0.58,4.54,1.4,13.3,56.3
2026-02-02 18:02:44,GAYA,Clear,0.35,6.91,0.1,38.5,65.8
2026-06-27 20:47:14,GAYA,Cloudy,0.59,5.02,1.0,25.7,62.4
2026-06-04 13:38:24,GAYA,Clear,0.22,8.18,0.7,29.5,58.9
2026-06-19 21:49:50,GAYA,Clear,0.22,8.07,1.1,36.2,100.0
2026-01-03 04:51:51,GAYA,Fog,0.54,5.22,0.5,27.2,62.2
2026-02-27 10:58:02,GAYA,Clear,0.39,7.43,0.2,13.6,56.7
2026-03-23 15:47:03,GAYA,Clear,0.1,9.83,1.4,25.0,71.0
2026-05-04 07:37:08,GAYA,Clear,0.16,8.51,0.2,22.6,86.9
2026-05-30 10:19:05,GAYA,Rain,0.08,8.51,5.9,27.1,90.2
2026-03-06 12:03:09,GAYA,Clear,0.24,7.83,0.3,21.8,44.0
2026-05-25 11:38:16,GAYA,Fog,0.43,6.4,1.0,20.6,76.5
2026-05-22 10:55:19,GAYA,Clear,0.03,10.05,1.1,37.2,54.7
2026-06-11 05:48:34,GAYA,Clear,0.31,7.1,1.5,20.5,30.8
2026-02-26 05:32:20,GAYA,Clear,0.36,6.88,1.2,29.0,60.7
2026-02-28 06:14:14,GAYA,Rain,0.49,4.21,8.5,29.4,69.3
2026-02-16 13:00:46,GAYA,Clear,0.27,7.05,0.8,34.8,84.8
2026-04-02 05:04:05,GAYA,Clear,0.34,8.06,0.7,24.1,94.7
2026-03-26 18:27:33,GAYA,Rain,0.13,8.37,8.2,23.4,47.4
2026-05-15 09:12:37,GAYA,Rain,0.05,8.7,13.1,27.1,53.7
2026-06-28 12:34:25,GAYA,Fog,0.48,5.71,0.1,26.8,77.9
2026-05-26 08:24:33,GAYA,Fog,0.39,6.07,1.3,28.7,69.4
2026-05-20 16:51:40,GAYA,Clear,0.31,7.93,0.1,14.1,93.2
2026-05-24 08:20:07,GAYA,Fog,0.69,5.24,0.5,42.0,100.0
2026-03-16 23:49:50,GAYA,Clear,0.51,5.03,1.2,32.7,81.4
2026-05-26 14:34:34,GAYA,Clear,0.32,7.84,0.7,31.4,80.2
2026-06-17 05:27:32,GAYA,Rain,0.28,6.87,7.3,25.2,90.5
2026-06-22 22:17:05,GAYA,Clear,0.08,9.52,1.2,13.0,45.6
2026-02-08 05:07:07,GAYA,Cloudy,0.42,6.88,0.9,29.7,62.0
2026-03-11 01:50:18,GAYA,Cloudy,0.08,9.48,0.3,8.6,69.6
2026-03-30 04:57:06,GAYA,Cloudy,0.07,9.34,0.5,23.2,65.3
2026-03-04 17:43:34,GAYA,Cloudy,0.08,9.76,0.0,12.5,37.1
2026-05-23 23:52:02,GAYA,Rain,0.16,6.55,4.3,22.2,79.3
2026-03-14 22:43:47,GAYA,Clear,0.03,9.56,0.1,24.9,57.6
2026-01-17 06:45:20,GAYA,Rain,0.22,7.39,13.2,23.6,65.5
2026-04-19 10:21:09,GAYA,Cloudy,0.42,6.37,0.7,23.4,85.4
2026-04-04 13:18:58,GAYA,Clear,0.04,9.96,0.6,24.5,61.4
2026-06-11 18:29:35,GAYA,Clear,0.17,9.77,1.3,28.7,56.9
2026-06-06 13:09:46,GAYA,Clear,0.21,8.03,1.2,36.2,34.8
2026-05-07 06:41:08,GAYA,Clear,0.11,8.57,1.2,27.9,38.1
2026-05-13 01:19:50,GAYA,Clear,0.16,8.7,1.2,13.1,75.6
2026-06-30 06:59:02,GAYA,Cloudy,0.25,8.3,0.5,20.9,73.7
2026-06-11 05:05:47,GAYA,Clear,0.04,10.18,0.8,26.5,41.3
2026-05-18 18:48:18,GAYA,Clear,0.04,9.77,0.6,23.7,75.6
2026-06-22 15:27:59,GAYA,Rain,0.25,6.73,7.7,18.6,75.9
2026-04-13 19:23:13,GAYA,Clear,0.03,10.4,0.6,18.2,65.6
2026-04-01 17:13:36,GAYA,Rain,0.15,7.1,1.7,21.4,44.9
2026-03-21 05:50:04,GAYA,Clear,0.32,6.4,1.5,24.6,82.5
2026-06-17 08:38:21,GAYA,Clear,0.23,7.31,0.5,25.3,69.8
2026-01-09 08:03:12,GAYA,Clear,0.41,6.54,1.4,24.2,48.8
2026-05-10 04:23:14,GAYA,Clear,0.17,8.7,0.0,6.8,85.9
2026-02-09 07:19:36,GAYA,Cloudy,0.42,6.83,1.3,20.8,37.0
2026-05-15 17:54:41,GAYA,Cloudy,0.23,7.74,1.3,8.2,54.6
2026-04-12 08:54:21,GAYA,Fog,0.69,4.41,0.2,15.8,84.3
2026-01-27 04:18:07,GAYA,Fog,0.38,6.57,0.4,25.5,68.3
2026-03-04 06:52:41,GAYA,Rain,0.6,3.86,3.2,27.5,55.2
2026-03-15 05:31:55,GAYA,Clear,0.22,7.27,0.4,16.3,67.0
2026-03-13 09:44:09,GAYA,Clear,0.1,8.57,0.7,35.4,88.3
2026-01-10 08:35:41,GAYA,Fog,0.52,5.07,0.7,30.5,45.9
2026-02-20 20:04:09,GAYA,Cloudy,0.13,9.27,0.1,9.7,100.0
2026-02-01 11:52:32,GAYA,Clear,0.51,5.85,0.5,30.7,29.3
2026-01-08 09:01:21,GAYA,Cloudy,0.15,8.62,0.4,31.3,55.5
2026-05-05 04:41:02,GAYA,Fog,0.6,4.38,0.7,31.2,100.0
2026-01-13 00:17:31,GAYA,Clear,0.45,6.21,1.0,18.5,58.2
2026-04-23 16:35:58,GAYA,Clear,0.32,7.16,0.9,38.5,63.0
2026-01-17 16:14:11,GAYA,Clear,0.38,6.98,1.4,15.9,68.0
2026-06-02 07:20:23,GAYA,Rain,0.51,4.89,2.0,44.7,92.7
2026-06-19 08:38:11,GAYA,Cloudy,0.28,7.41,0.4,33.5,86.4
2026-05-03 10:25:58,GAYA,Clear,0.27,8.43,0.4,20.7,50.1
2026-03-06 10:54:38,GAYA,Clear,0.5,5.87,0.6,32.1,47.1
2026-01-07 23:47:47,GAYA,Clear,0.18,9.29,0.7,27.8,24.3
2026-05-29 17:53:47,GAYA,Clear,0.57,4.9,0.3,29.9,62.5
2026-06-09 02:10:46,GAYA,Cloudy,0.5,6.62,0.8,25.0,73.0
2026-05-20 09:43:13,GAYA,Fog,0.57,5.43,0.6,14.2,100.0
2026-04-17 08:01:45,GAYA,Fog,0.51,5.3,0.0,27.8,63.6
2026-04-29 12:19:40,GAYA,Clear,0.34,7.33,0.1,26.8,80.9
2026-01-20 15:59:35,GAYA,Clear,0.29,7.66,0.6,14.6,71.8
2026-06-14 14:23:46,GAYA,Rain,0.35,6.79,12.2,24.3,77.4
2026-02-21 17:50:05,GAYA,Fog,0.73,4.37,0.7,26.0,82.8
2026-05-23 11:08:50,GAYA,Clear,0.36,7.9,0.7,22.6,59.6
2026-01-19 23:07:33,GAYA,Cloudy,0.4,6.55,1.1,21.4,74.6
2026-01-20 04:28:05,GAYA,Clear,0.59,5.39,1.2,19.9,56.5
2026-04-23 10:35:33,GAYA,Clear,0.1,8.91,1.2,22.4,20.0
2026-02-15 10:52:44,GAYA,Clear,0.26,8.35,1.3,25.3,52.2
2026-06-15 19:14:21,GAYA,Clear,0.61,5.37,0.5,12.7,63.3
2026-04-29 00:43:13,GAYA,Clear,0.12,8.83,0.3,28.0,44.1
2026-01-10 08:04:14,GAYA,Clear,0.5,5.58,0.1,20.6,68.5
2026-02-16 19:25:02,GAYA,Clear,0.19,8.31,1.3,23.0,72.1
2026-06-22 04:37:19,GAYA,Rain,0.39,5.21,11.2,36.7,70.6
2026-05-13 18:41:33,GAYA,Rain,0.35,5.45,11.6,37.2,63.2
2026-04-20 15:02:14,GAYA,Fog,0.41,6.14,1.0,33.9,63.5
2026-05-07 01:28:03,GAYA,Cloudy,0.3,7.03,0.5,25.0,63.4
2026-01-16 12:32:08,GAYA,Clear,0.08,8.9,1.1,19.3,77.4
2026-04-18 09:25:18,GAYA,Rain,0.38,6.44,6.7,27.6,87.2
2026-03-02 02:27:37,GAYA,Clear,0.27,7.74,0.7,20.6,75.8
2026-02-21 00:07:39,GAYA,Clear,0.37,7.8,1.1,31.6,92.2
2026-05-21 14:36:16,GAYA,Clear,0.51,5.55,1.4,14.3,81.5
2026-03-20 06:38:17,GAYA,Clear,0.24,7.94,1.5,30.8,70.2
2026-03-14 03:33:33,GAYA,Clear,0.43,6.37,0.7,24.2,100.0
2026-06-05 04:33:37,GAYA,Cloudy,0.35,7.17,1.1,34.1,90.9
2026-02-10 03:19:58,GAYA,Clear,0.16,8.47,1.0,28.1,56.9
2026-02-19 05:54:29,GAYA,Clear,0.27,6.68,0.9,21.8,53.5
2026-05-08 04:22:33,GAYA,Cloudy,0.32,7.12,1.1,17.2,83.3
2026-05-23 21:16:01,GAYA,Fog,0.45,5.63,1.1,3.6,28.0
2026-04-24 02:09:08,GAYA,Rain,0.34,5.45,5.5,25.7,56.8
2026-03-07 23:34:33,GAYA,Clear,0.11,9.71,0.4,19.7,74.8
2026-06-09 00:18:24,GAYA,Clear,0.46,6.08,0.2,18.5,100.0
2026-03-05 18:32:51,GAYA,Cloudy,0.31,7.63,1.3,12.1,94.5
2026-06-01 12:34:29,GAYA,Cloudy,0.59,4.33,1.5,42.5,74.2
2026-01-31 05:09:34,GAYA,Clear,0.4,6.71,1.0,38.9,64.2
2026-02-16 14:45:54,GAYA,Cloudy,0.04,10.28,1.4,28.8,84.6
2026-03-30 14:42:40,GAYA,Fog,0.75,3.62,0.9,30.8,92.0
2026-06-14 22:21:50,GAYA,Rain,0.25,6.89,11.7,22.4,65.2
2026-03-12 16:11:09,GAYA,Clear,0.43,6.54,0.4,22.8,67.4
2026-05-23 20:46:18,GAYA,Cloudy,0.18,8.19,0.9,19.6,30.8
2026-03-19 12:02:24,GAYA,Fog,0.59,5.27,0.1,23.0,55.8
2026-06-30 14:24:44,GAYA,Clear,0.25,7.24,1.4,11.1,83.9
2026-02-12 05:48:53,GAYA,Cloudy,0.19,8.08,1.0,28.5,44.3
2026-01-08 13:38:10,GAYA,Cloudy,0.16,9.11,0.8,23.2,55.0
2026-01-27 05:48:07,GAYA,Cloudy,0.11,9.91,0.4,31.6,53.3
2026-05-25 23:25:11,GAYA,Clear,0.29,8.42,0.9,23.7,82.1
2026-06-27 07:18:22,GAYA,Rain,0.62,4.19,2.5,28.4,74.4
2026-02-04 18:51:40,GAYA,Clear,0.15,8.94,0.8,26.6,50.6
2026-04-25 06:32:30,GAYA,Fog,0.81,3.43,0.6,15.6,21.0
2026-06-16 13:29:48,GAYA,Clear,0.31,7.24,1.2,31.8,77.9
2026-04-17 19:22:23,GAYA,Cloudy,0.13,9.18,1.5,8.9,35.6
2026-06-27 01:06:01,GAYA,Rain,0.38,5.46,9.4,21.4,74.9
2026-01-27 16:41:02,GAYA,Clear,0.2,7.69,0.7,34.7,59.3
2026-01-07 13:54:02,GAYA,Clear,0.43,6.67,1.5,29.5,37.4
2026-04-09 10:54:56,GAYA,Fog,0.65,4.66,1.2,30.5,54.2
2026-01-20 13:19:15,GAYA,Cloudy,0.47,5.4,0.2,23.6,55.1
2026-06-16 21:15:05,GAYA,Clear,0.42,6.08,1.4,27.1,70.3
2026-06-22 22:02:58,GAYA,Clear,0.16,9.14,0.8,26.7,88.7
2026-01-19 19:09:46,GAYA,Rain,0.58,3.4,10.4,26.7,81.3
2026-05-03 13:11:22,GAYA,Clear,0.5,6.11,1.1,19.8,80.7
2026-06-17 06:12:46,GAYA,Fog,0.69,4.07,1.1,20.8,95.7
2026-02-22 11:02:04,GAYA,Rain,0.55,4.38,8.6,19.0,89.1
2026-03-22 03:58:17,GAYA,Clear,0.04,9.3,0.9,31.1,68.0
2026-02-28 19:44:44,GAYA,Clear,0.28,7.68,1.1,25.4,42.0
2026-04-03 09:59:17,GAYA,Rain,0.14,8.54,1.1,25.8,58.9
2026-01-09 18:54:24,GAYA,Clear,0.28,7.8,0.5,24.4,74.3
2026-06-28 02:37:58,GAYA,Clear,0.37,6.86,1.0,21.8,72.1
2026-02-08 21:47:26,GAYA,Clear,0.24,8.98,0.9,21.3,83.2
2026-02-19 09:07:24,GAYA,Clear,0.53,5.58,1.4,27.5,96.3
2026-05-11 08:32:36,GAYA,Cloudy,0.11,7.74,0.5,9.8,33.9
2026-05-03 13:58:40,GAYA,Clear,0.47,6.29,0.9,26.3,100.0
2026-04-16 16:47:56,GAYA,Clear,0.74,3.73,0.2,14.1,81.7
2026-06-06 09:44:04,GAYA,Rain,0.18,6.98,12.2,27.0,61.1
2026-03-16 08:36:52,GAYA,Rain,0.05,8.61,10.1,27.5,86.7
2026-05-02 13:54:38,GAYA,Cloudy,0.36,7.66,1.5,15.6,58.9
2026-02-10 15:59:48,GAYA,Clear,0.25,7.69,1.3,24.7,86.8
2026-06-13 14:05:51,GAYA,Cloudy,0.13,9.21,0.4,32.4,90.5
2026-05-29 00:53:41,GAYA,Cloudy,0.37,7.11,1.5,25.3,50.1
2026-04-22 17:07:44,GAYA,Clear,0.08,8.95,0.6,9.8,67.0
2026-04-10 16:58:55,GAYA,Cloudy,0.3,7.69,0.2,30.4,68.2
2026-01-03 16:04:47,GAYA,Fog,0.93,1.68,1.4,24.1,66.0
2026-02-28 05:29:31,GAYA,Clear,0.23,7.77,0.9,24.2,59.6
2026-06-28 05:34:26,GAYA,Clear,0.48,6.38,0.7,36.3,74.2
2026-03-07 21:47:18,GAYA,Clear,0.11,9.72,1.0,8.8,95.1
2026-05-11 10:44:06,GAYA,Fog,0.55,5.58,0.2,33.2,85.9
2026-05-28 05:33:33,GAYA,Cloudy,0.5,5.71,1.4,25.7,41.8
2026-05-04 02:49:28,GAYA,Clear,0.21,8.32,0.6,18.8,69.3
2026-05-06 14:19:37,GAYA,Clear,0.31,7.16,0.4,40.3,66.1
2026-05-19 14:11:11,GAYA,Clear,0.36,6.3,1.0,19.5,34.5
2026-04-07 17:05:28,GAYA,Cloudy,0.12,9.46,1.0,17.7,24.6
2026-05-13 16:12:50,GAYA,Clear,0.46,6.36,0.9,20.6,65.1
2026-05-19 04:31:43,GAYA,Cloudy,0.11,9.35,0.1,26.5,65.6
2026-06-14 05:55:05,GAYA,Fog,0.71,3.54,1.0,26.5,71.3
2026-06-15 05:14:35,GAYA,Fog,0.75,3.37,1.0,22.8,66.2
2026-05-07 13:46:39,GAYA,Rain,0.22,6.16,10.4,23.8,90.0
2026-05-31 00:00:25,GAYA,Fog,0.61,4.65,0.9,31.5,58.0
2026-05-27 14:03:14,GAYA,Clear,0.17,9.19,0.1,25.8,57.3
2026-02-25 06:51:37,GAYA,Rain,0.18,7.35,2.2,15.7,58.8
2026-01-17 13:00:17,GAYA,Clear,0.4,6.68,1.0,32.7,68.8
2026-03-09 18:24:27,GAYA,Cloudy,0.24,7.62,0.7,24.9,60.6
2026-03-11 13:15:57,GAYA,Cloudy,0.57,4.87,1.2,10.8,91.0
2026-02-13 10:24:58,GAYA,Clear,0.08,9.85,1.1,27.8,57.7
2026-02-05 18:02:46,GAYA,Clear,0.23,8.09,0.0,25.3,63.9
2026-03-10 22:14:49,GAYA,Fog,1.0,1.66,1.0,23.6,81.0
2026-01-31 20:40:44,GAYA,Cloudy,0.5,5.7,0.1,23.6,72.9
2026-01-11 06:55:24,GAYA,Clear,0.12,8.76,0.7,12.3,55.1
2026-06-17 17:25:15,GAYA,Clear,0.12,8.83,0.7,26.8,72.7
2026-06-05 20:17:17,GAYA,Cloudy,0.3,6.5,0.3,30.9,69.6
2026-03-13 07:30:03,GAYA,Clear,0.28,7.12,0.9,31.3,46.3
2026-03-05 00:39:27,GAYA,Cloudy,0.3,7.35,1.5,14.1,65.2
2026-02-11 21:57:24,GAYA,Cloudy,0.15,8.14,0.1,13.6,36.0
2026-03-05 09:53:33,GAYA,Fog,0.57,4.71,0.0,21.1,100.0
2026-02-09 16:01:57,GAYA,Clear,0.4,6.5,1.0,34.5,74.5
2026-01-12 20:51:18,GAYA,Clear,0.62,5.26,1.2,27.8,74.5
2026-05-02 05:00:23,GAYA,Cloudy,0.25,7.97,0.5,26.2,66.9
2026-01-30 15:40:37,GAYA,Clear,0.17,8.13,0.7,14.0,90.8
2026-06-21 19:54:15,GAYA,Cloudy,0.17,8.77,0.4,27.0,20.0
2026-05-29 03:35:29,GAYA,Rain,0.34,6.1,4.3,20.0,89.8
2026-03-29 09:12:31,GAYA,Rain,0.17,7.15,2.2,19.3,100.0
2026-06-11 17:56:52,GAYA,Rain,0.06,7.68,17.2,35.8,93.7
2026-05-06 20:08:44,GAYA,Rain,0.31,5.62,8.5,31.0,49.8
2026-02-23 17:32:35,GAYA,Rain,0.26,7.32,19.3,34.9,41.3
2026-04-02 05:20:22,GAYA,Clear,0.2,8.12,0.8,9.1,37.1
2026-05-24 10:42:51,GAYA,Rain,0.39,6.03,9.0,24.2,51.8
2026-03-13 18:16:51,GAYA,Fog,0.82,2.77,0.7,23.1,49.1
2026-03-14 23:32:05,GAYA,Fog,0.8,3.81,0.9,14.5,77.5
2026-01-04 18:44:39,GAYA,Rain,0.65,2.92,5.6,30.0,60.1
2026-02-24 14:40:00,GAYA,Cloudy,0.33,7.34,1.0,30.3,88.7
2026-01-13 09:55:06,GAYA,Clear,0.45,6.09,0.8,26.8,65.9
2026-02-24 12:26:29,GAYA,Cloudy,0.41,6.78,1.2,14.9,51.9
2026-05-04 15:43:07,GAYA,Cloudy,0.52,5.97,0.7,37.0,38.3
2026-06-27 23:31:16,GAYA,Fog,0.57,5.08,0.1,19.3,46.0
2026-01-14 19:28:02,GAYA,Cloudy,0.75,3.72,0.7,17.0,66.0
2026-04-02 08:51:13,GAYA,Cloudy,0.14,7.75,0.6,23.7,100.0
2026-06-19 06:49:17,GAYA,Clear,0.33,6.89,1.0,22.2,43.6
2026-03-10 17:14:29,GAYA,Clear,0.79,2.96,0.8,23.3,65.7
2026-01-07 02:29:47,GAYA,Fog,0.74,3.41,0.2,12.0,77.3
2026-05-26 06:13:44,GAYA,Fog,0.59,5.17,1.3,22.7,79.7
2026-01-12 19:38:15,GAYA,Rain,0.6,3.89,5.0,9.3,47.2
2026-06-19 20:10:38,GAYA,Cloudy,0.58,5.09,0.1,28.8,54.8
2026-03-11 14:12:31,GAYA,Rain,0.13,6.56,4.8,29.0,59.7
2026-02-17 12:02:23,GAYA,Cloudy,0.12,9.56,0.4,31.1,51.7
2026-04-16 23:40:29,GAYA,Cloudy,0.16,8.2,0.7,22.5,65.5
2026-03-13 18:49:38,GAYA,Clear,0.53,5.49,1.3,18.5,75.5
2026-02-15 12:05:37,GAYA,Rain,0.31,5.88,8.8,27.4,61.3
2026-04-06 14:21:17,GAYA,Clear,0.36,6.51,1.4,29.5,75.2
2026-02-14 08:43:00,GAYA,Clear,0.2,8.95,1.3,33.6,60.8
2026-01-17 04:13:51,GAYA,Cloudy,0.22,8.49,0.4,28.3,100.0
2026-03-19 08:03:44,GAYA,Clear,0.47,6.21,1.3,20.4,89.6
2026-02-27 15:59:15,GAYA,Rain,0.3,6.32,10.7,16.9,55.5
2026-06-29 07:26:29,GAYA,Clear,0.28,8.17,0.5,14.6,58.2
2026-03-12 15:08:47,GAYA,Clear,0.1,8.83,1.2,20.7,45.9
2026-03-04 23:58:00,GAYA,Clear,0.33,7.43,0.3,9.8,66.5
2026-05-08 19:15:34,GAYA,Cloudy,0.23,7.72,1.3,22.6,55.8
2026-01-12 20:03:29,GAYA,Clear,0.24,8.11,1.0,24.1,64.0
2026-03-11 14:43:25,GAYA,Clear,0.22,8.54,0.4,8.0,67.9
2026-04-18 02:08:11,GAYA,Clear,0.51,5.2,0.5,28.9,79.5
2026-04-29 12:52:26,GAYA,Clear,0.3,7.45,1.3,29.6,70.0
2026-04-30 01:46:52,GAYA,Clear,0.28,8.17,1.5,15.0,70.8
2026-05-05 06:49:33,GAYA,Cloudy,0.08,9.55,1.4,28.5,51.6
2026-03-09 00:15:05,GAYA,Clear,0.33,7.85,0.2,33.2,73.1
2026-05-09 15:54:01,GAYA,Cloudy,0.02,9.88,1.5,7.8,83.7
2026-06-19 21:14:08,GAYA,Clear,0.05,9.63,0.7,12.8,74.4
2026-01-30 02:53:13,GAYA,Clear,0.47,6.14,0.0,7.9,33.1
2026-05-27 15:45:34,GAYA,Cloudy,0.53,5.78,0.5,16.3,60.4
2026-05-30 08:09:02,GAYA,Rain,0.02,8.53,8.2,23.4,40.2
2026-02-01 04:11:16,GAYA,Cloudy,0.07,8.96,0.5,34.1,70.8
2026-01-05 07:44:32,GAYA,Clear,0.44,6.28,0.8,26.3,92.8
2026-03-29 02:16:00,GAYA,Clear,0.44,6.48,0.7,12.4,100.0
2026-03-27 11:05:01,GAYA,Clear,0.3,7.7,0.5,32.4,66.8
2026-04-16 18:36:31,GAYA,Cloudy,0.07,9.27,0.7,22.2,41.8
2026-01-02 11:41:12,GAYA,Rain,0.5,4.0,5.5,24.2,100.0
2026-03-07 08:02:05,GAYA,Clear,0.39,6.94,0.4,29.7,49.2
2026-05-12 05:07:22,GAYA,Clear,0.19,7.65,1.3,16.9,21.2
2026-01-30 13:30:23,GAYA,Rain,0.61,4.06,7.1,24.8,57.6
2026-03-15 22:25:16,GAYA,Clear,0.12,9.21,0.6,21.2,46.1
2026-04-05 18:10:12,GAYA,Fog,0.46,6.12,1.4,33.2,100.0
2026-05-19 10:53:50,GAYA,Clear,0.16,8.67,0.9,25.2,62.2
2026-01-06 11:14:41,GAYA,Fog,0.51,5.79,0.7,31.7,90.1
2026-04-22 21:13:23,GAYA,Fog,0.67,4.21,1.3,23.7,69.0
2026-02-04 11:27:06,GAYA,Fog,0.68,4.58,0.8,39.3,75.5
2026-01-24 16:09:43,GAYA,Cloudy,0.02,10.02,1.0,33.4,95.8
2026-03-11 10:29:49,GAYA,Fog,0.67,4.98,0.4,8.2,45.5
2026-01-11 14:35:47,GAYA,Clear,0.2,8.11,1.4,22.5,52.9
2026-04-25 15:21:35,GAYA,Clear,0.15,8.96,0.9,36.2,80.6
2026-06-15 01:43:49,GAYA,Clear,0.22,8.28,0.7,19.0,73.1
2026-04-26 22:28:59,GAYA,Clear,0.34,7.36,0.6,20.2,56.0
2026-04-19 04:54:39,GAYA,Fog,0.51,5.81,0.5,31.5,53.3
2026-05-26 06:56:46,GAYA,Clear,0.34,7.07,0.0,25.6,91.5
2026-05-26 21:04:17,GAYA,Clear,0.11,8.99,0.7,25.1,76.5
2026-05-31 17:07:53,GAYA,Clear,0.43,5.83,0.6,28.0,75.6
2026-02-04 16:42:49,GAYA,Clear,0.23,7.74,0.5,17.2,26.9
2026-06-02 22:18:50,GAYA,Fog,0.48,5.99,1.1,19.6,77.1
2026-02-26 00:16:54,GAYA,Clear,0.27,8.18,1.5,9.8,45.3
2026-02-11 22:54:55,GAYA,Clear,0.35,8.08,0.9,28.2,89.1
2026-03-13 10:36:17,GAYA,Clear,0.2,8.83,0.9,29.5,75.9
2026-04-06 17:14:05,GAYA,Clear,0.16,8.47,0.9,20.3,80.6
2026-05-12 17:11:09,GAYA,Clear,0.21,8.05,1.0,31.1,53.6
2026-02-16 06:35:17,GAYA,Clear,0.54,4.73,1.2,30.9,62.4
2026-04-19 06:00:55,GAYA,Clear,0.44,5.66,1.1,17.6,52.6
2026-05-30 09:48:16,GAYA,Fog,0.6,4.3,0.8,24.0,73.0
2026-02-21 21:22:52,GAYA,Rain,0.13,7.27,7.8,17.4,72.0
2026-01-21 07:00:39,GAYA,Clear,0.31,7.67,0.9,22.1,65.0
2026-05-06 09:34:19,GAYA,Fog,0.62,4.99,1.5,18.3,97.8
2026-04-01 08:47:33,GAYA,Clear,0.07,9.29,1.2,36.1,55.9
2026-04-29 10:54:19,GAYA,Clear,0.05,8.77,0.1,15.4,64.6
2026-05-07 04:16:36,GAYA,Rain,0.68,3.32,8.4,22.2,99.4
2026-03-31 23:55:31,GAYA,Cloudy,0.07,10.18,0.2,31.1,42.0
2026-03-05 16:52:25,GAYA,Cloudy,0.54,4.94,1.2,16.6,60.4
2026-02-09 03:37:31,GAYA,Cloudy,0.11,8.97,0.3,27.5,83.7
2026-06-30 06:45:06,GAYA,Fog,0.48,5.96,0.9,22.5,89.5
2026-03-22 08:47:33,GAYA,Clear,0.21,8.34,0.7,20.5,60.2
2026-03-14 04:30:14,GAYA,Clear,0.26,8.0,1.3,25.3,70.7
2026-04-09 18:19:47,GAYA,Clear,0.45,6.23,0.8,26.5,46.4
2026-05-15 09:55:15,GAYA,Fog,0.52,5.49,0.4,29.6,44.6
2026-02-21 09:25:58,GAYA,Clear,0.57,5.24,0.3,31.0,66.3
2026-06-12 19:06:30,GAYA,Clear,0.12,8.61,0.6,27.3,61.3
2026-04-13 02:50:37,GAYA,Clear,0.3,6.9,1.2,30.2,47.0
2026-06-20 18:14:07,GAYA,Cloudy,0.27,7.5,0.2,26.5,66.0
2026-05-11 05:36:17,GAYA,Cloudy,0.34,7.55,1.2,25.8,51.0
2026-06-12 06:26:16,GAYA,Clear,0.13,8.24,0.1,26.9,57.5
2026-04-03 16:04:22,GAYA,Rain,0.58,4.29,12.3,20.3,89.2
2026-06-19 00:48:36,GAYA,Clear,0.12,9.03,0.7,34.4,41.0
2026-05-24 15:19:21,GAYA,Clear,0.37,5.98,0.9,29.6,45.7
2026-04-01 14:23:24,GAYA,Cloudy,0.3,6.98,0.8,25.1,67.3
2026-01-19 19:47:33,GAYA,Clear,0.69,4.28,0.4,37.7,60.6
2026-04-08 00:01:11,GAYA,Clear,0.1,10.0,0.2,36.3,70.8
2026-02-08 02:58:14,GAYA,Clear,0.13,8.98,0.8,27.1,38.8
2026-04-01 09:17:00,GAYA,Fog,0.38,6.92,0.9,20.6,83.7
2026-01-12 23:02:45,GAYA,Clear,0.21,8.14,0.2,34.8,71.4
2026-03-23 23:05:02,GAYA,Clear,0.54,5.35,0.7,31.6,91.0
2026-01-06 08:21:47,GAYA,Clear,0.12,8.51,0.1,23.5,62.7
2026-02-23 11:15:12,GAYA,Rain,0.37,5.64,3.3,24.4,71.3
2026-01-04 02:33:33,GAYA,Cloudy,0.13,8.62,1.3,24.9,55.6
2026-05-09 14:12:24,GAYA,Clear,0.13,8.85,0.9,22.8,73.9
2026-05-14 09:46:21,GAYA,Cloudy,0.05,9.93,1.3,24.3,63.5
2026-01-19 00:03:40,GAYA,Fog,0.55,5.99,0.5,34.6,83.7
2026-03-27 00:21:47,GAYA,Clear,0.38,6.89,0.2,15.3,75.1
2026-06-09 14:24:37,GAYA,Rain,0.45,4.93,2.9,15.4,59.7
2026-02-02 00:36:25,GAYA,Fog,0.73,3.71,0.1,25.3,50.6
2026-02-14 13:23:44,GAYA,Clear,0.29,8.01,0.1,21.5,97.4
2026-05-21 09:58:40,GAYA,Clear,0.46,6.55,1.3,28.4,82.9
2026-06-17 18:06:40,GAYA,Clear,0.46,6.31,1.0,18.6,100.0
2026-02-07 23:55:51,GAYA,Rain,0.1,7.25,17.6,34.9,68.5
2026-04-27 21:55:31,GAYA,Clear,0.08,8.91,0.4,37.2,39.0
2026-05-12 18:39:48,GAYA,Clear,0.36,7.25,0.2,29.5,67.8
2026-01-11 12:00:23,GAYA,Clear,0.3,8.53,1.2,28.4,72.8
2026-01-05 12:57:13,GAYA,Cloudy,0.42,6.04,1.3,25.5,86.9
2026-01-03 14:43:01,GAYA,Clear,0.09,9.27,0.6,19.8,76.7
2026-06-13 04:21:53,GAYA,Rain,0.09,7.57,10.0,17.0,78.8
2026-05-28 03:10:26,GAYA,Clear,0.08,9.44,0.0,27.4,75.2
2026-06-19 15:26:56,GAYA,Clear,0.15,9.15,0.3,41.0,48.9
2026-03-02 06:20:23,GAYA,Clear,0.1,9.46,0.9,6.4,75.9
2026-02-24 12:28:44,GAYA,Clear,0.11,9.48,1.0,40.7,71.5
2026-02-03 15:57:26,GAYA,Cloudy,0.14,8.84,0.1,28.0,71.4
2026-03-03 16:07:33,GAYA,Clear,0.41,5.98,0.1,24.7,89.4
2026-02-14 10:03:28,GAYA,Clear,0.16,9.11,0.0,35.7,48.5
2026-04-19 09:47:54,GAYA,Fog,0.48,5.59,1.0,27.4,66.5
2026-03-04 20:09:21,GAYA,Clear,0.23,8.35,0.4,22.0,86.2
2026-03-09 17:57:18,GAYA,Clear,0.48,6.4,0.0,47.9,50.2
2026-02-07 11:21:22,GAYA,Clear,0.27,7.1,0.6,11.8,70.8
2026-01-02 06:41:37,GAYA,Fog,0.81,3.0,0.8,13.1,80.7
2026-03-22 18:06:16,GAYA,Clear,0.36,6.86,0.5,38.6,69.2
2026-06-22 22:53:33,GAYA,Clear,0.64,4.36,1.2,23.0,66.5
2026-01-15 21:47:26,GAYA,Clear,0.4,6.57,0.9,30.8,79.0
2026-05-22 01:16:27,GAYA,Clear,0.21,7.62,0.7,32.4,71.9
2026-03-07 11:40:47,GAYA,Clear,0.18,8.0,0.7,27.4,55.8
2026-05-23 11:20:14,GAYA,Clear,0.43,6.45,0.1,17.0,94.7
2026-06-14 09:11:19,GAYA,Cloudy,0.62,4.54,0.2,36.2,92.6
2026-03-17 19:25:26,GAYA,Clear,0.22,8.08,0.1,24.4,42.5
2026-01-31 15:59:28,GAYA,Rain,0.23,6.8,2.1,32.8,86.4
2026-05-17 01:05:22,GAYA,Clear,0.23,7.61,1.0,26.3,72.9
2026-01-10 12:51:49,GAYA,Clear,0.39,6.89,0.2,24.3,40.5
2026-03-14 01:28:33,GAYA,Fog,0.56,4.78,1.2,23.9,83.5
2026-01-06 14:19:10,GAYA,Clear,0.05,9.27,0.2,19.6,42.7
2026-05-08 01:54:19,GAYA,Clear,0.35,7.38,0.4,18.6,33.0
2026-03-31 17:23:27,GAYA,Cloudy,0.24,8.86,0.0,30.3,60.8
2026-03-07 06:24:12,GAYA,Clear,0.31,7.19,1.4,26.8,77.9
2026-04-09 07:45:08,GAYA,Fog,0.65,4.49,0.3,36.4,53.1
2026-02-03 03:05:35,GAYA,Clear,0.6,4.88,0.2,18.1,71.1
2026-04-15 13:43:07,GAYA,Clear,0.04,10.65,1.2,32.7,66.2
2026-05-25 17:11:49,GAYA,Clear,0.21,7.59,0.5,27.4,41.6
2026-06-27 00:41:05,GAYA,Clear,0.08,8.64,0.7,31.6,66.0
2026-01-31 23:38:05,GAYA,Clear,0.07,9.28,0.5,16.2,45.4
2026-01-05 06:07:51,GAYA,Clear,0.15,8.67,1.3,24.8,73.6
2026-02-18 10:05:40,GAYA,Cloudy,0.45,6.2,1.2,25.1,68.9
2026-02-16 11:58:00,GAYA,Fog,0.62,5.38,0.5,33.8,20.0
2026-03-13 00:41:29,GAYA,Fog,0.66,4.51,0.1,29.8,87.4
2026-02-11 09:38:22,GAYA,Clear,0.66,5.03,0.6,18.3,100.0
2026-05-04 13:55:49,GAYA,Clear,0.42,6.52,0.5,14.3,80.6
2026-06-12 00:22:18,GAYA,Clear,0.07,8.91,0.9,15.1,100.0
2026-02-04 20:09:08,GAYA,Fog,0.68,4.75,0.1,27.9,68.8
2026-04-21 23:20:56,GAYA,Clear,0.37,6.83,1.2,19.1,47.0
2026-04-16 19:36:44,GAYA,Clear,0.28,7.0,1.0,27.7,73.5
2026-03-05 12:47:47,GAYA,Clear,0.55,5.99,0.9,29.6,71.4
2026-02-04 18:00:03,GAYA,Fog,0.63,4.74,0.9,17.8,63.9
2026-02-21 10:52:03,GAYA,Fog,0.61,4.95,1.4,15.3,63.2
2026-02-27 05:00:47,GAYA,Clear,0.06,10.5,0.6,29.9,20.0
2026-05-30 12:22:21,GAYA,Clear,0.19,8.66,1.2,13.7,58.6
2026-03-22 10:31:59,GAYA,Rain,0.68,2.68,8.1,31.7,68.2
2026-06-26 17:00:01,GAYA,Clear,0.57,5.04,1.1,30.6,77.2
2026-06-30 22:05:30,GAYA,Clear,0.28,7.37,1.4,0.5,53.2
2026-05-17 23:42:32,GAYA,Clear,0.07,10.02,1.2,15.4,74.4
2026-06-11 07:57:40,GAYA,Rain,0.5,4.9,8.4,23.9,46.3
2026-01-12 19:56:17,GAYA,Clear,0.26,7.52,0.6,21.7,55.3
2026-03-09 03:05:28,GAYA,Clear,0.22,8.67,1.4,25.5,52.3
2026-06-19 20:39:21,GAYA,Cloudy,0.37,6.82,0.9,32.1,54.3
2026-04-16 00:01:35,GAYA,Cloudy,0.1,8.65,0.4,26.7,55.3
2026-03-07 23:25:18,GAYA,Clear,0.37,7.44,1.5,18.3,71.4
2026-06-01 16:15:50,GAYA,Clear,0.25,7.94,1.1,24.1,52.3
2026-02-02 15:36:31,GAYA,Clear,0.43,5.82,0.1,18.5,58.3
2026-01-14 08:10:49,GAYA,Clear,0.19,8.02,0.3,9.7,72.8
2026-01-18 23:07:26,GAYA,Rain,0.29,6.66,5.8,30.0,55.9
2026-01-08 11:12:39,GAYA,Clear,0.05,9.05,0.9,17.8,40.0
2026-03-31 07:38:26,GAYA,Fog,0.59,5.56,1.4,20.8,64.4
2026-02-08 17:06:09,GAYA,Clear,0.33,7.3,0.6,14.9,60.0
2026-04-19 08:24:39,GAYA,Fog,0.81,2.87,1.2,12.4,100.0
2026-05-25 11:16:53,GAYA,Cloudy,0.34,7.13,0.9,8.0,59.3
2026-06-10 08:14:41,GAYA,Clear,0.11,9.36,0.0,33.3,56.7
2026-03-19 08:36:09,GAYA,Clear,0.3,7.12,1.4,26.8,72.1
2026-05-03 22:56:14,GAYA,Clear,0.08,9.99,0.2,16.6,53.0
2026-04-01 07:14:52,GAYA,Clear,0.16,9.78,0.7,17.0,67.4
2026-04-30 18:49:16,GAYA,Clear,0.2,8.33,0.4,35.2,70.9
2026-03-05 06:13:34,GAYA,Fog,0.67,4.3,1.2,35.9,71.0
2026-03-14 18:00:49,GAYA,Clear,0.5,5.68,0.9,26.5,75.6
2026-05-10 04:07:55,GAYA,Cloudy,0.48,5.59,1.0,20.4,60.1
2026-04-21 11:21:14,GAYA,Fog,0.52,4.6,0.2,22.6,59.9
2026-04-22 18:29:02,GAYA,Fog,0.57,4.55,0.4,29.2,72.1
2026-03-21 23:10:43,GAYA,Rain,0.23,7.0,3.2,21.3,50.0
2026-01-13 14:54:14,GAYA,Clear,0.31,7.67,0.9,21.1,95.6
2026-05-21 12:00:23,GAYA,Clear,0.23,7.74,0.9,30.8,63.8
2026-06-18 02:09:01,GAYA,Clear,0.22,7.86,0.8,24.1,78.7
2026-04-18 05:46:32,GAYA,Rain,0.32,5.9,10.3,21.6,62.1
2026-03-23 12:48:39,GAYA,Clear,0.39,6.99,0.2,18.9,76.9
2026-01-09 00:23:08,GAYA,Fog,0.45,5.82,0.9,15.8,78.5
2026-05-26 23:01:40,GAYA,Clear,0.05,10.11,0.4,23.4,68.2
2026-01-11 18:49:50,GAYA,Clear,0.35,7.35,0.8,18.4,87.2
2026-06-30 20:26:08,GAYA,Clear,0.4,6.75,0.1,25.6,67.0
2026-04-29 00:21:37,GAYA,Clear,0.47,5.9,0.7,31.4,76.8
2026-05-16 01:41:24,GAYA,Clear,0.45,6.0,1.2,36.7,55.1
2026-04-15 18:49:29,GAYA,Rain,0.22,6.57,11.7,34.3,55.4
2026-01-10 19:10:03,GAYA,Fog,0.59,5.7,0.7,30.5,75.4
2026-03-14 16:44:42,GAYA,Clear,0.26,8.65,1.5,33.9,75.2
2026-01-11 05:05:05,GAYA,Clear,0.32,6.92,1.0,20.2,53.0
2026-03-11 14:12:15,GAYA,Clear,0.17,8.01,0.5,14.2,77.5
2026-03-25 18:58:44,GAYA,Clear,0.12,8.83,0.5,20.6,100.0
2026-05-03 22:50:20,GAYA,Clear,0.26,8.15,1.4,20.3,75.3
2026-02-04 15:00:22,GAYA,Clear,0.24,7.51,0.6,17.6,58.8
2026-04-22 07:17:10,GAYA,Cloudy,0.12,9.17,1.3,25.3,83.1
2026-04-25 03:02:06,GAYA,Clear,0.36,7.47,1.2,18.3,61.7
2026-06-15 00:20:47,GAYA,Clear,0.29,6.68,1.0,30.0,76.3
2026-02-23 17:27:33,GAYA,Fog,0.48,5.74,1.2,47.2,61.3
2026-03-07 01:49:59,GAYA,Rain,0.37,5.5,3.2,23.6,100.0
2026-04-29 17:53:59,GAYA,Cloudy,0.2,8.38,0.3,14.8,42.8
2026-01-15 00:37:55,GAYA,Cloudy,0.22,7.37,0.3,31.7,89.0
2026-01-25 13:38:18,GAYA,Rain,0.26,6.52,9.2,16.7,59.0
2026-06-19 09:40:24,GAYA,Rain,0.57,4.34,19.4,24.0,49.8
2026-02-23 16:15:54,GAYA,Clear,0.2,8.88,0.7,25.8,64.6
2026-06-15 23:11:29,GAYA,Cloudy,0.52,5.41,0.4,36.8,33.2
2026-04-25 01:30:39,GAYA,Fog,0.57,5.21,0.2,20.8,51.9
2026-05-13 11:55:38,GAYA,Clear,0.4,6.84,0.1,27.9,71.0
2026-02-18 20:05:34,GAYA,Clear,0.17,8.81,0.3,24.2,99.3
2026-01-03 05:03:33,GAYA,Clear,0.29,7.53,1.3,33.1,75.6
2026-05-31 09:46:17,GAYA,Clear,0.09,9.5,1.4,27.3,72.4
2026-06-30 17:50:05,GAYA,Clear,0.25,8.7,1.1,11.2,75.7
2026-03-27 23:32:22,GAYA,Cloudy,0.27,7.5,0.5,15.2,48.5
2026-05-21 00:30:34,GAYA,Clear,0.08,9.19,1.0,38.2,66.5
2026-05-03 06:11:30,GAYA,Clear,0.5,5.58,1.2,31.3,91.7
2026-03-29 16:14:40,GAYA,Clear,0.14,8.95,0.9,26.0,30.8
2026-03-04 13:15:06,GAYA,Cloudy,0.07,9.57,0.4,29.6,73.5
2026-01-30 03:11:46,GAYA,Rain,0.21,7.44,14.5,24.4,85.1
2026-05-10 03:25:03,GAYA,Clear,0.36,7.32,0.3,9.9,42.8
2026-05-08 09:26:57,GAYA,Clear,0.42,6.0,0.3,13.4,48.9
2026-04-22 12:50:51,GAYA,Rain,0.18,7.51,1.8,23.4,63.7
2026-01-28 19:07:32,GAYA,Clear,0.48,6.55,0.1,26.2,78.1
2026-06-04 06:46:11,GAYA,Clear,0.39,6.27,0.4,36.2,57.8
2026-01-17 13:52:15,GAYA,Cloudy,0.28,7.43,1.4,37.7,52.1
2026-03-04 12:43:46,GAYA,Cloudy,0.22,7.64,1.1,16.7,78.7
2026-04-06 22:02:19,GAYA,Cloudy,0.31,7.59,0.2,15.4,100.0
2026-01-24 09:02:00,GAYA,Clear,0.24,7.66,0.9,26.6,71.5
2026-04-01 12:14:55,GAYA,Clear,0.22,7.79,1.0,17.8,42.8
2026-05-13 22:52:52,GAYA,Cloudy,0.25,8.8,1.4,17.8,59.8
2026-03-12 14:50:19,GAYA,Rain,0.41,4.9,4.8,26.4,36.7
2026-04-08 19:19:18,GAYA,Clear,0.46,6.12,1.0,13.5,85.3
2026-03-12 23:05:31,GAYA,Clear,0.35,6.39,1.5,35.0,49.1
2026-05-30 13:20:04,GAYA,Rain,0.15,7.8,22.0,30.3,58.5
2026-01-24 07:06:18,GAYA,Clear,0.16,8.51,0.5,28.2,49.2
2026-02-13 08:28:43,GAYA,Cloudy,0.43,6.77,1.4,22.5,60.2
2026-06-13 15:24:30,GAYA,Fog,0.44,6.26,0.2,24.9,59.3
2026-01-02 03:19:26,GAYA,Clear,0.55,6.13,0.5,26.5,70.9
2026-05-16 14:25:35,GAYA,Cloudy,0.09,8.51,0.2,21.5,61.7
2026-03-30 23:25:39,GAYA,Cloudy,0.17,8.9,0.1,20.2,56.3
2026-02-18 00:40:34,GAYA,Clear,0.35,7.31,1.5,22.6,66.3
2026-04-25 04:07:55,GAYA,Fog,0.56,5.1,1.1,19.7,73.1
2026-05-16 05:47:53,GAYA,Fog,0.44,6.52,0.3,18.7,48.7
2026-05-04 09:39:28,GAYA,Cloudy,0.41,6.18,0.9,21.0,80.5
2026-01-26 19:53:17,GAYA,Clear,0.27,8.7,1.3,14.1,67.7
2026-02-28 02:02:47,GAYA,Cloudy,0.48,5.96,0.9,36.7,82.9
2026-06-13 19:41:13,GAYA,Rain,0.26,6.22,4.4,22.8,54.0
2026-04-02 14:13:59,GAYA,Fog,0.57,4.48,0.6,32.8,81.0
2026-05-06 15:13:44,GAYA,Cloudy,0.43,5.56,0.1,14.1,49.9
2026-04-09 23:30:32,GAYA,Cloudy,0.05,10.08,0.9,32.3,40.7
2026-06-20 16:50:03,GAYA,Clear,0.2,8.56,1.1,30.8,72.5
2026-03-09 02:19:53,GAYA,Clear,0.49,5.4,0.2,15.0,88.2
2026-06-28 01:18:02,GAYA,Clear,0.19,8.17,0.3,24.1,66.7
2026-05-22 05:16:40,GAYA,Cloudy,0.56,6.29,1.2,17.5,28.6
2026-03-20 23:34:35,GAYA,Clear,0.19,8.81,0.9,29.8,74.8
2026-06-01 21:00:47,GAYA,Rain,0.49,4.27,8.6,27.8,90.0
2026-02-19 03:00:07,GAYA,Clear,0.21,8.29,0.2,18.0,94.2
2026-02-03 02:07:43,GAYA,Clear,0.17,8.28,0.6,23.7,55.6
2026-05-25 17:43:36,GAYA,Clear,0.34,7.25,0.4,34.4,91.7
2026-03-21 04:32:44,GAYA,Clear,0.15,8.16,0.4,16.5,34.3
2026-03-03 01:52:34,GAYA,Fog,0.89,2.69,1.3,31.3,90.6
2026-01-01 22:35:21,GAYA,Clear,0.3,7.36,0.9,20.0,68.9
2026-06-28 07:42:56,GAYA,Cloudy,0.26,8.06,0.9,4.4,53.8
2026-04-17 03:33:48,GAYA,Clear,0.23,7.67,0.3,7.9,87.1
2026-05-22 16:22:25,GAYA,Clear,0.26,7.53,0.8,31.1,56.3
2026-06-09 21:35:47,GAYA,Cloudy,0.35,7.09,0.8,23.3,53.6
2026-03-04 11:20:39,GAYA,Fog,0.66,4.46,0.5,14.2,93.7
2026-05-20 06:10:31,GAYA,Clear,0.36,6.41,0.7,30.9,62.9
2026-05-02 19:30:29,GAYA,Clear,0.05,9.78,1.1,17.1,91.6
2026-02-16 20:23:34,GAYA,Cloudy,0.27,8.05,0.8,22.9,65.3
2026-01-19 07:32:40,GAYA,Clear,0.27,7.36,0.5,24.5,60.5
2026-03-04 17:04:48,GAYA,Rain,0.14,7.67,9.1,-0.5,39.4
2026-05-17 10:07:10,GAYA,Fog,0.52,5.48,0.4,42.5,82.4
2026-01-30 11:22:49,GAYA,Cloudy,0.21,7.92,1.0,13.8,47.3
2026-04-01 02:49:05,GAYA,Clear,0.4,6.01,1.2,27.0,71.2
2026-05-02 09:48:08,GAYA,Cloudy,0.42,7.25,0.1,30.0,53.9
2026-03-09 04:51:52,GAYA,Clear,0.27,8.31,0.1,30.3,53.8
2026-02-21 20:29:15,GAYA,Clear,0.25,8.13,0.5,31.8,56.7
2026-01-16 04:20:14,GAYA,Clear,0.23,8.69,1.1,32.6,77.6
2026-05-04 10:48:02,GAYA,Clear,0.2,7.39,0.7,28.8,78.5
2026-06-10 14:30:40,GAYA,Rain,0.64,3.0,1.4,26.6,78.9
2026-06-06 17:52:36,GAYA,Fog,0.5,5.35,0.6,15.3,77.9
2026-01-14 13:36:50,GAYA,Cloudy,0.12,8.88,1.0,16.5,99.3
2026-03-01 18:06:53,GAYA,Clear,0.34,7.62,0.4,10.2,71.2
2026-02-01 02:17:55,GAYA,Clear,0.45,6.27,0.8,-2.8,51.8
2026-01-13 09:31:35,GAYA,Clear,0.55,5.28,0.5,22.4,56.1
2026-04-08 17:44:28,GAYA,Clear,0.59,4.78,1.5,17.3,70.0
2026-01-04 03:39:30,GAYA,Clear,0.47,5.63,1.2,12.4,69.1
2026-05-24 13:04:13,GAYA,Clear,0.38,7.48,0.3,38.5,76.3
2026-05-01 11:39:56,GAYA,Clear,0.27,7.59,1.5,17.5,62.7
2026-04-22 23:26:31,GAYA,Clear,0.27,6.52,0.1,30.4,82.3
2026-05-04 07:30:33,GAYA,Clear,0.28,6.97,0.4,9.0,72.7
2026-01-10 04:06:59,GAYA,Clear,0.33,6.57,0.3,22.3,92.8
2026-05-16 17:00:20,GAYA,Rain,0.61,3.18,9.9,30.2,79.0
2026-02-01 14:49:54,GAYA,Clear,0.26,7.92,0.2,28.3,53.8
2026-06-24 16:10:46,GAYA,Clear,0.51,5.26,1.5,25.8,82.6
2026-06-02 20:44:02,GAYA,Clear,0.09,9.42,1.2,25.4,62.4
2026-03-22 14:51:16,GAYA,Clear,0.07,9.09,0.9,7.1,62.7
2026-01-15 20:02:12,GAYA,Clear,0.13,9.55,0.8,15.9,63.0
2026-03-15 10:28:14,GAYA,Clear,0.01,9.53,0.0,38.2,60.1
2026-05-04 09:45:32,GAYA,Cloudy,0.3,8.54,1.4,20.1,84.0
2026-05-27 15:06:39,GAYA,Rain,0.43,5.23,9.0,35.3,100.0
2026-05-15 07:35:40,GAYA,Clear,0.2,8.76,0.6,28.5,52.5
2026-06-13 07:01:53,GAYA,Clear,0.32,7.0,0.2,33.6,60.8
2026-02-23 03:35:35,GAYA,Clear,0.45,6.14,0.8,19.9,59.2
2026-03-27 18:07:38,GAYA,Fog,0.87,2.45,0.9,25.0,53.5
2026-04-04 17:16:34,GAYA,Clear,0.31,8.22,1.2,22.0,81.9
2026-02-15 05:58:39,GAYA,Cloudy,0.36,6.8,1.3,18.9,41.6
2026-02-11 18:11:15,GAYA,Fog,0.49,4.66,1.2,20.4,94.0
2026-02-10 16:53:38,GAYA,Clear,0.25,7.5,0.7,29.3,57.5
2026-05-01 09:30:08,GAYA,Rain,0.36,5.05,3.6,15.8,59.2
2026-05-28 04:19:42,GAYA,Fog,0.6,4.88,0.8,28.7,76.9
2026-01-13 01:55:06,GAYA,Clear,0.15,9.4,0.5,16.2,69.9
2026-04-05 15:04:33,GAYA,Clear,0.16,9.7,0.3,17.4,56.2
2026-06-03 01:04:55,GAYA,Clear,0.65,5.6,0.9,38.8,69.3
2026-03-03 05:11:28,GAYA,Cloudy,0.21,8.41,0.8,20.1,75.8
2026-03-10 18:16:50,GAYA,Clear,0.24,8.37,1.3,29.2,92.0
2026-01-24 18:13:04,GAYA,Cloudy,0.29,7.73,1.1,40.7,79.6
2026-01-20 13:50:09,GAYA,Fog,0.71,3.63,0.7,28.0,41.4
2026-03-11 16:36:34,GAYA,Clear,0.51,6.07,0.2,21.6,30.1
2026-05-16 12:02:54,GAYA,Clear,0.31,7.98,0.0,32.9,53.1
2026-04-01 04:03:10,GAYA,Clear,0.2,7.87,0.1,26.5,79.1
2026-03-07 03:02:50,GAYA,Cloudy,0.22,8.49,0.7,31.7,66.4
2026-06-05 08:56:39,GAYA,Clear,0.09,8.68,0.0,18.5,78.6
2026-06-03 02:21:10,GAYA,Clear,0.38,6.99,0.4,28.8,65.8
2026-01-16 10:04:07,GAYA,Clear,0.44,4.89,0.3,17.5,84.0
2026-03-13 14:44:40,GAYA,Clear,0.32,6.61,0.4,13.5,28.1
2026-01-26 13:17:34,GAYA,Clear,0.3,7.67,0.8,24.8,96.6
2026-06-20 00:57:27,GAYA,Rain,0.06,8.28,5.5,31.1,90.1
2026-02-03 00:24:07,GAYA,Clear,0.08,9.76,0.4,21.1,34.7
2026-04-03 15:57:52,GAYA,Cloudy,0.03,9.97,1.5,18.2,26.9
2026-03-26 01:00:02,GAYA,Clear,0.46,6.24,0.7,21.5,100.0
2026-03-13 03:29:31,GAYA,Cloudy,0.49,6.17,1.2,18.1,73.1
2026-02-19 01:26:28,GAYA,Cloudy,0.15,8.42,0.9,19.4,41.5
2026-05-04 10:05:16,GAYA,Clear,0.37,7.21,1.2,31.5,59.2
2026-01-29 12:04:51,GAYA,Cloudy,0.41,7.12,0.7,21.7,88.1
2026-03-24 02:44:07,GAYA,Fog,0.79,3.53,1.2,32.0,78.6
2026-05-20 23:14:09,GAYA,Cloudy,0.08,9.36,1.1,33.7,69.9
2026-03-12 04:10:22,GAYA,Fog,0.71,4.9,1.4,12.3,40.6
2026-01-30 06:01:23,GAYA,Fog,0.68,4.88,1.2,19.5,76.6
2026-02-16 08:34:13,GAYA,Clear,0.48,6.16,1.0,12.2,90.4
2026-06-14 06:55:59,GAYA,Fog,0.59,4.5,1.4,28.8,81.5
2026-02-23 08:52:14,GAYA,Clear,0.17,8.33,1.2,21.9,67.0
2026-06-30 15:27:32,GAYA,Cloudy,0.57,4.44,1.0,25.5,95.3
2026-03-18 18:34:43,GAYA,Clear,0.24,7.83,0.5,21.1,100.0
2026-06-04 22:59:18,GAYA,Cloudy,0.17,9.46,1.0,21.7,56.1
2026-02-05 02:21:30,GAYA,Fog,0.62,4.36,0.1,20.6,97.2
2026-03-18 17:08:22,GAYA,Cloudy,0.09,9.99,0.5,14.7,71.4
2026-06-06 00:36:46,GAYA,Cloudy,0.42,6.41,1.0,22.9,64.2
2026-06-23 10:58:17,GAYA,Clear,0.5,5.3,0.4,30.1,49.6
2026-04-08 21:33:17,GAYA,Clear,0.1,8.49,0.7,19.9,67.3
2026-01-30 20:40:51,GAYA,Clear,0.49,5.04,0.6,20.9,73.4
2026-05-15 01:00:47,GAYA,Clear,0.23,7.35,1.4,14.6,65.5
2026-05-17 19:57:01,GAYA,Cloudy,0.31,7.9,1.0,17.1,83.7
2026-01-25 03:42:48,GAYA,Clear,0.16,8.49,0.4,25.0,77.7
2026-03-08 02:38:41,GAYA,Clear,0.33,7.36,0.7,17.2,62.3
2026-02-25 02:28:28,GAYA,Clear,0.09,9.77,0.8,13.2,64.2
2026-02-10 09:32:28,GAYA,Cloudy,0.31,7.04,0.4,31.5,61.6
2026-01-13 02:04:09,GAYA,Clear,0.16,8.9,0.8,27.9,77.6
2026-06-24 14:15:51,GAYA,Rain,0.05,8.7,8.0,24.9,76.4
2026-04-08 10:20:07,GAYA,Cloudy,0.21,8.41,0.2,28.6,40.7
2026-03-15 06:30:16,GAYA,Fog,0.53,5.41,1.0,25.9,64.0
2026-03-08 14:41:41,GAYA,Clear,0.38,6.88,0.6,37.2,54.5
2026-04-13 01:09:35,GAYA,Clear,0.22,7.62,0.9,32.3,77.0
2026-04-26 11:27:29,GAYA,Clear,0.24,9.15,0.1,24.9,52.9
2026-01-01 22:42:40,GAYA,Cloudy,0.25,7.7,1.2,35.5,80.3
2026-04-30 09:39:30,GAYA,Fog,0.78,3.55,0.9,19.5,83.8
2026-02-15 06:56:54,GAYA,Clear,0.06,9.9,0.4,12.3,53.0
2026-04-10 05:55:34,GAYA,Clear,0.22,8.74,1.1,23.5,71.7
2026-05-05 18:50:58,GAYA,Fog,0.97,1.8,0.8,33.7,67.9
2026-03-31 03:03:59,GAYA,Cloudy,0.26,7.56,0.2,15.7,94.6
2026-01-06 14:06:25,GAYA,Rain,0.23,5.97,3.5,23.0,38.2
2026-04-20 14:26:20,GAYA,Clear,0.39,6.55,0.9,19.8,79.5
2026-04-18 19:33:53,GAYA,Clear,0.36,6.55,0.6,6.9,59.5
2026-02-08 16:12:26,GAYA,Rain,0.15,7.52,19.2,23.6,64.6
2026-05-07 22:50:56,GAYA,Fog,0.86,3.46,0.8,34.0,87.0
2026-05-24 05:07:02,GAYA,Clear,0.11,9.35,0.9,35.2,49.0
2026-05-06 14:07:51,GAYA,Clear,0.35,6.87,0.7,20.1,52.7
2026-06-10 20:36:48,GAYA,Fog,0.68,4.1,0.4,23.7,78.4
2026-03-26 00:52:28,GAYA,Clear,0.47,5.68,0.5,20.9,52.1
2026-04-17 18:42:49,GAYA,Cloudy,0.42,6.71,0.1,26.4,95.3
2026-04-03 22:59:43,GAYA,Fog,0.59,4.36,0.6,27.4,45.6
2026-04-28 21:18:11,GAYA,Clear,0.27,7.84,0.3,11.3,74.8
2026-03-23 10:37:11,GAYA,Clear,0.26,8.55,0.6,11.2,20.0
2026-01-23 12:14:45,GAYA,Clear,0.17,8.85,0.4,25.0,31.5
2026-04-08 15:35:42,GAYA,Clear,0.47,6.16,0.4,31.0,84.0
2026-01-02 00:35:10,GAYA,Clear,0.39,6.7,0.2,11.1,59.1
2026-04-23 06:21:14,GAYA,Fog,0.88,2.49,0.6,16.7,50.9
2026-06-14 01:08:44,GAYA,Fog,0.73,4.18,1.4,23.8,90.2
2026-01-30 01:47:29,GAYA,Clear,0.36,6.04,1.5,16.9,100.0
2026-03-23 12:38:28,GAYA,Clear,0.26,8.06,0.8,28.5,57.3
2026-05-29 23:03:04,GAYA,Clear,0.62,4.32,1.4,7.9,86.5
2026-04-27 18:52:14,GAYA,Clear,0.07,9.42,0.3,15.3,58.8
2026-01-30 10:54:35,GAYA,Clear,0.5,5.3,0.9,42.0,87.0
2026-02-07 11:06:23,GAYA,Clear,0.25,7.67,0.1,10.5,55.5
2026-03-09 18:46:02,GAYA,Cloudy,0.19,8.8,0.2,21.2,94.2
2026-02-05 08:54:17,GAYA,Cloudy,0.57,5.5,0.4,49.2,72.5
2026-02-13 10:42:36,GAYA,Clear,0.4,6.26,1.0,7.7,77.2
2026-02-09 01:43:09,GAYA,Cloudy,0.04,9.58,1.4,35.7,52.1
2026-05-28 10:52:16,GAYA,Clear,0.29,7.64,1.5,27.8,42.0
2026-05-04 08:02:37,GAYA,Cloudy,0.09,9.36,0.9,19.5,74.6
2026-01-17 02:38:59,GAYA,Rain,0.32,6.44,5.2,23.3,54.0
2026-04-20 08:27:05,GAYA,Clear,0.1,8.85,0.4,16.3,65.9
2026-04-26 14:26:12,GAYA,Cloudy,0.23,8.76,1.0,28.9,81.8
2026-01-13 13:06:13,GAYA,Clear,0.41,6.83,1.3,20.2,96.7
2026-04-30 20:05:05,GAYA,Fog,0.75,3.33,1.3,16.8,78.1
2026-01-02 12:13:15,GAYA,Clear,0.16,8.72,0.6,25.0,65.0
2026-02-13 22:41:11,GAYA,Clear,0.17,8.3,0.6,17.7,32.7
2026-02-24 19:12:56,GAYA,Cloudy,0.12,8.94,1.5,22.3,59.2
2026-04-26 10:44:47,GAYA,Cloudy,0.29,7.39,1.5,15.1,20.0
2026-03-02 14:17:16,GAYA,Clear,0.36,6.94,0.2,25.3,53.2
2026-04-22 02:21:24,GAYA,Clear,0.04,10.54,0.2,32.0,53.8
2026-01-04 20:33:00,GAYA,Clear,0.14,9.5,0.2,21.3,90.8
2026-02-13 16:10:25,GAYA,Clear,0.24,7.96,0.3,17.6,79.9
2026-02-15 17:14:03,GAYA,Rain,0.21,7.53,12.4,27.2,96.6
2026-04-25 18:09:22,GAYA,Clear,0.17,9.06,1.4,19.3,76.4
2026-04-08 23:40:34,GAYA,Clear,0.38,6.57,0.3,33.2,99.9
2026-05-22 23:28:12,GAYA,Rain,0.04,9.27,10.9,28.2,68.1
2026-06-30 23:48:52,GAYA,Clear,0.4,6.15,1.1,21.7,54.9
2026-06-19 23:34:30,GAYA,Clear,0.22,8.66,1.0,35.4,85.6
2026-04-17 18:44:22,GAYA,Clear,0.37,6.15,0.6,29.6,61.2
2026-05-22 04:36:54,GAYA,Clear,0.09,9.06,0.8,18.3,35.0
2026-03-21 13:47:19,GAYA,Clear,0.27,7.66,0.0,25.2,40.5
2026-05-25 22:47:23,GAYA,Cloudy,0.37,7.53,1.3,21.2,45.2
2026-02-27 13:03:45,GAYA,Clear,0.23,7.56,0.5,24.5,97.9
2026-01-02 00:40:46,GAYA,Fog,0.74,3.8,0.4,33.5,100.0
2026-06-12 16:24:59,GAYA,Cloudy,0.37,6.45,1.3,3.9,78.0
2026-05-26 06:08:59,GAYA,Clear,0.23,8.82,0.3,11.6,36.7
2026-03-08 19:16:16,GAYA,Clear,0.29,8.09,0.5,38.9,43.3
2026-01-22 05:28:35,GAYA,Cloudy,0.23,7.55,0.6,28.4,97.5
2026-03-07 05:48:41,GAYA,Clear,0.29,7.39,0.1,28.0,64.2
2026-04-06 01:34:24,GAYA,Rain,0.29,5.72,4.5,9.5,77.3
2026-05-11 22:42:38,GAYA,Clear,0.33,6.58,1.1,16.7,31.3
2026-01-18 18:08:07,GAYA,Clear,0.37,6.73,1.2,31.1,95.4
2026-05-30 02:54:06,GAYA,Clear,0.1,9.42,1.0,39.3,51.8
2026-05-20 00:20:23,GAYA,Rain,0.24,7.03,2.8,22.3,81.5
2026-03-12 09:31:51,GAYA,Clear,0.2,7.87,1.5,40.3,38.7
2026-05-25 10:24:08,GAYA,Rain,0.16,7.2,11.6,10.6,67.1
2026-04-22 19:20:55,GAYA,Clear,0.4,6.91,0.7,25.5,81.3
2026-04-05 00:44:22,GAYA,Clear,0.57,4.44,0.2,27.8,76.4
2026-01-20 13:44:21,GAYA,Clear,0.2,7.18,0.5,45.9,85.9
2026-03-15 17:54:39,GAYA,Fog,0.74,3.34,0.6,13.7,71.0
2026-01-20 16:50:43,GAYA,Cloudy,0.05,10.21,1.2,19.4,100.0
2026-03-26 09:04:19,GAYA,Clear,0.38,6.79,1.4,19.2,59.5
2026-04-26 06:20:55,GAYA,Clear,0.15,8.9,0.6,12.7,73.8
2026-04-09 01:18:33,GAYA,Clear,0.65,4.71,1.4,32.1,78.7
2026-06-11 02:26:51,GAYA,Clear,0.23,8.12,0.6,19.1,57.6
2026-06-08 19:11:46,GAYA,Clear,0.14,9.1,0.1,44.9,51.1
2026-05-21 04:20:58,GAYA,Cloudy,0.07,9.77,0.2,26.8,55.7
2026-02-21 17:56:56,GAYA,Clear,0.4,6.7,0.5,25.7,79.3
2026-04-22 05:23:05,GAYA,Cloudy,0.41,6.44,0.1,24.1,63.3
2026-01-24 11:21:03,GAYA,Cloudy,0.44,6.42,1.0,18.5,57.9
2026-01-19 05:12:01,GAYA,Cloudy,0.38,6.84,1.4,24.0,74.3
2026-05-30 12:10:24,GAYA,Clear,0.58,4.74,0.8,31.3,100.0
2026-03-04 01:48:03,GAYA,Fog,0.69,4.3,1.3,37.3,69.2
2026-04-25 23:46:43,GAYA,Clear,0.07,9.4,1.0,10.9,50.7
2026-04-05 18:40:38,GAYA,Cloudy,0.3,7.25,0.2,13.3,59.7
2026-03-20 02:18:55,GAYA,Fog,0.74,3.89,0.1,19.8,60.9
2026-02-20 00:51:39,GAYA,Clear,0.22,8.13,0.7,18.6,67.3
2026-04-27 19:47:49,GAYA,Fog,0.49,5.27,1.3,45.7,98.5
2026-02-14 00:49:35,GAYA,Clear,0.52,5.58,0.0,14.4,67.6
2026-04-17 00:08:48,GAYA,Cloudy,0.51,5.4,0.8,34.7,72.7
2026-05-20 08:09:48,GAYA,Cloudy,0.45,6.28,0.8,21.5,69.8
2026-01-21 22:00:26,GAYA,Clear,0.17,8.37,0.0,29.9,35.0
2026-04-05 10:26:22,GAYA,Cloudy,0.26,7.17,0.3,24.8,62.4
2026-04-13 00:35:37,GAYA,Clear,0.33,7.43,0.7,12.4,57.9
2026-02-13 19:13:38,GAYA,Clear,0.58,4.53,0.9,20.3,75.4
2026-03-30 03:39:15,GAYA,Clear,0.3,7.42,0.9,26.6,59.6
2026-06-30 17:52:51,GAYA,Fog,0.53,5.72,0.4,24.7,54.6
2026-05-31 13:30:33,GAYA,Cloudy,0.27,7.62,0.7,28.4,84.9
2026-05-01 03:54:17,GAYA,Rain,0.21,6.69,8.2,29.7,71.1
2026-02-24 04:37:53,GAYA,Fog,0.85,3.45,1.4,29.5,90.5
2026-04-01 19:09:55,GAYA,Cloudy,0.22,8.12,0.4,36.1,80.0
2026-03-26 21:03:35,GAYA,Cloudy,0.14,8.48,1.4,32.1,80.9
2026-02-26 04:32:16,GAYA,Clear,0.34,6.93,1.3,28.5,61.6
2026-03-03 01:20:54,GAYA,Clear,0.36,6.91,0.9,26.8,75.3
2026-05-16 11:53:06,GAYA,Clear,0.65,4.78,1.3,28.7,73.9
2026-02-15 09:45:48,GAYA,Clear,0.18,8.49,1.5,25.0,73.8
2026-03-23 11:40:32,GAYA,Clear,0.08,8.5,0.1,13.8,59.5
2026-02-14 09:42:06,GAYA,Clear,0.54,5.03,0.1,21.1,75.9
2026-03-10 21:10:06,GAYA,Fog,0.53,5.23,0.7,25.4,80.2
2026-06-21 10:57:59,GAYA,Cloudy,0.52,6.07,0.1,17.0,81.0
2026-04-28 16:10:50,GAYA,Clear,0.35,7.31,1.0,23.3,81.4
2026-02-04 15:33:50,GAYA,Cloudy,0.3,7.95,1.1,33.2,37.1
2026-06-07 02:52:12,GAYA,Cloudy,0.37,7.03,0.2,24.5,39.9
2026-05-17 19:49:42,GAYA,Cloudy,0.37,6.43,1.3,28.4,61.1
2026-03-07 02:44:30,GAYA,Clear,0.29,7.23,0.2,16.7,93.7
2026-06-09 02:16:40,GAYA,Clear,0.12,8.59,1.3,12.8,42.1
2026-06-26 13:43:26,GAYA,Rain,0.1,8.33,10.8,21.5,25.9
2026-01-18 17:17:06,GAYA,Rain,0.15,8.45,10.5,25.8,59.8
2026-03-23 05:12:13,GAYA,Cloudy,0.14,8.75,0.3,28.8,60.8
2026-06-30 23:21:36,GAYA,Clear,0.23,7.65,0.3,27.0,69.7
2026-02-07 00:24:25,GAYA,Clear,0.39,6.15,1.4,16.3,62.9
2026-06-18 15:39:50,GAYA,Cloudy,0.27,7.57,0.7,32.9,61.0
2026-03-06 18:06:37,GAYA,Clear,0.07,9.8,0.6,30.0,100.0
2026-06-29 12:41:00,GAYA,Rain,0.32,5.95,7.3,24.8,42.2
2026-01-04 18:59:37,GAYA,Rain,0.17,7.12,4.4,17.2,83.1
2026-02-28 12:06:49,GAYA,Clear,0.36,7.35,1.2,25.5,40.2
2026-01-10 03:43:52,GAYA,Cloudy,0.05,9.52,1.2,35.5,77.3
2026-02-17 04:20:09,GAYA,Clear,0.13,8.54,1.2,22.2,86.4
2026-02-14 18:50:43,GAYA,Fog,0.53,5.16,1.0,22.2,68.1
2026-06-28 11:43:12,GAYA,Clear,0.46,5.94,1.1,17.3,80.9
2026-01-12 23:45:42,GAYA,Clear,0.17,8.61,0.1,21.3,72.9
2026-03-18 21:54:01,GAYA,Clear,0.31,6.38,0.7,30.3,64.7
2026-05-01 23:07:50,GAYA,Clear,0.07,9.84,0.1,30.6,50.6
2026-06-11 17:32:06,GAYA,Clear,0.31,7.28,1.1,24.8,49.5
2026-06-19 23:13:00,GAYA,Clear,0.61,3.73,0.1,22.4,99.8
2026-02-15 09:15:38,GAYA,Clear,0.31,7.58,1.2,17.1,62.4
2026-04-26 13:31:58,GAYA,Clear,0.27,7.91,1.0,20.2,100.0
2026-02-23 13:17:48,GAYA,Cloudy,0.22,8.36,0.3,28.3,58.2
2026-03-14 08:25:44,GAYA,Cloudy,0.28,7.46,0.4,23.4,50.2
2026-02-23 19:20:51,GAYA,Cloudy,0.34,6.96,1.3,20.6,26.9
2026-05-19 03:13:00,GAYA,Clear,0.62,3.43,0.0,31.0,70.2
2026-04-23 22:39:54,GAYA,Rain,0.11,8.19,3.4,36.1,60.8
2026-01-21 18:55:24,GAYA,Clear,0.2,7.94,1.2,21.6,52.0
2026-04-25 20:25:00,GAYA,Clear,0.05,9.19,1.0,28.6,68.8
2026-03-06 16:11:14,GAYA,Clear,0.11,9.43,1.5,31.8,100.0
2026-01-17 12:44:24,GAYA,Clear,0.25,8.06,0.0,24.3,92.3
2026-04-08 21:53:17,GAYA,Clear,0.19,8.02,0.4,22.9,47.8
2026-01-25 21:03:47,GAYA,Cloudy,0.34,6.68,0.0,38.7,66.9
2026-03-16 20:26:32,GAYA,Clear,0.27,8.13,1.3,29.4,52.8
2026-01-26 16:31:56,GAYA,Cloudy,0.04,9.62,0.2,21.5,60.7
2026-03-22 03:37:53,GAYA,Fog,0.73,3.44,0.6,39.2,73.6
2026-05-23 07:12:47,GAYA,Clear,0.51,4.91,1.3,30.4,78.1
2026-06-13 00:16:45,GAYA,Clear,0.28,7.58,0.2,36.4,84.4
2026-01-30 23:10:48,GAYA,Rain,0.12,7.79,9.3,29.6,60.2
2026-05-23 06:30:16,GAYA,Fog,1.0,1.4,1.5,29.8,50.9
2026-01-13 11:50:31,GAYA,Clear,0.25,7.85,0.9,21.5,94.0
2026-04-06 13:09:12,GAYA,Rain,0.49,3.9,11.5,24.0,77.7
2026-03-16 14:36:03,GAYA,Clear,0.09,9.22,0.2,28.6,77.7
2026-05-22 13:27:06,GAYA,Clear,0.35,6.28,0.4,25.4,90.8
2026-01-15 02:42:24,GAYA,Clear,0.49,6.04,1.1,0.7,64.1
2026-04-26 13:41:13,GAYA,Fog,0.47,6.39,0.3,12.3,75.7
2026-04-08 15:23:29,GAYA,Clear,0.44,6.39,0.9,24.3,60.2
2026-03-19 14:16:35,GAYA,Fog,0.49,5.62,0.6,33.3,49.2
2026-03-04 03:34:50,GAYA,Rain,0.41,5.32,10.2,25.6,86.8
2026-02-11 23:46:31,GAYA,Clear,0.31,7.66,1.5,21.2,58.7
2026-04-08 15:56:06,GAYA,Cloudy,0.13,9.07,0.9,25.6,80.9
2026-03-12 03:09:47,GAYA,Clear,0.31,6.28,0.0,22.3,71.1
2026-01-12 19:01:37,GAYA,Clear,0.38,7.25,0.3,17.1,87.9
2026-01-13 12:39:23,GAYA,Rain,0.42,5.97,5.4,36.6,93.7
2026-03-14 21:44:35,GAYA,Cloudy,0.13,9.45,0.0,14.2,86.2
2026-02-15 03:15:08,GAYA,Clear,0.29,7.32,1.1,7.8,40.9
2026-05-29 17:25:40,GAYA,Clear,0.11,9.14,0.3,18.4,56.9
2026-04-03 21:31:50,GAYA,Rain,0.13,7.63,6.1,25.0,98.0
2026-04-01 10:36:00,GAYA,Cloudy,0.26,8.46,0.8,22.5,66.9
2026-01-19 11:55:58,GAYA,Cloudy,0.28,7.66,0.9,29.1,68.6
2026-04-16 01:59:35,GAYA,Cloudy,0.13,9.36,0.3,23.3,51.7
2026-06-30 15:50:33,GAYA,Clear,0.27,7.76,1.4,21.1,56.3
2026-06-11 19:37:37,GAYA,Cloudy,0.4,6.9,0.4,38.3,71.3
2026-04-29 23:56:07,GAYA,Clear,0.18,9.11,1.0,4.1,88.6
2026-04-30 17:25:56,GAYA,Rain,0.8,1.94,6.3,31.7,46.4
2026-04-01 16:09:45,GAYA,Clear,0.41,6.8,0.5,17.4,100.0
2026-06-06 09:00:03,GAYA,Rain,0.34,5.89,6.8,24.2,83.4
2026-02-16 03:54:54,GAYA,Clear,0.11,9.26,1.4,11.6,71.3
2026-01-24 14:15:47,GAYA,Clear,0.39,6.05,1.3,22.8,60.0
2026-05-29 11:41:26,GAYA,Rain,0.39,4.94,8.1,19.1,33.5
2026-01-08 06:54:23,GAYA,Cloudy,0.46,5.97,0.7,13.8,48.5
2026-05-06 20:29:35,GAYA,Clear,0.35,6.42,0.5,12.7,65.8
2026-05-11 19:29:23,GAYA,Clear,0.48,6.24,1.1,25.5,87.4
2026-03-16 20:44:38,GAYA,Rain,0.44,4.67,4.3,10.0,64.9
2026-05-14 03:30:32,GAYA,Cloudy,0.07,8.88,1.2,18.4,72.6
2026-01-14 20:03:04,GAYA,Clear,0.59,4.59,1.1,27.8,49.5
2026-06-27 05:40:07,GAYA,Cloudy,0.19,8.07,0.6,20.6,63.0
2026-05-06 07:07:05,GAYA,Cloudy,0.53,5.68,0.6,18.2,56.2
2026-04-11 22:33:23,GAYA,Cloudy,0.45,6.27,0.5,27.2,63.3
2026-03-11 09:07:15,GAYA,Fog,0.38,6.92,0.3,27.4,81.8
2026-06-26 22:43:47,GAYA,Cloudy,0.85,2.91,1.2,30.0,92.7
2026-04-19 08:55:10,GAYA,Rain,0.2,7.52,3.0,31.0,56.2
2026-01-16 06:51:44,GAYA,Fog,0.81,3.3,0.1,6.0,44.4
2026-01-13 14:14:19,GAYA,Cloudy,0.27,8.42,0.5,17.6,86.4
2026-05-04 18:32:41,GAYA,Cloudy,0.25,8.43,0.1,22.0,29.1
2026-04-14 04:12:45,GAYA,Clear,0.08,10.04,0.9,24.8,49.0
2026-03-25 00:39:19,GAYA,Clear,0.34,6.79,0.2,26.8,71.2
2026-05-10 23:40:32,GAYA,Clear,0.36,6.88,0.2,16.1,66.4
2026-02-21 11:01:38,GAYA,Clear,0.38,6.38,1.3,16.9,90.3
2026-05-21 15:32:50,GAYA,Cloudy,0.47,6.47,0.7,37.4,39.9
2026-03-04 12:03:07,GAYA,Rain,0.31,6.01,17.8,22.3,88.3
2026-06-06 02:41:59,GAYA,Clear,0.06,9.83,1.4,31.1,38.0
2026-05-28 10:11:03,GAYA,Clear,0.32,7.4,0.7,25.8,68.2
2026-01-08 00:23:39,GAYA,Cloudy,0.31,7.24,1.2,26.5,53.1
2026-05-25 14:26:12,GAYA,Clear,0.19,8.15,1.0,29.5,77.5
2026-04-02 00:59:08,GAYA,Clear,0.36,7.55,1.2,19.9,59.9
2026-01-22 17:32:29,GAYA,Clear,0.26,7.64,0.0,22.3,73.6
2026-06-15 16:14:34,GAYA,Clear,0.11,8.61,1.1,39.7,49.2
2026-06-12 08:19:05,GAYA,Clear,0.39,6.37,1.3,20.0,54.0
2026-03-07 01:49:55,GAYA,Cloudy,0.33,7.08,1.0,17.0,86.2
2026-05-03 04:27:59,GAYA,Fog,0.63,4.34,1.4,24.3,34.3
2026-03-27 13:57:02,GAYA,Clear,0.57,4.96,0.2,24.3,84.6
2026-01-24 15:27:56,GAYA,Clear,0.24,7.9,1.0,24.8,74.5
2026-02-23 23:56:36,GAYA,Clear,0.53,5.78,1.1,30.3,60.7
2026-04-06 11:05:40,GAYA,Clear,0.21,8.06,0.7,29.8,30.2
2026-04-17 14:56:25,GAYA,Clear,0.49,6.27,1.5,24.0,73.7
2026-06-26 14:15:37,GAYA,Clear,0.44,6.2,0.8,16.5,73.8
2026-06-21 08:33:36,GAYA,Cloudy,0.09,8.87,1.3,24.4,66.0
2026-03-07 15:27:44,GAYA,Rain,0.18,6.74,7.8,39.1,83.3
2026-06-28 04:06:51,GAYA,Clear,0.14,9.39,1.3,24.0,49.7
2026-06-08 07:16:36,GAYA,Clear,0.2,8.62,0.9,26.5,54.6
2026-01-12 04:07:08,GAYA,Rain,0.03,8.2,8.6,30.1,61.4
2026-04-15 08:49:16,GAYA,Clear,0.13,8.63,1.3,28.0,60.4
2026-03-28 18:39:43,GAYA,Cloudy,0.05,9.49,0.1,21.3,20.0
2026-02-04 15:46:11,GAYA,Cloudy,0.05,9.39,1.3,26.9,65.5
2026-01-19 15:13:22,GAYA,Clear,0.22,9.45,0.6,19.6,40.5
2026-06-02 04:25:03,GAYA,Cloudy,0.32,6.66,0.7,12.5,77.7
2026-01-16 08:35:32,GAYA,Clear,0.33,7.32,1.5,26.3,89.0
2026-03-16 03:58:48,GAYA,Fog,0.46,5.83,0.2,15.3,62.1
2026-05-26 19:05:25,GAYA,Clear,0.38,6.71,0.6,36.3,84.6
2026-06-29 14:15:55,GAYA,Cloudy,0.24,7.06,1.5,29.1,56.9
2026-06-29 23:00:33,GAYA,Clear,0.16,9.29,1.1,22.8,63.9
2026-03-04 18:27:23,GAYA,Cloudy,0.31,8.28,1.3,24.1,91.2
2026-05-02 05:44:03,GAYA,Fog,0.8,2.64,0.2,22.8,64.6
2026-02-03 08:00:11,GAYA,Clear,0.36,7.25,0.9,12.3,80.3
2026-04-28 22:46:34,GAYA,Clear,0.24,7.09,1.5,17.1,49.5
2026-06-22 01:23:01,GAYA,Rain,0.02,7.93,8.2,27.6,47.9
2026-02-28 15:47:00,GAYA,Clear,0.29,7.87,0.1,30.6,59.1
2026-02-25 21:32:40,GAYA,Fog,0.51,6.26,0.9,32.0,100.0
2026-05-12 19:10:18,GAYA,Rain,0.53,3.36,4.1,23.8,61.6
2026-06-26 20:55:01,GAYA,Clear,0.48,5.69,0.5,18.3,45.4
2026-04-13 11:51:56,GAYA,Clear,0.36,6.82,1.1,30.5,73.0
2026-02-04 06:13:03,GAYA,Clear,0.5,5.09,0.7,30.9,70.4
2026-02-05 15:24:04,GAYA,Rain,0.26,5.8,12.8,26.1,75.3
2026-02-23 02:55:34,GAYA,Clear,0.49,5.92,0.8,29.5,78.0
2026-02-22 19:39:26,GAYA,Clear,0.29,8.15,0.1,15.7,45.4
2026-06-19 09:04:39,GAYA,Clear,0.1,8.73,0.3,26.4,52.5
2026-05-30 11:30:11,GAYA,Clear,0.24,7.71,0.4,23.5,49.6
2026-02-26 14:39:07,GAYA,Clear,0.13,8.86,1.1,47.9,71.5
2026-01-26 20:49:47,GAYA,Cloudy,0.21,7.54,0.5,24.4,66.8
2026-03-06 16:01:13,GAYA,Clear,0.28,7.9,0.9,24.8,65.6
2026-06-08 18:22:53,GAYA,Fog,0.59,5.5,0.9,15.6,86.2
2026-06-22 08:30:11,GAYA,Clear,0.19,7.92,0.5,22.4,63.2
2026-02-19 08:58:44,GAYA,Clear,0.16,8.62,0.6,20.9,86.3
2026-03-03 13:28:15,GAYA,Clear,0.42,7.33,1.0,48.5,37.1
2026-02-04 14:13:30,GAYA,Clear,0.38,7.37,0.8,21.9,83.0
2026-06-09 19:26:45,GAYA,Rain,0.28,6.4,5.9,23.4,68.3
2026-02-21 14:22:26,GAYA,Clear,0.11,8.92,1.1,18.5,84.7
2026-03-07 04:11:56,GAYA,Clear,0.31,7.69,1.0,35.6,53.2
2026-03-15 06:52:11,GAYA,Clear,0.42,6.0,1.4,24.1,77.1
2026-01-20 01:45:09,GAYA,Clear,0.25,8.21,0.1,35.7,88.9
2026-02-08 08:18:08,GAYA,Cloudy,0.32,7.04,0.7,28.0,100.0
2026-05-06 03:51:52,GAYA,Clear,0.25,7.7,1.3,24.7,51.8
2026-01-16 16:46:33,GAYA,Clear,0.28,7.42,0.0,33.7,88.7
2026-02-16 06:51:22,GAYA,Clear,0.15,8.44,0.7,20.3,75.5
2026-03-07 21:20:59,GAYA,Clear,0.2,7.69,0.0,21.3,31.0
2026-01-31 13:41:51,GAYA,Clear,0.24,8.63,0.7,29.5,38.3
2026-05-25 13:09:58,GAYA,Rain,0.33,6.65,5.6,34.1,61.2
2026-03-14 00:14:25,GAYA,Clear,0.18,8.95,1.1,20.7,89.0
2026-01-18 20:48:04,GAYA,Clear,0.47,6.08,1.4,9.8,70.4
2026-06-13 21:24:55,GAYA,Rain,0.35,6.44,1.4,28.3,70.4
2026-03-16 11:07:39,GAYA,Rain,0.33,6.54,3.9,18.4,89.7
2026-01-20 13:19:24,GAYA,Clear,0.34,7.41,0.5,36.3,61.5
2026-03-25 02:45:01,GAYA,Cloudy,0.57,5.5,0.2,31.7,59.8
2026-06-12 04:18:42,GAYA,Clear,0.47,6.32,1.1,15.8,43.8
2026-02-08 12:26:46,GAYA,Clear,0.53,5.09,0.8,23.5,69.6
2026-05-23 17:07:49,GAYA,Rain,0.07,8.47,8.4,20.7,64.4
2026-04-19 07:35:41,GAYA,Clear,0.31,7.8,0.8,9.2,69.4
2026-05-17 23:10:18,GAYA,Clear,0.33,7.37,1.1,20.8,64.7
2026-01-19 05:59:16,GAYA,Clear,0.5,5.71,0.9,20.7,90.9
2026-06-19 15:33:52,GAYA,Cloudy,0.44,5.98,0.4,26.6,64.8
2026-06-01 06:10:08,GAYA,Fog,0.68,4.23,0.3,31.6,77.9
2026-05-07 02:15:28,GAYA,Cloudy,0.47,4.92,0.5,31.9,64.6
2026-04-23 22:15:29,GAYA,Clear,0.14,8.86,0.6,27.1,67.0
2026-05-24 13:11:38,GAYA,Clear,0.21,9.01,0.7,10.0,74.8
2026-04-13 06:55:42,GAYA,Cloudy,0.53,6.11,0.6,27.0,76.4
2026-05-16 14:36:11,GAYA,Clear,0.18,8.25,0.3,33.6,61.2
2026-02-05 02:39:30,GAYA,Clear,0.39,5.86,1.1,30.4,59.8
2026-06-02 20:29:25,GAYA,Cloudy,0.31,8.1,0.1,30.4,71.1
2026-04-08 10:54:52,GAYA,Rain,0.27,6.37,2.5,39.9,38.9
2026-03-11 12:26:07,GAYA,Clear,0.37,6.49,0.5,39.2,55.7
2026-01-27 16:40:50,GAYA,Clear,0.24,7.56,1.3,23.5,59.0
2026-06-12 18:27:42,GAYA,Rain,0.57,4.02,11.9,14.2,60.8
2026-01-05 22:57:18,GAYA,Cloudy,0.19,7.98,0.8,30.0,79.0
2026-04-13 06:01:14,GAYA,Clear,0.1,8.34,0.2,36.8,88.2
2026-06-17 16:56:23,GAYA,Fog,0.88,2.82,0.0,26.9,95.5
2026-04-09 13:52:07,GAYA,Clear,0.17,8.68,0.6,13.0,59.2
2026-04-25 23:58:39,GAYA,Clear,0.14,8.96,1.0,21.3,92.7
2026-01-06 20:41:39,GAYA,Cloudy,0.13,8.6,0.5,37.2,43.8
2026-01-28 06:31:33,GAYA,Clear,0.27,7.24,0.6,25.3,67.8
2026-03-01 10:13:54,GAYA,Cloudy,0.35,7.19,0.4,40.7,81.0
2026-05-10 05:45:26,GAYA,Rain,0.55,4.44,8.7,21.6,89.5
2026-05-27 21:43:07,GAYA,Clear,0.38,6.06,1.2,10.3,63.3
2026-04-15 21:24:58,GAYA,Cloudy,0.57,4.48,1.3,20.9,96.1
2026-01-27 22:48:03,GAYA,Rain,0.6,3.57,13.7,23.8,47.6
2026-04-04 06:36:50,GAYA,Cloudy,0.53,5.77,0.3,23.1,69.6
2026-04-14 18:37:23,GAYA,Rain,0.27,6.56,9.8,14.4,80.6
2026-01-21 00:21:06,GAYA,Clear,0.37,6.78,1.4,17.0,66.6
2026-06-03 23:47:14,GAYA,Fog,0.51,5.6,1.0,13.6,40.0
2026-03-31 07:14:49,GAYA,Clear,0.39,6.77,0.6,25.2,49.2
2026-03-11 23:14:48,GAYA,Rain,0.13,8.02,2.7,36.0,67.5
2026-03-24 22:37:17,GAYA,Clear,0.49,5.39,0.6,36.2,74.6
2026-03-30 09:09:19,GAYA,Clear,0.16,8.45,0.7,14.4,71.3
2026-03-30 02:35:10,GAYA,Clear,0.27,7.73,0.1,22.2,83.9
2026-04-21 04:40:38,GAYA,Clear,0.07,9.22,0.6,17.1,87.3
2026-02-19 00:33:02,GAYA,Fog,0.72,4.33,0.7,30.7,61.2
2026-02-03 10:39:28,GAYA,Rain,0.46,5.2,8.2,27.2,62.8
2026-05-23 06:37:04,GAYA,Fog,0.62,5.78,1.5,17.4,82.0
2026-01-11 23:15:51,GAYA,Fog,0.57,5.02,1.1,31.6,73.4
2026-03-29 18:12:14,GAYA,Cloudy,0.5,5.78,0.3,27.1,100.0
2026-05-23 01:14:35,GAYA,Cloudy,0.15,9.46,0.8,29.3,86.0
2026-03-03 02:46:10,GAYA,Fog,0.54,4.48,0.4,35.3,84.9
2026-05-13 17:50:43,GAYA,Cloudy,0.38,6.03,1.3,39.2,91.5
2026-05-07 19:33:08,GAYA,Fog,0.38,6.53,0.2,30.8,81.7
2026-03-21 11:31:18,GAYA,Clear,0.34,6.56,0.7,22.5,72.8
2026-05-21 04:21:51,GAYA,Fog,0.52,5.79,0.7,15.4,90.8
2026-06-15 07:04:09,GAYA,Clear,0.34,7.31,1.4,23.4,84.5
2026-05-30 06:39:51,GAYA,Clear,0.46,5.59,1.5,29.8,73.2
2026-06-30 16:50:34,GAYA,Cloudy,0.22,7.77,0.4,16.8,82.0
2026-03-22 13:45:07,GAYA,Clear,0.37,6.54,0.2,5.1,65.1
2026-03-15 10:30:45,GAYA,Fog,0.47,7.04,0.4,23.5,53.8
2026-04-22 02:40:20,GAYA,Clear,0.2,8.66,1.2,38.9,100.0
2026-02-20 21:05:21,GAYA,Clear,0.56,4.82,1.0,22.0,75.7
2026-02-28 23:28:12,GAYA,Fog,0.8,3.97,0.3,17.1,76.6
2026-06-01 00:35:00,GAYA,Cloudy,0.26,8.69,0.5,27.2,76.3
2026-04-20 17:53:54,GAYA,Cloudy,0.56,5.33,1.2,18.5,69.0
2026-05-14 14:59:30,GAYA,Fog,0.67,4.45,0.1,28.3,45.1
2026-01-14 12:59:49,GAYA,Clear,0.61,4.93,0.5,25.9,80.0
2026-06-22 04:07:51,GAYA,Cloudy,0.28,7.05,1.4,14.5,71.3
2026-04-21 17:33:30,GAYA,Cloudy,0.42,6.73,1.3,25.9,58.5
2026-06-13 12:45:50,GAYA,Clear,0.61,4.69,0.7,18.6,63.7
2026-05-06 23:06:50,GAYA,Fog,0.65,4.84,0.5,23.9,74.9
2026-05-30 15:58:12,GAYA,Clear,0.17,8.16,1.2,13.5,56.8
2026-05-24 14:42:20,GAYA,Clear,0.07,9.05,0.3,29.1,85.1
2026-01-17 16:03:08,GAYA,Rain,0.39,5.95,4.5,8.2,88.6
2026-06-22 11:50:09,GAYA,Clear,0.31,7.05,0.1,23.7,52.7
2026-01-27 04:48:53,GAYA,Rain,0.78,2.4,11.3,23.6,80.3
2026-02-27 10:42:59,GAYA,Clear,0.31,7.49,0.5,16.9,83.2
2026-05-01 22:34:49,GAYA,Clear,0.32,7.8,0.5,11.8,93.2
2026-02-05 06:57:47,GAYA,Clear,0.14,9.14,0.6,42.4,72.7
2026-01-30 02:22:01,GAYA,Clear,0.17,7.98,0.1,30.2,52.3
2026-06-12 09:19:16,GAYA,Clear,0.4,6.17,1.3,20.1,64.0
2026-03-28 02:41:40,GAYA,Rain,0.2,6.9,2.3,26.0,73.5
2026-02-13 00:33:39,GAYA,Cloudy,0.17,8.33,0.6,22.9,62.0
2026-05-07 17:24:50,GAYA,Clear,0.39,6.56,0.8,9.9,45.2
2026-06-11 02:33:41,GAYA,Clear,0.37,6.89,1.4,36.1,74.6
2026-03-21 10:02:38,GAYA,Clear,0.71,4.13,0.4,22.5,76.7
2026-06-08 14:46:20,GAYA,Clear,0.23,8.3,0.6,26.8,42.5
2026-05-15 17:48:20,GAYA,Clear,0.14,8.86,0.6,21.3,61.6
2026-04-29 07:06:27,GAYA,Clear,0.42,6.6,0.4,19.3,97.9
2026-05-03 23:24:55,GAYA,Cloudy,0.03,10.45,0.8,14.9,66.4
2026-06-19 01:30:50,GAYA,Clear,0.15,8.83,1.3,25.6,42.8
2026-06-06 14:47:36,GAYA,Clear,0.56,5.05,0.2,33.2,78.4
2026-03-07 20:30:00,GAYA,Clear,0.43,6.89,0.8,21.1,46.1
2026-01-15 06:19:09,GAYA,Fog,0.74,3.49,1.2,19.3,49.1
2026-01-07 08:37:55,GAYA,Clear,0.3,8.01,0.3,32.2,73.4
2026-05-03 06:21:13,GAYA,Rain,0.31,6.23,15.1,25.9,82.6
2026-04-11 03:51:35,GAYA,Clear,0.29,8.22,1.2,36.2,55.2
2026-01-27 17:54:46,GAYA,Cloudy,0.2,8.23,0.1,16.3,61.6
2026-06-29 23:56:43,GAYA,Fog,0.68,4.76,0.7,25.2,65.2
2026-06-23 00:04:54,GAYA,Clear,0.26,8.28,1.2,26.0,82.0
2026-02-21 11:38:43,GAYA,Clear,0.17,8.71,0.0,12.1,90.5
2026-01-01 18:17:10,GAYA,Rain,0.29,6.5,8.9,19.3,55.5
2026-02-26 20:35:47,GAYA,Clear,0.13,8.75,0.1,14.5,64.9
2026-05-20 20:41:21,GAYA,Clear,0.31,6.81,1.0,28.2,50.8
2026-01-09 14:32:16,GAYA,Clear,0.37,6.81,1.3,40.8,91.1
2026-01-27 05:59:15,GAYA,Cloudy,0.21,8.09,0.5,11.8,70.1
2026-04-28 21:24:29,GAYA,Cloudy,0.19,8.94,1.4,19.3,66.1
2026-01-16 02:52:15,GAYA,Fog,0.89,3.23,0.2,29.1,42.1
2026-05-24 06:13:54,GAYA,Clear,0.22,8.21,1.0,25.6,73.7
2026-02-09 18:32:07,GAYA,Clear,0.18,7.98,0.7,29.8,63.0
2026-02-13 16:44:01,GAYA,Clear,0.07,8.57,1.4,23.4,49.7
2026-05-11 09:31:13,GAYA,Cloudy,0.16,9.46,0.1,25.7,54.7
2026-01-22 19:24:05,GAYA,Cloudy,0.04,9.85,0.7,25.0,38.1
2026-06-10 10:46:30,GAYA,Cloudy,0.15,7.69,0.8,30.4,73.4
2026-02-25 15:09:34,GAYA,Clear,0.23,7.77,0.2,23.1,40.9
2026-06-27 15:52:06,GAYA,Clear,0.04,10.6,1.5,25.3,70.8
2026-06-14 01:05:04,GAYA,Cloudy,0.01,10.26,1.5,20.7,49.6
2026-06-26 12:01:40,GAYA,Clear,0.06,9.82,0.5,8.3,69.4
2026-03-21 03:40:57,GAYA,Fog,0.59,5.47,0.3,25.0,59.0
2026-05-11 02:32:39,GAYA,Fog,0.83,3.33,1.5,8.3,76.6
2026-06-20 17:16:05,GAYA,Rain,0.3,6.74,4.1,30.2,96.5
2026-05-30 20:55:46,GAYA,Clear,0.3,7.83,0.8,12.1,59.2
2026-01-19 17:35:26,GAYA,Rain,0.46,5.26,9.9,37.9,72.0
2026-05-03 02:16:59,GAYA,Cloudy,0.16,8.48,0.2,21.2,53.5
2026-03-26 10:40:34,GAYA,Clear,0.24,7.84,0.6,31.7,71.5
2026-03-05 07:57:37,GAYA,Clear,0.35,7.71,0.1,21.2,90.2
2026-03-09 01:22:50,GAYA,Clear,0.39,6.63,0.2,17.2,60.7
2026-03-11 13:14:18,GAYA,Clear,0.11,9.67,0.1,18.1,72.6
2026-04-23 04:40:03,GAYA,Fog,0.5,4.96,0.4,27.2,80.3
2026-02-04 16:22:51,GAYA,Clear,0.17,8.09,0.5,27.3,41.5
2026-03-07 05:05:10,GAYA,Fog,0.72,3.65,0.8,20.0,63.5
2026-05-01 14:48:34,GAYA,Rain,0.35,5.91,9.3,34.2,90.1
2026-02-20 06:01:09,GAYA,Clear,0.54,5.09,0.1,37.1,87.8
2026-04-13 10:30:28,GAYA,Clear,0.02,9.47,1.1,23.9,68.9
2026-01-16 01:17:58,GAYA,Clear,0.07,8.93,0.3,15.9,46.7
2026-06-30 22:08:26,GAYA,Clear,0.07,8.48,0.4,23.4,63.2
2026-01-12 18:08:46,GAYA,Clear,0.06,7.88,0.2,43.0,70.7
2026-02-21 05:51:19,GAYA,Fog,0.84,2.98,1.1,19.6,51.2
2026-03-02 01:39:50,GAYA,Cloudy,0.44,6.63,0.4,47.2,63.6
2026-02-08 04:09:57,GAYA,Rain,0.35,6.02,2.6,2.2,88.7
2026-04-24 13:10:17,GAYA,Clear,0.11,8.83,1.2,38.8,79.9
2026-06-03 15:31:27,GAYA,Cloudy,0.12,8.43,1.2,15.1,69.2
2026-02-05 14:25:10,GAYA,Clear,0.04,9.69,0.7,18.8,73.8
2026-04-27 01:46:18,GAYA,Clear,0.12,8.15,1.0,26.9,62.2
2026-01-17 04:34:26,GAYA,Clear,0.55,5.58,0.6,19.1,56.1
2026-06-24 22:46:17,GAYA,Rain,0.28,6.29,6.8,23.5,72.3
2026-01-20 23:34:27,GAYA,Clear,0.06,8.93,1.1,25.9,69.1
2026-02-09 15:16:22,GAYA,Cloudy,0.4,6.86,0.8,17.3,70.3
2026-06-16 14:23:43,GAYA,Cloudy,0.24,8.41,1.3,26.6,83.9
2026-06-14 02:25:47,GAYA,Clear,0.31,7.98,0.0,21.5,50.0
2026-06-27 03:24:29,GAYA,Cloudy,0.14,9.33,0.7,12.8,59.9
2026-06-07 16:34:27,GAYA,Cloudy,0.37,6.84,0.1,14.0,78.1
2026-06-23 07:24:14,GAYA,Clear,0.5,6.01,1.3,31.9,51.7
2026-02-26 13:36:50,GAYA,Clear,0.18,9.23,0.0,13.7,77.8
2026-03-21 19:11:49,GAYA,Clear,0.34,7.34,0.1,7.2,61.7
2026-02-12 04:27:43,GAYA,Clear,0.47,5.47,0.5,7.0,95.4
2026-03-05 06:13:10,GAYA,Cloudy,0.43,5.76,0.6,23.3,100.0
2026-05-26 10:21:53,GAYA,Rain,0.16,7.67,12.9,33.5,61.5
2026-05-01 21:45:04,GAYA,Fog,0.46,6.86,0.9,-0.1,76.4
2026-01-07 13:07:15,GAYA,Clear,0.27,7.99,0.1,43.8,78.1
2026-06-14 00:13:05,GAYA,Clear,0.33,7.15,0.5,6.1,56.0
2026-05-13 12:37:03,GAYA,Rain,0.29,5.76,3.9,27.3,66.0
2026-05-23 00:54:43,GAYA,Clear,0.48,6.09,1.0,30.0,100.0
2026-04-14 21:04:52,GAYA,Clear,0.16,9.06,1.3,26.1,48.2
2026-03-24 21:11:04,GAYA,Clear,0.33,6.25,1.4,28.5,64.8
2026-02-07 12:47:47,GAYA,Clear,0.38,6.21,1.2,25.0,37.5
2026-03-21 20:27:25,GAYA,Fog,0.5,5.21,1.2,25.0,64.0
2026-06-03 19:19:06,GAYA,Clear,0.47,6.46,0.6,30.9,62.0
2026-03-25 12:24:21,GAYA,Fog,0.75,2.73,0.4,36.4,99.2
2026-06-26 18:38:16,GAYA,Rain,0.22,7.43,2.8,29.8,88.0
2026-05-18 19:50:25,GAYA,Clear,0.41,6.27,0.2,30.4,46.1
2026-01-25 01:26:58,GAYA,Rain,0.43,5.51,1.4,26.9,64.6
2026-04-20 05:24:58,GAYA,Cloudy,0.34,7.97,0.1,26.7,64.1
2026-06-28 17:02:55,GAYA,Cloudy,0.26,7.35,0.1,37.0,76.4
2026-01-15 15:57:30,GAYA,Clear,0.3,7.22,1.5,22.2,75.1
2026-04-24 14:23:54,GAYA,Clear,0.4,5.56,0.8,15.3,71.1
2026-02-19 08:45:05,GAYA,Rain,0.25,6.52,11.2,18.2,86.3
2026-06-13 13:51:25,GAYA,Clear,0.24,8.46,1.5,33.1,62.2
2026-01-24 22:06:11,GAYA,Cloudy,0.27,8.22,1.0,23.9,63.4
2026-06-23 07:07:05,GAYA,Clear,0.07,9.46,1.3,20.8,40.9
2026-06-25 12:34:35,GAYA,Rain,0.35,5.59,8.0,27.9,81.3
2026-06-26 23:57:37,GAYA,Clear,0.42,6.44,0.2,20.5,69.1
2026-02-03 13:04:59,GAYA,Clear,0.13,9.27,0.6,27.4,27.7
2026-03-26 03:15:06,GAYA,Clear,0.15,8.26,1.4,24.3,68.4
2026-03-28 01:46:49,GAYA,Fog,0.63,4.81,1.0,13.1,99.2
2026-06-11 18:41:21,GAYA,Clear,0.21,8.22,1.3,26.1,56.6
2026-01-03 15:01:13,GAYA,Fog,0.51,5.41,1.0,24.3,60.3
2026-04-15 15:41:32,GAYA,Clear,0.2,8.05,0.2,24.8,62.8
2026-04-01 08:21:25,GAYA,Cloudy,0.39,6.55,1.1,24.7,100.0
2026-04-06 21:03:23,GAYA,Cloudy,0.06,9.37,0.4,28.9,47.9
2026-01-01 08:51:03,GAYA,Clear,0.25,7.35,0.3,32.7,56.3
2026-06-23 22:42:22,GAYA,Clear,0.25,8.01,1.2,40.0,72.2
2026-03-07 03:25:39,GAYA,Fog,0.36,7.09,1.1,26.2,89.6
2026-02-24 09:57:57,GAYA,Clear,0.25,7.9,0.7,15.8,78.6
2026-02-20 00:56:16,GAYA,Clear,0.44,5.54,0.9,35.2,60.2
2026-04-23 21:18:16,GAYA,Clear,0.2,7.34,0.7,20.5,84.6
2026-01-30 09:34:31,GAYA,Clear,0.02,9.73,1.4,27.6,72.3
2026-05-06 17:26:41,GAYA,Cloudy,0.19,9.61,1.4,19.1,61.1
2026-03-13 02:45:05,GAYA,Clear,0.48,5.87,1.4,16.9,71.4
2026-05-19 13:36:58,GAYA,Clear,0.44,6.08,0.5,29.0,61.4
2026-05-19 09:18:25,GAYA,Clear,0.21,8.87,1.1,21.4,100.0
2026-01-03 10:39:31,GAYA,Clear,0.69,3.55,1.2,23.0,68.4
2026-05-10 12:35:06,GAYA,Rain,0.53,4.85,21.0,21.9,60.7
2026-05-22 07:50:42,GAYA,Cloudy,0.21,8.33,1.4,15.4,78.2
2026-02-12 12:22:51,GAYA,Clear,0.21,8.76,0.9,17.0,56.2
2026-06-08 01:52:59,GAYA,Clear,0.43,6.43,0.1,35.1,77.5
2026-02-12 16:15:36,GAYA,Rain,0.42,5.18,6.2,28.3,55.1
2026-06-09 01:49:11,GAYA,Clear,0.64,5.24,0.9,25.9,51.1
2026-02-05 06:44:12,GAYA,Rain,0.17,7.28,3.2,27.8,85.7
2026-03-10 07:28:01,GAYA,Clear,0.32,7.01,0.2,21.3,92.7
2026-02-12 14:46:20,GAYA,Fog,0.75,3.96,0.2,19.5,70.7
2026-06-10 18:00:26,GAYA,Clear,0.29,7.2,0.9,20.2,20.8
2026-03-22 16:54:36,GAYA,Clear,0.26,7.54,1.5,39.7,69.5
2026-06-26 22:35:48,GAYA,Clear,0.34,6.55,0.5,21.4,78.8
2026-05-25 00:07:16,GAYA,Clear,0.19,8.27,1.3,37.2,69.0
2026-06-28 20:35:27,GAYA,Clear,0.09,9.37,0.8,30.3,64.9
2026-03-30 14:23:29,GAYA,Cloudy,0.23,7.91,1.1,10.3,97.2
2026-03-13 13:50:04,GAYA,Cloudy,0.3,6.96,0.3,29.6,54.1
2026-03-30 03:30:21,GAYA,Clear,0.01,10.96,1.3,19.5,65.9
2026-03-08 07:46:21,GAYA,Rain,0.69,2.69,5.8,16.0,69.7
2026-02-09 14:07:41,GAYA,Clear,0.36,6.79,0.9,22.6,70.1
2026-05-16 05:47:55,GAYA,Rain,0.62,3.66,5.6,14.8,74.2
2026-04-18 06:22:11,GAYA,Clear,0.37,6.76,0.1,9.6,93.9
2026-01-23 23:37:20,GAYA,Rain,0.26,6.76,7.3,24.0,75.6
2026-02-19 20:26:00,GAYA,Rain,0.14,7.39,12.3,26.6,71.4
2026-06-18 15:22:44,GAYA,Rain,0.27,5.65,18.7,25.8,56.1
2026-03-23 21:45:26,GAYA,Rain,0.32,6.39,6.5,23.0,53.1
2026-06-16 02:58:20,GAYA,Clear,0.23,8.26,0.8,40.2,67.5
2026-01-13 02:59:48,GAYA,Rain,0.08,8.95,1.7,28.3,47.8
2026-01-05 10:49:50,GAYA,Clear,0.08,9.56,0.8,31.2,77.5
2026-05-01 16:12:33,GAYA,Cloudy,0.15,8.21,1.4,22.4,58.2
2026-06-21 13:50:29,GAYA,Rain,0.36,5.34,24.1,24.4,57.0
2026-05-18 06:19:36,GAYA,Fog,0.58,5.52,1.2,22.9,65.7
2026-05-22 16:29:05,GAYA,Clear,0.11,8.73,1.3,29.0,59.1
2026-02-07 10:37:49,GAYA,Clear,0.55,5.63,0.9,25.8,56.8
2026-04-17 03:36:54,GAYA,Fog,0.59,5.44,0.2,27.8,99.9
2026-02-21 00:47:39,GAYA,Clear,0.35,7.28,0.6,19.7,64.0
2026-06-13 03:57:16,GAYA,Rain,0.12,7.23,12.3,25.0,69.0
2026-05-03 16:04:39,GAYA,Clear,0.6,4.65,0.9,24.9,40.0
2026-06-08 14:37:12,GAYA,Clear,0.11,8.72,0.7,28.3,61.3
2026-05-30 08:55:47,GAYA,Clear,0.52,5.07,1.4,27.4,26.1
2026-05-02 17:10:29,GAYA,Clear,0.26,8.11,0.1,25.3,68.5
2026-01-27 13:54:24,GAYA,Clear,0.06,9.29,1.2,23.6,45.4
2026-05-19 12:39:36,GAYA,Clear,0.23,7.84,1.5,31.6,43.9
2026-05-29 14:47:39,GAYA,Clear,0.21,8.31,0.7,29.1,82.0
2026-04-30 08:48:47,GAYA,Clear,0.24,8.14,1.4,18.0,40.7
2026-04-07 19:13:26,GAYA,Clear,0.4,6.8,0.8,39.3,66.6
2026-01-14 12:09:36,GAYA,Clear,0.14,8.69,0.8,22.3,55.4
2026-06-16 05:21:01,GAYA,Clear,0.42,6.58,0.6,38.3,88.9
2026-05-17 06:43:40,GAYA,Rain,0.11,7.21,7.1,18.5,88.7
2026-01-13 09:14:47,GAYA,Fog,0.66,4.75,0.7,29.5,62.8
2026-01-09 20:20:53,GAYA,Clear,0.26,7.56,1.0,34.2,80.6
2026-04-21 09:59:32,GAYA,Cloudy,0.05,9.79,1.1,24.9,54.0
2026-01-01 19:13:34,GAYA,Rain,0.19,6.66,15.5,36.7,70.0
2026-03-22 11:12:21,GAYA,Clear,0.05,9.81,1.4,39.1,75.0
2026-03-28 06:31:48,GAYA,Clear,0.54,5.1,0.9,30.7,73.9
2026-06-02 00:07:19,GAYA,Clear,0.22,7.45,0.6,14.7,85.1
2026-01-20 18:20:01,GAYA,Clear,0.08,9.44,0.9,28.2,52.6
2026-03-11 09:43:56,GAYA,Rain,0.63,3.15,4.0,16.7,71.1
2026-02-04 22:06:58,GAYA,Clear,0.16,9.34,0.3,27.5,69.8
2026-06-02 04:40:19,GAYA,Clear,0.24,7.52,1.3,29.1,55.6
2026-04-12 23:10:52,GAYA,Clear,0.16,8.01,0.0,32.9,37.6
2026-01-28 08:44:11,GAYA,Clear,0.59,4.89,0.9,21.2,34.1
2026-04-24 17:42:10,GAYA,Clear,0.15,8.06,0.9,23.9,67.4
2026-01-20 13:13:20,GAYA,Clear,0.45,5.73,1.4,27.8,67.0
2026-06-11 16:15:22,GAYA,Clear,0.27,7.7,1.3,36.5,20.0
2026-04-07 20:24:22,GAYA,Cloudy,0.07,9.3,1.1,16.7,53.2
2026-02-19 23:07:00,GAYA,Clear,0.23,7.13,0.0,26.8,72.5
2026-03-31 05:25:36,GAYA,Cloudy,0.6,5.18,0.6,23.6,60.6
2026-03-17 18:05:59,GAYA,Cloudy,0.3,7.36,0.2,18.8,64.3
2026-04-15 11:21:12,GAYA,Clear,0.55,5.78,0.7,25.8,54.0
2026-01-10 23:44:28,GAYA,Rain,0.05,8.05,13.3,19.8,25.6
2026-06-01 14:20:01,GAYA,Rain,0.15,7.39,6.1,3.1,44.4
2026-06-18 06:38:49,GAYA,Clear,0.33,6.77,0.7,14.0,78.5
2026-03-16 17:09:09,GAYA,Cloudy,0.06,9.53,0.5,29.4,26.5
2026-06-16 19:53:28,GAYA,Clear,0.2,8.8,0.9,20.7,90.2
2026-05-25 12:57:43,GAYA,Clear,0.11,9.07,0.2,25.0,81.3
2026-01-02 22:04:34,GAYA,Clear,0.34,6.73,1.3,15.6,82.5
2026-03-03 19:30:20,GAYA,Clear,0.3,7.12,1.0,10.4,66.5
2026-02-28 22:24:52,GAYA,Cloudy,0.5,5.64,1.3,35.3,72.2
2026-01-12 03:51:08,GAYA,Cloudy,0.19,8.74,0.9,11.4,89.4
2026-06-16 11:47:20,GAYA,Cloudy,0.25,8.51,1.5,30.2,89.0
2026-02-16 19:45:14,GAYA,Clear,0.44,6.36,1.1,7.3,82.4
2026-02-04 07:15:37,GAYA,Cloudy,0.26,8.82,0.6,34.9,100.0
2026-03-30 20:50:40,GAYA,Clear,0.26,6.82,0.6,25.0,52.3
2026-03-24 05:09:43,GAYA,Clear,0.22,7.67,0.6,38.6,64.6
2026-02-10 13:20:35,GAYA,Clear,0.28,8.1,0.8,9.8,74.9
2026-05-04 04:07:43,GAYA,Clear,0.23,7.36,1.3,18.1,66.2
2026-03-19 05:45:50,GAYA,Clear,0.15,8.72,0.1,12.1,61.7
2026-01-21 20:10:36,GAYA,Fog,0.49,5.38,1.1,22.1,54.3
2026-06-26 00:38:27,GAYA,Cloudy,0.24,7.65,0.6,40.6,48.4
2026-06-13 20:22:07,GAYA,Rain,0.3,6.25,1.5,17.4,67.9
2026-01-17 02:15:48,GAYA,Rain,0.03,8.9,11.6,32.7,82.9
2026-03-11 03:42:19,GAYA,Clear,0.33,6.38,0.7,26.0,71.5
2026-02-11 01:52:53,GAYA,Clear,0.26,7.89,0.9,42.0,32.4
2026-06-22 14:00:37,GAYA,Clear,0.27,7.92,0.7,15.8,44.4
2026-06-20 17:42:07,GAYA,Cloudy,0.2,8.78,1.5,33.2,100.0
2026-01-20 15:30:31,GAYA,Clear,0.14,8.86,1.4,21.6,85.6
2026-05-05 16:23:32,GAYA,Cloudy,0.35,6.2,1.1,28.6,36.8
2026-04-10 10:28:39,GAYA,Clear,0.08,9.42,0.9,25.6,50.7
2026-01-18 02:55:32,GAYA,Clear,0.39,7.15,0.8,18.7,56.9
2026-02-07 01:52:15,GAYA,Clear,0.16,8.44,1.3,23.9,55.8
2026-02-16 11:57:15,GAYA,Clear,0.18,9.2,1.0,28.1,87.6
2026-04-09 00:29:48,GAYA,Clear,0.17,8.38,1.2,7.7,29.4
2026-02-11 02:20:46,GAYA,Clear,0.5,6.53,0.0,23.3,71.9
2026-04-22 12:49:19,GAYA,Fog,0.57,5.38,0.5,4.1,66.4
2026-03-05 11:48:09,GAYA,Clear,0.09,8.75,1.5,28.6,44.3
2026-06-21 18:30:13,GAYA,Clear,0.35,7.13,0.5,26.0,77.0
2026-04-07 10:20:39,GAYA,Rain,0.14,7.1,4.6,7.0,72.5
2026-04-17 08:37:38,GAYA,Cloudy,0.2,8.93,0.0,35.1,57.9
2026-04-10 10:59:50,GAYA,Clear,0.54,6.26,1.4,36.8,47.9
2026-06-01 22:30:25,GAYA,Clear,0.45,6.01,0.3,32.0,35.6
2026-04-16 12:10:41,GAYA,Cloudy,0.42,6.06,0.7,44.5,71.0
2026-05-15 19:32:03,GAYA,Fog,0.94,2.05,1.2,22.1,83.4
2026-02-15 11:44:07,GAYA,Clear,0.08,9.25,1.0,23.6,76.1
2026-02-15 06:04:18,GAYA,Cloudy,0.45,6.45,0.8,21.0,45.1
2026-03-20 00:56:50,GAYA,Clear,0.36,6.64,0.1,30.0,75.4
2026-04-16 08:44:02,GAYA,Clear,0.17,9.33,0.5,5.6,27.0
2026-02-01 17:24:57,GAYA,Rain,0.19,6.83,10.3,0.0,44.3
2026-06-24 11:25:49,GAYA,Clear,0.17,8.77,1.2,32.9,67.5
2026-03-25 17:41:50,GAYA,Cloudy,0.02,9.32,0.4,22.1,53.2
2026-05-04 10:35:35,GAYA,Cloudy,0.24,7.8,0.4,15.7,90.6
2026-02-01 14:00:04,GAYA,Clear,0.5,6.06,0.6,27.9,73.7
2026-04-22 11:25:58,GAYA,Clear,0.16,9.08,0.2,28.3,86.1
2026-02-12 19:33:28,GAYA,Clear,0.43,6.46,1.3,22.6,75.9
2026-04-17 00:06:49,GAYA,Clear,0.41,6.31,0.7,26.4,50.6
2026-06-21 10:14:45,GAYA,Clear,0.07,9.64,0.7,22.6,100.0
2026-04-07 09:26:04,GAYA,Cloudy,0.12,9.14,0.4,37.3,68.0
2026-02-07 15:09:57,GAYA,Cloudy,0.47,5.74,0.3,18.6,60.3
2026-02-09 20:58:53,GAYA,Fog,0.48,5.55,0.6,39.9,60.1
2026-02-09 07:56:32,GAYA,Clear,0.5,5.27,0.2,25.4,62.2
2026-02-22 04:54:25,GAYA,Clear,0.09,9.16,0.4,14.8,59.2
2026-05-13 16:35:03,GAYA,Clear,0.02,10.81,1.0,43.4,93.9
2026-01-16 12:26:01,GAYA,Rain,0.55,3.92,4.9,32.3,87.1
2026-01-06 06:34:01,GAYA,Cloudy,0.29,7.8,0.3,31.2,65.2
2026-02-04 12:26:22,GAYA,Cloudy,0.28,7.77,0.4,23.5,77.8
2026-02-07 09:08:16,GAYA,Fog,0.38,6.38,0.2,23.2,60.8
2026-05-17 11:33:39,GAYA,Fog,0.65,4.48,0.6,35.9,80.6
2026-05-02 19:14:40,GAYA,Clear,0.07,9.29,0.1,26.8,100.0
2026-01-04 08:52:02,GAYA,Fog,0.42,6.94,0.0,19.9,56.6
2026-03-27 20:50:12,GAYA,Clear,0.26,8.24,0.6,14.6,68.9
2026-04-21 06:44:26,GAYA,Cloudy,0.48,6.25,0.7,27.6,100.0
2026-01-28 02:51:13,GAYA,Cloudy,0.08,8.65,0.5,27.7,65.4
2026-04-19 00:56:35,GAYA,Rain,0.58,3.24,3.9,30.7,61.1
2026-05-24 23:57:27,GAYA,Clear,0.36,7.26,0.5,10.7,46.7
2026-04-06 22:45:26,GAYA,Clear,0.37,6.38,0.6,28.1,59.7
2026-04-29 15:41:46,GAYA,Fog,0.68,3.97,0.4,23.7,93.1
2026-04-05 10:48:08,GAYA,Rain,0.06,8.27,5.2,32.3,51.5
2026-03-07 16:37:50,GAYA,Clear,0.36,7.59,1.0,30.3,45.4
2026-03-11 08:42:40,GAYA,Clear,0.09,9.0,1.2,17.8,43.2
2026-01-26 14:53:49,GAYA,Clear,0.33,6.96,0.6,28.0,57.3
2026-05-13 10:20:25,GAYA,Fog,0.71,4.5,0.8,24.0,73.3
2026-04-16 03:13:00,GAYA,Clear,0.23,8.53,0.2,17.6,31.8
2026-04-29 15:50:45,GAYA,Clear,0.26,7.46,1.1,9.9,65.6
2026-04-02 03:39:10,GAYA,Fog,0.78,3.28,0.2,41.2,61.5
2026-06-26 09:25:35,GAYA,Clear,0.27,7.95,0.9,32.1,41.8
2026-02-05 18:23:45,GAYA,Rain,0.48,4.69,18.8,30.0,32.1
2026-06-30 17:22:20,GAYA,Rain,0.17,7.18,10.9,24.1,88.4
2026-02-01 18:26:49,GAYA,Cloudy,0.15,9.31,0.7,28.4,64.6
2026-02-08 00:23:03,GAYA,Fog,0.52,5.7,1.1,9.0,63.4
2026-02-26 13:33:15,GAYA,Clear,0.66,3.5,0.7,34.3,63.6
2026-04-19 14:30:01,GAYA,Clear,0.48,6.09,1.0,25.6,74.7
2026-01-18 10:07:37,GAYA,Fog,0.65,4.47,1.3,26.7,94.0
2026-02-22 16:26:20,GAYA,Fog,0.63,4.37,0.7,27.9,72.4
2026-02-08 08:38:20,GAYA,Cloudy,0.2,8.67,0.8,22.6,54.5
2026-05-01 19:32:03,GAYA,Clear,0.02,9.4,0.3,25.9,91.6
2026-03-29 15:11:24,GAYA,Clear,0.23,8.24,1.1,22.1,88.9
2026-06-14 15:20:30,GAYA,Clear,0.32,6.78,0.9,36.9,81.3
2026-03-02 10:26:54,GAYA,Clear,0.69,2.94,0.4,17.4,100.0
2026-01-17 14:30:31,GAYA,Cloudy,0.17,8.88,0.9,22.6,37.8
2026-03-17 14:32:36,GAYA,Clear,0.4,6.19,0.2,14.6,63.2
2026-05-21 04:23:42,GAYA,Clear,0.4,6.5,0.2,35.6,76.1
2026-06-05 09:44:06,GAYA,Clear,0.3,8.49,0.7,12.0,59.8
2026-05-07 19:27:07,GAYA,Clear,0.07,9.25,1.0,29.3,70.5
2026-03-29 05:31:35,GAYA,Rain,0.33,5.8,6.3,29.7,58.1
2026-05-12 07:35:21,GAYA,Rain,0.21,7.73,16.2,21.6,66.1
2026-05-17 11:49:18,GAYA,Fog,0.58,5.01,0.9,19.8,48.3
2026-04-27 02:02:38,GAYA,Cloudy,0.2,8.32,0.5,29.0,52.9
2026-04-09 19:27:12,GAYA,Cloudy,0.37,7.08,1.1,29.5,71.8
2026-01-07 22:04:42,GAYA,Rain,0.27,6.28,5.1,38.3,68.7
2026-04-28 00:23:31,GAYA,Fog,0.7,4.56,1.4,26.3,93.6
2026-04-01 11:26:21,GAYA,Cloudy,0.17,8.37,0.7,44.5,59.9
2026-01-14 10:22:45,GAYA,Clear,0.04,9.81,1.4,7.5,65.0
2026-04-24 23:36:21,GAYA,Fog,0.63,4.81,1.2,21.8,73.0
2026-03-13 11:59:43,GAYA,Clear,0.24,8.1,1.2,19.7,60.8
2026-02-24 14:08:58,GAYA,Clear,0.55,5.25,0.4,33.7,73.2
2026-06-17 20:49:15,GAYA,Clear,0.21,8.31,0.1,31.0,59.5
2026-05-27 10:21:02,GAYA,Cloudy,0.1,8.71,0.8,42.9,66.6
2026-04-25 02:26:01,GAYA,Clear,0.03,9.85,0.7,34.6,63.6
2026-04-01 16:53:09,GAYA,Rain,0.26,7.06,11.9,24.2,76.4
2026-02-17 15:51:16,GAYA,Cloudy,0.46,5.7,1.5,27.5,84.7
2026-03-08 17:22:44,GAYA,Clear,0.18,8.57,1.3,14.1,90.1
2026-04-07 04:12:11,GAYA,Clear,0.3,7.46,1.3,18.6,66.3
2026-04-29 07:23:05,GAYA,Rain,0.11,7.39,12.7,17.3,64.9
2026-04-16 06:09:42,GAYA,Clear,0.57,4.76,1.3,23.0,52.3
2026-04-08 01:43:09,GAYA,Rain,0.36,6.33,7.3,31.2,76.6
2026-01-06 05:43:12,GAYA,Rain,0.32,6.31,13.4,30.7,77.0
2026-03-13 10:47:10,GAYA,Clear,0.42,7.36,0.9,1.8,34.7
2026-06-01 04:07:00,GAYA,Clear,0.15,9.22,0.2,24.1,75.0
2026-03-15 07:30:36,GAYA,Cloudy,0.19,8.81,0.2,20.7,75.5
2026-05-29 01:51:03,GAYA,Clear,0.05,9.25,0.5,36.9,59.1
2026-01-14 19:56:15,GAYA,Fog,0.82,3.59,0.9,40.8,100.0
2026-03-02 04:35:28,GAYA,Fog,0.6,3.85,0.9,32.2,72.5
2026-05-31 20:10:18,GAYA,Cloudy,0.79,2.36,1.5,20.3,80.2
2026-02-03 09:25:35,GAYA,Clear,0.25,8.19,1.2,32.8,60.0
2026-06-08 17:19:11,GAYA,Clear,0.37,6.87,0.0,29.7,64.0
2026-01-10 01:34:37,GAYA,Clear,0.2,8.46,1.3,21.2,49.4
2026-03-30 07:38:15,GAYA,Clear,0.12,9.23,0.4,29.5,65.3
2026-03-20 00:21:43,GAYA,Fog,0.78,3.54,0.6,27.7,82.1
2026-04-25 14:41:16,GAYA,Clear,0.18,8.97,1.0,32.9,53.1
2026-01-17 10:49:25,GAYA,Cloudy,0.13,8.58,0.4,22.9,63.4
2026-02-21 05:39:48,GAYA,Clear,0.36,6.6,0.2,26.2,63.1
2026-06-16 08:55:15,GAYA,Clear,0.78,2.54,0.6,16.2,65.4
2026-05-24 17:12:14,GAYA,Clear,0.27,8.21,0.6,28.2,84.2
2026-05-18 04:25:05,GAYA,Clear,0.33,7.13,0.3,21.6,52.3
2026-05-06 08:14:24,GAYA,Cloudy,0.13,8.86,1.3,3.2,67.8
2026-02-14 23:35:45,GAYA,Clear,0.29,7.06,0.8,26.8,91.8
2026-01-13 00:25:25,GAYA,Clear,0.14,9.12,0.5,41.0,46.1
2026-01-22 01:21:32,GAYA,Clear,0.45,6.96,0.5,36.5,27.8
2026-01-25 10:01:05,GAYA,Rain,0.23,6.61,3.7,30.1,79.1
2026-05-04 06:50:53,GAYA,Rain,0.29,6.45,10.2,25.1,100.0
2026-04-01 13:28:58,GAYA,Clear,0.23,8.07,1.2,24.7,20.0
2026-04-01 15:27:50,GAYA,Cloudy,0.37,7.12,0.0,27.3,53.6
2026-01-24 12:54:28,GAYA,Clear,0.17,8.38,1.1,23.0,70.5
2026-04-07 06:20:54,GAYA,Fog,0.62,3.96,0.7,18.8,45.0
2026-01-11 01:19:00,GAYA,Rain,0.2,6.74,4.0,37.0,75.2
2026-06-06 14:54:50,GAYA,Cloudy,0.11,8.69,0.1,24.0,33.9
2026-05-25 03:24:52,GAYA,Clear,0.19,8.51,0.8,9.0,64.4
2026-04-28 12:00:48,GAYA,Cloudy,0.4,5.9,1.4,20.8,51.8
2026-05-02 06:11:01,GAYA,Rain,0.34,5.96,9.4,19.7,48.7
2026-04-11 11:32:51,GAYA,Clear,0.26,8.02,0.3,23.8,77.0
2026-02-06 15:58:15,GAYA,Rain,0.29,6.66,5.9,19.4,68.6
2026-06-30 08:05:43,GAYA,Rain,0.53,4.7,6.3,14.6,53.7
2026-01-01 22:21:36,GAYA,Cloudy,0.21,7.78,0.8,35.5,51.9
2026-02-10 19:24:43,GAYA,Cloudy,0.16,8.55,1.0,25.6,42.5
2026-04-19 11:47:27,GAYA,Clear,0.15,9.05,0.4,37.4,89.3
2026-03-11 06:21:12,GAYA,Cloudy,0.29,7.26,1.3,29.4,100.0
2026-05-16 23:56:27,GAYA,Cloudy,0.17,8.41,0.2,11.0,61.2
2026-04-25 01:21:15,GAYA,Clear,0.47,6.77,0.4,17.7,93.0
2026-04-08 21:50:58,GAYA,Cloudy,0.56,4.85,1.3,29.0,73.9
2026-05-03 15:14:03,GAYA,Cloudy,0.27,7.76,0.1,40.1,56.0
2026-05-18 06:34:54,GAYA,Fog,0.6,5.16,0.1,33.2,91.7
2026-06-12 05:45:38,GAYA,Fog,0.82,3.13,0.8,23.5,84.8
2026-01-28 20:57:26,GAYA,Fog,0.54,6.53,1.0,19.4,44.8
2026-01-27 03:55:23,GAYA,Fog,0.65,4.98,0.1,11.9,76.2
2026-06-07 15:12:32,GAYA,Rain,0.42,5.64,18.5,22.4,67.6
2026-04-18 10:50:42,GAYA,Fog,0.45,5.25,0.8,21.5,64.6
2026-01-21 09:03:57,GAYA,Clear,0.79,3.83,0.1,15.8,75.5
2026-06-29 05:53:06,GAYA,Clear,0.15,8.62,0.3,32.0,69.5
2026-02-08 17:20:08,GAYA,Clear,0.17,8.61,0.5,27.7,84.5
2026-01-30 17:33:03,GAYA,Cloudy,0.21,7.48,0.5,14.1,65.4
2026-05-30 00:33:30,GAYA,Clear,0.45,6.33,0.8,20.0,74.1
2026-01-28 23:04:06,GAYA,Clear,0.19,7.42,0.3,35.0,88.3
2026-03-27 01:07:15,GAYA,Clear,0.67,4.42,0.3,7.2,85.3
2026-04-02 04:32:24,GAYA,Clear,0.06,9.21,0.5,18.4,59.5
2026-01-17 08:14:04,GAYA,Fog,0.48,6.14,0.4,26.2,94.0
2026-06-19 17:46:06,GAYA,Rain,0.41,5.03,8.8,25.5,30.3
2026-04-16 08:37:42,GAYA,Rain,0.45,5.6,10.0,31.7,85.7
2026-06-10 15:47:03,GAYA,Cloudy,0.2,8.21,1.1,34.5,54.8
2026-02-28 19:16:26,GAYA,Clear,0.14,8.91,0.9,15.7,64.5
2026-06-20 06:40:16,GAYA,Cloudy,0.26,7.54,1.4,31.4,65.0
2026-01-27 04:59:03,GAYA,Clear,0.32,7.75,0.3,27.4,99.6
2026-05-20 09:48:57,GAYA,Clear,0.17,8.47,0.6,30.4,99.1
2026-01-07 20:41:41,GAYA,Rain,0.2,6.44,4.2,32.6,74.4
2026-01-12 12:30:54,GAYA,Clear,0.4,6.6,0.5,22.7,48.4
2026-05-31 11:52:19,GAYA,Clear,0.5,6.58,1.1,14.5,79.8
2026-02-20 19:33:57,GAYA,Fog,0.77,4.06,1.5,26.2,66.6
2026-02-23 09:38:41,GAYA,Clear,0.49,5.94,1.0,30.8,63.2
2026-01-30 11:18:26,GAYA,Clear,0.19,9.25,1.0,17.7,48.4
2026-04-22 16:52:17,GAYA,Rain,0.58,3.87,5.0,20.8,67.0
2026-03-09 22:00:01,GAYA,Clear,0.26,8.86,1.0,33.4,69.0
2026-04-28 07:47:32,GAYA,Fog,0.81,3.02,1.1,21.5,86.1
2026-06-15 09:28:06,GAYA,Rain,0.39,5.95,18.9,27.4,72.5
2026-04-17 06:24:13,GAYA,Cloudy,0.18,8.94,0.1,26.2,64.5
2026-03-30 19:15:00,GAYA,Clear,0.18,8.45,0.4,10.6,51.7
2026-06-12 08:56:45,GAYA,Cloudy,0.42,6.58,1.0,39.5,76.3
2026-05-01 23:35:46,GAYA,Rain,0.14,7.79,10.0,22.0,70.2
2026-02-27 17:48:26,GAYA,Clear,0.27,7.36,1.5,20.2,61.3
2026-03-26 03:34:15,GAYA,Clear,0.4,6.37,0.1,17.8,67.4
2026-05-07 05:15:18,GAYA,Clear,0.25,7.7,0.3,25.3,90.9
2026-01-28 06:01:18,GAYA,Clear,0.14,8.71,0.4,22.8,88.1
2026-04-26 02:49:23,GAYA,Clear,0.31,7.45,0.3,30.3,44.9
2026-01-02 18:16:32,GAYA,Clear,0.29,7.25,1.5,16.1,82.2
2026-04-14 18:01:56,GAYA,Cloudy,0.24,8.35,0.1,5.7,55.1
2026-01-16 09:50:32,GAYA,Cloudy,0.12,8.45,0.2,23.1,77.8
2026-06-01 04:39:23,GAYA,Clear,0.6,4.63,0.7,22.8,85.5
2026-03-28 19:07:19,GAYA,Clear,0.21,8.27,1.2,31.0,61.5
2026-03-08 01:47:26,GAYA,Clear,0.3,7.76,0.8,24.1,56.9
2026-06-06 05:04:26,GAYA,Fog,0.9,1.73,0.8,23.7,78.5
2026-01-08 04:31:37,GAYA,Fog,0.75,3.34,1.1,27.0,76.7
2026-06-15 03:36:42,GAYA,Cloudy,0.38,7.33,1.4,25.9,60.1
2026-06-20 01:07:20,GAYA,Fog,0.61,4.62,0.3,32.5,33.1
2026-01-18 03:48:08,GAYA,Cloudy,0.56,4.63,1.1,19.1,65.3
2026-05-31 16:31:19,GAYA,Rain,0.38,6.08,2.7,23.3,41.6
2026-01-10 05:51:19,GAYA,Cloudy,0.25,7.7,0.5,27.9,32.8
2026-05-10 07:14:53,GAYA,Cloudy,0.44,6.02,1.3,21.4,32.9
2026-05-24 19:35:42,GAYA,Clear,0.37,6.52,0.8,10.2,52.5
2026-02-13 19:00:55,GAYA,Fog,0.58,5.07,1.4,32.5,43.9
2026-05-30 21:40:15,GAYA,Clear,0.24,7.17,0.4,23.3,42.7
2026-02-28 00:29:08,GAYA,Fog,0.47,5.54,0.2,31.0,83.5
2026-03-29 08:48:31,GAYA,Clear,0.31,7.77,0.6,23.0,43.4
2026-03-31 23:42:13,GAYA,Cloudy,0.43,6.64,0.3,23.7,87.4
2026-01-17 08:02:36,GAYA,Clear,0.16,8.49,0.9,18.4,63.3
2026-06-24 10:13:05,GAYA,Clear,0.31,8.24,0.8,31.2,45.7
2026-03-11 10:17:02,GAYA,Clear,0.35,6.47,0.1,28.9,70.6
2026-04-11 16:59:58,GAYA,Clear,0.28,8.07,0.6,19.0,100.0
2026-04-05 02:10:25,GAYA,Cloudy,0.48,5.84,1.4,24.3,85.7
2026-02-05 06:37:44,GAYA,Clear,0.03,10.38,1.1,15.5,62.2
2026-06-14 21:12:57,GAYA,Clear,0.23,8.48,0.4,35.3,89.0
2026-06-16 03:38:11,GAYA,Clear,0.35,7.25,0.4,18.0,85.3
2026-02-04 02:26:01,GAYA,Clear,0.19,8.17,0.1,22.9,82.7
2026-02-17 19:47:14,GAYA,Clear,0.67,4.31,0.4,25.0,39.4
2026-05-01 09:31:10,GAYA,Clear,0.53,5.31,0.9,17.5,97.2
2026-03-24 01:25:21,GAYA,Rain,0.18,6.81,10.1,33.7,55.4
2026-06-09 07:13:50,GAYA,Clear,0.51,4.68,0.4,41.4,20.0
2026-02-07 00:45:11,GAYA,Rain,0.6,3.56,42.5,26.6,100.0
2026-02-23 15:52:19,GAYA,Clear,0.06,8.99,1.3,31.5,84.5
2026-02-20 15:30:04,GAYA,Rain,0.25,7.24,16.4,21.9,60.1
2026-03-16 04:52:21,GAYA,Cloudy,0.21,8.05,1.4,22.2,57.9
2026-06-26 23:37:25,GAYA,Clear,0.21,7.89,0.5,21.8,78.0
2026-01-02 14:46:00,GAYA,Cloudy,0.32,7.56,0.3,15.2,35.5
2026-03-08 20:59:04,GAYA,Clear,0.43,5.9,0.2,19.2,71.4
2026-05-14 23:43:47,GAYA,Clear,0.51,5.4,1.3,33.8,38.2
2026-06-17 23:48:28,GAYA,Cloudy,0.04,10.03,0.9,19.0,72.6
2026-03-13 13:14:00,GAYA,Clear,0.09,8.92,0.9,35.8,39.4
2026-06-02 00:16:25,GAYA,Fog,0.45,6.16,0.7,23.9,46.5
2026-06-13 11:53:58,GAYA,Clear,0.25,8.14,0.2,13.4,64.9
2026-01-24 16:03:44,GAYA,Fog,0.48,7.1,0.5,22.7,59.7
2026-05-21 19:19:29,GAYA,Fog,0.55,5.25,1.2,17.2,49.0
2026-05-15 08:07:05,GAYA,Clear,0.48,6.22,0.6,28.8,42.3
2026-01-16 10:31:04,GAYA,Clear,0.55,5.88,0.8,12.6,79.2
2026-03-02 22:36:57,GAYA,Clear,0.36,7.61,0.3,16.7,68.1
2026-03-18 17:11:58,GAYA,Cloudy,0.26,7.91,1.2,33.4,61.5
2026-05-19 15:39:30,GAYA,Cloudy,0.24,8.06,1.2,15.9,74.1
2026-05-27 13:07:58,GAYA,Cloudy,0.21,8.2,1.1,12.4,61.1
2026-06-12 17:03:49,GAYA,Clear,0.11,9.21,0.1,24.0,82.2
2026-01-09 13:31:25,GAYA,Clear,0.48,5.23,1.0,19.9,68.4
2026-04-10 06:27:51,GAYA,Rain,0.14,7.29,3.5,27.4,65.3
2026-05-30 09:16:58,GAYA,Clear,0.47,6.15,1.4,23.5,44.5
2026-06-24 10:00:36,GAYA,Clear,0.01,10.2,0.8,29.4,70.6
2026-04-10 06:11:16,GAYA,Clear,0.62,5.17,1.1,21.6,46.3
2026-01-28 18:38:23,GAYA,Clear,0.39,7.23,0.2,18.8,100.0
2026-02-07 03:08:12,GAYA,Clear,0.22,8.11,0.3,18.6,73.0
2026-03-15 03:07:01,GAYA,Rain,0.13,8.15,9.2,7.7,53.8
2026-03-19 06:35:45,GAYA,Cloudy,0.03,10.22,1.1,22.2,38.2
2026-03-20 01:25:53,GAYA,Fog,0.72,4.23,0.7,18.6,60.6
2026-02-06 21:24:34,GAYA,Clear,0.6,4.4,0.6,22.1,37.6
2026-04-03 01:41:33,GAYA,Clear,0.2,7.73,1.0,18.9,43.0
2026-01-28 09:01:13,GAYA,Cloudy,0.09,9.15,1.3,26.6,57.5
2026-04-10 17:06:12,GAYA,Clear,0.25,8.46,0.6,18.6,38.1
2026-03-25 14:16:16,GAYA,Fog,0.6,4.85,1.0,12.8,87.8
2026-02-17 07:53:55,GAYA,Rain,0.18,7.14,1.9,25.5,84.9
2026-06-28 21:09:10,GAYA,Cloudy,0.04,10.47,1.1,35.1,48.6
2026-06-17 12:13:37,GAYA,Cloudy,0.06,9.57,0.0,28.5,62.5
2026-05-09 20:15:08,GAYA,Fog,0.59,4.62,1.1,21.3,43.8
2026-02-22 11:23:37,GAYA,Rain,0.07,8.5,10.7,17.6,71.1
2026-01-10 01:44:56,GAYA,Clear,0.3,8.15,0.2,24.0,81.5
2026-03-07 20:51:24,GAYA,Clear,0.15,9.3,0.2,23.8,55.8
2026-04-07 22:39:30,GAYA,Fog,0.79,3.87,0.7,23.7,63.2
2026-04-26 19:14:53,GAYA,Clear,0.19,8.78,0.9,17.9,86.9
2026-03-20 07:04:54,GAYA,Cloudy,0.38,7.34,0.5,30.6,72.5
2026-04-25 12:22:24,GAYA,Clear,0.22,8.62,0.6,38.8,75.2
2026-04-25 14:45:38,GAYA,Cloudy,0.47,5.33,0.9,31.2,100.0
2026-02-11 04:54:40,GAYA,Cloudy,0.29,7.26,0.0,14.2,32.0
2026-04-30 15:20:07,GAYA,Fog,0.48,6.31,0.8,28.1,69.5
2026-05-02 05:27:21,GAYA,Clear,0.18,8.43,0.8,20.6,51.8
2026-02-24 22:25:41,GAYA,Clear,0.31,7.5,0.0,18.3,55.3
2026-05-17 22:09:44,GAYA,Fog,0.54,5.19,1.3,18.1,73.9
2026-05-20 13:17:24,GAYA,Clear,0.32,7.36,0.5,17.5,76.5
2026-06-14 15:59:09,GAYA,Clear,0.03,9.2,1.0,36.4,85.0
2026-04-07 11:20:19,GAYA,Rain,0.67,2.88,6.3,22.0,77.8
2026-05-24 11:00:52,GAYA,Clear,0.18,8.56,0.3,16.8,55.5
2026-02-10 19:11:19,GAYA,Cloudy,0.17,8.42,0.8,26.6,52.2
2026-01-06 10:03:14,GAYA,Clear,0.4,7.01,0.8,32.1,86.4
2026-02-05 11:45:32,GAYA,Cloudy,0.35,6.84,0.5,25.5,68.2
2026-02-27 04:18:20,GAYA,Clear,0.16,8.95,1.3,16.6,74.8
2026-01-31 04:55:18,GAYA,Clear,0.06,9.51,1.3,10.6,73.7
2026-03-28 10:28:36,GAYA,Fog,0.62,4.94,0.4,21.7,53.5
2026-05-27 08:42:57,GAYA,Fog,0.39,7.21,1.1,15.4,83.4
2026-01-28 19:34:54,GAYA,Clear,0.26,7.87,0.3,22.8,93.5
2026-03-30 14:50:01,GAYA,Clear,0.06,9.91,0.3,24.9,45.2
2026-02-01 20:29:46,GAYA,Rain,0.26,7.2,19.5,18.8,76.4
2026-05-11 16:52:24,GAYA,Clear,0.06,9.34,0.9,22.3,59.3
2026-06-19 21:02:44,GAYA,Cloudy,0.3,7.44,0.6,22.5,63.2
2026-01-11 09:17:54,GAYA,Clear,0.29,6.78,0.3,14.8,50.6
2026-03-30 06:29:13,GAYA,Clear,0.3,8.46,0.6,19.4,56.9
2026-03-21 22:02:32,GAYA,Rain,0.15,7.01,29.8,36.5,57.6
2026-05-15 06:02:32,GAYA,Clear,0.2,7.09,0.1,25.3,100.0
2026-06-10 00:16:11,GAYA,Clear,0.27,7.8,0.7,16.7,49.9
2026-06-26 12:08:19,GAYA,Cloudy,0.44,5.64,1.4,23.1,58.7
2026-03-23 09:13:56,GAYA,Rain,0.34,5.43,11.7,31.7,65.4
2026-04-14 12:46:03,GAYA,Clear,0.13,8.85,0.3,33.1,59.7
2026-01-03 20:57:30,GAYA,Rain,0.52,4.26,2.8,29.7,33.2
2026-04-04 13:25:03,GAYA,Clear,0.2,8.49,0.4,18.5,38.4
2026-04-15 21:08:57,GAYA,Fog,0.55,5.05,0.6,15.1,64.4
2026-03-15 01:24:38,GAYA,Clear,0.09,8.48,0.7,20.8,40.4
2026-02-09 17:37:31,GAYA,Cloudy,0.56,5.85,0.2,30.0,63.6
2026-02-04 10:24:45,GAYA,Clear,0.13,8.43,0.8,25.8,75.0
2026-01-11 00:53:37,GAYA,Cloudy,0.33,6.97,0.3,14.9,52.7
2026-05-27 07:58:54,GAYA,Fog,0.49,5.72,0.0,28.2,66.6
2026-02-17 09:52:46,GAYA,Clear,0.1,8.95,0.4,28.0,78.3
2026-04-05 10:59:47,GAYA,Cloudy,0.21,7.61,0.1,15.2,62.5
2026-06-25 07:28:20,GAYA,Clear,0.37,5.97,1.1,17.4,46.7
2026-06-11 07:31:04,GAYA,Clear,0.06,9.4,1.5,25.0,63.7
2026-01-20 00:54:54,GAYA,Clear,0.27,8.07,1.1,33.3,100.0
2026-03-11 14:02:43,GAYA,Cloudy,0.35,7.25,0.4,7.2,71.1
2026-06-05 09:07:55,GAYA,Clear,0.07,9.57,0.1,22.7,69.2
2026-05-16 13:33:12,GAYA,Clear,0.46,5.94,1.4,24.5,65.8
2026-04-22 09:43:05,GAYA,Clear,0.45,6.7,1.1,15.1,45.0
2026-01-10 14:20:47,GAYA,Clear,0.61,4.44,1.1,27.6,94.6
2026-02-05 18:56:48,GAYA,Cloudy,0.36,7.16,0.9,32.6,64.3
2026-01-20 01:39:43,GAYA,Rain,0.26,6.26,22.0,21.0,59.4
2026-01-22 12:14:44,GAYA,Clear,0.05,9.6,0.2,24.5,49.6
2026-01-04 12:07:42,GAYA,Clear,0.3,6.49,0.8,25.0,64.1
2026-02-01 05:12:22,GAYA,Cloudy,0.13,9.03,0.6,27.0,71.2
2026-06-13 10:45:32,GAYA,Fog,0.45,6.16,0.1,4.6,61.4
2026-03-16 07:01:18,GAYA,Clear,0.35,7.82,0.9,35.3,68.9
2026-03-11 21:14:01,GAYA,Rain,0.12,7.76,5.5,21.0,68.4
2026-03-11 21:59:52,GAYA,Clear,0.25,7.86,0.5,22.0,50.2
2026-06-29 22:42:10,GAYA,Clear,0.32,7.1,0.9,38.0,61.5
2026-05-02 15:44:57,GAYA,Clear,0.45,5.79,0.7,40.9,94.8
2026-05-19 01:49:42,GAYA,Clear,0.4,7.04,0.3,25.5,77.1
2026-05-07 02:35:54,GAYA,Clear,0.27,7.97,1.1,15.4,68.6
2026-04-01 11:47:23,GAYA,Rain,0.54,3.81,6.1,23.0,55.1
2026-03-01 01:12:17,GAYA,Clear,0.6,4.81,0.4,26.8,80.3
2026-05-19 13:39:12,GAYA,Rain,0.14,7.58,7.2,27.9,64.5
2026-06-29 08:32:36,GAYA,Clear,0.24,7.94,0.9,10.9,80.1
2026-04-23 02:59:18,GAYA,Clear,0.08,9.48,0.2,22.4,37.8
2026-04-10 04:57:44,GAYA,Clear,0.3,7.36,0.5,29.0,55.8
2026-01-01 07:15:33,GAYA,Clear,0.21,8.0,0.9,24.7,59.6
2026-01-21 19:09:02,GAYA,Rain,0.05,7.74,17.5,14.1,71.2
2026-05-31 14:09:14,GAYA,Fog,0.54,5.63,0.5,31.8,79.5
2026-02-06 09:16:02,GAYA,Clear,0.26,8.45,1.3,27.3,70.3
2026-04-12 11:39:11,GAYA,Clear,0.19,7.74,0.7,22.5,57.0
2026-06-25 15:03:47,GAYA,Cloudy,0.04,9.87,0.8,29.9,69.7
2026-06-22 16:10:16,GAYA,Rain,0.37,5.87,2.7,25.9,67.7
2026-03-21 14:54:07,GAYA,Clear,0.18,7.89,0.3,13.4,100.0
2026-01-29 21:10:26,GAYA,Clear,0.55,5.21,0.5,36.3,82.3
2026-02-04 13:48:02,GAYA,Cloudy,0.07,9.02,0.3,17.5,75.7
2026-01-19 10:51:02,GAYA,Rain,0.47,5.04,6.2,14.2,44.9
2026-06-12 03:19:32,GAYA,Clear,0.53,5.98,0.5,31.9,53.0
2026-05-27 07:00:39,GAYA,Clear,0.16,8.21,1.0,15.6,51.8
2026-02-27 08:25:47,GAYA,Cloudy,0.56,5.44,0.3,29.7,56.9
2026-01-07 18:48:28,GAYA,Clear,0.11,8.31,0.4,9.7,100.0
2026-04-21 21:02:43,GAYA,Clear,0.02,10.02,0.3,29.5,50.2
2026-03-01 21:49:16,GAYA,Cloudy,0.38,6.71,0.7,20.1,56.6
2026-06-15 21:47:40,GAYA,Clear,0.41,6.45,0.2,38.0,94.8
2026-04-27 01:20:21,GAYA,Cloudy,0.54,5.93,0.6,17.6,64.1
2026-06-01 02:15:43,GAYA,Cloudy,0.36,6.85,1.4,36.2,75.4
2026-04-22 04:36:13,GAYA,Clear,0.08,9.93,0.6,34.6,48.9
2026-01-22 05:26:23,GAYA,Clear,0.17,7.86,0.3,36.6,69.8
2026-03-02 09:00:38,GAYA,Clear,0.22,7.48,1.4,12.9,76.9
2026-04-25 20:16:21,GAYA,Cloudy,0.23,7.42,1.4,29.2,54.4
2026-05-10 17:02:36,GAYA,Cloudy,0.65,4.7,1.2,24.1,85.6
2026-02-16 06:44:35,GAYA,Fog,0.55,5.59,1.3,44.6,91.7
2026-03-31 14:40:55,GAYA,Clear,0.19,9.27,0.2,24.6,42.7
2026-06-09 11:01:34,GAYA,Rain,0.38,4.96,4.8,4.4,76.3
2026-03-07 23:25:23,GAYA,Clear,0.77,3.47,1.1,29.3,70.1
2026-03-07 00:01:35,GAYA,Clear,0.34,7.18,1.4,36.4,51.4
2026-03-08 23:00:23,GAYA,Cloudy,0.21,7.93,1.3,31.4,69.9
2026-01-25 06:27:59,GAYA,Clear,0.62,4.27,1.1,16.4,81.6
2026-02-12 08:41:15,GAYA,Fog,0.79,3.28,0.5,27.3,54.4
2026-06-02 01:00:57,GAYA,Clear,0.16,8.3,0.9,29.6,79.4
2026-01-26 15:57:14,GAYA,Clear,0.33,7.28,1.3,40.1,100.0
2026-04-26 13:54:32,GAYA,Cloudy,0.5,6.07,0.4,28.5,54.0
2026-04-14 00:40:34,GAYA,Clear,0.39,6.66,0.3,24.5,74.7
2026-03-18 06:47:42,GAYA,Clear,0.4,6.0,0.3,21.3,68.8
2026-01-24 17:09:14,GAYA,Clear,0.09,8.55,0.5,25.0,31.0
2026-03-24 00:11:19,GAYA,Clear,0.36,6.21,0.4,19.4,90.5
2026-03-16 15:35:33,GAYA,Rain,0.09,8.31,18.8,28.4,44.6
2026-06-01 00:33:19,GAYA,Cloudy,0.32,6.73,0.3,20.0,41.4
2026-04-14 00:19:11,GAYA,Clear,0.11,9.02,0.9,28.7,85.9
2026-03-28 06:06:39,GAYA,Cloudy,0.81,3.14,0.2,8.6,45.6
2026-05-03 09:45:42,GAYA,Rain,0.13,7.72,16.1,25.0,71.1
2026-05-01 03:09:41,GAYA,Cloudy,0.27,7.22,1.1,27.9,43.7
2026-05-05 18:05:49,GAYA,Clear,0.31,7.44,1.4,28.5,93.2
2026-01-27 03:21:57,GAYA,Clear,0.13,8.93,1.3,10.5,54.4
2026-02-20 05:16:20,GAYA,Clear,0.46,6.29,0.6,20.3,44.9
2026-01-17 09:50:15,GAYA,Clear,0.02,9.24,0.2,6.6,32.2
2026-03-29 17:07:00,GAYA,Clear,0.15,9.01,0.7,32.5,80.6
2026-06-27 03:45:44,GAYA,Cloudy,0.31,7.7,1.4,31.9,59.4
2026-06-25 15:44:04,GAYA,Clear,0.16,9.46,0.6,23.2,67.9
2026-01-12 19:17:16,GAYA,Cloudy,0.16,9.85,1.4,28.2,53.7
2026-02-05 23:25:23,GAYA,Cloudy,0.16,8.5,0.6,19.0,78.6
2026-02-17 08:42:31,GAYA,Clear,0.38,7.2,1.1,18.8,39.9
2026-05-22 17:05:37,GAYA,Clear,0.27,7.89,0.0,16.7,68.6
2026-05-20 23:19:44,GAYA,Cloudy,0.08,9.02,1.3,20.2,59.4
2026-02-04 14:08:09,GAYA,Clear,0.28,7.41,1.3,26.3,69.5
2026-04-02 14:35:44,GAYA,Fog,0.97,1.89,0.3,23.7,68.3
2026-04-18 06:22:04,GAYA,Cloudy,0.44,5.9,0.1,36.5,36.1
2026-05-27 12:12:42,GAYA,Cloudy,0.34,7.08,0.3,11.7,52.5
2026-01-25 16:00:20,GAYA,Clear,0.2,8.45,0.2,14.0,29.6
2026-03-16 22:22:47,GAYA,Clear,0.24,7.9,0.0,27.0,85.7
2026-05-25 06:27:22,GAYA,Clear,0.13,8.58,0.9,41.5,44.3
2026-03-19 05:18:55,GAYA,Rain,0.28,5.43,3.7,32.2,37.0
2026-01-27 13:04:50,GAYA,Rain,0.17,7.64,6.3,39.9,57.6
2026-01-22 17:27:47,GAYA,Fog,0.72,3.0,0.2,13.8,83.9
2026-03-30 16:47:50,GAYA,Clear,0.3,7.29,1.3,27.8,48.9
2026-05-23 19:10:58,GAYA,Clear,0.39,6.86,1.1,18.7,79.3
2026-05-24 08:15:51,GAYA,Clear,0.59,5.17,1.0,10.6,82.0
2026-04-26 00:30:39,GAYA,Clear,0.33,6.76,1.0,25.6,100.0
2026-06-02 06:08:06,GAYA,Clear,0.06,9.25,0.5,33.6,73.9
2026-03-15 23:42:29,GAYA,Clear,0.54,4.74,0.5,19.0,81.4
2026-02-12 01:12:16,GAYA,Clear,0.31,7.44,0.3,14.6,69.5
2026-06-24 06:58:43,GAYA,Cloudy,0.12,9.84,0.8,18.7,48.8
2026-03-05 05:23:53,GAYA,Clear,0.25,7.99,0.4,20.7,78.2
2026-04-01 06:14:24,GAYA,Clear,0.14,8.87,0.2,25.9,78.9
2026-03-25 14:24:30,GAYA,Clear,0.09,8.44,1.5,20.9,64.1
2026-05-19 01:41:29,GAYA,Clear,0.25,8.53,0.7,34.5,61.9
2026-01-16 09:15:22,GAYA,Clear,0.1,9.38,0.5,21.6,90.1
2026-05-28 12:05:37,GAYA,Rain,0.19,7.33,4.2,17.5,69.2
2026-04-27 09:29:34,GAYA,Clear,0.27,7.98,0.9,29.2,74.3
2026-01-08 21:41:46,GAYA,Clear,0.09,9.21,1.3,9.2,79.5
2026-04-25 11:03:23,GAYA,Clear,0.03,9.74,0.3,21.4,97.0
2026-01-03 11:16:27,GAYA,Clear,0.28,7.88,0.4,36.7,88.4
2026-06-30 03:10:55,GAYA,Rain,0.17,7.18,16.9,28.5,60.5
2026-01-03 13:34:12,GAYA,Rain,0.04,8.57,7.8,30.0,55.4
2026-05-30 10:17:36,GAYA,Fog,0.93,2.77,1.3,24.5,83.0
2026-01-10 04:33:40,GAYA,Clear,0.26,8.3,0.9,27.2,58.1
2026-01-19 13:33:06,GAYA,Clear,0.42,7.11,0.1,26.0,77.0
2026-06-27 21:45:45,GAYA,Clear,0.19,8.33,0.7,36.0,36.0
2026-04-29 01:05:01,GAYA,Cloudy,0.44,6.36,1.1,24.2,61.3
2026-02-07 10:46:34,GAYA,Clear,0.26,9.08,1.1,27.6,74.7
2026-05-11 19:51:34,GAYA,Clear,0.35,7.23,0.6,13.1,65.5
2026-01-09 09:06:56,GAYA,Fog,0.69,4.84,1.3,30.7,74.2
2026-06-23 06:59:05,GAYA,Cloudy,0.08,9.61,0.0,35.9,94.0
2026-06-02 14:56:32,GAYA,Cloudy,0.39,5.85,0.5,24.9,64.1
2026-03-08 15:22:20,GAYA,Cloudy,0.29,7.51,0.2,22.4,60.7
2026-04-21 12:49:50,GAYA,Cloudy,0.23,7.72,0.1,23.0,73.0
2026-02-26 12:50:10,GAYA,Fog,0.79,3.77,0.3,14.6,59.0
2026-01-02 21:14:46,GAYA,Clear,0.38,5.66,0.5,20.7,91.5
2026-05-31 05:41:28,GAYA,Clear,0.24,7.54,1.5,24.9,91.8
2026-01-20 09:29:30,GAYA,Clear,0.38,6.55,0.5,15.1,82.3
2026-04-04 13:43:31,GAYA,Rain,0.6,2.61,10.8,20.7,55.6
2026-03-18 20:57:55,GAYA,Cloudy,0.33,7.62,0.1,14.6,75.0
2026-03-01 18:19:21,GAYA,Clear,0.4,7.11,1.3,29.7,88.7
2026-03-13 15:57:25,GAYA,Rain,0.13,7.47,6.7,33.5,64.3
2026-04-28 15:40:44,GAYA,Clear,0.03,8.74,0.5,13.2,63.3
2026-04-27 23:23:52,GAYA,Clear,0.09,9.39,0.4,29.0,42.4
2026-05-16 03:34:05,GAYA,Clear,0.12,8.76,1.2,31.9,78.0
2026-05-30 05:35:50,GAYA,Cloudy,0.49,6.22,0.6,18.6,100.0
2026-03-23 08:53:15,GAYA,Clear,0.43,6.87,0.7,24.1,44.7
2026-02-24 03:55:18,GAYA,Clear,0.32,7.31,0.3,42.6,46.2
2026-03-09 04:14:10,GAYA,Clear,0.19,8.32,0.5,22.7,89.3
2026-05-08 22:57:32,GAYA,Fog,0.99,1.76,0.9,34.8,66.9
2026-01-16 15:39:23,GAYA,Fog,0.74,3.34,0.2,25.1,33.6
2026-05-27 14:54:34,GAYA,Cloudy,0.11,8.81,0.7,23.0,58.8
2026-01-17 19:23:50,GAYA,Rain,0.17,6.9,6.5,26.1,95.7
2026-06-01 10:51:37,GAYA,Cloudy,0.23,7.84,0.6,22.7,29.1
2026-01-26 05:56:51,GAYA,Clear,0.44,6.31,1.1,21.5,68.8
2026-03-31 01:17:44,GAYA,Clear,0.27,8.07,0.4,33.5,96.1
2026-03-27 17:36:43,GAYA,Clear,0.19,8.65,1.3,22.7,59.7
2026-03-26 09:23:16,GAYA,Clear,0.3,6.3,0.4,30.2,90.3
2026-01-29 13:58:40,GAYA,Clear,0.41,5.46,0.9,8.1,65.3
2026-04-02 18:31:47,GAYA,Clear,0.42,6.34,0.5,31.6,77.4
2026-06-01 05:42:01,GAYA,Clear,0.14,8.61,1.2,24.4,65.6
2026-02-23 03:07:55,GAYA,Clear,0.52,5.89,1.3,15.3,98.3
2026-01-13 21:34:50,GAYA,Cloudy,0.29,7.61,0.8,27.9,83.4
2026-05-17 02:07:14,GAYA,Clear,0.04,9.12,0.6,33.4,53.8
2026-04-13 00:29:41,GAYA,Clear,0.34,8.01,0.6,13.5,80.4
2026-01-25 15:35:07,GAYA,Cloudy,0.21,8.38,0.5,24.5,84.8
2026-05-26 07:53:52,GAYA,Clear,0.35,6.67,0.2,28.3,74.4
2026-02-13 23:04:30,GAYA,Clear,0.14,8.41,0.8,36.0,55.1
2026-06-28 06:01:04,GAYA,Clear,0.19,7.89,0.5,24.0,34.7
2026-01-07 04:32:37,GAYA,Cloudy,0.25,8.13,1.4,30.8,71.0
2026-03-16 09:36:23,GAYA,Clear,0.19,7.92,0.6,20.8,42.0
2026-02-19 02:37:05,GAYA,Clear,0.2,8.02,0.7,28.2,80.7
2026-06-09 12:11:34,GAYA,Clear,0.29,7.49,0.8,16.6,62.3
2026-05-03 00:16:08,GAYA,Fog,0.55,5.28,0.7,17.6,68.0
2026-06-06 11:25:04,GAYA,Clear,0.2,8.41,1.1,23.8,71.3
2026-01-30 22:11:01,GAYA,Clear,0.02,8.83,1.2,24.1,90.0
2026-03-03 02:01:12,GAYA,Fog,0.92,2.24,0.4,10.7,51.3
2026-02-19 09:04:52,GAYA,Clear,0.28,7.81,0.8,15.7,85.5
2026-03-05 08:41:06,GAYA,Rain,0.13,7.31,14.2,33.3,63.7
2026-01-14 08:07:26,GAYA,Clear,0.24,8.21,0.7,30.8,49.5
2026-06-12 14:36:58,GAYA,Clear,0.17,8.52,1.1,28.4,57.8
2026-02-04 21:17:38,GAYA,Fog,0.65,5.01,0.8,33.6,100.0
2026-01-28 23:39:46,GAYA,Rain,0.6,3.56,20.5,39.1,84.9
2026-06-22 00:33:25,GAYA,Clear,0.14,7.64,0.2,20.9,46.9
2026-03-08 06:23:16,GAYA,Cloudy,0.32,7.03,0.1,24.7,87.9
2026-06-28 07:36:43,GAYA,Clear,0.51,5.28,1.0,23.7,57.6
2026-02-08 20:36:59,GAYA,Clear,0.17,8.9,1.3,20.8,50.2
2026-04-21 11:07:42,GAYA,Rain,0.47,4.45,8.3,26.6,92.5
2026-05-13 18:44:06,GAYA,Clear,0.5,5.72,0.5,21.0,83.9
2026-01-15 09:32:43,GAYA,Clear,0.36,7.51,1.3,40.8,56.3
2026-03-08 06:25:46,GAYA,Rain,0.44,4.9,10.2,21.9,70.4
2026-05-28 10:21:36,GAYA,Clear,0.2,8.59,0.7,12.0,72.6
2026-05-24 03:26:17,GAYA,Rain,0.63,2.6,10.3,25.5,53.0
2026-02-27 20:42:00,GAYA,Clear,0.15,9.05,0.7,16.4,60.9
2026-02-25 08:38:55,GAYA,Clear,0.18,8.66,0.0,36.8,71.6
2026-01-10 17:39:39,GAYA,Clear,0.13,9.59,0.9,9.3,66.6
2026-05-07 23:09:24,GAYA,Clear,0.62,4.98,1.1,21.2,67.6
2026-05-25 19:59:12,GAYA,Rain,0.27,6.85,31.1,34.1,97.5
2026-02-20 13:48:08,GAYA,Clear,0.07,8.62,0.8,14.3,73.0
2026-06-18 11:17:11,GAYA,Fog,0.63,4.12,1.1,29.2,68.6
2026-02-15 18:32:40,GAYA,Clear,0.45,6.24,0.4,23.7,55.6
2026-01-18 12:03:42,GAYA,Cloudy,0.32,7.01,1.5,25.8,54.0
2026-04-20 06:51:28,GAYA,Clear,0.26,7.93,0.4,24.7,72.0
2026-03-05 04:50:06,GAYA,Clear,0.37,6.69,0.5,17.8,67.7
2026-05-09 08:37:21,GAYA,Clear,0.25,7.94,1.4,17.6,62.4
2026-05-14 14:04:49,GAYA,Cloudy,0.34,6.75,0.5,38.8,59.0
2026-02-10 19:08:26,GAYA,Cloudy,0.08,8.47,1.3,22.9,49.3
2026-03-07 22:01:22,GAYA,Clear,0.15,8.71,0.2,17.4,84.7
2026-06-18 05:11:24,GAYA,Clear,0.1,9.08,0.0,19.2,38.3
2026-04-27 04:19:24,GAYA,Clear,0.05,9.22,1.0,36.1,79.9
2026-03-18 03:07:14,GAYA,Clear,0.46,5.6,0.0,30.9,66.4
2026-02-02 09:25:42,GAYA,Clear,0.26,7.95,1.3,34.3,49.1
2026-01-18 15:55:44,GAYA,Clear,0.41,6.77,0.9,31.9,62.1
2026-04-17 08:00:04,GAYA,Rain,0.35,4.85,13.7,5.8,78.5
2026-06-23 14:48:12,GAYA,Clear,0.49,5.57,1.5,32.5,88.4
2026-06-28 01:39:45,GAYA,Fog,0.56,5.49,0.5,26.0,76.2
2026-02-23 13:20:50,GAYA,Cloudy,0.23,7.96,0.9,15.8,62.0
2026-03-08 17:56:57,GAYA,Clear,0.21,9.03,0.0,26.7,67.4
2026-02-28 10:17:47,GAYA,Clear,0.28,6.81,0.5,25.9,56.4
2026-01-08 15:08:09,GAYA,Clear,0.28,7.49,0.9,19.8,68.5
2026-03-25 11:53:03,GAYA,Clear,0.53,6.38,0.7,22.4,44.0
2026-03-09 11:45:53,GAYA,Cloudy,0.57,4.5,1.1,25.1,34.7
2026-01-11 14:04:36,GAYA,Clear,0.25,7.92,0.9,33.9,53.2
2026-04-18 02:03:19,GAYA,Rain,0.31,6.39,0.6,21.5,72.1
2026-06-23 18:27:46,GAYA,Clear,0.08,9.5,1.4,34.0,71.2
2026-01-19 10:43:22,GAYA,Cloudy,0.13,9.34,0.2,33.2,31.1
2026-01-27 19:47:55,GAYA,Cloudy,0.18,8.32,0.6,15.9,100.0
2026-05-06 20:03:47,GAYA,Clear,0.36,6.52,1.2,19.1,71.3
2026-05-18 09:43:02,GAYA,Cloudy,0.22,7.96,0.2,13.1,32.4
2026-03-25 15:12:41,GAYA,Clear,0.45,5.45,0.6,17.6,47.7
2026-04-25 23:34:23,GAYA,Clear,0.15,9.27,1.2,14.8,74.4
2026-01-02 16:06:42,GAYA,Clear,0.11,9.62,1.0,24.3,94.1
2026-01-16 09:03:56,GAYA,Rain,0.11,7.71,9.1,18.1,53.7
2026-06-11 00:47:20,GAYA,Clear,0.22,7.48,0.7,34.6,48.9
2026-02-23 09:59:30,GAYA,Rain,0.58,3.7,1.5,16.4,66.4
2026-05-27 19:48:12,GAYA,Fog,0.47,6.12,0.7,36.1,83.0
2026-03-19 09:37:03,GAYA,Clear,0.05,10.0,0.8,26.6,81.9
2026-03-29 11:41:05,GAYA,Clear,0.27,7.9,0.5,28.5,43.2
2026-04-03 20:03:11,GAYA,Clear,0.22,7.45,0.8,39.1,51.7
2026-01-31 02:29:02,GAYA,Clear,0.21,8.17,1.4,22.6,37.9
2026-04-28 10:17:07,GAYA,Cloudy,0.12,9.42,0.9,21.2,87.1
2026-05-22 23:50:06,GAYA,Clear,0.14,9.16,0.8,27.1,62.4
2026-03-23 12:07:27,GAYA,Clear,0.05,9.86,0.8,21.3,62.4
2026-03-19 19:31:14,GAYA,Clear,0.19,8.59,0.1,8.2,43.5
2026-01-15 15:36:49,GAYA,Clear,0.23,8.29,0.5,29.5,78.1
2026-06-02 14:28:17,GAYA,Clear,0.29,7.29,1.5,29.5,28.3
2026-05-13 23:43:03,GAYA,Rain,0.14,7.28,9.0,35.9,78.1
2026-06-12 22:10:40,GAYA,Cloudy,0.14,8.75,1.1,29.6,56.8
2026-03-19 19:44:38,GAYA,Cloudy,0.47,6.69,1.3,2.0,79.4
2026-01-31 17:25:16,GAYA,Clear,0.29,7.66,0.7,30.8,47.7
2026-05-28 18:54:35,GAYA,Clear,0.2,8.37,1.2,25.3,66.9
2026-05-14 18:43:11,GAYA,Clear,0.09,9.38,1.0,25.1,77.7
2026-05-17 20:18:34,GAYA,Rain,0.29,6.56,4.0,29.1,69.0
2026-02-09 08:34:34,GAYA,Clear,0.28,7.44,1.2,17.3,63.1
2026-01-09 19:27:27,GAYA,Cloudy,0.38,6.5,0.2,16.9,51.6
2026-03-06 05:51:09,GAYA,Clear,0.25,7.38,0.1,32.2,64.6
2026-02-27 05:30:03,GAYA,Clear,0.57,4.82,1.0,18.5,69.8
2026-03-09 01:23:30,GAYA,Cloudy,0.62,5.23,1.5,18.4,53.7
2026-01-05 04:02:03,GAYA,Clear,0.27,6.98,0.6,21.8,71.0
2026-04-19 22:48:25,GAYA,Clear,0.12,9.43,0.0,29.4,74.5
2026-05-22 20:29:02,GAYA,Clear,0.41,6.5,0.3,24.6,57.2
2026-02-11 00:56:35,GAYA,Clear,0.6,4.97,0.6,8.6,85.1
2026-04-28 05:38:10,GAYA,Rain,0.29,5.7,5.7,21.7,66.7
2026-04-10 08:45:57,GAYA,Clear,0.27,7.4,1.2,26.7,45.0
2026-04-17 11:46:47,GAYA,Rain,0.4,5.17,11.9,35.6,54.6
2026-04-23 21:42:25,GAYA,Cloudy,0.14,8.68,0.0,23.9,42.9
2026-05-15 16:42:58,GAYA,Clear,0.42,6.21,1.1,28.7,35.3
2026-03-02 10:33:10,GAYA,Clear,0.12,8.69,0.3,22.6,62.1
2026-04-23 15:48:24,GAYA,Clear,0.35,7.74,0.3,20.2,75.4
2026-03-18 08:34:32,GAYA,Clear,0.31,7.92,0.5,34.7,78.3
2026-06-21 04:03:09,GAYA,Clear,0.19,8.5,0.2,17.8,26.3
2026-03-12 07:00:01,GAYA,Fog,0.72,3.71,0.5,11.5,69.8
2026-04-18 10:56:13,GAYA,Cloudy,0.29,7.1,0.6,22.1,49.5
2026-03-31 02:14:44,GAYA,Fog,0.46,6.35,1.0,30.4,100.0
2026-01-20 03:10:18,GAYA,Fog,0.54,5.03,1.1,29.4,64.7
2026-02-19 17:53:52,GAYA,Rain,0.08,7.9,1.6,37.2,66.0
2026-05-02 19:52:09,GAYA,Clear,0.71,4.09,0.4,30.9,96.1
2026-01-06 09:41:22,GAYA,Clear,0.19,8.12,0.4,17.5,85.7
2026-03-31 23:01:52,GAYA,Cloudy,0.23,7.53,0.9,15.7,38.3
2026-02-13 14:20:08,GAYA,Clear,0.13,9.12,1.1,30.5,71.1
2026-06-16 18:25:55,GAYA,Rain,0.28,6.93,3.3,33.5,50.7
2026-01-25 07:06:09,GAYA,Clear,0.35,6.76,1.4,14.6,97.2
2026-04-01 09:50:48,GAYA,Cloudy,0.27,7.89,1.0,17.1,70.6
2026-01-11 07:32:53,GAYA,Clear,0.23,7.91,0.8,16.5,77.3
2026-05-11 14:16:42,GAYA,Clear,0.1,8.95,0.8,30.1,42.3
2026-02-10 03:57:43,GAYA,Clear,0.17,8.22,1.2,25.5,56.9
2026-03-21 20:04:44,GAYA,Clear,0.07,9.68,0.8,40.1,74.4
2026-04-29 21:03:20,GAYA,Rain,0.53,4.83,2.3,20.9,64.0
2026-04-05 12:56:08,GAYA,Clear,0.35,6.99,0.3,34.0,45.5
2026-06-06 04:22:48,GAYA,Clear,0.23,6.95,1.2,35.2,53.1
2026-05-22 11:41:39,GAYA,Clear,0.03,9.68,0.2,16.4,63.5
2026-03-26 18:56:25,GAYA,Clear,0.09,9.08,0.1,18.0,63.0
2026-01-11 11:17:47,GAYA,Fog,0.54,6.07,0.9,37.5,74.0
2026-06-14 05:46:17,GAYA,Cloudy,0.05,10.16,1.3,18.4,94.7
2026-01-17 14:45:28,GAYA,Rain,0.05,8.24,14.3,17.5,62.3
2026-03-26 02:59:29,GAYA,Clear,0.21,8.06,1.0,37.2,68.4
2026-04-28 15:59:00,GAYA,Clear,0.29,7.8,0.6,20.1,67.7
2026-05-21 03:39:38,GAYA,Rain,0.49,4.65,12.4,22.5,74.6
2026-01-23 21:54:38,GAYA,Clear,0.43,6.17,1.5,15.0,97.4
2026-03-10 23:02:39,GAYA,Rain,0.19,7.87,6.9,18.7,70.3
2026-01-08 18:56:17,GAYA,Cloudy,0.2,7.74,0.1,39.0,56.3
2026-04-20 17:18:44,GAYA,Clear,0.27,7.42,0.5,20.2,96.2
2026-02-07 08:17:42,GAYA,Clear,0.31,7.77,0.3,28.0,95.4
2026-02-25 10:36:55,GAYA,Clear,0.27,8.36,1.3,23.7,63.8
2026-06-30 10:48:59,GAYA,Rain,0.3,6.26,13.6,25.1,70.5
2026-06-18 13:15:31,GAYA,Clear,0.19,8.41,0.2,26.5,85.5
2026-03-22 14:55:11,GAYA,Rain,0.66,3.88,1.2,12.5,39.4
2026-02-14 03:32:49,GAYA,Cloudy,0.14,8.72,1.1,31.4,64.5
2026-06-02 01:15:56,GAYA,Clear,0.37,6.83,1.1,19.5,76.7
2026-05-22 14:12:43,GAYA,Clear,0.21,8.06,1.4,13.6,70.8
2026-06-27 20:55:57,GAYA,Clear,0.41,6.6,1.4,27.6,56.1
2026-03-01 20:29:27,GAYA,Rain,0.45,4.82,3.2,20.7,74.5
2026-05-13 13:26:15,GAYA,Cloudy,0.28,7.6,1.0,19.8,100.0
2026-02-23 19:48:11,GAYA,Cloudy,0.19,7.97,1.1,36.1,69.7
2026-03-19 20:24:47,GAYA,Rain,0.09,8.66,1.7,16.7,49.0
2026-03-13 03:16:50,GAYA,Rain,0.27,6.85,5.0,20.4,58.3
2026-01-31 16:37:02,GAYA,Clear,0.47,6.21,0.1,19.1,47.2
2026-01-19 15:15:56,GAYA,Cloudy,0.52,5.35,0.5,17.0,78.8
2026-04-16 01:30:35,GAYA,Clear,0.22,8.46,0.1,16.7,29.8
2026-01-22 02:07:03,GAYA,Fog,0.59,4.89,1.4,22.3,68.3
2026-03-02 23:15:36,GAYA,Clear,0.29,8.02,0.1,12.3,47.6
2026-01-21 16:00:57,GAYA,Cloudy,0.16,8.09,1.3,10.0,35.0
2026-04-30 02:03:26,GAYA,Cloudy,0.18,7.42,0.4,22.5,88.5
2026-04-28 12:06:54,GAYA,Fog,0.7,4.79,0.8,25.0,55.3
2026-04-28 07:21:32,GAYA,Clear,0.56,4.51,0.6,7.5,45.6
2026-06-12 07:31:56,GAYA,Clear,0.21,8.14,1.2,20.4,76.0
2026-02-21 11:32:44,GAYA,Cloudy,0.34,7.46,1.4,19.9,81.2
2026-03-09 14:41:26,GAYA,Rain,0.54,3.96,17.9,34.0,41.3
2026-03-26 11:51:50,GAYA,Clear,0.17,8.95,0.3,19.9,74.2
2026-06-24 03:04:39,GAYA,Clear,0.29,6.87,1.5,22.0,72.0
2026-03-04 13:26:52,GAYA,Clear,0.05,9.4,1.4,18.2,83.0
2026-04-04 20:12:53,GAYA,Rain,0.28,6.83,9.8,15.4,56.7
2026-04-23 11:32:10,GAYA,Fog,0.64,3.57,0.4,23.1,100.0
2026-04-09 16:26:20,GAYA,Cloudy,0.48,6.17,0.9,9.4,59.4
2026-03-27 10:23:52,GAYA,Rain,0.5,4.65,5.7,36.1,95.5
2026-01-21 19:18:03,GAYA,Clear,0.43,5.84,0.6,28.4,65.2
2026-04-17 19:01:17,GAYA,Clear,0.04,9.81,0.1,12.4,98.1
2026-03-06 18:43:02,GAYA,Cloudy,0.43,6.18,0.2,17.7,93.5
2026-03-27 23:09:56,GAYA,Rain,0.19,7.11,7.4,24.2,49.1
2026-05-04 08:23:55,GAYA,Fog,0.68,4.13,0.3,22.7,100.0
2026-05-25 16:35:12,GAYA,Clear,0.04,9.6,1.4,24.1,60.0
2026-03-30 08:26:34,GAYA,Fog,0.58,4.57,0.3,31.4,55.3
2026-05-07 20:44:34,GAYA,Clear,0.25,7.54,1.2,18.8,59.1
2026-02-19 15:47:48,GAYA,Clear,0.09,9.05,0.4,24.6,30.4
2026-04-02 23:23:03,GAYA,Clear,0.36,7.1,1.0,17.6,100.0
2026-05-14 01:05:31,GAYA,Rain,0.11,7.18,7.9,7.2,77.0
2026-03-19 12:53:04,GAYA,Clear,0.14,8.73,1.2,27.4,69.3
2026-04-18 09:12:17,GAYA,Clear,0.17,8.69,0.2,30.9,40.0
2026-04-25 14:09:29,GAYA,Clear,0.3,6.89,1.4,26.7,52.2
2026-03-08 05:51:49,GAYA,Cloudy,0.07,9.79,0.2,30.7,64.0
2026-06-23 03:24:10,GAYA,Rain,0.65,2.81,7.9,32.6,72.9
2026-04-11 19:20:43,GAYA,Cloudy,0.07,9.55,1.2,28.4,63.3
2026-04-27 16:52:46,GAYA,Rain,0.29,5.91,2.8,17.2,78.9
2026-02-02 17:54:30,GAYA,Rain,0.14,6.84,11.0,32.9,43.0
2026-06-27 06:41:24,GAYA,Fog,0.49,5.8,0.9,19.6,62.9
2026-03-09 13:08:30,GAYA,Clear,0.15,8.7,1.4,26.8,57.8
2026-03-30 20:59:10,GAYA,Clear,0.2,8.37,1.1,20.6,78.3
2026-06-26 19:01:39,GAYA,Clear,0.3,7.03,0.9,27.6,60.6
2026-06-28 21:16:23,GAYA,Clear,0.37,6.19,1.2,28.1,45.4
2026-01-30 21:31:05,GAYA,Clear,0.12,8.31,0.3,15.9,48.2
2026-02-17 20:36:19,GAYA,Clear,0.48,5.59,0.5,32.0,92.8
2026-01-19 17:07:19,GAYA,Fog,0.52,5.65,1.0,8.8,54.5
2026-04-13 21:33:46,GAYA,Clear,0.44,6.26,1.2,25.8,52.5
2026-04-12 15:04:42,GAYA,Cloudy,0.32,7.34,0.2,29.1,58.8
2026-03-29 05:47:01,GAYA,Clear,0.09,8.58,0.7,19.3,58.9
2026-01-04 18:55:02,GAYA,Cloudy,0.23,7.69,0.3,24.9,61.6
2026-02-22 09:15:56,GAYA,Clear,0.19,7.99,0.2,32.4,30.6
2026-02-19 11:49:09,GAYA,Clear,0.22,7.87,0.3,41.3,43.5
2026-02-27 00:42:48,GAYA,Clear,0.25,7.33,0.4,23.1,99.1
2026-05-08 06:01:53,GAYA,Fog,0.48,6.31,0.8,20.7,54.5
2026-04-10 05:40:29,GAYA,Clear,0.11,8.78,1.3,41.4,65.0
2026-04-08 01:21:34,GAYA,Clear,0.47,5.59,0.8,31.0,31.0
2026-02-02 03:39:51,GAYA,Cloudy,0.3,7.91,0.9,20.1,63.7
2026-06-10 04:47:58,GAYA,Clear,0.24,7.81,0.7,16.6,52.5
2026-03-31 03:59:43,GAYA,Cloudy,0.23,8.03,0.8,13.1,46.5
2026-01-25 18:36:29,GAYA,Clear,0.38,5.88,0.0,21.8,56.1
2026-02-07 18:29:08,GAYA,Cloudy,0.08,8.53,0.4,30.1,54.3
2026-05-08 11:01:23,GAYA,Cloudy,0.52,5.19,1.4,38.0,63.8
2026-06-28 02:59:19,GAYA,Clear,0.29,6.77,0.6,31.3,20.5
2026-05-06 17:19:39,GAYA,Fog,0.65,4.59,0.9,16.8,54.3
2026-04-11 15:40:14,GAYA,Clear,0.14,8.65,1.2,21.7,66.0
2026-01-09 03:33:04,GAYA,Clear,0.55,5.58,0.9,33.6,73.7
2026-01-09 16:54:02,GAYA,Clear,0.2,8.31,1.1,23.2,45.8
2026-02-20 09:55:41,GAYA,Cloudy,0.28,8.47,1.2,21.6,58.1
2026-01-14 17:32:40,GAYA,Cloudy,0.46,6.83,1.3,28.4,75.9
2026-01-14 00:07:16,GAYA,Fog,0.67,4.74,0.7,20.3,82.9
2026-02-13 10:41:03,GAYA,Cloudy,0.2,8.52,1.4,23.9,73.1
2026-06-12 19:03:27,GAYA,Clear,0.32,6.87,0.3,14.9,72.9
2026-06-29 17:44:47,GAYA,Cloudy,0.61,4.96,1.1,22.6,71.7
2026-06-07 13:25:44,GAYA,Cloudy,0.21,8.65,0.1,45.2,47.5
2026-04-02 11:51:57,GAYA,Clear,0.21,8.44,1.4,8.8,79.2
2026-03-09 02:25:56,GAYA,Clear,0.25,7.66,0.3,37.3,55.2
2026-03-21 18:53:36,GAYA,Rain,0.25,6.52,12.6,37.9,77.8
2026-04-08 21:16:55,GAYA,Clear,0.55,4.95,1.1,16.6,53.8
2026-04-27 22:19:11,GAYA,Clear,0.1,9.12,1.3,33.3,60.0
2026-03-08 00:11:16,GAYA,Cloudy,0.14,8.98,0.6,18.0,30.7
2026-03-15 08:04:35,GAYA,Rain,0.29,6.48,13.0,1.9,78.5
2026-03-30 02:25:40,GAYA,Clear,0.23,8.46,0.9,22.0,41.4
2026-04-24 21:43:39,GAYA,Cloudy,0.19,8.61,0.6,31.8,78.2
2026-04-11 09:34:44,GAYA,Cloudy,0.37,6.49,0.5,33.6,49.1
2026-04-02 22:37:46,GAYA,Clear,0.07,8.16,0.1,34.0,34.4
2026-05-19 04:17:19,GAYA,Clear,0.28,8.44,1.4,15.5,56.0
2026-01-10 05:55:18,GAYA,Rain,0.22,6.86,5.6,40.0,70.6
2026-06-01 10:04:59,GAYA,Fog,0.51,5.37,0.9,42.0,76.2
2026-01-02 22:30:29,GAYA,Clear,0.35,7.19,0.7,20.1,79.2
2026-05-26 09:55:11,GAYA,Cloudy,0.26,8.34,1.5,20.3,60.9
2026-03-29 11:13:21,GAYA,Clear,0.12,8.41,0.7,25.0,42.4
2026-05-25 02:54:52,GAYA,Cloudy,0.38,5.93,1.3,18.6,82.1
2026-04-05 19:16:16,GAYA,Clear,0.2,8.29,1.2,27.2,77.6
2026-06-14 12:20:45,GAYA,Clear,0.32,7.82,0.3,31.4,55.7
2026-02-17 00:37:35,GAYA,Cloudy,0.34,7.36,0.6,28.4,78.9
2026-03-04 22:48:08,GAYA,Clear,0.29,7.1,0.6,22.3,61.1
2026-02-11 22:41:41,GAYA,Clear,0.37,7.18,1.3,22.5,66.7
2026-05-09 01:50:50,GAYA,Rain,0.36,5.62,4.3,33.9,43.3
2026-01-19 12:12:13,GAYA,Cloudy,0.36,7.2,0.6,15.6,82.9
2026-06-23 15:51:47,GAYA,Rain,0.03,8.78,12.8,21.4,20.0
2026-06-23 00:16:34,GAYA,Rain,0.2,6.79,13.3,19.4,100.0
2026-02-26 12:20:37,GAYA,Clear,0.35,6.81,0.2,26.1,54.0
2026-04-11 11:44:56,GAYA,Clear,0.13,9.26,1.3,24.6,82.5
2026-02-07 09:05:49,GAYA,Clear,0.22,8.02,0.7,23.7,79.0
2026-01-15 09:03:18,GAYA,Cloudy,0.31,7.09,1.1,25.6,90.7
2026-05-08 15:49:15,GAYA,Clear,0.27,8.55,0.6,8.9,68.5
2026-03-05 09:30:00,GAYA,Fog,0.73,3.68,0.5,13.2,71.9
2026-06-10 09:21:15,GAYA,Clear,0.21,8.28,1.1,15.7,71.3
2026-01-13 21:47:39,GAYA,Clear,0.24,7.79,0.8,26.2,67.6
2026-06-09 04:11:16,GAYA,Clear,0.3,7.0,0.7,17.3,66.7
2026-04-02 18:29:52,GAYA,Clear,0.18,8.74,0.5,16.2,71.1
2026-02-09 01:24:50,GAYA,Clear,0.5,5.65,1.2,11.8,47.2
2026-03-31 23:18:00,GAYA,Rain,0.67,2.61,17.8,17.0,85.6
2026-05-23 23:01:17,GAYA,Cloudy,0.15,8.38,0.6,31.3,64.8
2026-03-03 13:08:49,GAYA,Clear,0.32,7.59,1.3,31.1,57.4
2026-04-20 16:00:04,GAYA,Rain,0.25,6.86,5.5,24.5,93.7
2026-02-24 17:37:14,GAYA,Clear,0.25,7.87,0.7,32.9,77.5
2026-02-13 07:54:36,GAYA,Clear,0.04,10.07,0.7,30.1,60.0
2026-05-01 21:26:48,GAYA,Clear,0.55,5.51,0.7,33.6,88.9
2026-05-31 14:02:26,GAYA,Cloudy,0.04,9.68,0.3,18.0,63.0
2026-01-19 18:44:01,GAYA,Clear,0.13,8.73,0.3,22.3,51.4
2026-03-19 15:36:48,GAYA,Clear,0.24,7.48,0.8,26.5,41.7
2026-06-27 05:15:28,GAYA,Cloudy,0.73,4.4,0.1,16.6,68.5
2026-04-04 19:42:15,GAYA,Cloudy,0.14,9.95,0.1,32.8,81.7
2026-02-22 09:55:44,GAYA,Cloudy,0.21,8.15,1.3,17.4,61.9
2026-05-16 20:18:44,GAYA,Cloudy,0.04,9.95,1.3,24.8,64.9
2026-04-02 21:11:57,GAYA,Clear,0.49,6.3,0.1,34.1,50.3
2026-01-02 10:40:10,GAYA,Clear,0.26,8.6,1.4,33.3,62.6
2026-02-23 20:15:43,GAYA,Cloudy,0.24,7.64,0.0,30.0,53.9
2026-04-03 21:36:41,GAYA,Clear,0.39,6.89,0.5,23.4,83.3
2026-02-05 03:47:30,GAYA,Clear,0.03,8.94,1.2,15.3,58.2
2026-03-03 18:25:34,GAYA,Clear,0.28,7.97,1.2,23.5,99.6
2026-04-21 20:54:36,GAYA,Cloudy,0.42,5.71,1.1,24.0,89.2
2026-06-16 19:34:36,GAYA,Clear,0.61,5.06,1.4,14.1,52.6
2026-04-26 21:49:14,GAYA,Clear,0.36,5.98,0.4,30.3,52.6
2026-04-23 08:58:27,GAYA,Cloudy,0.25,8.25,0.4,32.7,65.4
2026-06-03 08:42:01,GAYA,Cloudy,0.56,4.84,0.4,37.7,74.1
2026-05-02 09:54:56,GAYA,Cloudy,0.24,8.44,1.1,20.7,88.3
2026-03-09 19:49:56,GAYA,Clear,0.04,8.94,1.1,24.2,99.3
2026-05-15 22:35:54,GAYA,Clear,0.07,9.57,1.2,28.0,69.2
2026-03-13 21:19:44,GAYA,Clear,0.5,6.68,1.0,26.6,82.6
2026-04-17 09:40:09,GAYA,Cloudy,0.12,9.74,1.1,23.3,48.7
2026-06-30 19:14:43,GAYA,Clear,0.5,7.12,0.8,30.9,30.8
2026-02-17 02:03:11,GAYA,Rain,0.26,6.47,1.3,37.7,55.5
2026-02-20 17:16:09,GAYA,Clear,0.4,6.62,1.2,20.3,55.7
2026-03-16 19:24:09,GAYA,Clear,0.5,5.7,1.2,21.0,85.0
2026-04-03 01:52:40,GAYA,Cloudy,0.46,6.35,0.1,33.5,90.4
2026-02-08 00:46:45,GAYA,Rain,0.33,5.44,22.0,23.6,42.3
2026-05-08 19:29:54,GAYA,Clear,0.51,5.78,1.5,22.3,67.5
2026-05-25 09:37:33,GAYA,Clear,0.24,8.68,0.9,4.1,54.6
2026-02-10 23:50:53,GAYA,Clear,0.2,9.55,0.6,9.6,56.6
2026-01-11 10:19:00,GAYA,Clear,0.21,8.08,1.2,16.0,63.8
2026-01-28 14:49:00,GAYA,Rain,0.27,6.32,5.9,24.3,52.5
2026-04-29 16:45:06,GAYA,Clear,0.52,4.8,0.0,26.9,58.1
2026-01-14 05:15:32,GAYA,Clear,0.49,6.29,0.9,16.9,63.0
2026-04-22 21:24:59,GAYA,Clear,0.49,5.93,0.1,16.8,56.5
2026-06-13 12:29:35,GAYA,Clear,0.5,6.07,1.0,25.4,63.4
2026-05-19 09:52:26,GAYA,Clear,0.32,7.1,0.2,24.9,71.7
2026-02-14 02:36:30,GAYA,Rain,0.49,4.61,13.6,32.6,62.3
2026-05-08 21:24:03,GAYA,Clear,0.12,9.48,0.5,25.0,34.3
2026-04-30 05:05:05,GAYA,Fog,0.55,5.15,0.1,31.5,89.0
2026-05-03 02:19:17,GAYA,Clear,0.15,8.61,0.5,2.7,85.3
2026-01-18 14:18:22,GAYA,Rain,0.17,7.13,26.5,9.3,79.7
2026-06-12 07:19:43,GAYA,Clear,0.46,6.27,0.3,16.5,53.7
2026-06-02 09:57:00,GAYA,Clear,0.36,7.65,1.2,11.2,85.7
2026-02-25 01:58:02,GAYA,Cloudy,0.6,5.37,0.4,19.5,36.1
2026-05-03 21:58:52,GAYA,Clear,0.08,8.78,0.0,13.1,43.6
2026-02-24 02:37:45,GAYA,Clear,0.2,8.0,1.4,28.5,87.3
2026-02-21 09:09:43,GAYA,Clear,0.09,8.93,1.0,25.7,32.1
2026-01-04 04:36:36,GAYA,Clear,0.29,7.24,0.5,9.9,65.1
2026-05-25 18:12:48,GAYA,Clear,0.69,4.54,0.5,22.3,48.6
2026-02-11 04:02:55,GAYA,Cloudy,0.27,7.07,0.2,22.9,83.3
2026-06-18 18:12:56,GAYA,Clear,0.24,8.7,1.0,15.5,44.5
2026-01-23 14:41:28,GAYA,Clear,0.29,6.82,1.4,3.1,72.2
2026-06-19 15:26:00,GAYA,Fog,0.87,2.44,0.4,36.8,100.0
2026-06-10 19:28:42,GAYA,Cloudy,0.26,8.04,0.4,30.2,46.8
2026-04-16 04:32:25,GAYA,Rain,0.22,7.24,8.9,17.4,50.6
2026-02-14 16:15:05,GAYA,Cloudy,0.11,9.68,1.4,35.8,67.3
2026-05-05 04:47:12,GAYA,Cloudy,0.38,7.98,0.3,29.9,86.6
2026-02-15 13:39:10,GAYA,Clear,0.21,8.09,0.8,27.6,79.8
2026-06-30 21:55:07,GAYA,Rain,0.49,4.83,7.8,14.6,56.9
2026-05-11 17:54:44,GAYA,Clear,0.46,6.48,1.0,29.8,80.0
2026-01-22 05:34:58,GAYA,Clear,0.28,7.78,0.9,23.8,91.0
2026-05-27 19:32:22,GAYA,Rain,0.36,6.04,3.5,39.3,65.9
2026-01-03 08:30:36,GAYA,Clear,0.3,6.34,1.2,21.6,37.8
2026-04-27 03:50:39,GAYA,Cloudy,0.28,7.76,0.8,25.5,50.2
2026-06-23 16:10:47,GAYA,Fog,0.73,3.96,0.3,19.6,62.9
2026-05-07 09:31:50,GAYA,Clear,0.48,6.21,0.0,30.2,79.2
2026-06-10 23:11:24,GAYA,Clear,0.19,8.46,0.1,29.1,56.9
2026-01-14 09:10:40,GAYA,Clear,0.37,6.79,0.5,15.8,87.7
2026-06-13 06:34:01,GAYA,Clear,0.05,9.66,1.1,27.3,49.7
2026-01-24 07:40:32,GAYA,Cloudy,0.38,7.18,1.2,33.7,57.4
2026-05-15 05:37:16,GAYA,Clear,0.07,10.22,1.1,13.2,64.3
2026-03-17 17:02:48,GAYA,Rain,0.65,4.0,6.9,18.9,27.7
2026-03-25 06:24:17,GAYA,Clear,0.24,8.17,0.2,12.2,66.3
2026-02-17 05:54:14,GAYA,Clear,0.05,9.61,1.0,22.0,66.0
2026-04-27 22:41:23,GAYA,Clear,0.24,8.19,1.3,25.7,57.1
2026-06-20 17:19:53,GAYA,Cloudy,0.56,4.5,0.7,26.4,65.3
2026-04-13 18:09:07,GAYA,Clear,0.35,6.52,0.8,23.4,69.3
2026-03-05 16:12:54,GAYA,Cloudy,0.34,7.11,0.2,24.8,45.7
2026-03-12 18:37:38,GAYA,Rain,0.47,5.34,4.4,27.4,59.7
2026-05-15 14:07:02,GAYA,Fog,0.5,5.58,0.6,23.2,65.9
2026-02-25 23:07:48,GAYA,Clear,0.12,8.89,0.6,25.3,69.5
2026-06-11 06:50:24,GAYA,Clear,0.16,7.71,0.1,31.5,55.2
2026-01-01 07:15:15,GAYA,Clear,0.3,7.1,0.5,28.6,51.7
2026-06-02 21:04:35,GAYA,Fog,0.57,4.83,0.9,25.0,58.3
2026-04-13 14:45:33,GAYA,Rain,0.45,6.29,1.1,24.2,67.2
2026-05-30 19:20:48,GAYA,Fog,0.85,1.96,1.2,31.2,89.5
2026-01-31 00:39:11,GAYA,Cloudy,0.38,5.85,1.3,14.3,70.1
2026-05-10 07:30:46,GAYA,Clear,0.48,5.75,0.7,39.6,52.7
2026-02-09 14:35:36,GAYA,Clear,0.13,9.02,1.4,33.7,92.8
2026-05-23 06:50:52,GAYA,Clear,0.02,9.5,1.0,30.3,27.1
2026-04-14 19:23:56,GAYA,Clear,0.28,7.24,1.4,7.8,60.5
2026-06-05 06:28:38,GAYA,Clear,0.43,6.11,1.1,22.1,75.2
2026-04-22 13:03:26,GAYA,Clear,0.12,9.19,0.7,22.8,82.8
2026-01-14 18:34:32,GAYA,Clear,0.3,6.74,0.0,35.5,62.6
2026-04-30 08:37:32,GAYA,Clear,0.08,9.31,0.1,28.1,52.2
2026-04-12 06:53:00,GAYA,Clear,0.16,8.75,0.2,31.9,44.7
2026-01-05 20:20:13,GAYA,Clear,0.29,7.45,0.0,21.7,81.2
2026-03-02 22:55:35,GAYA,Fog,0.61,4.49,1.1,31.9,85.3
2026-06-25 04:27:56,GAYA,Fog,0.54,5.85,1.3,28.1,88.7
2026-05-11 02:12:17,GAYA,Rain,0.23,6.44,4.0,30.5,100.0
2026-03-29 20:10:27,GAYA,Clear,0.21,8.29,0.9,40.0,68.1
2026-03-12 11:58:15,GAYA,Rain,0.27,6.58,3.1,35.1,69.0
2026-05-06 14:30:49,GAYA,Cloudy,0.02,9.59,1.0,-0.1,64.6
2026-06-30 09:24:08,GAYA,Rain,0.62,3.21,9.0,22.9,80.7
2026-03-25 11:44:55,GAYA,Rain,0.25,6.07,4.8,23.8,76.8
2026-01-24 02:10:29,GAYA,Clear,0.5,5.27,0.8,26.4,34.2
2026-06-26 11:56:53,GAYA,Fog,0.63,4.63,1.2,27.4,87.4
2026-02-10 21:41:25,GAYA,Clear,0.08,8.63,1.2,28.2,68.5
2026-06-26 01:07:44,GAYA,Rain,0.06,8.13,8.3,36.8,68.2
2026-01-27 09:42:35,GAYA,Fog,0.65,4.52,0.4,36.6,65.9
2026-04-11 19:11:50,GAYA,Cloudy,0.19,8.42,1.2,19.4,76.1
2026-05-01 22:18:20,GAYA,Clear,0.29,7.58,0.6,29.1,98.0
2026-03-24 15:15:57,GAYA,Clear,0.27,7.5,0.1,35.5,66.3
2026-03-10 00:21:50,GAYA,Cloudy,0.17,9.04,0.3,24.6,63.8
2026-04-26 07:00:12,GAYA,Cloudy,0.22,7.85,1.4,28.3,60.7
2026-04-10 01:05:48,GAYA,Cloudy,0.1,8.96,1.1,8.1,50.6
2026-05-20 09:26:00,GAYA,Rain,0.23,7.64,6.7,30.3,81.7
2026-04-18 06:57:55,GAYA,Cloudy,0.11,9.44,1.1,34.5,73.5
2026-05-26 21:13:06,GAYA,Cloudy,0.24,7.73,0.3,34.6,45.1
2026-01-02 16:19:25,GAYA,Cloudy,0.3,7.12,0.4,32.9,99.6
2026-01-26 02:25:06,GAYA,Cloudy,0.4,7.3,0.7,26.2,58.2
2026-01-11 04:32:39,GAYA,Clear,0.42,6.32,1.2,33.8,61.9
2026-02-05 05:21:39,GAYA,Cloudy,0.13,8.29,0.6,17.2,23.6
2026-06-07 10:59:06,GAYA,Cloudy,0.43,6.36,0.3,30.7,76.0
2026-05-29 19:14:59,GAYA,Clear,0.25,8.24,1.3,30.0,64.8
2026-05-06 02:53:54,GAYA,Rain,0.17,7.06,5.6,34.6,69.8
2026-01-01 08:45:02,GAYA,Clear,0.55,5.47,0.5,20.6,94.5
2026-06-12 03:51:46,GAYA,Cloudy,0.49,5.18,1.0,19.8,73.6
2026-01-18 13:08:54,GAYA,Rain,0.18,7.3,7.8,30.4,50.8
2026-05-10 15:55:46,GAYA,Cloudy,0.29,6.93,1.4,7.9,45.5
2026-02-26 03:50:22,GAYA,Clear,0.3,6.97,0.4,30.0,43.5
2026-03-23 04:11:01,GAYA,Cloudy,0.63,4.38,0.6,23.2,43.8
2026-03-01 07:11:27,GAYA,Clear,0.23,8.13,0.3,23.8,78.1
2026-02-21 02:10:16,GAYA,Clear,0.56,4.81,0.5,16.0,85.1
2026-03-26 14:11:41,GAYA,Clear,0.17,8.19,0.0,16.4,61.7
2026-01-31 03:54:45,GAYA,Cloudy,0.11,9.05,0.2,7.6,57.7
2026-05-29 22:24:47,GAYA,Clear,0.42,6.56,0.4,16.6,49.4
2026-01-22 03:06:35,GAYA,Clear,0.07,9.09,0.1,32.5,69.5
2026-04-19 15:07:37,GAYA,Cloudy,0.23,8.59,1.4,8.2,43.0
2026-05-12 14:44:31,GAYA,Clear,0.53,5.33,0.7,24.5,72.7
2026-03-29 12:24:24,GAYA,Clear,0.25,7.66,1.1,23.2,71.5
2026-02-08 23:33:45,GAYA,Clear,0.14,8.91,0.6,32.1,76.8
2026-05-09 15:10:27,GAYA,Clear,0.35,6.93,0.1,22.6,91.9
2026-05-23 21:24:12,GAYA,Cloudy,0.6,5.56,0.6,29.6,53.5
2026-01-01 12:58:56,GAYA,Cloudy,0.39,6.75,1.1,28.1,46.3
2026-04-30 14:37:14,GAYA,Clear,0.26,7.86,0.2,24.0,60.4
2026-01-22 05:06:55,GAYA,Cloudy,0.45,6.57,1.0,24.7,77.2
2026-05-12 21:47:39,GAYA,Clear,0.29,7.62,1.0,23.9,67.3
2026-06-06 10:20:52,GAYA,Cloudy,0.54,5.44,1.5,25.7,67.4
2026-01-20 10:05:36,GAYA,Fog,0.46,6.54,1.0,18.0,75.8
2026-03-16 14:26:53,GAYA,Clear,0.28,7.64,0.6,19.4,54.2
2026-03-20 17:34:30,GAYA,Cloudy,0.36,7.07,0.3,19.6,75.2
2026-01-06 17:36:00,GAYA,Clear,0.43,5.62,1.0,16.1,65.3
2026-02-25 23:36:49,GAYA,Clear,0.59,5.16,1.3,20.1,66.6
2026-02-14 08:01:09,GAYA,Clear,0.08,9.04,0.0,26.5,68.2
2026-03-15 04:22:25,GAYA,Fog,0.41,7.01,0.4,19.2,62.3
2026-01-08 20:43:17,GAYA,Clear,0.18,8.47,1.3,13.4,90.5
2026-06-26 01:19:19,GAYA,Rain,0.1,7.7,4.2,13.5,49.8
2026-01-20 07:38:34,GAYA,Clear,0.31,7.24,1.0,38.3,100.0
2026-05-24 00:03:05,GAYA,Clear,0.16,8.1,0.4,39.8,100.0
2026-05-19 16:42:18,GAYA,Clear,0.18,7.97,0.1,28.2,50.9
2026-04-26 09:06:02,GAYA,Clear,0.46,5.53,0.2,24.8,83.3
2026-04-07 14:38:52,GAYA,Clear,0.28,7.14,0.3,30.8,52.9
2026-01-16 19:38:30,GAYA,Rain,0.16,6.84,18.2,20.5,76.4
2026-04-14 12:20:23,GAYA,Clear,0.35,7.2,1.0,26.0,70.7
2026-01-13 23:59:36,GAYA,Rain,0.09,8.53,9.2,17.9,93.3
2026-01-17 20:06:39,GAYA,Cloudy,0.4,6.1,0.6,8.5,77.7
2026-06-13 12:55:05,GAYA,Clear,0.42,6.85,0.6,34.7,70.6
2026-01-03 07:51:58,GAYA,Cloudy,0.24,7.66,0.2,24.6,78.0
2026-04-01 02:45:37,GAYA,Clear,0.17,7.98,0.0,32.4,60.5
2026-05-24 08:11:43,GAYA,Clear,0.05,9.48,0.4,23.2,62.0
2026-05-28 00:27:29,GAYA,Clear,0.28,7.36,0.3,28.5,93.9
2026-05-14 21:25:56,GAYA,Clear,0.21,8.78,0.7,24.1,74.9
2026-01-21 05:10:21,GAYA,Cloudy,0.63,4.3,1.3,24.3,70.3
2026-06-07 01:00:18,GAYA,Cloudy,0.52,6.02,1.4,31.3,85.3
2026-06-12 18:47:27,GAYA,Clear,0.34,7.65,0.6,21.2,83.6
2026-03-21 08:39:14,GAYA,Clear,0.06,8.8,0.6,37.4,27.2
2026-04-24 20:51:03,GAYA,Cloudy,0.18,8.68,1.5,21.2,79.4
2026-01-15 05:00:25,GAYA,Clear,0.37,6.33,1.3,24.7,44.5
2026-01-09 10:16:18,GAYA,Clear,0.58,4.95,0.5,33.8,70.6
2026-03-07 17:46:54,GAYA,Clear,0.33,7.27,0.1,27.5,50.2
2026-06-01 15:20:36,GAYA,Fog,0.42,6.76,0.2,32.9,78.4
2026-03-02 17:07:35,GAYA,Clear,0.15,8.46,1.0,27.5,55.0
2026-04-23 18:10:21,GAYA,Clear,0.17,7.86,1.3,25.6,68.1
2026-01-09 09:50:38,GAYA,Clear,0.3,7.07,1.2,23.1,59.9
2026-05-10 07:13:47,GAYA,Clear,0.19,7.42,1.1,27.3,36.9
2026-06-08 18:07:15,GAYA,Clear,0.32,6.69,0.4,26.0,64.4
2026-03-16 06:27:44,GAYA,Clear,0.04,9.39,1.1,22.5,61.8
2026-04-10 12:11:20,GAYA,Clear,0.15,9.5,0.7,22.1,64.6
2026-04-17 09:58:02,GAYA,Clear,0.48,5.58,0.2,19.3,78.3
2026-01-19 00:04:27,GAYA,Rain,0.47,4.89,9.8,37.5,77.0
2026-05-03 13:53:52,GAYA,Clear,0.35,6.56,1.2,37.2,90.6
2026-04-30 22:07:50,GAYA,Clear,0.21,7.41,1.2,24.0,52.5
2026-06-17 20:00:31,GAYA,Cloudy,0.54,5.87,0.4,20.0,75.1
2026-04-22 20:42:27,GAYA,Cloudy,0.38,6.2,1.0,19.0,51.4
2026-02-14 03:55:00,GAYA,Cloudy,0.73,3.99,0.6,23.2,91.4
2026-03-21 12:28:04,GAYA,Clear,0.17,9.26,1.4,20.7,77.6
2026-02-15 18:46:22,GAYA,Clear,0.29,7.81,0.4,15.1,75.2
2026-02-15 23:39:10,GAYA,Clear,0.08,9.16,0.4,23.3,48.4
2026-02-05 14:32:27,GAYA,Clear,0.18,8.47,1.3,28.5,65.4
2026-01-11 22:05:02,GAYA,Clear,0.08,8.9,1.1,27.9,42.1
2026-04-11 20:51:51,GAYA,Rain,0.26,6.39,22.0,27.5,75.7
2026-05-10 22:37:21,GAYA,Clear,0.06,9.33,1.1,19.4,77.3
2026-03-26 21:33:38,GAYA,Clear,0.24,8.12,0.8,26.1,90.7
2026-03-28 14:25:39,GAYA,Clear,0.55,5.5,0.9,12.9,49.8
2026-06-10 19:45:58,GAYA,Clear,0.24,8.54,1.5,26.9,78.0
2026-03-19 10:44:51,GAYA,Clear,0.3,7.67,0.4,23.5,72.6
2026-06-07 11:24:59,GAYA,Cloudy,0.34,6.44,0.8,22.0,69.6
2026-02-10 18:06:58,GAYA,Clear,0.13,8.59,0.3,22.6,80.5
2026-03-30 23:11:36,GAYA,Clear,0.58,4.82,1.3,15.1,66.6
2026-04-05 12:29:54,GAYA,Clear,0.3,7.14,0.7,33.6,84.7
2026-01-11 04:03:34,GAYA,Cloudy,0.09,8.86,0.9,23.3,20.0
2026-05-06 19:04:32,GAYA,Fog,0.79,3.35,1.5,20.0,62.1
2026-04-21 20:21:18,GAYA,Clear,0.21,8.39,0.7,30.1,78.9
2026-06-25 05:07:52,GAYA,Clear,0.15,8.59,0.0,25.8,74.2
2026-04-29 01:17:36,GAYA,Clear,0.18,8.83,1.1,25.2,88.2
2026-04-11 02:16:49,GAYA,Clear,0.22,8.65,1.0,20.2,60.1
2026-01-28 14:31:01,GAYA,Clear,0.24,8.13,1.0,26.0,65.9
2026-03-14 04:17:39,GAYA,Rain,0.27,6.02,12.6,29.6,42.1
2026-01-30 01:10:25,GAYA,Clear,0.14,9.49,0.5,29.9,78.6
2026-04-11 02:16:09,GAYA,Rain,0.12,7.9,11.8,25.1,75.8
2026-04-04 02:58:49,GAYA,Rain,0.16,7.74,2.2,19.6,61.2
2026-05-25 13:09:51,GAYA,Clear,0.23,8.24,0.6,19.2,91.2
2026-01-11 15:59:17,GAYA,Cloudy,0.27,8.14,0.8,14.5,52.9
2026-06-19 03:10:50,GAYA,Rain,0.35,5.33,10.4,15.7,54.5
2026-04-30 23:30:24,GAYA,Rain,0.3,6.0,11.1,29.6,37.7
2026-03-05 18:15:04,GAYA,Clear,0.03,9.73,0.8,33.5,56.7
2026-06-11 14:50:40,GAYA,Cloudy,0.16,8.06,1.4,22.3,30.9
2026-04-06 12:14:58,GAYA,Rain,0.03,8.66,8.3,22.3,61.4
2026-04-13 14:36:13,GAYA,Cloudy,0.13,8.16,1.1,8.9,57.6
2026-04-17 19:37:45,GAYA,Cloudy,0.04,9.56,1.1,31.5,50.7
2026-06-17 12:41:48,GAYA,Clear,0.37,7.51,1.3,3.7,62.3
2026-02-17 19:36:24,GAYA,Clear,0.26,7.94,0.4,36.8,72.5
2026-03-10 04:37:37,GAYA,Clear,0.62,5.58,1.2,22.8,80.4
2026-02-03 21:10:18,GAYA,Cloudy,0.5,5.63,0.4,14.8,58.1
2026-04-03 21:11:28,GAYA,Clear,0.37,6.22,1.3,32.5,69.8
2026-05-30 00:43:58,GAYA,Clear,0.23,7.82,0.4,30.1,42.2
2026-04-24 14:41:18,GAYA,Fog,0.79,3.27,0.4,19.0,59.2
2026-05-31 09:54:35,GAYA,Clear,0.2,8.48,0.4,37.1,100.0
2026-02-15 13:53:01,GAYA,Fog,0.87,2.58,0.6,24.7,61.9
2026-04-09 03:34:53,GAYA,Cloudy,0.26,7.34,0.5,28.7,51.4
2026-06-13 23:17:23,GAYA,Fog,0.74,3.71,0.0,10.3,65.4
2026-01-24 11:56:47,GAYA,Clear,0.31,7.63,0.3,33.8,74.0
2026-04-24 04:31:27,GAYA,Clear,0.23,7.89,0.7,20.5,59.8
2026-01-17 14:29:40,GAYA,Fog,0.78,3.67,1.0,26.4,40.5
2026-04-11 16:21:46,GAYA,Cloudy,0.06,10.09,0.5,17.5,30.2
2026-01-22 23:16:29,GAYA,Clear,0.66,4.5,0.6,24.3,88.8
2026-05-21 08:22:58,GAYA,Clear,0.41,6.13,0.6,21.8,60.7
2026-01-02 00:52:42,GAYA,Clear,0.1,8.31,0.1,15.0,63.0
2026-02-22 14:07:27,GAYA,Clear,0.2,7.92,1.4,24.6,71.5
2026-03-02 08:15:22,GAYA,Fog,0.47,5.54,0.9,39.4,68.7
2026-05-06 09:04:23,GAYA,Cloudy,0.3,7.39,1.1,26.3,59.0
2026-01-02 02:31:28,GAYA,Clear,0.04,9.38,0.2,17.7,84.9
2026-02-20 03:30:22,GAYA,Clear,0.43,6.65,0.7,19.7,68.9
2026-01-07 16:01:23,GAYA,Clear,0.44,6.47,0.6,20.5,76.6
2026-01-04 01:24:08,GAYA,Fog,0.37,6.67,0.0,27.2,90.0
2026-01-28 05:23:53,GAYA,Clear,0.47,5.31,0.0,17.7,50.2
2026-03-15 18:07:15,GAYA,Clear,0.04,9.65,0.2,29.7,62.2
2026-04-22 02:15:00,GAYA,Clear,0.43,5.72,0.8,15.3,47.3
2026-03-10 02:53:03,GAYA,Rain,0.34,5.83,9.8,28.9,100.0
2026-03-12 08:46:47,GAYA,Clear,0.18,8.6,0.9,34.2,74.0
2026-05-03 10:55:51,GAYA,Clear,0.19,8.48,0.3,36.9,86.0
2026-05-25 16:43:53,GAYA,Rain,0.06,7.72,12.7,25.6,60.2
2026-02-08 00:30:52,GAYA,Fog,0.4,6.63,0.4,20.0,61.0
2026-01-02 00:08:52,GAYA,Clear,0.15,8.78,0.1,25.2,69.7
2026-01-05 23:50:06,GAYA,Clear,0.23,8.07,0.8,33.3,65.5
2026-01-24 14:22:14,GAYA,Clear,0.26,8.08,1.3,15.8,41.7
2026-04-29 09:34:32,GAYA,Clear,0.32,7.63,0.8,33.7,22.3
2026-02-14 14:12:30,GAYA,Clear,0.36,7.43,1.1,8.1,79.3
2026-02-21 15:55:22,GAYA,Fog,0.37,6.54,0.2,38.4,81.4
2026-01-06 06:46:27,GAYA,Cloudy,0.19,8.34,1.0,18.0,63.1
2026-04-13 23:21:54,GAYA,Clear,0.72,4.24,0.9,11.4,74.5
2026-04-11 11:49:25,GAYA,Clear,0.77,3.89,0.0,16.4,65.8
2026-04-28 18:38:09,GAYA,Clear,0.16,8.94,0.6,32.9,78.1
2026-04-28 20:31:34,GAYA,Cloudy,0.07,8.93,1.4,18.2,63.0
2026-02-13 21:07:01,GAYA,Clear,0.38,6.66,1.4,24.7,77.0
2026-01-24 01:59:45,GAYA,Clear,0.42,5.77,0.3,29.0,70.2
2026-01-30 21:17:43,GAYA,Fog,0.67,4.32,0.0,34.6,59.6
2026-05-26 21:37:19,GAYA,Clear,0.35,6.65,1.1,18.4,61.2
2026-02-13 20:20:49,GAYA,Clear,0.45,6.11,0.6,8.4,88.4
2026-05-17 20:05:24,GAYA,Rain,0.33,5.73,11.0,36.8,49.2
2026-02-19 23:41:44,GAYA,Clear,0.45,6.81,0.3,22.5,89.7
2026-02-22 15:33:06,GAYA,Clear,0.24,7.75,1.2,36.5,66.7
2026-03-18 12:16:03,GAYA,Fog,0.93,1.15,0.9,21.6,79.0
2026-01-08 08:41:39,GAYA,Clear,0.45,5.71,1.1,32.4,83.3
2026-02-17 18:14:43,GAYA,Clear,0.27,8.18,0.5,22.1,62.9
2026-02-04 17:35:13,GAYA,Cloudy,0.18,9.21,0.6,17.9,66.4
2026-06-25 12:53:13,GAYA,Clear,0.2,7.97,0.1,11.9,100.0
2026-01-01 04:22:17,GAYA,Cloudy,0.11,8.95,1.4,34.1,39.1
2026-02-27 23:25:06,GAYA,Fog,0.76,3.4,0.4,19.3,89.1
2026-02-20 21:48:16,GAYA,Cloudy,0.2,8.22,0.3,31.7,56.6
2026-01-25 06:49:11,GAYA,Clear,0.4,6.49,1.5,12.5,79.0
2026-03-30 04:21:08,GAYA,Clear,0.53,5.24,1.3,16.5,67.7
2026-06-04 17:14:34,GAYA,Fog,0.39,6.7,0.3,40.0,70.1
2026-02-14 11:26:30,GAYA,Cloudy,0.67,5.31,1.0,21.2,78.0
2026-01-11 06:49:14,GAYA,Rain,0.28,6.18,2.5,33.1,73.2
2026-03-29 21:18:15,GAYA,Clear,0.5,5.31,1.2,29.7,40.5
2026-03-28 09:25:49,GAYA,Rain,0.13,7.84,3.8,30.9,83.6
2026-05-27 06:38:22,GAYA,Rain,0.47,4.53,14.7,8.0,57.0
2026-06-18 09:51:09,GAYA,Clear,0.26,7.48,1.2,21.4,54.7
2026-06-13 05:57:11,GAYA,Clear,0.31,7.3,1.5,18.8,57.6
2026-06-01 01:41:52,GAYA,Clear,0.65,4.83,1.0,24.1,69.4
2026-05-05 08:17:18,GAYA,Clear,0.07,9.33,0.5,37.4,41.0
2026-04-30 06:26:51,GAYA,Fog,0.66,3.68,0.3,29.5,83.2
2026-05-10 21:09:56,GAYA,Rain,0.19,6.74,10.1,30.0,67.0
2026-06-21 08:21:17,GAYA,Clear,0.27,8.43,1.3,31.5,100.0
2026-04-23 21:40:27,GAYA,Rain,0.21,6.89,12.9,27.8,51.5
2026-05-16 02:22:38,GAYA,Clear,0.2,8.43,0.9,31.9,32.4
2026-04-06 04:14:41,GAYA,Clear,0.41,6.64,0.7,11.7,78.6
2026-03-24 03:39:30,GAYA,Fog,0.48,6.28,0.2,26.5,72.4
2026-02-12 22:39:07,GAYA,Clear,0.34,7.68,0.7,25.3,56.1
2026-02-01 06:28:46,GAYA,Clear,0.34,6.91,0.9,23.7,55.9
2026-05-04 18:11:13,GAYA,Rain,0.03,8.41,1.8,20.2,71.9
2026-01-12 07:24:44,GAYA,Clear,0.56,5.14,1.4,18.9,81.8
2026-02-01 22:29:22,GAYA,Cloudy,0.6,5.13,1.3,23.5,79.6
2026-05-23 06:29:39,GAYA,Clear,0.23,7.64,0.1,30.8,75.6
2026-01-25 01:52:08,GAYA,Clear,0.18,8.78,1.1,30.2,65.2
2026-01-03 11:23:06,GAYA,Rain,0.24,7.58,10.6,13.7,66.2
2026-03-24 03:54:34,GAYA,Clear,0.19,8.57,0.9,26.8,43.7
2026-02-21 12:00:44,GAYA,Clear,0.26,8.15,0.2,24.5,47.7
2026-06-23 18:06:41,GAYA,Clear,0.07,8.97,0.9,16.0,79.8
2026-03-19 04:52:47,GAYA,Clear,0.13,9.15,1.3,26.9,75.3
2026-05-28 13:42:56,GAYA,Clear,0.03,9.74,0.3,30.9,72.4
2026-05-06 03:38:39,GAYA,Rain,0.34,6.18,14.3,33.8,88.1
2026-01-09 22:55:54,GAYA,Clear,0.22,8.57,1.1,39.0,83.8
2026-01-26 20:49:38,GAYA,Clear,0.23,7.99,1.4,21.7,64.8
2026-03-27 15:37:18,GAYA,Clear,0.13,9.05,0.5,29.1,78.3
2026-03-15 23:04:29,GAYA,Clear,0.51,5.91,1.3,22.1,100.0
2026-02-25 02:44:19,GAYA,Clear,0.52,5.51,0.0,21.2,82.7
2026-01-24 19:10:31,GAYA,Cloudy,0.51,5.81,0.4,15.3,46.0
2026-05-04 15:13:52,GAYA,Fog,0.43,6.73,0.3,14.9,66.6
2026-04-06 09:38:15,GAYA,Clear,0.59,3.99,1.4,25.7,84.4
2026-04-01 23:18:34,GAYA,Clear,0.11,9.09,1.1,13.5,80.4
2026-01-31 11:25:40,GAYA,Clear,0.26,8.39,1.1,32.6,69.6
2026-06-06 16:02:38,GAYA,Clear,0.12,8.88,1.0,12.5,48.3
2026-04-29 06:12:08,GAYA,Rain,0.41,4.77,4.9,19.6,64.0
2026-06-26 15:02:13,GAYA,Fog,0.74,3.11,0.3,38.5,77.1
2026-03-25 07:28:32,GAYA,Cloudy,0.43,5.89,0.8,17.5,88.0
2026-03-19 12:33:02,GAYA,Fog,0.94,1.62,0.9,13.1,79.9
2026-03-01 06:26:23,GAYA,Clear,0.74,3.14,1.2,32.8,51.4
2026-05-07 09:47:35,GAYA,Cloudy,0.45,5.26,0.6,26.0,42.9
2026-05-16 18:32:36,GAYA,Fog,0.87,2.43,0.7,23.7,75.1
2026-01-07 07:03:43,GAYA,Clear,0.11,8.73,1.4,20.4,40.3
2026-05-12 23:23:16,GAYA,Clear,0.21,8.15,1.2,36.8,48.3
2026-02-26 19:10:36,GAYA,Clear,0.15,8.55,0.9,33.6,40.1
2026-05-03 01:17:36,GAYA,Fog,0.48,5.55,0.8,10.8,77.4
2026-03-19 03:58:38,GAYA,Clear,0.16,8.91,0.2,24.5,52.0
2026-06-11 09:57:29,GAYA,Clear,0.15,8.21,0.6,26.8,61.2
2026-06-15 03:04:10,GAYA,Clear,0.51,5.11,1.2,17.2,64.0
2026-02-11 09:45:40,GAYA,Fog,0.68,4.51,1.2,11.4,41.4
2026-01-18 21:40:02,GAYA,Clear,0.26,8.09,0.3,17.2,65.9
2026-02-25 00:56:47,GAYA,Clear,0.12,9.21,0.3,27.3,52.5
2026-05-21 23:57:23,GAYA,Cloudy,0.27,7.6,0.3,21.7,39.9
2026-01-10 18:32:14,GAYA,Cloudy,0.28,7.23,0.2,10.1,39.2
2026-06-15 15:01:27,GAYA,Clear,0.12,9.29,0.9,12.8,80.9
2026-02-07 16:47:21,GAYA,Clear,0.32,8.22,0.6,37.9,38.1
2026-02-26 18:39:36,GAYA,Cloudy,0.33,6.82,0.3,34.6,49.0
2026-02-24 09:04:30,GAYA,Cloudy,0.54,6.09,0.6,28.8,50.0
2026-05-21 16:34:35,GAYA,Cloudy,0.6,4.64,0.0,17.8,100.0
2026-02-14 00:53:57,GAYA,Clear,0.17,8.53,0.9,17.0,90.3
2026-05-01 23:46:11,GAYA,Clear,0.5,6.39,1.4,11.6,60.0
2026-05-12 07:39:03,GAYA,Cloudy,0.24,7.67,0.6,18.4,48.3
2026-02-27 02:56:00,GAYA,Clear,0.13,8.33,1.0,32.8,33.3
2026-03-17 19:10:35,GAYA,Cloudy,0.1,9.74,1.3,18.4,68.0
2026-01-20 08:00:54,GAYA,Cloudy,0.08,8.85,1.2,34.5,52.8
2026-02-28 20:45:08,GAYA,Clear,0.17,8.43,0.5,27.1,67.8
2026-01-08 06:06:50,GAYA,Fog,0.67,3.82,1.2,15.8,78.7
2026-03-13 14:49:51,GAYA,Clear,0.18,8.38,0.1,28.9,48.2
2026-04-10 11:18:27,GAYA,Fog,0.4,6.4,1.2,19.2,76.2
2026-06-25 23:33:59,GAYA,Fog,0.39,6.12,1.0,25.3,67.4
2026-06-18 15:11:51,GAYA,Rain,0.22,7.72,9.3,31.8,79.6
2026-04-15 08:55:14,GAYA,Cloudy,0.25,7.8,1.3,32.0,76.3
2026-02-19 05:34:45,GAYA,Cloudy,0.22,7.96,0.7,26.7,82.8
2026-06-06 13:27:30,GAYA,Rain,0.33,5.98,7.9,24.9,72.8
2026-06-28 08:38:41,GAYA,Clear,0.35,7.02,1.3,19.6,63.0
2026-05-23 16:09:36,GAYA,Clear,0.13,8.46,1.3,23.3,73.2
2026-03-20 07:48:58,GAYA,Clear,0.53,5.73,0.3,32.0,92.5
2026-06-12 22:17:23,GAYA,Clear,0.18,8.68,1.5,22.6,76.0
2026-04-25 01:41:23,GAYA,Clear,0.34,7.34,1.1,26.9,85.6
2026-05-10 02:59:11,GAYA,Cloudy,0.19,7.91,0.7,23.1,96.4
2026-03-03 18:53:32,GAYA,Cloudy,0.34,6.64,1.5,29.9,91.4
2026-02-25 09:30:10,GAYA,Cloudy,0.11,9.89,0.5,13.5,71.9
2026-06-07 18:41:20,GAYA,Cloudy,0.19,8.35,0.1,34.1,48.1
2026-05-28 16:27:17,GAYA,Clear,0.27,7.82,0.5,37.9,79.0
2026-04-03 08:03:37,GAYA,Cloudy,0.59,6.1,1.2,37.7,87.3
2026-02-11 12:23:29,GAYA,Clear,0.37,7.13,0.7,30.1,25.9
2026-05-03 05:19:30,GAYA,Cloudy,0.17,8.35,0.4,33.9,32.1
2026-05-04 13:47:58,GAYA,Clear,0.2,8.2,1.1,23.8,36.1
2026-03-04 18:28:15,GAYA,Clear,0.17,8.75,0.6,19.6,97.7
2026-05-05 08:49:59,GAYA,Clear,0.34,6.7,0.0,21.3,55.3
2026-02-24 07:01:27,GAYA,Clear,0.34,7.02,1.1,7.8,57.8
2026-03-03 06:21:42,GAYA,Clear,0.25,7.82,1.0,18.2,48.4
2026-06-02 21:53:28,GAYA,Cloudy,0.11,9.75,0.1,25.5,53.2
2026-01-22 20:52:53,GAYA,Cloudy,0.27,7.61,0.3,38.4,43.4
2026-01-31 20:21:37,GAYA,Clear,0.1,8.82,0.6,29.3,45.6
2026-02-04 17:31:01,GAYA,Clear,0.4,6.24,0.5,14.3,88.5
2026-01-05 15:22:08,GAYA,Clear,0.28,7.74,1.1,15.7,70.5
2026-01-19 08:20:18,GAYA,Clear,0.08,8.93,1.4,28.8,98.3
2026-01-16 05:04:58,GAYA,Clear,0.16,8.6,0.1,30.5,70.4
2026-04-02 05:30:42,GAYA,Cloudy,0.34,7.45,0.2,28.3,50.6
2026-03-25 01:29:04,GAYA,Cloudy,0.2,8.36,0.1,31.5,78.9
2026-02-20 22:51:27,GAYA,Rain,0.23,7.01,10.6,39.6,80.3
2026-02-09 00:41:42,GAYA,Cloudy,0.42,6.78,1.1,18.5,63.7
2026-06-29 18:14:22,GAYA,Clear,0.41,6.95,0.6,20.2,75.4
2026-06-15 22:39:04,GAYA,Fog,0.54,5.25,1.5,32.4,87.3
2026-02-11 13:32:11,GAYA,Cloudy,0.1,9.28,0.4,24.3,38.3
2026-01-18 12:22:13,GAYA,Clear,0.34,7.16,1.4,24.3,74.9
2026-02-03 23:47:07,GAYA,Clear,0.15,8.25,1.5,14.4,21.6
2026-01-03 12:29:27,GAYA,Clear,0.19,8.39,0.0,34.7,89.8
2026-02-19 05:31:51,GAYA,Clear,0.83,3.24,1.3,28.5,100.0
2026-01-12 15:46:19,GAYA,Clear,0.16,8.63,0.4,33.2,64.4
2026-03-07 13:18:54,GAYA,Clear,0.27,7.22,1.3,25.9,97.2
2026-02-21 08:38:03,GAYA,Clear,0.29,8.75,0.2,18.9,37.0
2026-01-20 11:57:50,GAYA,Rain,0.16,7.92,11.7,25.6,30.6
2026-05-07 21:22:17,GAYA,Cloudy,0.51,5.81,0.2,28.9,73.0
2026-01-23 02:18:46,GAYA,Clear,0.46,6.48,0.9,39.8,59.9
2026-03-01 03:00:50,GAYA,Cloudy,0.13,8.7,1.4,8.8,68.5
2026-03-01 04:23:17,GAYA,Cloudy,0.27,8.29,0.9,30.0,74.3
2026-03-03 06:07:22,GAYA,Clear,0.26,8.86,1.4,19.9,66.2
2026-05-24 22:49:49,GAYA,Clear,0.33,7.35,0.0,25.3,50.1
2026-04-23 04:51:04,GAYA,Cloudy,0.35,7.92,1.2,21.1,99.3
2026-05-25 19:52:18,GAYA,Clear,0.3,7.16,0.6,16.0,66.0
2026-05-01 14:14:36,GAYA,Clear,0.31,7.33,1.0,25.1,36.2
2026-06-18 22:15:36,GAYA,Fog,0.76,3.25,1.2,17.5,73.7
2026-06-24 13:19:37,GAYA,Clear,0.17,9.46,1.2,27.2,50.4
2026-05-03 19:13:25,GAYA,Fog,0.57,5.01,1.4,16.7,99.3
2026-03-02 22:44:46,GAYA,Clear,0.23,7.56,0.4,20.6,57.0
2026-02-15 13:01:09,GAYA,Cloudy,0.28,6.81,1.1,38.2,72.6
2026-02-11 09:38:03,GAYA,Clear,0.47,5.58,0.1,25.7,51.1
2026-05-11 12:34:45,GAYA,Clear,0.18,8.23,0.5,35.7,100.0
2026-01-20 12:55:33,GAYA,Clear,0.21,8.15,0.4,43.0,48.9
2026-01-14 10:02:34,GAYA,Clear,0.42,7.0,0.8,16.2,78.0
2026-06-13 03:11:25,GAYA,Clear,0.42,6.64,0.2,28.8,61.9
2026-01-29 07:50:50,GAYA,Clear,0.24,8.28,0.8,23.4,31.6
2026-03-21 09:07:40,GAYA,Fog,0.7,3.43,1.3,26.9,100.0
2026-01-29 13:08:31,GAYA,Clear,0.23,7.94,0.6,24.4,72.1
2026-05-22 17:28:45,GAYA,Clear,0.53,6.32,1.1,13.7,52.8
2026-02-09 10:53:02,GAYA,Clear,0.21,8.54,0.5,23.1,89.6
2026-06-21 08:09:53,GAYA,Clear,0.17,8.86,0.1,20.6,46.7
2026-04-16 22:00:33,GAYA,Rain,0.35,6.51,15.4,30.8,54.6
2026-01-26 04:58:30,GAYA,Cloudy,0.11,9.38,0.9,22.2,82.4
2026-01-31 03:53:14,GAYA,Clear,0.44,5.69,0.1,27.1,52.4
2026-03-21 11:59:02,GAYA,Cloudy,0.22,7.57,0.4,11.8,45.6
2026-05-22 16:54:02,GAYA,Rain,0.05,8.62,2.7,31.5,59.7
2026-03-13 23:04:24,GAYA,Clear,0.13,8.6,1.2,11.7,79.5
2026-02-10 11:00:02,GAYA,Clear,0.23,8.32,0.4,31.8,57.5
2026-02-09 15:06:04,GAYA,Clear,0.23,8.37,0.6,37.0,64.7
2026-04-23 16:16:15,GAYA,Clear,0.12,9.17,0.9,20.4,67.2
2026-01-20 14:14:51,GAYA,Clear,0.21,8.19,0.8,18.7,73.7
2026-02-26 15:02:31,GAYA,Clear,0.3,7.46,0.5,30.8,65.2
2026-04-02 09:40:51,GAYA,Cloudy,0.31,7.45,0.1,35.9,85.0
2026-03-03 19:20:41,GAYA,Fog,0.54,5.48,1.2,26.0,90.8
2026-06-22 07:20:57,GAYA,Cloudy,0.35,7.06,1.5,20.9,85.4
2026-01-18 16:35:10,GAYA,Clear,0.31,7.3,0.6,20.1,35.9
2026-04-10 02:40:53,GAYA,Cloudy,0.05,9.74,1.1,16.7,63.9
2026-05-15 22:49:45,GAYA,Rain,0.22,6.77,4.8,15.4,87.4
2026-04-01 09:26:28,GAYA,Clear,0.18,9.22,1.1,33.2,95.2
2026-04-03 03:03:19,GAYA,Fog,0.47,5.63,1.2,29.7,59.2
2026-01-02 09:17:22,GAYA,Rain,0.32,6.31,13.4,22.3,57.7
2026-05-25 12:48:01,GAYA,Clear,0.49,6.04,0.6,27.7,53.3
2026-01-30 11:01:55,GAYA,Clear,0.44,6.44,1.0,24.1,41.6
2026-06-12 01:18:46,GAYA,Clear,0.27,7.37,1.0,26.2,78.5
2026-05-10 22:17:38,GAYA,Cloudy,0.42,7.06,0.3,27.7,93.5
2026-01-18 11:19:30,GAYA,Clear,0.18,7.59,0.7,17.9,41.3
2026-03-29 01:15:28,GAYA,Clear,0.42,6.08,0.1,16.9,84.7
2026-06-30 19:38:04,GAYA,Fog,0.58,5.59,0.4,32.0,83.8
2026-05-06 05:29:35,GAYA,Fog,0.55,5.07,0.9,36.0,35.6
2026-03-24 10:26:56,GAYA,Cloudy,0.22,8.1,1.0,25.3,94.8
2026-05-07 22:11:52,GAYA,Clear,0.18,9.18,0.9,10.5,52.4
2026-01-18 08:36:32,GAYA,Clear,0.35,7.36,1.0,32.8,88.9
2026-05-17 11:45:14,GAYA,Clear,0.25,7.49,0.9,26.9,52.8
2026-02-15 14:52:29,GAYA,Clear,0.17,8.59,1.0,21.1,78.6
2026-01-27 05:22:40,GAYA,Clear,0.36,6.89,0.9,23.7,69.4
2026-06-14 13:32:08,GAYA,Cloudy,0.22,8.15,1.2,14.5,54.5
2026-06-22 15:49:07,GAYA,Clear,0.15,8.52,1.2,18.6,71.2
2026-02-23 21:52:18,GAYA,Cloudy,0.24,8.21,0.2,22.4,61.3
2026-03-18 11:36:49,GAYA,Clear,0.12,8.72,1.1,21.8,36.3
2026-03-10 03:49:19,GAYA,Cloudy,0.33,6.08,0.2,17.4,79.7
2026-04-23 18:23:46,GAYA,Fog,0.98,2.4,1.4,15.2,39.9
2026-04-20 11:17:27,GAYA,Cloudy,0.22,7.94,1.4,16.4,80.9
2026-03-05 13:29:12,GAYA,Fog,0.47,6.41,0.7,22.8,38.5
2026-03-21 13:18:17,GAYA,Rain,0.33,6.11,2.5,36.6,100.0
2026-02-26 18:10:41,GAYA,Cloudy,0.15,9.01,0.5,28.8,54.9
2026-02-17 20:23:24,GAYA,Clear,0.13,8.03,1.1,35.2,70.4
2026-06-03 03:58:42,GAYA,Rain,0.16,7.94,3.0,41.6,38.3
2026-02-25 12:47:25,GAYA,Cloudy,0.31,7.36,1.2,23.7,50.9
2026-01-19 13:01:54,GAYA,Fog,0.61,4.56,0.9,14.6,63.0
2026-06-21 09:23:49,GAYA,Cloudy,0.09,8.72,0.9,18.4,59.5
2026-01-06 03:47:32,GAYA,Clear,0.17,8.5,0.0,11.2,59.7
2026-05-01 22:45:25,GAYA,Clear,0.47,6.14,0.4,21.7,50.3
2026-03-25 08:42:20,GAYA,Clear,0.25,7.9,1.5,48.3,85.6
2026-01-13 12:23:18,GAYA,Clear,0.34,7.19,0.6,18.9,69.5
2026-05-10 04:20:56,GAYA,Clear,0.23,8.23,1.4,24.7,44.9
2026-04-24 15:02:24,GAYA,Clear,0.34,8.04,0.2,26.4,81.8
2026-01-02 11:42:26,GAYA,Cloudy,0.27,7.97,0.7,19.0,72.8
2026-01-11 11:43:41,GAYA,Clear,0.22,8.44,0.9,16.1,87.3
2026-03-09 12:53:37,GAYA,Clear,0.3,6.79,1.0,16.4,93.3
2026-02-26 19:02:16,GAYA,Clear,0.04,9.1,1.1,11.3,44.3
2026-06-01 06:35:49,GAYA,Fog,0.55,5.02,0.1,22.8,84.3
2026-02-16 05:43:15,GAYA,Cloudy,0.63,4.76,0.9,19.4,56.9
2026-05-06 10:43:14,GAYA,Cloudy,0.3,7.39,0.9,29.9,70.1
2026-05-23 11:56:08,GAYA,Cloudy,0.31,7.43,0.5,23.9,79.3
2026-05-04 15:17:13,GAYA,Clear,0.08,8.91,1.0,21.5,71.5
2026-05-07 07:42:27,GAYA,Cloudy,0.45,6.4,1.1,33.3,46.8
2026-05-26 12:21:02,GAYA,Cloudy,0.02,9.8,0.2,10.5,20.0
2026-05-11 03:47:22,GAYA,Clear,0.48,6.26,0.9,26.6,100.0
2026-06-20 15:03:30,GAYA,Cloudy,0.38,6.57,0.7,35.5,46.4
2026-01-16 11:11:25,GAYA,Fog,0.78,2.89,0.5,18.7,86.3
2026-04-16 23:50:35,GAYA,Clear,0.39,6.37,1.5,40.8,50.9
2026-02-13 02:33:28,GAYA,Fog,0.53,5.31,0.2,26.7,84.3
2026-06-18 04:41:46,GAYA,Clear,0.12,8.91,0.8,16.2,54.1
2026-03-03 01:55:13,GAYA,Clear,0.39,6.91,0.6,21.8,100.0
2026-06-28 07:15:13,GAYA,Cloudy,0.2,7.65,1.5,22.5,90.7
2026-02-25 08:30:03,GAYA,Clear,0.27,7.5,0.1,22.4,67.2
2026-01-03 06:11:03,GAYA,Rain,0.22,6.3,6.4,23.8,49.5
2026-04-03 00:50:51,GAYA,Rain,0.1,7.89,4.5,9.8,45.2
2026-02-15 08:09:50,GAYA,Cloudy,0.46,5.35,0.1,22.3,69.9
2026-03-10 11:03:29,GAYA,Cloudy,0.21,7.85,1.4,31.1,68.4
2026-01-06 07:14:35,GAYA,Clear,0.22,7.87,0.8,19.6,67.0
2026-04-24 02:47:49,GAYA,Clear,0.39,6.2,0.6,44.0,60.2
2026-05-13 08:15:47,GAYA,Clear,0.25,8.26,1.4,25.9,56.8
2026-05-22 15:04:39,GAYA,Cloudy,0.17,8.94,0.5,27.2,61.0
2026-06-21 20:20:54,GAYA,Fog,0.44,6.3,0.4,23.5,78.6
2026-06-14 09:50:32,GAYA,Clear,0.29,7.01,0.6,22.1,59.5
2026-02-06 12:56:16,GAYA,Clear,0.11,9.59,0.8,22.8,44.4
2026-05-27 22:36:38,GAYA,Fog,0.52,5.5,1.1,25.2,58.5
2026-04-16 05:13:20,GAYA,Clear,0.21,8.12,1.0,26.2,93.9
2026-03-25 20:32:52,GAYA,Clear,0.53,5.64,1.2,28.8,59.6
2026-05-27 08:28:21,GAYA,Clear,0.49,5.85,1.3,23.7,52.3
2026-05-13 10:22:14,GAYA,Cloudy,0.43,6.17,1.1,23.5,47.1
2026-01-07 20:25:06,GAYA,Fog,0.48,6.06,1.4,34.3,80.0
2026-03-30 21:14:15,GAYA,Fog,0.48,6.13,1.4,21.9,47.8
2026-02-03 16:56:19,GAYA,Clear,0.23,7.54,1.1,33.0,69.0
2026-04-23 01:30:30,GAYA,Clear,0.32,6.89,0.7,35.1,62.5
2026-04-28 09:57:58,GAYA,Clear,0.27,7.26,1.4,22.2,56.0
2026-03-09 04:53:44,GAYA,Clear,0.3,7.68,0.2,27.5,68.2
2026-06-27 07:11:14,GAYA,Rain,0.33,6.52,3.0,24.1,66.3
2026-05-15 08:44:30,GAYA,Clear,0.52,5.75,1.1,31.1,72.4
2026-01-04 23:35:23,GAYA,Cloudy,0.52,5.26,0.7,18.5,59.3
2026-01-03 22:10:48,GAYA,Clear,0.2,8.49,0.3,20.1,53.0
2026-06-18 09:00:20,GAYA,Fog,0.64,4.56,1.2,14.7,64.3
2026-06-30 00:01:26,GAYA,Clear,0.23,7.59,1.5,22.1,95.1
2026-03-30 06:14:28,GAYA,Clear,0.4,6.82,1.2,26.8,95.9
2026-04-20 10:19:54,GAYA,Clear,0.51,6.12,0.8,15.0,65.4
2026-04-02 12:57:31,GAYA,Clear,0.12,9.65,0.3,29.9,45.8
2026-01-06 11:07:45,GAYA,Clear,0.71,4.25,0.8,24.6,52.9
2026-01-17 04:09:32,GAYA,Clear,0.12,8.33,0.1,20.4,59.0
2026-04-29 15:25:49,GAYA,Clear,0.37,7.29,0.6,11.5,73.6
2026-06-23 00:47:27,GAYA,Clear,0.41,6.29,1.4,23.2,68.4
2026-04-27 13:59:28,GAYA,Clear,0.41,6.98,1.4,34.1,92.3
2026-03-17 13:46:18,GAYA,Cloudy,0.12,8.79,0.9,38.4,76.4
2026-02-01 18:24:28,GAYA,Clear,0.17,8.25,1.3,27.0,67.2
2026-01-18 03:36:48,GAYA,Rain,0.07,7.65,7.7,33.8,53.5
2026-05-22 15:25:45,GAYA,Cloudy,0.39,6.44,0.7,37.4,80.8
2026-02-16 17:52:35,GAYA,Clear,0.3,6.81,1.1,27.5,81.9
2026-03-18 16:03:10,GAYA,Clear,0.18,8.49,1.1,26.6,73.1
2026-06-18 01:12:54,GAYA,Rain,0.4,4.97,5.2,34.7,45.8
2026-03-09 15:56:48,GAYA,Fog,0.54,4.93,0.2,23.0,98.0
2026-04-02 13:30:31,GAYA,Clear,0.19,8.39,0.8,30.5,100.0
2026-06-05 06:44:08,GAYA,Clear,0.24,7.31,0.7,33.6,76.3
2026-01-02 11:12:18,GAYA,Cloudy,0.09,8.25,0.4,32.8,50.6
2026-03-15 05:20:07,GAYA,Clear,0.36,7.17,0.2,33.0,78.2
2026-04-26 07:20:02,GAYA,Clear,0.25,8.26,1.1,31.2,24.8
2026-02-12 15:00:13,GAYA,Clear,0.54,4.95,1.5,21.8,74.0
2026-04-14 21:19:48,GAYA,Cloudy,0.63,4.28,1.1,30.5,50.9
2026-05-20 23:38:53,GAYA,Cloudy,0.38,7.17,0.1,6.5,80.0
2026-01-21 20:29:58,GAYA,Clear,0.2,8.36,0.7,28.7,62.0
2026-02-09 08:08:22,GAYA,Clear,0.32,7.27,1.4,20.8,68.5
2026-03-08 15:30:53,GAYA,Clear,0.33,6.67,0.3,21.7,83.0
2026-06-04 01:58:33,GAYA,Clear,0.26,8.32,1.4,35.3,36.6
2026-04-07 13:38:41,GAYA,Rain,0.3,7.11,12.8,29.5,86.1
2026-02-23 14:01:35,GAYA,Cloudy,0.61,4.95,0.7,11.6,96.9
2026-03-31 02:36:43,GAYA,Clear,0.33,6.97,0.5,28.6,85.8
2026-06-29 10:55:47,GAYA,Rain,0.09,8.13,14.4,20.2,35.3
2026-06-24 19:15:06,GAYA,Clear,0.22,8.03,0.9,22.4,71.0
2026-04-30 17:43:48,GAYA,Cloudy,0.25,7.58,0.5,34.0,64.0
2026-06-28 21:20:43,GAYA,Clear,0.63,4.07,0.8,24.4,81.2
2026-02-09 12:38:17,GAYA,Clear,0.32,7.6,1.4,13.5,58.7
2026-05-18 06:36:01,GAYA,Fog,0.75,3.3,0.9,23.8,77.3
2026-01-29 01:14:23,GAYA,Cloudy,0.48,5.53,1.1,20.1,81.7
2026-02-02 13:04:04,GAYA,Rain,0.45,5.68,14.8,30.3,73.3
2026-01-04 07:22:18,GAYA,Clear,0.23,8.86,1.2,13.2,62.0
2026-04-17 16:03:01,GAYA,Fog,0.52,6.0,0.0,16.8,60.1
2026-02-27 07:41:11,GAYA,Clear,0.07,10.17,0.2,31.2,20.0
2026-06-17 03:31:52,GAYA,Clear,0.14,8.93,1.2,25.4,40.8
2026-03-31 01:09:37,GAYA,Fog,0.68,4.31,0.7,6.3,97.7
2026-04-27 11:15:30,GAYA,Clear,0.29,7.66,0.9,21.6,93.5
2026-06-28 06:37:09,GAYA,Cloudy,0.11,9.32,0.0,37.1,71.0
2026-06-23 10:15:18,GAYA,Rain,0.25,7.06,8.9,35.3,65.7
2026-06-28 13:46:18,GAYA,Clear,0.51,5.17,0.7,23.7,88.0
2026-05-16 20:35:44,GAYA,Fog,0.39,6.64,1.3,17.5,41.3
2026-04-17 01:56:16,GAYA,Fog,0.36,7.04,0.2,36.8,62.7
2026-03-21 16:55:23,GAYA,Cloudy,0.35,7.07,1.4,23.5,68.2
2026-02-22 11:35:04,GAYA,Rain,0.07,8.58,1.9,23.2,64.2
2026-04-04 15:52:13,GAYA,Cloudy,0.78,3.86,1.1,11.9,61.3
2026-04-21 17:01:14,GAYA,Clear,0.03,10.3,1.3,28.7,84.4
2026-01-20 11:52:28,GAYA,Cloudy,0.56,5.19,1.5,30.7,45.3
2026-03-15 05:21:55,GAYA,Rain,0.13,8.35,2.0,19.0,64.7
2026-03-13 21:39:29,GAYA,Fog,0.67,4.16,0.8,25.7,69.6
2026-01-25 19:43:42,GAYA,Clear,0.08,9.14,0.4,25.3,72.9
2026-03-05 22:05:21,GAYA,Cloudy,0.28,8.17,0.5,10.4,55.8
2026-01-27 23:07:26,GAYA,Clear,0.48,5.12,0.8,24.3,65.9
2026-04-22 00:29:42,GAYA,Clear,0.21,8.29,0.1,27.1,60.1
2026-03-19 05:44:36,GAYA,Cloudy,0.24,7.67,0.7,33.1,100.0
2026-01-28 12:17:42,GAYA,Clear,0.16,8.39,1.2,17.6,78.1
2026-03-16 02:29:22,GAYA,Rain,0.22,6.82,10.7,8.8,51.4
2026-05-06 21:37:50,GAYA,Rain,0.14,7.54,16.0,16.0,97.0
2026-03-30 12:09:02,GAYA,Clear,0.07,8.97,0.8,25.3,20.0
2026-01-18 05:24:16,GAYA,Rain,0.29,6.19,4.8,23.7,66.6
2026-06-28 16:52:55,GAYA,Rain,0.12,7.16,3.9,22.8,51.3
2026-02-05 15:39:57,GAYA,Rain,0.66,3.68,21.9,10.9,43.7
2026-06-07 18:38:17,GAYA,Clear,0.41,5.96,0.7,20.5,40.5
2026-06-07 22:05:28,GAYA,Clear,0.29,7.29,1.1,16.9,64.3
2026-01-14 20:44:14,GAYA,Clear,0.06,9.82,1.3,22.9,58.5
2026-04-06 07:12:15,GAYA,Fog,0.37,7.21,0.3,28.9,87.4
2026-01-14 13:12:13,GAYA,Clear,0.27,7.04,0.3,30.8,48.5
2026-02-27 18:40:59,GAYA,Clear,0.28,7.69,0.5,17.3,84.0
2026-02-07 22:37:43,GAYA,Cloudy,0.4,7.51,0.7,5.8,43.7
2026-02-11 14:47:48,GAYA,Clear,0.19,8.03,0.6,17.5,64.2
2026-06-11 08:22:33,GAYA,Clear,0.1,9.96,0.2,14.9,69.1
2026-05-14 18:40:48,GAYA,Clear,0.06,9.27,1.4,24.0,65.7
2026-01-16 10:08:58,GAYA,Cloudy,0.15,8.07,0.5,17.9,42.2
2026-02-28 14:46:03,GAYA,Clear,0.19,7.71,1.5,36.2,65.5
2026-01-20 12:59:58,GAYA,Clear,0.43,6.65,0.4,3.9,97.9
2026-06-09 16:19:15,GAYA,Clear,0.24,8.3,0.9,32.7,64.8
2026-02-18 23:08:24,GAYA,Cloudy,0.13,9.47,1.4,25.0,84.5
2026-04-06 20:17:40,GAYA,Clear,0.17,8.29,0.7,18.1,56.0
2026-06-26 20:11:22,GAYA,Clear,0.44,5.96,1.1,25.4,65.6
2026-05-01 19:40:34,GAYA,Clear,0.29,8.13,1.5,19.0,93.0
2026-05-08 15:57:29,GAYA,Rain,0.41,5.31,10.0,24.8,43.8
2026-05-11 01:41:41,GAYA,Cloudy,0.69,3.83,1.0,28.0,56.9
2026-04-11 04:20:39,GAYA,Rain,0.13,7.5,36.2,17.1,66.8
2026-02-06 03:39:06,GAYA,Clear,0.33,6.83,1.2,11.6,57.9
2026-05-26 10:57:56,GAYA,Clear,0.32,7.26,0.8,20.3,63.1
2026-05-20 15:39:22,GAYA,Fog,0.68,4.46,1.2,17.9,54.5
2026-04-28 17:36:34,GAYA,Clear,0.35,6.85,0.1,23.9,74.7
2026-01-11 16:14:15,GAYA,Cloudy,0.27,8.11,0.5,33.0,61.1
2026-02-19 11:31:43,GAYA,Clear,0.04,9.35,0.2,26.6,46.2
2026-02-12 02:21:35,GAYA,Rain,0.23,6.43,8.1,25.2,50.3
2026-04-18 00:22:58,GAYA,Clear,0.41,6.47,1.2,26.8,56.4
2026-03-13 05:32:49,GAYA,Fog,0.85,2.52,0.9,36.2,63.5
2026-02-26 10:44:29,GAYA,Clear,0.22,8.3,0.0,13.8,24.5
2026-04-10 21:19:24,GAYA,Clear,0.43,6.93,0.7,32.7,29.8
2026-05-04 16:42:06,GAYA,Clear,0.04,9.8,0.2,35.9,63.9
2026-01-21 07:17:01,GAYA,Clear,0.51,6.05,0.1,36.7,99.5
2026-06-02 02:12:25,GAYA,Cloudy,0.11,9.08,0.6,17.4,49.4
2026-01-24 01:01:28,GAYA,Cloudy,0.2,8.51,0.7,27.2,37.3
2026-02-03 16:44:59,GAYA,Clear,0.13,9.03,1.3,17.9,37.9
2026-01-01 01:27:48,GAYA,Cloudy,0.08,9.75,1.2,24.3,84.1
2026-02-10 20:57:51,GAYA,Cloudy,0.26,6.97,0.4,12.4,51.2
2026-03-14 08:01:59,GAYA,Clear,0.16,8.44,1.0,19.3,53.6
2026-05-01 18:28:29,GAYA,Clear,0.34,6.96,0.5,10.2,57.2
2026-04-19 15:13:49,GAYA,Rain,0.34,5.88,4.2,30.0,68.0
2026-04-19 08:37:46,GAYA,Cloudy,0.14,9.34,0.0,12.2,20.0
2026-06-02 15:20:48,GAYA,Cloudy,0.56,5.11,0.3,32.2,70.2
2026-03-03 17:41:57,GAYA,Clear,0.16,9.55,1.3,41.8,79.8
2026-01-21 08:27:31,GAYA,Clear,0.42,7.31,0.1,22.7,41.1
2026-03-29 20:49:56,GAYA,Cloudy,0.24,7.46,1.0,37.3,61.4
2026-04-22 03:44:18,GAYA,Cloudy,0.44,5.72,0.0,16.7,50.2
2026-02-06 01:49:25,GAYA,Clear,0.14,8.42,1.4,32.4,84.2
2026-05-29 01:07:40,GAYA,Cloudy,0.4,6.92,1.0,16.5,100.0
2026-02-23 22:59:25,GAYA,Rain,0.41,4.99,30.6,32.5,58.2
2026-01-19 20:19:36,GAYA,Rain,0.23,7.08,2.8,30.6,55.2
2026-05-14 08:20:38,GAYA,Clear,0.22,7.63,0.4,14.5,50.0
2026-02-14 12:10:30,GAYA,Fog,0.48,5.97,0.7,30.1,64.3
2026-02-01 07:51:24,GAYA,Clear,0.61,5.25,1.3,14.9,38.2
2026-05-17 13:28:32,GAYA,Cloudy,0.24,7.61,0.9,21.0,41.6
2026-06-07 16:16:54,GAYA,Clear,0.08,9.37,0.0,23.8,70.9
2026-01-16 18:43:50,GAYA,Clear,0.1,8.53,1.5,24.9,98.0
2026-06-01 19:03:03,GAYA,Clear,0.39,6.54,1.1,7.4,73.7
2026-01-12 04:26:35,GAYA,Clear,0.33,7.46,0.6,28.6,36.9
2026-01-04 10:47:28,GAYA,Clear,0.31,7.02,0.1,41.8,59.3
2026-05-19 20:02:28,GAYA,Clear,0.39,7.21,1.1,26.1,84.5
2026-05-11 12:58:45,GAYA,Clear,0.22,8.27,1.0,13.9,63.0
2026-06-13 19:57:07,GAYA,Cloudy,0.36,6.54,0.1,21.8,90.0
2026-06-04 17:33:45,GAYA,Clear,0.12,9.61,0.9,17.0,51.6
2026-04-13 17:55:35,GAYA,Clear,0.27,7.9,0.6,25.3,53.9
2026-02-18 02:09:21,GAYA,Clear,0.35,7.3,0.8,25.6,77.6
2026-03-10 01:52:49,GAYA,Clear,0.13,9.71,0.4,19.9,36.4
2026-03-06 19:31:23,GAYA,Cloudy,0.13,8.68,1.0,21.4,31.0
2026-04-01 19:59:37,GAYA,Clear,0.44,6.09,0.7,30.9,73.6
2026-01-17 19:08:29,GAYA,Cloudy,0.2,8.55,1.2,14.5,64.5
2026-05-12 10:27:46,GAYA,Clear,0.45,6.5,1.0,23.3,70.7
2026-04-03 18:30:56,GAYA,Clear,0.32,7.38,0.2,18.7,64.0
2026-02-19 14:33:35,GAYA,Clear,0.08,9.63,0.6,17.7,54.6
2026-05-31 23:51:15,GAYA,Clear,0.27,7.25,0.4,10.3,61.5
2026-05-18 11:17:07,GAYA,Clear,0.36,6.88,0.5,22.6,56.8
2026-06-09 00:11:11,GAYA,Cloudy,0.08,10.42,0.7,40.0,49.2
2026-05-27 13:36:02,GAYA,Clear,0.28,7.61,1.2,12.6,56.6
2026-06-12 04:06:21,GAYA,Rain,0.04,8.83,0.5,30.5,69.3
2026-05-21 13:18:47,GAYA,Cloudy,0.04,9.77,1.3,19.8,39.9
2026-03-22 02:35:38,GAYA,Clear,0.21,8.25,1.0,31.2,51.6
2026-02-16 04:11:31,GAYA,Cloudy,0.4,5.3,1.1,17.8,26.3
2026-05-27 08:30:38,GAYA,Fog,0.54,4.81,1.1,21.4,87.7
2026-05-13 21:04:30,GAYA,Clear,0.04,9.45,0.4,29.1,92.2
2026-01-02 03:20:06,GAYA,Clear,0.44,5.99,1.1,21.8,91.9
2026-01-08 23:47:29,GAYA,Cloudy,0.27,8.26,1.1,9.7,74.6
2026-01-08 02:10:57,GAYA,Clear,0.21,7.17,0.8,20.5,45.9
2026-05-30 05:35:27,GAYA,Clear,0.18,8.4,0.1,24.9,53.4
2026-05-24 00:08:23,GAYA,Rain,0.09,7.67,3.0,6.3,41.9
2026-06-14 03:46:22,GAYA,Cloudy,0.2,7.9,0.5,26.5,66.7
2026-01-14 02:25:27,GAYA,Cloudy,0.17,8.9,0.4,37.7,43.2
2026-03-26 18:35:37,GAYA,Cloudy,0.06,9.8,1.0,17.6,41.9
2026-04-04 05:30:18,GAYA,Cloudy,0.19,8.85,0.5,10.9,74.7
2026-06-12 20:15:33,GAYA,Clear,0.42,6.54,0.6,23.3,36.3
2026-04-26 02:01:31,GAYA,Rain,0.09,8.19,5.6,31.6,60.4
2026-03-03 15:32:38,GAYA,Clear,0.19,9.49,0.8,20.7,35.0
2026-04-04 09:09:26,GAYA,Rain,0.45,4.62,12.3,30.1,90.2
2026-01-22 14:58:19,GAYA,Clear,0.15,8.62,0.6,24.8,87.1
2026-03-22 16:00:08,GAYA,Clear,0.15,7.54,1.2,29.9,35.1
2026-02-14 19:36:43,GAYA,Cloudy,0.28,7.37,0.2,28.0,54.2
2026-05-08 05:13:01,GAYA,Clear,0.23,8.27,0.9,15.9,46.7
2026-06-17 05:01:26,GAYA,Fog,0.79,2.72,1.0,10.4,94.0
2026-03-20 11:58:20,GAYA,Clear,0.17,8.56,0.5,38.4,49.9
2026-01-26 19:49:08,GAYA,Clear,0.21,7.93,1.0,12.1,100.0
2026-04-25 01:14:49,GAYA,Cloudy,0.23,8.3,0.6,20.8,38.0
2026-02-11 06:40:06,GAYA,Fog,0.59,5.26,1.3,21.4,96.7
2026-03-23 19:15:02,GAYA,Clear,0.21,8.15,1.1,7.3,50.9
2026-05-09 16:13:24,GAYA,Clear,0.07,9.53,0.4,12.6,37.8
2026-01-25 19:25:58,GAYA,Cloudy,0.36,6.58,1.0,-2.2,74.1
2026-02-19 21:18:32,GAYA,Rain,0.41,5.46,4.2,16.0,64.2
2026-02-17 11:04:46,GAYA,Clear,0.22,7.93,0.9,11.7,100.0
2026-04-27 20:50:24,GAYA,Clear,0.31,6.49,1.4,18.3,61.2
2026-04-04 19:49:17,GAYA,Fog,0.56,4.72,0.4,25.7,36.1
2026-04-06 06:30:33,GAYA,Fog,1.0,1.89,0.6,22.6,38.9
2026-03-12 20:10:22,GAYA,Rain,0.23,6.86,3.6,18.2,79.4
2026-04-09 23:37:18,GAYA,Clear,0.62,5.11,0.6,16.6,72.7
2026-04-22 20:56:02,GAYA,Rain,0.45,5.26,4.6,24.7,83.1
2026-06-29 20:52:12,GAYA,Clear,0.16,7.81,0.9,29.1,62.7
2026-04-25 09:27:48,GAYA,Clear,0.34,7.67,1.0,44.6,79.8
2026-05-22 15:09:50,GAYA,Fog,0.53,5.91,0.6,18.3,62.5
2026-02-25 10:11:16,GAYA,Cloudy,0.45,5.92,1.3,33.2,80.4
2026-02-17 02:19:08,GAYA,Clear,0.16,9.37,0.9,26.4,66.8
2026-02-14 12:27:45,GAYA,Clear,0.23,7.87,0.9,37.5,57.9
2026-06-17 13:58:40,GAYA,Clear,0.4,7.18,1.3,18.9,66.3
2026-05-06 08:39:31,GAYA,Clear,0.61,5.14,0.7,29.3,52.1
2026-03-15 15:32:07,GAYA,Clear,0.09,9.06,1.2,22.0,50.4
2026-03-19 07:58:21,GAYA,Clear,0.63,4.34,0.1,18.7,42.5
2026-02-13 08:10:06,GAYA,Fog,0.61,5.49,1.4,39.1,79.6
2026-01-02 01:25:34,GAYA,Fog,0.5,6.42,0.8,31.8,80.4
2026-03-21 12:48:58,GAYA,Cloudy,0.3,7.63,0.0,29.8,82.4
2026-06-13 03:09:11,GAYA,Rain,0.39,4.97,12.3,18.3,88.3
2026-01-13 17:05:32,GAYA,Clear,0.48,6.04,1.1,22.2,66.2
2026-03-07 21:13:13,GAYA,Clear,0.13,9.64,1.1,18.7,69.2
2026-01-01 20:04:26,GAYA,Rain,0.38,5.67,6.5,31.4,90.8
2026-01-14 04:40:50,GAYA,Cloudy,0.44,6.42,0.4,19.7,99.5
2026-06-21 04:47:10,GAYA,Clear,0.32,7.7,0.9,26.1,74.1
2026-01-23 10:58:18,GAYA,Rain,0.2,7.41,11.5,28.8,66.1
2026-01-10 17:38:08,GAYA,Cloudy,0.51,5.68,1.4,8.1,80.4
2026-02-05 15:19:33,GAYA,Rain,0.42,5.41,7.0,32.6,91.8
2026-06-02 13:33:34,GAYA,Cloudy,0.57,4.59,1.0,21.8,85.7
2026-04-04 04:59:58,GAYA,Cloudy,0.24,7.24,1.0,19.4,79.0
2026-01-03 03:20:12,GAYA,Fog,0.6,5.37,0.1,29.4,71.2
2026-05-27 04:35:39,GAYA,Clear,0.42,6.66,0.5,28.4,75.5
2026-06-27 07:24:47,GAYA,Clear,0.21,9.02,1.1,31.3,59.3
2026-03-08 02:40:26,GAYA,Clear,0.3,7.72,1.3,26.8,72.2
2026-02-04 03:16:29,GAYA,Clear,0.23,8.52,1.5,21.6,28.7
2026-01-17 16:23:52,GAYA,Clear,0.33,7.57,0.3,25.3,73.8
2026-05-25 12:58:35,GAYA,Rain,0.27,5.66,6.5,20.3,70.2
2026-04-09 03:40:25,GAYA,Clear,0.34,7.33,1.4,20.8,90.3
2026-03-11 00:22:40,GAYA,Clear,0.3,6.96,1.0,22.3,66.8
2026-05-05 17:50:24,GAYA,Fog,0.41,6.17,0.4,20.1,71.6
2026-05-17 11:47:53,GAYA,Clear,0.11,8.23,0.3,26.8,44.8
2026-05-21 00:48:57,GAYA,Cloudy,0.16,9.33,1.0,25.4,55.2
2026-02-22 18:10:02,GAYA,Cloudy,0.1,9.22,0.4,40.8,65.5
2026-03-01 18:16:06,GAYA,Clear,0.19,7.65,0.8,25.2,44.3
2026-05-16 18:54:04,GAYA,Clear,0.12,9.5,0.5,25.4,72.5
2026-06-17 18:53:34,GAYA,Clear,0.07,9.18,0.6,29.3,35.5
2026-06-26 02:49:52,GAYA,Cloudy,0.05,8.68,0.6,23.8,62.5
2026-02-08 08:51:52,GAYA,Clear,0.07,9.77,1.5,28.5,59.8
2026-01-03 07:11:53,GAYA,Clear,0.29,7.2,1.3,25.4,62.9
2026-01-28 23:53:24,GAYA,Clear,0.14,8.83,0.6,17.6,88.0
2026-02-02 07:37:42,GAYA,Clear,0.32,7.81,0.8,27.4,51.5
2026-04-12 12:48:08,GAYA,Clear,0.48,6.18,0.4,40.8,47.6
2026-01-20 06:52:34,GAYA,Cloudy,0.17,7.9,0.7,23.6,22.2
2026-04-15 00:58:05,GAYA,Fog,1.0,0.7,0.3,31.9,50.6
2026-06-13 14:00:25,GAYA,Fog,0.49,5.84,0.6,14.4,42.3
2026-03-02 07:59:34,GAYA,Fog,0.54,5.3,1.4,32.1,84.2
2026-04-03 14:44:26,GAYA,Clear,0.24,8.28,0.8,28.2,60.5
2026-04-26 11:33:20,GAYA,Clear,0.56,5.54,1.3,20.2,70.6
2026-01-01 02:03:50,GAYA,Clear,0.46,6.38,1.2,15.0,80.2
2026-04-17 05:15:43,GAYA,Clear,0.45,5.86,0.7,36.0,72.7
2026-01-29 11:54:29,GAYA,Clear,0.38,6.12,0.1,16.5,60.3
2026-04-01 21:02:30,GAYA,Rain,0.44,5.36,2.9,32.2,100.0
2026-06-07 15:04:00,GAYA,Clear,0.35,7.39,1.4,20.4,64.6
2026-03-06 19:48:35,GAYA,Fog,0.48,6.05,0.7,27.3,73.5
2026-05-05 10:32:33,GAYA,Cloudy,0.33,7.41,1.1,20.9,75.4
2026-01-11 16:56:17,GAYA,Clear,0.18,8.19,0.5,29.9,52.4
2026-06-22 12:39:04,GAYA,Clear,0.18,7.82,1.4,12.8,93.7
2026-02-23 21:38:46,GAYA,Rain,0.19,6.83,3.0,22.8,78.6
2026-06-17 19:17:42,GAYA,Rain,0.56,3.68,11.0,34.5,80.3
2026-02-09 08:20:51,GAYA,Rain,0.51,4.03,5.1,16.4,93.4
2026-06-03 19:15:51,GAYA,Clear,0.15,8.31,1.3,21.1,38.9
2026-04-20 19:27:54,GAYA,Cloudy,0.4,5.76,0.9,22.6,65.2
2026-03-03 20:51:49,GAYA,Rain,0.13,7.98,2.3,29.7,61.4
2026-02-03 05:56:59,GAYA,Cloudy,0.46,6.8,0.3,17.7,34.8
2026-01-25 14:50:53,GAYA,Cloudy,0.63,4.57,0.6,16.2,100.0
2026-01-28 01:20:43,GAYA,Rain,0.08,8.24,9.4,25.9,60.5
2026-06-08 02:12:20,GAYA,Clear,0.49,5.68,1.4,21.4,31.2
2026-05-01 11:56:20,GAYA,Clear,0.09,9.42,1.0,17.0,60.5
2026-05-22 09:15:02,GAYA,Clear,0.12,9.1,0.6,17.8,83.9
2026-02-14 17:02:03,GAYA,Clear,0.16,8.58,0.5,26.9,92.8
2026-04-26 08:00:12,GAYA,Clear,0.36,6.78,0.2,20.1,76.3
2026-06-13 03:41:51,GAYA,Clear,0.12,8.69,0.1,14.6,53.3
2026-02-23 21:41:12,GAYA,Clear,0.24,8.33,1.5,30.6,43.0
2026-05-07 09:12:31,GAYA,Clear,0.19,8.71,1.2,11.7,29.1
2026-05-07 16:47:45,GAYA,Fog,0.55,6.46,0.8,38.0,93.3
2026-01-30 08:34:52,GAYA,Clear,0.43,6.56,0.4,20.2,81.7
2026-02-11 20:47:03,GAYA,Cloudy,0.28,7.2,0.3,31.6,86.6
2026-02-17 01:32:07,GAYA,Clear,0.42,6.69,0.1,23.0,33.5
2026-04-15 06:57:25,GAYA,Fog,0.54,5.36,0.8,28.9,66.2
2026-03-07 23:14:17,GAYA,Clear,0.38,7.4,0.6,25.3,68.7
2026-02-23 18:20:48,GAYA,Cloudy,0.18,8.56,0.7,27.5,75.7
2026-05-13 19:19:01,GAYA,Clear,0.11,9.41,0.7,31.5,58.0
2026-03-08 14:33:17,GAYA,Cloudy,0.41,6.74,0.9,7.2,73.0
2026-01-18 07:03:05,GAYA,Clear,0.4,6.64,1.0,30.2,38.9
2026-05-22 16:33:59,GAYA,Fog,0.86,2.37,1.1,10.1,98.7
2026-06-10 22:51:54,GAYA,Rain,0.39,4.98,11.8,31.8,64.0
2026-06-13 21:34:29,GAYA,Rain,0.27,6.67,16.4,26.8,59.3
2026-06-27 17:10:27,GAYA,Clear,0.1,8.76,0.2,25.2,51.1
2026-03-09 01:51:00,GAYA,Cloudy,0.53,5.0,0.9,27.8,58.9
2026-03-10 06:12:33,GAYA,Clear,0.41,6.72,0.1,14.8,98.8
2026-06-17 02:53:46,GAYA,Clear,0.22,7.62,1.4,14.2,47.2
2026-05-11 16:33:02,GAYA,Clear,0.61,4.38,0.8,33.6,72.0
2026-03-01 10:48:27,GAYA,Clear,0.21,8.62,0.6,17.3,77.9
2026-03-23 12:09:17,GAYA,Fog,0.4,6.26,0.8,32.8,65.0
2026-06-14 06:44:38,GAYA,Clear,0.32,7.06,1.4,26.1,44.7
2026-04-04 05:01:32,GAYA,Clear,0.05,9.03,1.1,27.9,41.1
2026-03-05 22:47:05,GAYA,Rain,0.07,8.18,23.7,25.0,55.8
2026-03-09 15:18:21,GAYA,Clear,0.2,7.57,0.7,24.4,36.1
2026-05-24 05:28:36,GAYA,Clear,0.09,8.72,0.5,23.4,48.0
2026-03-13 03:20:33,GAYA,Cloudy,0.6,4.72,1.3,30.1,39.8
2026-05-16 20:06:03,GAYA,Clear,0.25,7.39,0.3,19.0,64.5
2026-02-27 11:50:38,GAYA,Fog,0.64,4.31,1.4,36.3,81.1
2026-06-22 08:39:46,GAYA,Rain,0.2,7.04,13.4,21.4,62.8
2026-03-20 14:09:58,GAYA,Clear,0.09,8.73,1.0,21.9,88.1
2026-02-14 23:28:51,GAYA,Clear,0.34,7.26,0.0,27.1,73.6
2026-03-05 21:48:03,GAYA,Cloudy,0.06,9.51,0.3,26.1,66.3
2026-03-12 07:44:41,GAYA,Rain,0.15,8.07,7.7,23.9,59.0
2026-05-23 10:50:10,GAYA,Cloudy,0.29,7.82,1.2,27.8,77.3
2026-06-18 13:19:59,GAYA,Clear,0.22,7.67,0.8,28.9,31.8
2026-05-09 18:28:56,GAYA,Clear,0.38,7.29,0.3,22.9,69.5
2026-01-12 02:48:32,GAYA,Clear,0.37,6.11,1.4,26.0,75.7
2026-05-09 15:53:39,GAYA,Clear,0.36,7.42,0.2,39.6,77.7
2026-05-17 22:02:13,GAYA,Clear,0.23,7.71,1.4,15.0,67.3
2026-06-18 20:47:37,GAYA,Clear,0.17,7.79,0.7,20.3,73.6
2026-06-05 05:46:52,GAYA,Clear,0.22,8.59,1.2,34.4,59.1
2026-03-26 19:06:04,GAYA,Clear,0.49,5.81,0.3,19.2,85.8
2026-05-06 00:09:55,GAYA,Clear,0.19,7.58,0.9,37.2,65.1
2026-03-11 00:52:29,GAYA,Clear,0.19,9.2,1.3,25.9,76.1
2026-03-09 10:36:40,GAYA,Cloudy,0.06,9.43,0.7,15.6,49.7
2026-03-12 15:48:52,GAYA,Clear,0.32,7.03,0.7,41.6,76.6
2026-06-26 10:55:49,GAYA,Rain,0.02,8.62,2.0,25.7,22.9
2026-02-23 13:53:52,GAYA,Fog,0.72,4.35,0.7,15.6,76.1
2026-05-09 05:35:26,GAYA,Cloudy,0.19,8.19,0.7,26.5,72.4
2026-03-18 20:13:34,GAYA,Cloudy,0.52,5.85,0.1,25.6,69.9
2026-01-29 02:16:40,GAYA,Clear,0.08,8.99,0.3,53.4,41.2
2026-03-29 16:18:32,GAYA,Clear,0.02,9.65,0.9,17.8,59.1
2026-01-08 11:14:57,GAYA,Fog,0.47,5.95,1.0,13.0,87.7
2026-01-20 20:24:44,GAYA,Rain,0.09,8.17,2.8,18.4,65.3
2026-06-05 15:22:15,GAYA,Rain,0.35,6.22,22.5,25.6,52.7
2026-04-18 20:06:52,GAYA,Cloudy,0.28,7.74,1.1,34.2,45.4
2026-05-29 07:25:55,GAYA,Rain,0.49,4.85,10.2,32.7,70.2
2026-03-06 04:31:16,GAYA,Cloudy,0.47,5.96,0.6,20.2,44.4
2026-03-03 10:42:58,GAYA,Clear,0.28,7.1,0.3,34.9,45.4
2026-05-27 09:33:35,GAYA,Clear,0.31,7.77,0.4,14.5,59.0
2026-05-13 06:51:38,GAYA,Clear,0.34,7.62,1.3,22.3,69.1
2026-04-29 23:27:04,GAYA,Clear,0.3,6.95,0.7,24.6,87.8
2026-04-05 23:48:23,GAYA,Fog,0.83,2.98,0.0,22.9,93.7
2026-03-31 06:32:26,GAYA,Clear,0.37,5.8,1.1,30.3,69.8
2026-03-17 22:33:58,GAYA,Cloudy,0.1,8.64,1.2,13.1,55.5
2026-01-05 16:52:24,GAYA,Fog,0.59,4.85,0.2,28.6,58.9
2026-03-25 16:42:55,GAYA,Fog,0.93,2.38,1.0,15.2,76.0
2026-05-06 13:11:34,GAYA,Clear,0.32,7.11,0.7,32.0,61.2
2026-06-14 15:59:41,GAYA,Rain,0.34,6.28,3.0,25.9,73.3
2026-05-15 02:50:52,GAYA,Clear,0.39,5.86,0.2,16.8,51.0
2026-01-25 17:43:19,GAYA,Clear,0.34,7.06,0.1,20.2,62.1
2026-01-13 19:45:23,GAYA,Clear,0.3,6.34,0.1,28.0,91.3
2026-01-25 14:57:35,GAYA,Rain,0.14,7.19,10.8,26.1,89.4
2026-03-07 21:19:38,GAYA,Fog,0.55,4.97,0.7,30.1,54.4
2026-01-06 15:22:38,GAYA,Clear,0.25,8.28,0.6,27.5,53.1
2026-01-23 00:27:53,GAYA,Clear,0.16,8.6,1.4,19.3,73.8
2026-05-27 19:04:19,GAYA,Fog,0.72,4.05,0.6,16.2,76.8
2026-06-05 23:56:35,GAYA,Cloudy,0.1,10.0,0.5,9.1,61.9
2026-05-01 22:15:09,GAYA,Clear,0.56,5.25,1.4,25.2,56.9
2026-01-04 14:22:30,GAYA,Rain,0.05,7.67,10.1,14.2,63.1
2026-02-12 21:38:43,GAYA,Clear,0.48,6.02,0.7,17.3,76.0
2026-01-23 15:50:45,GAYA,Clear,0.23,7.49,0.6,22.0,60.4
2026-03-22 01:13:02,GAYA,Rain,0.28,6.65,17.3,10.5,88.2
2026-03-11 01:18:59,GAYA,Clear,0.51,4.91,0.6,16.7,68.1
2026-01-30 04:10:32,GAYA,Cloudy,0.04,9.85,0.5,17.6,53.3
2026-04-29 09:57:39,GAYA,Clear,0.09,9.06,1.3,31.8,81.4
2026-01-30 09:02:55,GAYA,Cloudy,0.32,7.53,0.8,28.5,75.5
2026-05-26 08:35:06,GAYA,Clear,0.15,9.08,1.2,28.5,60.1
2026-05-21 23:41:42,GAYA,Rain,0.22,6.96,11.6,16.7,49.9
2026-05-04 05:40:50,GAYA,Clear,0.33,6.57,1.0,31.6,78.9
2026-05-08 07:43:03,GAYA,Fog,0.52,5.39,1.3,38.1,30.5
2026-05-10 16:51:13,GAYA,Clear,0.52,5.6,0.7,19.0,66.1
2026-05-12 22:59:37,GAYA,Clear,0.25,7.46,0.8,12.7,65.3
2026-01-03 18:18:01,GAYA,Clear,0.04,9.71,0.7,24.9,71.6
2026-04-06 20:48:00,GAYA,Cloudy,0.35,6.27,0.5,42.9,67.9
2026-01-26 02:02:49,GAYA,Clear,0.09,9.15,1.1,37.1,88.5
2026-05-27 06:08:29,GAYA,Fog,0.71,3.47,1.1,19.4,65.9
2026-06-01 11:08:56,GAYA,Clear,0.07,8.97,1.2,25.4,28.8
2026-04-04 12:11:46,GAYA,Cloudy,0.3,7.25,0.7,22.9,72.4
2026-02-23 23:48:09,GAYA,Clear,0.26,7.76,1.2,25.5,38.1
2026-02-10 04:55:01,GAYA,Cloudy,0.47,6.16,0.6,18.0,64.5
2026-02-13 15:51:59,GAYA,Cloudy,0.65,4.13,0.8,21.2,87.0
2026-02-20 21:15:55,GAYA,Clear,0.15,8.4,1.2,29.9,43.8
2026-02-23 15:31:39,GAYA,Clear,0.18,8.57,1.0,18.5,58.7
2026-02-12 03:22:24,GAYA,Cloudy,0.17,8.44,1.0,24.3,82.9
2026-01-23 13:09:54,GAYA,Clear,0.37,7.33,0.4,18.8,85.6
2026-03-08 21:10:07,GAYA,Fog,0.53,6.16,1.2,25.3,46.7
2026-03-27 08:34:48,GAYA,Cloudy,0.46,5.4,0.4,18.1,57.9
2026-04-07 17:37:57,GAYA,Clear,0.3,6.72,1.3,23.9,85.9
2026-04-24 06:51:32,GAYA,Clear,0.26,7.85,0.5,13.9,100.0
2026-01-15 13:58:02,GAYA,Fog,0.61,5.17,0.1,15.5,69.7
2026-06-19 17:39:54,GAYA,Clear,0.11,8.11,0.1,6.8,62.8
2026-06-16 18:21:36,GAYA,Clear,0.2,8.32,1.4,18.1,20.3
2026-01-29 22:10:12,GAYA,Clear,0.13,8.69,0.2,47.4,61.6
2026-05-26 05:52:07,GAYA,Cloudy,0.21,9.27,0.3,28.1,51.9
2026-04-10 16:21:14,GAYA,Rain,0.46,4.48,4.8,12.6,72.5
2026-02-11 15:16:21,GAYA,Clear,0.4,6.66,0.4,21.2,70.4
2026-01-16 08:50:31,GAYA,Clear,0.37,7.42,0.4,18.3,73.7
2026-03-31 16:00:28,GAYA,Cloudy,0.54,5.09,0.4,31.4,89.3
2026-02-17 19:39:35,GAYA,Clear,0.1,9.04,1.3,32.6,27.9
2026-04-19 23:53:53,GAYA,Clear,0.04,8.82,0.5,17.8,77.9
2026-03-12 11:19:36,GAYA,Clear,0.29,7.6,1.0,23.6,74.6
2026-01-27 05:17:12,GAYA,Clear,0.32,7.07,0.3,15.6,84.7
2026-01-31 22:32:08,GAYA,Clear,0.08,9.1,0.7,26.6,59.4
2026-03-01 23:42:13,GAYA,Clear,0.36,6.53,0.1,36.5,69.6
2026-02-17 23:49:36,GAYA,Rain,0.27,7.57,2.1,19.6,77.2
2026-06-19 03:50:11,GAYA,Clear,0.38,6.79,0.9,25.3,88.0
2026-06-14 15:25:55,GAYA,Cloudy,0.1,9.86,1.2,32.3,31.3
2026-06-23 05:53:35,GAYA,Clear,0.21,8.86,0.2,27.0,64.0
2026-01-25 20:58:34,GAYA,Rain,0.64,3.52,8.3,27.0,75.2
2026-05-28 08:24:36,GAYA,Clear,0.27,7.75,1.2,20.2,67.3
2026-04-07 16:15:48,GAYA,Fog,0.48,5.62,1.2,28.7,47.3
2026-02-03 11:01:44,GAYA,Cloudy,0.44,6.38,1.3,19.9,84.5
2026-04-06 06:34:33,GAYA,Clear,0.73,3.94,0.9,42.8,71.8
2026-04-02 19:13:17,GAYA,Clear,0.25,7.79,1.2,36.0,100.0
2026-05-10 07:03:00,GAYA,Clear,0.38,6.53,1.5,24.0,52.4
2026-05-16 14:29:59,GAYA,Rain,0.23,7.26,16.3,28.5,97.5
2026-03-07 19:50:12,GAYA,Fog,0.64,3.72,0.2,27.8,77.4
2026-05-30 00:41:42,GAYA,Cloudy,0.29,7.2,1.3,36.9,47.0
2026-03-21 06:36:36,GAYA,Cloudy,0.29,7.63,0.2,23.6,65.9
2026-03-11 23:08:56,GAYA,Clear,0.14,8.5,0.8,13.7,67.1
2026-03-11 01:09:03,GAYA,Clear,0.26,7.52,1.4,28.9,55.7
2026-03-09 11:38:21,GAYA,Clear,0.13,8.39,1.1,35.7,60.3
2026-06-06 01:01:06,GAYA,Rain,0.09,8.3,16.0,21.5,54.7
2026-06-19 23:12:44,GAYA,Clear,0.17,8.23,1.2,39.1,69.9
2026-01-05 06:38:32,GAYA,Cloudy,0.12,8.88,0.8,24.2,67.9
2026-06-21 08:46:55,GAYA,Rain,0.25,6.76,1.5,20.5,45.7
2026-03-27 22:48:22,GAYA,Clear,0.08,8.88,1.0,15.8,54.9
2026-04-10 13:10:52,GAYA,Clear,0.29,7.6,0.9,22.5,53.8
2026-05-16 00:59:08,GAYA,Fog,0.47,5.37,1.2,28.1,88.1
2026-03-15 17:23:21,GAYA,Clear,0.48,5.83,1.5,14.6,59.7
2026-03-07 04:04:28,GAYA,Clear,0.16,8.28,0.9,31.9,45.4
2026-02-10 21:14:20,GAYA,Fog,0.64,4.5,0.3,15.7,80.2
2026-01-06 07:21:21,GAYA,Cloudy,0.24,8.11,1.0,28.4,63.6
2026-04-03 04:15:51,GAYA,Cloudy,0.46,6.17,0.2,24.8,90.3
2026-02-26 20:31:59,GAYA,Clear,0.23,8.6,0.1,26.8,52.4
2026-06-27 17:58:28,GAYA,Cloudy,0.16,8.38,0.5,20.6,87.1
2026-01-02 08:15:58,GAYA,Clear,0.84,2.54,0.5,12.9,89.2
2026-02-19 08:54:38,GAYA,Cloudy,0.19,8.05,0.8,22.4,38.5
2026-01-03 04:51:04,GAYA,Cloudy,0.17,8.68,0.4,28.8,52.4
2026-06-25 20:10:04,GAYA,Clear,0.25,7.95,1.1,12.5,53.8
2026-01-25 14:40:58,GAYA,Clear,0.28,7.43,1.1,27.8,74.3
2026-03-06 13:29:15,GAYA,Cloudy,0.25,8.48,1.3,14.0,51.4
2026-04-18 21:14:32,GAYA,Cloudy,0.06,9.67,0.9,14.7,42.5
2026-04-29 00:20:54,GAYA,Clear,0.19,8.96,0.8,31.6,70.9
2026-02-19 13:57:28,GAYA,Clear,0.23,8.04,0.5,12.5,29.1
2026-03-21 17:56:35,GAYA,Cloudy,0.07,8.74,0.8,20.9,38.8
2026-04-18 11:12:55,GAYA,Rain,0.18,8.09,4.4,27.8,58.4
2026-04-09 21:16:49,GAYA,Clear,0.66,4.68,0.1,17.3,94.0
2026-06-25 02:56:33,GAYA,Clear,0.36,7.35,0.3,20.7,82.5
2026-06-26 11:16:20,GAYA,Clear,0.23,8.09,0.3,27.3,87.5
2026-05-27 04:22:36,GAYA,Clear,0.44,6.03,1.4,30.8,72.5
2026-05-12 03:39:52,GAYA,Clear,0.09,8.05,1.0,38.5,53.5
2026-03-28 22:26:13,GAYA,Clear,0.16,8.04,1.4,28.4,50.1
2026-05-11 08:44:41,GAYA,Cloudy,0.22,7.25,0.7,31.3,93.6
2026-05-30 07:06:15,GAYA,Clear,0.06,9.84,0.1,27.9,62.2
2026-01-28 12:12:26,GAYA,Clear,0.15,9.88,0.9,32.1,48.3
2026-06-06 01:59:55,GAYA,Clear,0.27,8.54,1.1,32.7,61.0
2026-05-10 10:09:48,GAYA,Clear,0.36,6.28,1.4,38.7,60.7
2026-06-28 11:28:41,GAYA,Clear,0.16,8.26,0.4,25.2,71.0
2026-03-13 15:15:44,GAYA,Rain,0.44,4.75,3.4,26.7,72.0
2026-01-21 23:19:13,GAYA,Rain,0.32,6.03,1.6,19.8,62.3
2026-01-01 02:30:56,GAYA,Clear,0.15,8.9,0.8,15.5,72.2
2026-01-16 05:48:33,GAYA,Rain,0.26,5.58,2.3,18.9,80.4
2026-01-05 23:55:54,GAYA,Clear,0.55,5.09,0.8,12.0,38.4
2026-04-15 21:36:42,GAYA,Clear,0.14,9.03,0.9,19.4,78.1
2026-04-09 14:55:39,GAYA,Clear,0.1,9.02,1.1,42.3,59.8
2026-01-11 16:43:54,GAYA,Rain,0.08,8.37,4.9,38.2,51.1
2026-01-23 05:17:00,GAYA,Clear,0.34,7.01,0.7,30.6,89.5
2026-06-05 11:13:11,GAYA,Rain,0.28,7.03,7.7,17.3,63.3
2026-02-12 02:15:08,GAYA,Clear,0.06,9.22,0.3,27.7,74.2
2026-06-21 08:23:25,GAYA,Clear,0.12,9.09,0.7,30.7,64.5
2026-01-26 05:07:07,GAYA,Rain,0.6,3.9,3.4,14.7,100.0
2026-05-24 15:11:00,GAYA,Clear,0.43,6.18,0.4,24.5,67.6
2026-06-06 12:01:10,GAYA,Cloudy,0.33,7.2,0.7,22.9,48.6
2026-02-14 22:23:40,GAYA,Clear,0.52,5.75,0.9,25.9,68.6
2026-04-02 11:58:34,GAYA,Clear,0.19,8.51,0.9,16.0,69.1
2026-02-17 13:34:18,GAYA,Clear,0.38,6.18,0.2,23.6,67.1
2026-03-19 14:47:24,GAYA,Clear,0.26,7.5,0.5,7.9,91.4
2026-03-14 12:13:28,GAYA,Cloudy,0.39,6.38,0.9,19.1,58.4
2026-05-08 09:15:05,GAYA,Clear,0.4,6.19,1.1,16.3,66.3
2026-04-07 17:55:23,GAYA,Clear,0.1,9.22,0.6,30.5,96.2
2026-03-28 23:17:43,GAYA,Clear,0.38,6.43,0.2,23.6,75.8
2026-05-12 20:18:47,GAYA,Cloudy,0.26,7.51,1.3,21.0,65.7
2026-04-17 23:04:38,GAYA,Clear,0.28,7.33,1.0,23.9,84.1
2026-01-06 21:45:11,GAYA,Clear,0.22,7.41,0.1,28.5,60.9
2026-04-10 01:46:29,GAYA,Clear,0.45,6.53,0.1,15.8,87.5
2026-01-12 20:36:04,GAYA,Clear,0.06,9.9,0.4,30.2,61.1
2026-03-01 19:32:03,GAYA,Clear,0.49,5.59,0.5,23.8,76.8
2026-02-06 20:08:38,GAYA,Clear,0.36,7.8,0.1,21.6,83.7
2026-05-05 18:27:39,GAYA,Clear,0.26,9.0,1.2,14.1,54.0
2026-01-25 01:36:27,GAYA,Fog,0.55,5.43,0.2,24.8,61.9
2026-03-21 09:10:07,GAYA,Clear,0.2,8.55,1.2,46.0,38.3
2026-01-14 02:54:47,GAYA,Clear,0.41,7.6,0.5,20.2,36.7
2026-03-09 06:56:24,GAYA,Clear,0.07,9.91,0.3,28.6,88.2
2026-03-29 15:40:23,GAYA,Clear,0.38,6.09,1.3,33.1,75.8
2026-02-09 12:41:07,GAYA,Fog,0.81,2.0,0.1,34.6,81.8
2026-02-27 15:47:44,GAYA,Clear,0.3,7.6,0.3,24.4,99.0
2026-04-08 12:39:15,GAYA,Clear,0.11,9.24,0.4,23.1,70.0
2026-03-01 13:26:14,GAYA,Clear,0.13,8.85,1.0,26.3,68.9
2026-01-28 09:44:25,GAYA,Clear,0.73,3.65,1.3,28.6,49.7
2026-04-20 10:14:51,GAYA,Cloudy,0.09,8.67,0.4,27.2,46.6
2026-01-25 12:33:38,GAYA,Clear,0.33,6.7,0.5,34.9,46.6
2026-05-07 20:21:30,GAYA,Rain,0.12,7.32,8.3,24.1,68.3
