timestamp,current_station,weather,fog_index,visibility_km,rainfall_mm,temperature_c,humidity_percent
2026-03-14 01:30:31,GWL,Clear,0.13,9.5,0.4,27.2,50.7
2026-05-13 21:42:49,GWL,Fog,0.67,4.65,1.4,43.2,89.7
2026-01-11 12:19:18,GWL,Clear,0.41,7.17,0.6,18.7,84.1
2026-01-09 11:00:11,GWL,Clear,0.01,10.14,1.5,17.9,37.4
2026-04-16 17:40:00,GWL,Clear,0.33,7.81,0.8,35.3,49.0
2026-04-21 12:17:24,GWL,Clear,0.32,7.34,0.2,33.3,42.9
2026-06-04 09:13:54,GWL,Clear,0.17,9.34,1.0,22.0,73.2
2026-02-19 01:03:18,GWL,Rain,0.34,6.18,4.3,18.8,59.6
2026-01-14 20:59:48,GWL,Cloudy,0.28,8.07,1.3,15.6,71.9
2026-04-14 02:11:58,GWL,Cloudy,0.28,8.25,0.1,28.2,51.9
2026-01-26 23:10:07,GWL,Clear,0.48,5.99,1.2,33.6,66.9
2026-04-22 11:35:28,GWL,Cloudy,0.27,8.07,1.2,12.0,70.6
2026-05-31 03:43:27,GWL,Fog,0.63,4.22,1.0,35.0,93.1
2026-05-11 19:10:22,GWL,Clear,0.31,6.97,0.7,9.7,86.2
2026-01-16 12:43:30,GWL,Clear,0.37,7.31,0.2,15.5,49.3
2026-03-06 04:46:46,GWL,Rain,0.16,7.56,28.9,22.3,53.8
2026-04-15 07:57:04,GWL,Clear,0.15,9.7,0.5,37.7,27.6
2026-05-22 23:53:18,GWL,Clear,0.07,9.67,0.4,32.3,71.9
2026-04-12 02:40:33,GWL,Clear,0.37,7.88,0.8,15.1,76.7
2026-03-10 20:51:01,GWL,Clear,0.13,8.8,1.4,28.6,33.5
2026-04-05 01:22:48,GWL,Clear,0.3,7.35,0.4,33.8,55.7
2026-03-27 17:35:52,GWL,Rain,0.52,4.43,7.3,31.9,62.5
2026-06-22 21:22:05,GWL,Rain,0.19,7.75,12.3,34.9,54.9
2026-06-05 08:20:01,GWL,Cloudy,0.33,7.86,1.4,27.3,67.7
2026-01-06 19:32:15,GWL,Clear,0.1,9.37,1.4,22.4,72.7
2026-01-03 00:28:13,GWL,Cloudy,0.45,5.78,0.2,28.5,81.3
2026-06-06 17:25:27,GWL,Clear,0.08,10.11,0.1,19.3,46.4
2026-06-04 04:47:24,GWL,Clear,0.61,4.49,0.0,15.8,74.1
2026-01-30 23:46:36,GWL,Cloudy,0.56,4.65,1.3,13.5,46.0
2026-05-22 06:34:45,GWL,Cloudy,0.22,8.01,1.3,8.7,52.9
2026-06-20 04:55:06,GWL,Fog,1.0,1.77,1.2,21.9,83.9
2026-06-10 01:23:31,GWL,Clear,0.11,8.53,0.6,18.9,74.8
2026-04-10 09:17:54,GWL,Clear,0.22,8.28,1.3,25.3,56.8
2026-03-04 08:26:28,GWL,Cloudy,0.33,6.98,0.6,22.0,66.1
2026-06-28 08:42:14,GWL,Cloudy,0.23,7.93,0.6,23.2,66.3
2026-05-12 22:48:00,GWL,Clear,0.22,8.1,0.9,21.7,63.4
2026-04-26 09:27:58,GWL,Clear,0.23,8.76,0.6,24.1,97.7
2026-03-08 03:53:04,GWL,Rain,0.48,4.53,2.3,28.0,77.3
2026-03-23 01:53:21,GWL,Fog,0.8,4.36,1.4,26.3,100.0
2026-02-11 21:26:44,GWL,Cloudy,0.28,7.54,0.7,30.9,61.7
2026-02-07 15:14:51,GWL,Fog,0.58,4.44,0.6,22.5,64.7
2026-06-01 23:03:55,GWL,Clear,0.15,8.68,1.4,11.7,76.5
2026-04-19 03:18:00,GWL,Cloudy,0.38,7.03,1.3,28.3,25.9
2026-06-23 07:24:59,GWL,Rain,0.4,5.64,7.1,22.8,70.3
2026-03-13 13:13:43,GWL,Clear,0.13,9.38,0.9,23.4,74.3
2026-03-27 10:57:22,GWL,Clear,0.18,8.47,0.8,31.3,74.9
2026-04-30 23:12:50,GWL,Rain,0.34,5.61,12.6,25.4,47.4
2026-03-21 03:11:03,GWL,Cloudy,0.2,9.19,1.0,26.8,34.2
2026-06-08 00:08:56,GWL,Rain,0.2,7.1,5.5,28.5,49.3
2026-06-04 11:16:00,GWL,Cloudy,0.69,3.64,1.4,29.0,68.2
2026-06-21 14:06:02,GWL,Cloudy,0.42,5.57,0.7,26.6,67.0
2026-05-12 19:31:05,GWL,Cloudy,0.28,7.68,0.7,21.9,69.1
2026-01-29 05:47:51,GWL,Clear,0.23,7.74,1.3,35.5,70.0
2026-06-17 13:29:46,GWL,Clear,0.07,9.64,0.5,25.3,83.7
2026-05-11 22:58:57,GWL,Clear,0.04,9.81,0.1,19.7,52.5
2026-05-30 17:23:09,GWL,Fog,0.76,3.17,1.4,24.9,78.7
2026-05-28 01:19:37,GWL,Clear,0.23,8.99,0.0,20.1,56.4
2026-06-27 15:24:21,GWL,Clear,0.07,9.25,1.2,27.1,49.7
2026-01-03 08:16:10,GWL,Clear,0.38,6.6,0.4,23.4,70.1
2026-02-09 04:43:56,GWL,Fog,0.86,2.46,1.4,35.1,54.6
2026-05-18 10:29:02,GWL,Fog,0.63,4.93,0.7,14.1,95.5
2026-04-06 10:11:14,GWL,Clear,0.29,7.52,1.5,18.7,40.1
2026-06-30 03:15:13,GWL,Rain,0.04,8.35,1.7,32.5,44.0
2026-02-17 21:29:50,GWL,Rain,0.42,5.54,3.8,25.6,42.2
2026-06-14 19:16:30,GWL,Clear,0.27,8.01,0.9,28.5,50.5
2026-06-28 21:37:34,GWL,Cloudy,0.39,5.98,0.7,26.9,94.7
2026-02-06 01:38:06,GWL,Cloudy,0.34,7.58,1.1,34.8,47.1
2026-02-20 09:49:11,GWL,Fog,0.45,5.75,0.7,27.7,60.1
2026-06-30 09:12:52,GWL,Clear,0.13,8.37,0.7,29.4,54.7
2026-06-18 06:31:09,GWL,Cloudy,0.05,9.72,0.3,23.1,53.4
2026-04-16 05:51:28,GWL,Clear,0.08,9.47,0.6,26.1,60.9
2026-06-14 15:38:07,GWL,Clear,0.23,8.72,1.1,22.8,78.7
2026-05-26 08:10:21,GWL,Clear,0.33,6.86,1.4,19.7,70.5
2026-06-08 15:01:39,GWL,Cloudy,0.21,8.42,1.0,26.1,75.1
2026-03-13 02:35:15,GWL,Clear,0.28,7.56,0.4,20.9,74.9
2026-01-23 23:05:46,GWL,Clear,0.28,7.43,0.6,31.4,45.1
2026-02-19 22:04:44,GWL,Clear,0.46,5.54,1.3,21.5,36.6
2026-06-18 08:19:27,GWL,Clear,0.15,9.52,0.9,32.8,55.7
2026-04-15 20:55:33,GWL,Clear,0.28,7.42,0.8,30.2,26.7
2026-05-08 02:47:22,GWL,Cloudy,0.35,6.34,0.5,33.9,45.3
2026-03-18 23:33:20,GWL,Cloudy,0.51,5.31,0.3,20.2,96.5
2026-03-11 15:42:42,GWL,Clear,0.21,8.22,0.4,24.3,49.3
2026-02-22 21:24:00,GWL,Clear,0.18,8.89,0.4,15.2,86.3
2026-02-12 09:51:25,GWL,Fog,0.84,3.17,0.7,16.7,70.1
2026-04-19 07:11:46,GWL,Clear,0.11,9.14,0.6,28.8,54.2
2026-02-22 22:37:45,GWL,Clear,0.35,7.08,0.8,22.1,76.2
2026-02-07 08:48:01,GWL,Cloudy,0.44,6.49,0.5,43.5,83.9
2026-04-12 03:44:21,GWL,Clear,0.32,7.23,0.3,23.8,63.6
2026-06-18 16:21:54,GWL,Clear,0.3,7.44,0.3,26.7,89.6
2026-01-01 05:01:25,GWL,Clear,0.17,8.41,1.5,13.6,20.0
2026-01-13 20:28:57,GWL,Cloudy,0.19,8.75,1.1,38.0,55.3
2026-06-19 07:20:06,GWL,Cloudy,0.55,4.51,1.3,17.7,99.1
2026-06-28 03:02:38,GWL,Clear,0.16,8.52,1.4,30.5,100.0
2026-02-04 12:11:18,GWL,Clear,0.12,9.62,0.1,26.0,50.7
2026-01-31 11:58:56,GWL,Clear,0.05,10.41,1.1,24.0,65.1
2026-06-04 22:28:58,GWL,Clear,0.23,7.98,0.2,16.2,97.5
2026-05-27 04:26:22,GWL,Cloudy,0.3,7.48,0.9,22.8,38.6
2026-01-17 13:35:30,GWL,Cloudy,0.25,7.86,0.6,27.5,72.0
2026-05-20 10:12:44,GWL,Fog,0.48,5.24,1.1,14.1,63.5
2026-05-03 07:07:02,GWL,Clear,0.33,7.01,1.3,20.6,58.8
2026-03-06 16:12:30,GWL,Clear,0.2,8.1,1.2,17.7,78.6
2026-01-25 11:11:38,GWL,Clear,0.16,9.02,0.2,38.6,50.6
2026-04-09 00:21:33,GWL,Clear,0.24,8.1,1.1,21.8,80.3
2026-05-07 16:44:58,GWL,Cloudy,0.27,8.11,0.5,18.0,100.0
2026-05-02 13:15:55,GWL,Clear,0.19,7.88,0.1,30.0,34.3
2026-04-28 21:18:48,GWL,Fog,0.38,6.93,1.4,21.6,64.5
2026-04-21 11:30:25,GWL,Clear,0.34,7.0,0.1,34.0,58.5
2026-01-06 02:24:39,GWL,Clear,0.1,9.19,0.3,33.2,47.6
2026-02-27 12:28:12,GWL,Fog,0.7,4.67,0.4,24.3,68.2
2026-01-17 16:20:29,GWL,Clear,0.48,5.3,0.7,28.5,70.8
2026-06-21 13:23:31,GWL,Clear,0.11,9.4,0.4,19.0,66.0
2026-05-22 06:42:06,GWL,Rain,0.28,6.72,6.8,32.2,86.7
2026-06-17 16:42:23,GWL,Cloudy,0.17,8.26,0.0,24.4,58.5
2026-01-01 15:42:21,GWL,Clear,0.33,7.72,0.2,40.7,45.5
2026-02-24 09:53:44,GWL,Clear,0.26,7.66,1.4,19.3,74.5
2026-03-01 08:12:22,GWL,Rain,0.25,6.82,14.7,33.0,85.0
2026-06-09 19:19:15,GWL,Clear,0.24,8.63,0.5,33.8,55.9
2026-02-20 10:09:07,GWL,Cloudy,0.31,8.3,1.1,21.4,48.0
2026-06-20 01:59:35,GWL,Clear,0.33,7.6,1.0,37.8,90.2
2026-03-27 19:10:56,GWL,Clear,0.63,4.57,0.3,31.0,74.8
2026-06-12 14:52:43,GWL,Rain,0.11,7.15,8.9,13.3,67.8
2026-06-03 00:00:20,GWL,Rain,0.1,7.57,1.2,23.8,75.0
2026-01-11 09:23:47,GWL,Clear,0.54,5.78,0.6,6.8,58.5
2026-05-07 13:50:12,GWL,Cloudy,0.38,5.47,0.5,21.0,88.3
2026-02-25 08:10:50,GWL,Clear,0.35,7.11,1.2,16.9,25.3
2026-06-30 04:37:51,GWL,Clear,0.14,9.17,1.0,31.2,75.0
2026-02-08 11:26:38,GWL,Clear,0.34,6.65,1.0,23.6,100.0
2026-03-11 15:31:00,GWL,Clear,0.55,5.01,0.4,29.2,90.6
2026-02-01 12:56:15,GWL,Clear,0.44,6.43,0.5,24.8,48.9
2026-04-29 03:53:19,GWL,Fog,0.9,2.13,0.1,24.8,50.1
2026-03-12 05:56:56,GWL,Rain,0.07,8.85,3.2,23.5,29.2
2026-04-14 11:43:12,GWL,Cloudy,0.2,7.86,1.1,15.1,68.8
2026-06-22 08:43:41,GWL,Clear,0.22,7.97,0.2,42.1,73.3
2026-05-15 03:41:28,GWL,Cloudy,0.3,6.79,1.4,26.9,43.6
2026-04-15 16:45:17,GWL,Clear,0.48,6.25,0.4,20.7,79.5
2026-06-17 11:36:10,GWL,Cloudy,0.24,7.58,1.0,38.7,54.6
2026-02-07 11:45:56,GWL,Clear,0.26,7.27,0.0,35.2,77.8
2026-02-05 20:42:06,GWL,Clear,0.11,8.89,1.2,18.5,40.3
2026-02-23 01:17:26,GWL,Cloudy,0.22,8.73,1.1,12.8,91.5
2026-04-12 08:18:51,GWL,Cloudy,0.06,8.82,1.2,23.6,64.6
2026-01-03 07:02:52,GWL,Cloudy,0.53,5.27,0.9,17.6,33.8
2026-01-09 15:21:22,GWL,Clear,0.51,5.56,0.2,15.9,69.5
2026-05-23 20:13:09,GWL,Fog,0.61,5.46,0.9,27.4,56.3
2026-06-23 20:26:41,GWL,Cloudy,0.26,7.16,0.7,22.6,62.2
2026-02-25 21:02:20,GWL,Rain,0.21,6.42,5.4,23.9,94.3
2026-04-08 22:09:38,GWL,Clear,0.23,7.45,0.0,30.9,70.9
2026-01-14 21:45:14,GWL,Rain,0.28,6.7,9.9,29.2,60.5
2026-04-26 08:25:01,GWL,Fog,0.78,3.35,0.9,33.2,77.0
2026-02-11 17:03:49,GWL,Clear,0.18,8.31,1.5,13.9,74.4
2026-01-31 01:30:46,GWL,Clear,0.51,5.7,0.8,26.4,51.0
2026-02-12 10:45:29,GWL,Fog,0.54,4.87,0.5,24.1,53.7
2026-02-17 21:14:19,GWL,Fog,0.83,2.66,0.1,28.3,51.4
2026-05-04 04:54:12,GWL,Fog,0.42,6.6,1.2,21.3,61.5
2026-01-29 06:40:28,GWL,Clear,0.75,3.12,0.6,17.9,90.9
2026-05-16 01:16:06,GWL,Clear,0.03,9.26,1.3,27.9,59.4
2026-03-07 09:28:44,GWL,Clear,0.61,4.78,1.0,35.7,58.7
2026-06-10 01:31:09,GWL,Cloudy,0.49,6.37,0.8,21.2,76.3
2026-01-13 16:00:44,GWL,Clear,0.34,6.83,0.7,16.8,81.6
2026-04-22 14:01:42,GWL,Clear,0.28,7.98,1.3,38.4,59.5
2026-03-22 06:06:14,GWL,Fog,0.61,4.23,0.1,17.7,67.3
2026-02-01 23:33:48,GWL,Clear,0.16,8.85,1.3,31.9,84.7
2026-03-14 19:17:29,GWL,Cloudy,0.18,8.86,0.3,15.1,63.1
2026-04-10 21:38:17,GWL,Rain,0.77,2.52,16.1,22.7,85.8
2026-03-02 04:57:08,GWL,Fog,0.72,3.91,0.2,36.4,74.8
2026-06-11 12:00:42,GWL,Clear,0.31,7.62,1.1,30.3,80.9
2026-06-16 17:07:43,GWL,Rain,0.36,5.87,3.0,39.1,73.3
2026-03-30 13:27:34,GWL,Clear,0.46,6.17,0.8,29.4,78.0
2026-05-08 16:39:08,GWL,Clear,0.21,8.0,0.3,28.4,100.0
2026-06-18 11:15:31,GWL,Fog,0.52,5.81,1.4,13.2,100.0
2026-05-29 20:56:29,GWL,Clear,0.42,6.53,0.9,17.0,82.0
2026-03-28 00:27:27,GWL,Clear,0.52,5.3,0.5,34.9,71.4
2026-03-05 00:18:14,GWL,Cloudy,0.14,8.63,0.9,25.1,51.1
2026-03-25 01:13:06,GWL,Fog,0.6,5.25,0.1,23.4,81.4
2026-03-06 17:49:49,GWL,Fog,0.59,5.15,0.0,19.5,85.2
2026-06-01 00:58:30,GWL,Clear,0.66,3.76,1.4,20.7,83.5
2026-02-07 00:30:27,GWL,Cloudy,0.1,8.41,1.3,35.5,38.9
2026-03-20 10:07:01,GWL,Clear,0.33,7.07,1.0,35.1,79.1
2026-04-22 18:13:44,GWL,Cloudy,0.24,7.41,1.0,26.0,81.1
2026-01-15 23:23:11,GWL,Clear,0.19,8.79,1.4,25.9,53.1
2026-01-26 20:15:22,GWL,Clear,0.19,8.48,0.4,18.7,38.0
2026-04-07 22:48:13,GWL,Rain,0.15,7.63,4.3,29.3,41.0
2026-05-15 07:25:42,GWL,Fog,0.65,4.57,1.1,35.9,50.8
2026-01-05 09:43:59,GWL,Rain,0.33,6.23,6.0,22.6,64.3
2026-04-22 12:17:46,GWL,Cloudy,0.42,6.48,0.8,13.3,74.7
2026-06-18 09:03:44,GWL,Cloudy,0.39,6.64,1.3,34.6,87.2
2026-03-22 05:40:45,GWL,Clear,0.15,7.89,0.3,29.5,79.9
2026-01-03 02:02:21,GWL,Fog,0.76,2.94,0.4,31.7,78.2
2026-02-28 13:02:49,GWL,Clear,0.36,6.61,0.1,32.7,69.9
2026-04-18 20:21:40,GWL,Clear,0.32,7.46,0.5,23.4,75.4
2026-05-10 13:34:21,GWL,Cloudy,0.34,6.4,1.3,30.7,72.2
2026-04-29 06:09:16,GWL,Fog,0.73,4.15,1.2,29.0,86.1
2026-06-25 05:15:49,GWL,Clear,0.05,9.38,1.3,18.7,52.4
2026-01-08 21:34:55,GWL,Clear,0.3,6.83,1.2,27.2,72.2
2026-03-05 15:46:06,GWL,Clear,0.24,8.3,0.4,32.6,67.7
2026-01-18 13:15:38,GWL,Clear,0.15,8.76,1.2,11.7,21.5
2026-01-27 00:59:47,GWL,Fog,0.58,4.96,0.4,34.4,55.5
2026-05-30 14:12:47,GWL,Fog,0.6,4.61,0.9,28.2,62.0
2026-01-28 03:45:17,GWL,Cloudy,0.41,6.88,0.8,13.8,76.2
2026-02-09 09:55:54,GWL,Clear,0.34,7.2,0.9,21.4,37.8
2026-06-26 05:15:32,GWL,Clear,0.11,10.63,0.2,21.5,21.9
2026-03-08 22:28:01,GWL,Cloudy,0.21,8.2,0.9,4.9,66.7
2026-01-10 01:26:21,GWL,Clear,0.19,9.1,0.4,28.4,32.8
2026-03-17 11:28:34,GWL,Clear,0.29,8.31,1.4,38.9,53.6
2026-01-30 04:20:48,GWL,Clear,0.44,6.21,1.3,20.3,44.0
2026-06-02 11:01:57,GWL,Clear,0.26,8.06,0.6,14.3,61.3
2026-02-12 13:34:50,GWL,Cloudy,0.04,9.7,1.4,-5.4,64.8
2026-05-24 17:55:27,GWL,Rain,0.54,4.4,8.4,34.3,98.8
2026-06-09 19:23:09,GWL,Clear,0.16,9.09,0.1,30.4,62.1
2026-04-22 22:18:53,GWL,Rain,0.14,7.34,3.4,34.8,63.1
2026-02-17 14:45:14,GWL,Fog,0.9,2.62,0.4,25.4,79.0
2026-06-22 12:03:01,GWL,Clear,0.26,8.21,0.0,27.1,62.6
2026-02-23 21:38:39,GWL,Clear,0.35,7.05,1.0,18.0,60.9
2026-01-23 15:16:44,GWL,Clear,0.23,7.84,1.3,18.9,79.0
2026-04-21 07:39:28,GWL,Clear,0.55,4.96,0.2,20.8,64.7
2026-04-18 02:29:25,GWL,Clear,0.18,8.46,0.3,16.0,62.9
2026-02-18 05:24:46,GWL,Cloudy,0.32,7.45,1.3,27.8,55.1
2026-01-24 06:04:18,GWL,Clear,0.2,8.87,1.1,15.9,70.3
2026-05-23 05:28:36,GWL,Clear,0.2,8.62,0.7,17.6,79.5
2026-01-19 08:15:10,GWL,Cloudy,0.15,8.24,0.9,16.3,60.9
2026-05-15 23:50:54,GWL,Rain,0.24,7.87,4.4,19.1,39.0
2026-06-29 11:01:28,GWL,Cloudy,0.07,9.52,1.0,35.1,58.0
2026-06-05 02:54:00,GWL,Clear,0.19,7.85,1.0,29.8,59.5
2026-04-06 15:30:59,GWL,Clear,0.38,6.37,1.2,32.7,94.4
2026-05-18 02:37:28,GWL,Cloudy,0.27,7.86,0.1,17.0,29.1
2026-05-02 19:20:45,GWL,Clear,0.4,5.71,0.7,22.7,84.1
2026-04-02 13:19:42,GWL,Clear,0.23,7.34,0.9,31.0,64.4
2026-05-25 06:49:36,GWL,Clear,0.25,7.63,1.4,25.3,74.6
2026-04-03 12:55:54,GWL,Clear,0.22,8.29,1.3,26.2,70.9
2026-01-30 16:39:04,GWL,Fog,0.73,3.34,0.0,21.1,70.9
2026-03-08 15:10:50,GWL,Clear,0.29,7.45,0.1,25.3,71.9
2026-01-27 23:14:30,GWL,Clear,0.39,7.59,1.1,18.5,66.1
2026-02-13 23:59:23,GWL,Rain,0.2,6.01,10.5,19.8,60.6
2026-03-25 22:58:21,GWL,Clear,0.4,6.38,1.0,14.1,87.5
2026-06-13 03:52:26,GWL,Clear,0.18,8.15,0.2,16.1,59.1
2026-04-07 01:32:17,GWL,Cloudy,0.54,5.32,0.6,25.3,69.9
2026-05-22 18:52:23,GWL,Clear,0.08,9.41,1.0,11.1,60.7
2026-06-29 05:10:35,GWL,Clear,0.2,8.04,0.7,2.1,54.3
2026-02-13 22:41:57,GWL,Clear,0.06,9.23,0.9,15.3,26.9
2026-03-02 21:32:22,GWL,Clear,0.26,7.7,0.7,22.6,51.9
2026-01-28 13:58:43,GWL,Clear,0.23,8.2,0.5,41.9,40.6
2026-03-29 02:02:04,GWL,Clear,0.79,3.65,0.4,17.6,96.9
2026-02-07 19:48:03,GWL,Rain,0.07,8.27,23.6,26.6,56.9
2026-04-03 07:31:33,GWL,Fog,1.0,2.02,0.3,20.1,54.1
2026-06-25 20:51:23,GWL,Clear,0.44,5.84,0.1,30.5,59.5
2026-02-08 03:35:09,GWL,Cloudy,0.09,8.94,1.4,8.1,48.8
2026-01-03 12:39:30,GWL,Clear,0.38,6.56,1.5,15.0,88.8
2026-04-03 06:41:35,GWL,Fog,0.68,4.99,0.2,20.5,67.1
2026-04-27 23:53:26,GWL,Clear,0.15,8.28,0.9,31.1,55.1
2026-04-08 03:32:01,GWL,Clear,0.42,5.87,0.3,13.6,95.6
2026-04-17 08:20:06,GWL,Clear,0.05,9.81,0.9,18.8,52.9
2026-03-08 09:44:33,GWL,Clear,0.37,7.08,1.3,8.0,82.4
2026-01-19 11:05:01,GWL,Clear,0.68,4.36,0.5,36.9,100.0
2026-03-20 02:29:58,GWL,Fog,0.46,6.4,1.0,25.6,52.9
2026-03-02 05:26:12,GWL,Rain,0.62,3.04,14.4,22.6,78.3
2026-01-29 07:26:34,GWL,Clear,0.45,6.34,1.3,7.4,65.0
2026-01-31 21:03:58,GWL,Clear,0.23,7.35,1.2,20.7,63.2
2026-02-02 04:24:36,GWL,Clear,0.35,6.61,0.7,19.4,35.4
2026-02-12 13:34:17,GWL,Clear,0.1,10.16,1.2,21.2,71.5
2026-06-19 01:42:06,GWL,Cloudy,0.55,5.48,0.6,17.8,61.6
2026-04-22 13:40:22,GWL,Clear,0.22,7.35,0.3,-1.4,65.1
2026-01-02 19:27:58,GWL,Clear,0.19,8.58,0.4,31.5,93.8
2026-01-26 02:24:29,GWL,Cloudy,0.02,9.4,0.6,36.3,60.5
2026-06-06 02:11:52,GWL,Clear,0.6,4.54,1.0,16.1,50.6
2026-06-29 17:25:41,GWL,Clear,0.32,6.98,0.3,17.6,79.7
2026-06-09 15:24:21,GWL,Clear,0.58,5.69,0.7,22.3,68.2
2026-03-26 20:09:26,GWL,Clear,0.27,7.25,0.4,27.5,37.0
2026-03-30 15:27:00,GWL,Clear,0.3,6.95,0.6,33.7,70.1
2026-04-17 07:31:20,GWL,Cloudy,0.25,8.2,0.2,18.7,78.4
2026-06-04 19:38:28,GWL,Cloudy,0.55,6.28,0.6,33.5,46.6
2026-05-30 15:38:34,GWL,Clear,0.3,7.91,0.0,21.9,96.1
2026-06-26 07:38:58,GWL,Fog,0.77,3.16,1.1,27.3,20.0
2026-01-11 00:47:58,GWL,Cloudy,0.1,9.48,1.4,13.6,92.7
2026-01-14 18:29:14,GWL,Clear,0.09,9.87,1.5,28.1,38.7
2026-04-14 00:46:42,GWL,Clear,0.27,7.73,0.9,24.7,82.3
2026-03-09 10:20:28,GWL,Fog,0.59,5.42,1.3,26.9,73.5
2026-01-24 02:29:54,GWL,Cloudy,0.63,4.0,1.4,28.9,63.8
2026-05-25 11:53:18,GWL,Clear,0.23,8.12,0.3,26.4,81.0
2026-01-09 12:00:58,GWL,Cloudy,0.36,6.13,0.8,25.5,45.1
2026-04-25 10:12:13,GWL,Clear,0.23,7.34,0.0,35.3,95.4
2026-03-29 18:34:48,GWL,Rain,0.17,7.31,12.2,12.3,66.1
2026-04-27 11:21:34,GWL,Clear,0.28,7.0,0.5,2.9,75.0
2026-02-10 18:43:09,GWL,Clear,0.11,9.07,0.4,17.5,20.0
2026-02-03 20:38:08,GWL,Rain,0.15,7.47,6.0,15.5,99.7
2026-05-20 21:49:03,GWL,Clear,0.37,7.55,1.0,28.0,71.8
2026-04-24 02:47:23,GWL,Clear,0.39,7.23,0.7,27.3,50.0
2026-04-30 22:01:30,GWL,Clear,0.28,7.19,0.3,39.7,57.1
2026-03-02 22:42:48,GWL,Clear,0.25,7.86,1.4,36.3,33.3
2026-05-16 17:07:21,GWL,Clear,0.11,8.72,1.3,17.6,31.7
2026-05-31 00:53:19,GWL,Clear,0.44,5.89,0.5,25.4,71.1
2026-04-01 21:32:59,GWL,Clear,0.34,6.93,0.5,32.0,69.2
2026-03-19 19:20:12,GWL,Fog,0.52,5.9,0.9,25.2,56.0
2026-06-24 09:54:27,GWL,Rain,0.27,6.05,5.4,27.9,100.0
2026-05-08 10:43:39,GWL,Clear,0.27,7.77,0.9,19.6,82.2
2026-05-11 18:46:12,GWL,Clear,0.18,8.79,0.7,27.2,85.8
2026-04-17 07:12:08,GWL,Cloudy,0.53,5.72,1.3,15.9,73.0
2026-01-13 14:10:52,GWL,Cloudy,0.34,6.68,0.9,27.3,40.2
2026-05-19 00:40:19,GWL,Clear,0.48,5.88,0.2,32.3,50.5
2026-01-14 17:48:00,GWL,Clear,0.1,10.11,1.2,27.0,56.2
2026-05-17 18:59:45,GWL,Clear,0.35,7.0,0.7,28.7,74.3
2026-01-26 11:58:18,GWL,Clear,0.11,8.48,0.0,25.6,93.5
2026-03-16 04:31:00,GWL,Cloudy,0.23,8.0,0.9,30.9,32.4
2026-01-15 19:06:28,GWL,Clear,0.25,7.43,0.4,25.3,72.6
2026-04-04 08:23:20,GWL,Clear,0.12,8.34,0.3,36.2,33.0
2026-06-09 01:25:01,GWL,Cloudy,0.27,7.75,1.4,29.9,46.2
2026-01-12 18:09:04,GWL,Clear,0.33,7.4,0.7,15.8,26.7
2026-03-11 04:20:39,GWL,Clear,0.52,5.23,1.0,19.8,69.1
2026-05-30 08:48:08,GWL,Clear,0.16,7.34,0.3,9.6,54.6
2026-06-11 12:59:41,GWL,Cloudy,0.69,3.79,0.6,31.0,59.7
2026-04-26 03:16:17,GWL,Clear,0.1,9.07,0.3,17.3,100.0
2026-02-23 09:47:41,GWL,Clear,0.35,7.35,0.8,29.8,86.1
2026-03-22 14:01:22,GWL,Clear,0.44,6.19,0.1,20.1,86.6
2026-03-22 21:47:28,GWL,Clear,0.24,7.89,0.8,18.0,38.9
2026-01-01 01:42:06,GWL,Clear,0.25,7.18,0.4,11.3,53.5
2026-03-17 12:27:44,GWL,Clear,0.15,8.6,0.8,14.5,48.5
2026-01-07 03:10:26,GWL,Rain,0.65,3.12,3.5,23.1,66.0
2026-06-16 09:34:19,GWL,Cloudy,0.32,7.35,1.3,25.8,71.9
2026-03-26 22:48:36,GWL,Cloudy,0.24,8.28,0.2,26.8,62.1
2026-01-16 19:09:58,GWL,Cloudy,0.38,6.98,0.1,30.7,55.3
2026-05-24 18:01:48,GWL,Clear,0.13,8.67,0.2,27.9,69.1
2026-01-23 02:26:52,GWL,Fog,0.82,3.27,0.1,25.8,87.2
2026-04-29 05:14:07,GWL,Clear,0.34,7.14,0.4,10.3,63.8
2026-01-07 06:25:40,GWL,Rain,0.19,6.54,13.6,26.1,22.1
2026-03-02 01:52:25,GWL,Clear,0.51,5.24,0.6,25.0,72.0
2026-06-08 21:16:08,GWL,Rain,0.32,5.73,8.8,25.9,91.4
2026-05-29 12:35:05,GWL,Fog,0.95,2.21,0.4,25.7,65.8
2026-04-21 23:28:06,GWL,Clear,0.07,9.44,0.2,32.0,60.3
2026-06-14 07:22:12,GWL,Clear,0.21,7.54,0.4,32.6,83.3
2026-03-11 01:50:43,GWL,Clear,0.46,5.88,1.2,16.6,50.4
2026-02-27 18:13:15,GWL,Rain,0.34,5.98,2.6,18.6,61.7
2026-06-08 00:28:52,GWL,Rain,0.24,6.48,5.8,31.5,79.8
2026-02-28 23:33:15,GWL,Fog,0.62,4.54,1.1,20.8,61.9
2026-04-28 17:48:48,GWL,Cloudy,0.47,6.67,1.0,29.1,80.8
2026-02-09 17:03:12,GWL,Cloudy,0.62,5.02,0.2,32.4,75.7
2026-05-17 15:23:08,GWL,Clear,0.3,6.79,0.0,22.3,80.2
2026-03-10 21:03:37,GWL,Clear,0.44,6.5,1.4,12.0,82.5
2026-02-13 13:12:23,GWL,Clear,0.14,8.88,1.5,11.5,74.4
2026-06-08 16:06:35,GWL,Clear,0.26,7.33,0.9,25.2,28.8
2026-03-23 02:08:49,GWL,Clear,0.14,9.02,1.0,23.4,67.5
2026-05-16 12:11:49,GWL,Clear,0.08,9.52,1.0,27.4,79.8
2026-01-29 18:47:35,GWL,Cloudy,0.21,8.12,0.0,29.7,65.8
2026-01-09 04:34:38,GWL,Fog,0.49,5.96,0.4,30.9,96.2
2026-02-16 20:57:29,GWL,Clear,0.12,9.39,0.4,38.6,60.0
2026-02-20 21:52:20,GWL,Clear,0.45,6.39,1.3,38.7,45.9
2026-06-08 07:11:40,GWL,Clear,0.08,9.19,0.8,24.5,58.1
2026-06-13 07:53:32,GWL,Clear,0.28,7.44,0.1,20.7,49.2
2026-02-11 05:40:33,GWL,Clear,0.48,5.94,1.2,30.7,80.4
2026-04-20 17:35:45,GWL,Clear,0.13,8.64,0.2,42.4,25.7
2026-06-12 22:22:18,GWL,Fog,0.54,5.59,1.0,12.8,94.5
2026-05-02 09:59:35,GWL,Clear,0.36,6.11,0.6,40.4,79.1
2026-04-03 19:45:45,GWL,Clear,0.12,9.14,0.7,28.0,93.3
2026-02-27 14:19:44,GWL,Clear,0.32,7.57,0.7,36.7,69.4
2026-06-05 02:59:24,GWL,Clear,0.37,6.88,0.5,21.4,56.1
2026-01-02 04:39:38,GWL,Cloudy,0.14,8.92,1.0,12.5,72.2
2026-03-17 09:38:24,GWL,Clear,0.44,6.52,0.6,31.5,62.6
2026-01-04 01:19:29,GWL,Clear,0.07,9.84,0.6,23.4,20.0
2026-01-13 16:46:17,GWL,Clear,0.21,8.95,0.5,39.2,68.8
2026-05-15 14:32:02,GWL,Fog,0.52,4.95,0.9,26.8,100.0
2026-05-21 03:10:50,GWL,Clear,0.25,8.05,0.8,22.2,87.5
2026-06-21 15:32:05,GWL,Clear,0.32,7.35,0.9,15.5,100.0
2026-02-14 10:38:07,GWL,Rain,0.16,7.18,4.1,21.0,48.4
2026-04-01 08:26:17,GWL,Clear,0.12,9.55,0.2,35.6,100.0
2026-06-06 06:20:16,GWL,Cloudy,0.13,8.74,0.0,34.4,77.5
2026-06-11 18:19:03,GWL,Clear,0.42,6.58,1.0,23.5,53.1
2026-01-25 20:20:58,GWL,Clear,0.18,8.41,1.3,33.7,53.4
2026-03-20 09:55:34,GWL,Clear,0.02,10.26,1.1,34.6,35.1
2026-02-28 20:26:58,GWL,Clear,0.1,9.42,1.1,14.8,20.3
2026-03-04 03:54:16,GWL,Rain,0.15,6.94,19.0,23.3,36.0
2026-03-18 17:46:44,GWL,Cloudy,0.17,8.36,0.7,30.2,75.7
2026-03-11 01:10:26,GWL,Cloudy,0.09,8.85,1.0,27.6,90.8
2026-01-24 23:29:00,GWL,Fog,0.44,6.96,1.0,31.5,60.4
2026-06-11 18:48:20,GWL,Clear,0.3,7.02,0.1,30.2,91.5
2026-05-20 15:09:34,GWL,Clear,0.46,6.24,0.4,33.4,69.7
2026-05-15 08:05:50,GWL,Clear,0.39,6.73,1.4,26.6,64.7
2026-04-22 05:15:36,GWL,Clear,0.23,8.34,0.1,40.4,33.0
2026-03-27 23:59:49,GWL,Fog,0.57,4.45,1.3,25.0,98.0
2026-01-08 00:31:30,GWL,Clear,0.12,9.61,0.8,24.1,82.0
2026-03-08 11:09:56,GWL,Clear,0.2,8.71,0.6,30.5,71.7
2026-01-22 13:50:43,GWL,Cloudy,0.22,7.17,0.7,40.0,85.0
2026-05-14 08:08:21,GWL,Cloudy,0.21,8.13,0.2,24.0,78.0
2026-04-20 00:02:29,GWL,Rain,0.4,5.19,5.5,18.7,50.5
2026-03-28 00:33:25,GWL,Clear,0.15,8.83,0.0,14.1,67.3
2026-02-05 14:29:10,GWL,Clear,0.13,7.62,1.1,25.8,47.8
2026-05-15 17:27:30,GWL,Rain,0.14,7.43,7.7,21.5,70.7
2026-03-12 22:06:21,GWL,Clear,0.03,10.07,0.1,19.6,76.0
2026-02-21 16:22:20,GWL,Rain,0.08,8.62,3.4,19.7,84.0
2026-05-23 10:18:02,GWL,Cloudy,0.17,8.56,0.9,15.8,60.2
2026-06-05 06:06:58,GWL,Rain,0.26,6.89,3.5,13.2,73.3
2026-05-25 10:53:12,GWL,Clear,0.14,8.65,1.4,28.2,72.3
2026-05-05 21:19:17,GWL,Clear,0.57,5.02,0.9,27.1,89.5
2026-01-18 03:46:25,GWL,Cloudy,0.11,9.59,0.3,32.8,62.5
2026-06-28 15:26:51,GWL,Clear,0.33,6.48,1.1,26.2,52.0
2026-01-10 08:52:40,GWL,Fog,0.71,3.95,0.7,19.3,61.1
2026-04-23 05:46:21,GWL,Clear,0.41,6.34,1.1,14.2,100.0
2026-05-31 04:25:36,GWL,Clear,0.4,6.8,0.6,25.9,75.6
2026-02-03 03:34:30,GWL,Clear,0.39,6.88,0.9,29.7,34.6
2026-04-10 04:19:25,GWL,Clear,0.09,9.75,0.2,12.2,38.7
2026-04-24 09:10:29,GWL,Clear,0.32,7.24,1.1,28.5,62.0
2026-04-21 10:09:49,GWL,Clear,0.57,4.82,0.2,26.0,56.1
2026-04-14 16:25:25,GWL,Cloudy,0.31,7.41,1.5,26.5,55.1
2026-04-21 21:58:21,GWL,Clear,0.42,6.23,1.0,41.8,96.2
2026-04-25 19:55:21,GWL,Rain,0.07,7.58,3.3,21.5,52.4
2026-03-26 08:35:35,GWL,Fog,0.7,4.73,0.9,11.8,67.6
2026-05-18 13:50:13,GWL,Clear,0.16,8.25,0.8,22.4,48.9
2026-01-24 17:34:56,GWL,Clear,0.8,2.94,0.1,31.3,88.1
2026-03-31 11:07:15,GWL,Clear,0.07,9.76,0.1,19.5,72.8
2026-05-05 00:06:11,GWL,Clear,0.16,8.61,0.8,22.2,49.5
2026-04-26 04:35:22,GWL,Clear,0.37,7.03,1.4,26.8,73.4
2026-01-15 15:39:41,GWL,Clear,0.19,8.92,0.7,9.3,67.7
2026-06-17 02:05:49,GWL,Clear,0.38,7.55,1.4,19.7,71.7
2026-05-17 07:35:17,GWL,Clear,0.08,8.9,1.4,34.7,38.9
2026-06-26 03:40:18,GWL,Fog,0.6,5.07,1.3,36.8,77.7
2026-04-19 03:49:55,GWL,Clear,0.46,5.67,0.8,27.5,63.7
2026-03-07 03:26:46,GWL,Clear,0.43,6.89,0.7,30.0,37.5
2026-05-17 12:40:43,GWL,Rain,0.27,6.93,8.7,35.9,100.0
2026-06-06 13:01:48,GWL,Cloudy,0.23,7.74,1.1,28.0,75.4
2026-03-18 06:31:51,GWL,Clear,0.22,7.43,1.5,30.2,35.2
2026-04-05 20:57:11,GWL,Clear,0.27,7.9,0.4,27.6,56.2
2026-02-22 11:15:46,GWL,Fog,0.77,3.27,0.4,28.3,75.0
2026-04-01 02:51:24,GWL,Fog,0.81,3.62,1.3,27.8,59.5
2026-01-13 02:51:24,GWL,Clear,0.3,6.73,1.4,35.0,49.1
2026-04-04 10:47:38,GWL,Clear,0.44,6.51,0.8,34.9,49.1
2026-02-23 07:51:51,GWL,Clear,0.36,7.74,0.8,10.2,71.8
2026-06-25 18:22:59,GWL,Clear,0.33,6.68,1.0,31.1,74.8
2026-02-12 04:24:05,GWL,Fog,0.67,4.13,0.6,21.0,100.0
2026-02-27 17:04:36,GWL,Clear,0.24,8.39,1.4,22.9,93.8
2026-02-09 06:43:03,GWL,Cloudy,0.57,5.16,0.5,34.8,68.8
2026-02-28 13:24:43,GWL,Cloudy,0.46,6.15,0.8,10.6,58.7
2026-06-10 16:18:13,GWL,Rain,0.45,4.87,10.9,29.5,36.0
2026-03-26 16:07:04,GWL,Cloudy,0.15,9.35,0.2,14.3,76.9
2026-03-08 12:10:02,GWL,Cloudy,0.17,8.25,0.4,28.3,64.7
2026-04-18 07:35:22,GWL,Fog,0.71,4.08,1.4,32.7,80.3
2026-04-10 14:14:51,GWL,Cloudy,0.44,6.1,0.5,29.7,98.9
2026-03-17 21:25:23,GWL,Rain,0.37,6.38,12.0,25.6,40.1
2026-06-25 13:52:19,GWL,Clear,0.55,5.38,0.3,18.0,50.0
2026-01-30 13:44:25,GWL,Clear,0.25,8.11,0.8,21.0,83.3
2026-03-10 14:34:37,GWL,Clear,0.51,5.54,1.0,19.8,43.0
2026-04-02 18:54:21,GWL,Clear,0.51,4.97,0.2,24.6,77.0
2026-03-08 17:48:10,GWL,Clear,0.06,10.57,1.5,20.4,80.6
2026-01-17 13:12:22,GWL,Rain,0.18,7.38,3.6,18.9,32.5
2026-03-30 08:18:53,GWL,Clear,0.38,6.65,1.0,23.0,39.6
2026-04-07 02:52:21,GWL,Clear,0.43,7.17,0.8,20.8,43.6
2026-03-31 02:50:36,GWL,Clear,0.46,5.73,0.0,4.4,62.3
2026-03-22 04:17:11,GWL,Clear,0.24,7.86,0.7,29.2,60.7
2026-02-04 00:22:04,GWL,Clear,0.28,7.61,0.3,21.9,52.7
2026-03-16 10:17:08,GWL,Clear,0.43,5.65,1.2,20.1,83.1
2026-02-23 06:59:33,GWL,Clear,0.07,9.67,0.3,21.8,88.7
2026-06-25 16:40:03,GWL,Clear,0.34,6.98,0.9,46.7,72.2
2026-02-21 02:02:56,GWL,Cloudy,0.31,7.95,1.2,20.7,46.0
2026-03-26 10:54:43,GWL,Clear,0.2,7.65,1.1,11.7,37.4
2026-04-01 00:52:46,GWL,Clear,0.12,8.7,1.1,21.3,82.1
2026-01-09 12:50:57,GWL,Clear,0.26,7.79,0.5,26.8,42.2
2026-03-10 07:16:24,GWL,Clear,0.59,5.09,1.1,31.7,76.3
2026-04-24 17:41:53,GWL,Clear,0.29,7.2,1.3,28.3,48.0
2026-01-18 09:13:21,GWL,Clear,0.4,6.8,0.7,15.1,67.4
2026-04-17 06:32:25,GWL,Clear,0.45,6.22,0.3,21.8,43.9
2026-05-15 15:27:07,GWL,Fog,0.95,1.5,0.1,25.0,84.6
2026-06-10 10:22:07,GWL,Fog,0.67,3.95,0.4,21.8,100.0
2026-06-22 15:13:57,GWL,Clear,0.09,9.7,1.2,8.8,45.3
2026-01-22 14:28:55,GWL,Clear,0.38,5.93,0.3,10.1,31.0
2026-04-07 09:35:05,GWL,Clear,0.27,7.63,0.1,33.4,74.7
2026-01-09 02:15:22,GWL,Clear,0.33,7.99,0.3,20.1,64.8
2026-04-21 14:59:08,GWL,Clear,0.83,3.45,0.9,34.9,86.0
2026-03-19 19:53:16,GWL,Cloudy,0.41,6.81,0.7,26.1,64.2
2026-04-24 08:13:14,GWL,Clear,0.34,7.01,0.7,34.0,38.5
2026-04-24 13:12:00,GWL,Clear,0.2,8.52,0.1,33.8,61.5
2026-04-20 02:00:54,GWL,Cloudy,0.17,7.17,0.2,37.1,74.1
2026-03-16 19:37:01,GWL,Cloudy,0.38,7.38,0.8,21.3,59.0
2026-03-29 04:22:12,GWL,Fog,0.63,4.59,0.8,26.9,69.1
2026-04-29 04:19:17,GWL,Clear,0.12,8.31,1.3,29.5,52.3
2026-04-19 05:56:52,GWL,Rain,0.54,3.47,3.8,18.5,73.5
2026-06-24 17:10:14,GWL,Clear,0.2,8.09,0.8,20.3,63.9
2026-05-21 07:31:37,GWL,Clear,0.74,3.66,0.8,8.2,81.8
2026-01-21 15:40:57,GWL,Clear,0.43,7.12,0.7,18.4,49.4
2026-06-05 06:43:07,GWL,Clear,0.18,7.71,0.5,31.5,48.7
2026-04-01 23:17:37,GWL,Clear,0.35,6.41,0.5,34.1,80.1
2026-03-12 19:52:00,GWL,Fog,0.82,3.57,0.6,20.3,80.4
2026-06-16 04:24:23,GWL,Rain,0.44,5.37,5.2,25.7,61.5
2026-04-20 21:58:26,GWL,Clear,0.03,9.55,0.8,25.5,51.3
2026-04-10 08:19:33,GWL,Fog,0.38,7.01,0.1,20.5,86.6
2026-03-19 22:54:11,GWL,Clear,0.38,7.22,1.4,23.5,57.4
2026-01-03 14:27:34,GWL,Clear,0.26,6.97,1.4,26.5,53.8
2026-06-17 17:11:00,GWL,Cloudy,0.25,7.83,0.0,20.3,71.0
2026-02-17 16:43:44,GWL,Fog,0.66,3.77,0.8,31.6,81.7
2026-01-28 16:12:33,GWL,Cloudy,0.1,8.66,0.9,18.6,48.3
2026-01-21 01:56:36,GWL,Clear,0.29,7.0,0.3,19.2,78.7
2026-04-11 01:07:01,GWL,Clear,0.45,6.08,1.2,31.4,79.4
2026-03-28 12:10:37,GWL,Rain,0.25,7.16,13.2,27.1,39.0
2026-03-21 01:14:12,GWL,Cloudy,0.37,6.76,0.0,23.5,65.9
2026-02-08 09:44:25,GWL,Rain,0.27,6.37,4.1,36.3,63.0
2026-05-05 02:26:47,GWL,Fog,0.59,3.77,0.9,26.0,54.3
2026-06-20 23:29:20,GWL,Clear,0.17,8.46,1.1,45.7,34.3
2026-01-05 04:43:11,GWL,Clear,0.21,7.84,0.1,28.7,72.3
2026-01-24 19:10:14,GWL,Cloudy,0.19,8.4,0.7,27.2,71.8
2026-06-20 04:01:35,GWL,Rain,0.53,3.85,7.8,36.8,85.5
2026-06-18 20:43:07,GWL,Rain,0.11,7.27,8.1,22.1,90.6
2026-04-13 16:21:24,GWL,Clear,0.13,8.19,0.9,43.2,33.7
2026-04-05 22:21:39,GWL,Clear,0.27,7.6,0.9,33.2,80.5
2026-06-26 11:39:14,GWL,Fog,0.53,5.42,0.8,16.7,95.9
2026-01-10 03:17:06,GWL,Clear,0.34,6.27,0.0,15.6,60.8
2026-06-20 17:03:43,GWL,Clear,0.29,8.16,0.1,19.0,85.4
2026-02-03 08:41:06,GWL,Clear,0.37,7.28,1.3,10.7,54.5
2026-06-29 14:28:24,GWL,Clear,0.26,7.04,0.3,28.1,55.3
2026-01-19 08:52:33,GWL,Clear,0.32,7.14,0.6,20.1,61.0
2026-01-03 23:31:50,GWL,Clear,0.14,9.82,1.4,19.1,96.5
2026-03-12 02:43:28,GWL,Clear,0.15,8.64,0.9,15.2,70.6
2026-02-08 12:19:55,GWL,Fog,0.79,3.55,1.0,31.6,61.3
2026-04-21 00:33:00,GWL,Clear,0.05,9.36,0.6,20.5,90.9
2026-06-03 02:27:11,GWL,Cloudy,0.64,5.03,0.2,32.7,63.5
2026-06-24 16:19:01,GWL,Clear,0.19,8.52,1.3,34.8,51.0
2026-01-15 23:15:52,GWL,Clear,0.1,8.91,0.6,23.2,74.6
2026-04-20 00:08:01,GWL,Fog,0.65,4.9,1.3,9.6,20.0
2026-01-12 15:29:42,GWL,Cloudy,0.59,5.08,0.3,12.9,100.0
2026-04-25 17:53:24,GWL,Cloudy,0.14,8.53,0.7,20.9,55.5
2026-01-25 00:30:01,GWL,Rain,0.38,5.64,7.6,20.4,62.9
2026-02-09 03:39:56,GWL,Clear,0.26,7.5,1.2,26.4,97.7
2026-03-28 12:24:53,GWL,Fog,0.74,3.62,1.4,23.7,58.1
2026-06-07 12:16:04,GWL,Rain,0.31,6.19,5.2,10.7,75.6
2026-02-03 14:45:35,GWL,Cloudy,0.37,6.7,0.0,23.2,64.7
2026-01-29 11:26:28,GWL,Clear,0.43,6.09,0.9,22.6,60.6
2026-01-29 06:14:15,GWL,Clear,0.38,7.53,0.4,47.1,63.8
2026-06-04 04:25:13,GWL,Clear,0.23,8.32,1.0,21.1,93.3
2026-02-22 02:25:09,GWL,Clear,0.55,5.38,0.4,25.6,61.0
2026-06-02 01:02:34,GWL,Clear,0.64,4.64,0.3,25.3,90.9
2026-01-15 05:43:49,GWL,Clear,0.14,8.52,0.8,27.7,77.2
2026-04-07 00:09:30,GWL,Clear,0.15,8.82,1.2,30.7,20.0
2026-02-28 09:57:12,GWL,Clear,0.18,9.06,0.3,28.5,65.3
2026-03-31 17:24:43,GWL,Clear,0.33,6.97,0.1,29.5,59.1
2026-04-02 00:24:27,GWL,Cloudy,0.16,8.64,0.6,16.9,49.0
2026-02-10 18:03:29,GWL,Rain,0.48,5.61,0.3,20.0,84.9
2026-04-06 04:00:30,GWL,Fog,0.66,4.53,0.2,26.2,79.7
2026-03-16 15:08:28,GWL,Clear,0.1,9.5,0.6,23.8,62.2
2026-03-16 21:36:58,GWL,Clear,0.49,6.18,1.2,36.3,57.5
2026-06-21 17:46:57,GWL,Cloudy,0.33,7.06,0.5,36.1,52.0
2026-03-14 16:11:03,GWL,Cloudy,0.13,9.04,0.1,24.3,73.8
2026-05-11 02:31:06,GWL,Clear,0.09,9.92,1.2,38.2,73.8
2026-03-19 16:13:43,GWL,Clear,0.26,7.82,0.2,25.8,100.0
2026-06-02 03:27:58,GWL,Clear,0.27,8.19,1.0,26.5,53.2
2026-02-25 20:15:25,GWL,Clear,0.15,8.32,0.1,32.5,83.2
2026-06-18 12:27:30,GWL,Clear,0.31,8.02,1.4,25.5,32.8
2026-05-12 04:24:54,GWL,Cloudy,0.24,7.45,0.5,17.9,95.9
2026-04-14 20:50:31,GWL,Clear,0.47,5.63,1.3,9.3,50.8
2026-05-04 21:45:43,GWL,Cloudy,0.07,9.3,1.0,27.3,79.0
2026-04-18 03:40:27,GWL,Clear,0.12,9.68,1.2,9.8,38.9
2026-06-02 15:38:11,GWL,Rain,0.25,6.56,15.9,35.1,72.1
2026-02-13 03:47:21,GWL,Rain,0.52,4.24,3.6,32.9,95.8
2026-02-01 09:35:05,GWL,Clear,0.21,8.33,0.2,22.8,88.3
2026-05-20 17:25:44,GWL,Clear,0.05,10.47,0.4,31.6,65.9
2026-04-09 03:25:01,GWL,Clear,0.58,4.8,0.7,31.3,46.1
2026-02-09 05:44:59,GWL,Fog,0.47,5.37,0.2,16.2,43.7
2026-03-15 07:15:25,GWL,Cloudy,0.06,10.01,0.2,22.9,68.3
2026-02-21 18:21:13,GWL,Clear,0.0,10.06,0.9,18.5,21.1
2026-02-23 18:16:56,GWL,Cloudy,0.22,8.34,1.5,17.1,89.7
2026-03-15 21:56:19,GWL,Clear,0.43,7.12,0.8,41.2,73.2
2026-04-19 21:43:03,GWL,Fog,0.65,5.42,0.4,36.9,70.0
2026-05-24 10:53:25,GWL,Clear,0.67,5.11,0.7,21.0,61.4
2026-02-03 03:21:44,GWL,Cloudy,0.24,6.9,0.2,20.1,59.6
2026-01-10 09:49:22,GWL,Clear,0.27,7.91,0.8,27.2,71.2
2026-02-03 03:35:25,GWL,Rain,0.12,8.01,6.5,17.2,49.7
2026-06-27 03:23:53,GWL,Rain,0.28,6.15,8.1,33.9,74.2
2026-04-14 09:18:59,GWL,Clear,0.07,9.67,0.9,21.0,30.6
2026-03-06 02:04:02,GWL,Fog,0.81,2.67,0.4,24.5,83.9
2026-06-23 22:48:03,GWL,Clear,0.36,8.03,0.2,34.2,20.0
2026-03-28 10:44:48,GWL,Cloudy,0.26,7.42,0.7,23.8,95.4
2026-05-26 00:56:28,GWL,Clear,0.46,6.05,0.4,21.1,46.8
2026-01-05 23:38:49,GWL,Rain,0.52,3.99,6.4,23.7,66.8
2026-04-15 05:45:35,GWL,Clear,0.36,6.52,0.2,44.7,54.0
2026-05-22 02:23:31,GWL,Rain,0.22,6.99,14.1,19.3,60.9
2026-06-04 07:25:21,GWL,Clear,0.11,9.8,1.0,42.9,58.8
2026-04-08 01:41:52,GWL,Cloudy,0.33,7.26,0.1,39.4,55.0
2026-05-27 06:07:19,GWL,Fog,0.42,6.38,0.1,16.3,65.0
2026-01-19 07:56:48,GWL,Cloudy,0.16,8.72,0.6,24.6,55.3
2026-02-09 12:13:26,GWL,Rain,0.19,7.32,27.8,17.8,76.7
2026-06-01 21:05:25,GWL,Cloudy,0.07,8.92,0.2,24.1,75.9
2026-05-02 13:44:18,GWL,Clear,0.12,8.77,0.5,20.6,60.9
2026-02-14 13:34:36,GWL,Fog,0.56,5.58,0.8,20.8,50.4
2026-04-19 09:21:27,GWL,Clear,0.24,7.51,1.1,27.4,52.7
2026-06-18 18:37:36,GWL,Clear,0.29,7.9,0.4,27.1,65.8
2026-03-14 19:35:38,GWL,Clear,0.35,6.35,0.4,35.5,63.0
2026-01-27 07:33:20,GWL,Fog,0.78,2.81,0.8,16.4,68.4
2026-06-08 21:11:11,GWL,Clear,0.22,7.47,0.9,13.8,73.6
2026-05-18 05:06:29,GWL,Cloudy,0.06,10.01,1.3,37.3,51.8
2026-01-30 00:56:34,GWL,Fog,0.43,5.66,1.3,16.5,59.6
2026-05-28 12:56:07,GWL,Cloudy,0.17,7.88,0.0,20.3,68.2
2026-04-13 00:00:18,GWL,Clear,0.16,8.34,1.1,39.5,83.7
2026-02-21 08:20:09,GWL,Rain,0.5,4.68,13.3,13.1,50.8
2026-03-27 12:14:13,GWL,Clear,0.54,5.21,0.1,15.4,78.5
2026-06-26 22:11:34,GWL,Cloudy,0.47,6.3,0.1,23.4,75.7
2026-04-12 03:26:39,GWL,Rain,0.43,5.04,4.3,20.1,75.5
2026-01-06 16:48:54,GWL,Cloudy,0.17,8.35,0.3,29.0,47.2
2026-02-06 21:40:54,GWL,Cloudy,0.09,8.78,1.1,24.1,58.3
2026-03-23 04:22:10,GWL,Clear,0.2,9.14,0.1,20.5,74.2
2026-06-26 06:03:54,GWL,Cloudy,0.15,8.87,1.4,22.8,53.4
2026-02-09 08:27:19,GWL,Clear,0.38,6.84,0.1,6.6,79.5
2026-04-27 08:06:50,GWL,Rain,0.21,6.63,7.2,24.4,46.1
2026-03-09 11:33:06,GWL,Clear,0.23,7.65,1.4,16.1,44.2
2026-01-05 17:30:55,GWL,Clear,0.29,6.86,0.7,17.3,48.1
2026-01-08 00:20:50,GWL,Clear,0.5,5.61,1.4,11.7,41.9
2026-04-17 18:06:20,GWL,Rain,0.24,7.21,3.2,23.7,71.4
2026-01-14 07:25:58,GWL,Clear,0.08,8.73,0.9,25.6,44.0
2026-05-06 03:11:38,GWL,Cloudy,0.27,7.9,0.3,24.6,75.5
2026-04-20 09:04:39,GWL,Fog,0.44,6.48,0.3,12.3,82.2
2026-01-15 15:58:18,GWL,Cloudy,0.69,4.95,1.2,10.2,76.9
2026-04-14 07:17:30,GWL,Fog,0.74,3.92,0.7,23.5,66.1
2026-01-29 10:46:28,GWL,Rain,0.06,8.66,10.1,23.7,53.8
2026-04-06 10:42:22,GWL,Clear,0.25,7.47,1.4,25.3,96.3
2026-06-21 18:20:24,GWL,Clear,0.12,9.42,0.2,24.2,80.5
2026-05-13 19:59:22,GWL,Clear,0.16,9.46,1.2,23.4,94.4
2026-03-16 17:29:49,GWL,Fog,0.74,3.99,0.9,27.7,64.6
2026-01-18 04:05:12,GWL,Clear,0.02,9.66,0.3,34.8,73.0
2026-04-28 10:47:42,GWL,Clear,0.32,6.37,1.3,30.3,83.4
2026-02-18 01:42:30,GWL,Clear,0.08,9.49,0.1,21.0,64.2
2026-05-05 11:32:14,GWL,Clear,0.18,8.5,0.1,17.9,49.7
2026-06-21 22:30:30,GWL,Clear,0.07,9.48,0.7,28.5,58.9
2026-02-26 16:34:19,GWL,Clear,0.08,8.47,0.3,6.7,49.3
2026-03-03 15:34:32,GWL,Clear,0.05,9.99,0.1,23.2,47.2
2026-02-10 17:47:11,GWL,Clear,0.6,4.58,1.0,14.7,63.2
2026-04-21 21:33:11,GWL,Fog,0.52,5.99,0.1,18.8,71.3
2026-05-17 21:26:05,GWL,Clear,0.1,8.45,1.2,31.3,81.7
2026-03-16 13:23:29,GWL,Clear,0.25,7.92,0.7,31.2,69.3
2026-04-22 01:05:48,GWL,Clear,0.56,5.53,0.5,35.9,72.6
2026-02-13 05:39:51,GWL,Cloudy,0.24,8.25,0.0,26.9,86.4
2026-06-17 08:00:03,GWL,Rain,0.62,2.46,3.2,28.3,71.0
2026-01-17 20:10:01,GWL,Rain,0.14,6.94,4.5,26.4,73.0
2026-05-31 02:00:49,GWL,Clear,0.13,8.48,1.5,11.3,24.5
2026-03-30 11:08:17,GWL,Clear,0.69,4.0,1.3,33.0,59.3
2026-05-01 07:53:24,GWL,Clear,0.17,8.5,1.4,5.0,81.0
2026-04-15 13:17:42,GWL,Clear,0.19,7.55,0.0,17.5,75.8
2026-04-27 12:09:31,GWL,Fog,0.89,2.68,1.0,32.8,100.0
2026-04-26 19:23:23,GWL,Rain,0.54,4.12,16.3,18.2,62.7
2026-02-03 05:21:52,GWL,Fog,0.56,6.06,0.4,23.9,100.0
2026-03-04 12:41:12,GWL,Rain,0.06,8.5,6.7,30.5,61.6
2026-05-18 23:56:18,GWL,Cloudy,0.22,8.36,1.4,27.8,69.6
2026-04-29 14:34:55,GWL,Clear,0.73,3.87,1.1,17.4,100.0
2026-05-02 06:37:18,GWL,Clear,0.16,8.98,0.1,8.2,87.9
2026-04-10 06:43:44,GWL,Rain,0.08,7.91,3.1,37.9,96.6
2026-02-16 16:49:33,GWL,Rain,0.11,8.64,20.8,29.5,41.7
2026-05-17 16:58:17,GWL,Clear,0.27,7.65,0.0,15.1,72.4
2026-02-09 04:17:51,GWL,Clear,0.42,6.42,0.3,18.2,72.3
2026-04-15 11:20:06,GWL,Fog,0.87,1.81,1.1,30.6,81.6
2026-04-05 08:56:37,GWL,Fog,0.58,5.91,0.6,27.4,68.0
2026-05-21 21:18:14,GWL,Cloudy,0.46,6.64,0.9,31.0,94.8
2026-01-01 22:09:28,GWL,Fog,0.63,4.59,1.2,18.9,60.5
2026-04-14 08:02:43,GWL,Cloudy,0.11,7.73,1.1,24.7,58.5
2026-05-30 11:38:53,GWL,Cloudy,0.38,6.39,0.4,17.1,71.6
2026-05-24 04:52:48,GWL,Clear,0.27,8.08,1.5,34.2,71.4
2026-04-17 03:46:00,GWL,Rain,0.38,4.93,5.3,24.0,60.8
2026-01-25 07:05:15,GWL,Cloudy,0.08,9.44,0.5,26.3,76.1
2026-03-28 02:00:32,GWL,Clear,0.5,6.06,0.9,4.4,47.5
2026-03-25 03:21:13,GWL,Clear,0.5,5.92,0.7,36.2,51.9
2026-02-11 06:11:00,GWL,Rain,0.08,8.75,15.3,12.9,89.0
2026-02-23 14:15:33,GWL,Cloudy,0.28,7.03,0.6,31.9,79.6
2026-02-10 09:45:01,GWL,Clear,0.32,6.87,0.8,22.1,47.5
2026-05-18 15:16:28,GWL,Cloudy,0.36,7.17,1.4,20.9,66.7
2026-04-07 07:20:42,GWL,Fog,0.64,4.97,0.1,26.9,76.7
2026-04-27 12:32:44,GWL,Clear,0.54,5.43,0.0,21.4,84.4
2026-03-31 17:55:34,GWL,Clear,0.27,7.8,0.4,30.8,60.8
2026-02-10 08:14:25,GWL,Clear,0.32,6.7,0.4,13.7,59.8
2026-04-30 09:40:28,GWL,Clear,0.18,8.46,1.3,26.5,63.0
2026-01-05 10:19:29,GWL,Rain,0.18,7.01,10.1,27.2,59.7
2026-04-02 12:35:42,GWL,Rain,0.09,7.74,2.5,23.9,63.2
2026-05-05 23:09:51,GWL,Rain,0.42,5.22,14.5,30.5,78.1
2026-03-25 17:24:30,GWL,Fog,0.77,3.91,1.1,26.2,73.7
2026-06-02 13:32:51,GWL,Clear,0.18,8.38,0.5,27.9,41.0
2026-06-07 07:46:54,GWL,Clear,0.16,8.15,0.9,38.1,74.8
2026-03-17 12:09:30,GWL,Clear,0.03,9.15,0.1,18.0,63.8
2026-06-29 15:41:06,GWL,Cloudy,0.15,9.03,0.9,15.3,60.5
2026-02-19 02:40:46,GWL,Cloudy,0.53,4.73,0.6,31.4,64.3
2026-03-28 08:46:49,GWL,Fog,0.71,3.78,1.1,23.8,73.4
2026-03-30 17:49:29,GWL,Clear,0.19,9.09,1.3,20.6,100.0
2026-03-07 20:05:28,GWL,Rain,0.23,6.21,9.9,14.8,78.1
2026-02-12 17:30:07,GWL,Cloudy,0.29,6.92,0.1,31.4,51.8
2026-04-28 17:54:04,GWL,Clear,0.49,5.29,0.8,34.5,44.5
2026-03-20 21:32:19,GWL,Fog,0.5,5.7,0.6,19.1,55.4
2026-05-01 12:02:09,GWL,Clear,0.4,7.61,0.9,18.8,65.8
2026-03-30 02:06:48,GWL,Clear,0.34,6.74,1.0,34.9,62.7
2026-01-10 18:30:02,GWL,Clear,0.28,7.06,0.3,30.5,54.2
2026-04-25 13:30:43,GWL,Clear,0.31,7.05,0.6,25.0,74.6
2026-05-24 06:22:25,GWL,Fog,0.65,3.74,0.5,36.7,75.5
2026-01-31 04:12:49,GWL,Clear,0.35,6.91,0.7,30.8,59.3
2026-02-22 15:52:21,GWL,Clear,0.24,8.42,0.8,34.8,93.4
2026-02-05 20:30:09,GWL,Clear,0.39,6.35,1.3,28.0,56.5
2026-04-05 11:08:15,GWL,Clear,0.26,8.09,0.4,20.2,33.8
2026-05-14 14:29:45,GWL,Cloudy,0.12,8.53,1.0,26.8,61.5
2026-05-25 19:05:29,GWL,Rain,0.34,6.14,27.6,13.2,48.7
2026-06-18 18:12:23,GWL,Clear,0.33,6.75,0.7,21.1,48.2
2026-02-27 06:18:35,GWL,Clear,0.12,9.03,0.2,17.4,68.9
2026-06-25 04:01:43,GWL,Rain,0.02,8.28,28.1,35.0,60.7
2026-03-22 14:35:08,GWL,Cloudy,0.28,7.41,1.1,33.2,37.2
2026-01-12 14:52:44,GWL,Clear,0.51,5.02,0.8,33.5,56.1
2026-05-20 12:10:26,GWL,Clear,0.26,7.21,0.9,34.0,60.8
2026-06-06 04:57:31,GWL,Clear,0.39,6.64,1.1,28.4,64.1
2026-05-11 16:03:32,GWL,Clear,0.22,8.21,1.1,31.4,76.6
2026-01-28 16:23:41,GWL,Rain,0.31,5.88,13.6,23.7,73.3
2026-02-20 22:00:15,GWL,Clear,0.21,8.28,0.3,33.7,90.2
2026-05-07 01:57:36,GWL,Rain,0.08,8.49,8.2,23.4,47.5
2026-04-02 14:36:03,GWL,Clear,0.62,4.93,1.1,23.2,76.9
2026-01-07 20:37:05,GWL,Clear,0.17,9.13,0.4,25.4,72.5
2026-06-14 23:11:03,GWL,Rain,0.22,7.51,11.1,16.4,57.6
2026-05-22 15:17:21,GWL,Clear,0.4,6.5,1.0,32.9,46.8
2026-03-06 09:37:16,GWL,Cloudy,0.5,5.65,0.3,29.3,34.6
2026-06-19 19:11:29,GWL,Clear,0.32,7.4,1.2,27.0,74.9
2026-05-19 14:14:38,GWL,Cloudy,0.15,8.32,1.2,23.4,60.2
2026-02-13 23:49:26,GWL,Cloudy,0.66,5.1,0.5,25.5,83.0
2026-05-11 09:20:49,GWL,Clear,0.09,9.17,1.4,25.9,27.6
2026-03-08 12:56:04,GWL,Cloudy,0.16,8.5,0.1,18.5,38.5
2026-02-05 10:06:03,GWL,Cloudy,0.35,7.02,1.3,5.8,99.6
2026-03-17 22:26:05,GWL,Clear,0.38,6.96,1.2,32.5,54.4
2026-01-13 05:02:40,GWL,Fog,0.6,5.14,0.4,27.5,56.4
2026-05-28 13:36:54,GWL,Clear,0.2,7.52,0.7,21.4,66.8
2026-06-13 22:53:37,GWL,Fog,0.92,2.4,0.5,35.0,73.3
2026-02-14 12:10:18,GWL,Clear,0.27,8.15,1.0,19.6,68.5
2026-03-09 22:29:36,GWL,Cloudy,0.1,8.76,1.0,24.9,52.9
2026-04-15 12:56:49,GWL,Clear,0.39,6.0,0.4,18.4,33.6
2026-06-10 22:09:24,GWL,Cloudy,0.6,5.54,0.7,23.1,67.5
2026-03-29 20:45:30,GWL,Cloudy,0.37,6.48,1.2,39.8,68.6
2026-03-30 11:49:04,GWL,Clear,0.23,7.68,0.6,29.2,74.7
2026-05-27 13:49:09,GWL,Clear,0.67,3.94,1.1,10.7,62.7
2026-04-11 23:35:47,GWL,Rain,0.85,1.22,8.8,31.8,56.0
2026-01-25 01:15:17,GWL,Clear,0.49,6.14,0.3,35.3,72.9
2026-04-30 03:02:48,GWL,Clear,0.16,9.58,0.9,15.4,72.6
2026-05-24 07:42:58,GWL,Clear,0.43,6.56,0.6,18.9,76.7
2026-01-16 16:08:02,GWL,Rain,0.16,8.15,1.9,28.0,68.9
2026-06-20 18:47:27,GWL,Cloudy,0.04,10.62,1.3,13.9,48.6
2026-04-04 14:37:12,GWL,Clear,0.34,6.61,1.3,8.0,68.7
2026-04-01 20:49:43,GWL,Clear,0.5,5.89,0.5,22.4,41.3
2026-04-08 17:16:56,GWL,Clear,0.39,7.55,0.9,21.2,67.0
2026-01-02 17:39:09,GWL,Cloudy,0.57,5.19,0.7,14.8,66.3
2026-03-31 02:29:52,GWL,Cloudy,0.24,8.06,1.4,20.0,57.3
2026-06-19 14:07:52,GWL,Clear,0.36,7.14,1.2,35.9,68.1
2026-05-01 18:50:37,GWL,Fog,0.68,3.66,0.6,14.3,46.8
2026-05-20 12:55:34,GWL,Cloudy,0.16,7.94,1.3,22.6,87.5
2026-01-09 10:16:22,GWL,Clear,0.25,8.02,0.6,27.4,97.7
2026-05-07 09:52:29,GWL,Clear,0.05,9.7,0.9,22.7,53.7
2026-05-26 02:07:18,GWL,Clear,0.19,8.32,1.5,22.5,68.9
2026-06-29 18:21:31,GWL,Rain,0.31,6.38,15.1,18.1,85.8
2026-04-17 01:51:31,GWL,Clear,0.1,9.16,0.1,8.5,48.3
2026-02-26 15:58:47,GWL,Clear,0.43,6.06,0.7,28.9,66.3
2026-02-27 04:58:50,GWL,Fog,0.4,6.36,1.2,20.8,20.0
2026-03-08 13:13:41,GWL,Clear,0.47,6.31,0.0,32.5,89.9
2026-02-28 19:13:23,GWL,Clear,0.2,8.3,1.3,21.2,57.8
2026-03-01 08:52:10,GWL,Clear,0.14,9.23,0.7,35.2,47.8
2026-02-26 06:20:32,GWL,Clear,0.39,7.22,0.3,17.9,51.7
2026-04-20 10:04:56,GWL,Fog,0.42,5.81,1.2,35.7,51.1
2026-06-04 10:31:53,GWL,Fog,0.42,6.04,0.5,30.5,70.4
2026-03-25 03:13:46,GWL,Rain,0.15,7.16,1.2,24.6,71.4
2026-03-30 17:58:21,GWL,Cloudy,0.42,6.37,0.7,19.5,55.2
2026-02-10 22:18:32,GWL,Rain,0.45,5.34,10.5,12.3,94.7
2026-01-13 12:26:23,GWL,Clear,0.22,8.55,1.4,13.8,56.3
2026-05-20 02:36:00,GWL,Clear,0.2,8.14,1.5,26.1,64.1
2026-03-04 21:29:38,GWL,Fog,0.98,1.13,0.7,19.1,100.0
2026-02-17 01:39:21,GWL,Clear,0.06,8.87,0.4,28.0,83.2
2026-04-24 21:56:20,GWL,Rain,0.46,5.37,16.1,22.9,91.1
2026-06-10 03:25:18,GWL,Fog,0.46,6.15,1.5,13.8,44.6
2026-01-05 10:13:46,GWL,Clear,0.17,9.22,1.2,11.7,86.4
2026-04-04 22:57:29,GWL,Cloudy,0.4,6.06,0.2,31.0,41.4
2026-04-05 22:31:52,GWL,Clear,0.28,6.91,1.2,45.3,56.2
2026-03-29 16:49:57,GWL,Fog,0.61,5.16,1.4,22.9,76.7
2026-06-28 11:22:00,GWL,Rain,0.32,5.6,14.9,39.0,37.1
2026-01-30 19:54:01,GWL,Clear,0.21,8.34,0.6,29.5,66.8
2026-02-03 11:36:14,GWL,Clear,0.36,6.97,0.1,25.7,67.5
2026-01-31 12:48:10,GWL,Clear,0.32,7.35,1.5,10.2,21.8
2026-04-28 19:30:30,GWL,Clear,0.31,6.87,1.0,30.4,100.0
2026-03-06 09:55:12,GWL,Clear,0.27,7.09,1.2,17.1,50.7
2026-06-27 17:11:11,GWL,Clear,0.33,7.36,0.8,28.6,67.0
2026-02-18 01:24:30,GWL,Clear,0.51,5.85,1.3,10.2,81.1
2026-05-17 00:45:39,GWL,Cloudy,0.26,7.32,0.6,33.3,72.4
2026-03-02 23:38:53,GWL,Clear,0.3,7.68,1.4,18.3,56.9
2026-04-28 22:26:08,GWL,Cloudy,0.35,7.4,0.7,23.8,58.9
2026-04-15 06:21:15,GWL,Clear,0.45,5.84,0.8,23.4,70.1
2026-06-11 19:26:44,GWL,Clear,0.46,5.71,0.3,20.3,91.0
2026-04-25 14:13:30,GWL,Rain,0.24,6.01,2.8,13.4,65.1
2026-02-10 16:02:31,GWL,Cloudy,0.13,9.33,0.1,26.6,42.6
2026-05-03 03:32:53,GWL,Cloudy,0.37,6.77,0.4,25.2,97.5
2026-03-25 21:50:41,GWL,Clear,0.29,7.31,0.3,25.8,75.2
2026-04-04 22:08:40,GWL,Fog,0.57,5.34,1.1,11.5,49.7
2026-02-09 23:13:14,GWL,Clear,0.17,8.59,0.9,15.3,59.6
2026-05-30 13:35:45,GWL,Clear,0.34,7.39,0.2,34.3,59.6
2026-02-17 11:33:17,GWL,Clear,0.05,10.06,0.6,16.2,43.5
2026-05-16 10:12:07,GWL,Cloudy,0.13,8.6,1.5,20.4,50.3
2026-04-30 06:24:49,GWL,Cloudy,0.27,7.88,0.2,24.1,79.4
2026-04-01 16:37:28,GWL,Clear,0.11,9.9,1.4,20.9,46.1
2026-06-20 14:43:04,GWL,Clear,0.22,7.54,0.6,20.6,44.6
2026-01-10 07:26:56,GWL,Fog,0.79,2.73,0.3,26.4,65.9
2026-03-06 02:23:18,GWL,Clear,0.28,8.39,1.3,21.5,58.0
2026-02-28 23:08:44,GWL,Cloudy,0.26,7.41,0.1,23.7,42.0
2026-04-03 17:14:36,GWL,Cloudy,0.39,7.27,1.1,33.1,62.9
2026-06-18 16:29:57,GWL,Cloudy,0.49,5.76,0.0,32.2,62.6
2026-04-30 00:47:06,GWL,Clear,0.47,6.08,0.6,22.9,99.0
2026-02-07 18:51:25,GWL,Cloudy,0.24,8.12,0.5,27.1,100.0
2026-03-03 09:11:41,GWL,Clear,0.37,6.21,1.0,30.1,47.2
2026-01-11 01:42:15,GWL,Cloudy,0.45,5.41,0.4,22.4,62.7
2026-01-15 17:53:41,GWL,Clear,0.24,8.2,0.0,18.1,59.6
2026-03-14 03:19:19,GWL,Clear,0.33,7.07,0.6,27.9,55.2
2026-05-20 22:00:10,GWL,Fog,0.57,5.13,0.1,21.5,75.3
2026-05-05 00:13:51,GWL,Clear,0.43,6.79,0.9,29.7,78.7
2026-04-07 03:45:55,GWL,Clear,0.26,7.18,0.0,19.2,62.1
2026-05-08 06:34:19,GWL,Clear,0.24,7.88,0.8,22.4,48.7
2026-03-17 08:40:37,GWL,Fog,0.38,6.77,1.2,22.4,63.2
2026-02-28 09:21:59,GWL,Clear,0.07,9.57,0.1,24.8,52.3
2026-02-02 00:24:02,GWL,Clear,0.49,5.97,0.9,20.8,57.5
2026-03-15 02:04:23,GWL,Clear,0.39,7.06,1.2,34.7,80.0
2026-03-18 04:13:22,GWL,Clear,0.4,7.1,0.2,29.4,45.7
2026-04-14 14:50:11,GWL,Clear,0.28,7.63,0.7,31.5,90.5
2026-04-28 13:05:09,GWL,Rain,0.5,4.51,11.7,20.7,100.0
2026-02-22 09:50:04,GWL,Clear,0.29,7.6,1.5,26.3,68.1
2026-06-23 02:02:47,GWL,Fog,0.54,5.43,0.6,37.4,61.3
2026-01-08 12:11:23,GWL,Clear,0.2,8.35,0.1,24.8,60.3
2026-06-30 03:26:35,GWL,Clear,0.25,7.98,0.6,20.3,77.9
2026-04-07 06:02:11,GWL,Cloudy,0.32,6.56,0.4,22.4,71.7
2026-03-05 00:02:55,GWL,Clear,0.39,6.4,0.4,22.2,73.3
2026-02-17 17:39:05,GWL,Clear,0.13,9.0,0.7,21.4,54.3
2026-03-06 00:37:13,GWL,Rain,0.18,7.27,15.9,18.5,75.6
2026-03-20 13:33:48,GWL,Clear,0.37,7.51,0.3,17.3,100.0
2026-04-22 18:32:48,GWL,Fog,0.68,4.19,0.5,14.1,62.8
2026-01-17 11:57:03,GWL,Cloudy,0.13,8.76,0.5,9.1,36.4
2026-04-04 09:57:50,GWL,Cloudy,0.48,6.61,0.9,10.3,48.6
2026-04-17 14:09:39,GWL,Clear,0.41,6.6,0.4,23.1,59.1
2026-03-02 22:43:23,GWL,Clear,0.34,6.71,0.3,35.6,37.4
2026-04-08 17:58:50,GWL,Clear,0.48,5.8,0.3,26.4,78.2
2026-02-08 03:14:52,GWL,Clear,0.13,8.8,0.0,27.4,92.3
2026-06-20 08:20:30,GWL,Cloudy,0.38,6.88,0.3,23.6,80.4
2026-06-07 10:23:44,GWL,Cloudy,0.24,8.09,0.1,12.1,70.4
2026-01-07 16:18:52,GWL,Clear,0.09,9.76,0.7,17.6,75.7
2026-01-05 04:43:06,GWL,Rain,0.16,7.46,17.2,18.1,48.2
2026-06-22 21:05:26,GWL,Rain,0.13,7.54,7.7,23.4,80.3
2026-05-21 22:13:24,GWL,Cloudy,0.02,9.2,1.2,12.8,69.2
2026-01-17 20:37:55,GWL,Clear,0.62,4.71,0.2,14.6,85.0
2026-06-10 17:22:33,GWL,Cloudy,0.23,8.46,0.8,23.2,62.1
2026-05-31 05:25:21,GWL,Clear,0.1,8.4,1.4,29.2,55.8
2026-04-29 20:35:05,GWL,Rain,0.14,7.04,13.6,31.5,89.8
2026-04-24 13:29:17,GWL,Clear,0.26,7.1,0.9,25.0,45.3
2026-02-15 00:24:45,GWL,Cloudy,0.24,7.89,0.2,27.6,100.0
2026-06-14 07:11:17,GWL,Clear,0.25,8.47,0.7,29.5,63.8
2026-06-10 17:53:49,GWL,Cloudy,0.38,6.47,0.3,20.8,75.5
2026-05-27 11:31:42,GWL,Fog,0.53,6.13,0.2,34.9,77.4
2026-02-16 00:26:49,GWL,Rain,0.45,5.31,12.6,22.3,73.2
2026-02-05 10:17:02,GWL,Cloudy,0.15,8.79,0.2,22.1,70.9
2026-04-24 02:58:18,GWL,Clear,0.58,5.57,0.2,32.1,78.4
2026-06-02 01:34:06,GWL,Rain,0.36,5.83,16.8,25.7,82.4
2026-03-19 14:28:37,GWL,Clear,0.15,8.07,1.5,19.7,92.5
2026-02-03 09:04:16,GWL,Clear,0.13,8.86,0.7,45.3,70.6
2026-01-12 17:50:21,GWL,Cloudy,0.06,9.49,0.1,23.2,54.5
2026-02-16 22:29:49,GWL,Clear,0.27,6.92,0.1,31.4,60.5
2026-05-01 17:10:04,GWL,Clear,0.3,7.28,0.8,31.8,62.5
2026-01-16 15:42:55,GWL,Cloudy,0.39,7.67,0.0,18.6,45.4
2026-01-20 00:02:17,GWL,Fog,0.91,1.86,0.9,14.2,82.3
2026-06-03 16:53:52,GWL,Clear,0.36,7.17,0.2,39.9,32.5
2026-01-19 00:41:26,GWL,Cloudy,0.24,7.87,0.1,22.8,70.2
2026-01-30 14:11:38,GWL,Clear,0.43,6.05,1.1,19.8,55.9
2026-03-12 11:40:55,GWL,Fog,0.79,3.68,0.7,21.8,93.5
2026-01-28 14:48:05,GWL,Clear,0.16,8.06,1.4,20.1,49.0
2026-03-09 03:17:31,GWL,Clear,0.08,9.69,0.0,15.4,53.8
2026-02-11 20:38:26,GWL,Clear,0.05,9.59,0.5,39.8,67.9
2026-03-30 17:03:45,GWL,Fog,0.92,2.01,1.2,19.6,58.3
2026-05-05 18:36:30,GWL,Clear,0.26,7.83,0.8,29.2,49.7
2026-01-15 13:59:55,GWL,Cloudy,0.42,6.43,1.2,26.5,38.6
2026-05-21 14:48:06,GWL,Clear,0.32,6.83,1.0,33.2,38.7
2026-06-24 06:22:33,GWL,Clear,0.25,7.77,1.0,12.9,63.9
2026-03-03 05:39:33,GWL,Clear,0.11,9.33,1.0,20.4,100.0
2026-06-20 19:05:16,GWL,Clear,0.44,6.77,1.2,14.3,56.0
2026-04-29 22:14:47,GWL,Clear,0.34,6.73,1.4,25.7,64.0
2026-01-10 20:46:27,GWL,Fog,0.84,2.87,0.1,20.7,94.0
2026-06-26 00:56:04,GWL,Clear,0.35,6.85,0.3,28.2,69.2
2026-01-18 05:51:17,GWL,Clear,0.08,9.65,1.5,21.2,64.4
2026-03-11 22:45:24,GWL,Clear,0.19,9.01,1.1,16.0,44.7
2026-05-29 16:41:53,GWL,Clear,0.4,6.79,0.4,35.5,61.1
2026-03-30 16:25:31,GWL,Cloudy,0.36,6.35,0.6,7.4,74.8
2026-05-03 07:25:34,GWL,Fog,1.0,1.01,1.5,6.4,50.0
2026-02-16 18:11:47,GWL,Cloudy,0.23,8.32,0.3,20.8,70.7
2026-03-06 03:22:33,GWL,Clear,0.36,7.05,0.6,18.8,20.1
2026-06-18 13:28:09,GWL,Clear,0.2,7.7,0.4,31.3,32.6
2026-04-11 16:47:55,GWL,Fog,1.0,1.97,0.2,25.8,85.1
2026-03-08 09:54:27,GWL,Clear,0.56,4.99,0.3,38.3,61.7
2026-01-28 23:38:38,GWL,Fog,0.64,4.17,0.4,14.9,72.5
2026-05-02 15:52:18,GWL,Rain,0.21,6.65,17.6,13.4,100.0
2026-06-27 14:38:49,GWL,Clear,0.44,5.73,0.5,22.4,55.5
2026-01-02 09:19:22,GWL,Cloudy,0.12,9.54,1.4,31.1,33.4
2026-05-17 03:44:53,GWL,Clear,0.25,7.31,1.4,24.2,49.2
2026-02-08 04:34:29,GWL,Cloudy,0.42,5.22,1.1,18.2,80.2
2026-04-05 20:29:40,GWL,Clear,0.11,8.59,1.3,21.0,77.3
2026-03-10 09:22:18,GWL,Fog,0.52,4.94,1.3,17.3,86.1
2026-04-10 16:30:09,GWL,Cloudy,0.21,7.76,0.5,38.5,100.0
2026-06-23 22:47:12,GWL,Clear,0.27,8.14,1.4,32.9,42.0
2026-04-21 03:35:15,GWL,Clear,0.4,6.62,0.1,28.3,83.5
2026-05-11 06:11:43,GWL,Rain,0.1,7.83,1.7,18.4,64.7
2026-02-11 05:53:39,GWL,Cloudy,0.31,7.66,0.1,10.4,94.0
2026-04-13 03:50:40,GWL,Rain,0.09,7.68,8.9,31.9,63.4
2026-06-01 00:36:35,GWL,Fog,0.44,5.71,1.1,27.5,74.1
2026-06-17 22:59:54,GWL,Fog,0.48,6.44,0.7,24.0,94.4
2026-05-15 01:48:13,GWL,Cloudy,0.55,5.33,1.1,14.5,62.4
2026-06-21 07:47:49,GWL,Clear,0.39,6.41,0.1,30.1,45.5
2026-01-05 00:54:14,GWL,Fog,0.84,3.06,0.5,25.1,80.9
2026-03-05 23:51:08,GWL,Rain,0.08,7.67,10.4,10.9,70.7
2026-04-11 11:48:29,GWL,Clear,0.09,9.66,0.1,26.8,45.0
2026-04-17 14:45:27,GWL,Clear,0.36,6.84,1.0,27.2,31.6
2026-05-24 09:28:31,GWL,Rain,0.17,7.64,11.8,29.1,63.8
2026-04-13 04:58:28,GWL,Clear,0.18,9.41,0.3,21.8,57.6
2026-02-03 13:46:42,GWL,Clear,0.16,9.42,1.1,21.3,69.0
2026-04-07 06:31:55,GWL,Clear,0.14,8.64,0.8,40.8,65.3
2026-02-01 13:35:40,GWL,Clear,0.21,9.19,1.2,18.6,100.0
2026-01-16 18:35:15,GWL,Cloudy,0.43,5.66,0.7,25.7,100.0
2026-06-17 16:32:16,GWL,Clear,0.13,9.17,0.7,23.7,83.5
2026-05-23 18:55:03,GWL,Rain,0.36,6.16,12.5,20.6,69.5
2026-04-20 23:43:17,GWL,Fog,0.68,4.58,0.6,44.4,57.5
2026-01-03 04:01:02,GWL,Fog,0.68,4.11,0.6,17.3,80.4
2026-01-19 01:06:31,GWL,Clear,0.2,7.98,0.7,13.2,52.6
2026-02-24 05:57:05,GWL,Clear,0.31,7.1,0.1,31.9,61.3
2026-04-03 19:33:05,GWL,Clear,0.58,4.97,1.1,25.4,99.2
2026-04-17 20:49:13,GWL,Clear,0.4,6.75,0.5,33.1,55.4
2026-05-15 10:01:41,GWL,Clear,0.51,5.32,0.8,-4.8,100.0
2026-01-15 07:12:45,GWL,Clear,0.43,5.77,0.3,24.9,61.5
2026-01-18 18:07:21,GWL,Clear,0.38,6.9,0.5,24.8,94.7
2026-01-11 04:24:20,GWL,Fog,0.56,5.77,0.4,23.8,77.2
2026-01-07 17:36:28,GWL,Fog,0.6,3.99,0.6,33.9,55.3
2026-06-14 05:23:01,GWL,Clear,0.11,8.4,0.9,32.7,47.5
2026-05-03 11:22:27,GWL,Fog,0.44,6.24,0.6,30.4,73.6
2026-02-07 09:25:46,GWL,Clear,0.23,8.68,1.1,22.2,34.9
2026-06-02 08:00:00,GWL,Clear,0.63,5.6,0.8,33.3,64.8
2026-05-17 08:18:27,GWL,Clear,0.51,5.69,1.1,38.8,76.0
2026-05-11 13:02:11,GWL,Fog,0.75,4.59,1.4,33.0,57.0
2026-03-27 20:56:10,GWL,Clear,0.37,6.81,0.7,26.5,71.7
2026-05-08 15:30:04,GWL,Cloudy,0.21,7.9,0.8,8.1,58.1
2026-05-09 14:07:17,GWL,Rain,0.1,7.85,5.9,27.5,57.0
2026-03-02 02:36:41,GWL,Rain,0.17,7.87,16.3,40.0,46.2
2026-03-01 19:36:12,GWL,Clear,0.21,8.71,0.7,14.1,74.9
2026-05-04 12:06:03,GWL,Rain,0.19,7.37,7.6,23.0,66.6
2026-02-11 10:39:29,GWL,Clear,0.26,7.41,0.0,33.4,81.1
2026-06-02 22:13:44,GWL,Clear,0.59,4.79,1.2,12.0,52.9
2026-01-26 22:50:51,GWL,Cloudy,0.06,9.47,0.2,34.2,65.8
2026-04-05 23:42:35,GWL,Clear,0.42,6.03,0.1,32.2,53.9
2026-06-18 15:13:35,GWL,Cloudy,0.26,8.32,1.0,11.7,75.7
2026-01-28 18:42:37,GWL,Clear,0.35,7.35,0.2,29.1,78.2
2026-03-09 20:25:35,GWL,Clear,0.22,7.7,0.1,29.9,76.0
2026-04-30 22:40:45,GWL,Clear,0.3,7.9,1.3,35.0,100.0
2026-03-13 10:04:30,GWL,Cloudy,0.6,5.59,0.0,15.0,20.2
2026-05-16 05:45:10,GWL,Cloudy,0.38,7.12,1.1,37.8,66.5
2026-01-07 15:07:50,GWL,Clear,0.29,8.13,0.5,34.0,51.2
2026-04-19 10:04:11,GWL,Clear,0.21,8.05,1.3,26.6,57.1
2026-02-06 14:44:50,GWL,Fog,0.37,6.79,0.6,28.5,58.2
2026-02-04 21:32:59,GWL,Clear,0.38,7.19,1.1,28.3,91.8
2026-02-16 23:36:29,GWL,Rain,0.67,2.7,6.7,26.8,78.4
2026-02-08 17:46:52,GWL,Fog,0.96,1.97,0.7,19.5,85.4
2026-05-31 03:55:08,GWL,Cloudy,0.21,8.35,0.7,20.6,70.1
2026-03-01 13:37:48,GWL,Clear,0.08,9.26,0.4,19.3,52.9
2026-02-17 03:47:41,GWL,Clear,0.25,8.03,0.7,27.4,100.0
2026-01-25 12:33:59,GWL,Clear,0.19,8.96,0.9,30.5,48.3
2026-02-17 18:18:53,GWL,Fog,0.9,2.27,1.4,31.6,100.0
2026-04-05 04:03:14,GWL,Clear,0.34,7.37,0.7,33.9,63.9
2026-04-22 12:09:49,GWL,Cloudy,0.57,4.75,0.2,32.6,88.2
2026-02-15 11:57:06,GWL,Rain,0.14,6.75,11.3,29.9,64.6
2026-03-29 15:31:03,GWL,Clear,0.02,9.82,0.5,17.6,56.0
2026-06-13 15:35:34,GWL,Clear,0.22,8.16,0.8,33.5,77.7
2026-01-26 04:54:20,GWL,Rain,0.37,5.67,2.1,16.1,75.7
2026-06-10 03:07:26,GWL,Clear,0.4,6.36,0.2,24.6,35.5
2026-04-28 03:58:49,GWL,Clear,0.2,8.09,1.4,22.3,33.0
2026-02-06 08:09:25,GWL,Clear,0.21,7.68,1.3,34.0,78.6
2026-05-14 13:53:04,GWL,Clear,0.33,7.13,0.8,21.6,36.7
2026-03-05 20:40:30,GWL,Clear,0.43,6.79,1.2,21.6,48.4
2026-04-04 03:47:33,GWL,Clear,0.46,5.67,0.8,21.1,53.1
2026-06-01 13:35:28,GWL,Clear,0.49,5.41,1.1,21.2,48.6
2026-03-14 03:11:40,GWL,Cloudy,0.46,5.89,0.0,31.8,59.7
2026-06-23 03:51:39,GWL,Rain,0.26,7.03,16.6,31.8,75.7
2026-01-12 03:23:03,GWL,Clear,0.61,3.5,1.0,37.0,86.1
2026-06-10 13:08:16,GWL,Clear,0.22,8.23,0.0,26.7,57.8
2026-06-07 06:06:12,GWL,Fog,0.44,6.98,1.3,10.9,72.1
2026-05-29 06:59:42,GWL,Cloudy,0.12,8.98,0.7,24.4,85.8
2026-05-07 02:33:17,GWL,Clear,0.32,6.85,1.1,24.3,49.7
2026-03-12 13:18:19,GWL,Fog,0.63,5.14,1.5,13.8,69.3
2026-03-18 05:52:45,GWL,Rain,0.14,7.53,10.1,14.4,59.8
2026-04-09 09:33:45,GWL,Clear,0.27,7.3,1.5,33.9,55.4
2026-05-26 20:59:24,GWL,Clear,0.42,7.04,1.2,15.9,85.2
2026-02-27 12:52:48,GWL,Clear,0.48,6.35,0.6,33.2,79.6
2026-02-14 22:58:55,GWL,Clear,0.38,6.26,1.4,21.3,62.2
2026-01-03 19:47:15,GWL,Clear,0.56,5.49,0.7,33.1,64.3
2026-01-07 20:22:26,GWL,Fog,0.61,4.55,0.7,20.9,100.0
2026-05-11 10:34:35,GWL,Fog,0.49,5.2,0.8,14.7,87.9
2026-05-23 22:26:20,GWL,Clear,0.49,5.43,1.4,27.6,74.9
2026-03-20 19:01:15,GWL,Clear,0.19,9.81,1.5,31.8,85.3
2026-01-12 19:33:07,GWL,Clear,0.09,8.99,1.5,38.0,72.6
2026-02-07 09:58:16,GWL,Fog,0.39,7.04,1.4,21.6,88.8
2026-05-12 16:53:08,GWL,Rain,0.31,6.04,19.5,46.3,79.0
2026-06-16 02:44:07,GWL,Fog,0.75,3.53,0.7,26.7,86.1
2026-06-29 05:14:11,GWL,Clear,0.32,6.93,0.5,25.9,29.7
2026-02-01 12:44:07,GWL,Clear,0.4,5.6,1.4,18.3,71.9
2026-02-17 22:26:30,GWL,Rain,0.51,3.75,1.0,15.5,50.9
2026-01-16 23:08:18,GWL,Fog,0.56,5.85,0.7,28.7,90.1
2026-04-18 00:46:05,GWL,Clear,0.47,7.09,0.5,24.6,82.9
2026-01-18 14:25:41,GWL,Clear,0.18,8.77,1.1,9.0,42.1
2026-05-22 07:24:09,GWL,Cloudy,0.65,4.1,1.1,15.6,46.3
2026-01-13 23:27:29,GWL,Rain,0.46,5.38,14.0,12.7,79.2
2026-06-02 08:04:44,GWL,Clear,0.28,8.29,1.2,32.8,62.3
2026-04-22 20:58:31,GWL,Cloudy,0.55,5.1,0.1,29.7,71.8
2026-03-23 03:01:10,GWL,Fog,0.56,5.25,1.1,21.4,83.1
2026-03-27 19:02:54,GWL,Cloudy,0.27,8.03,0.3,19.0,75.0
2026-01-27 20:50:05,GWL,Clear,0.38,6.65,1.4,19.4,43.7
2026-05-01 10:59:49,GWL,Clear,0.11,8.97,0.5,17.8,63.1
2026-05-06 09:04:07,GWL,Clear,0.15,8.73,0.5,20.0,80.5
2026-06-19 06:16:51,GWL,Clear,0.1,8.6,0.9,19.2,32.3
2026-04-26 15:32:47,GWL,Clear,0.12,9.7,0.9,16.9,62.5
2026-05-30 22:07:31,GWL,Clear,0.11,9.73,1.2,33.8,70.2
2026-02-10 14:13:06,GWL,Clear,0.32,6.89,0.8,24.7,76.8
2026-02-20 04:14:14,GWL,Clear,0.62,5.6,1.4,35.0,99.0
2026-05-14 05:56:53,GWL,Cloudy,0.37,6.48,1.3,30.4,73.3
2026-04-29 11:19:48,GWL,Clear,0.45,6.55,1.4,15.6,37.7
2026-02-22 08:06:30,GWL,Clear,0.2,8.98,0.9,22.1,66.6
2026-05-26 18:30:33,GWL,Clear,0.15,8.6,1.0,36.2,42.2
2026-03-25 04:47:32,GWL,Clear,0.19,7.61,0.6,36.5,60.2
2026-06-21 20:53:20,GWL,Clear,0.06,8.95,0.2,6.0,44.0
2026-06-29 02:28:18,GWL,Cloudy,0.37,6.81,0.0,14.0,83.0
2026-05-16 17:36:21,GWL,Cloudy,0.08,9.82,0.0,15.1,54.4
2026-05-29 05:47:20,GWL,Cloudy,0.31,7.77,0.4,28.8,43.0
2026-02-25 03:02:10,GWL,Clear,0.21,7.95,0.7,20.9,82.7
2026-02-15 09:28:35,GWL,Clear,0.39,6.48,1.1,26.4,67.7
2026-01-14 03:27:34,GWL,Fog,0.41,6.37,0.9,37.4,100.0
2026-05-01 16:54:38,GWL,Clear,0.22,8.7,0.2,14.2,44.4
2026-06-05 02:00:08,GWL,Clear,0.11,9.13,0.2,20.0,39.1
2026-01-21 15:20:01,GWL,Clear,0.33,6.74,0.3,17.2,83.3
2026-06-27 11:59:49,GWL,Cloudy,0.25,8.33,0.8,13.8,78.9
2026-01-25 20:45:37,GWL,Fog,0.49,5.85,0.7,36.7,58.7
2026-06-23 04:08:48,GWL,Clear,0.35,7.58,1.3,12.9,53.4
2026-01-23 16:42:26,GWL,Clear,0.21,8.19,1.3,29.9,72.2
2026-04-18 08:47:17,GWL,Rain,0.22,7.0,3.4,17.1,90.0
2026-06-23 21:15:06,GWL,Clear,0.1,10.25,0.6,16.7,68.1
2026-06-24 19:18:15,GWL,Clear,0.35,7.63,0.1,17.2,20.0
2026-01-24 16:07:57,GWL,Clear,0.43,6.52,1.0,36.7,57.9
2026-05-19 21:35:22,GWL,Clear,0.16,8.53,1.5,23.2,85.7
2026-02-01 12:25:25,GWL,Clear,0.18,8.71,1.2,26.1,51.2
2026-06-14 20:38:58,GWL,Rain,0.27,7.69,15.3,22.8,88.1
2026-03-28 15:19:07,GWL,Clear,0.3,8.0,0.6,24.3,87.5
2026-04-09 10:36:27,GWL,Clear,0.27,8.13,1.3,21.8,66.7
2026-01-23 21:16:45,GWL,Rain,0.44,4.58,4.3,18.3,100.0
2026-04-04 22:19:40,GWL,Clear,0.31,7.9,1.2,19.0,87.4
2026-04-22 06:35:48,GWL,Cloudy,0.15,9.48,0.5,17.0,54.2
2026-04-02 11:10:04,GWL,Cloudy,0.11,8.57,1.0,44.1,100.0
2026-06-14 13:42:03,GWL,Fog,0.58,5.56,1.1,27.3,59.1
2026-03-02 16:05:58,GWL,Clear,0.24,8.23,0.8,20.8,76.6
2026-05-30 19:24:10,GWL,Cloudy,0.22,8.31,0.8,35.3,63.3
2026-06-16 19:01:48,GWL,Cloudy,0.37,7.26,1.0,30.7,51.8
2026-03-08 05:47:09,GWL,Clear,0.14,8.21,1.3,8.9,60.7
2026-03-17 16:50:06,GWL,Cloudy,0.62,4.8,0.2,19.3,87.9
2026-03-01 15:16:59,GWL,Rain,0.17,6.76,13.8,12.6,80.3
2026-05-07 09:52:33,GWL,Cloudy,0.41,6.72,1.4,29.2,57.2
2026-03-17 19:07:52,GWL,Clear,0.1,9.55,0.8,28.5,59.0
2026-04-28 17:21:23,GWL,Clear,0.15,8.04,0.4,31.0,80.7
2026-05-06 18:13:32,GWL,Cloudy,0.2,8.24,1.1,24.5,100.0
2026-05-12 12:26:35,GWL,Clear,0.21,8.05,1.0,26.7,46.0
2026-05-20 09:17:25,GWL,Fog,0.81,3.18,1.4,24.4,78.4
2026-02-19 19:42:30,GWL,Clear,0.33,7.64,0.2,29.1,100.0
2026-04-18 11:18:32,GWL,Cloudy,0.63,4.56,0.8,19.5,81.9
2026-02-12 22:36:16,GWL,Rain,0.57,3.85,18.1,13.8,61.4
2026-01-07 03:44:39,GWL,Clear,0.57,4.85,1.3,28.2,96.0
2026-01-23 18:30:23,GWL,Clear,0.15,8.47,0.9,28.4,65.8
2026-04-07 14:59:28,GWL,Rain,0.19,7.54,3.3,26.1,39.9
2026-02-02 09:56:34,GWL,Clear,0.35,6.76,1.3,21.0,64.7
2026-04-10 01:29:10,GWL,Fog,0.73,3.14,0.2,22.0,67.4
2026-05-15 05:57:09,GWL,Cloudy,0.29,6.97,0.4,26.8,70.9
2026-04-08 17:05:28,GWL,Clear,0.15,8.64,1.1,36.7,75.5
2026-03-17 07:14:45,GWL,Rain,0.08,8.18,11.4,26.3,60.0
2026-05-13 05:02:56,GWL,Clear,0.39,7.28,1.3,31.5,72.1
2026-06-09 06:51:26,GWL,Clear,0.06,9.41,0.7,22.2,74.9
2026-02-23 00:18:53,GWL,Clear,0.06,9.72,1.3,26.2,47.4
2026-03-26 10:44:26,GWL,Cloudy,0.27,7.93,0.7,25.1,77.2
2026-03-18 17:57:15,GWL,Cloudy,0.28,7.91,0.0,36.0,70.6
2026-06-12 14:41:07,GWL,Clear,0.16,8.11,0.8,25.0,55.7
2026-05-23 23:47:36,GWL,Cloudy,0.42,5.69,0.6,29.4,30.5
2026-01-11 13:08:45,GWL,Cloudy,0.38,7.14,0.9,22.2,71.2
2026-02-09 22:31:41,GWL,Clear,0.4,5.74,1.2,12.5,72.3
2026-04-05 15:31:46,GWL,Clear,0.37,6.98,1.0,35.1,64.6
2026-06-22 19:24:34,GWL,Cloudy,0.49,5.73,0.1,33.4,74.7
2026-06-29 20:24:47,GWL,Cloudy,0.32,7.49,1.4,13.7,64.8
2026-01-20 15:48:36,GWL,Clear,0.12,9.27,0.6,28.2,70.4
2026-01-08 21:05:33,GWL,Cloudy,0.27,7.11,0.6,21.0,20.0
2026-03-04 15:33:12,GWL,Rain,0.3,6.06,2.5,26.6,54.5
2026-04-15 11:58:30,GWL,Rain,0.56,3.59,12.3,43.3,89.1
2026-06-07 05:41:48,GWL,Rain,0.05,8.16,7.5,29.6,75.0
2026-03-17 02:53:35,GWL,Fog,0.75,3.45,0.8,35.2,83.6
2026-05-23 02:59:46,GWL,Fog,0.67,4.88,0.6,40.1,74.4
2026-05-25 02:37:25,GWL,Fog,0.78,3.55,1.3,22.6,84.5
2026-04-04 05:55:11,GWL,Fog,0.42,6.61,1.4,31.5,85.9
2026-02-28 22:46:28,GWL,Clear,0.27,7.81,0.4,20.2,57.9
2026-02-12 04:30:28,GWL,Rain,0.43,4.4,8.1,24.5,93.8
2026-01-21 03:41:04,GWL,Clear,0.14,8.56,1.5,11.1,84.7
2026-01-01 13:34:40,GWL,Rain,0.24,6.31,16.4,25.5,72.7
2026-05-29 08:38:02,GWL,Clear,0.26,6.75,1.3,22.6,49.6
2026-04-23 08:46:41,GWL,Fog,0.41,5.8,0.1,22.1,100.0
2026-04-22 23:40:10,GWL,Fog,0.94,2.36,1.1,7.6,100.0
2026-01-16 18:54:34,GWL,Cloudy,0.18,7.95,0.3,12.1,100.0
2026-04-26 11:58:28,GWL,Clear,0.25,8.39,0.3,19.9,80.3
2026-06-24 20:37:28,GWL,Clear,0.62,4.87,1.4,24.6,65.4
2026-06-02 04:24:26,GWL,Rain,0.24,6.08,13.0,30.8,85.6
2026-06-17 22:41:22,GWL,Cloudy,0.09,9.38,0.6,30.2,75.4
2026-04-10 09:44:04,GWL,Clear,0.61,5.29,0.6,7.0,60.4
2026-06-07 19:24:49,GWL,Clear,0.26,8.31,1.4,41.4,81.2
2026-06-14 13:42:42,GWL,Fog,0.63,4.2,0.2,24.1,65.2
2026-06-05 19:27:35,GWL,Clear,0.45,6.28,0.8,39.6,70.3
2026-06-08 06:44:58,GWL,Rain,0.1,7.33,5.2,26.4,71.9
2026-04-01 15:57:53,GWL,Clear,0.31,6.98,0.3,18.3,92.4
2026-04-06 12:49:16,GWL,Clear,0.15,8.13,1.1,21.8,88.2
2026-02-17 13:55:58,GWL,Clear,0.37,7.16,0.3,19.3,66.3
2026-02-07 12:10:40,GWL,Clear,0.46,6.68,0.8,26.4,68.6
2026-01-17 02:19:24,GWL,Cloudy,0.06,9.38,0.4,29.5,42.6
2026-05-03 02:03:53,GWL,Clear,0.37,7.0,0.3,16.9,70.9
2026-06-25 18:16:51,GWL,Clear,0.08,9.45,0.4,38.9,58.6
2026-06-15 06:30:10,GWL,Clear,0.28,7.34,0.7,21.1,70.9
2026-01-07 18:02:09,GWL,Rain,0.51,4.09,17.3,20.7,65.7
2026-05-28 15:01:57,GWL,Clear,0.12,8.4,1.1,24.1,51.6
2026-02-25 08:27:18,GWL,Clear,0.16,8.66,0.6,31.1,51.8
2026-01-28 17:38:35,GWL,Fog,0.41,6.06,0.1,16.7,61.7
2026-06-15 22:43:10,GWL,Clear,0.1,8.38,0.3,29.9,63.2
2026-06-23 02:57:34,GWL,Clear,0.76,2.79,1.2,30.2,89.0
2026-05-08 17:04:01,GWL,Rain,0.4,4.62,12.1,11.1,61.2
2026-05-24 13:09:56,GWL,Fog,0.78,3.4,1.0,26.5,84.0
2026-01-17 09:30:16,GWL,Clear,0.15,8.88,1.4,13.0,43.5
2026-02-19 11:08:30,GWL,Clear,0.21,8.44,1.4,42.7,30.3
2026-02-12 03:55:32,GWL,Clear,0.29,7.07,1.4,17.3,69.3
2026-03-19 03:39:23,GWL,Clear,0.03,9.62,1.2,25.3,76.6
2026-01-11 14:51:38,GWL,Rain,0.06,8.19,11.4,26.5,52.9
2026-06-04 06:49:56,GWL,Clear,0.06,9.32,1.3,28.4,82.3
2026-06-01 19:31:16,GWL,Cloudy,0.57,5.22,0.9,30.0,60.7
2026-02-01 04:46:24,GWL,Clear,0.27,7.52,0.6,31.2,73.5
2026-04-18 17:58:50,GWL,Clear,0.27,6.82,0.8,0.4,80.5
2026-03-08 21:40:16,GWL,Clear,0.38,6.75,0.8,28.9,39.4
2026-02-01 11:31:55,GWL,Fog,0.46,7.2,1.0,23.7,42.7
2026-01-13 17:36:14,GWL,Clear,0.18,8.58,1.1,34.2,50.9
2026-03-06 16:48:34,GWL,Rain,0.68,2.18,14.7,27.5,69.3
2026-06-21 02:43:02,GWL,Clear,0.41,5.91,0.9,30.2,88.6
2026-03-14 00:06:31,GWL,Clear,0.24,8.43,0.5,21.4,76.8
2026-06-30 11:39:09,GWL,Cloudy,0.17,8.55,0.5,15.9,62.6
2026-02-17 00:25:43,GWL,Clear,0.54,5.26,1.3,15.9,55.3
2026-01-21 22:00:12,GWL,Fog,0.5,4.9,1.1,25.6,53.3
2026-02-14 01:20:16,GWL,Rain,0.11,7.74,6.5,31.4,56.2
2026-04-17 03:23:01,GWL,Clear,0.81,3.13,0.3,17.3,54.5
2026-02-15 20:57:27,GWL,Clear,0.65,3.86,1.2,29.9,70.4
2026-01-07 20:10:48,GWL,Cloudy,0.54,6.05,1.4,23.1,87.3
2026-03-02 02:02:11,GWL,Clear,0.26,7.56,0.2,14.3,57.5
2026-01-26 17:40:50,GWL,Clear,0.31,7.01,1.1,21.0,71.2
2026-01-26 15:20:22,GWL,Clear,0.35,6.78,0.2,18.0,82.9
2026-01-23 00:56:25,GWL,Clear,0.43,6.71,0.4,27.8,77.9
2026-05-13 10:00:36,GWL,Fog,0.68,4.85,1.0,30.9,70.1
2026-02-05 23:18:07,GWL,Cloudy,0.12,8.39,0.4,22.4,54.0
2026-05-16 19:08:26,GWL,Clear,0.37,6.72,1.3,31.7,41.4
2026-04-10 22:04:36,GWL,Fog,0.53,5.84,1.0,23.8,57.1
2026-05-11 21:14:01,GWL,Clear,0.46,6.06,0.5,27.4,70.7
2026-04-23 23:23:20,GWL,Clear,0.18,8.45,0.3,16.3,64.9
2026-01-06 07:03:37,GWL,Clear,0.31,7.55,0.8,29.2,100.0
2026-01-18 07:04:35,GWL,Clear,0.23,7.33,0.6,29.6,28.1
2026-06-22 03:25:48,GWL,Fog,0.71,4.17,0.4,20.4,90.4
2026-06-04 18:17:57,GWL,Cloudy,0.27,7.55,0.5,19.8,46.6
2026-03-07 03:59:40,GWL,Clear,0.27,7.25,0.2,23.8,85.9
2026-05-28 15:39:55,GWL,Cloudy,0.27,7.06,0.2,38.7,66.9
2026-05-30 12:20:36,GWL,Clear,0.2,7.79,1.1,25.1,70.9
2026-05-10 14:53:34,GWL,Cloudy,0.63,4.85,0.0,31.8,80.8
2026-01-31 01:11:27,GWL,Clear,0.28,7.36,1.5,23.6,66.2
2026-01-21 10:05:23,GWL,Cloudy,0.2,9.1,1.1,31.9,39.9
2026-03-02 11:03:29,GWL,Clear,0.29,7.58,1.2,14.0,75.2
2026-04-29 03:47:31,GWL,Clear,0.43,7.21,1.1,15.5,70.5
2026-06-10 12:37:11,GWL,Clear,0.07,9.5,0.3,19.7,44.6
2026-03-26 05:13:08,GWL,Fog,0.69,3.85,1.4,23.8,78.5
2026-05-28 15:16:52,GWL,Clear,0.04,9.49,0.2,39.5,64.1
2026-03-10 20:34:14,GWL,Clear,0.21,7.98,0.8,17.3,70.1
2026-03-20 17:50:05,GWL,Rain,0.09,7.24,5.4,23.5,76.6
2026-05-25 16:44:41,GWL,Clear,0.47,6.37,0.6,28.7,56.4
2026-05-16 23:29:50,GWL,Clear,0.66,4.01,1.1,27.3,64.8
2026-04-04 18:48:39,GWL,Clear,0.4,6.27,0.1,24.0,52.4
2026-02-21 22:19:12,GWL,Clear,0.43,7.06,0.2,20.5,60.9
2026-01-18 09:43:53,GWL,Clear,0.1,8.74,0.4,30.0,76.2
2026-05-10 17:54:42,GWL,Clear,0.3,8.09,0.0,25.3,67.6
2026-03-11 06:29:31,GWL,Cloudy,0.34,6.89,1.2,27.4,89.2
2026-04-08 13:27:40,GWL,Cloudy,0.1,8.74,1.0,12.5,60.9
2026-02-11 16:34:15,GWL,Clear,0.23,7.59,0.6,25.9,27.5
2026-04-13 15:52:54,GWL,Clear,0.28,7.31,0.7,33.5,71.5
2026-05-16 04:36:19,GWL,Clear,0.16,9.06,0.6,18.3,62.4
2026-02-02 23:43:19,GWL,Clear,0.27,7.84,1.0,30.3,65.6
2026-05-18 13:05:16,GWL,Clear,0.07,8.77,0.7,21.1,100.0
2026-05-17 08:38:50,GWL,Cloudy,0.02,9.32,0.8,34.3,69.5
2026-04-21 23:20:00,GWL,Clear,0.05,9.8,1.3,26.0,60.1
2026-02-03 21:05:10,GWL,Cloudy,0.46,6.94,0.2,29.4,94.0
2026-04-17 16:51:17,GWL,Clear,0.03,9.4,0.6,13.1,77.5
2026-02-23 16:42:58,GWL,Cloudy,0.19,8.57,1.0,23.4,67.6
2026-03-29 04:07:06,GWL,Rain,0.29,5.72,19.0,32.5,74.3
2026-06-11 13:41:39,GWL,Clear,0.7,4.34,0.7,24.7,61.4
2026-03-12 04:15:36,GWL,Clear,0.31,7.19,1.3,29.3,66.5
2026-05-22 15:29:11,GWL,Fog,0.49,5.91,0.3,18.3,87.6
2026-04-20 04:21:48,GWL,Clear,0.02,10.73,1.2,20.2,60.5
2026-06-07 06:07:46,GWL,Fog,0.59,5.63,1.4,25.5,71.9
2026-05-25 12:59:46,GWL,Fog,0.51,5.73,0.9,26.2,89.2
2026-05-11 22:13:39,GWL,Cloudy,0.03,9.91,1.0,27.4,39.5
2026-02-03 09:32:29,GWL,Clear,0.11,9.21,1.5,32.1,66.1
2026-02-13 17:28:19,GWL,Clear,0.33,6.62,1.1,20.4,46.3
2026-03-28 03:47:28,GWL,Cloudy,0.17,8.9,1.3,30.3,41.0
2026-01-22 21:31:35,GWL,Clear,0.74,4.69,0.7,21.9,54.9
2026-06-18 08:41:55,GWL,Rain,0.21,6.63,12.1,18.5,86.0
2026-04-07 00:00:03,GWL,Rain,0.08,8.03,5.6,18.8,32.3
2026-05-16 00:36:25,GWL,Fog,0.57,5.02,1.2,47.9,66.6
2026-05-02 07:47:35,GWL,Rain,0.08,7.78,15.9,21.3,55.9
2026-02-27 14:48:36,GWL,Clear,0.08,9.74,1.5,20.9,57.2
2026-02-22 10:47:21,GWL,Clear,0.33,7.54,0.8,27.5,65.7
2026-02-03 00:09:00,GWL,Cloudy,0.27,7.16,1.0,31.2,67.8
2026-01-28 08:30:52,GWL,Clear,0.59,5.22,0.8,19.5,43.6
2026-01-01 10:45:36,GWL,Clear,0.5,5.76,1.2,13.9,80.2
2026-02-01 20:27:43,GWL,Rain,0.36,5.56,6.2,14.2,67.1
2026-06-22 18:34:27,GWL,Rain,0.28,5.99,20.8,37.8,95.3
2026-02-11 07:17:29,GWL,Clear,0.1,9.79,0.6,30.8,62.6
2026-04-21 14:36:42,GWL,Cloudy,0.2,8.37,0.8,26.7,69.8
2026-05-24 17:42:15,GWL,Clear,0.05,8.68,1.1,33.1,61.0
2026-02-11 00:57:19,GWL,Clear,0.25,8.24,0.6,25.0,57.9
2026-06-12 17:21:44,GWL,Clear,0.63,5.06,1.4,30.3,95.4
2026-04-07 21:38:02,GWL,Cloudy,0.31,6.21,1.0,11.5,88.8
2026-05-15 16:13:15,GWL,Clear,0.16,8.23,0.9,20.1,60.2
2026-02-21 08:53:52,GWL,Cloudy,0.16,8.49,1.1,27.9,63.7
2026-04-27 20:27:24,GWL,Cloudy,0.14,8.51,0.9,28.4,46.5
2026-02-08 06:26:46,GWL,Clear,0.51,6.15,0.9,24.1,99.5
2026-04-07 15:17:50,GWL,Clear,0.53,5.58,0.6,13.9,75.0
2026-06-10 11:23:22,GWL,Cloudy,0.04,9.81,1.4,25.4,59.7
2026-05-05 05:08:34,GWL,Clear,0.38,7.37,1.2,25.3,70.6
2026-05-22 16:32:07,GWL,Clear,0.41,7.11,1.3,27.2,66.7
2026-06-07 02:02:24,GWL,Clear,0.23,8.21,0.9,25.2,51.7
2026-04-30 09:24:35,GWL,Clear,0.1,9.34,1.4,17.2,40.5
2026-04-29 08:27:07,GWL,Fog,0.76,3.9,0.5,35.5,72.6
2026-05-29 19:23:40,GWL,Clear,0.19,8.5,1.0,32.3,35.7
2026-01-30 06:22:46,GWL,Clear,0.5,5.96,0.6,21.5,81.1
2026-03-17 08:09:23,GWL,Clear,0.15,9.21,0.9,20.5,42.2
2026-04-09 21:45:17,GWL,Fog,0.66,4.8,0.8,33.5,98.6
2026-02-04 12:36:48,GWL,Rain,0.18,7.22,1.6,30.0,74.4
2026-05-05 03:05:07,GWL,Rain,0.41,5.33,3.2,31.0,100.0
2026-06-14 19:49:18,GWL,Clear,0.11,9.5,0.8,18.2,64.7
2026-02-23 21:36:28,GWL,Clear,0.67,3.98,1.3,13.5,58.8
2026-01-18 10:54:47,GWL,Rain,0.07,9.18,3.1,16.7,62.7
2026-02-23 15:34:54,GWL,Clear,0.2,8.69,1.4,37.1,72.1
2026-06-08 18:49:22,GWL,Cloudy,0.46,5.71,0.9,22.4,73.1
2026-01-15 12:59:43,GWL,Cloudy,0.11,8.76,0.4,27.1,100.0
2026-02-06 22:11:04,GWL,Clear,0.24,8.48,1.4,28.7,68.1
2026-03-18 04:26:04,GWL,Clear,0.12,8.63,0.4,12.0,48.3
2026-03-28 15:47:03,GWL,Clear,0.13,9.47,0.2,39.0,74.4
2026-05-09 12:18:20,GWL,Fog,0.73,3.85,1.2,19.3,70.8
2026-06-01 02:02:43,GWL,Clear,0.27,7.8,0.6,24.1,51.5
2026-01-03 13:34:21,GWL,Clear,0.26,8.14,1.5,19.5,91.0
2026-02-17 20:18:32,GWL,Clear,0.2,8.31,0.1,21.7,58.8
2026-03-31 04:22:07,GWL,Clear,0.34,6.96,0.4,14.4,70.6
2026-04-25 13:22:12,GWL,Fog,0.4,6.61,0.8,33.8,68.0
2026-06-04 21:15:58,GWL,Clear,0.08,9.01,0.1,22.1,55.1
2026-02-28 08:30:22,GWL,Clear,0.15,9.1,0.9,32.3,59.7
2026-05-01 18:50:06,GWL,Clear,0.44,7.19,1.4,25.6,90.3
2026-01-17 14:36:25,GWL,Clear,0.2,8.17,0.4,13.3,34.6
2026-04-07 13:35:30,GWL,Clear,0.48,5.56,1.4,24.5,74.8
2026-03-02 15:59:32,GWL,Clear,0.19,8.23,0.9,27.9,66.7
2026-01-11 17:12:21,GWL,Clear,0.05,9.51,0.2,11.1,49.1
2026-02-17 21:02:12,GWL,Clear,0.43,6.13,0.8,29.5,68.0
2026-02-19 11:01:23,GWL,Fog,0.63,4.75,0.5,28.2,60.1
2026-06-15 13:03:44,GWL,Clear,0.25,8.02,1.3,20.8,42.4
2026-06-21 10:48:22,GWL,Clear,0.28,8.11,0.9,26.4,56.4
2026-01-22 20:12:42,GWL,Rain,0.1,7.83,9.3,25.2,64.3
2026-06-15 14:25:46,GWL,Fog,0.79,3.59,0.1,20.0,63.7
2026-03-21 00:58:24,GWL,Rain,0.4,5.55,2.0,19.2,67.8
2026-02-13 09:57:04,GWL,Clear,0.46,5.71,0.0,31.0,93.6
2026-02-15 21:14:43,GWL,Rain,0.58,3.66,5.0,17.9,69.6
2026-06-13 23:34:42,GWL,Clear,0.08,10.29,0.6,19.9,60.1
2026-01-13 01:43:17,GWL,Clear,0.17,8.44,1.1,18.4,50.7
2026-02-20 15:53:04,GWL,Clear,0.32,7.44,0.5,27.0,40.4
2026-06-23 14:33:54,GWL,Clear,0.11,8.96,0.0,14.6,70.7
2026-04-28 11:45:06,GWL,Clear,0.3,7.7,1.3,29.8,68.2
2026-05-20 11:18:19,GWL,Clear,0.08,9.64,0.4,18.0,67.3
2026-01-19 01:06:48,GWL,Fog,0.49,5.72,1.0,10.3,32.8
2026-02-13 05:43:47,GWL,Clear,0.23,9.33,1.0,13.6,98.4
2026-02-25 18:42:20,GWL,Clear,0.36,7.59,0.1,26.5,74.1
2026-05-07 20:20:42,GWL,Rain,0.55,4.72,16.3,37.7,56.1
2026-05-10 12:33:23,GWL,Fog,0.52,6.02,0.9,22.2,65.1
2026-04-02 05:46:56,GWL,Rain,0.17,6.99,18.4,28.5,50.4
2026-01-05 20:10:12,GWL,Clear,0.23,7.86,0.9,14.6,67.4
2026-06-13 11:45:18,GWL,Clear,0.05,9.87,0.3,37.2,50.7
2026-06-28 19:57:24,GWL,Clear,0.4,6.48,0.1,23.9,53.0
2026-05-20 09:10:19,GWL,Rain,0.13,8.42,1.8,21.4,95.3
2026-05-11 02:13:02,GWL,Clear,0.08,9.37,1.0,23.2,77.2
2026-03-28 03:18:42,GWL,Clear,0.33,7.28,0.7,26.0,66.8
2026-03-17 20:06:58,GWL,Cloudy,0.57,5.64,0.6,13.7,69.8
2026-03-16 08:33:22,GWL,Clear,0.32,8.19,0.4,21.5,49.3
2026-01-22 19:12:25,GWL,Clear,0.45,5.46,0.0,21.7,51.3
2026-05-29 10:57:42,GWL,Clear,0.2,8.88,1.3,32.7,35.7
2026-02-06 17:48:31,GWL,Fog,0.41,6.32,0.0,28.4,83.5
2026-05-06 20:50:48,GWL,Clear,0.18,8.4,1.4,23.0,85.2
2026-05-10 06:12:35,GWL,Cloudy,0.3,7.34,0.5,6.8,100.0
2026-02-02 10:37:57,GWL,Clear,0.13,9.31,0.1,22.4,36.6
2026-02-19 08:09:52,GWL,Clear,0.22,7.98,0.2,21.3,53.1
2026-05-25 18:37:48,GWL,Clear,0.49,5.73,0.0,19.3,50.3
2026-05-08 10:12:54,GWL,Cloudy,0.24,8.12,0.3,16.9,48.2
2026-01-27 03:52:21,GWL,Clear,0.1,9.48,0.6,37.8,31.3
2026-05-01 12:28:41,GWL,Cloudy,0.16,8.43,0.5,18.1,91.6
2026-04-09 14:11:08,GWL,Clear,0.13,7.91,1.3,11.6,59.2
2026-03-05 10:42:41,GWL,Cloudy,0.14,8.34,0.6,22.4,76.5
2026-06-25 07:54:53,GWL,Clear,0.24,8.77,1.1,27.3,71.0
2026-06-02 21:55:42,GWL,Clear,0.52,5.63,0.3,14.1,84.2
2026-04-28 01:07:49,GWL,Clear,0.23,7.27,1.4,38.5,91.5
2026-04-29 07:54:26,GWL,Clear,0.26,7.76,0.1,17.8,64.4
2026-06-25 11:44:48,GWL,Cloudy,0.52,6.01,1.2,29.3,66.4
2026-05-04 00:46:32,GWL,Clear,0.43,6.01,1.1,11.9,66.4
2026-05-25 23:30:15,GWL,Clear,0.55,4.99,1.1,40.7,39.9
2026-04-30 07:33:03,GWL,Clear,0.07,9.36,0.8,21.9,85.7
2026-05-06 13:54:43,GWL,Clear,0.12,9.3,0.7,25.7,68.3
2026-03-10 10:04:08,GWL,Clear,0.46,6.22,0.7,14.5,75.4
2026-04-03 14:07:15,GWL,Rain,0.21,6.1,2.5,20.1,51.7
2026-04-22 23:03:57,GWL,Fog,0.83,2.59,0.8,25.3,64.1
2026-02-14 03:09:22,GWL,Rain,0.07,8.1,3.9,26.5,80.4
2026-01-05 00:53:43,GWL,Clear,0.58,5.35,1.0,13.1,100.0
2026-04-10 10:57:38,GWL,Clear,0.24,7.85,0.9,34.0,100.0
2026-01-15 04:30:35,GWL,Clear,0.11,9.15,1.2,20.2,100.0
2026-02-13 09:01:42,GWL,Fog,0.64,4.69,1.2,16.1,67.1
2026-06-30 15:27:19,GWL,Cloudy,0.32,7.1,1.3,26.9,50.7
2026-06-06 13:24:07,GWL,Fog,0.76,3.05,0.4,17.7,61.1
2026-02-16 04:22:39,GWL,Cloudy,0.37,6.94,1.2,17.8,66.1
2026-04-01 04:25:55,GWL,Clear,0.3,7.01,1.1,26.4,68.5
2026-06-19 15:26:33,GWL,Clear,0.22,8.31,0.7,24.7,26.1
2026-05-12 04:20:44,GWL,Clear,0.2,8.65,0.5,32.5,81.9
2026-01-04 16:01:17,GWL,Clear,0.21,8.32,0.1,32.3,53.1
2026-05-27 15:52:36,GWL,Clear,0.2,8.13,0.0,31.9,84.1
2026-03-16 07:37:39,GWL,Clear,0.38,6.78,0.0,12.0,53.8
2026-06-21 23:09:03,GWL,Cloudy,0.48,5.4,0.0,20.0,76.7
2026-03-11 06:03:31,GWL,Fog,0.8,3.02,0.8,13.8,74.0
2026-01-17 21:26:22,GWL,Clear,0.1,8.29,0.9,21.7,84.0
2026-06-25 01:45:17,GWL,Clear,0.07,9.18,0.3,29.0,52.2
2026-05-22 07:29:21,GWL,Clear,0.34,7.51,1.4,20.1,50.5
2026-05-30 07:43:02,GWL,Rain,0.11,8.18,4.4,32.4,46.7
2026-02-23 22:48:42,GWL,Cloudy,0.2,8.24,0.6,30.1,48.6
2026-03-29 16:09:31,GWL,Clear,0.32,7.35,0.5,24.6,37.3
2026-05-26 09:53:07,GWL,Fog,0.82,2.96,0.1,19.3,60.6
2026-01-27 00:41:51,GWL,Fog,0.51,5.64,1.1,21.4,74.8
2026-01-09 22:38:27,GWL,Clear,0.24,7.17,1.3,20.9,59.3
2026-01-29 19:41:28,GWL,Clear,0.5,5.51,1.2,19.6,76.3
2026-03-29 00:59:28,GWL,Cloudy,0.1,8.58,0.8,31.7,64.9
2026-06-10 03:58:41,GWL,Clear,0.55,5.79,0.2,34.4,61.0
2026-02-24 04:50:23,GWL,Fog,0.48,5.03,1.5,26.4,77.2
2026-06-30 01:43:46,GWL,Rain,0.31,6.03,14.6,14.8,82.4
2026-06-29 17:29:10,GWL,Fog,0.83,2.9,0.5,30.3,84.1
2026-02-02 15:28:44,GWL,Clear,0.23,7.64,0.7,19.4,39.9
2026-02-22 18:45:27,GWL,Clear,0.23,7.55,0.4,36.5,60.0
2026-02-18 07:48:32,GWL,Fog,0.71,4.71,0.9,22.9,62.5
2026-06-06 16:48:43,GWL,Rain,0.31,5.86,7.1,32.7,52.8
2026-01-19 14:43:31,GWL,Cloudy,0.38,6.92,0.3,18.8,90.1
2026-02-19 03:18:05,GWL,Rain,0.56,4.17,0.3,24.9,73.6
2026-01-18 19:57:22,GWL,Clear,0.4,7.11,1.2,24.1,66.8
2026-04-15 18:45:28,GWL,Fog,0.53,5.52,1.0,22.5,48.1
2026-02-19 12:43:15,GWL,Rain,0.11,8.24,9.4,20.8,70.4
2026-06-16 08:22:33,GWL,Cloudy,0.14,9.2,0.6,30.4,62.1
2026-05-22 00:52:50,GWL,Cloudy,0.28,7.22,1.3,22.0,57.6
2026-05-27 06:29:04,GWL,Clear,0.1,8.45,0.4,26.3,61.1
2026-02-15 14:26:01,GWL,Clear,0.58,4.92,0.1,19.4,65.1
2026-01-05 16:06:22,GWL,Clear,0.5,5.7,1.1,29.9,84.6
2026-01-22 09:38:24,GWL,Cloudy,0.2,8.62,0.7,27.7,73.2
2026-04-17 12:15:53,GWL,Clear,0.09,8.69,0.4,32.6,54.5
2026-03-21 12:43:15,GWL,Clear,0.06,9.88,0.8,12.1,64.3
2026-04-14 02:58:15,GWL,Cloudy,0.4,6.37,0.7,22.3,63.2
2026-06-01 21:32:29,GWL,Clear,0.01,10.03,0.3,37.1,46.2
2026-05-11 16:15:08,GWL,Clear,0.1,9.32,0.4,16.0,100.0
2026-06-02 19:11:17,GWL,Clear,0.12,9.29,0.3,30.0,48.2
2026-03-04 03:35:56,GWL,Clear,0.22,7.66,0.9,33.7,96.2
2026-01-18 12:01:19,GWL,Cloudy,0.31,7.18,1.4,46.2,69.8
2026-05-19 18:31:36,GWL,Rain,0.6,3.6,8.9,29.5,85.3
2026-01-04 20:35:30,GWL,Clear,0.02,10.37,0.8,18.8,44.1
2026-02-27 09:16:40,GWL,Cloudy,0.21,7.61,0.2,27.1,54.5
2026-03-22 07:37:41,GWL,Clear,0.45,5.85,0.6,25.6,87.9
2026-06-24 01:24:38,GWL,Clear,0.2,7.93,1.4,26.2,34.0
2026-05-05 07:08:04,GWL,Fog,0.6,5.52,0.8,31.7,58.1
2026-03-04 23:22:52,GWL,Clear,0.49,5.3,0.5,17.8,56.2
2026-06-11 00:17:51,GWL,Cloudy,0.24,8.08,1.1,10.6,52.1
2026-03-31 23:58:27,GWL,Clear,0.39,7.12,0.4,26.6,67.9
2026-01-24 01:43:35,GWL,Clear,0.05,8.78,0.8,9.0,60.3
2026-05-11 12:18:15,GWL,Clear,0.48,6.72,1.2,19.5,77.0
2026-02-25 09:03:29,GWL,Clear,0.16,8.57,0.0,18.4,64.2
2026-02-12 09:24:52,GWL,Cloudy,0.19,8.65,1.2,18.0,62.9
2026-01-14 13:10:52,GWL,Rain,0.42,4.88,12.4,32.9,60.1
2026-04-02 23:40:43,GWL,Clear,0.38,6.83,0.5,10.4,97.5
2026-06-15 23:53:57,GWL,Cloudy,0.42,7.21,0.4,18.8,76.4
2026-06-27 17:26:10,GWL,Cloudy,0.49,5.2,1.2,30.2,73.0
2026-03-25 12:01:20,GWL,Clear,0.24,7.85,0.1,33.6,37.4
2026-06-11 04:17:36,GWL,Rain,0.03,7.96,4.7,31.7,35.5
2026-01-03 10:29:45,GWL,Cloudy,0.22,8.14,1.2,20.4,74.9
2026-06-22 01:39:30,GWL,Cloudy,0.57,5.32,0.5,31.1,74.6
2026-04-27 16:40:39,GWL,Cloudy,0.01,9.91,0.3,20.0,42.5
2026-02-27 03:40:07,GWL,Fog,0.47,5.28,1.4,33.6,46.7
2026-04-10 17:12:04,GWL,Clear,0.18,8.69,1.5,13.7,66.1
2026-01-03 07:04:09,GWL,Clear,0.18,8.09,0.8,26.7,74.7
2026-03-25 19:28:48,GWL,Clear,0.31,8.09,0.9,28.2,68.7
2026-06-12 09:39:22,GWL,Clear,0.23,7.93,0.3,17.2,71.6
2026-03-13 20:04:58,GWL,Clear,0.12,8.91,0.5,8.2,92.3
2026-05-28 04:58:27,GWL,Clear,0.27,8.06,0.4,25.4,48.4
2026-04-20 21:28:19,GWL,Rain,0.45,5.01,2.4,28.3,52.9
2026-05-13 07:17:37,GWL,Clear,0.15,9.26,0.4,24.5,98.6
2026-01-14 04:53:25,GWL,Clear,0.15,8.1,1.0,12.2,85.4
2026-01-29 12:42:19,GWL,Clear,0.25,8.03,0.5,12.2,89.5
2026-05-05 05:57:51,GWL,Cloudy,0.15,8.64,1.1,8.6,41.8
2026-05-13 04:53:46,GWL,Clear,0.22,8.03,1.3,32.8,53.7
2026-06-17 18:24:39,GWL,Clear,0.32,6.74,1.2,38.7,72.6
2026-04-27 23:52:14,GWL,Cloudy,0.23,7.59,0.6,25.4,57.7
2026-06-14 08:44:23,GWL,Cloudy,0.58,4.72,0.2,26.0,79.4
2026-05-04 23:26:14,GWL,Clear,0.32,6.86,0.1,32.2,71.3
2026-01-28 13:46:16,GWL,Rain,0.56,4.35,10.0,16.1,37.0
2026-03-07 20:52:58,GWL,Clear,0.36,6.91,0.9,23.6,74.8
2026-05-14 01:39:50,GWL,Clear,0.23,8.68,1.3,15.0,94.3
2026-06-22 22:41:22,GWL,Clear,0.3,6.83,0.7,20.6,58.8
2026-01-20 17:34:26,GWL,Clear,0.2,8.0,0.2,12.9,85.7
2026-04-03 20:48:13,GWL,Clear,0.27,8.47,0.9,13.7,80.3
2026-06-21 01:33:42,GWL,Clear,0.33,7.56,0.7,30.2,45.3
2026-04-29 23:53:36,GWL,Fog,0.89,2.26,0.5,26.5,73.4
2026-04-16 21:30:20,GWL,Cloudy,0.17,7.68,1.4,20.3,51.6
2026-02-02 19:09:05,GWL,Clear,0.27,7.44,0.3,10.7,71.2
2026-02-05 22:21:00,GWL,Clear,0.04,10.18,0.2,24.4,94.5
2026-05-23 08:13:15,GWL,Clear,0.33,6.94,1.4,13.2,83.9
2026-04-23 06:49:13,GWL,Cloudy,0.15,8.55,1.3,22.1,100.0
2026-04-03 01:05:47,GWL,Fog,0.62,4.53,0.6,21.4,64.2
2026-04-23 06:00:21,GWL,Rain,0.61,3.04,9.2,11.3,100.0
2026-04-15 23:58:22,GWL,Clear,0.15,9.15,0.5,20.5,48.1
2026-03-08 14:42:16,GWL,Clear,0.33,6.96,0.5,29.8,50.6
2026-02-06 22:44:32,GWL,Clear,0.34,7.02,0.3,22.3,65.7
2026-06-08 06:21:20,GWL,Cloudy,0.11,9.39,0.5,27.7,69.3
2026-03-02 08:27:31,GWL,Clear,0.35,7.63,0.1,16.1,41.1
2026-03-04 01:20:25,GWL,Clear,0.26,8.05,0.5,35.9,66.6
2026-02-06 12:01:19,GWL,Fog,0.77,2.81,1.5,22.5,94.3
2026-02-05 09:09:22,GWL,Clear,0.43,6.27,0.3,26.1,62.0
2026-05-17 16:49:22,GWL,Rain,0.19,7.4,7.5,29.0,63.4
2026-01-29 05:20:29,GWL,Clear,0.38,6.39,0.8,17.8,82.0
2026-05-26 05:46:05,GWL,Clear,0.33,8.14,1.3,12.7,83.4
2026-04-16 14:26:19,GWL,Clear,0.18,8.97,0.5,25.9,37.6
2026-03-09 15:25:16,GWL,Clear,0.2,7.78,0.5,26.1,92.7
2026-05-13 18:22:19,GWL,Clear,0.28,8.04,1.4,26.1,67.4
2026-03-22 08:58:43,GWL,Clear,0.24,7.49,0.8,31.0,79.2
2026-05-20 05:40:49,GWL,Fog,0.58,5.16,0.2,4.5,42.7
2026-04-17 03:10:15,GWL,Clear,0.35,6.45,0.5,13.2,46.3
2026-02-04 06:31:45,GWL,Clear,0.48,6.44,1.1,23.2,94.2
2026-01-19 13:33:32,GWL,Clear,0.09,9.41,1.3,18.2,64.7
2026-04-07 14:45:11,GWL,Clear,0.17,9.07,1.0,21.1,67.6
2026-01-25 13:47:37,GWL,Cloudy,0.15,8.26,0.9,16.4,90.9
2026-01-28 15:30:29,GWL,Clear,0.15,9.0,0.9,27.2,93.5
2026-05-24 04:50:43,GWL,Clear,0.26,7.02,1.3,23.1,58.2
2026-04-11 23:22:21,GWL,Clear,0.32,8.01,1.4,20.0,83.7
2026-05-22 23:52:23,GWL,Rain,0.48,4.07,7.3,31.4,53.5
2026-03-27 23:49:41,GWL,Clear,0.5,5.84,0.4,20.6,59.9
2026-03-07 06:34:44,GWL,Fog,0.64,4.8,1.4,37.0,59.3
2026-06-27 16:24:30,GWL,Cloudy,0.31,8.09,0.3,30.9,39.2
2026-05-27 09:24:04,GWL,Cloudy,0.3,6.61,1.4,32.3,55.4
2026-05-29 06:21:04,GWL,Clear,0.33,6.63,0.4,26.6,100.0
2026-04-30 05:57:22,GWL,Clear,0.2,8.15,1.3,31.9,59.6
2026-05-06 11:58:16,GWL,Fog,0.69,3.95,1.3,24.0,69.5
2026-04-14 17:37:26,GWL,Rain,0.32,5.86,12.6,15.6,74.5
2026-03-18 11:39:09,GWL,Clear,0.19,7.76,0.7,20.1,90.7
2026-02-05 05:57:53,GWL,Cloudy,0.17,8.63,1.0,35.2,63.7
2026-04-10 00:41:11,GWL,Clear,0.08,9.36,0.0,3.6,37.3
2026-02-13 06:29:31,GWL,Fog,0.43,6.13,0.1,24.8,56.0
2026-02-06 11:07:38,GWL,Clear,0.29,7.26,0.3,26.0,96.1
2026-05-14 00:45:10,GWL,Fog,0.56,5.56,1.4,15.9,87.7
2026-02-14 01:49:03,GWL,Clear,0.29,7.58,0.1,14.3,77.8
2026-05-28 04:24:49,GWL,Cloudy,0.27,7.95,0.8,21.1,77.3
2026-04-13 19:08:46,GWL,Clear,0.29,7.03,0.9,27.6,74.4
2026-05-29 02:22:45,GWL,Clear,0.44,6.97,1.0,25.4,62.0
2026-03-29 23:08:14,GWL,Clear,0.52,5.82,0.8,18.0,58.5
2026-02-28 04:55:06,GWL,Rain,0.45,5.33,7.6,16.3,55.2
2026-04-18 10:20:06,GWL,Clear,0.19,8.69,0.7,29.8,85.5
2026-02-02 13:18:17,GWL,Rain,0.5,4.07,2.0,27.6,54.6
2026-04-17 09:43:25,GWL,Cloudy,0.29,7.27,1.2,30.8,50.8
2026-04-16 20:33:26,GWL,Rain,0.3,6.79,2.9,35.4,91.3
2026-06-08 06:00:31,GWL,Cloudy,0.17,7.85,1.4,23.5,41.4
2026-02-12 13:20:21,GWL,Rain,0.19,7.59,20.1,30.3,44.1
2026-03-07 22:30:58,GWL,Cloudy,0.17,9.09,1.4,13.6,77.6
2026-02-05 01:40:35,GWL,Clear,0.51,5.29,0.7,30.9,66.3
2026-05-28 21:58:48,GWL,Fog,0.7,3.45,0.7,35.5,70.4
2026-03-05 15:25:31,GWL,Clear,0.18,8.47,0.5,27.6,49.0
2026-01-01 23:36:00,GWL,Clear,0.06,9.97,0.8,34.2,55.2
2026-05-21 15:33:29,GWL,Clear,0.04,10.03,0.7,13.8,75.0
2026-02-07 02:27:50,GWL,Clear,0.2,9.17,1.5,8.8,47.2
2026-02-12 17:05:06,GWL,Clear,0.4,7.1,1.3,26.2,68.4
2026-03-09 13:05:43,GWL,Clear,0.19,8.05,0.5,21.3,45.6
2026-06-25 23:45:24,GWL,Fog,0.61,5.28,1.2,20.4,55.5
2026-05-20 18:32:32,GWL,Fog,0.61,4.17,0.3,27.3,55.6
2026-01-09 19:32:01,GWL,Clear,0.05,10.0,1.2,15.4,68.4
2026-03-22 06:56:06,GWL,Clear,0.49,6.2,1.1,17.0,75.6
2026-02-03 09:08:47,GWL,Clear,0.21,7.88,1.3,17.8,75.8
2026-06-13 18:53:58,GWL,Cloudy,0.35,6.53,0.6,13.4,84.7
2026-01-30 21:14:27,GWL,Cloudy,0.45,6.49,1.2,15.3,100.0
2026-01-08 07:57:46,GWL,Clear,0.37,7.54,0.9,23.6,62.7
2026-03-24 21:21:18,GWL,Cloudy,0.12,8.6,1.4,11.3,45.8
2026-01-08 09:18:34,GWL,Clear,0.35,7.05,0.1,16.2,74.8
2026-06-10 11:53:08,GWL,Clear,0.09,9.33,0.3,36.7,80.0
2026-01-25 18:34:50,GWL,Cloudy,0.53,5.54,0.6,37.9,83.5
2026-03-17 00:52:12,GWL,Clear,0.15,8.26,1.0,32.9,73.8
2026-01-08 03:12:21,GWL,Clear,0.16,8.85,0.3,31.6,59.1
2026-05-05 16:55:09,GWL,Clear,0.26,7.66,0.8,28.1,91.4
2026-03-30 08:14:13,GWL,Fog,0.88,2.12,0.6,8.7,70.7
2026-05-17 06:06:52,GWL,Clear,0.16,8.17,0.7,13.6,55.4
2026-04-14 19:58:07,GWL,Rain,0.72,2.46,14.5,23.2,74.3
2026-05-23 08:28:21,GWL,Clear,0.35,7.14,0.3,12.9,80.0
2026-01-08 20:26:30,GWL,Rain,0.16,7.52,12.7,20.1,20.0
2026-03-25 07:50:01,GWL,Clear,0.17,8.53,1.1,26.7,80.1
2026-06-02 05:08:39,GWL,Clear,0.36,7.07,1.4,35.9,85.1
2026-06-01 02:56:32,GWL,Clear,0.48,5.49,0.5,13.8,79.8
2026-04-10 00:48:23,GWL,Clear,0.31,7.38,0.9,22.9,52.4
2026-06-30 14:38:55,GWL,Cloudy,0.15,9.26,1.5,15.5,64.0
2026-06-09 12:04:39,GWL,Fog,0.77,3.84,1.1,22.9,100.0
2026-02-02 01:21:47,GWL,Clear,0.29,7.77,0.6,38.2,56.1
2026-04-21 21:19:57,GWL,Fog,0.87,2.75,1.0,18.4,95.0
2026-05-09 22:37:43,GWL,Rain,0.24,6.74,2.5,13.6,65.8
2026-02-27 20:22:18,GWL,Clear,0.24,7.6,0.1,13.2,68.7
2026-01-06 12:16:54,GWL,Clear,0.11,9.11,0.3,36.3,66.4
2026-05-29 23:05:53,GWL,Cloudy,0.51,5.46,0.8,29.4,77.8
2026-03-22 10:46:44,GWL,Clear,0.63,4.23,1.5,29.4,82.8
2026-03-16 21:49:23,GWL,Clear,0.23,8.2,1.0,25.2,79.4
2026-03-01 14:36:31,GWL,Clear,0.46,6.36,0.2,17.9,66.8
2026-05-14 21:51:09,GWL,Clear,0.15,8.61,1.5,16.0,46.2
2026-05-19 01:57:45,GWL,Clear,0.38,6.54,1.0,27.4,41.6
2026-06-10 23:58:13,GWL,Clear,0.29,8.08,0.1,26.1,88.5
2026-06-08 18:05:21,GWL,Fog,0.67,4.49,0.1,21.8,50.9
2026-05-18 13:53:16,GWL,Clear,0.08,9.39,1.1,17.0,44.5
2026-04-29 17:35:22,GWL,Clear,0.09,9.7,0.2,10.9,69.3
2026-01-18 12:45:26,GWL,Fog,0.69,4.38,1.3,25.7,70.4
2026-02-17 11:11:14,GWL,Rain,0.15,7.54,2.7,20.2,67.9
2026-05-12 12:02:25,GWL,Clear,0.53,5.18,0.0,18.0,49.7
2026-06-29 12:38:11,GWL,Fog,0.68,4.18,0.7,4.3,51.3
2026-02-05 04:35:04,GWL,Rain,0.32,6.57,2.0,24.8,71.6
2026-01-16 11:27:29,GWL,Clear,0.06,9.98,1.3,17.6,66.8
2026-03-20 23:39:43,GWL,Rain,0.33,6.35,7.2,5.6,65.2
2026-01-07 16:34:56,GWL,Clear,0.48,4.92,0.4,6.0,74.5
2026-04-27 19:00:58,GWL,Fog,0.88,3.17,0.1,28.6,48.0
2026-04-03 01:53:44,GWL,Cloudy,0.45,6.65,0.4,17.5,30.4
2026-05-24 23:32:18,GWL,Clear,0.43,6.12,1.1,31.4,70.3
2026-03-08 17:20:19,GWL,Cloudy,0.48,5.73,0.9,5.3,68.1
2026-03-14 14:15:08,GWL,Cloudy,0.01,9.98,1.2,15.9,55.5
2026-03-05 23:04:13,GWL,Rain,0.12,8.22,9.4,23.3,51.7
2026-02-22 02:24:55,GWL,Fog,0.75,3.5,1.0,36.8,52.3
2026-03-12 10:04:12,GWL,Clear,0.16,8.74,0.9,22.9,77.9
2026-05-21 09:54:55,GWL,Clear,0.08,9.06,0.6,30.7,66.0
2026-05-03 09:47:14,GWL,Clear,0.2,8.17,0.1,26.4,63.0
2026-04-20 20:40:04,GWL,Clear,0.13,9.06,1.1,22.8,40.9
2026-03-07 14:51:25,GWL,Clear,0.17,8.81,0.4,23.7,68.1
2026-04-12 04:52:58,GWL,Clear,0.02,9.34,0.3,15.4,59.4
2026-05-03 22:07:12,GWL,Clear,0.39,6.62,0.8,11.0,74.0
2026-06-27 09:34:03,GWL,Clear,0.14,9.27,0.3,22.0,31.5
2026-06-13 03:22:33,GWL,Clear,0.27,8.16,0.7,-2.0,86.8
2026-06-18 12:20:48,GWL,Clear,0.24,7.9,1.2,24.3,79.5
2026-03-07 03:59:18,GWL,Clear,0.12,9.04,0.5,20.4,51.9
2026-04-11 09:24:12,GWL,Cloudy,0.27,6.91,0.1,32.5,71.1
2026-04-06 12:18:02,GWL,Fog,0.48,5.2,1.1,14.5,87.1
2026-02-23 23:28:37,GWL,Clear,0.16,8.43,1.2,34.8,48.7
2026-02-25 05:12:35,GWL,Cloudy,0.39,6.43,1.4,28.1,52.6
2026-01-10 02:28:03,GWL,Clear,0.04,10.07,0.2,21.8,53.7
2026-06-02 10:34:47,GWL,Clear,0.1,8.69,1.1,11.9,72.7
2026-02-17 07:53:03,GWL,Clear,0.42,6.93,0.2,24.5,66.0
2026-01-20 11:02:02,GWL,Cloudy,0.25,8.39,0.6,23.1,57.3
2026-04-22 03:36:26,GWL,Clear,0.09,9.23,0.1,30.7,78.7
2026-04-03 19:08:42,GWL,Clear,0.17,9.31,1.4,26.5,43.9
2026-01-23 04:45:21,GWL,Cloudy,0.1,10.09,0.9,18.2,56.8
2026-01-14 11:38:14,GWL,Clear,0.15,8.43,0.2,31.4,71.0
2026-01-16 10:48:54,GWL,Rain,0.15,7.95,14.1,35.1,63.1
2026-06-21 22:18:18,GWL,Clear,0.05,9.7,0.5,26.5,25.6
2026-03-03 16:22:01,GWL,Clear,0.19,7.92,1.3,19.7,24.0
2026-04-05 12:04:07,GWL,Clear,0.44,5.94,1.1,29.1,65.4
2026-03-27 20:00:37,GWL,Cloudy,0.07,9.72,1.0,21.8,58.0
2026-01-11 03:23:39,GWL,Clear,0.2,8.67,0.1,10.1,56.6
2026-03-23 10:20:05,GWL,Cloudy,0.49,5.93,0.0,28.9,74.8
2026-04-19 06:32:36,GWL,Clear,0.11,9.69,0.3,26.3,64.1
2026-02-09 15:29:00,GWL,Clear,0.53,5.61,0.4,36.0,75.0
2026-06-05 20:05:26,GWL,Clear,0.11,8.94,0.2,16.1,54.3
2026-04-06 21:41:26,GWL,Clear,0.06,10.28,1.4,32.0,71.1
2026-01-05 17:39:37,GWL,Clear,0.5,6.16,1.3,9.6,69.0
2026-06-01 11:10:20,GWL,Rain,0.35,6.26,20.1,23.3,74.9
2026-01-10 13:47:20,GWL,Clear,0.08,9.65,0.2,15.1,85.0
2026-05-18 15:01:23,GWL,Cloudy,0.03,9.1,0.1,9.1,69.2
2026-02-25 23:22:35,GWL,Clear,0.31,7.61,0.9,23.0,73.9
2026-04-08 07:42:55,GWL,Cloudy,0.2,8.76,0.0,19.0,64.5
2026-01-20 07:50:02,GWL,Clear,0.2,7.53,1.4,31.3,83.0
2026-04-15 08:26:54,GWL,Clear,0.38,6.31,0.6,24.4,73.8
2026-04-03 03:26:56,GWL,Clear,0.63,4.35,0.4,21.4,100.0
2026-03-01 12:07:11,GWL,Cloudy,0.43,6.47,0.2,35.6,72.9
2026-02-05 17:50:45,GWL,Cloudy,0.29,7.24,1.2,24.4,43.5
2026-04-28 07:16:38,GWL,Clear,0.18,8.21,0.9,18.0,54.5
2026-03-21 03:04:33,GWL,Cloudy,0.61,4.57,0.3,33.1,65.1
2026-06-07 01:52:40,GWL,Rain,0.12,6.84,6.6,15.3,56.3
2026-03-23 21:30:27,GWL,Clear,0.32,7.16,1.0,10.8,62.3
2026-01-29 11:02:53,GWL,Clear,0.41,6.24,0.3,8.9,95.6
2026-01-01 12:30:31,GWL,Clear,0.87,2.94,1.1,14.0,69.3
2026-02-27 17:08:55,GWL,Rain,0.32,5.9,1.7,39.5,50.5
2026-01-29 03:07:48,GWL,Clear,0.16,9.21,0.4,31.1,35.3
2026-03-15 04:03:59,GWL,Rain,0.17,6.93,15.1,14.5,99.6
2026-03-17 16:49:37,GWL,Clear,0.43,6.07,0.1,16.9,74.3
2026-05-18 03:13:59,GWL,Cloudy,0.25,7.98,0.3,19.8,39.4
2026-01-26 00:40:18,GWL,Clear,0.08,9.51,0.3,9.7,60.5
2026-04-20 18:05:10,GWL,Cloudy,0.12,8.8,0.1,15.4,90.4
2026-04-20 23:17:26,GWL,Clear,0.1,9.21,0.5,30.6,42.9
2026-02-15 13:21:03,GWL,Fog,0.48,6.22,0.0,31.8,66.0
2026-05-16 17:33:54,GWL,Cloudy,0.07,9.39,0.9,26.4,23.2
2026-02-02 00:19:32,GWL,Clear,0.46,6.1,0.4,26.7,86.7
2026-03-13 06:39:28,GWL,Clear,0.06,9.21,0.8,24.7,73.1
2026-01-05 20:34:04,GWL,Clear,0.76,3.2,0.3,19.6,70.3
2026-01-10 23:30:45,GWL,Cloudy,0.59,5.48,0.6,19.1,82.0
2026-06-18 11:35:33,GWL,Clear,0.28,6.69,1.1,19.5,44.2
2026-06-02 05:37:45,GWL,Clear,0.58,5.5,0.2,17.5,30.2
2026-04-19 20:23:31,GWL,Clear,0.15,8.49,1.3,32.0,48.8
2026-04-11 02:57:35,GWL,Fog,0.57,4.93,0.3,18.5,59.4
2026-04-13 10:42:23,GWL,Clear,0.1,10.05,0.3,35.0,51.4
2026-06-24 11:07:26,GWL,Fog,0.48,5.68,0.8,21.0,68.2
2026-03-07 06:23:02,GWL,Fog,0.39,7.19,0.0,20.2,69.1
2026-03-08 14:36:28,GWL,Rain,0.15,7.29,5.7,44.0,43.0
2026-02-17 13:24:54,GWL,Cloudy,0.46,5.55,0.1,14.9,73.2
2026-05-20 13:13:43,GWL,Fog,0.53,5.44,0.9,12.1,51.8
2026-04-03 21:30:24,GWL,Clear,0.3,7.62,0.6,31.2,57.0
2026-02-11 02:17:00,GWL,Clear,0.21,9.02,0.8,16.3,56.5
2026-04-25 01:54:07,GWL,Clear,0.1,9.17,1.4,26.9,75.7
2026-06-06 12:05:26,GWL,Clear,0.38,6.13,1.3,32.0,67.5
2026-06-08 10:19:10,GWL,Clear,0.22,7.82,0.4,16.1,83.0
2026-06-26 17:58:11,GWL,Rain,0.39,4.8,14.2,30.1,49.6
2026-04-25 16:33:55,GWL,Clear,0.27,7.47,1.0,7.1,90.0
2026-01-15 18:40:02,GWL,Clear,0.31,7.62,0.8,36.7,62.9
2026-02-03 08:27:16,GWL,Clear,0.29,6.94,0.9,28.9,89.8
2026-01-02 14:54:23,GWL,Clear,0.55,5.17,0.6,32.1,63.8
2026-01-20 07:56:52,GWL,Clear,0.39,6.03,0.8,25.0,72.3
2026-02-18 01:14:25,GWL,Rain,0.4,5.44,2.3,24.0,94.4
2026-04-01 00:39:15,GWL,Clear,0.54,4.95,1.4,16.4,68.5
2026-03-01 19:26:03,GWL,Fog,0.48,5.86,1.1,32.0,42.4
2026-02-23 09:57:16,GWL,Clear,0.28,8.14,0.4,38.9,72.4
2026-01-08 21:17:59,GWL,Rain,0.23,6.49,0.4,35.0,88.1
2026-04-22 14:23:26,GWL,Clear,0.06,8.97,0.3,35.8,67.9
2026-02-18 08:37:37,GWL,Clear,0.09,9.69,0.8,30.1,50.0
2026-01-31 04:06:27,GWL,Fog,0.53,5.6,1.1,27.8,63.7
2026-03-09 10:07:39,GWL,Cloudy,0.42,6.47,1.2,15.6,61.8
2026-04-08 12:48:58,GWL,Clear,0.25,8.02,0.6,35.4,62.9
2026-01-24 18:29:18,GWL,Clear,0.56,4.95,0.6,27.0,68.1
2026-05-12 16:49:29,GWL,Cloudy,0.31,7.57,0.0,23.4,86.1
2026-03-20 19:32:50,GWL,Clear,0.46,6.44,0.0,15.6,76.3
2026-05-27 07:48:43,GWL,Cloudy,0.39,6.87,1.4,30.8,28.0
2026-05-10 01:49:05,GWL,Clear,0.13,8.21,0.6,23.1,41.3
2026-05-23 05:29:51,GWL,Clear,0.48,6.47,0.7,23.4,73.4
2026-02-13 02:35:19,GWL,Cloudy,0.04,8.95,0.5,21.1,58.3
2026-06-02 16:44:03,GWL,Clear,0.24,7.64,0.6,14.3,67.4
2026-02-17 04:52:06,GWL,Fog,1.0,1.63,0.7,35.0,64.5
2026-06-19 17:46:29,GWL,Clear,0.31,6.79,0.4,24.3,92.1
2026-02-24 17:30:21,GWL,Clear,0.48,6.24,1.3,24.6,53.6
2026-04-01 04:51:42,GWL,Fog,0.69,4.56,1.0,30.8,93.1
2026-06-04 21:52:34,GWL,Clear,0.45,6.85,0.0,12.7,69.3
2026-05-07 22:03:05,GWL,Clear,0.35,7.11,1.1,7.2,80.3
2026-04-18 00:13:28,GWL,Clear,0.29,7.03,1.1,32.0,58.7
2026-03-06 16:21:39,GWL,Cloudy,0.14,9.1,0.7,16.5,99.0
2026-05-08 12:43:24,GWL,Fog,0.48,6.48,0.6,11.3,67.8
2026-04-25 11:49:02,GWL,Clear,0.26,8.86,0.5,20.2,93.4
2026-01-08 05:58:22,GWL,Clear,0.74,3.49,1.2,31.7,56.5
2026-01-18 08:29:28,GWL,Clear,0.51,5.61,0.3,22.4,57.8
2026-01-21 08:37:31,GWL,Fog,0.5,5.83,0.8,32.6,67.5
2026-03-13 23:52:38,GWL,Clear,0.15,9.2,0.1,26.8,50.0
2026-03-29 09:57:42,GWL,Clear,0.33,7.34,0.5,22.1,43.9
2026-02-12 20:24:49,GWL,Cloudy,0.11,7.82,0.5,16.2,50.0
2026-02-24 09:24:27,GWL,Cloudy,0.31,6.69,0.5,22.1,87.5
2026-02-23 20:06:59,GWL,Clear,0.27,6.88,0.3,29.9,67.5
2026-03-02 10:11:46,GWL,Clear,0.47,5.84,0.4,24.1,92.1
2026-03-31 05:57:38,GWL,Clear,0.02,9.47,0.5,26.8,42.5
2026-04-18 04:02:11,GWL,Clear,0.6,4.96,0.1,25.9,64.7
2026-01-18 06:27:29,GWL,Clear,0.29,7.45,0.4,20.8,59.0
2026-02-24 09:55:57,GWL,Fog,0.54,4.64,0.9,17.0,52.1
2026-06-13 00:30:46,GWL,Cloudy,0.17,7.8,1.2,24.1,73.8
2026-02-03 16:17:02,GWL,Fog,0.64,4.19,0.9,23.3,98.2
2026-03-17 00:40:03,GWL,Clear,0.5,5.53,1.5,25.9,64.3
2026-01-10 09:38:50,GWL,Clear,0.35,7.17,0.2,26.0,51.5
2026-04-21 00:11:46,GWL,Cloudy,0.63,4.68,0.4,41.7,74.3
2026-06-24 20:54:21,GWL,Clear,0.26,7.29,0.5,32.7,86.4
2026-04-01 00:29:22,GWL,Clear,0.4,7.16,1.4,19.7,50.6
2026-04-20 08:26:12,GWL,Rain,0.32,5.98,3.3,15.8,100.0
2026-01-22 07:30:29,GWL,Clear,0.27,7.45,0.0,18.4,83.6
2026-01-15 00:35:38,GWL,Cloudy,0.25,7.91,1.2,21.2,41.5
2026-03-04 04:48:28,GWL,Cloudy,0.56,5.28,1.1,26.2,79.1
2026-01-18 08:03:18,GWL,Clear,0.44,5.59,0.9,19.9,94.3
2026-03-18 02:02:49,GWL,Rain,0.28,6.0,4.5,19.7,47.2
2026-03-11 19:36:12,GWL,Rain,0.27,5.71,1.0,12.1,61.9
2026-04-28 05:35:31,GWL,Clear,0.22,8.86,1.4,17.0,47.3
2026-03-02 04:37:15,GWL,Clear,0.19,8.78,0.1,35.3,70.3
2026-06-08 12:05:11,GWL,Clear,0.17,7.69,1.3,39.0,61.2
2026-06-30 20:33:12,GWL,Clear,0.41,6.81,0.5,22.7,72.2
2026-05-24 03:52:12,GWL,Clear,0.39,6.73,0.3,29.2,65.1
2026-03-10 13:48:57,GWL,Clear,0.28,7.41,0.2,19.5,58.4
2026-06-14 03:01:58,GWL,Clear,0.23,7.87,0.5,26.0,81.0
2026-06-21 02:44:32,GWL,Clear,0.46,6.51,0.4,28.4,62.2
2026-05-06 03:02:42,GWL,Clear,0.44,6.25,0.4,25.3,78.1
2026-02-21 15:46:46,GWL,Clear,0.34,7.9,0.5,24.7,65.5
2026-04-17 22:21:26,GWL,Fog,0.7,3.75,0.2,25.2,77.6
2026-01-03 09:35:55,GWL,Clear,0.03,10.11,1.4,12.4,47.0
2026-05-23 05:00:14,GWL,Clear,0.13,9.0,1.4,11.8,45.8
2026-06-05 13:58:17,GWL,Cloudy,0.29,7.91,0.3,23.8,70.2
2026-05-09 15:18:32,GWL,Clear,0.41,6.76,0.7,40.9,69.1
2026-03-28 19:19:35,GWL,Clear,0.25,7.92,0.1,25.0,78.1
2026-05-06 21:44:42,GWL,Rain,0.31,6.5,12.1,22.6,39.1
2026-06-24 06:41:23,GWL,Clear,0.17,9.1,0.8,30.8,20.0
2026-05-01 01:36:54,GWL,Clear,0.35,7.56,0.6,29.8,88.5
2026-05-26 06:48:01,GWL,Cloudy,0.17,8.12,0.5,27.1,92.6
2026-06-12 09:09:03,GWL,Rain,0.23,7.22,6.1,15.3,80.2
2026-05-22 06:18:25,GWL,Cloudy,0.06,9.21,0.3,23.5,72.7
2026-02-23 01:51:36,GWL,Fog,0.63,5.77,0.4,15.7,100.0
2026-05-22 11:22:51,GWL,Cloudy,0.14,9.36,0.2,35.1,62.8
2026-01-02 19:04:06,GWL,Clear,0.15,8.21,0.6,22.6,71.8
2026-06-03 16:09:22,GWL,Fog,0.39,7.37,0.8,10.6,48.1
2026-02-05 01:25:27,GWL,Clear,0.19,7.8,1.5,12.0,48.1
2026-06-23 20:17:17,GWL,Fog,0.59,4.7,1.2,26.0,70.2
2026-03-17 23:48:42,GWL,Rain,0.23,7.08,6.7,28.1,100.0
2026-04-14 12:11:12,GWL,Cloudy,0.25,7.76,0.6,39.1,47.8
2026-03-09 08:48:43,GWL,Rain,0.09,7.7,4.5,21.8,66.5
2026-02-25 11:18:51,GWL,Clear,0.41,6.57,0.0,38.5,69.9
2026-04-24 17:46:54,GWL,Fog,0.58,4.97,1.3,31.7,87.5
2026-02-15 17:29:40,GWL,Cloudy,0.54,5.19,1.3,21.6,82.5
2026-06-08 08:10:46,GWL,Fog,0.65,4.39,0.8,28.3,80.8
2026-03-20 02:35:42,GWL,Clear,0.19,8.86,0.8,22.4,57.0
2026-06-29 23:37:00,GWL,Fog,0.69,4.4,1.1,10.0,72.6
2026-06-11 08:39:10,GWL,Clear,0.18,8.31,0.2,24.2,66.9
2026-01-06 19:47:03,GWL,Clear,0.31,7.32,0.6,24.9,56.1
2026-04-09 04:30:58,GWL,Cloudy,0.18,8.49,0.1,13.7,91.9
2026-01-13 13:11:47,GWL,Fog,0.52,6.34,0.6,7.3,63.9
2026-02-18 12:36:55,GWL,Cloudy,0.08,8.64,1.2,10.1,69.8
2026-05-06 08:06:45,GWL,Rain,0.17,7.16,4.5,15.5,55.4
2026-06-18 13:00:10,GWL,Clear,0.11,9.3,0.5,37.1,56.1
2026-04-13 00:21:58,GWL,Clear,0.11,8.47,1.3,25.4,77.1
2026-06-16 10:58:31,GWL,Rain,0.55,3.66,6.0,27.7,54.7
2026-03-07 08:45:12,GWL,Clear,0.36,7.16,0.5,32.3,72.9
2026-03-23 16:49:20,GWL,Rain,0.75,2.2,6.9,36.2,100.0
2026-03-01 16:32:10,GWL,Cloudy,0.32,6.71,1.3,21.5,64.8
2026-05-28 11:35:24,GWL,Clear,0.31,7.93,1.5,17.0,69.7
2026-02-27 21:38:34,GWL,Rain,0.04,8.21,13.2,24.8,32.7
2026-06-14 10:33:50,GWL,Fog,0.71,3.82,0.6,17.2,91.1
2026-02-02 21:27:12,GWL,Cloudy,0.19,8.99,0.8,6.1,60.1
2026-05-31 00:14:54,GWL,Cloudy,0.3,6.68,0.9,13.4,85.6
2026-05-08 05:08:59,GWL,Cloudy,0.07,9.33,0.8,21.9,73.7
2026-02-06 02:29:28,GWL,Clear,0.01,9.75,0.6,31.5,51.6
2026-06-17 17:41:48,GWL,Clear,0.46,6.25,0.6,34.3,64.7
2026-04-27 12:03:27,GWL,Clear,0.51,6.14,1.1,19.1,88.2
2026-02-13 03:55:35,GWL,Clear,0.13,8.51,0.4,21.5,58.1
2026-02-26 15:00:52,GWL,Cloudy,0.17,8.82,1.3,39.3,69.2
2026-01-13 06:04:07,GWL,Rain,0.33,5.7,4.7,25.6,65.5
2026-06-05 16:55:25,GWL,Clear,0.64,5.03,0.8,9.6,80.7
2026-05-19 19:07:31,GWL,Clear,0.27,7.29,1.5,35.2,48.0
2026-06-02 13:41:20,GWL,Rain,0.35,6.08,6.3,10.8,34.1
2026-06-04 06:58:42,GWL,Clear,0.42,6.78,0.8,27.0,78.2
2026-02-12 20:03:11,GWL,Clear,0.15,9.15,0.7,31.5,38.8
2026-04-20 17:18:34,GWL,Clear,0.15,7.74,0.0,30.1,75.0
2026-04-19 10:52:31,GWL,Cloudy,0.07,8.84,1.0,31.6,68.1
2026-03-07 17:20:49,GWL,Cloudy,0.47,5.31,1.1,22.0,75.5
2026-03-19 14:50:06,GWL,Fog,0.69,5.0,0.4,25.9,56.8
2026-01-22 13:19:24,GWL,Rain,0.17,8.01,4.8,17.9,49.1
2026-04-09 08:44:04,GWL,Rain,0.37,6.26,5.7,39.0,80.1
2026-04-15 17:09:37,GWL,Clear,0.3,6.85,0.0,12.3,52.9
2026-05-03 00:40:34,GWL,Rain,0.57,3.89,11.8,19.6,75.3
2026-04-04 13:19:59,GWL,Fog,0.44,5.87,0.6,21.8,74.6
2026-01-11 11:21:54,GWL,Clear,0.43,6.0,0.1,32.8,75.8
2026-05-18 02:37:10,GWL,Cloudy,0.23,8.18,1.3,17.8,60.0
2026-03-12 10:04:26,GWL,Fog,0.48,5.28,0.4,22.5,82.2
2026-05-26 23:49:44,GWL,Clear,0.57,5.24,0.8,21.8,65.1
2026-03-13 11:33:31,GWL,Cloudy,0.18,7.9,1.5,20.3,100.0
2026-04-21 07:25:52,GWL,Clear,0.07,9.81,0.7,23.9,51.0
2026-04-17 11:41:08,GWL,Cloudy,0.07,8.96,0.1,37.2,35.7
2026-06-02 20:39:02,GWL,Cloudy,0.32,7.28,0.9,12.4,68.3
2026-05-09 17:22:13,GWL,Rain,0.19,7.44,15.6,19.9,52.3
2026-01-10 12:24:27,GWL,Clear,0.28,7.83,0.8,24.8,66.4
2026-06-24 06:45:15,GWL,Clear,0.07,9.27,1.4,27.7,58.1
2026-05-30 14:40:04,GWL,Fog,0.52,5.35,1.3,22.3,76.4
2026-02-06 19:12:51,GWL,Clear,0.17,8.6,0.1,34.8,80.1
2026-01-13 01:24:31,GWL,Cloudy,0.45,6.7,1.3,25.8,65.9
2026-02-10 09:17:38,GWL,Cloudy,0.09,8.87,0.9,35.8,56.8
2026-06-14 00:51:06,GWL,Fog,0.84,2.48,0.7,29.8,79.0
2026-06-29 21:29:16,GWL,Clear,0.33,7.56,0.2,19.7,95.1
2026-06-29 17:19:52,GWL,Clear,0.15,8.4,1.5,23.3,63.6
2026-06-24 21:07:10,GWL,Rain,0.29,5.72,1.7,17.7,70.0
2026-01-12 05:48:57,GWL,Fog,0.75,3.74,0.6,18.6,66.7
2026-06-09 02:37:50,GWL,Clear,0.28,7.5,0.5,23.6,66.3
2026-02-24 09:01:54,GWL,Rain,0.11,7.06,2.9,4.3,81.5
2026-02-11 10:19:07,GWL,Rain,0.24,6.45,10.4,31.6,86.0
2026-06-02 20:09:44,GWL,Fog,0.46,6.13,0.9,44.4,59.2
2026-02-05 15:51:44,GWL,Rain,0.17,6.95,12.3,16.2,55.9
2026-06-24 21:36:03,GWL,Clear,0.12,8.89,0.3,12.7,77.3
2026-03-08 01:49:12,GWL,Clear,0.17,8.22,1.1,26.1,75.0
2026-05-16 14:22:43,GWL,Rain,0.1,7.98,2.8,2.6,64.0
2026-01-28 19:35:18,GWL,Clear,0.19,8.87,0.1,15.5,46.6
2026-03-19 04:48:42,GWL,Clear,0.14,8.8,1.0,27.7,89.1
2026-05-12 11:20:13,GWL,Clear,0.42,6.77,1.1,31.8,74.2
2026-02-23 16:26:53,GWL,Fog,0.48,5.8,0.5,22.0,62.4
2026-06-05 22:43:29,GWL,Clear,0.42,6.93,0.0,18.3,79.4
2026-02-02 11:30:51,GWL,Cloudy,0.05,9.23,0.4,18.0,50.4
2026-02-26 22:12:52,GWL,Clear,0.31,7.19,0.9,17.7,42.8
2026-03-01 20:27:32,GWL,Rain,0.29,5.44,1.8,30.9,36.6
2026-03-18 08:57:30,GWL,Clear,0.19,7.84,0.7,5.7,90.2
2026-03-21 15:07:17,GWL,Clear,0.32,7.26,0.8,21.1,82.2
2026-02-15 03:09:54,GWL,Clear,0.26,7.69,1.2,29.8,87.0
2026-05-30 03:47:42,GWL,Clear,0.1,9.83,0.7,21.1,78.3
2026-06-19 14:43:49,GWL,Cloudy,0.12,9.0,0.4,39.6,32.7
2026-03-24 08:12:14,GWL,Clear,0.25,7.39,0.2,28.1,83.5
2026-04-17 19:10:43,GWL,Fog,0.7,4.13,1.0,22.3,97.4
2026-06-22 13:44:05,GWL,Clear,0.49,5.69,1.4,31.3,64.0
2026-05-16 11:57:47,GWL,Rain,0.27,6.65,9.0,19.9,74.0
2026-05-04 20:23:45,GWL,Fog,0.68,4.95,1.2,43.7,40.1
2026-05-15 02:07:33,GWL,Clear,0.21,9.02,0.5,39.1,85.6
2026-01-31 02:12:16,GWL,Clear,0.57,4.97,0.7,20.7,46.3
2026-04-17 02:32:49,GWL,Rain,0.3,5.88,3.1,34.7,61.2
2026-06-19 01:43:55,GWL,Cloudy,0.47,6.57,0.5,27.1,69.9
2026-01-29 22:22:01,GWL,Clear,0.28,7.95,0.6,22.3,100.0
2026-04-25 22:23:53,GWL,Clear,0.22,8.37,0.4,21.5,54.4
2026-04-14 06:27:49,GWL,Rain,0.21,6.8,7.3,21.2,48.6
2026-06-21 21:24:40,GWL,Clear,0.47,6.13,1.3,16.9,63.1
2026-04-26 13:49:02,GWL,Clear,0.46,5.89,1.0,15.9,60.5
2026-01-25 22:17:04,GWL,Clear,0.64,4.39,0.1,22.3,64.8
2026-05-31 21:49:19,GWL,Clear,0.42,6.59,0.3,28.7,65.2
2026-02-20 11:57:52,GWL,Clear,0.17,8.31,0.4,28.3,82.1
2026-01-27 04:24:22,GWL,Clear,0.6,4.51,1.2,11.7,55.7
2026-04-30 16:08:53,GWL,Fog,0.57,5.69,0.4,19.3,86.3
2026-02-19 19:52:42,GWL,Rain,0.13,6.62,19.1,23.3,41.8
2026-01-29 16:43:01,GWL,Clear,0.57,4.64,0.6,18.0,50.8
2026-05-19 18:29:01,GWL,Clear,0.35,7.24,0.6,11.0,85.1
2026-03-01 00:50:28,GWL,Clear,0.33,7.12,0.1,14.8,94.3
2026-03-02 04:58:32,GWL,Cloudy,0.3,7.53,0.6,22.3,63.2
2026-03-06 01:03:31,GWL,Fog,0.63,5.04,0.2,31.8,51.2
2026-03-15 15:23:33,GWL,Clear,0.36,7.12,1.4,25.0,79.7
2026-05-11 05:24:20,GWL,Clear,0.4,6.74,0.0,24.3,57.4
2026-02-17 09:52:42,GWL,Clear,0.59,5.29,1.4,23.4,82.1
2026-01-02 00:02:17,GWL,Clear,0.58,4.71,0.8,28.9,100.0
2026-05-18 09:57:57,GWL,Clear,0.34,7.64,0.8,32.3,77.8
2026-03-05 05:44:51,GWL,Clear,0.24,8.27,0.4,29.5,72.0
2026-05-13 12:36:14,GWL,Clear,0.2,9.02,0.2,21.0,44.3
2026-06-03 12:28:00,GWL,Fog,0.67,4.06,1.4,30.5,91.4
2026-01-28 11:05:41,GWL,Fog,0.8,3.03,0.6,21.7,52.0
2026-05-05 22:00:54,GWL,Clear,0.2,8.26,0.7,21.7,70.7
2026-02-28 02:48:39,GWL,Clear,0.12,8.54,1.2,18.7,85.9
2026-02-06 05:45:07,GWL,Clear,0.23,8.21,1.3,22.0,42.0
2026-02-11 21:55:44,GWL,Fog,0.52,6.05,0.7,20.9,53.8
2026-03-24 03:39:02,GWL,Clear,0.19,8.04,1.0,9.5,65.6
2026-04-27 23:25:10,GWL,Clear,0.19,8.34,1.4,41.7,68.0
2026-03-13 13:00:08,GWL,Cloudy,0.11,9.49,1.1,32.1,71.0
2026-04-12 18:38:50,GWL,Clear,0.16,8.56,0.8,17.9,71.5
2026-02-26 22:15:25,GWL,Clear,0.35,6.79,0.8,17.6,85.5
2026-03-24 22:20:36,GWL,Clear,0.06,9.0,0.1,20.9,60.6
2026-03-31 22:14:45,GWL,Clear,0.35,6.69,1.4,26.9,68.5
2026-04-07 14:42:44,GWL,Clear,0.26,7.91,0.9,29.9,59.5
2026-05-07 18:46:17,GWL,Cloudy,0.63,4.75,1.0,36.6,63.9
2026-01-02 00:00:38,GWL,Clear,0.3,7.01,1.1,22.5,100.0
2026-03-09 08:57:43,GWL,Clear,0.34,6.69,1.3,20.5,60.7
2026-04-28 21:02:06,GWL,Rain,0.16,7.27,1.1,29.2,55.3
2026-03-31 08:48:09,GWL,Rain,0.58,3.54,2.5,21.6,79.4
2026-06-10 09:21:50,GWL,Cloudy,0.11,8.51,0.8,28.8,25.8
2026-04-21 19:01:42,GWL,Clear,0.18,8.85,0.5,31.6,64.8
2026-02-24 21:55:09,GWL,Clear,0.23,8.67,0.6,8.2,44.8
2026-06-20 00:06:50,GWL,Rain,0.0,7.69,2.5,37.6,65.3
2026-01-16 16:22:26,GWL,Clear,0.28,7.75,1.3,19.8,60.0
2026-05-01 12:41:29,GWL,Clear,0.33,8.31,1.3,34.9,91.8
2026-05-08 02:11:49,GWL,Cloudy,0.17,8.35,1.4,16.1,44.0
2026-04-16 05:24:58,GWL,Rain,0.02,8.49,16.7,24.5,71.1
2026-06-10 05:18:27,GWL,Clear,0.15,9.02,1.2,24.1,82.0
2026-05-04 03:54:44,GWL,Fog,0.54,5.66,0.9,23.8,100.0
2026-05-10 03:15:37,GWL,Clear,0.11,9.11,1.0,11.5,67.6
2026-02-07 13:09:33,GWL,Fog,0.89,2.38,1.3,27.2,85.9
2026-04-15 14:34:42,GWL,Rain,0.35,6.04,9.3,20.9,67.3
2026-06-05 13:44:47,GWL,Cloudy,0.31,6.89,0.3,7.9,85.8
2026-03-21 09:35:41,GWL,Cloudy,0.22,7.59,0.8,32.2,46.2
2026-02-13 18:16:44,GWL,Cloudy,0.31,7.82,0.2,27.4,63.7
2026-04-25 11:29:18,GWL,Clear,0.37,6.85,1.0,25.0,71.1
2026-06-07 00:25:26,GWL,Fog,0.67,3.57,0.7,7.9,88.8
2026-01-12 19:48:08,GWL,Cloudy,0.22,8.97,0.6,25.3,50.4
2026-05-21 07:36:57,GWL,Rain,0.2,7.37,14.8,6.0,27.7
2026-01-31 14:25:23,GWL,Fog,0.52,6.0,0.1,3.8,65.9
2026-02-28 09:02:20,GWL,Clear,0.08,9.26,0.9,21.5,52.8
2026-02-09 09:30:23,GWL,Fog,0.63,5.26,1.3,31.3,71.2
2026-05-12 06:56:11,GWL,Rain,0.16,7.96,9.8,36.3,28.1
2026-01-04 09:25:37,GWL,Clear,0.1,9.04,0.9,13.5,21.3
2026-02-27 17:49:23,GWL,Cloudy,0.29,7.21,0.2,18.9,47.8
2026-03-05 03:45:55,GWL,Clear,0.56,5.7,1.1,39.4,63.9
2026-02-09 09:08:23,GWL,Clear,0.57,5.03,0.0,17.6,61.9
2026-06-16 17:38:29,GWL,Clear,0.39,6.64,1.3,7.4,59.8
2026-05-07 07:06:17,GWL,Fog,0.44,6.12,0.1,31.7,100.0
2026-04-28 17:21:24,GWL,Fog,0.67,4.2,1.1,23.0,85.4
2026-03-14 15:11:14,GWL,Clear,0.19,9.03,0.5,32.8,62.1
2026-06-01 22:14:16,GWL,Clear,0.32,7.82,0.5,11.9,85.8
2026-03-27 06:59:00,GWL,Cloudy,0.34,7.35,0.7,29.5,40.2
2026-03-02 17:08:59,GWL,Rain,0.73,2.56,12.0,26.3,56.8
2026-04-28 05:13:43,GWL,Clear,0.3,7.98,0.5,31.8,73.3
2026-05-14 05:32:35,GWL,Clear,0.19,8.04,1.2,15.3,66.9
2026-03-04 13:07:54,GWL,Fog,0.75,3.45,0.7,47.7,30.2
2026-04-28 19:54:46,GWL,Clear,0.27,8.77,1.4,21.4,65.8
2026-04-27 00:57:20,GWL,Cloudy,0.47,6.15,0.2,20.0,72.7
2026-06-29 20:05:37,GWL,Clear,0.39,6.36,0.8,17.5,79.0
2026-04-29 02:43:41,GWL,Clear,0.38,6.31,0.9,24.3,70.7
2026-02-05 13:07:47,GWL,Clear,0.53,5.75,0.7,24.4,71.8
2026-06-12 11:37:19,GWL,Rain,0.43,4.82,4.0,24.9,54.6
2026-01-24 20:59:23,GWL,Fog,0.69,4.3,1.4,23.9,74.7
2026-05-29 03:39:19,GWL,Cloudy,0.28,8.04,1.0,18.8,85.4
2026-02-08 22:48:25,GWL,Clear,0.39,5.99,0.9,30.8,57.4
2026-01-21 02:39:45,GWL,Cloudy,0.36,6.2,0.4,20.5,97.7
2026-06-06 02:54:58,GWL,Clear,0.41,7.22,0.3,21.1,46.5
2026-06-12 03:22:09,GWL,Clear,0.29,7.24,1.4,29.3,61.1
2026-01-04 22:12:59,GWL,Clear,0.33,7.77,1.4,25.1,78.8
2026-01-16 14:41:34,GWL,Fog,0.91,2.29,0.8,33.4,83.8
2026-05-23 09:18:15,GWL,Clear,0.53,6.34,0.5,14.9,54.9
2026-02-16 10:12:09,GWL,Fog,0.87,3.06,0.1,23.4,72.9
2026-06-24 10:07:22,GWL,Clear,0.44,6.01,1.1,34.7,72.7
2026-06-13 12:18:59,GWL,Rain,0.16,6.88,7.9,23.9,83.7
2026-01-20 02:11:13,GWL,Cloudy,0.18,8.39,0.5,26.0,67.5
2026-01-01 15:29:15,GWL,Clear,0.26,8.44,1.3,6.5,70.5
2026-03-23 18:38:30,GWL,Clear,0.52,4.92,0.7,19.5,91.6
2026-01-19 04:36:42,GWL,Cloudy,0.48,6.67,0.6,17.0,96.7
2026-01-20 02:11:11,GWL,Clear,0.24,8.04,1.4,15.8,63.8
2026-02-13 16:49:27,GWL,Clear,0.38,5.71,1.4,26.8,58.6
2026-01-31 04:38:31,GWL,Clear,0.01,9.56,1.2,20.2,45.7
2026-02-26 10:41:30,GWL,Fog,0.86,2.86,0.7,35.7,83.8
2026-04-08 00:38:50,GWL,Rain,0.08,8.16,7.2,11.7,46.7
2026-02-12 14:03:39,GWL,Cloudy,0.45,5.1,0.1,14.9,84.4
2026-01-03 07:30:27,GWL,Clear,0.38,7.37,1.2,16.1,91.3
2026-05-27 12:41:35,GWL,Clear,0.73,4.15,0.8,24.8,60.1
2026-04-14 03:10:07,GWL,Clear,0.36,6.6,1.1,17.5,86.7
2026-06-13 04:15:49,GWL,Cloudy,0.28,7.29,1.1,26.6,54.5
2026-06-21 08:39:10,GWL,Clear,0.22,8.07,1.4,28.9,59.7
2026-01-10 15:47:09,GWL,Clear,0.28,7.47,0.9,30.8,59.9
2026-06-04 06:33:34,GWL,Clear,0.34,7.23,1.3,27.4,67.8
2026-03-06 04:09:29,GWL,Fog,0.55,5.76,0.4,38.7,88.7
2026-03-28 01:04:50,GWL,Rain,0.2,6.48,11.4,13.7,43.7
2026-03-22 15:20:34,GWL,Cloudy,0.53,6.3,0.1,22.8,53.7
2026-04-21 14:34:36,GWL,Cloudy,0.2,8.21,0.8,22.3,41.9
2026-05-16 22:44:50,GWL,Clear,0.12,9.26,0.1,28.7,54.2
2026-04-07 06:06:17,GWL,Cloudy,0.25,7.89,0.0,28.3,73.8
2026-02-02 11:27:55,GWL,Fog,0.52,4.92,0.8,33.9,66.2
2026-03-07 08:58:24,GWL,Cloudy,0.19,7.91,0.3,26.7,53.1
2026-02-24 12:37:15,GWL,Clear,0.17,8.24,0.0,47.2,77.7
2026-04-25 02:56:49,GWL,Clear,0.23,7.59,0.0,29.6,62.5
2026-06-22 16:55:47,GWL,Clear,0.09,8.41,1.2,23.0,61.6
2026-06-17 14:53:40,GWL,Clear,0.34,7.04,1.2,12.1,65.4
2026-01-31 01:40:50,GWL,Clear,0.25,7.92,1.2,32.9,75.7
2026-02-02 11:16:52,GWL,Clear,0.25,6.94,1.5,15.6,85.6
2026-05-13 01:50:07,GWL,Cloudy,0.28,8.02,1.1,24.9,75.7
2026-01-09 21:11:46,GWL,Fog,0.99,2.55,1.3,33.5,88.1
2026-02-22 20:44:04,GWL,Clear,0.21,7.7,0.2,19.6,88.5
2026-05-19 18:49:49,GWL,Clear,0.27,7.54,0.3,20.9,74.4
2026-01-10 04:11:12,GWL,Clear,0.25,8.62,1.3,32.7,93.8
2026-03-24 08:45:45,GWL,Rain,0.21,6.5,4.4,27.8,76.1
2026-04-02 04:03:44,GWL,Cloudy,0.05,9.07,0.4,26.2,61.0
2026-04-11 02:01:57,GWL,Clear,0.37,6.46,1.0,15.4,48.8
2026-01-02 02:22:15,GWL,Clear,0.04,9.49,0.1,15.6,29.1
2026-01-17 21:38:15,GWL,Clear,0.6,4.73,1.0,25.7,79.6
2026-01-03 05:58:41,GWL,Cloudy,0.4,7.43,0.3,27.9,38.4
2026-01-14 16:37:34,GWL,Clear,0.18,7.88,0.4,29.2,52.2
2026-06-04 00:27:03,GWL,Clear,0.34,7.09,0.0,16.9,63.0
2026-04-27 09:11:51,GWL,Clear,0.38,7.17,1.1,20.5,75.7
2026-05-21 01:35:36,GWL,Fog,0.53,6.25,1.2,12.2,97.2
2026-05-30 03:28:38,GWL,Clear,0.17,8.52,0.5,23.7,67.1
2026-01-30 21:58:45,GWL,Fog,0.39,6.84,0.0,30.7,72.6
2026-06-24 12:46:01,GWL,Fog,0.51,6.22,0.2,31.2,62.7
2026-04-18 08:40:54,GWL,Clear,0.1,9.06,0.0,33.0,69.4
2026-03-15 23:08:38,GWL,Clear,0.42,6.25,0.6,25.8,62.4
2026-05-02 19:44:00,GWL,Fog,0.83,2.91,0.7,22.2,77.4
2026-04-25 15:47:32,GWL,Clear,0.46,6.75,0.8,19.6,90.8
2026-02-04 13:19:25,GWL,Cloudy,0.13,8.26,1.5,26.7,39.9
2026-01-02 11:58:15,GWL,Clear,0.1,9.45,0.8,18.5,44.3
2026-06-09 19:06:00,GWL,Cloudy,0.16,8.66,0.8,28.9,63.9
2026-03-06 11:10:53,GWL,Clear,0.22,8.1,0.3,29.1,73.8
2026-05-18 21:07:16,GWL,Fog,0.71,3.65,0.2,30.3,82.1
2026-05-04 00:29:52,GWL,Clear,0.17,9.06,0.4,26.2,73.0
2026-03-23 17:35:00,GWL,Rain,0.15,7.81,3.1,32.6,35.3
2026-04-18 02:19:21,GWL,Clear,0.27,7.83,0.7,13.3,79.2
2026-01-12 16:52:31,GWL,Cloudy,0.29,6.36,0.2,34.4,49.2
2026-01-07 06:12:29,GWL,Rain,0.04,7.9,0.9,20.1,79.0
2026-06-14 12:43:12,GWL,Clear,0.23,8.2,1.2,24.4,100.0
2026-05-23 12:03:49,GWL,Clear,0.4,6.8,0.7,20.3,100.0
2026-02-17 23:13:22,GWL,Cloudy,0.71,4.1,1.4,17.6,46.4
2026-06-13 08:24:18,GWL,Clear,0.0,10.19,1.3,24.2,53.1
2026-05-15 20:31:18,GWL,Cloudy,0.3,7.05,0.2,18.0,47.7
2026-01-08 08:19:38,GWL,Clear,0.24,7.44,0.6,11.2,59.2
2026-04-11 23:55:13,GWL,Clear,0.41,6.82,0.1,20.3,73.4
2026-02-21 14:31:44,GWL,Rain,0.46,5.08,21.5,20.7,67.9
2026-05-15 23:23:47,GWL,Rain,0.35,4.86,4.8,21.5,97.8
2026-04-11 21:43:07,GWL,Fog,0.63,4.6,0.3,34.7,89.5
2026-01-06 19:39:19,GWL,Clear,0.23,8.55,0.3,32.2,80.9
2026-06-13 22:15:07,GWL,Rain,0.02,9.29,1.5,12.2,54.5
2026-04-02 21:14:24,GWL,Clear,0.25,7.36,0.6,16.2,93.7
2026-03-03 00:28:25,GWL,Clear,0.51,6.25,1.1,31.6,80.5
2026-02-12 15:22:32,GWL,Clear,0.33,7.35,1.3,15.2,52.0
2026-03-16 17:01:17,GWL,Fog,0.63,4.97,1.4,25.9,56.4
2026-05-01 13:47:54,GWL,Clear,0.12,8.94,1.4,46.2,74.1
2026-03-17 08:09:23,GWL,Clear,0.19,8.2,1.1,23.3,73.6
2026-01-29 01:25:25,GWL,Rain,0.19,6.65,18.0,10.1,20.0
2026-01-22 17:28:32,GWL,Rain,0.23,6.69,8.7,40.2,59.1
2026-02-08 19:14:49,GWL,Cloudy,0.17,9.39,1.0,20.2,48.6
2026-04-29 13:13:54,GWL,Cloudy,0.05,9.78,0.6,28.3,71.0
2026-03-01 10:14:33,GWL,Clear,0.39,5.91,0.3,26.4,46.8
2026-06-05 09:57:24,GWL,Cloudy,0.19,8.69,0.6,18.9,69.4
2026-06-09 23:23:49,GWL,Clear,0.33,7.2,0.1,21.3,73.7
2026-05-15 14:37:34,GWL,Cloudy,0.1,9.24,0.2,12.3,39.8
2026-05-02 12:26:59,GWL,Clear,0.12,9.27,0.5,28.4,34.3
2026-05-06 22:25:17,GWL,Clear,0.32,7.77,1.3,9.4,88.9
2026-01-25 14:51:06,GWL,Fog,0.52,5.3,1.5,15.9,92.8
2026-02-28 04:36:50,GWL,Clear,0.18,8.32,0.5,28.8,79.4
2026-04-21 21:09:09,GWL,Clear,0.31,7.17,0.1,13.0,54.9
2026-06-29 01:36:04,GWL,Clear,0.52,6.39,1.1,17.7,97.8
2026-01-20 01:44:11,GWL,Clear,0.21,8.19,1.5,27.1,68.5
2026-05-03 13:51:14,GWL,Rain,0.29,6.28,3.5,24.9,50.5
2026-01-27 02:43:14,GWL,Clear,0.21,8.92,1.1,26.6,100.0
2026-04-23 16:05:37,GWL,Rain,0.57,4.53,9.0,28.6,35.5
2026-06-25 01:26:43,GWL,Clear,0.26,8.23,0.7,17.2,53.4
2026-01-12 11:17:51,GWL,Clear,0.57,5.63,0.3,12.3,100.0
2026-02-18 16:26:32,GWL,Clear,0.29,8.58,0.1,30.4,80.3
2026-05-07 22:04:22,GWL,Fog,0.7,4.27,0.5,26.5,89.7
2026-01-15 00:48:52,GWL,Clear,0.57,5.53,1.2,13.9,88.4
2026-01-11 19:39:33,GWL,Clear,0.14,8.24,1.4,11.9,56.8
2026-04-12 08:16:15,GWL,Clear,0.05,9.16,1.0,18.0,64.8
2026-06-22 18:58:35,GWL,Clear,0.59,5.37,0.6,24.2,66.2
2026-06-28 13:37:08,GWL,Clear,0.3,7.74,0.6,19.8,60.7
2026-04-09 20:36:06,GWL,Rain,0.25,6.54,10.5,25.9,48.6
2026-06-13 01:21:35,GWL,Clear,0.75,3.25,1.3,19.4,57.0
2026-01-30 22:36:06,GWL,Clear,0.12,9.24,0.0,7.5,54.7
2026-02-09 07:12:29,GWL,Clear,0.51,5.72,0.2,15.0,89.8
2026-05-24 19:09:30,GWL,Fog,0.72,4.33,0.8,20.0,77.9
2026-01-17 19:21:16,GWL,Clear,0.21,8.26,1.0,25.0,77.2
2026-05-19 14:58:16,GWL,Cloudy,0.22,8.0,0.6,32.3,25.9
2026-05-11 06:04:14,GWL,Fog,0.75,3.14,0.3,17.0,73.6
2026-04-25 06:17:44,GWL,Clear,0.17,8.08,0.6,1.8,51.1
2026-04-28 10:08:34,GWL,Fog,0.72,4.06,0.4,34.7,89.3
2026-03-06 15:42:08,GWL,Clear,0.29,7.71,0.2,27.1,29.3
2026-05-28 07:11:04,GWL,Clear,0.44,6.92,0.2,28.5,63.8
2026-01-19 01:04:36,GWL,Rain,0.2,7.15,7.3,12.4,38.5
2026-03-28 07:51:04,GWL,Clear,0.22,8.23,0.7,24.0,54.4
2026-03-25 04:30:11,GWL,Rain,0.36,5.71,25.5,15.6,79.7
2026-06-03 01:23:10,GWL,Cloudy,0.44,6.34,1.0,11.4,86.9
2026-04-26 06:45:22,GWL,Cloudy,0.1,9.63,0.1,16.2,91.7
2026-05-30 12:31:04,GWL,Rain,0.09,8.2,8.4,29.6,47.5
2026-06-09 00:24:42,GWL,Cloudy,0.15,8.8,0.3,30.3,85.9
2026-02-01 09:43:03,GWL,Clear,0.2,8.05,0.8,35.2,66.3
2026-06-23 10:56:42,GWL,Fog,0.48,5.89,0.8,18.3,77.7
2026-02-20 23:28:11,GWL,Clear,0.17,8.81,1.3,21.8,63.6
2026-05-04 01:06:33,GWL,Rain,0.24,6.51,10.7,27.7,62.1
2026-06-05 11:18:43,GWL,Clear,0.3,7.29,0.1,27.1,76.7
2026-03-08 04:16:23,GWL,Rain,0.73,3.14,2.2,23.9,72.4
2026-03-24 09:48:28,GWL,Clear,0.47,5.88,1.1,35.7,69.4
2026-04-18 03:24:44,GWL,Clear,0.29,8.25,1.2,38.6,61.4
2026-03-26 07:27:25,GWL,Clear,0.23,8.17,0.5,28.1,63.8
2026-06-30 00:33:28,GWL,Cloudy,0.25,7.31,1.2,18.5,45.5
2026-01-04 02:30:13,GWL,Fog,0.5,6.1,1.3,22.5,63.4
2026-02-07 11:23:02,GWL,Clear,0.31,7.93,1.0,15.6,48.8
2026-02-25 07:38:56,GWL,Clear,0.38,7.06,0.8,28.4,91.7
2026-03-22 00:20:31,GWL,Clear,0.44,5.63,0.2,22.9,63.3
2026-02-07 21:00:40,GWL,Clear,0.09,9.46,0.9,23.3,38.9
2026-05-19 12:51:28,GWL,Clear,0.37,7.08,0.6,31.0,94.8
2026-01-24 00:29:37,GWL,Fog,0.4,5.85,1.4,21.3,72.7
2026-01-08 23:57:59,GWL,Rain,0.11,7.72,6.3,26.3,82.9
2026-02-21 14:17:36,GWL,Clear,0.49,6.26,0.2,21.2,66.6
2026-03-03 23:40:24,GWL,Fog,0.43,6.01,0.4,46.6,74.3
2026-03-27 08:13:01,GWL,Clear,0.03,9.48,0.5,20.2,80.7
2026-01-20 05:32:38,GWL,Rain,0.22,7.61,10.8,23.8,91.3
2026-06-10 15:19:33,GWL,Clear,0.19,8.33,0.8,30.3,97.4
2026-05-10 10:21:48,GWL,Cloudy,0.34,7.54,1.1,13.2,62.6
2026-05-04 00:59:00,GWL,Clear,0.02,9.49,0.3,34.0,76.5
2026-05-14 20:51:15,GWL,Clear,0.49,5.53,0.4,25.2,49.5
2026-04-21 09:55:55,GWL,Clear,0.31,6.61,1.1,25.5,50.1
2026-04-21 08:25:40,GWL,Clear,0.24,8.24,1.2,24.8,78.8
2026-05-17 21:15:07,GWL,Clear,0.12,8.53,0.4,10.5,83.6
2026-03-13 15:40:07,GWL,Rain,0.21,6.75,4.7,32.1,62.1
2026-06-14 17:08:09,GWL,Rain,0.25,5.7,6.6,21.1,49.8
2026-01-28 07:05:15,GWL,Clear,0.25,8.08,0.4,20.7,55.6
2026-04-26 17:45:16,GWL,Clear,0.35,7.02,0.7,28.3,62.1
2026-02-11 03:53:01,GWL,Clear,0.21,9.04,0.4,16.0,97.5
2026-06-22 17:38:34,GWL,Clear,0.45,6.24,1.4,27.2,49.2
2026-02-17 14:18:48,GWL,Clear,0.12,8.22,1.0,18.6,62.4
2026-01-23 18:08:30,GWL,Clear,0.28,7.74,0.3,26.6,61.9
2026-04-27 14:58:50,GWL,Clear,0.27,8.3,0.1,12.0,44.8
2026-01-05 07:09:34,GWL,Fog,0.73,4.14,0.0,23.2,90.2
2026-03-14 19:31:24,GWL,Fog,0.57,5.15,0.9,14.7,64.2
2026-02-07 14:46:53,GWL,Cloudy,0.15,8.24,1.0,21.3,51.3
2026-06-15 16:21:45,GWL,Fog,0.65,4.6,0.3,24.3,72.6
2026-05-15 15:57:25,GWL,Clear,0.16,8.35,0.0,28.2,74.1
2026-03-25 12:43:21,GWL,Fog,0.96,2.38,1.2,24.3,100.0
2026-01-30 11:01:46,GWL,Clear,0.11,8.51,0.7,26.6,81.2
2026-03-15 01:04:56,GWL,Clear,0.5,5.53,1.2,13.7,100.0
2026-03-10 08:29:47,GWL,Cloudy,0.31,7.24,1.4,16.8,100.0
2026-05-01 15:02:02,GWL,Cloudy,0.24,8.2,0.3,27.2,68.1
2026-02-12 05:58:26,GWL,Clear,0.17,8.66,0.1,41.3,91.1
2026-01-28 20:01:33,GWL,Clear,0.12,9.21,0.2,39.5,71.4
2026-05-30 20:09:21,GWL,Clear,0.5,5.26,0.1,8.7,58.8
2026-03-18 08:58:11,GWL,Clear,0.53,5.84,1.4,37.6,65.5
2026-06-20 20:12:05,GWL,Rain,0.27,6.06,2.5,34.9,85.4
2026-05-10 07:06:36,GWL,Fog,0.43,6.1,1.3,35.8,90.1
2026-06-12 09:35:47,GWL,Cloudy,0.17,8.94,0.6,26.3,55.0
2026-04-17 21:02:39,GWL,Clear,0.55,5.5,0.3,22.5,21.6
2026-06-11 23:24:00,GWL,Clear,0.48,6.06,1.5,30.7,56.8
2026-01-30 20:20:14,GWL,Clear,0.29,7.83,0.5,23.6,63.8
2026-02-25 12:03:55,GWL,Clear,0.48,6.57,0.5,32.3,58.5
2026-05-25 17:50:20,GWL,Clear,0.26,7.79,0.8,33.4,84.9
2026-06-06 21:30:06,GWL,Clear,0.07,10.04,0.3,26.7,71.3
2026-01-15 14:48:48,GWL,Fog,0.84,2.34,0.4,19.1,77.4
2026-03-01 02:36:35,GWL,Clear,0.48,5.94,0.2,34.0,60.6
2026-04-29 13:53:16,GWL,Cloudy,0.06,9.32,0.1,31.8,82.1
2026-03-25 05:27:40,GWL,Cloudy,0.34,6.78,0.5,22.4,86.8
2026-05-30 03:09:50,GWL,Cloudy,0.06,8.91,1.2,27.6,100.0
2026-01-29 23:16:00,GWL,Clear,0.28,6.9,0.4,27.9,98.4
2026-01-06 12:22:16,GWL,Rain,0.18,7.22,7.0,18.8,74.7
2026-05-25 02:46:54,GWL,Clear,0.11,8.91,1.0,16.2,48.0
2026-02-27 20:21:01,GWL,Clear,0.24,7.98,0.6,23.3,60.4
2026-02-22 09:24:28,GWL,Fog,0.69,3.35,1.1,17.2,45.6
2026-05-03 14:00:38,GWL,Clear,0.48,5.56,0.6,5.8,64.2
2026-04-18 03:28:32,GWL,Clear,0.14,9.19,0.7,16.1,72.8
2026-06-30 05:44:07,GWL,Rain,0.21,6.6,11.9,31.8,54.8
2026-01-01 09:08:35,GWL,Clear,0.17,8.66,0.5,22.0,98.4
2026-02-24 13:58:29,GWL,Cloudy,0.34,6.6,0.6,18.3,53.8
2026-05-31 03:47:51,GWL,Cloudy,0.43,6.42,0.3,28.9,61.0
2026-01-29 08:06:00,GWL,Clear,0.28,7.3,0.3,25.7,65.9
2026-06-03 15:04:52,GWL,Clear,0.12,9.25,0.8,27.2,97.7
2026-04-28 15:12:25,GWL,Clear,0.16,8.4,1.3,27.4,48.4
2026-04-19 20:10:55,GWL,Cloudy,0.27,7.53,0.7,24.0,97.1
2026-03-30 17:06:08,GWL,Rain,0.09,8.73,5.5,25.9,65.6
2026-01-22 09:48:15,GWL,Rain,0.33,6.62,9.9,22.0,80.0
2026-03-08 03:49:38,GWL,Clear,0.26,8.0,1.5,29.2,54.3
2026-04-25 03:12:37,GWL,Cloudy,0.28,7.14,1.2,15.1,58.7
2026-01-23 01:04:40,GWL,Rain,0.26,6.16,3.6,38.5,98.9
2026-05-11 20:19:31,GWL,Cloudy,0.11,9.06,0.6,18.9,65.6
2026-03-12 18:24:44,GWL,Clear,0.12,8.97,0.1,32.7,72.0
2026-05-06 19:35:33,GWL,Clear,0.24,8.23,0.2,25.3,63.8
2026-03-29 19:42:39,GWL,Clear,0.68,2.95,1.0,14.7,71.4
2026-01-10 03:37:29,GWL,Rain,0.22,7.01,5.4,32.4,68.7
2026-02-05 12:26:33,GWL,Clear,0.21,7.86,0.4,13.7,34.2
2026-06-21 22:45:28,GWL,Clear,0.22,7.18,0.8,29.9,58.3
2026-04-04 22:02:53,GWL,Rain,0.22,7.24,21.5,14.2,57.2
2026-05-05 23:54:47,GWL,Clear,0.16,8.97,1.0,28.5,40.4
2026-06-13 11:39:34,GWL,Rain,0.33,6.36,6.0,12.0,49.5
2026-05-01 09:52:50,GWL,Clear,0.47,5.98,0.5,21.0,78.3
2026-05-28 16:15:19,GWL,Clear,0.18,8.42,0.5,36.5,80.4
2026-01-08 10:16:40,GWL,Rain,0.46,4.93,26.0,20.2,100.0
2026-03-04 10:47:09,GWL,Rain,0.23,7.23,4.3,16.7,72.3
2026-03-14 01:50:57,GWL,Clear,0.15,8.74,1.0,32.0,80.6
2026-04-14 02:46:46,GWL,Fog,0.69,3.59,0.6,28.1,77.8
2026-05-10 14:13:36,GWL,Clear,0.26,8.48,1.1,25.7,50.0
2026-04-13 06:40:01,GWL,Cloudy,0.13,8.33,0.6,28.3,60.7
2026-03-14 22:31:25,GWL,Rain,0.31,6.26,3.2,13.2,59.2
2026-01-20 06:06:03,GWL,Cloudy,0.16,8.89,0.4,9.9,50.6
2026-04-22 00:40:59,GWL,Clear,0.38,7.36,1.1,26.6,62.3
2026-05-15 05:37:08,GWL,Fog,0.53,4.82,0.2,31.3,49.5
2026-04-15 07:44:02,GWL,Clear,0.03,10.37,0.6,18.1,59.7
2026-02-15 01:25:34,GWL,Clear,0.12,9.02,0.8,25.4,53.0
2026-06-13 16:58:57,GWL,Clear,0.23,8.13,1.2,24.6,39.1
2026-01-14 19:29:28,GWL,Fog,0.76,3.88,1.3,22.3,100.0
2026-04-12 06:34:48,GWL,Cloudy,0.09,9.11,0.3,24.4,35.5
2026-06-18 06:35:10,GWL,Clear,0.64,3.91,0.7,27.3,68.9
2026-05-12 05:17:25,GWL,Clear,0.15,9.59,1.4,18.2,81.3
2026-03-20 03:02:19,GWL,Cloudy,0.64,4.89,0.7,33.8,58.9
2026-02-12 15:30:46,GWL,Cloudy,0.38,6.19,0.1,11.6,80.2
2026-01-27 14:52:15,GWL,Cloudy,0.34,6.59,1.4,29.6,27.4
2026-05-25 02:59:16,GWL,Rain,0.29,6.5,12.0,20.5,80.8
2026-06-23 07:19:15,GWL,Cloudy,0.35,7.74,0.4,14.4,66.8
2026-03-13 07:08:05,GWL,Fog,0.4,7.12,0.9,31.7,24.6
2026-01-08 19:27:24,GWL,Rain,0.49,4.49,8.0,33.2,75.2
2026-02-17 08:13:34,GWL,Rain,0.15,7.44,12.8,23.1,43.8
2026-01-30 03:57:38,GWL,Rain,0.19,8.25,2.4,18.2,67.0
2026-03-30 17:31:57,GWL,Clear,0.42,6.43,0.0,32.8,59.7
2026-02-17 19:52:36,GWL,Cloudy,0.22,8.11,1.3,25.6,67.8
2026-06-13 11:44:11,GWL,Clear,0.26,7.91,0.5,17.0,70.0
2026-03-08 22:09:08,GWL,Clear,0.49,5.61,1.4,26.8,70.2
2026-03-17 23:35:19,GWL,Clear,0.12,8.8,0.1,16.8,80.7
2026-06-07 01:02:48,GWL,Fog,0.74,3.13,1.4,19.6,63.8
2026-05-22 01:29:34,GWL,Cloudy,0.25,7.87,1.0,36.4,69.0
2026-05-22 16:01:35,GWL,Clear,0.22,8.61,1.2,20.3,67.6
2026-01-09 14:25:48,GWL,Fog,0.57,4.87,0.6,17.5,100.0
2026-02-15 15:19:38,GWL,Clear,0.17,7.68,0.8,35.0,54.9
2026-01-25 05:04:44,GWL,Rain,0.25,6.23,15.6,38.6,86.5
2026-04-08 08:32:48,GWL,Clear,0.25,6.89,0.1,10.7,50.6
2026-04-06 13:27:52,GWL,Cloudy,0.19,8.67,0.0,26.5,55.4
2026-05-21 08:26:53,GWL,Rain,0.41,5.27,13.0,11.7,76.9
2026-06-22 15:15:36,GWL,Clear,0.21,8.62,0.2,24.1,53.8
2026-06-05 03:46:23,GWL,Clear,0.06,9.24,1.2,16.8,47.9
2026-05-10 22:57:41,GWL,Rain,0.16,6.9,6.9,24.8,46.1
2026-05-18 20:55:51,GWL,Clear,0.36,6.33,0.8,24.8,78.6
2026-01-27 10:32:24,GWL,Cloudy,0.31,6.92,0.3,35.5,58.4
2026-05-13 19:37:57,GWL,Clear,0.46,6.89,1.0,29.3,51.8
2026-02-03 10:09:48,GWL,Clear,0.25,7.32,0.4,29.3,100.0
2026-05-24 20:30:14,GWL,Cloudy,0.31,7.93,1.2,6.2,66.6
2026-01-07 21:47:20,GWL,Cloudy,0.13,8.45,0.7,24.3,58.0
2026-02-22 01:16:39,GWL,Rain,0.16,8.17,3.2,23.8,40.1
2026-06-04 10:07:06,GWL,Clear,0.41,6.21,0.2,22.2,57.3
2026-01-04 15:14:14,GWL,Clear,0.37,6.96,0.6,37.4,73.2
2026-05-08 22:07:48,GWL,Fog,0.54,5.77,0.8,32.2,100.0
2026-05-03 21:32:37,GWL,Clear,0.13,8.45,0.1,17.9,75.3
2026-02-24 13:56:19,GWL,Clear,0.06,9.49,1.1,24.7,65.4
2026-03-30 21:13:26,GWL,Clear,0.45,5.86,0.6,10.1,91.3
2026-01-25 11:23:22,GWL,Clear,0.31,8.27,0.6,17.8,39.4
2026-05-13 07:34:52,GWL,Clear,0.42,6.47,1.3,38.6,44.4
2026-02-01 02:56:14,GWL,Cloudy,0.12,8.65,0.6,23.6,55.4
2026-04-25 00:25:14,GWL,Clear,0.25,7.77,0.2,12.8,63.9
2026-03-21 07:41:46,GWL,Cloudy,0.11,8.98,0.3,23.6,38.9
2026-03-04 20:40:36,GWL,Clear,0.12,9.05,1.2,26.3,75.0
2026-02-08 22:18:38,GWL,Fog,0.4,6.89,1.3,22.4,61.8
2026-02-02 14:42:55,GWL,Clear,0.12,9.4,1.2,17.2,94.3
2026-06-29 12:29:21,GWL,Clear,0.13,9.05,1.5,27.8,78.0
2026-06-26 12:22:19,GWL,Clear,0.2,9.23,1.0,27.0,93.4
2026-02-24 02:30:17,GWL,Cloudy,0.04,9.77,0.5,26.2,79.8
2026-06-30 19:44:09,GWL,Clear,0.18,8.78,0.2,26.4,75.9
2026-04-19 09:59:07,GWL,Clear,0.2,7.49,1.3,20.8,85.2
2026-03-16 10:41:40,GWL,Fog,0.51,6.06,1.0,20.2,48.6
2026-01-24 00:33:43,GWL,Fog,0.68,3.62,0.4,10.0,59.5
2026-06-29 11:31:26,GWL,Clear,0.6,5.29,0.5,29.0,66.1
2026-04-05 22:04:54,GWL,Clear,0.14,8.37,0.9,32.9,78.1
2026-06-11 02:39:58,GWL,Cloudy,0.45,5.83,0.0,35.4,81.9
2026-06-08 16:20:36,GWL,Clear,0.16,8.39,1.1,18.2,76.8
2026-04-15 14:04:20,GWL,Rain,0.28,6.82,4.9,21.8,82.4
2026-02-25 13:09:55,GWL,Clear,0.18,8.59,0.8,24.2,71.0
2026-01-18 19:50:18,GWL,Clear,0.17,8.45,0.7,16.5,52.5
2026-04-28 17:15:37,GWL,Fog,0.67,3.71,0.8,27.7,69.7
2026-05-05 22:15:31,GWL,Cloudy,0.5,5.82,1.4,14.8,62.5
2026-04-05 04:44:50,GWL,Clear,0.38,7.43,0.9,41.5,79.9
2026-01-14 22:39:20,GWL,Cloudy,0.08,8.58,0.8,11.4,62.9
2026-06-19 18:18:21,GWL,Clear,0.39,7.03,0.6,22.3,57.9
2026-04-12 23:03:22,GWL,Cloudy,0.35,6.98,0.1,27.2,73.7
2026-04-26 13:04:44,GWL,Cloudy,0.23,8.19,0.5,23.3,73.7
2026-03-14 21:56:22,GWL,Clear,0.22,8.57,0.1,31.3,64.9
2026-02-12 19:02:15,GWL,Fog,0.71,4.14,1.4,32.5,71.2
2026-01-12 21:21:07,GWL,Rain,0.33,6.2,15.1,12.7,68.0
2026-03-12 10:50:54,GWL,Clear,0.37,6.56,0.1,14.5,72.0
2026-04-15 04:04:59,GWL,Clear,0.44,5.27,1.1,27.5,76.0
2026-01-27 22:50:38,GWL,Cloudy,0.2,8.35,0.6,11.5,45.7
2026-06-27 08:19:17,GWL,Clear,0.37,6.15,0.9,13.3,96.8
2026-02-06 13:38:25,GWL,Clear,0.14,8.25,0.6,20.5,65.0
2026-05-27 07:47:48,GWL,Rain,0.19,7.01,9.4,5.6,73.0
2026-01-16 00:02:39,GWL,Rain,0.31,6.22,6.0,28.3,54.7
2026-05-08 02:44:24,GWL,Clear,0.4,6.41,0.9,20.7,60.0
2026-06-09 19:20:29,GWL,Fog,0.72,3.89,0.4,15.5,81.4
2026-02-21 16:22:10,GWL,Cloudy,0.07,9.63,0.4,24.6,52.5
2026-02-16 17:00:18,GWL,Fog,0.46,6.13,0.3,12.1,37.8
2026-01-12 13:34:26,GWL,Clear,0.09,9.03,1.4,20.4,86.7
2026-03-01 20:29:25,GWL,Clear,0.29,8.21,1.0,19.5,59.8
2026-01-21 16:04:14,GWL,Rain,0.43,5.18,16.1,37.6,78.1
2026-06-18 08:08:03,GWL,Clear,0.31,7.48,0.8,29.7,61.9
2026-02-17 12:14:52,GWL,Clear,0.37,6.99,1.2,28.9,100.0
2026-05-31 15:10:09,GWL,Fog,0.51,6.38,1.1,23.8,86.9
2026-05-22 23:55:50,GWL,Clear,0.2,8.02,0.4,4.6,56.9
2026-01-25 14:55:48,GWL,Clear,0.46,5.6,1.2,29.4,36.2
2026-01-09 01:30:29,GWL,Clear,0.34,6.94,1.1,13.6,73.9
2026-01-06 19:06:28,GWL,Cloudy,0.03,9.34,1.2,15.4,45.2
2026-03-10 16:56:03,GWL,Clear,0.28,7.56,0.2,23.9,72.1
2026-05-19 02:40:08,GWL,Cloudy,0.31,6.91,1.0,11.5,71.0
2026-03-17 23:23:04,GWL,Clear,0.04,9.55,0.5,20.0,93.4
2026-03-13 15:10:27,GWL,Clear,0.29,7.98,0.2,16.0,90.4
2026-03-05 09:00:38,GWL,Cloudy,0.28,7.54,0.5,25.5,61.0
2026-03-12 09:11:49,GWL,Clear,0.44,6.0,0.3,17.9,79.9
2026-01-22 23:13:55,GWL,Clear,0.22,7.52,1.0,13.3,100.0
2026-06-18 00:04:52,GWL,Rain,0.29,5.72,7.9,34.4,75.7
2026-06-29 20:32:16,GWL,Clear,0.26,7.39,0.3,40.2,53.7
2026-02-12 09:34:07,GWL,Rain,0.31,6.0,11.1,19.0,41.8
2026-04-20 09:19:30,GWL,Fog,0.96,2.2,1.2,45.1,53.5
2026-06-10 13:06:00,GWL,Clear,0.25,7.82,1.2,5.5,50.1
2026-01-04 22:06:59,GWL,Clear,0.42,6.78,1.0,17.1,67.3
2026-05-09 07:08:21,GWL,Clear,0.18,8.42,0.9,13.7,46.9
2026-06-03 23:57:01,GWL,Fog,0.51,5.92,0.5,41.5,67.9
2026-03-03 08:23:10,GWL,Cloudy,0.46,5.97,0.1,13.1,83.2
2026-02-04 21:50:27,GWL,Clear,0.2,8.3,0.3,29.0,58.1
2026-06-20 18:21:35,GWL,Fog,0.53,5.23,1.1,23.5,51.5
2026-06-13 00:12:24,GWL,Fog,0.94,1.39,0.4,17.3,100.0
2026-01-31 16:29:25,GWL,Clear,0.51,5.24,0.3,8.2,74.7
2026-03-31 10:23:15,GWL,Fog,0.79,2.85,1.1,35.6,90.3
2026-02-27 02:44:55,GWL,Clear,0.06,9.56,0.9,22.1,86.0
2026-06-16 15:05:54,GWL,Rain,0.1,7.49,4.2,14.8,66.6
2026-04-17 17:34:08,GWL,Cloudy,0.27,6.85,0.8,20.8,42.6
2026-04-09 01:13:35,GWL,Clear,0.46,7.03,0.3,30.6,65.4
2026-02-20 03:55:25,GWL,Cloudy,0.4,6.42,1.4,35.3,99.3
2026-03-23 10:58:36,GWL,Rain,0.28,6.65,5.0,24.1,66.7
2026-01-20 13:38:35,GWL,Clear,0.22,7.85,1.5,18.2,100.0
2026-01-13 11:46:59,GWL,Cloudy,0.53,5.47,1.1,34.7,85.4
2026-06-08 18:04:45,GWL,Clear,0.14,8.74,0.5,27.1,34.1
2026-01-10 18:34:46,GWL,Clear,0.18,8.35,1.0,21.3,74.0
2026-05-12 15:43:43,GWL,Cloudy,0.39,6.25,1.2,24.7,89.3
2026-01-23 04:58:21,GWL,Cloudy,0.38,6.76,0.2,34.1,52.0
2026-01-28 13:00:27,GWL,Cloudy,0.26,7.67,0.5,21.0,95.3
2026-01-23 22:19:48,GWL,Clear,0.45,6.17,0.1,22.7,33.1
2026-04-25 09:29:08,GWL,Fog,0.44,6.84,0.5,15.7,93.8
2026-05-27 04:50:47,GWL,Cloudy,0.49,6.72,0.3,18.9,44.4
2026-05-13 06:59:44,GWL,Fog,0.55,4.75,0.4,6.9,85.5
2026-06-03 10:10:16,GWL,Clear,0.45,6.82,1.4,20.5,82.1
2026-03-27 17:08:25,GWL,Clear,0.04,10.15,0.9,27.8,47.9
2026-04-25 18:38:30,GWL,Clear,0.42,6.87,0.4,27.0,51.0
2026-05-30 14:04:22,GWL,Clear,0.25,7.98,1.4,26.5,40.4
2026-04-23 18:45:57,GWL,Clear,0.28,7.7,0.8,28.4,78.8
2026-05-12 21:38:25,GWL,Clear,0.35,7.1,0.1,31.3,45.7
2026-03-30 04:39:49,GWL,Clear,0.08,9.33,1.4,22.7,27.1
2026-06-15 23:11:03,GWL,Clear,0.21,8.19,0.9,20.5,84.8
2026-03-29 15:23:49,GWL,Rain,0.48,5.34,4.8,24.1,68.3
2026-05-20 14:44:19,GWL,Cloudy,0.19,8.03,1.2,25.8,46.0
2026-06-16 07:28:42,GWL,Clear,0.1,9.34,0.6,24.6,95.6
2026-06-17 07:31:27,GWL,Cloudy,0.07,9.13,1.3,25.0,29.4
2026-03-13 14:52:34,GWL,Clear,0.46,6.11,0.5,26.0,39.2
2026-04-27 16:25:00,GWL,Rain,0.46,5.1,2.9,11.8,62.7
2026-03-29 14:53:23,GWL,Cloudy,0.12,9.27,1.5,17.9,56.2
2026-05-30 14:18:48,GWL,Rain,0.43,5.03,7.7,21.1,72.7
2026-04-19 05:10:40,GWL,Cloudy,0.04,9.54,0.6,24.0,100.0
2026-02-15 17:58:35,GWL,Rain,0.05,8.28,8.1,17.7,25.4
2026-06-15 16:29:48,GWL,Clear,0.51,5.92,0.6,38.4,72.1
2026-02-06 19:13:34,GWL,Clear,0.1,8.96,1.1,19.1,64.1
2026-01-13 22:32:45,GWL,Clear,0.22,7.11,1.1,24.9,78.8
2026-01-31 12:13:03,GWL,Cloudy,0.31,6.95,0.8,28.6,44.7
2026-02-10 13:37:51,GWL,Cloudy,0.4,6.72,1.4,31.6,57.3
2026-05-24 17:10:30,GWL,Clear,0.12,8.74,0.3,34.8,52.4
2026-03-31 13:07:51,GWL,Clear,0.38,7.13,0.6,18.1,59.7
2026-05-28 23:18:50,GWL,Clear,0.25,8.62,0.2,13.6,32.1
2026-05-04 15:50:01,GWL,Clear,0.18,8.5,1.1,35.2,67.0
2026-04-18 19:03:38,GWL,Clear,0.36,7.72,1.4,24.5,51.7
2026-05-19 05:18:54,GWL,Fog,0.89,2.17,0.4,30.2,100.0
2026-06-07 10:19:35,GWL,Cloudy,0.14,9.12,1.4,29.8,70.7
2026-06-03 23:26:56,GWL,Clear,0.3,6.73,0.8,38.6,61.0
2026-06-15 12:00:12,GWL,Clear,0.36,6.81,0.8,26.5,65.7
2026-06-09 04:58:15,GWL,Clear,0.46,6.7,0.2,28.8,72.1
2026-01-12 12:51:18,GWL,Clear,0.47,5.41,0.5,40.2,27.9
2026-01-18 08:35:55,GWL,Rain,0.3,7.11,3.7,36.7,66.0
2026-01-05 02:00:50,GWL,Clear,0.42,6.75,0.6,5.3,76.1
2026-06-01 13:12:02,GWL,Clear,0.26,8.8,0.7,36.8,49.7
2026-05-23 23:59:36,GWL,Clear,0.42,6.28,1.0,22.9,95.4
2026-06-08 22:29:50,GWL,Rain,0.33,6.94,2.9,20.5,56.0
2026-02-04 00:59:33,GWL,Rain,0.09,8.22,4.0,19.7,26.2
2026-01-10 09:09:15,GWL,Clear,0.31,7.25,1.3,20.3,48.1
2026-06-11 16:43:39,GWL,Clear,0.08,8.9,1.3,30.8,81.1
2026-05-16 02:59:18,GWL,Rain,0.25,6.83,6.1,9.5,30.2
2026-04-06 06:29:51,GWL,Clear,0.18,8.97,0.3,33.0,63.7
2026-02-18 22:50:07,GWL,Clear,0.41,6.5,1.0,22.6,34.9
2026-05-02 04:57:35,GWL,Clear,0.1,8.85,1.0,23.4,84.7
2026-03-12 21:49:11,GWL,Cloudy,0.38,7.26,0.6,29.3,56.7
2026-02-13 11:02:55,GWL,Clear,0.48,5.26,0.1,29.6,97.8
2026-06-08 20:11:36,GWL,Cloudy,0.41,6.36,0.1,17.1,78.0
2026-03-31 07:16:33,GWL,Clear,0.35,7.0,0.1,33.1,77.4
2026-03-24 11:17:00,GWL,Clear,0.15,9.08,1.0,28.2,75.4
2026-01-17 13:02:41,GWL,Clear,0.28,7.23,0.5,19.8,76.8
2026-06-09 07:31:03,GWL,Cloudy,0.16,8.39,0.2,27.1,58.7
2026-01-09 18:57:39,GWL,Clear,0.64,4.8,0.7,24.0,74.2
2026-05-05 02:30:01,GWL,Cloudy,0.46,6.85,1.2,40.9,63.4
2026-03-03 15:31:37,GWL,Fog,0.46,5.67,1.5,18.1,57.0
2026-05-20 18:37:56,GWL,Clear,0.53,5.07,1.2,40.0,84.9
2026-05-30 05:49:02,GWL,Clear,0.53,6.26,0.6,34.9,68.6
2026-01-21 09:27:29,GWL,Fog,0.71,3.96,1.2,26.9,47.8
2026-03-10 20:21:08,GWL,Cloudy,0.21,8.4,0.2,28.1,44.0
2026-01-22 11:23:50,GWL,Cloudy,0.34,7.81,0.1,28.6,64.0
2026-06-01 10:44:28,GWL,Clear,0.47,6.58,0.3,31.2,71.0
2026-06-29 07:38:56,GWL,Clear,0.72,3.95,0.7,37.5,46.8
2026-05-01 04:23:00,GWL,Cloudy,0.16,9.15,1.0,20.7,31.3
2026-05-29 15:06:12,GWL,Fog,0.68,4.8,1.2,29.7,73.1
2026-04-17 15:49:05,GWL,Clear,0.37,7.22,0.6,43.6,79.6
2026-05-03 03:35:53,GWL,Cloudy,0.36,7.45,0.9,12.8,38.9
2026-03-25 23:18:37,GWL,Cloudy,0.25,7.83,0.8,26.2,58.3
2026-03-15 12:43:27,GWL,Fog,0.64,4.1,0.2,17.9,91.2
2026-06-17 14:53:20,GWL,Rain,0.4,5.96,14.2,36.1,86.2
2026-06-15 21:32:14,GWL,Clear,0.24,8.45,1.1,21.3,31.7
2026-02-07 05:39:36,GWL,Clear,0.11,8.43,1.0,19.0,32.9
2026-01-21 14:31:52,GWL,Cloudy,0.66,3.85,1.0,9.2,67.2
2026-01-24 13:20:48,GWL,Clear,0.09,10.0,1.1,33.0,70.9
2026-01-13 02:46:26,GWL,Cloudy,0.17,8.96,1.1,19.4,52.3
2026-01-27 10:40:27,GWL,Fog,0.69,4.15,0.4,13.6,58.9
2026-03-01 08:04:19,GWL,Clear,0.35,6.38,0.3,13.0,21.7
2026-01-14 13:49:18,GWL,Cloudy,0.14,8.62,0.2,18.6,63.3
2026-06-08 09:34:00,GWL,Rain,0.24,7.09,9.8,20.5,63.2
2026-02-15 14:55:57,GWL,Cloudy,0.27,7.8,0.2,22.9,80.6
2026-04-23 09:45:03,GWL,Clear,0.53,5.84,1.5,11.2,73.4
2026-01-19 09:12:36,GWL,Fog,0.51,5.5,1.0,29.5,56.1
2026-05-31 10:06:23,GWL,Clear,0.15,8.95,0.9,23.6,90.5
2026-05-15 00:33:48,GWL,Clear,0.2,8.54,1.2,28.2,98.2
2026-06-21 06:04:11,GWL,Clear,0.3,7.84,0.1,20.2,41.4
2026-05-12 20:59:36,GWL,Clear,0.21,8.6,0.7,31.8,57.5
2026-04-02 03:16:47,GWL,Clear,0.29,7.68,0.4,19.6,85.5
2026-04-03 23:12:06,GWL,Cloudy,0.15,7.9,0.7,32.3,87.3
2026-02-01 20:21:45,GWL,Fog,0.48,5.42,1.4,31.2,36.7
2026-03-29 09:41:34,GWL,Fog,0.54,5.46,1.0,26.6,92.3
2026-02-26 07:13:52,GWL,Clear,0.13,9.5,0.9,27.9,62.3
2026-02-11 18:19:05,GWL,Clear,0.28,7.85,1.2,17.4,58.4
2026-04-28 17:19:50,GWL,Clear,0.12,9.37,0.8,20.3,67.0
2026-01-01 07:40:07,GWL,Fog,0.53,5.54,0.4,33.6,91.2
2026-05-06 07:49:41,GWL,Clear,0.06,9.58,1.5,25.4,71.1
2026-06-07 05:50:26,GWL,Cloudy,0.36,7.08,0.8,24.9,31.2
2026-04-12 12:07:05,GWL,Clear,0.18,8.53,0.6,17.2,47.3
2026-04-03 20:35:14,GWL,Cloudy,0.32,7.15,1.2,15.9,88.2
2026-03-21 11:49:22,GWL,Clear,0.11,9.17,1.5,19.5,67.7
2026-03-21 03:59:13,GWL,Fog,0.66,4.65,0.4,36.3,86.8
2026-02-14 03:46:32,GWL,Rain,0.21,8.3,14.5,27.0,58.1
2026-03-29 11:17:06,GWL,Clear,0.55,4.67,1.0,30.5,62.3
2026-05-06 17:22:45,GWL,Cloudy,0.07,9.36,1.0,15.0,81.6
2026-02-02 21:20:16,GWL,Cloudy,0.6,5.17,1.0,17.3,92.8
2026-03-23 04:23:44,GWL,Clear,0.48,5.73,1.3,11.0,74.0
2026-04-01 01:47:04,GWL,Clear,0.52,5.27,0.8,31.7,68.2
2026-04-11 18:21:16,GWL,Clear,0.04,9.54,0.0,25.1,40.7
2026-05-26 10:45:18,GWL,Clear,0.36,6.78,1.1,17.7,91.3
2026-01-16 21:03:25,GWL,Clear,0.45,5.95,0.2,34.4,77.1
2026-05-28 17:12:29,GWL,Clear,0.48,6.33,1.0,8.3,80.0
2026-03-16 08:11:20,GWL,Cloudy,0.12,9.22,0.4,7.5,40.1
2026-02-03 22:07:55,GWL,Clear,0.39,6.17,0.2,15.0,55.3
2026-01-11 18:57:11,GWL,Clear,0.2,8.96,0.1,40.4,58.2
2026-03-14 05:41:30,GWL,Clear,0.11,9.54,0.8,30.4,50.1
2026-03-11 09:00:08,GWL,Clear,0.32,7.75,0.3,19.8,64.2
2026-03-12 07:59:32,GWL,Clear,0.29,7.01,0.6,35.2,76.6
2026-02-20 13:49:40,GWL,Clear,0.12,9.48,0.2,30.9,51.2
2026-02-01 17:01:41,GWL,Fog,0.49,5.24,1.5,6.9,69.0
2026-06-19 01:42:16,GWL,Clear,0.03,9.41,0.1,15.3,92.1
2026-01-24 21:41:53,GWL,Clear,0.15,8.66,1.3,15.4,35.6
2026-03-26 01:56:53,GWL,Clear,0.25,8.37,0.1,4.0,100.0
2026-02-03 13:28:57,GWL,Fog,0.58,5.02,1.0,14.7,70.4
2026-04-27 07:16:00,GWL,Clear,0.46,6.81,0.3,27.0,86.3
2026-04-03 22:17:36,GWL,Clear,0.37,6.82,0.2,17.2,33.7
2026-05-25 00:12:19,GWL,Fog,0.47,6.35,0.4,27.3,85.8
2026-04-04 06:27:24,GWL,Fog,0.93,1.83,0.5,12.4,55.2
2026-05-22 00:22:18,GWL,Clear,0.24,7.74,0.4,26.1,66.8
2026-01-04 15:32:01,GWL,Clear,0.36,6.77,0.5,25.3,60.8
2026-06-26 00:39:06,GWL,Fog,0.5,5.68,0.3,39.0,37.5
2026-06-27 03:26:46,GWL,Fog,0.62,4.78,0.8,33.7,87.4
2026-01-29 03:48:27,GWL,Clear,0.22,8.0,1.0,29.6,75.2
2026-02-16 08:57:18,GWL,Clear,0.24,8.07,1.4,24.1,62.3
2026-03-03 10:40:38,GWL,Cloudy,0.27,8.06,0.1,30.7,71.6
2026-04-20 02:34:47,GWL,Clear,0.19,8.45,0.1,25.1,41.3
2026-05-27 09:11:13,GWL,Clear,0.38,6.56,0.9,25.3,52.1
2026-04-13 05:46:24,GWL,Cloudy,0.18,8.23,0.9,14.0,64.6
2026-03-13 11:24:57,GWL,Clear,0.25,7.74,1.4,16.4,61.2
2026-02-26 06:18:10,GWL,Clear,0.13,8.22,0.7,10.0,62.4
2026-05-23 22:07:14,GWL,Rain,0.23,6.34,8.7,40.7,71.8
2026-02-06 11:40:51,GWL,Clear,0.23,8.08,0.5,28.3,80.1
2026-03-31 00:08:22,GWL,Clear,0.34,7.07,0.8,34.8,81.5
2026-01-06 05:06:06,GWL,Clear,0.05,9.93,1.0,33.8,87.8
2026-05-17 00:51:32,GWL,Cloudy,0.63,4.48,1.3,12.3,48.2
2026-02-10 06:10:00,GWL,Fog,1.0,1.73,0.5,35.1,85.5
2026-04-03 13:20:34,GWL,Clear,0.3,7.58,0.4,19.7,50.3
2026-03-25 14:45:40,GWL,Cloudy,0.19,8.53,0.6,33.1,81.6
2026-01-28 07:59:43,GWL,Cloudy,0.29,8.06,1.5,18.9,60.7
2026-02-27 08:54:21,GWL,Clear,0.29,8.25,0.2,38.4,45.4
2026-01-08 20:59:17,GWL,Clear,0.17,9.12,1.1,6.9,65.6
2026-03-20 03:48:00,GWL,Clear,0.05,9.6,0.8,23.7,71.6
2026-05-26 06:50:49,GWL,Clear,0.3,7.8,0.8,20.7,62.6
2026-02-25 06:36:00,GWL,Clear,0.04,9.29,1.5,26.2,73.8
2026-05-25 14:27:52,GWL,Clear,0.4,5.74,1.0,39.9,58.7
2026-01-01 19:29:30,GWL,Clear,0.18,8.94,0.7,20.8,70.4
2026-03-11 01:26:59,GWL,Clear,0.15,8.95,1.3,26.2,37.6
2026-03-03 23:54:44,GWL,Cloudy,0.19,8.13,0.1,22.2,74.2
2026-03-11 16:45:37,GWL,Clear,0.29,7.64,0.4,19.4,46.4
2026-01-01 18:34:19,GWL,Cloudy,0.25,8.47,1.0,27.4,33.0
2026-06-02 19:51:16,GWL,Clear,0.43,7.0,0.4,27.3,94.0
2026-02-06 22:04:29,GWL,Rain,0.27,6.05,16.5,19.0,100.0
2026-03-25 00:46:14,GWL,Cloudy,0.56,5.18,0.0,39.0,74.9
2026-03-12 02:14:37,GWL,Clear,0.5,6.41,0.4,24.1,63.9
2026-03-26 03:00:25,GWL,Clear,0.57,4.63,0.9,31.4,52.5
2026-05-10 10:53:27,GWL,Clear,0.39,6.78,0.3,23.3,50.8
2026-03-22 10:38:50,GWL,Cloudy,0.21,8.26,0.8,29.0,65.9
2026-06-27 06:32:00,GWL,Clear,0.45,6.15,0.9,25.9,80.0
2026-03-21 08:03:32,GWL,Clear,0.22,7.82,0.7,23.7,65.2
2026-05-16 18:13:40,GWL,Clear,0.34,7.79,1.4,24.2,60.2
2026-05-29 06:13:34,GWL,Cloudy,0.22,7.92,0.5,14.3,53.6
2026-02-06 01:57:45,GWL,Cloudy,0.23,7.49,0.8,27.4,69.0
2026-04-03 13:31:17,GWL,Fog,0.71,4.1,0.4,20.0,73.1
2026-02-19 21:38:52,GWL,Fog,0.88,2.26,1.2,27.0,97.9
2026-03-08 20:48:19,GWL,Clear,0.29,7.81,0.7,12.1,70.3
2026-06-08 19:07:51,GWL,Clear,0.4,6.54,0.8,19.7,87.4
2026-04-25 11:19:54,GWL,Rain,0.51,3.87,12.1,21.6,81.5
2026-03-27 10:29:15,GWL,Clear,0.14,8.64,0.8,-1.1,72.3
2026-06-21 09:39:30,GWL,Rain,0.21,6.77,7.5,22.5,74.1
2026-02-20 05:27:06,GWL,Cloudy,0.17,7.75,1.2,32.0,63.1
2026-04-28 05:59:59,GWL,Clear,0.26,8.11,0.2,20.1,72.0
2026-05-12 23:23:14,GWL,Fog,0.44,6.59,0.1,32.8,73.6
2026-06-12 17:33:03,GWL,Clear,0.36,6.75,1.4,30.7,63.8
2026-05-17 12:58:37,GWL,Rain,0.27,6.65,9.5,39.6,74.0
2026-02-02 02:32:53,GWL,Clear,0.25,8.53,0.4,23.7,53.8
2026-04-21 13:58:44,GWL,Rain,0.17,7.55,4.4,16.4,76.3
2026-06-13 16:06:44,GWL,Clear,0.12,9.27,0.3,17.0,76.5
2026-01-24 21:47:01,GWL,Clear,0.02,9.53,1.0,22.3,100.0
2026-01-05 00:41:34,GWL,Rain,0.36,6.41,13.1,14.5,77.9
2026-06-03 18:49:14,GWL,Cloudy,0.2,8.72,0.4,18.3,54.6
2026-05-31 15:12:06,GWL,Clear,0.59,5.01,0.9,12.2,60.0
2026-04-26 11:54:26,GWL,Clear,0.36,6.8,1.3,40.8,88.3
2026-06-17 19:02:36,GWL,Clear,0.23,7.67,0.0,21.0,73.6
2026-03-16 08:07:58,GWL,Fog,0.57,5.44,0.6,24.9,83.9
2026-02-09 16:51:39,GWL,Clear,0.53,5.6,1.2,29.6,90.7
2026-02-14 02:05:28,GWL,Fog,0.58,5.8,0.3,12.7,70.9
2026-06-26 00:41:35,GWL,Clear,0.27,7.65,0.4,26.5,62.8
2026-05-01 10:40:15,GWL,Rain,0.11,7.32,4.1,35.5,52.2
2026-05-23 16:57:48,GWL,Clear,0.65,5.07,0.4,44.8,55.4
2026-01-30 01:53:16,GWL,Clear,0.42,6.95,0.4,41.7,50.6
2026-03-26 23:54:49,GWL,Clear,0.34,6.36,0.2,41.7,63.7
2026-02-08 19:35:49,GWL,Clear,0.36,6.66,0.4,20.1,67.2
2026-02-24 13:24:14,GWL,Clear,0.26,7.15,1.3,18.5,56.9
2026-06-28 19:19:59,GWL,Clear,0.39,6.62,0.4,19.7,88.5
2026-06-20 04:17:15,GWL,Cloudy,0.43,5.7,0.6,24.6,31.9
2026-04-16 22:53:53,GWL,Clear,0.18,9.0,1.3,16.4,88.9
2026-02-11 10:50:52,GWL,Clear,0.5,6.37,1.4,26.3,43.6
2026-04-13 13:40:15,GWL,Clear,0.14,9.0,0.2,21.0,77.5
2026-02-18 17:57:36,GWL,Fog,0.35,6.98,0.3,20.3,48.0
2026-04-29 08:41:59,GWL,Clear,0.28,8.07,1.0,24.5,68.0
2026-04-09 21:03:20,GWL,Clear,0.05,9.57,1.1,24.6,65.6
2026-02-24 14:31:54,GWL,Clear,0.35,6.82,1.2,29.5,68.5
2026-02-05 14:06:57,GWL,Fog,0.68,4.14,1.0,17.7,86.8
2026-01-10 06:31:47,GWL,Rain,0.38,5.64,3.6,36.2,45.5
2026-06-17 01:08:47,GWL,Clear,0.48,6.07,1.3,23.7,91.8
2026-05-31 02:41:45,GWL,Cloudy,0.2,8.48,0.3,24.8,76.6
2026-05-09 22:30:38,GWL,Clear,0.22,8.29,1.3,39.3,72.8
2026-05-21 06:30:40,GWL,Cloudy,0.06,9.75,1.3,17.0,60.3
2026-04-20 19:23:03,GWL,Clear,0.16,9.51,0.1,33.6,42.7
2026-03-08 07:11:48,GWL,Clear,0.45,5.8,1.0,40.8,58.2
2026-06-07 09:55:40,GWL,Fog,0.63,5.29,0.1,44.5,74.4
2026-01-06 18:17:29,GWL,Clear,0.21,8.6,1.1,29.2,80.7
2026-03-07 09:47:09,GWL,Cloudy,0.12,8.85,1.5,31.5,90.2
2026-01-16 04:33:39,GWL,Cloudy,0.31,7.81,0.6,21.2,76.3
2026-03-22 17:02:55,GWL,Clear,0.67,5.06,0.8,14.2,62.9
2026-03-13 20:07:54,GWL,Clear,0.23,8.0,0.4,13.6,66.1
2026-05-19 08:38:01,GWL,Clear,0.52,5.93,0.6,34.3,100.0
2026-01-17 20:49:46,GWL,Rain,0.36,5.84,5.4,17.3,73.9
2026-05-12 05:12:54,GWL,Clear,0.39,6.61,0.4,22.2,62.7
2026-04-03 05:50:48,GWL,Clear,0.12,9.68,0.6,22.4,61.5
2026-03-30 02:49:07,GWL,Clear,0.56,5.26,0.7,9.4,100.0
2026-02-20 22:12:46,GWL,Rain,0.27,6.51,6.3,2.1,46.7
2026-06-06 03:00:18,GWL,Clear,0.35,6.75,1.2,21.0,66.2
2026-03-12 00:44:54,GWL,Clear,0.13,8.98,1.1,39.9,37.0
2026-01-01 15:10:36,GWL,Clear,0.79,3.16,1.0,21.8,99.5
2026-06-07 18:46:28,GWL,Fog,0.58,5.32,0.9,38.0,49.1
2026-06-01 03:00:00,GWL,Clear,0.19,7.93,0.2,26.2,60.1
2026-06-20 12:30:52,GWL,Clear,0.33,6.13,1.0,23.3,74.7
2026-01-25 14:37:29,GWL,Clear,0.13,8.91,0.1,30.0,64.3
2026-04-04 13:33:50,GWL,Fog,0.35,7.28,0.9,11.5,68.2
2026-01-27 18:53:20,GWL,Clear,0.39,6.76,0.1,39.0,100.0
2026-05-25 02:23:43,GWL,Clear,0.26,7.95,0.5,29.6,65.0
2026-03-26 08:03:32,GWL,Clear,0.34,6.47,1.1,21.8,75.1
2026-01-27 01:17:11,GWL,Clear,0.38,7.97,0.8,25.9,72.4
2026-06-27 20:12:43,GWL,Clear,0.1,10.0,0.3,44.5,100.0
2026-05-11 12:06:29,GWL,Clear,0.13,8.83,1.1,33.6,51.1
2026-03-31 22:41:31,GWL,Cloudy,0.23,8.38,0.0,35.7,63.8
2026-05-23 22:06:18,GWL,Clear,0.22,7.93,1.1,18.8,65.3
2026-05-06 00:39:36,GWL,Clear,0.66,4.25,0.0,26.8,45.0
2026-02-15 20:34:59,GWL,Fog,0.97,1.77,0.8,20.3,100.0
2026-06-17 18:46:57,GWL,Cloudy,0.61,5.2,1.5,26.6,80.9
2026-04-09 00:18:12,GWL,Clear,0.13,8.1,0.8,33.2,55.2
2026-02-02 21:33:47,GWL,Clear,0.36,7.5,0.1,22.7,41.1
2026-01-27 06:51:40,GWL,Clear,0.24,7.97,0.8,35.3,72.0
2026-04-17 22:28:32,GWL,Clear,0.77,3.42,0.2,26.3,20.0
2026-06-14 08:36:34,GWL,Clear,0.2,7.7,0.7,22.1,70.6
2026-02-21 21:34:52,GWL,Clear,0.22,8.81,0.1,24.0,58.3
2026-02-25 10:00:57,GWL,Clear,0.3,8.12,1.4,25.1,57.2
2026-06-16 00:07:57,GWL,Rain,0.35,5.81,11.3,14.8,69.3
2026-04-28 17:14:23,GWL,Clear,0.53,4.64,1.5,20.8,80.5
2026-03-27 14:23:53,GWL,Fog,0.91,1.6,1.4,35.7,94.0
2026-03-22 03:06:47,GWL,Cloudy,0.52,5.47,0.8,23.7,72.9
2026-02-27 04:03:57,GWL,Fog,0.39,6.31,1.3,26.6,84.5
2026-06-26 22:17:50,GWL,Rain,0.22,7.58,10.5,17.5,62.1
2026-04-02 16:13:46,GWL,Clear,0.15,7.93,1.0,21.9,78.7
2026-01-14 22:39:09,GWL,Rain,0.55,4.81,6.6,33.9,100.0
2026-06-18 01:28:56,GWL,Cloudy,0.13,9.13,1.0,23.7,31.7
2026-06-16 03:42:06,GWL,Clear,0.46,6.64,0.9,31.5,77.0
2026-01-20 18:45:48,GWL,Clear,0.17,8.23,0.6,18.9,81.0
2026-01-04 15:32:51,GWL,Cloudy,0.58,5.19,1.2,16.2,72.9
2026-03-04 23:38:44,GWL,Clear,0.12,8.76,1.1,16.4,96.3
2026-01-15 03:43:33,GWL,Clear,0.37,7.04,0.4,27.7,65.5
2026-06-05 14:46:22,GWL,Cloudy,0.57,5.76,1.5,24.0,54.9
2026-06-26 06:15:03,GWL,Fog,0.94,1.45,1.3,26.9,80.2
2026-06-21 23:09:16,GWL,Clear,0.51,6.01,1.2,42.8,70.5
2026-04-17 06:02:50,GWL,Cloudy,0.12,8.94,0.2,18.1,67.7
2026-01-09 01:13:40,GWL,Cloudy,0.12,8.82,1.4,17.5,93.8
2026-05-01 04:20:56,GWL,Clear,0.15,8.98,0.6,34.8,77.8
2026-03-01 13:22:20,GWL,Fog,0.98,1.77,1.0,18.7,100.0
2026-05-11 04:58:44,GWL,Clear,0.26,8.15,0.9,13.4,73.5
2026-02-28 08:52:56,GWL,Clear,0.22,9.23,1.2,22.9,55.8
2026-02-08 10:15:44,GWL,Fog,0.82,3.69,0.5,34.9,76.6
2026-06-13 16:36:24,GWL,Clear,0.08,9.86,0.6,29.1,79.5
2026-04-07 02:03:36,GWL,Clear,0.36,6.43,0.5,26.5,72.2
2026-03-22 18:38:33,GWL,Clear,0.34,6.8,0.2,11.8,54.7
2026-06-25 17:26:21,GWL,Cloudy,0.21,7.73,0.2,24.4,100.0
2026-03-06 01:49:27,GWL,Rain,0.26,5.77,10.1,35.4,57.2
2026-04-07 22:18:27,GWL,Clear,0.29,7.13,0.9,36.4,79.4
2026-03-05 09:24:41,GWL,Clear,0.26,8.01,0.0,22.9,56.0
2026-05-23 17:43:08,GWL,Rain,0.6,3.15,8.4,15.2,75.8
2026-01-13 18:54:40,GWL,Fog,0.57,5.34,1.1,11.4,88.3
2026-05-04 17:26:24,GWL,Fog,0.9,2.41,1.0,24.4,81.5
2026-05-09 09:20:41,GWL,Rain,0.49,5.21,1.5,12.6,46.0
2026-03-12 08:04:56,GWL,Cloudy,0.29,6.91,1.0,44.3,66.9
2026-06-03 09:35:25,GWL,Clear,0.23,7.92,0.5,22.1,33.3
2026-06-01 19:53:36,GWL,Clear,0.26,7.98,1.2,15.9,65.0
2026-02-10 11:28:49,GWL,Clear,0.07,9.81,0.5,16.6,58.3
2026-05-28 20:59:54,GWL,Clear,0.51,5.88,1.1,17.2,100.0
2026-06-28 04:25:02,GWL,Cloudy,0.16,9.25,0.3,18.5,75.6
2026-03-03 10:14:42,GWL,Fog,0.7,4.15,1.3,18.6,68.6
2026-06-25 16:56:00,GWL,Cloudy,0.34,7.38,0.4,34.6,53.1
2026-03-10 02:41:13,GWL,Clear,0.27,7.77,0.8,26.5,60.2
2026-05-03 04:06:59,GWL,Clear,0.27,7.45,0.6,20.7,94.6
2026-01-01 13:33:20,GWL,Clear,0.41,6.26,1.3,11.7,54.8
2026-03-11 23:20:25,GWL,Fog,0.61,4.45,1.1,19.8,76.2
2026-04-21 07:03:27,GWL,Rain,0.25,7.07,11.3,27.3,64.5
2026-05-11 13:50:45,GWL,Clear,0.5,6.45,0.9,29.9,85.1
2026-06-27 16:28:37,GWL,Clear,0.39,6.76,1.2,24.9,37.4
2026-06-14 04:18:23,GWL,Cloudy,0.22,8.27,1.4,31.5,31.8
2026-03-15 06:33:39,GWL,Clear,0.13,8.35,1.2,33.1,54.9
2026-01-22 13:24:16,GWL,Clear,0.33,7.15,0.5,23.1,74.5
2026-02-19 06:49:40,GWL,Clear,0.16,9.16,0.9,27.9,51.2
2026-05-27 05:42:15,GWL,Clear,0.24,7.96,0.3,28.1,89.4
2026-05-11 19:14:45,GWL,Clear,0.45,6.59,0.4,30.1,73.7
2026-01-13 19:32:17,GWL,Clear,0.19,8.92,0.9,22.8,44.5
2026-05-07 07:19:00,GWL,Cloudy,0.2,7.63,1.1,27.5,70.5
2026-05-07 19:38:49,GWL,Clear,0.15,8.44,1.5,26.9,39.8
2026-01-09 07:18:09,GWL,Rain,0.21,7.74,1.8,14.8,56.8
2026-05-25 05:52:20,GWL,Fog,0.54,4.98,1.0,15.5,87.4
2026-04-12 04:10:32,GWL,Clear,0.37,5.72,0.3,8.1,54.0
2026-05-18 02:38:44,GWL,Clear,0.09,9.27,1.0,21.1,42.0
2026-03-24 13:58:31,GWL,Clear,0.27,7.78,1.3,29.9,78.1
2026-03-24 18:23:25,GWL,Rain,0.41,5.56,4.1,26.1,59.5
2026-04-29 13:25:44,GWL,Clear,0.25,7.65,0.4,15.5,59.0
2026-01-25 21:50:49,GWL,Clear,0.33,7.15,0.1,35.4,86.2
2026-01-13 18:59:33,GWL,Cloudy,0.24,7.6,1.3,19.6,91.3
2026-01-17 07:14:12,GWL,Fog,0.58,5.14,0.9,7.1,91.8
2026-02-03 06:13:45,GWL,Fog,0.71,3.32,1.1,35.9,100.0
2026-05-07 09:46:53,GWL,Clear,0.17,8.33,1.0,8.2,61.9
2026-02-22 14:24:08,GWL,Rain,0.39,5.93,9.9,27.2,69.3
2026-06-23 17:24:35,GWL,Cloudy,0.33,7.74,0.8,30.6,56.3
2026-06-14 07:02:45,GWL,Rain,0.31,4.93,3.8,18.5,57.1
2026-04-08 05:24:27,GWL,Clear,0.47,5.64,1.2,16.1,30.3
2026-03-07 18:51:36,GWL,Rain,0.09,8.24,5.3,24.3,59.8
2026-04-09 21:21:37,GWL,Rain,0.58,3.98,23.2,47.0,76.5
2026-06-14 03:52:29,GWL,Clear,0.31,8.49,0.5,19.3,52.5
2026-02-14 20:36:38,GWL,Cloudy,0.53,4.62,0.6,22.3,60.9
2026-03-09 13:55:19,GWL,Clear,0.18,8.5,1.5,18.4,81.0
2026-04-16 11:14:52,GWL,Rain,0.37,6.16,8.3,21.3,68.8
2026-06-27 08:52:06,GWL,Cloudy,0.56,5.37,0.1,29.4,79.8
2026-03-12 22:13:08,GWL,Clear,0.15,9.35,0.7,22.0,89.9
2026-05-26 03:42:51,GWL,Fog,0.46,5.99,0.4,14.3,68.8
2026-05-31 12:20:28,GWL,Clear,0.17,8.82,1.0,16.1,94.1
2026-06-27 09:36:09,GWL,Cloudy,0.38,7.34,0.9,29.9,79.9
2026-02-10 05:14:32,GWL,Clear,0.16,8.85,1.1,30.7,96.5
2026-02-16 06:21:45,GWL,Clear,0.06,8.89,0.9,10.6,71.1
2026-04-24 04:14:54,GWL,Clear,0.51,5.6,0.9,28.7,85.0
2026-06-28 05:54:07,GWL,Clear,0.08,8.91,1.5,27.4,84.1
2026-04-18 19:05:59,GWL,Clear,0.45,6.2,0.3,24.0,41.0
2026-06-29 06:08:44,GWL,Clear,0.08,9.68,0.8,34.1,53.5
2026-03-09 23:48:59,GWL,Fog,0.65,3.87,1.1,36.3,89.8
2026-05-31 10:55:04,GWL,Clear,0.14,9.04,0.6,15.3,66.3
2026-03-05 08:10:28,GWL,Rain,0.22,7.32,2.6,25.8,73.2
2026-01-29 13:20:49,GWL,Clear,0.15,9.01,0.4,14.0,98.0
2026-06-22 22:56:31,GWL,Clear,0.24,7.49,0.9,34.5,38.4
2026-01-15 08:22:49,GWL,Cloudy,0.52,5.58,1.3,37.7,82.6
2026-06-22 11:46:44,GWL,Clear,0.6,5.55,1.3,19.5,82.3
2026-04-12 01:49:32,GWL,Cloudy,0.45,6.41,0.1,20.5,88.9
2026-01-05 04:42:49,GWL,Cloudy,0.24,8.42,0.5,19.1,64.2
2026-05-10 16:50:06,GWL,Cloudy,0.55,4.78,0.1,22.9,41.4
2026-01-17 16:29:38,GWL,Clear,0.17,9.41,0.7,30.8,73.4
2026-05-12 04:23:24,GWL,Fog,0.53,4.91,0.1,20.2,56.4
2026-05-31 12:11:25,GWL,Clear,0.28,7.39,0.2,16.8,98.1
2026-06-18 05:35:53,GWL,Fog,0.9,2.55,0.2,27.0,93.2
2026-02-25 03:30:21,GWL,Clear,0.13,8.84,1.4,30.2,48.5
2026-06-25 12:32:03,GWL,Clear,0.06,9.65,0.2,28.8,76.4
2026-05-12 17:05:07,GWL,Clear,0.35,7.29,1.2,22.2,76.3
2026-04-28 10:06:39,GWL,Clear,0.25,8.28,0.5,15.0,55.8
2026-02-06 23:00:37,GWL,Rain,0.31,7.62,5.1,22.1,89.0
2026-06-05 04:10:04,GWL,Rain,0.04,8.4,2.8,30.5,44.5
2026-03-20 12:37:39,GWL,Clear,0.17,7.86,0.3,30.8,48.8
2026-01-08 12:33:45,GWL,Clear,0.15,8.35,1.0,27.6,69.1
2026-04-14 08:38:36,GWL,Cloudy,0.41,6.9,1.2,33.8,69.0
2026-05-08 08:18:06,GWL,Rain,0.15,7.82,14.8,27.2,56.7
2026-05-18 16:15:56,GWL,Clear,0.08,9.52,1.1,13.3,71.0
2026-02-18 12:37:48,GWL,Clear,0.38,6.5,0.9,27.9,39.0
2026-03-04 00:40:02,GWL,Clear,0.12,8.43,1.1,32.1,73.8
2026-04-14 22:35:04,GWL,Cloudy,0.29,8.18,1.4,20.9,93.3
2026-04-24 18:55:36,GWL,Clear,0.53,4.67,0.5,28.3,81.8
2026-04-02 12:24:32,GWL,Cloudy,0.12,9.0,1.1,19.7,84.3
2026-02-02 00:24:59,GWL,Cloudy,0.5,5.52,0.8,23.7,82.1
2026-02-21 19:44:49,GWL,Clear,0.05,10.1,0.7,20.0,51.6
2026-05-26 18:32:42,GWL,Clear,0.41,5.86,0.2,11.7,69.2
2026-01-16 06:04:13,GWL,Rain,0.28,6.28,8.8,5.5,77.3
2026-05-16 00:17:09,GWL,Cloudy,0.48,5.79,1.5,22.7,35.2
2026-04-26 20:33:14,GWL,Clear,0.54,4.83,1.1,26.7,52.2
2026-02-08 03:44:33,GWL,Cloudy,0.43,6.28,1.3,45.2,87.3
2026-06-13 17:22:00,GWL,Rain,0.24,7.41,4.3,13.3,82.7
2026-01-22 12:38:31,GWL,Cloudy,0.23,8.31,1.5,25.1,94.5
2026-02-05 00:11:13,GWL,Clear,0.6,4.9,1.4,28.5,70.2
2026-03-28 23:54:00,GWL,Cloudy,0.17,7.88,0.9,19.6,57.9
2026-03-19 00:05:55,GWL,Rain,0.17,6.96,11.4,22.7,58.3
2026-03-26 23:59:11,GWL,Fog,0.56,4.38,0.6,10.2,74.6
2026-05-10 02:51:38,GWL,Clear,0.37,6.83,0.5,30.5,49.7
2026-05-04 21:21:08,GWL,Fog,0.41,6.37,1.4,21.3,44.4
2026-02-15 19:01:20,GWL,Fog,0.57,4.84,0.7,26.3,75.9
2026-06-02 17:12:47,GWL,Cloudy,0.33,7.88,0.9,27.8,100.0
2026-06-30 22:06:52,GWL,Clear,0.34,7.17,0.3,25.1,59.3
2026-06-03 05:14:56,GWL,Clear,0.2,8.01,0.2,31.3,82.1
2026-05-15 05:28:36,GWL,Clear,0.38,6.86,0.6,23.5,55.3
2026-06-13 16:41:54,GWL,Clear,0.19,8.55,1.3,18.9,49.1
2026-01-28 23:04:51,GWL,Clear,0.41,6.27,0.9,34.4,64.4
2026-05-24 14:14:40,GWL,Cloudy,0.01,9.57,1.5,22.9,89.3
2026-03-15 20:48:16,GWL,Cloudy,0.05,9.72,0.9,21.6,46.8
2026-06-27 11:13:38,GWL,Clear,0.09,10.25,0.9,23.4,58.1
2026-01-30 23:04:06,GWL,Cloudy,0.54,4.73,1.0,21.9,75.7
2026-04-27 05:02:50,GWL,Rain,0.22,6.85,6.5,12.5,100.0
2026-04-02 00:44:43,GWL,Clear,0.1,9.13,0.0,23.1,62.4
2026-04-27 23:45:15,GWL,Rain,0.4,5.77,27.6,10.6,56.1
2026-04-28 02:24:04,GWL,Rain,0.1,7.83,13.4,30.9,42.0
2026-01-15 02:51:43,GWL,Clear,0.11,9.0,0.1,17.5,85.8
2026-01-19 07:14:27,GWL,Rain,0.38,6.21,15.8,22.4,48.4
2026-04-24 15:16:48,GWL,Clear,0.21,8.93,0.1,27.4,79.3
2026-05-28 08:42:03,GWL,Clear,0.3,7.25,1.2,23.0,59.1
2026-01-15 13:38:00,GWL,Clear,0.11,9.96,0.1,20.5,51.9
2026-02-17 19:37:56,GWL,Clear,0.37,7.56,0.8,25.7,84.4
2026-05-24 03:52:33,GWL,Fog,0.68,4.36,0.7,27.6,57.5
2026-05-22 22:17:27,GWL,Cloudy,0.21,8.63,1.0,25.6,49.7
2026-05-14 04:39:38,GWL,Clear,0.21,7.85,0.5,30.5,53.7
2026-04-11 21:16:10,GWL,Clear,0.31,7.51,0.6,24.9,57.2
2026-06-05 20:03:13,GWL,Cloudy,0.49,6.2,0.5,7.8,20.0
2026-01-13 10:21:25,GWL,Fog,0.81,2.75,1.3,8.5,67.2
2026-02-27 12:32:07,GWL,Clear,0.53,6.68,0.7,31.9,79.2
2026-06-11 13:11:28,GWL,Rain,0.26,6.56,2.1,20.3,50.1
2026-03-23 01:52:03,GWL,Clear,0.09,8.91,0.5,27.5,55.5
2026-05-23 03:31:23,GWL,Cloudy,0.11,9.61,1.5,25.6,58.9
2026-03-24 01:02:59,GWL,Cloudy,0.17,7.71,0.2,25.3,89.9
2026-05-22 14:43:04,GWL,Clear,0.17,8.65,0.6,29.4,68.1
2026-04-28 18:18:26,GWL,Fog,0.66,4.39,0.1,40.2,67.9
2026-02-19 04:59:03,GWL,Clear,0.35,7.04,1.4,22.3,87.5
2026-03-16 14:20:05,GWL,Fog,0.45,6.65,0.9,38.0,60.3
2026-03-16 14:49:18,GWL,Cloudy,0.39,6.23,0.1,20.1,84.9
2026-04-13 05:45:43,GWL,Clear,0.37,7.51,1.0,32.8,55.2
2026-05-05 23:38:42,GWL,Clear,0.28,6.86,0.7,28.8,59.3
2026-01-21 10:49:52,GWL,Clear,0.38,7.36,0.3,26.8,92.4
2026-04-24 23:54:39,GWL,Clear,0.13,9.31,0.5,35.1,27.7
2026-03-26 08:29:29,GWL,Clear,0.23,8.4,0.0,17.1,63.5
2026-04-15 10:45:32,GWL,Clear,0.04,9.86,0.4,17.3,62.0
2026-06-17 03:49:46,GWL,Cloudy,0.08,9.27,0.8,34.8,54.7
2026-01-02 16:48:23,GWL,Clear,0.37,6.63,0.5,7.6,54.4
2026-05-15 04:48:05,GWL,Rain,0.25,5.76,9.7,23.7,57.4
2026-02-26 05:34:06,GWL,Cloudy,0.23,8.27,1.3,37.1,99.1
2026-02-09 20:20:09,GWL,Clear,0.37,6.43,1.2,31.0,74.4
2026-03-21 11:03:55,GWL,Cloudy,0.1,9.35,0.5,24.4,42.0
2026-04-04 10:27:14,GWL,Clear,0.27,8.15,0.8,10.6,84.8
2026-04-27 23:10:42,GWL,Clear,0.3,7.35,1.0,30.7,100.0
2026-05-28 23:05:11,GWL,Clear,0.42,6.2,0.7,24.6,72.3
2026-03-30 18:28:21,GWL,Clear,0.45,6.24,0.4,27.4,56.7
2026-03-26 06:47:25,GWL,Rain,0.46,3.93,6.0,30.7,70.7
2026-01-05 07:57:32,GWL,Clear,0.14,8.74,0.5,16.8,68.9
2026-03-07 03:29:03,GWL,Clear,0.35,7.01,0.3,28.8,92.7
2026-02-19 00:21:53,GWL,Clear,0.18,8.64,0.3,35.2,91.5
2026-04-15 21:40:41,GWL,Clear,0.14,8.62,0.1,31.7,31.2
2026-04-10 05:21:28,GWL,Clear,0.09,8.6,1.5,22.7,72.7
2026-04-26 10:22:08,GWL,Clear,0.21,7.87,1.4,15.7,87.7
2026-05-15 21:46:07,GWL,Clear,0.64,4.95,1.0,32.8,57.7
2026-03-16 21:55:43,GWL,Clear,0.43,6.46,1.2,24.8,55.0
2026-03-31 07:11:09,GWL,Clear,0.11,8.64,0.5,19.1,45.8
2026-04-20 05:22:39,GWL,Rain,0.09,8.23,6.7,27.5,57.6
2026-03-23 06:07:46,GWL,Clear,0.33,7.2,1.0,23.5,49.2
2026-05-18 18:57:17,GWL,Cloudy,0.26,7.48,0.4,17.4,64.5
2026-05-11 12:13:32,GWL,Rain,0.23,6.77,31.1,15.3,61.0
2026-04-16 12:47:15,GWL,Rain,0.1,7.5,7.2,29.2,69.6
2026-02-01 01:41:53,GWL,Clear,0.16,8.94,1.5,17.4,59.8
2026-04-04 21:17:10,GWL,Fog,0.51,6.07,0.3,31.4,51.3
2026-04-07 00:36:34,GWL,Clear,0.71,3.88,1.2,25.9,86.5
2026-02-08 06:59:53,GWL,Clear,0.17,8.44,1.1,45.3,41.1
2026-05-13 23:13:51,GWL,Cloudy,0.29,7.68,0.1,25.4,56.8
2026-05-06 13:39:29,GWL,Clear,0.28,8.19,0.5,30.0,33.8
2026-05-22 05:41:32,GWL,Cloudy,0.31,7.5,0.1,29.1,44.9
2026-05-30 09:49:56,GWL,Clear,0.21,7.64,1.4,12.3,52.6
2026-03-26 23:03:11,GWL,Clear,0.1,9.11,0.3,27.3,50.6
2026-05-29 16:51:50,GWL,Clear,0.62,4.77,1.1,27.2,50.3
2026-05-09 04:49:00,GWL,Fog,0.88,2.3,0.8,35.9,67.6
2026-05-23 18:41:05,GWL,Clear,0.36,7.06,0.7,25.6,56.0
2026-02-26 08:29:24,GWL,Clear,0.3,7.53,1.4,20.1,37.3
2026-01-15 21:29:31,GWL,Fog,0.41,6.6,1.5,26.5,87.8
2026-04-27 14:28:12,GWL,Fog,0.93,2.52,1.2,23.3,77.4
2026-03-19 11:32:32,GWL,Clear,0.42,6.81,0.5,7.4,67.2
2026-06-14 12:47:50,GWL,Clear,0.25,6.98,0.2,27.4,73.0
2026-03-17 19:58:59,GWL,Fog,0.99,1.7,1.4,25.1,86.4
2026-05-21 23:30:22,GWL,Cloudy,0.07,9.61,0.0,12.0,75.4
2026-05-16 08:26:09,GWL,Clear,0.62,5.11,0.9,26.8,80.3
2026-03-07 17:06:22,GWL,Rain,0.25,6.85,6.9,36.8,68.5
2026-04-11 12:32:30,GWL,Clear,0.49,4.85,0.9,27.1,39.8
2026-06-28 16:53:22,GWL,Clear,0.36,6.57,0.1,18.2,73.7
2026-04-02 13:03:33,GWL,Fog,0.72,3.73,0.7,37.1,66.8
2026-02-03 20:40:08,GWL,Cloudy,0.44,6.38,0.3,30.6,54.9
2026-02-09 01:33:11,GWL,Cloudy,0.05,10.14,0.0,17.3,66.8
2026-05-21 17:32:22,GWL,Rain,0.27,6.89,3.7,21.6,44.8
2026-03-16 10:12:01,GWL,Clear,0.25,7.99,1.1,35.6,67.8
2026-04-04 20:04:33,GWL,Clear,0.29,8.18,1.5,36.0,74.1
2026-05-21 02:03:41,GWL,Clear,0.48,5.83,1.4,41.6,66.4
2026-02-06 22:12:20,GWL,Cloudy,0.15,8.33,0.5,30.1,67.6
2026-05-25 13:08:05,GWL,Clear,0.13,8.96,1.2,35.4,90.6
2026-06-11 04:17:22,GWL,Cloudy,0.15,8.87,0.9,28.2,70.3
2026-04-07 15:33:03,GWL,Clear,0.24,8.24,0.5,21.0,63.5
2026-06-21 13:12:12,GWL,Fog,0.44,5.67,0.1,20.3,61.4
2026-01-05 20:21:14,GWL,Cloudy,0.23,8.36,1.2,25.4,68.5
2026-01-01 10:13:13,GWL,Clear,0.07,9.91,0.1,23.6,78.4
2026-04-08 03:40:08,GWL,Fog,0.88,3.01,0.2,24.2,87.5
2026-06-29 04:38:07,GWL,Cloudy,0.24,7.55,0.1,28.0,69.2
2026-06-25 13:17:13,GWL,Clear,0.42,6.25,1.4,30.2,45.3
2026-01-20 14:50:56,GWL,Cloudy,0.35,7.3,0.3,26.7,47.2
2026-04-04 01:46:03,GWL,Clear,0.09,8.99,1.2,17.1,39.6
2026-03-19 02:41:20,GWL,Clear,0.2,7.92,0.8,31.6,63.5
2026-02-23 06:16:11,GWL,Clear,0.19,8.22,0.2,27.2,56.3
2026-06-02 13:30:48,GWL,Clear,0.58,5.27,0.2,40.9,65.8
2026-06-05 22:09:29,GWL,Clear,0.1,10.05,1.3,19.6,45.7
2026-04-20 17:05:09,GWL,Clear,0.15,8.89,0.3,27.8,74.0
2026-03-02 19:43:54,GWL,Fog,0.49,5.87,1.4,16.7,88.5
2026-03-15 19:58:26,GWL,Fog,0.55,5.34,1.5,23.2,94.3
2026-04-05 23:07:17,GWL,Cloudy,0.3,7.31,1.3,21.0,73.3
2026-05-17 00:12:10,GWL,Clear,0.28,7.69,0.3,18.0,66.1
2026-04-13 03:09:14,GWL,Clear,0.16,8.63,0.8,47.0,61.4
2026-05-12 17:32:51,GWL,Fog,0.72,3.53,1.1,15.4,64.1
2026-06-27 13:10:12,GWL,Clear,0.48,5.78,0.6,30.2,73.5
2026-03-16 19:44:59,GWL,Clear,0.25,7.55,0.4,22.3,24.4
2026-01-09 15:17:08,GWL,Clear,0.19,8.2,1.0,17.2,44.2
2026-01-29 16:52:26,GWL,Clear,0.48,6.25,0.5,28.1,49.6
2026-03-02 06:03:12,GWL,Rain,0.11,7.65,9.9,25.4,54.5
2026-05-25 08:57:32,GWL,Cloudy,0.5,5.6,0.6,32.2,96.4
2026-05-05 10:22:17,GWL,Fog,0.54,5.8,0.7,26.1,67.1
2026-06-16 12:28:37,GWL,Fog,0.61,5.44,1.0,16.5,89.3
2026-01-28 00:25:36,GWL,Rain,0.45,5.17,7.2,30.6,76.7
2026-06-08 18:35:45,GWL,Cloudy,0.15,8.5,1.1,29.1,26.7
2026-03-23 20:04:57,GWL,Cloudy,0.23,7.08,0.5,21.3,51.4
2026-01-09 21:23:36,GWL,Clear,0.1,9.71,0.5,11.4,37.0
2026-03-17 13:11:55,GWL,Clear,0.14,9.3,1.2,16.6,85.5
2026-06-22 03:35:06,GWL,Clear,0.15,8.86,0.9,31.9,60.0
2026-02-01 17:45:25,GWL,Rain,0.31,6.44,8.2,30.7,63.8
2026-06-27 03:29:52,GWL,Clear,0.03,10.27,1.4,24.3,54.9
2026-01-31 08:23:30,GWL,Clear,0.1,8.65,0.5,9.6,57.0
2026-05-28 05:44:03,GWL,Clear,0.31,8.24,1.2,19.4,66.3
2026-04-25 03:34:28,GWL,Clear,0.15,8.39,0.4,21.5,32.3
2026-05-26 22:19:23,GWL,Clear,0.2,8.76,0.1,13.1,56.3
2026-04-03 12:10:56,GWL,Clear,0.04,10.17,0.4,26.4,92.3
2026-06-01 00:56:55,GWL,Clear,0.43,5.82,0.8,28.4,70.9
2026-02-14 07:00:21,GWL,Cloudy,0.18,8.51,1.4,20.2,76.2
2026-05-20 02:32:54,GWL,Rain,0.45,5.13,31.6,23.9,72.9
2026-04-08 23:12:38,GWL,Clear,0.19,8.66,1.0,24.2,51.0
2026-03-26 16:50:39,GWL,Clear,0.17,8.38,0.4,16.5,45.3
2026-03-25 23:25:05,GWL,Rain,0.2,8.16,15.4,32.6,39.8
2026-02-02 06:31:17,GWL,Clear,0.22,7.71,1.3,30.5,81.9
2026-03-13 19:35:44,GWL,Clear,0.19,7.87,0.5,35.3,86.9
2026-05-20 12:59:42,GWL,Clear,0.05,9.29,1.3,25.1,84.2
2026-01-09 10:28:21,GWL,Clear,0.06,8.63,0.9,37.4,83.5
2026-02-17 14:03:24,GWL,Clear,0.27,7.32,1.0,27.0,64.5
2026-05-03 08:45:25,GWL,Clear,0.08,9.33,0.8,33.3,47.6
2026-02-21 22:08:26,GWL,Clear,0.1,8.55,0.5,11.3,54.0
2026-06-29 12:01:34,GWL,Cloudy,0.26,8.29,0.7,17.2,47.9
2026-02-17 05:33:59,GWL,Rain,0.42,5.13,13.2,19.1,68.8
2026-05-21 06:32:03,GWL,Cloudy,0.38,7.44,1.3,16.8,58.2
2026-05-05 23:34:35,GWL,Clear,0.35,7.76,0.2,32.3,50.7
2026-05-31 00:31:01,GWL,Fog,0.41,6.71,1.2,32.0,78.4
2026-02-25 02:24:51,GWL,Clear,0.47,6.32,1.1,26.7,66.0
2026-03-12 23:30:40,GWL,Clear,0.34,7.24,1.2,29.1,74.2
2026-01-05 23:44:41,GWL,Clear,0.31,7.84,0.8,8.4,66.8
2026-04-18 06:50:30,GWL,Clear,0.38,6.67,0.6,13.9,65.2
2026-01-16 00:43:38,GWL,Clear,0.33,7.22,0.8,31.5,48.8
2026-04-10 03:50:33,GWL,Clear,0.42,7.14,0.1,32.9,77.6
2026-04-27 03:04:37,GWL,Clear,0.13,9.16,1.1,19.8,61.8
2026-04-01 00:14:44,GWL,Clear,0.21,8.84,0.0,25.6,22.5
2026-06-03 17:49:49,GWL,Clear,0.42,6.33,0.3,28.4,66.8
2026-02-20 05:19:48,GWL,Clear,0.09,9.27,0.7,21.8,70.7
2026-05-23 04:20:39,GWL,Cloudy,0.29,7.66,0.5,40.0,99.3
2026-02-21 22:54:52,GWL,Rain,0.08,8.63,6.5,14.4,57.3
2026-04-22 23:56:58,GWL,Clear,0.13,9.27,0.6,21.3,39.6
2026-05-11 22:53:50,GWL,Clear,0.06,9.85,1.3,24.9,76.7
2026-06-13 21:11:25,GWL,Clear,0.73,3.52,1.3,20.7,69.4
2026-03-01 11:27:44,GWL,Clear,0.28,8.23,1.1,31.3,69.6
2026-05-19 09:21:16,GWL,Clear,0.31,7.89,0.9,12.5,88.9
2026-06-19 18:56:13,GWL,Rain,0.07,8.65,7.6,34.9,100.0
2026-01-10 03:03:19,GWL,Clear,0.77,4.35,1.3,19.1,61.9
2026-06-13 20:39:14,GWL,Clear,0.23,7.34,0.9,19.0,61.7
2026-03-28 06:49:23,GWL,Clear,0.36,7.58,0.0,18.3,68.3
2026-05-31 00:10:25,GWL,Cloudy,0.14,8.88,1.4,29.7,34.6
2026-03-21 22:22:22,GWL,Clear,0.2,8.49,1.0,22.9,52.8
2026-04-15 19:54:44,GWL,Clear,0.09,9.04,0.4,23.7,63.7
2026-02-08 15:06:05,GWL,Cloudy,0.15,8.86,0.6,16.1,46.0
2026-01-26 12:41:16,GWL,Clear,0.22,6.95,1.3,29.8,84.1
2026-01-20 02:29:39,GWL,Clear,0.53,5.71,0.1,12.1,29.1
2026-06-23 01:27:03,GWL,Rain,0.17,7.42,7.6,11.3,65.1
2026-01-21 06:01:18,GWL,Clear,0.24,6.99,0.7,30.0,99.7
2026-02-15 15:00:33,GWL,Clear,0.23,8.14,0.5,8.8,32.5
2026-06-22 18:47:17,GWL,Clear,0.1,9.48,1.3,27.1,47.5
2026-05-04 20:32:36,GWL,Clear,0.42,5.09,0.1,19.8,86.3
2026-04-23 23:35:37,GWL,Fog,0.88,2.52,1.3,7.0,89.3
2026-03-04 11:13:20,GWL,Fog,0.61,4.86,1.1,39.2,55.3
2026-04-28 04:20:52,GWL,Clear,0.18,8.68,0.4,16.9,26.4
2026-03-08 13:33:50,GWL,Clear,0.06,8.86,1.4,28.2,51.2
2026-01-15 14:58:35,GWL,Cloudy,0.11,8.95,1.1,26.8,65.0
2026-03-04 00:18:08,GWL,Clear,0.2,7.83,0.8,30.8,52.7
2026-06-28 23:42:28,GWL,Rain,0.09,8.04,3.0,27.7,100.0
2026-01-01 08:03:44,GWL,Rain,0.32,6.01,13.0,24.5,60.6
2026-05-11 13:47:54,GWL,Fog,0.65,4.77,0.8,31.2,59.0
2026-06-09 08:32:45,GWL,Clear,0.14,8.68,0.7,7.4,30.5
2026-04-25 10:23:42,GWL,Clear,0.16,8.67,0.3,20.3,44.4
2026-02-21 21:48:04,GWL,Clear,0.12,9.24,0.5,20.5,70.6
2026-05-21 17:14:13,GWL,Clear,0.2,8.12,1.0,19.6,36.7
2026-05-01 16:18:30,GWL,Rain,0.43,5.16,2.7,19.0,66.1
2026-02-13 19:51:58,GWL,Clear,0.35,6.72,0.3,27.5,38.7
2026-01-22 11:56:28,GWL,Rain,0.68,2.56,8.8,15.5,71.7
2026-03-18 20:24:34,GWL,Clear,0.21,7.65,0.1,10.5,87.8
2026-04-03 04:06:22,GWL,Clear,0.52,5.85,0.2,27.5,69.9
2026-05-12 05:05:22,GWL,Clear,0.48,5.65,0.9,30.2,79.0
2026-05-18 05:21:59,GWL,Clear,0.3,7.43,1.0,18.1,72.1
2026-01-05 04:15:15,GWL,Clear,0.12,9.99,1.0,19.7,56.2
2026-01-30 21:03:08,GWL,Clear,0.33,7.12,1.5,13.5,36.9
2026-03-15 01:31:40,GWL,Clear,0.08,9.39,0.3,22.8,83.8
2026-03-31 11:31:27,GWL,Cloudy,0.23,7.73,1.4,24.8,89.8
2026-05-13 03:27:54,GWL,Fog,0.52,5.51,0.6,42.7,100.0
2026-06-30 08:29:43,GWL,Clear,0.11,8.58,1.4,27.2,33.8
2026-06-23 21:58:17,GWL,Clear,0.11,9.55,0.6,34.2,57.7
2026-05-19 10:07:03,GWL,Fog,0.77,3.45,0.8,41.2,81.4
2026-03-01 18:35:25,GWL,Clear,0.01,10.58,0.4,36.4,71.0
2026-03-23 19:11:14,GWL,Clear,0.06,9.82,1.1,18.7,55.5
2026-01-17 12:36:18,GWL,Fog,1.0,0.7,0.1,28.6,73.6
2026-02-01 21:32:27,GWL,Clear,0.25,6.97,1.0,40.8,50.8
2026-04-06 03:17:49,GWL,Rain,0.17,7.19,11.6,25.1,73.6
2026-02-06 20:10:39,GWL,Clear,0.37,6.89,1.5,25.5,80.7
2026-05-23 15:10:09,GWL,Cloudy,0.18,9.11,1.0,37.9,73.9
2026-02-14 20:54:44,GWL,Fog,0.72,4.09,0.9,20.5,77.7
2026-03-22 01:57:02,GWL,Clear,0.43,5.86,0.6,20.4,69.9
2026-02-22 23:13:36,GWL,Fog,0.51,5.59,1.5,20.3,84.4
2026-04-05 02:42:47,GWL,Rain,0.28,6.69,4.4,23.0,71.8
2026-03-01 22:56:51,GWL,Clear,0.32,7.95,0.9,23.8,74.5
2026-03-21 10:15:34,GWL,Clear,0.07,9.46,0.8,13.9,33.9
2026-06-03 11:14:01,GWL,Rain,0.17,7.54,9.0,28.0,77.1
2026-03-15 22:53:11,GWL,Rain,0.17,6.75,7.2,32.9,57.2
2026-04-23 07:05:55,GWL,Clear,0.38,7.2,0.8,40.7,59.8
2026-04-20 16:28:58,GWL,Clear,0.14,8.9,0.8,21.7,61.0
2026-01-19 21:38:29,GWL,Cloudy,0.21,8.64,1.1,25.8,100.0
2026-03-24 22:15:08,GWL,Cloudy,0.31,6.99,0.3,28.3,81.8
2026-02-04 20:43:59,GWL,Clear,0.58,5.41,0.4,23.8,77.6
2026-06-10 20:10:54,GWL,Clear,0.31,7.03,1.4,19.6,53.9
2026-01-23 23:23:35,GWL,Cloudy,0.17,8.45,0.9,19.6,76.9
2026-06-06 17:51:30,GWL,Cloudy,0.25,8.12,0.7,18.8,96.2
2026-05-30 14:42:51,GWL,Clear,0.19,8.93,0.7,38.3,81.6
2026-03-18 00:42:33,GWL,Fog,0.61,4.84,0.2,29.7,72.1
2026-04-01 18:27:37,GWL,Clear,0.23,8.0,1.3,34.2,79.0
2026-04-01 05:08:09,GWL,Clear,0.13,9.32,0.4,33.3,75.6
2026-03-19 16:28:36,GWL,Rain,0.18,7.74,14.4,45.6,47.4
2026-02-07 23:29:17,GWL,Clear,0.26,7.46,0.2,27.5,58.6
2026-05-12 16:48:00,GWL,Cloudy,0.13,8.79,1.1,27.3,40.8
2026-04-18 23:28:44,GWL,Cloudy,0.36,7.49,1.1,37.6,81.9
2026-06-09 10:09:50,GWL,Clear,0.34,7.42,1.4,20.1,35.2
2026-05-22 15:59:33,GWL,Rain,0.1,7.34,16.8,27.3,75.5
2026-05-03 17:00:28,GWL,Fog,0.83,2.51,1.2,21.5,62.4
2026-03-19 11:35:55,GWL,Clear,0.44,5.62,0.9,28.6,69.2
2026-06-13 17:42:04,GWL,Fog,0.78,3.54,1.0,17.1,81.5
2026-02-18 00:07:05,GWL,Clear,0.38,7.15,1.5,15.2,79.2
2026-02-03 15:56:57,GWL,Rain,0.3,6.22,14.2,27.3,63.5
2026-03-10 04:19:52,GWL,Fog,0.52,5.25,0.9,21.9,61.7
2026-05-18 17:09:36,GWL,Fog,0.61,4.07,0.6,38.5,72.8
2026-04-07 08:33:18,GWL,Cloudy,0.23,8.79,1.3,34.4,87.1
2026-01-18 11:42:53,GWL,Clear,0.44,6.52,0.8,18.3,51.3
2026-06-26 09:47:27,GWL,Fog,0.65,5.01,1.0,35.5,62.6
2026-04-22 09:57:20,GWL,Clear,0.04,9.41,0.4,36.3,63.7
2026-01-21 15:50:32,GWL,Clear,0.57,5.01,0.3,25.6,80.4
2026-05-03 23:02:31,GWL,Clear,0.33,7.02,1.3,26.7,43.0
2026-05-26 01:54:52,GWL,Cloudy,0.22,8.2,1.4,14.7,80.6
2026-01-03 20:39:39,GWL,Cloudy,0.43,6.43,1.2,23.3,72.6
2026-05-11 03:09:16,GWL,Clear,0.29,7.84,1.5,18.5,62.1
2026-01-19 01:57:05,GWL,Cloudy,0.27,8.2,1.1,11.2,67.9
2026-02-18 01:54:55,GWL,Clear,0.3,7.15,0.7,28.3,51.3
2026-01-04 06:30:46,GWL,Fog,0.43,5.96,1.2,9.1,58.1
2026-05-21 22:57:48,GWL,Clear,0.46,6.29,0.6,23.1,49.0
2026-05-26 06:57:29,GWL,Cloudy,0.55,5.67,0.4,30.2,94.5
2026-01-03 12:43:29,GWL,Clear,0.01,9.78,0.8,18.5,77.6
2026-06-27 19:45:37,GWL,Clear,0.02,9.86,0.1,31.1,75.7
2026-03-04 15:24:42,GWL,Clear,0.39,6.61,1.2,12.0,74.6
2026-06-21 15:28:56,GWL,Clear,0.43,6.49,0.8,23.0,87.6
2026-06-23 02:24:20,GWL,Rain,0.48,4.52,8.6,16.7,82.9
2026-02-04 20:17:46,GWL,Clear,0.19,8.35,1.3,12.3,56.6
2026-04-11 11:55:04,GWL,Clear,0.22,7.94,0.1,27.3,69.3
2026-01-24 05:41:54,GWL,Cloudy,0.11,8.75,0.0,40.8,94.9
2026-05-22 23:03:14,GWL,Clear,0.14,9.77,1.3,20.9,73.3
2026-04-22 08:27:21,GWL,Rain,0.01,9.29,9.4,21.0,61.9
2026-05-14 13:40:58,GWL,Cloudy,0.19,8.49,1.4,24.6,29.0
2026-01-27 01:00:41,GWL,Clear,0.59,5.72,0.2,11.7,96.3
2026-06-18 17:30:23,GWL,Rain,0.04,8.52,1.1,24.3,62.6
2026-04-27 16:39:26,GWL,Cloudy,0.48,5.16,0.4,18.9,31.1
2026-02-26 09:18:19,GWL,Clear,0.58,4.83,0.2,28.7,68.8
2026-01-06 21:43:50,GWL,Cloudy,0.19,7.86,0.1,6.1,51.7
2026-02-20 22:47:17,GWL,Rain,0.39,4.52,4.6,35.5,70.9
2026-06-27 22:29:21,GWL,Clear,0.12,9.11,0.2,27.1,100.0
2026-03-26 07:47:33,GWL,Clear,0.11,8.7,0.9,25.2,78.2
2026-03-31 13:45:14,GWL,Clear,0.38,6.15,1.4,24.6,100.0
2026-05-22 05:14:05,GWL,Clear,0.35,6.98,0.5,26.4,85.5
2026-06-29 04:06:16,GWL,Clear,0.14,8.27,0.0,25.0,88.8
2026-02-13 16:17:43,GWL,Cloudy,0.4,6.31,1.1,27.5,83.0
2026-03-07 22:36:50,GWL,Clear,0.32,7.92,0.3,18.0,57.4
2026-03-07 14:15:59,GWL,Clear,0.5,6.57,0.9,24.4,62.5
2026-01-19 01:39:36,GWL,Clear,0.24,8.43,1.2,21.9,74.6
2026-01-20 22:19:21,GWL,Cloudy,0.23,7.49,1.1,17.3,52.9
2026-01-21 16:14:22,GWL,Clear,0.23,7.55,0.7,25.2,42.1
2026-04-26 03:04:18,GWL,Rain,0.2,6.51,3.8,33.8,81.1
2026-05-31 12:53:28,GWL,Cloudy,0.61,5.08,0.4,18.0,77.8
2026-04-10 09:47:38,GWL,Clear,0.63,3.53,1.3,6.3,56.0
2026-04-25 10:26:35,GWL,Fog,0.72,3.63,1.3,33.6,62.3
2026-01-12 12:53:28,GWL,Clear,0.38,7.08,0.8,29.2,59.0
2026-02-21 11:36:38,GWL,Fog,0.52,6.19,0.4,24.7,95.4
2026-05-14 12:44:36,GWL,Rain,0.24,6.55,1.1,26.9,64.9
2026-06-10 06:23:33,GWL,Cloudy,0.73,3.23,1.0,34.3,84.0
2026-01-02 09:51:06,GWL,Cloudy,0.29,7.77,0.5,6.7,61.2
2026-01-06 19:47:24,GWL,Clear,0.24,8.57,0.3,35.0,37.8
2026-05-17 15:52:59,GWL,Cloudy,0.37,6.47,0.8,22.1,56.0
2026-01-20 01:34:52,GWL,Clear,0.22,8.37,1.2,25.4,86.4
2026-05-08 17:44:31,GWL,Clear,0.12,8.61,0.6,34.5,79.9
2026-01-30 10:56:06,GWL,Cloudy,0.2,7.57,1.1,24.0,91.9
2026-02-27 02:28:34,GWL,Cloudy,0.45,6.34,0.7,27.4,100.0
2026-03-19 07:30:57,GWL,Clear,0.08,10.22,1.1,16.3,41.9
2026-03-18 05:20:01,GWL,Rain,0.23,6.99,9.7,27.2,95.2
2026-03-30 10:46:34,GWL,Cloudy,0.19,8.71,0.9,23.1,51.3
2026-03-25 00:03:32,GWL,Rain,0.43,5.32,13.9,21.3,62.2
2026-05-23 18:42:21,GWL,Clear,0.43,5.52,0.8,21.0,89.4
2026-06-26 09:13:56,GWL,Clear,0.38,6.97,1.3,13.8,65.8
2026-03-25 14:22:13,GWL,Clear,0.3,7.11,0.7,32.3,64.9
2026-05-29 00:18:38,GWL,Cloudy,0.1,9.17,0.3,29.2,62.7
2026-04-11 16:44:23,GWL,Cloudy,0.09,9.78,1.3,27.2,44.1
2026-05-22 14:32:27,GWL,Fog,0.39,5.86,1.0,28.1,79.5
2026-03-28 08:36:21,GWL,Clear,0.23,7.39,0.9,27.5,44.5
2026-02-20 12:28:57,GWL,Clear,0.52,5.64,0.9,17.9,73.8
2026-02-25 10:31:36,GWL,Clear,0.34,6.57,0.8,20.8,52.9
2026-05-16 20:18:08,GWL,Rain,0.41,5.71,9.3,20.6,67.4
2026-04-04 00:47:59,GWL,Cloudy,0.42,6.09,1.2,30.2,38.6
2026-03-26 22:13:52,GWL,Clear,0.26,7.72,1.1,28.9,60.4
2026-02-13 17:02:37,GWL,Clear,0.07,9.21,0.3,18.9,90.2
2026-01-16 07:13:06,GWL,Clear,0.12,8.33,1.0,16.1,76.4
2026-05-09 04:33:13,GWL,Clear,0.18,8.31,0.4,20.1,53.8
2026-05-03 02:11:40,GWL,Fog,0.75,4.3,1.4,24.9,67.5
2026-01-07 01:39:59,GWL,Clear,0.22,8.48,1.2,25.4,71.0
2026-01-13 15:59:11,GWL,Fog,0.75,3.81,1.4,4.8,66.4
2026-02-15 08:19:00,GWL,Clear,0.53,4.66,0.1,23.9,67.7
2026-03-12 05:04:51,GWL,Clear,0.46,5.88,0.9,28.7,93.5
2026-02-07 18:23:02,GWL,Clear,0.44,5.79,0.9,21.8,50.0
2026-04-28 15:21:33,GWL,Clear,0.15,8.21,0.4,30.7,73.4
2026-06-03 05:19:13,GWL,Clear,0.23,8.12,0.8,17.0,83.6
2026-05-16 15:54:04,GWL,Clear,0.43,5.87,0.3,19.3,78.7
2026-03-29 23:47:09,GWL,Clear,0.32,7.34,1.4,22.3,82.3
2026-04-24 08:02:34,GWL,Clear,0.31,7.1,1.3,27.2,81.4
2026-02-13 06:04:38,GWL,Clear,0.17,9.06,1.5,34.0,78.1
2026-06-03 17:32:45,GWL,Fog,0.53,5.27,0.3,29.9,49.3
2026-05-01 21:03:28,GWL,Clear,0.3,7.38,1.1,25.7,31.0
2026-03-10 21:24:11,GWL,Clear,0.38,6.56,1.3,19.5,55.4
2026-06-04 02:26:51,GWL,Cloudy,0.15,8.35,0.1,15.7,60.2
2026-06-13 08:54:20,GWL,Rain,0.37,5.48,3.3,23.0,68.2
2026-01-02 03:55:06,GWL,Clear,0.17,9.27,0.7,27.6,81.3
2026-03-20 20:14:08,GWL,Fog,0.83,2.8,1.4,13.1,51.8
2026-06-28 04:48:18,GWL,Rain,0.43,5.12,4.2,13.8,55.0
2026-02-22 08:45:39,GWL,Clear,0.18,8.28,0.9,25.4,83.7
2026-03-08 05:13:24,GWL,Clear,0.61,4.83,1.4,5.9,63.5
2026-04-29 19:19:34,GWL,Clear,0.5,5.46,0.8,23.0,75.2
2026-02-09 22:06:10,GWL,Clear,0.36,7.72,0.4,25.8,52.5
2026-05-29 21:15:26,GWL,Clear,0.49,6.18,1.3,15.5,63.0
2026-03-21 04:51:19,GWL,Rain,0.6,3.42,31.4,35.8,87.1
2026-06-26 05:39:28,GWL,Clear,0.02,9.57,0.8,29.7,50.3
2026-05-23 05:16:16,GWL,Clear,0.21,7.57,0.9,28.9,55.1
2026-05-02 22:02:56,GWL,Clear,0.28,8.35,0.3,34.6,91.0
2026-03-03 15:41:05,GWL,Fog,0.51,5.53,1.3,20.1,87.9
2026-05-21 22:54:07,GWL,Clear,0.13,9.29,1.4,40.6,54.9
2026-03-31 02:30:53,GWL,Cloudy,0.41,6.37,0.9,16.7,66.6
2026-06-27 23:45:39,GWL,Clear,0.09,9.8,1.0,27.8,52.6
2026-02-17 22:49:05,GWL,Clear,0.17,9.3,1.4,34.7,65.9
2026-04-10 02:41:34,GWL,Fog,0.63,5.25,0.2,27.4,77.0
2026-06-05 03:03:03,GWL,Clear,0.14,9.15,1.3,23.7,66.8
2026-05-06 20:09:31,GWL,Cloudy,0.48,6.45,1.0,20.7,62.3
2026-01-21 02:19:37,GWL,Cloudy,0.22,8.41,0.6,20.5,48.4
2026-04-24 22:20:31,GWL,Fog,0.56,5.53,1.4,29.5,84.3
2026-03-19 23:07:13,GWL,Cloudy,0.43,6.92,0.1,20.2,76.0
2026-04-04 15:45:34,GWL,Clear,0.37,6.83,0.3,31.4,100.0
2026-01-02 11:34:15,GWL,Clear,0.63,5.86,0.3,19.2,95.7
2026-02-13 08:13:07,GWL,Clear,0.13,9.26,1.1,18.1,60.8
2026-01-12 01:04:31,GWL,Clear,0.41,6.71,1.2,17.1,82.2
2026-04-10 08:06:59,GWL,Clear,0.15,8.73,0.5,22.3,60.7
2026-06-19 01:34:41,GWL,Clear,0.18,7.9,0.3,27.8,64.2
2026-03-28 14:22:03,GWL,Clear,0.29,7.41,0.4,17.8,27.4
2026-04-26 11:30:52,GWL,Clear,0.24,7.91,0.4,28.3,64.9
2026-01-02 06:50:23,GWL,Clear,0.69,4.61,0.1,16.8,86.6
2026-03-13 23:01:57,GWL,Clear,0.34,6.59,1.1,13.0,69.8
2026-01-01 09:04:17,GWL,Clear,0.32,6.89,0.6,21.0,89.8
2026-06-03 10:59:15,GWL,Cloudy,0.44,6.83,0.2,14.4,66.4
2026-04-05 10:29:49,GWL,Clear,0.49,6.71,0.1,11.8,75.5
2026-01-13 02:22:32,GWL,Cloudy,0.65,4.57,0.2,17.2,51.3
2026-02-01 17:56:00,GWL,Clear,0.34,6.62,0.4,25.3,42.2
2026-04-13 20:27:04,GWL,Clear,0.42,6.17,0.8,38.8,59.8
2026-01-14 18:17:46,GWL,Rain,0.35,6.48,17.8,13.5,56.2
2026-05-21 20:24:10,GWL,Fog,0.46,7.0,1.4,14.3,62.5
2026-04-23 13:31:13,GWL,Clear,0.13,9.34,0.9,25.7,40.9
2026-05-19 15:12:44,GWL,Cloudy,0.38,6.65,0.0,25.3,56.4
2026-04-06 15:07:01,GWL,Clear,0.26,8.63,1.3,16.6,64.1
2026-05-11 08:18:44,GWL,Rain,0.13,7.66,4.8,11.6,57.1
2026-01-23 06:38:03,GWL,Clear,0.37,6.91,1.0,29.6,39.8
2026-04-10 16:20:29,GWL,Clear,0.42,6.42,1.1,21.2,100.0
2026-01-24 11:40:22,GWL,Cloudy,0.65,4.1,1.4,28.8,63.2
2026-02-07 01:16:46,GWL,Clear,0.82,2.96,0.1,32.6,58.1
2026-02-23 10:47:26,GWL,Clear,0.36,7.19,0.3,18.6,42.8
2026-04-13 00:43:21,GWL,Cloudy,0.13,9.71,0.1,38.6,74.9
2026-01-22 02:48:35,GWL,Clear,0.43,6.54,0.3,27.3,55.0
2026-04-28 22:23:27,GWL,Rain,0.17,7.8,20.0,35.2,58.5
2026-01-10 10:36:17,GWL,Clear,0.19,8.23,1.2,32.2,43.2
2026-03-06 11:20:44,GWL,Fog,0.72,4.3,0.5,22.2,100.0
2026-05-01 17:03:43,GWL,Rain,0.11,7.71,5.9,5.2,56.6
2026-02-23 00:33:40,GWL,Clear,0.28,7.53,0.2,8.4,40.4
2026-01-07 00:31:03,GWL,Clear,0.13,8.65,1.1,19.3,45.1
2026-01-25 11:09:48,GWL,Rain,0.26,6.53,3.2,23.1,68.7
2026-05-22 23:12:25,GWL,Fog,0.8,3.71,1.2,18.8,89.1
2026-02-15 22:06:31,GWL,Clear,0.14,9.1,1.4,24.3,74.5
2026-01-29 11:39:25,GWL,Fog,0.57,5.71,0.4,27.8,69.3
2026-05-02 20:19:55,GWL,Cloudy,0.26,7.74,0.4,17.8,48.2
2026-06-23 21:55:32,GWL,Clear,0.42,6.03,0.8,14.1,52.7
2026-03-23 15:19:38,GWL,Cloudy,0.1,9.72,1.5,5.2,70.0
2026-05-26 04:52:37,GWL,Cloudy,0.23,8.35,1.4,35.2,70.4
2026-03-13 20:49:04,GWL,Clear,0.26,7.64,0.5,32.6,36.7
2026-05-13 07:33:41,GWL,Clear,0.26,8.26,0.0,20.5,82.3
2026-03-09 06:58:09,GWL,Cloudy,0.18,8.12,0.7,36.4,55.5
2026-04-29 23:52:04,GWL,Fog,0.75,4.19,1.1,12.5,42.0
2026-05-15 13:13:23,GWL,Clear,0.67,3.93,0.7,9.4,65.6
2026-01-25 09:48:52,GWL,Clear,0.37,6.98,0.1,24.0,58.3
2026-06-07 23:42:38,GWL,Rain,0.31,6.03,29.9,19.5,48.9
2026-03-31 13:20:19,GWL,Clear,0.05,9.95,0.9,22.4,80.6
2026-02-19 04:24:39,GWL,Rain,0.24,6.02,2.4,20.8,63.0
2026-03-11 22:24:41,GWL,Clear,0.18,9.03,0.2,28.7,86.3
2026-04-05 16:24:12,GWL,Fog,0.76,3.74,0.3,28.6,64.9
2026-03-06 18:41:07,GWL,Clear,0.52,6.12,1.4,21.8,70.3
2026-02-12 03:15:10,GWL,Clear,0.11,9.16,0.5,18.5,62.9
2026-01-02 00:50:10,GWL,Cloudy,0.19,8.94,0.0,27.0,61.0
2026-06-19 09:16:06,GWL,Clear,0.35,7.61,0.8,24.7,65.1
2026-02-25 12:55:40,GWL,Fog,0.85,2.55,1.0,30.4,100.0
2026-04-04 13:00:35,GWL,Clear,0.09,9.76,1.4,17.7,88.6
2026-06-08 18:38:19,GWL,Clear,0.21,8.1,0.5,11.4,64.7
2026-06-13 17:31:08,GWL,Cloudy,0.32,7.51,0.9,22.8,87.3
2026-03-19 00:44:08,GWL,Rain,0.35,6.16,10.7,33.4,63.7
2026-05-22 05:10:37,GWL,Rain,0.15,7.99,4.3,29.7,52.4
2026-05-28 11:55:42,GWL,Cloudy,0.08,9.16,0.0,29.5,70.1
2026-04-04 23:02:47,GWL,Clear,0.33,7.07,1.0,30.6,43.7
2026-05-18 12:24:18,GWL,Clear,0.11,8.96,1.0,29.1,74.5
2026-03-02 08:25:45,GWL,Clear,0.17,8.86,0.2,17.0,57.9
2026-03-20 06:34:58,GWL,Clear,0.18,9.56,1.3,18.4,43.3
2026-05-04 03:01:07,GWL,Clear,0.32,7.28,0.3,23.6,64.1
2026-02-12 05:01:22,GWL,Fog,0.46,5.34,0.7,32.6,60.2
2026-03-30 23:40:35,GWL,Clear,0.7,4.97,0.9,24.5,60.1
2026-01-07 06:44:56,GWL,Fog,0.63,4.41,0.3,18.8,60.4
2026-01-24 01:04:44,GWL,Clear,0.12,8.78,0.5,29.5,64.3
2026-04-06 20:54:41,GWL,Fog,0.42,6.68,0.8,29.1,70.2
2026-02-21 22:02:08,GWL,Clear,0.27,8.8,0.8,29.0,60.1
2026-01-11 05:58:53,GWL,Cloudy,0.31,7.36,1.4,29.5,55.2
2026-05-13 13:33:25,GWL,Clear,0.39,7.33,0.1,26.7,69.8
2026-01-29 01:41:30,GWL,Clear,0.22,8.32,0.5,23.8,59.1
2026-03-11 10:22:15,GWL,Clear,0.37,6.64,0.8,32.1,58.6
2026-05-21 21:39:20,GWL,Clear,0.51,5.91,0.7,22.5,78.8
2026-03-24 20:28:29,GWL,Cloudy,0.39,6.9,1.4,27.5,77.1
2026-06-27 21:52:21,GWL,Clear,0.1,9.49,0.1,18.1,55.3
2026-01-25 23:50:51,GWL,Cloudy,0.19,7.22,0.6,32.7,73.2
2026-04-03 22:39:22,GWL,Clear,0.04,9.92,1.2,22.7,48.2
2026-03-19 02:03:14,GWL,Clear,0.64,4.8,0.2,31.1,87.1
2026-06-20 16:57:56,GWL,Clear,0.53,5.58,1.3,12.1,76.6
2026-03-13 14:07:39,GWL,Clear,0.1,9.13,1.1,33.2,80.1
2026-02-15 13:36:15,GWL,Cloudy,0.25,7.76,1.2,9.7,85.3
2026-01-09 09:18:17,GWL,Clear,0.48,5.36,1.4,25.6,52.6
2026-05-05 04:45:25,GWL,Clear,0.37,6.5,1.1,15.8,81.8
2026-04-26 20:43:54,GWL,Fog,0.73,4.95,0.4,29.4,74.4
2026-06-09 02:38:15,GWL,Rain,0.35,5.72,4.5,29.6,72.2
2026-04-18 19:10:20,GWL,Clear,0.1,8.42,1.5,15.0,67.3
2026-02-23 19:47:48,GWL,Rain,0.22,7.54,5.4,21.4,54.5
2026-03-18 13:09:55,GWL,Rain,0.06,7.81,8.6,36.9,56.0
2026-01-12 20:12:41,GWL,Clear,0.58,5.63,1.2,15.8,39.1
2026-03-24 06:44:36,GWL,Cloudy,0.18,9.04,1.3,23.1,68.4
2026-04-08 16:33:09,GWL,Clear,0.72,4.42,0.3,26.0,55.7
2026-02-01 06:59:19,GWL,Rain,0.09,8.56,6.9,23.1,21.2
2026-03-08 00:19:52,GWL,Clear,0.17,9.51,1.3,18.3,43.0
2026-02-22 10:42:30,GWL,Cloudy,0.3,7.31,1.2,25.3,61.5
2026-01-31 13:04:06,GWL,Cloudy,0.16,9.12,0.1,23.8,77.3
2026-05-09 22:21:01,GWL,Clear,0.21,7.74,0.3,27.8,76.9
2026-04-02 16:54:43,GWL,Clear,0.21,8.17,0.3,22.5,42.4
2026-06-27 11:16:34,GWL,Cloudy,0.21,8.27,0.2,33.7,81.6
2026-01-22 14:01:50,GWL,Fog,0.41,6.49,0.8,28.8,85.8
2026-06-03 19:43:39,GWL,Clear,0.22,7.62,1.4,12.2,78.6
2026-01-19 04:44:29,GWL,Clear,0.18,8.43,0.5,32.6,81.5
2026-01-24 14:15:50,GWL,Fog,0.57,5.54,0.5,33.0,80.3
2026-02-20 06:18:04,GWL,Cloudy,0.34,6.59,0.7,15.7,20.0
2026-01-08 11:54:03,GWL,Clear,0.34,7.06,0.8,26.4,71.0
2026-05-14 19:26:42,GWL,Fog,0.88,3.41,0.1,25.1,62.9
2026-05-24 00:46:30,GWL,Fog,0.52,5.16,1.0,7.2,59.7
2026-01-09 01:52:22,GWL,Clear,0.12,8.66,0.1,20.1,53.9
2026-02-05 01:11:50,GWL,Cloudy,0.14,8.18,0.9,28.9,68.8
2026-03-06 23:24:53,GWL,Fog,0.57,5.1,0.5,26.0,40.1
2026-02-11 11:21:35,GWL,Rain,0.37,5.84,9.0,10.9,56.2
2026-02-15 21:33:14,GWL,Cloudy,0.16,8.24,0.3,22.3,43.3
2026-05-24 10:00:17,GWL,Rain,0.34,6.07,4.5,32.5,93.1
2026-01-07 05:23:47,GWL,Clear,0.19,8.95,0.5,12.3,64.4
2026-01-22 06:17:06,GWL,Rain,0.45,5.06,7.7,23.6,52.6
2026-05-14 19:01:02,GWL,Clear,0.13,9.38,0.0,20.0,48.1
2026-05-19 07:39:22,GWL,Fog,0.73,4.27,0.5,24.2,85.4
2026-03-03 05:37:10,GWL,Clear,0.33,6.85,1.5,13.5,43.3
2026-06-15 08:49:34,GWL,Cloudy,0.43,6.7,0.1,38.3,80.1
2026-04-05 13:39:28,GWL,Rain,0.6,3.18,13.6,18.3,95.0
2026-03-22 11:11:11,GWL,Clear,0.32,6.98,0.2,24.3,99.5
2026-04-13 11:06:33,GWL,Clear,0.08,9.59,0.2,35.3,63.8
2026-05-19 05:07:55,GWL,Fog,0.55,5.89,0.6,37.2,79.3
2026-03-09 07:40:22,GWL,Clear,0.38,7.5,0.9,15.7,54.7
2026-04-01 21:09:06,GWL,Clear,0.23,8.25,0.8,29.0,59.6
2026-06-03 08:33:51,GWL,Clear,0.48,6.06,0.4,19.1,85.0
2026-06-17 05:21:52,GWL,Clear,0.31,7.5,1.2,14.4,91.7
2026-06-16 09:23:27,GWL,Clear,0.22,8.63,1.2,23.9,57.2
2026-06-18 10:06:00,GWL,Fog,0.59,4.75,0.1,26.1,78.0
2026-05-30 00:27:51,GWL,Rain,0.23,7.03,6.9,20.5,93.3
2026-06-17 02:03:24,GWL,Fog,0.52,5.43,0.7,20.3,75.2
2026-03-08 08:12:50,GWL,Rain,0.27,6.4,9.7,13.8,75.8
2026-03-08 08:45:27,GWL,Cloudy,0.15,8.51,0.6,16.8,39.8
2026-01-05 04:27:18,GWL,Clear,0.23,8.13,1.5,14.9,31.0
2026-03-19 13:58:50,GWL,Clear,0.36,7.43,1.0,24.2,73.0
2026-05-25 00:23:15,GWL,Clear,0.12,8.69,1.4,20.3,57.2
2026-02-01 16:31:40,GWL,Clear,0.54,4.68,1.4,28.1,68.8
2026-03-01 16:43:47,GWL,Rain,0.17,7.11,12.0,22.0,80.7
2026-03-23 18:00:36,GWL,Fog,0.54,5.3,0.4,15.9,72.8
2026-01-29 04:06:23,GWL,Clear,0.01,10.27,1.1,18.0,44.3
2026-02-28 15:29:54,GWL,Clear,0.14,8.65,0.5,16.0,42.3
2026-04-13 15:54:42,GWL,Clear,0.08,9.33,0.5,6.2,62.4
2026-01-10 17:22:30,GWL,Cloudy,0.15,9.28,0.9,30.2,70.4
2026-04-13 18:56:12,GWL,Clear,0.66,4.0,0.2,28.9,69.9
2026-04-21 03:02:58,GWL,Rain,0.49,4.89,6.3,26.5,69.9
2026-02-11 16:14:58,GWL,Fog,0.71,3.81,0.3,28.8,62.8
2026-06-29 04:29:46,GWL,Clear,0.28,6.57,0.2,29.3,88.6
2026-06-10 06:52:22,GWL,Cloudy,0.15,9.42,0.6,8.1,57.6
2026-02-14 12:14:45,GWL,Fog,1.0,1.68,0.8,32.9,34.4
2026-03-13 09:00:52,GWL,Clear,0.44,5.81,0.3,16.1,20.0
2026-02-13 00:48:22,GWL,Cloudy,0.26,8.07,1.3,27.2,76.5
2026-06-22 22:47:48,GWL,Rain,0.28,6.21,24.7,15.4,67.3
2026-03-23 17:18:19,GWL,Cloudy,0.17,9.54,0.3,20.5,71.9
2026-02-19 01:39:28,GWL,Cloudy,0.37,6.78,0.1,18.5,44.8
2026-05-17 17:52:46,GWL,Clear,0.07,9.76,0.1,19.4,47.1
2026-03-07 15:19:17,GWL,Cloudy,0.22,7.77,0.6,23.4,62.3
2026-06-09 21:31:56,GWL,Clear,0.44,5.87,1.3,34.2,69.5
2026-03-23 07:50:22,GWL,Cloudy,0.32,7.92,0.5,39.4,64.1
2026-04-07 02:46:19,GWL,Clear,0.51,5.4,1.1,19.4,71.6
2026-04-13 10:37:17,GWL,Clear,0.44,6.31,0.5,23.8,84.0
2026-04-04 03:38:44,GWL,Clear,0.26,8.31,0.5,29.5,93.9
2026-01-18 15:12:27,GWL,Clear,0.4,7.09,1.3,25.6,78.3
2026-05-03 01:10:21,GWL,Clear,0.42,7.34,0.3,15.7,31.4
2026-06-25 13:14:20,GWL,Clear,0.21,8.25,0.1,35.3,50.4
2026-01-16 21:22:00,GWL,Clear,0.16,9.1,1.3,23.3,57.0
2026-03-02 00:55:33,GWL,Clear,0.39,7.45,0.7,14.8,82.8
2026-02-03 08:28:40,GWL,Clear,0.1,8.95,0.3,10.4,39.8
2026-05-25 10:00:18,GWL,Clear,0.34,7.37,0.2,38.4,60.5
2026-04-29 11:32:33,GWL,Cloudy,0.27,7.62,0.5,12.9,92.6
2026-04-25 15:57:43,GWL,Clear,0.1,8.89,0.8,29.3,53.7
2026-06-24 04:32:18,GWL,Fog,0.69,4.53,0.6,15.8,61.9
2026-02-24 10:25:21,GWL,Clear,0.45,5.93,1.0,28.7,61.4
2026-04-25 05:47:54,GWL,Cloudy,0.51,5.58,0.8,22.9,72.5
2026-04-29 09:58:34,GWL,Clear,0.26,7.06,0.5,24.9,97.6
2026-01-10 15:47:05,GWL,Clear,0.5,6.26,0.1,16.8,55.4
2026-01-08 09:45:57,GWL,Clear,0.28,8.22,0.9,33.5,86.5
2026-01-23 21:49:51,GWL,Fog,0.84,2.6,1.3,11.3,47.5
2026-04-03 07:49:39,GWL,Cloudy,0.06,9.18,0.2,23.1,74.8
2026-02-19 13:00:19,GWL,Cloudy,0.32,7.32,0.9,5.8,95.0
2026-05-27 19:59:14,GWL,Clear,0.51,4.79,1.2,22.1,94.2
2026-05-31 23:03:42,GWL,Clear,0.22,8.5,0.5,37.9,67.4
2026-04-07 01:52:05,GWL,Rain,0.53,3.88,6.4,21.2,81.1
2026-04-18 08:52:34,GWL,Fog,0.74,4.26,0.2,21.4,71.9
2026-03-21 10:00:44,GWL,Rain,0.63,3.3,6.9,19.4,66.5
2026-02-15 01:56:02,GWL,Clear,0.26,6.7,0.9,21.1,75.2
2026-02-17 06:24:22,GWL,Rain,0.41,5.72,3.3,13.5,69.6
2026-05-09 18:54:05,GWL,Fog,0.52,5.13,0.5,42.0,76.6
2026-02-26 19:04:19,GWL,Clear,0.18,8.72,0.7,20.3,61.4
2026-06-28 08:34:01,GWL,Clear,0.01,9.88,1.3,41.5,57.3
2026-06-24 15:37:34,GWL,Cloudy,0.22,8.61,0.8,15.0,63.0
2026-01-30 07:53:22,GWL,Clear,0.27,7.67,1.3,22.8,54.8
2026-04-18 01:26:46,GWL,Rain,0.21,7.56,15.2,31.5,69.3
2026-06-02 19:58:35,GWL,Fog,0.56,4.98,1.4,20.4,70.6
2026-05-05 08:58:04,GWL,Cloudy,0.09,8.64,0.7,18.5,40.3
2026-05-01 09:41:29,GWL,Rain,0.1,7.92,3.6,19.8,41.3
2026-05-19 11:29:09,GWL,Clear,0.3,7.07,0.6,15.9,97.3
2026-01-27 15:33:53,GWL,Clear,0.05,9.65,1.0,26.3,62.1
2026-06-18 18:30:15,GWL,Clear,0.64,4.61,1.1,39.2,79.1
2026-03-21 14:49:12,GWL,Cloudy,0.15,8.64,1.5,15.9,76.7
2026-06-01 21:39:30,GWL,Clear,0.27,7.5,1.2,19.3,47.5
2026-04-21 12:44:13,GWL,Fog,0.47,5.1,0.8,31.1,81.0
2026-02-02 05:23:04,GWL,Cloudy,0.16,8.57,0.7,25.0,58.9
2026-01-04 18:47:29,GWL,Clear,0.26,8.62,1.2,22.3,94.2
2026-02-05 04:23:00,GWL,Clear,0.09,9.83,1.2,30.9,61.7
2026-05-03 00:40:35,GWL,Fog,0.94,1.52,0.6,40.4,39.8
2026-02-23 09:49:22,GWL,Clear,0.08,9.05,0.6,22.8,70.7
2026-03-09 07:05:50,GWL,Clear,0.41,6.69,1.4,19.6,63.3
2026-04-09 09:44:35,GWL,Fog,0.56,5.2,0.8,33.9,79.5
2026-01-24 06:21:12,GWL,Rain,0.14,8.04,5.1,3.6,33.4
2026-05-21 21:37:00,GWL,Clear,0.29,7.58,1.2,23.5,47.8
2026-01-04 14:10:57,GWL,Clear,0.15,8.26,0.5,27.8,60.0
2026-06-26 21:05:17,GWL,Clear,0.22,7.75,0.7,22.1,53.6
2026-04-10 00:59:51,GWL,Rain,0.12,7.24,1.2,24.0,58.4
2026-01-14 04:24:37,GWL,Clear,0.1,9.09,0.7,9.8,67.6
2026-06-26 06:35:39,GWL,Clear,0.59,5.01,1.0,18.4,67.1
2026-01-13 14:18:09,GWL,Clear,0.69,4.68,1.0,19.4,71.4
2026-01-25 22:01:04,GWL,Cloudy,0.06,9.79,0.1,23.4,34.4
2026-06-05 02:45:17,GWL,Clear,0.25,8.07,0.4,25.0,30.7
2026-04-17 01:20:05,GWL,Clear,0.55,5.34,0.3,24.7,75.5
2026-06-01 07:45:21,GWL,Clear,0.35,7.33,1.1,23.0,89.2
2026-01-10 11:52:47,GWL,Clear,0.57,5.1,0.8,28.9,70.6
2026-06-27 05:22:57,GWL,Clear,0.25,8.5,0.6,28.1,81.6
2026-04-15 02:18:21,GWL,Rain,0.55,3.79,3.2,21.3,51.0
2026-06-29 03:54:13,GWL,Cloudy,0.74,3.12,1.1,27.4,81.4
2026-05-03 17:18:32,GWL,Clear,0.2,8.43,1.3,27.3,58.3
2026-02-24 13:45:25,GWL,Fog,0.74,4.11,0.9,21.4,99.7
2026-06-28 00:54:58,GWL,Clear,0.08,9.87,1.4,30.5,69.3
2026-03-31 10:42:25,GWL,Clear,0.11,9.82,1.2,24.2,88.8
2026-04-23 06:13:47,GWL,Clear,0.1,9.36,1.3,20.3,74.4
2026-03-10 09:42:19,GWL,Clear,0.48,5.91,0.6,20.9,92.7
2026-04-09 21:55:33,GWL,Rain,0.55,3.54,12.5,42.0,100.0
2026-04-25 09:37:09,GWL,Clear,0.21,8.89,0.5,26.5,37.9
2026-02-26 00:19:49,GWL,Clear,0.12,9.03,0.9,32.1,96.3
2026-05-01 19:43:42,GWL,Clear,0.22,7.77,0.4,18.9,75.4
2026-04-29 03:20:22,GWL,Fog,0.49,5.11,0.6,20.5,80.5
2026-02-19 16:38:06,GWL,Fog,0.57,5.36,0.2,32.7,57.1
2026-05-03 02:43:17,GWL,Clear,0.42,6.55,0.4,27.0,73.4
2026-02-18 17:59:00,GWL,Clear,0.45,5.73,1.4,38.2,54.9
2026-05-17 01:23:48,GWL,Clear,0.17,9.11,1.0,37.9,59.8
2026-02-25 21:36:08,GWL,Clear,0.21,8.13,1.2,13.2,100.0
2026-04-23 09:07:57,GWL,Clear,0.42,7.45,0.5,22.6,66.4
2026-03-11 11:49:40,GWL,Clear,0.31,7.29,1.2,28.7,61.0
2026-05-11 22:20:35,GWL,Clear,0.31,7.64,1.4,24.2,49.3
2026-01-11 08:40:49,GWL,Clear,0.48,5.86,1.1,29.6,71.0
2026-01-04 11:52:22,GWL,Clear,0.25,7.83,0.6,23.5,49.7
2026-04-05 18:06:30,GWL,Cloudy,0.27,7.58,0.0,22.7,46.1
2026-02-05 23:48:24,GWL,Fog,0.43,6.77,1.3,13.8,94.6
2026-04-09 10:54:29,GWL,Cloudy,0.67,4.81,1.5,23.9,44.5
2026-05-25 14:08:25,GWL,Fog,0.5,6.27,0.3,35.6,74.9
2026-06-13 18:08:05,GWL,Clear,0.14,8.47,0.3,35.6,47.9
2026-03-01 16:52:45,GWL,Fog,0.71,3.58,0.7,32.6,78.8
2026-04-01 22:56:32,GWL,Cloudy,0.21,8.28,1.0,44.8,81.5
2026-06-21 04:22:06,GWL,Cloudy,0.69,3.98,0.3,31.0,100.0
2026-01-27 01:19:39,GWL,Clear,0.14,9.2,0.8,27.0,55.9
2026-03-30 20:54:12,GWL,Rain,0.13,7.16,2.2,22.5,56.4
2026-06-04 20:01:11,GWL,Clear,0.15,8.56,0.1,34.6,63.0
2026-06-26 03:51:22,GWL,Clear,0.15,9.51,1.0,26.5,32.6
2026-06-02 06:55:45,GWL,Clear,0.37,6.96,0.5,19.3,54.5
2026-04-18 13:19:25,GWL,Clear,0.65,4.42,0.1,21.6,73.3
2026-03-14 01:50:38,GWL,Clear,0.22,7.23,0.1,21.1,66.0
2026-01-21 03:57:21,GWL,Clear,0.72,3.42,0.3,30.2,92.3
2026-03-16 03:08:57,GWL,Cloudy,0.2,8.07,0.2,20.6,59.1
2026-01-22 14:02:11,GWL,Clear,0.27,8.44,0.2,21.2,59.0
2026-01-02 15:24:09,GWL,Fog,0.37,6.95,1.4,19.2,58.1
2026-02-11 15:12:43,GWL,Clear,0.22,8.21,1.3,16.3,89.7
2026-04-24 06:26:26,GWL,Fog,0.61,4.68,1.5,16.2,95.7
2026-04-16 08:05:53,GWL,Clear,0.46,5.87,0.3,16.0,55.9
2026-03-20 02:20:55,GWL,Clear,0.26,7.79,0.8,22.3,84.8
2026-06-27 09:16:40,GWL,Clear,0.38,7.24,1.1,25.5,85.4
2026-01-17 18:12:02,GWL,Clear,0.15,9.87,0.2,28.3,52.9
2026-06-08 05:01:05,GWL,Cloudy,0.2,8.63,0.5,23.4,77.3
2026-04-19 11:34:30,GWL,Clear,0.26,7.38,1.4,27.6,77.1
2026-05-29 16:49:57,GWL,Fog,0.54,5.93,1.2,14.8,80.0
2026-06-10 20:41:06,GWL,Cloudy,0.26,7.49,0.9,26.3,61.7
2026-03-23 01:13:56,GWL,Clear,0.06,10.27,0.1,28.3,66.3
2026-04-29 17:57:12,GWL,Clear,0.15,9.1,0.2,18.8,25.2
2026-05-18 10:46:48,GWL,Clear,0.4,6.27,0.5,36.4,73.5
2026-04-24 05:46:34,GWL,Cloudy,0.17,8.22,0.2,19.3,72.3
2026-05-23 12:14:22,GWL,Cloudy,0.34,6.07,0.6,26.0,62.4
2026-06-21 13:19:39,GWL,Cloudy,0.47,5.94,0.1,22.7,68.5
2026-04-10 00:28:03,GWL,Fog,0.79,2.99,0.7,17.6,67.0
2026-02-05 20:40:16,GWL,Clear,0.12,9.62,0.6,25.7,20.0
2026-06-17 14:36:52,GWL,Clear,0.22,8.91,1.0,29.6,46.6
2026-01-27 21:27:16,GWL,Fog,0.63,4.09,0.7,13.2,71.8
2026-05-04 06:20:09,GWL,Clear,0.51,4.9,0.3,14.0,49.5
2026-05-06 08:25:30,GWL,Cloudy,0.43,5.42,1.1,34.3,58.3
2026-05-27 04:11:35,GWL,Cloudy,0.38,6.22,1.1,28.3,67.4
2026-05-05 23:36:37,GWL,Clear,0.21,8.18,0.4,16.7,84.0
2026-03-13 21:33:55,GWL,Clear,0.07,9.58,1.4,18.0,63.0
2026-05-05 19:20:27,GWL,Rain,0.42,4.52,6.6,21.2,68.8
2026-04-04 21:38:49,GWL,Rain,0.19,7.21,1.4,12.6,41.0
2026-03-10 18:26:26,GWL,Clear,0.06,9.6,0.5,22.7,73.1
2026-06-25 02:00:37,GWL,Clear,0.18,7.58,0.3,20.5,80.8
2026-04-02 14:28:37,GWL,Cloudy,0.5,5.96,1.2,23.0,70.0
2026-05-17 10:15:42,GWL,Clear,0.26,7.82,1.0,12.3,69.3
2026-04-03 17:01:46,GWL,Clear,0.08,8.76,1.5,42.6,54.7
2026-01-31 18:23:55,GWL,Clear,0.12,8.84,0.8,23.0,59.9
2026-06-21 12:53:37,GWL,Clear,0.21,7.3,1.2,33.2,39.0
2026-05-17 16:36:28,GWL,Clear,0.31,7.17,0.2,28.3,69.1
2026-01-05 13:12:16,GWL,Fog,0.68,3.86,0.1,21.3,82.6
2026-06-14 16:25:20,GWL,Rain,0.54,4.5,3.7,23.7,68.9
2026-03-13 06:36:52,GWL,Cloudy,0.42,6.17,0.6,47.2,75.6
2026-06-04 16:32:35,GWL,Rain,0.1,8.45,8.0,36.7,76.6
2026-03-18 06:39:51,GWL,Rain,0.6,3.73,4.9,29.2,92.0
2026-02-27 23:48:43,GWL,Clear,0.18,8.75,0.4,24.3,88.9
2026-02-11 20:49:31,GWL,Clear,0.36,6.57,0.4,23.7,74.9
2026-04-22 23:16:30,GWL,Clear,0.33,7.18,0.1,22.9,69.9
2026-06-30 14:59:34,GWL,Fog,0.66,5.16,0.1,21.6,50.4
2026-04-02 06:59:41,GWL,Rain,0.48,4.25,7.9,43.3,84.7
2026-03-06 20:54:19,GWL,Clear,0.34,6.87,0.7,17.2,100.0
2026-01-10 20:38:07,GWL,Clear,0.29,7.58,1.0,27.2,44.1
2026-06-08 09:23:31,GWL,Cloudy,0.51,5.7,0.6,34.2,82.6
2026-06-24 12:53:26,GWL,Rain,0.14,7.08,9.3,29.1,44.5
2026-04-04 18:06:01,GWL,Cloudy,0.18,9.58,0.8,7.9,67.3
2026-02-05 03:40:12,GWL,Clear,0.26,7.04,1.4,18.5,80.8
2026-05-28 12:25:56,GWL,Fog,0.99,2.05,0.6,15.6,97.7
2026-04-22 16:40:07,GWL,Clear,0.57,5.09,1.5,5.5,53.8
2026-05-27 04:51:04,GWL,Clear,0.11,8.53,1.0,26.2,76.2
2026-04-19 09:04:37,GWL,Clear,0.19,9.08,1.4,29.4,44.9
2026-02-07 23:21:09,GWL,Clear,0.39,6.3,1.4,14.1,70.5
2026-05-23 15:05:53,GWL,Fog,0.56,5.0,1.3,21.6,60.6
2026-05-16 12:01:18,GWL,Clear,0.2,9.08,0.7,32.3,75.3
2026-01-15 02:34:48,GWL,Clear,0.43,5.35,1.2,21.1,53.9
2026-04-29 03:36:04,GWL,Rain,0.26,6.02,3.0,27.0,75.9
2026-03-27 01:37:18,GWL,Clear,0.39,6.88,1.1,37.8,72.7
2026-06-02 05:46:42,GWL,Cloudy,0.26,8.1,0.6,24.8,70.0
2026-01-23 07:06:29,GWL,Clear,0.32,8.47,1.2,21.7,45.5
2026-03-08 06:08:53,GWL,Clear,0.34,7.17,0.6,23.3,69.1
2026-05-06 01:02:27,GWL,Fog,0.7,3.86,0.2,32.4,82.2
2026-05-17 08:03:15,GWL,Cloudy,0.16,8.01,0.8,27.3,71.9
2026-03-22 20:46:36,GWL,Cloudy,0.31,7.27,0.6,23.3,85.2
2026-01-21 01:32:12,GWL,Cloudy,0.27,6.84,1.2,7.3,64.4
2026-03-14 00:43:58,GWL,Clear,0.15,9.45,0.9,23.4,68.5
2026-04-09 08:09:02,GWL,Clear,0.22,7.87,1.3,17.5,56.0
2026-05-23 23:46:36,GWL,Fog,0.56,5.43,0.5,37.1,74.7
2026-01-15 09:23:31,GWL,Clear,0.05,9.38,0.3,32.4,58.4
2026-03-25 09:49:02,GWL,Cloudy,0.44,5.86,0.6,17.4,98.0
2026-02-05 08:14:17,GWL,Clear,0.24,7.89,1.2,7.3,100.0
2026-06-04 18:19:17,GWL,Rain,0.22,7.43,5.4,24.1,58.5
2026-04-28 16:01:35,GWL,Clear,0.49,5.75,0.3,25.3,84.8
2026-04-19 21:08:19,GWL,Cloudy,0.05,8.58,0.3,13.2,90.1
2026-01-13 05:10:13,GWL,Clear,0.11,9.24,1.5,33.7,85.3
2026-05-18 14:26:50,GWL,Clear,0.12,9.37,1.0,33.9,54.0
2026-05-30 13:51:56,GWL,Clear,0.1,9.22,1.2,31.0,62.1
2026-05-28 09:57:46,GWL,Rain,0.15,7.57,4.7,10.8,80.8
2026-06-26 18:31:44,GWL,Clear,0.22,8.05,0.4,23.3,82.5
2026-02-12 21:09:34,GWL,Clear,0.19,8.69,0.5,36.2,61.0
2026-02-19 06:59:32,GWL,Rain,0.16,6.91,9.9,32.8,75.5
2026-05-15 16:59:25,GWL,Fog,0.62,5.36,0.4,15.3,86.7
2026-01-03 12:54:09,GWL,Clear,0.24,7.69,0.9,28.8,71.0
2026-05-21 04:13:51,GWL,Clear,0.18,7.75,0.4,34.0,51.8
2026-05-08 21:50:06,GWL,Cloudy,0.1,9.1,1.4,17.9,51.3
2026-06-15 02:51:06,GWL,Clear,0.07,8.69,0.5,26.6,38.8
2026-02-04 02:41:42,GWL,Clear,0.27,8.27,0.1,27.2,65.5
2026-05-07 15:44:19,GWL,Clear,0.44,5.55,0.4,23.9,70.5
2026-05-12 00:27:12,GWL,Cloudy,0.38,7.88,0.7,23.3,80.9
2026-02-12 00:01:36,GWL,Clear,0.16,9.07,0.3,15.8,53.5
2026-02-11 06:15:11,GWL,Cloudy,0.4,6.71,0.1,33.8,78.5
2026-01-26 12:05:50,GWL,Clear,0.41,6.59,0.3,33.1,63.2
2026-02-25 18:53:36,GWL,Clear,0.64,5.37,1.1,31.8,75.0
2026-03-06 22:27:32,GWL,Cloudy,0.6,4.54,1.4,26.2,93.2
2026-01-02 17:49:22,GWL,Clear,0.21,9.29,0.5,21.9,84.3
2026-05-29 18:29:41,GWL,Fog,0.59,5.09,1.1,22.6,69.4
2026-02-17 04:12:13,GWL,Cloudy,0.2,8.39,0.2,21.9,80.5
2026-04-26 11:17:54,GWL,Fog,0.52,5.83,1.3,28.2,71.2
2026-01-26 03:16:51,GWL,Cloudy,0.47,5.53,0.9,15.8,82.1
2026-02-02 09:03:22,GWL,Rain,0.31,6.24,6.4,17.8,69.4
2026-04-06 05:28:40,GWL,Clear,0.21,8.63,0.4,27.9,77.3
2026-05-27 12:16:16,GWL,Clear,0.41,6.58,0.4,21.8,54.4
2026-01-14 12:13:36,GWL,Clear,0.28,7.9,0.3,17.9,63.0
2026-04-04 19:49:55,GWL,Clear,0.43,5.88,1.4,22.8,43.7
2026-03-16 15:22:02,GWL,Fog,0.52,5.86,0.0,35.8,67.0
2026-03-03 12:35:25,GWL,Clear,0.5,5.93,0.9,15.4,57.1
2026-06-14 21:01:40,GWL,Cloudy,0.18,8.93,0.9,30.1,73.6
2026-06-28 17:42:56,GWL,Clear,0.18,8.7,1.5,7.8,82.3
2026-05-27 01:13:35,GWL,Fog,0.37,6.27,0.2,17.3,100.0
2026-06-29 10:25:39,GWL,Clear,0.34,6.47,1.1,19.8,79.4
2026-03-09 23:28:01,GWL,Cloudy,0.36,7.58,0.5,30.8,60.9
2026-04-13 18:12:09,GWL,Fog,0.39,7.04,0.4,27.7,56.3
2026-05-10 19:00:50,GWL,Fog,0.74,3.99,0.1,9.0,86.6
2026-06-13 09:13:17,GWL,Clear,0.26,7.47,0.6,21.6,78.4
2026-06-03 01:38:21,GWL,Fog,0.69,4.71,0.3,22.9,73.9
2026-03-21 18:55:11,GWL,Clear,0.31,8.41,1.1,29.8,38.1
2026-05-21 19:20:40,GWL,Fog,0.47,6.66,0.3,31.8,20.0
2026-04-09 18:59:10,GWL,Clear,0.23,8.23,0.4,24.8,81.2
2026-02-09 05:16:30,GWL,Fog,0.8,3.12,0.5,25.9,48.4
2026-01-08 15:50:15,GWL,Clear,0.16,8.63,0.5,27.8,59.8
2026-05-23 14:11:42,GWL,Clear,0.2,8.35,0.1,36.2,46.3
2026-05-19 22:46:10,GWL,Clear,0.27,7.7,1.0,34.1,71.0
2026-01-17 09:18:10,GWL,Fog,0.75,3.08,0.1,20.1,50.3
2026-01-27 03:09:15,GWL,Fog,0.71,4.43,0.9,21.4,72.0
2026-02-27 13:05:09,GWL,Clear,0.24,8.31,0.0,23.3,49.7
2026-05-04 16:45:17,GWL,Rain,0.41,4.52,14.6,16.2,97.8
2026-01-25 04:39:14,GWL,Cloudy,0.36,6.97,1.2,21.7,74.2
2026-05-19 18:18:26,GWL,Clear,0.41,6.52,1.3,16.0,50.0
2026-01-31 16:41:26,GWL,Rain,0.31,6.91,3.1,26.5,45.2
2026-05-18 20:41:32,GWL,Cloudy,0.33,7.6,0.3,26.7,62.4
2026-06-11 03:12:30,GWL,Clear,0.25,7.71,0.0,30.4,26.0
2026-02-14 07:01:02,GWL,Clear,0.25,7.56,0.9,23.3,100.0
2026-02-15 18:05:53,GWL,Clear,0.56,4.93,1.2,3.3,78.1
2026-04-01 18:11:16,GWL,Clear,0.04,9.3,1.0,20.9,52.4
2026-01-18 21:54:46,GWL,Clear,0.13,8.97,1.3,22.7,50.0
2026-02-05 22:13:10,GWL,Clear,0.58,4.75,0.7,30.9,100.0
2026-03-05 01:58:45,GWL,Clear,0.25,8.37,0.3,22.1,95.6
2026-02-26 16:06:23,GWL,Cloudy,0.32,7.11,0.9,21.3,60.8
2026-05-13 18:28:57,GWL,Clear,0.33,8.01,1.0,10.1,77.0
2026-01-18 15:24:00,GWL,Clear,0.16,8.6,1.5,15.3,38.7
2026-02-25 07:02:50,GWL,Clear,0.1,9.5,0.1,35.2,71.2
2026-02-18 22:17:02,GWL,Clear,0.68,4.16,0.1,19.5,81.8
2026-03-24 09:10:48,GWL,Clear,0.44,6.61,0.6,23.3,97.5
2026-06-02 08:32:54,GWL,Cloudy,0.08,8.92,1.3,27.0,39.8
2026-05-28 07:45:41,GWL,Cloudy,0.54,6.06,1.2,38.9,71.8
2026-05-23 00:42:50,GWL,Clear,0.29,7.43,0.9,26.1,64.7
2026-04-27 00:10:45,GWL,Clear,0.4,7.23,0.5,31.6,80.6
2026-01-26 08:59:51,GWL,Cloudy,0.27,7.23,0.2,25.7,32.1
2026-05-16 11:31:16,GWL,Fog,0.67,3.94,0.4,29.2,86.9
2026-01-15 03:17:27,GWL,Cloudy,0.28,7.39,0.6,32.5,55.6
2026-06-09 06:03:37,GWL,Clear,0.25,7.47,0.3,22.5,68.2
2026-02-18 08:37:17,GWL,Clear,0.38,7.27,0.9,19.5,82.7
2026-06-10 08:54:42,GWL,Rain,0.05,8.0,2.7,41.6,81.0
2026-02-13 03:15:57,GWL,Clear,0.17,9.17,0.3,15.4,64.3
2026-01-01 14:02:39,GWL,Clear,0.57,5.25,0.1,15.1,73.2
2026-06-17 17:06:52,GWL,Cloudy,0.54,5.76,1.4,27.3,80.5
2026-01-17 11:55:32,GWL,Fog,0.71,4.15,0.3,31.4,69.6
2026-06-16 18:13:13,GWL,Clear,0.18,8.56,0.4,27.0,56.2
2026-05-29 21:02:33,GWL,Clear,0.4,5.5,0.8,19.6,77.5
2026-05-04 22:47:47,GWL,Clear,0.17,9.06,0.4,22.5,88.9
2026-05-02 03:12:09,GWL,Fog,0.62,4.37,1.3,34.4,53.5
2026-05-07 21:29:08,GWL,Cloudy,0.04,10.22,1.1,26.6,74.8
2026-02-24 12:51:12,GWL,Fog,0.53,5.72,0.4,14.0,47.5
2026-05-17 23:54:02,GWL,Clear,0.36,6.81,0.5,15.3,34.6
2026-06-15 18:27:40,GWL,Clear,0.21,7.61,1.1,17.9,53.8
2026-02-14 05:28:41,GWL,Clear,0.3,7.23,0.7,15.8,82.4
2026-01-25 07:16:32,GWL,Clear,0.12,9.76,0.7,22.7,54.7
2026-01-30 22:06:43,GWL,Clear,0.06,9.14,0.3,23.9,92.7
2026-01-21 10:17:48,GWL,Cloudy,0.17,8.93,1.3,36.3,78.3
2026-02-04 08:12:45,GWL,Rain,0.07,8.64,6.4,35.2,40.1
2026-01-15 02:27:04,GWL,Fog,0.81,2.94,0.1,28.3,68.9
2026-03-15 17:30:17,GWL,Cloudy,0.0,10.4,1.0,23.6,67.7
2026-02-14 03:11:11,GWL,Cloudy,0.26,8.47,0.5,31.6,39.8
2026-04-25 05:35:49,GWL,Clear,0.16,8.61,0.6,28.6,79.0
2026-04-13 10:22:43,GWL,Fog,0.9,2.56,0.8,33.2,61.0
2026-02-28 09:57:51,GWL,Rain,0.56,4.55,3.3,30.7,43.7
2026-05-05 23:59:30,GWL,Rain,0.06,8.03,7.4,29.0,78.2
2026-03-09 11:23:08,GWL,Clear,0.37,7.72,1.0,13.6,62.6
2026-02-12 14:11:27,GWL,Rain,0.39,5.91,9.2,17.3,58.6
2026-04-28 23:22:24,GWL,Clear,0.12,8.68,0.1,23.6,38.5
2026-03-24 10:26:08,GWL,Cloudy,0.12,9.42,0.6,21.2,68.5
2026-06-02 19:55:04,GWL,Rain,0.08,7.7,8.7,41.5,36.3
2026-05-15 13:19:19,GWL,Cloudy,0.43,6.44,1.4,18.3,75.5
2026-06-11 10:49:12,GWL,Cloudy,0.07,9.22,0.8,33.6,56.5
2026-05-09 15:31:20,GWL,Clear,0.35,7.66,1.2,32.2,86.8
2026-05-14 12:47:22,GWL,Cloudy,0.04,9.79,1.2,14.1,70.8
2026-05-08 02:53:54,GWL,Cloudy,0.27,7.39,0.7,19.8,95.8
2026-05-18 19:28:22,GWL,Cloudy,0.29,7.61,0.7,31.9,43.7
2026-06-27 06:28:52,GWL,Fog,0.63,4.62,1.0,29.5,81.7
2026-03-25 01:54:24,GWL,Fog,0.53,5.08,0.8,35.5,61.6
2026-06-07 00:04:59,GWL,Clear,0.15,8.17,0.7,22.9,54.1
2026-05-12 17:28:56,GWL,Clear,0.21,8.26,1.4,25.5,59.1
2026-01-29 16:59:04,GWL,Fog,0.61,5.63,0.5,24.7,88.9
2026-01-03 04:55:17,GWL,Rain,0.34,6.71,16.1,30.4,62.4
2026-05-29 13:47:46,GWL,Clear,0.36,6.91,0.3,9.1,83.4
2026-03-07 00:12:58,GWL,Fog,0.49,6.08,0.4,29.4,77.3
2026-06-05 02:45:50,GWL,Clear,0.41,5.35,0.8,35.4,83.8
2026-01-02 16:20:29,GWL,Clear,0.14,9.23,1.4,29.1,64.4
2026-01-23 10:57:10,GWL,Rain,0.45,3.65,2.7,34.6,62.1
2026-05-20 04:44:19,GWL,Cloudy,0.67,4.47,0.6,12.6,73.2
2026-01-04 07:36:24,GWL,Cloudy,0.3,7.38,1.3,26.7,63.5
2026-04-28 15:36:11,GWL,Clear,0.42,5.93,1.5,24.2,83.0
2026-02-19 04:57:40,GWL,Clear,0.12,8.45,0.5,23.3,20.0
2026-06-09 04:23:04,GWL,Clear,0.19,8.16,0.6,4.3,34.7
2026-05-09 15:38:30,GWL,Rain,0.19,7.77,4.3,18.2,38.4
2026-04-08 18:53:07,GWL,Clear,0.04,8.73,0.2,26.6,78.8
2026-06-22 04:27:51,GWL,Clear,0.33,6.43,1.1,25.9,93.9
2026-05-28 03:11:20,GWL,Clear,0.24,7.32,0.9,26.8,64.2
2026-01-02 01:20:12,GWL,Clear,0.34,7.95,1.3,22.6,81.5
2026-05-10 10:34:53,GWL,Clear,0.15,8.35,1.1,20.1,31.5
2026-04-23 07:09:17,GWL,Rain,0.12,7.48,7.0,13.4,72.6
2026-03-20 16:25:41,GWL,Cloudy,0.15,8.84,0.0,27.2,63.6
2026-03-29 01:54:34,GWL,Clear,0.29,7.45,0.4,34.3,47.0
2026-01-18 06:39:25,GWL,Cloudy,0.4,6.88,1.4,29.8,93.9
2026-04-21 02:35:54,GWL,Fog,0.62,4.22,0.9,29.2,77.5
2026-05-11 08:02:17,GWL,Cloudy,0.27,7.53,1.0,10.6,53.2
2026-03-12 06:31:16,GWL,Cloudy,0.14,8.19,0.3,11.9,78.4
2026-04-01 01:10:07,GWL,Clear,0.47,5.65,0.4,32.4,42.0
2026-06-20 17:22:46,GWL,Cloudy,0.1,9.13,0.5,6.3,20.0
2026-01-18 16:03:27,GWL,Clear,0.66,3.97,0.4,19.2,74.5
2026-01-20 05:24:09,GWL,Fog,0.44,6.31,1.2,34.9,88.3
2026-01-10 22:23:08,GWL,Clear,0.37,6.45,1.3,16.7,55.8
2026-02-24 06:59:24,GWL,Clear,0.51,5.82,1.4,25.9,53.4
2026-01-02 14:53:53,GWL,Fog,0.61,3.96,0.4,22.2,47.0
2026-03-19 19:44:33,GWL,Clear,0.27,7.47,0.8,24.1,67.1
2026-06-03 16:05:31,GWL,Clear,0.15,9.49,0.5,25.5,49.5
2026-02-07 03:57:21,GWL,Fog,0.85,3.17,0.9,15.6,82.1
2026-04-11 16:20:48,GWL,Clear,0.5,5.8,1.1,9.0,90.4
2026-05-24 10:47:28,GWL,Clear,0.53,5.48,0.1,33.5,96.1
2026-05-04 16:05:20,GWL,Clear,0.15,8.83,0.1,21.6,80.4
2026-06-01 08:51:15,GWL,Cloudy,0.3,6.78,1.3,43.8,74.2
2026-05-17 16:36:48,GWL,Clear,0.13,9.16,1.4,28.4,80.9
2026-04-03 21:27:33,GWL,Clear,0.56,4.28,0.1,9.3,78.4
2026-03-22 15:48:05,GWL,Rain,0.35,6.57,17.4,10.5,83.7
2026-06-11 06:48:37,GWL,Fog,0.74,3.63,0.7,26.0,88.2
2026-03-06 13:38:30,GWL,Clear,0.26,8.3,0.7,28.1,65.8
2026-06-05 18:56:13,GWL,Fog,0.51,5.89,0.1,24.5,77.7
2026-01-10 00:33:20,GWL,Cloudy,0.06,8.96,0.2,32.3,92.3
2026-04-16 18:44:08,GWL,Cloudy,0.18,8.5,1.0,16.6,89.8
2026-01-20 18:53:40,GWL,Rain,0.09,7.47,2.7,15.0,81.8
2026-03-16 04:07:42,GWL,Clear,0.56,5.79,0.9,20.1,70.0
2026-02-07 20:22:02,GWL,Fog,0.7,4.43,0.2,32.4,68.1
2026-05-17 00:45:12,GWL,Clear,0.31,8.03,0.9,23.3,74.0
2026-05-12 12:52:05,GWL,Clear,0.21,8.34,0.0,30.5,78.7
2026-03-02 21:59:44,GWL,Cloudy,0.47,5.33,1.0,33.0,58.4
2026-01-14 12:36:26,GWL,Clear,0.33,6.91,1.3,22.6,45.6
2026-02-04 21:42:51,GWL,Clear,0.13,8.84,0.7,33.5,74.1
2026-05-09 16:58:17,GWL,Cloudy,0.05,10.32,1.0,26.0,42.8
2026-06-09 14:36:16,GWL,Clear,0.02,9.81,0.6,19.0,100.0
2026-03-16 18:23:15,GWL,Fog,0.44,5.16,1.3,35.2,100.0
2026-02-01 06:28:12,GWL,Clear,0.04,10.18,1.4,23.0,87.0
2026-05-11 20:55:59,GWL,Cloudy,0.22,7.91,0.0,27.3,62.6
2026-02-16 07:52:39,GWL,Clear,0.23,7.72,1.1,22.8,93.3
2026-05-20 13:17:51,GWL,Cloudy,0.1,8.87,0.0,26.1,37.8
2026-02-07 01:19:51,GWL,Cloudy,0.48,5.57,0.9,21.1,62.8
2026-05-19 22:50:39,GWL,Clear,0.23,7.8,1.2,32.0,73.1
2026-06-17 06:06:29,GWL,Cloudy,0.44,6.86,0.8,24.2,99.9
2026-05-10 13:33:25,GWL,Clear,0.21,7.84,0.8,24.9,59.2
2026-04-24 10:54:08,GWL,Clear,0.33,7.11,0.1,21.4,56.4
2026-04-16 21:42:28,GWL,Clear,0.15,8.59,0.1,18.9,80.7
2026-01-19 23:02:23,GWL,Cloudy,0.29,6.84,0.1,17.1,83.8
2026-06-27 01:45:59,GWL,Clear,0.53,5.0,0.2,24.3,72.0
2026-02-07 17:10:33,GWL,Clear,0.11,10.16,0.2,28.4,64.4
2026-05-04 14:43:26,GWL,Cloudy,0.25,7.92,0.3,29.4,37.0
2026-05-30 02:51:56,GWL,Clear,0.08,9.73,0.9,30.0,79.5
2026-06-25 21:07:57,GWL,Rain,0.21,6.3,7.5,34.8,66.4
2026-02-22 03:06:34,GWL,Clear,0.26,8.05,1.3,35.1,88.3
2026-06-21 22:27:46,GWL,Fog,0.72,4.33,0.4,36.4,92.6
2026-05-27 13:54:40,GWL,Fog,0.59,4.42,0.6,30.5,78.9
2026-05-03 18:33:34,GWL,Fog,0.93,1.8,1.4,27.2,95.7
2026-03-22 09:53:31,GWL,Clear,0.15,8.84,0.4,19.3,75.6
2026-02-05 22:48:02,GWL,Fog,0.39,6.72,1.1,22.1,40.6
2026-02-22 03:01:18,GWL,Cloudy,0.11,8.93,0.4,34.9,41.3
2026-03-04 09:14:01,GWL,Clear,0.02,10.04,0.1,30.5,73.2
2026-01-27 13:19:25,GWL,Rain,0.11,7.28,9.3,34.0,80.5
2026-02-18 00:45:55,GWL,Fog,0.4,6.59,0.4,28.0,56.3
2026-03-06 16:09:39,GWL,Cloudy,0.35,7.22,0.4,23.9,75.3
2026-04-16 07:37:26,GWL,Cloudy,0.48,5.17,0.5,33.6,80.8
2026-01-25 15:15:12,GWL,Clear,0.21,8.68,0.2,17.6,77.8
2026-03-31 09:37:06,GWL,Clear,0.59,5.19,1.1,26.2,78.1
2026-06-23 00:36:21,GWL,Rain,0.39,5.2,7.3,27.5,77.5
2026-05-01 07:58:19,GWL,Clear,0.05,9.22,1.1,32.0,53.0
2026-04-10 21:16:25,GWL,Cloudy,0.27,7.79,1.4,23.6,63.4
2026-04-12 05:43:09,GWL,Rain,0.19,7.68,28.0,26.0,74.3
2026-02-01 14:53:41,GWL,Clear,0.34,7.13,0.5,26.4,56.8
2026-05-06 05:24:37,GWL,Clear,0.41,6.86,0.5,26.6,59.1
2026-01-17 05:58:07,GWL,Cloudy,0.3,8.11,1.3,18.5,57.0
2026-04-28 15:43:44,GWL,Cloudy,0.52,5.05,0.6,23.4,77.9
2026-05-13 00:11:54,GWL,Cloudy,0.35,7.51,0.8,22.1,65.2
2026-05-20 19:07:02,GWL,Cloudy,0.57,5.43,0.4,16.1,100.0
2026-03-12 17:59:32,GWL,Clear,0.21,7.87,0.6,19.7,65.1
2026-05-02 14:31:03,GWL,Cloudy,0.16,8.6,1.4,8.5,40.5
2026-01-11 18:46:50,GWL,Cloudy,0.01,9.51,1.1,11.7,57.7
2026-03-03 19:23:48,GWL,Clear,0.21,8.32,0.4,21.0,31.1
2026-02-17 09:57:24,GWL,Clear,0.15,8.06,0.2,18.7,42.3
2026-05-19 00:30:36,GWL,Clear,0.34,7.17,0.5,21.2,90.2
2026-05-19 15:14:24,GWL,Clear,0.44,5.93,0.5,26.7,20.0
2026-01-25 21:01:41,GWL,Rain,0.33,5.94,3.0,16.2,64.6
2026-02-13 14:17:32,GWL,Clear,0.28,7.88,0.9,15.2,57.0
2026-06-07 17:30:53,GWL,Cloudy,0.56,5.07,0.5,20.7,48.1
2026-02-16 18:38:49,GWL,Rain,0.3,6.39,11.3,31.7,38.4
2026-03-11 23:44:27,GWL,Rain,0.07,7.54,9.3,23.5,40.9
2026-05-31 14:42:33,GWL,Rain,0.08,8.32,16.7,33.5,60.8
2026-05-17 07:25:41,GWL,Rain,0.17,7.69,5.4,27.2,77.2
2026-04-06 11:05:22,GWL,Rain,0.16,7.86,26.3,22.1,56.7
2026-01-24 19:57:56,GWL,Clear,0.18,8.53,0.9,14.6,66.4
2026-06-07 05:06:41,GWL,Cloudy,0.27,6.78,0.6,43.2,45.4
2026-03-14 04:02:48,GWL,Fog,0.49,6.05,0.2,23.4,100.0
2026-02-07 16:07:15,GWL,Clear,0.2,8.31,0.7,18.8,61.6
2026-03-05 12:55:02,GWL,Cloudy,0.23,7.47,0.9,19.4,48.7
2026-03-12 04:45:58,GWL,Clear,0.13,9.04,0.1,20.8,39.2
2026-02-09 01:52:07,GWL,Cloudy,0.2,7.61,1.1,26.2,60.0
2026-05-20 15:12:05,GWL,Clear,0.05,10.01,0.2,17.5,94.8
2026-02-21 10:23:03,GWL,Clear,0.16,8.95,0.0,12.2,65.9
2026-02-17 17:37:53,GWL,Clear,0.18,7.96,0.6,38.1,63.9
2026-05-19 14:09:16,GWL,Clear,0.21,8.2,1.4,37.8,63.5
2026-06-06 11:32:38,GWL,Clear,0.12,8.93,0.1,25.5,64.4
2026-03-06 17:09:10,GWL,Rain,0.19,8.28,14.0,33.3,89.6
2026-02-23 12:43:27,GWL,Cloudy,0.14,8.42,0.7,18.3,42.1
2026-06-03 15:21:00,GWL,Cloudy,0.14,9.13,0.9,22.6,43.6
2026-01-12 11:01:05,GWL,Rain,0.12,8.52,13.9,22.1,93.7
2026-02-13 22:22:52,GWL,Clear,0.48,6.53,0.1,9.2,74.2
2026-04-10 01:34:10,GWL,Cloudy,0.3,7.73,1.0,38.5,43.7
2026-04-23 23:35:05,GWL,Fog,0.45,6.07,0.2,34.0,60.5
2026-06-05 21:50:31,GWL,Clear,0.53,5.19,0.1,21.0,67.2
2026-06-18 03:02:55,GWL,Cloudy,0.2,8.65,1.4,17.6,54.1
2026-02-01 16:59:01,GWL,Rain,0.37,5.86,13.7,40.5,94.9
2026-06-28 09:50:00,GWL,Clear,0.06,9.24,1.2,32.0,85.2
2026-04-16 08:41:54,GWL,Cloudy,0.42,6.39,0.4,20.8,83.7
2026-01-26 11:40:19,GWL,Clear,0.63,4.8,1.1,22.2,100.0
2026-06-09 06:30:04,GWL,Fog,0.86,2.94,1.4,30.2,78.2
2026-01-02 20:56:37,GWL,Clear,0.18,8.38,0.6,15.8,53.1
2026-06-19 17:51:31,GWL,Fog,0.54,5.45,0.4,22.3,96.5
2026-06-07 07:01:50,GWL,Clear,0.27,7.79,0.2,18.1,58.7
2026-05-04 07:38:12,GWL,Clear,0.28,7.46,0.7,15.2,48.4
2026-04-12 08:46:47,GWL,Clear,0.21,8.2,0.8,29.6,68.4
2026-03-21 12:21:33,GWL,Cloudy,0.12,9.38,1.0,29.2,65.4
2026-02-12 15:41:39,GWL,Rain,0.31,6.31,30.8,19.3,52.8
2026-04-29 00:08:46,GWL,Clear,0.56,5.04,0.2,28.0,71.7
2026-06-02 18:21:11,GWL,Cloudy,0.39,6.16,1.3,29.0,93.6
2026-03-12 20:51:03,GWL,Cloudy,0.32,6.54,0.1,11.8,67.7
2026-03-30 08:58:20,GWL,Clear,0.36,6.7,0.6,19.5,76.6
2026-01-06 13:41:13,GWL,Clear,0.18,9.26,1.2,13.1,74.1
2026-05-01 23:45:22,GWL,Cloudy,0.58,4.94,0.7,31.6,49.4
2026-04-06 07:07:43,GWL,Fog,0.71,4.42,1.2,18.2,72.9
2026-04-17 19:32:33,GWL,Cloudy,0.12,8.94,1.3,21.0,62.0
2026-05-09 00:05:35,GWL,Clear,0.41,6.89,0.1,33.6,100.0
2026-05-07 03:10:23,GWL,Clear,0.34,7.06,0.5,22.7,61.0
2026-03-08 19:48:33,GWL,Cloudy,0.08,9.67,0.2,20.4,76.1
2026-04-20 00:44:27,GWL,Clear,0.2,8.29,0.0,29.8,61.2
2026-06-15 18:12:19,GWL,Clear,0.6,5.47,0.7,17.8,66.9
2026-06-05 11:20:56,GWL,Cloudy,0.25,8.22,0.1,22.0,65.0
2026-03-19 06:35:24,GWL,Fog,0.78,3.3,0.7,32.2,65.8
2026-03-03 22:37:02,GWL,Clear,0.13,8.75,1.4,16.4,98.2
2026-03-27 10:49:07,GWL,Rain,0.21,7.09,6.4,33.1,78.2
2026-05-30 09:06:09,GWL,Cloudy,0.29,7.56,0.9,24.6,30.8
2026-05-06 23:43:53,GWL,Clear,0.33,6.4,0.1,46.2,85.1
2026-03-21 11:36:00,GWL,Clear,0.34,7.7,0.7,25.5,51.0
2026-02-02 15:05:40,GWL,Clear,0.22,7.82,1.4,34.3,67.6
2026-02-03 14:51:06,GWL,Clear,0.12,9.36,1.3,21.9,74.6
2026-03-01 18:08:24,GWL,Clear,0.33,7.28,1.2,27.3,97.5
2026-04-28 17:40:03,GWL,Clear,0.4,7.4,1.3,31.1,77.2
2026-02-22 13:05:50,GWL,Clear,0.08,9.31,0.4,27.8,73.9
2026-03-26 04:56:25,GWL,Rain,0.22,7.12,7.8,21.7,79.2
2026-01-07 22:44:34,GWL,Clear,0.17,8.54,1.1,15.6,83.6
2026-04-26 11:08:03,GWL,Rain,0.08,7.71,4.4,31.8,38.3
2026-03-29 22:10:12,GWL,Clear,0.34,6.42,0.0,34.1,66.2
2026-06-11 17:45:11,GWL,Rain,0.19,6.53,16.7,13.1,39.7
2026-01-27 00:02:29,GWL,Clear,0.29,6.8,1.0,15.6,64.9
2026-04-17 14:23:41,GWL,Cloudy,0.51,6.08,1.1,24.1,77.7
2026-06-17 05:06:31,GWL,Cloudy,0.22,7.41,0.4,26.1,42.2
2026-02-12 06:48:40,GWL,Clear,0.11,9.1,1.3,17.5,46.5
2026-01-01 01:29:20,GWL,Clear,0.13,8.93,0.4,13.8,55.5
2026-02-19 11:08:08,GWL,Cloudy,0.16,8.7,0.2,31.5,62.0
2026-05-10 22:53:12,GWL,Clear,0.26,7.82,0.4,24.3,73.3
2026-02-21 21:57:56,GWL,Cloudy,0.11,8.77,0.2,29.9,78.8
2026-04-13 21:28:26,GWL,Clear,0.06,10.0,1.0,31.6,64.1
2026-01-18 20:24:02,GWL,Rain,0.11,7.56,2.8,20.3,59.6
2026-05-18 20:45:38,GWL,Rain,0.14,7.56,20.0,20.3,60.3
2026-02-06 22:45:51,GWL,Clear,0.14,8.29,0.9,26.7,56.7
2026-06-03 04:25:44,GWL,Clear,0.21,7.69,0.9,18.4,59.8
2026-03-08 10:48:16,GWL,Clear,0.06,10.05,1.1,14.8,63.9
2026-02-08 03:31:17,GWL,Clear,0.13,9.75,0.8,25.7,58.2
2026-04-28 19:37:37,GWL,Cloudy,0.27,7.94,0.6,15.1,41.7
2026-01-01 21:00:57,GWL,Cloudy,0.32,7.44,0.5,19.6,90.2
2026-04-26 08:26:35,GWL,Clear,0.52,5.29,0.0,18.3,44.0
2026-01-12 03:20:50,GWL,Rain,0.52,4.18,6.2,16.3,83.8
2026-02-19 22:27:35,GWL,Clear,0.38,6.09,1.3,27.5,85.0
2026-02-08 05:58:11,GWL,Rain,0.21,6.44,2.2,25.0,41.8
2026-01-24 22:49:58,GWL,Cloudy,0.15,8.73,0.2,45.1,87.1
2026-02-03 19:35:35,GWL,Rain,0.28,6.4,12.7,17.0,61.3
2026-04-05 22:51:39,GWL,Rain,0.21,7.25,4.2,24.3,55.1
2026-04-23 10:43:25,GWL,Clear,0.26,7.86,0.5,22.2,75.0
2026-04-30 12:39:17,GWL,Clear,0.51,5.48,1.4,18.2,34.0
2026-03-20 19:19:37,GWL,Cloudy,0.47,5.87,0.5,37.7,81.0
2026-02-28 20:24:11,GWL,Clear,0.26,8.43,0.8,18.4,85.4
2026-06-25 09:35:01,GWL,Clear,0.45,6.68,1.3,7.1,81.3
2026-03-19 02:58:05,GWL,Clear,0.11,9.38,0.1,17.4,58.7
2026-02-10 16:10:53,GWL,Clear,0.07,9.67,1.5,10.0,80.4
2026-03-11 15:38:29,GWL,Cloudy,0.21,8.12,0.3,14.1,87.0
2026-05-26 19:23:26,GWL,Clear,0.28,8.02,0.2,26.7,89.1
2026-02-08 21:17:05,GWL,Clear,0.1,8.83,0.8,25.1,74.9
2026-05-19 11:19:04,GWL,Clear,0.36,5.81,0.8,28.8,63.9
2026-04-06 23:16:50,GWL,Clear,0.06,9.9,1.2,17.8,79.6
2026-05-08 00:50:28,GWL,Cloudy,0.16,9.53,1.0,33.6,48.7
2026-03-13 22:28:19,GWL,Fog,0.53,4.64,0.5,23.7,50.9
2026-04-22 07:50:10,GWL,Clear,0.33,7.27,0.8,4.2,51.6
2026-03-18 17:48:08,GWL,Clear,0.23,8.67,0.8,28.3,71.8
2026-02-02 04:49:13,GWL,Clear,0.23,7.62,1.0,16.8,63.2
2026-04-29 07:27:23,GWL,Clear,0.29,7.74,1.3,35.7,61.0
2026-04-04 18:14:00,GWL,Rain,0.26,6.48,2.7,27.5,78.3
2026-03-17 22:13:24,GWL,Clear,0.21,7.67,0.8,15.1,52.4
2026-01-19 16:09:54,GWL,Clear,0.06,10.09,0.4,22.9,60.9
2026-01-29 04:15:03,GWL,Fog,0.85,3.59,1.0,25.2,66.7
2026-05-29 00:06:34,GWL,Clear,0.17,8.33,0.1,32.0,90.8
2026-02-17 13:49:06,GWL,Clear,0.53,6.06,1.2,16.3,72.9
2026-04-05 10:51:07,GWL,Cloudy,0.38,7.93,0.9,22.7,47.0
2026-02-12 23:05:17,GWL,Clear,0.09,9.0,0.5,23.9,68.2
2026-05-01 09:57:21,GWL,Clear,0.17,8.27,0.3,25.3,47.4
2026-06-05 02:22:04,GWL,Clear,0.27,8.38,1.4,26.1,70.1
2026-02-16 20:47:10,GWL,Rain,0.56,3.81,9.2,38.1,71.0
2026-05-21 19:41:34,GWL,Cloudy,0.08,9.13,1.2,12.7,83.0
2026-04-20 11:46:14,GWL,Clear,0.44,6.4,0.1,24.2,77.6
2026-03-24 08:52:48,GWL,Clear,0.48,6.35,0.8,23.1,89.1
2026-03-08 23:48:02,GWL,Clear,0.32,5.83,0.5,20.0,91.7
2026-04-15 19:28:00,GWL,Clear,0.28,7.75,0.6,12.8,47.8
2026-02-27 01:00:06,GWL,Rain,0.33,5.18,2.5,32.9,59.2
2026-01-09 17:31:41,GWL,Clear,0.09,9.23,0.7,28.3,66.4
2026-04-10 03:34:55,GWL,Clear,0.35,5.8,1.1,14.8,46.2
2026-05-15 09:37:33,GWL,Rain,0.33,6.2,13.2,36.6,85.0
2026-02-04 08:11:07,GWL,Rain,0.26,5.91,3.1,21.4,48.4
2026-04-23 21:33:39,GWL,Clear,0.15,8.99,0.3,22.9,56.2
2026-01-14 23:54:13,GWL,Cloudy,0.13,8.48,0.9,14.6,58.7
2026-04-10 12:58:55,GWL,Cloudy,0.15,8.52,1.3,10.1,49.4
2026-05-01 06:48:30,GWL,Rain,0.55,4.41,6.2,24.7,85.7
2026-05-06 04:52:09,GWL,Rain,0.11,8.49,13.4,28.9,86.1
2026-02-08 22:17:44,GWL,Clear,0.25,6.84,1.3,33.8,79.4
2026-06-06 13:46:46,GWL,Clear,0.15,8.64,1.4,23.5,65.0
2026-05-16 22:30:12,GWL,Clear,0.28,7.56,0.1,23.5,65.2
2026-03-20 13:20:13,GWL,Fog,0.41,6.9,1.0,27.1,57.2
2026-03-28 15:10:40,GWL,Cloudy,0.11,8.16,1.1,27.2,46.0
2026-01-10 16:36:44,GWL,Fog,0.45,6.63,0.6,22.5,79.4
2026-02-14 06:29:12,GWL,Clear,0.48,6.63,1.1,11.6,59.0
2026-04-02 22:49:23,GWL,Clear,0.12,8.7,0.7,24.9,55.5
2026-04-11 07:09:00,GWL,Fog,0.43,6.86,1.0,22.3,56.0
2026-02-07 15:53:51,GWL,Cloudy,0.42,6.1,0.5,28.4,43.6
2026-01-11 13:13:25,GWL,Clear,0.31,7.98,1.0,21.3,57.5
2026-01-31 14:49:51,GWL,Cloudy,0.29,7.69,0.4,19.6,65.4
2026-04-28 01:12:55,GWL,Cloudy,0.34,7.56,1.3,16.3,54.8
2026-03-25 06:09:39,GWL,Cloudy,0.0,10.31,0.9,15.5,45.6
2026-06-29 17:10:30,GWL,Clear,0.26,7.33,0.2,38.8,67.5
2026-01-25 16:54:10,GWL,Clear,0.12,9.43,0.2,14.8,71.7
2026-04-01 00:51:30,GWL,Clear,0.64,4.96,1.2,18.7,100.0
2026-04-20 19:44:22,GWL,Clear,0.32,7.12,1.3,15.4,90.9
2026-02-09 23:34:47,GWL,Rain,0.32,5.69,6.6,32.0,78.1
2026-01-04 17:31:14,GWL,Fog,0.56,5.62,1.2,28.7,54.7
2026-05-24 05:58:13,GWL,Clear,0.59,4.61,1.5,20.8,78.1
2026-06-25 23:08:08,GWL,Cloudy,0.13,8.52,1.0,24.0,66.8
2026-01-17 21:39:13,GWL,Fog,0.52,5.27,1.0,27.6,93.8
2026-04-18 19:47:02,GWL,Cloudy,0.04,10.21,0.0,24.7,22.5
2026-04-20 12:32:55,GWL,Clear,0.11,8.37,0.2,21.7,70.0
2026-03-12 22:14:31,GWL,Clear,0.29,7.46,0.7,28.7,70.6
2026-04-23 23:24:25,GWL,Cloudy,0.16,7.89,0.5,14.8,79.0
2026-04-27 17:15:59,GWL,Cloudy,0.1,9.04,0.5,10.1,85.2
2026-03-05 11:17:59,GWL,Clear,0.52,5.07,0.8,20.4,90.4
2026-03-01 14:01:17,GWL,Clear,0.1,8.89,0.4,8.5,38.2
2026-03-18 23:27:09,GWL,Cloudy,0.5,4.99,1.2,12.3,60.5
2026-03-02 22:11:43,GWL,Rain,0.45,5.15,7.7,15.8,66.0
2026-01-31 18:07:45,GWL,Clear,0.45,5.98,0.2,31.2,73.0
2026-06-26 22:20:52,GWL,Fog,0.46,6.04,0.7,17.0,69.5
2026-04-16 05:51:53,GWL,Clear,0.34,6.4,0.4,12.1,73.0
2026-01-31 06:35:04,GWL,Rain,0.08,8.62,1.9,28.0,50.9
2026-06-28 16:18:36,GWL,Clear,0.31,7.03,1.0,22.5,91.0
2026-05-31 06:06:00,GWL,Clear,0.42,6.5,0.8,30.6,88.0
2026-03-11 17:32:30,GWL,Clear,0.25,8.14,1.4,28.9,49.9
2026-01-11 04:36:11,GWL,Rain,0.67,2.85,6.4,32.2,89.8
2026-05-25 01:00:59,GWL,Cloudy,0.27,7.24,0.8,32.9,74.7
2026-02-03 01:09:10,GWL,Clear,0.13,8.55,0.2,9.1,45.2
2026-05-29 09:52:06,GWL,Clear,0.43,6.57,1.2,10.4,62.2
2026-01-31 22:38:06,GWL,Clear,0.18,8.56,1.3,24.4,83.6
2026-04-21 11:10:47,GWL,Clear,0.09,9.3,0.1,4.2,63.1
2026-03-15 08:32:42,GWL,Fog,0.52,5.11,0.1,22.6,75.2
2026-01-29 05:49:35,GWL,Clear,0.24,7.46,0.4,27.5,40.2
2026-02-12 02:22:27,GWL,Clear,0.43,6.38,1.0,23.7,59.0
2026-02-18 13:40:00,GWL,Clear,0.38,7.34,0.3,24.7,57.5
2026-06-11 05:34:59,GWL,Clear,0.24,7.77,0.3,21.8,71.8
2026-06-16 16:04:48,GWL,Fog,0.48,5.97,1.3,26.6,78.5
2026-03-31 04:05:53,GWL,Clear,0.21,8.07,0.3,26.7,30.6
2026-01-04 09:39:46,GWL,Cloudy,0.4,7.58,0.7,24.9,52.7
2026-04-30 07:47:38,GWL,Clear,0.06,9.91,1.0,44.6,49.6
2026-01-02 14:11:02,GWL,Clear,0.13,8.87,0.1,17.9,51.6
2026-06-05 09:59:02,GWL,Clear,0.49,5.71,1.4,27.9,66.0
2026-03-15 05:40:26,GWL,Fog,0.83,2.37,0.3,10.4,49.8
2026-02-16 12:48:22,GWL,Rain,0.05,8.27,8.7,11.6,60.5
2026-05-10 09:32:44,GWL,Clear,0.49,5.71,1.2,45.2,58.7
2026-01-20 01:39:52,GWL,Clear,0.58,5.22,0.2,18.3,77.9
2026-03-29 14:57:40,GWL,Clear,0.58,5.86,0.8,38.7,76.8
2026-01-19 21:54:08,GWL,Clear,0.1,9.29,1.1,40.8,74.1
2026-05-31 04:48:21,GWL,Clear,0.31,6.98,1.4,31.0,71.2
2026-03-21 03:55:27,GWL,Clear,0.12,9.15,0.3,15.4,93.9
2026-06-09 20:15:14,GWL,Fog,0.54,5.51,0.7,18.7,87.7
2026-05-16 02:18:53,GWL,Clear,0.43,6.96,0.0,23.4,66.9
2026-04-15 19:22:44,GWL,Cloudy,0.34,6.76,1.5,7.6,56.9
2026-06-23 22:36:15,GWL,Clear,0.32,7.03,0.4,22.1,50.4
2026-06-11 03:32:20,GWL,Clear,0.13,8.74,0.7,26.5,68.5
2026-05-12 05:49:04,GWL,Clear,0.34,7.61,0.3,25.9,59.4
2026-02-09 08:07:54,GWL,Rain,0.36,6.06,14.2,12.2,79.8
2026-03-31 18:56:45,GWL,Clear,0.4,6.76,0.7,26.7,51.6
2026-06-20 10:28:54,GWL,Cloudy,0.08,8.92,0.0,21.3,49.6
2026-04-06 13:59:16,GWL,Fog,0.94,1.71,1.3,17.6,94.7
2026-03-06 18:38:24,GWL,Fog,0.91,3.02,1.1,19.6,92.6
2026-04-09 02:20:43,GWL,Cloudy,0.34,7.39,0.1,26.6,92.5
2026-04-12 13:50:40,GWL,Cloudy,0.2,8.25,0.9,20.6,37.2
2026-02-16 10:31:17,GWL,Rain,0.14,7.31,10.8,40.7,74.4
2026-01-28 09:13:52,GWL,Clear,0.36,6.41,0.1,32.9,62.6
2026-01-21 15:43:22,GWL,Rain,0.38,5.18,4.3,29.0,76.6
2026-05-05 23:15:21,GWL,Clear,0.52,5.78,1.5,24.9,60.9
2026-03-16 05:52:40,GWL,Fog,0.75,3.79,1.1,29.7,51.0
2026-02-19 03:26:19,GWL,Clear,0.26,7.41,0.6,26.7,76.8
2026-05-04 11:03:57,GWL,Clear,0.21,7.74,0.6,22.7,91.6
2026-03-13 07:49:57,GWL,Clear,0.1,8.52,0.3,42.5,70.3
2026-02-05 06:50:00,GWL,Clear,0.32,7.06,0.9,14.8,59.9
2026-03-23 20:31:16,GWL,Cloudy,0.53,5.59,0.4,13.5,69.5
2026-02-13 05:24:00,GWL,Cloudy,0.19,8.2,0.4,26.0,47.5
2026-04-14 15:28:52,GWL,Rain,0.24,6.03,4.0,28.9,87.3
2026-06-28 04:26:45,GWL,Rain,0.38,5.02,1.7,16.4,67.7
2026-06-07 04:45:13,GWL,Cloudy,0.53,5.5,0.4,28.2,100.0
2026-06-12 07:56:33,GWL,Clear,0.44,7.1,0.7,12.6,54.2
2026-04-19 12:31:09,GWL,Clear,0.1,9.83,1.3,31.5,56.3
2026-03-03 22:50:19,GWL,Cloudy,0.3,8.3,1.0,25.5,69.2
2026-01-07 00:22:45,GWL,Cloudy,0.44,6.3,0.5,14.9,92.1
2026-06-24 03:22:17,GWL,Rain,0.12,8.1,4.1,13.2,44.4
2026-03-09 08:14:56,GWL,Clear,0.34,6.55,0.7,23.5,76.3
2026-05-26 18:55:46,GWL,Clear,0.35,7.76,0.7,19.9,69.2
2026-04-08 17:34:56,GWL,Clear,0.32,7.41,1.3,25.5,60.1
2026-03-20 10:57:34,GWL,Clear,0.39,6.27,0.6,18.4,49.2
2026-01-23 16:38:42,GWL,Clear,0.4,7.33,0.0,18.1,64.0
2026-05-22 08:50:49,GWL,Clear,0.53,5.09,1.3,27.8,79.3
2026-05-10 19:53:13,GWL,Rain,0.45,4.19,11.0,19.6,76.9
2026-02-08 19:32:31,GWL,Rain,0.47,4.89,13.7,19.9,77.8
2026-02-11 06:45:06,GWL,Cloudy,0.05,10.1,0.4,11.9,71.9
2026-01-01 02:05:31,GWL,Clear,0.13,8.27,1.1,12.8,73.9
2026-02-04 19:20:57,GWL,Clear,0.09,9.23,0.3,28.7,96.3
2026-06-12 20:14:44,GWL,Clear,0.61,4.82,1.2,31.2,66.9
2026-01-22 00:46:07,GWL,Fog,0.73,3.39,0.1,24.7,89.9
2026-04-26 11:53:56,GWL,Rain,0.06,8.05,11.9,27.8,77.6
2026-02-13 10:47:50,GWL,Fog,0.46,6.13,1.5,19.3,83.7
2026-01-22 07:46:13,GWL,Clear,0.24,8.25,1.5,26.1,50.0
2026-01-19 04:42:37,GWL,Clear,0.42,6.22,0.7,24.4,40.0
2026-04-11 02:53:19,GWL,Rain,0.37,6.0,5.2,26.0,83.2
2026-01-23 17:27:34,GWL,Clear,0.36,7.28,1.4,30.6,49.1
2026-06-20 00:40:57,GWL,Rain,0.36,5.82,5.4,27.7,62.0
2026-01-24 15:10:40,GWL,Clear,0.12,9.34,0.7,23.1,43.9
2026-01-07 08:37:51,GWL,Clear,0.41,6.78,1.2,11.7,93.8
2026-05-18 02:15:32,GWL,Cloudy,0.31,7.35,1.0,32.4,47.6
2026-02-08 04:51:39,GWL,Cloudy,0.12,8.62,0.5,16.7,51.6
2026-06-03 02:57:47,GWL,Fog,1.0,1.16,0.0,22.2,81.0
2026-05-18 18:22:37,GWL,Clear,0.1,9.28,1.3,23.2,54.2
2026-02-08 16:09:33,GWL,Cloudy,0.47,5.94,0.2,14.4,56.6
2026-05-30 02:16:12,GWL,Rain,0.27,6.91,1.3,30.4,86.5
2026-06-17 12:50:19,GWL,Clear,0.12,8.1,1.5,14.3,71.9
2026-03-23 05:45:22,GWL,Clear,0.07,8.52,1.3,28.5,78.1
2026-03-24 09:05:31,GWL,Clear,0.48,6.06,0.6,27.5,100.0
2026-06-15 11:15:00,GWL,Clear,0.39,7.14,0.1,23.2,67.5
2026-05-23 17:20:11,GWL,Cloudy,0.46,5.4,0.1,22.9,51.7
2026-01-11 16:55:37,GWL,Cloudy,0.26,7.29,1.1,24.8,62.9
2026-06-22 13:00:36,GWL,Clear,0.35,6.7,1.4,36.4,81.6
2026-06-23 04:42:44,GWL,Clear,0.2,7.79,0.1,29.5,26.7
2026-01-25 03:45:23,GWL,Clear,0.54,4.93,0.9,20.1,60.6
2026-03-31 16:05:36,GWL,Rain,0.41,5.19,1.3,25.6,73.9
2026-03-22 21:13:16,GWL,Rain,0.14,8.37,9.7,30.6,49.9
2026-06-19 08:22:15,GWL,Clear,0.31,7.49,1.2,18.1,55.1
2026-01-06 08:30:51,GWL,Clear,0.26,8.19,0.0,31.7,36.5
2026-05-18 04:52:53,GWL,Rain,0.19,7.33,12.4,32.2,79.0
2026-05-19 11:56:13,GWL,Cloudy,0.65,4.83,1.2,17.3,65.6
2026-01-21 00:20:47,GWL,Clear,0.12,8.99,0.3,16.7,97.3
2026-06-16 02:40:45,GWL,Clear,0.16,8.43,0.9,13.4,88.8
2026-03-17 13:26:13,GWL,Clear,0.11,8.57,0.7,11.1,60.7
2026-05-02 03:37:48,GWL,Cloudy,0.5,5.47,1.1,20.8,71.8
2026-02-24 22:15:25,GWL,Clear,0.28,8.01,1.0,27.0,40.4
2026-04-10 19:09:59,GWL,Rain,0.41,5.78,5.1,24.5,60.0
2026-01-03 11:06:33,GWL,Rain,0.35,6.22,5.9,27.1,79.7
2026-04-06 17:25:49,GWL,Cloudy,0.21,8.43,1.1,29.9,77.1
2026-04-12 07:48:46,GWL,Clear,0.37,6.66,0.8,28.2,46.4
2026-05-15 19:54:58,GWL,Clear,0.09,9.91,0.6,32.3,74.5
2026-05-19 21:52:44,GWL,Clear,0.15,9.19,0.8,15.1,84.4
2026-02-25 13:18:25,GWL,Clear,0.29,7.54,0.3,23.3,78.6
2026-05-30 15:12:36,GWL,Clear,0.41,7.24,0.4,31.1,89.3
2026-05-13 09:23:30,GWL,Rain,0.29,6.89,3.1,8.9,61.4
2026-01-05 19:56:00,GWL,Fog,0.48,5.61,0.4,20.5,92.3
2026-04-16 23:46:27,GWL,Cloudy,0.19,8.63,1.3,22.5,71.5
2026-02-03 23:06:32,GWL,Fog,0.54,5.63,0.4,18.9,69.1
2026-05-30 08:50:20,GWL,Fog,0.41,7.01,0.8,28.0,97.3
2026-01-24 19:57:45,GWL,Clear,0.47,6.58,0.3,30.8,54.3
2026-06-13 14:38:46,GWL,Fog,0.71,3.02,1.1,20.1,72.5
2026-02-17 12:09:08,GWL,Cloudy,0.26,8.12,0.2,26.8,50.1
2026-03-31 03:01:43,GWL,Clear,0.22,7.9,1.4,24.9,54.6
2026-01-12 14:04:13,GWL,Clear,0.44,6.4,0.2,12.7,53.7
2026-06-13 16:03:12,GWL,Clear,0.48,5.76,1.2,33.4,90.9
2026-05-08 10:49:28,GWL,Rain,0.53,4.0,8.6,18.9,65.4
2026-05-20 13:53:01,GWL,Cloudy,0.56,5.1,1.4,19.7,39.1
2026-05-20 12:24:15,GWL,Cloudy,0.27,7.44,0.5,33.3,54.3
2026-03-14 05:09:33,GWL,Rain,0.2,7.16,3.8,29.1,57.6
2026-03-25 04:17:47,GWL,Rain,0.47,5.1,12.7,34.3,68.8
2026-05-14 00:18:07,GWL,Clear,0.38,6.47,1.2,24.7,100.0
2026-01-14 10:22:48,GWL,Cloudy,0.37,6.98,1.4,19.4,63.6
2026-05-10 18:04:36,GWL,Clear,0.16,8.39,1.5,22.6,69.3
2026-05-27 19:22:54,GWL,Cloudy,0.32,7.52,0.7,9.7,64.8
2026-01-01 07:15:30,GWL,Clear,0.25,8.66,0.2,20.4,65.2
2026-06-21 12:17:37,GWL,Clear,0.32,7.29,0.2,28.2,74.4
2026-03-09 01:39:20,GWL,Rain,0.49,4.23,6.4,32.0,73.9
2026-04-06 09:57:20,GWL,Clear,0.42,6.24,1.5,22.2,51.3
2026-02-18 18:51:49,GWL,Fog,0.59,4.78,0.9,27.0,86.0
2026-04-28 19:41:59,GWL,Fog,0.6,4.94,0.9,26.3,79.9
2026-02-27 13:47:08,GWL,Clear,0.27,8.63,0.4,21.8,47.8
2026-05-21 01:43:28,GWL,Rain,0.22,7.45,6.9,37.6,87.2
2026-03-30 11:19:29,GWL,Clear,0.41,5.82,0.4,31.9,75.5
2026-02-20 12:49:13,GWL,Rain,0.29,5.79,18.0,28.6,64.2
2026-04-13 11:40:31,GWL,Rain,0.44,6.09,19.3,17.9,88.6
2026-06-05 00:50:28,GWL,Clear,0.09,9.16,0.7,27.2,49.4
2026-03-20 22:40:44,GWL,Fog,0.59,4.61,0.7,21.1,56.5
2026-06-19 18:31:13,GWL,Cloudy,0.33,7.33,1.4,19.1,42.3
2026-06-04 03:49:02,GWL,Clear,0.42,6.36,0.8,39.0,83.5
2026-01-15 19:38:04,GWL,Clear,0.47,6.11,1.4,26.8,68.4
2026-06-16 06:46:56,GWL,Cloudy,0.45,6.02,1.4,21.9,70.5
2026-02-17 00:09:05,GWL,Clear,0.5,5.0,0.9,26.7,32.9
2026-03-17 23:08:59,GWL,Clear,0.42,7.11,0.3,30.2,71.2
2026-01-08 15:27:46,GWL,Clear,0.09,9.45,0.9,21.5,36.7
2026-06-01 22:03:11,GWL,Fog,0.84,3.04,1.4,21.2,100.0
2026-05-08 23:23:35,GWL,Rain,0.19,6.79,5.8,38.1,29.6
2026-03-30 14:58:11,GWL,Clear,0.25,8.26,0.7,27.8,100.0
2026-05-23 05:58:40,GWL,Fog,0.8,2.77,1.1,16.9,90.4
2026-05-23 06:38:51,GWL,Clear,0.08,9.39,1.0,10.2,37.2
2026-01-28 23:41:11,GWL,Clear,0.1,9.48,1.1,25.4,62.7
2026-05-10 01:40:44,GWL,Clear,0.35,6.64,1.4,28.1,50.4
2026-04-26 23:38:34,GWL,Cloudy,0.23,7.84,1.4,30.9,71.7
2026-02-04 08:56:53,GWL,Fog,0.83,2.43,0.6,12.9,91.2
2026-05-29 03:02:43,GWL,Rain,0.34,6.29,5.4,29.6,50.6
2026-05-09 16:50:00,GWL,Clear,0.17,9.71,0.9,23.0,69.6
2026-06-03 04:51:18,GWL,Clear,0.17,8.07,0.6,27.0,68.6
2026-05-30 13:29:01,GWL,Cloudy,0.8,2.86,1.2,27.3,61.0
2026-01-08 19:58:54,GWL,Clear,0.16,8.68,0.3,34.4,80.3
2026-05-31 13:39:01,GWL,Fog,0.85,1.93,0.9,15.9,68.0
2026-05-30 08:54:05,GWL,Fog,0.69,3.91,0.0,27.5,94.0
2026-02-03 14:15:42,GWL,Clear,0.47,5.77,1.1,6.0,36.1
2026-05-15 03:20:32,GWL,Clear,0.38,6.34,0.6,18.5,66.9
2026-05-19 04:45:02,GWL,Clear,0.18,7.57,0.2,10.5,66.3
2026-02-01 11:15:41,GWL,Rain,0.34,5.82,4.4,29.6,76.1
2026-06-15 18:24:02,GWL,Rain,0.43,4.96,5.7,27.8,54.0
2026-04-08 10:25:22,GWL,Clear,0.21,8.6,0.2,25.1,54.9
2026-03-07 06:59:54,GWL,Clear,0.33,8.0,0.1,38.5,33.3
2026-06-21 14:04:53,GWL,Clear,0.23,8.08,0.6,15.2,79.8
2026-02-10 10:58:55,GWL,Fog,0.59,5.64,0.9,10.8,62.8
2026-03-03 01:40:15,GWL,Cloudy,0.47,6.96,0.9,21.6,88.8
2026-01-26 19:43:43,GWL,Fog,0.91,2.45,0.9,42.1,66.8
2026-03-28 17:09:07,GWL,Rain,0.04,8.55,3.8,21.5,54.3
2026-03-02 07:43:41,GWL,Clear,0.31,7.27,0.2,19.0,68.2
2026-06-03 00:14:50,GWL,Clear,0.42,6.78,1.3,20.7,47.5
2026-05-31 16:31:49,GWL,Cloudy,0.52,5.82,0.7,36.8,91.8
2026-01-01 00:51:23,GWL,Cloudy,0.35,7.18,0.6,18.7,51.6
2026-03-16 02:53:04,GWL,Cloudy,0.11,8.91,0.3,11.2,37.2
2026-02-16 22:53:18,GWL,Cloudy,0.4,7.32,1.2,30.0,79.4
2026-02-21 13:39:25,GWL,Cloudy,0.26,7.12,0.4,17.2,47.2
2026-04-22 04:59:47,GWL,Fog,0.64,4.19,0.3,30.4,81.0
2026-04-20 17:40:00,GWL,Fog,0.83,2.94,0.3,29.1,43.5
2026-05-17 06:40:30,GWL,Clear,0.15,8.29,0.2,33.7,47.6
2026-06-12 13:42:23,GWL,Rain,0.41,5.01,14.0,20.7,51.7
2026-03-06 09:49:21,GWL,Clear,0.3,7.43,0.4,21.5,84.5
2026-06-23 22:15:17,GWL,Clear,0.18,8.29,1.3,22.2,67.2
2026-05-02 04:45:32,GWL,Rain,0.39,6.27,10.4,24.8,75.1
2026-03-04 09:56:41,GWL,Cloudy,0.61,5.4,1.0,30.2,96.7
2026-05-17 14:08:57,GWL,Fog,0.51,5.98,1.1,15.8,80.8
2026-02-12 16:32:32,GWL,Rain,0.14,7.29,4.6,30.8,63.2
2026-04-11 08:52:48,GWL,Cloudy,0.17,8.61,0.9,33.7,65.4
2026-03-03 13:43:43,GWL,Rain,0.59,3.75,6.1,25.4,69.0
2026-03-09 21:11:31,GWL,Clear,0.34,7.16,0.3,19.5,100.0
2026-01-19 19:02:51,GWL,Clear,0.05,9.91,0.6,31.6,32.5
2026-05-22 18:00:00,GWL,Cloudy,0.11,8.51,0.9,23.0,100.0
2026-01-02 14:16:07,GWL,Rain,0.37,6.49,9.0,21.6,67.4
2026-06-22 14:53:32,GWL,Clear,0.33,7.45,0.5,21.5,81.7
2026-06-03 05:17:45,GWL,Clear,0.54,5.21,0.6,23.6,99.8
2026-04-22 19:51:06,GWL,Cloudy,0.24,8.34,0.9,19.7,20.0
2026-05-03 17:25:48,GWL,Clear,0.44,6.71,1.4,24.7,51.4
2026-02-24 02:38:43,GWL,Clear,0.21,8.71,0.7,22.8,39.5
2026-02-19 23:47:31,GWL,Clear,0.35,7.46,0.1,12.4,52.7
2026-01-29 22:41:35,GWL,Cloudy,0.36,6.59,1.2,42.1,55.0
2026-01-22 14:05:59,GWL,Clear,0.1,9.31,1.0,46.6,69.0
2026-06-14 08:15:37,GWL,Clear,0.1,9.77,0.1,31.4,66.4
2026-04-05 07:08:26,GWL,Cloudy,0.4,6.99,1.2,22.7,61.7
2026-01-29 01:13:05,GWL,Clear,0.27,7.65,1.0,19.7,53.6
2026-02-07 08:53:07,GWL,Cloudy,0.37,6.75,0.1,17.3,84.7
2026-06-27 03:05:50,GWL,Clear,0.31,7.27,1.4,30.6,84.2
2026-06-17 23:06:18,GWL,Rain,0.1,8.71,9.0,26.0,67.5
2026-02-20 20:45:33,GWL,Clear,0.12,8.9,1.3,7.8,37.1
2026-05-31 23:19:09,GWL,Cloudy,0.37,6.64,0.5,36.3,84.7
2026-01-05 11:25:59,GWL,Clear,0.34,7.79,0.3,32.0,60.6
2026-04-07 14:09:04,GWL,Clear,0.1,9.43,0.0,29.8,59.6
2026-03-17 18:56:00,GWL,Clear,0.2,7.62,1.2,30.8,97.1
2026-04-19 22:32:55,GWL,Clear,0.26,8.22,1.0,23.5,100.0
2026-02-22 14:03:56,GWL,Clear,0.39,5.97,1.0,28.5,67.3
2026-06-20 13:08:26,GWL,Fog,0.46,6.25,0.2,19.2,100.0
2026-04-28 14:47:52,GWL,Cloudy,0.25,8.27,0.4,11.1,95.0
2026-04-30 22:30:42,GWL,Clear,0.15,8.46,1.0,28.7,67.6
2026-06-28 02:15:06,GWL,Clear,0.09,9.29,0.9,36.7,32.9
2026-04-13 17:35:02,GWL,Clear,0.27,7.63,0.8,32.6,68.9
2026-05-10 00:34:09,GWL,Rain,0.31,6.86,10.1,33.9,71.8
2026-03-20 18:27:56,GWL,Clear,0.58,4.86,0.1,19.6,100.0
2026-04-05 06:35:04,GWL,Clear,0.56,4.67,1.2,25.4,58.7
2026-01-05 09:46:15,GWL,Clear,0.19,7.94,1.3,16.9,54.7
2026-01-10 06:29:25,GWL,Cloudy,0.34,7.21,0.6,26.5,85.9
2026-02-06 00:16:59,GWL,Clear,0.33,7.45,0.7,17.5,54.7
2026-03-18 00:22:11,GWL,Fog,0.73,4.05,1.2,31.5,92.5
2026-06-16 12:10:39,GWL,Cloudy,0.18,8.92,0.2,21.3,54.8
2026-05-25 14:44:29,GWL,Clear,0.18,8.31,1.3,27.8,39.4
2026-02-16 22:26:02,GWL,Clear,0.2,8.59,0.5,30.5,74.8
2026-02-25 01:26:40,GWL,Rain,0.14,6.86,9.3,11.1,100.0
2026-06-11 06:10:01,GWL,Clear,0.24,8.2,0.5,32.9,38.4
2026-04-16 09:05:27,GWL,Clear,0.14,8.51,0.8,25.2,80.9
2026-01-09 19:47:37,GWL,Clear,0.44,5.92,0.8,33.6,93.4
2026-04-05 17:46:33,GWL,Clear,0.09,9.18,0.6,26.2,20.0
2026-05-15 20:27:36,GWL,Clear,0.3,7.56,1.3,31.7,49.3
2026-01-06 17:30:58,GWL,Clear,0.38,6.58,0.5,27.0,78.3
2026-06-30 18:39:11,GWL,Clear,0.25,7.85,0.2,26.6,100.0
2026-06-09 06:29:42,GWL,Rain,0.5,3.92,7.3,24.9,75.1
2026-05-20 19:16:29,GWL,Cloudy,0.24,7.5,0.3,28.6,20.9
2026-01-16 04:42:48,GWL,Clear,0.05,9.14,0.1,19.2,92.9
2026-03-16 21:17:52,GWL,Rain,0.27,5.94,9.1,36.3,66.0
2026-05-09 01:21:57,GWL,Cloudy,0.27,7.81,0.5,7.0,68.3
2026-03-01 04:13:30,GWL,Cloudy,0.39,6.91,1.0,23.5,41.7
2026-02-03 13:23:52,GWL,Clear,0.16,8.71,0.9,12.4,40.1
2026-06-18 05:15:09,GWL,Fog,0.82,3.22,0.1,32.2,77.0
2026-02-08 00:36:47,GWL,Clear,0.31,7.0,0.5,32.0,72.8
2026-01-24 01:50:17,GWL,Rain,0.25,6.13,19.8,42.9,38.8
2026-06-29 07:49:12,GWL,Rain,0.29,7.5,0.5,25.3,80.6
2026-04-08 16:21:43,GWL,Clear,0.18,7.78,0.0,34.1,50.8
2026-06-22 13:37:49,GWL,Rain,0.12,7.33,2.2,25.0,55.9
2026-04-12 15:18:39,GWL,Clear,0.06,9.43,0.4,15.0,52.3
2026-05-20 03:18:14,GWL,Fog,0.58,4.16,0.4,34.6,53.4
2026-01-24 03:58:38,GWL,Clear,0.28,7.06,1.5,32.2,55.9
2026-06-24 20:56:30,GWL,Clear,0.17,8.92,0.7,25.4,44.6
2026-01-19 15:30:11,GWL,Clear,0.2,8.83,0.4,36.3,52.7
2026-05-15 06:06:01,GWL,Clear,0.03,9.78,1.2,25.9,67.5
2026-03-26 22:38:58,GWL,Fog,0.41,6.0,0.8,24.1,64.9
2026-04-28 15:08:52,GWL,Clear,0.28,7.77,0.1,20.1,84.8
2026-05-05 12:32:46,GWL,Clear,0.35,6.02,0.6,17.6,75.5
2026-01-16 21:09:47,GWL,Cloudy,0.2,8.28,0.5,0.0,84.3
2026-03-18 19:42:23,GWL,Rain,0.19,7.55,12.4,11.5,53.1
2026-05-27 06:54:00,GWL,Clear,0.37,6.75,0.8,30.6,41.1
2026-05-12 16:29:39,GWL,Clear,0.57,5.54,0.1,23.7,84.9
2026-03-13 04:09:28,GWL,Clear,0.23,8.31,0.5,25.9,59.5
2026-03-02 20:33:45,GWL,Fog,0.53,5.0,0.3,30.4,64.6
2026-05-24 23:38:34,GWL,Clear,0.3,7.77,1.4,21.5,41.9
2026-05-01 10:30:22,GWL,Clear,0.17,8.75,0.8,16.0,78.0
2026-06-23 00:07:27,GWL,Clear,0.17,7.87,0.5,14.7,44.8
2026-04-17 23:49:47,GWL,Fog,0.48,6.54,1.0,22.2,50.0
2026-05-26 05:43:58,GWL,Rain,0.13,8.9,19.9,30.3,60.8
2026-04-06 12:00:08,GWL,Cloudy,0.39,6.63,0.8,29.8,51.9
2026-02-15 17:14:40,GWL,Clear,0.26,7.54,0.8,42.0,83.1
2026-02-19 15:27:26,GWL,Clear,0.57,4.68,0.4,22.1,85.4
2026-01-17 07:26:47,GWL,Clear,0.14,8.5,1.1,25.2,57.7
2026-04-29 05:33:37,GWL,Rain,0.11,7.36,11.9,19.5,58.4
2026-01-14 15:14:58,GWL,Clear,0.16,8.43,0.3,26.9,55.5
2026-06-07 14:47:21,GWL,Rain,0.21,7.21,15.4,13.4,59.5
2026-03-08 12:16:33,GWL,Rain,0.05,8.87,8.1,20.0,45.5
2026-05-03 18:10:31,GWL,Rain,0.12,7.47,4.1,27.5,65.0
2026-02-01 21:25:27,GWL,Cloudy,0.38,7.18,1.2,20.9,98.9
2026-01-27 20:14:27,GWL,Fog,0.72,3.69,0.3,14.1,48.7
2026-06-23 21:16:59,GWL,Fog,0.64,4.15,1.0,23.0,81.5
2026-06-03 01:02:37,GWL,Rain,0.06,8.02,6.1,25.4,63.2
2026-01-28 21:08:31,GWL,Clear,0.32,8.29,0.6,28.0,44.7
2026-02-19 08:56:20,GWL,Clear,0.32,7.45,0.2,7.3,51.5
2026-05-10 17:11:27,GWL,Clear,0.36,6.91,0.9,7.2,49.3
2026-01-17 01:16:16,GWL,Cloudy,0.07,10.0,0.2,13.2,72.4
2026-01-02 20:46:14,GWL,Clear,0.34,6.34,0.4,27.5,77.9
2026-01-10 18:39:17,GWL,Clear,0.49,6.63,1.4,33.5,55.6
2026-01-05 22:26:06,GWL,Clear,0.59,5.02,0.8,21.3,71.7
2026-01-10 05:48:43,GWL,Rain,0.37,5.76,9.4,34.7,44.9
2026-03-19 17:15:56,GWL,Fog,0.54,5.03,0.8,22.2,80.8
2026-02-14 03:03:55,GWL,Clear,0.34,7.71,1.5,14.2,87.8
2026-06-13 07:21:34,GWL,Fog,0.54,5.79,1.2,32.0,51.3
2026-06-28 03:45:25,GWL,Fog,0.49,6.13,0.2,23.3,71.8
2026-05-01 09:10:17,GWL,Clear,0.11,9.46,0.3,16.7,87.5
2026-04-03 04:05:18,GWL,Clear,0.17,8.75,0.4,26.7,20.0
2026-05-01 23:35:42,GWL,Clear,0.12,9.09,0.1,17.2,52.2
2026-04-11 03:55:35,GWL,Clear,0.18,9.14,1.2,31.9,61.6
2026-02-24 01:35:20,GWL,Rain,0.08,8.04,0.7,26.9,62.7
2026-03-30 17:32:55,GWL,Cloudy,0.37,6.84,0.5,34.9,58.4
2026-04-06 18:42:18,GWL,Clear,0.26,7.56,0.2,9.6,62.6
2026-04-21 18:16:00,GWL,Clear,0.25,8.04,1.4,44.1,48.0
2026-02-24 18:38:07,GWL,Clear,0.59,5.24,0.7,43.3,76.3
2026-06-11 16:32:21,GWL,Clear,0.35,6.67,0.6,27.6,56.1
2026-01-02 03:17:07,GWL,Cloudy,0.13,9.56,0.0,26.7,96.3
2026-02-01 06:06:22,GWL,Cloudy,0.21,8.08,0.2,30.3,46.0
2026-03-04 15:43:30,GWL,Clear,0.19,8.4,1.2,19.8,89.2
2026-04-16 15:53:42,GWL,Clear,0.25,8.7,0.5,31.1,86.6
2026-05-23 01:12:15,GWL,Clear,0.35,7.51,1.4,30.9,43.7
2026-05-28 18:49:33,GWL,Clear,0.21,7.2,0.1,16.5,73.2
2026-05-08 01:49:06,GWL,Fog,0.5,4.95,0.7,17.4,99.1
2026-03-21 22:28:08,GWL,Fog,0.7,4.96,0.2,24.5,45.4
2026-01-20 23:54:10,GWL,Clear,0.32,6.71,1.1,22.5,62.6
2026-01-27 03:33:27,GWL,Clear,0.23,8.76,0.1,20.3,72.5
2026-05-18 01:41:19,GWL,Clear,0.32,7.08,0.9,12.9,80.8
2026-02-02 22:29:50,GWL,Cloudy,0.21,8.19,1.0,21.1,63.2
2026-06-20 05:56:41,GWL,Cloudy,0.47,5.85,0.8,17.7,47.8
2026-01-31 06:03:12,GWL,Clear,0.52,5.19,1.4,9.1,75.3
2026-06-13 08:39:35,GWL,Clear,0.14,9.45,0.9,23.7,73.7
2026-06-29 02:07:18,GWL,Clear,0.35,7.36,0.2,10.5,61.8
2026-03-18 05:27:48,GWL,Clear,0.18,8.17,0.3,30.7,83.1
2026-04-24 18:43:05,GWL,Rain,0.55,4.02,3.0,25.8,75.1
2026-04-17 19:28:38,GWL,Rain,0.64,3.41,3.1,24.9,94.0
2026-02-01 01:07:09,GWL,Clear,0.13,8.67,1.1,0.8,60.7
2026-01-09 05:10:07,GWL,Clear,0.35,6.69,0.1,19.7,74.6
2026-06-28 07:21:07,GWL,Clear,0.35,7.47,0.7,5.1,83.4
2026-02-19 16:42:04,GWL,Clear,0.45,5.93,1.0,24.1,59.8
2026-01-26 08:39:48,GWL,Fog,0.55,5.1,0.4,23.4,50.7
2026-06-15 05:12:32,GWL,Clear,0.15,8.77,1.1,19.7,56.6
2026-06-03 18:19:11,GWL,Fog,0.59,4.65,0.9,7.6,85.2
2026-04-16 17:56:03,GWL,Cloudy,0.23,7.78,0.4,41.7,60.8
2026-03-09 18:16:02,GWL,Cloudy,0.17,8.13,0.9,23.0,73.2
2026-04-29 15:59:57,GWL,Clear,0.41,6.5,1.4,21.9,57.2
2026-03-23 19:24:52,GWL,Clear,0.39,7.56,0.7,13.6,62.5
2026-01-15 04:40:27,GWL,Rain,0.06,8.42,2.7,35.6,46.8
2026-03-18 17:42:13,GWL,Cloudy,0.1,9.2,0.6,15.0,48.0
2026-05-22 08:04:48,GWL,Clear,0.2,8.12,0.2,23.8,29.7
2026-01-30 02:03:01,GWL,Clear,0.2,8.37,1.0,25.4,50.7
2026-01-19 06:08:18,GWL,Cloudy,0.47,5.97,0.4,28.0,74.4
2026-02-23 11:40:10,GWL,Cloudy,0.27,8.86,1.2,13.0,81.6
2026-01-23 03:51:07,GWL,Clear,0.27,7.12,0.5,16.1,100.0
2026-04-10 13:21:46,GWL,Fog,0.53,5.14,0.1,20.8,86.4
2026-04-12 06:45:48,GWL,Clear,0.12,9.1,1.2,21.2,69.5
2026-01-09 03:34:48,GWL,Clear,0.19,8.11,1.0,49.6,52.9
2026-03-19 13:01:06,GWL,Clear,0.07,9.14,1.2,25.5,76.5
2026-06-17 09:21:38,GWL,Clear,0.03,9.27,0.7,28.1,36.5
2026-05-03 18:32:01,GWL,Clear,0.17,8.5,0.8,21.7,79.6
2026-02-20 16:03:46,GWL,Clear,0.61,4.47,1.1,21.9,69.1
2026-02-06 21:03:09,GWL,Clear,0.2,8.18,1.2,24.1,70.7
2026-06-17 15:00:07,GWL,Fog,0.43,6.29,0.2,19.7,82.4
2026-06-14 19:30:57,GWL,Cloudy,0.18,9.08,0.9,21.6,21.1
2026-05-03 00:14:31,GWL,Clear,0.53,4.93,0.6,38.8,66.5
2026-06-02 22:35:56,GWL,Cloudy,0.52,5.44,0.2,19.3,72.5
2026-03-29 03:57:27,GWL,Fog,0.64,4.55,0.2,21.7,35.3
2026-02-25 17:35:05,GWL,Clear,0.16,9.24,0.1,25.1,52.9
2026-05-09 10:26:08,GWL,Clear,0.34,8.06,1.1,21.9,87.8
2026-03-27 22:17:30,GWL,Fog,0.45,5.47,0.4,25.6,28.1
2026-06-21 20:16:40,GWL,Clear,0.31,6.58,0.4,23.2,65.4
2026-03-24 09:57:24,GWL,Clear,0.31,7.96,0.3,21.0,65.5
2026-03-02 05:16:15,GWL,Fog,0.44,6.24,1.2,17.9,58.4
2026-05-14 23:58:59,GWL,Clear,0.06,9.84,1.4,23.5,47.2
2026-01-30 00:15:19,GWL,Rain,0.19,6.43,10.1,19.4,63.9
2026-03-17 17:10:11,GWL,Rain,0.28,6.69,10.4,24.5,85.2
2026-01-01 00:11:25,GWL,Fog,0.62,4.14,0.7,22.5,54.1
2026-01-31 12:23:10,GWL,Clear,0.13,9.0,0.3,25.0,40.4
2026-01-25 18:02:01,GWL,Rain,0.26,6.9,3.5,19.4,64.6
2026-02-17 00:23:44,GWL,Clear,0.2,8.84,0.8,38.2,53.8
2026-02-28 10:25:16,GWL,Cloudy,0.3,7.62,0.1,24.5,93.6
2026-03-06 04:55:51,GWL,Clear,0.24,8.38,1.0,18.8,63.5
2026-01-12 04:50:28,GWL,Rain,0.48,4.27,4.9,29.7,44.7
2026-01-24 05:19:56,GWL,Clear,0.55,5.65,0.3,13.0,37.3
2026-04-27 17:55:33,GWL,Clear,0.66,4.64,1.1,27.0,84.1
2026-03-26 10:38:26,GWL,Clear,0.23,7.64,0.1,29.7,87.1
2026-01-18 01:36:05,GWL,Rain,0.57,3.87,15.1,31.5,76.2
2026-03-01 06:17:46,GWL,Clear,0.59,4.68,1.0,21.3,60.0
2026-05-03 09:44:25,GWL,Clear,0.27,7.47,0.5,39.3,71.9
2026-06-24 09:58:45,GWL,Rain,0.42,4.96,3.0,23.7,89.3
2026-06-02 18:36:52,GWL,Cloudy,0.3,7.07,1.1,22.5,80.1
2026-03-30 17:11:55,GWL,Cloudy,0.47,6.14,0.1,21.9,49.9
2026-01-17 18:15:53,GWL,Cloudy,0.09,8.93,0.6,31.8,80.8
2026-01-25 08:35:10,GWL,Fog,0.99,2.07,0.5,22.8,92.7
2026-03-12 23:43:06,GWL,Clear,0.25,8.35,1.2,27.0,56.7
2026-03-24 10:18:04,GWL,Clear,0.03,10.58,0.4,23.8,62.5
2026-04-30 16:05:54,GWL,Cloudy,0.25,8.21,0.6,28.4,70.9
2026-05-06 05:51:58,GWL,Clear,0.2,8.87,0.9,24.3,72.0
2026-01-05 06:22:28,GWL,Cloudy,0.25,7.81,0.1,28.8,80.8
2026-02-09 03:36:25,GWL,Clear,0.31,7.2,0.3,27.0,32.9
2026-06-08 13:35:04,GWL,Clear,0.1,8.04,1.0,31.4,56.5
2026-03-03 17:07:47,GWL,Clear,0.04,9.48,0.1,11.2,51.8
2026-03-18 23:43:09,GWL,Clear,0.25,7.24,0.9,24.3,66.1
2026-04-30 22:48:01,GWL,Clear,0.18,8.02,1.3,24.9,75.7
2026-04-30 19:28:00,GWL,Clear,0.41,6.85,0.2,14.8,74.9
2026-02-25 16:31:49,GWL,Rain,0.64,3.19,5.4,31.3,74.3
2026-01-06 04:10:00,GWL,Clear,0.35,7.5,0.6,12.4,99.0
2026-05-03 01:28:02,GWL,Clear,0.65,4.46,1.0,32.2,60.8
2026-02-05 15:00:21,GWL,Cloudy,0.26,8.09,0.6,19.6,100.0
2026-04-24 04:10:22,GWL,Fog,0.58,4.83,1.2,38.1,83.0
2026-04-09 04:02:47,GWL,Clear,0.35,6.34,0.9,38.9,68.1
2026-03-29 15:26:08,GWL,Cloudy,0.21,7.61,0.0,21.8,63.2
2026-06-01 21:03:59,GWL,Fog,0.62,4.34,1.1,25.7,74.1
2026-05-06 00:24:36,GWL,Clear,0.13,8.76,1.4,26.7,94.4
2026-01-22 07:00:58,GWL,Clear,0.28,7.9,1.4,19.6,24.7
2026-02-11 09:09:21,GWL,Clear,0.13,9.25,0.5,29.9,51.0
2026-02-07 15:35:19,GWL,Clear,0.35,7.24,0.4,21.8,81.5
2026-05-03 15:25:39,GWL,Clear,0.53,5.26,0.4,38.8,53.2
2026-03-16 23:47:01,GWL,Clear,0.5,6.28,0.7,37.3,97.4
2026-02-05 00:49:35,GWL,Fog,0.94,1.87,0.1,23.7,72.6
2026-02-08 12:58:19,GWL,Cloudy,0.18,8.28,0.5,33.9,47.9
2026-02-24 08:32:38,GWL,Cloudy,0.38,6.9,1.4,24.0,70.9
2026-01-24 02:58:07,GWL,Clear,0.27,7.84,0.8,28.9,73.3
2026-06-10 00:35:39,GWL,Clear,0.38,7.14,0.2,15.4,82.6
2026-06-16 21:51:23,GWL,Clear,0.29,8.25,0.7,27.2,61.9
2026-05-14 12:34:05,GWL,Clear,0.22,8.5,0.4,20.9,87.6
2026-05-06 21:44:31,GWL,Cloudy,0.65,3.71,0.9,20.3,52.5
2026-05-18 09:45:02,GWL,Clear,0.37,7.45,0.6,19.5,47.9
2026-01-28 17:25:22,GWL,Fog,0.71,3.78,1.3,26.0,89.5
2026-03-21 01:18:53,GWL,Clear,0.4,7.71,0.2,32.7,63.3
2026-05-08 08:34:41,GWL,Rain,0.32,5.64,9.3,13.0,87.8
2026-05-05 16:17:32,GWL,Clear,0.07,9.66,0.5,16.0,59.6
2026-01-23 01:30:38,GWL,Clear,0.19,9.52,0.7,24.9,70.5
2026-04-04 21:59:05,GWL,Clear,0.1,8.71,0.5,26.0,59.5
2026-01-14 15:52:02,GWL,Clear,0.55,5.66,0.7,28.8,79.4
2026-06-23 21:58:35,GWL,Fog,0.69,3.98,1.3,20.0,62.7
2026-06-17 04:49:21,GWL,Clear,0.79,3.2,1.1,8.9,57.1
2026-04-25 12:08:22,GWL,Clear,0.47,5.93,1.0,25.1,64.9
2026-05-24 08:13:59,GWL,Rain,0.62,3.37,17.1,30.9,66.0
2026-03-10 00:18:37,GWL,Rain,0.16,7.68,4.6,16.1,31.9
2026-03-11 06:33:50,GWL,Clear,0.21,8.3,0.1,29.1,79.9
2026-03-25 21:50:18,GWL,Clear,0.53,6.02,1.0,32.4,63.3
2026-06-23 08:41:43,GWL,Clear,0.44,5.95,1.2,17.7,96.7
2026-05-18 23:40:23,GWL,Clear,0.25,8.32,0.2,17.8,66.7
2026-05-16 05:09:59,GWL,Clear,0.06,9.94,1.1,21.3,72.3
2026-03-28 03:58:11,GWL,Clear,0.3,7.63,1.5,22.4,86.0
2026-01-22 13:20:32,GWL,Clear,0.26,7.13,0.0,17.0,68.4
2026-04-12 10:40:50,GWL,Cloudy,0.35,7.56,0.5,26.2,55.3
2026-01-19 21:44:20,GWL,Cloudy,0.1,8.84,0.0,2.9,99.3
2026-04-09 15:09:19,GWL,Rain,0.25,7.19,9.7,11.5,55.0
2026-06-02 11:43:28,GWL,Clear,0.03,10.07,1.0,20.6,60.7
2026-06-09 03:43:36,GWL,Clear,0.36,7.15,0.6,18.6,81.5
2026-05-10 21:54:16,GWL,Cloudy,0.19,8.44,0.9,17.9,47.0
2026-01-03 16:40:23,GWL,Clear,0.02,9.53,1.1,25.3,52.7
2026-06-03 23:37:59,GWL,Clear,0.22,7.64,1.3,27.4,84.8
2026-01-17 20:34:58,GWL,Rain,0.27,6.17,3.6,19.4,63.1
2026-03-16 06:29:41,GWL,Cloudy,0.41,6.63,1.1,20.0,46.6
2026-01-13 13:25:57,GWL,Clear,0.15,8.3,0.1,21.7,67.9
2026-04-20 05:11:25,GWL,Cloudy,0.33,7.28,0.3,4.5,73.6
2026-04-25 11:28:06,GWL,Clear,0.27,7.56,0.4,29.8,61.3
2026-04-28 08:00:12,GWL,Rain,0.33,6.6,8.4,16.6,61.1
2026-06-26 21:35:59,GWL,Rain,0.31,6.1,1.7,31.0,72.9
2026-03-22 18:03:34,GWL,Cloudy,0.38,6.59,0.3,18.3,61.7
2026-06-27 22:37:35,GWL,Fog,0.48,5.43,0.4,35.6,90.3
2026-01-28 21:58:05,GWL,Clear,0.09,9.2,0.5,14.4,78.4
2026-02-14 19:14:31,GWL,Cloudy,0.22,8.29,0.2,29.4,51.7
2026-06-17 09:49:32,GWL,Clear,0.17,8.61,0.6,31.0,59.1
2026-02-03 07:25:53,GWL,Fog,0.6,4.59,1.1,27.2,79.7
2026-06-01 22:18:09,GWL,Fog,0.67,4.19,0.5,0.9,52.9
2026-06-01 09:02:03,GWL,Clear,0.27,7.35,1.3,21.1,33.9
2026-02-25 15:42:30,GWL,Rain,0.59,4.25,5.1,13.8,66.3
2026-06-14 04:25:34,GWL,Cloudy,0.07,9.28,0.5,14.9,50.9
2026-06-08 22:49:14,GWL,Clear,0.19,8.38,0.3,22.5,83.0
2026-01-22 19:33:50,GWL,Cloudy,0.08,9.25,0.3,32.5,81.5
2026-05-21 09:27:43,GWL,Clear,0.29,7.01,1.3,16.5,75.7
2026-06-16 20:50:58,GWL,Clear,0.46,5.85,0.8,23.9,74.5
2026-05-27 13:39:30,GWL,Clear,0.1,9.1,1.0,18.0,51.4
2026-03-27 06:37:37,GWL,Clear,0.12,9.22,0.5,28.0,66.4
2026-03-24 22:52:15,GWL,Clear,0.12,8.83,1.2,19.4,55.2
2026-06-23 21:58:50,GWL,Cloudy,0.38,7.08,1.2,23.4,77.9
2026-01-20 10:45:48,GWL,Clear,0.25,7.88,1.1,18.5,53.6
2026-04-15 08:55:11,GWL,Clear,0.12,8.66,0.3,25.9,59.4
2026-05-22 16:42:37,GWL,Cloudy,0.21,8.07,0.1,16.4,53.1
2026-04-25 23:08:47,GWL,Rain,0.19,7.74,3.9,30.8,68.6
2026-04-27 16:56:40,GWL,Cloudy,0.35,6.79,0.0,13.0,83.5
2026-06-23 06:11:56,GWL,Cloudy,0.37,6.87,1.0,28.8,71.9
2026-04-25 23:36:26,GWL,Cloudy,0.35,6.62,0.9,26.7,42.6
2026-03-15 05:10:06,GWL,Rain,0.09,8.94,2.2,23.2,83.1
2026-05-06 15:12:04,GWL,Cloudy,0.11,9.85,0.9,30.7,40.7
2026-03-06 03:18:22,GWL,Rain,0.26,5.82,21.1,37.6,57.0
2026-04-25 22:33:02,GWL,Clear,0.16,8.73,1.3,14.8,68.7
2026-06-25 02:53:40,GWL,Clear,0.19,8.6,0.4,25.1,54.1
2026-05-06 03:48:16,GWL,Cloudy,0.16,8.72,0.9,38.3,50.7
2026-05-11 18:31:20,GWL,Clear,0.35,7.2,0.6,37.0,53.8
2026-03-27 07:31:11,GWL,Rain,0.1,7.81,6.4,27.9,61.0
2026-01-03 22:59:40,GWL,Clear,0.29,8.22,0.0,14.3,76.8
2026-01-31 21:01:49,GWL,Rain,0.53,3.82,6.5,43.7,64.5
2026-03-26 21:49:51,GWL,Clear,0.04,9.87,0.7,18.8,66.3
2026-01-06 23:34:14,GWL,Rain,0.49,3.92,5.2,30.5,72.5
2026-05-27 20:21:25,GWL,Clear,0.15,8.17,0.4,24.6,86.9
2026-05-28 19:38:24,GWL,Fog,0.8,3.11,1.5,30.0,85.3
2026-02-16 14:10:51,GWL,Cloudy,0.46,6.59,0.8,18.8,41.1
2026-05-27 02:16:07,GWL,Fog,0.84,3.28,0.5,22.3,65.1
2026-01-20 17:00:47,GWL,Clear,0.2,8.25,0.2,24.0,74.3
2026-03-14 21:56:57,GWL,Fog,0.84,3.11,0.3,21.1,77.4
2026-02-19 16:29:46,GWL,Clear,0.24,8.19,1.1,23.3,78.8
2026-04-26 04:26:02,GWL,Fog,0.55,4.92,0.5,35.4,69.8
2026-04-14 21:29:08,GWL,Clear,0.36,7.4,0.8,29.8,78.5
2026-05-25 00:43:31,GWL,Cloudy,0.21,8.97,1.4,7.9,81.3
2026-04-11 00:07:12,GWL,Clear,0.26,6.96,0.6,18.5,45.4
2026-04-19 10:02:21,GWL,Clear,0.39,6.0,0.9,19.8,100.0
2026-02-10 12:24:46,GWL,Rain,0.27,5.96,30.9,21.6,64.9
2026-02-27 20:02:03,GWL,Clear,0.03,9.63,0.8,30.6,51.9
2026-06-17 07:54:29,GWL,Fog,0.96,1.94,0.5,27.9,92.8
2026-02-14 18:08:14,GWL,Rain,0.35,5.55,6.0,32.8,44.8
2026-05-07 04:21:29,GWL,Clear,0.44,6.07,0.0,24.0,40.2
2026-05-24 13:53:15,GWL,Clear,0.1,9.67,1.5,5.7,32.0
2026-06-09 22:26:37,GWL,Clear,0.08,9.17,0.3,10.6,40.1
2026-03-06 15:00:10,GWL,Clear,0.24,7.67,1.4,26.4,57.7
2026-02-27 20:34:32,GWL,Clear,0.15,8.3,1.5,21.3,67.7
2026-06-16 13:13:19,GWL,Cloudy,0.34,7.65,0.3,37.2,47.6
2026-06-26 07:39:35,GWL,Cloudy,0.09,9.72,1.4,14.8,100.0
2026-02-12 19:06:02,GWL,Clear,0.32,7.49,1.4,34.0,33.1
2026-06-29 04:37:53,GWL,Cloudy,0.1,8.95,1.4,18.4,50.9
2026-05-24 08:18:33,GWL,Cloudy,0.44,6.47,1.5,25.8,39.5
2026-06-26 07:19:36,GWL,Clear,0.35,6.59,0.2,29.3,65.4
2026-05-08 18:19:54,GWL,Rain,0.25,7.18,8.2,11.6,75.3
2026-05-18 04:06:06,GWL,Clear,0.16,9.26,0.9,22.1,56.3
2026-02-28 08:23:46,GWL,Rain,0.2,6.75,5.4,11.4,67.2
2026-03-19 13:03:04,GWL,Clear,0.33,6.88,1.4,22.6,50.0
2026-06-09 11:41:27,GWL,Clear,0.06,9.33,0.2,23.3,58.8
2026-03-07 09:39:52,GWL,Clear,0.24,8.2,0.4,22.5,87.3
2026-01-25 19:40:55,GWL,Clear,0.31,7.91,1.3,18.4,77.4
2026-02-14 07:20:57,GWL,Cloudy,0.56,5.19,1.0,14.9,48.6
2026-05-18 18:31:57,GWL,Clear,0.61,4.72,0.4,17.1,64.5
2026-06-12 02:43:14,GWL,Clear,0.64,4.48,0.4,15.9,41.6
2026-01-03 12:41:42,GWL,Clear,0.36,7.36,0.6,22.5,80.6
2026-06-01 04:06:27,GWL,Clear,0.61,4.37,0.8,31.8,28.6
2026-03-15 12:08:15,GWL,Cloudy,0.42,6.73,0.7,24.7,57.4
2026-01-09 00:23:33,GWL,Clear,0.15,8.84,0.1,28.8,41.9
2026-02-13 08:37:33,GWL,Cloudy,0.09,8.61,0.8,14.9,53.2
2026-03-07 08:51:57,GWL,Cloudy,0.38,6.28,0.1,25.9,61.4
2026-01-09 11:20:26,GWL,Fog,0.48,5.66,1.5,26.1,85.4
2026-02-24 19:29:03,GWL,Clear,0.69,4.23,0.8,21.8,62.0
2026-04-08 11:01:51,GWL,Fog,0.59,4.61,1.3,24.8,66.6
2026-06-18 13:12:33,GWL,Rain,0.48,4.06,5.2,29.5,79.0
2026-04-21 15:38:12,GWL,Rain,0.46,4.7,8.6,21.1,57.1
2026-03-15 07:33:04,GWL,Cloudy,0.25,7.79,0.1,24.8,81.4
2026-05-16 04:37:00,GWL,Clear,0.01,10.21,0.4,36.5,56.1
2026-03-28 04:14:37,GWL,Rain,0.46,5.49,13.3,17.5,23.6
2026-02-11 10:08:12,GWL,Rain,0.57,3.85,8.3,16.0,61.1
2026-06-25 23:15:25,GWL,Clear,0.16,8.95,1.3,4.6,68.9
2026-03-28 12:11:55,GWL,Clear,0.38,6.1,1.5,33.3,88.2
2026-03-17 07:16:37,GWL,Clear,0.15,9.01,0.8,23.3,58.8
2026-03-02 07:47:43,GWL,Clear,0.41,5.9,1.1,19.6,95.2
2026-04-30 10:54:55,GWL,Cloudy,0.26,7.51,0.6,20.2,33.6
2026-04-02 02:55:38,GWL,Clear,0.32,7.96,0.3,27.7,43.6
2026-04-18 10:09:47,GWL,Cloudy,0.16,8.83,0.6,21.8,51.5
2026-05-16 04:41:31,GWL,Rain,0.18,7.37,6.4,29.1,85.3
2026-02-15 09:36:33,GWL,Rain,0.17,6.62,14.0,15.4,38.1
2026-02-22 04:08:04,GWL,Clear,0.31,6.91,1.1,29.5,56.7
2026-01-21 15:02:51,GWL,Clear,0.35,6.68,0.9,20.7,53.6
2026-06-28 23:01:44,GWL,Cloudy,0.18,8.23,0.5,17.0,55.9
2026-02-05 22:49:25,GWL,Rain,0.06,8.24,9.9,21.8,63.1
2026-02-15 04:34:45,GWL,Clear,0.43,7.29,0.4,26.1,78.3
2026-06-04 22:29:54,GWL,Clear,0.13,8.51,0.9,20.8,79.4
2026-01-02 22:47:11,GWL,Clear,0.07,9.95,0.5,23.6,53.3
2026-06-15 04:28:32,GWL,Fog,0.44,5.43,0.6,24.7,73.0
2026-03-14 23:14:50,GWL,Rain,0.3,6.07,22.5,27.3,79.6
2026-03-28 21:54:34,GWL,Clear,0.23,8.15,1.2,25.3,91.7
2026-01-03 10:40:23,GWL,Fog,0.82,3.18,0.9,26.8,81.7
2026-03-16 05:52:34,GWL,Clear,0.11,9.38,0.1,14.2,60.3
2026-04-18 23:09:09,GWL,Clear,0.16,8.69,1.4,13.9,52.3
2026-06-25 03:01:11,GWL,Clear,0.67,4.37,1.0,16.5,86.9
2026-05-24 13:06:17,GWL,Cloudy,0.2,7.33,1.1,26.4,31.0
2026-04-30 05:28:31,GWL,Rain,0.16,7.58,12.4,38.3,71.4
2026-04-22 13:54:13,GWL,Fog,0.68,4.93,0.4,28.8,88.4
2026-03-23 11:18:07,GWL,Clear,0.24,6.62,1.4,27.7,59.2
2026-03-29 13:07:56,GWL,Cloudy,0.1,8.71,0.8,36.7,27.8
2026-03-20 04:37:25,GWL,Clear,0.17,8.02,1.0,23.8,72.7
2026-01-27 13:05:47,GWL,Clear,0.32,6.72,1.2,19.0,51.2
2026-04-23 05:18:18,GWL,Clear,0.18,8.36,1.3,19.9,20.0
2026-02-20 16:51:06,GWL,Clear,0.25,7.5,1.0,30.9,46.5
2026-05-06 21:24:53,GWL,Clear,0.34,6.94,0.2,35.1,69.0
2026-04-03 07:09:49,GWL,Clear,0.69,3.62,0.9,29.5,52.7
2026-03-16 16:21:35,GWL,Fog,0.72,4.31,1.5,33.2,61.3
2026-06-27 23:34:21,GWL,Clear,0.39,6.42,0.0,27.3,68.4
2026-06-07 18:22:16,GWL,Clear,0.35,6.12,0.4,29.6,43.7
2026-06-22 03:15:01,GWL,Cloudy,0.27,7.32,0.5,28.4,74.5
2026-06-18 08:06:08,GWL,Clear,0.27,8.0,1.4,20.5,48.0
2026-03-13 07:58:15,GWL,Cloudy,0.34,7.24,0.7,28.9,62.0
2026-05-01 04:32:45,GWL,Clear,0.15,8.67,1.0,25.8,55.7
2026-04-14 22:48:27,GWL,Fog,0.88,3.12,1.3,26.2,60.1
2026-05-26 01:43:57,GWL,Fog,0.56,5.23,0.6,13.4,82.7
2026-06-06 15:44:45,GWL,Clear,0.21,7.88,0.9,30.4,71.6
2026-01-26 23:39:45,GWL,Clear,0.27,7.71,0.1,17.4,55.4
2026-02-15 00:49:23,GWL,Clear,0.49,6.67,0.7,20.3,72.3
2026-05-07 01:00:33,GWL,Clear,0.21,7.7,1.4,27.4,58.0
2026-05-23 16:12:04,GWL,Clear,0.17,8.34,1.1,20.1,52.3
2026-04-16 05:58:52,GWL,Clear,0.14,8.74,1.3,29.2,71.0
2026-02-16 14:09:24,GWL,Rain,0.37,5.43,9.9,11.9,91.2
2026-05-20 17:03:06,GWL,Clear,0.1,9.2,0.4,17.8,53.6
2026-04-23 23:32:07,GWL,Clear,0.35,6.62,0.5,26.2,68.6
2026-03-06 18:10:52,GWL,Rain,0.19,7.24,13.0,22.5,63.5
2026-02-28 22:23:03,GWL,Rain,0.39,5.97,10.0,27.2,81.7
2026-03-12 08:29:50,GWL,Rain,0.19,7.09,4.5,34.0,65.3
2026-04-24 18:59:07,GWL,Fog,0.65,4.93,1.2,9.3,53.0
2026-05-17 01:25:42,GWL,Clear,0.03,9.94,1.2,28.4,84.3
2026-04-21 09:46:23,GWL,Clear,0.51,5.29,1.2,20.3,82.3
2026-06-15 11:37:51,GWL,Fog,0.57,4.9,1.3,24.4,60.6
2026-03-29 17:32:50,GWL,Clear,0.25,7.66,0.8,48.9,49.0
2026-06-13 00:30:45,GWL,Clear,0.25,8.97,0.8,13.4,76.5
2026-03-06 00:27:50,GWL,Cloudy,0.12,8.48,1.3,21.0,41.4
2026-02-27 12:58:54,GWL,Fog,0.84,3.38,1.2,13.5,45.8
2026-02-04 07:41:37,GWL,Clear,0.08,9.46,0.6,41.0,60.7
2026-04-15 02:38:35,GWL,Clear,0.07,8.72,0.9,13.6,22.4
2026-04-07 10:04:21,GWL,Cloudy,0.08,9.08,0.6,21.1,52.6
2026-03-11 20:59:40,GWL,Cloudy,0.38,6.2,0.4,19.7,52.2
2026-01-04 03:47:00,GWL,Cloudy,0.31,7.15,0.5,26.6,47.2
2026-04-18 09:44:20,GWL,Clear,0.32,7.53,0.2,25.3,73.4
2026-03-23 11:46:21,GWL,Clear,0.08,8.42,1.2,16.4,79.4
2026-04-23 18:53:50,GWL,Clear,0.19,8.76,0.3,27.3,65.8
2026-06-22 18:27:18,GWL,Clear,0.41,6.65,1.2,6.5,39.2
2026-04-06 21:31:12,GWL,Clear,0.09,9.22,0.8,31.7,63.2
2026-05-09 18:49:11,GWL,Clear,0.12,9.06,0.4,29.1,80.9
2026-05-25 08:02:21,GWL,Clear,0.59,4.3,0.3,33.0,91.7
2026-03-24 20:43:46,GWL,Clear,0.14,8.3,0.1,39.3,57.4
2026-01-11 23:34:46,GWL,Clear,0.22,8.58,1.3,22.1,55.2
2026-04-22 20:12:31,GWL,Fog,0.75,3.45,0.7,23.5,78.5
2026-05-09 16:04:49,GWL,Clear,0.33,8.32,1.2,9.0,78.8
2026-04-06 10:12:30,GWL,Clear,0.31,7.68,0.8,33.6,76.5
2026-04-29 23:57:49,GWL,Clear,0.13,9.06,0.4,22.4,70.7
2026-06-13 23:57:25,GWL,Cloudy,0.08,8.76,1.1,25.6,90.3
2026-06-04 16:07:09,GWL,Clear,0.18,9.04,0.4,28.0,40.6
2026-04-01 04:14:21,GWL,Rain,0.23,7.31,6.6,19.6,64.4
2026-02-11 08:53:09,GWL,Cloudy,0.48,5.84,0.9,19.9,67.4
2026-05-18 02:06:03,GWL,Fog,0.72,3.63,1.2,18.1,82.6
2026-01-08 07:31:07,GWL,Clear,0.26,7.28,0.6,30.0,48.6
2026-03-13 07:34:36,GWL,Fog,0.64,4.5,0.6,22.1,39.2
2026-06-16 06:16:17,GWL,Clear,0.25,8.04,0.2,27.0,54.0
2026-03-01 14:47:13,GWL,Clear,0.41,6.28,0.0,25.7,53.4
2026-06-20 08:04:46,GWL,Clear,0.1,9.02,0.2,28.9,66.3
2026-06-13 05:00:50,GWL,Clear,0.22,8.52,1.4,23.7,40.9
2026-05-29 09:21:09,GWL,Clear,0.17,8.63,1.1,28.0,81.4
2026-05-29 06:58:59,GWL,Rain,0.1,8.1,17.5,16.5,44.8
2026-02-17 05:56:11,GWL,Cloudy,0.21,9.04,0.1,35.0,64.9
2026-04-18 13:33:20,GWL,Clear,0.05,10.41,0.5,28.1,64.4
2026-04-27 09:19:38,GWL,Clear,0.3,7.95,1.2,21.6,43.1
2026-05-21 22:53:23,GWL,Fog,0.45,6.0,0.3,26.9,53.3
2026-03-18 19:26:07,GWL,Clear,0.29,7.44,0.5,18.4,92.0
2026-04-16 17:27:06,GWL,Fog,0.51,6.27,1.1,24.0,52.6
2026-04-19 15:03:14,GWL,Fog,0.48,6.36,1.1,21.7,94.1
2026-04-27 14:50:42,GWL,Clear,0.38,6.6,0.1,14.0,54.4
2026-06-06 15:41:40,GWL,Fog,0.52,4.94,0.9,14.4,66.0
2026-05-17 23:47:41,GWL,Clear,0.06,9.77,0.8,17.6,72.2
2026-01-04 02:03:40,GWL,Clear,0.47,6.0,0.8,16.0,70.1
2026-03-11 17:00:12,GWL,Clear,0.19,8.52,1.3,24.8,52.5
2026-04-12 14:52:43,GWL,Fog,0.53,5.59,0.5,15.2,100.0
2026-01-28 05:28:23,GWL,Fog,0.4,6.29,0.6,5.0,57.9
2026-03-12 23:14:25,GWL,Fog,0.76,3.2,0.9,21.8,59.1
2026-01-27 19:10:57,GWL,Clear,0.09,8.61,0.7,29.8,51.8
2026-01-30 16:00:20,GWL,Cloudy,0.52,5.71,0.8,34.4,87.3
2026-06-25 08:13:07,GWL,Clear,0.33,6.43,0.2,27.2,37.4
2026-04-19 10:22:36,GWL,Rain,0.63,2.93,11.4,17.8,59.4
2026-03-27 04:55:00,GWL,Clear,0.18,8.54,0.5,36.9,68.3
2026-04-24 23:00:21,GWL,Cloudy,0.31,7.52,0.0,9.5,84.8
2026-01-27 11:37:39,GWL,Clear,0.35,6.97,1.2,23.4,30.5
2026-01-17 03:06:13,GWL,Cloudy,0.61,5.46,0.5,13.8,78.8
2026-06-03 05:46:52,GWL,Clear,0.33,6.17,0.8,29.3,66.4
2026-01-30 01:08:20,GWL,Rain,0.32,5.93,15.0,24.0,45.3
2026-04-14 02:25:59,GWL,Rain,0.15,8.08,6.3,16.4,75.7
2026-02-23 10:19:00,GWL,Clear,0.29,7.47,1.3,15.0,76.4
2026-03-05 21:31:03,GWL,Clear,0.14,8.92,1.3,-3.1,50.5
2026-05-11 00:42:03,GWL,Cloudy,0.57,5.08,0.5,17.4,71.2
2026-06-30 03:07:36,GWL,Rain,0.13,6.96,3.0,14.4,81.5
2026-02-09 16:39:43,GWL,Clear,0.41,6.64,1.4,24.6,85.7
2026-02-10 19:27:13,GWL,Clear,0.26,7.32,1.3,29.3,66.6
2026-02-13 14:42:49,GWL,Clear,0.25,7.67,1.5,39.9,53.7
2026-06-22 17:07:25,GWL,Clear,0.17,8.09,1.5,6.0,74.0
2026-06-23 10:32:55,GWL,Clear,0.45,6.03,0.8,30.4,71.9
2026-03-24 06:54:46,GWL,Clear,0.23,7.94,0.8,31.2,69.7
2026-03-04 05:04:38,GWL,Clear,0.07,9.2,1.0,21.9,50.3
2026-01-28 12:02:40,GWL,Cloudy,0.14,9.22,0.7,21.0,44.8
2026-03-09 15:43:41,GWL,Clear,0.21,8.33,0.8,15.5,53.4
2026-01-28 18:53:34,GWL,Clear,0.11,8.69,0.8,41.4,51.3
2026-02-08 01:32:15,GWL,Clear,0.15,8.27,0.9,28.1,58.4
2026-05-29 23:55:24,GWL,Rain,0.22,6.42,13.6,28.5,89.5
2026-01-22 06:58:14,GWL,Cloudy,0.4,6.38,0.0,27.1,63.9
2026-02-08 09:15:13,GWL,Clear,0.47,5.64,0.1,12.2,71.8
2026-01-03 21:42:36,GWL,Cloudy,0.3,7.42,0.9,19.0,66.3
2026-05-30 17:56:09,GWL,Cloudy,0.35,7.2,0.6,22.3,76.3
2026-02-08 02:13:24,GWL,Rain,0.22,6.76,3.3,32.7,68.7
2026-03-10 09:39:19,GWL,Cloudy,0.35,7.09,1.2,15.3,80.1
2026-04-22 19:13:20,GWL,Clear,0.16,8.7,0.3,22.8,52.5
2026-03-11 14:14:24,GWL,Fog,0.54,5.6,1.3,22.6,51.5
2026-04-05 09:32:45,GWL,Clear,0.09,8.81,1.3,17.9,54.5
2026-05-20 15:55:11,GWL,Fog,0.41,6.99,0.1,23.7,51.9
2026-05-23 21:27:47,GWL,Fog,0.74,3.11,0.6,31.2,85.2
2026-01-29 14:01:48,GWL,Cloudy,0.23,7.66,0.3,16.5,100.0
2026-03-12 14:48:51,GWL,Cloudy,0.44,6.29,0.4,31.9,70.3
2026-06-25 02:16:39,GWL,Rain,0.27,6.09,11.4,27.5,59.0
2026-06-23 19:11:05,GWL,Clear,0.39,7.48,1.1,17.4,50.2
2026-05-21 23:47:39,GWL,Rain,0.17,6.19,9.8,18.8,26.7
2026-03-09 07:24:47,GWL,Clear,0.49,5.59,1.4,14.5,59.2
2026-06-03 03:16:52,GWL,Clear,0.34,7.2,1.2,12.3,89.0
2026-02-19 22:10:51,GWL,Clear,0.43,5.8,1.1,37.9,52.4
2026-05-19 03:40:37,GWL,Fog,0.5,5.77,0.2,37.3,99.9
2026-03-12 05:56:44,GWL,Cloudy,0.2,8.52,0.3,33.5,56.1
2026-05-06 06:00:39,GWL,Clear,0.7,4.64,1.2,13.9,55.0
2026-02-15 06:32:01,GWL,Cloudy,0.22,7.75,0.4,29.3,59.1
2026-06-10 18:47:21,GWL,Fog,0.53,5.69,1.4,29.2,53.3
2026-06-11 13:35:56,GWL,Clear,0.23,8.39,0.3,29.1,34.0
2026-01-20 14:53:57,GWL,Cloudy,0.2,8.17,1.5,20.0,31.6
2026-01-26 22:57:53,GWL,Fog,0.54,5.25,0.6,17.9,59.8
2026-04-16 10:27:11,GWL,Fog,0.86,2.38,0.2,23.9,80.8
2026-02-08 14:07:49,GWL,Clear,0.33,7.25,1.0,20.1,45.2
2026-03-20 03:48:32,GWL,Clear,0.19,9.24,0.3,34.5,35.9
2026-01-09 09:15:44,GWL,Fog,0.6,4.41,0.2,18.1,73.8
2026-04-18 01:55:04,GWL,Fog,1.0,0.28,0.3,21.0,87.7
2026-03-05 01:35:33,GWL,Rain,0.5,4.7,6.9,35.2,72.7
2026-04-30 15:16:07,GWL,Clear,0.1,9.61,1.1,26.9,100.0
2026-05-23 05:48:53,GWL,Rain,0.2,7.36,6.5,24.9,59.9
2026-06-10 06:36:21,GWL,Fog,0.57,4.67,0.3,23.6,76.3
2026-03-31 11:24:30,GWL,Clear,0.16,8.74,1.3,2.5,90.6
2026-05-11 21:08:42,GWL,Cloudy,0.31,7.65,1.1,33.6,81.0
2026-02-06 18:12:19,GWL,Clear,0.39,6.76,0.2,35.5,77.6
2026-05-04 18:06:43,GWL,Clear,0.59,4.38,0.7,23.2,58.6
2026-04-27 19:28:25,GWL,Fog,0.5,5.38,0.8,9.7,62.3
2026-03-05 12:08:01,GWL,Cloudy,0.5,5.26,0.9,6.5,100.0
2026-01-25 10:37:22,GWL,Clear,0.64,4.98,0.2,25.9,82.9
2026-02-23 08:40:22,GWL,Clear,0.57,5.55,0.1,14.1,63.0
2026-04-24 03:43:00,GWL,Fog,0.73,3.71,0.4,11.4,61.7
2026-02-14 04:21:26,GWL,Fog,0.52,5.05,1.0,15.7,86.6
2026-01-22 16:24:09,GWL,Clear,0.73,3.95,1.5,21.4,79.9
2026-04-12 18:31:44,GWL,Rain,0.14,7.08,6.6,20.9,48.6
2026-05-19 07:53:20,GWL,Clear,0.32,7.76,0.8,28.4,48.4
2026-04-18 09:25:01,GWL,Rain,0.74,2.81,3.3,21.9,66.4
2026-06-13 08:50:33,GWL,Cloudy,0.23,8.72,0.8,31.1,63.0
2026-03-31 14:04:48,GWL,Clear,0.31,7.16,1.4,19.8,66.0
2026-04-12 17:10:57,GWL,Rain,0.26,6.72,12.3,29.2,62.9
2026-05-27 09:43:26,GWL,Cloudy,0.19,8.33,0.5,29.4,65.0
2026-06-07 11:49:14,GWL,Rain,0.29,6.36,11.9,22.3,27.2
2026-06-05 15:26:23,GWL,Rain,0.06,8.49,14.6,5.9,85.7
2026-06-07 17:07:13,GWL,Fog,0.49,5.58,0.9,10.3,52.7
2026-06-03 00:50:09,GWL,Clear,0.09,9.12,1.3,18.3,80.5
2026-06-11 14:47:36,GWL,Fog,0.52,5.65,0.2,14.8,77.3
2026-02-22 17:16:07,GWL,Clear,0.19,8.39,0.9,35.6,77.2
2026-04-23 16:29:12,GWL,Clear,0.34,7.93,0.9,22.0,65.6
2026-03-16 20:02:22,GWL,Clear,0.21,7.86,1.0,32.2,65.2
2026-05-31 08:27:38,GWL,Clear,0.29,6.94,0.4,6.8,52.3
2026-04-03 05:18:44,GWL,Clear,0.23,8.65,0.8,23.5,71.0
2026-03-24 00:22:18,GWL,Cloudy,0.14,7.75,0.1,26.0,39.0
2026-03-04 01:23:13,GWL,Clear,0.23,7.98,1.0,25.5,70.7
2026-06-01 19:44:59,GWL,Clear,0.24,8.04,1.5,28.4,48.9
2026-03-21 16:37:33,GWL,Clear,0.13,8.84,0.7,10.1,63.9
2026-03-10 13:12:22,GWL,Clear,0.62,4.68,0.0,15.6,85.0
2026-04-08 07:38:00,GWL,Cloudy,0.14,8.96,0.1,30.6,51.2
2026-04-04 05:05:15,GWL,Clear,0.35,6.84,1.2,17.2,61.2
2026-02-02 21:59:10,GWL,Clear,0.12,8.64,0.4,23.8,44.4
2026-05-17 05:31:58,GWL,Cloudy,0.42,6.44,1.1,32.8,65.1
2026-03-01 15:46:36,GWL,Fog,0.92,2.64,0.5,27.0,65.8
2026-05-16 18:09:35,GWL,Clear,0.13,8.9,0.3,37.0,70.5
2026-03-17 06:48:04,GWL,Cloudy,0.41,5.88,1.3,12.4,60.6
2026-04-21 12:25:27,GWL,Rain,0.3,5.93,7.3,26.0,44.4
2026-06-12 15:49:47,GWL,Clear,0.07,9.55,1.2,11.2,100.0
2026-05-11 05:06:13,GWL,Clear,0.06,9.21,0.5,19.1,73.9
2026-02-11 13:35:17,GWL,Cloudy,0.08,10.08,0.8,18.5,54.5
2026-05-11 11:06:26,GWL,Rain,0.57,4.43,3.3,29.1,83.6
2026-04-25 19:45:51,GWL,Clear,0.33,7.16,1.4,37.9,69.7
2026-05-16 13:43:40,GWL,Clear,0.42,6.8,0.8,17.2,71.7
2026-03-15 16:52:38,GWL,Rain,0.09,7.99,22.2,32.6,65.2
2026-01-05 15:04:34,GWL,Cloudy,0.2,8.81,0.1,19.6,76.5
2026-04-30 10:04:43,GWL,Fog,0.63,4.8,0.4,20.9,100.0
2026-05-23 18:07:42,GWL,Clear,0.58,5.05,1.3,18.7,65.1
2026-03-05 03:00:01,GWL,Clear,0.19,8.97,0.8,37.1,30.5
2026-06-22 09:29:25,GWL,Clear,0.46,5.36,0.9,26.4,92.6
2026-06-01 14:14:13,GWL,Fog,0.75,4.54,0.7,29.6,71.8
2026-05-04 06:58:03,GWL,Cloudy,0.23,7.91,1.1,21.4,85.6
2026-03-19 04:53:21,GWL,Fog,0.85,2.4,0.6,29.4,50.7
2026-02-15 16:17:17,GWL,Clear,0.42,7.53,0.3,21.8,43.0
