timestamp,current_station,weather,fog_index,visibility_km,rainfall_mm,temperature_c,humidity_percent
2026-01-19 14:21:53,HBD,Clear,0.25,8.46,0.7,23.3,80.8
2026-01-09 03:06:10,HBD,Clear,0.28,7.93,0.9,28.7,52.5
2026-04-01 14:07:04,HBD,Rain,0.16,7.21,22.7,16.0,96.5
2026-06-20 21:02:38,HBD,Clear,0.06,10.02,0.4,32.1,63.9
2026-03-24 23:34:22,HBD,Clear,0.04,9.72,0.7,15.9,44.8
2026-03-04 09:23:39,HBD,Clear,0.6,5.68,1.2,26.3,92.3
2026-06-06 15:48:21,HBD,Rain,0.47,4.33,13.1,36.9,80.0
2026-02-25 11:10:57,HBD,Fog,0.59,5.21,1.0,41.5,51.7
2026-03-16 18:25:30,HBD,Clear,0.28,7.93,0.9,29.3,82.4
2026-06-23 17:14:08,HBD,Cloudy,0.21,9.04,1.3,20.2,29.9
2026-02-13 08:56:52,HBD,Clear,0.13,8.54,0.2,24.9,45.7
2026-03-03 12:36:38,HBD,Cloudy,0.26,7.87,1.5,18.0,78.0
2026-04-14 07:03:50,HBD,Clear,0.4,6.99,0.5,20.7,87.8
2026-04-16 08:29:51,HBD,Clear,0.34,6.55,0.5,22.2,65.7
2026-03-19 12:57:00,HBD,Clear,0.1,9.59,1.2,13.7,72.7
2026-01-18 23:43:46,HBD,Clear,0.19,8.12,0.2,36.2,61.1
2026-04-30 22:46:44,HBD,Rain,0.22,6.96,4.5,0.8,50.9
2026-02-02 03:06:30,HBD,Cloudy,0.19,7.53,0.3,16.8,91.6
2026-02-10 07:24:07,HBD,Clear,0.55,5.88,1.4,21.4,97.2
2026-04-21 12:26:21,HBD,Cloudy,0.11,9.54,0.1,19.5,80.3
2026-06-30 11:35:04,HBD,Rain,0.56,4.01,6.9,7.1,67.0
2026-02-15 07:34:25,HBD,Clear,0.27,6.76,0.8,32.0,57.1
2026-04-08 08:01:48,HBD,Clear,0.29,8.24,1.1,18.3,36.9
2026-05-15 16:41:50,HBD,Clear,0.3,7.36,0.3,31.9,100.0
2026-06-18 13:23:33,HBD,Cloudy,0.51,6.02,1.5,37.2,51.8
2026-01-06 04:54:03,HBD,Fog,0.7,3.95,0.5,20.8,52.9
2026-05-10 12:22:32,HBD,Cloudy,0.16,9.64,1.2,11.6,41.5
2026-03-10 01:45:34,HBD,Clear,0.13,9.2,0.7,15.1,63.0
2026-01-08 08:19:04,HBD,Rain,0.14,7.84,7.8,12.8,81.9
2026-03-29 00:03:29,HBD,Clear,0.45,6.05,0.2,40.0,44.7
2026-05-29 12:27:15,HBD,Cloudy,0.27,7.28,1.3,15.3,90.1
2026-01-09 18:55:17,HBD,Clear,0.27,6.92,1.4,25.9,100.0
2026-06-09 12:07:29,HBD,Clear,0.04,9.75,0.3,32.8,57.1
2026-02-16 20:18:49,HBD,Clear,0.2,8.12,0.3,44.0,43.1
2026-03-01 15:20:08,HBD,Cloudy,0.18,9.14,0.7,12.8,80.6
2026-03-23 13:10:17,HBD,Rain,0.04,8.71,4.8,34.1,100.0
2026-04-09 06:22:00,HBD,Clear,0.13,8.39,1.4,19.7,97.6
2026-01-10 08:50:59,HBD,Rain,0.19,8.2,3.6,12.1,58.7
2026-01-24 18:26:24,HBD,Clear,0.29,7.31,1.0,17.5,95.8
2026-02-12 19:40:26,HBD,Cloudy,0.26,7.46,0.9,23.8,50.9
2026-01-26 02:13:57,HBD,Clear,0.13,8.65,0.1,10.0,46.2
2026-03-06 01:36:59,HBD,Clear,0.16,8.78,1.5,19.7,51.9
2026-04-05 02:54:31,HBD,Fog,0.48,5.35,0.9,19.3,86.8
2026-01-29 15:43:57,HBD,Cloudy,0.08,9.12,0.3,14.9,58.5
2026-04-01 15:50:23,HBD,Clear,0.43,6.36,0.3,36.3,52.1
2026-03-18 05:57:33,HBD,Rain,0.24,7.22,14.0,5.4,72.5
2026-04-03 19:20:49,HBD,Cloudy,0.21,8.85,0.4,38.2,60.9
2026-01-10 09:34:51,HBD,Clear,0.42,7.0,0.6,14.5,75.2
2026-01-30 21:30:32,HBD,Clear,0.38,5.94,0.2,16.4,100.0
2026-02-12 08:48:14,HBD,Cloudy,0.21,7.89,0.1,24.5,75.8
2026-01-09 14:03:42,HBD,Clear,0.5,6.24,0.1,26.9,80.2
2026-01-04 06:23:36,HBD,Clear,0.43,6.02,1.2,15.0,53.6
2026-01-19 00:45:30,HBD,Fog,0.57,5.22,1.3,21.2,100.0
2026-03-02 09:33:21,HBD,Rain,0.25,7.18,9.5,33.3,68.9
2026-06-14 16:48:57,HBD,Clear,0.14,8.29,0.0,26.0,49.1
2026-05-29 13:18:21,HBD,Clear,0.34,6.36,0.8,35.0,56.1
2026-06-10 02:44:55,HBD,Rain,0.43,5.24,3.7,37.9,66.7
2026-03-09 00:29:00,HBD,Fog,0.61,4.78,0.0,23.0,34.1
2026-05-09 18:54:40,HBD,Clear,0.31,7.76,1.0,33.8,87.7
2026-01-09 15:46:01,HBD,Cloudy,0.38,7.45,0.6,9.8,64.5
2026-01-13 08:36:36,HBD,Clear,0.32,7.54,1.4,15.1,98.1
2026-04-27 15:36:33,HBD,Clear,0.4,6.76,1.0,17.8,48.5
2026-01-30 22:44:32,HBD,Clear,0.04,9.96,1.5,15.5,70.3
2026-01-18 21:49:54,HBD,Clear,0.47,5.86,1.1,24.5,66.6
2026-01-07 13:37:14,HBD,Clear,0.53,5.22,0.3,22.3,66.0
2026-01-04 17:56:45,HBD,Clear,0.15,9.11,1.4,17.1,69.1
2026-03-24 05:19:40,HBD,Fog,0.89,3.25,1.2,15.7,33.4
2026-04-16 14:50:18,HBD,Clear,0.1,9.72,1.0,26.6,61.3
2026-03-22 02:53:34,HBD,Cloudy,0.35,7.45,0.8,42.2,79.2
2026-01-16 07:44:53,HBD,Clear,0.24,8.19,0.7,15.7,83.2
2026-04-26 09:32:07,HBD,Clear,0.23,8.23,0.6,25.5,57.6
2026-04-02 12:09:14,HBD,Clear,0.75,3.53,1.3,25.4,47.3
2026-03-27 21:53:54,HBD,Cloudy,0.38,7.05,0.6,31.3,78.7
2026-06-03 22:29:06,HBD,Cloudy,0.15,9.19,0.9,25.0,60.0
2026-01-28 04:17:41,HBD,Cloudy,0.31,7.05,0.0,22.4,87.4
2026-01-06 20:36:09,HBD,Clear,0.36,6.45,0.4,21.0,67.5
2026-06-01 09:57:53,HBD,Rain,0.56,3.3,0.7,13.7,45.7
2026-06-23 13:53:44,HBD,Clear,0.14,9.22,1.3,28.0,43.3
2026-06-24 01:20:39,HBD,Fog,0.56,5.01,1.3,26.2,90.9
2026-03-16 01:29:24,HBD,Clear,0.09,9.15,1.0,13.2,74.8
2026-06-03 06:39:38,HBD,Cloudy,0.21,8.19,0.9,38.0,77.0
2026-04-16 02:04:28,HBD,Rain,0.24,7.01,17.9,30.2,73.8
2026-05-23 06:12:56,HBD,Clear,0.43,6.37,1.0,20.5,97.5
2026-02-11 21:30:10,HBD,Cloudy,0.3,7.69,0.6,24.0,46.0
2026-04-04 13:18:11,HBD,Fog,0.39,6.59,1.1,29.4,91.8
2026-01-15 11:15:28,HBD,Rain,0.49,4.33,13.8,11.6,51.3
2026-03-20 14:13:58,HBD,Rain,0.21,6.92,4.6,24.3,52.5
2026-04-28 11:18:54,HBD,Fog,0.67,4.21,1.3,29.0,83.8
2026-05-16 18:50:36,HBD,Clear,0.18,8.04,0.7,30.0,52.0
2026-03-07 07:26:28,HBD,Clear,0.14,8.69,0.7,34.5,31.1
2026-04-04 07:20:58,HBD,Fog,0.69,4.04,0.2,22.6,95.1
2026-02-22 04:53:37,HBD,Clear,0.29,8.22,1.0,30.1,51.9
2026-06-04 08:00:49,HBD,Cloudy,0.39,5.87,0.5,36.6,48.0
2026-03-24 16:11:07,HBD,Clear,0.34,7.42,1.1,42.8,48.2
2026-06-15 12:09:22,HBD,Clear,0.36,7.15,0.0,30.3,38.7
2026-06-15 06:18:08,HBD,Clear,0.17,8.01,0.2,3.6,53.2
2026-03-20 23:13:11,HBD,Clear,0.51,5.07,1.3,34.3,42.3
2026-04-02 03:24:42,HBD,Clear,0.52,5.39,1.3,28.4,57.5
2026-06-19 07:32:18,HBD,Clear,0.07,8.85,0.2,20.9,66.7
2026-04-11 10:58:23,HBD,Clear,0.1,9.79,0.7,40.2,81.1
2026-01-17 22:27:24,HBD,Rain,0.1,7.69,3.6,20.0,63.0
2026-01-03 07:27:58,HBD,Clear,0.31,6.88,0.3,21.3,50.9
2026-03-08 05:27:14,HBD,Clear,0.07,8.9,0.7,29.6,45.2
2026-06-06 18:41:27,HBD,Fog,0.65,4.77,0.8,18.5,75.9
2026-01-28 11:28:39,HBD,Cloudy,0.27,8.19,1.1,11.3,93.2
2026-03-05 15:41:17,HBD,Clear,0.55,5.29,0.9,27.4,74.0
2026-06-11 19:17:34,HBD,Cloudy,0.55,5.72,0.7,29.5,68.2
2026-03-12 09:54:17,HBD,Clear,0.17,8.1,0.6,12.9,72.4
2026-02-18 01:41:52,HBD,Clear,0.06,9.42,1.1,31.1,52.5
2026-01-12 18:02:28,HBD,Fog,0.54,5.85,0.4,18.5,59.6
2026-06-23 04:45:28,HBD,Clear,0.43,6.37,1.1,25.7,70.9
2026-05-17 05:37:58,HBD,Fog,0.59,5.32,0.6,23.5,100.0
2026-05-10 00:30:58,HBD,Fog,0.88,2.29,1.3,17.3,73.2
2026-05-10 09:48:35,HBD,Cloudy,0.31,7.39,1.3,31.3,77.8
2026-06-02 22:01:33,HBD,Clear,0.25,7.58,0.4,5.6,49.6
2026-01-25 08:46:46,HBD,Clear,0.27,7.85,0.7,23.2,82.8
2026-06-21 05:52:12,HBD,Clear,0.28,8.48,0.2,16.4,63.4
2026-04-04 23:40:01,HBD,Rain,0.04,8.07,6.0,27.3,56.2
2026-02-26 08:54:45,HBD,Rain,0.03,8.19,8.1,18.8,66.4
2026-01-16 16:07:35,HBD,Fog,0.73,3.53,0.5,18.0,64.8
2026-04-25 21:43:42,HBD,Clear,0.27,7.67,0.0,26.2,58.3
2026-03-03 23:59:04,HBD,Cloudy,0.32,7.83,0.6,30.8,68.8
2026-05-04 22:52:51,HBD,Cloudy,0.09,8.86,0.1,21.8,40.5
2026-04-26 01:36:42,HBD,Fog,1.0,2.02,1.0,36.8,74.1
2026-03-28 14:37:09,HBD,Clear,0.31,7.64,0.7,33.3,56.0
2026-01-02 05:52:20,HBD,Clear,0.29,7.53,0.7,20.3,72.9
2026-04-18 22:50:22,HBD,Clear,0.33,7.18,1.2,24.2,40.2
2026-06-17 04:11:52,HBD,Clear,0.17,8.13,1.2,21.4,73.9
2026-04-22 11:16:05,HBD,Cloudy,0.29,8.3,1.3,26.3,45.9
2026-03-07 02:47:08,HBD,Cloudy,0.23,8.13,0.3,24.4,80.1
2026-06-21 08:31:21,HBD,Cloudy,0.4,7.1,1.5,20.1,81.3
2026-01-14 11:29:52,HBD,Clear,0.03,10.5,0.3,30.0,64.8
2026-03-24 17:33:45,HBD,Clear,0.19,8.53,0.0,10.1,80.8
2026-04-15 11:10:12,HBD,Fog,0.71,3.99,0.7,15.4,89.4
2026-05-19 14:52:12,HBD,Cloudy,0.12,8.41,1.5,29.8,46.2
2026-03-24 14:35:01,HBD,Clear,0.6,4.49,1.0,26.8,54.1
2026-04-05 20:35:00,HBD,Clear,0.34,7.98,1.0,11.7,93.3
2026-06-09 09:29:20,HBD,Cloudy,0.36,7.01,1.3,29.2,71.1
2026-04-20 01:45:03,HBD,Cloudy,0.24,7.92,1.2,31.2,100.0
2026-03-31 21:58:16,HBD,Clear,0.42,7.24,0.2,19.6,60.2
2026-04-27 23:56:19,HBD,Rain,0.17,7.49,3.8,16.1,71.2
2026-05-24 20:38:19,HBD,Fog,0.47,5.72,0.4,24.3,60.7
2026-02-20 15:16:08,HBD,Fog,0.68,4.42,0.0,29.0,65.5
2026-03-02 22:54:58,HBD,Fog,0.73,3.88,1.5,31.5,89.9
2026-04-13 02:35:23,HBD,Clear,0.11,9.39,0.1,26.2,60.8
2026-04-24 06:48:06,HBD,Clear,0.28,6.9,1.0,26.4,42.2
2026-02-15 00:17:47,HBD,Clear,0.27,8.33,0.9,19.5,51.3
2026-06-01 05:34:52,HBD,Clear,0.16,9.09,1.0,15.4,68.0
2026-01-20 09:08:14,HBD,Clear,0.28,7.97,0.7,22.6,91.5
2026-06-21 20:12:04,HBD,Clear,0.09,8.87,0.2,31.3,50.1
2026-04-10 08:00:27,HBD,Clear,0.26,7.39,0.4,28.9,84.4
2026-04-04 20:24:01,HBD,Cloudy,0.22,8.78,0.4,17.6,83.3
2026-03-18 10:54:45,HBD,Rain,0.23,6.63,1.3,16.5,64.7
2026-02-23 10:28:35,HBD,Clear,0.18,8.37,0.7,23.5,63.0
2026-05-27 17:00:42,HBD,Clear,0.19,7.66,1.0,29.0,63.6
2026-06-28 19:40:58,HBD,Fog,0.43,6.4,0.4,19.6,74.5
2026-01-18 20:03:24,HBD,Clear,0.18,8.1,1.3,24.2,48.9
2026-05-31 08:00:48,HBD,Clear,0.18,8.62,0.6,29.8,61.5
2026-01-24 15:15:17,HBD,Rain,0.49,4.4,17.5,26.1,33.4
2026-06-10 14:07:50,HBD,Clear,0.62,4.63,1.1,24.5,78.6
2026-06-20 05:30:02,HBD,Cloudy,0.15,8.94,1.0,34.6,43.7
2026-02-06 14:23:26,HBD,Clear,0.31,6.48,0.7,11.7,70.5
2026-03-28 06:20:31,HBD,Cloudy,0.48,6.73,1.1,23.6,85.4
2026-03-07 06:49:59,HBD,Cloudy,0.33,6.7,1.4,42.6,33.2
2026-02-09 09:00:51,HBD,Fog,0.45,5.71,1.0,42.0,53.1
2026-01-21 04:25:03,HBD,Clear,0.26,7.5,1.0,28.1,88.4
2026-05-03 17:51:43,HBD,Rain,0.15,7.61,4.8,32.1,92.5
2026-05-07 02:42:40,HBD,Clear,0.47,6.13,0.3,21.6,98.3
2026-04-15 21:21:16,HBD,Rain,0.62,3.38,2.5,17.1,92.1
2026-03-04 19:16:03,HBD,Clear,0.31,7.99,0.0,20.6,83.0
2026-06-12 01:32:45,HBD,Rain,0.2,7.21,19.8,27.7,57.1
2026-01-20 23:45:16,HBD,Rain,0.23,7.35,4.0,21.0,42.7
2026-03-12 23:19:00,HBD,Fog,0.48,6.02,0.8,20.7,78.2
2026-04-30 13:38:24,HBD,Cloudy,0.17,9.11,1.0,23.7,55.9
2026-04-24 12:07:41,HBD,Rain,0.37,5.32,15.4,19.5,91.0
2026-03-17 08:53:33,HBD,Clear,0.47,5.79,0.8,23.3,57.7
2026-01-01 11:06:39,HBD,Clear,0.16,8.76,0.5,19.1,90.2
2026-02-22 16:13:03,HBD,Cloudy,0.18,8.58,0.2,25.1,60.5
2026-03-28 19:23:44,HBD,Fog,0.45,6.43,0.9,34.2,80.9
2026-05-29 18:51:18,HBD,Cloudy,0.39,6.61,0.6,32.2,55.6
2026-03-16 02:31:11,HBD,Clear,0.41,6.83,1.3,30.7,55.2
2026-05-02 03:49:06,HBD,Clear,0.24,7.2,0.4,25.7,60.5
2026-05-05 23:37:18,HBD,Clear,0.54,5.91,0.9,24.7,52.0
2026-04-08 20:29:27,HBD,Rain,0.19,6.84,9.5,16.5,68.5
2026-05-30 05:18:23,HBD,Fog,0.47,6.34,0.6,16.6,37.6
2026-06-24 08:48:59,HBD,Clear,0.32,7.05,0.8,32.3,42.6
2026-02-18 21:07:04,HBD,Cloudy,0.3,7.33,0.4,11.6,55.7
2026-05-10 03:11:13,HBD,Cloudy,0.19,8.59,0.1,20.3,47.7
2026-05-08 13:16:40,HBD,Clear,0.25,7.87,0.1,27.8,76.2
2026-01-13 06:40:54,HBD,Clear,0.43,6.79,0.1,19.7,85.6
2026-03-08 20:21:00,HBD,Clear,0.6,4.78,0.2,21.3,81.9
2026-02-28 15:44:00,HBD,Fog,0.61,6.09,1.0,21.8,74.1
2026-03-18 14:14:58,HBD,Cloudy,0.24,7.25,1.0,27.1,34.4
2026-03-15 11:36:56,HBD,Clear,0.23,8.13,1.3,29.5,76.6
2026-01-30 23:00:30,HBD,Clear,0.29,7.33,0.5,37.5,69.6
2026-04-21 21:52:37,HBD,Clear,0.04,9.91,0.6,24.0,50.5
2026-04-21 02:51:30,HBD,Fog,0.79,2.95,0.4,25.9,92.0
2026-03-12 14:33:49,HBD,Clear,0.18,7.89,1.5,26.2,93.6
2026-02-27 15:49:22,HBD,Clear,0.46,6.62,0.3,17.4,56.5
2026-06-26 00:05:18,HBD,Fog,0.72,3.46,0.2,39.0,76.1
2026-03-22 18:50:14,HBD,Clear,0.4,6.39,1.2,22.3,93.0
2026-06-30 01:14:43,HBD,Cloudy,0.19,9.16,1.2,28.9,51.8
2026-01-12 02:07:12,HBD,Clear,0.32,7.37,1.0,13.2,72.2
2026-03-25 14:13:15,HBD,Clear,0.13,9.69,0.4,33.1,53.1
2026-04-30 22:42:13,HBD,Rain,0.68,3.2,12.2,29.5,69.4
2026-03-06 21:48:14,HBD,Cloudy,0.63,4.78,1.5,16.5,58.0
2026-02-22 08:00:14,HBD,Clear,0.52,5.89,1.1,31.9,29.2
2026-05-10 12:33:28,HBD,Clear,0.42,5.59,1.3,27.2,66.2
2026-06-30 21:57:46,HBD,Cloudy,0.03,9.48,0.8,49.7,67.2
2026-06-29 22:51:23,HBD,Clear,0.55,6.05,0.2,26.7,80.0
2026-02-20 02:14:59,HBD,Clear,0.15,8.83,1.1,19.9,51.6
2026-02-22 15:53:28,HBD,Clear,0.34,6.41,0.1,20.8,53.2
2026-06-06 23:51:53,HBD,Clear,0.41,6.76,0.1,9.9,42.6
2026-05-16 13:04:01,HBD,Clear,0.27,7.59,1.4,33.5,76.5
2026-03-09 16:17:30,HBD,Clear,0.18,9.01,1.0,18.7,62.5
2026-06-24 22:21:08,HBD,Cloudy,0.25,8.01,0.5,27.1,47.4
2026-01-11 09:41:48,HBD,Fog,0.68,4.39,1.0,21.4,67.2
2026-02-18 08:32:19,HBD,Clear,0.26,7.8,0.7,29.9,65.9
2026-04-24 13:50:28,HBD,Clear,0.37,6.13,1.3,22.6,76.5
2026-05-18 22:12:56,HBD,Clear,0.21,7.56,0.7,3.3,68.6
2026-05-29 23:03:58,HBD,Cloudy,0.19,8.35,1.3,32.8,44.5
2026-01-16 17:13:50,HBD,Clear,0.28,7.33,1.2,13.5,85.7
2026-04-20 21:05:19,HBD,Rain,0.38,5.73,16.3,19.7,47.3
2026-05-24 03:12:30,HBD,Clear,0.07,9.35,1.3,28.9,80.4
2026-04-04 01:38:35,HBD,Rain,0.14,7.31,7.9,29.6,51.3
2026-01-14 13:10:33,HBD,Clear,0.31,7.67,0.4,7.7,78.9
2026-04-09 15:00:45,HBD,Cloudy,0.34,7.62,0.8,29.3,70.7
2026-06-11 14:44:01,HBD,Rain,0.08,8.84,10.0,28.4,72.5
2026-04-18 16:31:22,HBD,Clear,0.04,9.82,0.4,13.1,54.7
2026-05-02 03:10:03,HBD,Clear,0.22,8.19,1.0,25.2,68.7
2026-02-09 16:19:09,HBD,Clear,0.12,9.04,1.1,25.0,60.6
2026-05-31 05:45:11,HBD,Clear,0.12,9.82,0.6,29.0,52.9
2026-04-01 01:49:28,HBD,Cloudy,0.42,6.17,1.0,35.8,69.4
2026-05-04 13:44:03,HBD,Fog,0.48,6.07,0.2,31.6,90.4
2026-03-27 02:22:34,HBD,Clear,0.46,5.76,0.2,27.6,55.7
2026-03-04 08:11:36,HBD,Clear,0.19,8.73,0.5,21.4,74.0
2026-01-25 07:24:57,HBD,Cloudy,0.19,9.34,0.4,22.3,75.7
2026-01-20 23:02:28,HBD,Cloudy,0.13,8.44,0.2,31.2,63.1
2026-03-14 14:49:30,HBD,Clear,0.16,8.61,1.4,16.6,86.4
2026-03-18 14:18:32,HBD,Rain,0.13,7.52,11.2,24.0,89.5
2026-01-13 18:16:05,HBD,Clear,0.13,9.39,1.0,23.4,45.9
2026-06-09 11:24:36,HBD,Clear,0.74,3.45,0.4,20.9,64.9
2026-01-09 13:08:53,HBD,Clear,0.13,8.65,0.4,7.3,61.6
2026-06-17 08:37:13,HBD,Clear,0.31,7.77,0.4,25.0,65.9
2026-03-24 02:00:03,HBD,Rain,0.14,7.22,8.7,21.8,59.3
2026-05-26 09:36:03,HBD,Cloudy,0.3,7.59,1.2,47.8,73.8
2026-01-29 08:43:49,HBD,Cloudy,0.2,8.66,1.1,21.9,41.2
2026-05-24 21:38:06,HBD,Clear,0.15,8.75,0.5,30.9,30.9
2026-02-05 10:55:42,HBD,Rain,0.05,8.83,6.9,23.6,25.8
2026-06-20 11:19:53,HBD,Fog,0.51,5.39,0.8,24.1,51.8
2026-04-06 18:00:51,HBD,Cloudy,0.03,9.21,1.0,19.9,53.5
2026-03-18 10:45:19,HBD,Cloudy,0.33,6.41,0.8,15.1,64.7
2026-02-07 19:58:06,HBD,Clear,0.38,6.34,1.0,25.3,80.9
2026-01-27 16:35:17,HBD,Cloudy,0.31,6.75,0.2,9.2,47.6
2026-04-05 23:03:35,HBD,Clear,0.13,8.77,0.9,24.7,94.8
2026-03-29 03:18:34,HBD,Fog,0.77,3.21,1.3,8.1,72.1
2026-06-08 00:28:15,HBD,Cloudy,0.29,7.3,0.4,28.7,51.2
2026-04-24 15:41:03,HBD,Fog,0.71,4.09,0.7,3.3,65.8
2026-03-05 18:06:40,HBD,Clear,0.11,8.3,1.1,27.8,87.4
2026-03-23 03:50:35,HBD,Rain,0.15,8.07,6.1,13.9,55.0
2026-06-14 16:55:01,HBD,Clear,0.2,8.33,0.7,28.1,61.2
2026-03-18 00:49:19,HBD,Rain,0.41,5.79,8.1,19.6,44.4
2026-04-27 15:47:29,HBD,Fog,0.46,6.69,1.1,22.1,34.0
2026-06-20 08:44:38,HBD,Fog,0.81,4.36,1.0,49.7,51.7
2026-06-18 20:38:13,HBD,Clear,0.49,5.54,0.3,20.7,72.9
2026-06-24 15:35:21,HBD,Fog,0.48,6.24,0.6,32.3,63.3
2026-03-23 03:11:10,HBD,Cloudy,0.15,8.67,0.7,24.5,75.9
2026-02-14 14:25:21,HBD,Clear,0.39,5.88,0.0,17.4,71.5
2026-03-05 12:58:55,HBD,Clear,0.05,8.92,1.3,36.0,58.0
2026-03-14 18:29:27,HBD,Clear,0.6,4.48,0.8,0.3,94.4
2026-01-16 10:32:26,HBD,Fog,0.59,5.09,0.8,16.8,79.9
2026-02-15 20:39:31,HBD,Fog,0.97,1.78,1.1,17.3,80.9
2026-03-04 11:15:35,HBD,Fog,0.66,4.08,0.7,31.2,82.5
2026-03-20 05:37:53,HBD,Clear,0.2,8.2,0.3,24.2,43.0
2026-03-13 22:32:27,HBD,Rain,0.21,7.12,9.4,25.4,26.5
2026-06-22 22:33:09,HBD,Clear,0.28,7.61,0.9,21.3,87.4
2026-01-30 15:45:54,HBD,Cloudy,0.21,8.98,1.2,20.6,58.1
2026-01-08 08:24:56,HBD,Clear,0.46,5.96,0.6,36.9,51.6
2026-01-07 09:04:13,HBD,Cloudy,0.11,8.74,1.5,18.9,72.8
2026-03-26 21:55:12,HBD,Clear,0.64,4.73,1.0,16.1,71.9
2026-04-09 08:38:16,HBD,Clear,0.37,6.66,1.3,35.5,68.7
2026-02-17 12:01:11,HBD,Clear,0.28,7.98,0.0,20.2,56.3
2026-02-18 20:56:47,HBD,Clear,0.32,6.99,0.2,32.3,66.4
2026-03-05 17:05:22,HBD,Clear,0.53,4.48,1.3,35.6,60.7
2026-03-22 15:46:27,HBD,Clear,0.15,8.1,0.1,21.8,80.2
2026-01-26 09:43:25,HBD,Fog,0.73,3.82,1.5,30.4,71.3
2026-06-01 22:16:09,HBD,Clear,0.2,8.88,0.6,23.5,70.0
2026-04-14 18:16:44,HBD,Cloudy,0.78,3.7,0.5,16.1,74.3
2026-03-10 03:00:06,HBD,Clear,0.26,7.9,0.1,15.6,67.8
2026-02-13 09:15:49,HBD,Clear,0.39,6.76,0.8,31.6,80.6
2026-03-30 17:06:13,HBD,Cloudy,0.25,6.94,0.1,20.4,58.2
2026-04-22 15:13:46,HBD,Cloudy,0.15,8.95,0.4,28.8,96.5
2026-02-23 00:58:42,HBD,Clear,0.41,6.86,0.2,20.9,47.5
2026-01-21 14:54:53,HBD,Rain,0.37,6.62,7.3,34.0,52.9
2026-03-29 21:09:59,HBD,Clear,0.15,8.35,0.8,28.2,42.5
2026-04-10 12:31:45,HBD,Clear,0.49,5.3,1.3,24.9,38.0
2026-04-16 18:14:51,HBD,Clear,0.52,6.02,0.7,14.1,100.0
2026-04-21 07:57:17,HBD,Clear,0.07,9.47,0.7,22.6,68.7
2026-04-04 02:00:12,HBD,Cloudy,0.06,9.69,0.2,27.8,79.3
2026-02-22 12:04:23,HBD,Clear,0.3,8.06,0.5,26.7,50.5
2026-06-28 17:23:51,HBD,Clear,0.13,9.31,0.2,21.0,95.6
2026-01-02 19:35:51,HBD,Clear,0.38,6.46,0.4,16.1,60.8
2026-04-07 06:59:27,HBD,Clear,0.08,9.22,0.4,30.9,49.0
2026-03-18 16:22:48,HBD,Cloudy,0.41,6.17,0.7,22.4,67.6
2026-06-15 08:27:28,HBD,Clear,0.49,5.18,1.0,24.2,77.1
2026-06-26 09:38:27,HBD,Cloudy,0.59,5.28,0.4,28.6,77.0
2026-06-29 18:27:32,HBD,Clear,0.34,6.56,0.7,21.0,48.0
2026-01-22 19:46:18,HBD,Clear,0.24,7.13,0.3,23.7,48.9
2026-06-30 13:29:33,HBD,Rain,0.26,6.7,15.5,22.7,60.6
2026-06-15 16:48:07,HBD,Rain,0.2,7.54,6.4,16.5,54.9
2026-01-19 01:09:28,HBD,Fog,0.73,4.08,0.5,20.3,51.8
2026-06-26 14:13:27,HBD,Cloudy,0.06,10.14,0.2,28.5,68.2
2026-04-06 02:46:30,HBD,Clear,0.15,8.4,1.2,30.9,86.5
2026-02-01 06:09:30,HBD,Clear,0.04,9.31,1.2,28.6,60.7
2026-06-15 08:53:12,HBD,Cloudy,0.13,8.75,0.5,22.1,92.5
2026-05-03 02:18:05,HBD,Clear,0.41,6.63,0.6,35.0,100.0
2026-02-14 18:25:47,HBD,Fog,0.49,5.95,0.8,28.1,92.1
2026-05-30 06:09:44,HBD,Clear,0.06,8.93,0.4,25.3,49.7
2026-02-07 03:45:18,HBD,Cloudy,0.44,5.82,0.5,17.5,89.4
2026-03-06 15:51:02,HBD,Clear,0.14,8.28,0.2,16.7,73.9
2026-02-23 11:07:25,HBD,Clear,0.1,9.24,0.4,34.2,66.9
2026-04-07 06:46:47,HBD,Clear,0.22,8.27,0.5,29.5,71.1
2026-02-06 16:10:34,HBD,Cloudy,0.21,8.29,0.6,27.2,45.9
2026-04-22 08:15:36,HBD,Clear,0.2,7.96,0.6,5.1,79.4
2026-02-16 20:34:00,HBD,Cloudy,0.28,8.17,1.3,22.2,71.3
2026-03-05 11:50:20,HBD,Cloudy,0.11,8.85,0.4,20.7,71.7
2026-06-20 08:33:25,HBD,Rain,0.08,9.61,6.5,20.3,77.1
2026-01-10 09:38:03,HBD,Rain,0.21,6.94,3.0,34.7,42.7
2026-01-28 23:10:05,HBD,Clear,0.06,9.9,0.1,16.7,68.7
2026-01-21 11:49:14,HBD,Clear,0.43,5.72,0.0,18.1,82.4
2026-06-22 15:16:59,HBD,Clear,0.09,9.97,0.4,31.4,23.9
2026-05-23 12:09:44,HBD,Clear,0.12,8.58,1.5,24.1,49.8
2026-03-02 05:07:40,HBD,Clear,0.41,7.12,0.6,31.7,62.4
2026-03-18 12:10:10,HBD,Clear,0.39,6.91,0.0,30.9,50.3
2026-06-29 11:23:48,HBD,Cloudy,0.17,8.5,0.9,29.5,96.1
2026-02-08 21:05:57,HBD,Clear,0.26,7.31,1.2,34.6,83.2
2026-03-29 05:21:26,HBD,Clear,0.7,3.95,0.5,23.5,79.4
2026-06-26 19:52:12,HBD,Clear,0.06,9.82,1.5,21.9,66.8
2026-03-29 12:32:19,HBD,Clear,0.18,8.46,0.1,26.6,63.4
2026-06-19 20:53:20,HBD,Clear,0.31,8.22,0.1,20.5,66.7
2026-03-03 05:30:29,HBD,Clear,0.31,7.04,0.9,24.1,60.2
2026-01-27 03:49:26,HBD,Rain,0.14,7.6,3.9,10.4,90.2
2026-06-14 01:52:44,HBD,Cloudy,0.2,8.96,1.4,15.6,54.7
2026-01-09 00:42:54,HBD,Clear,0.28,8.22,0.6,33.1,70.0
2026-04-25 18:45:00,HBD,Clear,0.4,6.47,0.7,23.5,73.6
2026-03-22 01:42:42,HBD,Clear,0.57,4.64,0.3,16.0,54.5
2026-06-10 18:16:37,HBD,Rain,0.06,8.41,16.6,31.4,55.4
2026-03-25 07:26:28,HBD,Clear,0.06,9.95,1.3,28.7,96.3
2026-05-14 06:47:44,HBD,Cloudy,0.16,8.43,1.3,23.9,72.6
2026-02-21 07:25:21,HBD,Cloudy,0.23,8.27,1.2,18.5,49.7
2026-05-28 09:04:23,HBD,Rain,0.52,4.56,5.5,22.7,69.0
2026-02-22 04:34:30,HBD,Clear,0.43,6.03,0.6,27.0,61.4
2026-02-03 04:13:17,HBD,Cloudy,0.61,4.58,1.2,38.5,77.2
2026-03-08 05:46:05,HBD,Cloudy,0.53,5.92,1.2,23.2,54.3
2026-05-04 16:02:56,HBD,Clear,0.42,6.84,0.2,11.8,79.5
2026-01-19 11:29:25,HBD,Cloudy,0.19,7.33,1.3,21.7,68.3
2026-02-10 10:02:04,HBD,Rain,0.3,5.2,3.7,32.1,89.5
2026-01-28 05:46:17,HBD,Fog,0.47,5.92,0.1,24.8,50.0
2026-04-15 22:38:06,HBD,Clear,0.3,7.02,1.2,30.9,90.6
2026-01-30 05:28:09,HBD,Clear,0.15,8.75,0.8,29.9,33.9
2026-04-26 02:40:40,HBD,Clear,0.19,9.09,1.1,21.4,58.0
2026-03-27 05:47:54,HBD,Cloudy,0.36,6.74,0.3,24.6,53.1
2026-05-29 21:32:16,HBD,Clear,0.44,6.38,0.2,20.5,86.8
2026-02-26 17:13:13,HBD,Clear,0.37,7.69,1.2,27.4,43.9
2026-06-19 05:06:37,HBD,Rain,0.21,6.85,3.7,7.6,67.8
2026-03-30 05:59:46,HBD,Cloudy,0.22,8.04,0.9,16.6,49.9
2026-04-21 00:28:59,HBD,Clear,0.06,9.09,0.5,19.6,29.1
2026-01-30 22:05:10,HBD,Fog,0.52,5.47,0.0,23.0,75.5
2026-02-14 10:54:47,HBD,Rain,0.34,6.1,4.2,28.4,92.1
2026-01-24 09:12:54,HBD,Rain,0.23,6.72,2.5,24.0,62.5
2026-06-22 10:14:27,HBD,Clear,0.25,7.05,0.1,26.5,52.3
2026-02-11 00:29:39,HBD,Rain,0.52,3.48,1.2,29.7,40.3
2026-05-08 12:26:58,HBD,Clear,0.24,8.32,1.3,3.5,57.1
2026-06-04 15:50:31,HBD,Clear,0.29,7.56,1.3,15.3,44.0
2026-01-06 04:27:51,HBD,Clear,0.4,6.8,0.7,31.7,60.0
2026-06-12 14:29:22,HBD,Clear,0.22,7.88,0.5,23.3,42.1
2026-04-27 22:25:59,HBD,Clear,0.1,9.06,1.3,23.3,74.3
2026-02-27 03:15:22,HBD,Cloudy,0.15,8.03,0.6,30.5,87.1
2026-01-06 17:45:36,HBD,Clear,0.2,8.1,1.3,19.8,60.2
2026-06-22 15:37:35,HBD,Cloudy,0.13,9.08,1.1,32.4,83.8
2026-06-29 10:40:47,HBD,Rain,0.44,4.69,10.4,30.3,78.0
2026-01-04 02:50:55,HBD,Clear,0.19,8.01,0.3,24.0,83.3
2026-05-31 09:50:03,HBD,Clear,0.53,4.63,0.0,27.5,68.2
2026-04-10 10:46:55,HBD,Rain,0.08,8.65,10.2,32.8,41.2
2026-02-06 18:28:22,HBD,Cloudy,0.65,4.33,0.5,29.2,100.0
2026-01-30 07:47:23,HBD,Cloudy,0.27,7.39,0.5,25.5,29.3
2026-02-07 10:07:26,HBD,Clear,0.18,8.41,1.0,20.0,20.0
2026-03-11 05:16:37,HBD,Clear,0.23,9.06,0.6,25.5,59.3
2026-01-05 16:37:26,HBD,Rain,0.24,6.72,6.2,11.8,62.4
2026-05-16 11:43:36,HBD,Clear,0.23,8.98,0.0,25.8,59.0
2026-01-19 01:06:29,HBD,Clear,0.51,5.77,0.4,25.2,69.0
2026-02-03 09:58:16,HBD,Clear,0.43,6.66,1.0,34.2,44.6
2026-01-25 04:58:36,HBD,Clear,0.16,9.17,0.5,26.4,55.3
2026-06-12 16:01:49,HBD,Clear,0.12,9.79,0.1,27.2,41.1
2026-05-03 05:56:42,HBD,Clear,0.61,5.09,1.0,34.0,76.9
2026-01-06 00:32:42,HBD,Cloudy,0.13,8.3,1.3,22.0,43.4
2026-03-30 19:34:12,HBD,Rain,0.11,8.44,9.5,23.5,56.2
2026-03-27 01:42:59,HBD,Fog,0.58,5.13,0.6,22.2,65.1
2026-05-24 09:34:33,HBD,Clear,0.13,9.35,0.1,25.2,59.6
2026-06-11 08:55:30,HBD,Clear,0.13,8.74,1.4,13.3,65.7
2026-03-19 05:14:03,HBD,Clear,0.32,7.83,0.1,26.8,84.8
2026-01-02 11:01:15,HBD,Clear,0.2,7.84,0.1,17.7,36.2
2026-04-08 10:37:29,HBD,Cloudy,0.23,7.88,0.6,39.1,58.7
2026-04-01 11:43:06,HBD,Clear,0.25,7.55,1.1,17.8,59.5
2026-06-11 19:08:25,HBD,Clear,0.09,9.02,0.6,28.6,100.0
2026-05-01 14:32:31,HBD,Clear,0.6,4.57,0.5,32.1,75.9
2026-01-10 18:45:50,HBD,Clear,0.41,6.64,1.1,22.3,67.4
2026-01-08 20:31:53,HBD,Clear,0.51,5.53,0.5,23.6,59.1
2026-04-13 17:58:44,HBD,Clear,0.29,8.06,0.3,20.1,65.5
2026-04-14 01:14:49,HBD,Clear,0.09,9.12,0.9,26.2,82.8
2026-04-18 05:58:49,HBD,Cloudy,0.18,8.91,0.7,32.2,72.1
2026-04-21 07:13:49,HBD,Clear,0.25,7.63,1.5,22.6,63.9
2026-02-23 08:36:56,HBD,Fog,0.56,6.04,0.7,36.6,66.9
2026-04-16 17:08:58,HBD,Cloudy,0.35,6.85,0.6,30.9,41.9
2026-04-27 03:18:02,HBD,Clear,0.22,8.03,0.2,24.3,63.6
2026-05-06 20:20:59,HBD,Rain,0.31,6.65,1.6,31.0,82.2
2026-02-10 13:29:47,HBD,Rain,0.32,6.18,12.0,35.9,20.0
2026-05-04 03:19:30,HBD,Clear,0.27,7.84,0.6,13.5,87.6
2026-05-16 04:11:37,HBD,Clear,0.58,4.62,1.4,25.8,60.4
2026-03-19 01:15:50,HBD,Clear,0.66,4.31,0.6,11.6,100.0
2026-01-18 14:09:17,HBD,Cloudy,0.2,7.77,0.6,34.8,35.5
2026-04-05 22:54:35,HBD,Cloudy,0.28,7.29,0.7,29.6,31.4
2026-03-20 09:33:33,HBD,Clear,0.39,6.45,0.5,37.9,41.9
2026-03-03 03:52:52,HBD,Fog,0.72,3.95,0.4,20.8,95.2
2026-01-26 07:20:04,HBD,Clear,0.15,7.89,0.1,30.9,48.5
2026-06-28 07:17:35,HBD,Clear,0.16,8.7,0.5,23.1,45.2
2026-04-27 00:14:51,HBD,Rain,0.34,6.47,15.5,12.4,97.3
2026-06-15 15:30:05,HBD,Cloudy,0.28,6.86,0.8,12.4,62.8
2026-01-10 10:10:51,HBD,Clear,0.46,5.18,0.6,21.9,80.9
2026-05-08 12:13:03,HBD,Clear,0.11,9.12,0.5,41.3,47.8
2026-02-11 07:36:26,HBD,Clear,0.33,6.96,0.6,15.8,74.5
2026-04-15 20:55:45,HBD,Clear,0.48,6.14,0.1,31.4,49.2
2026-01-23 21:43:41,HBD,Clear,0.08,9.47,1.4,10.1,47.5
2026-02-18 01:05:39,HBD,Clear,0.27,8.13,0.7,11.5,78.4
2026-01-16 08:45:09,HBD,Fog,0.75,3.78,0.5,25.8,86.2
2026-02-27 14:37:18,HBD,Fog,0.57,5.33,0.6,30.9,92.5
2026-06-29 08:20:55,HBD,Rain,0.12,7.79,2.5,32.2,34.6
2026-06-06 19:41:10,HBD,Clear,0.49,6.16,1.0,20.3,53.8
2026-04-22 15:03:57,HBD,Clear,0.18,8.58,1.1,22.2,92.4
2026-04-27 06:27:33,HBD,Clear,0.54,5.33,0.0,15.7,62.4
2026-01-29 20:28:35,HBD,Clear,0.17,8.2,0.2,18.1,55.0
2026-01-21 20:13:05,HBD,Cloudy,0.47,6.45,0.0,20.1,100.0
2026-04-17 16:37:49,HBD,Clear,0.27,7.47,1.0,35.6,29.1
2026-06-08 07:26:39,HBD,Rain,0.33,6.65,4.3,13.9,79.4
2026-05-30 22:10:49,HBD,Rain,0.26,6.33,14.7,17.5,36.3
2026-06-07 19:09:04,HBD,Clear,0.44,6.28,1.0,32.4,48.2
2026-06-08 10:53:20,HBD,Clear,0.13,8.85,0.7,18.1,76.9
2026-04-19 11:18:20,HBD,Cloudy,0.16,8.75,0.6,26.5,70.3
2026-02-21 12:12:26,HBD,Fog,0.79,2.78,0.5,23.3,100.0
2026-06-05 15:41:45,HBD,Clear,0.27,7.44,1.3,30.2,20.0
2026-02-28 16:32:29,HBD,Fog,0.37,6.81,0.7,26.0,81.3
2026-01-04 05:47:29,HBD,Cloudy,0.16,8.8,0.2,23.7,70.1
2026-01-11 17:08:33,HBD,Clear,0.26,7.46,0.9,35.6,53.1
2026-02-13 03:26:35,HBD,Clear,0.39,6.14,0.9,12.9,88.6
2026-05-18 21:35:56,HBD,Fog,0.66,4.75,0.2,34.1,47.0
2026-03-06 13:48:18,HBD,Clear,0.24,9.01,1.2,35.1,85.6
2026-04-04 05:27:36,HBD,Fog,0.51,5.27,1.3,30.7,52.3
2026-06-29 08:22:53,HBD,Clear,0.55,5.63,0.3,22.1,54.7
2026-05-05 23:55:40,HBD,Clear,0.35,7.15,1.4,8.8,65.9
2026-02-15 06:19:18,HBD,Cloudy,0.04,9.65,1.1,26.7,70.6
2026-05-19 00:17:55,HBD,Clear,0.3,7.0,0.8,30.4,63.6
2026-01-23 10:26:10,HBD,Clear,0.06,9.8,1.1,23.5,53.6
2026-03-18 12:25:29,HBD,Clear,0.24,7.52,0.5,33.7,67.5
2026-06-04 12:52:59,HBD,Clear,0.33,6.68,0.1,23.0,62.6
2026-03-09 08:08:50,HBD,Clear,0.1,9.22,1.4,18.5,54.1
2026-02-16 04:31:33,HBD,Clear,0.1,8.91,0.1,9.2,76.6
2026-04-15 16:54:23,HBD,Cloudy,0.13,8.67,1.5,28.2,76.8
2026-04-29 19:23:40,HBD,Clear,0.08,9.56,0.3,21.6,74.0
2026-03-09 14:39:47,HBD,Clear,0.19,8.34,0.3,23.3,33.1
2026-04-22 10:22:03,HBD,Rain,0.04,9.34,0.9,28.5,87.9
2026-06-17 21:48:58,HBD,Rain,0.12,8.07,12.0,38.3,89.5
2026-06-11 22:24:45,HBD,Clear,0.59,5.41,0.5,30.7,84.3
2026-06-22 13:19:30,HBD,Rain,0.14,7.83,4.6,22.4,57.9
2026-05-07 13:30:59,HBD,Fog,0.51,5.58,0.8,27.3,38.9
2026-01-29 15:15:15,HBD,Clear,0.11,8.95,0.6,30.6,61.7
2026-01-11 04:45:52,HBD,Clear,0.16,9.16,0.8,22.5,64.8
2026-03-16 07:39:32,HBD,Clear,0.16,8.67,1.0,21.7,70.8
2026-01-12 16:51:17,HBD,Clear,0.38,7.19,1.2,23.4,55.1
2026-02-13 10:05:24,HBD,Clear,0.13,9.13,0.9,12.2,82.4
2026-03-30 18:07:35,HBD,Cloudy,0.35,7.19,1.3,27.5,77.3
2026-01-31 08:21:26,HBD,Clear,0.12,9.1,1.3,24.8,42.7
2026-01-21 10:43:46,HBD,Clear,0.32,7.3,0.4,21.3,42.3
2026-06-03 19:59:32,HBD,Rain,0.24,6.2,5.7,33.0,72.8
2026-02-13 03:31:08,HBD,Clear,0.15,8.82,0.3,34.2,71.1
2026-01-05 18:35:08,HBD,Cloudy,0.27,7.73,0.5,24.2,77.7
2026-06-18 02:36:05,HBD,Fog,0.43,6.33,0.1,21.8,61.2
2026-03-26 14:10:38,HBD,Clear,0.46,6.73,0.9,21.3,79.4
2026-01-13 03:13:40,HBD,Rain,0.42,5.43,29.4,26.1,84.1
2026-02-23 10:21:30,HBD,Clear,0.24,7.58,0.3,10.5,55.9
2026-01-18 07:07:03,HBD,Fog,0.88,2.49,0.6,23.2,86.7
2026-06-14 01:44:47,HBD,Clear,0.44,6.34,0.1,31.2,66.4
2026-05-23 15:02:30,HBD,Fog,0.72,3.58,0.2,22.2,65.0
2026-06-30 02:35:49,HBD,Clear,0.37,7.43,0.1,13.2,75.6
2026-03-30 01:20:54,HBD,Clear,0.2,8.62,0.5,27.1,72.3
2026-06-19 10:20:21,HBD,Fog,0.46,5.37,0.6,33.6,76.9
2026-06-26 13:15:26,HBD,Clear,0.33,7.01,0.9,36.6,57.9
2026-01-14 17:05:00,HBD,Clear,0.27,7.81,0.4,32.3,68.1
2026-03-23 21:26:04,HBD,Clear,0.31,7.44,0.9,15.5,76.5
2026-06-14 06:02:03,HBD,Clear,0.53,5.66,1.3,8.0,39.3
2026-02-10 18:42:30,HBD,Fog,0.48,5.26,1.0,32.4,48.7
2026-04-04 21:29:28,HBD,Cloudy,0.28,7.27,0.5,28.0,59.5
2026-03-16 18:07:54,HBD,Clear,0.26,7.02,0.0,31.2,57.6
2026-05-12 12:53:26,HBD,Cloudy,0.04,9.66,0.2,24.4,49.6
2026-03-07 21:11:59,HBD,Cloudy,0.25,8.28,0.8,27.8,62.5
2026-02-13 22:55:05,HBD,Rain,0.32,6.5,5.5,26.9,58.7
2026-06-22 21:57:11,HBD,Rain,0.39,4.96,5.8,44.9,86.0
2026-05-27 23:07:38,HBD,Fog,0.46,5.86,0.2,15.6,43.4
2026-02-06 14:42:24,HBD,Clear,0.29,7.81,0.7,27.3,72.2
2026-03-31 02:09:01,HBD,Fog,0.78,3.68,0.2,10.4,35.4
2026-01-29 22:53:57,HBD,Clear,0.14,8.91,0.3,14.2,59.0
2026-01-29 05:05:31,HBD,Rain,0.01,9.32,7.9,24.0,42.9
2026-05-06 16:38:29,HBD,Rain,0.08,8.31,14.5,27.9,46.0
2026-05-13 05:01:48,HBD,Cloudy,0.32,8.08,0.4,22.4,42.9
2026-03-05 13:50:37,HBD,Fog,0.61,5.02,0.7,45.9,28.3
2026-02-04 20:34:02,HBD,Cloudy,0.25,7.71,0.1,26.9,49.0
2026-06-08 01:28:55,HBD,Cloudy,0.41,6.69,1.5,13.6,100.0
2026-04-20 20:34:12,HBD,Rain,0.72,2.4,2.0,38.2,68.7
2026-05-08 06:54:48,HBD,Fog,0.48,6.24,0.2,29.6,54.5
2026-02-20 06:22:08,HBD,Clear,0.11,8.45,0.3,18.6,49.0
2026-02-20 10:43:27,HBD,Rain,0.13,7.08,8.1,26.1,46.1
2026-06-19 23:43:35,HBD,Clear,0.34,6.83,1.4,28.7,95.2
2026-03-13 17:47:32,HBD,Cloudy,0.45,6.5,1.1,11.7,41.1
2026-06-06 16:14:52,HBD,Cloudy,0.41,6.35,1.1,30.1,60.9
2026-05-07 03:51:43,HBD,Clear,0.19,7.94,0.2,20.2,70.3
2026-01-28 10:54:22,HBD,Clear,0.74,3.67,1.3,24.0,84.8
2026-04-07 03:16:57,HBD,Cloudy,0.42,6.32,1.0,26.9,93.5
2026-02-07 04:19:10,HBD,Clear,0.61,4.36,1.0,39.3,92.4
2026-02-26 03:37:38,HBD,Fog,0.51,4.54,0.5,29.7,100.0
2026-01-23 20:31:28,HBD,Clear,0.19,8.34,1.5,27.4,62.5
2026-06-03 02:24:19,HBD,Fog,0.53,6.15,0.5,29.9,63.3
2026-03-26 16:05:30,HBD,Clear,0.49,5.68,0.1,8.3,58.5
2026-06-10 03:23:40,HBD,Clear,0.44,6.53,1.5,20.9,74.3
2026-04-03 11:17:36,HBD,Cloudy,0.4,6.3,0.3,18.8,62.7
2026-04-16 11:24:51,HBD,Rain,0.67,2.76,8.2,16.4,100.0
2026-03-20 04:04:20,HBD,Fog,0.59,4.78,0.3,27.1,76.9
2026-05-25 06:44:22,HBD,Clear,0.07,9.54,1.2,26.7,20.0
2026-06-06 16:06:13,HBD,Clear,0.12,8.91,0.3,27.6,61.6
2026-01-05 16:13:03,HBD,Cloudy,0.6,4.72,0.5,27.2,73.7
2026-06-07 21:01:37,HBD,Fog,0.75,3.43,0.5,29.5,89.3
2026-06-20 07:26:05,HBD,Clear,0.31,7.07,0.2,38.6,69.2
2026-02-03 15:00:12,HBD,Rain,0.16,7.88,27.2,14.3,81.5
2026-05-24 20:40:45,HBD,Clear,0.32,7.43,0.3,25.6,60.0
2026-03-29 20:19:24,HBD,Fog,0.67,4.07,0.8,29.8,70.0
2026-05-27 01:16:30,HBD,Cloudy,0.16,8.3,0.5,26.4,83.9
2026-02-24 01:47:57,HBD,Cloudy,0.3,6.33,0.7,34.7,51.5
2026-04-14 08:08:49,HBD,Clear,0.68,3.56,0.2,25.0,70.6
2026-03-17 12:00:01,HBD,Cloudy,0.09,8.74,0.8,22.0,63.3
2026-05-08 06:31:27,HBD,Rain,0.47,4.81,6.6,22.5,53.4
2026-06-02 01:20:19,HBD,Clear,0.46,5.77,0.7,34.3,63.1
2026-06-05 20:30:17,HBD,Cloudy,0.44,6.59,0.4,25.6,61.7
2026-03-01 19:42:40,HBD,Clear,0.2,7.96,0.7,7.8,73.2
2026-06-11 22:00:22,HBD,Cloudy,0.22,8.79,0.8,25.3,56.1
2026-06-08 15:17:21,HBD,Cloudy,0.44,6.99,0.4,27.7,50.2
2026-06-20 07:56:09,HBD,Clear,0.08,10.18,0.9,26.8,67.1
2026-04-04 16:36:39,HBD,Clear,0.44,6.13,1.0,22.2,86.9
2026-05-02 11:14:09,HBD,Cloudy,0.21,7.94,0.9,22.2,70.8
2026-04-05 23:51:37,HBD,Cloudy,0.47,5.24,1.1,42.5,50.1
2026-01-12 06:21:34,HBD,Clear,0.49,5.07,1.5,19.1,62.4
2026-06-19 02:22:11,HBD,Clear,0.1,9.13,1.3,24.6,100.0
2026-02-09 09:28:01,HBD,Cloudy,0.03,10.19,0.7,25.3,60.1
2026-06-09 11:17:31,HBD,Cloudy,0.23,8.67,0.5,34.0,67.1
2026-04-16 15:34:57,HBD,Clear,0.28,7.27,0.1,20.4,48.1
2026-04-08 04:41:07,HBD,Rain,0.21,7.99,6.8,28.3,50.8
2026-06-03 12:51:35,HBD,Cloudy,0.52,4.95,0.6,27.0,94.6
2026-01-14 20:12:29,HBD,Fog,0.52,5.83,0.7,18.1,73.0
2026-05-16 16:38:12,HBD,Cloudy,0.28,7.55,1.1,41.9,46.3
2026-05-27 22:42:31,HBD,Rain,0.23,6.16,4.2,26.6,56.9
2026-04-27 17:03:37,HBD,Cloudy,0.12,9.59,1.0,33.2,59.2
2026-05-10 10:54:53,HBD,Clear,0.29,7.61,1.4,25.0,56.5
2026-04-16 04:10:22,HBD,Cloudy,0.16,8.32,0.9,7.1,86.0
2026-05-24 04:02:57,HBD,Clear,0.25,7.77,1.0,19.9,76.0
2026-03-01 23:03:29,HBD,Clear,0.37,7.07,1.4,27.0,30.1
2026-02-17 19:11:59,HBD,Cloudy,0.23,7.66,0.6,29.1,37.9
2026-01-27 07:56:19,HBD,Rain,0.14,6.57,18.1,11.3,57.4
2026-03-17 07:39:10,HBD,Clear,0.36,6.9,0.5,17.1,81.2
2026-04-22 16:51:49,HBD,Clear,0.17,8.3,1.3,14.3,27.4
2026-01-13 02:49:03,HBD,Rain,0.43,4.89,7.7,35.2,85.3
2026-04-07 12:58:48,HBD,Clear,0.41,6.82,1.4,24.8,27.5
2026-04-16 06:43:10,HBD,Clear,0.29,8.4,0.1,28.5,69.6
2026-03-07 15:20:50,HBD,Rain,0.22,6.05,12.4,23.9,33.3
2026-03-04 03:02:09,HBD,Cloudy,0.55,4.97,0.6,18.1,77.2
2026-01-07 10:39:22,HBD,Clear,0.17,8.66,0.0,40.4,71.9
2026-01-08 04:46:44,HBD,Clear,0.43,6.26,1.3,33.7,52.0
2026-06-17 23:26:54,HBD,Cloudy,0.3,7.33,0.3,21.8,86.7
2026-01-02 06:16:39,HBD,Cloudy,0.26,7.59,0.4,28.6,37.6
2026-03-09 19:50:16,HBD,Clear,0.22,8.07,0.9,22.2,61.8
2026-06-05 14:22:47,HBD,Clear,0.08,9.08,0.6,25.0,56.6
2026-04-28 04:39:48,HBD,Clear,0.18,8.04,0.9,30.5,75.2
2026-05-29 22:01:40,HBD,Clear,0.58,4.35,0.2,20.7,52.4
2026-01-21 17:14:09,HBD,Clear,0.15,8.17,0.9,29.4,45.1
2026-02-03 22:08:02,HBD,Clear,0.07,8.84,1.4,18.4,73.3
2026-05-25 21:08:24,HBD,Clear,0.24,8.82,0.4,23.2,71.2
2026-02-16 04:05:53,HBD,Clear,0.47,5.97,1.1,11.3,86.4
2026-05-25 23:50:22,HBD,Clear,0.32,6.91,0.5,28.8,56.7
2026-01-31 12:24:07,HBD,Clear,0.2,8.45,0.3,32.4,72.6
2026-03-14 18:18:39,HBD,Clear,0.21,8.11,0.1,15.1,92.1
2026-05-12 02:31:27,HBD,Clear,0.4,6.19,0.7,6.0,67.3
2026-01-16 10:43:57,HBD,Fog,0.53,5.62,0.6,20.3,45.8
2026-06-12 03:13:38,HBD,Cloudy,0.36,7.61,1.1,21.1,100.0
2026-05-13 08:48:53,HBD,Fog,0.76,3.88,0.9,24.1,78.4
2026-02-06 08:50:26,HBD,Clear,0.08,9.16,0.6,28.3,33.6
2026-03-03 03:29:34,HBD,Cloudy,0.3,7.13,1.3,16.2,31.7
2026-06-18 13:17:14,HBD,Cloudy,0.3,7.65,0.6,23.0,51.9
2026-02-13 02:58:55,HBD,Clear,0.37,7.11,0.5,29.7,58.0
2026-02-03 22:16:33,HBD,Cloudy,0.55,4.66,1.1,26.5,64.2
2026-06-04 07:57:27,HBD,Clear,0.48,5.83,0.8,15.8,66.9
2026-06-19 21:50:03,HBD,Clear,0.12,8.96,0.2,23.0,46.3
2026-04-03 14:35:32,HBD,Clear,0.29,7.43,0.9,10.7,87.9
2026-01-21 12:46:54,HBD,Clear,0.1,9.16,0.1,34.4,52.0
2026-05-14 12:59:35,HBD,Clear,0.45,6.18,0.8,15.6,58.7
2026-03-17 18:21:22,HBD,Clear,0.29,7.84,1.4,31.8,52.6
2026-03-16 12:12:40,HBD,Clear,0.05,8.99,0.6,5.1,58.0
2026-02-20 18:42:22,HBD,Clear,0.15,8.69,0.6,27.4,35.4
2026-01-19 01:09:00,HBD,Clear,0.2,8.14,1.0,16.6,75.7
2026-01-27 01:27:53,HBD,Clear,0.27,8.03,0.7,26.1,64.3
2026-03-13 03:27:03,HBD,Clear,0.62,4.3,0.3,41.6,39.7
2026-03-13 02:28:28,HBD,Clear,0.52,5.58,1.0,26.0,81.4
2026-03-12 20:59:20,HBD,Clear,0.28,6.81,0.6,4.9,68.0
2026-01-04 05:44:21,HBD,Rain,0.18,6.91,11.1,16.5,69.4
2026-06-13 18:07:57,HBD,Clear,0.39,6.91,1.1,24.7,47.6
2026-01-24 22:58:28,HBD,Cloudy,0.41,6.39,0.5,23.6,56.8
2026-04-06 13:44:43,HBD,Cloudy,0.16,8.38,1.2,21.9,58.2
2026-03-15 02:08:31,HBD,Clear,0.23,8.0,0.5,13.1,100.0
2026-03-24 19:57:29,HBD,Rain,0.24,6.84,7.4,23.4,75.7
2026-01-13 23:35:25,HBD,Clear,0.58,5.24,0.9,26.5,71.0
2026-04-09 06:58:15,HBD,Cloudy,0.1,9.86,1.5,23.4,87.5
2026-03-14 18:37:09,HBD,Clear,0.11,9.73,0.3,29.0,60.3
2026-04-04 11:42:42,HBD,Clear,0.21,8.19,1.1,15.1,44.8
2026-04-01 20:28:49,HBD,Fog,0.69,3.69,0.8,20.2,73.2
2026-04-09 10:40:55,HBD,Clear,0.15,8.73,1.0,20.7,64.4
2026-02-16 00:44:33,HBD,Cloudy,0.35,6.92,1.2,34.0,68.0
2026-04-02 23:49:42,HBD,Clear,0.15,8.93,0.8,8.0,70.8
2026-04-06 14:42:17,HBD,Cloudy,0.28,7.39,0.3,29.1,72.6
2026-03-31 03:46:55,HBD,Cloudy,0.41,6.79,0.2,27.7,53.8
2026-06-11 11:01:54,HBD,Clear,0.41,7.11,0.6,30.7,71.9
2026-01-14 12:16:27,HBD,Cloudy,0.09,8.96,1.2,35.3,21.9
2026-05-19 14:54:11,HBD,Clear,0.29,7.37,1.4,42.3,76.3
2026-06-06 18:00:19,HBD,Clear,0.41,6.64,1.3,21.8,49.1
2026-01-14 01:58:20,HBD,Cloudy,0.45,7.05,0.3,20.7,69.0
2026-03-07 11:50:59,HBD,Clear,0.08,9.28,0.5,14.6,40.1
2026-04-02 14:05:26,HBD,Fog,0.91,2.69,1.1,33.4,94.3
2026-04-11 19:40:37,HBD,Clear,0.32,7.53,1.4,26.6,41.2
2026-05-15 04:17:23,HBD,Fog,0.53,5.31,0.4,33.2,57.0
2026-01-02 19:34:57,HBD,Clear,0.03,10.28,0.3,33.7,89.1
2026-03-03 07:28:56,HBD,Clear,0.29,7.5,1.1,37.7,40.6
2026-06-07 19:18:29,HBD,Fog,0.6,4.57,0.4,25.1,59.0
2026-03-22 21:29:27,HBD,Clear,0.11,8.56,0.4,29.6,81.1
2026-05-23 14:08:51,HBD,Clear,0.39,7.4,0.6,38.5,79.8
2026-01-13 11:54:06,HBD,Rain,0.26,7.09,2.5,27.5,81.0
2026-04-08 11:08:47,HBD,Rain,0.45,6.12,6.3,12.8,60.3
2026-01-01 11:45:12,HBD,Clear,0.3,7.89,0.7,28.0,57.0
2026-06-14 02:14:00,HBD,Cloudy,0.26,7.72,1.2,34.4,50.4
2026-04-01 14:28:20,HBD,Clear,0.18,8.36,0.6,19.3,26.5
2026-01-15 03:32:16,HBD,Clear,0.33,6.96,0.5,21.0,94.1
2026-04-03 15:38:02,HBD,Clear,0.08,9.19,1.2,36.5,81.4
2026-05-03 17:43:08,HBD,Rain,0.2,7.36,3.8,25.9,79.6
2026-04-30 22:36:11,HBD,Clear,0.27,7.67,0.7,26.0,81.0
2026-02-04 16:17:27,HBD,Rain,0.4,5.09,28.8,21.9,88.5
2026-05-18 04:28:01,HBD,Rain,0.09,8.1,22.3,30.6,45.0
2026-02-18 14:58:10,HBD,Clear,0.4,6.39,0.5,28.3,72.3
2026-06-05 23:11:19,HBD,Clear,0.16,8.11,0.3,28.7,54.0
2026-01-17 11:32:19,HBD,Fog,0.53,6.14,0.6,17.7,30.5
2026-02-16 03:39:32,HBD,Rain,0.41,5.02,3.8,35.3,92.5
2026-02-08 17:34:57,HBD,Fog,0.92,1.98,1.3,31.4,88.4
2026-04-15 16:16:28,HBD,Fog,0.71,4.05,1.0,19.5,65.7
2026-06-21 08:39:55,HBD,Clear,0.48,5.86,0.8,18.5,55.6
2026-03-22 03:15:58,HBD,Fog,0.61,4.47,1.5,38.2,38.2
2026-03-13 13:05:59,HBD,Clear,0.22,8.61,0.0,29.8,81.3
2026-03-17 07:34:26,HBD,Cloudy,0.2,7.93,0.6,8.4,30.4
2026-02-26 09:33:07,HBD,Cloudy,0.23,7.8,1.0,27.4,61.2
2026-03-01 14:23:59,HBD,Clear,0.04,10.0,1.1,27.8,60.7
2026-06-06 04:34:42,HBD,Clear,0.2,8.2,1.5,28.3,100.0
2026-06-19 07:29:33,HBD,Clear,0.36,7.19,0.2,21.4,69.6
2026-02-01 20:27:44,HBD,Cloudy,0.17,8.13,0.8,27.2,86.5
2026-02-11 19:10:38,HBD,Cloudy,0.06,9.68,0.2,14.4,43.8
2026-04-30 06:32:29,HBD,Cloudy,0.52,5.48,0.6,12.6,63.3
2026-02-28 11:21:28,HBD,Rain,0.18,7.81,6.1,37.4,63.6
2026-04-03 22:47:30,HBD,Fog,1.0,1.65,0.6,11.8,81.2
2026-01-02 07:14:48,HBD,Fog,0.8,3.36,0.3,22.7,58.9
2026-03-26 02:18:51,HBD,Fog,0.89,2.01,0.9,37.5,83.0
2026-01-05 13:16:59,HBD,Clear,0.18,7.82,1.3,33.4,74.3
2026-02-24 00:15:50,HBD,Fog,0.59,4.92,0.6,22.7,42.6
2026-03-15 14:40:10,HBD,Clear,0.48,5.99,1.2,26.2,75.3
2026-01-23 15:30:08,HBD,Cloudy,0.12,9.57,0.5,36.0,45.0
2026-01-12 21:36:31,HBD,Fog,0.55,5.37,1.3,14.9,85.9
2026-01-06 20:59:59,HBD,Fog,0.68,3.93,1.1,18.3,99.0
2026-01-24 08:51:26,HBD,Cloudy,0.17,8.29,1.1,12.7,27.5
2026-04-19 16:28:45,HBD,Cloudy,0.3,6.84,1.4,28.0,74.8
2026-05-01 16:24:14,HBD,Clear,0.09,8.87,1.5,25.4,99.2
2026-02-13 08:07:50,HBD,Clear,0.25,7.97,1.4,25.8,54.2
2026-06-07 06:18:32,HBD,Cloudy,0.03,10.43,1.5,27.0,55.1
2026-05-02 01:16:46,HBD,Clear,0.38,6.43,1.1,22.6,56.2
2026-01-24 17:58:02,HBD,Clear,0.15,8.29,0.3,29.2,48.0
2026-02-24 15:54:49,HBD,Rain,0.39,5.51,22.0,26.5,78.8
2026-02-15 22:01:51,HBD,Clear,0.57,5.22,0.2,24.8,100.0
2026-04-08 14:48:37,HBD,Clear,0.15,8.45,0.1,45.8,54.6
2026-03-24 21:49:33,HBD,Clear,0.1,8.63,0.3,22.1,58.1
2026-05-14 06:43:24,HBD,Clear,0.52,5.95,1.5,12.8,76.4
2026-05-06 07:01:57,HBD,Fog,0.58,5.32,0.5,33.9,43.6
2026-02-21 13:46:41,HBD,Cloudy,0.17,8.46,0.7,30.3,29.2
2026-05-20 00:38:34,HBD,Clear,0.08,8.83,0.1,21.9,50.8
2026-03-01 03:19:47,HBD,Clear,0.46,6.26,1.0,25.9,70.0
2026-05-31 12:19:32,HBD,Cloudy,0.57,6.02,0.8,37.4,63.2
2026-04-30 01:32:26,HBD,Clear,0.31,7.26,0.8,24.3,59.3
2026-03-07 05:43:19,HBD,Clear,0.26,8.05,0.2,24.3,45.8
2026-05-16 09:53:26,HBD,Clear,0.02,9.52,1.0,1.6,73.0
2026-03-04 16:48:57,HBD,Clear,0.48,5.75,0.5,14.8,69.2
2026-01-31 07:31:47,HBD,Clear,0.29,7.14,1.3,21.5,35.6
2026-02-03 07:08:13,HBD,Cloudy,0.16,8.46,1.3,22.1,70.6
2026-01-11 23:49:40,HBD,Clear,0.33,7.19,0.3,19.1,45.4
2026-01-24 10:37:49,HBD,Clear,0.27,7.49,0.4,19.0,83.6
2026-04-12 23:18:18,HBD,Clear,0.28,7.91,0.1,34.1,93.6
2026-03-23 00:46:13,HBD,Clear,0.22,8.19,0.1,12.9,45.3
2026-04-26 04:12:23,HBD,Fog,0.63,4.57,1.1,18.2,67.1
2026-01-13 18:09:29,HBD,Clear,0.38,6.96,0.4,19.1,68.9
2026-05-02 02:12:30,HBD,Clear,0.43,6.59,0.3,19.4,72.4
2026-02-05 10:44:00,HBD,Clear,0.19,8.44,0.3,29.9,64.5
2026-04-05 09:42:01,HBD,Rain,0.29,6.61,9.4,37.4,89.2
2026-02-11 22:33:56,HBD,Clear,0.6,4.11,1.0,38.7,68.8
2026-02-27 16:05:59,HBD,Clear,0.27,8.08,0.6,28.6,75.9
2026-02-04 03:31:17,HBD,Clear,0.14,8.68,1.2,19.2,79.9
2026-05-19 02:21:35,HBD,Clear,0.16,9.12,0.4,17.8,50.6
2026-06-23 11:58:54,HBD,Cloudy,0.32,7.69,1.4,33.8,52.1
2026-05-27 08:04:38,HBD,Fog,0.85,3.0,0.2,28.4,54.4
2026-04-12 15:31:31,HBD,Clear,0.19,7.64,1.0,24.8,70.1
2026-05-17 07:12:18,HBD,Cloudy,0.35,6.67,0.8,18.6,100.0
2026-03-31 09:13:13,HBD,Clear,0.39,7.0,0.0,16.2,55.3
2026-01-11 10:11:33,HBD,Fog,0.47,5.79,1.0,15.0,84.9
2026-04-13 06:58:29,HBD,Cloudy,0.35,7.38,0.3,19.6,70.4
2026-06-24 01:52:10,HBD,Clear,0.08,9.35,0.8,24.2,53.2
2026-06-29 13:55:35,HBD,Clear,0.15,8.44,1.4,17.8,73.3
2026-04-04 00:58:06,HBD,Clear,0.08,9.27,0.9,13.7,91.6
2026-02-02 10:42:19,HBD,Fog,0.59,4.81,0.2,9.1,44.8
2026-05-08 06:37:26,HBD,Clear,0.22,8.42,0.8,23.0,66.3
2026-06-04 22:38:41,HBD,Rain,0.13,7.05,0.1,12.7,68.5
2026-04-20 00:44:27,HBD,Fog,0.48,5.58,1.5,17.0,89.5
2026-06-27 14:40:11,HBD,Cloudy,0.31,7.87,0.4,31.3,81.0
2026-02-25 04:50:25,HBD,Rain,0.39,5.29,17.5,33.1,74.6
2026-01-08 20:25:23,HBD,Cloudy,0.26,7.52,0.4,30.1,63.5
2026-01-05 09:37:47,HBD,Fog,0.72,3.29,1.5,16.7,42.2
2026-06-30 13:02:40,HBD,Rain,0.22,6.89,3.8,21.5,39.4
2026-04-04 20:54:01,HBD,Cloudy,0.48,6.09,0.8,15.0,84.7
2026-02-08 15:08:23,HBD,Clear,0.31,7.76,1.4,38.1,64.5
2026-03-03 07:07:35,HBD,Cloudy,0.43,5.86,0.7,14.9,20.0
2026-05-16 03:56:12,HBD,Cloudy,0.56,4.71,1.2,33.8,83.0
2026-06-15 14:00:57,HBD,Clear,0.22,8.11,0.1,30.9,90.1
2026-01-14 05:01:59,HBD,Clear,0.28,7.11,0.4,21.4,48.3
2026-04-06 05:21:07,HBD,Cloudy,0.18,8.22,0.8,25.6,66.1
2026-01-10 23:24:20,HBD,Rain,0.37,6.34,8.1,21.9,62.0
2026-02-19 04:40:35,HBD,Clear,0.18,8.12,0.3,7.4,61.6
2026-06-23 17:11:57,HBD,Cloudy,0.28,8.1,0.1,29.3,92.5
2026-06-10 03:02:44,HBD,Rain,0.22,6.39,4.8,31.2,42.7
2026-04-05 17:23:48,HBD,Clear,0.31,7.22,1.2,10.5,61.7
2026-05-08 17:12:32,HBD,Rain,0.26,6.02,24.3,18.6,100.0
2026-01-21 14:21:28,HBD,Clear,0.12,9.01,0.1,34.7,47.0
2026-04-08 06:58:23,HBD,Clear,0.27,7.25,0.3,17.9,63.6
2026-02-28 02:31:04,HBD,Clear,0.29,7.43,0.3,18.2,42.8
2026-06-18 19:55:08,HBD,Clear,0.33,7.35,0.4,23.2,41.6
2026-06-24 06:00:21,HBD,Clear,0.28,7.72,0.5,29.0,67.3
2026-06-16 03:14:13,HBD,Clear,0.45,6.35,0.1,22.6,71.5
2026-02-17 08:26:57,HBD,Clear,0.2,8.29,1.5,26.0,70.6
2026-02-02 16:20:54,HBD,Rain,0.4,5.83,7.6,16.9,89.2
2026-05-18 14:14:14,HBD,Clear,0.27,7.68,0.7,37.4,36.6
2026-06-27 02:19:15,HBD,Clear,0.17,8.38,0.5,26.4,35.3
2026-06-03 02:04:23,HBD,Clear,0.39,6.39,0.8,33.5,53.5
2026-02-11 18:20:46,HBD,Clear,0.32,6.63,1.2,32.4,93.3
2026-03-14 13:07:46,HBD,Cloudy,0.39,6.75,1.0,36.1,100.0
2026-05-27 06:20:47,HBD,Clear,0.13,9.41,1.2,22.2,93.2
2026-02-03 11:21:49,HBD,Clear,0.44,6.26,0.7,35.5,87.6
2026-01-09 18:21:16,HBD,Fog,0.86,2.2,1.4,33.6,64.3
2026-06-17 04:52:51,HBD,Clear,0.65,4.29,1.5,37.9,59.9
2026-04-18 15:27:55,HBD,Clear,0.18,8.41,0.6,32.5,57.1
2026-01-13 15:43:27,HBD,Clear,0.51,4.88,1.2,20.2,40.7
2026-02-10 22:29:04,HBD,Fog,1.0,2.26,1.2,32.0,74.5
2026-03-26 21:12:25,HBD,Clear,0.52,6.05,0.8,15.0,60.8
2026-03-20 17:07:01,HBD,Clear,0.42,6.67,0.0,21.6,100.0
2026-04-12 21:42:53,HBD,Cloudy,0.61,4.84,0.2,20.4,66.2
2026-06-12 02:26:50,HBD,Cloudy,0.33,7.53,0.1,29.0,54.8
2026-04-12 14:54:42,HBD,Cloudy,0.15,8.11,0.2,22.6,65.7
2026-05-24 10:08:46,HBD,Clear,0.37,6.95,0.1,34.2,100.0
2026-01-27 18:48:58,HBD,Clear,0.13,9.62,1.1,14.5,63.2
2026-04-02 15:44:24,HBD,Clear,0.41,6.47,1.4,21.0,79.3
2026-04-22 02:50:33,HBD,Cloudy,0.09,9.06,1.4,32.5,63.9
2026-03-31 11:43:53,HBD,Clear,0.15,9.11,0.5,20.9,58.7
2026-02-26 16:35:58,HBD,Clear,0.26,7.2,0.6,31.2,67.7
2026-04-17 15:02:02,HBD,Clear,0.18,8.79,1.5,25.5,53.3
2026-04-26 02:48:18,HBD,Fog,0.68,4.6,1.4,18.2,60.5
2026-04-30 19:17:32,HBD,Cloudy,0.27,8.6,0.2,19.8,86.2
2026-03-03 00:20:05,HBD,Clear,0.1,8.66,0.0,27.0,54.3
2026-02-26 06:47:50,HBD,Cloudy,0.14,8.42,0.3,33.8,63.6
2026-01-26 03:55:00,HBD,Clear,0.12,10.09,0.1,35.0,59.0
2026-02-26 00:27:55,HBD,Clear,0.18,8.3,0.6,35.4,74.0
2026-01-21 19:25:17,HBD,Cloudy,0.07,9.69,0.7,17.8,67.1
2026-01-25 23:49:38,HBD,Clear,0.2,8.43,0.8,14.6,64.0
2026-03-31 23:47:17,HBD,Cloudy,0.36,6.3,1.5,16.7,94.9
2026-03-28 12:02:52,HBD,Clear,0.16,8.82,0.3,12.8,75.2
2026-03-23 18:19:39,HBD,Fog,0.61,4.35,1.4,34.7,78.8
2026-01-25 11:36:46,HBD,Clear,0.37,6.51,1.2,25.3,100.0
2026-02-22 10:09:05,HBD,Clear,0.05,9.98,0.3,30.4,71.3
2026-06-26 00:26:06,HBD,Clear,0.16,8.47,0.1,12.8,86.0
2026-05-23 23:34:08,HBD,Clear,0.3,7.57,0.9,35.9,71.5
2026-03-16 03:52:15,HBD,Rain,0.57,5.12,8.2,7.6,58.8
2026-02-13 03:11:55,HBD,Cloudy,0.26,8.62,1.4,22.7,60.5
2026-05-19 01:32:20,HBD,Clear,0.63,3.78,0.3,21.6,100.0
2026-01-31 23:30:41,HBD,Clear,0.21,8.22,0.7,24.7,54.9
2026-01-29 02:26:08,HBD,Clear,0.35,6.78,0.5,28.6,71.6
2026-03-27 09:46:48,HBD,Clear,0.14,8.09,1.3,27.1,70.0
2026-03-20 02:32:30,HBD,Clear,0.36,7.94,1.4,25.9,58.8
2026-02-06 20:04:20,HBD,Clear,0.13,8.8,0.5,13.0,69.7
2026-01-09 18:40:29,HBD,Rain,0.24,6.43,3.6,13.7,80.0
2026-01-30 13:52:42,HBD,Cloudy,0.27,7.78,0.3,24.2,29.7
2026-05-09 03:54:21,HBD,Cloudy,0.23,7.97,1.5,36.8,67.9
2026-04-30 18:44:58,HBD,Clear,0.32,8.13,0.5,28.7,61.8
2026-05-11 06:35:39,HBD,Cloudy,0.42,6.36,0.8,20.9,52.9
2026-02-13 08:15:39,HBD,Cloudy,0.15,8.59,0.4,21.6,61.4
2026-06-10 05:45:13,HBD,Cloudy,0.3,7.51,0.9,30.6,100.0
2026-02-23 11:50:33,HBD,Clear,0.04,9.58,1.1,30.8,73.8
2026-01-02 02:33:49,HBD,Clear,0.25,7.56,1.3,13.0,40.5
2026-04-25 16:45:49,HBD,Cloudy,0.26,7.67,0.2,16.8,40.6
2026-03-28 02:47:26,HBD,Cloudy,0.08,8.63,0.9,24.5,68.3
2026-05-27 06:03:08,HBD,Clear,0.29,6.94,0.6,28.3,47.1
2026-04-17 13:58:56,HBD,Clear,0.71,2.94,0.2,24.1,44.9
2026-03-29 00:23:32,HBD,Clear,0.11,8.13,0.3,23.2,94.9
2026-03-18 13:16:45,HBD,Rain,0.02,7.84,9.4,23.3,49.3
2026-04-01 09:33:12,HBD,Clear,0.27,7.87,0.3,27.3,42.0
2026-05-20 15:46:23,HBD,Clear,0.45,6.45,1.1,17.0,96.1
2026-06-26 20:46:53,HBD,Clear,0.08,9.77,0.5,24.9,97.9
2026-05-07 22:36:27,HBD,Clear,0.06,9.7,0.5,27.3,78.3
2026-04-19 10:49:53,HBD,Clear,0.29,6.69,0.8,18.0,46.4
2026-01-17 07:58:02,HBD,Fog,0.55,5.36,0.4,21.3,81.9
2026-01-31 19:54:34,HBD,Clear,0.13,9.0,1.0,8.4,83.5
2026-03-27 06:21:44,HBD,Clear,0.3,7.25,0.7,32.7,88.1
2026-06-03 23:03:06,HBD,Rain,0.07,8.29,3.8,26.9,41.2
2026-03-17 06:49:39,HBD,Clear,0.05,9.16,0.8,34.4,55.3
2026-06-10 08:54:18,HBD,Fog,0.41,6.91,1.0,1.6,40.9
2026-02-27 06:10:29,HBD,Rain,0.22,6.22,3.4,22.0,54.3
2026-01-27 01:46:35,HBD,Cloudy,0.64,4.87,1.5,37.9,80.3
2026-05-23 09:13:16,HBD,Clear,0.37,7.54,0.5,33.0,62.1
2026-03-23 22:14:49,HBD,Cloudy,0.24,7.44,1.1,22.9,74.3
2026-03-18 12:30:59,HBD,Clear,0.16,8.21,0.6,11.7,87.6
2026-02-18 11:43:47,HBD,Clear,0.61,4.66,0.4,17.8,71.1
2026-04-12 02:13:14,HBD,Cloudy,0.19,8.29,0.6,26.0,93.9
2026-05-26 01:18:25,HBD,Clear,0.37,6.82,1.4,28.9,45.6
2026-03-28 03:10:05,HBD,Cloudy,0.32,7.52,0.5,36.8,75.3
2026-01-20 06:55:54,HBD,Fog,0.52,4.68,1.2,31.9,69.1
2026-04-06 11:58:22,HBD,Cloudy,0.26,7.89,1.0,20.6,56.0
2026-06-24 09:52:01,HBD,Clear,0.37,6.78,0.7,23.9,87.7
2026-02-23 01:53:31,HBD,Clear,0.19,8.38,1.3,35.7,76.9
2026-04-10 20:11:31,HBD,Clear,0.18,8.32,1.0,21.8,85.8
2026-06-05 10:37:41,HBD,Rain,0.06,8.83,0.8,18.1,87.5
2026-05-06 20:12:18,HBD,Clear,0.14,9.27,0.9,16.3,36.9
2026-04-19 21:52:07,HBD,Cloudy,0.37,6.86,1.0,14.5,56.3
2026-02-23 05:26:34,HBD,Cloudy,0.15,8.58,0.8,17.8,54.5
2026-05-19 18:52:35,HBD,Clear,0.14,9.08,0.3,24.3,66.0
2026-06-03 06:30:57,HBD,Cloudy,0.33,7.86,1.2,26.0,85.7
2026-06-10 06:21:45,HBD,Clear,0.27,8.02,0.5,27.6,64.4
2026-02-21 18:32:29,HBD,Clear,0.34,7.56,0.3,26.8,64.2
2026-04-15 09:35:45,HBD,Clear,0.24,8.43,1.3,26.9,70.6
2026-01-11 18:42:49,HBD,Cloudy,0.43,6.46,0.6,24.3,92.0
2026-06-07 15:32:49,HBD,Clear,0.72,3.54,1.4,19.5,71.5
2026-01-16 00:35:53,HBD,Clear,0.4,5.41,0.4,21.9,55.2
2026-01-16 20:46:25,HBD,Rain,0.54,3.6,4.7,24.0,47.7
2026-03-01 23:19:19,HBD,Clear,0.29,7.81,1.0,24.3,43.1
2026-04-11 22:50:32,HBD,Clear,0.11,8.79,1.4,37.2,51.9
2026-04-23 07:50:15,HBD,Clear,0.14,8.79,1.4,14.2,60.2
2026-03-04 09:26:22,HBD,Clear,0.12,9.28,0.7,30.6,58.5
2026-03-24 10:21:34,HBD,Clear,0.36,7.19,0.6,23.2,63.6
2026-01-08 16:53:20,HBD,Rain,0.23,6.57,7.4,14.6,60.2
2026-02-14 06:25:37,HBD,Fog,0.36,7.16,1.0,16.8,73.8
2026-01-05 14:38:23,HBD,Clear,0.23,7.7,0.2,34.7,36.6
2026-04-14 19:39:32,HBD,Clear,0.22,8.04,0.1,30.3,91.9
2026-02-21 19:59:59,HBD,Fog,0.43,6.23,0.8,30.5,58.4
2026-04-02 08:44:37,HBD,Fog,0.78,3.62,1.0,42.2,57.7
2026-06-29 02:49:51,HBD,Rain,0.18,7.01,4.5,29.6,85.8
2026-01-25 16:08:03,HBD,Rain,0.56,4.82,1.4,40.1,60.7
2026-02-11 09:12:41,HBD,Clear,0.25,7.84,0.0,30.1,79.9
2026-01-25 21:51:05,HBD,Clear,0.26,7.42,1.2,25.8,83.5
2026-01-17 22:40:06,HBD,Clear,0.14,8.04,0.6,30.1,54.6
2026-06-19 20:18:54,HBD,Clear,0.16,8.98,1.3,27.1,88.9
2026-02-27 20:29:15,HBD,Cloudy,0.11,8.8,0.3,23.7,72.3
2026-03-08 10:12:46,HBD,Fog,0.6,4.0,1.3,19.5,59.8
2026-01-31 06:25:49,HBD,Cloudy,0.46,6.45,0.8,18.4,68.1
2026-04-22 02:15:07,HBD,Cloudy,0.03,10.48,0.2,32.8,41.7
2026-03-08 21:42:25,HBD,Rain,0.3,6.52,12.4,29.2,42.5
2026-05-31 17:19:44,HBD,Rain,0.3,6.27,7.6,22.6,52.4
2026-03-17 12:29:31,HBD,Clear,0.09,9.53,0.2,22.3,22.5
2026-05-10 16:08:41,HBD,Clear,0.31,7.46,0.8,5.3,48.0
2026-06-16 07:47:04,HBD,Cloudy,0.52,4.95,0.3,24.7,58.8
2026-05-18 11:13:35,HBD,Clear,0.65,4.35,0.4,16.8,47.1
2026-01-23 17:17:32,HBD,Fog,0.64,4.79,0.0,30.6,81.4
2026-03-11 09:01:59,HBD,Cloudy,0.2,8.88,1.3,29.1,87.6
2026-03-14 14:31:22,HBD,Clear,0.2,7.77,0.6,23.0,47.9
2026-01-27 17:08:07,HBD,Cloudy,0.07,9.41,0.9,21.7,68.7
2026-06-21 00:54:14,HBD,Cloudy,0.26,7.46,1.2,24.2,48.2
2026-01-29 06:48:50,HBD,Clear,0.29,8.14,0.2,9.4,80.2
2026-02-28 19:45:29,HBD,Rain,0.29,6.61,5.0,32.6,61.0
2026-03-23 01:43:51,HBD,Clear,0.38,6.84,0.3,32.4,83.6
2026-01-10 14:06:16,HBD,Rain,0.35,6.06,2.4,16.1,79.5
2026-04-24 19:57:24,HBD,Clear,0.16,8.84,1.4,21.6,90.7
2026-02-05 12:15:56,HBD,Clear,0.27,7.85,1.2,40.0,59.8
2026-01-07 12:01:58,HBD,Clear,0.18,8.15,0.5,34.8,53.3
2026-02-14 21:54:36,HBD,Fog,0.67,4.55,0.8,10.6,100.0
2026-05-15 05:56:57,HBD,Clear,0.25,7.94,1.3,33.3,80.6
2026-05-16 06:53:58,HBD,Rain,0.24,6.92,2.0,22.9,59.6
2026-06-30 14:35:10,HBD,Fog,0.85,3.46,1.2,24.0,78.0
2026-02-02 16:56:08,HBD,Clear,0.14,8.33,0.1,28.1,53.6
2026-06-28 18:45:31,HBD,Rain,0.45,5.03,16.7,28.5,64.9
2026-04-05 08:45:12,HBD,Clear,0.52,5.53,1.3,14.9,73.7
2026-03-21 08:24:34,HBD,Clear,0.41,6.41,0.6,7.5,52.2
2026-01-13 19:49:28,HBD,Rain,0.47,4.27,5.5,24.3,55.5
2026-03-07 04:48:31,HBD,Clear,0.05,8.72,0.7,37.6,45.5
2026-04-06 18:32:03,HBD,Clear,0.48,6.34,1.3,22.6,82.1
2026-04-01 15:01:41,HBD,Fog,0.44,7.04,0.3,9.2,63.8
2026-02-19 17:55:33,HBD,Cloudy,0.32,6.56,0.3,27.5,51.9
2026-02-27 02:31:34,HBD,Rain,0.21,6.28,4.2,22.3,61.6
2026-05-23 23:22:22,HBD,Clear,0.09,9.1,0.7,18.4,58.9
2026-04-10 10:24:48,HBD,Clear,0.31,8.13,1.4,17.6,70.3
2026-06-08 04:24:41,HBD,Clear,0.36,7.47,0.8,34.0,84.7
2026-01-30 13:40:46,HBD,Fog,0.69,4.01,1.5,3.1,80.0
2026-04-05 12:23:43,HBD,Clear,0.34,7.6,0.2,28.9,95.2
2026-06-11 01:51:10,HBD,Clear,0.15,8.38,1.2,17.3,54.4
2026-04-11 07:12:52,HBD,Clear,0.32,7.36,1.0,24.9,90.9
2026-02-15 08:11:58,HBD,Clear,0.25,7.39,0.8,26.5,41.0
2026-06-07 04:38:01,HBD,Clear,0.4,6.89,1.1,23.0,79.9
2026-03-01 17:08:14,HBD,Clear,0.36,7.32,1.0,36.0,61.2
2026-02-03 18:12:16,HBD,Cloudy,0.14,7.69,1.1,11.1,60.4
2026-05-21 22:09:53,HBD,Clear,0.44,6.74,0.7,31.9,84.0
2026-04-07 07:17:17,HBD,Clear,0.38,6.19,0.8,12.9,52.5
2026-01-16 12:57:55,HBD,Clear,0.52,6.18,0.3,21.3,64.7
2026-03-04 17:04:54,HBD,Clear,0.29,7.21,0.3,24.1,61.7
2026-01-11 04:16:35,HBD,Clear,0.38,6.65,0.3,19.5,38.9
2026-04-20 08:21:02,HBD,Clear,0.34,7.56,0.6,17.1,53.7
2026-01-24 16:19:52,HBD,Clear,0.18,8.64,0.9,11.6,69.7
2026-03-20 09:04:04,HBD,Fog,0.64,4.33,0.8,35.4,72.6
2026-02-05 01:31:03,HBD,Fog,0.69,4.08,0.4,32.9,85.6
2026-06-02 14:40:24,HBD,Fog,0.63,4.14,0.4,5.6,67.5
2026-01-15 08:40:22,HBD,Clear,0.15,9.14,0.0,35.8,59.7
2026-06-30 01:06:23,HBD,Cloudy,0.45,6.09,1.4,13.5,86.3
2026-04-10 22:51:11,HBD,Clear,0.26,8.8,0.2,23.1,34.3
2026-04-16 19:43:23,HBD,Fog,0.67,4.25,0.3,28.5,57.9
2026-01-25 12:13:25,HBD,Cloudy,0.21,7.84,0.4,21.0,39.0
2026-06-12 18:19:58,HBD,Clear,0.15,8.56,1.0,8.6,84.9
2026-02-22 19:17:28,HBD,Clear,0.26,8.08,0.8,30.5,80.0
2026-03-15 13:47:31,HBD,Clear,0.6,5.47,0.2,18.9,97.2
2026-04-18 04:57:43,HBD,Clear,0.11,8.99,1.2,24.3,26.3
2026-03-16 05:37:47,HBD,Fog,0.6,5.54,0.5,22.3,33.3
2026-02-28 22:14:33,HBD,Cloudy,0.38,6.57,1.2,18.0,80.4
2026-06-08 12:26:34,HBD,Fog,0.68,4.23,0.9,22.9,100.0
2026-04-28 01:47:28,HBD,Clear,0.25,8.32,1.0,31.4,66.0
2026-05-29 05:45:28,HBD,Clear,0.22,7.64,1.4,24.4,73.7
2026-06-05 17:36:11,HBD,Cloudy,0.13,8.74,1.1,40.0,81.3
2026-02-08 02:35:20,HBD,Clear,0.28,6.49,1.2,12.8,89.3
2026-01-14 11:03:25,HBD,Clear,0.51,6.0,1.3,19.2,69.7
2026-06-26 23:03:07,HBD,Cloudy,0.15,8.65,0.2,37.7,77.4
2026-04-01 01:25:08,HBD,Clear,0.27,7.71,1.5,29.3,100.0
2026-06-27 02:59:28,HBD,Clear,0.62,4.63,1.1,26.4,55.8
2026-06-29 03:33:55,HBD,Clear,0.47,5.87,1.1,25.3,85.0
2026-03-03 19:05:15,HBD,Clear,0.11,9.58,1.4,34.7,97.2
2026-05-21 13:51:41,HBD,Rain,0.07,7.75,6.5,13.2,56.6
2026-03-18 10:47:29,HBD,Cloudy,0.38,6.79,0.1,21.8,37.9
2026-05-21 07:29:38,HBD,Cloudy,0.09,9.28,0.1,18.7,100.0
2026-05-04 16:24:58,HBD,Rain,0.13,8.16,3.4,20.8,59.1
2026-04-06 07:13:06,HBD,Cloudy,0.27,7.06,0.2,26.9,87.5
2026-01-11 04:46:23,HBD,Rain,0.07,8.05,2.4,22.8,48.7
2026-01-03 23:50:25,HBD,Clear,0.47,6.75,1.4,15.0,33.3
2026-01-13 20:58:37,HBD,Clear,0.14,8.21,0.9,17.8,52.4
2026-05-20 16:45:10,HBD,Cloudy,0.56,5.74,0.2,27.9,66.2
2026-03-09 14:21:02,HBD,Cloudy,0.2,8.49,0.3,45.2,76.6
2026-02-10 07:28:18,HBD,Clear,0.71,4.32,0.5,12.6,62.0
2026-01-30 07:47:33,HBD,Clear,0.63,4.39,0.2,30.9,67.3
2026-02-16 10:47:33,HBD,Rain,0.15,7.73,5.1,18.7,95.5
2026-02-24 00:49:55,HBD,Cloudy,0.03,9.94,1.3,13.4,74.3
2026-04-21 14:00:38,HBD,Clear,0.24,7.96,0.8,17.8,92.4
2026-02-01 18:44:40,HBD,Clear,0.25,7.9,0.6,24.7,69.9
2026-03-17 03:20:04,HBD,Rain,0.19,7.71,12.1,35.0,88.0
2026-04-10 02:26:15,HBD,Clear,0.08,9.41,1.4,21.9,53.7
2026-03-24 11:09:14,HBD,Clear,0.1,8.85,1.3,38.7,91.4
2026-03-18 11:10:29,HBD,Clear,0.23,7.8,0.5,21.2,98.2
2026-02-08 01:29:17,HBD,Clear,0.27,7.86,0.8,24.2,53.6
2026-06-25 17:42:19,HBD,Clear,0.32,7.43,0.5,19.8,95.9
2026-06-08 10:52:36,HBD,Clear,0.12,8.63,0.1,28.1,67.1
2026-05-10 07:14:01,HBD,Fog,0.77,3.02,1.1,28.1,64.0
2026-05-03 23:16:35,HBD,Rain,0.14,7.66,9.6,25.5,46.6
2026-03-19 18:13:30,HBD,Clear,0.15,8.82,1.0,21.5,65.5
2026-01-04 10:56:04,HBD,Clear,0.59,5.09,1.0,13.0,89.9
2026-06-05 02:58:13,HBD,Clear,0.03,8.96,1.4,20.0,57.6
2026-04-07 02:40:03,HBD,Clear,0.38,6.52,1.4,24.0,65.1
2026-02-22 11:29:35,HBD,Clear,0.36,7.43,1.2,27.1,54.4
2026-02-04 08:52:49,HBD,Rain,0.46,5.05,2.0,18.5,60.5
2026-04-18 08:23:23,HBD,Clear,0.32,7.45,1.0,23.0,63.3
2026-06-05 00:49:05,HBD,Fog,0.88,2.93,1.1,29.8,100.0
2026-01-18 12:36:58,HBD,Rain,0.14,7.89,17.3,26.0,46.9
2026-03-12 07:43:35,HBD,Clear,0.23,8.24,1.5,15.5,69.6
2026-03-04 06:52:52,HBD,Clear,0.16,7.54,1.4,16.5,39.9
2026-02-09 12:20:26,HBD,Cloudy,0.26,7.59,1.4,36.0,54.7
2026-02-22 14:21:08,HBD,Clear,0.24,7.41,0.4,29.4,73.6
2026-05-12 00:18:01,HBD,Fog,0.89,1.97,0.9,22.2,68.3
2026-04-27 15:23:39,HBD,Rain,0.28,7.06,11.9,33.7,43.1
2026-05-30 20:24:29,HBD,Clear,0.47,5.9,1.0,24.9,99.8
2026-02-24 02:27:59,HBD,Clear,0.34,7.72,0.2,33.3,100.0
2026-02-03 06:56:20,HBD,Clear,0.57,4.6,0.4,13.4,100.0
2026-01-12 08:19:14,HBD,Rain,0.19,7.56,16.3,40.3,82.9
2026-04-09 02:02:16,HBD,Clear,0.14,8.82,1.3,10.5,100.0
2026-03-16 11:38:50,HBD,Clear,0.27,7.89,0.4,13.8,74.8
2026-04-03 14:23:29,HBD,Rain,0.16,7.18,1.1,23.5,77.5
2026-04-05 06:18:28,HBD,Clear,0.09,9.03,1.0,19.7,61.2
2026-03-22 01:02:25,HBD,Cloudy,0.46,6.19,1.5,30.8,53.2
2026-02-26 19:09:16,HBD,Clear,0.3,7.85,0.7,25.5,63.2
2026-05-07 13:16:41,HBD,Fog,0.55,5.37,0.5,22.7,85.4
2026-02-06 11:12:50,HBD,Clear,0.36,6.63,0.7,7.4,98.9
2026-02-14 04:45:11,HBD,Clear,0.63,4.48,0.9,14.8,60.7
2026-05-06 13:57:22,HBD,Clear,0.24,9.1,1.2,14.7,69.7
2026-04-01 15:45:00,HBD,Clear,0.07,9.37,0.1,24.5,59.0
2026-06-25 02:44:58,HBD,Cloudy,0.45,5.59,1.3,20.2,71.8
2026-04-28 13:42:03,HBD,Clear,0.36,6.41,1.3,36.5,54.4
2026-02-02 11:25:16,HBD,Clear,0.09,8.86,0.8,21.0,62.3
2026-01-25 13:15:52,HBD,Clear,0.14,9.33,1.1,26.9,39.5
2026-02-17 21:11:39,HBD,Rain,0.23,7.05,7.7,21.3,61.1
2026-05-09 19:31:13,HBD,Rain,0.17,7.01,18.7,14.5,50.7
2026-01-28 09:19:09,HBD,Rain,0.21,6.89,12.9,24.6,83.1
2026-05-01 06:59:04,HBD,Clear,0.14,8.43,1.4,13.4,58.4
2026-06-10 17:38:02,HBD,Cloudy,0.35,7.32,1.2,26.0,48.0
2026-02-10 10:52:53,HBD,Cloudy,0.57,4.8,0.9,23.8,74.7
2026-05-25 10:25:56,HBD,Clear,0.18,8.56,0.7,14.6,77.4
2026-02-11 11:02:22,HBD,Clear,0.32,7.31,0.0,23.0,61.1
2026-01-03 08:15:43,HBD,Clear,0.11,9.67,1.0,17.8,78.6
2026-05-13 09:13:06,HBD,Cloudy,0.27,7.07,0.2,28.3,57.2
2026-02-27 04:49:33,HBD,Clear,0.63,4.78,1.0,22.7,26.6
2026-03-06 09:13:35,HBD,Clear,0.49,6.28,0.4,19.3,73.0
2026-03-17 03:42:27,HBD,Rain,0.16,7.23,8.4,39.0,65.7
2026-04-03 11:14:41,HBD,Rain,0.29,7.02,11.2,18.7,71.7
2026-02-16 05:09:37,HBD,Cloudy,0.39,7.04,0.4,20.3,74.6
2026-06-19 17:53:51,HBD,Clear,0.16,8.91,0.8,30.1,33.8
2026-04-27 07:26:00,HBD,Clear,0.36,6.75,1.3,29.0,73.5
2026-06-03 13:40:20,HBD,Clear,0.35,7.34,1.4,30.3,82.0
2026-01-10 18:15:09,HBD,Clear,0.19,7.98,1.0,29.1,49.3
2026-05-09 19:51:56,HBD,Clear,0.3,7.17,1.5,22.2,60.9
2026-01-22 12:39:11,HBD,Clear,0.14,8.87,1.0,30.5,100.0
2026-04-09 07:01:22,HBD,Clear,0.48,6.45,1.4,43.3,100.0
2026-05-03 19:52:20,HBD,Clear,0.27,8.2,1.0,23.6,100.0
2026-01-30 21:41:30,HBD,Clear,0.35,6.78,0.1,15.3,97.8
2026-06-08 23:58:04,HBD,Clear,0.14,8.9,1.0,22.8,73.0
2026-02-27 04:53:45,HBD,Fog,0.55,4.79,0.3,31.1,44.2
2026-03-26 09:04:52,HBD,Cloudy,0.21,8.58,0.1,20.1,44.1
2026-06-25 11:11:50,HBD,Clear,0.26,6.56,0.8,28.5,22.1
2026-06-29 10:38:39,HBD,Clear,0.19,8.27,0.2,29.6,100.0
2026-02-21 15:39:08,HBD,Clear,0.25,7.87,0.3,21.6,74.8
2026-02-04 16:00:40,HBD,Clear,0.2,8.08,0.4,16.0,71.6
2026-05-17 22:39:00,HBD,Fog,0.75,4.21,0.2,29.3,70.2
2026-01-18 06:17:07,HBD,Fog,0.45,5.63,0.5,16.6,71.2
2026-06-19 05:11:05,HBD,Clear,0.45,6.63,0.9,39.1,85.4
2026-06-04 13:32:39,HBD,Fog,0.7,3.82,1.4,23.8,66.2
2026-03-26 19:26:53,HBD,Rain,0.27,6.29,2.4,7.6,36.6
2026-02-22 10:37:17,HBD,Cloudy,0.06,9.3,0.2,19.4,96.7
2026-06-19 20:28:57,HBD,Cloudy,0.36,7.27,0.8,25.1,76.7
2026-03-01 20:07:03,HBD,Clear,0.14,8.82,1.1,20.5,81.9
2026-04-06 17:43:26,HBD,Clear,0.09,9.56,0.1,21.8,96.9
2026-04-18 20:24:45,HBD,Clear,0.07,8.79,0.6,9.5,48.7
2026-05-03 06:17:46,HBD,Rain,0.18,7.91,9.0,24.3,69.4
2026-03-09 16:20:33,HBD,Clear,0.04,9.36,0.6,25.9,57.2
2026-02-23 07:20:17,HBD,Fog,0.67,4.68,0.2,22.2,72.5
2026-02-03 04:15:36,HBD,Fog,0.81,3.21,0.8,10.0,77.6
2026-05-31 18:04:39,HBD,Clear,0.41,6.51,1.1,24.5,62.4
2026-05-26 01:08:54,HBD,Rain,0.14,8.47,11.4,20.3,92.1
2026-01-30 06:54:46,HBD,Clear,0.26,8.22,0.3,25.2,69.3
2026-05-07 04:27:09,HBD,Clear,0.08,9.92,0.2,31.5,68.4
2026-04-17 06:50:55,HBD,Clear,0.21,8.0,0.4,29.9,80.2
2026-05-07 17:27:34,HBD,Clear,0.11,8.87,0.3,20.6,51.1
2026-05-26 03:04:30,HBD,Fog,0.53,5.28,0.2,19.2,29.7
2026-01-31 12:18:54,HBD,Clear,0.48,5.88,0.4,13.3,86.8
2026-06-03 11:01:26,HBD,Rain,0.55,4.07,6.5,14.4,81.1
2026-05-07 11:40:52,HBD,Cloudy,0.18,8.53,1.5,22.9,68.8
2026-02-24 09:55:58,HBD,Cloudy,0.32,7.95,0.4,31.7,57.5
2026-04-19 23:29:42,HBD,Clear,0.32,7.21,1.5,21.6,58.6
2026-01-15 07:30:32,HBD,Rain,0.32,5.93,8.6,38.3,95.0
2026-01-24 08:04:33,HBD,Cloudy,0.11,9.3,0.4,40.7,75.3
2026-05-24 04:43:33,HBD,Clear,0.13,8.61,0.9,5.8,56.6
2026-01-30 23:17:53,HBD,Rain,0.19,6.93,10.4,19.8,43.9
2026-04-05 21:25:13,HBD,Clear,0.44,6.36,0.5,32.5,43.9
2026-01-06 02:26:47,HBD,Clear,0.64,4.08,1.4,30.6,76.3
2026-04-23 04:45:02,HBD,Rain,0.29,6.35,6.4,28.9,68.1
2026-04-26 03:06:35,HBD,Clear,0.18,8.26,1.2,26.4,35.2
2026-01-29 03:39:08,HBD,Clear,0.27,8.24,0.3,28.4,60.8
2026-01-17 14:09:53,HBD,Clear,0.14,8.72,1.5,9.9,47.7
2026-03-14 02:55:53,HBD,Fog,0.69,3.31,1.5,19.5,64.9
2026-04-21 04:01:03,HBD,Cloudy,0.03,9.24,0.3,14.8,61.8
2026-06-14 01:18:57,HBD,Cloudy,0.63,4.93,0.5,38.7,94.9
2026-03-31 16:30:33,HBD,Clear,0.4,7.24,0.1,11.1,78.9
2026-04-20 12:50:53,HBD,Cloudy,0.35,6.91,0.2,25.1,61.6
2026-03-03 14:05:19,HBD,Clear,0.32,7.84,0.4,10.6,100.0
2026-06-11 08:38:59,HBD,Fog,0.51,6.17,1.3,19.4,69.9
2026-05-15 11:47:11,HBD,Cloudy,0.16,8.32,0.7,19.3,60.3
2026-04-24 03:52:02,HBD,Cloudy,0.3,7.19,0.7,10.0,54.6
2026-01-11 15:16:39,HBD,Clear,0.34,6.65,1.4,38.5,79.3
2026-03-11 08:12:46,HBD,Clear,0.64,4.61,0.5,37.3,50.7
2026-02-19 08:16:23,HBD,Clear,0.43,6.3,0.5,26.8,62.6
2026-02-11 07:29:48,HBD,Clear,0.46,5.87,1.5,26.6,31.6
2026-06-03 00:17:45,HBD,Clear,0.63,5.31,1.0,31.4,61.4
2026-02-09 04:09:34,HBD,Fog,0.7,4.06,0.6,32.1,46.3
2026-03-15 01:07:50,HBD,Clear,0.04,9.99,0.7,15.6,61.0
2026-04-11 04:39:11,HBD,Clear,0.26,8.39,0.1,18.3,78.9
2026-04-11 03:19:00,HBD,Fog,0.52,6.02,0.3,21.8,59.8
2026-05-19 10:40:44,HBD,Clear,0.04,9.76,1.2,32.6,40.9
2026-06-05 07:21:30,HBD,Clear,0.22,7.95,1.1,38.6,89.1
2026-05-25 23:19:31,HBD,Cloudy,0.29,8.0,0.2,37.0,58.3
2026-04-19 02:24:32,HBD,Rain,0.3,6.88,7.3,23.9,58.9
2026-01-03 14:08:53,HBD,Clear,0.43,6.12,1.2,17.8,52.5
2026-06-14 14:57:25,HBD,Clear,0.44,6.47,0.7,13.3,67.9
2026-02-20 22:07:05,HBD,Fog,0.71,3.99,1.5,31.5,66.2
2026-02-27 21:39:26,HBD,Clear,0.4,7.01,0.5,21.9,42.5
2026-02-03 21:01:40,HBD,Cloudy,0.24,8.87,1.0,18.3,80.8
2026-06-09 17:59:42,HBD,Rain,0.21,6.73,11.0,21.5,68.1
2026-03-25 01:01:49,HBD,Clear,0.4,6.33,0.2,21.7,98.0
2026-01-13 20:03:12,HBD,Clear,0.22,8.56,0.8,19.4,83.6
2026-01-27 13:37:05,HBD,Fog,0.39,6.03,1.0,32.5,48.8
2026-06-25 18:27:41,HBD,Rain,0.32,5.58,21.5,36.5,57.1
2026-03-24 21:41:24,HBD,Clear,0.4,6.37,1.1,32.1,92.2
2026-03-29 05:13:21,HBD,Clear,0.09,9.78,0.5,34.9,67.7
2026-04-03 21:02:12,HBD,Fog,0.48,5.79,1.2,30.1,100.0
2026-01-09 06:13:20,HBD,Clear,0.34,7.58,0.7,25.0,67.2
2026-05-11 07:05:48,HBD,Clear,0.28,8.25,0.4,26.0,43.6
2026-02-07 13:02:22,HBD,Rain,0.72,2.82,8.1,24.4,74.6
2026-03-26 23:12:47,HBD,Clear,0.58,4.31,0.3,26.6,52.3
2026-01-06 01:37:07,HBD,Cloudy,0.32,7.12,0.2,24.6,100.0
2026-02-25 11:39:29,HBD,Fog,0.87,1.99,1.1,17.6,75.7
2026-02-24 23:11:20,HBD,Clear,0.29,7.56,1.0,23.9,40.4
2026-05-03 14:20:38,HBD,Cloudy,0.44,6.57,1.0,8.4,100.0
2026-04-11 21:39:50,HBD,Rain,0.36,5.79,13.3,24.9,49.0
2026-05-28 05:56:26,HBD,Clear,0.36,7.31,0.7,24.7,100.0
2026-03-22 21:10:24,HBD,Clear,0.41,6.56,1.0,27.2,79.6
2026-03-27 04:27:03,HBD,Rain,0.2,6.24,2.0,20.1,41.2
2026-03-21 06:26:11,HBD,Cloudy,0.24,7.86,1.3,24.8,59.6
2026-03-23 03:12:47,HBD,Fog,0.81,3.71,1.4,24.9,79.7
2026-06-06 09:10:28,HBD,Clear,0.07,9.47,1.1,24.9,57.9
2026-02-02 10:51:47,HBD,Clear,0.08,9.5,0.1,29.0,54.5
2026-04-29 21:44:42,HBD,Clear,0.49,6.26,0.2,24.5,85.7
2026-05-24 21:45:45,HBD,Fog,0.57,5.62,0.3,21.9,71.7
2026-03-10 11:27:30,HBD,Cloudy,0.13,8.07,1.3,31.8,93.9
2026-03-24 09:56:59,HBD,Rain,0.75,1.73,4.2,33.2,89.5
2026-02-27 11:02:46,HBD,Fog,0.8,4.19,1.5,23.8,100.0
2026-01-26 07:50:40,HBD,Clear,0.19,7.6,0.8,28.9,50.6
2026-01-03 20:36:47,HBD,Clear,0.79,3.95,0.3,18.6,66.9
2026-02-12 13:59:35,HBD,Rain,0.33,6.14,9.8,24.0,77.0
2026-02-03 04:39:58,HBD,Fog,0.61,4.73,0.6,41.8,97.6
2026-04-09 06:48:10,HBD,Clear,0.33,7.85,0.1,20.8,55.7
2026-04-13 08:33:27,HBD,Rain,0.27,6.23,10.2,26.9,67.3
2026-02-16 22:20:56,HBD,Clear,0.13,7.38,0.8,23.7,84.8
2026-06-27 23:30:26,HBD,Rain,0.24,6.85,14.0,20.3,53.3
2026-03-08 22:09:30,HBD,Rain,0.18,7.09,2.7,34.7,65.8
2026-01-10 07:04:51,HBD,Cloudy,0.32,7.38,0.0,25.5,64.3
2026-06-26 04:06:21,HBD,Clear,0.39,6.0,0.2,30.4,86.0
2026-03-11 23:10:27,HBD,Rain,0.22,6.41,6.2,31.5,73.7
2026-06-08 07:40:20,HBD,Rain,0.17,7.21,3.5,29.9,54.6
2026-06-17 05:54:18,HBD,Fog,0.6,4.48,0.7,26.6,79.1
2026-03-23 20:40:15,HBD,Cloudy,0.17,8.42,0.7,23.2,37.8
2026-04-07 22:50:31,HBD,Rain,0.44,5.16,18.3,20.5,32.1
2026-03-18 21:22:14,HBD,Fog,0.6,5.2,0.2,17.4,63.9
2026-05-17 13:16:22,HBD,Clear,0.39,6.59,0.7,30.6,81.6
2026-05-22 16:32:16,HBD,Rain,0.27,6.9,8.6,33.4,98.2
2026-04-30 10:15:39,HBD,Rain,0.45,5.3,8.9,14.5,80.3
2026-01-07 11:08:31,HBD,Clear,0.05,9.79,1.3,21.9,66.5
2026-05-19 04:47:05,HBD,Clear,0.19,8.54,1.0,26.0,42.9
2026-01-14 03:30:24,HBD,Clear,0.17,8.91,0.7,27.0,69.3
2026-03-17 21:17:59,HBD,Fog,0.6,5.18,0.2,29.9,45.5
2026-05-21 05:28:43,HBD,Clear,0.14,8.31,1.3,8.3,73.4
2026-01-18 14:43:47,HBD,Clear,0.1,8.31,0.3,26.9,55.4
2026-06-12 06:16:22,HBD,Clear,0.31,7.23,1.3,31.2,74.9
2026-01-27 07:42:44,HBD,Clear,0.29,8.49,0.6,28.2,67.9
2026-03-11 17:18:52,HBD,Clear,0.42,5.68,1.4,20.7,83.9
2026-05-10 18:19:11,HBD,Clear,0.43,6.73,0.3,30.2,81.8
2026-06-12 08:08:56,HBD,Fog,0.57,5.61,0.0,17.5,67.9
2026-02-10 17:37:24,HBD,Clear,0.05,9.74,0.1,16.8,41.4
2026-05-24 04:19:01,HBD,Cloudy,0.39,6.55,0.3,18.4,71.8
2026-06-05 14:15:49,HBD,Clear,0.25,7.37,0.2,22.0,100.0
2026-02-26 16:06:39,HBD,Clear,0.36,7.15,1.2,35.3,49.8
2026-03-05 19:55:54,HBD,Clear,0.29,7.1,1.4,23.0,65.6
2026-06-23 23:26:36,HBD,Clear,0.46,5.0,1.2,7.6,62.7
2026-03-08 07:04:00,HBD,Fog,0.76,2.63,0.7,20.8,89.7
2026-01-05 16:16:29,HBD,Clear,0.49,5.97,0.6,14.2,53.9
2026-02-03 21:09:33,HBD,Rain,0.08,8.67,5.0,41.7,55.8
2026-02-24 21:29:12,HBD,Cloudy,0.14,8.37,0.7,37.6,77.5
2026-05-24 17:20:23,HBD,Clear,0.15,8.08,1.4,12.2,57.6
2026-01-14 05:33:21,HBD,Rain,0.39,5.47,1.3,27.6,71.3
2026-03-31 17:40:54,HBD,Clear,0.37,6.12,0.2,32.9,61.5
2026-03-25 19:48:18,HBD,Fog,0.61,5.1,1.1,40.7,76.6
2026-03-29 14:08:30,HBD,Clear,0.22,9.12,1.3,30.2,100.0
2026-06-01 15:37:23,HBD,Clear,0.1,9.79,0.4,30.4,87.2
2026-02-16 14:26:14,HBD,Clear,0.41,6.37,0.6,12.5,59.8
2026-05-20 08:57:09,HBD,Fog,0.84,2.94,1.3,23.5,97.0
2026-02-14 00:10:20,HBD,Clear,0.07,9.27,1.3,21.7,60.7
2026-03-16 12:03:07,HBD,Clear,0.29,7.67,0.5,19.1,44.3
2026-02-20 02:13:05,HBD,Clear,0.31,7.22,0.5,28.1,70.9
2026-02-09 20:17:53,HBD,Clear,0.44,6.18,1.1,20.4,57.4
2026-03-04 19:08:23,HBD,Clear,0.14,9.8,1.3,16.8,100.0
2026-04-11 18:29:43,HBD,Cloudy,0.34,6.68,0.2,29.8,91.1
2026-01-19 17:31:49,HBD,Fog,0.74,4.05,0.0,23.0,91.3
2026-06-06 15:31:46,HBD,Cloudy,0.22,7.83,0.6,29.3,98.2
2026-01-25 18:27:51,HBD,Rain,0.12,6.84,3.7,30.0,69.8
2026-02-08 14:25:58,HBD,Fog,0.6,4.56,0.6,19.8,63.7
2026-06-06 08:14:06,HBD,Cloudy,0.2,8.35,1.2,21.0,82.8
2026-01-19 18:27:44,HBD,Clear,0.12,8.74,0.7,28.3,20.0
2026-06-29 11:19:55,HBD,Clear,0.17,8.67,1.4,14.5,41.8
2026-06-01 02:59:48,HBD,Clear,0.56,5.58,1.1,16.7,62.2
2026-05-27 05:04:26,HBD,Clear,0.21,7.37,0.3,25.3,99.8
2026-03-06 18:07:19,HBD,Cloudy,0.36,6.18,0.7,34.7,52.5
2026-01-17 13:09:25,HBD,Clear,0.32,6.8,0.2,22.2,75.3
2026-04-09 09:31:53,HBD,Clear,0.07,9.01,1.1,17.5,21.3
2026-02-17 11:06:53,HBD,Rain,0.06,8.44,6.7,23.3,69.4
2026-02-14 03:54:06,HBD,Cloudy,0.53,5.17,1.5,23.1,91.2
2026-01-25 06:42:22,HBD,Clear,0.23,8.48,0.9,30.2,49.1
2026-01-18 04:11:37,HBD,Clear,0.53,5.72,0.6,13.9,82.6
2026-03-29 20:27:30,HBD,Clear,0.24,7.99,0.8,13.2,46.8
2026-05-28 12:13:09,HBD,Clear,0.18,8.55,1.0,19.0,73.6
2026-04-27 10:29:39,HBD,Clear,0.7,3.52,0.7,38.0,76.2
2026-05-28 05:08:07,HBD,Rain,0.12,8.04,12.0,14.9,51.2
2026-01-27 09:08:19,HBD,Cloudy,0.4,7.42,1.1,16.6,53.1
2026-03-16 07:50:58,HBD,Rain,0.53,5.0,4.1,26.4,64.4
2026-05-01 22:29:55,HBD,Rain,0.31,6.25,6.4,36.2,61.3
2026-02-14 07:02:06,HBD,Clear,0.26,8.67,0.4,30.0,94.2
2026-05-25 07:14:27,HBD,Clear,0.26,7.17,0.8,27.4,67.2
2026-02-14 11:31:07,HBD,Clear,0.46,5.76,1.2,31.6,64.7
2026-01-17 09:39:59,HBD,Cloudy,0.05,10.02,0.7,31.3,23.7
2026-06-07 09:14:34,HBD,Clear,0.26,7.86,0.9,24.6,65.9
2026-04-27 13:28:02,HBD,Cloudy,0.32,7.81,0.2,17.4,75.6
2026-01-15 01:12:53,HBD,Clear,0.52,5.74,0.9,29.1,61.4
2026-01-18 03:50:27,HBD,Cloudy,0.54,5.74,0.9,35.3,88.8
2026-06-13 00:36:34,HBD,Clear,0.05,9.5,1.0,30.6,84.7
2026-02-07 10:35:07,HBD,Clear,0.4,6.92,1.0,24.7,75.8
2026-04-06 02:26:23,HBD,Clear,0.39,7.41,0.0,27.6,62.5
2026-01-04 20:16:40,HBD,Fog,0.6,4.99,1.5,27.0,57.0
2026-01-26 12:47:49,HBD,Clear,0.28,7.89,0.8,30.1,58.3
2026-02-28 15:43:26,HBD,Clear,0.64,4.91,0.6,30.6,72.7
2026-06-22 21:23:13,HBD,Clear,0.24,7.88,0.4,25.8,34.3
2026-04-16 05:25:06,HBD,Clear,0.48,5.88,0.0,34.5,71.2
2026-06-15 09:26:25,HBD,Clear,0.24,7.33,0.6,29.0,73.3
2026-04-19 11:06:58,HBD,Clear,0.62,4.44,1.5,27.9,79.5
2026-05-08 09:03:46,HBD,Rain,0.09,7.8,6.1,21.9,95.7
2026-02-03 21:01:59,HBD,Clear,0.66,4.25,0.1,33.5,46.2
2026-03-07 20:01:56,HBD,Clear,0.1,9.88,0.2,35.6,71.2
2026-06-07 05:41:19,HBD,Clear,0.44,5.68,1.5,18.7,66.6
2026-04-04 23:17:02,HBD,Clear,0.18,9.18,1.2,22.4,60.9
2026-01-31 21:47:05,HBD,Cloudy,0.22,7.62,0.8,36.0,75.1
2026-06-21 04:44:12,HBD,Clear,0.11,8.9,1.3,20.6,43.7
2026-06-09 22:00:30,HBD,Cloudy,0.15,7.97,0.5,27.6,98.8
2026-01-18 06:54:16,HBD,Clear,0.26,7.18,0.6,7.9,59.5
2026-02-28 22:20:06,HBD,Fog,0.78,3.07,0.8,11.4,85.9
2026-06-02 15:26:17,HBD,Clear,0.17,8.22,0.8,24.2,67.0
2026-06-02 09:16:06,HBD,Clear,0.12,8.66,1.5,17.8,62.9
2026-06-25 19:48:48,HBD,Clear,0.12,9.76,0.3,32.1,31.8
2026-04-16 10:36:17,HBD,Clear,0.16,8.34,1.2,11.2,61.2
2026-01-08 02:38:10,HBD,Fog,0.76,3.65,0.9,24.9,81.6
2026-06-01 00:36:40,HBD,Cloudy,0.41,6.9,0.7,7.7,79.1
2026-01-26 09:15:21,HBD,Fog,1.0,1.39,1.0,23.7,60.0
2026-01-30 18:51:04,HBD,Clear,0.3,6.85,1.4,31.8,67.9
2026-02-17 04:41:24,HBD,Rain,0.12,7.72,23.0,23.9,67.4
2026-03-16 22:14:47,HBD,Cloudy,0.23,7.85,0.2,30.1,79.0
2026-01-31 19:28:42,HBD,Cloudy,0.38,7.47,0.2,30.2,83.7
2026-02-15 11:15:36,HBD,Fog,0.56,5.36,0.5,10.5,75.0
2026-04-02 03:24:42,HBD,Clear,0.03,8.93,0.6,18.2,84.8
2026-01-23 18:40:19,HBD,Clear,0.19,7.59,1.2,19.6,66.9
2026-03-15 00:28:09,HBD,Clear,0.1,10.42,1.0,30.4,68.7
2026-06-12 14:47:55,HBD,Clear,0.27,7.29,0.4,22.1,64.5
2026-01-03 15:29:15,HBD,Cloudy,0.25,7.66,1.1,10.3,70.2
2026-05-22 11:30:08,HBD,Clear,0.36,6.3,0.3,40.8,48.7
2026-04-28 06:35:31,HBD,Cloudy,0.43,6.55,1.4,24.7,76.0
2026-02-04 02:16:43,HBD,Cloudy,0.38,6.67,0.0,23.7,71.1
2026-06-30 09:37:35,HBD,Rain,0.63,3.5,21.7,33.1,89.8
2026-06-04 12:49:32,HBD,Clear,0.19,8.72,0.2,20.6,58.1
2026-01-17 10:48:57,HBD,Cloudy,0.16,8.54,0.8,32.0,54.8
2026-03-07 11:24:10,HBD,Cloudy,0.14,9.0,1.3,11.6,76.4
2026-06-13 10:23:28,HBD,Rain,0.04,8.45,10.7,23.2,67.8
2026-02-02 08:55:51,HBD,Clear,0.04,9.43,1.4,26.8,48.4
2026-04-09 10:25:59,HBD,Fog,0.99,1.44,0.7,21.9,89.0
2026-05-19 21:39:50,HBD,Cloudy,0.31,8.3,0.2,9.7,65.7
2026-05-30 14:38:20,HBD,Clear,0.25,8.43,1.2,31.4,79.9
2026-06-12 03:47:19,HBD,Clear,0.18,9.34,0.9,33.1,82.3
2026-03-17 12:06:25,HBD,Cloudy,0.16,8.79,1.4,26.3,57.9
2026-04-26 12:22:17,HBD,Clear,0.7,4.06,1.3,34.1,66.9
2026-03-27 16:24:40,HBD,Clear,0.26,7.47,0.7,1.8,91.8
2026-03-05 16:43:04,HBD,Clear,0.28,6.88,1.2,25.2,80.7
2026-06-28 18:16:52,HBD,Clear,0.44,6.91,0.8,33.9,69.6
2026-03-26 17:14:51,HBD,Clear,0.32,6.97,0.4,16.0,61.5
2026-04-23 22:19:09,HBD,Clear,0.41,6.45,1.1,27.1,57.5
2026-06-21 00:53:50,HBD,Fog,0.58,4.71,0.6,17.9,73.1
2026-02-11 18:17:36,HBD,Rain,0.19,6.84,5.5,26.8,75.1
2026-01-16 20:12:02,HBD,Cloudy,0.29,8.47,1.1,9.6,51.0
2026-04-06 03:14:16,HBD,Clear,0.3,6.73,1.3,33.7,54.9
2026-03-07 09:43:17,HBD,Cloudy,0.54,5.08,1.2,28.4,50.1
2026-06-20 19:58:52,HBD,Clear,0.51,5.23,0.4,30.5,100.0
2026-02-20 17:49:25,HBD,Fog,0.65,3.87,0.4,30.3,100.0
2026-04-26 23:43:52,HBD,Clear,0.03,9.73,0.3,27.4,67.2
2026-03-07 01:44:09,HBD,Cloudy,0.34,7.36,0.1,22.8,74.4
2026-02-24 19:55:11,HBD,Clear,0.17,9.07,0.3,28.1,66.4
2026-03-05 23:10:33,HBD,Fog,0.69,3.51,0.9,22.8,84.8
2026-02-15 12:47:17,HBD,Clear,0.36,6.87,0.1,21.7,90.4
2026-03-07 09:47:39,HBD,Clear,0.13,8.7,0.3,31.1,62.6
2026-01-14 21:22:28,HBD,Clear,0.15,8.17,1.4,18.1,71.6
2026-01-12 08:57:17,HBD,Clear,0.31,7.67,1.4,28.2,59.7
2026-02-16 05:00:10,HBD,Cloudy,0.77,3.1,0.1,28.2,65.3
2026-05-10 12:29:22,HBD,Clear,0.13,9.42,0.2,35.6,37.8
2026-03-02 16:20:07,HBD,Clear,0.26,7.13,0.9,23.9,34.3
2026-02-02 10:07:14,HBD,Clear,0.23,8.44,0.9,21.2,67.1
2026-01-04 05:17:56,HBD,Clear,0.27,7.74,0.3,7.4,83.2
2026-05-24 23:35:15,HBD,Clear,0.24,8.57,1.4,8.9,61.7
2026-02-15 09:00:40,HBD,Clear,0.19,8.13,0.9,26.1,49.2
2026-01-21 03:02:40,HBD,Clear,0.04,8.62,0.2,32.7,34.7
2026-06-23 22:10:28,HBD,Rain,0.04,7.66,15.9,28.4,75.8
2026-03-17 19:57:07,HBD,Rain,0.08,8.28,5.6,34.4,61.4
2026-05-08 13:58:38,HBD,Clear,0.51,6.35,1.4,20.2,81.5
2026-01-11 13:17:08,HBD,Rain,0.16,8.74,9.3,22.5,73.5
2026-01-13 12:12:56,HBD,Clear,0.32,6.53,0.3,25.2,20.0
2026-06-25 18:19:00,HBD,Cloudy,0.29,7.14,0.6,20.9,59.7
2026-02-28 23:06:30,HBD,Clear,0.31,7.52,0.6,33.8,75.6
2026-03-28 16:07:06,HBD,Fog,0.47,5.8,0.6,19.4,74.7
2026-04-12 16:26:11,HBD,Clear,0.14,8.5,0.6,18.2,100.0
2026-04-16 00:19:30,HBD,Fog,0.53,5.5,0.7,37.1,80.0
2026-03-01 17:33:53,HBD,Clear,0.35,7.74,0.5,27.4,38.3
2026-06-18 09:27:34,HBD,Rain,0.38,5.59,5.7,23.1,64.5
2026-01-31 16:38:33,HBD,Cloudy,0.34,7.28,0.4,25.1,80.0
2026-01-08 22:09:15,HBD,Clear,0.14,8.52,1.3,2.6,50.1
2026-04-06 22:28:51,HBD,Clear,0.15,9.22,0.6,33.8,68.4
2026-04-19 23:44:39,HBD,Rain,0.27,6.29,8.8,28.7,72.7
2026-06-04 06:07:21,HBD,Rain,0.63,3.1,17.9,31.6,68.2
2026-01-06 14:17:27,HBD,Rain,0.33,6.11,6.1,10.2,54.3
2026-05-09 08:50:00,HBD,Clear,0.7,4.22,1.2,17.2,74.2
2026-04-02 13:19:39,HBD,Rain,0.07,8.7,4.4,26.2,62.0
2026-03-14 00:03:24,HBD,Fog,0.76,3.93,0.9,17.3,96.1
2026-02-09 03:11:12,HBD,Cloudy,0.41,7.08,1.4,28.0,56.5
2026-02-14 07:54:47,HBD,Clear,0.28,7.02,1.1,31.1,59.3
2026-02-13 14:54:23,HBD,Clear,0.08,8.37,0.6,35.2,54.6
2026-05-22 00:36:19,HBD,Cloudy,0.3,7.74,1.4,26.4,82.0
2026-03-21 11:43:01,HBD,Clear,0.14,8.62,1.0,22.9,55.9
2026-04-23 15:27:32,HBD,Clear,0.28,7.5,1.0,25.4,89.0
2026-01-19 08:46:49,HBD,Cloudy,0.04,10.09,0.0,30.2,65.8
2026-04-16 19:38:43,HBD,Clear,0.47,6.02,1.1,37.5,78.4
2026-01-10 20:36:15,HBD,Clear,0.27,7.84,0.4,26.2,62.2
2026-03-16 13:46:38,HBD,Fog,0.99,1.95,0.8,19.6,86.4
2026-02-02 06:52:25,HBD,Clear,0.05,10.05,0.6,17.6,70.2
2026-02-18 03:45:29,HBD,Clear,0.4,7.02,0.1,27.6,79.4
2026-02-12 15:56:36,HBD,Cloudy,0.16,8.29,0.6,24.9,76.5
2026-04-26 11:04:27,HBD,Cloudy,0.33,7.37,1.4,11.2,73.4
2026-01-29 18:20:41,HBD,Rain,0.07,8.47,6.6,24.7,53.2
2026-04-12 03:51:57,HBD,Clear,0.23,8.66,1.1,11.0,95.9
2026-04-18 21:37:04,HBD,Clear,0.42,6.42,0.4,17.6,42.5
2026-05-30 01:44:12,HBD,Clear,0.17,7.37,0.8,10.4,69.6
2026-01-03 14:07:13,HBD,Fog,0.75,4.01,0.3,18.9,95.1
2026-01-05 05:33:37,HBD,Cloudy,0.5,6.13,1.2,23.5,53.2
2026-01-21 12:07:05,HBD,Clear,0.17,8.52,1.4,21.3,54.3
2026-03-08 22:24:14,HBD,Cloudy,0.41,6.04,0.4,11.8,48.0
2026-01-24 18:01:02,HBD,Clear,0.43,5.72,0.9,39.1,94.6
2026-01-31 07:45:54,HBD,Clear,0.1,9.35,1.0,24.2,39.8
2026-05-08 20:20:59,HBD,Cloudy,0.14,8.55,1.5,15.0,84.5
2026-03-26 20:58:35,HBD,Cloudy,0.17,8.66,0.6,9.5,50.0
2026-06-06 03:07:23,HBD,Clear,0.17,8.66,0.1,18.0,69.3
2026-03-24 23:27:09,HBD,Clear,0.08,9.76,1.4,19.7,72.7
2026-03-29 22:19:33,HBD,Clear,0.49,4.99,0.8,23.8,56.9
2026-04-28 09:07:45,HBD,Cloudy,0.63,4.28,0.9,17.2,100.0
2026-04-28 09:45:47,HBD,Clear,0.31,7.52,1.3,36.6,68.9
2026-04-22 03:33:33,HBD,Cloudy,0.42,6.66,1.1,20.6,83.9
2026-04-22 19:30:09,HBD,Clear,0.59,4.97,1.5,14.0,56.8
2026-03-07 02:31:53,HBD,Clear,0.13,8.27,0.7,34.3,50.6
2026-02-19 06:14:43,HBD,Fog,0.45,6.15,1.0,30.9,82.8
2026-03-09 11:34:12,HBD,Clear,0.18,8.45,1.1,14.1,53.2
2026-04-22 11:27:33,HBD,Cloudy,0.28,7.26,0.4,9.3,100.0
2026-06-02 17:34:03,HBD,Fog,0.9,2.06,1.4,14.8,71.2
2026-05-13 02:15:46,HBD,Clear,0.54,4.69,0.5,19.0,91.0
2026-02-09 17:15:21,HBD,Clear,0.25,7.55,0.6,29.8,80.6
2026-04-02 09:07:57,HBD,Fog,0.59,5.16,1.0,16.7,100.0
2026-03-24 16:21:52,HBD,Clear,0.12,9.21,0.7,16.0,47.3
2026-02-16 23:09:59,HBD,Cloudy,0.5,5.57,1.2,24.9,65.1
2026-05-23 05:13:42,HBD,Clear,0.38,7.48,1.3,23.0,62.3
2026-06-17 12:51:12,HBD,Cloudy,0.27,7.09,0.9,24.0,48.4
2026-02-05 06:35:36,HBD,Rain,0.65,3.37,11.3,23.0,82.3
2026-06-22 19:18:06,HBD,Cloudy,0.15,8.93,0.9,28.5,73.1
2026-03-26 17:35:03,HBD,Cloudy,0.41,6.52,0.1,31.5,80.0
2026-04-26 23:44:52,HBD,Clear,0.63,5.15,0.9,15.3,93.7
2026-03-06 01:52:03,HBD,Clear,0.28,7.93,0.2,23.6,60.1
2026-04-05 02:16:57,HBD,Fog,0.79,2.78,0.3,13.6,97.2
2026-02-17 14:00:56,HBD,Fog,0.64,3.95,1.5,33.6,92.1
2026-05-14 13:11:16,HBD,Clear,0.69,4.11,1.5,14.7,52.8
2026-04-16 03:29:04,HBD,Fog,0.49,5.81,0.3,32.6,53.1
2026-02-08 18:46:25,HBD,Clear,0.54,5.5,0.7,28.4,47.3
2026-05-10 21:42:04,HBD,Rain,0.1,7.69,11.1,13.7,66.6
2026-01-10 14:49:15,HBD,Rain,0.51,3.93,3.1,22.6,69.9
2026-02-20 02:33:54,HBD,Clear,0.13,9.12,0.1,34.2,30.0
2026-03-07 19:41:07,HBD,Clear,0.36,6.87,1.1,25.9,76.0
2026-01-07 11:07:25,HBD,Clear,0.12,9.51,1.3,25.5,76.3
2026-05-05 13:01:00,HBD,Cloudy,0.47,5.9,0.6,17.6,84.7
2026-04-17 07:11:13,HBD,Clear,0.26,7.21,0.6,28.1,62.2
2026-03-30 00:16:59,HBD,Cloudy,0.09,8.74,0.5,7.1,74.3
2026-06-20 21:49:54,HBD,Fog,0.45,6.02,1.5,25.6,65.1
2026-01-02 15:59:01,HBD,Clear,0.44,6.38,1.1,23.0,67.7
2026-06-11 03:37:48,HBD,Clear,0.22,7.66,0.4,30.9,43.0
2026-04-02 17:27:22,HBD,Fog,0.9,1.41,0.1,29.6,53.9
2026-03-25 00:38:09,HBD,Clear,0.52,5.67,1.0,28.3,86.5
2026-05-09 05:29:06,HBD,Clear,0.44,6.17,0.6,27.7,72.3
2026-03-06 00:53:21,HBD,Clear,0.39,6.28,0.0,33.4,77.5
2026-05-07 19:56:47,HBD,Clear,0.51,5.95,1.4,21.6,37.3
2026-02-18 02:53:11,HBD,Cloudy,0.05,9.82,1.2,25.8,63.5
2026-03-05 11:32:09,HBD,Cloudy,0.41,7.15,0.7,33.1,35.4
2026-03-27 18:30:47,HBD,Clear,0.08,9.85,1.4,19.1,49.1
2026-06-25 08:14:48,HBD,Clear,0.31,7.21,0.2,6.5,64.5
2026-05-25 10:21:52,HBD,Clear,0.35,6.72,0.8,27.3,85.9
2026-06-29 11:37:39,HBD,Clear,0.29,7.22,1.4,28.7,81.2
2026-01-19 13:29:46,HBD,Clear,0.39,6.36,1.2,5.1,85.8
2026-02-21 23:48:28,HBD,Clear,0.13,8.33,1.0,27.1,51.4
2026-05-07 17:56:03,HBD,Fog,0.45,5.92,0.9,18.1,74.1
2026-06-01 14:30:41,HBD,Rain,0.36,5.24,6.1,10.4,54.3
2026-06-13 22:07:06,HBD,Clear,0.17,8.29,0.5,12.8,65.8
2026-01-15 06:24:49,HBD,Clear,0.19,8.07,0.3,24.7,48.4
2026-06-14 05:00:08,HBD,Clear,0.48,6.19,0.0,21.2,45.8
2026-02-22 14:02:39,HBD,Clear,0.55,5.21,1.0,24.0,67.4
2026-06-24 21:37:42,HBD,Rain,0.27,6.34,4.2,33.9,75.4
2026-06-26 14:46:46,HBD,Cloudy,0.18,9.18,0.7,4.6,76.3
2026-02-25 10:32:43,HBD,Cloudy,0.27,7.32,1.3,11.3,82.8
2026-02-19 23:08:12,HBD,Clear,0.2,8.25,1.2,20.8,70.0
2026-03-19 04:25:55,HBD,Clear,0.47,5.84,0.5,37.7,92.5
2026-04-20 19:47:40,HBD,Clear,0.29,7.74,0.5,28.2,32.1
2026-05-07 16:35:18,HBD,Clear,0.41,5.96,0.2,27.8,89.2
2026-02-21 17:34:05,HBD,Clear,0.28,7.2,1.1,34.3,73.2
2026-04-23 05:27:46,HBD,Clear,0.1,10.68,0.5,18.3,76.0
2026-06-08 00:22:22,HBD,Cloudy,0.03,9.44,0.6,29.6,84.8
2026-02-15 17:40:07,HBD,Clear,0.36,7.38,1.4,22.6,60.2
2026-06-09 16:28:52,HBD,Clear,0.18,8.06,0.1,17.6,80.4
2026-04-20 10:38:19,HBD,Cloudy,0.38,6.93,0.3,9.4,100.0
2026-06-20 12:00:21,HBD,Cloudy,0.17,8.33,1.0,32.8,63.4
2026-04-19 14:50:17,HBD,Clear,0.32,7.78,0.7,23.4,48.0
2026-03-25 15:29:27,HBD,Fog,0.52,5.92,1.4,25.1,46.5
2026-03-30 17:11:16,HBD,Clear,0.56,5.02,1.0,34.8,46.8
2026-04-08 07:40:14,HBD,Cloudy,0.29,7.22,0.2,13.9,100.0
2026-01-25 05:00:26,HBD,Rain,0.22,6.52,9.5,14.1,71.7
2026-03-21 22:33:01,HBD,Cloudy,0.15,8.13,0.7,22.6,90.4
2026-06-01 08:42:48,HBD,Rain,0.08,8.13,15.5,27.2,89.9
2026-06-23 16:10:20,HBD,Clear,0.13,8.7,0.7,14.3,44.2
2026-06-02 15:03:34,HBD,Clear,0.03,9.37,0.9,9.0,49.9
2026-06-15 13:18:15,HBD,Clear,0.2,7.47,1.5,12.6,25.0
2026-04-30 23:08:24,HBD,Cloudy,0.33,7.44,0.0,22.3,68.5
2026-05-31 10:12:47,HBD,Clear,0.03,11.07,1.4,16.4,49.6
2026-04-27 22:29:33,HBD,Clear,0.36,7.22,0.7,29.1,61.1
2026-05-12 12:30:14,HBD,Fog,0.44,5.66,0.3,30.8,73.1
2026-01-08 06:46:02,HBD,Clear,0.51,5.74,0.8,19.9,100.0
2026-01-06 00:10:41,HBD,Cloudy,0.69,3.48,0.9,23.0,78.4
2026-01-22 15:33:20,HBD,Clear,0.54,5.87,0.6,23.2,94.0
2026-01-11 14:31:09,HBD,Clear,0.33,7.41,0.0,24.3,76.8
2026-06-01 07:42:06,HBD,Clear,0.06,10.05,1.0,33.6,48.2
2026-04-22 16:43:24,HBD,Clear,0.11,9.02,0.2,29.9,56.2
2026-04-26 01:46:15,HBD,Clear,0.42,6.3,1.0,20.8,100.0
2026-02-26 11:12:56,HBD,Rain,0.12,8.69,9.0,31.5,26.6
2026-06-20 19:11:33,HBD,Clear,0.22,8.03,0.5,25.3,70.1
2026-04-19 16:07:10,HBD,Clear,0.25,7.95,0.4,19.8,82.6
2026-03-11 04:10:50,HBD,Clear,0.12,9.03,1.1,12.7,68.8
2026-03-05 16:07:43,HBD,Clear,0.13,9.44,0.3,16.6,65.6
2026-02-01 04:49:01,HBD,Clear,0.36,6.01,0.5,23.6,79.3
2026-04-20 14:01:38,HBD,Cloudy,0.13,9.44,0.5,16.9,85.7
2026-06-26 22:24:09,HBD,Clear,0.36,6.7,0.4,40.8,83.0
2026-05-24 13:59:38,HBD,Cloudy,0.57,5.1,0.2,24.4,68.3
2026-05-07 05:25:56,HBD,Clear,0.12,8.76,1.3,39.5,64.2
2026-05-05 04:19:16,HBD,Clear,0.05,9.46,0.6,22.4,62.2
2026-06-09 03:15:09,HBD,Clear,0.52,5.76,0.1,25.6,43.9
2026-04-22 11:33:15,HBD,Fog,0.68,4.42,1.2,34.2,67.1
2026-06-27 02:34:06,HBD,Clear,0.34,7.13,0.1,30.0,74.9
2026-05-25 17:38:30,HBD,Clear,0.13,9.76,0.4,17.1,46.9
2026-03-09 05:07:30,HBD,Clear,0.2,8.2,1.3,23.5,64.2
2026-03-03 10:13:52,HBD,Cloudy,0.36,6.85,0.9,23.3,68.9
2026-02-18 13:34:27,HBD,Cloudy,0.15,8.08,0.3,28.5,69.9
2026-03-22 00:30:59,HBD,Rain,0.13,7.32,3.7,21.3,87.2
2026-02-06 01:06:33,HBD,Clear,0.19,8.7,0.0,21.9,66.0
2026-06-01 05:05:16,HBD,Fog,0.49,5.78,0.1,23.9,42.9
2026-02-08 22:13:23,HBD,Rain,0.28,6.38,2.8,26.6,40.3
2026-03-03 16:29:05,HBD,Clear,0.43,6.51,1.4,18.0,64.6
2026-06-07 05:01:29,HBD,Cloudy,0.47,6.29,0.8,12.1,77.6
2026-05-07 21:13:02,HBD,Clear,0.23,8.39,0.4,28.6,78.0
2026-02-11 06:34:07,HBD,Clear,0.16,8.71,0.8,24.4,65.6
2026-05-13 03:41:31,HBD,Clear,0.17,8.26,1.1,36.0,84.2
2026-01-13 10:09:58,HBD,Clear,0.38,7.05,0.3,22.3,72.7
2026-02-26 21:40:02,HBD,Rain,0.23,6.92,11.3,18.6,34.6
2026-04-11 13:43:32,HBD,Clear,0.13,8.77,0.1,13.0,78.3
2026-04-22 05:05:03,HBD,Clear,0.32,7.69,1.2,17.7,83.2
2026-05-19 14:13:35,HBD,Clear,0.37,6.83,0.9,13.3,42.1
2026-01-13 05:42:32,HBD,Cloudy,0.37,7.16,0.7,19.7,68.9
2026-05-06 08:57:56,HBD,Clear,0.17,8.44,0.5,18.3,74.5
2026-04-04 17:47:56,HBD,Cloudy,0.38,6.76,0.3,19.9,81.4
2026-04-16 01:34:51,HBD,Clear,0.07,9.87,0.4,25.7,62.0
2026-04-28 15:34:57,HBD,Fog,0.73,3.65,0.1,15.2,95.9
2026-04-12 07:59:16,HBD,Fog,0.38,6.73,1.0,22.3,78.8
2026-01-24 22:03:21,HBD,Fog,0.86,3.27,1.1,28.7,100.0
2026-01-12 01:54:35,HBD,Cloudy,0.29,7.14,0.1,16.7,72.0
2026-06-21 11:36:46,HBD,Cloudy,0.07,10.06,1.2,24.1,87.0
2026-02-17 03:04:06,HBD,Rain,0.31,6.18,46.7,30.8,86.0
2026-06-01 12:36:04,HBD,Clear,0.43,6.09,0.6,26.2,91.7
2026-01-13 07:43:58,HBD,Clear,0.61,5.16,0.6,17.5,68.7
2026-04-29 03:26:16,HBD,Clear,0.46,5.88,0.7,10.7,62.2
2026-01-31 11:10:59,HBD,Clear,0.1,9.16,0.2,25.9,22.6
2026-02-22 18:31:00,HBD,Clear,0.24,7.56,0.2,24.7,72.5
2026-06-19 22:28:55,HBD,Clear,0.27,8.49,0.9,18.8,56.5
2026-01-27 16:38:33,HBD,Clear,0.24,7.79,0.5,17.0,67.0
2026-03-02 10:10:42,HBD,Clear,0.3,7.48,0.6,23.1,49.2
2026-06-29 09:59:51,HBD,Clear,0.12,8.87,1.0,23.2,62.6
2026-06-15 22:47:47,HBD,Clear,0.06,9.16,0.5,21.5,78.8
2026-05-23 00:51:40,HBD,Rain,0.27,6.64,9.2,45.3,54.1
2026-03-20 10:58:39,HBD,Rain,0.3,6.26,6.1,17.7,38.9
2026-01-19 15:14:04,HBD,Fog,0.8,3.45,1.0,21.8,29.6
2026-04-30 23:11:28,HBD,Clear,0.29,7.47,1.4,15.6,60.2
2026-06-12 08:24:42,HBD,Clear,0.2,7.78,0.8,18.8,35.8
2026-02-08 05:25:13,HBD,Rain,0.15,7.58,2.7,27.5,67.4
2026-03-04 08:21:49,HBD,Clear,0.14,8.68,1.0,29.5,64.4
2026-03-27 15:09:24,HBD,Clear,0.49,6.07,0.8,33.2,100.0
2026-04-29 02:28:46,HBD,Clear,0.17,8.35,0.2,15.4,46.1
2026-02-21 22:25:24,HBD,Clear,0.05,9.84,0.2,25.8,37.7
2026-01-28 20:15:14,HBD,Clear,0.12,8.73,0.4,25.3,55.7
2026-04-07 07:07:56,HBD,Cloudy,0.49,6.22,1.1,22.3,77.6
2026-02-08 03:48:55,HBD,Cloudy,0.4,6.02,0.9,32.3,81.0
2026-02-21 05:29:46,HBD,Clear,0.11,9.83,0.9,21.8,50.2
2026-04-28 08:13:03,HBD,Fog,0.5,6.27,0.5,33.9,71.6
2026-02-09 20:18:15,HBD,Cloudy,0.61,4.85,0.8,22.4,56.8
2026-06-20 10:51:13,HBD,Cloudy,0.57,6.21,0.5,24.1,56.6
2026-02-01 21:03:22,HBD,Clear,0.31,5.92,0.0,15.0,57.9
2026-06-26 15:15:47,HBD,Clear,0.33,7.05,0.8,22.7,80.2
2026-03-26 10:09:14,HBD,Clear,0.5,5.08,0.9,19.1,70.5
2026-03-04 00:18:37,HBD,Cloudy,0.2,8.72,1.1,27.4,51.7
2026-01-29 22:37:29,HBD,Clear,0.13,8.77,1.4,17.6,67.8
2026-04-11 17:29:20,HBD,Rain,0.18,6.92,4.4,19.7,84.9
2026-06-12 21:31:54,HBD,Cloudy,0.17,8.77,0.2,20.8,61.7
2026-04-28 16:50:14,HBD,Rain,0.28,6.35,8.4,21.6,68.0
2026-05-01 08:36:00,HBD,Clear,0.31,7.83,0.4,21.8,74.4
2026-03-19 06:27:17,HBD,Cloudy,0.27,7.41,1.5,25.6,39.2
2026-01-10 02:54:16,HBD,Clear,0.21,7.36,0.9,37.1,47.9
2026-02-04 04:48:11,HBD,Clear,0.21,7.32,1.1,24.1,20.0
2026-03-26 04:22:33,HBD,Clear,0.16,8.78,0.3,24.9,56.4
2026-05-24 17:59:38,HBD,Cloudy,0.37,7.03,0.4,32.2,100.0
2026-06-07 14:47:59,HBD,Clear,0.27,8.21,0.9,30.5,66.3
2026-05-07 20:06:21,HBD,Fog,0.64,4.66,0.8,11.1,83.8
2026-01-16 14:51:51,HBD,Cloudy,0.3,6.67,1.1,24.0,59.1
2026-01-18 02:25:51,HBD,Fog,0.93,1.62,0.1,27.9,70.7
2026-05-17 05:21:11,HBD,Clear,0.01,10.54,0.8,30.5,80.1
2026-01-17 03:49:36,HBD,Rain,0.31,6.37,5.7,35.3,38.7
2026-02-08 12:08:23,HBD,Clear,0.36,5.93,0.5,22.6,48.8
2026-06-15 01:34:07,HBD,Clear,0.17,8.06,0.4,23.3,90.6
2026-04-30 01:29:05,HBD,Cloudy,0.26,7.58,1.4,36.3,73.0
2026-05-10 12:22:38,HBD,Fog,0.86,2.95,1.0,18.7,96.3
2026-04-15 17:20:16,HBD,Clear,0.33,7.41,0.9,17.6,96.1
2026-04-18 22:36:40,HBD,Fog,0.69,3.51,0.5,34.5,94.1
2026-04-20 06:42:31,HBD,Cloudy,0.36,7.51,1.4,21.5,41.7
2026-02-11 22:55:37,HBD,Clear,0.48,5.7,0.8,32.2,94.8
2026-06-06 11:39:43,HBD,Cloudy,0.1,9.29,0.7,35.4,63.2
2026-03-20 02:37:27,HBD,Rain,0.17,6.77,8.4,25.3,73.8
2026-02-23 13:25:53,HBD,Clear,0.56,4.93,0.6,21.3,74.5
2026-05-07 22:13:18,HBD,Cloudy,0.18,8.4,0.8,39.8,85.9
2026-02-18 06:48:19,HBD,Cloudy,0.22,7.96,0.6,28.6,59.6
2026-03-22 05:31:49,HBD,Clear,0.3,7.38,0.8,19.2,80.5
2026-05-21 03:02:21,HBD,Fog,0.59,4.44,1.0,19.7,84.1
2026-05-03 22:21:00,HBD,Clear,0.76,3.89,1.3,23.8,100.0
2026-03-24 15:35:57,HBD,Clear,0.04,10.08,1.5,21.4,54.3
2026-06-07 01:48:19,HBD,Clear,0.22,7.8,0.7,34.9,73.5
2026-03-31 09:36:26,HBD,Clear,0.25,7.31,0.1,18.5,66.9
2026-04-24 15:27:21,HBD,Fog,0.67,3.78,0.1,25.1,76.9
2026-01-18 19:35:18,HBD,Clear,0.15,8.84,0.1,21.4,83.5
2026-06-03 03:24:01,HBD,Cloudy,0.64,4.2,1.3,24.5,100.0
2026-03-15 02:39:03,HBD,Fog,0.42,6.19,1.2,8.7,92.8
2026-01-23 15:42:40,HBD,Clear,0.13,8.42,0.2,33.8,84.0
2026-03-20 11:23:06,HBD,Clear,0.25,8.41,0.7,25.6,70.1
2026-04-13 21:48:59,HBD,Fog,0.55,5.21,1.1,25.7,79.6
2026-02-01 12:47:35,HBD,Cloudy,0.16,8.94,1.1,17.7,61.0
2026-03-29 14:11:14,HBD,Clear,0.45,5.69,0.3,30.9,59.8
2026-03-05 21:19:02,HBD,Clear,0.04,10.1,0.4,23.9,83.2
2026-04-26 21:18:30,HBD,Rain,0.56,4.13,6.3,19.6,65.4
2026-04-27 09:49:32,HBD,Clear,0.36,6.95,0.3,20.6,76.8
2026-02-24 20:42:57,HBD,Fog,0.51,5.3,0.7,46.8,50.6
2026-04-28 12:57:11,HBD,Clear,0.35,6.95,0.2,35.2,90.2
2026-01-13 04:57:27,HBD,Rain,0.26,6.88,6.2,35.9,51.6
2026-06-30 09:52:24,HBD,Clear,0.49,5.22,0.5,31.5,72.6
2026-04-02 05:18:31,HBD,Clear,0.5,5.32,0.7,21.6,70.9
2026-03-29 04:17:24,HBD,Cloudy,0.28,8.26,1.1,27.7,82.8
2026-05-26 19:18:53,HBD,Clear,0.46,6.01,0.6,21.0,62.6
2026-03-14 19:53:01,HBD,Clear,0.5,5.56,1.0,15.3,75.0
2026-02-11 04:36:50,HBD,Fog,0.36,7.07,1.4,15.3,20.0
2026-04-10 14:26:13,HBD,Cloudy,0.21,7.87,1.2,33.9,49.9
2026-04-25 11:35:23,HBD,Clear,0.29,7.44,0.3,22.2,43.4
2026-04-16 18:21:55,HBD,Cloudy,0.13,9.19,1.2,15.8,60.3
2026-03-15 13:43:30,HBD,Clear,0.19,8.66,1.3,26.6,50.2
2026-02-09 17:49:17,HBD,Fog,0.53,4.67,0.6,11.6,86.6
2026-04-02 13:19:49,HBD,Clear,0.18,7.84,1.0,32.7,59.6
2026-01-04 15:00:54,HBD,Fog,0.44,6.21,0.9,29.0,71.9
2026-04-09 07:30:34,HBD,Clear,0.09,9.18,1.2,32.3,69.9
2026-05-17 00:26:44,HBD,Clear,0.37,6.24,0.2,23.6,75.7
2026-06-05 12:06:31,HBD,Cloudy,0.51,5.81,1.1,12.4,97.4
2026-05-05 23:58:31,HBD,Clear,0.34,6.5,1.1,22.4,81.2
2026-04-02 00:05:03,HBD,Cloudy,0.46,6.21,1.1,25.4,72.2
2026-06-27 00:23:23,HBD,Clear,0.61,4.91,0.6,33.1,59.1
2026-04-08 14:17:51,HBD,Cloudy,0.2,8.36,1.1,19.6,70.9
2026-01-12 19:23:26,HBD,Rain,0.3,6.13,6.5,42.2,89.6
2026-01-17 19:17:57,HBD,Fog,0.65,4.48,0.3,30.6,62.2
2026-06-22 14:55:48,HBD,Clear,0.28,7.55,0.9,11.3,67.9
2026-05-22 10:56:23,HBD,Clear,0.12,8.43,0.5,24.4,47.4
2026-02-16 11:08:27,HBD,Clear,0.03,8.55,1.2,24.0,67.6
2026-04-15 18:52:26,HBD,Clear,0.25,8.09,1.0,31.5,53.9
2026-02-01 05:26:02,HBD,Rain,0.31,6.13,18.4,21.2,85.1
2026-03-12 22:20:25,HBD,Cloudy,0.56,5.3,0.4,7.4,77.1
2026-05-10 06:16:44,HBD,Cloudy,0.57,5.21,0.7,36.6,61.0
2026-03-19 23:00:37,HBD,Rain,0.44,5.67,4.8,8.5,73.4
2026-06-07 15:16:42,HBD,Rain,0.22,7.22,1.6,33.9,35.2
2026-06-02 17:16:36,HBD,Clear,0.5,5.39,1.4,10.6,65.2
2026-06-16 15:15:02,HBD,Cloudy,0.25,6.94,0.4,15.5,72.2
2026-04-12 19:53:51,HBD,Clear,0.2,7.96,0.1,12.6,48.0
2026-01-19 00:51:52,HBD,Fog,0.6,5.23,0.6,20.0,52.6
2026-01-22 22:37:33,HBD,Clear,0.22,8.44,0.5,24.0,86.6
2026-03-22 08:26:53,HBD,Clear,0.61,4.0,1.2,32.4,38.9
2026-05-26 05:26:40,HBD,Rain,0.15,7.43,4.3,25.5,63.0
2026-04-22 06:25:00,HBD,Cloudy,0.4,6.9,1.0,20.9,44.1
2026-06-03 00:48:32,HBD,Clear,0.2,8.19,0.4,17.9,30.9
2026-05-13 09:52:44,HBD,Clear,0.17,8.33,0.1,27.7,73.9
2026-04-07 08:53:22,HBD,Clear,0.27,7.0,0.6,27.5,48.6
2026-05-09 04:52:27,HBD,Cloudy,0.48,6.27,0.5,8.3,72.0
2026-03-07 13:54:52,HBD,Clear,0.21,8.01,1.0,42.3,63.8
2026-05-15 18:23:11,HBD,Cloudy,0.06,9.6,0.4,24.5,54.2
2026-06-16 15:43:59,HBD,Clear,0.23,8.09,0.3,33.9,89.2
2026-04-28 22:13:40,HBD,Fog,0.44,6.69,1.4,27.7,50.6
2026-05-28 05:41:21,HBD,Clear,0.07,9.25,0.0,31.2,71.3
2026-05-29 01:11:14,HBD,Fog,0.48,5.92,1.4,24.2,64.5
2026-06-15 13:51:20,HBD,Clear,0.43,6.84,0.5,17.5,33.5
2026-02-19 05:18:17,HBD,Rain,0.44,4.94,6.6,23.0,85.6
2026-05-12 08:14:42,HBD,Fog,0.77,3.16,0.5,9.3,95.0
2026-06-27 00:54:45,HBD,Clear,0.35,7.43,1.2,20.6,55.7
2026-03-06 16:09:00,HBD,Rain,0.16,7.75,2.3,17.9,46.8
2026-04-28 21:23:06,HBD,Rain,0.23,6.97,6.9,23.7,42.0
2026-01-07 16:19:46,HBD,Cloudy,0.15,8.83,1.1,23.8,58.6
2026-05-24 20:34:42,HBD,Rain,0.03,8.72,1.0,20.5,49.2
2026-05-11 03:23:54,HBD,Cloudy,0.22,7.92,0.1,28.0,55.3
2026-02-10 22:30:05,HBD,Cloudy,0.18,8.84,1.5,11.9,80.9
2026-01-15 21:17:55,HBD,Fog,0.5,5.9,1.5,27.4,76.6
2026-02-01 18:30:55,HBD,Rain,0.38,5.76,3.2,31.4,85.0
2026-04-29 00:42:32,HBD,Rain,0.19,6.82,4.1,26.0,33.0
2026-01-21 22:36:53,HBD,Clear,0.15,8.58,0.4,26.7,52.5
2026-04-01 05:12:57,HBD,Clear,0.31,6.87,0.7,26.7,46.8
2026-02-03 16:29:20,HBD,Clear,0.18,8.78,0.6,14.6,47.9
2026-01-12 19:20:14,HBD,Clear,0.3,7.33,0.4,6.6,46.6
2026-06-02 22:32:03,HBD,Cloudy,0.04,9.5,0.8,28.1,54.8
2026-01-01 18:13:58,HBD,Rain,0.19,7.45,5.3,18.5,60.5
2026-03-05 14:32:16,HBD,Clear,0.56,5.02,1.3,20.0,39.7
2026-01-22 16:17:14,HBD,Clear,0.26,7.89,1.5,20.0,63.4
2026-01-24 19:58:30,HBD,Clear,0.34,7.15,1.1,28.3,30.1
2026-05-18 23:54:39,HBD,Fog,0.73,3.6,0.6,22.9,73.5
2026-06-20 23:18:00,HBD,Fog,0.45,6.0,0.3,25.6,48.2
2026-01-28 20:32:27,HBD,Clear,0.18,8.82,0.7,22.6,59.5
2026-05-19 12:19:54,HBD,Rain,0.2,6.63,6.0,40.9,73.8
2026-01-14 05:52:20,HBD,Clear,0.16,9.09,0.8,24.1,53.9
2026-06-03 15:12:16,HBD,Cloudy,0.17,8.16,1.0,22.4,63.0
2026-06-20 15:55:21,HBD,Clear,0.05,9.53,0.6,35.8,30.1
2026-03-31 20:37:22,HBD,Clear,0.48,5.96,0.4,26.4,81.2
2026-06-26 08:25:09,HBD,Clear,0.13,9.32,0.0,17.6,56.7
2026-04-25 16:47:23,HBD,Clear,0.2,8.23,1.3,23.1,70.0
2026-03-11 05:30:44,HBD,Clear,0.37,7.85,0.4,28.4,71.0
2026-04-16 04:32:39,HBD,Clear,0.55,6.01,0.5,16.0,81.3
2026-04-08 06:08:29,HBD,Fog,0.64,4.83,0.6,22.4,74.1
2026-06-07 16:21:09,HBD,Clear,0.14,9.14,1.0,30.1,28.9
2026-02-19 20:25:43,HBD,Fog,0.65,4.68,0.5,26.0,85.9
2026-02-03 22:51:48,HBD,Clear,0.41,6.46,1.4,25.9,40.3
2026-05-29 18:31:09,HBD,Clear,0.1,9.46,1.4,20.9,28.7
2026-03-22 18:41:41,HBD,Clear,0.34,7.35,1.3,14.4,59.4
2026-06-01 15:14:44,HBD,Cloudy,0.8,2.93,0.5,18.2,49.3
2026-04-27 07:20:43,HBD,Cloudy,0.38,7.28,0.3,31.8,26.1
2026-03-06 13:10:20,HBD,Rain,0.09,7.81,6.9,19.7,67.6
2026-03-28 03:44:52,HBD,Clear,0.09,8.85,0.8,33.4,28.7
2026-04-23 17:52:38,HBD,Clear,0.56,5.04,0.9,30.6,50.0
2026-06-16 09:08:40,HBD,Clear,0.38,7.89,1.4,20.1,76.1
2026-01-17 15:34:35,HBD,Clear,0.17,8.67,0.3,17.9,100.0
2026-04-29 04:32:29,HBD,Cloudy,0.23,7.82,1.3,27.4,100.0
2026-02-06 19:54:02,HBD,Cloudy,0.12,8.48,1.0,24.8,58.5
2026-03-11 07:59:13,HBD,Clear,0.08,10.25,0.4,43.9,39.5
2026-04-24 09:21:48,HBD,Clear,0.22,7.71,0.5,24.9,44.8
2026-02-11 12:28:51,HBD,Clear,0.21,8.07,1.1,40.8,66.1
2026-05-06 12:40:42,HBD,Clear,0.56,6.06,0.6,1.1,82.2
2026-04-07 13:32:54,HBD,Clear,0.48,5.75,1.4,29.3,81.5
2026-06-09 19:00:14,HBD,Clear,0.13,8.74,1.1,30.6,61.5
2026-01-23 18:55:28,HBD,Clear,0.25,7.05,0.1,19.4,64.3
2026-03-03 15:41:21,HBD,Fog,0.48,6.3,1.2,24.6,42.4
2026-05-12 15:36:01,HBD,Clear,0.21,7.9,0.5,29.0,82.5
2026-06-16 21:02:39,HBD,Cloudy,0.27,8.47,0.2,23.4,74.7
2026-03-20 05:42:44,HBD,Fog,0.65,4.48,0.8,14.9,77.3
2026-03-04 18:40:45,HBD,Clear,0.08,9.16,1.5,31.0,58.6
2026-04-01 17:15:26,HBD,Cloudy,0.38,6.67,0.9,25.6,93.3
2026-02-25 21:55:31,HBD,Clear,0.07,9.55,0.3,22.2,43.4
2026-05-01 22:46:45,HBD,Clear,0.34,6.94,0.3,33.0,42.9
2026-03-04 19:52:14,HBD,Rain,0.43,5.29,4.9,31.1,78.5
2026-06-06 21:18:41,HBD,Clear,0.36,7.07,0.1,16.0,59.9
2026-04-20 06:59:12,HBD,Rain,0.61,3.61,7.5,15.4,94.5
2026-01-23 13:24:09,HBD,Cloudy,0.01,10.13,0.5,26.3,81.2
2026-01-21 11:13:36,HBD,Clear,0.07,9.61,0.5,18.5,57.0
2026-02-01 05:16:48,HBD,Cloudy,0.32,7.91,1.4,21.2,79.9
2026-05-26 01:44:54,HBD,Clear,0.21,7.86,0.8,32.5,68.7
2026-05-21 03:09:19,HBD,Clear,0.32,6.72,0.3,38.8,64.6
2026-04-05 02:14:27,HBD,Fog,0.97,1.43,0.8,25.1,77.1
2026-06-04 20:31:17,HBD,Clear,0.56,5.02,1.1,5.9,67.3
2026-01-01 07:22:34,HBD,Clear,0.24,7.89,1.1,20.2,72.9
2026-04-06 19:24:08,HBD,Clear,0.12,8.98,1.0,25.9,94.8
2026-06-26 23:19:00,HBD,Rain,0.33,5.76,8.7,38.0,50.1
2026-04-13 07:00:06,HBD,Cloudy,0.56,5.65,0.1,21.9,48.2
2026-02-19 12:14:57,HBD,Clear,0.59,5.38,0.4,37.5,100.0
2026-05-17 14:27:24,HBD,Fog,0.53,5.48,0.5,20.0,64.9
2026-01-28 02:09:33,HBD,Fog,0.57,5.1,0.6,20.2,20.0
2026-05-15 12:44:29,HBD,Fog,0.39,6.09,1.0,16.6,100.0
2026-01-09 17:47:57,HBD,Clear,0.58,5.06,0.1,33.2,46.8
2026-01-20 03:53:15,HBD,Clear,0.19,8.61,1.4,20.0,51.7
2026-01-14 10:06:22,HBD,Cloudy,0.25,7.39,1.1,23.6,33.9
2026-01-07 21:24:21,HBD,Clear,0.58,5.8,0.3,27.6,54.8
2026-05-02 16:25:53,HBD,Cloudy,0.44,5.65,0.9,22.7,82.0
2026-02-17 12:41:51,HBD,Clear,0.06,9.99,0.0,38.9,59.0
2026-02-10 06:08:15,HBD,Rain,0.67,3.61,8.3,12.0,73.1
2026-01-01 20:34:52,HBD,Clear,0.28,7.0,0.0,39.0,37.2
2026-05-11 15:11:20,HBD,Clear,0.1,9.01,0.7,18.2,36.4
2026-04-28 13:11:41,HBD,Clear,0.33,6.36,1.4,38.4,68.3
2026-05-09 14:53:40,HBD,Fog,0.41,6.44,0.6,22.6,82.3
2026-03-29 05:56:31,HBD,Rain,0.37,5.4,14.5,18.0,31.2
2026-03-11 16:15:59,HBD,Cloudy,0.04,9.99,0.0,18.6,48.6
2026-02-06 00:45:06,HBD,Rain,0.27,7.08,6.0,23.0,86.0
2026-01-01 09:28:55,HBD,Clear,0.13,9.6,0.6,16.4,80.0
2026-04-17 01:09:13,HBD,Clear,0.13,9.46,0.9,24.8,68.5
2026-01-28 14:55:39,HBD,Fog,0.71,3.58,1.5,23.4,82.1
2026-06-29 15:25:34,HBD,Fog,0.87,1.9,1.3,21.4,58.7
2026-06-19 04:39:23,HBD,Cloudy,0.25,7.74,0.3,26.2,33.4
2026-05-09 09:29:01,HBD,Clear,0.27,7.7,1.4,14.7,25.7
2026-06-21 01:20:22,HBD,Clear,0.43,6.45,0.9,19.2,39.7
2026-02-17 15:49:05,HBD,Clear,0.24,8.28,0.2,21.7,66.1
2026-06-12 06:52:54,HBD,Clear,0.1,9.07,1.2,21.7,71.2
2026-04-03 00:48:17,HBD,Clear,0.18,9.24,0.4,33.4,88.4
2026-03-01 10:48:11,HBD,Clear,0.21,8.54,0.2,16.9,56.9
2026-06-06 21:09:23,HBD,Clear,0.55,5.09,1.0,31.5,82.5
2026-06-13 12:19:03,HBD,Cloudy,0.16,8.27,0.7,35.6,43.1
2026-04-18 08:01:04,HBD,Clear,0.38,6.72,1.4,25.7,26.8
2026-03-17 09:32:39,HBD,Fog,0.45,6.54,1.0,13.3,87.1
2026-04-12 23:43:10,HBD,Clear,0.25,7.88,0.2,12.6,82.3
2026-02-03 20:40:16,HBD,Cloudy,0.12,9.17,1.2,16.7,96.6
2026-01-10 07:07:14,HBD,Fog,1.0,1.18,1.5,24.6,49.8
2026-06-19 15:50:37,HBD,Clear,0.14,8.52,0.1,22.6,96.4
2026-01-10 02:47:08,HBD,Rain,0.05,8.48,4.2,11.3,36.5
2026-04-20 02:40:09,HBD,Cloudy,0.11,8.62,1.1,15.6,87.1
2026-05-14 09:23:04,HBD,Cloudy,0.15,8.93,1.3,35.4,94.9
2026-06-07 06:24:25,HBD,Cloudy,0.33,7.34,0.4,12.0,100.0
2026-03-13 03:07:21,HBD,Clear,0.33,7.35,0.9,22.3,100.0
2026-01-25 02:26:23,HBD,Fog,0.83,2.45,1.1,19.3,45.5
2026-03-29 11:28:34,HBD,Clear,0.26,7.51,0.6,13.6,48.4
2026-06-04 09:11:31,HBD,Clear,0.21,8.61,0.0,33.3,43.0
2026-05-24 11:50:22,HBD,Cloudy,0.34,7.3,1.0,16.2,42.6
2026-03-06 21:26:26,HBD,Fog,0.46,6.33,0.6,30.2,73.2
2026-05-30 11:17:32,HBD,Clear,0.32,6.83,0.8,40.7,41.7
2026-05-17 06:45:19,HBD,Cloudy,0.1,9.24,0.6,16.8,94.5
2026-01-12 13:58:45,HBD,Cloudy,0.12,9.32,0.6,17.7,58.8
2026-06-04 16:50:32,HBD,Clear,0.3,8.46,0.8,15.8,100.0
2026-05-14 00:30:21,HBD,Clear,0.07,9.45,1.0,23.3,80.2
2026-05-15 13:38:41,HBD,Cloudy,0.19,8.19,0.8,28.8,39.5
2026-06-19 15:15:13,HBD,Cloudy,0.14,8.43,0.8,18.1,58.6
2026-04-17 10:27:34,HBD,Clear,0.3,7.74,0.5,15.9,52.7
2026-05-08 02:03:36,HBD,Rain,0.37,5.28,3.8,29.0,68.9
2026-04-28 22:13:51,HBD,Cloudy,0.4,6.24,0.8,33.1,60.8
2026-01-10 20:38:24,HBD,Fog,0.52,5.69,1.5,18.5,29.5
2026-05-17 07:41:18,HBD,Rain,0.15,7.22,12.6,39.3,83.6
2026-05-09 11:11:04,HBD,Clear,0.22,8.09,1.0,22.0,73.9
2026-02-14 15:24:31,HBD,Cloudy,0.57,4.65,0.9,18.4,75.0
2026-04-13 00:55:35,HBD,Clear,0.38,7.06,1.2,4.4,61.6
2026-05-19 14:48:25,HBD,Cloudy,0.35,7.09,0.8,21.9,82.6
2026-02-23 13:36:44,HBD,Rain,0.49,5.37,15.4,32.5,68.5
2026-02-20 10:03:55,HBD,Cloudy,0.42,6.76,1.4,25.1,71.2
2026-02-12 03:21:50,HBD,Cloudy,0.09,8.91,0.2,25.0,64.5
2026-01-24 22:22:46,HBD,Cloudy,0.52,5.85,0.1,17.3,33.9
2026-02-02 11:18:49,HBD,Fog,0.58,5.23,0.4,16.8,79.2
2026-02-24 10:53:44,HBD,Rain,0.19,6.7,5.8,31.9,54.9
2026-03-07 11:22:44,HBD,Clear,0.23,8.77,0.7,16.6,89.0
2026-05-18 08:55:20,HBD,Fog,0.49,5.87,0.8,17.5,100.0
2026-05-04 17:26:43,HBD,Cloudy,0.05,9.42,1.4,27.0,81.7
2026-01-06 09:20:26,HBD,Clear,0.45,6.72,0.2,16.3,82.7
2026-03-02 13:20:27,HBD,Clear,0.27,7.54,0.9,28.5,90.9
2026-06-06 03:44:13,HBD,Clear,0.34,7.34,0.5,29.4,81.8
2026-02-03 20:05:42,HBD,Clear,0.11,9.69,0.6,39.1,86.6
2026-06-17 17:14:06,HBD,Clear,0.42,6.96,1.0,21.8,62.6
2026-02-17 15:06:35,HBD,Fog,0.48,6.52,1.3,23.5,84.6
2026-04-12 19:48:54,HBD,Rain,0.21,7.09,17.8,27.8,57.1
2026-03-25 21:05:48,HBD,Clear,0.51,5.61,1.0,10.5,86.7
2026-02-21 03:32:29,HBD,Cloudy,0.06,9.37,0.6,41.7,67.2
2026-05-10 10:28:04,HBD,Rain,0.25,6.52,12.8,27.1,35.3
2026-06-17 20:40:34,HBD,Fog,0.48,5.75,0.4,26.8,60.6
2026-06-30 07:40:08,HBD,Clear,0.11,8.3,1.1,25.9,55.8
2026-06-08 00:55:33,HBD,Clear,0.43,5.95,0.4,29.3,75.0
2026-03-20 01:13:58,HBD,Cloudy,0.5,5.86,0.6,9.3,63.5
2026-02-18 18:52:40,HBD,Rain,0.35,6.45,14.0,25.8,80.1
2026-01-30 23:33:26,HBD,Fog,0.66,4.84,0.2,14.8,78.7
2026-05-31 11:43:29,HBD,Cloudy,0.45,6.08,0.8,24.7,95.0
2026-06-01 05:14:13,HBD,Rain,0.54,3.72,5.9,20.1,85.7
2026-06-03 16:40:24,HBD,Fog,0.79,3.73,0.7,37.8,60.3
2026-06-15 11:04:51,HBD,Clear,0.14,8.25,0.4,21.0,79.5
2026-06-18 13:47:34,HBD,Clear,0.06,9.21,0.9,8.6,66.9
2026-06-04 17:36:18,HBD,Clear,0.28,7.02,0.2,26.9,67.4
2026-06-02 21:21:51,HBD,Cloudy,0.49,5.27,0.2,25.2,100.0
2026-02-10 20:18:32,HBD,Clear,0.17,8.06,0.1,17.1,98.9
2026-06-10 17:32:37,HBD,Cloudy,0.4,6.68,0.5,32.0,77.1
2026-02-10 19:47:45,HBD,Cloudy,0.11,9.91,1.2,13.1,87.1
2026-06-18 04:29:21,HBD,Cloudy,0.26,8.47,1.0,23.0,68.8
2026-02-06 21:59:16,HBD,Rain,0.08,8.23,2.5,17.8,78.3
2026-04-19 08:49:31,HBD,Rain,0.52,4.0,7.8,29.6,83.4
2026-02-20 01:31:45,HBD,Cloudy,0.18,8.1,0.9,37.9,68.0
2026-02-12 01:24:12,HBD,Cloudy,0.77,3.58,1.1,27.3,74.2
2026-04-12 15:37:13,HBD,Fog,0.59,5.34,0.0,33.9,63.1
2026-02-09 23:29:33,HBD,Clear,0.21,8.29,0.5,20.7,100.0
2026-06-24 16:12:06,HBD,Cloudy,0.24,6.9,0.7,25.4,53.4
2026-06-08 20:56:05,HBD,Clear,0.55,5.71,0.3,34.7,73.9
2026-01-26 02:53:27,HBD,Rain,0.17,7.51,7.6,19.1,70.7
2026-06-11 07:03:39,HBD,Clear,0.28,7.18,0.9,28.5,74.5
2026-04-11 16:12:13,HBD,Clear,0.08,8.77,1.4,25.1,48.4
2026-04-22 11:50:33,HBD,Clear,0.38,7.4,0.8,16.3,44.0
2026-02-23 17:31:50,HBD,Fog,0.46,6.47,1.5,27.4,62.1
2026-01-31 05:30:21,HBD,Cloudy,0.12,9.72,1.1,18.7,73.3
2026-06-09 14:00:39,HBD,Clear,0.14,8.59,1.4,14.1,52.1
2026-04-15 21:00:19,HBD,Fog,0.56,5.32,1.4,32.1,62.1
2026-04-02 21:23:15,HBD,Clear,0.21,7.52,0.6,17.0,82.8
2026-01-05 09:49:00,HBD,Fog,0.37,6.99,1.0,26.4,73.3
2026-05-04 06:31:46,HBD,Clear,0.11,8.22,1.4,9.1,68.6
2026-06-10 19:48:42,HBD,Clear,0.06,9.41,0.1,31.5,20.0
2026-03-03 03:25:54,HBD,Clear,0.36,7.2,0.5,15.8,71.0
2026-04-10 23:06:53,HBD,Fog,0.88,1.77,0.2,27.2,55.1
2026-05-18 14:16:51,HBD,Clear,0.26,8.12,1.3,22.0,68.5
2026-04-04 22:06:22,HBD,Clear,0.21,9.06,0.2,20.4,87.5
2026-06-11 09:00:25,HBD,Rain,0.22,7.1,10.0,38.5,92.0
2026-05-10 04:09:59,HBD,Rain,0.41,5.21,1.8,13.4,83.5
2026-04-24 10:03:05,HBD,Clear,0.2,8.45,0.1,16.1,30.2
2026-06-21 23:33:32,HBD,Clear,0.38,6.49,0.9,14.5,62.1
2026-01-20 09:43:09,HBD,Cloudy,0.19,8.96,1.5,14.2,52.4
2026-02-09 06:54:28,HBD,Clear,0.18,8.87,0.5,35.5,49.4
2026-03-09 05:34:59,HBD,Clear,0.06,10.1,1.2,22.0,57.4
2026-06-03 16:25:41,HBD,Fog,0.59,5.32,0.7,19.4,90.8
2026-05-31 15:16:26,HBD,Clear,0.49,5.77,0.1,33.1,94.3
2026-06-28 02:46:17,HBD,Rain,0.35,6.09,2.7,36.1,87.7
2026-01-19 14:11:56,HBD,Clear,0.22,8.39,0.2,24.1,79.8
2026-03-15 02:19:23,HBD,Rain,0.12,7.84,2.6,29.3,54.8
2026-04-21 19:03:16,HBD,Clear,0.4,7.25,0.9,18.0,46.0
2026-04-26 16:29:37,HBD,Clear,0.09,9.23,0.4,31.7,66.3
2026-05-24 03:42:44,HBD,Clear,0.22,8.4,0.7,19.1,69.8
2026-04-06 16:26:16,HBD,Clear,0.22,8.07,0.4,23.7,43.0
2026-06-14 11:03:57,HBD,Clear,0.11,9.05,0.4,36.7,100.0
2026-03-26 11:10:57,HBD,Clear,0.27,7.48,1.3,30.4,53.9
2026-04-27 05:31:26,HBD,Clear,0.39,7.03,0.4,12.5,59.0
2026-02-28 06:34:01,HBD,Clear,0.19,8.12,0.8,26.7,71.8
2026-05-30 08:25:18,HBD,Clear,0.68,5.04,0.1,35.0,88.1
2026-03-01 02:15:05,HBD,Clear,0.21,8.3,0.6,16.9,53.9
2026-06-17 22:12:31,HBD,Cloudy,0.12,9.41,0.1,31.2,90.3
2026-01-28 11:04:25,HBD,Clear,0.16,8.49,1.4,10.4,71.3
2026-04-12 07:07:02,HBD,Cloudy,0.16,8.39,0.1,7.1,68.5
2026-02-18 12:11:10,HBD,Clear,0.51,5.08,0.5,15.3,85.6
2026-06-17 17:22:21,HBD,Clear,0.19,8.27,0.9,25.6,90.1
2026-01-08 23:19:21,HBD,Rain,0.28,5.97,6.7,17.7,75.3
2026-01-10 12:44:13,HBD,Rain,0.17,6.94,12.4,24.1,78.2
2026-06-23 23:23:26,HBD,Cloudy,0.54,5.76,0.8,28.2,56.9
2026-01-07 15:35:29,HBD,Clear,0.35,6.44,1.4,35.9,54.6
2026-04-06 00:58:17,HBD,Clear,0.27,8.03,0.2,15.6,93.3
2026-05-07 16:52:19,HBD,Clear,0.05,9.05,0.4,43.1,76.6
2026-02-05 20:42:41,HBD,Clear,0.34,6.39,0.2,34.3,51.0
2026-02-01 00:12:41,HBD,Clear,0.11,9.64,0.8,31.3,65.5
2026-02-16 05:04:28,HBD,Clear,0.08,9.95,0.9,22.4,20.7
2026-01-17 15:31:46,HBD,Rain,0.35,6.21,10.2,14.9,98.0
2026-04-16 23:46:05,HBD,Fog,0.47,6.59,0.1,20.8,62.3
2026-02-12 02:29:59,HBD,Clear,0.13,8.64,0.5,20.0,99.7
2026-03-03 10:34:26,HBD,Cloudy,0.11,9.27,1.4,29.6,69.4
2026-04-17 21:49:34,HBD,Clear,0.23,7.16,0.8,24.6,67.1
2026-03-24 18:02:59,HBD,Cloudy,0.44,7.2,0.3,35.2,34.0
2026-04-28 07:25:20,HBD,Clear,0.44,6.34,0.0,29.1,52.2
2026-05-16 07:59:40,HBD,Cloudy,0.29,7.0,1.2,18.9,62.3
2026-01-15 23:39:22,HBD,Rain,0.08,7.54,6.0,9.5,42.7
2026-04-17 19:14:53,HBD,Clear,0.27,7.31,0.8,24.3,64.7
2026-02-08 11:00:38,HBD,Clear,0.14,8.54,0.4,30.1,76.1
2026-03-12 17:18:41,HBD,Cloudy,0.18,7.84,1.3,30.4,31.7
2026-06-05 00:54:11,HBD,Fog,0.84,2.73,1.2,25.6,86.3
2026-04-28 22:29:48,HBD,Cloudy,0.16,9.53,0.6,34.9,68.2
2026-02-23 06:15:39,HBD,Clear,0.47,5.85,0.2,19.5,72.2
2026-05-15 03:10:24,HBD,Clear,0.13,9.32,0.9,35.6,47.1
2026-05-30 12:49:48,HBD,Clear,0.33,7.28,1.0,9.4,46.2
2026-04-21 23:36:03,HBD,Fog,0.87,2.7,1.2,17.9,78.8
2026-04-28 04:16:52,HBD,Clear,0.17,8.43,0.4,14.7,57.7
2026-01-05 03:47:08,HBD,Cloudy,0.39,6.96,1.0,24.7,20.0
2026-03-29 18:08:55,HBD,Clear,0.23,8.25,0.2,16.8,81.9
2026-06-06 11:39:00,HBD,Clear,0.14,8.77,0.3,5.3,43.1
2026-04-05 21:15:47,HBD,Cloudy,0.23,7.99,0.2,19.6,51.5
2026-06-28 12:37:19,HBD,Cloudy,0.46,5.36,0.2,26.4,98.4
2026-04-02 11:13:56,HBD,Clear,0.04,10.01,0.4,37.6,93.0
2026-05-07 03:12:38,HBD,Cloudy,0.26,7.6,0.4,26.4,83.7
2026-04-06 08:13:01,HBD,Cloudy,0.23,7.85,0.2,6.6,85.3
2026-06-28 05:54:04,HBD,Clear,0.48,5.42,0.2,22.7,69.4
2026-02-18 05:39:39,HBD,Cloudy,0.4,7.14,1.3,26.2,73.6
2026-02-22 03:51:35,HBD,Clear,0.13,9.03,0.3,19.1,59.3
2026-01-26 01:45:21,HBD,Clear,0.44,5.91,0.5,30.0,64.4
2026-05-16 02:08:24,HBD,Clear,0.25,9.05,1.4,20.5,58.7
2026-05-03 00:16:01,HBD,Cloudy,0.16,8.05,1.2,38.3,20.0
2026-06-06 08:21:48,HBD,Rain,0.19,7.42,2.4,25.1,49.7
2026-06-14 09:30:09,HBD,Clear,0.08,8.67,1.3,26.2,73.9
2026-05-18 09:07:28,HBD,Clear,0.15,8.4,1.3,35.5,22.6
2026-06-04 06:06:23,HBD,Rain,0.26,6.27,5.6,9.1,70.2
2026-06-20 02:39:51,HBD,Clear,0.33,7.52,0.8,13.7,56.9
2026-04-20 22:09:37,HBD,Clear,0.18,7.79,0.8,10.3,67.7
2026-01-05 13:59:15,HBD,Clear,0.14,8.81,0.2,27.2,67.8
2026-06-22 23:18:22,HBD,Fog,0.93,1.83,0.6,12.6,86.5
2026-02-20 01:33:58,HBD,Clear,0.43,6.23,0.1,31.9,73.4
2026-02-13 09:08:37,HBD,Clear,0.43,6.64,0.3,27.9,57.9
2026-06-13 13:43:49,HBD,Clear,0.46,6.11,1.2,21.6,100.0
2026-02-07 22:10:51,HBD,Fog,0.62,5.1,0.1,23.1,68.5
2026-06-30 06:09:44,HBD,Cloudy,0.59,5.36,1.2,30.9,83.4
2026-04-12 13:05:03,HBD,Clear,0.38,6.94,0.5,32.3,100.0
2026-04-11 09:50:46,HBD,Clear,0.08,9.87,0.2,27.3,41.8
2026-01-11 22:46:02,HBD,Clear,0.11,8.89,0.1,18.1,41.1
2026-05-11 17:25:01,HBD,Clear,0.24,7.43,1.1,34.8,68.6
2026-06-03 03:41:01,HBD,Fog,0.68,3.46,0.4,19.7,51.3
2026-01-25 03:39:42,HBD,Clear,0.52,5.3,1.4,25.8,35.0
2026-04-10 03:55:12,HBD,Clear,0.56,5.58,0.4,25.3,70.8
2026-05-24 09:57:20,HBD,Clear,0.18,9.26,0.6,36.7,73.9
2026-06-27 19:02:44,HBD,Cloudy,0.3,7.54,1.3,39.2,41.7
2026-04-25 01:05:54,HBD,Rain,0.3,6.46,8.9,25.8,54.7
2026-06-16 10:55:31,HBD,Clear,0.07,9.46,0.6,15.9,71.2
2026-02-23 16:21:07,HBD,Cloudy,0.17,8.35,0.1,6.0,67.6
2026-02-23 01:45:55,HBD,Cloudy,0.41,5.77,0.6,35.7,98.3
2026-01-14 21:52:48,HBD,Clear,0.46,6.11,0.2,19.7,66.9
2026-04-28 20:46:46,HBD,Rain,0.63,3.57,9.3,0.5,77.5
2026-06-06 16:34:05,HBD,Rain,0.47,4.89,10.0,20.9,83.8
2026-06-01 17:35:37,HBD,Clear,0.21,8.47,0.8,16.8,61.2
2026-04-13 13:49:09,HBD,Clear,0.36,7.66,1.4,27.0,100.0
2026-06-14 19:10:42,HBD,Clear,0.39,7.35,0.4,23.4,65.9
2026-04-28 22:13:10,HBD,Fog,0.65,4.64,0.5,30.3,95.3
2026-04-10 00:33:02,HBD,Cloudy,0.05,9.34,0.2,38.2,58.1
2026-05-19 03:14:35,HBD,Fog,0.72,4.09,0.5,22.1,87.9
2026-05-13 07:33:36,HBD,Fog,0.63,4.37,1.4,25.6,71.5
2026-04-20 21:59:22,HBD,Cloudy,0.12,9.56,0.8,7.4,33.1
2026-06-29 09:04:45,HBD,Clear,0.29,7.67,1.0,33.8,79.6
2026-04-04 11:53:12,HBD,Fog,0.67,4.52,0.4,18.8,77.3
2026-06-06 22:12:42,HBD,Clear,0.47,5.84,1.0,16.1,39.7
2026-03-28 14:49:44,HBD,Clear,0.26,7.81,0.4,12.3,37.5
2026-04-09 04:22:55,HBD,Clear,0.22,8.38,1.4,28.2,61.9
2026-01-20 22:00:22,HBD,Rain,0.24,6.51,11.4,22.4,76.3
2026-01-25 00:21:57,HBD,Rain,0.24,6.33,10.0,29.7,71.5
2026-02-28 17:00:59,HBD,Clear,0.09,8.5,0.1,33.6,61.4
2026-01-12 05:27:51,HBD,Clear,0.14,9.15,1.1,11.0,100.0
2026-03-30 05:56:35,HBD,Clear,0.51,5.51,0.2,8.6,58.8
2026-01-07 05:48:40,HBD,Cloudy,0.6,4.74,1.4,24.0,64.0
2026-05-08 01:48:44,HBD,Clear,0.33,6.9,0.2,14.2,65.5
2026-06-07 14:26:23,HBD,Cloudy,0.22,7.93,0.6,18.7,70.8
2026-01-23 04:20:06,HBD,Clear,0.03,10.08,0.2,29.6,74.3
2026-04-25 08:06:33,HBD,Clear,0.33,6.84,1.3,14.7,68.2
2026-03-22 04:41:08,HBD,Rain,0.07,7.35,6.1,21.5,67.1
2026-06-20 17:21:58,HBD,Clear,0.09,9.47,0.7,23.8,54.7
2026-02-06 02:25:04,HBD,Clear,0.19,8.65,1.3,22.1,69.9
2026-06-30 02:37:08,HBD,Clear,0.13,9.95,1.0,21.2,73.2
2026-06-02 00:02:35,HBD,Clear,0.15,7.97,0.9,15.5,58.6
2026-05-29 08:35:11,HBD,Fog,0.75,3.82,0.8,19.8,53.9
2026-02-20 22:24:08,HBD,Clear,0.34,7.86,0.6,13.5,56.9
2026-06-30 09:14:15,HBD,Cloudy,0.49,5.4,0.9,18.3,92.9
2026-05-08 18:29:44,HBD,Rain,0.57,3.28,18.5,21.0,55.6
2026-01-12 15:50:24,HBD,Cloudy,0.42,5.98,0.9,26.7,63.5
2026-02-05 15:33:38,HBD,Clear,0.55,5.77,0.7,35.8,76.8
2026-06-14 20:50:04,HBD,Fog,0.43,6.46,1.1,23.1,74.0
2026-03-31 08:04:42,HBD,Cloudy,0.15,9.34,0.2,28.5,71.0
2026-01-02 11:12:11,HBD,Clear,0.15,8.59,0.5,30.0,72.6
2026-03-19 23:41:30,HBD,Clear,0.34,7.28,0.3,23.9,71.8
2026-06-30 06:56:01,HBD,Clear,0.02,9.79,1.4,22.9,52.2
2026-05-20 11:45:20,HBD,Clear,0.28,7.64,0.1,10.2,63.0
2026-02-20 21:05:18,HBD,Rain,0.17,7.82,8.2,20.6,83.1
2026-03-21 08:24:10,HBD,Cloudy,0.29,7.54,0.6,32.2,71.0
2026-03-11 21:12:17,HBD,Cloudy,0.29,7.52,0.5,12.7,68.7
2026-02-22 20:07:20,HBD,Fog,0.52,5.82,0.9,20.9,85.0
2026-05-24 17:43:50,HBD,Rain,0.15,6.99,8.9,25.4,90.0
2026-03-02 22:45:36,HBD,Cloudy,0.16,8.58,0.9,8.1,99.7
2026-03-10 14:57:46,HBD,Fog,0.92,2.28,0.5,32.1,59.4
2026-05-16 17:31:40,HBD,Cloudy,0.18,8.56,0.9,19.1,54.9
2026-04-07 13:50:41,HBD,Clear,0.25,7.59,1.3,29.2,76.7
2026-05-28 15:51:33,HBD,Clear,0.28,7.74,1.5,35.8,35.6
2026-05-13 04:50:51,HBD,Fog,0.68,3.32,1.5,8.7,52.3
2026-02-07 12:33:09,HBD,Fog,0.63,4.22,0.8,31.2,73.3
2026-04-13 16:59:47,HBD,Rain,0.25,6.53,8.8,17.4,46.9
2026-03-10 10:53:27,HBD,Cloudy,0.17,8.95,0.6,18.4,92.2
2026-05-15 17:52:05,HBD,Fog,0.42,6.72,1.4,36.5,63.1
2026-02-07 16:41:02,HBD,Clear,0.42,5.99,1.0,23.2,87.2
2026-02-18 16:48:17,HBD,Cloudy,0.2,8.85,0.2,38.6,50.2
2026-04-17 09:37:32,HBD,Clear,0.25,8.27,1.0,22.4,53.1
2026-01-05 05:11:22,HBD,Cloudy,0.62,4.45,1.1,19.6,97.7
2026-04-27 21:09:47,HBD,Fog,0.46,6.35,0.8,29.2,68.8
2026-06-27 02:10:18,HBD,Cloudy,0.16,8.35,0.6,22.0,58.8
2026-02-08 19:07:08,HBD,Clear,0.17,9.0,0.0,35.4,30.3
2026-05-14 22:37:50,HBD,Clear,0.1,8.84,0.8,20.6,39.8
2026-06-04 18:32:33,HBD,Cloudy,0.41,5.73,1.2,17.3,63.3
2026-03-24 11:38:53,HBD,Clear,0.35,6.9,1.2,38.7,62.4
2026-02-15 23:27:38,HBD,Clear,0.41,6.25,0.8,8.6,45.0
2026-04-11 10:07:45,HBD,Clear,0.34,7.15,0.3,18.2,53.7
2026-02-25 03:16:30,HBD,Clear,0.52,5.17,1.2,25.7,82.9
2026-04-16 18:23:23,HBD,Clear,0.23,8.25,0.6,17.7,69.0
2026-04-15 21:19:33,HBD,Clear,0.27,7.6,1.3,20.4,31.5
2026-03-13 02:57:09,HBD,Cloudy,0.15,9.43,1.4,36.7,59.8
2026-03-09 06:58:58,HBD,Clear,0.44,6.03,0.4,15.1,96.7
2026-04-05 13:42:00,HBD,Clear,0.23,8.55,1.3,34.3,76.2
2026-04-25 20:17:30,HBD,Cloudy,0.22,7.96,0.1,11.3,72.7
2026-04-18 20:35:16,HBD,Clear,0.21,7.99,0.7,27.6,47.5
2026-01-26 05:24:35,HBD,Rain,0.27,6.37,0.8,32.9,87.0
2026-06-24 23:26:20,HBD,Clear,0.41,6.75,0.3,18.9,79.4
2026-04-16 12:11:01,HBD,Clear,0.19,8.9,0.7,17.5,99.3
2026-06-03 23:34:33,HBD,Clear,0.2,8.65,1.2,21.2,51.1
2026-04-21 12:00:20,HBD,Clear,0.12,8.84,0.9,24.2,67.2
2026-04-24 04:11:30,HBD,Clear,0.28,7.74,0.3,27.9,39.8
2026-04-11 00:15:43,HBD,Rain,0.23,6.84,3.5,15.3,54.7
2026-02-27 05:00:34,HBD,Clear,0.22,7.89,0.9,40.2,67.6
2026-01-13 00:38:34,HBD,Cloudy,0.15,9.55,1.4,5.4,77.0
2026-06-30 18:31:35,HBD,Clear,0.09,9.61,0.6,25.8,54.7
2026-04-29 02:50:37,HBD,Clear,0.14,9.63,1.1,29.6,84.7
2026-02-01 09:52:54,HBD,Clear,0.37,7.34,0.3,30.6,68.1
2026-05-04 22:17:37,HBD,Clear,0.17,8.22,0.5,38.2,72.9
2026-06-27 13:47:12,HBD,Rain,0.2,6.98,4.9,19.2,68.1
2026-01-28 07:44:53,HBD,Clear,0.33,7.36,0.2,34.4,82.5
2026-03-15 18:36:43,HBD,Clear,0.05,9.92,0.6,15.3,90.7
2026-06-25 16:27:31,HBD,Clear,0.1,9.25,0.7,19.3,66.5
2026-01-24 16:15:26,HBD,Fog,0.66,4.57,0.9,26.4,52.2
2026-05-31 05:49:45,HBD,Cloudy,0.26,7.3,1.0,37.9,71.5
2026-03-27 13:39:45,HBD,Rain,0.48,5.14,6.9,20.6,79.8
2026-05-27 13:33:53,HBD,Cloudy,0.11,9.15,0.0,26.5,63.4
2026-01-08 17:50:24,HBD,Clear,0.31,6.7,0.4,28.0,65.5
2026-06-27 18:31:33,HBD,Clear,0.24,7.57,0.6,34.5,63.7
2026-01-15 06:59:08,HBD,Clear,0.37,7.15,1.0,16.9,42.8
2026-04-08 19:13:32,HBD,Clear,0.21,8.15,0.9,7.5,49.8
2026-04-23 05:08:20,HBD,Clear,0.13,9.51,1.1,24.8,65.5
2026-02-08 15:28:29,HBD,Clear,0.55,5.39,1.0,28.0,57.9
2026-02-28 15:55:51,HBD,Cloudy,0.2,8.74,0.5,25.0,73.0
2026-01-11 21:19:56,HBD,Clear,0.3,6.83,1.1,6.1,69.0
2026-05-03 04:26:55,HBD,Cloudy,0.3,8.01,0.6,22.3,87.7
2026-05-12 15:50:34,HBD,Fog,0.43,6.16,0.0,13.3,63.8
2026-04-12 10:12:44,HBD,Clear,0.3,7.45,1.2,29.8,64.5
2026-05-09 13:37:29,HBD,Rain,0.25,7.31,10.4,23.8,68.0
2026-03-18 02:18:44,HBD,Clear,0.24,7.89,0.7,16.5,85.9
2026-02-03 10:01:20,HBD,Clear,0.48,6.18,0.6,37.3,61.6
2026-05-19 19:34:36,HBD,Clear,0.21,8.61,1.1,40.3,37.6
2026-05-13 23:44:00,HBD,Rain,0.11,6.86,4.4,15.5,42.7
2026-03-03 06:35:32,HBD,Clear,0.42,6.08,0.6,31.1,82.2
2026-04-30 03:35:36,HBD,Clear,0.24,8.38,0.6,14.9,47.9
2026-01-25 02:39:57,HBD,Fog,0.74,4.59,0.3,23.6,82.8
2026-05-13 02:02:27,HBD,Clear,0.06,10.06,0.2,24.6,46.7
2026-04-21 10:29:11,HBD,Clear,0.25,7.36,0.1,19.9,79.3
2026-01-15 04:20:30,HBD,Clear,0.21,7.33,0.8,20.3,55.8
2026-02-09 06:24:48,HBD,Clear,0.23,6.68,1.0,37.8,59.8
2026-06-10 11:50:10,HBD,Clear,0.07,9.12,0.3,33.0,61.2
2026-06-14 22:29:02,HBD,Clear,0.38,7.01,0.8,34.8,51.2
2026-03-12 07:24:28,HBD,Rain,0.48,4.48,10.1,40.2,35.2
2026-01-24 20:44:30,HBD,Clear,0.14,8.93,1.4,14.9,39.0
2026-02-20 19:23:53,HBD,Cloudy,0.42,7.37,0.6,28.4,57.0
2026-02-11 17:49:31,HBD,Rain,0.68,3.15,11.1,35.3,77.1
2026-05-27 16:43:48,HBD,Clear,0.44,5.54,1.2,24.2,84.6
2026-01-04 01:33:08,HBD,Clear,0.37,6.96,0.5,32.9,69.2
2026-02-18 10:12:59,HBD,Cloudy,0.33,7.24,0.5,10.6,57.8
2026-03-31 16:05:44,HBD,Clear,0.22,8.26,1.3,25.6,67.0
2026-05-18 14:45:50,HBD,Clear,0.07,9.23,0.5,22.4,85.3
2026-02-06 17:24:34,HBD,Clear,0.4,6.87,0.4,28.9,42.6
2026-04-11 13:07:42,HBD,Clear,0.19,8.66,0.8,21.2,61.6
2026-01-04 17:50:50,HBD,Rain,0.25,6.35,28.0,18.7,64.3
2026-03-09 04:52:53,HBD,Rain,0.59,3.81,10.1,31.9,100.0
2026-05-06 06:11:22,HBD,Clear,0.1,9.22,1.1,23.6,77.5
2026-03-19 13:47:41,HBD,Clear,0.34,7.05,0.7,36.4,82.9
2026-03-20 09:23:46,HBD,Fog,0.64,3.59,0.8,25.9,43.6
2026-01-13 21:35:18,HBD,Cloudy,0.05,8.93,1.3,22.4,47.0
2026-05-20 10:58:27,HBD,Clear,0.35,7.24,0.8,16.9,38.7
2026-03-11 04:35:50,HBD,Clear,0.17,8.32,0.7,13.4,96.7
2026-06-16 15:39:46,HBD,Clear,0.17,8.56,1.4,8.2,77.2
2026-06-16 00:28:02,HBD,Cloudy,0.38,6.32,0.2,7.7,77.8
2026-03-13 18:45:49,HBD,Clear,0.24,7.88,1.0,17.9,63.0
2026-02-08 07:41:54,HBD,Clear,0.38,6.23,0.4,28.4,54.7
2026-04-11 20:50:21,HBD,Clear,0.28,7.47,0.2,29.4,67.0
2026-02-22 13:40:56,HBD,Fog,0.8,2.51,0.0,11.2,78.6
2026-05-21 16:29:51,HBD,Clear,0.39,6.74,0.9,20.9,87.3
2026-03-28 00:26:43,HBD,Cloudy,0.54,4.86,1.3,34.4,92.4
2026-02-24 23:38:46,HBD,Rain,0.1,8.02,8.6,24.4,85.1
2026-02-20 17:21:02,HBD,Rain,0.19,7.02,13.4,30.6,64.4
2026-04-22 23:56:32,HBD,Clear,0.25,7.53,0.8,18.3,50.1
2026-05-17 07:09:39,HBD,Clear,0.25,7.87,0.5,30.3,58.5
2026-06-16 05:13:14,HBD,Clear,0.59,4.49,0.2,23.5,95.3
2026-05-30 21:34:51,HBD,Cloudy,0.25,8.17,0.0,25.0,26.7
2026-01-09 12:46:06,HBD,Cloudy,0.27,7.95,0.3,10.8,74.2
2026-06-21 00:14:41,HBD,Clear,0.34,7.06,0.7,5.4,100.0
2026-06-09 07:31:14,HBD,Cloudy,0.15,8.65,0.3,8.6,82.7
2026-03-10 17:26:03,HBD,Clear,0.06,8.94,0.0,19.2,35.4
2026-03-04 22:36:45,HBD,Fog,0.42,5.42,0.7,5.3,71.5
2026-03-12 04:44:29,HBD,Rain,0.38,6.28,12.5,31.5,74.5
2026-04-15 07:32:05,HBD,Fog,0.54,4.97,0.4,32.6,64.8
2026-04-28 23:03:02,HBD,Clear,0.2,8.4,1.3,15.6,72.3
2026-03-04 23:16:21,HBD,Rain,0.12,8.23,19.1,22.7,45.3
2026-06-06 04:51:46,HBD,Clear,0.42,6.55,1.5,20.5,72.4
2026-05-10 15:35:37,HBD,Clear,0.27,7.66,0.2,26.2,88.2
2026-04-03 12:50:52,HBD,Fog,0.49,5.38,0.1,20.2,81.1
2026-05-27 05:49:22,HBD,Clear,0.22,7.93,0.9,28.6,72.3
2026-06-09 09:16:22,HBD,Cloudy,0.42,6.79,0.2,7.0,56.0
2026-05-05 03:34:20,HBD,Fog,0.65,5.15,1.3,29.3,68.3
2026-04-28 11:16:41,HBD,Cloudy,0.33,7.24,1.2,33.4,58.1
2026-01-25 18:21:38,HBD,Clear,0.19,8.48,0.6,26.8,61.4
2026-03-25 05:25:27,HBD,Clear,0.34,6.47,1.3,42.2,41.1
2026-03-24 19:01:50,HBD,Fog,0.71,4.88,1.1,20.5,100.0
2026-02-07 08:48:13,HBD,Fog,0.73,4.61,1.3,22.2,74.4
2026-03-18 11:39:41,HBD,Clear,0.21,8.48,1.1,21.8,32.6
2026-04-17 12:31:01,HBD,Clear,0.54,6.29,0.6,32.4,66.3
2026-05-03 20:18:47,HBD,Clear,0.15,8.85,0.3,21.0,51.6
2026-05-01 11:41:13,HBD,Cloudy,0.25,7.31,0.6,24.6,73.6
2026-03-10 00:00:14,HBD,Cloudy,0.15,8.93,1.2,18.6,57.4
2026-02-02 13:24:18,HBD,Cloudy,0.06,9.68,0.1,24.5,22.7
2026-01-31 09:32:50,HBD,Cloudy,0.37,7.04,0.6,9.1,47.6
2026-01-03 15:33:21,HBD,Clear,0.19,8.06,1.2,22.2,60.3
2026-05-15 04:20:54,HBD,Cloudy,0.36,6.48,0.5,25.4,66.7
2026-01-27 09:00:39,HBD,Clear,0.06,8.58,0.4,27.1,63.0
2026-01-06 21:59:35,HBD,Clear,0.14,8.76,0.3,33.1,55.0
2026-01-29 22:37:49,HBD,Clear,0.38,7.44,0.6,33.2,68.6
2026-03-15 09:20:01,HBD,Clear,0.28,7.05,1.4,32.9,77.6
2026-06-08 05:05:57,HBD,Cloudy,0.35,6.97,1.1,27.3,41.2
2026-03-25 08:06:32,HBD,Clear,0.16,8.72,0.4,32.3,56.1
2026-05-06 19:46:20,HBD,Fog,0.54,4.95,0.2,40.8,81.5
2026-03-12 06:11:13,HBD,Cloudy,0.26,7.48,0.2,36.9,77.1
2026-02-12 22:39:27,HBD,Cloudy,0.21,8.44,1.4,36.2,78.7
2026-05-03 07:22:59,HBD,Rain,0.34,5.65,7.3,22.9,76.9
2026-05-18 20:22:06,HBD,Fog,0.47,6.34,1.0,23.5,100.0
2026-04-30 12:52:05,HBD,Clear,0.23,8.46,0.6,14.3,65.5
2026-03-22 05:27:25,HBD,Rain,0.45,4.62,4.1,17.7,91.8
2026-01-14 02:24:04,HBD,Fog,0.55,5.23,0.0,29.6,76.2
2026-02-15 13:00:26,HBD,Clear,0.13,9.14,0.6,24.0,60.7
2026-03-10 16:42:56,HBD,Rain,0.24,7.6,1.9,13.0,59.2
2026-05-24 19:33:43,HBD,Fog,0.79,4.24,1.1,12.7,59.4
2026-05-21 04:56:09,HBD,Rain,0.23,6.83,10.4,-11.4,49.6
2026-05-25 05:35:35,HBD,Rain,0.17,7.33,6.7,24.9,88.5
2026-03-31 08:51:00,HBD,Clear,0.28,7.84,0.5,18.8,82.4
2026-06-09 13:47:10,HBD,Clear,0.29,7.38,0.8,29.3,75.3
2026-03-17 03:05:44,HBD,Fog,0.69,3.86,1.5,36.7,100.0
2026-02-01 14:30:21,HBD,Clear,0.43,6.96,0.1,12.8,74.8
2026-02-12 12:00:21,HBD,Rain,0.59,2.51,6.2,23.4,88.8
2026-01-27 02:49:11,HBD,Clear,0.38,6.8,0.9,8.0,81.8
2026-01-05 17:26:07,HBD,Fog,0.61,4.44,0.0,26.8,57.9
2026-04-14 06:28:21,HBD,Clear,0.45,6.08,0.6,12.3,61.4
2026-04-11 13:41:46,HBD,Clear,0.58,5.42,1.1,23.8,94.9
2026-06-16 03:33:54,HBD,Clear,0.39,6.6,0.8,29.0,67.6
2026-03-05 19:54:50,HBD,Clear,0.29,8.24,1.0,27.6,41.7
2026-02-10 10:16:42,HBD,Clear,0.24,7.5,0.9,28.3,69.1
2026-01-01 10:02:08,HBD,Rain,0.37,5.0,7.5,16.5,87.5
2026-05-15 04:23:42,HBD,Fog,0.59,4.98,1.3,23.9,59.4
2026-01-10 09:09:51,HBD,Clear,0.33,7.3,0.9,18.9,63.8
2026-05-30 05:02:29,HBD,Clear,0.13,9.02,1.0,40.2,76.5
2026-04-09 13:30:47,HBD,Rain,0.59,3.64,20.0,16.8,71.1
2026-01-02 11:44:48,HBD,Clear,0.22,8.37,0.2,36.2,20.0
2026-05-26 00:08:18,HBD,Fog,0.68,4.38,1.0,27.9,91.5
2026-05-04 02:10:15,HBD,Clear,0.13,8.72,0.7,27.3,69.7
2026-01-12 21:37:59,HBD,Rain,0.12,8.18,9.4,19.7,56.7
2026-04-20 20:47:21,HBD,Clear,0.24,8.02,0.4,21.7,59.8
2026-06-26 11:41:00,HBD,Clear,0.21,7.09,0.9,33.6,100.0
2026-06-22 08:36:45,HBD,Cloudy,0.04,10.15,0.0,33.0,47.7
2026-06-23 20:24:02,HBD,Fog,0.65,4.35,0.3,24.0,51.4
2026-01-18 07:36:12,HBD,Clear,0.2,8.5,0.8,6.9,59.5
2026-04-17 16:25:19,HBD,Fog,0.46,5.46,0.7,36.4,84.8
2026-05-18 04:25:42,HBD,Clear,0.25,8.53,1.3,22.0,59.5
2026-01-11 11:55:59,HBD,Cloudy,0.29,6.78,1.0,17.0,72.5
2026-03-07 20:30:31,HBD,Fog,0.67,3.76,0.2,21.9,81.2
2026-01-20 13:08:08,HBD,Clear,0.12,8.73,0.8,29.9,25.1
2026-04-22 13:56:39,HBD,Clear,0.55,4.82,1.1,18.7,72.9
2026-01-25 18:13:07,HBD,Rain,0.42,4.52,10.7,31.0,38.3
2026-04-17 09:56:06,HBD,Rain,0.25,6.22,4.6,29.0,97.3
2026-02-15 13:51:50,HBD,Cloudy,0.07,9.46,1.3,21.2,66.1
2026-03-18 01:17:14,HBD,Clear,0.07,9.5,1.3,16.9,88.5
2026-03-10 22:27:31,HBD,Clear,0.2,7.45,0.0,19.7,49.1
2026-06-12 03:46:18,HBD,Fog,0.5,5.26,0.8,12.3,58.9
2026-02-21 13:42:02,HBD,Cloudy,0.35,6.77,0.3,32.2,65.0
2026-06-25 17:47:34,HBD,Clear,0.45,6.08,0.3,25.0,72.2
2026-06-17 08:25:46,HBD,Clear,0.16,8.18,0.1,30.6,20.0
2026-02-05 03:23:50,HBD,Clear,0.24,8.32,0.7,24.1,49.9
2026-01-22 21:44:13,HBD,Clear,0.14,9.09,0.4,26.7,20.0
2026-03-20 16:41:32,HBD,Fog,0.84,2.94,0.7,23.8,98.8
2026-05-12 11:07:33,HBD,Clear,0.19,9.07,0.2,16.1,98.8
2026-03-13 06:03:23,HBD,Rain,0.51,4.92,6.8,17.4,45.8
2026-03-01 05:59:49,HBD,Rain,0.21,7.44,4.2,32.7,34.8
2026-04-09 15:53:20,HBD,Clear,0.61,4.55,0.4,20.3,73.2
2026-04-21 18:34:06,HBD,Clear,0.32,6.95,0.8,31.1,64.5
2026-02-23 18:35:56,HBD,Cloudy,0.42,6.89,0.3,22.1,30.5
2026-01-08 21:18:52,HBD,Clear,0.28,7.96,0.7,37.3,86.6
2026-01-14 14:44:19,HBD,Fog,0.48,6.31,0.2,25.5,58.4
2026-01-25 07:20:16,HBD,Rain,0.34,5.56,7.7,23.7,43.4
2026-05-09 21:44:37,HBD,Clear,0.23,6.83,0.0,39.4,71.0
2026-04-14 23:13:23,HBD,Clear,0.04,8.65,1.3,21.9,84.6
2026-03-01 20:34:08,HBD,Clear,0.21,7.58,1.2,28.3,79.4
2026-06-20 18:49:03,HBD,Clear,0.47,6.25,1.1,27.6,72.4
2026-03-10 11:40:01,HBD,Cloudy,0.3,7.24,1.4,25.4,50.4
2026-06-03 22:47:40,HBD,Clear,0.16,8.78,0.5,27.4,75.2
2026-02-01 10:42:09,HBD,Fog,0.98,1.24,0.4,18.1,59.4
2026-03-17 19:46:49,HBD,Clear,0.3,7.89,1.3,14.5,82.6
2026-06-16 14:46:13,HBD,Clear,0.05,9.41,0.5,22.0,94.5
2026-02-16 05:28:18,HBD,Clear,0.13,8.8,0.0,16.2,56.8
2026-03-11 08:47:32,HBD,Rain,0.14,8.16,10.3,30.3,72.4
2026-03-02 10:54:41,HBD,Clear,0.6,3.98,0.8,25.2,44.7
2026-05-30 20:35:48,HBD,Cloudy,0.41,6.41,0.2,35.9,76.8
2026-06-28 07:38:52,HBD,Clear,0.25,7.5,0.8,14.3,38.2
2026-02-04 06:04:45,HBD,Clear,0.38,6.32,0.4,38.9,83.7
2026-05-07 03:42:37,HBD,Fog,0.97,2.02,0.8,35.7,78.9
2026-02-20 14:09:35,HBD,Clear,0.43,6.21,1.4,28.7,70.5
2026-02-25 03:19:04,HBD,Cloudy,0.09,9.19,0.8,24.0,50.0
2026-06-02 18:56:13,HBD,Cloudy,0.19,8.36,0.2,24.8,68.7
2026-03-06 05:01:22,HBD,Clear,0.23,7.79,1.2,31.1,62.4
2026-05-27 03:26:00,HBD,Clear,0.46,6.44,0.3,21.9,56.5
2026-04-23 12:43:32,HBD,Fog,0.69,4.07,0.3,38.5,75.2
2026-06-10 13:38:43,HBD,Clear,0.45,5.66,0.1,26.1,78.8
2026-01-07 03:28:29,HBD,Clear,0.14,9.07,0.4,29.9,56.2
2026-02-16 08:36:29,HBD,Clear,0.22,7.85,1.0,28.0,56.4
2026-05-31 17:50:30,HBD,Clear,0.08,8.99,0.9,22.8,75.6
2026-03-02 02:14:09,HBD,Clear,0.4,6.73,1.1,23.1,91.5
2026-06-09 18:54:52,HBD,Clear,0.1,8.57,1.2,21.5,59.2
2026-03-05 01:18:15,HBD,Clear,0.47,5.64,0.3,16.0,73.0
2026-03-02 13:18:46,HBD,Clear,0.27,7.87,1.1,25.1,58.6
2026-06-18 09:43:44,HBD,Fog,0.57,5.14,0.7,19.2,81.7
2026-04-21 22:11:33,HBD,Clear,0.29,7.72,0.3,29.2,77.7
2026-02-28 03:39:22,HBD,Clear,0.13,8.83,0.1,38.6,83.6
2026-05-19 06:02:19,HBD,Rain,0.36,6.11,6.0,26.5,100.0
2026-02-14 08:47:08,HBD,Clear,0.48,5.86,0.4,27.2,47.4
2026-04-04 11:59:07,HBD,Clear,0.05,9.27,0.8,20.0,20.0
2026-01-29 13:56:06,HBD,Clear,0.13,8.51,1.4,29.2,69.0
2026-04-09 13:16:40,HBD,Cloudy,0.18,8.26,0.9,27.2,55.9
2026-02-23 09:50:58,HBD,Rain,0.18,6.79,1.2,13.5,79.3
2026-02-22 18:36:29,HBD,Clear,0.33,6.88,0.8,20.6,62.7
2026-01-29 10:23:42,HBD,Clear,0.19,8.87,0.6,27.6,72.3
2026-04-27 23:06:48,HBD,Rain,0.32,5.64,15.5,21.6,57.0
2026-02-12 02:39:27,HBD,Clear,0.18,8.03,0.7,31.8,78.1
2026-02-21 20:30:03,HBD,Clear,0.25,7.73,0.3,8.3,71.2
2026-03-18 01:25:36,HBD,Cloudy,0.37,6.66,0.0,26.9,84.6
2026-02-14 09:03:11,HBD,Clear,0.6,4.62,0.6,13.6,77.8
2026-02-09 06:54:56,HBD,Clear,0.01,10.29,0.1,31.3,35.0
2026-04-25 21:00:30,HBD,Clear,0.34,7.17,0.4,24.9,56.4
2026-06-08 23:11:19,HBD,Rain,0.24,7.29,3.7,24.1,57.9
2026-02-20 11:59:26,HBD,Cloudy,0.37,7.21,0.8,30.1,57.9
2026-05-11 14:33:59,HBD,Clear,0.16,8.77,1.5,24.5,65.4
2026-01-23 00:01:42,HBD,Clear,0.27,8.17,0.0,18.2,76.2
2026-06-15 19:52:33,HBD,Cloudy,0.23,7.52,0.0,24.4,80.1
2026-05-19 10:08:39,HBD,Cloudy,0.39,5.97,0.8,27.1,34.7
2026-04-11 05:45:11,HBD,Clear,0.37,6.95,0.7,34.8,83.9
2026-05-27 03:45:46,HBD,Clear,0.35,7.09,0.1,14.9,91.2
2026-02-18 17:37:38,HBD,Cloudy,0.13,9.35,0.5,31.1,59.8
2026-02-05 22:06:04,HBD,Cloudy,0.16,8.32,0.4,33.6,79.6
2026-03-04 14:15:28,HBD,Clear,0.2,7.64,0.2,27.7,86.1
2026-04-10 00:29:46,HBD,Rain,0.41,5.17,6.0,37.5,42.7
2026-02-05 01:31:02,HBD,Rain,0.41,6.07,1.3,16.6,71.1
2026-02-15 17:56:14,HBD,Clear,0.61,4.64,0.4,24.6,82.5
2026-05-08 17:50:13,HBD,Clear,0.25,7.31,1.3,15.1,73.0
2026-06-14 22:58:37,HBD,Rain,0.31,6.14,9.4,47.8,52.8
2026-05-20 10:54:49,HBD,Clear,0.23,8.02,1.1,25.1,37.4
2026-01-03 13:22:33,HBD,Rain,0.4,5.4,25.1,32.2,86.6
2026-05-18 05:10:52,HBD,Clear,0.25,8.02,0.2,11.5,55.5
2026-06-29 20:00:28,HBD,Clear,0.15,8.71,0.5,28.4,43.3
2026-04-25 18:25:47,HBD,Clear,0.31,7.87,1.0,20.6,71.9
2026-04-11 10:10:01,HBD,Cloudy,0.22,7.66,0.3,17.4,62.6
2026-03-14 07:17:23,HBD,Clear,0.05,9.69,0.1,25.2,78.9
2026-02-15 21:34:04,HBD,Cloudy,0.35,6.24,1.3,15.9,77.9
2026-04-19 00:43:21,HBD,Clear,0.4,5.29,0.5,28.7,57.2
2026-04-25 13:14:45,HBD,Clear,0.29,7.42,1.4,30.4,41.7
2026-04-02 03:55:52,HBD,Clear,0.26,7.34,0.3,28.8,45.0
2026-02-28 03:12:15,HBD,Rain,0.35,5.9,8.9,9.3,65.4
2026-06-24 01:55:50,HBD,Clear,0.41,6.18,0.2,36.8,90.8
2026-04-16 07:16:15,HBD,Clear,0.12,8.78,1.5,22.1,82.5
2026-04-21 18:56:38,HBD,Cloudy,0.52,5.43,1.1,27.9,74.5
2026-01-24 07:17:18,HBD,Cloudy,0.22,8.07,0.7,28.0,92.7
2026-04-29 19:26:10,HBD,Cloudy,0.58,4.19,0.9,23.5,85.6
2026-03-05 10:38:00,HBD,Clear,0.4,6.36,1.3,9.3,70.5
2026-01-06 04:18:13,HBD,Clear,0.31,7.25,0.6,17.6,69.3
2026-02-02 18:31:15,HBD,Cloudy,0.51,5.89,0.4,28.9,59.9
2026-01-16 19:07:22,HBD,Clear,0.12,9.02,0.8,38.2,66.2
2026-02-28 01:31:19,HBD,Cloudy,0.07,10.37,1.4,37.4,81.8
2026-01-08 02:04:14,HBD,Rain,0.18,7.31,5.9,22.5,76.6
2026-03-08 11:30:38,HBD,Rain,0.07,8.41,8.8,18.7,65.4
2026-04-05 15:45:58,HBD,Clear,0.09,8.51,0.2,29.4,83.3
2026-04-20 15:03:05,HBD,Clear,0.32,6.92,1.0,28.6,71.0
2026-04-17 09:48:34,HBD,Cloudy,0.25,8.35,0.6,12.1,55.4
2026-01-07 13:51:57,HBD,Fog,0.39,6.38,0.5,22.1,58.0
2026-05-09 07:44:28,HBD,Clear,0.07,9.62,0.8,23.0,71.4
2026-06-16 01:38:49,HBD,Clear,0.18,8.16,1.2,23.4,72.9
2026-03-10 13:06:48,HBD,Rain,0.57,3.92,26.5,11.6,53.9
2026-06-18 20:11:18,HBD,Cloudy,0.16,7.97,0.2,21.5,51.8
2026-01-17 04:18:38,HBD,Clear,0.37,7.73,0.3,24.9,93.7
2026-04-17 23:03:10,HBD,Cloudy,0.12,8.44,0.7,31.5,84.2
2026-04-08 04:11:53,HBD,Clear,0.38,7.06,1.3,23.8,50.2
2026-03-16 05:46:39,HBD,Clear,0.63,4.62,0.8,19.6,68.0
2026-02-09 00:01:02,HBD,Cloudy,0.59,5.08,0.7,29.0,77.7
2026-05-27 20:18:16,HBD,Cloudy,0.26,7.55,0.7,24.7,60.0
2026-04-18 02:34:43,HBD,Cloudy,0.3,8.0,1.2,23.8,84.4
2026-06-28 17:14:24,HBD,Clear,0.21,8.05,0.5,27.6,37.7
2026-02-25 17:48:08,HBD,Clear,0.07,10.17,1.3,25.8,44.5
2026-02-03 03:48:54,HBD,Cloudy,0.15,8.42,0.2,32.5,85.4
2026-02-25 10:45:32,HBD,Clear,0.31,7.45,0.1,21.3,51.2
2026-04-02 01:25:28,HBD,Cloudy,0.2,8.05,1.2,15.4,36.5
2026-06-25 06:25:17,HBD,Cloudy,0.11,8.63,0.4,17.3,51.5
2026-04-02 02:48:36,HBD,Clear,0.28,7.83,0.1,33.7,57.0
2026-04-03 19:42:31,HBD,Clear,0.56,5.48,0.8,26.0,63.9
2026-01-09 21:51:47,HBD,Clear,0.45,6.4,0.7,28.7,50.1
2026-05-10 22:48:17,HBD,Fog,0.51,4.94,1.2,33.0,60.6
2026-04-29 17:39:16,HBD,Rain,0.16,7.6,3.8,34.5,71.1
2026-06-02 09:55:46,HBD,Rain,0.29,6.09,12.3,10.0,56.8
2026-03-24 00:26:58,HBD,Fog,0.69,4.56,0.0,30.4,86.8
2026-01-24 16:36:09,HBD,Clear,0.23,7.22,0.7,16.8,77.6
2026-05-29 16:24:20,HBD,Clear,0.2,8.82,0.5,23.2,82.2
2026-05-12 03:53:19,HBD,Clear,0.38,6.32,1.0,7.1,72.7
2026-02-05 15:17:38,HBD,Rain,0.29,6.21,9.0,27.6,71.2
2026-02-23 03:38:00,HBD,Fog,0.37,6.39,1.4,19.3,46.9
2026-02-23 03:56:55,HBD,Clear,0.75,3.4,0.7,24.3,79.8
2026-01-13 08:33:59,HBD,Clear,0.44,5.99,0.9,36.5,72.2
2026-01-22 21:19:57,HBD,Clear,0.32,7.13,0.7,16.9,79.5
2026-05-07 02:23:04,HBD,Clear,0.37,6.72,1.2,33.7,63.2
2026-05-13 01:27:18,HBD,Clear,0.08,9.3,0.3,33.5,76.6
2026-05-22 01:03:56,HBD,Cloudy,0.22,8.18,1.3,24.7,61.2
2026-01-04 12:12:13,HBD,Cloudy,0.35,6.43,0.5,35.6,47.4
2026-05-02 16:02:26,HBD,Clear,0.5,5.38,1.3,25.5,73.0
2026-02-03 16:53:55,HBD,Clear,0.38,6.86,0.5,18.6,43.4
2026-06-09 22:21:56,HBD,Clear,0.42,6.99,1.5,37.6,100.0
2026-04-15 09:34:19,HBD,Cloudy,0.4,6.31,0.2,31.4,72.7
2026-01-27 19:19:55,HBD,Fog,0.82,3.06,1.4,21.8,75.6
2026-02-16 23:05:39,HBD,Clear,0.43,5.2,0.4,37.1,68.5
2026-04-08 04:47:57,HBD,Cloudy,0.29,7.33,1.2,15.0,62.8
2026-01-23 05:45:39,HBD,Clear,0.16,7.76,0.5,21.2,79.1
2026-05-30 17:18:48,HBD,Clear,0.1,9.62,0.9,21.1,77.6
2026-01-08 09:09:27,HBD,Clear,0.37,6.92,1.4,20.0,99.7
2026-06-04 03:45:13,HBD,Cloudy,0.76,4.43,1.0,25.0,63.4
2026-01-18 05:36:32,HBD,Cloudy,0.22,7.96,1.3,10.3,75.9
2026-01-22 22:58:28,HBD,Clear,0.41,7.02,1.3,21.8,55.8
2026-02-15 03:50:15,HBD,Cloudy,0.54,5.2,0.2,21.3,84.0
2026-05-13 16:29:30,HBD,Clear,0.47,6.36,0.1,14.7,84.5
2026-05-01 18:41:21,HBD,Clear,0.33,7.12,0.9,25.2,62.2
2026-06-27 23:01:19,HBD,Cloudy,0.63,5.38,0.7,23.1,65.8
2026-05-03 17:04:08,HBD,Clear,0.58,4.8,0.2,40.1,71.2
2026-02-23 20:49:01,HBD,Clear,0.32,6.95,1.2,27.6,55.9
2026-02-08 12:03:23,HBD,Rain,0.35,5.46,11.0,28.5,90.9
2026-03-27 09:39:42,HBD,Rain,0.56,4.8,8.8,26.3,43.2
2026-03-23 18:45:44,HBD,Clear,0.07,9.22,0.1,26.7,48.6
2026-03-26 11:09:36,HBD,Clear,0.5,4.74,0.4,34.7,68.1
2026-05-14 18:32:01,HBD,Rain,0.07,7.48,5.7,23.4,89.9
2026-05-19 14:43:53,HBD,Cloudy,0.67,4.58,1.0,10.9,76.8
2026-03-24 13:53:19,HBD,Cloudy,0.17,8.29,0.5,34.6,86.8
2026-03-03 03:15:51,HBD,Clear,0.44,6.56,0.5,34.9,85.9
2026-02-22 19:48:57,HBD,Fog,0.49,5.67,1.1,21.3,69.3
2026-05-24 06:54:06,HBD,Clear,0.51,5.64,1.3,34.5,100.0
2026-06-29 22:32:51,HBD,Clear,0.27,7.2,1.2,15.5,66.1
2026-03-25 10:13:52,HBD,Clear,0.23,7.73,0.1,30.6,100.0
2026-02-05 17:04:05,HBD,Clear,0.31,7.14,0.4,27.3,72.2
2026-02-23 22:04:48,HBD,Clear,0.39,7.55,0.9,35.0,75.1
2026-01-11 12:59:34,HBD,Clear,0.22,7.69,0.0,27.0,83.6
2026-06-17 05:37:55,HBD,Clear,0.14,8.47,0.3,17.3,59.4
2026-05-09 04:31:20,HBD,Clear,0.12,8.7,0.6,23.8,100.0
2026-06-20 17:39:25,HBD,Clear,0.2,8.67,0.3,17.4,60.4
2026-02-28 05:51:14,HBD,Clear,0.61,3.85,0.5,21.4,85.4
2026-01-10 07:59:48,HBD,Clear,0.26,7.85,0.6,8.4,54.9
2026-01-02 16:47:23,HBD,Rain,0.12,7.8,7.0,-3.3,41.1
2026-03-15 00:01:54,HBD,Cloudy,0.34,7.07,0.5,31.0,66.7
2026-05-13 16:55:16,HBD,Fog,0.93,1.71,1.4,42.2,74.1
2026-04-29 04:29:24,HBD,Fog,0.72,3.46,0.5,27.8,76.6
2026-05-15 04:50:46,HBD,Rain,0.09,8.51,4.6,30.5,45.7
2026-06-27 22:06:26,HBD,Clear,0.27,7.84,1.4,22.4,59.4
2026-05-19 05:27:09,HBD,Clear,0.35,6.84,1.4,23.5,72.7
2026-02-02 08:26:21,HBD,Cloudy,0.31,7.37,1.3,25.1,48.0
2026-06-27 07:37:38,HBD,Clear,0.15,8.33,1.0,22.3,60.2
2026-05-18 00:30:39,HBD,Clear,0.41,6.43,1.3,36.7,68.5
2026-04-23 23:23:17,HBD,Clear,0.73,4.05,0.3,20.0,55.8
2026-06-22 15:41:07,HBD,Fog,0.5,5.56,0.4,34.8,51.9
2026-06-21 09:34:55,HBD,Cloudy,0.19,8.77,1.2,37.7,75.3
2026-06-21 20:43:33,HBD,Fog,0.81,1.8,0.5,27.8,93.6
2026-06-12 17:42:25,HBD,Rain,0.49,5.4,6.5,28.2,74.0
2026-04-03 20:27:52,HBD,Clear,0.31,7.07,0.9,15.4,57.7
2026-02-04 19:35:17,HBD,Fog,0.58,4.8,1.4,38.5,55.9
2026-06-05 00:37:23,HBD,Fog,0.72,3.89,1.4,52.1,57.2
2026-01-15 11:49:47,HBD,Cloudy,0.22,8.06,1.0,22.5,55.7
2026-01-11 10:11:55,HBD,Clear,0.39,7.28,1.3,38.9,69.6
2026-02-11 10:09:40,HBD,Rain,0.54,4.77,5.8,16.4,59.6
2026-03-08 11:53:48,HBD,Rain,0.4,5.22,27.2,21.9,34.2
2026-01-22 07:15:34,HBD,Clear,0.25,8.67,1.3,29.6,72.3
2026-06-25 04:27:04,HBD,Clear,0.03,9.55,0.2,27.0,57.6
2026-03-27 12:29:35,HBD,Clear,0.35,7.09,1.5,22.7,58.2
2026-05-02 06:51:11,HBD,Clear,0.44,6.42,0.4,22.3,32.1
2026-05-29 00:23:42,HBD,Clear,0.13,8.8,1.0,22.5,46.3
2026-03-29 21:13:57,HBD,Cloudy,0.68,3.94,1.0,17.1,56.0
2026-02-11 13:09:38,HBD,Clear,0.29,7.38,0.7,26.8,42.5
2026-05-04 22:41:09,HBD,Clear,0.06,9.97,0.2,21.4,79.8
2026-01-05 11:31:40,HBD,Cloudy,0.21,8.23,1.2,19.3,78.2
2026-01-21 04:26:33,HBD,Clear,0.24,7.98,0.3,21.9,63.1
2026-05-29 15:28:19,HBD,Clear,0.13,8.85,1.2,20.0,62.3
2026-04-18 08:43:17,HBD,Clear,0.2,8.06,1.3,22.6,63.6
2026-01-10 15:08:45,HBD,Clear,0.61,4.49,1.2,18.0,92.7
2026-05-28 01:18:20,HBD,Cloudy,0.41,6.31,0.1,25.5,86.9
2026-01-25 11:59:17,HBD,Clear,0.07,9.63,1.3,17.8,53.8
2026-05-30 01:18:53,HBD,Clear,0.43,6.1,1.2,21.2,62.6
2026-05-02 20:14:05,HBD,Clear,0.31,7.89,0.6,27.0,91.3
2026-01-17 07:50:25,HBD,Cloudy,0.18,8.87,0.4,31.6,60.2
2026-05-08 05:01:28,HBD,Cloudy,0.16,8.69,0.1,33.7,77.2
2026-06-20 03:37:20,HBD,Rain,0.21,6.39,14.9,25.7,81.5
2026-01-30 11:23:52,HBD,Cloudy,0.38,6.42,1.1,26.8,61.7
2026-05-09 18:43:44,HBD,Clear,0.08,9.37,0.7,26.9,79.6
2026-06-03 06:09:30,HBD,Clear,0.4,6.02,0.8,26.3,80.4
2026-02-04 05:36:58,HBD,Clear,0.29,7.06,1.2,30.5,73.8
2026-06-01 00:57:55,HBD,Clear,0.28,6.98,0.5,29.6,66.9
2026-01-07 18:23:44,HBD,Cloudy,0.43,5.91,0.8,23.3,82.6
2026-02-27 18:05:11,HBD,Clear,0.74,3.57,0.5,38.5,79.9
2026-06-24 14:43:49,HBD,Clear,0.4,6.19,0.3,15.4,89.1
2026-01-07 22:52:50,HBD,Clear,0.14,9.7,0.2,5.9,67.0
2026-02-21 16:59:29,HBD,Clear,0.31,7.38,1.1,15.8,98.0
2026-05-06 09:20:52,HBD,Fog,0.46,6.45,1.3,27.1,48.6
2026-05-29 04:18:33,HBD,Cloudy,0.12,9.52,1.5,12.5,65.3
2026-02-22 14:53:00,HBD,Clear,0.08,9.22,0.6,9.7,47.7
2026-02-18 22:20:38,HBD,Clear,0.18,8.36,1.4,18.6,84.8
2026-02-03 06:44:18,HBD,Clear,0.46,5.72,0.6,22.7,47.9
2026-01-12 15:49:27,HBD,Rain,0.4,5.77,7.1,23.2,99.3
2026-05-26 15:18:57,HBD,Clear,0.1,8.23,1.0,17.7,71.2
2026-05-24 14:39:28,HBD,Clear,0.56,5.19,1.3,36.7,77.0
2026-06-15 21:34:41,HBD,Cloudy,0.12,8.93,1.0,31.3,57.5
2026-03-16 10:59:11,HBD,Clear,0.28,7.08,0.7,27.5,66.2
2026-03-28 03:02:11,HBD,Cloudy,0.18,8.75,0.3,25.0,88.7
2026-05-07 02:31:58,HBD,Clear,0.55,5.57,0.6,22.1,53.9
2026-05-16 02:23:24,HBD,Clear,0.18,8.33,0.9,17.5,37.2
2026-06-01 14:12:43,HBD,Clear,0.14,8.79,1.1,36.6,47.9
2026-02-26 07:16:50,HBD,Clear,0.31,7.94,0.7,18.4,35.9
2026-01-27 08:35:43,HBD,Rain,0.39,4.85,4.1,14.1,48.5
2026-06-25 08:54:08,HBD,Clear,0.02,9.92,0.8,17.6,84.8
2026-05-05 09:20:19,HBD,Cloudy,0.28,7.82,0.9,37.6,70.1
2026-02-02 22:05:07,HBD,Clear,0.4,6.09,0.3,24.7,64.9
2026-05-02 02:13:04,HBD,Cloudy,0.55,4.95,0.3,22.9,96.8
2026-01-08 02:50:57,HBD,Clear,0.42,6.06,0.2,32.7,41.9
2026-06-06 00:37:07,HBD,Fog,0.68,3.73,1.4,10.9,100.0
2026-04-17 04:40:28,HBD,Clear,0.69,4.28,0.0,10.4,57.8
2026-01-28 17:59:30,HBD,Cloudy,0.22,7.87,1.1,25.3,49.6
2026-04-22 01:00:08,HBD,Cloudy,0.43,6.42,0.9,18.6,76.1
2026-06-12 08:54:08,HBD,Clear,0.07,9.52,0.7,36.3,71.0
2026-06-24 16:23:49,HBD,Clear,0.34,7.1,1.5,26.1,71.2
2026-01-11 17:07:14,HBD,Rain,0.3,5.95,3.6,24.3,79.4
2026-06-08 14:00:50,HBD,Clear,0.28,8.35,0.7,37.4,43.7
2026-01-11 22:10:08,HBD,Clear,0.43,6.3,1.0,21.3,91.6
2026-03-19 19:47:11,HBD,Cloudy,0.31,7.27,0.9,31.8,47.4
2026-03-27 08:25:43,HBD,Clear,0.14,8.73,1.3,39.4,65.4
2026-03-02 20:53:56,HBD,Clear,0.42,6.71,1.2,41.8,60.7
2026-01-30 05:51:55,HBD,Clear,0.16,8.62,1.3,23.3,44.5
2026-04-24 22:18:39,HBD,Clear,0.26,8.46,0.9,41.0,87.5
2026-01-26 11:57:49,HBD,Cloudy,0.24,7.53,0.4,20.1,64.7
2026-06-05 09:13:52,HBD,Clear,0.45,6.27,0.5,34.5,52.6
2026-04-09 06:31:08,HBD,Clear,0.17,8.25,0.5,16.2,100.0
2026-05-31 14:12:41,HBD,Rain,0.23,7.0,19.1,20.3,74.3
2026-04-22 01:29:58,HBD,Fog,0.55,5.12,0.0,18.6,98.6
2026-06-15 07:26:48,HBD,Clear,0.07,9.47,0.4,13.1,78.3
2026-06-26 12:25:55,HBD,Rain,0.53,4.43,4.6,29.8,84.8
2026-01-01 19:12:58,HBD,Cloudy,0.09,9.8,1.2,20.3,83.5
2026-03-28 05:08:59,HBD,Fog,0.89,1.99,1.3,7.7,82.7
2026-03-01 17:42:19,HBD,Rain,0.29,5.9,2.2,33.1,63.0
2026-01-03 22:39:36,HBD,Cloudy,0.45,7.13,0.8,39.5,55.7
2026-03-27 08:24:23,HBD,Clear,0.2,8.8,1.4,26.1,60.4
2026-03-26 15:47:56,HBD,Fog,0.55,5.61,1.1,29.8,91.5
2026-02-08 00:52:38,HBD,Rain,0.09,8.56,1.4,4.2,60.3
2026-05-16 02:29:39,HBD,Fog,0.72,4.94,0.7,19.0,65.9
2026-02-05 22:39:32,HBD,Clear,0.53,5.43,0.1,27.9,71.2
2026-02-12 13:47:16,HBD,Rain,0.28,7.87,9.4,27.4,52.8
2026-04-20 02:22:58,HBD,Clear,0.06,10.18,0.3,12.8,65.4
2026-02-23 23:46:46,HBD,Fog,0.52,5.37,1.5,25.4,49.2
2026-05-23 16:25:18,HBD,Clear,0.17,8.48,0.3,20.0,47.7
2026-05-25 08:43:54,HBD,Cloudy,0.26,7.14,0.1,28.3,75.6
2026-05-08 17:26:00,HBD,Clear,0.57,5.8,1.0,21.4,100.0
2026-03-27 21:19:45,HBD,Clear,0.19,8.11,1.0,27.8,58.9
2026-05-25 12:07:28,HBD,Cloudy,0.08,10.17,0.8,28.0,58.7
2026-01-20 07:50:44,HBD,Clear,0.3,7.74,0.7,25.6,63.6
2026-01-16 14:15:33,HBD,Clear,0.14,8.81,0.8,15.9,51.4
2026-06-15 07:03:35,HBD,Clear,0.27,8.22,1.0,24.1,93.6
2026-03-05 21:43:41,HBD,Clear,0.13,8.78,0.8,32.7,44.3
2026-04-01 03:36:57,HBD,Clear,0.34,7.02,1.2,29.6,53.5
2026-05-09 17:31:53,HBD,Clear,0.44,7.08,0.3,11.1,66.4
2026-02-18 19:29:38,HBD,Clear,0.28,6.95,1.3,37.2,44.8
2026-05-21 19:00:10,HBD,Rain,0.34,6.55,14.1,20.2,90.2
2026-06-29 21:18:55,HBD,Rain,0.17,7.28,5.3,29.2,70.2
2026-01-15 07:20:53,HBD,Cloudy,0.64,4.65,0.8,24.3,67.2
2026-05-21 19:19:07,HBD,Clear,0.28,8.14,1.2,31.2,84.7
2026-04-05 23:35:41,HBD,Clear,0.06,9.25,0.4,28.1,51.6
2026-04-07 19:50:16,HBD,Rain,0.47,4.6,15.9,32.0,60.3
2026-02-08 14:01:59,HBD,Clear,0.11,9.1,0.9,20.6,60.1
2026-03-27 02:10:03,HBD,Clear,0.34,7.87,1.0,37.2,93.3
2026-01-23 09:53:06,HBD,Rain,0.23,6.79,12.3,25.3,59.8
2026-05-16 15:25:19,HBD,Cloudy,0.27,6.6,1.0,20.4,74.4
2026-03-11 22:29:43,HBD,Clear,0.32,6.64,1.1,11.1,89.0
2026-05-18 01:11:06,HBD,Clear,0.26,7.66,1.5,15.9,65.9
2026-05-26 22:17:07,HBD,Rain,0.16,7.45,12.6,28.2,87.9
2026-02-26 16:54:48,HBD,Clear,0.53,5.92,0.3,21.0,86.3
2026-01-21 18:43:56,HBD,Rain,0.39,6.04,4.4,20.1,63.2
2026-05-14 16:11:48,HBD,Clear,0.52,5.96,0.0,26.1,79.7
2026-03-29 04:39:41,HBD,Clear,0.19,8.7,0.2,25.8,83.9
2026-01-12 22:13:29,HBD,Clear,0.1,8.57,0.2,22.6,33.3
2026-01-03 01:45:38,HBD,Fog,0.66,4.72,0.3,27.4,71.0
2026-06-13 13:25:15,HBD,Clear,0.28,7.94,1.0,17.4,56.5
2026-06-22 19:10:21,HBD,Fog,0.95,2.3,0.8,29.8,58.8
2026-06-29 14:04:24,HBD,Rain,0.51,3.97,9.3,39.9,89.4
2026-03-08 05:38:44,HBD,Clear,0.21,8.48,0.1,20.6,59.3
2026-01-23 16:57:46,HBD,Fog,0.45,6.4,0.1,20.6,77.1
2026-02-24 20:03:09,HBD,Clear,0.24,8.1,0.7,29.4,45.9
2026-04-17 07:10:31,HBD,Cloudy,0.27,7.66,0.9,21.7,45.6
2026-04-22 11:11:42,HBD,Fog,0.64,3.58,1.3,25.8,100.0
2026-05-12 14:55:32,HBD,Clear,0.3,7.98,0.7,22.6,65.8
2026-03-01 00:18:02,HBD,Rain,0.46,4.39,2.2,18.7,67.8
2026-05-07 13:30:35,HBD,Clear,0.21,9.0,0.6,18.8,79.2
2026-06-03 21:17:29,HBD,Clear,0.52,5.5,1.2,29.1,65.6
2026-06-01 14:34:33,HBD,Clear,0.3,7.75,0.3,14.6,81.3
2026-05-31 05:20:58,HBD,Clear,0.32,7.47,1.3,19.0,20.0
2026-04-27 20:29:46,HBD,Cloudy,0.25,7.37,0.9,29.7,59.2
2026-02-15 00:14:08,HBD,Clear,0.4,6.96,1.3,18.7,35.1
2026-05-20 03:42:28,HBD,Fog,0.6,4.84,0.3,9.6,81.1
2026-02-04 08:34:07,HBD,Clear,0.28,8.24,0.3,27.3,70.4
2026-04-27 18:14:44,HBD,Fog,0.63,4.34,0.6,31.5,80.3
2026-03-04 09:43:27,HBD,Clear,0.36,7.17,0.1,32.1,65.6
2026-02-01 01:28:29,HBD,Cloudy,0.26,7.17,0.1,24.9,55.0
2026-02-02 06:12:23,HBD,Rain,0.12,7.98,1.1,21.0,53.6
2026-06-13 00:07:59,HBD,Clear,0.32,8.2,0.3,28.2,87.6
2026-04-04 22:00:58,HBD,Rain,0.41,5.14,4.4,27.0,74.9
2026-05-31 09:04:59,HBD,Clear,0.21,8.4,0.2,21.8,63.8
2026-06-18 03:19:59,HBD,Clear,0.59,5.06,1.2,27.1,52.9
2026-06-08 14:37:54,HBD,Fog,0.66,4.85,0.9,25.7,38.8
2026-02-19 11:51:03,HBD,Rain,0.37,6.02,5.1,11.1,69.7
2026-04-29 04:19:34,HBD,Cloudy,0.39,6.41,1.2,7.7,45.2
2026-03-01 12:16:04,HBD,Clear,0.37,6.85,0.0,24.7,88.6
2026-06-02 06:04:56,HBD,Clear,0.45,5.85,0.1,25.3,63.9
2026-01-25 14:21:38,HBD,Fog,0.57,4.98,0.8,24.2,71.5
2026-06-13 12:43:31,HBD,Fog,0.58,5.11,1.4,28.0,51.5
2026-05-25 23:49:54,HBD,Fog,0.65,4.46,0.9,26.8,100.0
2026-05-27 10:21:35,HBD,Clear,0.18,8.18,1.5,23.2,72.2
2026-05-23 10:50:02,HBD,Clear,0.1,9.58,1.0,17.1,70.0
2026-05-19 15:48:24,HBD,Cloudy,0.24,8.2,0.6,22.3,50.3
2026-03-12 02:26:04,HBD,Clear,0.3,7.31,0.1,17.7,57.9
2026-01-22 15:41:22,HBD,Clear,0.56,5.44,0.2,34.8,72.8
2026-01-12 06:13:16,HBD,Clear,0.29,8.04,1.0,17.1,73.5
2026-04-12 04:19:20,HBD,Clear,0.37,7.09,0.6,26.6,70.8
2026-05-23 13:39:31,HBD,Clear,0.59,4.34,0.1,30.1,70.9
2026-05-07 14:05:50,HBD,Rain,0.09,8.15,1.7,16.5,59.6
2026-03-15 02:13:13,HBD,Clear,0.22,8.44,0.9,28.4,80.5
2026-02-10 18:40:02,HBD,Clear,0.38,6.69,0.3,18.2,86.4
2026-04-19 00:17:37,HBD,Cloudy,0.18,8.53,0.7,24.5,67.0
2026-05-11 21:12:11,HBD,Clear,0.2,8.21,0.6,24.3,64.1
2026-06-26 19:45:28,HBD,Clear,0.4,6.8,1.1,13.7,56.6
2026-01-25 01:44:03,HBD,Clear,0.52,5.33,0.9,18.4,41.6
2026-05-25 07:15:28,HBD,Fog,0.56,4.89,1.0,22.3,70.7
2026-04-03 18:35:18,HBD,Fog,0.56,6.11,0.0,36.5,69.3
2026-02-05 05:46:28,HBD,Fog,0.56,5.52,0.8,22.5,53.6
2026-06-05 20:21:25,HBD,Rain,0.2,7.29,1.4,22.2,79.2
2026-05-14 19:54:16,HBD,Clear,0.19,9.07,1.4,25.7,37.5
2026-06-11 20:58:53,HBD,Cloudy,0.2,7.83,1.4,9.3,54.4
2026-02-10 12:55:11,HBD,Fog,0.82,2.86,0.8,11.4,73.9
2026-06-27 01:42:47,HBD,Clear,0.3,7.32,0.8,27.7,70.5
2026-01-12 10:00:42,HBD,Clear,0.22,8.52,0.4,25.0,63.8
2026-06-10 01:44:36,HBD,Clear,0.13,8.79,1.0,27.9,37.8
2026-05-20 16:36:43,HBD,Cloudy,0.26,7.64,1.0,22.9,40.6
2026-03-05 20:32:47,HBD,Clear,0.15,8.68,0.1,36.0,92.7
2026-06-17 22:56:02,HBD,Clear,0.14,9.09,0.3,24.5,76.4
2026-06-10 03:21:08,HBD,Rain,0.17,7.25,4.6,28.4,61.6
2026-04-29 17:11:13,HBD,Clear,0.38,7.13,1.1,24.8,55.9
2026-02-22 18:58:14,HBD,Fog,0.76,3.18,0.3,25.7,51.7
2026-05-04 11:10:52,HBD,Clear,0.3,6.94,1.4,9.1,44.7
2026-01-09 18:04:40,HBD,Cloudy,0.21,8.73,0.4,24.0,59.5
2026-01-19 21:25:32,HBD,Rain,0.26,6.3,7.1,16.2,34.8
2026-04-16 11:00:34,HBD,Clear,0.18,8.84,0.8,25.3,62.8
2026-03-21 07:18:09,HBD,Clear,0.21,8.67,0.9,20.8,67.7
2026-05-14 10:47:29,HBD,Rain,0.09,7.69,10.0,15.3,97.9
2026-01-14 14:34:43,HBD,Rain,0.6,3.22,7.0,25.7,79.1
2026-05-15 04:47:24,HBD,Clear,0.35,7.24,1.4,22.5,51.6
2026-04-09 06:53:23,HBD,Clear,0.14,8.63,0.2,5.6,42.6
2026-05-29 03:53:31,HBD,Clear,0.34,6.57,0.3,35.7,37.8
2026-06-10 08:47:20,HBD,Cloudy,0.25,7.36,0.3,15.9,77.7
2026-03-20 17:37:25,HBD,Cloudy,0.48,6.46,0.6,19.6,93.0
2026-01-26 22:09:29,HBD,Clear,0.16,8.88,0.3,17.1,81.1
2026-01-13 10:29:29,HBD,Rain,0.69,2.76,7.1,39.4,100.0
2026-05-04 15:18:50,HBD,Cloudy,0.08,9.58,0.2,12.3,59.4
2026-04-04 15:03:01,HBD,Fog,0.59,5.15,1.0,22.1,49.6
2026-01-28 16:12:39,HBD,Clear,0.38,6.51,0.5,19.9,100.0
2026-06-05 12:12:45,HBD,Cloudy,0.19,7.93,0.5,17.7,83.5
2026-01-06 16:15:00,HBD,Clear,0.4,7.2,1.4,34.7,71.7
2026-03-20 05:19:48,HBD,Clear,0.31,7.48,1.2,23.9,34.3
2026-01-26 09:08:38,HBD,Clear,0.5,5.61,0.6,41.7,51.6
2026-06-19 12:34:05,HBD,Clear,0.18,8.31,0.2,15.3,50.2
2026-01-02 23:38:10,HBD,Cloudy,0.43,6.38,0.9,39.3,76.0
2026-05-20 12:13:35,HBD,Clear,0.38,6.29,0.6,41.0,86.6
2026-06-13 08:24:02,HBD,Clear,0.35,7.35,1.3,10.3,37.5
2026-04-27 03:45:37,HBD,Rain,0.28,6.0,2.3,26.7,70.6
2026-01-20 15:15:52,HBD,Fog,0.78,3.48,0.9,31.9,57.9
2026-04-30 08:31:03,HBD,Clear,0.17,8.74,0.9,28.7,56.7
2026-03-11 20:56:52,HBD,Rain,0.21,7.83,2.7,33.5,89.0
2026-04-15 11:03:30,HBD,Clear,0.13,9.23,1.0,12.9,48.6
2026-02-14 05:35:39,HBD,Clear,0.08,9.84,0.1,37.6,26.7
2026-03-29 02:25:58,HBD,Cloudy,0.62,3.83,0.8,15.6,54.5
2026-05-09 18:37:07,HBD,Clear,0.17,8.13,1.4,32.2,69.3
2026-02-21 07:05:06,HBD,Clear,0.07,9.17,0.1,21.5,55.7
2026-01-07 14:12:24,HBD,Cloudy,0.16,9.44,1.2,19.8,67.1
2026-05-29 21:33:57,HBD,Clear,0.44,6.63,0.7,24.0,21.3
2026-03-25 22:50:15,HBD,Cloudy,0.23,7.84,0.6,11.2,73.9
2026-03-11 02:14:57,HBD,Cloudy,0.28,7.68,0.6,28.4,35.3
2026-03-14 13:46:02,HBD,Cloudy,0.31,7.34,1.0,20.4,97.3
2026-06-22 18:12:21,HBD,Cloudy,0.3,6.78,1.0,24.4,85.2
2026-05-03 14:44:41,HBD,Fog,0.67,4.47,1.4,34.9,47.0
2026-03-27 18:34:31,HBD,Clear,0.38,6.5,0.4,13.8,55.6
2026-05-23 04:04:54,HBD,Rain,0.42,5.88,3.4,33.8,63.4
2026-02-27 10:07:08,HBD,Clear,0.33,6.84,1.4,15.1,78.1
2026-06-06 09:52:05,HBD,Clear,0.4,5.96,0.4,23.4,87.2
2026-05-30 10:43:51,HBD,Rain,0.17,7.45,13.1,39.2,81.0
2026-01-03 03:08:54,HBD,Fog,0.55,4.83,0.5,34.7,76.0
2026-04-06 08:38:01,HBD,Clear,0.45,5.88,0.6,21.8,84.1
2026-02-23 05:00:15,HBD,Fog,0.46,6.06,0.1,24.5,64.4
2026-05-20 07:33:58,HBD,Rain,0.3,6.82,4.6,14.5,76.1
2026-01-19 04:37:04,HBD,Cloudy,0.23,7.7,1.3,22.2,63.1
2026-04-01 11:18:13,HBD,Rain,0.22,7.5,3.3,31.7,86.6
2026-04-26 07:48:58,HBD,Clear,0.22,8.52,1.4,23.1,59.9
2026-06-10 18:44:11,HBD,Rain,0.43,4.53,9.0,17.9,100.0
2026-02-11 10:37:09,HBD,Cloudy,0.06,10.33,1.3,28.3,82.0
2026-06-27 10:33:39,HBD,Clear,0.5,5.28,0.9,36.5,53.4
2026-04-06 23:48:33,HBD,Fog,0.61,4.84,1.1,15.2,86.5
2026-03-17 10:21:14,HBD,Rain,0.39,5.2,23.9,18.3,56.0
2026-01-04 13:30:47,HBD,Rain,0.22,6.95,7.0,16.4,61.7
2026-02-01 16:07:36,HBD,Clear,0.21,7.86,1.4,22.2,82.2
2026-03-31 09:13:44,HBD,Cloudy,0.39,7.2,1.4,13.9,71.8
2026-02-02 08:33:08,HBD,Clear,0.35,6.99,0.5,28.4,73.6
2026-02-01 05:36:43,HBD,Fog,0.61,5.84,1.3,22.1,53.3
2026-02-16 13:48:06,HBD,Clear,0.08,9.01,1.4,17.7,84.5
2026-03-11 08:22:10,HBD,Rain,0.35,6.34,13.1,15.5,80.1
2026-05-03 19:53:01,HBD,Cloudy,0.18,8.59,1.4,35.2,79.6
2026-06-29 08:38:06,HBD,Clear,0.54,6.07,0.2,-0.6,81.1
2026-01-19 19:27:28,HBD,Clear,0.27,7.97,0.3,24.8,79.2
2026-04-18 20:19:23,HBD,Cloudy,0.63,3.74,1.1,23.1,82.2
2026-02-02 16:13:21,HBD,Fog,0.41,6.47,1.4,30.4,68.0
2026-06-29 22:35:58,HBD,Fog,0.66,5.3,0.8,24.9,91.6
2026-05-02 07:42:27,HBD,Cloudy,0.07,9.72,0.1,15.2,93.4
2026-05-23 23:34:53,HBD,Cloudy,0.1,9.75,1.5,13.6,72.2
2026-05-07 18:24:27,HBD,Clear,0.29,7.28,0.5,35.9,64.8
2026-01-16 20:21:51,HBD,Cloudy,0.14,8.59,1.0,28.2,49.3
2026-03-17 05:52:33,HBD,Rain,0.1,7.87,22.0,31.3,50.7
2026-03-01 08:43:42,HBD,Fog,0.65,4.95,0.5,15.1,76.3
2026-02-17 07:37:03,HBD,Cloudy,0.22,8.07,0.5,17.3,62.8
2026-05-30 17:08:21,HBD,Clear,0.1,9.1,1.2,20.8,57.1
2026-02-06 20:45:11,HBD,Rain,0.2,7.51,7.3,27.0,57.6
2026-02-11 05:49:26,HBD,Fog,0.6,4.84,0.2,7.7,68.2
2026-05-21 22:01:08,HBD,Cloudy,0.37,6.45,1.1,15.6,72.3
2026-06-20 20:10:15,HBD,Clear,0.41,6.93,0.2,26.1,69.7
2026-04-01 10:08:48,HBD,Cloudy,0.5,5.28,0.2,18.5,76.2
2026-05-28 17:20:57,HBD,Rain,0.18,7.26,5.8,34.4,72.0
2026-04-20 19:42:07,HBD,Clear,0.33,7.31,1.1,26.6,83.0
2026-03-28 15:42:42,HBD,Clear,0.12,8.87,0.6,25.9,70.0
2026-06-05 11:03:34,HBD,Cloudy,0.44,6.91,0.0,37.5,100.0
2026-05-14 09:50:07,HBD,Clear,0.57,5.36,0.1,25.3,74.4
2026-03-14 19:09:35,HBD,Clear,0.44,7.0,0.3,14.4,82.0
2026-05-26 18:37:58,HBD,Clear,0.31,8.0,0.9,20.1,82.4
2026-02-18 15:34:45,HBD,Clear,0.38,6.84,0.9,24.3,69.4
2026-01-05 18:48:28,HBD,Clear,0.24,8.11,0.6,32.0,51.5
2026-04-17 11:01:27,HBD,Clear,0.42,6.52,1.5,23.8,56.5
2026-05-13 00:22:03,HBD,Clear,0.37,6.14,1.0,20.0,55.0
2026-03-30 07:46:05,HBD,Cloudy,0.28,7.43,0.3,20.9,71.0
2026-05-09 21:09:06,HBD,Clear,0.57,5.42,0.4,5.7,100.0
2026-02-04 03:01:13,HBD,Clear,0.29,8.1,1.1,18.5,55.9
2026-06-24 08:53:24,HBD,Rain,0.43,4.78,15.9,35.0,66.7
2026-04-24 19:54:59,HBD,Fog,0.7,3.96,1.0,23.3,83.5
2026-02-14 21:33:21,HBD,Clear,0.5,5.9,0.9,18.5,80.8
2026-06-16 21:34:06,HBD,Rain,0.09,7.59,17.7,30.3,78.8
2026-01-14 20:58:33,HBD,Cloudy,0.08,9.71,0.3,29.9,54.1
2026-02-24 18:42:59,HBD,Cloudy,0.46,5.76,0.7,13.8,42.8
2026-01-19 09:38:15,HBD,Clear,0.23,7.89,1.2,9.1,53.7
2026-05-12 03:43:03,HBD,Clear,0.48,5.53,0.9,36.8,40.6
2026-02-02 18:35:49,HBD,Clear,0.16,8.43,1.1,20.6,39.7
2026-04-21 22:36:14,HBD,Cloudy,0.26,7.98,1.0,11.2,86.5
2026-01-20 23:42:00,HBD,Clear,0.46,6.11,0.5,25.7,57.9
2026-03-11 10:05:19,HBD,Cloudy,0.07,9.35,0.0,26.7,74.7
2026-02-23 03:45:45,HBD,Clear,0.48,6.43,1.4,15.9,64.6
2026-04-09 05:05:33,HBD,Clear,0.24,8.15,0.5,24.9,36.8
2026-06-10 11:28:16,HBD,Clear,0.29,6.93,1.4,29.2,64.9
2026-03-19 13:16:42,HBD,Clear,0.46,5.82,0.8,27.2,82.3
2026-02-17 13:14:40,HBD,Clear,0.56,5.14,1.0,29.8,100.0
2026-02-11 20:24:09,HBD,Rain,0.38,5.14,3.3,17.2,62.1
2026-05-23 18:09:22,HBD,Clear,0.21,8.61,0.5,14.7,88.3
2026-04-03 18:29:18,HBD,Clear,0.24,8.8,0.9,31.3,65.7
2026-03-04 11:40:10,HBD,Clear,0.08,9.53,0.6,34.6,39.9
2026-04-27 15:10:55,HBD,Clear,0.16,7.91,0.7,27.1,77.0
2026-06-18 07:33:40,HBD,Rain,0.03,8.24,2.0,30.2,56.8
2026-02-13 16:12:15,HBD,Fog,0.82,3.15,0.1,46.6,65.6
2026-05-01 14:03:10,HBD,Clear,0.13,8.67,0.4,14.1,54.1
2026-03-31 12:59:49,HBD,Clear,0.35,7.57,1.0,29.0,64.3
2026-02-13 13:18:54,HBD,Cloudy,0.08,8.28,1.5,24.0,69.6
2026-05-23 21:14:49,HBD,Cloudy,0.42,6.82,0.3,24.6,66.0
2026-02-07 00:29:12,HBD,Cloudy,0.48,5.97,0.4,18.9,77.4
2026-06-03 23:24:18,HBD,Fog,0.74,3.92,0.0,24.8,68.4
2026-04-27 05:23:30,HBD,Rain,0.22,7.85,4.2,35.5,80.1
2026-06-07 06:42:23,HBD,Clear,0.3,7.13,1.1,12.9,64.9
2026-06-12 04:10:58,HBD,Rain,0.06,8.0,4.2,26.5,57.2
2026-06-17 13:11:43,HBD,Clear,0.18,7.95,0.6,23.8,60.0
2026-04-17 16:15:05,HBD,Clear,0.37,6.76,0.3,20.9,70.0
2026-05-20 09:38:40,HBD,Fog,0.68,4.17,0.7,15.1,62.5
2026-01-01 21:49:11,HBD,Clear,0.18,7.89,1.3,18.9,52.0
2026-03-13 17:48:15,HBD,Clear,0.41,6.39,0.8,24.0,60.3
2026-02-24 03:47:03,HBD,Clear,0.31,7.37,1.4,15.1,60.6
2026-06-13 13:12:19,HBD,Rain,0.44,6.06,20.0,26.2,80.2
2026-05-14 21:43:43,HBD,Clear,0.55,5.09,0.6,25.5,79.4
2026-06-08 13:51:31,HBD,Clear,0.4,5.85,1.0,29.3,65.9
2026-01-15 04:39:48,HBD,Clear,0.45,6.54,1.3,14.7,56.2
2026-05-30 08:37:32,HBD,Fog,0.92,2.45,0.3,39.5,63.2
2026-06-22 06:01:21,HBD,Cloudy,0.2,7.54,1.2,30.2,52.6
2026-03-05 04:05:41,HBD,Cloudy,0.35,6.98,0.5,36.3,100.0
2026-04-24 17:03:44,HBD,Clear,0.23,8.71,1.3,21.2,57.3
2026-03-20 23:13:13,HBD,Clear,0.18,8.85,1.3,10.1,70.3
2026-01-27 23:53:43,HBD,Clear,0.43,6.63,0.2,13.3,86.9
2026-06-06 13:21:57,HBD,Clear,0.37,6.92,0.7,16.6,47.6
2026-06-04 16:44:37,HBD,Cloudy,0.44,6.41,0.0,28.0,82.6
2026-03-04 08:57:55,HBD,Fog,0.44,6.14,0.5,30.5,89.2
2026-03-20 09:23:20,HBD,Clear,0.14,9.0,0.3,15.0,50.4
2026-02-23 01:55:10,HBD,Clear,0.25,7.87,0.7,27.9,52.5
2026-06-16 16:10:41,HBD,Clear,0.14,8.8,0.9,17.8,67.7
2026-05-09 20:51:32,HBD,Clear,0.52,5.91,1.2,23.9,78.1
2026-01-17 00:51:30,HBD,Clear,0.11,8.92,1.3,40.1,61.5
2026-03-10 00:20:27,HBD,Clear,0.06,9.7,1.4,22.3,43.3
2026-04-04 23:31:29,HBD,Cloudy,0.36,6.76,0.9,23.4,49.0
2026-04-23 07:33:35,HBD,Clear,0.28,7.51,0.3,16.9,65.7
2026-02-24 11:06:21,HBD,Clear,0.08,9.26,0.8,24.1,46.6
2026-02-16 05:56:08,HBD,Clear,0.25,7.68,1.0,34.3,70.9
2026-03-17 00:36:42,HBD,Clear,0.03,9.86,0.3,37.0,75.2
2026-04-09 07:22:29,HBD,Clear,0.34,7.53,1.0,33.5,85.7
2026-01-07 13:03:43,HBD,Clear,0.25,8.78,1.0,30.3,26.9
2026-04-15 21:22:04,HBD,Clear,0.44,5.61,1.0,27.9,63.1
2026-05-03 22:34:37,HBD,Cloudy,0.18,8.59,0.2,32.1,67.4
2026-06-12 04:51:36,HBD,Clear,0.15,8.52,1.2,33.6,82.2
2026-03-12 15:24:01,HBD,Clear,0.33,7.46,0.1,24.8,64.3
2026-03-18 03:13:35,HBD,Cloudy,0.43,6.78,0.1,24.1,59.3
2026-04-08 11:27:09,HBD,Clear,0.21,7.47,0.7,16.8,33.4
2026-05-07 22:02:48,HBD,Clear,0.16,8.77,0.4,11.6,48.2
2026-03-08 08:24:51,HBD,Clear,0.19,8.24,0.5,24.2,87.8
2026-05-01 06:26:56,HBD,Fog,0.67,4.52,1.0,29.4,51.0
2026-06-08 07:15:33,HBD,Clear,0.36,7.03,0.6,34.9,52.4
2026-04-16 19:33:00,HBD,Cloudy,0.4,6.75,0.3,27.2,53.0
2026-03-16 11:58:28,HBD,Fog,0.68,4.93,0.4,23.5,86.2
2026-02-03 05:47:36,HBD,Clear,0.41,6.84,0.3,24.5,66.4
2026-01-20 21:20:28,HBD,Clear,0.67,5.01,0.4,21.9,83.6
2026-05-26 04:32:04,HBD,Clear,0.22,7.44,1.1,29.2,71.7
2026-01-29 12:52:09,HBD,Rain,0.35,6.06,10.7,11.1,75.7
2026-02-13 03:37:21,HBD,Clear,0.41,6.67,1.1,15.7,71.2
2026-04-18 16:16:11,HBD,Clear,0.2,9.1,1.1,31.3,65.3
2026-02-26 09:20:45,HBD,Fog,0.7,4.18,0.2,31.5,72.3
2026-06-27 02:41:28,HBD,Rain,0.16,7.13,4.4,8.3,86.7
2026-06-09 23:19:40,HBD,Clear,0.47,5.55,1.0,28.2,85.2
2026-01-09 18:51:05,HBD,Clear,0.23,8.04,0.4,16.4,75.2
2026-05-22 10:51:21,HBD,Cloudy,0.16,8.36,1.3,22.4,66.5
2026-03-20 12:04:02,HBD,Clear,0.13,8.87,0.2,31.5,54.6
2026-06-19 15:08:05,HBD,Clear,0.3,7.19,1.5,20.5,74.7
2026-05-31 08:01:13,HBD,Clear,0.21,8.52,0.1,24.4,63.2
2026-02-19 22:16:09,HBD,Clear,0.22,8.2,0.8,24.4,72.8
2026-02-28 23:35:12,HBD,Fog,0.5,5.19,1.0,34.9,38.2
2026-06-22 18:31:30,HBD,Clear,0.33,6.97,0.8,10.0,91.3
2026-04-06 22:11:33,HBD,Cloudy,0.07,9.78,0.8,8.7,66.9
2026-02-02 10:15:07,HBD,Cloudy,0.23,8.1,0.3,27.3,61.6
2026-03-19 20:00:29,HBD,Cloudy,0.08,9.08,0.3,20.6,71.7
2026-06-02 02:45:59,HBD,Clear,0.46,6.68,0.0,24.6,67.7
2026-01-11 07:58:28,HBD,Clear,0.19,8.33,1.1,25.0,73.7
2026-04-07 14:39:52,HBD,Clear,0.1,9.07,1.2,14.5,60.6
2026-04-05 11:04:19,HBD,Clear,0.39,6.41,1.2,38.6,66.1
2026-01-06 01:13:47,HBD,Clear,0.13,9.59,1.4,19.2,83.3
2026-05-17 14:58:04,HBD,Cloudy,0.37,7.27,0.2,27.0,54.5
2026-04-28 04:45:36,HBD,Clear,0.21,7.66,0.6,25.7,50.3
2026-04-29 20:09:45,HBD,Clear,0.26,7.44,1.3,35.6,71.4
2026-06-28 06:15:32,HBD,Fog,0.46,5.98,0.9,28.2,83.9
2026-06-24 01:34:08,HBD,Fog,0.64,4.34,0.2,32.4,63.7
2026-03-06 17:23:24,HBD,Cloudy,0.26,8.26,0.6,40.4,62.3
2026-01-26 06:35:20,HBD,Clear,0.21,8.44,1.0,18.6,20.0
2026-03-27 21:36:17,HBD,Clear,0.12,9.22,0.8,6.5,70.9
2026-04-20 21:47:17,HBD,Clear,0.25,8.11,1.2,24.3,48.7
2026-05-14 14:49:09,HBD,Fog,0.68,3.02,1.1,20.3,62.2
2026-02-24 16:42:54,HBD,Cloudy,0.37,6.9,0.5,33.6,77.8
2026-01-06 22:34:12,HBD,Clear,0.26,7.02,0.8,17.3,47.0
2026-01-03 14:22:22,HBD,Clear,0.1,9.52,0.4,19.4,71.9
2026-02-13 09:37:39,HBD,Clear,0.31,7.76,1.0,13.2,94.1
2026-05-22 08:11:36,HBD,Clear,0.29,8.36,1.1,21.9,67.3
2026-06-27 04:35:22,HBD,Rain,0.47,4.95,11.9,37.3,57.6
2026-01-28 13:58:45,HBD,Cloudy,0.43,6.12,1.4,23.7,73.8
2026-05-25 07:59:50,HBD,Cloudy,0.35,7.59,0.4,19.8,100.0
2026-03-27 03:17:10,HBD,Clear,0.35,6.91,1.2,16.8,47.0
2026-05-20 21:25:48,HBD,Clear,0.42,7.22,1.5,17.5,83.8
2026-03-28 13:56:55,HBD,Clear,0.13,8.36,0.0,27.4,93.1
2026-03-03 13:55:27,HBD,Clear,0.36,6.64,1.0,27.1,59.9
2026-03-05 15:54:47,HBD,Fog,0.58,5.01,0.8,19.9,56.5
2026-04-21 22:29:22,HBD,Cloudy,0.19,8.83,1.2,27.6,79.4
2026-03-29 07:46:13,HBD,Fog,0.77,3.51,0.7,30.3,79.7
2026-06-19 01:02:17,HBD,Fog,0.71,4.5,0.8,29.0,92.6
2026-05-04 21:51:59,HBD,Cloudy,0.05,9.87,0.3,11.0,96.2
2026-03-25 15:32:10,HBD,Fog,0.54,5.11,1.3,18.4,80.3
2026-02-23 18:09:53,HBD,Cloudy,0.32,7.82,0.3,21.1,49.4
2026-01-11 05:41:59,HBD,Cloudy,0.58,4.94,0.7,19.9,83.9
2026-05-10 00:27:53,HBD,Clear,0.08,9.77,0.4,24.3,65.2
2026-05-20 11:20:10,HBD,Rain,0.43,5.48,2.2,28.9,49.7
2026-04-24 07:47:42,HBD,Clear,0.73,3.65,0.6,27.1,61.8
2026-02-07 17:36:47,HBD,Clear,0.33,6.91,0.8,31.0,63.4
2026-02-07 08:48:49,HBD,Clear,0.18,9.25,0.8,18.4,69.7
2026-04-10 02:21:19,HBD,Clear,0.42,7.18,0.9,9.4,84.1
2026-02-03 04:44:25,HBD,Fog,0.44,5.56,0.9,28.0,82.4
2026-05-02 02:54:44,HBD,Rain,0.66,2.65,1.5,32.4,90.7
2026-05-07 23:51:42,HBD,Clear,0.27,7.36,0.4,29.9,93.8
2026-03-19 23:05:15,HBD,Cloudy,0.22,7.7,0.9,17.3,62.6
2026-06-30 22:53:10,HBD,Fog,0.6,5.86,1.4,22.0,78.6
2026-06-11 08:52:43,HBD,Cloudy,0.21,8.31,1.3,28.9,53.4
2026-01-12 12:54:31,HBD,Clear,0.31,7.27,0.3,12.8,66.9
2026-06-24 13:58:50,HBD,Cloudy,0.39,6.81,0.4,14.9,67.6
2026-06-28 13:39:43,HBD,Clear,0.23,8.34,0.6,24.8,87.9
2026-05-05 06:02:44,HBD,Cloudy,0.21,7.76,1.0,45.4,62.9
2026-06-28 15:35:53,HBD,Clear,0.17,8.7,0.2,21.4,51.2
2026-01-11 02:21:18,HBD,Clear,0.35,6.91,0.5,22.5,35.5
2026-04-22 11:45:07,HBD,Rain,0.45,4.51,10.8,35.6,54.1
2026-01-25 12:49:57,HBD,Clear,0.32,7.41,1.1,23.6,72.3
2026-02-24 02:49:56,HBD,Clear,0.64,4.88,1.0,47.1,65.7
2026-02-16 21:50:18,HBD,Clear,0.31,7.3,1.3,23.3,63.0
2026-01-17 04:27:48,HBD,Clear,0.6,4.49,0.7,26.8,93.7
2026-01-17 13:38:21,HBD,Clear,0.54,5.25,1.5,18.9,69.9
2026-02-22 22:54:13,HBD,Rain,0.4,5.38,12.1,27.4,73.2
2026-02-22 08:40:52,HBD,Clear,0.43,6.15,1.2,15.1,39.2
2026-03-03 19:12:38,HBD,Clear,0.25,8.02,1.0,27.0,69.7
2026-02-02 07:21:46,HBD,Fog,0.37,6.71,0.4,21.4,62.6
2026-02-18 00:05:17,HBD,Cloudy,0.11,9.54,0.3,18.4,76.0
2026-06-18 01:41:14,HBD,Clear,0.04,9.93,0.4,30.7,79.6
2026-06-23 08:46:18,HBD,Rain,0.58,3.88,8.8,24.3,86.2
2026-06-07 20:18:27,HBD,Rain,0.39,6.12,14.7,25.9,69.7
2026-03-09 12:04:40,HBD,Cloudy,0.11,8.63,1.0,38.2,72.6
2026-02-22 12:02:51,HBD,Clear,0.21,8.65,1.4,14.1,93.2
2026-02-26 11:45:16,HBD,Cloudy,0.47,5.92,0.8,21.6,83.3
2026-04-12 11:57:50,HBD,Fog,1.0,1.95,1.0,23.0,60.1
2026-01-31 07:44:06,HBD,Clear,0.3,8.58,0.1,17.4,100.0
2026-05-06 17:10:51,HBD,Clear,0.17,7.97,0.4,34.0,72.0
2026-04-06 01:02:10,HBD,Rain,0.4,5.29,6.5,36.4,79.5
2026-06-22 07:02:19,HBD,Clear,0.07,9.53,0.9,19.3,58.3
2026-02-26 04:32:16,HBD,Cloudy,0.15,8.79,0.5,25.4,32.4
2026-04-04 22:29:09,HBD,Clear,0.6,5.23,0.4,26.4,83.6
2026-06-05 18:34:51,HBD,Fog,0.67,3.53,0.3,13.9,66.7
2026-04-27 20:37:00,HBD,Clear,0.29,7.48,0.9,21.0,84.1
2026-06-05 09:42:16,HBD,Cloudy,0.4,6.28,0.8,23.3,41.3
2026-03-04 03:31:09,HBD,Clear,0.48,5.64,0.9,13.8,58.3
2026-01-08 06:56:17,HBD,Rain,0.14,7.62,4.0,18.4,61.5
2026-04-16 11:33:24,HBD,Rain,0.16,7.63,1.8,17.3,39.7
2026-03-30 15:09:39,HBD,Clear,0.08,8.99,0.2,20.8,62.0
2026-04-28 08:07:07,HBD,Fog,0.69,4.56,1.0,43.1,57.7
2026-05-23 10:17:54,HBD,Clear,0.34,7.14,0.1,29.7,53.0
2026-02-14 21:07:48,HBD,Clear,0.4,6.33,1.1,23.0,81.2
2026-03-29 03:07:50,HBD,Fog,0.81,2.94,0.3,28.4,61.6
2026-01-30 00:52:54,HBD,Clear,0.09,9.52,0.2,17.8,66.6
2026-06-15 07:56:19,HBD,Fog,0.66,4.24,1.0,37.8,46.3
2026-03-06 04:42:23,HBD,Fog,0.77,3.48,0.8,28.3,100.0
2026-06-09 03:11:41,HBD,Fog,0.43,6.23,0.1,15.5,100.0
2026-03-16 22:54:23,HBD,Cloudy,0.54,5.75,1.3,27.4,60.1
2026-01-03 02:31:38,HBD,Clear,0.41,7.07,1.1,17.7,41.7
2026-03-26 13:54:20,HBD,Clear,0.24,8.04,0.6,22.2,62.6
2026-06-26 11:13:50,HBD,Clear,0.21,8.37,0.2,36.7,69.7
2026-04-27 03:26:43,HBD,Cloudy,0.34,6.94,0.6,33.2,62.9
2026-03-01 11:36:17,HBD,Rain,0.16,7.39,2.3,12.4,55.5
2026-05-28 02:44:47,HBD,Clear,0.26,7.47,0.1,30.6,43.8
2026-06-10 08:14:42,HBD,Clear,0.07,9.93,0.1,21.3,41.2
2026-03-03 13:32:51,HBD,Rain,0.46,5.5,2.7,20.7,62.9
2026-05-13 19:45:00,HBD,Cloudy,0.1,9.75,0.5,39.3,90.5
2026-04-20 04:35:07,HBD,Cloudy,0.26,7.57,0.5,19.9,48.9
2026-03-14 07:48:36,HBD,Clear,0.31,7.97,0.0,15.2,34.2
2026-02-12 05:01:06,HBD,Clear,0.5,6.66,0.6,42.8,86.3
2026-05-27 21:07:41,HBD,Clear,0.28,7.97,1.3,40.2,80.5
2026-02-04 03:40:39,HBD,Rain,0.32,6.97,1.1,21.0,47.7
2026-03-27 18:43:05,HBD,Clear,0.45,6.1,0.0,27.4,65.4
2026-05-26 07:28:56,HBD,Clear,0.14,9.03,0.6,12.7,73.7
2026-06-12 01:15:22,HBD,Clear,0.19,7.85,0.7,28.7,82.5
2026-06-10 09:16:40,HBD,Cloudy,0.2,9.13,0.4,29.3,31.8
2026-05-24 03:14:28,HBD,Cloudy,0.62,5.09,1.0,8.2,62.7
2026-05-06 10:52:31,HBD,Clear,0.07,8.93,0.3,20.3,60.4
2026-03-04 22:32:09,HBD,Rain,0.31,6.35,10.2,18.0,76.9
2026-01-14 15:43:12,HBD,Fog,0.97,1.66,0.4,17.8,70.9
2026-01-31 02:19:35,HBD,Clear,0.23,8.09,1.3,12.0,80.2
2026-03-30 12:55:21,HBD,Rain,0.36,5.27,3.3,21.3,91.8
2026-03-01 07:42:49,HBD,Clear,0.29,7.07,0.5,15.6,52.9
2026-01-24 17:02:55,HBD,Cloudy,0.19,8.46,1.1,37.2,90.0
2026-05-24 16:28:22,HBD,Clear,0.15,9.19,0.8,23.0,20.0
2026-01-15 10:01:21,HBD,Cloudy,0.13,10.08,0.7,21.1,45.6
2026-04-17 21:49:28,HBD,Clear,0.6,5.54,1.4,18.2,90.2
2026-02-13 22:16:41,HBD,Cloudy,0.32,6.72,0.6,23.9,63.7
2026-06-28 15:32:16,HBD,Clear,0.17,7.72,0.3,28.0,73.5
2026-04-22 19:04:12,HBD,Clear,0.28,7.8,1.3,22.0,99.8
2026-03-29 11:32:26,HBD,Clear,0.17,7.61,0.3,38.3,20.0
2026-05-11 20:56:35,HBD,Rain,0.35,5.47,0.5,18.5,79.1
2026-01-20 21:53:41,HBD,Fog,0.9,2.1,0.1,31.8,37.9
2026-02-05 20:23:43,HBD,Clear,0.32,7.08,1.4,27.3,74.9
2026-02-13 15:57:21,HBD,Clear,0.45,6.15,0.8,32.6,32.3
2026-06-07 07:09:19,HBD,Cloudy,0.41,6.01,0.8,23.6,72.9
2026-05-15 03:37:28,HBD,Clear,0.43,7.73,0.1,20.7,87.5
2026-01-11 14:27:27,HBD,Fog,0.51,5.89,1.4,21.3,82.5
2026-03-12 07:35:59,HBD,Clear,0.55,5.74,1.0,25.0,61.5
2026-01-30 09:20:41,HBD,Cloudy,0.05,9.84,1.4,25.8,76.3
2026-05-24 05:07:12,HBD,Clear,0.24,7.52,0.2,15.0,51.5
2026-06-02 09:48:55,HBD,Cloudy,0.29,7.48,1.0,40.3,51.5
2026-01-12 17:56:20,HBD,Clear,0.19,8.8,0.3,16.7,79.0
2026-01-10 01:34:59,HBD,Clear,0.07,9.92,1.1,44.5,56.8
2026-01-30 05:57:23,HBD,Clear,0.29,7.11,1.5,14.4,66.0
2026-06-16 05:23:43,HBD,Cloudy,0.11,9.71,0.8,35.7,59.1
2026-02-11 04:00:51,HBD,Clear,0.16,9.52,1.2,39.1,55.8
2026-01-27 17:22:45,HBD,Clear,0.34,6.89,0.3,31.3,70.9
2026-06-14 10:27:26,HBD,Clear,0.62,4.43,1.3,15.5,56.3
2026-01-02 23:43:11,HBD,Rain,0.58,4.16,9.0,18.5,42.6
2026-04-30 04:28:44,HBD,Clear,0.15,8.25,0.3,34.8,52.9
2026-01-28 23:27:12,HBD,Clear,0.32,7.58,0.4,14.2,72.8
2026-02-25 10:13:01,HBD,Clear,0.11,9.22,0.8,7.9,68.3
2026-01-27 10:28:20,HBD,Cloudy,0.19,7.87,1.1,23.0,68.4
2026-03-24 09:40:37,HBD,Cloudy,0.15,8.81,0.8,11.7,59.6
2026-06-20 01:20:21,HBD,Fog,0.47,5.43,0.5,47.9,70.2
2026-01-05 14:00:50,HBD,Clear,0.38,6.86,0.7,32.8,61.6
2026-01-24 04:35:18,HBD,Fog,0.89,2.69,0.6,27.8,81.5
2026-01-18 04:20:55,HBD,Clear,0.18,8.18,1.4,7.0,69.6
2026-03-16 02:09:50,HBD,Clear,0.14,7.93,1.2,24.9,52.7
2026-06-27 19:36:47,HBD,Fog,0.5,5.57,1.3,25.4,81.5
2026-06-06 03:37:02,HBD,Clear,0.65,5.22,0.7,33.5,71.9
2026-03-25 22:42:45,HBD,Cloudy,0.22,8.13,1.2,18.9,87.4
2026-05-02 08:31:52,HBD,Clear,0.3,7.05,0.9,27.7,49.1
2026-04-27 14:00:15,HBD,Cloudy,0.35,7.21,1.4,33.9,57.7
2026-05-27 09:53:30,HBD,Cloudy,0.3,7.89,1.1,24.9,67.5
2026-05-28 13:01:16,HBD,Fog,0.48,5.64,0.4,16.6,72.3
2026-03-18 05:28:07,HBD,Fog,0.56,5.83,0.7,35.9,99.8
2026-06-17 06:48:33,HBD,Clear,0.19,8.66,0.4,29.0,55.2
2026-05-31 14:10:08,HBD,Clear,0.66,4.83,1.5,22.9,64.1
2026-06-28 00:19:10,HBD,Clear,0.49,6.28,1.5,25.2,73.1
2026-06-03 09:36:13,HBD,Clear,0.22,7.59,1.3,43.3,77.6
2026-05-18 12:52:15,HBD,Clear,0.55,5.55,0.4,18.9,89.0
2026-01-28 17:04:43,HBD,Cloudy,0.12,9.41,1.3,29.8,42.8
2026-05-25 09:13:27,HBD,Cloudy,0.26,8.23,1.2,10.5,56.3
2026-05-06 05:47:04,HBD,Clear,0.14,8.35,0.7,27.6,75.9
2026-01-06 12:04:29,HBD,Clear,0.19,9.26,1.5,25.5,91.6
2026-01-06 07:51:24,HBD,Clear,0.26,8.16,0.4,19.7,52.4
2026-01-31 12:25:14,HBD,Clear,0.14,8.74,1.5,14.6,83.8
2026-02-22 23:27:55,HBD,Clear,0.43,5.66,1.4,23.4,53.9
2026-06-29 02:13:15,HBD,Cloudy,0.13,9.08,1.3,17.9,75.3
2026-05-03 12:57:59,HBD,Clear,0.12,9.23,0.1,18.9,68.6
2026-05-27 16:20:25,HBD,Clear,0.24,7.91,1.5,30.9,70.1
2026-01-29 12:28:35,HBD,Clear,0.34,7.35,1.0,24.5,58.7
2026-05-03 15:07:53,HBD,Clear,0.57,5.4,1.1,41.2,29.3
2026-03-29 16:19:04,HBD,Cloudy,0.28,8.08,1.1,16.1,55.5
2026-04-11 03:50:16,HBD,Clear,0.51,5.8,1.1,10.7,52.0
2026-01-01 19:03:31,HBD,Rain,0.15,7.2,6.9,29.2,62.5
2026-01-31 06:39:30,HBD,Clear,0.47,6.68,0.7,27.4,63.2
2026-03-21 06:09:08,HBD,Clear,0.44,6.91,0.0,32.1,72.2
2026-01-13 19:39:14,HBD,Clear,0.21,8.23,0.8,29.0,68.6
2026-04-12 13:48:05,HBD,Clear,0.17,8.74,0.4,29.9,100.0
2026-01-31 05:15:19,HBD,Clear,0.56,5.24,0.3,14.7,89.0
2026-01-13 03:41:30,HBD,Fog,0.4,6.59,0.4,15.7,59.8
2026-01-22 11:10:10,HBD,Clear,0.22,7.56,1.2,34.4,79.3
2026-01-28 18:06:34,HBD,Rain,0.44,4.74,14.7,16.5,67.2
2026-02-06 06:07:03,HBD,Clear,0.17,9.23,0.1,34.8,59.3
2026-03-06 06:48:44,HBD,Clear,0.06,9.51,1.2,27.3,26.3
2026-02-21 19:42:23,HBD,Clear,0.14,8.75,1.2,24.3,81.1
2026-05-14 19:15:24,HBD,Clear,0.31,7.3,0.8,18.4,36.5
2026-06-10 19:37:50,HBD,Cloudy,0.51,5.28,1.2,22.0,67.4
2026-03-16 04:05:38,HBD,Clear,0.22,7.78,0.1,24.2,50.4
2026-02-14 20:45:28,HBD,Clear,0.07,9.05,1.1,38.3,59.1
2026-04-10 05:35:08,HBD,Clear,0.15,9.37,0.4,25.3,56.4
2026-02-05 01:04:18,HBD,Clear,0.04,9.7,1.4,26.2,40.7
2026-01-22 12:39:20,HBD,Fog,0.64,4.46,1.4,21.1,74.9
2026-05-20 22:58:02,HBD,Rain,0.21,7.04,14.6,14.9,55.6
2026-03-29 15:47:52,HBD,Clear,0.22,7.7,0.1,26.2,43.5
2026-02-25 22:34:02,HBD,Fog,0.61,4.91,1.1,22.9,68.6
2026-04-02 10:34:09,HBD,Clear,0.26,8.28,0.4,17.8,66.1
2026-04-20 01:42:29,HBD,Clear,0.48,6.41,0.3,28.8,71.1
2026-03-22 16:37:16,HBD,Clear,0.38,7.63,0.2,14.9,60.2
2026-05-22 00:00:30,HBD,Clear,0.14,8.63,1.3,14.5,91.0
2026-05-19 14:47:12,HBD,Clear,0.11,9.58,0.7,27.9,38.1
2026-02-05 00:21:04,HBD,Clear,0.46,5.73,1.4,32.2,100.0
2026-02-27 07:28:10,HBD,Fog,0.64,5.16,0.2,32.4,70.9
2026-04-07 23:36:33,HBD,Clear,0.2,8.15,0.1,26.2,78.6
2026-05-19 17:00:09,HBD,Clear,0.37,7.11,0.7,28.1,76.1
2026-04-03 13:03:32,HBD,Clear,0.4,6.67,0.9,30.5,67.4
2026-01-02 11:34:52,HBD,Cloudy,0.07,8.66,1.3,20.2,54.1
2026-06-03 17:55:36,HBD,Clear,0.61,5.51,0.4,23.1,35.2
2026-06-16 15:15:39,HBD,Rain,0.54,4.74,0.8,16.9,46.5
2026-03-17 12:58:25,HBD,Clear,0.17,8.46,0.1,17.6,92.7
2026-03-26 03:59:44,HBD,Clear,0.21,8.09,1.4,29.5,51.6
2026-01-01 02:34:29,HBD,Clear,0.38,6.62,1.2,20.5,85.4
2026-01-27 19:08:40,HBD,Clear,0.31,7.53,0.4,12.2,70.0
2026-06-18 19:34:36,HBD,Clear,0.07,10.23,0.8,23.0,65.1
2026-01-26 18:43:03,HBD,Clear,0.24,8.11,0.5,37.9,71.6
2026-03-02 10:49:05,HBD,Clear,0.27,8.14,0.9,23.7,70.8
2026-03-29 02:28:52,HBD,Fog,0.81,3.2,0.5,14.0,51.0
2026-02-09 06:21:05,HBD,Clear,0.54,5.07,0.4,24.0,73.9
2026-04-25 14:25:55,HBD,Cloudy,0.45,5.41,0.4,19.8,53.6
2026-06-23 12:05:06,HBD,Clear,0.43,5.95,0.7,34.4,52.8
2026-02-08 14:57:18,HBD,Clear,0.39,5.9,0.7,23.5,54.9
2026-04-16 05:38:28,HBD,Clear,0.22,8.1,0.5,14.1,70.6
2026-06-16 00:45:58,HBD,Clear,0.04,9.44,1.0,22.0,74.2
2026-06-11 13:40:15,HBD,Fog,0.73,3.57,1.0,23.3,65.1
2026-03-25 00:52:41,HBD,Clear,0.25,7.3,0.8,20.0,99.5
2026-03-26 13:00:36,HBD,Clear,0.25,8.06,0.2,29.3,67.3
2026-06-30 23:16:45,HBD,Clear,0.53,4.66,0.4,14.2,60.5
2026-01-04 15:52:16,HBD,Cloudy,0.36,6.23,0.8,29.0,49.0
2026-03-28 03:57:44,HBD,Rain,0.43,4.94,12.2,12.4,73.7
2026-05-04 23:52:29,HBD,Rain,0.32,5.73,2.1,28.6,75.4
2026-02-11 23:38:39,HBD,Cloudy,0.07,9.91,0.2,19.3,51.4
2026-02-19 07:12:59,HBD,Clear,0.42,6.94,1.0,26.3,46.1
2026-04-20 23:19:03,HBD,Cloudy,0.2,8.41,0.8,25.7,90.0
2026-05-28 13:50:47,HBD,Fog,0.5,6.34,1.1,33.7,72.8
2026-01-19 22:02:19,HBD,Cloudy,0.33,7.45,1.3,22.0,82.5
2026-04-18 01:30:47,HBD,Clear,0.29,7.44,1.2,16.2,90.2
2026-04-07 16:38:32,HBD,Fog,0.84,2.91,1.3,24.1,84.7
2026-06-17 21:29:38,HBD,Clear,0.1,9.45,0.4,23.0,65.2
2026-06-01 17:27:28,HBD,Cloudy,0.19,7.98,0.5,27.2,60.9
2026-01-02 19:43:06,HBD,Clear,0.12,9.68,0.7,27.7,58.3
2026-06-30 23:09:02,HBD,Clear,0.13,9.17,1.0,41.9,53.6
2026-06-23 21:35:51,HBD,Clear,0.28,7.36,1.0,14.6,76.2
2026-06-18 21:03:34,HBD,Clear,0.08,9.12,0.6,9.6,55.6
2026-04-22 12:29:32,HBD,Clear,0.39,6.31,0.0,27.7,76.4
2026-02-26 20:15:06,HBD,Clear,0.51,5.44,1.3,20.3,89.2
2026-06-30 19:03:39,HBD,Cloudy,0.38,7.02,1.0,29.3,67.8
2026-01-12 03:14:08,HBD,Cloudy,0.65,4.61,0.5,25.4,72.0
2026-01-11 12:09:13,HBD,Clear,0.34,7.02,0.2,33.5,52.0
2026-01-11 14:58:45,HBD,Clear,0.63,4.33,0.7,16.2,90.9
2026-03-18 19:45:02,HBD,Cloudy,0.49,4.85,0.3,18.4,49.6
2026-06-18 08:22:18,HBD,Cloudy,0.37,6.62,0.1,22.3,55.5
2026-01-13 05:51:58,HBD,Clear,0.28,6.56,0.7,14.9,93.9
2026-03-23 10:10:08,HBD,Cloudy,0.36,7.05,0.4,19.2,56.3
2026-06-01 11:21:29,HBD,Clear,0.42,5.97,0.1,9.9,74.0
2026-03-19 04:44:14,HBD,Cloudy,0.59,4.37,1.4,25.8,100.0
2026-04-02 15:26:59,HBD,Clear,0.45,5.55,0.9,28.8,58.1
2026-04-06 06:30:50,HBD,Clear,0.58,5.64,0.2,23.1,83.6
2026-05-24 00:49:02,HBD,Clear,0.47,5.26,1.4,27.1,64.8
2026-01-16 01:01:15,HBD,Cloudy,0.23,7.83,0.8,34.1,49.7
2026-06-27 20:24:38,HBD,Cloudy,0.28,8.59,0.4,21.6,60.2
2026-02-12 20:32:54,HBD,Cloudy,0.14,8.24,0.3,32.4,63.8
2026-02-04 10:59:50,HBD,Clear,0.16,8.85,1.1,32.4,54.7
2026-01-28 17:43:05,HBD,Clear,0.16,7.86,1.3,30.8,75.4
2026-02-14 17:10:27,HBD,Clear,0.57,4.83,1.3,24.6,85.9
2026-03-28 13:26:09,HBD,Clear,0.23,8.23,0.2,25.9,26.8
2026-02-10 02:02:00,HBD,Cloudy,0.04,9.19,0.6,31.1,38.3
2026-04-30 21:09:45,HBD,Clear,0.05,9.9,1.3,34.5,73.4
2026-04-28 01:56:44,HBD,Cloudy,0.19,9.31,0.7,34.2,62.6
2026-01-05 12:30:45,HBD,Clear,0.29,7.56,1.0,16.7,55.7
2026-01-30 08:42:37,HBD,Cloudy,0.14,9.0,0.2,17.5,100.0
2026-03-08 18:15:50,HBD,Clear,0.27,8.22,0.7,23.4,62.6
2026-01-26 07:24:04,HBD,Rain,0.17,7.28,12.8,9.1,40.7
2026-06-04 06:58:40,HBD,Clear,0.22,8.47,1.4,25.9,66.1
2026-02-14 18:38:45,HBD,Fog,0.66,4.43,0.9,27.0,77.0
2026-02-06 07:20:32,HBD,Clear,0.71,3.71,0.2,20.0,74.7
2026-02-06 19:14:09,HBD,Cloudy,0.48,6.14,0.4,4.8,87.6
2026-03-05 16:20:35,HBD,Cloudy,0.2,8.25,0.5,21.9,74.2
2026-02-19 13:59:32,HBD,Cloudy,0.15,9.3,0.5,22.1,58.9
2026-05-07 05:12:58,HBD,Fog,0.52,4.88,1.3,25.2,70.1
2026-02-08 15:31:25,HBD,Clear,0.12,9.85,0.8,18.4,67.3
2026-06-06 09:03:48,HBD,Clear,0.29,8.52,0.9,32.0,49.2
2026-06-17 00:40:31,HBD,Fog,0.5,5.51,1.2,29.5,33.7
2026-06-29 03:50:39,HBD,Cloudy,0.14,9.12,1.5,16.7,85.6
2026-06-24 15:37:05,HBD,Cloudy,0.37,7.2,0.4,27.4,76.1
2026-04-27 23:32:16,HBD,Rain,0.31,6.08,5.8,33.3,48.6
2026-01-26 22:26:41,HBD,Rain,0.37,5.75,20.2,23.1,68.6
2026-01-05 15:37:09,HBD,Clear,0.32,7.49,0.9,23.9,66.4
2026-05-21 23:33:33,HBD,Clear,0.59,4.9,0.9,33.1,70.3
2026-05-29 07:41:19,HBD,Rain,0.37,5.02,16.1,14.7,54.7
2026-03-30 12:37:11,HBD,Fog,0.42,6.78,0.0,29.5,78.1
2026-06-16 18:15:26,HBD,Clear,0.24,8.38,0.9,20.9,39.7
2026-03-18 08:18:53,HBD,Clear,0.3,6.99,1.5,13.9,71.5
2026-01-04 07:48:18,HBD,Clear,0.15,9.71,0.2,29.4,65.9
2026-01-07 17:32:57,HBD,Cloudy,0.17,8.92,0.7,23.5,80.1
2026-05-18 16:20:36,HBD,Clear,0.45,6.2,1.1,19.1,67.3
2026-06-01 15:35:24,HBD,Clear,0.13,9.26,0.8,29.2,50.6
2026-03-13 08:46:54,HBD,Cloudy,0.27,7.93,0.4,10.6,67.2
2026-04-15 14:51:25,HBD,Fog,0.54,5.94,0.6,19.3,75.3
2026-02-22 14:34:18,HBD,Cloudy,0.2,8.85,0.3,31.4,79.1
2026-03-07 07:14:41,HBD,Rain,0.2,6.59,17.1,20.3,100.0
2026-05-17 00:58:53,HBD,Clear,0.25,7.84,1.1,25.9,88.5
2026-03-05 12:40:28,HBD,Fog,0.77,3.71,0.4,29.8,77.4
2026-01-30 13:19:37,HBD,Clear,0.36,6.75,1.2,18.3,76.9
2026-02-06 06:54:55,HBD,Fog,0.78,2.77,1.2,39.7,73.8
2026-03-28 23:45:54,HBD,Clear,0.22,8.21,1.3,26.8,94.6
2026-01-31 07:21:11,HBD,Rain,0.2,6.67,24.2,23.5,31.1
2026-06-05 01:13:37,HBD,Clear,0.56,5.55,0.9,23.9,100.0
2026-01-20 20:47:22,HBD,Fog,0.67,4.49,0.7,27.6,76.2
2026-02-11 02:08:18,HBD,Rain,0.21,7.16,4.0,11.6,74.3
2026-05-27 21:43:40,HBD,Clear,0.37,6.02,0.0,13.9,74.5
2026-02-06 09:58:33,HBD,Cloudy,0.13,9.52,0.5,13.5,91.6
2026-06-05 02:00:34,HBD,Cloudy,0.33,7.93,0.9,26.1,59.8
2026-05-01 00:36:09,HBD,Fog,0.55,5.26,1.4,12.8,47.6
2026-03-27 08:26:04,HBD,Cloudy,0.59,5.1,1.5,30.5,81.3
2026-04-05 11:16:17,HBD,Clear,0.16,8.93,0.4,11.2,52.5
2026-04-28 02:00:52,HBD,Rain,0.33,5.69,5.5,29.1,50.6
2026-02-21 18:04:27,HBD,Clear,0.15,9.03,0.4,18.7,67.2
2026-06-27 11:07:32,HBD,Cloudy,0.47,6.01,0.8,20.3,82.4
2026-06-17 01:24:29,HBD,Clear,0.03,10.16,1.2,18.0,25.4
2026-01-19 13:01:04,HBD,Clear,0.25,7.76,1.4,14.0,92.2
2026-03-13 22:05:14,HBD,Clear,0.11,8.78,1.0,23.0,59.5
2026-04-17 14:22:33,HBD,Clear,0.11,8.3,0.3,22.4,84.1
2026-06-23 04:35:43,HBD,Cloudy,0.57,5.59,0.2,23.3,73.0
2026-02-28 15:50:40,HBD,Rain,0.11,7.97,10.4,16.6,71.5
2026-04-20 14:52:48,HBD,Clear,0.13,8.93,0.7,23.0,53.9
2026-01-25 16:21:27,HBD,Cloudy,0.28,7.7,1.3,34.3,95.0
2026-06-30 08:14:09,HBD,Cloudy,0.26,6.49,0.1,27.1,67.6
2026-02-21 10:51:08,HBD,Fog,0.43,5.71,0.1,26.5,31.4
2026-04-25 05:38:05,HBD,Fog,0.46,6.4,0.6,22.7,79.4
2026-02-15 18:01:19,HBD,Clear,0.46,5.68,0.4,22.0,50.6
2026-01-31 15:13:17,HBD,Clear,0.04,9.99,1.2,20.5,53.7
2026-04-25 19:24:48,HBD,Cloudy,0.07,8.86,1.3,33.1,52.3
2026-02-26 01:02:38,HBD,Clear,0.08,9.08,0.9,16.9,64.8
2026-06-15 23:58:26,HBD,Cloudy,0.26,7.9,0.9,34.6,58.0
2026-04-09 01:02:25,HBD,Cloudy,0.19,8.66,1.3,29.9,60.6
2026-02-25 15:41:48,HBD,Clear,0.5,6.27,0.1,30.3,52.5
2026-04-09 08:16:06,HBD,Clear,0.52,4.94,0.9,39.4,45.2
2026-04-22 10:43:09,HBD,Cloudy,0.37,6.74,0.2,21.0,49.5
2026-04-08 03:52:05,HBD,Fog,0.61,5.15,0.5,20.1,85.7
2026-05-26 12:46:30,HBD,Cloudy,0.51,6.05,0.8,30.9,57.1
2026-02-14 18:21:15,HBD,Clear,0.03,9.67,1.1,29.5,73.3
2026-04-14 09:07:46,HBD,Clear,0.28,8.0,0.6,32.5,84.2
2026-04-16 09:32:23,HBD,Cloudy,0.18,9.07,0.6,40.0,47.8
2026-05-30 07:44:03,HBD,Clear,0.37,6.99,0.7,22.4,86.9
2026-05-20 02:03:17,HBD,Cloudy,0.41,6.56,1.3,32.4,63.1
2026-05-19 11:45:01,HBD,Rain,0.14,7.63,4.5,12.4,50.8
2026-06-12 06:39:13,HBD,Clear,0.56,4.94,1.4,23.5,79.9
2026-02-17 12:40:10,HBD,Fog,0.4,6.92,0.5,22.8,24.4
2026-05-09 21:38:10,HBD,Rain,0.35,5.54,5.9,14.9,61.0
2026-02-02 21:57:35,HBD,Clear,0.26,7.29,0.1,29.3,50.9
2026-02-24 05:43:39,HBD,Cloudy,0.2,8.65,0.9,20.0,63.8
2026-06-12 13:40:53,HBD,Fog,0.63,4.83,0.9,33.3,58.5
2026-02-05 21:01:59,HBD,Cloudy,0.12,8.9,0.3,25.0,85.9
2026-05-14 16:25:13,HBD,Clear,0.4,6.53,1.1,11.4,68.1
2026-03-30 16:56:27,HBD,Clear,0.37,6.99,0.8,26.2,63.2
2026-04-26 10:59:35,HBD,Cloudy,0.23,7.73,0.0,13.4,50.0
2026-06-24 03:48:21,HBD,Clear,0.09,9.25,1.4,29.1,56.5
2026-03-06 05:36:08,HBD,Clear,0.21,7.79,0.2,34.1,85.4
2026-04-02 00:33:39,HBD,Clear,0.14,9.2,1.4,31.7,74.1
2026-03-25 22:30:44,HBD,Clear,0.05,9.64,1.0,19.0,49.7
2026-03-24 14:05:16,HBD,Cloudy,0.16,9.01,0.5,12.2,62.6
2026-04-26 09:11:42,HBD,Fog,0.68,4.36,0.4,24.0,95.4
2026-05-15 20:26:48,HBD,Clear,0.12,8.59,1.3,15.4,56.0
2026-05-12 10:56:38,HBD,Cloudy,0.41,6.36,0.7,32.5,55.5
2026-01-02 13:52:17,HBD,Clear,0.2,7.88,0.4,13.3,46.5
2026-01-16 07:20:19,HBD,Clear,0.24,8.39,1.1,20.6,40.8
2026-06-17 08:52:41,HBD,Clear,0.15,8.82,1.4,10.3,45.5
2026-02-12 03:41:52,HBD,Clear,0.18,9.11,0.2,18.6,82.1
2026-01-24 11:43:03,HBD,Clear,0.27,7.74,1.2,11.9,45.4
2026-06-01 15:00:38,HBD,Clear,0.34,7.3,0.6,27.2,96.5
2026-02-01 23:25:28,HBD,Fog,0.65,3.69,0.6,32.4,61.2
2026-02-03 18:01:25,HBD,Fog,0.38,6.58,1.0,38.5,75.2
2026-04-27 06:25:58,HBD,Clear,0.1,9.07,0.4,38.3,71.5
2026-04-01 13:36:37,HBD,Clear,0.07,9.72,0.7,16.7,33.6
2026-05-01 22:31:52,HBD,Rain,0.06,8.07,5.5,19.5,53.9
2026-04-10 04:31:39,HBD,Clear,0.27,6.73,0.8,8.4,57.8
2026-05-03 13:18:33,HBD,Clear,0.15,9.05,1.4,22.5,81.4
2026-05-14 21:09:42,HBD,Rain,0.19,7.27,1.5,22.7,29.2
2026-06-13 02:29:18,HBD,Clear,0.39,7.39,0.0,33.0,60.1
2026-01-20 00:11:50,HBD,Clear,0.32,7.32,0.3,13.7,63.8
2026-06-28 10:45:52,HBD,Clear,0.11,9.0,0.0,28.4,78.0
2026-02-06 17:36:27,HBD,Fog,0.64,4.46,0.7,24.0,80.9
2026-06-15 04:55:26,HBD,Clear,0.06,9.66,1.5,26.1,48.4
2026-01-04 04:37:14,HBD,Clear,0.28,8.5,0.5,10.9,62.2
2026-06-16 23:39:44,HBD,Rain,0.11,8.37,4.1,23.2,58.9
2026-01-14 06:25:02,HBD,Rain,0.25,6.51,0.6,15.6,51.0
2026-06-15 17:43:36,HBD,Cloudy,0.11,9.67,1.4,15.8,68.3
2026-01-14 14:06:20,HBD,Clear,0.18,8.75,0.8,35.2,72.3
2026-02-26 16:08:09,HBD,Clear,0.49,6.2,1.4,20.7,52.6
2026-04-24 20:26:41,HBD,Rain,0.49,4.22,6.5,8.5,74.6
2026-05-05 01:57:39,HBD,Clear,0.49,6.12,0.6,28.6,70.7
2026-04-16 14:43:39,HBD,Clear,0.25,7.67,0.3,31.7,84.4
2026-03-19 22:28:43,HBD,Clear,0.15,8.31,1.1,23.4,89.0
2026-01-15 20:40:53,HBD,Cloudy,0.34,6.35,0.3,27.2,87.3
2026-06-02 04:47:43,HBD,Clear,0.31,7.49,0.2,24.7,41.3
2026-01-25 10:20:51,HBD,Clear,0.2,8.24,0.9,18.4,71.0
2026-02-10 09:27:55,HBD,Clear,0.1,9.21,0.9,29.3,61.6
2026-06-29 11:13:40,HBD,Clear,0.38,6.64,1.3,35.2,79.2
2026-06-04 18:59:06,HBD,Rain,0.25,6.95,9.5,47.7,52.4
2026-04-02 09:40:47,HBD,Cloudy,0.24,7.38,1.0,30.6,58.9
2026-04-02 05:58:20,HBD,Cloudy,0.35,7.61,0.4,5.6,83.3
2026-03-11 01:21:34,HBD,Clear,0.47,5.36,1.3,25.4,57.8
2026-05-01 00:15:55,HBD,Clear,0.26,7.2,1.4,16.3,47.8
2026-02-10 18:33:41,HBD,Clear,0.71,4.09,0.1,10.3,77.2
2026-06-06 19:09:03,HBD,Clear,0.21,7.92,1.0,37.2,33.6
2026-06-09 03:39:35,HBD,Clear,0.16,8.91,0.1,20.1,53.5
2026-06-30 17:19:01,HBD,Cloudy,0.04,10.24,1.1,25.7,68.6
2026-02-12 08:23:18,HBD,Clear,0.26,7.66,0.5,17.0,87.4
2026-04-14 11:26:54,HBD,Rain,0.16,7.18,7.5,24.2,45.5
2026-05-02 17:38:34,HBD,Clear,0.46,5.29,0.4,20.8,73.4
2026-01-16 05:22:15,HBD,Clear,0.05,9.58,1.4,15.3,76.1
2026-03-25 12:19:57,HBD,Clear,0.23,8.4,1.0,20.4,53.2
2026-03-18 08:51:46,HBD,Cloudy,0.19,8.89,1.3,23.7,35.8
2026-02-16 04:54:42,HBD,Cloudy,0.34,6.64,0.2,24.7,70.3
2026-01-26 10:34:44,HBD,Clear,0.22,7.63,0.3,28.1,85.9
2026-01-01 23:12:55,HBD,Clear,0.24,8.56,0.5,26.4,81.7
2026-04-09 11:05:32,HBD,Fog,0.54,5.14,1.0,30.5,81.3
2026-02-26 22:04:53,HBD,Clear,0.16,8.49,1.5,18.9,71.1
2026-05-17 06:51:36,HBD,Clear,0.13,8.38,0.0,27.1,80.5
2026-03-23 20:49:40,HBD,Cloudy,0.66,4.75,1.1,23.9,94.6
2026-03-28 07:05:54,HBD,Clear,0.15,8.37,1.1,23.4,46.5
2026-05-11 16:03:54,HBD,Fog,0.71,4.38,1.3,29.0,56.5
2026-03-25 15:40:37,HBD,Fog,0.5,5.9,1.2,25.0,36.8
2026-06-20 13:14:51,HBD,Fog,0.55,5.6,0.3,32.6,78.6
2026-01-12 04:24:09,HBD,Clear,0.16,8.13,0.3,18.2,58.4
2026-02-14 17:01:06,HBD,Fog,0.46,6.2,0.6,17.1,89.7
2026-05-11 19:37:09,HBD,Cloudy,0.14,8.96,0.2,14.9,20.0
2026-02-14 21:45:11,HBD,Clear,0.04,9.18,0.9,17.6,71.4
2026-06-30 21:06:14,HBD,Cloudy,0.46,5.27,0.6,33.9,78.5
2026-06-19 19:46:47,HBD,Cloudy,0.51,5.87,1.1,13.0,40.6
2026-03-01 07:55:29,HBD,Rain,0.09,8.48,0.7,21.9,64.5
2026-03-01 13:50:49,HBD,Clear,0.28,7.15,0.3,18.6,87.1
2026-03-31 03:33:51,HBD,Cloudy,0.11,8.66,0.0,39.0,69.4
2026-04-01 11:16:02,HBD,Cloudy,0.26,8.35,0.5,34.7,62.5
2026-06-20 02:24:29,HBD,Cloudy,0.17,9.29,0.9,19.7,47.5
2026-02-05 15:07:09,HBD,Rain,0.56,3.83,17.7,29.3,45.3
2026-04-12 23:47:29,HBD,Clear,0.49,6.51,0.6,22.5,96.5
2026-03-22 23:42:28,HBD,Rain,0.16,7.07,3.2,37.3,50.4
2026-06-21 15:36:55,HBD,Clear,0.38,7.02,0.8,20.7,100.0
2026-04-03 18:39:40,HBD,Clear,0.41,6.56,0.0,39.1,77.1
2026-05-19 03:58:58,HBD,Cloudy,0.19,7.89,0.8,28.6,58.1
2026-06-18 07:51:21,HBD,Fog,0.43,6.09,0.7,20.2,89.9
2026-05-13 03:11:52,HBD,Cloudy,0.23,7.76,1.1,37.0,60.0
2026-02-01 09:04:01,HBD,Clear,0.07,9.14,0.1,39.5,69.1
2026-04-26 11:56:37,HBD,Clear,0.18,8.61,0.3,10.1,67.7
2026-06-29 17:29:00,HBD,Cloudy,0.36,6.65,1.2,32.2,54.7
2026-05-09 22:16:14,HBD,Clear,0.33,7.25,0.6,22.2,76.1
2026-06-21 00:07:37,HBD,Fog,0.53,5.93,1.5,28.6,100.0
2026-01-17 20:00:55,HBD,Fog,0.53,5.17,1.3,13.9,74.3
2026-04-20 06:34:51,HBD,Clear,0.18,8.75,0.6,27.2,74.9
2026-06-23 12:41:58,HBD,Clear,0.12,9.12,0.2,17.2,44.1
2026-01-27 13:20:33,HBD,Fog,0.39,6.53,1.1,24.0,73.9
2026-01-04 04:42:46,HBD,Clear,0.15,9.72,0.5,22.0,42.5
2026-01-05 15:25:58,HBD,Clear,0.29,7.19,0.3,22.7,81.0
2026-02-01 04:07:09,HBD,Clear,0.39,6.91,0.9,26.2,97.8
2026-01-21 05:11:58,HBD,Clear,0.11,9.52,0.9,46.5,44.5
2026-02-19 15:23:29,HBD,Fog,1.0,1.76,0.7,31.9,67.2
2026-06-18 15:49:04,HBD,Fog,0.59,4.63,0.1,10.6,98.6
2026-05-18 11:52:59,HBD,Clear,0.34,7.16,0.9,22.1,72.1
2026-03-17 16:23:39,HBD,Clear,0.09,9.35,0.0,6.8,71.7
2026-02-01 13:19:31,HBD,Clear,0.47,6.83,1.0,41.3,86.1
2026-06-03 19:14:05,HBD,Rain,0.22,6.49,5.1,23.3,83.4
2026-03-19 18:19:18,HBD,Clear,0.29,8.22,0.4,16.3,91.8
2026-06-27 23:53:37,HBD,Fog,0.61,5.07,1.4,18.1,80.2
2026-05-31 20:21:54,HBD,Cloudy,0.67,4.05,1.1,22.6,83.8
2026-05-14 05:05:31,HBD,Clear,0.14,7.88,0.1,9.7,74.5
2026-05-23 15:07:56,HBD,Clear,0.43,5.82,0.4,17.7,62.3
2026-03-19 07:38:23,HBD,Clear,0.65,4.33,0.9,28.6,94.0
2026-02-12 14:40:11,HBD,Fog,0.47,5.34,0.1,17.5,95.2
2026-02-09 09:24:59,HBD,Clear,0.09,9.67,0.3,24.8,100.0
2026-02-24 09:02:31,HBD,Rain,0.22,6.18,8.9,24.3,41.7
2026-04-09 10:51:11,HBD,Clear,0.08,9.08,0.1,22.2,48.7
2026-02-09 00:27:17,HBD,Clear,0.18,7.99,0.7,23.0,54.4
2026-06-03 21:31:54,HBD,Rain,0.31,6.57,13.6,26.7,70.4
2026-01-08 02:09:28,HBD,Clear,0.12,8.22,1.2,31.8,38.8
2026-04-09 14:30:03,HBD,Clear,0.35,6.88,0.1,30.5,67.3
2026-06-20 18:09:46,HBD,Cloudy,0.05,9.17,0.4,17.0,70.0
2026-05-21 21:29:11,HBD,Clear,0.12,9.17,0.8,33.6,41.8
2026-05-09 08:19:11,HBD,Cloudy,0.54,4.48,0.5,18.1,63.7
2026-05-31 15:52:02,HBD,Clear,0.35,7.22,0.5,34.5,86.2
2026-01-18 06:11:37,HBD,Cloudy,0.32,6.7,0.1,25.1,77.4
2026-05-17 03:53:34,HBD,Cloudy,0.05,9.67,1.3,24.1,35.4
2026-05-15 04:26:11,HBD,Clear,0.37,6.23,0.1,14.2,41.7
2026-06-03 22:43:41,HBD,Clear,0.65,4.25,1.2,7.4,61.1
2026-06-10 19:47:36,HBD,Clear,0.34,7.47,0.2,35.0,69.4
2026-02-02 01:56:59,HBD,Clear,0.16,8.89,0.6,25.3,70.1
2026-01-02 12:45:41,HBD,Rain,0.15,7.45,7.2,17.8,74.9
2026-01-20 03:55:23,HBD,Clear,0.58,4.41,1.0,26.1,81.0
2026-06-21 10:36:42,HBD,Clear,0.09,8.83,1.2,20.4,41.7
2026-02-18 06:34:43,HBD,Clear,0.41,6.73,0.9,22.5,83.8
2026-02-09 15:59:13,HBD,Clear,0.1,8.61,0.6,25.7,96.2
2026-05-14 19:15:42,HBD,Clear,0.32,7.14,0.2,35.3,75.0
2026-03-19 00:30:33,HBD,Clear,0.16,8.88,0.1,27.4,56.2
2026-06-01 16:21:02,HBD,Rain,0.05,8.53,3.8,25.8,79.0
2026-03-29 00:17:46,HBD,Fog,0.74,3.89,0.5,22.1,62.9
2026-06-06 07:53:06,HBD,Clear,0.4,6.01,0.3,16.5,42.0
2026-03-29 20:38:00,HBD,Clear,0.61,4.64,1.5,23.0,100.0
2026-03-26 10:37:09,HBD,Clear,0.45,5.88,1.2,27.5,100.0
2026-06-30 04:38:20,HBD,Clear,0.02,9.9,1.0,32.6,72.5
2026-02-22 21:01:23,HBD,Cloudy,0.28,7.3,1.4,7.1,33.6
2026-03-15 08:28:35,HBD,Cloudy,0.38,7.02,0.1,29.2,46.0
2026-03-03 04:02:26,HBD,Clear,0.2,8.16,0.3,34.3,58.0
2026-02-03 13:22:04,HBD,Clear,0.29,8.01,0.6,42.4,47.9
2026-05-19 23:13:32,HBD,Clear,0.19,7.49,0.5,22.2,70.2
2026-03-16 05:01:56,HBD,Clear,0.42,6.33,1.2,10.0,39.3
2026-04-23 14:32:59,HBD,Clear,0.45,6.4,0.2,45.3,60.9
2026-04-11 10:45:08,HBD,Clear,0.07,9.15,1.4,23.9,55.7
2026-04-27 16:17:48,HBD,Cloudy,0.49,6.48,1.3,13.8,43.9
2026-05-29 21:08:55,HBD,Clear,0.39,6.49,0.9,28.3,35.9
2026-03-21 11:51:43,HBD,Clear,0.31,7.45,0.0,28.3,60.7
2026-01-23 21:24:46,HBD,Rain,0.34,6.26,26.4,42.6,64.2
2026-03-27 08:36:37,HBD,Clear,0.13,9.45,0.4,7.7,82.6
2026-01-25 13:57:51,HBD,Cloudy,0.19,8.54,0.4,30.1,67.2
2026-06-23 19:35:02,HBD,Cloudy,0.26,8.12,1.0,28.4,100.0
2026-01-16 23:05:50,HBD,Clear,0.31,7.44,0.2,21.1,74.9
2026-02-10 14:05:59,HBD,Clear,0.19,8.86,0.8,27.3,69.5
2026-01-03 12:01:01,HBD,Cloudy,0.1,9.41,1.1,32.0,45.4
2026-03-15 22:07:31,HBD,Clear,0.27,8.03,1.1,26.6,23.2
2026-06-19 04:52:00,HBD,Clear,0.11,9.27,1.2,17.1,42.3
2026-01-29 04:15:02,HBD,Fog,0.58,5.0,1.5,18.4,75.2
2026-03-11 23:08:58,HBD,Clear,0.19,7.8,0.0,28.6,67.3
2026-01-20 03:05:19,HBD,Cloudy,0.13,8.37,0.8,39.2,77.9
2026-06-02 00:15:45,HBD,Fog,0.42,5.64,0.6,22.9,50.9
2026-03-15 01:49:18,HBD,Clear,0.22,8.15,1.3,19.6,38.8
2026-02-18 12:36:04,HBD,Clear,0.59,4.35,0.9,26.1,69.1
2026-06-07 07:19:20,HBD,Clear,0.35,5.82,0.1,24.9,96.0
2026-01-17 13:31:55,HBD,Rain,0.34,6.04,3.7,35.4,20.0
2026-05-17 17:06:59,HBD,Fog,0.71,3.35,0.8,25.7,67.1
2026-06-30 12:14:41,HBD,Clear,0.33,7.21,0.8,24.2,30.9
2026-06-27 14:31:09,HBD,Rain,0.18,7.02,12.0,23.7,84.8
2026-01-31 19:10:40,HBD,Clear,0.13,8.62,0.8,30.2,30.9
2026-05-09 04:43:26,HBD,Clear,0.78,3.65,0.8,8.7,97.5
2026-05-16 17:24:16,HBD,Clear,0.11,8.54,1.1,24.6,76.2
2026-04-17 21:57:52,HBD,Clear,0.67,5.3,1.2,30.4,81.5
2026-03-06 14:07:59,HBD,Clear,0.18,8.72,1.0,25.7,58.7
2026-03-17 00:14:02,HBD,Clear,0.4,5.76,1.2,31.2,75.8
2026-04-12 07:15:53,HBD,Fog,0.53,5.2,0.9,17.3,71.1
2026-06-30 13:36:09,HBD,Clear,0.4,6.92,0.5,26.8,77.2
2026-04-23 05:32:09,HBD,Clear,0.4,6.15,0.2,32.9,70.0
2026-04-29 12:30:57,HBD,Clear,0.34,7.43,1.0,26.4,74.8
2026-01-19 17:30:30,HBD,Fog,0.54,4.84,0.2,22.7,93.7
2026-04-22 04:54:48,HBD,Clear,0.33,6.92,0.9,22.5,80.7
2026-02-28 22:02:40,HBD,Cloudy,0.39,6.17,0.4,24.4,72.3
2026-05-08 16:32:52,HBD,Cloudy,0.43,6.2,0.2,10.9,56.4
2026-01-16 19:31:09,HBD,Rain,0.35,5.99,3.5,23.0,67.2
2026-05-16 21:50:24,HBD,Rain,0.21,6.36,8.9,32.6,88.9
2026-03-18 17:33:26,HBD,Cloudy,0.2,8.92,0.7,37.0,60.7
2026-02-19 13:17:12,HBD,Cloudy,0.18,8.46,0.4,29.1,59.5
2026-06-24 23:25:42,HBD,Clear,0.21,7.88,0.8,35.2,46.7
2026-04-17 21:59:12,HBD,Clear,0.48,6.07,0.2,23.6,54.2
2026-02-21 09:52:38,HBD,Fog,0.65,4.49,0.4,36.1,91.8
2026-05-15 11:04:59,HBD,Clear,0.7,4.91,0.9,31.2,80.2
2026-06-27 12:09:42,HBD,Rain,0.52,4.71,5.4,14.5,49.5
2026-02-21 22:39:57,HBD,Clear,0.35,6.5,0.5,23.0,43.3
2026-03-02 05:46:42,HBD,Clear,0.19,8.06,0.1,24.2,75.3
2026-01-05 03:08:30,HBD,Clear,0.19,8.98,0.5,22.4,36.8
2026-04-18 05:28:03,HBD,Clear,0.14,8.14,1.1,21.0,66.4
2026-01-14 00:32:01,HBD,Clear,0.05,10.3,1.4,28.4,39.5
2026-01-14 23:18:07,HBD,Fog,0.6,5.42,0.8,23.1,89.9
2026-05-01 13:55:49,HBD,Clear,0.15,8.39,0.3,34.9,79.7
2026-03-17 15:23:21,HBD,Cloudy,0.09,9.15,0.1,15.4,85.9
2026-06-03 22:56:40,HBD,Fog,0.66,3.45,0.3,18.6,100.0
2026-05-11 10:20:46,HBD,Clear,0.37,6.79,0.1,34.8,62.6
2026-04-10 17:40:10,HBD,Cloudy,0.27,8.3,0.9,27.3,76.8
2026-06-06 11:31:03,HBD,Fog,0.6,5.14,0.5,19.9,71.7
2026-03-01 01:25:59,HBD,Fog,0.53,5.96,0.7,30.8,64.0
2026-02-19 10:27:37,HBD,Clear,0.4,6.47,1.1,26.1,68.1
2026-06-03 15:41:27,HBD,Fog,0.57,5.69,0.9,24.3,100.0
2026-03-13 05:47:14,HBD,Clear,0.31,7.57,0.9,17.9,90.4
2026-06-09 02:47:49,HBD,Cloudy,0.23,8.19,0.5,36.1,57.7
2026-05-04 05:22:38,HBD,Clear,0.11,8.63,0.9,20.1,92.5
2026-04-11 03:35:51,HBD,Clear,0.25,7.62,0.1,23.7,71.7
2026-05-27 18:13:31,HBD,Clear,0.29,7.41,0.4,25.8,68.4
2026-04-15 20:24:15,HBD,Rain,0.2,7.64,6.4,28.5,48.9
2026-06-15 08:53:32,HBD,Clear,0.4,6.73,0.1,20.7,95.5
2026-01-26 17:09:44,HBD,Clear,0.27,7.49,1.5,12.3,60.0
2026-01-31 09:14:21,HBD,Rain,0.52,4.13,12.1,39.1,61.8
2026-04-19 15:13:25,HBD,Clear,0.19,8.31,0.9,28.5,95.8
2026-06-18 19:14:41,HBD,Cloudy,0.25,8.32,0.3,13.8,69.4
2026-01-21 22:46:55,HBD,Cloudy,0.07,9.48,0.6,9.6,63.3
2026-02-10 15:32:09,HBD,Cloudy,0.13,8.61,1.0,36.4,60.6
2026-02-17 09:39:38,HBD,Cloudy,0.25,8.48,0.5,17.9,50.5
2026-02-23 09:39:01,HBD,Clear,0.22,7.94,0.0,17.5,58.4
2026-05-28 13:09:21,HBD,Clear,0.23,8.1,0.7,12.9,86.7
2026-06-20 16:14:03,HBD,Clear,0.25,7.54,0.2,24.2,74.9
2026-02-20 02:35:31,HBD,Rain,0.38,5.98,4.1,18.6,72.8
2026-02-27 21:16:55,HBD,Clear,0.22,7.69,0.7,18.6,69.8
2026-06-14 00:13:37,HBD,Cloudy,0.26,8.47,0.1,36.7,67.2
2026-06-15 10:57:38,HBD,Cloudy,0.32,6.74,0.5,24.0,46.3
2026-02-11 06:01:29,HBD,Cloudy,0.33,6.7,0.1,36.1,52.8
2026-03-27 08:43:41,HBD,Clear,0.29,8.03,0.1,19.3,83.5
2026-06-03 20:34:19,HBD,Cloudy,0.05,9.86,1.4,27.6,20.0
2026-02-16 07:01:35,HBD,Fog,0.62,4.83,0.3,34.6,48.0
2026-03-13 04:08:55,HBD,Fog,0.72,4.24,0.3,26.9,69.5
2026-05-06 10:58:45,HBD,Rain,0.16,7.66,14.1,9.9,34.3
2026-05-21 15:23:30,HBD,Clear,0.04,10.0,1.1,17.6,79.7
2026-02-21 05:35:02,HBD,Cloudy,0.41,7.22,0.4,33.9,94.4
2026-03-28 17:48:40,HBD,Cloudy,0.36,7.82,0.6,35.6,39.9
2026-03-29 00:06:05,HBD,Rain,0.04,8.63,1.5,28.5,62.9
2026-06-12 03:02:32,HBD,Clear,0.42,6.71,1.0,26.6,50.0
2026-02-21 20:31:22,HBD,Clear,0.63,4.79,0.8,26.3,60.8
2026-04-22 04:45:30,HBD,Clear,0.21,7.44,0.2,26.4,64.2
2026-02-13 00:20:59,HBD,Cloudy,0.62,4.34,1.3,33.2,59.4
2026-04-09 20:35:26,HBD,Clear,0.54,5.22,0.7,31.3,36.2
2026-05-21 15:59:59,HBD,Rain,0.37,5.01,4.7,35.7,54.2
2026-02-12 11:23:40,HBD,Clear,0.29,6.87,0.3,38.7,90.9
2026-01-05 05:30:02,HBD,Fog,0.53,5.26,0.4,26.4,83.5
2026-04-01 07:10:22,HBD,Rain,0.38,5.3,12.4,22.4,50.1
2026-04-05 14:02:42,HBD,Clear,0.16,9.32,0.6,26.0,68.8
2026-03-03 20:45:23,HBD,Clear,0.29,7.99,0.9,23.5,42.7
2026-03-16 07:01:42,HBD,Clear,0.07,9.84,1.4,17.3,47.6
2026-02-14 12:51:09,HBD,Clear,0.12,8.9,0.8,16.4,37.7
2026-02-06 10:04:27,HBD,Clear,0.11,9.43,0.4,34.7,50.0
2026-03-23 22:12:53,HBD,Rain,0.09,8.37,7.4,22.2,25.9
2026-06-07 13:41:33,HBD,Clear,0.05,9.44,0.8,24.6,95.5
2026-05-21 05:10:34,HBD,Fog,0.88,2.85,0.5,22.7,77.0
2026-06-29 17:29:28,HBD,Fog,0.77,3.8,1.5,24.8,77.0
2026-04-21 10:32:11,HBD,Clear,0.16,10.14,0.8,24.6,84.9
2026-01-15 11:39:38,HBD,Fog,0.42,6.22,1.3,15.2,99.8
2026-03-09 19:53:50,HBD,Fog,0.46,6.02,1.3,26.3,71.6
2026-04-11 14:03:03,HBD,Cloudy,0.09,9.35,1.0,32.0,81.9
2026-05-07 12:55:37,HBD,Clear,0.49,6.01,0.8,21.7,91.4
2026-05-28 20:07:52,HBD,Clear,0.09,9.74,0.4,16.5,23.7
2026-05-31 03:56:15,HBD,Clear,0.15,8.31,1.1,14.3,73.0
2026-04-22 08:49:33,HBD,Cloudy,0.5,5.61,0.5,26.4,53.3
2026-05-29 07:49:02,HBD,Cloudy,0.27,8.19,0.2,13.1,34.3
2026-04-10 04:57:31,HBD,Clear,0.41,6.97,0.3,30.0,68.6
2026-06-12 13:15:18,HBD,Clear,0.16,8.8,0.4,12.6,48.2
2026-01-27 04:08:22,HBD,Cloudy,0.19,7.83,0.6,19.6,76.0
2026-06-05 08:37:14,HBD,Rain,0.14,8.24,2.4,17.2,36.3
2026-04-17 18:09:49,HBD,Fog,0.47,6.45,0.0,19.9,84.4
2026-06-20 20:20:54,HBD,Fog,0.48,5.19,1.0,29.6,29.1
2026-02-02 10:06:56,HBD,Cloudy,0.27,7.41,1.4,13.4,59.2
2026-04-16 22:48:32,HBD,Fog,0.41,6.9,0.7,23.2,82.2
2026-01-31 06:28:09,HBD,Fog,0.58,5.04,1.1,35.3,69.6
2026-06-08 02:54:58,HBD,Clear,0.21,7.65,1.5,23.3,46.7
2026-03-27 04:44:39,HBD,Fog,0.63,4.67,0.2,29.3,95.6
2026-04-29 16:28:47,HBD,Clear,0.38,6.46,1.5,24.0,63.6
2026-04-17 17:07:49,HBD,Rain,0.11,7.71,10.4,19.3,63.8
2026-05-12 15:51:25,HBD,Clear,0.31,6.79,0.5,21.0,63.6
2026-06-16 14:15:02,HBD,Clear,0.24,7.82,0.8,28.0,50.2
2026-04-08 01:14:18,HBD,Clear,0.35,6.9,0.1,14.2,75.4
2026-02-20 10:27:44,HBD,Clear,0.09,10.51,0.5,15.4,67.0
2026-06-02 11:55:04,HBD,Clear,0.43,6.88,1.3,13.7,82.0
2026-05-29 01:39:04,HBD,Rain,0.15,7.86,12.6,13.0,51.9
2026-06-20 19:35:23,HBD,Cloudy,0.09,8.49,0.4,22.3,74.7
2026-04-18 11:40:33,HBD,Clear,0.25,7.69,0.5,17.5,52.7
2026-05-26 00:45:06,HBD,Fog,0.5,6.0,0.9,19.9,64.3
2026-04-30 05:34:03,HBD,Cloudy,0.2,7.96,0.9,13.7,62.5
2026-03-17 08:41:46,HBD,Clear,0.59,4.71,1.4,32.8,51.4
2026-03-27 08:23:21,HBD,Cloudy,0.4,6.39,1.0,26.6,79.6
2026-04-05 10:07:09,HBD,Clear,0.1,8.71,0.4,2.1,62.1
2026-03-29 22:26:08,HBD,Clear,0.35,6.41,0.3,25.3,63.4
2026-03-20 13:06:35,HBD,Clear,0.33,8.25,0.4,26.4,44.9
2026-01-18 00:40:55,HBD,Clear,0.27,8.26,1.2,36.8,75.9
2026-02-28 17:22:12,HBD,Rain,0.08,8.34,6.6,20.4,81.1
2026-02-10 05:34:15,HBD,Cloudy,0.52,5.23,0.5,19.7,79.7
2026-05-09 17:57:13,HBD,Clear,0.54,5.48,0.2,18.7,74.6
2026-01-19 18:24:07,HBD,Rain,0.43,5.33,11.0,21.1,44.0
2026-03-01 05:55:55,HBD,Rain,0.31,6.05,6.0,16.6,69.1
2026-05-02 15:33:35,HBD,Clear,0.08,9.82,1.0,39.4,66.6
2026-05-11 16:45:12,HBD,Clear,0.34,7.28,1.1,18.7,58.2
2026-01-10 07:01:43,HBD,Cloudy,0.22,9.22,0.7,14.0,71.5
2026-02-27 14:46:28,HBD,Clear,0.36,6.5,1.4,24.7,61.8
2026-06-10 21:16:42,HBD,Clear,0.2,8.92,0.7,30.6,78.6
2026-06-01 13:34:51,HBD,Fog,0.52,6.0,0.5,23.2,50.2
2026-04-01 21:04:00,HBD,Clear,0.17,7.91,0.4,8.3,63.5
2026-06-12 04:49:17,HBD,Clear,0.1,8.57,1.4,18.1,100.0
2026-03-30 20:28:49,HBD,Rain,0.68,3.05,14.6,21.8,90.4
2026-03-22 18:45:30,HBD,Clear,0.21,7.94,0.3,31.3,51.8
2026-01-30 20:34:15,HBD,Clear,0.05,9.46,1.0,17.4,61.9
2026-03-02 08:21:58,HBD,Clear,0.15,8.63,0.3,24.4,56.6
2026-05-10 01:19:24,HBD,Clear,0.53,5.21,1.4,21.7,69.8
2026-01-02 22:11:30,HBD,Clear,0.53,5.4,1.5,14.4,85.2
2026-02-22 06:42:56,HBD,Cloudy,0.57,5.12,0.8,35.7,56.7
2026-06-27 15:17:55,HBD,Rain,0.18,7.83,1.9,31.8,58.3
2026-04-30 03:14:56,HBD,Clear,0.38,6.53,0.2,31.8,64.1
2026-06-16 12:37:34,HBD,Clear,0.25,7.84,1.3,33.7,100.0
2026-05-30 09:54:32,HBD,Clear,0.28,7.5,0.0,28.1,61.3
2026-03-08 00:50:20,HBD,Clear,0.07,9.24,0.2,18.3,58.3
2026-04-18 16:03:06,HBD,Cloudy,0.04,9.39,0.0,10.8,71.0
2026-03-29 12:37:51,HBD,Clear,0.04,9.18,0.3,36.7,67.1
2026-02-26 21:05:13,HBD,Cloudy,0.1,9.17,1.2,30.6,64.8
2026-02-17 13:33:31,HBD,Clear,0.16,8.59,0.9,30.0,68.3
2026-06-01 21:23:53,HBD,Clear,0.41,6.06,0.4,28.6,99.1
2026-06-19 18:08:37,HBD,Clear,0.18,9.15,1.2,25.4,46.3
2026-02-22 09:18:21,HBD,Clear,0.31,6.51,0.5,27.5,59.0
2026-05-03 04:23:26,HBD,Cloudy,0.27,8.16,1.0,10.7,73.2
2026-03-11 07:48:39,HBD,Clear,0.34,6.81,0.1,25.5,53.6
2026-02-03 07:55:20,HBD,Clear,0.09,9.53,1.3,33.9,55.0
2026-01-17 21:38:48,HBD,Rain,0.12,7.24,2.1,24.3,87.8
2026-01-02 23:56:44,HBD,Cloudy,0.33,7.34,1.5,30.8,40.0
2026-06-18 21:10:29,HBD,Clear,0.54,5.54,1.2,43.2,71.7
2026-01-11 00:07:23,HBD,Clear,0.55,6.0,1.1,23.2,72.9
2026-03-19 21:49:48,HBD,Cloudy,0.43,6.42,0.2,28.7,59.0
2026-03-12 07:08:50,HBD,Clear,0.6,4.86,0.2,36.2,49.6
2026-06-25 00:29:06,HBD,Cloudy,0.05,9.89,1.2,24.1,60.8
2026-05-14 18:56:40,HBD,Rain,0.16,8.16,9.7,24.5,63.7
2026-04-19 15:44:46,HBD,Clear,0.17,9.28,0.5,29.2,47.4
2026-06-30 00:24:19,HBD,Fog,0.75,3.63,0.9,30.0,71.7
2026-05-09 08:57:28,HBD,Rain,0.42,5.46,4.3,20.2,80.8
2026-04-04 12:47:12,HBD,Clear,0.4,6.65,0.4,11.3,60.9
2026-03-05 23:16:43,HBD,Rain,0.74,2.09,11.1,27.9,71.7
2026-04-20 04:36:39,HBD,Clear,0.07,9.81,1.4,26.2,68.8
2026-04-10 04:38:35,HBD,Cloudy,0.45,6.94,0.2,17.4,71.4
2026-01-10 17:58:56,HBD,Clear,0.31,7.53,1.5,48.5,74.0
2026-04-20 18:36:56,HBD,Rain,0.12,7.08,10.1,33.6,42.3
2026-03-29 08:58:09,HBD,Clear,0.24,7.55,0.8,6.4,57.3
2026-03-26 04:41:57,HBD,Cloudy,0.16,8.4,0.7,17.7,53.5
2026-01-10 04:44:45,HBD,Fog,0.4,6.95,1.0,52.1,60.3
2026-03-15 07:49:55,HBD,Rain,0.6,3.05,10.8,29.6,70.0
2026-04-11 17:32:42,HBD,Clear,0.2,8.82,1.4,11.2,51.7
2026-03-31 03:22:11,HBD,Clear,0.49,5.88,0.7,25.8,69.6
2026-04-20 18:03:34,HBD,Clear,0.41,6.75,0.3,12.5,93.5
2026-06-17 17:50:17,HBD,Clear,0.11,9.02,1.5,26.7,64.9
2026-04-08 15:48:36,HBD,Cloudy,0.27,7.99,1.1,29.3,61.4
2026-02-13 12:18:34,HBD,Fog,0.62,5.01,0.5,18.7,58.9
2026-04-27 21:49:34,HBD,Clear,0.22,8.42,1.2,39.2,70.0
2026-01-14 16:57:37,HBD,Fog,0.46,5.79,1.5,40.1,47.0
2026-04-24 21:06:19,HBD,Rain,0.17,6.23,3.2,15.4,67.4
2026-06-30 12:34:33,HBD,Cloudy,0.19,8.58,0.2,25.7,20.0
2026-05-30 16:54:33,HBD,Cloudy,0.21,7.98,0.4,18.3,93.3
2026-02-17 10:35:42,HBD,Fog,0.92,2.18,1.4,21.7,50.1
2026-02-26 15:40:16,HBD,Fog,0.52,5.55,0.8,13.3,100.0
2026-03-25 05:55:01,HBD,Clear,0.03,8.92,0.9,32.7,86.7
2026-01-28 10:53:03,HBD,Rain,0.19,7.28,6.9,23.8,35.1
2026-06-27 12:41:48,HBD,Clear,0.33,7.82,0.9,25.5,66.5
2026-04-09 11:50:57,HBD,Fog,0.81,3.53,1.1,23.6,66.6
2026-03-20 11:51:02,HBD,Fog,0.61,4.19,0.2,18.6,54.6
2026-06-28 19:25:31,HBD,Cloudy,0.15,8.68,0.2,29.1,57.5
2026-01-02 14:43:42,HBD,Cloudy,0.18,8.38,0.4,24.4,56.6
2026-02-02 08:20:35,HBD,Clear,0.11,8.57,1.4,17.8,58.8
2026-01-07 01:27:21,HBD,Fog,0.73,4.49,0.1,19.9,60.3
2026-01-01 04:27:25,HBD,Clear,0.39,7.21,0.5,19.6,41.5
2026-06-08 09:20:05,HBD,Clear,0.37,7.23,1.5,38.2,58.2
2026-01-03 07:12:33,HBD,Rain,0.49,3.86,11.2,21.2,60.9
2026-04-06 20:28:28,HBD,Rain,0.19,6.53,3.0,14.0,75.3
2026-01-03 15:29:17,HBD,Clear,0.58,4.91,0.9,33.8,84.2
2026-02-17 01:37:01,HBD,Fog,0.46,5.69,0.4,30.2,55.7
2026-04-21 15:10:06,HBD,Clear,0.42,6.5,1.0,31.9,59.2
2026-03-16 22:40:18,HBD,Clear,0.25,6.98,0.8,13.3,24.5
2026-01-13 13:29:54,HBD,Clear,0.17,9.04,0.7,24.1,84.4
2026-06-12 19:16:49,HBD,Rain,0.46,4.34,9.2,18.9,83.7
2026-02-12 01:24:49,HBD,Clear,0.58,4.65,1.4,21.3,69.2
2026-01-15 22:00:02,HBD,Clear,0.24,8.16,1.0,39.3,76.4
2026-06-27 20:52:07,HBD,Rain,0.52,4.01,6.7,23.8,53.8
2026-04-06 23:54:53,HBD,Fog,0.41,6.71,1.3,29.9,59.2
2026-06-17 18:26:48,HBD,Cloudy,0.12,8.99,1.1,24.2,50.3
2026-02-22 03:56:11,HBD,Clear,0.1,9.01,0.7,19.3,58.3
2026-01-12 02:22:00,HBD,Rain,0.61,3.35,8.2,25.1,35.6
2026-03-13 19:13:27,HBD,Fog,0.51,5.2,1.1,28.8,82.9
2026-06-29 20:51:48,HBD,Clear,0.62,5.22,1.4,13.0,64.9
2026-05-14 06:40:12,HBD,Rain,0.44,5.09,12.1,19.9,45.5
2026-04-07 17:18:08,HBD,Cloudy,0.2,7.46,0.7,32.2,51.6
2026-03-15 01:11:20,HBD,Clear,0.17,8.79,0.2,27.1,74.3
2026-01-20 18:35:40,HBD,Clear,0.29,7.16,0.1,12.3,68.1
2026-04-04 03:35:42,HBD,Clear,0.32,7.39,0.1,19.2,44.6
2026-03-23 18:23:07,HBD,Fog,0.54,6.08,0.2,27.8,49.4
2026-03-20 05:59:44,HBD,Fog,0.45,6.2,0.8,20.1,58.6
2026-02-01 17:38:38,HBD,Fog,1.0,1.39,0.5,21.6,53.6
2026-06-11 19:24:33,HBD,Clear,0.53,4.58,0.3,33.7,63.8
2026-03-21 00:28:58,HBD,Clear,0.03,10.0,1.0,13.2,70.4
2026-04-24 17:18:08,HBD,Cloudy,0.33,7.21,1.3,16.7,58.7
2026-06-28 00:28:01,HBD,Fog,0.74,2.88,1.4,27.3,80.6
2026-06-10 07:59:38,HBD,Cloudy,0.19,8.6,0.2,14.3,67.4
2026-03-21 16:50:50,HBD,Clear,0.35,6.95,1.1,7.6,61.5
2026-03-19 21:59:00,HBD,Cloudy,0.15,8.57,1.2,28.2,64.4
2026-04-29 19:13:25,HBD,Clear,0.24,8.92,1.2,31.7,65.0
2026-03-14 08:31:27,HBD,Clear,0.36,6.88,0.8,36.8,71.9
2026-02-23 21:17:02,HBD,Clear,0.08,8.81,0.1,33.1,66.3
2026-06-19 06:46:06,HBD,Rain,0.53,4.7,13.7,20.7,68.9
2026-02-24 08:26:07,HBD,Clear,0.31,7.51,1.0,39.3,83.3
2026-06-20 09:48:10,HBD,Clear,0.34,7.19,1.4,5.4,48.8
2026-03-20 19:39:08,HBD,Clear,0.18,8.57,1.0,19.2,69.8
2026-06-07 18:08:04,HBD,Clear,0.3,7.13,0.9,16.1,75.4
2026-01-30 18:34:17,HBD,Clear,0.18,7.88,1.3,34.2,54.7
2026-01-30 08:35:35,HBD,Cloudy,0.45,6.39,0.8,35.5,63.7
2026-05-28 00:01:15,HBD,Clear,0.07,9.56,0.5,34.3,66.0
2026-02-04 14:15:00,HBD,Cloudy,0.39,5.92,0.5,31.3,89.1
2026-05-02 02:34:25,HBD,Clear,0.12,9.07,1.5,43.8,64.1
2026-05-07 09:33:13,HBD,Clear,0.25,7.58,0.9,22.0,32.7
2026-06-26 07:59:24,HBD,Clear,0.41,5.73,0.8,-0.4,71.3
2026-03-19 17:01:05,HBD,Clear,0.03,9.98,0.1,31.3,31.1
2026-05-14 08:00:28,HBD,Clear,0.2,8.59,1.2,13.3,42.8
2026-02-15 17:18:17,HBD,Rain,0.23,6.52,7.5,21.0,73.3
2026-01-06 14:14:52,HBD,Clear,0.69,4.41,1.3,31.8,87.1
2026-01-13 19:02:22,HBD,Cloudy,0.37,7.44,0.2,27.7,82.7
2026-05-27 15:35:53,HBD,Cloudy,0.47,6.07,0.7,15.5,70.3
2026-03-05 09:17:11,HBD,Clear,0.08,9.79,0.8,19.4,69.9
2026-03-15 01:56:45,HBD,Clear,0.18,8.15,0.7,29.3,51.6
2026-03-25 21:17:52,HBD,Clear,0.07,8.87,0.4,37.7,68.9
2026-06-23 14:30:44,HBD,Clear,0.18,8.9,0.7,18.5,53.4
2026-03-23 21:02:07,HBD,Clear,0.33,7.13,1.4,27.2,67.1
2026-06-08 18:13:51,HBD,Clear,0.4,6.45,1.1,29.4,50.4
2026-01-01 13:47:29,HBD,Clear,0.11,8.56,0.6,16.1,92.5
2026-06-08 12:18:15,HBD,Clear,0.45,5.36,1.1,17.0,84.1
2026-03-31 22:42:58,HBD,Clear,0.13,9.39,0.7,19.7,38.2
2026-06-08 12:43:15,HBD,Clear,0.27,7.53,1.1,16.4,72.6
2026-02-08 20:35:56,HBD,Clear,0.16,7.98,0.7,15.7,62.1
2026-04-19 15:36:32,HBD,Clear,0.2,7.83,0.8,35.1,60.5
2026-01-17 12:03:05,HBD,Clear,0.26,7.34,0.7,22.3,97.1
2026-06-28 13:06:09,HBD,Rain,0.42,4.58,1.8,46.2,66.7
2026-01-10 21:07:32,HBD,Cloudy,0.41,6.16,0.9,19.6,22.7
2026-06-25 13:30:56,HBD,Clear,0.2,8.62,0.4,47.2,82.3
2026-04-06 13:00:52,HBD,Clear,0.09,8.64,1.5,32.0,58.8
2026-06-14 12:18:47,HBD,Clear,0.41,6.92,0.7,25.6,88.0
2026-01-03 18:46:02,HBD,Clear,0.31,7.5,0.4,29.4,79.0
2026-03-14 03:27:22,HBD,Clear,0.15,9.05,1.1,23.9,63.3
2026-03-18 18:36:23,HBD,Cloudy,0.05,9.36,0.6,17.6,59.7
2026-03-22 13:29:18,HBD,Cloudy,0.27,7.35,1.0,14.0,69.7
2026-01-17 19:49:47,HBD,Clear,0.09,9.26,0.7,30.2,95.4
2026-02-25 04:46:36,HBD,Clear,0.5,5.77,1.3,21.8,55.4
2026-01-13 19:08:41,HBD,Cloudy,0.15,8.33,1.0,31.4,68.5
2026-06-29 21:58:17,HBD,Clear,0.29,7.52,0.1,27.6,74.9
2026-05-24 03:31:39,HBD,Rain,0.27,6.16,10.3,17.6,50.6
2026-02-06 01:38:10,HBD,Clear,0.43,6.31,1.3,8.7,69.4
2026-03-29 02:47:15,HBD,Clear,0.23,7.13,1.1,13.2,89.8
2026-06-15 03:16:49,HBD,Clear,0.47,5.83,1.3,16.8,87.6
2026-04-25 10:09:43,HBD,Rain,0.26,5.61,1.8,14.4,71.1
2026-02-24 09:10:42,HBD,Clear,0.45,5.03,0.6,34.7,90.0
2026-02-02 19:38:35,HBD,Clear,0.48,6.2,1.0,24.0,65.5
2026-04-14 02:22:12,HBD,Clear,0.26,8.7,0.8,25.9,76.3
2026-04-18 05:21:41,HBD,Clear,0.31,7.9,0.9,25.1,88.7
2026-03-04 01:25:45,HBD,Cloudy,0.55,5.1,1.4,21.1,80.8
2026-06-22 05:49:03,HBD,Clear,0.23,8.4,0.3,30.1,50.6
2026-04-10 00:25:35,HBD,Clear,0.28,7.31,1.1,20.2,73.3
2026-03-12 14:45:45,HBD,Clear,0.35,6.97,0.9,18.9,53.0
2026-06-15 23:30:32,HBD,Cloudy,0.4,5.9,0.0,26.8,95.3
2026-04-25 14:41:42,HBD,Cloudy,0.42,6.52,0.4,24.0,72.6
2026-05-17 18:41:52,HBD,Clear,0.36,8.26,0.5,28.6,95.9
2026-06-06 18:13:02,HBD,Rain,0.21,7.69,5.2,27.5,65.8
2026-02-25 09:16:05,HBD,Clear,0.05,9.36,0.6,38.4,31.9
2026-05-25 07:09:14,HBD,Rain,0.02,8.74,3.3,27.2,61.4
2026-03-09 21:07:39,HBD,Clear,0.58,5.08,0.3,24.9,94.5
2026-01-18 14:46:46,HBD,Rain,0.18,6.94,7.4,28.0,62.1
2026-01-07 11:51:54,HBD,Clear,0.12,9.32,0.6,30.4,38.7
2026-04-09 23:59:35,HBD,Fog,0.69,4.89,0.3,27.8,52.8
2026-06-13 10:45:25,HBD,Clear,0.42,5.89,1.2,32.9,98.0
2026-01-07 08:16:28,HBD,Cloudy,0.34,8.03,0.1,26.5,86.5
2026-03-18 18:06:31,HBD,Clear,0.41,6.59,1.5,29.9,85.0
2026-02-08 07:16:06,HBD,Clear,0.43,6.08,0.9,19.3,79.2
2026-06-20 18:57:47,HBD,Clear,0.3,7.7,1.2,7.2,96.0
2026-01-31 21:18:52,HBD,Clear,0.08,9.78,0.4,13.3,35.2
2026-06-10 11:24:31,HBD,Rain,0.16,7.25,11.9,18.3,55.0
2026-05-19 13:38:09,HBD,Clear,0.35,7.41,0.0,29.9,78.5
2026-01-09 20:20:15,HBD,Cloudy,0.4,5.79,1.0,24.0,86.9
2026-05-26 13:08:45,HBD,Clear,0.36,6.93,0.7,17.9,80.9
2026-05-08 13:47:52,HBD,Clear,0.25,7.28,1.0,26.7,69.4
2026-06-18 00:35:10,HBD,Rain,0.29,5.89,12.8,29.4,70.1
2026-02-18 10:58:47,HBD,Fog,0.73,2.87,0.4,36.6,65.5
2026-05-10 08:52:13,HBD,Cloudy,0.35,7.12,1.3,14.0,36.0
2026-02-17 02:02:37,HBD,Clear,0.2,7.85,1.5,14.2,30.9
2026-03-16 15:08:24,HBD,Cloudy,0.35,6.67,1.2,21.2,72.7
2026-04-07 11:01:22,HBD,Clear,0.15,8.95,0.8,29.3,58.8
2026-05-12 23:23:58,HBD,Clear,0.21,8.27,1.3,22.6,90.7
2026-03-12 16:32:43,HBD,Clear,0.3,7.71,0.9,14.4,64.8
2026-06-20 09:12:58,HBD,Rain,0.36,5.85,14.8,27.7,56.3
2026-02-01 16:03:03,HBD,Clear,0.43,5.78,0.2,21.7,73.3
2026-04-02 19:13:40,HBD,Rain,0.05,8.97,15.3,38.0,62.9
2026-03-22 08:20:39,HBD,Clear,0.29,7.24,0.4,14.2,71.3
2026-03-12 14:01:16,HBD,Fog,0.89,2.52,0.7,25.8,57.1
2026-04-29 14:18:05,HBD,Rain,0.43,5.75,5.2,39.0,81.5
2026-06-17 11:29:50,HBD,Clear,0.49,5.67,0.9,33.7,77.1
2026-03-16 21:19:24,HBD,Clear,0.45,6.55,1.3,25.3,62.2
2026-05-11 08:10:24,HBD,Rain,0.09,7.05,6.0,35.3,62.6
2026-06-16 15:39:04,HBD,Cloudy,0.11,9.29,0.6,30.5,77.3
2026-03-04 20:07:54,HBD,Rain,0.14,8.38,3.2,14.6,67.1
2026-03-07 01:44:38,HBD,Cloudy,0.2,7.87,1.0,28.7,82.3
2026-04-23 02:08:10,HBD,Cloudy,0.13,9.03,0.1,25.3,95.4
2026-02-10 10:34:23,HBD,Clear,0.16,8.34,1.3,17.8,61.9
2026-06-27 22:34:51,HBD,Clear,0.23,8.03,1.3,20.9,85.6
2026-03-25 10:28:24,HBD,Clear,0.02,9.59,0.4,29.7,74.1
2026-04-13 11:01:39,HBD,Clear,0.1,8.99,0.4,14.8,83.7
2026-03-11 13:46:01,HBD,Clear,0.07,8.49,0.7,28.3,50.8
2026-06-08 18:20:42,HBD,Clear,0.24,7.62,0.8,31.8,56.2
2026-05-30 09:52:03,HBD,Rain,0.33,5.95,2.5,27.9,76.7
2026-06-14 18:59:38,HBD,Clear,0.2,8.69,0.6,30.1,59.1
2026-01-27 10:16:30,HBD,Fog,0.5,5.85,0.4,17.4,95.7
2026-04-19 09:58:59,HBD,Fog,0.5,6.26,0.1,24.1,66.6
2026-04-04 06:34:16,HBD,Cloudy,0.22,8.41,1.4,23.0,65.2
2026-02-23 09:50:56,HBD,Rain,0.36,5.59,5.4,35.1,90.0
2026-05-08 03:04:12,HBD,Cloudy,0.42,6.8,1.4,23.8,94.0
2026-03-22 21:02:13,HBD,Clear,0.12,8.87,0.6,35.5,75.8
2026-03-21 07:36:49,HBD,Cloudy,0.17,8.36,0.6,12.2,79.7
2026-01-15 07:27:41,HBD,Cloudy,0.12,8.93,0.5,15.7,70.0
2026-05-04 22:34:28,HBD,Clear,0.23,8.18,1.4,29.7,68.9
2026-02-11 05:44:14,HBD,Fog,0.61,4.23,0.9,21.2,55.3
2026-05-10 06:34:11,HBD,Clear,0.17,8.21,0.2,23.6,87.6
2026-06-26 00:34:52,HBD,Clear,0.42,6.04,0.7,21.9,100.0
2026-01-13 20:12:35,HBD,Clear,0.19,8.38,0.8,16.8,50.3
2026-03-13 21:02:33,HBD,Cloudy,0.23,8.3,0.4,25.8,64.7
2026-05-05 01:51:12,HBD,Fog,0.92,2.25,0.5,14.2,52.0
2026-02-03 02:49:58,HBD,Clear,0.25,7.42,0.0,14.9,70.9
2026-04-02 03:39:01,HBD,Clear,0.26,7.82,0.1,26.3,86.2
2026-03-06 00:43:59,HBD,Rain,0.34,5.22,7.4,16.7,84.5
2026-05-08 20:59:21,HBD,Clear,0.47,5.78,0.4,29.8,68.4
2026-03-24 02:31:14,HBD,Clear,0.46,5.62,0.3,31.1,49.2
2026-05-31 09:45:50,HBD,Cloudy,0.33,6.61,1.2,13.4,63.5
2026-06-03 16:23:22,HBD,Fog,0.76,3.57,0.3,24.1,88.2
2026-01-02 23:47:30,HBD,Clear,0.13,8.48,0.2,34.6,84.9
2026-02-14 03:50:39,HBD,Clear,0.22,8.11,0.3,29.3,76.9
2026-01-11 18:07:17,HBD,Clear,0.57,5.03,1.0,27.1,58.8
2026-06-17 14:03:40,HBD,Clear,0.35,7.26,0.9,14.7,77.4
2026-03-17 15:08:34,HBD,Clear,0.18,8.69,0.1,40.4,50.8
2026-05-02 04:45:27,HBD,Cloudy,0.19,8.61,0.1,20.3,62.7
2026-04-28 09:56:41,HBD,Cloudy,0.03,9.87,1.0,30.3,64.5
2026-01-23 03:47:33,HBD,Clear,0.06,9.61,1.3,18.2,45.2
2026-06-10 21:02:53,HBD,Clear,0.27,6.78,0.2,40.4,72.4
2026-05-26 00:33:49,HBD,Cloudy,0.26,7.39,0.2,21.8,65.9
2026-03-29 07:40:12,HBD,Clear,0.74,3.69,1.3,21.9,80.1
2026-02-09 11:37:42,HBD,Clear,0.28,7.92,0.9,24.0,44.8
2026-02-15 05:39:01,HBD,Clear,0.1,9.55,0.6,33.8,63.3
2026-02-07 07:57:16,HBD,Clear,0.35,7.79,0.3,31.8,71.6
2026-03-13 07:26:13,HBD,Rain,0.54,4.68,2.3,23.1,48.9
2026-03-18 05:44:17,HBD,Cloudy,0.24,7.58,0.8,31.5,48.8
2026-05-15 13:27:36,HBD,Clear,0.21,8.12,0.5,22.1,58.3
2026-02-16 14:49:15,HBD,Cloudy,0.5,6.19,0.3,27.6,72.7
2026-05-31 03:22:32,HBD,Clear,0.42,6.91,0.5,48.4,66.5
2026-06-11 03:20:16,HBD,Clear,0.11,9.11,0.2,38.7,78.0
2026-03-11 14:53:01,HBD,Clear,0.7,4.22,0.1,35.0,60.0
2026-06-27 01:20:07,HBD,Clear,0.32,7.26,1.3,28.4,78.1
2026-03-08 21:31:22,HBD,Clear,0.17,8.37,0.8,19.2,54.6
2026-02-10 00:09:19,HBD,Cloudy,0.43,6.65,1.2,34.1,61.2
2026-04-09 01:32:04,HBD,Clear,0.23,8.11,0.5,14.3,43.6
2026-06-10 09:15:32,HBD,Clear,0.15,8.11,0.7,29.3,59.9
2026-06-25 22:34:01,HBD,Cloudy,0.13,8.76,1.3,25.3,79.2
2026-04-12 02:32:16,HBD,Clear,0.16,8.28,0.6,23.5,74.8
2026-02-14 07:13:46,HBD,Rain,0.06,8.45,2.1,33.0,72.2
2026-05-17 12:31:56,HBD,Clear,0.2,8.76,0.4,21.7,75.3
2026-06-04 11:40:33,HBD,Clear,0.11,9.23,1.0,27.1,59.1
2026-05-08 04:38:58,HBD,Clear,0.09,8.06,0.8,37.3,80.9
2026-03-21 20:54:08,HBD,Clear,0.11,8.73,1.4,16.0,67.5
2026-05-03 06:48:02,HBD,Clear,0.21,9.07,1.3,25.6,64.5
2026-05-14 12:56:23,HBD,Cloudy,0.34,7.01,0.8,22.4,82.4
2026-05-28 13:44:07,HBD,Fog,0.65,4.7,0.0,9.4,73.9
2026-01-02 12:26:56,HBD,Clear,0.58,5.03,1.1,27.0,65.7
2026-05-31 07:45:40,HBD,Fog,0.68,4.25,1.3,19.9,59.2
2026-06-14 10:41:25,HBD,Fog,0.6,4.46,0.6,40.3,51.2
2026-04-15 17:08:48,HBD,Fog,0.4,6.62,0.5,38.7,67.5
2026-01-28 07:29:54,HBD,Rain,0.34,6.14,4.3,33.4,60.4
2026-06-12 04:03:57,HBD,Cloudy,0.19,8.19,0.2,33.8,62.5
2026-02-03 11:24:03,HBD,Cloudy,0.14,9.46,1.4,13.1,96.5
2026-05-28 07:50:30,HBD,Fog,0.51,5.1,1.2,26.4,100.0
2026-03-06 02:23:40,HBD,Clear,0.13,9.1,0.6,25.4,28.6
2026-04-06 21:26:57,HBD,Clear,0.49,5.3,0.9,15.5,96.2
2026-04-23 15:58:14,HBD,Fog,0.74,3.3,1.5,27.1,62.2
2026-04-04 20:00:23,HBD,Fog,0.74,4.07,0.2,22.1,83.1
2026-02-06 10:24:19,HBD,Clear,0.32,6.95,1.1,18.2,63.8
2026-06-09 20:13:33,HBD,Cloudy,0.63,3.88,0.2,35.8,59.3
2026-03-19 10:12:30,HBD,Clear,0.29,7.35,1.4,18.7,71.0
2026-04-23 14:24:41,HBD,Clear,0.53,6.22,0.2,18.1,65.8
2026-06-05 04:08:51,HBD,Clear,0.23,8.66,1.2,36.5,48.4
2026-03-08 19:24:21,HBD,Clear,0.45,6.11,0.6,21.6,100.0
2026-01-24 20:22:08,HBD,Clear,0.13,9.22,0.6,22.8,33.5
2026-04-18 19:15:10,HBD,Rain,0.31,6.15,1.7,21.8,66.4
2026-03-14 01:06:25,HBD,Clear,0.37,7.33,1.3,34.5,93.6
2026-06-21 02:46:37,HBD,Clear,0.04,8.99,1.4,12.0,33.9
2026-02-13 04:54:04,HBD,Clear,0.2,8.25,1.4,21.5,63.6
2026-01-31 04:38:43,HBD,Clear,0.16,8.19,0.5,27.5,54.6
2026-06-30 08:18:02,HBD,Rain,0.15,6.76,26.5,26.1,56.5
2026-01-10 04:02:53,HBD,Rain,0.42,6.27,9.0,31.4,75.4
2026-05-10 16:53:41,HBD,Clear,0.17,8.39,0.2,22.7,89.8
2026-04-09 10:15:23,HBD,Clear,0.66,4.93,0.8,24.3,88.9
2026-02-24 13:00:38,HBD,Clear,0.08,8.87,0.2,14.2,74.3
2026-01-06 19:01:16,HBD,Clear,0.34,7.24,1.2,20.3,72.4
2026-03-25 16:17:01,HBD,Clear,0.78,3.29,0.2,23.9,68.5
2026-01-01 17:20:02,HBD,Cloudy,0.44,6.03,1.3,23.3,57.3
2026-01-21 20:20:48,HBD,Fog,0.54,5.56,0.6,29.4,66.5
2026-01-31 06:16:42,HBD,Clear,0.32,7.51,1.0,40.8,61.8
2026-06-28 05:04:25,HBD,Clear,0.34,7.11,1.1,23.2,38.8
2026-06-10 22:31:24,HBD,Clear,0.48,5.76,1.5,22.1,90.6
2026-06-29 16:57:12,HBD,Fog,0.49,5.75,1.1,35.5,79.2
2026-02-09 23:18:54,HBD,Clear,0.42,6.03,1.1,30.2,78.4
2026-05-23 23:39:12,HBD,Fog,0.81,3.56,0.5,25.8,86.6
2026-06-24 08:33:28,HBD,Cloudy,0.31,6.43,0.1,32.8,60.5
2026-04-05 06:07:39,HBD,Fog,0.84,3.5,1.4,9.9,44.3
2026-05-09 15:22:51,HBD,Clear,0.27,8.23,0.4,15.6,76.7
2026-06-15 02:05:50,HBD,Clear,0.02,9.78,1.4,31.4,75.2
2026-05-22 09:32:13,HBD,Cloudy,0.25,7.53,0.3,22.4,66.9
2026-03-08 17:12:58,HBD,Clear,0.23,7.76,0.1,14.7,70.4
2026-03-11 10:54:03,HBD,Cloudy,0.4,5.88,1.1,22.3,85.1
2026-01-23 15:31:26,HBD,Cloudy,0.32,6.57,0.1,27.2,45.1
2026-02-04 09:26:14,HBD,Clear,0.49,6.33,0.6,30.5,57.5
2026-02-18 15:38:10,HBD,Clear,0.35,7.15,0.6,15.3,21.4
2026-06-02 00:53:04,HBD,Cloudy,0.24,8.45,0.5,20.3,50.6
2026-02-24 11:48:40,HBD,Clear,0.07,9.75,1.2,13.7,99.5
2026-06-16 02:42:47,HBD,Clear,0.46,6.47,1.5,25.8,45.1
2026-05-07 13:13:32,HBD,Rain,0.29,5.91,0.4,29.9,100.0
2026-06-11 20:46:23,HBD,Clear,0.18,8.03,1.4,14.7,51.3
2026-05-11 00:31:03,HBD,Clear,0.48,6.37,0.4,28.2,62.7
2026-01-02 01:35:20,HBD,Clear,0.17,8.45,0.3,9.8,70.3
2026-01-22 00:28:52,HBD,Clear,0.01,9.67,0.1,32.2,58.2
2026-01-11 14:21:31,HBD,Rain,0.11,7.35,8.2,19.0,88.4
2026-05-01 10:19:27,HBD,Clear,0.18,8.0,0.8,31.8,34.1
2026-02-27 17:59:52,HBD,Clear,0.02,8.96,1.2,29.8,59.5
2026-04-28 00:27:04,HBD,Cloudy,0.43,6.13,0.8,18.5,67.1
2026-04-16 20:17:20,HBD,Cloudy,0.38,6.09,0.2,32.0,80.7
2026-01-06 13:38:29,HBD,Fog,0.64,5.38,0.2,34.8,94.3
2026-05-09 12:40:50,HBD,Clear,0.53,4.78,1.5,35.5,56.6
2026-02-10 07:45:25,HBD,Clear,0.24,8.43,1.1,11.5,20.0
2026-04-30 18:31:56,HBD,Cloudy,0.24,7.83,1.2,26.0,30.8
2026-06-02 21:11:46,HBD,Clear,0.06,9.49,0.9,28.0,74.6
2026-01-24 01:46:59,HBD,Rain,0.08,8.81,7.5,19.0,76.5
2026-04-28 05:56:59,HBD,Clear,0.38,7.88,1.3,15.6,52.7
2026-02-21 06:45:47,HBD,Clear,0.2,7.99,0.9,23.7,45.5
2026-03-16 16:15:55,HBD,Clear,0.22,7.66,1.1,18.8,68.1
2026-02-18 05:22:31,HBD,Clear,0.11,8.26,0.7,21.0,78.6
2026-06-25 00:25:16,HBD,Clear,0.43,6.75,1.0,27.4,67.4
2026-01-23 22:48:39,HBD,Clear,0.38,7.18,0.3,17.3,82.0
2026-01-01 22:41:35,HBD,Clear,0.56,4.02,0.6,27.5,57.3
2026-05-04 16:29:21,HBD,Clear,0.24,7.57,1.4,27.8,96.8
2026-03-30 16:02:18,HBD,Rain,0.5,5.27,5.5,24.6,72.3
2026-01-20 17:38:22,HBD,Clear,0.61,4.89,0.5,26.2,60.2
2026-06-02 06:38:57,HBD,Fog,0.38,7.38,1.2,34.0,81.3
2026-01-05 05:09:45,HBD,Rain,0.28,6.38,2.9,14.4,82.8
2026-04-15 20:48:15,HBD,Clear,0.31,7.01,0.2,18.9,57.1
2026-01-02 07:44:22,HBD,Cloudy,0.19,8.56,0.8,14.7,35.4
2026-05-11 12:28:34,HBD,Clear,0.07,9.66,1.3,29.8,62.4
2026-01-10 18:48:49,HBD,Clear,0.47,6.32,0.0,24.0,89.2
2026-03-14 19:47:51,HBD,Cloudy,0.17,8.17,0.7,26.6,86.3
2026-05-30 09:50:14,HBD,Clear,0.39,6.91,0.7,20.8,84.6
2026-03-01 06:28:58,HBD,Clear,0.23,8.5,0.5,23.2,76.2
2026-03-06 05:45:25,HBD,Clear,0.13,8.99,1.0,16.9,64.4
2026-03-21 06:15:29,HBD,Cloudy,0.52,5.31,1.4,16.6,77.5
2026-03-23 02:29:47,HBD,Cloudy,0.36,6.88,0.7,23.2,38.2
2026-03-06 19:53:19,HBD,Clear,0.31,7.31,0.6,24.6,57.6
2026-05-13 12:41:36,HBD,Clear,0.2,8.69,0.5,39.2,73.4
2026-06-27 16:51:19,HBD,Clear,0.08,9.42,0.8,37.2,47.7
2026-03-29 18:31:32,HBD,Rain,0.31,6.64,13.1,43.2,46.7
2026-02-15 13:56:33,HBD,Clear,0.17,8.0,1.3,18.7,61.0
2026-05-27 10:49:36,HBD,Cloudy,0.45,6.18,0.8,21.2,94.3
2026-03-23 19:06:06,HBD,Rain,0.15,7.81,16.2,33.2,45.2
2026-05-09 00:49:27,HBD,Rain,0.43,5.08,12.8,24.2,78.1
2026-05-28 03:10:37,HBD,Cloudy,0.48,6.3,0.4,31.9,41.6
2026-01-22 07:33:20,HBD,Cloudy,0.24,8.19,1.4,27.5,98.2
2026-02-13 15:22:36,HBD,Clear,0.08,9.04,1.0,21.8,94.1
2026-05-19 01:45:57,HBD,Cloudy,0.1,9.08,1.4,26.2,74.7
2026-02-08 22:52:32,HBD,Clear,0.03,10.08,0.0,34.5,71.6
2026-01-22 18:03:40,HBD,Clear,0.46,6.04,1.2,23.3,83.5
2026-01-06 00:43:08,HBD,Cloudy,0.26,6.51,1.1,19.6,36.3
2026-02-18 20:17:56,HBD,Clear,0.23,7.32,0.6,30.0,67.9
2026-04-17 14:04:11,HBD,Fog,0.41,5.92,1.3,30.1,44.6
2026-01-15 16:28:06,HBD,Cloudy,0.27,8.02,0.5,27.1,73.4
2026-05-20 00:08:40,HBD,Clear,0.19,9.31,1.1,20.0,93.1
2026-04-26 13:19:31,HBD,Fog,0.5,6.3,0.1,25.3,84.4
2026-05-02 14:12:14,HBD,Clear,0.19,8.93,0.5,20.3,72.1
2026-04-17 17:25:29,HBD,Clear,0.19,8.41,0.1,26.7,59.4
2026-04-16 08:08:49,HBD,Rain,0.31,6.0,6.4,18.2,60.9
2026-01-25 03:48:01,HBD,Cloudy,0.21,7.79,1.4,28.1,52.8
2026-02-24 07:37:17,HBD,Clear,0.28,7.2,0.0,26.8,72.4
2026-05-27 18:48:08,HBD,Rain,0.13,7.24,4.7,10.4,49.6
2026-01-24 03:44:36,HBD,Rain,0.38,5.41,9.2,6.2,80.3
2026-04-17 12:20:40,HBD,Cloudy,0.16,8.47,1.1,32.1,79.3
2026-03-19 11:53:32,HBD,Fog,0.68,4.07,1.3,18.6,58.8
2026-02-23 15:39:01,HBD,Rain,0.28,7.56,12.5,8.8,53.5
2026-03-01 20:28:38,HBD,Clear,0.3,8.15,1.1,24.9,73.9
2026-06-08 00:22:53,HBD,Cloudy,0.4,6.49,1.3,24.4,74.8
2026-01-19 11:01:51,HBD,Clear,0.1,9.23,1.2,10.6,49.9
2026-02-23 13:54:04,HBD,Clear,0.34,6.7,0.1,26.3,88.3
2026-02-22 05:39:13,HBD,Rain,0.47,4.52,10.5,13.8,45.5
2026-02-11 18:34:40,HBD,Cloudy,0.2,7.53,0.0,43.9,69.6
2026-04-22 23:43:41,HBD,Clear,0.32,6.88,1.4,31.3,71.7
2026-05-13 19:50:11,HBD,Fog,0.56,5.14,0.8,20.5,97.1
2026-02-09 08:35:40,HBD,Clear,0.3,7.1,0.5,30.6,86.8
2026-03-03 11:54:28,HBD,Clear,0.26,8.27,1.2,19.6,67.9
2026-02-13 00:58:37,HBD,Clear,0.07,9.23,0.9,36.8,63.7
2026-01-06 15:45:03,HBD,Cloudy,0.11,9.1,1.0,13.3,41.9
2026-01-19 23:35:05,HBD,Clear,0.46,5.71,1.0,29.3,85.3
2026-04-08 15:55:29,HBD,Clear,0.11,9.24,0.1,27.7,84.1
2026-05-20 04:19:08,HBD,Fog,0.79,3.95,0.9,27.9,100.0
2026-06-24 16:28:05,HBD,Cloudy,0.03,9.21,0.8,31.9,79.2
2026-06-15 20:51:51,HBD,Clear,0.02,10.07,0.8,18.5,34.5
2026-06-19 10:58:21,HBD,Clear,0.49,5.86,1.1,28.0,54.1
2026-06-17 11:31:06,HBD,Clear,0.29,6.35,1.2,34.2,70.5
2026-04-01 17:19:44,HBD,Rain,0.29,6.52,12.5,20.3,57.8
2026-02-21 15:23:49,HBD,Cloudy,0.22,8.27,0.5,36.4,97.2
2026-02-28 05:12:13,HBD,Clear,0.64,4.14,0.8,19.3,88.6
2026-03-13 23:29:16,HBD,Clear,0.27,7.69,0.8,23.2,90.5
2026-03-29 12:32:00,HBD,Clear,0.53,5.69,0.6,8.6,68.8
2026-05-11 10:29:22,HBD,Clear,0.24,7.48,0.1,16.7,75.3
2026-05-05 07:53:08,HBD,Clear,0.29,7.23,0.8,22.0,88.1
2026-04-02 19:08:46,HBD,Cloudy,0.5,6.4,0.2,31.3,71.7
2026-04-01 12:50:25,HBD,Cloudy,0.29,7.66,1.5,30.4,90.2
2026-02-10 07:08:38,HBD,Clear,0.38,6.69,0.0,16.3,55.5
2026-06-08 07:08:46,HBD,Rain,0.2,6.89,14.3,27.4,70.8
2026-01-19 16:12:35,HBD,Clear,0.09,9.31,0.4,28.2,62.0
2026-03-10 22:42:17,HBD,Clear,0.8,3.18,1.4,9.4,60.1
2026-04-04 01:37:04,HBD,Clear,0.29,6.96,1.4,17.2,24.6
2026-02-07 17:35:29,HBD,Clear,0.67,4.22,0.3,23.3,89.0
2026-01-15 15:10:35,HBD,Clear,0.4,7.43,0.1,21.3,96.6
2026-01-09 05:20:58,HBD,Clear,0.68,3.53,0.2,29.5,60.2
2026-04-07 10:24:19,HBD,Clear,0.14,8.73,0.4,26.8,55.4
2026-01-13 00:05:19,HBD,Cloudy,0.46,6.49,1.0,28.1,63.4
2026-06-02 06:02:49,HBD,Rain,0.21,6.66,3.7,33.4,84.7
2026-03-17 21:47:40,HBD,Rain,0.02,8.88,6.2,32.1,73.9
2026-02-06 23:24:32,HBD,Clear,0.35,7.45,1.4,31.9,29.8
2026-03-09 21:20:39,HBD,Clear,0.33,7.63,1.1,27.2,91.6
2026-04-17 09:38:42,HBD,Cloudy,0.18,9.16,1.3,13.6,95.7
2026-04-03 23:10:32,HBD,Cloudy,0.12,9.11,1.3,11.4,89.7
2026-03-03 05:03:19,HBD,Cloudy,0.54,5.59,0.1,23.9,72.5
2026-05-01 21:46:04,HBD,Clear,0.49,6.71,0.0,25.3,81.6
2026-03-06 22:27:36,HBD,Clear,0.35,7.82,0.8,10.2,67.8
2026-01-07 23:56:06,HBD,Clear,0.66,4.95,0.4,20.4,90.3
2026-04-09 01:22:10,HBD,Clear,0.1,9.36,0.2,35.5,59.3
2026-04-06 22:56:51,HBD,Clear,0.05,9.83,1.2,29.5,57.9
2026-05-06 08:59:07,HBD,Clear,0.29,7.79,0.5,20.4,69.6
2026-06-02 07:26:26,HBD,Cloudy,0.3,7.4,0.8,35.1,80.2
2026-04-24 08:22:48,HBD,Cloudy,0.43,6.32,0.9,48.1,44.0
2026-05-06 17:14:09,HBD,Rain,0.18,7.49,14.7,35.6,80.6
2026-03-08 18:17:10,HBD,Clear,0.25,8.1,1.3,38.5,59.2
2026-04-06 15:19:31,HBD,Cloudy,0.23,7.77,0.3,25.9,67.5
2026-03-09 08:26:04,HBD,Clear,0.13,8.55,1.1,9.8,67.9
2026-06-16 00:06:12,HBD,Rain,0.18,6.83,8.3,27.6,83.7
2026-02-28 16:19:17,HBD,Cloudy,0.1,9.11,0.0,30.5,77.4
2026-01-04 14:03:24,HBD,Clear,0.29,7.6,0.2,7.5,84.6
2026-02-23 07:03:26,HBD,Clear,0.04,10.03,1.2,20.5,31.2
2026-01-20 22:00:50,HBD,Clear,0.09,9.16,0.7,15.5,83.3
2026-04-19 12:26:42,HBD,Clear,0.72,4.08,0.0,21.7,73.4
2026-05-26 15:57:07,HBD,Clear,0.31,7.48,0.5,27.2,62.2
2026-06-28 04:11:11,HBD,Clear,0.22,8.06,0.3,26.6,64.5
2026-05-04 17:26:21,HBD,Fog,0.62,4.81,0.0,25.3,45.2
2026-06-21 17:22:09,HBD,Rain,0.16,6.78,6.7,38.3,100.0
2026-03-22 07:39:38,HBD,Clear,0.15,8.98,0.7,5.9,50.9
2026-01-20 12:09:35,HBD,Clear,0.21,8.42,0.0,31.9,80.8
2026-05-16 17:35:35,HBD,Clear,0.31,6.95,0.3,20.7,31.6
2026-06-15 09:01:05,HBD,Clear,0.51,5.13,1.2,42.0,75.8
2026-02-20 05:00:59,HBD,Clear,0.12,8.42,1.0,24.1,53.1
2026-01-19 16:17:31,HBD,Clear,0.22,8.17,0.3,25.5,65.8
2026-03-12 05:50:27,HBD,Cloudy,0.28,7.91,0.6,24.2,62.3
2026-03-11 16:06:02,HBD,Clear,0.24,7.45,1.0,23.3,93.7
2026-01-24 23:29:17,HBD,Cloudy,0.31,6.82,0.6,27.3,39.5
2026-03-01 20:07:28,HBD,Fog,0.46,6.3,1.1,17.4,55.8
2026-06-18 02:36:23,HBD,Fog,0.8,3.31,1.0,40.1,52.1
2026-05-29 02:07:36,HBD,Fog,0.68,3.66,1.4,30.5,44.9
2026-06-04 12:33:06,HBD,Rain,0.76,1.94,7.9,14.9,80.0
2026-02-13 06:04:56,HBD,Cloudy,0.19,8.79,0.3,27.9,75.2
2026-03-15 18:34:45,HBD,Rain,0.34,6.9,3.0,38.3,68.7
2026-02-21 04:38:02,HBD,Cloudy,0.11,9.07,1.5,26.7,71.6
2026-04-05 18:51:46,HBD,Clear,0.24,8.75,0.5,26.3,66.8
2026-04-25 03:03:37,HBD,Cloudy,0.31,7.4,1.5,15.9,100.0
2026-06-28 11:08:55,HBD,Clear,0.32,7.66,1.2,30.8,72.8
2026-04-29 23:01:18,HBD,Cloudy,0.19,8.66,1.5,32.2,69.6
2026-02-24 23:20:16,HBD,Clear,0.3,8.0,1.4,21.6,46.1
2026-02-27 07:31:56,HBD,Fog,0.44,5.59,0.6,39.3,78.9
2026-04-15 08:25:07,HBD,Clear,0.12,8.65,1.4,36.1,34.4
2026-06-13 13:30:00,HBD,Cloudy,0.46,6.69,0.5,24.4,80.2
2026-05-25 01:49:12,HBD,Cloudy,0.52,6.02,1.4,27.4,80.8
2026-01-13 08:14:08,HBD,Clear,0.23,8.52,0.6,38.2,41.4
2026-06-03 19:58:40,HBD,Cloudy,0.28,7.6,0.8,29.8,90.4
2026-03-30 04:42:34,HBD,Clear,0.55,6.21,0.5,33.1,88.5
2026-02-24 17:52:00,HBD,Clear,0.35,8.05,0.2,34.2,58.4
2026-01-22 13:33:02,HBD,Clear,0.23,7.81,1.3,24.0,42.5
2026-02-04 18:42:48,HBD,Rain,0.21,6.95,15.4,14.9,64.1
2026-04-01 13:49:43,HBD,Fog,0.65,4.5,1.0,27.2,31.8
2026-02-20 19:26:16,HBD,Cloudy,0.57,5.7,0.8,37.4,59.3
2026-03-08 01:56:06,HBD,Fog,0.55,5.74,0.9,13.5,84.1
2026-02-12 15:45:41,HBD,Cloudy,0.16,8.88,0.1,25.7,88.2
2026-06-20 17:35:56,HBD,Clear,0.22,8.4,0.8,23.9,79.6
2026-05-23 16:03:49,HBD,Clear,0.29,7.02,0.1,24.3,49.0
2026-04-24 03:34:40,HBD,Clear,0.22,8.44,0.5,35.2,60.9
2026-02-02 20:21:00,HBD,Cloudy,0.18,8.24,0.1,3.5,74.4
2026-02-11 16:38:07,HBD,Clear,0.06,9.13,0.7,18.4,51.6
2026-04-10 20:25:27,HBD,Clear,0.33,6.84,0.8,33.1,62.4
2026-01-07 23:58:15,HBD,Rain,0.24,7.05,9.9,28.6,80.2
2026-02-13 15:10:30,HBD,Clear,0.53,5.27,1.0,29.0,43.7
2026-03-15 15:28:53,HBD,Clear,0.11,9.21,1.0,24.4,55.3
2026-05-20 00:20:52,HBD,Clear,0.35,7.32,0.4,15.9,73.5
2026-02-18 16:45:42,HBD,Cloudy,0.18,8.11,1.0,29.2,56.8
2026-03-08 07:08:23,HBD,Clear,0.14,8.47,0.2,16.6,92.0
2026-05-17 09:41:45,HBD,Fog,0.4,6.89,1.4,14.6,83.6
2026-04-22 21:15:45,HBD,Clear,0.42,6.82,1.3,25.8,78.6
2026-04-01 01:27:03,HBD,Clear,0.04,9.92,1.5,19.2,44.0
2026-06-21 02:00:51,HBD,Fog,0.89,2.83,1.0,26.8,100.0
2026-03-05 08:26:54,HBD,Clear,0.12,9.17,1.2,18.7,69.6
2026-06-20 13:08:20,HBD,Clear,0.45,5.92,0.9,19.5,88.5
2026-05-31 18:05:42,HBD,Clear,0.53,5.5,1.0,24.8,58.4
2026-05-22 04:26:34,HBD,Rain,0.32,6.99,4.2,34.4,51.5
2026-02-17 00:38:33,HBD,Clear,0.59,4.71,0.5,30.2,67.0
2026-04-23 23:16:14,HBD,Cloudy,0.23,8.39,1.4,29.9,52.0
2026-01-02 05:33:29,HBD,Clear,0.43,6.68,1.4,33.6,86.0
2026-02-26 22:13:49,HBD,Clear,0.36,6.76,0.6,35.5,59.6
2026-04-11 09:07:03,HBD,Cloudy,0.49,6.87,0.9,28.0,41.7
2026-06-01 08:46:37,HBD,Cloudy,0.25,7.91,0.6,33.7,62.0
2026-01-17 03:13:04,HBD,Cloudy,0.23,8.23,0.9,34.4,36.0
2026-03-03 17:16:27,HBD,Cloudy,0.08,8.27,1.1,31.0,71.7
2026-06-26 03:53:26,HBD,Clear,0.55,5.64,0.8,26.2,46.1
2026-06-13 11:53:31,HBD,Rain,0.05,8.15,2.9,19.7,80.9
2026-05-31 14:02:09,HBD,Clear,0.11,9.7,0.9,27.2,51.4
2026-01-08 04:08:46,HBD,Clear,0.21,8.29,0.2,27.0,46.5
2026-03-28 01:47:46,HBD,Clear,0.23,8.13,1.1,34.5,52.2
2026-01-26 17:32:47,HBD,Cloudy,0.6,4.95,1.1,21.7,29.8
2026-05-17 06:23:33,HBD,Clear,0.09,9.51,0.4,27.0,26.8
2026-05-17 18:32:15,HBD,Clear,0.4,7.61,0.4,13.5,100.0
2026-04-05 23:35:13,HBD,Cloudy,0.17,8.72,0.2,33.6,67.1
2026-01-24 21:44:59,HBD,Clear,0.12,8.73,1.1,11.7,57.7
2026-05-10 16:39:04,HBD,Clear,0.15,8.62,0.3,16.6,48.0
2026-06-15 18:04:32,HBD,Clear,0.27,8.02,1.0,24.8,81.0
2026-01-10 02:13:28,HBD,Rain,0.23,6.66,18.3,23.0,95.4
2026-05-08 07:50:16,HBD,Fog,1.0,1.56,0.1,42.3,93.1
2026-06-17 04:30:50,HBD,Clear,0.14,9.61,1.4,34.2,71.3
2026-06-23 23:52:27,HBD,Fog,0.67,4.15,0.1,21.8,87.8
2026-02-10 03:19:55,HBD,Cloudy,0.23,6.71,0.7,24.1,82.2
2026-02-01 18:45:05,HBD,Cloudy,0.11,9.71,0.9,19.0,58.1
2026-05-26 09:11:17,HBD,Clear,0.11,8.6,0.8,23.2,63.3
2026-04-12 17:05:15,HBD,Clear,0.25,7.7,1.1,28.6,40.6
2026-06-20 04:31:46,HBD,Clear,0.68,4.23,1.2,35.1,76.5
2026-03-30 13:39:14,HBD,Clear,0.3,6.44,1.0,23.8,82.7
2026-02-15 04:17:57,HBD,Cloudy,0.24,8.19,0.7,20.0,76.0
2026-01-07 01:33:19,HBD,Clear,0.38,6.12,0.7,21.1,87.0
2026-02-04 23:26:57,HBD,Rain,0.18,6.42,1.9,30.9,55.8
2026-04-27 22:30:55,HBD,Clear,0.33,7.07,0.1,18.0,62.1
2026-02-07 13:25:49,HBD,Clear,0.2,7.93,0.8,24.3,68.3
2026-02-26 04:59:45,HBD,Clear,0.06,9.44,1.4,19.2,27.5
2026-06-22 09:21:49,HBD,Clear,0.32,7.11,0.1,22.3,90.7
2026-01-01 09:38:59,HBD,Clear,0.18,8.78,0.4,26.8,46.9
2026-04-21 01:46:48,HBD,Rain,0.41,5.7,12.4,22.5,48.2
2026-05-11 05:13:19,HBD,Cloudy,0.37,5.87,0.2,16.9,65.5
2026-03-02 07:20:17,HBD,Clear,0.22,8.27,1.4,12.3,59.5
2026-05-13 09:29:58,HBD,Clear,0.35,7.64,1.4,7.5,49.9
2026-01-16 13:49:38,HBD,Rain,0.24,7.33,6.5,30.9,78.5
2026-02-03 15:56:24,HBD,Clear,0.48,5.29,1.3,7.1,69.7
2026-01-01 12:23:29,HBD,Clear,0.36,6.74,1.4,16.7,58.2
2026-06-16 04:23:55,HBD,Clear,0.06,8.77,0.7,30.3,89.5
2026-04-22 03:32:23,HBD,Cloudy,0.31,6.77,0.2,32.6,68.1
2026-03-08 21:42:58,HBD,Clear,0.12,8.65,1.1,24.4,77.1
2026-06-03 10:14:07,HBD,Cloudy,0.17,8.33,0.8,32.0,56.1
2026-02-23 01:49:04,HBD,Clear,0.39,6.79,0.5,26.4,61.7
2026-01-01 07:35:46,HBD,Clear,0.25,7.94,1.5,29.0,25.3
2026-03-08 18:12:31,HBD,Clear,0.18,8.34,1.2,18.2,74.6
2026-05-13 01:04:25,HBD,Clear,0.52,6.21,1.3,32.0,80.9
2026-04-30 14:38:54,HBD,Clear,0.59,5.41,0.3,34.6,70.4
2026-03-22 14:53:14,HBD,Clear,0.42,6.43,0.8,33.5,85.5
2026-06-07 08:10:54,HBD,Clear,0.29,7.76,0.0,15.8,60.0
2026-01-31 10:45:22,HBD,Clear,0.24,8.36,0.6,20.1,20.3
2026-02-05 20:43:41,HBD,Cloudy,0.06,10.28,0.2,25.9,46.8
2026-02-16 18:06:39,HBD,Clear,0.36,6.49,0.4,31.3,65.4
2026-06-03 17:12:38,HBD,Clear,0.15,7.87,1.5,14.3,48.6
2026-05-16 09:09:56,HBD,Cloudy,0.17,8.66,1.1,18.9,47.2
2026-04-22 15:43:00,HBD,Cloudy,0.41,6.19,1.1,32.6,87.7
2026-03-04 10:31:41,HBD,Cloudy,0.07,9.82,0.2,17.9,31.5
2026-03-14 19:52:07,HBD,Cloudy,0.12,8.31,1.0,20.0,62.2
2026-04-28 02:44:40,HBD,Clear,0.13,8.23,0.5,12.9,59.6
2026-04-02 21:31:14,HBD,Rain,0.25,6.24,9.4,27.8,82.9
2026-03-22 13:37:10,HBD,Cloudy,0.23,8.31,1.4,22.1,56.7
2026-03-15 23:22:49,HBD,Clear,0.31,7.26,1.1,35.2,70.6
2026-03-31 09:50:56,HBD,Clear,0.2,7.96,0.6,22.6,70.6
2026-06-15 02:48:38,HBD,Cloudy,0.47,6.26,0.8,21.4,85.8
2026-06-15 10:56:46,HBD,Clear,0.13,8.25,1.1,3.7,83.3
2026-03-20 02:09:28,HBD,Clear,0.26,7.92,1.5,2.8,72.0
2026-05-22 01:15:11,HBD,Clear,0.41,5.96,1.1,22.5,61.8
2026-03-25 01:21:56,HBD,Rain,0.23,6.99,4.2,23.6,79.7
2026-01-13 03:00:40,HBD,Clear,0.24,7.86,1.5,30.5,59.7
2026-03-15 09:56:54,HBD,Clear,0.51,5.45,0.9,33.2,82.4
2026-06-04 03:07:15,HBD,Clear,0.06,9.1,0.6,20.9,58.1
2026-01-11 01:24:56,HBD,Clear,0.46,5.67,0.1,34.7,35.0
2026-04-03 03:26:35,HBD,Clear,0.29,7.71,1.0,14.8,60.1
2026-06-12 21:53:02,HBD,Clear,0.38,6.95,0.1,25.4,72.7
2026-02-02 23:53:03,HBD,Clear,0.06,9.38,0.9,16.5,72.2
2026-05-22 12:24:09,HBD,Clear,0.39,6.59,0.3,41.6,50.7
2026-05-15 13:54:11,HBD,Clear,0.52,5.82,1.0,15.8,81.0
2026-05-25 08:43:04,HBD,Clear,0.43,6.27,0.8,16.7,62.7
2026-06-10 17:09:03,HBD,Clear,0.61,4.52,1.0,10.8,66.0
2026-06-09 20:42:04,HBD,Clear,0.81,2.57,0.3,20.9,64.3
2026-01-10 16:52:26,HBD,Clear,0.09,9.33,1.2,22.2,72.4
2026-03-29 15:16:56,HBD,Cloudy,0.11,8.88,0.6,28.0,71.0
2026-04-23 02:33:48,HBD,Rain,0.3,5.9,3.9,23.6,60.7
2026-06-19 14:22:41,HBD,Cloudy,0.28,7.92,0.8,20.2,35.8
2026-01-09 12:04:47,HBD,Clear,0.39,6.65,0.1,26.9,67.1
2026-01-16 21:21:21,HBD,Clear,0.08,9.12,1.0,40.3,51.0
2026-05-07 03:53:13,HBD,Fog,0.94,2.66,0.6,10.6,82.4
2026-02-03 14:22:23,HBD,Clear,0.31,7.28,1.1,33.4,33.1
2026-04-26 04:30:34,HBD,Clear,0.42,6.51,1.1,27.0,55.5
2026-05-02 18:26:34,HBD,Clear,0.25,7.82,1.1,23.7,48.3
2026-02-13 23:35:42,HBD,Cloudy,0.15,8.69,1.2,29.4,72.4
2026-02-11 22:47:09,HBD,Fog,0.43,6.34,0.1,36.9,99.5
2026-01-14 01:13:20,HBD,Clear,0.27,8.01,1.0,37.1,49.7
2026-04-11 13:24:47,HBD,Clear,0.07,9.58,0.4,30.5,65.2
2026-04-22 09:59:56,HBD,Clear,0.59,5.61,1.3,28.9,71.3
2026-03-28 14:03:23,HBD,Rain,0.41,5.75,2.1,31.1,69.6
2026-03-20 10:15:47,HBD,Clear,0.27,8.18,1.3,9.7,65.0
2026-04-16 00:57:47,HBD,Clear,0.26,7.05,0.9,22.6,94.0
2026-06-19 05:25:42,HBD,Clear,0.49,6.07,0.3,30.6,60.7
2026-03-08 09:31:49,HBD,Clear,0.26,7.86,0.7,29.9,53.7
2026-01-19 04:04:08,HBD,Clear,0.09,9.79,0.4,28.7,66.2
2026-01-13 15:39:35,HBD,Clear,0.06,8.71,1.4,29.2,32.7
2026-05-15 16:48:54,HBD,Fog,0.7,3.79,0.9,22.9,48.5
2026-01-10 16:18:22,HBD,Clear,0.21,8.02,0.5,15.4,39.4
2026-04-04 13:22:38,HBD,Clear,0.15,9.62,1.2,23.2,48.8
2026-01-09 22:47:16,HBD,Rain,0.22,6.96,4.4,27.9,70.4
2026-04-06 14:51:14,HBD,Fog,0.68,4.79,1.4,15.8,78.4
2026-03-06 02:06:42,HBD,Fog,1.0,2.05,1.4,22.5,83.8
2026-05-03 09:40:39,HBD,Clear,0.21,8.05,1.2,26.7,63.9
2026-05-10 06:42:58,HBD,Clear,0.19,8.11,0.7,6.1,40.0
2026-03-08 18:38:09,HBD,Clear,0.32,6.75,0.1,22.1,75.9
2026-04-07 11:37:27,HBD,Clear,0.09,9.78,0.3,21.4,69.0
2026-03-16 19:27:47,HBD,Clear,0.06,10.06,0.9,25.6,59.9
2026-06-16 11:23:53,HBD,Clear,0.64,4.4,1.1,20.2,68.0
2026-03-12 22:46:04,HBD,Clear,0.36,6.95,1.0,19.1,70.7
2026-01-10 11:25:08,HBD,Rain,0.35,5.84,0.9,23.0,38.9
2026-03-14 16:06:50,HBD,Clear,0.51,5.4,0.7,20.6,56.5
2026-05-02 05:57:34,HBD,Clear,0.49,5.39,0.1,13.5,54.5
2026-03-16 20:06:44,HBD,Cloudy,0.25,7.61,0.1,14.6,70.6
2026-01-11 01:11:36,HBD,Fog,0.47,6.03,0.5,30.2,79.8
2026-05-17 03:51:43,HBD,Clear,0.62,4.51,0.7,39.5,93.7
2026-01-23 00:10:38,HBD,Clear,0.29,7.26,0.4,29.8,60.6
2026-02-13 12:41:27,HBD,Clear,0.08,10.35,0.2,20.7,64.2
2026-04-26 05:54:21,HBD,Cloudy,0.05,9.69,0.4,23.1,71.3
2026-04-14 16:41:09,HBD,Cloudy,0.36,6.99,1.2,42.5,37.8
2026-06-12 14:32:56,HBD,Clear,0.17,8.6,0.2,26.2,49.6
2026-02-04 08:17:57,HBD,Clear,0.25,7.9,0.8,20.5,47.1
2026-02-17 12:28:34,HBD,Cloudy,0.13,8.88,0.7,17.0,75.9
2026-06-18 09:56:49,HBD,Clear,0.11,9.39,1.4,23.9,69.8
2026-02-14 05:55:47,HBD,Clear,0.23,8.5,0.5,18.9,20.0
2026-04-19 17:01:06,HBD,Clear,0.45,6.51,1.4,27.9,58.2
2026-04-12 12:57:23,HBD,Clear,0.32,8.68,0.4,25.0,53.4
2026-01-13 05:44:40,HBD,Clear,0.33,6.75,1.3,28.0,60.7
2026-05-31 07:12:53,HBD,Fog,0.8,2.78,0.8,25.6,73.9
2026-02-22 16:42:58,HBD,Rain,0.41,6.48,24.5,36.0,75.4
2026-06-13 16:42:56,HBD,Fog,0.7,3.69,0.1,16.7,59.8
2026-06-12 21:44:39,HBD,Clear,0.48,6.52,1.1,31.3,71.0
2026-04-01 03:16:49,HBD,Clear,0.25,7.42,1.4,6.7,60.1
2026-05-24 13:10:03,HBD,Clear,0.48,5.94,1.1,19.5,73.6
2026-06-16 22:15:51,HBD,Cloudy,0.17,7.83,1.5,29.6,93.2
2026-02-02 10:36:32,HBD,Cloudy,0.38,6.84,1.5,39.9,58.4
2026-03-20 18:01:33,HBD,Clear,0.14,8.76,0.2,21.4,77.1
2026-06-13 17:42:50,HBD,Clear,0.38,7.05,0.6,30.9,75.0
2026-03-09 12:05:49,HBD,Clear,0.24,8.06,0.2,19.0,89.7
2026-06-09 11:04:01,HBD,Clear,0.08,9.3,1.0,32.0,58.4
2026-03-18 14:46:46,HBD,Clear,0.22,8.47,0.9,29.8,33.1
2026-03-27 05:34:46,HBD,Cloudy,0.38,7.95,1.1,24.8,45.9
2026-06-21 09:45:59,HBD,Rain,0.35,4.76,22.1,29.7,57.0
2026-01-31 03:52:03,HBD,Clear,0.25,8.42,1.3,24.2,61.8
2026-03-04 05:07:24,HBD,Cloudy,0.34,7.42,1.3,28.2,91.3
2026-04-15 10:30:14,HBD,Rain,0.52,4.57,11.0,26.5,42.6
2026-01-15 12:14:07,HBD,Clear,0.19,8.43,1.3,25.7,100.0
2026-03-09 00:53:48,HBD,Clear,0.68,4.3,0.1,19.9,76.8
2026-06-24 23:46:22,HBD,Clear,0.16,8.76,0.7,36.1,59.5
2026-01-26 21:54:15,HBD,Cloudy,0.34,7.4,0.8,32.3,31.8
2026-05-31 08:54:46,HBD,Cloudy,0.12,8.97,1.4,26.0,91.3
2026-01-15 01:27:19,HBD,Clear,0.57,4.63,1.4,31.2,87.1
2026-05-22 08:20:39,HBD,Clear,0.45,6.31,0.1,17.1,67.6
2026-02-25 04:17:41,HBD,Clear,0.26,7.03,0.2,33.0,55.4
2026-02-02 11:05:04,HBD,Rain,0.17,7.11,3.6,42.0,57.9
2026-04-28 15:32:52,HBD,Cloudy,0.17,8.52,1.5,42.3,68.6
2026-02-07 03:17:45,HBD,Clear,0.21,8.65,1.5,26.9,86.2
2026-06-24 00:05:33,HBD,Clear,0.11,9.43,0.8,28.5,43.9
2026-03-24 17:59:57,HBD,Clear,0.31,6.59,0.0,23.6,56.8
2026-06-05 05:45:30,HBD,Cloudy,0.06,9.9,1.3,3.9,52.3
2026-03-30 02:24:23,HBD,Clear,0.52,5.36,1.0,27.5,50.2
2026-06-07 19:45:04,HBD,Clear,0.41,6.42,0.3,22.0,48.5
2026-02-24 18:01:35,HBD,Clear,0.62,4.76,0.3,15.5,67.2
2026-01-18 06:11:30,HBD,Clear,0.24,7.61,0.3,20.0,70.6
2026-04-02 14:31:37,HBD,Cloudy,0.19,7.83,0.4,15.3,82.0
2026-02-15 22:31:32,HBD,Clear,0.56,5.46,1.5,16.0,73.8
2026-02-28 11:49:45,HBD,Clear,0.5,5.71,0.4,19.7,64.5
2026-03-13 11:54:47,HBD,Fog,0.74,3.39,0.4,19.8,50.7
2026-05-24 23:55:53,HBD,Rain,0.3,6.54,8.5,27.7,86.9
2026-02-01 08:24:16,HBD,Clear,0.21,8.39,0.8,4.8,61.1
2026-02-10 06:17:41,HBD,Clear,0.21,7.92,1.4,25.2,78.7
2026-05-05 00:26:32,HBD,Clear,0.17,8.78,0.5,11.4,75.8
2026-05-28 00:05:34,HBD,Clear,0.11,8.85,1.4,18.9,38.5
2026-04-09 01:52:44,HBD,Clear,0.32,7.77,0.4,23.1,69.2
2026-06-20 07:03:01,HBD,Fog,0.65,3.71,1.0,25.3,59.8
2026-01-19 11:06:47,HBD,Clear,0.2,8.51,1.0,25.0,69.1
2026-05-04 17:08:46,HBD,Clear,0.15,9.06,0.8,32.2,34.9
2026-01-26 22:23:41,HBD,Rain,0.44,4.38,17.6,13.5,69.4
2026-03-01 15:17:29,HBD,Fog,0.45,7.07,0.4,13.2,59.3
2026-02-28 11:11:39,HBD,Rain,0.13,7.34,8.6,28.0,80.8
2026-06-15 03:31:58,HBD,Clear,0.5,6.15,1.4,35.7,82.3
2026-01-28 11:51:12,HBD,Clear,0.38,6.25,0.6,19.7,57.4
2026-06-25 17:19:29,HBD,Fog,0.65,4.37,0.9,37.6,48.6
2026-06-13 10:53:30,HBD,Clear,0.3,7.35,1.2,16.9,36.8
2026-06-18 23:56:15,HBD,Fog,0.73,3.54,1.1,17.6,68.1
2026-06-30 17:22:22,HBD,Cloudy,0.3,6.72,0.7,27.3,61.2
2026-01-03 15:54:46,HBD,Clear,0.07,9.64,0.9,30.1,87.5
2026-06-22 13:38:16,HBD,Fog,0.51,5.53,0.4,14.2,84.6
2026-01-05 19:15:41,HBD,Clear,0.45,6.07,0.5,12.8,73.1
2026-02-26 17:28:22,HBD,Cloudy,0.57,5.11,0.4,28.7,52.0
2026-06-14 13:48:59,HBD,Fog,0.55,5.08,1.3,10.1,38.5
2026-02-03 05:05:59,HBD,Cloudy,0.18,7.74,0.7,25.2,42.3
2026-06-18 09:14:36,HBD,Rain,0.59,3.33,12.3,23.6,79.2
2026-02-03 21:16:45,HBD,Clear,0.49,6.3,1.2,26.5,45.1
2026-06-20 19:12:13,HBD,Clear,0.04,9.35,0.6,18.8,73.7
2026-04-15 05:53:23,HBD,Clear,0.13,8.84,1.4,21.6,80.3
2026-03-14 14:04:00,HBD,Rain,0.11,8.98,11.0,17.8,53.4
2026-06-13 12:53:24,HBD,Rain,0.16,7.22,2.6,30.4,69.4
2026-06-14 19:44:09,HBD,Clear,0.19,8.12,0.4,30.9,100.0
2026-02-15 09:44:41,HBD,Cloudy,0.19,8.55,1.4,14.7,26.2
2026-03-01 02:47:09,HBD,Cloudy,0.13,9.13,1.3,22.4,68.3
2026-01-22 20:45:52,HBD,Clear,0.34,6.93,1.4,20.9,57.7
2026-04-05 06:12:49,HBD,Fog,0.53,5.51,0.3,28.7,91.7
2026-02-13 16:41:01,HBD,Cloudy,0.51,4.96,0.4,36.7,97.0
2026-05-26 01:05:29,HBD,Rain,0.34,6.33,9.3,35.5,60.7
2026-06-20 19:16:05,HBD,Clear,0.44,6.02,1.0,18.7,93.7
2026-04-23 04:15:49,HBD,Clear,0.06,8.76,1.0,14.6,56.6
2026-04-09 02:57:45,HBD,Clear,0.38,6.8,1.1,39.0,67.8
2026-06-09 20:35:37,HBD,Cloudy,0.33,7.83,1.2,42.7,68.9
2026-05-02 06:38:35,HBD,Clear,0.48,6.58,0.9,24.2,65.0
2026-06-30 00:41:08,HBD,Clear,0.38,6.13,1.4,19.7,70.7
2026-01-15 03:54:29,HBD,Clear,0.29,7.95,0.5,29.2,65.6
2026-02-23 23:05:49,HBD,Fog,0.78,3.63,1.3,23.2,88.9
2026-06-08 14:59:03,HBD,Rain,0.13,6.99,3.1,30.6,29.0
2026-04-08 04:21:24,HBD,Cloudy,0.08,8.44,0.9,23.8,53.3
2026-05-31 05:44:34,HBD,Rain,0.23,7.0,3.8,23.1,82.0
2026-04-03 12:03:12,HBD,Clear,0.53,5.83,0.6,19.4,67.0
2026-05-24 09:51:36,HBD,Cloudy,0.29,7.72,0.4,29.5,68.0
2026-01-15 19:14:15,HBD,Rain,0.08,8.71,15.4,23.6,62.5
2026-04-16 02:36:41,HBD,Cloudy,0.12,8.8,0.7,21.8,54.7
2026-05-31 23:20:41,HBD,Cloudy,0.14,9.37,1.2,14.1,41.2
2026-04-02 16:45:08,HBD,Clear,0.64,4.14,1.1,32.8,92.1
2026-04-10 12:39:48,HBD,Clear,0.35,6.82,1.3,19.1,21.3
2026-06-29 21:33:15,HBD,Clear,0.35,7.12,0.3,31.4,25.7
2026-05-20 09:31:52,HBD,Cloudy,0.06,9.13,0.8,28.0,73.5
2026-06-11 16:28:12,HBD,Clear,0.15,9.68,1.0,28.2,56.7
2026-02-03 03:12:51,HBD,Cloudy,0.09,8.74,1.0,21.2,45.3
2026-03-30 06:56:20,HBD,Fog,0.74,3.95,0.9,6.6,57.8
2026-06-08 07:03:22,HBD,Clear,0.23,8.1,0.5,21.6,61.9
2026-03-15 01:52:49,HBD,Clear,0.25,7.71,0.1,23.7,40.6
2026-03-01 01:13:17,HBD,Cloudy,0.22,8.77,0.3,20.9,61.8
2026-02-23 21:02:14,HBD,Rain,0.08,8.5,8.2,32.2,47.3
2026-04-11 20:24:40,HBD,Clear,0.32,7.79,0.4,3.9,60.8
2026-05-28 12:22:07,HBD,Cloudy,0.1,10.0,1.1,21.0,70.3
2026-04-07 12:32:49,HBD,Rain,0.54,4.45,0.6,39.6,58.5
2026-05-19 20:15:37,HBD,Clear,0.17,8.31,1.1,24.7,64.5
2026-05-14 05:08:17,HBD,Rain,0.41,5.36,1.3,31.8,50.6
2026-05-31 04:54:14,HBD,Clear,0.33,7.04,0.7,25.5,72.4
2026-06-10 08:47:08,HBD,Clear,0.31,6.61,0.8,17.4,44.9
2026-06-09 00:04:13,HBD,Cloudy,0.15,8.8,0.3,24.1,69.0
2026-04-29 14:21:22,HBD,Clear,0.1,8.6,0.0,23.9,45.6
2026-05-15 08:39:07,HBD,Clear,0.62,4.66,1.4,9.3,97.8
2026-04-20 02:46:01,HBD,Cloudy,0.43,7.11,1.2,26.3,89.9
2026-05-27 16:47:20,HBD,Clear,0.3,7.13,0.5,38.9,69.2
2026-02-20 12:04:41,HBD,Clear,0.25,7.32,1.0,16.8,91.7
2026-06-06 05:20:58,HBD,Clear,0.47,6.6,0.8,17.4,72.5
2026-01-11 11:42:57,HBD,Clear,0.44,5.98,0.5,28.2,79.5
2026-03-22 10:30:07,HBD,Clear,0.31,6.72,0.7,24.3,52.3
2026-05-29 00:31:16,HBD,Cloudy,0.14,8.89,1.0,28.1,49.3
2026-06-05 16:19:44,HBD,Clear,0.28,7.49,0.8,39.8,45.1
2026-02-15 02:33:27,HBD,Clear,0.57,5.56,1.4,30.7,76.1
2026-06-04 06:59:12,HBD,Clear,0.26,7.08,0.6,27.6,85.3
2026-06-11 10:31:06,HBD,Fog,0.39,5.72,1.0,20.2,71.3
2026-03-07 21:01:29,HBD,Cloudy,0.32,7.14,1.1,27.9,85.0
2026-05-19 07:27:36,HBD,Rain,0.13,7.52,3.3,19.4,93.5
2026-03-08 03:10:26,HBD,Cloudy,0.06,9.23,0.4,20.9,94.9
2026-03-22 02:18:27,HBD,Fog,0.76,3.28,0.5,20.1,87.5
2026-03-15 02:39:48,HBD,Cloudy,0.18,8.87,0.9,18.2,57.2
2026-06-24 13:20:50,HBD,Rain,0.11,7.58,9.4,15.2,78.3
2026-04-14 05:35:06,HBD,Clear,0.34,6.83,1.1,15.5,80.4
2026-06-21 01:17:17,HBD,Rain,0.48,4.57,7.5,16.6,92.5
2026-02-07 14:37:43,HBD,Fog,0.54,5.83,0.8,14.9,60.4
2026-05-04 18:12:18,HBD,Clear,0.47,6.17,0.1,19.6,81.2
2026-03-11 07:23:47,HBD,Clear,0.29,7.24,1.3,14.6,59.6
2026-03-19 09:21:24,HBD,Clear,0.24,8.38,0.4,24.9,46.2
2026-06-17 22:02:27,HBD,Rain,0.15,7.1,8.8,35.1,84.1
2026-05-10 03:17:40,HBD,Rain,0.16,8.15,8.1,20.4,63.0
2026-01-20 07:50:26,HBD,Clear,0.37,7.82,1.3,25.0,65.6
2026-05-28 04:50:27,HBD,Rain,0.58,3.13,15.7,27.0,39.6
2026-05-07 05:49:54,HBD,Cloudy,0.25,7.61,0.5,19.8,77.6
2026-05-02 14:02:40,HBD,Clear,0.49,5.81,1.1,35.8,82.3
2026-03-27 15:00:23,HBD,Clear,0.22,8.44,1.0,31.0,62.9
2026-05-31 00:27:53,HBD,Clear,0.31,7.55,0.6,23.4,64.9
2026-02-26 23:28:03,HBD,Clear,0.15,8.59,1.4,18.2,62.9
2026-03-18 15:13:28,HBD,Clear,0.2,7.71,0.2,26.5,41.8
2026-06-09 03:56:19,HBD,Clear,0.32,6.13,0.8,34.6,62.9
2026-01-04 21:11:13,HBD,Clear,0.26,7.35,0.6,23.5,65.8
2026-04-22 17:21:19,HBD,Clear,0.19,7.32,0.4,19.1,93.4
2026-05-16 05:04:13,HBD,Clear,0.19,8.7,1.5,12.5,75.5
2026-05-20 05:37:41,HBD,Clear,0.2,8.2,0.5,13.5,66.4
2026-02-27 10:44:13,HBD,Clear,0.1,9.4,0.2,21.1,51.0
2026-03-16 23:26:48,HBD,Rain,0.4,5.61,13.8,28.8,78.9
2026-04-08 09:27:18,HBD,Clear,0.29,7.45,0.2,21.8,80.2
2026-06-16 15:33:54,HBD,Rain,0.04,8.51,4.9,28.8,80.1
2026-03-29 20:56:17,HBD,Cloudy,0.07,9.91,0.9,14.1,54.6
2026-03-14 20:35:06,HBD,Clear,0.22,8.21,0.3,12.8,76.9
2026-04-13 02:02:13,HBD,Clear,0.27,8.02,0.2,32.4,45.8
2026-04-24 01:14:37,HBD,Clear,0.46,5.93,1.4,10.3,53.5
2026-01-27 12:13:42,HBD,Clear,0.16,7.84,1.4,23.8,32.8
2026-04-11 16:46:09,HBD,Clear,0.36,6.33,0.1,26.1,85.2
2026-01-03 04:56:53,HBD,Clear,0.36,6.81,0.6,10.6,84.0
2026-04-02 08:46:18,HBD,Rain,0.29,6.29,2.7,11.1,60.0
2026-06-26 21:24:46,HBD,Cloudy,0.11,9.1,1.1,23.6,65.9
2026-04-20 08:01:44,HBD,Cloudy,0.63,4.48,0.2,27.7,62.5
2026-02-26 11:57:50,HBD,Fog,0.74,4.13,0.4,26.0,71.0
2026-05-14 18:59:45,HBD,Clear,0.25,8.4,1.3,20.7,75.7
2026-02-03 22:27:26,HBD,Clear,0.31,7.0,1.1,27.6,73.9
2026-04-08 01:11:21,HBD,Clear,0.43,5.9,1.1,22.9,42.5
2026-05-05 07:49:08,HBD,Clear,0.51,5.23,0.8,20.6,48.2
2026-05-10 19:11:05,HBD,Clear,0.14,8.89,1.1,36.1,61.0
2026-03-06 20:38:41,HBD,Rain,0.38,6.48,23.7,19.1,72.2
2026-05-16 21:44:25,HBD,Clear,0.09,9.34,0.8,9.3,50.3
2026-01-18 15:50:20,HBD,Clear,0.1,9.04,0.8,16.7,54.1
2026-04-07 10:40:05,HBD,Rain,0.38,6.01,0.6,19.7,70.6
2026-04-23 03:48:46,HBD,Clear,0.11,9.31,1.3,15.5,37.7
2026-01-22 00:09:22,HBD,Cloudy,0.19,8.34,0.2,10.0,36.0
2026-03-25 21:15:11,HBD,Clear,0.41,5.97,0.2,31.4,55.5
2026-04-10 16:43:20,HBD,Fog,0.66,4.42,1.4,35.6,34.5
2026-04-23 09:17:00,HBD,Clear,0.05,8.85,1.4,25.3,87.2
2026-06-28 02:07:42,HBD,Clear,0.29,8.22,0.2,18.3,53.1
2026-01-13 00:24:38,HBD,Clear,0.33,7.79,0.9,21.8,71.5
2026-02-08 15:34:49,HBD,Clear,0.11,8.4,0.7,21.2,69.0
2026-01-17 17:37:39,HBD,Fog,0.67,4.05,0.8,13.3,72.2
2026-05-27 13:44:10,HBD,Clear,0.17,9.04,1.4,28.6,85.3
2026-04-18 18:06:59,HBD,Clear,0.69,4.75,0.7,16.8,89.8
2026-02-04 07:39:34,HBD,Cloudy,0.3,6.99,0.3,23.6,83.5
2026-03-27 19:02:19,HBD,Fog,0.4,6.85,0.6,22.5,68.0
2026-02-14 14:58:27,HBD,Clear,0.21,7.85,0.4,18.2,62.6
2026-04-26 07:57:17,HBD,Cloudy,0.29,6.92,0.9,19.6,73.3
2026-03-21 23:12:36,HBD,Fog,0.97,1.46,1.0,22.7,53.6
2026-04-23 01:26:07,HBD,Clear,0.58,5.58,0.3,14.6,88.4
2026-04-04 03:29:37,HBD,Clear,0.52,5.68,1.2,30.6,45.9
2026-03-19 17:58:38,HBD,Rain,0.52,4.53,4.2,20.8,20.0
2026-02-24 03:51:24,HBD,Clear,0.2,9.06,0.6,43.9,81.5
2026-03-14 01:06:38,HBD,Clear,0.16,9.06,0.2,27.9,46.8
2026-04-28 03:09:34,HBD,Clear,0.16,8.6,0.1,31.0,67.1
2026-01-17 18:33:07,HBD,Clear,0.1,9.03,1.3,13.1,79.2
2026-01-19 03:48:33,HBD,Clear,0.47,6.09,1.4,17.1,58.7
2026-06-12 16:04:57,HBD,Clear,0.29,7.52,1.3,13.5,58.0
2026-02-16 05:12:22,HBD,Clear,0.46,6.05,1.5,16.6,97.2
2026-04-10 05:02:53,HBD,Clear,0.2,8.87,0.1,21.9,78.8
2026-01-03 21:13:45,HBD,Rain,0.18,7.44,5.0,17.2,67.4
2026-02-02 13:59:29,HBD,Rain,0.33,6.62,14.1,34.8,59.1
2026-04-01 20:09:23,HBD,Rain,0.09,8.63,9.7,20.0,53.4
2026-01-11 21:13:56,HBD,Clear,0.22,8.5,0.7,22.3,56.9
2026-06-27 22:44:02,HBD,Rain,0.46,4.11,6.9,18.4,46.1
2026-03-13 22:48:33,HBD,Fog,0.43,6.31,0.4,15.5,57.8
2026-01-13 02:00:01,HBD,Clear,0.37,6.64,0.8,14.7,51.3
2026-06-26 02:35:28,HBD,Clear,0.35,6.58,0.6,22.1,83.9
2026-06-24 18:29:10,HBD,Clear,0.29,6.85,0.4,28.0,40.6
2026-04-25 15:43:01,HBD,Clear,0.27,7.75,0.7,11.1,61.2
2026-02-24 21:10:49,HBD,Fog,0.49,5.78,1.2,24.7,69.0
2026-06-26 05:16:55,HBD,Clear,0.71,3.76,0.0,30.2,95.7
2026-06-07 06:01:21,HBD,Clear,0.03,9.96,1.4,24.9,24.9
2026-05-12 10:31:11,HBD,Fog,0.46,6.72,1.0,15.1,76.0
2026-04-18 15:24:22,HBD,Cloudy,0.21,8.64,0.5,22.7,83.1
2026-04-08 05:04:49,HBD,Clear,0.22,8.29,1.0,32.5,64.4
2026-03-29 16:06:16,HBD,Clear,0.78,3.86,0.2,22.0,77.5
2026-06-21 00:27:57,HBD,Clear,0.21,8.14,0.8,19.7,66.7
2026-05-11 08:12:24,HBD,Fog,0.48,5.39,1.4,8.5,66.3
2026-05-10 08:19:30,HBD,Cloudy,0.37,6.49,1.2,30.2,59.0
2026-01-02 02:03:38,HBD,Cloudy,0.12,8.85,1.1,35.4,50.2
2026-02-13 22:37:36,HBD,Clear,0.38,7.81,0.8,14.6,35.0
2026-05-12 05:31:58,HBD,Clear,0.26,8.4,0.7,21.2,34.2
2026-04-30 02:12:25,HBD,Clear,0.24,9.3,1.0,31.1,70.4
2026-04-09 03:21:09,HBD,Clear,0.22,7.81,0.4,27.9,34.5
2026-03-14 12:17:40,HBD,Clear,0.18,8.19,0.3,30.3,55.5
2026-06-15 18:59:44,HBD,Clear,0.42,6.6,1.4,33.0,51.4
2026-01-04 08:08:33,HBD,Cloudy,0.17,8.29,0.5,37.2,100.0
2026-04-06 10:32:16,HBD,Rain,0.81,1.61,6.6,29.5,90.0
2026-04-15 23:09:18,HBD,Clear,0.49,5.24,1.4,31.8,54.5
2026-01-29 07:45:49,HBD,Cloudy,0.51,5.6,1.3,23.7,66.9
2026-05-22 15:39:01,HBD,Cloudy,0.35,7.14,0.7,29.5,78.9
2026-04-14 09:29:45,HBD,Clear,0.09,9.26,0.5,28.0,44.5
2026-03-06 18:25:43,HBD,Clear,0.71,3.27,1.1,26.7,91.2
2026-02-18 14:39:32,HBD,Rain,0.18,7.52,9.4,31.3,72.8
2026-02-27 18:08:47,HBD,Clear,0.13,9.42,0.9,23.4,35.2
2026-06-27 05:24:11,HBD,Cloudy,0.28,7.67,0.1,27.4,53.0
2026-06-12 10:06:26,HBD,Clear,0.37,6.94,0.5,27.7,74.9
2026-04-06 03:41:16,HBD,Clear,0.05,9.7,1.4,18.8,61.2
2026-05-09 17:24:16,HBD,Clear,0.33,7.29,0.5,33.3,73.8
2026-06-21 01:20:22,HBD,Clear,0.35,7.64,0.1,19.1,66.7
2026-02-07 06:06:50,HBD,Fog,0.55,4.84,0.6,26.4,49.0
2026-06-06 03:02:50,HBD,Clear,0.36,7.53,1.0,30.8,49.9
2026-01-25 13:27:48,HBD,Clear,0.28,8.81,0.2,21.8,63.8
2026-01-29 03:29:23,HBD,Clear,0.5,6.14,0.5,22.5,78.0
2026-05-01 20:31:29,HBD,Fog,0.46,6.02,0.6,30.2,69.9
2026-01-21 21:51:23,HBD,Clear,0.42,7.31,0.3,11.7,75.6
2026-01-24 09:00:09,HBD,Clear,0.27,7.99,1.2,26.8,81.2
2026-06-03 12:23:11,HBD,Clear,0.18,7.99,0.6,22.1,88.4
2026-05-29 06:19:39,HBD,Clear,0.42,7.08,1.1,31.4,79.7
2026-04-06 05:06:45,HBD,Rain,0.29,5.85,12.5,28.9,74.0
2026-04-10 18:36:07,HBD,Clear,0.12,9.21,1.2,22.6,20.0
2026-05-29 04:09:11,HBD,Rain,0.37,5.08,7.8,27.3,57.2
2026-06-01 14:19:12,HBD,Cloudy,0.19,8.18,0.9,26.0,46.3
2026-02-14 09:19:04,HBD,Fog,0.72,4.37,1.2,44.9,66.1
2026-05-31 12:06:25,HBD,Clear,0.42,6.35,1.2,20.7,34.1
2026-06-24 07:08:13,HBD,Clear,0.39,7.37,0.1,28.8,96.2
2026-04-25 15:26:32,HBD,Cloudy,0.24,7.05,0.9,32.6,58.5
2026-01-18 15:09:35,HBD,Clear,0.47,5.93,0.7,39.2,47.8
2026-03-29 06:00:05,HBD,Clear,0.07,8.93,1.4,32.3,47.9
2026-06-16 12:24:25,HBD,Clear,0.25,7.86,0.7,20.7,49.3
2026-05-28 12:27:17,HBD,Rain,0.33,5.54,18.4,14.1,48.0
2026-03-30 23:47:29,HBD,Clear,0.53,6.06,1.0,25.2,96.3
2026-04-14 05:49:25,HBD,Cloudy,0.36,6.97,1.4,22.1,90.6
2026-05-14 08:01:21,HBD,Cloudy,0.49,5.41,1.0,24.5,73.3
2026-04-17 11:10:13,HBD,Clear,0.33,7.96,0.4,32.4,89.0
2026-04-11 10:38:53,HBD,Fog,0.47,5.75,0.0,30.2,74.3
2026-04-21 23:21:28,HBD,Fog,0.86,2.06,1.2,26.0,90.8
2026-02-12 16:29:49,HBD,Clear,0.19,8.91,1.0,27.0,50.6
2026-04-13 02:53:56,HBD,Clear,0.11,9.58,0.7,20.3,27.8
2026-06-22 23:26:57,HBD,Clear,0.22,7.77,0.9,37.6,36.2
2026-04-06 10:13:34,HBD,Cloudy,0.27,7.69,1.1,29.3,67.8
2026-03-06 04:27:01,HBD,Cloudy,0.27,7.9,1.4,23.7,32.7
2026-04-24 16:50:39,HBD,Rain,0.21,7.02,7.8,29.3,46.2
2026-02-08 00:22:51,HBD,Clear,0.41,6.53,1.3,20.0,50.9
2026-05-11 15:38:39,HBD,Clear,0.1,8.95,0.8,24.7,52.6
2026-03-03 12:14:58,HBD,Cloudy,0.33,6.05,0.8,16.5,73.1
2026-02-10 09:42:43,HBD,Clear,0.26,8.38,0.2,25.3,47.0
2026-04-04 05:08:33,HBD,Cloudy,0.32,7.3,0.9,26.8,100.0
2026-02-22 03:03:51,HBD,Clear,0.4,6.24,0.2,16.5,90.2
2026-01-10 19:21:18,HBD,Fog,0.48,4.73,0.7,18.9,85.8
2026-05-04 14:51:45,HBD,Clear,0.57,5.28,0.7,12.3,75.1
2026-06-21 06:02:07,HBD,Clear,0.27,8.84,0.6,33.1,88.1
2026-01-04 01:46:41,HBD,Fog,0.62,4.75,0.9,36.9,44.6
2026-05-25 12:18:34,HBD,Cloudy,0.26,7.94,0.9,23.4,57.9
2026-02-12 08:42:50,HBD,Clear,0.08,9.72,0.7,22.9,45.2
2026-04-23 22:15:47,HBD,Clear,0.1,8.76,0.8,33.2,100.0
2026-03-18 15:42:28,HBD,Rain,0.4,5.68,7.6,15.3,40.6
2026-04-20 19:06:34,HBD,Clear,0.14,7.59,0.1,22.1,86.9
2026-04-06 23:59:56,HBD,Clear,0.3,8.61,0.8,19.8,80.0
2026-02-01 11:24:27,HBD,Clear,0.26,7.11,0.5,27.0,67.9
2026-04-21 00:45:54,HBD,Clear,0.21,8.01,0.1,18.4,53.0
2026-06-08 18:10:32,HBD,Clear,0.22,7.93,1.0,43.8,41.7
2026-04-12 12:15:19,HBD,Clear,0.2,7.91,0.9,36.9,80.9
2026-03-20 20:17:05,HBD,Clear,0.13,8.15,1.4,26.5,56.1
2026-03-05 15:36:48,HBD,Clear,0.16,9.12,0.1,12.0,80.5
2026-05-08 08:40:24,HBD,Clear,0.26,8.03,1.0,18.1,54.2
2026-06-18 09:50:48,HBD,Clear,0.49,5.59,0.4,25.8,58.5
2026-06-24 08:02:45,HBD,Clear,0.34,8.02,0.3,16.1,78.3
2026-03-11 06:16:31,HBD,Fog,0.73,4.23,0.3,20.9,55.2
2026-05-16 23:06:18,HBD,Rain,0.19,7.41,4.9,13.8,79.2
2026-06-15 04:29:36,HBD,Cloudy,0.25,7.34,0.6,25.7,44.3
2026-04-11 11:22:09,HBD,Clear,0.55,5.75,1.4,39.9,75.0
2026-05-09 00:41:08,HBD,Clear,0.14,8.33,0.1,29.7,100.0
2026-01-02 13:59:58,HBD,Rain,0.59,4.08,5.6,26.1,88.3
2026-01-10 11:06:23,HBD,Clear,0.18,9.04,0.0,31.8,75.4
2026-05-26 08:42:40,HBD,Clear,0.38,7.26,1.3,23.0,77.7
2026-02-23 00:33:52,HBD,Clear,0.19,8.39,0.6,31.7,100.0
2026-04-04 12:38:12,HBD,Clear,0.06,8.8,0.7,25.5,60.3
2026-01-30 06:56:29,HBD,Clear,0.23,7.57,0.1,39.0,45.9
2026-04-04 21:04:46,HBD,Rain,0.12,7.14,14.4,17.0,60.8
2026-02-15 19:42:38,HBD,Clear,0.3,7.43,1.1,25.0,73.8
2026-06-30 19:22:15,HBD,Clear,0.15,8.22,1.4,24.4,58.1
2026-05-02 04:27:07,HBD,Clear,0.07,10.17,0.3,13.1,51.9
2026-03-04 02:52:37,HBD,Clear,0.22,8.43,0.1,17.2,72.2
2026-03-04 15:28:27,HBD,Clear,0.26,7.93,1.4,16.3,58.5
2026-05-29 11:30:29,HBD,Rain,0.16,8.14,9.8,20.8,80.5
2026-02-13 15:47:35,HBD,Clear,0.22,8.04,0.1,36.3,62.2
2026-05-21 09:42:00,HBD,Clear,0.41,6.88,0.3,28.1,63.2
2026-06-10 23:00:50,HBD,Cloudy,0.61,4.51,0.4,37.4,61.5
2026-04-05 21:54:18,HBD,Cloudy,0.12,8.49,0.4,42.2,37.0
2026-05-04 15:47:08,HBD,Rain,0.78,2.32,3.6,20.4,63.2
2026-03-17 06:59:13,HBD,Clear,0.4,7.3,0.2,27.6,100.0
2026-04-27 08:47:43,HBD,Clear,0.35,6.52,1.1,27.7,66.9
2026-04-10 21:37:47,HBD,Clear,0.22,7.86,1.1,30.2,85.1
2026-01-19 08:41:03,HBD,Clear,0.13,9.26,0.6,19.3,80.4
2026-03-16 05:33:42,HBD,Clear,0.22,8.93,1.0,29.6,89.9
2026-01-29 16:27:47,HBD,Rain,0.21,7.72,14.2,23.8,42.3
2026-04-18 18:08:35,HBD,Clear,0.66,4.58,0.6,25.2,70.2
2026-05-28 23:27:15,HBD,Cloudy,0.25,6.98,0.3,17.5,70.4
2026-01-30 11:44:51,HBD,Cloudy,0.29,7.88,0.5,18.8,92.2
2026-05-23 20:33:50,HBD,Clear,0.43,6.51,1.4,23.7,66.1
2026-05-28 05:46:06,HBD,Cloudy,0.24,8.2,0.4,29.2,63.7
2026-05-10 00:44:14,HBD,Cloudy,0.25,8.79,0.6,24.7,100.0
2026-04-22 15:39:51,HBD,Rain,0.27,6.64,5.6,34.0,74.4
2026-03-02 14:32:08,HBD,Clear,0.23,7.43,0.6,37.4,51.6
2026-01-16 08:12:16,HBD,Clear,0.23,8.18,0.2,25.2,50.4
2026-05-31 07:16:50,HBD,Cloudy,0.24,8.07,1.2,14.9,44.1
2026-06-07 14:56:28,HBD,Clear,0.31,7.46,0.8,24.3,97.8
2026-04-25 04:01:51,HBD,Fog,0.52,5.37,0.2,35.9,66.0
2026-03-24 18:13:09,HBD,Rain,0.16,7.54,4.0,15.3,71.8
2026-02-01 04:36:53,HBD,Fog,1.0,1.01,1.0,7.3,60.3
2026-04-26 21:54:57,HBD,Clear,0.18,7.84,0.4,15.8,52.8
2026-02-21 19:49:15,HBD,Clear,0.2,8.97,0.1,26.8,83.2
2026-05-01 13:40:31,HBD,Rain,0.36,5.58,10.2,10.3,87.7
2026-03-03 19:56:09,HBD,Cloudy,0.4,6.94,0.1,21.2,75.8
2026-05-11 07:53:48,HBD,Cloudy,0.3,8.02,1.5,31.5,60.4
2026-04-05 00:05:31,HBD,Cloudy,0.4,5.43,0.4,41.2,78.5
2026-05-22 17:43:39,HBD,Fog,0.53,5.81,0.8,21.9,52.7
2026-03-08 04:16:39,HBD,Rain,0.17,7.61,6.1,11.8,70.2
2026-04-12 10:03:56,HBD,Rain,0.1,9.04,20.3,28.9,67.2
2026-02-18 02:28:13,HBD,Cloudy,0.55,4.65,0.0,8.1,89.6
2026-01-09 09:55:57,HBD,Rain,0.42,4.85,6.4,29.7,62.0
2026-02-15 02:34:17,HBD,Clear,0.34,7.47,1.5,42.6,49.9
2026-04-09 01:43:33,HBD,Clear,0.19,9.4,0.4,26.9,60.5
2026-04-14 09:38:57,HBD,Clear,0.19,8.6,1.1,29.5,74.0
2026-06-03 18:49:01,HBD,Clear,0.52,5.45,1.1,17.1,86.8
2026-04-14 20:17:46,HBD,Clear,0.3,6.59,0.0,34.0,63.2
2026-05-15 07:07:10,HBD,Rain,0.21,6.85,6.3,28.5,53.0
2026-04-22 10:58:12,HBD,Clear,0.33,6.88,1.3,34.4,66.8
2026-04-24 01:22:24,HBD,Cloudy,0.44,6.07,1.1,30.4,95.3
2026-04-14 16:10:41,HBD,Clear,0.18,8.25,0.5,27.7,69.4
2026-02-20 19:46:25,HBD,Clear,0.04,9.97,1.2,30.3,77.4
2026-05-09 05:07:42,HBD,Cloudy,0.18,8.61,0.8,29.4,61.4
2026-03-02 15:19:09,HBD,Clear,0.19,8.0,0.2,11.7,93.9
2026-06-24 11:04:06,HBD,Cloudy,0.29,7.29,0.6,26.9,85.8
2026-04-15 18:43:20,HBD,Clear,0.46,6.41,1.5,27.1,92.7
2026-03-21 09:33:31,HBD,Clear,0.24,8.68,1.1,23.2,56.0
2026-04-16 15:14:38,HBD,Clear,0.24,7.56,0.2,20.4,71.0
2026-02-19 03:46:52,HBD,Fog,0.55,6.62,0.8,3.3,54.7
2026-03-07 21:03:54,HBD,Clear,0.45,6.16,0.9,33.8,47.1
2026-02-27 17:03:26,HBD,Cloudy,0.54,5.16,1.3,47.9,69.6
2026-05-13 15:08:00,HBD,Fog,1.0,1.81,0.9,38.0,100.0
2026-04-17 06:17:48,HBD,Clear,0.26,7.32,0.4,39.8,66.7
2026-02-04 08:12:30,HBD,Clear,0.45,5.56,1.4,35.6,75.7
2026-04-29 19:51:53,HBD,Clear,0.13,8.43,0.6,23.5,71.1
2026-03-28 19:43:41,HBD,Rain,0.29,6.44,6.2,22.1,49.7
2026-03-13 07:38:59,HBD,Clear,0.13,9.27,0.9,24.6,57.2
2026-05-23 16:04:52,HBD,Cloudy,0.52,5.58,0.5,22.7,56.8
2026-05-30 10:53:55,HBD,Clear,0.38,6.06,1.0,10.8,25.2
2026-04-09 07:29:45,HBD,Cloudy,0.29,7.61,1.3,21.5,51.3
2026-03-25 07:12:22,HBD,Rain,0.35,5.07,3.0,24.5,82.1
2026-01-25 01:19:16,HBD,Clear,0.38,6.88,0.2,27.2,67.8
2026-03-15 05:09:40,HBD,Clear,0.23,8.09,1.2,28.7,67.2
2026-06-29 03:42:34,HBD,Clear,0.31,7.0,0.1,28.2,86.8
2026-03-30 01:11:15,HBD,Clear,0.27,8.17,1.2,23.2,68.0
2026-05-30 04:47:29,HBD,Clear,0.32,7.57,0.3,19.5,84.2
2026-03-20 07:02:41,HBD,Clear,0.27,8.17,0.6,30.3,63.9
2026-02-11 12:13:04,HBD,Clear,0.35,6.64,0.5,20.8,71.8
2026-04-25 07:21:11,HBD,Clear,0.25,7.91,1.5,26.7,38.8
2026-03-10 01:35:47,HBD,Clear,0.04,9.5,0.4,20.6,98.4
2026-05-23 06:21:15,HBD,Cloudy,0.31,7.62,0.1,27.8,46.2
2026-05-01 14:02:54,HBD,Rain,0.11,7.81,2.2,16.7,91.2
2026-05-26 23:33:02,HBD,Clear,0.08,8.85,1.1,18.3,43.9
2026-01-01 08:28:18,HBD,Clear,0.25,8.23,1.5,27.9,58.8
2026-02-02 21:36:31,HBD,Clear,0.07,8.76,1.3,24.8,54.2
2026-02-27 22:02:50,HBD,Rain,0.33,5.92,18.8,10.1,38.5
2026-01-01 05:42:42,HBD,Clear,0.33,7.76,0.2,32.1,65.9
2026-03-25 04:00:44,HBD,Clear,0.59,4.97,0.1,33.7,83.2
2026-03-31 09:33:05,HBD,Clear,0.22,8.19,0.2,14.0,79.2
2026-03-09 03:52:16,HBD,Fog,0.58,5.71,1.0,17.4,59.0
2026-05-01 11:58:28,HBD,Rain,0.2,6.58,11.5,19.9,56.8
2026-04-09 21:04:52,HBD,Clear,0.42,6.15,1.3,13.1,83.9
2026-03-26 05:51:46,HBD,Cloudy,0.22,7.93,1.2,30.9,64.0
2026-02-17 12:38:12,HBD,Rain,0.28,5.94,6.0,10.5,97.0
2026-01-11 17:32:35,HBD,Clear,0.32,7.48,0.8,31.9,52.9
2026-04-29 01:10:59,HBD,Rain,0.21,6.66,7.1,14.9,58.4
2026-06-16 23:31:33,HBD,Cloudy,0.58,4.87,0.8,3.5,79.4
2026-05-22 16:08:27,HBD,Clear,0.32,7.43,0.6,16.6,93.1
2026-06-14 10:44:21,HBD,Clear,0.29,6.73,0.1,33.5,96.5
2026-01-10 23:28:01,HBD,Clear,0.34,6.66,0.9,14.9,41.6
2026-02-15 04:39:36,HBD,Cloudy,0.04,9.81,1.1,23.7,66.4
2026-04-01 23:07:24,HBD,Cloudy,0.29,8.3,1.2,33.1,85.3
2026-03-17 04:28:43,HBD,Clear,0.1,8.51,0.1,15.7,20.0
2026-04-20 05:43:46,HBD,Clear,0.18,8.5,0.6,16.6,76.3
2026-01-30 08:54:20,HBD,Cloudy,0.24,7.48,0.6,26.8,59.4
2026-04-11 08:05:10,HBD,Cloudy,0.22,8.41,0.1,18.5,64.5
2026-06-13 15:41:47,HBD,Clear,0.18,8.28,1.1,21.3,77.6
2026-03-21 12:45:50,HBD,Clear,0.18,9.07,1.0,18.0,65.7
2026-01-18 09:27:17,HBD,Fog,0.59,4.36,1.1,15.1,71.5
2026-02-26 10:52:20,HBD,Cloudy,0.41,6.21,0.4,22.2,58.4
2026-06-22 17:40:14,HBD,Clear,0.38,7.26,0.8,15.4,66.4
2026-06-28 23:37:15,HBD,Clear,0.08,9.29,1.3,24.4,33.1
2026-05-01 12:16:26,HBD,Rain,0.15,7.73,10.0,18.5,48.4
2026-01-19 14:56:28,HBD,Clear,0.18,8.65,0.6,30.8,51.8
2026-03-02 12:28:51,HBD,Cloudy,0.06,9.45,1.3,18.1,37.5
2026-03-25 00:23:33,HBD,Cloudy,0.2,8.24,1.2,28.6,43.5
2026-05-24 22:00:09,HBD,Cloudy,0.26,7.35,0.1,17.1,68.0
2026-01-20 17:15:34,HBD,Clear,0.31,6.68,0.7,26.4,72.5
2026-03-07 17:06:29,HBD,Clear,0.29,7.95,1.0,31.0,70.7
2026-06-14 23:15:22,HBD,Clear,0.29,7.3,0.0,19.0,47.0
2026-05-24 02:01:42,HBD,Clear,0.42,6.25,0.6,17.0,38.4
2026-02-24 13:11:04,HBD,Fog,0.91,1.88,0.8,20.7,47.8
2026-03-13 01:52:36,HBD,Cloudy,0.29,8.01,1.3,19.0,39.5
2026-02-14 04:23:29,HBD,Cloudy,0.42,5.46,0.1,20.8,53.2
2026-03-02 18:51:07,HBD,Clear,0.14,9.59,1.5,32.3,90.4
2026-06-16 20:30:25,HBD,Clear,0.04,10.45,0.4,33.2,84.4
2026-04-15 17:31:24,HBD,Cloudy,0.09,9.48,0.1,25.7,48.7
2026-05-29 21:22:43,HBD,Clear,0.12,9.55,0.9,22.2,42.5
2026-03-16 21:06:35,HBD,Clear,0.1,8.67,1.5,37.6,39.4
2026-06-01 01:15:42,HBD,Fog,0.93,2.06,0.0,22.1,100.0
2026-04-23 08:42:14,HBD,Clear,0.36,7.23,1.3,22.2,66.2
2026-02-06 15:15:10,HBD,Clear,0.25,8.01,1.2,26.5,62.9
2026-03-11 19:54:06,HBD,Clear,0.19,8.88,0.5,27.8,78.4
2026-06-23 21:28:37,HBD,Clear,0.33,7.66,0.7,18.8,52.7
2026-02-24 01:29:17,HBD,Clear,0.29,7.56,0.7,20.2,100.0
2026-01-24 04:49:51,HBD,Cloudy,0.47,6.06,1.5,10.6,95.0
2026-01-11 14:15:02,HBD,Cloudy,0.08,9.69,1.3,28.0,52.1
2026-06-16 02:54:22,HBD,Cloudy,0.45,5.96,1.4,22.0,67.8
2026-05-26 09:29:21,HBD,Clear,0.11,9.07,0.5,23.5,73.0
2026-06-18 00:55:29,HBD,Clear,0.07,9.35,1.3,27.6,43.0
2026-06-06 10:56:32,HBD,Clear,0.27,6.94,0.2,28.8,31.2
2026-04-04 01:30:11,HBD,Clear,0.49,5.22,0.9,30.5,66.9
2026-05-26 20:24:04,HBD,Clear,0.55,5.24,0.0,39.5,89.9
2026-04-13 18:53:55,HBD,Clear,0.38,6.93,0.0,20.3,82.7
2026-04-03 12:40:08,HBD,Cloudy,0.28,7.66,1.1,26.4,38.9
2026-01-11 09:34:13,HBD,Clear,0.34,5.74,0.0,38.1,67.5
2026-03-11 20:07:20,HBD,Cloudy,0.2,7.92,1.4,24.0,82.3
2026-06-21 03:45:19,HBD,Clear,0.47,6.34,1.4,22.3,81.0
2026-01-29 03:59:59,HBD,Fog,0.65,4.18,0.9,15.6,53.0
2026-01-03 07:52:41,HBD,Fog,0.58,4.66,1.1,31.6,66.1
2026-04-24 03:00:31,HBD,Clear,0.41,6.67,0.1,22.7,39.4
2026-01-26 17:22:03,HBD,Cloudy,0.5,5.47,1.0,23.1,92.9
2026-04-05 12:48:50,HBD,Clear,0.21,7.94,0.4,26.8,71.7
2026-03-02 08:39:31,HBD,Cloudy,0.41,6.42,0.9,22.2,57.7
2026-01-30 17:58:11,HBD,Rain,0.24,7.12,6.2,20.1,55.9
2026-04-11 23:58:34,HBD,Cloudy,0.22,7.83,0.0,32.0,46.3
2026-06-19 08:32:39,HBD,Rain,0.42,4.23,9.0,35.3,21.2
2026-03-12 01:42:57,HBD,Clear,0.1,9.08,1.3,30.8,78.8
2026-03-21 20:17:00,HBD,Cloudy,0.28,7.98,0.4,9.5,47.4
2026-05-02 04:19:09,HBD,Clear,0.11,8.89,1.1,31.1,65.9
2026-06-21 23:04:27,HBD,Fog,0.46,5.98,0.2,13.9,77.4
2026-06-30 11:03:56,HBD,Cloudy,0.37,6.35,0.7,25.9,43.1
2026-04-06 12:44:41,HBD,Clear,0.12,8.75,1.3,30.4,78.9
2026-02-21 10:08:18,HBD,Cloudy,0.33,7.4,0.6,37.8,86.3
2026-02-28 20:34:24,HBD,Fog,0.61,5.22,0.4,23.8,71.5
2026-05-04 12:58:25,HBD,Clear,0.49,5.59,1.4,32.8,48.3
2026-05-13 13:06:06,HBD,Clear,0.33,7.04,0.3,31.0,65.1
2026-04-03 20:09:06,HBD,Clear,0.36,5.89,0.8,31.0,74.4
2026-04-08 01:43:46,HBD,Cloudy,0.22,7.51,1.2,23.7,22.9
2026-05-22 00:17:08,HBD,Cloudy,0.31,7.3,1.2,43.3,86.7
2026-03-11 17:47:35,HBD,Fog,0.45,5.79,1.0,18.1,61.1
2026-03-05 11:47:13,HBD,Clear,0.13,8.8,0.7,29.6,100.0
2026-01-07 04:05:25,HBD,Clear,0.25,7.55,1.4,26.3,82.4
2026-05-19 15:52:12,HBD,Clear,0.21,8.08,1.4,13.7,85.3
2026-02-23 20:33:24,HBD,Clear,0.59,4.82,1.1,29.8,35.0
2026-02-02 12:30:25,HBD,Clear,0.12,8.87,0.1,37.0,81.0
2026-01-26 15:37:35,HBD,Clear,0.5,6.39,0.4,26.1,67.9
2026-04-18 14:39:15,HBD,Clear,0.14,9.14,1.3,34.0,43.5
2026-03-23 01:29:56,HBD,Rain,0.09,7.15,9.5,37.4,31.5
2026-05-16 18:22:08,HBD,Clear,0.31,6.98,0.3,38.2,39.6
2026-03-09 01:00:09,HBD,Cloudy,0.69,3.65,0.7,28.1,51.6
2026-02-12 00:23:57,HBD,Clear,0.18,8.44,0.8,39.8,73.1
2026-01-19 19:24:02,HBD,Fog,0.44,6.38,0.7,11.5,79.8
2026-03-04 14:47:17,HBD,Clear,0.09,9.25,1.1,35.6,81.8
2026-01-14 13:31:12,HBD,Rain,0.02,7.83,8.1,25.8,84.2
2026-02-09 10:06:11,HBD,Clear,0.26,8.12,1.5,32.5,71.4
2026-01-12 11:37:16,HBD,Clear,0.21,8.22,0.3,38.5,57.0
2026-05-17 02:31:56,HBD,Clear,0.3,7.75,0.9,35.4,55.8
2026-05-28 17:37:46,HBD,Clear,0.18,8.22,0.3,35.5,59.3
2026-06-30 05:06:12,HBD,Clear,0.19,8.77,1.1,18.2,63.1
2026-03-22 13:51:05,HBD,Clear,0.29,7.09,0.6,25.8,49.7
2026-04-16 16:46:41,HBD,Clear,0.38,7.56,0.9,17.7,67.7
2026-06-29 22:02:15,HBD,Clear,0.38,6.38,1.2,23.9,84.7
2026-02-24 04:49:18,HBD,Fog,0.56,4.75,0.3,22.8,54.1
2026-03-28 19:58:58,HBD,Fog,0.49,5.29,1.2,15.3,63.1
2026-05-05 11:47:12,HBD,Cloudy,0.39,6.93,0.7,32.0,60.5
2026-03-07 07:25:54,HBD,Clear,0.48,4.93,0.2,24.0,78.2
2026-01-20 18:52:56,HBD,Clear,0.37,6.14,0.5,13.3,60.3
2026-03-20 23:32:33,HBD,Cloudy,0.37,6.45,1.3,11.2,39.7
2026-03-08 09:51:54,HBD,Clear,0.23,7.49,1.1,29.7,75.0
2026-06-20 13:57:36,HBD,Clear,0.56,5.18,1.5,14.2,86.1
2026-06-06 17:25:23,HBD,Clear,0.26,8.14,0.1,27.7,65.9
2026-06-13 23:25:25,HBD,Clear,0.44,5.9,1.0,5.0,58.4
2026-06-27 23:04:47,HBD,Rain,0.27,6.34,11.4,15.7,65.8
2026-01-13 11:33:03,HBD,Clear,0.06,9.82,1.1,30.0,75.6
2026-03-16 22:54:11,HBD,Cloudy,0.26,8.05,1.3,33.9,49.1
2026-02-01 15:22:56,HBD,Clear,0.72,3.52,0.9,26.3,61.8
2026-02-05 01:19:03,HBD,Fog,0.96,2.06,0.5,31.6,100.0
2026-02-23 04:21:38,HBD,Clear,0.53,5.93,0.7,14.2,67.0
2026-04-06 16:32:49,HBD,Cloudy,0.45,6.59,0.5,27.0,73.6
2026-06-04 18:30:48,HBD,Clear,0.08,9.17,0.5,26.5,39.0
2026-01-21 12:46:13,HBD,Clear,0.04,9.8,1.0,30.6,80.2
2026-06-18 11:49:05,HBD,Cloudy,0.4,7.08,1.0,22.0,85.0
2026-06-28 12:53:01,HBD,Cloudy,0.66,4.81,1.0,27.8,56.5
2026-01-02 16:11:17,HBD,Clear,0.44,5.64,0.7,14.5,96.2
2026-04-18 18:05:34,HBD,Fog,0.81,2.81,0.1,17.6,64.7
2026-04-06 02:08:18,HBD,Clear,0.17,8.32,1.3,8.3,33.8
2026-01-31 13:06:37,HBD,Fog,0.45,5.34,0.8,25.4,83.6
2026-04-05 07:54:02,HBD,Clear,0.32,7.25,0.3,22.0,49.3
2026-02-14 09:05:22,HBD,Rain,0.2,6.74,5.3,22.3,57.7
2026-03-17 00:12:19,HBD,Cloudy,0.22,7.49,1.1,11.1,64.4
2026-01-21 04:12:21,HBD,Clear,0.3,6.63,0.1,27.6,47.8
2026-02-13 23:26:53,HBD,Clear,0.37,6.63,1.4,27.4,67.9
2026-06-04 12:15:28,HBD,Clear,0.12,9.52,0.3,17.7,28.2
2026-06-24 18:52:19,HBD,Clear,0.63,3.98,0.7,37.9,75.1
2026-05-10 19:05:52,HBD,Cloudy,0.21,8.34,0.5,34.5,33.0
2026-02-06 14:31:15,HBD,Clear,0.26,8.09,0.5,18.1,40.5
2026-01-10 08:23:25,HBD,Cloudy,0.17,8.48,0.9,-5.9,62.6
2026-03-27 19:36:32,HBD,Clear,0.17,8.13,1.5,21.3,69.6
2026-04-27 08:43:33,HBD,Rain,0.08,7.78,7.9,13.6,21.5
2026-03-15 11:55:45,HBD,Clear,0.39,6.49,0.1,10.3,85.1
2026-05-16 04:17:33,HBD,Clear,0.14,9.51,0.1,27.6,69.1
2026-05-01 03:57:29,HBD,Fog,0.47,6.28,0.2,31.4,84.3
2026-02-26 21:43:24,HBD,Cloudy,0.12,8.28,0.4,16.7,74.1
2026-05-05 00:33:19,HBD,Cloudy,0.36,7.01,0.5,24.7,58.6
2026-06-07 23:37:27,HBD,Rain,0.28,6.63,6.3,25.2,96.2
2026-01-15 19:50:56,HBD,Clear,0.27,7.39,1.4,31.5,57.0
2026-06-14 20:11:50,HBD,Cloudy,0.1,8.65,0.3,14.6,74.6
2026-03-04 19:19:41,HBD,Clear,0.23,8.24,0.8,35.6,82.8
2026-06-25 06:48:53,HBD,Rain,0.19,7.33,11.3,13.6,56.3
2026-05-31 14:53:11,HBD,Fog,0.91,2.38,0.6,33.0,47.5
2026-02-13 14:10:25,HBD,Rain,0.06,8.58,16.8,21.4,80.0
2026-03-28 23:26:56,HBD,Clear,0.2,8.25,0.5,5.5,58.7
2026-05-27 21:56:39,HBD,Clear,0.63,5.17,0.4,29.8,56.3
2026-04-03 14:25:09,HBD,Cloudy,0.09,9.69,1.1,28.1,62.0
2026-06-05 00:01:09,HBD,Clear,0.59,4.62,1.0,16.9,70.9
2026-05-22 09:04:48,HBD,Clear,0.22,8.68,1.0,23.9,68.5
2026-05-09 00:10:24,HBD,Clear,0.28,8.01,1.5,29.7,72.2
2026-04-08 10:01:36,HBD,Clear,0.33,7.17,0.7,5.8,62.3
2026-06-10 11:21:54,HBD,Clear,0.13,8.25,0.3,28.9,57.3
2026-02-18 17:04:16,HBD,Clear,0.33,6.91,0.8,16.4,43.8
2026-02-22 09:14:42,HBD,Clear,0.1,8.76,0.7,22.0,100.0
2026-02-21 19:19:33,HBD,Fog,0.59,4.8,1.1,23.3,74.8
2026-02-07 17:11:10,HBD,Rain,0.29,6.08,7.2,15.8,57.6
2026-03-22 20:01:36,HBD,Clear,0.13,9.32,1.0,26.5,60.6
2026-05-09 08:02:34,HBD,Rain,0.43,5.37,3.0,23.0,55.3
2026-06-30 18:21:23,HBD,Fog,0.75,3.48,1.4,29.1,79.0
2026-05-01 10:05:50,HBD,Clear,0.18,8.94,0.5,25.8,66.7
2026-05-28 19:12:01,HBD,Clear,0.41,6.53,0.1,26.3,90.5
2026-06-03 08:09:53,HBD,Clear,0.26,7.54,1.2,22.5,68.7
2026-06-29 23:39:22,HBD,Fog,0.52,5.12,0.2,22.1,92.7
2026-01-18 07:30:22,HBD,Clear,0.41,6.7,1.4,17.7,45.6
2026-02-17 11:21:30,HBD,Clear,0.49,5.39,1.4,24.8,60.0
2026-02-14 23:09:56,HBD,Cloudy,0.29,7.93,0.9,39.9,82.0
2026-02-19 21:27:50,HBD,Clear,0.25,6.81,1.2,18.4,64.1
2026-04-06 19:29:09,HBD,Clear,0.1,9.48,0.5,23.6,57.6
2026-01-01 13:56:38,HBD,Clear,0.19,8.44,1.3,29.7,72.0
2026-04-06 10:26:16,HBD,Fog,0.9,2.65,0.4,43.0,73.2
2026-06-18 11:42:20,HBD,Cloudy,0.3,7.28,1.3,14.9,60.3
2026-01-19 16:28:16,HBD,Clear,0.35,6.79,1.1,12.2,55.2
2026-05-18 10:49:45,HBD,Clear,0.23,8.6,1.1,25.4,69.0
2026-01-23 21:47:11,HBD,Clear,0.15,8.39,1.1,25.9,50.4
2026-06-20 21:31:51,HBD,Clear,0.3,8.57,1.3,14.9,56.7
2026-02-07 10:17:40,HBD,Cloudy,0.15,8.16,1.2,28.0,73.3
2026-02-16 19:47:23,HBD,Fog,0.65,4.01,0.8,23.7,40.4
2026-02-16 11:53:21,HBD,Clear,0.26,7.23,1.2,37.1,72.7
2026-03-01 19:41:14,HBD,Rain,0.14,8.04,13.2,44.7,88.9
2026-05-18 21:36:08,HBD,Cloudy,0.43,5.63,1.4,23.5,64.7
2026-06-12 16:38:02,HBD,Clear,0.33,7.54,1.4,26.2,56.3
2026-04-18 02:34:36,HBD,Clear,0.28,7.21,1.2,14.9,75.2
2026-04-16 23:57:24,HBD,Clear,0.24,8.01,1.1,32.1,76.6
2026-05-19 20:19:57,HBD,Fog,1.0,0.7,1.1,32.0,66.6
2026-03-27 09:56:48,HBD,Fog,0.87,2.86,1.5,23.7,85.8
2026-05-20 05:06:18,HBD,Clear,0.67,3.83,0.9,31.6,54.7
2026-04-03 22:36:32,HBD,Clear,0.07,9.53,1.2,21.4,68.5
2026-01-20 15:27:38,HBD,Cloudy,0.29,7.52,0.0,22.5,85.6
2026-02-08 09:22:31,HBD,Clear,0.15,8.46,0.6,16.7,70.9
2026-04-27 22:54:18,HBD,Clear,0.27,8.45,1.2,17.7,100.0
2026-06-19 11:42:06,HBD,Fog,0.7,3.06,0.4,17.9,66.6
2026-03-28 21:13:16,HBD,Fog,0.63,4.37,0.3,24.0,94.4
2026-04-22 02:14:24,HBD,Clear,0.37,7.4,0.5,30.3,57.2
2026-01-12 22:07:32,HBD,Clear,0.17,8.66,1.1,9.3,53.8
2026-02-09 08:40:57,HBD,Rain,0.22,7.2,6.0,9.0,85.7
2026-03-05 06:46:29,HBD,Fog,0.54,5.04,0.9,23.4,72.6
2026-02-03 08:25:17,HBD,Clear,0.15,8.87,0.8,16.9,46.3
2026-03-12 16:23:04,HBD,Clear,0.4,6.45,0.6,24.7,92.4
2026-06-03 07:29:55,HBD,Cloudy,0.44,6.44,0.2,26.6,61.8
2026-05-12 17:28:26,HBD,Clear,0.26,7.97,0.1,24.0,50.0
2026-01-29 18:30:15,HBD,Clear,0.23,8.01,0.1,23.3,48.6
2026-05-03 23:21:10,HBD,Clear,0.45,6.4,0.3,12.5,46.7
2026-03-24 21:00:33,HBD,Clear,0.23,8.01,0.3,16.0,31.5
2026-06-11 01:38:34,HBD,Clear,0.22,7.98,1.0,22.2,45.0
2026-01-27 17:00:19,HBD,Cloudy,0.1,9.33,0.7,16.7,60.7
2026-04-09 21:15:57,HBD,Clear,0.14,8.52,1.4,30.1,51.5
2026-05-24 12:08:15,HBD,Clear,0.19,8.71,1.3,26.3,35.0
2026-04-22 08:44:26,HBD,Clear,0.32,7.4,0.4,30.8,71.3
2026-04-30 00:46:54,HBD,Clear,0.3,7.41,0.7,26.5,48.6
2026-03-21 02:00:29,HBD,Rain,0.45,5.34,15.7,20.0,54.7
2026-05-21 02:47:45,HBD,Clear,0.19,8.02,1.1,26.5,57.2
2026-04-02 14:52:36,HBD,Clear,0.5,5.58,1.5,25.4,68.7
2026-06-09 18:14:18,HBD,Clear,0.26,8.28,1.2,21.8,52.6
2026-04-18 07:30:15,HBD,Clear,0.49,5.05,0.1,18.1,100.0
2026-02-02 18:09:14,HBD,Clear,0.3,7.99,1.3,19.1,91.8
2026-02-01 01:31:13,HBD,Cloudy,0.72,4.09,1.3,27.0,99.1
2026-02-16 00:42:32,HBD,Rain,0.15,7.36,23.2,34.2,61.0
2026-02-19 16:40:00,HBD,Clear,0.43,6.87,0.8,13.1,44.5
2026-05-11 09:06:42,HBD,Clear,0.58,4.05,1.4,13.6,56.2
2026-06-27 09:43:05,HBD,Clear,0.13,9.28,0.4,18.4,60.8
2026-06-22 17:39:57,HBD,Cloudy,0.41,6.07,0.5,28.6,41.9
2026-03-11 11:23:32,HBD,Clear,0.3,6.94,1.3,20.7,68.1
2026-06-22 12:52:51,HBD,Fog,0.77,2.57,1.3,21.8,77.1
2026-03-17 00:58:42,HBD,Cloudy,0.23,7.76,0.4,22.0,60.8
2026-03-10 23:06:33,HBD,Clear,0.14,8.19,0.7,28.4,47.5
2026-02-25 09:06:08,HBD,Fog,0.65,5.02,0.7,7.4,78.7
2026-02-03 01:39:34,HBD,Clear,0.35,6.72,1.0,24.2,100.0
2026-05-02 16:56:36,HBD,Clear,0.3,7.23,0.8,14.8,77.1
2026-01-20 07:06:23,HBD,Cloudy,0.13,9.0,0.7,19.0,76.9
2026-06-28 10:13:30,HBD,Clear,0.39,5.87,1.1,23.7,69.2
2026-03-03 05:56:21,HBD,Cloudy,0.41,6.7,0.8,29.0,72.2
2026-05-16 18:09:03,HBD,Cloudy,0.19,8.4,0.2,23.1,38.3
2026-04-15 04:52:37,HBD,Clear,0.48,5.58,0.1,20.9,58.4
2026-01-23 21:23:59,HBD,Clear,0.21,8.35,0.2,7.7,44.5
2026-05-27 05:23:50,HBD,Clear,0.04,10.38,0.4,30.4,81.0
2026-05-02 16:09:21,HBD,Clear,0.38,6.23,1.5,20.3,55.8
2026-02-07 10:05:36,HBD,Cloudy,0.49,5.66,1.2,29.4,26.6
2026-02-27 10:28:53,HBD,Clear,0.1,8.87,1.0,22.0,57.9
2026-03-04 17:09:36,HBD,Rain,0.41,5.0,3.2,29.3,56.1
2026-06-25 22:41:23,HBD,Clear,0.15,8.33,0.9,24.7,99.8
2026-01-19 03:53:29,HBD,Cloudy,0.15,8.08,1.2,25.3,55.1
2026-03-12 16:26:48,HBD,Rain,0.31,5.83,24.3,29.0,65.5
2026-03-10 07:37:01,HBD,Rain,0.24,7.44,12.8,27.3,80.6
2026-06-14 19:47:44,HBD,Rain,0.22,7.33,6.1,9.1,85.5
2026-05-13 15:24:56,HBD,Cloudy,0.36,7.02,0.1,29.7,75.0
2026-04-05 19:14:07,HBD,Cloudy,0.37,5.92,0.2,18.2,98.2
2026-06-22 07:22:33,HBD,Cloudy,0.32,6.87,0.2,8.0,70.5
2026-03-11 04:53:50,HBD,Clear,0.42,6.89,0.4,41.7,59.5
2026-01-09 03:07:23,HBD,Cloudy,0.39,5.62,0.1,16.6,84.7
2026-02-09 21:49:30,HBD,Clear,0.15,9.35,1.3,35.8,69.8
2026-06-03 10:40:46,HBD,Clear,0.5,5.74,0.3,11.9,63.9
2026-01-23 07:37:33,HBD,Clear,0.11,9.28,1.3,21.4,80.6
2026-05-17 06:27:37,HBD,Fog,0.69,4.8,0.0,26.4,72.6
2026-06-02 23:40:37,HBD,Clear,0.44,5.6,1.2,14.1,67.7
2026-04-11 08:47:55,HBD,Clear,0.11,8.88,1.0,30.0,67.1
2026-01-27 05:44:25,HBD,Clear,0.57,5.75,1.4,16.9,74.1
2026-03-20 02:55:33,HBD,Fog,0.56,5.35,1.0,7.3,67.6
2026-05-16 16:50:37,HBD,Clear,0.45,5.6,0.4,36.0,85.3
2026-01-13 01:02:08,HBD,Clear,0.26,8.19,1.1,41.5,45.7
2026-03-05 13:26:24,HBD,Clear,0.34,6.8,0.6,26.8,73.6
2026-04-10 22:19:22,HBD,Clear,0.06,10.14,1.3,19.3,80.2
2026-03-10 21:59:21,HBD,Clear,0.17,8.86,0.7,32.9,78.1
2026-01-09 11:45:48,HBD,Cloudy,0.19,8.81,0.0,15.7,42.2
2026-01-21 06:53:46,HBD,Rain,0.27,6.6,13.4,20.8,60.7
2026-04-29 17:16:03,HBD,Clear,0.46,5.89,1.2,28.7,88.9
2026-03-22 11:50:37,HBD,Clear,0.23,7.83,0.5,22.5,50.4
2026-04-12 19:41:16,HBD,Rain,0.2,6.59,6.9,14.2,87.0
2026-04-16 22:59:04,HBD,Rain,0.32,6.64,2.1,11.4,63.3
2026-05-17 08:54:40,HBD,Clear,0.52,5.36,0.6,15.3,46.0
2026-01-05 17:38:56,HBD,Clear,0.27,7.04,1.3,30.0,84.0
2026-03-05 19:03:16,HBD,Clear,0.2,8.56,0.6,28.0,56.7
2026-05-01 20:23:22,HBD,Fog,0.46,6.74,0.6,31.9,85.1
2026-01-30 00:40:37,HBD,Clear,0.31,7.38,1.3,21.1,48.8
2026-03-16 22:18:10,HBD,Cloudy,0.44,5.63,1.4,20.7,80.2
2026-04-25 09:19:26,HBD,Clear,0.5,5.77,1.1,18.7,83.6
2026-04-19 17:35:36,HBD,Fog,0.49,6.3,0.1,28.7,75.9
2026-06-11 12:35:46,HBD,Fog,0.67,3.43,0.5,23.7,82.8
2026-04-04 04:57:37,HBD,Fog,0.68,3.92,1.1,27.4,58.7
2026-06-15 22:42:21,HBD,Cloudy,0.54,5.25,0.7,30.1,53.7
2026-06-04 10:24:48,HBD,Rain,0.27,6.89,5.7,28.1,62.2
2026-02-26 01:32:01,HBD,Fog,0.44,6.27,1.4,32.6,61.5
2026-02-15 18:26:07,HBD,Clear,0.21,8.31,1.2,24.6,34.7
2026-01-22 09:17:55,HBD,Rain,0.24,6.26,15.0,25.1,68.8
2026-04-21 20:45:45,HBD,Rain,0.26,6.98,4.4,23.2,80.5
2026-05-10 06:07:53,HBD,Clear,0.13,9.6,0.1,19.8,45.9
2026-01-21 19:24:27,HBD,Cloudy,0.26,7.69,0.7,33.2,85.0
2026-06-11 19:49:23,HBD,Rain,0.34,6.04,22.2,22.7,46.7
2026-02-17 17:36:58,HBD,Clear,0.64,5.17,1.0,20.4,88.8
2026-03-14 11:28:33,HBD,Rain,0.45,4.63,15.3,21.5,75.3
2026-04-29 09:14:54,HBD,Rain,0.16,7.08,0.2,29.1,66.0
2026-04-18 05:16:49,HBD,Fog,0.41,6.14,0.2,5.0,64.8
2026-05-29 16:43:18,HBD,Rain,0.09,8.31,4.4,21.1,61.5
2026-04-11 04:29:45,HBD,Cloudy,0.31,7.36,1.4,23.5,58.9
2026-01-30 13:48:23,HBD,Clear,0.3,8.11,0.8,14.6,76.7
2026-01-18 18:20:25,HBD,Clear,0.33,7.11,0.7,13.7,72.4
2026-03-17 10:58:07,HBD,Clear,0.16,7.86,1.1,35.7,35.5
2026-05-03 18:06:31,HBD,Rain,0.55,4.15,6.8,17.9,65.3
2026-05-27 15:34:54,HBD,Cloudy,0.37,6.82,0.4,27.8,53.8
2026-05-03 13:37:26,HBD,Cloudy,0.45,5.31,0.3,20.3,66.0
2026-03-15 11:05:33,HBD,Fog,0.45,6.44,0.3,38.3,59.2
2026-03-20 06:42:08,HBD,Clear,0.28,7.64,0.5,30.5,53.2
2026-06-05 05:02:55,HBD,Rain,0.62,2.7,7.4,28.3,81.1
2026-05-03 01:17:12,HBD,Cloudy,0.34,7.21,0.6,26.9,54.6
2026-01-26 14:34:05,HBD,Cloudy,0.36,7.18,1.3,33.4,65.4
2026-04-10 14:22:03,HBD,Clear,0.37,6.5,0.2,19.9,62.5
2026-03-02 09:27:21,HBD,Clear,0.11,8.0,1.4,27.3,69.1
2026-03-06 09:48:31,HBD,Cloudy,0.17,8.87,0.7,18.9,63.6
2026-05-27 15:19:37,HBD,Clear,0.09,8.91,1.1,13.6,40.2
2026-06-29 01:43:16,HBD,Clear,0.07,9.32,0.6,27.4,78.2
2026-04-02 16:26:47,HBD,Rain,0.39,4.82,19.8,21.8,97.7
2026-05-21 23:47:47,HBD,Clear,0.13,9.13,0.5,27.5,65.1
2026-04-30 08:09:10,HBD,Fog,0.8,2.41,1.4,19.3,68.0
2026-03-19 03:26:06,HBD,Cloudy,0.16,8.3,0.4,21.0,84.1
2026-03-01 17:21:22,HBD,Rain,0.45,4.52,2.2,29.2,91.5
2026-06-19 05:55:23,HBD,Clear,0.04,9.23,0.2,38.0,54.2
2026-01-26 07:01:18,HBD,Cloudy,0.24,7.94,0.2,23.6,77.7
2026-05-14 20:15:26,HBD,Rain,0.41,6.36,10.0,26.2,70.6
2026-05-09 10:25:14,HBD,Fog,0.97,1.48,0.7,30.1,61.7
2026-04-06 18:11:17,HBD,Clear,0.13,9.25,1.4,25.8,84.5
2026-06-10 23:48:26,HBD,Clear,0.16,8.74,1.4,28.8,49.3
2026-06-10 16:38:20,HBD,Fog,0.41,7.09,0.6,18.2,59.9
2026-06-30 15:44:12,HBD,Cloudy,0.4,7.51,0.4,33.0,70.5
2026-03-11 08:37:57,HBD,Clear,0.14,8.98,0.5,24.5,41.1
2026-02-22 11:17:36,HBD,Clear,0.4,7.41,1.1,25.9,97.8
2026-04-01 21:27:20,HBD,Cloudy,0.09,9.59,0.3,14.8,68.8
2026-05-10 03:26:10,HBD,Clear,0.62,4.58,1.1,16.7,99.6
2026-02-27 03:44:00,HBD,Rain,0.46,3.87,7.2,26.0,84.7
2026-06-15 21:05:29,HBD,Clear,0.13,8.83,0.5,21.8,80.7
2026-02-18 23:36:55,HBD,Cloudy,0.18,8.95,1.4,20.7,58.2
2026-05-15 15:57:19,HBD,Cloudy,0.08,8.91,0.5,22.2,87.3
2026-06-13 09:09:11,HBD,Clear,0.09,9.35,1.0,25.9,44.2
2026-06-02 23:19:30,HBD,Clear,0.07,10.1,1.0,9.6,66.4
2026-02-10 23:31:46,HBD,Clear,0.36,6.67,0.8,27.9,47.3
2026-04-05 02:11:25,HBD,Clear,0.68,4.07,1.0,28.2,78.8
2026-04-08 05:00:51,HBD,Clear,0.34,7.69,0.4,20.7,64.7
2026-06-20 23:07:48,HBD,Clear,0.4,6.95,1.2,35.9,100.0
2026-01-20 21:12:58,HBD,Clear,0.48,5.75,0.1,24.3,79.8
2026-02-15 19:43:19,HBD,Clear,0.47,6.32,1.0,16.3,86.5
2026-02-10 05:40:00,HBD,Clear,0.51,5.72,1.1,24.3,82.6
2026-04-12 00:56:10,HBD,Cloudy,0.15,8.26,0.1,33.6,76.2
2026-02-01 19:49:27,HBD,Clear,0.07,9.63,1.2,19.1,95.3
2026-05-14 15:21:02,HBD,Clear,0.43,6.79,0.4,8.0,50.9
2026-06-07 18:31:14,HBD,Clear,0.26,9.04,0.4,36.4,51.5
2026-03-31 07:58:30,HBD,Clear,0.08,9.4,0.4,33.4,70.4
2026-03-05 19:37:56,HBD,Cloudy,0.11,8.4,1.1,29.0,32.9
2026-05-11 00:22:23,HBD,Clear,0.34,6.49,0.2,26.6,46.8
2026-04-22 05:40:34,HBD,Clear,0.4,7.21,0.2,31.9,62.4
2026-05-07 07:44:55,HBD,Cloudy,0.09,9.51,0.9,19.6,54.1
2026-05-09 08:36:16,HBD,Clear,0.28,8.16,0.8,19.3,43.4
2026-03-18 23:44:22,HBD,Fog,0.84,3.12,1.3,33.4,100.0
2026-02-22 23:27:06,HBD,Cloudy,0.23,7.0,0.7,34.9,61.2
2026-03-30 12:17:29,HBD,Fog,0.92,2.65,1.3,44.6,82.6
2026-04-19 07:37:44,HBD,Clear,0.34,6.48,1.2,35.2,79.6
2026-05-19 23:57:07,HBD,Cloudy,0.14,8.69,1.2,38.5,73.3
2026-03-07 23:55:51,HBD,Rain,0.28,6.6,15.9,24.1,44.2
2026-02-13 15:51:42,HBD,Cloudy,0.41,6.33,0.8,21.7,68.9
2026-04-13 00:39:29,HBD,Cloudy,0.27,6.93,1.0,18.0,48.9
2026-01-11 05:58:19,HBD,Clear,0.44,6.03,0.6,26.0,58.2
2026-01-07 07:04:06,HBD,Clear,0.77,3.04,0.0,30.7,79.4
2026-06-04 20:14:31,HBD,Clear,0.32,7.0,1.0,17.5,57.9
2026-03-29 07:57:03,HBD,Clear,0.27,8.38,1.4,10.2,85.4
2026-02-08 04:10:21,HBD,Fog,0.45,6.72,0.3,16.6,33.3
2026-02-28 18:10:35,HBD,Cloudy,0.21,8.18,1.3,16.7,57.1
2026-03-30 16:24:46,HBD,Cloudy,0.2,8.51,1.0,5.9,79.6
2026-01-27 11:44:23,HBD,Clear,0.29,8.15,0.6,21.4,61.4
2026-03-28 01:15:13,HBD,Clear,0.09,8.59,1.0,35.1,20.0
2026-06-03 00:36:06,HBD,Clear,0.64,4.48,0.6,28.7,55.3
2026-04-11 22:07:24,HBD,Clear,0.52,6.07,0.2,18.5,81.6
2026-01-10 05:16:07,HBD,Fog,0.58,5.12,1.1,17.0,87.3
2026-05-20 20:44:53,HBD,Fog,0.79,3.29,1.1,17.6,78.5
2026-03-04 07:45:57,HBD,Rain,0.4,4.94,23.8,30.5,71.6
2026-06-16 15:41:45,HBD,Clear,0.51,5.62,0.5,24.2,100.0
2026-06-20 16:06:57,HBD,Rain,0.13,7.61,5.7,22.3,64.0
2026-04-16 14:03:57,HBD,Clear,0.32,7.82,0.0,21.3,79.3
2026-06-14 23:40:23,HBD,Clear,0.37,7.45,1.5,22.2,86.9
2026-04-14 05:08:45,HBD,Clear,0.12,8.42,0.9,21.6,75.4
2026-05-10 20:42:58,HBD,Clear,0.04,10.45,1.4,23.7,51.1
2026-05-01 17:24:03,HBD,Clear,0.61,4.32,0.5,15.6,52.7
2026-02-09 12:38:09,HBD,Clear,0.53,5.69,1.4,25.6,58.4
2026-02-08 22:47:00,HBD,Cloudy,0.24,7.87,0.9,19.6,98.1
2026-02-06 11:32:58,HBD,Clear,0.43,5.95,0.0,41.5,60.5
2026-05-09 03:06:04,HBD,Clear,0.04,8.87,0.2,10.6,84.3
2026-01-31 17:30:50,HBD,Clear,0.28,8.58,1.1,7.0,68.9
2026-04-28 00:30:02,HBD,Clear,0.34,8.07,1.4,29.4,75.1
2026-04-11 12:46:25,HBD,Clear,0.22,7.26,1.3,29.7,79.7
2026-04-20 19:05:55,HBD,Cloudy,0.45,5.66,0.6,23.0,65.4
2026-01-23 00:11:38,HBD,Clear,0.55,5.0,0.0,25.2,91.0
2026-01-25 11:36:02,HBD,Clear,0.14,8.78,0.7,17.4,86.3
2026-03-05 20:56:07,HBD,Clear,0.3,8.03,0.9,28.6,51.8
2026-01-13 13:15:08,HBD,Clear,0.18,8.05,0.0,26.9,71.7
2026-05-09 11:46:35,HBD,Clear,0.15,8.71,0.9,23.1,54.0
2026-02-20 18:29:23,HBD,Clear,0.41,6.3,1.2,31.1,77.8
2026-04-11 11:04:53,HBD,Rain,0.39,6.13,13.7,24.1,86.4
2026-06-26 23:52:42,HBD,Clear,0.12,8.91,0.5,9.4,76.1
2026-06-06 21:11:02,HBD,Clear,0.53,5.19,1.0,12.5,86.6
2026-02-05 12:51:19,HBD,Clear,0.5,5.13,0.4,29.9,64.4
2026-01-18 12:19:40,HBD,Rain,0.23,6.31,2.6,14.7,46.2
2026-06-05 09:35:43,HBD,Clear,0.27,7.48,0.7,22.9,93.4
2026-04-16 12:48:20,HBD,Clear,0.32,6.83,0.9,31.7,58.4
2026-06-27 08:28:48,HBD,Clear,0.3,7.61,0.2,27.9,65.5
2026-02-25 14:24:47,HBD,Cloudy,0.3,7.29,0.6,28.0,76.2
2026-02-19 21:53:20,HBD,Cloudy,0.6,4.91,0.5,15.5,64.7
2026-05-02 02:32:16,HBD,Rain,0.19,7.54,14.5,30.1,42.3
2026-03-05 20:34:10,HBD,Fog,0.69,3.87,1.3,22.9,44.4
2026-03-24 23:22:45,HBD,Clear,0.27,7.69,1.0,9.5,81.8
2026-03-28 16:36:41,HBD,Clear,0.62,4.93,0.8,27.9,65.2
2026-02-08 02:56:30,HBD,Clear,0.03,9.3,0.3,18.3,86.6
2026-03-17 05:56:59,HBD,Clear,0.57,4.82,0.0,22.2,58.2
2026-01-23 14:15:58,HBD,Clear,0.17,8.29,1.3,28.5,80.3
2026-02-11 03:18:22,HBD,Clear,0.32,6.81,0.4,26.3,50.7
2026-01-04 14:41:41,HBD,Clear,0.11,9.83,0.9,21.9,82.5
2026-03-14 19:44:16,HBD,Clear,0.42,6.21,0.4,20.7,89.6
2026-03-26 04:24:51,HBD,Clear,0.17,9.17,0.8,43.6,43.8
2026-05-24 00:26:05,HBD,Cloudy,0.41,6.32,0.4,23.3,65.0
2026-02-14 15:48:20,HBD,Rain,0.25,6.6,16.1,15.9,74.7
2026-05-26 22:10:39,HBD,Clear,0.1,9.6,1.2,28.8,20.0
2026-02-26 14:13:23,HBD,Clear,0.39,6.54,0.6,23.4,84.7
2026-01-19 07:57:30,HBD,Fog,0.82,3.32,0.9,16.5,53.6
2026-02-24 23:48:06,HBD,Cloudy,0.14,9.13,1.0,20.1,60.2
2026-03-29 13:57:14,HBD,Clear,0.19,8.85,1.1,25.2,34.8
2026-05-03 22:54:25,HBD,Clear,0.54,5.77,1.4,33.2,93.1
2026-05-02 21:35:21,HBD,Clear,0.25,7.39,1.2,23.5,20.0
2026-01-26 12:04:10,HBD,Cloudy,0.1,9.4,0.7,24.5,77.6
2026-03-27 08:15:06,HBD,Clear,0.22,8.57,1.0,26.6,79.9
2026-06-24 00:18:55,HBD,Cloudy,0.07,10.6,0.8,28.3,55.9
2026-04-03 06:06:09,HBD,Clear,0.08,9.54,0.9,28.6,43.9
2026-03-19 00:52:08,HBD,Fog,0.42,5.8,1.2,18.5,39.2
2026-03-12 06:59:47,HBD,Rain,0.16,7.45,9.0,38.0,73.3
2026-01-23 02:14:54,HBD,Clear,0.28,7.72,0.5,27.2,53.7
2026-02-19 19:59:58,HBD,Clear,0.16,8.2,1.0,20.5,73.3
2026-02-02 10:44:08,HBD,Clear,0.36,6.89,1.1,15.8,91.0
2026-01-27 05:21:35,HBD,Clear,0.4,6.68,0.3,22.6,74.8
2026-01-13 15:39:14,HBD,Clear,0.44,6.07,1.3,40.8,97.2
2026-06-22 04:23:05,HBD,Clear,0.35,7.59,0.9,21.9,63.1
2026-05-28 03:01:21,HBD,Clear,0.49,5.19,0.9,34.8,79.6
2026-02-25 02:16:31,HBD,Rain,0.33,5.58,19.0,28.0,46.2
2026-03-17 12:46:26,HBD,Clear,0.3,7.49,1.0,27.6,55.3
2026-03-28 02:11:59,HBD,Fog,0.88,2.8,0.2,16.4,71.7
2026-04-21 22:54:45,HBD,Clear,0.26,8.55,1.2,16.5,53.8
2026-03-01 17:16:21,HBD,Fog,0.43,5.47,1.1,14.7,90.6
2026-03-02 23:25:02,HBD,Fog,0.87,2.38,1.2,28.7,62.7
2026-06-07 11:50:11,HBD,Cloudy,0.12,8.91,1.1,20.2,65.4
2026-02-15 15:47:55,HBD,Clear,0.2,8.08,0.2,23.0,70.2
2026-04-02 22:33:06,HBD,Rain,0.39,6.15,2.5,21.8,43.5
2026-05-14 11:03:23,HBD,Clear,0.27,7.38,1.4,25.2,44.8
2026-02-10 23:01:31,HBD,Clear,0.36,6.92,1.4,17.9,82.4
2026-03-29 11:08:48,HBD,Clear,0.43,5.8,0.2,28.7,83.0
2026-05-25 22:50:55,HBD,Rain,0.38,5.41,11.4,19.6,82.5
2026-01-02 11:35:20,HBD,Cloudy,0.14,8.94,0.7,26.2,48.1
2026-03-03 04:34:51,HBD,Clear,0.36,7.26,1.2,10.1,66.2
2026-01-06 11:09:51,HBD,Clear,0.14,9.21,0.2,18.0,44.2
2026-02-14 11:48:10,HBD,Clear,0.11,8.83,0.3,15.8,63.3
2026-06-04 09:05:42,HBD,Clear,0.1,9.19,0.8,22.5,48.2
2026-03-11 07:18:31,HBD,Cloudy,0.21,7.94,1.2,23.9,83.6
2026-03-16 23:41:14,HBD,Clear,0.52,5.17,0.6,16.7,40.8
2026-01-12 04:40:20,HBD,Clear,0.13,9.07,0.6,26.8,83.5
2026-05-16 02:43:28,HBD,Clear,0.4,6.1,0.6,11.5,93.6
2026-02-06 05:41:32,HBD,Clear,0.13,8.54,0.8,9.0,40.1
2026-06-15 16:08:35,HBD,Fog,0.56,6.05,0.9,34.7,38.1
2026-04-19 01:20:13,HBD,Clear,0.44,6.47,0.1,12.3,65.1
2026-01-19 21:03:41,HBD,Cloudy,0.37,8.02,1.3,17.0,49.1
2026-02-10 17:36:59,HBD,Clear,0.22,8.56,0.2,6.0,60.1
2026-01-10 01:18:25,HBD,Clear,0.49,5.98,0.6,33.9,55.9
2026-02-07 11:38:52,HBD,Clear,0.26,8.02,1.0,24.7,74.4
2026-01-06 08:11:52,HBD,Fog,0.65,5.28,0.3,28.4,61.4
2026-06-19 02:16:13,HBD,Clear,0.01,10.04,0.2,21.3,100.0
2026-02-21 04:24:54,HBD,Clear,0.15,8.9,0.1,23.4,51.5
2026-06-28 17:02:16,HBD,Clear,0.37,7.03,0.5,23.9,75.7
2026-05-21 10:03:07,HBD,Clear,0.3,7.58,1.0,45.5,96.5
2026-01-08 00:36:08,HBD,Clear,0.2,8.64,0.3,17.2,81.4
2026-04-29 12:06:36,HBD,Cloudy,0.18,8.75,1.1,23.6,74.1
2026-03-21 07:33:05,HBD,Clear,0.21,7.85,1.2,23.6,60.1
2026-04-05 21:46:17,HBD,Cloudy,0.24,7.75,0.2,10.9,51.3
2026-01-21 05:32:37,HBD,Clear,0.47,6.81,0.9,7.9,70.0
2026-02-24 23:41:43,HBD,Cloudy,0.47,6.03,1.3,24.1,80.4
2026-04-16 07:31:39,HBD,Rain,0.19,6.5,6.1,18.8,64.6
2026-01-27 07:13:40,HBD,Rain,0.2,6.98,9.0,25.5,20.0
2026-02-17 10:40:44,HBD,Fog,0.6,4.86,0.0,17.6,54.5
2026-04-28 08:03:19,HBD,Clear,0.12,9.59,0.8,17.4,34.8
2026-06-27 17:21:42,HBD,Clear,0.64,4.36,0.4,13.1,89.6
2026-06-25 22:21:08,HBD,Cloudy,0.41,6.34,1.5,20.9,69.7
2026-06-25 17:31:14,HBD,Clear,0.33,6.92,0.1,15.4,60.2
2026-06-06 20:15:41,HBD,Fog,0.47,6.78,0.6,9.4,20.0
2026-02-13 19:47:39,HBD,Rain,0.29,6.76,2.0,41.1,71.5
2026-02-22 22:20:16,HBD,Cloudy,0.16,8.83,1.2,24.5,82.5
2026-04-20 07:52:48,HBD,Clear,0.63,4.86,0.2,9.8,90.9
2026-01-28 03:50:40,HBD,Clear,0.27,7.95,1.4,22.3,51.5
2026-06-29 21:14:58,HBD,Clear,0.22,8.32,0.4,19.0,88.2
2026-02-02 01:34:22,HBD,Cloudy,0.46,6.6,0.4,17.9,73.9
2026-05-10 11:40:42,HBD,Clear,0.13,8.37,1.3,21.6,86.2
2026-03-07 06:26:16,HBD,Clear,0.32,6.79,0.9,18.0,61.7
2026-01-19 12:22:09,HBD,Cloudy,0.2,8.79,0.1,23.9,71.3
2026-04-26 12:03:49,HBD,Clear,0.15,9.05,1.0,11.3,63.8
2026-03-16 00:10:07,HBD,Cloudy,0.35,6.34,1.0,19.8,74.5
2026-05-26 08:41:52,HBD,Cloudy,0.1,10.07,0.4,37.7,50.7
2026-06-06 02:41:09,HBD,Clear,0.36,7.1,0.4,29.2,59.2
2026-03-04 18:34:36,HBD,Rain,0.23,6.8,7.9,31.8,53.3
2026-05-04 23:41:15,HBD,Rain,0.34,5.32,5.0,44.2,53.0
2026-01-01 15:48:07,HBD,Cloudy,0.43,6.33,1.5,44.2,68.0
2026-06-20 10:36:59,HBD,Cloudy,0.21,7.66,0.2,19.6,52.3
2026-05-19 21:18:35,HBD,Clear,0.54,5.92,1.0,28.0,49.7
2026-02-18 06:28:57,HBD,Cloudy,0.25,8.09,1.3,17.5,75.7
2026-05-18 14:15:10,HBD,Clear,0.15,8.63,0.9,26.8,56.4
2026-04-06 07:17:23,HBD,Cloudy,0.25,8.05,1.4,13.4,29.8
2026-05-29 13:27:14,HBD,Cloudy,0.29,8.45,0.9,26.2,69.5
2026-05-08 12:27:06,HBD,Cloudy,0.16,8.93,0.5,15.2,88.6
2026-05-11 04:52:20,HBD,Clear,0.29,6.3,0.7,30.0,79.0
2026-06-08 06:20:43,HBD,Clear,0.07,9.68,1.0,17.2,91.9
2026-04-02 14:21:29,HBD,Clear,0.41,6.45,1.3,21.1,99.3
2026-02-01 02:01:35,HBD,Cloudy,0.59,5.05,1.1,37.0,70.7
2026-01-10 08:05:29,HBD,Clear,0.48,5.87,0.9,21.7,69.5
2026-03-06 17:20:00,HBD,Clear,0.29,7.67,0.0,13.4,63.9
2026-05-24 18:07:32,HBD,Clear,0.12,9.38,0.3,24.7,57.2
2026-04-19 11:09:40,HBD,Clear,0.35,6.82,0.6,26.3,69.7
2026-04-19 05:16:59,HBD,Clear,0.09,9.2,0.7,26.9,100.0
2026-02-14 08:45:16,HBD,Clear,0.39,6.47,0.3,23.2,57.6
2026-02-05 00:47:37,HBD,Fog,0.84,3.13,0.8,17.3,80.1
2026-03-05 15:57:17,HBD,Clear,0.41,6.59,1.1,37.5,57.0
2026-02-20 20:22:25,HBD,Cloudy,0.47,5.72,0.7,31.4,100.0
2026-02-27 08:29:29,HBD,Clear,0.22,8.61,0.4,28.8,84.0
2026-03-13 20:37:18,HBD,Clear,0.05,9.23,1.1,30.4,43.4
2026-02-27 23:46:28,HBD,Clear,0.32,7.4,0.0,26.2,69.5
2026-06-24 02:43:24,HBD,Cloudy,0.25,7.11,0.7,16.9,66.4
2026-04-13 23:20:38,HBD,Clear,0.19,9.2,1.3,23.0,33.9
2026-04-08 11:47:09,HBD,Clear,0.1,9.23,0.5,29.8,71.1
2026-04-06 09:05:30,HBD,Clear,0.3,7.46,0.7,25.9,72.2
2026-03-07 05:12:55,HBD,Rain,0.13,8.17,6.1,22.7,77.5
2026-01-29 18:51:49,HBD,Clear,0.3,7.74,1.1,11.1,60.0
2026-03-03 23:32:45,HBD,Cloudy,0.28,8.01,0.8,18.2,75.5
2026-04-07 05:40:15,HBD,Cloudy,0.18,9.0,1.0,30.7,53.1
2026-02-17 11:34:23,HBD,Clear,0.3,7.51,1.4,30.4,53.0
2026-04-18 17:34:35,HBD,Cloudy,0.15,8.54,1.3,14.8,63.4
2026-05-30 15:53:25,HBD,Fog,0.58,6.15,1.4,21.8,97.6
2026-04-08 21:24:56,HBD,Clear,0.62,4.84,0.6,24.6,56.3
2026-05-29 10:10:16,HBD,Clear,0.06,10.41,0.5,19.7,29.6
2026-01-12 21:21:49,HBD,Cloudy,0.31,7.07,0.3,15.2,58.9
2026-01-13 02:43:11,HBD,Clear,0.09,9.45,1.0,25.1,44.9
2026-05-27 06:35:37,HBD,Fog,0.93,2.34,0.7,20.2,78.7
2026-02-18 11:22:46,HBD,Clear,0.17,9.61,0.9,22.1,41.1
2026-02-26 03:19:42,HBD,Fog,0.84,2.36,0.9,30.9,73.7
2026-03-18 20:19:03,HBD,Clear,0.6,4.94,0.1,2.3,77.2
2026-06-29 03:17:19,HBD,Rain,0.35,5.73,2.4,37.3,87.0
2026-01-15 23:44:44,HBD,Rain,0.2,6.57,10.4,19.0,81.3
2026-02-09 03:58:15,HBD,Cloudy,0.13,9.48,0.2,16.1,82.9
2026-01-08 05:34:47,HBD,Cloudy,0.07,9.01,0.2,22.7,49.9
2026-01-30 09:45:45,HBD,Clear,0.06,10.13,1.4,16.5,81.2
2026-03-20 11:45:55,HBD,Clear,0.07,9.53,0.2,29.7,60.5
2026-02-22 15:03:46,HBD,Clear,0.42,6.57,0.1,23.8,90.7
2026-03-20 20:08:16,HBD,Fog,0.85,3.2,0.8,29.9,76.6
2026-04-16 20:02:58,HBD,Clear,0.27,8.39,0.6,20.9,59.3
2026-06-12 21:52:03,HBD,Fog,1.0,1.95,0.5,28.4,31.6
2026-03-11 08:33:02,HBD,Clear,0.11,8.62,0.1,12.4,60.8
2026-01-27 07:19:08,HBD,Cloudy,0.24,7.78,0.3,22.0,54.3
2026-03-10 02:57:44,HBD,Clear,0.1,8.9,1.1,29.1,51.1
2026-04-07 15:10:41,HBD,Rain,0.27,6.28,8.4,25.0,48.1
2026-04-19 16:40:17,HBD,Cloudy,0.19,8.68,0.6,21.4,85.6
2026-04-17 04:58:03,HBD,Clear,0.21,8.19,1.4,30.2,41.9
2026-04-15 14:48:29,HBD,Cloudy,0.36,7.1,0.8,7.5,68.0
2026-01-21 01:30:12,HBD,Clear,0.05,10.08,0.8,37.7,64.9
2026-06-01 22:19:05,HBD,Cloudy,0.31,8.16,1.2,39.1,65.3
2026-05-25 16:09:49,HBD,Clear,0.15,8.62,1.2,13.2,74.2
2026-03-18 23:47:48,HBD,Clear,0.43,6.22,1.4,17.7,54.4
2026-06-21 15:38:50,HBD,Clear,0.11,9.01,0.0,23.9,56.5
2026-06-01 20:27:23,HBD,Rain,0.3,5.05,2.5,27.0,76.2
2026-05-09 01:27:13,HBD,Clear,0.49,6.09,0.5,28.2,46.8
2026-05-23 21:03:30,HBD,Cloudy,0.47,6.61,1.5,12.6,71.3
2026-04-30 14:23:51,HBD,Clear,0.5,5.79,0.1,14.5,66.5
2026-06-20 18:00:17,HBD,Rain,0.46,5.0,16.7,22.6,80.1
2026-05-08 15:07:24,HBD,Cloudy,0.19,7.81,0.1,19.0,50.2
2026-02-13 15:30:51,HBD,Clear,0.17,9.0,0.2,27.7,23.8
2026-05-24 19:57:16,HBD,Rain,0.3,6.07,4.6,31.4,58.3
2026-04-16 22:42:39,HBD,Clear,0.14,8.58,1.4,15.0,66.7
2026-04-20 09:56:16,HBD,Clear,0.45,6.48,0.5,17.3,62.4
2026-01-07 06:50:22,HBD,Cloudy,0.35,7.07,1.3,27.6,72.0
2026-03-12 02:55:24,HBD,Cloudy,0.58,5.17,0.2,21.4,71.6
2026-05-12 12:36:02,HBD,Fog,0.73,4.09,1.0,16.5,62.7
2026-05-01 06:35:22,HBD,Cloudy,0.53,5.75,0.0,35.9,61.0
2026-02-24 20:23:41,HBD,Rain,0.48,5.39,20.3,30.7,98.5
2026-01-16 10:42:46,HBD,Cloudy,0.17,9.63,0.6,16.2,61.1
2026-03-23 11:42:27,HBD,Cloudy,0.11,9.05,0.3,19.9,68.7
2026-03-15 12:48:30,HBD,Clear,0.23,8.38,1.4,26.3,81.0
2026-04-14 07:09:46,HBD,Clear,0.31,6.78,0.6,31.0,91.8
2026-06-26 01:57:11,HBD,Clear,0.23,7.61,0.1,30.9,27.3
2026-05-31 14:59:32,HBD,Clear,0.51,5.32,1.4,12.5,80.7
2026-03-03 19:53:47,HBD,Rain,0.4,5.68,5.5,23.4,88.0
2026-05-07 15:40:54,HBD,Rain,0.19,7.09,11.2,39.6,62.8
2026-01-25 19:49:21,HBD,Cloudy,0.54,6.04,1.4,21.4,87.0
2026-02-23 03:58:13,HBD,Cloudy,0.17,9.04,0.4,27.3,31.0
2026-01-18 05:58:14,HBD,Clear,0.17,8.58,0.1,17.9,39.7
2026-05-18 13:00:50,HBD,Clear,0.32,6.84,0.3,34.8,66.0
2026-02-11 02:03:44,HBD,Clear,0.47,5.28,0.0,20.7,47.1
2026-04-13 23:11:59,HBD,Fog,0.52,5.11,1.5,18.3,54.2
2026-06-25 00:05:44,HBD,Cloudy,0.4,7.12,0.4,36.3,79.2
2026-06-28 07:06:11,HBD,Fog,0.5,6.28,1.4,10.8,49.8
2026-06-16 03:35:32,HBD,Clear,0.25,8.21,0.5,17.3,48.4
2026-04-27 01:05:43,HBD,Clear,0.26,7.44,0.6,10.6,65.7
2026-01-02 14:02:40,HBD,Clear,0.26,7.55,0.6,29.1,79.2
2026-03-07 19:20:52,HBD,Clear,0.24,8.72,0.4,32.8,72.5
2026-05-30 19:13:21,HBD,Clear,0.46,5.86,0.4,17.1,65.5
2026-03-31 09:01:18,HBD,Clear,0.4,6.67,0.8,10.7,55.4
2026-05-19 12:50:10,HBD,Rain,0.22,6.87,7.7,27.0,69.4
2026-03-12 11:45:32,HBD,Clear,0.19,7.89,0.5,34.3,89.5
2026-04-16 01:17:16,HBD,Clear,0.43,6.43,0.9,24.3,62.3
2026-06-12 07:22:44,HBD,Rain,0.39,5.44,2.3,9.1,40.5
2026-01-21 16:19:22,HBD,Fog,0.51,5.48,0.5,39.5,43.3
2026-03-01 18:32:50,HBD,Rain,0.42,5.03,3.4,28.0,70.6
2026-05-14 07:22:20,HBD,Clear,0.21,7.93,0.0,23.0,52.4
2026-06-17 02:35:40,HBD,Clear,0.41,5.83,0.5,22.2,50.0
2026-06-22 18:18:35,HBD,Cloudy,0.33,7.29,0.5,19.8,49.9
2026-06-12 06:38:15,HBD,Rain,0.49,4.65,3.3,12.2,73.7
2026-06-30 05:34:13,HBD,Fog,0.72,4.24,1.0,9.5,51.8
2026-05-09 09:48:37,HBD,Rain,0.57,3.43,9.4,22.3,86.8
2026-06-12 22:25:48,HBD,Clear,0.26,8.63,0.1,34.4,88.3
2026-05-31 02:38:33,HBD,Clear,0.06,9.68,1.4,30.4,69.8
2026-03-25 19:12:29,HBD,Clear,0.49,6.11,0.7,26.2,69.0
2026-05-08 20:53:14,HBD,Clear,0.34,6.83,1.1,19.8,81.7
2026-03-28 22:06:17,HBD,Clear,0.56,5.87,1.2,15.8,59.6
2026-02-15 15:42:52,HBD,Clear,0.28,7.55,0.6,28.5,56.4
2026-04-15 19:07:24,HBD,Clear,0.19,8.34,0.6,21.5,65.8
2026-02-19 14:37:08,HBD,Clear,0.26,7.05,1.0,24.1,59.3
2026-06-21 14:15:38,HBD,Rain,0.1,7.13,6.0,6.0,51.1
2026-06-10 01:57:43,HBD,Clear,0.31,6.85,0.9,17.8,74.4
2026-02-25 22:00:54,HBD,Cloudy,0.11,9.25,1.3,13.6,40.4
2026-05-06 21:28:08,HBD,Clear,0.65,5.36,0.8,20.4,76.1
2026-05-18 21:46:44,HBD,Clear,0.22,7.98,1.5,31.8,62.9
2026-04-26 18:24:54,HBD,Clear,0.68,4.15,0.6,16.9,48.9
2026-03-29 22:57:27,HBD,Fog,1.0,1.45,1.0,14.5,60.1
2026-06-10 00:11:49,HBD,Clear,0.13,8.01,1.1,17.4,57.3
2026-03-29 14:09:44,HBD,Clear,0.35,7.46,0.2,12.9,55.7
2026-04-06 11:42:34,HBD,Clear,0.05,10.26,0.3,21.9,88.2
2026-02-06 08:31:52,HBD,Fog,0.89,3.25,1.1,9.1,64.0
2026-02-18 20:01:16,HBD,Clear,0.31,7.32,0.8,22.7,85.9
2026-02-07 16:45:43,HBD,Clear,0.54,5.52,0.4,9.8,71.5
2026-03-27 19:21:50,HBD,Cloudy,0.64,4.45,1.3,35.0,76.2
2026-03-18 01:03:42,HBD,Cloudy,0.26,8.84,0.7,13.1,91.8
2026-03-23 20:26:30,HBD,Clear,0.31,6.81,0.9,26.5,85.3
2026-02-07 04:01:53,HBD,Clear,0.17,7.74,0.4,19.5,54.5
2026-03-31 21:58:32,HBD,Clear,0.19,7.72,0.8,19.5,21.6
2026-04-15 04:36:23,HBD,Fog,0.75,2.7,0.9,34.7,85.4
2026-05-09 13:27:03,HBD,Cloudy,0.08,9.58,1.4,24.8,72.9
2026-06-03 17:38:04,HBD,Fog,0.89,2.56,0.1,24.8,72.8
2026-04-28 17:52:41,HBD,Clear,0.5,6.97,1.2,44.4,68.1
2026-02-04 04:24:24,HBD,Cloudy,0.22,8.31,1.0,15.9,53.0
2026-03-23 13:58:59,HBD,Clear,0.09,8.91,0.5,28.5,45.6
2026-06-12 03:24:01,HBD,Clear,0.48,6.71,0.6,23.5,38.1
2026-02-07 09:09:25,HBD,Clear,0.23,7.91,0.0,34.6,74.8
2026-03-19 01:08:14,HBD,Clear,0.3,7.52,0.2,23.7,45.7
2026-06-16 05:14:00,HBD,Clear,0.22,8.37,0.5,22.8,81.4
2026-03-01 21:50:21,HBD,Clear,0.58,4.8,0.5,22.0,100.0
2026-06-24 16:51:18,HBD,Cloudy,0.33,6.75,1.2,26.9,49.4
2026-06-24 06:28:25,HBD,Clear,0.27,7.26,0.5,29.3,66.6
2026-04-27 20:54:55,HBD,Clear,0.4,5.46,1.3,15.7,72.7
2026-01-07 23:23:56,HBD,Clear,0.47,6.97,0.8,25.9,52.7
2026-02-05 22:24:50,HBD,Fog,0.61,4.68,1.2,24.3,69.2
2026-05-22 06:02:06,HBD,Rain,0.17,7.82,5.4,20.2,53.0
2026-04-24 03:23:18,HBD,Clear,0.35,6.77,0.2,20.3,63.7
2026-03-15 20:37:13,HBD,Clear,0.21,8.43,0.7,18.8,61.2
2026-05-13 12:01:19,HBD,Clear,0.43,5.51,0.5,19.7,67.8
2026-01-04 16:12:36,HBD,Fog,0.58,5.52,0.5,10.3,100.0
2026-06-08 02:15:25,HBD,Clear,0.1,9.03,0.8,19.5,84.8
2026-05-17 14:03:19,HBD,Rain,0.32,5.32,3.0,45.2,72.8
2026-06-08 06:17:45,HBD,Fog,0.71,4.18,1.4,5.9,67.2
2026-02-24 11:06:56,HBD,Clear,0.25,7.24,1.3,24.5,62.9
2026-03-30 10:02:46,HBD,Clear,0.46,5.86,0.5,17.2,68.9
2026-03-21 13:18:54,HBD,Rain,0.31,6.09,12.9,26.7,72.6
2026-02-17 04:35:06,HBD,Cloudy,0.44,6.25,1.0,26.0,79.6
2026-03-11 10:29:00,HBD,Cloudy,0.47,5.71,0.5,25.9,57.2
2026-06-11 03:54:16,HBD,Cloudy,0.42,5.95,1.3,29.5,75.7
2026-03-20 13:22:26,HBD,Clear,0.26,9.02,1.2,22.1,65.9
2026-05-02 13:52:01,HBD,Fog,0.6,4.92,0.3,12.7,58.5
2026-01-11 04:11:32,HBD,Fog,0.8,3.9,1.0,32.3,80.3
2026-04-12 21:33:39,HBD,Clear,0.31,7.63,0.6,49.3,23.5
2026-01-06 22:41:23,HBD,Clear,0.11,9.45,1.0,29.1,73.3
2026-01-13 17:53:10,HBD,Cloudy,0.44,6.13,1.5,24.1,79.5
2026-06-04 11:30:31,HBD,Rain,0.21,6.8,14.9,27.7,49.0
2026-02-25 12:44:30,HBD,Cloudy,0.38,6.78,1.4,26.4,100.0
2026-06-08 07:53:37,HBD,Fog,0.82,3.11,1.4,32.4,100.0
2026-05-10 16:06:20,HBD,Clear,0.51,5.49,0.4,20.0,75.2
2026-01-23 20:23:39,HBD,Clear,0.17,8.74,0.6,8.2,44.5
2026-03-07 09:58:58,HBD,Clear,0.51,4.58,0.6,16.9,76.8
2026-04-10 05:52:06,HBD,Fog,1.0,1.88,1.3,20.1,67.1
2026-01-08 23:30:37,HBD,Clear,0.22,8.58,0.7,18.7,66.7
2026-01-27 05:22:37,HBD,Cloudy,0.05,9.62,0.9,29.4,36.7
2026-04-14 11:53:47,HBD,Fog,0.58,4.44,0.6,29.4,44.2
2026-03-27 23:16:36,HBD,Fog,0.89,2.23,0.2,31.2,83.9
2026-05-03 19:01:03,HBD,Cloudy,0.36,6.93,0.8,10.2,69.0
2026-05-17 21:29:05,HBD,Clear,0.05,9.87,1.5,15.2,20.0
2026-02-04 13:33:08,HBD,Rain,0.25,7.17,6.3,18.7,51.1
2026-05-02 12:55:10,HBD,Clear,0.04,10.35,0.0,39.8,75.4
2026-02-06 17:11:56,HBD,Rain,0.17,8.23,4.7,27.1,40.2
2026-04-03 23:20:10,HBD,Clear,0.48,6.47,1.1,20.2,84.0
2026-01-25 09:27:09,HBD,Clear,0.19,8.59,0.9,12.5,62.3
2026-02-27 06:52:22,HBD,Clear,0.24,7.59,0.9,17.9,69.1
2026-05-28 04:29:05,HBD,Clear,0.13,8.87,0.3,28.2,72.2
2026-06-29 09:15:17,HBD,Clear,0.5,5.8,1.0,26.2,62.6
2026-04-14 04:56:11,HBD,Clear,0.25,7.43,0.0,38.5,93.6
2026-05-14 06:29:21,HBD,Cloudy,0.22,7.1,1.4,25.6,33.4
2026-01-13 11:48:22,HBD,Clear,0.43,5.97,0.9,25.5,57.3
2026-06-19 01:36:40,HBD,Clear,0.11,9.13,0.6,16.6,95.8
2026-05-22 23:43:21,HBD,Fog,0.55,5.88,1.0,32.8,89.1
2026-04-05 17:02:44,HBD,Clear,0.13,9.28,1.3,17.2,44.3
2026-04-01 06:39:44,HBD,Clear,0.44,6.59,0.5,27.8,57.8
2026-01-08 02:23:54,HBD,Cloudy,0.13,9.67,0.6,23.3,39.3
2026-03-28 12:44:54,HBD,Clear,0.21,8.43,0.0,37.4,86.2
2026-03-23 00:04:18,HBD,Clear,0.14,8.55,1.4,32.2,70.6
2026-02-07 07:31:56,HBD,Clear,0.14,8.56,0.1,26.3,39.9
2026-06-23 21:41:59,HBD,Clear,0.52,5.29,1.1,24.9,76.0
2026-04-22 00:55:26,HBD,Clear,0.1,9.36,0.2,29.4,81.4
2026-06-06 14:56:16,HBD,Clear,0.41,6.43,0.1,19.7,81.2
2026-01-14 01:02:47,HBD,Clear,0.34,7.74,0.9,23.1,90.5
2026-01-25 03:37:30,HBD,Clear,0.22,7.79,1.2,39.9,56.3
2026-06-03 10:01:23,HBD,Clear,0.31,8.52,0.6,25.6,76.0
2026-04-22 18:17:14,HBD,Clear,0.26,8.08,0.1,31.2,64.1
2026-03-06 19:04:03,HBD,Clear,0.16,8.25,0.3,18.8,71.0
2026-05-25 13:42:54,HBD,Clear,0.17,7.91,1.3,36.2,72.2
2026-06-16 13:17:00,HBD,Cloudy,0.18,8.27,1.1,29.0,30.2
2026-03-28 08:20:37,HBD,Clear,0.14,8.0,0.1,21.3,38.9
2026-01-31 15:19:08,HBD,Clear,0.06,9.48,0.2,22.7,69.1
2026-02-18 10:41:14,HBD,Clear,0.57,5.59,0.8,20.0,80.3
2026-05-23 17:17:55,HBD,Rain,0.38,5.4,7.3,25.3,82.0
2026-03-27 10:17:23,HBD,Cloudy,0.13,9.07,1.3,30.9,73.8
2026-05-09 04:29:46,HBD,Clear,0.42,6.51,0.6,33.7,89.3
2026-06-24 21:58:50,HBD,Cloudy,0.08,9.03,0.3,28.1,88.7
2026-04-24 03:56:11,HBD,Clear,0.43,6.38,0.5,9.2,81.5
2026-02-01 04:56:09,HBD,Clear,0.48,5.73,0.8,24.4,49.3
2026-06-04 11:16:43,HBD,Clear,0.11,9.85,0.2,13.9,61.1
2026-01-04 13:06:33,HBD,Clear,0.28,8.0,0.4,19.3,100.0
2026-01-18 00:02:50,HBD,Clear,0.39,6.52,0.5,-0.2,64.2
2026-01-24 08:51:20,HBD,Fog,0.72,4.03,1.0,23.3,71.0
2026-03-08 22:06:14,HBD,Cloudy,0.1,9.88,0.6,16.1,62.9
2026-02-03 10:13:04,HBD,Clear,0.1,9.35,1.4,26.4,66.8
2026-02-18 17:10:15,HBD,Cloudy,0.34,6.58,0.4,44.6,66.4
2026-04-23 11:18:08,HBD,Clear,0.44,6.38,0.7,26.7,64.8
2026-02-20 09:28:55,HBD,Cloudy,0.17,9.02,0.3,15.5,82.1
2026-02-15 18:54:53,HBD,Rain,0.27,6.11,11.3,17.3,56.6
2026-02-22 11:46:40,HBD,Clear,0.52,5.68,0.0,35.6,67.3
2026-03-18 01:04:48,HBD,Cloudy,0.24,8.28,1.3,19.6,56.3
2026-05-26 18:24:41,HBD,Clear,0.23,7.56,1.4,23.0,79.5
2026-01-15 00:01:10,HBD,Rain,0.56,4.72,1.0,30.6,75.7
2026-01-29 13:20:06,HBD,Rain,0.17,7.29,11.6,34.7,59.0
2026-03-21 13:01:56,HBD,Fog,1.0,1.37,1.2,22.0,41.7
2026-06-25 02:04:12,HBD,Clear,0.33,6.28,1.4,20.3,45.9
2026-02-19 17:39:16,HBD,Fog,0.44,5.71,1.3,23.5,54.7
2026-06-03 20:43:18,HBD,Rain,0.07,9.09,2.8,6.4,69.0
2026-06-27 07:23:44,HBD,Clear,0.28,7.76,0.6,35.7,57.8
2026-06-20 00:16:56,HBD,Clear,0.43,6.35,0.6,40.5,43.0
2026-05-15 22:30:30,HBD,Clear,0.37,6.79,1.0,16.6,34.4
2026-06-17 15:33:31,HBD,Clear,0.4,6.64,1.4,25.2,59.1
2026-01-31 20:27:19,HBD,Rain,0.26,6.56,0.4,12.7,72.7
2026-05-11 04:35:17,HBD,Clear,0.18,8.96,0.1,25.6,65.5
2026-04-26 22:16:14,HBD,Clear,0.55,5.3,1.0,17.1,98.8
2026-01-30 09:55:12,HBD,Clear,0.36,7.2,0.9,32.8,39.6
2026-01-16 06:33:04,HBD,Cloudy,0.13,9.91,1.4,16.9,99.7
2026-04-17 22:21:23,HBD,Fog,0.61,4.25,1.5,26.3,66.7
2026-03-22 19:14:57,HBD,Cloudy,0.25,7.54,0.2,20.5,67.6
2026-04-21 20:31:42,HBD,Clear,0.17,8.17,0.3,23.8,71.2
2026-06-25 02:43:44,HBD,Clear,0.49,5.36,0.9,34.4,47.7
2026-06-03 21:57:05,HBD,Clear,0.35,7.05,0.2,31.9,62.1
2026-03-01 12:21:57,HBD,Rain,0.03,8.81,5.8,12.9,85.3
2026-01-12 08:41:35,HBD,Fog,0.49,5.87,0.1,13.0,65.9
2026-04-07 21:30:55,HBD,Rain,0.56,3.48,15.1,15.4,100.0
2026-02-18 01:23:19,HBD,Clear,0.39,6.45,0.7,32.2,55.4
2026-03-30 13:27:22,HBD,Clear,0.11,9.18,1.5,16.2,66.2
2026-03-03 11:49:30,HBD,Clear,0.13,8.55,1.0,17.7,100.0
2026-04-13 00:38:33,HBD,Fog,0.55,5.37,0.3,31.3,78.1
2026-01-28 07:05:15,HBD,Cloudy,0.03,9.49,1.4,30.5,56.6
2026-02-05 08:47:08,HBD,Rain,0.17,6.3,18.8,18.0,29.0
2026-02-28 00:31:08,HBD,Clear,0.16,7.71,1.3,25.3,77.8
2026-04-28 17:50:14,HBD,Clear,0.69,4.23,0.1,20.5,52.7
2026-05-19 06:44:00,HBD,Cloudy,0.13,8.37,0.1,12.6,79.3
2026-02-23 20:28:09,HBD,Rain,0.34,5.62,5.9,8.6,90.0
2026-03-05 05:37:03,HBD,Rain,0.42,5.58,14.1,44.0,86.1
2026-02-01 14:16:43,HBD,Clear,0.25,8.38,1.4,15.4,99.1
2026-03-10 22:20:36,HBD,Clear,0.31,6.6,1.3,14.7,85.5
2026-03-13 08:56:38,HBD,Clear,0.28,7.6,1.2,20.1,43.1
2026-03-11 06:42:24,HBD,Clear,0.13,9.38,0.0,17.3,37.4
2026-06-15 01:05:27,HBD,Fog,0.44,6.41,1.3,14.8,60.5
2026-02-19 11:13:40,HBD,Clear,0.47,6.0,1.1,30.0,39.2
2026-05-24 13:51:11,HBD,Clear,0.07,10.05,0.1,33.3,58.7
2026-05-01 21:10:18,HBD,Clear,0.36,6.95,1.2,32.6,65.3
2026-04-11 19:29:47,HBD,Cloudy,0.61,4.91,0.9,22.5,48.0
2026-01-17 16:23:03,HBD,Rain,0.19,7.16,6.1,42.5,63.3
2026-04-13 18:20:03,HBD,Clear,0.36,6.94,0.2,37.6,97.9
2026-05-16 14:44:58,HBD,Clear,0.38,6.71,0.8,34.6,51.0
2026-03-19 13:07:19,HBD,Clear,0.24,7.68,0.5,3.6,58.1
2026-06-02 16:14:06,HBD,Rain,0.26,5.91,20.2,23.7,90.6
2026-02-23 22:03:09,HBD,Fog,0.93,1.67,1.3,19.9,93.7
2026-01-06 04:20:07,HBD,Clear,0.11,8.75,1.4,26.9,52.5
2026-06-16 00:28:33,HBD,Cloudy,0.39,6.55,0.5,26.5,47.1
2026-03-30 22:48:44,HBD,Clear,0.15,9.02,1.2,37.6,79.6
2026-06-19 13:52:30,HBD,Clear,0.08,9.54,0.0,13.8,52.5
2026-03-24 03:52:11,HBD,Fog,0.56,5.79,1.2,24.6,47.5
2026-04-14 07:23:38,HBD,Rain,0.53,4.44,10.0,9.1,63.8
2026-05-26 06:50:18,HBD,Clear,0.32,7.54,1.3,24.9,58.5
2026-01-30 23:15:41,HBD,Cloudy,0.25,8.07,0.4,36.6,50.3
2026-04-27 17:58:40,HBD,Clear,0.16,8.14,1.5,19.9,46.1
2026-06-03 23:54:51,HBD,Rain,0.17,7.42,9.1,20.9,37.9
2026-02-15 16:41:16,HBD,Clear,0.08,9.38,0.3,24.8,32.9
2026-02-04 08:08:33,HBD,Clear,0.29,7.72,1.2,24.4,65.9
2026-01-25 03:15:51,HBD,Fog,0.68,3.46,0.1,19.1,51.6
2026-01-10 20:07:30,HBD,Fog,0.54,5.41,1.4,32.5,55.8
2026-06-01 17:45:45,HBD,Rain,0.27,5.82,9.2,27.3,34.9
2026-03-16 07:00:59,HBD,Clear,0.21,8.88,1.4,13.9,43.9
2026-05-21 07:41:42,HBD,Clear,0.3,7.34,0.2,11.8,49.6
2026-03-17 04:35:39,HBD,Clear,0.33,7.39,0.3,34.5,98.9
2026-03-21 12:12:35,HBD,Cloudy,0.42,7.11,0.0,13.5,76.0
2026-06-03 05:09:55,HBD,Clear,0.08,9.41,1.3,19.7,74.3
2026-06-23 11:32:55,HBD,Clear,0.28,7.44,1.1,30.3,48.6
2026-04-10 05:20:43,HBD,Clear,0.72,3.78,0.5,22.7,57.4
2026-03-22 09:05:01,HBD,Clear,0.48,6.49,0.2,28.4,77.1
2026-02-17 02:13:27,HBD,Fog,0.69,4.59,0.9,26.1,55.3
2026-02-10 01:41:38,HBD,Clear,0.21,8.24,1.2,22.8,60.9
2026-03-07 11:15:15,HBD,Clear,0.48,5.86,0.7,15.6,97.4
2026-02-14 17:32:40,HBD,Rain,0.33,5.38,5.9,30.5,72.8
2026-04-15 21:42:13,HBD,Rain,0.29,5.9,10.8,23.5,73.3
2026-02-19 19:49:15,HBD,Fog,0.46,6.18,0.4,20.9,59.5
2026-03-15 19:15:57,HBD,Clear,0.45,5.82,1.3,15.9,100.0
2026-02-06 08:00:30,HBD,Clear,0.3,7.54,0.0,31.6,68.7
2026-02-05 02:33:51,HBD,Rain,0.11,7.7,3.9,15.7,35.3
2026-05-09 14:27:49,HBD,Clear,0.26,8.28,1.1,9.4,65.0
2026-03-18 03:27:39,HBD,Rain,0.48,4.67,12.1,28.1,65.4
2026-05-18 11:24:35,HBD,Cloudy,0.27,8.14,0.2,29.1,57.1
2026-03-06 06:20:25,HBD,Rain,0.21,7.14,8.0,32.6,98.0
2026-05-17 12:10:28,HBD,Clear,0.47,6.85,1.1,18.6,77.6
2026-02-20 08:53:45,HBD,Clear,0.31,7.91,0.9,29.2,100.0
2026-02-19 05:28:45,HBD,Clear,0.53,5.55,1.1,23.7,65.1
2026-04-27 09:21:27,HBD,Clear,0.36,7.56,0.7,26.9,72.9
2026-01-18 09:49:29,HBD,Rain,0.46,4.37,6.7,33.0,63.0
2026-03-24 06:45:59,HBD,Clear,0.21,8.04,1.1,20.4,68.9
2026-04-28 02:22:48,HBD,Clear,0.18,8.77,1.4,22.3,74.9
2026-06-19 03:17:26,HBD,Cloudy,0.37,7.11,0.6,19.8,99.6
2026-02-13 11:41:51,HBD,Cloudy,0.11,8.63,0.7,6.4,48.7
2026-04-15 07:29:30,HBD,Clear,0.19,8.44,1.3,25.8,51.3
2026-04-30 02:45:29,HBD,Clear,0.42,6.5,0.9,15.5,90.5
2026-03-23 13:52:22,HBD,Fog,0.61,4.77,0.4,17.7,88.9
2026-06-20 07:17:20,HBD,Cloudy,0.26,7.7,0.4,17.4,53.4
2026-01-13 23:42:35,HBD,Clear,0.22,7.96,1.4,12.1,54.6
2026-02-25 01:11:58,HBD,Clear,0.22,7.66,0.8,29.1,64.0
2026-04-08 19:40:29,HBD,Clear,0.27,7.34,1.2,25.5,62.6
2026-05-13 21:13:41,HBD,Cloudy,0.45,5.96,1.0,30.5,46.2
2026-02-26 00:15:57,HBD,Rain,0.06,7.86,14.4,15.9,70.5
2026-03-07 00:54:02,HBD,Fog,0.44,6.36,1.4,22.7,61.2
2026-05-22 11:18:26,HBD,Fog,0.44,6.7,0.5,18.4,77.6
2026-06-10 05:15:27,HBD,Rain,0.46,4.99,5.9,33.6,82.3
2026-02-21 01:43:54,HBD,Clear,0.35,6.93,0.7,22.0,59.2
2026-01-04 03:09:39,HBD,Clear,0.35,8.0,0.5,14.1,89.5
2026-03-11 15:14:08,HBD,Fog,0.62,5.39,1.1,26.3,72.3
2026-03-17 05:05:29,HBD,Fog,0.51,5.4,0.4,7.2,100.0
2026-04-16 05:35:08,HBD,Fog,0.4,6.43,1.5,22.9,61.7
2026-06-17 04:33:58,HBD,Clear,0.02,9.57,0.6,31.5,76.4
2026-03-03 12:10:17,HBD,Rain,0.54,3.58,9.4,23.0,79.9
2026-04-24 16:22:25,HBD,Clear,0.36,7.19,1.2,26.0,67.4
2026-01-12 07:13:29,HBD,Clear,0.43,5.96,0.4,34.7,68.5
2026-01-12 10:45:52,HBD,Clear,0.47,6.52,1.4,33.0,74.1
2026-04-10 10:21:46,HBD,Cloudy,0.12,9.28,0.4,20.7,76.1
2026-02-08 15:55:13,HBD,Fog,0.42,6.5,0.6,29.9,74.1
2026-01-14 05:27:59,HBD,Clear,0.4,6.24,1.5,26.4,80.7
2026-05-15 06:31:41,HBD,Fog,0.57,5.93,0.1,25.1,94.4
2026-01-08 07:01:16,HBD,Clear,0.33,5.94,0.3,35.0,59.4
2026-05-30 02:21:55,HBD,Clear,0.02,10.18,1.0,22.5,66.7
2026-04-25 22:14:30,HBD,Clear,0.36,7.25,1.5,29.6,79.3
2026-03-28 22:25:31,HBD,Cloudy,0.17,8.31,0.3,40.1,51.4
2026-03-27 21:20:12,HBD,Clear,0.39,7.17,0.2,31.3,74.3
2026-01-19 14:13:35,HBD,Clear,0.18,8.36,0.9,35.4,60.8
2026-01-10 15:59:22,HBD,Cloudy,0.16,7.94,0.6,35.8,74.8
2026-06-11 04:15:34,HBD,Rain,0.47,4.83,13.6,32.1,47.5
2026-06-03 10:09:39,HBD,Cloudy,0.2,7.52,0.6,19.8,69.2
2026-05-05 09:59:47,HBD,Clear,0.25,7.65,1.3,37.0,43.5
2026-01-27 10:14:19,HBD,Clear,0.8,2.59,0.3,34.9,75.0
2026-05-14 12:55:16,HBD,Rain,0.43,5.31,5.2,26.4,57.9
2026-03-05 04:52:21,HBD,Cloudy,0.29,6.75,0.2,25.9,57.6
2026-02-10 17:20:06,HBD,Clear,0.55,5.81,1.0,34.1,60.0
2026-01-03 20:21:23,HBD,Clear,0.26,7.44,0.4,13.4,85.4
2026-05-10 20:26:29,HBD,Clear,0.38,7.23,0.9,34.7,68.3
2026-01-01 12:52:37,HBD,Cloudy,0.23,6.67,0.0,30.5,70.4
2026-01-30 20:22:07,HBD,Clear,0.38,6.81,0.5,31.7,61.0
2026-06-06 18:16:20,HBD,Clear,0.51,5.53,0.9,20.0,81.1
2026-01-06 14:15:20,HBD,Cloudy,0.48,6.35,1.1,27.2,72.2
2026-03-20 13:31:23,HBD,Cloudy,0.29,7.43,1.5,25.1,93.7
2026-01-04 21:20:14,HBD,Cloudy,0.13,9.0,1.0,21.4,84.1
2026-01-02 05:43:07,HBD,Rain,0.32,6.5,8.8,28.7,63.0
2026-04-08 13:24:07,HBD,Clear,0.11,8.9,0.9,34.1,76.3
2026-03-16 15:48:40,HBD,Clear,0.16,8.91,0.1,29.2,82.5
2026-03-15 21:07:21,HBD,Clear,0.34,7.12,1.0,15.7,82.8
2026-05-23 09:02:27,HBD,Cloudy,0.6,5.09,1.1,13.8,73.9
2026-05-01 20:03:04,HBD,Clear,0.28,7.58,1.3,37.0,78.9
2026-05-25 13:49:51,HBD,Clear,0.23,8.31,0.9,33.6,77.2
2026-04-20 16:17:37,HBD,Clear,0.28,8.06,0.1,24.4,61.1
2026-03-25 06:49:25,HBD,Rain,0.44,4.49,7.5,28.1,74.2
2026-03-07 12:07:04,HBD,Clear,0.31,7.12,1.4,21.9,80.3
2026-01-01 02:41:59,HBD,Clear,0.25,7.78,1.4,29.4,94.5
2026-01-29 10:22:13,HBD,Clear,0.32,6.7,0.2,20.6,95.6
2026-03-20 22:18:56,HBD,Cloudy,0.42,5.64,1.2,23.0,48.2
2026-01-18 09:31:18,HBD,Clear,0.24,8.29,1.2,17.8,42.7
2026-02-08 01:37:47,HBD,Fog,0.79,2.9,0.1,15.8,78.2
2026-01-10 22:03:21,HBD,Clear,0.03,10.08,1.3,28.0,83.6
2026-05-28 21:59:27,HBD,Clear,0.23,8.28,0.0,10.1,76.1
2026-05-10 01:57:57,HBD,Clear,0.42,6.64,1.4,29.0,70.6
2026-06-17 11:25:47,HBD,Cloudy,0.34,6.51,0.5,22.2,62.0
2026-02-07 08:08:39,HBD,Clear,0.39,6.96,0.2,25.2,67.0
2026-03-31 05:09:16,HBD,Clear,0.42,6.55,0.2,18.4,53.8
2026-05-27 15:33:01,HBD,Clear,0.18,8.72,0.6,38.3,56.3
2026-02-21 13:55:26,HBD,Cloudy,0.1,8.73,0.7,27.3,49.1
2026-02-15 02:28:39,HBD,Rain,0.12,8.05,12.6,1.5,49.5
2026-04-23 23:18:58,HBD,Clear,0.06,9.78,1.3,27.5,72.2
2026-04-01 17:29:57,HBD,Clear,0.14,8.92,1.3,20.7,76.1
2026-04-19 11:20:59,HBD,Fog,0.83,2.73,0.2,10.6,85.2
2026-02-09 19:46:31,HBD,Cloudy,0.28,7.18,1.0,19.2,52.8
2026-04-20 06:18:26,HBD,Clear,0.39,6.78,1.0,22.1,67.0
2026-04-24 13:49:54,HBD,Clear,0.08,9.46,1.4,27.9,49.5
2026-01-12 19:30:50,HBD,Rain,0.14,8.29,4.3,15.1,59.9
2026-04-10 20:07:45,HBD,Cloudy,0.29,7.36,1.4,21.8,74.7
2026-05-04 14:16:55,HBD,Rain,0.31,6.21,6.7,14.6,53.4
2026-04-09 00:34:15,HBD,Fog,0.91,2.88,0.1,20.2,53.9
2026-04-24 17:25:06,HBD,Fog,0.65,4.66,0.8,25.3,51.3
2026-02-08 07:57:31,HBD,Cloudy,0.31,7.24,0.5,27.5,91.9
2026-02-11 15:29:12,HBD,Clear,0.13,8.32,1.4,32.1,100.0
2026-05-05 02:34:23,HBD,Clear,0.26,8.11,0.9,17.4,64.8
2026-04-10 00:24:43,HBD,Cloudy,0.17,9.56,1.1,36.3,56.4
2026-01-20 14:03:40,HBD,Fog,0.71,3.64,0.5,29.6,45.6
2026-06-04 23:14:23,HBD,Clear,0.13,9.09,1.2,28.0,41.5
2026-06-22 04:57:18,HBD,Rain,0.14,7.32,18.7,14.5,29.3
2026-04-02 10:01:09,HBD,Cloudy,0.25,8.18,1.0,19.1,88.3
2026-02-01 07:30:23,HBD,Clear,0.22,7.94,0.9,10.1,91.3
2026-04-10 19:43:13,HBD,Clear,0.24,7.06,0.5,18.5,62.7
2026-06-13 16:21:06,HBD,Clear,0.18,8.3,0.4,17.5,91.9
2026-06-24 13:57:40,HBD,Clear,0.22,9.15,1.3,29.5,80.8
2026-04-30 05:18:00,HBD,Clear,0.45,6.02,0.9,35.1,87.7
2026-01-07 23:31:53,HBD,Clear,0.06,9.31,1.4,27.1,91.8
2026-06-30 14:21:57,HBD,Clear,0.15,8.79,1.5,21.5,58.5
2026-06-16 16:31:03,HBD,Clear,0.07,9.39,1.4,31.9,38.7
2026-05-20 19:21:34,HBD,Rain,0.25,6.35,2.8,33.0,75.0
2026-05-11 05:37:40,HBD,Fog,0.52,4.68,0.3,32.0,77.7
2026-05-31 22:00:12,HBD,Cloudy,0.35,6.9,0.7,17.5,77.8
2026-01-16 12:07:05,HBD,Clear,0.17,8.51,1.1,32.9,59.7
2026-03-17 13:42:56,HBD,Clear,0.26,8.33,0.9,20.6,69.5
2026-05-18 03:51:52,HBD,Fog,0.85,2.61,1.3,18.2,88.8
2026-05-04 11:20:38,HBD,Clear,0.34,6.79,1.3,37.7,81.6
2026-05-09 02:06:09,HBD,Cloudy,0.25,7.82,0.0,23.3,69.2
2026-01-04 04:10:03,HBD,Clear,0.57,5.72,0.8,14.5,62.8
2026-02-17 03:04:52,HBD,Clear,0.14,8.74,0.0,42.7,70.8
2026-06-14 15:40:16,HBD,Rain,0.09,7.87,14.7,15.2,46.4
2026-02-13 19:18:12,HBD,Cloudy,0.19,9.48,0.6,25.4,53.7
2026-03-24 05:12:00,HBD,Rain,0.3,5.54,3.1,22.1,58.0
2026-06-30 08:10:19,HBD,Cloudy,0.48,6.36,0.8,14.0,94.2
2026-03-25 14:17:32,HBD,Fog,0.59,4.73,0.5,13.4,47.2
2026-02-16 16:14:06,HBD,Cloudy,0.13,9.04,0.3,37.4,75.4
2026-02-18 12:55:48,HBD,Clear,0.04,9.31,1.3,35.2,56.9
2026-06-28 05:01:44,HBD,Clear,0.26,8.58,1.5,28.1,59.0
2026-05-20 06:09:29,HBD,Cloudy,0.37,6.36,0.0,17.3,46.8
2026-06-02 04:56:57,HBD,Cloudy,0.11,9.24,0.9,37.4,65.1
2026-03-11 05:37:43,HBD,Clear,0.13,9.29,0.4,24.4,47.2
2026-06-29 19:46:22,HBD,Clear,0.17,8.77,0.1,11.7,59.9
2026-03-08 18:26:03,HBD,Clear,0.34,7.73,0.5,16.7,87.4
2026-02-02 03:08:12,HBD,Clear,0.16,8.06,0.0,12.9,75.2
2026-03-23 21:49:16,HBD,Cloudy,0.49,5.89,0.9,18.1,81.1
2026-05-23 20:36:54,HBD,Clear,0.4,6.53,0.4,26.7,98.7
2026-04-01 18:52:57,HBD,Rain,0.31,6.2,11.3,22.5,35.9
2026-06-17 02:47:13,HBD,Fog,0.77,4.14,0.4,13.8,75.9
2026-05-28 08:43:39,HBD,Clear,0.44,6.17,0.3,27.5,91.5
2026-06-25 16:23:11,HBD,Cloudy,0.09,9.37,0.8,32.6,49.4
2026-05-16 11:24:54,HBD,Cloudy,0.55,5.3,0.8,29.2,60.6
2026-06-14 01:00:08,HBD,Clear,0.32,6.96,0.0,28.3,79.3
2026-05-09 02:13:16,HBD,Clear,0.81,3.67,0.9,19.1,70.6
2026-04-29 20:30:36,HBD,Fog,0.53,5.29,1.2,14.7,63.8
2026-04-10 04:04:07,HBD,Cloudy,0.66,4.65,0.9,31.7,69.0
2026-06-09 13:51:41,HBD,Clear,0.25,7.83,0.4,16.3,57.2
2026-03-25 16:01:47,HBD,Fog,0.85,2.97,1.5,26.0,96.6
2026-06-29 11:02:09,HBD,Clear,0.61,4.46,0.3,41.0,46.1
2026-03-31 14:25:57,HBD,Clear,0.42,6.89,1.4,34.4,58.3
2026-05-26 08:47:21,HBD,Clear,0.38,6.35,0.7,24.0,95.0
2026-06-20 20:35:18,HBD,Clear,0.31,7.73,0.6,21.0,86.4
2026-01-02 10:52:37,HBD,Cloudy,0.44,6.1,0.1,14.1,67.0
2026-02-02 09:37:15,HBD,Fog,0.89,1.84,0.9,21.7,57.4
2026-05-02 01:00:56,HBD,Clear,0.4,6.83,1.4,22.1,84.9
2026-05-15 11:25:22,HBD,Clear,0.11,9.05,0.7,21.8,25.6
2026-03-03 19:25:41,HBD,Clear,0.66,4.07,0.8,12.2,38.5
2026-02-22 03:32:42,HBD,Clear,0.08,9.75,0.2,30.7,79.4
2026-04-16 07:02:48,HBD,Rain,0.28,6.62,5.9,32.2,50.7
2026-05-30 03:20:54,HBD,Cloudy,0.11,9.12,1.1,12.5,85.7
2026-05-30 11:13:21,HBD,Clear,0.32,7.07,1.2,27.3,100.0
2026-03-31 09:30:26,HBD,Cloudy,0.08,9.23,1.4,14.5,60.2
2026-05-13 22:47:17,HBD,Fog,0.51,5.5,0.6,32.6,70.2
2026-01-06 16:07:02,HBD,Cloudy,0.06,8.88,1.3,23.5,81.8
2026-03-16 18:44:16,HBD,Clear,0.08,9.45,0.4,19.8,92.8
2026-02-02 17:33:44,HBD,Cloudy,0.18,8.41,1.3,21.9,69.5
2026-03-04 15:53:59,HBD,Clear,0.15,8.68,0.2,13.2,45.4
2026-01-12 20:16:27,HBD,Fog,0.72,3.34,0.7,22.1,74.7
2026-06-11 12:09:57,HBD,Clear,0.38,7.33,1.0,25.1,100.0
2026-06-10 19:44:46,HBD,Fog,0.47,6.08,1.4,15.6,57.8
2026-03-10 00:35:02,HBD,Clear,0.15,8.51,1.3,23.6,48.7
2026-01-06 03:12:17,HBD,Cloudy,0.64,4.15,0.6,12.7,41.4
2026-04-12 11:10:42,HBD,Fog,0.55,5.39,0.7,23.0,74.0
2026-05-01 14:58:23,HBD,Clear,0.33,6.99,0.4,32.1,39.1
2026-03-03 10:12:37,HBD,Clear,0.13,8.63,0.5,34.6,67.2
2026-04-17 07:29:55,HBD,Cloudy,0.31,7.02,0.1,33.0,80.1
2026-02-17 14:14:52,HBD,Rain,0.38,5.9,4.3,24.6,70.9
2026-01-17 20:29:51,HBD,Clear,0.19,8.58,0.4,19.3,81.5
2026-02-05 00:19:38,HBD,Cloudy,0.12,8.87,1.1,36.8,68.2
2026-01-06 08:22:45,HBD,Clear,0.34,7.19,0.7,22.7,63.0
2026-05-27 00:14:24,HBD,Clear,0.29,7.27,0.9,7.7,78.7
2026-05-05 07:05:30,HBD,Clear,0.1,8.65,0.3,21.3,78.6
2026-01-23 07:36:59,HBD,Clear,0.1,9.17,1.2,26.5,71.9
2026-02-04 10:37:42,HBD,Clear,0.36,6.9,0.6,23.6,67.3
2026-06-07 07:21:04,HBD,Fog,0.66,4.7,0.3,7.4,69.0
2026-06-11 00:48:41,HBD,Clear,0.19,7.73,0.4,28.8,49.3
2026-04-09 08:28:42,HBD,Cloudy,0.28,7.2,0.2,22.0,94.3
2026-03-22 11:50:20,HBD,Clear,0.2,8.57,0.1,35.0,88.4
2026-02-02 18:32:55,HBD,Fog,0.43,6.46,1.1,13.0,25.7
2026-04-08 12:56:42,HBD,Clear,0.12,8.94,0.2,31.3,77.6
2026-04-22 08:30:42,HBD,Clear,0.14,8.91,0.5,30.1,60.6
2026-03-21 17:21:18,HBD,Clear,0.58,5.15,1.4,36.5,45.8
2026-06-08 22:28:36,HBD,Clear,0.22,7.99,0.1,24.8,60.7
2026-04-13 07:15:59,HBD,Clear,0.11,9.2,0.5,22.3,40.2
2026-03-20 10:40:16,HBD,Cloudy,0.24,7.69,1.0,31.4,86.5
2026-02-05 07:58:16,HBD,Clear,0.26,7.57,1.0,11.9,53.7
2026-04-07 10:10:27,HBD,Clear,0.46,5.71,1.1,27.6,32.1
2026-05-03 22:31:29,HBD,Cloudy,0.39,7.36,0.9,5.6,39.2
2026-01-16 20:37:19,HBD,Clear,0.18,8.02,1.0,16.8,40.3
2026-05-13 11:50:17,HBD,Clear,0.29,7.51,0.8,24.9,52.7
2026-02-13 23:02:09,HBD,Cloudy,0.56,4.63,0.0,28.9,83.3
2026-06-25 03:57:43,HBD,Clear,0.48,5.58,0.4,22.1,95.3
2026-06-27 08:12:04,HBD,Rain,0.37,5.09,12.6,26.7,59.6
2026-03-11 12:14:41,HBD,Cloudy,0.47,6.25,0.4,22.6,77.1
2026-05-13 02:33:00,HBD,Clear,0.08,9.77,1.2,24.2,84.1
2026-05-25 07:42:59,HBD,Clear,0.22,7.29,0.1,24.5,54.9
2026-06-11 03:27:52,HBD,Clear,0.2,7.83,0.5,22.8,75.9
2026-03-06 09:37:13,HBD,Clear,0.18,8.54,1.2,33.1,74.6
2026-05-25 13:37:42,HBD,Clear,0.32,6.76,1.4,22.5,31.4
2026-01-17 19:10:29,HBD,Clear,0.56,5.09,0.5,21.1,55.3
2026-02-01 16:31:45,HBD,Fog,0.6,5.17,1.2,29.2,77.0
2026-05-04 13:01:41,HBD,Cloudy,0.15,8.38,0.3,27.7,48.1
2026-01-26 21:50:39,HBD,Clear,0.12,8.54,1.2,18.4,67.4
2026-01-23 17:12:04,HBD,Clear,0.25,8.02,0.3,11.0,41.5
2026-02-15 11:23:23,HBD,Cloudy,0.24,8.14,0.3,31.3,55.4
2026-06-17 04:38:37,HBD,Fog,0.6,3.85,1.0,24.6,51.5
2026-02-18 03:22:01,HBD,Rain,0.56,4.02,20.9,24.5,72.7
2026-04-01 07:46:53,HBD,Cloudy,0.34,6.24,0.9,37.0,47.2
2026-02-24 20:35:38,HBD,Fog,0.54,5.86,0.1,16.3,67.4
2026-04-06 11:45:09,HBD,Rain,0.18,7.6,9.8,2.7,44.0
2026-03-22 16:21:50,HBD,Clear,0.12,9.5,0.0,28.8,67.5
2026-06-27 14:09:36,HBD,Cloudy,0.25,7.14,1.0,16.0,45.8
2026-03-09 15:21:25,HBD,Clear,0.19,7.9,0.4,33.3,61.1
2026-04-14 05:14:56,HBD,Rain,0.24,5.75,3.3,18.8,73.5
2026-06-19 07:26:43,HBD,Rain,0.2,6.58,8.2,23.5,72.3
2026-02-20 01:48:54,HBD,Clear,0.46,5.61,0.4,22.3,75.9
2026-02-18 17:41:40,HBD,Clear,0.52,5.29,0.8,39.5,70.2
2026-02-16 23:20:49,HBD,Cloudy,0.6,5.37,1.2,35.4,69.6
2026-06-13 04:53:32,HBD,Clear,0.41,6.03,1.5,20.4,70.7
2026-06-30 08:12:58,HBD,Clear,0.21,8.09,0.6,16.8,61.6
2026-03-12 18:35:21,HBD,Clear,0.4,5.42,1.4,36.1,84.2
2026-02-28 02:35:58,HBD,Clear,0.65,4.95,0.5,22.5,84.7
2026-04-28 16:24:33,HBD,Rain,0.15,7.81,6.1,33.8,52.7
2026-04-10 17:01:29,HBD,Cloudy,0.6,4.84,1.2,9.5,81.2
2026-05-03 01:15:03,HBD,Clear,0.1,9.43,0.7,22.1,78.4
2026-06-20 06:57:52,HBD,Clear,0.21,8.96,0.4,24.1,72.6
2026-01-01 20:21:48,HBD,Cloudy,0.23,8.9,1.3,11.0,75.6
2026-01-10 05:47:58,HBD,Clear,0.49,6.21,0.6,27.6,43.6
2026-01-13 23:04:50,HBD,Fog,0.62,4.66,0.5,23.7,82.6
2026-03-21 20:09:10,HBD,Cloudy,0.18,8.97,0.9,27.1,90.4
2026-05-02 06:50:17,HBD,Clear,0.05,8.78,1.0,18.9,64.1
2026-05-21 16:08:22,HBD,Cloudy,0.23,8.14,0.7,24.1,100.0
2026-04-29 20:45:16,HBD,Clear,0.11,8.25,0.8,7.8,55.9
2026-05-24 17:25:32,HBD,Rain,0.26,6.88,4.4,20.0,49.8
2026-05-29 17:53:06,HBD,Clear,0.38,7.04,0.9,31.9,93.7
2026-03-02 14:23:48,HBD,Fog,0.71,4.98,1.4,26.3,61.8
2026-06-15 19:22:22,HBD,Clear,0.18,8.9,0.2,22.6,54.9
2026-05-10 18:05:39,HBD,Clear,0.29,7.12,0.9,32.3,51.3
2026-05-03 21:15:28,HBD,Clear,0.25,7.77,1.4,21.1,89.0
2026-05-21 13:15:09,HBD,Fog,0.55,5.87,0.2,18.4,40.2
2026-03-29 08:06:28,HBD,Cloudy,0.32,6.94,0.4,28.6,81.7
2026-01-16 16:27:03,HBD,Clear,0.13,9.11,0.4,37.6,85.7
2026-03-23 15:43:27,HBD,Clear,0.28,7.91,0.7,22.2,66.2
2026-05-20 07:32:29,HBD,Clear,0.17,8.58,0.3,14.5,48.2
2026-04-04 19:11:01,HBD,Clear,0.38,7.07,0.8,20.0,62.4
2026-03-23 15:35:26,HBD,Rain,0.47,4.22,5.6,21.4,55.8
2026-03-16 17:25:00,HBD,Clear,0.12,9.55,1.0,16.6,41.5
2026-01-28 20:23:14,HBD,Clear,0.07,10.06,0.6,43.9,64.2
2026-01-09 20:06:06,HBD,Rain,0.2,7.5,5.5,22.0,66.4
2026-03-11 23:45:58,HBD,Clear,0.36,7.51,1.2,22.5,100.0
2026-02-07 08:38:57,HBD,Rain,0.3,6.0,14.0,16.6,81.5
2026-02-28 03:57:49,HBD,Cloudy,0.61,5.16,0.5,33.1,54.8
2026-06-11 17:57:04,HBD,Clear,0.13,9.41,0.9,12.1,56.7
2026-06-30 06:55:31,HBD,Clear,0.51,5.92,1.2,20.0,96.2
2026-04-23 16:21:22,HBD,Clear,0.06,9.7,1.1,18.8,70.6
2026-06-02 18:13:49,HBD,Clear,0.03,9.64,1.4,30.0,61.7
2026-05-20 16:23:42,HBD,Clear,0.13,9.09,1.0,5.1,59.4
2026-04-18 00:36:56,HBD,Clear,0.05,9.74,0.6,19.0,77.4
2026-02-19 10:07:49,HBD,Clear,0.1,9.87,0.4,39.3,38.6
2026-06-22 05:43:49,HBD,Cloudy,0.04,9.67,1.1,18.4,48.9
2026-06-07 15:03:20,HBD,Clear,0.37,6.52,1.3,24.6,60.8
2026-06-29 01:12:56,HBD,Cloudy,0.25,7.97,0.2,28.5,74.5
2026-05-21 13:34:26,HBD,Cloudy,0.51,5.98,1.0,21.0,74.8
2026-03-30 18:52:17,HBD,Rain,0.48,4.29,6.1,15.6,86.4
2026-04-01 23:06:40,HBD,Clear,0.19,8.62,1.3,12.5,36.8
2026-06-06 18:12:03,HBD,Clear,0.12,8.93,1.1,27.8,75.5
2026-01-20 23:05:23,HBD,Clear,0.1,9.84,0.2,21.7,28.8
2026-02-09 22:51:57,HBD,Cloudy,0.24,7.88,1.2,24.9,81.8
2026-06-09 19:25:54,HBD,Cloudy,0.37,6.63,1.4,27.2,87.0
2026-03-26 02:59:05,HBD,Clear,0.2,7.59,0.5,25.8,76.8
2026-03-19 15:58:13,HBD,Clear,0.32,7.31,0.3,29.8,75.2
2026-06-02 05:37:47,HBD,Clear,0.06,9.9,1.3,16.1,53.1
2026-04-11 17:16:09,HBD,Clear,0.11,9.59,0.1,33.2,58.5
2026-01-12 03:29:02,HBD,Clear,0.28,7.62,0.5,17.3,76.2
2026-03-22 18:07:15,HBD,Clear,0.54,4.67,0.4,12.4,77.8
2026-06-02 13:59:00,HBD,Fog,0.59,4.9,1.3,27.6,67.9
2026-04-06 09:31:44,HBD,Cloudy,0.18,8.29,1.4,24.0,95.6
2026-05-19 09:03:13,HBD,Clear,0.14,9.28,1.2,32.1,68.0
2026-02-08 09:56:45,HBD,Clear,0.64,4.19,1.2,21.5,84.3
2026-01-11 05:58:37,HBD,Clear,0.16,9.36,0.2,29.1,82.7
2026-02-06 05:02:48,HBD,Rain,0.17,7.19,6.8,37.7,58.2
2026-01-12 10:36:36,HBD,Cloudy,0.07,9.58,1.1,21.6,56.2
2026-04-27 10:47:53,HBD,Cloudy,0.59,4.47,1.4,31.0,84.9
2026-05-23 23:21:17,HBD,Fog,0.56,5.25,1.2,35.5,79.9
2026-05-23 08:14:11,HBD,Rain,0.19,7.52,8.7,19.1,52.6
2026-05-18 01:56:20,HBD,Clear,0.04,9.83,1.5,33.7,66.6
2026-04-09 02:56:36,HBD,Clear,0.2,8.41,0.3,28.5,84.4
2026-02-11 13:18:26,HBD,Clear,0.24,7.19,0.4,25.6,41.8
2026-04-21 01:29:24,HBD,Clear,0.51,5.05,0.9,18.7,93.2
2026-03-08 22:13:14,HBD,Cloudy,0.2,8.76,0.1,21.7,42.7
2026-03-27 15:44:05,HBD,Clear,0.38,6.99,0.8,20.1,57.5
2026-03-23 10:06:50,HBD,Cloudy,0.18,8.13,0.0,37.0,39.5
2026-05-13 12:33:16,HBD,Clear,0.25,8.17,1.0,14.6,59.8
2026-06-28 15:29:26,HBD,Cloudy,0.12,8.64,0.1,27.3,78.9
2026-06-06 05:14:35,HBD,Clear,0.17,8.65,0.4,25.3,62.2
2026-03-09 08:36:34,HBD,Rain,0.46,4.84,3.3,15.1,49.5
2026-03-30 01:38:38,HBD,Clear,0.32,7.33,1.4,8.9,44.4
2026-03-08 02:05:40,HBD,Clear,0.51,4.87,1.4,35.1,91.2
2026-03-27 18:12:50,HBD,Fog,0.44,6.1,0.5,21.3,97.2
2026-04-23 04:20:06,HBD,Clear,0.19,8.74,0.4,28.7,87.9
2026-02-15 09:24:41,HBD,Clear,0.03,10.38,0.6,24.4,58.0
2026-01-24 17:54:35,HBD,Clear,0.14,9.33,0.9,9.8,89.8
2026-02-23 11:55:40,HBD,Rain,0.34,6.67,8.4,28.5,37.1
2026-05-01 21:55:20,HBD,Rain,0.21,6.88,2.6,14.8,89.4
2026-06-13 04:18:16,HBD,Clear,0.08,8.93,1.1,18.6,83.7
2026-04-22 11:06:48,HBD,Cloudy,0.29,7.16,1.1,15.4,48.6
2026-01-17 17:22:15,HBD,Clear,0.37,6.02,0.7,32.0,30.4
2026-03-03 11:40:07,HBD,Cloudy,0.36,6.24,0.5,16.2,50.7
2026-01-30 18:32:03,HBD,Clear,0.37,7.51,0.0,28.7,68.2
2026-02-26 23:12:13,HBD,Clear,0.45,5.55,0.1,35.4,60.7
2026-02-13 20:58:05,HBD,Rain,0.22,6.59,3.5,22.7,76.4
2026-04-22 03:20:51,HBD,Fog,0.8,3.03,1.3,30.2,85.7
2026-02-25 12:57:44,HBD,Rain,0.25,6.5,2.4,35.3,68.4
2026-03-30 05:45:29,HBD,Cloudy,0.13,7.89,0.0,24.4,43.9
2026-03-12 13:35:19,HBD,Fog,0.98,2.02,1.0,26.7,45.4
2026-05-27 11:56:36,HBD,Cloudy,0.44,6.05,0.3,26.7,73.6
2026-02-26 10:14:48,HBD,Clear,0.28,8.35,0.6,25.3,52.5
2026-06-10 08:40:41,HBD,Cloudy,0.35,7.47,0.8,30.3,43.4
2026-02-21 10:34:18,HBD,Clear,0.12,8.82,0.3,20.7,56.1
2026-06-28 23:24:01,HBD,Clear,0.02,10.12,0.1,17.0,20.0
2026-05-19 03:49:55,HBD,Clear,0.02,10.03,0.1,28.1,67.8
2026-04-28 00:39:12,HBD,Clear,0.06,9.91,0.5,31.9,54.0
2026-01-21 20:43:52,HBD,Cloudy,0.02,10.26,1.2,24.1,81.0
2026-01-29 07:41:34,HBD,Cloudy,0.41,6.47,1.2,20.8,69.7
2026-06-07 10:10:34,HBD,Clear,0.03,9.61,1.2,15.1,100.0
2026-04-04 19:29:41,HBD,Clear,0.26,8.58,0.5,28.2,75.6
2026-03-02 00:38:38,HBD,Clear,0.05,8.43,1.0,9.7,44.5
2026-05-13 15:06:48,HBD,Clear,0.07,10.01,1.4,35.2,79.9
2026-06-24 23:42:49,HBD,Clear,0.08,9.76,0.7,29.1,56.5
2026-03-19 18:57:05,HBD,Clear,0.31,7.34,1.3,36.5,34.0
2026-06-18 14:29:21,HBD,Fog,0.5,6.18,0.6,22.3,65.0
2026-01-08 01:12:01,HBD,Clear,0.33,7.43,0.1,23.4,55.6
2026-02-27 16:09:06,HBD,Clear,0.2,8.4,0.7,17.2,73.0
2026-05-10 20:18:54,HBD,Clear,0.2,8.86,0.9,26.6,45.3
2026-05-06 18:26:20,HBD,Cloudy,0.37,6.88,1.3,46.2,39.9
2026-05-23 18:48:29,HBD,Cloudy,0.23,7.42,1.3,19.8,62.5
2026-06-14 22:14:33,HBD,Fog,0.57,5.19,0.1,17.5,77.6
2026-06-13 13:51:49,HBD,Clear,0.32,6.81,0.9,29.2,62.8
2026-05-23 08:57:30,HBD,Fog,0.78,3.48,1.4,27.9,55.9
2026-02-08 11:02:11,HBD,Rain,0.18,7.42,7.1,23.5,57.8
2026-02-20 14:11:55,HBD,Clear,0.46,6.47,1.3,43.0,57.8
2026-04-26 16:34:26,HBD,Clear,0.01,10.05,0.0,19.9,70.1
2026-06-29 13:56:18,HBD,Clear,0.2,8.28,0.2,20.0,73.2
2026-03-08 21:50:40,HBD,Clear,0.22,8.77,1.1,28.0,74.9
2026-05-17 22:31:12,HBD,Clear,0.11,9.1,0.6,15.6,86.6
2026-06-15 06:54:48,HBD,Clear,0.17,8.19,0.1,34.5,45.6
2026-06-23 18:25:52,HBD,Clear,0.42,5.57,0.6,19.7,88.6
2026-06-30 18:23:48,HBD,Clear,0.3,7.12,0.8,23.7,84.7
2026-06-12 14:55:28,HBD,Cloudy,0.14,9.18,1.0,25.9,68.5
2026-04-27 01:47:27,HBD,Clear,0.53,5.5,0.6,23.2,38.4
2026-03-09 12:03:13,HBD,Cloudy,0.16,8.59,1.2,20.1,81.1
2026-03-26 14:45:39,HBD,Clear,0.23,8.05,0.8,32.5,98.9
2026-02-28 02:31:15,HBD,Cloudy,0.17,8.16,1.0,24.8,81.2
2026-06-15 06:46:36,HBD,Clear,0.09,8.72,1.4,28.3,72.8
2026-02-26 03:33:22,HBD,Clear,0.23,8.07,0.2,20.1,58.1
2026-04-10 15:51:52,HBD,Clear,0.15,9.29,1.1,27.7,63.5
2026-03-23 08:10:12,HBD,Clear,0.07,8.97,1.1,26.6,85.6
2026-03-04 05:30:56,HBD,Cloudy,0.22,8.25,1.1,32.3,83.7
2026-04-12 02:49:50,HBD,Rain,0.46,4.41,0.6,26.7,61.9
2026-03-01 22:36:41,HBD,Cloudy,0.07,9.12,0.0,22.7,65.3
2026-03-22 23:58:46,HBD,Rain,0.05,8.49,9.3,28.5,77.6
2026-03-22 00:13:29,HBD,Clear,0.44,6.97,0.6,14.2,41.7
2026-02-10 02:32:41,HBD,Cloudy,0.27,7.61,1.1,33.8,54.9
2026-04-22 18:01:43,HBD,Clear,0.49,6.02,1.0,16.1,55.0
2026-02-22 19:26:46,HBD,Rain,0.54,4.14,1.3,34.2,55.5
2026-01-03 07:11:00,HBD,Clear,0.33,6.64,0.4,12.6,70.6
2026-03-03 08:58:41,HBD,Clear,0.27,7.22,1.4,24.3,66.8
2026-06-16 01:01:06,HBD,Clear,0.53,5.08,0.6,15.7,68.2
2026-02-17 09:20:16,HBD,Fog,0.46,5.84,0.7,28.6,93.5
2026-05-28 14:45:07,HBD,Clear,0.39,6.4,0.1,25.0,81.3
2026-01-28 12:44:30,HBD,Fog,0.88,3.1,0.8,35.8,83.2
2026-02-23 05:53:28,HBD,Cloudy,0.37,6.58,0.5,18.9,57.5
2026-05-11 08:58:00,HBD,Clear,0.14,9.51,0.6,19.8,79.5
2026-05-25 23:44:27,HBD,Cloudy,0.13,8.77,1.5,17.9,52.1
2026-06-18 10:05:54,HBD,Clear,0.36,7.08,0.2,29.4,49.4
2026-05-28 03:32:13,HBD,Clear,0.75,3.8,1.0,21.4,58.5
2026-05-04 11:27:40,HBD,Clear,0.39,6.58,0.2,17.1,57.6
2026-02-01 16:46:02,HBD,Clear,0.33,7.43,0.5,27.1,88.4
2026-06-22 05:04:47,HBD,Clear,0.51,5.62,0.7,31.5,72.0
2026-03-07 07:48:53,HBD,Cloudy,0.47,5.3,0.9,26.0,80.9
2026-03-03 16:04:49,HBD,Cloudy,0.28,7.41,0.3,21.8,62.9
2026-04-13 08:53:08,HBD,Cloudy,0.3,8.12,1.0,28.2,87.0
2026-01-15 11:45:56,HBD,Cloudy,0.29,6.61,0.6,20.4,56.5
2026-01-01 13:24:50,HBD,Cloudy,0.21,8.91,0.4,16.3,86.9
2026-01-25 22:36:41,HBD,Clear,0.43,5.85,0.2,2.7,86.9
2026-04-01 21:17:48,HBD,Rain,0.3,5.72,5.7,24.6,75.3
2026-06-05 21:32:20,HBD,Cloudy,0.37,6.92,0.3,13.1,85.3
2026-05-21 10:24:01,HBD,Fog,0.58,5.62,0.6,32.3,92.7
2026-04-05 00:59:58,HBD,Rain,0.27,6.64,9.3,25.6,65.8
2026-03-26 08:33:25,HBD,Clear,0.13,9.04,0.0,24.0,74.3
2026-02-01 05:50:34,HBD,Rain,0.19,7.78,20.7,17.2,61.6
2026-03-28 22:22:14,HBD,Cloudy,0.53,5.24,0.6,30.1,67.3
2026-01-05 09:04:47,HBD,Clear,0.19,7.55,1.1,30.7,61.7
2026-03-30 06:45:32,HBD,Clear,0.41,6.1,1.4,29.6,73.0
2026-05-30 16:39:00,HBD,Fog,0.42,6.61,0.8,19.3,71.8
2026-06-18 18:50:13,HBD,Clear,0.16,9.71,0.1,33.0,70.1
2026-01-11 00:28:26,HBD,Fog,0.51,6.54,0.8,33.7,96.4
2026-01-14 21:27:37,HBD,Cloudy,0.22,7.82,0.5,27.8,66.9
2026-04-03 07:51:15,HBD,Clear,0.1,9.4,0.4,22.6,85.9
2026-04-29 01:05:42,HBD,Rain,0.39,5.26,10.2,39.9,25.1
2026-03-15 12:27:14,HBD,Clear,0.37,7.03,0.2,21.7,57.5
2026-06-27 13:39:32,HBD,Cloudy,0.42,6.53,1.4,18.0,89.9
2026-04-08 23:48:49,HBD,Rain,0.21,7.95,5.2,14.4,48.1
2026-06-24 02:36:47,HBD,Clear,0.34,7.24,0.7,15.2,69.8
2026-02-20 18:49:40,HBD,Clear,0.08,9.3,0.0,25.9,75.2
2026-06-10 22:16:13,HBD,Clear,0.27,7.41,1.4,30.8,46.1
2026-04-18 16:08:56,HBD,Clear,0.17,9.46,0.1,26.8,78.3
2026-01-02 23:25:15,HBD,Clear,0.54,4.69,0.5,27.9,45.0
2026-05-03 07:49:20,HBD,Clear,0.51,5.96,0.1,30.8,62.7
2026-04-09 17:34:20,HBD,Clear,0.38,6.32,0.4,31.4,82.4
2026-01-07 21:39:28,HBD,Clear,0.33,7.57,1.0,29.0,72.1
2026-01-05 17:54:16,HBD,Clear,0.33,7.83,0.1,34.6,83.3
2026-05-18 16:25:33,HBD,Clear,0.26,8.57,1.2,12.9,69.4
2026-01-09 05:44:14,HBD,Rain,0.25,6.32,15.8,20.5,39.2
2026-03-27 11:36:48,HBD,Clear,0.42,6.53,0.7,31.0,79.5
2026-01-08 13:44:31,HBD,Clear,0.26,8.22,1.4,19.9,62.6
2026-01-08 00:32:53,HBD,Fog,0.67,4.84,0.9,34.6,64.1
2026-06-04 15:51:35,HBD,Cloudy,0.68,4.56,1.1,22.9,85.1
2026-05-24 12:04:21,HBD,Clear,0.24,8.25,0.9,18.8,85.0
2026-02-01 03:24:33,HBD,Clear,0.38,6.99,0.6,21.8,31.8
2026-01-08 17:47:15,HBD,Rain,0.13,7.82,7.3,42.1,42.7
2026-04-11 07:15:23,HBD,Clear,0.28,6.93,1.2,40.8,93.1
2026-04-06 11:53:11,HBD,Clear,0.21,8.03,0.6,31.1,56.0
2026-02-15 20:59:21,HBD,Clear,0.31,6.57,0.3,20.7,50.3
2026-04-24 15:28:44,HBD,Fog,0.47,6.14,1.1,34.1,68.5
2026-05-18 16:24:37,HBD,Clear,0.24,8.27,0.8,34.3,81.0
2026-04-06 12:34:21,HBD,Clear,0.17,7.51,0.3,28.0,73.7
2026-02-20 07:07:20,HBD,Rain,0.39,5.8,12.3,12.3,55.5
2026-02-23 07:51:55,HBD,Fog,0.61,4.3,1.2,20.0,76.3
2026-03-24 14:00:24,HBD,Clear,0.32,8.48,0.4,22.9,94.8
2026-02-22 13:57:49,HBD,Clear,0.55,5.21,1.0,17.2,100.0
2026-03-22 09:13:10,HBD,Clear,0.33,7.14,1.1,16.5,52.6
2026-01-25 20:17:37,HBD,Cloudy,0.38,7.27,1.3,18.5,47.1
2026-01-12 06:46:19,HBD,Clear,0.31,6.75,1.0,7.6,55.1
2026-06-23 02:18:08,HBD,Clear,0.18,8.6,0.7,17.1,64.4
2026-01-27 15:12:24,HBD,Clear,0.25,7.62,0.9,24.6,81.4
2026-04-22 16:46:56,HBD,Clear,0.02,10.07,0.4,26.0,64.9
2026-01-21 17:39:38,HBD,Clear,0.55,4.79,0.0,25.9,63.0
2026-04-13 06:43:35,HBD,Clear,0.17,7.84,1.1,28.5,71.0
2026-01-27 03:05:50,HBD,Clear,0.26,7.07,0.9,24.0,67.7
2026-02-12 03:34:42,HBD,Clear,0.06,9.35,0.7,14.0,71.3
2026-05-10 17:48:31,HBD,Fog,0.76,3.09,1.3,28.6,46.4
2026-01-30 05:44:55,HBD,Fog,0.84,2.68,0.1,24.0,93.9
2026-06-25 17:42:58,HBD,Rain,0.26,6.96,8.8,27.2,54.0
2026-04-14 02:31:53,HBD,Fog,0.92,3.15,1.2,23.0,88.5
2026-05-27 09:13:03,HBD,Fog,0.51,6.59,1.5,37.1,33.3
2026-04-12 13:27:46,HBD,Clear,0.2,7.32,1.2,34.8,42.0
2026-06-09 03:09:28,HBD,Cloudy,0.39,6.55,0.2,24.7,73.7
2026-03-13 03:16:01,HBD,Clear,0.69,4.25,0.3,23.6,74.2
2026-04-25 14:25:10,HBD,Clear,0.4,6.28,1.3,18.9,43.9
2026-04-18 22:49:05,HBD,Clear,0.26,8.08,0.8,22.9,96.5
2026-03-13 19:18:58,HBD,Clear,0.4,6.05,1.2,19.0,53.0
2026-06-23 04:16:56,HBD,Clear,0.42,6.74,1.4,27.4,51.6
2026-03-13 19:25:17,HBD,Cloudy,0.26,7.6,0.2,16.7,77.9
2026-03-27 22:29:54,HBD,Rain,0.32,6.81,21.9,35.2,100.0
2026-01-24 03:41:52,HBD,Clear,0.7,4.14,0.1,36.3,50.5
2026-06-14 02:50:30,HBD,Clear,0.29,6.8,1.3,33.1,54.1
2026-06-05 00:17:10,HBD,Rain,0.27,6.65,5.1,12.6,85.5
2026-01-04 05:45:23,HBD,Clear,0.35,6.74,1.2,28.3,63.9
2026-06-27 05:03:04,HBD,Cloudy,0.23,8.84,1.1,19.0,64.8
2026-01-24 06:06:00,HBD,Rain,0.42,5.37,7.6,21.3,73.5
2026-02-03 07:17:51,HBD,Cloudy,0.15,8.42,0.3,41.3,80.7
2026-03-15 16:38:59,HBD,Fog,0.66,4.21,1.2,23.9,48.6
2026-04-16 00:15:18,HBD,Cloudy,0.06,8.83,0.6,22.2,100.0
2026-03-19 02:38:12,HBD,Clear,0.25,7.95,0.9,19.3,46.6
2026-01-28 19:21:14,HBD,Fog,0.57,4.71,0.8,8.4,83.1
2026-06-19 05:37:28,HBD,Fog,0.63,4.21,0.8,18.4,47.5
2026-01-24 09:19:01,HBD,Clear,0.4,6.95,0.6,26.6,82.5
2026-04-28 13:42:05,HBD,Clear,0.45,6.27,0.8,26.9,47.5
2026-04-13 05:00:32,HBD,Clear,0.02,10.06,0.6,39.2,52.7
2026-04-01 05:07:14,HBD,Cloudy,0.05,9.88,0.3,35.8,57.3
2026-03-21 04:49:29,HBD,Clear,0.29,7.98,0.7,24.0,35.5
2026-03-06 16:18:58,HBD,Fog,0.42,5.85,1.0,14.4,41.2
2026-06-15 19:22:10,HBD,Clear,0.44,6.07,1.3,17.0,66.8
2026-06-01 02:09:28,HBD,Clear,0.09,9.55,1.5,29.9,58.2
2026-01-07 05:50:05,HBD,Rain,0.39,4.64,19.6,32.8,78.7
2026-04-04 04:06:03,HBD,Clear,0.22,8.66,0.8,32.9,40.2
2026-06-20 04:38:18,HBD,Rain,0.17,8.29,5.1,36.4,38.1
2026-04-03 07:03:32,HBD,Clear,0.48,5.68,0.8,12.7,87.0
2026-06-04 22:28:13,HBD,Rain,0.46,3.86,2.6,24.6,82.0
2026-05-19 05:43:38,HBD,Clear,0.19,7.53,0.4,25.4,59.6
2026-04-17 05:44:46,HBD,Cloudy,0.34,6.31,0.6,19.1,77.3
2026-02-14 20:24:49,HBD,Rain,0.35,5.84,15.6,18.7,28.4
2026-05-04 15:08:02,HBD,Clear,0.13,8.71,0.6,28.3,68.9
2026-03-07 15:42:20,HBD,Cloudy,0.28,7.72,0.3,38.2,53.9
2026-04-08 00:04:59,HBD,Clear,0.21,8.37,1.2,31.6,99.0
2026-05-01 00:43:38,HBD,Clear,0.11,7.98,0.3,19.9,46.9
2026-03-30 21:46:02,HBD,Clear,0.38,6.72,0.7,27.8,75.1
2026-01-26 01:53:29,HBD,Fog,0.62,5.01,0.5,31.3,71.4
2026-03-17 09:39:51,HBD,Clear,0.19,8.05,0.3,21.9,43.4
2026-03-22 10:17:58,HBD,Clear,0.17,8.76,1.5,19.8,67.5
2026-02-08 16:44:43,HBD,Clear,0.09,8.84,0.1,10.1,87.0
2026-03-28 07:42:35,HBD,Clear,0.39,7.02,1.4,23.5,71.4
2026-01-11 01:52:56,HBD,Cloudy,0.08,9.77,0.1,21.0,90.2
2026-01-02 12:42:01,HBD,Rain,0.08,8.36,4.9,27.1,57.8
2026-02-25 05:11:27,HBD,Clear,0.35,7.31,0.5,20.7,62.0
2026-03-09 02:54:45,HBD,Clear,0.33,7.17,1.3,11.0,41.4
2026-04-25 14:10:02,HBD,Rain,0.03,8.73,5.7,19.6,77.7
2026-06-17 04:09:33,HBD,Cloudy,0.24,8.47,0.6,19.6,80.8
2026-06-09 13:52:25,HBD,Clear,0.26,7.83,0.3,6.5,47.3
2026-01-04 17:22:57,HBD,Clear,0.33,6.14,1.0,8.2,83.8
2026-03-16 15:22:56,HBD,Clear,0.12,9.51,1.4,21.4,64.3
2026-02-21 10:37:04,HBD,Clear,0.16,8.32,1.2,14.7,81.8
2026-02-01 19:12:21,HBD,Fog,0.64,4.94,1.1,21.4,95.7
2026-04-09 20:29:08,HBD,Fog,0.84,3.13,1.1,14.7,72.3
2026-04-13 20:20:29,HBD,Clear,0.05,9.72,0.9,18.9,70.4
2026-04-06 03:22:06,HBD,Fog,0.49,5.19,1.0,13.1,53.2
2026-04-16 20:18:22,HBD,Cloudy,0.21,8.27,0.7,15.2,58.8
2026-03-31 03:38:50,HBD,Clear,0.15,8.97,0.0,41.1,50.7
2026-01-28 09:22:39,HBD,Clear,0.65,4.85,0.5,22.1,52.1
2026-04-11 19:18:19,HBD,Clear,0.27,7.28,0.2,18.1,41.6
2026-02-22 08:23:19,HBD,Clear,0.03,10.49,0.9,21.7,60.0
2026-04-25 08:16:38,HBD,Fog,0.48,6.15,1.3,18.0,57.0
2026-04-21 07:56:21,HBD,Fog,0.77,2.98,1.3,35.2,77.3
2026-04-23 15:08:27,HBD,Cloudy,0.04,9.26,0.7,21.3,55.1
2026-04-03 10:39:40,HBD,Clear,0.36,7.21,0.6,16.1,67.8
2026-02-25 16:46:55,HBD,Clear,0.22,7.78,0.4,12.7,83.8
2026-02-14 11:05:32,HBD,Clear,0.2,9.05,0.8,19.5,72.5
2026-03-30 02:56:31,HBD,Clear,0.11,9.01,0.1,29.6,60.1
2026-02-03 12:08:55,HBD,Rain,0.03,8.34,24.0,13.9,45.5
2026-06-08 17:02:09,HBD,Clear,0.44,6.43,0.7,16.9,61.0
2026-01-08 07:21:25,HBD,Clear,0.33,6.62,0.1,15.7,69.8
2026-06-01 12:01:26,HBD,Fog,0.72,3.53,1.3,23.7,55.0
2026-01-24 07:50:38,HBD,Clear,0.41,6.48,0.8,28.3,63.9
2026-01-22 17:28:33,HBD,Clear,0.25,7.7,0.1,20.1,89.7
2026-02-20 22:01:09,HBD,Clear,0.12,8.17,1.2,16.5,71.4
2026-05-21 12:53:27,HBD,Fog,0.52,5.53,0.7,38.6,76.8
2026-05-03 03:20:44,HBD,Fog,0.7,5.04,0.1,15.4,47.7
2026-04-09 15:28:44,HBD,Clear,0.3,8.05,0.7,25.1,56.9
2026-02-01 04:22:33,HBD,Clear,0.15,8.17,0.7,25.4,45.5
2026-02-22 05:26:45,HBD,Cloudy,0.08,10.11,0.9,36.6,69.8
2026-04-30 14:00:42,HBD,Cloudy,0.13,8.82,0.7,10.7,67.4
2026-04-05 13:44:36,HBD,Cloudy,0.21,8.19,0.4,19.4,65.7
2026-02-20 09:02:36,HBD,Clear,0.28,7.58,0.6,39.9,77.3
2026-03-24 16:27:07,HBD,Clear,0.19,8.66,0.8,18.3,56.5
2026-05-04 20:30:40,HBD,Clear,0.38,6.62,1.1,32.2,37.4
2026-01-05 02:00:06,HBD,Clear,0.19,8.15,0.4,30.9,41.8
2026-04-17 22:21:55,HBD,Cloudy,0.49,6.07,0.1,31.4,62.3
2026-03-28 09:43:24,HBD,Clear,0.44,6.18,0.7,20.7,71.1
2026-03-01 12:44:30,HBD,Clear,0.13,8.72,0.4,17.2,59.0
2026-03-02 06:25:24,HBD,Rain,0.31,5.84,9.8,5.2,73.0
2026-01-07 07:11:25,HBD,Cloudy,0.42,6.36,1.4,36.2,85.8
2026-05-19 13:07:58,HBD,Fog,0.81,3.57,0.6,25.0,62.6
2026-03-10 22:07:15,HBD,Clear,0.42,6.94,0.2,24.8,70.3
2026-03-14 22:44:16,HBD,Clear,0.45,6.89,1.2,21.8,51.2
2026-04-05 08:08:48,HBD,Cloudy,0.44,6.92,0.3,14.1,70.5
2026-03-22 09:23:18,HBD,Cloudy,0.29,8.18,0.7,13.7,50.0
2026-06-23 09:18:00,HBD,Rain,0.25,6.46,27.3,26.8,75.2
2026-01-06 20:51:25,HBD,Clear,0.48,5.9,1.3,21.3,58.1
2026-01-28 00:42:01,HBD,Clear,0.11,10.2,1.4,23.5,50.5
2026-02-07 03:43:01,HBD,Rain,0.54,4.24,9.7,20.9,66.3
2026-05-20 08:19:03,HBD,Clear,0.65,4.92,1.3,42.1,99.4
2026-04-26 09:24:40,HBD,Clear,0.3,7.78,1.0,25.7,86.3
2026-05-28 23:42:10,HBD,Clear,0.31,7.71,0.8,30.2,76.2
2026-04-23 14:29:20,HBD,Cloudy,0.38,6.78,0.2,19.1,49.9
2026-01-04 02:56:48,HBD,Cloudy,0.14,8.71,1.1,30.0,56.6
2026-02-06 20:40:14,HBD,Clear,0.05,9.7,1.0,23.2,52.0
2026-04-18 21:27:27,HBD,Fog,0.5,5.55,0.5,16.2,82.9
2026-02-15 06:59:27,HBD,Clear,0.06,9.48,0.5,33.1,66.5
2026-03-08 01:11:46,HBD,Clear,0.34,7.69,1.2,31.5,58.2
2026-05-28 09:49:40,HBD,Clear,0.06,9.6,0.6,23.5,83.7
2026-03-28 17:49:08,HBD,Clear,0.19,8.37,0.5,20.7,64.6
2026-01-03 11:03:55,HBD,Clear,0.03,9.62,0.1,32.8,62.0
2026-04-05 02:30:49,HBD,Fog,0.44,6.5,1.3,20.9,63.1
2026-01-26 15:27:53,HBD,Clear,0.38,6.36,0.2,22.9,54.1
2026-05-18 01:05:57,HBD,Cloudy,0.2,8.52,0.3,31.9,54.9
2026-01-25 01:04:37,HBD,Cloudy,0.13,8.63,0.9,28.8,47.1
2026-02-19 05:55:30,HBD,Cloudy,0.24,7.86,0.8,11.4,83.8
2026-01-07 08:44:16,HBD,Cloudy,0.23,7.68,0.2,25.4,70.4
2026-01-07 13:20:04,HBD,Rain,0.32,6.64,4.5,23.6,57.4
2026-01-11 07:49:10,HBD,Cloudy,0.24,8.19,0.3,19.8,20.0
2026-02-10 05:33:12,HBD,Clear,0.25,8.14,0.4,18.3,76.4
2026-05-28 20:02:42,HBD,Rain,0.42,5.21,4.6,21.1,60.3
2026-04-04 23:21:34,HBD,Clear,0.3,6.98,1.0,0.4,87.1
2026-04-29 20:37:28,HBD,Rain,0.37,6.06,4.1,22.7,88.4
2026-06-02 21:18:18,HBD,Fog,0.66,3.62,1.5,21.4,54.3
2026-01-15 05:10:51,HBD,Cloudy,0.32,6.85,0.8,34.7,55.1
2026-01-29 02:28:04,HBD,Cloudy,0.26,7.63,0.7,32.2,71.5
2026-06-30 19:03:22,HBD,Clear,0.15,8.2,0.4,20.8,75.6
2026-02-05 01:41:23,HBD,Clear,0.32,7.77,0.2,16.2,54.2
2026-01-19 09:52:05,HBD,Rain,0.52,4.03,3.0,30.7,38.6
2026-02-06 17:15:15,HBD,Clear,0.03,9.42,1.3,15.3,83.9
2026-04-16 18:35:29,HBD,Fog,0.39,6.41,1.1,32.2,90.2
2026-02-18 11:09:32,HBD,Fog,0.59,3.76,0.7,36.9,65.9
2026-01-02 05:47:30,HBD,Rain,0.13,7.09,9.0,26.5,70.5
2026-04-26 18:54:10,HBD,Clear,0.03,9.7,0.6,16.7,70.6
2026-01-17 07:57:17,HBD,Cloudy,0.21,8.14,1.1,15.0,86.5
2026-02-21 16:06:49,HBD,Fog,0.54,5.04,1.2,14.0,87.5
2026-04-01 19:19:31,HBD,Cloudy,0.68,3.87,0.6,18.4,62.6
2026-02-28 17:43:51,HBD,Cloudy,0.26,8.87,0.5,18.6,60.9
2026-05-10 02:12:15,HBD,Clear,0.45,6.04,0.5,29.8,69.8
2026-03-10 17:22:40,HBD,Cloudy,0.18,8.37,0.5,18.5,79.1
2026-05-10 12:05:21,HBD,Cloudy,0.07,9.14,1.0,23.0,63.4
2026-01-17 19:40:35,HBD,Fog,0.72,4.28,0.2,18.3,100.0
2026-05-08 07:44:01,HBD,Clear,0.15,8.88,1.1,32.5,55.9
2026-03-10 22:19:51,HBD,Cloudy,0.12,8.09,1.0,22.6,45.9
2026-04-11 08:06:59,HBD,Cloudy,0.05,9.76,0.9,17.7,63.4
2026-04-14 14:38:50,HBD,Clear,0.25,7.57,0.5,25.9,64.4
2026-05-01 20:37:13,HBD,Cloudy,0.46,6.65,0.8,25.8,68.9
2026-03-09 03:35:38,HBD,Cloudy,0.49,6.06,0.4,23.8,42.6
2026-05-03 17:53:49,HBD,Cloudy,0.36,6.76,0.7,32.6,76.3
2026-06-06 01:01:51,HBD,Clear,0.5,6.83,1.2,28.0,42.4
2026-05-17 02:13:21,HBD,Clear,0.22,8.52,0.3,25.2,66.6
2026-01-02 22:35:17,HBD,Clear,0.45,6.44,0.4,35.8,69.3
2026-04-16 14:59:15,HBD,Clear,0.29,7.48,0.4,38.4,62.5
2026-04-02 04:54:28,HBD,Clear,0.15,8.93,0.9,31.1,47.0
2026-01-20 17:26:48,HBD,Fog,0.41,6.07,1.0,21.0,70.6
2026-04-09 16:11:36,HBD,Clear,0.19,8.45,1.1,29.3,69.4
2026-02-14 20:42:17,HBD,Clear,0.32,7.23,0.8,22.5,32.0
2026-03-26 21:35:57,HBD,Cloudy,0.39,6.84,1.2,30.5,79.2
2026-02-17 16:41:21,HBD,Rain,0.46,5.03,3.2,13.2,90.5
2026-02-09 01:55:06,HBD,Fog,0.51,5.81,0.5,21.5,95.2
2026-02-14 14:20:17,HBD,Cloudy,0.04,10.23,1.4,21.6,42.2
2026-06-28 08:50:00,HBD,Clear,0.03,9.39,1.2,26.9,24.6
2026-06-07 16:44:31,HBD,Cloudy,0.38,6.39,0.6,15.8,79.9
2026-05-08 13:44:52,HBD,Clear,0.21,8.4,1.0,22.9,32.0
2026-03-21 20:35:02,HBD,Clear,0.29,7.71,1.2,12.0,71.7
2026-06-11 04:09:10,HBD,Clear,0.28,7.66,1.5,28.8,98.2
2026-04-16 18:04:30,HBD,Clear,0.25,7.84,0.7,26.4,100.0
2026-04-03 04:52:30,HBD,Cloudy,0.09,9.29,0.3,19.5,26.5
2026-04-30 02:17:20,HBD,Fog,0.59,4.54,0.9,17.6,87.3
2026-03-31 00:27:18,HBD,Rain,0.24,6.2,7.3,15.5,58.4
2026-04-30 13:07:23,HBD,Cloudy,0.45,5.91,1.0,14.6,79.2
2026-02-11 01:00:05,HBD,Clear,0.31,7.14,0.6,23.4,100.0
2026-04-11 13:28:34,HBD,Rain,0.4,4.94,5.0,25.3,61.2
2026-06-11 22:03:01,HBD,Fog,0.73,3.74,0.8,19.5,56.2
2026-02-21 22:12:31,HBD,Clear,0.03,9.5,0.4,20.8,72.0
2026-03-03 17:45:26,HBD,Fog,0.59,5.12,0.5,15.3,85.2
2026-04-25 11:10:50,HBD,Clear,0.07,9.24,1.0,13.2,54.3
2026-06-24 13:42:45,HBD,Cloudy,0.35,6.83,1.2,25.3,63.6
2026-05-17 19:33:20,HBD,Clear,0.55,5.41,1.3,17.5,85.3
2026-03-19 17:49:05,HBD,Rain,0.2,7.37,11.0,26.7,26.3
2026-04-20 00:41:18,HBD,Rain,0.1,7.67,4.2,27.1,73.4
2026-01-23 06:00:12,HBD,Clear,0.35,7.7,0.8,35.7,79.2
2026-03-10 20:00:21,HBD,Cloudy,0.41,6.94,1.4,25.3,87.2
2026-06-12 03:54:28,HBD,Clear,0.04,9.98,1.2,13.2,49.2
2026-01-02 01:34:18,HBD,Clear,0.25,7.93,0.4,23.0,71.7
2026-06-18 00:35:33,HBD,Fog,0.41,5.69,0.4,34.5,70.2
2026-02-22 05:29:48,HBD,Clear,0.27,7.58,1.2,20.6,77.4
2026-01-09 06:43:30,HBD,Rain,0.05,8.51,9.6,21.4,74.0
2026-04-07 20:31:51,HBD,Clear,0.24,7.01,0.7,22.3,65.3
2026-04-11 11:12:48,HBD,Clear,0.19,8.41,0.1,39.9,60.1
2026-01-08 16:17:54,HBD,Cloudy,0.3,8.09,1.0,15.7,73.7
2026-02-06 20:29:53,HBD,Cloudy,0.11,9.32,0.8,9.0,93.8
2026-03-14 19:07:33,HBD,Cloudy,0.38,6.46,0.6,18.2,51.3
2026-02-20 22:34:30,HBD,Clear,0.4,6.55,1.1,25.9,81.3
2026-06-02 02:33:10,HBD,Cloudy,0.19,8.79,0.6,29.6,64.8
2026-06-21 11:32:53,HBD,Clear,0.13,8.78,0.9,19.3,87.2
2026-01-18 01:05:21,HBD,Clear,0.49,6.11,0.7,25.7,75.4
2026-03-21 08:38:52,HBD,Fog,0.67,5.18,0.1,14.6,75.8
2026-06-29 03:50:29,HBD,Clear,0.08,8.81,0.7,22.2,59.1
2026-04-13 07:08:23,HBD,Cloudy,0.37,6.63,0.7,28.4,78.7
2026-03-12 13:09:54,HBD,Rain,0.3,6.56,7.5,19.4,74.8
2026-03-22 22:08:08,HBD,Clear,0.16,8.26,1.0,13.0,72.0
2026-03-30 05:23:39,HBD,Rain,0.23,7.05,11.4,30.0,86.4
2026-04-15 03:34:38,HBD,Fog,0.41,6.89,1.5,29.0,66.7
2026-04-25 22:44:50,HBD,Fog,0.65,4.01,0.8,32.9,77.2
2026-06-18 09:16:19,HBD,Cloudy,0.52,5.8,0.2,38.5,88.5
2026-03-05 01:26:34,HBD,Fog,0.81,3.61,1.0,36.0,79.3
2026-04-16 03:42:45,HBD,Rain,0.34,6.34,5.0,14.3,71.4
2026-01-28 00:01:03,HBD,Clear,0.11,9.17,0.6,20.2,52.6
2026-06-19 21:27:09,HBD,Fog,0.54,6.23,1.0,23.5,95.4
2026-04-22 15:10:41,HBD,Clear,0.06,9.49,0.9,43.8,42.5
2026-04-21 21:50:11,HBD,Clear,0.1,9.25,1.0,20.0,56.4
2026-02-11 07:11:00,HBD,Rain,0.37,5.34,12.1,15.4,64.5
2026-01-19 04:09:12,HBD,Cloudy,0.2,8.23,0.1,20.4,36.2
2026-02-12 11:51:08,HBD,Clear,0.07,9.32,1.2,7.7,76.3
2026-05-16 03:48:09,HBD,Clear,0.27,7.69,0.5,11.6,100.0
2026-02-07 23:13:15,HBD,Clear,0.38,6.42,1.0,27.7,64.5
2026-04-30 23:21:30,HBD,Clear,0.14,8.82,1.3,29.4,62.5
2026-06-19 07:51:05,HBD,Rain,0.09,7.54,17.7,29.4,42.3
2026-04-23 01:22:48,HBD,Clear,0.2,8.88,0.0,25.4,69.8
2026-02-14 17:19:18,HBD,Clear,0.46,5.95,0.2,21.5,55.6
2026-01-17 02:21:23,HBD,Clear,0.15,8.74,0.3,43.7,49.1
2026-03-16 14:26:38,HBD,Cloudy,0.32,7.35,1.0,41.9,71.9
2026-03-22 02:40:31,HBD,Cloudy,0.17,9.12,0.3,28.6,71.9
2026-05-31 12:33:56,HBD,Cloudy,0.23,8.22,0.8,13.1,83.6
2026-02-04 01:37:20,HBD,Fog,0.71,4.0,1.3,28.4,84.7
2026-06-08 00:02:16,HBD,Clear,0.38,6.98,0.3,19.4,44.1
2026-04-26 07:58:43,HBD,Cloudy,0.17,8.48,0.3,14.9,50.5
2026-03-27 01:11:12,HBD,Clear,0.44,6.16,1.0,23.1,80.4
2026-01-14 22:59:11,HBD,Rain,0.14,7.75,8.4,28.0,58.2
2026-01-30 23:55:29,HBD,Rain,0.25,7.0,13.6,29.3,28.2
2026-06-16 07:31:35,HBD,Cloudy,0.41,6.08,0.8,18.8,52.7
2026-02-03 05:52:09,HBD,Rain,0.29,6.56,5.2,20.9,53.1
2026-04-10 05:34:47,HBD,Clear,0.44,6.09,0.8,26.3,56.5
2026-01-22 18:32:20,HBD,Clear,0.58,4.83,0.8,18.9,42.5
2026-05-28 17:53:42,HBD,Clear,0.08,9.28,1.5,9.1,100.0
2026-03-26 10:20:53,HBD,Clear,0.15,9.07,0.7,35.1,38.4
2026-05-06 21:57:40,HBD,Clear,0.13,9.02,1.4,21.6,20.0
2026-01-12 01:39:30,HBD,Clear,0.51,6.53,0.7,24.9,57.3
2026-01-20 21:16:57,HBD,Fog,0.61,4.67,1.1,16.2,75.6
2026-01-30 02:39:11,HBD,Clear,0.19,8.84,0.6,23.9,78.4
2026-05-22 18:58:25,HBD,Clear,0.24,7.67,0.0,32.2,67.7
2026-05-21 05:38:05,HBD,Cloudy,0.46,5.63,1.2,22.8,94.4
2026-01-21 07:33:10,HBD,Clear,0.24,8.15,1.3,28.7,49.2
2026-03-22 02:46:20,HBD,Cloudy,0.17,8.89,0.6,28.4,58.8
2026-04-14 12:26:56,HBD,Cloudy,0.17,8.48,0.6,21.2,68.8
2026-01-03 05:08:18,HBD,Clear,0.41,6.44,1.5,7.4,71.5
2026-04-02 18:18:06,HBD,Clear,0.34,6.82,1.5,25.2,38.1
2026-01-23 18:49:54,HBD,Cloudy,0.05,9.59,0.0,32.9,60.4
2026-03-28 06:06:37,HBD,Clear,0.38,7.19,0.9,38.0,62.3
2026-04-23 16:02:01,HBD,Fog,0.98,1.48,1.0,17.2,100.0
2026-06-02 09:11:26,HBD,Clear,0.06,9.54,0.4,41.9,94.3
2026-06-23 04:34:17,HBD,Fog,0.76,4.08,0.3,34.3,80.2
2026-02-23 03:30:25,HBD,Clear,0.26,8.17,0.7,30.1,83.0
2026-04-04 16:24:28,HBD,Fog,0.93,0.82,1.5,26.9,92.3
2026-01-09 19:54:56,HBD,Clear,0.31,7.5,1.4,28.0,83.1
2026-04-18 20:41:12,HBD,Clear,0.33,6.59,1.2,17.0,69.8
2026-04-18 19:27:49,HBD,Clear,0.47,5.22,0.0,29.6,82.7
2026-02-23 22:12:36,HBD,Rain,0.16,7.35,15.0,34.3,79.4
2026-06-15 21:05:32,HBD,Fog,0.61,4.68,0.3,26.7,67.6
2026-02-18 04:42:28,HBD,Rain,0.17,7.01,1.1,31.5,45.9
2026-03-25 15:28:53,HBD,Clear,0.38,6.44,0.3,22.4,76.3
2026-02-23 21:02:01,HBD,Cloudy,0.34,6.62,0.7,18.7,89.2
2026-02-05 18:05:01,HBD,Cloudy,0.12,9.96,0.8,20.7,100.0
2026-06-28 13:21:46,HBD,Cloudy,0.15,8.82,0.4,25.1,26.3
2026-03-05 11:48:20,HBD,Cloudy,0.14,8.64,0.8,30.6,58.4
2026-05-28 00:44:09,HBD,Cloudy,0.08,9.19,1.2,19.7,41.1
2026-05-31 17:36:32,HBD,Cloudy,0.34,6.74,0.1,30.7,75.7
2026-05-08 03:16:28,HBD,Rain,0.41,5.86,27.1,32.6,67.3
2026-03-16 22:52:58,HBD,Cloudy,0.18,8.15,1.2,29.1,45.5
2026-02-22 06:06:10,HBD,Cloudy,0.46,6.7,0.3,30.1,83.0
2026-03-26 15:29:05,HBD,Fog,0.48,5.89,0.5,22.6,96.3
2026-06-23 23:02:46,HBD,Clear,0.01,9.76,0.4,40.3,76.9
2026-05-30 14:34:43,HBD,Rain,0.49,4.99,16.0,29.4,85.1
2026-02-11 12:11:07,HBD,Fog,0.69,4.0,0.9,26.1,56.4
2026-01-06 22:55:51,HBD,Clear,0.17,9.29,0.4,20.6,84.7
2026-03-03 04:42:39,HBD,Cloudy,0.01,10.09,0.4,19.1,49.3
2026-04-03 11:44:40,HBD,Clear,0.34,7.32,0.6,15.2,67.4
2026-01-11 21:25:47,HBD,Cloudy,0.18,8.99,1.2,21.1,41.8
2026-04-09 00:25:30,HBD,Clear,0.41,6.16,0.2,21.9,61.5
2026-03-10 16:41:22,HBD,Clear,0.18,8.01,0.4,21.5,23.9
2026-04-29 07:38:59,HBD,Clear,0.24,8.41,1.2,17.6,31.7
2026-04-15 16:48:37,HBD,Clear,0.35,7.93,0.4,10.1,73.0
2026-05-15 20:48:56,HBD,Cloudy,0.55,5.27,1.0,19.8,84.8
2026-06-12 04:31:12,HBD,Clear,0.09,8.93,1.3,20.2,66.6
2026-04-17 05:17:07,HBD,Rain,0.07,8.25,2.8,7.6,47.2
2026-06-19 10:06:14,HBD,Fog,0.62,5.44,0.5,33.8,82.9
2026-02-18 06:40:00,HBD,Clear,0.28,7.55,1.2,24.7,96.0
2026-01-02 08:52:59,HBD,Clear,0.26,8.37,1.0,23.9,54.9
2026-05-08 20:49:57,HBD,Rain,0.05,7.84,12.8,12.7,49.0
2026-04-28 19:27:19,HBD,Fog,0.51,5.86,1.0,31.1,74.4
2026-05-22 17:21:02,HBD,Clear,0.29,7.18,1.0,27.4,75.0
2026-02-28 01:19:32,HBD,Cloudy,0.16,8.85,1.1,19.5,84.5
2026-02-18 09:12:58,HBD,Fog,0.49,5.55,0.7,36.1,77.4
2026-02-08 17:19:10,HBD,Cloudy,0.33,7.65,0.4,23.5,100.0
2026-03-26 09:06:04,HBD,Rain,0.36,6.09,6.9,22.5,20.0
2026-02-01 01:09:36,HBD,Clear,0.09,8.89,1.0,16.4,56.5
2026-04-16 06:50:28,HBD,Clear,0.42,6.92,1.4,18.9,81.0
2026-04-19 21:33:55,HBD,Clear,0.15,8.44,0.8,41.7,61.3
2026-05-07 07:02:53,HBD,Rain,0.19,7.23,8.4,33.2,86.1
2026-05-24 14:09:52,HBD,Clear,0.08,9.11,0.3,25.3,75.8
2026-02-06 17:33:59,HBD,Cloudy,0.48,5.34,0.4,21.0,53.0
2026-02-15 15:43:07,HBD,Clear,0.46,6.77,1.0,29.4,62.0
2026-05-12 04:29:01,HBD,Clear,0.07,10.44,0.0,9.5,87.5
2026-06-15 02:23:15,HBD,Clear,0.51,4.77,1.4,28.9,46.7
2026-02-17 03:21:34,HBD,Rain,0.32,6.59,10.9,14.5,65.9
2026-06-01 16:55:43,HBD,Cloudy,0.27,8.23,1.0,37.9,83.0
2026-01-05 21:51:56,HBD,Fog,0.95,2.06,1.1,30.1,47.5
2026-04-23 16:48:21,HBD,Clear,0.25,7.43,1.2,16.8,59.7
2026-04-20 20:18:46,HBD,Clear,0.1,8.81,0.7,10.9,37.5
2026-06-04 04:32:41,HBD,Rain,0.68,3.37,2.5,27.7,75.2
2026-04-07 02:33:19,HBD,Clear,0.15,8.15,0.1,14.4,58.7
2026-05-03 13:49:12,HBD,Cloudy,0.06,9.86,0.0,32.6,81.4
2026-01-08 23:25:47,HBD,Clear,0.34,7.54,1.2,16.9,100.0
2026-06-22 23:01:55,HBD,Rain,0.06,7.58,12.9,31.0,65.7
2026-02-04 21:45:36,HBD,Cloudy,0.34,7.23,0.9,21.7,57.8
2026-01-15 22:39:36,HBD,Fog,0.71,4.09,0.0,19.0,98.3
2026-02-18 18:20:34,HBD,Cloudy,0.15,9.02,0.5,22.8,58.2
2026-05-12 22:41:15,HBD,Clear,0.65,5.02,0.9,33.2,82.0
2026-06-08 11:17:10,HBD,Clear,0.54,5.87,1.4,32.5,80.4
2026-06-18 06:46:48,HBD,Clear,0.42,5.98,1.0,27.0,71.3
2026-04-26 07:13:20,HBD,Clear,0.21,7.98,1.2,25.6,76.0
2026-01-23 10:55:54,HBD,Clear,0.46,6.41,0.4,19.5,41.7
2026-03-25 09:20:27,HBD,Cloudy,0.37,7.41,0.7,32.7,47.4
2026-03-27 01:24:23,HBD,Rain,0.49,4.9,2.8,32.8,95.3
2026-05-04 10:42:58,HBD,Cloudy,0.66,3.78,0.8,21.3,69.9
2026-06-07 01:10:50,HBD,Clear,0.36,6.9,0.2,28.1,94.2
2026-03-13 08:55:51,HBD,Clear,0.22,8.08,0.4,26.4,62.6
2026-04-21 02:12:50,HBD,Fog,0.55,6.22,0.5,17.3,76.7
2026-05-07 23:04:21,HBD,Cloudy,0.58,4.98,0.2,20.8,74.4
2026-03-20 16:36:23,HBD,Rain,0.25,6.99,9.0,33.7,50.0
2026-04-07 15:48:44,HBD,Cloudy,0.14,9.84,0.8,19.4,72.7
2026-02-07 00:17:26,HBD,Clear,0.19,8.55,0.2,25.5,44.5
2026-05-12 06:04:55,HBD,Clear,0.36,7.8,0.8,30.5,72.2
2026-01-20 14:43:58,HBD,Rain,0.31,5.55,2.1,9.8,77.6
2026-02-04 10:15:18,HBD,Clear,0.11,8.68,0.4,8.4,64.6
2026-05-30 06:39:49,HBD,Cloudy,0.23,7.66,0.2,27.5,43.2
2026-06-26 20:53:25,HBD,Cloudy,0.16,8.54,0.7,24.5,60.1
2026-06-08 09:44:29,HBD,Cloudy,0.19,7.93,0.3,20.5,48.0
2026-03-14 02:19:45,HBD,Fog,0.68,4.01,1.1,23.7,66.5
2026-01-13 11:38:07,HBD,Fog,0.41,6.21,0.1,31.7,77.7
2026-05-10 18:12:29,HBD,Clear,0.27,7.4,0.9,28.0,98.4
2026-01-11 04:12:11,HBD,Clear,0.12,9.14,0.1,34.5,68.3
2026-06-23 01:40:16,HBD,Clear,0.32,6.83,1.4,37.3,69.0
2026-05-03 17:58:50,HBD,Clear,0.29,7.31,1.1,16.7,98.6
2026-05-17 03:08:48,HBD,Clear,0.15,9.48,0.2,20.4,74.8
2026-01-01 20:03:31,HBD,Fog,0.43,6.9,1.1,16.5,41.1
2026-03-21 11:21:22,HBD,Clear,0.07,10.55,0.4,19.7,49.7
2026-06-19 18:11:39,HBD,Rain,0.31,6.11,5.9,17.6,53.1
2026-02-14 22:35:57,HBD,Clear,0.24,7.89,0.4,25.0,73.9
2026-01-17 08:33:23,HBD,Clear,0.21,7.52,0.2,30.4,96.9
2026-04-09 05:05:11,HBD,Clear,0.29,7.72,1.1,22.2,72.5
2026-04-16 17:45:48,HBD,Rain,0.18,7.06,6.2,30.2,85.3
2026-06-23 21:41:26,HBD,Clear,0.38,7.06,0.3,11.2,76.5
2026-03-23 03:15:25,HBD,Rain,0.55,5.06,12.4,27.0,93.0
2026-05-26 09:14:48,HBD,Rain,0.29,6.19,10.0,25.1,47.8
2026-06-20 09:54:49,HBD,Rain,0.32,5.98,10.9,5.6,56.6
2026-02-23 11:55:45,HBD,Clear,0.51,5.09,0.6,25.8,29.8
2026-05-11 14:51:53,HBD,Cloudy,0.41,6.23,1.3,23.6,41.4
2026-01-31 01:40:52,HBD,Cloudy,0.17,8.67,1.2,36.3,88.9
2026-01-29 05:04:51,HBD,Clear,0.27,8.45,0.0,33.0,41.8
2026-04-11 05:01:23,HBD,Clear,0.29,7.69,0.1,14.9,20.0
2026-06-29 12:10:02,HBD,Clear,0.08,9.34,0.0,43.6,63.5
2026-04-13 16:26:42,HBD,Clear,0.26,7.18,1.0,34.0,74.6
2026-01-18 05:58:38,HBD,Cloudy,0.36,7.07,0.9,15.9,73.6
2026-06-14 13:56:43,HBD,Clear,0.07,9.12,1.0,36.8,72.8
2026-06-14 18:28:00,HBD,Clear,0.08,9.48,1.3,27.0,65.4
2026-06-12 17:52:51,HBD,Clear,0.17,8.43,0.8,20.1,79.8
2026-05-15 18:48:21,HBD,Clear,0.44,5.98,0.5,27.7,87.6
2026-03-19 22:07:21,HBD,Clear,0.67,4.22,0.0,26.3,73.8
2026-01-15 00:16:18,HBD,Clear,0.05,9.66,0.7,27.6,66.3
2026-04-02 16:15:42,HBD,Cloudy,0.19,8.89,0.4,24.3,48.3
2026-06-12 19:01:29,HBD,Rain,0.2,6.53,2.1,19.6,76.3
2026-03-12 20:29:45,HBD,Clear,0.57,5.68,0.8,22.9,50.5
2026-01-17 12:42:59,HBD,Fog,0.54,5.48,1.2,19.0,51.8
2026-05-11 22:25:44,HBD,Cloudy,0.45,7.01,1.5,8.7,38.9
2026-02-27 20:12:14,HBD,Clear,0.55,5.18,1.4,14.6,90.1
2026-06-26 21:24:00,HBD,Fog,0.43,6.38,0.6,21.6,52.4
2026-03-03 21:45:56,HBD,Cloudy,0.24,8.16,0.4,15.0,92.0
2026-03-27 09:46:35,HBD,Clear,0.34,6.89,1.3,29.9,77.7
2026-05-11 13:20:25,HBD,Clear,0.47,5.18,1.4,30.2,93.1
2026-06-08 21:03:14,HBD,Clear,0.15,7.99,1.5,20.3,52.7
2026-01-26 20:48:37,HBD,Cloudy,0.27,8.64,1.5,16.6,69.1
2026-04-17 20:30:30,HBD,Rain,0.17,7.87,1.8,12.2,32.4
2026-01-29 07:02:38,HBD,Clear,0.27,8.26,0.6,21.9,64.2
2026-06-28 05:09:18,HBD,Rain,0.04,8.64,4.9,27.8,55.9
2026-05-04 08:30:10,HBD,Clear,0.25,8.0,0.3,12.3,58.8
2026-01-22 18:21:55,HBD,Cloudy,0.43,5.98,0.2,12.4,100.0
2026-01-14 05:22:11,HBD,Cloudy,0.18,9.2,1.2,7.3,80.5
2026-05-26 01:06:33,HBD,Clear,0.47,6.32,1.4,14.3,52.9
2026-02-01 04:49:44,HBD,Fog,0.44,5.9,1.3,35.3,92.7
2026-01-11 19:51:50,HBD,Clear,0.34,6.21,0.8,28.5,55.1
2026-05-20 19:38:24,HBD,Rain,0.34,6.02,6.3,20.3,68.1
2026-06-24 03:39:10,HBD,Clear,0.24,8.49,1.5,21.4,65.5
2026-01-09 10:21:24,HBD,Cloudy,0.41,6.2,0.9,39.4,91.9
2026-04-04 17:39:21,HBD,Cloudy,0.44,5.72,0.0,26.1,50.1
2026-05-07 06:25:18,HBD,Clear,0.15,10.15,0.8,37.7,73.8
2026-01-07 19:27:46,HBD,Clear,0.23,8.21,0.5,35.8,83.5
2026-03-18 07:45:11,HBD,Cloudy,0.4,6.49,1.3,13.8,83.6
2026-04-02 15:53:08,HBD,Clear,0.14,9.13,1.4,34.2,89.1
2026-03-18 12:01:09,HBD,Rain,0.42,4.41,1.3,18.4,63.4
2026-03-27 19:26:28,HBD,Cloudy,0.22,7.52,1.4,18.1,76.7
2026-04-04 09:21:46,HBD,Fog,0.64,4.8,0.6,22.4,59.0
2026-01-04 07:58:06,HBD,Clear,0.09,10.03,0.2,31.6,47.4
2026-04-05 13:19:19,HBD,Rain,0.47,4.62,36.6,36.7,63.4
2026-05-10 16:07:06,HBD,Clear,0.35,7.07,0.3,33.1,77.7
2026-02-12 12:04:05,HBD,Clear,0.36,6.85,1.2,34.6,60.6
2026-05-23 17:13:45,HBD,Fog,0.74,2.97,0.3,3.5,55.5
2026-06-15 06:35:24,HBD,Clear,0.43,6.23,0.9,21.6,62.6
2026-04-25 14:32:24,HBD,Clear,0.14,9.06,0.3,29.1,48.0
2026-06-16 07:15:00,HBD,Rain,0.27,6.77,2.8,16.5,70.9
2026-06-03 06:32:11,HBD,Clear,0.32,6.44,1.0,23.3,66.5
2026-02-24 17:01:05,HBD,Rain,0.43,4.64,10.7,18.5,98.0
2026-06-10 13:42:49,HBD,Fog,0.89,2.78,1.0,24.1,62.6
2026-03-21 07:11:53,HBD,Clear,0.19,8.52,0.9,23.8,48.5
2026-03-13 14:21:08,HBD,Cloudy,0.39,7.1,0.0,16.5,76.1
2026-04-06 22:51:49,HBD,Cloudy,0.13,8.83,1.3,28.5,62.7
2026-02-10 02:37:08,HBD,Cloudy,0.38,6.73,0.3,12.4,67.3
2026-02-18 02:49:05,HBD,Clear,0.47,5.86,0.2,22.5,65.3
2026-03-14 23:19:41,HBD,Cloudy,0.42,5.75,0.0,30.2,74.9
2026-03-23 15:09:31,HBD,Clear,0.01,9.92,0.3,27.8,41.0
2026-06-10 23:47:40,HBD,Clear,0.34,7.2,1.0,33.6,47.8
2026-05-27 00:05:45,HBD,Clear,0.3,7.66,0.4,38.3,31.8
2026-01-30 07:22:13,HBD,Fog,0.52,5.16,0.8,30.5,63.6
2026-02-17 05:14:13,HBD,Clear,0.32,7.63,1.5,25.3,50.2
2026-01-11 10:45:34,HBD,Fog,0.63,4.01,0.5,25.1,74.4
2026-02-10 06:45:32,HBD,Clear,0.53,5.17,1.5,29.1,37.8
2026-05-16 18:17:46,HBD,Clear,0.21,8.22,1.0,19.1,49.3
2026-05-13 17:25:16,HBD,Clear,0.32,7.28,0.2,11.5,100.0
2026-04-13 08:09:45,HBD,Clear,0.12,8.83,0.2,13.3,47.8
2026-03-28 13:28:04,HBD,Clear,0.09,9.46,0.2,21.8,53.0
2026-04-06 06:51:10,HBD,Clear,0.47,5.62,1.3,19.2,56.3
2026-06-13 11:39:45,HBD,Rain,0.4,4.63,3.1,7.9,48.8
2026-01-18 09:30:23,HBD,Clear,0.33,7.41,1.2,20.1,52.0
2026-02-06 23:55:10,HBD,Clear,0.05,10.02,0.5,18.3,57.9
2026-01-28 19:17:26,HBD,Fog,0.54,5.2,0.8,29.9,77.3
2026-03-19 23:09:54,HBD,Fog,0.49,5.52,0.4,28.2,44.0
2026-05-06 04:21:55,HBD,Clear,0.34,6.66,1.4,11.3,46.1
2026-02-22 05:48:25,HBD,Clear,0.28,7.24,0.3,21.6,72.6
2026-01-31 21:45:02,HBD,Clear,0.5,5.8,0.6,20.8,61.3
2026-01-21 22:37:45,HBD,Cloudy,0.27,8.16,0.6,33.0,67.9
2026-03-09 09:18:37,HBD,Clear,0.21,7.9,0.7,10.9,81.1
2026-06-14 17:29:31,HBD,Fog,0.57,5.4,0.8,14.2,100.0
2026-01-13 05:40:56,HBD,Fog,0.82,2.7,0.6,16.4,77.1
2026-01-21 11:52:02,HBD,Clear,0.26,7.32,1.2,26.4,65.8
2026-06-28 02:08:44,HBD,Fog,0.52,4.84,1.5,31.2,63.3
2026-06-09 09:18:18,HBD,Rain,0.4,5.61,7.8,21.8,54.7
2026-04-18 22:44:30,HBD,Clear,0.3,6.54,0.6,38.3,69.8
2026-01-31 03:32:42,HBD,Clear,0.29,7.53,0.5,16.7,52.6
2026-05-19 12:32:07,HBD,Clear,0.45,5.27,0.2,40.3,60.3
2026-03-05 06:11:28,HBD,Clear,0.13,9.34,0.8,28.4,60.0
2026-04-05 13:27:43,HBD,Clear,0.29,7.89,0.6,16.1,79.6
2026-01-20 07:45:38,HBD,Clear,0.62,4.26,0.7,39.8,46.7
2026-03-23 15:33:43,HBD,Clear,0.08,9.3,1.0,25.3,64.1
2026-01-23 20:31:28,HBD,Cloudy,0.16,8.37,0.7,23.9,62.2
2026-06-29 22:18:39,HBD,Clear,0.63,4.84,0.6,26.2,66.1
2026-05-02 18:34:48,HBD,Clear,0.14,8.32,0.4,25.4,79.8
2026-01-19 03:16:56,HBD,Cloudy,0.65,4.78,1.2,18.7,73.6
2026-05-12 21:11:45,HBD,Clear,0.19,8.71,0.6,24.1,52.7
2026-06-05 14:31:13,HBD,Fog,0.54,6.82,0.3,43.0,77.7
2026-06-21 01:30:00,HBD,Clear,0.09,9.71,0.4,15.5,87.8
2026-03-30 18:56:38,HBD,Cloudy,0.5,5.39,0.8,13.8,49.5
2026-04-19 22:12:31,HBD,Cloudy,0.27,6.94,0.8,11.3,100.0
2026-02-13 05:17:58,HBD,Rain,0.12,8.51,6.6,22.1,64.9
2026-01-28 00:37:56,HBD,Clear,0.51,5.89,1.3,15.5,83.6
2026-02-01 14:02:06,HBD,Clear,0.09,9.46,1.1,32.8,87.1
2026-05-22 20:52:44,HBD,Clear,0.36,5.86,0.9,31.7,70.9
2026-05-30 23:30:18,HBD,Cloudy,0.18,8.95,1.1,32.6,77.5
2026-03-10 13:23:48,HBD,Clear,0.14,8.79,1.4,19.3,60.3
2026-02-07 10:34:57,HBD,Fog,0.53,5.77,0.3,29.4,68.0
2026-01-18 15:22:36,HBD,Clear,0.3,7.54,1.1,18.2,54.6
2026-05-03 03:38:24,HBD,Clear,0.53,5.21,0.7,26.9,73.4
2026-02-12 08:16:34,HBD,Clear,0.3,7.14,1.1,35.5,100.0
2026-04-08 15:09:23,HBD,Rain,0.31,6.1,2.3,27.7,73.0
2026-05-13 07:55:24,HBD,Cloudy,0.47,6.09,0.9,17.1,56.5
2026-06-19 21:49:07,HBD,Clear,0.04,9.31,0.2,18.6,47.2
2026-01-14 12:39:12,HBD,Cloudy,0.5,6.29,0.6,22.9,70.4
2026-04-01 05:14:10,HBD,Clear,0.29,7.38,1.2,14.0,27.4
2026-01-12 14:04:07,HBD,Clear,0.37,6.22,1.0,20.0,75.3
2026-01-25 20:39:23,HBD,Fog,0.48,5.36,0.7,11.4,66.6
2026-04-29 05:55:36,HBD,Rain,0.19,7.95,14.5,16.7,61.3
2026-05-14 08:01:55,HBD,Clear,0.13,8.24,0.0,17.2,90.0
2026-02-23 18:55:17,HBD,Fog,0.56,5.42,0.6,35.1,73.4
2026-06-15 21:50:10,HBD,Cloudy,0.39,6.85,0.2,35.7,62.7
2026-03-26 23:04:29,HBD,Cloudy,0.32,7.26,1.0,4.4,54.1
2026-06-01 13:05:48,HBD,Clear,0.37,6.0,0.0,23.2,91.5
2026-06-06 04:05:27,HBD,Rain,0.27,6.28,4.6,26.2,58.0
2026-01-12 04:01:18,HBD,Clear,0.28,7.87,0.9,22.1,65.1
2026-01-16 22:33:21,HBD,Clear,0.25,8.45,0.3,30.2,100.0
2026-04-09 08:01:00,HBD,Clear,0.62,4.32,0.4,21.4,42.4
2026-01-13 16:45:19,HBD,Clear,0.34,7.46,1.0,36.2,42.2
2026-05-11 11:14:50,HBD,Clear,0.36,6.56,1.3,28.3,75.8
2026-01-24 13:24:12,HBD,Cloudy,0.41,6.24,1.4,28.6,64.9
2026-01-23 21:00:38,HBD,Clear,0.1,9.22,0.1,22.9,80.6
2026-02-21 03:15:11,HBD,Clear,0.28,7.64,0.3,18.4,59.8
2026-04-14 11:53:28,HBD,Cloudy,0.22,9.18,0.2,23.6,100.0
2026-02-27 06:05:08,HBD,Clear,0.4,7.29,0.6,14.2,74.2
2026-04-28 12:52:05,HBD,Clear,0.09,9.27,0.8,31.0,79.6
2026-02-13 01:33:23,HBD,Rain,0.55,3.78,3.9,29.9,51.6
2026-06-06 18:27:51,HBD,Rain,0.26,7.58,6.5,27.1,68.3
2026-06-11 09:31:01,HBD,Fog,0.45,6.47,0.0,25.6,75.7
2026-01-24 13:20:53,HBD,Clear,0.39,6.25,0.9,39.4,56.3
2026-05-05 07:25:39,HBD,Fog,0.72,4.15,1.0,20.2,55.5
2026-01-22 23:36:58,HBD,Cloudy,0.21,8.45,0.4,28.1,53.7
2026-06-06 08:21:50,HBD,Fog,0.61,4.56,1.1,29.6,88.4
2026-04-09 11:57:33,HBD,Clear,0.21,8.16,0.6,27.6,85.4
2026-05-28 12:06:58,HBD,Rain,0.24,6.26,17.6,21.1,35.4
2026-06-09 01:28:36,HBD,Clear,0.22,8.57,0.4,28.4,65.9
2026-06-20 23:36:01,HBD,Clear,0.22,8.02,1.4,20.8,53.2
2026-01-27 19:03:01,HBD,Fog,0.7,4.32,0.9,14.3,65.2
2026-05-26 15:03:29,HBD,Clear,0.17,8.33,0.8,22.7,61.3
2026-06-03 21:05:18,HBD,Clear,0.17,9.78,0.7,17.8,47.8
2026-05-18 17:09:48,HBD,Rain,0.06,8.3,7.7,16.5,93.0
2026-03-20 18:24:55,HBD,Cloudy,0.26,7.74,0.4,17.0,49.6
2026-05-27 20:20:49,HBD,Clear,0.41,6.65,1.0,21.8,42.1
2026-01-28 06:53:11,HBD,Clear,0.11,9.51,1.2,21.6,65.1
2026-06-18 10:13:30,HBD,Clear,0.31,7.6,1.4,17.0,62.1
2026-02-10 15:34:21,HBD,Cloudy,0.1,9.74,0.0,35.1,57.1
2026-06-24 23:08:10,HBD,Fog,0.52,5.55,1.1,15.6,65.3
2026-02-13 06:49:13,HBD,Cloudy,0.25,8.37,1.3,22.3,55.4
2026-01-17 14:28:58,HBD,Clear,0.08,9.58,0.7,26.3,60.6
2026-02-19 04:20:37,HBD,Clear,0.21,8.09,1.1,17.3,49.7
2026-04-04 12:08:29,HBD,Clear,0.33,7.65,1.2,20.0,53.3
2026-05-23 16:17:45,HBD,Clear,0.33,7.15,0.6,35.1,56.5
2026-03-29 00:47:05,HBD,Clear,0.32,6.96,1.1,17.7,77.7
2026-03-17 23:02:11,HBD,Cloudy,0.24,8.91,0.3,28.6,75.1
2026-01-25 19:42:25,HBD,Cloudy,0.08,9.21,0.6,14.7,61.1
2026-04-28 16:55:33,HBD,Fog,0.7,3.54,0.6,23.0,57.4
2026-03-18 14:16:56,HBD,Clear,0.54,5.03,0.6,27.0,80.5
2026-05-21 17:16:32,HBD,Clear,0.46,6.12,0.4,16.4,63.5
2026-02-13 15:12:17,HBD,Cloudy,0.46,6.59,0.5,14.5,80.6
2026-03-14 15:43:57,HBD,Fog,0.65,3.76,1.1,17.8,71.3
2026-04-09 09:39:59,HBD,Clear,0.25,8.22,1.1,25.3,44.2
2026-01-30 05:13:40,HBD,Rain,0.34,6.97,1.7,7.7,55.1
2026-01-29 19:12:19,HBD,Clear,0.52,5.89,0.6,25.1,75.8
2026-02-04 01:15:35,HBD,Cloudy,0.26,8.18,1.0,21.6,99.2
2026-06-11 10:03:17,HBD,Rain,0.26,6.02,9.7,33.1,85.6
2026-06-20 14:15:48,HBD,Clear,0.55,5.43,0.0,26.1,72.1
2026-02-22 18:52:18,HBD,Clear,0.14,9.02,0.4,27.6,54.4
2026-02-09 07:37:38,HBD,Clear,0.19,9.05,0.7,29.5,97.0
