timestamp,current_station,weather,fog_index,visibility_km,rainfall_mm,temperature_c,humidity_percent
2026-03-25 08:34:24,JBP,Cloudy,0.13,8.49,0.8,19.2,79.8
2026-06-30 19:39:37,JBP,Fog,0.61,4.58,0.5,27.1,83.8
2026-02-06 23:27:10,JBP,Rain,0.33,5.66,1.6,22.6,100.0
2026-04-27 06:59:48,JBP,Cloudy,0.24,7.93,0.7,28.2,58.4
2026-01-29 00:07:20,JBP,Cloudy,0.35,6.25,0.5,14.4,74.7
2026-04-23 23:13:01,JBP,Clear,0.19,9.09,0.0,18.9,100.0
2026-03-22 03:23:01,JBP,Cloudy,0.43,5.81,0.3,-1.8,57.3
2026-04-10 05:12:53,JBP,Rain,0.02,8.38,13.9,12.6,36.9
2026-01-11 23:36:45,JBP,Clear,0.12,8.97,0.0,27.8,63.4
2026-01-22 15:26:32,JBP,Cloudy,0.24,8.33,1.2,21.2,32.1
2026-01-03 13:21:54,JBP,Clear,0.22,7.88,0.8,24.0,72.6
2026-02-11 06:22:11,JBP,Cloudy,0.58,5.03,0.4,20.0,63.1
2026-06-29 17:48:46,JBP,Clear,0.51,6.41,0.9,22.6,56.6
2026-03-16 06:35:02,JBP,Cloudy,0.15,9.23,0.2,13.5,65.7
2026-03-16 15:33:18,JBP,Rain,0.3,6.0,6.8,35.0,81.4
2026-01-21 13:52:54,JBP,Rain,0.32,5.93,17.3,15.8,47.7
2026-05-23 12:49:18,JBP,Clear,0.33,7.95,0.7,26.1,76.1
2026-03-05 06:35:54,JBP,Rain,0.37,4.78,7.1,24.3,38.4
2026-01-06 10:49:26,JBP,Fog,0.79,3.76,0.9,34.0,61.0
2026-04-17 13:14:49,JBP,Cloudy,0.25,8.01,1.0,37.6,61.9
2026-05-19 18:36:13,JBP,Cloudy,0.27,7.38,0.7,25.2,70.5
2026-03-13 17:29:37,JBP,Cloudy,0.36,7.0,0.5,16.5,33.4
2026-01-04 02:20:08,JBP,Clear,0.12,8.65,0.6,27.5,63.0
2026-02-12 18:57:41,JBP,Clear,0.19,8.43,0.2,30.4,65.5
2026-01-21 08:01:50,JBP,Fog,0.53,5.87,0.3,13.0,74.1
2026-03-27 10:53:46,JBP,Cloudy,0.3,7.43,0.4,21.1,69.7
2026-02-05 01:26:58,JBP,Fog,0.6,4.7,0.6,10.8,100.0
2026-01-10 07:35:27,JBP,Fog,0.63,4.63,0.2,32.4,48.9
2026-03-30 06:13:18,JBP,Cloudy,0.26,7.75,1.0,13.4,58.3
2026-03-31 11:21:57,JBP,Cloudy,0.13,9.02,0.9,21.8,73.1
2026-03-12 07:51:44,JBP,Cloudy,0.23,8.08,0.5,31.0,56.4
2026-03-16 17:13:53,JBP,Cloudy,0.55,5.04,0.2,14.8,100.0
2026-02-01 14:40:32,JBP,Cloudy,0.03,9.67,0.9,35.5,64.6
2026-05-03 18:24:56,JBP,Rain,0.42,5.19,9.1,9.9,70.8
2026-04-24 22:28:58,JBP,Clear,0.51,5.34,1.1,9.1,52.1
2026-06-02 04:21:10,JBP,Fog,0.61,5.3,0.9,29.5,60.6
2026-03-08 22:26:23,JBP,Cloudy,0.51,5.61,0.4,36.1,91.3
2026-06-22 11:22:15,JBP,Cloudy,0.11,9.42,0.3,26.3,74.0
2026-06-20 11:07:17,JBP,Clear,0.28,7.27,0.2,24.9,58.2
2026-02-05 19:16:57,JBP,Clear,0.52,5.73,0.0,24.3,51.8
2026-04-10 12:41:40,JBP,Clear,0.05,9.21,0.1,29.2,75.2
2026-06-25 22:03:51,JBP,Cloudy,0.06,9.82,0.7,19.2,66.5
2026-06-19 01:09:21,JBP,Fog,0.36,6.89,0.1,37.3,68.5
2026-04-14 06:48:56,JBP,Cloudy,0.08,9.18,0.1,32.9,71.8
2026-01-20 20:18:13,JBP,Clear,0.07,8.95,1.5,27.2,33.7
2026-01-19 23:15:48,JBP,Rain,0.12,7.46,10.7,25.0,39.8
2026-03-16 19:51:58,JBP,Cloudy,0.2,7.97,0.7,15.4,39.0
2026-02-28 14:09:49,JBP,Rain,0.7,2.41,4.9,24.7,88.6
2026-02-07 05:08:05,JBP,Clear,0.57,4.07,1.5,19.8,42.9
2026-06-28 08:30:19,JBP,Cloudy,0.04,9.81,0.2,24.2,68.4
2026-04-11 12:46:55,JBP,Cloudy,0.17,8.61,0.2,28.5,63.4
2026-04-21 12:10:18,JBP,Cloudy,0.05,9.29,0.1,16.0,48.5
2026-05-27 16:35:21,JBP,Fog,0.76,3.54,1.2,32.5,81.9
2026-04-23 05:20:03,JBP,Clear,0.54,5.09,1.4,17.1,87.6
2026-03-04 21:50:44,JBP,Cloudy,0.35,6.76,0.9,25.8,70.0
2026-04-09 10:51:52,JBP,Rain,0.39,5.86,8.5,26.8,45.3
2026-05-19 20:44:29,JBP,Clear,0.17,8.27,1.3,21.5,60.4
2026-05-21 16:37:06,JBP,Rain,0.15,7.63,10.1,13.5,56.7
2026-05-27 09:48:37,JBP,Cloudy,0.02,9.53,0.0,12.8,57.2
2026-04-22 21:00:42,JBP,Rain,0.21,7.18,17.9,24.9,90.1
2026-05-28 18:16:30,JBP,Clear,0.2,8.16,1.2,14.2,59.6
2026-01-24 14:29:31,JBP,Clear,0.25,7.91,1.4,20.4,74.5
2026-02-15 02:02:48,JBP,Clear,0.55,4.91,0.3,17.5,63.3
2026-06-05 22:17:10,JBP,Rain,0.27,6.07,8.3,18.5,53.3
2026-02-05 07:42:34,JBP,Clear,0.28,7.17,1.4,16.5,63.1
2026-05-17 19:57:07,JBP,Clear,0.23,7.45,0.3,41.1,45.6
2026-02-02 03:45:27,JBP,Rain,0.29,6.97,1.1,35.2,85.7
2026-03-25 14:02:44,JBP,Clear,0.29,7.24,0.9,23.5,32.1
2026-02-01 22:28:14,JBP,Cloudy,0.77,3.28,0.9,26.7,100.0
2026-01-13 03:37:05,JBP,Rain,0.31,5.4,22.5,20.0,83.2
2026-06-03 08:33:25,JBP,Clear,0.44,6.29,1.5,29.4,95.1
2026-02-09 03:19:44,JBP,Rain,0.38,4.69,15.7,30.2,53.2
2026-01-21 20:02:35,JBP,Cloudy,0.11,8.74,1.4,17.3,67.2
2026-05-14 17:24:41,JBP,Rain,0.27,5.84,8.1,15.3,49.0
2026-05-05 18:58:59,JBP,Cloudy,0.11,9.38,0.7,21.3,40.6
2026-02-26 08:40:42,JBP,Rain,0.38,5.67,1.5,20.8,82.6
2026-02-06 13:45:05,JBP,Clear,0.71,4.91,1.2,36.2,68.4
2026-01-29 15:09:48,JBP,Clear,0.06,9.26,1.3,16.2,69.7
2026-01-07 21:19:41,JBP,Fog,0.82,3.56,1.4,18.5,59.3
2026-02-11 19:44:37,JBP,Fog,0.67,4.33,0.8,26.8,53.8
2026-06-26 18:21:10,JBP,Clear,0.26,7.18,0.5,34.4,47.8
2026-06-24 11:07:04,JBP,Clear,0.12,9.32,0.0,15.1,43.8
2026-05-12 12:06:18,JBP,Clear,0.12,9.17,0.4,22.8,54.3
2026-02-18 05:51:51,JBP,Clear,0.39,6.4,1.0,24.0,68.7
2026-02-25 04:34:16,JBP,Cloudy,0.25,7.71,0.7,22.6,48.8
2026-02-19 13:51:28,JBP,Clear,0.16,8.24,0.7,41.7,58.5
2026-03-29 21:20:32,JBP,Clear,0.33,6.03,1.3,18.7,79.6
2026-01-05 00:24:45,JBP,Clear,0.17,8.37,0.3,35.3,63.5
2026-03-18 17:34:25,JBP,Cloudy,0.1,8.58,0.8,30.4,80.5
2026-05-11 19:13:31,JBP,Clear,0.2,8.89,0.0,23.7,38.4
2026-05-23 10:47:21,JBP,Clear,0.21,7.39,0.3,27.7,66.1
2026-01-02 16:31:12,JBP,Clear,0.14,8.23,0.2,23.7,79.4
2026-01-01 00:28:03,JBP,Clear,0.03,10.17,0.6,32.4,55.7
2026-06-12 18:50:32,JBP,Cloudy,0.46,5.74,0.9,24.2,77.8
2026-02-12 09:01:37,JBP,Clear,0.15,8.14,0.8,19.7,56.3
2026-05-21 03:40:48,JBP,Cloudy,0.05,9.58,1.3,28.7,44.3
2026-03-28 19:57:57,JBP,Clear,0.32,7.69,0.8,6.8,57.4
2026-03-04 21:01:07,JBP,Clear,0.55,4.58,0.6,35.8,74.7
2026-03-12 04:31:48,JBP,Cloudy,0.16,8.44,0.4,19.7,21.5
2026-01-27 20:25:50,JBP,Clear,0.21,8.58,1.5,14.5,41.5
2026-06-08 14:51:38,JBP,Clear,0.26,7.64,0.9,34.1,26.4
2026-05-26 18:28:50,JBP,Cloudy,0.03,8.9,0.8,12.2,77.2
2026-06-24 22:11:26,JBP,Clear,0.46,5.83,0.1,27.0,68.5
2026-05-28 15:54:13,JBP,Fog,0.59,5.86,1.4,7.9,67.3
2026-03-23 01:22:39,JBP,Clear,0.39,7.03,1.3,21.8,49.8
2026-02-28 06:48:04,JBP,Clear,0.12,9.6,0.0,20.3,94.7
2026-01-19 22:22:38,JBP,Clear,0.34,7.5,0.9,26.0,28.3
2026-03-22 23:35:16,JBP,Clear,0.32,6.89,1.3,25.0,45.6
2026-05-18 18:36:29,JBP,Clear,0.23,7.92,1.5,20.4,100.0
2026-05-29 19:29:11,JBP,Clear,0.43,6.67,0.3,35.4,73.3
2026-06-06 01:41:39,JBP,Fog,0.82,3.12,1.3,27.5,74.0
2026-04-20 20:00:13,JBP,Cloudy,0.12,9.48,0.8,23.9,47.6
2026-05-03 20:48:54,JBP,Cloudy,0.37,7.08,0.2,23.1,56.3
2026-05-24 21:51:10,JBP,Cloudy,0.4,6.27,0.7,25.0,53.6
2026-03-11 10:52:21,JBP,Clear,0.51,5.78,0.6,25.5,68.4
2026-03-05 01:58:55,JBP,Clear,0.21,7.95,0.0,34.2,67.2
2026-04-15 04:53:56,JBP,Clear,0.23,8.63,1.3,11.5,59.0
2026-02-02 08:10:08,JBP,Cloudy,0.21,7.94,0.1,13.3,78.4
2026-03-04 03:42:52,JBP,Clear,0.09,9.17,1.4,23.8,85.1
2026-01-20 22:05:42,JBP,Clear,0.89,1.82,0.2,23.6,74.2
2026-04-29 10:08:10,JBP,Clear,0.34,6.15,1.3,6.6,82.0
2026-03-05 06:31:58,JBP,Clear,0.16,9.01,1.4,26.3,77.6
2026-06-08 01:09:10,JBP,Rain,0.24,6.1,22.3,23.1,75.3
2026-05-13 22:47:23,JBP,Clear,0.21,8.08,1.3,32.4,58.0
2026-03-02 18:03:16,JBP,Cloudy,0.25,7.25,0.1,8.7,90.1
2026-02-18 04:12:26,JBP,Clear,0.22,8.75,0.8,17.6,66.2
2026-03-05 17:24:34,JBP,Clear,0.12,8.96,0.5,32.2,39.3
2026-05-14 00:08:22,JBP,Cloudy,0.09,9.13,0.9,21.9,56.7
2026-03-14 04:56:03,JBP,Clear,0.18,7.95,0.9,34.8,61.0
2026-06-14 01:21:28,JBP,Clear,0.05,9.34,0.1,16.2,62.6
2026-04-25 08:55:43,JBP,Cloudy,0.2,8.93,1.0,17.9,48.5
2026-02-11 19:46:16,JBP,Fog,0.5,6.15,1.1,32.9,78.3
2026-03-22 04:11:08,JBP,Clear,0.45,6.51,0.4,39.7,63.7
2026-01-19 16:34:10,JBP,Rain,0.4,5.9,2.2,30.3,100.0
2026-03-07 22:01:05,JBP,Clear,0.42,6.14,1.5,24.7,57.5
2026-05-24 02:39:07,JBP,Clear,0.06,9.29,0.6,36.0,78.5
2026-01-25 19:42:53,JBP,Clear,0.38,6.97,0.1,18.5,68.4
2026-04-12 20:41:03,JBP,Clear,0.16,8.84,0.6,29.8,60.7
2026-01-05 14:39:19,JBP,Clear,0.58,4.73,0.1,27.1,90.1
2026-04-07 00:26:25,JBP,Fog,0.62,4.84,0.3,21.9,53.5
2026-04-10 02:18:59,JBP,Clear,0.35,6.72,0.2,23.9,66.0
2026-03-03 18:43:30,JBP,Clear,0.26,7.78,0.6,19.9,74.3
2026-05-03 23:59:43,JBP,Clear,0.12,8.94,1.3,29.8,63.7
2026-06-18 19:46:29,JBP,Cloudy,0.52,5.58,1.1,25.7,76.7
2026-04-04 18:18:50,JBP,Clear,0.29,7.27,0.8,18.6,93.3
2026-03-14 12:51:28,JBP,Rain,0.33,5.36,16.8,10.0,65.3
2026-05-27 23:47:19,JBP,Clear,0.19,8.14,0.1,27.8,73.9
2026-01-23 01:03:06,JBP,Clear,0.25,7.3,1.1,17.7,90.3
2026-03-20 05:42:04,JBP,Cloudy,0.31,7.1,1.3,18.8,71.9
2026-05-15 02:02:26,JBP,Clear,0.36,5.53,1.0,44.1,72.5
2026-01-23 10:37:51,JBP,Clear,0.34,7.18,0.2,12.8,64.6
2026-04-09 13:22:12,JBP,Clear,0.12,9.36,0.5,26.4,79.3
2026-03-07 00:05:42,JBP,Clear,0.3,7.33,1.0,24.7,36.1
2026-03-23 21:19:55,JBP,Clear,0.08,9.26,0.6,15.6,66.7
2026-04-13 13:56:52,JBP,Clear,0.17,8.26,1.5,22.5,64.7
2026-02-21 05:18:00,JBP,Clear,0.35,7.63,0.6,19.9,64.3
2026-05-29 03:42:50,JBP,Cloudy,0.04,9.66,1.4,27.3,73.5
2026-03-18 03:13:27,JBP,Rain,0.03,8.31,2.0,26.0,51.7
2026-04-14 16:43:39,JBP,Fog,0.46,5.22,1.5,24.2,58.3
2026-06-07 04:31:31,JBP,Clear,0.32,6.77,1.1,20.2,81.8
2026-04-26 13:24:13,JBP,Fog,0.55,6.1,1.0,23.4,100.0
2026-04-30 20:50:11,JBP,Clear,0.53,5.78,1.0,23.9,81.3
2026-04-05 18:50:46,JBP,Cloudy,0.11,8.54,0.7,34.6,63.0
2026-05-08 07:24:23,JBP,Clear,0.64,4.19,0.9,38.7,95.8
2026-03-13 07:16:32,JBP,Clear,0.37,6.36,0.9,30.8,71.3
2026-05-15 09:25:39,JBP,Cloudy,0.3,7.31,0.2,29.4,39.1
2026-02-13 08:14:28,JBP,Rain,0.36,5.76,4.3,19.0,72.4
2026-01-02 10:46:40,JBP,Cloudy,0.32,7.9,0.8,19.7,40.2
2026-01-11 05:07:55,JBP,Clear,0.36,6.89,0.3,24.5,62.5
2026-03-10 02:30:14,JBP,Clear,0.33,7.51,1.4,22.8,66.1
2026-03-24 11:02:25,JBP,Cloudy,0.11,9.52,0.2,28.3,55.4
2026-06-09 00:07:00,JBP,Cloudy,0.24,7.79,0.5,18.7,100.0
2026-05-03 05:06:21,JBP,Cloudy,0.33,6.81,0.4,11.9,79.6
2026-03-13 20:05:40,JBP,Cloudy,0.21,8.7,1.0,31.4,68.3
2026-01-09 08:24:01,JBP,Cloudy,0.21,7.78,0.8,26.9,66.6
2026-01-22 12:43:05,JBP,Fog,0.49,5.74,1.0,23.0,64.3
2026-05-21 18:25:36,JBP,Rain,0.27,5.9,16.7,40.2,73.1
2026-05-07 23:39:49,JBP,Clear,0.15,8.64,0.7,27.9,92.9
2026-02-22 23:44:27,JBP,Clear,0.06,9.25,1.5,41.2,31.8
2026-03-13 15:20:51,JBP,Clear,0.11,8.35,1.4,29.2,47.4
2026-02-22 22:23:32,JBP,Clear,0.26,7.92,1.3,29.5,77.6
2026-04-26 01:52:28,JBP,Cloudy,0.31,7.34,0.4,19.3,63.5
2026-01-24 00:34:17,JBP,Clear,0.18,8.96,1.4,16.7,63.0
2026-03-16 19:13:11,JBP,Clear,0.05,9.43,0.5,34.3,57.4
2026-01-23 23:03:51,JBP,Rain,0.41,5.79,16.8,18.2,42.6
2026-03-30 00:27:54,JBP,Clear,0.15,8.92,0.2,25.8,55.4
2026-03-15 14:55:47,JBP,Clear,0.07,9.66,0.5,23.5,38.1
2026-05-12 17:42:57,JBP,Rain,0.27,7.22,2.7,21.1,70.7
2026-03-28 17:19:54,JBP,Fog,0.57,5.83,1.2,35.6,45.0
2026-02-23 04:10:50,JBP,Fog,0.91,2.54,0.2,21.1,38.7
2026-03-02 17:41:48,JBP,Rain,0.52,3.9,1.7,24.5,44.7
2026-04-02 20:38:22,JBP,Cloudy,0.22,6.89,0.6,25.5,56.6
2026-02-16 10:29:17,JBP,Clear,0.21,8.28,1.1,26.6,35.4
2026-02-13 12:24:27,JBP,Cloudy,0.11,8.77,1.0,16.8,76.0
2026-06-16 10:16:44,JBP,Clear,0.3,7.92,0.3,29.8,67.3
2026-03-04 05:47:33,JBP,Cloudy,0.45,5.95,0.4,19.8,54.9
2026-04-25 04:17:12,JBP,Rain,0.41,4.88,9.0,24.4,59.1
2026-06-03 08:16:34,JBP,Clear,0.23,8.15,1.3,7.1,43.9
2026-03-14 04:45:45,JBP,Clear,0.54,5.43,0.7,19.6,84.9
2026-05-06 09:16:57,JBP,Clear,0.03,9.43,0.9,39.4,100.0
2026-05-24 09:16:50,JBP,Rain,0.41,4.98,6.9,22.4,66.0
2026-06-25 07:22:59,JBP,Fog,0.96,1.12,0.5,31.6,52.0
2026-03-15 23:10:33,JBP,Cloudy,0.41,6.08,0.1,22.2,93.5
2026-04-30 02:51:56,JBP,Clear,0.09,9.08,1.5,20.0,77.1
2026-04-08 02:32:42,JBP,Clear,0.14,9.41,0.2,21.8,91.7
2026-01-15 07:03:32,JBP,Cloudy,0.63,4.54,0.4,20.2,86.3
2026-06-12 03:28:25,JBP,Clear,0.09,9.33,0.2,21.8,89.2
2026-06-04 03:20:46,JBP,Cloudy,0.56,5.67,1.2,33.7,64.5
2026-04-15 11:57:51,JBP,Clear,0.14,8.36,0.8,19.5,90.0
2026-02-18 09:58:23,JBP,Clear,0.07,9.6,0.8,20.8,76.3
2026-03-27 12:26:59,JBP,Clear,0.29,7.49,0.9,32.7,45.7
2026-01-12 10:56:56,JBP,Clear,0.03,9.92,0.5,29.3,63.8
2026-05-21 10:51:20,JBP,Fog,0.61,5.37,0.2,27.4,89.4
2026-02-03 12:00:35,JBP,Cloudy,0.17,8.75,0.5,12.3,83.9
2026-06-23 11:00:59,JBP,Cloudy,0.16,8.83,0.4,8.1,61.9
2026-02-14 09:50:55,JBP,Fog,0.62,4.4,1.1,27.9,61.6
2026-01-18 05:10:37,JBP,Clear,0.75,4.38,1.2,40.2,70.3
2026-04-29 09:38:35,JBP,Clear,0.24,8.77,1.1,18.1,54.2
2026-06-30 08:58:57,JBP,Cloudy,0.54,6.07,0.5,25.5,92.0
2026-03-21 07:26:53,JBP,Fog,0.48,6.54,1.3,13.2,88.2
2026-04-01 18:25:59,JBP,Clear,0.44,6.35,0.8,29.1,100.0
2026-03-04 20:55:11,JBP,Fog,0.45,6.08,0.4,17.0,56.6
2026-03-29 15:16:23,JBP,Clear,0.24,9.01,0.7,24.4,78.3
2026-06-10 08:51:39,JBP,Clear,0.28,6.81,1.4,25.6,80.9
2026-01-24 04:07:01,JBP,Clear,0.73,3.88,0.5,20.6,65.8
2026-06-16 05:51:08,JBP,Clear,0.67,4.02,0.2,23.0,65.8
2026-02-20 10:01:19,JBP,Clear,0.24,7.66,1.1,19.4,44.1
2026-01-08 07:18:15,JBP,Cloudy,0.32,7.31,0.7,25.6,47.5
2026-02-28 17:41:20,JBP,Clear,0.42,6.38,1.3,18.8,82.2
2026-03-08 07:08:41,JBP,Clear,0.12,9.08,0.3,30.0,48.2
2026-04-25 11:31:44,JBP,Cloudy,0.39,6.92,0.2,28.6,75.2
2026-01-03 02:03:59,JBP,Clear,0.45,6.48,0.3,19.0,93.4
2026-03-22 15:01:08,JBP,Clear,0.15,7.99,0.1,17.8,92.9
2026-02-12 20:01:33,JBP,Cloudy,0.23,7.49,0.3,27.5,65.8
2026-04-25 01:49:27,JBP,Fog,0.64,5.14,0.1,7.6,75.9
2026-04-22 01:06:24,JBP,Cloudy,0.43,6.95,0.0,15.6,77.0
2026-02-18 05:09:54,JBP,Clear,0.07,9.24,1.4,7.8,46.8
2026-03-14 08:07:23,JBP,Clear,0.39,7.09,1.3,24.6,94.0
2026-01-07 07:10:34,JBP,Clear,0.42,5.14,1.0,38.3,86.9
2026-01-23 08:36:27,JBP,Fog,0.5,6.14,1.0,24.3,66.2
2026-04-03 20:45:20,JBP,Clear,0.46,5.97,0.0,32.2,75.3
2026-02-25 18:00:20,JBP,Clear,0.28,7.46,1.1,18.2,53.2
2026-05-09 19:18:55,JBP,Clear,0.34,7.44,0.6,34.8,59.4
2026-01-04 19:09:22,JBP,Clear,0.39,6.91,1.0,28.7,87.4
2026-03-20 00:24:51,JBP,Fog,0.49,5.65,0.5,35.0,61.2
2026-05-08 13:07:51,JBP,Cloudy,0.7,3.8,1.3,20.5,73.0
2026-06-15 13:31:23,JBP,Rain,0.14,7.38,3.8,16.2,38.8
2026-01-22 10:26:05,JBP,Rain,0.31,5.05,2.8,21.3,50.4
2026-06-18 02:23:32,JBP,Cloudy,0.32,7.12,1.0,27.2,61.4
2026-05-23 19:21:27,JBP,Fog,0.8,4.46,0.1,30.8,75.4
2026-05-22 08:18:46,JBP,Clear,0.08,9.1,1.4,28.5,75.8
2026-03-23 04:58:57,JBP,Clear,0.23,8.21,1.2,21.6,65.8
2026-03-28 13:33:41,JBP,Clear,0.31,8.17,0.6,17.7,56.1
2026-01-24 01:27:56,JBP,Clear,0.13,8.68,1.5,34.0,78.0
2026-03-12 04:39:32,JBP,Fog,0.55,5.28,1.2,14.5,20.0
2026-03-07 07:09:54,JBP,Clear,0.12,9.15,0.1,14.0,74.7
2026-02-08 03:09:54,JBP,Fog,0.47,5.6,0.4,21.5,48.7
2026-04-06 16:17:04,JBP,Rain,0.22,5.69,29.8,27.9,58.8
2026-05-14 20:25:50,JBP,Clear,0.14,8.06,1.5,39.4,67.4
2026-01-05 21:39:24,JBP,Rain,0.85,1.5,6.8,23.7,100.0
2026-04-21 10:25:15,JBP,Clear,0.14,8.62,0.3,44.7,85.7
2026-05-15 04:29:08,JBP,Clear,0.21,7.87,0.1,20.4,86.6
2026-05-17 16:17:16,JBP,Fog,0.7,3.65,1.2,23.2,89.1
2026-01-09 15:32:58,JBP,Cloudy,0.57,5.07,0.7,17.7,77.1
2026-01-20 23:45:44,JBP,Clear,0.05,9.82,0.7,9.9,48.5
2026-06-07 21:32:27,JBP,Rain,0.43,5.06,7.3,11.4,95.8
2026-05-14 14:28:30,JBP,Fog,0.46,5.37,0.8,27.9,100.0
2026-01-17 11:47:13,JBP,Clear,0.21,8.23,0.1,25.0,63.4
2026-01-28 00:05:24,JBP,Clear,0.18,8.12,1.3,31.1,69.0
2026-05-13 00:35:28,JBP,Cloudy,0.13,8.75,0.8,9.1,25.3
2026-03-15 13:23:38,JBP,Clear,0.28,6.7,1.1,22.8,85.3
2026-06-02 22:20:45,JBP,Rain,0.09,8.19,6.6,20.3,95.7
2026-03-31 04:58:47,JBP,Clear,0.07,9.2,0.5,8.3,72.6
2026-04-25 10:20:34,JBP,Clear,0.42,6.76,0.5,24.3,28.6
2026-05-18 10:33:38,JBP,Clear,0.25,8.17,1.2,26.6,60.9
2026-02-04 09:44:16,JBP,Clear,0.33,7.48,0.3,17.9,63.7
2026-04-18 20:40:53,JBP,Cloudy,0.14,9.15,1.0,11.5,40.7
2026-01-04 06:11:34,JBP,Clear,0.3,8.09,1.4,24.8,77.6
2026-04-08 09:50:16,JBP,Fog,0.51,6.35,0.7,10.6,75.0
2026-01-28 16:40:13,JBP,Clear,0.0,10.41,1.5,11.8,95.2
2026-04-19 08:45:59,JBP,Clear,0.23,8.52,0.9,12.3,77.5
2026-06-06 08:41:41,JBP,Clear,0.49,5.87,0.1,27.7,58.0
2026-01-06 02:26:24,JBP,Clear,0.2,7.93,0.1,26.6,55.4
2026-05-09 10:16:08,JBP,Clear,0.49,6.06,1.2,22.9,83.2
2026-06-10 01:49:23,JBP,Clear,0.11,9.27,1.2,27.8,65.2
2026-06-19 23:27:32,JBP,Clear,0.18,7.99,0.8,14.2,87.6
2026-01-12 17:43:07,JBP,Clear,0.3,7.94,1.1,17.0,34.1
2026-04-02 17:52:09,JBP,Clear,0.13,8.43,1.4,30.4,80.6
2026-06-03 18:01:57,JBP,Cloudy,0.19,8.25,1.4,21.6,84.8
2026-06-24 10:42:24,JBP,Clear,0.31,7.45,0.9,22.6,61.1
2026-03-15 02:53:14,JBP,Clear,0.04,10.42,0.5,20.7,49.6
2026-03-03 05:18:10,JBP,Cloudy,0.52,5.26,1.2,28.6,67.6
2026-01-20 01:21:25,JBP,Clear,0.11,9.38,0.9,19.6,80.6
2026-01-16 08:18:35,JBP,Clear,0.32,6.83,0.3,15.0,62.4
2026-02-13 02:10:02,JBP,Clear,0.08,10.05,1.2,29.3,87.0
2026-05-09 02:29:47,JBP,Rain,0.08,8.85,9.4,12.2,57.9
2026-05-27 18:19:15,JBP,Clear,0.09,8.97,0.3,22.7,32.7
2026-03-13 18:04:47,JBP,Clear,0.52,5.99,0.5,37.6,93.2
2026-03-04 14:01:04,JBP,Rain,0.04,9.02,3.8,29.0,45.0
2026-03-19 18:11:31,JBP,Cloudy,0.2,9.11,0.1,44.5,73.1
2026-01-09 13:24:09,JBP,Clear,0.07,9.8,0.1,40.1,54.6
2026-06-16 13:21:05,JBP,Clear,0.65,4.45,1.2,29.0,100.0
2026-06-20 08:37:10,JBP,Cloudy,0.66,4.85,1.3,20.2,100.0
2026-03-04 16:11:45,JBP,Cloudy,0.14,8.88,1.2,29.0,69.6
2026-03-12 00:41:21,JBP,Rain,0.3,7.0,4.4,13.8,60.0
2026-03-22 03:15:21,JBP,Rain,0.16,7.15,21.5,21.3,80.0
2026-06-14 14:19:45,JBP,Cloudy,0.2,8.84,0.4,32.1,52.8
2026-04-22 12:17:11,JBP,Clear,0.14,8.9,0.7,25.0,58.7
2026-01-08 22:54:32,JBP,Clear,0.16,8.5,0.4,21.9,95.1
2026-02-22 07:16:38,JBP,Clear,0.06,10.11,1.5,31.9,72.2
2026-05-23 14:32:08,JBP,Clear,0.35,6.86,1.1,28.9,67.7
2026-02-01 15:21:44,JBP,Clear,0.44,5.86,0.2,17.8,70.2
2026-05-22 22:01:45,JBP,Clear,0.45,5.67,1.1,36.8,60.1
2026-06-08 19:34:16,JBP,Fog,0.66,4.01,1.2,29.1,34.5
2026-01-02 03:20:38,JBP,Clear,0.34,7.62,0.7,35.5,50.9
2026-05-08 11:39:23,JBP,Clear,0.39,6.64,0.5,33.9,74.2
2026-01-26 23:36:34,JBP,Clear,0.05,9.19,0.5,32.3,53.8
2026-06-17 10:16:26,JBP,Clear,0.31,7.52,1.0,14.9,94.0
2026-04-03 07:12:00,JBP,Rain,0.41,4.52,17.3,26.3,54.3
2026-05-27 20:15:53,JBP,Cloudy,0.19,7.9,0.2,42.8,49.5
2026-05-01 01:29:17,JBP,Rain,0.17,7.63,3.4,19.3,55.6
2026-01-28 16:45:42,JBP,Rain,0.18,7.3,6.8,17.7,44.5
2026-04-27 23:15:58,JBP,Cloudy,0.36,5.41,1.0,8.0,91.5
2026-05-10 20:07:54,JBP,Cloudy,0.23,7.4,1.3,19.9,71.8
2026-01-22 03:03:19,JBP,Cloudy,0.12,9.04,0.3,21.9,70.7
2026-03-17 15:19:51,JBP,Clear,0.27,7.48,0.3,24.8,78.0
2026-04-07 01:34:55,JBP,Fog,0.65,4.54,0.7,24.6,75.8
2026-04-05 10:02:28,JBP,Clear,0.16,8.26,0.3,4.1,61.1
2026-05-23 12:27:51,JBP,Clear,0.3,6.77,0.0,16.2,75.3
2026-01-09 06:06:01,JBP,Clear,0.39,7.1,0.4,18.4,50.0
2026-05-12 10:17:20,JBP,Clear,0.27,7.59,1.0,18.0,89.6
2026-05-29 09:53:44,JBP,Clear,0.42,6.72,1.1,2.5,78.3
2026-06-30 07:07:41,JBP,Cloudy,0.43,5.66,1.5,25.7,70.5
2026-02-16 01:50:22,JBP,Fog,0.51,5.14,0.6,30.0,75.2
2026-01-26 05:49:28,JBP,Fog,0.55,6.21,0.8,37.7,93.0
2026-05-11 02:12:27,JBP,Rain,0.23,7.71,4.1,28.0,45.2
2026-05-19 13:54:47,JBP,Rain,0.1,9.05,9.0,24.4,75.1
2026-05-20 04:35:52,JBP,Clear,0.43,6.46,1.1,26.6,70.1
2026-05-09 17:48:59,JBP,Clear,0.32,7.18,0.9,18.1,70.3
2026-03-13 08:01:26,JBP,Rain,0.25,6.5,3.9,16.6,81.0
2026-01-07 01:12:38,JBP,Clear,0.06,9.5,1.2,25.1,45.8
2026-06-06 10:23:23,JBP,Cloudy,0.23,7.93,1.2,31.5,44.8
2026-05-07 15:26:56,JBP,Clear,0.63,5.57,1.4,23.1,80.8
2026-03-14 23:49:00,JBP,Clear,0.55,5.42,1.1,27.8,80.7
2026-01-07 01:32:59,JBP,Fog,0.56,5.37,0.6,21.1,73.8
2026-02-03 05:16:04,JBP,Clear,0.23,7.47,1.3,22.5,67.9
2026-06-12 19:46:24,JBP,Rain,0.14,7.3,22.5,7.2,73.3
2026-06-23 17:42:01,JBP,Clear,0.24,8.33,0.2,35.4,49.6
2026-05-15 20:55:39,JBP,Clear,0.37,7.92,1.0,21.4,96.8
2026-05-19 12:42:05,JBP,Clear,0.29,7.38,0.5,12.7,69.6
2026-06-17 11:42:42,JBP,Clear,0.27,6.94,1.2,27.4,75.1
2026-01-31 17:29:38,JBP,Fog,0.71,4.06,1.3,46.1,38.6
2026-03-15 08:25:44,JBP,Clear,0.2,8.59,0.9,22.4,63.1
2026-05-16 10:58:56,JBP,Fog,0.52,6.31,0.4,31.8,43.1
2026-02-18 01:35:46,JBP,Rain,0.37,4.68,26.9,24.8,77.7
2026-02-08 13:14:30,JBP,Clear,0.74,3.16,0.3,19.0,65.1
2026-02-12 04:29:36,JBP,Clear,0.36,6.38,0.3,30.6,59.5
2026-05-09 20:39:38,JBP,Clear,0.3,7.33,1.2,31.5,62.5
2026-04-17 10:20:46,JBP,Clear,0.15,8.69,0.8,24.1,70.8
2026-05-12 08:37:17,JBP,Clear,0.34,7.05,0.2,27.8,57.7
2026-05-18 20:36:34,JBP,Fog,0.57,6.15,1.1,30.3,81.1
2026-06-28 10:24:47,JBP,Fog,0.66,4.41,1.4,20.5,41.7
2026-05-04 23:28:17,JBP,Clear,0.19,8.4,1.4,13.8,61.5
2026-01-29 13:29:54,JBP,Cloudy,0.09,7.94,0.5,31.0,61.0
2026-02-22 10:02:38,JBP,Fog,0.69,4.44,0.6,36.2,82.9
2026-01-06 15:03:59,JBP,Clear,0.67,4.34,0.7,20.6,86.5
2026-03-10 10:51:21,JBP,Clear,0.23,8.45,0.2,28.2,57.9
2026-06-16 10:26:13,JBP,Clear,0.14,8.75,0.3,22.7,56.7
2026-03-09 02:37:38,JBP,Fog,0.41,6.38,0.8,28.8,75.3
2026-01-14 18:37:42,JBP,Clear,0.49,5.75,1.1,26.0,86.3
2026-03-03 23:37:29,JBP,Clear,0.64,4.57,0.5,28.9,73.1
2026-05-06 17:26:38,JBP,Clear,0.04,9.74,1.3,20.6,42.9
2026-04-05 22:24:13,JBP,Fog,0.78,3.34,0.4,17.3,69.7
2026-04-21 20:46:08,JBP,Clear,0.07,9.05,1.0,31.9,41.2
2026-06-17 14:57:41,JBP,Clear,0.25,7.55,0.4,34.3,74.8
2026-05-25 20:58:11,JBP,Clear,0.13,8.59,1.0,17.2,97.5
2026-01-17 18:03:23,JBP,Fog,0.43,6.71,1.1,12.9,63.5
2026-01-19 19:48:09,JBP,Clear,0.3,8.2,0.1,27.6,63.8
2026-03-01 17:37:51,JBP,Clear,0.22,7.91,1.1,32.2,92.0
2026-01-02 10:32:35,JBP,Cloudy,0.33,7.5,0.2,33.0,31.3
2026-03-05 20:42:34,JBP,Cloudy,0.62,4.39,1.5,18.8,77.8
2026-06-05 13:25:33,JBP,Clear,0.11,9.36,0.6,36.1,44.1
2026-03-23 22:09:47,JBP,Cloudy,0.25,8.28,1.0,23.6,84.7
2026-02-25 04:57:23,JBP,Fog,0.98,2.46,1.0,32.0,90.8
2026-06-25 00:55:24,JBP,Cloudy,0.18,8.2,0.9,22.0,49.8
2026-04-12 08:50:10,JBP,Clear,0.25,7.53,0.4,29.2,46.5
2026-05-16 20:04:30,JBP,Clear,0.28,8.14,0.8,29.3,75.9
2026-03-09 21:43:03,JBP,Clear,0.5,5.77,1.3,34.1,55.6
2026-06-25 11:24:55,JBP,Clear,0.35,7.31,1.5,30.4,78.6
2026-02-06 06:18:23,JBP,Cloudy,0.24,8.16,0.4,38.2,62.7
2026-06-21 21:47:59,JBP,Fog,0.65,4.54,0.3,39.7,62.8
2026-05-25 09:17:34,JBP,Clear,0.28,8.22,1.5,28.4,34.9
2026-01-19 23:16:12,JBP,Clear,0.32,7.94,0.7,24.1,83.6
2026-05-29 18:59:22,JBP,Clear,0.2,7.97,1.5,19.2,31.2
2026-04-15 00:02:26,JBP,Clear,0.27,7.95,0.1,18.4,66.2
2026-06-16 19:21:30,JBP,Clear,0.17,9.06,0.1,12.2,79.0
2026-05-17 03:16:21,JBP,Rain,0.39,5.49,10.5,35.4,62.0
2026-01-15 13:58:41,JBP,Clear,0.25,7.86,0.5,32.8,85.8
2026-05-04 16:23:51,JBP,Clear,0.35,7.3,0.0,42.8,72.8
2026-01-05 16:59:21,JBP,Fog,0.65,4.43,0.8,12.0,58.1
2026-06-04 17:30:48,JBP,Fog,0.43,6.01,0.7,20.0,73.4
2026-02-17 05:58:38,JBP,Fog,0.59,4.56,0.4,15.4,85.1
2026-04-08 06:55:44,JBP,Rain,0.14,8.26,6.1,23.4,46.0
2026-06-13 05:15:53,JBP,Fog,0.61,4.81,0.3,25.8,62.3
2026-02-20 04:48:08,JBP,Clear,0.15,8.81,1.1,21.4,67.0
2026-04-19 07:33:36,JBP,Clear,0.6,4.91,0.9,29.5,56.1
2026-04-02 01:52:19,JBP,Rain,0.4,5.99,4.5,13.0,85.5
2026-01-20 07:37:32,JBP,Clear,0.33,7.52,1.5,29.3,36.7
2026-06-24 06:42:22,JBP,Fog,0.55,5.87,0.7,23.7,58.0
2026-04-10 20:19:05,JBP,Cloudy,0.48,6.09,0.6,21.2,100.0
2026-04-05 06:01:59,JBP,Fog,0.59,4.87,0.4,28.3,94.7
2026-03-04 20:34:37,JBP,Clear,0.16,8.49,1.1,29.7,54.6
2026-01-26 15:24:30,JBP,Fog,0.99,1.27,1.3,34.0,87.1
2026-03-17 13:33:27,JBP,Clear,0.21,7.75,1.0,31.8,73.9
2026-01-06 17:47:17,JBP,Clear,0.55,5.35,1.3,19.4,75.1
2026-02-07 11:27:57,JBP,Fog,0.91,2.39,1.3,17.3,46.7
2026-05-17 15:05:58,JBP,Rain,0.16,7.14,8.3,25.6,76.0
2026-02-04 02:43:32,JBP,Clear,0.3,7.47,0.4,26.5,53.2
2026-05-15 20:29:20,JBP,Cloudy,0.29,7.84,0.3,41.3,56.0
2026-01-11 01:35:06,JBP,Clear,0.33,7.36,0.4,35.6,74.0
2026-04-02 03:08:30,JBP,Fog,0.5,4.75,0.1,28.2,74.2
2026-01-08 16:05:15,JBP,Rain,0.3,4.82,4.9,22.7,30.9
2026-01-31 17:55:14,JBP,Cloudy,0.62,4.48,0.4,11.4,47.0
2026-03-31 16:14:28,JBP,Clear,0.12,9.13,0.1,29.0,70.1
2026-01-15 03:22:10,JBP,Clear,0.23,7.12,0.4,26.6,65.9
2026-06-01 01:43:27,JBP,Clear,0.11,9.62,0.8,29.4,73.0
2026-01-02 21:44:53,JBP,Rain,0.28,7.44,5.2,31.9,52.1
2026-04-20 21:39:55,JBP,Clear,0.17,8.45,1.2,14.1,74.8
2026-02-15 17:10:28,JBP,Clear,0.14,9.1,1.4,19.5,40.3
2026-04-24 08:25:07,JBP,Rain,0.18,7.77,8.4,33.6,21.2
2026-02-02 05:32:54,JBP,Cloudy,0.25,7.71,0.1,27.3,80.1
2026-02-12 05:55:23,JBP,Fog,0.81,3.24,0.2,14.9,90.4
2026-03-05 21:53:18,JBP,Clear,0.59,5.66,0.3,30.4,89.8
2026-03-23 23:20:26,JBP,Cloudy,0.43,6.48,0.4,19.7,56.6
2026-05-14 01:14:55,JBP,Cloudy,0.3,8.28,0.3,21.2,45.8
2026-02-19 09:24:39,JBP,Cloudy,0.37,6.09,0.2,27.2,63.7
2026-02-02 04:01:02,JBP,Clear,0.31,7.87,0.8,34.7,34.0
2026-04-02 10:25:13,JBP,Clear,0.3,7.13,0.4,27.4,67.6
2026-02-19 09:05:45,JBP,Clear,0.08,9.5,0.8,16.7,57.9
2026-05-13 06:59:15,JBP,Cloudy,0.11,8.68,0.4,12.5,74.6
2026-05-22 02:52:37,JBP,Rain,0.3,5.44,4.9,33.0,44.9
2026-03-22 07:05:47,JBP,Clear,0.14,8.75,1.3,29.2,67.2
2026-05-11 11:49:31,JBP,Rain,0.11,7.68,21.4,33.0,86.1
2026-05-01 05:35:17,JBP,Rain,0.14,7.03,5.5,27.1,61.4
2026-05-15 16:02:47,JBP,Clear,0.59,5.21,1.4,26.8,65.6
2026-02-24 04:21:09,JBP,Clear,0.24,8.02,0.5,14.5,45.4
2026-03-09 20:16:09,JBP,Clear,0.06,9.31,0.7,27.6,70.8
2026-03-02 07:49:01,JBP,Fog,0.46,6.31,0.7,22.7,76.2
2026-02-16 05:13:31,JBP,Clear,0.51,5.84,0.1,30.1,51.0
2026-06-04 19:51:11,JBP,Rain,0.18,7.05,8.9,21.4,34.7
2026-04-20 11:46:07,JBP,Clear,0.17,8.46,0.4,24.8,51.4
2026-06-15 10:44:39,JBP,Clear,0.2,8.48,1.5,36.8,91.0
2026-03-10 08:21:01,JBP,Rain,0.11,8.21,11.2,13.5,88.2
2026-02-23 08:56:29,JBP,Fog,0.75,4.14,1.2,32.4,76.7
2026-05-24 22:16:28,JBP,Cloudy,0.39,7.29,1.5,18.5,82.0
2026-06-07 20:01:49,JBP,Clear,0.16,9.3,0.7,12.3,59.3
2026-06-08 15:23:01,JBP,Clear,0.08,9.09,1.3,30.5,51.0
2026-02-17 09:41:14,JBP,Clear,0.44,5.88,0.3,28.9,68.6
2026-06-27 23:08:41,JBP,Clear,0.35,5.72,0.2,20.0,57.8
2026-06-06 14:50:39,JBP,Clear,0.64,4.55,0.1,29.6,67.9
2026-03-23 16:46:37,JBP,Clear,0.45,6.53,1.1,18.8,80.1
2026-03-09 10:30:34,JBP,Clear,0.48,6.62,0.2,12.9,52.1
2026-04-12 06:26:19,JBP,Clear,0.14,8.13,1.1,7.6,60.3
2026-01-08 08:45:22,JBP,Cloudy,0.65,3.67,0.2,28.0,69.1
2026-05-29 08:06:14,JBP,Clear,0.34,6.73,0.7,24.3,61.0
2026-04-01 14:42:38,JBP,Cloudy,0.28,8.74,0.5,32.0,60.1
2026-01-12 07:16:06,JBP,Rain,0.09,7.5,7.3,26.4,43.4
2026-02-25 06:31:40,JBP,Clear,0.33,6.03,1.1,11.6,86.6
2026-05-19 23:19:30,JBP,Clear,0.11,9.2,1.1,24.4,72.3
2026-03-15 07:30:15,JBP,Clear,0.14,8.73,0.9,22.8,44.2
2026-05-09 01:41:43,JBP,Clear,0.34,6.49,1.4,24.6,67.8
2026-01-21 01:42:18,JBP,Clear,0.27,6.68,1.2,27.8,91.9
2026-05-02 11:20:25,JBP,Clear,0.46,5.28,0.6,17.5,33.1
2026-02-27 16:51:47,JBP,Fog,0.45,6.18,0.2,24.5,67.1
2026-06-07 01:08:56,JBP,Clear,0.39,6.46,0.4,27.3,100.0
2026-06-26 17:30:19,JBP,Clear,0.43,6.28,0.1,15.3,63.6
2026-04-22 21:33:54,JBP,Clear,0.13,8.7,1.4,21.4,96.2
2026-02-08 22:22:29,JBP,Cloudy,0.36,6.82,1.1,23.8,57.6
2026-01-07 06:10:41,JBP,Clear,0.18,8.04,0.8,37.5,65.0
2026-06-26 10:54:59,JBP,Fog,0.84,2.24,1.0,26.4,85.0
2026-02-08 11:51:54,JBP,Clear,0.42,7.52,0.4,26.9,71.8
2026-03-06 21:07:21,JBP,Clear,0.15,9.15,1.1,31.7,38.7
2026-05-23 13:51:31,JBP,Cloudy,0.36,7.03,0.8,33.7,48.3
2026-02-17 22:50:34,JBP,Rain,0.3,5.99,13.4,31.3,53.5
2026-05-19 01:22:22,JBP,Clear,0.13,9.03,1.3,25.5,70.1
2026-02-25 07:49:05,JBP,Rain,0.45,5.27,5.7,25.9,52.3
2026-05-13 14:09:05,JBP,Cloudy,0.41,6.7,0.4,26.3,72.7
2026-03-06 14:48:36,JBP,Clear,0.29,8.23,0.8,27.9,78.9
2026-05-23 13:37:19,JBP,Rain,0.19,7.23,2.9,33.7,61.0
2026-03-24 09:05:57,JBP,Fog,0.5,5.66,0.0,35.5,67.0
2026-02-21 03:49:55,JBP,Clear,0.11,8.44,0.4,12.4,60.7
2026-04-28 05:14:44,JBP,Cloudy,0.2,7.94,1.1,30.4,84.2
2026-03-08 06:32:58,JBP,Clear,0.29,7.47,0.1,22.6,50.4
2026-03-22 05:04:14,JBP,Rain,0.44,4.87,17.9,23.5,65.7
2026-01-22 18:55:13,JBP,Clear,0.37,6.97,0.1,13.2,62.9
2026-05-10 09:55:05,JBP,Clear,0.1,10.01,1.1,10.6,54.5
2026-06-07 19:23:19,JBP,Clear,0.23,8.61,0.1,40.9,59.9
2026-05-19 13:32:29,JBP,Fog,0.39,6.85,1.3,29.6,61.2
2026-06-26 23:19:29,JBP,Clear,0.46,6.46,0.5,21.8,74.5
2026-04-02 11:27:48,JBP,Fog,0.87,2.5,0.6,36.1,59.1
2026-05-27 12:05:20,JBP,Rain,0.2,7.43,6.4,11.2,62.2
2026-05-16 23:28:13,JBP,Cloudy,0.63,4.25,1.2,10.5,59.7
2026-02-19 08:13:52,JBP,Cloudy,0.6,5.12,0.2,19.1,57.1
2026-02-26 08:07:27,JBP,Clear,0.61,4.64,0.9,20.3,67.8
2026-02-10 23:55:47,JBP,Cloudy,0.3,7.22,0.9,33.3,33.1
2026-03-28 11:09:22,JBP,Clear,0.21,7.93,0.5,26.2,42.4
2026-01-17 02:31:00,JBP,Clear,0.32,8.11,0.1,22.0,73.9
2026-05-30 20:08:07,JBP,Clear,0.03,9.48,0.7,20.3,76.7
2026-04-04 15:47:17,JBP,Fog,0.94,1.8,0.9,29.7,82.5
2026-02-27 11:25:18,JBP,Cloudy,0.2,8.31,1.3,20.3,53.2
2026-04-10 23:03:25,JBP,Rain,0.47,5.18,10.2,27.5,69.8
2026-04-13 12:15:47,JBP,Fog,0.87,2.42,0.7,29.6,73.8
2026-05-24 10:41:48,JBP,Rain,0.4,5.2,10.8,23.6,64.5
2026-01-25 12:46:33,JBP,Clear,0.3,7.3,0.3,19.0,87.2
2026-06-22 15:07:26,JBP,Clear,0.28,7.65,0.1,37.1,56.9
2026-04-03 13:48:28,JBP,Fog,0.51,5.95,1.4,26.3,42.1
2026-02-25 02:46:18,JBP,Clear,0.25,8.17,1.1,41.8,66.7
2026-04-13 07:11:54,JBP,Clear,0.43,6.59,0.4,12.1,35.7
2026-03-12 16:49:41,JBP,Fog,0.59,5.92,0.0,17.5,82.1
2026-06-05 20:15:52,JBP,Clear,0.27,7.37,0.2,27.8,90.9
2026-05-22 06:30:29,JBP,Cloudy,0.11,9.24,0.6,25.4,52.2
2026-06-19 04:25:02,JBP,Clear,0.34,7.61,1.3,19.5,41.9
2026-04-02 16:13:43,JBP,Fog,0.84,2.9,0.9,25.8,66.1
2026-01-15 02:36:42,JBP,Clear,0.28,6.62,1.2,30.7,51.9
2026-01-31 20:36:21,JBP,Clear,0.04,9.18,1.0,27.5,55.1
2026-01-13 12:33:38,JBP,Clear,0.32,6.68,0.9,42.7,85.0
2026-02-15 21:28:36,JBP,Rain,0.07,8.55,6.1,16.6,75.0
2026-06-03 04:51:20,JBP,Clear,0.23,7.65,1.3,23.1,80.4
2026-04-17 01:54:27,JBP,Clear,0.54,5.57,0.4,27.6,95.9
2026-02-12 05:52:38,JBP,Fog,0.72,3.66,1.3,20.8,82.2
2026-05-20 15:47:41,JBP,Clear,0.66,4.29,0.7,15.1,95.3
2026-02-11 09:28:50,JBP,Clear,0.41,6.57,0.4,20.7,40.0
2026-06-17 06:23:18,JBP,Clear,0.3,7.67,1.2,18.8,67.7
2026-05-05 17:50:45,JBP,Clear,0.35,6.19,0.6,35.5,60.6
2026-03-06 05:56:11,JBP,Cloudy,0.06,9.65,0.1,21.0,51.7
2026-03-19 11:28:03,JBP,Clear,0.19,8.47,1.4,40.4,55.0
2026-01-24 15:35:06,JBP,Clear,0.21,8.65,0.4,26.4,64.2
2026-01-28 13:51:41,JBP,Rain,0.29,6.27,13.4,30.2,56.4
2026-03-09 01:22:26,JBP,Fog,0.49,5.85,0.7,24.1,100.0
2026-03-27 18:28:50,JBP,Clear,0.13,7.83,1.0,21.4,50.0
2026-02-10 23:08:10,JBP,Clear,0.31,8.15,0.5,34.7,36.1
2026-06-24 17:31:54,JBP,Clear,0.65,5.22,0.3,32.1,40.7
2026-04-24 23:22:21,JBP,Clear,0.44,5.91,1.0,42.9,49.9
2026-06-22 16:28:14,JBP,Clear,0.42,6.4,0.5,14.0,80.0
2026-02-20 08:44:04,JBP,Clear,0.07,9.82,0.3,22.2,74.2
2026-05-19 11:28:33,JBP,Clear,0.4,5.8,1.0,22.4,66.8
2026-06-06 02:28:15,JBP,Rain,0.31,5.19,8.0,24.9,55.7
2026-02-26 02:14:05,JBP,Fog,0.85,2.67,0.2,26.6,79.3
2026-01-08 23:42:12,JBP,Clear,0.32,7.55,1.3,28.9,79.7
2026-05-22 19:31:06,JBP,Rain,0.59,3.94,2.4,51.8,100.0
2026-04-07 19:55:13,JBP,Rain,0.64,3.23,1.7,30.8,100.0
2026-03-03 20:47:05,JBP,Clear,0.42,7.29,0.8,16.5,64.4
2026-03-27 21:31:46,JBP,Fog,0.62,3.84,0.7,12.1,75.2
2026-06-22 10:54:15,JBP,Clear,0.11,8.96,0.3,20.3,69.6
2026-02-12 02:20:20,JBP,Fog,0.88,1.3,0.1,22.9,76.7
2026-05-15 01:22:16,JBP,Fog,0.46,4.97,0.8,14.7,94.4
2026-06-11 10:49:24,JBP,Clear,0.22,7.78,1.1,13.9,77.0
2026-05-20 04:31:24,JBP,Clear,0.59,5.2,0.3,25.6,86.6
2026-06-30 06:18:24,JBP,Clear,0.38,7.14,0.8,12.0,80.7
2026-01-29 16:41:23,JBP,Clear,0.25,7.89,0.9,21.2,64.6
2026-05-03 13:13:55,JBP,Clear,0.06,9.45,0.7,26.4,56.7
2026-06-06 05:57:21,JBP,Cloudy,0.5,5.44,1.2,25.6,26.4
2026-03-11 10:25:51,JBP,Cloudy,0.48,5.21,1.0,8.1,59.2
2026-06-26 23:01:29,JBP,Clear,0.11,8.84,1.1,30.6,66.7
2026-04-27 19:01:00,JBP,Clear,0.61,5.1,0.6,22.5,90.6
2026-05-25 04:04:28,JBP,Clear,0.33,7.65,1.0,24.7,60.8
2026-02-06 05:26:59,JBP,Clear,0.27,8.71,1.1,18.6,43.4
2026-03-21 20:48:13,JBP,Rain,0.63,3.32,3.5,18.9,92.7
2026-05-23 10:50:37,JBP,Clear,0.44,6.88,1.0,6.7,68.1
2026-04-18 05:42:23,JBP,Clear,0.56,4.95,1.1,22.7,84.6
2026-04-24 17:02:28,JBP,Rain,0.06,7.98,4.8,26.2,58.3
2026-05-08 19:03:13,JBP,Clear,0.29,7.34,0.7,27.6,67.2
2026-01-09 07:17:56,JBP,Clear,0.52,4.91,0.3,19.5,64.5
2026-04-16 07:06:35,JBP,Rain,0.34,5.34,2.7,33.0,28.3
2026-02-10 21:16:27,JBP,Clear,0.14,8.22,0.4,16.1,37.0
2026-04-14 22:19:11,JBP,Cloudy,0.31,7.28,1.4,16.9,73.5
2026-03-18 08:36:33,JBP,Clear,0.16,8.08,0.2,11.4,38.0
2026-01-21 18:45:46,JBP,Clear,0.29,7.61,0.4,26.9,75.9
2026-02-18 20:06:22,JBP,Clear,0.35,6.82,0.3,30.5,33.5
2026-01-27 09:59:38,JBP,Cloudy,0.28,7.2,1.5,14.6,63.0
2026-01-09 04:53:35,JBP,Clear,0.3,7.12,0.7,17.0,88.1
2026-04-10 00:31:43,JBP,Clear,0.34,7.27,1.1,15.4,55.8
2026-05-13 01:22:28,JBP,Clear,0.29,7.37,0.5,28.7,55.0
2026-06-28 08:26:20,JBP,Clear,0.05,9.96,0.1,29.9,90.2
2026-06-17 14:32:18,JBP,Clear,0.61,5.87,0.9,30.4,63.1
2026-02-08 04:35:33,JBP,Rain,0.24,6.17,3.8,26.2,79.4
2026-01-26 08:19:02,JBP,Clear,0.22,8.71,0.6,19.6,75.4
2026-02-06 18:12:25,JBP,Clear,0.06,9.37,0.8,20.6,56.3
2026-01-26 04:24:37,JBP,Clear,0.21,8.0,1.1,20.9,47.9
2026-06-20 01:22:34,JBP,Cloudy,0.17,8.47,0.5,24.0,92.7
2026-02-04 11:46:09,JBP,Clear,0.08,8.54,0.1,15.0,54.2
2026-06-18 02:04:06,JBP,Clear,0.32,7.61,0.4,18.0,41.4
2026-02-22 04:18:09,JBP,Fog,0.51,6.32,1.2,20.0,70.8
2026-05-01 02:06:58,JBP,Clear,0.67,3.89,1.3,21.2,60.5
2026-06-03 09:32:58,JBP,Fog,0.77,2.39,0.2,14.5,68.7
2026-06-14 07:53:32,JBP,Clear,0.1,9.23,1.3,34.0,68.2
2026-03-27 19:22:36,JBP,Rain,0.8,2.15,12.2,31.4,64.8
2026-01-25 15:38:23,JBP,Clear,0.22,7.88,1.2,20.9,40.7
2026-04-13 23:52:13,JBP,Clear,0.04,9.74,0.2,37.0,58.3
2026-01-12 08:01:21,JBP,Clear,0.41,6.57,0.8,22.9,52.2
2026-02-07 20:41:02,JBP,Clear,0.3,7.67,0.3,15.2,61.2
2026-05-05 03:52:35,JBP,Clear,0.41,6.09,0.7,13.3,42.9
2026-03-30 03:17:01,JBP,Clear,0.46,5.78,1.0,23.7,49.0
2026-04-06 15:32:07,JBP,Clear,0.33,7.93,1.4,34.4,61.7
2026-04-22 22:39:05,JBP,Clear,0.44,5.92,0.6,16.1,90.2
2026-01-02 15:18:37,JBP,Fog,0.49,5.54,1.4,13.5,51.4
2026-01-06 21:17:45,JBP,Clear,0.3,8.07,1.3,24.6,44.8
2026-06-20 17:43:28,JBP,Cloudy,0.38,6.66,0.8,22.4,30.6
2026-05-17 02:37:30,JBP,Clear,0.09,9.3,0.1,12.5,67.4
2026-04-15 20:37:38,JBP,Clear,0.32,7.21,0.0,19.7,57.8
2026-06-17 10:06:55,JBP,Fog,0.42,5.72,1.3,23.8,46.7
2026-01-30 04:53:53,JBP,Clear,0.4,6.86,1.1,28.3,42.1
2026-04-24 17:51:10,JBP,Clear,0.64,4.12,0.5,17.7,62.0
2026-06-18 00:30:22,JBP,Fog,0.68,4.65,0.5,25.8,98.1
2026-01-24 01:03:03,JBP,Fog,0.92,2.12,0.2,17.4,85.1
2026-05-15 02:22:27,JBP,Clear,0.31,6.96,0.9,16.3,49.4
2026-04-02 16:31:21,JBP,Cloudy,0.18,8.11,0.2,15.2,73.7
2026-03-27 01:54:08,JBP,Clear,0.14,8.4,1.5,44.1,38.3
2026-01-15 09:33:23,JBP,Cloudy,0.32,7.27,0.2,13.8,75.0
2026-01-01 06:24:57,JBP,Clear,0.13,9.21,0.6,22.4,58.6
2026-06-04 06:36:10,JBP,Clear,0.45,5.54,0.0,28.5,26.2
2026-04-22 19:23:01,JBP,Clear,0.05,9.38,0.4,15.9,75.5
2026-06-26 08:13:20,JBP,Clear,0.18,7.35,0.9,18.2,57.3
2026-03-30 20:40:05,JBP,Clear,0.32,7.83,0.0,21.5,74.8
2026-04-13 03:51:36,JBP,Clear,0.23,7.8,0.1,30.2,73.3
2026-01-13 06:51:50,JBP,Rain,0.28,6.97,15.3,22.2,44.9
2026-04-01 22:10:58,JBP,Rain,0.11,6.99,7.5,22.7,76.4
2026-03-15 01:23:26,JBP,Cloudy,0.13,8.76,0.7,22.3,65.9
2026-02-17 10:39:07,JBP,Clear,0.16,7.7,0.3,25.7,57.3
2026-05-06 11:34:31,JBP,Clear,0.37,6.66,1.1,-1.7,61.3
2026-03-08 02:13:21,JBP,Rain,0.31,6.15,1.5,16.9,77.7
2026-05-07 09:27:45,JBP,Clear,0.25,8.09,0.8,30.1,46.9
2026-01-04 17:13:28,JBP,Fog,0.74,3.56,1.0,20.9,91.4
2026-04-20 04:20:43,JBP,Fog,0.97,1.65,1.0,20.1,71.5
2026-05-15 04:58:00,JBP,Fog,0.62,4.3,0.7,16.3,100.0
2026-06-18 05:32:51,JBP,Fog,0.43,5.78,0.7,21.6,76.1
2026-05-07 20:56:14,JBP,Clear,0.26,7.03,0.2,25.8,52.5
2026-06-20 12:58:20,JBP,Cloudy,0.21,8.65,1.2,33.1,71.6
2026-03-04 09:43:04,JBP,Cloudy,0.27,7.64,1.1,13.0,73.8
2026-01-03 12:22:48,JBP,Clear,0.06,9.41,0.3,20.4,49.0
2026-03-16 05:27:43,JBP,Clear,0.51,6.33,1.0,19.5,77.8
2026-04-21 02:00:43,JBP,Rain,0.11,8.38,8.7,27.5,49.2
2026-05-07 12:35:28,JBP,Fog,0.54,5.51,0.6,40.4,34.5
2026-03-14 11:41:38,JBP,Clear,0.34,7.48,1.5,19.9,88.8
2026-06-29 04:50:32,JBP,Clear,0.27,7.96,1.3,30.2,48.5
2026-04-27 15:08:38,JBP,Rain,0.26,5.69,8.8,23.6,89.5
2026-06-23 14:15:36,JBP,Clear,0.14,9.14,0.4,16.4,79.2
2026-05-01 13:44:55,JBP,Fog,0.49,6.03,0.6,22.8,89.8
2026-04-08 18:18:13,JBP,Rain,0.49,4.09,4.0,32.9,35.6
2026-04-22 07:07:03,JBP,Clear,0.16,9.1,0.9,14.4,62.4
2026-05-29 14:45:26,JBP,Clear,0.57,4.59,0.2,18.8,82.2
2026-05-11 13:55:50,JBP,Clear,0.58,5.51,0.7,23.0,65.4
2026-01-25 23:00:16,JBP,Rain,0.41,5.75,1.9,16.2,74.3
2026-06-15 18:31:38,JBP,Cloudy,0.3,7.13,0.3,11.5,83.4
2026-03-23 20:38:40,JBP,Rain,0.1,8.07,7.3,22.7,44.4
2026-04-23 01:30:54,JBP,Clear,0.15,7.9,0.4,17.6,82.7
2026-03-24 06:19:40,JBP,Cloudy,0.31,7.12,0.5,17.5,51.3
2026-01-25 00:10:55,JBP,Rain,0.23,7.01,7.0,20.4,47.8
2026-04-30 02:03:34,JBP,Clear,0.76,3.18,0.3,29.7,100.0
2026-01-14 22:47:32,JBP,Clear,0.55,5.69,0.6,16.9,37.1
2026-01-11 04:12:59,JBP,Clear,0.19,8.7,1.4,16.7,74.7
2026-05-12 05:49:01,JBP,Clear,0.52,5.36,0.4,30.3,90.5
2026-06-20 17:57:45,JBP,Fog,0.59,5.25,1.0,28.4,92.2
2026-03-25 16:19:52,JBP,Clear,0.33,6.83,0.8,17.6,62.0
2026-01-03 17:07:43,JBP,Rain,0.04,8.08,4.9,25.8,41.9
2026-05-30 03:14:46,JBP,Clear,0.33,7.14,1.4,41.5,76.4
2026-05-11 23:05:50,JBP,Clear,0.32,7.58,0.2,17.1,57.0
2026-05-10 09:39:59,JBP,Clear,0.49,6.08,0.4,11.1,58.6
2026-04-09 12:00:40,JBP,Clear,0.04,10.43,0.3,20.4,57.3
2026-06-10 12:48:18,JBP,Cloudy,0.38,6.8,0.9,24.7,56.1
2026-02-12 13:02:13,JBP,Rain,0.54,4.14,2.8,21.0,37.1
2026-02-23 09:45:28,JBP,Fog,0.71,3.96,1.3,28.1,57.5
2026-06-27 05:58:48,JBP,Cloudy,0.2,8.35,0.7,22.7,60.5
2026-03-31 18:34:55,JBP,Clear,0.24,7.31,0.3,9.4,73.7
2026-06-16 17:34:11,JBP,Cloudy,0.36,6.92,0.1,17.6,89.4
2026-02-10 10:19:11,JBP,Rain,0.36,5.34,7.3,32.0,61.7
2026-04-09 06:13:03,JBP,Fog,0.83,2.95,0.3,20.4,81.1
2026-02-28 14:33:41,JBP,Clear,0.19,7.55,1.2,22.6,60.9
2026-01-29 23:09:37,JBP,Cloudy,0.07,9.55,1.0,20.8,66.0
2026-02-04 19:47:25,JBP,Clear,0.26,7.46,0.0,30.3,62.2
2026-01-17 21:00:33,JBP,Cloudy,0.19,8.47,1.1,36.8,35.0
2026-04-27 00:08:23,JBP,Clear,0.17,8.7,0.0,8.7,75.0
2026-03-17 02:20:55,JBP,Clear,0.28,7.72,0.8,24.0,67.0
2026-03-21 05:10:58,JBP,Clear,0.31,6.72,0.7,34.5,62.7
2026-05-07 18:09:53,JBP,Fog,0.59,5.09,0.0,27.0,85.8
2026-01-17 03:27:06,JBP,Clear,0.28,7.65,1.0,36.6,94.7
2026-04-03 19:09:23,JBP,Clear,0.19,8.17,0.8,39.8,67.8
2026-02-15 06:48:29,JBP,Cloudy,0.62,4.57,0.6,16.0,60.7
2026-06-17 16:33:11,JBP,Rain,0.09,7.46,6.6,24.6,62.3
2026-05-13 16:24:07,JBP,Clear,0.16,9.15,1.3,38.0,56.9
2026-04-01 03:44:39,JBP,Clear,0.45,6.32,0.9,22.4,82.9
2026-05-04 07:24:26,JBP,Fog,0.74,4.11,0.1,15.5,62.8
2026-06-02 18:22:30,JBP,Clear,0.09,9.78,0.8,37.0,73.0
2026-05-15 01:54:26,JBP,Cloudy,0.19,8.72,0.1,26.4,100.0
2026-06-08 22:41:24,JBP,Fog,0.72,3.47,0.5,33.0,77.2
2026-05-31 22:00:32,JBP,Rain,0.43,5.23,12.2,35.5,100.0
2026-03-27 13:18:00,JBP,Clear,0.35,6.68,0.1,20.6,72.6
2026-06-06 21:11:09,JBP,Rain,0.25,7.06,9.5,26.1,41.1
2026-04-07 04:18:48,JBP,Clear,0.17,8.54,0.9,29.9,21.3
2026-04-06 01:41:18,JBP,Clear,0.56,5.01,0.9,31.0,83.3
2026-03-19 01:34:28,JBP,Cloudy,0.19,8.24,0.4,19.7,40.5
2026-05-24 06:43:22,JBP,Clear,0.4,5.85,0.7,30.0,89.4
2026-02-07 05:50:41,JBP,Cloudy,0.44,6.23,0.5,27.0,93.3
2026-01-26 16:17:52,JBP,Clear,0.41,7.07,1.2,17.8,70.8
2026-04-07 14:38:22,JBP,Clear,0.16,9.82,0.8,24.2,81.6
2026-02-11 02:45:17,JBP,Rain,0.17,7.28,3.8,31.4,70.3
2026-02-11 00:22:27,JBP,Clear,0.24,7.99,1.1,40.0,57.9
2026-06-24 22:47:31,JBP,Clear,0.18,8.04,1.0,13.6,44.5
2026-05-15 02:49:21,JBP,Clear,0.34,6.98,0.0,15.2,46.6
2026-02-18 08:37:00,JBP,Clear,0.15,8.07,0.5,21.8,45.0
2026-02-27 21:50:36,JBP,Clear,0.26,9.14,0.7,36.4,70.0
2026-01-13 16:18:28,JBP,Rain,0.06,7.82,10.1,34.2,87.1
2026-04-30 11:57:01,JBP,Fog,0.56,5.99,0.4,23.7,48.0
2026-03-25 22:59:25,JBP,Fog,0.52,5.39,0.5,5.2,95.2
2026-01-20 17:36:16,JBP,Cloudy,0.4,6.43,1.2,36.8,61.7
2026-06-28 13:15:14,JBP,Clear,0.24,7.23,0.2,26.5,63.0
2026-04-15 17:03:10,JBP,Rain,0.53,4.27,3.7,39.5,83.3
2026-06-09 16:40:33,JBP,Cloudy,0.15,9.17,0.8,16.9,20.7
2026-03-25 12:45:32,JBP,Clear,0.18,8.11,1.2,22.2,60.5
2026-04-11 18:56:28,JBP,Rain,0.28,6.81,5.0,16.5,86.3
2026-03-01 06:40:31,JBP,Rain,0.41,4.61,2.2,9.0,67.7
2026-06-08 17:42:36,JBP,Clear,0.08,9.47,1.1,9.5,70.1
2026-04-03 23:17:16,JBP,Clear,0.18,8.72,0.6,34.0,52.2
2026-03-10 16:17:21,JBP,Fog,0.42,6.64,0.2,28.5,72.5
2026-05-23 00:10:05,JBP,Cloudy,0.02,9.55,0.2,13.1,61.6
2026-05-29 18:48:58,JBP,Clear,0.23,6.87,0.9,31.8,43.8
2026-03-09 04:27:42,JBP,Cloudy,0.29,7.16,0.1,5.4,66.6
2026-05-01 20:36:46,JBP,Clear,0.26,7.09,1.3,25.9,77.8
2026-06-01 07:58:57,JBP,Cloudy,0.4,6.43,0.3,24.3,65.7
2026-06-28 13:46:47,JBP,Clear,0.26,8.27,1.2,34.1,65.4
2026-05-26 17:56:05,JBP,Clear,0.22,8.31,1.5,25.3,77.7
2026-06-23 14:22:30,JBP,Clear,0.57,5.0,0.0,32.7,82.3
2026-04-27 21:50:25,JBP,Clear,0.48,6.37,0.8,34.1,52.0
2026-02-08 05:09:38,JBP,Fog,0.67,5.25,0.9,17.5,79.5
2026-02-25 10:28:13,JBP,Clear,0.32,7.45,1.1,24.3,73.6
2026-03-20 15:24:41,JBP,Clear,0.36,7.12,0.6,35.6,67.5
2026-05-05 18:06:49,JBP,Fog,0.45,6.58,0.5,30.7,41.0
2026-01-31 20:32:55,JBP,Fog,0.85,2.4,0.9,19.3,60.5
2026-03-30 10:07:13,JBP,Clear,0.2,8.62,0.4,20.8,63.7
2026-02-13 15:37:17,JBP,Cloudy,0.33,6.87,0.4,31.0,74.7
2026-06-21 01:05:52,JBP,Clear,0.36,7.14,1.2,32.0,61.4
2026-01-26 16:05:31,JBP,Clear,0.18,8.43,1.4,18.8,100.0
2026-04-26 02:42:42,JBP,Cloudy,0.12,9.02,0.6,24.5,73.3
2026-03-31 14:49:44,JBP,Clear,0.1,8.75,0.4,38.6,54.8
2026-06-05 05:15:15,JBP,Clear,0.2,8.29,0.2,14.5,73.3
2026-01-10 13:30:46,JBP,Clear,0.23,9.08,0.2,16.8,62.9
2026-02-10 15:37:31,JBP,Cloudy,0.35,6.19,0.8,11.0,91.3
2026-06-02 21:29:32,JBP,Clear,0.28,7.82,1.1,17.5,74.0
2026-01-31 02:31:56,JBP,Fog,0.67,3.98,0.8,33.5,73.7
2026-03-31 22:08:57,JBP,Fog,0.76,2.91,0.5,18.7,83.1
2026-02-08 14:32:55,JBP,Clear,0.44,6.43,0.8,4.5,99.7
2026-06-22 19:30:48,JBP,Clear,0.04,9.87,1.0,29.3,39.7
2026-01-07 13:17:40,JBP,Cloudy,0.49,6.45,0.7,37.1,54.7
2026-02-08 03:16:08,JBP,Clear,0.43,5.79,1.4,24.9,67.4
2026-02-18 07:28:54,JBP,Cloudy,0.07,9.93,1.1,32.5,73.8
2026-05-07 15:26:51,JBP,Clear,0.34,7.64,0.6,16.8,54.2
2026-01-22 07:50:59,JBP,Fog,0.53,6.73,0.9,20.9,77.5
2026-01-05 15:13:55,JBP,Rain,0.51,3.74,7.2,17.9,100.0
2026-01-07 23:02:49,JBP,Cloudy,0.33,7.66,0.0,22.4,30.4
2026-06-30 02:03:31,JBP,Clear,0.33,7.58,1.2,25.1,81.4
2026-05-18 11:47:55,JBP,Rain,0.04,8.4,5.0,24.6,40.3
2026-05-01 12:33:45,JBP,Rain,0.26,6.15,4.2,28.8,35.3
2026-03-01 18:02:18,JBP,Cloudy,0.4,7.22,0.7,17.6,98.2
2026-04-26 15:09:12,JBP,Cloudy,0.39,6.31,1.1,28.6,74.6
2026-06-26 06:56:01,JBP,Clear,0.32,7.65,0.9,36.6,72.1
2026-06-04 10:50:23,JBP,Cloudy,0.86,2.12,0.0,30.5,63.3
2026-06-17 23:22:34,JBP,Cloudy,0.04,10.13,1.2,25.5,53.7
2026-02-09 02:00:26,JBP,Cloudy,0.55,4.83,0.3,32.7,52.3
2026-01-15 11:01:45,JBP,Clear,0.61,3.97,1.3,27.2,63.5
2026-06-28 02:05:04,JBP,Clear,0.58,4.99,1.0,27.4,60.8
2026-02-04 19:21:38,JBP,Cloudy,0.11,8.11,0.1,20.7,72.4
2026-06-27 17:30:35,JBP,Cloudy,0.32,6.5,0.8,10.7,54.2
2026-06-09 00:01:31,JBP,Clear,0.33,7.65,0.4,30.3,70.9
2026-03-08 07:50:11,JBP,Cloudy,0.1,9.73,1.4,15.1,72.8
2026-06-15 11:32:11,JBP,Cloudy,0.59,3.89,0.4,16.8,83.4
2026-05-12 02:01:01,JBP,Clear,0.13,8.98,1.5,10.3,77.1
2026-01-26 21:19:09,JBP,Clear,0.34,6.52,1.0,14.4,63.2
2026-03-08 13:12:49,JBP,Clear,0.5,5.66,0.3,3.2,61.2
2026-06-26 09:57:05,JBP,Fog,0.98,1.32,1.4,25.0,51.8
2026-02-28 04:22:07,JBP,Cloudy,0.02,9.78,1.1,25.5,79.3
2026-01-02 00:19:17,JBP,Clear,0.09,9.27,0.3,20.0,77.5
2026-05-11 23:33:00,JBP,Clear,0.35,7.6,0.6,31.1,96.1
2026-02-18 22:11:33,JBP,Clear,0.55,5.18,1.2,26.0,89.2
2026-01-08 14:30:36,JBP,Cloudy,0.12,8.02,0.2,29.8,75.1
2026-04-04 14:44:45,JBP,Clear,0.34,7.31,0.6,21.0,55.5
2026-04-01 00:51:56,JBP,Clear,0.18,8.33,0.2,19.9,100.0
2026-04-17 21:02:42,JBP,Clear,0.31,8.39,0.6,24.5,54.2
2026-01-17 23:50:59,JBP,Clear,0.25,7.28,0.9,16.3,48.5
2026-02-08 12:54:08,JBP,Rain,0.13,8.07,15.6,24.4,84.2
2026-04-26 13:34:32,JBP,Cloudy,0.55,4.75,1.2,26.8,87.8
2026-03-19 03:47:49,JBP,Cloudy,0.4,7.32,0.9,16.7,84.3
2026-04-23 09:48:39,JBP,Clear,0.29,7.65,0.7,39.8,86.2
2026-01-19 03:38:40,JBP,Clear,0.14,9.1,1.1,24.6,79.9
2026-03-14 10:12:16,JBP,Clear,0.11,8.59,0.4,23.1,50.4
2026-01-26 02:18:09,JBP,Cloudy,0.26,7.3,0.4,19.3,65.9
2026-03-19 12:00:42,JBP,Clear,0.04,9.82,0.9,16.6,85.9
2026-06-25 17:35:21,JBP,Cloudy,0.24,7.88,1.4,33.3,93.9
2026-04-20 21:18:45,JBP,Cloudy,0.2,7.98,0.7,30.9,61.2
2026-05-12 16:16:26,JBP,Clear,0.18,8.68,1.2,11.6,66.0
2026-02-06 11:41:29,JBP,Rain,0.38,5.19,3.7,20.3,30.4
2026-01-29 16:30:40,JBP,Clear,0.1,9.16,1.5,34.0,21.9
2026-05-14 10:09:18,JBP,Clear,0.22,8.21,1.2,15.4,46.3
2026-01-01 00:55:27,JBP,Clear,0.43,6.23,0.9,12.9,40.9
2026-05-14 21:58:46,JBP,Clear,0.41,7.05,1.0,13.3,66.7
2026-04-14 04:40:31,JBP,Clear,0.6,4.93,0.0,13.8,73.0
2026-02-18 08:23:02,JBP,Clear,0.37,7.53,0.4,17.7,75.9
2026-05-05 20:18:29,JBP,Clear,0.55,5.63,0.8,13.9,62.9
2026-06-13 01:31:13,JBP,Clear,0.1,9.22,0.2,11.5,46.3
2026-03-26 14:54:02,JBP,Cloudy,0.45,6.52,1.1,18.9,100.0
2026-02-23 09:51:06,JBP,Rain,0.1,8.06,6.5,30.0,20.0
2026-01-28 18:33:55,JBP,Clear,0.04,9.63,1.1,26.2,58.0
2026-02-15 17:04:33,JBP,Cloudy,0.3,7.74,0.4,21.5,47.7
2026-01-18 19:51:19,JBP,Clear,0.1,8.64,1.2,23.8,58.1
2026-02-25 22:06:39,JBP,Cloudy,0.39,6.19,0.8,21.4,61.3
2026-06-04 13:41:51,JBP,Cloudy,0.36,6.72,1.3,25.7,30.3
2026-05-02 17:48:18,JBP,Clear,0.14,8.92,0.1,12.2,52.2
2026-02-19 09:28:00,JBP,Cloudy,0.08,8.93,1.2,34.3,67.3
2026-03-12 16:01:31,JBP,Clear,0.17,8.41,0.9,20.8,48.3
2026-05-16 03:33:44,JBP,Clear,0.31,7.15,0.6,22.6,78.8
2026-05-04 06:40:02,JBP,Fog,0.85,2.86,0.4,26.3,62.1
2026-06-07 09:26:30,JBP,Rain,0.22,6.93,12.0,28.7,64.5
2026-03-30 16:40:23,JBP,Cloudy,0.09,9.51,1.3,9.3,75.6
2026-04-17 06:55:57,JBP,Clear,0.39,6.55,0.4,30.1,58.9
2026-02-14 12:29:52,JBP,Clear,0.4,6.37,0.8,11.8,61.0
2026-03-30 10:07:13,JBP,Clear,0.61,5.06,0.4,21.6,64.9
2026-02-08 16:28:40,JBP,Clear,0.34,6.58,0.1,12.6,75.2
2026-02-15 07:42:56,JBP,Clear,0.2,8.39,0.9,6.9,49.2
2026-06-11 09:39:32,JBP,Clear,0.4,7.14,0.0,17.0,74.3
2026-06-10 02:30:02,JBP,Clear,0.27,8.86,1.2,29.4,87.9
2026-04-19 17:23:51,JBP,Clear,0.07,9.62,0.7,23.3,62.3
2026-05-31 22:37:35,JBP,Clear,0.55,5.55,1.4,0.0,40.9
2026-01-06 08:02:07,JBP,Clear,0.16,9.05,0.2,29.7,53.9
2026-03-18 13:05:03,JBP,Clear,0.38,7.75,0.0,26.0,45.6
2026-01-23 06:06:52,JBP,Cloudy,0.38,6.92,1.4,30.7,52.5
2026-05-08 20:49:52,JBP,Fog,0.61,4.03,1.4,24.9,57.1
2026-02-27 16:04:39,JBP,Cloudy,0.3,6.72,0.7,21.3,53.9
2026-05-21 21:00:15,JBP,Rain,0.11,8.48,7.9,32.5,69.9
2026-06-09 01:39:28,JBP,Fog,0.72,3.36,0.5,21.9,73.2
2026-04-10 21:14:41,JBP,Clear,0.17,8.68,0.5,14.1,67.9
2026-05-03 16:47:40,JBP,Clear,0.38,7.14,0.0,22.3,50.1
2026-03-09 02:51:50,JBP,Clear,0.05,9.76,0.6,22.4,88.7
2026-03-13 22:54:04,JBP,Clear,0.04,10.17,1.0,20.9,52.3
2026-01-18 04:52:19,JBP,Rain,0.42,5.16,5.8,18.0,34.1
2026-01-09 21:29:35,JBP,Clear,0.14,8.82,1.4,41.0,82.9
2026-06-03 06:48:54,JBP,Clear,0.16,8.69,1.0,20.6,51.8
2026-06-09 16:39:16,JBP,Fog,1.0,1.92,0.6,24.6,52.6
2026-03-23 10:49:45,JBP,Cloudy,0.14,8.85,1.1,15.5,74.8
2026-05-03 07:57:44,JBP,Cloudy,0.05,9.72,0.4,28.3,91.2
2026-02-09 18:28:51,JBP,Clear,0.03,10.41,1.2,33.9,74.7
2026-03-25 01:37:14,JBP,Clear,0.27,8.34,0.1,28.4,71.2
2026-04-23 20:20:14,JBP,Clear,0.07,8.14,1.2,22.2,56.1
2026-02-03 04:26:32,JBP,Clear,0.11,9.33,1.4,10.4,60.4
2026-04-19 23:11:51,JBP,Clear,0.32,7.84,0.5,24.8,68.7
2026-04-28 20:58:22,JBP,Fog,0.75,3.92,0.4,12.8,84.2
2026-05-30 19:00:20,JBP,Rain,0.26,7.04,23.1,16.2,59.4
2026-01-07 02:27:38,JBP,Clear,0.2,8.28,1.5,34.8,84.8
2026-03-31 22:19:06,JBP,Clear,0.1,8.76,0.5,8.2,78.4
2026-04-24 01:37:01,JBP,Clear,0.42,6.85,0.2,8.1,49.7
2026-02-05 02:09:02,JBP,Fog,0.53,6.39,0.4,38.7,97.0
2026-04-27 02:45:54,JBP,Clear,0.22,8.37,0.7,0.7,85.1
2026-05-19 17:53:50,JBP,Fog,0.72,3.14,0.4,29.9,100.0
2026-03-12 19:12:36,JBP,Clear,0.08,9.13,0.0,19.7,71.1
2026-05-15 10:48:17,JBP,Cloudy,0.39,7.09,0.2,14.7,80.7
2026-01-05 13:35:10,JBP,Cloudy,0.33,6.11,1.3,30.3,89.8
2026-03-12 03:49:07,JBP,Clear,0.25,8.01,0.9,15.8,97.5
2026-04-16 03:50:00,JBP,Rain,0.24,6.97,6.7,25.7,62.3
2026-03-19 18:59:54,JBP,Cloudy,0.53,5.41,0.8,11.0,59.5
2026-04-27 08:57:50,JBP,Rain,0.65,3.11,10.4,36.8,57.2
2026-03-23 00:41:07,JBP,Clear,0.11,9.91,0.7,21.1,47.5
2026-06-26 22:52:58,JBP,Rain,0.39,5.71,13.0,30.9,78.0
2026-05-26 09:46:28,JBP,Clear,0.27,7.41,1.1,17.7,67.3
2026-01-31 19:43:49,JBP,Clear,0.05,8.79,1.3,29.9,70.2
2026-04-19 21:58:38,JBP,Fog,0.53,5.92,0.5,27.6,48.4
2026-03-14 19:01:36,JBP,Rain,0.17,6.98,15.6,24.3,74.2
2026-05-02 05:51:43,JBP,Clear,0.2,8.71,1.0,10.4,50.7
2026-03-28 09:54:52,JBP,Cloudy,0.46,6.55,0.8,22.9,47.4
2026-02-25 20:55:06,JBP,Clear,0.24,7.57,1.4,15.7,40.7
2026-03-16 15:48:18,JBP,Clear,0.21,8.71,0.6,23.3,67.3
2026-06-15 08:17:15,JBP,Clear,0.35,6.35,0.9,32.1,93.4
2026-03-06 23:33:01,JBP,Fog,0.57,5.02,0.9,12.9,72.8
2026-05-26 23:01:24,JBP,Clear,0.04,9.6,0.8,34.6,61.1
2026-02-08 09:15:39,JBP,Clear,0.36,6.74,1.1,20.7,50.4
2026-06-24 01:51:16,JBP,Clear,0.44,6.3,0.2,20.6,94.5
2026-01-13 00:47:07,JBP,Rain,0.23,7.57,16.8,12.7,99.9
2026-05-19 11:59:36,JBP,Clear,0.64,5.0,1.0,7.6,53.8
2026-06-19 00:38:18,JBP,Clear,0.27,7.72,0.6,38.1,69.1
2026-06-28 03:48:24,JBP,Cloudy,0.09,9.14,0.7,35.7,74.7
2026-02-14 19:24:15,JBP,Clear,0.23,7.2,1.5,30.1,98.2
2026-02-02 04:53:32,JBP,Clear,0.26,8.04,0.5,11.0,71.3
2026-06-10 05:46:59,JBP,Clear,0.4,5.94,1.1,30.3,100.0
2026-04-19 15:11:34,JBP,Clear,0.2,8.16,1.2,22.8,63.4
2026-05-20 01:44:15,JBP,Cloudy,0.73,3.69,0.4,26.9,69.0
2026-01-20 18:22:04,JBP,Clear,0.2,8.48,1.3,36.8,49.6
2026-04-11 03:19:13,JBP,Clear,0.06,9.38,1.1,20.4,68.4
2026-04-09 11:34:31,JBP,Clear,0.3,7.09,0.1,32.1,66.3
2026-01-12 21:36:44,JBP,Cloudy,0.3,7.22,1.0,19.1,66.1
2026-01-06 03:34:05,JBP,Clear,0.18,9.68,1.2,27.1,50.5
2026-02-26 18:15:58,JBP,Clear,0.34,6.42,0.5,29.8,61.4
2026-04-24 18:36:12,JBP,Clear,0.24,8.02,0.8,23.3,79.8
2026-01-02 23:08:49,JBP,Fog,0.66,4.71,0.1,32.6,47.2
2026-03-13 21:20:06,JBP,Clear,0.68,4.53,1.1,16.6,68.4
2026-03-19 11:10:07,JBP,Clear,0.08,9.4,0.8,32.4,50.3
2026-03-10 23:58:07,JBP,Fog,0.49,6.69,0.0,16.6,78.3
2026-03-09 05:22:14,JBP,Clear,0.11,8.35,1.4,28.0,75.5
2026-02-10 06:52:36,JBP,Rain,0.31,6.08,26.4,33.2,77.0
2026-06-12 19:30:23,JBP,Fog,0.68,4.2,0.2,13.2,76.0
2026-03-04 00:46:45,JBP,Rain,0.33,5.83,6.3,21.4,70.2
2026-06-30 19:29:49,JBP,Clear,0.23,7.31,0.3,38.8,55.3
2026-01-09 09:57:44,JBP,Clear,0.34,6.77,1.0,38.1,76.4
2026-02-20 20:35:50,JBP,Clear,0.18,8.7,0.2,21.1,95.2
2026-05-25 07:35:38,JBP,Clear,0.22,9.12,0.3,25.2,55.5
2026-04-13 05:12:02,JBP,Clear,0.07,9.78,0.7,33.6,64.3
2026-01-11 15:59:03,JBP,Fog,0.65,5.12,0.4,33.2,62.7
2026-02-09 05:30:40,JBP,Clear,0.2,8.85,1.4,25.9,74.0
2026-01-12 15:14:57,JBP,Clear,0.11,8.21,0.7,20.6,53.9
2026-01-06 00:33:34,JBP,Clear,0.19,7.76,0.1,28.0,61.6
2026-06-27 18:31:19,JBP,Fog,0.43,6.15,1.0,21.2,59.9
2026-01-15 23:51:38,JBP,Cloudy,0.08,8.82,1.4,29.6,69.3
2026-06-20 21:52:20,JBP,Clear,0.03,8.93,0.6,20.2,65.7
2026-05-19 04:05:38,JBP,Clear,0.42,6.79,0.3,26.1,84.1
2026-03-03 02:17:31,JBP,Clear,0.26,8.47,0.5,18.2,46.7
2026-05-02 10:59:13,JBP,Clear,0.34,6.25,1.0,14.6,78.1
2026-04-26 10:29:37,JBP,Fog,0.52,5.76,0.9,29.6,54.4
2026-06-21 15:02:46,JBP,Clear,0.45,6.77,1.0,23.6,75.4
2026-02-20 06:08:53,JBP,Fog,0.56,5.26,0.1,19.5,52.7
2026-05-04 05:07:26,JBP,Rain,0.06,8.17,1.6,20.2,75.7
2026-05-19 00:51:10,JBP,Cloudy,0.21,8.24,0.1,27.1,57.1
2026-05-31 20:21:03,JBP,Clear,0.52,5.54,0.3,25.6,89.9
2026-04-15 20:21:39,JBP,Fog,0.7,3.65,0.8,28.3,73.0
2026-06-28 12:17:46,JBP,Cloudy,0.4,6.97,0.5,16.9,40.7
2026-06-11 07:39:33,JBP,Clear,0.59,4.67,1.5,32.7,99.5
2026-02-27 00:20:08,JBP,Rain,0.72,2.61,4.2,20.0,81.6
2026-06-01 18:19:04,JBP,Clear,0.57,5.29,0.9,19.1,77.8
2026-05-22 22:50:30,JBP,Clear,0.21,8.04,0.8,19.1,55.2
2026-01-08 06:00:16,JBP,Cloudy,0.13,8.09,0.4,34.5,100.0
2026-05-25 19:12:03,JBP,Clear,0.17,9.0,0.1,15.6,46.7
2026-03-03 10:00:08,JBP,Fog,0.53,5.23,1.0,37.8,87.8
2026-01-18 20:59:53,JBP,Rain,0.38,5.84,6.6,29.5,80.3
2026-03-22 21:58:12,JBP,Cloudy,0.02,8.84,0.1,18.6,55.7
2026-06-16 09:06:04,JBP,Cloudy,0.2,8.4,1.0,20.1,53.1
2026-06-20 20:58:27,JBP,Clear,0.23,7.44,0.1,20.0,38.3
2026-02-14 18:38:54,JBP,Clear,0.3,7.19,0.4,19.0,64.0
2026-01-30 20:38:02,JBP,Cloudy,0.14,8.65,0.7,38.7,65.4
2026-05-27 22:29:57,JBP,Clear,0.3,7.44,0.5,37.5,83.2
2026-05-28 01:49:38,JBP,Clear,0.31,7.24,0.5,28.0,74.7
2026-04-04 00:25:09,JBP,Rain,0.25,5.48,8.6,14.9,100.0
2026-03-03 09:11:26,JBP,Clear,0.14,8.5,0.2,33.3,62.1
2026-04-22 00:42:41,JBP,Clear,0.43,5.94,0.4,26.3,81.3
2026-05-19 04:25:16,JBP,Fog,0.5,5.81,0.5,26.2,83.6
2026-06-30 10:01:02,JBP,Fog,0.46,6.11,0.9,15.5,80.8
2026-01-04 04:01:36,JBP,Clear,0.38,7.06,0.0,23.2,67.6
2026-03-13 23:40:32,JBP,Rain,0.4,5.4,6.5,29.7,22.7
2026-01-19 23:42:08,JBP,Rain,0.56,4.28,4.3,10.1,79.4
2026-05-05 21:23:51,JBP,Clear,0.66,4.98,1.5,20.8,59.2
2026-05-23 17:34:53,JBP,Clear,0.07,9.24,0.7,30.7,72.5
2026-01-09 19:56:01,JBP,Rain,0.34,5.35,7.5,36.1,42.7
2026-05-12 13:13:03,JBP,Clear,0.16,8.76,0.7,22.4,90.5
2026-01-26 08:05:33,JBP,Clear,0.73,3.12,0.6,32.1,58.9
2026-04-29 17:11:38,JBP,Clear,0.11,9.19,0.1,29.9,93.4
2026-05-02 01:51:59,JBP,Clear,0.14,8.62,0.7,25.5,61.2
2026-04-15 21:22:37,JBP,Clear,0.25,8.5,1.5,21.8,65.0
2026-06-28 04:55:17,JBP,Rain,0.23,7.08,14.8,24.9,63.5
2026-02-23 16:35:20,JBP,Cloudy,0.81,2.97,1.1,28.1,58.3
2026-04-18 09:02:10,JBP,Clear,0.04,9.6,0.2,21.5,92.0
2026-02-03 00:31:37,JBP,Cloudy,0.16,7.78,1.3,31.4,65.4
2026-01-27 23:02:03,JBP,Clear,0.11,9.73,0.5,21.4,44.9
2026-04-26 09:31:21,JBP,Cloudy,0.57,5.63,0.3,24.0,92.3
2026-01-17 22:07:37,JBP,Clear,0.22,8.08,0.8,25.0,20.0
2026-05-29 03:11:08,JBP,Clear,0.4,6.72,0.2,21.2,59.5
2026-04-18 22:46:21,JBP,Cloudy,0.46,6.57,0.7,17.4,48.9
2026-02-23 10:34:31,JBP,Rain,0.4,5.08,18.6,16.5,72.7
2026-05-15 01:39:47,JBP,Clear,0.35,6.92,0.0,17.2,52.0
2026-03-22 09:17:38,JBP,Fog,0.56,4.98,0.1,33.1,89.5
2026-03-16 06:52:22,JBP,Clear,0.28,7.22,0.0,20.4,100.0
2026-05-25 04:09:10,JBP,Clear,0.48,5.96,0.4,31.1,37.7
2026-03-29 01:46:25,JBP,Clear,0.34,6.07,1.0,17.7,47.1
2026-06-07 11:14:29,JBP,Clear,0.34,7.3,1.3,33.5,65.1
2026-03-30 21:27:46,JBP,Cloudy,0.15,8.51,0.8,13.6,100.0
2026-03-28 08:39:30,JBP,Rain,0.4,4.58,20.7,20.5,47.4
2026-06-21 12:43:29,JBP,Clear,0.17,8.29,1.0,5.8,62.9
2026-05-05 01:23:24,JBP,Clear,0.17,8.08,0.7,15.1,64.6
2026-03-17 12:33:15,JBP,Clear,0.37,7.25,1.3,12.0,55.9
2026-05-09 11:19:36,JBP,Clear,0.25,7.71,0.1,24.6,54.1
2026-02-12 12:30:28,JBP,Clear,0.28,7.93,1.4,24.4,54.9
2026-02-15 07:43:24,JBP,Clear,0.09,9.02,0.9,5.3,47.3
2026-02-19 15:53:55,JBP,Rain,0.23,6.69,5.6,29.0,64.5
2026-06-20 19:13:04,JBP,Clear,0.09,9.66,1.4,24.7,81.4
2026-06-30 17:06:07,JBP,Clear,0.3,7.33,0.2,39.4,53.9
2026-03-07 22:18:14,JBP,Clear,0.22,7.83,1.3,26.1,42.7
2026-05-05 16:22:32,JBP,Clear,0.12,9.95,0.2,39.4,43.8
2026-06-17 00:28:03,JBP,Cloudy,0.08,8.91,1.4,20.9,96.8
2026-05-31 01:17:53,JBP,Cloudy,0.19,8.3,0.3,37.2,73.7
2026-01-21 01:22:41,JBP,Fog,0.78,3.67,1.0,16.3,77.3
2026-04-11 01:38:30,JBP,Clear,0.28,8.6,1.4,22.2,48.0
2026-06-05 07:33:28,JBP,Clear,0.09,9.33,0.9,31.8,73.2
2026-05-29 06:29:24,JBP,Rain,0.3,6.02,1.3,29.8,58.0
2026-05-31 03:56:53,JBP,Clear,0.15,9.12,0.0,35.4,89.7
2026-06-13 12:30:00,JBP,Clear,0.51,5.6,0.1,21.0,64.6
2026-03-03 15:01:43,JBP,Clear,0.04,9.87,1.1,4.7,55.8
2026-01-14 09:18:06,JBP,Cloudy,0.3,7.37,0.1,27.3,48.0
2026-06-20 15:40:19,JBP,Clear,0.32,7.55,0.4,19.7,63.9
2026-02-25 04:13:28,JBP,Clear,0.19,8.39,1.5,24.6,96.2
2026-05-26 21:47:57,JBP,Rain,0.4,6.35,2.4,5.4,37.4
2026-04-27 00:39:40,JBP,Clear,0.4,6.4,1.2,4.5,99.6
2026-05-05 03:46:52,JBP,Clear,0.22,8.27,0.6,27.8,35.5
2026-02-20 19:57:17,JBP,Clear,0.76,3.13,0.4,24.3,73.9
2026-04-04 20:06:00,JBP,Clear,0.16,7.81,0.6,37.5,92.2
2026-06-09 02:00:05,JBP,Cloudy,0.33,7.12,0.2,25.4,44.1
2026-01-08 15:26:21,JBP,Rain,0.23,6.6,2.7,12.8,66.1
2026-06-09 22:02:54,JBP,Clear,0.67,4.35,0.2,29.8,61.6
2026-04-24 01:12:07,JBP,Cloudy,0.08,9.72,1.1,26.7,44.4
2026-06-06 23:57:18,JBP,Cloudy,0.41,6.41,0.3,24.3,60.4
2026-05-22 03:36:37,JBP,Clear,0.16,8.81,0.0,15.7,49.0
2026-01-18 21:30:54,JBP,Fog,0.44,6.85,0.4,23.7,95.8
2026-03-12 10:02:05,JBP,Cloudy,0.12,9.41,0.5,34.6,65.0
2026-06-11 20:16:37,JBP,Rain,0.33,6.04,5.3,21.3,72.1
2026-05-07 10:01:43,JBP,Cloudy,0.35,6.42,1.5,27.9,55.1
2026-06-11 13:58:31,JBP,Clear,0.14,8.1,0.9,27.4,72.6
2026-01-24 20:18:38,JBP,Clear,0.19,8.37,1.0,22.8,68.2
2026-01-01 10:04:16,JBP,Rain,0.26,6.5,4.3,18.2,49.7
2026-01-23 04:26:46,JBP,Clear,0.01,10.11,1.4,18.5,89.7
2026-06-08 21:14:59,JBP,Clear,0.47,5.56,1.2,29.6,47.9
2026-04-16 09:48:54,JBP,Cloudy,0.26,8.25,1.2,26.1,42.7
2026-05-04 23:55:24,JBP,Clear,0.4,7.13,0.9,24.9,65.0
2026-02-09 07:39:48,JBP,Cloudy,0.39,5.99,1.3,14.6,63.3
2026-06-25 13:11:58,JBP,Cloudy,0.53,5.27,0.1,39.4,73.4
2026-04-24 05:41:52,JBP,Fog,0.57,5.12,0.2,25.8,66.2
2026-01-26 14:45:06,JBP,Clear,0.18,8.61,1.3,13.9,88.5
2026-06-27 01:32:39,JBP,Clear,0.4,5.74,0.3,28.1,84.6
2026-04-15 08:40:24,JBP,Clear,0.2,8.35,0.8,26.5,73.4
2026-02-21 10:57:49,JBP,Clear,0.33,7.46,0.6,27.0,36.3
2026-04-17 08:53:31,JBP,Cloudy,0.57,4.74,0.4,27.5,53.7
2026-05-05 20:04:07,JBP,Clear,0.28,7.61,0.9,21.7,44.2
2026-03-24 20:17:55,JBP,Clear,0.34,7.84,0.2,23.0,66.0
2026-02-25 06:49:02,JBP,Clear,0.82,3.23,1.2,30.4,74.3
2026-02-10 01:48:19,JBP,Clear,0.76,3.75,1.1,27.4,65.8
2026-05-09 23:55:33,JBP,Cloudy,0.05,10.33,0.1,39.7,63.6
2026-05-15 01:59:12,JBP,Fog,0.51,6.61,1.0,15.5,64.8
2026-03-14 16:34:26,JBP,Clear,0.32,6.65,0.0,34.2,22.7
2026-03-07 05:17:48,JBP,Cloudy,0.12,9.0,1.1,40.5,53.6
2026-05-30 09:48:45,JBP,Cloudy,0.38,6.6,1.3,29.4,55.6
2026-02-19 18:47:28,JBP,Fog,0.48,6.12,0.9,28.2,33.8
2026-04-19 19:42:38,JBP,Clear,0.38,7.78,0.2,30.2,89.2
2026-05-12 08:32:03,JBP,Rain,0.51,5.07,10.6,26.0,69.6
2026-02-20 19:30:17,JBP,Cloudy,0.28,7.74,0.5,28.7,58.4
2026-06-09 10:19:40,JBP,Clear,0.27,7.11,1.0,15.5,72.5
2026-06-26 01:42:14,JBP,Clear,0.47,5.91,0.2,32.6,71.2
2026-02-18 20:50:42,JBP,Cloudy,0.24,7.66,0.4,25.4,40.1
2026-02-18 03:41:30,JBP,Clear,0.35,6.48,0.1,31.0,86.0
2026-02-25 15:31:13,JBP,Cloudy,0.33,6.79,0.3,26.3,73.7
2026-06-05 19:23:16,JBP,Rain,0.48,4.38,10.6,14.9,57.5
2026-01-12 02:26:48,JBP,Cloudy,0.02,9.87,1.5,18.6,70.3
2026-05-24 04:14:22,JBP,Rain,0.23,6.46,8.5,14.4,95.9
2026-03-16 01:20:13,JBP,Cloudy,0.73,4.27,0.4,30.8,96.3
2026-04-09 17:50:38,JBP,Clear,0.44,6.7,0.7,21.9,75.4
2026-05-23 21:49:34,JBP,Clear,0.18,8.19,1.3,12.3,34.3
2026-01-06 05:26:23,JBP,Clear,0.18,8.57,0.7,16.7,49.6
2026-05-08 19:05:01,JBP,Cloudy,0.45,6.25,0.4,16.5,74.4
2026-04-27 08:08:15,JBP,Clear,0.14,8.79,0.0,30.3,66.7
2026-02-08 10:07:55,JBP,Clear,0.53,5.53,0.5,29.5,96.0
2026-06-15 04:09:08,JBP,Clear,0.09,8.85,0.2,19.6,62.5
2026-03-21 05:12:21,JBP,Clear,0.54,5.76,0.4,11.0,87.5
2026-02-07 07:47:56,JBP,Cloudy,0.36,6.82,0.9,35.4,45.5
2026-01-29 15:05:17,JBP,Clear,0.27,7.71,0.1,33.8,22.9
2026-05-08 16:06:42,JBP,Clear,0.2,7.91,0.1,20.1,35.8
2026-04-11 09:25:13,JBP,Clear,0.11,9.14,1.2,18.3,80.8
2026-04-08 02:39:24,JBP,Cloudy,0.49,6.02,0.6,18.9,54.5
2026-04-19 22:48:35,JBP,Cloudy,0.46,5.8,0.4,26.9,61.5
2026-04-09 18:52:18,JBP,Clear,0.21,8.31,0.5,21.4,85.1
2026-02-07 18:05:10,JBP,Cloudy,0.32,8.0,0.2,22.3,35.7
2026-02-17 11:19:50,JBP,Fog,0.39,7.08,0.3,26.6,95.0
2026-03-24 03:32:16,JBP,Fog,0.55,5.01,0.6,31.2,37.3
2026-01-05 17:12:23,JBP,Clear,0.14,9.12,0.9,1.1,54.5
2026-06-20 04:02:53,JBP,Clear,0.56,5.52,1.2,29.5,45.7
2026-01-17 17:51:36,JBP,Rain,0.28,6.3,1.0,13.8,49.8
2026-04-25 14:22:29,JBP,Cloudy,0.51,6.22,1.4,14.1,87.5
2026-01-03 08:40:56,JBP,Rain,0.11,7.63,6.5,39.4,33.0
2026-04-14 18:38:29,JBP,Fog,0.67,5.69,0.4,24.8,43.7
2026-04-03 06:59:48,JBP,Fog,0.48,6.13,0.5,30.2,33.3
2026-05-06 05:13:44,JBP,Clear,0.25,7.65,1.0,28.8,60.1
2026-05-17 07:50:51,JBP,Clear,0.08,8.67,0.9,20.3,45.2
2026-03-28 23:50:10,JBP,Rain,0.44,4.73,8.9,33.5,65.2
2026-06-26 10:50:53,JBP,Fog,0.68,3.79,1.2,14.2,54.9
2026-03-30 04:19:57,JBP,Rain,0.51,3.71,5.4,39.0,67.4
2026-01-05 10:20:34,JBP,Rain,0.64,3.41,8.8,4.2,70.8
2026-06-25 13:50:07,JBP,Clear,0.06,9.38,1.4,26.9,61.4
2026-03-02 20:50:53,JBP,Clear,0.18,7.98,1.2,27.7,68.3
2026-02-11 07:18:15,JBP,Clear,0.06,9.64,0.8,18.5,59.4
2026-02-23 14:12:35,JBP,Clear,0.29,7.71,0.6,37.0,57.5
2026-02-07 01:11:03,JBP,Cloudy,0.24,7.91,1.5,24.9,68.3
2026-03-11 19:46:03,JBP,Clear,0.39,6.82,1.4,11.6,75.6
2026-05-21 17:47:04,JBP,Clear,0.35,7.05,0.6,26.0,98.8
2026-03-10 11:08:18,JBP,Cloudy,0.08,9.76,0.5,12.8,61.4
2026-04-13 17:50:06,JBP,Clear,0.24,9.09,1.3,25.0,91.9
2026-05-27 13:35:54,JBP,Clear,0.59,4.97,0.6,27.1,100.0
2026-05-17 19:31:57,JBP,Cloudy,0.32,7.2,0.7,24.1,78.4
2026-01-29 19:57:25,JBP,Rain,0.33,4.77,36.2,20.2,49.3
2026-06-14 13:35:37,JBP,Cloudy,0.3,8.12,0.6,24.6,99.8
2026-03-28 20:36:23,JBP,Clear,0.12,8.67,1.4,9.3,72.4
2026-03-28 17:18:58,JBP,Cloudy,0.45,6.86,0.8,9.6,30.7
2026-05-26 23:46:38,JBP,Clear,0.34,7.04,0.6,21.5,77.9
2026-04-03 15:51:03,JBP,Clear,0.2,7.73,0.5,18.3,65.8
2026-02-10 12:26:26,JBP,Clear,0.79,3.15,0.8,38.5,74.1
2026-03-01 13:25:06,JBP,Fog,0.65,4.2,0.9,18.3,83.1
2026-02-17 17:46:00,JBP,Fog,0.57,5.52,0.3,25.7,43.5
2026-06-26 06:38:59,JBP,Clear,0.24,8.45,1.3,3.9,98.1
2026-01-03 09:59:26,JBP,Fog,0.44,6.29,0.5,14.7,48.6
2026-02-08 09:02:44,JBP,Clear,0.44,6.0,0.5,37.2,100.0
2026-02-27 23:29:06,JBP,Fog,0.67,4.77,1.3,20.1,74.3
2026-03-17 02:49:33,JBP,Cloudy,0.51,5.87,1.2,33.8,97.0
2026-05-19 13:55:48,JBP,Cloudy,0.2,8.26,1.1,39.7,76.4
2026-04-18 23:57:39,JBP,Clear,0.17,8.29,0.2,28.2,76.7
2026-01-07 03:05:15,JBP,Cloudy,0.37,6.48,0.5,24.0,71.9
2026-01-28 15:56:29,JBP,Clear,0.38,7.54,0.9,16.5,66.6
2026-05-21 04:45:17,JBP,Clear,0.05,9.07,1.1,15.8,55.0
2026-02-24 07:48:57,JBP,Cloudy,0.41,6.55,0.8,16.9,74.3
2026-06-15 20:07:03,JBP,Cloudy,0.49,5.68,0.1,14.6,90.5
2026-06-23 20:49:42,JBP,Clear,0.15,8.92,1.1,31.6,62.3
2026-02-16 09:49:22,JBP,Clear,0.5,6.45,1.1,20.2,51.4
2026-01-04 02:20:45,JBP,Clear,0.17,8.37,0.1,21.7,79.0
2026-06-02 19:37:30,JBP,Cloudy,0.29,7.73,1.1,18.9,62.9
2026-02-05 02:04:54,JBP,Clear,0.25,8.21,0.3,19.8,27.4
2026-06-18 23:55:02,JBP,Clear,0.2,8.61,0.7,34.5,67.8
2026-02-23 19:04:11,JBP,Rain,0.04,8.99,1.0,25.6,65.8
2026-02-04 20:16:28,JBP,Rain,0.44,4.99,9.0,28.5,41.0
2026-05-30 04:03:40,JBP,Rain,0.48,5.24,13.1,30.3,54.2
2026-02-10 00:29:37,JBP,Clear,0.25,7.54,0.6,24.5,78.1
2026-02-26 14:17:20,JBP,Clear,0.2,8.06,0.3,24.4,68.6
2026-06-11 13:05:53,JBP,Clear,0.24,7.32,0.5,34.0,81.4
2026-03-19 13:39:59,JBP,Clear,0.41,6.78,0.4,21.3,60.1
2026-06-26 17:42:17,JBP,Clear,0.31,6.67,0.5,28.7,35.5
2026-01-08 01:39:01,JBP,Cloudy,0.43,5.78,1.4,13.5,71.5
2026-03-03 17:46:31,JBP,Clear,0.4,6.77,0.9,17.7,61.6
2026-02-17 10:36:29,JBP,Cloudy,0.4,6.3,1.5,32.7,87.2
2026-04-07 22:48:50,JBP,Clear,0.31,7.37,0.4,19.9,61.2
2026-05-25 01:11:35,JBP,Clear,0.14,8.54,0.7,18.6,59.4
2026-01-15 18:48:14,JBP,Clear,0.71,3.32,0.4,10.8,61.6
2026-01-08 03:29:54,JBP,Clear,0.39,7.03,1.5,34.1,63.1
2026-05-02 08:38:36,JBP,Fog,0.87,2.81,0.5,39.9,80.7
2026-06-18 03:30:51,JBP,Cloudy,0.44,6.15,1.3,20.6,79.6
2026-03-04 18:44:21,JBP,Clear,0.14,8.97,1.2,22.4,95.1
2026-06-01 00:33:41,JBP,Clear,0.29,7.36,0.8,35.8,64.8
2026-06-30 01:51:55,JBP,Clear,0.15,8.09,0.8,23.6,73.1
2026-05-11 05:14:00,JBP,Clear,0.29,8.12,1.4,22.8,85.8
2026-04-25 19:47:19,JBP,Clear,0.43,6.62,1.3,27.5,95.8
2026-03-09 21:22:20,JBP,Clear,0.21,8.31,0.6,22.8,69.1
2026-06-07 16:48:23,JBP,Cloudy,0.25,7.82,1.5,18.4,78.8
2026-03-25 07:29:15,JBP,Clear,0.18,7.46,0.8,30.2,77.2
2026-03-03 23:28:36,JBP,Clear,0.11,9.83,1.5,30.9,35.3
2026-02-12 01:00:00,JBP,Clear,0.38,6.6,0.6,22.6,44.7
2026-05-13 20:04:50,JBP,Rain,0.34,6.32,11.9,24.3,54.5
2026-01-16 23:29:01,JBP,Clear,0.21,7.67,0.2,34.8,68.7
2026-02-17 14:37:23,JBP,Clear,0.57,5.1,1.3,24.3,67.9
2026-06-15 18:08:18,JBP,Clear,0.17,8.46,1.0,22.0,51.2
2026-03-02 17:45:29,JBP,Clear,0.33,6.72,1.1,25.8,79.1
2026-04-05 19:35:29,JBP,Clear,0.38,6.4,0.2,13.1,50.4
2026-05-24 00:49:40,JBP,Clear,0.23,8.2,0.2,19.1,45.3
2026-06-12 07:05:48,JBP,Clear,0.17,8.9,0.9,14.4,43.4
2026-01-13 05:37:21,JBP,Clear,0.3,6.95,0.8,17.8,97.7
2026-01-27 05:56:39,JBP,Clear,0.43,6.25,0.5,37.4,46.2
2026-06-26 16:48:02,JBP,Clear,0.51,5.56,1.0,38.1,60.2
2026-06-12 12:52:36,JBP,Cloudy,0.39,6.25,0.9,27.5,48.6
2026-01-06 11:59:08,JBP,Clear,0.33,7.23,0.1,36.7,41.3
2026-06-12 07:43:59,JBP,Clear,0.06,9.35,0.1,31.5,20.0
2026-02-27 14:30:23,JBP,Clear,0.42,5.95,0.4,34.2,93.8
2026-01-09 22:06:29,JBP,Clear,0.12,8.87,1.2,31.3,53.8
2026-02-23 15:50:05,JBP,Cloudy,0.15,9.02,0.5,29.0,47.8
2026-03-16 20:50:04,JBP,Cloudy,0.22,8.26,1.2,10.5,27.0
2026-06-20 04:27:01,JBP,Clear,0.26,7.98,0.2,34.6,84.8
2026-03-15 11:55:06,JBP,Fog,1.0,1.49,0.5,44.4,100.0
2026-05-30 17:34:23,JBP,Clear,0.08,9.89,1.1,7.1,57.0
2026-02-18 04:02:17,JBP,Clear,0.6,4.61,0.4,23.1,51.0
2026-06-20 17:46:34,JBP,Clear,0.19,8.38,0.0,12.0,48.4
2026-06-13 00:54:47,JBP,Clear,0.32,7.16,0.3,15.4,54.3
2026-03-01 00:58:57,JBP,Clear,0.11,9.64,0.2,22.9,40.0
2026-01-11 05:41:15,JBP,Clear,0.31,7.81,0.4,31.5,44.0
2026-05-10 22:38:19,JBP,Rain,0.1,7.88,1.1,24.1,36.7
2026-03-30 02:45:41,JBP,Clear,0.29,7.78,0.7,24.0,47.5
2026-03-31 12:28:58,JBP,Clear,0.47,6.15,0.9,22.3,63.5
2026-01-27 19:41:28,JBP,Clear,0.37,6.6,1.4,23.3,82.3
2026-02-06 14:49:35,JBP,Fog,0.72,3.58,0.6,12.0,78.9
2026-06-11 02:49:24,JBP,Clear,0.41,6.34,1.0,27.0,74.2
2026-06-29 09:37:00,JBP,Cloudy,0.17,9.08,0.7,15.9,58.1
2026-03-07 01:21:54,JBP,Clear,0.67,4.83,0.4,30.1,73.0
2026-04-09 02:45:12,JBP,Fog,0.79,3.02,1.4,20.2,60.9
2026-06-07 07:34:30,JBP,Cloudy,0.21,7.19,0.0,24.9,68.9
2026-05-17 15:03:21,JBP,Clear,0.04,9.15,1.3,22.5,41.8
2026-05-06 05:38:52,JBP,Clear,0.16,8.42,1.1,29.7,66.1
2026-03-28 02:05:35,JBP,Cloudy,0.21,7.56,1.3,22.2,39.6
2026-02-13 12:48:14,JBP,Rain,0.24,6.56,9.9,4.0,72.6
2026-03-18 17:02:58,JBP,Fog,0.89,1.71,1.0,16.3,91.0
2026-05-31 14:45:04,JBP,Clear,0.15,8.92,1.4,36.3,40.3
2026-04-28 19:50:18,JBP,Rain,0.55,5.0,11.0,31.7,20.0
2026-05-31 12:54:41,JBP,Fog,0.47,5.35,0.4,16.2,65.3
2026-03-17 18:48:14,JBP,Fog,0.98,2.09,0.1,17.7,69.2
2026-06-01 14:18:34,JBP,Clear,0.42,6.32,0.1,34.2,61.6
2026-06-22 10:01:27,JBP,Fog,0.46,6.24,0.1,25.0,65.1
2026-02-12 23:29:41,JBP,Clear,0.35,6.7,1.1,31.7,69.1
2026-04-05 01:42:38,JBP,Clear,0.17,8.29,0.4,26.6,40.0
2026-04-21 13:00:32,JBP,Clear,0.11,9.14,0.1,13.3,70.3
2026-03-04 07:25:10,JBP,Rain,0.04,7.9,4.4,21.6,100.0
2026-01-10 20:51:15,JBP,Clear,0.4,6.94,1.2,21.3,48.7
2026-06-20 12:17:13,JBP,Cloudy,0.13,8.99,0.1,30.8,71.0
2026-04-19 02:06:05,JBP,Fog,0.44,5.66,1.0,31.6,71.0
2026-06-25 17:15:13,JBP,Clear,0.4,6.97,0.7,38.4,71.2
2026-04-08 17:29:57,JBP,Clear,0.39,6.48,1.2,22.4,71.1
2026-06-04 15:59:00,JBP,Clear,0.16,8.37,1.0,41.8,87.7
2026-03-04 02:30:40,JBP,Clear,0.07,8.97,0.2,15.9,69.5
2026-01-04 06:36:12,JBP,Clear,0.58,5.55,1.4,22.4,65.6
2026-01-30 06:06:34,JBP,Cloudy,0.4,6.58,0.3,23.7,65.9
2026-01-28 18:37:06,JBP,Clear,0.35,7.09,0.1,17.7,47.6
2026-06-17 12:18:15,JBP,Cloudy,0.35,6.51,1.1,14.3,48.6
2026-05-09 13:22:06,JBP,Clear,0.45,6.05,1.2,21.4,64.1
2026-02-10 23:59:23,JBP,Fog,0.6,5.75,1.2,24.9,70.3
2026-05-23 05:41:47,JBP,Clear,0.33,7.21,1.0,21.1,90.0
2026-06-02 14:22:20,JBP,Cloudy,0.24,7.51,0.6,35.0,37.5
2026-04-23 21:55:39,JBP,Clear,0.29,7.19,0.2,34.8,65.6
2026-02-11 19:10:23,JBP,Fog,0.5,5.95,0.8,11.6,54.9
2026-03-10 18:35:45,JBP,Fog,0.85,2.42,1.1,27.1,83.8
2026-06-03 22:02:53,JBP,Clear,0.29,7.72,1.5,28.7,73.7
2026-04-15 05:52:54,JBP,Rain,0.15,7.54,12.9,13.0,84.5
2026-03-01 06:42:09,JBP,Clear,0.07,8.95,0.8,25.2,66.4
2026-05-31 09:18:21,JBP,Clear,0.53,4.94,0.9,25.6,71.1
2026-03-05 21:45:49,JBP,Fog,0.67,4.06,0.9,29.6,66.0
2026-01-26 18:34:20,JBP,Rain,0.3,5.99,7.1,23.7,47.3
2026-05-10 18:28:35,JBP,Cloudy,0.25,8.26,0.1,24.5,46.2
2026-05-06 02:08:40,JBP,Rain,0.46,4.45,14.3,28.4,67.3
2026-01-28 01:24:14,JBP,Clear,0.19,8.66,1.4,23.6,57.0
2026-03-30 20:55:20,JBP,Cloudy,0.34,7.6,0.5,21.2,88.7
2026-01-08 08:56:28,JBP,Clear,0.04,9.44,1.2,36.3,80.5
2026-06-21 21:15:12,JBP,Cloudy,0.61,4.1,0.9,31.4,77.4
2026-05-07 07:05:09,JBP,Fog,0.6,4.84,1.5,30.1,74.0
2026-03-03 06:30:01,JBP,Cloudy,0.42,7.3,1.3,19.0,100.0
2026-05-17 04:56:07,JBP,Clear,0.26,7.53,0.3,21.7,74.6
2026-03-01 18:59:53,JBP,Clear,0.38,7.07,0.1,19.3,58.4
2026-03-23 05:06:31,JBP,Fog,0.63,4.84,1.2,24.0,56.4
2026-06-07 12:12:00,JBP,Fog,0.61,5.51,0.6,13.9,54.0
2026-04-11 08:08:27,JBP,Fog,0.75,3.72,1.5,13.5,72.0
2026-05-30 02:29:32,JBP,Clear,0.24,8.04,1.3,28.0,46.6
2026-06-17 23:38:42,JBP,Clear,0.17,8.23,0.4,30.9,90.7
2026-06-25 22:41:55,JBP,Rain,0.15,7.55,3.7,20.0,66.5
2026-01-08 03:05:46,JBP,Fog,0.87,2.37,0.6,25.8,77.3
2026-04-18 19:28:17,JBP,Clear,0.23,8.32,0.2,26.8,29.7
2026-02-25 02:02:06,JBP,Rain,0.41,5.32,1.4,22.9,72.4
2026-06-29 19:23:28,JBP,Rain,0.39,5.99,9.0,6.3,71.9
2026-04-15 08:32:54,JBP,Clear,0.15,8.68,0.9,23.1,68.3
2026-01-10 13:11:42,JBP,Clear,0.34,7.35,0.2,14.5,74.1
2026-06-30 19:13:18,JBP,Fog,0.65,3.74,0.4,33.2,72.8
2026-05-29 03:17:45,JBP,Clear,0.11,9.12,0.8,20.3,55.7
2026-05-20 19:54:18,JBP,Rain,0.25,6.81,18.7,18.6,66.3
2026-05-27 03:44:29,JBP,Rain,0.04,8.72,12.9,16.4,47.3
2026-04-21 20:32:42,JBP,Clear,0.35,6.8,1.0,39.6,54.7
2026-03-18 20:20:18,JBP,Clear,0.09,9.01,0.9,36.6,53.4
2026-06-09 19:44:08,JBP,Clear,0.14,9.28,1.2,15.7,100.0
2026-01-20 18:31:34,JBP,Clear,0.19,7.53,0.5,23.3,58.5
2026-04-22 21:31:26,JBP,Cloudy,0.13,8.73,0.3,15.2,49.4
2026-06-27 08:30:04,JBP,Clear,0.53,5.83,0.4,14.6,75.6
2026-06-30 00:00:57,JBP,Rain,0.33,5.74,6.9,37.3,71.5
2026-02-22 13:17:01,JBP,Clear,0.21,9.03,1.0,21.9,55.2
2026-04-05 02:38:03,JBP,Clear,0.34,7.47,0.1,38.0,47.9
2026-05-05 02:14:09,JBP,Cloudy,0.42,6.99,0.0,15.0,41.6
2026-05-24 20:27:31,JBP,Rain,0.5,4.55,12.2,9.4,81.0
2026-01-17 03:49:46,JBP,Clear,0.29,7.05,1.2,7.7,49.4
2026-05-02 22:19:46,JBP,Clear,0.26,7.95,0.1,27.6,75.7
2026-06-13 02:54:56,JBP,Rain,0.53,4.56,7.6,26.7,75.7
2026-02-26 03:01:56,JBP,Clear,0.45,6.47,1.5,19.7,53.8
2026-04-07 13:45:52,JBP,Cloudy,0.35,6.64,1.0,26.2,62.1
2026-06-13 04:24:50,JBP,Clear,0.34,6.85,1.0,25.6,87.6
2026-02-25 16:05:49,JBP,Cloudy,0.29,7.85,0.9,25.2,83.5
2026-04-16 09:08:03,JBP,Clear,0.18,8.26,0.0,22.7,59.1
2026-04-15 12:51:08,JBP,Rain,0.08,7.92,9.9,23.2,40.7
2026-06-21 15:47:09,JBP,Cloudy,0.27,7.31,0.4,21.7,60.8
2026-03-07 17:32:39,JBP,Clear,0.09,9.26,0.7,12.9,53.9
2026-05-01 06:31:04,JBP,Rain,0.23,6.23,9.8,22.4,67.1
2026-01-06 14:10:17,JBP,Rain,0.37,5.77,10.7,27.0,86.3
2026-05-15 10:37:31,JBP,Cloudy,0.52,5.75,0.5,25.3,73.6
2026-04-03 06:53:33,JBP,Cloudy,0.06,10.16,0.8,33.2,59.1
2026-06-05 05:19:36,JBP,Fog,0.86,2.73,1.1,30.5,85.4
2026-01-08 20:54:24,JBP,Clear,0.42,6.58,1.3,19.1,43.0
2026-02-22 18:04:30,JBP,Clear,0.25,7.98,1.1,34.6,90.1
2026-05-16 07:22:04,JBP,Fog,0.89,2.16,0.6,37.4,100.0
2026-06-26 16:02:45,JBP,Clear,0.09,9.03,1.4,25.7,64.0
2026-06-23 11:22:18,JBP,Clear,0.13,8.89,0.9,18.8,80.9
2026-05-17 04:30:02,JBP,Clear,0.04,9.04,0.5,12.8,100.0
2026-06-03 20:15:38,JBP,Clear,0.05,9.27,0.7,48.1,70.0
2026-04-17 21:39:26,JBP,Clear,0.29,7.53,0.7,43.1,73.3
2026-02-19 14:04:45,JBP,Clear,0.47,6.71,1.0,20.6,85.3
2026-02-04 12:26:46,JBP,Cloudy,0.52,6.08,0.0,26.7,77.2
2026-03-24 08:42:37,JBP,Clear,0.25,8.35,1.2,18.1,64.3
2026-03-05 22:03:22,JBP,Clear,0.23,8.34,0.3,22.8,76.3
2026-05-12 00:40:21,JBP,Clear,0.26,7.71,1.3,24.2,44.3
2026-01-07 08:52:29,JBP,Fog,0.72,3.88,0.2,25.1,92.4
2026-03-03 08:23:28,JBP,Cloudy,0.12,9.09,1.4,28.3,66.9
2026-01-30 02:55:12,JBP,Clear,0.53,5.43,1.2,19.4,62.5
2026-05-01 12:15:07,JBP,Fog,0.47,5.8,0.3,17.3,41.0
2026-06-08 14:54:01,JBP,Cloudy,0.12,9.27,1.4,24.4,59.4
2026-06-20 09:49:08,JBP,Cloudy,0.14,9.03,1.3,14.9,58.9
2026-01-22 06:27:08,JBP,Fog,0.87,2.88,0.3,26.1,90.1
2026-04-14 07:28:07,JBP,Clear,0.33,6.5,0.3,17.1,56.3
2026-03-15 21:16:14,JBP,Clear,0.21,7.98,0.8,23.8,77.4
2026-04-13 02:44:13,JBP,Clear,0.3,8.11,0.1,43.3,84.5
2026-02-09 06:43:27,JBP,Clear,0.53,5.17,0.3,14.6,59.8
2026-06-20 02:23:16,JBP,Clear,0.13,8.96,0.9,31.2,80.3
2026-01-05 16:18:17,JBP,Clear,0.47,5.65,1.5,13.1,94.8
2026-03-31 19:43:30,JBP,Clear,0.12,9.65,0.0,30.6,69.2
2026-06-26 13:39:44,JBP,Clear,0.2,8.8,0.7,25.0,95.3
2026-03-22 15:16:38,JBP,Fog,0.52,6.13,0.3,38.8,53.4
2026-04-07 05:26:24,JBP,Clear,0.04,9.46,0.3,21.6,20.0
2026-01-09 09:26:44,JBP,Clear,0.55,5.47,1.0,18.9,90.8
2026-02-10 03:46:07,JBP,Clear,0.06,9.84,0.5,21.0,53.0
2026-04-03 06:35:40,JBP,Clear,0.28,7.27,1.3,22.3,62.3
2026-04-09 05:25:24,JBP,Fog,0.48,7.31,1.1,24.6,71.2
2026-05-11 06:22:08,JBP,Clear,0.19,8.42,0.5,26.6,54.8
2026-01-24 08:48:52,JBP,Rain,0.29,5.92,11.1,27.3,69.8
2026-06-19 05:12:10,JBP,Cloudy,0.64,4.68,0.2,22.1,93.5
2026-05-20 02:25:09,JBP,Clear,0.18,8.91,0.3,25.1,98.3
2026-02-02 11:10:01,JBP,Clear,0.33,7.18,0.7,23.1,62.2
2026-01-10 09:58:20,JBP,Clear,0.3,7.66,1.0,35.9,75.4
2026-05-26 08:27:17,JBP,Clear,0.37,7.64,0.9,22.0,51.7
2026-01-13 18:08:55,JBP,Clear,0.23,7.41,1.1,19.4,56.8
2026-05-29 09:46:57,JBP,Fog,0.99,2.28,1.0,22.6,80.1
2026-03-18 21:49:03,JBP,Clear,0.5,5.96,1.2,28.5,56.6
2026-05-27 11:59:28,JBP,Clear,0.08,8.22,1.4,25.9,84.7
2026-03-14 22:05:44,JBP,Cloudy,0.34,7.1,0.1,35.9,69.9
2026-03-19 04:15:42,JBP,Rain,0.32,5.78,9.7,32.2,79.0
2026-04-29 04:05:07,JBP,Rain,0.17,6.74,25.7,13.5,70.3
2026-05-05 12:58:50,JBP,Clear,0.48,5.9,1.0,43.2,65.9
2026-06-26 06:54:21,JBP,Clear,0.2,8.4,0.8,22.3,69.4
2026-01-07 05:23:11,JBP,Cloudy,0.03,10.41,0.4,25.7,61.3
2026-03-17 03:22:24,JBP,Rain,0.15,7.12,5.0,35.0,66.7
2026-01-07 01:24:21,JBP,Clear,0.33,7.22,0.4,19.5,82.4
2026-06-27 03:30:24,JBP,Clear,0.38,6.01,1.5,26.5,61.4
2026-01-02 20:41:32,JBP,Cloudy,0.22,8.79,0.2,33.7,82.6
2026-06-29 10:22:14,JBP,Rain,0.27,6.41,2.2,26.0,80.4
2026-06-29 22:08:38,JBP,Clear,0.51,5.86,1.1,18.7,87.2
2026-01-20 22:21:26,JBP,Clear,0.34,7.09,0.8,11.1,100.0
2026-05-04 03:42:21,JBP,Fog,0.98,2.62,1.0,28.3,72.5
2026-03-26 02:54:14,JBP,Clear,0.28,7.47,1.0,15.9,66.7
2026-06-02 00:46:28,JBP,Clear,0.03,9.84,0.5,32.6,95.5
2026-03-09 03:48:04,JBP,Clear,0.36,6.9,1.2,14.4,59.9
2026-05-01 14:29:49,JBP,Rain,0.12,7.01,3.3,28.0,78.2
2026-02-27 10:47:58,JBP,Fog,0.9,2.44,0.4,30.1,99.1
2026-03-24 22:07:56,JBP,Clear,0.26,7.6,1.1,31.0,34.1
2026-05-14 14:22:40,JBP,Clear,0.28,8.33,0.8,19.1,77.0
2026-04-28 15:48:07,JBP,Clear,0.49,5.34,0.1,23.6,43.4
2026-03-31 18:00:08,JBP,Clear,0.29,8.03,0.2,20.3,60.1
2026-04-17 20:35:43,JBP,Clear,0.38,6.34,0.7,22.5,55.5
2026-01-01 08:28:39,JBP,Clear,0.28,7.54,0.9,18.9,78.1
2026-05-05 18:10:01,JBP,Fog,0.74,3.32,0.8,19.8,71.2
2026-03-01 15:52:27,JBP,Fog,0.51,5.07,0.4,19.6,57.4
2026-05-25 06:02:18,JBP,Rain,0.34,5.84,7.5,26.2,53.2
2026-05-30 14:30:16,JBP,Fog,0.39,7.41,0.6,20.4,38.1
2026-01-14 16:05:57,JBP,Rain,0.11,8.03,1.8,20.6,60.3
2026-04-27 01:55:04,JBP,Cloudy,0.22,7.86,1.3,21.2,55.1
2026-03-10 04:27:49,JBP,Cloudy,0.24,8.15,1.0,14.0,49.6
2026-03-19 12:41:14,JBP,Clear,0.38,7.2,0.7,23.4,60.2
2026-01-26 05:01:37,JBP,Clear,0.39,6.1,1.5,32.3,70.7
2026-02-06 12:01:45,JBP,Clear,0.19,8.31,1.3,15.5,90.5
2026-03-20 10:43:05,JBP,Fog,0.43,5.57,0.4,19.0,59.2
2026-01-14 23:46:40,JBP,Clear,0.38,6.46,0.7,38.1,20.0
2026-03-12 00:41:45,JBP,Clear,0.23,7.57,1.4,13.7,48.3
2026-01-10 02:22:03,JBP,Clear,0.32,6.69,0.9,20.1,89.0
2026-06-23 02:31:02,JBP,Rain,0.31,6.28,3.0,9.5,50.9
2026-03-22 22:35:15,JBP,Clear,0.08,9.41,0.1,31.1,84.9
2026-05-27 03:25:30,JBP,Cloudy,0.57,4.93,1.0,14.4,69.7
2026-01-19 23:54:04,JBP,Cloudy,0.21,7.98,0.1,24.8,73.6
2026-01-01 19:03:39,JBP,Rain,0.1,7.52,10.0,15.0,80.3
2026-02-05 16:20:28,JBP,Clear,0.15,8.47,0.7,25.1,43.2
2026-05-15 21:37:29,JBP,Rain,0.16,7.25,3.1,16.8,70.3
2026-02-02 19:57:49,JBP,Cloudy,0.34,7.16,1.2,24.6,84.6
2026-04-25 16:03:27,JBP,Cloudy,0.03,10.29,0.3,20.7,87.6
2026-02-14 23:15:45,JBP,Fog,0.48,6.15,0.1,15.0,69.7
2026-02-12 03:13:30,JBP,Cloudy,0.21,7.55,1.5,12.3,75.6
2026-04-08 17:19:16,JBP,Clear,0.03,9.54,0.4,18.1,43.2
2026-01-07 05:42:06,JBP,Rain,0.36,5.98,10.1,19.4,59.7
2026-06-09 14:27:34,JBP,Rain,0.32,5.14,21.3,31.2,81.8
2026-05-07 22:04:50,JBP,Clear,0.19,8.44,0.5,21.1,86.8
2026-05-26 13:38:21,JBP,Rain,0.43,5.28,3.6,23.5,59.7
2026-03-23 21:06:02,JBP,Clear,0.19,8.46,1.1,26.3,71.3
2026-05-01 23:23:26,JBP,Clear,0.33,7.17,0.2,23.2,83.5
2026-06-16 12:25:06,JBP,Rain,0.23,6.63,7.2,26.5,32.4
2026-04-07 04:35:12,JBP,Rain,0.37,6.1,3.8,21.6,81.4
2026-03-05 13:25:34,JBP,Cloudy,0.08,9.73,0.5,23.2,35.0
2026-06-12 21:03:21,JBP,Clear,0.48,5.73,0.5,16.0,64.0
2026-01-09 15:03:11,JBP,Fog,0.55,6.23,1.4,25.6,60.9
2026-06-13 03:55:25,JBP,Rain,0.44,5.47,5.3,18.8,79.1
2026-03-24 00:53:50,JBP,Fog,0.56,5.19,0.9,10.3,59.6
2026-01-29 13:15:48,JBP,Clear,0.11,9.52,0.2,29.7,50.8
2026-01-11 14:57:34,JBP,Rain,0.12,7.66,3.1,17.9,58.2
2026-06-18 02:59:36,JBP,Cloudy,0.52,5.66,1.3,15.5,100.0
2026-03-24 00:38:46,JBP,Clear,0.34,6.47,0.4,23.0,55.3
2026-06-07 20:27:29,JBP,Rain,0.32,5.8,18.1,25.6,82.8
2026-01-14 05:28:05,JBP,Fog,0.71,4.0,0.6,31.8,75.2
2026-02-07 09:53:05,JBP,Clear,0.06,9.93,0.5,35.4,65.5
2026-05-18 10:30:23,JBP,Rain,0.07,7.62,12.8,35.5,50.6
2026-01-22 06:34:45,JBP,Cloudy,0.06,9.11,1.2,31.7,38.4
2026-02-07 07:03:29,JBP,Clear,0.31,7.92,1.3,33.1,61.6
2026-06-08 09:55:45,JBP,Rain,0.32,6.3,28.0,33.5,74.3
2026-06-05 18:13:18,JBP,Cloudy,0.18,8.39,0.0,17.8,70.6
2026-02-20 20:55:25,JBP,Clear,0.21,9.39,1.1,19.6,38.9
2026-01-26 11:47:40,JBP,Cloudy,0.26,7.49,1.3,19.7,60.3
2026-05-25 20:33:07,JBP,Clear,0.04,9.14,1.5,13.7,34.6
2026-03-17 22:20:04,JBP,Clear,0.32,7.27,1.3,20.0,37.5
2026-06-13 13:42:37,JBP,Clear,0.13,9.59,1.5,33.8,33.4
2026-03-18 22:02:01,JBP,Clear,0.46,6.3,0.4,35.9,94.3
2026-01-10 05:57:27,JBP,Clear,0.48,6.67,0.6,10.4,89.1
2026-02-04 09:02:28,JBP,Rain,0.32,6.24,7.9,22.1,59.7
2026-05-29 10:38:52,JBP,Clear,0.58,5.61,0.8,30.4,44.6
2026-05-25 15:24:10,JBP,Cloudy,0.3,7.96,0.7,17.4,56.1
2026-04-22 12:32:18,JBP,Clear,0.23,8.72,0.8,32.5,67.8
2026-01-26 02:35:53,JBP,Cloudy,0.43,6.3,0.5,22.4,81.8
2026-05-18 02:56:02,JBP,Cloudy,0.09,8.89,0.8,27.0,65.2
2026-02-02 06:29:30,JBP,Clear,0.07,9.57,1.2,26.7,83.8
2026-01-17 16:54:49,JBP,Fog,0.43,5.24,0.5,16.1,85.6
2026-06-26 10:34:49,JBP,Cloudy,0.12,8.94,0.8,9.9,31.5
2026-04-12 20:14:16,JBP,Cloudy,0.1,8.52,0.0,32.7,75.7
2026-02-04 11:25:46,JBP,Fog,0.52,5.14,0.5,18.3,62.8
2026-02-08 12:12:31,JBP,Cloudy,0.39,6.85,0.7,36.0,68.1
2026-06-04 18:02:37,JBP,Clear,0.26,7.98,0.3,18.1,88.5
2026-02-15 08:37:37,JBP,Rain,0.17,7.31,5.3,31.3,69.5
2026-04-18 11:37:41,JBP,Clear,0.36,5.93,1.2,10.5,45.8
2026-06-13 11:39:54,JBP,Clear,0.35,6.67,1.3,27.1,100.0
2026-06-24 09:35:16,JBP,Clear,0.59,4.83,0.0,30.5,53.9
2026-06-27 09:37:43,JBP,Clear,0.16,8.51,0.6,18.6,66.1
2026-02-23 19:26:54,JBP,Clear,0.71,3.82,0.0,17.0,91.8
2026-04-27 09:50:22,JBP,Fog,0.54,5.78,1.3,22.9,100.0
2026-05-02 22:59:37,JBP,Cloudy,0.29,6.61,0.2,22.9,89.5
2026-05-18 16:40:52,JBP,Clear,0.22,7.02,0.1,20.5,34.2
2026-06-25 01:33:35,JBP,Clear,0.29,7.72,1.4,37.4,99.4
2026-06-07 06:10:45,JBP,Clear,0.21,7.96,0.9,27.9,54.6
2026-03-23 08:06:10,JBP,Fog,0.54,5.49,0.4,30.3,74.0
2026-02-06 15:38:14,JBP,Rain,0.16,6.97,1.8,26.6,55.0
2026-04-17 09:27:40,JBP,Cloudy,0.27,8.0,0.8,39.7,77.1
2026-05-16 16:49:04,JBP,Clear,0.27,7.39,0.9,25.0,72.6
2026-02-20 09:25:18,JBP,Clear,0.17,8.35,0.5,10.6,77.0
2026-01-15 15:12:39,JBP,Rain,0.25,6.49,3.9,25.7,60.2
2026-05-11 09:06:01,JBP,Cloudy,0.06,9.82,1.0,29.4,68.8
2026-06-05 12:15:31,JBP,Cloudy,0.57,4.91,1.3,36.5,67.7
2026-04-13 04:03:42,JBP,Clear,0.47,5.77,1.3,34.3,78.2
2026-01-08 23:43:31,JBP,Clear,0.53,5.58,0.5,38.6,89.4
2026-02-21 17:47:38,JBP,Clear,0.27,7.8,0.5,28.1,84.4
2026-05-08 15:08:43,JBP,Cloudy,0.71,3.13,1.4,20.7,42.1
2026-04-23 06:29:18,JBP,Clear,0.31,7.5,0.6,23.2,32.9
2026-02-28 01:07:11,JBP,Clear,0.4,6.64,1.4,24.8,65.1
2026-06-28 18:48:20,JBP,Clear,0.2,7.69,0.5,29.4,71.7
2026-02-03 07:49:49,JBP,Clear,0.17,8.57,0.6,15.6,57.5
2026-05-31 19:50:35,JBP,Clear,0.08,9.53,1.4,26.2,34.0
2026-06-25 15:13:32,JBP,Fog,0.69,4.57,0.6,21.3,69.9
2026-04-10 19:47:18,JBP,Cloudy,0.49,6.17,1.2,24.4,64.6
2026-05-05 19:01:07,JBP,Clear,0.22,8.13,0.7,34.1,59.1
2026-02-10 12:14:39,JBP,Fog,0.59,4.74,0.2,16.6,78.4
2026-03-06 08:44:07,JBP,Cloudy,0.21,8.56,1.1,29.9,50.4
2026-03-14 15:36:19,JBP,Cloudy,0.28,7.38,0.3,37.2,81.2
2026-05-31 18:45:41,JBP,Cloudy,0.29,8.37,0.4,20.6,48.1
2026-05-04 16:04:40,JBP,Rain,0.2,7.03,8.6,17.4,81.1
2026-01-19 13:16:59,JBP,Clear,0.24,7.62,1.3,3.6,65.3
2026-06-07 01:03:31,JBP,Clear,0.22,7.74,0.5,16.0,60.4
2026-06-01 06:00:59,JBP,Rain,0.3,6.23,7.4,22.2,98.5
2026-06-12 20:06:31,JBP,Clear,0.18,8.18,0.8,23.0,51.8
2026-02-21 09:55:53,JBP,Clear,0.22,7.84,1.3,31.2,59.5
2026-02-01 13:37:12,JBP,Clear,0.22,8.41,0.0,25.9,42.2
2026-05-27 05:48:59,JBP,Clear,0.09,9.33,0.8,15.3,58.2
2026-05-18 20:16:48,JBP,Clear,0.15,8.45,1.2,33.4,53.1
2026-03-10 07:02:23,JBP,Cloudy,0.1,8.96,0.1,17.5,82.5
2026-05-18 18:34:15,JBP,Rain,0.34,5.61,6.3,30.0,76.8
2026-04-02 11:18:24,JBP,Clear,0.18,8.65,0.5,20.4,79.1
2026-04-29 03:30:01,JBP,Clear,0.31,7.08,1.3,16.5,56.6
2026-03-03 07:00:04,JBP,Clear,0.06,10.38,1.0,38.3,70.9
2026-02-16 05:42:45,JBP,Cloudy,0.56,5.85,0.6,44.2,86.8
2026-02-25 05:28:06,JBP,Clear,0.05,9.81,0.4,36.5,50.0
2026-02-15 05:45:51,JBP,Clear,0.12,8.77,1.1,18.8,93.2
2026-06-02 10:37:23,JBP,Clear,0.31,7.5,0.2,27.1,58.4
2026-05-26 19:14:23,JBP,Rain,0.41,5.24,3.7,25.4,53.3
2026-05-14 19:11:54,JBP,Cloudy,0.14,9.18,1.0,20.2,60.5
2026-06-17 18:56:12,JBP,Rain,0.3,6.17,11.6,26.7,68.7
2026-01-11 09:59:24,JBP,Rain,0.39,5.97,1.9,19.1,48.3
2026-03-20 22:06:12,JBP,Clear,0.5,5.99,1.3,20.3,77.0
2026-01-20 13:08:38,JBP,Cloudy,0.21,8.51,0.1,27.0,54.2
2026-02-05 07:57:20,JBP,Rain,0.38,6.28,5.2,16.4,56.4
2026-01-30 07:17:47,JBP,Clear,0.14,8.22,0.2,25.4,83.5
2026-04-10 23:01:05,JBP,Cloudy,0.41,6.49,1.5,31.8,66.0
2026-04-22 01:59:16,JBP,Clear,0.25,7.67,0.0,50.1,88.3
2026-04-11 13:51:17,JBP,Clear,0.43,6.15,0.6,37.9,61.3
2026-03-28 18:34:51,JBP,Cloudy,0.29,8.1,0.9,19.2,71.1
2026-04-01 05:28:15,JBP,Clear,0.05,9.89,1.3,5.6,44.3
2026-03-27 17:27:11,JBP,Rain,0.22,5.5,8.7,30.2,61.9
2026-02-28 02:07:00,JBP,Clear,0.36,6.39,0.1,15.9,69.7
2026-04-30 00:04:03,JBP,Cloudy,0.3,7.92,1.3,17.1,100.0
2026-04-05 03:16:40,JBP,Clear,0.07,9.53,0.9,38.1,21.4
2026-05-01 05:44:30,JBP,Cloudy,0.07,9.9,0.7,13.1,54.2
2026-01-30 03:51:58,JBP,Clear,0.12,9.21,0.9,15.4,62.9
2026-06-16 05:18:05,JBP,Clear,0.01,9.88,0.1,20.6,53.9
2026-06-29 14:56:04,JBP,Clear,0.11,9.18,1.1,28.8,64.9
2026-05-06 07:19:22,JBP,Clear,0.3,7.63,1.1,22.4,54.5
2026-06-06 19:01:32,JBP,Clear,0.57,5.4,1.1,16.1,38.1
2026-05-14 01:31:54,JBP,Cloudy,0.5,5.78,0.9,18.7,33.8
2026-03-28 12:17:09,JBP,Fog,0.62,5.09,1.0,13.1,40.3
2026-03-13 21:09:49,JBP,Clear,0.22,7.31,1.4,15.6,99.1
2026-03-30 16:20:50,JBP,Clear,0.11,9.23,0.5,20.0,52.9
2026-04-15 21:03:00,JBP,Cloudy,0.36,7.01,1.0,22.4,83.4
2026-06-21 05:52:52,JBP,Clear,0.35,7.12,1.4,21.4,60.0
2026-05-11 04:08:29,JBP,Cloudy,0.09,9.64,1.2,28.6,45.7
2026-06-30 05:00:01,JBP,Cloudy,0.05,10.07,0.4,32.4,70.1
2026-03-01 04:10:27,JBP,Clear,0.1,9.1,0.9,27.1,58.8
2026-04-23 14:03:37,JBP,Clear,0.48,6.35,0.0,31.4,58.0
2026-02-18 17:39:32,JBP,Rain,0.12,7.31,16.5,22.0,37.9
2026-06-13 06:57:11,JBP,Clear,0.14,8.26,0.3,14.4,44.9
2026-01-07 03:04:21,JBP,Clear,0.3,7.42,0.4,30.5,62.3
2026-01-30 03:33:19,JBP,Fog,0.78,3.43,1.1,18.4,76.7
2026-01-23 15:45:01,JBP,Clear,0.48,6.1,1.0,21.8,55.4
2026-02-02 03:17:04,JBP,Clear,0.4,6.25,1.0,30.4,84.4
2026-02-28 05:51:50,JBP,Cloudy,0.28,7.08,1.1,24.0,74.0
2026-02-14 07:29:07,JBP,Fog,0.92,2.26,0.3,24.4,44.7
2026-05-15 10:45:45,JBP,Cloudy,0.3,7.32,1.3,31.1,91.2
2026-02-10 03:27:41,JBP,Rain,0.08,8.66,4.8,31.1,68.6
2026-04-10 12:52:33,JBP,Clear,0.22,8.43,0.8,10.0,55.0
2026-04-13 23:47:40,JBP,Clear,0.11,9.76,0.6,20.1,80.9
2026-04-11 04:10:37,JBP,Clear,0.23,7.73,1.3,39.3,100.0
2026-01-25 04:04:47,JBP,Rain,0.41,5.41,19.5,25.0,100.0
2026-05-10 06:13:41,JBP,Clear,0.18,8.59,1.5,11.0,56.9
2026-03-05 08:12:55,JBP,Clear,0.27,8.18,1.4,18.5,63.2
2026-06-30 10:26:03,JBP,Clear,0.69,4.22,0.6,40.2,40.8
2026-03-10 17:55:52,JBP,Clear,0.4,6.38,1.0,12.2,68.4
2026-04-19 11:25:31,JBP,Clear,0.24,7.86,1.0,23.7,70.1
2026-01-24 13:11:00,JBP,Clear,0.36,7.12,0.9,15.3,59.0
2026-05-14 00:07:53,JBP,Fog,0.6,5.87,1.2,25.9,57.9
2026-06-18 04:32:40,JBP,Clear,0.21,8.02,1.3,51.1,56.4
2026-01-06 04:34:04,JBP,Cloudy,0.07,10.17,0.5,18.8,56.7
2026-01-09 14:40:45,JBP,Clear,0.09,9.25,0.4,14.3,100.0
2026-01-29 02:10:43,JBP,Fog,0.79,3.54,1.1,27.6,53.9
2026-01-29 15:06:23,JBP,Rain,0.26,6.31,2.2,14.4,63.7
2026-02-03 07:31:35,JBP,Fog,0.76,2.74,1.0,33.1,67.8
2026-01-04 22:25:41,JBP,Fog,0.72,4.23,0.0,31.5,71.1
2026-01-29 11:47:37,JBP,Fog,0.61,4.2,0.1,19.2,85.0
2026-02-04 04:47:33,JBP,Rain,0.11,7.49,11.6,27.5,25.6
2026-06-15 12:50:01,JBP,Clear,0.06,9.42,0.8,30.8,42.9
2026-02-03 10:27:57,JBP,Clear,0.6,6.29,0.9,9.5,64.3
2026-03-29 04:12:14,JBP,Rain,0.4,5.19,19.0,17.7,75.7
2026-02-23 16:46:14,JBP,Clear,0.33,6.97,1.1,37.7,48.9
2026-02-11 08:54:19,JBP,Rain,0.46,5.3,3.3,22.8,71.5
2026-04-01 08:05:57,JBP,Clear,0.07,8.38,0.1,14.4,81.1
2026-01-25 22:30:49,JBP,Clear,0.54,5.83,0.4,23.5,54.0
2026-04-15 01:43:54,JBP,Clear,0.22,7.99,0.6,22.4,78.5
2026-03-05 16:08:14,JBP,Clear,0.32,6.25,1.0,15.8,60.9
2026-05-18 04:26:48,JBP,Clear,0.41,7.26,0.6,25.9,75.2
2026-02-13 07:41:35,JBP,Cloudy,0.34,7.46,0.3,33.1,61.0
2026-04-07 03:33:37,JBP,Clear,0.52,6.55,1.4,31.8,57.5
2026-05-23 05:27:49,JBP,Cloudy,0.23,7.95,0.6,28.9,71.2
2026-05-23 17:40:40,JBP,Clear,0.33,8.0,0.6,25.0,80.4
2026-06-14 17:08:54,JBP,Clear,0.42,6.87,1.4,30.6,54.5
2026-06-09 02:52:10,JBP,Clear,0.29,7.71,0.4,15.8,71.8
2026-05-30 21:53:40,JBP,Clear,0.24,8.15,1.2,26.6,54.2
2026-04-13 19:20:02,JBP,Clear,0.42,6.81,0.3,17.6,100.0
2026-06-08 15:37:46,JBP,Cloudy,0.28,7.3,0.5,19.2,100.0
2026-05-10 04:24:27,JBP,Rain,0.59,3.44,7.5,24.3,73.2
2026-05-21 22:29:43,JBP,Rain,0.38,6.65,3.2,26.9,60.3
2026-06-25 19:45:23,JBP,Cloudy,0.43,5.76,0.4,24.4,48.0
2026-05-01 16:03:12,JBP,Fog,0.94,2.42,0.8,36.2,80.4
2026-06-18 08:49:55,JBP,Rain,0.02,8.73,13.3,30.6,61.9
2026-03-10 12:27:10,JBP,Clear,0.11,8.76,1.0,37.9,55.7
2026-04-24 00:42:36,JBP,Cloudy,0.07,9.17,1.3,25.2,62.7
2026-04-27 08:09:34,JBP,Clear,0.12,8.58,0.7,24.3,76.3
2026-06-05 11:51:50,JBP,Cloudy,0.3,7.44,1.5,23.9,87.3
2026-01-26 19:15:52,JBP,Clear,0.68,4.21,0.7,12.1,62.6
2026-02-11 14:31:20,JBP,Rain,0.16,7.47,16.0,15.1,82.9
2026-02-17 12:58:36,JBP,Clear,0.45,6.31,1.0,20.5,44.7
2026-06-25 04:01:43,JBP,Clear,0.13,8.53,1.5,22.4,63.2
2026-04-27 03:31:18,JBP,Clear,0.05,9.4,0.9,26.7,67.4
2026-03-24 14:58:50,JBP,Clear,0.34,7.31,0.5,24.4,61.0
2026-02-08 04:40:08,JBP,Fog,0.69,3.98,1.2,31.3,84.7
2026-01-23 22:25:59,JBP,Clear,0.43,5.99,0.2,26.7,82.4
2026-02-27 13:58:47,JBP,Clear,0.21,8.17,0.7,27.3,54.4
2026-05-03 03:47:03,JBP,Rain,0.11,7.32,11.5,27.1,49.2
2026-05-23 00:23:27,JBP,Clear,0.46,5.72,0.9,16.3,59.4
2026-06-13 00:20:19,JBP,Clear,0.3,6.56,1.4,25.0,71.4
2026-03-20 09:40:36,JBP,Clear,0.39,6.72,1.1,19.3,50.4
2026-02-10 16:00:47,JBP,Clear,0.59,5.29,0.5,28.2,57.3
2026-06-20 19:31:59,JBP,Clear,0.27,7.33,0.4,26.4,65.0
2026-06-01 23:24:38,JBP,Clear,0.42,6.01,0.3,25.3,34.7
2026-06-29 02:45:20,JBP,Clear,0.39,6.81,0.7,28.0,62.3
2026-02-10 12:49:04,JBP,Clear,0.2,8.32,0.5,29.0,67.7
2026-06-29 15:14:52,JBP,Cloudy,0.37,8.03,0.6,37.7,35.3
2026-01-12 17:25:35,JBP,Clear,0.22,7.95,0.7,36.5,55.9
2026-02-10 08:23:44,JBP,Fog,0.62,4.66,0.9,23.6,85.4
2026-03-25 06:48:38,JBP,Cloudy,0.42,5.9,0.4,32.8,82.8
2026-03-14 21:13:34,JBP,Cloudy,0.45,6.17,0.3,32.8,86.3
2026-02-27 07:27:16,JBP,Clear,0.18,8.25,0.8,24.7,46.4
2026-02-27 06:35:11,JBP,Clear,0.32,6.95,1.4,28.4,62.3
2026-02-05 05:12:03,JBP,Clear,0.33,7.01,1.3,27.9,80.4
2026-04-02 03:16:11,JBP,Fog,0.43,5.91,0.9,34.2,60.2
2026-05-30 08:06:54,JBP,Cloudy,0.39,6.72,0.7,28.0,33.0
2026-01-12 12:26:58,JBP,Fog,0.73,3.56,1.4,34.1,65.3
2026-04-26 12:44:47,JBP,Clear,0.48,6.01,1.1,22.4,80.6
2026-01-12 21:01:54,JBP,Rain,0.19,6.56,12.8,9.5,65.0
2026-03-19 18:43:46,JBP,Fog,0.7,3.26,1.3,34.1,63.9
2026-04-26 13:14:32,JBP,Rain,0.35,6.05,3.0,13.9,34.8
2026-05-24 08:34:49,JBP,Clear,0.34,7.34,0.6,37.1,47.0
2026-04-15 08:13:18,JBP,Clear,0.26,8.11,0.1,27.6,69.1
2026-04-29 00:00:44,JBP,Rain,0.67,2.74,11.4,18.7,86.2
2026-05-18 21:46:49,JBP,Rain,0.03,8.24,17.6,26.2,56.9
2026-01-11 08:43:35,JBP,Clear,0.08,8.88,0.1,37.9,58.5
2026-02-04 19:37:24,JBP,Cloudy,0.1,9.83,1.4,28.5,68.6
2026-02-26 22:51:12,JBP,Clear,0.41,6.76,1.2,28.0,86.1
2026-04-30 07:47:07,JBP,Clear,0.17,9.02,0.0,17.0,59.3
2026-06-29 17:23:12,JBP,Fog,0.75,3.77,0.1,25.4,85.8
2026-06-13 23:52:28,JBP,Clear,0.22,8.13,1.0,35.6,64.1
2026-04-28 03:02:35,JBP,Clear,0.11,9.63,0.0,17.6,43.2
2026-02-26 09:20:53,JBP,Clear,0.33,7.13,1.2,19.0,38.8
2026-05-03 04:14:26,JBP,Clear,0.23,8.19,1.2,15.3,76.7
2026-04-10 08:51:19,JBP,Clear,0.57,5.09,0.6,30.2,78.9
2026-03-11 08:41:59,JBP,Clear,0.65,4.08,0.8,32.6,70.2
2026-02-07 23:52:01,JBP,Cloudy,0.16,8.76,1.5,21.2,88.2
2026-05-21 15:35:22,JBP,Cloudy,0.09,9.2,0.3,43.4,70.8
2026-01-04 18:17:51,JBP,Cloudy,0.14,9.4,0.1,37.5,80.0
2026-02-19 21:49:02,JBP,Clear,0.33,7.89,0.7,21.9,84.4
2026-01-22 20:11:55,JBP,Clear,0.02,9.94,0.6,25.6,56.9
2026-03-02 18:47:48,JBP,Clear,0.24,8.21,0.9,26.9,73.7
2026-01-31 08:41:05,JBP,Clear,0.49,6.02,0.5,21.6,67.5
2026-06-05 06:43:18,JBP,Rain,0.16,6.85,10.0,15.6,52.7
2026-04-08 13:37:34,JBP,Rain,0.15,7.73,10.2,22.6,89.1
2026-06-13 17:32:33,JBP,Clear,0.15,8.94,0.2,31.3,73.6
2026-05-30 02:48:03,JBP,Clear,0.26,8.42,0.4,19.7,48.5
2026-01-05 21:42:37,JBP,Clear,0.37,6.99,0.5,12.4,40.0
2026-06-11 18:02:49,JBP,Clear,0.33,7.03,1.4,18.2,94.4
2026-06-16 21:33:29,JBP,Clear,0.26,8.41,0.9,26.2,79.5
2026-02-14 17:42:12,JBP,Clear,0.19,8.68,0.2,35.0,47.9
2026-06-21 19:41:08,JBP,Clear,0.87,3.29,0.9,26.8,80.4
2026-01-01 17:45:32,JBP,Clear,0.11,9.68,0.6,39.0,69.0
2026-05-01 20:55:58,JBP,Clear,0.31,7.2,0.0,15.5,57.9
2026-05-09 10:32:15,JBP,Cloudy,0.38,6.82,1.2,24.6,62.1
2026-04-26 00:40:30,JBP,Fog,0.46,5.51,0.4,19.3,100.0
2026-05-25 02:12:48,JBP,Clear,0.16,8.26,0.3,29.5,40.8
2026-06-24 00:33:22,JBP,Fog,0.68,4.9,0.5,19.0,85.3
2026-03-13 06:21:38,JBP,Clear,0.1,9.97,1.4,10.0,85.2
2026-05-09 14:29:17,JBP,Clear,0.4,6.6,1.3,26.2,65.8
2026-03-25 15:57:41,JBP,Clear,0.4,6.48,0.6,13.6,53.0
2026-06-12 10:13:44,JBP,Rain,0.52,4.02,10.3,24.9,100.0
2026-02-03 17:18:24,JBP,Cloudy,0.4,6.75,1.4,21.4,58.7
2026-02-11 16:17:14,JBP,Rain,0.31,5.76,10.6,26.7,68.6
2026-03-09 11:09:47,JBP,Cloudy,0.3,7.03,0.8,27.1,70.7
2026-04-29 09:04:17,JBP,Fog,0.39,6.39,1.3,20.0,69.4
2026-03-03 22:44:07,JBP,Fog,0.7,4.13,0.9,33.0,58.1
2026-05-22 19:27:20,JBP,Clear,0.16,7.91,1.1,40.8,42.8
2026-03-25 12:11:31,JBP,Fog,0.73,3.71,1.4,42.4,75.4
2026-04-02 13:45:43,JBP,Clear,0.11,8.72,0.3,16.1,86.5
2026-02-06 17:01:52,JBP,Clear,0.66,4.51,1.3,22.5,93.5
2026-04-03 11:50:13,JBP,Rain,0.38,5.92,6.5,24.2,80.7
2026-05-08 16:35:26,JBP,Rain,0.28,5.57,2.6,23.1,63.5
2026-01-08 09:20:00,JBP,Rain,0.29,6.27,6.7,23.7,53.2
2026-06-08 01:31:34,JBP,Cloudy,0.22,8.36,0.7,37.6,54.7
2026-06-21 16:11:12,JBP,Clear,0.45,6.47,0.2,16.8,39.7
2026-03-30 18:47:38,JBP,Cloudy,0.64,3.52,1.4,25.1,42.4
2026-06-18 15:42:13,JBP,Rain,0.34,5.88,10.8,4.1,57.6
2026-01-31 23:42:51,JBP,Rain,0.05,8.54,8.7,39.9,56.7
2026-04-25 16:50:54,JBP,Fog,0.75,3.29,0.5,26.1,75.2
2026-06-30 17:26:24,JBP,Clear,0.19,8.14,0.7,21.2,43.7
2026-04-04 00:46:25,JBP,Clear,0.33,7.65,0.4,14.9,66.0
2026-06-02 12:42:31,JBP,Clear,0.14,8.98,0.5,23.6,81.1
2026-01-28 20:18:29,JBP,Cloudy,0.04,9.69,0.8,27.5,40.6
2026-03-09 07:42:24,JBP,Clear,0.44,6.94,0.3,22.2,52.4
2026-03-24 11:37:09,JBP,Clear,0.16,8.37,1.1,29.4,70.9
2026-05-27 13:00:43,JBP,Cloudy,0.09,8.61,0.7,34.9,90.0
2026-01-04 14:09:36,JBP,Cloudy,0.29,7.76,0.1,28.3,90.3
2026-06-28 13:10:30,JBP,Clear,0.35,6.73,0.0,30.8,89.2
2026-04-30 16:12:56,JBP,Clear,0.25,8.09,1.4,28.3,76.4
2026-04-29 05:38:53,JBP,Fog,0.69,3.32,0.7,25.6,81.2
2026-03-13 12:27:01,JBP,Fog,0.55,5.22,0.0,32.2,100.0
2026-02-03 04:57:59,JBP,Fog,0.63,5.13,1.2,41.2,65.5
2026-02-02 01:40:38,JBP,Clear,0.18,7.81,0.1,22.7,43.1
2026-02-07 17:13:55,JBP,Cloudy,0.38,6.52,0.3,29.4,97.6
2026-03-05 15:38:35,JBP,Clear,0.45,6.46,1.0,33.1,67.9
2026-04-13 04:49:19,JBP,Clear,0.28,8.07,1.3,38.7,71.3
2026-03-20 21:12:25,JBP,Clear,0.28,6.97,0.8,16.0,52.8
2026-02-17 06:46:20,JBP,Rain,0.55,4.3,3.7,35.2,66.1
2026-01-31 12:35:44,JBP,Clear,0.1,8.78,1.4,10.4,94.1
2026-05-12 11:28:15,JBP,Rain,0.58,4.29,18.5,22.5,34.5
2026-04-23 15:32:59,JBP,Cloudy,0.25,8.19,0.5,14.8,78.8
2026-01-17 03:28:13,JBP,Cloudy,0.3,8.61,0.9,21.0,73.6
2026-04-07 23:42:55,JBP,Clear,0.36,7.26,0.3,21.2,47.1
2026-03-15 22:59:20,JBP,Cloudy,0.41,6.91,0.9,19.6,73.5
2026-04-16 08:30:38,JBP,Rain,0.39,5.81,8.1,21.4,38.0
2026-05-25 08:14:37,JBP,Cloudy,0.27,7.54,0.9,33.3,51.4
2026-05-23 19:42:55,JBP,Rain,0.05,8.85,10.6,8.8,100.0
2026-02-27 14:39:20,JBP,Fog,0.6,5.17,0.1,23.6,83.6
2026-06-20 02:35:03,JBP,Rain,0.49,4.73,8.3,28.9,25.1
2026-05-24 20:43:23,JBP,Cloudy,0.74,3.94,1.5,18.5,83.8
2026-01-13 18:38:33,JBP,Cloudy,0.19,9.23,1.0,26.6,70.2
2026-03-08 07:05:32,JBP,Cloudy,0.25,7.91,0.3,15.8,63.1
2026-03-16 17:37:47,JBP,Clear,0.26,7.12,1.3,12.9,42.3
2026-01-06 02:37:11,JBP,Clear,0.5,6.52,1.5,27.3,79.9
2026-06-22 15:45:09,JBP,Clear,0.16,8.14,0.6,9.3,55.7
2026-04-19 22:34:02,JBP,Clear,0.21,8.18,0.8,39.4,51.1
2026-02-25 03:37:35,JBP,Fog,0.64,4.92,0.3,34.7,64.4
2026-02-15 22:07:21,JBP,Clear,0.04,9.03,0.2,39.3,45.2
2026-04-29 01:16:55,JBP,Clear,0.55,5.74,0.7,15.0,51.4
2026-03-29 00:30:54,JBP,Clear,0.56,5.82,1.3,24.3,69.4
2026-05-23 21:03:35,JBP,Clear,0.28,6.58,1.1,30.1,64.8
2026-05-17 22:48:02,JBP,Clear,0.11,8.71,0.6,10.8,67.1
2026-01-09 17:02:01,JBP,Clear,0.5,6.24,1.0,19.2,100.0
2026-05-07 12:44:16,JBP,Clear,0.23,7.67,1.0,20.6,88.5
2026-06-22 19:11:33,JBP,Cloudy,0.2,9.01,0.3,32.0,60.9
2026-03-05 20:08:59,JBP,Clear,0.35,7.36,1.2,38.1,86.5
2026-01-25 09:45:20,JBP,Rain,0.36,5.76,15.5,16.6,42.8
2026-04-12 00:14:33,JBP,Fog,0.93,2.89,1.0,32.1,79.9
2026-02-09 16:07:12,JBP,Clear,0.29,7.26,1.0,15.3,86.5
2026-05-26 13:38:23,JBP,Cloudy,0.51,5.74,0.0,16.8,64.2
2026-01-15 14:48:19,JBP,Cloudy,0.13,8.75,1.2,29.2,63.8
2026-02-18 10:29:26,JBP,Clear,0.2,7.91,0.2,8.9,71.7
2026-04-12 11:33:03,JBP,Clear,0.24,8.15,0.7,19.3,95.7
2026-02-19 10:06:02,JBP,Rain,0.17,7.17,5.6,31.4,58.5
2026-03-19 07:50:28,JBP,Clear,0.09,9.56,0.0,20.3,49.2
2026-01-14 23:57:59,JBP,Rain,0.49,4.42,4.2,36.7,92.0
2026-03-04 12:23:02,JBP,Clear,0.25,7.68,0.5,18.7,61.6
2026-04-01 21:25:52,JBP,Fog,0.86,2.59,0.9,35.6,45.6
2026-03-13 07:09:23,JBP,Cloudy,0.37,6.43,0.4,28.1,100.0
2026-06-18 13:38:29,JBP,Clear,0.42,6.32,0.2,26.9,65.9
2026-05-12 15:47:02,JBP,Clear,0.14,9.51,0.6,15.7,94.7
2026-05-12 16:19:30,JBP,Clear,0.09,9.8,0.3,37.1,66.6
2026-02-21 06:33:00,JBP,Clear,0.37,7.13,0.2,20.7,46.7
2026-03-09 13:39:34,JBP,Cloudy,0.3,7.44,0.1,22.8,75.2
2026-01-08 20:34:15,JBP,Cloudy,0.13,7.86,1.0,16.8,43.2
2026-05-01 11:20:56,JBP,Clear,0.36,6.63,1.2,31.3,57.7
2026-02-05 19:30:39,JBP,Rain,0.15,7.53,8.9,13.6,45.4
2026-04-26 17:45:06,JBP,Clear,0.12,9.16,0.8,17.5,47.9
2026-02-02 23:24:53,JBP,Cloudy,0.32,7.61,0.8,31.7,76.2
2026-04-23 05:08:57,JBP,Cloudy,0.64,3.91,0.8,15.1,65.2
2026-01-03 07:17:47,JBP,Clear,0.44,6.29,0.6,23.3,79.4
2026-04-07 00:42:07,JBP,Cloudy,0.27,7.14,0.7,13.5,63.5
2026-03-20 01:13:32,JBP,Clear,0.55,5.09,0.3,21.6,73.2
2026-04-12 14:46:08,JBP,Fog,0.79,3.14,1.1,16.5,44.4
2026-05-02 23:39:39,JBP,Fog,0.69,3.82,0.4,18.6,61.2
2026-02-11 06:10:49,JBP,Clear,0.32,7.59,0.3,18.9,42.2
2026-04-14 00:40:37,JBP,Cloudy,0.45,6.29,0.1,21.5,46.7
2026-01-14 00:31:01,JBP,Cloudy,0.27,7.7,1.2,33.3,53.0
2026-05-26 11:42:35,JBP,Clear,0.17,9.15,0.8,27.7,47.2
2026-02-24 03:34:17,JBP,Clear,0.23,8.05,0.3,12.9,67.4
2026-01-29 14:54:05,JBP,Cloudy,0.08,9.81,1.0,17.9,44.0
2026-05-08 22:35:28,JBP,Cloudy,0.07,9.1,1.3,19.5,76.8
2026-05-02 23:20:34,JBP,Clear,0.07,9.04,0.5,15.1,61.0
2026-06-17 15:50:07,JBP,Cloudy,0.19,8.47,0.4,20.0,70.4
2026-06-16 19:41:24,JBP,Clear,0.48,5.69,1.4,29.1,69.9
2026-05-21 04:17:49,JBP,Cloudy,0.1,8.29,1.4,23.5,65.7
2026-04-18 15:02:15,JBP,Clear,0.31,7.32,0.3,15.0,69.2
2026-01-08 02:37:14,JBP,Clear,0.08,8.88,0.0,28.1,82.2
2026-05-18 22:17:54,JBP,Clear,0.34,7.66,0.8,25.7,83.7
2026-01-20 15:47:25,JBP,Cloudy,0.36,7.11,0.8,17.6,73.5
2026-04-21 18:46:58,JBP,Clear,0.3,8.31,0.7,38.2,49.9
2026-02-17 10:32:00,JBP,Clear,0.33,7.23,1.4,23.0,71.1
2026-01-11 05:46:41,JBP,Cloudy,0.19,8.63,0.4,27.1,52.3
2026-01-01 09:17:11,JBP,Rain,0.03,8.99,12.9,16.6,42.2
2026-05-21 14:20:49,JBP,Clear,0.52,5.98,1.5,13.3,89.0
2026-05-24 23:52:38,JBP,Cloudy,0.56,4.79,1.2,24.7,94.1
2026-04-23 01:38:40,JBP,Clear,0.01,10.16,0.6,32.7,50.4
2026-05-01 21:21:40,JBP,Clear,0.19,8.9,0.9,17.9,71.3
2026-04-08 16:42:40,JBP,Clear,0.53,5.34,1.1,26.6,60.3
2026-05-25 09:12:44,JBP,Cloudy,0.43,6.04,0.8,19.7,100.0
2026-01-29 09:05:48,JBP,Clear,0.5,5.28,1.4,17.8,41.7
2026-05-07 20:22:00,JBP,Clear,0.02,10.08,0.3,36.9,82.8
2026-04-30 23:07:41,JBP,Clear,0.17,8.18,0.9,14.8,68.4
2026-03-25 07:16:35,JBP,Rain,0.43,4.39,6.0,10.5,86.3
2026-05-24 12:29:41,JBP,Rain,0.63,3.16,5.0,15.2,95.8
2026-04-18 16:16:20,JBP,Clear,0.54,5.42,1.0,28.9,66.7
2026-03-14 20:13:02,JBP,Clear,0.05,9.23,0.3,38.6,51.0
2026-02-02 07:48:36,JBP,Clear,0.08,9.59,0.0,3.6,43.7
2026-06-11 05:07:37,JBP,Clear,0.34,7.04,0.2,30.9,74.8
2026-05-06 04:16:20,JBP,Clear,0.16,8.08,0.8,33.8,88.1
2026-04-08 11:58:07,JBP,Clear,0.37,6.29,0.4,21.9,56.9
2026-06-27 03:12:44,JBP,Clear,0.67,4.15,0.8,21.3,93.5
2026-04-23 14:54:56,JBP,Cloudy,0.28,7.81,0.6,22.5,57.4
2026-03-02 05:41:22,JBP,Clear,0.55,5.18,1.0,5.1,39.4
2026-05-17 00:30:33,JBP,Rain,0.21,7.33,3.9,31.0,60.8
2026-02-15 22:15:23,JBP,Fog,0.51,5.84,0.9,32.3,89.2
2026-06-28 05:08:44,JBP,Clear,0.49,5.21,0.4,15.5,83.9
2026-05-30 13:48:21,JBP,Clear,0.31,7.45,1.4,31.8,78.0
2026-01-24 13:43:47,JBP,Rain,0.17,7.09,12.8,26.1,91.6
2026-05-02 15:52:51,JBP,Clear,0.14,9.32,1.0,30.8,53.0
2026-01-17 09:17:32,JBP,Cloudy,0.55,5.64,1.4,28.8,57.1
2026-04-30 02:11:50,JBP,Clear,0.13,9.62,0.1,26.6,56.3
2026-01-17 23:07:23,JBP,Clear,0.15,8.22,0.8,27.2,66.5
2026-02-10 16:06:21,JBP,Clear,0.11,8.63,1.4,5.5,54.4
2026-03-05 01:55:14,JBP,Fog,0.46,5.65,1.0,10.2,93.5
2026-05-26 06:10:52,JBP,Clear,0.35,6.88,1.4,13.4,81.7
2026-04-09 13:13:54,JBP,Rain,0.09,8.62,12.2,3.4,56.2
2026-05-03 23:57:56,JBP,Rain,0.26,5.65,15.8,16.7,82.8
2026-04-07 19:45:09,JBP,Cloudy,0.26,7.45,0.9,25.4,58.9
2026-01-20 02:18:17,JBP,Clear,0.41,7.09,1.0,27.4,62.1
2026-04-24 03:18:03,JBP,Clear,0.59,4.23,0.3,26.6,76.7
2026-01-06 00:44:59,JBP,Clear,0.12,9.18,0.7,13.4,50.4
2026-06-05 22:45:15,JBP,Clear,0.21,9.18,0.1,24.9,51.6
2026-03-16 18:54:37,JBP,Rain,0.29,6.62,2.6,22.3,70.3
2026-01-15 09:23:28,JBP,Cloudy,0.41,6.44,0.8,8.4,59.9
2026-05-15 21:15:58,JBP,Cloudy,0.13,8.41,1.1,22.8,75.8
2026-05-23 23:21:45,JBP,Cloudy,0.03,9.82,0.1,55.5,41.1
2026-05-20 16:32:03,JBP,Rain,0.1,7.79,13.4,32.7,33.5
2026-01-30 18:38:24,JBP,Clear,0.35,6.89,0.6,34.4,66.0
2026-01-13 15:47:42,JBP,Clear,0.27,7.61,1.4,26.0,93.4
2026-05-07 23:46:53,JBP,Fog,0.57,4.44,1.2,22.7,38.5
2026-01-26 15:41:22,JBP,Cloudy,0.39,7.0,0.9,17.4,73.4
2026-04-30 13:24:26,JBP,Cloudy,0.17,8.61,1.4,34.9,66.0
2026-03-25 08:45:47,JBP,Fog,0.43,7.58,0.9,38.5,76.3
2026-01-29 20:13:00,JBP,Clear,0.05,10.34,0.5,21.4,71.0
2026-06-11 04:34:58,JBP,Rain,0.08,8.07,4.3,38.4,44.8
2026-05-08 23:28:08,JBP,Rain,0.59,4.04,2.5,18.5,86.1
2026-01-13 12:21:14,JBP,Clear,0.42,6.65,0.6,-0.2,57.9
2026-01-20 08:39:58,JBP,Clear,0.06,10.18,1.5,26.4,100.0
2026-01-09 09:20:58,JBP,Clear,0.24,7.75,1.2,19.1,80.7
2026-02-24 14:54:26,JBP,Clear,0.19,9.05,0.0,25.7,57.9
2026-01-27 10:42:31,JBP,Clear,0.11,9.43,0.5,19.6,70.0
2026-02-03 17:30:32,JBP,Clear,0.48,5.22,0.7,18.2,50.3
2026-04-16 13:01:13,JBP,Clear,0.3,7.38,0.9,22.7,57.3
2026-06-07 19:32:39,JBP,Clear,0.28,7.09,0.8,24.0,73.7
2026-04-04 18:35:50,JBP,Clear,0.19,9.04,0.9,23.5,65.6
2026-01-27 21:22:23,JBP,Clear,0.1,9.31,1.3,11.0,59.6
2026-03-11 22:20:09,JBP,Clear,0.51,6.05,0.9,27.4,43.9
2026-05-26 03:44:40,JBP,Rain,0.26,5.94,13.1,21.2,74.4
2026-05-21 16:29:25,JBP,Rain,0.62,3.97,16.7,22.2,70.8
2026-01-14 12:30:41,JBP,Cloudy,0.47,5.97,0.0,11.5,49.7
2026-05-03 04:37:04,JBP,Clear,0.14,9.26,1.4,19.8,61.9
2026-03-11 20:00:58,JBP,Rain,0.19,6.99,3.2,10.5,63.9
2026-05-31 07:46:50,JBP,Clear,0.1,9.02,1.4,30.8,78.6
2026-01-14 17:13:29,JBP,Cloudy,0.45,6.06,1.3,24.6,92.0
2026-03-03 02:25:11,JBP,Fog,0.73,3.41,0.6,22.4,75.3
2026-05-23 00:18:04,JBP,Cloudy,0.08,9.51,1.2,22.3,51.3
2026-04-03 06:07:40,JBP,Rain,0.33,6.53,4.4,29.5,76.4
2026-04-10 17:46:33,JBP,Cloudy,0.4,5.7,0.2,21.6,45.4
2026-02-18 07:40:58,JBP,Clear,0.04,9.82,0.6,21.1,94.8
2026-04-06 20:39:08,JBP,Cloudy,0.39,7.17,1.1,17.6,86.9
2026-05-26 18:13:41,JBP,Rain,0.27,5.8,27.0,20.1,63.6
2026-04-02 15:49:29,JBP,Clear,0.19,8.43,1.1,34.5,78.5
2026-05-12 22:23:00,JBP,Fog,0.55,5.38,1.0,18.1,94.9
2026-05-24 00:59:55,JBP,Clear,0.54,5.52,0.3,19.1,53.4
2026-02-20 19:51:40,JBP,Rain,0.16,7.96,6.1,34.9,30.9
2026-01-30 23:01:57,JBP,Clear,0.16,8.24,0.1,26.5,84.9
2026-01-02 13:03:44,JBP,Cloudy,0.32,8.11,0.9,24.1,41.2
2026-03-26 04:55:17,JBP,Clear,0.43,6.19,1.5,20.0,97.6
2026-04-21 04:53:46,JBP,Fog,0.5,5.08,1.2,26.9,94.0
2026-05-16 10:27:52,JBP,Clear,0.2,8.7,0.7,30.2,58.4
2026-02-23 02:13:29,JBP,Cloudy,0.06,9.2,0.9,26.0,43.4
2026-04-20 15:28:29,JBP,Clear,0.71,3.94,0.4,33.5,94.6
2026-01-05 06:08:01,JBP,Clear,0.12,9.75,0.2,17.2,31.0
2026-04-07 02:29:34,JBP,Clear,0.05,9.47,0.0,25.7,40.6
2026-06-03 12:58:17,JBP,Cloudy,0.15,8.42,0.2,23.7,68.6
2026-01-15 04:45:09,JBP,Rain,0.25,6.72,8.9,25.6,88.0
2026-04-12 11:18:22,JBP,Rain,0.34,6.26,9.3,33.1,46.3
2026-06-12 02:25:50,JBP,Clear,0.37,6.95,1.0,14.8,30.2
2026-01-24 08:01:30,JBP,Fog,0.51,5.06,0.9,29.1,100.0
2026-02-14 20:45:54,JBP,Fog,0.45,6.95,1.4,29.3,33.6
2026-04-19 07:00:13,JBP,Clear,0.5,5.52,1.4,32.3,54.9
2026-02-14 08:04:23,JBP,Clear,0.21,7.59,1.1,11.0,53.6
2026-03-11 22:10:41,JBP,Fog,0.7,4.76,0.5,34.3,76.2
2026-03-08 18:45:31,JBP,Clear,0.18,8.41,0.9,22.8,66.1
2026-01-15 18:09:44,JBP,Clear,0.3,7.15,1.2,31.1,50.1
2026-05-03 00:20:26,JBP,Rain,0.34,5.6,6.3,27.3,92.4
2026-03-02 19:57:36,JBP,Cloudy,0.22,8.21,1.0,17.2,82.6
2026-02-24 23:01:05,JBP,Clear,0.55,5.5,0.9,20.0,62.4
2026-05-14 19:49:34,JBP,Fog,0.4,6.13,1.2,22.7,89.0
2026-04-08 03:31:20,JBP,Clear,0.53,5.65,0.1,12.7,52.7
2026-03-23 11:39:46,JBP,Fog,1.0,1.69,0.3,29.2,62.1
2026-04-14 00:01:42,JBP,Clear,0.38,6.72,1.2,16.8,81.0
2026-06-20 13:04:43,JBP,Clear,0.27,7.24,0.9,16.6,79.5
2026-02-08 04:57:31,JBP,Clear,0.13,9.52,0.6,36.6,57.1
2026-01-24 05:58:43,JBP,Rain,0.59,3.68,14.2,19.1,63.5
2026-04-20 08:02:35,JBP,Clear,0.57,4.92,0.8,28.8,88.8
2026-03-21 20:25:56,JBP,Clear,0.36,7.15,0.3,11.9,48.7
2026-03-10 20:07:05,JBP,Clear,0.09,9.54,0.5,21.4,76.6
2026-02-26 13:06:00,JBP,Clear,0.15,7.76,1.5,18.9,44.7
2026-03-20 19:33:14,JBP,Cloudy,0.6,4.52,0.4,25.6,70.5
2026-02-02 10:15:42,JBP,Clear,0.06,9.08,1.0,19.4,79.9
2026-06-20 03:25:04,JBP,Fog,0.44,6.12,0.5,28.8,56.9
2026-05-07 10:25:38,JBP,Clear,0.09,9.28,0.2,33.5,75.4
2026-01-15 03:47:14,JBP,Cloudy,0.31,7.76,0.1,20.4,55.6
2026-06-18 18:58:31,JBP,Rain,0.02,8.32,4.1,28.9,63.6
2026-02-11 18:22:03,JBP,Cloudy,0.01,10.02,0.9,27.3,47.1
2026-05-12 04:43:27,JBP,Clear,0.27,7.16,0.5,9.5,61.0
2026-03-18 16:32:43,JBP,Cloudy,0.05,9.79,0.7,30.1,98.1
2026-03-31 09:07:23,JBP,Rain,0.15,7.67,4.2,14.0,54.6
2026-01-23 22:21:18,JBP,Clear,0.23,8.08,0.7,13.3,56.4
2026-01-22 12:58:33,JBP,Clear,0.24,8.37,0.3,32.6,69.1
2026-06-14 06:24:44,JBP,Fog,0.43,6.3,0.7,13.6,66.0
2026-06-15 06:16:20,JBP,Cloudy,0.27,7.8,0.8,30.6,51.9
2026-02-27 14:11:58,JBP,Clear,0.26,8.04,0.8,23.5,100.0
2026-04-20 18:53:32,JBP,Clear,0.54,4.98,1.2,18.3,73.6
2026-06-09 16:12:47,JBP,Fog,0.43,6.07,0.8,23.1,58.8
2026-04-09 07:08:20,JBP,Clear,0.43,6.57,0.6,15.4,49.2
2026-04-03 18:26:10,JBP,Clear,0.42,5.89,0.0,32.8,92.5
2026-05-02 10:35:14,JBP,Clear,0.02,10.88,1.1,14.2,61.1
2026-05-05 03:18:51,JBP,Clear,0.63,3.98,1.2,28.6,81.3
2026-01-06 09:21:33,JBP,Fog,0.54,4.83,0.8,20.6,63.6
2026-02-01 19:06:47,JBP,Cloudy,0.27,8.09,1.2,14.9,68.1
2026-04-29 02:17:03,JBP,Clear,0.32,6.42,1.0,27.4,100.0
2026-02-03 20:10:53,JBP,Clear,0.5,5.08,1.5,27.3,34.1
2026-06-11 00:07:07,JBP,Clear,0.33,7.34,1.3,22.4,67.7
2026-04-16 19:39:59,JBP,Clear,0.22,8.07,0.7,23.2,56.4
2026-04-03 09:13:35,JBP,Clear,0.28,8.11,0.9,24.6,90.3
2026-04-02 20:29:06,JBP,Clear,0.4,6.19,0.0,33.5,68.9
2026-06-15 01:43:50,JBP,Clear,0.08,9.34,1.3,30.3,57.2
2026-03-07 14:12:26,JBP,Clear,0.05,9.7,1.3,20.2,39.5
2026-01-27 17:15:31,JBP,Clear,0.19,8.76,1.5,30.8,72.8
2026-02-15 01:24:17,JBP,Cloudy,0.4,7.25,0.8,18.0,50.5
2026-01-18 20:14:57,JBP,Fog,0.54,5.04,0.4,42.2,60.9
2026-05-22 17:44:09,JBP,Clear,0.43,6.87,0.5,22.4,96.6
2026-04-16 23:23:13,JBP,Rain,0.18,7.49,15.5,14.8,92.6
2026-01-24 07:19:37,JBP,Fog,1.0,1.19,0.3,38.3,72.5
2026-01-01 03:31:07,JBP,Clear,0.3,7.36,1.4,25.0,69.5
2026-01-08 07:36:23,JBP,Clear,0.5,5.64,0.9,32.2,60.7
2026-03-05 05:44:33,JBP,Cloudy,0.22,7.76,0.7,30.4,48.4
2026-05-14 19:15:22,JBP,Clear,0.38,6.8,0.1,17.8,40.3
2026-05-20 12:31:28,JBP,Cloudy,0.43,6.35,1.2,21.0,61.8
2026-02-03 00:19:51,JBP,Cloudy,0.19,8.45,0.4,31.2,41.7
2026-02-08 09:48:36,JBP,Clear,0.35,7.99,0.8,15.9,84.9
2026-03-22 17:38:03,JBP,Cloudy,0.14,9.34,1.2,16.5,76.2
2026-01-31 10:37:08,JBP,Clear,0.36,6.25,0.7,31.1,62.2
2026-02-09 09:46:45,JBP,Rain,0.1,8.02,6.0,34.9,53.7
2026-06-08 12:37:29,JBP,Rain,0.23,7.5,4.0,14.3,41.2
2026-04-25 23:05:42,JBP,Fog,0.66,5.12,1.4,36.6,55.9
2026-04-29 11:07:36,JBP,Clear,0.24,8.36,0.2,26.9,65.4
2026-03-21 20:27:03,JBP,Cloudy,0.13,8.75,0.9,19.6,55.9
2026-04-28 05:13:18,JBP,Fog,0.81,3.81,0.4,35.5,62.9
2026-01-29 13:26:05,JBP,Clear,0.52,6.11,0.7,17.7,79.4
2026-05-15 00:20:02,JBP,Clear,0.09,9.63,0.7,10.4,39.7
2026-05-19 11:10:29,JBP,Clear,0.62,5.18,0.5,11.7,55.9
2026-02-28 13:22:28,JBP,Rain,0.06,9.1,7.2,18.8,78.7
2026-05-16 11:41:35,JBP,Rain,0.45,5.13,8.1,18.6,77.6
2026-02-22 18:36:19,JBP,Clear,0.28,7.14,0.5,17.1,20.0
2026-03-30 04:56:49,JBP,Cloudy,0.24,8.35,0.2,33.2,36.2
2026-03-06 22:07:02,JBP,Cloudy,0.54,5.12,1.5,10.3,68.1
2026-01-26 16:37:50,JBP,Clear,0.06,9.03,1.4,24.7,80.4
2026-01-26 11:13:08,JBP,Rain,0.13,8.36,13.7,23.5,71.5
2026-05-02 02:51:02,JBP,Clear,0.65,4.55,0.3,26.9,78.5
2026-05-11 00:55:57,JBP,Fog,0.68,3.92,1.1,22.1,93.0
2026-02-16 13:41:13,JBP,Clear,0.07,9.07,0.8,35.6,42.0
2026-02-24 02:36:47,JBP,Clear,0.08,8.9,1.1,17.7,46.2
2026-03-10 04:24:26,JBP,Clear,0.14,8.65,0.4,27.5,48.5
2026-01-20 16:34:09,JBP,Fog,0.88,2.51,1.1,26.3,73.2
2026-05-20 16:01:55,JBP,Clear,0.11,9.71,0.9,23.0,79.4
2026-01-24 12:24:36,JBP,Clear,0.41,6.43,1.2,8.3,68.5
2026-05-30 00:44:56,JBP,Clear,0.12,8.85,0.3,17.9,62.5
2026-03-30 19:20:26,JBP,Rain,0.13,8.28,5.2,12.8,68.2
2026-06-24 05:06:24,JBP,Clear,0.02,9.95,1.2,28.5,67.8
2026-04-12 21:49:42,JBP,Clear,0.29,7.4,0.6,21.4,60.7
2026-05-06 16:24:21,JBP,Cloudy,0.21,7.52,0.3,14.5,95.0
2026-04-16 07:40:33,JBP,Clear,0.06,8.61,0.3,14.2,61.4
2026-02-09 06:58:55,JBP,Clear,0.18,8.36,0.6,29.8,71.5
2026-01-18 09:56:47,JBP,Fog,0.5,6.18,0.9,38.1,40.8
2026-02-28 14:08:17,JBP,Cloudy,0.34,6.02,0.5,27.3,43.4
2026-01-19 02:40:05,JBP,Clear,0.3,6.78,1.2,32.7,58.3
2026-02-26 17:25:08,JBP,Cloudy,0.47,5.92,0.5,13.1,74.8
2026-05-25 15:11:55,JBP,Clear,0.25,6.83,1.4,14.3,50.8
2026-03-08 21:58:39,JBP,Clear,0.54,6.17,0.3,22.8,85.6
2026-04-20 01:33:54,JBP,Clear,0.24,7.38,0.2,20.4,56.9
2026-01-31 09:56:53,JBP,Clear,0.13,9.08,1.2,31.6,75.8
2026-06-13 20:44:08,JBP,Clear,0.54,5.71,0.8,37.4,99.3
2026-06-02 08:52:34,JBP,Clear,0.15,8.97,0.5,9.2,30.9
2026-04-08 20:43:43,JBP,Clear,0.37,6.45,0.1,27.8,70.9
2026-06-16 19:29:20,JBP,Cloudy,0.06,9.32,0.5,23.2,34.7
2026-01-18 14:10:03,JBP,Clear,0.37,7.22,0.8,13.6,62.4
2026-06-29 04:50:30,JBP,Clear,0.21,8.2,0.8,21.3,89.8
2026-04-02 03:13:02,JBP,Clear,0.18,8.28,0.7,26.6,37.4
2026-02-27 08:52:30,JBP,Clear,0.27,7.8,0.6,29.9,57.9
2026-03-18 00:37:55,JBP,Fog,0.72,4.09,1.0,36.1,52.0
2026-04-20 22:48:05,JBP,Cloudy,0.47,5.67,0.0,16.5,100.0
2026-04-05 22:10:29,JBP,Clear,0.24,8.64,1.1,36.1,73.4
2026-02-21 16:22:19,JBP,Fog,0.75,3.96,0.2,23.7,99.2
2026-01-31 22:59:47,JBP,Fog,0.76,3.24,0.7,24.0,88.8
2026-02-05 22:53:01,JBP,Cloudy,0.51,5.29,0.1,15.8,54.9
2026-05-22 01:18:27,JBP,Clear,0.54,5.71,0.7,28.8,60.0
2026-04-18 11:30:02,JBP,Clear,0.04,9.87,0.4,26.2,53.6
2026-03-06 17:29:02,JBP,Clear,0.16,8.3,0.4,8.2,74.6
2026-04-15 20:12:18,JBP,Clear,0.1,8.18,1.1,4.4,73.9
2026-06-08 19:00:53,JBP,Clear,0.42,6.59,0.9,25.0,56.9
2026-02-28 21:58:02,JBP,Clear,0.65,4.55,1.4,38.4,68.4
2026-04-12 21:45:07,JBP,Cloudy,0.72,3.92,0.5,20.7,79.5
2026-03-25 18:01:36,JBP,Clear,0.24,7.92,0.4,30.7,68.2
2026-05-24 04:43:29,JBP,Clear,0.47,4.91,1.5,17.9,73.1
2026-02-07 08:04:55,JBP,Clear,0.06,10.08,0.1,17.7,69.8
2026-05-29 07:29:23,JBP,Fog,0.99,1.65,0.1,23.1,61.2
2026-06-17 03:16:03,JBP,Cloudy,0.2,9.09,1.0,21.8,53.2
2026-06-17 13:19:08,JBP,Rain,0.04,8.22,1.6,11.8,47.7
2026-01-20 08:19:43,JBP,Cloudy,0.09,8.73,1.1,14.8,52.0
2026-05-21 10:38:24,JBP,Rain,0.15,7.47,9.4,26.2,100.0
2026-03-01 00:00:13,JBP,Clear,0.4,6.85,0.6,13.2,42.4
2026-04-30 03:04:11,JBP,Clear,0.45,6.05,1.3,30.8,70.1
2026-06-30 22:13:37,JBP,Clear,0.13,9.93,0.9,19.1,79.9
2026-04-04 08:05:48,JBP,Clear,0.42,6.44,1.5,5.9,54.4
2026-05-31 09:02:55,JBP,Rain,0.62,3.28,11.7,19.2,79.1
2026-05-26 13:42:19,JBP,Clear,0.42,6.31,0.2,33.4,96.9
2026-05-25 14:37:17,JBP,Fog,0.57,4.43,0.4,21.8,35.4
2026-06-03 12:35:52,JBP,Cloudy,0.58,5.31,0.9,27.6,79.7
2026-06-01 04:45:06,JBP,Rain,0.16,7.11,15.4,29.5,40.9
2026-01-31 22:54:08,JBP,Cloudy,0.23,8.54,1.3,17.8,99.9
2026-05-31 04:38:50,JBP,Cloudy,0.06,9.46,0.1,14.9,65.9
2026-06-23 14:19:58,JBP,Clear,0.14,8.98,0.1,19.5,54.1
2026-01-04 13:34:59,JBP,Clear,0.1,9.43,1.2,25.5,66.0
2026-06-16 10:20:29,JBP,Clear,0.36,8.11,0.5,33.6,58.6
2026-05-12 05:49:16,JBP,Clear,0.27,6.66,1.4,31.2,59.6
2026-02-10 01:58:42,JBP,Clear,0.27,8.29,0.6,18.2,67.5
2026-01-16 11:24:41,JBP,Clear,0.19,9.12,0.4,38.0,62.4
2026-06-28 19:19:20,JBP,Clear,0.19,8.04,1.1,17.1,82.5
2026-03-20 01:43:08,JBP,Clear,0.08,9.06,0.5,22.5,74.2
2026-03-20 20:06:00,JBP,Rain,0.32,6.01,5.6,28.0,42.9
2026-01-21 00:27:59,JBP,Rain,0.27,6.32,7.6,27.6,75.3
2026-01-01 02:20:55,JBP,Clear,0.07,9.58,1.3,33.0,43.6
2026-01-23 07:43:16,JBP,Clear,0.48,6.05,0.0,16.3,50.4
2026-04-28 07:22:42,JBP,Clear,0.57,6.02,0.6,20.1,68.9
2026-03-27 04:41:15,JBP,Clear,0.29,7.67,1.0,30.5,61.7
2026-02-04 13:20:20,JBP,Clear,0.42,5.85,0.0,22.8,64.7
2026-03-09 12:14:18,JBP,Rain,0.24,6.33,3.3,14.0,59.8
2026-02-05 09:28:07,JBP,Rain,0.54,3.91,4.1,30.0,64.7
2026-06-15 23:45:35,JBP,Clear,0.32,7.93,0.6,22.8,70.5
2026-01-08 01:55:53,JBP,Clear,0.16,8.66,0.2,25.6,47.8
2026-06-27 15:27:31,JBP,Fog,0.59,4.82,0.7,32.2,68.5
2026-05-10 03:55:24,JBP,Clear,0.2,8.07,0.1,21.9,65.4
2026-05-05 23:37:11,JBP,Rain,0.14,8.16,6.1,23.0,62.2
2026-02-09 20:12:52,JBP,Clear,0.3,7.44,1.2,22.2,32.3
2026-03-14 14:05:04,JBP,Clear,0.37,6.73,0.8,10.3,97.8
2026-05-20 00:58:41,JBP,Clear,0.16,9.0,1.2,35.4,64.7
2026-04-08 12:30:43,JBP,Rain,0.35,6.32,2.2,26.9,40.2
2026-02-08 01:46:14,JBP,Cloudy,0.4,7.13,0.9,33.9,90.1
2026-02-24 14:43:48,JBP,Clear,0.12,8.71,1.0,29.3,65.1
2026-03-01 21:27:00,JBP,Cloudy,0.72,4.2,0.8,23.8,92.7
2026-04-25 19:42:33,JBP,Fog,0.88,2.96,0.4,30.4,100.0
2026-03-30 10:44:53,JBP,Clear,0.36,7.21,0.3,35.2,47.6
2026-03-25 22:44:24,JBP,Rain,0.17,7.4,1.5,28.1,81.5
2026-05-19 06:13:53,JBP,Clear,0.27,7.54,1.5,28.2,50.0
2026-04-14 01:13:44,JBP,Fog,0.4,7.14,1.3,18.5,97.5
2026-06-15 18:28:24,JBP,Clear,0.32,7.47,1.1,16.4,69.1
2026-01-20 14:07:05,JBP,Rain,0.1,8.13,10.8,28.0,56.6
2026-02-07 14:56:58,JBP,Fog,0.57,5.97,0.7,23.9,85.5
2026-03-12 06:02:25,JBP,Rain,0.27,6.75,2.4,13.4,20.0
2026-01-21 09:00:37,JBP,Clear,0.42,6.47,1.0,20.0,87.4
2026-01-06 00:52:38,JBP,Clear,0.31,7.05,1.4,31.4,74.8
2026-04-25 05:56:19,JBP,Clear,0.11,9.2,1.3,35.7,65.8
2026-04-24 03:09:05,JBP,Clear,0.49,6.23,0.7,29.9,46.2
2026-04-22 06:16:38,JBP,Clear,0.17,7.95,0.2,33.0,75.8
2026-05-10 00:18:58,JBP,Clear,0.32,7.33,0.9,38.3,69.4
2026-04-07 02:09:39,JBP,Clear,0.21,8.78,0.1,22.2,61.1
2026-01-16 04:31:20,JBP,Clear,0.1,9.59,0.8,25.1,100.0
2026-03-23 05:45:03,JBP,Cloudy,0.16,8.82,1.3,16.1,42.9
2026-03-30 05:07:46,JBP,Clear,0.63,3.65,1.1,29.9,70.4
2026-01-15 13:06:10,JBP,Fog,0.85,1.51,0.2,26.7,69.7
2026-05-09 09:12:20,JBP,Cloudy,0.31,8.1,1.3,21.8,84.5
2026-03-28 02:15:37,JBP,Rain,0.02,8.09,7.4,23.1,63.8
2026-01-10 12:08:11,JBP,Clear,0.24,7.21,0.1,21.9,96.5
2026-01-19 15:08:39,JBP,Clear,0.19,7.08,0.1,17.0,63.5
2026-03-19 09:23:20,JBP,Clear,0.54,5.39,1.2,8.6,86.6
2026-06-19 07:08:08,JBP,Fog,0.66,3.92,0.0,22.4,98.4
2026-06-29 23:46:45,JBP,Clear,0.36,7.18,1.4,33.4,91.4
2026-06-21 17:15:23,JBP,Rain,0.43,5.4,3.2,26.2,52.6
2026-02-21 19:14:29,JBP,Cloudy,0.32,7.52,1.3,34.2,48.1
2026-04-17 07:07:27,JBP,Rain,0.18,7.64,10.5,29.0,37.7
2026-02-01 13:44:17,JBP,Clear,0.5,5.46,0.7,19.1,65.1
2026-05-17 21:44:43,JBP,Clear,0.25,7.81,0.8,20.6,64.6
2026-01-04 20:21:32,JBP,Clear,0.78,3.65,0.6,17.2,88.1
2026-01-10 21:20:50,JBP,Fog,0.42,6.34,1.0,28.0,90.4
2026-02-01 22:29:59,JBP,Clear,0.59,4.4,0.9,18.8,62.6
2026-04-04 12:10:27,JBP,Cloudy,0.07,9.87,0.9,21.2,87.6
2026-06-20 08:41:04,JBP,Cloudy,0.21,9.14,0.1,31.8,63.5
2026-03-15 14:40:54,JBP,Clear,0.15,9.46,0.6,31.3,41.6
2026-01-28 05:56:56,JBP,Clear,0.32,7.57,1.4,22.2,26.4
2026-06-19 08:25:46,JBP,Clear,0.34,6.64,0.7,16.8,92.0
2026-01-05 18:05:46,JBP,Clear,0.67,3.91,0.2,24.9,53.1
2026-01-29 19:33:09,JBP,Clear,0.47,6.32,1.0,13.0,97.6
2026-03-08 03:08:52,JBP,Rain,0.52,4.08,8.5,19.1,79.4
2026-05-25 08:36:39,JBP,Clear,0.22,7.9,1.0,27.2,62.6
2026-02-28 02:42:26,JBP,Clear,0.43,6.37,0.6,23.5,55.2
2026-03-30 06:21:19,JBP,Clear,0.28,7.85,1.1,32.3,51.5
2026-04-03 16:10:31,JBP,Fog,0.49,5.89,0.5,25.5,76.8
2026-01-08 09:05:39,JBP,Clear,0.15,8.91,1.0,29.0,50.3
2026-02-08 18:57:43,JBP,Cloudy,0.17,8.09,1.1,22.0,74.3
2026-05-27 16:30:27,JBP,Clear,0.24,7.81,1.1,36.3,41.2
2026-06-04 16:38:52,JBP,Fog,0.54,5.05,0.4,26.6,89.0
2026-06-22 01:35:36,JBP,Cloudy,0.23,7.73,0.4,20.6,56.6
2026-02-15 10:59:12,JBP,Clear,0.3,7.69,0.2,25.1,60.5
2026-03-26 22:56:38,JBP,Clear,0.59,5.11,0.5,28.6,63.9
2026-04-02 11:11:54,JBP,Cloudy,0.47,5.98,0.8,30.6,77.4
2026-03-07 12:59:32,JBP,Rain,0.31,6.0,8.3,21.0,43.6
2026-04-11 02:59:07,JBP,Clear,0.5,5.88,1.5,14.8,23.3
2026-04-15 11:20:50,JBP,Rain,0.22,6.52,6.2,21.5,40.9
2026-01-23 05:48:00,JBP,Clear,0.45,6.71,1.4,19.7,76.3
2026-04-06 07:11:11,JBP,Clear,0.29,7.18,0.9,28.1,50.5
2026-04-25 20:31:33,JBP,Clear,0.12,9.2,0.6,35.2,45.7
2026-01-19 01:32:22,JBP,Cloudy,0.17,9.0,1.1,22.6,59.4
2026-05-20 18:00:40,JBP,Clear,0.13,9.29,0.3,35.2,72.9
2026-04-20 01:11:49,JBP,Cloudy,0.13,8.26,1.3,17.3,76.5
2026-05-09 19:24:34,JBP,Cloudy,0.2,8.46,0.2,28.6,51.8
2026-01-01 11:33:57,JBP,Fog,0.87,2.45,0.5,50.5,60.7
2026-05-21 03:08:20,JBP,Rain,0.05,8.04,9.3,22.4,80.6
2026-03-03 23:02:54,JBP,Clear,0.37,6.52,1.2,29.3,30.2
2026-04-09 23:45:22,JBP,Clear,0.29,7.18,0.6,17.4,49.0
2026-02-17 12:08:14,JBP,Clear,0.46,5.8,0.8,22.7,66.8
2026-05-13 07:12:23,JBP,Clear,0.31,7.16,0.7,26.5,52.7
2026-06-23 19:39:57,JBP,Clear,0.39,6.83,1.3,27.7,59.5
2026-04-23 15:57:59,JBP,Clear,0.02,9.56,1.4,31.1,71.0
2026-02-10 18:34:46,JBP,Clear,0.78,3.62,0.5,29.9,80.8
2026-05-22 14:37:10,JBP,Clear,0.29,8.43,0.0,9.2,57.8
2026-05-04 06:58:22,JBP,Clear,0.46,5.71,0.6,29.2,82.5
2026-01-29 18:37:00,JBP,Clear,0.07,9.68,1.3,12.2,44.3
2026-02-28 04:44:52,JBP,Cloudy,0.54,5.11,1.5,23.3,55.7
2026-01-14 05:11:14,JBP,Clear,0.11,9.5,0.0,31.2,67.7
2026-01-17 05:24:06,JBP,Clear,0.19,9.45,0.8,22.1,85.9
2026-03-04 14:28:15,JBP,Clear,0.07,8.51,0.7,31.7,70.1
2026-04-09 06:37:58,JBP,Rain,0.54,4.53,9.6,12.3,57.0
2026-04-12 08:21:02,JBP,Clear,0.35,6.55,0.7,10.2,69.5
2026-01-11 17:30:10,JBP,Clear,0.43,6.39,0.8,29.4,59.8
2026-01-31 16:36:23,JBP,Fog,0.64,4.37,0.2,22.6,93.2
2026-01-13 18:22:52,JBP,Rain,0.08,8.59,7.4,14.0,21.7
2026-02-23 13:03:56,JBP,Fog,0.51,5.14,0.5,15.9,38.6
2026-05-11 11:57:33,JBP,Clear,0.37,7.2,0.2,26.6,89.2
2026-03-30 14:30:23,JBP,Clear,0.32,7.82,0.5,17.6,43.2
2026-03-22 18:22:26,JBP,Cloudy,0.15,8.79,0.5,13.9,67.0
2026-03-25 16:09:17,JBP,Clear,0.19,8.75,1.0,36.7,74.1
2026-01-11 23:34:05,JBP,Clear,0.42,6.77,0.2,20.4,53.0
2026-04-12 00:36:37,JBP,Clear,0.3,7.35,1.4,19.2,68.7
2026-04-02 21:41:44,JBP,Clear,0.3,7.65,1.0,39.4,72.0
2026-06-22 07:21:48,JBP,Clear,0.26,8.67,1.2,17.6,53.5
2026-04-08 02:15:19,JBP,Rain,0.2,6.94,4.3,32.0,80.7
2026-06-01 12:22:43,JBP,Clear,0.31,7.11,0.7,7.2,59.9
2026-04-20 21:37:46,JBP,Clear,0.02,9.3,0.5,20.9,76.3
2026-06-30 18:33:17,JBP,Clear,0.17,8.62,1.3,21.3,45.9
2026-02-06 08:33:40,JBP,Rain,0.15,7.83,0.3,24.0,61.9
2026-06-20 03:48:07,JBP,Fog,0.65,4.12,0.9,21.1,78.4
2026-04-21 01:12:06,JBP,Rain,0.54,4.29,2.2,15.5,73.1
2026-05-27 11:48:41,JBP,Clear,0.54,5.16,0.8,40.2,61.9
2026-01-24 21:04:02,JBP,Clear,0.44,6.27,1.2,15.8,46.0
2026-02-01 04:17:32,JBP,Clear,0.34,6.69,0.8,19.7,89.3
2026-05-31 00:19:33,JBP,Fog,0.47,6.02,0.1,20.5,79.6
2026-05-06 15:56:21,JBP,Cloudy,0.74,3.26,0.1,19.6,93.2
2026-03-30 18:01:17,JBP,Clear,0.51,5.54,0.8,24.5,69.6
2026-03-12 03:17:01,JBP,Rain,0.37,5.18,13.1,21.2,57.4
2026-04-18 23:00:37,JBP,Cloudy,0.16,8.4,1.1,33.2,56.6
2026-05-19 03:36:26,JBP,Clear,0.17,8.48,0.3,34.5,65.4
2026-01-18 04:48:13,JBP,Fog,0.52,5.46,0.7,9.2,58.4
2026-03-23 07:33:02,JBP,Cloudy,0.29,7.4,0.6,25.5,40.5
2026-01-18 08:00:57,JBP,Clear,0.24,7.85,0.9,14.5,70.1
2026-01-19 05:41:54,JBP,Cloudy,0.72,3.59,1.1,28.6,92.3
2026-02-15 01:56:55,JBP,Fog,0.8,2.91,0.3,27.4,94.9
2026-04-30 16:11:30,JBP,Rain,0.46,4.68,5.5,37.0,49.3
2026-01-20 12:47:37,JBP,Clear,0.3,7.73,0.6,34.5,64.7
2026-04-07 13:58:16,JBP,Clear,0.13,8.89,1.3,9.9,87.3
2026-01-18 17:07:21,JBP,Clear,0.13,9.26,0.8,26.6,56.1
2026-05-04 07:36:32,JBP,Fog,0.96,2.21,0.5,19.5,85.8
2026-04-06 06:29:44,JBP,Clear,0.49,6.32,0.6,27.6,90.1
2026-05-31 08:23:58,JBP,Cloudy,0.27,7.71,0.7,15.2,70.4
2026-05-21 09:08:06,JBP,Rain,0.16,7.2,30.8,32.2,35.1
2026-05-26 18:16:20,JBP,Clear,0.31,7.35,0.5,21.1,39.9
2026-03-10 04:43:12,JBP,Fog,0.81,3.32,1.1,21.6,73.4
2026-06-24 06:34:42,JBP,Clear,0.3,7.47,0.7,37.6,74.8
2026-03-27 22:12:44,JBP,Clear,0.29,7.28,1.4,36.6,68.6
2026-05-11 08:39:28,JBP,Clear,0.46,6.25,0.6,29.1,66.1
2026-03-27 04:20:43,JBP,Clear,0.45,6.72,0.6,13.7,65.6
2026-06-25 03:26:49,JBP,Clear,0.17,8.75,0.5,24.4,70.3
2026-06-30 17:23:08,JBP,Cloudy,0.26,7.7,1.1,25.5,37.6
2026-02-13 03:33:15,JBP,Rain,0.48,4.94,10.4,29.2,63.1
2026-02-13 21:35:55,JBP,Clear,0.51,5.87,0.9,18.6,83.3
2026-02-10 01:12:51,JBP,Fog,0.55,5.44,0.8,28.0,75.9
2026-05-05 09:13:50,JBP,Clear,0.57,5.41,0.7,25.7,57.8
2026-01-30 07:02:54,JBP,Rain,0.12,8.29,2.9,35.4,72.0
2026-03-30 12:33:49,JBP,Fog,0.54,5.8,1.5,20.8,68.4
2026-04-03 14:18:08,JBP,Clear,0.01,10.94,0.7,30.7,57.5
2026-05-10 12:06:02,JBP,Clear,0.3,7.11,1.2,24.0,71.9
2026-04-05 10:43:44,JBP,Clear,0.68,4.37,0.7,18.9,75.0
2026-02-07 03:22:34,JBP,Clear,0.63,5.18,1.3,-3.6,73.5
2026-03-25 18:53:35,JBP,Fog,0.41,6.51,1.1,20.5,81.8
2026-04-26 11:58:07,JBP,Clear,0.52,5.93,0.6,27.0,71.1
2026-06-09 04:37:09,JBP,Fog,0.7,3.45,0.6,38.8,53.9
2026-05-08 03:11:40,JBP,Clear,0.38,6.64,1.3,23.7,74.6
2026-06-23 00:27:45,JBP,Rain,0.27,5.45,6.5,17.3,71.1
2026-04-17 03:46:31,JBP,Clear,0.54,6.0,0.7,27.9,41.2
2026-05-08 02:29:49,JBP,Clear,0.35,5.96,0.7,23.3,82.1
2026-02-21 16:44:51,JBP,Clear,0.51,5.58,0.1,20.9,63.7
2026-06-28 23:40:06,JBP,Rain,0.18,7.37,16.9,20.4,55.0
2026-06-06 19:59:06,JBP,Clear,0.65,3.96,1.3,9.5,100.0
2026-05-16 23:38:31,JBP,Clear,0.17,7.86,0.8,33.2,62.3
2026-01-20 10:11:43,JBP,Clear,0.28,7.57,0.0,19.7,72.0
2026-05-18 05:23:02,JBP,Cloudy,0.08,9.52,0.1,23.4,68.8
2026-02-26 11:32:47,JBP,Fog,0.57,5.19,0.6,22.5,79.6
2026-06-10 19:44:11,JBP,Clear,0.07,9.45,0.8,23.5,68.9
2026-03-17 14:48:10,JBP,Clear,0.66,5.05,1.2,27.0,90.5
2026-02-15 10:47:38,JBP,Clear,0.34,7.64,1.2,30.8,69.8
2026-05-08 23:17:38,JBP,Clear,0.14,8.46,0.2,21.7,80.9
2026-05-18 09:55:46,JBP,Fog,0.51,5.12,1.4,9.1,85.4
2026-02-04 18:02:43,JBP,Clear,0.24,7.87,0.2,22.1,50.9
2026-02-12 08:13:52,JBP,Clear,0.23,7.82,0.9,39.6,34.4
2026-04-18 18:13:27,JBP,Clear,0.59,4.41,0.4,18.7,63.7
2026-06-02 07:44:24,JBP,Clear,0.26,8.34,1.1,22.4,31.6
2026-02-23 22:13:24,JBP,Cloudy,0.62,5.07,1.4,22.2,86.7
2026-02-23 11:33:11,JBP,Clear,0.3,7.79,1.1,32.0,54.9
2026-02-08 14:58:28,JBP,Clear,0.35,7.38,1.1,21.3,70.7
2026-01-18 23:18:38,JBP,Cloudy,0.39,6.35,0.5,19.3,100.0
2026-05-03 04:17:24,JBP,Clear,0.22,7.77,1.1,14.9,48.5
2026-05-02 17:34:37,JBP,Clear,0.07,9.66,1.2,22.8,71.3
2026-04-24 21:31:25,JBP,Clear,0.25,8.05,0.5,23.0,67.0
2026-04-27 18:31:30,JBP,Clear,0.32,7.64,0.6,18.3,53.5
2026-06-29 06:40:50,JBP,Clear,0.23,8.0,0.4,26.8,65.3
2026-01-31 23:32:23,JBP,Cloudy,0.54,5.58,1.0,30.2,93.8
2026-06-20 17:01:26,JBP,Clear,0.3,7.89,0.4,37.0,92.0
2026-06-01 01:12:10,JBP,Fog,0.66,4.21,1.1,20.5,91.8
2026-04-18 06:47:01,JBP,Fog,0.44,6.32,1.0,31.4,97.6
2026-05-19 15:46:07,JBP,Clear,0.09,9.46,1.5,20.9,92.9
2026-05-16 00:00:19,JBP,Cloudy,0.1,8.89,0.3,28.1,63.3
2026-02-16 22:32:47,JBP,Clear,0.23,7.98,1.2,17.7,72.5
2026-06-11 05:39:59,JBP,Clear,0.42,6.48,0.1,21.3,93.9
2026-02-12 17:52:08,JBP,Cloudy,0.28,7.32,0.3,37.8,58.1
2026-04-26 22:41:27,JBP,Clear,0.07,9.51,0.8,47.7,65.1
2026-02-21 00:57:53,JBP,Clear,0.3,7.86,0.4,12.4,65.4
2026-04-21 19:59:07,JBP,Cloudy,0.34,6.68,0.9,18.9,81.0
2026-05-15 07:57:18,JBP,Clear,0.03,9.43,1.0,31.1,66.2
2026-02-19 14:21:55,JBP,Rain,0.33,6.48,11.9,15.6,32.8
2026-06-26 10:58:15,JBP,Clear,0.15,8.88,1.2,21.5,61.2
2026-02-14 21:46:13,JBP,Rain,0.15,7.75,19.4,28.9,86.4
2026-01-22 00:09:47,JBP,Clear,0.35,7.34,1.0,25.1,73.2
2026-01-03 03:58:56,JBP,Clear,0.6,3.49,1.2,12.8,52.1
2026-05-01 03:23:37,JBP,Clear,0.03,10.1,0.4,21.1,63.3
2026-06-19 14:07:49,JBP,Clear,0.32,6.79,0.3,23.0,100.0
2026-03-22 22:10:40,JBP,Clear,0.16,8.86,1.4,29.9,25.1
2026-05-16 16:09:28,JBP,Rain,0.18,6.94,1.7,34.8,39.0
2026-02-06 15:18:19,JBP,Clear,0.32,6.43,0.7,17.3,28.4
2026-01-08 21:16:09,JBP,Clear,0.32,6.33,0.6,19.7,40.8
2026-03-08 02:10:51,JBP,Rain,0.32,4.99,3.9,14.6,54.7
2026-05-31 14:30:19,JBP,Clear,0.14,9.01,0.0,26.8,75.9
2026-02-28 07:10:20,JBP,Clear,0.13,8.83,0.9,31.1,66.7
2026-01-10 17:33:22,JBP,Clear,0.28,7.56,0.3,31.2,56.7
2026-05-25 16:06:11,JBP,Cloudy,0.51,5.55,0.0,22.1,76.1
2026-06-05 01:35:54,JBP,Cloudy,0.5,5.95,0.6,27.7,84.1
2026-01-16 20:26:50,JBP,Clear,0.04,9.42,0.8,21.5,58.2
2026-06-03 05:25:06,JBP,Clear,0.07,9.22,0.8,3.5,47.3
2026-02-17 19:45:14,JBP,Clear,0.81,2.87,0.2,27.0,85.9
2026-04-14 17:53:22,JBP,Fog,0.41,7.23,0.1,13.6,64.4
2026-01-26 17:13:15,JBP,Rain,0.14,7.9,3.9,18.7,49.3
2026-06-10 17:01:57,JBP,Fog,0.93,1.68,1.0,19.5,45.8
2026-03-10 02:57:58,JBP,Cloudy,0.12,9.18,0.2,18.4,38.7
2026-01-05 19:01:38,JBP,Fog,0.62,4.04,0.8,16.7,100.0
2026-02-14 00:09:30,JBP,Clear,0.09,9.31,0.1,26.2,59.5
2026-04-02 19:30:13,JBP,Cloudy,0.37,7.9,0.0,21.3,81.5
2026-02-20 18:57:16,JBP,Cloudy,0.31,7.0,0.5,27.6,66.7
2026-05-22 10:47:37,JBP,Clear,0.37,7.12,0.2,20.4,100.0
2026-03-18 03:59:41,JBP,Rain,0.15,7.67,12.3,33.1,51.0
2026-04-09 11:17:26,JBP,Clear,0.26,8.25,0.0,22.6,66.5
2026-04-22 01:38:13,JBP,Clear,0.36,8.02,0.8,34.2,44.6
2026-01-04 13:03:04,JBP,Cloudy,0.27,7.7,0.2,17.9,58.2
2026-02-23 14:23:47,JBP,Cloudy,0.06,9.59,1.3,6.5,67.6
2026-05-22 10:30:59,JBP,Clear,0.26,7.98,0.9,18.0,34.9
2026-04-27 00:53:48,JBP,Clear,0.41,7.01,0.6,7.1,43.3
2026-06-24 22:43:04,JBP,Clear,0.22,7.78,1.4,17.2,81.3
2026-01-24 10:14:30,JBP,Clear,0.21,7.92,0.4,35.2,55.0
2026-04-02 02:11:18,JBP,Clear,0.24,7.87,1.1,12.7,79.1
2026-04-29 22:18:22,JBP,Fog,0.65,4.4,0.1,26.7,49.8
2026-03-04 23:32:43,JBP,Cloudy,0.44,7.01,0.4,11.9,70.6
2026-03-30 16:29:45,JBP,Cloudy,0.11,8.53,1.1,23.3,82.1
2026-05-19 14:24:11,JBP,Rain,0.52,4.23,12.5,17.1,78.2
2026-05-08 15:34:04,JBP,Clear,0.48,5.7,0.4,24.7,73.7
2026-06-14 20:05:31,JBP,Fog,0.71,4.69,1.4,10.9,87.2
2026-05-11 00:05:24,JBP,Cloudy,0.15,8.24,0.5,16.0,52.4
2026-06-03 19:57:56,JBP,Clear,0.53,5.26,0.4,16.5,46.4
2026-05-26 22:10:18,JBP,Cloudy,0.42,6.64,0.9,17.9,52.3
2026-05-24 06:55:45,JBP,Fog,0.75,3.73,1.3,16.8,51.2
2026-04-14 07:04:02,JBP,Rain,0.33,6.17,14.7,21.7,53.1
2026-03-20 23:42:46,JBP,Clear,0.37,6.43,0.8,34.6,85.5
2026-06-13 14:23:29,JBP,Cloudy,0.06,9.76,1.2,29.1,20.0
2026-06-29 20:42:09,JBP,Clear,0.4,6.77,1.0,12.5,100.0
2026-05-25 14:17:10,JBP,Rain,0.1,7.57,15.7,19.6,53.8
2026-06-01 23:26:45,JBP,Clear,0.06,9.45,0.1,13.9,66.5
2026-02-18 18:41:15,JBP,Clear,0.22,7.82,0.8,12.3,55.6
2026-04-27 15:19:17,JBP,Fog,0.86,3.15,0.7,23.4,80.2
2026-06-12 05:52:20,JBP,Clear,0.25,7.5,0.5,19.5,69.7
2026-03-17 15:39:58,JBP,Clear,0.11,8.89,1.3,38.1,32.7
2026-04-13 01:49:09,JBP,Clear,0.43,6.62,0.8,41.2,100.0
2026-04-25 23:28:54,JBP,Clear,0.19,7.88,0.9,49.3,44.2
2026-02-14 00:42:37,JBP,Cloudy,0.48,6.3,0.0,23.2,58.5
2026-01-13 18:17:27,JBP,Clear,0.48,6.16,1.1,25.7,79.6
2026-06-22 20:18:29,JBP,Cloudy,0.24,7.05,1.2,25.8,51.7
2026-05-29 09:01:31,JBP,Cloudy,0.53,5.13,0.4,30.4,54.5
2026-03-02 20:07:20,JBP,Cloudy,0.25,7.8,0.6,24.9,73.1
2026-02-07 06:52:28,JBP,Rain,0.34,5.75,4.9,24.6,44.0
2026-05-04 04:10:39,JBP,Fog,0.51,5.69,1.2,17.6,47.2
2026-02-23 08:36:32,JBP,Clear,0.36,7.22,1.2,18.6,64.1
2026-04-15 15:17:30,JBP,Fog,0.62,3.94,1.3,16.2,80.9
2026-05-09 20:52:21,JBP,Fog,0.71,4.51,1.0,20.7,99.4
2026-01-26 13:31:55,JBP,Clear,0.14,8.81,0.6,24.4,53.8
2026-03-29 14:07:24,JBP,Cloudy,0.36,7.45,1.4,23.9,52.5
2026-02-25 21:44:37,JBP,Cloudy,0.26,7.6,0.4,42.8,64.4
2026-03-29 08:17:04,JBP,Clear,0.04,10.27,0.8,33.5,91.1
2026-04-25 00:28:13,JBP,Cloudy,0.07,8.43,0.7,39.3,95.3
2026-04-12 12:47:07,JBP,Clear,0.04,9.31,0.7,24.9,69.7
2026-06-25 08:10:06,JBP,Clear,0.5,5.67,0.4,28.1,48.8
2026-04-09 22:40:10,JBP,Clear,0.22,8.45,1.1,14.1,63.2
2026-06-16 19:45:41,JBP,Clear,0.34,6.85,0.5,23.7,69.2
2026-01-18 17:23:10,JBP,Clear,0.05,8.67,1.3,29.6,34.2
2026-04-11 16:43:54,JBP,Clear,0.35,7.86,0.4,18.9,88.4
2026-04-10 11:21:26,JBP,Clear,0.73,3.82,1.2,26.2,69.4
2026-02-11 17:41:59,JBP,Clear,0.39,7.09,0.3,31.3,80.3
2026-04-18 23:16:41,JBP,Clear,0.03,8.79,1.2,29.3,43.1
2026-03-27 21:50:12,JBP,Clear,0.42,6.55,0.8,22.1,56.6
2026-02-08 04:35:25,JBP,Rain,0.59,3.34,16.0,19.3,97.8
2026-02-10 18:40:10,JBP,Clear,0.25,7.36,0.9,10.3,91.2
2026-01-01 14:50:50,JBP,Clear,0.18,8.59,1.4,23.4,82.9
2026-06-12 03:28:50,JBP,Clear,0.48,5.32,1.0,28.4,79.4
2026-01-02 21:25:57,JBP,Rain,0.34,5.69,1.2,26.5,52.6
2026-01-25 20:44:54,JBP,Clear,0.13,9.22,0.1,23.4,84.7
2026-02-20 01:51:17,JBP,Clear,0.32,7.17,0.3,21.5,71.7
2026-04-15 22:14:51,JBP,Fog,0.6,5.12,1.1,33.7,55.5
2026-01-06 16:31:47,JBP,Clear,0.17,8.86,0.2,17.9,55.1
2026-03-27 23:28:21,JBP,Clear,0.28,7.82,0.6,28.0,75.3
2026-05-12 15:33:31,JBP,Fog,0.81,3.45,0.4,26.1,72.6
2026-04-09 04:49:54,JBP,Rain,0.04,8.68,1.4,27.2,49.3
2026-02-27 04:16:09,JBP,Clear,0.23,8.03,0.1,33.0,57.1
2026-01-22 11:40:12,JBP,Cloudy,0.58,5.02,0.4,29.8,49.7
2026-03-29 08:18:36,JBP,Fog,0.84,3.01,0.2,23.4,47.2
2026-03-30 07:14:07,JBP,Fog,0.67,4.39,1.5,19.3,64.9
2026-05-26 16:03:07,JBP,Clear,0.16,9.15,0.3,40.4,55.3
2026-01-12 16:42:37,JBP,Clear,0.2,8.11,0.7,28.3,59.8
2026-02-26 14:53:55,JBP,Clear,0.27,7.26,1.3,19.4,75.3
2026-03-18 05:49:37,JBP,Cloudy,0.23,7.68,0.8,16.0,52.6
2026-02-19 06:29:36,JBP,Clear,0.41,6.81,0.9,27.5,51.8
2026-06-29 14:33:19,JBP,Cloudy,0.45,5.67,0.9,21.7,57.0
2026-01-29 09:24:18,JBP,Rain,0.56,4.01,6.2,25.3,85.0
2026-03-22 14:53:30,JBP,Clear,0.49,6.04,1.0,25.2,90.3
2026-04-01 19:33:40,JBP,Clear,0.14,8.59,0.9,27.0,56.5
2026-03-05 16:56:46,JBP,Fog,0.65,4.12,0.6,20.2,61.5
2026-05-21 05:11:34,JBP,Clear,0.58,5.5,0.8,31.9,100.0
2026-05-12 19:31:05,JBP,Clear,0.53,6.38,1.4,28.1,51.1
2026-01-13 07:05:33,JBP,Clear,0.16,8.91,0.3,7.0,72.6
2026-02-16 14:38:13,JBP,Cloudy,0.15,8.47,0.8,32.7,77.0
2026-06-27 06:00:05,JBP,Clear,0.27,6.68,0.5,10.6,70.5
2026-02-20 11:20:53,JBP,Cloudy,0.45,6.18,0.4,21.8,54.5
2026-04-07 22:46:45,JBP,Clear,0.38,6.17,0.8,34.7,100.0
2026-05-31 01:13:07,JBP,Clear,0.24,7.86,1.0,23.8,81.8
2026-06-07 18:43:43,JBP,Clear,0.65,4.59,1.4,24.5,61.0
2026-04-16 21:17:17,JBP,Cloudy,0.18,8.68,0.8,33.2,68.0
2026-01-02 13:00:14,JBP,Clear,0.4,7.35,0.0,28.1,74.4
2026-02-15 01:32:34,JBP,Clear,0.45,6.88,0.0,16.0,50.4
2026-03-26 13:39:15,JBP,Clear,0.34,5.99,0.3,20.3,58.5
2026-01-05 05:19:00,JBP,Fog,0.45,5.44,0.2,15.9,92.0
2026-05-11 07:08:31,JBP,Clear,0.08,9.92,0.1,24.1,43.5
2026-02-20 14:34:28,JBP,Clear,0.34,7.79,1.5,32.1,49.8
2026-06-14 08:16:30,JBP,Clear,0.21,8.12,1.2,23.5,54.8
2026-06-09 01:03:24,JBP,Clear,0.55,4.71,0.6,25.3,47.4
2026-05-04 04:39:37,JBP,Clear,0.58,4.84,0.6,43.4,77.3
2026-06-09 00:18:32,JBP,Clear,0.46,6.01,0.3,16.7,50.1
2026-04-03 17:23:48,JBP,Clear,0.13,8.66,1.3,33.4,86.1
2026-02-17 05:19:48,JBP,Clear,0.6,5.56,0.3,21.3,93.1
2026-03-11 07:13:10,JBP,Clear,0.3,7.25,1.4,25.4,50.4
2026-04-21 08:53:40,JBP,Rain,0.29,7.25,1.2,26.8,46.7
2026-06-09 02:13:34,JBP,Fog,0.86,2.91,0.5,20.3,43.2
2026-04-24 02:54:28,JBP,Clear,0.22,7.81,1.1,29.1,74.0
2026-02-12 09:53:57,JBP,Clear,0.2,8.66,0.2,20.1,63.8
2026-06-01 09:09:45,JBP,Clear,0.24,7.74,0.0,26.0,57.8
2026-02-14 14:48:50,JBP,Cloudy,0.11,8.75,0.0,4.9,35.8
2026-03-27 16:23:22,JBP,Clear,0.35,6.44,1.1,34.6,46.2
2026-03-20 21:11:32,JBP,Clear,0.12,8.89,0.4,29.7,66.3
2026-03-24 08:30:38,JBP,Clear,0.29,7.74,1.4,27.6,86.0
2026-03-12 19:35:35,JBP,Clear,0.68,4.82,0.7,37.4,91.5
2026-01-02 23:52:57,JBP,Cloudy,0.12,9.47,1.3,28.0,70.0
2026-03-21 11:31:54,JBP,Cloudy,0.2,8.47,0.2,22.0,76.1
2026-01-08 20:30:40,JBP,Rain,0.33,6.25,2.7,10.5,78.2
2026-02-10 17:34:55,JBP,Clear,0.09,8.45,1.1,9.9,75.8
2026-01-27 11:59:48,JBP,Clear,0.15,8.2,0.6,29.0,48.1
2026-06-19 04:03:37,JBP,Clear,0.44,5.65,0.7,21.5,55.5
2026-05-23 20:30:22,JBP,Clear,0.34,7.25,1.0,24.0,74.0
2026-03-06 18:20:51,JBP,Rain,0.31,6.37,11.4,38.3,71.5
2026-02-04 09:08:54,JBP,Clear,0.16,8.68,1.2,16.8,54.3
2026-04-05 16:48:29,JBP,Rain,0.04,8.58,6.1,25.1,31.0
2026-02-22 22:15:40,JBP,Clear,0.23,8.0,0.0,24.0,80.2
2026-02-09 10:01:39,JBP,Rain,0.15,7.31,6.9,17.9,80.9
2026-06-26 17:48:37,JBP,Rain,0.48,4.32,4.0,32.7,71.0
2026-03-07 03:20:17,JBP,Clear,0.13,9.37,1.3,30.9,62.2
2026-06-16 14:03:43,JBP,Clear,0.26,8.31,1.3,32.2,82.5
2026-06-23 08:49:51,JBP,Clear,0.15,9.17,0.1,19.6,67.6
2026-06-11 09:40:08,JBP,Clear,0.25,7.93,0.9,24.2,57.3
2026-05-22 10:00:46,JBP,Rain,0.4,5.4,3.7,2.1,76.3
2026-01-06 05:18:19,JBP,Clear,0.36,7.46,0.1,17.8,81.6
2026-05-05 04:37:43,JBP,Clear,0.26,8.37,1.2,26.0,56.9
2026-05-02 04:04:25,JBP,Clear,0.15,8.3,0.7,27.4,70.0
2026-01-30 08:05:27,JBP,Clear,0.26,8.0,0.3,26.9,60.6
2026-02-08 12:14:49,JBP,Clear,0.25,7.13,0.4,17.2,64.6
2026-01-29 06:07:56,JBP,Clear,0.56,5.37,0.9,18.7,80.5
2026-04-30 03:50:08,JBP,Fog,0.6,5.61,1.1,28.8,89.3
2026-06-18 20:51:52,JBP,Rain,0.26,6.63,4.3,25.2,58.9
2026-03-01 02:09:53,JBP,Clear,0.15,8.32,1.4,23.2,57.9
2026-04-04 03:53:15,JBP,Clear,0.48,5.71,0.1,18.0,86.9
2026-03-16 18:49:36,JBP,Cloudy,0.13,8.37,0.0,20.9,83.0
2026-06-13 02:15:53,JBP,Clear,0.08,8.93,1.0,15.8,63.1
2026-04-15 18:35:00,JBP,Clear,0.36,7.21,0.7,39.8,68.4
2026-02-12 15:46:31,JBP,Clear,0.15,8.59,1.1,29.4,59.7
2026-04-22 22:00:33,JBP,Clear,0.3,7.94,0.6,18.0,70.5
2026-03-17 16:08:38,JBP,Fog,0.43,6.89,0.7,33.9,64.8
2026-03-26 16:42:15,JBP,Cloudy,0.32,7.49,1.1,23.3,40.5
2026-03-16 11:21:45,JBP,Cloudy,0.23,7.84,0.6,24.5,51.7
2026-06-01 11:32:33,JBP,Clear,0.32,7.0,0.1,27.8,63.0
2026-04-08 08:19:10,JBP,Cloudy,0.29,6.42,0.7,27.5,59.7
2026-04-07 03:50:00,JBP,Rain,0.85,1.89,6.7,22.5,81.7
2026-01-13 05:07:29,JBP,Cloudy,0.47,5.85,1.0,20.1,63.0
2026-04-11 21:20:02,JBP,Cloudy,0.48,5.62,0.8,7.2,65.8
2026-01-08 09:43:27,JBP,Clear,0.47,5.8,0.2,17.1,61.1
2026-01-22 08:08:14,JBP,Clear,0.14,8.57,0.5,23.8,49.9
2026-05-01 18:30:53,JBP,Clear,0.26,7.51,0.2,36.1,73.2
2026-01-29 23:58:20,JBP,Clear,0.4,7.79,0.4,21.3,71.0
2026-04-14 20:14:41,JBP,Clear,0.05,10.37,0.2,27.7,89.8
2026-04-03 00:12:07,JBP,Clear,0.27,7.99,0.7,35.3,41.3
2026-03-23 01:46:25,JBP,Cloudy,0.4,7.21,0.4,26.7,95.2
2026-02-09 15:54:51,JBP,Rain,0.64,3.75,10.0,32.2,89.7
2026-04-05 08:36:54,JBP,Cloudy,0.37,6.72,0.1,24.7,86.1
2026-03-18 17:28:57,JBP,Fog,0.96,1.48,1.4,30.8,53.0
2026-01-12 03:46:05,JBP,Clear,0.14,9.23,0.2,31.5,44.8
2026-04-09 12:31:04,JBP,Clear,0.51,5.36,1.3,36.8,34.8
2026-03-01 05:50:25,JBP,Clear,0.48,5.27,0.4,23.0,50.1
2026-06-28 05:27:05,JBP,Rain,0.5,5.6,10.5,7.4,55.3
2026-02-25 00:06:16,JBP,Clear,0.11,9.07,0.4,22.8,30.8
2026-04-28 15:29:02,JBP,Rain,0.1,7.0,0.8,29.0,78.8
2026-06-24 05:00:44,JBP,Fog,0.47,6.19,0.9,25.4,53.8
2026-06-25 04:21:44,JBP,Clear,0.17,9.1,0.9,20.9,59.7
2026-03-30 22:04:02,JBP,Clear,0.25,7.78,0.3,25.2,53.1
2026-01-30 14:38:12,JBP,Clear,0.25,8.49,0.9,26.1,52.9
2026-05-02 22:23:38,JBP,Rain,0.11,7.99,1.2,24.6,69.0
2026-01-04 17:03:10,JBP,Clear,0.23,8.1,0.2,10.9,78.2
2026-06-21 06:09:14,JBP,Cloudy,0.13,8.43,0.9,31.4,36.6
2026-06-09 20:57:24,JBP,Rain,0.17,7.02,10.3,27.0,24.3
2026-06-18 19:17:07,JBP,Clear,0.51,5.95,0.8,24.7,63.4
2026-03-21 02:23:21,JBP,Clear,0.18,9.83,0.7,27.4,74.5
2026-02-20 16:41:15,JBP,Clear,0.14,9.27,1.2,12.1,66.2
2026-04-15 03:29:13,JBP,Clear,0.44,6.63,1.4,13.6,60.3
2026-02-15 17:55:03,JBP,Clear,0.61,4.7,1.2,34.9,49.6
2026-01-24 16:26:16,JBP,Rain,0.52,4.55,3.7,12.2,78.4
2026-04-25 08:33:02,JBP,Cloudy,0.04,9.93,0.8,34.6,46.6
2026-02-09 15:15:12,JBP,Cloudy,0.4,6.28,1.2,30.5,98.9
2026-04-29 14:38:46,JBP,Fog,0.8,2.66,0.1,24.3,56.2
2026-01-05 05:26:04,JBP,Cloudy,0.05,9.36,0.2,36.0,37.3
2026-03-05 01:39:05,JBP,Clear,0.22,8.75,0.7,29.9,85.9
2026-01-09 16:05:14,JBP,Clear,0.14,8.68,1.0,28.5,77.7
2026-02-11 10:01:47,JBP,Rain,0.11,8.51,15.7,21.8,51.5
2026-02-09 03:04:41,JBP,Cloudy,0.18,9.15,0.0,22.1,52.4
2026-01-03 21:54:29,JBP,Clear,0.49,6.08,0.3,23.5,58.7
2026-01-12 07:12:44,JBP,Clear,0.47,5.41,1.2,35.5,57.2
2026-03-08 17:35:59,JBP,Clear,0.22,8.3,1.5,20.3,81.8
2026-01-10 11:27:59,JBP,Cloudy,0.1,9.48,0.4,22.2,64.8
2026-01-14 06:16:40,JBP,Clear,0.18,9.14,0.2,32.9,42.4
2026-04-25 02:33:18,JBP,Rain,0.15,6.86,5.7,31.7,63.8
2026-02-17 00:24:45,JBP,Rain,0.43,4.6,9.9,31.1,61.7
2026-04-01 20:33:18,JBP,Clear,0.11,8.79,1.3,15.7,41.7
2026-06-02 06:00:57,JBP,Cloudy,0.18,9.04,0.6,26.2,38.5
2026-04-01 11:57:48,JBP,Rain,0.25,6.45,6.1,35.6,77.9
2026-03-03 05:47:56,JBP,Cloudy,0.15,8.62,0.8,22.7,93.1
2026-04-25 07:41:16,JBP,Clear,0.16,9.01,1.2,25.9,63.8
2026-01-06 17:58:24,JBP,Clear,0.11,9.32,1.4,6.1,52.9
2026-04-21 05:04:02,JBP,Clear,0.07,9.58,0.1,27.0,39.1
2026-05-18 15:30:35,JBP,Cloudy,0.12,8.64,0.3,27.8,79.9
2026-04-27 00:47:03,JBP,Cloudy,0.14,9.01,0.7,18.3,78.1
2026-03-28 19:53:42,JBP,Clear,0.14,8.4,1.0,19.2,56.5
2026-03-09 09:38:07,JBP,Clear,0.36,7.19,0.9,26.5,57.2
2026-01-10 10:47:44,JBP,Clear,0.13,9.76,0.6,20.3,67.0
2026-06-17 21:45:55,JBP,Cloudy,0.15,8.75,0.3,27.5,89.5
2026-05-11 07:33:51,JBP,Clear,0.22,6.7,1.1,14.1,61.1
2026-02-21 09:20:54,JBP,Clear,0.24,7.21,0.2,29.4,80.1
2026-03-21 19:09:16,JBP,Clear,0.58,4.68,1.0,21.4,71.8
2026-03-16 13:22:47,JBP,Rain,0.55,4.37,15.4,21.0,56.1
2026-06-02 02:43:20,JBP,Clear,0.43,6.04,0.4,20.5,92.9
2026-03-01 16:13:16,JBP,Cloudy,0.09,9.33,0.5,23.1,90.9
2026-01-01 01:50:30,JBP,Clear,0.38,6.84,0.5,32.4,73.5
2026-06-23 23:13:51,JBP,Clear,0.36,7.21,0.6,25.8,55.0
2026-01-02 14:12:48,JBP,Rain,0.22,6.99,3.6,18.5,66.4
2026-04-02 00:43:20,JBP,Cloudy,0.31,7.38,0.9,24.7,47.9
2026-06-11 04:58:37,JBP,Clear,0.32,6.33,0.4,33.5,53.7
2026-04-04 01:05:20,JBP,Rain,0.07,8.63,15.7,21.7,52.8
2026-05-06 03:41:10,JBP,Fog,0.64,4.33,0.0,24.2,73.4
2026-04-07 19:43:53,JBP,Clear,0.32,6.82,1.3,27.0,96.9
2026-06-19 07:10:44,JBP,Rain,0.34,5.69,3.6,28.8,57.7
2026-03-05 09:19:28,JBP,Clear,0.54,5.29,1.1,18.0,97.5
2026-06-10 19:22:09,JBP,Rain,0.46,5.06,1.6,33.4,47.4
2026-06-25 23:10:30,JBP,Clear,0.11,9.09,0.6,22.2,65.8
2026-03-03 19:43:50,JBP,Clear,0.34,7.18,0.2,36.7,58.0
2026-02-11 18:29:31,JBP,Clear,0.13,8.4,1.3,17.6,37.0
2026-05-16 19:45:29,JBP,Cloudy,0.27,7.3,0.8,32.1,51.6
2026-03-31 11:22:12,JBP,Clear,0.52,5.67,0.9,32.2,41.1
2026-02-13 22:01:17,JBP,Rain,0.19,6.92,4.1,30.3,47.7
2026-05-05 01:41:49,JBP,Clear,0.3,6.98,1.5,10.2,67.5
2026-03-30 14:56:12,JBP,Clear,0.2,9.07,0.6,34.5,81.7
2026-02-26 00:23:49,JBP,Cloudy,0.4,6.64,0.6,16.9,33.3
2026-05-16 18:49:32,JBP,Clear,0.07,9.3,0.6,29.9,69.7
2026-04-19 14:24:54,JBP,Clear,0.54,4.86,0.1,27.8,55.2
2026-04-28 17:33:47,JBP,Rain,0.49,4.99,3.8,27.0,79.2
2026-01-07 05:14:55,JBP,Clear,0.19,8.02,0.2,33.5,64.7
2026-06-24 18:33:07,JBP,Clear,0.35,6.69,0.6,22.1,48.2
2026-03-21 16:32:58,JBP,Fog,0.88,2.35,0.9,19.3,49.9
2026-03-27 00:12:50,JBP,Clear,0.08,9.43,0.9,38.2,70.1
2026-01-13 04:23:02,JBP,Rain,0.72,3.34,8.6,14.1,81.2
2026-06-14 15:05:54,JBP,Fog,0.89,2.27,0.2,20.4,54.1
2026-03-14 05:02:08,JBP,Clear,0.24,7.81,0.1,29.8,66.8
2026-05-19 14:37:14,JBP,Cloudy,0.05,9.78,0.1,16.8,75.4
2026-01-13 08:33:19,JBP,Clear,0.08,9.12,0.4,10.9,52.6
2026-04-02 04:45:41,JBP,Clear,0.49,5.43,1.5,22.5,63.6
2026-04-08 09:48:27,JBP,Clear,0.8,3.5,0.4,27.3,85.0
2026-06-05 07:43:39,JBP,Clear,0.31,6.74,1.3,22.7,63.0
2026-03-15 12:31:32,JBP,Clear,0.34,7.82,0.3,13.8,91.5
2026-03-07 05:23:22,JBP,Rain,0.2,6.71,9.3,30.8,70.8
2026-03-24 03:20:50,JBP,Cloudy,0.25,8.29,1.0,25.9,55.4
2026-06-23 05:15:51,JBP,Clear,0.6,4.71,0.2,26.6,91.3
2026-04-23 22:29:22,JBP,Clear,0.04,9.54,1.4,26.3,54.6
2026-02-22 14:02:06,JBP,Rain,0.14,6.98,4.2,34.1,49.3
2026-03-15 00:24:21,JBP,Rain,0.13,8.46,8.2,19.9,78.6
2026-05-17 17:21:41,JBP,Clear,0.32,8.6,1.0,20.6,88.6
2026-06-02 21:05:30,JBP,Clear,0.32,7.3,0.2,7.3,96.4
2026-02-14 15:56:54,JBP,Clear,0.03,9.97,1.2,9.5,48.2
2026-06-22 14:56:42,JBP,Cloudy,0.38,6.87,1.3,32.7,87.7
2026-04-05 11:03:06,JBP,Clear,0.13,8.78,0.0,21.2,67.7
2026-04-08 14:05:23,JBP,Clear,0.17,8.04,1.2,21.2,41.4
2026-01-06 21:40:01,JBP,Cloudy,0.33,6.24,0.5,28.0,63.0
2026-01-17 10:37:57,JBP,Cloudy,0.61,5.07,1.4,26.9,85.8
2026-04-12 00:22:25,JBP,Clear,0.4,6.13,0.6,24.6,76.1
2026-05-30 05:43:46,JBP,Cloudy,0.56,4.82,1.0,28.9,76.8
2026-01-30 10:53:44,JBP,Clear,0.46,5.84,1.3,21.7,81.0
2026-06-28 12:11:55,JBP,Clear,0.46,6.71,0.0,18.4,55.0
2026-04-15 06:47:30,JBP,Clear,0.31,8.12,0.8,26.9,77.1
2026-06-01 20:49:04,JBP,Fog,0.82,2.73,0.7,19.6,50.7
2026-06-05 01:51:25,JBP,Clear,0.62,4.49,1.0,17.5,58.8
2026-03-27 18:26:23,JBP,Clear,0.14,8.73,1.3,23.6,64.5
2026-05-01 02:23:48,JBP,Cloudy,0.29,7.97,0.1,23.0,70.6
2026-05-27 02:20:53,JBP,Rain,0.09,7.95,9.3,28.1,58.5
2026-02-07 00:51:38,JBP,Fog,0.61,4.81,0.4,19.1,92.4
2026-01-25 13:01:23,JBP,Cloudy,0.52,6.11,0.5,27.5,93.9
2026-02-09 18:36:52,JBP,Clear,0.22,7.97,1.4,25.7,38.2
2026-06-10 14:46:01,JBP,Clear,0.56,4.76,0.7,20.6,86.1
2026-03-22 20:57:17,JBP,Clear,0.04,10.39,0.4,24.5,82.0
2026-02-26 13:53:51,JBP,Clear,0.44,6.65,0.0,24.7,65.7
2026-05-06 15:16:53,JBP,Clear,0.32,7.64,0.1,24.0,63.0
2026-03-10 07:45:40,JBP,Clear,0.15,8.2,0.1,26.3,64.7
2026-01-19 00:59:22,JBP,Cloudy,0.03,10.47,1.5,21.6,91.0
2026-03-10 09:26:06,JBP,Fog,0.65,5.11,0.6,31.3,77.8
2026-05-24 10:32:16,JBP,Fog,0.65,4.16,0.4,33.4,82.4
2026-04-11 19:38:33,JBP,Cloudy,0.51,5.57,1.1,26.4,100.0
2026-06-19 19:53:13,JBP,Cloudy,0.22,8.09,0.4,25.4,81.4
2026-06-22 09:17:44,JBP,Rain,0.29,5.6,12.1,13.1,74.4
2026-02-24 13:00:46,JBP,Clear,0.42,6.71,0.5,37.9,100.0
2026-01-14 20:32:00,JBP,Clear,0.02,10.08,1.3,37.7,68.8
2026-04-12 02:56:10,JBP,Fog,0.51,5.87,0.7,31.2,50.0
2026-04-11 13:28:21,JBP,Clear,0.27,7.52,0.8,21.2,68.2
2026-05-06 15:07:26,JBP,Clear,0.6,4.24,0.8,10.3,86.3
2026-04-23 15:50:56,JBP,Fog,0.91,2.31,0.4,26.1,48.2
2026-01-21 11:51:23,JBP,Cloudy,0.34,7.45,0.2,16.2,50.5
2026-01-27 10:01:35,JBP,Clear,0.09,9.24,0.8,24.6,71.4
2026-01-24 15:51:49,JBP,Clear,0.42,6.57,0.2,27.8,61.7
2026-04-04 18:47:02,JBP,Clear,0.48,5.61,0.9,21.5,68.5
2026-04-02 16:18:49,JBP,Cloudy,0.65,4.31,1.2,30.5,72.1
2026-04-29 05:18:48,JBP,Cloudy,0.42,6.1,1.1,21.1,20.0
2026-06-23 15:29:52,JBP,Cloudy,0.29,7.94,0.1,17.7,66.4
2026-02-02 10:53:48,JBP,Clear,0.38,7.07,0.5,28.1,59.8
2026-03-09 18:09:07,JBP,Clear,0.62,4.37,0.1,29.4,78.2
2026-02-14 16:29:12,JBP,Cloudy,0.16,8.55,0.8,17.4,98.4
2026-04-23 21:00:52,JBP,Rain,0.21,7.1,4.2,34.9,58.8
2026-03-23 17:05:59,JBP,Fog,0.72,3.44,0.0,20.0,77.3
2026-01-13 03:01:27,JBP,Clear,0.31,7.67,0.6,25.8,71.2
2026-05-03 07:01:44,JBP,Clear,0.21,8.32,0.9,9.0,55.8
2026-02-25 08:25:42,JBP,Cloudy,0.6,4.23,1.2,14.5,59.1
2026-06-01 14:31:36,JBP,Clear,0.46,6.18,0.3,20.6,56.1
2026-04-10 04:44:14,JBP,Clear,0.31,7.16,1.0,9.0,54.7
2026-04-29 06:53:30,JBP,Clear,0.19,8.91,0.7,20.6,49.3
2026-06-26 08:07:30,JBP,Fog,0.75,4.04,1.2,29.3,100.0
2026-04-11 22:06:08,JBP,Rain,0.29,6.73,9.6,37.8,56.7
2026-02-09 01:19:35,JBP,Clear,0.4,7.15,0.5,43.0,47.1
2026-02-26 09:23:37,JBP,Rain,0.48,4.8,10.5,33.7,78.2
2026-01-31 11:30:58,JBP,Cloudy,0.52,5.71,0.6,25.6,82.8
2026-01-30 01:08:17,JBP,Rain,0.16,7.51,8.1,13.1,64.6
2026-03-30 22:25:51,JBP,Clear,0.14,8.46,0.7,21.0,52.4
2026-06-11 13:48:48,JBP,Fog,0.75,3.64,1.1,23.0,62.2
2026-01-12 02:17:09,JBP,Clear,0.47,6.28,0.6,24.8,96.6
2026-04-21 01:30:03,JBP,Rain,0.2,7.06,5.0,19.2,59.9
2026-02-03 15:37:58,JBP,Clear,0.27,7.06,0.4,22.5,51.9
2026-02-07 15:10:58,JBP,Clear,0.24,8.05,1.0,14.7,100.0
2026-03-28 09:49:47,JBP,Clear,0.5,4.85,1.1,20.2,84.1
2026-02-04 17:44:02,JBP,Fog,0.78,3.28,0.0,31.6,77.1
2026-02-16 05:14:04,JBP,Clear,0.19,8.93,0.3,30.1,40.2
2026-05-24 06:06:29,JBP,Cloudy,0.3,6.99,0.4,16.1,100.0
2026-05-02 19:18:03,JBP,Clear,0.57,4.88,0.5,25.5,69.3
2026-06-16 07:52:49,JBP,Clear,0.23,8.74,0.4,21.8,30.3
2026-02-04 17:49:02,JBP,Rain,0.43,4.42,1.7,23.0,56.9
2026-06-22 00:06:43,JBP,Cloudy,0.45,5.99,1.2,29.8,77.9
2026-01-01 01:54:51,JBP,Clear,0.51,5.28,1.3,19.3,79.7
2026-04-29 23:00:05,JBP,Clear,0.07,9.49,0.5,24.8,43.0
2026-03-31 16:42:15,JBP,Clear,0.01,9.69,0.2,33.9,71.0
2026-01-27 07:00:54,JBP,Cloudy,0.27,7.76,0.7,28.5,54.0
2026-02-01 22:14:04,JBP,Cloudy,0.06,9.75,1.4,25.2,67.7
2026-06-30 03:18:12,JBP,Cloudy,0.25,8.49,0.1,16.1,96.2
2026-01-01 22:11:32,JBP,Cloudy,0.54,5.04,0.2,29.9,56.9
2026-02-22 01:48:50,JBP,Cloudy,0.29,7.07,0.8,31.1,70.9
2026-04-08 15:41:11,JBP,Clear,0.36,7.02,0.4,31.3,77.3
2026-02-22 08:19:03,JBP,Clear,0.47,6.2,0.7,25.3,99.2
2026-06-06 18:25:48,JBP,Clear,0.26,8.62,1.0,36.3,83.4
2026-03-02 12:35:24,JBP,Clear,0.19,8.57,1.0,38.6,76.1
2026-02-20 05:30:14,JBP,Clear,0.06,9.89,1.2,19.5,73.4
2026-05-23 14:35:48,JBP,Cloudy,0.31,7.64,0.6,30.8,77.3
2026-04-03 00:19:12,JBP,Clear,0.08,8.98,0.8,16.0,65.0
2026-03-06 17:17:45,JBP,Clear,0.18,8.53,1.0,18.3,38.7
2026-01-11 02:12:55,JBP,Rain,0.45,5.54,9.2,20.7,78.0
2026-06-29 01:52:42,JBP,Fog,0.81,3.46,0.3,27.6,76.4
2026-04-17 19:40:50,JBP,Clear,0.21,7.61,0.9,18.4,100.0
2026-05-24 18:01:10,JBP,Clear,0.36,6.53,0.0,9.3,59.2
2026-06-14 01:59:43,JBP,Rain,0.04,7.98,25.3,21.8,88.5
2026-01-20 01:45:14,JBP,Clear,0.31,6.82,0.9,21.6,28.5
2026-02-06 15:31:23,JBP,Fog,0.4,5.91,1.0,28.6,67.4
2026-04-02 02:03:46,JBP,Rain,0.7,2.37,3.3,31.4,100.0
2026-05-16 21:07:30,JBP,Rain,0.04,8.87,23.1,34.2,65.5
2026-05-19 04:42:03,JBP,Cloudy,0.35,6.84,0.2,43.2,59.6
2026-04-18 17:48:03,JBP,Clear,0.23,7.9,0.2,20.1,80.1
2026-01-18 10:04:39,JBP,Cloudy,0.24,7.77,0.8,35.1,84.3
2026-04-28 10:28:39,JBP,Clear,0.57,5.0,1.1,13.2,53.7
2026-03-26 17:40:15,JBP,Rain,0.44,4.67,13.8,26.5,71.8
2026-03-12 17:18:49,JBP,Clear,0.61,4.84,0.6,38.6,84.1
2026-02-25 16:26:47,JBP,Fog,0.85,2.49,0.1,7.8,82.5
2026-05-29 05:26:15,JBP,Cloudy,0.34,7.09,0.7,19.8,61.2
2026-02-15 19:13:58,JBP,Clear,0.61,4.42,0.9,22.1,75.0
2026-06-09 21:14:15,JBP,Clear,0.11,9.74,0.2,17.3,56.4
2026-05-16 09:46:51,JBP,Clear,0.22,7.7,1.4,25.1,95.5
2026-05-06 19:30:11,JBP,Clear,0.4,7.04,0.1,26.3,64.1
2026-06-22 13:43:38,JBP,Clear,0.08,9.89,0.5,12.1,98.3
2026-01-12 18:41:37,JBP,Fog,0.68,3.62,0.7,20.7,74.1
2026-05-16 17:12:07,JBP,Clear,0.13,8.1,1.3,31.1,62.7
2026-03-22 21:18:15,JBP,Clear,0.55,5.91,0.1,21.5,55.8
2026-03-25 19:18:31,JBP,Cloudy,0.33,7.43,1.4,25.7,65.6
2026-01-16 06:28:14,JBP,Clear,0.26,7.28,0.9,17.1,66.3
2026-04-13 22:19:19,JBP,Cloudy,0.24,8.05,1.2,20.1,74.7
2026-04-22 15:19:22,JBP,Fog,0.39,6.6,0.8,19.5,39.7
2026-04-06 01:10:38,JBP,Fog,0.43,7.2,0.3,29.5,78.7
2026-01-09 12:44:36,JBP,Clear,0.26,7.6,0.6,32.0,70.6
2026-05-23 23:00:46,JBP,Clear,0.3,7.03,0.7,31.0,44.8
2026-04-14 16:24:49,JBP,Clear,0.46,5.73,0.2,23.0,62.1
2026-02-25 10:19:48,JBP,Cloudy,0.21,7.98,1.4,31.3,66.5
2026-05-21 19:26:24,JBP,Clear,0.32,7.05,1.3,23.8,54.4
2026-01-26 00:10:55,JBP,Cloudy,0.32,7.28,1.0,17.7,46.4
2026-06-28 19:07:59,JBP,Clear,0.5,6.24,1.3,19.0,81.6
2026-04-05 12:24:37,JBP,Clear,0.46,7.02,1.4,31.7,74.0
2026-03-15 01:03:43,JBP,Clear,0.62,4.39,0.7,36.9,66.9
2026-03-25 10:09:03,JBP,Clear,0.5,5.76,1.1,24.0,83.1
2026-03-20 04:49:56,JBP,Clear,0.36,7.04,1.1,20.9,79.1
2026-06-26 03:29:08,JBP,Fog,0.59,5.05,0.3,16.9,72.7
2026-04-22 12:14:40,JBP,Clear,0.39,6.5,0.9,22.8,82.2
2026-06-17 18:31:45,JBP,Clear,0.26,7.41,1.0,26.3,72.8
2026-03-05 00:24:06,JBP,Clear,0.08,9.54,0.5,15.5,45.2
2026-04-15 09:17:33,JBP,Cloudy,0.2,8.83,0.2,30.5,62.6
2026-06-23 07:35:13,JBP,Fog,0.57,5.34,0.6,24.7,57.9
2026-04-26 07:42:23,JBP,Clear,0.15,8.15,0.7,24.0,63.7
2026-05-06 16:27:21,JBP,Clear,0.39,6.26,1.2,17.8,79.5
2026-05-20 15:56:13,JBP,Cloudy,0.08,8.21,0.0,34.6,49.8
2026-03-11 21:23:59,JBP,Clear,0.22,8.28,0.8,32.7,100.0
2026-03-07 17:55:07,JBP,Fog,0.64,4.2,1.1,19.4,75.7
2026-03-21 14:33:51,JBP,Clear,0.16,8.53,0.8,23.3,76.0
2026-05-19 06:19:04,JBP,Clear,0.09,9.04,1.0,25.3,31.9
2026-01-15 22:04:10,JBP,Cloudy,0.62,5.0,0.5,25.9,72.0
2026-03-08 23:35:57,JBP,Clear,0.18,8.27,0.5,33.5,69.1
2026-01-12 10:51:02,JBP,Clear,0.48,5.27,0.0,11.9,63.4
2026-06-19 16:34:21,JBP,Cloudy,0.11,7.74,1.3,24.7,67.2
2026-05-24 21:42:38,JBP,Cloudy,0.14,8.6,0.9,19.9,56.7
2026-06-17 17:56:49,JBP,Clear,0.11,9.18,0.9,19.8,52.4
2026-06-07 01:07:21,JBP,Cloudy,0.06,9.9,0.1,27.2,48.9
2026-06-01 21:42:54,JBP,Clear,0.33,7.66,1.3,25.4,99.9
2026-05-16 09:11:49,JBP,Clear,0.26,7.08,0.9,7.5,66.5
2026-03-08 12:24:02,JBP,Rain,0.16,6.43,9.8,16.8,55.3
2026-01-27 12:47:39,JBP,Clear,0.71,3.92,0.9,23.8,31.6
2026-06-10 21:58:28,JBP,Clear,0.05,9.84,0.5,23.2,68.6
2026-01-18 07:51:18,JBP,Cloudy,0.26,7.38,0.1,20.2,77.2
2026-05-07 06:45:23,JBP,Rain,0.01,8.53,1.8,31.9,57.4
2026-05-15 11:53:06,JBP,Clear,0.3,6.97,0.4,32.1,93.0
2026-02-02 08:21:30,JBP,Clear,0.31,7.55,0.6,35.8,81.3
2026-06-07 18:53:11,JBP,Clear,0.32,8.19,1.2,42.8,50.1
2026-05-22 13:15:28,JBP,Rain,0.52,4.51,5.5,13.5,75.1
2026-04-14 22:37:57,JBP,Fog,0.49,6.32,0.3,20.2,69.7
2026-03-25 16:06:06,JBP,Fog,0.97,2.05,0.9,25.5,91.4
2026-05-20 03:16:15,JBP,Cloudy,0.08,8.61,0.9,26.7,81.1
2026-01-15 18:05:58,JBP,Clear,0.19,7.7,0.6,13.0,57.4
2026-04-05 06:49:13,JBP,Clear,0.59,5.44,0.3,24.7,86.1
2026-04-12 20:33:59,JBP,Clear,0.68,4.38,0.7,18.7,61.2
2026-05-20 17:54:34,JBP,Clear,0.53,5.64,0.8,18.4,61.5
2026-04-27 19:41:15,JBP,Clear,0.21,7.89,1.4,11.5,62.9
2026-01-27 01:08:15,JBP,Clear,0.39,7.17,0.8,27.1,76.7
2026-03-14 07:00:24,JBP,Clear,0.51,6.31,0.0,14.8,52.2
2026-03-23 20:58:03,JBP,Clear,0.3,7.62,1.1,28.7,28.5
2026-06-16 08:24:56,JBP,Clear,0.3,6.62,0.1,21.1,93.4
2026-02-24 03:02:48,JBP,Rain,0.4,6.08,10.0,38.6,92.6
2026-06-14 23:13:02,JBP,Cloudy,0.43,6.92,1.4,30.5,70.1
2026-06-08 02:29:05,JBP,Cloudy,0.15,9.19,1.4,45.6,70.8
2026-03-15 07:27:52,JBP,Rain,0.2,7.06,2.9,31.3,70.3
2026-03-04 20:01:16,JBP,Clear,0.07,9.81,0.8,21.1,76.4
2026-05-23 22:21:45,JBP,Clear,0.25,7.91,0.5,25.8,57.5
2026-05-22 09:13:49,JBP,Rain,0.04,9.37,8.8,30.3,55.2
2026-02-10 07:04:36,JBP,Clear,0.46,6.37,1.2,35.1,54.4
2026-06-24 06:48:21,JBP,Fog,0.59,4.21,1.4,16.0,81.5
2026-05-30 12:35:53,JBP,Cloudy,0.31,7.66,1.3,25.5,57.1
2026-06-06 18:07:03,JBP,Clear,0.17,8.75,1.4,28.6,61.6
2026-04-16 17:39:27,JBP,Cloudy,0.02,10.01,0.3,20.2,42.7
2026-05-29 08:50:28,JBP,Cloudy,0.41,6.43,0.5,28.7,67.6
2026-02-28 07:27:22,JBP,Cloudy,0.41,6.74,1.2,22.5,77.3
2026-02-24 19:01:02,JBP,Clear,0.21,8.9,1.4,15.0,64.7
2026-03-22 21:56:00,JBP,Cloudy,0.29,7.47,1.4,24.4,79.4
2026-05-17 08:09:35,JBP,Clear,0.21,8.04,0.2,22.2,93.3
2026-03-01 03:13:06,JBP,Clear,0.47,6.31,1.1,26.0,100.0
2026-04-05 10:27:54,JBP,Clear,0.17,8.67,0.6,22.2,43.1
2026-02-04 03:55:27,JBP,Clear,0.39,6.09,0.4,28.0,74.9
2026-03-26 17:29:52,JBP,Clear,0.27,7.65,0.6,20.1,64.9
2026-04-08 03:07:42,JBP,Clear,0.36,6.45,1.2,31.1,58.3
2026-01-05 13:10:06,JBP,Cloudy,0.15,8.15,1.1,7.6,64.5
2026-03-03 11:12:33,JBP,Clear,0.19,8.48,0.4,27.4,57.4
2026-01-09 14:19:31,JBP,Clear,0.18,9.0,0.7,21.1,61.4
2026-05-03 22:26:23,JBP,Clear,0.36,7.0,0.6,29.4,71.6
2026-04-16 06:14:27,JBP,Rain,0.28,5.37,25.4,28.3,74.7
2026-06-11 14:33:46,JBP,Clear,0.53,5.26,0.2,29.2,54.4
2026-05-12 20:02:26,JBP,Cloudy,0.42,6.32,0.4,28.0,69.8
2026-06-30 14:10:19,JBP,Clear,0.12,8.39,0.1,30.1,57.1
2026-06-05 12:13:56,JBP,Rain,0.37,4.91,7.2,19.9,87.9
2026-05-20 07:44:03,JBP,Rain,0.07,7.73,11.7,5.1,79.6
2026-01-06 06:26:33,JBP,Clear,0.61,4.57,1.4,14.8,79.0
2026-02-27 16:13:30,JBP,Clear,0.42,6.53,0.1,25.3,62.5
2026-06-28 04:27:43,JBP,Cloudy,0.45,6.09,0.0,36.7,57.9
2026-05-05 11:50:12,JBP,Rain,0.32,5.93,6.5,32.8,61.5
2026-01-14 16:30:28,JBP,Clear,0.33,7.31,1.4,26.8,72.5
2026-01-28 15:45:12,JBP,Cloudy,0.28,7.55,0.9,23.8,36.7
2026-03-18 07:58:30,JBP,Clear,0.17,8.5,0.3,12.7,100.0
2026-03-08 08:04:36,JBP,Clear,0.38,5.74,1.3,35.3,66.2
2026-03-23 11:18:31,JBP,Clear,0.13,9.46,1.5,27.8,59.0
2026-05-25 20:46:25,JBP,Rain,0.27,6.68,8.5,28.3,53.2
2026-02-21 16:49:26,JBP,Clear,0.31,6.96,0.6,36.2,35.7
2026-01-20 03:21:55,JBP,Fog,0.82,2.38,0.9,23.7,88.3
2026-01-30 18:23:18,JBP,Fog,0.51,6.19,0.2,19.1,78.6
2026-05-04 04:47:47,JBP,Clear,0.49,5.92,1.3,22.0,67.6
2026-04-12 07:42:32,JBP,Clear,0.08,9.37,0.0,1.9,57.2
2026-05-24 00:27:45,JBP,Cloudy,0.21,7.6,0.4,33.1,89.6
2026-01-07 01:39:15,JBP,Fog,0.56,5.09,1.2,20.1,93.2
2026-02-18 01:12:31,JBP,Clear,0.34,7.09,1.1,35.9,72.6
2026-03-14 08:27:43,JBP,Clear,0.36,6.18,0.3,12.2,54.0
2026-01-05 00:39:38,JBP,Clear,0.3,7.79,0.7,35.1,73.4
2026-04-25 07:33:19,JBP,Clear,0.16,8.48,1.4,23.2,38.6
2026-01-29 09:14:47,JBP,Clear,0.47,6.43,0.3,12.2,100.0
2026-05-16 06:10:07,JBP,Rain,0.19,7.79,10.1,8.0,71.0
2026-04-15 22:26:28,JBP,Clear,0.24,7.56,0.3,25.9,88.4
2026-06-30 12:05:40,JBP,Clear,0.23,8.05,0.2,13.1,53.4
2026-04-23 17:06:30,JBP,Rain,0.07,8.52,9.7,10.7,51.9
2026-04-28 23:36:17,JBP,Clear,0.4,7.18,1.3,6.0,99.5
2026-02-04 02:27:56,JBP,Clear,0.11,9.36,1.3,27.0,64.7
2026-06-08 08:23:23,JBP,Clear,0.75,3.4,0.6,17.4,78.0
2026-02-17 17:11:04,JBP,Cloudy,0.13,8.48,0.4,30.4,41.2
2026-03-22 15:34:56,JBP,Clear,0.2,8.58,0.3,34.6,75.8
2026-02-13 18:43:24,JBP,Cloudy,0.09,8.94,1.5,19.2,77.8
2026-02-22 11:38:46,JBP,Clear,0.04,9.23,0.2,27.0,42.7
2026-02-28 10:25:36,JBP,Cloudy,0.45,6.84,0.4,28.2,53.8
2026-02-18 17:36:01,JBP,Clear,0.31,6.91,0.9,32.8,48.7
2026-05-19 07:32:37,JBP,Fog,0.51,5.8,0.1,28.7,71.5
2026-01-01 00:20:04,JBP,Clear,0.5,5.32,1.1,22.9,42.0
2026-04-28 02:19:57,JBP,Clear,0.25,7.75,0.2,19.0,59.6
2026-06-01 20:55:09,JBP,Clear,0.14,8.33,0.6,8.8,68.3
2026-06-20 07:45:40,JBP,Clear,0.09,10.25,0.8,22.5,58.5
2026-02-03 19:59:25,JBP,Rain,0.42,5.3,4.3,26.5,57.6
2026-01-24 00:57:45,JBP,Clear,0.5,6.2,0.4,23.4,51.9
2026-02-11 15:48:32,JBP,Fog,0.4,6.67,1.1,36.1,72.9
2026-04-27 18:36:06,JBP,Fog,0.4,5.61,1.1,15.9,64.9
2026-05-06 05:00:53,JBP,Clear,0.17,9.04,1.0,23.1,72.5
2026-06-24 13:08:08,JBP,Clear,0.32,6.53,0.9,14.0,100.0
2026-02-16 13:29:03,JBP,Fog,0.4,6.69,0.4,19.7,65.1
2026-01-22 08:47:45,JBP,Clear,0.16,8.62,0.7,23.0,36.8
2026-01-30 10:47:19,JBP,Clear,0.16,7.73,1.2,34.6,96.0
2026-01-06 03:58:42,JBP,Cloudy,0.35,6.59,1.4,21.3,69.8
2026-04-13 18:59:15,JBP,Cloudy,0.1,10.02,1.2,19.5,69.8
2026-06-16 04:17:05,JBP,Clear,0.42,6.9,0.6,18.3,59.4
2026-04-22 18:55:06,JBP,Cloudy,0.41,5.25,1.5,22.8,56.2
2026-04-19 15:41:36,JBP,Clear,0.46,6.0,0.1,20.1,37.2
2026-05-19 00:54:08,JBP,Clear,0.43,6.33,1.1,20.8,74.2
2026-06-23 14:21:50,JBP,Clear,0.42,7.33,0.8,24.9,76.3
2026-01-28 10:30:54,JBP,Clear,0.43,5.95,0.4,34.4,58.9
2026-02-23 15:41:45,JBP,Clear,0.33,7.12,0.9,21.7,33.9
2026-05-21 18:43:38,JBP,Clear,0.21,8.65,1.4,36.5,39.7
2026-03-20 22:47:08,JBP,Rain,0.1,8.82,2.7,23.6,71.1
2026-05-05 12:31:33,JBP,Rain,0.27,6.76,2.4,14.2,44.5
2026-03-12 22:15:04,JBP,Fog,0.53,5.65,0.7,29.0,100.0
2026-05-18 21:53:15,JBP,Rain,0.28,6.85,2.9,30.2,58.2
2026-06-21 20:43:42,JBP,Rain,0.09,8.8,6.9,29.2,53.7
2026-04-30 06:28:26,JBP,Cloudy,0.33,7.13,1.3,25.3,72.1
2026-04-03 02:41:24,JBP,Rain,0.22,7.08,2.3,23.1,77.9
2026-04-21 00:40:26,JBP,Rain,0.43,5.22,4.0,36.8,72.6
2026-05-27 16:53:55,JBP,Clear,0.17,8.21,0.8,16.9,80.3
2026-05-07 18:36:17,JBP,Rain,0.23,6.29,5.1,17.1,67.4
2026-02-16 18:32:35,JBP,Cloudy,0.39,6.62,1.1,31.4,68.5
2026-04-02 06:39:41,JBP,Cloudy,0.04,10.45,1.1,26.1,73.8
2026-01-23 20:08:35,JBP,Fog,0.66,4.62,0.0,15.7,95.7
2026-03-08 13:57:30,JBP,Clear,0.24,8.0,1.2,17.2,51.8
2026-02-10 03:10:07,JBP,Cloudy,0.3,9.18,0.8,14.7,49.5
2026-03-19 07:18:53,JBP,Clear,0.13,9.0,0.5,35.3,87.2
2026-03-25 00:09:26,JBP,Clear,0.23,7.94,1.1,16.9,34.5
2026-05-24 20:12:41,JBP,Clear,0.59,5.23,1.3,15.5,68.6
2026-04-05 06:16:51,JBP,Clear,0.11,9.02,0.7,17.4,86.6
2026-03-21 12:08:45,JBP,Rain,0.56,4.84,7.3,29.7,72.5
2026-05-22 23:23:14,JBP,Clear,0.33,6.92,1.4,26.9,83.0
2026-01-02 06:51:13,JBP,Cloudy,0.22,8.64,0.9,12.2,59.2
2026-02-08 10:30:22,JBP,Clear,0.18,8.03,0.7,36.9,80.3
2026-05-12 08:11:28,JBP,Clear,0.25,7.83,0.7,20.2,77.3
2026-06-28 05:51:00,JBP,Clear,0.1,9.37,0.7,23.5,81.7
2026-04-30 22:33:15,JBP,Clear,0.33,7.95,0.8,28.7,36.9
2026-01-30 18:54:06,JBP,Rain,0.08,8.57,15.5,15.4,64.2
2026-03-17 03:23:56,JBP,Clear,0.36,6.87,0.8,18.2,50.8
2026-01-23 12:15:42,JBP,Clear,0.18,8.47,0.1,34.9,66.2
2026-05-30 20:37:54,JBP,Clear,0.33,7.89,0.9,31.2,75.7
2026-01-25 14:15:26,JBP,Clear,0.14,8.87,1.2,23.1,47.0
2026-01-11 10:41:45,JBP,Cloudy,0.06,8.74,0.7,14.9,58.4
2026-06-24 08:29:24,JBP,Clear,0.58,5.55,1.3,28.3,52.6
2026-06-20 23:56:15,JBP,Rain,0.19,8.04,15.0,11.4,81.4
2026-02-06 03:23:20,JBP,Clear,0.38,6.67,0.2,31.3,84.2
2026-03-30 06:32:26,JBP,Cloudy,0.09,8.62,0.8,24.9,42.5
2026-03-26 01:06:40,JBP,Clear,0.31,6.67,0.7,27.9,79.5
2026-03-16 15:58:45,JBP,Cloudy,0.32,7.79,0.6,37.2,42.5
2026-04-27 15:36:42,JBP,Cloudy,0.3,7.08,0.1,33.7,53.3
2026-01-31 10:58:52,JBP,Cloudy,0.27,7.61,0.1,21.1,58.1
2026-01-20 00:43:38,JBP,Fog,0.57,4.81,1.4,28.1,58.2
2026-03-05 21:59:07,JBP,Rain,0.33,5.94,8.8,21.8,75.5
2026-03-11 03:12:11,JBP,Clear,0.29,6.71,0.6,25.8,61.4
2026-06-03 12:48:57,JBP,Rain,0.5,4.49,5.9,27.7,93.2
2026-02-18 06:29:39,JBP,Clear,0.15,8.36,0.4,29.3,93.6
2026-01-09 13:12:45,JBP,Fog,0.42,6.53,0.0,27.9,54.5
2026-04-20 22:36:35,JBP,Fog,0.81,3.83,1.0,32.9,73.2
2026-02-18 23:40:29,JBP,Clear,0.34,6.29,0.8,19.6,40.1
2026-02-28 21:46:21,JBP,Fog,0.53,5.44,1.2,16.6,73.8
2026-04-16 03:49:13,JBP,Clear,0.22,7.91,0.5,27.0,58.4
2026-06-07 06:42:14,JBP,Rain,0.33,5.94,8.6,18.6,95.4
2026-02-12 04:46:06,JBP,Fog,0.55,4.82,0.5,31.9,88.8
2026-06-07 08:14:55,JBP,Cloudy,0.23,7.97,0.3,22.4,65.2
2026-03-02 13:55:02,JBP,Cloudy,0.18,8.36,1.0,27.4,56.1
2026-03-11 21:06:51,JBP,Clear,0.15,9.13,1.2,30.2,53.0
2026-06-13 17:40:41,JBP,Clear,0.48,4.81,1.0,24.9,69.8
2026-04-24 18:18:54,JBP,Clear,0.13,8.83,0.4,17.2,53.7
2026-05-23 21:57:01,JBP,Clear,0.19,8.74,1.3,17.4,80.8
2026-04-27 00:22:51,JBP,Fog,0.63,5.41,1.0,29.0,59.5
2026-05-02 12:26:22,JBP,Clear,0.11,9.34,0.2,34.8,79.6
2026-05-10 20:52:32,JBP,Rain,0.35,5.57,6.7,19.4,65.8
2026-03-17 22:53:29,JBP,Rain,0.25,6.26,11.4,33.0,75.6
2026-05-05 00:58:10,JBP,Clear,0.12,8.91,1.2,32.1,70.4
2026-02-26 11:43:18,JBP,Cloudy,0.25,8.34,1.0,14.7,75.1
2026-03-14 18:13:38,JBP,Clear,0.16,8.71,0.4,38.6,66.3
2026-01-14 22:35:40,JBP,Fog,0.93,2.7,0.3,17.5,88.8
2026-03-15 07:04:56,JBP,Clear,0.39,7.07,0.8,13.5,71.2
2026-02-28 20:15:58,JBP,Clear,0.09,8.9,0.6,33.3,78.2
2026-06-07 01:21:29,JBP,Fog,0.52,5.6,1.0,25.5,52.3
2026-03-08 08:22:11,JBP,Rain,0.45,4.4,2.4,25.7,73.6
2026-05-06 15:35:59,JBP,Rain,0.2,6.59,7.9,24.7,68.8
2026-06-05 05:35:03,JBP,Rain,0.06,8.73,6.5,14.1,64.1
2026-01-29 21:34:06,JBP,Fog,0.67,4.82,1.0,22.9,58.6
2026-03-13 10:42:45,JBP,Clear,0.06,9.6,0.2,22.1,59.2
2026-06-17 19:56:10,JBP,Fog,0.69,4.18,0.0,42.6,93.4
2026-06-16 23:15:42,JBP,Cloudy,0.22,7.57,1.2,38.5,63.2
2026-02-15 09:18:50,JBP,Clear,0.11,8.84,0.5,15.6,56.3
2026-05-05 08:33:23,JBP,Fog,0.62,4.21,1.4,17.4,73.0
2026-02-07 03:15:29,JBP,Fog,0.91,2.75,0.8,34.7,100.0
2026-01-02 22:58:51,JBP,Clear,0.14,8.52,0.2,23.7,72.2
2026-06-25 02:36:52,JBP,Clear,0.13,8.81,1.4,16.9,44.6
2026-06-13 08:38:42,JBP,Cloudy,0.37,6.79,1.4,20.7,69.5
2026-05-12 07:44:11,JBP,Rain,0.34,6.0,4.4,17.7,40.9
2026-03-22 18:41:55,JBP,Clear,0.64,4.68,1.3,24.7,67.1
2026-01-18 12:11:14,JBP,Clear,0.62,4.45,0.8,27.3,91.0
2026-04-19 02:25:04,JBP,Clear,0.48,5.42,0.7,29.8,90.4
2026-04-02 22:47:45,JBP,Clear,0.05,9.56,0.1,24.7,70.7
2026-04-14 19:49:12,JBP,Clear,0.1,9.36,0.7,25.5,58.6
2026-05-12 09:58:45,JBP,Rain,0.55,4.09,1.8,36.2,79.3
2026-06-19 12:08:19,JBP,Cloudy,0.09,9.37,0.7,26.3,94.1
2026-05-31 22:06:45,JBP,Clear,0.18,8.54,0.9,21.8,71.6
2026-05-01 07:47:37,JBP,Cloudy,0.43,6.07,0.1,27.8,89.7
2026-01-13 05:57:17,JBP,Clear,0.25,8.72,1.0,32.8,45.8
2026-03-03 02:57:53,JBP,Fog,0.56,5.24,0.5,37.6,83.9
2026-02-15 21:00:22,JBP,Clear,0.0,9.78,0.1,34.6,49.1
2026-05-11 04:07:40,JBP,Clear,0.25,7.78,1.2,24.3,60.0
2026-03-28 19:51:09,JBP,Clear,0.15,8.18,0.6,14.0,38.1
2026-04-12 16:42:18,JBP,Fog,1.0,2.34,1.3,17.1,50.6
2026-03-25 22:15:51,JBP,Clear,0.22,7.65,1.1,31.9,77.4
2026-05-18 06:49:02,JBP,Cloudy,0.12,8.63,0.4,28.1,86.8
2026-01-24 17:15:45,JBP,Cloudy,0.2,8.95,0.8,23.7,38.8
2026-02-07 11:15:05,JBP,Fog,0.63,3.65,0.4,15.1,53.8
2026-03-17 14:59:14,JBP,Cloudy,0.08,8.95,0.2,22.2,55.0
2026-05-15 07:55:10,JBP,Clear,0.15,8.38,1.1,37.3,54.7
2026-01-10 05:59:10,JBP,Cloudy,0.07,9.23,1.1,30.2,80.8
2026-05-23 21:48:16,JBP,Clear,0.07,9.42,1.2,22.8,65.9
2026-05-26 00:57:47,JBP,Clear,0.18,8.14,1.3,19.2,75.5
2026-02-26 01:31:57,JBP,Clear,0.28,8.31,0.2,15.1,85.8
2026-03-16 01:36:01,JBP,Clear,0.3,7.23,0.5,16.7,59.7
2026-04-28 02:31:00,JBP,Clear,0.57,4.98,1.5,24.0,65.1
2026-06-26 15:53:28,JBP,Rain,0.12,7.99,0.9,28.5,58.1
2026-02-25 04:19:48,JBP,Rain,0.24,7.08,6.2,28.4,55.5
2026-06-30 05:00:21,JBP,Clear,0.21,8.86,1.2,27.9,56.6
2026-03-01 16:24:21,JBP,Clear,0.06,9.19,0.5,21.4,100.0
2026-04-05 21:06:16,JBP,Fog,0.86,2.98,0.2,17.9,42.0
2026-03-14 14:33:40,JBP,Cloudy,0.31,7.35,1.5,29.7,56.3
2026-03-30 02:30:40,JBP,Clear,0.45,6.54,1.0,22.3,65.7
2026-02-23 00:58:08,JBP,Clear,0.36,6.97,0.4,28.2,49.4
2026-06-24 11:52:14,JBP,Clear,0.06,9.76,0.7,27.3,55.3
2026-04-01 12:59:38,JBP,Cloudy,0.22,8.15,0.1,26.4,84.0
2026-03-04 19:54:08,JBP,Cloudy,0.24,8.51,0.6,19.8,95.0
2026-03-04 07:29:35,JBP,Clear,0.31,7.05,0.4,28.0,69.7
2026-05-04 04:18:57,JBP,Clear,0.34,7.07,0.4,11.7,73.6
2026-03-10 03:29:26,JBP,Rain,0.35,6.13,19.5,21.5,57.8
2026-04-18 09:19:15,JBP,Clear,0.25,7.64,1.2,30.0,68.4
2026-01-11 23:27:32,JBP,Clear,0.04,10.04,0.3,32.5,50.8
2026-02-08 23:23:04,JBP,Clear,0.39,6.71,0.8,36.6,100.0
2026-04-04 13:57:22,JBP,Rain,0.17,7.09,4.2,22.5,52.8
2026-06-20 15:12:04,JBP,Clear,0.34,7.19,0.4,24.6,100.0
2026-03-22 06:11:40,JBP,Cloudy,0.02,9.89,0.7,31.8,58.5
2026-06-08 02:56:53,JBP,Clear,0.51,6.03,0.6,21.7,100.0
2026-05-10 16:23:02,JBP,Rain,0.25,6.95,6.0,20.9,52.2
2026-03-24 14:48:25,JBP,Cloudy,0.23,8.3,1.0,27.6,80.3
2026-03-30 17:36:23,JBP,Clear,0.26,8.04,0.6,15.4,46.8
2026-05-16 09:03:24,JBP,Clear,0.39,6.09,0.2,10.6,45.3
2026-04-21 10:06:05,JBP,Cloudy,0.28,7.74,0.8,19.4,64.9
2026-06-07 16:56:15,JBP,Clear,0.46,7.0,0.7,18.9,60.8
2026-03-10 08:10:34,JBP,Cloudy,0.13,9.7,0.3,27.0,73.8
2026-01-09 20:18:01,JBP,Clear,0.01,10.31,0.8,27.6,53.1
2026-02-19 06:47:03,JBP,Clear,0.44,6.3,1.2,13.3,71.2
2026-05-25 02:17:06,JBP,Clear,0.47,5.92,0.3,12.6,80.0
2026-02-23 11:35:48,JBP,Clear,0.19,9.34,1.2,27.6,96.3
2026-04-14 08:39:39,JBP,Clear,0.3,7.45,0.4,19.6,83.4
2026-03-31 15:36:26,JBP,Clear,0.13,8.76,0.6,22.6,97.0
2026-06-11 02:48:15,JBP,Cloudy,0.35,8.04,1.2,25.3,41.8
2026-02-22 14:57:40,JBP,Cloudy,0.65,4.57,0.7,26.9,42.7
2026-03-23 21:12:53,JBP,Fog,0.45,6.29,0.7,21.1,51.2
2026-06-19 14:53:57,JBP,Clear,0.22,7.61,0.8,24.9,57.8
2026-05-15 06:11:25,JBP,Clear,0.18,9.13,1.1,24.7,39.7
2026-02-13 23:23:56,JBP,Clear,0.35,7.71,1.2,18.0,65.7
2026-03-18 18:45:28,JBP,Clear,0.18,8.43,1.1,21.9,55.1
2026-01-18 21:58:31,JBP,Cloudy,0.59,5.49,1.2,31.9,57.1
2026-03-20 18:54:03,JBP,Clear,0.25,7.69,0.4,10.9,79.5
2026-02-27 07:39:46,JBP,Cloudy,0.39,6.58,0.6,37.2,64.4
2026-06-11 19:35:52,JBP,Clear,0.31,6.72,0.8,23.3,77.1
2026-03-04 12:25:55,JBP,Clear,0.21,8.98,0.2,33.1,74.6
2026-05-06 17:25:43,JBP,Clear,0.3,7.5,0.9,11.4,81.3
2026-02-11 12:39:07,JBP,Clear,0.17,8.32,1.3,32.0,48.9
2026-02-27 20:14:48,JBP,Cloudy,0.21,7.91,1.1,2.5,100.0
2026-02-28 10:24:36,JBP,Clear,0.17,9.11,1.4,23.1,73.4
2026-06-13 08:11:42,JBP,Clear,0.22,8.66,1.1,29.7,59.4
2026-04-05 09:14:30,JBP,Clear,0.42,6.93,0.7,27.4,73.2
2026-06-14 05:59:51,JBP,Clear,0.54,5.78,1.2,11.4,49.1
2026-03-14 07:45:39,JBP,Clear,0.64,4.54,0.4,30.6,81.9
2026-01-06 19:03:26,JBP,Clear,0.24,8.25,0.8,29.1,43.7
2026-06-24 20:18:15,JBP,Cloudy,0.41,5.54,0.1,22.1,54.3
2026-06-01 01:53:20,JBP,Clear,0.49,6.02,1.5,25.7,57.3
2026-02-11 16:00:14,JBP,Cloudy,0.12,8.32,0.3,16.0,62.3
2026-06-07 10:20:52,JBP,Clear,0.15,8.7,0.9,35.5,53.7
2026-01-14 05:03:12,JBP,Fog,0.69,4.68,1.3,32.5,84.6
2026-01-26 09:38:49,JBP,Clear,0.32,7.32,0.2,11.5,48.3
2026-04-28 10:27:04,JBP,Rain,0.25,6.86,6.5,22.8,75.1
2026-06-12 06:57:56,JBP,Clear,0.28,7.45,0.4,33.5,34.4
2026-04-21 10:03:43,JBP,Fog,0.51,5.92,0.6,22.0,53.4
2026-05-27 01:28:40,JBP,Clear,0.26,8.12,0.5,24.6,50.9
2026-05-25 01:53:07,JBP,Fog,0.78,3.74,0.8,35.8,77.0
2026-04-06 03:43:40,JBP,Clear,0.18,7.41,1.4,24.0,50.9
2026-06-01 03:39:36,JBP,Rain,0.42,4.81,29.8,44.7,51.4
2026-04-26 00:17:16,JBP,Clear,0.2,7.81,0.9,43.8,65.1
2026-05-07 15:46:35,JBP,Clear,0.46,6.1,0.1,20.8,92.6
2026-01-04 07:31:45,JBP,Fog,0.59,5.25,1.3,34.5,44.8
2026-01-05 02:13:04,JBP,Clear,0.42,6.78,0.3,28.0,86.6
2026-05-10 00:53:49,JBP,Clear,0.38,6.64,1.2,24.1,71.2
2026-05-08 04:35:03,JBP,Rain,0.49,4.8,5.7,29.9,84.2
2026-05-14 00:56:06,JBP,Rain,0.39,5.59,11.4,24.9,78.0
2026-04-18 17:43:58,JBP,Clear,0.36,7.07,1.4,32.7,66.6
2026-02-24 07:16:39,JBP,Rain,0.23,7.29,3.2,25.3,100.0
2026-03-24 02:25:07,JBP,Clear,0.24,7.03,1.1,28.1,93.2
2026-01-11 16:46:55,JBP,Clear,0.44,6.71,0.6,23.8,66.9
2026-03-06 08:53:57,JBP,Clear,0.24,7.48,0.0,27.8,87.3
2026-01-24 14:26:48,JBP,Clear,0.03,9.72,1.3,28.0,74.5
2026-04-20 15:26:32,JBP,Rain,0.42,5.53,4.5,25.8,61.1
2026-06-03 14:55:27,JBP,Clear,0.33,7.34,1.2,4.8,66.6
2026-03-20 02:07:58,JBP,Clear,0.32,6.97,0.5,13.5,100.0
2026-03-24 17:17:41,JBP,Fog,0.58,4.8,0.5,18.5,94.8
2026-05-27 02:01:02,JBP,Cloudy,0.14,9.18,1.3,21.6,65.2
2026-05-07 14:10:26,JBP,Rain,0.32,6.52,10.6,22.4,49.6
2026-03-26 18:32:55,JBP,Clear,0.18,8.65,0.6,8.0,58.3
2026-03-04 09:04:51,JBP,Clear,0.17,8.39,0.3,25.2,68.7
2026-01-03 04:26:28,JBP,Cloudy,0.52,5.23,0.4,18.3,57.1
2026-02-18 04:59:41,JBP,Clear,0.63,5.54,0.2,40.8,56.5
2026-05-11 09:56:01,JBP,Clear,0.44,6.38,0.4,23.8,84.5
2026-06-22 03:40:37,JBP,Fog,0.85,2.56,0.5,30.2,61.8
2026-06-07 11:49:45,JBP,Fog,0.56,5.04,0.0,26.4,97.8
2026-05-21 03:06:20,JBP,Clear,0.31,7.7,1.5,30.8,68.4
2026-01-23 16:46:46,JBP,Rain,0.39,4.92,9.5,32.9,91.1
2026-05-04 04:30:05,JBP,Clear,0.23,8.47,0.9,36.5,54.8
2026-03-01 22:25:52,JBP,Cloudy,0.31,7.35,0.9,27.9,63.4
2026-03-18 14:12:17,JBP,Clear,0.17,7.57,0.5,28.7,62.1
2026-05-16 01:39:10,JBP,Cloudy,0.39,7.06,1.1,19.8,50.2
2026-02-18 08:14:37,JBP,Clear,0.09,9.58,0.5,31.0,65.6
2026-04-09 08:51:42,JBP,Fog,0.89,2.01,0.8,17.9,49.5
2026-02-23 05:43:51,JBP,Clear,0.31,7.6,0.1,25.1,37.2
2026-03-25 20:01:40,JBP,Clear,0.05,9.34,1.3,26.8,87.9
2026-06-06 11:19:44,JBP,Fog,0.9,2.43,0.8,16.1,80.9
2026-06-15 11:53:12,JBP,Cloudy,0.39,6.84,1.5,19.7,66.1
2026-03-18 04:21:20,JBP,Cloudy,0.45,6.45,0.6,33.1,62.9
2026-04-09 21:58:50,JBP,Clear,0.13,8.48,0.0,27.9,71.9
2026-02-02 07:03:03,JBP,Clear,0.04,10.0,1.5,17.0,31.3
2026-06-30 16:45:28,JBP,Cloudy,0.32,7.29,1.5,23.8,63.3
2026-05-28 13:08:31,JBP,Cloudy,0.23,8.18,0.6,29.3,58.9
2026-04-19 19:42:58,JBP,Clear,0.47,5.15,1.4,31.5,41.7
2026-01-08 01:30:38,JBP,Clear,0.18,8.68,1.2,23.5,52.8
2026-03-01 07:01:59,JBP,Clear,0.2,7.67,0.5,28.4,59.7
2026-01-22 19:37:41,JBP,Clear,0.07,8.76,0.7,14.0,66.5
2026-02-27 12:37:06,JBP,Cloudy,0.57,4.77,0.5,34.2,62.8
2026-06-23 10:58:26,JBP,Fog,0.55,5.18,0.3,33.8,99.8
2026-06-09 21:18:03,JBP,Cloudy,0.13,8.96,1.3,14.2,77.9
2026-06-16 02:53:27,JBP,Fog,0.41,6.44,1.3,27.2,70.2
2026-03-19 06:56:59,JBP,Clear,0.24,8.02,0.7,27.0,58.0
2026-04-19 15:56:18,JBP,Clear,0.47,5.56,0.9,17.0,62.4
2026-01-01 00:05:49,JBP,Clear,0.25,8.44,0.8,14.6,85.5
2026-04-13 07:22:17,JBP,Clear,0.42,6.01,1.1,15.6,70.2
2026-06-12 14:26:05,JBP,Clear,0.07,8.82,1.3,25.3,51.9
2026-02-21 13:44:15,JBP,Clear,0.1,8.83,0.8,35.6,83.1
2026-03-02 16:32:55,JBP,Clear,0.04,10.17,1.3,17.7,50.2
2026-05-24 20:14:33,JBP,Clear,0.27,7.7,1.4,35.5,38.3
2026-05-24 02:34:12,JBP,Clear,0.2,8.89,0.1,26.9,78.7
2026-01-12 17:40:44,JBP,Cloudy,0.35,7.25,0.1,32.7,86.6
2026-03-27 17:55:28,JBP,Clear,0.39,6.13,1.3,25.3,100.0
2026-02-25 20:44:04,JBP,Clear,0.25,8.69,1.4,14.8,76.3
2026-02-22 13:14:42,JBP,Clear,0.56,5.82,0.8,5.1,72.3
2026-02-09 02:35:53,JBP,Clear,0.14,8.7,0.9,19.9,31.4
2026-01-06 22:20:26,JBP,Cloudy,0.14,8.73,0.9,34.8,59.2
2026-04-05 23:48:30,JBP,Clear,0.4,7.2,1.0,21.7,54.6
2026-05-13 05:25:19,JBP,Clear,0.39,6.51,0.5,31.9,74.7
2026-06-20 20:06:48,JBP,Fog,0.47,6.36,0.1,28.2,96.2
2026-01-18 14:57:54,JBP,Clear,0.08,9.52,1.5,16.1,45.2
2026-05-17 22:23:09,JBP,Fog,0.59,5.16,0.1,15.9,61.9
2026-01-18 15:06:11,JBP,Clear,0.34,7.08,0.8,26.9,73.6
2026-02-10 14:30:57,JBP,Clear,0.25,8.44,0.3,25.6,64.0
2026-03-28 09:42:34,JBP,Clear,0.57,5.2,0.5,24.6,59.5
2026-03-27 23:35:49,JBP,Cloudy,0.13,9.62,0.8,19.4,46.7
2026-03-19 20:04:05,JBP,Clear,0.05,8.71,1.3,16.0,46.2
2026-06-24 18:51:05,JBP,Cloudy,0.53,5.47,1.2,27.5,76.5
2026-04-05 00:08:45,JBP,Clear,0.32,7.4,1.4,17.8,81.3
2026-01-22 21:12:58,JBP,Rain,0.3,6.06,22.7,20.4,63.4
2026-04-08 04:42:43,JBP,Clear,0.45,6.88,1.0,26.6,72.9
2026-05-03 23:44:37,JBP,Clear,0.46,4.76,0.6,20.6,66.0
2026-06-09 23:51:16,JBP,Clear,0.34,6.61,0.4,24.1,67.2
2026-01-17 10:39:47,JBP,Clear,0.27,7.85,1.1,34.8,62.7
2026-04-19 16:53:07,JBP,Clear,0.53,4.43,0.2,13.6,66.4
2026-06-25 18:29:29,JBP,Clear,0.44,6.39,0.1,17.0,73.3
2026-06-16 05:32:16,JBP,Clear,0.14,8.65,1.1,26.6,60.1
2026-03-27 22:30:51,JBP,Fog,0.52,5.76,1.4,29.1,81.3
2026-06-18 04:53:16,JBP,Rain,0.34,6.54,6.4,24.5,35.7
2026-04-24 21:40:08,JBP,Clear,0.07,9.62,0.1,26.9,62.1
2026-03-13 19:39:51,JBP,Clear,0.54,5.34,0.0,23.8,91.4
2026-01-25 07:25:34,JBP,Cloudy,0.1,8.83,0.3,27.1,65.3
2026-06-07 07:15:15,JBP,Clear,0.1,8.74,0.9,38.4,58.5
2026-05-14 20:04:29,JBP,Cloudy,0.35,7.81,0.8,16.8,53.2
2026-04-23 03:26:29,JBP,Clear,0.32,6.93,0.0,28.0,59.6
2026-06-17 07:22:05,JBP,Clear,0.45,6.4,1.1,16.3,80.7
2026-06-13 04:39:08,JBP,Rain,0.37,5.03,8.0,25.0,76.6
2026-05-27 11:50:15,JBP,Cloudy,0.34,7.09,0.5,34.5,76.5
2026-04-26 01:32:34,JBP,Cloudy,0.14,8.6,1.4,28.0,84.9
2026-03-15 09:06:12,JBP,Fog,0.5,5.64,0.7,33.3,96.3
2026-01-13 20:55:47,JBP,Clear,0.26,7.43,1.3,15.8,61.6
2026-05-14 22:22:45,JBP,Clear,0.42,6.89,0.4,18.2,70.3
2026-05-30 22:01:06,JBP,Fog,0.38,7.51,1.5,19.0,86.8
2026-03-18 01:47:11,JBP,Clear,0.37,6.44,1.2,25.4,36.7
2026-04-29 21:26:32,JBP,Clear,0.36,7.62,0.8,27.8,84.7
2026-04-09 02:16:46,JBP,Rain,0.15,7.8,7.0,33.0,47.2
2026-01-26 10:11:23,JBP,Rain,0.17,7.33,2.3,27.8,88.8
2026-01-21 18:52:53,JBP,Clear,0.36,7.09,0.4,26.5,89.3
2026-03-08 19:24:43,JBP,Cloudy,0.3,6.9,1.4,35.3,75.4
2026-02-23 12:55:41,JBP,Cloudy,0.42,6.42,1.0,37.2,41.3
2026-06-12 04:13:04,JBP,Clear,0.3,8.13,1.0,30.7,71.8
2026-06-11 23:32:06,JBP,Clear,0.27,7.55,0.6,23.3,75.9
2026-04-06 00:37:28,JBP,Clear,0.32,7.64,0.4,21.8,27.7
2026-01-05 21:56:52,JBP,Fog,0.4,6.12,0.5,27.5,30.7
2026-03-13 23:03:20,JBP,Fog,0.61,4.89,0.6,22.5,57.0
2026-06-28 08:11:36,JBP,Clear,0.16,8.54,0.2,19.6,74.4
2026-02-09 20:05:22,JBP,Rain,0.3,6.87,3.3,21.1,27.9
2026-03-03 04:32:50,JBP,Clear,0.13,8.26,1.1,10.6,67.2
2026-04-22 11:43:01,JBP,Rain,0.19,6.92,10.0,14.6,51.8
2026-05-03 10:20:01,JBP,Rain,0.11,7.29,12.4,27.1,46.3
2026-03-10 01:51:42,JBP,Clear,0.45,5.62,0.1,26.9,81.8
2026-01-10 05:06:35,JBP,Clear,0.64,5.49,1.1,19.8,68.1
2026-01-12 02:23:22,JBP,Clear,0.44,6.46,1.1,34.6,74.4
2026-03-19 14:02:27,JBP,Cloudy,0.27,7.48,1.5,30.9,61.3
2026-02-25 19:20:07,JBP,Rain,0.26,6.86,11.5,21.8,53.5
2026-05-14 07:44:37,JBP,Clear,0.31,7.61,0.5,31.6,35.3
2026-04-23 03:38:10,JBP,Cloudy,0.28,7.77,1.4,19.9,47.5
2026-03-06 16:14:39,JBP,Cloudy,0.17,9.2,0.5,21.6,62.8
2026-01-04 01:58:15,JBP,Cloudy,0.13,8.59,0.4,28.6,55.8
2026-05-05 09:16:35,JBP,Clear,0.25,8.68,0.6,23.0,33.1
2026-01-24 04:08:34,JBP,Clear,0.24,7.81,0.0,25.6,69.1
2026-05-17 07:07:18,JBP,Cloudy,0.65,4.26,0.5,31.4,66.0
2026-05-05 13:04:33,JBP,Clear,0.37,6.59,1.5,45.4,67.6
2026-01-05 20:55:34,JBP,Rain,0.14,7.24,3.3,15.9,50.8
2026-05-29 08:39:12,JBP,Clear,0.36,6.81,1.3,18.5,73.1
2026-05-31 18:30:52,JBP,Clear,0.16,8.28,0.1,33.8,35.2
2026-05-04 19:20:34,JBP,Clear,0.13,9.21,0.3,18.1,50.6
2026-04-24 17:42:37,JBP,Fog,0.82,2.23,0.2,30.1,99.5
2026-04-11 02:48:42,JBP,Rain,0.36,5.61,4.6,18.8,38.7
2026-02-20 10:24:59,JBP,Cloudy,0.19,8.88,1.3,14.0,44.8
2026-05-23 03:08:09,JBP,Rain,0.06,8.24,3.2,37.8,72.4
2026-05-02 21:55:14,JBP,Clear,0.12,9.16,1.4,18.9,67.4
2026-06-22 03:25:43,JBP,Rain,0.3,5.78,6.6,25.9,94.9
2026-05-20 12:43:43,JBP,Fog,0.37,6.21,1.5,22.7,58.5
2026-01-24 10:38:39,JBP,Clear,0.14,8.92,0.8,25.5,85.6
2026-03-09 23:54:34,JBP,Cloudy,0.44,7.3,0.0,11.9,90.2
2026-05-28 15:05:58,JBP,Cloudy,0.1,9.32,0.8,33.4,73.4
2026-01-03 13:06:46,JBP,Clear,0.54,5.91,0.1,15.9,52.4
2026-01-15 23:47:41,JBP,Clear,0.27,6.89,0.1,22.9,84.4
2026-02-20 02:45:00,JBP,Clear,0.17,8.13,0.4,30.7,49.3
2026-05-30 02:42:44,JBP,Clear,0.54,5.45,0.5,35.2,79.3
2026-04-26 08:46:34,JBP,Clear,0.55,4.86,1.2,16.8,51.5
2026-03-11 13:10:35,JBP,Clear,0.15,7.8,0.2,20.8,95.1
2026-01-20 07:19:31,JBP,Clear,0.14,8.57,1.2,19.5,35.3
2026-03-30 22:22:45,JBP,Clear,0.14,9.0,0.1,4.8,49.6
2026-06-21 08:52:18,JBP,Clear,0.24,8.41,1.0,22.9,74.0
2026-05-23 15:29:35,JBP,Rain,0.02,8.53,14.2,6.8,64.5
2026-04-01 06:00:49,JBP,Clear,0.17,9.92,0.1,18.2,28.4
2026-01-22 04:19:14,JBP,Clear,0.1,8.92,0.1,18.1,100.0
2026-05-20 07:02:19,JBP,Rain,0.16,7.76,6.8,25.7,98.9
2026-01-27 23:04:19,JBP,Clear,0.51,5.36,1.0,17.3,59.9
2026-01-25 02:06:24,JBP,Clear,0.3,7.31,1.0,7.1,62.5
2026-04-15 16:14:13,JBP,Clear,0.61,4.26,0.7,28.1,100.0
2026-06-02 16:59:35,JBP,Clear,0.33,6.67,0.9,25.9,37.1
2026-03-28 20:59:08,JBP,Rain,0.13,7.55,6.9,33.6,71.7
2026-06-26 18:27:13,JBP,Rain,0.1,7.48,6.4,8.2,70.1
2026-04-25 19:38:39,JBP,Clear,0.28,8.1,1.1,34.1,35.6
2026-04-05 03:18:16,JBP,Clear,0.35,7.5,1.0,33.1,96.3
2026-05-15 17:20:36,JBP,Cloudy,0.57,5.23,0.6,15.6,36.8
2026-03-10 09:51:56,JBP,Cloudy,0.17,8.55,0.5,33.7,57.4
2026-01-14 20:20:29,JBP,Clear,0.43,5.93,0.3,36.2,67.1
2026-06-08 03:51:24,JBP,Fog,0.54,4.96,0.2,27.1,57.8
2026-01-13 02:48:26,JBP,Cloudy,0.12,9.19,1.4,19.6,72.7
2026-03-15 02:42:04,JBP,Fog,0.58,4.81,0.3,12.9,57.5
2026-03-27 16:41:21,JBP,Rain,0.42,5.64,8.6,34.8,86.9
2026-01-08 09:54:41,JBP,Clear,0.22,8.17,1.3,27.4,37.1
2026-05-18 17:01:06,JBP,Clear,0.19,8.53,1.5,15.7,70.1
2026-03-27 18:05:44,JBP,Fog,0.54,5.14,0.3,35.1,83.9
2026-02-21 13:38:29,JBP,Clear,0.46,5.4,1.4,26.5,47.4
2026-02-13 05:27:10,JBP,Clear,0.48,5.77,0.9,8.9,70.6
2026-03-17 00:37:40,JBP,Cloudy,0.33,7.82,1.3,29.0,92.0
2026-06-16 19:05:54,JBP,Clear,0.08,9.42,1.3,11.9,49.8
2026-06-08 00:16:25,JBP,Clear,0.17,8.63,1.0,42.6,77.9
2026-03-20 20:28:01,JBP,Clear,0.53,4.99,0.1,21.8,49.7
2026-05-12 06:06:57,JBP,Clear,0.14,8.43,0.5,20.1,73.2
2026-02-08 16:53:05,JBP,Fog,0.5,5.37,1.2,28.7,52.8
2026-03-05 05:32:27,JBP,Clear,0.46,5.73,1.4,27.9,78.3
2026-04-17 19:51:21,JBP,Cloudy,0.1,8.92,0.8,15.4,37.3
2026-06-09 18:23:50,JBP,Cloudy,0.1,8.81,0.3,24.1,61.6
2026-04-11 08:18:45,JBP,Rain,0.22,6.32,5.5,21.3,57.6
2026-06-19 08:39:55,JBP,Fog,0.39,6.79,0.3,24.1,69.4
2026-05-18 01:58:05,JBP,Rain,0.39,5.49,3.5,17.1,62.6
2026-03-18 14:39:57,JBP,Cloudy,0.53,5.77,0.9,28.8,65.5
2026-03-01 04:18:53,JBP,Cloudy,0.51,6.26,1.1,12.3,53.7
2026-06-10 10:00:52,JBP,Clear,0.26,7.89,0.3,15.8,42.2
2026-06-26 17:28:53,JBP,Clear,0.32,7.08,0.6,26.1,89.4
2026-01-01 06:45:41,JBP,Cloudy,0.23,8.42,1.5,17.0,91.8
2026-05-30 09:47:13,JBP,Cloudy,0.34,6.41,0.5,20.5,58.0
2026-02-02 05:55:36,JBP,Rain,0.31,5.59,11.8,11.5,82.3
2026-01-12 04:17:24,JBP,Clear,0.44,6.14,0.6,15.1,100.0
2026-01-19 04:21:13,JBP,Cloudy,0.31,6.96,0.5,12.4,40.9
2026-02-14 03:16:21,JBP,Clear,0.27,8.85,1.2,28.4,67.0
2026-05-24 00:11:52,JBP,Clear,0.22,7.2,1.1,15.8,56.9
2026-01-11 19:51:53,JBP,Fog,0.48,5.69,0.2,18.4,65.7
2026-03-16 14:40:03,JBP,Clear,0.18,8.69,0.9,25.8,66.5
2026-03-02 13:40:16,JBP,Cloudy,0.24,8.78,0.6,23.8,70.3
2026-03-09 03:30:32,JBP,Rain,0.25,6.01,6.3,17.7,84.8
2026-04-13 05:49:58,JBP,Clear,0.38,6.84,1.4,23.2,51.9
2026-06-30 21:30:50,JBP,Clear,0.19,8.31,1.3,16.2,78.6
2026-05-20 23:33:02,JBP,Clear,0.33,7.78,0.5,38.8,86.7
2026-01-07 18:38:26,JBP,Fog,0.61,5.32,1.3,35.8,85.6
2026-02-21 12:03:26,JBP,Rain,0.27,5.88,5.2,34.0,80.5
2026-01-31 14:41:01,JBP,Clear,0.32,7.47,0.3,19.0,92.6
2026-01-31 11:45:04,JBP,Clear,0.46,5.64,1.4,-1.0,47.3
2026-05-26 12:22:38,JBP,Clear,0.39,6.13,0.9,23.2,77.9
2026-03-02 01:32:28,JBP,Cloudy,0.19,8.8,1.0,20.6,70.9
2026-06-22 23:22:47,JBP,Clear,0.13,9.11,1.1,25.8,86.8
2026-06-24 22:26:12,JBP,Clear,0.25,8.26,0.2,30.5,63.7
2026-02-21 05:59:39,JBP,Fog,0.39,6.55,0.2,27.0,72.7
2026-05-23 00:34:34,JBP,Clear,0.55,5.36,0.6,18.4,86.6
2026-03-09 17:42:47,JBP,Fog,0.7,3.88,0.4,38.5,79.3
2026-05-01 14:56:32,JBP,Fog,0.54,6.1,0.2,22.2,70.9
2026-02-06 01:23:24,JBP,Clear,0.11,9.42,0.7,22.7,56.8
2026-06-17 22:35:57,JBP,Clear,0.19,9.03,0.7,22.6,64.7
2026-02-10 16:19:16,JBP,Clear,0.2,8.03,0.4,20.8,75.2
2026-06-02 16:00:42,JBP,Clear,0.23,7.96,0.1,27.4,69.6
2026-01-11 19:42:21,JBP,Clear,0.11,9.97,1.1,32.0,76.7
2026-03-10 05:38:09,JBP,Clear,0.34,6.74,1.3,20.7,78.1
2026-01-19 11:44:58,JBP,Clear,0.49,5.93,0.5,16.5,79.6
2026-01-17 01:05:27,JBP,Clear,0.07,10.05,0.9,13.2,52.8
2026-03-25 07:01:14,JBP,Cloudy,0.39,6.5,1.4,20.6,45.7
2026-02-20 23:49:09,JBP,Clear,0.07,9.05,0.3,23.7,76.1
2026-02-13 20:37:12,JBP,Fog,0.55,5.1,0.1,13.5,66.6
2026-01-30 18:07:48,JBP,Cloudy,0.09,9.75,0.5,18.8,54.6
2026-05-12 00:34:03,JBP,Rain,0.06,8.22,10.3,15.8,55.9
2026-03-09 02:23:16,JBP,Clear,0.05,10.35,0.3,40.5,71.0
2026-06-07 02:15:03,JBP,Fog,0.96,2.36,0.1,57.6,77.3
2026-01-05 07:18:28,JBP,Rain,0.15,7.46,2.5,19.4,81.2
2026-06-26 15:57:11,JBP,Cloudy,0.16,8.69,0.6,28.1,71.4
2026-03-06 17:40:16,JBP,Cloudy,0.5,5.53,0.6,32.0,81.9
2026-05-18 20:53:14,JBP,Clear,0.41,7.23,1.2,24.2,66.6
2026-05-03 04:24:26,JBP,Clear,0.27,7.71,0.5,16.4,99.1
2026-06-07 05:31:06,JBP,Fog,0.83,3.02,0.4,26.1,56.6
2026-05-19 10:11:16,JBP,Cloudy,0.51,4.77,0.6,31.5,54.8
2026-04-26 21:48:25,JBP,Clear,0.47,6.3,0.8,25.8,89.4
2026-03-06 09:00:49,JBP,Cloudy,0.1,8.71,0.8,6.1,82.3
2026-05-01 10:46:29,JBP,Clear,0.23,8.39,1.3,33.9,62.8
2026-03-17 15:08:10,JBP,Fog,0.67,4.75,1.1,21.8,50.9
2026-02-13 15:10:50,JBP,Rain,0.1,8.67,2.4,15.7,53.3
2026-06-04 12:37:35,JBP,Clear,0.52,5.94,0.8,22.2,55.9
2026-05-10 07:31:53,JBP,Cloudy,0.48,6.75,0.3,22.5,48.4
2026-04-09 19:56:03,JBP,Clear,0.24,7.51,0.9,34.3,97.7
2026-01-25 08:27:04,JBP,Clear,0.24,6.87,1.3,26.2,44.1
2026-01-22 03:28:46,JBP,Cloudy,0.32,7.46,1.4,14.4,67.4
2026-05-17 11:20:43,JBP,Cloudy,0.21,8.83,1.5,42.4,71.9
2026-02-05 04:47:29,JBP,Clear,0.19,8.64,0.5,33.1,87.5
2026-05-16 15:12:55,JBP,Clear,0.32,6.89,0.3,26.9,40.4
2026-06-21 07:18:48,JBP,Rain,0.56,4.0,1.1,14.2,55.0
2026-06-06 00:22:56,JBP,Rain,0.14,7.71,15.9,24.3,59.3
2026-03-20 23:57:35,JBP,Clear,0.17,8.76,0.9,16.1,62.5
2026-03-05 21:19:34,JBP,Clear,0.34,6.85,1.2,14.4,58.2
2026-01-30 05:43:55,JBP,Clear,0.44,6.41,0.5,18.5,57.6
2026-05-16 02:49:16,JBP,Fog,0.89,1.82,0.1,27.2,69.0
2026-02-07 10:49:11,JBP,Cloudy,0.1,9.8,0.3,29.3,65.2
2026-02-17 01:17:06,JBP,Clear,0.38,7.15,0.8,39.1,86.8
2026-04-30 23:22:44,JBP,Clear,0.24,7.41,1.1,18.6,33.4
2026-04-17 16:37:50,JBP,Cloudy,0.52,5.03,1.2,16.8,82.2
2026-05-30 17:20:07,JBP,Clear,0.13,8.91,1.2,12.5,43.9
2026-05-11 04:56:30,JBP,Cloudy,0.25,8.08,1.1,17.9,97.4
2026-05-07 11:49:40,JBP,Clear,0.27,7.86,0.3,25.3,73.6
2026-06-30 00:51:20,JBP,Rain,0.15,6.68,4.8,25.3,44.2
2026-02-22 10:51:55,JBP,Clear,0.11,8.82,0.8,21.9,96.8
2026-05-27 00:34:34,JBP,Fog,0.78,3.4,0.9,16.4,45.0
2026-03-09 05:41:32,JBP,Clear,0.26,7.83,0.6,37.4,68.3
2026-01-19 03:47:50,JBP,Cloudy,0.39,6.71,0.7,21.8,62.1
2026-05-11 05:37:09,JBP,Clear,0.36,7.09,0.5,27.9,73.8
2026-05-05 05:29:43,JBP,Clear,0.2,7.39,0.5,34.3,42.9
2026-03-15 13:59:45,JBP,Clear,0.57,5.54,0.1,40.0,57.4
2026-05-31 20:26:15,JBP,Rain,0.05,9.13,17.9,20.4,73.7
2026-05-13 22:27:53,JBP,Clear,0.52,5.18,0.2,24.5,46.9
2026-06-29 05:26:43,JBP,Clear,0.44,5.96,1.1,20.3,60.8
2026-05-29 11:15:14,JBP,Clear,0.33,6.99,0.7,24.3,96.2
2026-01-16 13:31:26,JBP,Cloudy,0.16,8.45,0.3,13.5,33.0
2026-05-12 09:41:24,JBP,Clear,0.07,9.09,1.1,28.6,50.6
2026-01-16 06:10:26,JBP,Clear,0.21,8.22,0.8,14.5,27.7
2026-06-07 20:26:09,JBP,Clear,0.33,7.07,1.4,17.3,53.2
2026-01-18 15:27:03,JBP,Clear,0.07,9.86,0.4,26.3,65.0
2026-03-22 11:59:44,JBP,Cloudy,0.34,7.44,0.8,14.2,71.8
2026-03-09 15:09:59,JBP,Rain,0.32,6.09,10.8,28.7,71.6
2026-01-27 03:54:45,JBP,Clear,0.36,6.99,0.9,22.0,67.1
2026-01-06 11:51:11,JBP,Clear,0.4,7.3,1.2,25.5,100.0
2026-05-19 11:28:32,JBP,Cloudy,0.32,7.38,0.6,33.5,71.0
2026-06-06 02:41:32,JBP,Clear,0.02,10.02,0.7,15.9,65.1
2026-04-25 15:46:31,JBP,Fog,0.73,3.56,0.4,30.8,51.1
2026-06-05 04:52:43,JBP,Fog,0.74,4.08,0.1,25.0,62.3
2026-04-25 10:26:49,JBP,Clear,0.29,7.42,1.2,28.4,89.0
2026-04-28 01:33:05,JBP,Clear,0.27,7.51,0.5,27.9,73.8
2026-03-16 20:55:07,JBP,Cloudy,0.06,9.36,0.6,21.0,49.3
2026-01-05 05:09:25,JBP,Cloudy,0.2,9.11,0.0,28.2,67.9
2026-05-19 07:53:06,JBP,Fog,0.57,4.68,0.5,13.9,52.8
2026-05-19 11:27:59,JBP,Clear,0.53,5.32,1.2,17.8,88.3
2026-05-03 00:24:39,JBP,Fog,0.68,4.75,0.9,30.6,100.0
2026-04-19 16:52:34,JBP,Clear,0.36,7.38,1.4,11.1,80.2
2026-02-20 08:18:00,JBP,Clear,0.22,8.78,1.5,18.4,70.0
2026-02-02 06:53:08,JBP,Clear,0.14,8.25,1.2,15.5,72.2
2026-01-06 20:41:34,JBP,Clear,0.72,3.4,0.1,23.4,58.5
2026-02-19 04:57:13,JBP,Clear,0.23,7.95,0.2,26.5,58.3
2026-04-11 02:57:59,JBP,Clear,0.19,8.66,0.6,14.9,52.1
2026-06-07 23:11:17,JBP,Fog,0.39,7.21,0.3,24.6,45.4
2026-05-30 07:32:01,JBP,Clear,0.47,6.35,0.4,11.9,51.6
2026-02-05 19:22:01,JBP,Clear,0.13,9.31,0.5,22.0,56.1
2026-04-19 15:13:01,JBP,Clear,0.05,9.92,0.3,26.9,63.7
2026-03-14 12:38:21,JBP,Clear,0.51,6.21,1.1,25.9,40.9
2026-01-13 10:04:53,JBP,Clear,0.4,6.11,1.5,20.5,86.0
2026-03-01 23:43:36,JBP,Fog,0.52,4.89,0.8,28.8,98.2
2026-05-10 12:23:55,JBP,Clear,0.28,7.59,0.4,22.0,52.7
2026-01-09 15:40:59,JBP,Clear,0.52,5.39,0.7,21.2,84.2
2026-03-17 00:38:52,JBP,Cloudy,0.35,7.62,1.3,25.9,53.6
2026-04-11 03:28:51,JBP,Clear,0.25,7.2,0.2,22.6,50.0
2026-01-03 14:36:21,JBP,Clear,0.31,7.09,0.3,25.8,67.6
2026-03-30 20:52:22,JBP,Rain,0.35,5.98,8.1,7.5,56.9
2026-03-20 05:23:10,JBP,Fog,0.59,4.94,0.7,17.0,69.2
2026-05-03 12:13:42,JBP,Clear,0.1,9.15,1.2,16.0,68.7
2026-05-13 16:54:47,JBP,Clear,0.1,8.97,0.0,19.6,58.3
2026-02-14 16:14:56,JBP,Clear,0.02,10.17,1.3,19.8,52.6
2026-06-12 16:34:17,JBP,Cloudy,0.18,8.6,0.7,37.7,83.0
2026-06-30 02:12:13,JBP,Clear,0.08,8.98,0.6,37.4,52.2
2026-01-13 11:04:18,JBP,Clear,0.64,4.04,0.7,13.7,66.6
2026-02-03 15:27:13,JBP,Clear,0.12,9.12,1.5,23.1,40.3
2026-06-23 05:02:27,JBP,Fog,0.61,5.2,1.2,41.2,42.7
2026-02-04 18:51:02,JBP,Clear,0.53,5.6,0.4,46.3,100.0
2026-02-23 12:48:33,JBP,Clear,0.51,5.61,0.9,18.8,79.3
2026-05-21 19:45:41,JBP,Cloudy,0.33,6.99,1.1,41.4,37.2
2026-06-22 16:23:47,JBP,Clear,0.34,7.1,0.2,14.8,57.2
2026-06-29 12:23:43,JBP,Clear,0.5,6.29,0.8,19.9,82.4
2026-05-07 15:16:57,JBP,Clear,0.46,5.72,0.3,23.3,79.9
2026-02-13 03:17:06,JBP,Clear,0.45,6.21,0.4,31.5,68.2
2026-04-30 21:28:13,JBP,Clear,0.32,7.47,0.1,22.3,89.2
2026-04-10 22:18:27,JBP,Clear,0.27,7.97,0.2,12.8,56.3
2026-04-28 09:15:03,JBP,Clear,0.43,6.18,0.6,30.0,56.3
2026-03-13 12:47:38,JBP,Clear,0.3,8.29,1.2,13.5,78.7
2026-05-17 12:45:12,JBP,Clear,0.1,9.04,1.1,5.1,68.0
2026-05-09 22:55:25,JBP,Clear,0.23,7.84,0.1,41.4,49.2
2026-05-03 14:27:39,JBP,Clear,0.32,6.61,0.5,20.3,88.4
2026-04-23 04:11:32,JBP,Fog,0.47,6.09,1.1,37.3,71.2
2026-04-17 00:38:50,JBP,Clear,0.26,7.3,1.1,29.7,81.5
2026-05-06 06:35:57,JBP,Clear,0.46,6.39,0.8,15.3,79.9
2026-06-15 23:16:48,JBP,Clear,0.28,7.2,0.4,25.5,41.4
2026-03-02 05:02:10,JBP,Clear,0.16,8.86,0.9,10.4,53.2
2026-01-27 10:42:01,JBP,Clear,0.08,9.31,0.5,37.5,100.0
2026-02-08 01:57:42,JBP,Clear,0.53,5.01,0.4,13.7,60.4
2026-05-19 22:52:20,JBP,Fog,1.0,1.61,1.2,16.9,87.9
2026-04-11 23:57:35,JBP,Clear,0.23,8.68,0.7,30.6,70.5
2026-01-21 09:47:34,JBP,Clear,0.26,7.78,0.3,24.4,79.7
2026-04-05 11:24:51,JBP,Clear,0.28,7.38,0.2,31.8,80.8
2026-05-08 01:42:53,JBP,Clear,0.57,4.92,0.8,39.4,51.8
2026-01-17 03:11:11,JBP,Cloudy,0.32,7.71,1.2,20.7,53.8
2026-03-31 22:41:09,JBP,Clear,0.46,6.41,1.1,22.6,45.2
2026-06-05 16:58:14,JBP,Clear,0.37,6.9,1.4,20.5,66.3
2026-01-10 23:38:37,JBP,Clear,0.43,6.26,0.3,23.4,54.0
2026-02-21 21:03:28,JBP,Clear,0.61,5.25,0.7,24.7,94.3
2026-03-01 15:57:44,JBP,Clear,0.15,8.18,1.3,35.8,58.3
2026-05-28 11:00:20,JBP,Clear,0.14,8.79,1.0,20.9,43.3
2026-06-01 20:48:58,JBP,Clear,0.15,8.58,0.9,38.7,72.3
2026-03-29 06:06:30,JBP,Clear,0.16,8.85,1.2,19.4,60.2
2026-06-06 13:27:58,JBP,Fog,0.5,5.96,0.4,24.9,86.8
2026-02-01 20:40:41,JBP,Fog,0.88,2.23,0.3,35.9,84.1
2026-02-01 02:50:19,JBP,Clear,0.28,7.96,0.8,28.0,86.5
2026-01-28 07:49:34,JBP,Clear,0.26,7.92,1.4,31.5,48.4
2026-01-21 02:17:14,JBP,Clear,0.4,6.71,0.1,19.4,63.8
2026-04-04 08:53:46,JBP,Clear,0.2,8.54,0.9,16.8,73.2
2026-05-16 09:17:47,JBP,Clear,0.04,9.81,1.3,26.4,66.9
2026-06-27 07:36:23,JBP,Clear,0.03,9.05,1.0,19.6,43.5
2026-01-09 19:22:36,JBP,Clear,0.19,9.04,1.3,23.3,51.8
2026-03-10 07:45:21,JBP,Clear,0.15,8.97,0.6,23.8,47.1
2026-01-18 05:00:58,JBP,Clear,0.13,8.78,1.4,23.3,80.1
2026-06-15 04:36:29,JBP,Rain,0.43,4.98,15.2,12.5,43.8
2026-02-20 11:57:26,JBP,Clear,0.36,6.61,0.7,45.2,70.1
2026-02-18 04:01:47,JBP,Rain,0.37,5.15,7.6,30.2,80.0
2026-04-09 09:50:07,JBP,Cloudy,0.4,6.78,0.4,8.2,83.3
2026-03-05 04:40:23,JBP,Clear,0.35,7.56,1.4,23.9,59.3
2026-04-26 00:38:58,JBP,Cloudy,0.57,5.73,0.3,37.0,59.4
2026-04-07 04:45:16,JBP,Clear,0.4,6.68,0.4,14.8,55.6
2026-04-03 09:31:43,JBP,Clear,0.16,8.59,1.3,29.0,48.1
2026-01-28 02:57:09,JBP,Clear,0.3,7.42,0.7,29.5,44.9
2026-06-03 16:54:31,JBP,Clear,0.42,6.01,0.7,30.1,79.9
2026-04-05 22:53:33,JBP,Rain,0.1,7.59,18.1,7.5,72.9
2026-02-09 11:24:25,JBP,Clear,0.66,4.5,1.2,20.4,51.8
2026-06-15 08:55:03,JBP,Cloudy,0.14,8.39,1.4,24.1,99.3
2026-03-12 22:46:00,JBP,Clear,0.14,9.07,0.8,21.3,87.0
2026-01-26 14:18:07,JBP,Fog,0.93,2.58,1.2,23.7,90.5
2026-02-05 04:47:58,JBP,Clear,0.12,9.69,0.4,29.0,52.0
2026-03-06 03:20:20,JBP,Clear,0.14,9.21,0.9,29.5,84.6
2026-01-08 23:08:26,JBP,Fog,0.72,4.13,0.2,24.0,88.5
2026-03-16 10:22:04,JBP,Clear,0.48,5.99,0.0,36.6,100.0
2026-06-29 23:07:11,JBP,Clear,0.06,9.54,0.1,18.1,84.6
2026-05-22 23:26:14,JBP,Rain,0.33,5.32,0.9,46.0,90.3
2026-03-29 03:17:09,JBP,Cloudy,0.36,6.57,1.1,28.3,69.1
2026-02-23 19:25:10,JBP,Fog,0.68,4.86,0.6,27.7,100.0
2026-04-03 22:42:53,JBP,Cloudy,0.13,8.95,0.7,24.0,91.4
2026-02-08 10:12:55,JBP,Clear,0.2,8.5,1.5,21.8,87.4
2026-05-13 04:09:02,JBP,Clear,0.29,6.38,1.0,28.1,69.0
2026-06-25 22:26:33,JBP,Clear,0.17,8.84,0.4,26.2,46.8
2026-05-11 06:14:06,JBP,Clear,0.38,7.19,0.5,24.1,57.4
2026-06-23 03:03:16,JBP,Clear,0.37,7.52,1.4,17.0,66.3
2026-01-14 01:05:55,JBP,Clear,0.09,9.25,1.4,17.5,44.8
2026-03-18 10:55:56,JBP,Clear,0.09,9.48,0.7,26.7,49.6
2026-01-09 09:36:35,JBP,Clear,0.31,7.47,1.3,27.1,96.6
2026-03-29 22:17:07,JBP,Clear,0.35,7.98,0.2,28.4,49.3
2026-06-02 22:45:37,JBP,Clear,0.24,8.76,1.3,23.9,28.6
2026-05-18 04:03:26,JBP,Rain,0.42,4.79,0.8,23.1,60.4
2026-02-22 00:55:07,JBP,Cloudy,0.25,7.54,0.4,31.0,63.3
2026-01-08 06:50:02,JBP,Rain,0.47,4.69,12.8,31.1,47.7
2026-05-19 16:32:09,JBP,Clear,0.72,3.44,0.5,21.9,77.1
2026-01-01 10:48:56,JBP,Fog,0.47,6.37,0.4,36.7,50.5
2026-04-22 11:11:18,JBP,Fog,0.47,6.05,0.6,30.1,68.7
2026-04-16 11:34:00,JBP,Rain,0.26,5.97,1.8,27.4,87.7
2026-01-01 07:41:21,JBP,Rain,0.32,5.44,0.9,13.8,72.5
2026-03-05 21:01:32,JBP,Clear,0.13,8.46,1.2,20.0,57.8
2026-01-03 22:20:10,JBP,Fog,0.84,3.37,1.1,23.3,88.4
2026-02-05 03:31:08,JBP,Cloudy,0.37,7.37,0.6,19.9,54.5
2026-05-12 08:03:30,JBP,Clear,0.04,9.55,0.3,24.9,51.7
2026-01-02 00:18:20,JBP,Clear,0.14,8.39,0.6,18.3,96.4
2026-04-07 15:06:49,JBP,Cloudy,0.08,8.82,0.2,21.8,50.6
2026-02-25 10:46:20,JBP,Fog,0.41,7.29,0.5,30.6,100.0
2026-01-30 18:17:17,JBP,Clear,0.11,9.41,0.9,28.2,70.5
2026-06-10 11:16:14,JBP,Clear,0.2,9.17,0.5,25.8,80.1
2026-02-18 06:27:58,JBP,Clear,0.35,6.71,0.4,15.7,70.6
2026-03-21 08:10:21,JBP,Clear,0.18,8.62,0.7,27.1,46.8
2026-02-09 10:56:53,JBP,Clear,0.35,7.07,0.4,28.3,78.7
2026-02-19 01:18:23,JBP,Clear,0.09,8.95,1.0,31.7,48.1
2026-02-28 12:25:28,JBP,Rain,0.09,8.27,6.5,25.3,51.3
2026-02-23 14:19:24,JBP,Clear,0.11,9.14,0.6,29.1,61.4
2026-01-31 02:17:45,JBP,Cloudy,0.41,6.73,1.1,30.8,20.0
2026-03-19 23:52:23,JBP,Clear,0.38,6.73,1.1,37.4,44.6
2026-01-07 11:19:00,JBP,Fog,0.95,1.04,0.1,16.1,55.3
2026-01-18 20:07:51,JBP,Rain,0.24,5.82,4.0,18.1,81.2
2026-03-30 01:46:39,JBP,Rain,0.41,5.02,19.3,28.0,77.7
2026-04-29 16:06:59,JBP,Fog,0.43,6.62,1.0,32.5,98.4
2026-01-05 10:34:36,JBP,Fog,0.56,5.15,1.0,23.7,90.9
2026-06-18 00:26:44,JBP,Clear,0.54,5.63,1.4,35.6,67.3
2026-06-18 20:17:37,JBP,Fog,0.54,5.29,1.4,21.2,74.7
2026-06-11 14:31:34,JBP,Rain,0.75,1.99,15.5,9.0,68.5
2026-04-27 07:54:02,JBP,Fog,0.7,3.84,1.3,18.4,61.4
2026-05-11 11:32:37,JBP,Clear,0.23,7.96,1.0,30.0,73.1
2026-03-25 05:05:10,JBP,Cloudy,0.13,7.79,0.6,13.2,43.3
2026-01-17 22:13:21,JBP,Clear,0.3,8.86,0.5,20.4,97.1
2026-01-11 13:34:58,JBP,Rain,0.27,5.97,5.8,15.4,53.4
2026-04-06 08:53:36,JBP,Clear,0.49,6.13,0.9,24.5,44.6
2026-01-14 03:24:04,JBP,Rain,0.14,6.71,3.1,27.3,74.0
2026-06-14 02:07:26,JBP,Cloudy,0.45,6.49,1.2,30.9,58.2
2026-04-27 03:01:20,JBP,Fog,0.66,4.43,1.3,15.7,77.7
2026-03-24 12:30:50,JBP,Clear,0.3,7.45,1.3,25.8,100.0
2026-01-20 19:55:40,JBP,Clear,0.24,8.47,0.4,31.9,49.2
2026-01-26 23:17:36,JBP,Clear,0.69,5.23,1.1,34.8,38.5
2026-02-08 23:16:54,JBP,Cloudy,0.09,9.58,0.8,33.3,54.5
2026-03-20 18:38:59,JBP,Cloudy,0.39,6.71,0.4,34.4,74.4
2026-03-26 23:29:37,JBP,Cloudy,0.13,9.58,1.2,29.0,77.4
2026-04-11 22:19:45,JBP,Cloudy,0.35,6.99,0.8,23.5,51.7
2026-06-09 04:37:08,JBP,Rain,0.08,7.69,9.2,15.1,100.0
2026-01-31 06:09:43,JBP,Clear,0.31,8.04,0.7,34.4,99.9
2026-01-21 18:00:54,JBP,Clear,0.36,6.89,1.0,19.1,65.9
2026-03-26 20:23:44,JBP,Clear,0.26,6.87,1.4,30.8,55.3
2026-04-28 12:23:27,JBP,Rain,0.13,7.84,20.9,22.1,41.2
2026-03-15 06:08:50,JBP,Cloudy,0.53,6.24,0.1,32.3,20.0
2026-05-02 21:17:20,JBP,Clear,0.32,7.16,0.2,32.7,35.7
2026-04-17 04:46:30,JBP,Rain,0.49,3.94,12.1,26.2,72.3
2026-01-10 20:18:20,JBP,Rain,0.28,7.06,3.8,28.2,75.4
2026-06-27 22:12:24,JBP,Fog,0.83,3.94,1.0,20.8,55.5
2026-03-03 17:41:07,JBP,Clear,0.24,7.08,0.8,21.7,81.8
2026-02-06 00:51:30,JBP,Cloudy,0.35,7.14,1.2,34.1,51.0
2026-05-04 00:38:37,JBP,Clear,0.14,8.06,1.4,36.1,52.3
2026-01-13 08:34:03,JBP,Clear,0.58,4.99,0.9,28.9,84.3
2026-02-26 01:40:46,JBP,Clear,0.36,7.41,0.8,24.1,76.6
2026-01-22 09:25:21,JBP,Clear,0.34,7.27,1.0,45.9,51.7
2026-03-23 22:02:42,JBP,Clear,0.24,6.82,1.5,14.6,48.3
2026-03-16 23:28:46,JBP,Rain,0.53,4.71,8.0,17.5,38.9
2026-01-01 11:43:59,JBP,Clear,0.69,4.14,0.7,21.9,83.5
2026-06-30 15:27:01,JBP,Clear,0.34,6.85,1.0,20.2,73.7
2026-01-07 16:52:42,JBP,Cloudy,0.1,8.14,0.0,26.1,64.9
2026-05-18 19:48:13,JBP,Clear,0.09,8.99,0.9,16.5,68.9
2026-04-15 22:09:49,JBP,Clear,0.41,6.93,0.1,12.8,79.4
2026-05-13 20:37:26,JBP,Cloudy,0.34,6.75,0.0,24.2,79.9
2026-05-01 05:52:38,JBP,Clear,0.19,8.52,1.1,25.5,57.0
2026-01-28 10:47:53,JBP,Clear,0.32,7.34,1.1,35.7,77.6
2026-05-12 03:35:40,JBP,Rain,0.01,8.69,5.7,30.5,56.1
2026-01-02 16:10:24,JBP,Clear,0.27,8.35,1.2,30.1,47.6
2026-03-23 13:05:13,JBP,Clear,0.22,8.48,0.2,31.8,37.0
2026-05-14 20:13:15,JBP,Clear,0.1,8.64,0.5,22.4,72.8
2026-06-28 08:16:10,JBP,Clear,0.43,6.65,1.0,33.7,69.3
2026-01-01 23:07:45,JBP,Cloudy,0.7,4.19,1.4,21.3,70.5
2026-06-20 12:13:13,JBP,Clear,0.21,8.51,0.3,25.4,63.5
2026-02-22 03:46:22,JBP,Cloudy,0.31,7.3,0.6,30.0,56.9
2026-01-26 19:32:34,JBP,Clear,0.13,9.54,0.4,29.7,72.0
2026-01-06 10:15:56,JBP,Rain,0.57,4.38,6.4,22.6,52.3
2026-06-11 12:37:25,JBP,Clear,0.25,8.77,1.2,24.6,70.0
2026-03-17 04:42:28,JBP,Rain,0.6,3.52,11.0,13.1,65.8
2026-04-01 21:42:40,JBP,Clear,0.52,5.46,0.3,15.3,64.8
2026-02-07 19:32:06,JBP,Fog,0.51,5.63,0.9,18.5,100.0
2026-02-10 09:13:48,JBP,Clear,0.32,7.52,0.8,18.6,81.9
2026-03-14 07:16:56,JBP,Clear,0.23,8.31,1.1,27.1,71.1
2026-03-17 22:32:33,JBP,Clear,0.63,4.78,1.5,17.7,89.3
2026-02-03 12:30:20,JBP,Fog,0.6,4.96,0.4,16.4,70.6
2026-05-24 12:09:02,JBP,Clear,0.17,8.45,0.6,29.2,74.1
2026-05-29 03:43:20,JBP,Fog,0.56,5.1,1.2,22.6,75.3
2026-05-27 09:19:16,JBP,Cloudy,0.14,8.56,1.1,22.2,62.0
2026-05-30 10:10:00,JBP,Clear,0.13,9.2,0.3,21.9,73.7
2026-05-10 15:14:40,JBP,Fog,0.71,4.29,1.2,28.6,99.4
2026-06-17 21:41:53,JBP,Clear,0.37,6.31,1.2,18.9,62.6
2026-02-28 19:09:08,JBP,Rain,0.5,5.49,1.8,26.1,60.9
2026-05-24 20:32:41,JBP,Clear,0.14,8.52,0.6,30.5,92.2
2026-06-09 06:29:41,JBP,Cloudy,0.21,7.49,1.5,32.6,83.4
2026-01-07 04:57:27,JBP,Clear,0.13,8.51,0.3,19.8,49.2
2026-05-21 22:52:01,JBP,Cloudy,0.17,8.58,0.7,25.7,89.7
2026-01-13 14:50:02,JBP,Clear,0.01,10.36,1.5,24.6,56.5
2026-03-28 13:05:07,JBP,Clear,0.39,5.87,1.4,16.8,39.7
2026-06-26 18:57:21,JBP,Fog,0.69,3.55,1.0,31.5,84.7
2026-01-01 19:35:31,JBP,Rain,0.42,4.65,25.0,26.4,67.5
2026-05-20 13:11:25,JBP,Clear,0.16,8.26,1.4,22.9,92.8
2026-03-28 20:42:38,JBP,Cloudy,0.28,8.33,0.2,14.0,97.5
2026-04-01 05:01:51,JBP,Cloudy,0.08,9.8,0.5,27.0,46.2
2026-01-21 21:30:13,JBP,Clear,0.38,6.57,0.8,32.3,79.5
2026-05-26 02:14:10,JBP,Clear,0.65,5.09,1.2,15.0,58.0
2026-01-16 00:28:22,JBP,Rain,0.42,5.24,7.0,12.8,53.1
2026-01-27 09:42:01,JBP,Clear,0.04,10.21,1.3,1.6,44.8
2026-02-19 08:25:50,JBP,Clear,0.55,5.12,0.0,26.3,75.1
2026-02-22 01:10:21,JBP,Cloudy,0.3,7.25,0.1,30.1,52.5
2026-01-25 20:41:54,JBP,Fog,0.55,5.18,0.5,33.5,69.2
2026-05-18 15:57:32,JBP,Clear,0.08,9.82,0.4,18.0,63.4
2026-06-07 10:43:14,JBP,Clear,0.59,4.87,1.4,15.4,37.4
2026-01-08 20:41:46,JBP,Cloudy,0.36,6.51,1.3,25.4,58.2
2026-01-16 12:45:10,JBP,Clear,0.28,7.27,0.7,31.7,51.5
2026-02-22 07:12:17,JBP,Rain,0.38,5.5,13.4,30.7,47.8
2026-04-09 22:19:40,JBP,Cloudy,0.18,9.12,0.1,44.4,65.0
2026-05-05 10:03:49,JBP,Clear,0.15,9.13,0.4,26.6,49.4
2026-03-02 02:17:02,JBP,Cloudy,0.18,8.92,0.9,21.5,64.2
2026-06-05 21:49:24,JBP,Clear,0.44,6.26,1.2,17.5,97.7
2026-03-20 02:34:27,JBP,Clear,0.21,8.3,1.3,27.6,20.0
2026-02-25 16:44:16,JBP,Cloudy,0.04,9.89,0.3,27.6,56.6
2026-02-07 01:33:24,JBP,Clear,0.55,5.53,1.1,27.5,55.5
2026-06-26 13:12:17,JBP,Clear,0.14,8.2,1.2,27.3,59.3
2026-03-24 02:21:39,JBP,Fog,0.73,3.44,0.1,35.7,58.8
2026-04-19 21:41:14,JBP,Fog,0.52,5.26,0.6,28.8,87.8
2026-05-21 10:22:14,JBP,Clear,0.05,9.98,0.3,40.8,27.7
2026-01-12 19:38:30,JBP,Clear,0.08,9.15,1.2,31.7,20.0
2026-04-22 18:09:02,JBP,Clear,0.59,4.99,0.1,19.8,55.8
2026-05-18 09:41:25,JBP,Clear,0.24,8.34,0.2,2.6,52.2
2026-02-26 10:42:57,JBP,Rain,0.18,7.54,6.1,25.0,33.5
2026-01-04 11:59:32,JBP,Clear,0.36,6.12,1.1,28.0,81.2
2026-04-16 18:53:19,JBP,Clear,0.12,8.18,1.3,21.6,67.5
2026-02-17 00:45:06,JBP,Cloudy,0.36,6.78,1.1,15.0,97.2
2026-04-02 04:05:54,JBP,Cloudy,0.24,7.37,0.4,30.8,56.8
2026-02-19 11:12:37,JBP,Cloudy,0.37,7.49,0.7,14.4,64.7
2026-02-04 14:18:29,JBP,Clear,0.13,9.15,1.1,15.7,71.9
2026-04-22 10:09:56,JBP,Fog,0.67,5.14,1.1,23.5,30.4
2026-01-26 23:14:00,JBP,Clear,0.39,6.77,1.4,25.1,62.0
2026-06-19 13:19:14,JBP,Clear,0.19,8.53,0.7,24.7,72.6
2026-02-06 01:23:42,JBP,Clear,0.57,5.4,0.2,14.1,79.0
2026-01-13 21:27:04,JBP,Cloudy,0.07,9.13,0.1,26.5,60.0
2026-04-29 12:09:09,JBP,Cloudy,0.5,5.76,1.1,21.5,51.3
2026-01-03 22:48:29,JBP,Clear,0.17,8.79,0.7,24.2,44.3
2026-02-13 08:37:57,JBP,Rain,0.19,7.22,7.5,25.5,53.7
2026-03-26 14:40:53,JBP,Clear,0.76,4.07,0.1,31.3,73.9
2026-01-06 17:43:33,JBP,Clear,0.57,5.54,0.4,8.9,26.7
2026-02-14 09:41:29,JBP,Clear,0.02,9.94,0.8,22.0,64.5
2026-01-05 00:11:25,JBP,Clear,0.24,7.42,1.4,30.6,61.3
2026-06-30 08:11:45,JBP,Rain,0.14,7.36,16.8,11.2,100.0
2026-02-10 12:21:19,JBP,Clear,0.37,7.41,0.6,26.4,67.3
2026-05-04 16:40:28,JBP,Clear,0.31,8.13,1.2,10.5,56.6
2026-02-16 15:46:33,JBP,Clear,0.23,7.16,0.2,30.4,46.7
2026-01-19 22:38:05,JBP,Clear,0.53,4.56,0.3,25.0,75.8
2026-06-23 18:36:34,JBP,Clear,0.15,8.43,0.6,23.1,85.2
2026-05-27 18:44:53,JBP,Clear,0.14,8.95,0.6,29.0,73.9
2026-04-12 01:58:27,JBP,Rain,0.57,3.73,7.0,17.2,78.1
2026-05-08 20:30:07,JBP,Clear,0.6,3.87,1.0,41.4,74.2
2026-06-21 12:55:17,JBP,Rain,0.48,4.74,15.5,38.6,63.3
2026-06-20 08:38:17,JBP,Clear,0.25,7.46,0.6,12.0,86.1
2026-01-08 10:53:36,JBP,Clear,0.12,9.71,1.0,25.7,72.6
2026-03-23 19:32:30,JBP,Clear,0.19,8.6,0.8,-3.1,70.6
2026-03-23 09:46:30,JBP,Cloudy,0.05,9.32,0.7,26.4,51.9
2026-01-07 21:32:00,JBP,Clear,0.16,8.62,1.0,18.3,65.7
2026-01-18 00:17:54,JBP,Clear,0.29,8.62,1.2,18.4,77.6
2026-01-24 11:54:28,JBP,Clear,0.36,7.64,0.9,16.0,65.9
2026-04-05 10:43:58,JBP,Cloudy,0.35,7.46,0.6,23.5,62.2
2026-05-06 11:40:49,JBP,Clear,0.21,7.83,0.8,26.2,52.9
2026-03-28 07:15:26,JBP,Clear,0.68,4.43,0.6,19.7,74.5
2026-02-11 21:18:11,JBP,Clear,0.22,8.1,0.8,17.4,68.2
2026-04-09 21:04:32,JBP,Clear,0.61,4.94,0.8,24.4,63.0
2026-05-08 03:38:47,JBP,Cloudy,0.46,6.32,1.3,22.6,55.8
2026-01-30 13:19:42,JBP,Rain,0.46,4.37,5.4,35.7,44.9
2026-01-18 02:37:36,JBP,Fog,0.54,5.19,1.2,33.8,56.7
2026-04-26 22:11:56,JBP,Clear,0.12,8.73,1.5,33.1,64.4
2026-05-12 23:21:25,JBP,Clear,0.27,7.72,1.1,14.9,27.7
2026-01-18 08:16:06,JBP,Cloudy,0.21,8.61,0.8,19.6,74.7
2026-02-20 22:18:57,JBP,Clear,0.23,8.34,0.6,12.1,67.0
2026-03-12 10:27:22,JBP,Clear,0.17,9.16,1.4,32.4,48.9
2026-01-22 04:19:34,JBP,Clear,0.42,6.97,1.3,23.8,96.7
2026-01-30 12:27:54,JBP,Fog,0.54,5.8,1.4,12.0,75.0
2026-04-20 19:56:00,JBP,Clear,0.43,5.75,0.0,19.9,45.4
2026-06-29 11:55:43,JBP,Clear,0.27,7.53,0.1,35.8,80.7
2026-06-16 06:46:18,JBP,Cloudy,0.26,7.36,0.6,23.7,75.2
2026-01-05 07:21:36,JBP,Rain,0.37,5.86,12.9,18.9,66.5
2026-04-09 06:16:42,JBP,Cloudy,0.45,5.92,0.4,18.5,72.4
2026-03-20 16:00:16,JBP,Clear,0.22,8.02,0.4,34.4,68.1
2026-03-20 21:51:29,JBP,Clear,0.3,6.75,1.4,25.0,91.1
2026-01-09 12:15:41,JBP,Clear,0.05,9.95,0.7,40.9,48.9
2026-03-05 04:47:48,JBP,Fog,0.62,4.51,0.7,7.9,75.8
2026-05-07 09:55:27,JBP,Rain,0.31,5.49,11.5,19.3,32.5
2026-03-04 04:07:36,JBP,Cloudy,0.13,8.9,1.2,24.5,46.0
2026-04-03 14:41:43,JBP,Clear,0.29,7.34,0.6,29.6,69.8
2026-06-15 04:29:34,JBP,Clear,0.06,9.29,1.3,22.7,78.2
2026-02-08 19:00:44,JBP,Cloudy,0.44,6.0,1.0,22.2,77.5
2026-01-06 08:35:23,JBP,Clear,0.27,8.19,0.6,21.7,38.7
2026-02-01 19:12:57,JBP,Fog,0.92,1.6,0.8,19.6,92.1
2026-05-16 22:08:45,JBP,Clear,0.23,7.66,1.3,23.4,84.3
2026-06-07 09:49:21,JBP,Fog,0.43,6.25,0.3,23.1,65.4
2026-01-18 07:20:42,JBP,Clear,0.1,8.3,0.0,20.7,54.6
2026-02-14 19:09:36,JBP,Clear,0.2,7.89,0.5,17.0,69.2
2026-04-28 05:26:20,JBP,Clear,0.3,7.33,1.4,20.7,65.1
2026-05-11 21:50:46,JBP,Clear,0.47,6.25,1.2,11.1,42.2
2026-03-17 16:24:44,JBP,Clear,0.19,8.54,0.1,18.2,32.3
2026-05-08 08:13:36,JBP,Clear,0.28,7.53,0.0,32.8,33.4
2026-03-28 09:31:57,JBP,Clear,0.21,8.65,1.1,17.3,60.6
2026-06-25 20:51:05,JBP,Rain,0.53,6.09,13.6,25.3,35.2
2026-01-16 22:48:09,JBP,Clear,0.3,7.56,0.3,14.7,58.8
2026-01-11 14:17:15,JBP,Clear,0.15,8.79,0.5,23.2,64.0
2026-06-16 13:19:25,JBP,Clear,0.04,10.15,0.6,34.8,81.1
2026-03-10 03:35:24,JBP,Clear,0.26,7.54,0.9,21.5,54.1
2026-04-26 07:07:28,JBP,Clear,0.09,9.88,0.1,16.8,45.3
2026-06-23 12:09:01,JBP,Cloudy,0.29,7.61,0.7,33.9,59.1
2026-04-14 16:26:14,JBP,Clear,0.62,4.78,1.1,20.6,65.3
2026-04-08 15:18:11,JBP,Cloudy,0.33,6.47,1.2,26.3,65.9
2026-04-17 22:06:12,JBP,Cloudy,0.24,8.0,1.2,11.4,78.3
2026-04-17 08:00:37,JBP,Rain,0.24,6.72,22.5,15.4,57.4
2026-04-11 23:18:15,JBP,Fog,0.98,1.71,1.5,22.3,52.3
2026-03-21 22:00:32,JBP,Clear,0.65,3.85,1.2,17.8,54.6
2026-04-13 23:54:18,JBP,Fog,0.55,5.27,0.3,13.7,82.6
2026-01-01 22:36:44,JBP,Rain,0.46,3.84,2.6,18.7,51.2
2026-01-17 17:28:14,JBP,Clear,0.32,7.72,1.0,34.8,81.7
2026-01-10 20:24:48,JBP,Fog,0.78,4.16,1.1,27.4,74.9
2026-06-21 13:07:57,JBP,Cloudy,0.32,6.91,0.1,21.9,44.4
2026-06-09 15:00:14,JBP,Clear,0.4,6.9,1.4,33.7,78.9
2026-05-24 15:43:46,JBP,Clear,0.26,8.17,0.7,27.1,20.0
2026-06-24 02:41:42,JBP,Cloudy,0.25,7.43,0.4,38.3,78.3
2026-01-06 03:20:02,JBP,Clear,0.49,5.65,0.2,28.5,30.9
2026-06-11 02:21:50,JBP,Clear,0.59,4.84,1.0,20.7,84.0
2026-05-01 04:23:38,JBP,Cloudy,0.05,9.18,0.1,17.7,66.0
2026-02-14 07:30:03,JBP,Cloudy,0.34,6.5,1.2,32.9,91.6
2026-04-27 03:07:49,JBP,Rain,0.59,3.94,6.7,30.9,81.4
2026-03-22 20:27:58,JBP,Clear,0.24,8.7,1.1,24.7,40.6
2026-03-22 03:19:32,JBP,Clear,0.16,8.52,0.1,25.6,51.0
2026-02-28 06:37:33,JBP,Rain,0.14,7.63,7.0,27.4,70.8
2026-05-28 03:00:53,JBP,Clear,0.33,7.52,0.0,33.4,64.1
2026-03-20 08:03:33,JBP,Clear,0.1,9.29,0.8,30.5,35.5
2026-05-29 08:52:01,JBP,Cloudy,0.29,6.98,1.5,30.5,80.6
2026-02-08 00:19:17,JBP,Rain,0.27,7.42,7.9,13.2,81.1
2026-02-19 10:14:41,JBP,Cloudy,0.18,7.79,1.0,22.5,76.8
2026-01-03 18:50:15,JBP,Clear,0.18,9.03,1.4,21.0,75.3
2026-06-29 05:19:55,JBP,Clear,0.09,9.22,1.4,19.2,83.8
2026-01-05 04:33:35,JBP,Fog,0.57,5.89,0.2,15.4,81.2
2026-05-25 14:34:14,JBP,Clear,0.36,7.6,0.9,16.6,72.4
2026-02-08 01:23:36,JBP,Cloudy,0.33,8.25,0.7,36.3,81.7
2026-05-15 20:03:18,JBP,Clear,0.22,8.98,0.1,14.0,58.9
2026-06-20 22:08:37,JBP,Rain,0.13,7.49,6.2,13.5,52.4
2026-01-04 14:42:37,JBP,Clear,0.28,7.65,0.3,10.5,38.4
2026-03-17 03:34:43,JBP,Cloudy,0.35,7.43,0.4,48.5,66.6
2026-04-23 14:43:58,JBP,Clear,0.36,6.69,1.3,9.5,43.0
2026-01-27 14:01:39,JBP,Cloudy,0.32,7.03,0.3,21.1,100.0
2026-02-24 07:09:20,JBP,Fog,0.58,4.85,1.0,35.7,54.7
2026-03-29 22:00:27,JBP,Fog,0.39,6.98,0.1,27.9,91.3
2026-02-21 17:39:44,JBP,Clear,0.25,7.97,0.8,30.9,47.2
2026-01-20 03:04:07,JBP,Clear,0.27,7.19,0.5,52.4,65.0
2026-04-08 04:45:15,JBP,Cloudy,0.31,7.57,0.2,18.3,60.1
2026-04-29 19:03:48,JBP,Fog,0.78,3.46,0.4,17.9,92.9
2026-06-19 09:29:58,JBP,Clear,0.03,9.75,0.6,15.0,51.2
2026-03-30 21:55:02,JBP,Clear,0.27,8.18,1.3,26.7,88.6
2026-02-24 17:49:14,JBP,Rain,0.59,3.57,8.8,11.7,48.9
2026-04-05 04:08:46,JBP,Clear,0.2,9.16,1.0,22.2,60.1
2026-05-09 07:28:40,JBP,Clear,0.09,8.8,0.1,18.5,40.0
2026-06-23 08:19:04,JBP,Clear,0.23,8.45,1.2,31.5,73.9
2026-06-26 23:10:25,JBP,Clear,0.43,6.55,1.0,27.0,96.7
2026-01-09 09:21:18,JBP,Clear,0.59,4.44,1.0,29.2,33.7
2026-02-20 19:10:21,JBP,Rain,0.55,4.08,20.6,25.6,75.4
2026-06-28 19:18:00,JBP,Clear,0.61,4.92,1.5,15.4,53.7
2026-04-20 17:26:49,JBP,Cloudy,0.45,6.13,0.2,12.1,62.3
2026-04-11 03:01:11,JBP,Clear,0.3,7.41,0.4,29.1,74.8
2026-06-12 11:38:05,JBP,Clear,0.34,7.11,0.8,27.6,48.0
2026-04-22 04:10:14,JBP,Fog,0.56,5.02,0.7,10.5,81.3
2026-04-07 07:45:46,JBP,Fog,0.83,2.87,0.4,8.6,77.6
2026-03-12 19:20:18,JBP,Cloudy,0.16,8.57,0.8,10.4,66.1
2026-03-14 10:02:01,JBP,Clear,0.07,8.75,1.3,10.1,70.0
2026-06-06 14:42:17,JBP,Cloudy,0.29,7.32,1.3,28.2,37.7
2026-03-23 04:43:25,JBP,Clear,0.14,9.45,1.1,33.0,81.8
2026-05-08 04:13:30,JBP,Clear,0.31,7.59,0.9,-11.2,70.5
2026-01-20 18:23:32,JBP,Clear,0.38,6.34,1.3,28.3,39.2
2026-05-08 14:55:51,JBP,Clear,0.38,7.25,0.4,8.1,54.1
2026-06-03 09:25:38,JBP,Fog,0.71,3.73,0.2,22.6,70.5
2026-03-15 14:50:17,JBP,Clear,0.42,7.44,1.0,26.7,62.3
2026-05-09 23:55:06,JBP,Clear,0.31,7.31,1.0,23.5,64.2
2026-05-14 03:14:24,JBP,Clear,0.26,7.38,1.1,28.4,53.0
2026-01-08 13:45:40,JBP,Clear,0.22,8.23,1.3,12.3,74.9
2026-06-30 14:23:58,JBP,Clear,0.57,5.77,1.3,20.2,88.2
2026-02-04 05:26:44,JBP,Clear,0.42,6.04,0.9,35.3,54.2
2026-05-20 13:12:50,JBP,Clear,0.24,8.41,0.9,25.9,57.1
2026-04-25 19:41:04,JBP,Clear,0.36,6.58,0.9,36.4,96.9
2026-01-15 12:26:20,JBP,Rain,0.33,5.99,8.2,12.5,77.9
2026-03-04 11:29:24,JBP,Clear,0.68,5.52,0.0,16.6,31.0
2026-06-21 12:21:43,JBP,Cloudy,0.12,9.67,0.1,19.4,65.5
2026-05-18 02:41:49,JBP,Cloudy,0.28,7.74,0.9,8.8,85.5
2026-05-31 15:53:53,JBP,Clear,0.33,6.73,0.5,28.8,74.2
2026-06-04 08:12:09,JBP,Clear,0.24,6.92,1.4,23.6,37.7
2026-02-27 12:28:40,JBP,Clear,0.43,6.66,0.2,39.9,74.4
2026-03-15 08:00:15,JBP,Clear,0.31,7.49,0.5,21.6,65.9
2026-04-18 10:12:38,JBP,Cloudy,0.18,8.66,1.0,13.0,65.2
2026-06-14 03:54:49,JBP,Cloudy,0.07,9.28,1.1,26.5,34.6
2026-06-20 14:26:28,JBP,Clear,0.14,8.89,0.9,16.7,61.2
2026-04-23 06:56:15,JBP,Clear,0.54,4.71,0.6,28.2,63.5
2026-04-18 05:52:14,JBP,Cloudy,0.19,9.02,0.5,34.0,90.5
2026-04-13 12:19:24,JBP,Rain,0.24,6.85,7.6,19.3,100.0
2026-06-26 02:02:23,JBP,Clear,0.37,6.65,1.1,22.2,72.8
2026-03-08 06:52:45,JBP,Clear,0.43,6.43,0.7,19.0,72.1
2026-04-19 21:23:44,JBP,Clear,0.33,7.86,0.8,14.0,42.8
2026-01-06 13:52:43,JBP,Rain,0.02,7.96,9.7,18.4,78.5
2026-03-20 05:46:33,JBP,Clear,0.48,5.99,0.3,25.3,81.1
2026-01-09 03:55:57,JBP,Cloudy,0.33,7.11,1.0,29.2,65.1
2026-06-30 02:27:53,JBP,Clear,0.11,8.82,1.4,25.9,57.0
2026-06-04 15:07:36,JBP,Rain,0.55,4.27,3.4,12.1,65.4
2026-05-27 18:37:22,JBP,Cloudy,0.14,9.12,0.8,15.2,58.9
2026-03-02 03:39:20,JBP,Fog,0.74,3.95,1.2,18.9,89.9
2026-02-05 14:06:14,JBP,Clear,0.39,7.07,0.6,22.9,66.7
2026-05-31 13:50:44,JBP,Clear,0.68,3.18,0.8,25.8,58.1
2026-06-16 04:40:43,JBP,Fog,0.97,1.93,1.2,29.4,60.2
2026-01-18 19:36:58,JBP,Cloudy,0.18,8.94,0.3,12.8,54.3
2026-03-28 04:38:24,JBP,Fog,0.65,4.49,1.5,30.3,72.5
2026-06-30 05:00:09,JBP,Cloudy,0.31,6.33,0.1,26.9,60.5
2026-03-27 15:32:35,JBP,Cloudy,0.18,8.78,0.2,16.9,71.8
2026-05-18 12:39:11,JBP,Clear,0.12,9.87,0.5,19.4,82.1
2026-04-26 03:42:41,JBP,Clear,0.05,9.22,0.7,37.8,46.9
2026-01-01 22:35:04,JBP,Fog,0.64,5.05,0.8,23.7,73.0
2026-06-14 10:28:13,JBP,Fog,0.62,4.21,0.3,18.6,73.5
2026-04-28 07:08:58,JBP,Clear,0.25,7.85,0.2,28.2,74.0
2026-05-02 11:30:19,JBP,Cloudy,0.18,7.93,0.8,27.0,68.1
2026-01-22 14:10:15,JBP,Clear,0.27,8.14,0.1,37.8,64.2
2026-05-25 08:11:30,JBP,Clear,0.45,6.5,0.6,19.4,81.2
2026-01-27 20:40:34,JBP,Fog,0.55,5.29,0.7,22.3,60.8
2026-04-10 21:36:30,JBP,Clear,0.38,6.78,0.4,13.5,46.1
2026-01-21 07:48:59,JBP,Clear,0.09,8.72,0.5,30.8,37.8
2026-03-05 21:13:38,JBP,Fog,0.83,2.7,1.2,31.7,98.2
2026-04-05 01:21:16,JBP,Rain,0.24,6.79,4.5,13.1,59.0
2026-01-10 22:12:33,JBP,Clear,0.0,10.38,1.4,22.8,74.3
2026-04-13 05:09:06,JBP,Fog,0.64,3.7,0.1,17.5,95.4
2026-04-24 01:31:31,JBP,Clear,0.31,8.19,0.2,25.4,73.4
2026-04-11 07:43:18,JBP,Clear,0.35,6.81,0.8,23.7,52.3
2026-04-17 05:27:43,JBP,Clear,0.26,8.41,0.7,24.0,68.8
2026-06-26 17:34:54,JBP,Clear,0.29,7.52,1.2,21.2,59.3
2026-06-29 11:45:34,JBP,Clear,0.34,7.62,0.7,15.2,61.7
2026-05-01 02:13:39,JBP,Clear,0.34,7.58,0.4,27.3,85.5
2026-01-03 20:57:08,JBP,Clear,0.16,8.52,0.2,14.1,89.9
2026-04-18 07:40:35,JBP,Clear,0.2,8.73,1.0,16.1,46.0
2026-05-14 08:07:39,JBP,Cloudy,0.06,9.52,0.4,23.6,79.0
2026-05-19 23:38:49,JBP,Clear,0.37,6.69,1.5,24.1,63.5
2026-01-26 15:36:42,JBP,Clear,0.33,7.35,0.7,14.7,60.7
2026-02-27 14:02:53,JBP,Clear,0.05,9.61,1.0,11.3,56.9
2026-03-24 10:12:40,JBP,Clear,0.42,6.38,0.2,14.1,55.7
2026-06-02 16:25:14,JBP,Clear,0.31,6.76,1.3,25.6,47.3
2026-03-14 14:36:21,JBP,Clear,0.39,6.58,0.9,17.7,62.9
2026-06-16 22:01:18,JBP,Fog,0.79,3.56,0.1,20.8,98.0
2026-02-11 01:04:57,JBP,Cloudy,0.37,5.26,1.4,24.0,59.5
2026-04-06 08:26:48,JBP,Clear,0.05,9.6,1.3,27.3,77.1
2026-02-08 20:43:08,JBP,Clear,0.57,5.54,0.7,23.0,74.7
2026-01-06 15:25:28,JBP,Fog,0.8,3.06,0.1,26.7,80.9
2026-02-23 16:01:02,JBP,Clear,0.07,9.69,0.0,31.7,54.7
2026-03-03 16:04:46,JBP,Cloudy,0.3,7.41,1.3,29.2,55.0
2026-02-16 22:05:45,JBP,Clear,0.59,4.95,0.3,25.4,74.2
2026-04-06 22:38:59,JBP,Clear,0.56,5.11,1.1,18.1,58.6
2026-06-27 13:54:32,JBP,Clear,0.56,5.8,0.2,34.3,100.0
2026-04-03 05:12:41,JBP,Cloudy,0.27,6.61,0.9,-1.2,67.7
2026-04-24 09:04:09,JBP,Rain,0.28,6.93,10.8,24.7,73.9
2026-02-05 11:53:00,JBP,Clear,0.27,7.13,1.4,14.4,60.7
2026-04-17 09:34:27,JBP,Clear,0.21,8.16,0.4,26.6,56.7
2026-05-28 03:32:18,JBP,Clear,0.43,6.17,1.1,33.4,70.9
2026-03-07 08:34:49,JBP,Clear,0.04,9.33,0.1,23.7,64.0
2026-05-05 22:09:21,JBP,Clear,0.4,6.55,1.4,10.7,100.0
2026-05-16 14:47:34,JBP,Clear,0.46,6.33,0.7,12.4,100.0
2026-06-20 09:42:25,JBP,Cloudy,0.35,6.86,0.4,20.9,22.5
2026-06-10 00:41:34,JBP,Fog,0.66,3.63,0.4,15.4,76.7
2026-06-08 22:13:01,JBP,Clear,0.39,7.02,1.0,28.8,97.0
2026-02-23 08:49:48,JBP,Clear,0.39,6.93,0.9,9.6,49.1
2026-02-01 19:10:05,JBP,Cloudy,0.22,8.42,1.0,26.8,63.8
2026-05-21 23:37:16,JBP,Fog,0.95,2.21,1.5,29.3,93.4
2026-05-30 15:53:42,JBP,Clear,0.35,8.0,0.6,29.6,66.3
2026-06-10 10:07:35,JBP,Rain,0.16,7.72,2.4,26.6,75.1
2026-06-24 02:11:29,JBP,Cloudy,0.06,9.47,0.9,28.5,55.2
2026-04-27 10:16:40,JBP,Clear,0.15,8.35,1.2,14.3,58.7
2026-02-23 09:27:17,JBP,Clear,0.18,8.91,0.6,23.8,42.3
2026-02-10 06:10:21,JBP,Clear,0.13,8.78,1.0,20.9,66.6
2026-04-27 10:04:58,JBP,Clear,0.14,8.66,0.8,32.3,44.3
2026-01-08 00:58:18,JBP,Rain,0.06,8.4,10.4,32.2,73.0
2026-06-22 12:08:39,JBP,Cloudy,0.22,8.1,1.0,10.4,70.6
2026-01-27 22:48:20,JBP,Clear,0.3,7.44,0.9,19.0,50.0
2026-03-04 11:30:58,JBP,Clear,0.15,8.84,0.6,8.1,81.6
2026-01-04 15:46:32,JBP,Clear,0.15,8.62,0.8,39.2,45.6
2026-04-30 02:29:19,JBP,Clear,0.28,7.73,1.0,36.8,80.0
2026-04-03 05:49:19,JBP,Fog,0.41,6.91,0.4,24.1,45.7
2026-02-22 22:04:50,JBP,Clear,0.35,7.18,0.5,31.1,69.5
2026-01-31 14:04:45,JBP,Fog,0.54,5.84,0.9,30.4,75.1
2026-06-11 16:45:03,JBP,Clear,0.26,8.36,1.1,22.3,32.0
2026-04-16 23:25:30,JBP,Fog,0.81,2.81,0.4,32.4,55.5
2026-04-23 02:43:04,JBP,Rain,0.33,5.53,9.3,29.4,91.9
2026-03-30 22:48:33,JBP,Cloudy,0.43,6.08,1.1,24.7,65.9
2026-02-05 21:09:53,JBP,Fog,0.55,4.81,1.4,30.1,91.9
2026-03-25 08:20:08,JBP,Rain,0.24,7.46,11.3,21.4,55.1
2026-03-07 02:43:59,JBP,Clear,0.31,7.38,1.2,17.6,98.4
2026-04-07 15:04:20,JBP,Clear,0.58,5.3,0.6,17.7,88.4
2026-06-14 10:24:12,JBP,Fog,0.4,6.64,0.7,19.2,67.2
2026-04-17 03:39:10,JBP,Cloudy,0.09,9.35,1.0,26.1,55.0
2026-06-14 08:15:42,JBP,Clear,0.37,6.79,0.2,22.0,95.6
2026-01-23 02:40:34,JBP,Cloudy,0.28,8.23,0.8,32.4,67.4
2026-02-17 12:58:00,JBP,Clear,0.24,7.39,1.0,40.7,45.1
2026-05-22 06:36:45,JBP,Clear,0.15,8.97,0.6,24.9,77.4
2026-05-09 17:40:56,JBP,Cloudy,0.3,8.47,0.2,22.4,84.3
2026-06-26 18:16:05,JBP,Fog,0.63,5.14,0.6,29.2,66.6
2026-01-30 23:31:23,JBP,Clear,0.49,5.39,1.1,12.6,54.8
2026-02-21 06:46:56,JBP,Cloudy,0.2,8.32,1.4,17.8,65.9
2026-06-15 01:55:44,JBP,Clear,0.32,7.91,0.4,19.8,75.0
2026-04-30 03:31:55,JBP,Clear,0.26,7.21,0.6,26.6,52.3
2026-03-28 06:17:39,JBP,Clear,0.42,5.56,1.3,12.7,55.4
2026-04-20 00:20:12,JBP,Fog,0.43,6.67,1.3,21.5,93.3
2026-02-25 18:48:54,JBP,Clear,0.47,6.37,0.1,33.7,78.2
2026-02-03 22:04:18,JBP,Rain,0.06,8.31,10.1,40.8,67.7
2026-03-30 20:25:11,JBP,Rain,0.09,8.0,8.4,21.4,69.1
2026-04-02 07:45:23,JBP,Cloudy,0.62,3.88,1.3,31.8,78.7
2026-04-21 18:39:57,JBP,Clear,0.08,9.86,0.2,36.6,73.3
2026-05-10 02:52:02,JBP,Clear,0.13,9.01,1.4,15.5,33.5
2026-06-16 05:32:09,JBP,Clear,0.38,7.15,0.7,20.5,88.1
2026-04-24 05:39:02,JBP,Clear,0.26,7.38,0.8,19.3,36.4
2026-05-09 22:47:31,JBP,Clear,0.12,8.96,0.7,16.1,41.4
2026-02-03 04:23:40,JBP,Fog,0.59,4.88,0.2,29.3,69.6
2026-03-27 10:22:41,JBP,Clear,0.23,8.01,0.1,23.2,67.0
2026-05-03 19:29:19,JBP,Fog,0.54,5.09,0.8,21.2,77.8
2026-04-05 05:58:53,JBP,Cloudy,0.31,7.6,0.1,26.5,66.7
2026-03-12 17:18:07,JBP,Clear,0.39,6.99,1.4,31.8,84.9
2026-03-19 01:58:13,JBP,Cloudy,0.02,9.65,0.5,24.1,87.7
2026-06-19 17:33:09,JBP,Clear,0.38,6.15,1.0,3.3,52.0
2026-03-31 09:13:15,JBP,Clear,0.34,7.09,0.3,17.4,100.0
2026-04-27 16:09:47,JBP,Clear,0.07,9.88,1.5,39.0,96.3
2026-03-10 15:59:50,JBP,Clear,0.2,7.95,0.7,24.1,73.1
2026-05-29 10:09:15,JBP,Clear,0.2,8.16,0.4,20.5,56.4
2026-01-22 08:43:35,JBP,Fog,0.63,4.49,0.8,22.7,52.0
2026-04-01 18:30:12,JBP,Clear,0.14,8.96,0.9,27.0,56.1
2026-02-13 07:32:56,JBP,Clear,0.26,7.76,0.8,17.6,70.8
2026-01-27 06:10:21,JBP,Rain,0.12,7.93,9.1,17.7,76.4
2026-01-16 21:34:26,JBP,Rain,0.35,4.96,1.7,19.3,45.6
2026-03-21 17:05:26,JBP,Cloudy,0.21,7.95,0.3,23.9,78.8
2026-04-07 03:04:40,JBP,Fog,0.62,4.73,1.0,17.8,35.7
2026-01-28 19:51:35,JBP,Cloudy,0.34,7.38,1.3,29.9,75.9
2026-02-27 10:49:03,JBP,Clear,0.53,5.88,0.9,22.3,55.0
2026-02-13 21:47:01,JBP,Clear,0.18,8.48,1.2,21.1,44.2
2026-02-08 21:37:37,JBP,Clear,0.49,6.41,0.3,26.2,63.7
2026-05-19 09:07:50,JBP,Clear,0.4,6.33,0.7,20.5,40.2
2026-03-16 16:10:40,JBP,Clear,0.37,6.8,0.5,14.3,56.0
2026-04-15 05:31:29,JBP,Fog,0.7,3.47,1.3,28.3,82.9
2026-06-08 18:57:36,JBP,Clear,0.34,7.23,0.9,18.0,78.0
2026-01-24 23:21:25,JBP,Clear,0.28,7.29,1.5,25.8,55.7
2026-02-01 22:17:43,JBP,Clear,0.09,9.2,1.4,18.4,72.1
2026-03-04 03:19:40,JBP,Cloudy,0.33,7.16,0.1,22.8,32.7
2026-01-08 10:03:12,JBP,Clear,0.21,7.56,0.6,25.3,28.6
2026-06-06 18:25:49,JBP,Clear,0.33,7.34,0.6,9.1,100.0
2026-05-19 05:14:14,JBP,Clear,0.36,6.85,0.9,16.4,27.0
2026-04-29 22:48:13,JBP,Cloudy,0.16,8.97,1.1,19.2,64.0
2026-06-07 08:31:44,JBP,Clear,0.16,7.96,1.3,34.3,53.7
2026-01-02 18:30:23,JBP,Cloudy,0.22,8.23,1.5,28.3,61.8
2026-05-31 07:27:22,JBP,Clear,0.53,4.76,0.1,18.1,60.1
2026-06-09 22:47:39,JBP,Clear,0.42,7.42,1.1,7.3,59.3
2026-06-15 14:59:06,JBP,Clear,0.12,8.43,1.1,28.5,52.2
2026-05-10 21:27:02,JBP,Clear,0.43,5.55,1.0,20.8,63.6
2026-06-07 15:13:21,JBP,Fog,0.5,5.4,1.0,37.0,57.1
2026-01-17 23:07:57,JBP,Clear,0.15,8.62,1.3,46.3,69.4
2026-03-25 17:50:35,JBP,Cloudy,0.12,8.62,0.9,26.8,71.4
2026-03-22 18:50:22,JBP,Clear,0.54,5.06,0.6,20.5,66.1
2026-06-27 15:35:51,JBP,Clear,0.13,9.0,0.4,24.0,76.5
2026-03-06 23:25:54,JBP,Clear,0.26,8.19,0.3,16.6,57.6
2026-03-31 06:19:06,JBP,Clear,0.19,7.91,1.5,24.5,29.4
2026-02-26 18:17:55,JBP,Clear,0.37,6.64,1.1,31.3,68.1
2026-03-29 09:32:37,JBP,Clear,0.32,7.76,0.6,16.9,62.4
2026-05-26 22:23:55,JBP,Clear,0.59,5.13,0.4,30.9,61.1
2026-03-13 13:12:30,JBP,Clear,0.4,5.99,1.2,18.8,64.0
2026-02-17 17:49:31,JBP,Fog,0.74,4.14,0.8,30.4,72.4
2026-03-24 17:48:16,JBP,Cloudy,0.29,8.66,1.2,24.1,51.3
2026-06-02 17:13:33,JBP,Clear,0.28,7.26,1.0,16.1,69.8
2026-03-05 17:38:59,JBP,Cloudy,0.09,8.53,1.3,21.8,43.8
2026-04-05 08:45:17,JBP,Clear,0.17,8.93,0.3,21.0,83.2
2026-01-04 11:48:17,JBP,Clear,0.15,8.82,1.0,43.3,88.1
2026-02-03 17:55:01,JBP,Fog,0.54,5.16,0.8,20.7,90.0
2026-03-20 03:28:08,JBP,Clear,0.44,6.46,1.1,25.9,89.1
2026-05-26 11:53:21,JBP,Clear,0.42,6.27,0.8,12.4,51.7
2026-05-09 23:42:01,JBP,Cloudy,0.09,9.17,0.7,25.7,63.9
2026-03-19 10:16:04,JBP,Rain,0.35,6.53,2.9,18.8,72.9
2026-06-02 03:56:27,JBP,Clear,0.34,7.53,1.1,25.2,77.0
2026-05-23 12:59:24,JBP,Clear,0.76,3.84,1.1,35.9,66.9
2026-06-18 23:23:45,JBP,Clear,0.19,8.3,1.2,32.9,89.1
2026-04-16 21:42:29,JBP,Clear,0.42,7.13,0.9,21.5,47.7
2026-01-12 06:23:15,JBP,Clear,0.21,8.43,1.3,19.2,60.2
2026-05-28 13:22:43,JBP,Rain,0.11,7.66,6.8,32.5,91.3
2026-03-09 21:01:01,JBP,Clear,0.01,9.88,0.9,31.7,58.0
2026-06-21 20:31:06,JBP,Cloudy,0.61,5.79,0.9,17.2,82.1
2026-01-16 05:57:20,JBP,Clear,0.36,6.35,0.8,20.6,48.3
2026-05-24 15:33:44,JBP,Clear,0.36,6.43,0.6,18.6,85.5
2026-03-23 06:08:40,JBP,Clear,0.51,6.13,0.8,20.6,85.1
2026-02-25 23:06:59,JBP,Clear,0.08,9.56,0.2,23.2,80.9
2026-06-01 15:44:08,JBP,Clear,0.18,8.39,1.5,33.8,51.3
2026-06-21 00:36:20,JBP,Fog,0.55,5.22,0.6,36.7,46.9
2026-05-05 07:39:38,JBP,Cloudy,0.18,7.99,1.3,15.4,65.9
2026-02-28 14:43:06,JBP,Rain,0.62,3.49,0.4,9.6,96.2
2026-04-27 23:21:09,JBP,Clear,0.17,9.0,1.4,16.5,73.8
2026-02-08 08:55:28,JBP,Clear,0.29,7.3,0.8,22.3,81.2
2026-05-27 04:57:17,JBP,Clear,0.16,8.49,0.9,23.1,61.9
2026-01-16 05:03:37,JBP,Clear,0.12,8.58,0.7,23.3,64.0
2026-05-12 15:11:47,JBP,Clear,0.43,5.46,1.0,19.8,92.6
2026-04-15 00:11:30,JBP,Clear,0.29,7.9,0.1,18.4,76.1
2026-04-13 22:37:42,JBP,Fog,0.82,2.72,1.2,19.0,78.5
2026-05-06 02:11:44,JBP,Clear,0.1,9.47,0.5,25.0,39.8
2026-01-16 09:42:29,JBP,Cloudy,0.09,9.38,0.6,25.2,35.2
2026-02-08 01:01:55,JBP,Cloudy,0.58,5.41,1.0,21.2,75.1
2026-06-21 15:24:30,JBP,Clear,0.32,7.9,0.5,31.1,57.1
2026-01-07 00:58:47,JBP,Clear,0.1,9.92,0.9,26.3,91.8
2026-02-10 20:25:22,JBP,Fog,0.98,2.6,0.8,24.6,72.2
2026-06-25 09:12:33,JBP,Rain,0.07,8.63,5.4,18.3,60.5
2026-05-17 20:14:42,JBP,Cloudy,0.67,4.45,0.6,16.3,50.2
2026-04-07 06:56:52,JBP,Rain,0.36,5.64,10.8,25.7,72.2
2026-01-22 19:30:00,JBP,Clear,0.55,5.34,1.4,25.8,69.0
2026-06-14 09:52:40,JBP,Clear,0.34,7.08,0.5,22.7,62.2
2026-05-31 11:29:05,JBP,Cloudy,0.12,9.99,0.1,28.9,72.4
2026-03-16 13:55:56,JBP,Rain,0.25,6.35,4.9,23.9,76.7
2026-02-03 01:05:06,JBP,Clear,0.06,9.58,0.2,25.1,65.6
2026-06-18 15:53:41,JBP,Cloudy,0.21,8.06,1.2,17.9,65.6
2026-01-25 13:09:49,JBP,Cloudy,0.44,5.82,0.8,22.7,68.5
2026-02-22 07:34:38,JBP,Clear,0.51,4.97,1.0,20.3,74.6
2026-05-08 05:41:47,JBP,Cloudy,0.5,5.35,0.1,16.6,53.9
2026-05-10 02:57:35,JBP,Cloudy,0.62,4.42,0.7,27.1,57.7
2026-05-02 20:17:54,JBP,Clear,0.06,8.52,0.2,27.9,49.8
2026-06-07 12:52:05,JBP,Fog,1.0,1.19,0.2,28.7,74.9
2026-03-05 16:30:26,JBP,Clear,0.33,7.16,0.2,28.5,49.3
2026-01-01 08:18:45,JBP,Clear,0.41,6.57,1.4,27.8,78.7
2026-06-14 23:45:14,JBP,Clear,0.47,5.99,0.2,21.7,82.1
2026-04-04 14:29:47,JBP,Clear,0.07,8.94,0.0,27.6,66.5
2026-06-24 01:44:08,JBP,Cloudy,0.42,6.28,1.5,31.1,41.4
2026-05-22 01:58:08,JBP,Clear,0.08,9.42,0.2,15.7,43.6
2026-06-01 18:51:03,JBP,Clear,0.1,9.94,0.7,32.9,54.2
2026-06-25 14:43:44,JBP,Clear,0.54,5.12,1.3,34.5,100.0
2026-01-08 19:32:53,JBP,Clear,0.34,7.08,1.4,25.4,96.2
2026-06-22 07:22:06,JBP,Fog,0.8,3.72,1.4,36.7,72.8
2026-01-09 02:06:48,JBP,Clear,0.44,6.42,0.3,31.1,49.9
2026-05-21 16:08:10,JBP,Fog,0.57,6.04,0.3,23.7,71.1
2026-02-20 11:55:28,JBP,Rain,0.15,7.43,3.9,7.4,55.0
2026-04-15 22:41:21,JBP,Cloudy,0.4,6.73,1.2,16.2,51.5
2026-04-16 03:14:22,JBP,Cloudy,0.38,7.14,0.9,21.2,65.3
2026-03-15 15:22:20,JBP,Cloudy,0.41,5.85,0.6,26.1,59.0
2026-04-23 02:02:26,JBP,Fog,0.74,3.66,1.5,28.8,56.5
2026-03-29 17:27:47,JBP,Clear,0.16,8.98,0.6,18.0,90.1
2026-01-31 21:59:45,JBP,Cloudy,0.19,8.31,0.7,18.5,30.5
2026-06-17 20:21:18,JBP,Cloudy,0.31,7.03,0.2,18.0,73.1
2026-02-20 19:37:21,JBP,Rain,0.25,6.3,15.7,10.1,65.7
2026-01-18 09:12:52,JBP,Clear,0.09,9.41,0.8,31.4,50.7
2026-04-02 13:20:26,JBP,Clear,0.17,7.87,0.4,24.5,66.3
2026-01-23 21:02:14,JBP,Cloudy,0.47,5.96,0.4,28.9,72.6
2026-01-04 20:14:03,JBP,Fog,0.67,5.0,0.5,20.7,57.9
2026-04-14 13:53:40,JBP,Fog,0.39,5.59,1.1,19.4,40.0
2026-05-11 19:41:23,JBP,Cloudy,0.1,9.29,1.3,20.3,68.1
2026-05-18 01:26:16,JBP,Clear,0.15,9.28,1.4,26.4,56.8
2026-05-12 12:42:21,JBP,Cloudy,0.26,7.4,0.6,10.4,65.0
2026-01-20 07:35:37,JBP,Clear,0.14,9.47,0.6,15.8,60.9
2026-02-23 08:14:06,JBP,Fog,0.68,4.21,0.5,31.3,74.8
2026-04-17 22:00:44,JBP,Clear,0.42,6.65,1.3,20.7,81.2
2026-03-17 23:31:29,JBP,Rain,0.13,7.23,2.9,32.9,77.2
2026-04-14 11:04:04,JBP,Clear,0.74,4.08,0.1,10.3,81.5
2026-02-26 16:44:44,JBP,Clear,0.11,9.97,1.3,19.9,81.1
2026-03-06 08:56:39,JBP,Clear,0.44,5.62,1.5,25.4,93.6
2026-01-10 02:23:20,JBP,Fog,0.77,3.33,0.6,39.9,52.1
2026-06-11 13:11:33,JBP,Cloudy,0.29,7.51,1.1,26.6,85.3
2026-04-22 01:48:26,JBP,Clear,0.39,6.36,0.7,41.1,53.9
2026-05-22 15:51:04,JBP,Clear,0.23,8.08,1.1,28.8,62.6
2026-06-02 17:00:23,JBP,Rain,0.55,4.22,5.5,27.7,76.9
2026-03-05 13:22:25,JBP,Cloudy,0.28,8.06,0.9,32.6,100.0
2026-02-14 17:21:09,JBP,Clear,0.14,8.73,0.6,9.2,55.0
2026-02-08 20:56:05,JBP,Clear,0.12,8.87,0.0,22.8,74.6
2026-02-28 19:30:21,JBP,Cloudy,0.73,3.53,1.1,17.9,61.9
2026-05-15 07:27:13,JBP,Cloudy,0.39,6.39,1.3,19.6,71.3
2026-04-20 20:28:07,JBP,Clear,0.47,5.56,0.5,22.1,29.8
2026-03-10 16:28:58,JBP,Clear,0.05,9.08,1.3,12.8,77.1
2026-02-17 07:08:32,JBP,Clear,0.28,7.82,0.4,21.0,48.3
2026-06-04 03:21:08,JBP,Cloudy,0.27,7.65,0.4,28.5,37.5
2026-02-09 20:41:16,JBP,Clear,0.4,6.5,0.6,22.5,75.8
2026-03-20 21:01:59,JBP,Clear,0.28,7.85,1.4,20.4,85.6
2026-01-27 08:37:30,JBP,Cloudy,0.07,9.74,1.1,4.3,83.7
2026-01-19 07:26:54,JBP,Rain,0.46,5.27,3.7,21.5,54.0
2026-04-10 02:31:43,JBP,Clear,0.16,8.45,0.0,35.3,50.9
2026-06-02 22:18:05,JBP,Rain,0.12,8.34,8.2,24.8,70.4
2026-03-07 09:41:08,JBP,Clear,0.22,7.84,1.4,38.1,68.7
2026-03-10 21:38:33,JBP,Cloudy,0.25,8.12,0.2,31.4,39.3
2026-04-24 09:47:22,JBP,Rain,0.3,6.04,13.3,20.8,75.5
2026-02-19 06:20:20,JBP,Cloudy,0.32,8.01,0.7,37.7,64.5
2026-05-24 11:07:05,JBP,Clear,0.36,6.74,1.0,20.1,65.7
2026-01-11 03:45:21,JBP,Clear,0.22,8.53,0.4,19.9,81.1
2026-03-05 12:53:49,JBP,Cloudy,0.04,9.28,1.2,27.6,27.8
2026-06-22 01:03:11,JBP,Cloudy,0.45,6.35,0.1,16.7,58.5
2026-01-22 12:15:25,JBP,Fog,0.68,4.62,0.7,31.3,50.8
2026-05-14 20:19:35,JBP,Cloudy,0.24,9.02,0.7,18.8,94.4
2026-04-15 06:36:18,JBP,Cloudy,0.19,9.24,0.5,33.4,52.0
2026-01-26 12:52:18,JBP,Rain,0.36,5.96,6.6,19.1,66.9
2026-03-25 03:41:59,JBP,Clear,0.29,6.33,0.6,9.8,42.7
2026-04-02 10:18:13,JBP,Clear,0.36,7.46,0.8,10.7,75.2
2026-03-14 04:35:08,JBP,Clear,0.33,7.23,0.4,21.8,82.7
2026-04-15 19:04:17,JBP,Cloudy,0.17,8.01,0.8,20.5,72.1
2026-01-10 00:22:34,JBP,Clear,0.39,6.39,1.1,6.6,72.3
2026-05-04 03:11:28,JBP,Clear,0.34,6.69,0.9,22.2,84.0
2026-01-01 20:02:25,JBP,Clear,0.29,7.54,0.4,31.9,65.4
2026-03-09 21:26:38,JBP,Clear,0.26,7.26,0.0,18.4,60.5
2026-03-12 18:50:28,JBP,Clear,0.12,9.72,0.4,22.2,64.5
2026-02-27 11:10:05,JBP,Clear,0.23,7.32,1.3,20.9,63.4
2026-04-18 13:48:29,JBP,Cloudy,0.22,8.12,0.5,34.3,80.0
2026-03-28 11:57:25,JBP,Clear,0.23,8.37,0.0,24.0,65.8
2026-01-04 22:51:28,JBP,Cloudy,0.47,5.45,0.4,26.1,82.7
2026-05-03 07:02:57,JBP,Cloudy,0.33,7.66,1.3,33.2,80.0
2026-04-03 00:18:35,JBP,Rain,0.15,7.74,11.3,34.1,46.5
2026-03-19 23:01:50,JBP,Clear,0.54,4.62,1.0,10.8,67.5
2026-02-18 07:58:01,JBP,Clear,0.13,8.48,0.2,28.2,61.9
2026-06-19 15:43:22,JBP,Clear,0.25,7.98,0.6,27.9,68.2
2026-03-09 15:39:58,JBP,Rain,0.32,6.66,12.3,37.4,100.0
2026-05-04 01:27:09,JBP,Clear,0.38,7.12,1.4,23.5,46.0
2026-05-22 02:41:50,JBP,Clear,0.19,7.79,1.1,35.8,46.3
2026-03-04 08:50:29,JBP,Fog,0.45,5.96,0.8,22.3,27.6
2026-01-03 03:25:50,JBP,Fog,0.59,4.59,0.8,26.8,68.7
2026-05-10 00:08:20,JBP,Cloudy,0.19,8.01,0.6,12.6,61.2
2026-03-16 02:30:17,JBP,Clear,0.24,7.34,0.6,24.2,63.3
2026-04-05 18:08:32,JBP,Clear,0.13,9.12,0.7,21.4,80.2
2026-05-18 20:32:49,JBP,Rain,0.24,6.67,14.7,22.5,87.4
2026-03-26 12:45:11,JBP,Clear,0.05,9.1,0.7,17.9,67.1
2026-02-21 12:28:10,JBP,Clear,0.14,9.49,0.9,17.9,62.4
2026-05-23 11:21:21,JBP,Clear,0.04,9.86,0.7,34.2,57.7
2026-06-24 14:31:20,JBP,Cloudy,0.48,6.1,0.6,26.1,52.2
2026-05-30 16:23:45,JBP,Clear,0.08,8.87,0.8,31.8,80.9
2026-01-24 07:38:54,JBP,Clear,0.43,5.75,0.3,16.6,93.0
2026-01-06 02:26:59,JBP,Cloudy,0.23,7.84,0.7,6.0,42.7
2026-01-13 00:38:23,JBP,Cloudy,0.42,6.16,1.2,23.1,75.2
2026-02-19 13:50:31,JBP,Clear,0.44,6.48,0.1,31.7,48.3
2026-04-07 08:55:25,JBP,Clear,0.16,8.6,0.4,21.6,90.9
2026-02-23 07:29:54,JBP,Rain,0.25,6.25,7.6,27.3,69.0
2026-05-03 01:03:39,JBP,Clear,0.24,7.7,1.4,18.2,48.9
2026-05-05 21:27:17,JBP,Clear,0.14,9.18,0.7,21.3,62.4
2026-04-11 01:39:21,JBP,Clear,0.42,7.23,0.3,24.6,99.6
2026-06-21 20:43:10,JBP,Rain,0.08,7.87,12.8,25.4,45.7
2026-01-13 19:43:38,JBP,Rain,0.39,5.67,21.5,22.3,81.3
2026-04-04 21:40:41,JBP,Cloudy,0.31,7.18,1.4,27.9,29.3
2026-03-12 13:44:24,JBP,Clear,0.33,7.01,0.9,36.9,49.8
2026-01-05 08:13:29,JBP,Cloudy,0.23,8.1,0.6,10.9,46.7
2026-03-08 12:22:39,JBP,Clear,0.3,6.91,1.0,9.8,67.8
2026-01-18 02:13:42,JBP,Fog,0.59,5.36,1.4,30.0,76.7
2026-06-04 01:29:46,JBP,Clear,0.35,6.87,0.1,15.7,58.4
2026-04-22 13:04:38,JBP,Rain,0.22,6.96,18.7,21.9,93.2
2026-03-25 21:37:16,JBP,Clear,0.31,7.15,0.6,24.9,100.0
2026-05-02 17:38:32,JBP,Cloudy,0.28,7.37,0.5,25.5,83.8
2026-01-24 18:09:18,JBP,Clear,0.35,6.79,1.5,29.5,100.0
2026-02-18 09:23:22,JBP,Clear,0.11,9.12,0.4,29.5,41.4
2026-04-27 00:33:00,JBP,Clear,0.09,9.23,0.5,19.3,59.5
2026-05-24 08:50:36,JBP,Clear,0.27,7.79,1.3,27.1,50.3
2026-02-13 13:08:33,JBP,Clear,0.11,8.4,0.3,26.3,74.6
2026-05-03 09:52:11,JBP,Clear,0.2,7.98,0.6,14.3,55.5
2026-01-03 00:22:13,JBP,Clear,0.41,6.39,0.7,21.1,98.8
2026-05-17 08:49:23,JBP,Clear,0.25,7.58,1.3,13.2,100.0
2026-01-04 09:25:06,JBP,Clear,0.49,5.3,0.2,36.6,50.5
2026-04-25 09:13:05,JBP,Clear,0.11,9.02,0.6,17.1,55.0
2026-02-19 07:59:06,JBP,Clear,0.58,4.98,0.0,22.7,73.5
2026-01-04 09:03:47,JBP,Cloudy,0.39,6.14,0.0,13.5,74.1
2026-03-07 05:05:56,JBP,Fog,0.74,3.47,0.1,26.6,69.7
2026-06-18 02:55:37,JBP,Clear,0.06,9.84,1.0,22.0,67.7
2026-02-11 07:20:27,JBP,Cloudy,0.19,8.68,0.6,12.8,59.6
2026-03-14 09:45:33,JBP,Clear,0.19,8.17,1.5,29.6,64.7
2026-02-23 19:12:25,JBP,Rain,0.29,5.95,0.7,24.3,60.6
2026-01-22 05:01:45,JBP,Fog,0.68,5.23,1.2,24.1,53.5
2026-05-06 21:09:11,JBP,Cloudy,0.06,9.83,0.4,26.0,76.6
2026-01-07 03:03:45,JBP,Clear,0.41,6.08,0.7,14.1,79.0
2026-03-07 19:21:38,JBP,Clear,0.21,7.59,1.4,36.0,45.5
2026-02-19 00:11:50,JBP,Clear,0.24,8.29,1.3,19.2,47.8
2026-02-08 10:14:52,JBP,Cloudy,0.22,8.17,0.7,14.2,72.8
2026-02-04 11:15:02,JBP,Fog,0.68,4.37,0.0,43.9,51.7
2026-03-17 15:37:57,JBP,Clear,0.55,4.68,1.1,43.2,88.5
2026-05-16 00:10:11,JBP,Clear,0.1,9.22,1.1,31.6,61.8
2026-06-17 02:34:00,JBP,Fog,0.92,2.32,0.9,24.9,86.7
2026-02-28 06:58:02,JBP,Clear,0.23,7.88,0.2,24.5,33.4
2026-01-17 01:19:26,JBP,Fog,0.58,5.01,1.4,31.5,40.7
2026-06-30 14:39:57,JBP,Rain,0.48,4.55,12.9,23.5,60.7
2026-03-20 08:40:31,JBP,Fog,0.45,6.83,0.4,17.2,57.8
2026-05-10 11:57:38,JBP,Fog,0.49,6.02,0.0,30.8,69.8
2026-04-17 11:59:21,JBP,Clear,0.12,9.06,0.8,32.9,59.7
2026-06-18 15:42:31,JBP,Cloudy,0.37,6.46,0.2,34.1,56.2
2026-05-06 08:42:54,JBP,Cloudy,0.34,7.43,1.4,24.3,60.2
2026-04-21 16:33:08,JBP,Cloudy,0.46,6.03,0.3,33.6,39.8
2026-04-26 07:29:18,JBP,Clear,0.05,9.27,0.4,22.5,67.6
2026-02-16 16:21:46,JBP,Clear,0.52,6.02,0.1,24.2,92.4
2026-05-13 09:45:48,JBP,Fog,0.48,5.84,0.8,31.3,42.5
2026-06-21 04:11:08,JBP,Clear,0.04,10.23,1.1,28.6,57.0
2026-01-01 21:35:39,JBP,Cloudy,0.5,5.3,1.5,15.4,58.5
2026-05-01 08:46:42,JBP,Clear,0.11,8.38,1.1,16.4,77.6
2026-04-11 01:52:21,JBP,Clear,0.37,6.74,0.7,26.0,47.9
2026-02-05 08:46:48,JBP,Clear,0.55,5.47,0.1,30.3,81.3
2026-03-11 19:06:01,JBP,Cloudy,0.5,6.2,0.9,26.8,92.8
2026-06-17 05:06:21,JBP,Clear,0.31,7.22,0.7,28.1,60.6
2026-03-17 07:46:04,JBP,Cloudy,0.35,7.42,0.0,28.7,44.3
2026-06-24 20:11:54,JBP,Fog,0.61,4.38,1.3,29.3,61.2
2026-01-08 18:49:39,JBP,Rain,0.47,4.49,10.0,25.3,69.8
2026-06-19 12:16:56,JBP,Clear,0.52,6.05,1.2,34.9,96.0
2026-05-04 00:31:52,JBP,Rain,0.51,4.36,19.0,22.1,89.5
2026-03-01 12:38:00,JBP,Clear,0.06,9.8,0.8,26.0,69.1
2026-04-14 20:40:06,JBP,Clear,0.45,6.11,1.1,36.7,79.2
2026-06-30 07:13:15,JBP,Clear,0.37,6.88,0.2,17.6,100.0
2026-01-30 17:46:53,JBP,Fog,0.68,4.29,0.2,16.8,41.0
2026-01-21 07:13:24,JBP,Clear,0.3,7.48,1.0,27.8,74.4
2026-01-18 21:33:40,JBP,Cloudy,0.1,8.29,0.9,19.9,53.8
2026-01-05 08:15:04,JBP,Cloudy,0.16,8.09,0.5,22.8,56.4
2026-04-17 16:39:17,JBP,Clear,0.06,9.76,1.4,22.2,86.7
2026-03-28 12:23:31,JBP,Fog,0.58,5.95,0.9,15.9,55.3
2026-01-15 06:15:15,JBP,Clear,0.51,5.37,0.1,14.0,68.4
2026-05-09 03:24:39,JBP,Cloudy,0.72,3.52,0.3,22.9,45.0
2026-01-16 21:52:43,JBP,Fog,0.82,3.45,0.9,10.6,68.0
2026-02-02 07:04:35,JBP,Clear,0.24,8.36,0.1,21.6,57.1
2026-04-09 03:13:32,JBP,Fog,0.47,5.58,1.4,26.0,48.7
2026-01-05 14:27:51,JBP,Clear,0.41,7.06,0.9,21.7,77.5
2026-05-11 21:27:20,JBP,Clear,0.29,7.46,0.9,31.1,73.5
2026-04-28 00:07:47,JBP,Clear,0.26,7.37,0.1,15.4,93.3
2026-02-03 19:45:57,JBP,Clear,0.39,6.3,0.7,20.3,58.5
2026-04-10 13:37:42,JBP,Clear,0.12,8.95,0.6,19.5,69.4
2026-04-21 10:28:11,JBP,Fog,0.55,5.71,0.9,28.4,71.6
2026-03-09 15:04:23,JBP,Cloudy,0.45,5.98,1.4,24.8,58.3
2026-06-12 05:10:06,JBP,Clear,0.14,8.73,0.2,22.9,76.2
2026-04-27 15:46:05,JBP,Cloudy,0.47,5.96,0.4,28.7,69.1
2026-01-16 18:54:42,JBP,Clear,0.47,5.92,1.1,19.3,53.3
2026-03-21 11:26:44,JBP,Clear,0.08,9.04,0.8,18.1,38.9
2026-01-21 02:36:07,JBP,Cloudy,0.18,8.4,1.2,20.9,83.3
2026-06-30 23:38:55,JBP,Clear,0.18,8.74,1.2,24.3,68.6
2026-04-07 01:33:17,JBP,Cloudy,0.57,4.23,0.5,7.2,79.9
2026-01-29 20:35:13,JBP,Cloudy,0.57,5.74,0.1,27.6,98.1
2026-06-08 09:47:11,JBP,Fog,0.37,7.42,0.6,29.4,60.0
2026-06-24 21:21:57,JBP,Clear,0.11,8.98,1.4,24.5,76.1
2026-04-27 16:44:50,JBP,Clear,0.39,6.57,0.6,24.2,72.1
2026-05-20 13:54:14,JBP,Fog,0.43,6.51,0.1,17.1,58.8
2026-02-25 14:10:06,JBP,Clear,0.17,7.99,1.2,18.4,87.9
2026-03-11 17:05:57,JBP,Clear,0.31,6.95,0.7,10.0,26.1
2026-05-21 22:06:29,JBP,Clear,0.19,7.68,0.3,32.3,50.1
2026-05-01 03:20:44,JBP,Fog,0.82,2.94,0.6,15.0,73.8
2026-05-12 17:11:35,JBP,Clear,0.52,5.37,0.2,11.3,100.0
2026-05-17 09:01:57,JBP,Fog,0.73,3.15,0.4,19.5,80.5
2026-01-03 05:07:16,JBP,Clear,0.23,7.22,0.7,25.2,97.5
2026-01-28 18:25:39,JBP,Rain,0.22,6.99,12.6,13.7,46.5
2026-01-23 10:22:47,JBP,Cloudy,0.16,8.14,0.5,29.0,69.8
2026-02-20 05:25:58,JBP,Clear,0.63,4.07,1.4,4.0,71.5
2026-04-02 19:12:50,JBP,Clear,0.08,9.46,1.0,15.0,80.7
2026-05-01 23:41:24,JBP,Cloudy,0.25,7.87,0.8,30.7,84.2
2026-01-24 23:25:17,JBP,Clear,0.2,8.2,1.1,9.3,49.7
2026-06-05 10:44:34,JBP,Cloudy,0.43,6.21,0.5,29.9,66.8
2026-05-12 06:13:05,JBP,Cloudy,0.15,9.38,1.0,27.2,77.3
2026-03-16 10:50:10,JBP,Rain,0.54,4.24,15.4,26.5,71.7
2026-05-06 16:39:25,JBP,Fog,0.54,5.33,0.6,29.5,68.0
2026-06-13 04:53:04,JBP,Cloudy,0.23,8.47,0.8,22.3,66.6
2026-01-06 20:00:08,JBP,Cloudy,0.28,7.25,1.2,24.5,83.1
2026-05-19 10:39:05,JBP,Clear,0.08,9.67,0.3,22.7,71.1
2026-03-26 02:27:55,JBP,Clear,0.49,5.29,0.7,18.4,57.4
2026-05-29 11:19:36,JBP,Clear,0.38,7.03,1.5,20.4,23.7
2026-06-29 14:30:59,JBP,Cloudy,0.24,7.53,1.4,23.9,100.0
2026-06-14 02:46:37,JBP,Rain,0.24,6.56,5.1,17.0,67.9
2026-03-22 08:53:12,JBP,Clear,0.35,6.43,1.2,22.1,45.8
2026-05-23 09:20:49,JBP,Clear,0.02,9.43,0.8,24.0,72.3
2026-01-13 08:16:06,JBP,Cloudy,0.38,6.78,1.0,25.6,42.3
2026-01-24 09:34:38,JBP,Clear,0.23,7.54,0.7,31.5,41.0
2026-06-15 17:48:15,JBP,Clear,0.68,4.47,1.2,27.4,88.9
2026-01-12 07:05:48,JBP,Clear,0.4,6.73,0.9,27.3,78.8
2026-02-23 02:15:46,JBP,Clear,0.47,5.72,0.1,21.4,89.1
2026-06-30 19:22:40,JBP,Clear,0.21,8.49,1.4,22.8,53.9
2026-04-14 12:26:13,JBP,Rain,0.34,6.07,1.9,15.1,82.9
2026-03-24 17:23:51,JBP,Clear,0.46,6.56,1.1,29.3,67.8
2026-06-25 17:51:48,JBP,Fog,0.5,5.47,0.9,39.2,71.8
2026-02-21 19:06:44,JBP,Cloudy,0.14,8.77,0.5,26.3,62.4
2026-06-09 01:41:04,JBP,Fog,0.77,3.57,0.0,11.7,82.1
2026-03-20 12:40:54,JBP,Clear,0.14,8.76,1.3,29.4,63.9
2026-04-09 14:01:47,JBP,Fog,0.92,2.31,0.6,32.0,70.1
2026-03-04 12:44:31,JBP,Clear,0.03,9.32,1.2,18.9,85.9
2026-03-23 14:59:05,JBP,Clear,0.27,8.25,0.7,9.7,72.4
2026-03-09 14:44:53,JBP,Clear,0.24,7.66,1.4,27.3,100.0
2026-03-20 02:00:16,JBP,Fog,0.51,6.98,0.6,7.7,20.0
2026-02-10 17:58:27,JBP,Clear,0.53,4.54,0.4,19.2,60.4
2026-04-18 03:29:29,JBP,Clear,0.27,6.92,0.0,19.1,66.0
2026-05-22 19:54:45,JBP,Clear,0.28,7.63,0.8,29.9,92.7
2026-06-18 12:18:53,JBP,Rain,0.41,5.61,2.5,20.9,78.2
2026-01-05 04:46:59,JBP,Fog,0.51,5.37,0.5,12.6,85.8
2026-03-26 23:58:48,JBP,Clear,0.07,10.09,1.0,42.2,52.9
2026-02-16 14:03:53,JBP,Fog,0.54,5.65,0.3,22.8,44.1
2026-04-16 12:16:25,JBP,Cloudy,0.29,8.08,0.7,28.3,71.2
2026-05-26 06:39:33,JBP,Clear,0.17,8.23,0.4,11.7,52.5
2026-01-24 09:05:36,JBP,Rain,0.6,4.78,3.0,33.8,65.0
2026-06-27 15:47:57,JBP,Clear,0.11,9.05,1.3,27.9,80.2
2026-03-19 08:26:23,JBP,Clear,0.56,5.21,1.2,25.3,21.9
2026-01-05 11:45:43,JBP,Clear,0.1,8.89,1.4,33.6,24.3
2026-01-24 14:40:28,JBP,Fog,0.91,2.59,0.3,9.4,100.0
2026-06-22 11:32:19,JBP,Clear,0.53,6.0,0.2,14.6,42.5
2026-04-02 00:24:33,JBP,Cloudy,0.26,7.97,1.1,27.8,72.5
2026-01-06 13:31:44,JBP,Clear,0.54,4.92,1.4,31.1,64.3
2026-06-23 19:35:53,JBP,Fog,0.54,5.49,1.4,31.3,75.2
2026-02-27 03:52:56,JBP,Clear,0.16,9.01,0.4,18.9,47.3
2026-01-23 21:07:12,JBP,Clear,0.18,7.94,1.2,17.5,57.6
2026-02-11 08:01:52,JBP,Fog,0.85,3.38,0.8,21.6,90.5
2026-01-13 14:08:01,JBP,Clear,0.56,5.4,0.0,21.1,87.8
2026-03-13 10:07:49,JBP,Clear,0.2,8.33,0.8,19.5,25.7
2026-06-23 11:11:49,JBP,Fog,0.36,7.02,0.1,38.5,71.8
2026-05-30 01:11:55,JBP,Clear,0.38,6.44,1.4,37.5,91.2
2026-01-01 10:18:16,JBP,Cloudy,0.13,9.05,1.2,13.9,85.9
2026-05-20 09:07:49,JBP,Clear,0.16,8.54,0.3,18.0,37.1
2026-05-31 01:55:36,JBP,Clear,0.26,7.39,0.3,30.0,57.4
2026-02-05 21:28:17,JBP,Clear,0.3,7.33,0.7,33.3,55.2
2026-04-04 19:12:19,JBP,Cloudy,0.14,9.32,1.0,13.1,53.3
2026-05-12 14:09:55,JBP,Rain,0.65,3.1,2.8,30.9,87.7
2026-05-07 06:09:00,JBP,Clear,0.01,9.72,0.9,11.4,85.1
2026-04-26 12:41:44,JBP,Clear,0.24,7.36,1.1,24.8,76.4
2026-06-09 21:30:05,JBP,Clear,0.18,8.47,0.6,18.4,70.6
2026-03-28 11:48:16,JBP,Clear,0.16,8.64,1.2,19.1,37.7
2026-03-29 06:23:05,JBP,Rain,0.21,6.06,12.8,27.0,64.9
2026-01-09 13:24:22,JBP,Clear,0.33,6.64,0.1,17.3,67.7
2026-01-18 05:02:34,JBP,Clear,0.24,7.59,1.4,15.8,74.2
2026-01-17 14:38:01,JBP,Cloudy,0.59,4.9,0.7,44.5,68.3
2026-03-13 02:10:24,JBP,Cloudy,0.46,6.62,0.1,24.3,45.8
2026-01-26 07:09:28,JBP,Clear,0.12,8.96,0.6,12.7,81.5
2026-05-07 05:31:19,JBP,Cloudy,0.46,6.57,0.5,31.6,62.1
2026-01-09 13:40:25,JBP,Clear,0.18,8.61,0.7,27.0,53.8
2026-04-04 14:14:52,JBP,Fog,0.56,5.54,0.5,12.8,46.1
2026-02-17 11:50:48,JBP,Clear,0.09,8.98,0.8,26.0,70.4
2026-06-05 10:36:36,JBP,Clear,0.35,6.95,1.4,26.7,76.0
2026-04-24 02:20:30,JBP,Cloudy,0.46,6.24,1.0,32.1,37.9
2026-05-14 23:27:25,JBP,Clear,0.32,6.68,1.0,27.9,83.9
2026-03-26 02:59:51,JBP,Clear,0.2,8.06,1.3,7.4,71.2
2026-01-03 08:20:52,JBP,Clear,0.21,7.65,1.1,25.2,71.4
2026-02-27 09:33:51,JBP,Rain,0.15,7.4,25.0,6.0,64.4
2026-01-12 04:07:56,JBP,Clear,0.21,7.4,0.9,37.9,69.3
2026-03-29 00:05:53,JBP,Clear,0.24,8.53,0.3,23.1,77.0
2026-05-17 05:24:36,JBP,Clear,0.17,8.47,1.3,26.3,100.0
2026-03-22 21:43:04,JBP,Rain,0.18,6.12,6.6,9.4,74.3
2026-01-08 02:57:58,JBP,Fog,0.84,2.67,0.0,30.8,85.0
2026-04-07 19:14:55,JBP,Cloudy,0.29,7.69,0.3,20.1,42.5
2026-06-16 06:07:55,JBP,Clear,0.2,8.31,0.7,36.5,57.9
2026-05-31 09:32:12,JBP,Cloudy,0.25,7.58,0.1,25.0,74.7
2026-01-29 00:26:52,JBP,Clear,0.32,8.01,0.4,31.9,68.6
2026-06-05 16:59:03,JBP,Clear,0.08,9.06,1.0,17.5,82.1
2026-02-02 22:47:52,JBP,Clear,0.62,5.09,0.3,19.5,90.1
2026-06-04 12:42:35,JBP,Clear,0.38,7.35,0.8,30.1,79.7
2026-02-24 05:19:34,JBP,Rain,0.23,7.58,2.4,28.1,59.9
2026-03-31 13:55:19,JBP,Clear,0.37,7.28,0.1,32.0,58.2
2026-02-28 20:11:51,JBP,Clear,0.33,7.25,1.2,22.5,80.4
2026-04-18 03:38:43,JBP,Fog,0.49,6.03,0.6,22.3,76.0
2026-05-14 23:23:54,JBP,Rain,0.41,4.72,19.9,16.1,51.3
2026-05-01 21:11:34,JBP,Rain,0.02,8.72,2.4,21.0,61.9
2026-02-27 11:22:27,JBP,Fog,0.54,5.12,0.7,25.3,57.7
2026-02-07 18:51:00,JBP,Clear,0.26,7.58,0.1,32.3,74.3
2026-05-23 02:57:31,JBP,Clear,0.1,9.57,0.3,19.3,37.3
2026-06-03 03:38:56,JBP,Clear,0.03,9.28,0.2,29.0,45.6
2026-01-29 20:43:28,JBP,Clear,0.71,3.96,0.5,24.9,60.5
2026-05-10 19:19:44,JBP,Clear,0.27,7.19,0.5,17.7,100.0
2026-02-20 00:41:39,JBP,Clear,0.27,8.19,0.5,34.6,59.1
2026-06-27 00:18:35,JBP,Clear,0.2,9.15,1.4,24.5,85.0
2026-02-09 00:24:57,JBP,Fog,0.61,4.19,1.1,15.4,68.2
2026-06-05 16:42:14,JBP,Clear,0.34,6.94,0.3,11.1,68.5
2026-03-29 07:26:22,JBP,Clear,0.66,4.03,0.1,13.6,74.2
2026-06-23 16:01:05,JBP,Cloudy,0.17,8.7,0.7,28.9,72.8
2026-04-02 13:40:23,JBP,Rain,0.1,7.51,1.9,26.3,55.1
2026-04-24 00:00:51,JBP,Fog,0.5,5.92,1.4,16.1,58.2
2026-04-14 08:03:51,JBP,Cloudy,0.29,6.9,1.1,15.6,56.1
2026-01-11 00:41:59,JBP,Clear,0.1,8.86,0.7,34.6,100.0
2026-01-15 22:10:00,JBP,Cloudy,0.38,6.69,0.9,9.7,35.2
