timestamp,current_station,weather,fog_index,visibility_km,rainfall_mm,temperature_c,humidity_percent
2026-05-17 13:51:19,KOTA,Fog,0.72,3.06,1.3,8.6,71.7
2026-04-26 09:58:36,KOTA,Rain,0.32,6.47,2.8,12.3,81.5
2026-02-18 05:44:03,KOTA,Clear,0.23,7.85,0.1,29.4,89.7
2026-03-01 00:39:08,KOTA,Clear,0.13,8.69,0.7,20.6,64.0
2026-02-04 17:02:12,KOTA,Clear,0.64,5.18,0.6,7.4,66.7
2026-06-28 13:09:00,KOTA,Rain,0.07,8.58,10.2,14.4,50.6
2026-02-23 18:01:19,KOTA,Cloudy,0.12,8.84,0.7,15.0,53.5
2026-01-22 19:24:12,KOTA,Cloudy,0.18,8.53,0.8,13.8,56.8
2026-01-11 20:00:39,KOTA,Clear,0.2,8.36,0.7,21.3,63.4
2026-03-31 19:06:55,KOTA,Clear,0.36,7.79,0.0,14.3,57.5
2026-03-29 23:09:40,KOTA,Clear,0.27,7.91,1.0,15.8,56.3
2026-02-12 02:03:29,KOTA,Fog,0.67,4.28,1.0,12.7,98.6
2026-04-10 12:14:54,KOTA,Fog,0.7,4.19,1.0,33.2,68.4
2026-02-06 18:59:55,KOTA,Clear,0.28,6.65,1.4,24.1,73.6
2026-06-14 02:57:35,KOTA,Rain,0.61,3.29,24.0,20.4,100.0
2026-06-18 06:29:42,KOTA,Cloudy,0.41,5.47,1.4,38.9,44.4
2026-06-12 06:55:12,KOTA,Rain,0.21,6.97,10.2,18.9,98.9
2026-02-09 01:46:33,KOTA,Clear,0.19,8.33,0.3,11.9,77.0
2026-06-09 09:00:47,KOTA,Clear,0.11,8.38,0.5,29.6,80.6
2026-01-08 15:19:14,KOTA,Clear,0.15,8.59,0.8,23.8,43.7
2026-06-22 03:03:17,KOTA,Clear,0.16,8.8,0.3,21.0,66.8
2026-04-22 19:07:04,KOTA,Rain,0.71,2.31,3.2,38.9,60.2
2026-05-03 16:05:45,KOTA,Cloudy,0.41,6.83,1.3,30.8,85.9
2026-04-08 01:59:32,KOTA,Clear,0.44,6.86,1.0,23.1,61.0
2026-04-16 05:03:39,KOTA,Clear,0.26,8.07,0.5,23.8,27.7
2026-05-25 02:08:19,KOTA,Rain,0.45,4.89,3.1,12.3,50.3
2026-05-15 06:31:02,KOTA,Rain,0.34,6.5,7.3,17.3,59.7
2026-03-10 19:42:19,KOTA,Cloudy,0.17,8.57,1.3,21.0,74.7
2026-02-15 07:32:28,KOTA,Clear,0.32,7.76,1.0,37.5,68.5
2026-02-21 04:57:29,KOTA,Fog,0.45,6.1,1.3,12.8,57.2
2026-04-16 00:09:02,KOTA,Cloudy,0.61,4.31,0.3,12.3,46.4
2026-04-23 15:12:30,KOTA,Clear,0.32,7.24,0.3,15.7,99.7
2026-01-18 02:58:39,KOTA,Clear,0.29,7.38,0.9,38.2,65.7
2026-04-22 13:36:20,KOTA,Fog,0.73,3.6,1.1,16.4,74.8
2026-04-03 07:14:32,KOTA,Clear,0.38,7.45,1.1,24.7,64.7
2026-05-26 23:19:06,KOTA,Clear,0.06,9.6,0.9,29.0,51.8
2026-04-30 22:41:33,KOTA,Clear,0.18,8.11,0.7,29.3,34.4
2026-03-23 23:54:37,KOTA,Cloudy,0.06,8.88,0.2,20.8,48.3
2026-01-05 20:21:59,KOTA,Clear,0.48,4.87,0.8,32.9,67.4
2026-02-12 22:01:34,KOTA,Cloudy,0.17,8.92,0.8,22.2,100.0
2026-03-09 01:12:35,KOTA,Fog,0.68,4.28,1.5,26.7,93.9
2026-04-25 03:59:50,KOTA,Clear,0.19,8.75,1.1,25.5,79.7
2026-01-22 09:12:42,KOTA,Cloudy,0.28,7.93,0.2,22.0,53.3
2026-02-05 08:50:01,KOTA,Clear,0.21,8.19,0.1,15.0,73.6
2026-06-04 12:22:40,KOTA,Clear,0.2,7.94,1.4,20.4,58.0
2026-06-21 14:54:08,KOTA,Clear,0.41,7.01,0.9,14.4,66.9
2026-04-25 06:52:25,KOTA,Clear,0.26,7.99,0.2,7.7,83.6
2026-01-11 23:55:55,KOTA,Clear,0.44,5.22,0.2,31.9,66.4
2026-06-15 12:40:40,KOTA,Clear,0.24,8.3,0.2,25.4,74.6
2026-04-08 08:35:13,KOTA,Clear,0.27,7.29,1.2,26.3,73.1
2026-05-08 23:20:42,KOTA,Clear,0.51,5.96,1.1,33.8,67.1
2026-01-17 08:02:37,KOTA,Cloudy,0.26,8.34,1.0,27.9,30.9
2026-04-17 00:44:44,KOTA,Cloudy,0.29,7.6,1.2,22.3,88.6
2026-02-11 10:09:59,KOTA,Clear,0.14,8.79,0.6,33.2,52.4
2026-01-21 03:43:22,KOTA,Cloudy,0.12,9.22,1.4,22.5,63.8
2026-05-11 01:42:31,KOTA,Rain,0.45,5.08,10.0,30.9,41.9
2026-01-23 17:35:21,KOTA,Clear,0.1,9.72,0.8,27.6,93.6
2026-02-11 00:55:55,KOTA,Clear,0.3,7.07,0.4,24.9,62.2
2026-01-04 21:53:14,KOTA,Clear,0.23,8.47,0.7,32.0,48.4
2026-02-14 01:45:38,KOTA,Clear,0.08,9.42,0.7,14.0,87.4
2026-02-01 12:39:18,KOTA,Fog,1.0,1.81,0.5,25.8,76.5
2026-05-27 07:51:49,KOTA,Clear,0.17,7.63,0.8,23.8,62.7
2026-06-27 19:50:07,KOTA,Clear,0.2,9.03,0.5,14.3,68.1
2026-02-01 01:04:48,KOTA,Fog,0.5,5.64,1.4,34.6,49.8
2026-01-11 03:28:41,KOTA,Fog,0.42,6.22,0.3,11.2,43.0
2026-03-09 09:17:22,KOTA,Clear,0.53,4.97,0.1,17.1,48.9
2026-01-04 22:36:19,KOTA,Clear,0.55,5.48,1.0,18.0,72.0
2026-04-20 11:20:13,KOTA,Cloudy,0.54,5.09,1.1,24.4,61.0
2026-02-27 12:33:45,KOTA,Rain,0.25,6.65,14.6,15.1,77.2
2026-06-03 12:55:24,KOTA,Cloudy,0.31,7.79,1.1,14.2,75.0
2026-06-07 03:16:34,KOTA,Fog,0.71,3.72,1.0,27.2,82.9
2026-03-11 18:24:16,KOTA,Cloudy,0.12,9.28,1.1,17.0,44.0
2026-01-04 22:55:41,KOTA,Clear,0.58,4.85,1.0,15.9,71.3
2026-04-22 00:43:56,KOTA,Cloudy,0.21,7.64,1.3,15.5,73.8
2026-02-13 01:02:18,KOTA,Clear,0.12,8.59,0.8,9.9,31.4
2026-04-28 08:50:32,KOTA,Clear,0.12,8.36,1.4,15.6,75.4
2026-05-11 21:26:01,KOTA,Rain,0.15,8.18,8.4,29.5,78.6
2026-06-20 11:11:21,KOTA,Clear,0.13,9.15,0.4,29.2,100.0
2026-01-22 20:41:57,KOTA,Fog,0.44,5.86,1.1,17.8,65.3
2026-03-17 14:35:49,KOTA,Clear,0.39,6.78,0.4,30.5,53.4
2026-05-21 17:21:32,KOTA,Cloudy,0.36,7.57,1.4,27.1,53.8
2026-01-09 23:44:43,KOTA,Cloudy,0.17,8.31,0.7,13.8,73.2
2026-01-26 06:34:50,KOTA,Clear,0.47,5.59,0.7,40.6,75.5
2026-06-03 11:57:00,KOTA,Clear,0.25,8.25,0.9,22.6,63.6
2026-02-06 09:46:12,KOTA,Cloudy,0.16,8.46,0.7,40.0,54.9
2026-03-04 14:41:51,KOTA,Rain,0.13,8.24,15.0,37.6,92.7
2026-06-01 23:02:26,KOTA,Clear,0.67,4.13,1.4,27.7,55.4
2026-03-04 23:10:23,KOTA,Clear,0.07,10.67,0.2,14.2,82.5
2026-02-23 14:56:44,KOTA,Rain,0.62,3.47,6.2,28.6,59.6
2026-01-19 16:08:32,KOTA,Cloudy,0.55,4.98,0.5,14.8,75.7
2026-06-10 13:48:04,KOTA,Clear,0.36,6.5,1.0,30.1,87.2
2026-04-14 08:12:55,KOTA,Cloudy,0.42,6.63,1.3,29.0,73.9
2026-06-23 13:04:19,KOTA,Clear,0.37,7.17,1.1,26.4,70.2
2026-05-02 11:51:58,KOTA,Cloudy,0.51,5.22,0.5,19.1,67.0
2026-05-18 17:50:55,KOTA,Rain,0.19,6.92,3.4,19.4,94.8
2026-02-03 08:09:15,KOTA,Fog,0.69,3.7,1.3,16.1,88.7
2026-02-09 22:40:21,KOTA,Clear,0.31,7.59,0.2,23.5,66.3
2026-04-11 23:35:51,KOTA,Clear,0.32,7.7,0.7,20.7,73.7
2026-03-19 07:14:36,KOTA,Cloudy,0.29,7.52,0.4,25.5,50.7
2026-01-28 18:34:34,KOTA,Cloudy,0.1,9.46,0.0,8.6,53.0
2026-03-05 02:23:12,KOTA,Rain,0.26,6.41,12.6,16.1,53.8
2026-01-16 01:26:00,KOTA,Fog,0.73,3.46,0.8,29.0,77.7
2026-05-06 13:03:10,KOTA,Clear,0.49,5.64,0.3,34.5,28.8
2026-04-02 12:50:35,KOTA,Clear,0.22,8.11,1.3,16.3,31.6
2026-04-26 05:04:36,KOTA,Clear,0.17,9.02,1.2,23.5,62.3
2026-04-11 01:57:06,KOTA,Clear,0.16,9.29,1.2,33.5,55.2
2026-02-17 10:58:09,KOTA,Cloudy,0.12,9.13,0.1,30.3,72.2
2026-04-29 19:45:43,KOTA,Clear,0.38,6.76,0.4,22.7,53.5
2026-01-25 10:11:29,KOTA,Clear,0.64,4.42,0.8,29.2,85.7
2026-04-10 00:59:54,KOTA,Rain,0.44,5.19,1.4,10.1,81.6
2026-04-07 00:32:03,KOTA,Clear,0.07,9.03,1.2,26.9,58.6
2026-05-20 05:15:23,KOTA,Fog,0.69,4.37,1.5,15.4,100.0
2026-04-29 20:28:07,KOTA,Clear,0.29,7.17,1.2,11.9,67.3
2026-03-13 10:06:51,KOTA,Clear,0.71,4.06,0.7,18.3,79.5
2026-05-02 04:49:13,KOTA,Cloudy,0.12,8.83,1.3,30.7,25.4
2026-05-15 09:57:47,KOTA,Fog,0.82,3.1,1.3,29.8,85.4
2026-02-09 03:39:06,KOTA,Clear,0.58,5.09,1.4,28.6,72.7
2026-04-28 04:52:36,KOTA,Clear,0.4,6.65,1.3,30.3,48.5
2026-02-09 11:06:48,KOTA,Clear,0.27,7.66,0.0,17.5,67.6
2026-04-14 03:28:00,KOTA,Clear,0.52,5.59,0.4,11.2,74.8
2026-06-08 11:03:45,KOTA,Fog,0.69,4.47,0.5,21.4,85.5
2026-02-25 16:35:51,KOTA,Rain,0.41,5.59,9.3,23.9,63.2
2026-02-01 20:29:01,KOTA,Cloudy,0.12,9.43,1.2,20.7,57.8
2026-02-18 00:26:32,KOTA,Cloudy,0.11,9.24,0.1,32.2,93.4
2026-03-04 12:01:57,KOTA,Fog,0.59,4.36,0.3,32.2,32.2
2026-05-21 23:34:50,KOTA,Clear,0.47,5.9,0.5,37.0,74.4
2026-05-15 15:36:53,KOTA,Clear,0.16,9.97,1.2,28.3,67.0
2026-03-14 01:45:19,KOTA,Rain,0.09,8.37,6.1,26.4,76.2
2026-05-05 13:57:23,KOTA,Rain,0.23,7.67,10.9,31.2,38.4
2026-01-28 18:45:28,KOTA,Clear,0.43,7.11,0.0,20.1,70.7
2026-01-08 15:46:23,KOTA,Clear,0.66,5.68,0.0,31.7,61.7
2026-04-12 11:31:13,KOTA,Clear,0.4,6.32,1.4,19.2,67.7
2026-04-26 08:07:16,KOTA,Clear,0.15,8.62,0.4,28.5,57.2
2026-01-28 09:05:38,KOTA,Clear,0.3,6.73,0.7,29.0,85.0
2026-01-10 23:41:39,KOTA,Clear,0.33,6.75,0.6,24.5,71.5
2026-06-28 21:20:31,KOTA,Rain,0.33,5.79,9.2,15.7,61.3
2026-02-12 03:25:22,KOTA,Fog,0.47,5.93,0.8,20.1,91.4
2026-01-10 07:45:49,KOTA,Clear,0.25,8.11,1.5,22.1,73.9
2026-01-18 17:29:27,KOTA,Cloudy,0.17,8.51,0.2,16.8,72.2
2026-02-04 02:10:02,KOTA,Rain,0.16,7.36,14.6,19.2,73.3
2026-06-02 16:26:28,KOTA,Fog,0.56,5.22,1.3,38.0,84.4
2026-03-01 14:18:08,KOTA,Cloudy,0.08,8.97,0.6,23.7,56.8
2026-04-15 00:24:27,KOTA,Cloudy,0.2,9.08,0.8,19.6,38.5
2026-03-10 16:50:16,KOTA,Cloudy,0.34,7.24,1.4,27.6,79.9
2026-03-17 19:48:16,KOTA,Clear,0.54,5.4,1.1,18.5,84.5
2026-01-25 05:54:56,KOTA,Clear,0.47,6.59,1.3,26.8,80.7
2026-05-14 05:23:03,KOTA,Cloudy,0.39,6.16,0.1,31.2,73.5
2026-05-10 03:35:37,KOTA,Clear,0.54,5.46,1.3,14.9,60.3
2026-02-10 08:38:48,KOTA,Clear,0.09,9.05,0.1,27.4,49.3
2026-05-13 18:58:00,KOTA,Clear,0.25,7.88,1.5,21.5,95.8
2026-03-12 19:42:56,KOTA,Clear,0.32,7.1,1.5,15.9,54.0
2026-01-27 17:38:35,KOTA,Clear,0.02,9.96,1.3,31.3,55.4
2026-01-05 08:03:27,KOTA,Clear,0.17,8.39,0.8,35.0,36.7
2026-01-10 06:04:24,KOTA,Rain,0.65,3.25,11.3,31.4,50.4
2026-03-04 15:34:04,KOTA,Clear,0.2,8.68,0.9,38.2,89.5
2026-03-17 21:11:56,KOTA,Cloudy,0.16,8.15,0.1,21.3,20.1
2026-05-15 06:39:29,KOTA,Clear,0.19,9.51,0.7,36.7,82.0
2026-02-11 15:03:19,KOTA,Cloudy,0.75,4.22,1.1,17.3,61.6
2026-01-15 07:17:33,KOTA,Rain,0.3,5.99,2.8,27.4,69.7
2026-04-09 16:43:14,KOTA,Cloudy,0.52,5.55,0.8,21.1,75.4
2026-03-19 01:31:39,KOTA,Clear,0.32,7.26,0.9,17.4,100.0
2026-05-19 21:33:18,KOTA,Fog,0.61,4.47,0.3,31.8,72.5
2026-05-03 11:16:34,KOTA,Clear,0.03,10.69,0.2,21.7,20.1
2026-01-25 23:15:41,KOTA,Clear,0.02,9.99,1.0,24.0,20.0
2026-01-24 21:42:15,KOTA,Clear,0.57,4.98,0.1,30.5,85.1
2026-04-09 22:45:04,KOTA,Clear,0.12,8.32,0.6,42.9,38.6
2026-04-04 07:05:52,KOTA,Clear,0.16,8.6,0.3,25.1,64.9
2026-04-30 17:25:30,KOTA,Clear,0.18,9.01,0.4,18.2,64.2
2026-04-09 15:30:25,KOTA,Clear,0.34,6.35,0.8,24.8,50.7
2026-06-07 04:30:33,KOTA,Clear,0.25,8.75,0.1,42.4,89.6
2026-06-17 01:10:57,KOTA,Clear,0.3,8.22,0.9,33.7,28.8
2026-01-11 06:16:43,KOTA,Clear,0.16,9.12,0.9,26.0,36.7
2026-02-27 14:33:52,KOTA,Fog,0.67,4.71,0.1,13.9,72.1
2026-02-04 14:53:53,KOTA,Cloudy,0.06,10.08,1.0,34.8,39.4
2026-06-27 23:26:40,KOTA,Cloudy,0.75,4.5,1.4,36.1,63.2
2026-04-13 17:12:15,KOTA,Cloudy,0.24,8.17,0.6,33.8,62.5
2026-02-16 10:36:35,KOTA,Cloudy,0.18,8.37,1.4,29.2,50.6
2026-03-22 07:49:43,KOTA,Rain,0.13,7.87,6.2,28.4,76.2
2026-04-15 21:35:45,KOTA,Cloudy,0.16,8.59,0.6,38.1,84.5
2026-04-17 09:14:03,KOTA,Clear,0.36,7.37,0.5,14.5,33.1
2026-06-27 19:59:10,KOTA,Clear,0.11,9.04,0.3,25.3,44.5
2026-05-31 11:58:56,KOTA,Cloudy,0.02,10.28,1.3,22.6,61.3
2026-06-30 10:57:09,KOTA,Clear,0.07,9.45,1.0,28.4,60.0
2026-06-13 16:33:11,KOTA,Clear,0.42,6.73,0.4,12.0,73.1
2026-04-24 17:06:26,KOTA,Cloudy,0.29,7.21,1.3,18.2,78.9
2026-03-20 14:33:34,KOTA,Clear,0.15,8.95,1.1,40.1,53.5
2026-05-03 05:12:51,KOTA,Clear,0.22,7.75,1.1,7.5,43.7
2026-01-19 22:00:24,KOTA,Clear,0.08,9.47,0.4,25.2,45.1
2026-01-02 06:37:21,KOTA,Clear,0.3,7.42,1.5,28.4,48.4
2026-01-04 07:44:38,KOTA,Rain,0.23,6.86,10.2,13.8,57.7
2026-03-08 16:10:38,KOTA,Clear,0.03,9.0,0.5,29.1,39.4
2026-06-02 14:45:46,KOTA,Cloudy,0.31,7.3,1.3,25.2,63.0
2026-06-06 21:25:55,KOTA,Clear,0.17,8.85,0.4,14.3,56.8
2026-03-13 19:22:54,KOTA,Clear,0.12,8.55,1.2,20.7,50.5
2026-06-18 14:34:37,KOTA,Cloudy,0.14,8.22,0.5,20.8,84.8
2026-06-16 04:32:40,KOTA,Rain,0.18,7.61,3.3,28.0,88.7
2026-04-16 23:35:20,KOTA,Clear,0.41,6.51,0.7,27.7,36.7
2026-03-08 12:14:49,KOTA,Clear,0.29,8.49,0.7,27.2,47.3
2026-03-20 17:25:24,KOTA,Cloudy,0.73,3.67,1.3,24.0,71.7
2026-01-18 07:44:56,KOTA,Cloudy,0.17,8.52,1.5,20.8,44.7
2026-05-17 19:04:17,KOTA,Clear,0.18,8.32,0.2,35.7,67.1
2026-05-21 12:51:56,KOTA,Cloudy,0.23,7.72,1.4,20.1,58.2
2026-05-12 19:19:00,KOTA,Clear,0.43,6.93,1.3,26.9,39.3
2026-03-19 19:23:45,KOTA,Clear,0.19,7.92,1.3,25.4,61.2
2026-06-13 17:37:30,KOTA,Fog,0.64,4.42,0.8,30.2,100.0
2026-05-21 09:07:12,KOTA,Cloudy,0.19,8.49,0.6,6.2,63.8
2026-01-09 08:27:38,KOTA,Cloudy,0.21,8.55,1.3,15.9,32.2
2026-02-21 13:43:37,KOTA,Cloudy,0.12,9.67,1.5,24.8,59.3
2026-05-05 16:53:05,KOTA,Clear,0.5,5.64,0.2,13.7,20.0
2026-01-16 07:44:12,KOTA,Fog,0.86,2.81,0.8,24.2,90.0
2026-04-25 19:25:47,KOTA,Fog,0.55,5.2,0.7,29.6,60.9
2026-01-19 10:38:16,KOTA,Rain,0.53,4.47,4.1,11.4,69.2
2026-05-23 16:49:20,KOTA,Cloudy,0.39,7.34,0.9,37.8,63.4
2026-01-24 12:38:16,KOTA,Cloudy,0.33,7.31,0.9,13.5,73.5
2026-03-28 19:14:20,KOTA,Clear,0.06,9.29,0.9,43.5,57.3
2026-06-05 00:46:48,KOTA,Clear,0.32,6.7,1.2,29.4,27.5
2026-02-28 02:17:46,KOTA,Clear,0.15,8.55,0.6,22.2,27.5
2026-01-02 01:32:14,KOTA,Rain,0.18,7.69,15.9,30.3,49.5
2026-03-31 15:12:24,KOTA,Clear,0.22,8.33,1.0,25.6,97.9
2026-05-22 06:41:55,KOTA,Cloudy,0.27,7.63,1.4,15.0,47.3
2026-01-29 21:35:41,KOTA,Rain,0.35,5.06,9.1,17.7,64.1
2026-01-27 06:28:59,KOTA,Clear,0.33,6.72,1.3,35.6,39.3
2026-06-28 07:31:03,KOTA,Clear,0.22,8.73,0.6,28.3,100.0
2026-01-04 15:51:12,KOTA,Clear,0.18,8.24,1.1,7.5,83.9
2026-04-06 15:51:51,KOTA,Fog,0.58,5.68,0.7,26.2,76.4
2026-05-24 10:45:50,KOTA,Clear,0.18,9.02,1.4,14.3,47.0
2026-03-14 08:56:57,KOTA,Clear,0.24,8.25,0.9,21.3,54.7
2026-01-24 16:22:53,KOTA,Cloudy,0.25,8.33,0.7,23.9,76.3
2026-03-04 14:00:15,KOTA,Rain,0.17,7.4,3.8,35.0,60.2
2026-01-05 03:46:28,KOTA,Rain,0.66,3.36,2.1,27.8,63.2
2026-03-30 13:44:28,KOTA,Clear,0.28,7.56,0.0,35.0,91.0
2026-05-16 14:41:52,KOTA,Clear,0.35,7.37,0.1,3.4,100.0
2026-05-23 15:11:26,KOTA,Cloudy,0.51,6.25,0.4,34.7,69.8
2026-02-06 01:04:08,KOTA,Clear,0.43,6.4,0.5,28.8,55.0
2026-03-17 20:43:06,KOTA,Clear,0.46,6.69,0.6,15.1,69.8
2026-04-10 01:05:25,KOTA,Clear,0.4,7.14,0.5,27.0,37.0
2026-05-07 12:26:34,KOTA,Clear,0.26,7.29,1.0,18.0,74.9
2026-02-13 15:33:12,KOTA,Clear,0.08,8.44,0.9,29.3,60.8
2026-05-17 21:43:20,KOTA,Rain,0.29,6.62,4.6,27.0,48.8
2026-04-24 03:08:51,KOTA,Cloudy,0.15,9.17,1.1,24.3,60.6
2026-05-31 09:08:27,KOTA,Clear,0.21,7.72,0.9,31.3,61.2
2026-06-06 03:50:20,KOTA,Clear,0.29,7.4,1.5,21.8,85.3
2026-02-01 09:43:23,KOTA,Rain,0.21,7.45,5.8,29.0,52.2
2026-04-01 22:02:13,KOTA,Clear,0.4,7.28,0.7,16.9,68.7
2026-01-17 15:07:54,KOTA,Clear,0.14,8.56,0.5,24.7,66.0
2026-05-24 08:39:20,KOTA,Clear,0.11,8.83,1.2,16.9,73.0
2026-05-24 01:07:35,KOTA,Cloudy,0.43,5.78,0.5,19.6,64.8
2026-04-12 10:53:04,KOTA,Rain,0.17,7.48,6.3,16.8,68.9
2026-02-25 03:59:45,KOTA,Cloudy,0.27,8.24,1.2,5.8,47.2
2026-05-13 06:23:54,KOTA,Clear,0.1,9.29,1.3,25.8,38.8
2026-03-27 14:38:58,KOTA,Clear,0.17,9.0,0.5,37.0,73.8
2026-02-14 17:20:30,KOTA,Clear,0.25,8.74,0.9,18.2,89.4
2026-05-18 03:43:13,KOTA,Cloudy,0.05,9.31,0.3,33.3,53.5
2026-02-24 19:14:11,KOTA,Clear,0.16,8.91,0.6,39.4,47.1
2026-03-02 02:59:21,KOTA,Cloudy,0.1,9.4,0.7,45.0,56.5
2026-04-21 23:01:04,KOTA,Fog,0.85,2.41,1.0,30.8,87.1
2026-06-27 04:21:09,KOTA,Clear,0.19,8.2,0.6,17.9,94.4
2026-06-16 21:42:03,KOTA,Cloudy,0.49,5.87,0.7,32.9,33.3
2026-05-29 04:24:17,KOTA,Rain,0.07,8.98,1.3,11.7,65.1
2026-01-07 02:12:57,KOTA,Clear,0.34,6.95,0.8,27.4,55.3
2026-03-14 13:11:24,KOTA,Rain,0.04,8.97,4.9,18.1,80.9
2026-05-17 02:00:38,KOTA,Rain,0.13,8.32,2.4,16.3,43.5
2026-04-17 07:53:36,KOTA,Clear,0.29,7.33,0.8,17.1,40.4
2026-02-11 17:37:38,KOTA,Clear,0.16,8.6,0.6,10.6,56.6
2026-05-30 09:55:37,KOTA,Clear,0.08,9.08,0.2,15.7,61.9
2026-02-21 04:51:42,KOTA,Clear,0.59,4.58,0.4,21.3,74.1
2026-03-05 23:43:22,KOTA,Fog,0.64,5.04,0.3,22.2,63.2
2026-05-15 17:08:00,KOTA,Rain,0.03,8.22,3.5,33.4,74.9
2026-01-27 02:51:57,KOTA,Cloudy,0.32,7.37,0.4,13.7,77.4
2026-04-02 07:36:21,KOTA,Clear,0.47,5.69,0.6,8.9,87.1
2026-05-10 08:09:32,KOTA,Clear,0.14,8.73,1.5,21.1,60.9
2026-05-21 17:54:23,KOTA,Clear,0.31,7.38,0.5,29.1,52.0
2026-01-18 10:30:40,KOTA,Clear,0.42,6.65,0.1,38.3,79.0
2026-01-23 15:23:58,KOTA,Clear,0.42,6.67,1.4,32.0,100.0
2026-06-22 10:28:44,KOTA,Clear,0.46,5.49,0.9,31.5,70.7
2026-01-13 15:35:11,KOTA,Clear,0.48,6.16,1.0,13.9,70.8
2026-03-25 02:11:20,KOTA,Clear,0.14,8.52,1.2,23.0,70.0
2026-01-06 01:33:44,KOTA,Clear,0.24,7.56,1.4,35.1,81.7
2026-03-28 02:05:54,KOTA,Cloudy,0.11,8.76,1.1,36.2,71.0
2026-05-09 21:31:44,KOTA,Cloudy,0.51,5.24,0.5,33.7,70.8
2026-06-11 14:39:59,KOTA,Cloudy,0.32,7.43,1.3,30.1,20.0
2026-06-02 07:44:20,KOTA,Fog,0.68,4.99,1.4,29.4,96.2
2026-01-25 17:23:47,KOTA,Clear,0.45,5.74,0.9,26.1,55.0
2026-02-09 17:37:09,KOTA,Fog,0.66,4.32,0.8,36.3,76.8
2026-04-28 00:26:03,KOTA,Clear,0.62,4.22,1.4,15.9,84.7
2026-06-21 11:02:06,KOTA,Cloudy,0.04,9.2,1.2,20.8,95.2
2026-04-11 18:26:19,KOTA,Fog,0.61,5.02,0.4,10.8,61.9
2026-01-17 07:05:56,KOTA,Clear,0.43,6.2,0.1,40.5,88.3
2026-03-25 02:02:53,KOTA,Clear,0.68,4.45,1.4,37.2,83.1
2026-02-05 07:14:25,KOTA,Clear,0.34,6.85,0.1,21.2,88.4
2026-03-30 20:08:11,KOTA,Clear,0.13,9.36,1.5,25.4,38.7
2026-06-08 23:51:48,KOTA,Cloudy,0.04,10.82,0.9,22.6,35.6
2026-06-18 22:30:38,KOTA,Rain,0.17,7.25,3.9,30.9,68.4
2026-01-13 16:56:21,KOTA,Clear,0.13,8.48,1.0,18.8,71.5
2026-02-20 21:55:10,KOTA,Rain,0.53,4.71,13.3,29.8,47.5
2026-03-22 05:50:45,KOTA,Clear,0.21,8.29,0.8,28.7,45.2
2026-03-05 11:07:59,KOTA,Cloudy,0.31,7.16,1.5,31.6,44.0
2026-04-14 05:07:17,KOTA,Clear,0.44,6.22,0.1,21.3,76.1
2026-01-03 05:01:08,KOTA,Cloudy,0.37,6.98,0.2,24.3,47.8
2026-05-13 05:24:59,KOTA,Clear,0.33,7.09,1.3,26.7,88.8
2026-04-30 15:38:47,KOTA,Rain,0.3,6.21,0.8,34.5,99.9
2026-05-06 23:27:37,KOTA,Clear,0.41,6.6,1.4,17.4,56.5
2026-05-31 20:47:43,KOTA,Clear,0.55,5.45,0.3,38.4,68.0
2026-03-05 00:15:37,KOTA,Clear,0.37,7.05,0.3,25.7,83.7
2026-03-25 20:22:10,KOTA,Clear,0.06,9.76,1.1,23.6,51.9
2026-03-22 09:48:37,KOTA,Rain,0.21,6.71,2.4,32.2,50.3
2026-06-06 03:36:23,KOTA,Fog,0.58,5.32,0.5,19.5,66.4
2026-02-11 09:56:07,KOTA,Cloudy,0.56,5.49,0.5,31.7,69.6
2026-03-30 13:43:45,KOTA,Cloudy,0.5,6.61,1.5,20.8,53.7
2026-06-11 20:41:19,KOTA,Clear,0.2,8.27,1.2,22.5,100.0
2026-06-20 20:55:57,KOTA,Fog,0.65,4.83,0.7,24.6,27.7
2026-05-05 05:21:19,KOTA,Clear,0.41,7.0,1.0,23.5,58.9
2026-02-06 01:09:33,KOTA,Clear,0.3,7.59,0.5,24.1,92.7
2026-01-19 17:07:17,KOTA,Clear,0.39,7.02,1.5,33.7,78.1
2026-05-04 16:27:48,KOTA,Rain,0.5,4.94,3.1,23.0,69.6
2026-01-20 14:12:37,KOTA,Cloudy,0.38,6.5,1.4,22.3,55.7
2026-05-07 08:38:28,KOTA,Rain,0.44,5.22,2.3,20.1,77.4
2026-01-29 06:34:13,KOTA,Fog,0.65,4.94,0.2,16.0,77.1
2026-06-06 11:12:16,KOTA,Clear,0.03,9.6,0.1,21.3,40.0
2026-01-01 19:41:55,KOTA,Fog,0.64,4.81,0.1,21.8,52.8
2026-04-10 00:04:18,KOTA,Cloudy,0.26,6.65,0.5,19.1,52.9
2026-02-02 20:27:40,KOTA,Cloudy,0.18,8.45,0.3,24.1,55.5
2026-02-22 13:44:55,KOTA,Cloudy,0.48,5.67,0.9,19.2,100.0
2026-02-06 15:38:38,KOTA,Rain,0.42,6.22,5.4,25.8,75.2
2026-02-07 04:12:13,KOTA,Clear,0.42,6.83,0.9,20.7,80.0
2026-05-10 06:57:48,KOTA,Clear,0.04,9.52,1.1,13.0,53.8
2026-04-11 04:13:17,KOTA,Clear,0.69,4.05,1.4,21.5,26.7
2026-03-05 13:09:53,KOTA,Clear,0.29,7.95,0.5,33.7,76.7
2026-06-09 07:43:41,KOTA,Clear,0.01,9.21,1.4,12.9,82.9
2026-03-25 02:00:56,KOTA,Clear,0.49,5.81,1.2,27.0,59.2
2026-03-23 23:44:54,KOTA,Rain,0.55,3.68,2.9,38.1,74.2
2026-05-13 03:59:05,KOTA,Clear,0.24,8.02,0.8,35.0,70.2
2026-06-28 00:11:34,KOTA,Clear,0.44,5.86,0.7,5.3,84.9
2026-06-28 21:04:41,KOTA,Clear,0.46,5.56,1.0,3.5,62.0
2026-04-06 07:47:41,KOTA,Cloudy,0.15,9.48,0.3,17.2,95.9
2026-01-24 03:21:19,KOTA,Fog,0.49,6.44,0.4,8.8,58.2
2026-02-05 23:02:18,KOTA,Clear,0.12,9.16,0.6,35.9,44.6
2026-06-04 22:53:42,KOTA,Clear,0.5,5.85,1.2,18.9,91.7
2026-02-20 06:42:42,KOTA,Fog,0.54,5.35,0.5,33.8,79.6
2026-06-20 10:34:58,KOTA,Clear,0.46,6.68,1.0,19.7,72.7
2026-06-20 19:55:00,KOTA,Rain,0.45,4.68,3.2,14.1,70.4
2026-05-31 09:02:55,KOTA,Rain,0.82,1.73,8.3,23.4,82.5
2026-04-17 10:30:16,KOTA,Rain,0.12,8.14,8.5,23.3,57.1
2026-04-02 03:05:37,KOTA,Clear,0.13,9.22,0.5,30.2,73.2
2026-03-26 21:18:01,KOTA,Rain,0.38,5.89,4.9,24.8,57.4
2026-05-02 06:27:48,KOTA,Clear,0.51,5.78,0.2,15.9,70.2
2026-01-22 22:48:39,KOTA,Clear,0.3,8.34,0.9,23.1,62.9
2026-02-07 14:35:42,KOTA,Clear,0.31,7.44,0.5,31.0,74.8
2026-06-03 05:13:57,KOTA,Clear,0.35,7.05,1.4,25.9,47.6
2026-01-30 10:46:21,KOTA,Cloudy,0.15,8.49,0.5,30.3,75.8
2026-05-07 10:00:27,KOTA,Cloudy,0.31,7.44,0.8,20.7,71.1
2026-03-03 09:35:37,KOTA,Clear,0.59,5.03,0.3,36.7,66.5
2026-03-15 02:28:21,KOTA,Fog,0.95,1.98,0.5,17.5,88.6
2026-03-22 00:08:01,KOTA,Clear,0.18,8.78,1.4,34.1,65.2
2026-02-13 03:34:33,KOTA,Clear,0.15,8.53,0.6,15.6,83.1
2026-05-26 07:04:57,KOTA,Cloudy,0.19,8.33,1.4,32.3,69.4
2026-04-19 01:49:05,KOTA,Clear,0.25,8.53,1.0,19.4,52.6
2026-06-01 10:51:11,KOTA,Clear,0.27,8.19,0.9,33.7,55.3
2026-02-06 20:01:40,KOTA,Clear,0.35,6.42,0.8,12.0,80.4
2026-06-26 00:33:14,KOTA,Fog,0.45,5.77,0.7,18.0,63.3
2026-05-09 00:01:09,KOTA,Cloudy,0.12,9.16,0.8,19.0,47.5
2026-03-16 21:22:28,KOTA,Clear,0.15,8.39,0.8,26.8,46.9
2026-05-20 22:48:41,KOTA,Clear,0.21,6.99,0.9,17.1,43.4
2026-01-22 15:10:46,KOTA,Clear,0.12,8.77,0.4,17.0,52.7
2026-06-26 18:26:01,KOTA,Cloudy,0.28,7.91,0.7,11.7,53.1
2026-02-23 07:45:47,KOTA,Clear,0.46,5.99,0.8,31.6,75.8
2026-04-08 12:20:53,KOTA,Clear,0.18,7.89,1.0,17.2,24.2
2026-01-05 22:38:31,KOTA,Clear,0.13,9.64,1.2,15.7,75.3
2026-01-04 14:21:25,KOTA,Clear,0.18,8.68,1.4,24.4,30.4
2026-06-14 05:19:49,KOTA,Clear,0.7,3.69,0.8,26.7,78.7
2026-06-27 12:11:28,KOTA,Clear,0.39,6.81,0.3,23.9,56.3
2026-05-05 16:34:38,KOTA,Clear,0.51,5.89,0.6,12.0,75.9
2026-01-05 06:48:10,KOTA,Rain,0.29,5.86,11.0,30.3,69.9
2026-02-09 15:23:04,KOTA,Fog,0.66,5.0,0.1,37.4,74.1
2026-04-27 07:28:46,KOTA,Clear,0.07,9.34,1.2,27.2,38.6
2026-03-21 23:11:43,KOTA,Clear,0.04,10.72,0.1,22.9,52.6
2026-01-20 07:43:13,KOTA,Clear,0.43,6.61,1.4,16.6,62.3
2026-03-09 07:11:16,KOTA,Clear,0.19,7.99,1.4,15.0,91.6
2026-02-24 07:22:54,KOTA,Clear,0.28,7.73,1.4,17.8,55.0
2026-01-08 18:46:03,KOTA,Clear,0.11,9.2,1.1,20.6,20.0
2026-05-10 11:39:42,KOTA,Fog,0.6,5.24,1.5,28.4,100.0
2026-01-03 14:10:59,KOTA,Cloudy,0.19,8.4,0.9,21.6,92.7
2026-02-19 01:57:19,KOTA,Clear,0.19,8.26,1.1,10.5,53.6
2026-01-09 06:28:29,KOTA,Cloudy,0.28,7.18,0.6,25.3,72.8
2026-04-17 15:22:47,KOTA,Clear,0.15,9.16,0.5,21.7,33.4
2026-02-13 22:35:01,KOTA,Clear,0.43,6.29,0.6,16.9,74.9
2026-01-06 10:42:51,KOTA,Cloudy,0.4,6.67,0.7,33.7,72.0
2026-04-19 20:28:15,KOTA,Clear,0.45,5.79,0.8,21.7,98.7
2026-06-24 08:06:29,KOTA,Clear,0.63,4.45,0.5,11.0,79.2
2026-02-12 00:30:10,KOTA,Clear,0.35,7.08,0.6,25.7,54.9
2026-06-04 09:25:10,KOTA,Cloudy,0.18,8.53,1.1,24.7,70.6
2026-06-23 02:37:54,KOTA,Cloudy,0.53,5.26,1.4,26.6,74.9
2026-02-11 12:21:34,KOTA,Rain,0.17,8.65,4.9,25.2,65.1
2026-05-13 17:49:23,KOTA,Cloudy,0.22,8.01,0.2,21.8,41.2
2026-01-10 18:00:25,KOTA,Fog,0.77,3.09,0.1,29.8,90.5
2026-02-14 12:28:06,KOTA,Clear,0.05,9.8,0.4,35.4,59.8
2026-03-28 22:50:45,KOTA,Clear,0.21,7.71,0.6,17.9,50.3
2026-06-26 02:31:13,KOTA,Clear,0.1,8.93,1.5,24.0,61.8
2026-06-25 12:47:28,KOTA,Fog,0.74,3.07,0.9,27.5,86.7
2026-06-13 11:19:01,KOTA,Cloudy,0.2,8.13,0.0,11.8,56.9
2026-01-31 21:25:00,KOTA,Rain,0.09,7.53,13.8,20.1,60.0
2026-05-15 17:01:27,KOTA,Clear,0.34,7.37,0.3,20.9,48.2
2026-05-07 07:32:10,KOTA,Clear,0.28,7.79,1.5,22.4,78.2
2026-02-25 03:21:27,KOTA,Clear,0.25,8.04,1.3,19.0,61.6
2026-04-08 21:09:07,KOTA,Cloudy,0.45,6.19,0.5,22.0,73.7
2026-05-06 21:09:44,KOTA,Rain,0.31,6.78,13.3,23.8,68.1
2026-03-22 18:52:52,KOTA,Clear,0.26,8.01,0.6,34.0,86.7
2026-05-17 21:06:10,KOTA,Rain,0.36,5.36,11.9,35.0,70.2
2026-01-12 20:54:23,KOTA,Clear,0.15,8.11,0.6,27.3,81.5
2026-05-02 10:17:57,KOTA,Clear,0.37,6.77,1.2,16.2,70.1
2026-03-29 19:12:25,KOTA,Fog,0.63,4.92,0.6,25.9,66.4
2026-06-03 10:55:10,KOTA,Clear,0.04,10.21,0.1,6.5,54.2
2026-04-16 15:17:54,KOTA,Fog,0.75,3.4,0.6,33.0,81.8
2026-05-22 02:16:35,KOTA,Clear,0.22,7.89,0.9,24.1,60.4
2026-06-17 13:34:56,KOTA,Rain,0.43,5.45,4.2,39.4,73.7
2026-05-07 20:23:27,KOTA,Fog,0.5,6.43,1.2,21.4,45.8
2026-05-05 20:07:47,KOTA,Cloudy,0.11,9.55,0.7,11.1,72.0
2026-05-25 20:42:08,KOTA,Fog,0.61,4.88,0.2,18.2,37.2
2026-04-19 01:23:18,KOTA,Rain,0.3,6.41,7.3,30.5,57.5
2026-02-10 13:04:05,KOTA,Fog,0.86,3.5,0.1,24.5,79.0
2026-05-08 20:38:51,KOTA,Cloudy,0.33,7.24,0.0,34.8,66.5
2026-02-06 04:58:09,KOTA,Clear,0.16,7.91,1.4,33.6,66.5
2026-05-19 01:01:09,KOTA,Fog,0.71,3.45,0.5,19.9,67.5
2026-03-30 01:48:05,KOTA,Clear,0.11,9.01,0.9,23.3,53.6
2026-05-01 13:58:20,KOTA,Rain,0.26,6.42,18.2,21.8,56.7
2026-05-01 09:59:58,KOTA,Cloudy,0.06,9.21,1.4,18.3,56.9
2026-04-30 12:37:52,KOTA,Clear,0.07,9.54,0.9,19.2,46.3
2026-03-31 04:33:32,KOTA,Fog,0.55,5.88,1.1,18.0,63.4
2026-05-10 11:14:16,KOTA,Clear,0.46,6.16,1.2,24.2,50.0
2026-05-10 04:52:31,KOTA,Clear,0.39,6.6,0.1,22.9,95.9
2026-02-10 23:56:09,KOTA,Cloudy,0.3,8.0,0.4,25.5,89.4
2026-06-11 00:39:37,KOTA,Clear,0.28,7.41,1.2,17.7,52.8
2026-06-22 01:09:00,KOTA,Cloudy,0.33,7.01,1.5,27.4,73.6
2026-01-15 23:57:43,KOTA,Cloudy,0.49,6.57,1.2,22.8,71.4
2026-01-15 12:18:49,KOTA,Fog,0.51,4.91,1.0,28.4,79.6
2026-05-26 09:31:07,KOTA,Clear,0.18,8.13,0.4,9.2,100.0
2026-02-16 09:18:02,KOTA,Cloudy,0.31,7.41,0.3,9.5,63.7
2026-04-29 22:50:01,KOTA,Cloudy,0.41,6.88,0.8,19.6,35.0
2026-05-29 10:51:20,KOTA,Cloudy,0.31,7.53,0.4,32.5,58.5
2026-05-10 21:46:40,KOTA,Clear,0.26,8.15,0.5,24.3,94.5
2026-05-30 04:10:04,KOTA,Clear,0.34,6.43,0.8,30.0,50.9
2026-01-15 05:45:54,KOTA,Clear,0.56,4.36,0.6,34.1,71.6
2026-01-16 22:13:00,KOTA,Clear,0.27,7.87,0.8,23.3,68.2
2026-03-10 01:17:38,KOTA,Cloudy,0.42,6.69,0.6,22.9,69.0
2026-06-24 09:17:51,KOTA,Clear,0.26,8.05,0.5,27.1,20.0
2026-05-25 03:35:12,KOTA,Clear,0.17,8.22,1.4,16.3,74.0
2026-04-27 10:33:06,KOTA,Cloudy,0.27,7.39,1.1,36.5,66.0
2026-03-03 08:32:12,KOTA,Clear,0.08,9.4,0.8,27.6,78.7
2026-02-08 05:35:41,KOTA,Fog,0.6,4.58,1.4,34.5,100.0
2026-05-16 00:29:04,KOTA,Clear,0.25,8.31,1.2,22.7,87.0
2026-02-26 18:57:17,KOTA,Clear,0.11,8.6,0.2,19.3,49.4
2026-05-24 02:48:48,KOTA,Clear,0.43,6.32,0.3,19.0,59.3
2026-03-06 05:02:39,KOTA,Clear,0.29,7.63,0.0,22.6,42.0
2026-01-27 23:14:04,KOTA,Clear,0.33,7.39,1.5,13.9,68.1
2026-06-12 21:43:32,KOTA,Cloudy,0.24,7.39,0.3,32.8,67.3
2026-02-13 05:21:14,KOTA,Clear,0.47,6.21,0.6,31.9,78.7
2026-02-07 14:21:24,KOTA,Clear,0.16,8.96,1.4,13.4,20.0
2026-02-06 02:33:37,KOTA,Rain,0.29,6.04,10.7,6.6,52.7
2026-04-01 13:56:29,KOTA,Cloudy,0.32,7.78,0.6,16.6,69.9
2026-05-11 22:24:45,KOTA,Clear,0.59,5.29,1.3,15.7,83.7
2026-04-12 19:11:53,KOTA,Fog,0.57,4.75,0.1,22.5,69.4
2026-03-24 19:05:26,KOTA,Clear,0.03,9.56,0.2,18.7,29.7
2026-06-18 01:43:19,KOTA,Fog,0.59,5.08,0.2,15.8,68.1
2026-04-05 14:47:52,KOTA,Fog,0.39,6.49,1.1,23.1,42.3
2026-03-04 07:36:34,KOTA,Clear,0.36,7.19,0.7,23.6,60.2
2026-01-12 04:42:16,KOTA,Clear,0.41,6.67,0.3,17.2,62.7
2026-06-24 11:29:11,KOTA,Cloudy,0.4,6.64,0.6,22.5,74.2
2026-01-05 19:18:40,KOTA,Clear,0.26,7.04,1.0,28.1,41.4
2026-05-04 07:46:03,KOTA,Clear,0.18,7.89,0.6,23.4,22.7
2026-04-27 17:29:46,KOTA,Clear,0.27,6.81,0.1,18.8,46.2
2026-03-11 14:57:34,KOTA,Fog,1.0,1.43,1.5,33.6,99.1
2026-01-08 00:09:05,KOTA,Cloudy,0.12,8.9,1.2,19.7,72.3
2026-01-05 05:51:47,KOTA,Rain,0.25,6.13,5.8,39.4,43.8
2026-02-20 04:23:42,KOTA,Clear,0.27,8.5,1.3,29.2,88.6
2026-05-12 13:26:48,KOTA,Cloudy,0.19,8.47,0.7,29.3,56.1
2026-02-23 13:26:30,KOTA,Rain,0.37,5.53,13.0,16.2,36.7
2026-01-14 19:27:37,KOTA,Cloudy,0.42,6.8,0.6,16.4,42.9
2026-03-04 12:42:28,KOTA,Cloudy,0.43,5.66,0.5,17.0,67.8
2026-06-09 19:21:17,KOTA,Clear,0.18,7.93,0.8,18.0,83.7
2026-06-30 00:20:57,KOTA,Clear,0.49,5.61,1.2,10.3,88.9
2026-06-10 02:28:51,KOTA,Cloudy,0.49,6.24,1.4,27.2,67.1
2026-03-24 05:57:57,KOTA,Clear,0.16,8.22,0.5,29.3,52.7
2026-02-10 12:32:42,KOTA,Clear,0.19,8.7,0.7,37.0,53.3
2026-04-25 15:06:10,KOTA,Clear,0.31,7.37,1.1,31.9,82.3
2026-02-16 22:21:34,KOTA,Clear,0.28,7.28,0.1,29.9,71.9
2026-03-20 16:57:01,KOTA,Clear,0.21,8.78,0.3,36.9,96.1
2026-05-01 12:48:48,KOTA,Clear,0.22,8.67,0.4,28.3,100.0
2026-01-17 00:00:07,KOTA,Clear,0.27,7.27,0.3,23.6,44.1
2026-03-19 18:26:10,KOTA,Rain,0.82,2.05,4.5,16.7,88.9
2026-02-05 08:05:51,KOTA,Cloudy,0.61,5.18,0.2,34.5,86.7
2026-02-12 07:00:04,KOTA,Clear,0.13,9.01,0.9,19.2,68.4
2026-01-27 05:28:29,KOTA,Rain,0.23,7.01,5.3,27.5,39.8
2026-06-03 18:58:04,KOTA,Fog,0.49,5.31,1.2,18.0,55.3
2026-06-27 01:42:44,KOTA,Cloudy,0.22,8.37,0.1,28.9,65.3
2026-06-14 11:35:38,KOTA,Fog,0.74,3.73,0.7,29.5,90.9
2026-06-03 06:16:18,KOTA,Clear,0.52,5.3,0.3,22.8,42.8
2026-03-05 22:15:34,KOTA,Cloudy,0.36,6.95,0.1,25.3,80.0
2026-04-24 19:14:06,KOTA,Fog,0.72,3.58,0.8,20.8,100.0
2026-01-06 14:06:21,KOTA,Clear,0.06,8.48,0.1,15.6,84.9
2026-05-26 13:53:17,KOTA,Cloudy,0.3,8.22,0.1,18.2,81.7
2026-02-04 05:49:38,KOTA,Clear,0.21,7.93,0.2,9.4,75.0
2026-01-29 12:18:41,KOTA,Cloudy,0.05,9.78,1.0,21.6,57.2
2026-06-04 08:04:14,KOTA,Rain,0.29,6.84,8.7,35.0,74.7
2026-04-26 08:23:10,KOTA,Clear,0.49,5.64,0.4,35.3,62.5
2026-03-27 19:26:58,KOTA,Clear,0.32,7.3,0.6,21.9,59.2
2026-02-23 01:28:27,KOTA,Clear,0.31,7.59,0.2,21.4,60.3
2026-01-19 07:15:37,KOTA,Cloudy,0.34,7.07,1.2,16.0,58.7
2026-05-25 12:53:42,KOTA,Clear,0.38,7.72,1.1,24.3,70.6
2026-03-16 03:08:03,KOTA,Rain,0.55,3.78,12.1,34.1,56.9
2026-04-16 08:53:18,KOTA,Cloudy,0.48,5.67,0.6,33.3,33.2
2026-04-19 11:34:47,KOTA,Clear,0.28,7.48,0.2,23.9,63.5
2026-03-25 02:10:12,KOTA,Cloudy,0.7,3.47,0.5,37.4,59.3
2026-02-15 17:06:54,KOTA,Cloudy,0.17,8.37,0.9,31.0,50.1
2026-05-15 03:22:30,KOTA,Clear,0.55,4.7,0.0,32.4,85.0
2026-06-22 13:25:43,KOTA,Cloudy,0.23,8.84,0.5,18.4,57.3
2026-05-16 15:28:53,KOTA,Fog,0.67,4.24,0.3,13.4,81.0
2026-06-02 14:11:59,KOTA,Rain,0.12,7.79,35.0,33.6,57.9
2026-06-18 20:15:08,KOTA,Cloudy,0.32,7.4,0.6,22.5,69.5
2026-02-03 05:25:28,KOTA,Fog,0.64,4.56,0.5,29.8,61.1
2026-01-08 18:32:04,KOTA,Clear,0.24,7.72,1.1,24.3,56.0
2026-05-21 14:37:01,KOTA,Clear,0.21,8.06,0.1,27.2,31.3
2026-05-05 03:04:06,KOTA,Fog,0.74,3.85,0.9,36.4,74.3
2026-01-03 18:47:49,KOTA,Clear,0.25,8.48,0.5,11.7,100.0
2026-01-12 14:10:24,KOTA,Cloudy,0.17,8.76,1.0,6.4,77.2
2026-03-28 08:07:57,KOTA,Clear,0.08,9.18,0.9,26.0,50.7
2026-06-22 14:08:20,KOTA,Fog,0.67,4.13,1.0,15.1,100.0
2026-04-04 04:21:23,KOTA,Clear,0.33,7.43,0.8,41.7,65.5
2026-06-06 18:59:36,KOTA,Rain,0.14,7.18,11.3,17.5,68.6
2026-03-13 15:41:12,KOTA,Clear,0.27,7.73,0.3,9.8,51.2
2026-03-19 22:37:25,KOTA,Cloudy,0.33,7.66,0.7,30.1,64.7
2026-02-18 13:51:21,KOTA,Clear,0.12,8.78,0.1,15.1,55.5
2026-05-13 07:56:00,KOTA,Clear,0.5,6.26,0.3,22.2,69.2
2026-02-01 17:10:56,KOTA,Clear,0.32,6.73,1.4,26.1,56.2
2026-04-09 04:26:03,KOTA,Clear,0.5,5.28,0.9,33.3,43.7
2026-01-29 06:31:04,KOTA,Clear,0.11,9.35,1.1,44.1,46.1
2026-01-23 05:50:33,KOTA,Clear,0.19,9.63,1.0,24.1,65.8
2026-06-02 06:58:43,KOTA,Fog,0.79,3.92,0.1,25.3,41.0
2026-06-09 22:29:12,KOTA,Fog,0.58,4.7,0.4,21.6,44.4
2026-02-02 12:00:52,KOTA,Cloudy,0.52,5.83,0.1,35.0,67.1
2026-05-01 05:19:15,KOTA,Clear,0.21,8.37,0.8,7.8,41.9
2026-05-01 15:55:21,KOTA,Clear,0.27,8.23,0.7,24.2,54.4
2026-05-15 15:40:19,KOTA,Clear,0.23,8.82,0.8,21.8,49.3
2026-06-04 02:35:58,KOTA,Clear,0.52,5.46,1.0,30.4,75.3
2026-05-14 16:45:07,KOTA,Cloudy,0.05,8.63,1.3,19.0,63.0
2026-06-28 23:23:46,KOTA,Clear,0.21,7.97,0.8,14.0,50.9
2026-03-05 04:08:07,KOTA,Clear,0.3,7.2,1.3,34.9,86.1
2026-02-24 04:52:58,KOTA,Clear,0.06,9.94,0.7,21.6,37.8
2026-03-31 04:26:14,KOTA,Clear,0.29,8.43,1.3,37.6,62.6
2026-04-07 06:54:03,KOTA,Clear,0.27,8.21,0.5,28.3,75.1
2026-03-28 02:26:52,KOTA,Cloudy,0.3,7.65,0.1,15.1,56.9
2026-03-18 11:53:15,KOTA,Fog,0.49,5.49,1.5,32.0,54.0
2026-02-02 01:46:01,KOTA,Clear,0.75,3.34,1.4,28.8,51.7
2026-03-14 04:32:15,KOTA,Clear,0.52,5.19,1.4,39.8,100.0
2026-06-05 12:28:02,KOTA,Clear,0.41,6.29,0.2,18.1,56.7
2026-05-28 09:16:11,KOTA,Cloudy,0.18,9.15,1.4,9.6,65.2
2026-06-03 23:36:36,KOTA,Clear,0.11,9.49,0.7,18.3,83.8
2026-05-26 07:34:57,KOTA,Rain,0.2,7.41,3.3,12.6,90.5
2026-05-20 15:40:15,KOTA,Rain,0.38,5.37,3.9,27.3,65.3
2026-06-07 17:19:16,KOTA,Clear,0.29,7.63,0.5,20.7,55.3
2026-05-20 21:53:14,KOTA,Clear,0.36,7.11,0.8,13.3,61.1
2026-04-12 19:57:14,KOTA,Cloudy,0.45,5.89,1.1,23.9,74.6
2026-06-11 10:41:32,KOTA,Cloudy,0.13,8.79,1.5,34.6,56.1
2026-05-02 17:15:00,KOTA,Clear,0.33,6.8,0.0,22.1,78.1
2026-01-17 22:09:06,KOTA,Rain,0.16,6.88,3.4,18.1,80.2
2026-04-11 05:36:54,KOTA,Clear,0.65,4.64,0.7,23.8,47.3
2026-01-24 15:18:32,KOTA,Clear,0.19,9.06,1.5,21.4,69.4
2026-04-04 14:27:26,KOTA,Rain,0.14,8.02,5.0,16.8,81.3
2026-04-09 04:06:29,KOTA,Cloudy,0.06,9.64,0.6,22.9,84.2
2026-06-13 05:39:42,KOTA,Clear,0.03,10.31,0.5,22.0,63.3
2026-03-18 11:40:46,KOTA,Cloudy,0.45,6.27,0.5,20.7,74.1
2026-06-18 17:16:22,KOTA,Clear,0.03,9.84,0.9,7.7,100.0
2026-02-08 04:34:57,KOTA,Clear,0.26,7.97,0.6,41.9,75.1
2026-01-30 18:38:28,KOTA,Clear,0.23,8.3,1.3,25.5,70.9
2026-03-28 00:11:39,KOTA,Fog,0.65,4.69,0.5,24.2,83.0
2026-05-30 17:54:43,KOTA,Rain,0.42,5.91,10.7,35.6,42.9
2026-03-08 08:58:45,KOTA,Fog,0.46,5.93,1.1,30.1,80.1
2026-03-30 15:03:11,KOTA,Cloudy,0.44,6.44,0.9,23.3,76.9
2026-04-27 17:02:16,KOTA,Rain,0.28,6.61,10.9,11.2,54.5
2026-01-11 23:13:17,KOTA,Clear,0.12,8.81,0.5,25.2,58.4
2026-03-12 01:22:05,KOTA,Rain,0.47,4.75,7.1,35.1,63.9
2026-05-28 05:42:58,KOTA,Rain,0.4,5.45,19.3,25.4,38.2
2026-01-12 03:49:16,KOTA,Cloudy,0.32,6.98,0.5,40.5,86.7
2026-01-07 22:20:51,KOTA,Clear,0.19,8.19,0.9,20.6,46.2
2026-04-08 03:10:07,KOTA,Clear,0.03,9.1,0.0,20.6,88.1
2026-03-05 17:23:43,KOTA,Cloudy,0.21,8.81,0.4,20.6,42.0
2026-06-18 02:04:38,KOTA,Clear,0.33,7.81,0.9,23.4,69.3
2026-04-10 23:20:50,KOTA,Rain,0.27,5.83,12.3,30.7,54.2
2026-02-23 06:34:14,KOTA,Clear,0.6,4.51,0.2,23.4,45.6
2026-02-10 16:29:11,KOTA,Fog,0.58,4.96,0.4,28.6,48.9
2026-01-04 02:44:52,KOTA,Rain,0.25,6.49,4.3,22.0,82.2
2026-03-28 18:25:21,KOTA,Clear,0.47,6.01,0.9,12.7,95.3
2026-04-12 13:07:30,KOTA,Clear,0.23,7.65,1.1,18.5,75.5
2026-01-26 15:34:04,KOTA,Rain,0.11,7.68,7.8,36.0,64.8
2026-03-15 20:57:26,KOTA,Clear,0.42,6.45,0.1,15.5,84.7
2026-06-08 08:43:43,KOTA,Clear,0.69,4.2,0.6,29.2,47.7
2026-01-16 14:52:54,KOTA,Clear,0.23,7.56,1.0,21.4,84.7
2026-04-15 00:33:26,KOTA,Clear,0.33,6.97,0.5,33.3,56.0
2026-06-16 14:26:48,KOTA,Clear,0.32,6.86,1.3,17.0,100.0
2026-05-17 22:16:33,KOTA,Rain,0.18,6.94,7.9,16.1,78.5
2026-05-02 04:28:19,KOTA,Clear,0.14,9.22,0.7,21.1,82.2
2026-05-23 05:35:09,KOTA,Clear,0.28,8.03,1.4,21.6,46.3
2026-05-13 00:23:39,KOTA,Clear,0.25,7.98,0.6,15.7,78.3
2026-04-15 14:18:11,KOTA,Rain,0.54,4.33,0.6,36.5,56.3
2026-02-19 08:59:15,KOTA,Clear,0.23,8.13,1.3,21.7,70.6
2026-04-04 14:57:10,KOTA,Clear,0.09,9.45,0.3,27.3,40.3
2026-03-02 21:49:14,KOTA,Rain,0.45,4.84,3.3,24.5,43.1
2026-06-26 23:12:18,KOTA,Fog,0.59,5.72,0.9,8.1,72.1
2026-03-19 10:00:03,KOTA,Clear,0.27,7.51,0.3,29.8,60.3
2026-05-14 10:45:58,KOTA,Rain,0.25,7.34,23.4,33.0,71.2
2026-01-12 04:47:54,KOTA,Rain,0.17,8.29,16.1,27.2,62.4
2026-06-29 16:48:09,KOTA,Clear,0.48,6.49,0.6,19.7,51.1
2026-03-13 02:08:43,KOTA,Fog,0.72,3.64,1.3,27.9,72.2
2026-02-13 10:00:52,KOTA,Cloudy,0.04,9.59,1.5,27.2,43.8
2026-03-07 02:34:32,KOTA,Rain,0.21,6.38,10.8,18.5,63.4
2026-05-25 05:49:20,KOTA,Rain,0.16,6.8,6.2,17.7,79.8
2026-05-16 05:50:37,KOTA,Fog,0.76,3.1,0.3,22.7,72.5
2026-03-28 19:33:45,KOTA,Clear,0.24,8.22,0.7,27.9,43.7
2026-04-03 16:26:59,KOTA,Clear,0.6,5.02,1.0,17.3,69.6
2026-04-07 08:12:03,KOTA,Cloudy,0.52,5.64,1.1,28.8,58.7
2026-06-10 09:57:08,KOTA,Clear,0.62,4.78,0.1,32.7,86.2
2026-02-04 18:04:07,KOTA,Clear,0.28,8.03,0.0,32.0,58.0
2026-04-26 00:03:10,KOTA,Cloudy,0.29,8.1,1.5,32.7,55.6
2026-06-17 11:01:30,KOTA,Cloudy,0.36,7.29,0.2,25.0,54.9
2026-02-18 18:12:23,KOTA,Clear,0.39,6.67,0.9,27.8,81.6
2026-06-19 14:10:27,KOTA,Clear,0.2,8.83,0.9,10.0,38.9
2026-03-02 00:37:13,KOTA,Clear,0.18,7.79,0.1,16.3,77.7
2026-01-27 14:29:27,KOTA,Rain,0.08,8.07,4.2,23.4,73.0
2026-03-13 04:32:37,KOTA,Clear,0.38,7.53,1.3,24.2,66.1
2026-03-20 09:07:23,KOTA,Rain,0.16,6.91,7.4,22.2,55.7
2026-06-11 20:04:50,KOTA,Cloudy,0.47,6.06,0.3,25.9,39.5
2026-01-31 23:04:08,KOTA,Rain,0.36,6.49,5.4,13.8,88.5
2026-04-13 11:28:15,KOTA,Rain,0.36,6.18,14.6,14.0,66.4
2026-01-17 18:08:50,KOTA,Cloudy,0.43,6.37,0.0,23.2,74.4
2026-04-08 04:06:00,KOTA,Rain,0.15,7.56,9.7,26.6,67.4
2026-06-16 16:53:59,KOTA,Cloudy,0.22,8.51,0.9,17.0,20.0
2026-04-20 07:20:21,KOTA,Clear,0.19,8.3,0.3,23.9,87.6
2026-03-02 03:33:25,KOTA,Clear,0.3,7.59,0.1,20.4,36.2
2026-01-25 16:06:12,KOTA,Fog,0.79,3.28,0.2,18.2,63.4
2026-06-19 02:55:44,KOTA,Clear,0.28,7.73,1.4,29.8,93.4
2026-06-14 08:27:17,KOTA,Clear,0.15,8.84,0.2,21.2,80.0
2026-05-10 20:38:36,KOTA,Clear,0.28,8.3,0.4,25.7,38.5
2026-06-01 05:37:59,KOTA,Rain,0.69,4.05,8.5,35.8,84.7
2026-05-05 12:16:38,KOTA,Cloudy,0.22,8.09,0.0,7.0,54.4
2026-01-08 12:46:11,KOTA,Clear,0.18,8.8,0.3,21.9,54.0
2026-04-06 06:43:23,KOTA,Fog,0.69,4.23,1.2,-4.4,76.2
2026-04-09 22:24:27,KOTA,Rain,0.1,8.4,3.8,28.1,87.8
2026-03-05 01:23:50,KOTA,Clear,0.55,5.28,0.2,20.2,79.4
2026-04-21 14:15:23,KOTA,Clear,0.35,6.93,0.2,22.4,87.8
2026-01-12 15:06:12,KOTA,Rain,0.23,6.3,8.4,15.0,61.1
2026-02-23 21:26:54,KOTA,Rain,0.5,5.29,4.0,28.0,48.2
2026-01-28 10:11:40,KOTA,Clear,0.11,9.64,1.4,13.1,63.1
2026-02-27 14:01:13,KOTA,Rain,0.57,4.21,4.3,23.2,55.1
2026-02-14 16:07:50,KOTA,Rain,0.18,7.54,13.1,36.4,65.5
2026-06-18 04:42:25,KOTA,Clear,0.29,8.06,0.5,26.7,75.8
2026-04-03 00:03:06,KOTA,Clear,0.25,8.2,0.6,26.0,84.6
2026-05-31 11:59:16,KOTA,Clear,0.15,9.12,1.1,26.1,69.5
2026-03-18 21:39:50,KOTA,Clear,0.57,4.66,1.5,20.8,74.8
2026-02-09 21:31:24,KOTA,Clear,0.34,7.11,0.5,25.9,39.6
2026-01-12 09:04:29,KOTA,Clear,0.49,6.05,0.1,35.2,47.5
2026-03-07 22:35:22,KOTA,Clear,0.32,7.67,0.3,32.0,85.2
2026-04-07 15:15:22,KOTA,Clear,0.26,8.33,0.4,30.9,52.1
2026-05-17 11:47:53,KOTA,Clear,0.32,7.3,0.3,35.5,66.1
2026-05-08 19:53:09,KOTA,Clear,0.24,8.52,0.8,30.3,100.0
2026-04-03 03:29:36,KOTA,Clear,0.02,10.07,1.1,20.9,48.5
2026-06-05 02:50:50,KOTA,Clear,0.66,4.83,1.2,29.6,97.5
2026-05-04 11:05:26,KOTA,Rain,0.19,7.29,4.8,16.3,73.1
2026-03-11 01:44:08,KOTA,Fog,0.47,6.1,1.1,24.2,43.5
2026-02-02 04:07:16,KOTA,Clear,0.23,8.29,1.3,31.7,68.5
2026-06-11 23:16:49,KOTA,Rain,0.03,8.6,5.4,16.3,50.5
2026-04-25 17:02:00,KOTA,Clear,0.27,7.85,1.2,21.3,50.9
2026-04-01 09:32:37,KOTA,Rain,0.89,1.11,3.3,24.0,89.7
2026-02-16 08:09:09,KOTA,Clear,0.5,5.33,1.5,27.0,63.3
2026-05-06 17:57:58,KOTA,Clear,0.3,8.23,0.3,14.3,76.3
2026-01-16 19:27:43,KOTA,Clear,0.08,7.96,0.9,25.7,71.7
2026-02-23 22:09:16,KOTA,Rain,0.17,7.38,7.1,28.3,39.9
2026-04-17 06:28:09,KOTA,Rain,0.32,6.28,14.8,12.5,77.1
2026-04-23 14:32:14,KOTA,Clear,0.15,7.48,0.2,10.1,70.2
2026-04-13 19:55:05,KOTA,Clear,0.38,6.94,1.3,26.9,29.7
2026-06-14 07:34:25,KOTA,Clear,0.33,7.83,0.3,24.8,67.3
2026-05-28 22:24:56,KOTA,Fog,0.65,4.86,1.4,25.9,85.3
2026-06-22 07:41:17,KOTA,Clear,0.22,7.7,0.0,27.8,74.6
2026-04-03 16:16:07,KOTA,Rain,0.34,5.7,4.7,30.9,34.7
2026-02-19 12:50:09,KOTA,Clear,0.36,6.43,1.2,12.3,40.9
2026-04-05 15:48:44,KOTA,Clear,0.35,7.34,0.3,19.9,45.1
2026-04-21 18:31:53,KOTA,Clear,0.12,9.2,0.2,24.4,91.9
2026-04-03 16:59:01,KOTA,Rain,0.25,6.86,0.9,28.5,67.4
2026-04-12 05:30:40,KOTA,Clear,0.32,7.54,1.5,4.8,51.6
2026-01-06 15:45:14,KOTA,Rain,0.53,4.54,9.5,7.2,52.4
2026-03-12 00:22:22,KOTA,Clear,0.43,6.28,0.9,12.2,43.1
2026-01-06 02:53:39,KOTA,Clear,0.32,7.26,0.4,26.7,39.6
2026-05-14 05:50:48,KOTA,Clear,0.46,6.05,0.8,19.9,89.8
2026-01-05 16:11:31,KOTA,Cloudy,0.19,8.67,1.0,24.1,54.3
2026-03-27 10:21:23,KOTA,Clear,0.09,9.01,1.0,30.0,74.9
2026-01-21 20:48:03,KOTA,Clear,0.23,8.07,0.5,12.0,60.5
2026-02-01 21:36:47,KOTA,Clear,0.32,7.16,0.2,20.9,56.2
2026-04-06 23:51:17,KOTA,Clear,0.32,7.97,0.9,11.8,70.8
2026-02-05 06:34:18,KOTA,Clear,0.14,8.64,1.4,14.3,85.5
2026-04-17 10:54:34,KOTA,Clear,0.34,8.27,0.5,29.4,49.8
2026-02-01 18:04:31,KOTA,Cloudy,0.12,9.04,0.3,14.4,65.0
2026-02-26 05:54:59,KOTA,Clear,0.63,4.74,1.0,21.1,70.1
2026-04-17 17:42:51,KOTA,Clear,0.15,8.91,1.2,21.9,31.1
2026-04-30 03:47:14,KOTA,Clear,0.27,7.49,0.6,24.5,51.9
2026-06-17 17:22:57,KOTA,Fog,0.7,4.64,1.0,21.4,72.8
2026-03-08 11:43:30,KOTA,Clear,0.3,7.45,0.9,18.1,53.2
2026-02-17 10:07:46,KOTA,Rain,0.34,6.04,5.9,27.1,52.7
2026-01-24 22:05:22,KOTA,Clear,0.77,3.13,0.4,20.4,54.8
2026-03-23 02:55:37,KOTA,Fog,0.96,1.72,0.1,32.7,55.8
2026-04-30 15:51:43,KOTA,Clear,0.18,8.77,1.2,20.3,61.0
2026-01-05 21:19:45,KOTA,Clear,0.17,7.88,1.2,24.8,50.5
2026-01-03 14:28:53,KOTA,Cloudy,0.43,6.5,0.9,23.1,64.0
2026-01-24 20:57:54,KOTA,Cloudy,0.09,9.74,0.8,23.4,80.6
2026-05-18 18:22:30,KOTA,Rain,0.24,6.58,13.4,20.3,59.8
2026-03-13 05:24:10,KOTA,Clear,0.46,6.57,1.1,40.1,79.8
2026-04-14 05:58:00,KOTA,Rain,0.34,6.43,13.7,32.7,75.4
2026-05-31 16:22:19,KOTA,Clear,0.77,3.02,0.9,15.5,96.0
2026-02-07 10:59:27,KOTA,Cloudy,0.16,8.36,1.2,27.9,76.1
2026-06-12 00:25:23,KOTA,Clear,0.08,8.94,1.4,28.1,87.4
2026-03-24 02:47:10,KOTA,Clear,0.24,8.38,0.7,28.5,79.2
2026-02-11 08:09:44,KOTA,Clear,0.45,6.81,1.1,36.4,78.9
2026-05-03 16:19:05,KOTA,Clear,0.19,7.65,1.0,36.6,88.9
2026-03-17 23:39:23,KOTA,Cloudy,0.13,8.37,1.1,43.4,39.6
2026-03-13 15:03:23,KOTA,Rain,0.28,5.89,12.7,12.7,100.0
2026-06-28 22:22:42,KOTA,Clear,0.13,9.42,0.9,23.8,70.9
2026-01-24 19:20:25,KOTA,Fog,0.62,4.38,0.8,22.1,70.9
2026-06-03 19:10:23,KOTA,Clear,0.14,8.93,0.5,24.7,75.8
2026-05-15 07:31:05,KOTA,Clear,0.34,7.63,1.2,24.3,96.8
2026-02-21 00:46:27,KOTA,Clear,0.15,8.38,0.4,24.3,69.7
2026-03-09 06:53:15,KOTA,Clear,0.04,10.12,1.1,20.0,73.3
2026-04-27 04:58:14,KOTA,Clear,0.07,8.81,0.5,23.0,55.3
2026-04-29 14:47:59,KOTA,Clear,0.34,7.16,0.0,27.3,76.3
2026-06-19 13:01:47,KOTA,Clear,0.27,7.68,0.4,14.3,36.4
2026-04-05 14:11:48,KOTA,Fog,0.6,4.58,0.8,26.3,47.7
2026-02-13 07:03:08,KOTA,Clear,0.2,8.03,1.5,12.2,56.9
2026-02-12 13:04:16,KOTA,Rain,0.09,7.47,24.2,33.9,60.5
2026-06-01 10:24:23,KOTA,Fog,0.56,5.25,1.0,37.0,82.8
2026-01-02 11:47:32,KOTA,Fog,0.78,4.19,0.6,32.9,60.1
2026-02-08 16:52:52,KOTA,Clear,0.25,7.89,0.3,29.4,84.3
2026-04-20 15:25:17,KOTA,Clear,0.21,8.33,0.6,26.8,60.6
2026-06-20 16:24:50,KOTA,Clear,0.2,8.51,0.6,33.8,70.6
2026-01-27 06:45:41,KOTA,Fog,0.58,4.62,1.2,25.9,75.2
2026-01-25 06:33:54,KOTA,Rain,0.1,8.52,8.5,24.6,26.2
2026-03-17 01:22:54,KOTA,Fog,0.77,4.26,0.9,27.1,100.0
2026-03-29 00:40:03,KOTA,Rain,0.11,7.96,3.1,6.8,67.6
2026-04-26 10:29:31,KOTA,Fog,0.66,5.12,0.0,27.9,49.1
2026-06-04 09:28:48,KOTA,Cloudy,0.14,9.42,0.4,13.1,72.5
2026-01-03 09:49:37,KOTA,Fog,0.72,4.66,0.4,18.7,20.0
2026-04-09 13:52:07,KOTA,Rain,0.41,4.25,2.9,27.2,71.7
2026-05-10 14:43:40,KOTA,Clear,0.34,7.11,1.2,31.0,87.4
2026-02-17 08:20:02,KOTA,Clear,0.27,8.37,0.1,29.6,55.4
2026-01-18 23:17:24,KOTA,Clear,0.38,6.82,1.5,24.9,71.1
2026-05-14 17:13:27,KOTA,Clear,0.08,9.12,1.4,17.8,87.9
2026-04-13 18:02:27,KOTA,Rain,0.48,4.91,5.1,20.2,54.8
2026-05-12 01:10:47,KOTA,Rain,0.75,2.88,12.1,30.4,90.0
2026-06-07 14:28:44,KOTA,Clear,0.33,7.23,0.6,12.3,73.4
2026-05-10 06:02:50,KOTA,Cloudy,0.42,6.45,1.0,40.7,53.0
2026-01-07 06:53:38,KOTA,Clear,0.12,9.1,0.7,37.0,39.7
2026-04-17 02:25:18,KOTA,Clear,0.24,7.96,0.6,27.1,80.0
2026-01-22 18:33:42,KOTA,Rain,0.17,7.57,15.1,17.6,73.2
2026-06-30 14:14:28,KOTA,Rain,0.35,6.08,19.3,16.2,68.8
2026-01-12 15:20:48,KOTA,Clear,0.32,7.41,0.7,24.0,68.3
2026-03-17 16:05:18,KOTA,Clear,0.34,7.23,0.3,19.9,20.0
2026-06-07 14:40:48,KOTA,Fog,0.68,3.8,1.1,22.0,49.3
2026-03-20 16:06:46,KOTA,Cloudy,0.3,7.77,0.4,24.5,53.3
2026-03-20 09:29:42,KOTA,Fog,0.55,5.68,1.3,13.4,63.4
2026-05-24 04:09:29,KOTA,Clear,0.39,6.69,0.2,12.4,45.7
2026-04-18 06:12:43,KOTA,Clear,0.46,6.67,1.1,34.4,86.9
2026-03-03 00:30:19,KOTA,Clear,0.12,9.18,0.9,23.7,61.2
2026-06-04 12:40:28,KOTA,Cloudy,0.47,6.53,1.5,22.8,61.6
2026-04-13 22:45:10,KOTA,Clear,0.64,5.21,0.6,19.4,75.4
2026-06-29 16:06:45,KOTA,Rain,0.06,8.09,9.1,32.5,96.2
2026-05-19 09:18:34,KOTA,Clear,0.09,9.33,1.3,42.0,67.7
2026-03-16 03:16:33,KOTA,Clear,0.25,7.8,0.4,23.4,77.7
2026-04-08 05:05:38,KOTA,Clear,0.42,5.74,1.0,16.6,72.7
2026-05-08 08:20:45,KOTA,Clear,0.25,7.79,0.5,29.3,87.2
2026-03-01 07:39:18,KOTA,Cloudy,0.14,8.84,1.1,22.7,62.2
2026-05-27 03:49:12,KOTA,Clear,0.66,3.85,0.2,28.7,78.8
2026-03-17 19:08:48,KOTA,Rain,0.09,8.16,4.6,28.6,63.8
2026-03-13 02:15:53,KOTA,Rain,0.59,4.36,3.7,21.3,73.0
2026-03-17 06:40:38,KOTA,Rain,0.28,7.06,5.2,29.5,62.7
2026-06-20 15:09:04,KOTA,Fog,0.65,4.45,0.4,27.8,62.4
2026-05-13 09:26:42,KOTA,Cloudy,0.25,8.68,0.5,27.8,38.6
2026-01-05 09:24:43,KOTA,Clear,0.41,6.63,0.5,25.6,92.8
2026-04-10 19:40:45,KOTA,Clear,0.53,4.54,0.4,30.8,76.0
2026-01-03 18:21:40,KOTA,Clear,0.17,9.53,0.2,26.4,68.1
2026-04-16 14:41:03,KOTA,Clear,0.36,7.49,1.2,24.8,68.8
2026-01-27 16:21:53,KOTA,Clear,0.04,9.8,0.1,17.8,52.7
2026-04-20 03:42:33,KOTA,Clear,0.1,8.96,1.4,33.1,40.3
2026-03-15 17:28:15,KOTA,Clear,0.4,6.76,0.7,29.7,44.0
2026-06-27 18:59:58,KOTA,Clear,0.11,8.9,0.5,28.4,46.9
2026-03-03 05:49:14,KOTA,Clear,0.03,9.33,0.5,23.0,51.3
2026-05-20 15:17:11,KOTA,Cloudy,0.3,7.5,0.8,22.1,68.3
2026-06-14 09:33:23,KOTA,Rain,0.23,6.45,15.4,40.8,46.1
2026-06-26 06:24:22,KOTA,Fog,0.5,5.33,0.1,33.1,82.3
2026-04-11 07:40:46,KOTA,Rain,0.11,7.63,16.4,22.4,71.2
2026-04-24 05:02:47,KOTA,Clear,0.4,6.42,0.7,20.6,76.0
2026-03-22 02:57:58,KOTA,Clear,0.27,7.81,0.2,17.0,38.3
2026-02-01 02:28:26,KOTA,Clear,0.14,8.47,1.0,26.5,63.2
2026-03-10 03:05:15,KOTA,Clear,0.32,7.05,1.2,16.2,59.9
2026-05-06 20:44:32,KOTA,Rain,0.14,7.07,0.8,25.2,56.4
2026-05-08 23:52:56,KOTA,Rain,0.26,6.97,12.7,24.7,73.1
2026-02-18 04:21:33,KOTA,Clear,0.39,7.01,0.2,24.2,95.6
2026-05-05 03:25:30,KOTA,Clear,0.15,7.68,1.1,14.0,48.6
2026-05-12 16:57:28,KOTA,Clear,0.34,7.29,1.1,24.8,66.3
2026-03-19 07:54:40,KOTA,Clear,0.4,7.18,0.2,19.2,67.8
2026-03-09 09:30:29,KOTA,Clear,0.24,8.37,1.1,22.7,53.8
2026-02-14 08:08:56,KOTA,Clear,0.47,6.48,0.1,27.5,33.3
2026-01-24 06:24:34,KOTA,Clear,0.23,8.14,0.2,14.5,71.0
2026-04-24 20:28:39,KOTA,Clear,0.12,8.84,0.4,14.6,21.6
2026-02-04 19:32:48,KOTA,Clear,0.15,8.57,1.0,37.3,62.1
2026-03-18 05:21:29,KOTA,Clear,0.06,9.99,1.5,20.1,61.2
2026-04-14 16:14:19,KOTA,Cloudy,0.15,8.47,0.5,17.8,52.9
2026-05-26 06:59:32,KOTA,Cloudy,0.27,8.34,0.8,15.0,39.0
2026-02-04 23:48:59,KOTA,Clear,0.38,6.63,1.5,23.6,49.2
2026-06-17 11:01:04,KOTA,Clear,0.39,5.94,0.6,25.5,60.0
2026-02-16 17:04:11,KOTA,Clear,0.19,7.58,0.7,26.1,72.2
2026-03-07 13:40:17,KOTA,Rain,0.16,7.03,8.8,17.1,43.1
2026-01-31 09:03:50,KOTA,Clear,0.15,8.47,1.2,12.5,59.7
2026-01-27 20:40:24,KOTA,Clear,0.06,9.07,1.5,23.7,81.2
2026-06-06 09:28:03,KOTA,Fog,0.55,5.39,1.1,18.9,86.6
2026-04-18 01:11:42,KOTA,Clear,0.08,9.28,0.1,26.0,66.8
2026-03-14 20:14:51,KOTA,Rain,0.3,6.46,16.5,10.2,50.7
2026-06-10 20:52:58,KOTA,Cloudy,0.4,6.57,0.1,22.9,48.1
2026-04-22 06:07:41,KOTA,Clear,0.58,5.4,0.7,31.7,55.1
2026-06-26 09:47:50,KOTA,Cloudy,0.09,8.58,1.0,38.0,76.9
2026-04-16 18:04:56,KOTA,Cloudy,0.21,7.27,1.5,33.5,71.8
2026-03-19 11:51:16,KOTA,Clear,0.53,4.77,1.3,30.6,46.0
2026-02-07 02:07:24,KOTA,Clear,0.64,4.4,0.0,26.5,43.9
2026-05-31 13:25:13,KOTA,Clear,0.52,5.77,0.8,20.8,92.0
2026-06-06 09:26:06,KOTA,Fog,0.78,3.41,1.3,14.5,72.7
2026-06-03 08:36:43,KOTA,Cloudy,0.04,9.55,0.4,25.2,66.9
2026-02-03 02:03:02,KOTA,Clear,0.13,9.91,1.2,15.5,99.5
2026-01-17 23:36:30,KOTA,Fog,0.59,5.13,0.0,17.7,36.7
2026-06-08 22:10:35,KOTA,Clear,0.23,7.53,1.3,18.0,65.9
2026-01-16 07:20:53,KOTA,Rain,0.22,6.85,10.0,7.7,45.4
2026-06-29 22:38:50,KOTA,Rain,0.07,7.42,6.5,24.4,65.5
2026-01-30 14:37:00,KOTA,Cloudy,0.09,8.6,0.3,22.4,100.0
2026-02-23 21:21:14,KOTA,Clear,0.23,8.27,1.2,23.4,72.1
2026-01-16 20:08:03,KOTA,Rain,0.47,4.08,6.5,29.5,63.7
2026-03-10 09:27:32,KOTA,Clear,0.08,9.03,1.0,13.6,67.2
2026-05-23 13:02:52,KOTA,Cloudy,0.51,6.37,1.5,8.9,81.5
2026-06-16 21:03:56,KOTA,Clear,0.21,9.12,0.9,24.0,82.8
2026-04-05 06:49:52,KOTA,Clear,0.61,4.86,0.6,13.7,67.2
2026-06-20 11:09:28,KOTA,Cloudy,0.27,7.63,0.0,25.3,56.1
2026-01-28 14:45:36,KOTA,Cloudy,0.21,8.12,1.2,16.6,72.1
2026-01-06 13:02:43,KOTA,Clear,0.2,8.02,0.9,38.1,50.8
2026-04-06 02:15:08,KOTA,Cloudy,0.61,4.08,0.5,37.6,100.0
2026-02-04 14:18:36,KOTA,Clear,0.44,5.85,0.2,15.0,86.9
2026-04-03 00:08:49,KOTA,Fog,0.6,4.67,1.0,13.2,100.0
2026-02-06 08:14:42,KOTA,Clear,0.2,8.4,1.3,31.3,71.4
2026-02-09 05:41:56,KOTA,Clear,0.1,8.22,1.1,18.5,63.8
2026-06-19 18:23:27,KOTA,Clear,0.18,7.77,1.1,32.3,57.3
2026-05-13 15:12:35,KOTA,Fog,1.0,1.18,0.3,26.0,73.7
2026-03-06 02:45:26,KOTA,Clear,0.07,9.81,0.8,33.1,31.8
2026-02-23 04:05:58,KOTA,Cloudy,0.44,6.33,0.7,15.2,55.9
2026-03-12 05:31:32,KOTA,Rain,0.18,6.76,2.8,24.1,57.5
2026-01-17 20:00:22,KOTA,Clear,0.22,8.03,0.2,33.7,66.4
2026-06-21 03:44:30,KOTA,Clear,0.5,6.02,0.2,21.9,80.6
2026-03-15 01:41:20,KOTA,Clear,0.34,6.68,0.8,23.1,52.3
2026-06-01 09:46:01,KOTA,Clear,0.31,7.43,0.7,39.7,93.9
2026-03-08 20:20:28,KOTA,Cloudy,0.47,5.92,0.6,40.5,64.9
2026-05-24 10:56:48,KOTA,Rain,0.28,5.77,8.4,17.7,49.6
2026-03-23 08:54:15,KOTA,Clear,0.14,10.04,1.5,21.0,68.7
2026-02-05 22:38:09,KOTA,Fog,0.5,5.65,0.6,34.3,98.5
2026-06-26 02:37:16,KOTA,Cloudy,0.28,7.6,1.0,28.6,91.9
2026-02-16 15:27:36,KOTA,Cloudy,0.34,6.5,1.0,22.6,65.5
2026-02-26 05:07:40,KOTA,Clear,0.38,6.15,0.6,8.4,80.5
2026-04-23 09:47:38,KOTA,Clear,0.38,7.29,0.6,17.3,90.8
2026-05-31 02:47:39,KOTA,Fog,0.63,3.5,0.3,16.0,69.9
2026-03-06 06:54:03,KOTA,Cloudy,0.37,6.5,0.2,45.1,53.5
2026-04-05 19:55:54,KOTA,Clear,0.11,8.59,1.1,29.3,62.5
2026-05-13 18:38:13,KOTA,Clear,0.3,8.19,1.1,10.3,71.1
2026-05-22 18:23:49,KOTA,Clear,0.21,7.71,0.9,25.0,44.1
2026-01-29 17:25:19,KOTA,Cloudy,0.19,8.0,0.3,16.0,58.4
2026-03-14 16:20:26,KOTA,Clear,0.15,9.15,1.5,24.5,70.4
2026-04-09 23:35:10,KOTA,Clear,0.16,8.81,0.1,34.4,58.0
2026-02-21 01:45:54,KOTA,Clear,0.29,7.37,0.4,26.3,41.7
2026-02-27 16:40:16,KOTA,Clear,0.18,7.83,0.3,31.3,87.9
2026-05-15 23:28:04,KOTA,Cloudy,0.28,7.26,0.4,34.1,92.0
2026-05-16 04:54:07,KOTA,Clear,0.29,7.54,0.6,29.5,67.9
2026-04-06 08:07:16,KOTA,Rain,0.26,6.29,12.7,37.2,67.9
2026-06-08 03:24:19,KOTA,Clear,0.46,6.32,1.3,26.9,100.0
2026-01-10 13:33:09,KOTA,Clear,0.16,7.36,0.7,32.6,60.2
2026-02-06 12:42:59,KOTA,Clear,0.33,7.76,1.1,35.8,59.5
2026-01-30 12:53:14,KOTA,Clear,0.23,7.7,0.2,14.7,79.9
2026-05-08 09:52:57,KOTA,Cloudy,0.4,5.56,0.0,29.7,63.5
2026-03-05 23:24:39,KOTA,Clear,0.51,5.75,0.5,31.4,46.7
2026-05-20 12:40:23,KOTA,Clear,0.47,6.36,0.1,27.1,70.1
2026-01-04 02:06:01,KOTA,Cloudy,0.15,8.44,1.1,22.2,56.4
2026-06-13 14:51:34,KOTA,Cloudy,0.11,9.48,0.6,25.6,78.4
2026-05-22 12:25:28,KOTA,Cloudy,0.06,9.49,0.7,13.5,83.6
2026-01-23 16:01:51,KOTA,Cloudy,0.38,7.17,1.5,23.8,60.1
2026-06-19 11:09:09,KOTA,Clear,0.15,8.4,0.4,22.2,63.2
2026-06-14 21:36:59,KOTA,Clear,0.56,4.44,0.6,13.1,92.7
2026-06-30 07:30:51,KOTA,Clear,0.47,5.98,1.1,27.8,89.0
2026-03-29 03:13:04,KOTA,Clear,0.05,10.0,1.3,8.7,37.6
2026-05-23 13:23:23,KOTA,Rain,0.24,7.12,5.8,21.7,83.1
2026-03-06 02:52:27,KOTA,Clear,0.28,7.52,1.0,25.3,50.9
2026-04-20 01:24:24,KOTA,Cloudy,0.14,9.5,0.2,32.9,72.9
2026-04-24 09:21:27,KOTA,Rain,0.85,1.72,22.4,13.6,70.0
2026-04-18 11:12:43,KOTA,Fog,0.75,3.64,0.5,16.9,91.5
2026-02-12 13:10:41,KOTA,Rain,0.03,8.46,15.4,18.0,47.3
2026-04-05 06:45:54,KOTA,Fog,0.46,6.61,0.6,2.0,61.3
2026-04-08 08:59:42,KOTA,Fog,0.6,5.79,0.1,4.9,69.3
2026-05-20 05:16:23,KOTA,Cloudy,0.26,7.79,1.5,33.9,88.7
2026-04-02 08:00:50,KOTA,Clear,0.06,8.7,1.3,13.3,54.6
2026-02-19 00:41:32,KOTA,Cloudy,0.22,7.59,0.2,26.7,52.1
2026-02-05 01:58:43,KOTA,Clear,0.3,7.72,1.1,23.2,87.9
2026-03-07 10:59:14,KOTA,Clear,0.44,6.62,1.0,34.7,51.0
2026-02-27 16:11:02,KOTA,Clear,0.07,9.13,0.9,16.7,95.3
2026-02-27 05:25:19,KOTA,Clear,0.15,8.55,0.1,29.6,84.4
2026-01-26 19:29:25,KOTA,Rain,0.6,3.89,1.1,31.0,78.5
2026-03-21 15:20:53,KOTA,Clear,0.43,6.41,1.1,26.1,78.3
2026-04-27 10:52:07,KOTA,Rain,0.15,7.46,13.1,24.5,100.0
2026-01-21 11:48:09,KOTA,Cloudy,0.16,8.67,1.2,21.4,67.6
2026-06-01 22:56:41,KOTA,Clear,0.21,8.25,0.7,28.7,39.8
2026-03-10 05:46:26,KOTA,Clear,0.59,4.98,0.9,44.2,91.2
2026-03-30 02:57:19,KOTA,Fog,0.63,4.52,1.4,15.4,68.8
2026-02-24 08:35:02,KOTA,Clear,0.23,8.46,1.2,18.0,61.6
2026-05-06 19:31:02,KOTA,Cloudy,0.46,5.81,1.1,14.5,68.8
2026-06-19 14:42:10,KOTA,Clear,0.2,8.78,0.9,43.6,77.7
2026-05-24 06:20:32,KOTA,Rain,0.13,8.27,2.6,23.5,52.0
2026-01-10 17:41:30,KOTA,Clear,0.02,9.99,1.2,24.6,53.5
2026-03-06 05:01:39,KOTA,Clear,0.51,6.63,0.2,33.0,34.2
2026-03-01 19:53:55,KOTA,Fog,0.48,5.74,0.2,20.7,72.0
2026-04-04 16:27:03,KOTA,Clear,0.44,5.83,0.6,30.6,48.0
2026-05-09 23:33:38,KOTA,Cloudy,0.55,4.77,1.3,27.1,63.8
2026-03-26 01:06:26,KOTA,Cloudy,0.32,7.21,0.9,27.6,73.0
2026-03-26 19:04:55,KOTA,Fog,0.76,3.52,1.0,13.0,84.9
2026-01-05 22:48:57,KOTA,Clear,0.27,8.07,0.5,18.4,54.2
2026-04-05 06:02:17,KOTA,Rain,0.19,7.48,2.9,13.3,100.0
2026-02-24 02:46:43,KOTA,Clear,0.3,6.67,0.8,22.5,60.4
2026-06-09 19:06:14,KOTA,Fog,0.84,2.87,0.7,21.7,49.1
2026-06-02 11:06:12,KOTA,Cloudy,0.36,6.9,0.5,16.5,79.5
2026-06-01 21:12:09,KOTA,Clear,0.18,7.71,0.3,30.1,37.5
2026-04-24 16:46:46,KOTA,Fog,0.57,5.02,0.8,29.0,64.5
2026-04-19 08:09:19,KOTA,Cloudy,0.39,6.36,0.1,34.8,62.3
2026-05-16 19:56:48,KOTA,Clear,0.56,5.26,1.0,16.2,73.2
2026-02-28 12:13:32,KOTA,Clear,0.49,6.02,0.9,28.8,100.0
2026-06-07 11:50:41,KOTA,Clear,0.32,7.27,1.3,31.4,66.8
2026-02-14 14:57:35,KOTA,Cloudy,0.62,5.35,0.6,30.8,88.2
2026-06-07 09:22:43,KOTA,Clear,0.16,8.46,0.7,30.8,87.2
2026-06-18 09:51:48,KOTA,Clear,0.35,6.52,0.1,23.0,82.8
2026-06-23 17:03:12,KOTA,Cloudy,0.15,8.13,0.5,18.1,61.7
2026-04-09 00:13:39,KOTA,Clear,0.07,9.41,1.1,22.3,68.7
2026-05-12 02:11:26,KOTA,Clear,0.51,5.36,0.1,13.8,48.4
2026-03-15 14:59:51,KOTA,Cloudy,0.4,6.51,0.4,36.9,94.6
2026-01-12 09:33:38,KOTA,Clear,0.22,7.9,0.9,31.7,56.9
2026-05-05 06:24:58,KOTA,Cloudy,0.12,8.7,1.2,18.5,87.4
2026-01-10 21:51:46,KOTA,Clear,0.27,7.47,1.1,40.2,78.0
2026-04-01 18:41:55,KOTA,Fog,0.43,6.18,1.5,23.3,69.7
2026-03-20 21:42:48,KOTA,Clear,0.3,7.75,0.4,19.8,71.1
2026-06-24 09:55:42,KOTA,Clear,0.2,8.34,0.6,27.0,39.2
2026-03-23 02:03:14,KOTA,Clear,0.53,4.19,1.2,20.3,76.8
2026-04-26 08:05:28,KOTA,Clear,0.11,8.85,1.0,23.0,53.1
2026-02-13 14:54:49,KOTA,Fog,0.48,5.24,0.5,16.6,52.7
2026-03-13 04:55:19,KOTA,Fog,0.86,2.96,1.2,31.1,78.3
2026-06-02 09:33:42,KOTA,Clear,0.2,8.07,1.3,18.2,45.9
2026-02-23 20:55:09,KOTA,Cloudy,0.04,9.5,1.2,21.2,53.8
2026-05-11 11:29:43,KOTA,Clear,0.41,6.42,0.9,22.9,66.1
2026-04-14 07:07:37,KOTA,Rain,0.31,6.46,9.7,15.4,99.0
2026-03-19 18:37:18,KOTA,Cloudy,0.16,9.23,0.8,19.0,89.8
2026-05-03 12:10:39,KOTA,Clear,0.57,5.5,0.4,21.0,51.2
2026-03-21 17:34:11,KOTA,Rain,0.18,7.95,8.7,19.8,43.2
2026-02-14 18:00:53,KOTA,Cloudy,0.35,6.95,0.1,21.2,85.7
2026-02-03 19:51:04,KOTA,Cloudy,0.53,5.76,0.1,25.3,49.9
2026-01-17 10:27:29,KOTA,Rain,0.11,8.04,2.4,21.0,52.1
2026-01-21 13:50:59,KOTA,Clear,0.05,9.11,1.2,26.6,31.3
2026-04-22 21:50:02,KOTA,Rain,0.6,3.29,9.2,18.9,55.6
2026-02-17 08:33:21,KOTA,Cloudy,0.4,5.94,0.4,11.7,71.5
2026-03-24 11:12:38,KOTA,Cloudy,0.11,8.52,0.8,23.3,31.9
2026-06-03 13:37:33,KOTA,Cloudy,0.1,8.47,0.1,21.9,71.2
2026-02-22 02:13:54,KOTA,Clear,0.35,6.88,1.0,26.2,67.8
2026-04-18 20:28:55,KOTA,Clear,0.37,6.85,0.2,15.1,76.0
2026-04-02 01:43:19,KOTA,Rain,0.25,6.7,4.8,26.5,69.9
2026-05-18 14:30:53,KOTA,Clear,0.48,5.97,0.4,22.0,67.7
2026-04-07 21:53:01,KOTA,Fog,0.92,2.5,0.7,26.3,86.5
2026-02-23 14:39:14,KOTA,Clear,0.37,6.67,0.5,15.7,45.2
2026-02-25 17:00:21,KOTA,Clear,0.25,8.26,0.8,28.7,75.4
2026-03-16 04:32:26,KOTA,Cloudy,0.43,6.2,0.8,26.6,63.2
2026-06-12 04:58:20,KOTA,Clear,0.18,8.26,0.3,22.9,91.2
2026-02-20 20:30:27,KOTA,Clear,0.49,5.4,0.9,19.3,46.0
2026-05-14 05:29:29,KOTA,Rain,0.21,7.24,0.9,31.0,64.3
2026-06-13 03:00:33,KOTA,Cloudy,0.26,7.42,1.4,18.4,56.8
2026-06-20 12:41:57,KOTA,Rain,0.26,6.17,4.9,16.3,70.2
2026-04-23 21:36:43,KOTA,Fog,0.72,3.78,1.5,36.9,56.1
2026-03-19 18:35:38,KOTA,Cloudy,0.2,8.58,0.2,17.5,82.1
2026-05-18 04:02:42,KOTA,Rain,0.33,6.54,7.9,14.0,73.7
2026-03-15 19:30:15,KOTA,Cloudy,0.17,8.61,0.2,32.0,61.8
2026-04-22 10:25:20,KOTA,Clear,0.27,8.07,0.2,13.5,56.6
2026-01-10 04:27:55,KOTA,Fog,0.84,3.42,0.5,20.0,93.0
2026-01-23 14:56:45,KOTA,Clear,0.55,5.38,1.3,19.1,77.2
2026-01-06 06:22:32,KOTA,Clear,0.42,6.85,1.0,23.1,56.1
2026-02-18 12:21:18,KOTA,Clear,0.2,7.74,1.2,24.6,41.0
2026-03-03 03:08:06,KOTA,Clear,0.18,7.95,0.2,16.4,55.6
2026-01-30 04:01:32,KOTA,Clear,0.08,9.09,1.1,28.5,77.5
2026-03-16 10:37:09,KOTA,Clear,0.26,7.51,0.3,32.7,95.9
2026-06-08 07:21:29,KOTA,Clear,0.22,7.81,0.3,23.3,78.7
2026-01-29 14:42:55,KOTA,Clear,0.09,9.7,0.8,27.0,96.0
2026-04-03 19:32:53,KOTA,Clear,0.39,6.97,0.3,16.4,58.0
2026-02-03 16:41:25,KOTA,Clear,0.19,9.33,0.7,21.5,95.1
2026-03-24 11:29:32,KOTA,Fog,0.55,5.53,0.3,31.5,50.1
2026-05-23 23:46:43,KOTA,Clear,0.22,8.3,1.4,13.7,73.0
2026-06-28 06:15:53,KOTA,Cloudy,0.08,9.57,1.5,16.8,76.4
2026-06-09 07:08:28,KOTA,Rain,0.58,3.41,10.5,22.2,63.0
2026-04-07 16:15:13,KOTA,Clear,0.15,8.84,0.7,32.2,79.9
2026-05-18 09:58:57,KOTA,Clear,0.44,6.34,0.0,24.5,44.7
2026-01-24 01:50:27,KOTA,Clear,0.05,9.85,1.4,21.1,36.8
2026-01-24 20:26:02,KOTA,Fog,0.45,6.22,0.6,17.8,74.9
2026-02-04 12:14:02,KOTA,Clear,0.48,5.55,1.2,37.3,100.0
2026-02-07 05:09:00,KOTA,Fog,0.47,6.86,1.0,29.9,51.7
2026-03-01 21:09:16,KOTA,Rain,0.28,6.8,8.9,29.5,65.9
2026-03-23 01:05:41,KOTA,Clear,0.26,8.15,1.0,18.1,65.6
2026-03-21 01:15:36,KOTA,Clear,0.31,7.27,1.0,39.0,100.0
2026-01-06 05:20:08,KOTA,Cloudy,0.4,6.61,0.6,20.4,87.1
2026-01-16 06:15:47,KOTA,Cloudy,0.61,5.18,0.6,35.2,68.9
2026-04-04 08:22:05,KOTA,Clear,0.13,8.51,0.5,24.0,90.4
2026-04-28 12:29:55,KOTA,Clear,0.47,6.02,0.3,35.0,83.9
2026-02-19 06:07:31,KOTA,Clear,0.16,8.66,0.4,18.5,68.8
2026-03-30 23:49:57,KOTA,Rain,0.26,6.14,11.8,30.7,60.7
2026-04-23 20:33:42,KOTA,Cloudy,0.1,8.15,0.5,22.1,86.1
2026-03-05 16:04:14,KOTA,Rain,0.49,4.97,4.2,11.6,78.6
2026-01-08 00:14:50,KOTA,Cloudy,0.28,7.59,1.3,28.7,52.1
2026-06-20 18:50:45,KOTA,Cloudy,0.21,8.06,0.6,13.0,94.6
2026-03-28 04:42:03,KOTA,Clear,0.08,9.72,1.4,32.9,40.8
2026-05-19 13:33:20,KOTA,Clear,0.18,8.43,0.7,25.7,43.9
2026-06-14 15:55:14,KOTA,Rain,0.19,7.14,3.4,19.9,54.3
2026-03-04 14:34:28,KOTA,Clear,0.14,9.18,0.4,13.9,65.5
2026-01-23 20:04:18,KOTA,Cloudy,0.09,9.01,0.6,32.1,43.6
2026-01-04 10:40:22,KOTA,Clear,0.16,8.23,0.2,19.7,46.8
2026-05-03 06:42:41,KOTA,Rain,0.3,7.06,14.0,36.6,64.7
2026-04-19 04:00:29,KOTA,Clear,0.36,7.47,0.2,21.6,70.9
2026-03-23 15:34:36,KOTA,Fog,0.59,4.68,1.2,23.9,100.0
2026-03-06 04:55:49,KOTA,Rain,0.62,3.57,29.0,32.6,100.0
2026-03-15 17:58:57,KOTA,Clear,0.19,8.12,0.1,23.4,65.1
2026-04-02 07:47:47,KOTA,Clear,0.3,7.58,0.5,17.6,53.3
2026-03-18 09:00:03,KOTA,Cloudy,0.36,6.44,0.6,30.2,73.0
2026-02-01 01:37:25,KOTA,Clear,0.42,6.32,0.5,20.5,57.6
2026-02-19 04:55:09,KOTA,Fog,1.0,0.78,0.0,16.7,89.1
2026-02-16 01:17:03,KOTA,Cloudy,0.54,5.21,1.1,31.8,69.6
2026-01-20 00:58:00,KOTA,Clear,0.32,7.08,0.6,23.1,64.9
2026-05-31 04:10:11,KOTA,Clear,0.47,6.08,0.2,27.3,72.3
2026-05-20 15:21:26,KOTA,Clear,0.28,7.34,1.0,33.3,58.2
2026-04-03 23:36:23,KOTA,Clear,0.2,7.95,1.3,17.7,91.1
2026-03-15 21:35:03,KOTA,Clear,0.34,7.0,1.0,22.7,65.9
2026-04-27 13:04:06,KOTA,Cloudy,0.39,7.03,1.1,18.4,76.2
2026-03-03 10:23:02,KOTA,Clear,0.23,7.99,0.1,28.2,40.3
2026-03-01 09:12:43,KOTA,Rain,0.45,4.47,10.0,27.9,100.0
2026-03-04 15:52:17,KOTA,Clear,0.11,7.77,1.2,19.2,74.6
2026-06-11 18:50:39,KOTA,Fog,0.52,5.46,0.4,23.1,90.5
2026-01-30 08:18:54,KOTA,Clear,0.23,8.23,0.9,14.6,47.8
2026-04-11 19:09:08,KOTA,Cloudy,0.27,8.08,0.7,17.6,61.3
2026-04-29 14:05:24,KOTA,Clear,0.16,8.19,0.7,33.2,71.3
2026-04-04 07:21:34,KOTA,Clear,0.05,9.12,1.2,24.5,79.3
2026-01-09 08:05:39,KOTA,Clear,0.4,6.17,0.6,25.7,48.5
2026-03-16 10:24:05,KOTA,Clear,0.24,8.5,0.4,36.7,93.1
2026-05-25 23:24:54,KOTA,Clear,0.14,8.91,0.1,28.0,75.6
2026-01-22 15:34:58,KOTA,Clear,0.07,9.26,0.7,24.1,63.0
2026-04-26 01:42:23,KOTA,Rain,0.1,7.99,9.9,15.8,85.2
2026-04-04 18:17:51,KOTA,Fog,0.71,4.78,1.0,46.6,76.9
2026-06-28 00:52:18,KOTA,Clear,0.32,7.04,0.4,35.6,74.9
2026-05-03 20:26:46,KOTA,Clear,0.22,8.33,1.4,19.8,48.4
2026-06-13 00:53:22,KOTA,Cloudy,0.22,7.06,1.5,29.8,49.1
2026-06-02 18:57:28,KOTA,Clear,0.23,7.51,0.1,25.1,83.5
2026-06-07 16:57:25,KOTA,Clear,0.33,7.25,0.8,20.5,76.4
2026-05-25 02:02:14,KOTA,Clear,0.27,7.79,1.0,26.9,95.9
2026-01-06 04:41:50,KOTA,Clear,0.46,6.44,0.5,24.2,67.0
2026-01-08 14:00:21,KOTA,Clear,0.58,4.29,0.1,28.8,98.2
2026-02-18 00:24:21,KOTA,Rain,0.27,6.72,2.0,31.0,45.9
2026-05-11 02:16:51,KOTA,Clear,0.33,7.17,0.5,9.4,35.9
2026-01-31 22:36:18,KOTA,Clear,0.37,6.44,1.1,36.9,69.2
2026-05-15 18:50:07,KOTA,Clear,0.15,9.28,0.9,7.9,40.5
2026-02-24 12:24:22,KOTA,Clear,0.69,4.29,1.1,30.7,67.6
2026-02-23 04:29:06,KOTA,Clear,0.53,5.24,1.4,31.0,69.9
2026-02-14 03:36:51,KOTA,Rain,0.48,4.82,12.8,20.4,33.0
2026-01-23 01:44:43,KOTA,Rain,0.09,8.43,7.0,18.5,51.2
2026-01-29 03:53:39,KOTA,Clear,0.47,5.85,0.8,13.5,56.4
2026-06-19 18:24:08,KOTA,Clear,0.27,7.77,0.3,21.6,82.9
2026-02-03 21:41:00,KOTA,Clear,0.38,7.5,0.8,29.0,93.6
2026-03-07 11:43:14,KOTA,Clear,0.26,7.32,0.1,22.3,72.4
2026-06-10 02:00:37,KOTA,Cloudy,0.38,6.6,1.2,14.2,39.4
2026-06-12 14:11:16,KOTA,Clear,0.25,8.1,0.7,26.4,42.0
2026-03-05 11:09:52,KOTA,Cloudy,0.23,8.37,0.5,29.2,52.1
2026-05-19 12:32:00,KOTA,Clear,0.16,7.59,0.8,18.9,45.4
2026-01-24 05:41:42,KOTA,Cloudy,0.46,6.69,1.0,26.1,75.7
2026-02-25 21:56:12,KOTA,Fog,0.6,4.97,0.1,18.5,78.4
2026-02-03 06:59:28,KOTA,Rain,0.39,5.76,4.3,39.1,62.4
2026-04-03 20:29:39,KOTA,Cloudy,0.12,9.04,1.4,15.6,64.3
2026-05-25 03:39:26,KOTA,Clear,0.08,9.68,1.2,26.0,42.1
2026-01-27 23:22:07,KOTA,Clear,0.64,4.62,0.4,21.9,99.4
2026-04-03 09:16:03,KOTA,Clear,0.29,7.19,1.5,29.1,87.6
2026-06-14 14:53:07,KOTA,Cloudy,0.17,8.84,0.3,41.3,71.4
2026-04-22 11:25:40,KOTA,Fog,0.48,5.79,1.3,24.1,59.9
2026-02-25 15:26:44,KOTA,Clear,0.51,5.59,0.1,26.1,75.9
2026-05-15 21:54:56,KOTA,Clear,0.32,7.47,1.3,12.3,71.6
2026-03-20 20:18:34,KOTA,Rain,0.12,7.86,5.0,14.2,53.6
2026-03-01 22:56:45,KOTA,Clear,0.16,8.97,1.5,25.8,78.1
2026-04-09 15:26:06,KOTA,Rain,0.39,5.36,17.1,28.6,72.1
2026-05-30 12:25:51,KOTA,Fog,0.53,5.48,1.2,19.0,80.0
2026-06-12 22:33:49,KOTA,Fog,0.73,3.59,0.1,18.8,63.4
2026-01-23 10:04:04,KOTA,Clear,0.12,9.66,0.5,42.3,38.3
2026-03-23 07:03:08,KOTA,Clear,0.12,9.72,0.2,23.6,68.0
2026-02-23 18:14:31,KOTA,Cloudy,0.19,8.83,0.9,20.2,76.6
2026-05-27 04:23:56,KOTA,Clear,0.31,7.42,1.1,33.9,60.9
2026-04-12 10:13:09,KOTA,Clear,0.57,4.94,0.7,19.3,44.2
2026-02-03 10:10:28,KOTA,Cloudy,0.29,7.58,0.6,17.2,68.6
2026-01-15 03:51:04,KOTA,Clear,0.01,10.3,0.7,11.7,63.1
2026-03-31 01:48:57,KOTA,Cloudy,0.21,8.68,0.0,16.8,75.2
2026-03-08 23:18:36,KOTA,Fog,0.6,4.29,1.1,25.8,84.7
2026-06-15 05:15:33,KOTA,Clear,0.22,7.71,0.5,15.5,60.3
2026-02-23 04:06:47,KOTA,Clear,0.14,9.01,0.4,16.8,40.7
2026-03-03 14:46:07,KOTA,Clear,0.32,7.8,0.8,33.8,79.4
2026-04-19 13:36:14,KOTA,Rain,0.11,7.13,5.1,20.6,67.5
2026-05-13 13:41:12,KOTA,Fog,0.48,5.04,1.3,30.4,62.6
2026-03-06 05:46:22,KOTA,Fog,0.48,6.21,0.1,35.5,72.7
2026-05-09 23:20:54,KOTA,Clear,0.13,7.6,0.2,16.3,50.4
2026-05-17 13:57:04,KOTA,Cloudy,0.1,9.88,0.8,23.1,64.9
2026-05-08 00:22:06,KOTA,Cloudy,0.49,5.62,0.8,32.9,56.2
2026-03-06 07:35:27,KOTA,Rain,0.36,5.02,21.4,28.0,92.3
2026-06-24 05:05:57,KOTA,Cloudy,0.34,6.99,0.6,10.7,65.2
2026-02-06 18:52:28,KOTA,Clear,0.5,5.14,1.1,19.8,64.4
2026-06-07 15:48:23,KOTA,Cloudy,0.44,5.97,1.5,21.1,64.5
2026-04-03 17:24:31,KOTA,Clear,0.27,7.87,1.2,22.4,94.1
2026-05-20 17:39:07,KOTA,Clear,0.17,8.78,1.2,28.6,86.3
2026-01-30 22:08:09,KOTA,Fog,0.52,5.54,0.8,27.8,80.9
2026-01-14 02:45:00,KOTA,Clear,0.09,7.71,1.4,38.9,50.8
2026-05-04 01:49:20,KOTA,Clear,0.26,7.41,0.2,21.7,40.8
2026-05-02 21:35:29,KOTA,Clear,0.02,9.68,1.2,34.9,75.8
2026-06-15 21:25:21,KOTA,Cloudy,0.41,6.54,0.5,20.2,88.9
2026-05-09 15:08:52,KOTA,Cloudy,0.16,8.87,1.2,20.8,89.3
2026-03-16 09:25:14,KOTA,Clear,0.35,7.96,0.1,28.1,50.6
2026-03-09 20:49:59,KOTA,Clear,0.36,6.63,0.2,26.9,42.5
2026-03-26 00:54:24,KOTA,Clear,0.57,5.14,0.3,20.3,73.9
2026-03-14 20:11:30,KOTA,Cloudy,0.2,8.18,1.4,30.6,75.7
2026-05-18 20:42:18,KOTA,Clear,0.23,7.58,0.3,14.3,79.7
2026-05-11 21:42:58,KOTA,Cloudy,0.18,8.89,0.5,34.8,78.2
2026-04-17 04:29:13,KOTA,Cloudy,0.4,6.27,0.9,25.9,60.5
2026-06-28 22:17:22,KOTA,Cloudy,0.34,7.29,1.1,22.7,83.1
2026-01-13 03:02:32,KOTA,Clear,0.09,9.78,0.7,20.0,68.4
2026-02-02 22:45:39,KOTA,Clear,0.5,6.46,0.7,9.0,65.0
2026-03-30 11:28:38,KOTA,Clear,0.22,6.53,1.3,22.1,41.9
2026-06-18 08:37:35,KOTA,Cloudy,0.15,8.34,0.9,8.0,66.9
2026-03-04 11:07:29,KOTA,Clear,0.08,10.17,1.4,28.3,60.7
2026-02-08 09:46:37,KOTA,Clear,0.43,6.13,1.3,27.9,83.2
2026-06-01 19:28:29,KOTA,Clear,0.38,7.24,1.3,27.6,62.1
2026-05-30 16:35:16,KOTA,Cloudy,0.4,6.68,0.5,29.9,89.3
2026-02-16 02:29:32,KOTA,Fog,0.69,4.25,0.8,25.6,72.2
2026-04-30 09:10:16,KOTA,Clear,0.2,8.1,1.1,27.7,48.9
2026-06-08 19:30:57,KOTA,Clear,0.3,7.25,1.2,26.9,82.3
2026-03-02 16:53:24,KOTA,Rain,0.22,7.53,2.3,37.1,36.8
2026-03-15 02:56:39,KOTA,Clear,0.35,6.93,0.9,22.9,43.9
2026-03-10 13:56:09,KOTA,Clear,0.43,6.87,1.1,9.7,67.1
2026-05-15 13:26:08,KOTA,Cloudy,0.32,7.42,1.0,24.5,62.0
2026-06-19 11:33:18,KOTA,Clear,0.31,6.6,1.0,43.5,51.2
2026-05-01 17:30:26,KOTA,Clear,0.06,10.07,0.7,31.8,86.2
2026-06-18 09:13:49,KOTA,Clear,0.13,9.65,0.1,31.3,52.9
2026-02-04 14:07:32,KOTA,Clear,0.46,5.95,0.1,25.8,73.1
2026-03-06 02:25:24,KOTA,Fog,0.69,3.56,0.4,19.9,78.3
2026-05-15 10:12:53,KOTA,Clear,0.74,3.9,1.3,18.6,79.5
2026-03-28 14:43:10,KOTA,Cloudy,0.19,8.37,0.4,19.8,64.2
2026-01-23 13:17:09,KOTA,Fog,0.9,2.36,1.4,16.1,97.0
2026-06-16 09:26:39,KOTA,Rain,0.45,4.12,8.5,17.4,98.3
2026-04-10 02:57:23,KOTA,Clear,0.26,7.41,0.6,15.2,57.0
2026-04-05 04:43:55,KOTA,Clear,0.17,8.28,0.3,25.2,95.8
2026-02-11 09:10:50,KOTA,Clear,0.24,8.38,0.7,18.8,76.7
2026-04-13 01:08:25,KOTA,Cloudy,0.39,6.85,1.5,36.4,39.8
2026-06-04 18:18:21,KOTA,Clear,0.23,7.64,0.7,27.7,57.3
2026-04-07 13:07:31,KOTA,Clear,0.49,5.62,0.9,21.8,78.6
2026-05-04 08:45:01,KOTA,Cloudy,0.09,9.5,0.4,11.4,62.9
2026-03-10 06:15:16,KOTA,Cloudy,0.22,7.53,0.8,18.6,33.7
2026-02-05 18:19:12,KOTA,Clear,0.47,6.28,0.4,32.1,72.9
2026-04-16 13:48:29,KOTA,Clear,0.1,9.18,0.4,15.9,84.4
2026-06-03 08:57:21,KOTA,Clear,0.13,9.62,0.4,13.7,53.1
2026-01-04 05:09:08,KOTA,Cloudy,0.53,6.26,0.7,19.2,99.3
2026-01-24 04:59:16,KOTA,Clear,0.33,6.87,0.8,15.2,67.0
2026-06-09 09:35:46,KOTA,Cloudy,0.2,7.78,1.3,21.3,73.8
2026-01-24 18:04:08,KOTA,Cloudy,0.45,5.65,1.4,22.3,88.7
2026-06-13 00:23:11,KOTA,Clear,0.21,7.47,0.1,32.0,78.2
2026-05-07 11:29:43,KOTA,Cloudy,0.23,7.95,1.3,30.5,63.0
2026-03-26 10:07:40,KOTA,Fog,0.55,5.15,1.4,20.9,90.6
2026-01-08 10:17:35,KOTA,Clear,0.42,5.85,1.1,34.7,53.4
2026-01-30 09:37:37,KOTA,Clear,0.19,8.06,1.3,22.6,60.4
2026-03-24 15:02:27,KOTA,Clear,0.25,7.79,0.1,43.4,69.6
2026-03-15 20:04:09,KOTA,Clear,0.45,6.38,0.6,24.5,80.7
2026-05-05 06:22:12,KOTA,Clear,0.49,5.65,0.4,11.8,62.8
2026-03-23 22:48:02,KOTA,Fog,0.6,4.84,0.1,35.1,80.5
2026-05-07 23:10:22,KOTA,Clear,0.3,7.95,0.6,18.4,77.1
2026-06-29 06:32:16,KOTA,Clear,0.33,6.34,1.2,1.6,61.5
2026-05-04 17:27:01,KOTA,Clear,0.51,5.58,1.1,31.8,89.2
2026-01-20 12:26:25,KOTA,Clear,0.17,8.71,0.9,18.2,86.2
2026-02-04 20:51:51,KOTA,Fog,0.36,6.76,0.2,27.7,42.0
2026-05-12 21:15:32,KOTA,Fog,0.71,3.6,0.3,21.5,67.8
2026-06-29 20:04:17,KOTA,Clear,0.33,7.11,0.9,40.6,75.8
2026-05-14 10:20:46,KOTA,Rain,0.17,5.79,9.2,26.8,66.8
2026-03-17 17:51:59,KOTA,Clear,0.34,7.8,1.4,14.5,57.2
2026-03-15 20:07:00,KOTA,Clear,0.02,9.49,0.7,25.3,80.5
2026-02-22 23:51:26,KOTA,Clear,0.11,8.8,0.2,35.4,34.3
2026-01-09 19:26:26,KOTA,Fog,0.87,2.31,0.6,28.1,100.0
2026-04-09 16:21:56,KOTA,Clear,0.3,6.94,0.2,25.8,90.4
2026-02-17 23:53:34,KOTA,Cloudy,0.31,7.49,0.7,15.3,74.8
2026-01-05 05:44:24,KOTA,Clear,0.33,6.82,0.4,9.6,67.7
2026-05-07 17:19:24,KOTA,Rain,0.41,5.4,1.0,23.4,64.8
2026-06-23 18:20:16,KOTA,Clear,0.12,9.19,0.7,28.4,86.3
2026-03-22 12:22:43,KOTA,Cloudy,0.16,8.53,0.6,4.4,56.5
2026-06-17 17:22:31,KOTA,Cloudy,0.42,6.87,0.1,21.6,71.6
2026-05-14 12:24:13,KOTA,Clear,0.2,7.82,1.2,30.7,63.3
2026-06-14 09:59:29,KOTA,Clear,0.21,7.58,0.1,29.1,94.9
2026-05-29 07:25:42,KOTA,Clear,0.54,5.72,0.6,9.9,67.7
2026-05-05 06:47:17,KOTA,Fog,0.5,5.89,1.2,38.7,84.1
2026-01-05 03:07:29,KOTA,Clear,0.46,5.96,1.1,26.9,67.4
2026-01-01 15:38:14,KOTA,Clear,0.35,6.97,0.5,24.2,39.9
2026-06-10 16:38:20,KOTA,Clear,0.26,8.45,1.1,23.9,68.6
2026-04-03 13:56:53,KOTA,Clear,0.45,6.64,1.3,24.2,64.5
2026-01-26 11:41:43,KOTA,Fog,0.68,4.38,0.8,32.4,58.9
2026-06-18 07:00:39,KOTA,Clear,0.12,8.39,0.0,15.1,95.2
2026-01-03 17:56:41,KOTA,Rain,0.6,3.95,18.3,22.2,82.9
2026-03-04 10:03:20,KOTA,Rain,0.37,6.29,15.5,25.8,100.0
2026-01-08 11:38:11,KOTA,Cloudy,0.03,9.64,1.0,23.5,56.8
2026-01-16 09:08:07,KOTA,Clear,0.12,8.5,0.7,29.5,90.9
2026-04-20 12:48:17,KOTA,Clear,0.2,8.54,0.2,21.5,67.1
2026-02-05 14:20:24,KOTA,Cloudy,0.73,3.71,0.2,17.6,89.7
2026-01-12 07:49:18,KOTA,Cloudy,0.31,6.73,1.3,20.9,89.2
2026-03-09 04:01:27,KOTA,Clear,0.25,8.18,0.2,31.3,48.5
2026-05-09 20:46:44,KOTA,Cloudy,0.37,6.99,0.9,30.9,61.1
2026-02-03 21:20:56,KOTA,Cloudy,0.56,5.34,0.0,22.7,52.7
2026-03-14 10:51:36,KOTA,Clear,0.14,9.15,0.1,8.4,20.4
2026-02-02 06:54:00,KOTA,Cloudy,0.64,4.83,1.1,29.6,86.8
2026-03-28 09:22:54,KOTA,Clear,0.45,6.64,0.9,11.8,47.6
2026-03-29 19:24:24,KOTA,Clear,0.32,8.03,1.4,31.8,46.6
2026-05-08 23:26:57,KOTA,Clear,0.05,9.21,0.9,14.7,71.5
2026-01-17 13:39:02,KOTA,Cloudy,0.25,8.1,0.8,1.9,96.7
2026-06-07 15:34:33,KOTA,Cloudy,0.33,6.87,1.3,20.7,77.8
2026-02-08 20:46:41,KOTA,Clear,0.64,4.18,1.1,22.2,46.6
2026-03-13 09:13:38,KOTA,Rain,0.19,6.66,13.9,36.4,47.7
2026-05-24 07:54:41,KOTA,Fog,0.83,3.3,0.8,8.9,76.4
2026-02-22 20:31:08,KOTA,Fog,0.59,4.97,0.3,25.2,94.7
2026-02-22 23:07:52,KOTA,Clear,0.5,5.53,0.2,21.8,57.5
2026-05-05 03:03:22,KOTA,Fog,0.45,6.0,1.4,38.0,73.2
2026-05-15 17:15:04,KOTA,Clear,0.06,9.24,1.2,22.0,26.9
2026-01-30 18:57:58,KOTA,Clear,0.19,8.54,1.0,19.2,98.8
2026-01-04 05:48:47,KOTA,Clear,0.14,7.92,1.2,30.4,37.0
2026-01-01 08:25:05,KOTA,Rain,0.15,7.99,27.7,20.2,54.0
2026-05-16 18:54:23,KOTA,Clear,0.6,5.19,0.1,34.2,76.7
2026-04-11 15:20:16,KOTA,Clear,0.47,6.04,0.2,23.6,92.8
2026-01-31 17:52:22,KOTA,Cloudy,0.23,7.52,1.4,8.9,75.9
2026-02-12 06:07:15,KOTA,Cloudy,0.03,9.63,1.4,19.0,100.0
2026-01-29 20:44:30,KOTA,Clear,0.3,7.51,0.6,29.0,84.5
2026-03-18 16:45:20,KOTA,Fog,0.7,3.98,0.5,29.1,98.4
2026-06-12 14:46:47,KOTA,Clear,0.03,9.5,1.4,16.0,38.7
2026-05-06 10:07:01,KOTA,Clear,0.24,8.31,0.8,29.7,71.4
2026-03-11 03:50:10,KOTA,Clear,0.49,5.79,0.1,40.9,80.6
2026-04-28 09:29:39,KOTA,Clear,0.2,8.29,1.1,21.3,46.1
2026-01-16 18:02:14,KOTA,Clear,0.18,8.56,1.0,25.3,68.5
2026-03-21 07:27:37,KOTA,Clear,0.48,6.4,0.8,15.2,73.4
2026-04-30 17:09:35,KOTA,Clear,0.1,8.43,1.2,19.6,68.4
2026-03-24 03:28:22,KOTA,Fog,0.51,5.95,1.4,27.5,87.6
2026-01-29 10:19:06,KOTA,Clear,0.23,7.46,1.0,10.2,84.5
2026-04-30 16:16:25,KOTA,Clear,0.35,6.75,1.0,14.3,82.1
2026-01-15 21:34:00,KOTA,Clear,0.17,8.29,0.3,3.9,70.7
2026-04-29 01:49:43,KOTA,Rain,0.56,4.22,13.0,25.8,71.7
2026-05-29 02:31:34,KOTA,Cloudy,0.35,7.3,0.2,23.0,69.1
2026-04-30 14:33:20,KOTA,Cloudy,0.32,7.02,0.2,26.7,53.2
2026-02-05 11:08:56,KOTA,Cloudy,0.8,4.03,1.2,30.2,87.2
2026-02-03 08:31:42,KOTA,Clear,0.25,8.5,0.1,17.7,50.8
2026-05-30 06:11:29,KOTA,Clear,0.09,9.07,1.1,17.8,60.9
2026-01-11 10:42:04,KOTA,Clear,0.18,8.75,1.2,22.4,65.1
2026-01-01 08:01:36,KOTA,Clear,0.27,7.76,0.3,33.8,58.6
2026-06-10 21:44:20,KOTA,Clear,0.43,6.38,1.2,27.9,70.4
2026-01-29 01:12:09,KOTA,Clear,0.17,9.15,0.5,21.4,92.7
2026-06-03 23:38:38,KOTA,Cloudy,0.08,7.96,0.5,33.4,79.7
2026-01-23 11:10:26,KOTA,Cloudy,0.2,8.55,0.8,11.7,91.1
2026-03-14 04:15:33,KOTA,Clear,0.42,6.1,0.7,18.8,70.4
2026-02-15 00:44:05,KOTA,Cloudy,0.29,7.2,0.1,13.5,79.0
2026-03-31 02:24:34,KOTA,Clear,0.42,6.42,0.4,23.9,84.1
2026-06-11 09:12:15,KOTA,Rain,0.43,5.13,6.9,23.1,62.7
2026-03-22 20:29:39,KOTA,Cloudy,0.3,7.84,0.1,15.2,76.1
2026-04-07 11:12:14,KOTA,Clear,0.33,8.32,0.2,24.0,75.9
2026-02-27 00:12:36,KOTA,Clear,0.46,6.0,1.1,31.9,88.8
2026-05-17 04:37:52,KOTA,Clear,0.36,8.1,0.8,11.1,100.0
2026-03-19 06:40:32,KOTA,Rain,0.37,5.21,5.8,11.7,68.6
2026-06-30 05:52:51,KOTA,Rain,0.26,5.59,4.2,18.5,71.4
2026-03-11 03:05:50,KOTA,Clear,0.16,9.59,1.1,22.7,72.4
2026-05-23 00:22:00,KOTA,Fog,0.55,5.81,0.1,29.3,68.5
2026-04-07 10:58:45,KOTA,Cloudy,0.17,8.4,1.5,20.2,83.8
2026-05-29 17:03:42,KOTA,Clear,0.3,7.04,0.6,14.1,47.4
2026-05-02 20:08:12,KOTA,Clear,0.09,8.58,0.8,24.3,53.1
2026-01-02 02:14:20,KOTA,Cloudy,0.36,6.69,0.7,21.6,60.8
2026-05-07 12:26:11,KOTA,Clear,0.35,7.63,0.6,23.6,68.5
2026-04-27 23:17:40,KOTA,Clear,0.3,7.66,0.9,28.3,99.7
2026-05-14 23:24:00,KOTA,Rain,0.33,5.54,7.1,20.9,62.4
2026-01-13 03:20:29,KOTA,Clear,0.46,5.46,0.1,28.0,66.0
2026-01-09 06:23:57,KOTA,Cloudy,0.15,8.74,0.2,26.6,38.7
2026-03-10 11:27:53,KOTA,Cloudy,0.12,8.78,0.5,22.3,82.0
2026-01-30 16:27:23,KOTA,Rain,0.13,6.95,8.4,18.6,81.8
2026-06-30 12:58:16,KOTA,Clear,0.09,9.5,1.1,33.1,75.5
2026-05-07 01:54:01,KOTA,Clear,0.24,8.24,0.5,25.8,80.4
2026-04-26 00:19:52,KOTA,Clear,0.09,9.65,0.2,24.0,51.5
2026-04-24 06:01:57,KOTA,Clear,0.14,9.84,1.1,27.0,60.1
2026-05-08 18:08:32,KOTA,Clear,0.11,8.87,0.7,23.8,67.5
2026-03-12 20:40:35,KOTA,Fog,0.4,6.71,0.0,11.3,48.1
2026-04-01 19:19:29,KOTA,Clear,0.16,8.41,1.1,24.3,51.4
2026-06-03 12:20:44,KOTA,Cloudy,0.35,7.09,1.3,24.4,100.0
2026-02-08 12:35:11,KOTA,Clear,0.43,5.74,0.6,31.5,71.1
2026-06-14 00:42:29,KOTA,Cloudy,0.29,8.05,0.4,26.1,81.6
2026-05-12 07:54:54,KOTA,Rain,0.27,5.95,4.5,23.8,54.2
2026-01-18 11:20:18,KOTA,Fog,0.55,4.47,0.2,20.9,48.6
2026-05-20 20:24:43,KOTA,Clear,0.25,7.94,0.9,13.5,42.7
2026-01-01 16:59:31,KOTA,Clear,0.56,5.66,1.4,18.7,80.5
2026-06-30 00:22:49,KOTA,Clear,0.1,9.13,1.2,21.4,86.7
2026-04-27 08:07:40,KOTA,Clear,0.31,7.71,1.0,28.1,37.9
2026-03-21 20:08:48,KOTA,Clear,0.43,6.02,0.7,33.8,68.7
2026-06-05 20:38:12,KOTA,Fog,0.92,1.83,0.1,21.2,68.3
2026-03-11 13:51:44,KOTA,Rain,0.12,8.7,9.8,25.9,56.5
2026-02-10 03:11:34,KOTA,Cloudy,0.1,9.38,1.5,38.6,100.0
2026-03-29 21:14:47,KOTA,Cloudy,0.24,7.85,0.4,21.7,80.1
2026-01-05 19:52:05,KOTA,Cloudy,0.14,8.66,0.4,17.9,52.1
2026-01-20 10:30:15,KOTA,Rain,0.22,7.18,10.6,26.6,21.1
2026-04-28 17:04:16,KOTA,Clear,0.39,6.89,0.9,28.2,65.6
2026-03-28 00:14:09,KOTA,Rain,0.18,8.61,6.4,19.6,75.3
2026-04-10 09:31:26,KOTA,Clear,0.53,5.88,0.4,26.8,66.6
2026-01-20 15:03:01,KOTA,Rain,0.43,5.34,2.6,19.2,56.0
2026-04-26 23:12:10,KOTA,Clear,0.35,7.02,1.0,32.4,66.5
2026-05-31 23:36:08,KOTA,Rain,0.19,7.72,15.2,0.5,97.3
2026-02-08 12:14:23,KOTA,Fog,0.4,6.94,0.3,22.3,73.6
2026-06-21 02:35:32,KOTA,Clear,0.66,4.93,0.5,15.2,66.7
2026-06-01 04:54:07,KOTA,Clear,0.36,7.48,0.1,36.2,76.1
2026-06-01 08:57:27,KOTA,Fog,0.58,4.93,0.3,42.6,62.3
2026-02-25 01:46:32,KOTA,Clear,0.66,4.85,0.4,18.3,46.8
2026-03-05 17:41:03,KOTA,Rain,0.18,7.32,13.4,22.5,98.8
2026-01-24 23:53:31,KOTA,Clear,0.23,8.38,0.2,26.5,100.0
2026-06-10 03:07:56,KOTA,Clear,0.46,5.76,0.3,7.3,79.1
2026-02-15 00:54:03,KOTA,Clear,0.31,7.28,0.8,21.5,53.4
2026-05-04 19:00:47,KOTA,Clear,0.35,6.79,0.9,26.9,81.8
2026-06-09 13:42:17,KOTA,Fog,0.89,2.15,0.1,22.6,63.4
2026-02-09 08:02:24,KOTA,Clear,0.22,8.25,0.6,25.8,38.4
2026-01-24 16:09:32,KOTA,Clear,0.35,7.42,0.8,18.9,68.8
2026-02-18 02:34:38,KOTA,Clear,0.14,8.48,0.8,28.0,73.0
2026-01-23 11:06:23,KOTA,Clear,0.28,7.27,1.1,22.6,100.0
2026-02-15 15:22:19,KOTA,Clear,0.53,5.43,0.6,31.0,58.1
2026-01-19 04:29:39,KOTA,Cloudy,0.25,7.48,0.3,29.3,49.0
2026-05-15 23:36:48,KOTA,Rain,0.34,5.67,12.0,28.6,30.7
2026-06-10 16:41:00,KOTA,Cloudy,0.28,7.36,0.7,21.4,71.1
2026-05-24 17:27:31,KOTA,Fog,0.56,6.0,0.1,15.3,64.2
2026-01-24 12:52:30,KOTA,Clear,0.1,9.61,0.8,30.9,53.5
2026-01-29 00:34:47,KOTA,Fog,0.71,4.62,0.8,32.8,80.8
2026-05-21 16:12:02,KOTA,Clear,0.36,7.13,0.5,25.5,68.1
2026-02-20 03:01:25,KOTA,Clear,0.24,7.72,0.3,26.5,74.9
2026-04-24 14:00:06,KOTA,Fog,0.39,7.04,1.2,14.9,65.7
2026-01-03 08:28:20,KOTA,Cloudy,0.35,6.91,1.1,13.3,78.6
2026-03-31 20:01:41,KOTA,Clear,0.38,6.14,0.7,16.2,73.2
2026-01-14 13:27:39,KOTA,Clear,0.14,9.62,0.4,45.4,66.6
2026-05-28 21:53:42,KOTA,Clear,0.37,7.2,0.2,22.6,95.1
2026-01-09 09:55:40,KOTA,Clear,0.15,8.79,0.8,25.0,74.1
2026-05-04 06:57:54,KOTA,Cloudy,0.45,5.75,0.2,28.8,87.3
2026-04-23 02:44:27,KOTA,Clear,0.07,9.11,1.0,43.9,63.9
2026-04-03 02:12:07,KOTA,Clear,0.7,2.92,0.7,28.7,80.0
2026-01-13 13:56:37,KOTA,Clear,0.71,3.95,0.2,19.3,85.1
2026-02-24 18:07:59,KOTA,Fog,0.96,1.89,1.4,26.5,100.0
2026-05-20 20:20:22,KOTA,Cloudy,0.29,7.43,0.8,15.5,45.0
2026-02-05 10:50:46,KOTA,Clear,0.16,9.19,1.2,16.9,58.5
2026-03-06 02:28:22,KOTA,Rain,0.04,8.02,2.4,27.5,58.1
2026-02-02 04:47:51,KOTA,Clear,0.23,7.64,0.7,22.7,52.5
2026-03-31 18:09:17,KOTA,Clear,0.27,7.89,1.0,33.8,33.4
2026-04-13 10:41:27,KOTA,Clear,0.01,10.89,0.5,22.6,62.5
2026-06-15 22:38:59,KOTA,Fog,0.55,5.87,0.9,13.5,84.7
2026-02-11 18:05:55,KOTA,Rain,0.11,8.12,7.6,24.2,26.3
2026-03-12 19:43:27,KOTA,Clear,0.17,9.07,0.9,28.2,57.9
2026-04-26 15:22:26,KOTA,Clear,0.2,8.5,0.1,35.2,66.0
2026-06-25 10:28:43,KOTA,Clear,0.42,6.15,1.4,34.4,78.1
2026-01-19 18:25:29,KOTA,Fog,0.47,6.21,0.3,18.9,43.3
2026-01-26 04:08:20,KOTA,Rain,0.26,6.63,4.0,36.8,91.9
2026-03-07 16:34:27,KOTA,Clear,0.15,8.72,0.9,32.9,56.2
2026-05-17 16:03:02,KOTA,Clear,0.26,8.15,0.8,12.1,83.1
2026-01-11 16:48:19,KOTA,Clear,0.18,8.47,0.6,26.1,60.6
2026-05-18 15:20:25,KOTA,Clear,0.38,6.58,1.1,6.0,64.0
2026-03-20 03:56:28,KOTA,Clear,0.27,8.55,0.9,17.0,53.1
2026-03-28 13:15:10,KOTA,Rain,0.42,5.02,13.3,45.2,58.4
2026-04-08 07:54:18,KOTA,Clear,0.07,9.3,1.2,19.0,54.7
2026-06-05 05:37:06,KOTA,Cloudy,0.4,6.07,0.4,17.5,65.6
2026-03-17 04:26:58,KOTA,Rain,0.43,5.22,6.4,23.5,91.8
2026-06-07 16:02:16,KOTA,Cloudy,0.36,7.41,0.9,24.7,41.8
2026-06-15 04:23:17,KOTA,Clear,0.37,6.12,1.4,35.8,46.3
2026-02-25 02:18:57,KOTA,Clear,0.38,7.29,0.5,26.2,90.3
2026-06-24 10:14:17,KOTA,Clear,0.33,7.18,0.0,17.9,71.9
2026-06-11 10:58:53,KOTA,Clear,0.24,7.89,0.8,23.4,59.6
2026-03-17 03:34:19,KOTA,Clear,0.06,9.69,1.5,7.1,70.3
2026-05-28 19:24:19,KOTA,Clear,0.49,5.8,0.0,17.1,63.0
2026-06-19 20:25:39,KOTA,Cloudy,0.16,8.08,1.3,18.8,48.4
2026-04-19 00:42:43,KOTA,Rain,0.64,3.71,5.1,17.9,67.2
2026-03-03 09:35:20,KOTA,Clear,0.42,6.0,1.3,21.6,52.8
2026-05-26 00:08:14,KOTA,Fog,0.67,4.34,0.1,27.9,81.7
2026-04-29 03:02:10,KOTA,Clear,0.04,10.15,0.0,24.8,52.7
2026-02-02 07:48:02,KOTA,Clear,0.42,6.84,0.7,12.1,44.3
2026-01-20 19:48:40,KOTA,Clear,0.45,6.2,0.6,28.5,78.7
2026-02-08 19:48:45,KOTA,Rain,0.36,5.4,12.4,23.0,52.0
2026-04-14 15:32:01,KOTA,Clear,0.18,8.59,0.6,43.8,65.0
2026-03-14 02:06:02,KOTA,Clear,0.11,9.96,0.8,19.8,67.2
2026-05-12 09:00:31,KOTA,Clear,0.73,4.14,1.2,32.7,86.1
2026-03-18 05:32:19,KOTA,Clear,0.12,9.06,0.5,1.8,70.1
2026-05-21 22:36:03,KOTA,Clear,0.36,6.1,0.7,30.4,65.9
2026-04-15 13:16:43,KOTA,Clear,0.43,7.22,1.0,16.5,73.2
2026-03-14 02:22:37,KOTA,Clear,0.03,10.21,1.5,22.7,38.4
2026-03-04 06:03:46,KOTA,Clear,0.64,4.19,0.8,20.3,76.0
2026-02-10 19:55:12,KOTA,Clear,0.35,6.96,0.6,17.6,60.8
2026-05-22 08:58:38,KOTA,Fog,0.48,5.85,0.6,10.2,47.5
2026-05-03 09:04:02,KOTA,Clear,0.12,8.71,0.3,31.6,98.3
2026-05-14 14:55:49,KOTA,Cloudy,0.44,5.85,0.6,41.6,77.7
2026-03-30 22:15:53,KOTA,Rain,0.14,8.02,1.9,29.9,59.0
2026-02-11 07:33:28,KOTA,Clear,0.29,7.81,1.3,21.6,80.3
2026-03-15 11:33:18,KOTA,Clear,0.13,8.53,0.6,15.9,57.4
2026-04-21 02:44:52,KOTA,Rain,0.31,6.93,0.9,38.6,87.1
2026-02-24 23:55:28,KOTA,Clear,0.35,7.64,0.8,25.8,53.5
2026-06-14 12:01:40,KOTA,Clear,0.09,8.47,0.2,20.8,81.0
2026-01-29 06:09:41,KOTA,Cloudy,0.44,6.21,0.6,28.3,45.0
2026-05-28 08:54:28,KOTA,Cloudy,0.2,8.49,0.1,27.3,49.2
2026-01-31 00:51:32,KOTA,Cloudy,0.56,4.88,0.0,28.7,80.0
2026-01-29 02:08:30,KOTA,Rain,0.21,6.32,13.5,20.2,94.4
2026-04-26 07:52:22,KOTA,Clear,0.34,6.57,1.3,27.5,72.3
2026-02-23 19:34:07,KOTA,Clear,0.43,6.45,0.9,40.0,56.7
2026-05-30 08:38:55,KOTA,Cloudy,0.26,8.08,1.4,32.8,62.7
2026-05-01 09:00:27,KOTA,Clear,0.15,9.06,0.7,17.8,45.1
2026-03-23 16:49:57,KOTA,Rain,0.15,6.95,3.1,25.4,42.8
2026-01-01 15:21:20,KOTA,Cloudy,0.24,7.27,1.4,20.7,65.8
2026-04-11 15:56:59,KOTA,Clear,0.12,8.93,0.1,19.3,52.9
2026-02-08 07:47:54,KOTA,Rain,0.3,6.13,9.4,23.8,58.1
2026-03-21 17:11:13,KOTA,Clear,0.26,7.61,1.0,22.0,90.6
2026-03-16 02:43:53,KOTA,Clear,0.45,5.99,1.5,31.4,76.8
2026-01-07 04:16:17,KOTA,Clear,0.2,9.26,0.3,30.3,67.2
2026-01-06 00:14:08,KOTA,Cloudy,0.58,4.71,0.8,33.0,96.0
2026-02-27 09:29:55,KOTA,Cloudy,0.21,8.56,1.0,14.3,63.1
2026-03-23 15:40:31,KOTA,Cloudy,0.22,8.02,0.1,23.2,38.4
2026-05-22 06:24:42,KOTA,Cloudy,0.29,7.11,0.7,13.2,72.8
2026-06-08 05:27:36,KOTA,Cloudy,0.19,7.93,0.7,22.3,89.7
2026-05-25 08:27:28,KOTA,Clear,0.26,7.47,0.1,28.4,51.6
2026-03-26 03:05:19,KOTA,Cloudy,0.08,8.49,1.2,17.5,62.3
2026-03-30 23:07:48,KOTA,Cloudy,0.11,9.64,0.8,16.8,70.7
2026-02-25 17:46:33,KOTA,Clear,0.17,8.02,1.2,26.8,79.2
2026-01-15 10:32:09,KOTA,Fog,0.85,2.35,1.2,28.6,72.7
2026-05-13 09:29:51,KOTA,Clear,0.11,9.79,0.8,28.5,48.5
2026-01-27 16:41:26,KOTA,Rain,0.06,9.34,14.6,18.6,40.8
2026-01-16 21:22:54,KOTA,Cloudy,0.07,9.37,0.6,24.8,49.8
2026-06-08 22:15:35,KOTA,Clear,0.21,7.99,0.8,29.8,53.0
2026-06-22 19:16:12,KOTA,Rain,0.32,5.94,15.7,39.1,60.4
2026-03-13 08:12:12,KOTA,Clear,0.46,5.75,1.0,23.2,87.9
2026-02-02 02:04:10,KOTA,Fog,0.67,4.53,1.4,27.7,75.1
2026-03-12 13:39:56,KOTA,Rain,0.13,7.19,7.8,14.2,65.6
2026-02-19 19:40:08,KOTA,Cloudy,0.33,6.77,0.6,30.1,60.5
2026-01-17 06:49:42,KOTA,Fog,0.74,4.88,0.1,28.1,36.2
2026-04-10 05:15:28,KOTA,Cloudy,0.16,8.54,0.1,24.1,95.3
2026-04-29 00:56:27,KOTA,Rain,0.13,8.72,1.6,23.4,63.3
2026-02-08 18:14:38,KOTA,Clear,0.25,7.36,0.1,11.7,77.9
2026-06-16 01:07:50,KOTA,Cloudy,0.02,9.06,0.4,19.3,100.0
2026-04-08 23:53:20,KOTA,Fog,0.86,2.97,0.5,21.3,73.0
2026-05-13 15:10:59,KOTA,Clear,0.3,7.15,0.0,32.1,66.2
2026-02-17 23:42:48,KOTA,Clear,0.18,8.54,0.6,36.5,44.8
2026-01-11 16:19:39,KOTA,Fog,0.66,5.16,0.1,37.1,98.3
2026-02-28 10:20:36,KOTA,Cloudy,0.62,4.66,0.7,21.3,51.8
2026-02-11 15:43:18,KOTA,Fog,0.67,3.85,0.7,25.3,84.8
2026-06-15 11:21:05,KOTA,Rain,0.11,7.7,4.1,19.4,66.7
2026-01-21 05:35:31,KOTA,Clear,0.41,6.7,0.3,34.1,37.0
2026-05-24 17:41:20,KOTA,Cloudy,0.49,6.09,0.1,28.2,75.0
2026-02-22 20:45:06,KOTA,Clear,0.36,7.07,1.2,10.3,62.4
2026-05-15 21:26:05,KOTA,Cloudy,0.14,8.96,0.6,19.1,64.7
2026-03-16 10:23:59,KOTA,Clear,0.64,5.49,0.4,6.0,100.0
2026-04-19 22:51:10,KOTA,Clear,0.49,5.7,0.4,13.3,80.0
2026-01-07 10:10:29,KOTA,Cloudy,0.35,6.64,1.3,23.8,75.2
2026-01-20 07:26:22,KOTA,Clear,0.19,8.36,1.3,20.0,63.8
2026-06-25 23:20:38,KOTA,Cloudy,0.43,5.92,0.0,28.6,84.2
2026-02-21 08:15:20,KOTA,Clear,0.09,9.35,0.3,27.1,51.5
2026-05-27 14:12:03,KOTA,Clear,0.26,7.41,0.1,31.3,66.1
2026-05-16 13:45:13,KOTA,Fog,0.88,2.89,1.2,24.8,66.8
2026-05-03 05:20:43,KOTA,Fog,0.54,4.95,0.4,21.4,68.0
2026-04-18 06:05:50,KOTA,Clear,0.43,6.83,0.5,21.0,83.8
2026-03-05 21:08:56,KOTA,Clear,0.29,8.25,1.0,19.6,59.0
2026-05-13 05:23:32,KOTA,Fog,0.47,6.48,0.3,25.4,84.3
2026-06-07 02:59:30,KOTA,Clear,0.41,6.93,1.5,23.3,87.5
2026-04-29 20:00:57,KOTA,Clear,0.42,6.69,0.8,21.1,26.9
2026-06-29 19:39:08,KOTA,Fog,0.49,5.35,0.4,16.6,71.1
2026-06-25 03:40:33,KOTA,Clear,0.15,9.52,0.1,25.0,43.1
2026-06-21 13:00:06,KOTA,Clear,0.49,5.98,0.1,8.5,92.6
2026-03-31 09:21:20,KOTA,Fog,0.51,5.39,0.1,27.4,46.0
2026-02-15 17:57:42,KOTA,Clear,0.51,6.01,0.3,24.6,67.7
2026-03-02 04:46:51,KOTA,Clear,0.25,7.02,0.9,30.6,89.9
2026-02-26 02:05:20,KOTA,Clear,0.67,4.78,1.2,22.8,68.4
2026-06-12 09:02:19,KOTA,Cloudy,0.62,5.19,0.4,20.5,97.6
2026-04-28 10:44:16,KOTA,Clear,0.33,7.23,1.3,26.4,91.2
2026-04-14 22:36:26,KOTA,Clear,0.55,5.29,1.1,18.4,69.4
2026-01-29 07:04:31,KOTA,Clear,0.11,8.72,0.8,18.2,48.6
2026-05-27 06:15:32,KOTA,Cloudy,0.23,8.63,0.6,28.7,62.1
2026-06-28 17:53:16,KOTA,Clear,0.5,6.95,0.6,30.1,62.7
2026-06-11 16:22:59,KOTA,Clear,0.26,7.63,0.5,27.5,76.3
2026-06-22 17:24:21,KOTA,Clear,0.32,7.02,1.1,19.7,53.7
2026-06-06 09:12:14,KOTA,Fog,0.48,5.85,1.1,12.4,98.4
2026-04-08 01:41:30,KOTA,Fog,0.48,6.97,0.9,28.0,62.8
2026-01-23 19:22:42,KOTA,Clear,0.35,6.7,1.4,37.1,100.0
2026-05-17 23:29:58,KOTA,Clear,0.05,9.14,0.5,15.0,84.3
2026-03-21 06:38:06,KOTA,Rain,0.17,7.22,9.4,19.0,93.1
2026-06-13 19:29:43,KOTA,Rain,0.42,5.44,22.3,14.7,88.2
2026-02-13 20:23:41,KOTA,Clear,0.61,4.8,0.9,23.7,63.3
2026-04-17 01:20:57,KOTA,Clear,0.06,9.2,1.4,31.6,61.5
2026-02-18 04:20:33,KOTA,Fog,0.64,5.01,0.5,14.4,75.3
2026-03-02 17:47:45,KOTA,Cloudy,0.23,8.42,0.7,11.3,52.3
2026-05-05 20:34:56,KOTA,Clear,0.2,8.54,0.0,23.2,76.0
2026-01-04 07:57:33,KOTA,Cloudy,0.17,8.56,1.0,22.4,80.1
2026-02-11 20:51:43,KOTA,Cloudy,0.24,7.69,1.2,19.5,66.9
2026-05-13 13:58:38,KOTA,Fog,0.45,6.14,0.9,31.3,40.5
2026-06-10 18:12:39,KOTA,Clear,0.32,7.05,1.2,22.1,100.0
2026-01-19 06:26:10,KOTA,Clear,0.37,6.96,0.0,18.0,83.8
2026-03-15 22:50:04,KOTA,Clear,0.17,9.35,0.8,34.3,60.5
2026-05-27 07:35:09,KOTA,Clear,0.05,9.33,1.4,36.2,20.0
2026-05-18 07:30:12,KOTA,Cloudy,0.1,8.74,0.9,27.6,78.6
2026-03-28 00:07:54,KOTA,Clear,0.17,8.51,0.5,25.0,82.4
2026-01-03 02:51:06,KOTA,Cloudy,0.05,9.85,0.1,23.9,45.9
2026-05-04 20:00:31,KOTA,Clear,0.41,6.54,1.2,32.3,83.0
2026-03-07 22:07:11,KOTA,Cloudy,0.03,10.31,0.2,17.9,34.7
2026-05-16 11:02:54,KOTA,Cloudy,0.33,7.49,1.3,41.5,86.8
2026-03-07 08:53:35,KOTA,Clear,0.44,7.31,0.0,32.2,86.9
2026-01-01 00:59:05,KOTA,Cloudy,0.68,3.77,0.8,37.2,39.2
2026-06-28 01:56:44,KOTA,Clear,0.05,9.84,0.6,17.3,48.4
2026-03-07 16:02:06,KOTA,Fog,0.71,3.6,1.4,20.1,70.4
2026-02-16 13:10:19,KOTA,Rain,0.35,5.45,4.4,20.4,88.5
2026-01-20 20:26:45,KOTA,Cloudy,0.3,8.21,1.4,12.9,66.1
2026-05-25 19:04:56,KOTA,Clear,0.39,5.76,0.6,15.7,26.7
2026-01-11 15:10:08,KOTA,Rain,0.18,7.3,3.3,28.1,54.1
2026-06-05 21:54:23,KOTA,Cloudy,0.35,6.94,1.4,33.9,48.9
2026-01-16 01:03:21,KOTA,Cloudy,0.37,7.74,0.2,22.6,58.3
2026-04-05 08:43:25,KOTA,Clear,0.46,5.5,1.1,25.7,54.5
2026-05-27 10:15:39,KOTA,Clear,0.46,5.99,0.7,15.4,54.9
2026-03-08 08:57:58,KOTA,Clear,0.11,10.23,1.1,20.6,60.2
2026-03-23 07:30:04,KOTA,Clear,0.18,8.02,0.1,6.5,54.0
2026-02-28 08:34:12,KOTA,Clear,0.49,6.05,1.1,32.0,94.0
2026-02-26 03:18:24,KOTA,Cloudy,0.21,7.96,0.6,16.8,65.6
2026-06-14 10:25:06,KOTA,Clear,0.32,7.1,0.8,17.5,70.4
2026-06-11 22:48:18,KOTA,Fog,0.59,5.23,1.5,23.6,76.4
2026-06-12 00:08:16,KOTA,Clear,0.76,3.58,1.5,6.4,77.9
2026-03-05 11:26:02,KOTA,Clear,0.81,3.46,1.2,20.1,60.7
2026-05-24 22:34:10,KOTA,Clear,0.4,7.36,1.4,9.7,68.1
2026-06-13 10:57:15,KOTA,Clear,0.21,8.31,0.8,24.4,56.5
2026-02-25 05:31:04,KOTA,Rain,0.32,5.77,10.2,24.8,59.7
2026-01-10 16:02:05,KOTA,Rain,0.39,5.88,1.0,24.4,47.8
2026-04-16 21:34:09,KOTA,Cloudy,0.62,5.52,1.3,23.8,62.4
2026-06-03 18:03:33,KOTA,Clear,0.37,7.1,1.1,18.3,66.7
2026-01-15 12:02:29,KOTA,Rain,0.38,5.46,6.5,17.8,52.7
2026-03-26 18:56:18,KOTA,Cloudy,0.34,7.37,1.5,24.1,96.7
2026-04-15 16:00:45,KOTA,Clear,0.35,6.56,0.3,19.2,45.3
2026-01-28 15:38:43,KOTA,Clear,0.52,6.37,0.2,16.9,100.0
2026-04-24 22:17:44,KOTA,Cloudy,0.08,9.22,0.7,12.2,41.9
2026-06-03 23:51:42,KOTA,Clear,0.16,8.72,0.7,17.8,68.0
2026-04-27 15:25:06,KOTA,Clear,0.28,7.46,0.1,21.4,65.2
2026-06-28 14:44:19,KOTA,Clear,0.69,4.03,0.5,30.2,92.2
2026-01-18 18:16:25,KOTA,Clear,0.24,7.92,0.4,41.0,61.5
2026-05-26 12:17:31,KOTA,Cloudy,0.22,8.03,0.6,2.4,61.2
2026-06-24 14:09:06,KOTA,Clear,0.03,9.77,0.7,30.8,81.0
2026-04-13 10:26:24,KOTA,Clear,0.19,8.38,0.1,19.7,65.4
2026-05-07 08:32:28,KOTA,Clear,0.17,8.57,0.4,27.3,57.8
2026-05-24 15:26:53,KOTA,Clear,0.24,7.97,1.0,39.6,62.7
2026-01-23 11:54:36,KOTA,Fog,0.47,5.5,0.1,26.8,44.4
2026-06-22 14:53:28,KOTA,Fog,0.42,6.92,0.2,27.9,60.2
2026-06-30 07:42:03,KOTA,Cloudy,0.06,9.42,1.3,38.7,49.9
2026-04-21 04:31:14,KOTA,Clear,0.37,6.61,1.2,14.6,90.4
2026-02-05 17:07:11,KOTA,Clear,0.04,9.03,0.9,25.4,49.2
2026-04-18 19:41:43,KOTA,Clear,0.1,8.8,1.4,23.8,54.5
2026-01-27 11:29:38,KOTA,Rain,0.27,6.05,22.2,15.5,36.4
2026-03-08 00:19:53,KOTA,Cloudy,0.05,8.87,0.9,10.6,85.2
2026-05-13 11:34:52,KOTA,Clear,0.44,6.13,1.5,28.5,72.7
2026-02-02 01:46:08,KOTA,Cloudy,0.74,3.49,1.2,27.3,71.7
2026-05-27 17:10:30,KOTA,Clear,0.32,7.16,0.3,12.0,70.6
2026-01-22 02:03:42,KOTA,Cloudy,0.49,6.88,0.1,27.2,77.6
2026-01-23 07:29:33,KOTA,Clear,0.22,8.0,0.5,31.5,55.2
2026-03-02 02:27:57,KOTA,Rain,0.49,5.23,4.6,30.2,100.0
2026-01-06 13:31:10,KOTA,Fog,0.5,5.72,1.3,35.9,63.9
2026-04-09 02:52:03,KOTA,Fog,0.66,4.51,1.1,30.3,48.1
2026-04-15 12:46:56,KOTA,Clear,0.14,8.38,0.5,16.2,68.1
2026-03-20 22:28:33,KOTA,Cloudy,0.13,9.37,0.5,10.3,49.1
2026-03-20 07:15:11,KOTA,Clear,0.11,10.17,0.6,29.9,32.9
2026-02-10 19:05:05,KOTA,Cloudy,0.64,4.45,0.1,8.8,64.2
2026-03-14 17:47:10,KOTA,Clear,0.18,8.02,1.0,15.2,51.8
2026-03-05 06:40:45,KOTA,Clear,0.36,7.18,1.3,20.7,72.1
2026-05-31 10:13:10,KOTA,Clear,0.32,6.78,0.3,24.1,44.3
2026-05-05 10:17:48,KOTA,Fog,0.6,5.05,0.3,17.8,70.7
2026-01-22 10:13:18,KOTA,Clear,0.07,9.9,0.4,30.1,36.5
2026-03-09 22:19:34,KOTA,Clear,0.14,8.99,1.3,32.3,40.5
2026-04-04 07:21:08,KOTA,Cloudy,0.35,7.37,1.4,15.3,71.9
2026-03-29 18:11:15,KOTA,Clear,0.38,6.65,0.4,22.5,80.2
2026-03-23 22:54:37,KOTA,Fog,0.9,2.14,0.9,13.9,93.2
2026-04-12 04:36:51,KOTA,Clear,0.13,8.9,1.1,18.6,77.8
2026-01-10 19:28:57,KOTA,Clear,0.23,8.06,0.7,23.1,84.9
2026-05-28 12:59:02,KOTA,Clear,0.2,8.64,0.2,25.3,78.2
2026-06-21 14:53:07,KOTA,Rain,0.37,5.42,5.2,13.7,46.3
2026-02-02 15:45:23,KOTA,Clear,0.13,9.22,0.0,22.3,65.9
2026-01-15 04:17:29,KOTA,Cloudy,0.45,6.36,0.1,17.5,96.1
2026-06-04 22:20:33,KOTA,Rain,0.2,7.82,7.2,28.4,82.8
2026-05-15 21:48:18,KOTA,Clear,0.27,7.36,0.0,31.0,39.4
2026-02-04 16:28:24,KOTA,Fog,0.61,4.16,0.9,21.3,75.3
2026-03-07 12:28:46,KOTA,Clear,0.23,7.11,1.4,32.5,58.3
2026-01-22 06:26:55,KOTA,Clear,0.03,10.36,0.7,23.6,47.7
2026-05-23 07:09:12,KOTA,Clear,0.06,9.25,0.6,12.8,66.6
2026-03-22 03:51:08,KOTA,Clear,0.12,9.32,0.5,31.5,77.8
2026-04-28 05:33:03,KOTA,Clear,0.38,6.15,0.6,26.1,100.0
2026-03-24 09:22:21,KOTA,Cloudy,0.33,7.47,0.7,39.3,83.4
2026-06-22 03:38:45,KOTA,Clear,0.16,8.99,1.2,29.6,57.4
2026-06-17 21:22:33,KOTA,Clear,0.24,7.54,0.8,12.1,61.5
2026-03-05 13:20:46,KOTA,Cloudy,0.1,9.37,1.0,38.1,41.4
2026-01-26 09:03:46,KOTA,Rain,0.39,5.11,3.8,10.0,73.2
2026-04-12 10:42:16,KOTA,Clear,0.35,7.21,1.3,22.5,77.2
2026-01-05 22:19:17,KOTA,Cloudy,0.26,8.36,0.5,28.7,41.3
2026-06-11 01:49:20,KOTA,Clear,0.41,7.46,0.2,16.7,60.5
2026-03-11 22:34:48,KOTA,Clear,0.35,7.38,0.5,36.1,71.2
2026-06-08 00:28:57,KOTA,Rain,0.33,5.8,4.5,27.4,36.3
2026-03-22 21:20:17,KOTA,Clear,0.09,9.36,0.0,14.2,73.9
2026-02-01 09:59:45,KOTA,Clear,0.32,7.12,0.2,4.4,31.4
2026-05-21 05:13:32,KOTA,Rain,0.06,8.03,8.6,25.0,46.0
2026-03-03 00:15:03,KOTA,Clear,0.17,9.4,0.2,23.7,70.7
2026-06-19 04:31:56,KOTA,Clear,0.35,6.68,0.1,21.5,69.3
2026-02-07 21:38:20,KOTA,Rain,0.32,6.15,7.4,24.5,66.6
2026-01-03 01:07:15,KOTA,Clear,0.22,8.38,0.5,33.3,34.8
2026-05-03 22:37:59,KOTA,Clear,0.08,9.09,1.3,26.8,42.2
2026-05-03 22:17:48,KOTA,Clear,0.13,8.96,0.3,16.0,50.6
2026-06-09 01:24:38,KOTA,Fog,0.8,3.4,0.4,25.7,100.0
2026-03-10 23:56:58,KOTA,Cloudy,0.26,7.87,1.2,15.5,66.5
2026-05-08 05:14:53,KOTA,Cloudy,0.27,7.22,0.8,15.3,49.5
2026-03-13 15:00:03,KOTA,Clear,0.17,9.0,1.1,41.4,70.8
2026-01-01 21:06:41,KOTA,Clear,0.24,8.35,0.9,26.2,68.7
2026-01-08 17:20:49,KOTA,Clear,0.21,8.34,1.2,10.1,64.0
2026-04-03 08:00:39,KOTA,Cloudy,0.14,8.18,0.5,39.8,79.7
2026-03-22 01:48:11,KOTA,Fog,1.0,1.56,0.9,13.9,80.8
2026-04-10 09:07:34,KOTA,Fog,0.74,3.89,0.4,38.6,72.3
2026-01-12 00:00:28,KOTA,Clear,0.4,7.72,0.1,23.9,51.1
2026-02-08 02:09:12,KOTA,Cloudy,0.63,4.66,0.3,28.8,89.5
2026-06-01 01:11:15,KOTA,Fog,0.48,5.62,1.4,25.4,20.0
2026-03-04 23:34:11,KOTA,Clear,0.25,7.82,0.2,29.5,59.3
2026-03-18 06:18:22,KOTA,Rain,0.58,3.73,10.7,16.8,47.3
2026-04-14 20:21:32,KOTA,Clear,0.16,8.24,0.4,7.4,56.0
2026-02-11 23:03:22,KOTA,Clear,0.51,5.54,0.4,32.1,28.0
2026-01-14 21:30:53,KOTA,Clear,0.8,3.47,0.6,22.8,89.7
2026-05-05 10:21:54,KOTA,Fog,0.63,5.38,0.2,19.3,67.7
2026-01-20 11:15:07,KOTA,Fog,0.74,4.22,0.7,28.6,42.6
2026-01-05 04:44:03,KOTA,Clear,0.35,6.94,1.5,26.7,53.6
2026-02-10 11:09:00,KOTA,Clear,0.25,7.6,0.9,26.3,73.1
2026-03-16 03:57:22,KOTA,Fog,0.57,4.81,1.1,28.4,30.6
2026-02-24 07:13:42,KOTA,Clear,0.15,8.73,0.3,19.9,76.5
2026-06-26 03:45:50,KOTA,Fog,0.55,5.64,0.1,26.9,87.6
2026-02-19 15:10:12,KOTA,Rain,0.32,5.89,4.2,22.0,35.2
2026-05-08 00:17:20,KOTA,Clear,0.03,9.43,0.0,46.7,48.1
2026-03-07 09:03:47,KOTA,Clear,0.15,8.97,0.9,20.6,51.7
2026-01-14 00:36:21,KOTA,Clear,0.4,6.66,0.8,21.6,75.8
2026-06-08 17:12:30,KOTA,Fog,0.4,6.97,0.8,21.2,20.0
2026-02-25 09:04:27,KOTA,Rain,0.38,6.03,4.5,11.3,84.6
2026-03-27 09:25:17,KOTA,Rain,0.45,5.12,11.0,21.7,50.4
2026-06-18 08:31:00,KOTA,Rain,0.53,4.74,7.8,18.1,50.2
2026-04-26 08:50:50,KOTA,Clear,0.01,9.8,1.2,20.4,67.9
2026-04-23 13:14:44,KOTA,Fog,0.92,2.32,0.8,26.7,82.5
2026-06-18 23:32:47,KOTA,Clear,0.11,8.96,1.1,28.1,25.8
2026-05-16 06:35:21,KOTA,Clear,0.61,4.66,1.0,31.4,62.6
2026-04-05 12:32:54,KOTA,Clear,0.12,8.49,0.4,22.6,83.8
2026-02-07 23:33:34,KOTA,Clear,0.24,7.61,0.8,18.8,54.0
2026-05-10 06:56:06,KOTA,Clear,0.23,7.71,0.9,21.3,88.9
2026-05-01 20:01:58,KOTA,Clear,0.14,8.5,0.1,19.2,81.2
2026-06-06 14:03:29,KOTA,Clear,0.41,6.82,0.0,21.8,61.7
2026-04-12 01:03:57,KOTA,Clear,0.16,8.73,0.8,32.7,100.0
2026-04-25 00:59:04,KOTA,Clear,0.67,4.9,0.5,23.9,92.9
2026-04-23 04:44:11,KOTA,Clear,0.2,8.55,0.1,23.9,58.7
2026-01-19 07:32:30,KOTA,Clear,0.52,4.9,0.8,18.4,73.3
2026-01-25 05:57:59,KOTA,Clear,0.43,6.73,1.1,15.3,100.0
2026-06-28 06:34:39,KOTA,Clear,0.3,7.86,1.1,36.9,58.0
2026-05-27 11:44:43,KOTA,Fog,0.96,2.0,0.9,23.4,87.3
2026-06-21 04:43:47,KOTA,Clear,0.11,9.61,0.6,43.5,84.2
2026-05-09 15:32:20,KOTA,Fog,0.41,7.02,0.4,36.6,79.8
2026-01-04 21:22:35,KOTA,Fog,0.49,6.35,0.6,27.2,94.7
2026-04-27 22:34:28,KOTA,Cloudy,0.1,9.49,0.6,22.3,63.1
2026-01-18 03:37:19,KOTA,Fog,0.68,4.36,0.5,32.3,70.1
2026-03-01 14:20:24,KOTA,Fog,0.77,3.73,1.5,33.6,83.4
2026-06-01 17:11:15,KOTA,Clear,0.32,7.28,0.5,34.5,100.0
2026-04-06 06:09:39,KOTA,Cloudy,0.31,7.75,1.5,16.3,81.9
2026-03-21 04:26:08,KOTA,Cloudy,0.55,5.26,0.2,21.6,48.6
2026-01-30 14:17:26,KOTA,Rain,0.51,4.61,9.2,34.1,76.1
2026-02-18 12:24:44,KOTA,Clear,0.27,7.44,0.4,22.5,67.0
2026-04-09 05:41:24,KOTA,Clear,0.16,8.7,0.2,37.6,60.8
2026-03-26 11:24:23,KOTA,Clear,0.15,8.47,0.5,18.5,60.1
2026-03-15 01:02:18,KOTA,Clear,0.34,7.51,0.2,24.9,58.1
2026-01-15 03:38:44,KOTA,Clear,0.48,6.26,1.3,29.6,51.0
2026-04-28 05:49:36,KOTA,Clear,0.08,10.29,1.5,29.8,27.4
2026-01-03 20:10:04,KOTA,Rain,0.46,3.74,7.5,27.6,37.4
2026-01-06 21:28:02,KOTA,Clear,0.26,8.18,0.3,35.4,38.3
2026-05-13 05:48:22,KOTA,Clear,0.4,6.44,0.9,11.1,69.2
2026-02-10 06:00:35,KOTA,Clear,0.68,4.07,0.6,29.7,48.9
2026-06-03 00:31:40,KOTA,Clear,0.24,7.3,1.5,20.0,65.8
2026-02-16 23:49:11,KOTA,Fog,0.77,3.9,0.1,25.0,87.7
2026-01-19 08:39:04,KOTA,Rain,0.3,5.97,1.5,25.8,58.6
2026-03-02 07:23:50,KOTA,Clear,0.32,7.2,0.4,24.5,75.5
2026-04-03 16:19:46,KOTA,Clear,0.63,4.32,1.2,11.5,73.3
2026-02-17 01:45:19,KOTA,Rain,0.43,5.2,9.0,12.4,54.7
2026-03-13 00:31:53,KOTA,Fog,0.48,6.58,0.9,11.5,76.8
2026-05-06 05:40:09,KOTA,Fog,0.53,6.06,0.1,21.6,80.9
2026-04-18 13:34:18,KOTA,Fog,0.52,5.35,0.4,23.7,58.4
2026-03-10 20:45:12,KOTA,Rain,0.37,6.46,1.6,12.1,68.8
2026-02-17 04:18:53,KOTA,Fog,0.74,3.66,0.3,34.1,87.8
2026-04-13 17:59:16,KOTA,Clear,0.29,6.41,1.2,22.1,36.3
2026-05-21 09:28:50,KOTA,Cloudy,0.19,8.48,1.4,25.7,59.5
2026-02-21 00:07:30,KOTA,Cloudy,0.22,7.8,0.9,21.1,47.5
2026-05-06 11:19:40,KOTA,Fog,0.55,5.49,1.1,30.2,73.0
2026-06-08 06:34:33,KOTA,Clear,0.37,7.69,1.3,33.1,83.0
2026-06-10 11:19:48,KOTA,Clear,0.08,8.55,0.7,9.2,61.3
2026-06-19 01:30:29,KOTA,Clear,0.36,7.13,1.3,24.8,58.9
2026-06-18 20:56:55,KOTA,Clear,0.07,10.06,0.9,33.8,99.2
2026-03-21 22:12:36,KOTA,Clear,0.21,8.35,0.5,23.7,79.1
2026-05-13 19:06:37,KOTA,Cloudy,0.26,7.4,0.4,14.2,88.2
2026-06-25 16:04:51,KOTA,Clear,0.24,8.42,0.5,29.5,60.7
2026-02-19 06:32:34,KOTA,Clear,0.32,7.37,0.2,13.7,57.4
2026-05-07 12:03:14,KOTA,Rain,0.39,4.86,5.9,18.9,58.0
2026-03-28 13:04:17,KOTA,Clear,0.36,6.64,0.2,23.3,55.1
2026-01-05 17:56:09,KOTA,Clear,0.45,6.24,1.1,16.4,57.9
2026-03-15 00:11:26,KOTA,Clear,0.16,9.03,1.1,36.0,37.9
2026-04-15 20:05:40,KOTA,Cloudy,0.16,8.54,1.1,21.2,59.8
2026-02-09 04:58:22,KOTA,Rain,0.18,7.39,4.3,28.8,69.4
2026-02-27 20:58:47,KOTA,Clear,0.25,7.52,0.8,20.6,64.6
2026-01-26 15:10:17,KOTA,Fog,0.68,4.05,1.3,31.4,70.2
2026-02-25 05:07:20,KOTA,Cloudy,0.1,8.44,1.5,21.2,78.0
2026-01-31 06:44:28,KOTA,Clear,0.77,3.17,0.3,30.4,44.7
2026-03-02 11:54:52,KOTA,Clear,0.54,4.79,1.4,18.9,62.7
2026-05-30 22:31:09,KOTA,Clear,0.49,6.62,1.4,36.9,81.0
2026-06-06 23:18:49,KOTA,Cloudy,0.22,8.41,1.1,10.1,84.2
2026-04-24 17:11:17,KOTA,Clear,0.12,8.94,0.4,29.5,80.4
2026-05-31 19:26:54,KOTA,Cloudy,0.3,6.99,0.6,15.1,48.2
2026-01-08 08:17:18,KOTA,Rain,0.34,5.9,15.0,44.2,49.1
2026-04-12 13:56:46,KOTA,Cloudy,0.18,9.17,0.4,23.2,27.7
2026-02-27 10:32:25,KOTA,Cloudy,0.15,8.16,1.4,25.3,63.1
2026-06-08 08:12:12,KOTA,Clear,0.19,8.58,0.4,31.6,61.5
2026-01-17 22:08:55,KOTA,Fog,0.51,5.27,0.8,16.3,92.0
2026-01-11 22:55:14,KOTA,Rain,0.26,6.49,2.3,19.8,76.0
2026-04-04 02:32:04,KOTA,Clear,0.1,9.52,0.3,27.5,42.6
2026-01-17 05:20:53,KOTA,Cloudy,0.22,7.75,0.1,13.1,99.2
2026-05-04 09:31:35,KOTA,Cloudy,0.21,8.05,0.1,38.5,63.4
2026-01-22 16:05:00,KOTA,Clear,0.58,5.42,1.2,10.7,51.0
2026-03-17 19:57:54,KOTA,Fog,0.55,5.58,0.4,19.4,64.0
2026-02-05 10:45:07,KOTA,Clear,0.62,4.44,0.9,19.2,44.8
2026-02-18 08:34:58,KOTA,Cloudy,0.23,8.53,0.1,21.3,72.5
2026-04-27 13:01:13,KOTA,Fog,0.58,5.81,1.4,15.6,97.0
2026-04-22 16:34:57,KOTA,Clear,0.16,8.78,0.1,14.6,62.3
2026-02-28 18:19:55,KOTA,Fog,0.47,6.56,1.0,16.0,58.1
2026-06-02 02:15:26,KOTA,Clear,0.06,9.02,1.4,20.7,49.0
2026-04-23 21:20:03,KOTA,Cloudy,0.24,7.47,0.1,14.0,61.3
2026-04-17 23:43:06,KOTA,Fog,0.42,6.66,1.1,17.8,61.0
2026-06-01 06:32:22,KOTA,Clear,0.21,8.54,1.0,18.3,70.7
2026-03-18 02:28:30,KOTA,Clear,0.61,6.1,0.8,17.0,92.5
2026-01-14 06:42:18,KOTA,Rain,0.24,7.03,3.9,21.0,71.0
2026-04-23 09:51:32,KOTA,Fog,0.81,2.88,1.0,33.3,58.3
2026-05-30 20:12:29,KOTA,Clear,0.2,8.34,0.0,15.5,42.8
2026-01-08 19:40:59,KOTA,Clear,0.18,8.17,1.0,34.0,81.0
2026-03-03 18:43:31,KOTA,Fog,0.97,1.15,0.0,35.5,100.0
2026-01-14 13:54:07,KOTA,Clear,0.48,5.68,0.5,18.9,90.4
2026-01-02 10:40:06,KOTA,Rain,0.37,5.14,6.2,22.5,54.1
2026-02-10 10:06:52,KOTA,Clear,0.22,7.79,0.8,12.3,88.1
2026-06-03 13:22:36,KOTA,Cloudy,0.35,7.25,1.2,21.5,98.2
2026-03-07 08:25:17,KOTA,Clear,0.14,8.91,1.3,17.4,70.8
2026-03-04 01:21:00,KOTA,Cloudy,0.24,7.93,1.5,23.4,80.4
2026-03-27 13:35:14,KOTA,Clear,0.19,8.52,0.0,18.9,67.0
2026-05-09 21:03:39,KOTA,Rain,0.57,4.44,3.3,2.6,83.6
2026-04-02 00:19:47,KOTA,Rain,0.17,7.74,4.1,24.7,60.9
2026-01-14 14:02:22,KOTA,Rain,0.37,4.8,4.4,15.2,68.2
2026-03-27 23:33:35,KOTA,Clear,0.05,9.75,0.9,36.9,70.3
2026-01-18 03:47:58,KOTA,Cloudy,0.29,7.92,1.0,45.3,52.9
2026-03-25 06:13:00,KOTA,Clear,0.27,7.9,0.9,33.4,73.1
2026-01-25 22:25:37,KOTA,Clear,0.65,4.51,1.4,18.0,70.6
2026-01-30 03:11:24,KOTA,Clear,0.46,5.63,0.6,33.3,70.2
2026-05-08 09:34:04,KOTA,Clear,0.48,6.72,1.1,20.4,100.0
2026-06-12 08:43:01,KOTA,Clear,0.2,8.19,1.0,19.0,72.5
2026-03-01 04:00:25,KOTA,Clear,0.34,7.38,1.2,25.0,78.2
2026-05-04 16:14:18,KOTA,Cloudy,0.1,8.93,0.7,33.1,52.2
2026-05-22 23:56:49,KOTA,Clear,0.51,6.04,1.5,27.8,68.8
2026-05-08 03:58:46,KOTA,Fog,0.67,4.75,0.0,28.8,80.9
2026-02-25 12:44:01,KOTA,Clear,0.14,8.63,0.0,26.4,82.2
2026-06-07 08:10:24,KOTA,Clear,0.06,9.58,0.7,30.1,89.3
2026-01-15 01:27:30,KOTA,Clear,0.41,6.54,0.2,14.6,60.2
2026-06-17 12:02:33,KOTA,Rain,0.6,4.79,2.0,27.5,27.7
2026-04-27 16:48:37,KOTA,Clear,0.1,8.91,0.7,24.8,95.7
2026-01-06 16:47:43,KOTA,Clear,0.21,7.84,0.9,15.6,79.3
2026-03-11 09:44:02,KOTA,Cloudy,0.42,6.19,0.8,14.9,72.4
2026-03-10 21:29:31,KOTA,Rain,0.07,7.98,4.1,20.3,39.0
2026-03-03 03:53:02,KOTA,Clear,0.58,4.37,0.1,22.3,58.0
2026-01-11 14:08:45,KOTA,Cloudy,0.23,7.55,1.1,36.8,78.0
2026-01-21 08:23:18,KOTA,Fog,0.43,5.84,1.1,13.9,55.1
2026-01-10 08:49:54,KOTA,Rain,0.42,5.94,7.3,28.4,95.2
2026-06-27 02:18:09,KOTA,Clear,0.14,8.98,0.8,18.1,84.1
2026-01-03 23:58:49,KOTA,Cloudy,0.18,9.11,0.8,22.3,49.5
2026-03-26 18:45:45,KOTA,Clear,0.43,6.13,1.1,26.2,83.4
2026-06-10 12:01:02,KOTA,Clear,0.04,9.52,0.0,9.0,67.6
2026-04-16 21:12:47,KOTA,Clear,0.5,5.86,0.6,40.3,68.1
2026-04-19 21:04:23,KOTA,Rain,0.23,6.42,6.3,19.6,75.4
2026-04-22 15:17:03,KOTA,Clear,0.32,6.94,1.1,16.4,93.4
2026-03-27 00:54:37,KOTA,Cloudy,0.06,9.35,0.8,24.9,78.5
2026-06-18 22:32:18,KOTA,Cloudy,0.33,6.58,0.3,12.1,58.1
2026-01-06 21:18:02,KOTA,Rain,0.56,4.34,17.4,16.4,66.2
2026-01-04 15:54:39,KOTA,Cloudy,0.22,8.42,0.3,17.6,71.3
2026-01-05 12:51:28,KOTA,Clear,0.05,10.02,0.9,20.8,39.2
2026-01-18 14:07:18,KOTA,Clear,0.31,6.39,1.2,10.6,39.2
2026-05-10 11:49:32,KOTA,Fog,0.53,4.99,0.1,28.2,84.1
2026-02-25 12:06:05,KOTA,Fog,0.51,6.44,0.7,22.6,97.3
2026-04-13 14:12:16,KOTA,Fog,0.56,5.05,1.4,24.8,51.3
2026-06-07 23:06:41,KOTA,Fog,0.64,4.62,0.0,29.2,61.5
2026-03-08 11:21:28,KOTA,Clear,0.54,4.78,0.4,23.6,100.0
2026-01-13 22:52:26,KOTA,Clear,0.05,9.54,0.3,15.4,91.6
2026-04-22 23:06:18,KOTA,Fog,0.5,4.8,0.5,26.4,63.8
2026-04-27 13:08:15,KOTA,Rain,0.07,8.15,2.3,13.9,45.9
2026-01-21 15:38:26,KOTA,Rain,0.27,6.69,1.0,24.6,69.5
2026-03-18 18:27:47,KOTA,Clear,0.14,8.98,0.4,33.4,26.4
2026-02-27 14:40:07,KOTA,Rain,0.51,4.45,1.3,12.8,70.8
2026-01-13 12:44:10,KOTA,Clear,0.16,8.59,0.2,3.7,38.9
2026-06-29 08:22:15,KOTA,Clear,0.19,8.11,0.7,21.8,74.3
2026-03-12 07:03:30,KOTA,Rain,0.47,4.53,5.9,26.6,58.4
2026-06-12 13:01:56,KOTA,Clear,0.12,8.54,1.0,30.8,74.8
2026-01-09 20:20:49,KOTA,Clear,0.32,7.01,1.2,28.2,48.7
2026-03-16 11:22:43,KOTA,Cloudy,0.45,6.58,0.6,12.9,83.9
2026-01-05 10:47:04,KOTA,Clear,0.08,9.91,0.0,26.2,62.2
2026-04-27 21:14:01,KOTA,Clear,0.42,6.32,0.2,11.5,48.6
2026-02-02 20:25:55,KOTA,Clear,0.59,5.24,0.9,18.2,71.1
2026-06-08 13:33:44,KOTA,Clear,0.72,3.82,0.3,11.5,87.3
2026-03-24 02:14:02,KOTA,Rain,0.34,6.36,12.7,22.4,47.6
2026-01-31 00:51:53,KOTA,Clear,0.43,6.97,0.9,27.1,100.0
2026-03-27 06:57:10,KOTA,Clear,0.23,7.64,0.5,20.2,66.7
2026-02-25 00:42:19,KOTA,Rain,0.27,6.66,3.1,21.7,87.7
2026-03-27 07:22:07,KOTA,Fog,0.77,3.77,1.4,24.2,88.1
2026-01-30 10:26:28,KOTA,Clear,0.58,4.93,1.1,15.9,87.8
2026-05-28 18:09:45,KOTA,Clear,0.28,6.47,0.1,23.9,95.4
2026-06-20 08:17:21,KOTA,Rain,0.43,5.55,8.2,18.8,100.0
2026-03-03 16:24:16,KOTA,Fog,0.51,5.18,0.7,12.2,88.8
2026-06-07 22:41:41,KOTA,Clear,0.16,8.28,0.5,27.4,53.1
2026-05-29 03:04:31,KOTA,Clear,0.11,9.47,1.0,32.0,40.7
2026-06-18 17:39:51,KOTA,Clear,0.29,7.85,0.4,36.4,56.6
2026-06-06 09:00:51,KOTA,Cloudy,0.31,7.17,1.3,24.2,64.5
2026-05-10 12:27:59,KOTA,Cloudy,0.49,6.21,0.7,24.6,68.2
2026-02-01 01:25:08,KOTA,Rain,0.13,7.25,20.0,14.6,79.2
2026-05-30 07:21:23,KOTA,Clear,0.43,5.98,1.3,25.1,99.2
2026-06-06 02:48:47,KOTA,Cloudy,0.05,9.24,1.5,16.6,73.1
2026-06-12 08:35:40,KOTA,Clear,0.37,7.73,0.1,25.9,66.9
2026-04-08 17:29:46,KOTA,Clear,0.1,8.82,0.1,23.3,71.6
2026-01-28 13:44:49,KOTA,Clear,0.46,5.62,0.2,10.4,69.0
2026-04-19 17:51:21,KOTA,Cloudy,0.42,6.38,1.0,10.5,61.6
2026-01-31 20:14:27,KOTA,Clear,0.28,7.67,0.2,8.5,49.8
2026-04-22 21:27:13,KOTA,Clear,0.23,7.61,0.9,23.6,93.9
2026-06-08 01:43:04,KOTA,Rain,0.13,7.74,10.9,30.1,84.7
2026-06-17 11:06:08,KOTA,Clear,0.42,7.14,1.0,27.0,73.2
2026-05-12 04:59:36,KOTA,Clear,0.55,5.15,0.1,30.6,59.5
2026-05-09 23:29:13,KOTA,Clear,0.4,6.48,0.1,14.9,97.7
2026-04-21 22:43:17,KOTA,Clear,0.27,7.69,1.1,19.4,65.7
2026-03-26 23:28:42,KOTA,Rain,0.3,6.03,19.6,10.7,97.8
2026-01-23 01:56:24,KOTA,Cloudy,0.15,8.4,1.0,23.6,58.5
2026-03-16 23:27:38,KOTA,Clear,0.09,9.11,0.7,27.7,52.2
2026-05-10 03:01:12,KOTA,Clear,0.18,9.13,0.9,32.9,40.2
2026-06-02 07:12:46,KOTA,Fog,0.93,1.94,0.9,22.1,88.3
2026-05-11 23:02:16,KOTA,Clear,0.6,4.99,0.0,19.7,86.0
2026-03-24 22:28:48,KOTA,Fog,0.66,4.92,0.9,41.0,63.6
2026-05-31 03:58:36,KOTA,Clear,0.37,6.87,1.1,27.9,100.0
2026-05-30 06:04:47,KOTA,Cloudy,0.25,7.22,1.3,16.5,45.0
2026-04-11 00:02:37,KOTA,Rain,0.37,5.17,15.6,27.1,41.4
2026-03-12 13:48:39,KOTA,Rain,0.21,7.03,19.8,23.2,75.7
2026-01-30 23:57:58,KOTA,Clear,0.19,8.81,0.8,22.8,82.8
2026-02-19 05:37:57,KOTA,Cloudy,0.2,8.3,1.4,10.8,51.9
2026-05-17 13:49:09,KOTA,Cloudy,0.32,6.79,0.1,16.0,75.6
2026-05-09 09:47:37,KOTA,Fog,0.55,5.17,0.3,19.8,69.1
2026-03-25 23:24:55,KOTA,Fog,0.96,1.54,0.4,32.9,100.0
2026-01-19 16:55:37,KOTA,Clear,0.35,6.36,0.5,16.4,66.5
2026-02-24 10:07:13,KOTA,Clear,0.18,7.64,0.3,20.2,41.6
2026-01-04 11:11:40,KOTA,Clear,0.31,7.67,0.7,16.1,71.5
2026-01-17 09:45:40,KOTA,Rain,0.02,8.34,1.0,16.9,59.8
2026-02-27 00:25:48,KOTA,Rain,0.42,5.68,2.8,28.4,90.5
2026-04-27 13:16:54,KOTA,Clear,0.03,10.07,1.4,14.7,66.5
2026-05-29 22:12:03,KOTA,Cloudy,0.31,6.89,0.2,35.5,74.1
2026-02-05 12:29:32,KOTA,Clear,0.63,4.49,0.7,33.7,98.6
2026-06-16 12:14:30,KOTA,Cloudy,0.48,5.71,0.2,16.6,54.2
2026-06-14 13:01:53,KOTA,Cloudy,0.25,7.57,1.0,22.8,71.2
2026-01-08 07:02:44,KOTA,Clear,0.14,9.76,0.5,30.2,46.9
2026-06-10 02:27:01,KOTA,Clear,0.26,7.82,1.0,20.2,33.1
2026-02-14 16:56:48,KOTA,Rain,0.23,7.36,2.2,32.9,45.8
2026-03-21 20:47:42,KOTA,Clear,0.45,6.41,0.8,22.1,46.3
2026-05-27 18:50:02,KOTA,Clear,0.13,8.45,0.4,32.1,88.9
2026-05-17 10:15:58,KOTA,Clear,0.2,7.74,0.1,35.5,66.3
2026-03-15 00:22:16,KOTA,Clear,0.17,8.31,1.4,16.6,87.4
2026-02-20 14:33:06,KOTA,Cloudy,0.09,9.61,0.1,23.0,47.3
2026-06-01 03:16:56,KOTA,Clear,0.08,9.15,0.4,15.9,60.2
2026-04-30 11:21:10,KOTA,Clear,0.11,9.38,1.1,14.2,89.2
2026-06-18 04:23:48,KOTA,Cloudy,0.51,5.03,1.0,22.8,98.2
2026-02-11 16:58:05,KOTA,Clear,0.23,7.83,0.5,22.4,77.3
2026-05-14 09:46:49,KOTA,Clear,0.06,9.27,0.1,28.6,65.8
2026-02-10 05:56:46,KOTA,Cloudy,0.24,8.09,0.9,17.3,70.8
2026-05-28 08:18:13,KOTA,Clear,0.64,4.74,0.4,41.6,61.1
2026-06-19 22:00:41,KOTA,Clear,0.52,5.27,0.7,34.2,85.7
2026-05-01 00:08:36,KOTA,Clear,0.1,9.67,1.4,31.8,47.3
2026-01-17 12:58:21,KOTA,Clear,0.02,10.07,0.5,12.7,33.7
2026-03-28 23:17:48,KOTA,Clear,0.18,8.21,0.1,29.9,59.7
2026-03-05 15:45:48,KOTA,Cloudy,0.23,7.63,1.4,28.2,50.5
2026-05-08 12:33:38,KOTA,Clear,0.49,5.55,1.4,14.8,56.9
2026-04-24 17:07:06,KOTA,Fog,0.64,4.65,0.5,37.9,73.1
2026-04-10 06:24:07,KOTA,Clear,0.55,4.43,1.5,29.2,30.3
2026-01-06 01:33:50,KOTA,Rain,0.44,4.95,11.2,21.3,66.6
2026-01-17 00:54:45,KOTA,Clear,0.17,8.46,1.3,28.6,91.0
2026-04-06 23:18:11,KOTA,Clear,0.23,7.76,1.3,24.7,75.8
2026-04-07 20:27:30,KOTA,Clear,0.18,8.2,1.0,18.7,67.1
2026-05-02 09:05:32,KOTA,Cloudy,0.26,7.48,1.1,23.5,59.1
2026-05-18 12:55:48,KOTA,Clear,0.36,7.18,1.4,26.5,41.9
2026-05-12 12:01:01,KOTA,Clear,0.36,7.53,0.6,35.1,72.1
2026-05-09 21:01:30,KOTA,Rain,0.07,7.54,10.1,25.9,78.6
2026-01-27 13:23:15,KOTA,Clear,0.17,9.42,0.6,21.7,50.1
2026-02-09 07:08:42,KOTA,Clear,0.58,5.61,0.2,25.8,68.3
2026-05-06 13:06:00,KOTA,Fog,0.61,4.61,1.4,20.9,82.2
2026-03-05 05:31:19,KOTA,Rain,0.37,5.47,9.9,30.4,61.0
2026-03-05 11:17:51,KOTA,Clear,0.22,8.04,0.5,28.1,83.6
2026-04-16 00:15:52,KOTA,Clear,0.16,9.75,1.3,30.7,57.8
2026-05-29 00:34:08,KOTA,Fog,0.62,5.01,0.2,16.0,78.1
2026-03-25 04:14:09,KOTA,Clear,0.41,6.41,1.3,23.7,51.6
2026-04-13 09:34:12,KOTA,Fog,0.63,5.19,0.5,13.6,73.5
2026-02-19 22:55:17,KOTA,Rain,0.08,8.02,15.0,22.6,47.1
2026-02-05 06:28:33,KOTA,Clear,0.09,9.58,0.1,23.5,28.4
2026-06-11 07:53:10,KOTA,Clear,0.36,7.36,0.5,17.9,64.9
2026-05-23 15:47:47,KOTA,Clear,0.48,4.79,0.3,33.8,54.1
2026-04-04 14:13:35,KOTA,Clear,0.42,6.44,1.3,28.0,52.4
2026-01-25 04:54:41,KOTA,Clear,0.58,4.87,1.5,19.9,51.3
2026-06-20 13:29:22,KOTA,Fog,0.63,4.59,0.7,13.1,81.0
2026-03-03 04:26:11,KOTA,Clear,0.16,8.6,0.8,26.7,76.0
2026-03-06 21:03:06,KOTA,Clear,0.34,7.1,1.5,2.2,58.9
2026-02-28 05:08:01,KOTA,Clear,0.3,7.76,0.4,29.8,48.4
2026-03-23 17:42:26,KOTA,Rain,0.32,6.33,3.8,27.7,85.8
2026-05-27 16:12:22,KOTA,Clear,0.64,4.52,0.2,23.1,78.5
2026-04-18 15:20:14,KOTA,Clear,0.34,6.68,0.5,22.8,41.1
2026-02-23 02:19:31,KOTA,Rain,0.17,7.74,7.2,1.8,57.5
2026-01-04 15:35:43,KOTA,Clear,0.33,6.34,0.8,21.9,61.5
2026-06-07 05:57:04,KOTA,Clear,0.1,8.21,0.5,38.2,58.8
2026-06-22 08:59:32,KOTA,Clear,0.1,9.04,0.2,26.7,85.4
2026-06-02 15:38:07,KOTA,Cloudy,0.15,8.98,1.4,29.5,66.0
2026-02-24 22:32:16,KOTA,Clear,0.22,8.04,1.2,31.6,88.7
2026-01-10 20:11:19,KOTA,Clear,0.05,10.12,1.3,19.7,46.8
2026-03-13 16:47:24,KOTA,Clear,0.24,7.84,0.1,30.3,36.2
2026-04-19 00:48:43,KOTA,Rain,0.14,8.15,13.8,28.3,72.2
2026-05-31 17:11:34,KOTA,Cloudy,0.15,9.18,0.1,35.9,82.7
2026-03-10 11:56:13,KOTA,Clear,0.07,9.44,1.3,29.5,62.8
2026-03-25 14:29:44,KOTA,Fog,0.47,5.52,0.6,13.4,81.6
2026-02-09 22:05:17,KOTA,Clear,0.36,6.97,1.3,28.5,47.9
2026-01-29 03:16:03,KOTA,Clear,0.17,8.88,1.4,32.4,27.3
2026-05-23 15:17:49,KOTA,Cloudy,0.29,7.2,0.3,22.1,41.4
2026-01-10 18:07:58,KOTA,Rain,0.52,4.87,10.7,39.0,69.7
2026-04-09 11:49:24,KOTA,Fog,0.69,3.89,1.1,31.0,74.2
2026-06-07 02:48:47,KOTA,Clear,0.41,6.16,0.4,24.4,67.6
2026-02-17 23:19:51,KOTA,Clear,0.5,6.0,0.9,30.3,81.4
2026-05-11 06:49:16,KOTA,Cloudy,0.36,6.8,0.5,40.3,75.4
2026-01-05 21:14:48,KOTA,Cloudy,0.33,8.1,1.1,14.0,46.4
2026-06-07 04:00:20,KOTA,Clear,0.4,7.05,1.3,27.3,58.5
2026-04-23 01:49:19,KOTA,Rain,0.4,5.49,10.1,27.0,67.3
2026-05-16 01:04:11,KOTA,Clear,0.1,9.22,0.3,37.3,89.8
2026-05-10 19:43:53,KOTA,Rain,0.23,6.94,11.2,21.0,51.2
2026-01-09 08:38:02,KOTA,Rain,0.29,6.44,8.6,18.4,84.5
2026-04-30 04:49:42,KOTA,Cloudy,0.03,9.3,1.1,24.5,62.4
2026-01-20 21:01:53,KOTA,Rain,0.19,7.4,5.6,22.6,32.4
2026-06-13 04:15:28,KOTA,Clear,0.09,8.25,1.0,32.4,77.3
2026-03-29 02:19:07,KOTA,Rain,0.62,3.56,10.0,29.1,72.6
2026-03-13 20:56:24,KOTA,Rain,0.1,7.7,24.4,20.6,99.9
2026-06-02 14:55:25,KOTA,Rain,0.34,5.71,6.5,27.1,100.0
2026-06-03 07:43:03,KOTA,Clear,0.55,5.32,0.7,21.5,39.3
2026-05-01 08:21:27,KOTA,Clear,0.52,5.05,1.1,18.0,62.0
2026-04-25 03:36:27,KOTA,Clear,0.22,8.11,1.1,10.7,72.0
2026-03-23 16:41:34,KOTA,Clear,0.43,6.49,0.7,20.0,71.3
2026-01-21 12:06:05,KOTA,Clear,0.06,9.6,1.2,23.1,62.8
2026-06-07 03:21:39,KOTA,Clear,0.16,8.29,0.6,19.9,53.3
2026-04-13 13:07:47,KOTA,Clear,0.47,6.92,0.8,13.2,61.6
2026-03-12 09:04:51,KOTA,Clear,0.35,7.28,1.5,22.2,77.3
2026-03-25 21:23:22,KOTA,Clear,0.31,6.58,0.9,28.0,64.5
2026-03-13 17:38:16,KOTA,Rain,0.25,6.77,3.7,20.3,37.3
2026-02-21 06:55:08,KOTA,Clear,0.21,7.75,0.5,24.3,71.1
2026-01-29 13:53:22,KOTA,Clear,0.51,6.96,0.1,38.7,66.5
2026-05-11 13:28:33,KOTA,Cloudy,0.14,9.05,0.4,25.9,100.0
2026-05-21 07:01:29,KOTA,Cloudy,0.09,8.91,1.0,33.2,60.2
2026-04-10 12:04:14,KOTA,Fog,0.52,5.99,0.8,22.7,89.0
2026-03-28 05:30:01,KOTA,Cloudy,0.17,8.0,1.3,11.7,50.8
2026-04-08 14:27:53,KOTA,Cloudy,0.39,7.11,1.3,30.6,90.5
2026-03-10 11:31:58,KOTA,Cloudy,0.33,6.77,0.8,17.0,40.7
2026-04-19 11:07:32,KOTA,Fog,0.54,4.95,0.9,23.5,77.6
2026-06-14 19:44:57,KOTA,Clear,0.49,5.14,0.5,48.4,81.7
2026-01-29 08:29:14,KOTA,Clear,0.33,7.16,0.7,20.6,59.6
2026-05-27 21:52:50,KOTA,Rain,0.23,6.48,4.9,23.3,72.1
2026-02-02 06:34:25,KOTA,Clear,0.08,9.64,1.1,14.1,84.1
2026-05-23 16:07:31,KOTA,Cloudy,0.38,7.07,0.1,30.2,74.7
2026-05-05 21:38:34,KOTA,Clear,0.08,9.26,1.1,28.3,22.0
2026-05-01 02:26:36,KOTA,Clear,0.23,8.02,1.1,24.1,58.8
2026-01-03 11:43:02,KOTA,Fog,0.64,4.35,1.2,32.1,73.1
2026-06-10 11:50:26,KOTA,Cloudy,0.39,6.6,0.4,15.7,58.5
2026-04-14 04:55:34,KOTA,Clear,0.49,5.13,1.0,27.8,80.1
2026-03-15 02:39:23,KOTA,Cloudy,0.18,8.02,0.4,33.7,44.3
2026-05-21 13:09:47,KOTA,Fog,0.63,5.15,1.2,24.7,86.5
2026-03-23 14:57:14,KOTA,Clear,0.07,9.77,1.0,27.2,67.1
2026-01-12 03:59:01,KOTA,Rain,0.25,5.84,13.4,13.7,62.7
2026-04-11 14:31:00,KOTA,Cloudy,0.49,6.14,0.4,17.5,100.0
2026-05-01 15:05:27,KOTA,Clear,0.28,7.28,0.2,30.2,57.4
2026-04-08 08:46:03,KOTA,Clear,0.26,8.23,0.4,23.7,94.1
2026-01-31 10:56:14,KOTA,Cloudy,0.24,7.51,0.1,16.4,50.6
2026-02-22 19:11:19,KOTA,Clear,0.24,8.82,1.3,22.9,66.6
2026-06-14 06:44:03,KOTA,Clear,0.12,9.1,1.2,8.0,38.9
2026-04-24 17:59:32,KOTA,Cloudy,0.1,7.94,0.6,40.0,85.5
2026-04-30 17:15:19,KOTA,Rain,0.23,6.77,14.4,18.6,78.5
2026-01-30 00:40:31,KOTA,Clear,0.63,4.4,1.3,24.8,65.9
2026-04-02 13:57:23,KOTA,Clear,0.08,9.68,1.0,20.6,36.9
2026-02-17 16:33:22,KOTA,Fog,0.46,6.69,0.8,33.8,22.6
2026-04-23 12:21:11,KOTA,Clear,0.24,7.75,0.2,24.7,73.7
2026-03-22 23:35:08,KOTA,Clear,0.28,7.66,1.4,26.7,39.3
2026-02-15 03:52:32,KOTA,Cloudy,0.25,8.04,0.7,30.1,75.9
2026-01-30 11:43:33,KOTA,Cloudy,0.25,8.06,0.1,33.4,40.6
2026-01-28 08:15:09,KOTA,Fog,0.54,5.02,0.5,21.0,100.0
2026-03-04 07:30:17,KOTA,Cloudy,0.3,7.45,0.6,23.4,55.7
2026-06-03 08:00:31,KOTA,Clear,0.37,5.6,1.2,21.9,71.5
2026-02-09 16:32:39,KOTA,Clear,0.49,5.44,1.0,28.9,92.8
2026-02-24 20:02:59,KOTA,Cloudy,0.12,9.04,1.2,27.3,56.5
2026-02-24 09:53:10,KOTA,Clear,0.02,9.95,0.1,20.4,85.9
2026-02-28 00:51:48,KOTA,Clear,0.29,7.39,0.8,22.5,60.5
2026-04-03 04:51:07,KOTA,Clear,0.36,7.49,0.8,25.8,94.2
2026-03-11 18:53:44,KOTA,Fog,0.58,5.59,1.1,26.1,72.7
2026-01-23 18:38:25,KOTA,Clear,0.25,7.9,0.6,21.5,95.2
2026-04-30 15:09:02,KOTA,Cloudy,0.13,9.02,1.5,14.8,41.8
2026-04-17 23:56:53,KOTA,Clear,0.27,7.08,1.5,26.7,47.7
2026-06-02 18:24:14,KOTA,Cloudy,0.3,7.12,1.2,22.5,54.0
2026-02-18 12:43:11,KOTA,Rain,0.17,6.31,17.6,27.3,85.7
2026-02-19 10:59:11,KOTA,Fog,1.0,1.55,0.8,13.7,69.5
2026-01-12 20:26:02,KOTA,Clear,0.36,6.42,0.5,26.0,84.6
2026-03-27 04:53:30,KOTA,Rain,0.5,4.13,14.5,16.7,82.5
2026-01-28 18:54:26,KOTA,Clear,0.23,8.61,0.6,21.6,69.9
2026-04-11 07:03:50,KOTA,Fog,0.41,6.99,0.1,29.9,67.1
2026-04-08 00:58:08,KOTA,Clear,0.19,7.48,0.9,19.3,44.0
2026-04-29 17:29:47,KOTA,Clear,0.57,4.72,1.2,18.6,60.5
2026-01-13 10:48:46,KOTA,Cloudy,0.13,9.41,1.3,19.8,56.3
2026-02-05 09:28:53,KOTA,Clear,0.43,6.54,0.8,24.5,58.5
2026-06-30 05:04:09,KOTA,Rain,0.2,7.2,4.8,28.9,55.9
2026-06-04 15:27:53,KOTA,Clear,0.23,8.85,0.9,27.2,62.9
2026-04-20 20:23:38,KOTA,Cloudy,0.45,6.7,0.7,20.8,56.8
2026-02-22 18:08:30,KOTA,Rain,0.18,7.36,5.7,28.1,70.6
2026-02-01 01:57:55,KOTA,Clear,0.31,7.23,1.5,28.8,73.9
2026-05-16 10:21:00,KOTA,Clear,0.35,7.96,0.1,16.3,69.6
2026-03-19 06:56:37,KOTA,Rain,0.31,6.43,5.6,19.9,35.8
2026-03-27 23:18:38,KOTA,Clear,0.35,6.67,1.5,17.8,73.5
2026-01-27 17:10:35,KOTA,Clear,0.31,7.54,1.0,31.4,42.8
2026-02-08 00:41:27,KOTA,Cloudy,0.13,8.77,1.5,32.3,34.9
2026-06-02 19:08:22,KOTA,Cloudy,0.22,8.11,0.8,24.6,22.8
2026-04-17 16:29:44,KOTA,Clear,0.13,8.77,0.9,17.7,69.1
2026-04-23 19:52:55,KOTA,Cloudy,0.29,7.14,0.8,12.8,62.2
2026-02-07 18:10:15,KOTA,Rain,0.21,7.07,5.7,35.5,64.3
2026-04-23 03:49:27,KOTA,Clear,0.49,5.82,0.3,16.1,53.7
2026-05-07 11:08:25,KOTA,Fog,0.54,5.63,0.9,24.7,42.1
2026-01-20 02:07:07,KOTA,Clear,0.38,7.8,0.1,16.9,47.9
2026-06-02 13:34:24,KOTA,Fog,0.61,5.39,1.0,17.4,51.1
2026-05-06 07:01:47,KOTA,Fog,0.55,5.69,0.8,30.1,41.5
2026-01-19 10:02:09,KOTA,Clear,0.21,8.91,1.2,30.3,77.8
2026-06-26 13:10:19,KOTA,Clear,0.3,7.43,1.3,27.7,100.0
2026-04-22 23:27:51,KOTA,Clear,0.49,5.6,1.4,30.7,80.2
2026-02-08 07:21:19,KOTA,Clear,0.11,9.65,0.0,30.4,79.0
2026-05-23 20:56:05,KOTA,Cloudy,0.32,7.39,0.1,20.8,78.5
2026-06-08 17:25:06,KOTA,Cloudy,0.55,5.51,1.4,27.4,80.3
2026-06-30 18:54:52,KOTA,Clear,0.75,3.31,0.2,13.3,60.8
2026-01-04 21:25:00,KOTA,Fog,0.63,5.32,1.0,29.9,79.5
2026-05-23 22:57:06,KOTA,Rain,0.26,6.62,7.3,23.1,49.6
2026-04-03 15:46:28,KOTA,Cloudy,0.29,7.39,1.2,28.9,52.5
2026-05-10 11:58:50,KOTA,Clear,0.34,6.79,0.1,15.9,85.7
2026-06-23 08:23:45,KOTA,Fog,0.73,4.49,0.2,17.0,93.8
2026-06-20 06:27:50,KOTA,Clear,0.37,6.8,0.5,18.8,54.0
2026-05-04 06:15:51,KOTA,Clear,0.02,9.11,1.0,12.1,75.4
2026-04-03 04:28:32,KOTA,Fog,0.66,4.49,0.8,25.8,100.0
2026-04-28 17:34:10,KOTA,Fog,0.72,3.81,0.2,23.2,74.5
2026-01-03 22:04:23,KOTA,Cloudy,0.5,5.5,0.6,28.4,63.4
2026-05-17 10:17:59,KOTA,Clear,0.45,6.56,0.3,30.8,44.7
2026-01-29 01:29:19,KOTA,Cloudy,0.14,8.48,0.3,32.0,61.4
2026-03-17 02:57:38,KOTA,Cloudy,0.22,8.26,0.5,22.0,54.8
2026-02-24 14:38:56,KOTA,Clear,0.33,7.7,0.3,25.5,93.5
2026-03-04 04:12:27,KOTA,Fog,0.46,5.99,1.0,20.9,100.0
2026-01-31 23:36:15,KOTA,Fog,0.58,4.29,1.0,24.3,73.1
2026-05-28 18:03:20,KOTA,Clear,0.32,7.59,0.7,23.3,66.5
2026-02-19 11:48:17,KOTA,Clear,0.28,7.55,1.1,24.1,87.2
2026-04-06 16:23:03,KOTA,Rain,0.24,7.11,8.2,24.4,50.9
2026-02-23 01:39:06,KOTA,Cloudy,0.13,8.65,1.3,48.3,69.4
2026-04-29 22:12:51,KOTA,Fog,0.5,5.89,0.1,20.9,86.4
2026-01-14 02:44:29,KOTA,Clear,0.27,8.41,0.8,30.9,72.7
2026-06-09 14:56:52,KOTA,Cloudy,0.69,4.03,1.3,24.1,76.4
2026-06-25 04:58:07,KOTA,Clear,0.33,7.55,0.9,22.9,51.7
2026-02-04 21:13:34,KOTA,Clear,0.47,5.66,0.1,22.2,64.6
2026-03-21 14:19:11,KOTA,Clear,0.13,8.64,0.8,41.0,95.9
2026-01-04 02:59:52,KOTA,Clear,0.6,5.31,1.3,32.4,61.0
2026-02-26 22:08:14,KOTA,Clear,0.27,7.2,0.7,33.7,76.6
2026-03-29 13:49:21,KOTA,Clear,0.22,8.73,0.1,28.4,64.9
2026-02-28 01:58:20,KOTA,Cloudy,0.03,9.57,1.3,14.5,67.7
2026-03-28 13:32:42,KOTA,Clear,0.53,5.13,0.4,17.1,72.4
2026-04-09 09:01:25,KOTA,Clear,0.61,4.7,1.3,22.5,72.2
2026-03-03 12:00:31,KOTA,Clear,0.4,6.66,0.3,24.4,84.2
2026-06-15 00:32:09,KOTA,Clear,0.05,10.02,0.4,10.9,31.5
2026-02-12 11:34:23,KOTA,Fog,0.64,4.64,1.5,30.0,71.0
2026-02-23 06:10:17,KOTA,Fog,0.8,3.43,0.6,25.8,50.3
2026-06-25 17:00:27,KOTA,Fog,0.75,3.8,0.1,19.1,58.9
2026-03-14 03:47:31,KOTA,Cloudy,0.63,3.34,1.5,21.8,62.2
2026-05-21 05:44:52,KOTA,Clear,0.5,5.74,0.1,32.9,70.0
2026-04-12 11:21:31,KOTA,Clear,0.06,9.42,1.5,21.9,62.3
2026-01-07 00:29:09,KOTA,Clear,0.16,9.0,0.8,14.6,73.3
2026-02-23 02:07:15,KOTA,Fog,0.7,4.51,0.3,37.3,61.4
2026-05-30 23:37:09,KOTA,Clear,0.36,6.88,1.0,28.9,50.6
2026-06-20 14:10:56,KOTA,Clear,0.27,8.75,1.3,19.7,100.0
2026-04-17 12:28:51,KOTA,Clear,0.36,7.54,0.8,12.1,74.1
2026-04-18 07:41:14,KOTA,Fog,0.75,4.08,0.2,24.0,83.8
2026-05-27 14:10:56,KOTA,Clear,0.24,8.19,0.9,26.2,79.8
2026-03-08 08:49:56,KOTA,Cloudy,0.33,7.46,0.8,21.9,63.5
2026-01-27 01:42:38,KOTA,Clear,0.18,8.62,0.5,8.8,65.1
2026-06-20 03:13:26,KOTA,Clear,0.59,4.94,0.4,24.6,57.2
2026-02-06 11:33:54,KOTA,Cloudy,0.19,8.43,1.4,39.7,46.7
2026-03-12 06:47:58,KOTA,Clear,0.35,7.03,0.4,32.1,73.0
2026-04-28 14:59:18,KOTA,Rain,0.32,6.23,10.3,20.4,50.6
2026-04-21 09:04:31,KOTA,Rain,0.42,5.16,12.1,29.3,58.4
2026-05-19 16:16:45,KOTA,Fog,0.47,6.29,0.7,33.6,69.9
2026-05-12 18:36:48,KOTA,Fog,0.51,5.17,1.1,23.2,74.0
2026-02-16 06:05:47,KOTA,Cloudy,0.09,10.22,0.1,18.9,53.3
2026-01-09 22:44:42,KOTA,Fog,0.6,5.12,0.9,13.9,67.4
2026-01-04 15:18:58,KOTA,Cloudy,0.13,9.2,0.4,16.7,77.5
2026-03-21 03:03:57,KOTA,Fog,0.6,4.01,0.6,19.9,72.6
2026-02-27 01:25:31,KOTA,Clear,0.51,5.53,1.2,19.1,88.4
2026-05-16 03:06:46,KOTA,Rain,0.22,7.07,6.2,16.1,49.7
2026-01-09 21:44:38,KOTA,Fog,0.46,6.86,0.0,23.4,75.4
2026-04-01 01:36:05,KOTA,Fog,0.59,4.94,0.5,26.9,91.2
2026-01-28 17:49:39,KOTA,Clear,0.12,8.88,0.2,35.5,67.8
2026-04-09 09:57:06,KOTA,Clear,0.18,8.07,1.0,19.9,100.0
2026-03-14 03:01:37,KOTA,Clear,0.2,8.57,1.3,20.5,69.6
2026-06-03 15:34:33,KOTA,Rain,0.27,6.2,11.9,21.2,100.0
2026-05-10 21:24:44,KOTA,Rain,0.14,7.41,2.9,21.1,47.2
2026-04-22 20:48:36,KOTA,Cloudy,0.22,8.23,0.7,20.9,63.9
2026-03-08 20:55:44,KOTA,Clear,0.27,7.29,0.2,18.5,72.7
2026-06-28 16:55:16,KOTA,Clear,0.16,8.37,1.3,22.1,61.8
2026-04-11 09:37:42,KOTA,Clear,0.22,8.66,0.4,13.9,64.2
2026-03-29 23:52:34,KOTA,Cloudy,0.23,8.66,0.0,26.5,47.9
2026-06-11 22:12:05,KOTA,Clear,0.24,7.75,1.4,21.2,50.5
2026-06-28 05:40:41,KOTA,Clear,0.01,10.34,0.6,26.2,22.8
2026-05-22 12:02:35,KOTA,Cloudy,0.64,4.53,1.4,22.1,94.4
2026-06-16 23:05:05,KOTA,Rain,0.18,8.04,14.0,28.0,58.7
2026-04-12 01:25:36,KOTA,Clear,0.35,6.49,1.2,14.2,44.7
2026-02-24 17:45:10,KOTA,Clear,0.45,5.28,0.6,26.7,72.0
2026-06-05 04:55:27,KOTA,Clear,0.3,8.29,0.7,27.9,100.0
2026-06-28 21:32:03,KOTA,Clear,0.38,6.63,0.1,29.8,56.1
2026-02-25 04:39:03,KOTA,Clear,0.36,7.56,0.7,14.5,65.7
2026-04-26 00:27:42,KOTA,Rain,0.15,7.66,15.4,24.0,73.3
2026-04-23 05:21:52,KOTA,Clear,0.32,7.98,0.3,29.0,68.9
2026-01-12 23:48:23,KOTA,Clear,0.14,8.76,0.0,30.5,59.9
2026-06-07 12:58:47,KOTA,Cloudy,0.09,9.54,0.9,19.4,60.8
2026-02-28 07:04:27,KOTA,Fog,0.44,6.49,0.6,13.7,100.0
2026-05-28 14:43:52,KOTA,Rain,0.69,3.59,2.6,20.1,73.5
2026-04-10 09:22:18,KOTA,Cloudy,0.19,8.52,0.3,20.3,42.8
2026-04-26 19:51:31,KOTA,Clear,0.08,9.13,0.7,19.8,84.8
2026-04-04 14:39:36,KOTA,Fog,0.58,5.05,1.2,20.7,63.4
2026-01-12 12:05:51,KOTA,Clear,0.14,9.11,1.2,28.1,72.6
2026-02-02 15:53:55,KOTA,Fog,0.66,4.02,0.2,24.0,23.5
2026-01-09 12:27:13,KOTA,Cloudy,0.23,7.94,0.2,26.6,62.7
2026-04-10 17:03:15,KOTA,Cloudy,0.12,8.97,0.3,20.7,83.8
2026-01-13 14:48:47,KOTA,Fog,0.7,4.06,0.1,26.7,76.3
2026-05-02 09:23:19,KOTA,Cloudy,0.36,6.88,1.0,15.5,96.7
2026-02-04 23:25:41,KOTA,Clear,0.33,7.5,0.8,24.6,57.4
2026-05-31 15:00:49,KOTA,Rain,0.24,6.23,11.5,24.2,80.6
2026-05-13 17:07:32,KOTA,Clear,0.42,7.05,0.2,21.2,50.7
2026-06-14 16:40:49,KOTA,Rain,0.41,5.52,7.8,15.3,49.3
2026-01-04 22:56:42,KOTA,Cloudy,0.19,8.08,1.3,25.8,69.2
2026-03-13 07:39:58,KOTA,Rain,0.68,2.76,6.6,8.0,93.6
2026-05-20 17:13:31,KOTA,Fog,0.78,4.42,0.8,26.4,91.4
2026-03-21 08:39:51,KOTA,Clear,0.14,9.13,0.5,32.5,93.6
2026-03-27 10:09:16,KOTA,Clear,0.18,8.3,0.6,17.0,53.1
2026-01-01 19:15:27,KOTA,Rain,0.53,4.41,10.5,19.5,97.3
2026-03-06 00:19:38,KOTA,Clear,0.25,8.43,1.2,15.7,88.8
2026-06-12 12:36:25,KOTA,Clear,0.08,10.02,1.3,24.2,73.8
2026-01-13 07:40:10,KOTA,Cloudy,0.38,6.24,0.6,31.1,60.2
2026-01-14 21:51:32,KOTA,Fog,0.53,5.46,0.7,31.7,71.4
2026-04-19 21:37:58,KOTA,Clear,0.11,10.35,0.6,10.1,54.6
2026-02-09 10:14:20,KOTA,Fog,0.71,4.8,0.6,20.0,98.2
2026-05-27 19:36:55,KOTA,Clear,0.14,8.54,0.3,19.2,50.4
2026-03-12 05:49:51,KOTA,Clear,0.04,9.54,0.0,13.1,68.9
2026-05-21 01:15:27,KOTA,Clear,0.24,8.13,0.7,15.0,50.2
2026-05-01 19:41:18,KOTA,Clear,0.48,5.71,0.1,31.8,66.5
2026-04-11 18:51:13,KOTA,Cloudy,0.03,10.12,1.2,21.4,70.4
2026-03-19 20:56:19,KOTA,Clear,0.32,7.08,1.2,17.1,60.8
2026-04-02 09:19:52,KOTA,Fog,0.68,4.17,1.1,12.0,83.6
2026-01-22 19:47:44,KOTA,Clear,0.17,8.6,1.1,36.7,46.1
2026-06-07 12:37:18,KOTA,Rain,0.35,5.69,17.6,31.0,62.4
2026-02-28 01:18:03,KOTA,Cloudy,0.51,5.59,0.5,28.0,84.6
2026-05-03 13:02:15,KOTA,Clear,0.35,7.53,0.2,15.8,89.7
2026-03-25 13:05:58,KOTA,Clear,0.15,8.87,0.2,21.4,59.0
2026-03-07 21:55:33,KOTA,Clear,0.51,5.66,1.4,15.7,71.6
2026-06-26 07:41:04,KOTA,Cloudy,0.1,8.02,0.6,27.9,71.8
2026-02-11 17:31:53,KOTA,Clear,0.2,8.15,0.7,23.7,31.7
2026-04-14 12:13:21,KOTA,Fog,0.48,6.64,1.2,16.0,92.4
2026-04-30 13:21:47,KOTA,Cloudy,0.1,9.01,0.9,25.3,45.5
2026-03-12 16:35:11,KOTA,Rain,0.35,6.02,10.9,29.7,72.6
2026-05-14 04:12:16,KOTA,Rain,0.27,5.85,13.8,24.6,57.8
2026-03-29 15:19:01,KOTA,Clear,0.25,7.57,0.5,39.1,57.3
2026-02-27 20:59:07,KOTA,Cloudy,0.27,8.1,0.9,30.8,65.4
2026-02-20 21:52:51,KOTA,Fog,0.8,3.33,0.2,21.5,55.6
2026-03-29 05:51:06,KOTA,Rain,0.28,6.55,19.9,34.8,57.5
2026-05-27 10:50:16,KOTA,Rain,0.28,5.95,14.0,23.0,49.2
2026-04-29 03:39:58,KOTA,Cloudy,0.39,6.44,1.4,10.1,88.7
2026-04-28 23:51:55,KOTA,Rain,0.2,6.43,2.6,27.3,59.8
2026-03-04 20:02:56,KOTA,Clear,0.52,5.51,1.2,31.2,72.3
2026-04-04 09:53:00,KOTA,Clear,0.13,9.42,1.1,36.1,74.6
2026-05-18 11:37:22,KOTA,Clear,0.12,9.7,0.5,24.1,51.5
2026-01-24 14:16:56,KOTA,Clear,0.05,9.91,1.4,13.6,85.3
2026-03-10 14:28:40,KOTA,Clear,0.52,6.46,0.7,21.4,64.8
2026-05-26 07:10:12,KOTA,Cloudy,0.56,4.69,0.9,26.9,76.1
2026-04-22 04:44:21,KOTA,Clear,0.42,6.26,1.4,36.4,84.6
2026-04-12 22:27:17,KOTA,Rain,0.26,6.37,17.1,33.1,88.4
2026-02-26 22:46:43,KOTA,Cloudy,0.25,8.09,0.3,31.0,42.4
2026-01-12 11:05:31,KOTA,Cloudy,0.17,9.37,0.4,21.8,81.4
2026-04-16 22:06:26,KOTA,Clear,0.2,8.33,0.3,14.7,51.8
2026-06-26 06:15:17,KOTA,Clear,0.3,7.49,1.4,6.4,53.0
2026-03-01 17:22:15,KOTA,Fog,0.53,5.27,1.1,30.2,64.6
2026-06-14 21:39:10,KOTA,Cloudy,0.31,7.88,1.2,20.1,63.0
2026-02-19 13:59:39,KOTA,Clear,0.12,9.22,0.1,22.7,53.6
2026-05-23 14:02:30,KOTA,Cloudy,0.36,6.64,0.6,11.7,76.7
2026-02-28 06:08:29,KOTA,Clear,0.48,5.38,0.4,28.4,57.5
2026-05-12 11:37:04,KOTA,Clear,0.18,8.65,0.0,26.5,74.4
2026-01-12 09:59:25,KOTA,Fog,0.56,4.52,0.0,17.6,61.1
2026-04-30 15:23:15,KOTA,Clear,0.29,7.88,0.3,27.9,95.4
2026-01-23 00:04:45,KOTA,Fog,0.62,4.33,1.5,29.4,93.8
2026-02-24 23:16:21,KOTA,Clear,0.33,7.09,0.6,26.5,65.7
2026-05-25 14:03:40,KOTA,Clear,0.34,7.04,0.0,33.6,74.1
2026-02-10 23:09:32,KOTA,Clear,0.28,6.81,0.4,23.2,61.9
2026-04-10 00:58:20,KOTA,Clear,0.59,5.18,0.5,25.1,80.6
2026-04-02 22:34:32,KOTA,Cloudy,0.21,7.8,1.1,24.0,69.5
2026-06-12 20:28:34,KOTA,Clear,0.09,9.23,0.1,31.1,84.3
2026-02-14 09:20:04,KOTA,Rain,0.4,5.78,11.2,30.1,44.8
2026-05-17 12:16:33,KOTA,Clear,0.26,8.32,1.1,14.1,91.2
2026-05-30 17:37:56,KOTA,Clear,0.2,8.42,1.2,12.6,59.9
2026-03-09 09:07:18,KOTA,Rain,0.05,9.25,5.1,33.5,50.2
2026-06-01 21:31:22,KOTA,Cloudy,0.1,8.93,0.8,32.6,84.9
2026-06-17 02:51:52,KOTA,Fog,0.93,1.33,0.5,36.8,84.4
2026-06-18 06:16:27,KOTA,Fog,0.8,3.13,0.0,13.6,92.1
2026-01-18 21:42:11,KOTA,Clear,0.34,6.14,0.4,25.7,77.6
2026-04-08 14:34:13,KOTA,Clear,0.35,7.26,0.7,17.0,84.7
2026-01-02 07:01:54,KOTA,Clear,0.28,7.29,1.2,28.2,51.1
2026-05-17 08:19:12,KOTA,Clear,0.14,9.03,0.9,18.8,56.2
2026-01-06 14:30:18,KOTA,Fog,0.54,6.02,0.5,20.0,56.9
2026-03-29 08:10:20,KOTA,Rain,0.58,4.12,7.9,27.8,78.9
2026-02-21 22:28:13,KOTA,Clear,0.1,8.97,0.3,24.2,50.9
2026-04-15 09:06:09,KOTA,Cloudy,0.22,7.65,0.1,24.0,62.9
2026-04-04 06:59:37,KOTA,Rain,0.39,5.45,14.8,25.8,44.4
2026-03-15 17:56:45,KOTA,Clear,0.18,8.83,1.2,30.6,58.0
2026-05-19 07:04:13,KOTA,Cloudy,0.19,8.99,0.4,19.5,77.7
2026-05-25 23:08:24,KOTA,Clear,0.29,7.81,0.4,13.4,69.9
2026-04-05 05:14:32,KOTA,Fog,0.43,5.9,0.6,38.3,84.5
2026-05-18 18:52:00,KOTA,Cloudy,0.44,7.0,0.2,30.5,58.3
2026-02-23 11:45:59,KOTA,Clear,0.18,8.82,1.3,19.5,74.2
2026-01-06 01:53:09,KOTA,Rain,0.25,6.69,5.0,15.8,29.6
2026-02-03 22:23:54,KOTA,Cloudy,0.25,7.18,0.9,30.1,52.2
2026-03-24 23:56:17,KOTA,Cloudy,0.32,6.95,1.3,31.5,68.5
2026-06-20 11:49:26,KOTA,Clear,0.25,7.99,0.1,18.2,65.6
2026-05-08 15:31:08,KOTA,Cloudy,0.23,7.6,1.1,26.9,64.1
2026-02-16 00:32:37,KOTA,Rain,0.05,9.67,8.5,14.2,40.1
2026-06-06 17:58:08,KOTA,Cloudy,0.25,8.16,1.4,32.0,65.5
2026-02-23 20:42:35,KOTA,Rain,0.51,4.7,3.9,23.1,100.0
2026-05-10 07:31:03,KOTA,Cloudy,0.33,7.74,0.3,20.8,57.3
2026-06-18 23:43:06,KOTA,Clear,0.37,6.46,0.6,28.1,60.0
2026-06-21 03:50:59,KOTA,Clear,0.38,5.96,0.8,31.2,71.7
2026-06-14 16:25:05,KOTA,Clear,0.26,7.79,0.3,31.1,49.9
2026-03-02 03:38:49,KOTA,Cloudy,0.65,4.11,0.9,32.7,77.8
2026-06-20 23:26:51,KOTA,Rain,0.2,6.9,8.0,18.2,95.3
2026-01-07 08:32:37,KOTA,Cloudy,0.44,5.62,0.1,35.2,95.7
2026-03-20 17:37:10,KOTA,Cloudy,0.15,9.15,0.9,24.2,94.7
2026-06-18 07:19:22,KOTA,Clear,0.12,9.23,1.4,19.2,53.7
2026-02-23 19:06:52,KOTA,Cloudy,0.28,6.96,1.2,12.4,46.5
2026-06-15 18:25:01,KOTA,Cloudy,0.39,6.3,0.5,19.7,70.1
2026-06-05 19:32:36,KOTA,Clear,0.15,8.65,0.6,37.1,68.6
2026-03-26 04:27:52,KOTA,Clear,0.34,6.96,1.1,11.6,53.6
2026-01-26 09:37:45,KOTA,Clear,0.24,7.57,0.4,14.9,80.9
2026-02-07 23:05:08,KOTA,Rain,0.44,5.26,5.7,30.6,52.1
2026-03-27 19:06:01,KOTA,Clear,0.31,7.26,0.1,29.0,56.7
2026-03-24 18:28:41,KOTA,Rain,0.15,6.76,15.9,37.9,83.7
2026-02-05 09:05:19,KOTA,Cloudy,0.17,9.27,0.1,25.4,45.5
2026-02-18 21:35:18,KOTA,Clear,0.31,7.75,0.4,23.5,57.1
2026-03-25 13:38:31,KOTA,Clear,0.17,8.41,0.1,30.9,100.0
2026-05-24 10:14:40,KOTA,Cloudy,0.17,8.63,0.5,31.3,44.8
2026-06-24 06:15:01,KOTA,Fog,0.65,3.95,0.3,34.1,44.5
2026-02-22 16:02:40,KOTA,Clear,0.23,7.77,0.6,32.0,68.3
2026-06-12 15:20:00,KOTA,Rain,0.34,5.94,5.9,19.7,45.1
2026-04-01 22:09:44,KOTA,Rain,0.2,6.93,9.3,26.8,54.0
2026-06-28 01:32:54,KOTA,Rain,0.37,6.09,19.3,22.6,81.0
2026-04-09 08:49:23,KOTA,Clear,0.42,6.39,1.3,20.6,54.8
2026-03-13 21:31:21,KOTA,Clear,0.17,7.99,0.7,25.4,46.5
2026-06-27 18:05:31,KOTA,Cloudy,0.42,6.36,0.6,27.1,38.9
2026-01-09 10:47:19,KOTA,Clear,0.1,9.22,1.3,29.1,85.2
2026-02-04 20:59:53,KOTA,Clear,0.21,7.94,1.2,20.9,85.2
2026-06-10 13:56:07,KOTA,Rain,0.18,6.84,1.0,8.5,79.7
2026-04-07 09:28:21,KOTA,Rain,0.08,8.53,21.0,32.0,80.6
2026-05-19 19:23:49,KOTA,Clear,0.16,8.69,0.2,27.1,65.2
2026-01-06 23:16:41,KOTA,Clear,0.48,5.29,0.9,36.0,74.2
2026-03-26 22:10:00,KOTA,Clear,0.12,8.77,1.1,21.2,70.5
2026-05-06 04:15:17,KOTA,Clear,0.43,5.91,1.1,28.2,27.4
2026-01-28 11:36:18,KOTA,Clear,0.31,7.56,1.0,27.8,30.2
2026-01-28 18:11:13,KOTA,Clear,0.24,8.44,0.2,13.8,55.8
2026-04-18 06:18:49,KOTA,Cloudy,0.52,5.34,1.1,34.5,53.6
2026-05-04 22:15:55,KOTA,Clear,0.24,7.69,0.7,21.0,38.3
2026-05-16 07:02:44,KOTA,Rain,0.27,6.39,5.1,23.3,76.7
2026-03-31 00:58:13,KOTA,Clear,0.34,7.12,0.8,23.6,56.2
2026-03-07 01:50:53,KOTA,Cloudy,0.22,8.04,0.7,18.3,53.9
2026-02-09 10:50:59,KOTA,Cloudy,0.37,7.67,0.5,35.5,66.4
2026-04-25 02:03:30,KOTA,Clear,0.74,3.79,0.7,25.2,84.6
2026-01-10 00:17:57,KOTA,Clear,0.37,6.57,0.9,16.9,64.1
2026-03-19 08:34:40,KOTA,Cloudy,0.46,6.73,0.9,24.1,83.4
2026-03-21 02:52:01,KOTA,Clear,0.32,7.81,0.0,20.6,68.0
2026-01-11 17:46:18,KOTA,Cloudy,0.37,7.32,1.3,25.7,74.4
2026-03-18 10:38:23,KOTA,Fog,0.61,4.47,1.4,33.2,65.4
2026-01-19 23:21:21,KOTA,Clear,0.19,8.27,0.5,25.8,99.4
2026-06-23 19:19:48,KOTA,Clear,0.14,8.45,1.1,21.1,61.3
2026-02-07 02:58:17,KOTA,Rain,0.5,5.4,9.1,25.9,92.3
2026-04-17 14:16:29,KOTA,Cloudy,0.27,8.17,1.1,18.0,52.8
2026-04-12 21:34:54,KOTA,Clear,0.31,7.45,0.7,26.1,48.3
2026-01-28 00:20:08,KOTA,Fog,0.5,6.43,0.9,25.2,66.8
2026-03-29 03:30:45,KOTA,Clear,0.05,8.64,0.0,33.9,70.5
2026-05-18 05:35:47,KOTA,Clear,0.39,7.29,0.8,22.0,65.3
2026-02-16 15:25:45,KOTA,Clear,0.23,8.34,0.8,32.8,58.1
2026-01-03 02:22:35,KOTA,Rain,0.07,8.64,8.0,21.6,45.6
2026-05-01 05:02:16,KOTA,Cloudy,0.5,6.23,1.4,34.0,72.2
2026-03-12 02:12:03,KOTA,Clear,0.13,9.25,1.0,27.2,48.5
2026-01-12 02:35:36,KOTA,Clear,0.44,6.75,1.2,31.9,58.6
2026-01-06 04:02:03,KOTA,Clear,0.14,9.76,1.2,12.9,41.2
2026-03-10 11:18:32,KOTA,Rain,0.39,5.58,12.4,16.1,89.0
2026-04-03 13:12:15,KOTA,Clear,0.61,4.77,0.1,17.9,92.1
2026-06-22 18:39:04,KOTA,Clear,0.03,9.19,1.4,25.6,78.7
2026-01-08 13:10:17,KOTA,Clear,0.27,7.26,1.5,15.4,97.9
2026-01-24 02:50:35,KOTA,Cloudy,0.38,6.26,1.1,24.6,40.0
2026-02-16 22:04:46,KOTA,Fog,0.48,6.63,1.3,11.3,98.5
2026-06-03 18:38:32,KOTA,Clear,0.13,9.97,0.0,20.0,52.1
2026-02-24 22:32:10,KOTA,Clear,0.4,6.88,1.4,34.9,62.2
2026-03-27 21:24:27,KOTA,Clear,0.15,8.62,1.4,19.1,90.6
2026-03-16 05:27:16,KOTA,Cloudy,0.07,9.95,0.4,26.4,69.3
2026-03-17 14:52:13,KOTA,Clear,0.58,5.5,1.3,38.2,89.4
2026-05-06 15:30:47,KOTA,Clear,0.41,6.32,1.5,18.3,87.7
2026-01-31 23:38:23,KOTA,Clear,0.55,5.85,0.4,21.1,48.9
2026-04-07 22:24:02,KOTA,Cloudy,0.05,9.74,0.5,17.4,39.7
2026-05-05 02:08:50,KOTA,Clear,0.17,8.6,1.1,37.3,59.2
2026-01-07 15:50:39,KOTA,Clear,0.35,6.81,0.9,14.1,61.7
2026-02-16 13:53:46,KOTA,Clear,0.56,5.36,1.1,34.3,87.9
2026-04-05 10:35:15,KOTA,Cloudy,0.48,5.83,0.2,18.6,64.9
2026-02-09 01:24:12,KOTA,Rain,0.3,6.06,7.6,24.2,61.9
2026-02-15 05:20:42,KOTA,Clear,0.05,9.46,0.1,31.4,42.7
2026-05-09 02:43:51,KOTA,Rain,0.33,6.43,11.4,43.5,54.6
2026-02-14 11:14:03,KOTA,Rain,0.14,7.07,7.1,35.9,91.1
2026-04-03 19:23:10,KOTA,Clear,0.26,8.55,0.2,13.1,42.9
2026-06-24 11:46:14,KOTA,Clear,0.22,8.79,0.6,20.0,84.2
2026-06-10 19:29:08,KOTA,Rain,0.35,6.16,11.2,23.0,85.7
2026-03-22 06:21:11,KOTA,Cloudy,0.03,9.78,0.9,23.1,45.5
2026-06-13 14:27:45,KOTA,Clear,0.12,9.14,1.2,15.8,70.6
2026-01-03 12:06:51,KOTA,Fog,0.44,6.01,0.4,14.9,56.8
2026-01-02 07:12:28,KOTA,Clear,0.04,9.48,0.5,27.2,41.5
2026-06-08 04:43:28,KOTA,Clear,0.2,7.87,0.2,26.2,51.4
2026-06-11 23:53:22,KOTA,Clear,0.49,6.01,0.2,13.5,78.6
2026-05-07 11:34:39,KOTA,Clear,0.18,8.21,1.2,13.0,64.8
2026-01-13 10:54:52,KOTA,Clear,0.26,8.16,0.5,34.1,69.5
2026-01-10 18:55:32,KOTA,Clear,0.41,6.93,0.4,32.2,45.0
2026-03-23 00:12:44,KOTA,Rain,0.42,5.28,10.2,28.0,61.2
2026-06-24 03:04:36,KOTA,Fog,0.63,4.04,0.6,17.1,70.4
2026-06-25 19:10:09,KOTA,Clear,0.29,7.44,1.1,24.3,90.2
2026-05-01 16:09:59,KOTA,Clear,0.7,4.63,1.4,26.6,75.4
2026-05-17 07:42:21,KOTA,Rain,0.45,5.29,10.3,28.3,59.1
2026-03-20 13:06:32,KOTA,Cloudy,0.49,6.21,0.9,32.2,56.7
2026-05-02 18:46:58,KOTA,Clear,0.76,3.62,0.2,21.9,72.3
2026-03-10 16:58:17,KOTA,Clear,0.1,9.3,1.3,33.1,69.7
2026-03-06 04:59:57,KOTA,Clear,0.14,8.15,0.7,21.4,81.5
2026-04-01 04:43:29,KOTA,Clear,0.08,9.79,0.1,39.2,61.5
2026-03-24 08:41:36,KOTA,Clear,0.45,6.42,0.4,29.6,78.7
2026-01-10 11:14:35,KOTA,Clear,0.19,8.59,0.7,17.9,77.3
2026-04-26 07:46:01,KOTA,Clear,0.08,9.67,0.7,25.2,100.0
2026-05-28 08:14:44,KOTA,Clear,0.49,5.77,0.4,14.9,61.2
2026-05-01 18:00:17,KOTA,Clear,0.32,7.14,0.1,26.5,74.6
2026-04-24 00:46:51,KOTA,Clear,0.6,4.29,0.1,26.7,79.6
2026-04-27 18:57:41,KOTA,Fog,0.68,3.4,1.0,21.5,82.7
2026-01-14 03:22:03,KOTA,Fog,0.96,2.03,0.8,25.7,52.8
2026-01-14 11:28:11,KOTA,Cloudy,0.42,5.88,0.1,12.4,100.0
2026-03-25 15:01:27,KOTA,Cloudy,0.3,7.61,0.4,12.8,64.8
2026-01-03 14:17:38,KOTA,Clear,0.23,7.15,0.3,27.0,68.7
2026-06-16 22:49:35,KOTA,Cloudy,0.25,7.72,0.8,30.0,88.4
2026-01-13 00:14:33,KOTA,Rain,0.34,6.54,3.6,13.8,64.3
2026-02-21 20:51:29,KOTA,Cloudy,0.42,5.51,0.3,26.1,88.1
2026-03-05 17:50:00,KOTA,Clear,0.18,8.53,1.0,21.7,48.6
2026-03-02 02:34:07,KOTA,Fog,0.43,6.59,0.2,24.9,53.8
2026-05-05 05:47:41,KOTA,Cloudy,0.12,9.14,0.3,18.2,77.0
2026-06-04 14:41:51,KOTA,Cloudy,0.25,7.92,1.5,26.8,64.9
2026-02-25 13:48:22,KOTA,Clear,0.55,5.84,1.0,22.2,96.1
2026-01-30 08:26:16,KOTA,Cloudy,0.47,5.49,0.1,19.0,63.0
2026-01-31 09:11:49,KOTA,Fog,0.64,4.61,0.5,15.4,66.2
2026-06-16 00:44:13,KOTA,Clear,0.18,8.27,0.0,22.1,45.5
2026-02-16 22:49:29,KOTA,Fog,0.39,7.0,1.0,21.1,54.6
2026-02-19 18:13:28,KOTA,Clear,0.43,6.22,0.1,28.7,30.1
2026-01-24 01:39:33,KOTA,Clear,0.27,7.72,0.3,19.6,41.1
2026-06-16 09:41:56,KOTA,Cloudy,0.2,8.03,0.9,3.5,69.1
2026-01-11 04:42:36,KOTA,Clear,0.48,5.63,0.3,21.0,71.7
2026-06-09 19:30:32,KOTA,Clear,0.39,6.38,0.9,26.1,66.7
2026-01-18 23:06:34,KOTA,Cloudy,0.74,3.55,0.7,28.9,73.5
2026-02-13 22:09:41,KOTA,Cloudy,0.26,8.29,0.1,4.1,65.9
2026-03-23 16:46:29,KOTA,Clear,0.09,9.47,0.2,34.4,100.0
2026-06-07 01:00:29,KOTA,Rain,0.07,7.78,2.4,30.6,76.8
2026-06-26 14:31:39,KOTA,Rain,0.09,8.2,6.6,28.4,77.7
2026-01-08 01:51:11,KOTA,Cloudy,0.4,6.74,0.6,20.5,58.1
2026-01-25 13:29:30,KOTA,Clear,0.63,5.18,1.4,19.3,53.2
2026-06-22 00:44:07,KOTA,Clear,0.48,5.8,0.1,24.0,60.4
2026-02-25 23:46:23,KOTA,Cloudy,0.51,5.97,0.3,21.5,61.1
2026-01-04 15:08:01,KOTA,Clear,0.11,9.4,0.4,11.2,84.9
2026-05-21 08:24:43,KOTA,Clear,0.31,7.48,0.9,29.5,39.2
2026-04-24 11:28:10,KOTA,Clear,0.54,4.36,1.5,25.9,61.5
2026-01-10 00:05:33,KOTA,Clear,0.32,8.37,0.6,17.0,68.9
2026-02-11 07:41:43,KOTA,Clear,0.35,7.52,1.2,27.2,58.3
2026-02-18 23:50:09,KOTA,Clear,0.38,6.92,0.5,19.5,80.9
2026-03-24 03:29:41,KOTA,Clear,0.04,9.68,0.9,32.2,81.5
2026-04-16 16:36:46,KOTA,Clear,0.21,8.66,1.3,17.8,77.6
2026-04-14 16:17:39,KOTA,Clear,0.39,6.35,0.1,22.3,79.3
2026-04-30 05:33:28,KOTA,Rain,0.33,5.63,13.8,11.7,55.3
2026-05-23 12:32:38,KOTA,Clear,0.24,8.5,0.5,11.5,79.2
2026-05-25 19:30:15,KOTA,Fog,0.56,5.65,0.7,28.9,94.7
2026-04-29 14:44:18,KOTA,Clear,0.26,7.49,0.6,25.9,59.3
2026-06-04 20:57:40,KOTA,Cloudy,0.16,8.47,0.7,21.6,81.4
2026-05-31 00:53:43,KOTA,Clear,0.27,7.84,1.0,26.7,61.7
2026-05-31 12:40:22,KOTA,Fog,0.72,3.92,1.0,24.2,66.8
2026-06-05 19:28:36,KOTA,Rain,0.02,8.92,4.7,26.6,82.2
2026-01-16 10:59:11,KOTA,Clear,0.1,8.88,0.2,26.4,49.1
2026-02-13 10:02:45,KOTA,Clear,0.34,7.9,1.3,19.8,44.6
2026-06-05 23:08:44,KOTA,Rain,0.36,5.99,9.9,10.8,84.9
2026-04-11 23:52:00,KOTA,Rain,0.05,8.4,2.5,25.7,56.9
2026-05-02 10:46:07,KOTA,Clear,0.18,8.4,0.3,26.0,75.6
2026-06-30 16:49:52,KOTA,Clear,0.33,7.55,1.5,29.2,100.0
2026-04-13 00:26:19,KOTA,Fog,0.44,6.14,0.0,14.9,66.5
2026-01-23 09:26:59,KOTA,Clear,0.57,5.0,0.7,26.1,94.0
2026-05-21 15:26:59,KOTA,Clear,0.08,9.14,0.8,11.5,54.1
2026-05-05 01:49:57,KOTA,Clear,0.18,8.0,0.8,12.2,41.9
2026-05-28 13:12:25,KOTA,Rain,0.23,6.96,3.8,19.3,80.0
2026-05-12 12:38:42,KOTA,Clear,0.04,9.94,1.2,17.8,84.4
2026-05-30 17:37:54,KOTA,Rain,0.27,6.56,2.8,20.9,84.8
2026-05-21 20:56:27,KOTA,Cloudy,0.59,4.14,1.3,29.4,52.8
2026-03-13 11:08:24,KOTA,Clear,0.14,8.81,1.2,18.3,56.8
2026-06-08 17:58:33,KOTA,Clear,0.16,8.81,1.2,24.9,81.9
2026-01-14 04:04:26,KOTA,Clear,0.26,7.19,1.3,6.5,46.9
2026-01-26 02:53:18,KOTA,Clear,0.32,7.28,0.4,28.9,90.2
2026-04-27 02:20:57,KOTA,Clear,0.12,9.5,0.2,30.1,64.3
2026-05-13 09:19:54,KOTA,Cloudy,0.5,6.66,1.0,30.5,85.4
2026-04-04 04:17:44,KOTA,Clear,0.48,5.88,0.1,21.6,69.2
2026-04-05 11:52:48,KOTA,Clear,0.29,7.23,0.6,27.2,65.2
2026-04-03 18:47:48,KOTA,Cloudy,0.19,7.64,0.9,24.3,33.4
2026-02-02 04:03:20,KOTA,Clear,0.4,6.81,1.0,23.3,62.9
2026-02-03 06:08:54,KOTA,Clear,0.11,8.71,1.0,20.2,62.7
2026-06-21 13:03:46,KOTA,Clear,0.11,8.9,0.2,29.1,75.2
2026-05-11 03:47:27,KOTA,Fog,0.84,2.76,1.4,30.1,71.0
2026-03-14 14:09:55,KOTA,Clear,0.35,7.26,0.8,15.8,100.0
2026-03-19 08:23:50,KOTA,Clear,0.06,8.75,1.3,28.8,56.9
2026-05-10 16:50:46,KOTA,Cloudy,0.28,8.1,0.6,17.2,72.1
2026-02-08 23:05:59,KOTA,Clear,0.49,5.39,0.2,22.8,93.1
2026-01-31 09:49:19,KOTA,Clear,0.06,9.63,1.2,30.1,20.0
2026-06-02 13:22:18,KOTA,Rain,0.12,8.19,9.5,20.5,60.5
2026-04-15 02:37:53,KOTA,Clear,0.31,6.7,1.3,18.2,61.8
2026-04-27 15:05:55,KOTA,Clear,0.3,7.32,0.8,22.9,62.0
2026-01-27 19:56:39,KOTA,Cloudy,0.57,5.36,0.0,30.9,77.1
2026-04-20 05:13:05,KOTA,Clear,0.18,7.55,0.5,41.8,50.0
2026-02-21 12:04:30,KOTA,Rain,0.43,4.68,9.2,22.8,37.6
2026-05-08 08:33:50,KOTA,Clear,0.38,6.64,0.5,18.0,47.8
2026-01-22 00:45:04,KOTA,Clear,0.23,8.53,0.6,29.6,80.6
2026-01-01 19:55:45,KOTA,Clear,0.11,8.87,0.3,40.3,43.7
2026-06-23 10:23:13,KOTA,Clear,0.39,6.67,0.1,36.5,95.0
2026-02-14 08:28:34,KOTA,Fog,0.89,2.3,1.1,23.6,52.0
2026-02-18 03:08:22,KOTA,Clear,0.33,7.34,0.8,29.0,49.9
2026-03-03 10:41:20,KOTA,Clear,0.72,4.45,1.1,18.0,94.0
2026-05-03 07:21:59,KOTA,Clear,0.27,7.62,0.0,26.4,59.2
2026-02-20 10:39:11,KOTA,Rain,0.23,7.04,3.4,24.1,64.0
2026-02-01 16:16:08,KOTA,Clear,0.26,7.25,0.9,23.7,62.5
2026-01-28 08:52:03,KOTA,Cloudy,0.13,9.16,0.1,20.5,66.0
2026-02-05 16:04:25,KOTA,Rain,0.14,7.83,18.1,15.7,100.0
2026-06-17 09:08:32,KOTA,Rain,0.22,7.2,8.7,18.4,100.0
2026-04-20 21:13:38,KOTA,Clear,0.56,5.04,0.8,22.2,74.3
2026-01-07 08:05:33,KOTA,Rain,0.33,5.53,16.0,37.9,100.0
2026-03-27 11:27:49,KOTA,Clear,0.45,6.53,0.8,16.3,100.0
2026-05-09 19:02:25,KOTA,Cloudy,0.17,8.55,0.4,21.3,70.1
2026-06-26 21:57:10,KOTA,Rain,0.72,2.32,9.6,30.4,63.9
2026-04-24 12:34:07,KOTA,Clear,0.22,8.62,0.7,32.8,78.0
2026-03-10 21:31:24,KOTA,Rain,0.59,3.9,6.0,30.0,56.8
2026-03-18 03:53:16,KOTA,Clear,0.2,9.08,0.9,25.2,53.1
2026-04-27 05:10:28,KOTA,Clear,0.48,6.43,0.6,12.0,94.5
2026-03-24 22:16:21,KOTA,Clear,0.66,4.51,0.3,25.4,97.4
2026-04-14 08:41:26,KOTA,Clear,0.23,8.11,0.9,26.1,71.2
2026-05-06 23:02:13,KOTA,Rain,0.65,2.35,6.0,17.2,61.7
2026-02-04 08:37:41,KOTA,Rain,0.24,6.73,2.3,24.1,71.2
2026-01-13 07:59:55,KOTA,Fog,0.53,4.7,0.9,25.8,88.8
2026-04-20 20:25:26,KOTA,Fog,0.66,4.65,0.8,19.0,53.2
2026-03-05 17:59:31,KOTA,Clear,0.69,4.84,1.2,13.2,57.4
2026-06-10 04:05:13,KOTA,Clear,0.47,5.66,0.9,16.9,59.4
2026-06-06 11:50:55,KOTA,Clear,0.34,6.88,0.4,21.0,55.4
2026-03-15 15:42:04,KOTA,Cloudy,0.6,4.81,0.0,16.8,53.2
2026-05-09 20:23:44,KOTA,Clear,0.64,3.55,0.4,22.1,82.5
2026-01-11 02:48:21,KOTA,Clear,0.16,8.78,0.8,19.4,84.0
2026-02-01 20:03:56,KOTA,Clear,0.4,6.82,1.1,25.6,34.4
2026-03-25 10:46:48,KOTA,Fog,0.57,5.59,1.2,5.7,100.0
2026-01-11 02:53:21,KOTA,Clear,0.16,9.28,1.3,32.5,100.0
2026-02-06 22:49:16,KOTA,Clear,0.33,7.7,0.9,13.9,91.3
2026-01-01 19:57:35,KOTA,Cloudy,0.6,5.41,0.1,16.8,95.0
2026-01-23 13:39:19,KOTA,Fog,0.55,5.5,1.1,18.2,58.6
2026-02-21 02:55:55,KOTA,Cloudy,0.15,8.74,0.7,15.5,57.5
2026-05-26 09:31:26,KOTA,Clear,0.21,8.4,1.0,24.5,40.8
2026-03-08 05:49:11,KOTA,Clear,0.19,8.19,0.0,23.1,90.1
2026-05-06 14:02:50,KOTA,Cloudy,0.15,8.68,1.3,16.3,94.4
2026-04-17 15:11:09,KOTA,Cloudy,0.31,7.41,0.9,20.4,54.2
2026-02-03 00:46:13,KOTA,Clear,0.08,9.7,0.7,19.8,20.0
2026-03-20 08:40:57,KOTA,Cloudy,0.36,6.92,0.6,22.1,93.0
2026-05-25 04:01:51,KOTA,Cloudy,0.18,8.58,0.2,0.8,89.5
2026-01-20 18:06:28,KOTA,Rain,0.21,6.14,10.1,30.1,68.5
2026-06-03 15:15:01,KOTA,Cloudy,0.15,9.76,0.7,12.9,47.5
2026-04-28 11:31:39,KOTA,Clear,0.32,8.35,0.5,27.1,22.4
2026-06-22 23:16:29,KOTA,Rain,0.35,5.54,6.5,16.0,100.0
2026-01-10 22:15:58,KOTA,Clear,0.41,6.35,0.3,32.3,43.5
2026-01-26 18:49:48,KOTA,Cloudy,0.47,5.85,0.5,7.4,97.5
2026-04-04 18:52:24,KOTA,Clear,0.07,9.74,0.6,27.6,21.1
2026-05-09 15:54:48,KOTA,Clear,0.15,8.73,1.1,8.7,85.4
2026-03-01 09:50:15,KOTA,Clear,0.23,8.77,0.1,15.5,57.1
2026-03-25 20:21:28,KOTA,Clear,0.48,6.49,1.1,26.5,69.6
2026-06-24 20:15:11,KOTA,Fog,0.74,3.49,1.2,22.6,53.0
2026-04-03 17:31:27,KOTA,Clear,0.39,6.41,0.3,23.5,66.9
2026-03-02 17:31:05,KOTA,Rain,0.12,8.58,2.2,20.4,39.6
2026-05-15 05:24:21,KOTA,Clear,0.31,7.83,0.8,31.4,74.2
2026-02-25 07:54:43,KOTA,Rain,0.32,5.9,14.0,12.1,62.0
2026-03-31 21:18:46,KOTA,Rain,0.49,4.91,10.7,32.2,80.9
2026-05-18 11:37:24,KOTA,Fog,0.74,3.27,0.5,31.8,60.1
2026-05-31 19:26:36,KOTA,Clear,0.5,5.97,0.4,10.8,66.6
2026-05-07 00:30:26,KOTA,Cloudy,0.37,6.62,1.5,18.4,100.0
2026-06-30 08:46:16,KOTA,Clear,0.25,7.67,0.5,4.8,57.5
2026-01-15 23:29:11,KOTA,Cloudy,0.51,6.68,0.3,39.8,61.8
2026-05-03 23:34:04,KOTA,Clear,0.47,5.31,0.8,22.8,92.5
2026-03-09 06:50:44,KOTA,Rain,0.2,7.17,6.9,18.8,100.0
2026-04-29 13:19:17,KOTA,Clear,0.16,7.72,0.9,20.8,53.9
2026-01-22 02:30:30,KOTA,Fog,0.96,1.78,0.9,34.0,51.1
2026-03-07 10:31:26,KOTA,Rain,0.16,7.63,8.7,19.0,81.3
2026-05-22 16:09:50,KOTA,Cloudy,0.21,8.46,1.3,16.1,48.9
2026-01-31 14:15:29,KOTA,Clear,0.34,7.2,1.4,12.2,73.5
2026-02-13 05:19:33,KOTA,Rain,0.35,6.43,7.0,26.4,47.8
2026-04-21 00:48:09,KOTA,Cloudy,0.5,5.53,0.6,14.5,91.9
2026-03-26 19:45:19,KOTA,Clear,0.17,9.16,0.1,18.0,43.7
2026-02-03 08:40:08,KOTA,Clear,0.62,5.19,0.3,15.4,63.4
2026-03-25 17:32:58,KOTA,Rain,0.5,5.69,6.4,33.8,54.5
2026-02-21 13:32:03,KOTA,Clear,0.08,9.72,1.3,14.9,36.9
2026-03-21 10:17:16,KOTA,Clear,0.24,8.1,1.4,26.9,92.6
2026-04-26 11:16:59,KOTA,Clear,0.38,6.64,1.0,9.1,29.4
2026-06-02 16:06:17,KOTA,Clear,0.54,5.2,0.4,38.0,66.8
2026-04-16 05:19:17,KOTA,Cloudy,0.23,7.79,0.7,29.7,58.3
2026-03-27 19:49:52,KOTA,Clear,0.37,6.27,0.3,22.9,76.4
2026-03-19 03:41:29,KOTA,Clear,0.25,7.54,1.2,38.3,88.8
2026-05-09 03:25:52,KOTA,Clear,0.3,6.91,1.3,19.2,68.2
2026-01-11 10:42:58,KOTA,Clear,0.15,9.64,0.6,19.3,38.2
