timestamp,current_station,weather,fog_index,visibility_km,rainfall_mm,temperature_c,humidity_percent
2026-06-26 14:50:26,LKO,Clear,0.31,7.39,0.7,20.7,71.0
2026-01-25 09:25:21,LKO,Clear,0.13,8.25,0.8,31.0,80.7
2026-01-01 06:25:51,LKO,Clear,0.23,7.97,1.0,29.0,50.5
2026-01-31 03:43:08,LKO,Rain,0.42,5.7,6.9,15.3,57.0
2026-05-29 12:06:12,LKO,Clear,0.33,8.14,1.4,15.1,59.6
2026-06-19 05:56:59,LKO,Clear,0.3,6.83,0.7,31.3,41.2
2026-04-09 01:06:36,LKO,Clear,0.56,5.61,0.4,29.3,72.4
2026-02-21 13:18:40,LKO,Clear,0.35,6.17,0.7,18.5,71.2
2026-05-18 18:27:22,LKO,Clear,0.3,7.01,0.6,22.0,100.0
2026-04-13 05:15:41,LKO,Fog,0.57,4.97,0.6,18.4,67.3
2026-01-31 12:15:26,LKO,Cloudy,0.2,8.25,0.2,25.1,38.1
2026-02-01 17:48:15,LKO,Clear,0.33,7.39,1.2,23.3,79.4
2026-06-23 04:42:05,LKO,Fog,0.41,6.35,1.1,21.8,87.4
2026-04-02 14:44:32,LKO,Clear,0.15,8.37,0.7,18.5,60.9
2026-03-26 11:48:35,LKO,Clear,0.04,10.17,0.5,36.9,67.2
2026-01-17 15:20:51,LKO,Cloudy,0.2,7.79,1.5,25.4,65.6
2026-06-29 00:28:12,LKO,Rain,0.01,9.63,2.6,12.8,66.0
2026-05-29 14:55:58,LKO,Cloudy,0.13,9.12,0.1,17.3,59.1
2026-04-21 00:38:55,LKO,Clear,0.64,5.04,0.7,28.9,89.6
2026-02-18 01:46:02,LKO,Rain,0.16,6.63,4.1,9.2,65.2
2026-04-20 08:13:11,LKO,Clear,0.1,9.19,0.5,13.6,76.1
2026-04-08 17:24:33,LKO,Rain,0.11,7.89,17.1,36.4,67.6
2026-02-09 23:00:44,LKO,Cloudy,0.17,8.78,0.8,11.1,77.2
2026-04-26 17:58:06,LKO,Cloudy,0.16,8.08,0.5,29.3,86.1
2026-06-17 08:31:33,LKO,Clear,0.58,4.06,1.4,30.5,77.1
2026-05-14 05:22:50,LKO,Cloudy,0.12,8.18,0.7,34.2,45.7
2026-03-15 15:59:03,LKO,Clear,0.45,5.91,0.9,34.0,70.5
2026-06-22 18:48:34,LKO,Clear,0.22,7.79,1.4,19.3,45.4
2026-05-18 18:29:29,LKO,Clear,0.6,5.22,1.3,27.0,81.6
2026-04-03 06:14:59,LKO,Clear,0.14,9.01,1.2,36.2,82.8
2026-01-20 11:12:12,LKO,Fog,0.5,5.42,1.4,25.2,100.0
2026-01-19 19:32:33,LKO,Clear,0.28,8.19,0.7,22.8,71.6
2026-04-18 02:17:24,LKO,Clear,0.32,7.61,0.8,20.2,89.2
2026-04-29 07:58:31,LKO,Cloudy,0.14,8.01,0.6,27.9,85.1
2026-06-29 10:04:03,LKO,Clear,0.3,6.89,1.1,21.9,60.4
2026-01-02 05:43:56,LKO,Fog,0.84,3.38,0.5,23.8,81.5
2026-02-26 23:33:20,LKO,Fog,0.5,5.36,1.2,26.3,69.5
2026-04-21 16:37:53,LKO,Clear,0.87,2.6,0.2,37.0,33.2
2026-01-27 23:49:28,LKO,Clear,0.47,6.37,0.3,27.6,79.0
2026-03-04 20:18:01,LKO,Clear,0.27,8.54,1.2,15.3,38.5
2026-04-18 05:21:26,LKO,Clear,0.23,8.77,0.7,28.6,79.7
2026-05-15 01:42:15,LKO,Clear,0.53,5.52,0.5,23.5,42.5
2026-01-27 11:01:11,LKO,Clear,0.58,5.21,1.4,15.3,66.7
2026-05-22 07:24:47,LKO,Clear,0.22,8.43,0.9,9.5,66.7
2026-02-04 20:18:14,LKO,Clear,0.45,6.44,0.1,27.3,64.1
2026-04-02 19:50:55,LKO,Clear,0.41,6.9,0.7,26.8,43.9
2026-01-28 10:45:18,LKO,Rain,0.37,6.01,9.4,17.4,50.4
2026-01-13 20:51:46,LKO,Rain,0.41,4.6,4.2,23.0,73.9
2026-01-29 14:02:30,LKO,Rain,0.73,2.79,4.0,23.7,55.4
2026-04-29 02:21:49,LKO,Clear,0.24,8.0,1.3,26.4,88.9
2026-05-26 13:10:31,LKO,Clear,0.42,5.72,0.1,31.3,69.8
2026-05-25 01:01:43,LKO,Cloudy,0.37,7.0,1.0,24.0,60.1
2026-06-04 21:46:39,LKO,Cloudy,0.22,8.04,0.7,27.1,63.7
2026-03-13 18:00:41,LKO,Clear,0.44,5.7,1.5,22.1,83.2
2026-06-15 19:42:16,LKO,Fog,0.58,6.0,0.2,13.8,100.0
2026-06-24 13:16:17,LKO,Clear,0.17,9.04,0.8,13.4,52.5
2026-03-11 08:13:48,LKO,Clear,0.25,7.53,1.1,21.4,53.3
2026-04-05 01:19:33,LKO,Cloudy,0.8,3.09,1.3,24.5,90.1
2026-02-03 12:23:24,LKO,Rain,0.51,4.0,3.3,31.5,54.2
2026-04-01 09:57:44,LKO,Clear,0.14,9.25,0.3,19.4,65.4
2026-03-13 00:18:26,LKO,Clear,0.18,8.79,1.2,3.8,85.2
2026-02-02 11:11:04,LKO,Clear,0.56,5.03,1.1,24.8,40.3
2026-01-23 16:38:51,LKO,Rain,0.28,6.62,4.5,28.5,41.8
2026-06-01 23:09:50,LKO,Clear,0.46,6.73,0.1,22.6,81.3
2026-02-22 15:58:36,LKO,Cloudy,0.26,7.99,0.9,24.6,100.0
2026-03-04 20:07:33,LKO,Clear,0.47,5.82,0.6,24.4,47.5
2026-04-03 03:40:44,LKO,Clear,0.36,6.98,0.3,30.3,83.8
2026-05-22 14:12:34,LKO,Clear,0.47,6.94,1.2,29.7,73.8
2026-04-18 13:03:17,LKO,Clear,0.26,7.84,1.2,29.0,72.8
2026-02-21 09:51:06,LKO,Rain,0.08,8.57,7.1,24.3,100.0
2026-06-04 01:30:42,LKO,Clear,0.2,8.57,0.3,21.5,78.9
2026-05-31 03:09:41,LKO,Rain,0.16,7.13,7.8,32.8,49.1
2026-06-25 09:59:20,LKO,Clear,0.39,7.16,0.4,11.4,67.6
2026-06-04 14:50:04,LKO,Cloudy,0.24,8.13,0.6,17.6,74.0
2026-01-16 02:58:56,LKO,Clear,0.09,9.51,1.2,12.7,50.0
2026-04-29 18:42:35,LKO,Clear,0.23,7.6,1.5,25.5,72.6
2026-06-22 14:22:14,LKO,Cloudy,0.14,8.8,1.1,23.9,86.5
2026-03-17 20:40:07,LKO,Cloudy,0.72,3.67,0.9,35.4,100.0
2026-03-28 21:30:33,LKO,Clear,0.26,8.01,0.1,15.9,75.9
2026-03-24 01:31:29,LKO,Clear,0.37,7.24,1.1,13.2,64.5
2026-05-22 17:55:34,LKO,Fog,0.86,2.43,0.7,12.0,82.4
2026-03-06 11:02:26,LKO,Clear,0.36,6.06,0.2,9.9,45.7
2026-03-30 09:50:51,LKO,Cloudy,0.26,8.18,0.8,27.5,41.8
2026-01-08 03:24:17,LKO,Cloudy,0.38,7.63,0.3,25.0,43.7
2026-02-08 07:13:54,LKO,Clear,0.42,6.58,0.7,19.6,66.6
2026-05-08 07:31:43,LKO,Clear,0.25,7.28,1.4,23.3,73.6
2026-03-17 08:42:36,LKO,Clear,0.32,7.63,0.3,16.5,80.9
2026-01-09 13:31:04,LKO,Fog,0.44,6.52,0.3,16.8,92.8
2026-02-09 20:00:35,LKO,Clear,0.31,7.31,0.1,27.9,50.1
2026-01-31 14:28:36,LKO,Clear,0.26,7.57,1.0,9.3,84.7
2026-02-02 19:51:36,LKO,Fog,0.92,2.21,0.9,15.5,100.0
2026-04-24 09:43:21,LKO,Clear,0.2,8.45,0.4,18.5,59.8
2026-06-30 21:53:03,LKO,Clear,0.17,8.57,0.8,22.1,96.9
2026-01-24 00:24:55,LKO,Rain,0.06,8.63,11.2,9.9,61.4
2026-06-26 10:08:13,LKO,Cloudy,0.32,6.97,1.0,17.8,70.5
2026-06-27 07:50:40,LKO,Clear,0.37,6.29,0.7,38.0,48.5
2026-06-28 04:23:53,LKO,Clear,0.26,7.15,1.1,24.0,63.1
2026-01-13 19:33:26,LKO,Cloudy,0.15,8.87,0.5,33.6,57.7
2026-04-06 18:10:22,LKO,Cloudy,0.08,9.54,0.7,17.4,36.3
2026-01-01 02:05:12,LKO,Cloudy,0.25,8.1,1.5,30.0,55.2
2026-04-17 15:01:45,LKO,Cloudy,0.26,7.55,0.8,25.2,86.7
2026-03-02 09:28:30,LKO,Clear,0.47,6.37,1.0,36.1,82.4
2026-04-27 02:03:05,LKO,Clear,0.09,9.08,1.0,41.7,90.6
2026-04-08 09:18:36,LKO,Clear,0.48,5.81,0.2,8.7,70.9
2026-06-19 13:46:05,LKO,Clear,0.08,9.28,0.1,31.1,46.6
2026-04-29 23:27:22,LKO,Clear,0.16,8.4,0.9,4.8,81.5
2026-01-05 20:42:50,LKO,Clear,0.15,8.95,0.1,31.0,59.4
2026-04-26 18:48:49,LKO,Rain,0.15,8.44,3.3,3.6,25.8
2026-05-18 13:58:17,LKO,Clear,0.25,7.93,0.2,34.0,100.0
2026-01-06 11:50:12,LKO,Cloudy,0.14,9.11,0.6,26.3,81.8
2026-06-25 15:16:22,LKO,Cloudy,0.34,6.58,0.1,32.6,44.8
2026-05-04 13:58:27,LKO,Clear,0.46,6.07,0.2,37.2,64.7
2026-05-30 11:45:20,LKO,Clear,0.63,5.59,0.4,23.4,40.3
2026-03-19 20:21:52,LKO,Cloudy,0.27,7.36,0.5,32.3,61.2
2026-01-08 09:11:35,LKO,Rain,0.46,4.81,15.9,25.6,36.8
2026-05-13 19:06:38,LKO,Cloudy,0.31,6.98,0.2,17.8,42.3
2026-05-02 21:49:13,LKO,Clear,0.1,9.96,1.4,34.2,54.5
2026-04-11 05:42:16,LKO,Clear,0.24,8.33,0.5,20.3,30.7
2026-01-14 22:12:17,LKO,Fog,0.51,5.83,0.2,29.9,73.7
2026-03-10 10:55:55,LKO,Clear,0.14,8.99,1.1,18.7,42.5
2026-03-05 15:10:01,LKO,Cloudy,0.18,9.2,0.4,12.0,76.1
2026-04-25 19:08:41,LKO,Fog,0.6,5.39,0.7,19.3,78.7
2026-03-14 10:06:14,LKO,Cloudy,0.29,7.73,0.9,27.6,61.9
2026-06-25 05:26:30,LKO,Clear,0.33,7.49,0.4,19.3,59.6
2026-04-05 17:33:28,LKO,Clear,0.27,7.98,0.6,35.8,69.7
2026-01-26 21:15:08,LKO,Fog,0.7,4.0,0.1,33.3,67.4
2026-05-03 07:36:30,LKO,Rain,0.29,6.45,1.5,29.7,70.9
2026-06-29 21:21:37,LKO,Rain,0.37,5.48,11.4,19.1,87.5
2026-05-10 14:10:02,LKO,Fog,0.68,3.78,0.6,27.2,82.5
2026-05-17 10:26:43,LKO,Cloudy,0.15,8.7,0.5,11.1,86.4
2026-03-17 15:10:33,LKO,Fog,0.59,4.57,1.1,16.1,100.0
2026-02-28 12:31:24,LKO,Rain,0.13,6.7,4.3,44.3,64.5
2026-01-03 10:39:28,LKO,Clear,0.08,9.79,0.1,32.8,70.2
2026-04-04 20:48:52,LKO,Rain,0.22,7.03,5.2,24.1,77.3
2026-06-04 20:55:54,LKO,Fog,0.56,5.5,0.7,17.0,97.3
2026-02-04 21:21:24,LKO,Cloudy,0.33,7.63,0.7,16.7,37.8
2026-02-08 13:13:58,LKO,Clear,0.37,6.23,1.1,1.3,66.2
2026-04-13 07:05:41,LKO,Clear,0.32,7.1,0.2,21.2,48.0
2026-05-25 09:17:54,LKO,Cloudy,0.27,7.73,0.2,13.5,65.1
2026-03-24 19:47:43,LKO,Clear,0.15,8.67,1.2,21.6,80.4
2026-04-09 12:23:33,LKO,Fog,0.58,4.55,0.1,7.2,72.6
2026-03-20 08:37:35,LKO,Rain,0.51,4.7,2.7,15.2,85.3
2026-06-11 03:15:48,LKO,Rain,0.27,6.73,8.9,19.7,58.4
2026-03-19 07:17:30,LKO,Cloudy,0.26,8.23,0.2,22.2,83.9
2026-02-25 08:59:56,LKO,Fog,0.87,3.11,0.7,13.6,100.0
2026-06-07 19:45:11,LKO,Clear,0.43,6.02,0.1,14.2,70.4
2026-06-05 00:46:33,LKO,Rain,0.62,3.09,6.9,15.1,100.0
2026-05-19 10:53:55,LKO,Rain,0.32,6.3,6.8,27.6,64.8
2026-01-23 14:57:39,LKO,Cloudy,0.48,5.84,1.0,25.4,81.7
2026-01-21 22:08:03,LKO,Clear,0.21,8.58,1.5,19.7,57.0
2026-06-23 02:36:27,LKO,Clear,0.73,3.82,1.4,21.8,69.7
2026-02-06 05:57:52,LKO,Clear,0.24,7.61,0.5,30.8,42.7
2026-05-18 11:08:27,LKO,Fog,0.71,3.89,1.0,34.1,89.4
2026-01-23 00:17:34,LKO,Cloudy,0.08,9.17,0.7,32.7,20.0
2026-06-22 16:55:45,LKO,Clear,0.18,8.16,0.7,28.2,77.7
2026-03-20 08:32:25,LKO,Clear,0.45,6.46,0.8,7.1,71.1
2026-05-12 09:59:39,LKO,Cloudy,0.21,8.55,1.0,20.4,82.8
2026-01-13 17:44:32,LKO,Clear,0.21,8.03,0.9,21.0,48.6
2026-05-07 01:02:46,LKO,Clear,0.06,9.4,1.0,36.3,69.9
2026-04-25 20:58:30,LKO,Cloudy,0.09,8.87,1.4,21.8,77.0
2026-05-12 05:46:01,LKO,Fog,0.6,5.01,0.3,24.3,61.6
2026-02-12 18:49:26,LKO,Clear,0.35,6.55,0.9,9.2,88.8
2026-02-16 21:14:57,LKO,Cloudy,0.16,8.01,1.3,27.9,73.6
2026-02-09 05:19:22,LKO,Fog,0.54,5.44,1.1,30.9,81.7
2026-04-24 12:55:19,LKO,Fog,1.0,2.19,0.3,14.2,100.0
2026-05-09 16:57:44,LKO,Clear,0.27,7.22,0.3,5.5,100.0
2026-06-19 19:12:04,LKO,Cloudy,0.36,6.48,0.7,23.1,55.0
2026-02-05 15:54:56,LKO,Clear,0.09,9.27,1.0,26.6,29.5
2026-02-25 10:19:29,LKO,Clear,0.17,7.74,0.2,22.9,58.5
2026-01-07 07:19:21,LKO,Clear,0.48,5.26,0.1,22.3,68.6
2026-03-24 13:01:34,LKO,Clear,0.08,9.22,1.3,23.6,70.9
2026-04-08 15:36:16,LKO,Clear,0.18,8.13,0.8,19.9,36.8
2026-03-05 06:31:53,LKO,Clear,0.2,8.8,1.1,8.4,61.5
2026-03-08 06:23:29,LKO,Cloudy,0.43,5.62,1.1,27.3,93.8
2026-06-18 16:44:50,LKO,Cloudy,0.19,8.93,0.2,20.4,68.9
2026-02-23 01:55:50,LKO,Clear,0.39,6.9,1.1,37.3,88.5
2026-03-04 09:40:01,LKO,Cloudy,0.45,6.83,1.2,12.7,62.9
2026-02-18 22:39:25,LKO,Fog,0.59,4.89,1.2,33.5,78.1
2026-02-09 04:51:13,LKO,Clear,0.06,9.1,0.0,24.0,62.3
2026-02-18 15:58:17,LKO,Cloudy,0.14,8.34,0.6,27.1,58.1
2026-01-15 05:27:24,LKO,Cloudy,0.25,8.06,0.8,9.4,77.1
2026-03-10 15:12:46,LKO,Clear,0.2,8.78,0.0,26.6,67.4
2026-04-13 17:45:22,LKO,Cloudy,0.32,7.32,0.6,30.0,60.1
2026-01-01 19:18:07,LKO,Clear,0.5,6.65,0.7,14.0,53.3
2026-04-08 01:48:46,LKO,Rain,0.1,7.7,9.0,16.2,61.6
2026-01-12 17:40:01,LKO,Clear,0.09,9.48,0.1,11.7,55.3
2026-04-13 03:11:05,LKO,Cloudy,0.25,8.28,0.5,38.3,55.7
2026-06-23 07:49:46,LKO,Clear,0.57,5.41,1.2,36.2,60.2
2026-06-20 23:25:18,LKO,Clear,0.58,5.5,1.0,20.2,67.2
2026-04-18 03:08:53,LKO,Clear,0.42,6.74,0.2,19.1,91.2
2026-03-13 01:14:47,LKO,Cloudy,0.44,6.07,1.4,23.7,66.0
2026-02-18 13:38:13,LKO,Clear,0.04,10.34,0.3,16.3,66.3
2026-03-12 06:37:54,LKO,Clear,0.26,8.16,1.4,7.8,31.4
2026-05-24 10:30:03,LKO,Clear,0.34,7.04,0.7,35.2,44.3
2026-03-26 16:39:14,LKO,Clear,0.37,6.55,0.8,35.6,74.8
2026-04-06 07:03:35,LKO,Cloudy,0.14,8.25,0.2,27.0,94.5
2026-01-12 01:13:55,LKO,Clear,0.45,6.27,0.2,25.9,55.6
2026-03-08 02:57:56,LKO,Cloudy,0.13,8.84,0.5,-2.2,52.9
2026-01-31 06:23:57,LKO,Clear,0.17,7.76,0.3,20.2,49.9
2026-02-27 00:47:38,LKO,Clear,0.24,8.21,1.4,19.3,70.8
2026-06-23 08:36:57,LKO,Cloudy,0.16,9.35,0.4,-3.4,47.6
2026-05-10 15:05:15,LKO,Clear,0.16,9.03,0.2,18.9,82.5
2026-05-18 22:35:22,LKO,Clear,0.41,6.29,1.4,6.7,51.8
2026-03-21 08:06:41,LKO,Clear,0.24,7.28,0.8,28.1,98.5
2026-02-12 18:00:03,LKO,Rain,0.35,6.24,6.2,34.8,78.9
2026-04-03 13:52:52,LKO,Clear,0.28,7.74,1.4,18.0,60.4
2026-01-15 15:58:05,LKO,Clear,0.13,9.54,0.0,13.8,64.9
2026-04-29 20:33:41,LKO,Clear,0.06,9.27,1.4,22.0,46.0
2026-03-01 11:59:55,LKO,Rain,0.34,6.16,3.7,11.6,76.0
2026-05-30 16:14:17,LKO,Cloudy,0.23,8.04,0.6,28.7,75.6
2026-04-16 23:23:59,LKO,Clear,0.19,8.53,0.2,30.9,67.8
2026-06-12 21:54:17,LKO,Clear,0.63,4.72,1.2,29.8,67.0
2026-01-13 21:01:48,LKO,Clear,0.28,7.42,0.4,23.0,52.0
2026-04-09 22:04:18,LKO,Clear,0.2,8.92,0.7,20.7,80.5
2026-04-01 23:44:41,LKO,Rain,0.41,5.27,3.7,17.2,42.8
2026-02-23 01:12:29,LKO,Clear,0.02,9.94,0.1,22.2,41.8
2026-05-26 10:22:25,LKO,Cloudy,0.07,9.6,0.5,31.8,87.0
2026-04-24 06:49:40,LKO,Clear,0.54,5.68,0.8,33.9,78.6
2026-02-16 11:05:04,LKO,Cloudy,0.18,8.74,0.9,19.8,66.3
2026-02-20 05:15:57,LKO,Cloudy,0.11,9.4,1.5,24.0,53.3
2026-06-21 00:35:40,LKO,Clear,0.1,9.61,0.5,28.3,34.2
2026-04-06 08:36:14,LKO,Clear,0.4,7.14,0.2,26.4,65.9
2026-05-02 06:52:42,LKO,Rain,0.12,8.32,9.0,4.7,44.3
2026-06-12 06:32:30,LKO,Rain,0.25,7.15,15.0,4.5,49.8
2026-01-27 03:32:10,LKO,Clear,0.44,6.24,1.3,16.2,56.7
2026-05-17 12:12:54,LKO,Cloudy,0.32,7.17,0.1,15.0,100.0
2026-04-22 05:05:12,LKO,Clear,0.1,9.21,0.1,22.8,46.4
2026-01-02 12:23:07,LKO,Clear,0.17,8.5,1.4,27.6,55.9
2026-02-26 00:39:59,LKO,Cloudy,0.47,6.13,0.7,17.7,100.0
2026-06-14 09:57:18,LKO,Clear,0.25,7.33,0.8,16.6,87.5
2026-05-16 15:37:46,LKO,Clear,0.18,7.77,0.4,33.8,76.3
2026-06-25 15:22:28,LKO,Cloudy,0.62,5.58,1.3,29.2,88.0
2026-04-01 02:11:26,LKO,Fog,0.58,4.53,0.3,15.2,62.3
2026-06-30 03:52:01,LKO,Clear,0.34,7.32,0.7,18.5,84.6
2026-01-22 13:31:54,LKO,Clear,0.11,8.93,1.0,39.0,100.0
2026-05-12 17:40:00,LKO,Clear,0.1,9.1,1.1,18.3,84.1
2026-06-28 00:13:05,LKO,Fog,0.69,4.67,1.2,32.7,53.6
2026-03-30 12:19:27,LKO,Cloudy,0.17,7.88,0.2,33.5,80.5
2026-02-11 01:39:53,LKO,Clear,0.27,7.71,0.4,30.7,36.5
2026-03-25 02:57:19,LKO,Rain,0.58,4.2,2.1,34.5,77.5
2026-02-23 19:55:48,LKO,Clear,0.27,7.61,0.6,32.3,74.0
2026-05-28 08:28:16,LKO,Clear,0.45,6.01,0.2,20.5,74.6
2026-03-07 18:28:04,LKO,Rain,0.15,7.11,14.4,33.7,56.2
2026-05-06 06:17:28,LKO,Clear,0.31,6.53,0.6,32.4,64.5
2026-02-28 23:23:50,LKO,Rain,0.11,8.01,4.4,32.5,63.2
2026-03-19 15:01:50,LKO,Rain,0.1,7.81,4.5,25.7,39.1
2026-05-23 01:15:03,LKO,Clear,0.39,7.84,1.1,26.1,83.8
2026-04-29 13:17:41,LKO,Clear,0.2,8.5,1.1,19.4,66.0
2026-02-21 11:39:52,LKO,Clear,0.16,8.56,0.5,15.5,91.6
2026-02-16 14:35:02,LKO,Clear,0.47,5.91,0.3,7.3,100.0
2026-02-26 05:18:53,LKO,Clear,0.29,7.2,0.9,31.4,60.6
2026-05-04 08:24:32,LKO,Cloudy,0.25,8.18,0.5,18.1,78.5
2026-03-15 03:12:39,LKO,Cloudy,0.3,7.14,0.3,28.5,73.8
2026-02-23 17:03:45,LKO,Clear,0.62,4.62,0.9,25.0,68.0
2026-02-25 18:58:59,LKO,Fog,0.51,5.64,1.3,19.7,79.0
2026-04-16 01:50:12,LKO,Cloudy,0.39,6.56,0.2,33.5,76.3
2026-02-09 22:10:17,LKO,Clear,0.56,5.07,0.3,23.6,74.2
2026-02-02 22:22:06,LKO,Rain,0.53,3.64,5.2,20.9,72.2
2026-06-09 03:05:47,LKO,Cloudy,0.33,6.82,1.0,23.9,53.9
2026-06-24 04:31:09,LKO,Rain,0.25,7.44,7.9,22.8,74.9
2026-05-04 21:36:27,LKO,Clear,0.29,7.64,0.4,21.6,64.4
2026-06-15 21:58:06,LKO,Cloudy,0.02,9.74,0.5,4.5,26.5
2026-01-31 02:11:42,LKO,Clear,0.34,7.43,0.5,26.5,31.8
2026-03-20 08:41:27,LKO,Cloudy,0.24,8.59,1.3,21.4,64.8
2026-05-14 22:50:08,LKO,Clear,0.33,7.69,1.1,35.9,59.5
2026-04-24 07:03:25,LKO,Fog,1.0,0.87,0.2,20.6,71.8
2026-03-23 03:30:58,LKO,Clear,0.23,8.58,0.5,13.9,67.8
2026-03-05 09:50:07,LKO,Clear,0.16,8.74,0.9,23.3,38.3
2026-03-06 16:18:01,LKO,Rain,0.15,7.52,7.3,29.1,70.7
2026-01-25 21:38:41,LKO,Clear,0.26,7.57,1.3,27.1,63.5
2026-03-18 00:20:04,LKO,Clear,0.5,5.41,0.2,28.6,69.3
2026-02-23 07:40:14,LKO,Clear,0.38,6.65,0.8,28.7,80.1
2026-03-23 07:48:51,LKO,Rain,0.08,8.37,8.0,32.5,72.9
2026-02-03 02:33:55,LKO,Clear,0.08,9.92,0.3,32.3,55.2
2026-04-09 17:39:32,LKO,Rain,0.27,7.47,6.2,20.1,74.5
2026-06-17 08:32:24,LKO,Clear,0.21,7.86,0.4,32.2,68.8
2026-06-21 21:14:38,LKO,Cloudy,0.27,8.19,0.7,20.9,25.3
2026-05-20 12:23:03,LKO,Clear,0.12,9.5,0.2,21.2,67.4
2026-03-09 21:30:29,LKO,Clear,0.69,3.93,0.4,25.6,89.2
2026-03-25 14:00:06,LKO,Cloudy,0.24,8.03,1.2,27.6,83.0
2026-04-27 16:09:00,LKO,Clear,0.08,9.22,1.4,14.3,96.3
2026-05-07 10:07:03,LKO,Cloudy,0.34,6.87,0.9,22.6,60.4
2026-06-07 16:54:25,LKO,Clear,0.27,7.37,0.5,17.8,100.0
2026-05-20 00:23:24,LKO,Clear,0.43,6.7,0.7,32.9,67.4
2026-03-31 10:15:29,LKO,Clear,0.87,2.31,1.3,36.8,68.7
2026-05-24 13:41:25,LKO,Clear,0.33,6.95,1.1,16.7,60.2
2026-04-04 23:32:37,LKO,Fog,0.57,5.65,0.9,11.3,70.4
2026-04-03 03:38:06,LKO,Fog,0.52,5.68,0.2,22.8,87.8
2026-06-15 02:03:14,LKO,Clear,0.11,8.97,1.1,26.6,74.4
2026-05-20 22:56:51,LKO,Clear,0.03,9.71,1.5,21.8,48.2
2026-01-21 11:01:21,LKO,Clear,0.1,9.31,1.4,27.9,65.0
2026-05-10 00:29:19,LKO,Clear,0.13,9.03,0.6,28.4,61.1
2026-02-24 01:44:53,LKO,Clear,0.19,8.94,0.4,27.8,73.3
2026-01-22 01:07:18,LKO,Clear,0.35,7.16,0.7,35.9,100.0
2026-02-02 02:14:23,LKO,Clear,0.37,7.29,0.5,28.1,40.9
2026-05-09 16:45:00,LKO,Clear,0.27,6.93,0.9,20.8,41.5
2026-05-29 06:11:35,LKO,Rain,0.1,7.98,13.9,33.6,57.5
2026-05-27 22:37:29,LKO,Clear,0.21,7.5,1.2,22.1,80.0
2026-05-02 11:16:31,LKO,Clear,0.42,6.27,0.3,20.1,65.2
2026-05-10 21:20:12,LKO,Clear,0.13,9.6,0.9,22.5,50.6
2026-04-17 05:26:13,LKO,Clear,0.42,6.64,0.9,27.1,44.8
2026-06-17 14:00:45,LKO,Clear,0.32,7.46,0.2,26.2,80.3
2026-01-30 12:21:36,LKO,Rain,0.36,6.09,3.6,24.0,63.6
2026-06-09 05:55:15,LKO,Clear,0.35,6.72,0.5,27.1,81.5
2026-06-17 17:13:17,LKO,Clear,0.11,8.5,1.4,22.7,85.1
2026-01-30 16:01:44,LKO,Cloudy,0.33,7.06,1.4,34.3,69.9
2026-03-31 05:24:50,LKO,Clear,0.27,6.92,0.8,33.1,73.9
2026-02-06 17:39:29,LKO,Clear,0.12,8.37,1.0,17.5,54.4
2026-05-09 21:49:58,LKO,Fog,0.63,5.28,0.4,33.8,58.9
2026-02-11 19:46:23,LKO,Fog,0.51,5.79,1.3,14.8,80.8
2026-05-09 10:54:06,LKO,Clear,0.25,7.15,0.3,30.1,80.4
2026-02-08 16:42:01,LKO,Clear,0.28,7.8,0.5,33.9,58.5
2026-01-05 02:49:16,LKO,Clear,0.04,10.58,0.0,30.4,37.0
2026-03-30 00:58:01,LKO,Clear,0.22,8.59,0.1,17.7,97.7
2026-05-28 16:02:20,LKO,Clear,0.15,8.42,1.0,26.1,44.4
2026-05-13 04:57:23,LKO,Cloudy,0.13,8.65,1.1,18.6,63.1
2026-04-12 17:53:43,LKO,Clear,0.37,6.65,0.4,23.3,42.6
2026-05-14 04:03:33,LKO,Clear,0.06,10.7,0.1,16.4,62.4
2026-02-21 13:14:35,LKO,Clear,0.23,7.29,0.7,25.1,71.1
2026-06-15 12:08:13,LKO,Cloudy,0.12,8.25,1.2,25.8,99.2
2026-01-17 11:43:49,LKO,Fog,0.69,4.43,1.2,11.1,90.5
2026-05-04 03:19:40,LKO,Cloudy,0.23,7.53,0.4,25.2,93.7
2026-05-09 23:26:51,LKO,Clear,0.31,7.37,1.4,12.2,45.1
2026-04-14 12:17:52,LKO,Cloudy,0.53,5.1,1.4,23.9,79.1
2026-04-18 16:16:03,LKO,Clear,0.24,7.76,1.0,32.8,51.7
2026-06-06 05:42:10,LKO,Rain,0.05,8.55,14.5,16.7,50.8
2026-06-01 13:50:53,LKO,Clear,0.43,6.15,0.1,19.6,39.6
2026-03-10 21:56:59,LKO,Cloudy,0.35,7.29,0.1,27.2,63.6
2026-06-24 12:58:45,LKO,Cloudy,0.36,6.17,0.7,18.2,70.9
2026-01-16 10:56:05,LKO,Cloudy,0.37,6.37,1.2,10.2,71.4
2026-01-29 08:20:02,LKO,Clear,0.27,8.14,0.7,20.6,79.1
2026-03-01 00:48:00,LKO,Clear,0.27,8.59,0.9,29.9,63.3
2026-06-23 18:25:54,LKO,Clear,0.38,6.98,0.3,17.5,85.2
2026-02-25 05:11:28,LKO,Fog,0.69,3.2,1.5,19.0,66.3
2026-05-28 05:03:29,LKO,Clear,0.09,8.36,1.1,31.5,60.2
2026-06-03 15:26:21,LKO,Clear,0.15,8.59,0.9,24.1,73.0
2026-04-10 12:10:51,LKO,Clear,0.02,9.73,0.2,16.6,43.6
2026-06-01 18:30:55,LKO,Rain,0.13,7.01,8.7,2.9,55.3
2026-05-14 19:38:32,LKO,Clear,0.27,7.84,1.4,20.4,87.4
2026-03-14 19:04:53,LKO,Rain,0.32,5.8,0.4,25.1,72.8
2026-05-17 00:51:50,LKO,Clear,0.17,7.84,0.5,17.2,62.1
2026-01-31 13:59:27,LKO,Fog,0.91,2.24,0.6,23.2,48.0
2026-01-05 21:23:29,LKO,Clear,0.31,7.33,0.4,32.3,89.9
2026-02-17 18:40:08,LKO,Cloudy,0.12,9.94,0.9,24.9,79.3
2026-04-05 13:40:27,LKO,Clear,0.38,6.48,0.9,21.9,55.6
2026-05-19 00:52:02,LKO,Clear,0.29,7.73,0.9,12.6,85.1
2026-04-18 19:13:54,LKO,Fog,0.67,4.34,0.5,14.0,70.4
2026-04-09 04:11:50,LKO,Clear,0.21,8.11,0.9,33.3,62.0
2026-01-10 01:13:52,LKO,Fog,0.67,4.02,1.0,17.2,47.2
2026-04-02 02:59:37,LKO,Cloudy,0.32,6.98,1.2,16.6,63.7
2026-06-19 05:20:57,LKO,Clear,0.11,10.05,1.0,34.4,54.3
2026-04-13 17:51:11,LKO,Cloudy,0.2,8.44,0.0,19.6,69.9
2026-04-05 07:03:28,LKO,Clear,0.25,7.7,0.9,35.2,39.4
2026-01-20 07:22:52,LKO,Clear,0.22,7.83,1.1,20.7,92.7
2026-04-20 08:25:22,LKO,Clear,0.12,9.2,0.1,13.5,47.0
2026-01-13 12:52:31,LKO,Clear,0.21,7.92,0.2,9.7,68.9
2026-06-24 19:15:56,LKO,Cloudy,0.3,7.13,0.8,28.0,82.7
2026-06-25 15:55:36,LKO,Cloudy,0.12,8.76,0.5,22.2,57.0
2026-05-07 16:54:33,LKO,Clear,0.52,5.72,1.1,26.9,83.7
2026-06-06 01:13:46,LKO,Cloudy,0.21,7.41,1.0,14.1,92.0
2026-02-06 15:04:13,LKO,Cloudy,0.29,7.61,0.3,25.5,93.8
2026-04-09 10:32:46,LKO,Clear,0.05,9.41,0.9,41.3,36.9
2026-03-19 18:56:44,LKO,Clear,0.22,9.09,0.0,21.2,87.3
2026-02-08 19:32:12,LKO,Cloudy,0.07,8.56,1.3,23.9,44.8
2026-04-05 20:36:00,LKO,Fog,1.0,1.62,1.2,13.9,86.0
2026-06-14 10:22:33,LKO,Clear,0.45,6.11,0.0,38.9,72.4
2026-01-20 12:58:30,LKO,Rain,0.49,4.66,6.5,16.7,32.0
2026-03-28 04:53:26,LKO,Clear,0.23,8.3,0.7,30.3,66.3
2026-05-09 20:36:42,LKO,Rain,0.38,4.85,9.6,8.2,43.2
2026-06-07 02:28:17,LKO,Cloudy,0.43,6.6,1.2,13.3,90.7
2026-05-06 00:35:13,LKO,Clear,0.45,5.51,0.5,32.7,74.1
2026-02-26 05:41:18,LKO,Clear,0.4,7.3,0.3,23.8,86.1
2026-05-05 01:50:01,LKO,Clear,0.58,5.66,0.6,22.5,88.1
2026-02-05 15:37:28,LKO,Clear,0.13,8.42,0.0,24.7,66.8
2026-05-10 19:59:16,LKO,Clear,0.28,7.54,0.1,25.1,53.1
2026-06-12 03:10:11,LKO,Cloudy,0.11,9.94,1.2,20.2,73.7
2026-01-14 08:40:52,LKO,Cloudy,0.13,7.84,0.8,16.0,75.5
2026-03-05 07:26:09,LKO,Clear,0.15,9.21,1.1,21.6,52.7
2026-02-18 03:50:57,LKO,Clear,0.41,6.56,0.2,16.2,56.5
2026-02-20 17:53:38,LKO,Fog,0.51,5.31,1.4,21.0,59.6
2026-03-22 16:28:23,LKO,Clear,0.21,8.72,0.7,26.2,65.1
2026-01-08 20:20:40,LKO,Clear,0.28,6.85,1.3,18.0,76.3
2026-01-29 08:40:09,LKO,Clear,0.2,7.83,0.3,16.0,90.9
2026-05-26 12:30:42,LKO,Cloudy,0.46,6.25,0.7,24.8,42.4
2026-01-26 19:04:26,LKO,Rain,0.19,7.94,2.5,29.7,54.6
2026-06-16 00:07:07,LKO,Cloudy,0.17,8.95,1.1,21.1,56.4
2026-04-28 04:46:33,LKO,Clear,0.68,4.43,1.1,24.0,94.9
2026-06-21 04:49:46,LKO,Cloudy,0.44,5.83,0.8,30.5,72.3
2026-05-24 02:25:13,LKO,Cloudy,0.28,7.27,1.3,22.0,63.1
2026-03-29 15:24:25,LKO,Fog,0.44,6.22,0.8,24.3,48.7
2026-05-02 03:32:25,LKO,Rain,0.14,6.78,1.5,21.0,48.1
2026-04-16 21:43:50,LKO,Fog,0.74,4.3,1.1,25.7,77.5
2026-05-18 19:26:39,LKO,Rain,0.44,6.0,8.9,28.4,81.5
2026-01-23 18:22:15,LKO,Clear,0.2,8.32,0.7,17.4,62.3
2026-03-22 12:35:33,LKO,Clear,0.3,7.82,1.2,7.7,72.7
2026-01-30 11:41:36,LKO,Clear,0.13,8.99,0.0,20.4,99.5
2026-03-16 15:14:33,LKO,Cloudy,0.29,7.65,0.2,19.5,79.5
2026-04-05 05:40:24,LKO,Cloudy,0.53,5.2,1.2,42.1,69.7
2026-03-13 18:54:14,LKO,Clear,0.19,7.7,1.3,18.8,45.8
2026-04-22 04:07:31,LKO,Cloudy,0.44,5.76,0.5,20.5,69.6
2026-04-05 08:49:55,LKO,Rain,0.3,6.05,2.8,8.8,84.0
2026-06-05 05:23:33,LKO,Fog,0.63,4.55,0.1,18.6,84.4
2026-04-04 07:35:53,LKO,Clear,0.09,9.84,0.5,28.8,28.5
2026-05-30 04:21:56,LKO,Fog,0.47,6.05,1.2,18.7,100.0
2026-05-28 19:52:16,LKO,Clear,0.31,6.92,0.4,16.8,45.8
2026-02-17 18:48:40,LKO,Cloudy,0.21,8.07,0.6,29.4,61.9
2026-04-20 19:31:39,LKO,Rain,0.15,7.47,4.6,21.1,71.6
2026-04-16 04:19:20,LKO,Fog,0.51,6.01,0.7,18.4,100.0
2026-05-30 06:55:39,LKO,Rain,0.42,4.83,12.4,26.6,64.2
2026-05-23 11:14:36,LKO,Clear,0.36,7.18,0.9,27.4,61.9
2026-01-06 06:31:25,LKO,Fog,0.55,5.42,1.0,45.0,56.7
2026-05-17 23:29:18,LKO,Cloudy,0.28,7.18,0.6,18.1,50.4
2026-01-09 11:16:00,LKO,Cloudy,0.04,9.61,1.4,21.4,62.9
2026-05-03 01:19:26,LKO,Rain,0.32,5.42,1.9,29.1,83.5
2026-06-29 20:31:20,LKO,Clear,0.25,7.8,0.9,28.1,89.6
2026-02-23 21:51:26,LKO,Fog,0.85,2.67,0.8,27.2,98.9
2026-03-29 21:33:23,LKO,Fog,0.98,1.23,0.1,27.8,77.4
2026-06-16 07:11:59,LKO,Clear,0.23,8.23,1.4,18.5,38.7
2026-05-15 00:14:56,LKO,Clear,0.35,7.44,1.2,22.4,51.0
2026-06-15 10:23:41,LKO,Clear,0.18,8.33,0.8,26.6,68.7
2026-05-03 14:26:45,LKO,Fog,0.7,3.76,0.0,35.9,79.3
2026-02-18 13:35:12,LKO,Clear,0.52,5.04,0.8,22.8,94.2
2026-02-04 00:02:25,LKO,Clear,0.15,8.66,0.6,23.7,62.9
2026-03-13 16:15:51,LKO,Clear,0.52,4.89,0.4,38.6,91.6
2026-01-01 07:54:34,LKO,Clear,0.22,8.05,0.2,13.9,91.5
2026-03-31 19:32:24,LKO,Clear,0.15,8.73,1.4,33.1,71.7
2026-03-20 13:55:44,LKO,Cloudy,0.09,8.37,0.2,29.6,59.0
2026-01-18 20:22:17,LKO,Cloudy,0.29,7.5,1.5,19.5,75.9
2026-03-01 11:52:46,LKO,Clear,0.5,5.96,0.2,25.0,60.0
2026-06-30 03:10:49,LKO,Clear,0.27,8.01,0.2,21.8,50.8
2026-04-22 02:57:52,LKO,Clear,0.33,7.09,0.4,25.8,47.5
2026-03-04 03:05:55,LKO,Rain,0.63,3.94,5.4,27.2,68.8
2026-04-27 12:31:33,LKO,Clear,0.18,7.79,0.0,19.6,55.0
2026-04-26 15:37:18,LKO,Fog,0.74,4.39,1.2,24.6,60.1
2026-02-16 16:10:16,LKO,Cloudy,0.13,8.12,0.2,15.7,39.7
2026-02-25 22:13:11,LKO,Cloudy,0.38,6.09,1.2,28.3,59.2
2026-03-14 09:34:51,LKO,Clear,0.13,8.63,0.6,24.8,72.6
2026-04-28 22:42:08,LKO,Rain,0.22,7.34,10.0,23.7,61.3
2026-05-29 14:25:03,LKO,Rain,0.37,5.13,22.0,29.0,67.5
2026-02-12 18:24:31,LKO,Clear,0.11,8.97,0.9,10.0,49.9
2026-03-06 14:36:59,LKO,Clear,0.31,7.1,1.2,10.6,45.9
2026-04-21 15:49:55,LKO,Clear,0.14,9.25,1.2,32.1,53.5
2026-04-03 00:09:32,LKO,Clear,0.55,5.17,0.5,21.0,82.4
2026-05-31 14:37:31,LKO,Clear,0.31,6.94,1.3,24.3,35.4
2026-01-16 18:28:24,LKO,Clear,0.34,7.16,0.5,18.3,57.2
2026-05-13 12:39:19,LKO,Fog,0.66,5.14,0.8,30.0,53.0
2026-01-27 03:13:26,LKO,Cloudy,0.45,6.59,1.1,23.7,59.2
2026-03-03 06:40:47,LKO,Clear,0.37,6.23,0.2,31.3,62.5
2026-06-02 15:59:54,LKO,Clear,0.76,4.3,0.9,19.0,73.4
2026-06-17 19:14:45,LKO,Fog,0.58,5.17,0.2,21.7,57.9
2026-03-26 04:53:55,LKO,Cloudy,0.41,6.76,0.0,9.6,79.8
2026-01-03 11:22:51,LKO,Clear,0.11,9.04,0.3,14.0,91.8
2026-05-07 15:08:18,LKO,Fog,0.54,5.87,0.7,30.3,72.5
2026-02-16 19:43:46,LKO,Rain,0.18,8.06,4.5,13.2,65.7
2026-03-25 19:39:58,LKO,Clear,0.12,9.33,1.3,21.1,60.6
2026-06-02 13:54:59,LKO,Fog,0.5,5.47,0.8,33.4,63.9
2026-06-17 20:33:41,LKO,Clear,0.32,7.19,0.3,32.7,54.0
2026-01-10 02:56:25,LKO,Cloudy,0.56,5.95,1.3,15.5,95.6
2026-01-19 16:25:13,LKO,Clear,0.49,5.82,0.3,24.4,74.1
2026-03-23 02:31:21,LKO,Clear,0.36,5.85,1.1,20.3,81.8
2026-05-31 14:09:57,LKO,Clear,0.34,7.11,1.2,23.4,53.1
2026-02-16 16:13:49,LKO,Clear,0.4,7.11,1.1,38.0,82.6
2026-03-04 05:01:22,LKO,Cloudy,0.22,8.77,1.4,18.4,86.7
2026-06-15 18:10:15,LKO,Rain,0.13,8.34,1.0,27.5,75.3
2026-05-25 11:20:13,LKO,Clear,0.32,6.48,0.0,21.4,98.0
2026-01-24 00:52:00,LKO,Fog,0.81,3.1,0.7,36.9,91.8
2026-02-09 09:38:53,LKO,Clear,0.21,8.88,1.1,29.4,82.0
2026-03-22 17:09:00,LKO,Clear,0.03,9.54,1.0,4.5,90.3
2026-05-26 10:39:44,LKO,Clear,0.46,5.6,0.7,32.0,59.3
2026-03-10 21:05:09,LKO,Clear,0.11,9.34,0.0,23.6,33.0
2026-04-17 11:54:32,LKO,Fog,0.75,2.98,0.9,30.9,100.0
2026-05-21 10:15:06,LKO,Rain,0.25,6.43,1.9,28.2,81.5
2026-03-30 11:40:05,LKO,Rain,0.37,5.26,17.5,16.1,84.3
2026-01-16 02:57:06,LKO,Clear,0.2,8.67,0.0,20.2,88.5
2026-04-13 07:09:06,LKO,Clear,0.13,8.72,0.1,19.2,79.3
2026-04-02 23:35:47,LKO,Clear,0.2,8.06,1.1,27.7,60.2
2026-03-02 09:36:10,LKO,Clear,0.12,9.12,0.7,22.0,66.1
2026-05-01 14:46:46,LKO,Rain,0.24,6.71,5.8,22.4,65.4
2026-04-18 21:40:13,LKO,Clear,0.53,5.26,0.8,18.2,73.4
2026-02-14 14:03:03,LKO,Clear,0.55,5.05,1.4,16.6,62.0
2026-01-27 05:38:51,LKO,Clear,0.26,7.62,0.7,19.3,44.7
2026-01-28 17:28:08,LKO,Rain,0.45,5.49,3.7,8.8,76.8
2026-05-14 10:31:13,LKO,Clear,0.35,6.53,0.7,29.8,62.1
2026-06-29 05:22:24,LKO,Cloudy,0.55,5.96,1.2,31.3,74.9
2026-04-23 13:37:32,LKO,Fog,0.39,6.8,1.4,22.5,77.4
2026-01-28 10:12:46,LKO,Clear,0.15,8.48,0.1,26.4,57.1
2026-02-21 22:47:29,LKO,Clear,0.22,8.0,0.0,3.1,39.4
2026-04-29 10:01:14,LKO,Rain,0.15,7.79,2.3,32.7,47.2
2026-04-30 09:11:10,LKO,Clear,0.29,7.91,0.1,16.2,83.6
2026-04-19 13:47:48,LKO,Cloudy,0.07,9.72,0.6,36.4,38.8
2026-02-10 22:21:41,LKO,Clear,0.22,8.31,0.5,22.8,39.3
2026-03-01 13:49:24,LKO,Cloudy,0.18,8.99,0.0,32.4,45.3
2026-06-27 03:05:55,LKO,Clear,0.31,7.97,0.4,33.7,65.0
2026-01-19 15:35:17,LKO,Fog,0.45,7.24,1.4,21.7,59.2
2026-06-24 16:24:27,LKO,Clear,0.11,8.68,1.4,23.6,56.2
2026-03-25 02:12:27,LKO,Clear,0.31,7.66,0.6,27.6,49.0
2026-03-21 13:49:27,LKO,Rain,0.2,7.78,12.1,15.9,73.2
2026-01-20 12:36:49,LKO,Clear,0.2,8.18,0.1,21.4,64.7
2026-05-24 05:53:35,LKO,Clear,0.04,10.18,0.7,18.0,77.0
2026-03-09 00:55:06,LKO,Clear,0.49,5.96,0.0,25.4,74.8
2026-03-23 04:48:03,LKO,Clear,0.3,7.31,0.4,10.6,77.7
2026-02-20 14:04:18,LKO,Clear,0.44,5.36,0.8,15.3,85.0
2026-03-27 11:40:48,LKO,Cloudy,0.42,6.61,0.5,28.7,52.8
2026-06-17 16:37:47,LKO,Fog,0.82,3.35,0.3,26.2,88.3
2026-06-21 12:24:39,LKO,Cloudy,0.16,7.95,0.6,19.6,100.0
2026-01-09 18:26:19,LKO,Clear,0.28,7.97,0.8,38.7,53.9
2026-03-06 11:39:38,LKO,Fog,0.71,4.52,0.5,25.3,86.4
2026-06-03 06:49:06,LKO,Cloudy,0.36,7.91,0.8,28.9,75.1
2026-03-23 02:57:06,LKO,Cloudy,0.28,7.76,0.8,41.4,89.7
2026-01-20 04:04:24,LKO,Cloudy,0.52,5.52,0.1,23.4,91.4
2026-03-05 13:37:36,LKO,Clear,0.41,7.19,1.2,13.9,69.3
2026-03-07 05:08:58,LKO,Fog,0.57,4.26,0.8,29.7,64.4
2026-06-02 04:41:59,LKO,Cloudy,0.31,7.14,0.4,15.8,63.1
2026-02-02 05:14:26,LKO,Clear,0.18,7.87,0.8,22.2,47.6
2026-06-17 21:35:53,LKO,Clear,0.19,8.69,0.8,25.5,75.7
2026-01-20 03:20:04,LKO,Clear,0.45,6.05,0.4,33.8,53.2
2026-05-27 06:09:53,LKO,Clear,0.19,8.49,0.9,27.0,64.1
2026-05-18 04:47:09,LKO,Rain,0.12,8.15,10.9,22.4,45.0
2026-05-30 19:09:53,LKO,Clear,0.24,8.41,0.7,13.2,57.5
2026-06-18 01:54:53,LKO,Cloudy,0.12,8.57,0.2,29.2,92.9
2026-06-23 19:15:27,LKO,Clear,0.03,9.97,1.0,17.1,34.4
2026-01-21 14:19:31,LKO,Clear,0.29,7.65,1.2,18.3,22.4
2026-06-18 09:01:57,LKO,Clear,0.22,8.39,0.9,20.2,87.4
2026-04-27 19:13:47,LKO,Fog,0.45,5.57,1.0,19.4,67.2
2026-03-25 18:57:19,LKO,Clear,0.19,8.55,1.4,23.5,45.7
2026-03-29 01:40:29,LKO,Clear,0.33,7.31,1.1,27.8,65.9
2026-02-15 10:51:39,LKO,Rain,0.51,5.3,2.7,20.8,57.6
2026-03-01 13:45:43,LKO,Fog,0.67,4.13,1.1,17.1,87.9
2026-02-07 13:03:36,LKO,Rain,0.19,7.82,1.9,32.4,22.1
2026-06-20 15:17:58,LKO,Clear,0.44,6.83,1.1,12.3,39.2
2026-04-12 06:10:40,LKO,Clear,0.22,7.94,0.9,37.8,70.3
2026-04-08 09:42:55,LKO,Cloudy,0.14,9.01,1.1,26.6,59.0
2026-02-25 15:52:56,LKO,Clear,0.19,7.91,0.1,32.1,83.3
2026-05-04 01:12:16,LKO,Clear,0.48,5.59,1.4,13.0,48.9
2026-05-02 14:52:12,LKO,Clear,0.47,6.73,0.5,18.3,66.0
2026-01-25 22:42:13,LKO,Rain,0.25,6.38,8.2,19.9,60.7
2026-02-28 10:55:08,LKO,Fog,0.46,6.2,0.4,24.1,92.6
2026-04-25 04:59:15,LKO,Clear,0.4,6.37,0.7,18.6,37.1
2026-04-12 05:39:28,LKO,Fog,1.0,1.18,0.3,16.8,69.4
2026-01-11 18:32:53,LKO,Clear,0.17,7.94,0.7,35.7,58.2
2026-02-27 11:25:24,LKO,Clear,0.54,5.15,0.2,27.2,43.4
2026-05-12 16:02:32,LKO,Clear,0.09,9.05,1.4,11.1,20.0
2026-03-05 10:34:07,LKO,Clear,0.37,6.88,0.3,17.9,85.3
2026-02-16 14:00:47,LKO,Cloudy,0.16,9.22,0.3,30.3,89.7
2026-04-09 08:08:11,LKO,Clear,0.28,7.14,1.1,29.9,51.4
2026-02-11 03:31:01,LKO,Clear,0.17,8.85,1.3,30.4,100.0
2026-04-04 16:28:30,LKO,Clear,0.46,6.07,1.0,39.5,67.6
2026-06-27 12:28:09,LKO,Clear,0.26,8.09,1.1,32.1,50.4
2026-02-15 18:49:54,LKO,Fog,0.78,2.99,0.7,28.0,73.2
2026-05-25 10:38:17,LKO,Cloudy,0.54,5.17,0.9,11.5,70.7
2026-02-16 06:46:43,LKO,Fog,0.63,4.9,1.2,15.8,79.8
2026-04-24 01:48:11,LKO,Rain,0.09,7.5,6.1,33.9,70.4
2026-05-11 05:26:38,LKO,Rain,0.24,7.25,2.5,23.6,51.6
2026-05-17 09:00:06,LKO,Clear,0.16,9.29,0.2,28.2,59.4
2026-03-12 06:21:31,LKO,Clear,0.28,7.38,0.8,35.2,97.4
2026-01-25 15:52:52,LKO,Cloudy,0.16,8.24,1.3,29.1,73.8
2026-04-16 06:59:13,LKO,Cloudy,0.18,8.27,1.0,18.0,25.6
2026-04-07 08:09:18,LKO,Clear,0.37,7.06,0.2,20.7,73.8
2026-01-01 04:24:59,LKO,Clear,0.39,6.18,0.6,16.2,65.2
2026-04-07 14:23:12,LKO,Clear,0.11,8.86,0.7,18.6,84.8
2026-02-14 03:31:51,LKO,Cloudy,0.38,6.63,0.7,22.2,37.5
2026-04-27 15:57:48,LKO,Clear,0.54,6.03,0.4,27.3,100.0
2026-06-20 02:52:48,LKO,Rain,0.15,7.32,14.8,38.1,68.3
2026-01-11 04:15:24,LKO,Rain,0.18,7.68,7.5,30.8,35.0
2026-01-14 16:40:45,LKO,Clear,0.61,6.03,1.0,31.6,70.9
2026-03-01 19:21:46,LKO,Rain,0.02,8.15,8.0,19.8,61.7
2026-06-28 09:55:32,LKO,Fog,0.55,4.34,0.1,15.4,69.9
2026-06-23 18:22:38,LKO,Fog,0.66,4.82,0.6,31.2,58.0
2026-04-29 04:20:41,LKO,Clear,0.12,8.71,0.2,19.0,37.9
2026-05-20 10:57:37,LKO,Clear,0.34,6.54,0.7,28.3,81.4
2026-05-10 04:30:46,LKO,Rain,0.41,5.18,10.6,25.0,87.1
2026-01-29 16:27:32,LKO,Rain,0.4,5.46,15.1,31.1,71.3
2026-03-16 23:38:06,LKO,Rain,0.43,4.76,7.0,11.3,61.5
2026-05-29 01:50:04,LKO,Cloudy,0.2,8.15,0.1,22.0,61.5
2026-02-20 16:12:03,LKO,Clear,0.33,5.95,0.2,13.9,56.0
2026-05-23 23:59:56,LKO,Clear,0.07,9.52,0.7,34.8,20.0
2026-05-21 07:30:06,LKO,Clear,0.46,6.23,1.0,27.6,44.3
2026-03-24 23:17:42,LKO,Clear,0.51,5.88,0.2,27.5,38.3
2026-06-08 23:36:53,LKO,Rain,0.47,4.34,6.0,29.1,87.1
2026-02-23 12:00:57,LKO,Cloudy,0.35,6.51,0.2,21.1,74.6
2026-05-10 09:38:57,LKO,Rain,0.69,2.09,12.0,18.4,79.5
2026-06-08 01:00:54,LKO,Cloudy,0.23,7.6,1.0,29.4,60.1
2026-06-02 07:43:37,LKO,Clear,0.13,9.17,0.9,35.1,52.9
2026-06-16 16:36:13,LKO,Clear,0.04,10.4,1.2,17.8,52.8
2026-01-19 00:12:58,LKO,Fog,0.59,5.01,1.0,42.7,90.6
2026-06-11 18:27:10,LKO,Rain,0.36,6.0,11.3,17.8,60.5
2026-06-14 13:50:29,LKO,Clear,0.36,7.3,1.0,34.0,57.1
2026-04-04 20:11:27,LKO,Fog,0.58,4.96,0.4,18.6,100.0
2026-02-18 14:37:47,LKO,Clear,0.15,8.78,1.1,30.8,63.1
2026-05-16 00:15:15,LKO,Rain,0.44,4.81,4.7,18.1,63.5
2026-06-02 04:58:17,LKO,Cloudy,0.17,8.51,0.6,23.7,92.8
2026-06-25 01:10:06,LKO,Clear,0.23,8.83,1.0,32.6,78.1
2026-06-23 11:04:59,LKO,Fog,0.47,6.3,1.5,29.1,62.1
2026-04-06 15:07:05,LKO,Cloudy,0.09,8.62,1.1,21.1,81.8
2026-06-01 12:32:08,LKO,Clear,0.05,9.1,0.5,16.2,67.4
2026-06-23 23:42:27,LKO,Cloudy,0.18,8.98,0.3,31.0,75.0
2026-03-29 12:59:23,LKO,Clear,0.65,4.42,0.3,24.5,64.4
2026-05-20 17:08:40,LKO,Clear,0.08,10.06,1.4,23.4,76.4
2026-03-14 22:16:03,LKO,Cloudy,0.07,9.15,0.0,38.6,27.6
2026-05-01 11:36:20,LKO,Rain,0.32,7.06,12.9,32.5,40.8
2026-02-16 15:33:43,LKO,Clear,0.17,8.84,0.3,13.0,72.4
2026-04-22 12:50:20,LKO,Cloudy,0.29,8.26,0.7,19.6,100.0
2026-05-13 05:04:56,LKO,Cloudy,0.52,5.6,0.7,10.8,95.9
2026-05-31 18:37:18,LKO,Fog,0.69,4.2,0.1,18.9,59.6
2026-01-04 14:24:53,LKO,Cloudy,0.09,9.02,0.6,20.1,40.9
2026-06-22 15:47:09,LKO,Clear,0.14,9.27,0.6,31.1,68.7
2026-02-21 14:19:04,LKO,Clear,0.31,7.06,1.4,41.9,67.6
2026-04-14 10:32:04,LKO,Cloudy,0.26,7.66,0.4,25.2,71.7
2026-05-21 01:24:09,LKO,Cloudy,0.43,5.81,0.1,7.5,77.9
2026-04-24 10:58:04,LKO,Clear,0.48,5.5,0.2,25.3,65.8
2026-02-22 11:28:18,LKO,Clear,0.48,5.93,1.0,19.5,79.2
2026-06-14 03:57:02,LKO,Clear,0.25,8.05,0.1,19.4,85.4
2026-05-31 20:43:11,LKO,Clear,0.15,8.46,0.5,29.7,51.6
2026-03-17 07:59:50,LKO,Rain,0.2,8.16,1.8,34.0,40.8
2026-03-13 06:07:40,LKO,Rain,0.15,7.74,3.3,15.6,87.6
2026-05-16 07:14:21,LKO,Rain,0.43,5.24,11.9,22.0,75.2
2026-04-13 22:22:12,LKO,Rain,0.12,7.66,12.6,28.2,70.7
2026-06-18 15:12:30,LKO,Rain,0.06,8.66,9.4,21.7,51.9
2026-03-02 03:43:06,LKO,Cloudy,0.59,5.84,0.7,7.8,100.0
2026-06-05 12:24:24,LKO,Cloudy,0.34,6.92,1.0,19.3,41.4
2026-04-13 08:04:33,LKO,Clear,0.33,6.73,0.9,26.5,39.5
2026-02-19 13:00:37,LKO,Rain,0.26,6.93,1.4,12.4,74.5
2026-03-12 21:12:14,LKO,Clear,0.5,5.2,0.5,34.5,62.6
2026-02-28 23:57:58,LKO,Clear,0.04,10.33,1.5,14.0,31.5
2026-03-19 17:33:55,LKO,Clear,0.47,5.98,1.3,22.0,88.5
2026-02-17 17:07:33,LKO,Cloudy,0.35,7.03,0.4,27.9,74.8
2026-04-29 22:54:58,LKO,Clear,0.26,8.26,0.6,29.4,62.8
2026-01-26 03:26:34,LKO,Fog,0.36,7.01,1.3,27.8,100.0
2026-01-16 10:58:28,LKO,Cloudy,0.44,6.82,0.0,26.8,42.8
2026-01-12 13:11:46,LKO,Fog,0.61,5.46,1.1,29.1,70.9
2026-04-08 19:48:49,LKO,Clear,0.21,8.29,0.0,2.5,41.7
2026-03-07 02:02:44,LKO,Clear,0.27,7.65,0.8,27.0,73.5
2026-02-02 12:04:46,LKO,Clear,0.15,8.31,0.2,29.3,65.2
2026-06-01 15:18:35,LKO,Clear,0.09,9.61,1.3,10.9,64.6
2026-05-31 12:24:14,LKO,Fog,0.62,4.42,0.3,25.2,55.5
2026-06-05 15:11:12,LKO,Clear,0.18,8.18,1.0,29.5,45.2
2026-02-15 09:28:04,LKO,Rain,0.14,7.45,12.3,24.2,44.6
2026-05-07 09:33:07,LKO,Clear,0.02,9.63,0.3,17.8,58.5
2026-02-28 06:31:08,LKO,Clear,0.44,6.13,0.9,31.1,54.0
2026-03-11 23:30:58,LKO,Clear,0.4,6.59,0.7,13.1,47.3
2026-02-20 04:10:05,LKO,Clear,0.19,8.26,0.5,27.4,47.6
2026-04-16 11:44:10,LKO,Clear,0.29,6.46,0.5,19.9,74.8
2026-05-09 21:24:56,LKO,Clear,0.13,8.51,0.5,25.6,78.0
2026-05-10 07:07:50,LKO,Clear,0.32,7.51,1.2,24.9,86.7
2026-01-07 10:19:42,LKO,Rain,0.14,7.89,18.0,36.0,34.5
2026-04-28 10:05:01,LKO,Cloudy,0.41,6.38,1.3,28.8,77.3
2026-04-04 06:02:33,LKO,Rain,0.1,8.66,4.5,19.9,51.7
2026-05-07 01:49:34,LKO,Cloudy,0.25,7.73,1.5,16.4,42.8
2026-05-02 10:39:43,LKO,Clear,0.11,8.77,1.0,33.5,93.0
2026-05-31 17:02:18,LKO,Cloudy,0.42,6.76,1.4,30.5,100.0
2026-04-10 17:01:26,LKO,Fog,0.5,5.46,0.3,17.3,60.9
2026-04-08 20:44:12,LKO,Fog,0.73,3.96,0.7,17.6,84.6
2026-04-12 22:29:54,LKO,Rain,0.38,5.63,2.9,28.7,85.3
2026-03-30 19:21:04,LKO,Cloudy,0.24,7.99,0.4,31.9,60.1
2026-06-05 00:37:37,LKO,Fog,0.52,5.25,0.8,28.9,71.7
2026-03-10 20:17:57,LKO,Clear,0.19,8.08,1.2,25.7,80.6
2026-01-31 04:05:32,LKO,Clear,0.45,6.02,0.3,7.6,83.4
2026-02-13 19:10:14,LKO,Cloudy,0.65,4.12,0.6,17.6,30.7
2026-04-25 08:13:32,LKO,Clear,0.35,6.82,0.1,24.4,30.4
2026-01-11 09:42:31,LKO,Clear,0.49,4.98,0.0,11.7,100.0
2026-03-19 05:03:19,LKO,Clear,0.43,6.17,0.7,40.6,57.0
2026-02-23 19:49:02,LKO,Rain,0.07,8.59,3.9,37.3,65.8
2026-05-15 22:48:50,LKO,Clear,0.79,3.22,0.5,26.6,100.0
2026-02-07 05:43:39,LKO,Cloudy,0.4,6.52,1.4,29.7,91.3
2026-04-21 07:38:41,LKO,Clear,0.29,6.53,1.3,17.7,78.2
2026-05-06 11:06:01,LKO,Fog,0.64,3.92,0.2,19.5,66.0
2026-06-22 04:53:01,LKO,Clear,0.37,6.59,1.0,19.9,65.9
2026-04-25 05:35:07,LKO,Clear,0.07,8.64,1.4,44.7,73.3
2026-06-14 17:57:58,LKO,Clear,0.25,8.24,0.3,22.2,58.7
2026-06-12 23:19:33,LKO,Clear,0.19,7.98,0.9,30.6,82.0
2026-05-22 18:21:11,LKO,Clear,0.16,8.74,1.2,21.5,75.2
2026-06-11 10:11:03,LKO,Clear,0.19,9.03,0.5,17.6,50.3
2026-06-10 01:08:50,LKO,Cloudy,0.24,8.01,0.0,17.1,42.1
2026-01-13 04:31:16,LKO,Clear,0.2,7.99,1.0,16.0,30.6
2026-05-04 03:05:06,LKO,Fog,0.52,6.01,0.1,19.5,71.9
2026-04-09 04:38:59,LKO,Clear,0.22,8.17,0.5,22.7,87.7
2026-01-15 11:11:12,LKO,Cloudy,0.15,8.64,0.1,30.0,74.1
2026-01-01 22:34:16,LKO,Clear,0.05,9.66,1.5,37.8,77.0
2026-03-14 10:21:15,LKO,Clear,0.24,7.48,0.8,25.3,100.0
2026-02-20 16:18:23,LKO,Clear,0.22,8.45,0.4,18.1,65.3
2026-04-11 11:33:16,LKO,Cloudy,0.25,8.18,1.0,13.8,87.7
2026-03-15 17:06:54,LKO,Clear,0.5,5.68,0.1,17.7,88.8
2026-04-24 02:46:05,LKO,Fog,0.43,5.67,1.4,24.7,54.3
2026-04-14 01:49:35,LKO,Fog,0.44,6.78,1.3,17.7,82.5
2026-02-01 06:24:45,LKO,Fog,0.79,3.37,0.8,16.4,100.0
2026-02-24 15:42:59,LKO,Clear,0.09,8.84,0.5,36.7,47.3
2026-01-02 09:51:45,LKO,Cloudy,0.26,7.92,1.1,9.6,68.9
2026-01-13 20:01:50,LKO,Clear,0.3,8.12,0.8,29.1,64.6
2026-02-15 20:02:17,LKO,Cloudy,0.2,8.26,0.5,26.2,76.6
2026-01-03 14:48:31,LKO,Clear,0.08,9.18,1.3,23.4,94.3
2026-06-11 10:50:43,LKO,Clear,0.39,6.79,0.1,14.4,68.7
2026-05-05 23:09:44,LKO,Rain,0.23,7.18,11.5,29.6,81.1
2026-06-16 19:37:39,LKO,Rain,0.34,6.06,2.0,14.2,73.2
2026-01-12 10:12:10,LKO,Cloudy,0.46,6.16,0.4,27.8,58.4
2026-02-19 16:21:05,LKO,Clear,0.26,6.53,1.4,18.1,78.6
2026-02-20 01:57:24,LKO,Cloudy,0.4,5.97,1.0,11.7,63.9
2026-04-12 14:44:25,LKO,Cloudy,0.2,9.38,0.1,27.2,72.8
2026-06-08 13:54:07,LKO,Cloudy,0.2,7.89,1.3,9.4,57.2
2026-04-28 05:53:53,LKO,Clear,0.28,7.67,1.0,16.4,43.6
2026-02-12 03:43:54,LKO,Cloudy,0.08,8.63,0.9,18.2,38.6
2026-01-16 01:11:52,LKO,Fog,0.48,6.69,1.1,28.5,80.9
2026-06-13 09:02:38,LKO,Fog,0.69,3.48,1.2,21.8,66.1
2026-02-26 00:30:11,LKO,Rain,0.33,6.53,2.0,22.4,72.5
2026-04-07 23:13:46,LKO,Clear,0.12,9.39,0.7,8.9,88.9
2026-01-29 01:42:30,LKO,Clear,0.2,6.73,0.1,6.5,67.9
2026-02-05 17:00:12,LKO,Rain,0.3,6.46,13.0,41.1,27.6
2026-05-30 10:46:53,LKO,Clear,0.12,8.56,1.0,17.6,65.2
2026-03-18 14:31:45,LKO,Cloudy,0.01,10.77,1.4,14.0,47.8
2026-06-24 14:32:18,LKO,Fog,0.59,4.24,1.3,29.7,74.9
2026-02-10 14:04:38,LKO,Clear,0.25,8.16,1.0,16.0,58.2
2026-05-18 06:37:42,LKO,Clear,0.58,5.3,0.2,28.5,84.6
2026-05-14 08:23:29,LKO,Fog,0.59,5.23,0.8,34.9,40.2
2026-06-06 12:13:53,LKO,Clear,0.39,6.59,0.9,10.7,46.9
2026-01-21 09:30:22,LKO,Fog,0.49,5.9,0.4,20.5,100.0
2026-05-22 00:52:11,LKO,Clear,0.23,7.5,1.1,30.3,78.9
2026-01-24 21:10:51,LKO,Cloudy,0.17,9.23,0.5,31.3,38.8
2026-02-24 03:40:54,LKO,Clear,0.54,5.78,0.2,19.7,66.7
2026-05-03 08:00:20,LKO,Clear,0.23,8.49,0.1,30.2,59.8
2026-05-09 12:51:00,LKO,Cloudy,0.24,7.99,1.0,19.4,31.2
2026-06-11 20:30:08,LKO,Rain,0.43,4.86,10.1,23.5,78.2
2026-05-26 13:09:06,LKO,Cloudy,0.37,6.4,0.3,22.7,63.7
2026-03-27 23:31:17,LKO,Rain,0.07,8.32,6.7,39.4,48.2
2026-06-23 19:00:45,LKO,Clear,0.43,6.9,0.8,23.0,87.7
2026-05-24 20:13:52,LKO,Clear,0.27,7.68,1.0,20.5,54.8
2026-04-03 14:15:10,LKO,Rain,0.08,8.22,12.8,17.0,72.9
2026-06-25 12:18:38,LKO,Clear,0.39,7.13,1.0,23.9,56.8
2026-04-15 02:29:15,LKO,Rain,0.28,6.67,7.8,46.4,77.4
2026-04-12 16:13:17,LKO,Fog,0.53,6.46,0.9,15.2,84.4
2026-05-24 12:00:41,LKO,Cloudy,0.59,4.99,0.1,22.6,68.9
2026-02-08 13:08:19,LKO,Cloudy,0.25,7.81,0.0,17.5,100.0
2026-06-02 13:57:45,LKO,Cloudy,0.04,10.01,1.1,26.7,61.2
2026-05-19 08:22:34,LKO,Clear,0.05,9.48,1.0,6.9,47.7
2026-02-19 17:51:13,LKO,Cloudy,0.46,6.0,0.4,27.8,78.8
2026-01-04 04:27:17,LKO,Clear,0.61,4.6,1.4,23.5,81.4
2026-05-11 12:33:10,LKO,Clear,0.38,6.85,0.2,6.4,78.4
2026-02-25 03:11:13,LKO,Clear,0.5,6.73,1.3,34.8,63.2
2026-02-27 13:52:50,LKO,Clear,0.28,7.59,1.2,16.8,74.4
2026-03-05 21:12:03,LKO,Clear,0.5,6.49,1.1,27.4,68.5
2026-01-06 03:15:02,LKO,Clear,0.43,6.59,0.8,27.8,71.5
2026-01-04 10:05:42,LKO,Clear,0.22,8.14,0.5,16.3,68.8
2026-01-09 19:04:20,LKO,Cloudy,0.28,8.07,0.7,18.7,66.2
2026-03-20 02:23:42,LKO,Fog,0.54,5.18,0.8,33.2,69.8
2026-04-17 13:04:10,LKO,Clear,0.48,5.24,0.4,27.8,48.2
2026-04-16 00:08:12,LKO,Cloudy,0.45,6.27,0.3,21.2,53.0
2026-01-20 02:25:07,LKO,Cloudy,0.06,9.9,0.3,35.1,62.9
2026-06-14 14:19:39,LKO,Clear,0.13,8.86,0.6,24.1,25.1
2026-04-19 16:47:27,LKO,Clear,0.37,5.76,1.0,21.5,61.1
2026-04-07 16:45:35,LKO,Clear,0.27,8.3,0.6,31.7,53.3
2026-02-19 18:44:33,LKO,Clear,0.18,8.05,1.5,32.8,63.7
2026-04-26 22:24:28,LKO,Rain,0.44,4.27,3.1,33.4,67.9
2026-04-10 00:48:28,LKO,Clear,0.54,5.4,0.8,22.5,77.5
2026-03-19 01:19:18,LKO,Cloudy,0.43,6.26,0.7,23.4,67.5
2026-04-04 04:25:58,LKO,Rain,0.28,6.67,9.4,12.3,74.2
2026-05-23 03:18:55,LKO,Clear,0.01,10.43,0.5,25.0,74.0
2026-05-22 23:22:34,LKO,Rain,0.25,6.51,8.1,31.2,53.5
2026-04-18 02:44:45,LKO,Clear,0.27,8.21,0.0,28.0,60.4
2026-05-20 19:48:11,LKO,Rain,0.41,5.14,17.7,21.3,55.3
2026-06-30 16:51:58,LKO,Cloudy,0.35,7.3,1.0,13.7,69.9
2026-05-09 03:06:46,LKO,Fog,0.55,5.66,0.5,22.2,29.9
2026-03-06 21:51:10,LKO,Clear,0.12,9.19,0.7,32.7,61.3
2026-05-15 15:38:20,LKO,Clear,0.32,7.87,0.3,19.4,78.3
2026-06-22 18:04:24,LKO,Clear,0.39,6.62,0.8,7.1,58.2
2026-04-25 03:03:05,LKO,Clear,0.49,5.04,1.0,32.8,72.2
2026-01-06 04:45:09,LKO,Cloudy,0.23,8.86,0.3,9.0,71.0
2026-05-11 21:19:41,LKO,Clear,0.11,9.14,1.2,28.0,42.0
2026-03-01 01:01:04,LKO,Clear,0.23,8.46,0.1,27.8,54.7
2026-05-28 01:50:23,LKO,Cloudy,0.65,4.07,0.0,31.2,81.8
2026-04-15 12:23:51,LKO,Clear,0.19,8.18,0.6,22.0,86.2
2026-01-08 17:46:32,LKO,Clear,0.1,8.94,1.3,26.0,54.1
2026-04-15 21:10:47,LKO,Cloudy,0.3,8.06,1.5,26.5,50.3
2026-02-12 15:03:27,LKO,Cloudy,0.51,6.07,0.5,19.3,86.5
2026-01-08 14:36:41,LKO,Clear,0.14,8.76,0.3,14.2,56.5
2026-03-24 15:17:34,LKO,Fog,0.56,4.9,1.4,15.6,85.1
2026-04-12 09:28:20,LKO,Fog,0.61,4.63,0.9,14.8,60.3
2026-01-19 03:08:06,LKO,Clear,0.29,7.51,0.4,32.7,69.6
2026-04-08 10:24:51,LKO,Clear,0.38,6.26,0.6,19.7,65.3
2026-02-28 15:38:57,LKO,Clear,0.16,8.96,0.3,19.8,29.0
2026-05-16 08:00:24,LKO,Cloudy,0.36,6.83,0.4,19.7,66.6
2026-01-12 10:30:05,LKO,Clear,0.23,8.33,1.4,25.9,69.9
2026-02-02 03:01:59,LKO,Rain,0.61,4.02,23.3,17.4,70.3
2026-01-25 10:27:45,LKO,Rain,0.19,7.28,14.1,17.3,76.9
2026-04-26 03:32:50,LKO,Clear,0.42,6.55,1.0,19.9,20.0
2026-06-05 13:25:17,LKO,Clear,0.31,7.9,0.1,28.3,68.3
2026-03-22 22:47:10,LKO,Clear,0.05,9.4,1.4,27.9,65.7
2026-02-18 09:45:53,LKO,Clear,0.18,8.48,0.7,20.9,100.0
2026-04-21 09:45:13,LKO,Cloudy,0.36,6.88,0.2,34.3,76.8
2026-01-06 23:14:00,LKO,Clear,0.31,7.34,1.2,19.4,60.0
2026-01-27 15:09:18,LKO,Clear,0.41,6.99,1.1,20.5,84.2
2026-01-26 10:17:31,LKO,Clear,0.43,5.6,1.4,7.6,89.1
2026-06-24 02:13:53,LKO,Cloudy,0.51,5.72,0.5,26.4,66.0
2026-03-24 12:35:45,LKO,Cloudy,0.2,8.77,0.5,22.7,47.9
2026-06-27 17:49:58,LKO,Fog,0.61,3.76,1.0,24.2,92.3
2026-05-03 17:17:28,LKO,Clear,0.28,7.73,0.7,37.8,70.3
2026-03-26 11:51:20,LKO,Clear,0.25,7.56,1.2,5.9,80.8
2026-02-22 19:14:16,LKO,Cloudy,0.7,4.03,0.9,10.7,96.7
2026-03-03 14:10:41,LKO,Clear,0.51,6.11,1.5,20.2,64.8
2026-05-02 20:24:31,LKO,Rain,0.25,6.85,21.6,25.7,54.0
2026-06-24 11:40:58,LKO,Rain,0.23,7.26,5.7,32.5,71.0
2026-05-28 07:10:09,LKO,Clear,0.39,7.03,0.8,19.6,59.2
2026-03-06 15:46:39,LKO,Cloudy,0.27,7.9,0.7,21.3,77.2
2026-06-14 16:08:37,LKO,Cloudy,0.23,8.68,1.5,17.8,84.3
2026-01-16 06:53:08,LKO,Rain,0.04,9.25,11.5,25.9,68.1
2026-01-25 18:09:16,LKO,Rain,0.25,7.11,4.2,13.9,59.2
2026-05-06 10:30:55,LKO,Clear,0.18,8.37,0.8,20.9,61.2
2026-02-28 22:24:15,LKO,Cloudy,0.3,6.9,1.3,20.2,92.9
2026-05-17 14:37:48,LKO,Fog,0.42,6.42,0.5,22.6,78.3
2026-01-16 06:06:19,LKO,Clear,0.06,8.95,0.6,27.7,72.4
2026-02-05 14:15:58,LKO,Clear,0.28,7.12,1.2,19.7,62.7
2026-03-22 21:20:12,LKO,Clear,0.24,7.2,0.6,24.3,65.5
2026-03-10 12:51:36,LKO,Cloudy,0.28,7.54,1.0,23.2,89.5
2026-03-26 13:53:15,LKO,Clear,0.24,8.65,1.2,17.6,60.7
2026-05-27 16:12:48,LKO,Fog,0.78,2.66,0.8,37.6,75.9
2026-03-06 17:17:26,LKO,Clear,0.11,9.73,0.5,13.2,33.2
2026-02-14 03:12:20,LKO,Clear,0.13,8.88,0.9,26.1,100.0
2026-03-22 03:46:34,LKO,Clear,0.27,8.54,0.4,23.7,76.2
2026-02-09 11:21:21,LKO,Clear,0.23,7.94,1.5,25.7,32.3
2026-03-04 01:19:40,LKO,Rain,0.42,4.8,4.6,17.8,95.1
2026-01-25 05:51:00,LKO,Clear,0.2,8.31,0.6,17.8,53.4
2026-05-03 01:32:56,LKO,Fog,0.55,5.4,0.4,19.1,45.5
2026-04-29 06:35:03,LKO,Cloudy,0.17,8.7,1.1,12.1,55.4
2026-05-10 16:06:02,LKO,Clear,0.2,8.27,1.5,31.4,100.0
2026-04-11 20:34:36,LKO,Cloudy,0.36,6.51,1.3,25.1,79.0
2026-03-08 03:11:50,LKO,Rain,0.37,6.18,11.1,27.0,60.2
2026-03-25 12:09:55,LKO,Clear,0.11,9.72,0.4,22.5,50.4
2026-03-16 13:53:40,LKO,Cloudy,0.22,8.16,0.2,30.8,67.2
2026-05-28 09:10:51,LKO,Clear,0.43,5.89,0.4,25.4,73.0
2026-06-10 21:07:00,LKO,Rain,0.32,5.59,5.4,20.1,72.8
2026-03-11 07:58:38,LKO,Clear,0.37,7.09,0.7,32.7,72.9
2026-01-23 07:02:03,LKO,Clear,0.19,7.97,1.4,32.5,79.3
2026-05-21 07:15:37,LKO,Clear,0.73,4.38,0.2,33.8,45.4
2026-06-05 21:43:49,LKO,Clear,0.59,5.58,0.4,24.7,39.2
2026-06-15 11:50:09,LKO,Cloudy,0.07,9.99,0.3,29.5,76.2
2026-04-28 05:50:27,LKO,Clear,0.35,8.08,0.8,21.5,66.0
2026-02-03 18:19:10,LKO,Clear,0.51,5.37,0.2,11.6,98.1
2026-06-30 17:03:09,LKO,Clear,0.1,9.21,1.4,19.6,87.9
2026-02-08 19:04:21,LKO,Clear,0.56,5.03,1.2,24.9,61.3
2026-02-18 18:48:12,LKO,Clear,0.42,6.08,1.2,20.1,43.9
2026-03-02 13:01:56,LKO,Clear,0.22,8.26,1.5,20.0,72.7
2026-06-14 17:17:30,LKO,Clear,0.11,8.52,0.7,22.8,63.0
2026-01-23 08:51:22,LKO,Clear,0.19,8.77,1.2,23.1,47.9
2026-02-23 13:52:45,LKO,Rain,0.09,7.9,11.5,17.7,55.1
2026-04-21 03:42:54,LKO,Fog,0.49,5.64,0.5,12.2,74.2
2026-06-12 01:47:39,LKO,Clear,0.41,6.38,0.6,28.8,69.6
2026-06-05 22:19:05,LKO,Clear,0.1,9.03,0.5,21.8,90.2
2026-06-06 16:36:10,LKO,Rain,0.33,6.63,0.9,25.1,85.6
2026-02-27 01:58:39,LKO,Cloudy,0.31,6.6,1.1,4.8,49.6
2026-02-19 01:32:11,LKO,Cloudy,0.35,7.77,0.9,18.4,61.4
2026-06-09 18:36:11,LKO,Cloudy,0.14,9.68,0.5,25.8,72.9
2026-04-27 16:53:53,LKO,Clear,0.18,8.82,0.2,18.5,79.9
2026-03-06 20:30:46,LKO,Clear,0.35,6.92,0.6,13.9,69.9
2026-02-27 12:33:01,LKO,Clear,0.04,10.27,0.8,18.5,53.4
2026-01-10 16:30:38,LKO,Clear,0.36,6.96,1.1,30.3,51.4
2026-05-01 16:39:17,LKO,Clear,0.16,8.94,1.1,30.3,78.2
2026-04-02 23:22:17,LKO,Clear,0.23,7.87,0.2,12.0,100.0
2026-05-03 10:13:23,LKO,Clear,0.22,8.72,0.6,31.0,54.6
2026-03-17 08:51:40,LKO,Clear,0.32,7.27,0.3,17.1,66.6
2026-01-12 10:03:13,LKO,Clear,0.46,5.7,0.0,23.7,82.9
2026-02-08 17:50:03,LKO,Fog,0.43,5.91,0.1,25.2,100.0
2026-02-10 01:06:41,LKO,Fog,0.6,4.91,1.0,34.7,79.8
2026-06-20 15:40:46,LKO,Cloudy,0.48,7.21,0.1,14.6,55.7
2026-06-07 03:00:23,LKO,Rain,0.58,4.88,2.8,11.9,60.6
2026-06-12 21:04:32,LKO,Clear,0.17,9.08,0.5,10.5,58.6
2026-03-29 15:44:01,LKO,Fog,0.71,4.96,0.9,29.8,100.0
2026-05-31 12:25:36,LKO,Clear,0.14,9.45,0.7,24.4,70.5
2026-06-19 06:28:20,LKO,Cloudy,0.34,7.3,0.3,32.8,42.5
2026-02-15 07:42:04,LKO,Cloudy,0.22,8.53,0.6,31.1,76.1
2026-01-30 20:49:27,LKO,Rain,0.69,3.03,2.9,28.3,60.6
2026-06-25 19:36:54,LKO,Clear,0.53,6.03,0.4,37.4,87.6
2026-06-01 21:17:39,LKO,Clear,0.6,5.04,0.6,23.2,98.7
2026-01-10 10:11:29,LKO,Clear,0.24,8.29,0.8,25.4,41.3
2026-04-23 02:56:27,LKO,Clear,0.24,8.32,1.1,35.1,59.6
2026-03-25 12:08:58,LKO,Fog,0.85,3.43,0.6,18.2,72.5
2026-05-24 11:05:26,LKO,Clear,0.35,6.85,0.0,26.0,99.0
2026-01-23 04:16:14,LKO,Fog,0.57,4.91,0.8,4.0,76.0
2026-02-25 14:13:59,LKO,Cloudy,0.32,6.97,0.3,9.9,69.8
2026-02-19 00:28:28,LKO,Clear,0.16,8.38,1.0,19.2,60.0
2026-01-29 22:36:42,LKO,Fog,0.79,3.28,0.8,24.5,66.0
2026-02-09 13:11:37,LKO,Clear,0.09,9.52,0.0,23.7,49.1
2026-04-18 05:15:07,LKO,Cloudy,0.29,6.75,0.2,17.3,100.0
2026-01-15 13:04:46,LKO,Clear,0.24,8.13,1.1,21.0,64.3
2026-06-17 15:44:35,LKO,Clear,0.09,9.36,0.5,37.6,62.0
2026-02-01 18:52:11,LKO,Clear,0.38,7.04,0.8,4.0,73.5
2026-01-13 06:13:01,LKO,Clear,0.33,7.49,0.3,29.8,90.0
2026-04-17 04:09:06,LKO,Clear,0.41,6.87,0.4,23.8,88.1
2026-06-16 02:16:13,LKO,Clear,0.11,9.28,0.4,27.9,86.4
2026-02-09 08:22:07,LKO,Clear,0.46,6.0,0.8,24.6,82.3
2026-01-07 03:50:44,LKO,Fog,0.47,5.08,0.9,29.4,84.0
2026-05-15 09:57:32,LKO,Cloudy,0.26,7.93,1.1,29.0,65.3
2026-01-08 20:43:08,LKO,Fog,0.56,5.61,0.5,20.0,82.0
2026-05-02 01:49:11,LKO,Rain,0.44,4.87,8.5,27.5,46.5
2026-03-11 19:28:44,LKO,Clear,0.31,7.67,1.0,21.5,83.3
2026-02-06 21:40:13,LKO,Clear,0.26,8.18,1.1,14.5,80.2
2026-03-23 08:45:24,LKO,Fog,1.0,2.32,0.8,29.7,79.8
2026-03-08 15:41:51,LKO,Clear,0.27,7.86,0.4,19.4,77.2
2026-03-28 04:27:30,LKO,Clear,0.48,6.09,0.4,21.0,40.1
2026-03-10 16:57:42,LKO,Clear,0.24,7.53,0.1,29.6,82.2
2026-06-05 17:09:38,LKO,Rain,0.22,6.82,1.0,20.0,20.0
2026-01-04 15:13:26,LKO,Cloudy,0.27,8.64,1.2,30.8,83.2
2026-02-23 04:08:22,LKO,Cloudy,0.26,7.4,0.3,23.0,64.9
2026-05-12 03:44:53,LKO,Clear,0.55,5.0,0.9,26.8,69.3
2026-04-28 20:02:26,LKO,Clear,0.29,7.72,0.5,6.8,83.5
2026-05-27 00:08:11,LKO,Rain,0.05,8.33,2.5,37.4,48.3
2026-06-15 10:35:21,LKO,Cloudy,0.34,7.83,0.9,12.7,100.0
2026-01-14 00:56:20,LKO,Clear,0.19,8.8,1.5,11.8,64.2
2026-03-05 01:46:39,LKO,Cloudy,0.47,6.25,0.7,15.2,82.2
2026-03-16 08:00:14,LKO,Fog,0.84,2.46,0.8,15.4,76.8
2026-03-01 06:03:24,LKO,Clear,0.13,9.1,1.0,12.7,77.6
2026-04-05 13:42:40,LKO,Clear,0.32,7.27,1.4,25.8,62.8
2026-06-30 17:51:21,LKO,Clear,0.21,8.13,0.8,18.7,68.0
2026-01-06 23:15:14,LKO,Rain,0.06,7.91,2.8,32.8,84.0
2026-01-28 10:59:06,LKO,Cloudy,0.39,6.49,0.3,23.7,62.7
2026-05-06 16:17:00,LKO,Clear,0.15,8.46,0.8,11.3,78.7
2026-03-06 18:37:11,LKO,Fog,0.6,5.06,0.6,33.1,55.9
2026-05-11 14:03:12,LKO,Clear,0.26,7.93,1.1,30.6,79.4
2026-03-05 11:37:20,LKO,Fog,0.62,4.23,1.4,17.8,57.1
2026-04-27 15:18:04,LKO,Clear,0.44,6.03,1.5,19.2,78.6
2026-05-31 15:12:37,LKO,Cloudy,0.32,7.51,0.5,37.2,68.9
2026-01-03 14:38:12,LKO,Fog,0.52,5.72,0.9,23.2,43.2
2026-05-11 18:45:14,LKO,Clear,0.19,8.31,0.1,22.4,100.0
2026-06-10 18:20:29,LKO,Clear,0.42,6.42,0.5,26.0,80.5
2026-06-02 18:14:28,LKO,Cloudy,0.33,7.75,0.4,21.6,68.7
2026-01-07 04:46:01,LKO,Clear,0.25,7.59,0.4,19.4,26.5
2026-01-18 00:24:10,LKO,Clear,0.21,8.54,0.9,12.4,38.5
2026-04-03 08:15:25,LKO,Rain,0.11,6.57,6.5,23.8,55.2
2026-01-22 08:23:05,LKO,Cloudy,0.34,7.51,1.0,18.8,88.3
2026-06-05 08:03:40,LKO,Fog,0.73,3.9,0.0,13.1,88.3
2026-04-30 01:20:52,LKO,Fog,0.58,5.63,1.3,40.3,77.7
2026-06-28 18:53:43,LKO,Fog,0.58,5.56,1.0,34.3,65.4
2026-06-27 11:33:44,LKO,Clear,0.64,4.57,0.5,18.1,69.1
2026-02-02 16:07:22,LKO,Clear,0.26,7.88,0.6,16.7,79.9
2026-05-19 19:48:49,LKO,Clear,0.79,3.37,0.4,25.4,76.2
2026-06-06 22:20:19,LKO,Clear,0.25,8.67,0.4,12.8,88.4
2026-06-14 18:38:30,LKO,Cloudy,0.28,6.94,1.2,34.3,55.7
2026-06-11 11:38:57,LKO,Cloudy,0.29,7.34,0.4,35.2,56.7
2026-01-19 10:08:54,LKO,Clear,0.26,7.5,1.2,18.8,72.4
2026-05-12 06:57:26,LKO,Cloudy,0.45,5.65,1.5,19.6,86.3
2026-03-06 17:31:19,LKO,Fog,1.0,1.22,0.4,25.6,71.7
2026-05-20 12:36:49,LKO,Cloudy,0.33,8.04,1.2,21.8,100.0
2026-03-25 23:29:23,LKO,Clear,0.08,9.5,1.1,25.6,89.6
2026-04-27 13:35:44,LKO,Rain,0.11,7.82,7.8,34.2,33.5
2026-02-26 20:20:56,LKO,Clear,0.32,6.75,1.1,12.7,55.0
2026-03-18 07:36:20,LKO,Cloudy,0.22,8.17,1.4,14.6,75.7
2026-04-28 22:36:44,LKO,Clear,0.4,6.0,0.5,26.4,94.1
2026-06-03 16:06:00,LKO,Cloudy,0.29,7.77,0.5,37.4,56.8
2026-05-02 05:41:27,LKO,Clear,0.45,6.24,0.7,25.4,63.6
2026-02-23 09:07:56,LKO,Cloudy,0.23,7.83,0.5,19.0,100.0
2026-02-02 03:09:06,LKO,Clear,0.16,9.27,0.5,15.8,71.8
2026-06-25 20:53:05,LKO,Clear,0.71,4.54,1.0,31.8,57.2
2026-06-23 19:06:42,LKO,Fog,1.0,1.52,1.0,37.8,85.1
2026-03-16 22:08:58,LKO,Clear,0.07,9.25,0.2,17.5,66.6
2026-05-27 03:09:26,LKO,Rain,0.35,6.24,15.8,16.0,31.6
2026-01-24 02:04:13,LKO,Clear,0.2,8.02,0.0,32.6,63.2
2026-02-26 20:14:53,LKO,Fog,0.56,6.48,1.3,21.6,67.3
2026-04-21 20:27:59,LKO,Fog,0.46,5.76,0.3,4.4,61.7
2026-05-03 23:13:52,LKO,Clear,0.44,6.34,0.2,38.5,57.2
2026-01-27 07:50:48,LKO,Clear,0.48,5.7,0.3,23.3,78.6
2026-04-13 02:31:08,LKO,Cloudy,0.33,6.6,0.6,47.5,93.1
2026-01-10 10:27:12,LKO,Clear,0.19,8.35,1.0,29.8,67.8
2026-04-21 15:17:09,LKO,Clear,0.28,7.78,1.4,49.3,79.3
2026-03-20 06:40:04,LKO,Cloudy,0.24,7.79,0.3,27.5,88.6
2026-01-15 01:43:40,LKO,Cloudy,0.31,7.77,0.9,36.6,93.2
2026-03-19 00:47:03,LKO,Cloudy,0.18,8.75,0.9,14.7,83.8
2026-05-17 06:43:41,LKO,Cloudy,0.14,8.69,0.2,19.9,73.6
2026-06-04 10:27:26,LKO,Clear,0.1,9.26,0.8,18.4,78.4
2026-06-13 04:39:17,LKO,Clear,0.52,6.12,1.1,29.6,44.9
2026-05-11 02:49:58,LKO,Fog,0.5,5.9,0.7,26.1,83.6
2026-05-13 07:12:13,LKO,Clear,0.54,5.0,0.5,31.3,100.0
2026-04-20 09:21:33,LKO,Cloudy,0.26,7.62,1.2,14.2,47.8
2026-02-12 18:47:31,LKO,Cloudy,0.49,5.85,0.8,27.2,85.6
2026-01-12 11:49:40,LKO,Rain,0.34,5.33,5.7,17.1,80.8
2026-01-05 04:34:28,LKO,Fog,0.72,3.73,0.8,18.5,70.4
2026-06-18 15:23:44,LKO,Clear,0.25,8.26,0.8,13.2,70.7
2026-02-28 11:11:38,LKO,Cloudy,0.14,9.04,0.8,12.6,74.9
2026-05-02 12:32:58,LKO,Rain,0.05,8.5,2.8,38.7,40.9
2026-05-04 18:42:57,LKO,Clear,0.41,6.34,0.8,23.2,44.5
2026-02-07 05:13:20,LKO,Fog,0.75,2.98,0.5,25.3,56.7
2026-04-03 03:26:25,LKO,Clear,0.49,6.58,0.8,10.6,74.6
2026-04-01 19:38:20,LKO,Clear,0.64,4.78,0.9,22.2,65.2
2026-04-05 15:00:21,LKO,Rain,0.06,8.21,13.3,14.5,55.3
2026-01-20 11:16:11,LKO,Clear,0.38,6.74,0.8,31.0,82.8
2026-05-23 21:28:35,LKO,Clear,0.04,10.29,0.2,27.8,53.0
2026-01-22 12:51:59,LKO,Fog,0.46,6.09,0.1,31.0,100.0
2026-01-23 02:25:49,LKO,Clear,0.04,9.07,0.5,26.2,80.0
2026-03-18 16:32:31,LKO,Clear,0.17,8.99,1.4,11.6,71.6
2026-06-04 20:29:31,LKO,Clear,0.15,8.91,1.1,20.7,43.3
2026-01-05 16:49:03,LKO,Fog,0.49,6.5,0.7,18.3,50.2
2026-02-22 11:02:23,LKO,Fog,0.86,2.13,1.2,33.7,84.4
2026-03-26 13:03:53,LKO,Rain,0.29,5.36,9.2,30.5,67.3
2026-03-14 07:02:43,LKO,Clear,0.41,6.09,0.1,36.8,60.6
2026-04-04 00:09:25,LKO,Clear,0.37,6.89,0.4,29.8,69.4
2026-04-05 16:14:18,LKO,Fog,0.61,4.48,0.4,22.7,37.9
2026-01-17 12:03:03,LKO,Fog,0.52,5.04,0.7,26.2,56.8
2026-06-24 13:06:28,LKO,Clear,0.1,8.58,0.0,12.1,90.8
2026-03-04 10:58:49,LKO,Cloudy,0.07,9.74,0.2,22.8,79.6
2026-01-28 06:34:50,LKO,Fog,0.92,2.32,1.3,28.9,78.9
2026-04-19 15:57:34,LKO,Cloudy,0.36,6.66,0.1,21.7,80.9
2026-05-05 07:33:17,LKO,Clear,0.34,7.55,1.0,24.2,65.6
2026-06-27 13:01:47,LKO,Fog,0.68,4.02,0.3,10.8,45.7
2026-03-02 01:39:01,LKO,Clear,0.19,8.82,1.1,18.9,73.2
2026-01-17 13:30:55,LKO,Clear,0.38,6.1,0.2,37.4,93.0
2026-05-14 23:21:16,LKO,Clear,0.04,8.99,0.6,22.7,59.3
2026-06-03 23:59:47,LKO,Clear,0.46,5.33,1.2,18.1,94.8
2026-06-05 15:48:20,LKO,Rain,0.48,5.33,7.8,18.6,65.4
2026-05-10 00:42:07,LKO,Clear,0.33,6.67,1.1,34.4,86.4
2026-03-27 22:57:23,LKO,Clear,0.34,7.64,1.3,21.7,77.2
2026-05-28 22:54:03,LKO,Clear,0.3,7.83,1.1,24.1,64.0
2026-05-17 07:59:09,LKO,Cloudy,0.14,8.85,0.5,16.6,34.6
2026-01-13 13:56:09,LKO,Rain,0.26,6.83,9.8,24.4,83.4
2026-04-20 10:42:03,LKO,Clear,0.16,9.8,0.7,16.3,66.8
2026-04-16 08:16:20,LKO,Rain,0.02,8.84,9.7,29.3,65.5
2026-02-20 00:58:09,LKO,Clear,0.12,8.57,0.8,35.0,70.3
2026-04-23 00:11:17,LKO,Rain,0.22,6.74,3.0,23.1,67.0
2026-01-14 16:33:51,LKO,Cloudy,0.41,6.61,0.1,27.1,83.9
2026-03-13 09:15:19,LKO,Cloudy,0.06,8.93,1.4,27.0,33.3
2026-06-03 18:31:01,LKO,Fog,1.0,1.13,1.4,25.3,66.5
2026-06-24 05:33:05,LKO,Clear,0.3,6.99,0.5,19.1,96.8
2026-05-05 16:15:13,LKO,Clear,0.36,6.54,0.6,24.9,54.6
2026-04-22 03:09:26,LKO,Clear,0.25,7.18,0.6,34.0,51.3
2026-02-14 12:09:24,LKO,Clear,0.08,8.67,1.2,17.4,91.4
2026-02-10 18:24:36,LKO,Fog,0.48,6.06,1.5,13.6,56.8
2026-01-08 05:33:44,LKO,Clear,0.17,8.5,1.4,18.4,47.3
2026-02-13 11:48:52,LKO,Clear,0.4,7.29,0.3,19.9,58.2
2026-06-01 10:51:01,LKO,Clear,0.32,7.08,0.2,9.1,29.1
2026-02-10 12:27:49,LKO,Rain,0.04,8.0,5.1,18.1,56.9
2026-05-24 22:17:39,LKO,Fog,0.62,4.57,0.4,41.0,34.7
2026-05-03 13:47:02,LKO,Cloudy,0.16,8.39,1.0,29.9,58.0
2026-03-01 00:35:53,LKO,Clear,0.12,8.66,0.7,10.7,79.8
2026-06-29 23:05:46,LKO,Clear,0.48,6.25,0.2,21.5,49.9
2026-04-09 19:54:12,LKO,Clear,0.13,9.28,0.3,16.9,63.8
2026-01-11 17:36:22,LKO,Cloudy,0.35,7.43,1.0,10.2,78.9
2026-03-24 08:11:12,LKO,Fog,0.63,4.21,1.1,23.1,73.6
2026-06-22 03:57:14,LKO,Clear,0.04,9.67,1.2,9.1,41.7
2026-05-22 00:46:46,LKO,Cloudy,0.33,6.95,1.3,35.2,79.2
2026-06-23 09:59:03,LKO,Fog,0.63,4.42,0.5,40.8,88.8
2026-04-07 13:34:30,LKO,Cloudy,0.25,8.44,0.2,32.1,42.7
2026-01-15 11:22:25,LKO,Clear,0.62,5.01,1.4,15.1,64.8
2026-05-13 05:03:43,LKO,Clear,0.04,8.75,0.3,27.8,45.7
2026-05-16 11:26:41,LKO,Clear,0.5,6.59,0.0,31.2,39.3
2026-02-22 15:53:23,LKO,Fog,0.46,6.09,0.8,29.5,58.0
2026-05-30 05:38:41,LKO,Fog,0.59,5.84,0.9,23.7,82.6
2026-02-15 11:07:48,LKO,Clear,0.26,7.97,1.4,34.5,59.7
2026-01-08 11:52:57,LKO,Rain,0.67,3.62,5.1,12.1,82.9
2026-03-04 05:07:30,LKO,Fog,0.71,3.94,1.0,12.9,62.1
2026-03-18 17:18:59,LKO,Rain,0.3,5.81,0.4,25.0,59.5
2026-06-02 20:49:02,LKO,Clear,0.31,7.97,1.2,31.0,34.4
2026-01-07 18:46:17,LKO,Clear,0.08,9.13,0.4,37.5,82.1
2026-05-01 12:20:52,LKO,Cloudy,0.14,8.42,1.1,28.8,74.6
2026-03-25 23:56:09,LKO,Fog,0.91,1.37,1.1,26.6,76.2
2026-06-09 20:35:11,LKO,Rain,0.26,6.92,4.6,28.7,56.4
2026-03-15 18:04:33,LKO,Clear,0.02,9.35,1.4,18.5,72.8
2026-01-10 12:34:02,LKO,Fog,0.87,1.96,1.5,31.4,68.6
2026-04-27 07:59:35,LKO,Clear,0.18,8.62,0.1,29.8,73.9
2026-01-16 07:14:43,LKO,Rain,0.12,7.3,3.2,15.3,63.4
2026-06-21 12:40:42,LKO,Clear,0.52,5.13,0.4,23.3,94.1
2026-01-04 22:09:31,LKO,Clear,0.25,8.15,0.9,20.4,75.5
2026-01-15 21:36:05,LKO,Fog,0.72,3.46,0.5,16.7,75.2
2026-06-26 15:59:12,LKO,Clear,0.25,7.09,1.4,27.3,69.8
2026-01-30 09:18:11,LKO,Rain,0.29,6.68,3.6,12.2,100.0
2026-05-03 19:18:34,LKO,Rain,0.45,4.67,2.9,28.2,48.3
2026-04-24 12:59:35,LKO,Fog,0.78,3.32,0.7,15.4,74.0
2026-03-27 02:52:09,LKO,Clear,0.18,8.76,0.2,28.4,40.6
2026-04-08 15:20:37,LKO,Cloudy,0.21,8.08,1.4,18.0,37.4
2026-05-10 07:09:06,LKO,Cloudy,0.42,6.59,0.6,21.4,96.6
2026-05-09 02:05:06,LKO,Fog,1.0,1.31,0.2,9.1,70.5
2026-01-15 04:03:07,LKO,Rain,0.25,6.75,3.2,23.9,20.0
2026-06-22 00:02:00,LKO,Cloudy,0.42,6.03,0.2,35.1,68.7
2026-04-07 06:03:07,LKO,Clear,0.26,7.1,1.2,20.9,90.3
2026-03-18 07:48:00,LKO,Fog,0.72,4.39,0.6,13.8,56.7
2026-04-24 17:27:42,LKO,Rain,0.1,7.7,4.7,38.3,55.9
2026-01-23 15:33:33,LKO,Rain,0.43,5.45,1.3,37.9,68.2
2026-05-11 13:05:49,LKO,Rain,0.28,6.74,11.2,15.1,91.3
2026-02-20 01:53:57,LKO,Fog,0.52,5.59,0.7,46.1,83.0
2026-02-25 01:22:14,LKO,Clear,0.67,4.73,0.3,23.6,45.7
2026-04-23 20:36:01,LKO,Cloudy,0.36,7.13,1.2,13.8,58.3
2026-01-19 01:40:54,LKO,Rain,0.24,6.88,5.6,18.9,42.0
2026-05-10 22:34:47,LKO,Rain,0.15,7.64,6.8,21.1,83.3
2026-02-08 03:26:08,LKO,Clear,0.02,9.32,1.1,27.0,81.8
2026-04-18 18:20:22,LKO,Clear,0.83,3.16,0.1,30.1,70.4
2026-04-24 15:58:09,LKO,Rain,0.33,6.81,26.7,27.7,73.2
2026-03-13 07:56:32,LKO,Clear,0.52,5.17,0.0,14.6,62.1
2026-06-29 04:17:43,LKO,Clear,0.13,8.5,0.5,34.1,54.9
2026-01-11 18:50:58,LKO,Clear,0.76,3.44,0.1,32.2,93.0
2026-01-17 01:41:33,LKO,Cloudy,0.68,4.28,0.9,33.1,49.2
2026-06-23 16:58:40,LKO,Rain,0.18,7.67,5.8,16.0,42.5
2026-05-03 18:46:31,LKO,Cloudy,0.38,6.91,1.4,14.6,86.7
2026-03-03 14:07:19,LKO,Cloudy,0.24,7.74,1.0,26.7,75.2
2026-03-27 02:22:49,LKO,Clear,0.09,8.49,0.6,17.7,69.2
2026-03-19 17:11:16,LKO,Clear,0.38,7.04,0.6,13.3,78.7
2026-05-14 23:09:15,LKO,Fog,0.54,5.42,1.2,15.5,58.9
2026-05-23 04:46:06,LKO,Clear,0.13,9.47,1.0,20.7,51.4
2026-05-02 21:40:22,LKO,Clear,0.16,8.04,0.9,22.4,83.6
2026-06-12 01:15:54,LKO,Rain,0.4,5.19,13.4,33.4,66.3
2026-04-20 22:41:34,LKO,Rain,0.29,6.93,3.5,32.5,65.2
2026-04-24 00:32:13,LKO,Rain,0.08,8.07,6.1,23.2,71.7
2026-03-25 06:02:32,LKO,Rain,0.18,6.97,12.3,38.0,65.7
2026-02-23 03:18:22,LKO,Clear,0.29,7.29,1.4,15.9,79.7
2026-06-05 05:19:04,LKO,Clear,0.37,7.35,1.1,30.8,83.1
2026-06-18 04:13:40,LKO,Fog,0.64,4.44,0.4,41.9,61.7
2026-05-22 05:56:31,LKO,Clear,0.21,8.37,0.0,30.4,52.5
2026-05-11 16:56:39,LKO,Clear,0.35,7.1,0.1,15.9,75.6
2026-03-31 18:25:37,LKO,Rain,0.29,6.13,0.9,13.9,78.4
2026-01-16 19:19:57,LKO,Clear,0.28,7.43,0.9,24.3,43.0
2026-04-24 17:16:46,LKO,Rain,0.15,7.46,5.4,35.0,62.0
2026-02-26 18:23:03,LKO,Clear,0.14,8.58,1.0,27.2,48.0
2026-05-17 18:02:01,LKO,Cloudy,0.32,7.17,0.6,34.8,62.1
2026-06-24 02:08:15,LKO,Rain,0.06,8.11,12.1,40.1,82.0
2026-05-04 20:24:48,LKO,Clear,0.17,8.13,0.1,31.6,92.4
2026-04-02 18:01:14,LKO,Cloudy,0.28,7.82,0.6,19.4,75.9
2026-05-24 16:49:23,LKO,Rain,0.28,6.58,3.7,19.1,56.8
2026-01-11 18:56:08,LKO,Clear,0.1,9.32,0.9,34.2,36.7
2026-05-30 12:35:45,LKO,Clear,0.56,5.56,0.2,23.6,52.8
2026-06-26 20:13:18,LKO,Rain,0.32,6.29,5.6,20.8,60.6
2026-06-20 19:12:24,LKO,Cloudy,0.39,7.17,0.7,33.1,66.5
2026-01-18 23:46:58,LKO,Clear,0.05,9.92,0.6,40.9,79.5
2026-06-17 21:09:52,LKO,Clear,0.35,7.81,0.3,9.5,35.7
2026-05-13 19:33:53,LKO,Fog,0.64,4.38,1.0,24.1,71.6
2026-03-14 22:49:07,LKO,Rain,0.24,6.74,4.4,19.3,73.2
2026-03-10 17:09:33,LKO,Fog,0.75,2.73,0.2,28.1,77.2
2026-01-11 05:15:26,LKO,Clear,0.58,4.58,0.7,11.8,37.5
2026-04-15 09:26:30,LKO,Clear,0.54,4.74,0.5,12.2,72.7
2026-02-21 07:00:48,LKO,Clear,0.23,8.32,0.1,22.8,64.9
2026-02-22 10:30:45,LKO,Clear,0.18,9.29,0.4,27.1,46.5
2026-02-22 09:11:13,LKO,Clear,0.08,9.47,1.3,23.8,87.7
2026-01-10 16:53:34,LKO,Cloudy,0.22,7.81,0.7,36.7,88.9
2026-05-15 17:33:18,LKO,Cloudy,0.08,9.75,0.3,18.9,58.4
2026-06-14 23:00:54,LKO,Clear,0.43,6.51,0.2,21.3,76.8
2026-02-09 04:43:55,LKO,Clear,0.06,9.07,0.5,33.7,62.2
2026-04-07 18:58:27,LKO,Rain,0.27,6.41,2.9,29.9,41.5
2026-01-16 15:40:45,LKO,Cloudy,0.42,6.91,1.3,25.5,100.0
2026-01-13 18:07:41,LKO,Fog,0.5,6.35,1.3,18.4,45.2
2026-06-11 02:44:06,LKO,Clear,0.07,8.94,0.7,33.6,93.2
2026-02-05 10:14:50,LKO,Clear,0.27,7.6,1.2,30.0,81.6
2026-01-22 16:02:13,LKO,Cloudy,0.63,4.93,1.0,20.3,50.5
2026-01-02 19:41:04,LKO,Rain,0.12,7.05,10.0,25.8,60.0
2026-01-16 10:25:49,LKO,Cloudy,0.21,8.3,0.9,24.1,64.6
2026-06-23 21:14:50,LKO,Clear,0.08,9.55,1.2,10.0,62.5
2026-02-28 07:28:47,LKO,Clear,0.2,8.17,0.4,11.2,58.1
2026-05-25 23:54:46,LKO,Cloudy,0.17,8.62,0.9,43.9,80.8
2026-04-08 04:43:47,LKO,Rain,0.21,7.6,14.1,37.9,97.7
2026-05-21 23:57:33,LKO,Fog,0.62,4.98,1.0,25.5,62.8
2026-05-24 16:39:41,LKO,Clear,0.46,6.89,1.1,14.5,37.2
2026-01-31 01:28:59,LKO,Rain,0.23,7.58,3.8,27.8,68.1
2026-04-16 12:21:58,LKO,Clear,0.36,6.45,1.4,27.3,96.4
2026-01-12 16:20:20,LKO,Cloudy,0.36,6.42,0.7,21.7,59.1
2026-01-26 06:43:11,LKO,Fog,0.45,6.82,1.0,23.7,42.5
2026-03-09 10:22:29,LKO,Cloudy,0.07,9.69,1.5,12.3,68.5
2026-03-20 11:36:00,LKO,Clear,0.64,4.54,0.8,21.6,74.1
2026-05-03 05:06:48,LKO,Cloudy,0.41,6.89,1.4,21.2,69.4
2026-03-17 13:59:24,LKO,Clear,0.27,7.46,0.2,35.4,60.3
2026-01-03 03:26:53,LKO,Clear,0.17,8.1,0.1,15.1,53.4
2026-06-16 18:20:13,LKO,Rain,0.14,7.75,3.2,27.4,38.2
2026-02-17 20:33:31,LKO,Clear,0.5,5.78,0.8,20.3,91.6
2026-04-24 09:01:45,LKO,Clear,0.53,5.58,0.5,23.5,61.6
2026-05-26 00:01:37,LKO,Clear,0.25,8.08,0.1,12.8,83.6
2026-01-20 20:39:24,LKO,Clear,0.11,8.62,0.3,25.6,86.1
2026-01-23 05:09:16,LKO,Clear,0.24,6.98,0.1,26.9,49.6
2026-06-30 22:45:59,LKO,Clear,0.15,8.44,1.0,24.4,58.2
2026-04-11 05:20:19,LKO,Clear,0.16,8.68,0.2,37.1,93.6
2026-02-11 09:29:48,LKO,Clear,0.29,8.21,1.4,13.7,57.8
2026-02-13 01:18:24,LKO,Cloudy,0.35,6.85,0.3,15.8,87.3
2026-01-26 21:35:55,LKO,Clear,0.43,6.68,0.6,11.6,79.6
2026-01-25 05:30:56,LKO,Clear,0.58,5.09,1.3,10.4,72.0
2026-02-08 15:42:07,LKO,Clear,0.28,7.65,0.8,28.8,43.2
2026-03-07 00:12:20,LKO,Cloudy,0.69,4.41,0.5,8.8,77.2
2026-03-19 05:33:22,LKO,Cloudy,0.44,5.38,0.2,13.1,58.2
2026-01-23 04:40:51,LKO,Rain,0.38,5.36,18.4,7.6,76.6
2026-03-06 21:31:10,LKO,Cloudy,0.31,7.6,0.9,27.8,66.2
2026-03-27 04:40:15,LKO,Clear,0.29,7.59,0.9,22.8,63.6
2026-02-23 15:09:19,LKO,Fog,0.59,5.73,0.9,16.7,55.7
2026-05-18 00:56:33,LKO,Clear,0.46,5.68,1.2,27.7,60.3
2026-03-08 08:44:46,LKO,Clear,0.32,7.0,0.0,38.4,100.0
2026-03-05 10:45:50,LKO,Fog,0.47,6.75,0.2,18.9,85.7
2026-02-15 19:23:04,LKO,Fog,0.89,3.07,1.4,24.7,75.3
2026-05-22 09:12:54,LKO,Clear,0.21,8.58,0.9,29.2,92.9
2026-05-21 16:29:33,LKO,Clear,0.42,5.9,0.9,14.4,27.5
2026-04-12 07:42:08,LKO,Rain,0.51,4.88,12.7,15.4,100.0
2026-03-24 23:46:18,LKO,Clear,0.45,6.67,1.3,27.4,38.0
2026-06-15 02:30:00,LKO,Clear,0.26,8.01,0.5,24.5,99.8
2026-03-27 16:17:23,LKO,Clear,0.17,8.93,0.2,17.2,75.1
2026-05-02 15:24:03,LKO,Clear,0.42,6.61,0.0,14.4,63.3
2026-03-05 23:57:23,LKO,Clear,0.65,3.16,0.5,15.9,72.9
2026-04-21 15:53:04,LKO,Fog,0.58,4.8,0.3,30.6,90.9
2026-04-29 12:43:12,LKO,Fog,0.49,5.89,0.8,12.4,100.0
2026-06-27 02:39:11,LKO,Clear,0.37,6.72,1.0,29.7,52.9
2026-02-16 23:52:54,LKO,Clear,0.25,8.4,0.4,24.4,81.4
2026-03-14 04:53:20,LKO,Clear,0.15,9.39,1.3,24.5,56.9
2026-06-12 04:17:39,LKO,Clear,0.25,7.56,1.2,17.0,81.4
2026-03-22 01:34:59,LKO,Rain,0.2,6.98,3.7,26.5,79.7
2026-02-28 10:22:16,LKO,Fog,0.93,2.19,0.0,31.2,88.5
2026-02-03 04:16:46,LKO,Cloudy,0.35,7.0,0.6,27.9,46.7
2026-01-10 09:10:35,LKO,Cloudy,0.31,7.78,1.2,23.1,54.2
2026-05-09 11:23:16,LKO,Fog,0.79,2.67,0.9,21.9,94.4
2026-04-09 01:22:36,LKO,Clear,0.37,6.5,1.1,23.2,75.6
2026-06-16 08:14:06,LKO,Clear,0.13,8.8,0.3,12.6,82.1
2026-03-03 09:35:40,LKO,Clear,0.14,9.43,0.7,32.8,65.6
2026-03-15 07:35:02,LKO,Clear,0.13,9.47,1.5,14.2,83.0
2026-05-17 14:42:32,LKO,Clear,0.16,8.93,1.2,23.7,59.3
2026-02-16 04:00:45,LKO,Clear,0.12,8.93,0.5,23.1,26.5
2026-03-20 23:48:00,LKO,Cloudy,0.6,5.04,0.6,11.9,91.2
2026-05-23 07:15:37,LKO,Cloudy,0.53,5.08,1.1,18.8,80.6
2026-01-01 06:15:38,LKO,Cloudy,0.08,9.72,0.9,35.3,76.1
2026-05-09 16:39:39,LKO,Clear,0.39,6.42,1.3,46.3,77.6
2026-01-02 02:36:15,LKO,Cloudy,0.28,8.43,1.3,13.2,63.1
2026-03-10 15:47:03,LKO,Cloudy,0.19,8.24,1.2,24.6,59.3
2026-06-05 05:12:05,LKO,Cloudy,0.25,8.42,1.4,29.1,100.0
2026-04-18 06:30:18,LKO,Clear,0.28,7.96,0.3,26.0,70.7
2026-04-24 19:16:45,LKO,Cloudy,0.42,6.75,0.3,27.6,73.1
2026-04-18 19:52:32,LKO,Clear,0.44,5.55,1.1,20.1,25.4
2026-03-19 14:59:36,LKO,Clear,0.21,8.3,1.2,30.8,97.5
2026-06-02 03:37:01,LKO,Fog,0.81,3.07,0.1,17.4,69.2
2026-01-17 19:15:05,LKO,Cloudy,0.3,7.68,0.1,24.6,59.4
2026-04-04 11:09:30,LKO,Fog,0.51,6.37,0.9,32.1,81.1
2026-05-07 02:08:20,LKO,Clear,0.21,8.45,0.4,24.4,64.6
2026-04-26 03:09:53,LKO,Cloudy,0.24,7.88,0.0,24.0,39.4
2026-01-27 04:18:03,LKO,Clear,0.31,6.34,1.0,22.4,47.1
2026-02-24 21:46:46,LKO,Clear,0.35,7.15,0.1,22.5,76.7
2026-02-13 05:27:10,LKO,Rain,0.19,7.71,3.9,26.3,46.9
2026-03-27 18:17:18,LKO,Clear,0.41,6.34,0.4,26.5,68.6
2026-01-19 22:14:42,LKO,Clear,0.59,4.83,1.2,18.6,49.3
2026-01-13 01:49:56,LKO,Fog,0.89,2.77,0.3,12.6,62.9
2026-06-09 14:27:19,LKO,Clear,0.13,9.0,0.2,36.7,74.8
2026-06-10 12:51:23,LKO,Rain,0.52,4.19,7.8,14.8,51.8
2026-02-12 00:07:28,LKO,Clear,0.06,9.0,0.2,13.6,57.4
2026-01-31 04:44:46,LKO,Rain,0.37,5.67,7.8,14.3,79.9
2026-02-23 17:47:13,LKO,Clear,0.56,5.32,1.3,17.1,76.0
2026-02-22 19:21:28,LKO,Rain,0.56,3.6,1.6,27.6,80.1
2026-05-31 14:54:15,LKO,Clear,0.4,6.63,0.9,22.2,92.5
2026-03-05 05:29:14,LKO,Cloudy,0.3,8.34,0.1,18.8,40.4
2026-02-23 09:54:24,LKO,Clear,0.21,8.36,1.0,31.7,88.1
2026-06-11 21:57:10,LKO,Clear,0.34,7.78,0.5,36.8,81.0
2026-01-08 15:26:35,LKO,Cloudy,0.24,7.88,1.2,41.8,73.5
2026-03-07 15:24:23,LKO,Rain,0.25,6.77,14.4,20.7,35.6
2026-02-15 04:42:50,LKO,Clear,0.17,8.18,0.6,15.8,65.3
2026-06-27 06:06:22,LKO,Rain,0.12,8.1,12.0,33.9,55.9
2026-05-11 08:46:58,LKO,Clear,0.27,7.13,0.0,24.6,93.1
2026-04-27 11:50:47,LKO,Cloudy,0.63,4.82,0.9,19.1,54.4
2026-06-28 11:07:42,LKO,Clear,0.39,6.57,0.4,14.7,47.3
2026-01-01 23:00:53,LKO,Clear,0.28,7.72,1.4,13.8,80.5
2026-03-17 00:32:24,LKO,Fog,0.66,3.91,0.1,21.4,46.4
2026-02-22 13:18:33,LKO,Clear,0.19,9.26,0.6,13.8,50.8
2026-03-20 05:41:29,LKO,Rain,0.56,4.25,4.4,19.5,80.9
2026-03-05 08:34:41,LKO,Clear,0.22,7.77,0.2,30.6,54.3
2026-02-12 20:51:47,LKO,Cloudy,0.41,6.15,0.6,14.7,100.0
2026-06-11 02:22:22,LKO,Rain,0.1,9.05,3.4,25.4,64.1
2026-03-06 21:45:58,LKO,Cloudy,0.6,4.96,0.8,28.2,76.8
2026-06-30 17:10:07,LKO,Clear,0.34,7.29,1.0,27.3,35.9
2026-02-08 07:08:13,LKO,Clear,0.48,6.61,0.4,19.6,39.6
2026-03-09 04:16:34,LKO,Fog,0.68,4.4,0.1,20.5,35.8
2026-01-23 18:53:37,LKO,Rain,0.12,8.48,11.1,25.6,74.2
2026-01-29 03:06:30,LKO,Cloudy,0.29,6.99,1.5,26.5,73.6
2026-01-05 01:57:44,LKO,Clear,0.41,6.05,1.2,31.9,88.5
2026-03-17 00:54:58,LKO,Cloudy,0.16,8.78,1.1,29.5,82.3
2026-03-22 05:04:37,LKO,Clear,0.15,8.48,1.3,31.1,75.3
2026-05-08 18:39:50,LKO,Clear,0.37,7.16,0.7,23.7,52.8
2026-05-29 02:20:13,LKO,Cloudy,0.25,8.29,1.0,26.4,49.6
2026-06-07 14:15:30,LKO,Fog,0.97,2.23,0.8,33.4,76.1
2026-05-10 06:58:13,LKO,Clear,0.27,7.58,1.5,29.9,77.2
2026-03-29 17:08:57,LKO,Rain,0.17,6.66,2.6,33.3,67.7
2026-01-16 08:24:22,LKO,Clear,0.49,5.57,1.5,29.1,59.6
2026-04-28 14:39:37,LKO,Clear,0.42,6.43,0.3,41.7,100.0
2026-01-15 10:31:50,LKO,Cloudy,0.38,6.58,0.8,23.0,75.4
2026-02-05 12:04:10,LKO,Clear,0.44,6.21,0.8,22.0,77.8
2026-03-28 22:05:47,LKO,Cloudy,0.13,8.78,1.0,25.4,70.3
2026-04-30 21:53:03,LKO,Cloudy,0.24,7.76,1.2,23.2,71.7
2026-03-30 02:45:08,LKO,Fog,0.5,5.74,0.8,17.1,76.5
2026-02-15 21:41:50,LKO,Fog,0.96,1.16,0.0,31.5,68.3
2026-04-24 00:18:30,LKO,Clear,0.32,8.0,0.8,19.8,73.1
2026-06-30 17:37:53,LKO,Cloudy,0.33,7.92,1.0,26.5,68.6
2026-01-11 07:25:11,LKO,Fog,0.54,4.79,0.4,8.6,65.5
2026-05-25 00:23:56,LKO,Clear,0.17,8.03,0.7,27.8,61.8
2026-04-29 02:12:19,LKO,Clear,0.37,7.05,0.7,14.9,72.7
2026-05-01 06:25:12,LKO,Cloudy,0.22,8.6,0.5,29.9,62.4
2026-04-22 02:10:32,LKO,Clear,0.05,8.51,0.2,14.6,62.9
2026-04-17 06:53:40,LKO,Clear,0.47,5.1,1.4,8.3,54.6
2026-01-18 15:39:43,LKO,Rain,0.19,7.52,9.5,25.5,71.9
2026-06-06 19:04:01,LKO,Rain,0.17,7.21,4.8,17.1,60.6
2026-06-15 06:34:41,LKO,Clear,0.41,7.02,0.3,26.9,80.2
2026-03-31 08:12:52,LKO,Rain,0.31,5.59,6.3,19.2,77.9
2026-05-12 06:26:15,LKO,Cloudy,0.1,9.75,1.0,27.2,57.5
2026-05-28 14:39:47,LKO,Cloudy,0.06,9.53,1.5,26.8,81.4
2026-02-25 10:33:24,LKO,Clear,0.14,7.73,1.2,28.9,31.6
2026-03-14 00:09:47,LKO,Fog,0.85,2.61,0.6,23.2,87.1
2026-05-18 02:54:12,LKO,Clear,0.44,5.92,0.5,24.8,54.2
2026-01-28 01:04:44,LKO,Clear,0.22,7.9,0.2,29.4,69.8
2026-05-25 01:33:09,LKO,Fog,0.66,3.88,1.0,23.3,77.4
2026-03-20 02:33:26,LKO,Rain,0.68,2.61,13.7,30.6,62.3
2026-06-14 02:19:54,LKO,Clear,0.12,8.95,0.7,35.9,63.1
2026-03-20 05:08:21,LKO,Clear,0.15,9.14,0.2,39.8,27.3
2026-02-17 18:36:51,LKO,Clear,0.18,8.12,1.1,29.8,24.6
2026-02-17 21:29:59,LKO,Fog,0.82,2.34,0.6,19.0,63.4
2026-04-21 12:38:34,LKO,Clear,0.22,9.31,0.0,27.2,56.5
2026-05-22 19:32:52,LKO,Clear,0.57,5.58,0.8,14.7,100.0
2026-03-29 04:58:42,LKO,Clear,0.72,3.36,1.5,27.1,27.1
2026-05-29 05:32:43,LKO,Clear,0.27,7.3,0.7,28.4,86.7
2026-03-27 14:57:48,LKO,Fog,0.89,2.79,0.2,26.1,73.5
2026-01-17 05:17:12,LKO,Clear,0.28,7.71,0.8,17.7,73.5
2026-05-28 10:40:35,LKO,Fog,0.4,6.95,1.3,26.9,95.7
2026-03-18 15:43:44,LKO,Clear,0.24,9.08,0.0,15.2,27.7
2026-01-01 19:43:35,LKO,Clear,0.35,6.14,0.6,19.4,72.4
2026-01-26 13:06:10,LKO,Fog,0.72,4.54,0.1,24.6,44.9
2026-04-21 06:44:49,LKO,Clear,0.35,7.3,1.3,19.6,74.9
2026-06-29 21:51:22,LKO,Cloudy,0.16,9.08,0.4,21.0,81.2
2026-06-14 23:32:46,LKO,Cloudy,0.09,9.58,1.1,43.2,66.9
2026-06-07 15:13:19,LKO,Clear,0.29,8.5,0.5,18.3,60.4
2026-06-16 15:02:14,LKO,Clear,0.17,8.37,1.5,12.9,36.6
2026-04-11 01:59:19,LKO,Clear,0.24,7.69,0.7,42.7,91.9
2026-02-02 11:41:16,LKO,Cloudy,0.44,5.47,1.3,41.2,45.8
2026-02-21 17:41:52,LKO,Clear,0.54,3.93,0.5,13.6,100.0
2026-03-31 04:52:30,LKO,Clear,0.33,6.75,0.0,26.7,60.4
2026-02-06 16:43:53,LKO,Fog,0.67,4.21,1.1,33.5,85.6
2026-02-28 15:53:58,LKO,Cloudy,0.46,6.47,0.1,32.3,77.8
2026-05-30 18:17:42,LKO,Fog,0.44,6.75,0.1,33.9,70.2
2026-04-19 02:11:19,LKO,Clear,0.57,5.34,0.0,34.7,68.9
2026-05-02 16:46:02,LKO,Cloudy,0.26,7.78,0.2,20.8,51.9
2026-02-19 20:50:43,LKO,Cloudy,0.18,7.83,0.8,15.3,53.1
2026-01-25 08:03:01,LKO,Clear,0.19,8.55,1.4,13.4,94.2
2026-05-26 21:03:17,LKO,Clear,0.13,8.86,0.8,37.3,48.6
2026-05-12 10:27:12,LKO,Cloudy,0.15,8.13,0.8,25.6,69.6
2026-01-28 02:00:47,LKO,Clear,0.18,8.16,0.1,28.8,64.9
2026-06-16 17:49:55,LKO,Clear,0.32,7.37,0.6,17.8,63.1
2026-03-23 09:31:40,LKO,Rain,0.46,5.06,7.6,14.7,75.4
2026-06-23 19:46:49,LKO,Rain,0.35,5.54,3.3,16.0,50.1
2026-02-28 09:12:13,LKO,Clear,0.24,8.03,1.4,34.5,62.7
2026-02-13 19:57:38,LKO,Clear,0.27,7.15,0.6,21.5,71.9
2026-05-31 15:58:51,LKO,Fog,0.6,5.42,1.4,19.6,55.1
2026-03-13 02:13:17,LKO,Clear,0.74,3.95,1.0,38.2,100.0
2026-01-10 16:07:10,LKO,Clear,0.17,8.56,1.2,31.3,66.4
2026-01-16 17:01:43,LKO,Cloudy,0.07,9.56,0.4,46.2,58.7
2026-02-23 03:35:23,LKO,Clear,0.26,8.18,0.4,17.1,88.4
2026-04-05 07:12:03,LKO,Clear,0.39,6.75,0.3,44.8,33.1
2026-06-06 06:17:23,LKO,Clear,0.09,8.46,0.6,39.9,61.2
2026-02-08 04:49:28,LKO,Clear,0.42,6.12,1.3,20.4,56.8
2026-02-02 10:03:25,LKO,Cloudy,0.47,5.82,1.3,33.4,53.6
2026-03-21 04:12:27,LKO,Cloudy,0.2,8.47,1.4,27.9,56.0
2026-01-22 03:32:14,LKO,Fog,0.63,3.87,1.3,18.0,64.5
2026-04-28 01:54:35,LKO,Clear,0.15,8.49,0.7,20.4,65.8
2026-03-11 12:35:19,LKO,Clear,0.19,7.54,1.5,10.4,42.5
2026-04-09 19:43:13,LKO,Fog,0.43,5.77,1.1,13.2,76.9
2026-06-04 16:26:16,LKO,Clear,0.56,5.56,0.8,21.7,100.0
2026-06-11 00:30:14,LKO,Fog,0.49,5.73,0.5,20.8,64.5
2026-04-29 22:43:32,LKO,Clear,0.27,7.26,0.9,12.0,77.2
2026-05-05 19:56:56,LKO,Clear,0.23,8.93,0.8,16.3,73.9
2026-05-23 11:58:45,LKO,Clear,0.1,9.23,0.7,28.5,77.5
2026-01-05 01:00:53,LKO,Clear,0.38,6.21,1.4,19.7,65.5
2026-01-12 10:08:19,LKO,Rain,0.41,5.26,4.4,15.8,61.1
2026-06-09 20:51:16,LKO,Clear,0.06,9.09,0.2,30.2,52.5
2026-03-20 11:03:38,LKO,Clear,0.38,6.05,1.2,27.9,79.2
2026-06-23 10:13:03,LKO,Rain,0.37,5.79,6.8,26.8,61.3
2026-06-30 06:08:37,LKO,Clear,0.3,7.92,1.0,17.3,88.9
2026-03-14 12:29:59,LKO,Clear,0.45,6.21,1.3,26.2,87.8
2026-06-08 02:33:26,LKO,Clear,0.18,7.62,0.7,17.1,89.7
2026-02-16 11:41:06,LKO,Cloudy,0.1,9.18,0.3,26.0,70.0
2026-02-22 08:23:10,LKO,Fog,0.49,5.71,0.5,14.1,47.2
2026-02-10 22:37:19,LKO,Clear,0.03,10.18,0.2,17.4,48.5
2026-05-04 18:50:55,LKO,Clear,0.29,7.56,0.7,21.2,86.4
2026-02-22 18:55:10,LKO,Cloudy,0.44,6.11,0.4,25.2,45.6
2026-06-21 15:52:31,LKO,Clear,0.43,5.67,0.3,29.8,50.2
2026-02-18 14:53:17,LKO,Clear,0.25,7.61,1.2,28.9,84.1
2026-03-05 21:23:34,LKO,Cloudy,0.16,8.27,0.9,31.0,52.0
2026-06-22 05:28:31,LKO,Clear,0.21,7.84,0.9,29.4,82.9
2026-01-06 22:20:43,LKO,Cloudy,0.16,8.64,1.0,7.9,49.8
2026-04-15 15:53:16,LKO,Clear,0.39,7.18,0.2,26.4,43.4
2026-02-05 06:22:12,LKO,Clear,0.11,8.69,1.3,15.3,72.0
2026-04-09 01:58:37,LKO,Clear,0.36,7.09,0.6,12.5,61.5
2026-06-28 04:31:02,LKO,Fog,0.54,6.23,1.3,15.9,86.1
2026-01-22 11:15:36,LKO,Clear,0.3,7.44,0.5,15.9,65.7
2026-06-22 08:58:58,LKO,Clear,0.08,9.51,0.5,38.0,69.6
2026-06-01 18:32:21,LKO,Clear,0.44,5.92,0.1,37.2,47.7
2026-02-14 00:28:32,LKO,Rain,0.57,3.81,14.0,30.0,61.4
2026-05-06 01:58:58,LKO,Cloudy,0.42,6.77,0.1,29.6,68.0
2026-03-30 06:17:01,LKO,Clear,0.39,7.1,0.5,26.7,87.7
2026-01-28 14:47:40,LKO,Rain,0.5,5.08,8.7,2.2,53.9
2026-03-03 11:11:11,LKO,Cloudy,0.68,4.79,0.8,27.5,98.3
2026-06-03 01:23:13,LKO,Cloudy,0.58,5.57,0.4,34.0,64.9
2026-04-13 13:13:00,LKO,Clear,0.15,9.16,0.9,16.2,76.6
2026-05-15 15:43:37,LKO,Clear,0.65,4.99,0.5,24.4,93.3
2026-01-17 10:56:38,LKO,Clear,0.06,10.05,0.6,17.3,61.3
2026-02-14 14:54:27,LKO,Clear,0.39,6.57,0.5,30.4,94.8
2026-04-12 00:46:52,LKO,Clear,0.34,6.35,0.9,19.9,42.7
2026-04-27 07:24:30,LKO,Clear,0.25,8.0,0.9,30.9,62.3
2026-02-01 23:22:43,LKO,Clear,0.15,8.58,0.6,14.4,79.3
2026-04-02 12:52:24,LKO,Fog,0.63,4.96,0.9,14.3,100.0
2026-02-23 00:12:19,LKO,Fog,0.53,5.62,1.1,24.2,42.2
2026-05-17 04:37:36,LKO,Rain,0.15,7.39,4.5,13.4,47.4
2026-04-14 07:39:03,LKO,Fog,0.69,3.73,1.2,15.2,54.6
2026-02-15 08:51:52,LKO,Clear,0.3,7.71,1.0,30.5,64.8
2026-02-14 14:53:07,LKO,Rain,0.73,2.84,3.7,15.0,82.9
2026-01-08 21:17:36,LKO,Clear,0.19,8.78,0.7,27.1,87.2
2026-03-03 12:08:06,LKO,Cloudy,0.37,7.14,0.4,19.5,65.1
2026-05-04 01:59:35,LKO,Rain,0.28,6.46,18.1,30.3,79.2
2026-04-08 00:43:23,LKO,Clear,0.08,9.11,1.1,24.3,27.7
2026-01-31 17:24:33,LKO,Clear,0.45,5.1,0.8,25.0,28.6
2026-03-04 12:56:26,LKO,Clear,0.24,6.61,0.1,15.1,53.8
2026-05-18 10:05:56,LKO,Rain,0.26,6.21,12.4,22.6,78.7
2026-03-18 00:42:05,LKO,Fog,0.95,1.89,0.5,9.7,75.0
2026-05-29 22:26:19,LKO,Cloudy,0.57,4.98,0.6,23.3,60.9
2026-03-07 15:26:32,LKO,Clear,0.14,9.21,0.4,15.3,64.7
2026-01-08 00:17:02,LKO,Fog,0.6,4.95,1.5,14.6,46.2
2026-06-04 23:03:22,LKO,Rain,0.18,6.73,9.2,35.5,33.7
2026-06-06 22:32:36,LKO,Cloudy,0.11,8.86,0.1,25.7,40.4
2026-04-08 05:22:51,LKO,Clear,0.35,8.06,0.6,17.3,74.2
2026-04-05 05:10:37,LKO,Clear,0.06,9.88,0.7,42.8,47.4
2026-02-24 09:04:43,LKO,Fog,0.69,3.79,1.0,32.8,63.5
2026-04-23 03:55:19,LKO,Rain,0.18,8.15,8.3,23.6,77.6
2026-06-10 04:30:52,LKO,Clear,0.16,8.41,0.9,26.5,83.6
2026-02-07 04:54:10,LKO,Clear,0.23,8.78,0.2,15.9,55.3
2026-06-08 16:18:40,LKO,Clear,0.18,8.81,0.6,36.9,63.1
2026-01-30 19:00:56,LKO,Clear,0.29,7.31,0.7,32.4,71.3
2026-01-30 05:51:26,LKO,Fog,0.83,3.14,0.6,13.9,66.6
2026-06-09 15:47:00,LKO,Rain,0.13,8.27,5.4,15.5,53.0
2026-03-03 23:11:32,LKO,Clear,0.27,8.17,1.0,21.4,57.0
2026-06-11 09:56:16,LKO,Clear,0.31,7.66,0.0,27.8,84.6
2026-02-01 18:57:40,LKO,Cloudy,0.38,6.46,0.2,19.2,70.1
2026-06-24 19:09:31,LKO,Rain,0.27,6.91,3.4,33.0,71.3
2026-05-23 02:18:42,LKO,Clear,0.5,5.9,0.3,28.0,89.6
2026-05-04 18:24:47,LKO,Clear,0.32,7.06,1.5,25.6,58.7
2026-06-16 17:05:04,LKO,Cloudy,0.2,8.76,0.6,20.4,64.7
2026-06-19 15:25:35,LKO,Cloudy,0.49,5.4,0.9,13.3,52.9
2026-01-21 21:28:26,LKO,Clear,0.1,9.92,0.1,11.7,90.4
2026-05-02 01:39:55,LKO,Clear,0.17,9.07,0.6,19.2,75.1
2026-03-17 04:34:36,LKO,Clear,0.29,7.92,0.4,27.8,61.0
2026-02-14 17:11:07,LKO,Rain,0.59,3.63,14.7,16.6,93.6
2026-04-24 04:23:15,LKO,Fog,0.51,6.2,0.3,22.9,75.4
2026-06-01 04:40:13,LKO,Clear,0.23,7.99,0.2,30.3,62.1
2026-06-25 11:59:19,LKO,Cloudy,0.12,9.86,1.0,27.2,53.2
2026-02-18 14:26:07,LKO,Clear,0.15,8.32,0.9,8.0,51.2
2026-04-30 17:50:33,LKO,Cloudy,0.29,7.66,0.7,23.7,78.0
2026-01-03 22:10:13,LKO,Cloudy,0.47,6.3,1.3,30.1,73.0
2026-03-01 01:39:55,LKO,Clear,0.43,6.07,0.6,14.7,98.5
2026-05-03 05:26:52,LKO,Clear,0.24,8.05,0.0,30.8,87.5
2026-01-15 03:41:01,LKO,Clear,0.43,6.98,1.1,28.2,57.6
2026-04-04 18:36:37,LKO,Clear,0.27,8.77,1.5,26.1,71.6
2026-06-06 06:26:39,LKO,Clear,0.2,8.31,1.2,15.8,47.3
2026-03-03 03:51:20,LKO,Clear,0.56,5.29,0.5,32.8,88.9
2026-03-19 21:54:00,LKO,Clear,0.29,7.35,0.4,8.5,68.6
2026-01-28 06:50:02,LKO,Clear,0.14,8.59,0.2,15.9,31.2
2026-02-13 20:40:42,LKO,Clear,0.17,8.31,0.0,31.1,49.5
2026-06-08 03:15:19,LKO,Clear,0.09,9.11,1.3,32.9,75.5
2026-06-21 05:17:48,LKO,Clear,0.26,7.53,1.1,13.0,59.8
2026-05-11 15:54:02,LKO,Clear,0.31,6.99,0.5,34.2,66.6
2026-01-10 04:05:24,LKO,Cloudy,0.18,8.17,0.6,17.6,74.4
2026-05-24 05:23:17,LKO,Fog,0.51,5.49,0.9,25.9,72.6
2026-04-05 02:19:32,LKO,Rain,0.33,6.31,7.4,20.9,54.9
2026-02-15 17:58:45,LKO,Clear,0.18,8.68,1.3,21.5,76.6
2026-04-03 21:02:06,LKO,Clear,0.09,9.1,1.5,12.3,54.6
2026-01-02 23:58:43,LKO,Cloudy,0.05,8.92,0.6,33.8,70.5
2026-05-29 11:38:55,LKO,Clear,0.09,8.56,1.2,28.9,91.6
2026-03-21 02:50:45,LKO,Clear,0.27,7.87,1.2,21.8,50.8
2026-03-20 23:52:47,LKO,Clear,0.29,7.29,0.6,33.2,60.0
2026-05-16 23:38:06,LKO,Cloudy,0.02,9.52,0.1,4.3,37.6
2026-06-18 21:31:19,LKO,Clear,0.21,7.92,1.4,25.6,73.1
2026-05-18 13:16:03,LKO,Clear,0.57,4.75,1.1,16.0,82.7
2026-02-25 11:33:11,LKO,Cloudy,0.59,5.23,0.6,25.6,59.0
2026-06-19 20:42:59,LKO,Clear,0.21,8.45,0.8,24.9,52.9
2026-02-11 06:25:07,LKO,Cloudy,0.52,5.39,0.1,31.6,64.2
2026-01-28 18:57:23,LKO,Clear,0.29,7.06,0.7,23.6,47.0
2026-03-30 07:46:43,LKO,Cloudy,0.14,8.86,1.2,18.4,36.1
2026-05-09 09:09:37,LKO,Clear,0.41,6.37,0.3,29.4,56.9
2026-03-06 02:56:46,LKO,Clear,0.75,4.17,0.8,35.4,76.2
2026-01-08 07:10:30,LKO,Fog,0.57,5.42,1.2,32.4,86.4
2026-04-09 18:16:19,LKO,Clear,0.08,9.04,0.7,10.0,86.9
2026-03-17 06:44:26,LKO,Clear,0.58,4.5,0.1,31.2,81.3
2026-06-08 01:32:15,LKO,Fog,0.87,2.55,1.0,8.1,49.0
2026-01-16 03:05:06,LKO,Clear,0.15,8.22,0.2,35.2,59.7
2026-02-24 16:24:06,LKO,Cloudy,0.13,8.33,0.0,32.7,40.8
2026-06-17 12:59:32,LKO,Rain,0.4,5.22,1.9,24.2,100.0
2026-03-11 17:06:24,LKO,Clear,0.37,6.12,0.7,26.9,54.5
2026-02-19 13:30:11,LKO,Clear,0.44,6.23,0.6,20.7,22.4
2026-04-12 16:45:16,LKO,Clear,0.32,7.73,0.5,15.4,87.0
2026-03-24 21:28:08,LKO,Clear,0.22,8.47,0.9,24.8,63.5
2026-03-07 18:10:15,LKO,Clear,0.37,6.07,1.3,29.3,46.4
2026-01-30 02:33:48,LKO,Clear,0.31,6.92,0.3,13.0,65.6
2026-04-01 19:05:01,LKO,Clear,0.19,8.39,0.8,13.3,48.5
2026-04-07 22:56:57,LKO,Cloudy,0.33,6.97,0.4,36.2,61.9
2026-06-22 13:00:52,LKO,Cloudy,0.3,6.89,0.6,36.3,80.0
2026-05-18 15:20:59,LKO,Cloudy,0.16,8.69,1.2,30.1,86.4
2026-04-23 23:37:07,LKO,Clear,0.08,9.3,1.3,18.7,73.5
2026-06-08 12:16:17,LKO,Clear,0.41,7.66,0.7,21.3,55.3
2026-02-23 16:38:20,LKO,Cloudy,0.58,4.79,1.3,24.3,53.5
2026-02-20 05:35:53,LKO,Cloudy,0.13,8.76,0.8,7.2,84.5
2026-04-17 18:58:59,LKO,Cloudy,0.18,8.2,0.9,11.4,45.9
2026-06-29 06:47:24,LKO,Cloudy,0.24,8.1,0.3,-1.9,49.0
2026-03-28 04:21:37,LKO,Clear,0.57,5.47,1.0,20.5,65.4
2026-06-30 09:10:30,LKO,Clear,0.19,8.18,1.3,11.5,59.0
2026-05-22 14:34:52,LKO,Clear,0.44,5.26,0.3,28.4,40.5
2026-04-12 18:55:31,LKO,Cloudy,0.21,8.28,1.4,27.6,66.7
2026-03-28 08:27:09,LKO,Clear,0.35,8.42,0.7,26.7,89.3
2026-01-22 06:19:27,LKO,Cloudy,0.16,9.22,0.3,21.0,44.4
2026-03-30 11:50:23,LKO,Clear,0.17,8.53,1.1,23.6,54.2
2026-03-24 18:05:07,LKO,Clear,0.64,4.47,0.1,30.4,71.0
2026-04-14 17:04:01,LKO,Cloudy,0.16,8.34,0.6,21.3,68.5
2026-02-20 00:13:14,LKO,Fog,0.5,5.66,1.4,26.5,70.7
2026-03-21 05:01:10,LKO,Clear,0.13,8.66,0.2,42.4,30.3
2026-01-23 23:19:11,LKO,Cloudy,0.38,6.73,0.2,23.4,82.5
2026-06-03 02:51:08,LKO,Clear,0.37,7.49,0.7,18.1,57.4
2026-01-17 06:01:04,LKO,Clear,0.59,5.89,1.1,15.7,71.7
2026-03-29 11:13:46,LKO,Clear,0.35,6.21,0.3,20.5,79.3
2026-03-26 07:47:12,LKO,Fog,0.52,5.63,0.0,14.5,93.9
2026-01-05 16:34:53,LKO,Clear,0.21,7.98,0.4,27.8,84.4
2026-06-14 08:30:34,LKO,Clear,0.28,7.34,1.3,31.8,81.0
2026-01-05 00:06:03,LKO,Clear,0.41,7.14,0.7,12.5,77.2
2026-05-19 02:19:54,LKO,Clear,0.24,7.89,0.3,19.8,58.3
2026-02-26 17:09:36,LKO,Rain,0.13,8.18,10.5,23.3,36.7
2026-03-09 19:20:00,LKO,Clear,0.13,8.75,0.3,29.0,72.2
2026-01-22 23:36:40,LKO,Clear,0.26,7.96,1.3,20.3,68.0
2026-03-14 14:07:25,LKO,Fog,0.5,5.67,0.5,16.9,77.5
2026-01-14 09:02:51,LKO,Clear,0.16,8.58,0.6,16.3,55.5
2026-03-10 06:04:41,LKO,Clear,0.07,10.21,1.3,33.5,79.2
2026-01-17 07:37:02,LKO,Cloudy,0.12,9.4,1.2,24.5,62.8
2026-06-14 22:37:04,LKO,Clear,0.31,7.42,0.9,32.3,84.6
2026-01-03 17:36:12,LKO,Rain,0.61,3.06,20.4,8.4,80.1
2026-02-14 17:49:59,LKO,Rain,0.43,5.33,7.9,21.2,70.4
2026-03-10 21:15:43,LKO,Cloudy,0.48,5.98,1.0,32.9,48.8
2026-02-02 06:38:14,LKO,Rain,0.42,5.2,7.8,15.8,50.9
2026-04-08 02:19:32,LKO,Clear,0.43,6.51,0.8,25.4,50.6
2026-06-15 01:35:35,LKO,Clear,0.36,6.92,0.2,42.4,50.3
2026-02-06 07:57:01,LKO,Clear,0.36,6.93,1.2,28.8,51.5
2026-05-28 17:52:09,LKO,Fog,0.82,2.5,0.9,17.8,79.3
2026-04-20 03:10:58,LKO,Clear,0.07,9.57,1.3,14.1,76.2
2026-03-22 12:20:27,LKO,Clear,0.16,8.78,0.0,28.8,87.4
2026-06-24 05:25:44,LKO,Clear,0.28,7.83,1.2,20.8,100.0
2026-03-05 10:12:13,LKO,Clear,0.04,9.87,1.1,27.6,82.4
2026-01-21 00:04:38,LKO,Cloudy,0.1,9.25,0.5,9.1,53.2
2026-05-12 21:05:05,LKO,Clear,0.37,7.63,1.4,28.1,68.8
2026-06-27 14:23:27,LKO,Clear,0.14,8.87,0.7,30.7,69.4
2026-03-30 19:11:45,LKO,Cloudy,0.68,4.53,0.3,11.1,88.8
2026-06-17 16:04:34,LKO,Clear,0.34,7.55,0.9,28.4,96.3
2026-04-27 16:52:40,LKO,Clear,0.34,7.97,0.4,22.8,88.0
2026-05-27 05:46:11,LKO,Clear,0.1,8.58,1.3,29.8,60.8
2026-01-09 11:20:40,LKO,Clear,0.26,8.51,1.1,25.2,83.7
2026-01-19 18:10:27,LKO,Clear,0.08,9.05,0.5,33.7,43.3
2026-02-24 02:37:19,LKO,Fog,0.4,7.04,1.3,27.2,69.3
2026-06-01 23:14:56,LKO,Rain,0.68,3.11,24.9,47.3,56.5
2026-02-17 07:53:19,LKO,Fog,0.43,6.78,0.5,17.2,36.7
2026-01-30 09:44:32,LKO,Clear,0.59,4.66,0.7,18.8,77.6
2026-02-28 00:31:24,LKO,Cloudy,0.58,5.04,0.6,24.5,100.0
2026-02-07 19:54:23,LKO,Clear,0.41,6.84,0.0,20.8,97.0
2026-01-26 14:15:05,LKO,Cloudy,0.71,4.46,1.0,15.6,60.3
2026-05-17 12:21:22,LKO,Fog,0.4,5.7,0.6,31.5,89.6
2026-06-02 05:10:03,LKO,Clear,0.67,4.22,0.1,26.6,47.7
2026-06-23 12:05:00,LKO,Clear,0.13,8.8,1.4,23.6,57.2
2026-04-18 00:23:58,LKO,Clear,0.43,7.09,0.4,-3.8,100.0
2026-03-04 20:01:05,LKO,Clear,0.44,6.59,0.7,13.0,71.2
2026-04-10 22:53:43,LKO,Clear,0.26,7.9,1.0,29.9,69.7
2026-05-03 12:31:56,LKO,Cloudy,0.13,9.2,0.4,23.8,69.5
2026-02-01 00:33:45,LKO,Fog,0.41,7.27,0.1,30.5,83.1
2026-06-26 19:13:19,LKO,Cloudy,0.33,7.17,1.5,16.6,74.9
2026-06-02 06:49:06,LKO,Fog,0.53,5.2,0.1,6.9,100.0
2026-06-27 19:11:13,LKO,Fog,0.66,3.8,1.0,25.3,55.5
2026-01-21 20:00:10,LKO,Rain,0.07,7.95,1.9,30.7,58.7
2026-04-03 01:37:23,LKO,Cloudy,0.34,6.66,0.2,23.9,65.2
2026-03-19 08:51:04,LKO,Fog,0.43,6.26,0.9,27.5,82.6
2026-03-15 06:50:08,LKO,Rain,0.38,5.37,6.7,18.7,72.8
2026-03-01 09:21:22,LKO,Cloudy,0.39,5.99,0.6,26.1,48.3
2026-01-25 10:31:02,LKO,Clear,0.26,7.35,0.5,31.3,51.4
2026-03-04 00:32:43,LKO,Rain,0.16,6.79,4.1,27.7,47.6
2026-03-24 08:43:34,LKO,Clear,0.12,8.67,1.4,29.8,71.6
2026-06-04 01:40:40,LKO,Clear,0.36,7.33,0.7,27.3,90.8
2026-03-31 14:26:43,LKO,Rain,0.46,4.3,8.5,37.2,74.9
2026-02-07 03:23:42,LKO,Fog,0.76,2.47,0.8,17.8,62.3
2026-01-09 15:52:37,LKO,Cloudy,0.36,6.5,0.5,25.5,23.9
2026-01-17 20:05:05,LKO,Clear,0.21,8.56,0.3,1.1,40.7
2026-02-20 10:07:20,LKO,Clear,0.42,5.68,0.2,19.6,75.8
2026-06-08 05:58:53,LKO,Clear,0.39,6.75,0.2,41.1,73.0
2026-04-12 07:12:17,LKO,Clear,0.32,7.32,0.5,23.7,65.6
2026-02-16 04:07:31,LKO,Clear,0.52,6.24,0.2,35.9,66.3
2026-03-12 01:34:01,LKO,Clear,0.13,8.9,0.8,6.6,85.9
2026-04-10 19:42:09,LKO,Rain,0.32,5.5,2.2,2.5,43.9
2026-03-04 09:50:42,LKO,Clear,0.33,7.48,0.9,37.6,72.8
2026-06-09 07:36:10,LKO,Clear,0.31,7.55,0.3,35.1,70.3
2026-02-11 03:09:51,LKO,Fog,0.55,5.34,0.1,24.3,73.7
2026-03-15 18:44:34,LKO,Clear,0.05,9.95,1.2,29.0,94.0
2026-02-05 07:10:21,LKO,Rain,0.21,6.95,1.2,27.0,53.7
2026-04-06 19:52:22,LKO,Fog,0.95,2.1,0.8,29.7,50.4
2026-02-18 21:49:19,LKO,Clear,0.22,7.82,0.7,19.6,78.2
2026-02-16 05:12:20,LKO,Clear,0.19,8.79,0.2,20.8,70.7
2026-05-31 18:27:17,LKO,Fog,0.42,6.35,0.0,34.3,90.5
2026-06-19 19:46:04,LKO,Cloudy,0.19,8.74,0.9,24.2,55.3
2026-06-16 09:21:23,LKO,Clear,0.39,7.17,0.7,14.9,48.3
2026-04-02 18:07:47,LKO,Fog,0.71,4.12,0.3,3.5,91.2
2026-02-21 00:48:13,LKO,Clear,0.55,4.31,0.2,42.1,86.5
2026-04-26 23:41:23,LKO,Clear,0.21,8.26,0.3,37.4,51.6
2026-02-04 11:48:48,LKO,Clear,0.15,8.88,1.1,20.0,35.9
2026-04-08 16:42:36,LKO,Fog,0.59,4.6,0.4,21.5,79.3
2026-02-26 13:52:58,LKO,Clear,0.12,8.28,1.0,21.6,78.1
2026-06-15 09:57:44,LKO,Clear,0.53,5.94,1.3,9.5,38.6
2026-02-22 11:41:56,LKO,Rain,0.67,3.77,8.5,26.9,59.0
2026-01-22 01:09:43,LKO,Clear,0.52,5.0,1.4,-4.7,96.5
2026-02-27 06:37:09,LKO,Clear,0.2,8.35,0.5,18.0,76.1
2026-05-31 03:00:56,LKO,Cloudy,0.26,7.57,0.5,16.3,67.0
2026-03-21 04:29:38,LKO,Fog,0.44,6.64,0.1,17.7,89.3
2026-06-09 21:24:19,LKO,Rain,0.15,7.75,8.6,22.3,72.8
2026-02-03 03:13:33,LKO,Clear,0.49,5.49,0.8,28.3,68.0
2026-02-03 06:05:35,LKO,Fog,0.41,6.72,0.8,50.0,45.5
2026-01-29 13:26:10,LKO,Clear,0.15,8.58,0.4,29.3,74.5
2026-01-10 23:36:47,LKO,Clear,0.41,5.89,0.8,36.7,73.3
2026-04-25 09:13:45,LKO,Clear,0.16,9.1,1.3,20.7,49.8
2026-06-25 02:47:50,LKO,Fog,0.5,5.38,1.1,36.8,92.8
2026-01-17 10:22:18,LKO,Fog,0.66,4.1,0.6,31.4,45.4
2026-03-24 21:52:10,LKO,Cloudy,0.15,8.3,1.3,14.6,50.6
2026-02-22 02:35:26,LKO,Rain,0.1,8.76,13.2,29.8,58.6
2026-04-11 19:30:31,LKO,Clear,0.23,7.65,0.5,14.9,54.5
2026-03-04 19:23:12,LKO,Clear,0.26,8.13,1.1,25.4,86.8
2026-03-01 05:43:43,LKO,Clear,0.16,7.74,0.9,15.0,57.2
2026-06-12 17:00:56,LKO,Clear,0.52,5.34,1.1,28.4,93.5
2026-03-24 23:16:01,LKO,Cloudy,0.38,6.99,0.8,14.9,70.9
2026-03-31 11:50:49,LKO,Cloudy,0.45,6.88,0.8,19.0,53.0
2026-01-31 23:39:55,LKO,Cloudy,0.35,6.79,1.2,20.8,68.5
2026-02-13 00:00:27,LKO,Fog,0.49,6.06,0.1,25.8,43.7
2026-03-20 14:32:33,LKO,Clear,0.68,5.13,1.3,23.1,71.6
2026-05-23 08:32:50,LKO,Cloudy,0.18,8.15,1.0,17.9,66.0
2026-01-11 09:22:55,LKO,Rain,0.04,9.16,17.3,22.9,46.1
2026-05-03 19:45:58,LKO,Cloudy,0.04,8.79,0.1,16.2,26.4
2026-05-02 15:57:58,LKO,Fog,0.63,4.09,1.0,26.0,77.9
2026-01-03 15:00:48,LKO,Rain,0.3,6.75,4.6,17.2,28.6
2026-04-12 21:59:31,LKO,Rain,0.11,7.76,2.7,27.0,90.7
2026-02-17 01:27:50,LKO,Fog,0.9,2.7,1.1,25.3,93.1
2026-05-26 20:40:06,LKO,Cloudy,0.24,8.1,0.7,32.0,67.0
2026-03-24 12:58:21,LKO,Cloudy,0.23,8.29,1.4,37.8,74.9
2026-04-11 20:49:46,LKO,Rain,0.12,7.57,4.5,38.6,59.0
2026-01-24 07:31:56,LKO,Clear,0.26,8.17,0.9,19.0,76.4
2026-03-25 09:13:47,LKO,Fog,0.57,4.94,0.6,27.8,65.0
2026-05-20 15:37:01,LKO,Fog,0.85,2.58,0.7,26.0,68.0
2026-05-14 22:45:16,LKO,Clear,0.23,7.88,0.9,11.0,56.7
2026-04-05 04:24:48,LKO,Clear,0.4,6.94,0.6,12.0,80.1
2026-03-08 10:16:12,LKO,Clear,0.21,8.11,0.4,17.8,85.7
2026-05-30 12:33:33,LKO,Clear,0.23,7.38,1.4,14.8,43.8
2026-06-09 01:10:21,LKO,Clear,0.39,5.26,1.2,13.0,77.2
2026-04-03 19:39:32,LKO,Fog,0.42,7.54,0.2,10.9,83.6
2026-03-16 10:34:28,LKO,Clear,0.46,5.17,1.1,25.0,85.9
2026-03-09 15:33:23,LKO,Cloudy,0.18,8.9,0.7,29.9,79.5
2026-01-18 14:00:58,LKO,Cloudy,0.38,6.25,0.5,20.9,100.0
2026-01-02 22:53:50,LKO,Fog,0.72,4.02,1.1,13.4,81.8
2026-03-05 15:18:20,LKO,Cloudy,0.21,8.1,0.0,42.1,25.2
2026-01-10 13:35:46,LKO,Clear,0.3,7.11,1.2,11.0,57.7
2026-03-16 20:45:37,LKO,Clear,0.25,7.99,0.9,33.8,54.6
2026-02-07 10:19:46,LKO,Clear,0.13,8.37,1.3,29.6,90.6
2026-06-24 21:14:21,LKO,Clear,0.35,7.17,0.3,27.6,69.4
2026-02-25 21:30:22,LKO,Clear,0.36,6.11,0.2,24.5,70.4
2026-01-16 07:02:00,LKO,Clear,0.2,8.25,1.4,33.1,70.9
2026-04-28 19:28:32,LKO,Rain,0.15,6.67,1.9,30.2,85.7
2026-02-13 09:21:09,LKO,Rain,0.29,6.89,6.7,23.3,56.4
2026-04-27 15:43:53,LKO,Fog,0.61,4.69,0.6,29.5,46.7
2026-04-14 09:52:48,LKO,Cloudy,0.4,6.71,0.1,3.5,54.0
2026-02-22 23:48:05,LKO,Clear,0.26,7.87,0.2,19.8,36.1
2026-04-30 03:47:06,LKO,Clear,0.29,7.22,0.4,35.3,20.6
2026-01-23 17:41:18,LKO,Cloudy,0.24,8.65,0.9,41.5,73.0
2026-04-11 13:22:25,LKO,Clear,0.24,7.5,0.3,13.3,67.3
2026-03-13 04:42:12,LKO,Rain,0.45,4.51,1.7,13.9,83.8
2026-06-22 20:43:39,LKO,Clear,0.65,4.21,0.0,30.5,77.2
2026-04-12 15:54:24,LKO,Clear,0.16,9.47,0.4,26.4,60.0
2026-01-10 09:27:18,LKO,Cloudy,0.28,7.74,0.4,11.0,45.4
2026-01-19 09:04:23,LKO,Clear,0.39,6.62,1.4,28.6,42.3
2026-05-20 09:55:18,LKO,Clear,0.16,8.13,0.4,29.4,71.8
2026-05-06 05:15:06,LKO,Clear,0.24,8.27,0.5,26.4,99.6
2026-05-31 15:53:40,LKO,Clear,0.4,6.88,1.1,25.9,97.4
2026-05-08 14:43:33,LKO,Clear,0.44,5.67,0.6,40.7,53.3
2026-06-07 14:28:31,LKO,Clear,0.23,8.4,1.2,15.4,100.0
2026-01-16 02:11:21,LKO,Clear,0.02,10.49,0.1,22.0,100.0
2026-03-01 22:27:06,LKO,Clear,0.08,9.51,0.3,33.2,75.9
2026-03-16 02:24:24,LKO,Fog,0.88,2.78,1.2,18.9,71.8
2026-06-01 12:48:26,LKO,Rain,0.24,7.47,17.3,17.6,58.4
2026-05-19 00:25:59,LKO,Clear,0.03,9.98,0.6,9.5,65.1
2026-04-22 10:26:48,LKO,Clear,0.31,7.43,0.8,27.7,65.9
2026-02-18 19:10:38,LKO,Clear,0.09,9.37,1.0,24.9,41.2
2026-05-13 15:20:49,LKO,Clear,0.02,9.36,0.1,23.2,76.7
2026-03-04 03:02:31,LKO,Clear,0.26,8.3,0.1,20.0,73.7
2026-05-27 22:29:14,LKO,Clear,0.04,9.27,1.0,41.0,54.9
2026-02-28 03:30:30,LKO,Cloudy,0.17,8.74,0.0,20.4,53.3
2026-02-19 18:09:13,LKO,Clear,0.16,8.35,1.2,14.8,82.5
2026-05-03 00:48:34,LKO,Clear,0.12,8.7,1.5,22.5,84.3
2026-01-07 12:10:58,LKO,Clear,0.08,9.49,0.7,25.9,62.6
2026-04-09 15:53:48,LKO,Rain,0.16,7.88,2.4,26.8,74.7
2026-06-08 04:38:59,LKO,Fog,0.77,4.02,1.4,21.1,100.0
2026-01-10 05:39:52,LKO,Clear,0.19,8.9,1.1,27.2,48.5
2026-04-12 21:36:52,LKO,Clear,0.46,6.64,1.4,17.2,82.3
2026-06-23 11:47:01,LKO,Clear,0.2,8.04,0.1,7.6,55.9
2026-02-20 21:37:56,LKO,Clear,0.49,5.45,0.3,20.8,20.0
2026-05-29 17:30:04,LKO,Rain,0.16,7.3,13.6,29.5,62.8
2026-01-25 10:50:56,LKO,Cloudy,0.15,8.17,0.5,19.1,48.2
2026-02-15 19:36:27,LKO,Clear,0.32,7.69,0.7,34.4,80.1
2026-03-12 11:11:37,LKO,Rain,0.12,7.3,5.4,11.5,27.4
2026-03-01 17:30:18,LKO,Clear,0.12,9.58,1.2,2.7,63.3
2026-03-07 19:00:23,LKO,Cloudy,0.35,7.61,1.2,16.5,39.0
2026-05-03 01:39:19,LKO,Clear,0.02,10.32,1.5,1.4,69.6
2026-03-09 00:37:56,LKO,Clear,0.49,6.99,0.3,35.6,61.4
2026-02-14 08:32:01,LKO,Rain,0.3,6.44,10.3,9.4,92.2
2026-03-14 21:55:28,LKO,Fog,0.7,4.55,1.5,24.3,67.1
2026-05-06 13:03:44,LKO,Clear,0.05,8.94,1.0,23.4,72.8
2026-04-12 06:37:48,LKO,Clear,0.47,5.76,0.7,13.7,95.9
2026-05-20 17:23:18,LKO,Cloudy,0.24,7.73,0.1,21.0,37.0
2026-06-18 16:03:22,LKO,Clear,0.19,8.51,1.2,17.3,52.6
2026-04-04 03:14:43,LKO,Cloudy,0.15,8.03,0.5,20.9,20.0
2026-05-03 07:13:10,LKO,Clear,0.27,7.72,0.2,32.2,46.0
2026-06-04 18:24:09,LKO,Clear,0.37,6.23,0.5,37.0,91.9
2026-02-15 20:41:41,LKO,Cloudy,0.31,6.76,1.2,14.7,66.7
2026-04-04 17:39:42,LKO,Clear,0.21,8.25,1.5,24.6,77.9
2026-05-16 05:45:06,LKO,Cloudy,0.13,8.42,0.7,14.2,77.8
2026-04-04 04:18:31,LKO,Clear,0.56,5.66,0.4,28.4,100.0
2026-04-27 13:19:37,LKO,Clear,0.17,8.15,0.4,4.9,71.7
2026-06-30 06:12:19,LKO,Clear,0.1,9.3,0.4,35.9,60.8
2026-03-06 18:30:26,LKO,Clear,0.3,8.2,1.4,3.4,50.3
2026-02-04 08:45:37,LKO,Clear,0.32,6.46,1.4,22.9,63.7
2026-05-09 20:30:07,LKO,Fog,0.41,6.35,1.1,22.8,87.5
2026-01-25 15:32:45,LKO,Cloudy,0.55,5.24,0.5,25.7,87.2
2026-06-23 23:58:30,LKO,Cloudy,0.15,8.11,0.7,25.2,90.0
2026-01-28 17:49:38,LKO,Cloudy,0.11,8.25,1.3,27.0,40.7
2026-06-07 19:58:27,LKO,Clear,0.46,5.69,1.1,22.5,41.5
2026-02-08 00:19:49,LKO,Clear,0.41,6.64,0.7,23.7,65.5
2026-05-25 19:08:43,LKO,Cloudy,0.37,7.08,0.1,27.9,75.7
2026-03-18 20:31:20,LKO,Clear,0.65,4.92,0.1,27.2,63.8
2026-03-07 12:56:25,LKO,Cloudy,0.14,7.79,0.4,17.5,43.8
2026-05-18 11:04:27,LKO,Clear,0.24,8.06,0.1,25.6,77.2
2026-04-10 00:28:29,LKO,Clear,0.22,8.32,1.0,31.9,56.6
2026-05-14 21:53:02,LKO,Cloudy,0.3,7.51,0.0,25.9,24.6
2026-02-20 08:43:20,LKO,Clear,0.13,9.13,0.9,16.4,38.1
2026-01-21 20:27:42,LKO,Clear,0.6,5.06,0.5,32.0,54.0
2026-04-06 14:25:12,LKO,Clear,0.19,8.71,1.2,27.9,89.7
2026-05-26 04:24:29,LKO,Rain,0.13,7.5,2.8,7.0,90.8
2026-01-22 15:31:13,LKO,Clear,0.24,8.39,1.1,17.4,76.1
2026-03-08 18:09:01,LKO,Cloudy,0.48,6.6,0.9,20.4,61.9
2026-04-28 07:09:56,LKO,Clear,0.2,8.78,0.0,14.4,59.5
2026-03-18 20:33:13,LKO,Rain,0.05,8.2,8.4,20.4,68.1
2026-05-18 07:22:31,LKO,Rain,0.18,7.67,6.4,30.5,71.8
2026-01-05 17:44:07,LKO,Fog,0.69,4.09,1.5,36.5,73.8
2026-05-21 17:20:13,LKO,Clear,0.27,6.65,0.1,11.1,67.2
2026-05-06 09:48:35,LKO,Cloudy,0.24,8.13,0.5,26.6,82.9
2026-06-07 23:22:40,LKO,Clear,0.12,9.0,0.7,17.2,67.4
2026-06-16 09:06:13,LKO,Clear,0.22,7.98,0.4,19.1,77.6
2026-03-01 11:57:35,LKO,Clear,0.06,9.76,1.3,37.0,54.3
2026-04-10 21:44:26,LKO,Rain,0.16,8.0,12.4,43.1,50.7
2026-03-03 05:47:20,LKO,Rain,0.29,5.23,4.3,20.0,66.7
2026-06-10 12:49:02,LKO,Clear,0.21,8.52,1.2,28.1,69.5
2026-04-13 09:32:51,LKO,Clear,0.65,3.42,0.6,28.6,79.6
2026-01-08 02:44:33,LKO,Clear,0.41,6.28,0.4,29.0,68.6
2026-03-15 06:00:01,LKO,Cloudy,0.24,8.38,0.5,41.6,67.3
2026-05-21 04:03:36,LKO,Fog,0.49,6.48,0.4,27.3,88.5
2026-02-03 16:16:37,LKO,Fog,0.53,5.36,0.6,36.0,40.2
2026-03-24 02:34:43,LKO,Clear,0.22,8.05,0.2,31.6,39.0
2026-06-09 16:59:25,LKO,Cloudy,0.17,9.06,0.5,15.5,68.9
2026-03-24 21:45:10,LKO,Rain,0.01,8.31,16.9,24.6,91.2
2026-06-05 12:07:35,LKO,Clear,0.5,5.78,1.4,25.4,49.6
2026-01-29 20:45:22,LKO,Cloudy,0.23,8.49,0.7,28.8,76.8
2026-05-05 23:56:26,LKO,Rain,0.24,6.28,3.6,29.4,84.7
2026-02-27 21:06:32,LKO,Cloudy,0.22,8.55,1.0,24.9,81.3
2026-03-17 19:33:47,LKO,Clear,0.09,9.46,0.5,25.1,72.9
2026-03-28 17:41:14,LKO,Clear,0.9,2.44,1.4,21.1,96.1
2026-02-18 03:59:28,LKO,Clear,0.13,9.11,1.0,16.9,71.9
2026-06-29 02:50:13,LKO,Cloudy,0.24,7.57,0.2,22.8,51.0
2026-03-27 04:07:38,LKO,Clear,0.48,6.02,0.5,28.8,70.2
2026-01-22 10:30:10,LKO,Clear,0.16,8.32,1.3,8.9,61.4
2026-04-07 00:52:16,LKO,Clear,0.45,5.52,0.6,22.1,61.8
2026-06-08 18:56:10,LKO,Cloudy,0.14,8.73,1.4,23.9,59.7
2026-02-01 22:31:34,LKO,Clear,0.25,8.05,1.2,23.9,63.8
2026-02-18 04:55:19,LKO,Clear,0.47,5.76,0.6,18.1,54.7
2026-01-02 20:54:23,LKO,Clear,0.27,8.32,0.6,12.3,61.6
2026-03-29 04:54:38,LKO,Clear,0.47,5.65,0.4,23.5,100.0
2026-02-10 08:14:53,LKO,Cloudy,0.49,4.91,0.1,21.0,53.6
2026-01-16 21:08:10,LKO,Clear,0.45,5.97,0.0,16.0,54.4
2026-01-29 22:04:42,LKO,Cloudy,0.48,5.17,0.6,37.1,65.0
2026-02-05 22:37:34,LKO,Clear,0.13,8.69,1.0,24.0,30.8
2026-02-25 02:25:13,LKO,Cloudy,0.37,6.93,0.4,24.9,97.5
2026-03-24 02:56:57,LKO,Rain,0.45,4.57,4.8,22.0,95.0
2026-01-29 19:48:48,LKO,Fog,0.65,3.99,1.2,26.0,58.4
2026-06-16 03:34:49,LKO,Clear,0.12,9.12,1.0,25.5,76.1
2026-05-01 10:38:54,LKO,Fog,0.7,4.77,0.8,16.4,100.0
2026-04-25 11:14:38,LKO,Clear,0.15,8.8,0.3,13.9,64.3
2026-04-15 10:54:17,LKO,Clear,0.27,7.99,0.7,27.0,56.6
2026-03-15 14:08:56,LKO,Clear,0.54,5.48,1.4,27.9,67.5
2026-06-15 14:01:18,LKO,Cloudy,0.05,10.08,0.3,27.1,69.3
2026-02-24 09:26:23,LKO,Clear,0.45,6.58,1.2,24.4,63.7
2026-05-21 12:18:28,LKO,Clear,0.48,5.96,0.3,23.8,41.2
2026-05-09 07:48:46,LKO,Cloudy,0.15,9.13,0.7,28.4,88.8
2026-04-01 16:45:22,LKO,Clear,0.25,7.66,0.2,9.7,80.6
2026-02-12 01:22:12,LKO,Clear,0.17,9.59,0.2,23.0,42.6
2026-02-13 15:54:54,LKO,Clear,0.13,8.7,1.5,26.2,84.9
2026-03-29 03:00:17,LKO,Fog,0.49,5.05,0.1,21.9,68.1
2026-05-07 09:27:09,LKO,Clear,0.53,5.04,0.1,30.3,70.8
2026-03-18 07:36:27,LKO,Rain,0.07,7.31,2.0,9.3,66.3
2026-06-04 03:30:26,LKO,Clear,0.32,7.26,0.3,24.8,85.4
2026-03-27 10:50:18,LKO,Cloudy,0.38,7.65,0.7,32.8,44.6
2026-06-20 19:27:52,LKO,Clear,0.14,8.57,1.4,31.7,88.7
2026-06-05 02:30:25,LKO,Clear,0.04,8.73,0.4,26.0,20.0
2026-06-02 03:08:26,LKO,Clear,0.08,8.59,0.5,22.2,84.5
2026-04-09 21:36:52,LKO,Clear,0.45,5.45,0.2,19.7,70.5
2026-02-20 08:19:17,LKO,Clear,0.09,9.03,1.4,27.5,42.6
2026-03-05 03:09:24,LKO,Cloudy,0.66,4.2,1.0,31.7,63.9
2026-01-11 12:47:17,LKO,Clear,0.1,8.81,0.6,24.8,43.2
2026-05-31 09:16:19,LKO,Rain,0.14,8.4,14.4,32.2,45.8
2026-02-10 09:38:55,LKO,Clear,0.44,6.48,1.5,21.4,70.0
2026-06-23 10:54:26,LKO,Clear,0.5,5.61,0.7,15.0,83.6
2026-05-13 00:05:34,LKO,Clear,0.23,8.3,0.1,25.1,72.0
2026-02-28 10:14:52,LKO,Clear,0.48,5.86,1.3,25.5,74.7
2026-03-12 17:06:04,LKO,Clear,0.48,6.1,0.5,26.2,91.8
2026-03-02 15:45:06,LKO,Clear,0.24,7.47,1.2,29.8,47.9
2026-01-07 10:06:07,LKO,Clear,0.44,6.38,1.2,24.3,70.8
2026-01-25 23:00:45,LKO,Clear,0.38,6.19,1.3,27.7,70.2
2026-05-15 06:07:06,LKO,Clear,0.21,8.15,0.1,29.2,66.9
2026-06-16 11:09:33,LKO,Clear,0.06,9.39,0.9,26.3,49.9
2026-06-04 17:51:51,LKO,Clear,0.35,7.09,1.1,10.1,61.5
2026-04-04 05:28:15,LKO,Clear,0.15,8.62,0.5,24.2,48.6
2026-01-19 16:29:53,LKO,Cloudy,0.06,9.2,0.6,20.0,71.5
2026-06-09 01:05:41,LKO,Cloudy,0.27,8.11,0.6,37.0,79.5
2026-04-09 20:34:00,LKO,Clear,0.5,5.96,1.4,26.7,71.9
2026-02-22 01:22:08,LKO,Fog,0.86,3.17,0.9,17.0,93.5
2026-02-19 08:44:01,LKO,Fog,0.85,3.12,0.4,30.7,69.3
2026-03-20 04:01:29,LKO,Clear,0.41,6.46,0.4,18.4,74.7
2026-06-22 12:19:23,LKO,Clear,0.05,8.83,0.7,19.3,43.8
2026-03-20 21:40:54,LKO,Clear,0.45,6.87,1.3,23.5,56.8
2026-06-01 16:15:48,LKO,Cloudy,0.28,7.05,0.6,18.7,62.5
2026-04-14 02:24:27,LKO,Fog,0.82,2.63,1.4,31.9,87.0
2026-03-27 17:49:58,LKO,Clear,0.31,7.29,0.8,11.0,47.8
2026-01-10 03:30:16,LKO,Rain,0.41,6.08,8.2,29.2,49.2
2026-03-30 00:40:01,LKO,Clear,0.19,9.02,0.3,24.5,44.7
2026-01-16 03:04:16,LKO,Cloudy,0.3,7.35,1.0,17.0,50.5
2026-05-30 17:45:41,LKO,Cloudy,0.5,5.69,0.2,2.0,87.4
2026-04-21 13:46:58,LKO,Clear,0.49,5.85,0.2,29.4,56.7
2026-06-18 06:30:44,LKO,Clear,0.23,7.88,1.0,16.9,39.2
2026-01-19 11:11:20,LKO,Rain,0.25,6.09,5.4,27.7,53.0
2026-03-08 10:49:49,LKO,Clear,0.05,10.1,0.9,24.9,57.2
2026-04-03 22:16:16,LKO,Rain,0.38,5.67,7.2,13.1,79.3
2026-04-18 00:55:30,LKO,Clear,0.1,9.69,1.2,21.2,69.9
2026-03-31 03:54:53,LKO,Rain,0.5,4.14,3.5,17.3,48.4
2026-01-21 21:34:43,LKO,Clear,0.13,8.71,1.0,16.1,49.0
2026-03-29 12:36:10,LKO,Clear,0.14,9.0,1.2,26.0,84.3
2026-06-25 19:51:08,LKO,Clear,0.31,7.63,0.6,20.4,50.5
2026-02-06 22:05:44,LKO,Clear,0.19,9.22,0.4,20.2,75.5
2026-04-07 21:11:11,LKO,Clear,0.21,7.85,0.8,34.9,69.6
2026-04-20 21:55:29,LKO,Cloudy,0.16,9.02,0.1,36.5,75.0
2026-03-28 19:01:21,LKO,Cloudy,0.44,6.17,1.0,20.0,94.4
2026-01-14 22:42:29,LKO,Rain,0.23,6.47,0.2,18.8,87.6
2026-03-29 15:55:31,LKO,Clear,0.04,9.22,0.3,15.1,85.3
2026-05-23 03:32:58,LKO,Clear,0.19,9.03,0.5,32.8,69.2
2026-02-28 05:57:34,LKO,Clear,0.19,8.43,1.2,30.3,88.1
2026-01-29 19:46:34,LKO,Cloudy,0.55,5.19,1.1,21.3,85.2
2026-04-19 07:47:46,LKO,Rain,0.49,4.86,8.2,32.8,43.4
2026-01-29 20:28:04,LKO,Rain,0.45,4.89,4.7,23.4,80.4
2026-01-10 14:23:01,LKO,Cloudy,0.11,9.92,1.1,22.5,49.5
2026-02-09 02:02:37,LKO,Clear,0.51,5.82,0.7,21.0,59.0
2026-05-30 23:02:33,LKO,Fog,0.72,3.69,0.3,24.6,61.8
2026-02-17 21:23:26,LKO,Cloudy,0.42,6.18,0.8,27.5,80.9
2026-04-24 04:59:03,LKO,Clear,0.32,7.47,1.0,31.6,90.6
2026-05-07 18:08:27,LKO,Clear,0.49,5.62,1.3,33.5,84.3
2026-05-25 23:29:00,LKO,Clear,0.21,7.94,1.1,40.9,47.9
2026-04-29 19:33:13,LKO,Clear,0.56,5.19,0.2,25.1,40.1
2026-06-10 00:13:16,LKO,Cloudy,0.51,6.25,1.3,30.6,89.3
2026-02-15 22:58:33,LKO,Clear,0.34,7.59,0.1,36.0,86.1
2026-05-23 02:30:45,LKO,Clear,0.38,6.52,1.4,26.5,66.4
2026-06-08 14:39:46,LKO,Clear,0.21,8.59,0.2,45.3,66.0
2026-03-03 20:39:33,LKO,Clear,0.28,7.45,1.2,38.4,77.8
2026-01-23 07:55:30,LKO,Clear,0.13,9.01,0.9,19.6,86.3
2026-03-13 17:22:54,LKO,Clear,0.54,5.0,1.4,30.7,80.4
2026-03-20 03:33:38,LKO,Clear,0.35,6.21,0.3,21.8,81.4
2026-06-13 01:18:14,LKO,Clear,0.29,6.84,1.2,26.2,95.4
2026-03-01 23:07:03,LKO,Clear,0.48,4.99,1.3,42.9,71.4
2026-02-09 21:16:09,LKO,Clear,0.63,5.3,0.2,25.6,41.5
2026-03-13 07:26:40,LKO,Cloudy,0.07,9.38,0.1,28.1,73.3
2026-04-19 06:11:55,LKO,Rain,0.21,6.91,6.5,18.8,60.2
2026-05-23 20:54:58,LKO,Rain,0.33,5.89,6.7,21.7,56.1
2026-05-22 21:46:20,LKO,Clear,0.31,7.07,1.3,22.3,66.7
2026-03-29 19:28:11,LKO,Clear,0.09,10.05,0.9,34.4,84.7
2026-04-26 11:58:14,LKO,Clear,0.27,6.85,0.4,17.1,71.3
2026-06-05 12:24:52,LKO,Rain,0.62,3.58,8.5,29.1,45.9
2026-01-11 07:30:47,LKO,Cloudy,0.23,8.01,0.8,16.4,51.4
2026-04-17 19:47:00,LKO,Rain,0.31,6.49,7.6,18.5,71.3
2026-01-02 22:11:52,LKO,Clear,0.28,8.39,0.4,28.0,94.5
2026-03-15 06:20:21,LKO,Cloudy,0.38,7.25,0.6,26.5,91.1
2026-04-04 12:11:51,LKO,Clear,0.36,7.08,1.1,30.0,72.1
2026-04-05 03:33:42,LKO,Fog,1.0,1.51,0.9,18.3,69.2
2026-02-02 11:36:46,LKO,Clear,0.08,9.45,1.4,30.6,71.9
2026-03-22 14:13:58,LKO,Fog,0.67,3.89,0.9,36.8,63.9
2026-03-31 20:11:29,LKO,Rain,0.32,5.71,6.6,33.3,69.5
2026-03-30 10:28:48,LKO,Rain,0.16,7.3,3.5,19.8,100.0
2026-04-09 23:01:35,LKO,Fog,0.44,6.55,1.3,12.2,86.0
2026-02-07 06:31:32,LKO,Clear,0.23,7.81,1.3,37.5,59.7
2026-01-02 08:38:01,LKO,Cloudy,0.23,8.5,0.6,30.8,90.1
2026-03-10 16:33:59,LKO,Fog,0.63,4.8,0.6,35.9,69.4
2026-02-05 21:07:44,LKO,Cloudy,0.25,7.64,1.1,18.3,79.5
2026-02-16 14:49:11,LKO,Fog,0.56,4.5,1.1,31.1,54.4
2026-02-05 06:35:52,LKO,Clear,0.61,4.47,1.2,17.8,85.7
2026-01-11 09:48:22,LKO,Clear,0.2,8.37,0.4,28.2,50.6
2026-05-31 14:12:23,LKO,Clear,0.12,8.58,0.8,18.6,49.7
2026-06-06 06:25:42,LKO,Clear,0.34,6.78,0.1,21.8,69.1
2026-04-17 00:43:37,LKO,Cloudy,0.54,5.31,0.7,25.3,73.2
2026-04-09 19:25:26,LKO,Cloudy,0.17,8.05,1.4,20.3,43.8
2026-06-01 04:44:45,LKO,Clear,0.12,8.9,1.1,30.7,73.8
2026-03-16 00:41:31,LKO,Cloudy,0.22,8.47,0.4,25.8,55.3
2026-05-04 15:26:53,LKO,Clear,0.62,4.81,0.4,24.3,91.2
2026-04-09 16:34:22,LKO,Clear,0.09,9.41,0.4,28.1,62.8
2026-03-30 15:02:41,LKO,Fog,0.59,5.46,0.3,40.8,100.0
2026-02-23 08:33:00,LKO,Cloudy,0.34,6.72,0.0,18.0,48.0
2026-05-27 06:13:31,LKO,Clear,0.42,6.76,0.5,19.1,50.6
2026-04-26 05:57:52,LKO,Clear,0.26,8.47,0.7,35.2,36.1
2026-04-24 02:31:55,LKO,Clear,0.34,7.02,1.1,27.6,93.0
2026-01-11 10:19:41,LKO,Cloudy,0.04,10.28,1.5,34.4,84.5
2026-04-23 03:43:50,LKO,Cloudy,0.38,5.95,0.5,14.6,56.7
2026-02-01 23:28:25,LKO,Clear,0.1,9.51,0.7,29.9,72.1
2026-02-15 22:01:08,LKO,Clear,0.21,8.45,0.4,25.0,66.9
2026-04-08 19:25:39,LKO,Clear,0.36,6.79,1.4,27.3,92.5
2026-03-10 09:18:32,LKO,Clear,0.31,6.56,1.0,30.6,40.5
2026-06-17 06:12:11,LKO,Rain,0.29,6.39,10.3,17.9,49.6
2026-06-25 07:45:58,LKO,Clear,0.03,9.88,1.2,23.8,65.3
2026-04-26 07:30:54,LKO,Clear,0.55,5.47,1.4,20.4,75.0
2026-02-07 13:16:29,LKO,Clear,0.13,8.91,0.5,24.1,75.8
2026-02-07 21:56:40,LKO,Clear,0.1,9.24,0.7,31.0,48.7
2026-03-20 10:17:37,LKO,Fog,0.77,3.67,0.7,40.6,68.9
2026-03-11 18:10:54,LKO,Clear,0.23,8.17,0.7,19.4,69.1
2026-01-07 11:22:39,LKO,Clear,0.13,8.58,0.6,14.9,79.5
2026-04-29 08:23:58,LKO,Clear,0.31,7.14,1.5,21.6,45.9
2026-04-09 18:24:09,LKO,Cloudy,0.2,8.47,1.3,21.8,66.7
2026-06-27 21:26:21,LKO,Clear,0.07,9.39,0.5,18.0,69.6
2026-04-15 17:13:04,LKO,Fog,0.74,3.19,1.2,32.3,47.9
2026-03-11 13:18:35,LKO,Fog,0.83,3.06,0.3,19.9,98.9
2026-06-03 11:40:13,LKO,Cloudy,0.44,6.21,1.3,27.5,48.3
2026-01-24 14:48:29,LKO,Cloudy,0.29,6.85,0.9,24.3,72.8
2026-04-19 23:02:44,LKO,Clear,0.34,7.18,0.5,21.9,92.9
2026-05-10 03:12:27,LKO,Clear,0.06,9.89,0.9,18.1,66.7
2026-03-19 12:27:44,LKO,Fog,0.43,6.07,1.4,13.5,79.2
2026-02-11 17:20:42,LKO,Clear,0.25,7.69,0.4,26.9,69.7
2026-06-16 15:23:24,LKO,Cloudy,0.35,7.27,1.1,15.9,100.0
2026-06-11 01:24:11,LKO,Clear,0.15,9.14,0.1,28.7,73.5
2026-06-25 02:59:25,LKO,Fog,0.82,2.4,0.2,15.0,49.0
2026-04-26 03:55:39,LKO,Clear,0.57,4.82,0.4,19.1,88.9
2026-02-07 12:01:02,LKO,Clear,0.32,6.22,1.0,31.1,69.8
2026-06-16 06:13:03,LKO,Cloudy,0.39,6.49,1.1,26.7,65.0
2026-04-05 19:30:03,LKO,Clear,0.34,7.76,0.6,14.3,65.2
2026-06-10 20:18:22,LKO,Clear,0.45,5.28,0.6,23.2,88.3
2026-02-01 04:49:26,LKO,Rain,0.41,6.1,3.3,24.9,36.9
2026-05-10 17:46:11,LKO,Rain,0.26,6.72,0.2,36.4,55.1
2026-06-27 11:09:28,LKO,Rain,0.44,4.56,14.8,17.5,86.8
2026-06-20 13:59:35,LKO,Rain,0.22,6.64,4.7,15.5,51.4
2026-02-15 13:00:27,LKO,Clear,0.41,6.27,0.7,22.5,66.0
2026-04-19 02:05:29,LKO,Clear,0.18,8.14,1.3,35.9,89.0
2026-05-07 21:12:54,LKO,Clear,0.6,5.39,1.1,22.2,90.7
2026-02-26 19:01:29,LKO,Clear,0.31,8.17,1.1,32.9,79.1
2026-06-09 11:59:29,LKO,Clear,0.16,9.44,0.9,31.0,65.3
2026-01-19 21:51:22,LKO,Clear,0.42,5.65,0.4,35.6,73.2
2026-04-23 01:45:19,LKO,Cloudy,0.1,9.29,0.3,17.0,56.2
2026-02-18 02:44:31,LKO,Rain,0.19,8.31,2.9,31.4,58.7
2026-01-29 10:13:29,LKO,Clear,0.3,7.89,1.4,31.8,78.3
2026-03-10 10:12:44,LKO,Cloudy,0.24,7.87,1.4,28.9,71.3
2026-05-31 19:19:15,LKO,Cloudy,0.23,7.9,1.2,19.5,65.9
2026-01-08 04:47:55,LKO,Cloudy,0.16,8.72,0.5,22.1,78.4
2026-03-10 17:04:52,LKO,Clear,0.13,9.01,0.7,29.3,36.9
2026-05-24 17:25:05,LKO,Clear,0.46,6.16,0.5,19.6,83.7
2026-04-06 04:39:56,LKO,Clear,0.13,8.11,0.0,19.1,35.6
2026-02-20 19:38:53,LKO,Cloudy,0.2,7.97,0.8,33.6,64.0
2026-04-26 10:53:03,LKO,Clear,0.33,6.88,0.4,32.8,84.2
2026-02-02 10:30:23,LKO,Cloudy,0.06,9.4,0.3,13.3,77.3
2026-02-25 19:34:37,LKO,Clear,0.25,7.61,0.8,7.7,68.1
2026-06-03 12:42:44,LKO,Clear,0.06,9.22,1.2,9.0,62.2
2026-02-25 16:26:10,LKO,Clear,0.48,5.83,1.1,20.1,65.5
2026-03-08 01:52:57,LKO,Clear,0.13,8.78,0.9,27.1,71.6
2026-06-17 23:53:34,LKO,Cloudy,0.3,7.66,0.1,16.8,77.6
2026-03-14 09:45:30,LKO,Clear,0.47,6.63,1.2,29.5,48.5
2026-05-28 10:31:42,LKO,Fog,0.61,4.66,0.1,21.1,34.1
2026-05-29 08:47:19,LKO,Fog,0.56,5.34,0.8,9.3,71.6
2026-06-16 23:46:27,LKO,Clear,0.41,5.88,0.7,32.0,80.2
2026-05-05 22:41:50,LKO,Rain,0.18,7.67,12.1,28.3,70.7
2026-04-06 00:37:48,LKO,Clear,0.24,7.98,0.0,16.8,51.9
2026-04-28 19:41:16,LKO,Clear,0.38,7.28,0.1,19.8,52.5
2026-04-11 11:45:34,LKO,Cloudy,0.2,8.31,1.0,25.7,69.7
2026-01-06 18:48:29,LKO,Rain,0.24,6.71,15.8,12.8,79.4
2026-03-12 23:30:36,LKO,Rain,0.38,5.06,2.2,29.9,76.7
2026-04-25 03:05:03,LKO,Rain,0.2,7.24,2.0,27.1,45.7
2026-05-20 21:28:29,LKO,Cloudy,0.0,9.33,0.9,18.1,63.1
2026-03-19 07:50:36,LKO,Clear,0.35,7.26,0.9,22.7,52.4
2026-06-11 10:46:33,LKO,Cloudy,0.17,9.13,0.0,21.2,43.6
2026-02-20 15:00:11,LKO,Fog,0.54,5.08,0.9,9.4,78.4
2026-03-30 04:01:58,LKO,Clear,0.22,8.58,0.9,13.3,92.5
2026-04-14 11:16:29,LKO,Clear,0.32,7.96,1.5,21.3,85.9
2026-03-21 13:23:03,LKO,Clear,0.32,6.63,1.4,6.8,77.7
2026-01-27 19:21:09,LKO,Cloudy,0.37,6.54,0.6,17.3,62.0
2026-03-01 15:48:56,LKO,Fog,0.6,5.23,0.0,34.7,52.8
2026-01-04 10:20:17,LKO,Clear,0.09,10.09,0.5,25.5,34.8
2026-01-06 01:03:56,LKO,Cloudy,0.49,6.11,1.5,7.3,93.3
2026-05-13 09:35:40,LKO,Rain,0.11,6.98,6.7,15.8,99.8
2026-04-10 10:16:19,LKO,Clear,0.65,4.1,1.1,26.7,79.0
2026-05-10 12:34:54,LKO,Clear,0.33,7.08,0.9,33.5,94.6
2026-05-24 19:03:14,LKO,Clear,0.56,5.39,1.0,16.3,72.3
2026-06-11 02:16:58,LKO,Clear,0.65,3.94,0.9,18.7,67.6
2026-06-09 15:22:42,LKO,Clear,0.08,9.7,0.2,29.1,64.3
2026-02-05 04:52:02,LKO,Cloudy,0.1,9.13,0.9,21.3,58.7
2026-06-17 15:35:05,LKO,Clear,0.49,5.22,1.4,16.0,73.7
2026-01-31 05:55:05,LKO,Clear,0.57,5.54,1.0,22.9,82.0
2026-06-03 01:37:37,LKO,Cloudy,0.11,8.94,0.6,14.6,81.7
2026-05-16 06:07:17,LKO,Clear,0.32,7.11,0.1,19.6,38.2
2026-05-31 18:33:37,LKO,Rain,0.51,4.0,5.0,18.7,65.1
2026-04-19 07:19:10,LKO,Fog,0.72,4.27,0.0,25.4,84.8
2026-06-21 04:02:29,LKO,Rain,0.34,5.86,2.7,28.3,59.4
2026-04-08 15:07:37,LKO,Fog,0.46,5.57,0.0,14.2,92.2
2026-01-28 21:28:18,LKO,Clear,0.32,8.09,0.4,9.6,49.4
2026-04-02 15:28:35,LKO,Rain,0.37,6.16,2.4,18.9,66.6
2026-03-05 14:21:22,LKO,Clear,0.25,7.83,1.3,31.8,44.6
2026-04-17 22:07:27,LKO,Fog,0.66,5.06,0.4,18.3,53.7
2026-04-16 02:02:23,LKO,Cloudy,0.21,9.29,0.4,29.9,87.2
2026-01-27 14:38:24,LKO,Rain,0.02,8.4,12.9,26.8,51.5
2026-05-29 17:43:17,LKO,Clear,0.41,5.96,0.4,17.5,32.8
2026-06-21 05:35:46,LKO,Clear,0.33,7.02,1.1,17.6,66.3
2026-05-23 22:33:26,LKO,Clear,0.23,8.83,0.1,36.3,60.0
2026-04-21 21:46:35,LKO,Cloudy,0.23,8.08,0.9,34.4,72.1
2026-06-12 09:46:56,LKO,Clear,0.37,6.85,0.7,34.0,51.5
2026-03-30 09:48:33,LKO,Rain,0.61,3.0,7.1,19.9,91.2
2026-06-01 21:36:08,LKO,Clear,0.5,5.77,1.1,26.4,50.4
2026-04-04 04:10:37,LKO,Rain,0.39,5.25,3.5,10.2,62.6
2026-06-12 14:03:21,LKO,Clear,0.21,8.43,0.4,31.1,64.6
2026-01-16 23:37:54,LKO,Fog,0.65,4.56,0.9,17.3,69.3
2026-02-01 09:12:05,LKO,Clear,0.1,9.5,1.1,29.9,70.3
2026-01-18 02:43:01,LKO,Cloudy,0.26,7.73,0.8,17.9,52.3
2026-01-29 13:55:53,LKO,Clear,0.61,5.1,0.8,33.3,74.9
2026-01-01 08:59:14,LKO,Clear,0.15,8.32,1.3,16.8,27.7
2026-01-13 22:42:20,LKO,Cloudy,0.33,6.84,0.9,25.4,84.5
2026-06-04 13:18:29,LKO,Cloudy,0.08,9.28,0.5,34.5,57.8
2026-06-26 16:18:59,LKO,Clear,0.22,9.21,0.1,19.3,100.0
2026-02-15 00:10:20,LKO,Cloudy,0.66,4.19,1.1,40.4,50.5
2026-01-29 21:59:49,LKO,Cloudy,0.6,5.23,1.2,19.9,78.1
2026-05-13 20:34:28,LKO,Rain,0.06,7.8,2.4,14.7,45.3
2026-04-17 16:04:57,LKO,Clear,0.17,8.75,0.6,24.1,66.0
2026-02-15 05:31:02,LKO,Rain,0.11,9.09,3.2,29.1,66.0
2026-06-11 22:31:13,LKO,Cloudy,0.44,6.31,0.4,22.6,66.0
2026-06-09 17:25:52,LKO,Cloudy,0.34,7.37,0.8,16.1,71.0
2026-01-23 04:33:56,LKO,Clear,0.31,7.71,0.9,19.1,52.5
2026-03-01 06:46:09,LKO,Fog,0.66,3.62,1.2,23.7,79.5
2026-03-02 22:24:16,LKO,Clear,0.31,8.13,0.6,18.0,100.0
2026-05-15 12:13:50,LKO,Fog,0.69,4.41,0.1,18.5,56.5
2026-01-15 13:33:21,LKO,Cloudy,0.19,8.33,1.3,9.8,59.2
2026-01-29 19:45:40,LKO,Clear,0.37,6.51,0.7,21.4,82.7
2026-05-30 12:34:56,LKO,Rain,0.45,4.89,10.8,23.0,83.7
2026-05-31 02:04:48,LKO,Cloudy,0.13,7.95,0.4,13.5,71.5
2026-01-04 17:23:42,LKO,Clear,0.12,9.18,0.5,27.3,77.2
2026-06-16 16:10:39,LKO,Fog,0.67,4.9,0.9,18.9,72.8
2026-02-13 00:34:15,LKO,Clear,0.14,8.04,0.6,27.2,68.1
2026-02-15 08:40:49,LKO,Clear,0.21,7.9,0.8,10.9,61.2
2026-01-31 18:18:24,LKO,Clear,0.32,6.73,0.3,40.4,92.5
2026-06-18 00:31:17,LKO,Clear,0.19,8.18,1.4,45.7,55.9
2026-06-24 16:20:31,LKO,Rain,0.28,6.22,9.6,27.2,38.3
2026-05-20 07:35:29,LKO,Cloudy,0.09,9.49,0.8,40.7,74.2
2026-04-19 14:07:25,LKO,Cloudy,0.31,7.82,1.3,21.5,68.5
2026-06-29 01:04:46,LKO,Clear,0.34,6.85,0.6,18.4,74.9
2026-05-27 06:44:45,LKO,Clear,0.18,8.14,1.2,21.5,29.6
2026-04-18 10:30:07,LKO,Cloudy,0.26,8.36,1.2,32.8,40.9
2026-05-02 06:55:47,LKO,Rain,0.08,7.62,6.9,18.1,100.0
2026-06-14 04:12:28,LKO,Fog,0.51,5.42,1.1,27.8,73.1
2026-04-03 01:50:38,LKO,Cloudy,0.24,8.05,0.8,33.3,55.2
2026-03-15 15:05:43,LKO,Cloudy,0.14,8.36,1.3,16.6,82.7
2026-02-13 20:07:47,LKO,Clear,0.1,8.82,0.5,8.7,89.1
2026-01-19 04:30:32,LKO,Clear,0.14,8.63,0.7,25.3,75.1
2026-05-24 11:50:39,LKO,Rain,0.38,5.59,12.6,21.7,84.9
2026-01-12 23:25:20,LKO,Cloudy,0.16,9.08,0.9,24.2,82.9
2026-06-12 21:54:42,LKO,Cloudy,0.41,6.76,1.4,32.4,89.2
2026-05-31 20:21:39,LKO,Cloudy,0.18,8.72,0.1,22.3,26.5
2026-05-13 18:30:38,LKO,Clear,0.13,8.71,0.5,18.3,54.0
2026-06-30 18:24:16,LKO,Cloudy,0.36,6.57,0.9,20.6,81.6
2026-03-07 15:36:20,LKO,Cloudy,0.52,4.72,0.9,27.8,99.4
2026-01-01 14:03:09,LKO,Fog,0.61,4.38,0.1,36.3,96.9
2026-02-14 17:07:11,LKO,Cloudy,0.53,6.35,0.8,13.5,89.0
2026-03-06 14:10:23,LKO,Cloudy,0.35,6.89,0.1,16.6,68.9
2026-01-24 20:52:44,LKO,Rain,0.42,5.55,5.4,24.4,47.0
2026-03-05 09:21:53,LKO,Fog,0.82,2.86,0.3,26.4,91.8
2026-04-10 21:46:55,LKO,Clear,0.26,8.01,0.1,26.5,90.1
2026-04-19 16:09:08,LKO,Clear,0.57,5.15,0.5,38.3,84.0
2026-05-21 08:14:27,LKO,Clear,0.46,6.59,1.2,26.3,57.2
2026-06-07 13:49:10,LKO,Clear,0.26,7.28,1.3,28.5,48.5
2026-06-17 00:47:53,LKO,Cloudy,0.28,7.07,0.2,35.8,78.3
2026-03-02 03:36:32,LKO,Clear,0.5,5.25,0.4,15.5,69.8
2026-01-04 08:55:00,LKO,Rain,0.26,6.17,4.1,34.0,81.4
2026-05-03 17:56:52,LKO,Cloudy,0.5,5.94,1.0,19.0,56.6
2026-04-12 11:57:26,LKO,Rain,0.15,7.65,0.3,24.7,49.5
2026-03-03 22:59:14,LKO,Clear,0.6,4.95,0.8,42.2,96.0
2026-03-28 15:12:24,LKO,Clear,0.34,7.56,0.8,37.6,49.8
2026-01-28 10:51:53,LKO,Cloudy,0.36,6.57,1.5,19.5,73.6
2026-04-13 20:58:52,LKO,Clear,0.12,9.03,0.2,27.9,63.1
2026-04-11 23:13:23,LKO,Rain,0.15,6.47,18.8,20.2,44.8
2026-05-23 18:25:01,LKO,Clear,0.18,7.8,0.9,28.9,27.6
2026-05-17 06:23:46,LKO,Rain,0.19,7.06,4.0,44.6,56.6
2026-02-03 20:03:58,LKO,Clear,0.38,7.19,1.0,13.0,60.8
2026-05-07 23:54:58,LKO,Rain,0.47,5.09,0.8,26.2,42.3
2026-06-09 11:43:44,LKO,Clear,0.26,8.06,0.8,16.4,64.6
2026-04-29 07:47:39,LKO,Clear,0.57,5.68,0.6,20.5,82.1
2026-06-24 09:05:37,LKO,Cloudy,0.54,4.98,1.4,36.2,76.1
2026-03-20 03:15:35,LKO,Cloudy,0.33,7.21,1.1,13.6,68.3
2026-03-20 03:34:00,LKO,Rain,0.59,3.27,4.5,19.7,70.2
2026-04-17 00:45:59,LKO,Cloudy,0.68,3.79,0.4,26.6,100.0
2026-03-15 13:05:42,LKO,Clear,0.02,9.76,0.0,24.1,48.5
2026-01-16 18:40:44,LKO,Clear,0.65,4.99,0.8,42.2,47.9
2026-01-29 02:58:41,LKO,Clear,0.31,7.26,0.3,24.0,59.9
2026-05-01 18:58:59,LKO,Clear,0.2,7.85,1.4,23.6,100.0
2026-03-03 19:03:23,LKO,Clear,0.58,5.14,1.5,32.1,94.1
2026-06-22 08:22:31,LKO,Rain,0.18,6.74,6.0,35.6,74.5
2026-01-10 16:11:31,LKO,Rain,0.19,7.01,16.2,27.5,70.2
2026-06-27 23:19:10,LKO,Clear,0.2,8.67,1.1,23.1,57.5
2026-04-02 22:50:04,LKO,Clear,0.1,8.82,1.4,34.3,55.8
2026-04-13 17:52:29,LKO,Cloudy,0.17,8.58,1.5,25.8,82.7
2026-05-16 22:12:53,LKO,Clear,0.72,4.45,1.3,32.7,82.2
2026-06-24 13:21:35,LKO,Clear,0.04,10.01,1.5,6.9,68.1
2026-01-01 12:39:29,LKO,Clear,0.16,9.1,1.4,22.4,78.2
2026-05-09 01:59:33,LKO,Clear,0.63,3.8,1.4,22.4,79.1
2026-03-17 18:47:16,LKO,Clear,0.04,10.32,0.6,25.1,83.5
2026-01-19 19:17:33,LKO,Clear,0.1,9.13,0.5,23.6,43.1
2026-03-17 14:50:23,LKO,Clear,0.46,5.91,1.4,32.5,59.0
2026-06-02 18:45:51,LKO,Clear,0.2,8.7,0.9,15.5,88.0
2026-01-10 00:27:59,LKO,Cloudy,0.16,8.1,1.2,29.9,78.2
2026-06-29 08:03:52,LKO,Clear,0.33,7.25,0.5,28.6,56.0
2026-02-25 00:23:09,LKO,Fog,0.67,4.43,1.5,16.1,82.9
2026-02-28 18:23:52,LKO,Clear,0.18,8.82,0.7,25.7,81.3
2026-05-16 14:15:59,LKO,Clear,0.3,7.14,0.9,19.5,83.2
2026-06-10 21:43:36,LKO,Clear,0.13,8.25,0.6,28.7,87.7
2026-01-25 14:05:03,LKO,Cloudy,0.13,9.91,1.0,24.9,62.9
2026-04-20 15:11:38,LKO,Rain,0.22,7.53,7.1,15.0,64.8
2026-05-09 10:18:15,LKO,Clear,0.45,6.45,0.8,22.5,66.9
2026-02-28 02:07:25,LKO,Clear,0.24,7.84,0.3,19.6,77.6
2026-02-18 19:27:16,LKO,Fog,0.47,5.64,0.4,17.0,87.5
2026-06-26 05:09:59,LKO,Cloudy,0.19,8.14,0.6,23.2,57.8
2026-01-23 03:21:31,LKO,Cloudy,0.22,8.14,1.3,35.1,73.4
2026-01-18 00:37:11,LKO,Clear,0.13,8.93,0.8,28.7,41.5
2026-05-23 12:17:29,LKO,Rain,0.3,6.32,7.1,21.3,68.0
2026-05-05 20:19:17,LKO,Clear,0.42,6.85,0.8,24.5,74.7
2026-01-08 11:32:01,LKO,Rain,0.5,4.72,13.6,7.5,88.4
2026-05-22 12:57:27,LKO,Clear,0.22,8.75,1.3,37.1,64.5
2026-06-18 15:21:03,LKO,Cloudy,0.29,7.01,1.2,27.0,68.8
2026-05-25 14:10:20,LKO,Cloudy,0.26,7.75,0.4,28.3,62.7
2026-01-07 02:39:48,LKO,Clear,0.54,5.62,0.1,24.8,95.9
2026-01-14 01:06:39,LKO,Rain,0.26,7.22,4.4,25.9,50.6
2026-02-24 13:58:14,LKO,Clear,0.23,7.98,0.5,13.2,80.8
2026-03-11 02:38:28,LKO,Cloudy,0.2,9.52,0.0,18.5,67.0
2026-06-14 10:26:44,LKO,Rain,0.48,4.6,3.8,16.6,56.7
2026-02-10 13:44:01,LKO,Clear,0.44,6.46,0.2,31.7,69.1
2026-06-05 21:47:06,LKO,Clear,0.32,6.57,1.4,16.6,79.1
2026-02-06 16:18:47,LKO,Clear,0.12,8.59,1.4,17.5,81.4
2026-04-18 01:13:21,LKO,Clear,0.22,8.71,0.7,40.5,91.6
2026-03-23 21:19:39,LKO,Cloudy,0.09,9.62,0.1,18.0,48.5
2026-02-22 23:50:39,LKO,Clear,0.52,5.14,1.0,21.4,78.5
2026-05-05 02:26:02,LKO,Clear,0.59,4.84,0.5,10.7,100.0
2026-03-14 12:28:32,LKO,Clear,0.1,9.63,0.7,20.7,60.8
2026-05-31 07:24:51,LKO,Rain,0.24,6.63,8.6,16.1,66.6
2026-03-01 10:28:20,LKO,Rain,0.25,7.38,2.7,16.9,50.7
2026-03-27 22:05:52,LKO,Rain,0.26,7.29,3.7,25.2,69.3
2026-01-22 10:12:48,LKO,Clear,0.41,6.36,1.5,16.0,54.4
2026-05-02 12:12:19,LKO,Clear,0.33,7.24,1.3,50.6,78.3
2026-03-31 03:25:26,LKO,Rain,0.37,5.17,3.7,20.2,61.2
2026-01-17 12:12:39,LKO,Clear,0.27,7.88,0.6,20.9,55.7
2026-03-05 16:26:06,LKO,Clear,0.15,9.85,1.5,34.4,74.3
2026-04-02 20:26:34,LKO,Clear,0.13,9.09,1.3,29.7,52.0
2026-05-27 10:07:05,LKO,Fog,0.56,4.81,1.4,26.9,65.9
2026-01-15 10:01:05,LKO,Fog,0.71,3.71,0.5,34.7,76.6
2026-04-07 00:03:30,LKO,Clear,0.53,5.51,1.3,26.8,55.6
2026-01-12 03:51:20,LKO,Cloudy,0.12,8.68,1.3,34.0,66.2
2026-05-04 12:11:21,LKO,Clear,0.03,9.43,0.3,11.8,61.2
2026-06-29 09:18:17,LKO,Cloudy,0.14,8.45,1.4,17.1,91.5
2026-05-05 18:01:38,LKO,Cloudy,0.1,9.29,0.2,26.8,59.3
2026-05-23 14:35:34,LKO,Clear,0.22,7.02,0.3,41.7,34.3
2026-05-08 19:29:24,LKO,Cloudy,0.22,8.39,1.1,28.4,53.6
2026-01-01 17:20:15,LKO,Cloudy,0.45,6.22,0.6,27.7,89.1
2026-06-22 22:46:10,LKO,Clear,0.34,7.33,0.6,17.3,80.9
2026-01-27 14:34:23,LKO,Cloudy,0.37,6.88,0.1,35.5,60.1
2026-02-05 07:45:38,LKO,Clear,0.28,8.16,0.3,14.2,75.2
2026-01-24 03:53:16,LKO,Clear,0.36,7.2,1.2,11.8,55.6
2026-02-06 01:01:56,LKO,Cloudy,0.43,7.18,1.4,40.3,52.9
2026-02-06 17:36:32,LKO,Clear,0.43,6.37,0.9,35.1,82.9
2026-01-10 17:26:01,LKO,Fog,0.61,5.43,0.5,14.6,42.1
2026-04-12 00:41:40,LKO,Clear,0.71,5.25,1.3,28.1,62.8
2026-01-29 11:41:46,LKO,Cloudy,0.09,9.41,0.8,10.3,99.2
2026-01-02 03:23:03,LKO,Clear,0.29,7.18,0.0,21.3,75.6
2026-03-26 22:14:22,LKO,Clear,0.26,7.75,0.9,38.6,72.4
2026-04-24 23:56:21,LKO,Rain,0.42,5.4,17.1,35.5,73.7
2026-02-24 13:19:31,LKO,Clear,0.19,9.07,1.2,24.4,83.3
2026-02-16 15:15:19,LKO,Cloudy,0.23,8.33,0.7,9.8,78.4
2026-06-03 12:41:21,LKO,Clear,0.2,8.41,1.1,22.3,74.5
2026-04-16 12:25:28,LKO,Clear,0.1,9.15,1.1,12.6,72.9
2026-06-23 17:22:44,LKO,Clear,0.51,5.03,1.4,12.2,77.0
2026-02-09 19:25:57,LKO,Rain,0.62,3.1,20.0,27.0,80.5
2026-03-11 06:38:02,LKO,Cloudy,0.5,6.09,1.1,24.7,91.2
2026-06-13 02:59:38,LKO,Clear,0.01,10.03,0.8,22.3,90.6
2026-03-16 16:04:56,LKO,Clear,0.27,8.09,1.2,42.3,45.2
2026-01-23 15:07:30,LKO,Cloudy,0.25,7.09,0.7,31.8,79.9
2026-06-26 19:56:16,LKO,Clear,0.13,7.8,1.1,23.7,75.5
2026-05-09 14:10:41,LKO,Clear,0.56,4.7,1.1,33.6,92.4
2026-01-19 13:58:17,LKO,Fog,0.61,4.78,0.4,24.9,79.3
2026-05-02 08:21:27,LKO,Clear,0.65,4.56,0.2,43.3,72.3
2026-04-07 10:06:29,LKO,Clear,0.16,9.52,0.4,21.0,53.2
2026-06-14 02:53:46,LKO,Cloudy,0.08,10.15,0.1,27.5,79.4
2026-02-13 12:23:58,LKO,Clear,0.56,4.86,0.1,35.9,60.4
2026-04-10 11:57:03,LKO,Cloudy,0.22,8.32,1.3,23.2,60.9
2026-03-09 08:00:57,LKO,Cloudy,0.26,8.4,1.5,30.3,78.6
2026-01-14 16:12:44,LKO,Clear,0.36,7.05,1.3,25.2,43.2
2026-02-25 15:26:11,LKO,Cloudy,0.31,7.71,1.5,6.8,47.2
2026-06-24 06:57:39,LKO,Rain,0.18,7.43,19.6,16.1,24.2
2026-06-23 00:30:52,LKO,Clear,0.34,7.43,0.7,18.8,52.4
2026-06-28 18:17:36,LKO,Fog,0.74,4.4,0.5,22.4,83.7
2026-01-10 05:11:50,LKO,Fog,0.63,4.67,0.2,23.1,73.5
2026-06-14 15:20:01,LKO,Clear,0.19,8.84,1.5,20.8,48.8
2026-03-05 18:21:28,LKO,Rain,0.36,5.44,7.3,36.9,72.7
2026-03-31 09:51:23,LKO,Fog,0.66,4.55,0.5,19.8,59.2
2026-06-08 04:14:49,LKO,Cloudy,0.34,6.77,0.3,15.1,96.1
2026-02-13 01:38:51,LKO,Fog,0.66,5.09,0.3,30.4,80.3
2026-02-13 12:03:38,LKO,Clear,0.11,9.15,1.3,6.9,81.4
2026-02-11 06:35:37,LKO,Clear,0.41,7.16,0.4,22.5,42.5
2026-05-11 00:58:33,LKO,Clear,0.33,6.6,0.3,16.4,62.9
2026-04-30 19:13:52,LKO,Cloudy,0.16,7.68,0.2,17.6,77.8
2026-04-22 21:25:47,LKO,Clear,0.25,7.62,0.1,29.1,48.4
2026-05-03 18:52:44,LKO,Clear,0.29,7.46,0.5,28.1,66.9
2026-02-06 09:52:33,LKO,Rain,0.07,7.19,12.3,23.8,62.4
2026-02-15 21:39:16,LKO,Clear,0.38,7.43,1.1,31.2,32.6
2026-01-14 00:16:08,LKO,Cloudy,0.26,7.82,0.4,30.6,74.8
2026-03-02 06:45:27,LKO,Fog,0.73,3.67,0.1,19.7,63.2
2026-01-28 13:25:27,LKO,Clear,0.3,7.69,0.2,7.2,83.7
2026-04-09 15:35:55,LKO,Rain,0.57,3.71,3.8,31.2,66.5
2026-03-07 02:40:45,LKO,Clear,0.42,6.47,0.2,16.4,77.5
2026-04-09 01:54:59,LKO,Cloudy,0.23,8.21,0.1,13.2,69.6
2026-06-22 03:57:10,LKO,Rain,0.54,4.36,16.0,30.6,100.0
2026-06-29 17:32:43,LKO,Rain,0.34,6.35,9.3,25.9,68.2
2026-06-19 14:07:46,LKO,Clear,0.15,9.29,0.1,38.9,54.5
2026-04-09 12:19:37,LKO,Cloudy,0.18,8.63,1.5,28.2,57.7
2026-02-14 12:15:32,LKO,Fog,0.54,4.99,1.0,37.1,69.9
2026-02-03 23:57:35,LKO,Cloudy,0.15,8.3,1.4,22.1,74.5
2026-05-24 05:20:47,LKO,Rain,0.17,7.5,3.0,34.4,88.2
2026-02-27 10:27:28,LKO,Clear,0.19,8.51,0.5,18.0,53.0
2026-04-22 19:20:13,LKO,Clear,0.26,8.26,0.5,13.0,84.6
2026-06-01 01:40:24,LKO,Clear,0.6,5.51,1.2,21.2,46.9
2026-06-17 00:21:41,LKO,Clear,0.38,7.23,0.7,23.2,78.8
2026-06-25 06:26:15,LKO,Clear,0.21,7.9,1.2,23.9,63.5
2026-01-03 10:00:09,LKO,Fog,0.61,4.67,0.5,18.9,74.3
2026-04-19 10:34:52,LKO,Clear,0.31,7.88,1.3,30.5,91.4
2026-06-17 12:39:45,LKO,Clear,0.23,7.86,1.0,15.7,70.1
2026-01-05 23:11:55,LKO,Clear,0.3,7.81,0.2,22.8,64.3
2026-03-22 14:59:18,LKO,Rain,0.1,8.16,6.0,16.1,55.2
2026-05-05 12:58:23,LKO,Clear,0.18,8.04,0.7,22.6,92.0
2026-03-06 06:31:11,LKO,Clear,0.13,9.12,0.3,3.3,66.7
2026-01-10 16:22:37,LKO,Rain,0.49,5.01,10.3,19.7,70.6
2026-06-03 09:08:24,LKO,Clear,0.27,7.15,0.1,12.5,76.8
2026-03-02 12:05:16,LKO,Clear,0.18,9.22,0.9,15.0,65.4
2026-05-24 15:11:56,LKO,Rain,0.35,5.81,4.6,25.2,49.7
2026-05-27 00:08:50,LKO,Fog,0.59,4.92,0.1,34.5,51.4
2026-01-04 17:23:31,LKO,Cloudy,0.4,7.93,0.0,19.2,50.7
2026-03-22 21:16:41,LKO,Clear,0.75,3.64,1.3,10.0,91.0
2026-02-15 06:47:39,LKO,Clear,0.5,6.15,0.8,36.4,90.2
2026-01-18 03:24:16,LKO,Fog,0.6,5.27,0.7,25.5,68.3
2026-04-22 07:29:13,LKO,Cloudy,0.58,5.62,1.2,20.7,100.0
2026-01-09 02:00:22,LKO,Cloudy,0.46,6.59,1.4,26.6,31.1
2026-04-10 08:08:16,LKO,Clear,0.6,4.87,1.3,33.5,100.0
2026-01-02 22:19:33,LKO,Clear,0.03,9.55,0.3,18.4,44.8
2026-06-06 00:38:06,LKO,Cloudy,0.4,6.49,0.4,25.9,51.8
2026-02-22 16:36:58,LKO,Fog,0.75,3.63,1.0,23.8,86.9
2026-05-26 11:09:01,LKO,Rain,0.21,6.6,8.4,25.3,93.4
2026-04-12 12:22:25,LKO,Fog,0.68,4.32,0.6,25.2,59.2
2026-04-13 18:15:07,LKO,Rain,0.63,2.64,9.8,36.5,81.7
2026-02-21 23:21:12,LKO,Cloudy,0.11,8.33,0.3,17.2,51.0
2026-06-16 23:54:55,LKO,Rain,0.42,5.35,16.9,21.1,71.1
2026-04-06 06:18:43,LKO,Clear,0.17,8.93,1.2,10.4,76.5
2026-01-14 17:55:16,LKO,Clear,0.23,8.75,0.1,20.3,54.3
2026-06-06 17:00:20,LKO,Clear,0.18,8.88,1.3,28.9,22.2
2026-01-06 02:03:12,LKO,Clear,0.15,8.22,0.8,15.6,44.3
2026-01-28 15:05:52,LKO,Rain,0.07,7.57,1.3,14.5,63.2
2026-05-22 17:47:30,LKO,Fog,0.55,5.69,1.1,21.5,68.5
2026-01-09 22:44:14,LKO,Cloudy,0.22,7.99,0.8,20.2,99.9
2026-04-26 15:35:00,LKO,Cloudy,0.6,5.03,0.4,26.5,37.9
2026-06-19 15:45:08,LKO,Clear,0.17,9.01,0.7,20.5,42.4
2026-03-19 21:40:04,LKO,Clear,0.19,8.14,0.2,21.1,20.0
2026-06-23 22:56:00,LKO,Clear,0.14,9.41,0.8,23.6,95.5
2026-02-14 23:08:49,LKO,Clear,0.64,4.31,1.1,24.9,58.3
2026-05-13 03:51:49,LKO,Cloudy,0.12,9.01,0.4,22.5,61.2
2026-02-28 17:13:22,LKO,Cloudy,0.21,8.58,0.3,22.1,90.7
2026-04-06 05:44:12,LKO,Fog,0.49,5.53,1.2,26.6,70.6
2026-04-27 23:07:57,LKO,Rain,0.26,7.38,6.0,13.7,77.6
2026-06-24 17:25:12,LKO,Clear,0.14,8.76,0.8,34.1,100.0
2026-02-14 21:34:54,LKO,Cloudy,0.27,8.5,0.4,17.5,20.0
2026-03-14 23:36:01,LKO,Rain,0.25,6.41,2.0,26.0,38.5
2026-05-19 04:28:43,LKO,Clear,0.17,8.69,1.3,24.0,62.6
2026-01-30 23:20:05,LKO,Clear,0.33,7.35,0.2,15.0,40.9
2026-06-23 12:45:38,LKO,Rain,0.15,7.51,5.3,18.8,91.8
2026-01-28 00:44:28,LKO,Clear,0.38,6.89,1.5,38.1,73.5
2026-05-23 07:52:40,LKO,Clear,0.41,6.48,0.8,26.5,70.1
2026-05-17 03:39:09,LKO,Clear,0.17,8.85,0.5,28.7,61.3
2026-03-17 14:32:52,LKO,Clear,0.5,5.58,0.6,30.2,75.4
2026-05-21 16:16:14,LKO,Clear,0.21,7.86,1.3,29.4,66.5
2026-05-30 11:43:14,LKO,Cloudy,0.24,7.33,1.4,33.8,48.1
2026-04-20 23:02:58,LKO,Cloudy,0.32,6.32,0.6,34.3,75.1
2026-02-20 10:01:31,LKO,Fog,0.43,6.21,0.6,35.1,67.0
2026-06-13 07:04:14,LKO,Clear,0.06,9.43,0.3,22.4,65.2
2026-05-30 09:22:31,LKO,Fog,0.52,5.06,0.8,20.4,100.0
2026-02-28 09:34:17,LKO,Cloudy,0.2,8.74,1.1,18.9,75.5
2026-02-25 03:30:10,LKO,Cloudy,0.29,7.06,1.2,16.9,40.5
2026-01-28 02:39:21,LKO,Clear,0.14,8.43,0.4,28.1,59.8
2026-06-09 03:46:55,LKO,Clear,0.22,9.67,1.5,23.7,52.9
2026-03-22 14:04:02,LKO,Rain,0.21,6.83,5.8,16.6,47.2
2026-03-24 09:05:40,LKO,Cloudy,0.16,9.16,0.6,8.3,65.6
2026-01-10 05:28:25,LKO,Rain,0.41,5.15,18.9,23.1,43.7
2026-06-26 00:37:59,LKO,Clear,0.33,6.83,1.0,26.8,100.0
2026-04-02 17:23:11,LKO,Rain,0.25,6.84,8.2,26.9,43.2
2026-05-27 10:25:05,LKO,Rain,0.19,7.04,11.1,26.3,41.2
2026-02-21 15:17:57,LKO,Fog,0.8,3.22,0.9,24.3,69.6
2026-06-23 16:02:25,LKO,Clear,0.09,9.75,0.4,11.3,97.9
2026-04-25 10:40:00,LKO,Rain,0.23,7.21,4.2,37.7,53.2
2026-05-02 11:40:19,LKO,Clear,0.41,6.81,0.6,23.6,100.0
2026-04-03 14:30:47,LKO,Rain,0.55,3.78,2.9,28.8,74.8
2026-03-18 01:44:56,LKO,Rain,0.31,6.74,14.2,21.1,57.2
2026-01-20 05:56:12,LKO,Clear,0.06,8.88,0.6,13.5,85.0
2026-02-09 03:38:24,LKO,Clear,0.74,3.31,0.1,20.1,59.0
2026-03-07 05:52:55,LKO,Rain,0.63,2.88,5.1,41.8,67.7
2026-01-28 18:39:25,LKO,Rain,0.54,4.38,9.1,8.5,77.3
2026-05-27 03:58:10,LKO,Fog,0.67,4.13,0.9,26.4,24.4
2026-03-23 08:49:05,LKO,Clear,0.62,4.99,0.1,11.1,88.4
2026-03-25 09:18:01,LKO,Clear,0.08,9.55,0.6,27.3,72.1
2026-04-04 07:11:21,LKO,Clear,0.3,7.71,1.0,33.2,59.6
2026-03-06 12:20:44,LKO,Clear,0.39,7.28,0.3,46.8,39.6
2026-03-19 01:02:04,LKO,Clear,0.25,7.25,0.1,20.4,100.0
2026-04-18 17:03:31,LKO,Rain,0.33,5.72,1.4,36.4,70.0
2026-03-21 10:25:46,LKO,Rain,0.43,5.14,10.8,25.6,56.6
2026-01-25 22:26:37,LKO,Cloudy,0.16,9.32,1.1,23.4,65.7
2026-01-20 14:26:45,LKO,Clear,0.61,4.26,0.7,17.9,39.5
2026-03-10 13:35:12,LKO,Clear,0.15,8.62,0.9,23.9,72.1
2026-05-19 15:38:16,LKO,Clear,0.46,6.16,0.4,38.3,42.2
2026-06-30 16:49:05,LKO,Cloudy,0.19,7.98,0.3,26.3,70.9
2026-05-18 19:22:13,LKO,Clear,0.23,8.4,0.7,26.1,71.7
2026-06-21 13:28:23,LKO,Clear,0.27,7.75,0.7,10.2,44.0
2026-06-08 21:21:02,LKO,Rain,0.21,7.07,15.4,0.8,68.2
2026-03-03 04:51:46,LKO,Cloudy,0.16,8.31,1.5,30.0,37.3
2026-03-02 01:34:29,LKO,Clear,0.18,9.25,0.6,18.7,69.3
2026-06-14 14:46:42,LKO,Rain,0.09,7.88,7.9,33.0,62.7
2026-05-13 19:14:55,LKO,Clear,0.2,8.8,0.6,43.1,53.6
2026-03-20 17:21:58,LKO,Fog,0.53,5.39,0.8,24.4,65.6
2026-02-22 10:03:41,LKO,Clear,0.36,7.19,1.0,25.0,75.9
2026-02-22 22:24:27,LKO,Fog,0.6,5.25,0.4,15.6,91.4
2026-03-24 05:00:39,LKO,Rain,0.28,6.07,5.6,19.3,92.3
2026-06-25 02:10:03,LKO,Clear,0.4,6.91,0.4,15.0,46.3
2026-02-03 04:21:05,LKO,Fog,0.75,3.28,0.7,26.6,82.0
2026-01-27 06:10:58,LKO,Cloudy,0.42,6.51,0.1,9.8,70.4
2026-06-28 08:24:54,LKO,Clear,0.54,6.25,0.3,24.5,77.2
2026-01-01 09:54:58,LKO,Fog,0.44,6.63,0.5,27.0,80.9
2026-01-02 01:32:36,LKO,Clear,0.18,8.99,1.2,31.0,79.3
2026-04-15 08:15:06,LKO,Clear,0.08,9.22,1.0,27.0,82.4
2026-01-19 01:49:42,LKO,Cloudy,0.42,5.67,0.9,17.9,68.4
2026-04-29 23:35:39,LKO,Clear,0.15,9.04,0.1,31.1,70.6
2026-06-22 10:23:55,LKO,Clear,0.21,8.02,1.3,7.7,49.8
2026-05-25 15:08:35,LKO,Cloudy,0.13,8.56,0.5,25.4,52.5
2026-03-25 19:35:22,LKO,Clear,0.35,7.24,1.5,27.4,67.4
2026-02-25 15:04:36,LKO,Clear,0.07,9.53,0.5,29.0,75.4
2026-01-09 05:04:41,LKO,Clear,0.27,7.27,1.4,35.8,75.7
2026-06-06 22:45:41,LKO,Clear,0.29,7.79,0.7,33.0,93.2
2026-05-08 12:32:40,LKO,Clear,0.57,5.15,0.5,15.7,57.5
2026-02-04 10:24:15,LKO,Clear,0.6,4.82,0.8,17.4,53.1
2026-04-25 04:07:52,LKO,Clear,0.21,8.53,1.0,20.7,53.0
2026-06-15 19:22:15,LKO,Clear,0.4,7.05,0.0,32.5,59.1
2026-02-22 02:19:35,LKO,Clear,0.15,9.35,0.7,20.0,60.4
2026-05-06 00:38:38,LKO,Cloudy,0.03,9.85,1.3,15.8,71.1
2026-06-07 19:46:14,LKO,Clear,0.31,7.44,0.3,31.6,50.2
2026-02-15 04:38:29,LKO,Rain,0.12,8.23,23.9,17.8,57.3
2026-04-25 15:51:58,LKO,Cloudy,0.29,7.79,1.0,23.3,47.6
2026-04-26 22:02:44,LKO,Rain,0.05,7.78,3.9,25.5,57.3
2026-01-25 05:47:03,LKO,Cloudy,0.39,6.58,1.1,31.1,46.3
2026-06-08 22:19:01,LKO,Cloudy,0.61,4.15,0.5,14.2,100.0
2026-04-04 12:33:09,LKO,Fog,0.48,5.22,1.4,28.6,50.1
2026-03-12 02:42:40,LKO,Clear,0.54,5.08,0.6,13.9,62.9
2026-04-04 04:21:19,LKO,Clear,0.47,6.22,1.3,41.5,91.9
2026-05-09 21:06:04,LKO,Cloudy,0.16,8.29,0.0,23.0,82.3
2026-05-10 00:56:33,LKO,Fog,0.44,6.67,1.3,25.2,67.0
2026-01-09 08:54:02,LKO,Clear,0.52,5.7,0.2,16.9,45.7
2026-03-27 21:57:23,LKO,Fog,0.95,1.42,1.5,25.5,82.5
2026-01-16 10:26:18,LKO,Clear,0.26,7.62,1.2,18.1,63.8
2026-03-28 11:55:53,LKO,Cloudy,0.17,8.99,0.5,25.6,92.4
2026-04-29 18:56:04,LKO,Fog,1.0,1.22,1.0,19.6,88.5
2026-03-23 18:34:29,LKO,Clear,0.13,8.89,1.0,18.4,52.9
2026-02-28 10:59:17,LKO,Fog,0.41,6.49,0.3,15.2,76.1
2026-01-14 17:16:44,LKO,Clear,0.39,5.86,1.2,30.2,96.6
2026-05-20 14:49:09,LKO,Rain,0.44,5.01,5.2,24.7,55.1
2026-05-13 18:45:11,LKO,Clear,0.36,6.33,1.0,38.0,58.8
2026-03-28 09:20:39,LKO,Rain,0.08,8.5,7.2,19.6,39.2
2026-06-20 06:07:45,LKO,Clear,0.05,9.14,1.0,33.3,66.3
2026-04-02 02:41:48,LKO,Clear,0.3,7.47,0.6,33.6,76.1
2026-04-14 13:50:58,LKO,Clear,0.23,7.43,0.0,30.2,61.2
2026-05-24 00:18:51,LKO,Rain,0.36,5.23,7.8,30.4,49.9
2026-03-19 14:41:03,LKO,Clear,0.48,5.9,0.4,15.4,53.6
2026-06-03 02:36:38,LKO,Clear,0.31,6.91,0.3,16.7,56.3
2026-01-09 18:55:49,LKO,Cloudy,0.32,7.0,1.0,5.7,56.7
2026-01-30 13:52:41,LKO,Clear,0.28,6.82,1.1,24.6,79.3
2026-03-16 15:01:01,LKO,Clear,0.25,7.89,1.3,28.8,72.0
2026-02-15 22:43:01,LKO,Clear,0.33,7.66,0.5,34.1,100.0
2026-06-11 05:17:39,LKO,Clear,0.24,7.11,0.2,23.4,86.3
2026-06-12 14:31:00,LKO,Clear,0.3,8.14,0.6,25.9,44.2
2026-02-17 20:21:22,LKO,Fog,0.56,4.86,0.7,22.5,64.2
2026-06-22 07:14:53,LKO,Clear,0.04,8.66,0.2,43.9,71.3
2026-01-06 05:34:39,LKO,Cloudy,0.25,8.56,1.1,15.0,61.0
2026-05-09 23:31:18,LKO,Clear,0.15,9.16,0.8,30.0,81.0
2026-04-18 05:31:10,LKO,Cloudy,0.43,5.98,0.5,20.5,98.8
2026-03-25 10:17:48,LKO,Cloudy,0.14,8.7,0.5,29.5,66.9
2026-01-05 13:56:00,LKO,Cloudy,0.28,7.6,0.1,9.4,63.6
2026-02-11 09:21:02,LKO,Clear,0.31,8.19,0.9,30.3,63.1
2026-04-14 13:21:41,LKO,Rain,0.06,7.33,6.8,9.7,56.9
2026-02-11 16:04:11,LKO,Clear,0.48,5.53,0.6,25.1,74.8
2026-04-15 23:16:24,LKO,Clear,0.24,7.68,1.5,27.2,51.1
2026-04-15 20:20:37,LKO,Fog,0.69,3.42,0.0,27.6,73.9
2026-02-27 11:37:35,LKO,Fog,0.53,5.45,1.4,31.0,71.1
2026-01-31 13:07:25,LKO,Clear,0.48,5.87,0.8,8.9,49.7
2026-01-26 08:44:35,LKO,Fog,0.56,4.97,0.8,27.8,73.0
2026-06-03 20:41:29,LKO,Cloudy,0.06,9.33,1.3,30.6,64.6
2026-05-30 06:58:01,LKO,Fog,0.88,2.2,0.5,18.9,60.3
2026-06-12 21:27:03,LKO,Clear,0.27,7.3,0.8,25.7,69.6
2026-04-01 14:25:23,LKO,Clear,0.29,7.94,1.3,13.9,39.2
2026-01-15 03:18:55,LKO,Fog,0.46,6.28,1.4,32.8,66.8
2026-01-21 18:17:25,LKO,Clear,0.4,6.46,1.3,43.8,91.1
2026-03-28 03:59:45,LKO,Clear,0.14,8.44,0.1,18.2,51.8
2026-03-10 12:50:33,LKO,Clear,0.28,7.87,0.1,24.8,92.0
2026-01-23 19:00:37,LKO,Cloudy,0.13,8.9,0.2,19.7,72.1
2026-03-17 06:22:57,LKO,Cloudy,0.29,7.79,0.7,25.3,61.1
2026-02-07 19:41:01,LKO,Clear,0.18,8.18,0.3,12.0,78.5
2026-04-01 08:50:06,LKO,Clear,0.15,8.18,0.2,12.5,62.8
2026-03-01 12:08:18,LKO,Clear,0.24,7.78,1.4,42.4,100.0
2026-01-07 11:21:27,LKO,Fog,0.91,2.12,0.8,40.8,55.6
2026-04-11 08:55:36,LKO,Clear,0.15,9.16,1.4,24.5,68.0
2026-05-03 09:30:10,LKO,Fog,0.55,5.45,0.7,21.9,71.5
2026-03-29 07:18:19,LKO,Clear,0.34,6.95,1.1,27.1,95.2
2026-02-27 10:12:35,LKO,Cloudy,0.21,8.24,1.2,16.6,50.0
2026-01-14 22:02:58,LKO,Clear,0.14,9.1,1.2,21.9,49.9
2026-01-13 13:25:00,LKO,Clear,0.27,7.09,0.5,22.7,69.6
2026-02-24 07:36:48,LKO,Fog,0.58,4.89,1.0,15.4,53.7
2026-02-10 11:57:28,LKO,Clear,0.35,6.33,0.8,19.3,55.6
2026-05-14 17:36:30,LKO,Cloudy,0.13,8.48,1.0,29.5,56.2
2026-05-08 06:32:32,LKO,Fog,0.45,6.32,0.5,20.1,51.6
2026-04-23 20:10:34,LKO,Fog,0.65,4.67,1.3,22.6,93.6
2026-04-17 01:25:32,LKO,Clear,0.42,7.5,1.1,31.1,56.5
2026-03-31 07:04:25,LKO,Clear,0.01,9.3,0.4,32.4,57.9
2026-05-13 06:58:38,LKO,Clear,0.44,6.28,0.4,29.8,80.3
2026-05-07 06:55:16,LKO,Clear,0.3,7.63,0.0,17.4,42.9
2026-06-12 20:40:59,LKO,Clear,0.33,6.97,1.4,16.9,99.3
2026-01-12 19:41:43,LKO,Cloudy,0.19,9.04,0.8,21.5,64.8
2026-02-13 00:46:38,LKO,Clear,0.43,5.94,0.8,24.2,100.0
2026-01-15 14:45:04,LKO,Clear,0.11,9.38,0.1,30.9,47.0
2026-01-01 18:46:18,LKO,Cloudy,0.19,8.74,0.3,23.9,67.6
2026-06-26 01:43:07,LKO,Rain,0.27,6.18,22.4,28.5,80.7
2026-01-03 09:52:35,LKO,Fog,0.54,5.73,0.9,25.4,68.5
2026-01-25 16:14:33,LKO,Clear,0.41,6.47,0.9,28.8,99.5
2026-02-06 20:21:00,LKO,Clear,0.39,6.71,0.0,11.4,44.2
2026-04-24 02:54:52,LKO,Clear,0.58,5.1,0.7,23.9,89.4
2026-05-17 05:58:47,LKO,Rain,0.1,8.83,12.1,23.4,62.0
2026-01-29 02:48:22,LKO,Clear,0.13,9.55,1.1,29.9,65.7
2026-06-19 07:32:23,LKO,Clear,0.05,10.34,0.5,30.0,62.9
2026-05-29 21:36:47,LKO,Clear,0.1,8.8,1.5,2.3,91.7
2026-04-13 05:23:01,LKO,Clear,0.59,5.07,0.4,21.2,50.4
2026-06-02 21:03:26,LKO,Clear,0.42,6.76,0.6,20.0,56.8
2026-04-17 01:41:22,LKO,Clear,0.16,9.1,0.7,17.9,60.0
2026-03-19 14:41:30,LKO,Cloudy,0.34,7.04,1.4,26.1,58.1
2026-03-26 04:09:26,LKO,Cloudy,0.44,6.18,1.0,32.6,65.5
2026-06-24 06:36:13,LKO,Clear,0.24,7.92,1.4,11.5,41.8
2026-02-23 00:36:37,LKO,Clear,0.17,8.29,0.1,36.1,88.6
2026-02-23 20:37:35,LKO,Clear,0.31,6.91,1.0,16.2,56.9
2026-06-20 03:58:49,LKO,Clear,0.7,3.45,0.7,35.2,74.8
2026-03-27 09:06:19,LKO,Clear,0.22,7.39,0.5,28.4,59.6
2026-02-23 13:43:08,LKO,Clear,0.28,8.19,0.5,17.0,60.8
2026-05-21 08:08:04,LKO,Fog,0.48,5.95,0.7,22.5,44.9
2026-03-05 12:40:40,LKO,Fog,0.76,3.3,1.4,24.3,92.7
2026-03-13 13:21:00,LKO,Clear,0.25,8.51,1.1,27.7,37.8
