timestamp,current_station,weather,fog_index,visibility_km,rainfall_mm,temperature_c,humidity_percent
2026-05-25 10:11:45,NDLS,Cloudy,0.34,6.32,1.3,8.7,53.2
2026-01-04 11:40:06,NDLS,Rain,0.01,9.31,11.6,37.0,71.7
2026-03-24 23:10:31,NDLS,Clear,0.06,9.39,1.5,29.4,47.1
2026-01-08 10:55:28,NDLS,Clear,0.15,8.88,1.2,32.1,83.2
2026-01-20 06:39:26,NDLS,Cloudy,0.24,8.39,0.1,19.9,83.4
2026-04-30 17:47:34,NDLS,Clear,0.58,4.82,0.5,24.0,36.9
2026-06-28 09:26:22,NDLS,Clear,0.48,5.79,1.4,17.4,52.7
2026-01-10 08:46:09,NDLS,Rain,0.59,4.23,5.2,26.5,93.8
2026-05-21 18:48:16,NDLS,Rain,0.19,7.31,0.5,39.5,42.4
2026-05-22 10:04:24,NDLS,Clear,0.28,7.39,0.1,26.8,77.6
2026-01-24 14:16:46,NDLS,Cloudy,0.23,7.81,1.3,24.1,69.1
2026-03-01 04:27:20,NDLS,Clear,0.25,7.77,0.6,27.3,74.1
2026-05-07 06:56:04,NDLS,Clear,0.27,7.61,1.2,29.2,32.9
2026-02-07 18:29:49,NDLS,Clear,0.28,7.26,0.1,40.7,77.8
2026-05-12 23:24:09,NDLS,Clear,0.43,5.82,0.9,10.0,40.6
2026-05-04 00:44:03,NDLS,Cloudy,0.44,6.16,1.5,25.5,62.8
2026-03-26 23:56:23,NDLS,Fog,0.65,4.42,0.7,44.5,83.1
2026-05-08 15:59:44,NDLS,Clear,0.27,8.67,0.4,32.4,47.4
2026-03-08 21:04:32,NDLS,Rain,0.34,5.21,10.3,22.8,62.3
2026-03-28 19:56:22,NDLS,Rain,0.16,7.65,8.8,26.8,50.8
2026-04-22 22:43:28,NDLS,Clear,0.25,7.94,0.2,8.1,72.5
2026-04-01 11:37:59,NDLS,Clear,0.46,6.0,1.3,28.0,49.8
2026-01-14 00:25:55,NDLS,Clear,0.36,8.08,1.2,20.7,80.0
2026-02-18 20:16:27,NDLS,Fog,0.52,5.31,1.0,27.8,42.4
2026-02-17 17:39:44,NDLS,Clear,0.04,8.76,0.4,25.7,72.4
2026-03-19 04:26:28,NDLS,Fog,0.57,5.64,1.0,19.0,63.8
2026-02-20 15:46:57,NDLS,Clear,0.16,8.47,1.1,41.8,77.2
2026-06-03 18:54:21,NDLS,Fog,0.73,3.71,1.3,29.5,100.0
2026-06-18 02:34:13,NDLS,Cloudy,0.19,8.22,0.3,26.1,95.6
2026-05-14 21:09:54,NDLS,Clear,0.18,8.85,0.7,33.1,37.2
2026-02-25 18:30:46,NDLS,Clear,0.13,9.16,0.4,31.6,77.9
2026-03-03 23:07:58,NDLS,Rain,0.24,7.04,7.8,17.1,80.8
2026-02-09 05:39:35,NDLS,Clear,0.5,5.18,1.5,32.6,73.7
2026-01-08 11:41:11,NDLS,Rain,0.07,7.38,9.7,32.7,69.0
2026-06-29 23:12:15,NDLS,Clear,0.62,4.69,1.5,19.6,82.4
2026-06-28 08:55:14,NDLS,Clear,0.23,7.83,0.7,19.3,61.8
2026-02-20 09:44:12,NDLS,Rain,0.2,7.38,13.3,34.4,39.8
2026-05-26 13:31:11,NDLS,Cloudy,0.09,8.98,0.5,27.3,52.6
2026-05-21 11:59:44,NDLS,Clear,0.4,6.41,0.8,18.2,53.8
2026-03-30 12:19:05,NDLS,Cloudy,0.22,8.28,1.3,23.6,77.2
2026-02-08 10:15:34,NDLS,Cloudy,0.34,7.63,1.3,17.3,69.2
2026-03-30 09:38:46,NDLS,Fog,0.56,4.98,0.4,18.9,87.2
2026-01-18 13:06:21,NDLS,Fog,0.76,4.08,0.9,21.5,57.6
2026-05-20 02:49:17,NDLS,Clear,0.2,8.85,1.1,26.6,86.2
2026-04-21 02:55:17,NDLS,Rain,0.46,4.66,2.2,34.1,70.4
2026-03-09 19:42:35,NDLS,Clear,0.3,6.83,1.2,26.0,73.9
2026-02-19 05:23:40,NDLS,Rain,0.13,7.57,6.1,28.7,46.1
2026-01-30 18:22:47,NDLS,Clear,0.32,7.2,1.4,34.5,52.4
2026-05-08 01:46:46,NDLS,Clear,0.12,9.4,0.7,21.9,83.4
2026-03-10 02:49:23,NDLS,Clear,0.3,7.08,0.2,30.9,34.9
2026-01-10 01:29:15,NDLS,Rain,0.14,8.15,2.2,29.1,60.7
2026-03-24 04:44:26,NDLS,Fog,0.49,6.3,0.3,22.5,89.6
2026-03-27 03:48:25,NDLS,Fog,0.48,6.37,1.2,24.2,66.2
2026-04-14 20:51:20,NDLS,Rain,0.27,7.11,9.2,38.4,87.0
2026-04-22 11:34:59,NDLS,Cloudy,0.12,9.18,0.1,31.8,36.2
2026-02-27 22:52:53,NDLS,Clear,0.07,8.91,0.1,31.7,42.0
2026-06-30 20:16:27,NDLS,Cloudy,0.1,9.7,0.2,25.3,63.8
2026-06-03 03:45:31,NDLS,Clear,0.17,8.46,1.1,12.0,72.7
2026-06-05 20:26:36,NDLS,Clear,0.13,9.74,1.4,29.6,45.2
2026-01-27 18:02:41,NDLS,Fog,0.63,4.62,0.9,16.8,64.3
2026-04-03 10:24:30,NDLS,Clear,0.53,5.09,1.0,30.2,78.3
2026-02-14 17:20:40,NDLS,Clear,0.16,8.05,0.7,21.6,82.8
2026-01-20 13:22:55,NDLS,Clear,0.47,6.0,1.3,18.3,45.8
2026-05-30 01:43:54,NDLS,Rain,0.41,5.28,17.7,30.6,83.3
2026-04-27 00:26:21,NDLS,Cloudy,0.29,7.27,0.9,28.9,74.1
2026-01-25 10:17:53,NDLS,Fog,0.72,3.89,0.3,37.8,100.0
2026-04-14 08:09:30,NDLS,Fog,0.58,5.23,1.2,27.2,57.8
2026-06-12 06:45:41,NDLS,Clear,0.13,8.88,0.2,35.6,61.4
2026-03-27 02:52:49,NDLS,Cloudy,0.24,7.45,1.2,37.0,51.6
2026-06-23 13:46:17,NDLS,Cloudy,0.57,5.4,0.9,22.3,95.7
2026-05-02 03:19:52,NDLS,Fog,0.83,2.73,0.3,1.1,69.9
2026-01-07 15:12:58,NDLS,Rain,0.4,5.47,5.4,13.6,77.0
2026-02-20 22:22:02,NDLS,Fog,0.73,3.56,1.0,16.7,69.6
2026-05-11 03:33:18,NDLS,Clear,0.47,5.88,1.4,13.9,57.1
2026-06-27 22:34:22,NDLS,Rain,0.19,7.18,8.6,20.8,71.5
2026-01-26 20:41:34,NDLS,Clear,0.16,8.94,0.4,28.3,81.3
2026-06-06 21:39:32,NDLS,Clear,0.22,8.43,0.2,19.4,31.1
2026-05-04 21:31:15,NDLS,Cloudy,0.46,6.57,1.3,43.8,81.1
2026-03-08 15:39:19,NDLS,Clear,0.22,8.59,0.9,27.4,74.9
2026-05-30 11:23:50,NDLS,Rain,0.07,8.97,7.5,25.2,62.9
2026-05-02 19:53:15,NDLS,Cloudy,0.18,8.72,1.3,14.2,50.8
2026-03-21 13:00:38,NDLS,Fog,0.82,2.68,0.6,17.9,96.7
2026-06-23 20:14:15,NDLS,Clear,0.05,10.06,0.3,20.2,39.9
2026-02-25 15:08:24,NDLS,Clear,0.28,8.06,0.9,10.4,49.6
2026-04-09 11:35:04,NDLS,Clear,0.34,7.26,0.9,22.5,38.4
2026-01-01 21:58:03,NDLS,Clear,0.42,6.8,0.2,18.6,81.4
2026-02-24 09:34:42,NDLS,Clear,0.37,6.64,0.3,13.4,41.6
2026-02-24 19:07:54,NDLS,Cloudy,0.44,6.34,1.5,30.5,67.1
2026-01-19 12:57:58,NDLS,Fog,0.43,6.13,0.5,32.2,68.4
2026-02-01 18:40:47,NDLS,Clear,0.24,7.73,0.7,16.3,20.2
2026-02-19 11:37:09,NDLS,Clear,0.22,7.72,1.2,19.9,67.1
2026-04-26 05:33:15,NDLS,Rain,0.26,6.36,8.8,20.4,100.0
2026-04-03 09:26:03,NDLS,Rain,0.3,6.94,12.4,31.2,73.5
2026-04-05 17:24:28,NDLS,Rain,0.1,8.46,26.4,24.4,41.0
2026-04-29 16:43:20,NDLS,Clear,0.27,7.77,1.1,18.8,45.2
2026-02-15 01:53:12,NDLS,Clear,0.57,4.78,1.3,31.8,40.0
2026-01-17 05:17:12,NDLS,Clear,0.56,5.22,0.7,6.5,50.7
2026-01-10 13:32:45,NDLS,Fog,0.49,5.67,0.9,22.0,92.8
2026-06-09 18:58:02,NDLS,Fog,0.76,3.84,0.0,27.2,44.9
2026-05-25 11:47:37,NDLS,Fog,0.44,6.6,0.7,35.7,78.8
2026-02-18 05:08:58,NDLS,Clear,0.14,8.85,1.5,29.3,53.8
2026-03-10 11:35:47,NDLS,Fog,0.48,5.37,1.4,13.5,59.6
2026-01-18 14:36:56,NDLS,Cloudy,0.22,7.41,0.7,27.7,63.4
2026-02-12 17:59:25,NDLS,Clear,0.73,4.78,0.2,30.9,63.7
2026-01-01 05:45:52,NDLS,Clear,0.08,10.7,1.2,24.5,69.2
2026-05-05 00:33:48,NDLS,Clear,0.28,7.27,1.4,38.2,34.1
2026-01-07 21:14:54,NDLS,Clear,0.5,5.59,0.2,36.8,49.0
2026-04-28 18:37:37,NDLS,Clear,0.23,7.49,1.4,38.6,54.2
2026-02-22 11:00:05,NDLS,Clear,0.23,8.18,1.3,19.1,86.9
2026-06-29 15:14:52,NDLS,Fog,0.81,4.24,0.1,33.4,53.9
2026-01-25 16:11:37,NDLS,Clear,0.52,5.18,0.4,29.9,100.0
2026-02-04 18:47:26,NDLS,Fog,0.77,3.76,1.1,28.0,86.3
2026-01-09 23:16:03,NDLS,Clear,0.07,9.21,0.8,28.3,62.9
2026-06-19 21:51:11,NDLS,Clear,0.41,6.84,0.4,26.0,59.5
2026-04-28 22:24:36,NDLS,Cloudy,0.22,8.61,1.2,29.0,77.5
2026-06-07 05:54:39,NDLS,Clear,0.06,9.57,0.6,28.0,67.9
2026-04-12 01:29:42,NDLS,Cloudy,0.18,8.45,1.1,31.1,75.8
2026-05-14 13:35:31,NDLS,Clear,0.19,8.37,1.4,25.4,41.2
2026-01-12 04:30:49,NDLS,Rain,0.14,7.25,6.6,28.9,73.8
2026-04-19 08:16:09,NDLS,Cloudy,0.51,5.97,1.4,22.0,53.6
2026-03-17 12:42:55,NDLS,Rain,0.48,4.57,16.4,31.7,67.2
2026-06-08 21:53:16,NDLS,Clear,0.08,9.48,0.3,14.6,100.0
2026-01-19 05:33:40,NDLS,Clear,0.2,8.37,0.7,21.0,69.2
2026-05-13 20:16:46,NDLS,Clear,0.11,8.55,0.4,23.5,53.2
2026-03-18 16:34:59,NDLS,Clear,0.28,7.83,0.7,23.8,60.9
2026-05-11 06:54:40,NDLS,Clear,0.5,5.42,0.7,21.1,62.4
2026-04-22 23:30:49,NDLS,Cloudy,0.08,9.17,1.5,13.5,68.7
2026-06-12 11:41:13,NDLS,Cloudy,0.51,6.08,0.8,27.5,93.8
2026-01-10 12:35:11,NDLS,Fog,0.64,4.8,1.2,24.9,35.3
2026-04-16 16:21:04,NDLS,Cloudy,0.5,5.96,1.1,49.3,89.6
2026-04-19 11:18:14,NDLS,Clear,0.31,7.68,1.0,22.2,88.3
2026-03-30 16:21:33,NDLS,Clear,0.51,5.92,1.2,15.5,88.2
2026-04-17 08:36:54,NDLS,Cloudy,0.23,7.9,0.4,23.1,66.7
2026-03-05 11:14:40,NDLS,Clear,0.09,9.56,1.2,26.8,100.0
2026-05-31 02:15:09,NDLS,Clear,0.4,6.09,0.3,28.3,33.3
2026-05-08 07:26:10,NDLS,Clear,0.28,7.5,0.7,30.2,93.7
2026-02-03 08:42:36,NDLS,Fog,0.61,5.16,0.5,13.8,79.0
2026-02-03 10:03:07,NDLS,Clear,0.19,8.56,1.5,42.7,50.0
2026-06-24 00:54:20,NDLS,Fog,0.74,3.29,0.5,21.0,57.8
2026-01-25 04:36:06,NDLS,Clear,0.24,7.89,0.6,22.2,76.5
2026-03-18 04:38:47,NDLS,Clear,0.05,9.27,0.0,28.2,43.1
2026-03-23 01:42:37,NDLS,Clear,0.19,8.0,0.5,31.3,67.1
2026-05-04 19:47:14,NDLS,Clear,0.4,6.58,0.1,33.1,71.3
2026-05-11 18:34:35,NDLS,Clear,0.46,5.91,0.1,14.4,62.6
2026-03-25 12:56:42,NDLS,Cloudy,0.14,8.45,0.6,27.4,45.0
2026-02-05 05:17:20,NDLS,Cloudy,0.5,5.73,1.0,18.4,75.5
2026-05-23 22:49:28,NDLS,Clear,0.18,8.88,0.6,35.7,31.9
2026-04-11 12:15:46,NDLS,Cloudy,0.33,7.03,0.8,32.7,73.6
2026-02-12 09:17:32,NDLS,Clear,0.34,7.92,0.1,12.1,49.9
2026-04-25 18:05:00,NDLS,Clear,0.32,7.07,1.2,21.4,59.7
2026-05-30 05:22:03,NDLS,Clear,0.3,7.75,0.8,27.9,73.3
2026-03-16 03:34:30,NDLS,Clear,0.33,6.95,1.3,23.3,73.7
2026-02-04 11:07:38,NDLS,Cloudy,0.37,6.84,1.4,34.1,54.0
2026-04-04 07:49:13,NDLS,Clear,0.15,8.51,0.5,25.5,100.0
2026-01-04 12:30:34,NDLS,Rain,0.02,7.79,2.8,19.8,44.3
2026-05-08 15:05:38,NDLS,Clear,0.23,7.63,1.1,5.7,60.9
2026-01-07 05:47:33,NDLS,Rain,0.12,8.42,4.4,8.6,55.2
2026-03-09 01:02:14,NDLS,Clear,0.21,8.36,0.2,6.9,35.4
2026-02-15 09:31:34,NDLS,Clear,0.63,3.99,1.3,38.6,58.1
2026-05-06 09:10:14,NDLS,Cloudy,0.3,7.75,0.9,20.8,90.1
2026-02-08 20:34:10,NDLS,Cloudy,0.08,9.0,1.1,8.9,39.4
2026-03-04 18:13:21,NDLS,Clear,0.63,4.11,0.6,20.7,87.3
2026-06-19 16:34:31,NDLS,Clear,0.47,5.64,1.1,2.2,100.0
2026-05-07 12:22:08,NDLS,Rain,0.58,4.25,18.6,21.0,73.2
2026-03-09 14:57:35,NDLS,Rain,0.28,6.1,5.2,24.6,73.0
2026-05-25 23:06:14,NDLS,Clear,0.06,9.64,1.2,21.3,79.1
2026-01-11 14:12:44,NDLS,Clear,0.41,6.94,1.2,21.3,52.4
2026-06-25 21:25:00,NDLS,Clear,0.27,7.05,0.1,21.9,67.2
2026-04-16 18:14:17,NDLS,Rain,0.03,7.97,5.4,29.6,57.3
2026-06-08 21:13:44,NDLS,Clear,0.54,5.59,0.7,40.3,75.6
2026-01-03 23:14:20,NDLS,Clear,0.08,8.87,0.8,13.3,38.2
2026-05-10 11:56:47,NDLS,Rain,0.48,4.36,29.5,30.7,50.0
2026-05-26 00:42:47,NDLS,Cloudy,0.62,5.13,0.1,33.3,59.7
2026-03-06 04:28:54,NDLS,Clear,0.42,6.49,0.3,40.1,100.0
2026-02-03 11:22:18,NDLS,Clear,0.44,5.73,0.9,25.0,56.3
2026-05-11 13:58:04,NDLS,Rain,0.42,5.03,11.4,29.9,84.0
2026-02-28 20:18:37,NDLS,Rain,0.48,4.52,11.4,29.5,73.1
2026-04-08 06:41:24,NDLS,Clear,0.14,9.88,0.4,25.7,81.7
2026-05-04 01:50:36,NDLS,Rain,0.64,4.04,20.6,26.8,67.9
2026-02-05 22:19:42,NDLS,Clear,0.04,9.66,0.7,26.3,66.6
2026-02-18 19:50:07,NDLS,Clear,0.09,9.07,0.9,22.1,98.3
2026-04-09 16:58:48,NDLS,Cloudy,0.43,6.05,1.2,9.8,74.7
2026-03-21 22:06:33,NDLS,Clear,0.21,8.11,0.5,20.3,69.3
2026-03-20 22:50:03,NDLS,Clear,0.22,8.57,0.2,22.9,65.3
2026-03-13 23:16:03,NDLS,Clear,0.22,8.11,0.0,33.7,68.5
2026-01-11 06:50:48,NDLS,Clear,0.41,6.52,1.3,24.3,72.7
2026-06-29 08:13:57,NDLS,Rain,0.23,5.76,5.0,27.7,99.6
2026-03-31 09:57:01,NDLS,Clear,0.28,8.07,0.2,29.2,73.1
2026-02-08 04:49:04,NDLS,Clear,0.1,9.47,1.0,27.9,26.5
2026-05-27 06:43:35,NDLS,Clear,0.31,7.56,0.2,33.1,54.3
2026-03-23 14:19:34,NDLS,Clear,0.34,7.66,0.2,26.6,85.4
2026-04-05 03:49:15,NDLS,Clear,0.23,7.98,1.3,24.1,58.9
2026-06-05 23:44:06,NDLS,Cloudy,0.27,7.42,1.4,31.7,80.8
2026-01-03 12:06:18,NDLS,Clear,0.08,10.01,0.0,31.7,62.7
2026-06-15 03:56:25,NDLS,Clear,0.04,9.84,0.4,36.9,100.0
2026-03-04 12:38:07,NDLS,Clear,0.34,6.79,0.8,31.5,64.1
2026-05-25 20:30:50,NDLS,Clear,0.58,4.3,1.4,12.3,66.1
2026-03-11 19:38:37,NDLS,Fog,0.4,6.26,0.9,25.1,42.2
2026-05-03 00:48:19,NDLS,Clear,0.04,9.21,0.7,22.3,72.4
2026-06-23 01:28:49,NDLS,Clear,0.13,8.77,1.0,20.7,58.3
2026-06-30 00:09:07,NDLS,Cloudy,0.12,9.08,1.2,42.8,43.9
2026-01-20 19:41:08,NDLS,Clear,0.48,5.41,0.8,31.1,67.1
2026-06-11 12:07:52,NDLS,Fog,0.5,5.52,0.3,29.4,59.9
2026-06-07 04:09:21,NDLS,Cloudy,0.33,7.68,0.4,23.5,79.6
2026-04-05 16:04:15,NDLS,Fog,0.45,5.89,0.4,38.6,54.9
2026-05-19 11:32:26,NDLS,Cloudy,0.4,5.36,0.8,21.9,73.5
2026-04-04 12:30:02,NDLS,Rain,0.13,8.34,6.6,25.1,60.4
2026-04-02 06:46:05,NDLS,Clear,0.41,7.3,1.5,27.2,86.3
2026-04-10 08:21:45,NDLS,Clear,0.26,8.09,1.4,35.8,59.5
2026-04-04 07:16:42,NDLS,Cloudy,0.1,8.76,0.9,28.3,44.8
2026-06-02 02:34:57,NDLS,Clear,0.35,6.41,1.1,27.3,76.9
2026-02-28 22:24:10,NDLS,Clear,0.33,7.09,0.6,17.2,53.2
2026-06-08 20:31:20,NDLS,Cloudy,0.34,7.57,0.4,24.1,74.3
2026-03-13 15:16:30,NDLS,Clear,0.21,8.45,0.5,8.7,20.0
2026-04-10 00:43:48,NDLS,Clear,0.11,9.3,0.9,11.1,73.2
2026-02-05 23:09:27,NDLS,Clear,0.51,5.73,0.5,30.5,63.5
2026-03-05 01:25:09,NDLS,Fog,0.5,6.14,0.0,25.7,84.3
2026-05-16 20:56:26,NDLS,Cloudy,0.3,7.44,0.5,23.0,54.6
2026-04-16 08:57:41,NDLS,Rain,0.2,7.51,2.4,25.6,73.7
2026-03-24 23:08:13,NDLS,Clear,0.37,7.26,0.3,35.4,65.3
2026-03-09 11:38:56,NDLS,Fog,0.57,4.04,1.0,22.3,77.2
2026-05-10 14:28:46,NDLS,Rain,0.27,6.22,10.5,29.3,82.1
2026-01-14 02:42:43,NDLS,Clear,0.54,6.01,1.1,24.9,61.9
2026-04-18 21:02:32,NDLS,Clear,0.16,9.16,0.6,33.5,64.1
2026-03-02 22:02:44,NDLS,Fog,0.68,4.29,0.5,25.0,76.5
2026-01-10 05:08:55,NDLS,Clear,0.5,5.23,0.7,21.8,89.5
2026-01-05 09:28:10,NDLS,Clear,0.32,7.03,0.5,20.7,80.3
2026-02-06 16:18:50,NDLS,Cloudy,0.21,7.98,0.1,22.5,65.8
2026-02-16 09:24:42,NDLS,Clear,0.62,5.21,1.1,18.2,77.3
2026-01-19 03:23:54,NDLS,Rain,0.37,6.05,16.8,17.4,100.0
2026-04-17 17:59:45,NDLS,Clear,0.79,3.08,0.7,13.3,50.7
2026-04-06 07:54:50,NDLS,Cloudy,0.61,4.53,0.5,25.4,58.4
2026-05-31 02:25:55,NDLS,Clear,0.2,8.08,0.4,23.1,79.7
2026-03-03 23:32:47,NDLS,Clear,0.18,9.36,0.7,19.3,93.9
2026-05-19 16:09:08,NDLS,Clear,0.06,9.55,0.9,29.1,20.0
2026-06-23 05:12:08,NDLS,Clear,0.11,9.21,1.3,17.1,68.6
2026-03-22 23:12:49,NDLS,Rain,0.34,5.93,5.8,23.5,82.9
2026-04-17 19:54:15,NDLS,Clear,0.7,4.06,0.2,26.1,73.2
2026-03-03 01:06:00,NDLS,Fog,0.6,5.08,1.2,22.0,78.4
2026-05-24 08:38:10,NDLS,Clear,0.31,7.4,0.7,26.5,61.3
2026-01-09 23:05:40,NDLS,Fog,0.51,6.07,0.1,28.1,52.1
2026-01-16 15:22:54,NDLS,Cloudy,0.33,7.29,1.2,29.1,99.7
2026-05-27 17:01:51,NDLS,Fog,0.5,6.1,0.9,34.8,61.8
2026-04-29 07:16:10,NDLS,Rain,0.26,6.18,2.3,21.7,61.2
2026-02-10 05:43:22,NDLS,Cloudy,0.3,7.09,0.7,28.4,80.9
2026-03-18 01:26:03,NDLS,Clear,0.34,7.0,0.7,28.6,53.7
2026-05-29 12:36:59,NDLS,Clear,0.23,7.57,0.3,22.4,80.0
2026-05-08 15:40:40,NDLS,Clear,0.19,8.13,1.0,13.0,55.8
2026-04-07 04:08:47,NDLS,Cloudy,0.18,8.16,1.2,27.3,58.8
2026-06-04 10:50:26,NDLS,Clear,0.16,7.64,1.1,23.6,37.8
2026-04-17 18:37:50,NDLS,Cloudy,0.35,7.47,0.7,32.2,68.8
2026-04-03 02:02:41,NDLS,Clear,0.58,5.55,0.3,7.9,68.5
2026-01-27 18:40:09,NDLS,Clear,0.17,8.6,0.2,15.7,46.7
2026-04-14 19:21:38,NDLS,Clear,0.13,9.05,0.8,33.7,70.3
2026-06-21 07:33:06,NDLS,Rain,0.2,6.87,12.5,8.7,74.0
2026-06-22 06:24:29,NDLS,Clear,0.2,7.87,1.4,18.9,70.8
2026-02-27 06:51:22,NDLS,Clear,0.14,9.1,1.4,29.7,53.6
2026-05-31 13:14:44,NDLS,Clear,0.31,6.3,0.4,22.6,57.8
2026-02-05 02:42:54,NDLS,Cloudy,0.28,7.98,0.1,24.5,60.4
2026-01-16 00:07:55,NDLS,Clear,0.44,5.28,1.0,22.3,63.5
2026-06-12 17:59:49,NDLS,Clear,0.1,9.26,0.3,34.7,41.9
2026-01-24 02:04:12,NDLS,Clear,0.19,8.45,0.2,15.4,69.3
2026-05-19 15:36:29,NDLS,Clear,0.2,8.25,0.1,20.3,66.4
2026-06-15 21:07:02,NDLS,Clear,0.22,8.44,1.3,10.1,56.2
2026-01-09 06:42:54,NDLS,Clear,0.52,6.14,0.9,24.9,66.5
2026-01-08 00:12:46,NDLS,Rain,0.51,4.53,5.3,19.5,73.1
2026-01-01 14:11:27,NDLS,Clear,0.35,7.21,0.9,38.7,65.1
2026-03-07 21:25:09,NDLS,Clear,0.45,5.9,1.4,32.4,71.9
2026-04-03 00:35:09,NDLS,Cloudy,0.19,7.71,1.2,20.8,49.8
2026-02-18 21:35:19,NDLS,Clear,0.06,9.6,0.1,24.6,27.1
2026-06-15 19:14:22,NDLS,Clear,0.03,9.29,0.1,29.1,100.0
2026-03-07 21:20:00,NDLS,Rain,0.33,5.76,6.7,28.5,79.7
2026-03-02 14:18:19,NDLS,Cloudy,0.39,6.01,0.5,44.1,86.1
2026-02-21 07:45:20,NDLS,Clear,0.12,8.38,0.7,9.9,71.6
2026-01-03 12:48:11,NDLS,Cloudy,0.56,6.06,0.4,26.9,84.2
2026-03-24 10:20:27,NDLS,Cloudy,0.42,6.08,0.7,19.0,78.5
2026-04-20 02:08:45,NDLS,Clear,0.22,8.68,0.4,15.2,53.7
2026-03-02 20:17:17,NDLS,Rain,0.1,8.1,2.6,21.7,89.1
2026-02-27 03:39:53,NDLS,Cloudy,0.26,7.71,0.0,32.1,70.7
2026-06-23 23:14:44,NDLS,Fog,0.68,4.52,1.5,23.9,72.3
2026-03-15 14:26:26,NDLS,Rain,0.31,6.03,10.7,23.8,79.9
2026-05-08 12:03:09,NDLS,Clear,0.19,7.92,0.7,26.0,83.6
2026-03-18 06:57:43,NDLS,Cloudy,0.11,9.24,1.0,20.5,65.2
2026-05-24 15:32:56,NDLS,Clear,0.21,7.84,1.1,23.0,69.4
2026-04-16 05:33:57,NDLS,Clear,0.5,5.9,0.8,34.6,77.4
2026-04-22 13:32:52,NDLS,Fog,0.92,2.81,1.0,16.3,47.3
2026-03-21 15:57:25,NDLS,Clear,0.31,6.84,1.2,15.7,77.8
2026-04-05 05:32:11,NDLS,Fog,0.57,5.78,1.3,25.6,93.2
2026-03-17 06:37:10,NDLS,Fog,0.46,6.44,1.0,44.3,61.0
2026-04-14 14:04:55,NDLS,Clear,0.4,6.21,1.0,27.2,69.5
2026-02-15 12:59:31,NDLS,Rain,0.09,7.5,17.9,18.5,74.7
2026-01-26 03:04:05,NDLS,Clear,0.47,6.21,1.2,15.4,52.4
2026-06-06 15:01:48,NDLS,Clear,0.29,7.11,0.3,9.0,71.7
2026-01-29 00:24:15,NDLS,Fog,0.67,4.51,0.7,21.4,84.1
2026-04-03 07:39:45,NDLS,Clear,0.2,8.22,0.2,22.7,49.2
2026-03-09 14:46:13,NDLS,Rain,0.33,6.24,2.4,23.7,81.6
2026-03-27 00:04:14,NDLS,Clear,0.49,5.79,1.1,1.5,72.8
2026-03-29 01:04:29,NDLS,Clear,0.11,9.63,0.2,4.8,86.3
2026-06-11 16:42:59,NDLS,Clear,0.2,9.04,0.8,33.9,74.1
2026-02-26 06:00:25,NDLS,Clear,0.3,7.19,0.3,26.4,53.4
2026-06-07 08:12:48,NDLS,Clear,0.37,7.09,0.6,20.6,68.9
2026-01-04 19:11:08,NDLS,Clear,0.6,4.17,0.7,33.0,82.4
2026-06-04 18:29:11,NDLS,Clear,0.21,8.82,0.7,20.6,63.3
2026-06-20 01:23:56,NDLS,Rain,0.32,6.3,14.0,18.5,72.2
2026-02-22 17:34:26,NDLS,Clear,0.55,6.26,1.4,32.0,93.8
2026-02-08 21:54:52,NDLS,Clear,0.45,6.58,0.7,28.5,50.9
2026-06-23 03:13:58,NDLS,Clear,0.3,7.92,0.9,12.6,55.1
2026-06-19 04:07:37,NDLS,Cloudy,0.77,2.82,1.3,43.8,100.0
2026-02-27 22:02:33,NDLS,Clear,0.29,7.85,1.2,16.8,64.2
2026-01-08 22:32:51,NDLS,Clear,0.57,5.42,0.1,15.4,54.4
2026-01-12 09:28:34,NDLS,Rain,0.25,7.32,11.7,30.5,60.2
2026-03-12 03:36:19,NDLS,Cloudy,0.39,6.86,0.2,35.1,91.1
2026-06-13 19:27:47,NDLS,Clear,0.33,6.87,0.9,16.7,64.5
2026-02-02 07:43:37,NDLS,Rain,0.27,5.8,7.4,27.4,62.6
2026-02-17 11:44:23,NDLS,Clear,0.44,6.63,0.3,28.2,100.0
2026-04-01 22:55:37,NDLS,Clear,0.05,9.3,0.3,20.4,72.7
2026-02-05 15:20:21,NDLS,Clear,0.37,6.68,0.9,9.0,65.7
2026-01-06 04:01:37,NDLS,Clear,0.34,7.21,0.9,25.8,62.6
2026-03-20 07:10:16,NDLS,Rain,0.21,6.29,3.0,32.2,73.8
2026-06-23 23:21:14,NDLS,Cloudy,0.3,6.96,0.3,27.8,69.8
2026-01-01 21:02:47,NDLS,Clear,0.21,7.98,1.1,37.0,91.6
2026-05-25 00:18:10,NDLS,Clear,0.27,7.94,0.1,23.8,82.4
2026-03-16 05:54:32,NDLS,Clear,0.53,5.52,1.2,33.8,53.1
2026-04-14 13:40:16,NDLS,Clear,0.23,8.21,1.2,21.5,78.4
2026-06-13 03:36:57,NDLS,Clear,0.46,5.61,0.6,12.5,78.4
2026-02-14 09:47:14,NDLS,Clear,0.35,6.64,0.7,15.7,92.4
2026-01-31 17:36:17,NDLS,Clear,0.29,7.84,0.4,28.2,47.9
2026-04-12 16:16:47,NDLS,Clear,0.35,6.35,1.1,25.2,34.1
2026-04-05 11:09:17,NDLS,Clear,0.33,6.23,0.7,32.8,22.9
2026-01-10 03:15:55,NDLS,Clear,0.18,8.72,0.9,8.8,73.8
2026-04-25 02:10:41,NDLS,Fog,0.51,5.17,1.2,28.1,76.9
2026-03-02 19:46:44,NDLS,Clear,0.19,7.93,0.7,20.0,74.0
2026-01-02 07:56:12,NDLS,Clear,0.17,8.94,0.8,22.4,58.6
2026-05-10 17:01:51,NDLS,Cloudy,0.19,8.43,0.4,12.7,48.7
2026-03-14 08:06:58,NDLS,Clear,0.15,8.21,1.2,40.0,69.2
2026-02-23 11:24:34,NDLS,Rain,0.2,6.75,7.2,32.4,97.1
2026-03-07 22:50:33,NDLS,Clear,0.17,8.77,1.4,20.8,85.1
2026-06-11 08:02:55,NDLS,Clear,0.7,4.29,0.2,20.3,60.3
2026-01-09 12:01:37,NDLS,Clear,0.18,7.41,0.9,24.7,33.2
2026-05-11 22:04:37,NDLS,Clear,0.42,7.31,0.1,19.7,51.0
2026-05-29 07:02:38,NDLS,Rain,0.25,6.91,6.2,30.5,83.6
2026-05-22 22:33:59,NDLS,Cloudy,0.24,7.46,0.2,11.6,74.9
2026-06-30 13:12:28,NDLS,Rain,0.22,6.52,7.2,21.0,76.8
2026-04-22 20:55:37,NDLS,Fog,0.43,6.12,0.7,9.8,72.0
2026-06-18 05:37:25,NDLS,Cloudy,0.3,7.21,0.5,33.9,51.5
2026-06-16 02:08:36,NDLS,Clear,0.42,5.75,1.1,24.1,52.1
2026-03-21 13:30:56,NDLS,Cloudy,0.25,8.36,0.6,40.5,40.0
2026-05-05 16:59:06,NDLS,Rain,0.02,9.06,8.7,17.4,88.8
2026-04-29 08:24:39,NDLS,Clear,0.29,6.39,0.2,25.6,87.1
2026-05-24 20:02:25,NDLS,Clear,0.16,8.46,1.4,36.0,46.2
2026-05-26 02:19:59,NDLS,Clear,0.4,6.23,1.0,39.5,94.6
2026-03-05 16:50:36,NDLS,Clear,0.58,4.9,0.8,36.3,59.3
2026-02-22 19:59:50,NDLS,Clear,0.45,5.48,1.0,45.1,80.1
2026-06-15 11:53:54,NDLS,Rain,0.2,7.6,13.8,13.9,20.8
2026-05-30 23:47:27,NDLS,Rain,0.34,5.51,8.3,20.6,74.4
2026-04-04 09:04:35,NDLS,Clear,0.05,9.71,0.7,23.2,79.4
2026-06-09 06:40:01,NDLS,Clear,0.44,6.02,0.5,21.1,77.6
2026-02-09 02:41:37,NDLS,Cloudy,0.24,8.42,0.5,15.6,100.0
2026-06-09 03:56:12,NDLS,Clear,0.2,8.23,1.1,25.4,73.9
2026-03-31 12:47:31,NDLS,Clear,0.21,8.2,0.4,11.8,67.2
2026-04-13 07:19:30,NDLS,Clear,0.33,7.55,0.7,19.2,37.0
2026-04-23 01:42:59,NDLS,Clear,0.43,6.99,0.9,22.3,61.6
2026-04-04 05:29:06,NDLS,Cloudy,0.16,8.78,0.0,25.5,97.4
2026-05-23 13:11:20,NDLS,Clear,0.27,7.15,0.2,31.1,43.1
2026-01-15 18:33:19,NDLS,Rain,0.21,6.66,13.7,16.3,70.2
2026-06-15 17:28:38,NDLS,Clear,0.18,8.51,0.1,26.7,76.3
2026-05-29 21:14:26,NDLS,Clear,0.32,6.91,0.9,12.4,83.9
2026-05-25 09:14:22,NDLS,Cloudy,0.43,6.38,0.6,23.7,67.5
2026-01-06 10:52:36,NDLS,Clear,0.56,6.05,1.4,29.4,29.5
2026-06-07 08:35:27,NDLS,Clear,0.13,8.57,0.2,17.9,43.2
2026-03-25 20:17:00,NDLS,Cloudy,0.3,6.98,0.3,19.6,26.1
2026-01-30 08:41:51,NDLS,Clear,0.37,6.75,1.5,48.4,74.8
2026-02-18 02:40:54,NDLS,Fog,0.47,5.92,1.1,26.3,65.4
2026-03-29 16:23:20,NDLS,Clear,0.29,7.65,0.6,23.3,68.7
2026-01-11 03:01:22,NDLS,Cloudy,0.08,9.56,1.3,30.3,100.0
2026-01-10 03:02:49,NDLS,Clear,0.29,7.6,1.3,15.3,31.7
2026-01-23 23:51:26,NDLS,Rain,0.34,5.74,1.8,18.1,41.1
2026-03-08 17:26:07,NDLS,Rain,0.32,5.97,18.7,16.6,93.9
2026-05-07 21:26:38,NDLS,Clear,0.1,8.48,0.2,31.1,67.6
2026-01-03 20:50:02,NDLS,Clear,0.17,8.74,0.9,39.3,45.6
2026-05-07 19:33:16,NDLS,Clear,0.58,5.16,1.4,24.5,57.8
2026-05-13 06:07:18,NDLS,Cloudy,0.31,7.48,0.6,22.7,79.4
2026-02-25 11:30:57,NDLS,Rain,0.53,4.38,8.0,23.8,82.7
2026-05-30 22:12:06,NDLS,Fog,0.73,4.12,0.5,27.4,78.7
2026-03-15 19:07:23,NDLS,Rain,0.48,5.28,1.8,16.6,76.4
2026-02-03 13:41:26,NDLS,Clear,0.12,9.23,0.3,33.2,75.3
2026-02-22 11:43:01,NDLS,Clear,0.11,9.43,0.1,30.9,84.3
2026-01-31 22:40:35,NDLS,Clear,0.06,9.43,1.3,25.4,48.8
2026-05-28 21:08:36,NDLS,Clear,0.49,5.85,0.7,14.2,29.3
2026-01-08 22:30:41,NDLS,Clear,0.15,8.66,1.5,26.9,50.5
2026-01-06 16:47:28,NDLS,Fog,0.75,3.13,0.2,30.5,88.3
2026-06-27 17:51:25,NDLS,Clear,0.31,7.7,1.5,29.8,100.0
2026-06-18 18:44:51,NDLS,Cloudy,0.11,9.26,1.0,18.1,46.1
2026-04-17 02:55:10,NDLS,Clear,0.17,8.46,0.7,6.9,75.9
2026-04-07 11:09:50,NDLS,Clear,0.46,6.29,0.7,31.2,100.0
2026-05-31 06:24:48,NDLS,Clear,0.1,8.36,1.2,26.0,48.8
2026-03-08 07:23:59,NDLS,Clear,0.18,8.57,0.3,29.2,56.9
2026-06-22 00:05:26,NDLS,Fog,0.86,2.86,0.7,17.5,59.4
2026-04-04 18:39:20,NDLS,Cloudy,0.1,9.67,0.0,28.8,76.2
2026-02-21 16:39:41,NDLS,Clear,0.72,3.84,1.0,33.2,77.4
2026-02-02 06:46:51,NDLS,Fog,0.8,3.6,0.1,23.4,91.5
2026-05-01 08:10:35,NDLS,Clear,0.21,7.44,0.7,14.6,45.7
2026-02-27 20:58:15,NDLS,Clear,0.29,7.24,0.1,25.4,58.2
2026-05-27 22:10:20,NDLS,Clear,0.24,8.37,0.2,33.8,69.4
2026-06-11 21:37:56,NDLS,Fog,0.83,2.54,0.6,18.2,86.9
2026-02-04 22:25:12,NDLS,Clear,0.07,9.84,0.4,30.6,71.1
2026-05-07 10:29:26,NDLS,Clear,0.22,8.44,0.4,27.4,36.3
2026-05-30 19:43:57,NDLS,Clear,0.08,8.62,0.3,26.8,39.2
2026-03-29 10:21:51,NDLS,Cloudy,0.05,9.87,1.1,33.8,22.5
2026-03-06 16:04:55,NDLS,Clear,0.02,9.9,0.7,28.3,75.5
2026-06-09 20:07:26,NDLS,Clear,0.08,8.84,0.8,30.6,38.5
2026-03-13 18:50:39,NDLS,Cloudy,0.3,8.02,0.3,32.4,95.3
2026-05-02 21:28:04,NDLS,Rain,0.02,8.22,0.8,26.4,72.9
2026-02-28 02:18:24,NDLS,Cloudy,0.06,9.52,0.4,21.9,60.1
2026-06-22 00:52:20,NDLS,Clear,0.24,7.08,0.7,17.9,42.4
2026-04-17 10:08:14,NDLS,Cloudy,0.14,9.04,0.9,24.9,84.7
2026-05-20 22:27:21,NDLS,Rain,0.53,3.46,6.6,18.2,58.7
2026-06-29 11:47:13,NDLS,Cloudy,0.18,8.4,1.0,37.0,64.0
2026-03-26 09:23:46,NDLS,Clear,0.28,7.86,1.0,17.5,69.6
2026-04-19 01:59:25,NDLS,Clear,0.15,9.33,0.9,4.6,94.6
2026-03-20 23:07:34,NDLS,Clear,0.58,5.12,0.2,16.2,75.5
2026-02-01 15:31:10,NDLS,Fog,0.76,2.94,1.2,23.0,73.6
2026-03-22 08:49:19,NDLS,Clear,0.39,6.45,0.7,23.7,77.0
2026-06-09 05:09:57,NDLS,Cloudy,0.41,6.18,0.2,31.0,88.9
2026-01-20 02:57:57,NDLS,Cloudy,0.14,8.57,1.1,28.7,49.1
2026-04-22 08:41:43,NDLS,Clear,0.32,8.26,0.6,13.0,90.7
2026-01-24 11:29:19,NDLS,Fog,0.64,4.53,0.4,25.9,85.9
2026-05-08 00:39:48,NDLS,Rain,0.08,8.97,5.8,24.6,44.0
2026-01-15 10:33:33,NDLS,Rain,0.11,8.77,15.3,13.2,73.8
2026-01-27 07:38:46,NDLS,Cloudy,0.35,7.6,1.3,11.8,84.2
2026-05-12 02:01:09,NDLS,Clear,0.19,8.82,1.3,17.0,58.7
2026-05-19 14:19:12,NDLS,Clear,0.45,6.63,1.2,14.5,29.6
2026-03-18 23:02:22,NDLS,Cloudy,0.17,8.44,0.4,13.3,46.3
2026-03-24 17:10:31,NDLS,Clear,0.56,4.92,0.8,32.8,69.2
2026-03-31 02:37:35,NDLS,Cloudy,0.68,4.6,0.5,30.9,75.6
2026-02-02 15:23:36,NDLS,Clear,0.19,8.95,1.3,14.2,54.1
2026-04-19 19:47:53,NDLS,Clear,0.32,7.65,1.0,41.5,83.8
2026-01-11 07:39:36,NDLS,Clear,0.35,7.39,1.4,7.9,86.4
2026-04-16 12:55:28,NDLS,Clear,0.1,10.15,0.3,27.6,49.1
2026-01-02 23:48:47,NDLS,Clear,0.27,7.53,1.5,21.9,72.0
2026-05-10 03:38:48,NDLS,Fog,0.45,6.3,1.3,18.7,82.3
2026-04-03 10:30:05,NDLS,Rain,0.26,6.98,14.4,20.2,80.6
2026-04-01 12:29:06,NDLS,Cloudy,0.21,8.32,0.4,14.4,71.6
2026-03-20 02:09:35,NDLS,Clear,0.59,4.41,0.2,34.4,63.5
2026-04-14 16:29:10,NDLS,Clear,0.22,8.36,1.0,20.6,54.0
2026-05-15 15:16:16,NDLS,Rain,0.27,6.61,2.7,29.1,90.9
2026-02-19 23:11:44,NDLS,Clear,0.14,9.53,0.4,30.2,68.7
2026-05-04 18:36:45,NDLS,Rain,0.33,6.59,5.0,23.4,72.2
2026-03-17 13:46:07,NDLS,Clear,0.17,8.57,0.5,20.0,73.5
2026-04-19 18:15:40,NDLS,Fog,0.44,6.39,1.0,35.1,89.7
2026-01-18 21:43:24,NDLS,Fog,0.57,4.74,0.0,31.8,64.8
2026-06-28 22:43:48,NDLS,Cloudy,0.24,7.98,1.4,18.3,55.1
2026-03-28 09:32:19,NDLS,Clear,0.33,6.68,1.2,38.4,67.1
2026-02-06 16:54:41,NDLS,Cloudy,0.22,8.31,1.2,28.9,71.2
2026-03-24 13:24:20,NDLS,Fog,0.57,5.65,0.3,14.7,53.9
2026-03-16 13:23:56,NDLS,Clear,0.53,5.08,0.0,27.2,69.5
2026-05-24 22:23:33,NDLS,Clear,0.31,7.37,0.4,32.1,90.3
2026-06-25 22:26:29,NDLS,Clear,0.76,3.34,1.2,26.7,100.0
2026-01-11 00:02:01,NDLS,Cloudy,0.38,7.36,1.4,19.1,62.3
2026-02-11 08:03:58,NDLS,Cloudy,0.36,6.75,0.2,35.7,90.4
2026-03-31 13:57:44,NDLS,Fog,0.49,4.89,0.7,25.8,92.1
2026-06-09 01:29:06,NDLS,Clear,0.37,6.47,1.1,34.0,98.0
2026-01-30 07:03:10,NDLS,Clear,0.17,8.49,1.4,15.0,86.8
2026-05-17 22:05:50,NDLS,Clear,0.14,9.01,1.5,13.6,78.9
2026-04-04 05:01:29,NDLS,Rain,0.38,6.05,8.3,29.4,48.6
2026-06-20 07:12:44,NDLS,Clear,0.14,9.31,0.0,4.1,43.8
2026-04-27 08:27:50,NDLS,Clear,0.15,8.05,0.2,2.9,40.8
2026-03-31 15:25:16,NDLS,Clear,0.3,7.05,0.6,22.2,54.1
2026-01-21 01:22:52,NDLS,Clear,0.35,7.51,0.8,23.6,86.1
2026-01-08 11:56:24,NDLS,Clear,0.43,6.18,0.4,23.3,98.2
2026-06-13 18:35:18,NDLS,Clear,0.26,7.48,0.2,24.6,54.0
2026-06-23 18:56:34,NDLS,Clear,0.51,6.4,0.3,17.1,75.0
2026-03-10 14:08:02,NDLS,Clear,0.65,4.47,0.4,13.0,51.5
2026-03-26 10:58:08,NDLS,Clear,0.14,8.57,0.2,18.2,77.5
2026-01-19 21:47:51,NDLS,Cloudy,0.18,8.13,1.4,31.4,20.0
2026-06-12 20:47:14,NDLS,Clear,0.54,5.66,0.9,14.1,86.0
2026-06-09 17:34:46,NDLS,Clear,0.57,4.62,1.1,27.6,94.3
2026-05-02 10:13:49,NDLS,Clear,0.42,6.55,1.1,18.1,49.2
2026-05-25 08:35:43,NDLS,Clear,0.17,9.12,1.5,18.7,68.7
2026-01-29 13:26:33,NDLS,Rain,0.35,5.77,1.7,35.9,100.0
2026-02-15 01:52:18,NDLS,Clear,0.07,9.14,0.9,17.6,72.9
2026-06-03 11:32:18,NDLS,Fog,0.46,5.91,0.9,25.9,75.4
2026-04-06 08:51:17,NDLS,Clear,0.4,6.53,1.4,20.2,92.2
2026-03-05 11:48:38,NDLS,Clear,0.13,9.04,0.4,20.1,51.2
2026-02-21 08:32:42,NDLS,Clear,0.65,3.76,1.3,26.9,100.0
2026-04-14 15:36:37,NDLS,Rain,0.19,7.02,11.4,16.3,62.8
2026-02-21 01:05:09,NDLS,Rain,0.64,3.26,3.8,9.9,58.6
2026-04-25 23:23:20,NDLS,Cloudy,0.43,6.28,0.9,27.5,58.0
2026-05-26 21:57:10,NDLS,Clear,0.41,6.14,0.4,21.5,100.0
2026-04-01 07:04:16,NDLS,Clear,0.08,9.28,0.2,27.2,47.7
2026-03-30 14:23:01,NDLS,Cloudy,0.26,7.24,0.9,30.9,69.8
2026-02-26 18:24:29,NDLS,Clear,0.32,6.62,0.5,46.6,78.1
2026-05-08 07:24:19,NDLS,Clear,0.32,6.76,0.3,23.8,81.0
2026-06-02 04:23:46,NDLS,Clear,0.27,7.94,0.8,22.6,67.5
2026-04-17 01:24:54,NDLS,Rain,0.28,6.55,12.0,26.1,59.3
2026-03-17 12:41:00,NDLS,Cloudy,0.27,7.69,1.4,32.1,58.9
2026-06-19 16:20:46,NDLS,Cloudy,0.03,9.88,1.3,33.0,52.1
2026-03-10 15:23:05,NDLS,Clear,0.62,6.08,1.4,20.2,59.4
2026-04-17 01:51:53,NDLS,Clear,0.42,5.6,0.8,14.4,72.5
2026-04-03 13:15:50,NDLS,Clear,0.35,7.03,0.9,34.3,41.6
2026-06-02 15:20:37,NDLS,Clear,0.42,6.01,0.9,19.8,100.0
2026-04-22 04:11:29,NDLS,Fog,0.75,3.63,0.1,14.3,47.5
2026-06-28 12:03:21,NDLS,Clear,0.09,8.98,0.9,26.5,62.5
2026-06-05 14:49:26,NDLS,Clear,0.16,8.29,0.9,25.5,53.5
2026-05-06 19:53:13,NDLS,Clear,0.13,8.71,0.6,18.3,97.9
2026-05-26 13:29:20,NDLS,Cloudy,0.29,7.55,0.2,30.1,67.5
2026-01-31 02:07:34,NDLS,Clear,0.24,8.59,0.9,28.8,86.7
2026-02-11 23:55:18,NDLS,Rain,0.08,7.78,13.2,37.2,67.1
2026-05-17 14:38:35,NDLS,Clear,0.24,7.53,0.4,15.3,78.5
2026-01-09 13:30:54,NDLS,Rain,0.19,6.95,8.3,23.5,42.2
2026-04-29 01:30:52,NDLS,Clear,0.22,9.33,1.4,22.2,63.9
2026-03-16 23:48:59,NDLS,Cloudy,0.49,5.48,0.5,12.4,75.2
2026-05-12 11:23:17,NDLS,Cloudy,0.5,5.33,1.0,38.4,72.8
2026-01-03 04:14:00,NDLS,Cloudy,0.13,8.88,0.0,21.8,59.5
2026-01-16 10:25:57,NDLS,Cloudy,0.61,5.84,0.7,19.6,71.1
2026-03-29 22:26:57,NDLS,Clear,0.39,5.83,0.5,21.3,65.5
2026-05-11 07:23:13,NDLS,Cloudy,0.3,7.41,1.1,18.0,89.6
2026-06-17 23:20:26,NDLS,Clear,0.19,7.58,0.8,34.6,43.9
2026-05-01 07:42:08,NDLS,Fog,0.67,4.72,1.2,16.7,88.5
2026-04-12 23:55:28,NDLS,Clear,0.45,6.62,0.2,21.5,54.5
2026-06-30 23:09:54,NDLS,Clear,0.16,8.35,0.1,28.0,88.9
2026-03-20 19:51:46,NDLS,Clear,0.45,6.48,0.2,37.5,81.6
2026-06-06 12:38:20,NDLS,Clear,0.47,5.72,1.1,17.4,83.0
2026-01-10 08:14:45,NDLS,Clear,0.36,6.42,0.0,20.2,77.8
2026-04-14 15:28:40,NDLS,Clear,0.28,6.57,0.2,30.7,69.6
2026-06-11 15:09:44,NDLS,Clear,0.32,7.11,0.6,27.4,79.9
2026-03-05 08:06:10,NDLS,Clear,0.07,9.42,0.9,17.0,39.2
2026-05-28 14:56:59,NDLS,Clear,0.26,7.78,1.2,18.9,41.3
2026-01-20 08:29:50,NDLS,Clear,0.34,7.29,0.8,19.5,31.9
2026-01-17 17:55:00,NDLS,Clear,0.64,4.75,1.2,24.2,97.3
2026-01-03 23:59:10,NDLS,Cloudy,0.35,7.43,1.1,25.9,79.1
2026-04-03 21:51:10,NDLS,Clear,0.17,8.76,1.2,30.7,50.0
2026-06-26 16:04:04,NDLS,Cloudy,0.68,4.29,1.2,26.3,71.9
2026-05-27 05:29:58,NDLS,Clear,0.31,7.31,0.4,29.8,58.6
2026-01-31 08:47:51,NDLS,Cloudy,0.19,7.79,1.3,21.7,60.6
2026-05-02 04:22:16,NDLS,Clear,0.22,7.88,0.5,22.4,51.4
2026-05-15 11:29:32,NDLS,Clear,0.54,5.72,1.4,30.9,78.7
2026-02-23 10:51:23,NDLS,Cloudy,0.06,8.75,0.0,27.6,62.8
2026-03-06 00:47:13,NDLS,Cloudy,0.4,6.49,0.2,37.8,46.5
2026-06-21 21:21:32,NDLS,Clear,0.3,7.33,0.1,28.5,67.7
2026-05-11 02:53:52,NDLS,Rain,0.41,5.22,19.1,16.6,47.6
2026-05-04 16:08:08,NDLS,Clear,0.35,6.99,0.5,22.7,54.0
2026-01-24 17:19:00,NDLS,Clear,0.38,6.63,0.8,14.4,68.5
2026-03-12 20:20:57,NDLS,Clear,0.64,5.22,1.3,14.6,64.2
2026-06-08 02:55:08,NDLS,Cloudy,0.03,8.88,0.3,18.0,62.1
2026-02-24 10:52:23,NDLS,Fog,0.8,3.88,1.3,27.8,47.7
2026-06-07 21:34:24,NDLS,Clear,0.09,9.05,0.4,16.2,66.1
2026-04-16 02:26:58,NDLS,Clear,0.21,8.59,0.9,22.9,69.5
2026-02-20 21:47:58,NDLS,Rain,0.25,6.31,4.0,32.3,85.2
2026-04-29 15:59:55,NDLS,Cloudy,0.23,7.44,0.1,12.5,81.7
2026-02-14 21:10:27,NDLS,Rain,0.2,6.73,5.1,30.9,85.7
2026-05-21 06:58:51,NDLS,Clear,0.54,5.54,0.2,25.5,91.9
2026-02-03 22:40:03,NDLS,Clear,0.23,7.81,1.4,29.1,53.3
2026-04-23 13:36:48,NDLS,Clear,0.21,8.52,0.1,12.9,66.9
2026-01-26 20:10:00,NDLS,Rain,0.27,6.43,8.4,26.9,100.0
2026-01-11 22:39:41,NDLS,Cloudy,0.52,5.94,1.1,26.2,52.5
2026-06-02 10:55:10,NDLS,Cloudy,0.46,6.2,0.0,33.0,39.4
2026-04-28 04:19:17,NDLS,Clear,0.06,9.45,0.4,15.9,61.5
2026-06-06 11:33:56,NDLS,Cloudy,0.21,7.99,0.3,16.4,28.8
2026-05-31 01:29:28,NDLS,Cloudy,0.23,8.56,0.9,36.1,47.2
2026-04-27 14:14:24,NDLS,Fog,0.49,5.99,0.1,15.8,42.7
2026-04-25 07:36:18,NDLS,Clear,0.5,5.59,0.7,21.8,60.8
2026-02-08 21:52:22,NDLS,Clear,0.1,9.61,0.5,12.5,53.3
2026-01-16 10:04:31,NDLS,Clear,0.5,6.03,0.8,16.9,77.1
2026-06-21 04:58:20,NDLS,Clear,0.53,4.99,1.2,36.5,50.3
2026-04-08 09:29:13,NDLS,Clear,0.21,8.47,0.6,27.0,73.1
2026-01-03 21:07:32,NDLS,Clear,0.42,6.15,0.5,12.6,58.1
2026-02-17 13:28:18,NDLS,Fog,0.75,4.19,0.5,32.2,70.6
2026-03-09 14:18:07,NDLS,Clear,0.28,8.46,0.7,22.8,62.5
2026-06-01 04:45:08,NDLS,Cloudy,0.44,6.61,1.0,18.6,54.8
2026-03-27 22:53:12,NDLS,Clear,0.16,9.13,0.3,27.8,62.5
2026-03-24 00:41:06,NDLS,Rain,0.44,5.06,3.8,24.0,79.7
2026-01-29 08:36:07,NDLS,Fog,0.55,5.83,0.5,29.7,61.2
2026-05-30 02:35:02,NDLS,Clear,0.08,9.73,1.2,24.6,60.5
2026-04-28 07:03:53,NDLS,Cloudy,0.65,4.41,1.4,21.0,71.2
2026-06-01 06:40:47,NDLS,Cloudy,0.29,6.53,0.9,22.5,20.0
2026-02-19 11:22:10,NDLS,Clear,0.09,9.71,1.3,28.0,45.7
2026-01-19 16:13:32,NDLS,Fog,0.53,5.77,1.1,29.3,53.4
2026-04-24 16:20:36,NDLS,Clear,0.53,6.25,1.1,24.5,56.9
2026-05-26 10:40:43,NDLS,Clear,0.22,8.37,1.3,30.9,54.8
2026-05-26 20:30:22,NDLS,Cloudy,0.13,9.33,0.6,18.7,65.2
2026-03-27 18:05:26,NDLS,Clear,0.17,8.75,0.1,29.2,77.8
2026-02-20 11:52:43,NDLS,Clear,0.17,7.87,0.3,30.2,61.1
2026-06-17 21:17:09,NDLS,Fog,0.85,1.84,1.5,14.7,70.6
2026-03-15 10:28:19,NDLS,Clear,0.16,9.41,1.5,27.2,50.2
2026-01-05 06:48:30,NDLS,Clear,0.26,7.67,0.4,26.5,70.8
2026-05-24 12:58:47,NDLS,Cloudy,0.26,7.9,1.0,20.9,85.2
2026-01-12 22:22:19,NDLS,Cloudy,0.35,7.35,0.3,30.1,71.4
2026-01-07 20:31:52,NDLS,Clear,0.16,9.63,1.1,27.1,57.7
2026-01-20 19:28:26,NDLS,Clear,0.06,9.41,0.3,24.2,84.9
2026-02-03 17:52:54,NDLS,Clear,0.21,8.1,1.3,25.9,43.1
2026-02-11 03:29:36,NDLS,Clear,0.27,7.89,1.4,26.6,73.9
2026-06-14 15:08:43,NDLS,Clear,0.21,7.74,1.4,5.8,46.5
2026-03-22 03:40:40,NDLS,Cloudy,0.17,7.63,0.8,23.4,73.7
2026-05-16 16:19:56,NDLS,Clear,0.39,6.23,0.2,23.1,40.0
2026-05-18 07:24:57,NDLS,Clear,0.4,6.59,0.9,32.1,84.1
2026-05-05 05:52:37,NDLS,Fog,0.66,4.31,0.8,24.9,77.8
2026-03-08 19:07:25,NDLS,Cloudy,0.46,6.15,1.2,39.3,77.7
2026-05-28 03:11:54,NDLS,Rain,0.27,6.65,12.5,10.5,72.8
2026-02-08 19:34:09,NDLS,Clear,0.46,5.58,1.5,17.8,59.0
2026-02-26 22:38:40,NDLS,Rain,0.21,6.59,9.2,13.3,34.5
2026-06-20 10:34:11,NDLS,Clear,0.24,8.44,0.9,29.0,98.9
2026-01-17 19:12:32,NDLS,Clear,0.04,8.76,0.1,36.9,82.6
2026-01-18 15:22:23,NDLS,Clear,0.47,6.81,0.1,25.3,95.7
2026-04-17 05:35:31,NDLS,Cloudy,0.8,3.88,1.3,30.6,48.8
2026-01-28 05:01:22,NDLS,Clear,0.25,7.98,0.3,23.2,54.5
2026-03-31 23:05:41,NDLS,Clear,0.22,8.7,1.1,26.1,74.8
2026-01-11 23:07:40,NDLS,Cloudy,0.17,8.21,0.0,29.5,46.5
2026-05-26 13:41:16,NDLS,Cloudy,0.22,8.59,0.9,26.0,55.7
2026-04-25 13:41:45,NDLS,Clear,0.3,6.82,1.3,22.3,86.0
2026-01-03 08:57:33,NDLS,Rain,0.36,5.92,11.0,21.2,78.8
2026-03-09 13:26:59,NDLS,Clear,0.22,8.07,0.5,45.7,89.7
2026-01-26 05:11:49,NDLS,Fog,0.58,4.82,0.4,17.5,58.9
2026-06-16 20:46:25,NDLS,Fog,0.72,3.42,0.5,20.8,60.7
2026-04-08 13:42:20,NDLS,Cloudy,0.11,10.03,1.3,38.1,47.1
2026-06-11 07:36:43,NDLS,Clear,0.35,7.77,1.3,21.0,53.6
2026-02-03 04:29:27,NDLS,Clear,0.4,6.03,0.3,22.2,64.4
2026-03-03 06:37:19,NDLS,Clear,0.39,6.77,0.5,22.8,68.6
2026-02-02 05:11:28,NDLS,Clear,0.53,5.44,1.5,22.4,52.0
2026-04-17 19:14:54,NDLS,Clear,0.35,7.14,1.2,16.4,48.2
2026-02-19 16:32:20,NDLS,Clear,0.49,6.12,0.0,37.7,64.4
2026-06-02 14:16:55,NDLS,Rain,0.63,3.41,7.2,7.6,70.8
2026-02-13 03:22:43,NDLS,Clear,0.06,9.85,0.2,40.8,65.0
2026-06-21 16:06:53,NDLS,Clear,0.18,8.4,0.6,24.9,80.8
2026-03-20 16:22:32,NDLS,Rain,0.52,4.58,20.9,23.2,52.7
2026-02-27 10:00:46,NDLS,Cloudy,0.43,7.38,0.6,26.1,35.9
2026-02-17 15:43:20,NDLS,Cloudy,0.28,7.54,1.1,32.8,56.5
2026-03-10 14:59:11,NDLS,Clear,0.23,8.53,0.7,33.1,51.8
2026-01-11 07:42:55,NDLS,Clear,0.36,6.67,1.2,32.8,68.7
2026-06-04 20:13:22,NDLS,Fog,0.57,4.57,0.5,20.8,64.5
2026-01-05 15:25:03,NDLS,Clear,0.19,8.88,1.2,40.5,33.2
2026-02-11 13:03:13,NDLS,Clear,0.79,3.59,0.2,30.0,100.0
2026-03-19 17:28:29,NDLS,Cloudy,0.22,8.09,0.3,17.6,75.2
2026-01-14 11:29:15,NDLS,Cloudy,0.06,9.78,1.1,24.0,80.5
2026-04-27 07:06:01,NDLS,Clear,0.41,6.87,0.7,29.7,84.3
2026-04-03 01:19:09,NDLS,Fog,0.36,7.46,0.3,21.7,84.1
2026-02-12 16:44:50,NDLS,Fog,0.67,4.33,0.9,24.5,38.0
2026-02-24 14:59:35,NDLS,Clear,0.36,7.25,0.5,17.0,86.3
2026-04-28 05:23:56,NDLS,Fog,0.96,2.42,0.6,23.8,56.8
2026-05-11 06:35:46,NDLS,Cloudy,0.33,6.54,1.0,21.7,68.7
2026-03-17 06:52:56,NDLS,Rain,0.61,3.72,7.5,18.3,98.7
2026-06-13 15:52:34,NDLS,Clear,0.37,7.63,0.6,30.3,81.8
2026-05-07 23:03:43,NDLS,Rain,0.36,5.49,10.0,27.5,70.9
2026-05-29 07:45:31,NDLS,Clear,0.46,6.03,0.7,26.6,53.6
2026-04-16 06:42:01,NDLS,Clear,0.07,9.03,0.1,22.5,72.8
2026-03-16 20:13:02,NDLS,Rain,0.03,9.85,3.9,26.4,68.0
2026-04-30 11:31:03,NDLS,Cloudy,0.32,6.97,1.3,15.7,90.7
2026-05-17 03:45:23,NDLS,Rain,0.17,8.1,7.0,17.2,53.4
2026-06-29 13:38:10,NDLS,Clear,0.08,9.89,0.0,24.5,54.7
2026-05-27 23:02:41,NDLS,Cloudy,0.33,7.26,0.5,21.7,65.0
2026-05-09 06:21:47,NDLS,Cloudy,0.21,8.36,1.5,26.7,22.4
2026-03-21 08:38:03,NDLS,Clear,0.29,7.71,0.2,24.7,47.3
2026-03-15 01:20:03,NDLS,Cloudy,0.51,5.86,0.3,27.9,51.4
2026-04-17 08:34:12,NDLS,Clear,0.22,8.16,0.1,32.0,72.0
2026-05-03 10:45:30,NDLS,Rain,0.2,7.61,18.0,16.8,90.3
2026-02-12 19:44:22,NDLS,Clear,0.09,9.49,1.1,26.4,70.4
2026-04-27 03:50:42,NDLS,Clear,0.49,5.48,0.9,24.7,92.2
2026-01-22 17:27:12,NDLS,Clear,0.5,6.35,0.5,35.0,39.2
2026-05-15 05:38:18,NDLS,Clear,0.35,6.74,1.1,23.5,79.3
2026-02-28 19:31:59,NDLS,Cloudy,0.21,7.94,0.8,18.2,62.9
2026-03-11 12:04:32,NDLS,Clear,0.2,8.69,1.3,18.8,77.2
2026-04-01 23:33:43,NDLS,Cloudy,0.21,8.32,0.9,33.6,43.3
2026-04-10 09:50:05,NDLS,Fog,0.99,1.65,1.4,24.2,70.1
2026-04-17 15:56:37,NDLS,Clear,0.22,7.55,0.0,26.7,65.1
2026-06-08 20:20:43,NDLS,Cloudy,0.75,3.5,0.7,25.4,99.1
2026-03-27 08:55:49,NDLS,Clear,0.08,9.16,1.1,35.7,67.3
2026-06-24 09:38:56,NDLS,Clear,0.19,8.19,0.6,4.4,89.4
2026-05-29 16:05:07,NDLS,Rain,0.33,5.83,7.0,18.8,63.5
2026-06-25 17:44:09,NDLS,Clear,0.15,8.27,1.0,33.1,85.1
2026-05-02 17:36:33,NDLS,Fog,0.52,6.1,1.0,22.7,62.6
2026-05-22 00:40:17,NDLS,Clear,0.14,8.59,1.2,21.0,53.3
2026-05-24 23:38:43,NDLS,Clear,0.03,9.13,0.5,21.6,61.3
2026-05-23 18:22:19,NDLS,Clear,0.22,8.01,0.7,23.1,86.5
2026-06-02 13:40:56,NDLS,Clear,0.44,6.32,0.6,27.8,83.9
2026-01-25 16:43:20,NDLS,Rain,0.14,7.56,5.3,20.9,76.5
2026-02-14 16:04:59,NDLS,Rain,0.29,6.09,23.8,8.8,61.5
2026-06-08 15:58:46,NDLS,Clear,0.2,9.41,1.3,13.4,63.8
2026-02-22 21:16:33,NDLS,Clear,0.33,7.06,0.6,30.9,60.5
2026-05-18 12:02:59,NDLS,Clear,0.29,7.68,1.0,33.6,56.0
2026-04-25 04:40:36,NDLS,Cloudy,0.03,10.33,1.0,18.7,64.0
2026-03-23 14:40:36,NDLS,Clear,0.23,8.16,0.0,27.6,42.8
2026-04-15 15:18:35,NDLS,Cloudy,0.14,9.23,1.0,16.2,86.7
2026-02-23 01:11:08,NDLS,Rain,0.38,4.82,5.5,21.8,81.4
2026-02-13 05:54:16,NDLS,Clear,0.25,7.91,0.5,16.2,67.9
2026-06-10 09:39:43,NDLS,Cloudy,0.2,7.73,0.7,21.6,63.9
2026-03-25 10:17:11,NDLS,Clear,0.1,9.39,0.4,28.8,66.0
2026-06-14 10:43:55,NDLS,Rain,0.29,5.98,11.9,29.7,51.0
2026-01-19 18:10:56,NDLS,Clear,0.14,8.8,0.2,17.9,60.8
2026-06-30 14:34:36,NDLS,Cloudy,0.11,8.26,1.1,32.7,68.8
2026-04-24 15:49:15,NDLS,Cloudy,0.24,8.39,0.9,14.8,45.4
2026-02-19 21:13:26,NDLS,Clear,0.43,6.32,0.7,34.5,78.6
2026-01-09 03:40:42,NDLS,Clear,0.33,7.77,0.6,27.9,60.5
2026-06-15 00:19:38,NDLS,Clear,0.15,8.65,0.7,19.2,67.9
2026-04-10 12:16:05,NDLS,Fog,0.54,5.51,0.9,23.9,83.6
2026-03-11 01:12:40,NDLS,Clear,0.17,8.95,1.3,27.0,52.3
2026-05-27 02:31:10,NDLS,Clear,0.43,5.88,1.1,26.6,79.9
2026-05-07 06:25:48,NDLS,Rain,0.52,4.44,20.8,27.3,77.9
2026-01-06 01:57:17,NDLS,Clear,0.11,9.59,0.4,38.2,53.1
2026-05-25 03:46:23,NDLS,Clear,0.05,9.18,0.9,19.1,59.5
2026-01-02 02:07:26,NDLS,Fog,0.57,5.61,0.6,16.3,42.5
2026-01-15 16:58:19,NDLS,Clear,0.04,9.71,0.7,28.7,53.7
2026-05-21 09:29:53,NDLS,Cloudy,0.24,7.58,0.4,32.9,82.5
2026-05-20 03:33:37,NDLS,Clear,0.52,6.24,0.6,12.1,86.9
2026-05-02 10:35:16,NDLS,Clear,0.63,4.62,1.4,30.5,93.9
2026-02-07 11:35:51,NDLS,Clear,0.07,9.37,0.5,33.9,69.9
2026-02-04 08:35:05,NDLS,Cloudy,0.19,8.4,0.6,35.1,75.3
2026-02-24 16:43:16,NDLS,Rain,0.05,8.7,8.0,21.3,35.8
2026-02-17 19:23:19,NDLS,Fog,0.46,5.52,1.4,1.6,47.5
2026-02-27 06:43:38,NDLS,Clear,0.14,9.72,0.7,5.4,72.4
2026-04-25 19:52:51,NDLS,Clear,0.33,6.54,0.3,15.6,52.2
2026-03-24 07:56:53,NDLS,Clear,0.32,7.57,0.5,9.9,52.0
2026-05-13 02:45:49,NDLS,Cloudy,0.02,9.67,0.3,31.9,75.6
2026-06-06 17:55:33,NDLS,Cloudy,0.28,7.78,0.9,13.8,87.9
2026-04-16 22:33:00,NDLS,Clear,0.2,7.87,0.4,17.1,22.1
2026-03-12 13:54:04,NDLS,Clear,0.36,6.99,1.2,24.7,82.4
2026-01-12 01:13:12,NDLS,Cloudy,0.5,6.11,0.3,25.2,88.5
2026-04-10 00:17:11,NDLS,Cloudy,0.08,10.37,1.0,16.4,47.7
2026-06-16 01:14:50,NDLS,Clear,0.47,6.78,1.4,16.3,85.7
2026-05-12 23:39:52,NDLS,Clear,0.3,7.05,0.0,21.3,66.2
2026-02-13 21:54:02,NDLS,Cloudy,0.1,8.33,0.0,22.9,100.0
2026-05-20 12:24:55,NDLS,Fog,0.47,5.67,1.0,23.7,59.2
2026-05-07 08:57:17,NDLS,Cloudy,0.47,6.97,0.1,28.0,61.9
2026-05-27 16:19:18,NDLS,Cloudy,0.17,7.64,0.1,23.0,40.8
2026-02-21 00:33:16,NDLS,Cloudy,0.32,7.06,1.2,29.0,45.6
2026-06-13 05:24:05,NDLS,Rain,0.34,5.46,6.4,30.6,75.0
2026-02-25 05:23:37,NDLS,Clear,0.46,6.24,1.1,32.6,49.0
2026-01-15 03:00:32,NDLS,Clear,0.05,9.46,1.1,26.7,67.0
2026-01-24 02:44:21,NDLS,Clear,0.29,7.62,1.4,40.6,60.5
2026-03-06 06:07:21,NDLS,Fog,0.71,3.69,0.1,18.3,72.0
2026-01-21 18:29:16,NDLS,Cloudy,0.26,7.66,1.5,30.8,44.5
2026-06-27 21:10:41,NDLS,Clear,0.52,5.11,1.4,21.6,84.3
2026-02-20 07:10:01,NDLS,Clear,0.09,9.64,0.8,12.7,43.4
2026-06-12 15:14:43,NDLS,Rain,0.27,5.76,5.3,29.0,70.8
2026-05-10 00:51:12,NDLS,Cloudy,0.4,7.85,0.4,36.3,69.2
2026-02-15 07:03:22,NDLS,Clear,0.25,8.0,0.5,13.8,86.7
2026-05-23 03:09:01,NDLS,Clear,0.17,8.98,0.7,23.6,83.5
2026-02-14 13:04:43,NDLS,Clear,0.25,7.6,0.4,6.5,60.4
2026-05-10 18:41:24,NDLS,Clear,0.12,9.19,1.5,21.3,33.5
2026-03-15 01:27:47,NDLS,Clear,0.08,9.44,1.4,30.8,64.9
2026-05-31 18:00:44,NDLS,Clear,0.22,8.55,0.8,18.1,57.9
2026-05-10 23:58:29,NDLS,Fog,0.41,6.27,1.0,18.7,57.5
2026-03-27 04:52:34,NDLS,Clear,0.09,9.3,0.8,19.0,64.2
2026-06-13 18:13:25,NDLS,Cloudy,0.14,8.87,0.5,23.0,48.2
2026-06-14 01:17:47,NDLS,Cloudy,0.41,6.82,1.4,29.8,91.3
2026-05-30 15:37:11,NDLS,Clear,0.13,8.77,1.0,28.3,55.1
2026-05-23 07:21:36,NDLS,Clear,0.39,6.66,1.3,25.8,75.3
2026-03-13 01:57:08,NDLS,Cloudy,0.18,7.95,0.9,24.8,47.6
2026-03-24 14:26:10,NDLS,Fog,0.79,3.67,0.1,21.2,68.6
2026-02-06 23:03:54,NDLS,Clear,0.16,8.06,0.0,29.7,58.5
2026-01-09 08:03:50,NDLS,Fog,0.63,4.93,0.9,18.8,71.2
2026-05-01 18:26:00,NDLS,Cloudy,0.12,9.19,1.4,26.6,46.9
2026-02-09 00:16:57,NDLS,Clear,0.05,9.99,0.2,15.8,22.2
2026-03-13 08:19:28,NDLS,Fog,0.72,4.07,1.1,13.6,54.2
2026-03-07 21:40:28,NDLS,Cloudy,0.13,9.83,1.0,20.0,65.0
2026-01-22 01:53:15,NDLS,Rain,0.19,6.94,5.8,12.5,79.7
2026-06-14 15:20:40,NDLS,Clear,0.19,8.17,0.7,24.9,52.1
2026-03-07 14:49:06,NDLS,Clear,0.11,9.13,0.1,30.3,69.0
2026-04-06 10:43:42,NDLS,Clear,0.2,8.46,0.3,38.3,87.1
2026-05-31 14:07:59,NDLS,Cloudy,0.21,8.82,1.2,26.3,76.7
2026-01-23 19:00:12,NDLS,Fog,0.59,5.61,1.2,22.2,81.8
2026-06-02 18:26:02,NDLS,Cloudy,0.41,6.64,0.3,17.5,59.6
2026-05-03 05:29:28,NDLS,Clear,0.06,9.1,0.9,23.1,38.8
2026-04-20 23:16:18,NDLS,Cloudy,0.39,6.43,1.0,26.7,79.7
2026-03-15 19:24:43,NDLS,Cloudy,0.48,6.62,0.9,21.4,67.7
2026-03-22 19:43:13,NDLS,Clear,0.08,8.81,0.7,14.3,82.5
2026-02-24 13:31:12,NDLS,Clear,0.11,9.77,1.3,23.9,66.1
2026-06-05 10:09:41,NDLS,Clear,0.15,8.79,0.5,26.3,24.6
2026-05-20 16:02:00,NDLS,Clear,0.01,10.24,0.1,24.7,67.5
2026-04-12 04:44:16,NDLS,Clear,0.15,8.89,0.2,37.2,81.6
2026-04-17 03:01:03,NDLS,Cloudy,0.14,9.11,1.1,12.5,57.4
2026-01-04 06:55:48,NDLS,Fog,0.58,4.6,0.4,13.1,81.3
2026-06-11 21:12:27,NDLS,Clear,0.26,7.67,0.5,20.4,100.0
2026-04-14 00:10:10,NDLS,Clear,0.17,8.47,1.5,28.0,77.7
2026-06-19 17:08:34,NDLS,Cloudy,0.26,7.68,0.7,32.7,83.2
2026-01-08 09:07:08,NDLS,Clear,0.03,9.61,0.5,21.2,100.0
2026-04-21 13:34:13,NDLS,Cloudy,0.2,7.93,0.9,20.9,86.7
2026-06-18 23:13:42,NDLS,Clear,0.52,5.04,0.9,19.1,41.0
2026-06-04 23:19:08,NDLS,Clear,0.41,6.63,0.6,19.6,61.0
2026-05-21 07:22:56,NDLS,Cloudy,0.32,7.67,0.0,7.6,58.4
2026-02-26 06:53:41,NDLS,Clear,0.46,6.16,0.0,31.7,100.0
2026-05-07 11:45:27,NDLS,Cloudy,0.11,9.09,0.6,20.6,58.9
2026-05-21 13:56:19,NDLS,Clear,0.32,6.28,0.9,25.8,59.6
2026-01-27 23:35:47,NDLS,Clear,0.21,8.28,1.4,17.5,76.0
2026-06-16 13:10:51,NDLS,Rain,0.27,6.23,9.3,23.6,36.2
2026-02-12 15:00:53,NDLS,Clear,0.32,7.1,1.2,19.1,68.4
2026-02-02 06:35:25,NDLS,Cloudy,0.19,9.06,1.4,35.8,69.7
2026-03-16 05:19:14,NDLS,Cloudy,0.07,9.37,1.3,15.3,55.2
2026-01-20 01:30:50,NDLS,Clear,0.63,4.42,0.7,20.2,80.4
2026-04-17 22:51:46,NDLS,Cloudy,0.48,5.53,1.3,19.2,82.1
2026-02-21 10:55:49,NDLS,Clear,0.03,10.37,0.4,8.2,83.8
2026-06-07 23:26:22,NDLS,Clear,0.45,6.31,1.5,29.3,49.8
2026-01-04 10:52:30,NDLS,Clear,0.18,8.19,0.5,27.7,63.7
2026-01-17 10:54:31,NDLS,Clear,0.48,5.94,1.2,17.6,52.1
2026-05-14 03:30:41,NDLS,Fog,0.51,5.8,0.4,18.2,60.2
2026-04-13 12:00:33,NDLS,Cloudy,0.5,5.66,1.3,27.5,65.2
2026-01-08 05:09:06,NDLS,Cloudy,0.48,6.03,0.9,41.2,48.1
2026-03-12 08:42:10,NDLS,Clear,0.32,7.86,0.9,33.4,65.4
2026-03-12 00:22:29,NDLS,Fog,0.61,4.61,0.8,24.3,58.7
2026-05-28 20:45:53,NDLS,Clear,0.21,7.62,0.9,19.1,56.3
2026-04-28 14:06:25,NDLS,Clear,0.35,7.0,1.2,19.2,57.3
2026-05-05 17:21:24,NDLS,Clear,0.58,5.26,0.0,23.7,49.6
2026-03-25 03:28:25,NDLS,Clear,0.19,8.64,0.6,9.8,55.6
2026-01-10 22:49:28,NDLS,Clear,0.31,6.96,1.1,16.4,61.5
2026-02-13 11:10:31,NDLS,Clear,0.1,8.86,0.1,28.4,52.5
2026-04-25 03:28:35,NDLS,Cloudy,0.05,9.99,1.2,19.4,55.4
2026-03-24 09:11:49,NDLS,Rain,0.08,7.96,14.0,23.0,57.2
2026-05-03 22:19:52,NDLS,Clear,0.1,9.84,1.1,26.7,51.3
2026-02-20 09:28:05,NDLS,Clear,0.26,8.03,1.4,13.8,66.7
2026-03-31 04:48:25,NDLS,Clear,0.13,8.79,1.3,23.2,83.5
2026-02-15 06:56:07,NDLS,Fog,0.49,5.78,1.5,31.6,62.4
2026-03-29 20:17:29,NDLS,Rain,0.51,4.36,17.3,10.4,57.3
2026-01-20 06:04:20,NDLS,Clear,0.29,7.49,0.0,21.3,51.5
2026-04-17 21:40:02,NDLS,Fog,0.67,4.61,0.4,45.5,54.3
2026-01-25 11:43:30,NDLS,Fog,0.42,6.08,0.3,10.6,47.7
2026-03-20 17:22:13,NDLS,Clear,0.58,5.97,0.7,17.9,78.7
2026-02-01 15:19:14,NDLS,Clear,0.24,8.21,1.1,24.2,65.1
2026-02-13 18:38:20,NDLS,Clear,0.17,8.42,0.9,37.4,100.0
2026-03-14 09:52:33,NDLS,Clear,0.18,9.02,1.1,36.6,50.5
2026-05-30 16:29:48,NDLS,Cloudy,0.15,9.28,0.4,27.3,35.0
2026-05-17 21:16:13,NDLS,Rain,0.5,4.57,7.8,3.5,59.4
2026-03-20 09:15:27,NDLS,Cloudy,0.37,7.5,0.4,15.7,62.7
2026-03-19 23:43:45,NDLS,Clear,0.44,6.37,0.6,17.2,66.3
2026-01-17 08:09:15,NDLS,Clear,0.13,9.28,1.3,12.9,68.8
2026-02-19 23:42:04,NDLS,Clear,0.13,8.82,0.2,33.8,46.4
2026-02-16 23:35:20,NDLS,Cloudy,0.1,9.39,0.9,23.1,71.4
2026-05-02 18:09:13,NDLS,Cloudy,0.2,8.52,0.9,14.1,47.9
2026-01-28 06:40:32,NDLS,Clear,0.58,5.39,0.8,23.1,90.9
2026-04-10 10:28:39,NDLS,Clear,0.4,7.05,0.1,24.2,41.1
2026-03-11 22:23:47,NDLS,Clear,0.09,9.07,0.7,19.4,68.5
2026-04-22 10:40:46,NDLS,Cloudy,0.57,4.76,0.2,34.4,58.5
2026-03-09 06:29:54,NDLS,Cloudy,0.58,5.08,0.5,26.2,40.0
2026-05-24 20:56:54,NDLS,Clear,0.21,7.55,0.1,24.3,25.1
2026-04-24 04:06:05,NDLS,Clear,0.21,8.72,1.5,16.5,65.6
2026-04-25 11:57:42,NDLS,Clear,0.2,8.55,0.3,17.3,71.8
2026-06-16 18:28:36,NDLS,Cloudy,0.46,5.98,1.3,6.2,67.2
2026-04-17 16:49:07,NDLS,Clear,0.08,8.9,0.6,22.6,70.4
2026-01-30 15:56:29,NDLS,Rain,0.16,7.43,3.8,28.5,88.9
2026-03-30 08:42:40,NDLS,Cloudy,0.19,7.89,1.0,30.0,85.1
2026-05-09 22:59:52,NDLS,Cloudy,0.27,8.13,0.0,25.4,51.0
2026-04-16 04:24:14,NDLS,Fog,0.89,2.78,1.1,28.6,72.1
2026-01-22 05:29:29,NDLS,Cloudy,0.34,7.16,0.3,18.7,84.5
2026-06-06 03:46:31,NDLS,Clear,0.17,8.05,1.3,33.4,85.4
2026-03-06 06:31:50,NDLS,Rain,0.29,6.19,6.2,20.4,77.0
2026-04-27 09:33:09,NDLS,Fog,1.0,1.5,0.0,30.5,43.9
2026-04-11 11:49:05,NDLS,Clear,0.39,7.04,0.3,22.4,62.7
2026-04-27 14:05:44,NDLS,Clear,0.19,8.36,0.8,27.4,78.1
2026-05-31 21:42:30,NDLS,Clear,0.07,9.82,0.3,21.9,67.4
2026-01-10 07:24:35,NDLS,Fog,0.45,6.26,1.3,18.1,76.3
2026-06-16 17:41:30,NDLS,Fog,0.59,5.41,0.5,22.9,53.7
2026-04-03 01:14:20,NDLS,Rain,0.14,7.96,4.4,28.1,53.1
2026-06-27 22:04:32,NDLS,Cloudy,0.18,8.73,1.4,29.2,34.1
2026-01-01 22:35:27,NDLS,Clear,0.26,7.28,0.4,21.1,60.5
2026-01-26 18:08:06,NDLS,Clear,0.39,6.92,0.9,19.3,48.1
2026-03-20 03:28:39,NDLS,Clear,0.19,8.46,0.0,23.0,45.5
2026-05-17 15:58:47,NDLS,Cloudy,0.39,7.21,1.1,27.6,68.3
2026-06-27 09:34:29,NDLS,Clear,0.12,9.12,1.4,18.3,43.8
2026-06-26 12:23:37,NDLS,Clear,0.58,4.75,0.3,37.3,93.5
2026-04-25 06:51:17,NDLS,Fog,0.37,6.28,0.3,24.8,55.7
2026-05-27 23:53:37,NDLS,Clear,0.31,7.32,0.3,19.7,61.5
2026-01-09 14:19:35,NDLS,Cloudy,0.3,7.34,1.1,13.4,70.3
2026-06-12 10:27:37,NDLS,Clear,0.57,5.13,1.5,21.6,58.2
2026-02-01 22:13:04,NDLS,Clear,0.26,7.63,0.1,9.8,44.3
2026-05-03 04:47:12,NDLS,Clear,0.14,8.0,0.4,10.7,33.3
2026-06-22 14:47:53,NDLS,Clear,0.34,6.6,0.6,21.7,60.1
2026-02-04 04:59:57,NDLS,Clear,0.26,8.01,1.3,25.5,56.1
2026-02-03 06:21:38,NDLS,Clear,0.46,5.42,0.3,26.6,41.2
2026-03-27 03:48:09,NDLS,Clear,0.58,5.66,1.4,35.1,58.6
2026-03-20 06:48:26,NDLS,Clear,0.44,6.75,1.4,31.1,67.1
2026-06-16 08:07:54,NDLS,Clear,0.08,9.26,1.2,18.8,73.1
2026-01-13 08:40:21,NDLS,Cloudy,0.15,8.5,0.5,25.1,64.3
2026-05-19 01:25:55,NDLS,Clear,0.17,8.74,1.2,17.4,66.5
2026-05-07 16:59:33,NDLS,Clear,0.23,8.07,1.4,33.0,51.6
2026-04-05 01:17:36,NDLS,Clear,0.1,10.03,1.4,25.4,40.4
2026-04-09 10:40:12,NDLS,Clear,0.3,7.08,0.7,19.0,67.1
2026-05-03 03:26:55,NDLS,Fog,0.61,4.98,0.4,27.3,58.0
2026-05-13 14:49:43,NDLS,Clear,0.12,8.47,0.5,24.4,44.9
2026-03-25 15:18:10,NDLS,Clear,0.11,8.88,1.4,25.3,65.1
2026-03-29 10:54:40,NDLS,Clear,0.66,4.35,0.1,28.6,42.3
2026-04-08 00:50:50,NDLS,Cloudy,0.17,8.63,1.2,9.7,78.5
2026-03-24 03:12:50,NDLS,Clear,0.22,8.48,0.5,42.8,62.3
2026-04-01 14:25:00,NDLS,Fog,0.7,3.77,0.1,27.9,47.3
2026-02-14 11:49:26,NDLS,Clear,0.01,9.53,0.3,37.2,67.4
2026-03-05 04:52:19,NDLS,Fog,0.47,6.52,0.3,25.2,83.2
2026-05-25 21:08:45,NDLS,Cloudy,0.29,7.62,0.8,25.9,29.3
2026-06-08 02:31:35,NDLS,Clear,0.13,9.57,0.4,14.7,29.0
2026-03-31 14:17:56,NDLS,Cloudy,0.17,8.44,0.2,23.9,100.0
2026-05-22 05:31:54,NDLS,Fog,0.72,2.71,0.6,16.7,81.9
2026-05-21 00:20:35,NDLS,Clear,0.43,7.71,0.8,24.1,61.7
2026-01-08 17:55:19,NDLS,Clear,0.18,8.13,0.9,19.0,70.1
2026-03-04 06:48:01,NDLS,Clear,0.3,7.09,1.0,29.4,84.0
2026-06-30 17:56:50,NDLS,Clear,0.26,7.29,0.7,31.8,77.7
2026-05-01 14:39:20,NDLS,Clear,0.36,7.7,0.3,24.2,75.0
2026-02-08 22:24:57,NDLS,Clear,0.27,7.68,0.1,25.0,53.3
2026-04-16 02:02:15,NDLS,Cloudy,0.33,7.49,0.7,12.1,56.0
2026-03-18 16:33:15,NDLS,Clear,0.51,5.05,0.2,24.0,74.4
2026-01-19 12:05:00,NDLS,Clear,0.3,7.13,1.0,41.4,40.7
2026-03-08 03:55:40,NDLS,Clear,0.28,6.78,1.3,23.4,64.0
2026-04-21 03:13:27,NDLS,Clear,0.43,6.42,0.6,31.8,82.0
2026-05-10 14:06:23,NDLS,Rain,0.43,4.82,11.0,24.7,74.7
2026-05-22 12:00:01,NDLS,Cloudy,0.24,7.47,0.6,29.5,59.7
2026-04-17 23:51:19,NDLS,Clear,0.03,9.25,1.1,20.8,33.3
2026-05-14 07:52:17,NDLS,Clear,0.3,8.17,0.7,18.3,65.4
2026-04-04 08:50:04,NDLS,Clear,0.25,8.07,0.8,26.1,47.1
2026-02-14 00:34:59,NDLS,Clear,0.2,8.52,0.2,11.2,68.8
2026-05-24 18:38:58,NDLS,Rain,0.25,6.25,2.9,24.4,78.7
2026-03-21 06:16:59,NDLS,Clear,0.28,7.44,1.4,15.7,74.1
2026-01-24 15:35:23,NDLS,Clear,0.51,6.56,1.0,3.8,43.4
2026-03-11 19:19:53,NDLS,Rain,0.13,7.15,14.2,16.6,48.9
2026-03-11 15:02:41,NDLS,Cloudy,0.41,6.36,0.1,26.2,72.7
2026-03-21 13:48:49,NDLS,Cloudy,0.36,7.19,0.3,30.5,55.7
2026-03-23 15:45:51,NDLS,Clear,0.22,9.06,1.4,31.7,75.0
2026-04-02 12:45:16,NDLS,Clear,0.06,9.64,1.3,22.8,65.5
2026-03-19 13:10:10,NDLS,Clear,0.14,8.85,0.7,25.1,65.6
2026-06-30 21:50:20,NDLS,Cloudy,0.45,7.04,0.4,23.6,83.8
2026-04-11 20:35:14,NDLS,Fog,0.48,5.91,1.1,29.1,79.9
2026-02-12 11:06:26,NDLS,Clear,0.38,6.5,1.3,25.3,85.1
2026-04-23 07:30:15,NDLS,Cloudy,0.18,8.32,1.4,30.6,41.0
2026-01-09 13:35:27,NDLS,Cloudy,0.32,7.55,1.4,19.5,62.8
2026-02-27 16:32:41,NDLS,Clear,0.23,8.26,0.5,27.5,76.9
2026-05-29 14:38:17,NDLS,Clear,0.32,7.28,0.8,21.7,71.0
2026-04-08 06:51:21,NDLS,Cloudy,0.31,7.07,0.8,29.6,66.8
2026-04-30 00:45:50,NDLS,Clear,0.27,6.87,0.5,16.6,76.8
2026-01-01 03:29:39,NDLS,Clear,0.61,4.1,0.3,16.9,100.0
2026-01-28 04:52:38,NDLS,Clear,0.52,5.39,0.6,21.1,100.0
2026-05-28 07:15:32,NDLS,Clear,0.36,7.03,0.2,17.4,66.1
2026-02-08 18:36:48,NDLS,Clear,0.2,8.41,0.6,37.2,54.3
2026-05-31 18:25:31,NDLS,Clear,0.15,9.21,0.9,21.5,47.9
2026-03-21 09:42:21,NDLS,Clear,0.28,7.73,1.1,20.0,57.5
2026-04-28 11:55:22,NDLS,Fog,0.43,5.75,0.3,31.6,67.2
2026-04-19 05:28:44,NDLS,Clear,0.39,7.06,0.9,17.8,79.8
2026-03-05 05:46:45,NDLS,Clear,0.44,6.3,1.3,22.1,47.3
2026-06-20 15:16:31,NDLS,Clear,0.11,8.63,1.1,39.3,40.4
2026-01-25 19:55:52,NDLS,Cloudy,0.34,7.21,1.4,32.0,46.8
2026-01-23 04:11:31,NDLS,Rain,0.19,7.15,5.7,35.9,84.6
2026-04-08 00:30:11,NDLS,Clear,0.19,7.99,0.2,24.9,55.0
2026-02-16 22:56:13,NDLS,Cloudy,0.23,7.61,0.6,22.8,66.5
2026-05-29 21:48:05,NDLS,Clear,0.38,6.63,0.7,34.4,66.8
2026-02-18 07:40:06,NDLS,Fog,1.0,1.23,1.5,37.1,63.5
2026-01-27 19:09:56,NDLS,Rain,0.27,6.85,6.4,29.8,75.1
2026-03-06 03:58:19,NDLS,Rain,0.13,8.61,4.9,27.9,89.0
2026-03-24 14:45:30,NDLS,Clear,0.25,7.95,0.1,27.6,55.1
2026-06-13 22:18:37,NDLS,Clear,0.19,8.42,0.4,13.0,89.3
2026-05-09 18:46:33,NDLS,Clear,0.23,8.24,0.4,28.8,61.7
2026-03-09 07:54:38,NDLS,Cloudy,0.25,7.74,0.3,22.9,70.8
2026-05-17 08:42:47,NDLS,Clear,0.46,5.88,1.2,34.0,24.4
2026-03-04 06:53:57,NDLS,Clear,0.34,6.86,1.0,31.7,70.4
2026-05-30 06:22:59,NDLS,Fog,0.82,3.81,0.7,22.0,34.4
2026-02-09 00:39:02,NDLS,Rain,0.18,6.69,2.7,15.9,100.0
2026-03-28 14:55:45,NDLS,Clear,0.37,6.73,0.8,20.7,71.5
2026-06-04 06:09:27,NDLS,Clear,0.17,8.07,1.2,21.7,61.7
2026-03-20 21:36:44,NDLS,Fog,0.51,5.82,0.5,38.5,69.9
2026-04-05 10:58:17,NDLS,Clear,0.27,7.97,0.6,13.9,60.7
2026-01-24 23:37:17,NDLS,Clear,0.3,7.46,1.0,23.5,71.4
2026-02-25 18:55:06,NDLS,Clear,0.02,9.73,0.4,8.7,72.4
2026-01-14 17:31:39,NDLS,Cloudy,0.12,8.64,0.8,17.6,41.7
2026-03-22 18:26:42,NDLS,Clear,0.26,7.64,0.0,12.9,67.5
2026-01-30 15:32:21,NDLS,Clear,0.69,3.59,1.1,17.8,78.9
2026-05-25 11:31:14,NDLS,Fog,0.43,6.29,0.1,19.8,92.1
2026-02-01 10:14:45,NDLS,Clear,0.24,8.44,0.9,17.2,88.4
2026-01-22 08:13:48,NDLS,Fog,0.97,1.38,0.4,14.6,100.0
2026-06-09 04:37:25,NDLS,Clear,0.7,3.76,0.4,26.9,91.1
2026-05-15 16:59:53,NDLS,Cloudy,0.07,9.79,0.9,24.1,48.6
2026-05-21 15:25:16,NDLS,Fog,0.64,4.68,0.5,11.9,75.0
2026-06-24 04:25:02,NDLS,Clear,0.18,8.95,0.4,22.9,81.9
2026-03-17 01:51:13,NDLS,Clear,0.12,9.57,1.5,20.9,50.2
2026-05-12 07:32:45,NDLS,Clear,0.16,8.44,0.7,19.2,64.2
2026-05-25 19:25:10,NDLS,Clear,0.07,9.15,0.9,25.6,48.8
2026-05-14 02:20:58,NDLS,Cloudy,0.44,5.77,0.1,25.3,48.3
2026-05-01 02:39:02,NDLS,Clear,0.15,8.62,0.4,36.1,54.3
2026-02-24 13:52:40,NDLS,Rain,0.2,7.45,8.8,32.3,77.7
2026-04-30 20:40:43,NDLS,Clear,0.71,4.61,0.4,23.5,55.8
2026-06-10 11:55:06,NDLS,Clear,0.21,7.18,0.2,31.8,76.7
2026-06-21 01:50:51,NDLS,Rain,0.43,6.19,19.3,21.6,55.6
2026-06-03 10:36:10,NDLS,Clear,0.52,5.32,1.2,24.6,68.8
2026-01-13 00:10:32,NDLS,Clear,0.14,8.22,0.4,16.7,86.0
2026-02-19 19:05:01,NDLS,Cloudy,0.31,7.58,0.6,11.3,53.9
2026-01-17 21:16:17,NDLS,Rain,0.25,6.28,3.8,24.8,46.0
2026-06-20 06:29:59,NDLS,Rain,0.18,7.37,3.3,28.1,64.8
2026-04-06 06:47:34,NDLS,Fog,0.72,3.12,1.5,23.5,62.4
2026-06-08 14:39:36,NDLS,Rain,0.18,7.84,11.5,15.5,27.2
2026-06-16 19:56:35,NDLS,Cloudy,0.25,7.73,1.2,16.7,40.1
2026-05-17 16:19:58,NDLS,Clear,0.49,4.9,1.1,20.0,100.0
2026-01-12 23:51:38,NDLS,Clear,0.32,6.86,0.7,22.3,63.2
2026-03-01 23:56:02,NDLS,Clear,0.32,7.62,1.3,14.5,61.8
2026-01-26 23:41:17,NDLS,Rain,0.41,5.29,7.6,21.7,65.8
2026-05-09 10:35:54,NDLS,Clear,0.42,6.85,0.2,9.4,77.3
2026-02-14 02:38:39,NDLS,Cloudy,0.37,6.62,0.2,31.6,79.7
2026-06-25 11:21:34,NDLS,Cloudy,0.19,8.7,1.2,23.5,82.2
2026-02-09 01:48:37,NDLS,Clear,0.14,8.34,0.7,32.9,50.6
2026-01-30 06:30:20,NDLS,Clear,0.27,7.02,0.3,17.2,72.3
2026-02-23 22:55:31,NDLS,Clear,0.16,8.9,0.7,23.4,51.8
2026-06-07 21:48:13,NDLS,Clear,0.48,6.04,1.0,18.3,76.0
2026-01-10 15:33:24,NDLS,Clear,0.19,8.13,0.8,13.3,72.5
2026-05-29 06:22:19,NDLS,Rain,0.32,5.93,9.6,20.9,78.5
2026-02-13 17:40:59,NDLS,Fog,0.5,6.84,0.9,21.9,73.4
2026-01-28 12:30:10,NDLS,Clear,0.67,3.85,0.7,22.5,64.8
2026-04-14 03:29:24,NDLS,Fog,0.59,4.77,0.9,26.9,63.1
2026-06-22 03:09:38,NDLS,Clear,0.34,6.74,0.4,19.9,62.6
2026-01-17 10:47:05,NDLS,Cloudy,0.17,8.51,1.3,33.2,74.2
2026-06-22 10:11:42,NDLS,Clear,0.31,8.3,0.0,23.7,32.8
2026-05-30 11:57:37,NDLS,Clear,0.11,9.1,0.9,22.7,52.2
2026-05-04 16:15:24,NDLS,Clear,0.35,6.83,0.5,24.1,95.2
2026-01-28 10:43:47,NDLS,Cloudy,0.33,7.54,0.6,27.1,40.4
2026-06-18 04:25:45,NDLS,Cloudy,0.18,9.06,1.3,25.6,66.0
2026-02-22 20:10:19,NDLS,Fog,0.56,5.2,1.2,19.7,76.8
2026-01-07 06:59:25,NDLS,Clear,0.13,9.01,0.4,16.4,58.0
2026-04-20 10:14:24,NDLS,Clear,0.47,5.55,0.6,27.7,48.2
2026-01-02 03:55:44,NDLS,Clear,0.61,4.58,1.1,17.4,70.8
2026-01-07 00:17:12,NDLS,Clear,0.16,8.89,0.8,35.0,100.0
2026-05-25 10:45:49,NDLS,Cloudy,0.36,7.17,0.4,29.9,53.3
2026-04-01 11:50:34,NDLS,Clear,0.19,7.56,1.3,32.4,70.3
2026-02-21 05:29:54,NDLS,Clear,0.17,9.16,1.1,16.2,56.2
2026-04-01 05:39:24,NDLS,Clear,0.45,6.18,0.8,12.1,76.0
2026-01-21 15:00:42,NDLS,Cloudy,0.56,5.45,0.9,21.4,83.2
2026-05-03 15:59:23,NDLS,Clear,0.08,9.27,0.2,16.8,48.5
2026-02-26 06:31:18,NDLS,Fog,0.62,4.69,1.2,17.8,71.4
2026-03-08 08:42:47,NDLS,Clear,0.3,8.03,0.8,38.1,62.9
2026-04-05 05:06:08,NDLS,Clear,0.56,5.36,0.9,19.8,96.1
2026-05-20 20:25:30,NDLS,Clear,0.31,6.76,0.0,16.4,51.6
2026-05-18 19:26:24,NDLS,Clear,0.26,7.68,1.5,28.6,67.6
2026-06-28 07:11:55,NDLS,Clear,0.36,7.25,1.2,15.3,82.2
2026-04-13 12:47:23,NDLS,Cloudy,0.3,7.1,0.4,17.9,57.3
2026-05-24 17:24:24,NDLS,Rain,0.25,6.75,7.3,37.5,68.5
2026-03-17 02:40:49,NDLS,Clear,0.54,5.17,0.6,35.7,81.8
2026-02-17 17:35:10,NDLS,Clear,0.02,10.39,0.4,30.2,47.1
2026-01-30 10:26:48,NDLS,Clear,0.16,8.57,0.3,28.6,51.3
2026-03-30 08:52:34,NDLS,Cloudy,0.2,7.92,0.3,26.8,61.1
2026-03-31 05:33:58,NDLS,Cloudy,0.24,7.66,1.4,17.3,95.6
2026-04-29 09:46:40,NDLS,Rain,0.31,6.75,7.1,37.9,38.3
2026-06-01 17:29:10,NDLS,Rain,0.74,2.37,15.4,29.7,100.0
2026-04-21 19:22:01,NDLS,Clear,0.48,6.12,1.3,17.0,88.3
2026-04-26 20:10:11,NDLS,Clear,0.34,6.45,0.2,3.0,45.2
2026-02-01 12:54:07,NDLS,Clear,0.65,4.03,1.1,26.3,49.6
2026-01-10 10:24:18,NDLS,Clear,0.34,7.49,0.5,25.8,42.3
2026-05-06 22:52:30,NDLS,Clear,0.22,8.63,0.2,20.0,51.0
2026-01-04 17:39:33,NDLS,Clear,0.1,9.13,1.4,21.5,60.4
2026-05-06 12:30:53,NDLS,Clear,0.14,8.85,1.5,36.7,74.3
2026-05-19 10:51:56,NDLS,Clear,0.25,7.35,0.6,27.9,76.6
2026-05-30 15:38:39,NDLS,Rain,0.26,7.5,3.8,16.8,79.6
2026-04-25 22:28:27,NDLS,Fog,0.53,5.41,0.3,17.3,65.8
2026-03-22 15:59:27,NDLS,Fog,0.61,4.22,0.3,34.0,98.8
2026-03-07 00:10:40,NDLS,Clear,0.23,8.23,1.4,27.2,64.8
2026-04-05 23:54:29,NDLS,Clear,0.13,8.33,0.8,32.0,58.2
2026-06-12 23:18:56,NDLS,Cloudy,0.4,6.76,1.1,30.7,53.1
2026-02-22 23:47:11,NDLS,Fog,0.94,1.63,0.0,18.8,90.2
2026-04-24 08:28:38,NDLS,Clear,0.18,7.93,1.2,24.7,62.4
2026-02-10 08:31:57,NDLS,Clear,0.11,8.79,1.0,23.2,86.7
2026-06-29 12:53:06,NDLS,Clear,0.53,5.51,0.1,28.6,80.3
2026-03-07 18:17:01,NDLS,Fog,0.54,5.29,0.6,16.7,68.8
2026-06-06 15:15:38,NDLS,Fog,0.74,4.46,1.4,35.8,81.7
2026-01-31 03:00:05,NDLS,Clear,0.06,9.75,0.0,27.4,83.0
2026-01-31 16:50:42,NDLS,Fog,0.48,6.97,0.3,27.4,79.4
2026-04-01 05:30:37,NDLS,Clear,0.19,7.91,1.5,27.9,68.0
2026-04-04 19:16:06,NDLS,Clear,0.24,8.16,0.6,28.1,68.1
2026-01-05 07:15:35,NDLS,Clear,0.16,9.26,1.0,27.9,28.6
2026-06-10 11:55:36,NDLS,Cloudy,0.41,7.1,0.2,29.3,88.6
2026-03-28 12:19:00,NDLS,Clear,0.34,6.65,1.3,16.8,72.9
2026-06-08 18:54:19,NDLS,Clear,0.27,7.32,0.4,38.3,53.5
2026-05-08 18:35:43,NDLS,Clear,0.43,6.5,1.4,9.9,61.5
2026-05-11 22:46:37,NDLS,Clear,0.12,8.81,1.1,40.2,71.8
2026-04-20 01:14:22,NDLS,Fog,0.43,5.47,1.2,25.9,80.9
2026-05-18 11:41:22,NDLS,Clear,0.59,4.34,1.3,20.0,54.6
2026-05-11 16:43:29,NDLS,Clear,0.43,6.61,0.4,15.5,36.5
2026-03-15 23:21:14,NDLS,Rain,0.57,3.9,2.1,42.0,93.5
2026-01-21 15:30:59,NDLS,Clear,0.16,8.71,0.1,28.1,50.0
2026-03-24 10:03:08,NDLS,Clear,0.51,5.76,0.0,23.7,77.5
2026-06-09 10:15:52,NDLS,Clear,0.03,9.42,0.8,20.1,67.6
2026-01-28 10:07:43,NDLS,Clear,0.61,5.18,0.9,16.9,66.2
2026-02-28 10:20:05,NDLS,Clear,0.22,7.78,1.5,33.1,85.3
2026-02-27 20:48:44,NDLS,Cloudy,0.12,8.99,1.4,33.1,56.5
2026-02-05 19:51:25,NDLS,Clear,0.17,8.02,1.3,26.8,63.0
2026-06-17 07:50:41,NDLS,Clear,0.6,5.17,0.0,32.1,50.2
2026-02-12 00:11:46,NDLS,Clear,0.4,6.77,1.3,31.6,43.4
2026-04-03 03:00:54,NDLS,Cloudy,0.17,8.62,0.7,25.3,61.1
2026-02-02 20:33:24,NDLS,Rain,0.48,4.18,8.7,26.3,62.5
2026-06-03 06:48:06,NDLS,Clear,0.3,6.48,0.3,44.0,55.0
2026-04-21 00:14:28,NDLS,Fog,0.62,4.07,0.4,26.1,61.5
2026-06-09 02:05:15,NDLS,Clear,0.21,7.98,0.1,27.2,96.9
2026-01-24 19:42:25,NDLS,Clear,0.23,8.01,1.4,17.1,59.7
2026-05-09 02:45:35,NDLS,Clear,0.51,5.81,1.3,24.5,70.6
2026-01-17 22:32:50,NDLS,Fog,0.48,6.5,0.8,33.5,57.9
2026-02-05 23:08:05,NDLS,Cloudy,0.34,7.05,0.9,21.1,62.8
2026-05-21 14:32:52,NDLS,Rain,0.47,5.06,2.5,8.8,55.3
2026-02-21 10:32:05,NDLS,Clear,0.29,7.7,0.9,22.0,53.4
2026-05-06 18:12:49,NDLS,Clear,0.35,6.89,0.2,12.4,63.6
2026-06-30 17:32:51,NDLS,Fog,0.41,6.35,0.6,26.8,35.7
2026-04-21 01:51:22,NDLS,Clear,0.15,8.29,1.3,22.7,38.7
2026-01-19 01:34:17,NDLS,Rain,0.31,5.42,8.8,32.3,95.5
2026-02-15 05:56:54,NDLS,Clear,0.36,7.83,0.8,22.1,88.9
2026-03-30 22:47:55,NDLS,Cloudy,0.44,5.69,1.1,30.4,95.0
2026-02-23 20:40:05,NDLS,Cloudy,0.07,9.91,0.7,18.9,79.6
2026-02-26 09:54:48,NDLS,Fog,0.72,4.39,0.2,19.3,100.0
2026-02-02 07:50:25,NDLS,Clear,0.07,9.89,0.5,29.8,71.5
2026-05-06 20:47:22,NDLS,Clear,0.16,8.55,0.9,37.7,81.2
2026-06-09 17:30:11,NDLS,Fog,0.73,4.1,1.4,20.8,100.0
2026-01-11 15:48:45,NDLS,Cloudy,0.09,9.27,0.3,20.1,78.4
2026-06-19 00:30:45,NDLS,Clear,0.19,7.89,0.3,32.0,82.5
2026-06-07 21:40:06,NDLS,Clear,0.21,7.78,0.5,25.3,54.5
2026-05-08 21:52:42,NDLS,Clear,0.32,6.5,1.3,18.7,46.4
2026-05-14 13:40:29,NDLS,Fog,0.66,4.94,0.2,32.1,70.9
2026-04-05 12:20:49,NDLS,Clear,0.23,8.09,1.3,17.0,47.5
2026-04-12 07:08:35,NDLS,Rain,0.18,7.93,9.0,30.6,69.1
2026-01-15 00:17:46,NDLS,Clear,0.29,7.97,0.4,24.2,87.8
2026-02-05 19:13:40,NDLS,Clear,0.44,6.68,0.5,15.0,53.3
2026-03-21 08:12:41,NDLS,Fog,0.44,5.7,1.4,28.9,91.3
2026-04-12 08:36:38,NDLS,Clear,0.13,8.98,0.4,20.2,51.9
2026-01-27 23:55:16,NDLS,Clear,0.67,3.53,0.2,33.6,81.0
2026-05-13 18:58:13,NDLS,Fog,0.42,5.18,0.8,31.9,85.9
2026-03-11 10:30:06,NDLS,Clear,0.11,9.16,1.0,28.9,73.5
2026-02-10 12:22:18,NDLS,Clear,0.33,7.08,0.1,14.9,67.1
2026-02-14 17:24:48,NDLS,Clear,0.42,5.93,0.9,21.6,75.7
2026-02-09 10:26:45,NDLS,Rain,0.23,6.37,6.0,18.2,65.6
2026-05-06 14:07:43,NDLS,Cloudy,0.17,8.52,0.2,18.5,89.6
2026-03-18 01:29:06,NDLS,Clear,0.25,8.23,0.4,26.1,49.1
2026-05-17 00:47:30,NDLS,Rain,0.11,7.85,5.9,9.2,100.0
2026-03-14 08:37:26,NDLS,Cloudy,0.35,6.86,1.0,25.5,79.6
2026-05-06 04:12:20,NDLS,Cloudy,0.37,7.01,0.3,26.7,56.3
2026-01-22 20:43:25,NDLS,Fog,0.51,5.72,0.9,29.9,83.8
2026-06-25 02:13:41,NDLS,Fog,0.78,3.58,0.4,13.8,95.7
2026-06-08 23:59:28,NDLS,Cloudy,0.37,7.2,0.3,14.5,77.0
2026-01-29 01:51:29,NDLS,Clear,0.06,9.2,1.5,29.1,48.0
2026-06-21 19:43:36,NDLS,Clear,0.38,6.79,1.1,40.9,57.8
2026-01-26 14:16:13,NDLS,Rain,0.12,7.79,8.1,32.7,59.2
2026-03-19 16:29:56,NDLS,Fog,0.46,6.06,1.3,39.6,56.3
2026-06-03 02:37:49,NDLS,Clear,0.21,7.71,1.2,25.8,51.0
2026-02-16 22:36:58,NDLS,Cloudy,0.22,8.34,1.5,25.9,38.1
2026-06-15 11:25:05,NDLS,Clear,0.28,7.23,0.3,28.5,68.1
2026-06-22 04:20:57,NDLS,Clear,0.28,7.46,1.0,28.5,73.5
2026-04-02 18:18:19,NDLS,Rain,0.12,8.12,8.4,19.4,99.5
2026-03-29 17:17:04,NDLS,Fog,0.48,5.67,0.9,18.6,34.2
2026-01-02 14:18:37,NDLS,Fog,0.64,5.41,0.1,33.8,72.0
2026-01-17 17:44:03,NDLS,Clear,0.03,9.52,1.3,38.0,79.7
2026-05-14 23:11:37,NDLS,Rain,0.59,4.01,17.8,21.7,74.1
2026-04-10 18:54:44,NDLS,Clear,0.54,4.81,0.1,29.5,22.3
2026-04-28 02:41:05,NDLS,Rain,0.04,7.35,1.7,4.9,76.4
2026-01-04 15:01:05,NDLS,Clear,0.07,8.57,1.4,18.8,78.5
2026-05-12 14:10:21,NDLS,Rain,0.05,8.51,11.9,21.8,30.3
2026-06-09 04:19:39,NDLS,Clear,0.38,6.98,0.0,35.7,64.5
2026-02-01 05:21:59,NDLS,Clear,0.61,4.28,1.3,19.3,71.3
2026-01-09 19:11:37,NDLS,Clear,0.5,5.42,1.0,37.5,61.5
2026-03-31 08:03:21,NDLS,Clear,0.19,9.05,0.4,23.6,55.5
2026-03-10 21:29:59,NDLS,Fog,0.65,5.12,0.3,21.1,58.9
2026-06-14 09:38:12,NDLS,Clear,0.44,6.28,0.7,32.3,77.9
2026-02-20 08:28:39,NDLS,Cloudy,0.1,9.27,1.1,23.9,76.6
2026-01-30 00:42:03,NDLS,Clear,0.05,10.1,1.4,15.8,68.0
2026-02-01 07:36:45,NDLS,Clear,0.48,5.95,1.0,15.7,62.2
2026-02-03 16:45:36,NDLS,Clear,0.18,8.15,0.0,23.4,100.0
2026-04-05 04:11:23,NDLS,Cloudy,0.23,8.24,0.9,22.4,68.0
2026-05-01 08:41:19,NDLS,Clear,0.38,6.69,0.4,23.4,39.5
2026-06-26 01:08:33,NDLS,Cloudy,0.26,6.94,0.4,7.2,63.1
2026-04-15 05:14:56,NDLS,Clear,0.14,8.79,1.1,36.9,79.3
2026-04-05 03:45:12,NDLS,Fog,0.48,5.59,0.7,21.8,100.0
2026-05-14 10:21:01,NDLS,Cloudy,0.16,8.02,0.0,19.2,74.4
2026-05-25 10:27:34,NDLS,Cloudy,0.0,9.5,1.4,20.2,56.6
2026-05-07 19:10:51,NDLS,Clear,0.29,7.51,1.4,13.8,67.1
2026-05-01 12:28:05,NDLS,Clear,0.34,7.89,0.5,35.9,77.9
2026-04-05 21:19:59,NDLS,Fog,1.0,1.31,0.0,16.3,67.2
2026-03-14 01:54:43,NDLS,Clear,0.3,7.56,0.9,33.0,67.7
2026-05-16 20:06:16,NDLS,Rain,0.31,6.35,15.6,33.1,100.0
2026-05-25 04:06:13,NDLS,Clear,0.35,6.89,1.1,11.5,86.0
2026-06-29 03:18:38,NDLS,Cloudy,0.19,7.2,0.3,23.6,42.8
2026-06-11 21:22:49,NDLS,Fog,0.74,3.75,0.7,19.5,67.3
2026-01-08 18:49:00,NDLS,Fog,0.62,5.37,1.2,23.7,100.0
2026-06-10 20:21:26,NDLS,Rain,0.39,4.79,12.7,31.8,79.7
2026-01-14 22:57:34,NDLS,Cloudy,0.09,10.21,0.5,27.1,46.4
2026-02-08 09:05:27,NDLS,Clear,0.38,6.95,0.4,24.2,27.9
2026-02-03 03:59:44,NDLS,Clear,0.28,8.15,1.1,32.8,84.8
2026-06-30 02:53:39,NDLS,Cloudy,0.48,5.93,0.9,21.9,84.7
2026-05-16 12:13:22,NDLS,Cloudy,0.48,6.12,0.1,22.8,61.1
2026-01-05 10:42:19,NDLS,Rain,0.31,6.29,3.8,15.1,25.6
2026-01-02 06:06:49,NDLS,Clear,0.29,8.08,0.8,21.3,55.1
2026-01-20 21:21:53,NDLS,Clear,0.27,7.08,1.5,37.2,63.5
2026-06-12 10:31:34,NDLS,Clear,0.17,8.27,1.5,12.0,68.8
2026-04-15 15:12:45,NDLS,Clear,0.5,5.75,0.3,41.7,87.0
2026-01-08 19:57:09,NDLS,Cloudy,0.57,5.13,1.0,29.5,35.9
2026-02-24 22:04:37,NDLS,Cloudy,0.57,5.03,1.0,22.7,100.0
2026-05-21 13:43:22,NDLS,Fog,0.49,5.88,1.3,9.7,50.4
2026-04-02 00:47:59,NDLS,Clear,0.29,6.96,0.9,15.6,81.5
2026-03-02 02:56:51,NDLS,Clear,0.06,9.02,1.0,25.9,66.7
2026-03-08 03:06:03,NDLS,Cloudy,0.29,8.07,1.0,17.7,68.4
2026-01-14 06:37:06,NDLS,Cloudy,0.59,4.6,1.4,17.3,88.4
2026-01-16 07:38:21,NDLS,Clear,0.24,8.29,0.8,24.3,73.1
2026-03-06 08:27:20,NDLS,Clear,0.55,5.48,0.4,26.6,74.7
2026-05-13 19:32:08,NDLS,Cloudy,0.43,6.12,1.0,31.2,39.1
2026-02-17 13:04:26,NDLS,Clear,0.35,6.01,0.5,13.0,75.4
2026-05-27 02:52:04,NDLS,Clear,0.2,8.24,0.5,16.4,41.6
2026-04-06 19:52:21,NDLS,Clear,0.1,8.91,1.2,33.4,63.8
2026-06-12 10:22:48,NDLS,Clear,0.08,9.38,0.6,23.1,97.5
2026-05-23 19:37:10,NDLS,Cloudy,0.35,7.05,1.1,30.4,56.7
2026-05-31 09:17:29,NDLS,Fog,0.43,6.9,0.1,28.1,81.4
2026-03-19 16:02:18,NDLS,Clear,0.47,5.71,1.4,30.1,99.6
2026-06-23 03:37:30,NDLS,Fog,0.54,5.76,0.0,11.0,54.4
2026-03-22 20:51:39,NDLS,Clear,0.17,9.11,1.4,16.9,58.4
2026-03-12 07:44:13,NDLS,Clear,0.24,8.04,0.1,20.2,91.1
2026-03-01 05:09:34,NDLS,Clear,0.37,7.05,0.7,33.4,100.0
2026-01-09 06:59:29,NDLS,Clear,0.06,9.94,1.3,38.1,51.7
2026-04-22 05:52:32,NDLS,Rain,0.04,8.14,12.4,27.2,55.4
2026-02-17 10:12:37,NDLS,Clear,0.5,6.35,0.6,23.1,38.7
2026-02-21 17:20:25,NDLS,Clear,0.26,8.31,1.2,27.4,91.1
2026-04-13 12:17:10,NDLS,Clear,0.45,6.51,1.4,26.9,50.1
2026-01-31 16:00:49,NDLS,Clear,0.3,7.76,0.2,26.2,80.5
2026-01-31 04:54:09,NDLS,Clear,0.11,9.45,1.0,30.1,69.1
2026-02-25 03:43:02,NDLS,Clear,0.37,6.54,0.5,29.2,91.1
2026-02-23 13:48:02,NDLS,Cloudy,0.28,7.47,1.1,21.4,81.3
2026-03-13 16:45:40,NDLS,Cloudy,0.15,8.61,1.4,19.9,58.2
2026-02-20 18:07:36,NDLS,Clear,0.15,7.85,1.3,14.5,30.4
2026-06-11 10:07:54,NDLS,Clear,0.22,7.63,1.3,7.2,54.7
2026-02-10 15:02:46,NDLS,Cloudy,0.37,6.62,0.9,18.6,94.2
2026-03-19 20:44:15,NDLS,Cloudy,0.38,6.66,0.8,17.9,81.8
2026-04-28 11:53:19,NDLS,Clear,0.33,6.58,0.1,30.5,79.9
2026-06-07 11:25:46,NDLS,Clear,0.86,3.02,1.1,29.5,54.8
2026-06-20 19:19:00,NDLS,Fog,0.38,6.27,0.5,22.1,59.4
2026-01-10 12:40:31,NDLS,Clear,0.09,9.59,0.9,17.6,45.2
2026-04-10 23:36:41,NDLS,Clear,0.3,6.58,0.9,39.9,86.1
2026-03-28 07:43:06,NDLS,Clear,0.19,8.29,0.8,38.2,82.0
2026-06-14 22:00:51,NDLS,Cloudy,0.08,9.15,0.7,12.9,40.9
2026-05-27 01:29:58,NDLS,Cloudy,0.08,9.66,0.9,19.6,46.9
2026-01-10 13:38:52,NDLS,Clear,0.31,7.4,1.2,18.9,76.0
2026-06-27 23:35:50,NDLS,Clear,0.08,9.29,0.2,17.4,49.4
2026-05-04 00:06:26,NDLS,Fog,0.64,4.62,1.0,32.2,75.1
2026-04-28 22:16:50,NDLS,Clear,0.04,9.76,0.2,32.8,55.7
2026-03-11 02:54:50,NDLS,Rain,0.35,6.39,1.8,23.3,44.3
2026-03-20 14:02:36,NDLS,Fog,0.82,2.68,1.3,34.6,84.6
2026-01-06 13:49:47,NDLS,Clear,0.28,7.36,0.9,41.6,62.8
2026-05-22 11:50:06,NDLS,Rain,0.31,6.35,6.7,40.3,43.6
2026-02-13 22:40:41,NDLS,Clear,0.12,9.6,0.0,25.7,54.1
2026-01-16 07:23:43,NDLS,Rain,0.17,7.71,7.6,33.1,55.1
2026-02-14 09:35:53,NDLS,Cloudy,0.47,5.96,1.1,23.4,44.0
2026-01-18 05:40:52,NDLS,Clear,0.27,8.32,0.5,13.9,86.5
2026-03-08 10:07:16,NDLS,Clear,0.1,8.6,1.4,22.2,66.7
2026-04-06 12:08:29,NDLS,Clear,0.57,5.21,0.8,20.3,43.6
2026-01-21 05:05:48,NDLS,Clear,0.32,7.81,0.7,36.8,71.1
2026-05-13 23:28:58,NDLS,Cloudy,0.18,8.62,1.4,31.0,45.4
2026-04-26 00:31:24,NDLS,Clear,0.07,9.76,1.4,24.8,56.7
2026-02-06 16:55:41,NDLS,Rain,0.19,7.14,14.3,19.5,49.5
2026-06-10 14:37:29,NDLS,Clear,0.19,9.06,1.3,28.7,58.8
2026-02-11 18:34:25,NDLS,Clear,0.1,9.23,0.2,20.4,80.7
2026-05-07 11:38:25,NDLS,Clear,0.33,6.77,0.6,21.3,61.3
2026-01-09 13:12:13,NDLS,Clear,0.26,7.83,1.5,17.8,77.6
2026-03-20 06:29:43,NDLS,Rain,0.2,7.2,6.0,22.5,100.0
2026-01-03 04:46:31,NDLS,Clear,0.2,8.53,0.5,25.5,36.5
2026-03-16 19:28:50,NDLS,Clear,0.21,8.85,1.3,9.6,62.8
2026-04-08 07:16:49,NDLS,Fog,0.55,5.35,1.0,19.6,38.1
2026-03-12 01:32:57,NDLS,Clear,0.59,5.24,0.4,35.3,86.9
2026-05-03 05:28:38,NDLS,Fog,0.52,6.05,1.3,14.4,63.3
2026-01-28 08:49:32,NDLS,Clear,0.19,9.14,0.3,24.9,76.2
2026-04-06 09:07:19,NDLS,Clear,0.44,5.96,1.0,16.1,57.3
2026-03-03 03:30:17,NDLS,Clear,0.47,6.95,0.3,18.3,77.8
2026-04-15 16:41:11,NDLS,Clear,0.2,8.53,1.4,20.6,51.7
2026-04-10 02:13:43,NDLS,Clear,0.28,7.62,0.9,13.8,63.5
2026-06-13 14:42:59,NDLS,Rain,0.42,4.95,3.8,15.4,65.5
2026-02-28 04:05:00,NDLS,Clear,0.36,6.92,0.8,39.1,62.8
2026-02-06 06:38:05,NDLS,Cloudy,0.07,9.01,0.9,18.5,78.2
2026-01-18 22:04:43,NDLS,Clear,0.18,9.05,0.3,26.4,24.5
2026-01-30 11:15:27,NDLS,Clear,0.53,5.96,0.3,-3.8,54.7
2026-06-26 23:54:43,NDLS,Rain,0.14,6.84,8.3,25.0,67.6
2026-03-21 02:18:25,NDLS,Clear,0.27,7.36,0.1,16.9,64.9
2026-06-04 18:53:16,NDLS,Cloudy,0.21,7.81,0.7,32.2,89.8
2026-06-17 15:48:20,NDLS,Clear,0.18,7.43,0.2,21.6,94.1
2026-01-27 10:15:26,NDLS,Cloudy,0.28,8.16,0.4,19.0,33.0
2026-05-18 10:21:35,NDLS,Rain,0.1,8.22,3.9,31.7,66.2
2026-03-26 02:29:54,NDLS,Cloudy,0.08,9.0,0.4,30.0,53.3
2026-06-26 18:51:58,NDLS,Cloudy,0.11,8.78,0.6,32.6,50.9
2026-02-13 15:17:30,NDLS,Clear,0.2,7.92,1.5,31.5,57.5
2026-03-28 23:05:48,NDLS,Clear,0.58,4.88,1.4,32.7,61.0
2026-02-25 21:23:54,NDLS,Rain,0.2,7.21,5.1,14.8,46.2
2026-03-05 05:32:54,NDLS,Clear,0.3,6.44,1.2,18.2,50.1
2026-06-02 01:16:11,NDLS,Clear,0.74,3.32,0.3,26.1,66.5
2026-01-02 01:05:25,NDLS,Clear,0.27,7.09,1.0,27.1,39.5
2026-05-31 10:20:31,NDLS,Rain,0.45,5.12,8.0,33.6,71.6
2026-05-01 07:50:09,NDLS,Clear,0.04,9.18,0.8,23.6,69.6
2026-06-09 21:29:33,NDLS,Clear,0.57,5.15,1.4,29.5,100.0
2026-06-27 22:35:59,NDLS,Clear,0.19,8.66,0.4,16.7,59.5
2026-05-08 21:42:19,NDLS,Clear,0.33,7.69,1.2,25.0,69.4
2026-03-05 11:45:15,NDLS,Fog,0.39,7.26,0.9,27.6,67.3
2026-03-25 21:35:38,NDLS,Clear,0.4,6.98,1.4,20.2,49.4
2026-02-01 13:09:57,NDLS,Clear,0.39,7.43,1.4,25.0,92.1
2026-04-27 17:31:40,NDLS,Fog,0.68,4.14,0.8,25.4,43.0
2026-05-25 21:07:38,NDLS,Clear,0.28,7.53,0.1,28.3,51.8
2026-04-20 16:32:13,NDLS,Clear,0.3,6.87,0.9,32.6,66.4
2026-03-11 15:54:53,NDLS,Rain,0.1,7.34,3.0,31.9,47.1
2026-02-12 02:46:25,NDLS,Clear,0.09,9.07,0.4,22.3,23.8
2026-04-24 01:18:52,NDLS,Fog,0.54,5.79,0.4,15.1,100.0
2026-02-23 06:51:21,NDLS,Clear,0.12,9.11,0.7,18.9,69.3
2026-04-14 02:43:29,NDLS,Cloudy,0.3,8.06,1.0,33.1,63.2
2026-03-22 18:14:23,NDLS,Clear,0.58,4.52,0.5,5.7,74.3
2026-06-17 19:33:09,NDLS,Rain,0.15,7.54,5.5,24.9,65.0
2026-05-21 10:37:03,NDLS,Cloudy,0.32,6.89,1.5,18.1,87.5
2026-05-01 13:59:35,NDLS,Clear,0.21,8.75,1.2,19.8,55.3
2026-04-02 03:07:57,NDLS,Cloudy,0.43,6.04,1.2,36.4,76.7
2026-02-24 21:10:15,NDLS,Rain,0.46,4.41,13.5,25.8,79.8
2026-04-16 10:52:04,NDLS,Clear,0.23,7.9,0.0,10.7,49.2
2026-02-11 07:16:32,NDLS,Cloudy,0.24,8.31,0.2,24.3,67.0
2026-02-19 17:16:48,NDLS,Clear,0.44,6.02,1.0,25.9,69.4
2026-02-10 13:28:24,NDLS,Fog,0.91,3.26,0.5,24.7,87.9
2026-01-10 07:57:19,NDLS,Fog,0.63,4.64,1.4,29.2,81.1
2026-06-07 03:54:07,NDLS,Clear,0.46,6.07,0.1,27.7,42.3
2026-05-04 05:41:46,NDLS,Clear,0.23,7.64,0.8,38.2,66.2
2026-04-10 06:36:38,NDLS,Clear,0.28,7.59,1.2,9.9,51.9
2026-06-25 04:08:13,NDLS,Clear,0.4,7.12,0.1,24.3,51.2
2026-05-03 01:09:23,NDLS,Clear,0.56,5.05,0.8,18.1,56.5
2026-02-10 20:11:37,NDLS,Cloudy,0.4,6.5,0.4,19.3,54.6
2026-03-22 10:46:13,NDLS,Clear,0.28,8.05,0.9,24.4,72.9
2026-02-27 06:01:18,NDLS,Clear,0.44,5.88,1.4,34.7,82.5
2026-06-03 04:00:38,NDLS,Rain,0.41,5.92,3.1,24.5,66.9
2026-05-30 00:41:44,NDLS,Clear,0.33,7.5,0.0,21.2,77.9
2026-01-29 04:37:49,NDLS,Clear,0.19,8.67,0.4,24.2,92.5
2026-04-06 05:17:20,NDLS,Clear,0.5,5.79,0.0,12.2,50.9
2026-04-06 18:37:38,NDLS,Cloudy,0.12,9.46,0.8,24.0,72.5
2026-06-12 19:25:56,NDLS,Clear,0.28,7.36,0.4,24.4,86.8
2026-02-03 04:21:48,NDLS,Rain,0.26,6.34,2.1,17.3,95.2
2026-03-20 18:08:41,NDLS,Clear,0.57,5.3,0.1,21.1,30.4
2026-03-14 20:10:47,NDLS,Clear,0.28,7.13,0.0,16.6,53.1
2026-03-16 05:32:20,NDLS,Clear,0.52,5.5,0.7,18.5,93.3
2026-01-11 05:39:56,NDLS,Clear,0.18,8.64,1.1,22.6,53.5
2026-03-22 17:14:54,NDLS,Clear,0.29,7.89,1.3,25.6,76.7
2026-06-28 00:15:18,NDLS,Clear,0.24,8.23,0.4,30.8,91.2
2026-04-04 19:13:48,NDLS,Clear,0.39,6.45,1.2,22.5,89.4
2026-06-10 07:06:08,NDLS,Rain,0.28,6.31,5.9,22.5,34.0
2026-03-10 05:04:20,NDLS,Clear,0.69,3.7,1.2,24.9,57.1
2026-04-24 16:26:19,NDLS,Clear,0.5,5.84,1.1,18.7,53.4
2026-06-06 13:06:40,NDLS,Clear,0.35,6.88,0.5,23.3,58.9
2026-05-25 22:07:53,NDLS,Clear,0.27,7.14,0.1,16.6,56.7
2026-05-10 04:29:48,NDLS,Clear,0.08,9.45,1.0,27.0,68.4
2026-03-24 10:35:56,NDLS,Clear,0.24,7.84,0.1,24.3,63.4
2026-03-17 14:04:59,NDLS,Clear,0.38,6.84,1.4,18.5,48.1
2026-03-13 20:49:03,NDLS,Cloudy,0.07,8.9,0.1,35.0,55.8
2026-03-01 10:38:10,NDLS,Clear,0.36,7.8,0.9,10.8,69.5
2026-02-14 15:04:36,NDLS,Clear,0.09,9.45,0.6,30.0,65.8
2026-06-08 06:12:54,NDLS,Clear,0.07,9.53,0.2,24.2,50.6
2026-05-01 03:21:48,NDLS,Clear,0.12,8.39,0.2,18.7,73.9
2026-06-17 03:33:51,NDLS,Clear,0.37,7.0,0.4,26.1,64.4
2026-03-20 10:37:32,NDLS,Cloudy,0.19,8.36,0.7,20.0,88.9
2026-05-26 09:30:00,NDLS,Clear,0.16,8.67,1.2,17.6,67.0
2026-04-04 20:24:39,NDLS,Clear,0.56,5.19,0.5,30.0,69.9
2026-05-16 06:33:21,NDLS,Clear,0.25,7.78,0.9,34.4,45.8
2026-04-22 00:05:56,NDLS,Clear,0.27,8.01,0.4,-0.6,36.9
2026-06-04 15:23:03,NDLS,Clear,0.16,8.91,0.7,18.7,70.9
2026-02-02 07:47:01,NDLS,Cloudy,0.15,9.13,0.2,21.5,53.0
2026-06-15 10:17:55,NDLS,Cloudy,0.3,7.58,1.5,16.1,66.1
2026-02-24 01:59:15,NDLS,Clear,0.21,7.68,0.8,16.4,41.5
2026-04-03 16:43:30,NDLS,Cloudy,0.47,5.51,1.4,25.7,54.8
2026-01-24 02:17:30,NDLS,Clear,0.14,8.42,0.9,30.0,60.9
2026-03-27 12:28:20,NDLS,Clear,0.35,6.51,0.7,19.2,60.2
2026-03-27 22:00:47,NDLS,Cloudy,0.25,7.98,1.0,23.7,87.1
2026-02-23 10:12:54,NDLS,Cloudy,0.3,7.11,0.7,27.9,49.8
2026-01-27 14:42:28,NDLS,Rain,0.08,8.15,10.3,12.7,81.4
2026-06-19 10:45:00,NDLS,Clear,0.26,7.98,1.4,14.8,26.4
2026-01-25 13:03:58,NDLS,Cloudy,0.38,5.77,0.7,13.1,50.8
2026-06-25 22:22:34,NDLS,Clear,0.34,7.43,0.9,20.6,37.0
2026-04-17 12:28:09,NDLS,Clear,0.21,8.51,1.3,28.3,59.7
2026-04-18 14:44:43,NDLS,Fog,0.43,6.28,0.3,14.4,41.8
2026-06-14 23:02:21,NDLS,Rain,0.06,7.67,7.7,34.1,82.8
2026-06-07 20:25:14,NDLS,Clear,0.13,8.54,0.9,33.1,95.7
2026-01-24 06:33:38,NDLS,Clear,0.13,8.68,0.6,16.0,72.1
2026-01-17 23:23:33,NDLS,Clear,0.15,8.71,0.8,23.6,82.5
2026-05-16 10:17:46,NDLS,Rain,0.2,7.4,4.6,15.1,37.3
2026-02-19 01:45:03,NDLS,Clear,0.36,7.39,0.8,28.9,46.2
2026-04-27 01:22:23,NDLS,Cloudy,0.22,7.99,0.9,23.9,97.7
2026-01-24 08:01:27,NDLS,Clear,0.17,8.93,0.1,15.8,93.4
2026-01-04 21:25:18,NDLS,Clear,0.08,10.01,1.0,27.7,53.1
2026-05-29 23:11:09,NDLS,Clear,0.23,7.7,1.3,12.3,43.7
2026-02-18 02:51:11,NDLS,Clear,0.22,7.65,0.3,28.8,73.2
2026-06-05 12:45:08,NDLS,Fog,0.38,7.1,0.5,5.8,85.0
2026-03-05 15:30:12,NDLS,Clear,0.56,5.1,0.7,32.4,73.1
2026-04-25 15:36:10,NDLS,Clear,0.32,7.14,0.3,21.7,38.8
2026-03-16 18:36:34,NDLS,Cloudy,0.15,8.3,1.3,30.0,57.8
2026-06-26 06:45:10,NDLS,Cloudy,0.25,7.88,1.2,22.4,90.3
2026-05-09 02:56:14,NDLS,Clear,0.32,6.67,0.2,28.5,74.2
2026-01-14 05:47:16,NDLS,Cloudy,0.23,8.28,0.3,19.7,52.0
2026-04-12 17:41:57,NDLS,Clear,0.09,9.34,1.1,34.1,42.2
2026-02-06 15:18:13,NDLS,Clear,0.15,9.37,1.4,14.0,74.3
2026-05-02 01:52:58,NDLS,Cloudy,0.29,7.33,1.4,29.0,58.7
2026-01-02 18:58:27,NDLS,Rain,0.36,5.84,8.1,12.3,73.3
2026-01-21 03:24:22,NDLS,Rain,0.48,4.65,11.9,15.4,75.8
2026-04-16 07:01:30,NDLS,Clear,0.22,8.13,0.0,16.5,59.3
2026-01-18 02:47:38,NDLS,Rain,0.1,7.64,19.2,34.7,78.9
2026-04-24 17:44:27,NDLS,Clear,0.32,7.9,0.6,26.6,62.7
2026-06-30 13:00:42,NDLS,Clear,0.26,7.63,1.2,20.5,69.4
2026-03-10 03:36:19,NDLS,Cloudy,0.53,6.47,0.9,8.4,80.5
2026-05-22 09:56:08,NDLS,Clear,0.27,8.04,1.2,20.6,66.0
2026-01-03 17:09:32,NDLS,Clear,0.14,8.78,0.3,26.5,71.3
2026-04-16 18:11:03,NDLS,Cloudy,0.15,8.92,0.8,20.6,27.4
2026-02-28 14:37:10,NDLS,Clear,0.47,5.29,0.2,17.8,89.5
2026-06-10 04:31:34,NDLS,Clear,0.26,7.29,0.5,16.3,78.0
2026-03-03 21:25:13,NDLS,Clear,0.14,8.73,0.4,21.7,29.0
2026-05-11 04:27:59,NDLS,Fog,0.82,3.57,0.3,23.7,84.1
2026-04-24 08:50:05,NDLS,Rain,0.2,7.43,15.2,21.5,28.2
2026-04-23 17:11:03,NDLS,Clear,0.28,7.43,1.3,12.6,83.1
2026-01-30 22:15:19,NDLS,Rain,0.17,7.7,16.1,24.7,48.8
2026-04-27 03:56:07,NDLS,Cloudy,0.07,9.13,1.1,14.9,71.5
2026-06-26 04:35:41,NDLS,Clear,0.3,7.72,1.5,24.1,84.6
2026-04-01 05:01:30,NDLS,Clear,0.21,8.61,0.6,28.6,67.7
2026-04-21 13:53:21,NDLS,Rain,0.42,5.54,16.1,26.2,86.2
2026-04-19 22:51:32,NDLS,Cloudy,0.19,8.0,1.0,14.5,72.0
2026-03-07 23:09:45,NDLS,Clear,0.21,8.12,1.5,25.2,54.1
2026-02-25 21:59:12,NDLS,Fog,1.0,1.41,1.4,16.9,68.2
2026-02-08 06:24:13,NDLS,Cloudy,0.34,7.73,1.3,11.6,64.1
2026-05-15 06:38:09,NDLS,Fog,0.66,4.66,1.0,24.7,52.2
2026-05-24 17:46:34,NDLS,Cloudy,0.4,7.43,0.0,20.8,67.0
2026-06-10 06:17:28,NDLS,Clear,0.34,6.89,0.3,17.8,85.7
2026-05-08 20:20:20,NDLS,Clear,0.17,8.71,1.1,22.3,75.8
2026-06-07 06:38:51,NDLS,Cloudy,0.41,6.14,0.4,8.9,61.4
2026-05-25 22:55:08,NDLS,Cloudy,0.09,9.0,1.4,39.1,47.5
2026-05-08 13:20:10,NDLS,Rain,0.33,5.88,8.2,23.7,67.9
2026-06-21 07:42:07,NDLS,Cloudy,0.09,10.02,0.3,21.2,44.6
2026-01-02 12:51:54,NDLS,Clear,0.1,9.3,0.6,32.2,68.7
2026-01-12 13:59:07,NDLS,Fog,0.5,5.33,0.1,30.5,64.6
2026-06-29 06:02:59,NDLS,Clear,0.29,7.44,1.1,19.8,90.8
2026-01-14 07:04:22,NDLS,Clear,0.27,7.35,1.3,27.6,49.7
2026-01-19 03:14:03,NDLS,Clear,0.29,7.88,0.5,22.6,64.1
2026-03-28 13:19:44,NDLS,Clear,0.2,8.53,0.5,23.0,42.3
2026-02-07 10:10:22,NDLS,Clear,0.19,8.18,0.9,27.3,92.9
2026-01-08 07:37:51,NDLS,Clear,0.09,8.67,0.9,24.3,65.0
2026-04-29 17:04:42,NDLS,Clear,0.42,6.05,0.7,18.6,83.9
2026-05-27 19:04:11,NDLS,Cloudy,0.06,9.6,1.2,32.0,64.0
2026-04-12 08:05:47,NDLS,Clear,0.46,5.81,0.4,17.9,57.7
2026-04-02 19:02:20,NDLS,Clear,0.22,7.88,0.2,15.5,83.0
2026-05-13 08:34:44,NDLS,Clear,0.13,8.28,0.6,13.7,49.1
2026-05-25 20:52:33,NDLS,Clear,0.31,6.96,0.4,17.4,66.5
2026-01-04 08:21:34,NDLS,Fog,0.78,2.76,0.9,28.0,48.8
2026-01-15 10:03:49,NDLS,Rain,0.08,8.21,3.6,20.3,69.4
2026-03-12 08:22:11,NDLS,Clear,0.35,6.69,0.1,22.9,53.0
2026-06-15 01:31:22,NDLS,Fog,0.49,5.65,0.3,31.5,42.4
2026-03-06 15:41:02,NDLS,Clear,0.29,8.48,0.8,16.4,78.7
2026-02-26 10:55:31,NDLS,Clear,0.13,8.54,1.2,26.0,39.9
2026-04-27 19:31:14,NDLS,Cloudy,0.1,8.51,0.0,9.4,76.1
2026-01-18 21:17:01,NDLS,Clear,0.2,8.04,0.9,21.9,82.4
2026-05-10 10:15:34,NDLS,Rain,0.23,7.07,8.4,32.7,95.8
2026-06-13 12:06:35,NDLS,Rain,0.2,6.6,4.5,27.4,70.0
2026-06-25 12:24:39,NDLS,Clear,0.15,8.44,0.3,17.6,38.3
2026-05-11 00:34:42,NDLS,Clear,0.31,7.14,1.4,17.6,57.5
2026-05-04 16:35:59,NDLS,Clear,0.52,5.17,0.0,34.4,40.3
2026-02-23 17:28:57,NDLS,Clear,0.65,3.9,0.5,29.5,54.4
2026-03-09 05:06:30,NDLS,Clear,0.04,9.74,0.2,31.9,63.4
2026-01-13 06:10:29,NDLS,Clear,0.39,6.5,1.4,14.0,77.1
2026-04-11 21:00:51,NDLS,Clear,0.13,9.3,1.1,30.1,69.7
2026-01-01 08:53:14,NDLS,Clear,0.62,4.09,1.1,27.2,66.1
2026-03-13 02:25:15,NDLS,Fog,0.71,3.55,0.5,22.2,73.8
2026-01-04 12:27:34,NDLS,Clear,0.25,7.65,0.7,26.3,47.0
2026-02-03 15:06:54,NDLS,Clear,0.47,4.99,0.4,31.0,72.3
2026-04-08 18:57:37,NDLS,Fog,0.49,5.75,0.2,26.5,71.4
2026-03-15 10:37:56,NDLS,Cloudy,0.43,7.18,1.5,21.9,85.8
2026-02-01 20:22:58,NDLS,Clear,0.27,7.76,0.1,29.5,84.9
2026-05-27 19:15:41,NDLS,Cloudy,0.22,8.14,1.5,29.1,33.3
2026-02-01 08:22:57,NDLS,Clear,0.39,7.65,0.2,16.3,67.2
2026-04-03 11:28:57,NDLS,Clear,0.22,8.86,0.9,30.0,59.2
2026-05-18 03:22:25,NDLS,Clear,0.34,7.05,0.7,34.1,59.2
2026-01-15 07:39:38,NDLS,Clear,0.17,8.88,1.0,25.1,69.2
2026-06-25 06:45:11,NDLS,Cloudy,0.6,5.73,1.4,31.0,97.7
2026-05-07 23:17:22,NDLS,Clear,0.53,5.28,1.4,22.2,65.0
2026-05-08 03:47:30,NDLS,Clear,0.19,8.06,1.2,11.3,64.1
2026-01-28 16:34:51,NDLS,Clear,0.37,6.01,1.5,32.9,88.1
2026-02-10 03:04:15,NDLS,Fog,0.69,3.67,0.3,21.1,65.4
2026-01-27 09:08:20,NDLS,Cloudy,0.14,8.93,0.1,25.0,85.8
2026-02-12 09:36:14,NDLS,Cloudy,0.04,10.31,0.5,13.3,72.9
2026-02-26 16:06:21,NDLS,Clear,0.53,5.04,0.2,22.0,31.1
2026-06-01 21:32:46,NDLS,Clear,0.54,5.53,0.3,28.2,100.0
2026-05-13 14:42:33,NDLS,Fog,0.51,6.41,1.2,12.0,81.3
2026-01-03 06:20:54,NDLS,Clear,0.14,9.15,0.5,37.6,78.2
2026-02-04 09:26:44,NDLS,Clear,0.17,8.85,1.1,21.6,68.6
2026-04-07 22:39:00,NDLS,Clear,0.21,8.29,1.5,24.2,45.0
2026-03-18 22:36:04,NDLS,Clear,0.41,6.56,0.5,32.8,87.2
2026-06-23 09:08:35,NDLS,Cloudy,0.05,9.97,1.4,25.2,93.4
2026-01-01 10:39:16,NDLS,Cloudy,0.51,6.24,0.3,27.7,72.1
2026-01-08 14:22:50,NDLS,Fog,0.65,5.0,1.1,9.6,62.3
2026-06-21 19:23:15,NDLS,Clear,0.15,9.0,0.4,19.6,49.1
2026-02-16 04:27:30,NDLS,Cloudy,0.31,7.31,0.8,31.4,62.9
2026-02-11 17:34:34,NDLS,Rain,0.3,5.77,8.2,24.0,87.7
2026-03-15 06:03:17,NDLS,Clear,0.33,6.92,0.9,28.4,81.5
2026-01-03 18:01:43,NDLS,Clear,0.17,8.23,0.8,25.9,66.6
2026-02-27 01:47:38,NDLS,Clear,0.34,7.04,0.4,23.0,64.8
2026-04-30 19:32:50,NDLS,Cloudy,0.15,9.15,0.2,16.4,39.6
2026-05-07 14:11:18,NDLS,Fog,0.58,4.54,0.5,21.1,82.3
2026-03-17 13:16:34,NDLS,Fog,0.65,4.61,1.5,27.0,64.2
2026-03-02 05:15:13,NDLS,Cloudy,0.6,5.64,1.3,24.2,70.6
2026-05-22 09:43:52,NDLS,Clear,0.27,7.45,1.0,27.4,91.0
2026-01-09 09:14:01,NDLS,Clear,0.57,4.68,0.5,17.6,53.2
2026-03-11 21:42:22,NDLS,Rain,0.59,4.24,4.6,27.6,100.0
2026-02-24 10:32:54,NDLS,Cloudy,0.48,5.81,0.4,20.9,58.7
2026-03-02 22:12:28,NDLS,Clear,0.32,6.93,0.8,21.9,31.0
2026-03-28 05:05:36,NDLS,Cloudy,0.17,7.8,0.3,16.3,58.6
2026-04-20 18:40:35,NDLS,Clear,0.38,6.34,1.1,7.1,70.5
2026-03-28 23:09:07,NDLS,Clear,0.29,8.08,0.9,33.1,59.0
2026-04-13 08:48:26,NDLS,Cloudy,0.13,8.86,1.0,33.7,80.1
2026-05-02 06:52:37,NDLS,Fog,0.69,4.16,0.3,26.8,41.4
2026-04-14 15:56:16,NDLS,Rain,0.3,5.55,4.0,28.2,43.6
2026-03-29 01:07:24,NDLS,Rain,0.22,6.81,5.8,27.2,47.5
2026-06-11 13:56:49,NDLS,Cloudy,0.44,6.14,0.7,29.9,49.5
2026-06-12 01:15:08,NDLS,Clear,0.18,8.4,1.1,10.7,62.4
2026-03-27 11:20:36,NDLS,Clear,0.3,7.91,0.6,12.0,61.4
2026-01-24 07:17:01,NDLS,Rain,0.05,8.47,19.2,10.3,43.5
2026-03-14 12:48:41,NDLS,Clear,0.38,6.62,1.0,21.3,80.5
2026-06-24 21:22:18,NDLS,Clear,0.45,5.74,1.5,22.6,45.5
2026-01-05 20:48:32,NDLS,Rain,0.44,4.88,2.7,22.5,87.9
2026-01-24 22:28:26,NDLS,Clear,0.31,7.64,1.0,32.0,75.6
2026-03-11 00:30:11,NDLS,Fog,0.56,4.55,1.5,22.0,70.8
2026-03-05 01:15:41,NDLS,Rain,0.35,5.4,16.7,11.4,47.1
2026-05-02 12:23:08,NDLS,Clear,0.25,7.31,0.7,21.0,38.0
2026-06-18 03:14:38,NDLS,Clear,0.27,7.65,1.4,24.4,74.1
2026-06-04 06:36:01,NDLS,Cloudy,0.44,6.17,0.2,30.8,85.9
2026-05-07 19:47:40,NDLS,Clear,0.4,7.02,1.4,30.4,64.0
2026-04-14 13:45:55,NDLS,Fog,0.96,2.02,1.1,30.6,58.1
2026-03-12 09:12:49,NDLS,Rain,0.06,8.61,7.1,13.0,68.7
2026-04-26 04:49:40,NDLS,Fog,0.46,6.45,1.2,27.3,95.1
2026-05-21 12:02:11,NDLS,Cloudy,0.33,7.29,1.1,20.3,62.2
2026-06-13 00:40:18,NDLS,Clear,0.15,8.41,1.1,16.4,73.8
2026-05-27 16:45:24,NDLS,Cloudy,0.06,9.57,0.9,28.2,68.2
2026-03-30 23:40:10,NDLS,Clear,0.36,6.53,0.2,30.3,69.3
2026-06-30 01:55:36,NDLS,Fog,0.75,3.47,0.1,20.7,49.9
2026-01-02 00:35:47,NDLS,Fog,0.87,2.35,0.9,29.9,78.0
2026-06-16 09:38:05,NDLS,Clear,0.34,6.67,1.5,41.2,79.9
2026-03-19 18:52:43,NDLS,Fog,0.88,2.3,1.2,20.1,100.0
2026-02-24 18:46:37,NDLS,Fog,0.64,4.46,1.2,16.5,75.2
2026-06-11 18:05:51,NDLS,Clear,0.28,7.63,1.0,17.4,75.9
2026-01-04 05:49:58,NDLS,Cloudy,0.22,8.89,1.1,39.2,70.3
2026-06-06 04:02:50,NDLS,Clear,0.5,6.11,0.8,26.6,39.0
2026-06-03 06:33:33,NDLS,Clear,0.23,8.27,0.0,24.5,24.7
2026-01-07 11:06:17,NDLS,Rain,0.27,6.23,12.6,22.1,80.2
2026-04-25 00:39:11,NDLS,Cloudy,0.16,9.42,0.2,37.1,72.4
2026-05-15 18:36:29,NDLS,Fog,0.47,5.91,0.1,13.2,70.1
2026-04-13 11:05:57,NDLS,Clear,0.11,9.29,0.3,18.7,46.1
2026-01-24 00:24:53,NDLS,Cloudy,0.16,8.66,0.4,35.0,45.4
2026-06-01 12:07:44,NDLS,Clear,0.27,6.99,1.3,13.1,72.0
2026-03-02 22:56:34,NDLS,Clear,0.08,9.93,0.1,35.0,71.9
2026-01-14 02:54:44,NDLS,Clear,0.32,7.54,0.2,44.1,60.9
2026-04-15 03:35:32,NDLS,Rain,0.42,5.37,7.9,18.6,65.0
2026-06-10 02:25:36,NDLS,Fog,0.64,4.95,0.8,27.7,80.6
2026-01-21 03:18:10,NDLS,Fog,0.71,4.64,0.7,34.1,71.4
2026-03-03 16:45:51,NDLS,Clear,0.19,8.62,0.3,25.0,70.0
2026-04-06 09:51:04,NDLS,Fog,0.58,4.47,0.8,29.2,68.1
2026-01-26 20:01:43,NDLS,Cloudy,0.14,9.42,1.0,33.1,27.9
2026-05-11 08:51:01,NDLS,Clear,0.35,6.63,1.3,28.9,78.8
2026-02-27 06:47:54,NDLS,Clear,0.38,6.7,1.1,35.7,61.2
2026-04-07 15:37:45,NDLS,Clear,0.22,8.01,1.3,20.1,67.3
2026-01-26 22:39:27,NDLS,Clear,0.03,9.58,0.6,32.4,68.1
2026-06-27 17:19:23,NDLS,Rain,0.3,5.9,4.5,26.0,72.4
2026-03-03 02:37:30,NDLS,Rain,0.24,7.24,6.9,30.2,49.4
2026-04-22 22:16:33,NDLS,Clear,0.16,8.07,1.0,6.6,50.1
2026-04-15 00:45:55,NDLS,Clear,0.09,9.02,1.3,15.0,52.7
2026-03-27 08:40:41,NDLS,Fog,0.51,6.19,1.0,18.9,63.4
2026-04-24 23:49:23,NDLS,Clear,0.24,8.2,1.0,13.1,100.0
2026-03-06 01:49:32,NDLS,Cloudy,0.68,4.39,1.2,25.9,72.7
2026-03-18 17:36:28,NDLS,Clear,0.57,6.12,1.1,21.5,71.5
2026-01-31 04:03:08,NDLS,Rain,0.23,7.14,6.1,35.0,63.6
2026-02-11 04:29:10,NDLS,Clear,0.39,6.43,1.2,28.4,73.8
2026-03-23 09:06:42,NDLS,Fog,1.0,2.27,0.5,20.8,85.6
2026-01-01 17:27:19,NDLS,Clear,0.25,7.78,1.5,24.5,93.4
2026-03-22 04:14:20,NDLS,Clear,0.52,5.43,1.2,30.5,73.0
2026-02-25 21:47:06,NDLS,Cloudy,0.26,7.54,1.5,19.6,41.5
2026-02-11 12:34:56,NDLS,Clear,0.34,7.12,0.8,37.0,54.4
2026-03-12 00:39:51,NDLS,Clear,0.26,7.61,0.4,40.9,75.8
2026-04-15 05:40:25,NDLS,Cloudy,0.17,8.57,0.4,12.0,97.9
2026-04-27 21:38:32,NDLS,Cloudy,0.24,7.47,0.8,18.4,73.1
2026-03-01 04:33:22,NDLS,Clear,0.3,6.76,0.3,36.2,46.9
2026-04-29 09:47:05,NDLS,Fog,0.76,2.94,1.2,36.1,85.9
2026-03-21 07:40:05,NDLS,Cloudy,0.05,9.4,1.5,26.3,57.0
2026-03-24 08:42:58,NDLS,Fog,0.81,3.56,0.7,33.8,79.9
2026-06-05 16:45:15,NDLS,Clear,0.28,7.56,0.3,13.5,64.9
2026-05-04 03:53:16,NDLS,Clear,0.34,6.63,0.3,10.0,61.3
2026-05-27 06:44:06,NDLS,Clear,0.21,9.13,0.6,5.0,79.4
2026-02-28 19:39:35,NDLS,Rain,0.29,6.93,17.9,17.7,24.9
2026-06-28 18:04:20,NDLS,Clear,0.26,7.58,0.2,33.5,97.8
2026-04-25 05:14:02,NDLS,Clear,0.42,6.1,0.1,34.6,47.8
2026-05-16 04:41:11,NDLS,Fog,0.58,5.38,0.1,26.3,88.1
2026-05-14 17:09:38,NDLS,Clear,0.12,9.75,1.0,30.1,100.0
2026-05-07 03:10:03,NDLS,Clear,0.26,7.86,1.2,30.7,78.5
2026-04-20 23:07:07,NDLS,Clear,0.4,6.87,1.3,25.5,66.5
2026-03-11 18:23:37,NDLS,Cloudy,0.18,8.05,1.5,32.6,67.3
2026-05-16 07:29:42,NDLS,Cloudy,0.5,6.54,0.8,22.3,65.1
2026-05-13 10:26:55,NDLS,Cloudy,0.13,8.93,1.2,16.4,83.0
2026-05-29 08:07:17,NDLS,Clear,0.19,7.98,1.5,30.4,72.7
2026-01-02 09:46:13,NDLS,Fog,0.42,6.04,0.5,27.2,58.0
2026-04-06 17:21:47,NDLS,Rain,0.48,4.92,5.4,24.3,54.7
2026-05-24 14:34:54,NDLS,Clear,0.14,8.63,0.9,12.3,69.6
2026-03-04 22:15:10,NDLS,Rain,0.26,6.03,13.1,15.9,73.1
2026-06-24 15:42:56,NDLS,Clear,0.51,5.9,0.8,25.9,51.8
2026-06-14 11:01:20,NDLS,Cloudy,0.3,7.51,0.5,18.2,65.6
2026-03-10 04:02:21,NDLS,Cloudy,0.14,8.74,0.2,29.0,30.3
2026-01-20 13:08:36,NDLS,Clear,0.34,6.69,0.5,26.2,60.4
2026-05-15 02:42:31,NDLS,Rain,0.13,7.67,12.3,34.2,70.7
2026-06-24 19:47:44,NDLS,Clear,0.57,5.1,0.7,26.6,70.6
2026-04-20 10:09:30,NDLS,Rain,0.13,8.21,8.8,30.8,32.7
2026-05-16 04:41:02,NDLS,Fog,0.68,3.88,0.7,32.0,34.5
2026-03-19 19:04:14,NDLS,Cloudy,0.12,8.43,1.5,37.9,76.0
2026-03-13 23:45:58,NDLS,Clear,0.11,9.33,1.5,25.6,51.1
2026-05-07 19:24:04,NDLS,Rain,0.36,5.69,5.4,23.9,61.7
2026-04-12 04:35:56,NDLS,Clear,0.19,8.38,0.3,29.0,87.8
2026-03-10 06:13:01,NDLS,Rain,0.49,5.25,8.9,18.1,62.6
2026-04-05 17:17:01,NDLS,Clear,0.27,8.11,1.0,19.3,56.5
2026-04-11 10:12:30,NDLS,Fog,0.44,6.17,1.2,23.5,53.9
2026-01-27 12:46:28,NDLS,Fog,1.0,2.2,1.3,33.7,56.6
2026-01-28 16:37:59,NDLS,Clear,0.06,9.76,0.7,9.9,77.0
2026-05-23 09:58:41,NDLS,Clear,0.3,7.28,0.6,29.1,76.5
2026-04-20 14:24:26,NDLS,Cloudy,0.12,9.16,1.5,23.4,47.0
2026-05-08 09:56:53,NDLS,Cloudy,0.1,8.51,0.5,25.1,56.5
2026-04-22 12:54:21,NDLS,Clear,0.24,7.94,0.3,14.8,51.2
2026-04-12 05:28:30,NDLS,Clear,0.21,7.53,0.2,24.1,86.4
2026-03-04 17:51:00,NDLS,Cloudy,0.39,6.27,0.9,27.9,43.4
2026-03-23 20:34:21,NDLS,Clear,0.04,10.07,1.0,10.5,47.3
2026-01-18 09:21:15,NDLS,Clear,0.17,9.03,0.7,14.3,42.6
2026-03-27 10:55:27,NDLS,Clear,0.23,8.38,1.1,26.0,63.0
2026-05-01 10:33:09,NDLS,Clear,0.36,7.11,0.4,20.8,75.6
2026-06-15 13:55:49,NDLS,Clear,0.12,9.35,0.1,8.6,98.5
2026-04-22 06:46:55,NDLS,Clear,0.45,5.32,0.1,29.5,69.3
2026-02-16 16:37:21,NDLS,Clear,0.07,9.76,1.0,14.0,60.6
2026-01-28 02:21:29,NDLS,Clear,0.06,9.82,1.2,20.8,57.1
2026-03-27 13:38:08,NDLS,Cloudy,0.11,9.5,0.3,20.0,51.3
2026-04-19 07:40:52,NDLS,Rain,0.36,5.99,15.0,25.1,78.9
2026-01-22 02:19:37,NDLS,Clear,0.27,8.58,0.7,22.3,67.3
2026-05-10 06:57:12,NDLS,Clear,0.54,6.12,1.1,14.6,85.9
2026-06-10 03:49:48,NDLS,Clear,0.45,6.11,1.0,19.2,88.1
2026-06-04 07:11:42,NDLS,Cloudy,0.31,7.86,0.3,21.7,85.0
2026-06-24 23:50:47,NDLS,Clear,0.33,8.35,0.1,35.2,79.8
2026-04-01 19:58:41,NDLS,Cloudy,0.35,7.59,0.0,31.0,68.5
2026-03-11 12:31:29,NDLS,Clear,0.02,9.62,0.9,14.3,59.0
2026-04-04 14:23:11,NDLS,Fog,1.0,1.37,0.6,20.1,54.6
2026-06-26 00:44:56,NDLS,Cloudy,0.53,5.71,0.7,36.0,62.7
2026-01-19 06:21:46,NDLS,Rain,0.21,7.65,5.0,15.1,81.6
2026-03-24 13:03:28,NDLS,Clear,0.2,8.56,1.1,39.0,68.8
2026-05-24 06:50:02,NDLS,Clear,0.12,9.27,1.0,28.8,42.1
2026-01-09 03:26:25,NDLS,Clear,0.43,5.72,1.3,20.0,48.0
2026-03-30 15:50:31,NDLS,Clear,0.21,7.98,0.1,25.9,69.7
2026-01-08 14:35:51,NDLS,Clear,0.24,8.28,0.6,18.9,67.7
2026-06-24 10:22:10,NDLS,Cloudy,0.28,7.12,0.5,33.8,56.9
2026-03-24 14:17:23,NDLS,Clear,0.25,8.04,0.9,25.4,26.5
2026-02-19 15:10:06,NDLS,Fog,0.89,2.78,1.3,11.4,60.4
2026-03-13 15:28:46,NDLS,Clear,0.12,9.02,0.6,15.5,62.7
2026-05-13 17:28:53,NDLS,Clear,0.21,8.18,0.8,26.3,43.9
2026-01-03 18:45:51,NDLS,Clear,0.21,7.68,1.3,20.9,66.7
2026-02-17 09:13:53,NDLS,Clear,0.05,8.86,0.5,14.7,56.2
2026-03-02 18:49:14,NDLS,Fog,0.56,4.71,0.6,38.1,59.0
2026-01-03 09:14:43,NDLS,Clear,0.51,5.76,0.5,34.8,88.5
2026-06-25 12:34:18,NDLS,Clear,0.33,6.78,0.5,23.4,71.5
2026-02-02 10:05:21,NDLS,Clear,0.2,8.13,0.3,17.0,76.2
2026-01-29 22:55:30,NDLS,Rain,0.29,6.19,11.7,11.0,56.7
2026-06-19 10:47:09,NDLS,Fog,0.61,4.45,0.8,19.7,93.1
2026-05-10 18:24:06,NDLS,Cloudy,0.1,9.47,0.1,15.6,80.9
2026-06-11 03:15:56,NDLS,Cloudy,0.2,7.69,0.3,39.3,72.2
2026-04-23 17:01:49,NDLS,Cloudy,0.6,4.53,0.5,24.0,76.7
2026-06-17 18:34:21,NDLS,Clear,0.4,6.86,0.4,25.6,52.5
2026-01-29 13:06:01,NDLS,Fog,0.44,6.49,1.2,17.0,65.1
2026-03-09 02:29:06,NDLS,Clear,0.2,8.14,0.3,29.6,57.4
2026-02-18 04:36:14,NDLS,Clear,0.43,6.32,0.8,28.7,61.6
2026-05-20 08:10:55,NDLS,Rain,0.43,5.43,10.9,24.4,75.7
2026-01-17 12:38:38,NDLS,Clear,0.31,7.41,1.2,26.7,82.3
2026-01-05 16:47:19,NDLS,Clear,0.46,5.53,1.5,22.7,92.8
2026-06-09 03:22:07,NDLS,Clear,0.58,4.55,0.3,24.9,54.0
2026-01-05 08:39:05,NDLS,Clear,0.24,7.6,0.3,20.9,66.0
2026-05-25 06:24:54,NDLS,Fog,0.84,3.06,1.3,19.5,94.9
2026-05-05 04:37:19,NDLS,Fog,0.83,3.17,0.6,21.6,77.8
2026-03-18 12:25:08,NDLS,Fog,0.43,6.86,0.6,27.2,46.6
2026-02-28 06:21:09,NDLS,Clear,0.4,6.43,0.0,27.1,94.4
2026-04-14 16:00:31,NDLS,Clear,0.01,9.74,1.3,22.9,46.6
2026-02-28 16:10:45,NDLS,Clear,0.22,7.9,1.4,28.5,48.3
2026-01-05 12:04:02,NDLS,Clear,0.1,9.29,0.9,26.5,53.5
2026-06-13 11:49:11,NDLS,Clear,0.13,7.57,0.3,29.7,48.9
2026-01-28 22:11:57,NDLS,Rain,0.67,3.5,10.8,31.0,64.5
2026-01-16 11:33:15,NDLS,Clear,0.31,6.72,0.7,23.2,67.6
2026-06-30 02:34:54,NDLS,Clear,0.23,7.85,1.3,29.7,50.9
2026-06-17 15:17:46,NDLS,Cloudy,0.17,8.53,1.4,27.5,87.7
2026-01-20 20:36:25,NDLS,Clear,0.19,8.75,1.2,30.4,43.9
2026-05-20 20:20:01,NDLS,Clear,0.08,10.23,0.6,4.1,45.1
2026-03-20 07:55:39,NDLS,Cloudy,0.3,7.9,0.5,28.7,65.3
2026-04-10 13:03:30,NDLS,Clear,0.11,10.03,0.5,23.9,58.8
2026-06-14 13:41:37,NDLS,Clear,0.22,8.54,0.5,20.2,77.6
2026-01-30 12:45:35,NDLS,Clear,0.24,8.02,0.4,19.4,64.5
2026-05-18 16:45:37,NDLS,Cloudy,0.19,8.63,0.8,44.7,99.9
2026-04-14 18:44:47,NDLS,Cloudy,0.3,7.5,1.0,23.3,75.8
2026-04-03 13:00:30,NDLS,Cloudy,0.32,6.95,0.2,20.6,50.2
2026-06-04 06:28:20,NDLS,Cloudy,0.11,8.61,1.3,25.8,61.7
2026-02-25 05:37:11,NDLS,Clear,0.45,5.65,0.4,18.8,56.3
2026-01-28 23:15:05,NDLS,Clear,0.04,9.31,0.4,37.5,38.3
2026-01-06 17:51:18,NDLS,Cloudy,0.16,8.62,0.3,29.6,49.1
2026-06-30 06:13:26,NDLS,Clear,0.44,6.9,0.8,29.8,58.6
2026-01-25 00:42:14,NDLS,Clear,0.47,5.25,1.1,42.7,81.6
2026-03-03 11:45:37,NDLS,Cloudy,0.27,7.77,0.5,25.5,55.5
2026-01-24 21:35:46,NDLS,Cloudy,0.21,8.33,0.5,20.4,51.6
2026-04-18 00:27:13,NDLS,Clear,0.22,9.08,0.3,18.4,92.5
2026-03-11 03:38:43,NDLS,Clear,0.25,7.64,0.1,29.0,66.4
2026-03-22 15:20:06,NDLS,Clear,0.23,7.59,0.3,26.6,65.2
2026-04-12 09:59:54,NDLS,Clear,0.66,4.91,0.6,12.7,70.8
2026-04-10 11:53:17,NDLS,Rain,0.16,7.7,13.2,39.9,86.2
2026-06-28 18:20:09,NDLS,Rain,0.23,7.0,11.8,24.6,80.2
2026-06-30 22:20:14,NDLS,Rain,0.23,6.57,19.9,15.8,67.6
2026-04-07 20:28:28,NDLS,Clear,0.1,9.66,1.1,33.8,62.0
2026-06-26 01:44:03,NDLS,Clear,0.51,5.24,1.1,19.7,58.2
2026-05-22 00:30:31,NDLS,Fog,0.54,5.18,0.9,6.4,77.6
2026-01-11 19:40:59,NDLS,Clear,0.34,7.49,1.3,17.1,43.3
2026-01-02 01:44:23,NDLS,Clear,0.31,7.67,0.7,21.5,24.2
2026-04-06 01:52:32,NDLS,Fog,0.8,3.3,0.8,12.0,50.1
2026-05-19 21:42:15,NDLS,Clear,0.14,9.0,0.9,23.9,72.7
2026-02-03 17:53:12,NDLS,Clear,0.29,7.64,0.0,28.0,66.5
2026-06-22 02:35:44,NDLS,Clear,0.42,7.1,0.3,33.2,54.3
2026-02-21 08:04:32,NDLS,Clear,0.27,7.43,1.3,23.2,65.6
2026-06-12 12:46:00,NDLS,Fog,0.68,4.64,1.4,23.5,100.0
2026-02-27 10:30:37,NDLS,Rain,0.26,6.01,4.1,26.2,81.6
2026-02-18 01:20:56,NDLS,Fog,0.75,3.17,1.5,13.7,70.6
2026-04-12 21:32:37,NDLS,Clear,0.24,8.04,1.4,25.1,81.0
2026-01-01 06:11:21,NDLS,Clear,0.01,9.69,1.3,29.3,42.2
2026-03-22 00:08:27,NDLS,Rain,0.24,6.45,11.4,13.4,43.0
2026-04-25 16:30:41,NDLS,Clear,0.2,7.85,1.2,13.0,100.0
2026-03-03 04:43:59,NDLS,Clear,0.03,9.89,0.1,29.4,79.4
2026-06-26 03:32:20,NDLS,Clear,0.46,6.27,0.6,21.9,100.0
2026-03-02 22:44:07,NDLS,Rain,0.21,7.22,13.1,26.7,89.1
2026-04-07 16:03:07,NDLS,Clear,0.28,6.54,0.3,45.8,35.6
2026-05-24 15:29:45,NDLS,Clear,0.27,7.46,0.5,13.2,53.2
2026-03-02 23:38:53,NDLS,Clear,0.7,4.2,0.6,28.8,78.0
2026-03-24 10:04:19,NDLS,Fog,0.47,6.08,0.4,28.2,74.8
2026-02-16 02:10:49,NDLS,Clear,0.38,6.52,1.1,12.6,76.0
2026-05-27 20:20:10,NDLS,Clear,0.1,9.13,0.5,20.4,67.7
2026-04-28 01:14:19,NDLS,Clear,0.54,5.0,0.9,6.1,78.0
2026-05-17 03:01:02,NDLS,Clear,0.32,7.66,0.3,30.1,73.0
2026-03-21 09:51:00,NDLS,Fog,0.72,4.79,0.7,20.0,97.1
2026-01-09 21:10:09,NDLS,Fog,0.62,4.86,1.5,30.2,83.5
2026-03-17 08:32:06,NDLS,Clear,0.78,2.96,1.5,10.6,62.1
2026-01-04 15:56:53,NDLS,Cloudy,0.29,8.09,0.9,39.3,100.0
2026-06-21 19:48:43,NDLS,Clear,0.35,7.12,1.0,29.6,88.7
2026-01-18 19:59:59,NDLS,Clear,0.29,7.1,1.3,17.8,71.8
2026-04-27 08:12:22,NDLS,Clear,0.14,8.35,0.7,17.1,31.8
2026-03-17 22:13:46,NDLS,Cloudy,0.22,8.06,0.1,15.0,74.9
2026-01-02 19:30:42,NDLS,Rain,0.24,7.1,12.7,36.2,76.8
2026-04-07 19:58:56,NDLS,Cloudy,0.22,7.9,0.8,15.3,100.0
2026-05-09 20:00:15,NDLS,Clear,0.37,7.06,0.8,13.3,53.6
2026-06-29 07:23:32,NDLS,Clear,0.3,7.46,0.1,37.9,79.4
2026-05-22 07:07:30,NDLS,Clear,0.19,8.82,1.2,28.0,59.5
2026-05-15 20:50:02,NDLS,Fog,0.72,4.16,1.5,29.6,100.0
2026-06-15 05:01:17,NDLS,Clear,0.19,8.71,1.4,19.6,49.9
2026-02-26 17:47:34,NDLS,Rain,0.31,6.37,5.8,10.1,58.3
2026-06-03 14:31:01,NDLS,Clear,0.29,7.92,0.6,29.3,65.5
2026-06-22 03:01:13,NDLS,Rain,0.44,5.05,15.3,19.2,77.6
2026-05-14 07:16:08,NDLS,Clear,0.28,8.12,1.0,22.8,41.6
2026-01-18 20:16:11,NDLS,Clear,0.22,8.16,0.3,10.8,77.5
2026-06-08 10:34:50,NDLS,Fog,0.78,3.3,1.4,14.6,100.0
2026-02-16 17:54:03,NDLS,Fog,0.49,6.61,0.5,35.0,44.0
2026-06-17 11:49:57,NDLS,Clear,0.27,7.41,0.0,15.4,54.4
2026-06-20 07:38:21,NDLS,Clear,0.48,6.46,1.5,25.1,64.5
2026-04-12 16:21:27,NDLS,Clear,0.07,9.67,0.3,30.5,45.7
2026-01-07 22:17:49,NDLS,Clear,0.47,6.0,0.5,29.4,100.0
2026-01-23 18:21:03,NDLS,Cloudy,0.3,7.89,1.3,18.6,66.8
2026-01-15 14:24:22,NDLS,Fog,0.7,3.96,1.0,20.2,88.9
2026-01-02 23:25:04,NDLS,Cloudy,0.46,6.14,0.3,15.9,64.9
2026-01-21 16:53:01,NDLS,Rain,0.15,7.28,13.3,40.7,70.6
2026-06-06 10:09:43,NDLS,Clear,0.2,8.47,0.7,29.6,100.0
2026-02-14 02:52:46,NDLS,Clear,0.41,7.34,0.8,24.8,86.4
2026-06-06 23:55:32,NDLS,Clear,0.13,8.66,0.8,41.4,62.7
2026-06-15 05:43:49,NDLS,Clear,0.59,4.21,1.1,18.9,69.0
2026-01-06 13:48:09,NDLS,Rain,0.05,8.2,2.7,36.0,38.8
2026-01-09 13:53:27,NDLS,Clear,0.25,7.76,1.0,24.8,56.5
2026-01-11 01:37:38,NDLS,Clear,0.69,4.47,0.0,32.1,97.3
2026-03-01 06:10:49,NDLS,Fog,0.53,5.43,1.1,16.4,54.8
2026-02-17 23:35:46,NDLS,Rain,0.31,5.7,9.8,36.5,70.5
2026-03-02 05:44:27,NDLS,Clear,0.11,8.66,1.3,10.1,95.1
2026-02-27 19:33:48,NDLS,Rain,0.59,3.73,9.4,22.2,54.2
2026-05-21 00:30:31,NDLS,Fog,0.59,5.19,0.2,16.0,66.8
2026-06-27 10:02:20,NDLS,Cloudy,0.68,4.48,1.2,19.2,87.2
2026-02-01 01:37:01,NDLS,Rain,0.15,7.14,3.0,24.7,51.7
2026-01-04 08:34:43,NDLS,Rain,0.23,6.42,10.2,22.8,37.7
2026-04-06 20:00:44,NDLS,Clear,0.23,8.19,0.5,22.2,59.8
2026-05-16 12:18:55,NDLS,Fog,0.66,4.09,1.1,16.8,33.8
2026-05-06 06:35:58,NDLS,Clear,0.12,9.48,1.2,35.7,56.0
2026-03-12 09:30:39,NDLS,Rain,0.21,6.42,2.7,23.2,90.1
2026-04-10 03:20:52,NDLS,Rain,0.29,6.11,10.6,25.5,40.3
2026-04-16 00:23:38,NDLS,Cloudy,0.32,7.27,0.7,20.9,74.2
2026-02-19 23:56:00,NDLS,Rain,0.27,5.93,16.5,24.8,71.7
2026-05-22 01:10:51,NDLS,Clear,0.41,6.71,1.2,13.4,58.6
2026-01-05 18:19:03,NDLS,Clear,0.49,5.66,0.2,27.3,61.5
2026-04-23 11:37:28,NDLS,Clear,0.39,7.12,1.1,16.4,80.1
2026-03-14 22:57:43,NDLS,Clear,0.22,8.4,1.3,28.5,77.8
2026-03-17 16:05:12,NDLS,Rain,0.71,1.97,11.5,12.1,100.0
2026-04-16 16:10:13,NDLS,Clear,0.49,6.19,0.3,35.2,90.7
2026-04-06 07:16:22,NDLS,Clear,0.44,6.52,1.2,20.6,53.3
2026-05-04 13:46:53,NDLS,Clear,0.1,9.79,1.5,31.0,55.6
2026-02-13 11:01:27,NDLS,Clear,0.09,8.21,0.6,38.5,100.0
2026-03-22 21:37:33,NDLS,Clear,0.37,6.97,0.6,28.6,70.3
2026-05-31 04:21:35,NDLS,Clear,0.17,9.75,0.4,12.8,42.5
2026-02-15 15:05:50,NDLS,Clear,0.43,6.7,1.0,21.0,71.2
2026-04-25 19:17:46,NDLS,Clear,0.48,6.14,0.9,25.4,73.1
2026-06-07 06:48:14,NDLS,Cloudy,0.54,5.34,0.9,21.4,60.3
2026-06-17 15:21:12,NDLS,Clear,0.1,8.43,0.8,14.9,66.8
2026-03-21 13:54:35,NDLS,Rain,0.17,7.17,13.5,31.3,59.7
2026-03-06 02:53:46,NDLS,Clear,0.49,6.74,1.0,28.3,100.0
2026-06-09 07:48:24,NDLS,Cloudy,0.44,5.92,0.8,40.8,64.8
2026-04-30 01:05:38,NDLS,Clear,0.53,6.23,1.2,32.9,72.9
2026-06-17 02:49:59,NDLS,Clear,0.23,7.65,0.3,24.9,53.1
2026-04-11 14:38:40,NDLS,Rain,0.19,6.76,9.2,23.3,67.4
2026-01-07 04:34:43,NDLS,Clear,0.25,7.79,0.5,30.6,92.9
2026-01-16 22:39:33,NDLS,Clear,0.31,7.48,0.5,22.9,48.0
2026-03-13 09:29:44,NDLS,Cloudy,0.46,6.8,1.0,27.3,70.0
2026-04-06 21:10:09,NDLS,Clear,0.72,4.27,1.0,15.0,90.3
2026-04-23 02:41:01,NDLS,Clear,0.25,8.73,0.7,27.0,65.5
2026-03-22 11:53:39,NDLS,Rain,0.13,8.49,9.3,16.6,45.8
2026-03-10 07:41:12,NDLS,Fog,0.82,3.42,0.3,29.1,82.5
2026-03-08 03:40:46,NDLS,Fog,0.49,5.48,1.0,25.4,77.5
2026-04-23 11:06:22,NDLS,Cloudy,0.52,5.85,1.1,3.3,89.5
2026-06-04 08:32:22,NDLS,Clear,0.11,8.99,0.0,28.2,34.4
2026-01-23 16:27:10,NDLS,Rain,0.53,4.49,11.1,24.3,89.3
2026-06-05 22:34:56,NDLS,Clear,0.42,7.19,0.2,17.6,61.4
2026-01-13 00:05:06,NDLS,Clear,0.37,6.61,1.5,25.0,52.6
2026-04-01 17:54:32,NDLS,Rain,0.15,7.18,16.1,19.8,40.4
2026-06-19 00:08:00,NDLS,Cloudy,0.41,6.09,1.1,29.5,70.5
2026-05-15 23:16:15,NDLS,Rain,0.09,7.34,4.3,25.3,96.0
2026-05-12 19:54:36,NDLS,Fog,0.7,3.66,1.1,34.5,71.2
2026-03-16 04:02:59,NDLS,Clear,0.22,8.12,0.1,31.4,57.6
2026-05-07 13:33:10,NDLS,Rain,0.36,5.41,8.4,24.7,54.7
2026-05-07 11:59:08,NDLS,Clear,0.08,9.85,0.2,13.6,59.6
2026-05-08 07:31:11,NDLS,Clear,0.46,5.04,0.5,20.7,96.0
2026-06-02 10:29:11,NDLS,Clear,0.29,6.44,0.9,29.2,58.0
2026-05-07 10:55:26,NDLS,Cloudy,0.23,7.27,1.1,17.4,82.5
2026-05-17 04:04:46,NDLS,Clear,0.32,6.72,0.0,26.1,53.9
2026-02-20 03:51:42,NDLS,Clear,0.2,7.58,1.1,25.8,59.6
2026-01-02 00:16:23,NDLS,Clear,0.15,8.1,0.5,18.5,68.6
2026-02-24 04:14:05,NDLS,Clear,0.47,6.1,1.3,21.9,84.8
2026-04-18 00:57:41,NDLS,Cloudy,0.24,8.52,1.4,6.9,86.0
2026-02-28 09:08:13,NDLS,Clear,0.26,7.35,0.4,21.1,34.7
2026-05-19 11:26:07,NDLS,Fog,0.47,6.36,1.4,23.6,72.9
2026-01-14 00:19:49,NDLS,Clear,0.14,8.6,0.3,19.4,82.6
2026-06-08 14:31:55,NDLS,Clear,0.17,7.55,1.2,23.0,51.9
2026-06-30 22:35:51,NDLS,Clear,0.57,4.6,1.3,22.0,55.5
2026-03-03 11:19:28,NDLS,Rain,0.33,6.23,17.7,22.5,66.6
2026-03-04 01:16:15,NDLS,Cloudy,0.15,9.69,1.2,22.1,70.5
2026-02-15 18:10:36,NDLS,Clear,0.2,8.08,0.0,-0.4,69.9
2026-03-28 14:50:23,NDLS,Fog,0.63,4.34,1.3,17.9,61.2
2026-03-23 20:07:44,NDLS,Fog,0.68,3.2,0.5,33.4,32.4
2026-02-07 01:33:12,NDLS,Rain,0.51,4.26,1.9,23.9,58.4
2026-02-06 04:01:17,NDLS,Clear,0.19,8.51,1.0,10.6,76.6
2026-01-17 09:43:29,NDLS,Clear,0.18,9.02,0.1,22.5,42.0
2026-01-21 05:15:04,NDLS,Fog,0.55,5.16,0.8,21.1,74.0
2026-04-20 04:22:10,NDLS,Clear,0.25,8.89,0.9,21.8,100.0
2026-06-13 10:33:23,NDLS,Clear,0.16,8.24,1.4,26.3,87.7
2026-04-24 22:52:58,NDLS,Clear,0.31,7.59,1.5,27.3,40.0
2026-05-16 03:23:10,NDLS,Clear,0.27,8.29,0.6,28.4,59.6
2026-01-18 00:37:31,NDLS,Clear,0.26,7.32,0.9,35.7,80.7
2026-06-10 14:03:42,NDLS,Rain,0.19,7.94,11.9,27.6,41.4
2026-02-28 16:36:16,NDLS,Clear,0.35,7.62,0.5,25.6,87.3
2026-03-26 02:03:07,NDLS,Clear,0.28,8.05,0.5,15.6,78.5
2026-02-13 10:09:18,NDLS,Cloudy,0.57,4.96,1.2,25.2,54.7
2026-06-23 16:10:42,NDLS,Clear,0.37,7.07,1.1,20.2,96.8
2026-01-22 15:42:18,NDLS,Rain,0.72,3.21,20.8,25.9,86.6
2026-02-09 05:31:05,NDLS,Rain,0.18,7.24,9.3,29.3,61.8
2026-05-24 00:40:37,NDLS,Clear,0.6,4.6,0.5,11.4,68.8
2026-03-10 22:04:48,NDLS,Clear,0.58,5.6,0.8,11.7,64.8
2026-06-19 18:07:27,NDLS,Clear,0.32,7.44,0.9,26.2,100.0
2026-03-02 21:40:51,NDLS,Cloudy,0.07,9.9,1.3,16.5,78.5
2026-05-17 15:19:56,NDLS,Clear,0.41,7.09,0.6,29.1,42.7
2026-01-27 02:26:25,NDLS,Rain,0.29,6.57,6.0,32.3,93.8
2026-05-01 10:35:45,NDLS,Cloudy,0.37,6.36,0.3,18.4,59.6
2026-06-04 07:56:26,NDLS,Cloudy,0.18,8.02,1.2,24.7,75.6
2026-03-18 01:47:07,NDLS,Clear,0.11,9.04,1.3,35.6,49.2
2026-05-15 08:24:58,NDLS,Fog,0.8,3.2,0.1,21.1,85.4
2026-05-13 06:30:51,NDLS,Clear,0.09,9.26,1.1,18.3,57.2
2026-05-21 09:32:13,NDLS,Clear,0.21,8.41,0.3,21.1,56.9
2026-02-05 07:29:21,NDLS,Rain,0.18,6.82,10.1,30.0,70.4
2026-01-27 15:44:33,NDLS,Clear,0.14,9.31,1.3,25.3,31.3
2026-06-17 20:27:38,NDLS,Clear,0.05,9.06,1.1,26.5,58.6
2026-04-23 19:18:33,NDLS,Cloudy,0.36,7.59,1.3,19.4,59.6
2026-04-26 20:26:32,NDLS,Clear,0.18,8.45,1.2,17.1,99.9
2026-04-18 01:35:18,NDLS,Cloudy,0.22,7.59,1.4,16.9,47.4
2026-03-15 02:55:28,NDLS,Clear,0.25,7.34,0.4,19.3,78.2
2026-05-20 19:38:19,NDLS,Clear,0.65,4.6,0.8,24.8,73.6
2026-04-14 12:28:44,NDLS,Clear,0.33,8.0,1.0,42.0,42.9
2026-04-24 01:55:56,NDLS,Cloudy,0.07,8.55,0.1,20.3,65.7
2026-03-23 17:49:25,NDLS,Rain,0.18,7.83,14.0,17.7,80.3
2026-02-13 10:24:37,NDLS,Rain,0.17,7.65,8.6,10.7,94.4
2026-04-09 19:49:25,NDLS,Fog,0.87,3.14,1.3,26.0,69.6
2026-06-07 09:49:06,NDLS,Rain,0.26,6.51,15.6,14.3,100.0
2026-02-28 22:04:31,NDLS,Fog,0.52,5.6,0.9,30.6,45.8
2026-04-02 02:42:38,NDLS,Clear,0.25,7.49,1.2,28.2,55.0
2026-05-14 02:33:14,NDLS,Clear,0.32,7.63,0.6,6.6,50.1
2026-01-04 15:48:35,NDLS,Cloudy,0.25,8.24,0.1,16.4,84.8
2026-05-25 22:15:11,NDLS,Clear,0.29,7.08,0.7,32.6,44.3
2026-04-01 22:08:31,NDLS,Clear,0.23,8.31,0.8,19.5,35.6
2026-01-23 18:16:06,NDLS,Clear,0.39,6.79,0.1,20.4,95.2
2026-04-22 05:39:31,NDLS,Clear,0.33,6.47,0.1,32.8,67.2
2026-03-22 20:08:14,NDLS,Clear,0.08,9.45,0.0,16.0,32.7
2026-03-04 23:51:29,NDLS,Cloudy,0.3,7.08,1.4,29.2,87.3
2026-01-23 18:18:36,NDLS,Clear,0.53,4.55,1.3,15.3,68.8
2026-02-10 02:24:22,NDLS,Clear,0.21,7.96,0.5,12.2,44.4
2026-01-06 10:38:17,NDLS,Fog,0.56,4.75,0.9,34.7,89.5
2026-04-30 04:03:32,NDLS,Rain,0.53,4.08,13.5,23.0,55.3
2026-01-06 06:41:45,NDLS,Clear,0.47,6.77,1.3,25.3,39.2
2026-05-11 23:13:59,NDLS,Clear,0.27,7.06,0.5,27.5,47.8
2026-02-06 02:46:44,NDLS,Rain,0.12,7.73,10.4,16.4,66.3
2026-01-15 19:16:31,NDLS,Rain,0.31,6.21,5.6,33.5,68.1
2026-04-05 02:50:55,NDLS,Cloudy,0.17,8.97,1.1,34.3,52.9
2026-01-12 10:56:14,NDLS,Cloudy,0.41,6.98,1.1,21.4,73.3
2026-04-07 16:03:42,NDLS,Cloudy,0.07,8.89,0.9,17.1,77.2
2026-01-18 16:21:18,NDLS,Cloudy,0.18,7.76,1.1,42.2,45.4
2026-04-14 06:45:16,NDLS,Clear,0.16,8.33,0.4,30.6,61.6
2026-03-03 14:26:46,NDLS,Clear,0.14,9.04,0.2,32.4,50.2
2026-05-10 17:52:12,NDLS,Clear,0.25,7.77,0.5,22.4,67.1
2026-05-30 19:12:24,NDLS,Cloudy,0.51,5.54,1.2,17.4,48.8
2026-03-21 18:45:26,NDLS,Cloudy,0.16,9.09,1.3,32.5,51.1
2026-01-09 22:28:57,NDLS,Clear,0.56,5.47,0.7,30.6,71.5
2026-01-24 13:05:34,NDLS,Rain,0.1,8.29,3.6,35.6,35.2
2026-01-03 22:11:43,NDLS,Fog,0.82,2.99,1.4,35.4,85.6
2026-05-25 21:12:51,NDLS,Cloudy,0.06,9.05,0.2,29.7,45.0
2026-03-02 01:22:47,NDLS,Cloudy,0.06,8.75,0.8,21.4,61.8
2026-02-12 06:03:47,NDLS,Clear,0.15,8.8,1.0,28.7,100.0
2026-01-15 04:02:16,NDLS,Clear,0.36,6.96,0.9,24.9,53.2
2026-03-13 06:29:29,NDLS,Clear,0.19,8.14,1.2,18.9,56.8
2026-03-30 17:23:55,NDLS,Clear,0.07,9.53,0.9,32.6,56.8
2026-02-23 10:16:14,NDLS,Rain,0.62,3.51,3.0,18.2,100.0
2026-06-26 21:53:30,NDLS,Rain,0.29,5.9,3.7,13.8,56.1
2026-03-04 00:35:52,NDLS,Fog,0.83,3.39,0.7,33.7,74.9
2026-01-19 11:14:38,NDLS,Clear,0.47,6.44,1.1,18.2,89.5
2026-02-18 08:15:04,NDLS,Rain,0.59,4.33,2.7,5.9,66.2
2026-06-19 13:07:16,NDLS,Cloudy,0.12,9.38,0.3,10.2,36.8
2026-03-09 08:57:22,NDLS,Fog,0.63,5.19,0.9,13.0,49.8
2026-01-04 00:13:29,NDLS,Clear,0.32,7.26,0.5,26.5,64.8
2026-03-13 14:54:31,NDLS,Clear,0.45,5.52,0.0,33.7,79.1
2026-01-08 15:54:59,NDLS,Clear,0.17,8.06,0.7,32.4,51.0
2026-03-17 14:52:04,NDLS,Cloudy,0.17,8.62,1.1,20.9,74.2
2026-04-06 10:02:33,NDLS,Cloudy,0.42,6.88,0.9,42.6,69.8
2026-06-07 04:23:00,NDLS,Clear,0.36,7.19,0.2,18.4,66.7
2026-02-22 05:21:39,NDLS,Fog,0.47,6.06,0.8,22.9,82.9
2026-03-28 09:05:13,NDLS,Cloudy,0.17,8.76,0.3,12.7,86.3
2026-06-26 19:50:57,NDLS,Cloudy,0.58,5.12,0.6,28.8,80.4
2026-01-12 21:43:08,NDLS,Clear,0.34,7.05,1.4,47.6,72.0
2026-04-21 02:22:15,NDLS,Clear,0.27,7.77,0.7,23.7,40.7
2026-03-12 10:22:48,NDLS,Clear,0.2,8.37,0.9,29.4,43.1
2026-06-02 01:08:11,NDLS,Clear,0.29,7.72,0.4,2.2,47.5
2026-01-22 08:38:55,NDLS,Clear,0.23,7.33,0.4,19.9,56.8
2026-04-02 06:44:41,NDLS,Cloudy,0.14,9.63,0.7,20.5,44.0
2026-01-18 14:11:11,NDLS,Clear,0.49,6.17,0.2,24.0,29.8
2026-06-05 00:11:58,NDLS,Clear,0.06,10.25,0.2,30.3,65.7
2026-03-25 14:58:11,NDLS,Clear,0.35,6.78,1.4,21.5,89.1
2026-02-23 22:31:11,NDLS,Rain,0.28,6.09,13.0,26.7,78.4
2026-06-19 13:59:41,NDLS,Cloudy,0.02,10.1,0.8,17.0,68.8
2026-02-17 12:11:03,NDLS,Cloudy,0.43,5.81,1.2,15.4,57.6
2026-02-12 15:52:16,NDLS,Clear,0.15,9.1,0.0,23.9,72.3
2026-04-16 01:55:17,NDLS,Clear,0.24,8.4,0.3,18.3,39.9
2026-01-15 22:01:04,NDLS,Rain,0.21,6.82,4.3,16.3,74.7
2026-05-11 09:43:33,NDLS,Cloudy,0.21,8.66,1.4,34.8,35.1
2026-02-06 15:14:10,NDLS,Clear,0.3,7.65,1.2,17.1,49.2
2026-04-14 13:19:05,NDLS,Clear,0.17,9.01,0.6,29.3,74.6
2026-05-06 06:53:11,NDLS,Clear,0.09,9.15,0.2,23.1,24.4
2026-02-20 12:57:37,NDLS,Clear,0.35,7.14,0.9,29.7,81.0
2026-04-26 17:12:09,NDLS,Clear,0.2,7.79,0.7,20.0,69.1
2026-04-23 00:22:32,NDLS,Fog,0.55,5.65,0.6,36.5,51.3
2026-02-06 00:53:33,NDLS,Clear,0.22,7.25,1.3,7.6,69.5
2026-03-30 08:14:40,NDLS,Clear,0.35,6.96,0.6,45.5,56.8
2026-01-25 11:10:34,NDLS,Cloudy,0.23,8.41,0.1,27.3,57.4
2026-02-23 08:02:12,NDLS,Clear,0.04,9.5,0.3,16.8,59.3
2026-04-11 12:32:24,NDLS,Cloudy,0.58,4.61,0.5,24.2,64.0
2026-01-21 08:11:01,NDLS,Clear,0.14,9.14,0.1,3.9,65.2
2026-04-26 19:41:43,NDLS,Clear,0.27,8.07,1.4,32.6,40.7
2026-06-11 05:44:21,NDLS,Clear,0.19,8.77,0.1,31.3,50.9
2026-01-05 23:58:17,NDLS,Clear,0.56,5.18,1.2,20.5,66.6
2026-04-24 06:58:35,NDLS,Cloudy,0.22,8.89,1.3,21.1,43.9
2026-01-16 19:46:22,NDLS,Clear,0.49,6.25,0.3,29.0,76.6
2026-03-06 18:55:56,NDLS,Cloudy,0.21,8.57,0.1,20.2,64.3
2026-02-28 21:49:21,NDLS,Clear,0.2,8.51,1.3,31.0,46.6
2026-01-20 09:07:59,NDLS,Rain,0.4,5.72,14.9,26.4,36.1
2026-01-04 23:40:44,NDLS,Cloudy,0.47,5.75,1.2,35.2,83.4
2026-04-11 13:01:32,NDLS,Cloudy,0.08,9.63,1.3,40.5,53.9
2026-05-23 02:24:10,NDLS,Fog,0.48,5.5,1.0,27.6,32.7
2026-02-20 08:30:56,NDLS,Clear,0.27,8.15,1.3,15.7,71.0
2026-03-13 04:38:12,NDLS,Clear,0.33,7.35,1.0,10.9,84.8
2026-03-21 05:15:50,NDLS,Fog,0.58,5.42,1.4,26.4,79.2
2026-01-08 01:39:25,NDLS,Clear,0.14,8.62,0.7,32.2,56.9
2026-02-11 00:08:23,NDLS,Cloudy,0.56,5.01,0.6,17.6,66.5
2026-03-06 13:27:20,NDLS,Clear,0.15,7.89,1.2,17.7,84.4
2026-03-27 15:06:36,NDLS,Clear,0.49,6.19,0.5,14.7,52.2
2026-04-09 19:34:10,NDLS,Cloudy,0.06,9.23,0.5,23.8,40.3
2026-05-02 12:47:37,NDLS,Cloudy,0.29,7.73,0.2,14.3,42.2
2026-06-02 18:29:06,NDLS,Clear,0.3,7.52,0.2,21.4,66.5
2026-06-16 14:14:56,NDLS,Clear,0.05,9.47,0.7,8.3,100.0
2026-05-04 07:38:17,NDLS,Clear,0.28,7.55,1.4,19.9,61.9
2026-02-27 19:37:05,NDLS,Clear,0.35,7.41,0.0,14.5,78.8
2026-03-12 01:24:34,NDLS,Clear,0.33,7.64,0.6,21.3,55.4
2026-04-22 12:41:37,NDLS,Rain,0.26,7.46,9.0,27.2,50.6
2026-05-17 16:35:57,NDLS,Clear,0.06,9.51,0.4,16.8,75.5
2026-01-20 16:19:34,NDLS,Clear,0.43,6.58,1.0,27.9,48.1
2026-01-30 05:06:47,NDLS,Clear,0.29,7.88,1.1,6.8,87.0
2026-04-26 18:04:32,NDLS,Fog,0.78,3.67,0.0,30.9,81.8
2026-01-06 12:16:23,NDLS,Clear,0.53,5.25,1.3,24.8,86.5
2026-04-11 13:04:18,NDLS,Clear,0.31,7.0,0.4,18.3,92.5
2026-01-19 14:24:00,NDLS,Cloudy,0.06,9.32,1.0,2.1,81.5
2026-06-04 10:03:57,NDLS,Rain,0.34,6.19,10.2,26.7,61.8
2026-05-18 15:11:47,NDLS,Clear,0.33,6.67,0.5,21.1,77.6
2026-04-29 16:38:42,NDLS,Clear,0.67,4.23,0.1,12.9,65.3
2026-06-21 01:46:01,NDLS,Cloudy,0.21,9.13,0.7,41.2,57.1
2026-01-16 15:25:54,NDLS,Clear,0.09,9.39,0.1,13.3,74.4
2026-02-09 09:08:22,NDLS,Clear,0.17,8.15,0.4,15.4,87.1
2026-06-21 22:26:59,NDLS,Cloudy,0.25,7.32,1.3,26.1,75.6
2026-02-05 11:54:00,NDLS,Cloudy,0.05,10.0,0.6,27.8,71.4
2026-05-05 06:53:22,NDLS,Clear,0.25,7.89,0.5,18.8,70.5
2026-04-16 10:10:20,NDLS,Clear,0.36,8.0,0.8,21.3,52.5
2026-03-18 02:27:27,NDLS,Clear,0.54,5.57,0.1,27.8,64.7
2026-05-13 06:10:12,NDLS,Rain,0.04,8.54,5.5,13.8,40.6
2026-05-29 01:44:38,NDLS,Cloudy,0.28,7.85,0.3,24.8,73.4
2026-04-03 03:54:50,NDLS,Clear,0.45,5.84,0.8,21.9,91.9
2026-06-23 13:46:39,NDLS,Fog,0.58,5.97,1.5,16.1,82.5
2026-02-10 17:01:03,NDLS,Rain,0.11,8.04,1.3,15.4,91.0
2026-06-15 18:27:47,NDLS,Cloudy,0.38,6.83,0.4,32.6,59.6
2026-02-05 19:08:56,NDLS,Clear,0.11,9.29,0.8,17.2,73.2
2026-03-30 19:57:37,NDLS,Cloudy,0.12,9.43,0.1,14.4,51.6
2026-04-11 23:02:54,NDLS,Rain,0.09,8.02,1.6,31.0,50.7
2026-05-18 05:55:56,NDLS,Cloudy,0.17,8.15,0.1,20.2,71.8
2026-04-02 08:23:16,NDLS,Rain,0.1,7.63,8.8,16.4,93.0
2026-01-06 02:50:18,NDLS,Fog,0.49,5.5,1.5,31.5,86.4
2026-02-01 02:08:22,NDLS,Clear,0.19,7.3,0.8,22.0,70.8
2026-03-10 21:14:28,NDLS,Clear,0.12,9.2,0.5,12.9,77.6
2026-01-20 13:11:44,NDLS,Clear,0.44,6.22,0.9,31.3,29.6
2026-02-02 21:47:41,NDLS,Clear,0.23,8.26,0.2,18.6,82.0
2026-06-01 20:01:34,NDLS,Clear,0.26,7.77,0.7,15.0,81.3
2026-05-10 01:29:10,NDLS,Clear,0.58,5.0,1.4,26.7,79.6
2026-04-06 17:44:40,NDLS,Clear,0.05,9.09,0.6,40.2,69.6
2026-02-25 05:45:55,NDLS,Cloudy,0.13,8.44,1.4,31.3,74.4
2026-03-20 12:46:34,NDLS,Clear,0.08,9.5,0.7,22.4,66.9
2026-06-23 22:43:56,NDLS,Fog,0.61,5.37,1.0,23.0,56.4
2026-06-12 22:40:41,NDLS,Rain,0.41,6.17,2.7,24.9,98.1
2026-03-30 09:51:05,NDLS,Clear,0.23,8.38,0.5,31.0,60.1
2026-04-18 04:15:40,NDLS,Clear,0.16,8.1,0.1,27.8,54.9
2026-01-30 08:26:34,NDLS,Fog,0.49,6.15,1.0,23.9,69.4
2026-01-07 15:20:15,NDLS,Fog,0.8,3.51,0.5,14.0,84.5
2026-06-30 20:23:32,NDLS,Clear,0.13,9.27,0.9,17.9,68.4
2026-05-26 10:21:40,NDLS,Clear,0.29,7.58,0.3,18.7,90.3
2026-02-02 11:49:34,NDLS,Clear,0.16,8.64,1.5,7.8,70.8
2026-06-19 13:19:31,NDLS,Clear,0.23,8.01,1.0,24.0,60.5
2026-05-22 18:20:10,NDLS,Rain,0.47,4.58,3.1,12.1,73.1
2026-01-31 14:21:27,NDLS,Cloudy,0.14,8.91,1.3,19.9,67.1
2026-05-19 10:07:21,NDLS,Clear,0.17,8.57,0.6,23.1,75.1
2026-06-25 09:50:15,NDLS,Clear,0.2,7.87,0.8,24.5,82.3
2026-06-14 12:12:52,NDLS,Fog,0.41,6.51,0.2,24.9,96.3
2026-01-08 00:57:50,NDLS,Clear,0.14,7.96,0.6,30.6,60.9
2026-05-22 14:03:15,NDLS,Cloudy,0.33,6.29,1.0,27.3,65.1
2026-04-13 09:58:54,NDLS,Clear,0.31,6.98,1.2,19.5,84.9
2026-01-29 19:57:50,NDLS,Fog,0.61,5.24,0.1,16.8,33.9
2026-01-04 02:01:58,NDLS,Clear,0.09,9.58,0.1,12.5,96.6
2026-05-13 06:32:34,NDLS,Clear,0.51,6.46,1.4,22.1,76.1
2026-05-24 19:38:55,NDLS,Rain,0.24,6.98,22.2,38.6,77.4
2026-06-22 09:51:34,NDLS,Clear,0.47,6.19,0.8,35.0,48.0
2026-03-17 05:57:03,NDLS,Cloudy,0.57,5.21,1.1,26.7,87.2
2026-03-04 08:52:38,NDLS,Clear,0.43,6.98,1.1,23.6,86.3
2026-03-26 10:45:45,NDLS,Clear,0.52,5.47,1.5,16.5,89.4
2026-04-10 02:52:27,NDLS,Cloudy,0.11,9.11,1.1,29.7,62.5
2026-05-15 05:50:28,NDLS,Clear,0.36,6.76,1.3,16.2,30.2
2026-06-20 20:59:59,NDLS,Clear,0.24,7.96,0.4,25.6,99.7
2026-04-19 08:05:15,NDLS,Clear,0.23,8.7,1.2,12.2,87.9
2026-01-09 22:21:14,NDLS,Clear,0.34,7.57,0.1,37.3,83.1
2026-04-01 09:05:41,NDLS,Fog,0.54,5.64,1.4,17.4,59.0
2026-03-17 10:46:13,NDLS,Clear,0.31,7.32,1.4,18.4,33.6
2026-05-16 20:35:09,NDLS,Cloudy,0.15,8.3,0.2,29.0,63.4
2026-06-09 18:43:37,NDLS,Fog,0.59,5.1,0.4,27.7,48.7
2026-01-14 02:50:30,NDLS,Clear,0.19,8.37,0.7,20.2,73.2
2026-06-01 03:27:58,NDLS,Rain,0.47,4.31,6.3,19.3,79.6
2026-03-08 21:26:40,NDLS,Clear,0.23,8.1,0.5,43.1,57.2
2026-02-28 04:27:51,NDLS,Rain,0.15,7.35,16.9,28.2,48.6
2026-04-26 15:18:22,NDLS,Clear,0.32,7.34,0.5,12.1,58.3
2026-06-05 22:04:02,NDLS,Fog,0.53,5.34,1.3,34.8,50.1
2026-02-14 19:21:15,NDLS,Cloudy,0.38,6.48,0.8,11.0,39.3
2026-01-28 14:49:06,NDLS,Cloudy,0.27,7.25,1.2,34.0,72.4
2026-06-15 17:17:04,NDLS,Cloudy,0.42,6.86,1.3,18.6,69.2
2026-03-05 16:19:32,NDLS,Clear,0.24,8.44,0.0,13.9,69.2
2026-05-23 20:57:53,NDLS,Rain,0.29,6.36,5.5,26.3,48.7
2026-06-17 21:55:25,NDLS,Clear,0.07,9.68,1.0,15.0,26.6
2026-04-17 17:35:14,NDLS,Cloudy,0.22,8.48,0.8,39.7,100.0
2026-03-16 22:31:36,NDLS,Clear,0.45,6.2,0.5,32.2,66.5
2026-01-01 16:37:55,NDLS,Clear,0.32,7.32,0.4,5.0,56.8
2026-02-27 03:31:28,NDLS,Clear,0.38,6.84,1.0,32.9,38.5
2026-05-11 20:53:17,NDLS,Clear,0.4,6.68,0.3,38.8,80.2
2026-02-23 16:03:20,NDLS,Clear,0.14,8.36,1.2,20.1,78.3
2026-04-07 07:41:27,NDLS,Clear,0.23,7.94,1.3,35.1,69.3
2026-04-11 01:13:40,NDLS,Rain,0.17,7.43,7.4,24.2,60.1
2026-01-09 06:21:55,NDLS,Cloudy,0.43,6.49,1.2,9.2,83.5
2026-04-13 16:42:54,NDLS,Clear,0.2,8.74,1.1,38.2,70.8
2026-01-16 10:36:11,NDLS,Clear,0.53,4.47,0.3,34.0,82.3
2026-05-20 06:26:40,NDLS,Clear,0.32,6.54,1.1,15.9,26.5
2026-04-30 07:35:13,NDLS,Clear,0.37,5.72,0.4,32.8,68.5
2026-03-14 16:33:39,NDLS,Cloudy,0.59,5.36,0.1,25.4,59.3
2026-03-17 14:39:05,NDLS,Cloudy,0.28,7.61,0.8,31.8,68.2
2026-02-26 21:33:36,NDLS,Cloudy,0.3,7.28,0.3,21.4,94.4
2026-06-26 10:38:51,NDLS,Fog,0.42,6.4,1.5,17.4,66.5
2026-04-10 02:52:57,NDLS,Clear,0.68,3.56,0.9,26.0,59.9
2026-04-29 18:08:45,NDLS,Clear,0.21,8.32,0.8,21.7,58.8
2026-03-02 23:55:13,NDLS,Clear,0.39,6.51,0.6,18.0,76.4
2026-06-27 00:13:55,NDLS,Fog,0.72,3.51,0.6,27.8,67.9
2026-01-26 11:38:55,NDLS,Cloudy,0.04,9.25,0.2,16.3,78.3
2026-05-04 17:55:19,NDLS,Clear,0.2,7.93,1.5,28.2,62.4
2026-05-15 02:24:31,NDLS,Clear,0.14,9.16,0.7,30.4,68.0
2026-06-24 13:59:21,NDLS,Clear,0.34,6.63,1.0,32.8,63.3
2026-05-06 10:43:27,NDLS,Clear,0.14,8.93,0.3,23.4,58.5
2026-01-01 23:45:10,NDLS,Clear,0.46,6.35,0.8,19.6,74.9
2026-03-26 17:22:28,NDLS,Clear,0.5,5.8,1.0,14.4,87.2
2026-05-27 14:41:21,NDLS,Fog,0.57,4.93,0.9,21.8,77.0
2026-05-03 20:37:42,NDLS,Rain,0.1,8.04,6.2,35.6,79.8
2026-05-11 21:27:46,NDLS,Cloudy,0.38,6.14,0.7,20.1,42.6
2026-01-09 22:40:02,NDLS,Clear,0.18,8.62,0.5,23.6,100.0
2026-06-24 22:04:16,NDLS,Clear,0.25,7.08,0.7,25.7,97.3
2026-04-17 10:03:56,NDLS,Clear,0.45,6.24,0.2,22.4,38.8
2026-04-30 16:45:20,NDLS,Cloudy,0.09,8.91,0.0,35.5,89.5
2026-01-06 17:40:23,NDLS,Clear,0.09,9.03,1.2,25.4,71.3
2026-03-29 19:07:40,NDLS,Rain,0.16,8.41,8.0,28.4,42.5
2026-05-27 01:36:27,NDLS,Rain,0.03,8.07,8.8,20.9,87.8
2026-04-01 22:50:48,NDLS,Clear,0.38,6.33,1.1,24.9,75.1
2026-04-07 02:31:53,NDLS,Rain,0.23,6.85,3.0,29.7,68.5
2026-06-28 02:49:19,NDLS,Clear,0.46,5.62,1.3,15.0,44.4
2026-01-14 03:49:25,NDLS,Cloudy,0.38,6.59,0.9,30.3,40.4
2026-02-03 20:36:26,NDLS,Clear,0.19,8.55,0.3,32.1,82.4
2026-03-22 06:04:12,NDLS,Clear,0.12,9.11,1.2,12.7,62.9
2026-01-23 02:49:02,NDLS,Clear,0.56,5.11,0.2,21.4,84.2
2026-06-25 03:46:14,NDLS,Cloudy,0.37,6.92,1.4,19.3,67.8
2026-03-29 01:23:02,NDLS,Rain,0.55,3.89,16.7,22.4,84.3
2026-04-03 22:58:38,NDLS,Clear,0.26,7.27,1.2,20.1,92.4
2026-05-15 17:41:06,NDLS,Clear,0.31,7.44,0.2,18.1,61.0
2026-06-26 11:21:07,NDLS,Cloudy,0.05,9.74,0.6,2.1,28.4
2026-03-16 19:53:02,NDLS,Fog,0.61,4.89,0.5,29.1,65.0
2026-02-09 21:19:09,NDLS,Cloudy,0.25,7.86,0.1,14.2,72.4
2026-05-24 18:52:26,NDLS,Clear,0.46,6.64,0.7,21.6,53.1
2026-05-06 04:02:41,NDLS,Clear,0.35,6.97,0.7,27.8,77.3
2026-06-29 02:45:57,NDLS,Clear,0.08,8.91,0.2,14.2,55.9
2026-05-21 02:16:55,NDLS,Cloudy,0.53,5.34,1.1,29.9,72.2
2026-04-04 00:33:01,NDLS,Clear,0.2,9.04,0.3,28.6,100.0
2026-04-21 18:25:39,NDLS,Clear,0.24,8.29,1.4,18.3,57.9
2026-06-01 14:21:50,NDLS,Clear,0.27,7.09,1.0,15.9,39.9
2026-01-08 06:53:42,NDLS,Clear,0.42,7.11,0.2,22.8,44.7
2026-05-23 23:12:01,NDLS,Rain,0.09,8.9,2.8,3.0,53.5
2026-01-13 10:48:13,NDLS,Clear,0.24,8.0,1.5,12.3,65.6
2026-03-26 08:53:59,NDLS,Cloudy,0.3,7.81,1.4,19.0,87.3
2026-04-13 20:26:09,NDLS,Clear,0.04,9.88,1.1,22.6,23.5
2026-03-01 23:19:10,NDLS,Clear,0.24,7.9,0.7,23.4,76.3
2026-06-17 18:59:12,NDLS,Rain,0.1,8.0,3.4,40.6,44.9
2026-02-02 19:30:18,NDLS,Fog,0.65,4.86,1.5,31.3,48.0
2026-03-08 14:27:46,NDLS,Clear,0.52,5.53,1.1,15.8,30.1
2026-06-20 22:36:56,NDLS,Clear,0.23,7.7,0.5,11.4,76.5
2026-03-29 12:40:07,NDLS,Cloudy,0.07,9.7,1.1,34.0,78.3
2026-06-09 16:59:39,NDLS,Clear,0.25,7.63,1.2,21.9,67.0
2026-01-25 01:55:10,NDLS,Clear,0.49,5.77,0.6,17.5,74.5
2026-05-17 22:07:53,NDLS,Fog,0.62,4.5,0.9,14.4,66.2
2026-03-04 23:47:02,NDLS,Clear,0.1,8.87,0.5,34.7,58.7
2026-01-26 09:59:41,NDLS,Cloudy,0.43,6.05,0.7,24.9,41.0
2026-04-25 16:03:29,NDLS,Rain,0.19,6.81,3.4,15.3,79.0
2026-06-26 07:32:31,NDLS,Clear,0.4,6.22,0.3,43.0,88.1
2026-04-03 13:04:49,NDLS,Clear,0.16,8.32,0.7,31.7,88.2
2026-05-22 05:05:05,NDLS,Fog,0.97,1.02,1.2,34.3,99.1
2026-03-19 20:49:08,NDLS,Rain,0.2,6.36,8.8,28.4,84.9
2026-01-18 04:01:13,NDLS,Cloudy,0.18,7.76,0.2,3.6,71.1
2026-03-21 18:04:42,NDLS,Clear,0.23,7.88,1.2,20.2,81.8
2026-03-02 00:32:42,NDLS,Rain,0.12,7.76,15.7,14.1,52.8
2026-06-30 18:24:24,NDLS,Cloudy,0.59,5.22,0.3,25.5,50.7
2026-03-19 21:40:37,NDLS,Cloudy,0.4,6.85,0.4,10.5,86.8
2026-04-18 21:04:27,NDLS,Clear,0.28,6.88,1.0,12.9,86.4
2026-04-10 00:45:49,NDLS,Rain,0.37,5.87,6.5,12.7,67.4
2026-02-12 07:52:53,NDLS,Cloudy,0.26,8.0,0.3,11.6,85.5
2026-04-30 07:58:26,NDLS,Clear,0.17,8.65,0.8,26.0,91.9
2026-01-13 17:47:58,NDLS,Clear,0.14,8.27,1.5,17.0,46.1
2026-06-13 09:46:34,NDLS,Rain,0.46,4.58,3.6,40.5,54.4
2026-04-13 03:21:52,NDLS,Clear,0.44,5.7,0.9,21.1,72.3
2026-03-07 18:01:42,NDLS,Cloudy,0.37,6.16,0.4,28.1,73.9
2026-03-04 17:31:37,NDLS,Fog,0.88,3.03,0.5,30.6,72.7
2026-03-07 18:21:56,NDLS,Clear,0.13,8.96,1.3,34.5,60.3
2026-06-08 21:57:17,NDLS,Clear,0.43,6.65,1.3,14.0,57.9
2026-01-08 16:04:29,NDLS,Clear,0.3,6.85,1.2,42.3,84.7
2026-03-04 07:47:41,NDLS,Cloudy,0.73,3.8,1.3,27.2,73.9
2026-02-23 23:08:56,NDLS,Clear,0.56,5.22,0.5,28.4,95.9
2026-03-04 12:32:56,NDLS,Cloudy,0.49,5.9,0.7,24.6,46.5
2026-04-26 06:15:34,NDLS,Cloudy,0.31,8.38,0.6,25.0,45.4
2026-04-01 18:07:51,NDLS,Clear,0.52,6.07,1.5,24.9,82.1
2026-01-20 22:06:53,NDLS,Rain,0.46,4.8,1.3,19.1,73.3
2026-03-26 23:36:44,NDLS,Rain,0.12,8.08,7.0,23.4,71.5
2026-02-01 17:12:53,NDLS,Rain,0.18,7.86,18.9,25.1,69.0
2026-02-05 07:07:12,NDLS,Clear,0.22,8.8,1.4,19.1,38.4
2026-05-20 00:42:46,NDLS,Clear,0.24,8.03,0.8,30.0,61.5
2026-06-01 21:47:54,NDLS,Clear,0.31,7.44,0.1,19.2,86.4
2026-06-14 01:57:57,NDLS,Rain,0.34,5.56,19.2,24.6,100.0
2026-06-13 07:50:21,NDLS,Clear,0.19,8.1,0.5,21.6,60.2
2026-05-17 04:27:40,NDLS,Rain,0.13,7.26,8.2,20.4,77.0
2026-02-14 08:12:15,NDLS,Clear,0.31,7.02,0.7,23.7,58.3
2026-06-26 09:45:22,NDLS,Fog,0.84,3.52,1.1,22.4,80.0
2026-03-03 09:06:02,NDLS,Clear,0.4,6.36,1.3,17.5,60.3
2026-01-28 01:20:13,NDLS,Fog,1.0,1.3,0.6,22.0,79.0
2026-03-28 14:19:08,NDLS,Fog,0.69,4.18,0.3,23.4,100.0
2026-03-15 20:37:47,NDLS,Clear,0.12,9.26,0.5,22.8,61.8
2026-06-19 06:56:45,NDLS,Clear,0.08,9.32,1.3,32.4,66.1
2026-06-21 02:04:47,NDLS,Rain,0.1,8.1,18.5,6.1,81.8
2026-04-09 04:42:06,NDLS,Clear,0.19,9.14,1.2,28.6,63.4
2026-06-01 21:29:22,NDLS,Cloudy,0.22,8.41,0.5,19.6,90.3
2026-05-12 00:01:47,NDLS,Clear,0.25,7.51,0.0,10.1,73.8
2026-04-03 03:16:12,NDLS,Cloudy,0.31,7.46,0.0,26.9,76.4
2026-06-12 01:31:58,NDLS,Clear,0.44,6.85,0.2,19.6,78.9
2026-03-03 20:08:14,NDLS,Clear,0.37,6.97,1.4,29.0,65.9
2026-01-19 12:39:01,NDLS,Cloudy,0.17,8.85,0.2,32.5,70.9
2026-01-08 19:27:38,NDLS,Clear,0.3,6.81,0.8,23.9,81.9
2026-05-22 20:47:18,NDLS,Clear,0.19,9.18,0.9,14.5,56.0
2026-06-11 10:37:10,NDLS,Fog,0.65,4.24,0.8,27.7,54.2
2026-05-28 01:13:33,NDLS,Cloudy,0.19,8.26,0.8,30.6,74.3
2026-03-17 19:23:54,NDLS,Clear,0.19,8.52,0.1,18.5,56.2
2026-03-08 20:31:06,NDLS,Clear,0.19,8.44,0.8,35.5,63.2
2026-01-19 03:42:50,NDLS,Clear,0.29,7.75,1.5,33.5,91.2
2026-04-08 03:17:57,NDLS,Cloudy,0.49,6.35,1.3,11.6,43.0
2026-02-10 22:08:25,NDLS,Fog,0.5,5.87,0.8,26.9,54.1
2026-02-26 23:04:11,NDLS,Clear,0.19,8.42,0.5,22.7,74.4
2026-03-02 13:31:30,NDLS,Clear,0.5,5.95,1.4,19.7,65.7
2026-01-29 18:39:34,NDLS,Clear,0.26,8.05,0.6,27.1,85.5
2026-04-27 13:13:04,NDLS,Clear,0.06,9.25,1.1,11.9,37.2
2026-04-26 07:45:32,NDLS,Clear,0.43,5.81,0.5,20.7,58.4
2026-05-09 23:37:08,NDLS,Clear,0.37,6.26,1.4,12.9,52.7
2026-06-12 07:03:56,NDLS,Clear,0.36,6.64,0.6,21.3,72.5
2026-02-03 00:23:57,NDLS,Rain,0.23,6.9,6.0,28.1,67.0
2026-03-22 08:40:20,NDLS,Clear,0.05,10.01,0.6,30.2,60.9
2026-06-23 19:33:44,NDLS,Fog,0.63,3.67,1.3,15.9,90.5
2026-03-26 03:49:17,NDLS,Cloudy,0.13,9.6,0.4,14.9,30.0
2026-02-18 21:08:29,NDLS,Clear,0.31,7.64,0.0,30.4,34.3
2026-01-30 03:09:20,NDLS,Clear,0.66,4.37,1.3,12.9,87.2
2026-02-28 03:45:20,NDLS,Clear,0.26,7.89,0.4,10.3,66.9
2026-01-23 04:15:49,NDLS,Cloudy,0.21,8.44,0.1,27.7,83.2
2026-06-24 22:53:19,NDLS,Clear,0.02,10.24,1.1,20.2,84.5
2026-05-13 10:52:15,NDLS,Cloudy,0.51,5.7,1.1,16.7,83.8
2026-05-11 17:00:14,NDLS,Fog,0.97,1.9,1.1,33.2,52.8
2026-06-17 03:40:05,NDLS,Cloudy,0.65,4.66,0.9,16.3,90.6
2026-02-21 01:18:09,NDLS,Cloudy,0.24,8.26,0.8,26.0,76.9
2026-01-02 19:01:52,NDLS,Clear,0.15,8.35,1.0,27.2,82.8
2026-02-28 01:28:37,NDLS,Fog,0.36,6.75,0.2,32.4,56.0
2026-05-13 17:36:48,NDLS,Clear,0.07,8.43,0.1,25.3,40.1
2026-01-09 12:00:49,NDLS,Fog,0.55,4.46,1.4,17.1,34.8
2026-05-06 01:28:05,NDLS,Cloudy,0.48,5.22,0.9,24.4,94.3
2026-03-06 19:27:02,NDLS,Clear,0.6,5.63,1.0,30.9,73.1
2026-06-09 08:15:12,NDLS,Cloudy,0.38,6.6,0.8,34.6,100.0
2026-04-26 22:23:24,NDLS,Cloudy,0.32,6.82,0.8,20.6,68.6
2026-06-09 20:42:54,NDLS,Clear,0.26,8.11,1.5,16.5,68.1
2026-02-15 20:20:00,NDLS,Clear,0.41,6.43,0.2,35.3,57.9
2026-06-16 10:35:03,NDLS,Clear,0.65,4.97,0.4,24.6,89.9
2026-06-03 13:55:46,NDLS,Cloudy,0.45,5.74,0.4,27.0,55.5
2026-06-24 20:34:39,NDLS,Cloudy,0.36,6.89,0.6,24.8,77.5
2026-02-09 16:45:32,NDLS,Fog,0.98,1.76,0.7,20.7,78.0
2026-02-14 23:16:24,NDLS,Fog,0.4,6.17,1.3,10.2,55.9
2026-04-23 21:07:50,NDLS,Rain,0.55,4.06,1.7,40.2,83.6
2026-04-20 21:08:43,NDLS,Clear,0.11,8.57,1.0,42.5,58.5
2026-02-21 03:50:00,NDLS,Clear,0.09,8.63,0.2,23.8,63.1
2026-03-26 09:54:19,NDLS,Fog,0.48,6.14,1.4,27.4,48.6
2026-04-07 16:41:36,NDLS,Cloudy,0.47,6.99,1.3,24.7,82.1
2026-06-04 22:55:39,NDLS,Rain,0.42,6.03,13.3,31.4,52.9
2026-01-09 18:10:46,NDLS,Rain,0.27,6.38,40.6,23.4,58.7
2026-03-27 03:08:42,NDLS,Clear,0.1,8.83,0.6,22.5,72.0
2026-04-25 22:59:18,NDLS,Clear,0.33,7.44,0.7,11.8,87.8
2026-05-25 18:08:58,NDLS,Clear,0.06,9.46,0.2,19.1,51.0
2026-03-09 15:33:26,NDLS,Clear,0.27,7.74,0.8,28.8,69.6
2026-03-21 07:32:30,NDLS,Clear,0.35,7.43,1.3,22.9,84.2
2026-06-12 03:53:16,NDLS,Clear,0.26,7.47,0.3,28.7,100.0
2026-04-13 21:30:09,NDLS,Cloudy,0.13,8.57,0.8,13.3,61.9
2026-05-08 01:12:02,NDLS,Rain,0.08,8.21,1.9,26.0,52.0
2026-03-17 00:31:03,NDLS,Clear,0.14,8.63,0.2,28.7,64.2
2026-02-28 22:13:15,NDLS,Clear,0.53,5.69,0.6,28.2,52.4
2026-01-15 20:07:33,NDLS,Rain,0.19,7.47,6.9,24.8,62.5
2026-05-23 03:39:35,NDLS,Cloudy,0.23,7.22,0.6,25.5,53.3
2026-02-04 16:05:45,NDLS,Cloudy,0.29,7.18,0.6,22.8,53.9
2026-03-11 16:49:17,NDLS,Clear,0.19,8.48,1.0,16.6,89.6
2026-05-22 06:55:31,NDLS,Fog,0.7,4.92,0.2,23.7,93.6
2026-02-12 19:35:53,NDLS,Clear,0.5,5.79,1.0,18.0,58.3
2026-04-29 08:04:14,NDLS,Clear,0.05,9.68,0.3,22.2,31.1
2026-03-10 21:48:26,NDLS,Clear,0.2,7.55,0.6,41.0,54.8
2026-06-24 06:01:22,NDLS,Rain,0.31,6.57,6.3,22.0,52.3
2026-03-23 19:54:12,NDLS,Clear,0.45,6.63,0.0,4.9,62.1
2026-01-16 20:41:05,NDLS,Clear,0.32,6.34,1.4,19.7,70.8
2026-03-24 03:03:32,NDLS,Clear,0.13,8.76,1.4,9.6,71.7
2026-03-22 22:19:36,NDLS,Clear,0.18,8.67,0.4,25.7,67.8
2026-02-22 04:28:27,NDLS,Clear,0.31,6.94,0.3,31.8,77.0
2026-02-14 19:13:22,NDLS,Clear,0.4,6.71,1.0,28.9,61.1
2026-03-03 06:23:14,NDLS,Clear,0.01,9.46,0.9,40.6,66.0
2026-03-05 17:08:24,NDLS,Cloudy,0.23,8.7,0.6,28.0,57.6
2026-02-27 06:17:24,NDLS,Clear,0.09,9.92,0.7,11.2,63.4
2026-01-01 19:25:08,NDLS,Clear,0.17,7.08,1.0,31.1,68.0
2026-05-27 09:41:51,NDLS,Clear,0.24,7.84,0.8,31.5,46.1
2026-04-22 08:49:18,NDLS,Cloudy,0.06,9.62,0.5,27.1,63.6
2026-05-24 08:18:01,NDLS,Fog,0.42,6.42,1.5,20.1,58.1
2026-03-04 19:30:05,NDLS,Fog,0.56,4.33,0.8,29.7,71.9
2026-05-16 19:39:06,NDLS,Rain,0.06,8.31,3.3,22.0,73.2
2026-04-07 17:23:18,NDLS,Clear,0.22,7.43,1.0,16.9,53.1
2026-05-01 20:46:12,NDLS,Cloudy,0.04,9.67,1.1,22.4,79.4
2026-01-13 04:05:04,NDLS,Clear,0.31,7.68,0.4,12.4,70.9
2026-04-01 11:17:04,NDLS,Cloudy,0.18,8.81,0.5,16.4,93.1
2026-05-02 23:11:42,NDLS,Clear,0.3,7.5,0.9,15.6,47.3
2026-01-24 19:58:05,NDLS,Clear,0.16,8.82,0.2,35.7,57.5
2026-02-21 13:49:54,NDLS,Clear,0.23,8.64,0.8,34.9,72.1
2026-06-20 20:55:36,NDLS,Clear,0.57,4.8,0.4,26.1,89.5
2026-04-22 16:47:47,NDLS,Clear,0.44,6.65,0.2,22.5,87.3
2026-06-27 23:26:40,NDLS,Clear,0.3,6.65,0.1,21.5,47.5
2026-02-23 03:15:20,NDLS,Clear,0.45,5.96,0.8,22.6,22.6
2026-03-07 13:28:37,NDLS,Clear,0.14,8.52,0.2,22.6,76.2
2026-04-15 06:54:23,NDLS,Clear,0.15,8.8,1.2,13.1,57.3
2026-04-07 06:45:03,NDLS,Cloudy,0.19,8.6,0.6,22.9,63.0
2026-02-25 22:09:23,NDLS,Cloudy,0.38,7.37,0.6,21.2,88.6
2026-06-02 08:02:11,NDLS,Fog,1.0,1.2,0.2,39.1,71.1
2026-01-19 20:43:46,NDLS,Cloudy,0.33,6.97,1.0,23.1,51.6
2026-05-27 14:36:20,NDLS,Clear,0.08,9.93,1.4,22.6,91.4
2026-03-16 14:15:34,NDLS,Clear,0.3,7.86,0.6,30.3,84.6
2026-05-12 03:45:36,NDLS,Clear,0.17,8.66,0.4,30.1,67.9
2026-01-23 19:24:43,NDLS,Clear,0.27,7.89,0.1,29.7,73.7
2026-02-04 17:09:34,NDLS,Fog,0.61,5.22,1.0,31.2,82.9
2026-04-24 13:39:09,NDLS,Clear,0.33,7.67,1.3,31.9,70.8
2026-03-02 19:41:20,NDLS,Clear,0.14,9.77,1.3,21.3,87.2
2026-06-23 03:50:01,NDLS,Rain,0.18,6.89,7.1,17.0,44.1
2026-02-15 13:49:29,NDLS,Clear,0.09,9.17,1.4,33.2,48.3
2026-05-17 15:14:57,NDLS,Cloudy,0.29,8.04,1.2,29.5,73.0
2026-05-20 02:38:08,NDLS,Clear,0.38,6.94,1.5,41.4,51.7
2026-04-08 23:59:26,NDLS,Cloudy,0.27,8.8,0.8,13.5,94.3
2026-04-12 08:21:17,NDLS,Fog,0.36,7.0,0.9,39.8,100.0
2026-06-14 15:31:19,NDLS,Clear,0.32,6.63,0.0,31.3,55.4
2026-01-08 09:04:44,NDLS,Clear,0.44,5.76,0.2,9.6,60.4
2026-02-28 11:09:28,NDLS,Rain,0.07,8.13,14.1,33.4,59.6
2026-01-02 11:35:03,NDLS,Clear,0.44,6.18,1.0,21.6,66.9
2026-02-08 07:24:05,NDLS,Clear,0.29,7.21,0.9,23.8,72.5
2026-01-10 05:41:21,NDLS,Clear,0.05,9.27,0.5,21.5,49.5
2026-03-22 18:22:08,NDLS,Clear,0.05,9.27,1.2,16.1,71.3
2026-04-22 05:58:24,NDLS,Clear,0.28,7.38,1.5,5.0,85.6
2026-04-18 05:21:53,NDLS,Clear,0.44,6.16,0.9,33.9,64.6
2026-06-09 00:42:35,NDLS,Cloudy,0.17,9.03,0.8,11.4,42.0
2026-04-23 08:33:08,NDLS,Clear,0.19,8.15,1.5,28.1,82.7
2026-05-12 23:41:50,NDLS,Clear,0.33,7.13,0.4,14.3,82.6
2026-03-06 20:51:18,NDLS,Clear,0.57,4.31,0.6,27.4,57.7
2026-03-13 01:17:15,NDLS,Clear,0.4,6.99,1.5,18.6,70.3
2026-05-16 00:05:32,NDLS,Clear,0.11,8.78,1.5,14.6,63.3
2026-06-06 23:52:09,NDLS,Rain,0.34,5.65,15.5,14.3,81.4
2026-04-27 09:47:52,NDLS,Clear,0.24,7.89,1.1,10.8,63.4
2026-03-20 21:50:08,NDLS,Fog,0.67,4.4,0.2,34.8,49.8
2026-05-22 06:58:15,NDLS,Clear,0.18,8.85,0.6,37.8,45.0
2026-02-10 13:13:43,NDLS,Cloudy,0.09,9.3,1.0,23.4,65.3
2026-01-24 02:22:12,NDLS,Clear,0.37,5.86,0.1,19.7,83.1
2026-06-24 18:36:55,NDLS,Clear,0.25,7.69,1.3,42.6,20.0
2026-04-02 19:25:01,NDLS,Clear,0.15,8.89,1.0,16.6,80.7
2026-02-17 21:56:17,NDLS,Clear,0.4,7.88,1.3,21.6,76.9
2026-05-29 01:22:22,NDLS,Clear,0.43,7.05,1.0,28.7,70.3
2026-01-24 18:07:48,NDLS,Rain,0.11,8.15,13.2,30.6,53.4
2026-05-02 14:23:04,NDLS,Cloudy,0.5,5.56,0.5,25.5,76.5
2026-01-25 00:07:23,NDLS,Clear,0.3,7.71,1.2,26.2,61.5
2026-05-15 10:05:35,NDLS,Clear,0.19,8.6,0.0,25.1,53.6
2026-05-10 17:01:49,NDLS,Rain,0.02,8.14,6.0,18.3,90.6
2026-04-24 21:42:16,NDLS,Cloudy,0.53,6.22,1.2,20.7,88.2
2026-04-24 13:13:17,NDLS,Clear,0.07,9.69,0.9,31.8,61.7
2026-06-07 20:45:21,NDLS,Clear,0.29,7.1,1.1,33.5,35.5
2026-05-20 11:08:24,NDLS,Cloudy,0.24,7.54,1.4,22.1,79.5
2026-03-01 04:44:50,NDLS,Cloudy,0.56,5.48,1.0,23.7,22.9
2026-06-13 17:42:14,NDLS,Rain,0.12,8.13,5.0,23.0,70.4
2026-03-23 13:20:24,NDLS,Clear,0.2,7.52,0.4,6.9,73.0
2026-01-19 23:26:08,NDLS,Fog,0.44,6.17,0.9,21.2,65.3
2026-05-07 00:51:20,NDLS,Clear,0.59,4.91,0.4,28.7,50.4
2026-02-09 03:48:59,NDLS,Fog,0.91,2.15,1.3,28.4,59.6
2026-03-24 05:32:27,NDLS,Rain,0.25,6.7,9.1,25.0,81.3
2026-04-25 23:55:53,NDLS,Clear,0.25,8.0,0.2,29.5,66.7
2026-01-11 05:47:34,NDLS,Fog,0.98,1.86,1.3,21.3,63.2
2026-05-03 07:58:28,NDLS,Rain,0.33,5.91,9.0,22.8,43.8
2026-05-15 02:27:03,NDLS,Rain,0.15,8.03,3.4,25.4,86.4
2026-04-02 12:42:12,NDLS,Clear,0.27,7.68,1.3,4.2,62.0
2026-04-25 12:13:42,NDLS,Clear,0.25,7.82,0.3,36.9,80.4
2026-02-16 21:01:46,NDLS,Clear,0.36,7.47,1.2,9.9,45.4
2026-06-16 04:22:00,NDLS,Cloudy,0.31,7.25,0.7,19.1,80.1
2026-03-16 08:50:12,NDLS,Fog,0.65,3.82,1.1,24.6,31.9
2026-06-19 12:28:50,NDLS,Clear,0.14,8.67,0.9,16.4,30.3
2026-01-23 14:06:15,NDLS,Fog,0.5,5.73,0.8,21.4,88.6
2026-04-05 02:10:25,NDLS,Clear,0.15,8.53,0.4,17.3,82.9
2026-04-25 04:56:05,NDLS,Cloudy,0.12,8.81,0.5,25.2,54.8
2026-02-23 18:50:50,NDLS,Rain,0.33,6.5,9.0,33.0,49.1
2026-06-14 04:28:06,NDLS,Clear,0.39,7.35,0.1,26.0,60.1
2026-06-08 07:41:13,NDLS,Fog,0.74,3.47,0.5,22.9,60.0
2026-01-03 01:50:17,NDLS,Fog,0.74,3.55,0.1,27.2,69.3
2026-03-08 07:51:41,NDLS,Clear,0.41,6.32,0.3,37.5,33.6
2026-02-11 21:57:20,NDLS,Clear,0.23,7.86,0.7,29.3,63.2
2026-01-17 13:29:31,NDLS,Fog,0.81,3.09,0.5,33.7,55.8
2026-02-11 07:58:11,NDLS,Clear,0.38,7.03,1.2,29.3,89.8
2026-02-01 08:57:46,NDLS,Cloudy,0.21,8.04,0.7,28.0,54.9
2026-04-10 18:53:17,NDLS,Cloudy,0.4,5.76,0.5,13.9,47.2
2026-03-28 06:30:50,NDLS,Clear,0.18,8.37,0.5,28.3,63.5
2026-02-03 08:04:06,NDLS,Clear,0.49,5.47,0.4,14.3,80.1
2026-01-26 14:29:32,NDLS,Clear,0.15,8.64,0.3,16.6,61.0
2026-06-29 10:21:00,NDLS,Clear,0.31,7.13,0.7,21.5,100.0
2026-02-27 19:35:01,NDLS,Clear,0.25,7.06,0.6,29.3,47.0
2026-02-06 13:28:13,NDLS,Clear,0.4,6.23,1.1,24.4,66.0
2026-02-02 04:39:55,NDLS,Cloudy,0.16,8.59,1.3,29.6,41.6
2026-05-03 22:32:04,NDLS,Fog,1.0,1.55,0.8,16.9,53.6
2026-02-26 18:35:25,NDLS,Clear,0.07,9.5,0.5,30.8,49.5
2026-01-12 05:28:58,NDLS,Clear,0.04,10.12,0.4,19.4,40.1
2026-05-09 15:26:43,NDLS,Cloudy,0.68,3.9,1.1,20.9,86.1
2026-02-08 14:49:12,NDLS,Cloudy,0.36,7.41,0.8,30.8,41.0
2026-01-17 07:40:11,NDLS,Clear,0.39,7.02,1.0,16.8,58.9
2026-04-12 17:57:29,NDLS,Rain,0.11,7.49,3.7,35.5,100.0
2026-02-14 18:32:52,NDLS,Clear,0.29,8.48,0.9,30.2,63.9
2026-03-17 22:09:59,NDLS,Fog,0.79,3.68,1.3,21.8,85.4
2026-05-05 16:42:18,NDLS,Clear,0.15,8.41,0.3,5.3,76.1
2026-01-18 15:48:59,NDLS,Clear,0.32,7.73,0.2,24.8,72.6
2026-04-07 14:45:07,NDLS,Cloudy,0.14,8.22,1.4,9.2,74.9
2026-01-08 00:52:18,NDLS,Fog,0.96,2.02,0.5,30.4,90.8
2026-01-31 20:57:49,NDLS,Clear,0.54,5.38,0.9,20.7,66.7
2026-06-29 06:09:19,NDLS,Clear,0.34,6.91,1.0,32.1,75.8
2026-06-13 04:38:13,NDLS,Clear,0.43,6.41,0.7,24.3,55.0
2026-05-02 20:15:54,NDLS,Fog,0.65,4.45,0.9,15.1,50.9
2026-05-30 14:51:45,NDLS,Clear,0.42,7.03,0.7,16.7,77.4
2026-02-24 00:15:24,NDLS,Cloudy,0.34,6.98,0.1,32.0,62.2
2026-04-15 15:53:31,NDLS,Cloudy,0.34,6.9,0.5,16.0,100.0
2026-06-11 11:48:26,NDLS,Clear,0.25,8.37,1.0,30.9,58.0
2026-05-10 03:02:16,NDLS,Clear,0.59,3.8,1.3,21.8,56.9
2026-06-26 14:12:14,NDLS,Rain,0.4,5.22,8.6,18.8,46.5
2026-06-18 23:56:47,NDLS,Cloudy,0.15,9.31,1.0,31.4,82.3
2026-04-07 20:04:25,NDLS,Cloudy,0.09,9.31,1.2,15.1,76.7
2026-01-02 08:14:03,NDLS,Clear,0.28,7.15,0.1,22.4,56.7
2026-05-01 03:41:41,NDLS,Fog,0.52,5.6,0.3,39.5,87.2
2026-02-11 03:26:19,NDLS,Clear,0.21,7.4,1.0,25.6,50.5
2026-01-01 21:44:47,NDLS,Fog,0.39,6.32,1.4,1.4,88.1
2026-04-25 14:30:51,NDLS,Cloudy,0.2,8.55,0.0,17.7,88.5
2026-06-15 18:20:45,NDLS,Clear,0.54,5.14,0.7,21.9,30.2
2026-06-08 06:31:10,NDLS,Clear,0.2,8.48,0.9,32.3,70.1
2026-01-31 00:49:27,NDLS,Rain,0.35,5.64,9.4,32.4,53.3
2026-04-28 03:03:14,NDLS,Fog,0.54,5.61,1.4,16.9,63.6
2026-05-04 00:14:14,NDLS,Clear,0.25,7.92,1.1,15.4,35.4
2026-04-22 11:08:12,NDLS,Clear,0.42,6.55,0.7,21.4,63.4
2026-04-15 11:31:49,NDLS,Cloudy,0.18,8.51,1.1,13.2,43.9
2026-04-28 14:34:14,NDLS,Clear,0.24,8.29,0.7,20.3,83.0
2026-06-28 11:49:33,NDLS,Clear,0.3,6.89,1.3,11.9,79.1
2026-02-01 14:54:13,NDLS,Clear,0.37,6.85,0.1,29.0,52.2
2026-05-21 00:48:26,NDLS,Cloudy,0.22,7.5,1.0,17.8,41.9
2026-04-10 03:43:04,NDLS,Clear,0.14,8.68,1.3,16.7,81.6
2026-05-21 03:39:51,NDLS,Clear,0.11,8.54,0.5,25.2,96.1
2026-05-16 13:08:01,NDLS,Cloudy,0.12,8.92,1.2,30.2,66.2
2026-02-20 00:07:12,NDLS,Clear,0.24,8.02,0.8,25.9,57.2
2026-04-30 00:42:06,NDLS,Cloudy,0.25,7.56,0.4,19.5,73.0
2026-02-27 21:19:36,NDLS,Clear,0.22,7.44,1.5,18.1,69.5
2026-03-14 04:58:21,NDLS,Clear,0.51,4.93,0.1,22.3,41.4
2026-02-01 11:54:21,NDLS,Clear,0.25,7.99,0.7,19.0,76.1
2026-02-05 14:12:12,NDLS,Cloudy,0.34,6.84,0.4,5.6,45.8
2026-06-13 06:30:08,NDLS,Clear,0.13,8.02,0.6,24.3,90.4
2026-06-19 02:22:21,NDLS,Cloudy,0.31,7.28,1.0,22.6,58.7
2026-06-04 14:33:10,NDLS,Cloudy,0.05,10.1,1.3,41.0,84.0
2026-01-17 06:08:49,NDLS,Clear,0.19,8.53,1.2,15.1,87.9
2026-03-26 09:36:16,NDLS,Clear,0.17,8.22,0.1,9.2,58.9
2026-01-03 16:05:30,NDLS,Clear,0.31,8.27,0.7,11.4,75.7
2026-05-27 14:53:26,NDLS,Clear,0.29,8.45,0.0,21.7,68.1
2026-03-25 02:26:26,NDLS,Rain,0.22,7.3,12.1,14.0,81.1
2026-04-11 10:46:06,NDLS,Clear,0.11,9.5,1.4,30.8,88.1
2026-04-12 20:16:30,NDLS,Rain,0.04,8.11,4.7,19.7,64.3
2026-03-16 16:30:49,NDLS,Clear,0.14,8.33,0.6,22.4,45.3
2026-02-03 05:09:27,NDLS,Rain,0.4,6.05,18.2,50.6,37.3
2026-05-02 11:00:25,NDLS,Cloudy,0.08,8.79,0.6,26.1,55.6
2026-05-21 21:56:35,NDLS,Rain,0.14,7.74,3.8,14.8,39.6
2026-02-17 20:53:49,NDLS,Clear,0.25,7.97,1.2,36.9,58.5
2026-05-25 06:47:54,NDLS,Clear,0.6,4.64,0.8,33.5,47.3
2026-04-28 17:57:49,NDLS,Rain,0.3,6.66,12.3,14.2,47.7
2026-02-04 16:19:34,NDLS,Clear,0.17,7.92,0.0,40.2,71.3
2026-01-29 05:01:26,NDLS,Clear,0.06,9.95,0.6,23.4,82.2
2026-01-02 23:20:14,NDLS,Clear,0.34,7.61,1.1,27.1,69.4
2026-04-14 06:44:58,NDLS,Fog,0.58,4.85,1.4,17.5,35.1
2026-06-13 04:36:33,NDLS,Clear,0.08,9.69,1.4,22.2,75.2
2026-06-06 12:02:54,NDLS,Clear,0.02,10.33,1.0,18.2,76.5
2026-03-17 22:21:09,NDLS,Clear,0.66,4.43,1.2,25.3,73.6
2026-05-13 02:52:10,NDLS,Clear,0.09,10.79,0.1,23.1,50.6
2026-05-03 01:12:08,NDLS,Clear,0.03,8.88,0.5,31.3,36.3
2026-06-05 16:37:06,NDLS,Clear,0.42,6.98,1.3,10.5,78.9
2026-06-29 16:59:00,NDLS,Clear,0.37,7.35,0.2,27.7,29.2
2026-06-01 08:20:31,NDLS,Cloudy,0.22,8.79,0.6,18.7,65.3
2026-04-28 19:37:39,NDLS,Cloudy,0.47,5.64,0.9,20.9,74.6
2026-06-15 17:50:17,NDLS,Fog,0.68,3.53,0.6,27.4,57.7
2026-01-04 20:35:37,NDLS,Clear,0.26,7.64,0.9,23.6,74.5
2026-03-26 20:47:41,NDLS,Clear,0.24,7.88,1.0,31.8,78.1
2026-05-08 17:07:06,NDLS,Clear,0.17,8.99,0.4,26.9,87.1
2026-06-07 16:47:08,NDLS,Rain,0.32,5.99,9.4,22.0,82.9
2026-03-30 20:05:20,NDLS,Fog,0.57,4.94,1.4,28.6,89.5
2026-05-11 12:35:44,NDLS,Clear,0.31,7.23,0.7,2.9,52.8
2026-03-02 20:00:27,NDLS,Clear,0.04,10.53,1.1,31.5,76.4
2026-01-08 12:42:23,NDLS,Fog,0.44,5.4,0.3,28.4,75.3
2026-01-24 03:53:20,NDLS,Cloudy,0.27,6.63,1.1,31.0,74.8
2026-04-16 15:58:38,NDLS,Clear,0.31,7.47,0.7,17.8,82.3
2026-06-29 14:44:25,NDLS,Cloudy,0.19,7.93,0.3,23.0,58.1
2026-05-11 14:02:21,NDLS,Cloudy,0.78,3.63,0.3,24.0,73.9
2026-05-20 12:27:37,NDLS,Clear,0.19,8.31,0.3,10.8,66.3
2026-04-11 15:09:41,NDLS,Clear,0.17,8.59,1.5,15.0,86.2
2026-01-12 00:16:28,NDLS,Cloudy,0.08,9.39,0.1,24.1,60.3
2026-02-09 20:49:18,NDLS,Clear,0.29,7.37,0.5,32.5,46.2
2026-01-13 06:40:42,NDLS,Cloudy,0.53,5.07,1.2,25.4,90.1
2026-06-14 21:52:50,NDLS,Clear,0.41,6.08,1.3,30.7,54.6
2026-01-08 05:02:59,NDLS,Cloudy,0.09,9.27,0.6,31.8,91.1
2026-04-01 01:24:32,NDLS,Fog,0.62,4.98,0.5,27.2,53.8
2026-02-04 16:50:03,NDLS,Rain,0.18,7.1,6.3,18.5,80.4
2026-06-30 03:13:32,NDLS,Clear,0.21,7.75,0.9,27.1,65.6
2026-06-03 03:19:28,NDLS,Clear,0.27,6.67,0.7,2.2,77.2
2026-01-07 04:41:36,NDLS,Cloudy,0.27,8.54,0.7,23.9,100.0
2026-03-31 23:31:49,NDLS,Clear,0.17,7.92,1.5,30.8,95.5
2026-03-27 06:57:02,NDLS,Clear,0.49,6.15,0.9,28.9,75.5
2026-03-24 03:45:31,NDLS,Clear,0.24,7.81,1.2,19.3,47.3
2026-03-02 20:32:10,NDLS,Clear,0.25,7.55,1.4,11.6,78.4
2026-04-08 09:37:07,NDLS,Clear,0.15,8.39,0.0,16.9,83.7
2026-03-03 02:54:34,NDLS,Rain,0.09,8.4,5.0,20.2,66.8
2026-01-14 07:42:35,NDLS,Cloudy,0.21,7.81,1.0,17.2,82.0
2026-05-30 16:55:38,NDLS,Clear,0.28,8.88,0.8,12.8,69.8
2026-01-19 06:14:38,NDLS,Clear,0.2,8.69,0.9,23.0,71.0
2026-06-06 19:43:58,NDLS,Clear,0.08,9.77,0.2,21.1,83.7
2026-02-04 02:46:53,NDLS,Clear,0.31,7.05,1.3,18.8,60.8
2026-03-28 17:45:04,NDLS,Clear,0.12,8.39,1.3,18.9,73.1
2026-04-17 20:19:18,NDLS,Clear,0.38,7.36,1.0,24.6,86.5
2026-06-22 16:25:38,NDLS,Clear,0.32,6.82,1.1,24.6,76.9
2026-01-21 21:32:49,NDLS,Clear,0.57,4.29,0.6,28.5,61.7
2026-04-26 18:05:25,NDLS,Clear,0.16,7.85,1.2,7.9,81.5
2026-02-11 02:26:34,NDLS,Clear,0.26,8.03,0.3,22.6,77.8
2026-05-07 21:32:05,NDLS,Fog,0.78,3.54,0.8,18.1,85.1
2026-06-30 20:48:27,NDLS,Clear,0.16,9.03,1.3,20.0,68.6
2026-05-07 17:05:13,NDLS,Fog,1.0,1.63,1.4,16.6,61.3
2026-01-19 08:37:02,NDLS,Clear,0.07,8.93,0.0,23.9,80.2
2026-01-30 19:04:31,NDLS,Fog,0.55,5.17,0.6,30.6,71.3
2026-02-28 19:49:16,NDLS,Clear,0.25,7.94,0.9,23.6,27.5
2026-06-16 00:27:49,NDLS,Cloudy,0.31,6.7,0.7,11.8,72.9
2026-03-29 01:31:11,NDLS,Cloudy,0.19,9.06,0.7,24.8,66.7
2026-05-23 07:29:10,NDLS,Cloudy,0.05,9.89,1.1,26.6,73.5
2026-05-31 16:16:03,NDLS,Clear,0.73,3.92,0.9,30.3,86.9
2026-04-23 21:59:07,NDLS,Rain,0.25,6.8,1.7,20.9,73.4
2026-01-14 15:51:46,NDLS,Clear,0.42,6.07,0.5,21.7,67.0
2026-04-19 07:04:27,NDLS,Clear,0.41,6.34,0.5,17.8,63.3
2026-01-14 22:32:56,NDLS,Clear,0.31,7.58,0.8,29.5,78.6
2026-06-22 09:17:29,NDLS,Rain,0.26,6.55,21.7,35.4,75.4
2026-06-10 22:29:56,NDLS,Clear,0.14,9.25,0.3,22.5,80.5
2026-05-11 22:03:10,NDLS,Fog,0.66,3.53,0.5,33.3,53.1
2026-05-01 05:49:42,NDLS,Clear,0.04,8.99,0.3,14.1,78.7
2026-05-09 22:23:20,NDLS,Clear,0.15,8.64,0.3,10.7,60.9
2026-01-26 17:19:14,NDLS,Cloudy,0.18,7.44,0.9,23.5,53.4
2026-03-20 12:24:01,NDLS,Rain,0.45,5.21,2.4,14.6,100.0
2026-03-13 07:00:32,NDLS,Clear,0.56,5.04,1.3,19.0,70.0
2026-01-23 20:36:19,NDLS,Clear,0.42,5.31,1.0,12.0,87.0
2026-06-10 02:15:57,NDLS,Clear,0.23,8.29,0.4,22.7,76.1
2026-04-19 16:53:19,NDLS,Clear,0.25,7.26,0.4,17.0,67.3
2026-01-15 07:05:51,NDLS,Clear,0.15,9.0,1.3,39.1,84.2
2026-02-17 16:34:51,NDLS,Clear,0.29,7.06,0.6,23.4,38.6
2026-04-04 04:42:40,NDLS,Cloudy,0.21,8.1,0.8,30.6,80.7
2026-02-10 08:17:57,NDLS,Rain,0.3,6.1,7.1,24.4,33.4
2026-01-09 10:55:53,NDLS,Fog,0.55,4.62,0.2,17.0,45.1
2026-05-28 22:47:55,NDLS,Clear,0.23,8.16,0.9,15.7,80.8
2026-04-11 11:29:34,NDLS,Fog,0.65,4.17,1.1,19.1,83.1
2026-03-28 17:26:57,NDLS,Rain,0.03,9.08,11.0,7.7,46.9
2026-04-22 15:39:36,NDLS,Clear,0.28,8.67,0.6,28.9,53.7
2026-04-13 23:36:10,NDLS,Clear,0.23,8.36,0.7,22.2,73.9
2026-06-10 10:28:59,NDLS,Fog,0.51,5.68,1.3,27.2,83.1
2026-05-07 21:27:43,NDLS,Rain,0.27,7.51,14.9,32.2,68.5
2026-03-26 13:09:35,NDLS,Cloudy,0.1,9.56,1.0,29.6,65.2
2026-02-17 12:51:47,NDLS,Fog,0.75,4.55,1.4,14.2,64.0
2026-04-02 04:31:37,NDLS,Cloudy,0.24,8.56,0.4,27.0,46.7
2026-01-01 19:21:07,NDLS,Fog,0.55,5.38,0.6,21.2,85.5
2026-03-02 03:39:05,NDLS,Clear,0.13,9.25,0.4,27.6,29.7
2026-01-27 02:11:58,NDLS,Clear,0.17,8.06,0.8,37.0,31.5
2026-06-17 10:09:05,NDLS,Clear,0.48,6.15,0.0,38.5,81.2
2026-01-15 15:33:55,NDLS,Fog,0.5,5.99,0.4,27.8,43.7
2026-04-07 18:16:24,NDLS,Clear,0.29,7.59,0.2,35.8,82.8
2026-05-14 08:10:43,NDLS,Clear,0.51,5.2,0.4,25.1,79.3
2026-01-16 21:34:28,NDLS,Clear,0.27,8.09,0.2,25.8,83.2
2026-01-08 20:28:06,NDLS,Rain,0.27,6.17,11.9,27.1,26.1
2026-06-26 20:12:53,NDLS,Cloudy,0.33,7.29,1.1,33.2,64.7
2026-04-22 13:52:47,NDLS,Clear,0.35,6.8,1.0,4.6,70.0
2026-03-18 11:39:34,NDLS,Cloudy,0.19,9.38,0.4,24.2,66.5
2026-06-08 13:32:34,NDLS,Fog,0.44,6.49,0.9,22.1,75.6
2026-02-03 13:47:03,NDLS,Cloudy,0.06,10.12,0.7,23.2,37.4
2026-02-10 14:41:07,NDLS,Clear,0.13,9.66,0.2,17.0,42.5
2026-05-15 17:36:15,NDLS,Cloudy,0.34,7.6,0.3,19.4,79.9
2026-03-08 12:03:16,NDLS,Clear,0.22,8.78,0.3,23.5,54.2
2026-01-02 02:22:27,NDLS,Clear,0.34,7.12,1.4,17.6,67.8
2026-04-29 20:00:25,NDLS,Clear,0.23,8.33,0.6,13.5,81.6
2026-06-14 00:15:05,NDLS,Clear,0.14,8.63,0.6,18.9,65.2
2026-05-26 20:52:05,NDLS,Cloudy,0.39,6.77,0.7,39.5,49.8
2026-04-25 03:27:56,NDLS,Clear,0.02,10.34,1.5,29.3,32.4
2026-02-23 03:20:20,NDLS,Fog,0.39,7.37,1.2,24.3,92.2
2026-03-04 02:42:20,NDLS,Rain,0.12,7.71,9.8,21.3,53.2
2026-06-29 04:28:03,NDLS,Clear,0.45,5.77,1.3,19.4,77.2
2026-02-06 21:35:26,NDLS,Fog,0.73,4.16,1.5,23.4,68.6
2026-01-20 04:46:53,NDLS,Clear,0.12,9.36,1.1,19.5,64.4
2026-03-14 01:24:26,NDLS,Fog,0.63,4.72,0.8,36.1,80.1
2026-06-17 19:42:49,NDLS,Cloudy,0.1,8.9,1.3,24.0,88.7
2026-03-05 09:06:22,NDLS,Clear,0.77,3.04,0.6,34.8,67.9
2026-06-07 01:06:17,NDLS,Fog,0.9,1.99,0.6,33.8,44.5
2026-05-10 07:26:51,NDLS,Clear,0.68,4.34,0.4,9.2,92.4
2026-06-20 00:26:19,NDLS,Cloudy,0.18,9.18,0.1,27.8,49.3
2026-05-18 19:32:53,NDLS,Rain,0.24,6.5,7.7,20.0,74.1
2026-04-19 15:32:53,NDLS,Rain,0.19,7.01,3.9,16.9,61.5
2026-01-29 10:57:15,NDLS,Clear,0.24,8.35,0.0,12.5,46.7
2026-01-07 21:18:01,NDLS,Clear,0.36,6.78,1.4,26.9,69.5
2026-01-27 12:32:06,NDLS,Cloudy,0.14,8.2,1.0,23.5,82.1
2026-02-06 07:40:04,NDLS,Fog,0.41,7.23,1.0,23.1,46.4
2026-01-17 12:46:01,NDLS,Clear,0.4,7.03,0.9,23.0,71.2
2026-04-07 17:10:01,NDLS,Clear,0.58,4.58,0.1,17.5,92.0
2026-01-24 02:19:49,NDLS,Clear,0.12,8.65,0.1,15.1,80.4
2026-03-04 03:05:12,NDLS,Cloudy,0.27,7.96,1.5,21.8,72.3
2026-01-28 09:47:55,NDLS,Clear,0.09,9.32,1.0,34.9,62.8
2026-05-24 21:56:22,NDLS,Fog,0.51,5.42,0.3,23.6,92.4
2026-03-19 00:52:51,NDLS,Cloudy,0.61,4.43,1.1,28.4,65.3
2026-03-18 13:36:25,NDLS,Cloudy,0.31,7.58,0.4,29.6,87.0
2026-03-28 02:18:00,NDLS,Clear,0.11,9.26,0.2,20.5,42.1
2026-02-19 08:09:23,NDLS,Cloudy,0.1,8.77,1.4,26.9,94.2
2026-06-24 20:57:13,NDLS,Cloudy,0.23,8.35,0.9,14.2,66.5
2026-06-18 04:04:22,NDLS,Cloudy,0.59,5.19,1.5,30.6,66.9
2026-05-09 09:20:15,NDLS,Clear,0.42,6.24,0.5,27.1,34.2
2026-04-10 08:00:15,NDLS,Clear,0.44,5.35,0.5,22.3,97.6
2026-05-26 15:26:06,NDLS,Clear,0.34,6.8,0.4,15.4,71.6
2026-03-23 16:38:16,NDLS,Clear,0.05,10.08,0.3,32.6,67.8
2026-01-30 11:50:19,NDLS,Clear,0.08,9.69,0.1,31.5,58.4
2026-01-07 22:17:24,NDLS,Cloudy,0.22,8.99,0.5,31.4,63.4
2026-02-17 20:37:46,NDLS,Clear,0.22,7.67,1.1,34.2,69.8
2026-05-26 02:52:13,NDLS,Clear,0.35,7.46,0.8,21.5,100.0
2026-01-09 21:39:01,NDLS,Clear,0.1,8.08,0.6,19.0,49.7
2026-03-23 21:53:04,NDLS,Clear,0.25,8.45,1.5,35.0,69.4
2026-01-07 20:20:47,NDLS,Clear,0.41,6.33,0.3,28.2,87.6
2026-01-24 12:59:21,NDLS,Clear,0.2,7.86,1.0,33.6,90.7
2026-01-25 04:40:17,NDLS,Clear,0.26,6.71,1.1,26.0,89.6
2026-01-02 21:20:58,NDLS,Cloudy,0.31,7.19,1.1,26.2,94.6
2026-03-23 18:01:05,NDLS,Fog,0.63,4.38,1.2,19.5,61.5
2026-01-21 14:02:53,NDLS,Fog,0.64,4.33,1.2,16.0,100.0
2026-01-09 04:36:36,NDLS,Clear,0.09,8.4,1.3,15.1,53.4
2026-01-18 21:49:19,NDLS,Clear,0.41,6.25,0.4,11.2,76.2
2026-03-22 02:55:13,NDLS,Cloudy,0.07,9.93,1.0,1.7,94.1
2026-03-13 13:21:24,NDLS,Clear,0.19,7.81,1.0,30.2,67.7
2026-01-15 11:10:07,NDLS,Clear,0.4,6.33,0.7,7.9,74.3
2026-03-19 07:48:13,NDLS,Rain,0.37,5.64,7.5,34.6,36.9
2026-05-11 17:34:20,NDLS,Cloudy,0.31,6.73,1.5,27.8,100.0
2026-06-16 04:27:28,NDLS,Fog,0.43,6.65,0.5,36.1,43.5
2026-01-30 04:48:20,NDLS,Clear,0.2,7.77,0.6,18.3,20.0
2026-04-24 08:05:24,NDLS,Cloudy,0.31,6.77,0.7,10.8,60.2
2026-03-28 01:05:44,NDLS,Clear,0.19,7.97,1.1,17.6,75.9
2026-01-05 09:00:57,NDLS,Clear,0.49,6.55,0.1,19.5,48.4
2026-01-29 06:02:53,NDLS,Rain,0.29,6.5,10.2,25.2,77.7
2026-04-19 15:20:37,NDLS,Fog,0.5,5.6,0.3,23.5,75.1
2026-03-11 21:19:17,NDLS,Clear,0.22,8.32,1.2,10.1,45.3
2026-04-25 16:43:38,NDLS,Rain,0.29,6.62,10.4,27.4,44.9
2026-04-17 08:19:29,NDLS,Clear,0.13,8.75,1.4,34.4,90.3
2026-01-15 10:44:29,NDLS,Cloudy,0.11,8.46,0.6,24.7,74.5
2026-03-15 10:20:55,NDLS,Clear,0.19,9.1,0.5,23.2,49.5
2026-01-04 19:24:53,NDLS,Clear,0.28,7.48,0.7,34.8,70.6
2026-03-08 23:59:59,NDLS,Clear,0.36,7.19,0.6,27.3,41.4
2026-01-22 03:43:43,NDLS,Clear,0.1,9.26,0.4,27.1,63.1
2026-03-25 18:54:50,NDLS,Cloudy,0.25,8.88,1.5,28.4,90.1
2026-04-19 20:03:09,NDLS,Cloudy,0.16,7.87,0.7,17.4,49.1
2026-02-06 09:23:50,NDLS,Clear,0.41,6.01,0.4,39.5,55.6
2026-05-05 09:39:41,NDLS,Fog,1.0,1.19,1.1,9.2,58.4
2026-01-05 15:41:47,NDLS,Fog,0.84,2.49,0.2,30.9,52.8
2026-06-05 09:59:43,NDLS,Clear,0.47,5.79,0.9,5.5,55.5
2026-02-01 07:32:25,NDLS,Clear,0.24,8.51,0.6,30.4,40.1
2026-06-30 05:42:02,NDLS,Cloudy,0.13,9.02,0.2,21.0,41.5
2026-06-29 14:55:22,NDLS,Fog,0.45,5.33,0.0,30.7,50.9
2026-06-22 03:01:33,NDLS,Cloudy,0.17,8.35,0.5,28.6,23.5
2026-03-30 10:03:15,NDLS,Clear,0.32,7.27,0.2,14.5,83.0
2026-02-10 15:30:41,NDLS,Clear,0.33,8.06,1.0,30.4,68.6
2026-02-23 20:54:44,NDLS,Clear,0.48,6.14,1.0,23.5,58.8
2026-02-28 02:06:43,NDLS,Clear,0.35,6.67,0.9,21.3,70.2
2026-01-07 04:09:07,NDLS,Cloudy,0.18,8.75,1.1,15.0,58.3
2026-04-25 00:08:48,NDLS,Clear,0.18,8.77,0.8,21.6,81.6
2026-04-24 00:48:31,NDLS,Fog,0.63,4.18,0.9,14.1,57.5
2026-05-25 14:59:34,NDLS,Cloudy,0.24,8.07,1.4,23.2,58.2
2026-06-28 13:28:24,NDLS,Cloudy,0.27,7.89,1.1,20.4,87.1
2026-05-24 07:06:23,NDLS,Clear,0.02,10.14,0.5,33.7,39.0
2026-05-30 04:19:41,NDLS,Clear,0.33,7.18,0.0,22.2,73.3
2026-01-02 19:12:06,NDLS,Clear,0.35,7.48,0.2,28.6,50.7
2026-01-26 04:17:50,NDLS,Clear,0.2,7.67,1.0,23.7,48.4
2026-05-02 18:47:28,NDLS,Clear,0.12,8.54,0.9,27.7,88.4
2026-06-14 17:33:26,NDLS,Rain,0.49,5.06,11.4,26.9,64.0
2026-05-16 12:13:12,NDLS,Clear,0.13,9.01,0.3,24.4,85.4
2026-03-14 02:48:38,NDLS,Rain,0.3,5.46,10.4,15.0,25.7
2026-01-17 09:50:31,NDLS,Clear,0.42,5.92,1.1,9.4,87.1
2026-05-08 15:03:22,NDLS,Cloudy,0.25,8.47,1.4,30.2,73.0
2026-04-23 12:50:01,NDLS,Clear,0.39,7.24,1.1,24.0,54.8
2026-01-15 02:38:33,NDLS,Clear,0.42,6.78,1.1,27.5,63.6
2026-04-22 06:23:36,NDLS,Cloudy,0.54,5.09,0.5,25.8,68.8
2026-02-10 10:58:38,NDLS,Rain,0.1,8.57,7.4,26.9,71.6
2026-03-09 22:48:43,NDLS,Clear,0.24,8.46,0.3,29.6,85.1
2026-06-28 04:15:36,NDLS,Clear,0.09,8.93,0.8,19.3,62.4
2026-02-20 00:31:59,NDLS,Fog,0.44,6.04,0.5,29.2,55.1
2026-05-03 20:21:25,NDLS,Clear,0.26,6.78,0.7,34.8,42.7
2026-01-30 08:40:40,NDLS,Clear,0.15,8.14,0.1,19.9,39.1
2026-02-04 11:42:27,NDLS,Clear,0.18,8.55,1.3,3.5,82.2
2026-03-18 13:29:22,NDLS,Clear,0.3,7.49,0.5,26.0,50.4
2026-06-03 16:43:17,NDLS,Clear,0.46,5.84,1.2,32.8,75.3
2026-06-05 06:05:01,NDLS,Fog,0.41,5.69,0.0,10.6,93.4
2026-06-30 13:45:02,NDLS,Clear,0.36,7.2,1.1,15.9,46.9
2026-05-11 04:12:51,NDLS,Clear,0.34,6.76,0.4,28.4,46.7
2026-01-22 04:06:46,NDLS,Cloudy,0.36,6.54,0.2,29.4,80.5
2026-06-19 22:41:00,NDLS,Fog,0.44,6.03,0.8,19.7,54.2
2026-06-20 07:22:11,NDLS,Cloudy,0.07,9.85,0.8,23.5,80.0
2026-03-09 07:31:55,NDLS,Cloudy,0.33,7.53,0.7,21.6,65.0
2026-02-23 15:45:09,NDLS,Clear,0.43,5.91,1.2,11.2,62.9
2026-01-19 19:28:10,NDLS,Clear,0.16,9.01,1.0,37.7,57.6
2026-02-04 01:12:45,NDLS,Clear,0.22,8.07,0.8,22.6,32.8
2026-04-25 01:11:14,NDLS,Rain,0.45,5.32,1.2,22.9,80.3
2026-03-29 13:31:12,NDLS,Clear,0.24,8.01,0.3,13.0,84.7
2026-06-28 15:21:06,NDLS,Rain,0.1,8.37,14.2,26.0,54.0
2026-04-11 01:08:50,NDLS,Fog,0.43,6.89,1.1,29.8,63.4
2026-02-12 13:58:55,NDLS,Clear,0.12,8.16,0.9,17.2,68.4
2026-04-18 18:40:39,NDLS,Clear,0.29,7.63,0.9,33.5,66.0
2026-03-30 09:30:19,NDLS,Clear,0.23,8.17,0.9,18.8,71.2
2026-01-04 16:13:45,NDLS,Clear,0.13,9.29,0.9,23.9,31.2
2026-03-09 00:37:18,NDLS,Clear,0.26,7.99,1.0,30.4,95.7
2026-03-29 08:26:49,NDLS,Cloudy,0.26,6.78,1.4,7.6,67.4
2026-05-08 14:45:19,NDLS,Cloudy,0.38,6.26,0.7,19.1,61.2
2026-06-20 10:46:02,NDLS,Rain,0.24,6.94,5.1,34.3,51.5
2026-01-28 03:08:27,NDLS,Cloudy,0.47,6.28,0.6,23.0,100.0
2026-06-15 19:29:12,NDLS,Clear,0.5,4.21,0.7,32.5,93.2
2026-03-26 20:34:01,NDLS,Clear,0.45,6.11,1.4,15.7,73.7
2026-02-17 15:56:30,NDLS,Clear,0.1,9.17,0.3,26.2,58.1
2026-01-09 16:38:35,NDLS,Rain,0.49,4.38,11.4,14.5,61.2
2026-02-10 09:58:59,NDLS,Cloudy,0.4,6.78,0.0,21.9,48.7
2026-05-31 12:22:56,NDLS,Clear,0.43,6.73,0.1,30.5,77.3
2026-05-10 10:47:20,NDLS,Clear,0.29,7.62,0.9,23.5,50.9
2026-02-24 02:02:05,NDLS,Cloudy,0.06,9.51,0.7,26.9,73.6
2026-04-25 01:27:51,NDLS,Cloudy,0.28,7.43,1.5,21.2,58.5
2026-05-29 16:41:03,NDLS,Clear,0.11,8.82,0.3,20.4,58.6
2026-05-04 23:29:35,NDLS,Clear,0.21,8.31,1.2,27.5,69.5
2026-05-29 15:52:01,NDLS,Clear,0.39,6.65,0.3,31.2,73.1
2026-05-17 18:50:14,NDLS,Clear,0.42,5.95,0.4,33.0,60.9
2026-05-14 05:50:38,NDLS,Cloudy,0.19,8.38,0.4,29.0,62.2
2026-03-19 02:53:23,NDLS,Clear,0.21,8.66,1.0,14.7,69.5
2026-04-06 22:08:12,NDLS,Rain,0.23,6.68,5.0,10.8,57.5
2026-03-16 22:02:48,NDLS,Cloudy,0.17,9.02,0.6,21.7,74.0
2026-03-06 00:21:36,NDLS,Clear,0.32,7.57,0.4,20.4,63.6
2026-04-10 01:58:32,NDLS,Fog,0.88,1.58,1.3,23.6,100.0
2026-04-29 01:56:23,NDLS,Fog,0.64,4.47,0.0,19.2,94.7
2026-02-12 10:46:35,NDLS,Clear,0.15,9.42,0.7,27.1,68.0
2026-06-08 16:44:05,NDLS,Clear,0.13,7.74,0.7,31.5,35.1
2026-02-08 04:55:27,NDLS,Rain,0.08,7.69,12.3,14.2,93.6
2026-02-05 22:53:28,NDLS,Cloudy,0.3,7.45,0.1,26.6,64.2
2026-05-25 21:27:18,NDLS,Cloudy,0.41,6.3,0.4,27.6,63.3
2026-06-13 16:46:32,NDLS,Rain,0.09,8.21,11.5,17.2,85.6
2026-02-14 00:30:38,NDLS,Cloudy,0.43,6.9,1.4,24.1,70.8
2026-02-22 14:18:46,NDLS,Rain,0.28,6.62,29.5,26.4,54.2
2026-02-15 16:33:58,NDLS,Clear,0.32,7.39,1.2,28.8,82.5
2026-01-16 15:42:46,NDLS,Fog,0.7,3.94,1.5,27.9,44.0
2026-05-25 18:50:15,NDLS,Clear,0.54,5.39,0.0,27.5,100.0
2026-06-01 16:35:28,NDLS,Cloudy,0.39,6.06,1.2,38.0,73.0
2026-03-25 09:08:44,NDLS,Clear,0.23,7.99,0.3,26.6,56.5
2026-04-24 15:57:03,NDLS,Cloudy,0.53,6.24,1.3,16.4,84.7
2026-06-07 09:23:24,NDLS,Clear,0.5,6.26,1.3,30.4,67.0
2026-06-18 10:54:13,NDLS,Cloudy,0.52,6.3,0.3,14.7,61.4
2026-03-25 05:22:02,NDLS,Clear,0.17,7.92,1.3,10.2,44.5
2026-01-04 05:04:09,NDLS,Clear,0.34,6.27,1.4,23.7,78.2
2026-03-28 19:08:06,NDLS,Fog,0.42,7.28,1.2,16.5,77.5
2026-03-28 11:26:19,NDLS,Fog,0.73,3.71,0.0,19.5,100.0
2026-01-12 20:25:52,NDLS,Fog,0.46,6.1,0.0,21.6,77.1
2026-06-21 04:55:09,NDLS,Clear,0.55,5.19,1.5,31.9,69.2
2026-06-25 02:16:33,NDLS,Clear,0.14,8.68,0.6,33.2,58.3
2026-06-12 00:56:17,NDLS,Clear,0.15,9.12,0.8,31.1,74.8
2026-05-28 08:45:09,NDLS,Rain,0.24,6.48,17.9,28.3,51.4
2026-01-26 14:54:55,NDLS,Cloudy,0.2,8.81,0.6,24.8,61.4
2026-01-25 00:30:53,NDLS,Clear,0.29,8.63,1.1,19.1,53.8
2026-04-22 12:15:00,NDLS,Clear,0.47,6.03,0.7,9.6,65.9
2026-01-12 23:12:32,NDLS,Rain,0.38,5.77,1.4,29.3,53.0
2026-06-15 14:48:56,NDLS,Clear,0.35,7.39,1.4,25.3,76.8
2026-01-25 03:44:07,NDLS,Cloudy,0.41,6.14,0.7,33.5,78.4
2026-03-27 07:46:21,NDLS,Clear,0.19,7.93,1.2,14.5,80.5
2026-03-10 00:23:41,NDLS,Cloudy,0.27,7.6,0.3,8.2,68.0
2026-02-23 06:40:50,NDLS,Clear,0.41,6.74,0.1,16.9,69.8
2026-05-27 10:25:44,NDLS,Clear,0.36,6.78,0.0,43.6,43.3
2026-04-30 13:37:25,NDLS,Clear,0.32,8.02,1.0,17.1,69.7
2026-05-29 11:52:48,NDLS,Cloudy,0.17,8.38,0.5,18.7,67.2
2026-04-05 18:45:21,NDLS,Clear,0.26,7.59,0.8,31.3,91.9
2026-04-06 04:26:18,NDLS,Cloudy,0.79,3.59,1.2,24.7,41.4
2026-02-27 07:37:47,NDLS,Clear,0.03,9.61,1.0,14.8,35.1
2026-06-23 19:40:46,NDLS,Fog,0.6,5.2,1.2,30.0,78.7
2026-02-17 05:49:28,NDLS,Rain,0.09,8.02,3.5,29.2,75.3
2026-05-09 08:01:24,NDLS,Cloudy,0.54,5.79,0.5,15.1,71.6
2026-06-04 19:05:31,NDLS,Clear,0.25,8.11,1.1,21.6,91.6
2026-01-20 07:19:30,NDLS,Clear,0.47,6.43,0.5,23.8,77.9
2026-01-24 17:44:10,NDLS,Rain,0.28,6.41,8.1,20.9,65.8
2026-05-29 19:53:58,NDLS,Cloudy,0.2,8.06,1.5,30.0,68.8
2026-06-25 21:10:34,NDLS,Clear,0.08,9.3,1.4,25.8,69.6
2026-05-29 03:38:41,NDLS,Fog,0.44,5.72,0.9,21.8,77.9
2026-04-16 05:50:46,NDLS,Cloudy,0.37,6.41,1.1,26.1,76.6
2026-02-18 04:05:35,NDLS,Clear,0.16,9.21,1.0,18.3,53.0
2026-01-17 15:20:57,NDLS,Clear,0.28,8.17,0.7,38.9,44.9
2026-01-20 20:16:18,NDLS,Fog,0.45,6.31,1.2,34.1,75.1
2026-01-21 07:57:00,NDLS,Clear,0.16,9.14,0.3,24.2,70.3
2026-06-09 08:15:26,NDLS,Rain,0.3,6.06,18.1,33.5,69.8
2026-05-05 04:04:38,NDLS,Clear,0.18,8.66,1.3,22.3,72.4
2026-03-15 13:21:05,NDLS,Rain,0.17,7.77,9.7,38.5,90.6
2026-06-24 17:21:42,NDLS,Clear,0.1,8.93,0.8,29.6,68.6
2026-03-21 18:27:07,NDLS,Clear,0.05,9.42,0.1,12.2,40.7
2026-05-19 22:45:58,NDLS,Clear,0.18,8.43,1.3,32.3,45.3
2026-04-06 13:06:43,NDLS,Clear,0.86,1.76,0.5,8.5,82.1
2026-06-09 13:21:21,NDLS,Clear,0.16,9.14,1.2,31.4,64.2
2026-03-11 17:53:24,NDLS,Clear,0.19,8.47,0.1,16.1,64.1
2026-02-12 09:35:43,NDLS,Clear,0.16,7.93,0.1,37.0,86.6
2026-03-12 21:18:45,NDLS,Clear,0.6,4.6,1.3,18.1,64.4
2026-04-22 04:22:25,NDLS,Cloudy,0.36,7.45,0.4,22.9,42.3
2026-04-29 03:10:24,NDLS,Clear,0.19,8.17,0.3,31.4,89.7
2026-06-15 15:35:48,NDLS,Clear,0.51,4.82,0.9,19.3,84.2
2026-02-21 07:45:56,NDLS,Rain,0.27,7.06,6.8,11.5,63.0
2026-01-30 23:06:59,NDLS,Rain,0.12,8.28,8.7,22.6,66.7
2026-04-05 06:11:42,NDLS,Fog,0.56,6.07,0.6,33.9,43.2
2026-03-31 01:11:20,NDLS,Clear,0.09,8.74,0.0,24.4,67.2
2026-02-11 21:01:36,NDLS,Clear,0.3,7.03,1.3,19.4,72.4
2026-03-11 05:59:22,NDLS,Clear,0.31,7.35,1.5,13.3,76.6
2026-02-10 18:32:04,NDLS,Fog,0.55,5.13,0.8,26.6,41.0
2026-05-27 11:45:52,NDLS,Clear,0.17,7.99,0.7,42.9,66.7
2026-06-26 03:37:14,NDLS,Rain,0.14,8.03,7.5,21.0,65.6
2026-03-15 13:34:55,NDLS,Clear,0.31,7.74,0.1,34.2,51.5
2026-03-07 23:53:16,NDLS,Rain,0.24,6.84,9.2,20.6,56.8
2026-01-30 14:34:37,NDLS,Clear,0.29,7.5,0.7,15.9,51.6
2026-04-28 11:01:16,NDLS,Cloudy,0.25,8.67,1.1,24.2,89.3
2026-06-04 02:43:22,NDLS,Cloudy,0.27,7.77,0.1,26.1,76.8
2026-05-02 22:09:19,NDLS,Cloudy,0.05,9.5,0.1,20.5,63.6
2026-04-03 09:40:25,NDLS,Clear,0.16,8.49,1.3,23.5,33.5
2026-03-20 13:55:15,NDLS,Clear,0.22,8.82,1.1,19.5,88.6
2026-03-19 06:06:41,NDLS,Clear,0.67,4.39,0.8,32.9,42.6
2026-04-09 21:53:19,NDLS,Clear,0.47,6.13,1.2,26.7,58.5
2026-05-04 21:11:37,NDLS,Cloudy,0.32,7.31,0.8,23.9,75.8
2026-04-27 02:34:15,NDLS,Clear,0.38,7.4,1.0,17.8,69.9
2026-05-08 10:38:25,NDLS,Cloudy,0.42,5.96,0.2,27.2,88.1
2026-02-23 02:48:17,NDLS,Clear,0.07,10.01,0.2,37.9,64.7
2026-05-07 15:27:03,NDLS,Cloudy,0.69,4.87,0.4,34.4,70.0
2026-06-12 19:00:01,NDLS,Rain,0.09,7.78,14.0,26.4,81.7
2026-01-14 17:00:54,NDLS,Clear,0.14,8.74,1.0,26.7,79.9
2026-03-09 08:59:39,NDLS,Cloudy,0.07,9.61,1.1,28.8,84.8
2026-04-16 17:41:18,NDLS,Cloudy,0.05,10.47,0.8,22.1,59.3
2026-05-28 16:27:36,NDLS,Cloudy,0.21,7.76,0.3,8.8,61.9
2026-04-09 15:12:21,NDLS,Fog,0.57,4.87,1.4,31.7,63.7
2026-02-13 05:52:56,NDLS,Clear,0.54,4.86,0.3,17.4,45.7
2026-03-13 01:55:08,NDLS,Clear,0.3,7.66,0.5,26.8,79.7
2026-04-18 22:18:24,NDLS,Cloudy,0.59,5.25,0.3,29.9,50.6
2026-01-16 07:17:11,NDLS,Clear,0.28,7.43,0.1,20.0,74.7
2026-03-03 10:16:53,NDLS,Clear,0.29,8.24,0.7,17.3,86.3
2026-04-23 22:42:03,NDLS,Fog,0.57,5.03,0.7,19.8,89.6
2026-02-07 20:58:59,NDLS,Clear,0.22,8.18,0.4,18.2,100.0
2026-06-14 12:59:39,NDLS,Cloudy,0.17,8.62,1.2,25.9,100.0
2026-06-17 14:25:52,NDLS,Clear,0.3,6.37,1.1,30.3,59.2
2026-01-26 03:21:39,NDLS,Fog,0.78,3.29,0.5,16.7,45.4
2026-03-04 23:42:15,NDLS,Clear,0.71,4.06,0.1,15.8,75.6
2026-06-27 13:51:02,NDLS,Clear,0.61,4.64,0.7,32.2,73.0
2026-05-14 00:32:48,NDLS,Clear,0.31,8.12,0.2,39.0,85.4
2026-04-03 17:00:23,NDLS,Cloudy,0.22,7.8,0.2,21.6,90.7
2026-04-15 17:20:01,NDLS,Clear,0.14,9.48,0.0,44.5,59.9
2026-01-09 16:31:37,NDLS,Cloudy,0.36,7.01,0.6,18.1,72.5
2026-02-12 01:36:47,NDLS,Clear,0.55,6.08,0.2,21.4,42.4
2026-05-18 19:06:57,NDLS,Rain,0.41,5.19,6.7,21.5,100.0
2026-06-24 02:43:35,NDLS,Cloudy,0.22,8.37,0.6,18.5,53.2
2026-03-05 18:06:35,NDLS,Clear,0.55,5.87,0.1,21.4,43.5
2026-01-14 06:19:10,NDLS,Clear,0.13,8.83,0.2,27.1,72.3
2026-03-12 08:54:30,NDLS,Clear,0.08,9.94,1.4,42.9,74.1
2026-03-24 15:22:12,NDLS,Clear,0.46,5.72,0.5,25.8,50.2
2026-01-18 14:48:19,NDLS,Clear,0.23,7.74,0.9,19.9,72.3
2026-02-17 03:26:44,NDLS,Cloudy,0.15,8.86,0.9,25.9,89.8
2026-04-03 11:00:08,NDLS,Cloudy,0.38,7.0,0.0,21.6,79.7
2026-04-02 07:44:23,NDLS,Rain,0.36,5.94,12.1,15.4,84.5
2026-01-24 18:30:51,NDLS,Fog,0.66,4.66,0.1,15.8,67.7
2026-02-02 16:12:31,NDLS,Clear,0.06,9.98,0.6,13.3,26.7
2026-02-03 03:17:23,NDLS,Clear,0.25,8.26,0.7,34.1,70.2
2026-05-09 03:55:58,NDLS,Rain,0.13,7.29,8.9,19.3,86.6
2026-01-30 12:14:05,NDLS,Clear,0.33,7.0,1.1,19.4,57.1
2026-05-11 22:08:51,NDLS,Clear,0.45,6.45,1.4,32.5,56.8
2026-04-24 21:38:26,NDLS,Clear,0.33,8.18,1.3,30.4,59.4
2026-05-23 23:57:15,NDLS,Clear,0.43,6.18,0.8,43.6,67.4
2026-04-14 07:47:24,NDLS,Fog,0.37,5.91,0.7,28.4,75.4
2026-02-09 01:31:31,NDLS,Clear,0.11,9.42,0.2,15.8,40.9
2026-06-25 11:51:17,NDLS,Cloudy,0.11,9.37,0.2,16.9,53.7
2026-03-05 09:00:19,NDLS,Clear,0.12,8.76,0.9,30.6,56.5
2026-03-16 04:23:24,NDLS,Fog,0.58,5.63,0.1,22.1,59.2
2026-04-11 03:58:19,NDLS,Clear,0.06,9.27,0.4,28.4,67.6
2026-06-23 03:15:51,NDLS,Cloudy,0.63,4.88,0.5,24.1,77.8
2026-02-19 15:02:39,NDLS,Clear,0.07,8.72,0.2,15.1,65.2
2026-02-18 10:50:36,NDLS,Clear,0.08,9.31,0.4,24.4,55.2
2026-01-21 06:34:28,NDLS,Clear,0.09,9.79,0.4,23.0,62.4
2026-03-11 23:54:20,NDLS,Clear,0.27,7.09,0.2,26.7,43.8
2026-03-15 20:57:12,NDLS,Clear,0.08,8.78,0.8,30.4,87.8
2026-02-28 04:51:05,NDLS,Clear,0.21,8.33,0.4,18.7,94.0
2026-04-15 04:29:28,NDLS,Clear,0.42,5.86,0.9,36.9,36.3
2026-06-03 03:33:07,NDLS,Clear,0.13,8.36,0.0,36.6,62.5
2026-01-05 04:39:47,NDLS,Clear,0.39,7.52,0.4,28.3,41.7
2026-04-06 17:09:43,NDLS,Clear,0.07,9.51,0.1,15.8,64.5
2026-06-07 22:55:17,NDLS,Clear,0.15,8.41,0.1,24.0,68.0
2026-04-23 19:22:12,NDLS,Fog,0.67,3.87,1.3,18.4,65.8
2026-04-05 01:23:41,NDLS,Rain,0.29,6.27,3.5,21.1,49.0
2026-03-20 22:24:11,NDLS,Cloudy,0.4,6.09,0.4,6.9,59.2
2026-01-23 09:01:22,NDLS,Clear,0.1,9.39,1.4,26.2,85.3
2026-02-05 18:23:38,NDLS,Rain,0.47,5.58,5.1,20.5,45.9
2026-02-25 03:35:07,NDLS,Clear,0.09,8.58,0.5,33.3,76.6
2026-06-08 12:16:53,NDLS,Fog,0.6,5.13,1.1,21.1,82.5
2026-05-09 18:55:40,NDLS,Clear,0.68,4.23,1.2,22.2,88.0
2026-03-09 10:05:18,NDLS,Clear,0.13,8.82,1.0,18.5,70.1
2026-01-06 18:15:07,NDLS,Clear,0.16,8.57,0.1,13.8,35.4
2026-05-17 01:29:43,NDLS,Cloudy,0.33,8.36,0.7,14.7,70.5
2026-05-27 13:47:25,NDLS,Rain,0.6,4.06,9.1,23.2,47.3
2026-04-29 14:15:43,NDLS,Fog,0.54,5.98,1.3,20.8,48.3
2026-03-08 21:13:14,NDLS,Clear,0.49,6.57,0.6,24.6,80.8
2026-04-15 18:54:37,NDLS,Clear,0.23,7.45,0.9,20.0,76.7
2026-02-20 01:35:09,NDLS,Clear,0.26,7.97,1.3,33.8,84.8
2026-02-03 20:32:02,NDLS,Rain,0.37,5.71,2.0,17.3,64.1
2026-02-24 21:45:20,NDLS,Cloudy,0.32,6.56,0.8,31.1,51.6
2026-01-09 14:10:20,NDLS,Clear,0.46,6.11,1.1,12.0,66.6
2026-05-06 07:51:19,NDLS,Clear,0.47,6.16,0.3,21.6,57.2
2026-04-15 08:58:34,NDLS,Fog,0.68,4.02,1.1,37.5,96.8
2026-01-28 21:43:18,NDLS,Clear,0.08,9.64,1.4,5.4,40.2
2026-04-01 15:48:53,NDLS,Cloudy,0.31,7.81,0.0,17.2,66.1
2026-04-12 07:14:58,NDLS,Clear,0.25,8.89,0.2,33.4,58.8
2026-03-12 17:11:59,NDLS,Clear,0.53,5.04,1.4,22.0,62.7
2026-03-31 18:24:12,NDLS,Rain,0.28,6.42,3.8,23.9,88.8
2026-06-08 20:51:54,NDLS,Rain,0.22,7.12,3.0,22.8,43.6
2026-02-06 23:08:14,NDLS,Clear,0.51,6.13,0.9,25.1,53.6
2026-06-08 23:26:26,NDLS,Clear,0.05,9.74,1.3,20.1,62.2
2026-04-28 06:26:06,NDLS,Clear,0.16,8.29,0.3,15.5,86.1
2026-04-01 21:36:52,NDLS,Rain,0.42,5.52,3.9,31.2,73.3
2026-06-15 00:01:01,NDLS,Clear,0.34,6.72,1.2,22.8,96.9
2026-04-13 16:45:36,NDLS,Clear,0.51,5.13,0.8,20.5,54.4
2026-03-10 02:39:35,NDLS,Cloudy,0.38,6.87,0.1,21.9,70.7
2026-03-11 15:18:57,NDLS,Cloudy,0.15,8.78,0.7,31.8,63.6
2026-03-20 14:27:33,NDLS,Fog,0.73,3.93,1.1,16.7,28.7
2026-02-16 06:12:54,NDLS,Clear,0.15,8.66,0.4,19.0,54.7
2026-05-09 17:39:23,NDLS,Cloudy,0.33,7.36,0.1,32.4,56.9
2026-03-12 18:15:09,NDLS,Clear,0.35,7.83,0.9,8.5,55.2
2026-03-21 05:57:17,NDLS,Clear,0.11,8.84,0.5,9.4,53.7
2026-05-05 23:53:17,NDLS,Clear,0.05,9.04,1.1,11.5,74.3
2026-02-10 02:00:52,NDLS,Cloudy,0.29,6.89,1.3,32.6,60.7
2026-01-12 07:05:22,NDLS,Clear,0.66,4.88,0.1,17.3,77.0
2026-05-26 05:04:08,NDLS,Clear,0.18,8.65,1.0,25.5,70.8
2026-01-27 07:53:34,NDLS,Clear,0.29,7.27,0.3,19.9,52.1
2026-04-29 21:50:24,NDLS,Clear,0.12,8.77,0.5,22.4,35.1
2026-05-13 20:14:54,NDLS,Clear,0.37,6.58,1.1,15.7,80.3
2026-03-11 20:21:02,NDLS,Clear,0.2,8.63,0.5,30.3,55.0
2026-06-16 03:15:32,NDLS,Clear,0.29,7.25,0.6,23.6,81.5
2026-04-02 13:52:00,NDLS,Clear,0.25,8.11,1.0,40.4,46.2
2026-01-21 14:56:25,NDLS,Clear,0.09,8.88,0.2,27.9,66.5
2026-06-05 02:17:56,NDLS,Clear,0.21,7.99,0.5,14.4,84.1
2026-03-07 01:30:01,NDLS,Clear,0.34,7.78,0.6,15.5,46.3
2026-04-10 01:13:15,NDLS,Clear,0.26,7.83,0.4,23.2,46.5
2026-05-10 03:14:22,NDLS,Clear,0.53,6.02,1.4,17.2,56.9
2026-01-01 02:55:30,NDLS,Clear,0.77,3.78,0.8,29.7,64.5
2026-06-11 16:15:57,NDLS,Fog,0.52,4.99,1.3,23.2,92.0
2026-06-26 05:12:26,NDLS,Clear,0.44,6.2,0.7,20.0,63.8
2026-01-08 23:32:52,NDLS,Clear,0.21,7.69,0.0,21.3,67.5
2026-02-06 21:30:54,NDLS,Rain,0.16,7.48,11.0,35.0,49.4
2026-05-22 15:12:41,NDLS,Rain,0.33,6.37,5.0,27.1,62.6
2026-01-20 12:11:18,NDLS,Clear,0.08,9.29,0.9,29.4,40.2
2026-02-02 17:37:07,NDLS,Clear,0.5,5.12,0.8,15.7,99.6
2026-04-19 23:26:16,NDLS,Clear,0.56,5.35,1.5,33.1,39.2
2026-02-20 10:56:36,NDLS,Fog,0.62,4.54,1.2,26.2,52.9
2026-04-09 17:18:14,NDLS,Clear,0.08,9.62,0.4,29.2,23.8
2026-01-05 23:42:20,NDLS,Clear,0.27,6.95,0.3,21.2,48.8
2026-04-22 05:56:08,NDLS,Rain,0.38,5.65,5.7,19.2,56.9
2026-04-15 13:44:04,NDLS,Clear,0.39,6.38,1.4,14.1,69.7
2026-06-17 19:02:37,NDLS,Cloudy,0.75,3.55,0.6,44.0,45.3
2026-05-11 18:25:48,NDLS,Clear,0.68,4.47,0.5,24.4,98.6
2026-01-22 06:40:15,NDLS,Clear,0.49,5.56,1.1,28.1,70.4
2026-05-25 20:52:31,NDLS,Clear,0.34,6.91,0.0,24.5,76.7
2026-05-01 04:57:50,NDLS,Clear,0.28,7.94,1.1,13.8,79.4
2026-01-02 03:15:32,NDLS,Rain,0.48,5.33,3.2,27.7,72.0
2026-02-13 09:31:41,NDLS,Rain,0.05,7.49,14.0,22.7,47.8
2026-03-21 07:26:41,NDLS,Cloudy,0.54,5.54,1.0,27.0,73.3
2026-06-20 17:17:04,NDLS,Clear,0.08,9.09,0.1,20.2,49.6
2026-05-18 00:10:11,NDLS,Cloudy,0.14,9.23,0.8,26.0,52.6
2026-03-21 13:46:48,NDLS,Cloudy,0.44,5.88,1.0,34.1,85.9
2026-05-01 12:20:14,NDLS,Clear,0.31,8.25,0.3,21.9,63.4
2026-02-28 02:42:39,NDLS,Clear,0.23,8.0,0.6,27.5,75.2
2026-02-13 16:25:05,NDLS,Clear,0.44,6.01,0.7,34.6,60.6
2026-04-19 05:27:08,NDLS,Clear,0.36,7.08,0.0,38.8,84.4
2026-05-21 23:23:26,NDLS,Fog,0.69,3.17,0.9,34.7,90.4
2026-03-14 22:02:43,NDLS,Cloudy,0.25,7.89,0.5,27.6,81.7
2026-01-26 23:33:55,NDLS,Clear,0.08,9.16,1.2,12.8,43.9
2026-03-20 07:20:02,NDLS,Clear,0.28,7.78,1.5,32.2,49.9
2026-02-17 09:55:40,NDLS,Cloudy,0.16,8.1,1.4,44.8,55.9
2026-06-03 07:42:18,NDLS,Cloudy,0.15,8.35,0.6,37.9,68.2
2026-04-03 10:01:17,NDLS,Clear,0.46,6.45,0.9,21.4,63.3
2026-06-02 01:20:04,NDLS,Cloudy,0.47,5.8,0.5,35.4,50.4
2026-05-21 09:39:57,NDLS,Rain,0.05,8.12,10.1,16.5,49.0
2026-04-23 13:43:47,NDLS,Clear,0.7,4.09,1.1,33.5,63.1
2026-01-10 23:52:55,NDLS,Cloudy,0.32,6.98,0.5,35.3,88.3
2026-05-24 04:06:38,NDLS,Clear,0.13,8.84,0.6,6.3,91.6
2026-01-17 05:39:08,NDLS,Clear,0.12,9.14,0.6,18.2,46.3
2026-02-28 15:50:47,NDLS,Cloudy,0.28,8.36,0.5,23.4,72.8
2026-06-16 16:23:40,NDLS,Rain,0.28,6.53,6.1,26.9,49.1
2026-02-14 13:29:25,NDLS,Clear,0.23,8.8,1.1,28.8,39.1
2026-02-18 03:56:08,NDLS,Rain,0.09,8.23,23.2,30.3,70.6
2026-04-19 14:44:17,NDLS,Clear,0.41,6.96,0.1,25.8,45.5
2026-04-09 01:42:56,NDLS,Clear,0.05,9.88,1.2,23.4,67.9
2026-02-02 01:34:21,NDLS,Clear,0.22,7.88,1.4,37.8,23.2
2026-04-08 11:38:39,NDLS,Rain,0.41,5.61,2.2,26.3,68.6
2026-02-05 07:10:48,NDLS,Clear,0.18,7.96,0.4,22.1,54.4
2026-03-11 06:49:05,NDLS,Clear,0.17,8.54,1.0,27.2,64.9
2026-04-07 00:35:57,NDLS,Cloudy,0.51,5.42,1.4,20.0,58.7
2026-03-27 23:46:58,NDLS,Clear,0.09,9.55,0.5,29.1,70.9
2026-06-25 16:41:33,NDLS,Clear,0.44,5.93,0.6,26.7,73.1
2026-06-04 02:59:23,NDLS,Clear,0.11,9.66,0.4,25.4,83.8
2026-05-11 12:53:43,NDLS,Clear,0.14,9.51,0.4,12.2,44.6
2026-01-30 21:58:37,NDLS,Clear,0.16,8.19,0.8,22.1,96.8
2026-04-11 08:00:55,NDLS,Clear,0.45,6.63,0.5,15.9,78.0
2026-04-30 13:59:56,NDLS,Clear,0.2,8.12,0.7,21.5,92.9
2026-06-25 07:36:51,NDLS,Fog,0.78,3.28,0.2,38.3,88.6
2026-01-15 17:27:14,NDLS,Rain,0.16,7.65,8.3,11.1,64.8
2026-01-03 07:17:35,NDLS,Cloudy,0.33,7.59,0.2,29.8,76.9
2026-01-06 00:07:21,NDLS,Clear,0.1,8.99,0.4,28.1,86.8
2026-06-18 21:30:05,NDLS,Rain,0.32,5.47,6.3,25.1,80.5
2026-04-10 13:28:12,NDLS,Clear,0.2,7.91,0.2,25.1,67.5
2026-01-30 07:35:06,NDLS,Clear,0.31,7.88,0.3,31.3,86.4
2026-02-17 16:56:42,NDLS,Clear,0.3,7.18,1.1,38.0,74.8
2026-02-13 07:29:51,NDLS,Rain,0.28,6.34,12.1,39.6,20.0
2026-02-06 04:12:18,NDLS,Clear,0.18,8.5,0.5,15.5,79.4
2026-06-28 11:49:15,NDLS,Clear,0.11,9.15,0.3,16.2,68.9
2026-06-13 18:56:30,NDLS,Clear,0.57,4.62,0.6,22.7,78.0
2026-04-12 16:26:35,NDLS,Clear,0.2,8.25,1.1,31.1,30.8
2026-05-21 15:52:55,NDLS,Clear,0.36,6.68,0.1,10.9,66.8
2026-01-15 03:04:15,NDLS,Cloudy,0.09,9.64,1.0,27.7,66.9
2026-01-21 03:18:17,NDLS,Clear,0.08,9.8,1.4,32.4,57.0
2026-03-12 08:49:41,NDLS,Cloudy,0.16,8.67,1.0,37.2,20.0
2026-03-31 13:33:17,NDLS,Clear,0.32,6.93,0.9,35.7,100.0
2026-05-17 11:12:54,NDLS,Rain,0.17,6.8,4.3,39.7,49.0
2026-06-01 04:42:42,NDLS,Rain,0.08,8.38,12.8,30.0,49.2
2026-03-27 17:35:27,NDLS,Rain,0.34,5.25,9.3,9.1,80.3
2026-03-13 09:45:40,NDLS,Cloudy,0.08,9.41,0.9,33.6,52.8
2026-04-10 17:38:52,NDLS,Rain,0.46,4.89,3.9,22.1,88.8
2026-05-28 20:10:13,NDLS,Clear,0.49,5.73,0.3,25.0,66.2
2026-04-26 15:09:59,NDLS,Clear,0.36,6.54,0.6,21.2,61.3
2026-03-01 13:15:38,NDLS,Clear,0.35,6.99,0.3,22.1,83.3
2026-01-27 13:50:34,NDLS,Clear,0.21,8.37,1.2,30.4,52.9
2026-02-05 16:27:16,NDLS,Clear,0.28,6.53,0.4,27.0,59.1
2026-06-29 16:54:21,NDLS,Fog,0.69,3.63,0.4,18.2,48.9
2026-05-06 03:16:54,NDLS,Cloudy,0.15,8.78,0.3,20.9,58.7
2026-05-13 05:47:20,NDLS,Clear,0.18,8.51,0.0,22.1,87.5
2026-03-17 23:01:07,NDLS,Clear,0.03,9.05,0.3,29.0,66.2
2026-05-16 02:48:41,NDLS,Clear,0.2,8.43,0.6,12.0,80.9
2026-05-07 03:42:26,NDLS,Clear,0.24,8.16,1.4,18.5,66.3
2026-04-24 20:59:48,NDLS,Rain,0.19,7.16,2.6,29.3,42.3
2026-04-08 09:08:46,NDLS,Clear,0.31,7.97,1.1,15.2,62.1
2026-01-03 15:32:35,NDLS,Rain,0.52,4.61,13.8,29.2,79.9
2026-05-30 22:38:05,NDLS,Fog,0.54,5.36,0.3,22.7,62.0
2026-03-26 20:10:22,NDLS,Clear,0.21,8.79,0.4,25.8,95.3
2026-02-14 03:30:07,NDLS,Fog,0.89,1.9,0.9,16.1,100.0
2026-02-14 03:47:13,NDLS,Rain,0.27,5.97,11.4,24.8,69.3
2026-03-30 06:15:46,NDLS,Clear,0.6,5.23,0.3,28.2,88.7
2026-06-06 13:39:59,NDLS,Clear,0.48,5.77,0.0,32.6,55.1
2026-06-15 22:25:47,NDLS,Clear,0.2,8.15,1.4,32.9,53.2
2026-01-17 16:26:09,NDLS,Cloudy,0.43,6.51,1.2,28.6,75.2
2026-02-20 03:08:41,NDLS,Rain,0.35,4.8,9.6,20.7,68.6
2026-02-04 08:12:28,NDLS,Clear,0.32,6.45,1.1,22.0,54.8
2026-01-25 12:59:37,NDLS,Rain,0.58,4.21,8.3,26.4,59.6
2026-06-28 03:55:42,NDLS,Clear,0.19,8.66,0.4,23.0,100.0
2026-05-13 09:48:26,NDLS,Clear,0.3,7.31,0.7,13.6,31.7
2026-01-19 09:44:46,NDLS,Clear,0.15,8.88,1.0,16.5,40.4
2026-02-28 00:28:07,NDLS,Cloudy,0.07,9.13,0.8,29.3,60.9
2026-05-02 06:01:38,NDLS,Cloudy,0.17,8.23,0.8,26.2,67.3
2026-04-05 14:44:21,NDLS,Clear,0.21,9.24,1.0,25.7,89.2
2026-05-02 12:26:03,NDLS,Clear,0.27,7.53,0.1,23.6,39.8
2026-01-28 10:10:30,NDLS,Clear,0.34,7.27,0.5,40.3,49.2
2026-05-06 19:53:48,NDLS,Cloudy,0.13,9.32,0.9,14.5,42.5
2026-04-16 00:14:23,NDLS,Clear,0.09,8.71,1.3,31.7,77.4
2026-02-18 14:04:54,NDLS,Fog,0.88,3.0,0.9,14.5,62.4
2026-05-12 15:48:21,NDLS,Clear,0.09,8.93,1.0,26.1,65.0
2026-04-19 16:22:17,NDLS,Fog,0.54,5.24,1.2,45.7,100.0
2026-05-25 10:01:04,NDLS,Fog,0.83,2.8,0.7,5.5,84.3
2026-04-25 21:47:50,NDLS,Cloudy,0.5,5.45,0.5,21.6,54.0
2026-06-12 15:31:49,NDLS,Fog,0.87,2.52,1.0,27.1,87.3
2026-02-16 06:46:12,NDLS,Clear,0.31,7.52,0.9,32.2,82.4
2026-05-19 00:56:59,NDLS,Clear,0.19,8.23,0.8,32.3,48.5
2026-01-03 06:34:06,NDLS,Fog,0.59,4.62,0.9,27.3,63.3
2026-02-08 20:43:44,NDLS,Clear,0.29,7.51,1.4,26.7,42.2
2026-06-12 11:36:45,NDLS,Clear,0.22,7.86,0.0,33.0,72.9
2026-04-10 18:19:21,NDLS,Cloudy,0.3,6.93,1.1,18.9,20.0
2026-01-23 07:49:13,NDLS,Rain,0.25,6.84,6.1,25.2,88.8
2026-06-16 16:13:05,NDLS,Clear,0.19,8.67,0.3,24.9,69.1
2026-01-08 12:13:46,NDLS,Clear,0.86,2.87,0.7,23.3,85.5
2026-03-17 20:26:06,NDLS,Cloudy,0.15,8.2,1.0,29.7,46.7
2026-05-30 11:55:13,NDLS,Clear,0.25,8.29,1.3,28.6,61.2
2026-05-26 07:02:27,NDLS,Clear,0.6,5.54,1.4,19.1,80.7
2026-03-18 21:05:33,NDLS,Cloudy,0.37,6.29,0.9,22.7,63.6
2026-03-29 19:53:29,NDLS,Clear,0.26,7.92,0.7,28.8,71.8
2026-03-30 20:53:10,NDLS,Cloudy,0.31,7.88,1.0,27.7,89.3
2026-04-26 14:56:30,NDLS,Clear,0.44,6.27,0.4,22.2,61.1
2026-06-26 00:06:27,NDLS,Fog,0.77,2.52,1.4,28.2,94.4
2026-02-04 23:05:09,NDLS,Cloudy,0.52,4.85,0.5,18.7,70.9
2026-04-11 12:18:04,NDLS,Fog,0.57,4.95,0.5,12.7,86.7
2026-06-06 06:08:33,NDLS,Clear,0.13,9.09,0.5,30.1,67.2
2026-03-28 04:18:24,NDLS,Cloudy,0.3,7.38,1.3,17.4,97.3
2026-03-17 21:46:59,NDLS,Clear,0.32,6.94,0.4,23.1,76.3
2026-01-08 07:07:16,NDLS,Clear,0.3,8.06,0.5,19.5,68.8
2026-02-13 20:54:43,NDLS,Clear,0.24,8.31,0.7,29.8,100.0
2026-01-13 21:20:33,NDLS,Rain,0.2,6.67,10.9,19.3,57.9
2026-03-30 14:04:30,NDLS,Clear,0.37,6.63,0.0,34.1,82.8
2026-04-15 23:51:08,NDLS,Fog,0.59,5.81,1.1,35.6,84.2
2026-02-02 21:41:06,NDLS,Cloudy,0.3,7.93,0.1,15.4,94.2
2026-01-20 14:00:23,NDLS,Cloudy,0.01,9.91,0.2,24.7,71.8
2026-03-25 17:48:12,NDLS,Clear,0.13,8.32,0.3,15.4,67.7
2026-06-20 22:50:12,NDLS,Clear,0.09,9.19,1.1,34.0,36.2
2026-05-02 11:14:42,NDLS,Rain,0.05,8.07,13.7,23.2,57.7
2026-04-18 08:00:06,NDLS,Clear,0.33,7.65,1.3,29.7,84.2
2026-04-27 17:44:53,NDLS,Clear,0.21,8.35,0.0,36.4,54.7
2026-06-29 02:37:50,NDLS,Clear,0.13,8.84,0.1,33.1,43.4
2026-06-14 08:27:00,NDLS,Clear,0.18,8.75,1.0,32.6,66.6
2026-06-17 19:36:46,NDLS,Rain,0.29,6.02,9.3,29.3,58.3
2026-03-28 20:13:41,NDLS,Clear,0.71,3.69,1.1,18.0,76.9
2026-05-28 11:52:00,NDLS,Clear,0.14,8.85,1.1,17.9,46.1
2026-03-16 14:32:50,NDLS,Clear,0.41,6.29,0.7,17.4,68.9
2026-04-06 17:53:22,NDLS,Clear,0.6,4.53,0.6,27.8,66.9
2026-04-14 21:10:38,NDLS,Clear,0.28,8.05,0.5,14.4,61.4
2026-01-08 02:04:03,NDLS,Clear,0.65,3.68,1.2,32.0,48.7
2026-03-31 14:46:32,NDLS,Clear,0.19,8.22,0.3,19.6,57.3
2026-03-05 06:24:27,NDLS,Clear,0.25,7.3,0.1,32.1,52.0
2026-04-08 12:00:51,NDLS,Clear,0.74,3.63,0.5,21.8,71.3
2026-04-27 22:55:18,NDLS,Clear,0.16,8.94,0.1,28.6,67.4
2026-04-30 19:15:37,NDLS,Fog,0.72,3.97,0.0,22.1,93.2
2026-02-01 06:04:57,NDLS,Clear,0.26,8.57,0.5,26.0,91.6
2026-05-05 19:15:10,NDLS,Cloudy,0.23,8.1,0.6,26.8,54.2
2026-05-28 09:46:07,NDLS,Clear,0.24,7.85,1.5,29.1,51.0
2026-01-28 21:55:47,NDLS,Clear,0.39,6.66,1.2,15.8,55.7
2026-03-13 23:27:06,NDLS,Rain,0.16,7.29,2.8,34.7,64.2
2026-03-22 01:12:18,NDLS,Clear,0.3,8.19,0.3,22.1,63.4
2026-06-05 05:47:14,NDLS,Fog,0.39,6.15,0.9,17.2,60.5
2026-01-18 09:31:11,NDLS,Fog,0.51,5.56,0.2,32.2,74.6
2026-01-08 07:22:19,NDLS,Cloudy,0.24,8.07,0.6,27.1,65.2
2026-06-19 18:35:13,NDLS,Clear,0.31,7.23,1.1,22.4,62.0
2026-03-21 01:23:29,NDLS,Rain,0.19,7.91,21.9,15.5,55.6
2026-01-02 12:10:42,NDLS,Cloudy,0.42,6.15,1.2,21.6,45.6
2026-03-07 17:10:29,NDLS,Cloudy,0.13,9.48,1.3,14.9,81.8
2026-06-15 11:04:44,NDLS,Clear,0.41,6.43,0.7,18.7,66.9
2026-03-15 22:47:38,NDLS,Clear,0.37,7.06,1.4,38.6,71.7
2026-04-10 09:52:40,NDLS,Fog,0.51,6.08,0.5,32.0,100.0
2026-05-07 08:11:02,NDLS,Clear,0.06,9.18,0.8,21.2,72.2
2026-03-04 05:29:34,NDLS,Rain,0.1,8.51,4.6,9.7,72.0
2026-02-21 01:10:14,NDLS,Fog,0.43,6.52,0.4,13.6,70.9
2026-03-07 15:16:32,NDLS,Cloudy,0.19,9.14,0.1,22.0,47.1
2026-05-15 20:08:59,NDLS,Clear,0.06,9.38,0.8,17.6,72.2
2026-02-17 06:53:45,NDLS,Clear,0.45,6.4,1.4,21.6,60.7
2026-05-23 04:17:10,NDLS,Fog,0.67,5.14,1.4,18.5,56.9
2026-06-08 07:02:45,NDLS,Rain,0.13,8.58,26.2,30.8,76.3
2026-03-23 04:38:43,NDLS,Cloudy,0.23,7.81,1.2,19.9,56.9
2026-04-17 20:41:23,NDLS,Clear,0.1,8.93,1.2,21.4,55.8
2026-02-22 15:00:32,NDLS,Clear,0.32,7.19,1.3,25.2,50.5
2026-05-04 10:15:41,NDLS,Rain,0.5,4.22,10.1,18.5,83.2
2026-06-09 08:06:51,NDLS,Rain,0.05,8.2,13.7,15.0,40.2
2026-06-02 09:47:40,NDLS,Clear,0.32,6.6,0.3,27.8,83.7
2026-06-26 07:59:39,NDLS,Fog,0.72,2.93,1.5,13.0,64.8
2026-03-20 13:05:17,NDLS,Rain,0.21,6.72,16.7,23.2,21.0
2026-03-12 11:19:22,NDLS,Cloudy,0.38,6.47,0.6,33.1,63.0
2026-01-24 02:46:43,NDLS,Cloudy,0.18,8.37,0.2,37.2,97.8
2026-02-27 23:45:56,NDLS,Clear,0.21,8.73,1.2,20.9,52.9
2026-05-06 08:34:34,NDLS,Cloudy,0.4,6.99,0.5,27.8,39.4
2026-06-14 07:41:38,NDLS,Clear,0.19,7.73,0.1,32.2,21.4
2026-04-14 04:47:41,NDLS,Cloudy,0.59,4.83,0.1,16.9,87.1
2026-06-29 20:24:52,NDLS,Fog,0.71,3.73,1.4,21.0,72.2
2026-01-28 05:26:09,NDLS,Clear,0.2,8.2,0.6,18.2,59.7
2026-03-27 06:02:19,NDLS,Clear,0.15,8.84,0.8,27.9,66.7
2026-05-11 02:03:13,NDLS,Clear,0.33,8.19,1.1,24.6,71.9
2026-06-23 15:28:01,NDLS,Rain,0.59,3.76,8.4,27.5,78.4
2026-06-17 19:55:05,NDLS,Clear,0.15,8.0,1.2,2.0,90.9
2026-02-04 02:58:47,NDLS,Rain,0.1,7.66,7.1,21.0,72.4
2026-04-27 12:23:20,NDLS,Cloudy,0.32,7.49,1.4,36.5,83.8
2026-04-16 14:11:04,NDLS,Clear,0.25,8.39,1.1,22.0,77.8
2026-02-20 04:08:09,NDLS,Clear,0.54,5.28,1.1,10.2,96.6
2026-05-18 14:53:09,NDLS,Cloudy,0.39,7.22,0.3,22.8,62.7
2026-03-19 06:55:27,NDLS,Cloudy,0.17,8.53,1.1,21.0,60.4
2026-03-18 00:01:47,NDLS,Clear,0.32,7.5,0.7,18.8,66.4
2026-04-15 08:02:09,NDLS,Clear,0.31,7.51,0.5,19.3,80.9
2026-03-22 08:54:49,NDLS,Cloudy,0.26,8.52,1.3,31.7,59.9
2026-04-09 18:29:40,NDLS,Clear,0.5,5.41,0.6,12.5,68.4
2026-01-08 09:25:40,NDLS,Rain,0.17,7.76,5.5,13.1,52.4
2026-06-28 05:13:36,NDLS,Fog,0.82,3.34,1.2,31.3,50.0
2026-02-07 15:43:04,NDLS,Clear,0.37,6.74,1.1,9.6,20.0
2026-03-28 23:48:40,NDLS,Cloudy,0.45,5.81,0.9,26.9,85.0
2026-01-24 00:29:19,NDLS,Fog,0.68,5.43,1.4,11.4,100.0
2026-01-10 15:50:31,NDLS,Cloudy,0.19,8.76,0.6,23.2,89.6
2026-05-17 04:11:44,NDLS,Clear,0.12,8.52,1.3,26.7,56.7
2026-03-12 05:21:35,NDLS,Cloudy,0.45,5.17,0.2,36.6,83.6
2026-03-30 04:38:32,NDLS,Clear,0.5,5.56,0.3,11.8,74.6
2026-03-04 14:00:04,NDLS,Fog,0.77,3.12,0.6,14.2,91.1
2026-02-26 17:10:03,NDLS,Clear,0.33,8.08,0.0,16.4,83.0
2026-05-28 19:46:51,NDLS,Clear,0.69,4.38,1.0,26.5,39.5
2026-06-30 08:52:05,NDLS,Clear,0.12,8.84,1.0,33.4,43.7
2026-04-22 23:28:20,NDLS,Rain,0.46,4.53,12.2,5.8,75.9
2026-03-03 07:48:29,NDLS,Clear,0.1,8.66,1.2,37.2,38.4
2026-06-08 23:16:35,NDLS,Clear,0.22,8.21,0.1,16.7,80.6
2026-03-19 21:56:04,NDLS,Clear,0.28,7.78,1.4,29.0,77.3
2026-04-21 23:59:21,NDLS,Clear,0.32,8.17,1.4,17.1,77.5
2026-04-02 08:36:48,NDLS,Clear,0.54,4.89,0.4,29.3,68.1
2026-05-31 13:01:42,NDLS,Clear,0.22,8.3,0.1,20.4,89.3
2026-01-23 10:52:31,NDLS,Cloudy,0.43,7.22,1.2,16.0,88.7
2026-03-20 12:27:41,NDLS,Clear,0.5,5.55,0.1,17.4,71.4
2026-02-08 07:25:23,NDLS,Clear,0.11,8.4,0.8,35.6,50.2
2026-06-12 03:49:02,NDLS,Clear,0.69,4.57,1.0,28.4,100.0
2026-02-28 10:15:32,NDLS,Clear,0.12,8.83,0.5,20.8,45.7
2026-06-21 13:58:45,NDLS,Clear,0.36,7.48,0.0,28.6,91.5
2026-05-04 09:09:43,NDLS,Clear,0.27,7.84,0.1,20.6,71.5
2026-01-07 20:46:17,NDLS,Clear,0.37,6.67,1.1,8.1,47.0
2026-04-07 23:01:43,NDLS,Rain,0.69,3.3,6.4,29.3,92.8
2026-01-27 20:00:28,NDLS,Clear,0.42,6.59,1.3,29.5,46.8
2026-04-03 17:42:24,NDLS,Clear,0.1,8.91,0.8,26.8,44.7
2026-02-25 05:30:19,NDLS,Rain,0.32,5.91,18.0,39.5,36.6
2026-06-21 04:05:16,NDLS,Clear,0.31,7.62,0.7,25.7,93.1
2026-05-24 11:10:58,NDLS,Fog,0.41,6.56,0.2,18.4,55.4
2026-04-23 02:38:11,NDLS,Clear,0.31,7.32,1.0,23.7,60.6
2026-06-17 05:46:32,NDLS,Clear,0.12,8.31,0.5,17.5,83.6
2026-01-06 05:56:01,NDLS,Rain,0.5,4.87,2.2,15.8,77.0
2026-05-15 04:20:37,NDLS,Cloudy,0.19,7.51,1.3,23.5,65.8
2026-06-19 20:44:03,NDLS,Rain,0.16,7.32,18.9,27.8,73.9
2026-04-04 10:10:17,NDLS,Clear,0.24,8.43,1.5,31.6,47.9
2026-01-05 03:47:47,NDLS,Clear,0.11,9.3,0.5,20.4,54.1
2026-06-08 05:14:40,NDLS,Clear,0.16,8.14,0.8,23.1,44.3
2026-05-06 21:11:22,NDLS,Clear,0.35,7.3,0.1,29.2,58.7
2026-04-19 04:02:14,NDLS,Cloudy,0.04,9.39,0.1,30.1,71.5
2026-06-06 15:21:55,NDLS,Rain,0.22,7.21,6.1,29.6,43.7
2026-01-06 04:59:49,NDLS,Fog,0.56,5.32,0.3,26.5,84.7
2026-06-04 04:27:33,NDLS,Rain,0.31,5.73,7.4,15.5,44.8
2026-03-19 04:36:20,NDLS,Cloudy,0.3,6.68,0.2,27.7,44.1
2026-03-11 19:09:55,NDLS,Clear,0.43,6.12,1.2,21.0,80.7
2026-02-17 15:51:31,NDLS,Cloudy,0.19,9.17,1.2,11.7,70.9
2026-02-23 22:17:58,NDLS,Rain,0.12,8.07,15.3,14.7,54.0
2026-02-11 02:22:50,NDLS,Fog,0.77,2.97,0.5,30.1,73.4
2026-02-03 02:47:56,NDLS,Clear,0.36,6.23,0.9,16.5,85.4
2026-05-17 18:24:31,NDLS,Clear,0.5,5.68,0.5,14.7,75.9
2026-05-07 01:02:59,NDLS,Clear,0.32,7.78,0.6,20.0,68.7
2026-01-21 22:19:57,NDLS,Clear,0.47,6.25,0.0,12.2,89.6
2026-05-03 11:33:04,NDLS,Cloudy,0.18,9.06,1.4,26.0,61.8
2026-06-06 21:35:58,NDLS,Clear,0.44,6.9,0.7,22.8,65.3
2026-04-01 06:57:01,NDLS,Fog,0.78,3.59,0.7,21.3,100.0
2026-06-24 06:44:19,NDLS,Clear,0.03,9.91,0.4,19.7,85.1
2026-02-22 08:50:30,NDLS,Fog,0.64,4.93,0.4,29.8,81.2
2026-01-08 01:42:23,NDLS,Clear,0.22,8.23,1.2,18.2,56.4
2026-04-11 11:33:21,NDLS,Clear,0.08,9.73,0.7,25.2,53.4
2026-01-21 12:13:00,NDLS,Clear,0.32,7.31,1.5,27.2,73.0
2026-04-21 12:49:54,NDLS,Clear,0.3,7.02,1.3,15.9,71.6
2026-06-17 08:10:59,NDLS,Cloudy,0.52,5.19,0.8,35.3,54.1
2026-04-07 16:51:09,NDLS,Clear,0.36,5.56,0.6,17.7,69.0
2026-05-26 20:28:42,NDLS,Clear,0.41,6.02,0.9,22.7,84.3
2026-06-28 13:13:17,NDLS,Clear,0.14,9.11,1.0,14.9,57.7
2026-03-24 05:30:22,NDLS,Cloudy,0.32,7.39,1.0,23.9,64.7
2026-02-09 12:57:05,NDLS,Fog,0.88,2.25,0.2,14.4,64.3
2026-04-18 15:33:39,NDLS,Clear,0.1,9.04,1.2,19.9,69.2
2026-05-18 04:22:25,NDLS,Clear,0.05,9.81,1.4,27.3,88.6
2026-03-13 11:29:17,NDLS,Clear,0.09,9.03,0.6,20.0,67.7
2026-05-08 07:04:50,NDLS,Clear,0.25,8.13,0.9,30.8,61.4
2026-05-07 09:40:10,NDLS,Fog,0.39,6.16,1.2,32.0,58.2
2026-02-24 18:36:20,NDLS,Cloudy,0.3,7.09,0.2,18.7,74.3
2026-02-04 13:04:58,NDLS,Cloudy,0.15,8.97,0.8,30.7,77.9
2026-01-14 02:41:18,NDLS,Clear,0.29,7.78,1.5,29.4,67.5
2026-01-13 21:47:33,NDLS,Rain,0.45,4.74,20.2,51.6,91.1
2026-01-17 15:27:36,NDLS,Cloudy,0.35,6.79,0.7,13.4,72.6
2026-05-27 05:59:43,NDLS,Cloudy,0.18,8.3,0.9,35.2,52.8
2026-02-20 15:25:09,NDLS,Clear,0.19,8.32,1.4,29.1,64.8
2026-01-30 14:04:20,NDLS,Clear,0.66,4.39,1.0,14.4,78.9
2026-05-08 09:58:09,NDLS,Clear,0.43,6.48,0.6,16.0,71.1
2026-06-08 06:00:40,NDLS,Clear,0.34,6.89,0.9,28.1,91.6
2026-03-25 02:15:21,NDLS,Rain,0.12,8.65,16.6,22.9,68.3
2026-02-23 17:18:06,NDLS,Cloudy,0.02,9.55,0.5,29.5,72.6
2026-01-21 02:20:37,NDLS,Clear,0.41,6.31,1.0,14.2,49.2
2026-03-18 00:37:47,NDLS,Cloudy,0.27,7.91,1.2,33.5,60.5
2026-06-06 16:15:28,NDLS,Clear,0.53,5.62,0.2,36.6,81.0
2026-01-05 18:30:39,NDLS,Clear,0.35,6.86,1.0,19.5,47.7
2026-03-21 20:36:48,NDLS,Clear,0.25,8.52,0.6,28.9,99.0
2026-03-06 04:46:27,NDLS,Fog,0.46,5.49,0.6,34.9,90.8
2026-05-17 19:41:39,NDLS,Clear,0.22,8.48,0.8,17.5,43.3
2026-05-16 09:38:31,NDLS,Clear,0.31,8.29,1.0,7.8,94.2
2026-03-28 21:46:58,NDLS,Rain,0.16,7.58,12.3,35.2,62.4
2026-03-18 16:36:01,NDLS,Clear,0.23,7.76,1.2,27.7,63.6
2026-05-17 17:19:40,NDLS,Clear,0.29,7.78,0.7,35.6,56.9
2026-05-12 12:03:39,NDLS,Clear,0.56,5.67,0.2,23.4,67.6
2026-04-29 09:04:12,NDLS,Rain,0.09,8.78,14.0,16.8,57.3
2026-06-10 07:47:20,NDLS,Fog,0.88,2.99,0.5,26.3,100.0
2026-01-28 09:41:28,NDLS,Cloudy,0.73,3.08,1.4,23.7,72.3
2026-03-29 13:43:22,NDLS,Cloudy,0.02,9.64,1.3,30.8,75.4
2026-04-02 01:26:44,NDLS,Rain,0.3,6.26,10.5,24.7,55.1
2026-05-23 13:31:43,NDLS,Clear,0.43,5.3,0.9,24.5,59.6
2026-05-30 08:09:34,NDLS,Clear,0.12,8.75,0.5,31.5,82.9
2026-01-08 07:55:11,NDLS,Cloudy,0.29,7.42,0.2,14.1,54.0
2026-04-27 03:00:00,NDLS,Cloudy,0.39,6.98,0.7,24.9,60.0
2026-05-09 03:15:11,NDLS,Clear,0.21,8.38,1.2,25.2,76.4
2026-06-19 02:12:24,NDLS,Clear,0.47,6.07,0.5,39.9,64.3
2026-01-15 20:38:08,NDLS,Clear,0.17,7.98,1.3,7.5,41.5
2026-05-26 14:12:40,NDLS,Cloudy,0.24,7.49,1.1,27.5,44.8
2026-04-03 06:30:59,NDLS,Clear,0.26,7.77,0.1,32.4,56.2
2026-01-17 11:45:20,NDLS,Clear,0.33,7.88,0.1,19.9,40.5
2026-04-21 13:06:15,NDLS,Fog,0.58,4.24,1.0,22.3,70.3
2026-03-05 19:17:55,NDLS,Cloudy,0.11,9.06,0.9,13.9,60.4
2026-02-22 17:56:22,NDLS,Clear,0.1,9.92,1.1,24.6,71.6
2026-02-01 10:57:07,NDLS,Rain,0.26,6.57,3.9,19.4,80.3
2026-04-16 08:31:55,NDLS,Clear,0.2,8.37,0.8,19.8,68.5
2026-04-18 01:07:48,NDLS,Clear,0.18,8.91,0.1,27.0,78.8
2026-06-19 19:36:56,NDLS,Clear,0.09,9.19,1.4,37.5,70.9
2026-04-10 01:18:59,NDLS,Clear,0.2,8.37,0.0,29.1,51.0
2026-02-04 12:20:11,NDLS,Rain,0.31,6.7,4.8,14.0,38.1
2026-02-23 15:00:09,NDLS,Clear,0.22,8.31,0.5,33.7,62.9
2026-01-17 07:37:10,NDLS,Clear,0.46,5.33,0.2,23.0,64.3
2026-04-16 13:29:00,NDLS,Cloudy,0.1,9.36,1.5,11.4,26.3
2026-04-20 05:11:40,NDLS,Fog,0.43,6.27,0.6,19.3,48.5
2026-06-01 13:53:18,NDLS,Clear,0.2,9.02,0.1,39.8,44.2
2026-01-12 19:02:57,NDLS,Clear,0.3,6.57,0.1,39.2,93.9
2026-01-09 17:01:52,NDLS,Cloudy,0.29,8.08,0.9,27.6,53.2
2026-05-09 01:03:58,NDLS,Cloudy,0.55,5.41,1.3,29.3,58.1
2026-06-17 06:51:21,NDLS,Clear,0.13,9.14,1.1,28.4,57.7
2026-06-11 03:07:23,NDLS,Clear,0.48,6.14,1.5,24.8,74.2
2026-04-11 08:18:46,NDLS,Clear,0.24,7.09,1.0,36.4,56.0
2026-04-06 12:46:00,NDLS,Clear,0.22,8.9,0.1,6.9,51.4
2026-04-10 10:37:55,NDLS,Rain,0.28,6.21,24.8,17.9,66.3
2026-05-01 07:36:40,NDLS,Fog,1.0,1.38,0.9,23.8,99.3
2026-02-02 18:46:16,NDLS,Clear,0.22,8.37,1.2,30.0,64.4
2026-01-31 22:16:39,NDLS,Cloudy,0.04,9.74,0.6,8.7,62.1
2026-01-26 02:03:34,NDLS,Clear,0.38,7.03,0.5,20.8,59.5
2026-01-09 22:59:18,NDLS,Cloudy,0.36,7.01,0.9,30.8,73.0
2026-03-21 07:36:17,NDLS,Clear,0.13,9.0,1.1,22.5,65.6
2026-05-02 13:02:11,NDLS,Clear,0.46,6.35,0.7,25.5,63.7
2026-01-31 13:24:52,NDLS,Clear,0.14,9.48,0.8,20.7,65.1
2026-04-10 20:13:17,NDLS,Rain,0.11,8.09,14.5,41.1,97.4
2026-06-28 10:51:14,NDLS,Clear,0.32,7.25,1.0,23.7,58.8
2026-01-30 11:21:16,NDLS,Rain,0.15,8.47,8.2,20.3,76.6
2026-04-19 18:14:19,NDLS,Cloudy,0.19,8.91,0.9,12.8,88.8
2026-06-02 09:19:15,NDLS,Rain,0.11,6.95,9.7,10.6,97.4
2026-02-18 02:54:57,NDLS,Fog,0.6,5.08,1.0,22.7,85.0
2026-06-30 03:31:14,NDLS,Clear,0.39,6.94,1.4,16.6,73.8
2026-03-04 02:04:43,NDLS,Cloudy,0.28,7.5,1.3,25.9,71.2
2026-01-29 12:18:00,NDLS,Cloudy,0.17,8.28,0.7,20.7,43.3
2026-06-26 14:44:00,NDLS,Cloudy,0.26,8.67,1.1,41.2,47.1
2026-02-03 04:22:38,NDLS,Clear,0.35,6.91,0.9,21.4,93.8
2026-02-12 06:45:23,NDLS,Cloudy,0.5,6.21,1.5,37.6,52.7
2026-01-31 20:49:49,NDLS,Cloudy,0.16,8.19,0.5,26.0,61.0
2026-02-20 00:18:34,NDLS,Clear,0.27,7.34,0.0,24.4,79.2
2026-02-01 02:46:01,NDLS,Clear,0.22,8.19,0.3,34.1,64.6
2026-05-29 13:40:10,NDLS,Cloudy,0.19,8.15,1.0,26.2,45.7
2026-02-10 08:53:53,NDLS,Clear,0.24,8.47,0.5,10.1,80.1
2026-03-02 08:38:30,NDLS,Cloudy,0.72,4.22,1.1,14.5,99.3
2026-02-04 13:37:27,NDLS,Fog,0.42,6.15,1.2,21.4,82.7
2026-02-06 00:10:45,NDLS,Cloudy,0.15,8.81,0.6,22.0,38.3
2026-02-07 00:50:57,NDLS,Clear,0.13,8.13,0.1,23.4,81.6
2026-04-11 16:13:30,NDLS,Rain,0.22,7.02,6.7,18.6,75.4
2026-03-13 16:48:37,NDLS,Fog,0.66,4.6,0.7,39.6,93.1
2026-04-16 17:10:24,NDLS,Cloudy,0.25,8.18,0.3,16.5,57.8
2026-04-08 16:15:17,NDLS,Cloudy,0.23,8.87,0.6,33.1,78.6
2026-04-07 12:04:27,NDLS,Clear,0.44,5.73,0.3,29.9,38.2
2026-01-20 18:24:20,NDLS,Clear,0.16,7.86,1.4,19.6,79.7
2026-05-23 03:38:11,NDLS,Clear,0.34,6.15,0.2,26.9,79.0
2026-03-18 13:56:12,NDLS,Fog,0.87,2.61,1.2,28.2,66.9
2026-02-23 22:36:06,NDLS,Rain,0.43,4.84,12.3,32.2,89.0
2026-01-11 12:02:04,NDLS,Cloudy,0.1,8.63,0.9,24.7,100.0
2026-02-19 11:29:18,NDLS,Clear,0.09,9.49,1.5,26.9,70.7
2026-02-02 19:00:14,NDLS,Clear,0.59,5.0,1.5,26.2,66.4
2026-02-11 15:55:11,NDLS,Rain,0.14,7.62,10.4,22.5,20.7
2026-05-08 01:08:42,NDLS,Fog,1.0,1.71,0.8,36.0,41.9
2026-03-03 08:28:19,NDLS,Rain,0.29,6.31,32.8,19.1,59.9
2026-06-01 09:47:55,NDLS,Clear,0.12,9.3,0.8,16.5,99.2
2026-03-23 21:57:31,NDLS,Clear,0.58,5.05,0.4,31.3,68.6
2026-01-29 20:28:51,NDLS,Clear,0.42,6.81,0.5,6.7,33.4
2026-03-17 22:58:22,NDLS,Cloudy,0.1,8.54,0.2,27.7,30.9
2026-05-27 17:43:06,NDLS,Clear,0.44,6.43,0.6,23.3,59.3
2026-06-01 13:28:10,NDLS,Clear,0.38,5.7,0.9,14.8,78.4
2026-02-08 11:04:30,NDLS,Clear,0.17,7.69,1.5,12.7,47.4
2026-02-07 22:59:24,NDLS,Clear,0.25,7.97,0.8,15.5,89.3
2026-03-09 08:58:11,NDLS,Clear,0.32,7.03,0.8,11.8,72.3
2026-04-10 04:01:34,NDLS,Cloudy,0.22,8.39,1.0,27.7,84.4
2026-01-13 12:20:39,NDLS,Clear,0.57,5.06,0.2,26.7,62.4
2026-05-08 12:53:09,NDLS,Fog,0.8,3.61,0.6,13.3,60.7
2026-03-11 10:55:14,NDLS,Clear,0.37,6.81,0.7,34.5,99.6
2026-04-30 06:51:15,NDLS,Clear,0.37,6.58,0.0,19.8,76.8
2026-05-14 18:00:46,NDLS,Clear,0.09,9.08,0.9,12.8,72.6
2026-03-09 09:40:44,NDLS,Clear,0.06,11.06,0.7,21.7,88.1
2026-01-30 16:36:40,NDLS,Clear,0.47,5.69,0.9,12.7,87.5
2026-02-28 02:47:20,NDLS,Rain,0.08,8.25,13.5,18.3,92.2
2026-05-13 15:47:40,NDLS,Clear,0.45,6.13,1.2,17.8,70.1
2026-06-25 03:49:41,NDLS,Cloudy,0.24,8.02,0.7,24.8,36.6
2026-02-18 14:36:03,NDLS,Clear,0.45,7.03,0.1,16.2,86.5
2026-04-19 22:15:59,NDLS,Clear,0.03,9.31,0.2,14.8,60.9
2026-06-07 14:33:05,NDLS,Clear,0.39,5.95,0.1,24.1,55.3
2026-01-08 20:07:01,NDLS,Fog,0.49,6.05,1.5,17.8,60.1
2026-03-05 05:29:01,NDLS,Fog,0.81,2.66,1.4,22.5,97.2
2026-03-23 04:25:55,NDLS,Clear,0.39,7.09,0.2,23.1,76.7
2026-05-30 02:15:31,NDLS,Cloudy,0.03,10.22,1.3,16.2,76.0
2026-06-23 10:36:37,NDLS,Cloudy,0.46,4.85,1.5,34.6,59.5
2026-02-13 00:03:54,NDLS,Cloudy,0.21,7.22,0.3,17.2,40.2
2026-01-05 09:59:17,NDLS,Cloudy,0.2,8.56,1.2,22.1,69.2
2026-01-24 20:57:58,NDLS,Clear,0.4,6.86,0.5,23.1,92.7
2026-05-20 03:16:42,NDLS,Rain,0.26,6.5,5.7,16.7,63.8
2026-06-03 15:58:57,NDLS,Clear,0.3,7.7,0.0,18.1,56.3
2026-01-07 18:50:18,NDLS,Clear,0.4,7.22,1.3,23.0,83.2
2026-04-03 12:07:53,NDLS,Clear,0.24,7.38,1.1,31.8,50.8
2026-02-03 02:26:30,NDLS,Fog,0.48,6.09,1.0,13.1,79.3
2026-01-28 10:45:52,NDLS,Clear,0.54,5.42,0.0,25.1,55.3
2026-01-21 18:57:46,NDLS,Clear,0.34,6.73,0.8,6.1,56.8
2026-06-26 06:56:04,NDLS,Rain,0.74,2.42,7.0,32.7,70.3
2026-03-28 12:40:14,NDLS,Clear,0.25,7.37,0.8,16.2,20.0
2026-02-14 08:35:17,NDLS,Clear,0.42,6.48,0.6,31.3,85.7
2026-06-09 05:01:53,NDLS,Clear,0.56,5.98,0.6,21.2,52.7
2026-02-15 21:37:26,NDLS,Clear,0.23,7.94,0.4,17.1,50.6
2026-01-15 13:41:22,NDLS,Rain,0.54,4.76,5.0,32.2,70.8
2026-01-23 16:33:53,NDLS,Rain,0.33,6.51,2.3,22.4,54.5
2026-04-25 02:16:21,NDLS,Cloudy,0.32,7.17,1.0,32.1,64.2
2026-03-14 05:53:38,NDLS,Clear,0.33,7.67,0.3,25.5,89.5
2026-05-27 22:53:22,NDLS,Rain,0.2,8.12,6.7,30.6,83.4
2026-03-03 00:27:53,NDLS,Clear,0.58,5.3,1.1,25.2,100.0
2026-04-01 13:35:12,NDLS,Clear,0.16,8.57,1.0,16.2,67.8
2026-04-24 22:07:42,NDLS,Clear,0.46,5.18,1.2,29.4,66.5
2026-05-15 00:31:50,NDLS,Clear,0.58,4.94,1.2,18.3,57.2
2026-06-05 20:57:07,NDLS,Clear,0.59,5.12,0.5,9.5,80.7
2026-06-13 19:40:42,NDLS,Clear,0.33,7.43,0.8,9.0,59.5
2026-01-21 03:50:34,NDLS,Clear,0.05,9.16,1.1,22.9,64.4
2026-05-21 04:12:00,NDLS,Cloudy,0.12,8.71,1.2,18.2,61.2
2026-03-10 18:35:34,NDLS,Fog,0.66,5.09,1.3,13.4,45.1
2026-04-23 12:41:36,NDLS,Clear,0.12,9.44,0.3,21.6,35.7
2026-05-07 11:55:56,NDLS,Clear,0.22,8.21,0.5,31.2,42.2
2026-03-08 14:45:02,NDLS,Clear,0.42,6.44,1.4,24.9,65.0
2026-05-02 23:12:49,NDLS,Clear,0.19,7.68,0.3,19.8,42.9
2026-03-23 13:35:59,NDLS,Rain,0.57,4.11,9.4,25.2,30.6
2026-06-03 14:16:04,NDLS,Clear,0.04,9.46,1.2,30.4,66.1
2026-05-19 21:58:07,NDLS,Clear,0.5,5.9,0.6,32.8,54.4
2026-02-25 20:22:21,NDLS,Rain,0.38,5.24,4.3,19.9,49.1
2026-01-15 12:52:56,NDLS,Clear,0.21,8.83,0.9,4.5,80.5
2026-02-17 21:16:01,NDLS,Clear,0.17,8.33,0.6,24.2,50.7
2026-04-26 05:59:13,NDLS,Fog,0.65,4.97,1.2,34.1,68.2
2026-05-22 02:54:08,NDLS,Fog,0.73,4.54,1.0,26.7,71.2
2026-01-15 20:35:44,NDLS,Fog,0.95,2.43,0.1,17.8,100.0
2026-05-13 21:46:16,NDLS,Clear,0.48,5.46,0.3,19.6,27.0
2026-04-22 04:43:39,NDLS,Fog,0.63,4.37,0.2,26.4,55.4
2026-04-03 16:04:28,NDLS,Fog,0.68,3.64,0.3,27.6,67.4
2026-01-27 21:19:11,NDLS,Clear,0.07,9.6,0.4,25.6,78.2
2026-05-11 04:41:11,NDLS,Clear,0.28,7.92,1.4,32.7,79.1
2026-04-03 07:14:45,NDLS,Cloudy,0.08,9.12,1.3,24.8,60.9
2026-03-14 00:58:01,NDLS,Clear,0.17,8.8,0.6,17.7,78.2
2026-06-02 11:26:38,NDLS,Clear,0.07,9.4,0.4,19.6,83.5
2026-04-21 20:34:55,NDLS,Fog,0.57,5.49,1.3,14.9,81.1
2026-02-03 08:17:57,NDLS,Fog,1.0,0.9,0.5,27.2,63.4
2026-01-02 18:42:58,NDLS,Fog,0.82,2.34,1.5,25.4,86.5
2026-04-05 13:58:49,NDLS,Fog,0.68,3.68,0.2,21.5,74.1
2026-03-02 07:37:13,NDLS,Clear,0.29,6.89,0.4,19.6,59.6
2026-04-13 14:13:58,NDLS,Rain,0.36,6.16,6.0,25.8,67.2
2026-02-14 12:44:18,NDLS,Cloudy,0.36,7.51,0.6,23.3,99.3
2026-02-26 15:53:21,NDLS,Clear,0.17,8.65,0.7,34.2,54.0
2026-02-18 18:55:06,NDLS,Clear,0.34,6.89,1.1,27.8,48.6
2026-05-13 11:08:09,NDLS,Clear,0.29,7.48,0.5,29.7,82.9
2026-05-23 15:48:24,NDLS,Clear,0.21,8.41,0.8,14.6,88.2
2026-04-25 17:18:13,NDLS,Cloudy,0.24,7.1,1.3,20.4,63.3
2026-01-08 15:58:04,NDLS,Clear,0.16,9.74,1.0,32.2,75.8
2026-03-26 17:54:07,NDLS,Rain,0.17,6.77,9.2,25.4,85.9
2026-03-28 15:55:53,NDLS,Clear,0.26,7.68,0.4,35.6,64.8
2026-05-17 16:32:39,NDLS,Cloudy,0.71,3.5,0.6,38.5,82.0
2026-01-11 02:37:16,NDLS,Fog,0.62,4.27,0.1,20.0,46.3
2026-01-19 12:49:09,NDLS,Clear,0.6,4.54,0.2,29.4,51.5
2026-05-14 15:39:35,NDLS,Fog,0.39,6.19,1.1,21.0,91.3
2026-04-16 11:18:24,NDLS,Rain,0.21,6.52,7.8,19.1,56.4
2026-06-18 00:47:42,NDLS,Cloudy,0.39,7.02,0.5,22.2,87.6
2026-01-01 16:34:36,NDLS,Clear,0.41,6.52,0.9,17.8,48.6
2026-02-17 14:06:52,NDLS,Clear,0.47,6.25,0.9,27.9,95.4
2026-05-04 02:18:38,NDLS,Clear,0.18,9.21,1.0,25.2,68.8
2026-04-01 21:35:21,NDLS,Clear,0.32,7.66,0.7,22.5,72.6
2026-02-06 13:42:03,NDLS,Fog,0.71,4.06,0.1,15.4,62.1
2026-05-02 09:04:33,NDLS,Cloudy,0.09,8.51,0.1,22.1,70.8
2026-03-12 09:00:49,NDLS,Clear,0.22,8.42,1.5,29.1,89.7
2026-01-09 16:04:51,NDLS,Clear,0.69,4.85,0.1,17.6,94.2
2026-02-11 20:51:37,NDLS,Cloudy,0.29,8.12,1.1,32.9,66.5
2026-01-23 18:43:05,NDLS,Cloudy,0.3,7.68,0.3,20.6,70.4
2026-01-27 20:13:02,NDLS,Clear,0.36,6.74,0.4,13.0,70.6
2026-06-27 20:39:24,NDLS,Rain,0.06,8.15,4.2,15.0,76.9
2026-01-05 19:21:05,NDLS,Clear,0.14,8.89,0.4,23.8,74.6
2026-02-17 14:31:54,NDLS,Clear,0.39,6.7,0.4,18.5,73.3
2026-02-21 17:54:56,NDLS,Clear,0.52,4.53,0.8,35.1,46.3
2026-02-02 18:17:45,NDLS,Cloudy,0.57,4.34,0.8,27.0,71.3
2026-02-20 06:54:47,NDLS,Clear,0.54,5.05,0.4,25.0,20.0
2026-03-05 13:03:48,NDLS,Clear,0.68,4.42,0.7,26.7,40.9
2026-04-27 04:38:39,NDLS,Cloudy,0.11,8.4,0.8,21.0,83.0
2026-02-24 05:00:50,NDLS,Clear,0.05,9.96,0.4,32.1,61.9
2026-04-03 11:45:08,NDLS,Clear,0.57,5.18,1.5,21.0,64.4
2026-02-13 11:36:51,NDLS,Clear,0.34,7.45,0.9,25.4,82.5
2026-02-14 14:08:24,NDLS,Clear,0.12,8.91,1.2,22.8,60.4
2026-05-30 03:08:56,NDLS,Cloudy,0.07,10.23,1.3,20.6,89.8
2026-05-26 14:28:56,NDLS,Clear,0.06,9.45,0.8,28.9,82.0
2026-05-15 15:00:06,NDLS,Cloudy,0.22,8.14,1.4,13.9,89.1
2026-04-30 01:11:43,NDLS,Rain,0.49,5.11,3.0,21.8,100.0
2026-06-26 14:11:13,NDLS,Fog,0.85,2.68,1.3,17.6,100.0
2026-03-05 19:06:23,NDLS,Rain,0.24,6.31,11.7,4.7,41.0
2026-03-26 06:40:00,NDLS,Clear,0.25,8.47,0.1,43.7,74.9
2026-02-01 06:00:54,NDLS,Clear,0.44,5.97,0.1,25.3,54.1
2026-02-16 04:39:34,NDLS,Cloudy,0.07,9.48,0.2,24.5,70.0
2026-04-03 04:01:41,NDLS,Clear,0.12,9.89,0.1,31.7,38.4
2026-03-10 11:51:52,NDLS,Clear,0.49,6.18,1.0,42.6,90.1
2026-05-03 03:13:31,NDLS,Clear,0.09,9.48,1.5,30.9,85.4
2026-03-19 08:16:29,NDLS,Clear,0.48,4.96,0.2,44.1,74.2
2026-01-29 03:23:25,NDLS,Cloudy,0.36,7.37,1.4,14.7,52.0
2026-01-15 09:09:01,NDLS,Clear,0.22,7.91,0.1,15.1,85.0
2026-05-09 19:09:16,NDLS,Cloudy,0.15,8.99,0.4,26.8,68.8
2026-05-10 06:09:57,NDLS,Cloudy,0.1,10.01,0.1,19.6,100.0
2026-02-01 16:17:17,NDLS,Fog,0.77,3.86,0.7,24.8,75.3
2026-06-12 19:48:47,NDLS,Fog,0.44,6.9,0.4,17.4,81.1
2026-04-06 06:32:03,NDLS,Fog,0.78,3.66,0.5,25.7,25.2
2026-05-05 18:19:02,NDLS,Clear,0.07,8.9,0.1,26.4,51.5
2026-04-07 02:41:25,NDLS,Rain,0.18,7.32,5.4,17.8,69.0
2026-03-13 09:07:03,NDLS,Clear,0.35,7.7,1.0,2.7,65.7
2026-02-10 17:07:56,NDLS,Cloudy,0.5,5.54,0.2,32.6,56.1
2026-05-08 22:01:17,NDLS,Cloudy,0.45,7.14,1.1,38.6,91.4
2026-04-01 18:45:37,NDLS,Clear,0.27,7.26,0.2,23.7,35.3
2026-05-06 20:08:03,NDLS,Clear,0.37,7.09,0.0,13.9,58.7
2026-01-09 17:31:11,NDLS,Clear,0.53,4.84,1.5,22.1,35.9
2026-02-20 20:05:47,NDLS,Cloudy,0.38,6.26,0.5,14.7,44.5
2026-02-22 11:33:07,NDLS,Rain,0.19,5.93,1.2,38.5,76.7
2026-06-05 01:54:42,NDLS,Clear,0.17,8.89,0.5,27.9,62.8
2026-02-20 20:47:37,NDLS,Rain,0.04,8.11,19.5,33.3,73.7
2026-06-03 04:08:21,NDLS,Clear,0.37,6.97,0.0,28.9,64.5
2026-06-23 09:52:29,NDLS,Rain,0.14,7.53,22.1,29.2,62.5
2026-03-28 09:41:51,NDLS,Fog,0.84,3.93,1.4,14.4,85.1
2026-05-30 02:38:00,NDLS,Clear,0.44,5.57,0.9,26.8,69.7
2026-01-19 11:51:48,NDLS,Clear,0.33,6.94,0.2,19.6,48.7
2026-04-12 09:01:54,NDLS,Clear,0.31,6.31,0.6,15.5,100.0
2026-02-21 12:48:53,NDLS,Cloudy,0.14,8.73,0.5,16.9,57.5
2026-01-19 04:12:18,NDLS,Clear,0.44,5.86,0.3,37.4,51.8
2026-04-28 03:46:35,NDLS,Fog,0.7,3.6,0.8,20.1,66.7
2026-01-02 00:51:07,NDLS,Clear,0.7,4.36,0.3,31.8,74.5
2026-05-02 07:20:58,NDLS,Clear,0.44,6.7,1.4,12.3,74.5
2026-06-08 16:37:15,NDLS,Cloudy,0.34,6.6,1.4,25.9,68.4
2026-05-07 18:22:16,NDLS,Clear,0.09,9.65,1.3,21.6,60.6
2026-03-07 10:49:53,NDLS,Cloudy,0.24,8.44,0.8,8.1,72.7
2026-02-18 07:21:14,NDLS,Cloudy,0.48,6.12,0.7,18.1,79.4
2026-02-24 10:11:20,NDLS,Cloudy,0.37,6.82,0.4,22.8,87.1
2026-03-27 02:22:07,NDLS,Clear,0.15,9.37,0.7,19.1,51.4
2026-01-21 22:40:59,NDLS,Cloudy,0.12,9.01,0.0,10.2,41.9
2026-05-07 07:31:11,NDLS,Clear,0.66,5.42,0.1,32.0,72.1
2026-02-21 01:36:35,NDLS,Clear,0.32,7.49,0.0,31.3,49.1
2026-03-25 23:03:34,NDLS,Cloudy,0.38,6.77,0.5,14.6,57.6
2026-03-02 06:41:56,NDLS,Clear,0.22,8.3,0.5,25.9,68.6
2026-06-10 00:13:22,NDLS,Clear,0.46,5.7,0.3,35.1,37.5
2026-02-25 15:21:24,NDLS,Clear,0.05,9.18,1.2,11.8,71.3
2026-05-29 08:42:35,NDLS,Fog,0.51,5.47,1.2,12.8,98.9
2026-05-30 06:22:01,NDLS,Rain,0.24,6.72,34.5,14.2,87.8
2026-05-16 02:32:38,NDLS,Clear,0.42,6.58,0.8,27.5,100.0
2026-06-30 02:37:24,NDLS,Clear,0.28,8.77,0.1,20.9,69.2
2026-03-25 01:16:54,NDLS,Clear,0.16,8.53,1.1,23.0,25.9
2026-02-25 01:21:01,NDLS,Rain,0.2,7.31,34.3,32.9,65.7
2026-06-23 23:33:20,NDLS,Cloudy,0.26,7.41,1.5,21.0,73.4
2026-06-09 09:47:28,NDLS,Clear,0.32,7.18,0.3,24.2,79.2
2026-04-04 20:29:00,NDLS,Cloudy,0.34,7.71,1.0,25.6,59.5
2026-01-05 12:43:27,NDLS,Clear,0.47,5.7,0.6,42.9,82.4
2026-01-30 19:08:38,NDLS,Cloudy,0.52,6.43,0.0,23.3,61.9
2026-02-12 23:16:51,NDLS,Clear,0.53,4.98,1.2,36.6,95.0
2026-01-04 16:47:38,NDLS,Clear,0.38,6.4,0.8,26.6,74.5
2026-01-03 11:26:21,NDLS,Cloudy,0.29,7.13,0.9,40.7,72.0
2026-04-09 15:32:04,NDLS,Rain,0.42,5.16,3.9,28.5,57.8
2026-06-22 15:12:40,NDLS,Fog,0.58,5.29,0.0,47.0,64.1
2026-03-30 02:05:21,NDLS,Clear,0.57,5.08,0.0,31.9,53.8
2026-05-31 15:14:27,NDLS,Clear,0.23,8.66,1.1,19.9,30.8
2026-04-07 04:05:16,NDLS,Clear,0.71,3.52,0.6,32.3,54.2
2026-04-28 19:31:41,NDLS,Clear,0.07,9.09,0.1,16.9,58.8
2026-06-08 00:52:46,NDLS,Clear,0.41,6.76,1.2,20.5,86.8
2026-06-16 12:07:35,NDLS,Clear,0.17,9.2,0.6,15.5,78.0
2026-04-11 07:34:12,NDLS,Clear,0.03,9.91,0.8,28.6,94.3
2026-04-27 23:15:34,NDLS,Clear,0.07,9.2,0.3,4.9,32.7
2026-06-27 01:38:26,NDLS,Clear,0.45,6.79,1.3,33.6,65.5
2026-01-03 21:03:26,NDLS,Clear,0.23,8.28,0.1,30.9,76.0
2026-03-24 19:04:58,NDLS,Clear,0.3,8.1,0.5,10.2,70.6
2026-03-17 04:38:02,NDLS,Clear,0.21,7.48,0.6,38.9,52.7
2026-05-30 02:51:57,NDLS,Cloudy,0.42,5.88,0.6,36.9,74.1
2026-01-27 19:24:43,NDLS,Clear,0.22,8.08,0.8,32.0,57.8
2026-05-10 11:02:30,NDLS,Clear,0.32,7.96,0.5,41.8,63.4
2026-03-28 08:46:24,NDLS,Clear,0.18,8.58,0.7,37.0,58.0
2026-01-28 19:22:26,NDLS,Clear,0.61,5.72,0.3,3.8,82.7
2026-03-07 21:18:15,NDLS,Rain,0.28,6.0,5.1,19.7,75.7
2026-05-10 06:48:22,NDLS,Rain,0.36,6.27,10.5,40.5,68.4
2026-05-29 12:51:57,NDLS,Clear,0.14,9.19,1.2,38.8,52.3
2026-02-07 09:35:25,NDLS,Clear,0.24,7.65,0.6,21.0,68.9
2026-04-02 08:29:00,NDLS,Cloudy,0.57,4.28,0.4,22.1,83.1
2026-02-03 02:43:36,NDLS,Rain,0.24,6.39,16.0,19.5,65.0
2026-02-04 22:45:15,NDLS,Fog,0.56,5.19,0.6,19.0,50.4
2026-06-26 10:57:47,NDLS,Rain,0.16,6.8,9.2,28.9,59.9
2026-06-15 07:32:05,NDLS,Rain,0.18,7.36,13.8,8.3,70.2
2026-03-24 13:33:47,NDLS,Clear,0.38,6.3,1.0,31.6,46.1
2026-01-07 00:59:50,NDLS,Rain,0.0,8.65,7.3,24.6,88.6
2026-02-26 12:45:38,NDLS,Rain,0.25,6.51,13.6,20.1,51.2
2026-01-24 18:02:58,NDLS,Clear,0.42,6.75,0.5,24.0,82.9
2026-01-09 15:16:32,NDLS,Fog,0.43,6.08,0.8,15.6,71.8
2026-01-19 20:19:34,NDLS,Cloudy,0.09,9.11,1.5,33.7,72.6
2026-02-03 11:42:49,NDLS,Clear,0.49,6.66,0.9,18.0,87.5
2026-06-27 10:57:19,NDLS,Clear,0.1,9.31,0.2,22.5,47.1
2026-04-24 19:11:03,NDLS,Cloudy,0.22,8.15,0.1,30.2,66.7
2026-06-21 12:58:52,NDLS,Cloudy,0.31,7.73,0.6,33.3,68.5
2026-03-27 09:14:54,NDLS,Clear,0.16,8.34,1.0,20.2,65.9
2026-06-08 07:34:58,NDLS,Clear,0.13,8.57,1.4,25.0,69.6
2026-01-03 03:17:39,NDLS,Clear,0.24,7.5,1.0,24.9,75.6
2026-01-22 00:54:44,NDLS,Clear,0.14,8.59,0.4,16.0,29.7
2026-06-03 13:12:53,NDLS,Rain,0.22,7.43,8.2,28.5,77.1
2026-02-07 14:52:08,NDLS,Clear,0.15,8.69,1.0,23.7,72.2
2026-01-11 22:47:57,NDLS,Cloudy,0.32,7.39,1.4,12.3,50.9
2026-04-19 10:37:57,NDLS,Clear,0.25,8.49,0.9,7.1,96.5
2026-04-07 01:39:30,NDLS,Fog,0.52,4.99,0.1,28.8,64.2
2026-03-24 10:15:34,NDLS,Clear,0.27,7.39,1.1,12.2,76.5
2026-05-11 01:53:35,NDLS,Clear,0.21,7.37,1.1,25.3,88.7
2026-03-08 12:23:38,NDLS,Clear,0.46,5.94,0.8,38.3,100.0
2026-05-20 07:39:40,NDLS,Clear,0.51,5.2,0.9,11.9,100.0
2026-04-30 16:44:23,NDLS,Clear,0.14,8.66,0.6,36.4,66.9
2026-03-27 19:50:03,NDLS,Clear,0.1,9.6,1.1,26.6,66.3
2026-04-10 02:31:18,NDLS,Cloudy,0.16,8.35,1.2,26.2,58.8
2026-06-07 23:39:17,NDLS,Cloudy,0.33,8.26,1.4,25.7,47.7
2026-04-13 21:54:47,NDLS,Cloudy,0.62,4.48,0.2,34.7,68.0
2026-04-18 00:47:47,NDLS,Clear,0.48,6.51,1.0,14.0,53.4
2026-03-13 17:42:14,NDLS,Cloudy,0.17,7.92,1.4,27.2,81.0
2026-03-07 01:55:40,NDLS,Cloudy,0.36,6.37,0.7,34.4,81.4
2026-03-20 03:10:15,NDLS,Clear,0.27,7.48,0.8,24.4,67.9
2026-01-01 05:23:17,NDLS,Clear,0.04,9.84,0.8,9.7,33.9
2026-02-14 12:36:28,NDLS,Clear,0.07,9.34,0.1,40.3,68.1
2026-02-20 02:59:33,NDLS,Clear,0.37,7.25,0.7,20.4,78.8
2026-04-22 07:13:03,NDLS,Cloudy,0.23,7.91,0.6,25.3,51.8
2026-05-26 04:03:37,NDLS,Clear,0.18,8.9,1.2,31.8,75.2
2026-01-27 16:24:06,NDLS,Fog,0.52,6.79,0.5,14.1,68.5
2026-03-05 18:35:25,NDLS,Clear,0.21,8.77,1.3,38.8,91.5
2026-06-14 18:50:57,NDLS,Clear,0.15,8.73,0.3,21.1,86.6
2026-05-09 22:42:52,NDLS,Rain,0.2,6.85,2.6,14.0,28.7
2026-04-20 19:50:53,NDLS,Fog,0.81,3.82,1.4,23.8,88.0
2026-04-29 02:42:36,NDLS,Cloudy,0.38,7.02,1.2,26.4,93.9
2026-01-05 17:14:41,NDLS,Clear,0.34,7.16,0.3,30.7,83.8
2026-06-12 06:19:12,NDLS,Clear,0.29,7.42,0.9,27.8,92.1
2026-01-01 16:28:14,NDLS,Clear,0.11,9.42,0.0,35.7,45.3
2026-05-20 17:09:33,NDLS,Rain,0.41,4.48,4.8,8.1,92.7
2026-06-14 23:32:26,NDLS,Fog,0.61,4.23,0.0,12.8,56.9
2026-05-27 12:03:32,NDLS,Clear,0.39,6.35,0.7,26.0,82.2
2026-03-01 11:52:01,NDLS,Clear,0.35,6.95,0.3,32.8,88.6
2026-06-11 15:22:56,NDLS,Clear,0.4,6.81,0.5,25.5,71.1
2026-05-17 14:57:59,NDLS,Clear,0.47,5.67,1.2,30.6,67.8
2026-01-15 00:43:51,NDLS,Cloudy,0.56,4.96,0.6,27.3,23.1
2026-05-21 18:37:31,NDLS,Clear,0.3,7.91,1.0,7.2,32.1
2026-06-22 00:40:42,NDLS,Fog,0.68,4.72,0.3,22.2,73.4
2026-01-22 06:05:02,NDLS,Rain,0.53,5.15,15.2,11.6,64.3
2026-06-11 03:32:11,NDLS,Clear,0.19,7.95,0.8,15.4,63.4
2026-04-09 18:17:37,NDLS,Clear,0.12,9.22,0.1,11.0,49.1
2026-01-19 23:01:43,NDLS,Rain,0.12,8.73,9.2,26.0,69.1
2026-02-25 06:19:14,NDLS,Cloudy,0.1,9.28,0.7,19.0,59.8
2026-03-28 10:01:27,NDLS,Clear,0.33,6.76,1.3,26.6,52.3
2026-02-12 14:46:01,NDLS,Clear,0.25,7.93,1.4,31.2,29.9
2026-06-08 20:47:41,NDLS,Clear,0.18,8.48,0.6,28.9,59.3
2026-04-07 10:15:35,NDLS,Clear,0.16,7.99,1.2,20.6,22.3
2026-02-07 22:49:12,NDLS,Clear,0.16,9.2,1.2,28.7,73.0
2026-05-31 05:35:20,NDLS,Clear,0.29,7.93,1.1,15.1,51.6
2026-04-19 12:54:34,NDLS,Clear,0.3,7.94,1.2,29.9,48.5
2026-04-14 00:46:49,NDLS,Fog,0.79,3.52,0.5,20.3,37.6
2026-06-14 17:32:58,NDLS,Clear,0.12,8.92,1.4,9.6,59.4
2026-01-15 15:37:41,NDLS,Clear,0.4,6.81,0.4,37.0,51.0
2026-04-23 08:45:21,NDLS,Fog,0.84,3.3,0.1,34.4,75.0
2026-05-23 21:53:15,NDLS,Fog,0.62,4.81,1.1,33.6,67.8
2026-03-24 23:43:32,NDLS,Clear,0.31,6.61,0.5,21.4,50.7
2026-05-13 14:03:23,NDLS,Cloudy,0.44,5.94,0.2,29.5,79.4
2026-01-26 17:26:32,NDLS,Clear,0.11,9.34,1.5,28.8,100.0
2026-03-11 20:01:30,NDLS,Fog,0.46,5.82,0.6,17.5,63.1
2026-05-26 16:05:06,NDLS,Cloudy,0.23,7.76,0.3,31.3,34.3
2026-02-14 17:32:51,NDLS,Clear,0.36,6.47,0.6,34.4,57.0
2026-03-20 00:00:13,NDLS,Fog,0.93,2.01,0.0,27.4,85.6
2026-03-12 09:56:32,NDLS,Clear,0.13,8.37,1.1,12.2,57.8
2026-05-15 21:37:43,NDLS,Cloudy,0.34,6.99,1.4,32.4,96.7
2026-05-16 15:52:54,NDLS,Clear,0.69,3.54,0.5,22.3,82.3
2026-04-27 16:18:48,NDLS,Fog,0.74,4.01,0.0,31.0,76.3
2026-05-24 04:04:18,NDLS,Rain,0.08,8.18,2.4,20.0,52.3
2026-03-23 09:25:40,NDLS,Clear,0.24,8.04,0.8,37.3,57.8
2026-04-10 08:41:49,NDLS,Rain,0.14,7.52,9.9,18.5,44.6
2026-02-28 04:31:47,NDLS,Clear,0.1,9.47,0.5,38.5,82.0
2026-01-25 18:30:36,NDLS,Clear,0.47,5.4,0.8,27.9,86.4
2026-04-30 20:23:18,NDLS,Cloudy,0.28,8.22,0.2,24.0,57.1
2026-01-29 23:54:09,NDLS,Clear,0.55,6.33,0.4,39.5,59.6
2026-04-19 20:05:45,NDLS,Cloudy,0.3,7.8,0.9,18.9,83.1
2026-05-12 04:38:43,NDLS,Clear,0.2,7.95,0.9,21.9,100.0
2026-03-24 03:58:16,NDLS,Fog,0.82,2.54,0.8,29.9,39.8
2026-02-21 19:16:34,NDLS,Clear,0.35,6.88,1.3,14.0,57.7
2026-06-23 09:36:13,NDLS,Cloudy,0.06,9.33,0.7,30.8,79.3
2026-06-28 10:52:03,NDLS,Clear,0.15,8.44,0.4,10.1,52.5
2026-01-13 06:55:20,NDLS,Clear,0.19,8.49,0.0,23.9,47.9
2026-01-28 23:45:08,NDLS,Clear,0.35,6.62,0.9,27.9,88.2
2026-01-03 21:45:53,NDLS,Clear,0.22,8.07,0.2,23.7,85.5
2026-05-25 17:50:07,NDLS,Clear,0.06,9.44,1.0,15.5,41.8
2026-03-05 22:07:17,NDLS,Clear,0.07,9.77,0.7,10.1,78.2
2026-01-23 04:24:06,NDLS,Cloudy,0.14,8.79,0.2,18.8,75.2
2026-01-30 18:32:52,NDLS,Clear,0.31,7.76,1.4,27.8,89.2
2026-04-29 10:55:33,NDLS,Clear,0.3,7.95,1.1,-3.4,95.3
2026-02-26 14:38:36,NDLS,Fog,0.62,4.83,1.4,13.8,57.2
2026-02-19 23:36:09,NDLS,Fog,0.5,5.79,1.3,5.8,73.0
2026-01-12 07:30:40,NDLS,Clear,0.45,6.21,0.3,29.1,68.7
2026-01-11 16:26:20,NDLS,Fog,0.72,4.15,0.3,33.0,78.4
2026-06-27 19:55:54,NDLS,Clear,0.17,7.51,0.8,23.6,73.8
2026-06-27 14:54:11,NDLS,Cloudy,0.16,7.75,1.2,16.5,66.9
2026-04-08 01:33:11,NDLS,Fog,0.48,5.97,0.9,19.0,50.8
2026-06-29 21:25:49,NDLS,Rain,0.11,7.8,4.0,18.6,39.8
2026-03-31 02:18:32,NDLS,Cloudy,0.65,3.63,0.1,22.6,72.6
2026-05-25 05:38:05,NDLS,Cloudy,0.21,8.08,0.3,21.4,94.6
2026-06-27 14:23:53,NDLS,Clear,0.21,8.47,0.8,30.6,52.3
2026-06-08 11:06:08,NDLS,Clear,0.11,9.64,1.2,22.0,50.3
2026-06-16 02:56:25,NDLS,Clear,0.1,9.21,1.0,18.2,65.8
2026-02-04 15:56:11,NDLS,Fog,0.66,4.76,1.3,28.4,60.0
2026-05-13 03:23:14,NDLS,Cloudy,0.25,7.68,0.6,29.0,68.5
2026-01-06 09:24:05,NDLS,Clear,0.12,8.5,1.0,31.6,64.0
2026-06-08 11:41:04,NDLS,Clear,0.18,9.71,0.1,16.0,62.1
2026-05-08 16:57:11,NDLS,Cloudy,0.69,3.67,0.9,12.0,100.0
2026-02-06 12:38:41,NDLS,Rain,0.61,4.36,11.2,18.2,99.3
2026-03-11 08:25:45,NDLS,Clear,0.16,9.1,1.0,27.8,55.9
2026-02-19 18:21:54,NDLS,Cloudy,0.36,7.16,0.3,27.3,77.8
2026-03-16 19:24:40,NDLS,Fog,0.42,7.3,1.3,10.8,96.7
2026-04-10 23:31:25,NDLS,Clear,0.42,6.34,1.5,30.6,69.4
2026-01-12 06:17:59,NDLS,Clear,0.49,6.41,1.0,24.3,76.5
2026-06-17 15:29:42,NDLS,Clear,0.2,7.8,0.4,10.2,74.4
2026-04-02 17:07:09,NDLS,Clear,0.17,8.74,0.1,37.7,73.0
2026-02-03 20:57:20,NDLS,Cloudy,0.18,8.33,1.2,34.0,80.4
2026-05-07 08:36:07,NDLS,Clear,0.34,6.68,0.3,27.0,65.1
2026-03-23 22:49:33,NDLS,Clear,0.17,8.01,1.4,30.3,69.8
2026-05-17 12:35:11,NDLS,Clear,0.58,4.86,0.4,24.4,92.5
2026-03-22 13:06:37,NDLS,Fog,0.75,3.59,1.1,30.5,85.3
2026-05-09 18:36:31,NDLS,Clear,0.66,5.11,0.9,20.3,79.2
2026-03-11 12:34:37,NDLS,Cloudy,0.33,6.4,1.1,50.4,67.6
2026-02-17 06:34:12,NDLS,Rain,0.03,8.56,15.7,29.1,45.5
2026-04-18 06:35:36,NDLS,Clear,0.25,7.61,1.4,46.5,70.2
2026-03-05 19:19:38,NDLS,Cloudy,0.14,8.7,1.1,18.7,68.9
2026-02-13 07:15:08,NDLS,Clear,0.49,6.23,0.8,28.6,20.0
2026-06-18 02:30:20,NDLS,Clear,0.2,7.89,0.4,26.3,71.4
2026-03-15 20:41:09,NDLS,Cloudy,0.55,5.69,1.3,17.3,56.6
2026-06-24 12:44:16,NDLS,Clear,0.17,8.23,0.8,21.0,62.1
2026-01-09 17:55:27,NDLS,Clear,0.3,6.66,1.1,35.2,65.3
2026-03-18 09:05:17,NDLS,Cloudy,0.25,7.72,1.3,19.9,70.8
2026-01-01 21:29:44,NDLS,Clear,0.3,6.86,1.1,23.7,46.8
2026-01-12 21:48:34,NDLS,Clear,0.23,8.88,1.0,14.4,76.8
2026-02-15 22:21:38,NDLS,Cloudy,0.29,6.48,0.6,23.2,88.5
2026-02-23 08:06:16,NDLS,Cloudy,0.42,6.48,0.1,18.9,47.4
2026-01-03 08:14:29,NDLS,Clear,0.16,8.57,0.9,13.5,69.8
2026-03-29 03:18:54,NDLS,Clear,0.32,6.59,0.4,21.3,79.7
2026-01-21 21:46:40,NDLS,Clear,0.22,8.25,0.2,26.1,83.0
2026-05-08 18:47:50,NDLS,Cloudy,0.15,8.48,0.2,20.0,94.4
2026-06-02 09:35:05,NDLS,Clear,0.13,8.75,1.4,32.9,65.2
2026-01-02 07:59:21,NDLS,Cloudy,0.26,8.0,0.1,20.9,65.0
2026-04-08 01:32:13,NDLS,Cloudy,0.16,9.04,0.4,21.5,53.7
2026-06-25 14:24:19,NDLS,Clear,0.22,8.27,0.4,14.9,54.5
2026-04-24 18:38:35,NDLS,Clear,0.16,8.99,1.3,24.2,54.5
2026-03-22 09:14:47,NDLS,Clear,0.3,7.26,1.4,27.1,65.7
2026-06-10 18:36:05,NDLS,Rain,0.24,7.54,1.9,23.7,100.0
2026-01-25 10:13:48,NDLS,Clear,0.36,7.17,0.4,38.9,91.9
2026-02-03 21:58:14,NDLS,Clear,0.11,9.28,0.5,29.6,69.1
2026-03-04 17:29:45,NDLS,Clear,0.13,9.8,0.8,18.2,53.2
2026-01-19 07:46:40,NDLS,Cloudy,0.24,7.76,1.0,14.9,51.8
2026-01-16 09:31:50,NDLS,Clear,0.36,6.67,0.9,21.0,77.3
2026-03-19 06:17:33,NDLS,Fog,0.98,1.17,0.6,18.5,83.5
2026-01-11 09:51:29,NDLS,Clear,0.11,8.2,1.1,22.6,100.0
2026-06-24 23:12:05,NDLS,Clear,0.56,5.11,1.0,14.1,75.8
2026-02-20 12:29:20,NDLS,Clear,0.43,6.47,1.5,31.7,86.0
2026-02-18 17:22:56,NDLS,Rain,0.44,4.38,9.7,19.9,36.9
2026-06-03 04:00:04,NDLS,Clear,0.24,8.0,0.7,21.3,68.7
2026-04-16 13:09:56,NDLS,Clear,0.2,7.43,0.3,30.5,62.0
2026-06-17 05:13:41,NDLS,Cloudy,0.72,4.07,1.2,16.2,75.0
2026-04-13 23:49:58,NDLS,Rain,0.15,6.79,4.2,24.9,50.8
2026-05-06 00:54:24,NDLS,Cloudy,0.37,6.67,0.4,21.7,82.7
2026-01-15 11:59:47,NDLS,Rain,0.23,7.35,7.5,26.0,85.9
2026-01-09 10:46:19,NDLS,Clear,0.17,9.26,0.5,25.5,64.7
2026-06-02 22:07:27,NDLS,Clear,0.42,7.29,0.6,28.6,49.1
2026-05-29 12:11:38,NDLS,Cloudy,0.2,8.35,1.2,31.6,64.4
2026-05-31 09:46:56,NDLS,Rain,0.25,6.56,6.0,19.3,100.0
2026-01-28 16:13:45,NDLS,Rain,0.41,4.41,4.6,11.7,53.1
2026-01-02 04:37:31,NDLS,Clear,0.58,5.02,1.4,28.4,62.3
2026-02-27 19:55:44,NDLS,Clear,0.23,8.98,0.1,14.1,57.3
2026-06-16 15:03:52,NDLS,Cloudy,0.28,7.99,1.1,22.3,53.2
2026-05-27 06:19:39,NDLS,Fog,0.6,4.93,0.4,28.0,64.1
2026-03-24 22:03:48,NDLS,Rain,0.3,6.53,2.7,20.9,64.7
2026-02-28 08:32:55,NDLS,Cloudy,0.47,5.78,0.6,15.2,76.4
2026-05-04 03:10:53,NDLS,Rain,0.25,5.74,6.4,20.8,47.5
2026-02-18 10:21:15,NDLS,Clear,0.35,7.41,0.4,25.9,69.0
2026-01-15 22:40:30,NDLS,Fog,0.77,3.81,0.2,26.3,60.9
2026-05-28 01:39:32,NDLS,Clear,0.17,9.12,0.1,30.8,27.7
2026-01-23 00:35:38,NDLS,Clear,0.19,8.5,1.1,32.7,84.2
2026-04-28 05:21:55,NDLS,Rain,0.04,8.48,9.0,32.5,61.2
2026-03-10 16:51:40,NDLS,Clear,0.26,8.12,1.1,26.0,60.1
2026-02-14 18:24:18,NDLS,Cloudy,0.25,8.06,1.1,13.9,67.8
2026-04-26 17:16:24,NDLS,Rain,0.03,8.73,16.0,18.6,20.0
2026-01-23 16:21:21,NDLS,Cloudy,0.26,8.8,0.7,35.0,62.0
2026-04-07 12:57:04,NDLS,Cloudy,0.1,9.19,1.4,14.2,32.0
2026-03-22 14:49:25,NDLS,Clear,0.21,8.56,1.4,29.3,61.8
2026-03-08 00:25:04,NDLS,Cloudy,0.05,9.39,0.5,22.7,44.9
2026-01-12 10:14:32,NDLS,Cloudy,0.36,6.3,0.7,18.7,91.6
2026-05-13 03:46:55,NDLS,Fog,0.56,4.18,0.8,19.4,65.1
2026-02-05 11:14:43,NDLS,Clear,0.3,7.87,1.1,18.9,67.4
2026-03-10 07:32:58,NDLS,Clear,0.51,5.84,0.5,11.5,82.3
2026-03-22 03:23:30,NDLS,Cloudy,0.33,7.38,0.8,17.5,44.0
2026-04-22 22:53:02,NDLS,Fog,0.47,5.71,1.4,27.0,27.5
2026-06-15 07:20:10,NDLS,Clear,0.04,9.25,0.3,25.1,51.0
2026-06-28 06:01:16,NDLS,Cloudy,0.36,7.11,0.9,26.9,33.9
2026-03-29 09:15:20,NDLS,Fog,0.82,2.72,1.4,28.1,64.9
2026-01-04 22:21:57,NDLS,Fog,0.71,3.62,0.3,20.9,69.0
2026-02-03 14:39:36,NDLS,Clear,0.11,9.26,1.0,9.6,79.8
2026-04-23 09:58:55,NDLS,Cloudy,0.41,6.46,1.4,33.7,88.8
2026-05-22 08:39:19,NDLS,Clear,0.06,9.93,0.8,21.4,77.1
2026-03-16 07:39:06,NDLS,Rain,0.35,5.02,26.9,23.2,52.3
2026-02-04 21:28:36,NDLS,Clear,0.73,4.01,0.5,32.6,78.2
2026-06-01 17:57:00,NDLS,Clear,0.08,9.45,0.3,25.0,100.0
2026-05-14 08:09:37,NDLS,Rain,0.27,6.74,3.1,24.1,72.4
2026-04-10 13:37:46,NDLS,Cloudy,0.25,7.98,0.2,36.4,55.5
2026-04-22 04:31:37,NDLS,Clear,0.18,8.32,1.5,11.4,60.4
2026-03-30 00:56:32,NDLS,Cloudy,0.23,8.15,0.8,30.7,83.0
2026-06-02 12:27:27,NDLS,Rain,0.27,6.63,14.0,18.9,74.6
2026-04-22 00:23:13,NDLS,Clear,0.36,5.96,1.1,26.1,100.0
2026-04-07 15:09:00,NDLS,Cloudy,0.09,9.62,0.0,33.0,91.2
2026-02-19 05:55:08,NDLS,Fog,0.7,3.76,1.0,23.7,47.1
2026-03-23 06:57:10,NDLS,Clear,0.07,9.31,0.7,26.2,61.6
2026-06-22 22:51:13,NDLS,Clear,0.44,6.32,0.7,21.4,74.6
2026-05-19 18:04:08,NDLS,Clear,0.23,7.66,0.2,15.8,84.2
2026-04-06 00:15:33,NDLS,Clear,0.31,7.51,0.1,23.3,60.9
2026-03-16 19:52:54,NDLS,Cloudy,0.07,9.65,0.1,32.4,65.1
2026-05-12 21:11:55,NDLS,Clear,0.41,6.0,1.3,40.4,40.9
2026-05-09 06:11:34,NDLS,Clear,0.26,8.13,0.3,27.5,57.9
2026-01-14 00:27:53,NDLS,Fog,0.6,5.23,0.5,12.8,64.8
2026-03-15 18:21:40,NDLS,Clear,0.4,7.34,0.3,24.9,55.5
2026-05-06 03:22:43,NDLS,Clear,0.28,7.11,0.3,34.6,71.0
2026-01-20 04:00:33,NDLS,Clear,0.4,6.38,0.7,38.9,20.6
2026-05-28 16:13:18,NDLS,Fog,0.85,3.28,1.5,25.0,79.2
2026-02-08 03:12:24,NDLS,Fog,0.65,4.15,1.1,4.9,36.4
2026-01-20 15:44:27,NDLS,Clear,0.08,9.37,0.4,31.1,68.5
2026-04-20 10:09:30,NDLS,Cloudy,0.34,7.62,0.3,29.6,74.5
2026-06-27 13:57:46,NDLS,Clear,0.26,7.68,1.0,22.2,56.2
2026-02-21 11:49:06,NDLS,Cloudy,0.45,6.3,0.9,9.5,75.7
2026-04-12 19:08:08,NDLS,Clear,0.22,8.43,0.7,34.2,41.2
2026-04-26 14:43:01,NDLS,Clear,0.39,7.06,1.5,24.5,83.5
2026-03-04 04:02:43,NDLS,Rain,0.08,8.32,5.1,30.6,66.6
2026-05-06 19:24:19,NDLS,Clear,0.24,7.22,0.3,39.3,49.5
2026-02-11 10:03:37,NDLS,Cloudy,0.13,8.32,0.8,14.1,47.2
2026-02-22 07:27:35,NDLS,Rain,0.1,7.73,4.7,25.5,33.7
2026-05-06 08:34:30,NDLS,Cloudy,0.27,7.74,1.0,24.8,98.7
2026-04-06 15:30:41,NDLS,Clear,0.23,7.71,1.0,23.9,100.0
2026-04-11 00:09:54,NDLS,Fog,0.55,5.2,0.1,21.9,46.2
2026-02-28 23:49:32,NDLS,Clear,0.16,8.55,0.5,22.7,44.0
2026-05-28 18:23:54,NDLS,Cloudy,0.59,4.17,0.3,18.3,58.4
2026-04-04 20:30:50,NDLS,Rain,0.26,6.6,16.6,29.5,94.2
2026-05-03 16:38:50,NDLS,Clear,0.2,7.38,0.4,31.9,74.4
2026-02-20 13:51:32,NDLS,Clear,0.46,6.51,0.3,24.5,66.1
2026-05-06 16:09:05,NDLS,Clear,0.26,7.54,0.6,41.9,59.8
2026-05-23 14:05:38,NDLS,Clear,0.17,7.43,0.2,18.4,65.2
2026-06-28 12:36:38,NDLS,Fog,0.7,3.45,1.3,12.9,80.6
2026-04-14 22:32:08,NDLS,Rain,0.39,5.07,9.4,22.5,74.4
2026-05-30 21:39:14,NDLS,Cloudy,0.4,7.38,0.4,25.0,78.7
2026-01-04 12:21:44,NDLS,Fog,0.65,4.31,0.8,22.3,87.9
2026-01-27 22:20:12,NDLS,Clear,0.24,8.24,0.5,18.6,41.2
2026-05-08 15:37:02,NDLS,Fog,0.48,5.89,0.7,10.3,64.8
2026-06-17 09:50:38,NDLS,Clear,0.35,7.36,1.0,32.3,58.8
2026-03-17 19:57:15,NDLS,Clear,0.27,7.31,1.2,35.2,85.0
2026-04-03 08:14:38,NDLS,Clear,0.33,7.02,0.2,35.2,73.9
2026-04-10 21:09:12,NDLS,Clear,0.11,8.8,0.1,34.9,60.2
2026-05-25 06:37:31,NDLS,Rain,0.41,5.11,24.2,39.9,46.5
2026-03-07 15:51:16,NDLS,Clear,0.4,6.38,0.2,33.2,80.0
2026-02-05 20:14:59,NDLS,Clear,0.05,9.75,1.3,32.5,71.1
2026-06-24 22:21:31,NDLS,Clear,0.24,8.35,0.1,16.4,99.3
2026-03-22 21:20:34,NDLS,Fog,0.83,3.06,1.3,17.5,85.0
2026-05-16 16:59:29,NDLS,Clear,0.26,6.8,1.3,5.9,57.6
2026-03-22 21:47:37,NDLS,Cloudy,0.44,5.97,1.3,20.6,75.1
2026-01-23 08:06:25,NDLS,Clear,0.08,9.71,1.5,21.0,66.6
2026-05-18 20:21:15,NDLS,Cloudy,0.45,5.93,0.7,15.6,71.2
2026-04-05 19:14:17,NDLS,Clear,0.53,5.67,1.0,11.5,82.3
2026-03-01 04:22:34,NDLS,Clear,0.23,7.74,0.7,19.3,51.3
2026-04-20 08:46:36,NDLS,Clear,0.45,5.91,0.9,25.9,61.7
2026-03-13 11:04:47,NDLS,Clear,0.25,9.18,1.2,37.6,91.9
2026-04-08 04:54:35,NDLS,Clear,0.44,6.12,1.2,20.6,72.5
2026-01-25 02:50:40,NDLS,Clear,0.22,7.94,0.4,14.1,50.1
2026-06-01 09:53:05,NDLS,Clear,0.41,6.37,0.8,26.5,47.6
2026-03-03 19:17:27,NDLS,Fog,0.47,5.76,0.2,20.1,96.3
2026-02-13 01:03:22,NDLS,Cloudy,0.23,7.92,0.9,27.8,73.8
2026-01-03 03:18:02,NDLS,Rain,0.31,5.25,11.0,23.5,71.5
2026-03-03 12:39:11,NDLS,Cloudy,0.33,7.55,1.0,27.6,71.5
2026-03-02 05:50:57,NDLS,Clear,0.11,9.09,0.3,23.8,69.6
2026-04-27 18:15:31,NDLS,Clear,0.48,5.86,0.1,24.3,56.4
2026-03-07 01:20:50,NDLS,Clear,0.17,9.09,1.5,31.3,60.1
2026-06-07 01:58:46,NDLS,Clear,0.38,6.63,1.1,23.1,80.3
2026-06-30 05:19:40,NDLS,Rain,0.16,8.19,18.3,35.5,68.7
2026-06-21 02:53:52,NDLS,Cloudy,0.4,6.76,0.5,7.5,67.7
2026-03-19 01:32:24,NDLS,Cloudy,0.18,9.47,0.3,33.1,55.4
2026-01-30 09:04:08,NDLS,Fog,0.74,3.18,0.6,36.0,90.2
2026-05-18 07:09:59,NDLS,Clear,0.08,8.92,0.7,12.4,72.9
2026-04-12 23:34:46,NDLS,Fog,0.59,4.9,1.1,25.2,93.7
2026-02-06 05:59:44,NDLS,Clear,0.07,8.61,0.2,26.4,93.6
2026-02-09 17:00:09,NDLS,Clear,0.24,7.39,0.1,16.7,51.1
2026-03-20 02:24:00,NDLS,Clear,0.12,8.67,0.7,27.1,94.1
2026-06-15 05:45:20,NDLS,Clear,0.17,8.02,1.0,20.6,84.7
2026-03-06 08:08:32,NDLS,Cloudy,0.21,8.7,0.3,13.5,98.1
2026-03-20 01:48:56,NDLS,Clear,0.46,5.93,0.8,16.4,55.5
2026-05-31 04:38:08,NDLS,Clear,0.43,6.09,1.1,12.2,69.2
2026-04-18 12:34:03,NDLS,Clear,0.46,6.61,0.6,24.8,100.0
2026-01-02 14:48:41,NDLS,Clear,0.54,5.07,1.0,26.1,51.4
2026-02-14 18:54:32,NDLS,Clear,0.14,7.9,0.7,9.7,76.4
2026-06-23 11:05:01,NDLS,Cloudy,0.1,9.51,1.1,23.5,43.5
2026-01-11 11:54:25,NDLS,Clear,0.07,8.98,1.0,17.4,76.8
2026-06-10 20:23:35,NDLS,Clear,0.1,8.7,0.9,17.6,53.5
2026-04-11 22:54:49,NDLS,Clear,0.38,7.03,0.6,9.3,50.5
2026-05-26 08:15:51,NDLS,Rain,0.25,6.81,18.5,28.6,35.5
2026-03-05 05:01:25,NDLS,Rain,0.22,6.38,15.7,25.4,50.0
2026-02-02 00:04:17,NDLS,Fog,0.72,3.23,0.6,15.1,77.9
2026-05-20 03:59:11,NDLS,Cloudy,0.07,9.33,1.0,12.7,52.4
2026-03-07 15:05:10,NDLS,Clear,0.32,7.67,0.1,27.0,41.8
2026-03-14 06:36:09,NDLS,Fog,0.46,5.4,0.6,22.5,65.8
2026-01-27 16:27:06,NDLS,Cloudy,0.16,8.48,0.4,32.7,55.2
2026-03-27 16:28:25,NDLS,Clear,0.03,10.39,1.5,24.2,43.9
2026-04-22 11:39:09,NDLS,Clear,0.13,8.75,1.5,16.7,38.1
2026-01-23 18:57:58,NDLS,Clear,0.48,6.11,0.5,22.1,65.9
2026-05-22 09:55:33,NDLS,Rain,0.08,7.55,4.0,20.1,55.0
2026-06-17 10:34:53,NDLS,Clear,0.23,8.41,0.3,31.7,96.3
2026-06-29 13:59:01,NDLS,Clear,0.31,7.83,1.5,16.6,68.0
2026-06-13 09:56:26,NDLS,Fog,0.46,7.26,0.6,34.8,91.4
2026-06-29 07:26:03,NDLS,Rain,0.68,3.01,6.1,30.2,67.3
2026-06-02 00:04:58,NDLS,Rain,0.24,6.35,16.0,34.7,83.4
2026-06-13 16:14:14,NDLS,Clear,0.61,5.24,0.8,14.0,75.1
2026-06-06 00:26:53,NDLS,Clear,0.12,8.68,1.1,23.8,29.7
2026-01-29 03:55:38,NDLS,Clear,0.19,8.02,1.2,31.6,61.5
2026-06-16 10:16:30,NDLS,Clear,0.18,7.77,0.8,34.3,57.4
2026-05-21 12:36:42,NDLS,Clear,0.17,8.6,0.8,12.9,40.6
2026-02-13 02:37:39,NDLS,Clear,0.33,7.13,1.0,14.8,88.5
2026-02-02 00:49:47,NDLS,Rain,0.33,5.71,6.6,31.4,65.5
2026-02-20 01:28:46,NDLS,Clear,0.25,7.47,0.2,29.5,60.2
2026-02-15 19:07:11,NDLS,Clear,0.35,6.79,0.4,34.6,50.6
2026-04-06 05:40:44,NDLS,Clear,0.22,8.26,0.9,21.7,34.2
2026-05-10 21:25:04,NDLS,Clear,0.39,7.04,1.4,28.1,100.0
2026-05-01 16:12:34,NDLS,Cloudy,0.07,9.22,0.6,23.3,97.7
2026-05-16 07:43:15,NDLS,Cloudy,0.18,8.72,1.0,29.1,22.6
2026-01-19 11:54:38,NDLS,Clear,0.17,8.56,1.3,26.0,81.5
2026-04-15 15:30:59,NDLS,Cloudy,0.07,9.82,0.6,33.1,47.2
2026-03-04 17:02:53,NDLS,Cloudy,0.08,9.16,0.0,24.2,73.9
2026-03-24 09:27:08,NDLS,Clear,0.06,9.49,0.0,27.6,42.2
2026-03-27 22:01:35,NDLS,Clear,0.27,7.39,1.2,36.9,62.9
2026-06-12 07:06:42,NDLS,Clear,0.2,8.4,0.8,26.5,74.6
2026-05-08 22:19:23,NDLS,Rain,0.64,3.46,10.2,30.2,50.2
2026-06-19 06:26:32,NDLS,Clear,0.17,7.91,0.9,17.0,98.2
2026-03-24 21:48:53,NDLS,Clear,0.57,5.35,1.4,17.7,68.3
2026-03-12 04:30:16,NDLS,Cloudy,0.03,9.99,1.2,28.5,68.0
2026-03-27 00:47:33,NDLS,Clear,0.43,6.36,0.0,13.9,78.4
2026-01-20 12:59:40,NDLS,Clear,0.2,8.55,0.6,30.7,90.5
2026-02-09 18:20:44,NDLS,Clear,0.17,9.46,0.2,25.7,80.1
2026-01-25 19:09:44,NDLS,Rain,0.22,7.63,13.3,22.2,53.8
2026-01-10 01:35:12,NDLS,Cloudy,0.47,5.87,0.5,24.3,51.0
2026-01-01 10:04:49,NDLS,Clear,0.03,8.83,1.2,20.2,55.4
2026-02-14 00:49:13,NDLS,Fog,0.8,3.02,0.3,24.5,51.7
2026-01-19 16:35:19,NDLS,Clear,0.26,7.57,1.4,5.0,60.9
2026-06-04 05:28:55,NDLS,Fog,0.96,2.28,1.0,18.2,100.0
2026-01-08 10:11:10,NDLS,Fog,0.52,5.8,0.2,22.0,100.0
2026-03-31 22:03:59,NDLS,Clear,0.21,7.48,1.3,4.4,63.6
2026-01-06 10:42:34,NDLS,Fog,0.47,5.47,0.7,34.6,61.2
2026-05-07 11:55:31,NDLS,Cloudy,0.23,7.62,1.4,30.3,77.6
2026-05-31 15:51:11,NDLS,Clear,0.37,7.61,0.6,15.0,77.0
2026-04-04 09:35:37,NDLS,Cloudy,0.41,6.3,0.8,28.4,86.1
2026-02-04 12:43:00,NDLS,Clear,0.19,8.85,0.4,16.1,59.8
2026-02-01 06:06:02,NDLS,Clear,0.22,9.31,0.9,14.2,69.4
2026-02-21 18:32:02,NDLS,Fog,0.48,5.34,0.7,15.8,62.1
2026-05-20 21:17:13,NDLS,Clear,0.48,6.03,0.1,19.0,64.9
2026-04-14 00:17:07,NDLS,Clear,0.27,8.09,0.8,22.0,62.4
2026-03-21 08:35:54,NDLS,Clear,0.24,7.88,0.0,33.3,59.6
2026-03-04 09:05:06,NDLS,Clear,0.49,6.15,1.0,15.4,76.5
2026-03-30 12:56:15,NDLS,Clear,0.21,8.23,0.2,18.8,41.4
2026-06-29 14:28:40,NDLS,Cloudy,0.42,6.52,0.8,29.5,68.4
2026-02-24 23:13:34,NDLS,Clear,0.33,7.1,0.4,24.3,28.7
2026-02-15 17:11:22,NDLS,Clear,0.64,4.87,0.3,26.8,73.1
2026-04-12 17:37:22,NDLS,Fog,0.59,4.59,1.0,15.9,55.7
2026-01-05 16:45:35,NDLS,Clear,0.19,8.0,0.3,14.0,79.6
2026-04-01 13:38:43,NDLS,Clear,0.23,7.78,0.1,4.0,46.9
2026-01-05 09:49:54,NDLS,Clear,0.26,7.98,1.3,15.5,100.0
2026-05-13 08:50:03,NDLS,Clear,0.04,10.01,0.6,24.2,41.5
2026-03-30 15:10:04,NDLS,Clear,0.72,4.36,1.3,23.9,96.6
2026-04-03 08:32:43,NDLS,Rain,0.22,6.37,20.2,26.1,58.9
2026-03-11 19:10:58,NDLS,Rain,0.48,5.09,15.0,17.8,57.5
2026-06-04 03:33:20,NDLS,Clear,0.06,9.23,0.0,28.8,55.1
2026-05-03 03:15:46,NDLS,Fog,0.7,3.5,0.9,22.2,57.5
2026-01-28 06:18:34,NDLS,Clear,0.34,6.59,0.5,14.0,69.5
2026-03-03 20:51:01,NDLS,Cloudy,0.03,9.71,1.5,32.0,67.5
2026-03-03 00:29:09,NDLS,Clear,0.08,9.69,0.4,25.8,66.3
2026-02-20 23:59:21,NDLS,Rain,0.17,7.95,12.0,30.1,60.2
2026-05-18 01:59:19,NDLS,Clear,0.67,4.7,0.7,18.2,62.1
2026-02-16 18:18:09,NDLS,Clear,0.37,6.35,0.7,31.8,48.2
2026-02-18 21:19:23,NDLS,Cloudy,0.47,6.06,0.0,25.0,63.4
2026-03-24 21:52:48,NDLS,Cloudy,0.52,5.78,1.0,12.2,100.0
2026-05-23 02:37:18,NDLS,Clear,0.27,7.38,0.4,24.7,42.4
2026-06-17 18:05:08,NDLS,Clear,0.49,5.03,0.6,28.7,76.4
2026-06-24 19:10:53,NDLS,Fog,0.59,5.14,0.6,36.4,75.6
2026-02-12 20:08:26,NDLS,Clear,0.4,6.22,1.3,14.8,37.1
2026-01-13 03:59:51,NDLS,Clear,0.3,7.4,1.0,20.6,26.8
2026-03-08 15:00:31,NDLS,Clear,0.21,8.27,0.5,16.0,64.6
2026-05-11 00:36:54,NDLS,Cloudy,0.28,7.38,0.4,32.7,43.6
2026-05-02 05:49:38,NDLS,Rain,0.41,5.47,3.8,24.9,100.0
2026-03-16 08:24:35,NDLS,Cloudy,0.25,8.26,0.5,27.5,83.9
2026-06-13 03:03:40,NDLS,Fog,0.94,2.39,1.1,29.6,63.3
2026-01-16 12:40:51,NDLS,Clear,0.14,8.8,0.6,18.8,68.1
2026-01-25 13:41:49,NDLS,Clear,0.46,6.25,1.1,20.7,44.3
2026-01-03 17:53:55,NDLS,Cloudy,0.22,8.13,0.3,17.2,48.5
2026-04-25 03:10:39,NDLS,Clear,0.63,5.31,1.5,21.8,100.0
2026-01-20 00:04:19,NDLS,Cloudy,0.37,7.25,0.1,29.8,100.0
2026-04-28 20:03:53,NDLS,Cloudy,0.61,5.34,0.1,13.3,53.7
2026-05-14 10:16:05,NDLS,Clear,0.09,9.26,0.4,19.3,61.5
2026-01-10 04:24:14,NDLS,Clear,0.08,9.31,1.5,14.2,63.0
2026-02-14 07:25:42,NDLS,Fog,0.41,6.43,0.7,28.6,71.3
2026-01-12 01:57:12,NDLS,Rain,0.44,5.17,18.1,17.9,100.0
2026-04-08 12:22:41,NDLS,Clear,0.4,6.59,0.4,17.6,61.5
2026-01-24 05:34:41,NDLS,Clear,0.21,8.07,1.3,12.9,84.5
2026-06-07 08:45:55,NDLS,Clear,0.07,9.24,0.4,27.7,77.2
2026-05-03 19:36:50,NDLS,Clear,0.48,6.41,1.1,33.7,61.5
2026-04-03 19:33:16,NDLS,Clear,0.11,9.37,1.3,36.1,34.8
2026-01-15 21:28:39,NDLS,Clear,0.47,5.53,0.3,30.0,41.4
2026-04-02 19:32:18,NDLS,Clear,0.24,8.05,0.2,38.7,69.6
2026-05-27 17:03:22,NDLS,Fog,0.77,2.87,1.2,38.8,83.2
2026-06-22 23:15:00,NDLS,Clear,0.24,7.5,0.1,27.4,64.5
2026-04-12 08:45:32,NDLS,Rain,0.73,2.63,5.9,23.0,61.3
2026-02-08 13:37:17,NDLS,Fog,0.71,3.28,0.2,13.2,54.6
2026-06-22 00:56:09,NDLS,Clear,0.38,6.42,1.2,25.8,61.2
2026-03-13 13:36:11,NDLS,Fog,0.73,3.98,1.2,32.2,100.0
2026-05-15 14:08:16,NDLS,Clear,0.57,6.14,0.5,24.1,62.9
2026-02-09 18:36:26,NDLS,Clear,0.12,8.44,0.8,14.6,53.0
2026-01-03 06:12:04,NDLS,Cloudy,0.28,7.76,0.7,16.1,83.0
2026-04-08 20:38:38,NDLS,Clear,0.16,9.25,0.7,15.4,79.3
2026-01-13 12:10:20,NDLS,Clear,0.57,5.57,1.4,21.6,61.2
2026-04-25 06:36:09,NDLS,Clear,0.44,6.21,1.3,25.4,65.2
2026-04-21 23:18:58,NDLS,Fog,0.55,6.62,0.2,31.6,67.9
2026-01-05 20:41:44,NDLS,Clear,0.43,6.08,0.6,31.3,26.7
2026-03-23 14:20:35,NDLS,Fog,0.58,5.43,1.4,24.7,68.0
2026-01-02 00:15:51,NDLS,Clear,0.23,7.79,0.5,21.9,70.8
2026-02-15 11:30:33,NDLS,Fog,0.43,7.12,1.4,18.0,48.8
2026-01-01 12:37:09,NDLS,Clear,0.16,8.73,0.2,34.6,46.4
2026-01-18 11:48:58,NDLS,Cloudy,0.37,7.48,0.8,18.4,75.2
2026-03-06 22:23:02,NDLS,Cloudy,0.46,6.12,0.4,20.4,54.2
2026-02-12 05:18:28,NDLS,Fog,0.58,5.22,0.6,18.6,74.8
2026-03-09 21:25:35,NDLS,Clear,0.12,9.13,1.2,22.9,59.6
2026-04-15 04:08:47,NDLS,Clear,0.26,7.87,0.3,13.1,65.5
2026-04-30 04:34:12,NDLS,Rain,0.64,3.77,8.6,31.2,51.5
2026-02-20 04:32:58,NDLS,Clear,0.31,8.45,0.7,22.1,73.1
2026-06-13 01:51:20,NDLS,Clear,0.08,9.47,0.6,20.0,53.9
2026-03-17 08:54:32,NDLS,Rain,0.16,6.62,2.4,23.7,41.6
2026-02-09 08:18:01,NDLS,Clear,0.41,6.47,0.0,22.6,65.5
2026-05-03 02:37:31,NDLS,Fog,0.57,4.34,1.2,21.9,53.5
2026-01-08 16:40:36,NDLS,Rain,0.32,6.0,5.0,25.4,67.6
2026-06-08 19:55:11,NDLS,Fog,0.58,4.61,1.3,30.7,49.1
2026-05-14 08:15:26,NDLS,Clear,0.07,9.55,0.2,13.4,72.7
2026-04-05 11:16:10,NDLS,Fog,0.78,3.91,1.1,15.0,55.2
2026-05-26 00:15:25,NDLS,Clear,0.11,8.97,1.1,47.0,39.1
2026-03-02 09:11:05,NDLS,Cloudy,0.42,6.46,0.4,20.5,80.7
2026-03-20 18:03:19,NDLS,Cloudy,0.44,6.12,0.9,23.0,100.0
2026-03-26 18:22:28,NDLS,Clear,0.2,8.39,1.2,20.3,53.9
2026-04-07 04:48:23,NDLS,Clear,0.28,6.22,1.4,27.2,30.4
2026-03-19 20:47:16,NDLS,Clear,0.17,7.92,1.2,14.9,56.0
2026-03-05 12:51:00,NDLS,Fog,0.75,3.91,1.4,30.1,93.0
2026-03-05 18:15:56,NDLS,Cloudy,0.07,9.45,1.0,28.4,20.0
2026-05-17 02:46:55,NDLS,Clear,0.11,8.36,1.4,40.8,69.2
2026-06-13 03:33:32,NDLS,Clear,0.39,6.61,1.4,20.8,66.1
2026-01-11 17:25:09,NDLS,Clear,0.15,8.65,1.2,5.9,64.3
2026-04-23 16:41:48,NDLS,Fog,0.81,2.93,1.4,26.6,73.1
2026-04-19 01:58:54,NDLS,Fog,0.45,5.82,0.1,15.3,83.2
2026-02-08 11:34:20,NDLS,Clear,0.3,7.44,0.7,27.7,60.2
2026-04-16 08:45:53,NDLS,Clear,0.17,8.51,1.5,24.2,71.2
2026-06-06 21:48:41,NDLS,Rain,0.64,2.52,7.6,27.6,83.6
2026-03-11 05:26:07,NDLS,Fog,0.93,1.88,1.4,42.0,70.4
2026-03-07 19:12:02,NDLS,Rain,0.3,6.07,15.8,17.1,69.0
2026-06-06 02:16:11,NDLS,Cloudy,0.13,9.25,1.4,26.5,59.1
2026-04-12 04:02:43,NDLS,Cloudy,0.42,6.24,0.4,27.2,51.7
2026-05-28 14:27:28,NDLS,Rain,0.26,6.89,9.5,24.9,58.6
2026-02-05 01:35:30,NDLS,Rain,0.2,6.85,11.7,17.8,66.6
2026-04-09 22:08:53,NDLS,Clear,0.17,8.82,0.3,17.7,83.9
2026-01-21 18:59:14,NDLS,Rain,0.12,7.58,15.1,17.9,83.9
2026-03-17 08:35:01,NDLS,Clear,0.19,7.72,0.5,29.0,25.7
2026-04-12 00:56:24,NDLS,Clear,0.23,8.35,0.5,24.4,65.6
2026-02-11 23:36:42,NDLS,Clear,0.38,7.18,0.9,22.4,72.1
2026-05-19 16:00:01,NDLS,Rain,0.16,6.6,5.2,15.7,47.1
2026-03-16 01:41:51,NDLS,Rain,0.45,5.16,18.3,17.5,93.4
2026-02-11 06:07:04,NDLS,Clear,0.57,4.5,0.7,22.1,90.5
2026-06-02 02:21:17,NDLS,Clear,0.38,6.41,0.8,40.7,74.7
2026-04-11 16:29:02,NDLS,Cloudy,0.2,7.48,0.7,22.4,66.9
2026-06-15 02:33:41,NDLS,Clear,0.11,9.77,1.4,15.3,64.7
2026-03-08 21:17:34,NDLS,Rain,0.42,4.71,11.8,22.5,45.0
2026-05-12 08:26:29,NDLS,Clear,0.54,5.27,0.1,19.7,47.3
2026-05-05 17:49:49,NDLS,Cloudy,0.39,6.71,0.8,28.9,76.0
2026-05-15 18:17:44,NDLS,Clear,0.51,5.86,0.3,22.5,47.6
2026-06-21 02:42:50,NDLS,Cloudy,0.3,8.88,0.3,32.7,56.6
2026-06-30 17:44:19,NDLS,Clear,0.14,8.69,0.9,21.5,59.1
2026-01-17 20:58:44,NDLS,Clear,0.49,5.64,0.6,19.6,83.7
2026-06-18 17:42:23,NDLS,Clear,0.41,6.25,0.4,34.5,79.7
2026-04-08 12:32:21,NDLS,Cloudy,0.21,8.46,0.8,13.2,42.5
2026-04-06 16:50:36,NDLS,Clear,0.36,7.26,0.9,10.2,61.0
2026-03-17 10:27:11,NDLS,Clear,0.46,6.45,0.8,34.2,20.0
2026-03-02 01:17:09,NDLS,Clear,0.05,9.55,1.1,35.6,100.0
2026-02-12 16:04:15,NDLS,Fog,0.65,4.07,0.6,12.8,70.9
2026-05-19 16:45:29,NDLS,Cloudy,0.18,8.41,0.2,27.7,57.1
2026-02-09 12:26:53,NDLS,Cloudy,0.26,7.73,0.3,28.4,86.5
2026-05-28 06:34:33,NDLS,Cloudy,0.24,7.59,0.5,21.6,68.4
2026-05-27 01:34:01,NDLS,Clear,0.17,8.56,1.1,20.3,62.2
2026-06-18 01:06:58,NDLS,Fog,0.62,5.44,0.8,22.7,69.1
2026-02-02 09:27:58,NDLS,Cloudy,0.24,7.26,0.5,24.9,50.8
2026-05-16 23:52:24,NDLS,Cloudy,0.19,8.6,0.9,23.6,80.7
2026-04-06 10:50:33,NDLS,Clear,0.3,7.73,0.9,17.1,85.0
2026-06-07 11:20:01,NDLS,Cloudy,0.09,8.97,1.2,12.0,66.5
2026-03-08 20:40:57,NDLS,Clear,0.32,7.81,0.1,16.7,62.3
2026-01-27 19:11:22,NDLS,Clear,0.51,5.28,0.3,18.9,66.2
2026-05-15 09:57:18,NDLS,Fog,0.56,5.31,1.2,18.8,51.7
2026-06-29 00:05:42,NDLS,Cloudy,0.14,8.54,0.2,23.1,63.3
2026-05-19 05:12:54,NDLS,Clear,0.11,9.11,1.0,15.7,66.6
2026-06-23 03:31:32,NDLS,Clear,0.59,4.86,0.9,18.0,49.4
2026-02-24 07:23:43,NDLS,Clear,0.52,6.08,1.0,22.5,85.7
2026-03-02 10:36:35,NDLS,Rain,0.44,4.35,11.5,20.2,75.1
2026-05-01 18:23:10,NDLS,Clear,0.08,9.71,1.2,24.4,71.1
2026-06-17 08:41:18,NDLS,Fog,0.5,5.59,0.4,27.1,85.2
2026-03-15 04:20:01,NDLS,Clear,0.48,6.3,1.5,18.8,86.4
2026-02-20 03:13:59,NDLS,Fog,0.84,2.72,0.9,14.9,79.5
2026-02-14 19:38:39,NDLS,Fog,0.55,5.31,0.8,25.7,62.4
2026-06-27 13:41:39,NDLS,Clear,0.05,9.25,1.3,16.6,68.7
2026-05-24 03:47:54,NDLS,Fog,0.94,1.56,1.2,18.6,100.0
2026-04-12 22:33:34,NDLS,Cloudy,0.2,8.38,0.1,22.1,95.8
2026-06-12 04:39:48,NDLS,Rain,0.46,4.98,13.1,26.5,74.6
2026-03-01 02:12:15,NDLS,Clear,0.23,7.59,1.2,25.8,44.7
2026-03-17 09:22:55,NDLS,Cloudy,0.2,8.2,0.4,9.5,55.9
2026-03-26 22:48:27,NDLS,Clear,0.19,8.78,1.4,16.6,90.2
2026-03-09 22:45:53,NDLS,Clear,0.34,7.45,0.6,16.3,62.4
2026-01-27 17:03:42,NDLS,Clear,0.13,8.55,0.5,13.3,61.0
2026-02-21 18:25:27,NDLS,Rain,0.57,4.32,2.4,25.9,64.5
2026-03-10 14:49:26,NDLS,Fog,1.0,1.25,1.0,26.6,57.1
2026-01-12 16:02:05,NDLS,Rain,0.57,3.42,6.5,33.2,55.7
2026-06-27 06:15:46,NDLS,Fog,0.8,3.08,1.1,24.8,67.9
2026-02-12 02:54:13,NDLS,Fog,0.74,4.37,1.3,26.8,100.0
2026-06-01 11:39:26,NDLS,Clear,0.42,6.18,1.1,31.9,66.3
2026-02-23 06:59:56,NDLS,Rain,0.4,5.63,1.0,27.0,100.0
2026-03-24 22:06:54,NDLS,Rain,0.7,2.03,5.5,32.8,75.6
2026-03-05 02:08:03,NDLS,Clear,0.45,6.56,0.2,40.2,62.6
2026-05-19 04:28:53,NDLS,Clear,0.25,7.38,1.0,4.6,61.4
2026-04-21 15:06:18,NDLS,Clear,0.23,7.48,0.6,33.9,62.8
2026-03-27 07:43:06,NDLS,Fog,0.61,5.49,0.3,25.6,95.6
2026-05-08 18:11:36,NDLS,Clear,0.46,6.51,0.5,27.9,57.2
2026-06-30 12:19:53,NDLS,Cloudy,0.53,5.72,0.8,15.0,79.7
2026-04-29 03:54:21,NDLS,Clear,0.07,10.13,0.3,33.3,61.7
2026-02-03 02:19:54,NDLS,Clear,0.05,9.22,0.7,27.3,100.0
2026-04-23 22:52:08,NDLS,Cloudy,0.17,8.95,0.1,36.5,96.3
2026-01-19 06:22:52,NDLS,Clear,0.03,10.54,0.6,21.0,22.2
2026-04-20 23:48:22,NDLS,Clear,0.19,8.09,1.3,29.5,25.9
2026-01-08 00:46:16,NDLS,Fog,0.65,3.96,0.1,18.5,71.5
2026-01-31 18:55:38,NDLS,Clear,0.23,8.68,0.6,25.7,69.6
2026-03-09 02:16:01,NDLS,Clear,0.31,7.59,0.1,30.3,66.4
2026-05-16 10:35:20,NDLS,Rain,0.21,6.68,10.2,14.8,72.6
2026-05-27 12:18:28,NDLS,Cloudy,0.34,6.37,1.0,18.7,63.6
2026-02-22 01:56:09,NDLS,Clear,0.33,7.44,1.0,25.9,64.4
2026-06-23 13:26:39,NDLS,Clear,0.24,7.56,0.1,18.6,59.6
2026-04-20 14:40:16,NDLS,Clear,0.19,8.35,1.5,22.3,59.0
2026-05-03 03:57:59,NDLS,Clear,0.04,9.7,0.2,27.8,55.0
2026-04-15 15:17:31,NDLS,Rain,0.67,3.31,22.3,37.3,100.0
2026-02-20 10:54:50,NDLS,Clear,0.36,7.6,0.4,16.1,79.4
2026-02-17 06:22:36,NDLS,Clear,0.29,7.14,0.4,23.3,79.0
2026-03-26 11:11:13,NDLS,Clear,0.18,8.28,0.3,21.5,70.1
2026-04-27 02:39:24,NDLS,Clear,0.25,7.65,0.0,30.2,75.1
2026-05-27 05:14:12,NDLS,Fog,0.72,3.18,0.5,29.5,41.8
2026-06-06 05:28:42,NDLS,Clear,0.2,8.44,0.1,29.9,52.8
2026-02-05 16:41:01,NDLS,Rain,0.36,6.32,11.6,30.4,51.9
2026-05-25 09:08:34,NDLS,Clear,0.45,7.33,1.5,38.1,71.8
2026-04-23 06:26:03,NDLS,Clear,0.43,6.17,0.3,40.6,66.6
2026-05-21 19:06:47,NDLS,Clear,0.35,6.76,0.6,16.1,45.6
2026-04-14 23:05:26,NDLS,Clear,0.22,8.24,0.8,36.4,28.5
2026-01-20 18:36:13,NDLS,Rain,0.58,3.13,16.0,13.1,93.2
2026-04-05 14:19:48,NDLS,Clear,0.51,5.21,0.9,28.7,75.1
2026-04-16 16:47:15,NDLS,Clear,0.34,7.29,1.5,14.1,66.2
2026-04-05 16:02:06,NDLS,Clear,0.15,8.97,0.2,22.6,71.5
2026-05-14 02:49:38,NDLS,Fog,0.77,2.93,1.1,21.1,75.3
2026-04-27 01:22:22,NDLS,Clear,0.25,8.14,1.3,33.9,81.9
2026-04-17 22:08:52,NDLS,Clear,0.12,8.8,1.4,14.0,80.8
2026-02-23 01:30:08,NDLS,Clear,0.05,9.85,0.2,26.8,66.6
2026-04-20 17:26:20,NDLS,Clear,0.3,7.86,0.5,22.1,43.2
2026-02-09 14:12:14,NDLS,Clear,0.28,7.29,0.4,32.9,69.5
2026-01-28 09:52:37,NDLS,Clear,0.12,9.08,1.4,25.7,100.0
2026-01-03 04:10:34,NDLS,Clear,0.51,5.62,0.3,33.8,64.9
2026-06-16 17:49:39,NDLS,Cloudy,0.4,6.06,0.7,24.4,64.5
2026-05-10 20:15:42,NDLS,Clear,0.34,7.05,0.3,30.1,98.2
2026-01-20 20:26:04,NDLS,Clear,0.13,8.79,0.7,23.9,77.4
2026-01-19 11:43:47,NDLS,Clear,0.2,7.73,0.1,11.7,71.8
2026-01-20 08:16:13,NDLS,Clear,0.25,7.34,1.4,31.6,73.6
2026-04-17 17:07:33,NDLS,Cloudy,0.47,5.99,0.2,20.4,88.8
2026-04-14 21:55:36,NDLS,Fog,0.52,4.94,0.9,20.6,82.1
2026-01-26 04:22:05,NDLS,Cloudy,0.06,9.19,0.8,19.5,93.5
2026-05-28 20:38:58,NDLS,Clear,0.53,6.56,0.7,34.2,71.0
2026-03-16 14:22:33,NDLS,Clear,0.3,7.33,0.6,42.7,68.4
2026-06-03 22:13:17,NDLS,Clear,0.48,6.16,0.8,6.9,51.9
2026-04-13 18:36:23,NDLS,Clear,0.33,6.67,0.1,36.4,79.6
2026-02-03 07:42:26,NDLS,Cloudy,0.39,7.08,1.5,31.4,54.3
2026-05-24 10:55:09,NDLS,Clear,0.24,8.21,0.9,17.0,65.4
2026-04-21 06:41:20,NDLS,Clear,0.2,9.07,0.8,29.3,37.3
2026-01-12 20:56:31,NDLS,Cloudy,0.67,3.43,1.1,20.3,66.7
2026-03-15 14:43:58,NDLS,Fog,0.53,5.45,1.3,22.1,74.9
2026-03-21 06:43:17,NDLS,Clear,0.5,5.3,0.7,27.7,61.7
2026-02-21 15:54:49,NDLS,Cloudy,0.2,8.33,0.5,22.9,66.6
2026-05-23 03:56:44,NDLS,Clear,0.35,6.7,0.4,36.5,75.8
2026-04-14 00:20:26,NDLS,Clear,0.13,8.87,0.3,25.2,63.3
2026-05-30 11:54:54,NDLS,Clear,0.14,8.71,0.8,23.9,57.1
2026-05-18 14:23:49,NDLS,Cloudy,0.29,7.7,1.0,32.6,82.5
2026-03-26 20:00:37,NDLS,Clear,0.29,7.38,0.7,7.9,45.5
2026-01-29 15:22:56,NDLS,Rain,0.2,7.8,24.8,25.0,63.6
2026-02-09 21:16:35,NDLS,Cloudy,0.41,6.48,0.4,27.2,49.8
2026-03-23 01:59:12,NDLS,Clear,0.39,7.31,0.9,27.1,51.4
2026-06-17 11:48:46,NDLS,Clear,0.12,8.76,1.2,31.8,30.7
2026-03-17 23:32:36,NDLS,Fog,0.76,3.59,1.1,16.9,69.9
2026-06-19 10:42:12,NDLS,Clear,0.57,4.22,0.6,25.5,67.5
2026-06-26 03:32:13,NDLS,Rain,0.21,6.6,13.1,22.2,65.7
2026-01-11 02:08:07,NDLS,Clear,0.33,7.09,0.2,30.8,46.5
2026-05-17 04:43:11,NDLS,Clear,0.63,4.43,0.3,17.4,65.4
2026-02-05 03:25:19,NDLS,Clear,0.07,9.56,0.0,26.7,56.7
2026-06-06 06:27:22,NDLS,Rain,0.1,8.64,7.4,30.9,51.8
2026-04-20 23:10:07,NDLS,Clear,0.08,9.63,1.0,19.8,39.5
2026-06-14 08:46:56,NDLS,Rain,0.27,6.47,12.6,9.6,44.2
2026-03-11 17:49:18,NDLS,Clear,0.51,5.22,0.1,21.5,73.3
2026-05-24 05:42:26,NDLS,Clear,0.07,10.09,1.1,15.1,52.7
2026-02-13 04:10:22,NDLS,Clear,0.29,7.25,0.9,24.7,79.7
2026-05-26 14:01:31,NDLS,Rain,0.05,9.07,9.6,15.3,46.6
2026-06-05 17:12:40,NDLS,Cloudy,0.46,5.43,0.1,34.7,59.0
2026-05-06 15:48:47,NDLS,Rain,0.25,7.35,2.8,12.3,100.0
2026-04-06 18:17:38,NDLS,Fog,0.39,6.98,1.4,19.8,52.3
2026-03-29 16:14:39,NDLS,Clear,0.26,7.12,1.2,31.0,84.2
2026-05-16 04:37:15,NDLS,Fog,0.51,5.97,1.2,17.2,64.1
2026-06-27 13:25:10,NDLS,Clear,0.06,10.0,1.2,23.9,52.6
2026-05-14 22:00:03,NDLS,Fog,0.82,2.62,0.4,21.0,84.1
2026-02-28 13:31:12,NDLS,Clear,0.29,7.83,0.3,29.2,100.0
2026-02-28 17:56:18,NDLS,Clear,0.49,6.42,0.6,24.1,42.7
2026-06-20 04:00:26,NDLS,Cloudy,0.02,10.47,0.4,33.7,100.0
2026-03-30 19:26:28,NDLS,Fog,0.69,4.71,0.0,35.6,61.4
2026-05-04 02:10:58,NDLS,Clear,0.17,9.4,0.4,24.1,54.8
2026-02-03 20:53:18,NDLS,Fog,0.84,2.83,1.0,37.1,71.6
2026-03-26 08:20:23,NDLS,Clear,0.15,8.07,1.3,31.7,74.9
2026-05-30 05:06:18,NDLS,Cloudy,0.56,5.32,0.2,16.7,80.5
2026-03-09 15:56:46,NDLS,Fog,0.77,3.05,0.3,23.7,40.2
2026-04-10 08:07:44,NDLS,Clear,0.28,7.23,0.1,19.9,70.0
2026-03-31 05:27:36,NDLS,Clear,0.33,7.34,0.9,19.8,47.0
2026-02-27 20:48:25,NDLS,Rain,0.28,6.51,7.3,7.3,62.3
2026-01-06 23:21:28,NDLS,Clear,0.6,4.97,0.6,18.2,54.6
2026-05-13 05:29:31,NDLS,Cloudy,0.36,6.75,0.6,26.6,76.9
2026-01-10 06:50:28,NDLS,Clear,0.32,7.59,0.4,21.5,71.1
2026-03-31 07:42:48,NDLS,Cloudy,0.16,8.28,1.3,23.0,68.0
2026-05-05 08:07:51,NDLS,Clear,0.36,6.43,0.4,22.8,43.7
2026-01-13 04:32:58,NDLS,Clear,0.48,5.87,0.4,48.9,81.2
2026-05-08 06:31:23,NDLS,Fog,0.37,7.06,1.0,31.3,50.7
2026-04-26 08:55:35,NDLS,Clear,0.04,9.6,1.4,37.8,75.1
2026-02-21 15:53:48,NDLS,Clear,0.4,7.08,1.0,3.3,96.9
2026-04-22 15:36:18,NDLS,Clear,0.2,7.94,0.7,17.8,61.8
2026-05-04 14:30:23,NDLS,Clear,0.04,9.85,0.6,28.8,70.2
2026-02-27 14:38:44,NDLS,Clear,0.34,7.7,0.9,23.6,45.8
2026-05-18 00:13:15,NDLS,Cloudy,0.06,8.84,0.9,20.6,72.5
2026-01-30 15:51:12,NDLS,Cloudy,0.19,8.03,0.5,29.5,47.9
2026-03-21 20:33:28,NDLS,Clear,0.14,8.69,0.9,31.3,49.5
2026-03-22 14:43:14,NDLS,Clear,0.08,9.36,1.0,41.0,72.1
2026-03-14 12:04:39,NDLS,Rain,0.22,6.74,16.3,19.0,28.4
2026-02-23 06:21:52,NDLS,Cloudy,0.13,8.58,0.7,27.4,34.6
2026-06-09 23:34:39,NDLS,Cloudy,0.12,9.18,0.0,16.0,75.2
2026-04-14 10:02:54,NDLS,Clear,0.07,8.56,1.3,20.7,44.1
2026-04-15 13:36:28,NDLS,Cloudy,0.1,8.98,0.5,12.9,39.5
2026-05-13 20:08:01,NDLS,Clear,0.51,4.66,1.1,32.0,66.2
2026-01-16 09:57:16,NDLS,Cloudy,0.19,8.64,0.2,20.2,96.7
2026-04-09 16:16:29,NDLS,Clear,0.22,8.27,0.6,27.9,64.2
2026-05-11 06:51:00,NDLS,Clear,0.27,7.94,0.5,44.2,46.7
2026-05-26 11:32:22,NDLS,Cloudy,0.32,7.53,0.9,26.1,56.8
2026-06-28 05:27:18,NDLS,Cloudy,0.15,8.36,1.2,40.9,46.4
2026-05-14 13:48:08,NDLS,Cloudy,0.27,7.13,1.3,38.6,73.8
2026-04-28 07:57:36,NDLS,Cloudy,0.56,6.15,0.9,10.1,50.8
2026-06-19 21:53:10,NDLS,Cloudy,0.37,6.33,0.8,21.1,52.9
2026-04-06 11:40:34,NDLS,Clear,0.25,8.69,0.1,21.3,68.1
2026-02-06 22:16:22,NDLS,Clear,0.46,6.32,0.3,32.1,72.4
2026-06-18 23:19:43,NDLS,Fog,0.73,3.61,1.1,26.9,85.9
2026-02-07 02:35:06,NDLS,Cloudy,0.4,6.56,0.2,7.8,42.6
2026-05-20 18:49:31,NDLS,Cloudy,0.25,8.11,0.7,12.8,93.4
2026-05-15 06:47:27,NDLS,Clear,0.19,8.7,0.3,14.2,74.5
2026-04-25 14:49:05,NDLS,Clear,0.5,5.36,0.5,18.6,74.6
2026-01-17 20:29:05,NDLS,Clear,0.14,8.91,0.7,27.1,89.2
2026-06-03 05:32:35,NDLS,Clear,0.33,7.01,0.9,13.5,53.8
2026-03-08 09:36:07,NDLS,Fog,0.47,5.71,1.3,22.0,48.4
2026-01-26 01:23:46,NDLS,Clear,0.45,6.22,0.1,17.8,62.5
2026-06-20 17:04:27,NDLS,Fog,0.48,6.21,1.1,18.7,49.8
2026-06-25 03:52:51,NDLS,Clear,0.48,7.05,1.3,9.1,67.3
2026-04-01 09:12:37,NDLS,Rain,0.23,7.14,9.2,27.1,50.0
2026-02-03 17:34:20,NDLS,Clear,0.2,8.55,0.2,41.3,33.4
2026-02-10 15:24:16,NDLS,Fog,0.67,4.85,0.6,29.1,84.9
2026-01-27 08:26:12,NDLS,Clear,0.37,6.78,0.0,21.1,100.0
2026-06-04 08:57:33,NDLS,Cloudy,0.13,8.83,0.4,22.7,42.9
2026-02-11 14:01:46,NDLS,Fog,0.45,6.26,0.1,23.6,70.4
2026-06-18 15:58:03,NDLS,Clear,0.27,8.22,0.2,11.6,74.1
2026-04-07 03:37:23,NDLS,Cloudy,0.14,8.44,0.7,18.7,81.0
2026-03-04 11:04:17,NDLS,Clear,0.22,8.27,0.8,21.3,63.5
2026-04-15 11:43:47,NDLS,Fog,0.68,4.07,0.7,22.7,85.0
2026-03-07 21:07:48,NDLS,Cloudy,0.54,5.74,0.7,15.9,75.0
2026-04-15 16:27:59,NDLS,Clear,0.13,8.76,0.9,28.3,53.6
2026-05-23 22:23:52,NDLS,Clear,0.66,4.32,1.2,6.2,55.0
2026-02-18 12:21:03,NDLS,Clear,0.31,8.28,0.3,15.8,100.0
2026-03-12 07:03:33,NDLS,Rain,0.35,5.58,11.1,27.0,47.3
2026-04-22 01:52:51,NDLS,Clear,0.05,10.06,0.6,39.9,66.0
2026-01-14 03:58:16,NDLS,Fog,0.51,5.55,0.4,19.9,78.8
2026-05-17 16:03:35,NDLS,Clear,0.15,9.05,0.7,18.1,90.5
2026-01-01 19:45:49,NDLS,Fog,0.49,5.45,1.0,21.0,82.1
2026-04-05 01:54:10,NDLS,Clear,0.42,5.87,1.1,23.3,73.6
2026-05-12 02:32:09,NDLS,Fog,0.73,3.89,1.1,9.9,53.8
2026-03-03 09:16:30,NDLS,Clear,0.15,8.96,1.0,21.9,49.8
2026-04-06 19:07:12,NDLS,Clear,0.16,9.04,0.3,21.4,84.6
2026-01-24 20:40:39,NDLS,Clear,0.21,7.69,0.5,11.8,62.2
2026-05-14 18:08:02,NDLS,Clear,0.42,6.09,1.0,26.6,66.8
2026-03-29 05:55:53,NDLS,Fog,0.86,2.71,0.2,24.9,90.6
2026-01-03 05:43:14,NDLS,Clear,0.07,8.42,0.5,39.6,59.0
2026-06-30 13:27:11,NDLS,Clear,0.17,8.23,1.0,23.1,55.9
2026-01-05 00:41:55,NDLS,Clear,0.1,9.03,0.6,18.3,73.0
2026-02-06 08:11:21,NDLS,Rain,0.31,6.24,0.6,22.8,65.6
2026-06-22 00:26:22,NDLS,Cloudy,0.1,9.51,0.8,13.3,81.4
2026-05-08 17:59:27,NDLS,Clear,0.23,7.95,0.0,42.2,63.0
2026-02-21 21:01:42,NDLS,Clear,0.38,6.42,0.6,39.4,96.5
2026-05-03 21:44:31,NDLS,Rain,0.03,8.26,16.2,27.3,63.6
2026-01-24 13:15:17,NDLS,Rain,0.63,4.0,12.6,31.3,78.3
2026-05-26 15:42:55,NDLS,Clear,0.06,8.85,0.1,19.9,57.6
2026-06-22 00:24:40,NDLS,Clear,0.39,6.25,0.1,24.6,47.6
2026-03-30 07:59:26,NDLS,Cloudy,0.45,6.16,1.3,33.1,71.1
2026-02-12 19:03:07,NDLS,Clear,0.55,4.9,0.6,21.9,63.2
2026-01-06 13:34:10,NDLS,Clear,0.28,7.88,0.5,23.6,75.9
2026-06-30 04:15:18,NDLS,Clear,0.27,8.08,0.7,30.4,64.2
2026-04-16 21:02:02,NDLS,Clear,0.51,6.28,0.4,40.8,81.4
2026-05-25 04:54:29,NDLS,Clear,0.34,7.41,1.2,28.9,51.8
2026-01-15 21:00:39,NDLS,Fog,0.52,5.3,0.8,25.6,67.2
2026-01-09 11:31:30,NDLS,Clear,0.3,6.81,1.2,25.3,100.0
2026-02-11 15:01:59,NDLS,Cloudy,0.3,6.26,0.2,20.5,50.8
2026-06-24 12:21:42,NDLS,Cloudy,0.38,6.75,0.3,26.4,72.5
2026-01-07 19:38:43,NDLS,Clear,0.8,3.23,0.7,4.8,54.2
2026-01-01 16:29:52,NDLS,Fog,0.43,6.39,1.1,21.3,69.8
2026-03-29 18:54:36,NDLS,Clear,0.43,5.67,0.7,32.1,44.7
2026-02-19 20:34:31,NDLS,Clear,0.53,5.15,0.1,11.0,65.8
2026-02-22 08:32:21,NDLS,Rain,0.43,5.65,4.1,41.9,56.1
2026-03-26 01:39:12,NDLS,Cloudy,0.28,7.91,0.2,6.2,76.1
2026-01-20 11:24:25,NDLS,Clear,0.3,7.91,0.8,21.5,61.3
2026-03-26 11:12:28,NDLS,Clear,0.06,9.73,0.4,32.5,98.4
2026-06-19 16:57:29,NDLS,Clear,0.49,5.63,0.6,15.7,59.0
2026-01-19 21:23:12,NDLS,Clear,0.07,8.31,0.6,26.7,20.0
2026-05-17 19:19:23,NDLS,Clear,0.12,8.78,0.5,17.9,27.0
2026-03-19 11:56:52,NDLS,Cloudy,0.25,7.91,0.7,31.9,79.2
2026-05-04 02:32:28,NDLS,Clear,0.08,9.4,1.2,27.7,53.8
2026-03-11 13:10:24,NDLS,Clear,0.2,8.03,0.3,8.7,59.0
2026-02-05 07:31:55,NDLS,Fog,0.5,5.4,0.7,20.2,67.1
2026-01-06 22:42:43,NDLS,Fog,0.66,4.4,1.4,22.6,100.0
2026-03-31 00:23:23,NDLS,Rain,0.4,5.77,7.6,25.7,56.6
2026-03-29 02:29:02,NDLS,Clear,0.16,9.07,0.8,13.0,44.4
2026-05-07 10:24:07,NDLS,Fog,0.87,2.55,0.4,26.1,75.2
2026-05-31 09:51:22,NDLS,Cloudy,0.41,7.24,0.2,22.7,62.4
2026-03-20 14:20:37,NDLS,Clear,0.33,7.19,0.4,31.9,56.2
2026-04-26 20:20:22,NDLS,Clear,0.15,8.89,0.0,36.3,83.0
2026-06-17 21:02:23,NDLS,Clear,0.13,9.54,1.3,34.1,20.0
2026-05-01 17:06:03,NDLS,Cloudy,0.18,8.41,0.0,23.2,55.9
2026-06-27 06:42:33,NDLS,Fog,0.78,3.88,0.9,26.6,70.4
2026-05-28 17:56:06,NDLS,Fog,0.44,6.24,0.4,22.6,71.9
2026-03-27 23:48:37,NDLS,Clear,0.52,6.46,0.4,28.1,100.0
2026-04-20 07:30:05,NDLS,Clear,0.49,5.2,1.2,12.4,51.6
2026-03-17 11:11:57,NDLS,Fog,0.59,4.75,0.0,27.5,69.2
2026-01-01 20:02:46,NDLS,Clear,0.32,7.11,0.6,14.8,68.2
2026-04-27 02:31:32,NDLS,Cloudy,0.1,8.7,0.7,21.5,69.2
2026-04-15 08:03:05,NDLS,Cloudy,0.1,8.45,1.4,29.0,36.2
2026-06-20 13:23:45,NDLS,Fog,0.46,4.99,0.9,30.5,65.6
2026-05-08 17:53:30,NDLS,Cloudy,0.17,8.64,1.2,17.5,69.0
2026-05-14 04:28:26,NDLS,Cloudy,0.11,9.32,0.5,26.1,26.3
2026-03-12 05:08:23,NDLS,Clear,0.48,5.87,0.2,24.9,65.8
2026-04-20 07:47:08,NDLS,Clear,0.03,10.27,1.1,37.0,47.6
2026-02-06 22:47:35,NDLS,Fog,0.68,4.22,0.1,31.4,76.3
2026-04-23 15:19:03,NDLS,Clear,0.39,7.47,0.7,27.0,25.8
2026-04-07 04:00:13,NDLS,Clear,0.04,10.69,0.1,34.2,65.4
2026-02-06 15:35:39,NDLS,Fog,0.61,5.38,0.7,19.8,74.6
2026-02-26 10:30:07,NDLS,Rain,0.37,5.33,1.3,4.8,46.3
2026-05-05 01:14:36,NDLS,Clear,0.59,4.74,0.6,29.2,89.0
2026-03-23 07:22:12,NDLS,Rain,0.04,8.84,5.5,29.3,100.0
2026-02-07 13:12:54,NDLS,Clear,0.39,6.36,0.5,20.6,73.7
2026-06-03 00:53:51,NDLS,Clear,0.43,6.11,0.9,7.8,96.2
2026-04-13 04:13:14,NDLS,Clear,0.52,5.71,0.7,30.7,100.0
2026-05-07 09:20:29,NDLS,Clear,0.15,7.74,0.0,33.2,55.1
2026-02-03 08:14:19,NDLS,Clear,0.32,6.95,0.2,14.7,71.1
2026-04-26 18:40:28,NDLS,Rain,0.56,3.65,7.1,23.4,60.2
2026-06-19 22:47:05,NDLS,Fog,0.46,6.6,0.4,25.1,93.4
2026-06-10 18:49:28,NDLS,Cloudy,0.14,8.83,0.7,16.2,79.1
2026-02-25 21:56:36,NDLS,Rain,0.53,4.49,17.3,31.0,58.7
2026-02-26 23:36:06,NDLS,Cloudy,0.36,6.81,1.5,33.7,37.1
2026-03-18 21:31:49,NDLS,Cloudy,0.11,8.94,1.1,25.1,76.5
2026-02-19 17:42:18,NDLS,Rain,0.38,5.58,8.6,25.0,79.5
2026-05-31 12:02:50,NDLS,Fog,0.67,4.91,0.5,28.5,91.6
2026-04-13 03:50:30,NDLS,Clear,0.37,6.29,1.3,24.3,70.3
2026-05-04 06:33:24,NDLS,Rain,0.26,6.32,2.0,28.8,57.9
2026-04-26 20:25:06,NDLS,Cloudy,0.23,8.16,0.5,12.2,92.4
2026-04-06 13:27:16,NDLS,Clear,0.33,7.47,1.0,24.0,88.2
2026-05-27 20:21:47,NDLS,Fog,0.74,3.98,1.1,29.4,80.1
2026-05-28 18:39:41,NDLS,Fog,0.98,1.3,1.1,30.2,66.9
2026-06-13 14:26:36,NDLS,Rain,0.44,5.18,5.0,24.3,86.2
2026-05-15 21:27:16,NDLS,Cloudy,0.14,8.64,1.3,4.8,72.7
2026-01-03 16:49:46,NDLS,Fog,0.66,4.45,1.4,24.8,100.0
2026-04-24 12:01:44,NDLS,Clear,0.52,5.61,1.3,22.4,75.4
2026-05-05 12:23:39,NDLS,Rain,0.35,5.24,5.7,31.8,46.0
2026-05-20 16:30:19,NDLS,Cloudy,0.23,7.78,1.4,26.4,61.0
2026-04-30 20:51:58,NDLS,Cloudy,0.23,7.93,0.6,18.1,59.6
2026-04-17 15:26:39,NDLS,Cloudy,0.34,6.93,0.4,13.3,90.4
2026-04-27 11:24:47,NDLS,Fog,0.72,4.45,1.2,21.0,65.6
2026-04-27 11:39:17,NDLS,Cloudy,0.35,7.48,1.0,21.9,90.7
2026-06-10 14:10:17,NDLS,Clear,0.29,7.63,1.3,44.4,84.3
2026-06-01 06:30:47,NDLS,Fog,0.55,5.01,1.0,24.1,72.3
2026-06-03 11:44:52,NDLS,Cloudy,0.59,5.01,0.4,16.7,55.2
2026-03-26 21:07:26,NDLS,Clear,0.38,6.1,0.4,22.3,67.6
2026-05-01 23:53:11,NDLS,Cloudy,0.36,7.05,0.0,9.5,84.2
2026-03-29 13:10:07,NDLS,Clear,0.4,6.44,0.5,22.7,55.8
2026-05-03 06:28:23,NDLS,Clear,0.2,8.04,1.1,24.3,68.0
2026-04-10 13:56:30,NDLS,Clear,0.02,10.0,0.9,26.1,73.7
2026-05-31 08:52:17,NDLS,Rain,0.37,5.52,0.9,15.9,77.9
2026-04-16 22:22:01,NDLS,Clear,0.58,4.87,0.9,23.0,54.2
2026-05-03 21:52:59,NDLS,Cloudy,0.22,8.2,0.4,27.2,66.0
2026-04-20 12:20:11,NDLS,Clear,0.37,7.79,0.9,19.7,100.0
2026-01-09 08:36:57,NDLS,Fog,0.43,6.61,1.3,20.9,61.0
2026-05-18 21:48:11,NDLS,Clear,0.25,8.02,1.0,15.8,65.3
2026-01-13 10:11:38,NDLS,Cloudy,0.11,8.54,1.3,19.7,50.4
2026-03-13 18:06:01,NDLS,Clear,0.07,9.6,0.4,28.1,61.4
2026-04-27 15:27:54,NDLS,Clear,0.38,6.76,0.1,28.3,55.7
2026-04-02 23:58:22,NDLS,Rain,0.25,6.51,4.5,15.1,75.1
2026-02-28 02:17:51,NDLS,Cloudy,0.43,5.35,0.8,18.6,53.1
2026-02-10 19:10:25,NDLS,Clear,0.42,6.16,1.3,15.7,80.4
2026-06-26 00:22:31,NDLS,Clear,0.11,8.85,1.4,35.9,82.1
2026-04-15 16:08:09,NDLS,Clear,0.13,8.0,1.4,18.6,82.5
2026-02-03 20:15:01,NDLS,Cloudy,0.26,7.58,0.5,20.8,24.6
2026-06-27 02:52:31,NDLS,Clear,0.29,7.46,0.8,19.5,51.4
2026-02-09 13:20:54,NDLS,Clear,0.15,7.96,0.9,19.1,65.4
2026-03-06 01:44:01,NDLS,Rain,0.44,4.94,5.3,31.7,71.2
2026-06-08 09:35:34,NDLS,Clear,0.2,7.78,0.8,15.5,74.6
2026-05-16 12:47:12,NDLS,Rain,0.11,7.23,2.5,26.9,77.2
2026-04-22 00:35:48,NDLS,Rain,0.51,4.54,7.9,16.5,20.0
2026-06-23 13:51:32,NDLS,Fog,0.39,6.51,0.6,15.6,95.5
2026-02-13 01:09:15,NDLS,Cloudy,0.35,7.68,0.7,23.7,50.5
2026-03-26 12:59:35,NDLS,Cloudy,0.19,8.39,0.4,24.2,49.3
2026-03-30 11:49:44,NDLS,Clear,0.36,6.73,0.4,21.9,68.0
2026-05-21 06:11:29,NDLS,Rain,0.06,8.66,7.0,17.8,28.2
2026-02-02 01:42:14,NDLS,Clear,0.14,8.66,1.1,19.3,63.9
2026-04-28 14:31:06,NDLS,Clear,0.59,4.7,0.6,6.6,61.4
2026-04-28 18:10:41,NDLS,Clear,0.22,8.04,1.2,19.0,33.4
2026-06-19 14:41:12,NDLS,Clear,0.38,6.2,1.0,23.5,49.6
2026-03-04 11:51:39,NDLS,Clear,0.28,7.52,0.7,35.0,47.5
2026-05-16 01:38:12,NDLS,Clear,0.34,7.8,0.5,21.4,92.8
2026-03-16 01:45:25,NDLS,Cloudy,0.37,6.81,1.3,27.3,41.4
2026-06-06 18:26:59,NDLS,Clear,0.16,8.93,0.2,18.5,41.9
2026-06-11 16:29:44,NDLS,Clear,0.17,8.53,1.3,25.0,56.0
2026-06-08 19:19:28,NDLS,Rain,0.38,5.11,8.1,35.2,82.5
2026-06-29 14:59:00,NDLS,Cloudy,0.44,6.6,1.5,40.5,61.7
2026-01-20 04:53:10,NDLS,Clear,0.21,8.27,0.3,19.4,76.4
2026-03-13 19:03:18,NDLS,Cloudy,0.15,8.84,0.9,12.7,52.4
2026-05-30 20:40:09,NDLS,Clear,0.47,5.12,1.2,27.9,95.7
2026-03-22 21:10:49,NDLS,Clear,0.06,9.31,0.3,25.0,76.6
2026-04-07 07:57:31,NDLS,Clear,0.05,9.28,0.7,14.8,87.3
2026-03-10 18:25:41,NDLS,Clear,0.59,4.07,0.6,22.6,51.4
2026-03-19 07:00:21,NDLS,Clear,0.26,7.47,0.7,28.5,64.1
2026-04-28 00:50:40,NDLS,Clear,0.31,7.77,0.5,14.8,70.9
2026-02-25 14:44:34,NDLS,Cloudy,0.28,7.54,1.1,26.8,23.4
2026-05-21 02:37:00,NDLS,Clear,0.35,6.48,0.7,32.9,83.4
2026-05-11 10:37:54,NDLS,Cloudy,0.28,7.15,1.4,28.0,70.2
2026-03-10 02:50:39,NDLS,Fog,0.62,4.93,1.3,31.2,67.8
2026-01-06 14:42:26,NDLS,Fog,0.54,4.32,0.4,39.1,87.6
2026-02-09 11:28:29,NDLS,Clear,0.35,6.69,1.3,26.0,59.3
2026-04-20 10:00:06,NDLS,Clear,0.19,8.71,1.3,20.6,83.8
2026-05-23 15:08:45,NDLS,Clear,0.71,3.88,0.6,36.9,33.5
2026-03-30 00:22:29,NDLS,Fog,0.91,2.3,0.4,37.3,100.0
2026-02-27 17:48:26,NDLS,Clear,0.28,8.2,1.5,38.1,61.6
2026-04-23 16:05:38,NDLS,Clear,0.2,8.55,1.3,23.7,37.9
2026-02-10 09:50:37,NDLS,Clear,0.21,8.08,0.2,28.6,53.5
2026-05-29 17:56:15,NDLS,Rain,0.14,7.61,1.2,38.9,84.0
2026-05-04 10:22:21,NDLS,Fog,0.79,3.19,0.9,30.2,75.3
2026-01-30 10:04:39,NDLS,Clear,0.33,6.9,1.0,36.8,74.1
2026-06-08 20:53:12,NDLS,Clear,0.23,8.91,0.9,28.1,56.4
2026-03-22 20:40:14,NDLS,Clear,0.19,8.41,0.0,16.2,76.2
2026-02-02 07:42:31,NDLS,Rain,0.23,5.6,9.9,31.2,83.8
2026-03-30 00:08:14,NDLS,Cloudy,0.6,4.62,0.4,40.5,84.2
2026-02-11 06:39:33,NDLS,Fog,0.49,6.5,0.7,17.5,46.2
2026-06-09 19:53:10,NDLS,Clear,0.49,6.08,1.4,12.2,61.6
2026-05-09 03:57:56,NDLS,Clear,0.19,8.58,1.4,23.0,67.7
2026-03-12 04:01:30,NDLS,Rain,0.2,6.06,10.0,25.1,39.0
2026-05-23 13:58:27,NDLS,Clear,0.48,6.48,0.6,12.3,97.1
2026-05-29 20:35:21,NDLS,Cloudy,0.06,10.04,0.2,27.2,58.8
2026-05-27 03:44:18,NDLS,Fog,0.71,3.65,0.6,16.6,41.5
2026-02-09 06:06:22,NDLS,Clear,0.22,8.01,0.3,31.5,89.6
2026-05-22 02:05:50,NDLS,Rain,0.37,5.69,5.6,36.8,42.8
2026-04-29 16:48:39,NDLS,Cloudy,0.11,9.5,1.1,9.8,50.3
2026-01-03 07:23:33,NDLS,Cloudy,0.34,6.84,0.1,14.7,66.7
2026-05-25 12:13:41,NDLS,Clear,0.41,6.18,0.2,27.4,74.8
2026-01-01 18:53:40,NDLS,Clear,0.03,9.32,1.4,5.5,57.8
2026-04-07 11:13:07,NDLS,Cloudy,0.2,8.65,1.4,13.4,46.2
2026-06-02 07:35:17,NDLS,Cloudy,0.22,8.61,0.3,17.6,70.5
2026-03-08 15:02:06,NDLS,Clear,0.28,8.13,0.3,25.5,53.0
2026-02-09 22:28:39,NDLS,Rain,0.12,7.67,5.4,16.4,61.7
2026-03-08 15:56:35,NDLS,Clear,0.25,8.11,0.6,27.1,72.7
2026-02-13 15:46:46,NDLS,Clear,0.45,5.97,0.7,29.3,26.2
2026-01-17 10:14:25,NDLS,Clear,0.08,8.98,1.2,31.9,88.0
2026-01-21 19:12:04,NDLS,Cloudy,0.34,7.09,0.3,22.8,72.4
2026-04-27 02:09:41,NDLS,Fog,0.55,5.28,1.4,36.4,79.8
2026-04-26 19:27:24,NDLS,Fog,0.42,6.71,1.4,14.6,43.3
2026-05-26 12:53:10,NDLS,Clear,0.12,9.39,0.7,9.7,49.7
2026-04-24 20:52:25,NDLS,Fog,0.82,3.2,0.4,33.3,58.0
2026-04-08 00:56:29,NDLS,Rain,0.3,6.77,8.8,21.3,40.9
2026-05-12 01:13:26,NDLS,Cloudy,0.36,6.92,0.5,26.0,60.8
2026-02-25 15:46:05,NDLS,Clear,0.13,7.64,0.7,14.4,60.3
2026-05-19 04:39:43,NDLS,Clear,0.11,10.15,1.4,18.2,52.7
2026-01-15 11:05:40,NDLS,Clear,0.12,9.11,0.2,28.2,25.0
2026-05-27 15:07:10,NDLS,Clear,0.21,7.77,0.2,34.4,90.7
2026-05-21 15:26:54,NDLS,Clear,0.12,9.04,0.7,31.8,26.8
2026-02-16 16:52:14,NDLS,Clear,0.28,6.65,0.4,28.3,51.0
2026-05-13 00:17:10,NDLS,Cloudy,0.12,8.7,0.6,41.3,91.1
2026-01-14 09:26:41,NDLS,Clear,0.21,7.64,0.7,30.4,63.4
2026-02-23 08:18:40,NDLS,Clear,0.41,6.13,0.3,25.8,79.3
2026-06-09 13:46:38,NDLS,Clear,0.33,6.22,1.3,24.1,93.1
2026-04-24 00:06:13,NDLS,Clear,0.14,8.79,0.6,22.4,44.3
2026-02-21 07:19:40,NDLS,Clear,0.37,6.43,0.6,15.7,92.1
2026-03-01 17:21:57,NDLS,Clear,0.21,8.34,0.4,26.2,89.4
2026-04-06 01:13:05,NDLS,Cloudy,0.43,6.38,0.9,26.8,59.4
2026-06-20 00:08:45,NDLS,Clear,0.06,9.01,1.4,23.1,37.9
2026-01-28 02:57:09,NDLS,Fog,0.55,5.11,1.3,18.4,93.6
2026-01-25 11:44:40,NDLS,Clear,0.15,8.77,1.4,32.4,63.4
2026-03-29 06:30:15,NDLS,Clear,0.45,6.83,1.4,36.3,67.1
2026-01-05 12:51:16,NDLS,Clear,0.2,7.85,0.7,25.0,71.6
2026-01-14 15:58:43,NDLS,Clear,0.15,9.36,1.3,22.9,82.3
2026-05-30 19:58:50,NDLS,Cloudy,0.59,5.49,0.4,23.1,77.6
2026-01-14 14:55:29,NDLS,Cloudy,0.05,10.18,1.1,24.6,58.7
2026-05-16 01:19:22,NDLS,Cloudy,0.08,9.13,0.3,27.1,44.0
2026-03-30 12:17:02,NDLS,Cloudy,0.14,8.64,1.4,22.4,74.5
2026-02-25 04:58:05,NDLS,Rain,0.33,5.56,7.3,17.1,24.7
2026-05-17 13:42:07,NDLS,Clear,0.04,10.82,1.0,30.5,71.2
2026-03-24 17:43:18,NDLS,Clear,0.43,6.94,0.2,20.9,44.3
2026-02-08 14:52:56,NDLS,Fog,0.66,3.95,0.4,25.5,64.4
2026-01-07 02:55:10,NDLS,Clear,0.16,8.44,0.1,29.7,73.9
2026-06-12 06:30:26,NDLS,Cloudy,0.17,8.67,0.3,26.2,91.1
2026-04-08 05:23:11,NDLS,Cloudy,0.33,7.04,0.9,24.0,76.7
2026-01-18 21:59:45,NDLS,Cloudy,0.1,9.93,1.5,23.3,67.4
2026-01-03 16:24:02,NDLS,Cloudy,0.46,5.66,1.2,29.9,81.8
2026-01-30 01:18:58,NDLS,Clear,0.11,8.54,1.4,31.7,46.1
2026-06-09 14:00:09,NDLS,Clear,0.4,6.92,0.1,21.7,46.6
2026-02-19 05:45:30,NDLS,Rain,0.2,7.8,7.9,22.3,54.5
2026-03-07 09:08:32,NDLS,Cloudy,0.36,7.84,1.1,36.1,69.4
2026-02-07 22:32:21,NDLS,Fog,0.5,6.28,1.3,24.2,62.5
2026-01-26 10:37:13,NDLS,Rain,0.27,6.17,13.4,15.8,60.5
2026-05-10 08:40:08,NDLS,Clear,0.15,7.94,1.1,9.1,73.9
2026-02-08 04:53:08,NDLS,Cloudy,0.21,8.35,0.4,24.6,89.6
2026-06-19 22:23:16,NDLS,Clear,0.21,8.82,0.3,17.2,71.5
2026-01-13 20:16:55,NDLS,Clear,0.26,6.93,1.1,21.7,76.6
2026-04-26 15:51:21,NDLS,Rain,0.34,5.71,2.0,25.1,60.2
2026-04-26 03:51:04,NDLS,Clear,0.14,9.09,1.4,20.2,57.3
2026-02-22 06:14:00,NDLS,Clear,0.06,9.34,1.5,19.9,76.1
2026-04-21 09:21:49,NDLS,Cloudy,0.53,5.57,0.5,27.6,58.6
2026-02-24 05:34:01,NDLS,Clear,0.25,7.9,0.4,10.4,71.1
2026-05-31 09:23:53,NDLS,Clear,0.3,7.88,1.0,30.1,42.2
2026-03-18 06:59:47,NDLS,Clear,0.37,6.31,0.5,23.1,100.0
2026-04-24 21:20:43,NDLS,Rain,0.09,8.08,3.7,19.4,97.9
2026-02-11 06:44:29,NDLS,Clear,0.38,6.41,1.2,19.7,44.0
2026-02-04 10:57:31,NDLS,Clear,0.26,8.14,0.1,30.2,67.7
2026-01-09 05:06:03,NDLS,Cloudy,0.51,6.05,0.5,25.1,90.5
2026-03-03 18:19:26,NDLS,Rain,0.24,6.24,19.0,27.4,75.2
2026-03-29 15:06:38,NDLS,Fog,0.5,5.87,1.2,27.9,83.4
2026-04-20 03:19:10,NDLS,Clear,0.3,6.98,1.3,34.4,70.4
2026-06-29 07:09:01,NDLS,Rain,0.35,5.38,4.9,16.6,79.1
2026-04-09 18:19:32,NDLS,Clear,0.09,8.63,1.2,26.5,52.6
2026-02-12 00:26:01,NDLS,Clear,0.18,8.09,0.2,15.4,33.0
2026-03-13 20:32:12,NDLS,Clear,0.04,9.62,0.4,20.9,49.6
2026-04-09 01:45:56,NDLS,Fog,0.44,6.44,0.4,13.5,59.9
2026-05-08 17:13:44,NDLS,Rain,0.12,6.98,23.4,25.6,64.7
2026-03-26 11:55:36,NDLS,Clear,0.32,6.78,1.4,26.5,71.2
2026-05-07 16:18:45,NDLS,Clear,0.09,8.39,0.6,14.0,55.1
2026-04-29 22:49:20,NDLS,Rain,0.3,6.64,17.0,28.1,89.5
2026-02-17 19:45:23,NDLS,Clear,0.27,8.18,0.7,11.6,69.3
2026-05-22 07:00:14,NDLS,Clear,0.34,7.15,1.2,23.9,87.4
2026-03-17 19:56:54,NDLS,Clear,0.2,8.14,0.8,12.6,70.9
2026-01-07 17:31:55,NDLS,Cloudy,0.16,8.48,1.4,15.2,70.6
2026-01-04 11:30:29,NDLS,Rain,0.04,7.8,9.3,27.4,57.9
2026-06-03 19:51:11,NDLS,Clear,0.43,6.21,1.0,27.7,59.7
2026-02-12 17:07:27,NDLS,Cloudy,0.59,4.98,0.9,24.0,72.5
2026-02-22 20:53:00,NDLS,Clear,0.57,4.71,1.0,5.5,78.9
2026-06-12 07:21:38,NDLS,Clear,0.05,9.67,0.2,13.1,35.5
2026-02-03 21:31:03,NDLS,Clear,0.09,10.14,1.4,11.4,84.3
2026-06-02 10:48:42,NDLS,Rain,0.41,5.54,6.0,39.0,24.7
2026-03-01 14:11:01,NDLS,Clear,0.53,4.58,0.5,24.5,67.7
2026-03-11 22:55:34,NDLS,Clear,0.27,8.09,1.5,25.8,68.1
2026-03-31 16:21:07,NDLS,Rain,0.32,5.51,2.8,18.4,76.7
2026-05-10 11:25:28,NDLS,Clear,0.56,5.22,1.3,50.2,64.9
2026-05-29 22:04:18,NDLS,Clear,0.29,7.29,0.1,24.5,83.1
2026-06-14 18:43:00,NDLS,Clear,0.06,9.03,0.4,26.3,85.1
2026-03-29 15:08:06,NDLS,Clear,0.17,8.02,1.3,29.3,74.2
2026-02-16 02:10:00,NDLS,Cloudy,0.17,9.34,1.0,30.5,93.6
2026-04-07 11:02:03,NDLS,Clear,0.32,7.53,1.3,24.0,83.2
2026-04-05 18:28:41,NDLS,Clear,0.28,7.74,0.4,20.6,71.0
2026-01-18 16:17:58,NDLS,Cloudy,0.53,5.44,0.8,14.4,76.5
2026-01-19 02:25:59,NDLS,Clear,0.18,8.75,0.7,26.8,46.7
2026-01-25 19:23:26,NDLS,Clear,0.33,7.18,1.2,19.0,92.3
2026-03-15 04:19:37,NDLS,Clear,0.18,8.9,1.2,44.9,64.0
2026-06-03 20:18:26,NDLS,Clear,0.2,9.01,1.0,25.3,59.6
2026-03-10 19:59:08,NDLS,Clear,0.38,6.36,0.3,11.6,24.3
2026-01-24 23:09:34,NDLS,Clear,0.41,5.98,0.8,26.0,70.4
2026-03-04 20:33:01,NDLS,Clear,0.06,9.04,0.7,34.8,56.5
2026-05-07 11:52:18,NDLS,Clear,0.43,6.37,0.1,29.7,38.4
2026-05-10 13:09:58,NDLS,Cloudy,0.41,6.96,0.7,26.8,64.4
2026-04-05 00:24:46,NDLS,Rain,0.23,7.66,8.0,28.7,59.7
2026-01-24 21:06:24,NDLS,Rain,0.29,6.16,1.1,16.2,100.0
2026-01-15 05:15:13,NDLS,Rain,0.26,7.11,7.6,25.7,78.5
2026-02-21 09:59:39,NDLS,Clear,0.32,6.99,1.4,27.3,88.0
2026-03-13 05:03:11,NDLS,Clear,0.5,5.48,1.3,25.3,90.3
2026-04-21 03:32:02,NDLS,Clear,0.07,9.47,0.3,13.0,74.6
2026-03-22 02:40:14,NDLS,Rain,0.16,7.67,13.5,9.8,48.1
2026-05-10 16:45:45,NDLS,Cloudy,0.1,9.64,1.0,19.2,74.8
2026-05-29 00:02:17,NDLS,Cloudy,0.33,7.9,0.1,28.1,60.6
2026-01-16 19:06:12,NDLS,Fog,1.0,0.98,0.2,27.1,81.5
2026-06-03 00:16:59,NDLS,Clear,0.54,5.33,0.7,31.9,66.2
2026-03-17 07:34:42,NDLS,Clear,0.56,4.32,0.6,27.8,83.3
2026-01-25 01:08:19,NDLS,Clear,0.15,9.21,0.5,27.5,68.4
2026-01-05 14:34:14,NDLS,Fog,0.47,6.33,1.0,26.9,100.0
2026-03-02 00:06:29,NDLS,Clear,0.33,6.76,1.1,14.6,45.5
2026-02-16 21:50:20,NDLS,Cloudy,0.09,9.53,0.5,34.4,66.6
2026-01-03 09:02:32,NDLS,Cloudy,0.23,8.38,0.6,21.2,80.2
2026-02-28 01:02:46,NDLS,Clear,0.53,5.03,0.7,34.2,82.1
2026-06-09 20:46:45,NDLS,Cloudy,0.39,7.11,1.0,27.4,79.6
2026-01-28 15:18:31,NDLS,Cloudy,0.09,8.57,1.2,35.4,53.3
2026-01-05 15:52:06,NDLS,Cloudy,0.61,4.31,1.1,33.5,65.1
2026-04-10 17:07:39,NDLS,Clear,0.3,7.12,0.3,27.5,59.1
2026-05-03 03:01:37,NDLS,Clear,0.37,7.18,1.0,24.7,58.7
2026-05-29 19:49:00,NDLS,Clear,0.16,8.23,0.2,25.3,50.0
2026-03-14 01:28:42,NDLS,Fog,0.79,2.98,0.6,23.3,85.6
2026-05-16 21:30:40,NDLS,Rain,0.46,4.96,4.7,19.6,77.9
2026-02-28 02:38:58,NDLS,Fog,0.64,4.25,0.6,21.9,52.8
2026-05-18 05:17:42,NDLS,Cloudy,0.39,6.98,1.4,27.3,89.2
2026-06-13 08:12:07,NDLS,Clear,0.29,7.38,0.6,23.0,53.6
2026-04-22 10:28:52,NDLS,Clear,0.12,8.85,0.9,18.9,29.0
2026-06-11 03:47:26,NDLS,Clear,0.21,8.04,1.3,17.1,55.1
2026-03-24 19:06:26,NDLS,Clear,0.54,5.53,0.5,28.2,43.5
2026-02-25 00:50:57,NDLS,Clear,0.27,8.19,1.2,30.9,87.0
2026-02-19 18:23:42,NDLS,Cloudy,0.36,6.84,1.4,34.9,44.2
2026-06-13 09:38:13,NDLS,Rain,0.25,7.54,11.4,30.2,70.2
2026-06-09 09:48:51,NDLS,Rain,0.23,6.64,7.6,33.7,62.1
2026-02-08 14:07:32,NDLS,Clear,0.25,8.24,1.0,22.2,90.1
2026-03-24 15:01:27,NDLS,Rain,0.3,6.02,4.4,23.0,92.4
2026-05-31 00:01:00,NDLS,Rain,0.4,5.01,3.6,17.3,86.3
2026-02-26 05:47:12,NDLS,Clear,0.22,7.92,0.6,17.9,87.7
2026-04-12 18:56:15,NDLS,Clear,0.29,7.82,1.3,17.0,74.3
2026-02-06 20:42:38,NDLS,Rain,0.2,6.82,12.2,26.6,96.2
2026-06-16 06:23:35,NDLS,Clear,0.11,8.53,1.0,22.7,38.8
2026-03-24 18:46:54,NDLS,Clear,0.32,7.28,1.5,18.9,39.1
2026-03-08 17:40:42,NDLS,Fog,0.65,5.08,0.2,21.3,92.6
2026-03-04 01:55:05,NDLS,Clear,0.48,5.59,1.3,38.3,81.1
2026-04-27 02:47:15,NDLS,Cloudy,0.41,6.16,1.4,14.7,96.4
2026-05-07 16:51:50,NDLS,Clear,0.29,7.9,0.7,27.4,20.0
2026-06-04 21:07:38,NDLS,Clear,0.15,8.76,1.0,20.9,46.0
2026-02-06 06:15:32,NDLS,Clear,0.31,8.02,0.8,25.9,72.6
2026-06-11 06:21:13,NDLS,Clear,0.31,7.25,1.1,11.9,87.7
2026-03-22 07:25:02,NDLS,Clear,0.25,8.02,0.6,15.0,67.6
2026-01-23 23:27:51,NDLS,Rain,0.51,4.51,10.6,23.8,55.6
2026-06-07 00:10:52,NDLS,Rain,0.3,6.68,16.3,22.2,83.9
2026-04-10 01:13:13,NDLS,Rain,0.27,6.99,8.2,22.2,90.9
2026-03-08 09:28:37,NDLS,Fog,0.55,5.93,0.1,24.0,53.0
2026-01-03 12:08:38,NDLS,Cloudy,0.21,9.21,1.0,14.9,68.4
2026-05-13 23:58:29,NDLS,Fog,0.82,2.83,0.8,21.3,54.9
2026-05-07 20:37:13,NDLS,Clear,0.27,7.48,0.4,25.2,69.7
2026-03-11 15:24:55,NDLS,Clear,0.12,8.37,1.3,13.8,80.0
2026-04-23 11:55:14,NDLS,Fog,0.41,5.71,0.8,30.9,52.5
2026-05-16 18:04:00,NDLS,Cloudy,0.13,9.14,0.9,22.3,45.9
2026-03-13 21:43:04,NDLS,Rain,0.32,5.47,15.2,25.3,64.3
2026-05-02 22:02:39,NDLS,Fog,0.77,3.71,0.4,35.4,63.7
2026-05-09 07:46:25,NDLS,Clear,0.19,7.8,0.5,26.9,100.0
2026-02-05 04:22:33,NDLS,Cloudy,0.16,8.29,1.0,15.4,71.9
2026-05-14 09:59:07,NDLS,Clear,0.08,9.75,1.4,25.6,54.8
2026-04-12 18:12:57,NDLS,Rain,0.28,5.83,7.3,13.4,85.8
2026-02-11 18:06:44,NDLS,Clear,0.4,5.53,1.4,17.0,81.9
2026-04-09 09:46:34,NDLS,Clear,0.22,7.31,0.7,36.9,78.3
2026-03-20 07:23:57,NDLS,Clear,0.18,8.26,1.1,10.7,71.7
2026-05-23 03:34:42,NDLS,Clear,0.44,6.06,0.9,21.7,90.3
2026-03-03 06:20:03,NDLS,Clear,0.33,7.21,1.0,21.1,79.2
2026-01-15 19:07:58,NDLS,Cloudy,0.19,8.16,0.0,32.5,63.7
2026-01-27 22:13:00,NDLS,Cloudy,0.31,7.17,1.1,19.1,79.5
2026-05-11 12:18:31,NDLS,Clear,0.34,6.73,0.7,29.9,70.5
2026-03-17 19:04:01,NDLS,Clear,0.17,7.84,1.0,18.5,44.5
2026-01-13 10:02:30,NDLS,Rain,0.43,5.7,0.7,21.7,45.5
2026-01-06 02:16:58,NDLS,Clear,0.34,6.9,0.9,10.8,74.9
2026-03-31 23:45:09,NDLS,Clear,0.16,8.97,0.3,26.5,71.5
2026-04-08 21:51:46,NDLS,Clear,0.24,8.29,1.2,20.3,93.5
2026-04-30 14:34:39,NDLS,Rain,0.38,5.35,5.2,26.3,45.4
2026-01-31 14:24:54,NDLS,Fog,0.5,6.18,0.2,26.5,79.4
2026-04-08 05:08:08,NDLS,Clear,0.18,8.22,1.1,21.1,65.8
2026-06-07 13:25:10,NDLS,Clear,0.37,6.81,0.6,26.9,63.9
2026-06-19 21:29:33,NDLS,Clear,0.47,5.86,0.4,21.3,63.4
2026-06-09 23:55:59,NDLS,Rain,0.21,6.72,9.0,35.1,50.0
2026-04-20 08:05:56,NDLS,Clear,0.06,9.12,0.9,29.7,49.7
2026-05-19 14:04:05,NDLS,Fog,0.47,5.98,1.4,24.6,74.9
2026-02-14 08:18:57,NDLS,Cloudy,0.47,6.05,0.8,17.0,62.4
2026-03-04 17:30:59,NDLS,Clear,0.41,6.92,0.8,21.4,58.5
2026-06-12 04:32:55,NDLS,Cloudy,0.33,7.32,0.7,27.0,91.6
2026-06-06 04:42:58,NDLS,Cloudy,0.07,9.94,0.7,35.1,76.1
2026-01-16 20:13:53,NDLS,Cloudy,0.37,6.64,0.1,32.8,41.1
2026-02-05 02:55:08,NDLS,Fog,0.58,4.76,0.2,19.6,75.8
2026-03-01 14:56:23,NDLS,Clear,0.2,8.33,0.6,30.1,62.3
2026-01-17 16:34:20,NDLS,Clear,0.33,7.04,1.1,13.7,69.0
2026-01-03 01:09:09,NDLS,Cloudy,0.37,6.82,1.1,21.8,95.1
2026-01-21 05:03:14,NDLS,Clear,0.18,7.78,1.5,26.5,76.8
2026-04-14 04:39:37,NDLS,Fog,0.81,3.56,0.7,40.4,60.7
2026-01-06 07:58:02,NDLS,Clear,0.36,6.38,0.1,16.3,59.0
2026-06-06 19:57:37,NDLS,Rain,0.45,4.44,10.6,4.7,81.1
2026-04-28 17:43:20,NDLS,Fog,0.98,2.09,0.7,25.0,62.0
2026-05-17 11:21:29,NDLS,Clear,0.46,5.85,0.6,14.6,84.5
2026-05-30 07:02:13,NDLS,Cloudy,0.08,9.34,0.5,26.8,61.2
2026-01-06 06:12:35,NDLS,Cloudy,0.05,10.33,1.5,29.6,85.7
2026-05-06 07:26:19,NDLS,Rain,0.19,7.2,4.4,23.4,79.7
2026-06-03 14:49:54,NDLS,Rain,0.52,4.31,2.8,22.2,69.2
2026-03-19 17:10:54,NDLS,Cloudy,0.11,8.63,0.8,22.2,70.7
2026-03-29 07:24:57,NDLS,Clear,0.56,4.77,1.1,24.6,100.0
2026-06-13 22:37:55,NDLS,Clear,0.13,9.14,1.0,5.3,65.1
2026-05-01 19:07:48,NDLS,Rain,0.29,7.37,11.1,25.1,76.5
2026-06-17 15:29:26,NDLS,Cloudy,0.28,7.21,1.1,23.7,74.7
2026-03-06 04:58:51,NDLS,Rain,0.06,8.7,6.3,19.7,64.5
2026-02-02 01:17:08,NDLS,Fog,0.61,5.14,1.2,33.3,77.2
2026-02-17 01:32:56,NDLS,Rain,0.25,7.0,1.4,35.1,43.6
2026-05-30 23:21:27,NDLS,Fog,0.75,3.87,1.1,20.6,71.5
2026-06-05 15:45:00,NDLS,Cloudy,0.42,6.35,0.5,14.9,95.8
2026-01-30 17:44:06,NDLS,Rain,0.4,5.02,5.4,16.9,55.7
2026-05-11 02:45:56,NDLS,Cloudy,0.23,8.15,1.2,22.1,74.3
2026-03-08 23:28:43,NDLS,Fog,0.67,4.35,1.0,25.0,66.8
2026-04-01 04:33:05,NDLS,Fog,0.7,4.24,0.6,27.7,100.0
2026-05-22 21:52:02,NDLS,Cloudy,0.24,8.14,0.4,27.8,63.7
2026-03-14 05:01:01,NDLS,Clear,0.19,8.0,0.8,22.8,38.1
2026-06-27 04:01:25,NDLS,Clear,0.14,8.88,0.4,21.0,58.1
2026-06-19 10:50:50,NDLS,Fog,0.42,6.78,1.2,20.8,47.6
2026-01-23 02:16:38,NDLS,Fog,0.62,5.03,0.1,30.5,51.1
2026-05-21 14:21:02,NDLS,Clear,0.65,4.64,0.9,30.7,85.9
2026-03-18 13:43:55,NDLS,Fog,1.0,0.68,1.1,37.1,87.5
2026-03-12 02:44:11,NDLS,Clear,0.34,6.7,1.1,22.6,97.0
2026-06-17 12:58:39,NDLS,Clear,0.3,6.91,0.5,28.3,42.0
2026-04-16 17:29:24,NDLS,Cloudy,0.09,9.34,0.8,22.5,45.5
2026-03-18 21:19:33,NDLS,Clear,0.14,8.15,0.3,33.8,59.6
2026-04-11 02:36:58,NDLS,Clear,0.19,8.12,0.6,31.9,72.8
2026-01-02 17:53:58,NDLS,Clear,0.37,6.86,1.3,34.1,70.2
2026-04-19 09:07:16,NDLS,Fog,0.58,5.19,1.0,5.6,52.5
2026-03-30 22:14:11,NDLS,Cloudy,0.16,8.68,1.2,21.3,20.0
2026-05-08 13:10:06,NDLS,Fog,0.7,4.96,0.4,4.4,100.0
2026-01-26 22:33:21,NDLS,Clear,0.04,9.16,0.7,42.0,47.6
2026-02-16 01:21:55,NDLS,Clear,0.19,8.24,0.7,21.8,61.4
2026-01-25 02:28:58,NDLS,Clear,0.18,8.99,0.9,17.4,44.7
2026-03-27 21:48:09,NDLS,Clear,0.29,7.48,1.4,21.1,73.9
2026-01-14 05:05:17,NDLS,Clear,0.34,7.0,0.4,17.4,42.0
2026-03-01 03:41:53,NDLS,Rain,0.13,7.66,5.7,5.0,65.9
2026-02-28 10:59:20,NDLS,Rain,0.28,6.33,13.7,30.7,56.8
2026-04-25 04:04:27,NDLS,Cloudy,0.3,7.96,0.1,31.6,71.1
2026-03-23 21:07:36,NDLS,Clear,0.23,8.46,0.4,35.4,73.2
2026-01-22 10:42:24,NDLS,Clear,0.24,8.39,0.8,35.6,76.5
2026-06-16 13:59:37,NDLS,Cloudy,0.13,8.55,0.9,14.8,98.8
2026-04-04 23:33:21,NDLS,Clear,0.18,8.73,0.1,30.5,89.1
2026-04-12 22:16:06,NDLS,Cloudy,0.23,7.86,0.6,25.3,59.5
2026-05-28 07:13:07,NDLS,Cloudy,0.48,6.19,0.4,24.6,84.6
2026-04-03 03:35:30,NDLS,Clear,0.26,7.21,0.6,15.0,51.0
2026-01-08 08:52:00,NDLS,Clear,0.25,7.62,1.4,13.6,31.1
2026-03-12 12:44:54,NDLS,Cloudy,0.58,4.83,0.1,8.7,69.3
2026-06-11 18:49:27,NDLS,Clear,0.06,8.83,0.9,20.6,56.0
2026-06-09 05:17:05,NDLS,Clear,0.34,7.23,1.2,20.5,67.7
2026-01-22 15:41:57,NDLS,Clear,0.26,7.31,0.4,27.4,85.0
2026-01-18 19:28:25,NDLS,Rain,0.08,7.81,10.1,28.2,74.3
2026-05-23 05:26:50,NDLS,Fog,0.73,3.71,1.1,26.0,61.9
2026-04-08 14:55:41,NDLS,Cloudy,0.19,8.12,0.3,22.2,79.1
2026-05-27 17:37:40,NDLS,Rain,0.29,6.88,10.2,26.4,86.5
2026-02-26 04:19:33,NDLS,Cloudy,0.12,9.24,1.2,31.5,54.9
2026-04-11 07:01:41,NDLS,Clear,0.12,8.86,1.0,26.6,33.2
2026-02-12 20:16:28,NDLS,Clear,0.2,8.02,1.2,19.4,83.1
2026-05-09 03:16:34,NDLS,Clear,0.69,4.3,0.8,16.3,72.4
2026-02-28 02:46:56,NDLS,Clear,0.47,6.67,1.0,27.1,31.0
2026-01-29 13:40:29,NDLS,Cloudy,0.18,8.36,1.2,16.0,72.0
2026-05-12 20:47:15,NDLS,Fog,0.61,4.6,0.2,14.5,73.8
2026-03-09 02:58:42,NDLS,Fog,0.57,4.85,0.6,18.9,80.9
2026-05-27 00:07:10,NDLS,Clear,0.36,6.11,1.1,28.6,82.4
2026-03-03 14:12:33,NDLS,Rain,0.24,6.27,3.3,23.3,59.7
2026-04-03 08:52:01,NDLS,Clear,0.04,10.23,1.4,36.4,55.4
2026-06-14 12:52:59,NDLS,Cloudy,0.18,9.07,0.1,30.0,80.8
2026-05-29 00:03:52,NDLS,Fog,0.57,5.32,0.2,32.1,49.8
2026-05-03 10:46:53,NDLS,Clear,0.67,4.55,0.9,47.1,57.5
2026-06-28 02:37:57,NDLS,Clear,0.27,7.79,0.3,21.4,58.2
2026-02-20 22:02:50,NDLS,Clear,0.19,8.48,1.0,8.5,59.7
2026-05-29 09:00:50,NDLS,Cloudy,0.25,7.88,0.3,36.6,53.5
2026-05-14 14:09:08,NDLS,Rain,0.21,7.5,6.2,30.0,69.6
2026-02-28 22:16:31,NDLS,Clear,0.69,4.11,1.3,28.4,67.4
2026-04-04 04:49:21,NDLS,Fog,0.55,5.88,0.4,17.4,71.1
2026-05-17 10:39:11,NDLS,Clear,0.21,8.32,0.6,28.9,61.6
2026-01-16 06:17:55,NDLS,Rain,0.61,4.03,14.0,24.6,77.9
2026-02-06 11:53:20,NDLS,Clear,0.13,9.27,0.6,32.7,22.9
2026-04-08 12:45:57,NDLS,Cloudy,0.13,8.64,0.3,12.3,64.1
2026-01-02 08:54:26,NDLS,Clear,0.34,7.28,0.9,26.4,33.4
2026-03-23 13:38:45,NDLS,Cloudy,0.24,8.07,1.1,-3.5,33.8
2026-03-06 10:41:29,NDLS,Clear,0.18,8.11,1.5,34.7,68.8
2026-02-08 05:25:08,NDLS,Rain,0.3,6.34,0.4,28.7,83.0
2026-04-11 20:52:42,NDLS,Clear,0.64,4.32,0.1,18.2,78.7
2026-03-19 13:31:34,NDLS,Clear,0.68,4.35,0.9,24.9,86.7
2026-01-19 02:09:26,NDLS,Cloudy,0.28,8.06,1.0,35.4,80.3
2026-01-19 08:20:13,NDLS,Clear,0.09,9.33,0.8,17.0,69.3
2026-05-07 18:39:55,NDLS,Cloudy,0.08,10.02,0.1,11.2,24.7
2026-04-14 04:13:23,NDLS,Clear,0.55,6.28,0.5,21.7,73.5
2026-06-01 13:27:39,NDLS,Clear,0.13,9.13,1.4,14.4,73.4
2026-05-23 08:41:49,NDLS,Clear,0.14,8.29,0.8,29.0,56.6
2026-04-14 13:25:48,NDLS,Clear,0.15,8.08,1.4,38.3,85.1
2026-02-12 04:10:25,NDLS,Clear,0.18,9.36,1.0,4.4,69.8
2026-05-11 10:37:33,NDLS,Cloudy,0.34,7.1,0.3,22.9,77.2
2026-06-20 14:55:29,NDLS,Cloudy,0.29,7.92,1.5,22.6,68.6
2026-02-09 14:29:29,NDLS,Clear,0.12,8.63,1.1,12.5,83.5
2026-02-25 13:20:19,NDLS,Clear,0.53,5.74,1.2,25.9,100.0
2026-03-18 05:15:42,NDLS,Clear,0.18,9.08,0.5,26.1,61.5
2026-05-24 19:04:59,NDLS,Cloudy,0.22,7.41,1.5,23.6,51.8
2026-01-01 19:01:40,NDLS,Rain,0.22,7.69,19.2,30.1,73.8
2026-02-24 09:19:31,NDLS,Clear,0.26,7.46,0.2,24.6,48.4
2026-03-29 22:36:22,NDLS,Clear,0.43,6.39,1.1,14.8,62.1
2026-05-07 21:54:11,NDLS,Clear,0.12,8.6,1.5,35.0,66.3
2026-03-11 08:14:42,NDLS,Clear,0.37,7.23,0.1,27.1,73.5
2026-04-06 21:19:42,NDLS,Clear,0.29,7.38,0.1,8.8,34.1
2026-03-07 13:39:07,NDLS,Clear,0.35,7.3,0.1,28.9,79.0
2026-06-25 11:00:26,NDLS,Clear,0.21,8.43,1.2,29.2,83.7
2026-05-20 10:11:18,NDLS,Clear,0.12,9.37,0.5,35.4,78.4
2026-01-21 00:47:35,NDLS,Fog,0.61,4.88,1.2,34.4,75.8
2026-06-01 12:00:37,NDLS,Rain,0.57,4.03,17.4,16.8,61.1
2026-06-11 06:25:17,NDLS,Cloudy,0.37,7.49,1.1,18.9,45.1
2026-03-13 13:38:14,NDLS,Rain,0.2,7.65,3.6,19.8,73.1
2026-02-20 17:29:38,NDLS,Fog,0.86,2.72,1.3,27.3,70.5
2026-03-13 09:37:03,NDLS,Cloudy,0.29,8.64,0.8,22.4,56.2
2026-06-28 14:27:19,NDLS,Rain,0.28,6.03,3.7,17.6,56.9
2026-02-28 16:33:51,NDLS,Clear,0.48,6.21,0.6,34.0,76.2
2026-02-13 10:39:19,NDLS,Clear,0.28,8.08,0.8,31.7,60.8
2026-05-21 19:26:45,NDLS,Cloudy,0.3,7.58,0.2,17.8,61.5
2026-05-14 16:10:39,NDLS,Rain,0.47,6.12,9.9,23.7,94.8
2026-02-21 05:01:39,NDLS,Clear,0.31,7.32,0.4,22.2,54.2
2026-01-01 03:58:40,NDLS,Clear,0.28,7.84,1.3,26.3,61.3
2026-06-03 20:06:08,NDLS,Cloudy,0.2,8.55,0.4,6.4,54.7
2026-04-09 23:05:21,NDLS,Clear,0.31,7.13,1.3,13.3,70.8
2026-01-31 01:04:11,NDLS,Rain,0.43,4.62,7.2,33.7,73.1
2026-02-07 12:47:00,NDLS,Clear,0.4,7.62,0.4,32.1,70.4
2026-04-05 21:44:08,NDLS,Rain,0.09,7.93,2.3,33.5,35.0
2026-02-27 05:34:33,NDLS,Clear,0.64,4.66,0.7,7.6,79.3
2026-03-08 23:58:15,NDLS,Cloudy,0.21,8.1,1.3,20.1,52.8
2026-05-25 14:55:30,NDLS,Clear,0.37,6.58,0.3,4.7,79.2
2026-01-07 02:42:24,NDLS,Clear,0.23,8.0,1.2,26.2,73.5
2026-03-29 18:42:21,NDLS,Clear,0.17,8.61,0.3,25.7,68.6
2026-06-30 22:02:30,NDLS,Clear,0.41,6.78,0.3,18.3,50.2
2026-03-07 17:25:42,NDLS,Clear,0.16,7.88,0.9,21.4,66.8
2026-05-15 16:16:49,NDLS,Rain,0.29,5.65,7.1,28.1,64.1
2026-03-29 14:20:45,NDLS,Clear,0.38,6.93,1.3,31.6,87.5
2026-03-01 05:05:57,NDLS,Rain,0.18,7.81,2.9,19.7,84.8
2026-05-18 12:53:31,NDLS,Fog,0.77,3.85,1.0,19.8,62.5
2026-04-04 16:42:14,NDLS,Rain,0.17,6.8,3.5,18.6,43.9
2026-06-07 18:55:16,NDLS,Clear,0.24,7.95,1.1,24.0,80.5
2026-01-17 06:54:49,NDLS,Fog,0.85,3.4,1.1,19.6,81.1
2026-01-05 02:53:06,NDLS,Cloudy,0.33,6.66,1.1,18.0,59.3
2026-02-16 14:42:14,NDLS,Clear,0.08,9.47,1.3,26.0,55.8
2026-06-14 06:10:11,NDLS,Clear,0.06,9.37,1.2,19.1,74.9
2026-03-30 04:52:46,NDLS,Rain,0.41,4.41,10.5,3.7,81.5
2026-02-02 08:35:41,NDLS,Fog,0.75,4.12,1.1,20.9,51.5
2026-04-08 21:04:30,NDLS,Clear,0.19,7.9,0.8,16.9,58.1
2026-01-29 10:21:09,NDLS,Clear,0.21,8.01,1.0,22.3,57.4
2026-04-10 20:34:38,NDLS,Clear,0.38,6.7,1.0,25.5,77.8
2026-01-20 09:15:39,NDLS,Rain,0.08,8.71,0.9,28.3,86.9
2026-02-18 17:04:21,NDLS,Fog,0.98,1.2,0.1,23.4,60.0
2026-02-22 23:17:42,NDLS,Clear,0.04,9.3,1.0,23.9,90.2
2026-01-12 05:12:30,NDLS,Cloudy,0.63,4.4,0.4,17.6,76.1
2026-03-22 15:40:32,NDLS,Rain,0.21,7.64,14.1,24.7,73.5
2026-05-24 21:40:40,NDLS,Clear,0.25,8.58,0.3,28.8,89.7
2026-05-20 21:40:28,NDLS,Clear,0.35,6.82,0.6,25.0,80.7
2026-04-11 08:50:00,NDLS,Clear,0.21,8.39,1.3,14.6,73.8
2026-05-14 12:53:20,NDLS,Clear,0.44,6.09,0.2,2.3,77.2
2026-05-06 17:19:40,NDLS,Clear,0.37,7.04,1.3,16.2,60.8
2026-01-19 12:48:45,NDLS,Fog,0.66,4.47,0.1,17.3,62.4
2026-04-18 16:24:05,NDLS,Cloudy,0.16,9.01,0.2,31.9,64.6
2026-05-31 03:36:17,NDLS,Cloudy,0.2,7.89,1.5,19.1,70.0
2026-03-30 11:48:15,NDLS,Cloudy,0.35,6.75,0.7,31.3,77.2
2026-03-26 15:40:29,NDLS,Cloudy,0.11,9.21,1.5,37.3,20.0
2026-02-21 02:28:47,NDLS,Fog,0.4,7.64,0.9,24.1,40.8
2026-06-13 18:01:50,NDLS,Clear,0.41,5.75,1.5,27.1,96.0
2026-06-25 07:11:46,NDLS,Cloudy,0.54,4.36,0.9,24.8,59.3
2026-04-28 06:21:26,NDLS,Rain,0.11,7.84,10.8,22.4,67.9
2026-01-13 21:09:28,NDLS,Clear,0.21,8.24,0.4,23.1,56.7
2026-06-12 16:05:02,NDLS,Clear,0.43,6.16,1.3,33.0,61.0
2026-06-27 23:19:15,NDLS,Clear,0.11,9.7,0.8,29.0,65.9
2026-02-19 07:25:21,NDLS,Clear,0.16,7.75,1.4,38.4,100.0
2026-06-06 07:44:14,NDLS,Fog,0.74,3.07,1.2,2.7,85.8
2026-05-22 11:51:48,NDLS,Cloudy,0.38,7.1,1.4,27.5,84.3
2026-03-06 11:08:33,NDLS,Clear,0.29,7.41,0.1,22.9,70.9
2026-01-03 12:13:04,NDLS,Clear,0.27,8.15,1.2,41.1,50.4
2026-02-11 08:16:10,NDLS,Rain,0.25,6.54,3.0,30.2,32.6
2026-05-18 21:59:50,NDLS,Clear,0.41,7.61,0.4,1.2,93.8
2026-02-03 21:38:46,NDLS,Clear,0.42,6.59,1.0,11.2,62.9
2026-01-11 18:36:56,NDLS,Rain,0.25,6.53,4.9,24.3,75.0
2026-04-11 04:54:24,NDLS,Clear,0.27,7.78,0.9,22.9,87.2
2026-03-20 03:28:02,NDLS,Fog,0.64,4.41,0.4,25.5,86.9
2026-03-13 16:04:22,NDLS,Clear,0.01,9.44,1.3,14.5,72.4
2026-05-04 17:30:00,NDLS,Cloudy,0.34,7.02,0.9,25.5,62.1
2026-05-25 10:41:38,NDLS,Clear,0.04,8.84,0.3,24.0,71.4
2026-06-01 18:24:16,NDLS,Rain,0.27,6.53,6.8,18.4,36.5
2026-03-27 10:53:21,NDLS,Clear,0.07,10.09,0.8,22.9,77.6
2026-04-21 07:21:09,NDLS,Rain,0.23,6.8,6.6,10.4,61.0
2026-02-14 04:42:16,NDLS,Rain,0.33,6.62,3.8,29.8,53.7
2026-04-09 03:51:25,NDLS,Rain,0.28,5.88,29.7,34.6,85.1
2026-01-24 17:35:15,NDLS,Clear,0.59,4.99,1.5,16.4,81.4
2026-02-21 15:25:59,NDLS,Clear,0.15,8.59,0.5,26.7,52.2
2026-06-06 12:19:35,NDLS,Fog,0.55,5.76,0.5,16.8,51.2
2026-05-20 08:40:00,NDLS,Clear,0.33,7.91,0.8,21.1,37.6
2026-03-23 07:00:38,NDLS,Clear,0.4,6.32,0.8,28.5,65.8
2026-06-22 20:22:46,NDLS,Rain,0.16,8.01,8.5,32.7,47.4
2026-01-15 19:11:51,NDLS,Clear,0.38,7.03,0.9,28.3,70.6
2026-01-26 00:57:59,NDLS,Clear,0.63,4.57,0.6,17.9,85.9
2026-04-30 20:12:59,NDLS,Clear,0.4,5.91,0.6,20.9,73.1
2026-06-12 02:58:46,NDLS,Clear,0.45,6.39,0.8,24.4,75.7
2026-02-13 18:40:22,NDLS,Clear,0.29,7.42,0.2,36.2,58.0
2026-04-01 03:20:59,NDLS,Cloudy,0.22,8.15,0.0,14.0,51.7
2026-02-02 15:13:55,NDLS,Cloudy,0.46,5.8,1.3,35.5,65.0
2026-04-20 00:55:07,NDLS,Clear,0.41,5.56,0.4,19.5,69.1
2026-05-06 04:53:26,NDLS,Clear,0.18,8.64,0.7,26.9,92.3
2026-03-20 05:41:28,NDLS,Clear,0.29,7.1,0.8,36.4,73.4
2026-02-22 07:33:28,NDLS,Fog,0.43,5.9,0.9,13.6,31.3
2026-01-13 05:06:13,NDLS,Rain,0.18,8.0,11.7,19.9,76.3
2026-04-13 22:12:41,NDLS,Fog,0.51,6.25,1.3,22.5,73.9
2026-06-12 07:00:03,NDLS,Cloudy,0.16,8.71,1.2,44.3,80.6
2026-03-16 14:25:03,NDLS,Clear,0.17,9.28,0.4,13.2,59.8
2026-02-19 06:09:04,NDLS,Clear,0.14,9.19,0.7,11.3,35.1
2026-03-02 09:47:34,NDLS,Clear,0.32,7.21,0.8,41.4,57.9
2026-02-09 07:28:11,NDLS,Fog,0.51,5.51,0.7,32.3,55.6
2026-06-03 19:02:58,NDLS,Rain,0.35,5.58,5.2,19.9,42.9
2026-05-01 00:39:41,NDLS,Fog,0.49,6.27,1.4,25.6,70.5
2026-03-19 22:14:39,NDLS,Clear,0.25,8.56,1.4,27.5,29.4
2026-06-14 12:43:45,NDLS,Clear,0.21,8.39,0.3,22.7,70.9
2026-01-28 03:43:37,NDLS,Clear,0.39,6.08,0.8,15.7,84.5
2026-02-19 06:39:23,NDLS,Clear,0.32,7.11,1.1,15.4,61.5
2026-03-22 12:17:08,NDLS,Clear,0.34,7.02,0.7,22.2,80.0
2026-05-31 21:31:38,NDLS,Clear,0.1,8.77,0.3,24.6,42.9
2026-06-19 05:54:48,NDLS,Rain,0.23,7.69,6.4,28.8,78.3
2026-01-18 02:58:24,NDLS,Clear,0.1,8.8,0.2,13.0,37.7
2026-02-27 16:12:58,NDLS,Clear,0.15,8.79,1.1,9.3,42.1
2026-01-20 11:38:57,NDLS,Clear,0.06,9.31,1.1,26.1,49.8
2026-02-27 02:00:07,NDLS,Fog,0.64,4.15,1.4,34.4,59.4
2026-06-08 07:08:57,NDLS,Fog,0.47,5.97,0.3,33.1,55.2
2026-05-15 09:15:07,NDLS,Clear,0.18,8.95,1.2,38.5,37.7
2026-03-25 18:03:01,NDLS,Clear,0.42,6.4,0.5,16.4,43.0
2026-05-21 12:21:19,NDLS,Fog,0.66,4.7,1.0,33.1,75.2
2026-01-17 20:44:58,NDLS,Cloudy,0.06,9.99,1.0,13.2,63.8
2026-01-16 18:06:57,NDLS,Clear,0.23,8.37,1.3,27.0,55.7
2026-04-13 18:53:17,NDLS,Clear,0.23,7.75,1.3,3.9,72.5
2026-03-16 07:55:33,NDLS,Clear,0.16,8.79,0.3,19.9,48.9
2026-03-25 01:31:14,NDLS,Cloudy,0.43,6.93,0.2,35.3,100.0
2026-02-09 13:54:22,NDLS,Clear,0.53,5.62,1.0,28.7,96.8
2026-03-24 10:30:07,NDLS,Clear,0.19,7.91,0.5,28.4,60.8
2026-02-04 12:03:36,NDLS,Cloudy,0.37,6.73,1.3,23.7,80.4
2026-05-10 09:23:48,NDLS,Clear,0.37,6.22,0.1,22.7,62.9
2026-01-10 03:32:28,NDLS,Fog,0.86,3.21,0.6,20.0,79.1
2026-02-21 02:06:38,NDLS,Cloudy,0.48,5.61,0.7,30.1,100.0
2026-01-22 07:29:19,NDLS,Cloudy,0.16,8.68,1.3,20.9,50.0
2026-06-03 13:05:04,NDLS,Clear,0.21,8.82,1.1,23.1,83.2
2026-04-22 20:54:06,NDLS,Clear,0.28,7.93,0.4,22.1,84.5
2026-06-30 15:59:39,NDLS,Fog,0.59,4.13,0.5,25.5,100.0
2026-03-14 16:32:23,NDLS,Clear,0.36,6.84,0.2,19.1,68.1
2026-05-17 02:29:28,NDLS,Clear,0.5,5.43,0.6,22.8,62.3
2026-02-05 21:07:43,NDLS,Clear,0.18,9.11,0.3,32.4,62.4
2026-04-15 18:52:56,NDLS,Clear,0.15,8.89,0.6,25.3,69.5
2026-01-30 19:32:25,NDLS,Fog,0.51,5.85,0.3,35.5,75.1
2026-01-26 13:59:52,NDLS,Clear,0.12,8.68,0.7,26.3,88.9
2026-02-07 07:52:47,NDLS,Clear,0.53,5.3,0.3,39.7,51.9
2026-04-04 04:51:13,NDLS,Rain,0.56,5.85,6.9,31.4,69.2
2026-04-26 02:10:15,NDLS,Fog,0.83,2.41,1.1,36.8,74.4
2026-02-15 14:49:15,NDLS,Clear,0.29,7.12,0.3,17.4,96.7
2026-01-16 23:00:00,NDLS,Rain,0.56,3.38,11.7,10.1,84.8
2026-03-25 15:32:38,NDLS,Cloudy,0.25,7.55,0.3,20.7,56.9
2026-06-05 22:27:52,NDLS,Clear,0.32,6.9,0.2,17.5,53.3
2026-01-20 21:41:20,NDLS,Clear,0.34,6.1,1.1,33.5,59.3
2026-01-18 01:46:03,NDLS,Cloudy,0.33,6.82,0.6,30.3,34.9
2026-01-28 16:49:31,NDLS,Clear,0.2,8.63,0.6,25.3,45.5
2026-01-06 04:20:44,NDLS,Clear,0.22,7.58,1.2,11.4,67.9
2026-04-08 14:34:17,NDLS,Cloudy,0.17,8.82,0.2,19.6,92.1
2026-06-03 11:00:30,NDLS,Clear,0.04,10.8,0.6,26.3,41.9
2026-06-03 03:05:25,NDLS,Rain,0.13,7.99,11.8,17.1,58.6
2026-04-08 07:54:48,NDLS,Rain,0.6,4.2,4.0,29.5,57.9
2026-02-26 07:38:24,NDLS,Clear,0.43,6.31,1.2,24.1,86.5
2026-04-16 07:59:21,NDLS,Cloudy,0.52,5.16,0.5,20.6,58.1
2026-01-17 16:07:41,NDLS,Clear,0.46,5.7,0.9,30.4,77.7
2026-01-12 23:13:40,NDLS,Fog,0.67,3.96,1.5,19.7,74.2
2026-01-05 05:14:51,NDLS,Clear,0.23,8.18,0.4,20.0,55.8
2026-06-28 09:34:11,NDLS,Clear,0.28,7.18,0.5,25.3,70.5
2026-01-22 00:31:10,NDLS,Clear,0.05,10.12,1.2,21.8,80.9
2026-03-08 04:19:46,NDLS,Clear,0.1,8.75,1.2,22.7,76.7
2026-04-23 20:52:18,NDLS,Clear,0.47,6.27,0.3,29.2,58.8
2026-01-05 02:43:39,NDLS,Clear,0.22,8.32,0.6,16.1,100.0
2026-05-14 04:09:19,NDLS,Fog,0.56,4.74,1.3,27.5,74.8
2026-03-27 12:06:04,NDLS,Clear,0.25,7.93,1.2,27.5,43.2
2026-06-09 00:59:02,NDLS,Cloudy,0.36,6.08,0.7,15.7,100.0
2026-06-17 08:20:40,NDLS,Clear,0.28,7.63,0.4,22.1,97.5
2026-04-09 15:49:32,NDLS,Cloudy,0.27,7.96,0.1,23.2,24.4
2026-01-04 05:43:46,NDLS,Cloudy,0.41,7.12,0.4,32.2,79.3
2026-05-14 07:38:41,NDLS,Clear,0.51,5.87,1.3,24.2,37.3
2026-03-22 09:53:55,NDLS,Clear,0.15,8.61,0.0,25.5,57.5
2026-01-17 16:45:09,NDLS,Fog,0.5,4.65,0.5,20.4,64.6
2026-05-14 21:16:22,NDLS,Clear,0.61,5.18,0.7,30.6,77.2
2026-03-10 02:50:29,NDLS,Clear,0.3,7.85,1.1,33.0,72.4
2026-05-02 13:50:53,NDLS,Clear,0.36,6.92,1.4,32.6,61.5
2026-06-30 01:10:05,NDLS,Clear,0.28,6.91,0.3,19.5,91.9
2026-06-14 01:01:02,NDLS,Clear,0.54,6.09,1.3,12.9,71.8
2026-03-06 15:16:50,NDLS,Rain,0.47,4.6,4.9,18.7,94.1
2026-04-05 08:23:33,NDLS,Cloudy,0.6,5.15,1.1,31.7,100.0
2026-01-26 09:36:55,NDLS,Clear,0.19,8.7,1.2,26.7,66.5
2026-01-16 18:15:27,NDLS,Cloudy,0.42,6.92,0.7,6.2,38.4
2026-05-22 07:19:32,NDLS,Rain,0.27,7.21,18.5,31.6,95.3
2026-05-16 19:06:29,NDLS,Clear,0.62,4.92,0.6,24.9,57.1
2026-05-13 02:10:46,NDLS,Clear,0.55,5.16,0.1,33.8,66.7
2026-02-02 01:04:56,NDLS,Fog,0.77,4.01,0.0,21.6,66.8
2026-04-08 03:55:25,NDLS,Clear,0.2,8.06,0.8,28.4,58.1
2026-06-14 12:03:20,NDLS,Fog,0.44,5.99,0.5,17.1,80.6
2026-06-24 10:43:46,NDLS,Clear,0.43,5.66,0.5,26.3,41.8
2026-06-23 04:03:28,NDLS,Clear,0.19,9.14,0.3,12.1,61.0
2026-04-24 17:59:57,NDLS,Cloudy,0.33,7.84,0.0,17.7,84.4
2026-06-10 05:40:15,NDLS,Cloudy,0.33,7.34,1.1,34.3,98.6
2026-03-12 09:22:34,NDLS,Clear,0.02,9.51,1.4,22.9,75.7
2026-01-01 19:05:33,NDLS,Rain,0.08,8.11,5.5,7.5,49.2
2026-02-21 02:11:05,NDLS,Clear,0.34,6.91,1.5,19.1,74.7
2026-03-08 02:34:35,NDLS,Rain,0.46,5.35,3.6,28.1,64.3
2026-06-22 19:59:43,NDLS,Rain,0.36,5.04,7.2,31.2,62.7
2026-06-13 06:08:46,NDLS,Rain,0.46,4.05,2.8,21.8,73.3
2026-02-15 10:56:49,NDLS,Fog,0.85,3.33,0.3,23.8,82.9
2026-03-13 10:23:08,NDLS,Rain,0.46,4.28,5.2,13.5,38.6
2026-05-31 20:45:13,NDLS,Cloudy,0.2,7.95,1.3,27.2,89.2
2026-05-28 21:41:03,NDLS,Clear,0.55,5.87,0.3,24.6,96.5
2026-06-25 13:36:55,NDLS,Clear,0.31,7.29,0.4,19.8,78.2
2026-03-18 03:47:37,NDLS,Fog,0.6,5.32,1.2,25.0,37.1
2026-03-14 00:58:56,NDLS,Clear,0.44,6.44,0.6,25.0,75.2
2026-04-15 03:05:20,NDLS,Clear,0.11,9.02,1.1,27.5,78.2
2026-05-31 04:48:49,NDLS,Clear,0.41,6.29,1.2,21.2,82.1
2026-03-04 17:21:29,NDLS,Fog,0.59,4.15,0.5,23.3,95.8
2026-05-04 12:03:11,NDLS,Clear,0.28,7.32,0.4,30.8,95.4
2026-03-23 01:11:33,NDLS,Fog,0.58,4.8,0.8,28.9,35.6
2026-06-09 03:17:22,NDLS,Clear,0.2,8.41,1.3,13.4,75.2
2026-05-10 04:43:22,NDLS,Cloudy,0.23,8.22,1.1,33.9,63.7
2026-01-13 02:16:16,NDLS,Cloudy,0.25,8.08,0.4,12.7,55.5
2026-01-23 21:04:07,NDLS,Clear,0.22,7.9,1.4,28.0,55.1
2026-01-26 12:38:32,NDLS,Clear,0.15,9.14,1.3,27.0,61.9
2026-03-16 01:35:19,NDLS,Clear,0.54,5.42,1.3,34.1,43.2
2026-06-24 07:23:43,NDLS,Rain,0.06,7.74,8.9,12.0,75.9
2026-04-14 15:16:23,NDLS,Clear,0.46,6.21,0.6,14.8,45.5
2026-02-06 04:19:32,NDLS,Clear,0.19,7.76,1.3,28.2,89.3
2026-02-01 15:51:05,NDLS,Cloudy,0.13,9.03,0.8,41.9,76.9
2026-05-02 12:20:12,NDLS,Clear,0.41,6.04,0.5,34.8,59.0
2026-04-09 20:07:31,NDLS,Rain,0.5,4.71,10.1,33.2,55.9
2026-03-07 13:56:30,NDLS,Rain,0.4,5.11,4.3,35.9,80.9
2026-02-06 04:42:43,NDLS,Rain,0.69,3.12,3.1,28.2,41.9
2026-05-14 04:18:38,NDLS,Clear,0.23,8.58,0.8,28.8,78.6
2026-04-12 15:31:19,NDLS,Rain,0.42,5.77,6.2,28.5,65.4
2026-04-13 00:43:16,NDLS,Cloudy,0.17,8.24,0.1,21.5,82.0
2026-04-22 09:27:47,NDLS,Clear,0.55,4.9,0.7,28.6,80.3
2026-03-06 10:24:14,NDLS,Clear,0.53,5.7,1.3,12.2,47.2
2026-05-25 16:31:37,NDLS,Clear,0.22,8.4,0.7,20.7,89.7
2026-01-07 09:41:52,NDLS,Clear,0.39,7.06,1.1,23.8,76.8
2026-06-02 09:10:11,NDLS,Cloudy,0.42,6.89,1.3,36.6,75.7
2026-04-07 00:36:02,NDLS,Clear,0.3,7.63,0.9,7.5,31.5
2026-03-13 05:54:50,NDLS,Cloudy,0.49,5.82,0.5,29.1,73.4
2026-03-18 11:50:56,NDLS,Clear,0.25,8.21,0.9,34.7,95.3
2026-04-07 10:03:52,NDLS,Clear,0.23,8.23,0.6,28.5,78.5
2026-02-01 02:04:32,NDLS,Clear,0.31,7.0,0.8,29.1,70.9
2026-06-22 07:55:51,NDLS,Fog,0.58,5.7,0.3,14.8,73.0
2026-03-08 13:23:42,NDLS,Clear,0.44,6.63,0.4,30.9,44.0
2026-01-05 06:42:59,NDLS,Cloudy,0.41,6.11,0.2,23.1,52.3
2026-06-08 11:16:57,NDLS,Clear,0.04,9.02,1.2,31.7,53.7
2026-05-24 19:04:29,NDLS,Cloudy,0.6,5.6,0.7,14.2,92.4
2026-02-09 04:33:51,NDLS,Clear,0.21,7.95,0.8,31.0,35.1
2026-01-02 18:07:54,NDLS,Clear,0.19,8.52,1.4,26.5,44.6
2026-04-14 09:02:25,NDLS,Clear,0.42,6.87,0.2,27.2,70.6
2026-05-02 11:57:01,NDLS,Rain,0.17,7.38,21.6,35.9,91.9
2026-02-19 20:54:20,NDLS,Clear,0.59,4.75,0.3,26.9,48.4
2026-01-24 18:54:25,NDLS,Clear,0.23,8.1,0.8,29.8,45.3
2026-02-15 22:49:20,NDLS,Clear,0.27,7.86,0.0,17.2,53.4
2026-06-15 08:40:32,NDLS,Cloudy,0.12,8.83,1.5,26.8,63.0
2026-04-08 04:28:35,NDLS,Cloudy,0.51,5.42,0.9,29.6,61.2
2026-02-18 18:26:42,NDLS,Rain,0.3,5.36,1.3,26.3,61.6
2026-01-25 19:33:56,NDLS,Cloudy,0.22,7.64,0.2,24.6,59.0
2026-01-17 13:29:50,NDLS,Clear,0.49,5.66,0.3,18.4,59.4
2026-03-26 20:43:59,NDLS,Cloudy,0.32,7.06,1.1,21.2,57.1
2026-01-11 18:56:30,NDLS,Clear,0.32,7.28,1.0,7.8,61.1
2026-04-16 02:08:14,NDLS,Rain,0.05,8.12,4.0,36.5,68.7
2026-05-21 23:40:10,NDLS,Rain,0.14,7.22,2.4,18.8,100.0
2026-01-01 22:49:06,NDLS,Rain,0.37,5.9,2.2,26.0,91.4
2026-04-19 08:01:25,NDLS,Cloudy,0.24,8.11,0.5,31.2,76.5
2026-06-12 08:57:43,NDLS,Fog,0.85,2.41,0.4,17.4,65.5
2026-05-29 02:36:29,NDLS,Clear,0.69,3.86,1.3,19.4,94.7
2026-03-22 22:37:34,NDLS,Cloudy,0.14,8.23,1.4,32.0,57.7
2026-02-07 10:50:44,NDLS,Clear,0.04,9.39,0.4,38.8,59.9
2026-02-16 23:04:18,NDLS,Clear,0.16,8.77,0.4,16.6,59.7
2026-05-02 00:50:14,NDLS,Cloudy,0.36,7.46,0.1,13.1,23.0
2026-05-13 11:11:55,NDLS,Clear,0.42,7.06,0.4,22.8,80.4
2026-06-28 07:41:43,NDLS,Cloudy,0.37,6.57,0.7,23.1,48.9
2026-05-24 12:35:54,NDLS,Clear,0.41,6.51,1.2,16.4,100.0
2026-06-09 18:50:20,NDLS,Clear,0.5,5.63,1.1,15.0,55.1
2026-02-18 00:45:47,NDLS,Clear,0.46,6.09,1.2,11.5,61.8
2026-04-26 10:14:42,NDLS,Fog,0.53,5.86,1.1,27.9,64.6
2026-06-22 23:15:15,NDLS,Clear,0.09,9.47,0.5,40.0,73.6
2026-04-18 11:27:38,NDLS,Clear,0.3,7.73,1.0,15.0,70.4
2026-06-23 16:56:15,NDLS,Clear,0.24,7.34,1.2,12.5,72.7
2026-06-09 00:04:45,NDLS,Clear,0.48,5.22,0.9,25.4,85.9
2026-05-19 12:32:11,NDLS,Clear,0.28,7.57,0.9,11.8,65.7
2026-02-22 22:41:18,NDLS,Clear,0.07,8.73,0.3,16.3,70.6
2026-04-23 14:40:38,NDLS,Clear,0.44,6.69,1.1,19.7,68.4
2026-01-14 13:39:44,NDLS,Rain,0.37,5.4,6.0,34.9,75.3
2026-04-05 10:22:51,NDLS,Clear,0.34,7.78,0.1,23.9,73.0
2026-01-25 06:37:10,NDLS,Clear,0.17,8.52,1.0,22.0,83.9
2026-02-21 08:04:15,NDLS,Cloudy,0.28,7.5,1.1,27.5,100.0
2026-01-17 23:48:30,NDLS,Rain,0.17,7.44,2.3,31.0,44.6
2026-01-07 13:56:06,NDLS,Clear,0.67,4.1,0.5,28.1,100.0
2026-01-08 23:08:18,NDLS,Clear,0.21,8.25,1.3,32.6,62.1
2026-06-05 11:45:07,NDLS,Clear,0.26,7.22,0.8,9.8,75.5
2026-03-09 07:04:38,NDLS,Clear,0.43,6.54,0.3,29.9,79.3
2026-05-02 12:36:40,NDLS,Cloudy,0.36,6.15,0.7,17.3,52.9
2026-06-18 09:13:02,NDLS,Cloudy,0.41,6.11,0.4,18.3,62.8
2026-02-21 09:03:31,NDLS,Clear,0.36,6.28,1.0,22.9,63.4
2026-01-07 05:51:58,NDLS,Clear,0.06,10.17,1.4,22.5,78.0
2026-05-08 13:12:55,NDLS,Clear,0.19,9.36,1.5,27.7,100.0
2026-03-18 01:29:44,NDLS,Rain,0.11,7.51,6.6,20.7,42.1
2026-01-18 03:30:05,NDLS,Fog,0.56,5.18,0.5,30.4,70.4
2026-05-15 08:42:30,NDLS,Clear,0.19,8.55,0.1,15.6,67.7
2026-05-28 03:13:39,NDLS,Fog,0.58,4.85,0.7,14.0,58.3
2026-01-07 08:51:42,NDLS,Rain,0.33,5.47,1.8,19.2,49.2
2026-03-22 07:22:11,NDLS,Clear,0.42,6.75,1.3,21.7,35.5
2026-02-01 03:47:36,NDLS,Fog,1.0,1.52,0.8,8.6,53.0
2026-02-19 16:10:24,NDLS,Rain,0.27,6.48,5.3,23.0,56.3
2026-04-23 17:15:51,NDLS,Clear,0.3,7.42,0.8,34.4,49.5
2026-04-04 10:17:00,NDLS,Rain,0.1,8.52,30.6,17.1,54.8
2026-03-13 01:30:31,NDLS,Clear,0.25,7.7,0.9,1.8,61.9
2026-01-14 11:47:16,NDLS,Clear,0.08,9.47,0.3,17.8,52.0
2026-03-03 00:27:26,NDLS,Clear,0.3,7.67,0.1,26.0,29.5
2026-05-28 21:55:22,NDLS,Clear,0.59,4.33,0.2,28.1,56.7
2026-03-18 23:52:46,NDLS,Clear,0.09,9.04,0.0,26.0,83.7
2026-06-18 02:26:29,NDLS,Clear,0.37,6.37,0.3,17.1,40.3
2026-01-03 05:32:37,NDLS,Clear,0.04,8.79,1.0,18.8,90.3
2026-05-17 10:01:28,NDLS,Clear,0.54,5.56,0.8,30.5,100.0
2026-01-28 07:26:43,NDLS,Cloudy,0.43,6.28,0.2,6.8,77.2
2026-02-28 14:26:09,NDLS,Clear,0.13,9.14,0.2,30.9,71.4
2026-05-27 12:43:09,NDLS,Clear,0.31,7.54,0.8,9.9,71.0
2026-04-14 16:52:59,NDLS,Fog,0.94,1.94,0.7,20.6,79.1
2026-06-08 16:13:05,NDLS,Cloudy,0.2,8.34,0.6,12.8,62.9
2026-04-22 01:57:37,NDLS,Fog,0.74,3.8,0.3,38.5,90.6
2026-05-22 15:31:53,NDLS,Clear,0.3,7.45,0.2,23.8,86.7
2026-05-23 17:17:00,NDLS,Fog,0.52,5.24,0.8,9.6,65.9
2026-03-21 13:47:35,NDLS,Clear,0.3,7.12,0.7,31.1,75.6
2026-02-01 20:12:46,NDLS,Clear,0.36,7.17,0.4,24.6,50.7
2026-03-04 08:04:00,NDLS,Cloudy,0.24,7.32,1.3,23.7,47.2
2026-02-06 04:25:56,NDLS,Clear,0.58,5.4,0.1,22.2,80.4
2026-05-03 17:57:25,NDLS,Cloudy,0.28,7.16,0.5,27.9,59.7
2026-04-06 04:20:07,NDLS,Clear,0.44,6.64,1.2,31.5,76.0
2026-01-11 11:34:05,NDLS,Cloudy,0.18,8.3,0.2,12.7,56.4
2026-05-15 00:26:00,NDLS,Cloudy,0.29,7.04,1.3,40.0,89.1
2026-06-23 03:06:25,NDLS,Clear,0.6,4.65,0.8,23.5,64.3
2026-03-21 02:57:04,NDLS,Cloudy,0.27,8.55,1.2,42.5,86.2
2026-01-04 21:32:54,NDLS,Clear,0.65,5.04,0.6,23.4,81.6
2026-03-18 15:04:23,NDLS,Clear,0.09,9.24,0.6,22.8,55.1
2026-04-25 23:25:59,NDLS,Clear,0.41,6.54,0.3,19.2,41.0
2026-06-30 13:23:36,NDLS,Rain,0.25,7.49,14.0,23.5,55.0
2026-04-19 23:28:45,NDLS,Clear,0.31,7.47,0.7,13.3,83.7
2026-01-21 03:41:01,NDLS,Fog,0.99,1.64,1.4,29.8,98.6
2026-01-30 14:37:31,NDLS,Rain,0.21,7.46,2.8,32.3,24.4
2026-03-20 23:39:27,NDLS,Clear,0.07,9.06,1.5,22.6,67.1
2026-06-09 00:52:44,NDLS,Fog,0.53,4.66,0.5,30.8,38.4
2026-05-22 02:45:50,NDLS,Cloudy,0.26,7.0,0.6,21.9,100.0
2026-05-23 16:51:16,NDLS,Clear,0.13,9.1,1.3,12.9,37.5
2026-05-10 14:30:31,NDLS,Clear,0.19,8.99,1.4,13.1,52.1
2026-05-09 07:23:52,NDLS,Clear,0.39,7.13,1.3,26.4,45.7
2026-02-26 00:22:42,NDLS,Cloudy,0.67,3.73,0.5,22.6,51.9
2026-06-15 01:21:58,NDLS,Clear,0.33,6.42,0.6,22.6,62.6
2026-06-25 01:49:09,NDLS,Clear,0.35,6.96,0.6,26.7,55.9
2026-02-04 03:50:39,NDLS,Rain,0.11,7.69,3.7,27.6,62.1
2026-06-27 22:58:18,NDLS,Clear,0.24,7.8,1.1,22.5,63.1
2026-01-12 03:52:06,NDLS,Clear,0.07,9.65,1.2,21.4,46.0
2026-05-25 09:54:25,NDLS,Cloudy,0.13,8.58,1.1,19.8,36.3
2026-03-03 22:53:45,NDLS,Clear,0.6,4.59,0.2,33.1,78.8
2026-04-01 17:32:05,NDLS,Rain,0.48,3.72,6.5,12.4,49.3
2026-02-04 11:13:01,NDLS,Cloudy,0.24,7.55,1.1,27.3,96.0
2026-01-05 13:57:03,NDLS,Clear,0.2,8.0,1.1,35.1,70.8
2026-01-02 10:33:37,NDLS,Fog,0.47,5.97,0.8,31.9,36.3
2026-01-03 01:49:20,NDLS,Cloudy,0.39,6.62,0.8,12.5,87.4
2026-03-15 11:18:15,NDLS,Clear,0.28,7.53,0.1,28.5,50.4
2026-03-06 11:31:29,NDLS,Clear,0.5,5.85,0.2,26.6,74.0
2026-06-25 02:53:54,NDLS,Clear,0.22,7.86,0.6,35.2,63.6
2026-03-21 20:30:15,NDLS,Clear,0.19,7.62,1.4,19.5,68.9
2026-04-12 14:14:28,NDLS,Clear,0.27,7.79,0.7,30.5,96.8
2026-01-22 16:17:52,NDLS,Clear,0.33,7.13,0.6,15.3,87.6
2026-02-11 15:51:40,NDLS,Clear,0.53,5.82,0.7,14.3,57.2
2026-04-01 00:36:58,NDLS,Rain,0.18,7.18,7.5,21.0,70.1
2026-06-12 03:24:48,NDLS,Fog,0.61,4.78,1.1,28.3,58.9
2026-04-03 05:08:33,NDLS,Rain,0.32,6.39,1.3,22.2,56.6
2026-02-27 20:51:50,NDLS,Clear,0.29,6.99,0.2,30.2,64.9
2026-04-06 04:10:25,NDLS,Fog,0.48,6.16,0.7,9.9,89.4
2026-05-11 08:46:39,NDLS,Rain,0.2,7.23,11.9,21.7,42.0
2026-05-19 11:03:48,NDLS,Cloudy,0.4,6.61,0.5,21.9,42.4
2026-03-20 10:42:16,NDLS,Clear,0.4,6.8,1.4,9.5,65.2
2026-03-01 06:12:54,NDLS,Clear,0.46,5.74,0.5,12.0,77.9
2026-05-09 08:56:44,NDLS,Clear,0.41,5.72,1.0,28.3,73.4
2026-04-13 14:09:00,NDLS,Cloudy,0.26,8.55,0.6,41.3,100.0
2026-01-21 05:42:44,NDLS,Fog,0.55,5.65,1.0,30.3,65.4
2026-01-30 17:31:20,NDLS,Clear,0.29,7.32,1.1,21.4,70.3
2026-06-06 10:33:11,NDLS,Cloudy,0.39,7.19,0.5,30.0,43.6
2026-06-24 22:33:36,NDLS,Clear,0.35,7.06,0.1,30.6,94.9
2026-05-26 04:02:03,NDLS,Clear,0.25,7.36,0.2,15.3,53.0
2026-04-16 06:25:01,NDLS,Cloudy,0.1,9.57,1.0,22.9,54.8
2026-06-09 15:56:06,NDLS,Cloudy,0.5,6.21,0.8,19.5,53.7
2026-05-03 18:32:29,NDLS,Fog,0.54,5.25,1.2,22.8,62.0
2026-04-29 16:46:24,NDLS,Clear,0.05,10.05,0.7,13.4,73.3
2026-04-02 20:52:35,NDLS,Fog,0.68,4.24,0.6,31.6,46.8
2026-05-14 13:32:43,NDLS,Cloudy,0.47,5.2,1.1,43.1,54.4
2026-04-06 07:39:34,NDLS,Rain,0.32,7.52,15.7,10.6,79.0
2026-02-21 02:48:05,NDLS,Clear,0.7,3.7,0.3,27.5,66.0
2026-04-27 07:20:22,NDLS,Rain,0.22,6.26,39.3,21.5,52.3
2026-06-29 12:47:52,NDLS,Clear,0.35,6.59,0.3,19.4,46.5
2026-03-24 11:27:17,NDLS,Cloudy,0.43,6.21,0.6,16.8,51.3
2026-02-02 08:44:21,NDLS,Clear,0.35,6.84,0.9,29.2,54.2
2026-04-17 01:08:46,NDLS,Rain,0.27,6.83,4.9,26.0,52.4
2026-02-18 15:31:08,NDLS,Clear,0.4,7.0,0.1,37.2,100.0
2026-02-16 08:04:00,NDLS,Cloudy,0.19,8.37,0.3,16.6,57.0
2026-06-09 20:23:29,NDLS,Clear,0.16,8.78,1.3,38.9,63.9
2026-01-11 14:58:32,NDLS,Clear,0.36,7.18,0.9,22.0,94.0
2026-03-30 20:53:32,NDLS,Clear,0.17,7.86,0.3,15.8,76.4
2026-05-08 01:53:19,NDLS,Fog,0.4,6.73,0.3,34.7,69.0
2026-06-20 07:29:15,NDLS,Clear,0.31,7.85,1.5,21.2,88.7
2026-03-01 19:17:11,NDLS,Fog,0.83,3.59,1.5,29.3,89.0
2026-05-08 21:30:18,NDLS,Clear,0.09,9.41,0.7,28.5,78.7
2026-04-09 14:30:22,NDLS,Clear,0.24,7.57,1.3,36.9,100.0
2026-04-26 11:46:38,NDLS,Clear,0.58,5.4,0.0,34.7,89.7
2026-03-25 08:46:01,NDLS,Clear,0.37,7.88,0.2,28.8,82.3
2026-03-01 10:16:13,NDLS,Fog,0.79,2.79,0.7,21.2,79.4
2026-02-03 10:21:06,NDLS,Rain,0.19,7.36,18.6,28.0,72.6
2026-05-21 12:02:23,NDLS,Rain,0.39,5.67,3.2,19.0,82.5
2026-05-22 22:08:18,NDLS,Clear,0.15,8.96,0.8,7.5,59.4
2026-06-12 18:57:32,NDLS,Rain,0.37,5.39,4.2,36.2,63.4
2026-04-18 01:45:02,NDLS,Rain,0.55,3.42,10.8,25.1,78.6
2026-02-09 00:56:07,NDLS,Clear,0.46,6.22,0.2,18.5,85.6
2026-03-13 23:02:14,NDLS,Rain,0.58,4.18,42.2,37.5,84.1
2026-01-15 17:38:37,NDLS,Clear,0.13,9.21,0.8,24.3,54.0
2026-04-03 16:34:32,NDLS,Rain,0.44,5.68,13.8,18.2,74.1
2026-04-25 13:52:23,NDLS,Clear,0.26,7.9,1.1,17.0,44.6
2026-05-19 08:39:16,NDLS,Clear,0.38,6.71,0.2,23.0,77.7
2026-04-11 09:26:32,NDLS,Clear,0.18,8.26,0.6,17.9,69.8
2026-05-04 18:17:06,NDLS,Rain,0.2,6.91,21.7,24.4,78.2
2026-06-18 06:36:19,NDLS,Clear,0.28,8.55,0.6,26.7,56.4
2026-01-07 21:15:26,NDLS,Rain,0.16,8.36,8.3,30.0,100.0
2026-04-04 06:17:19,NDLS,Clear,0.19,7.87,0.9,21.5,31.9
2026-06-17 16:31:59,NDLS,Clear,0.36,6.64,0.2,24.6,50.7
2026-01-01 20:28:00,NDLS,Clear,0.12,8.18,0.3,26.9,39.7
2026-05-31 10:51:02,NDLS,Fog,1.0,2.0,1.4,21.2,71.8
2026-05-16 10:42:22,NDLS,Cloudy,0.33,6.74,1.4,16.3,66.5
2026-06-21 11:27:02,NDLS,Rain,0.4,4.66,10.0,27.2,92.6
2026-04-13 17:04:35,NDLS,Clear,0.29,7.28,0.9,28.8,51.1
2026-03-10 13:00:21,NDLS,Rain,0.26,6.25,5.3,12.1,41.4
2026-02-11 05:24:03,NDLS,Cloudy,0.32,7.22,0.1,20.6,68.4
2026-01-12 09:47:54,NDLS,Cloudy,0.38,7.01,0.4,24.0,77.9
2026-04-24 08:53:44,NDLS,Clear,0.27,7.14,1.4,20.8,77.1
2026-04-29 11:22:41,NDLS,Cloudy,0.39,6.9,0.4,27.4,67.5
2026-06-22 02:18:49,NDLS,Clear,0.14,9.31,0.5,24.5,61.9
2026-04-18 00:30:03,NDLS,Clear,0.24,7.95,1.3,34.5,41.2
2026-03-31 19:44:41,NDLS,Clear,0.3,7.38,0.8,28.4,36.0
2026-03-13 13:43:44,NDLS,Clear,0.21,7.82,1.0,29.8,67.8
2026-04-21 08:42:20,NDLS,Fog,0.44,6.13,0.4,21.6,52.6
2026-04-23 00:06:59,NDLS,Clear,0.03,10.03,1.2,21.9,51.7
2026-05-31 23:32:54,NDLS,Cloudy,0.43,6.38,0.9,27.2,85.2
2026-06-05 19:24:36,NDLS,Clear,0.28,7.58,0.9,13.4,46.2
2026-05-20 14:01:02,NDLS,Rain,0.39,5.79,4.3,19.6,44.8
2026-04-26 03:25:31,NDLS,Rain,0.39,5.49,5.2,11.3,67.8
2026-06-29 03:45:13,NDLS,Rain,0.42,4.96,4.5,22.8,62.1
2026-03-04 01:16:35,NDLS,Cloudy,0.14,8.74,0.4,28.2,70.9
2026-04-13 10:38:47,NDLS,Cloudy,0.33,7.23,1.3,42.1,40.4
2026-04-23 12:29:43,NDLS,Cloudy,0.72,3.95,1.5,31.8,50.3
2026-05-12 05:15:55,NDLS,Rain,0.37,6.1,4.5,19.1,82.0
2026-04-02 13:13:44,NDLS,Cloudy,0.38,7.3,1.3,29.4,71.7
2026-05-25 07:46:09,NDLS,Clear,0.26,7.9,0.8,23.3,100.0
2026-06-13 12:27:59,NDLS,Clear,0.43,6.41,0.4,25.3,27.6
2026-04-16 12:37:12,NDLS,Cloudy,0.62,4.27,0.9,24.9,33.8
2026-01-21 13:16:28,NDLS,Clear,0.13,9.44,0.8,36.1,48.8
2026-03-28 14:03:36,NDLS,Clear,0.34,7.36,0.3,24.4,94.6
2026-03-15 08:09:43,NDLS,Cloudy,0.55,5.51,1.1,13.9,57.5
2026-01-27 03:33:55,NDLS,Cloudy,0.28,8.51,1.2,14.9,83.7
2026-01-27 17:27:31,NDLS,Cloudy,0.22,8.61,1.5,26.2,84.8
2026-02-09 06:48:29,NDLS,Rain,0.18,7.41,10.4,18.4,72.4
2026-04-03 02:29:25,NDLS,Clear,0.25,7.69,1.5,12.9,62.5
2026-01-28 06:22:59,NDLS,Fog,0.78,2.87,1.3,18.6,64.4
2026-03-04 12:00:51,NDLS,Clear,0.49,5.87,1.3,27.2,54.8
2026-03-22 00:49:45,NDLS,Clear,0.11,8.52,1.4,10.4,65.0
2026-03-24 21:07:33,NDLS,Clear,0.24,8.3,1.2,21.8,80.3
2026-01-13 12:38:39,NDLS,Clear,0.44,6.17,0.5,45.6,77.7
2026-06-10 12:09:03,NDLS,Rain,0.28,6.32,19.2,10.3,77.6
2026-03-11 18:11:34,NDLS,Fog,0.51,4.35,0.1,28.9,84.4
2026-05-30 17:24:29,NDLS,Rain,0.32,5.75,16.9,37.9,73.6
2026-04-24 14:29:08,NDLS,Fog,0.52,4.66,0.9,24.1,66.4
2026-01-19 20:12:34,NDLS,Rain,0.15,7.64,24.1,29.5,66.7
2026-03-13 06:27:04,NDLS,Cloudy,0.51,5.52,0.5,17.6,61.4
2026-05-02 12:05:59,NDLS,Clear,0.37,7.44,0.4,29.4,66.1
2026-05-08 07:14:09,NDLS,Clear,0.1,8.74,0.3,20.7,55.5
2026-05-26 10:30:25,NDLS,Clear,0.27,7.4,1.3,23.2,52.6
2026-02-20 12:43:29,NDLS,Cloudy,0.21,8.34,0.8,30.2,59.0
2026-04-19 10:40:27,NDLS,Clear,0.04,9.69,1.1,27.2,76.9
2026-06-17 15:29:41,NDLS,Cloudy,0.22,7.1,0.2,19.2,79.0
2026-01-08 18:46:28,NDLS,Fog,0.54,5.63,0.3,20.4,55.8
2026-04-29 18:16:29,NDLS,Clear,0.18,9.14,1.0,20.9,85.7
2026-01-23 18:48:36,NDLS,Cloudy,0.13,8.77,0.5,26.8,87.3
2026-04-26 17:41:01,NDLS,Clear,0.15,8.2,0.8,33.4,86.0
2026-03-08 02:04:54,NDLS,Rain,0.16,7.67,2.6,28.1,54.0
2026-01-02 06:35:02,NDLS,Clear,0.38,6.61,0.3,15.6,83.2
2026-03-25 02:51:50,NDLS,Rain,0.32,6.14,4.4,31.3,56.8
2026-01-13 16:19:43,NDLS,Clear,0.27,7.28,0.8,39.9,74.4
2026-06-23 15:16:14,NDLS,Clear,0.11,9.49,1.4,33.2,67.1
2026-03-05 23:13:19,NDLS,Clear,0.04,9.62,1.2,11.6,82.8
2026-06-12 02:58:14,NDLS,Clear,0.22,9.06,1.4,21.8,51.5
2026-01-26 03:42:08,NDLS,Clear,0.25,8.32,0.3,14.3,65.2
2026-02-15 06:23:47,NDLS,Cloudy,0.22,8.15,0.8,31.0,45.0
2026-02-09 01:30:20,NDLS,Cloudy,0.11,8.98,0.2,20.4,36.5
2026-04-28 17:51:31,NDLS,Clear,0.16,9.1,0.5,29.4,79.9
2026-06-30 10:40:37,NDLS,Fog,0.49,5.85,1.3,10.9,88.7
2026-02-09 08:35:43,NDLS,Clear,0.37,6.21,0.5,19.3,100.0
2026-06-03 03:27:58,NDLS,Clear,0.07,9.67,0.7,22.6,100.0
2026-03-01 07:05:40,NDLS,Clear,0.25,7.8,0.3,0.1,69.9
2026-02-14 09:45:59,NDLS,Clear,0.02,9.22,0.9,17.6,73.3
2026-02-06 04:52:51,NDLS,Clear,0.25,8.06,1.0,33.2,95.6
2026-01-20 11:30:22,NDLS,Rain,0.13,7.84,14.9,22.7,60.7
2026-05-22 19:29:56,NDLS,Rain,0.24,6.31,3.0,21.4,61.0
2026-06-05 08:44:04,NDLS,Clear,0.08,10.26,0.3,19.6,52.5
2026-03-29 07:44:01,NDLS,Clear,0.12,9.68,0.4,15.6,27.1
2026-04-04 16:02:59,NDLS,Fog,0.77,3.4,0.2,33.7,97.3
2026-01-10 00:40:16,NDLS,Clear,0.27,7.8,1.5,18.5,36.1
2026-03-16 23:16:42,NDLS,Cloudy,0.37,6.37,0.4,24.6,86.1
2026-03-20 10:02:55,NDLS,Clear,0.11,9.15,1.2,35.1,37.3
2026-01-09 15:00:33,NDLS,Clear,0.27,7.95,0.2,12.3,75.7
2026-03-14 21:48:28,NDLS,Clear,0.52,5.02,0.1,20.3,52.1
2026-06-01 20:21:00,NDLS,Cloudy,0.09,9.85,1.2,15.3,72.3
2026-06-02 06:14:50,NDLS,Cloudy,0.63,5.04,0.4,31.9,66.9
2026-02-20 03:39:04,NDLS,Rain,0.4,4.89,5.1,39.0,76.4
2026-01-09 02:57:09,NDLS,Cloudy,0.13,8.89,1.0,41.2,58.1
2026-06-28 15:44:44,NDLS,Cloudy,0.07,8.89,0.6,23.6,60.0
2026-05-23 09:49:31,NDLS,Rain,0.3,5.86,6.3,22.6,74.9
2026-03-10 20:43:15,NDLS,Clear,0.06,10.16,1.4,20.0,81.5
2026-05-25 13:42:32,NDLS,Clear,0.26,7.73,1.5,37.5,58.5
2026-03-01 13:17:51,NDLS,Clear,0.29,7.79,1.2,19.2,43.6
2026-01-25 05:26:09,NDLS,Clear,0.1,9.45,0.3,10.5,67.7
2026-05-26 01:33:41,NDLS,Cloudy,0.31,7.61,0.0,27.6,65.1
2026-01-31 01:19:09,NDLS,Clear,0.09,9.05,1.2,32.4,50.1
2026-06-22 21:42:40,NDLS,Cloudy,0.26,8.06,1.3,17.8,88.3
2026-06-24 21:46:18,NDLS,Clear,0.33,7.15,1.2,34.5,79.3
2026-05-20 19:04:17,NDLS,Cloudy,0.79,3.66,1.0,23.6,78.7
2026-04-27 08:29:34,NDLS,Cloudy,0.13,8.25,1.4,28.2,65.9
2026-01-08 15:27:31,NDLS,Fog,0.55,5.63,0.9,24.9,32.9
2026-02-07 12:17:38,NDLS,Clear,0.07,9.32,1.4,35.1,54.8
2026-04-16 18:14:23,NDLS,Clear,0.49,6.19,0.4,24.5,89.8
2026-01-20 10:44:42,NDLS,Fog,0.66,3.77,0.7,27.6,59.3
2026-04-14 08:02:47,NDLS,Clear,0.45,6.25,1.2,12.6,61.1
2026-06-12 15:05:26,NDLS,Clear,0.28,8.3,1.1,27.9,77.2
2026-01-29 20:31:08,NDLS,Clear,0.32,7.38,0.6,16.0,62.4
2026-01-07 14:46:47,NDLS,Clear,0.23,7.42,0.2,10.5,56.0
2026-01-04 13:30:15,NDLS,Clear,0.72,3.08,0.4,33.0,82.8
2026-03-13 17:03:14,NDLS,Clear,0.22,8.56,0.1,23.6,72.5
2026-03-22 11:18:33,NDLS,Clear,0.05,9.64,0.5,28.8,74.3
2026-02-15 12:11:05,NDLS,Clear,0.56,5.36,0.1,32.9,54.4
2026-03-06 12:54:26,NDLS,Clear,0.12,9.69,0.9,44.6,51.6
2026-04-27 18:26:33,NDLS,Cloudy,0.31,8.01,0.1,15.4,59.3
2026-01-02 20:43:18,NDLS,Rain,0.52,4.51,8.4,31.4,79.0
2026-03-29 20:54:20,NDLS,Clear,0.38,6.44,1.5,28.1,67.8
2026-03-20 09:22:10,NDLS,Clear,0.53,5.67,0.6,21.5,82.2
2026-05-29 13:11:51,NDLS,Clear,0.1,8.8,0.4,27.9,52.1
2026-05-26 00:18:05,NDLS,Clear,0.27,7.35,1.0,23.7,41.6
2026-04-22 02:05:28,NDLS,Cloudy,0.62,4.25,0.4,14.3,53.5
2026-06-13 12:19:50,NDLS,Clear,0.31,6.82,0.7,23.4,55.6
2026-01-17 02:00:35,NDLS,Cloudy,0.2,8.47,1.2,17.1,46.1
2026-05-31 17:38:09,NDLS,Clear,0.11,8.94,0.9,40.9,99.9
2026-02-03 09:55:16,NDLS,Clear,0.21,8.19,0.3,8.4,89.2
2026-03-27 22:39:20,NDLS,Clear,0.31,7.25,0.4,25.9,59.6
2026-03-19 04:51:14,NDLS,Clear,0.3,7.27,0.8,26.5,91.2
2026-03-27 14:53:07,NDLS,Clear,0.13,8.99,0.5,20.4,91.5
2026-01-08 11:43:31,NDLS,Clear,0.23,7.76,0.6,20.3,48.4
2026-06-03 02:49:58,NDLS,Fog,0.7,3.95,0.7,22.0,100.0
2026-04-18 05:19:26,NDLS,Clear,0.43,6.58,0.1,35.7,68.1
2026-06-01 12:40:17,NDLS,Clear,0.13,8.9,1.3,50.7,59.4
2026-02-17 07:00:26,NDLS,Clear,0.4,6.63,1.2,25.8,79.4
2026-06-01 06:41:58,NDLS,Clear,0.42,5.73,1.4,27.7,73.4
2026-05-14 20:08:27,NDLS,Clear,0.4,6.85,0.9,28.2,59.6
2026-06-22 18:20:09,NDLS,Fog,0.95,2.04,0.9,16.2,59.5
2026-04-29 13:56:56,NDLS,Clear,0.26,6.91,0.6,14.4,79.6
2026-05-29 14:41:54,NDLS,Cloudy,0.46,6.13,0.9,18.8,81.3
2026-05-05 03:20:44,NDLS,Cloudy,0.16,9.13,0.6,20.2,29.1
2026-03-14 18:31:58,NDLS,Clear,0.58,5.11,1.2,29.3,100.0
2026-02-26 09:26:58,NDLS,Clear,0.35,7.13,0.3,34.1,71.8
2026-01-13 23:34:35,NDLS,Clear,0.23,6.94,0.6,25.4,72.4
2026-03-18 05:11:50,NDLS,Fog,0.6,4.69,0.8,20.4,96.4
2026-05-07 06:51:19,NDLS,Clear,0.14,8.89,1.2,30.7,29.5
2026-02-09 20:51:03,NDLS,Clear,0.31,7.62,0.5,37.8,64.6
2026-02-17 13:47:07,NDLS,Rain,0.27,5.78,9.4,15.1,88.1
2026-05-17 20:29:42,NDLS,Fog,0.47,6.08,0.8,24.1,51.0
2026-05-10 14:52:02,NDLS,Cloudy,0.28,7.65,1.0,13.8,27.8
2026-02-27 05:21:55,NDLS,Clear,0.31,7.22,0.2,21.8,74.5
2026-06-29 01:46:53,NDLS,Clear,0.14,8.73,0.0,16.8,51.5
2026-03-29 09:37:37,NDLS,Clear,0.3,7.56,0.3,4.0,63.7
2026-01-07 00:13:44,NDLS,Fog,0.51,5.0,0.3,38.4,90.9
2026-05-31 16:16:06,NDLS,Fog,0.81,2.9,1.0,23.2,52.6
2026-05-03 07:21:46,NDLS,Cloudy,0.71,3.86,1.4,30.7,56.5
2026-06-29 04:35:58,NDLS,Rain,0.13,8.21,6.7,20.8,52.9
2026-01-12 18:48:30,NDLS,Clear,0.59,5.08,0.5,29.2,73.2
2026-04-11 21:46:52,NDLS,Clear,0.23,8.05,1.1,26.9,73.1
2026-06-16 17:38:11,NDLS,Rain,0.5,4.96,1.5,28.7,76.9
2026-05-03 11:31:57,NDLS,Cloudy,0.21,9.54,1.0,6.7,55.8
2026-03-27 13:10:12,NDLS,Cloudy,0.34,7.25,0.3,25.1,58.3
2026-02-13 10:31:23,NDLS,Rain,0.17,7.42,10.0,19.2,80.1
2026-03-07 08:04:50,NDLS,Rain,0.17,7.18,10.3,34.3,54.2
2026-01-25 06:31:59,NDLS,Cloudy,0.5,5.94,0.4,19.4,67.4
2026-02-03 12:31:30,NDLS,Cloudy,0.4,6.61,0.4,27.1,50.9
2026-03-12 15:07:42,NDLS,Clear,0.12,9.38,1.0,17.4,68.7
2026-06-02 02:02:37,NDLS,Rain,0.39,4.97,24.3,29.1,82.5
2026-04-10 15:13:00,NDLS,Rain,0.39,5.39,17.9,20.4,51.3
2026-04-14 05:03:04,NDLS,Clear,0.26,8.2,1.1,21.9,53.2
2026-04-12 09:44:48,NDLS,Cloudy,0.41,6.29,1.1,12.6,66.2
2026-04-05 18:40:33,NDLS,Clear,0.26,7.32,1.0,31.0,67.1
2026-02-20 21:47:06,NDLS,Clear,0.22,8.7,1.3,29.6,77.3
2026-01-22 23:40:44,NDLS,Clear,0.25,8.29,0.2,11.4,68.7
2026-03-27 02:10:47,NDLS,Clear,0.51,5.42,0.9,25.2,75.7
2026-01-09 17:50:11,NDLS,Clear,0.77,3.36,0.6,33.0,58.3
2026-02-09 21:15:16,NDLS,Clear,0.25,8.33,0.1,28.7,45.9
2026-03-01 03:19:50,NDLS,Clear,0.3,7.15,1.0,32.8,63.8
2026-03-16 09:07:02,NDLS,Clear,0.3,7.38,0.4,40.7,51.8
2026-06-28 09:09:44,NDLS,Cloudy,0.44,6.83,0.9,12.5,100.0
2026-04-09 00:43:11,NDLS,Rain,0.24,5.98,3.8,24.3,62.7
2026-06-30 20:33:53,NDLS,Fog,0.75,3.72,0.3,9.0,57.0
2026-03-29 07:34:57,NDLS,Cloudy,0.26,7.26,1.3,3.4,69.5
2026-01-05 13:04:32,NDLS,Clear,0.16,8.46,0.4,19.5,49.0
2026-02-27 19:41:43,NDLS,Clear,0.37,6.76,0.3,32.6,82.5
2026-03-14 08:15:17,NDLS,Fog,0.86,3.05,1.0,21.7,91.4
2026-02-16 02:13:27,NDLS,Clear,0.32,8.0,1.2,24.6,47.0
2026-01-15 03:35:54,NDLS,Clear,0.26,7.54,1.2,23.3,38.0
2026-04-29 08:41:35,NDLS,Clear,0.09,9.97,1.2,15.1,75.6
2026-02-19 10:52:06,NDLS,Clear,0.05,10.15,0.4,14.2,36.3
2026-01-01 06:21:07,NDLS,Clear,0.37,6.25,0.6,1.4,58.5
2026-01-22 13:21:16,NDLS,Cloudy,0.13,8.8,1.4,15.7,91.7
2026-04-05 23:26:20,NDLS,Cloudy,0.09,9.11,1.2,29.6,60.1
2026-03-29 03:05:13,NDLS,Clear,0.4,7.13,1.0,4.2,42.1
2026-06-27 20:55:44,NDLS,Rain,0.54,4.11,10.9,18.8,61.5
2026-03-09 21:17:45,NDLS,Clear,0.09,9.85,1.3,11.9,61.2
2026-01-19 08:22:58,NDLS,Clear,0.42,7.0,1.0,21.3,60.0
2026-02-07 00:54:27,NDLS,Cloudy,0.45,6.28,0.3,34.8,86.4
2026-06-13 07:17:37,NDLS,Cloudy,0.32,7.33,1.4,17.5,73.6
2026-02-22 04:51:27,NDLS,Clear,0.24,8.14,1.0,19.6,77.9
2026-04-22 16:01:02,NDLS,Clear,0.21,7.35,1.1,15.1,63.7
2026-03-18 16:05:22,NDLS,Clear,0.37,7.17,0.8,11.6,58.4
2026-06-01 15:35:25,NDLS,Rain,0.07,8.45,7.3,32.8,51.5
2026-01-26 14:16:04,NDLS,Clear,0.45,6.2,0.2,23.4,72.6
2026-02-12 03:58:15,NDLS,Rain,0.33,5.97,3.1,33.5,48.1
2026-06-04 23:41:52,NDLS,Clear,0.29,7.27,1.5,6.8,84.0
2026-06-13 11:57:55,NDLS,Clear,0.25,8.79,0.7,36.4,72.9
2026-01-17 14:24:05,NDLS,Cloudy,0.51,5.51,0.2,21.3,47.6
2026-06-23 17:06:00,NDLS,Clear,0.33,7.39,0.0,15.9,67.9
2026-04-15 15:44:17,NDLS,Rain,0.36,5.62,4.8,31.9,62.0
2026-06-03 01:56:13,NDLS,Clear,0.26,7.75,0.3,13.5,68.9
2026-04-13 05:59:38,NDLS,Clear,0.52,5.6,0.8,35.6,39.8
2026-02-03 08:41:25,NDLS,Clear,0.19,8.93,1.4,8.5,76.2
2026-02-24 16:54:40,NDLS,Cloudy,0.38,7.43,0.8,13.2,47.0
2026-05-11 14:21:57,NDLS,Rain,0.52,4.66,9.7,27.5,89.1
2026-01-09 18:23:34,NDLS,Clear,0.36,6.47,0.2,21.7,89.1
2026-01-29 22:56:26,NDLS,Clear,0.56,5.0,1.4,22.7,41.9
2026-02-17 17:56:52,NDLS,Cloudy,0.09,9.01,1.3,33.1,55.6
2026-05-03 11:50:34,NDLS,Cloudy,0.39,6.38,1.3,15.6,65.4
2026-01-17 22:46:46,NDLS,Cloudy,0.38,6.48,0.3,36.4,43.7
2026-03-28 15:14:14,NDLS,Rain,0.25,6.18,8.3,11.0,64.3
2026-05-22 15:00:30,NDLS,Clear,0.4,6.15,1.0,24.8,72.3
2026-03-21 22:44:17,NDLS,Cloudy,0.09,9.48,1.3,11.4,73.4
2026-05-13 12:09:45,NDLS,Fog,0.75,3.37,0.5,18.2,83.5
2026-06-11 05:35:25,NDLS,Cloudy,0.17,8.12,0.3,29.4,63.8
2026-06-05 09:05:55,NDLS,Clear,0.15,8.91,1.2,22.1,55.2
2026-06-26 23:41:00,NDLS,Cloudy,0.17,8.52,1.1,18.2,82.9
2026-03-28 19:06:32,NDLS,Cloudy,0.04,9.36,0.1,16.4,93.9
2026-01-11 15:49:52,NDLS,Clear,0.18,8.28,0.7,37.0,63.8
2026-04-21 19:11:39,NDLS,Fog,0.68,4.89,0.1,26.1,77.4
2026-01-04 09:45:01,NDLS,Clear,0.2,8.34,0.7,13.7,57.3
2026-06-04 23:36:17,NDLS,Clear,0.73,3.51,1.3,15.7,100.0
2026-05-20 08:51:41,NDLS,Cloudy,0.14,8.59,1.0,23.5,52.7
2026-03-17 12:19:31,NDLS,Fog,0.45,6.16,1.1,24.9,84.1
2026-01-23 15:25:37,NDLS,Clear,0.46,5.9,0.5,26.9,82.2
2026-04-26 12:58:57,NDLS,Clear,0.33,6.81,1.3,30.7,69.6
2026-01-26 02:31:08,NDLS,Fog,0.65,4.76,1.2,18.2,68.0
2026-02-17 14:10:43,NDLS,Rain,0.16,7.58,12.9,22.8,68.3
2026-05-26 01:06:42,NDLS,Rain,0.37,5.56,7.2,17.1,60.7
2026-03-30 22:59:56,NDLS,Clear,0.2,7.89,0.6,29.3,59.3
2026-04-07 22:50:12,NDLS,Rain,0.13,7.56,3.7,24.2,58.3
2026-04-01 01:30:39,NDLS,Rain,0.18,7.48,24.6,26.0,79.0
2026-01-12 07:34:34,NDLS,Rain,0.31,5.87,9.5,10.9,66.9
2026-02-11 20:33:16,NDLS,Cloudy,0.07,9.13,1.4,26.8,62.0
2026-05-28 10:55:59,NDLS,Cloudy,0.11,9.22,0.2,22.0,49.8
2026-01-23 17:22:02,NDLS,Rain,0.01,8.61,2.7,34.2,85.9
2026-06-28 10:57:18,NDLS,Clear,0.85,2.36,0.9,30.6,68.9
2026-03-03 22:34:27,NDLS,Clear,0.51,5.6,1.3,26.7,84.2
2026-03-14 04:25:48,NDLS,Cloudy,0.17,8.41,0.1,12.6,31.2
2026-05-29 00:45:55,NDLS,Clear,0.2,8.12,1.1,43.6,67.0
2026-02-22 21:19:52,NDLS,Clear,0.24,7.69,1.0,16.8,55.2
2026-04-16 23:08:59,NDLS,Clear,0.67,3.65,0.8,32.7,100.0
2026-05-30 06:24:04,NDLS,Rain,0.59,3.52,11.2,17.2,60.3
2026-01-24 07:07:35,NDLS,Clear,0.17,8.63,0.4,26.0,49.9
2026-04-01 08:53:58,NDLS,Clear,0.03,9.69,1.0,20.2,96.2
2026-04-15 05:14:15,NDLS,Clear,0.41,7.11,0.2,29.0,62.2
2026-03-29 14:19:40,NDLS,Cloudy,0.84,3.38,0.7,31.4,67.5
2026-01-26 19:58:48,NDLS,Fog,0.81,2.7,1.2,28.7,49.0
2026-04-04 10:02:14,NDLS,Cloudy,0.32,7.24,1.5,24.1,40.9
2026-06-26 16:18:43,NDLS,Clear,0.79,2.75,0.3,16.3,77.6
2026-02-20 15:29:51,NDLS,Clear,0.17,8.07,0.6,17.1,65.2
2026-04-20 06:10:15,NDLS,Fog,0.64,4.46,0.7,24.3,77.7
2026-01-06 21:53:14,NDLS,Rain,0.41,4.26,8.3,19.0,75.2
2026-02-10 04:09:52,NDLS,Rain,0.16,7.7,7.5,34.3,84.8
2026-05-01 06:30:16,NDLS,Clear,0.06,8.91,0.9,26.1,81.5
2026-03-22 19:08:17,NDLS,Rain,0.19,7.84,8.2,30.2,66.3
2026-04-04 04:01:17,NDLS,Rain,0.38,4.86,4.3,38.9,91.9
2026-04-03 03:35:22,NDLS,Clear,0.21,8.07,0.9,28.7,47.3
2026-05-23 13:16:50,NDLS,Cloudy,0.38,7.28,1.1,24.7,80.0
2026-06-02 23:25:03,NDLS,Clear,0.35,7.17,0.6,23.1,77.5
2026-06-21 00:58:02,NDLS,Cloudy,0.51,5.09,0.6,30.6,70.9
2026-06-21 01:01:53,NDLS,Fog,0.83,2.75,0.9,21.8,100.0
2026-05-26 19:29:38,NDLS,Clear,0.38,6.67,0.2,12.2,70.5
2026-06-05 08:05:16,NDLS,Fog,0.94,2.36,0.7,22.7,77.3
2026-01-31 02:01:38,NDLS,Rain,0.39,5.14,18.2,33.0,59.4
2026-01-19 04:08:54,NDLS,Clear,0.26,7.86,1.4,25.5,31.6
2026-04-08 00:44:09,NDLS,Rain,0.38,5.51,6.6,26.8,62.8
2026-01-05 11:27:54,NDLS,Clear,0.28,8.02,0.3,6.2,70.2
2026-02-11 15:34:54,NDLS,Cloudy,0.28,7.98,0.8,21.4,97.0
2026-02-25 06:25:59,NDLS,Rain,0.23,7.35,6.7,24.5,78.9
2026-02-06 21:02:32,NDLS,Clear,0.04,9.91,1.4,23.1,62.4
2026-01-14 10:21:34,NDLS,Clear,0.28,7.6,0.2,16.9,54.9
2026-01-03 14:43:00,NDLS,Clear,0.16,9.26,1.0,24.5,65.6
2026-06-21 19:24:07,NDLS,Clear,0.56,5.4,0.7,36.7,71.8
2026-04-09 21:46:08,NDLS,Clear,0.21,7.72,1.0,32.2,57.7
2026-03-16 18:36:54,NDLS,Rain,0.59,4.03,30.6,13.6,73.9
2026-02-05 09:53:20,NDLS,Clear,0.47,5.28,0.4,34.3,84.7
2026-04-11 10:11:07,NDLS,Clear,0.37,6.77,1.1,11.4,69.1
2026-05-25 22:54:19,NDLS,Cloudy,0.36,6.93,0.4,23.2,82.1
2026-02-08 13:24:21,NDLS,Clear,0.17,8.5,0.3,29.4,39.2
2026-05-20 22:55:07,NDLS,Clear,0.06,9.63,0.4,25.2,64.8
2026-01-08 10:46:59,NDLS,Cloudy,0.2,8.45,1.2,13.7,37.3
2026-05-12 13:36:20,NDLS,Clear,0.5,5.25,0.6,24.7,82.3
2026-01-13 19:13:41,NDLS,Cloudy,0.57,4.9,1.5,18.2,91.0
2026-06-26 16:32:55,NDLS,Cloudy,0.12,9.09,1.3,36.5,54.6
2026-02-06 09:39:00,NDLS,Clear,0.53,5.6,0.7,26.1,54.3
2026-02-07 00:38:56,NDLS,Clear,0.33,6.78,1.5,39.6,67.3
2026-05-24 14:50:40,NDLS,Rain,0.03,9.5,4.2,10.5,78.5
2026-01-02 08:41:10,NDLS,Cloudy,0.03,10.25,1.2,24.7,49.0
2026-04-16 22:00:31,NDLS,Cloudy,0.49,5.47,1.4,36.4,32.0
2026-06-27 18:28:45,NDLS,Rain,0.05,7.97,15.9,17.7,20.0
2026-03-04 00:01:53,NDLS,Clear,0.21,8.04,1.0,42.9,56.1
2026-05-02 02:13:58,NDLS,Clear,0.2,8.26,0.9,22.6,72.9
2026-03-05 02:43:53,NDLS,Clear,0.26,8.08,0.3,30.4,60.6
2026-05-01 15:02:26,NDLS,Rain,0.35,6.41,1.3,26.3,58.8
2026-04-22 09:58:53,NDLS,Clear,0.55,5.23,0.9,25.7,20.0
2026-02-18 01:07:29,NDLS,Fog,0.41,6.26,0.7,27.2,76.6
2026-02-23 08:06:43,NDLS,Cloudy,0.29,8.52,1.3,27.5,68.5
2026-06-12 07:40:55,NDLS,Rain,0.16,7.81,12.0,18.5,52.1
2026-03-18 13:13:14,NDLS,Rain,0.44,5.02,16.3,18.4,65.2
2026-02-14 06:06:32,NDLS,Clear,0.4,6.09,1.2,23.4,67.7
2026-02-22 14:12:14,NDLS,Clear,0.06,8.99,0.4,28.3,84.1
2026-04-27 23:38:46,NDLS,Fog,0.49,6.63,1.4,18.4,75.7
2026-05-31 18:13:32,NDLS,Rain,0.51,5.27,7.6,20.3,76.5
2026-03-06 22:00:49,NDLS,Rain,0.35,6.4,10.4,41.6,54.8
2026-04-13 09:20:16,NDLS,Clear,0.49,5.26,0.6,17.7,73.6
2026-02-02 09:06:20,NDLS,Clear,0.72,3.1,1.3,29.3,59.7
2026-05-06 22:54:56,NDLS,Clear,0.18,8.23,0.6,31.7,42.4
2026-05-04 03:22:09,NDLS,Fog,0.91,2.13,0.6,32.9,72.6
2026-03-27 08:56:18,NDLS,Clear,0.12,9.72,0.5,22.6,70.8
2026-05-11 00:44:44,NDLS,Clear,0.03,10.05,0.5,18.8,71.8
2026-06-23 05:12:45,NDLS,Clear,0.15,8.81,0.2,20.6,41.3
2026-01-02 04:24:37,NDLS,Clear,0.3,7.32,0.0,29.2,49.7
2026-02-20 10:52:43,NDLS,Fog,0.57,4.3,0.8,27.6,70.1
2026-04-21 10:44:55,NDLS,Clear,0.36,7.05,0.6,22.0,74.5
2026-05-16 15:17:28,NDLS,Clear,0.25,7.25,0.4,21.8,87.2
2026-05-21 22:38:47,NDLS,Clear,0.34,7.35,1.4,12.7,50.9
2026-03-09 23:25:29,NDLS,Cloudy,0.14,9.09,0.2,26.5,77.0
2026-03-06 15:33:26,NDLS,Clear,0.53,5.68,1.1,27.0,86.1
2026-06-02 22:03:52,NDLS,Cloudy,0.02,9.71,1.2,8.0,70.0
2026-02-12 17:01:30,NDLS,Rain,0.49,4.22,12.6,24.3,48.9
2026-05-24 06:08:30,NDLS,Cloudy,0.09,9.0,1.0,26.3,63.2
2026-06-16 13:04:29,NDLS,Cloudy,0.85,2.63,0.4,23.3,62.2
2026-02-07 06:21:50,NDLS,Clear,0.49,5.69,1.5,15.0,67.2
2026-05-13 07:37:47,NDLS,Fog,0.92,2.32,0.3,31.0,74.2
2026-01-31 14:12:51,NDLS,Clear,0.24,7.81,1.1,27.1,80.8
2026-05-19 04:21:15,NDLS,Clear,0.37,6.89,0.1,13.8,79.4
2026-04-08 21:28:39,NDLS,Clear,0.71,3.78,0.3,22.1,66.6
2026-04-15 13:28:18,NDLS,Clear,0.08,9.17,1.4,24.1,98.6
2026-05-17 22:11:34,NDLS,Fog,0.7,4.52,1.4,17.3,85.7
2026-03-21 17:56:33,NDLS,Clear,0.37,6.52,0.6,22.6,94.6
2026-06-18 05:07:02,NDLS,Fog,0.61,5.04,0.1,36.4,67.4
2026-06-05 20:42:36,NDLS,Cloudy,0.11,8.59,1.5,47.4,97.4
2026-05-19 10:54:06,NDLS,Cloudy,0.22,8.35,1.1,12.3,67.8
2026-03-03 13:19:59,NDLS,Clear,0.35,7.69,0.9,29.6,73.1
2026-05-27 05:11:43,NDLS,Fog,0.67,3.98,0.4,20.8,61.5
2026-01-28 18:04:03,NDLS,Cloudy,0.17,8.59,1.0,41.6,94.7
2026-05-07 17:31:17,NDLS,Clear,0.11,8.67,0.3,30.1,35.7
2026-06-28 02:52:28,NDLS,Rain,0.32,6.26,3.4,27.5,73.5
2026-06-09 19:25:42,NDLS,Clear,0.32,7.29,1.2,33.5,96.4
2026-01-30 17:51:21,NDLS,Rain,0.25,6.23,7.2,31.5,57.3
2026-03-12 08:34:27,NDLS,Clear,0.44,6.28,0.4,26.0,83.1
2026-01-19 20:53:39,NDLS,Fog,0.95,1.86,0.8,27.6,75.5
2026-01-20 03:19:13,NDLS,Fog,0.43,6.31,1.4,21.8,80.6
2026-05-07 03:23:29,NDLS,Clear,0.29,7.52,0.2,26.1,53.5
2026-05-13 19:53:41,NDLS,Rain,0.32,5.58,5.6,19.0,42.4
2026-03-26 02:51:18,NDLS,Cloudy,0.42,6.53,0.5,41.8,49.8
2026-04-05 05:16:07,NDLS,Clear,0.35,7.63,0.7,22.5,67.5
2026-01-11 02:44:02,NDLS,Clear,0.27,7.9,0.8,20.6,45.4
2026-06-05 13:26:34,NDLS,Clear,0.16,8.49,0.5,27.1,76.9
2026-06-04 22:00:23,NDLS,Clear,0.3,7.88,0.4,24.2,99.6
2026-02-21 06:52:10,NDLS,Rain,0.46,4.15,11.8,28.7,27.3
2026-03-24 06:34:49,NDLS,Clear,0.2,8.07,0.7,30.1,49.2
2026-03-18 05:05:12,NDLS,Clear,0.61,5.35,0.7,21.9,53.1
2026-02-12 02:55:42,NDLS,Cloudy,0.46,6.14,0.7,19.4,61.1
2026-06-18 17:22:17,NDLS,Cloudy,0.08,9.03,0.7,21.4,30.6
2026-04-09 22:35:14,NDLS,Fog,0.44,5.55,0.7,39.2,75.6
2026-04-10 02:35:29,NDLS,Clear,0.19,8.64,1.3,30.2,66.6
2026-06-15 16:30:55,NDLS,Cloudy,0.19,7.42,1.5,21.6,60.7
2026-05-13 07:12:23,NDLS,Cloudy,0.27,7.76,1.5,27.7,34.7
2026-06-16 23:47:24,NDLS,Cloudy,0.51,5.39,0.9,18.5,76.9
2026-03-28 00:18:00,NDLS,Clear,0.45,6.38,0.3,17.6,89.9
2026-03-24 21:51:17,NDLS,Clear,0.36,7.65,0.8,36.4,79.5
2026-05-29 10:28:54,NDLS,Fog,0.64,4.92,0.0,23.8,60.1
2026-04-01 23:33:10,NDLS,Clear,0.26,7.11,0.7,5.1,53.2
2026-04-24 13:57:38,NDLS,Clear,0.46,5.68,1.0,22.6,52.1
2026-06-29 11:44:09,NDLS,Fog,0.4,6.92,0.8,25.9,63.6
2026-01-26 12:38:10,NDLS,Clear,0.48,6.02,1.1,25.4,58.6
2026-02-03 07:31:56,NDLS,Fog,0.75,3.37,0.5,22.6,49.2
2026-03-06 22:00:40,NDLS,Cloudy,0.28,7.89,1.1,18.2,90.1
2026-01-13 05:52:34,NDLS,Rain,0.27,6.33,4.2,25.1,68.8
2026-05-13 04:14:14,NDLS,Rain,0.52,4.63,8.0,15.8,45.4
2026-04-28 17:01:31,NDLS,Cloudy,0.54,5.46,0.7,13.9,82.0
2026-02-12 00:09:46,NDLS,Clear,0.09,9.23,0.5,29.9,82.7
2026-02-25 10:50:06,NDLS,Clear,0.4,6.3,1.1,5.6,65.0
2026-06-26 09:56:58,NDLS,Clear,0.39,6.26,1.4,22.9,66.2
2026-01-28 18:15:13,NDLS,Clear,0.23,7.98,0.8,24.3,63.9
2026-03-27 20:44:14,NDLS,Cloudy,0.36,7.41,0.0,28.0,48.4
2026-05-22 14:09:57,NDLS,Cloudy,0.55,4.44,0.0,18.5,57.5
2026-01-07 08:20:05,NDLS,Clear,0.23,8.47,1.4,18.7,54.1
2026-04-22 15:04:30,NDLS,Clear,0.53,5.84,0.3,25.1,100.0
2026-03-24 15:34:57,NDLS,Clear,0.33,7.98,0.5,25.8,41.7
2026-02-01 03:52:03,NDLS,Clear,0.35,7.42,1.2,29.8,34.1
2026-02-05 17:42:21,NDLS,Clear,0.17,8.65,0.1,20.7,53.4
2026-03-23 06:42:14,NDLS,Rain,0.22,7.46,11.9,28.5,54.2
2026-01-26 12:43:30,NDLS,Fog,0.66,4.18,0.7,20.5,70.7
2026-02-22 15:45:27,NDLS,Cloudy,0.41,6.79,0.3,33.2,81.0
2026-03-29 04:14:06,NDLS,Clear,0.37,7.32,1.2,26.5,91.5
2026-02-01 17:53:17,NDLS,Clear,0.47,6.56,0.1,40.6,84.3
2026-03-12 09:34:42,NDLS,Cloudy,0.7,4.31,0.1,17.2,73.7
2026-02-17 12:10:43,NDLS,Clear,0.02,9.83,1.3,42.1,67.4
2026-06-18 00:45:06,NDLS,Clear,0.06,9.98,1.4,20.9,57.9
2026-03-06 11:30:07,NDLS,Clear,0.15,7.91,0.5,10.8,41.7
2026-06-26 20:45:22,NDLS,Fog,0.92,2.57,0.3,22.0,92.4
2026-02-05 09:28:17,NDLS,Cloudy,0.11,8.76,0.4,29.4,37.4
2026-04-14 10:30:54,NDLS,Clear,0.31,7.99,1.2,24.0,25.4
2026-03-28 04:07:56,NDLS,Clear,0.36,6.36,0.3,20.3,96.3
2026-02-06 04:12:18,NDLS,Clear,0.4,7.15,1.5,34.0,75.9
2026-01-28 15:47:01,NDLS,Clear,0.28,7.35,0.9,8.4,89.8
2026-06-12 08:15:49,NDLS,Fog,0.84,2.44,1.1,36.3,72.0
2026-05-14 15:16:25,NDLS,Rain,0.56,4.54,4.8,20.8,84.8
2026-03-05 18:39:05,NDLS,Clear,0.23,7.92,0.1,21.1,60.2
2026-04-18 19:25:48,NDLS,Clear,0.05,9.04,0.2,30.5,47.1
2026-04-22 15:09:16,NDLS,Cloudy,0.7,4.74,1.1,18.0,58.6
2026-03-12 00:22:00,NDLS,Clear,0.06,9.57,1.0,23.2,95.5
2026-01-19 10:32:05,NDLS,Clear,0.32,8.44,1.1,35.5,81.9
2026-06-29 22:50:22,NDLS,Clear,0.43,5.94,1.4,29.1,80.6
2026-04-24 11:43:18,NDLS,Clear,0.02,9.63,1.3,10.1,46.8
2026-03-06 09:08:31,NDLS,Fog,0.5,5.69,0.5,37.7,79.6
2026-01-25 08:32:44,NDLS,Rain,0.14,7.63,12.2,28.6,50.8
2026-01-22 21:09:14,NDLS,Clear,0.48,5.44,0.5,4.8,55.4
2026-03-06 19:32:44,NDLS,Clear,0.3,7.44,0.9,16.3,83.0
2026-06-15 11:53:36,NDLS,Fog,0.61,5.09,0.8,20.9,100.0
2026-04-17 16:34:54,NDLS,Clear,0.27,8.22,0.7,17.6,73.6
2026-04-28 22:00:08,NDLS,Cloudy,0.55,4.89,0.5,29.6,55.4
2026-05-26 01:26:16,NDLS,Clear,0.52,5.89,1.0,28.1,77.8
2026-05-14 15:40:47,NDLS,Clear,0.13,8.62,0.3,21.4,45.4
2026-01-03 20:41:46,NDLS,Cloudy,0.25,8.13,1.4,29.0,65.0
2026-03-01 07:46:43,NDLS,Clear,0.39,7.02,0.1,22.2,71.1
2026-03-18 09:59:57,NDLS,Clear,0.03,9.85,1.2,9.3,55.3
2026-06-14 14:27:59,NDLS,Cloudy,0.44,6.48,0.1,22.8,100.0
2026-01-23 05:21:33,NDLS,Fog,0.42,6.67,0.0,13.8,78.3
2026-02-26 15:02:28,NDLS,Rain,0.41,5.21,11.4,34.6,74.4
2026-02-20 11:55:27,NDLS,Clear,0.56,5.33,1.0,24.8,50.5
2026-02-03 15:34:33,NDLS,Clear,0.52,5.47,1.0,32.5,96.2
2026-05-04 00:04:08,NDLS,Clear,0.11,8.81,1.4,36.5,48.3
2026-05-03 04:14:24,NDLS,Clear,0.16,8.55,1.1,32.4,49.9
2026-06-01 11:37:46,NDLS,Clear,0.24,7.63,1.4,27.4,65.5
2026-02-23 08:32:41,NDLS,Clear,0.42,6.81,1.2,11.8,58.6
2026-04-15 13:56:38,NDLS,Cloudy,0.44,6.46,1.1,18.7,100.0
2026-06-25 05:48:55,NDLS,Fog,0.49,5.93,0.6,34.4,41.8
2026-04-14 08:23:51,NDLS,Clear,0.13,9.35,0.5,26.6,77.3
2026-02-15 14:57:54,NDLS,Clear,0.42,6.23,0.8,20.7,76.5
2026-06-01 07:38:03,NDLS,Clear,0.16,9.08,0.4,29.9,45.7
2026-06-29 02:46:06,NDLS,Clear,0.21,8.81,1.4,29.0,81.5
2026-06-28 10:40:18,NDLS,Clear,0.23,8.17,0.8,15.2,24.3
2026-02-07 20:52:11,NDLS,Clear,0.27,7.28,1.3,1.8,20.0
2026-04-13 10:18:13,NDLS,Clear,0.16,8.49,0.1,30.5,63.4
2026-05-05 12:46:09,NDLS,Clear,0.11,8.98,0.3,31.3,61.8
2026-06-15 21:04:14,NDLS,Clear,0.06,9.15,0.2,24.4,75.6
2026-01-31 21:19:29,NDLS,Rain,0.08,7.73,9.5,25.4,57.5
2026-01-08 00:18:53,NDLS,Clear,0.24,7.96,1.4,33.3,36.4
2026-01-10 15:38:35,NDLS,Clear,0.17,8.54,0.4,27.0,57.2
2026-01-28 10:49:49,NDLS,Cloudy,0.37,6.56,0.1,8.0,75.7
2026-03-28 16:45:28,NDLS,Cloudy,0.36,6.85,0.1,21.0,39.4
2026-06-06 12:17:24,NDLS,Cloudy,0.14,9.05,1.3,14.2,48.1
2026-02-28 09:10:53,NDLS,Clear,0.2,8.6,0.2,19.0,66.3
2026-02-27 16:20:39,NDLS,Rain,0.11,8.29,2.9,28.6,48.9
2026-03-17 07:37:43,NDLS,Fog,0.73,4.17,1.3,22.8,52.3
2026-04-07 19:26:12,NDLS,Clear,0.14,8.87,0.4,37.2,32.2
2026-02-28 06:42:01,NDLS,Clear,0.16,8.17,0.7,15.9,74.2
2026-04-03 15:36:59,NDLS,Fog,0.59,4.37,0.9,24.8,81.0
2026-04-26 01:48:30,NDLS,Clear,0.35,7.38,1.2,30.1,64.8
2026-03-12 02:39:53,NDLS,Clear,0.2,8.39,1.1,30.4,60.3
2026-04-04 15:38:26,NDLS,Cloudy,0.29,7.06,0.9,27.2,79.5
2026-03-01 06:43:21,NDLS,Rain,0.46,4.65,2.3,14.4,100.0
2026-04-22 22:28:20,NDLS,Clear,0.21,8.24,0.2,24.0,50.5
2026-05-13 04:41:39,NDLS,Clear,0.19,8.2,0.9,27.0,70.4
2026-02-03 06:39:46,NDLS,Cloudy,0.32,6.85,1.3,24.5,72.8
2026-01-12 00:27:35,NDLS,Rain,0.64,3.93,2.3,18.7,51.1
2026-03-01 12:37:34,NDLS,Cloudy,0.4,6.85,0.8,28.0,68.4
2026-05-19 14:01:14,NDLS,Clear,0.26,7.61,1.3,18.8,70.5
2026-04-09 13:16:26,NDLS,Fog,0.67,4.4,1.3,34.1,74.2
2026-02-17 15:53:09,NDLS,Clear,0.11,9.22,1.3,23.7,59.9
2026-03-27 08:23:52,NDLS,Clear,0.09,9.56,0.2,24.5,41.0
2026-03-18 04:39:28,NDLS,Clear,0.32,7.83,1.4,34.2,76.1
2026-06-18 11:16:29,NDLS,Clear,0.44,5.9,0.0,25.4,70.2
2026-04-01 12:29:25,NDLS,Clear,0.35,7.41,1.3,31.2,36.5
2026-04-25 23:16:53,NDLS,Clear,0.65,4.2,0.9,26.9,82.8
2026-02-18 03:14:57,NDLS,Clear,0.22,8.39,0.5,32.0,44.0
2026-02-14 22:57:57,NDLS,Clear,0.39,7.05,1.2,28.2,51.4
2026-01-15 16:16:42,NDLS,Clear,0.32,7.26,0.5,19.2,84.6
2026-01-25 10:00:56,NDLS,Clear,0.33,6.56,1.1,26.4,89.1
2026-06-10 13:47:01,NDLS,Clear,0.09,8.67,1.2,23.4,36.0
2026-03-20 02:35:37,NDLS,Cloudy,0.33,7.24,0.9,16.4,36.6
2026-04-16 17:54:32,NDLS,Rain,0.56,2.8,2.5,10.8,69.3
2026-02-22 13:34:54,NDLS,Clear,0.22,8.7,1.0,17.2,82.1
2026-06-28 02:41:54,NDLS,Clear,0.19,8.37,0.1,32.7,56.1
2026-01-31 20:59:46,NDLS,Clear,0.4,6.51,1.0,21.7,67.6
2026-01-19 21:03:56,NDLS,Clear,0.25,7.92,0.6,11.7,62.2
2026-04-26 22:01:16,NDLS,Clear,0.05,9.18,0.7,19.7,64.9
2026-06-19 04:23:16,NDLS,Fog,1.0,1.72,0.6,32.5,100.0
2026-04-27 06:01:39,NDLS,Cloudy,0.57,5.37,0.5,34.9,82.6
2026-05-08 20:23:11,NDLS,Clear,0.12,8.8,1.5,21.5,47.7
2026-03-31 17:32:23,NDLS,Cloudy,0.54,5.61,0.4,23.5,50.5
2026-05-14 22:08:29,NDLS,Fog,0.59,4.36,0.5,21.6,84.3
2026-03-24 04:35:17,NDLS,Clear,0.12,9.88,1.2,40.0,89.9
2026-05-15 04:13:43,NDLS,Rain,0.58,3.65,11.5,26.3,86.6
2026-05-15 02:42:50,NDLS,Clear,0.35,6.34,0.1,28.0,59.5
2026-02-07 04:59:08,NDLS,Fog,0.64,4.85,0.9,26.5,65.8
2026-01-02 19:42:01,NDLS,Clear,0.54,6.37,0.8,31.6,38.6
2026-01-01 23:26:10,NDLS,Rain,0.2,7.18,5.8,35.8,63.6
2026-06-04 23:07:51,NDLS,Clear,0.09,9.0,0.1,43.5,43.3
2026-02-15 06:15:52,NDLS,Fog,0.46,6.5,0.9,12.9,43.1
2026-02-02 02:04:56,NDLS,Fog,0.84,2.62,1.3,30.5,62.8
2026-05-13 03:06:09,NDLS,Fog,0.6,4.92,0.9,24.4,36.1
2026-05-01 08:51:58,NDLS,Clear,0.1,10.21,1.3,24.1,71.8
2026-05-25 01:19:40,NDLS,Fog,0.48,6.34,0.6,27.6,100.0
2026-01-04 20:18:18,NDLS,Clear,0.55,5.09,1.2,26.0,69.5
2026-05-07 10:41:56,NDLS,Rain,0.19,7.17,4.3,18.3,44.9
2026-02-13 05:31:42,NDLS,Rain,0.05,8.18,8.7,11.8,60.0
2026-01-19 13:20:17,NDLS,Clear,0.35,7.47,0.9,18.6,57.8
2026-01-10 21:56:11,NDLS,Clear,0.13,8.79,1.0,12.3,65.8
2026-04-18 21:17:49,NDLS,Clear,0.05,9.22,1.1,21.9,61.2
2026-04-13 03:26:52,NDLS,Cloudy,0.2,8.49,1.2,16.7,33.5
2026-02-20 10:03:52,NDLS,Clear,0.49,5.77,0.8,21.7,74.5
2026-06-15 12:44:56,NDLS,Clear,0.15,8.11,0.4,25.1,89.7
2026-04-03 09:50:13,NDLS,Clear,0.07,9.56,1.4,31.7,35.7
2026-04-26 07:43:18,NDLS,Fog,0.77,3.91,0.2,32.1,63.1
2026-01-27 20:33:20,NDLS,Fog,0.73,2.48,1.1,27.5,87.1
2026-02-22 09:49:47,NDLS,Clear,0.25,7.49,0.1,24.9,57.4
2026-05-10 13:37:12,NDLS,Fog,0.65,4.24,0.5,18.0,47.4
2026-03-02 06:43:49,NDLS,Clear,0.31,7.56,1.3,13.7,100.0
2026-03-20 08:27:08,NDLS,Clear,0.3,7.24,0.5,28.6,78.5
2026-06-27 08:11:29,NDLS,Cloudy,0.5,5.32,1.2,12.0,48.2
2026-01-31 06:44:27,NDLS,Clear,0.44,6.38,1.3,22.3,52.2
2026-04-01 08:04:58,NDLS,Clear,0.24,8.3,0.4,35.1,68.8
2026-05-25 13:17:59,NDLS,Clear,0.14,8.45,0.6,13.3,79.1
2026-01-20 11:26:08,NDLS,Clear,0.2,7.71,0.7,19.7,57.7
2026-06-05 02:30:14,NDLS,Rain,0.44,5.05,7.4,15.3,52.8
2026-01-21 10:22:18,NDLS,Cloudy,0.08,9.52,1.0,36.5,22.5
2026-06-21 08:30:52,NDLS,Clear,0.55,4.91,0.9,39.4,83.9
2026-03-24 21:24:17,NDLS,Clear,0.07,9.56,0.7,21.1,63.1
2026-04-05 19:43:17,NDLS,Clear,0.14,8.52,0.2,40.3,40.7
2026-03-13 05:10:19,NDLS,Clear,0.46,5.87,0.2,22.5,73.2
2026-06-28 02:16:58,NDLS,Fog,0.74,3.91,0.2,12.7,56.6
2026-04-20 22:50:57,NDLS,Clear,0.33,7.18,0.1,32.7,92.3
2026-04-21 03:22:08,NDLS,Cloudy,0.36,6.87,0.2,20.4,43.0
2026-04-23 15:22:18,NDLS,Cloudy,0.06,10.42,0.9,11.6,91.1
2026-02-09 15:44:05,NDLS,Clear,0.31,6.95,0.1,12.9,56.8
2026-04-13 22:03:11,NDLS,Clear,0.22,7.67,0.4,13.1,65.5
2026-03-23 00:17:10,NDLS,Clear,0.17,8.05,1.1,23.2,77.6
2026-01-27 16:44:08,NDLS,Clear,0.23,8.43,0.2,25.3,51.2
2026-06-18 13:33:48,NDLS,Cloudy,0.48,5.08,1.4,34.7,86.2
2026-04-25 10:53:36,NDLS,Cloudy,0.07,9.39,0.3,27.9,49.5
2026-02-28 09:23:40,NDLS,Clear,0.44,5.7,0.7,12.3,64.2
2026-01-13 20:54:19,NDLS,Rain,0.48,4.53,0.7,22.7,49.0
2026-01-21 12:32:21,NDLS,Clear,0.27,7.08,0.2,29.4,78.1
2026-02-08 00:45:02,NDLS,Clear,0.3,6.71,1.4,16.1,72.7
2026-04-11 14:04:27,NDLS,Cloudy,0.22,8.54,0.9,15.2,85.8
2026-04-12 19:18:48,NDLS,Rain,0.66,3.13,5.3,39.0,48.9
2026-01-20 16:04:15,NDLS,Clear,0.31,7.01,0.8,23.0,24.5
2026-03-30 23:46:01,NDLS,Cloudy,0.58,4.43,0.3,36.0,75.6
2026-04-19 06:24:19,NDLS,Clear,0.69,3.76,1.4,10.9,100.0
2026-05-28 19:19:06,NDLS,Clear,0.27,7.8,1.1,22.2,95.3
2026-06-29 11:06:25,NDLS,Cloudy,0.33,8.56,0.4,8.6,90.6
2026-02-28 17:58:48,NDLS,Clear,0.26,7.82,1.0,28.3,79.3
2026-05-18 23:30:25,NDLS,Clear,0.37,6.94,1.1,17.8,65.9
2026-04-06 01:33:02,NDLS,Clear,0.34,7.21,0.4,26.9,84.8
2026-03-23 07:42:50,NDLS,Clear,0.12,9.41,0.3,20.8,58.3
2026-05-07 23:18:42,NDLS,Clear,0.1,9.36,0.7,24.1,69.6
2026-03-10 21:50:12,NDLS,Clear,0.12,7.7,0.7,37.7,58.4
2026-05-10 05:14:28,NDLS,Clear,0.23,8.55,0.1,26.8,54.1
2026-03-24 13:57:07,NDLS,Clear,0.31,7.71,0.8,36.8,69.6
2026-06-02 14:21:19,NDLS,Clear,0.53,5.8,1.3,24.2,63.6
2026-06-26 12:16:10,NDLS,Rain,0.18,7.43,17.4,23.8,78.6
2026-04-03 12:50:06,NDLS,Fog,0.53,4.91,1.1,40.1,44.6
2026-02-24 00:12:19,NDLS,Fog,0.69,4.15,0.0,23.8,64.7
2026-03-04 21:11:47,NDLS,Fog,0.49,5.81,0.6,19.9,72.3
2026-05-26 03:15:23,NDLS,Cloudy,0.37,7.23,1.1,23.6,82.8
2026-03-24 02:47:54,NDLS,Clear,0.12,8.5,0.3,25.0,50.3
2026-05-16 11:38:39,NDLS,Clear,0.52,5.36,0.5,29.7,65.6
2026-01-27 02:19:17,NDLS,Clear,0.58,5.14,0.0,29.9,46.8
2026-02-14 07:45:56,NDLS,Clear,0.38,6.97,1.3,27.9,46.1
2026-01-26 01:14:41,NDLS,Cloudy,0.64,5.11,1.5,14.4,54.5
2026-02-22 05:03:45,NDLS,Fog,0.59,5.25,1.0,10.3,89.0
2026-03-05 01:09:20,NDLS,Clear,0.18,8.84,0.2,22.6,82.0
2026-03-10 12:53:25,NDLS,Cloudy,0.39,6.4,0.7,34.7,41.5
2026-04-02 13:00:10,NDLS,Cloudy,0.16,8.36,1.4,21.2,32.2
2026-02-21 23:16:30,NDLS,Fog,0.5,5.93,1.4,23.8,91.4
2026-03-10 10:08:22,NDLS,Clear,0.47,6.04,0.7,28.3,49.8
2026-01-03 23:41:00,NDLS,Fog,0.6,4.67,0.2,17.5,72.3
2026-03-05 05:56:24,NDLS,Clear,0.43,6.49,0.9,23.1,82.1
2026-01-07 23:31:14,NDLS,Clear,0.3,6.97,0.6,27.2,59.8
2026-06-05 01:22:31,NDLS,Fog,0.7,4.25,0.5,20.8,68.8
2026-06-19 20:07:15,NDLS,Clear,0.18,8.47,0.3,13.9,58.3
2026-01-14 20:42:41,NDLS,Clear,0.57,5.23,1.1,24.1,60.1
2026-01-12 09:01:42,NDLS,Fog,0.87,2.67,1.4,27.4,85.5
2026-06-10 09:05:39,NDLS,Clear,0.17,8.03,0.6,26.1,68.7
2026-06-29 09:13:34,NDLS,Clear,0.6,5.24,0.7,26.0,100.0
2026-01-01 05:54:50,NDLS,Cloudy,0.32,6.98,1.4,17.2,72.3
2026-04-25 16:02:04,NDLS,Clear,0.07,9.18,1.1,23.1,43.2
2026-04-04 16:55:31,NDLS,Clear,0.06,9.71,1.1,18.7,48.7
2026-03-09 10:52:00,NDLS,Clear,0.22,8.7,1.4,15.2,41.3
2026-02-01 18:35:23,NDLS,Clear,0.16,9.43,1.3,23.3,63.8
2026-01-15 16:45:03,NDLS,Cloudy,0.32,6.99,1.2,26.1,90.7
2026-05-16 22:24:56,NDLS,Cloudy,0.46,5.35,1.4,22.4,58.0
2026-03-14 18:21:45,NDLS,Clear,0.49,5.58,0.3,12.3,79.7
2026-02-16 09:08:16,NDLS,Cloudy,0.07,9.8,1.5,25.2,59.1
2026-01-07 15:45:32,NDLS,Clear,0.31,7.54,1.0,14.9,63.4
2026-02-24 05:47:36,NDLS,Rain,0.27,6.26,15.0,39.4,55.4
2026-03-26 17:07:21,NDLS,Clear,0.13,8.3,1.2,20.4,58.3
2026-05-30 16:28:17,NDLS,Clear,0.19,7.55,0.3,23.9,56.0
2026-06-10 03:07:17,NDLS,Clear,0.38,7.67,0.2,25.9,64.7
2026-05-23 16:47:53,NDLS,Cloudy,0.05,9.94,1.4,24.3,80.0
2026-06-22 06:03:10,NDLS,Cloudy,0.2,8.09,0.9,39.1,62.2
2026-03-11 01:09:04,NDLS,Fog,0.54,5.76,0.6,18.6,59.8
2026-01-22 14:21:28,NDLS,Cloudy,0.1,9.03,1.2,30.2,84.7
2026-01-18 01:23:30,NDLS,Clear,0.23,8.66,0.3,15.9,46.7
2026-01-18 20:06:28,NDLS,Clear,0.26,7.83,1.0,16.8,87.5
2026-01-26 02:03:49,NDLS,Cloudy,0.09,9.87,0.3,26.6,89.0
2026-04-29 20:17:03,NDLS,Rain,0.17,7.78,6.0,12.6,44.0
2026-05-06 06:30:34,NDLS,Clear,0.23,7.39,0.2,34.4,75.5
2026-04-05 23:25:52,NDLS,Fog,0.4,6.53,0.6,8.2,57.9
2026-01-29 12:59:39,NDLS,Clear,0.22,7.98,1.4,24.1,86.7
2026-04-27 08:36:04,NDLS,Clear,0.39,7.62,1.1,30.9,82.5
2026-05-24 02:28:25,NDLS,Clear,0.16,8.26,0.4,19.5,79.8
2026-03-05 15:59:19,NDLS,Clear,0.23,7.53,1.2,19.3,75.4
2026-03-12 04:07:44,NDLS,Clear,0.13,9.02,0.2,18.5,81.4
2026-01-11 17:04:43,NDLS,Cloudy,0.16,8.55,0.7,24.7,25.9
2026-03-25 14:18:11,NDLS,Clear,0.34,7.14,0.6,15.4,71.3
2026-04-25 05:05:08,NDLS,Clear,0.18,8.45,0.3,38.5,44.3
2026-02-26 23:14:21,NDLS,Cloudy,0.47,6.2,0.6,12.1,63.2
2026-06-12 13:21:14,NDLS,Clear,0.27,7.48,1.1,25.0,63.0
2026-01-17 09:49:07,NDLS,Clear,0.5,5.97,0.6,30.1,77.2
2026-01-08 01:52:22,NDLS,Cloudy,0.35,6.81,0.7,21.8,74.6
2026-01-04 22:21:53,NDLS,Cloudy,0.35,6.67,0.2,13.9,35.5
2026-06-07 19:10:56,NDLS,Rain,0.18,7.37,6.1,22.1,45.3
2026-01-20 04:52:27,NDLS,Fog,0.8,3.55,1.0,9.7,95.6
2026-01-31 17:13:34,NDLS,Rain,0.42,5.1,16.2,21.6,65.7
2026-02-01 20:07:13,NDLS,Clear,0.25,7.58,0.5,7.8,45.3
2026-01-21 07:33:41,NDLS,Fog,0.43,6.47,0.3,33.4,45.5
2026-02-10 13:12:07,NDLS,Clear,0.13,7.83,0.5,25.8,62.2
2026-03-20 12:16:16,NDLS,Fog,0.7,4.44,1.4,12.1,64.6
2026-05-06 22:54:06,NDLS,Cloudy,0.16,8.62,0.4,22.8,76.0
2026-04-10 10:06:34,NDLS,Rain,0.25,7.12,5.0,9.6,77.3
2026-02-24 14:27:02,NDLS,Clear,0.18,7.83,1.5,32.5,42.3
2026-02-21 15:14:20,NDLS,Clear,0.2,7.96,0.4,32.4,64.5
2026-01-25 15:23:45,NDLS,Cloudy,0.17,8.46,1.5,25.7,56.1
2026-06-30 17:27:08,NDLS,Cloudy,0.35,7.18,0.0,22.1,74.0
2026-05-16 16:16:58,NDLS,Clear,0.26,7.92,0.1,16.9,47.2
2026-01-23 03:10:46,NDLS,Clear,0.07,9.5,0.6,22.1,94.4
2026-05-07 11:30:15,NDLS,Clear,0.07,9.73,0.1,15.9,50.2
2026-03-03 18:48:14,NDLS,Clear,0.19,8.59,0.7,10.4,64.2
2026-01-16 17:15:03,NDLS,Clear,0.28,7.19,0.8,30.1,78.2
2026-05-08 21:01:45,NDLS,Fog,0.46,6.32,1.3,24.8,83.8
2026-05-19 05:58:25,NDLS,Fog,0.48,5.8,1.3,18.0,76.8
2026-05-09 23:49:24,NDLS,Clear,0.18,7.95,1.0,21.6,70.3
2026-03-13 00:09:30,NDLS,Clear,0.26,8.22,0.5,31.9,77.3
2026-05-19 18:01:24,NDLS,Fog,0.55,5.52,0.6,26.3,82.2
2026-04-18 03:58:57,NDLS,Clear,0.52,6.12,0.0,26.2,88.0
2026-04-05 19:42:56,NDLS,Clear,0.13,9.07,1.4,29.2,92.7
2026-02-21 17:44:15,NDLS,Clear,0.15,8.58,0.5,19.3,79.0
2026-04-05 02:37:14,NDLS,Clear,0.55,4.84,0.1,29.7,67.8
2026-03-30 07:38:27,NDLS,Clear,0.5,5.24,1.1,16.7,75.9
2026-01-19 04:15:20,NDLS,Clear,0.35,6.35,1.0,28.1,80.6
2026-03-14 20:21:48,NDLS,Rain,0.36,6.07,9.9,16.9,52.1
2026-05-02 02:22:13,NDLS,Rain,0.17,7.61,2.0,21.6,38.9
2026-01-24 11:14:59,NDLS,Cloudy,0.04,9.63,0.2,16.3,100.0
2026-01-09 14:20:17,NDLS,Clear,0.34,6.6,0.3,11.0,57.1
2026-01-30 18:07:28,NDLS,Clear,0.35,8.05,1.1,45.4,95.2
2026-04-10 05:18:25,NDLS,Cloudy,0.31,7.22,0.5,21.6,100.0
2026-04-12 08:36:04,NDLS,Fog,0.62,4.12,0.6,44.4,66.4
2026-04-25 05:28:32,NDLS,Clear,0.38,6.07,0.8,29.6,50.4
2026-04-30 05:59:21,NDLS,Cloudy,0.64,4.21,0.7,10.2,71.3
2026-02-18 02:15:42,NDLS,Cloudy,0.05,10.05,1.3,10.9,42.7
2026-05-21 20:05:28,NDLS,Clear,0.45,6.9,0.5,29.2,82.3
2026-05-31 12:59:47,NDLS,Clear,0.32,7.07,0.8,24.0,84.9
2026-03-10 23:57:59,NDLS,Cloudy,0.29,8.84,0.2,10.8,100.0
2026-05-02 20:33:41,NDLS,Clear,0.07,9.39,0.6,17.8,64.0
2026-01-01 07:10:07,NDLS,Clear,0.11,8.97,1.2,13.9,66.0
2026-04-09 06:47:08,NDLS,Clear,0.08,8.74,0.2,25.2,41.9
2026-01-05 18:38:32,NDLS,Clear,0.31,8.03,0.0,19.8,71.3
2026-05-03 04:43:48,NDLS,Clear,0.47,5.65,1.1,40.2,45.8
2026-01-25 04:35:32,NDLS,Cloudy,0.25,8.27,0.8,9.0,20.0
2026-05-25 15:39:15,NDLS,Fog,0.83,2.12,1.0,23.3,100.0
2026-02-03 23:34:44,NDLS,Fog,0.6,5.64,0.7,15.5,83.3
2026-06-18 19:24:37,NDLS,Clear,0.07,9.06,0.7,22.5,39.1
2026-01-27 04:24:30,NDLS,Clear,0.44,5.33,1.1,17.6,89.2
2026-05-26 23:44:59,NDLS,Fog,0.43,6.94,0.8,18.8,84.6
2026-05-28 09:15:25,NDLS,Fog,0.8,3.12,1.5,21.8,55.8
2026-02-18 03:19:03,NDLS,Clear,0.09,9.01,1.4,7.4,66.3
2026-05-06 08:30:44,NDLS,Rain,0.15,7.28,8.4,22.6,86.3
2026-03-26 12:38:13,NDLS,Cloudy,0.29,7.22,0.6,32.4,44.5
2026-04-07 19:03:07,NDLS,Fog,0.37,6.53,1.3,27.6,74.3
2026-02-24 03:26:57,NDLS,Cloudy,0.22,8.73,1.0,17.8,35.3
2026-04-11 07:28:25,NDLS,Fog,0.59,5.19,0.6,23.9,63.8
2026-04-26 14:07:51,NDLS,Cloudy,0.24,7.51,0.3,16.7,55.1
2026-03-29 18:46:04,NDLS,Cloudy,0.31,8.13,0.7,19.7,41.2
2026-04-07 00:56:03,NDLS,Cloudy,0.14,7.7,0.7,21.8,75.3
2026-06-05 15:33:56,NDLS,Rain,0.29,7.03,2.9,21.1,20.7
2026-02-20 21:56:55,NDLS,Fog,0.78,3.41,0.9,29.8,79.4
2026-01-03 20:05:59,NDLS,Clear,0.61,4.35,0.9,29.1,80.1
2026-02-13 07:57:20,NDLS,Rain,0.2,8.04,14.6,14.7,89.7
2026-01-29 06:30:16,NDLS,Clear,0.63,4.51,1.5,21.5,96.9
2026-03-30 15:26:15,NDLS,Fog,0.62,4.28,0.0,34.0,79.3
2026-06-15 09:54:21,NDLS,Clear,0.27,8.18,1.1,12.6,64.3
2026-02-22 08:09:28,NDLS,Fog,0.49,6.39,0.0,10.6,77.7
2026-02-25 16:19:23,NDLS,Rain,0.27,6.12,2.5,32.7,72.4
2026-03-08 05:52:04,NDLS,Fog,0.38,6.58,1.3,20.8,63.2
2026-04-19 13:54:28,NDLS,Clear,0.35,6.98,0.7,18.3,85.3
2026-02-25 11:30:07,NDLS,Rain,0.36,5.41,10.2,28.2,83.4
2026-02-02 02:51:10,NDLS,Clear,0.2,8.04,0.2,17.9,55.0
2026-04-28 00:53:35,NDLS,Rain,0.36,5.89,2.0,21.7,81.1
2026-04-08 10:44:44,NDLS,Clear,0.47,5.34,1.4,18.7,60.1
2026-04-16 08:59:20,NDLS,Clear,0.43,6.57,1.3,23.8,86.0
2026-03-21 05:00:13,NDLS,Clear,0.28,7.53,0.8,21.5,72.3
2026-03-09 21:53:48,NDLS,Clear,0.42,5.69,0.6,32.3,72.5
2026-05-06 21:00:18,NDLS,Clear,0.27,7.55,0.4,27.1,72.6
2026-04-06 03:19:40,NDLS,Cloudy,0.06,9.46,0.7,26.2,100.0
2026-05-09 19:45:58,NDLS,Clear,0.53,4.86,0.9,24.0,58.0
2026-04-15 20:12:07,NDLS,Clear,0.05,9.19,0.6,25.0,90.2
2026-01-26 08:46:48,NDLS,Clear,0.18,7.59,0.9,1.2,69.3
2026-03-20 23:14:48,NDLS,Clear,0.09,9.38,0.3,15.6,37.8
2026-02-08 00:50:57,NDLS,Rain,0.17,6.96,7.9,26.9,39.7
2026-01-22 14:40:10,NDLS,Clear,0.22,7.91,0.3,13.3,46.6
2026-04-24 06:56:50,NDLS,Clear,0.28,7.02,0.4,15.5,75.0
2026-01-18 14:44:50,NDLS,Clear,0.29,7.82,0.5,10.8,88.9
2026-04-02 04:34:49,NDLS,Clear,0.11,9.08,1.0,28.8,65.2
2026-01-25 12:29:25,NDLS,Cloudy,0.35,6.37,1.2,20.9,80.6
2026-06-05 13:12:12,NDLS,Clear,0.05,9.11,1.3,13.4,65.4
2026-03-03 08:20:46,NDLS,Rain,0.63,4.36,11.0,21.5,32.6
2026-01-16 03:13:21,NDLS,Cloudy,0.28,8.15,1.4,17.5,65.1
2026-03-16 23:31:53,NDLS,Clear,0.5,5.25,0.5,27.7,47.3
2026-05-30 19:18:41,NDLS,Cloudy,0.24,7.93,0.2,35.2,59.5
2026-06-27 12:17:50,NDLS,Clear,0.44,6.63,1.1,31.3,74.3
2026-02-27 18:17:54,NDLS,Rain,0.29,5.97,12.8,33.3,74.2
2026-02-25 09:53:07,NDLS,Cloudy,0.31,8.4,1.3,9.6,56.9
2026-02-23 06:42:05,NDLS,Fog,0.53,5.94,1.3,28.4,100.0
2026-01-01 10:50:37,NDLS,Cloudy,0.18,8.96,0.2,25.2,65.1
2026-03-10 08:00:16,NDLS,Clear,0.34,6.91,0.1,37.7,84.6
2026-06-13 05:37:35,NDLS,Clear,0.16,8.83,1.2,28.0,85.6
2026-04-07 18:31:40,NDLS,Fog,0.81,3.2,0.2,24.6,54.6
2026-02-01 10:43:32,NDLS,Cloudy,0.11,8.88,0.1,23.8,52.8
2026-04-28 10:43:20,NDLS,Cloudy,0.32,7.08,1.0,21.5,33.1
2026-05-03 09:22:07,NDLS,Cloudy,0.55,6.11,0.8,13.5,39.6
2026-06-19 23:50:04,NDLS,Fog,0.64,4.6,0.1,15.5,60.7
2026-02-11 21:20:39,NDLS,Clear,0.1,9.19,0.6,22.7,79.9
2026-03-11 03:02:27,NDLS,Clear,0.25,8.08,0.3,19.3,74.2
2026-06-16 11:25:24,NDLS,Clear,0.48,6.91,1.3,23.8,65.4
2026-06-14 14:07:03,NDLS,Clear,0.24,7.94,1.2,34.2,52.1
2026-05-04 16:59:07,NDLS,Clear,0.53,5.92,1.3,27.1,72.4
2026-02-05 17:18:17,NDLS,Clear,0.13,9.2,1.1,28.2,58.4
2026-04-30 09:32:06,NDLS,Clear,0.73,3.72,0.4,43.2,100.0
2026-05-28 19:46:44,NDLS,Fog,0.64,4.9,1.2,21.0,37.5
2026-02-11 13:59:41,NDLS,Clear,0.26,7.51,0.3,24.2,66.2
2026-01-30 15:07:07,NDLS,Clear,0.26,8.17,1.0,18.0,80.8
2026-03-30 00:02:34,NDLS,Fog,0.59,5.56,1.2,25.9,84.2
2026-05-24 10:24:06,NDLS,Cloudy,0.47,6.1,1.0,22.6,80.0
2026-03-15 09:15:21,NDLS,Cloudy,0.06,9.03,0.1,35.4,90.2
2026-05-04 19:05:49,NDLS,Clear,0.28,8.43,1.2,26.2,70.5
2026-06-12 09:51:39,NDLS,Cloudy,0.26,8.08,1.3,17.1,75.9
2026-02-05 09:44:40,NDLS,Cloudy,0.38,6.48,0.6,29.8,56.7
2026-01-06 05:15:35,NDLS,Fog,0.8,3.4,0.8,20.8,83.8
2026-05-10 15:40:02,NDLS,Clear,0.59,4.81,1.4,31.7,64.6
2026-02-04 09:15:03,NDLS,Clear,0.48,6.3,0.8,18.2,71.7
2026-04-18 09:40:02,NDLS,Fog,0.65,4.24,0.6,25.8,85.5
2026-02-01 07:36:22,NDLS,Fog,0.96,2.32,0.4,11.1,100.0
2026-06-22 13:08:32,NDLS,Clear,0.59,4.74,0.2,33.1,100.0
2026-03-04 03:41:20,NDLS,Clear,0.26,7.01,0.2,40.2,76.5
2026-01-22 10:11:24,NDLS,Clear,0.52,5.58,1.5,33.1,88.1
2026-02-13 07:47:29,NDLS,Rain,0.08,8.3,28.9,21.5,73.9
2026-01-25 14:33:11,NDLS,Clear,0.13,9.0,1.4,23.1,84.8
2026-03-12 13:43:47,NDLS,Fog,0.68,3.99,1.5,25.8,71.3
2026-05-22 04:49:21,NDLS,Cloudy,0.22,8.03,0.3,29.0,52.3
2026-04-16 10:23:55,NDLS,Clear,0.12,9.32,1.2,34.9,65.3
2026-04-18 12:56:05,NDLS,Clear,0.15,9.16,0.5,32.0,48.7
2026-01-23 04:53:32,NDLS,Rain,0.53,3.81,7.4,27.8,79.8
2026-06-10 19:36:01,NDLS,Fog,0.79,3.38,0.1,33.3,100.0
2026-05-29 07:29:01,NDLS,Clear,0.23,8.22,1.3,11.0,81.4
2026-05-14 18:05:42,NDLS,Clear,0.14,9.46,1.3,30.8,49.9
2026-05-20 13:36:23,NDLS,Clear,0.34,7.46,0.7,34.9,63.0
2026-05-17 15:02:28,NDLS,Fog,0.74,3.82,1.1,27.8,63.4
2026-01-05 13:17:46,NDLS,Cloudy,0.32,8.05,0.1,33.3,77.0
2026-05-17 04:10:25,NDLS,Rain,0.29,5.14,9.9,38.0,64.9
2026-05-09 01:36:57,NDLS,Fog,0.68,4.42,0.4,40.7,82.3
2026-01-24 16:49:03,NDLS,Clear,0.38,6.37,1.1,29.1,71.7
2026-05-20 05:38:39,NDLS,Clear,0.38,6.2,1.1,16.7,52.4
2026-06-26 21:06:34,NDLS,Clear,0.09,9.15,0.5,25.2,58.4
2026-03-09 12:58:56,NDLS,Fog,0.43,6.71,1.0,14.3,87.3
2026-04-11 18:59:10,NDLS,Clear,0.43,6.03,0.4,38.1,81.1
2026-01-05 18:22:52,NDLS,Clear,0.08,9.68,1.1,22.2,61.2
2026-05-01 18:51:04,NDLS,Clear,0.14,9.01,1.0,21.3,55.9
2026-03-31 13:53:21,NDLS,Clear,0.22,8.29,0.8,26.8,94.8
2026-01-04 19:43:10,NDLS,Clear,0.17,9.05,0.6,18.8,96.8
2026-02-15 01:52:21,NDLS,Fog,0.67,4.39,0.2,27.9,88.4
2026-04-09 15:20:29,NDLS,Rain,0.5,5.13,6.4,25.1,64.3
2026-06-28 22:27:02,NDLS,Clear,0.04,9.49,1.4,27.3,66.3
2026-03-04 03:59:30,NDLS,Clear,0.23,8.28,0.3,5.9,58.6
2026-04-19 21:17:43,NDLS,Rain,0.41,6.26,12.7,21.6,90.4
2026-05-14 22:17:21,NDLS,Rain,0.18,7.89,8.8,27.4,71.7
2026-01-23 19:26:45,NDLS,Rain,0.29,6.25,1.0,44.0,77.5
2026-05-22 20:17:58,NDLS,Clear,0.31,7.78,0.8,27.8,77.7
2026-03-10 12:47:27,NDLS,Clear,0.44,5.91,0.7,22.1,95.5
2026-01-06 14:19:38,NDLS,Fog,0.85,3.06,0.3,15.8,52.2
2026-02-23 14:48:48,NDLS,Cloudy,0.07,8.55,0.8,26.6,55.6
2026-03-09 08:35:30,NDLS,Fog,0.43,6.14,0.6,14.4,70.7
2026-02-05 18:31:20,NDLS,Cloudy,0.22,8.28,0.6,31.2,58.4
2026-06-17 14:17:08,NDLS,Cloudy,0.34,8.03,0.5,20.2,66.1
2026-05-18 08:05:43,NDLS,Cloudy,0.36,6.83,1.3,11.7,100.0
2026-05-27 03:50:55,NDLS,Cloudy,0.13,8.32,0.4,12.3,45.4
2026-06-21 00:13:26,NDLS,Clear,0.38,6.7,0.5,16.5,78.9
2026-03-27 07:38:30,NDLS,Clear,0.24,8.22,0.5,19.5,59.1
2026-05-22 19:24:21,NDLS,Clear,0.16,8.05,0.9,19.6,77.4
2026-03-07 16:40:22,NDLS,Clear,0.19,8.45,1.0,20.3,90.2
2026-05-06 22:58:10,NDLS,Clear,0.55,5.78,1.3,12.1,80.7
2026-01-23 04:01:30,NDLS,Clear,0.14,8.85,0.8,21.3,47.1
2026-02-10 23:13:20,NDLS,Clear,0.33,7.74,0.4,27.9,62.1
2026-01-17 01:14:14,NDLS,Rain,0.09,7.56,5.2,21.2,75.6
2026-05-02 18:08:55,NDLS,Clear,0.07,8.41,0.7,28.1,55.7
2026-06-20 09:40:08,NDLS,Rain,0.07,7.67,2.3,21.3,74.2
2026-05-04 08:52:46,NDLS,Clear,0.35,7.63,0.3,43.5,44.4
2026-02-26 15:35:02,NDLS,Clear,0.18,7.74,1.4,25.1,49.9
2026-01-15 03:48:28,NDLS,Cloudy,0.19,8.79,0.4,34.3,33.1
2026-05-11 06:20:39,NDLS,Cloudy,0.12,8.45,0.2,22.0,42.8
2026-01-11 03:24:58,NDLS,Clear,0.27,8.61,0.4,19.8,63.5
2026-05-23 03:52:05,NDLS,Rain,0.32,6.12,26.1,36.3,37.2
2026-04-14 12:02:35,NDLS,Clear,0.37,7.22,0.1,10.1,74.9
2026-04-10 14:24:28,NDLS,Clear,0.58,4.68,1.3,26.1,76.4
2026-01-09 08:39:06,NDLS,Clear,0.11,9.32,0.3,33.3,64.8
2026-06-14 01:51:41,NDLS,Fog,0.4,6.35,1.3,19.9,52.9
2026-03-01 18:43:24,NDLS,Clear,0.19,7.66,0.9,28.8,56.0
2026-06-22 06:52:15,NDLS,Cloudy,0.18,8.24,0.7,24.5,84.2
2026-06-10 04:00:50,NDLS,Clear,0.12,8.7,1.0,34.4,78.4
2026-05-24 19:27:53,NDLS,Rain,0.3,6.38,18.3,13.9,71.0
2026-03-02 12:27:31,NDLS,Clear,0.54,4.93,0.0,21.0,81.7
2026-02-14 09:34:46,NDLS,Clear,0.08,8.94,1.0,21.9,41.2
2026-01-21 02:51:49,NDLS,Clear,0.51,5.58,1.1,17.2,94.8
2026-06-30 20:58:43,NDLS,Fog,0.5,5.81,0.7,19.3,79.3
2026-02-21 08:12:52,NDLS,Clear,0.26,8.08,0.8,33.9,79.2
2026-02-16 14:13:40,NDLS,Cloudy,0.2,7.76,0.4,28.8,32.2
2026-06-05 06:13:30,NDLS,Clear,0.2,8.74,0.6,26.6,91.4
2026-03-27 10:10:40,NDLS,Rain,0.34,5.25,24.6,28.5,64.9
2026-06-19 04:06:53,NDLS,Clear,0.12,9.67,0.3,9.5,47.2
2026-03-04 06:01:52,NDLS,Clear,0.29,7.6,0.1,31.7,77.4
2026-06-03 14:31:38,NDLS,Clear,0.33,7.15,0.4,17.6,60.3
2026-04-11 03:20:42,NDLS,Cloudy,0.43,5.43,0.6,27.2,69.4
2026-06-11 20:54:55,NDLS,Clear,0.37,6.57,0.5,12.4,46.9
2026-06-10 06:46:58,NDLS,Cloudy,0.03,9.3,1.0,28.2,45.9
2026-06-25 19:16:43,NDLS,Clear,0.44,7.05,0.3,8.5,70.4
2026-01-19 06:05:25,NDLS,Clear,0.12,9.58,1.3,11.3,54.1
2026-02-05 14:29:56,NDLS,Rain,0.43,5.31,9.3,18.2,66.6
2026-04-13 23:27:43,NDLS,Cloudy,0.41,6.6,0.0,44.7,61.3
2026-02-24 09:42:20,NDLS,Clear,0.3,6.95,0.3,17.1,81.7
2026-01-23 07:26:24,NDLS,Cloudy,0.31,7.33,0.3,33.5,82.3
2026-06-30 10:49:28,NDLS,Clear,0.67,3.71,1.2,21.0,100.0
2026-03-08 14:00:19,NDLS,Clear,0.08,9.34,0.9,26.6,63.9
2026-02-03 14:56:17,NDLS,Rain,0.08,7.72,7.4,30.4,69.4
2026-03-21 11:12:52,NDLS,Fog,0.95,2.01,1.1,26.5,74.1
2026-05-29 05:24:33,NDLS,Fog,0.56,5.42,0.7,21.8,65.1
2026-03-10 05:30:48,NDLS,Fog,0.72,3.29,1.2,23.8,81.7
2026-04-19 13:59:21,NDLS,Clear,0.27,8.88,1.4,21.4,63.4
2026-05-26 00:08:08,NDLS,Clear,0.45,5.68,1.4,36.5,79.6
2026-05-12 17:05:09,NDLS,Clear,0.13,9.15,0.6,14.5,58.2
2026-06-14 12:12:15,NDLS,Rain,0.24,6.18,7.0,24.8,55.8
2026-06-12 06:36:54,NDLS,Fog,0.57,4.24,0.4,23.0,49.0
2026-02-20 09:04:14,NDLS,Clear,0.69,4.72,0.4,29.2,77.5
2026-04-19 09:06:59,NDLS,Rain,0.4,5.58,3.3,31.9,44.6
2026-06-12 07:17:39,NDLS,Clear,0.12,8.64,0.3,18.8,35.4
2026-06-12 19:12:44,NDLS,Fog,0.45,5.63,0.3,21.5,80.5
2026-05-24 19:21:10,NDLS,Rain,0.59,4.43,3.8,22.1,78.0
2026-05-11 07:12:31,NDLS,Clear,0.24,7.3,0.7,13.9,99.1
2026-05-23 03:06:58,NDLS,Clear,0.44,6.4,0.8,20.4,86.7
2026-06-24 14:58:55,NDLS,Clear,0.47,6.69,0.4,19.1,79.0
2026-05-16 03:40:58,NDLS,Clear,0.13,8.06,1.4,29.1,56.7
2026-06-25 10:38:34,NDLS,Clear,0.08,9.97,0.8,8.2,56.0
2026-01-20 13:13:41,NDLS,Cloudy,0.22,8.55,0.3,14.7,51.7
2026-01-25 12:28:49,NDLS,Rain,0.09,8.6,0.6,24.2,39.5
2026-02-13 01:25:03,NDLS,Clear,0.35,7.86,0.6,24.3,61.7
2026-03-26 09:11:30,NDLS,Cloudy,0.32,6.27,0.6,22.1,33.4
2026-03-23 14:18:19,NDLS,Clear,0.11,8.23,0.4,22.4,66.1
2026-01-27 17:45:08,NDLS,Rain,0.25,6.99,11.2,14.0,95.2
2026-01-13 13:56:38,NDLS,Clear,0.15,8.47,0.2,15.6,53.6
2026-06-27 06:39:39,NDLS,Cloudy,0.19,8.91,0.4,28.3,73.8
2026-02-24 23:33:34,NDLS,Clear,0.42,6.23,0.4,21.3,68.8
2026-05-10 05:49:00,NDLS,Fog,0.54,5.42,1.2,36.8,64.4
2026-01-03 14:22:07,NDLS,Clear,0.2,8.14,0.2,20.2,41.7
2026-05-07 09:33:30,NDLS,Cloudy,0.23,7.7,0.7,26.6,56.4
2026-06-13 05:49:52,NDLS,Fog,0.57,5.72,0.4,20.4,20.0
2026-06-22 14:46:50,NDLS,Clear,0.25,7.89,1.0,21.1,69.7
2026-02-02 01:40:21,NDLS,Clear,0.46,5.84,0.6,16.6,60.7
2026-03-02 17:15:33,NDLS,Cloudy,0.1,8.64,0.5,23.6,90.9
2026-03-29 05:27:32,NDLS,Clear,0.46,5.62,0.6,29.9,97.2
2026-04-28 11:13:39,NDLS,Fog,0.57,5.02,0.8,18.4,83.7
2026-06-26 11:32:03,NDLS,Cloudy,0.48,5.81,0.2,13.5,85.1
2026-03-05 02:20:59,NDLS,Fog,0.79,3.15,0.3,37.2,61.4
2026-04-27 19:30:44,NDLS,Clear,0.45,5.65,0.6,20.9,84.0
2026-06-25 01:03:09,NDLS,Clear,0.07,9.6,1.4,41.8,81.4
2026-04-04 06:43:27,NDLS,Clear,0.3,7.15,0.5,12.7,66.7
2026-05-16 11:13:28,NDLS,Rain,0.06,8.52,4.4,22.3,61.8
2026-03-29 03:52:00,NDLS,Clear,0.61,4.34,1.4,28.1,36.7
2026-06-29 20:57:51,NDLS,Rain,0.12,8.34,7.7,18.9,39.1
2026-01-05 02:43:17,NDLS,Cloudy,0.6,3.75,0.8,26.9,98.9
2026-04-05 21:49:39,NDLS,Rain,0.26,6.72,1.7,28.4,71.1
2026-06-19 04:33:16,NDLS,Rain,0.54,4.39,22.6,35.0,70.0
2026-02-08 05:57:51,NDLS,Rain,0.04,8.76,6.7,23.7,65.2
2026-05-13 02:50:56,NDLS,Fog,0.75,3.24,0.7,32.1,76.6
2026-05-26 11:48:13,NDLS,Cloudy,0.11,9.32,1.4,25.0,47.9
2026-06-29 11:54:55,NDLS,Clear,0.24,8.04,0.2,30.1,70.6
2026-01-31 06:38:38,NDLS,Clear,0.07,8.84,0.2,28.1,76.1
2026-03-11 16:24:14,NDLS,Rain,0.51,3.93,8.6,17.8,73.0
2026-05-19 18:30:35,NDLS,Rain,0.17,7.5,2.1,15.0,68.1
2026-02-27 17:47:32,NDLS,Clear,0.21,7.64,0.4,25.5,86.0
2026-05-20 04:00:16,NDLS,Cloudy,0.35,7.42,0.3,15.5,41.1
2026-03-15 09:28:53,NDLS,Fog,0.75,3.85,0.5,31.4,85.5
2026-03-14 11:50:09,NDLS,Clear,0.3,7.02,0.6,27.4,86.7
2026-06-26 22:08:10,NDLS,Clear,0.17,8.72,0.7,29.5,91.5
2026-01-04 18:07:43,NDLS,Cloudy,0.25,7.8,0.4,39.2,47.4
2026-02-21 02:06:59,NDLS,Clear,0.36,6.73,1.5,18.3,93.5
2026-06-21 10:38:11,NDLS,Rain,0.12,7.11,1.6,34.7,21.3
2026-03-16 11:17:23,NDLS,Cloudy,0.55,5.82,1.3,34.0,75.6
2026-05-23 16:35:28,NDLS,Clear,0.18,8.79,0.3,20.2,88.0
2026-06-25 19:39:53,NDLS,Fog,0.53,4.82,0.7,28.5,72.0
2026-03-13 03:55:50,NDLS,Clear,0.06,9.84,0.5,21.2,93.9
2026-04-15 03:41:02,NDLS,Clear,0.48,5.67,1.1,27.8,81.0
2026-01-10 02:49:57,NDLS,Cloudy,0.22,8.71,1.3,25.4,89.8
2026-05-27 01:12:31,NDLS,Cloudy,0.2,8.42,0.5,19.9,44.0
2026-01-07 13:22:23,NDLS,Clear,0.06,10.0,1.1,36.6,71.5
2026-04-12 08:25:22,NDLS,Clear,0.03,10.23,0.1,31.9,86.6
2026-04-24 14:33:47,NDLS,Clear,0.53,5.39,0.4,11.3,45.7
2026-02-20 05:10:05,NDLS,Cloudy,0.26,8.54,0.5,36.7,81.9
2026-05-24 22:49:41,NDLS,Cloudy,0.19,9.27,0.1,28.0,68.2
2026-01-30 15:04:51,NDLS,Clear,0.06,10.07,1.3,11.0,75.5
2026-04-21 21:56:57,NDLS,Clear,0.13,8.56,1.3,26.0,30.7
2026-01-01 01:14:15,NDLS,Clear,0.57,4.95,1.1,23.0,76.2
2026-06-29 06:01:43,NDLS,Clear,0.18,8.76,0.4,34.8,60.3
2026-04-12 00:01:47,NDLS,Fog,0.56,5.07,1.1,39.4,71.7
2026-01-19 17:54:00,NDLS,Clear,0.31,7.23,1.2,16.4,91.5
2026-01-22 14:50:37,NDLS,Cloudy,0.07,9.36,1.3,11.6,92.3
2026-01-26 19:42:42,NDLS,Fog,0.36,6.26,1.1,18.8,66.5
2026-03-04 17:59:57,NDLS,Cloudy,0.46,6.04,1.0,16.9,53.7
2026-04-06 03:45:59,NDLS,Cloudy,0.23,8.5,0.8,20.1,64.8
2026-02-14 20:08:59,NDLS,Fog,0.84,2.14,0.0,17.8,58.5
2026-01-17 18:05:21,NDLS,Clear,0.24,7.92,1.5,28.3,55.7
2026-04-11 04:01:59,NDLS,Clear,0.67,4.8,1.1,25.0,69.2
2026-05-20 08:38:45,NDLS,Cloudy,0.66,5.3,0.1,36.2,57.4
2026-01-15 14:59:40,NDLS,Clear,0.11,9.11,0.1,21.3,72.7
2026-03-28 01:28:41,NDLS,Clear,0.37,6.28,1.1,21.7,68.5
2026-02-20 05:21:46,NDLS,Clear,0.22,8.16,0.0,28.3,20.0
2026-05-23 02:36:08,NDLS,Rain,0.43,4.56,5.4,25.8,99.5
2026-04-28 15:53:04,NDLS,Cloudy,0.12,8.96,0.6,12.1,76.7
2026-02-06 23:44:02,NDLS,Rain,0.08,7.48,5.8,16.1,59.1
2026-05-14 19:02:38,NDLS,Clear,0.18,7.38,0.1,28.7,69.7
2026-01-01 04:43:19,NDLS,Rain,0.19,7.28,6.1,20.1,66.6
2026-04-25 12:51:37,NDLS,Cloudy,0.34,7.31,1.0,43.7,67.9
2026-02-03 05:45:25,NDLS,Clear,0.46,5.64,1.1,28.4,63.1
2026-04-20 09:47:10,NDLS,Clear,0.18,8.35,0.7,32.3,60.2
2026-03-01 09:40:19,NDLS,Cloudy,0.3,6.77,1.1,34.8,90.0
2026-01-18 02:29:12,NDLS,Clear,0.12,8.81,1.2,11.3,73.2
2026-04-10 07:23:55,NDLS,Cloudy,0.25,7.26,0.5,8.5,57.1
2026-01-24 03:46:20,NDLS,Clear,0.15,8.47,1.1,39.2,100.0
2026-06-18 18:18:11,NDLS,Cloudy,0.33,7.51,0.3,16.2,77.9
2026-06-19 06:02:32,NDLS,Clear,0.39,6.66,0.5,26.3,72.0
2026-06-02 10:23:25,NDLS,Clear,0.17,8.72,0.5,19.0,29.9
2026-03-19 14:00:13,NDLS,Clear,0.43,6.8,1.0,35.8,64.3
2026-02-19 05:26:47,NDLS,Fog,0.68,4.43,1.5,19.3,84.6
2026-03-18 13:16:37,NDLS,Clear,0.1,9.32,0.4,29.9,91.7
2026-03-04 22:21:12,NDLS,Clear,0.11,8.12,1.3,27.0,70.9
2026-05-30 07:14:55,NDLS,Cloudy,0.26,7.89,0.0,34.8,71.0
2026-02-06 12:48:36,NDLS,Rain,0.38,5.63,4.6,34.9,47.5
2026-06-02 02:49:34,NDLS,Clear,0.28,7.59,0.3,19.1,60.7
2026-01-03 22:51:14,NDLS,Clear,0.21,8.27,0.5,31.6,73.3
2026-06-22 00:37:20,NDLS,Cloudy,0.57,4.81,0.8,35.1,71.0
2026-04-27 07:08:33,NDLS,Clear,0.35,7.26,0.1,23.1,40.3
2026-06-17 09:24:02,NDLS,Fog,0.49,5.62,1.3,20.9,70.2
2026-04-25 19:53:38,NDLS,Clear,0.34,7.33,0.2,26.4,47.8
2026-01-20 16:16:43,NDLS,Clear,0.06,9.93,0.1,35.0,100.0
2026-03-17 01:43:52,NDLS,Clear,0.04,9.56,0.9,27.5,65.3
2026-05-13 09:59:06,NDLS,Clear,0.21,7.42,0.9,20.6,53.9
2026-04-21 17:00:21,NDLS,Rain,0.13,7.04,6.0,17.7,33.0
2026-05-19 17:52:37,NDLS,Fog,0.51,5.3,0.4,12.4,70.6
2026-06-12 13:24:37,NDLS,Clear,0.63,4.61,0.5,25.1,74.8
2026-06-17 06:21:48,NDLS,Clear,0.39,6.65,1.4,23.1,69.8
2026-02-28 10:29:22,NDLS,Fog,0.82,2.95,1.4,22.5,52.0
2026-02-17 10:38:22,NDLS,Clear,0.66,4.95,1.1,25.5,96.5
2026-01-02 23:41:56,NDLS,Clear,0.16,8.33,0.2,16.1,47.9
2026-04-08 12:36:52,NDLS,Cloudy,0.36,7.06,1.4,21.8,80.0
2026-05-06 09:05:56,NDLS,Clear,0.3,7.54,0.2,16.7,20.0
2026-02-14 08:58:02,NDLS,Cloudy,0.25,7.69,0.4,8.6,34.0
2026-02-07 16:10:00,NDLS,Clear,0.08,9.63,0.6,18.4,56.5
2026-02-08 16:31:10,NDLS,Clear,0.2,8.08,1.3,28.6,72.1
2026-04-15 23:18:20,NDLS,Cloudy,0.16,8.48,0.2,16.8,73.2
2026-04-01 21:52:19,NDLS,Rain,0.05,8.75,3.8,17.4,81.2
2026-04-11 17:33:11,NDLS,Clear,0.35,7.54,0.8,10.4,61.6
2026-05-11 12:16:51,NDLS,Fog,0.56,4.82,0.4,20.5,65.3
2026-02-20 02:38:15,NDLS,Clear,0.12,8.42,0.4,25.3,69.4
2026-04-14 22:41:25,NDLS,Cloudy,0.4,6.64,0.5,19.2,69.3
2026-01-27 16:49:46,NDLS,Clear,0.16,8.4,1.1,31.3,58.9
2026-02-07 16:19:48,NDLS,Clear,0.59,5.17,0.9,27.4,68.8
2026-02-20 22:39:40,NDLS,Rain,0.11,8.34,9.2,24.6,54.7
2026-06-18 18:36:41,NDLS,Clear,0.05,10.21,0.5,28.5,75.5
2026-02-17 15:12:54,NDLS,Clear,0.06,10.32,0.5,29.8,33.7
2026-02-22 13:47:19,NDLS,Cloudy,0.59,5.39,0.7,27.4,80.7
2026-03-14 16:01:25,NDLS,Cloudy,0.49,5.6,0.7,18.5,87.0
2026-02-08 16:59:20,NDLS,Rain,0.7,3.03,12.2,23.6,94.9
2026-06-03 12:43:29,NDLS,Rain,0.41,5.19,11.3,25.2,67.8
2026-05-11 11:04:13,NDLS,Clear,0.4,6.58,0.2,26.2,89.5
2026-02-12 13:42:36,NDLS,Cloudy,0.36,7.5,1.2,36.4,64.7
2026-02-16 20:23:04,NDLS,Rain,0.09,8.39,3.6,26.7,45.4
2026-04-17 18:40:19,NDLS,Clear,0.21,8.3,1.1,33.8,100.0
2026-01-12 10:48:10,NDLS,Clear,0.1,8.81,1.2,30.6,60.0
2026-02-06 20:09:31,NDLS,Fog,0.65,4.5,0.1,11.5,85.1
2026-03-26 09:09:03,NDLS,Clear,0.42,6.27,0.3,27.1,68.1
2026-04-10 09:17:52,NDLS,Clear,0.65,3.66,0.6,5.8,91.0
2026-06-04 14:00:25,NDLS,Clear,0.4,6.36,0.8,2.5,72.2
2026-01-09 10:47:46,NDLS,Cloudy,0.62,4.1,1.5,25.5,55.8
2026-02-22 08:43:29,NDLS,Rain,0.38,5.5,8.8,22.3,60.1
2026-04-22 06:06:16,NDLS,Clear,0.03,10.49,0.3,29.6,86.6
2026-06-06 05:59:03,NDLS,Clear,0.35,7.44,0.6,31.1,66.4
2026-04-03 03:26:25,NDLS,Clear,0.48,6.13,1.1,18.9,66.2
2026-02-02 12:24:22,NDLS,Rain,0.26,6.64,9.7,23.3,66.9
2026-01-31 18:41:38,NDLS,Rain,0.72,2.42,5.1,21.4,67.1
2026-05-24 16:37:35,NDLS,Clear,0.37,7.63,1.3,29.4,87.6
2026-04-08 10:17:20,NDLS,Rain,0.3,6.6,3.9,13.1,88.4
2026-04-03 18:36:54,NDLS,Rain,0.11,7.73,6.0,12.6,57.0
2026-02-11 20:49:14,NDLS,Cloudy,0.12,8.98,1.3,13.1,73.3
2026-04-27 06:12:18,NDLS,Clear,0.33,6.32,0.0,20.6,53.1
2026-03-24 16:17:24,NDLS,Rain,0.4,5.44,4.2,18.8,77.5
2026-03-17 18:25:50,NDLS,Clear,0.14,9.19,0.0,15.0,76.7
2026-05-29 03:44:55,NDLS,Clear,0.17,9.46,0.6,8.9,66.4
2026-05-06 10:13:01,NDLS,Rain,0.48,4.7,8.2,20.2,36.0
2026-05-05 00:40:06,NDLS,Clear,0.28,6.4,1.5,25.5,50.9
2026-06-13 20:49:43,NDLS,Clear,0.59,4.13,0.4,21.3,95.7
2026-04-09 12:00:51,NDLS,Clear,0.14,8.96,0.2,25.6,83.9
2026-06-27 13:30:37,NDLS,Clear,0.1,9.86,1.4,29.9,25.8
2026-05-06 06:22:54,NDLS,Clear,0.19,8.22,0.8,15.4,68.3
2026-01-24 18:33:50,NDLS,Rain,0.16,7.32,17.1,11.0,80.2
2026-01-24 02:32:50,NDLS,Fog,0.73,2.96,1.0,26.3,83.0
2026-04-14 02:02:33,NDLS,Rain,0.2,7.79,5.2,23.7,57.2
2026-02-25 14:35:36,NDLS,Rain,0.18,7.22,4.7,23.9,75.8
2026-02-05 16:49:42,NDLS,Clear,0.35,7.12,0.8,35.5,70.6
2026-06-02 20:36:58,NDLS,Clear,0.24,8.27,1.2,18.1,58.9
2026-06-04 12:30:41,NDLS,Cloudy,0.25,7.42,1.0,26.4,52.1
2026-04-12 22:21:58,NDLS,Clear,0.08,9.68,0.1,-3.7,64.0
2026-04-01 17:17:05,NDLS,Clear,0.12,8.39,1.2,23.0,80.6
2026-06-07 14:38:28,NDLS,Fog,0.99,1.61,1.4,11.3,47.7
2026-02-26 03:24:45,NDLS,Clear,0.33,7.24,0.3,5.5,62.7
2026-02-01 16:57:08,NDLS,Clear,0.63,5.09,1.2,43.7,100.0
2026-03-21 19:25:44,NDLS,Fog,0.44,7.04,1.1,18.1,90.6
2026-01-22 13:57:56,NDLS,Clear,0.13,9.26,0.4,14.0,48.4
2026-03-10 07:02:34,NDLS,Clear,0.18,8.26,0.7,20.5,41.8
2026-01-24 02:12:47,NDLS,Clear,0.23,8.56,0.5,23.3,81.4
2026-03-14 21:06:30,NDLS,Clear,0.56,4.95,1.2,18.9,59.0
2026-02-07 20:40:35,NDLS,Rain,0.12,7.81,4.2,41.7,41.5
2026-05-03 00:00:51,NDLS,Cloudy,0.37,7.13,0.4,33.2,44.9
2026-04-28 02:53:35,NDLS,Clear,0.55,5.58,0.6,13.7,35.9
2026-03-29 21:28:23,NDLS,Fog,0.91,2.34,0.7,43.2,68.5
2026-05-27 11:22:45,NDLS,Clear,0.39,6.53,0.9,26.5,73.9
2026-05-13 13:36:47,NDLS,Cloudy,0.32,7.2,0.7,21.7,47.5
2026-04-19 07:01:29,NDLS,Clear,0.27,7.1,0.3,31.7,81.2
2026-02-01 20:08:51,NDLS,Clear,0.54,6.14,0.7,26.1,84.6
2026-06-20 09:48:11,NDLS,Clear,0.48,7.09,1.2,41.2,64.6
2026-01-20 20:38:46,NDLS,Clear,0.08,9.36,0.7,21.0,93.9
2026-05-06 20:22:22,NDLS,Clear,0.08,9.13,0.3,26.7,69.5
2026-04-05 18:14:16,NDLS,Clear,0.48,5.46,0.7,18.3,47.7
2026-06-29 23:41:15,NDLS,Clear,0.29,6.97,1.0,20.4,78.9
2026-01-25 06:47:50,NDLS,Fog,1.0,1.83,1.0,22.2,100.0
2026-03-25 15:17:48,NDLS,Rain,0.37,5.82,4.2,38.1,46.7
2026-01-19 23:56:02,NDLS,Clear,0.17,7.81,1.2,27.3,68.3
2026-02-17 00:36:05,NDLS,Cloudy,0.23,7.69,0.5,35.8,78.8
2026-06-27 13:30:18,NDLS,Clear,0.1,9.57,0.0,24.6,30.9
2026-03-18 12:09:31,NDLS,Clear,0.26,6.98,0.4,32.2,85.1
2026-01-21 12:48:48,NDLS,Clear,0.23,7.86,0.1,21.2,100.0
2026-01-02 14:24:57,NDLS,Rain,0.45,4.8,20.1,24.9,67.3
2026-06-30 00:16:02,NDLS,Cloudy,0.25,9.18,1.2,36.8,67.0
2026-06-14 04:07:29,NDLS,Clear,0.38,6.44,1.3,36.3,85.2
2026-01-03 07:05:54,NDLS,Fog,1.0,1.73,0.9,19.0,84.9
2026-04-16 05:04:03,NDLS,Clear,0.43,6.05,0.1,29.7,55.7
2026-05-09 05:41:25,NDLS,Fog,0.63,3.99,0.7,17.7,84.5
2026-01-11 10:21:35,NDLS,Clear,0.06,10.62,1.1,18.5,74.2
2026-04-09 05:13:53,NDLS,Cloudy,0.31,7.23,0.7,27.0,72.6
2026-05-30 07:32:11,NDLS,Fog,0.56,5.66,0.6,16.8,65.9
2026-06-13 19:27:14,NDLS,Clear,0.37,6.78,1.4,24.1,84.7
2026-06-02 19:31:02,NDLS,Clear,0.35,7.5,0.7,20.2,21.8
2026-02-13 11:09:00,NDLS,Clear,0.15,8.59,1.2,25.1,79.8
2026-01-06 03:36:08,NDLS,Clear,0.24,7.37,0.5,23.0,65.5
2026-04-22 04:29:13,NDLS,Clear,0.23,7.08,1.2,27.4,67.9
2026-03-26 23:37:34,NDLS,Clear,0.26,7.81,1.4,29.7,45.1
2026-04-16 23:45:34,NDLS,Clear,0.22,7.82,0.6,23.8,50.2
2026-06-24 11:46:44,NDLS,Cloudy,0.51,5.75,0.3,34.4,74.5
2026-03-01 21:13:15,NDLS,Cloudy,0.19,8.45,1.3,39.3,92.1
2026-01-26 01:43:12,NDLS,Clear,0.18,9.26,0.8,11.4,71.6
2026-01-31 17:34:48,NDLS,Fog,0.57,5.4,0.8,17.2,65.8
2026-06-14 17:57:22,NDLS,Clear,0.21,8.95,0.3,32.3,63.0
2026-02-08 22:31:56,NDLS,Clear,0.14,9.2,0.8,25.4,67.8
2026-01-11 22:28:57,NDLS,Cloudy,0.05,9.3,0.3,27.4,51.1
2026-05-25 23:27:00,NDLS,Cloudy,0.29,7.56,1.1,19.0,37.6
2026-01-18 15:19:02,NDLS,Clear,0.19,7.99,1.4,25.7,29.1
2026-02-03 14:57:12,NDLS,Cloudy,0.38,6.05,0.4,18.2,56.1
2026-05-15 15:29:13,NDLS,Cloudy,0.21,7.79,1.0,19.0,35.0
2026-05-03 23:33:15,NDLS,Clear,0.52,6.2,1.1,8.2,90.5
2026-03-10 19:03:03,NDLS,Rain,0.22,7.0,49.0,24.7,59.8
2026-05-21 08:29:59,NDLS,Clear,0.11,9.63,0.7,36.0,76.1
2026-03-16 16:56:22,NDLS,Fog,0.5,5.36,0.7,25.8,90.4
2026-01-02 15:26:06,NDLS,Rain,0.35,5.29,6.8,11.5,89.1
2026-01-04 13:01:33,NDLS,Cloudy,0.46,6.63,1.4,31.5,58.5
2026-06-20 23:26:14,NDLS,Clear,0.16,8.96,1.4,38.1,85.8
2026-06-24 13:25:11,NDLS,Clear,0.47,5.99,1.3,25.4,52.0
2026-01-03 02:23:12,NDLS,Clear,0.3,6.87,0.7,4.4,47.5
2026-02-01 04:10:20,NDLS,Cloudy,0.46,6.52,0.5,21.5,100.0
2026-05-23 21:30:14,NDLS,Cloudy,0.16,7.77,0.2,18.8,52.5
2026-01-16 20:28:10,NDLS,Cloudy,0.09,9.49,1.4,27.6,84.7
2026-01-24 07:58:05,NDLS,Cloudy,0.26,7.29,1.1,14.0,88.7
2026-06-13 20:02:40,NDLS,Cloudy,0.18,8.78,0.1,21.9,55.1
2026-04-19 22:18:22,NDLS,Clear,0.2,8.66,1.2,28.9,70.7
2026-01-10 18:10:15,NDLS,Cloudy,0.25,7.7,1.0,15.9,50.0
2026-05-16 17:54:56,NDLS,Clear,0.37,6.88,1.1,35.9,84.1
2026-04-05 04:54:28,NDLS,Cloudy,0.09,9.05,0.0,26.7,83.4
2026-02-23 23:04:56,NDLS,Cloudy,0.18,8.28,0.1,31.5,41.7
2026-01-03 02:06:25,NDLS,Clear,0.24,7.86,1.3,25.6,52.8
2026-03-18 18:55:47,NDLS,Clear,0.33,7.32,1.4,16.7,48.0
2026-03-31 04:29:51,NDLS,Clear,0.54,5.56,0.2,11.9,47.7
2026-02-20 01:21:07,NDLS,Rain,0.09,8.35,15.1,18.8,52.5
2026-04-14 07:20:03,NDLS,Clear,0.17,8.11,1.3,19.1,64.5
2026-01-02 08:32:36,NDLS,Clear,0.2,7.93,1.5,17.4,51.1
2026-03-10 21:38:13,NDLS,Clear,0.09,9.2,0.9,30.7,50.1
2026-01-19 21:22:26,NDLS,Clear,0.26,7.61,1.3,15.6,46.0
2026-05-11 16:13:59,NDLS,Clear,0.28,7.94,0.1,23.6,64.5
2026-04-10 18:50:41,NDLS,Clear,0.45,6.7,0.2,10.5,40.8
2026-01-25 11:10:48,NDLS,Cloudy,0.38,6.19,1.3,36.3,42.3
2026-02-07 02:07:32,NDLS,Clear,0.24,7.74,0.1,13.2,77.4
2026-04-21 12:55:22,NDLS,Clear,0.42,6.73,0.3,9.6,74.6
2026-06-17 12:41:06,NDLS,Fog,0.88,2.77,1.3,23.8,99.4
2026-05-24 18:52:09,NDLS,Fog,0.79,3.7,0.3,27.0,100.0
2026-04-17 03:22:14,NDLS,Rain,0.71,2.29,18.3,29.3,59.3
2026-06-04 10:31:03,NDLS,Rain,0.25,7.34,12.6,14.7,82.1
2026-05-22 15:09:04,NDLS,Cloudy,0.22,8.36,0.4,25.2,69.8
2026-01-27 23:47:16,NDLS,Clear,0.16,8.13,1.1,21.5,80.3
2026-05-08 04:07:25,NDLS,Rain,0.27,6.21,16.7,26.2,53.8
2026-04-02 01:11:45,NDLS,Rain,0.17,7.03,2.6,6.6,34.0
2026-05-20 08:13:33,NDLS,Clear,0.19,8.87,0.6,38.2,31.7
2026-01-31 13:00:46,NDLS,Clear,0.59,4.86,0.2,16.7,96.6
2026-03-03 11:08:01,NDLS,Rain,0.42,5.07,2.2,21.5,100.0
2026-05-11 18:54:31,NDLS,Rain,0.31,6.3,5.4,19.9,91.9
2026-05-03 15:08:15,NDLS,Cloudy,0.23,8.11,1.3,18.5,78.7
2026-03-18 18:37:47,NDLS,Cloudy,0.58,4.78,0.6,29.6,77.7
2026-03-31 16:03:06,NDLS,Clear,0.2,8.74,1.5,35.7,68.4
2026-01-29 17:49:00,NDLS,Clear,0.54,5.15,0.5,18.3,63.3
2026-06-28 12:33:54,NDLS,Rain,0.14,7.58,26.9,11.9,23.2
2026-05-07 04:50:02,NDLS,Clear,0.07,9.74,0.9,16.0,92.8
2026-02-06 06:47:08,NDLS,Cloudy,0.18,8.37,0.1,26.4,74.8
2026-05-28 13:03:54,NDLS,Clear,0.47,7.01,0.9,20.4,49.3
2026-05-07 15:43:08,NDLS,Cloudy,0.26,7.83,1.0,27.4,91.9
2026-01-17 22:58:04,NDLS,Clear,0.1,8.34,1.2,39.9,94.1
2026-01-12 04:57:43,NDLS,Clear,0.14,9.34,0.0,21.4,92.1
2026-05-12 05:47:58,NDLS,Rain,0.18,7.72,6.5,29.2,54.9
2026-01-28 22:18:11,NDLS,Fog,0.76,4.13,1.2,35.3,74.8
2026-01-20 04:33:42,NDLS,Clear,0.31,7.38,0.3,13.0,65.3
2026-05-01 20:28:32,NDLS,Rain,0.31,6.16,3.4,29.1,81.3
2026-01-25 05:13:07,NDLS,Cloudy,0.56,4.59,0.1,35.0,76.4
2026-06-07 00:45:55,NDLS,Clear,0.06,9.68,1.4,22.8,71.0
2026-03-26 16:13:29,NDLS,Clear,0.12,9.14,1.2,27.1,61.4
2026-01-03 16:15:06,NDLS,Clear,0.03,9.68,0.3,22.0,76.2
2026-02-21 10:42:34,NDLS,Clear,0.1,9.17,1.1,26.0,100.0
2026-04-19 06:59:28,NDLS,Fog,0.51,6.21,1.4,27.3,76.7
2026-02-04 04:45:44,NDLS,Rain,0.46,5.16,11.5,28.6,82.5
2026-04-15 18:25:27,NDLS,Clear,0.01,9.2,1.0,26.8,20.0
2026-02-19 20:56:55,NDLS,Clear,0.36,6.95,0.2,22.4,72.2
2026-05-21 21:30:52,NDLS,Rain,0.22,7.07,2.4,34.0,60.0
2026-01-26 10:46:30,NDLS,Clear,0.37,7.11,1.0,36.1,63.4
2026-04-09 00:45:55,NDLS,Fog,0.52,5.53,0.7,9.9,92.1
2026-01-26 11:58:19,NDLS,Clear,0.09,9.77,0.4,34.0,52.7
2026-02-16 16:16:10,NDLS,Clear,0.07,9.28,0.6,37.3,83.3
2026-06-08 23:18:56,NDLS,Fog,0.52,5.52,0.5,12.6,65.3
2026-05-10 11:55:02,NDLS,Clear,0.47,6.03,1.4,14.6,92.3
2026-06-16 22:56:36,NDLS,Fog,0.46,5.96,0.4,24.5,66.3
2026-01-08 03:26:40,NDLS,Clear,0.17,8.53,1.0,20.4,40.9
2026-04-20 17:32:34,NDLS,Clear,0.26,7.95,0.6,18.1,70.8
2026-05-30 13:00:31,NDLS,Clear,0.38,6.92,0.9,25.2,68.7
2026-02-14 08:28:45,NDLS,Clear,0.09,10.03,0.3,21.6,61.2
2026-01-12 14:45:29,NDLS,Fog,0.46,5.42,0.5,24.7,62.9
2026-05-05 10:16:12,NDLS,Clear,0.06,10.33,0.8,21.2,72.9
2026-03-09 01:22:08,NDLS,Clear,0.07,8.3,1.1,31.8,87.9
2026-02-02 12:38:38,NDLS,Fog,0.69,4.04,0.2,-3.9,100.0
2026-01-31 17:30:54,NDLS,Clear,0.53,5.04,0.6,32.8,65.0
2026-03-08 03:28:22,NDLS,Clear,0.04,8.82,1.2,23.5,84.1
2026-01-12 19:48:47,NDLS,Clear,0.36,6.93,0.3,26.8,50.1
2026-04-25 01:45:13,NDLS,Cloudy,0.14,8.47,0.7,13.7,34.3
2026-05-16 14:29:43,NDLS,Clear,0.33,7.13,0.9,15.5,39.9
2026-05-29 04:20:49,NDLS,Cloudy,0.49,5.94,0.5,23.5,45.2
2026-01-01 08:19:43,NDLS,Fog,0.58,5.39,0.1,17.9,48.3
2026-04-30 16:29:56,NDLS,Clear,0.34,7.1,1.3,31.2,65.8
2026-02-11 03:46:18,NDLS,Cloudy,0.41,6.57,0.2,30.5,47.4
2026-05-21 10:01:56,NDLS,Clear,0.18,8.84,0.5,33.8,68.4
2026-01-30 18:01:03,NDLS,Cloudy,0.3,7.78,1.2,26.0,61.6
2026-06-23 17:22:01,NDLS,Cloudy,0.63,5.05,1.0,28.1,86.1
2026-04-11 18:48:53,NDLS,Clear,0.26,7.47,0.2,22.8,93.9
2026-03-19 17:48:56,NDLS,Cloudy,0.2,7.7,0.5,34.0,51.8
2026-02-05 06:41:13,NDLS,Fog,0.68,4.27,1.2,11.2,75.3
2026-04-29 09:10:14,NDLS,Rain,0.16,6.62,13.2,39.3,99.2
2026-01-02 00:10:41,NDLS,Clear,0.5,5.99,1.1,16.8,26.0
2026-06-23 22:31:10,NDLS,Cloudy,0.16,8.22,1.1,28.6,72.7
2026-03-21 10:42:34,NDLS,Clear,0.13,8.38,0.5,11.3,54.6
2026-02-25 13:06:35,NDLS,Clear,0.33,6.68,0.2,18.5,97.0
2026-06-06 16:02:46,NDLS,Clear,0.1,9.4,1.0,23.0,79.4
2026-06-03 17:58:36,NDLS,Rain,0.28,6.71,5.3,19.9,54.1
2026-06-26 15:05:58,NDLS,Clear,0.25,8.29,0.7,19.3,79.9
2026-05-10 02:22:22,NDLS,Clear,0.24,7.73,0.7,36.6,70.6
2026-06-09 18:28:47,NDLS,Cloudy,0.13,8.72,1.2,23.4,79.0
2026-02-26 15:38:15,NDLS,Fog,0.53,5.21,1.1,26.2,69.4
2026-02-25 22:48:41,NDLS,Clear,0.38,7.12,1.0,29.1,42.0
2026-04-18 14:39:02,NDLS,Clear,0.44,5.64,0.1,14.5,75.6
2026-03-01 10:55:45,NDLS,Clear,0.28,7.55,1.4,19.4,76.4
2026-03-10 04:34:24,NDLS,Fog,0.89,1.56,0.4,26.3,57.1
2026-06-08 00:01:20,NDLS,Clear,0.51,5.62,1.4,19.4,45.2
2026-01-07 20:06:54,NDLS,Cloudy,0.19,7.42,1.5,25.0,63.6
2026-05-02 13:27:35,NDLS,Clear,0.05,9.0,0.0,10.2,71.0
2026-05-03 04:51:31,NDLS,Clear,0.01,10.37,1.1,23.6,51.9
2026-02-01 07:15:47,NDLS,Rain,0.33,6.16,6.2,23.0,72.8
2026-02-22 02:04:55,NDLS,Fog,0.5,6.41,0.5,28.0,81.1
2026-05-17 06:50:42,NDLS,Cloudy,0.4,7.07,0.2,30.8,76.2
2026-03-19 02:33:35,NDLS,Rain,0.03,8.23,5.8,22.2,32.3
2026-02-03 06:10:12,NDLS,Clear,0.35,6.96,0.6,33.1,100.0
2026-03-09 22:16:31,NDLS,Fog,0.73,5.0,0.2,28.1,64.0
2026-05-06 12:08:01,NDLS,Clear,0.45,6.43,0.6,6.1,63.2
2026-01-07 00:34:51,NDLS,Clear,0.2,8.63,0.1,27.6,61.8
2026-04-30 05:17:42,NDLS,Cloudy,0.4,6.14,0.6,12.0,56.5
2026-04-10 08:09:40,NDLS,Clear,0.07,10.41,0.3,11.3,69.6
2026-05-05 07:59:50,NDLS,Fog,0.46,5.8,0.5,13.2,67.6
2026-04-25 16:39:34,NDLS,Rain,0.24,7.1,3.9,36.8,67.7
2026-02-25 04:30:30,NDLS,Clear,0.27,7.26,1.1,31.9,71.5
2026-06-11 15:34:22,NDLS,Rain,0.3,5.8,11.5,19.5,57.3
2026-05-05 06:55:58,NDLS,Rain,0.62,3.09,8.6,16.6,78.6
2026-05-05 15:17:16,NDLS,Cloudy,0.41,6.51,1.3,20.8,79.7
2026-04-26 17:54:04,NDLS,Clear,0.44,6.65,0.1,29.2,81.4
2026-05-17 02:59:26,NDLS,Clear,0.23,7.14,1.5,16.8,44.6
2026-01-04 19:49:54,NDLS,Fog,0.41,5.89,0.7,19.4,67.7
2026-04-06 16:42:24,NDLS,Clear,0.41,7.02,0.5,21.9,69.2
2026-05-21 09:26:25,NDLS,Clear,0.42,6.51,0.7,40.3,69.7
2026-02-11 18:08:30,NDLS,Clear,0.2,8.44,0.9,18.9,31.6
2026-04-19 11:36:20,NDLS,Rain,0.2,6.55,5.3,27.5,71.1
2026-03-06 19:25:11,NDLS,Clear,0.26,8.02,0.8,40.6,47.9
2026-02-12 09:34:14,NDLS,Rain,0.74,2.38,2.7,20.2,69.6
2026-04-01 04:56:33,NDLS,Cloudy,0.19,7.9,0.8,37.6,66.5
2026-01-08 15:30:32,NDLS,Clear,0.14,9.11,1.1,27.0,88.3
2026-02-07 14:27:08,NDLS,Clear,0.18,8.5,1.1,21.0,77.8
2026-03-14 20:18:45,NDLS,Clear,0.13,8.85,1.3,15.4,60.3
2026-06-24 01:17:07,NDLS,Clear,0.2,8.72,1.5,22.3,58.8
2026-01-03 13:48:15,NDLS,Cloudy,0.16,9.28,0.8,25.6,68.0
2026-06-23 21:15:42,NDLS,Clear,0.4,6.48,0.4,35.5,75.5
2026-05-24 13:48:09,NDLS,Clear,0.26,7.82,0.3,20.6,96.9
2026-02-07 23:58:14,NDLS,Cloudy,0.1,9.35,0.4,18.9,89.1
2026-03-19 16:04:15,NDLS,Clear,0.2,7.85,1.1,28.6,49.7
2026-06-08 15:05:15,NDLS,Clear,0.39,6.72,1.0,22.2,50.2
2026-04-08 12:51:23,NDLS,Cloudy,0.13,8.36,0.4,23.5,72.4
2026-05-12 16:43:43,NDLS,Clear,0.06,8.89,1.2,19.7,57.1
2026-01-19 16:33:11,NDLS,Clear,0.49,6.4,0.5,38.3,62.2
2026-03-31 00:31:46,NDLS,Clear,0.27,7.65,0.2,17.2,61.9
2026-05-31 12:44:29,NDLS,Cloudy,0.14,8.67,0.6,16.4,49.0
2026-04-24 15:37:03,NDLS,Clear,0.5,6.49,0.9,22.4,63.1
2026-05-17 15:48:15,NDLS,Clear,0.05,8.81,0.0,12.7,100.0
2026-06-26 14:04:53,NDLS,Cloudy,0.09,9.4,0.6,29.1,65.8
2026-03-04 05:12:19,NDLS,Cloudy,0.28,7.84,0.5,37.2,70.2
2026-03-07 01:39:52,NDLS,Cloudy,0.56,5.11,0.6,16.5,44.3
2026-02-04 22:29:49,NDLS,Fog,0.84,2.96,0.3,31.7,32.3
2026-02-19 14:10:44,NDLS,Clear,0.05,10.15,1.2,24.0,65.9
2026-02-23 02:35:18,NDLS,Clear,0.2,7.75,0.9,23.4,100.0
2026-05-26 20:04:02,NDLS,Clear,0.13,9.05,0.5,19.1,82.1
2026-01-15 19:48:34,NDLS,Rain,0.38,5.77,4.9,16.8,66.8
2026-06-04 10:52:54,NDLS,Clear,0.19,7.97,0.7,22.5,71.2
2026-04-07 04:09:40,NDLS,Clear,0.38,7.28,1.5,23.4,73.2
2026-05-29 12:45:54,NDLS,Clear,0.4,7.12,0.7,16.6,75.0
2026-05-08 07:45:33,NDLS,Clear,0.55,5.27,0.8,16.4,30.1
2026-01-17 12:02:13,NDLS,Clear,0.19,7.89,0.2,36.0,64.9
2026-03-24 06:50:52,NDLS,Rain,0.38,5.25,1.5,14.5,46.9
2026-01-01 17:21:50,NDLS,Cloudy,0.31,7.47,0.6,23.4,98.6
2026-05-09 06:58:34,NDLS,Clear,0.08,9.26,0.1,8.3,89.7
2026-03-08 03:28:41,NDLS,Clear,0.15,8.2,0.8,28.5,86.8
2026-06-26 13:00:42,NDLS,Clear,0.09,8.51,0.9,17.0,58.9
2026-01-11 10:27:33,NDLS,Clear,0.25,8.57,0.1,25.2,64.6
2026-06-09 05:15:02,NDLS,Clear,0.17,8.42,0.3,24.6,66.7
2026-01-06 12:16:54,NDLS,Clear,0.55,4.91,0.2,11.5,50.9
2026-06-24 09:25:38,NDLS,Fog,0.48,5.79,1.2,34.5,52.2
2026-04-01 03:49:18,NDLS,Fog,0.65,4.55,0.7,24.5,81.6
2026-02-21 03:45:26,NDLS,Rain,0.19,8.12,5.9,35.9,81.0
2026-04-23 17:05:36,NDLS,Rain,0.5,3.83,0.9,34.1,66.2
2026-01-01 10:29:57,NDLS,Fog,0.4,6.32,0.8,28.2,59.8
2026-05-29 19:39:54,NDLS,Clear,0.51,5.7,0.1,12.4,72.1
2026-04-18 20:59:22,NDLS,Cloudy,0.13,8.56,0.8,20.9,56.1
2026-01-31 07:30:50,NDLS,Fog,0.56,5.47,1.1,15.6,90.9
2026-01-17 02:07:48,NDLS,Clear,0.1,9.62,0.6,28.5,44.9
2026-03-08 13:54:28,NDLS,Rain,0.56,3.59,10.9,22.7,66.2
2026-06-07 23:58:52,NDLS,Cloudy,0.03,10.02,1.5,20.4,41.2
2026-01-18 13:58:13,NDLS,Clear,0.24,8.76,1.0,31.7,52.9
2026-02-03 18:33:37,NDLS,Cloudy,0.26,6.77,1.4,22.5,52.7
2026-02-01 20:47:06,NDLS,Rain,0.28,6.27,7.4,22.1,67.2
2026-02-24 06:22:13,NDLS,Clear,0.11,10.18,1.3,34.6,58.5
2026-03-01 11:56:33,NDLS,Clear,0.36,6.68,1.3,21.1,42.4
2026-06-02 04:16:42,NDLS,Clear,0.33,5.77,0.8,20.4,96.3
2026-05-12 02:46:41,NDLS,Clear,0.11,9.1,1.2,25.8,35.5
2026-05-12 14:00:16,NDLS,Clear,0.46,6.55,0.8,26.1,82.8
2026-02-08 06:40:54,NDLS,Clear,0.4,6.71,0.1,28.0,98.2
2026-05-29 01:56:04,NDLS,Clear,0.23,7.75,0.8,28.0,35.2
2026-03-23 11:31:34,NDLS,Cloudy,0.33,7.88,0.1,14.0,75.7
2026-02-14 08:19:47,NDLS,Rain,0.05,8.71,5.9,35.8,53.8
2026-06-05 12:56:59,NDLS,Fog,0.79,3.91,1.0,15.2,94.8
2026-02-20 06:56:21,NDLS,Clear,0.23,8.21,0.3,16.7,57.7
2026-01-23 06:33:55,NDLS,Cloudy,0.21,8.5,1.2,24.7,55.3
2026-02-24 14:42:43,NDLS,Cloudy,0.15,8.04,1.2,25.1,45.7
2026-05-11 21:14:12,NDLS,Clear,0.25,7.91,0.1,21.5,58.9
2026-01-05 16:48:26,NDLS,Rain,0.13,7.77,9.6,14.7,75.6
2026-06-05 13:01:56,NDLS,Clear,0.05,9.8,1.4,8.9,44.3
2026-06-22 16:51:13,NDLS,Clear,0.17,8.38,1.2,25.4,85.5
2026-01-22 22:30:22,NDLS,Fog,0.53,5.91,1.2,25.5,35.1
2026-06-18 22:47:09,NDLS,Clear,0.08,8.72,0.1,33.0,69.1
2026-05-31 03:29:54,NDLS,Rain,0.48,4.12,16.4,24.8,94.4
2026-04-11 22:58:31,NDLS,Clear,0.26,7.61,1.5,17.4,75.3
2026-02-09 18:15:22,NDLS,Rain,0.26,5.97,11.1,38.0,81.3
2026-06-14 21:37:25,NDLS,Cloudy,0.39,5.96,0.0,28.0,94.5
2026-01-04 00:34:44,NDLS,Clear,0.26,7.64,0.7,25.6,49.6
2026-03-09 03:41:38,NDLS,Rain,0.31,6.42,5.3,15.8,68.9
2026-04-04 23:33:01,NDLS,Fog,0.97,1.22,0.9,25.9,82.0
2026-03-29 23:27:16,NDLS,Clear,0.29,7.0,0.9,27.2,55.8
2026-04-15 11:38:53,NDLS,Fog,0.5,4.91,1.2,17.8,80.9
2026-06-22 18:30:51,NDLS,Cloudy,0.31,6.94,0.8,22.2,81.2
2026-01-17 04:27:01,NDLS,Fog,0.64,5.02,0.4,25.3,81.4
2026-04-07 23:50:08,NDLS,Cloudy,0.14,8.86,0.0,25.8,73.7
2026-04-05 10:16:41,NDLS,Clear,0.29,7.33,1.3,30.2,91.7
2026-01-16 22:59:55,NDLS,Clear,0.06,9.98,1.0,10.3,68.5
2026-01-27 02:37:49,NDLS,Cloudy,0.16,7.78,1.1,26.5,85.4
2026-06-08 00:14:26,NDLS,Clear,0.09,8.78,0.4,33.8,74.2
2026-04-07 18:06:10,NDLS,Clear,0.43,6.48,1.4,18.0,57.4
2026-05-06 12:17:14,NDLS,Rain,0.45,5.03,16.6,10.5,59.2
2026-04-06 23:09:12,NDLS,Cloudy,0.3,7.55,0.5,41.1,54.9
2026-02-18 16:25:49,NDLS,Clear,0.07,9.07,0.8,24.7,51.2
2026-05-24 04:17:15,NDLS,Cloudy,0.16,9.14,0.9,23.2,60.0
2026-01-15 02:23:50,NDLS,Clear,0.57,4.56,0.8,15.0,80.1
2026-03-10 22:23:27,NDLS,Fog,0.84,2.71,0.1,11.9,73.0
2026-03-29 10:20:20,NDLS,Clear,0.57,5.55,1.3,36.8,78.4
2026-04-21 17:07:46,NDLS,Rain,0.53,4.75,5.0,25.1,63.6
2026-05-12 18:12:16,NDLS,Clear,0.5,5.71,1.1,24.6,78.3
2026-02-07 01:19:17,NDLS,Clear,0.21,8.23,1.0,32.7,73.6
2026-04-21 20:58:05,NDLS,Cloudy,0.17,8.48,0.8,15.8,61.8
2026-06-01 05:39:32,NDLS,Clear,0.2,8.25,1.2,26.7,63.4
2026-02-25 12:44:06,NDLS,Rain,0.22,6.44,11.8,10.4,80.6
2026-02-27 16:03:46,NDLS,Cloudy,0.67,5.1,0.6,21.1,80.5
2026-06-11 13:57:23,NDLS,Clear,0.39,6.37,0.7,16.9,58.7
2026-03-09 11:37:08,NDLS,Clear,0.51,5.4,0.9,22.3,70.5
2026-01-26 02:13:12,NDLS,Clear,0.3,7.72,1.3,32.7,78.9
2026-03-31 10:25:46,NDLS,Clear,0.4,6.69,0.2,8.0,78.7
2026-06-29 01:40:55,NDLS,Clear,0.67,4.42,1.0,15.5,76.6
2026-02-26 02:35:04,NDLS,Clear,0.5,5.15,0.7,35.5,74.2
2026-03-09 09:12:42,NDLS,Clear,0.14,8.5,0.9,17.4,59.9
2026-03-25 18:17:34,NDLS,Clear,0.15,8.08,0.8,12.1,48.8
2026-06-12 12:35:23,NDLS,Clear,0.13,8.9,1.1,31.2,58.8
2026-04-09 03:14:45,NDLS,Clear,0.32,7.6,0.7,31.0,46.1
2026-05-16 00:45:45,NDLS,Clear,0.14,8.02,1.4,28.3,44.5
2026-04-18 11:54:06,NDLS,Clear,0.34,6.76,0.8,32.7,48.1
2026-03-29 12:20:19,NDLS,Clear,0.04,8.8,0.4,25.1,50.1
2026-01-16 16:24:06,NDLS,Fog,0.38,7.15,1.3,25.7,93.8
2026-01-01 01:29:24,NDLS,Clear,0.36,6.79,0.9,23.9,52.9
2026-01-13 03:39:32,NDLS,Clear,0.23,8.38,0.1,32.5,47.8
2026-04-12 13:41:50,NDLS,Rain,0.45,4.76,2.6,23.5,52.7
2026-05-05 08:14:36,NDLS,Cloudy,0.19,9.12,0.4,20.3,91.2
2026-05-10 06:44:53,NDLS,Clear,0.19,8.61,0.7,21.6,87.2
2026-02-07 05:24:09,NDLS,Clear,0.12,9.49,0.6,27.7,34.1
2026-02-17 00:03:43,NDLS,Rain,0.37,4.95,11.2,18.4,80.6
2026-01-26 02:13:01,NDLS,Clear,0.44,6.62,1.0,22.5,57.4
2026-01-18 00:51:31,NDLS,Cloudy,0.24,7.88,1.4,25.9,43.3
2026-01-27 22:43:19,NDLS,Clear,0.16,7.62,0.3,14.5,87.6
2026-04-19 18:27:27,NDLS,Fog,0.59,5.97,0.8,41.5,53.2
2026-01-12 12:53:00,NDLS,Clear,0.19,8.08,0.6,12.7,23.8
2026-05-07 13:45:36,NDLS,Clear,0.63,4.49,0.8,7.4,49.3
2026-03-02 12:03:32,NDLS,Clear,0.33,7.17,0.8,22.1,87.7
2026-01-27 13:53:35,NDLS,Clear,0.26,8.16,0.0,29.2,78.1
2026-06-04 04:50:23,NDLS,Fog,0.54,6.34,1.1,14.8,55.9
2026-04-09 17:32:35,NDLS,Clear,0.38,6.62,1.4,22.3,77.1
2026-05-25 20:47:19,NDLS,Fog,0.6,4.95,1.0,23.4,76.5
2026-06-27 00:15:14,NDLS,Clear,0.18,8.2,1.4,23.1,83.3
2026-03-02 21:13:09,NDLS,Clear,0.03,9.76,0.7,29.8,47.2
2026-03-03 22:51:10,NDLS,Cloudy,0.44,5.85,1.3,17.2,46.2
2026-04-27 07:56:14,NDLS,Clear,0.54,4.57,1.5,20.6,100.0
2026-03-28 04:30:22,NDLS,Clear,0.09,8.98,0.3,30.5,65.3
2026-01-08 21:34:41,NDLS,Rain,0.53,4.79,3.5,32.1,33.6
2026-04-03 11:43:37,NDLS,Clear,0.64,4.75,0.8,21.6,69.9
2026-05-21 12:57:44,NDLS,Clear,0.47,6.24,1.5,25.8,91.7
2026-02-07 03:33:23,NDLS,Cloudy,0.21,8.08,1.0,18.7,55.1
2026-03-03 06:37:53,NDLS,Clear,0.45,5.98,0.4,26.0,63.7
2026-03-09 15:11:04,NDLS,Clear,0.34,7.19,0.7,20.1,64.4
2026-06-07 21:56:40,NDLS,Cloudy,0.12,9.43,0.3,20.6,56.0
2026-04-17 08:00:31,NDLS,Fog,0.79,2.63,0.9,12.0,53.3
2026-04-29 05:07:27,NDLS,Clear,0.33,7.41,0.9,15.9,89.6
2026-02-05 09:30:21,NDLS,Clear,0.32,7.43,1.2,29.2,79.3
2026-05-31 16:42:14,NDLS,Clear,0.4,6.87,0.9,11.4,65.0
2026-05-26 18:21:28,NDLS,Cloudy,0.41,6.66,0.6,39.1,51.8
2026-05-08 16:28:05,NDLS,Cloudy,0.48,5.64,1.2,32.6,78.1
2026-06-29 19:00:40,NDLS,Clear,0.19,7.63,1.4,33.5,88.0
2026-01-20 04:54:49,NDLS,Clear,0.6,4.66,0.9,15.4,52.4
2026-03-12 19:29:07,NDLS,Clear,0.35,6.63,0.5,26.0,67.6
2026-01-04 23:30:35,NDLS,Fog,0.6,5.06,0.1,9.5,67.6
2026-01-16 11:37:34,NDLS,Clear,0.26,7.24,1.1,8.9,73.7
2026-02-18 08:37:30,NDLS,Clear,0.5,6.06,1.2,30.9,79.7
2026-04-15 15:15:15,NDLS,Clear,0.54,5.27,1.1,21.6,88.7
2026-01-11 09:12:37,NDLS,Cloudy,0.28,7.58,0.2,34.9,30.7
2026-02-10 00:55:31,NDLS,Cloudy,0.14,9.63,0.8,18.3,50.9
2026-06-21 20:43:28,NDLS,Clear,0.43,6.45,0.4,28.4,95.4
2026-05-17 15:41:32,NDLS,Clear,0.49,5.93,0.0,16.5,47.9
2026-05-21 04:24:33,NDLS,Clear,0.28,7.63,0.1,24.7,51.1
2026-06-24 03:44:13,NDLS,Cloudy,0.24,7.76,0.0,21.8,53.2
2026-03-03 03:41:51,NDLS,Cloudy,0.2,8.78,1.1,32.8,49.4
2026-06-17 21:13:58,NDLS,Rain,0.3,5.93,10.9,19.0,77.4
2026-05-12 10:52:39,NDLS,Rain,0.12,7.29,2.3,15.3,89.4
2026-04-13 01:40:24,NDLS,Clear,0.03,9.94,0.1,29.3,57.8
2026-05-17 00:01:54,NDLS,Clear,0.49,5.41,0.6,29.8,97.7
2026-01-24 22:06:30,NDLS,Clear,0.58,4.4,0.8,25.8,49.5
2026-01-31 16:23:30,NDLS,Clear,0.18,8.77,0.4,21.3,73.9
2026-03-14 02:28:49,NDLS,Clear,0.39,6.64,1.0,21.6,43.1
2026-05-21 10:51:16,NDLS,Clear,0.19,8.15,1.2,19.5,53.2
2026-06-24 19:23:15,NDLS,Cloudy,0.24,7.9,0.9,15.9,50.9
2026-05-05 04:50:52,NDLS,Clear,0.19,8.57,1.4,32.9,45.7
2026-04-26 03:29:30,NDLS,Clear,0.3,6.76,0.5,31.3,56.1
2026-03-25 03:28:37,NDLS,Clear,0.14,8.38,1.2,13.8,39.9
2026-01-24 09:15:56,NDLS,Clear,0.53,5.08,0.7,32.0,75.3
2026-01-22 06:02:11,NDLS,Clear,0.25,8.02,0.5,21.5,60.8
2026-02-17 21:51:01,NDLS,Clear,0.18,8.38,0.0,24.8,94.8
2026-05-17 23:44:24,NDLS,Clear,0.37,6.91,0.3,40.6,58.1
2026-02-16 10:33:03,NDLS,Rain,0.29,6.19,19.5,12.9,64.4
2026-04-17 03:40:52,NDLS,Clear,0.14,8.94,0.2,24.9,67.8
2026-02-22 14:54:26,NDLS,Clear,0.34,7.14,0.2,31.2,33.4
2026-05-12 07:29:45,NDLS,Rain,0.29,5.44,7.9,20.6,77.3
2026-04-19 20:57:56,NDLS,Clear,0.61,4.64,1.2,22.8,71.9
2026-04-14 09:05:37,NDLS,Cloudy,0.28,7.45,1.2,25.4,65.4
2026-03-14 22:09:39,NDLS,Cloudy,0.59,4.55,1.2,17.7,41.5
2026-02-20 07:10:06,NDLS,Clear,0.19,8.43,0.2,19.0,57.8
2026-06-14 08:49:52,NDLS,Cloudy,0.54,6.2,0.1,30.3,63.9
2026-01-24 08:45:44,NDLS,Cloudy,0.1,9.44,1.5,15.8,20.0
2026-06-03 17:43:18,NDLS,Fog,0.46,5.34,0.1,27.2,46.7
2026-06-16 20:28:43,NDLS,Fog,0.97,1.07,0.8,22.4,89.6
2026-01-12 22:32:56,NDLS,Clear,0.1,8.72,0.5,10.1,69.2
2026-05-22 18:16:53,NDLS,Cloudy,0.42,6.86,0.6,13.8,54.1
2026-05-09 00:09:04,NDLS,Clear,0.1,9.47,0.5,31.9,59.0
2026-03-31 03:28:17,NDLS,Clear,0.4,6.8,0.8,19.5,30.0
2026-06-02 11:27:23,NDLS,Rain,0.3,5.94,8.5,34.3,56.1
2026-02-21 18:42:13,NDLS,Clear,0.13,9.37,1.5,20.0,83.1
2026-03-19 23:18:25,NDLS,Clear,0.07,9.07,1.1,30.4,69.7
2026-01-15 16:51:32,NDLS,Clear,0.14,8.53,1.1,15.4,66.9
2026-03-13 00:06:59,NDLS,Rain,0.37,5.69,5.7,26.9,89.1
2026-03-20 22:26:14,NDLS,Rain,0.16,7.3,4.2,22.6,37.7
2026-01-07 06:15:10,NDLS,Clear,0.23,7.89,1.2,15.4,100.0
2026-05-24 04:53:59,NDLS,Cloudy,0.07,8.84,1.2,23.7,46.6
2026-04-26 17:01:14,NDLS,Clear,0.32,6.8,0.1,29.0,48.1
2026-05-13 23:43:50,NDLS,Rain,0.32,6.07,2.3,10.8,83.1
2026-02-04 01:58:14,NDLS,Rain,0.41,4.97,11.7,38.9,75.1
2026-02-21 07:40:07,NDLS,Rain,0.69,3.15,12.5,20.2,49.2
2026-01-18 11:32:52,NDLS,Clear,0.39,7.38,1.2,15.8,89.7
2026-01-18 11:34:13,NDLS,Cloudy,0.22,7.75,0.5,6.1,97.1
2026-01-10 16:30:44,NDLS,Clear,0.28,7.18,0.3,24.5,41.9
2026-02-13 22:47:10,NDLS,Cloudy,0.21,8.61,0.7,21.8,73.9
2026-02-21 22:46:30,NDLS,Cloudy,0.27,7.6,1.0,31.5,64.6
2026-03-28 04:40:45,NDLS,Rain,0.52,4.23,2.4,15.3,88.4
2026-02-15 03:15:03,NDLS,Rain,0.22,7.14,23.2,24.1,47.6
2026-03-09 13:03:01,NDLS,Cloudy,0.32,7.01,0.6,19.9,53.7
2026-03-01 15:49:01,NDLS,Clear,0.39,6.81,1.2,20.1,81.8
2026-01-02 04:11:49,NDLS,Clear,0.28,7.87,0.8,32.3,54.5
2026-01-13 12:55:48,NDLS,Cloudy,0.33,6.85,0.6,26.5,55.8
2026-03-10 04:56:52,NDLS,Clear,0.71,4.05,0.7,33.1,79.0
2026-02-21 07:53:43,NDLS,Fog,0.46,5.85,1.3,17.3,78.0
2026-02-10 17:02:49,NDLS,Rain,0.23,6.92,1.9,27.3,49.6
2026-04-21 23:13:40,NDLS,Clear,0.18,8.65,0.1,13.5,43.2
2026-06-07 15:59:33,NDLS,Rain,0.19,6.62,8.1,6.8,60.2
2026-05-04 07:13:45,NDLS,Fog,0.41,6.57,1.0,22.6,61.8
2026-03-01 00:04:20,NDLS,Clear,0.12,9.62,1.4,20.9,71.4
2026-04-18 20:09:17,NDLS,Clear,0.13,8.87,0.2,38.5,100.0
2026-04-09 08:59:51,NDLS,Clear,0.33,7.59,1.4,29.6,89.8
2026-06-17 02:21:28,NDLS,Clear,0.27,7.65,1.1,22.5,100.0
2026-03-24 16:47:45,NDLS,Rain,0.48,3.95,3.9,32.2,65.8
2026-01-20 12:59:25,NDLS,Clear,0.34,6.98,0.5,39.9,53.5
2026-01-05 19:02:23,NDLS,Clear,0.29,7.22,0.4,22.4,80.0
2026-02-22 17:01:08,NDLS,Clear,0.09,9.41,0.0,8.3,82.7
2026-06-23 14:27:07,NDLS,Clear,0.58,5.14,0.8,19.5,62.6
2026-05-14 20:33:47,NDLS,Clear,0.02,9.24,1.2,30.0,63.9
2026-02-26 16:22:18,NDLS,Fog,0.64,5.48,0.8,19.2,76.6
2026-05-14 15:38:39,NDLS,Cloudy,0.13,9.56,0.1,19.2,35.5
2026-01-29 02:15:46,NDLS,Cloudy,0.1,8.82,1.0,24.5,42.8
2026-01-13 14:43:21,NDLS,Cloudy,0.74,3.18,1.3,32.2,46.3
2026-06-25 17:14:00,NDLS,Clear,0.41,6.02,0.7,24.6,96.2
2026-01-19 02:04:57,NDLS,Clear,0.15,8.21,0.3,18.0,71.5
2026-01-05 01:57:58,NDLS,Clear,0.13,9.04,1.0,21.1,54.6
2026-03-11 20:34:51,NDLS,Fog,0.56,5.22,0.9,32.9,71.6
2026-01-26 09:02:08,NDLS,Cloudy,0.43,6.62,0.2,20.6,35.5
2026-02-04 12:11:38,NDLS,Rain,0.31,6.8,4.0,18.0,71.0
2026-02-23 07:40:21,NDLS,Rain,0.35,5.67,3.8,32.3,62.0
2026-02-15 22:42:30,NDLS,Rain,0.32,6.41,17.8,27.9,46.7
2026-05-18 17:08:36,NDLS,Cloudy,0.43,6.47,0.9,17.0,58.4
2026-04-21 09:24:53,NDLS,Rain,0.17,7.81,5.4,20.9,85.3
2026-03-14 08:11:46,NDLS,Clear,0.34,6.5,0.9,24.0,78.8
2026-03-13 12:51:15,NDLS,Clear,0.34,7.71,0.4,23.8,64.1
2026-05-06 10:47:16,NDLS,Cloudy,0.39,6.24,0.9,12.9,87.0
2026-01-28 05:08:54,NDLS,Clear,0.2,8.35,1.1,24.3,100.0
2026-01-22 04:25:47,NDLS,Fog,0.64,4.42,0.0,24.8,31.6
2026-06-15 04:35:11,NDLS,Fog,0.67,4.92,1.4,11.2,76.4
2026-05-22 04:41:45,NDLS,Clear,0.64,4.38,1.2,19.3,69.0
2026-01-24 22:11:35,NDLS,Clear,0.4,6.87,1.1,37.3,97.2
2026-01-22 19:43:59,NDLS,Clear,0.06,9.12,0.6,20.0,61.4
2026-05-25 13:56:54,NDLS,Clear,0.4,7.12,1.2,0.5,82.1
2026-04-05 14:49:08,NDLS,Rain,0.48,4.51,3.2,27.9,82.4
2026-04-05 12:47:47,NDLS,Clear,0.28,7.83,0.7,9.9,24.0
2026-05-15 10:37:09,NDLS,Cloudy,0.29,7.49,0.0,13.4,59.1
2026-02-02 11:22:16,NDLS,Clear,0.59,5.36,0.9,22.8,55.1
2026-01-18 17:18:30,NDLS,Clear,0.39,6.27,1.0,12.0,61.6
2026-02-14 19:41:33,NDLS,Fog,0.52,5.3,1.4,32.9,52.5
2026-03-12 05:40:41,NDLS,Clear,0.55,6.07,1.1,21.8,52.4
2026-02-19 18:58:57,NDLS,Clear,0.16,7.81,0.7,27.7,78.9
2026-06-28 15:43:14,NDLS,Clear,0.76,3.66,1.0,28.5,100.0
2026-06-11 08:44:00,NDLS,Clear,0.12,8.71,0.1,37.9,50.1
2026-02-19 10:19:08,NDLS,Clear,0.27,7.85,0.9,23.8,65.8
2026-04-19 16:49:27,NDLS,Cloudy,0.42,7.16,0.4,17.7,89.0
2026-01-23 22:06:16,NDLS,Clear,0.3,7.16,0.7,22.8,100.0
2026-02-01 17:31:37,NDLS,Clear,0.24,7.25,0.5,33.4,93.6
2026-03-14 09:52:02,NDLS,Clear,0.18,8.82,0.3,28.9,69.6
2026-05-04 11:51:51,NDLS,Clear,0.53,6.25,0.9,16.6,43.5
2026-04-05 02:39:31,NDLS,Rain,0.09,8.22,12.6,15.0,37.3
2026-01-10 23:50:23,NDLS,Clear,0.16,8.4,1.3,19.2,85.4
2026-02-13 00:35:14,NDLS,Fog,0.67,3.9,0.6,25.2,47.2
2026-03-26 18:17:59,NDLS,Fog,0.67,3.2,0.4,26.7,76.2
2026-04-30 12:14:35,NDLS,Clear,0.27,8.35,1.4,18.0,25.2
2026-03-25 11:55:03,NDLS,Clear,0.17,8.54,0.5,36.2,34.4
2026-01-16 12:04:20,NDLS,Clear,0.08,8.63,0.2,10.4,32.1
2026-02-22 05:58:34,NDLS,Fog,0.61,4.0,1.3,18.8,50.9
2026-06-10 06:14:21,NDLS,Clear,0.5,5.6,0.6,30.6,86.5
2026-05-11 22:30:53,NDLS,Fog,0.94,2.26,0.7,38.2,68.1
2026-05-13 07:18:20,NDLS,Cloudy,0.11,8.97,0.9,16.3,100.0
2026-02-23 19:40:50,NDLS,Cloudy,0.41,6.84,0.5,30.0,26.4
2026-02-18 08:37:50,NDLS,Rain,0.1,7.39,6.5,19.7,70.7
2026-01-27 01:09:13,NDLS,Rain,0.36,5.83,11.1,26.3,52.3
2026-06-16 08:42:36,NDLS,Clear,0.52,5.74,1.1,15.1,81.1
2026-02-19 21:13:50,NDLS,Cloudy,0.29,7.44,0.5,19.1,75.9
2026-01-23 18:40:42,NDLS,Rain,0.06,7.97,3.1,6.2,46.8
2026-04-30 14:49:40,NDLS,Clear,0.27,8.46,0.6,24.3,65.6
2026-01-01 02:01:23,NDLS,Clear,0.44,6.74,0.6,23.3,75.0
2026-03-13 04:11:31,NDLS,Clear,0.05,9.45,1.4,32.0,75.8
2026-01-01 06:07:58,NDLS,Clear,0.28,8.39,0.3,27.9,64.7
2026-04-13 01:20:57,NDLS,Clear,0.15,7.91,0.1,31.7,80.8
2026-02-21 07:20:45,NDLS,Clear,0.24,7.45,0.5,31.2,61.6
2026-06-14 09:50:11,NDLS,Clear,0.44,6.1,1.5,23.1,75.3
2026-01-26 12:20:25,NDLS,Clear,0.82,2.16,0.4,31.3,74.2
2026-05-01 19:36:52,NDLS,Clear,0.08,9.32,1.4,27.0,42.1
2026-06-05 18:04:54,NDLS,Rain,0.21,7.59,9.0,33.5,76.3
2026-03-06 20:25:42,NDLS,Clear,0.39,6.91,0.4,22.6,76.5
2026-05-31 07:30:55,NDLS,Rain,0.26,6.59,7.5,13.2,76.1
2026-03-12 13:04:19,NDLS,Fog,0.82,2.84,1.4,14.6,100.0
2026-03-04 20:17:23,NDLS,Cloudy,0.35,7.42,0.9,28.7,89.7
2026-06-22 19:54:05,NDLS,Clear,0.26,7.69,1.4,34.6,67.7
2026-05-18 23:47:47,NDLS,Clear,0.2,7.94,0.9,21.9,45.2
2026-06-26 00:14:01,NDLS,Clear,0.61,5.32,0.2,15.4,60.1
2026-04-23 09:03:10,NDLS,Clear,0.23,7.83,0.4,17.9,81.4
2026-02-18 20:56:12,NDLS,Cloudy,0.13,8.88,0.3,38.2,54.0
2026-05-23 09:14:33,NDLS,Fog,0.79,4.05,0.4,16.9,68.6
2026-01-01 21:04:32,NDLS,Fog,0.58,5.61,0.7,8.2,64.7
2026-03-19 12:38:10,NDLS,Fog,0.68,4.11,0.9,23.6,72.0
2026-02-12 21:44:51,NDLS,Cloudy,0.19,8.38,0.3,23.8,56.1
2026-05-29 14:44:29,NDLS,Clear,0.23,7.59,1.3,33.1,54.2
2026-06-01 12:55:24,NDLS,Fog,0.71,3.78,0.2,19.5,45.4
2026-02-16 08:47:25,NDLS,Clear,0.42,6.64,0.4,31.8,44.0
2026-01-25 05:10:47,NDLS,Clear,0.03,9.56,0.7,20.6,91.5
2026-02-24 22:50:13,NDLS,Cloudy,0.26,7.57,0.2,13.4,65.0
2026-01-07 20:03:10,NDLS,Cloudy,0.05,9.62,0.7,39.2,40.9
2026-01-09 07:27:22,NDLS,Clear,0.35,7.16,0.1,23.9,62.2
2026-01-31 01:24:37,NDLS,Clear,0.56,5.62,0.3,20.9,100.0
2026-04-24 07:52:31,NDLS,Clear,0.06,9.34,0.4,13.1,58.0
2026-05-20 23:23:46,NDLS,Cloudy,0.41,6.93,0.8,22.6,53.7
2026-03-21 00:51:03,NDLS,Fog,0.77,3.52,1.5,29.1,78.2
2026-04-28 07:14:08,NDLS,Cloudy,0.19,8.34,1.3,34.3,72.9
2026-05-02 22:31:26,NDLS,Clear,0.45,6.44,1.4,24.4,68.3
2026-05-17 08:54:18,NDLS,Clear,0.2,7.39,1.5,23.2,100.0
2026-01-18 16:36:58,NDLS,Rain,0.02,7.91,1.1,17.9,55.2
2026-03-14 20:51:45,NDLS,Clear,0.39,6.86,1.5,22.8,81.7
2026-06-13 21:50:53,NDLS,Clear,0.16,8.03,0.9,26.0,94.3
2026-03-03 07:30:36,NDLS,Fog,0.64,4.8,0.2,46.9,63.7
2026-02-19 06:52:08,NDLS,Clear,0.47,6.1,1.4,22.9,59.8
2026-03-17 15:25:52,NDLS,Fog,0.39,6.5,0.7,29.0,45.0
2026-06-18 08:12:21,NDLS,Clear,0.4,6.69,0.6,26.6,68.6
2026-02-23 16:29:23,NDLS,Clear,0.32,7.94,1.1,25.5,67.6
2026-05-03 06:45:32,NDLS,Cloudy,0.28,7.9,1.0,28.5,81.3
2026-05-03 02:50:12,NDLS,Rain,0.25,6.95,12.9,31.5,50.2
2026-04-12 13:06:14,NDLS,Cloudy,0.2,8.71,1.3,17.4,51.5
2026-05-31 05:53:52,NDLS,Clear,0.51,5.85,0.7,34.8,91.8
2026-03-26 04:11:40,NDLS,Rain,0.12,8.27,10.9,26.8,79.5
2026-02-01 23:58:39,NDLS,Clear,0.15,8.97,1.4,18.3,48.1
2026-03-24 13:42:14,NDLS,Clear,0.44,6.77,0.1,22.5,37.5
2026-06-25 12:18:06,NDLS,Cloudy,0.15,8.83,1.0,18.6,60.2
2026-06-05 03:01:46,NDLS,Clear,0.2,8.36,0.9,27.9,58.0
2026-02-28 08:17:47,NDLS,Rain,0.29,6.05,3.2,13.2,52.0
2026-03-13 22:33:37,NDLS,Cloudy,0.06,9.32,0.9,40.7,79.4
2026-03-20 05:27:49,NDLS,Clear,0.05,9.55,1.4,0.9,69.3
2026-02-17 03:22:23,NDLS,Clear,0.12,9.74,0.7,20.2,27.7
2026-04-12 10:13:30,NDLS,Clear,0.32,7.43,0.9,31.8,59.5
2026-06-29 12:52:21,NDLS,Clear,0.21,8.05,0.5,30.6,70.5
2026-06-21 10:32:50,NDLS,Rain,0.18,7.06,27.6,26.2,71.2
2026-03-14 23:41:06,NDLS,Clear,0.31,7.35,0.3,15.8,63.3
2026-01-13 11:07:41,NDLS,Rain,0.09,8.24,5.4,26.9,61.8
2026-01-01 23:31:45,NDLS,Clear,0.59,4.99,1.0,23.1,60.2
2026-01-01 23:21:52,NDLS,Cloudy,0.23,8.37,0.2,25.1,100.0
2026-05-11 01:08:50,NDLS,Cloudy,0.15,9.65,0.7,26.2,41.4
2026-02-20 03:39:15,NDLS,Cloudy,0.08,8.8,0.9,46.7,68.7
2026-03-11 14:41:18,NDLS,Cloudy,0.18,8.0,1.4,35.0,64.2
2026-04-12 21:27:17,NDLS,Cloudy,0.49,4.94,1.2,16.9,63.5
2026-06-15 23:30:31,NDLS,Cloudy,0.15,8.6,1.3,36.0,40.8
2026-01-20 09:19:28,NDLS,Clear,0.16,8.43,0.2,16.4,39.2
2026-05-10 19:59:38,NDLS,Fog,0.47,6.28,0.8,21.4,82.5
2026-01-07 10:54:08,NDLS,Cloudy,0.07,9.72,1.0,25.6,27.2
2026-03-03 00:39:50,NDLS,Clear,0.44,6.47,0.1,12.3,48.2
2026-01-03 05:52:12,NDLS,Clear,0.43,6.42,0.1,23.7,95.8
2026-06-09 10:56:34,NDLS,Clear,0.41,6.32,1.1,29.0,63.2
2026-01-23 13:10:25,NDLS,Fog,0.5,5.89,0.2,19.5,74.1
2026-06-19 00:50:28,NDLS,Cloudy,0.09,9.28,1.4,31.1,93.6
2026-05-02 15:18:42,NDLS,Clear,0.66,4.01,1.4,19.6,93.1
2026-03-26 01:15:50,NDLS,Clear,0.41,6.46,0.9,24.0,96.7
2026-05-03 00:48:38,NDLS,Clear,0.21,8.89,0.7,39.2,63.4
2026-03-11 09:19:48,NDLS,Clear,0.12,8.89,0.6,20.1,91.1
2026-03-18 22:36:24,NDLS,Rain,0.15,8.63,22.0,24.0,84.0
2026-02-23 21:46:36,NDLS,Rain,0.63,2.97,18.6,19.1,73.8
2026-04-05 00:48:34,NDLS,Cloudy,0.24,7.47,0.4,36.7,53.2
2026-04-07 13:37:09,NDLS,Cloudy,0.19,8.37,0.7,6.2,77.2
2026-03-06 18:43:52,NDLS,Clear,0.46,6.21,1.0,16.9,68.5
2026-05-28 05:29:30,NDLS,Rain,0.58,4.64,6.5,24.9,47.6
2026-04-10 07:15:58,NDLS,Clear,0.01,9.13,0.1,25.6,78.6
2026-03-08 14:49:11,NDLS,Clear,0.43,5.85,0.2,45.5,63.8
2026-06-20 06:59:01,NDLS,Clear,0.32,6.41,1.1,30.4,92.1
2026-04-17 08:58:04,NDLS,Cloudy,0.06,9.77,0.0,26.7,66.0
2026-06-09 05:38:04,NDLS,Fog,0.58,5.07,1.5,31.6,84.9
2026-01-25 03:07:24,NDLS,Cloudy,0.38,7.38,0.8,22.6,44.1
2026-04-18 19:53:18,NDLS,Clear,0.1,9.51,1.1,24.3,86.5
2026-04-15 21:39:47,NDLS,Cloudy,0.08,8.88,0.1,11.4,74.5
2026-03-26 03:47:10,NDLS,Cloudy,0.06,9.17,0.8,9.4,62.6
2026-04-26 05:31:53,NDLS,Rain,0.16,7.45,11.3,25.2,57.9
2026-03-12 05:43:31,NDLS,Clear,0.42,6.73,0.8,20.0,95.4
2026-01-22 16:15:02,NDLS,Clear,0.23,8.51,0.6,13.2,91.7
2026-04-18 22:27:05,NDLS,Clear,0.03,10.17,1.5,18.6,78.4
2026-01-26 14:44:50,NDLS,Cloudy,0.11,9.58,0.8,21.4,94.5
2026-06-05 20:23:08,NDLS,Cloudy,0.46,6.17,0.4,23.6,79.1
2026-05-12 17:55:36,NDLS,Clear,0.12,9.59,0.2,16.6,84.2
2026-03-31 00:15:03,NDLS,Cloudy,0.33,6.68,0.3,19.5,68.3
2026-01-21 19:09:01,NDLS,Cloudy,0.14,9.08,0.1,32.6,82.0
2026-04-12 15:23:27,NDLS,Clear,0.36,7.52,0.1,11.9,60.1
2026-04-09 10:50:40,NDLS,Clear,0.24,8.24,0.1,13.7,65.0
2026-01-18 17:57:49,NDLS,Rain,0.13,7.19,7.9,32.6,100.0
2026-02-20 04:38:55,NDLS,Fog,0.5,5.54,0.4,31.5,46.6
2026-04-28 00:05:54,NDLS,Fog,0.59,4.4,1.0,6.3,73.9
2026-05-13 12:07:16,NDLS,Cloudy,0.11,8.73,0.6,31.6,65.2
2026-06-27 04:21:40,NDLS,Clear,0.16,9.04,1.0,17.3,50.6
2026-03-09 22:03:41,NDLS,Clear,0.38,6.71,0.6,31.9,68.8
2026-02-21 10:19:58,NDLS,Clear,0.49,5.92,1.4,19.7,75.3
2026-04-05 10:23:19,NDLS,Clear,0.33,7.99,1.2,19.0,81.2
2026-03-13 03:22:00,NDLS,Rain,0.18,7.02,5.3,39.6,75.5
2026-03-30 20:37:47,NDLS,Cloudy,0.52,6.03,1.2,19.9,61.9
2026-02-11 02:53:00,NDLS,Rain,0.52,4.22,3.8,25.5,64.4
2026-03-29 14:59:01,NDLS,Fog,0.55,5.4,0.6,20.5,98.6
2026-06-20 10:44:33,NDLS,Rain,0.38,5.38,7.3,12.8,64.1
2026-06-03 23:18:00,NDLS,Clear,0.07,10.47,1.1,30.5,72.8
2026-02-24 12:47:10,NDLS,Clear,0.32,7.69,0.9,25.2,41.4
2026-06-23 04:29:53,NDLS,Clear,0.47,6.39,0.3,38.0,97.8
2026-05-14 04:38:18,NDLS,Clear,0.18,8.96,1.2,18.0,51.7
2026-04-26 22:15:59,NDLS,Clear,0.2,8.38,0.2,15.4,70.6
2026-03-20 10:15:06,NDLS,Rain,0.36,5.49,7.7,30.4,58.5
2026-05-11 21:45:18,NDLS,Clear,0.33,6.93,1.1,17.2,70.7
2026-05-16 22:09:48,NDLS,Cloudy,0.03,10.23,0.7,30.0,40.7
2026-06-14 11:22:36,NDLS,Clear,0.49,6.26,0.8,22.7,68.8
2026-03-29 21:10:55,NDLS,Clear,0.29,7.12,0.5,13.2,53.4
2026-04-02 19:25:41,NDLS,Rain,0.46,4.91,2.5,14.9,79.5
2026-05-28 09:22:43,NDLS,Clear,0.49,5.54,1.0,31.8,88.9
2026-03-14 02:54:52,NDLS,Fog,0.95,2.97,1.2,41.4,70.7
2026-06-05 11:43:34,NDLS,Cloudy,0.22,8.08,0.9,23.4,91.3
2026-06-26 20:14:23,NDLS,Cloudy,0.18,8.64,0.6,35.8,35.7
2026-04-10 10:36:16,NDLS,Clear,0.24,8.35,1.1,23.6,80.2
2026-05-03 11:46:09,NDLS,Clear,0.16,7.86,0.1,25.1,41.8
2026-03-31 12:59:02,NDLS,Clear,0.55,5.57,0.4,18.2,92.0
2026-05-28 23:19:21,NDLS,Cloudy,0.58,4.53,1.3,14.2,86.5
2026-04-07 23:47:17,NDLS,Rain,0.5,3.96,9.8,22.3,83.2
2026-06-29 12:15:43,NDLS,Cloudy,0.23,7.76,0.6,23.8,48.8
2026-04-23 15:28:19,NDLS,Clear,0.19,9.01,1.1,22.1,57.2
2026-06-21 13:48:05,NDLS,Fog,0.47,6.2,0.9,17.4,81.6
2026-05-31 09:41:19,NDLS,Clear,0.2,8.01,0.6,30.5,80.4
2026-01-15 05:28:30,NDLS,Fog,0.6,4.05,0.4,23.4,79.4
2026-01-21 15:38:32,NDLS,Clear,0.2,7.7,0.4,13.8,82.3
2026-05-20 09:43:38,NDLS,Rain,0.1,7.14,12.8,20.8,76.5
2026-01-02 04:26:46,NDLS,Clear,0.09,8.88,1.3,36.7,67.3
2026-02-11 03:53:00,NDLS,Clear,0.24,8.44,0.6,12.6,58.6
2026-01-22 13:24:50,NDLS,Fog,0.98,1.01,1.0,33.6,89.8
2026-05-11 19:27:31,NDLS,Clear,0.18,8.34,0.8,29.1,51.8
2026-02-06 13:36:08,NDLS,Clear,0.16,8.81,0.8,37.4,57.6
2026-06-16 12:20:38,NDLS,Clear,0.18,9.04,0.8,38.1,62.6
2026-03-18 01:47:08,NDLS,Clear,0.42,6.42,0.5,28.9,35.8
2026-02-26 17:12:27,NDLS,Fog,0.67,4.66,1.1,26.5,83.5
2026-03-18 00:07:19,NDLS,Clear,0.62,4.35,0.6,25.6,71.8
2026-06-11 05:17:45,NDLS,Cloudy,0.4,6.75,0.7,16.7,55.4
2026-01-28 15:39:08,NDLS,Clear,0.03,10.22,0.9,30.9,56.3
2026-03-06 12:07:32,NDLS,Clear,0.31,7.44,0.2,25.2,46.3
2026-04-07 15:50:48,NDLS,Fog,0.46,6.72,1.5,27.3,56.3
2026-04-10 02:45:27,NDLS,Cloudy,0.23,7.55,1.1,24.5,65.9
2026-04-15 19:40:16,NDLS,Clear,0.28,7.2,1.5,30.1,79.2
2026-01-26 13:13:28,NDLS,Cloudy,0.34,7.24,1.4,17.2,64.6
2026-02-25 12:34:00,NDLS,Cloudy,0.37,6.67,1.4,18.8,38.9
2026-02-19 16:32:06,NDLS,Cloudy,0.26,8.48,1.1,17.7,32.0
2026-05-19 13:53:08,NDLS,Clear,0.41,6.61,0.2,22.0,52.4
2026-05-11 16:17:05,NDLS,Clear,0.65,4.33,0.0,19.5,56.0
2026-05-23 00:50:03,NDLS,Clear,0.2,8.99,0.5,47.8,83.1
2026-01-21 14:49:47,NDLS,Cloudy,0.37,6.6,1.2,18.1,85.3
2026-03-25 09:47:00,NDLS,Clear,0.36,6.73,0.7,41.7,57.7
2026-01-08 16:55:39,NDLS,Fog,0.68,3.84,1.1,23.8,100.0
2026-04-24 00:53:39,NDLS,Cloudy,0.1,9.06,0.8,20.1,33.6
2026-06-17 00:47:17,NDLS,Clear,0.38,7.27,1.4,31.7,67.9
2026-04-28 06:14:45,NDLS,Clear,0.55,5.84,0.1,29.3,62.4
2026-02-25 14:59:37,NDLS,Cloudy,0.12,8.81,0.3,35.6,68.9
2026-02-21 05:06:39,NDLS,Clear,0.18,8.26,0.4,14.1,62.4
2026-01-08 10:07:25,NDLS,Rain,0.17,7.32,8.0,11.7,42.9
2026-06-03 16:53:18,NDLS,Clear,0.22,7.85,0.8,20.3,75.0
2026-01-04 14:46:58,NDLS,Clear,0.15,9.33,1.1,4.7,81.4
2026-04-30 21:36:15,NDLS,Clear,0.1,9.39,0.9,23.7,100.0
2026-01-31 21:49:41,NDLS,Fog,0.67,4.01,0.6,19.9,60.8
2026-06-21 09:06:47,NDLS,Clear,0.54,5.29,1.4,47.5,85.4
2026-03-24 17:14:46,NDLS,Rain,0.39,5.6,2.5,34.3,67.1
2026-03-01 01:05:59,NDLS,Clear,0.17,8.93,0.9,19.5,56.7
2026-06-06 17:02:43,NDLS,Fog,0.57,4.76,0.2,37.0,69.8
2026-06-26 23:21:28,NDLS,Rain,0.44,5.23,19.0,13.8,82.0
2026-02-07 21:30:28,NDLS,Clear,0.29,7.76,0.2,20.8,49.2
2026-01-26 08:54:32,NDLS,Rain,0.18,8.14,4.5,28.1,47.1
2026-02-11 05:34:37,NDLS,Cloudy,0.16,8.13,0.4,24.3,56.4
2026-06-11 17:08:45,NDLS,Fog,0.54,5.61,1.5,12.9,81.0
2026-04-29 03:03:12,NDLS,Clear,0.11,9.26,1.4,30.2,62.2
2026-01-08 20:55:08,NDLS,Clear,0.61,5.15,0.5,21.0,86.6
2026-01-15 06:44:38,NDLS,Clear,0.27,7.52,0.8,16.4,49.2
2026-05-20 04:37:02,NDLS,Clear,0.13,8.36,0.5,10.8,61.6
2026-05-06 07:49:03,NDLS,Cloudy,0.19,8.59,0.9,33.3,42.9
2026-02-05 01:28:39,NDLS,Rain,0.33,6.2,7.3,31.8,68.2
2026-06-21 06:35:37,NDLS,Clear,0.39,6.15,0.9,20.6,78.6
2026-05-18 14:42:12,NDLS,Clear,0.08,10.1,1.3,23.9,51.3
2026-01-05 22:09:51,NDLS,Cloudy,0.03,10.23,1.1,26.3,91.0
2026-05-28 00:50:03,NDLS,Clear,0.15,9.11,0.8,27.6,61.3
2026-01-12 13:24:35,NDLS,Cloudy,0.2,8.2,0.2,37.4,80.4
2026-02-15 16:36:55,NDLS,Clear,0.07,9.41,1.0,34.4,55.6
2026-06-17 03:42:38,NDLS,Clear,0.43,6.21,1.1,19.5,68.6
2026-04-15 16:12:53,NDLS,Rain,0.05,8.76,2.8,20.8,64.9
2026-05-20 03:31:04,NDLS,Clear,0.49,5.33,1.3,34.8,58.0
2026-03-09 20:53:36,NDLS,Clear,0.51,5.61,0.8,19.4,79.1
2026-01-10 09:47:44,NDLS,Cloudy,0.41,7.45,1.5,10.1,59.3
2026-01-06 08:32:29,NDLS,Clear,0.23,7.66,1.4,14.3,68.8
2026-05-20 09:28:24,NDLS,Clear,0.19,8.25,0.6,15.0,87.5
2026-06-28 03:31:47,NDLS,Clear,0.19,7.77,0.3,23.2,56.2
2026-06-27 21:53:20,NDLS,Clear,0.43,6.83,0.4,26.6,96.9
2026-06-04 17:41:26,NDLS,Clear,0.19,8.16,0.1,39.4,68.1
2026-04-12 10:47:53,NDLS,Clear,0.24,7.77,0.8,38.8,64.8
2026-02-18 09:04:29,NDLS,Clear,0.32,7.01,1.1,32.1,20.0
2026-05-29 21:35:37,NDLS,Cloudy,0.39,7.5,1.1,15.2,83.6
2026-04-18 04:41:00,NDLS,Clear,0.43,6.91,1.1,18.7,58.3
2026-03-21 18:28:41,NDLS,Clear,0.45,5.99,0.7,26.0,90.5
2026-02-26 15:49:29,NDLS,Clear,0.3,7.88,0.2,22.8,64.3
2026-02-04 12:02:14,NDLS,Cloudy,0.06,8.55,0.6,11.1,81.6
2026-06-27 08:22:14,NDLS,Cloudy,0.13,9.3,1.3,25.5,45.0
2026-04-13 21:55:26,NDLS,Clear,0.48,5.82,0.9,15.9,86.5
2026-03-04 03:30:27,NDLS,Clear,0.3,6.65,0.1,24.2,64.8
2026-02-23 21:20:24,NDLS,Clear,0.46,6.82,1.2,37.1,79.2
2026-05-23 01:19:50,NDLS,Clear,0.09,8.74,1.0,31.3,50.9
2026-02-08 17:03:37,NDLS,Fog,0.57,4.37,0.1,23.4,72.1
2026-04-22 06:34:00,NDLS,Cloudy,0.37,7.37,0.4,14.6,67.4
2026-03-06 14:31:00,NDLS,Clear,0.53,5.27,0.4,30.8,80.7
2026-03-14 10:46:01,NDLS,Clear,0.15,8.51,0.9,26.6,71.2
2026-01-04 22:49:14,NDLS,Fog,0.89,3.14,1.2,28.7,77.1
2026-01-13 09:31:03,NDLS,Rain,0.47,5.14,1.0,8.8,67.5
2026-06-27 12:24:59,NDLS,Rain,0.03,8.33,6.2,21.0,46.7
2026-05-25 14:08:44,NDLS,Clear,0.38,7.41,0.1,26.1,62.8
2026-01-27 09:02:17,NDLS,Fog,0.56,4.24,0.6,26.5,63.2
2026-02-16 23:53:46,NDLS,Rain,0.13,8.48,10.0,25.0,59.6
2026-05-04 22:28:59,NDLS,Clear,0.05,9.62,1.2,37.7,51.8
2026-06-23 02:46:24,NDLS,Cloudy,0.46,5.48,0.5,26.5,100.0
2026-02-27 05:01:32,NDLS,Clear,0.26,6.69,0.8,21.1,59.3
2026-06-11 18:47:19,NDLS,Fog,0.49,5.53,0.2,21.8,42.1
2026-01-06 22:16:15,NDLS,Clear,0.04,9.67,1.2,21.5,20.0
2026-02-23 17:46:05,NDLS,Clear,0.36,7.65,0.9,23.9,70.2
2026-01-16 17:09:28,NDLS,Clear,0.34,6.06,0.3,24.3,69.1
2026-06-11 10:10:58,NDLS,Fog,0.94,2.18,1.5,29.1,65.7
2026-01-30 13:59:30,NDLS,Clear,0.62,3.59,1.4,34.6,86.0
2026-04-12 21:20:29,NDLS,Rain,0.42,6.0,6.1,17.9,85.1
2026-02-05 03:22:44,NDLS,Cloudy,0.31,7.21,1.1,31.1,51.2
2026-01-07 23:31:33,NDLS,Clear,0.63,5.53,1.4,20.3,100.0
2026-01-14 23:05:14,NDLS,Cloudy,0.2,8.35,0.7,29.6,21.1
2026-05-28 02:40:38,NDLS,Clear,0.41,6.33,0.6,22.2,64.7
2026-02-04 13:44:09,NDLS,Clear,0.26,6.98,0.6,20.2,77.5
2026-05-24 16:33:57,NDLS,Clear,0.08,9.69,0.5,27.9,90.2
2026-06-11 02:25:09,NDLS,Fog,0.39,6.99,0.1,32.8,99.9
2026-03-12 12:37:05,NDLS,Clear,0.26,7.72,0.3,29.9,33.8
2026-01-11 23:33:40,NDLS,Clear,0.23,7.71,0.4,29.9,20.0
2026-02-04 08:50:41,NDLS,Clear,0.46,5.52,0.9,21.8,61.8
2026-01-02 04:02:43,NDLS,Clear,0.12,8.31,0.8,26.3,84.2
2026-04-15 15:23:04,NDLS,Clear,0.06,9.8,0.7,20.0,25.4
2026-06-14 16:18:27,NDLS,Clear,0.17,8.09,0.8,24.4,100.0
2026-02-23 10:50:02,NDLS,Rain,0.13,7.99,10.7,27.6,57.6
2026-06-10 05:46:49,NDLS,Clear,0.1,8.99,0.9,26.9,62.7
2026-05-24 11:00:04,NDLS,Rain,0.34,7.09,9.6,27.4,100.0
2026-04-16 06:19:52,NDLS,Clear,0.36,6.84,0.1,26.1,62.0
2026-01-10 13:44:31,NDLS,Clear,0.27,6.91,1.4,30.4,81.0
2026-06-11 23:13:15,NDLS,Clear,0.42,6.67,1.4,24.9,59.9
2026-04-15 11:56:37,NDLS,Cloudy,0.07,9.29,0.0,13.5,87.5
2026-04-29 08:32:26,NDLS,Clear,0.16,8.79,1.2,29.8,45.1
2026-05-25 22:34:20,NDLS,Clear,0.23,7.45,0.4,32.2,43.1
2026-05-15 13:13:48,NDLS,Clear,0.24,7.93,0.6,19.9,67.6
2026-04-01 06:35:47,NDLS,Clear,0.53,5.64,0.8,20.4,47.2
2026-05-10 04:45:06,NDLS,Clear,0.56,5.65,0.4,28.0,81.2
2026-04-21 07:17:18,NDLS,Rain,0.21,6.92,13.0,32.2,38.0
2026-03-03 03:50:46,NDLS,Cloudy,0.09,8.74,0.0,19.9,64.2
2026-02-14 02:59:46,NDLS,Clear,0.15,8.49,0.2,25.2,72.9
2026-02-02 08:14:02,NDLS,Clear,0.39,6.94,1.1,30.3,59.8
2026-05-17 12:29:57,NDLS,Clear,0.31,8.18,0.2,14.8,64.2
2026-04-10 10:52:46,NDLS,Cloudy,0.28,7.8,1.3,31.8,50.4
2026-06-29 20:04:45,NDLS,Rain,0.37,5.38,5.8,20.6,53.7
2026-06-08 19:51:17,NDLS,Clear,0.1,7.99,1.5,10.9,84.8
2026-01-18 03:14:15,NDLS,Clear,0.6,5.54,1.4,29.3,69.5
2026-06-12 04:10:11,NDLS,Rain,0.21,7.36,6.9,28.3,71.3
2026-02-04 07:13:07,NDLS,Clear,0.49,5.96,0.8,31.8,82.7
2026-06-17 00:55:20,NDLS,Clear,0.64,4.32,1.4,23.2,85.5
2026-02-17 21:32:19,NDLS,Rain,0.74,2.19,21.2,35.5,100.0
2026-02-09 07:41:08,NDLS,Clear,0.13,8.08,1.2,28.5,66.5
2026-03-30 00:39:02,NDLS,Clear,0.31,7.43,1.4,15.2,87.5
2026-01-05 10:42:15,NDLS,Clear,0.24,7.96,0.6,13.3,57.4
2026-01-07 13:52:27,NDLS,Fog,0.54,5.73,0.8,23.8,23.6
2026-05-31 15:51:05,NDLS,Fog,0.42,6.51,0.7,23.5,71.2
2026-01-20 12:28:41,NDLS,Clear,0.12,8.82,1.3,15.3,61.2
2026-01-23 16:03:15,NDLS,Clear,0.4,6.97,0.5,25.8,60.8
2026-05-08 09:44:33,NDLS,Fog,0.55,5.7,1.3,9.4,93.3
2026-01-01 13:16:47,NDLS,Clear,0.25,7.85,1.3,40.1,71.1
2026-03-08 00:43:07,NDLS,Clear,0.61,4.74,0.9,27.4,50.9
2026-03-06 14:07:18,NDLS,Cloudy,0.44,6.95,0.3,25.8,70.5
2026-01-13 08:42:40,NDLS,Clear,0.3,7.54,1.3,23.7,55.1
2026-05-29 23:27:02,NDLS,Clear,0.32,7.45,0.9,33.6,58.7
2026-02-12 12:25:36,NDLS,Clear,0.31,7.42,0.1,11.5,69.9
2026-06-08 07:46:06,NDLS,Cloudy,0.34,7.13,0.5,27.7,98.3
2026-02-17 01:27:22,NDLS,Clear,0.39,6.7,1.3,26.0,51.3
2026-02-25 22:17:46,NDLS,Cloudy,0.4,5.85,0.7,30.8,40.2
2026-01-05 14:29:36,NDLS,Cloudy,0.5,5.81,0.5,29.9,94.6
2026-02-23 03:25:26,NDLS,Clear,0.25,7.73,0.2,15.8,52.6
2026-01-31 09:22:14,NDLS,Clear,0.32,6.66,1.4,21.6,56.9
2026-06-13 05:33:58,NDLS,Cloudy,0.09,8.62,0.8,31.1,62.4
2026-03-13 08:26:17,NDLS,Clear,0.08,8.86,1.4,31.4,72.1
2026-04-24 22:45:43,NDLS,Clear,0.05,9.46,1.2,30.4,66.7
2026-03-14 19:42:48,NDLS,Rain,0.56,4.41,4.6,22.4,53.0
2026-02-27 22:32:42,NDLS,Clear,0.11,9.04,0.5,21.8,47.6
2026-03-13 00:00:53,NDLS,Clear,0.19,8.2,0.4,37.2,80.3
2026-05-24 14:04:18,NDLS,Clear,0.64,4.51,0.5,27.0,53.3
2026-03-18 13:57:59,NDLS,Clear,0.37,6.94,0.2,32.2,100.0
2026-04-21 00:56:42,NDLS,Fog,0.72,3.42,0.8,19.2,84.4
2026-06-05 17:59:15,NDLS,Clear,0.42,6.4,1.4,44.3,62.6
2026-03-31 21:44:43,NDLS,Cloudy,0.63,4.3,1.1,43.3,75.4
2026-02-25 06:53:55,NDLS,Fog,1.0,1.15,1.1,22.9,93.2
2026-04-02 05:08:27,NDLS,Clear,0.23,8.23,0.3,26.0,73.0
2026-01-14 18:03:48,NDLS,Clear,0.36,7.16,1.1,31.4,69.1
2026-05-02 05:08:00,NDLS,Clear,0.3,7.14,1.2,19.0,93.4
2026-06-24 00:10:17,NDLS,Cloudy,0.4,6.68,0.6,20.4,84.3
2026-03-08 13:10:50,NDLS,Fog,0.56,5.12,1.1,16.2,59.4
2026-04-28 03:59:35,NDLS,Cloudy,0.3,7.38,1.0,27.3,73.3
2026-01-08 11:55:06,NDLS,Clear,0.35,7.51,0.5,19.6,60.0
2026-03-16 00:34:41,NDLS,Cloudy,0.29,8.01,0.7,12.8,62.7
2026-01-10 16:12:06,NDLS,Rain,0.1,7.79,4.6,13.5,57.4
2026-03-20 13:26:55,NDLS,Cloudy,0.14,8.67,0.1,19.5,56.5
2026-06-05 09:20:26,NDLS,Clear,0.46,5.7,1.5,18.5,60.4
2026-06-06 11:50:56,NDLS,Clear,0.42,6.13,0.2,29.8,78.3
2026-01-18 21:01:17,NDLS,Clear,0.08,10.09,1.3,30.0,72.3
2026-05-08 18:52:45,NDLS,Clear,0.3,6.14,0.4,29.7,96.4
2026-06-24 18:17:47,NDLS,Cloudy,0.04,10.0,0.6,21.9,26.5
2026-03-17 07:06:34,NDLS,Fog,0.95,1.6,1.3,25.2,64.9
2026-04-19 02:30:33,NDLS,Clear,0.31,7.58,1.5,16.5,41.2
2026-01-24 12:07:34,NDLS,Cloudy,0.66,5.13,1.0,33.9,92.3
2026-05-25 18:24:41,NDLS,Rain,0.13,8.4,6.4,25.0,62.8
2026-03-31 23:38:08,NDLS,Cloudy,0.18,8.41,0.2,34.1,73.5
2026-03-15 14:33:47,NDLS,Rain,0.2,7.98,10.0,25.2,39.4
2026-02-23 23:32:50,NDLS,Cloudy,0.08,9.13,0.4,11.9,49.3
2026-01-22 02:33:58,NDLS,Fog,0.7,4.4,0.8,26.2,77.9
2026-01-29 19:04:33,NDLS,Clear,0.16,8.21,1.1,21.7,93.4
2026-01-18 02:25:16,NDLS,Clear,0.29,8.16,1.5,46.9,40.5
2026-03-05 18:22:13,NDLS,Cloudy,0.42,7.2,0.0,43.6,51.9
2026-04-25 12:00:30,NDLS,Rain,0.25,6.66,10.4,18.5,63.1
2026-03-26 00:35:27,NDLS,Fog,0.63,4.39,0.9,27.1,60.6
2026-06-23 01:16:24,NDLS,Cloudy,0.09,9.03,1.4,18.3,66.4
2026-03-11 23:20:18,NDLS,Clear,0.11,9.45,0.0,24.4,62.6
2026-04-27 09:37:03,NDLS,Clear,0.28,7.0,1.2,28.7,63.9
2026-06-20 02:19:24,NDLS,Clear,0.37,7.15,0.6,36.8,42.4
2026-02-24 17:58:29,NDLS,Clear,0.3,6.56,0.4,8.0,31.2
2026-05-25 07:58:02,NDLS,Clear,0.34,6.89,0.1,28.5,88.7
2026-02-26 16:10:02,NDLS,Clear,0.07,9.79,0.7,21.9,72.5
2026-04-07 15:25:55,NDLS,Clear,0.36,6.74,0.2,29.8,58.6
2026-04-22 01:22:28,NDLS,Cloudy,0.09,9.52,0.8,24.1,74.1
2026-05-02 18:52:25,NDLS,Rain,0.12,7.02,4.2,20.0,87.5
2026-02-21 23:08:41,NDLS,Rain,0.46,4.97,6.5,25.3,70.0
2026-06-02 00:54:38,NDLS,Clear,0.24,8.12,0.5,14.5,77.4
2026-05-07 06:30:44,NDLS,Clear,0.21,8.04,1.0,13.4,94.5
2026-03-14 22:58:14,NDLS,Cloudy,0.47,6.59,0.4,31.5,88.5
2026-01-11 15:58:08,NDLS,Clear,0.44,5.64,0.9,32.5,59.9
2026-06-10 05:59:49,NDLS,Clear,0.17,8.92,0.5,6.9,44.4
2026-06-06 14:33:41,NDLS,Cloudy,0.04,9.45,1.3,27.9,87.4
2026-02-06 12:16:19,NDLS,Cloudy,0.11,9.56,0.8,19.4,78.6
2026-04-13 02:42:41,NDLS,Rain,0.35,4.99,1.7,16.8,52.5
2026-04-11 08:42:42,NDLS,Clear,0.37,6.49,1.3,29.7,39.1
2026-04-13 07:28:19,NDLS,Clear,0.32,7.16,0.6,10.8,59.4
2026-06-16 15:17:34,NDLS,Clear,0.15,8.3,1.4,13.4,61.2
2026-04-04 02:20:35,NDLS,Fog,0.47,6.37,0.4,25.6,46.7
2026-04-17 02:01:57,NDLS,Clear,0.41,6.84,0.8,25.9,24.8
2026-03-18 13:16:52,NDLS,Clear,0.04,9.73,0.7,26.1,68.8
2026-05-21 03:51:43,NDLS,Cloudy,0.08,8.92,0.4,15.0,70.6
2026-02-06 09:09:10,NDLS,Cloudy,0.5,5.42,0.8,32.5,69.8
2026-02-08 16:56:18,NDLS,Clear,0.11,9.34,0.5,21.4,72.0
2026-02-23 14:07:40,NDLS,Clear,0.14,8.91,0.5,20.6,89.2
2026-05-22 23:11:58,NDLS,Clear,0.51,5.59,0.5,49.1,58.3
2026-06-30 13:18:31,NDLS,Cloudy,0.03,9.58,0.9,26.0,58.8
2026-03-23 23:59:04,NDLS,Clear,0.04,9.68,0.1,24.8,77.3
2026-03-29 09:38:00,NDLS,Cloudy,0.07,8.94,0.8,34.8,85.4
2026-03-28 16:45:38,NDLS,Rain,0.25,6.92,21.4,24.3,39.1
2026-03-15 14:12:29,NDLS,Clear,0.32,6.96,0.3,30.0,84.3
2026-01-19 21:57:02,NDLS,Clear,0.06,9.23,1.2,16.8,63.8
2026-06-10 02:53:13,NDLS,Clear,0.2,8.88,0.9,22.8,82.1
2026-04-27 19:11:51,NDLS,Clear,0.25,8.28,0.8,11.8,66.8
2026-01-12 11:55:46,NDLS,Cloudy,0.1,8.92,0.6,24.3,44.6
2026-06-14 20:53:58,NDLS,Clear,0.3,7.43,1.2,23.5,80.7
2026-01-24 09:20:41,NDLS,Fog,0.52,5.45,0.7,23.2,80.3
2026-04-29 06:44:07,NDLS,Clear,0.19,8.19,1.0,38.5,85.2
2026-05-17 21:38:57,NDLS,Rain,0.18,7.17,2.6,30.4,49.9
2026-03-29 21:12:48,NDLS,Clear,0.18,8.31,0.3,17.8,35.9
2026-05-09 09:49:57,NDLS,Clear,0.33,7.3,0.7,20.3,60.7
2026-01-10 04:43:30,NDLS,Rain,0.05,8.03,3.4,33.2,44.9
2026-06-11 07:05:19,NDLS,Fog,0.51,5.46,1.4,18.0,72.2
2026-03-09 17:44:49,NDLS,Rain,0.06,8.3,6.2,25.2,56.9
2026-06-21 07:03:53,NDLS,Fog,0.68,4.04,1.0,32.0,79.0
2026-05-09 03:03:19,NDLS,Clear,0.36,6.97,0.7,18.5,49.7
2026-04-06 04:12:51,NDLS,Rain,0.17,6.83,4.9,23.7,67.6
2026-01-08 16:38:40,NDLS,Rain,0.42,5.59,3.9,34.6,51.5
2026-04-02 16:53:49,NDLS,Fog,0.4,6.92,0.5,19.7,56.8
2026-03-29 09:02:53,NDLS,Rain,0.47,4.59,7.9,24.4,70.6
2026-02-16 08:58:25,NDLS,Clear,0.6,4.26,0.6,20.6,72.1
2026-04-13 02:51:51,NDLS,Cloudy,0.26,7.63,0.4,36.0,56.7
2026-04-22 03:13:17,NDLS,Rain,0.21,6.75,7.2,30.8,78.6
2026-04-05 01:19:00,NDLS,Cloudy,0.06,9.8,1.1,25.1,100.0
2026-02-03 11:48:00,NDLS,Cloudy,0.31,7.12,1.0,22.1,72.5
2026-04-06 15:43:38,NDLS,Rain,0.36,5.83,8.3,27.2,35.8
2026-06-20 07:00:57,NDLS,Clear,0.17,9.63,1.3,28.2,93.2
2026-04-12 18:18:04,NDLS,Cloudy,0.39,6.93,1.1,23.4,70.0
2026-01-01 23:37:43,NDLS,Clear,0.11,9.23,0.6,6.6,50.8
2026-05-04 15:24:00,NDLS,Clear,0.03,10.64,1.1,24.0,86.1
2026-03-17 22:45:51,NDLS,Clear,0.14,9.39,1.3,18.1,40.6
2026-02-26 16:24:12,NDLS,Clear,0.09,8.61,0.6,24.6,50.5
2026-02-14 19:45:48,NDLS,Cloudy,0.34,6.84,1.0,17.4,24.8
2026-05-31 19:09:41,NDLS,Cloudy,0.14,9.28,0.5,23.5,53.7
2026-03-18 04:05:06,NDLS,Fog,0.46,6.02,1.1,15.7,90.5
2026-04-18 04:24:13,NDLS,Clear,0.49,6.0,0.4,18.5,48.7
2026-05-11 08:27:19,NDLS,Cloudy,0.15,8.99,0.4,19.2,65.8
2026-01-30 18:16:45,NDLS,Clear,0.46,6.23,0.5,27.3,88.2
2026-05-15 02:33:03,NDLS,Rain,0.4,5.14,5.6,31.4,97.0
2026-04-18 07:43:36,NDLS,Clear,0.11,9.35,0.5,11.9,80.0
2026-04-19 00:03:06,NDLS,Clear,0.1,9.02,0.8,12.8,67.4
2026-01-23 09:49:54,NDLS,Clear,0.2,8.27,1.2,23.3,54.7
2026-06-24 20:17:24,NDLS,Rain,0.36,5.7,1.6,21.2,96.3
2026-03-29 07:50:13,NDLS,Clear,0.26,7.87,0.5,31.5,63.1
2026-01-28 11:57:16,NDLS,Clear,0.16,8.12,1.4,25.6,69.7
2026-05-28 19:52:19,NDLS,Clear,0.16,8.02,0.5,40.2,77.1
2026-01-07 05:24:54,NDLS,Clear,0.56,5.2,0.7,28.2,71.9
2026-01-19 16:38:47,NDLS,Fog,0.66,4.29,0.2,40.2,95.9
2026-04-06 10:53:56,NDLS,Clear,0.16,9.08,0.4,24.4,84.9
2026-06-08 00:52:58,NDLS,Clear,0.05,9.37,1.3,14.2,53.4
2026-03-02 14:30:03,NDLS,Clear,0.22,7.8,1.5,20.2,55.7
2026-05-25 21:53:58,NDLS,Clear,0.21,7.36,1.3,27.9,51.9
2026-02-10 15:57:36,NDLS,Clear,0.48,5.8,1.5,12.4,35.8
2026-05-14 06:43:27,NDLS,Cloudy,0.23,7.64,1.0,9.4,50.6
2026-03-12 23:23:39,NDLS,Clear,0.07,9.29,0.4,25.2,94.8
2026-04-09 09:34:29,NDLS,Rain,0.4,5.14,8.5,20.9,52.1
2026-02-05 20:29:20,NDLS,Clear,0.04,9.62,0.4,13.6,82.1
2026-03-12 20:40:13,NDLS,Cloudy,0.3,6.78,0.6,32.5,54.5
2026-02-01 23:52:36,NDLS,Clear,0.23,7.27,1.1,26.2,78.0
2026-05-23 13:17:49,NDLS,Clear,0.28,7.27,1.2,16.3,62.4
2026-05-27 20:43:50,NDLS,Clear,0.28,7.69,0.3,26.2,70.3
2026-01-09 04:56:02,NDLS,Clear,0.2,8.35,0.4,19.9,36.0
2026-04-06 00:36:56,NDLS,Clear,0.21,8.53,1.1,25.7,51.4
2026-03-31 04:42:29,NDLS,Clear,0.43,6.34,0.1,24.0,85.4
2026-01-27 03:32:39,NDLS,Clear,0.55,5.83,1.1,32.8,64.9
2026-03-08 18:08:52,NDLS,Clear,0.31,7.04,0.9,25.7,75.8
2026-06-16 09:28:39,NDLS,Clear,0.46,7.5,1.4,14.2,75.8
2026-05-01 10:37:08,NDLS,Rain,0.19,7.72,11.8,16.2,71.5
2026-01-19 01:34:54,NDLS,Clear,0.26,7.99,0.3,21.4,83.8
2026-05-01 09:15:46,NDLS,Clear,0.05,10.99,0.2,21.0,44.6
2026-06-25 14:49:16,NDLS,Clear,0.36,6.65,1.4,32.1,62.0
2026-01-28 03:40:27,NDLS,Fog,0.55,5.29,0.8,22.1,69.3
2026-02-17 07:26:27,NDLS,Cloudy,0.15,8.09,1.2,20.7,77.5
2026-01-12 23:22:14,NDLS,Cloudy,0.48,5.63,1.0,25.2,61.1
2026-02-11 11:02:29,NDLS,Clear,0.31,7.21,0.6,25.2,46.8
2026-04-25 06:08:27,NDLS,Clear,0.27,7.76,0.8,11.2,82.0
2026-06-19 13:43:18,NDLS,Cloudy,0.36,7.26,0.5,26.1,80.0
2026-06-25 20:28:22,NDLS,Clear,0.2,8.62,0.8,18.6,99.0
2026-05-24 01:13:24,NDLS,Clear,0.14,8.83,1.0,16.7,43.0
2026-06-23 19:49:43,NDLS,Clear,0.16,8.68,1.3,23.5,64.9
2026-05-07 23:07:23,NDLS,Clear,0.43,5.98,1.2,29.7,70.8
2026-01-02 00:26:34,NDLS,Clear,0.39,6.65,1.1,15.0,55.6
2026-06-29 14:12:26,NDLS,Cloudy,0.34,7.09,0.9,40.2,71.6
2026-06-16 07:40:49,NDLS,Clear,0.37,6.12,0.8,26.8,94.0
2026-05-25 05:25:56,NDLS,Clear,0.09,9.6,0.2,28.2,59.6
2026-01-28 23:17:23,NDLS,Clear,0.07,9.83,0.2,14.6,93.1
2026-01-24 20:37:00,NDLS,Fog,0.9,3.07,0.9,20.1,39.7
2026-01-09 02:30:43,NDLS,Cloudy,0.2,8.08,1.4,18.8,57.4
2026-02-05 01:32:04,NDLS,Clear,0.36,7.3,1.4,35.8,85.2
2026-01-29 16:01:56,NDLS,Clear,0.38,6.43,0.1,25.0,21.3
2026-03-21 07:43:07,NDLS,Fog,0.75,3.84,0.7,22.7,68.8
2026-03-23 08:43:23,NDLS,Rain,0.59,4.06,31.1,17.4,97.6
2026-03-31 07:39:48,NDLS,Clear,0.37,6.14,0.2,40.3,83.2
2026-03-25 02:21:03,NDLS,Clear,0.24,7.25,0.8,34.7,92.2
2026-05-12 06:26:41,NDLS,Cloudy,0.06,8.97,1.0,30.5,53.4
2026-01-25 21:24:59,NDLS,Clear,0.11,9.37,1.0,35.1,64.4
2026-03-05 19:57:08,NDLS,Clear,0.34,6.32,0.2,19.4,49.6
2026-02-01 10:45:26,NDLS,Clear,0.53,4.99,0.8,20.2,78.7
2026-01-05 05:14:07,NDLS,Clear,0.17,8.69,0.8,18.3,85.0
2026-02-25 20:16:12,NDLS,Rain,0.24,6.87,7.3,18.2,43.1
2026-04-27 05:59:54,NDLS,Cloudy,0.21,8.54,1.1,25.0,54.9
2026-02-24 11:38:51,NDLS,Clear,0.19,8.3,0.3,17.7,62.5
2026-05-05 11:38:54,NDLS,Cloudy,0.38,6.72,0.1,37.3,67.5
2026-06-11 21:29:49,NDLS,Clear,0.48,6.55,1.0,24.4,82.0
2026-01-29 06:50:07,NDLS,Clear,0.44,6.48,0.3,32.1,100.0
2026-02-13 11:09:05,NDLS,Cloudy,0.1,8.78,0.9,43.8,70.7
2026-01-11 04:52:24,NDLS,Fog,0.65,5.66,0.7,26.2,60.8
2026-01-12 05:18:51,NDLS,Clear,0.16,8.17,0.4,29.0,20.0
2026-06-26 14:11:45,NDLS,Clear,0.15,8.49,1.3,2.8,25.4
2026-03-09 09:37:41,NDLS,Clear,0.4,7.27,1.1,26.0,53.4
2026-04-03 05:50:57,NDLS,Cloudy,0.38,6.62,0.3,27.6,45.5
2026-01-22 15:01:24,NDLS,Clear,0.17,8.64,0.0,30.9,98.4
2026-03-18 20:52:59,NDLS,Rain,0.09,7.25,8.3,12.5,86.7
2026-05-15 02:22:42,NDLS,Fog,0.56,5.25,0.2,35.2,71.4
2026-01-01 04:24:27,NDLS,Clear,0.12,9.96,0.5,31.6,20.0
2026-06-15 19:43:32,NDLS,Clear,0.24,7.75,1.4,27.9,83.7
2026-03-14 13:47:35,NDLS,Clear,0.46,6.52,0.4,31.5,77.1
2026-05-19 05:54:43,NDLS,Clear,0.03,9.57,0.8,16.2,72.5
2026-06-06 12:27:48,NDLS,Fog,0.82,3.58,0.5,24.8,72.2
2026-01-17 00:45:48,NDLS,Cloudy,0.19,7.86,1.0,13.6,30.6
2026-04-28 05:39:34,NDLS,Cloudy,0.11,8.51,0.1,22.2,68.8
2026-03-02 15:59:14,NDLS,Clear,0.19,8.5,0.2,20.0,53.9
2026-03-24 08:47:08,NDLS,Clear,0.22,6.48,0.6,25.4,60.2
2026-06-26 01:41:54,NDLS,Fog,0.36,7.22,0.6,31.9,54.7
2026-04-11 20:09:01,NDLS,Clear,0.22,7.66,0.3,15.4,74.7
2026-05-15 19:04:43,NDLS,Cloudy,0.32,7.6,0.4,30.7,54.5
2026-03-02 00:02:12,NDLS,Cloudy,0.27,8.5,1.4,21.6,81.6
2026-02-10 13:40:24,NDLS,Clear,0.2,8.82,1.3,23.2,40.3
2026-05-13 07:59:45,NDLS,Clear,0.2,8.51,1.2,22.2,89.1
2026-01-13 08:37:59,NDLS,Cloudy,0.23,8.46,0.3,24.4,38.0
2026-05-17 10:17:39,NDLS,Clear,0.32,7.44,0.0,11.4,71.6
2026-02-23 05:40:55,NDLS,Fog,0.9,1.49,1.0,19.8,67.9
2026-04-21 02:33:32,NDLS,Clear,0.44,6.69,0.6,22.7,82.8
2026-04-13 04:18:06,NDLS,Rain,0.11,7.96,7.8,33.2,57.5
2026-02-03 19:06:20,NDLS,Clear,0.07,10.09,0.7,29.6,81.5
2026-03-12 08:12:48,NDLS,Clear,0.24,7.55,1.1,12.9,49.6
2026-05-12 21:33:31,NDLS,Cloudy,0.55,5.41,0.4,22.2,74.1
2026-05-25 11:42:37,NDLS,Clear,0.38,7.25,0.7,43.8,83.3
2026-01-04 08:46:38,NDLS,Fog,0.52,5.75,1.3,22.4,90.6
2026-05-11 13:48:43,NDLS,Clear,0.23,8.25,0.2,17.7,87.7
2026-03-28 16:43:29,NDLS,Cloudy,0.32,6.47,0.7,25.4,89.7
2026-01-05 08:36:47,NDLS,Clear,0.21,8.67,0.2,21.7,100.0
2026-01-03 01:52:32,NDLS,Clear,0.5,5.88,0.1,22.2,80.0
2026-05-31 05:05:35,NDLS,Cloudy,0.24,8.96,1.2,7.3,88.1
2026-01-23 03:14:34,NDLS,Fog,0.77,4.01,0.9,28.7,73.3
2026-01-21 13:45:51,NDLS,Fog,0.75,3.98,0.9,22.6,75.2
2026-06-14 14:03:50,NDLS,Rain,0.35,5.34,2.5,23.1,88.6
2026-05-27 03:12:51,NDLS,Cloudy,0.11,9.3,0.7,16.0,91.9
2026-04-29 16:05:40,NDLS,Cloudy,0.09,9.09,0.5,10.5,59.0
2026-01-26 03:43:13,NDLS,Cloudy,0.46,5.62,1.4,26.4,100.0
2026-02-27 08:13:50,NDLS,Clear,0.12,9.33,0.6,21.2,56.0
2026-04-15 23:17:50,NDLS,Clear,0.09,8.66,0.2,34.2,49.6
2026-04-02 04:16:25,NDLS,Clear,0.12,8.81,0.9,27.6,42.5
2026-04-05 01:29:53,NDLS,Cloudy,0.27,8.22,0.8,21.4,55.9
2026-06-06 16:36:07,NDLS,Clear,0.35,7.42,1.3,32.9,68.7
2026-01-21 12:58:45,NDLS,Cloudy,0.33,7.1,1.1,23.8,25.5
2026-02-04 04:01:30,NDLS,Clear,0.29,7.82,1.2,15.8,70.7
2026-06-17 08:09:56,NDLS,Cloudy,0.29,7.05,0.5,6.9,72.4
2026-06-10 01:27:27,NDLS,Rain,0.15,7.64,9.3,28.3,51.4
2026-05-13 08:55:36,NDLS,Clear,0.23,8.58,1.3,36.7,48.8
2026-01-30 12:01:52,NDLS,Clear,0.4,7.45,0.5,42.0,88.6
2026-02-26 17:13:55,NDLS,Clear,0.14,9.05,1.5,22.6,67.6
2026-05-13 00:54:15,NDLS,Cloudy,0.12,8.92,1.1,43.2,52.8
2026-06-12 19:09:11,NDLS,Clear,0.23,8.43,0.5,7.2,56.7
2026-05-20 10:28:05,NDLS,Rain,0.31,5.77,9.5,30.6,29.1
2026-03-21 21:19:18,NDLS,Cloudy,0.16,8.15,0.1,22.4,78.0
2026-01-22 03:40:26,NDLS,Cloudy,0.32,8.21,0.9,19.7,69.9
2026-05-14 07:54:02,NDLS,Cloudy,0.27,7.66,1.3,26.6,77.4
2026-03-10 14:04:01,NDLS,Cloudy,0.05,10.24,1.5,30.2,59.4
2026-06-06 06:17:23,NDLS,Clear,0.1,9.74,0.3,25.0,86.9
2026-05-11 12:31:40,NDLS,Cloudy,0.32,6.9,1.1,24.9,65.0
2026-04-18 14:05:25,NDLS,Clear,0.42,7.0,0.3,25.9,64.5
2026-04-09 21:07:46,NDLS,Cloudy,0.53,4.89,1.2,10.6,79.0
2026-04-24 21:27:25,NDLS,Rain,0.18,7.32,4.5,31.2,53.6
2026-06-04 08:25:22,NDLS,Clear,0.25,8.27,1.1,25.4,72.0
2026-01-29 18:59:15,NDLS,Clear,0.14,8.43,0.2,29.1,72.6
2026-03-17 20:05:50,NDLS,Clear,0.4,5.8,1.4,38.5,50.5
2026-03-12 22:00:05,NDLS,Fog,0.8,2.24,1.3,28.2,61.2
2026-03-16 06:11:18,NDLS,Clear,0.29,8.42,0.6,30.2,42.3
2026-01-22 06:18:06,NDLS,Cloudy,0.29,7.96,1.3,18.3,72.7
2026-05-02 21:26:43,NDLS,Clear,0.48,5.92,0.9,29.4,87.9
2026-01-08 23:10:21,NDLS,Clear,0.28,7.9,1.4,27.9,69.3
2026-03-25 22:19:16,NDLS,Clear,0.57,5.2,0.9,24.4,36.1
2026-03-13 23:30:34,NDLS,Clear,0.15,8.24,0.7,23.5,21.0
2026-03-22 04:22:20,NDLS,Fog,0.43,7.11,1.3,17.2,76.5
2026-06-06 23:35:29,NDLS,Fog,0.71,4.11,0.4,20.5,92.8
2026-01-07 02:59:50,NDLS,Cloudy,0.31,7.37,0.1,8.9,36.5
2026-02-17 14:05:12,NDLS,Clear,0.16,8.87,0.7,28.8,50.5
2026-06-23 16:32:00,NDLS,Clear,0.4,7.19,0.8,24.4,87.1
2026-01-11 05:33:38,NDLS,Fog,0.49,5.07,0.4,24.5,67.2
2026-01-06 02:29:49,NDLS,Clear,0.54,6.02,0.4,8.4,41.0
2026-06-24 06:03:06,NDLS,Fog,0.62,4.76,0.7,32.0,91.4
2026-05-25 01:57:58,NDLS,Clear,0.15,8.7,1.2,18.4,97.6
2026-06-29 15:47:31,NDLS,Cloudy,0.29,8.01,0.1,9.8,84.6
2026-06-27 07:12:28,NDLS,Clear,0.22,7.87,0.0,32.7,65.4
2026-02-22 01:30:59,NDLS,Rain,0.33,6.42,11.7,15.2,52.3
2026-01-12 23:09:43,NDLS,Clear,0.52,5.26,1.3,25.6,42.1
2026-06-23 22:02:09,NDLS,Clear,0.41,6.65,1.5,29.9,59.7
2026-06-24 02:08:46,NDLS,Clear,0.39,5.89,0.8,20.6,49.4
2026-04-20 08:11:32,NDLS,Clear,0.19,8.77,0.8,14.2,70.2
2026-06-02 06:35:02,NDLS,Cloudy,0.27,7.6,1.3,25.2,29.7
2026-06-18 15:17:12,NDLS,Clear,0.16,8.42,0.4,26.6,54.1
2026-05-27 09:10:37,NDLS,Rain,0.25,6.18,13.7,17.7,65.6
2026-04-21 05:47:09,NDLS,Clear,0.24,7.95,1.1,18.4,46.1
2026-05-31 00:53:48,NDLS,Clear,0.33,6.45,1.2,34.5,94.4
2026-01-19 07:08:07,NDLS,Clear,0.1,9.11,0.1,20.2,74.2
2026-03-28 01:52:00,NDLS,Clear,0.62,4.8,0.9,26.9,71.5
2026-01-07 10:21:04,NDLS,Cloudy,0.58,4.51,1.1,15.9,43.0
2026-03-27 16:06:53,NDLS,Clear,0.04,9.39,0.2,31.2,65.5
2026-03-06 18:24:24,NDLS,Cloudy,0.22,9.47,0.3,29.2,27.5
2026-05-16 01:16:37,NDLS,Clear,0.13,8.58,0.2,9.7,32.5
2026-01-08 21:58:30,NDLS,Cloudy,0.23,8.0,0.3,22.9,34.7
2026-01-07 09:57:56,NDLS,Clear,0.27,7.76,0.7,30.1,90.3
2026-04-21 08:44:31,NDLS,Cloudy,0.15,8.34,1.1,32.1,79.1
2026-05-08 16:29:59,NDLS,Cloudy,0.2,8.01,0.6,17.4,59.9
2026-06-14 05:47:49,NDLS,Clear,0.38,6.77,1.5,11.3,63.9
2026-05-15 12:17:01,NDLS,Clear,0.04,10.26,0.0,35.9,45.3
2026-05-11 18:42:51,NDLS,Cloudy,0.35,6.6,0.4,15.0,80.2
2026-04-10 20:32:28,NDLS,Clear,0.49,6.1,1.1,30.0,71.7
2026-03-08 07:42:42,NDLS,Clear,0.13,8.78,0.2,22.8,61.9
2026-02-04 20:02:29,NDLS,Clear,0.58,4.84,0.0,29.2,100.0
2026-05-09 22:47:53,NDLS,Clear,0.23,8.7,1.2,17.2,64.2
2026-06-18 04:30:05,NDLS,Clear,0.49,5.26,1.0,24.2,71.5
2026-05-21 11:23:06,NDLS,Rain,0.37,5.34,8.4,32.3,43.2
2026-02-18 09:46:09,NDLS,Clear,0.12,9.29,0.9,18.5,68.0
2026-06-13 19:04:09,NDLS,Cloudy,0.25,8.31,1.4,26.2,95.4
2026-04-08 20:03:47,NDLS,Clear,0.21,8.5,0.7,24.8,93.4
2026-04-18 21:12:02,NDLS,Cloudy,0.24,7.78,0.9,31.6,66.3
2026-01-22 10:46:03,NDLS,Clear,0.32,7.91,1.3,26.2,67.9
2026-05-03 19:00:08,NDLS,Cloudy,0.11,9.51,1.5,24.9,90.1
2026-05-29 20:12:27,NDLS,Fog,0.78,2.94,1.2,18.7,94.2
2026-02-08 01:58:53,NDLS,Fog,0.75,2.94,0.2,19.7,48.7
2026-02-05 02:17:36,NDLS,Clear,0.18,8.83,1.4,21.2,64.1
2026-02-05 16:21:13,NDLS,Clear,0.39,6.39,1.3,29.1,59.1
2026-02-17 11:08:53,NDLS,Cloudy,0.31,7.38,0.9,6.6,91.4
2026-03-03 09:47:26,NDLS,Clear,0.37,6.5,0.9,41.2,74.2
2026-01-03 15:29:51,NDLS,Clear,0.28,7.41,1.1,43.3,73.5
2026-04-15 02:52:51,NDLS,Clear,0.24,8.08,1.2,37.2,60.6
2026-01-18 07:39:17,NDLS,Clear,0.47,6.03,1.5,11.8,81.6
2026-03-22 13:02:44,NDLS,Clear,0.24,7.5,0.3,21.9,88.8
2026-01-30 18:16:00,NDLS,Clear,0.25,8.4,0.4,15.5,67.5
2026-05-03 00:25:27,NDLS,Clear,0.17,8.2,1.2,24.7,71.3
2026-03-28 12:29:40,NDLS,Clear,0.19,7.66,0.9,23.6,76.7
2026-02-09 09:38:23,NDLS,Clear,0.48,6.57,0.7,35.3,83.0
2026-01-22 04:06:15,NDLS,Clear,0.06,8.26,1.3,20.7,52.3
2026-01-22 05:19:56,NDLS,Fog,0.43,6.17,1.1,15.5,80.3
2026-02-18 20:03:57,NDLS,Clear,0.23,8.37,1.0,30.3,60.1
2026-04-29 06:32:01,NDLS,Fog,0.59,4.71,0.5,42.8,100.0
2026-05-08 23:50:23,NDLS,Clear,0.2,8.67,0.8,19.8,63.7
2026-02-03 10:13:14,NDLS,Fog,0.69,4.59,1.0,46.0,63.2
2026-03-15 01:01:04,NDLS,Clear,0.15,8.6,0.1,19.5,55.8
2026-02-16 21:35:52,NDLS,Clear,0.63,4.86,0.2,14.9,70.1
2026-05-22 12:43:16,NDLS,Rain,0.42,5.64,7.3,24.8,71.4
2026-05-04 21:26:30,NDLS,Fog,0.71,3.44,0.7,20.8,96.5
2026-01-31 10:20:07,NDLS,Clear,0.27,7.78,1.4,23.5,50.6
2026-01-08 21:52:52,NDLS,Clear,0.25,7.47,0.9,33.7,20.0
2026-02-14 22:00:28,NDLS,Rain,0.33,6.29,4.4,28.8,49.2
2026-01-03 16:25:05,NDLS,Fog,0.86,1.97,0.6,35.6,100.0
2026-01-03 01:55:35,NDLS,Clear,0.3,8.05,0.6,11.7,62.5
2026-03-27 11:50:06,NDLS,Clear,0.15,8.59,0.7,21.9,80.9
2026-01-04 03:49:04,NDLS,Cloudy,0.18,8.65,1.5,21.2,84.9
2026-03-19 03:21:03,NDLS,Cloudy,0.21,8.04,0.5,13.8,42.0
2026-06-17 02:40:47,NDLS,Clear,0.29,7.54,1.0,19.8,57.9
2026-06-02 00:20:08,NDLS,Clear,0.22,8.06,0.5,10.4,50.2
2026-01-26 04:37:42,NDLS,Cloudy,0.29,7.33,0.7,27.0,100.0
2026-03-09 12:25:56,NDLS,Cloudy,0.12,9.2,0.2,20.4,56.1
2026-01-07 11:55:59,NDLS,Clear,0.04,8.78,0.3,16.8,79.1
2026-06-23 05:28:12,NDLS,Clear,0.42,5.5,1.4,28.6,70.6
2026-01-05 11:28:38,NDLS,Rain,0.24,7.35,7.3,22.0,54.9
2026-01-11 16:22:42,NDLS,Clear,0.09,9.23,0.3,29.0,90.4
2026-04-30 18:04:54,NDLS,Clear,0.1,9.29,0.8,16.1,69.4
2026-06-15 18:20:10,NDLS,Cloudy,0.66,3.88,1.2,14.6,76.4
2026-05-30 09:33:49,NDLS,Rain,0.22,7.07,8.2,21.3,86.7
2026-02-15 19:38:22,NDLS,Fog,0.58,4.59,1.1,20.5,65.1
2026-04-03 13:05:20,NDLS,Clear,0.46,5.85,1.1,14.7,72.4
2026-06-26 07:02:39,NDLS,Clear,0.34,7.13,1.2,27.1,83.3
2026-03-07 12:05:11,NDLS,Cloudy,0.26,7.7,1.1,19.1,64.2
2026-01-17 08:20:28,NDLS,Clear,0.66,4.68,0.0,8.1,31.4
2026-05-13 22:21:42,NDLS,Clear,0.26,7.59,0.6,30.5,64.7
2026-01-31 10:39:41,NDLS,Clear,0.16,9.0,0.6,22.5,77.4
2026-03-19 23:40:32,NDLS,Fog,0.72,4.52,1.0,26.7,94.5
2026-03-10 20:09:16,NDLS,Clear,0.12,8.75,0.1,15.7,81.9
2026-02-12 18:35:04,NDLS,Clear,0.22,7.7,0.9,17.1,75.0
2026-01-30 08:50:16,NDLS,Clear,0.43,6.23,1.2,39.7,60.8
2026-05-09 22:23:56,NDLS,Clear,0.38,7.29,1.2,29.6,82.7
2026-03-08 08:10:09,NDLS,Clear,0.06,8.99,0.6,21.3,57.2
2026-04-22 09:07:18,NDLS,Cloudy,0.43,6.24,1.0,40.5,43.5
2026-05-02 18:33:50,NDLS,Clear,0.35,7.02,0.3,21.0,64.0
2026-06-24 04:04:57,NDLS,Rain,0.18,7.97,9.3,26.4,66.8
2026-02-22 18:11:54,NDLS,Fog,0.43,6.5,0.8,21.1,64.4
2026-06-25 13:38:21,NDLS,Clear,0.45,5.79,1.1,13.1,59.1
2026-01-01 19:56:15,NDLS,Cloudy,0.48,5.2,1.0,31.5,61.4
2026-01-29 23:30:22,NDLS,Cloudy,0.16,8.25,1.1,9.2,82.8
2026-01-02 00:19:09,NDLS,Clear,0.45,6.68,0.0,13.8,95.2
2026-02-08 14:55:46,NDLS,Fog,0.77,3.08,0.3,23.8,59.4
2026-03-03 17:35:55,NDLS,Fog,0.67,4.22,0.1,32.9,58.8
2026-06-16 22:04:00,NDLS,Cloudy,0.23,7.67,1.0,28.3,67.2
2026-04-23 23:04:52,NDLS,Clear,0.43,6.87,0.5,15.5,76.5
2026-02-22 20:08:44,NDLS,Clear,0.22,7.53,0.2,29.7,81.5
2026-01-15 19:18:34,NDLS,Rain,0.28,6.28,7.1,29.1,64.0
2026-05-21 02:08:05,NDLS,Fog,0.65,4.47,0.8,26.0,80.9
2026-03-28 01:02:36,NDLS,Clear,0.19,8.19,1.2,16.6,33.4
2026-06-11 06:48:49,NDLS,Rain,0.21,6.86,4.4,27.6,45.1
2026-03-22 02:12:50,NDLS,Clear,0.19,8.07,0.8,26.2,54.2
2026-06-03 12:34:36,NDLS,Clear,0.09,8.93,1.2,29.6,70.3
2026-04-02 09:32:25,NDLS,Clear,0.25,8.47,0.7,13.5,53.3
2026-03-29 11:24:39,NDLS,Clear,0.25,8.16,0.5,30.7,68.9
2026-02-20 11:44:03,NDLS,Cloudy,0.19,7.56,0.2,19.8,51.5
2026-01-10 09:56:14,NDLS,Clear,0.12,9.45,0.9,3.2,52.2
2026-02-25 15:25:49,NDLS,Clear,0.33,6.62,0.9,21.9,38.4
2026-02-11 04:26:42,NDLS,Clear,0.32,7.42,0.9,23.6,70.1
2026-06-08 10:08:32,NDLS,Clear,0.53,5.49,0.3,16.3,70.6
2026-06-15 05:16:00,NDLS,Clear,0.23,8.53,0.6,28.9,66.5
2026-03-04 19:54:20,NDLS,Clear,0.19,8.08,1.0,20.4,71.3
2026-06-21 10:29:17,NDLS,Clear,0.22,9.16,1.2,20.7,38.4
2026-03-08 05:12:23,NDLS,Clear,0.34,7.15,0.5,24.5,64.4
2026-06-05 19:07:55,NDLS,Cloudy,0.18,8.61,0.7,33.2,41.6
2026-06-05 07:29:54,NDLS,Rain,0.04,8.23,4.5,16.5,86.8
2026-05-10 21:18:33,NDLS,Fog,0.42,5.43,1.3,10.5,48.2
2026-05-18 07:55:52,NDLS,Cloudy,0.47,5.85,1.1,14.9,61.7
2026-01-17 07:12:37,NDLS,Rain,0.09,7.88,6.1,23.3,52.8
2026-05-06 04:16:22,NDLS,Cloudy,0.43,5.82,1.2,25.4,46.7
2026-02-02 18:58:53,NDLS,Clear,0.24,8.5,0.2,40.1,90.8
2026-02-16 18:34:14,NDLS,Cloudy,0.15,7.86,0.6,23.3,83.4
2026-04-15 10:31:53,NDLS,Clear,0.47,5.8,0.2,5.8,64.3
2026-02-28 22:23:36,NDLS,Cloudy,0.56,6.04,0.9,19.1,89.4
2026-05-28 07:27:41,NDLS,Clear,0.41,7.33,0.1,21.1,48.3
2026-04-14 05:09:39,NDLS,Fog,0.46,5.91,1.0,42.1,80.0
2026-01-22 21:24:31,NDLS,Clear,0.54,5.53,0.7,19.2,77.5
2026-04-21 22:34:21,NDLS,Clear,0.15,8.25,1.4,25.2,20.0
2026-01-30 06:09:18,NDLS,Clear,0.42,5.85,1.2,20.9,70.0
2026-04-02 04:04:18,NDLS,Clear,0.12,8.41,1.2,27.6,39.9
2026-02-26 18:36:11,NDLS,Rain,0.51,4.53,10.7,18.2,62.8
2026-02-06 21:20:20,NDLS,Clear,0.33,6.86,1.4,6.2,82.6
2026-02-22 12:12:01,NDLS,Cloudy,0.49,6.25,0.0,19.5,94.3
2026-01-08 06:36:59,NDLS,Fog,0.55,5.26,0.8,17.8,71.0
2026-06-13 21:54:45,NDLS,Cloudy,0.65,4.5,0.9,26.3,87.2
2026-04-23 18:20:26,NDLS,Clear,0.48,6.06,1.1,17.7,62.0
2026-05-28 05:12:35,NDLS,Cloudy,0.26,7.93,0.4,19.8,77.8
2026-02-05 04:59:01,NDLS,Clear,0.25,8.17,0.6,15.6,100.0
2026-05-29 03:42:38,NDLS,Clear,0.26,6.96,0.7,22.2,59.8
2026-05-08 21:36:29,NDLS,Clear,0.27,8.32,0.4,22.8,60.1
2026-03-24 15:56:36,NDLS,Rain,0.17,7.85,9.1,20.3,33.8
2026-02-21 10:24:07,NDLS,Fog,0.54,5.89,1.4,26.7,38.1
2026-01-14 05:53:09,NDLS,Clear,0.23,7.74,0.3,15.2,55.1
2026-04-03 07:06:30,NDLS,Cloudy,0.61,4.36,1.1,18.0,34.9
2026-05-20 23:05:33,NDLS,Clear,0.43,7.84,1.2,20.2,70.0
2026-06-29 04:07:29,NDLS,Rain,0.38,5.59,7.3,11.5,64.3
2026-05-07 07:41:50,NDLS,Clear,0.13,8.46,0.5,11.8,56.7
2026-06-13 05:28:31,NDLS,Clear,0.12,9.08,1.2,27.1,72.7
2026-01-22 12:14:32,NDLS,Cloudy,0.23,8.05,0.3,21.3,70.6
2026-03-08 22:06:38,NDLS,Fog,0.54,5.97,0.4,14.2,65.3
2026-05-19 16:35:46,NDLS,Clear,0.38,7.12,1.4,38.3,58.4
2026-03-07 09:30:16,NDLS,Clear,0.31,7.32,0.8,17.4,66.4
2026-03-18 12:14:23,NDLS,Clear,0.33,7.77,0.9,17.5,38.3
2026-04-08 00:50:29,NDLS,Clear,0.19,9.29,0.5,27.7,68.0
2026-05-09 10:18:15,NDLS,Clear,0.23,8.23,0.9,10.3,27.7
2026-04-09 12:19:12,NDLS,Clear,0.19,8.13,1.4,20.8,56.3
2026-06-26 17:46:15,NDLS,Rain,0.2,6.98,2.3,29.9,54.8
2026-02-12 11:24:32,NDLS,Clear,0.23,8.4,0.6,21.5,88.1
2026-06-18 06:44:30,NDLS,Cloudy,0.27,7.75,1.0,27.0,63.0
2026-04-07 00:24:18,NDLS,Clear,0.04,9.83,0.7,12.2,22.4
2026-05-06 12:28:01,NDLS,Cloudy,0.46,6.45,0.8,24.0,100.0
2026-03-25 23:23:03,NDLS,Rain,0.63,2.95,7.5,31.7,92.8
2026-04-25 05:40:38,NDLS,Clear,0.38,5.9,1.3,25.0,77.4
2026-03-31 18:19:34,NDLS,Rain,0.2,7.35,2.6,21.5,49.3
2026-05-24 11:15:07,NDLS,Clear,0.51,5.77,0.4,15.7,71.2
2026-02-22 13:57:25,NDLS,Clear,0.14,8.88,1.2,27.4,78.4
2026-06-28 20:49:27,NDLS,Cloudy,0.26,7.0,0.0,31.5,38.4
2026-02-12 06:23:42,NDLS,Clear,0.16,8.31,1.0,30.9,73.4
2026-04-08 12:12:48,NDLS,Fog,0.79,2.67,1.2,27.3,50.9
2026-04-13 05:20:02,NDLS,Cloudy,0.23,8.1,0.7,37.6,61.0
2026-03-14 09:55:54,NDLS,Clear,0.1,9.73,0.2,17.5,53.9
2026-06-17 11:05:44,NDLS,Clear,0.08,9.06,1.4,24.3,94.8
2026-02-06 02:52:26,NDLS,Clear,0.39,6.65,1.1,20.4,84.5
2026-06-09 20:20:58,NDLS,Rain,0.54,3.73,4.1,12.7,79.9
2026-03-26 09:25:46,NDLS,Clear,0.41,6.66,1.1,35.7,87.7
2026-01-05 10:10:08,NDLS,Fog,0.58,4.48,0.5,15.1,82.9
2026-01-03 12:53:47,NDLS,Fog,0.65,4.39,0.7,25.2,78.1
2026-05-30 10:36:02,NDLS,Fog,0.84,3.16,0.2,30.6,100.0
2026-02-16 00:30:09,NDLS,Clear,0.45,6.06,1.4,25.4,46.7
2026-06-13 08:22:14,NDLS,Cloudy,0.12,8.47,0.9,12.7,52.5
2026-02-28 00:06:07,NDLS,Clear,0.11,8.28,0.1,24.4,66.9
2026-02-01 04:47:41,NDLS,Fog,0.57,4.77,0.4,19.3,44.5
2026-03-09 16:15:36,NDLS,Rain,0.56,3.54,16.3,25.0,95.8
2026-04-09 03:32:16,NDLS,Fog,0.48,5.19,1.3,20.5,86.9
2026-03-03 10:08:57,NDLS,Clear,0.35,6.63,0.0,33.9,100.0
2026-01-16 00:35:56,NDLS,Cloudy,0.43,5.73,0.6,15.8,86.8
2026-01-03 22:49:34,NDLS,Clear,0.12,9.22,0.2,30.1,64.2
2026-05-15 05:58:53,NDLS,Clear,0.33,7.14,0.8,27.2,69.4
2026-04-03 08:47:20,NDLS,Clear,0.33,8.23,1.4,32.4,67.2
2026-05-23 16:03:11,NDLS,Fog,0.81,3.57,0.9,27.9,53.8
2026-05-23 12:05:38,NDLS,Clear,0.24,7.55,1.3,22.7,21.6
2026-03-29 12:21:21,NDLS,Clear,0.04,9.43,0.1,18.3,58.0
2026-04-25 10:59:34,NDLS,Clear,0.23,8.57,0.9,30.2,78.9
2026-02-08 23:31:36,NDLS,Fog,0.81,2.41,1.5,29.5,63.0
2026-02-05 13:49:45,NDLS,Clear,0.11,8.89,1.0,17.7,93.5
2026-05-30 03:55:25,NDLS,Cloudy,0.11,8.68,0.1,22.3,64.2
2026-06-25 04:16:16,NDLS,Clear,0.26,7.83,1.0,15.3,76.3
2026-04-12 22:17:15,NDLS,Cloudy,0.18,8.42,1.4,14.9,70.2
2026-06-01 01:47:48,NDLS,Fog,0.6,4.61,0.1,29.6,58.7
2026-06-06 18:01:09,NDLS,Cloudy,0.24,6.86,1.4,28.4,92.5
2026-01-03 15:35:25,NDLS,Clear,0.47,5.4,1.3,17.0,38.3
2026-01-25 18:42:27,NDLS,Rain,0.37,6.1,9.2,35.1,74.5
2026-06-25 18:19:19,NDLS,Cloudy,0.19,8.66,1.4,32.6,66.1
2026-03-26 06:01:25,NDLS,Cloudy,0.24,7.97,1.2,19.6,54.3
2026-02-05 18:31:03,NDLS,Clear,0.61,4.2,0.7,21.2,83.8
2026-01-24 19:08:20,NDLS,Cloudy,0.43,6.16,0.1,18.9,66.1
2026-04-12 00:18:47,NDLS,Clear,0.67,4.13,0.4,28.7,51.1
2026-02-12 20:24:37,NDLS,Clear,0.41,6.59,1.4,31.4,54.3
2026-04-30 15:43:18,NDLS,Clear,0.1,9.52,0.8,36.5,40.8
2026-06-15 05:56:54,NDLS,Cloudy,0.19,8.22,0.8,27.6,41.4
2026-06-14 00:42:19,NDLS,Cloudy,0.38,6.34,0.1,23.6,91.2
2026-04-11 00:43:43,NDLS,Clear,0.24,8.35,0.8,24.5,73.8
2026-04-15 13:53:10,NDLS,Clear,0.05,9.48,1.3,44.2,89.0
2026-06-09 04:13:49,NDLS,Cloudy,0.12,8.4,0.1,26.0,77.4
2026-05-10 03:09:47,NDLS,Clear,0.4,6.96,1.2,31.3,54.5
2026-02-11 14:38:09,NDLS,Clear,0.22,7.6,0.6,34.4,67.2
2026-01-11 19:23:46,NDLS,Cloudy,0.01,9.57,0.7,27.5,68.6
2026-05-31 05:38:10,NDLS,Cloudy,0.28,7.08,0.9,34.3,94.4
2026-06-17 23:44:45,NDLS,Clear,0.2,8.52,0.8,22.8,51.4
2026-05-02 22:40:08,NDLS,Rain,0.4,4.61,33.2,24.3,43.2
2026-06-18 05:48:56,NDLS,Rain,0.39,5.64,6.0,22.7,74.5
2026-01-26 09:48:53,NDLS,Fog,0.7,4.14,0.9,37.3,49.8
2026-01-08 05:31:14,NDLS,Clear,0.41,6.93,0.5,25.6,92.5
2026-02-10 18:09:11,NDLS,Clear,0.28,7.16,1.1,37.6,32.0
2026-01-11 05:04:15,NDLS,Clear,0.27,7.66,0.7,37.1,52.6
2026-03-04 11:51:28,NDLS,Clear,0.26,7.88,0.3,24.8,71.4
2026-06-04 06:35:04,NDLS,Fog,0.57,4.59,0.4,24.0,69.4
2026-03-26 05:22:46,NDLS,Cloudy,0.12,10.67,1.3,27.1,47.5
2026-06-21 07:55:11,NDLS,Fog,0.72,3.66,1.1,15.7,100.0
2026-06-06 12:43:08,NDLS,Clear,0.57,5.04,1.1,41.3,78.1
2026-05-11 08:11:14,NDLS,Cloudy,0.9,2.9,0.2,16.6,71.6
2026-06-01 01:59:35,NDLS,Clear,0.17,9.24,0.7,20.3,61.4
2026-03-12 04:55:34,NDLS,Cloudy,0.38,6.59,0.3,22.9,98.6
2026-03-04 09:44:35,NDLS,Rain,0.12,8.13,4.2,26.3,75.8
2026-01-27 17:02:07,NDLS,Clear,0.3,7.16,0.2,15.8,60.1
2026-05-01 15:37:21,NDLS,Fog,0.52,5.64,1.0,27.1,99.4
2026-04-16 20:37:48,NDLS,Cloudy,0.27,7.34,0.4,34.8,71.6
2026-02-15 07:26:12,NDLS,Fog,0.51,5.05,0.7,26.4,43.2
2026-02-17 18:14:01,NDLS,Fog,0.75,3.75,0.8,21.0,37.9
2026-02-23 05:27:02,NDLS,Rain,0.18,6.89,6.2,28.2,76.4
2026-04-14 18:41:16,NDLS,Clear,0.33,7.03,0.3,8.8,41.4
2026-02-27 19:26:33,NDLS,Cloudy,0.44,6.21,0.8,18.0,46.7
2026-05-14 02:45:43,NDLS,Rain,0.35,6.46,3.8,23.8,87.4
2026-05-28 05:24:35,NDLS,Cloudy,0.38,6.74,1.5,41.6,38.6
2026-03-09 15:57:23,NDLS,Cloudy,0.32,8.21,0.9,7.8,69.2
2026-05-02 16:50:11,NDLS,Clear,0.11,9.49,0.5,32.4,39.4
2026-04-28 03:26:29,NDLS,Clear,0.34,6.52,1.3,22.5,63.7
2026-02-18 09:23:49,NDLS,Cloudy,0.28,8.07,0.8,7.9,69.2
2026-01-14 16:31:54,NDLS,Clear,0.2,8.42,1.3,26.5,72.2
2026-02-11 22:28:19,NDLS,Clear,0.07,8.93,0.8,23.0,39.7
2026-04-30 20:56:58,NDLS,Fog,0.78,3.23,0.3,34.8,85.6
2026-03-24 09:29:18,NDLS,Clear,0.31,7.92,1.3,24.5,73.6
2026-02-25 22:47:22,NDLS,Clear,0.2,8.38,0.0,24.3,89.7
2026-03-16 19:06:13,NDLS,Clear,0.29,6.84,1.1,13.9,85.8
2026-06-30 11:45:27,NDLS,Cloudy,0.16,9.23,0.9,9.1,73.9
2026-04-01 09:22:17,NDLS,Fog,0.46,5.18,1.2,27.3,69.0
2026-04-26 12:26:29,NDLS,Rain,0.25,6.77,2.3,25.4,49.7
2026-01-21 04:37:52,NDLS,Clear,0.53,6.27,1.5,30.7,46.4
2026-05-13 23:40:56,NDLS,Clear,0.58,4.9,1.1,16.1,41.1
2026-01-13 18:43:34,NDLS,Cloudy,0.06,9.02,1.4,26.2,47.1
2026-05-21 05:50:11,NDLS,Cloudy,0.34,6.98,0.1,18.4,47.3
2026-05-24 05:36:36,NDLS,Fog,0.77,3.21,0.4,27.0,45.9
2026-03-10 03:55:13,NDLS,Clear,0.2,7.96,0.3,6.9,26.7
2026-04-28 12:37:27,NDLS,Clear,0.4,6.65,1.4,17.1,75.4
2026-05-28 04:03:48,NDLS,Clear,0.39,7.32,0.3,29.1,100.0
2026-03-14 07:41:38,NDLS,Clear,0.25,8.34,0.8,24.5,58.2
2026-06-16 12:24:20,NDLS,Clear,0.5,6.04,1.1,37.6,93.5
2026-02-02 21:26:18,NDLS,Fog,0.86,1.9,1.2,33.1,91.8
2026-05-15 04:41:45,NDLS,Clear,0.08,9.23,0.2,31.3,100.0
2026-05-30 19:36:29,NDLS,Clear,0.25,8.2,0.6,27.3,70.3
2026-04-03 09:17:42,NDLS,Fog,0.84,3.02,0.1,22.4,53.4
2026-03-04 03:27:57,NDLS,Cloudy,0.11,9.59,1.2,47.0,38.0
2026-04-02 08:15:39,NDLS,Clear,0.57,5.66,1.0,13.0,62.3
2026-05-21 00:13:39,NDLS,Cloudy,0.23,8.35,0.4,20.6,100.0
2026-02-21 16:23:25,NDLS,Clear,0.27,7.57,1.5,32.5,20.0
2026-05-28 06:31:03,NDLS,Clear,0.21,7.41,1.0,27.8,58.7
2026-01-14 12:53:05,NDLS,Fog,0.86,3.23,0.2,11.9,37.8
2026-04-06 09:25:44,NDLS,Cloudy,0.4,7.05,0.6,7.6,28.6
2026-06-11 18:39:47,NDLS,Clear,0.04,10.37,0.8,32.8,86.3
2026-06-17 09:51:45,NDLS,Clear,0.04,9.12,1.4,10.5,77.2
2026-01-02 07:56:11,NDLS,Clear,0.24,7.92,1.2,33.3,73.0
2026-03-13 23:24:35,NDLS,Fog,0.49,5.99,0.8,20.9,88.0
2026-03-08 02:54:40,NDLS,Clear,0.53,4.91,0.3,7.4,70.3
2026-05-27 14:05:54,NDLS,Clear,0.15,8.72,0.5,34.0,78.4
2026-05-13 14:39:16,NDLS,Clear,0.09,8.97,1.2,34.2,53.4
2026-02-13 12:24:17,NDLS,Cloudy,0.24,8.22,0.5,33.8,70.4
2026-01-08 05:20:53,NDLS,Clear,0.11,9.49,0.5,29.7,58.2
2026-02-20 13:10:04,NDLS,Fog,0.57,5.17,0.5,12.5,91.0
2026-03-07 00:32:04,NDLS,Clear,0.17,8.77,1.2,27.4,62.8
2026-04-03 00:20:31,NDLS,Clear,0.11,9.16,0.0,20.8,63.2
2026-03-30 05:18:12,NDLS,Rain,0.38,4.92,4.9,15.8,45.8
2026-04-28 20:17:26,NDLS,Cloudy,0.1,8.95,0.9,23.2,53.6
2026-04-24 21:44:45,NDLS,Clear,0.47,6.75,0.7,29.6,79.0
2026-06-27 09:51:01,NDLS,Rain,0.23,6.41,11.5,11.1,49.9
2026-06-11 04:22:43,NDLS,Clear,0.55,5.2,1.2,22.1,90.7
2026-02-07 16:49:37,NDLS,Clear,0.24,7.58,0.6,40.1,91.3
2026-06-27 18:33:39,NDLS,Fog,0.51,5.62,0.9,25.9,74.1
2026-02-15 17:41:28,NDLS,Fog,0.62,4.77,0.5,34.9,61.9
2026-02-28 19:58:44,NDLS,Clear,0.24,7.71,1.2,23.6,37.7
2026-05-14 20:28:14,NDLS,Rain,0.13,7.72,7.0,6.9,27.7
2026-04-06 16:29:36,NDLS,Clear,0.22,8.63,0.6,21.3,71.2
2026-06-18 04:30:40,NDLS,Clear,0.15,8.19,0.3,22.2,23.3
2026-04-22 09:40:02,NDLS,Clear,0.03,9.8,0.7,25.7,70.2
2026-01-09 23:56:08,NDLS,Clear,0.19,8.72,0.7,11.6,66.7
2026-02-14 19:21:47,NDLS,Cloudy,0.23,8.41,0.5,29.5,36.2
2026-02-05 11:38:40,NDLS,Cloudy,0.22,8.3,0.6,32.9,66.9
2026-05-16 16:48:57,NDLS,Fog,0.56,5.21,0.8,29.4,67.7
2026-05-31 10:19:45,NDLS,Rain,0.65,3.22,10.4,22.4,65.4
2026-06-04 04:43:08,NDLS,Clear,0.25,7.83,0.0,28.0,55.7
2026-01-23 13:13:02,NDLS,Cloudy,0.22,7.96,0.0,17.1,69.4
2026-05-08 21:59:14,NDLS,Clear,0.1,8.99,0.1,22.0,31.3
2026-05-30 02:53:25,NDLS,Cloudy,0.25,8.35,0.3,25.1,65.7
2026-01-22 02:18:57,NDLS,Cloudy,0.08,9.0,1.1,8.9,97.0
2026-06-16 18:11:55,NDLS,Cloudy,0.02,10.13,1.1,22.4,69.4
2026-05-12 08:07:55,NDLS,Cloudy,0.35,6.94,1.4,33.6,94.1
2026-04-09 05:24:27,NDLS,Clear,0.27,7.75,1.1,29.5,64.2
2026-05-26 20:54:49,NDLS,Cloudy,0.19,7.86,0.7,25.0,79.6
2026-02-11 10:45:42,NDLS,Cloudy,0.2,8.45,0.4,27.9,96.7
2026-04-07 16:41:18,NDLS,Clear,0.18,8.0,0.4,21.1,53.5
2026-03-06 03:01:33,NDLS,Clear,0.43,6.25,1.2,19.7,67.2
2026-03-23 02:09:39,NDLS,Clear,0.45,6.47,0.8,19.2,76.0
2026-06-05 19:38:06,NDLS,Clear,0.54,4.32,0.6,15.4,80.5
2026-03-23 19:12:06,NDLS,Clear,0.5,5.66,0.4,41.7,100.0
2026-06-03 23:11:50,NDLS,Cloudy,0.13,9.34,0.6,23.6,66.5
2026-01-11 23:31:13,NDLS,Fog,0.96,0.92,0.7,34.4,66.6
2026-02-07 19:04:18,NDLS,Clear,0.36,7.35,0.7,18.2,74.1
2026-04-28 06:26:23,NDLS,Cloudy,0.29,7.15,0.8,1.3,63.2
2026-04-16 04:40:52,NDLS,Cloudy,0.66,4.82,1.3,17.3,89.1
2026-04-19 05:20:45,NDLS,Clear,0.66,4.79,0.5,22.9,51.3
2026-05-11 12:01:57,NDLS,Cloudy,0.38,6.35,1.0,35.5,74.4
2026-04-05 21:09:05,NDLS,Clear,0.6,5.13,1.4,40.5,67.5
2026-02-19 18:01:13,NDLS,Clear,0.37,7.0,1.4,19.6,39.0
2026-04-29 23:54:14,NDLS,Clear,0.0,10.25,1.1,17.2,87.6
2026-06-20 18:32:14,NDLS,Fog,0.72,3.39,1.5,19.4,73.5
2026-03-31 04:35:36,NDLS,Clear,0.33,7.63,0.9,33.1,57.1
2026-02-24 14:23:07,NDLS,Fog,0.67,4.5,0.1,21.0,20.0
2026-05-18 05:14:56,NDLS,Fog,0.77,3.15,0.8,23.5,84.1
2026-01-30 23:35:44,NDLS,Clear,0.07,9.35,0.6,19.2,78.9
2026-06-20 06:38:19,NDLS,Clear,0.01,10.3,0.9,30.3,80.3
2026-04-22 02:20:37,NDLS,Clear,0.32,6.8,1.0,27.1,55.9
2026-03-09 12:40:22,NDLS,Cloudy,0.12,9.22,0.4,29.1,58.1
2026-05-11 16:31:10,NDLS,Cloudy,0.56,4.26,1.4,32.6,66.2
2026-02-26 08:06:35,NDLS,Clear,0.48,5.48,0.8,32.6,50.7
2026-02-12 21:22:40,NDLS,Clear,0.23,8.17,0.3,26.0,64.9
2026-03-13 08:38:13,NDLS,Cloudy,0.03,9.86,0.6,32.1,38.0
2026-06-29 17:52:07,NDLS,Clear,0.31,7.18,0.8,28.6,96.1
2026-03-20 06:48:08,NDLS,Rain,0.16,7.23,6.3,23.3,48.3
2026-01-07 18:44:16,NDLS,Fog,0.7,3.85,1.0,38.9,100.0
2026-04-27 19:09:27,NDLS,Clear,0.12,8.21,1.1,24.9,50.9
2026-04-04 16:16:12,NDLS,Clear,0.09,9.77,0.0,28.3,67.1
2026-05-08 05:01:42,NDLS,Fog,0.48,6.11,1.0,38.9,49.5
2026-02-23 15:41:30,NDLS,Clear,0.46,5.83,1.0,28.3,88.1
2026-04-23 12:41:58,NDLS,Fog,0.65,4.86,0.5,29.7,78.4
2026-04-06 12:51:00,NDLS,Cloudy,0.25,7.88,1.3,23.8,70.3
2026-04-18 13:07:14,NDLS,Cloudy,0.2,7.48,0.7,6.7,81.4
2026-01-05 15:51:42,NDLS,Rain,0.23,6.45,6.7,27.1,62.5
2026-06-12 13:27:17,NDLS,Clear,0.11,8.53,0.5,21.0,60.9
2026-06-21 00:07:27,NDLS,Clear,0.24,7.43,0.7,21.7,35.8
2026-06-02 12:06:34,NDLS,Cloudy,0.17,8.68,0.1,16.2,71.6
2026-02-19 21:45:49,NDLS,Clear,0.38,6.37,0.9,21.5,75.3
2026-01-09 14:49:37,NDLS,Fog,0.55,6.0,0.5,34.1,63.4
2026-05-26 21:20:22,NDLS,Clear,0.38,7.23,0.7,19.6,58.8
2026-01-07 09:03:11,NDLS,Fog,0.76,3.01,0.7,33.5,79.9
2026-03-20 02:01:49,NDLS,Fog,0.71,3.78,0.8,18.5,58.4
2026-04-29 05:29:50,NDLS,Cloudy,0.22,7.9,0.8,26.5,61.7
2026-03-06 00:25:51,NDLS,Cloudy,0.32,6.8,1.1,30.3,73.9
2026-02-22 03:25:45,NDLS,Fog,0.59,5.09,0.7,34.5,65.0
2026-05-20 20:55:14,NDLS,Clear,0.4,6.28,1.0,19.8,61.4
2026-05-15 23:17:30,NDLS,Clear,0.21,7.77,1.1,26.7,74.0
2026-05-08 14:16:17,NDLS,Clear,0.6,4.33,1.0,19.8,69.8
2026-01-13 06:01:52,NDLS,Clear,0.18,9.02,0.4,42.7,88.1
2026-03-08 05:00:02,NDLS,Cloudy,0.19,7.88,1.2,19.4,77.0
2026-05-07 18:38:50,NDLS,Cloudy,0.24,6.92,1.4,18.9,43.8
2026-02-17 02:46:46,NDLS,Clear,0.4,6.12,1.2,29.1,67.6
2026-05-16 21:23:38,NDLS,Clear,0.24,7.9,0.4,24.0,49.9
2026-04-15 20:59:36,NDLS,Fog,0.63,4.51,0.6,30.7,72.2
2026-02-03 15:15:42,NDLS,Clear,0.3,7.26,1.1,20.7,53.4
2026-05-07 21:34:51,NDLS,Clear,0.31,7.83,1.3,28.2,45.4
2026-01-22 02:08:46,NDLS,Rain,0.27,6.73,12.4,10.7,48.1
2026-06-08 01:43:07,NDLS,Clear,0.29,6.78,0.2,24.7,53.0
2026-05-05 13:13:06,NDLS,Rain,0.17,7.2,9.1,21.8,59.4
2026-01-23 01:16:10,NDLS,Rain,0.47,5.04,12.4,31.4,62.8
2026-06-16 19:28:21,NDLS,Clear,0.2,7.96,0.3,22.7,55.1
2026-02-18 01:30:58,NDLS,Clear,0.2,8.26,1.1,28.6,60.9
2026-06-09 08:48:19,NDLS,Clear,0.16,8.98,1.3,28.3,61.5
2026-01-09 11:19:49,NDLS,Fog,0.53,5.36,0.8,24.6,48.8
2026-03-08 01:23:42,NDLS,Clear,0.17,8.78,1.4,32.5,77.3
2026-06-23 13:52:25,NDLS,Clear,0.29,7.7,1.3,19.4,40.8
2026-02-28 12:38:02,NDLS,Clear,0.23,8.73,1.0,34.3,77.9
2026-06-06 08:26:18,NDLS,Clear,0.09,9.33,0.4,28.3,60.0
2026-01-23 04:42:58,NDLS,Cloudy,0.15,8.93,0.7,28.4,66.8
2026-01-31 14:49:31,NDLS,Clear,0.24,8.04,0.1,13.4,35.6
2026-02-14 21:00:42,NDLS,Cloudy,0.25,8.44,1.3,7.8,81.0
2026-01-07 08:38:22,NDLS,Clear,0.18,8.18,1.0,27.4,92.2
2026-05-28 02:30:36,NDLS,Clear,0.42,7.0,1.1,24.7,52.3
2026-04-28 13:25:58,NDLS,Rain,0.37,6.58,24.7,26.9,68.8
2026-05-05 16:06:46,NDLS,Clear,0.39,7.06,0.5,29.1,62.7
2026-01-02 18:37:34,NDLS,Clear,0.05,10.0,0.8,29.8,82.8
2026-02-16 06:00:14,NDLS,Clear,0.08,9.11,1.1,38.5,63.3
2026-06-30 11:27:00,NDLS,Cloudy,0.04,9.99,0.0,29.0,56.8
2026-01-20 00:42:43,NDLS,Fog,0.81,4.25,0.3,25.1,72.0
2026-01-09 14:05:11,NDLS,Clear,0.22,8.06,1.2,25.7,61.2
2026-03-27 08:57:55,NDLS,Cloudy,0.53,5.54,1.2,14.6,95.1
2026-05-25 23:34:02,NDLS,Clear,0.39,6.95,0.2,43.3,77.1
2026-01-13 07:09:09,NDLS,Clear,0.38,7.22,1.0,27.7,59.2
2026-02-03 08:44:06,NDLS,Cloudy,0.24,9.04,0.8,19.4,30.2
2026-02-01 17:23:40,NDLS,Clear,0.07,9.56,1.2,18.7,94.1
2026-02-12 10:35:51,NDLS,Clear,0.23,8.5,1.1,18.5,66.6
2026-05-16 18:41:40,NDLS,Cloudy,0.17,8.97,0.0,17.0,100.0
2026-05-10 22:05:55,NDLS,Cloudy,0.26,8.17,1.4,31.4,73.8
2026-05-01 04:42:36,NDLS,Cloudy,0.37,6.27,0.5,24.2,84.6
2026-05-03 10:40:08,NDLS,Fog,0.49,6.3,1.0,14.5,68.6
2026-04-01 12:33:24,NDLS,Clear,0.18,7.8,0.6,32.5,91.0
