timestamp,current_station,weather,fog_index,visibility_km,rainfall_mm,temperature_c,humidity_percent
2026-05-22 20:54:44,PUNE,Clear,0.35,6.02,0.3,19.9,74.4
2026-05-06 05:33:47,PUNE,Rain,0.22,7.84,7.9,16.2,59.2
2026-01-23 12:02:53,PUNE,Clear,0.39,7.16,1.2,23.4,66.8
2026-05-12 12:41:27,PUNE,Clear,0.07,9.54,0.1,18.9,49.0
2026-06-19 19:52:33,PUNE,Cloudy,0.29,8.11,0.7,23.5,84.6
2026-04-11 04:45:49,PUNE,Clear,0.29,7.84,1.2,21.0,69.3
2026-06-16 19:59:36,PUNE,Cloudy,0.58,5.3,1.1,27.0,98.3
2026-03-05 18:21:35,PUNE,Rain,0.52,3.98,7.4,22.4,53.5
2026-01-18 13:54:26,PUNE,Clear,0.29,6.22,0.6,21.0,63.3
2026-06-13 16:53:52,PUNE,Cloudy,0.39,6.94,1.2,27.3,62.9
2026-06-28 22:03:03,PUNE,Clear,0.38,6.49,0.7,22.7,84.6
2026-04-29 08:29:05,PUNE,Clear,0.38,7.13,0.3,31.2,72.1
2026-03-02 18:18:58,PUNE,Clear,0.33,6.51,1.5,27.3,73.3
2026-06-02 13:15:55,PUNE,Clear,0.07,8.9,0.8,25.5,65.2
2026-05-25 03:02:26,PUNE,Clear,0.4,7.22,0.7,19.3,75.9
2026-04-16 11:46:32,PUNE,Cloudy,0.23,8.15,0.4,21.9,64.3
2026-06-01 13:32:30,PUNE,Rain,0.13,7.46,4.9,18.9,50.8
2026-01-24 22:38:30,PUNE,Rain,0.4,5.71,2.8,20.3,68.2
2026-04-20 21:02:53,PUNE,Cloudy,0.19,8.03,0.1,29.4,89.9
2026-06-11 06:32:32,PUNE,Rain,0.11,8.51,22.1,35.4,53.8
2026-01-20 20:49:37,PUNE,Cloudy,0.33,7.55,1.3,24.7,71.6
2026-01-04 05:39:11,PUNE,Clear,0.58,5.2,0.4,40.4,74.6
2026-02-28 16:50:54,PUNE,Clear,0.5,5.46,0.0,18.6,95.3
2026-04-03 01:14:39,PUNE,Clear,0.13,8.75,0.7,21.0,50.5
2026-04-27 18:30:07,PUNE,Clear,0.16,8.25,0.8,7.3,70.2
2026-02-17 06:29:50,PUNE,Clear,0.37,7.25,1.2,38.1,63.6
2026-01-13 22:52:43,PUNE,Clear,0.47,5.6,1.4,9.3,67.4
2026-06-19 04:31:20,PUNE,Clear,0.16,9.35,0.2,31.9,83.3
2026-04-27 18:35:04,PUNE,Clear,0.35,6.76,0.8,23.3,58.5
2026-01-02 02:37:13,PUNE,Cloudy,0.19,7.73,1.5,21.9,99.0
2026-04-29 02:45:21,PUNE,Clear,0.6,4.53,0.4,18.5,73.7
2026-04-18 14:30:52,PUNE,Clear,0.27,7.23,0.8,25.2,75.1
2026-03-27 14:46:04,PUNE,Fog,0.73,4.4,0.0,28.8,85.6
2026-06-17 18:19:19,PUNE,Clear,0.23,8.76,0.8,16.6,91.5
2026-04-23 08:31:23,PUNE,Rain,0.16,8.03,11.7,19.5,51.0
2026-04-09 07:56:01,PUNE,Fog,0.77,3.44,0.4,35.2,66.6
2026-02-05 10:47:03,PUNE,Clear,0.18,8.69,1.1,32.0,57.8
2026-01-11 03:43:20,PUNE,Clear,0.22,8.44,0.2,34.1,72.2
2026-04-05 03:07:05,PUNE,Clear,0.31,7.24,0.2,2.7,73.5
2026-04-30 00:31:13,PUNE,Clear,0.22,8.11,1.3,18.9,89.1
2026-06-14 02:05:42,PUNE,Clear,0.5,6.21,0.1,32.1,67.6
2026-03-11 15:18:28,PUNE,Clear,0.49,6.29,1.1,16.7,80.3
2026-04-12 13:54:17,PUNE,Rain,0.32,6.36,6.7,30.4,58.7
2026-06-17 08:01:12,PUNE,Clear,0.39,6.4,0.9,29.6,50.0
2026-03-20 07:20:50,PUNE,Clear,0.13,8.2,1.1,26.2,82.6
2026-02-23 21:01:47,PUNE,Clear,0.3,6.81,1.1,31.5,75.8
2026-05-23 04:25:10,PUNE,Fog,0.92,1.32,0.9,30.9,81.1
2026-06-01 16:08:07,PUNE,Clear,0.31,8.11,1.0,8.7,59.8
2026-03-18 05:37:09,PUNE,Clear,0.21,8.95,0.8,33.9,49.4
2026-03-25 07:24:28,PUNE,Clear,0.12,8.96,0.2,24.7,68.7
2026-06-13 15:54:05,PUNE,Cloudy,0.26,8.03,0.8,26.9,52.7
2026-03-06 10:02:06,PUNE,Clear,0.38,7.34,1.2,20.1,72.9
2026-01-06 14:20:59,PUNE,Clear,0.23,8.33,0.7,27.8,96.2
2026-06-16 07:02:48,PUNE,Rain,0.17,7.51,3.5,21.1,70.2
2026-02-18 22:25:07,PUNE,Clear,0.48,5.78,0.2,18.7,95.2
2026-03-04 05:18:12,PUNE,Cloudy,0.46,5.5,0.3,17.6,75.7
2026-03-22 09:23:10,PUNE,Fog,0.45,6.23,0.4,15.1,71.8
2026-03-27 17:38:30,PUNE,Rain,0.11,8.7,4.8,27.4,42.9
2026-06-05 14:45:31,PUNE,Cloudy,0.36,6.41,0.6,26.6,96.4
2026-06-02 03:19:13,PUNE,Cloudy,0.53,5.26,1.3,25.6,78.8
2026-01-04 17:03:03,PUNE,Clear,0.17,7.93,0.7,26.6,67.6
2026-04-24 11:26:53,PUNE,Fog,0.73,4.29,1.4,24.3,100.0
2026-06-24 08:40:54,PUNE,Cloudy,0.04,9.96,1.4,21.4,86.1
2026-02-06 04:01:08,PUNE,Clear,0.18,8.03,1.2,23.9,59.7
2026-02-04 15:28:47,PUNE,Cloudy,0.41,6.03,1.2,22.6,50.7
2026-06-25 22:36:07,PUNE,Cloudy,0.54,5.52,1.2,35.0,68.6
2026-04-26 18:51:06,PUNE,Clear,0.12,8.74,0.3,26.7,61.6
2026-01-06 01:49:23,PUNE,Rain,0.54,4.74,2.0,19.5,100.0
2026-02-07 00:26:50,PUNE,Rain,0.79,1.98,2.1,33.1,67.3
2026-04-19 02:26:57,PUNE,Clear,0.29,8.2,1.5,16.8,97.9
2026-04-02 10:18:28,PUNE,Rain,0.77,2.62,14.8,25.4,40.8
2026-04-12 04:48:16,PUNE,Clear,0.28,7.5,1.1,7.5,65.7
2026-05-21 09:34:17,PUNE,Fog,0.45,6.2,0.2,19.4,75.1
2026-04-02 21:15:25,PUNE,Clear,0.26,7.85,0.5,22.4,93.3
2026-06-16 16:40:34,PUNE,Clear,0.3,7.16,0.1,17.5,61.7
2026-03-08 15:35:01,PUNE,Cloudy,0.57,5.13,0.1,18.8,63.2
2026-04-15 20:03:50,PUNE,Fog,0.76,3.23,0.3,28.3,63.9
2026-05-20 02:13:50,PUNE,Fog,0.4,5.79,1.0,38.0,46.7
2026-06-13 01:21:51,PUNE,Clear,0.08,9.18,0.7,27.6,46.1
2026-05-22 23:47:14,PUNE,Fog,0.54,4.73,0.1,11.9,98.3
2026-05-08 21:38:05,PUNE,Cloudy,0.22,7.51,0.8,25.6,39.2
2026-01-31 17:35:06,PUNE,Rain,0.09,8.45,8.2,14.2,37.2
2026-03-12 01:29:09,PUNE,Rain,0.1,8.55,15.1,14.9,35.9
2026-05-15 19:13:36,PUNE,Fog,0.67,4.34,0.3,30.7,87.0
2026-01-11 21:29:14,PUNE,Clear,0.38,6.68,0.6,22.9,97.9
2026-06-15 12:29:41,PUNE,Clear,0.08,10.01,0.0,33.7,65.8
2026-03-11 04:17:36,PUNE,Fog,0.72,4.25,1.3,21.8,100.0
2026-03-26 18:24:30,PUNE,Fog,0.45,6.03,1.3,25.4,53.9
2026-05-08 09:51:16,PUNE,Clear,0.3,7.57,0.4,26.5,72.3
2026-05-17 20:00:20,PUNE,Clear,0.25,8.34,0.3,11.5,35.3
2026-06-06 05:58:25,PUNE,Clear,0.31,7.7,1.3,20.7,90.1
2026-03-16 09:56:16,PUNE,Rain,0.45,4.86,9.7,29.4,92.6
2026-05-20 19:45:06,PUNE,Rain,0.21,6.5,2.7,17.5,57.3
2026-05-16 02:04:34,PUNE,Clear,0.46,6.09,1.4,24.2,72.2
2026-06-25 20:13:45,PUNE,Rain,0.21,5.88,5.2,36.4,64.8
2026-06-26 09:00:02,PUNE,Cloudy,0.41,7.24,0.6,21.8,54.1
2026-06-27 21:44:45,PUNE,Clear,0.31,7.11,0.9,25.0,83.5
2026-05-31 00:07:51,PUNE,Clear,0.08,9.67,0.4,13.3,71.1
2026-02-24 23:20:39,PUNE,Rain,0.22,7.96,4.6,7.0,95.4
2026-02-25 21:32:48,PUNE,Clear,0.12,8.17,0.6,24.8,77.3
2026-04-20 02:35:29,PUNE,Clear,0.27,7.71,0.3,7.4,100.0
2026-06-10 14:06:59,PUNE,Clear,0.23,8.66,0.2,24.5,65.4
2026-03-07 00:00:57,PUNE,Cloudy,0.35,7.61,1.4,36.3,74.9
2026-04-29 01:10:07,PUNE,Clear,0.06,9.42,1.5,18.9,66.3
2026-06-22 17:51:35,PUNE,Fog,0.78,3.6,1.4,14.4,43.6
2026-05-27 08:34:19,PUNE,Cloudy,0.36,7.04,0.9,17.7,61.2
2026-05-13 19:28:24,PUNE,Rain,0.1,7.78,2.0,22.9,56.7
2026-04-19 18:41:28,PUNE,Cloudy,0.18,8.35,1.3,37.4,68.6
2026-02-10 15:41:56,PUNE,Cloudy,0.61,4.55,1.1,15.8,89.5
2026-03-04 21:42:38,PUNE,Clear,0.27,8.12,1.4,26.4,62.3
2026-03-28 17:10:26,PUNE,Cloudy,0.22,8.92,1.1,13.4,59.1
2026-05-30 19:39:36,PUNE,Fog,0.67,3.97,0.5,32.7,73.0
2026-06-16 08:27:16,PUNE,Cloudy,0.29,7.64,0.5,35.8,90.2
2026-06-27 22:19:02,PUNE,Clear,0.43,6.85,0.5,25.4,26.6
2026-02-27 22:48:38,PUNE,Clear,0.31,7.42,1.4,21.9,78.0
2026-06-24 11:57:11,PUNE,Clear,0.31,6.96,0.8,14.1,92.9
2026-03-01 15:21:37,PUNE,Cloudy,0.32,8.0,0.6,13.8,74.1
2026-05-28 01:55:14,PUNE,Cloudy,0.5,5.92,1.0,14.2,70.6
2026-06-06 08:24:02,PUNE,Clear,0.26,7.82,0.8,19.5,85.3
2026-02-22 17:13:08,PUNE,Cloudy,0.17,8.29,0.4,14.9,67.9
2026-05-16 03:38:46,PUNE,Rain,0.12,7.39,19.2,22.3,91.5
2026-04-11 13:16:55,PUNE,Clear,0.55,5.03,0.3,14.2,37.4
2026-02-01 10:30:06,PUNE,Cloudy,0.32,7.78,0.7,31.7,53.7
2026-06-26 13:47:54,PUNE,Clear,0.4,6.68,1.4,18.6,68.5
2026-03-26 10:24:38,PUNE,Clear,0.07,9.63,0.5,21.6,83.4
2026-05-12 18:40:55,PUNE,Clear,0.34,7.22,1.3,0.9,55.9
2026-03-19 10:42:32,PUNE,Clear,0.33,6.54,1.4,25.7,48.3
2026-06-05 05:07:36,PUNE,Clear,0.26,8.44,0.6,30.3,64.1
2026-06-28 13:03:12,PUNE,Clear,0.09,9.38,0.3,13.3,44.9
2026-05-10 04:41:12,PUNE,Fog,0.44,6.58,0.4,25.4,80.1
2026-03-30 09:37:19,PUNE,Clear,0.43,6.68,0.1,32.5,73.1
2026-03-13 05:46:16,PUNE,Clear,0.42,5.97,1.4,9.1,64.1
2026-05-07 06:26:20,PUNE,Clear,0.16,8.34,0.3,9.7,62.5
2026-05-02 02:41:27,PUNE,Clear,0.1,9.23,0.7,25.8,82.8
2026-03-19 23:20:23,PUNE,Clear,0.41,6.49,1.2,20.8,87.9
2026-06-11 19:16:36,PUNE,Fog,0.51,6.13,1.5,14.3,71.5
2026-06-30 05:19:36,PUNE,Cloudy,0.35,6.45,1.3,14.4,48.4
2026-06-09 12:08:59,PUNE,Clear,0.07,10.0,1.5,23.6,80.7
2026-03-08 03:25:25,PUNE,Cloudy,0.03,9.49,0.7,14.7,83.5
2026-02-04 02:51:22,PUNE,Rain,0.47,4.66,17.7,21.2,54.7
2026-06-27 00:20:16,PUNE,Rain,0.29,6.65,3.2,33.6,93.8
2026-02-02 06:47:08,PUNE,Clear,0.47,6.85,0.4,40.2,80.0
2026-02-15 11:25:59,PUNE,Clear,0.35,7.18,0.1,11.7,73.8
2026-01-21 23:04:16,PUNE,Cloudy,0.35,6.86,0.0,21.0,55.4
2026-01-07 22:07:21,PUNE,Cloudy,0.4,6.54,1.0,28.7,56.3
2026-02-04 16:16:48,PUNE,Clear,0.41,5.79,1.2,25.0,59.2
2026-04-11 05:25:38,PUNE,Clear,0.41,6.67,1.5,21.4,80.9
2026-03-09 05:23:44,PUNE,Rain,0.22,7.74,10.1,19.3,93.7
2026-06-30 17:21:51,PUNE,Cloudy,0.54,6.0,0.6,25.1,82.3
2026-02-12 23:50:30,PUNE,Clear,0.08,9.9,0.5,26.9,66.3
2026-06-28 17:55:22,PUNE,Clear,0.61,3.98,1.0,28.2,57.6
2026-01-24 16:21:54,PUNE,Clear,0.3,7.58,0.6,23.4,65.5
2026-04-07 07:24:04,PUNE,Fog,0.64,4.72,1.3,18.6,52.7
2026-01-13 16:23:54,PUNE,Clear,0.51,5.94,1.0,11.0,63.8
2026-02-07 16:31:47,PUNE,Clear,0.19,8.83,1.4,23.5,61.6
2026-02-15 22:32:42,PUNE,Cloudy,0.26,7.99,0.5,34.0,65.1
2026-02-09 16:27:58,PUNE,Clear,0.37,7.51,1.1,30.1,90.9
2026-02-13 14:29:54,PUNE,Clear,0.17,8.45,0.5,17.1,49.9
2026-06-11 14:07:45,PUNE,Rain,0.11,8.03,6.2,19.2,47.3
2026-02-09 06:21:07,PUNE,Clear,0.15,9.46,1.0,26.1,69.8
2026-01-31 09:07:24,PUNE,Clear,0.49,5.66,0.5,37.5,86.9
2026-01-31 00:12:37,PUNE,Clear,0.32,6.74,0.7,36.0,68.0
2026-02-17 18:42:20,PUNE,Clear,0.09,8.94,0.9,24.7,77.4
2026-05-25 05:32:55,PUNE,Clear,0.76,3.88,0.0,28.5,81.3
2026-04-28 08:31:28,PUNE,Fog,0.58,5.26,1.4,24.6,74.0
2026-03-11 10:30:40,PUNE,Clear,0.14,8.86,1.3,27.4,52.4
2026-04-15 14:00:29,PUNE,Clear,0.31,7.2,0.4,17.1,100.0
2026-02-02 08:13:19,PUNE,Clear,0.23,8.15,0.5,29.4,34.6
2026-02-12 03:46:31,PUNE,Clear,0.29,7.22,1.1,33.3,59.4
2026-05-04 17:09:48,PUNE,Cloudy,0.2,7.94,1.0,33.4,70.6
2026-05-21 11:46:00,PUNE,Clear,0.23,7.51,0.1,37.0,44.2
2026-05-10 16:43:45,PUNE,Clear,0.27,7.33,0.9,27.5,77.4
2026-03-27 02:21:34,PUNE,Clear,0.4,6.51,0.1,30.1,62.5
2026-05-02 03:01:48,PUNE,Cloudy,0.12,9.06,0.2,20.7,82.1
2026-03-18 18:01:41,PUNE,Rain,0.55,4.28,2.5,22.8,76.5
2026-03-21 05:57:15,PUNE,Rain,0.38,4.96,7.0,6.7,92.3
2026-06-13 11:49:40,PUNE,Rain,0.55,4.47,3.1,11.4,67.5
2026-06-02 12:37:09,PUNE,Clear,0.37,6.5,0.2,36.3,78.3
2026-05-15 11:05:59,PUNE,Clear,0.15,8.32,1.3,39.9,55.7
2026-06-09 23:24:03,PUNE,Cloudy,0.23,7.83,0.1,18.0,85.2
2026-05-01 17:20:31,PUNE,Cloudy,0.39,6.37,1.4,23.5,56.0
2026-05-13 15:40:43,PUNE,Clear,0.28,8.96,1.3,38.7,100.0
2026-02-28 03:08:47,PUNE,Cloudy,0.44,6.26,1.3,35.1,80.0
2026-04-22 16:56:12,PUNE,Rain,0.13,7.9,16.3,33.3,84.2
2026-03-17 08:33:53,PUNE,Clear,0.1,9.02,0.3,22.7,86.6
2026-06-10 22:16:33,PUNE,Clear,0.05,9.71,0.9,27.2,39.6
2026-01-28 16:44:34,PUNE,Clear,0.02,10.59,0.6,20.9,55.8
2026-03-26 17:38:47,PUNE,Cloudy,0.1,8.81,1.1,26.1,55.5
2026-05-10 04:19:00,PUNE,Rain,0.38,6.15,4.4,23.3,81.4
2026-04-24 04:50:56,PUNE,Clear,0.33,7.34,0.5,24.6,69.3
2026-02-17 06:02:27,PUNE,Fog,0.63,4.53,1.3,20.1,79.4
2026-05-30 05:53:52,PUNE,Clear,0.42,6.03,0.9,28.7,81.9
2026-06-03 16:09:21,PUNE,Clear,0.34,7.82,0.3,16.6,72.7
2026-03-11 09:41:27,PUNE,Clear,0.13,9.27,1.3,13.6,54.6
2026-05-13 06:04:36,PUNE,Rain,0.17,7.24,10.9,21.9,25.6
2026-04-08 18:40:55,PUNE,Cloudy,0.27,8.39,0.2,20.6,67.2
2026-02-26 00:47:20,PUNE,Rain,0.4,4.81,7.5,12.5,92.0
2026-03-08 21:09:18,PUNE,Clear,0.2,8.99,0.7,23.7,81.0
2026-05-18 13:16:33,PUNE,Cloudy,0.12,8.97,0.3,28.0,86.3
2026-03-10 13:23:28,PUNE,Clear,0.1,8.62,0.9,32.4,54.1
2026-04-09 13:05:11,PUNE,Clear,0.12,9.09,0.1,24.6,57.7
2026-05-31 01:40:59,PUNE,Rain,0.29,6.19,4.3,24.8,100.0
2026-04-10 02:40:05,PUNE,Cloudy,0.15,9.12,0.1,24.9,41.8
2026-02-28 06:15:55,PUNE,Cloudy,0.15,8.88,1.5,25.8,91.3
2026-04-12 17:50:01,PUNE,Clear,0.49,6.14,1.0,29.9,61.5
2026-01-03 21:25:25,PUNE,Cloudy,0.3,7.24,0.3,23.8,46.8
2026-04-25 09:48:52,PUNE,Rain,0.1,8.59,12.5,33.2,75.3
2026-03-22 10:52:24,PUNE,Cloudy,0.15,8.49,0.7,26.4,47.3
2026-04-08 03:12:09,PUNE,Fog,0.4,5.78,0.5,22.6,59.4
2026-02-23 03:39:56,PUNE,Cloudy,0.54,5.1,0.5,6.2,39.7
2026-06-03 08:21:04,PUNE,Clear,0.4,6.13,0.5,13.1,89.1
2026-03-06 11:47:06,PUNE,Fog,0.41,6.79,1.3,23.6,83.0
2026-05-30 21:41:50,PUNE,Clear,0.09,9.07,1.0,23.6,57.0
2026-05-09 19:25:35,PUNE,Clear,0.19,8.01,0.3,31.2,61.1
2026-01-03 03:02:29,PUNE,Clear,0.24,7.93,0.3,38.8,33.9
2026-04-10 06:03:07,PUNE,Fog,0.64,5.19,0.0,37.4,70.4
2026-04-06 02:12:43,PUNE,Cloudy,0.03,10.11,0.7,19.8,38.8
2026-06-26 11:56:11,PUNE,Clear,0.14,8.73,0.3,26.1,88.6
2026-05-16 22:33:28,PUNE,Clear,0.04,10.14,1.1,23.6,100.0
2026-02-28 21:22:19,PUNE,Rain,0.62,3.85,4.4,38.2,60.1
2026-06-30 03:30:24,PUNE,Clear,0.24,8.26,0.9,33.1,100.0
2026-04-03 04:50:11,PUNE,Clear,0.17,8.5,0.1,18.1,31.5
2026-03-22 05:45:52,PUNE,Cloudy,0.45,6.42,1.0,35.8,60.8
2026-03-18 13:15:55,PUNE,Rain,0.48,4.24,16.3,26.8,73.2
2026-04-06 23:31:09,PUNE,Rain,0.11,7.46,9.5,18.7,63.8
2026-01-30 22:27:19,PUNE,Rain,0.2,7.23,2.9,24.3,41.1
2026-02-11 02:21:00,PUNE,Clear,0.28,7.04,0.9,20.5,90.4
2026-02-21 09:08:21,PUNE,Cloudy,0.22,7.8,1.2,5.4,64.7
2026-02-23 13:42:09,PUNE,Cloudy,0.13,9.1,1.2,24.1,88.9
2026-01-08 08:15:26,PUNE,Cloudy,0.19,8.13,0.5,35.2,99.5
2026-02-26 01:24:38,PUNE,Clear,0.14,8.83,0.5,26.3,34.5
2026-01-07 04:39:28,PUNE,Clear,0.06,9.29,0.5,22.7,33.3
2026-03-20 11:35:58,PUNE,Clear,0.2,7.91,0.2,35.4,32.6
2026-02-26 23:28:10,PUNE,Rain,0.13,7.58,2.3,38.6,31.2
2026-02-14 15:26:04,PUNE,Clear,0.1,8.0,0.7,13.3,82.4
2026-03-02 18:54:02,PUNE,Clear,0.65,4.31,1.4,12.9,54.4
2026-01-06 02:15:01,PUNE,Clear,0.1,8.98,0.1,30.0,60.2
2026-05-20 16:07:22,PUNE,Clear,0.18,8.68,0.1,18.8,53.2
2026-03-25 18:10:24,PUNE,Clear,0.38,6.73,0.4,32.8,67.0
2026-06-25 20:37:16,PUNE,Fog,0.85,2.44,1.5,32.1,92.4
2026-03-22 23:11:14,PUNE,Fog,0.88,2.6,0.2,28.7,89.8
2026-03-30 01:04:52,PUNE,Fog,0.68,4.88,1.5,19.7,68.4
2026-05-10 00:47:22,PUNE,Clear,0.11,9.13,0.0,20.6,92.4
2026-01-02 00:23:37,PUNE,Clear,0.23,7.98,0.5,23.0,53.7
2026-01-22 08:16:14,PUNE,Clear,0.39,6.2,0.1,43.0,85.3
2026-05-03 08:09:18,PUNE,Clear,0.16,9.13,0.4,22.7,58.6
2026-05-02 12:26:19,PUNE,Cloudy,0.3,7.54,0.1,17.1,92.9
2026-04-17 05:33:36,PUNE,Clear,0.07,9.17,0.7,11.3,100.0
2026-06-05 20:11:49,PUNE,Clear,0.14,9.09,0.0,17.7,57.5
2026-06-20 10:34:31,PUNE,Clear,0.14,9.18,1.1,18.2,80.2
2026-06-13 19:39:13,PUNE,Rain,0.32,5.99,18.5,31.5,66.3
2026-02-18 15:42:15,PUNE,Fog,0.64,4.2,1.3,40.9,98.7
2026-04-05 07:47:25,PUNE,Cloudy,0.49,5.36,0.4,26.9,70.6
2026-04-14 16:11:43,PUNE,Clear,0.6,4.83,0.9,21.8,59.8
2026-01-18 21:50:51,PUNE,Fog,0.85,2.11,0.7,29.8,100.0
2026-06-02 14:47:59,PUNE,Clear,0.07,9.23,0.2,25.6,44.4
2026-06-09 09:16:19,PUNE,Clear,0.23,8.81,1.4,28.6,71.5
2026-03-16 08:07:28,PUNE,Clear,0.56,5.21,1.3,28.5,58.9
2026-05-04 01:28:43,PUNE,Cloudy,0.19,8.53,0.5,28.4,54.8
2026-05-15 19:26:16,PUNE,Cloudy,0.33,7.15,0.1,32.1,87.0
2026-03-06 13:43:10,PUNE,Clear,0.44,6.85,0.6,27.5,68.2
2026-06-25 13:54:34,PUNE,Rain,0.15,7.46,5.1,25.4,78.7
2026-04-03 10:56:55,PUNE,Clear,0.68,3.73,0.8,26.7,87.8
2026-06-13 04:04:45,PUNE,Clear,0.47,5.26,0.2,21.7,100.0
2026-02-08 17:45:08,PUNE,Fog,0.39,6.44,1.1,10.5,66.1
2026-03-26 18:33:50,PUNE,Clear,0.09,8.78,1.0,20.7,20.0
2026-01-26 06:41:40,PUNE,Cloudy,0.32,6.84,0.1,31.5,62.3
2026-03-26 12:36:01,PUNE,Clear,0.12,9.31,1.1,23.3,67.9
2026-02-11 10:20:17,PUNE,Cloudy,0.07,8.41,0.5,35.1,91.2
2026-03-04 03:44:23,PUNE,Cloudy,0.17,8.51,0.5,23.9,78.1
2026-03-10 09:01:23,PUNE,Cloudy,0.27,6.65,0.0,20.2,69.3
2026-01-24 21:16:26,PUNE,Fog,0.54,5.3,0.1,33.5,76.6
2026-04-05 12:35:24,PUNE,Fog,0.7,3.72,1.2,26.5,68.0
2026-03-24 03:28:32,PUNE,Fog,0.79,3.73,0.6,26.0,87.3
2026-02-16 05:06:36,PUNE,Rain,0.23,7.21,8.8,12.4,20.0
2026-06-12 01:13:59,PUNE,Clear,0.21,8.37,1.2,15.8,55.5
2026-06-29 23:21:42,PUNE,Clear,0.27,7.32,0.2,38.3,82.2
2026-06-11 03:12:43,PUNE,Clear,0.18,9.05,0.1,18.6,56.1
2026-04-26 09:40:48,PUNE,Clear,0.38,6.54,0.2,24.4,80.4
2026-06-29 20:11:32,PUNE,Clear,0.44,5.68,1.4,12.3,64.6
2026-05-17 00:04:26,PUNE,Clear,0.41,6.24,0.3,25.1,53.9
2026-03-07 19:37:58,PUNE,Cloudy,0.18,8.03,0.8,13.3,74.4
2026-02-17 00:07:53,PUNE,Clear,0.18,8.07,0.5,24.8,71.5
2026-06-30 04:14:34,PUNE,Clear,0.04,10.4,0.5,11.9,47.8
2026-03-12 09:01:32,PUNE,Cloudy,0.13,9.05,0.5,20.8,92.2
2026-04-30 15:32:39,PUNE,Fog,0.96,1.75,1.5,24.5,71.5
2026-01-01 09:55:53,PUNE,Cloudy,0.67,4.21,1.0,18.0,65.5
2026-05-27 05:52:02,PUNE,Clear,0.33,7.24,1.4,38.0,76.1
2026-04-29 03:53:26,PUNE,Cloudy,0.73,4.48,0.4,24.8,79.8
2026-02-05 21:00:33,PUNE,Cloudy,0.23,8.64,0.2,20.7,66.9
2026-02-12 06:57:21,PUNE,Cloudy,0.21,8.35,0.8,30.9,66.0
2026-01-01 21:20:00,PUNE,Fog,0.79,3.23,1.3,8.9,100.0
2026-03-25 20:46:07,PUNE,Cloudy,0.41,6.37,0.8,3.0,79.2
2026-06-15 18:46:43,PUNE,Clear,0.12,8.59,0.7,32.0,55.3
2026-04-14 10:03:32,PUNE,Clear,0.62,4.87,0.3,16.0,87.8
2026-01-16 13:17:27,PUNE,Clear,0.19,8.32,0.8,30.8,37.7
2026-01-27 05:26:04,PUNE,Cloudy,0.23,8.89,1.1,35.5,58.2
2026-05-08 07:42:44,PUNE,Fog,0.52,6.22,0.7,24.9,53.0
2026-02-06 12:01:48,PUNE,Clear,0.06,9.84,0.7,28.8,56.2
2026-05-26 06:21:26,PUNE,Rain,0.14,8.24,8.4,28.3,30.5
2026-01-03 02:20:44,PUNE,Clear,0.35,7.01,1.3,14.5,100.0
2026-02-02 20:14:06,PUNE,Clear,0.38,7.12,0.8,29.5,49.4
2026-02-04 00:33:13,PUNE,Rain,0.06,7.71,9.7,26.5,66.6
2026-03-31 17:08:41,PUNE,Cloudy,0.11,8.92,0.4,27.2,64.8
2026-01-27 11:17:07,PUNE,Rain,0.34,6.09,9.4,23.8,74.1
2026-05-23 03:00:16,PUNE,Fog,0.61,4.07,0.3,19.3,63.6
2026-06-17 07:17:41,PUNE,Fog,0.47,6.04,0.6,23.5,84.7
2026-04-21 07:22:42,PUNE,Clear,0.4,6.87,0.1,24.3,58.6
2026-06-24 18:04:52,PUNE,Rain,0.09,8.19,8.6,25.3,94.6
2026-05-02 02:14:56,PUNE,Clear,0.18,8.62,1.2,21.9,56.1
2026-04-30 14:01:51,PUNE,Clear,0.19,7.62,1.3,26.7,70.8
2026-02-26 09:12:30,PUNE,Cloudy,0.29,7.25,0.5,21.0,70.2
2026-06-02 17:29:00,PUNE,Clear,0.26,8.95,1.2,34.5,46.4
2026-06-08 12:00:36,PUNE,Cloudy,0.32,7.2,0.4,-4.1,68.2
2026-04-22 01:31:21,PUNE,Clear,0.05,8.98,0.3,20.9,60.5
2026-04-19 05:07:16,PUNE,Clear,0.18,8.21,0.3,27.7,77.6
2026-05-17 23:57:12,PUNE,Cloudy,0.23,8.3,1.4,29.1,47.5
2026-04-24 11:23:10,PUNE,Clear,0.27,6.85,1.2,12.9,93.6
2026-05-04 02:15:57,PUNE,Rain,0.56,3.39,6.3,29.3,78.7
2026-05-28 09:47:10,PUNE,Fog,0.57,4.79,0.2,20.3,60.1
2026-04-01 05:43:58,PUNE,Clear,0.21,8.16,0.9,19.1,91.5
2026-06-05 15:37:36,PUNE,Clear,0.29,7.48,1.1,29.6,81.8
2026-01-30 10:56:39,PUNE,Clear,0.12,9.37,0.0,20.4,100.0
2026-03-18 20:43:45,PUNE,Fog,0.59,4.54,1.5,29.8,59.7
2026-02-25 11:10:48,PUNE,Fog,0.62,4.08,0.6,23.7,78.1
2026-05-18 01:43:58,PUNE,Clear,0.31,7.41,1.2,28.5,57.3
2026-05-28 19:19:04,PUNE,Clear,0.26,8.2,0.7,21.8,57.3
2026-05-21 15:18:17,PUNE,Clear,0.16,8.66,0.3,8.7,62.6
2026-04-09 23:37:35,PUNE,Rain,0.54,4.98,33.3,31.5,81.8
2026-06-09 23:36:27,PUNE,Clear,0.29,7.08,0.2,20.6,64.3
2026-01-15 21:57:34,PUNE,Cloudy,0.03,9.96,0.2,27.0,76.6
2026-03-30 10:56:10,PUNE,Clear,0.21,8.4,0.1,32.2,77.8
2026-06-20 02:02:35,PUNE,Cloudy,0.28,7.56,0.1,20.4,64.3
2026-05-14 13:03:42,PUNE,Clear,0.28,7.65,1.2,24.5,72.8
2026-05-03 04:40:51,PUNE,Rain,0.69,2.04,1.8,18.7,39.0
2026-01-23 22:23:33,PUNE,Cloudy,0.55,4.91,0.5,17.7,40.3
2026-05-18 12:58:51,PUNE,Clear,0.08,9.43,0.5,-5.4,100.0
2026-04-13 01:30:54,PUNE,Clear,0.27,7.25,0.8,27.0,79.4
2026-02-10 10:19:17,PUNE,Clear,0.21,8.16,0.3,30.1,70.6
2026-05-02 02:27:23,PUNE,Cloudy,0.41,6.34,1.2,22.7,67.2
2026-05-29 02:27:45,PUNE,Clear,0.24,7.48,1.5,21.9,56.2
2026-05-23 22:13:47,PUNE,Cloudy,0.33,7.18,0.8,19.8,50.7
2026-03-08 01:34:40,PUNE,Rain,0.07,8.58,2.5,35.9,71.5
2026-03-17 23:05:05,PUNE,Fog,1.0,1.19,0.1,20.0,47.5
2026-06-07 20:46:12,PUNE,Cloudy,0.09,9.67,0.8,31.2,91.9
2026-05-08 02:39:11,PUNE,Rain,0.18,6.81,9.7,20.9,58.7
2026-05-10 17:55:54,PUNE,Fog,0.45,6.06,0.4,26.1,75.4
2026-01-12 12:32:18,PUNE,Clear,0.05,9.51,1.0,15.5,62.8
2026-01-03 11:38:03,PUNE,Rain,0.56,3.67,8.0,36.4,86.6
2026-04-29 17:54:53,PUNE,Fog,0.57,4.72,1.0,19.9,67.4
2026-05-30 22:20:31,PUNE,Clear,0.21,8.23,0.8,20.9,72.0
2026-06-03 08:10:44,PUNE,Cloudy,0.28,7.77,1.3,36.9,87.2
2026-01-04 05:45:41,PUNE,Fog,0.47,6.44,0.7,33.8,88.5
2026-03-28 17:04:28,PUNE,Clear,0.26,8.52,0.7,24.6,67.5
2026-02-08 17:05:25,PUNE,Clear,0.27,7.61,0.0,27.2,27.1
2026-06-17 03:13:22,PUNE,Rain,0.05,8.5,3.8,17.2,66.8
2026-06-30 17:23:05,PUNE,Cloudy,0.48,6.25,0.5,18.7,54.2
2026-05-08 16:18:26,PUNE,Cloudy,0.4,6.39,1.0,26.6,76.2
2026-03-09 06:42:43,PUNE,Fog,0.64,4.54,1.3,29.3,90.3
2026-02-25 13:12:57,PUNE,Clear,0.11,8.83,1.0,31.7,58.7
2026-06-12 09:54:33,PUNE,Fog,0.95,1.87,1.2,24.4,81.9
2026-06-06 23:40:23,PUNE,Clear,0.24,7.11,1.0,22.1,73.2
2026-03-03 02:59:44,PUNE,Cloudy,0.33,6.68,0.2,23.5,43.8
2026-03-22 07:17:05,PUNE,Clear,0.1,8.05,1.2,25.2,57.6
2026-03-27 23:52:28,PUNE,Clear,0.06,9.92,0.7,11.8,53.7
2026-03-19 21:08:50,PUNE,Rain,0.18,7.54,9.9,20.3,100.0
2026-03-07 05:03:37,PUNE,Clear,0.36,7.23,0.6,29.5,71.0
2026-04-03 03:39:50,PUNE,Clear,0.41,6.01,1.4,26.3,72.7
2026-02-28 07:21:31,PUNE,Cloudy,0.14,8.5,0.1,26.3,53.1
2026-06-02 03:44:54,PUNE,Fog,0.45,6.23,1.4,26.5,55.7
2026-02-12 17:11:08,PUNE,Fog,0.41,7.08,1.4,32.1,52.7
2026-01-19 21:27:50,PUNE,Cloudy,0.19,8.9,1.2,19.4,100.0
2026-06-19 05:35:22,PUNE,Cloudy,0.21,8.75,1.3,31.3,70.7
2026-01-07 19:15:05,PUNE,Clear,0.34,7.34,1.5,31.6,58.2
2026-02-28 16:59:20,PUNE,Cloudy,0.36,6.12,0.6,29.5,84.7
2026-05-17 17:18:55,PUNE,Cloudy,0.09,9.45,0.9,30.6,25.0
2026-03-24 23:25:19,PUNE,Clear,0.59,4.93,1.5,16.4,47.7
2026-03-11 04:27:43,PUNE,Cloudy,0.56,4.36,0.5,25.0,51.3
2026-06-28 10:54:54,PUNE,Clear,0.1,9.07,0.4,18.4,37.7
2026-03-03 11:57:25,PUNE,Cloudy,0.19,8.47,1.2,32.7,88.5
2026-04-04 09:01:17,PUNE,Cloudy,0.13,8.24,0.4,16.5,78.1
2026-05-10 20:18:56,PUNE,Clear,0.29,6.66,1.4,23.3,93.3
2026-02-17 03:33:32,PUNE,Clear,0.29,8.36,0.2,14.7,87.1
2026-05-02 02:26:16,PUNE,Clear,0.44,6.31,0.5,18.9,50.3
2026-02-26 00:50:29,PUNE,Clear,0.45,6.15,1.0,11.1,51.3
2026-03-26 01:59:29,PUNE,Rain,0.68,3.29,11.9,15.4,79.1
2026-02-11 15:15:21,PUNE,Fog,0.79,2.74,1.3,21.8,68.8
2026-03-27 08:41:49,PUNE,Cloudy,0.29,8.1,0.4,17.2,88.1
2026-01-12 08:02:51,PUNE,Fog,0.75,3.55,1.3,23.1,100.0
2026-03-30 16:14:09,PUNE,Clear,0.25,7.16,0.0,19.1,89.8
2026-05-19 09:34:18,PUNE,Rain,0.36,6.28,14.1,18.5,63.6
2026-04-06 02:24:43,PUNE,Cloudy,0.35,6.34,1.1,11.8,70.7
2026-02-20 10:23:25,PUNE,Clear,0.18,9.42,0.8,7.3,70.9
2026-05-11 08:00:40,PUNE,Clear,0.27,7.45,1.0,30.7,55.5
2026-04-02 00:02:14,PUNE,Clear,0.5,5.64,0.8,29.3,74.2
2026-01-04 02:53:27,PUNE,Rain,0.14,8.41,11.5,21.2,61.9
2026-02-25 11:18:53,PUNE,Fog,0.45,6.32,0.7,22.7,77.9
2026-01-23 07:59:37,PUNE,Clear,0.12,8.07,1.0,32.0,85.6
2026-01-14 09:58:11,PUNE,Clear,0.13,9.03,0.7,11.3,67.6
2026-06-14 09:33:01,PUNE,Cloudy,0.59,4.68,0.1,14.3,85.1
2026-03-30 00:15:41,PUNE,Rain,0.16,6.85,5.4,22.9,90.3
2026-04-05 06:31:03,PUNE,Clear,0.4,6.49,0.7,27.5,93.9
2026-03-06 09:35:16,PUNE,Clear,0.53,5.75,0.4,28.9,66.7
2026-03-29 17:15:14,PUNE,Cloudy,0.13,9.25,1.1,14.0,67.0
2026-04-03 20:57:22,PUNE,Clear,0.26,7.57,0.9,23.2,73.5
2026-01-14 13:40:58,PUNE,Clear,0.21,8.42,1.3,10.8,96.5
2026-05-06 19:54:50,PUNE,Clear,0.39,6.05,1.0,31.3,88.1
2026-01-13 11:03:52,PUNE,Cloudy,0.17,8.06,0.6,38.4,87.8
2026-03-30 23:38:42,PUNE,Cloudy,0.57,5.74,1.3,29.2,68.5
2026-01-23 23:59:25,PUNE,Cloudy,0.08,8.86,0.3,31.4,53.0
2026-06-02 07:25:49,PUNE,Cloudy,0.29,7.64,0.9,14.9,39.9
2026-04-26 16:48:54,PUNE,Clear,0.03,10.32,0.6,13.5,49.3
2026-06-25 19:47:18,PUNE,Cloudy,0.54,5.55,0.5,18.4,80.6
2026-05-17 14:09:59,PUNE,Fog,0.4,6.81,1.1,19.8,69.0
2026-02-18 10:09:59,PUNE,Cloudy,0.16,9.02,1.0,14.6,53.8
2026-05-08 18:50:56,PUNE,Clear,0.3,7.11,0.4,24.2,33.6
2026-04-16 21:33:18,PUNE,Rain,0.06,7.93,2.3,19.7,55.5
2026-03-20 05:40:46,PUNE,Fog,0.58,4.56,0.9,26.4,90.6
2026-04-17 15:24:19,PUNE,Cloudy,0.18,9.46,1.1,23.4,85.3
2026-01-20 17:47:56,PUNE,Fog,0.74,3.38,1.5,27.9,98.7
2026-01-24 11:36:55,PUNE,Clear,0.28,7.4,0.8,20.4,73.9
2026-05-08 06:30:18,PUNE,Fog,0.99,1.73,0.3,29.2,79.1
2026-06-17 07:52:26,PUNE,Clear,0.2,7.42,1.3,19.9,39.8
2026-01-11 23:53:04,PUNE,Clear,0.26,7.89,0.2,21.5,99.9
2026-04-24 00:15:05,PUNE,Clear,0.36,7.29,0.0,18.6,83.6
2026-04-10 01:16:49,PUNE,Clear,0.13,8.38,1.3,24.5,46.7
2026-01-16 19:40:35,PUNE,Cloudy,0.27,8.21,1.2,32.3,82.6
2026-01-17 17:05:25,PUNE,Clear,0.11,9.68,1.1,26.0,53.9
2026-04-20 03:01:23,PUNE,Fog,0.45,6.84,0.9,21.3,87.4
2026-04-17 03:24:38,PUNE,Clear,0.41,6.11,0.2,27.8,66.4
2026-01-11 10:01:45,PUNE,Clear,0.33,7.47,0.7,16.2,74.1
2026-04-22 03:21:05,PUNE,Clear,0.07,9.4,0.5,37.7,91.6
2026-06-21 12:11:19,PUNE,Clear,0.37,7.02,0.4,22.3,65.3
2026-06-26 18:23:07,PUNE,Clear,0.25,8.19,1.3,25.8,86.4
2026-06-10 03:40:42,PUNE,Clear,0.54,4.7,0.7,34.1,52.7
2026-02-21 02:38:18,PUNE,Fog,0.63,4.76,0.6,33.5,96.3
2026-04-28 04:46:59,PUNE,Rain,0.22,6.85,10.5,16.1,90.5
2026-02-02 20:19:38,PUNE,Clear,0.62,3.84,0.3,19.5,59.9
2026-02-15 12:49:40,PUNE,Clear,0.07,10.16,0.4,23.9,44.3
2026-03-25 09:23:27,PUNE,Fog,0.67,4.24,0.2,26.1,77.7
2026-04-04 18:47:57,PUNE,Clear,0.27,7.64,0.1,18.2,59.5
2026-06-23 22:15:43,PUNE,Rain,0.3,6.48,1.1,18.9,54.2
2026-04-13 17:05:17,PUNE,Clear,0.21,8.04,1.0,35.3,72.9
2026-01-21 00:20:08,PUNE,Clear,0.33,7.3,0.0,24.0,36.7
2026-04-23 11:56:38,PUNE,Clear,0.51,5.21,1.3,21.5,74.9
2026-06-20 20:27:19,PUNE,Clear,0.32,7.48,0.3,18.5,92.6
2026-03-02 03:07:49,PUNE,Cloudy,0.57,5.97,0.7,40.1,53.7
2026-06-27 01:33:32,PUNE,Clear,0.22,6.75,0.5,25.0,91.7
2026-02-17 16:32:16,PUNE,Clear,0.1,8.62,0.8,15.2,78.5
2026-04-08 14:24:00,PUNE,Clear,0.41,6.7,0.4,25.2,62.0
2026-05-18 21:24:36,PUNE,Cloudy,0.26,8.04,1.0,38.6,73.8
2026-02-02 11:44:05,PUNE,Clear,0.24,7.97,1.4,21.1,51.3
2026-03-09 23:50:39,PUNE,Clear,0.1,8.83,0.0,17.2,74.0
2026-04-24 06:27:52,PUNE,Fog,0.7,3.68,0.3,13.7,71.4
2026-04-25 11:00:25,PUNE,Clear,0.13,9.07,0.6,35.1,60.9
2026-01-14 16:34:35,PUNE,Cloudy,0.14,9.77,0.8,32.3,78.4
2026-03-18 18:25:58,PUNE,Clear,0.33,7.41,0.1,13.7,63.9
2026-05-07 01:25:18,PUNE,Clear,0.31,7.13,1.4,23.9,62.5
2026-06-28 13:00:29,PUNE,Clear,0.29,8.03,0.8,19.9,36.4
2026-06-28 06:41:41,PUNE,Clear,0.29,7.28,1.2,12.0,48.9
2026-05-31 16:43:27,PUNE,Clear,0.54,5.8,0.6,24.2,74.0
2026-05-16 09:46:15,PUNE,Clear,0.27,7.87,0.4,21.4,24.8
2026-03-22 21:30:40,PUNE,Fog,0.6,4.46,0.1,39.7,64.9
2026-06-02 10:46:14,PUNE,Clear,0.51,4.76,0.5,43.6,90.1
2026-05-13 22:15:00,PUNE,Clear,0.19,8.13,0.1,22.8,43.0
2026-01-04 22:31:39,PUNE,Rain,0.32,6.02,7.3,25.9,69.4
2026-02-04 16:03:10,PUNE,Clear,0.25,8.12,0.5,29.9,92.3
2026-06-30 07:45:26,PUNE,Fog,0.46,5.7,1.4,17.2,54.6
2026-01-21 05:49:09,PUNE,Clear,0.37,6.62,1.3,21.5,50.4
2026-03-31 18:04:30,PUNE,Cloudy,0.5,5.48,0.3,20.0,40.2
2026-05-07 03:08:16,PUNE,Rain,0.52,3.74,4.9,22.0,77.2
2026-06-23 12:37:04,PUNE,Fog,0.44,5.67,0.6,28.8,73.6
2026-01-28 22:38:30,PUNE,Fog,0.59,4.7,1.2,17.8,34.8
2026-05-14 21:03:59,PUNE,Clear,0.24,8.25,0.2,34.8,49.7
2026-02-13 17:13:53,PUNE,Clear,0.23,7.97,1.2,17.6,60.5
2026-04-19 11:22:18,PUNE,Clear,0.05,9.19,0.9,34.8,64.0
2026-03-25 08:47:31,PUNE,Rain,0.14,7.5,11.8,19.0,85.3
2026-04-11 05:09:05,PUNE,Clear,0.3,7.81,1.3,38.4,78.3
2026-03-28 00:25:31,PUNE,Fog,0.58,4.82,0.9,25.3,100.0
2026-02-02 15:34:28,PUNE,Rain,0.55,4.82,19.5,26.9,79.2
2026-02-07 03:15:51,PUNE,Clear,0.12,8.85,1.5,30.7,51.8
2026-06-29 08:04:25,PUNE,Clear,0.15,8.56,0.1,21.5,97.2
2026-01-03 05:19:54,PUNE,Fog,0.55,5.48,1.1,44.6,72.1
2026-06-06 14:05:36,PUNE,Rain,0.48,5.39,4.2,18.5,57.4
2026-04-29 23:26:06,PUNE,Rain,0.69,4.44,1.4,29.6,70.3
2026-06-22 19:18:15,PUNE,Rain,0.18,7.17,7.2,22.5,28.5
2026-04-19 10:31:14,PUNE,Clear,0.59,5.09,0.9,26.3,67.4
2026-06-02 06:18:27,PUNE,Clear,0.61,4.91,0.6,10.3,26.8
2026-02-07 00:33:39,PUNE,Rain,0.32,6.64,9.3,25.1,68.6
2026-01-11 11:05:47,PUNE,Clear,0.47,5.93,1.2,19.8,56.5
2026-04-18 18:05:24,PUNE,Clear,0.25,8.1,0.6,25.4,68.6
2026-05-30 19:28:54,PUNE,Clear,0.4,7.19,0.7,11.2,66.1
2026-04-16 18:45:33,PUNE,Cloudy,0.54,5.39,0.7,37.9,71.4
2026-06-24 21:38:00,PUNE,Fog,0.46,6.19,0.9,25.2,64.9
2026-04-07 01:39:25,PUNE,Cloudy,0.35,6.99,1.1,17.2,63.4
2026-05-03 18:37:09,PUNE,Clear,0.42,5.86,0.1,22.8,49.7
2026-06-02 15:59:05,PUNE,Clear,0.41,6.11,0.4,3.6,62.0
2026-06-28 02:17:39,PUNE,Fog,0.92,2.08,0.3,26.5,84.5
2026-03-15 22:10:52,PUNE,Cloudy,0.19,8.67,1.4,24.1,66.8
2026-01-29 18:59:19,PUNE,Clear,0.32,6.86,1.3,10.0,58.6
2026-06-25 19:38:37,PUNE,Rain,0.14,6.84,6.2,25.4,53.5
2026-04-25 08:28:23,PUNE,Clear,0.18,8.77,0.6,11.8,100.0
2026-05-01 19:06:47,PUNE,Clear,0.14,8.98,0.0,33.5,62.6
2026-04-23 12:36:11,PUNE,Clear,0.28,7.14,0.7,24.3,59.5
2026-04-27 16:06:56,PUNE,Clear,0.17,8.4,1.3,34.0,88.0
2026-01-10 10:55:53,PUNE,Clear,0.34,7.17,1.2,43.2,48.7
2026-01-14 00:10:55,PUNE,Fog,0.45,5.96,0.1,25.1,52.3
2026-05-30 00:06:11,PUNE,Cloudy,0.27,7.21,0.7,19.3,70.1
2026-04-27 03:28:56,PUNE,Clear,0.3,7.29,0.8,28.4,40.8
2026-06-11 23:22:25,PUNE,Clear,0.01,9.87,1.0,20.8,52.6
2026-03-01 21:40:55,PUNE,Cloudy,0.45,5.97,1.3,24.7,81.7
2026-05-01 16:58:45,PUNE,Fog,0.42,7.06,0.8,19.2,74.4
2026-03-08 18:01:21,PUNE,Clear,0.21,8.15,0.3,33.6,85.5
2026-06-09 10:49:09,PUNE,Cloudy,0.2,7.72,0.7,36.2,56.9
2026-03-21 01:17:07,PUNE,Clear,0.11,9.31,1.2,17.6,25.8
2026-04-29 20:31:30,PUNE,Cloudy,0.5,5.89,1.2,31.3,62.2
2026-04-21 13:43:04,PUNE,Clear,0.35,7.2,1.0,17.3,67.8
2026-02-10 03:11:31,PUNE,Fog,0.5,5.19,1.3,17.8,70.3
2026-04-08 14:14:57,PUNE,Clear,0.17,8.84,0.6,11.2,78.0
2026-02-26 15:49:43,PUNE,Clear,0.2,8.97,0.4,35.9,77.7
2026-06-07 14:52:59,PUNE,Clear,0.29,8.15,1.2,17.9,58.8
2026-02-11 22:45:02,PUNE,Cloudy,0.14,9.71,0.8,23.7,76.0
2026-05-29 19:25:47,PUNE,Clear,0.39,6.24,0.5,20.7,61.1
2026-03-30 10:06:36,PUNE,Clear,0.16,9.05,0.4,29.7,49.3
2026-01-28 00:48:46,PUNE,Clear,0.53,5.91,0.8,30.8,46.1
2026-01-16 07:39:00,PUNE,Cloudy,0.3,8.08,0.0,24.5,58.2
2026-02-03 14:42:51,PUNE,Clear,0.1,8.93,0.2,26.2,59.8
2026-03-06 13:17:09,PUNE,Clear,0.48,5.95,0.8,25.3,99.6
2026-06-28 09:32:58,PUNE,Rain,0.21,7.03,8.5,28.3,72.0
2026-05-17 15:02:52,PUNE,Clear,0.35,7.33,0.0,26.6,68.5
2026-05-01 15:17:36,PUNE,Clear,0.2,8.18,0.5,35.2,48.5
2026-05-06 20:14:54,PUNE,Clear,0.17,8.42,0.4,29.4,45.0
2026-04-23 06:42:24,PUNE,Cloudy,0.46,5.8,0.1,21.3,52.7
2026-04-30 10:07:55,PUNE,Clear,0.54,5.46,0.0,19.7,70.6
2026-06-02 21:34:31,PUNE,Rain,0.06,7.51,6.5,3.5,75.6
2026-06-24 08:24:35,PUNE,Cloudy,0.25,7.92,0.2,34.4,72.5
2026-03-22 03:57:07,PUNE,Cloudy,0.51,4.36,0.5,32.8,74.1
2026-02-04 03:37:33,PUNE,Fog,0.54,4.38,0.5,33.5,69.4
2026-04-06 00:22:19,PUNE,Fog,0.49,5.18,1.2,34.6,35.2
2026-02-05 20:51:51,PUNE,Fog,0.92,1.6,0.5,20.6,83.3
2026-01-10 16:33:13,PUNE,Clear,0.33,6.75,0.7,17.9,75.7
2026-02-23 16:07:27,PUNE,Clear,0.08,9.47,0.6,25.9,50.2
2026-01-12 20:53:35,PUNE,Clear,0.38,6.87,1.3,19.5,80.9
2026-01-23 03:47:28,PUNE,Clear,0.44,6.3,1.5,15.4,46.5
2026-02-28 00:30:27,PUNE,Clear,0.73,3.89,0.7,24.9,82.4
2026-02-23 08:59:38,PUNE,Clear,0.44,6.13,0.6,33.3,65.4
2026-04-14 15:17:06,PUNE,Clear,0.35,7.12,0.6,28.3,72.5
2026-05-27 15:52:19,PUNE,Clear,0.34,7.16,1.3,21.9,67.0
2026-03-05 00:18:20,PUNE,Fog,0.61,4.45,0.5,32.5,58.7
2026-01-16 15:05:52,PUNE,Clear,0.29,7.75,0.1,26.6,78.5
2026-01-15 07:47:24,PUNE,Clear,0.49,5.32,0.8,27.1,59.8
2026-04-03 09:05:43,PUNE,Clear,0.23,7.88,1.1,20.0,71.5
2026-03-13 02:15:25,PUNE,Clear,0.16,8.58,0.4,21.8,59.3
2026-06-23 13:13:56,PUNE,Clear,0.11,9.01,0.5,20.2,74.9
2026-05-03 08:54:09,PUNE,Cloudy,0.23,8.58,0.7,12.5,65.3
2026-05-02 11:52:41,PUNE,Clear,0.52,5.82,1.0,21.3,48.2
2026-03-06 04:26:06,PUNE,Fog,0.55,4.58,0.1,34.2,81.1
2026-04-18 02:36:03,PUNE,Cloudy,0.42,7.16,0.0,26.2,58.5
2026-02-24 07:18:02,PUNE,Cloudy,0.2,8.23,0.2,17.6,56.5
2026-03-26 17:18:43,PUNE,Clear,0.16,8.86,0.9,22.4,72.5
2026-06-09 01:58:23,PUNE,Cloudy,0.1,8.17,1.4,30.2,100.0
2026-04-07 01:54:40,PUNE,Clear,0.06,9.97,0.9,22.0,51.1
2026-01-27 13:45:06,PUNE,Cloudy,0.35,7.15,1.0,20.6,52.8
2026-03-08 08:11:09,PUNE,Cloudy,0.19,8.53,0.4,29.2,23.0
2026-01-10 00:55:52,PUNE,Clear,0.28,7.13,0.2,13.7,69.4
2026-03-20 20:04:45,PUNE,Clear,0.52,5.55,0.9,10.5,54.8
2026-06-06 19:42:58,PUNE,Clear,0.29,7.81,0.3,32.6,69.6
2026-05-16 01:28:42,PUNE,Clear,0.34,7.17,1.2,29.0,66.7
2026-01-06 17:00:41,PUNE,Clear,0.13,8.15,0.5,33.8,98.2
2026-02-05 08:39:27,PUNE,Fog,0.8,2.96,1.1,25.7,43.0
2026-05-22 11:26:43,PUNE,Clear,0.26,8.28,0.4,36.7,69.1
2026-03-17 23:26:29,PUNE,Cloudy,0.22,8.03,1.2,12.7,79.5
2026-04-02 13:23:32,PUNE,Fog,0.76,2.91,0.2,27.3,80.9
2026-03-21 08:38:58,PUNE,Clear,0.37,6.26,0.3,29.0,61.3
2026-05-03 16:18:26,PUNE,Rain,0.3,6.24,15.8,20.4,50.7
2026-01-21 04:53:41,PUNE,Clear,0.35,6.49,0.1,18.4,87.2
2026-05-15 08:21:39,PUNE,Rain,0.33,5.87,3.5,13.6,76.1
2026-01-05 11:37:57,PUNE,Clear,0.33,7.64,1.1,29.6,70.7
2026-03-03 19:59:26,PUNE,Cloudy,0.18,8.67,0.9,27.2,94.1
2026-06-06 00:33:22,PUNE,Fog,0.68,4.44,1.2,22.0,72.7
2026-05-11 00:41:48,PUNE,Clear,0.2,8.87,0.7,10.9,40.4
2026-05-27 02:27:22,PUNE,Clear,0.02,10.23,0.1,26.2,47.3
2026-05-02 17:38:55,PUNE,Clear,0.16,8.74,1.2,24.7,86.0
2026-05-30 20:49:18,PUNE,Clear,0.2,8.28,0.5,37.0,35.7
2026-05-31 23:18:01,PUNE,Clear,0.28,7.5,0.3,22.6,66.9
2026-02-22 14:13:26,PUNE,Rain,0.28,6.38,13.8,26.7,70.0
2026-05-17 16:52:53,PUNE,Clear,0.35,6.84,0.6,18.7,100.0
2026-01-02 16:50:04,PUNE,Clear,0.61,5.38,1.0,12.5,69.9
2026-02-16 18:13:27,PUNE,Cloudy,0.05,8.95,1.5,17.5,90.2
2026-02-18 23:28:56,PUNE,Clear,0.18,8.44,0.6,22.3,59.1
2026-02-28 12:21:47,PUNE,Cloudy,0.09,9.37,0.0,15.5,83.3
2026-04-06 01:56:36,PUNE,Rain,0.12,7.29,4.8,21.0,65.5
2026-05-01 15:17:50,PUNE,Clear,0.27,8.32,0.5,14.4,57.1
2026-06-08 08:42:21,PUNE,Fog,0.62,4.57,1.4,20.4,80.9
2026-02-23 23:03:38,PUNE,Cloudy,0.02,10.62,1.1,16.2,56.5
2026-05-28 04:57:40,PUNE,Rain,0.71,2.67,21.3,15.0,31.9
2026-01-04 02:54:11,PUNE,Clear,0.24,7.32,1.2,10.4,68.7
2026-04-02 19:05:57,PUNE,Rain,0.33,5.27,11.5,29.9,61.1
2026-04-04 02:03:26,PUNE,Cloudy,0.25,7.72,1.0,14.4,74.9
2026-03-10 14:46:53,PUNE,Clear,0.26,7.6,0.8,20.9,67.3
2026-02-24 23:54:03,PUNE,Cloudy,0.29,7.33,0.1,28.6,52.5
2026-02-12 20:02:51,PUNE,Cloudy,0.16,8.11,0.8,23.6,59.9
2026-06-13 17:07:31,PUNE,Clear,0.28,8.03,0.5,15.4,58.5
2026-02-12 00:27:03,PUNE,Cloudy,0.43,6.44,0.3,32.5,54.7
2026-05-04 18:59:58,PUNE,Clear,0.51,5.06,1.0,25.0,82.6
2026-01-28 03:49:42,PUNE,Clear,0.19,8.04,1.0,24.1,72.3
2026-01-28 14:25:04,PUNE,Cloudy,0.31,7.75,0.8,14.3,87.1
2026-03-22 21:03:27,PUNE,Clear,0.1,9.07,0.9,25.6,80.9
2026-01-08 11:52:51,PUNE,Clear,0.41,6.42,0.3,41.4,43.0
2026-01-18 01:14:28,PUNE,Clear,0.18,8.16,0.0,18.3,40.7
2026-01-08 04:58:33,PUNE,Cloudy,0.18,7.73,1.3,7.4,35.9
2026-04-12 21:38:28,PUNE,Fog,0.57,4.91,0.9,23.2,94.0
2026-04-05 21:31:22,PUNE,Clear,0.5,5.84,0.2,28.8,69.0
2026-04-18 03:31:09,PUNE,Clear,0.33,6.79,0.5,23.9,51.0
2026-02-23 22:27:03,PUNE,Clear,0.19,8.32,0.4,22.7,76.0
2026-02-04 17:32:59,PUNE,Clear,0.16,8.56,1.3,30.4,74.5
2026-03-13 17:05:21,PUNE,Cloudy,0.3,6.75,0.5,21.8,76.8
2026-06-22 16:57:14,PUNE,Cloudy,0.2,8.14,1.3,22.1,55.6
2026-01-14 00:04:54,PUNE,Fog,0.57,5.47,1.3,21.6,26.1
2026-02-27 01:03:16,PUNE,Clear,0.14,8.83,1.3,13.0,36.4
2026-01-01 10:32:49,PUNE,Clear,0.37,7.39,1.2,17.9,60.6
2026-05-05 04:15:33,PUNE,Fog,0.66,4.13,0.1,26.1,82.7
2026-04-04 17:35:12,PUNE,Clear,0.19,8.34,1.2,23.4,88.2
2026-06-04 20:19:38,PUNE,Clear,0.55,4.81,1.2,17.8,35.6
2026-03-16 21:50:38,PUNE,Clear,0.25,8.02,1.0,13.2,20.0
2026-05-31 11:02:55,PUNE,Cloudy,0.44,5.45,0.3,25.5,45.9
2026-05-05 06:17:38,PUNE,Clear,0.22,8.0,1.4,32.2,40.5
2026-03-20 13:42:25,PUNE,Fog,1.0,1.46,0.7,26.0,100.0
2026-02-15 16:54:10,PUNE,Cloudy,0.13,8.23,1.5,26.3,75.2
2026-03-27 21:32:55,PUNE,Cloudy,0.37,7.1,0.4,20.8,40.9
2026-04-21 15:28:25,PUNE,Clear,0.07,9.7,1.5,11.7,82.8
2026-02-08 06:41:26,PUNE,Clear,0.34,6.83,0.1,0.1,77.9
2026-05-20 01:28:55,PUNE,Clear,0.38,6.94,0.8,26.8,58.2
2026-03-25 20:36:21,PUNE,Fog,0.53,4.83,1.1,39.1,61.6
2026-02-08 07:55:57,PUNE,Clear,0.32,7.45,0.0,17.7,57.3
2026-03-26 17:05:42,PUNE,Cloudy,0.44,6.35,0.8,17.1,76.7
2026-05-10 12:53:50,PUNE,Clear,0.26,7.78,1.0,28.9,59.0
2026-02-07 06:47:18,PUNE,Clear,0.4,5.42,0.1,22.2,100.0
2026-05-31 15:19:28,PUNE,Clear,0.57,5.49,1.1,19.8,83.0
2026-04-11 14:18:34,PUNE,Clear,0.28,7.75,0.8,34.5,91.4
2026-02-03 13:24:22,PUNE,Clear,0.25,7.87,0.5,29.2,53.7
2026-01-18 18:33:35,PUNE,Clear,0.51,5.07,0.4,11.0,75.2
2026-03-08 23:32:25,PUNE,Fog,0.68,4.48,0.9,27.3,70.6
2026-04-02 00:58:25,PUNE,Rain,0.59,3.9,11.6,15.2,68.6
2026-06-08 06:34:38,PUNE,Fog,0.43,6.46,0.7,23.5,51.4
2026-05-18 10:11:33,PUNE,Clear,0.39,6.2,0.8,14.7,67.9
2026-03-18 12:24:51,PUNE,Cloudy,0.09,9.03,1.2,22.5,48.6
2026-05-17 15:28:52,PUNE,Clear,0.42,5.43,1.2,37.1,61.9
2026-01-07 07:24:16,PUNE,Clear,0.31,6.91,0.8,32.0,49.7
2026-05-09 01:04:57,PUNE,Clear,0.39,7.09,1.0,27.8,72.2
2026-01-24 17:51:23,PUNE,Clear,0.03,9.71,0.0,19.1,70.9
2026-05-09 22:43:10,PUNE,Cloudy,0.06,8.6,0.4,32.9,62.9
2026-01-31 13:24:01,PUNE,Clear,0.12,8.86,1.2,34.8,81.5
2026-06-25 07:07:03,PUNE,Clear,0.18,7.91,0.4,25.5,71.1
2026-01-20 17:24:10,PUNE,Clear,0.15,8.45,0.4,34.1,71.1
2026-06-16 06:42:47,PUNE,Clear,0.31,6.8,1.3,28.5,82.9
2026-03-26 08:51:22,PUNE,Clear,0.3,7.62,0.3,30.9,31.6
2026-02-03 06:51:48,PUNE,Cloudy,0.23,8.66,1.2,27.3,86.6
2026-05-09 12:00:10,PUNE,Clear,0.68,4.62,0.9,9.1,67.2
2026-04-30 18:55:08,PUNE,Clear,0.31,7.51,0.4,13.2,48.8
2026-03-06 14:23:33,PUNE,Rain,0.11,7.33,9.6,34.6,31.8
2026-02-23 11:31:25,PUNE,Fog,0.84,2.74,1.2,10.8,94.7
2026-05-21 07:26:46,PUNE,Cloudy,0.65,4.22,0.9,35.0,69.8
2026-01-08 08:53:46,PUNE,Cloudy,0.52,5.23,0.4,19.3,52.6
2026-02-20 12:12:43,PUNE,Clear,0.37,6.72,1.5,32.3,26.5
2026-01-15 21:29:38,PUNE,Clear,0.09,8.66,1.4,35.1,58.0
2026-02-16 10:08:46,PUNE,Rain,0.08,7.34,2.2,13.3,57.8
2026-01-13 19:25:54,PUNE,Cloudy,0.16,8.14,1.4,16.7,87.6
2026-02-24 17:49:15,PUNE,Clear,0.19,8.54,0.8,33.9,84.9
2026-03-20 18:15:48,PUNE,Cloudy,0.29,7.49,1.2,29.2,70.2
2026-05-14 03:28:50,PUNE,Rain,0.24,6.08,0.5,23.2,34.1
2026-05-04 12:08:41,PUNE,Cloudy,0.41,5.65,0.4,30.6,62.4
2026-01-07 12:53:56,PUNE,Fog,0.87,2.74,1.2,30.5,49.0
2026-04-29 01:08:12,PUNE,Clear,0.09,9.53,0.3,18.1,27.8
2026-02-22 12:48:12,PUNE,Clear,0.35,7.13,0.7,35.8,73.2
2026-06-06 11:55:13,PUNE,Cloudy,0.71,3.9,0.2,30.1,100.0
2026-04-03 06:58:51,PUNE,Fog,1.0,0.92,0.1,18.9,85.8
2026-06-29 16:42:31,PUNE,Cloudy,0.08,8.92,0.5,36.6,100.0
2026-06-17 08:08:20,PUNE,Fog,0.58,4.73,0.5,27.7,32.4
2026-06-19 16:37:38,PUNE,Clear,0.23,8.15,1.4,26.1,42.3
2026-03-18 08:52:51,PUNE,Cloudy,0.56,4.93,0.0,11.3,96.9
2026-06-13 21:56:01,PUNE,Cloudy,0.3,7.54,1.0,46.3,75.6
2026-02-12 00:56:05,PUNE,Clear,0.18,8.62,0.5,34.6,50.0
2026-03-30 15:46:25,PUNE,Clear,0.41,7.43,0.6,27.2,77.5
2026-06-16 20:09:56,PUNE,Clear,0.04,9.39,1.2,17.8,70.1
2026-04-09 17:55:37,PUNE,Clear,0.21,9.19,1.0,20.6,70.2
2026-04-11 06:12:44,PUNE,Cloudy,0.06,9.2,0.6,23.5,53.4
2026-06-08 12:40:09,PUNE,Fog,0.54,5.63,1.0,25.1,52.7
2026-05-17 10:02:00,PUNE,Clear,0.74,3.34,1.4,11.4,76.0
2026-03-15 12:38:28,PUNE,Fog,0.37,7.3,0.2,33.3,76.6
2026-03-15 11:17:19,PUNE,Rain,0.52,4.81,5.8,13.4,71.7
2026-06-26 04:50:03,PUNE,Clear,0.37,6.34,0.1,23.5,47.8
2026-03-07 08:15:26,PUNE,Clear,0.21,9.08,1.4,20.7,69.3
2026-01-04 19:20:42,PUNE,Clear,0.21,8.0,0.6,24.2,64.7
2026-01-29 10:59:06,PUNE,Clear,0.42,6.11,0.7,36.7,67.2
2026-02-26 00:14:49,PUNE,Cloudy,0.19,8.25,0.3,27.7,98.8
2026-05-19 06:59:24,PUNE,Clear,0.16,8.57,0.4,25.2,56.1
2026-06-05 02:53:45,PUNE,Cloudy,0.13,8.98,0.5,32.3,89.9
2026-01-28 02:56:05,PUNE,Clear,0.63,4.37,0.7,17.4,88.8
2026-05-20 03:12:41,PUNE,Clear,0.17,8.73,0.8,12.1,51.7
2026-01-16 14:14:11,PUNE,Clear,0.67,4.04,1.1,31.0,65.2
2026-06-14 18:04:07,PUNE,Clear,0.58,5.03,0.6,32.0,52.9
2026-03-02 08:30:06,PUNE,Clear,0.04,9.29,1.4,15.9,76.6
2026-06-27 12:42:59,PUNE,Cloudy,0.15,8.45,0.0,15.5,100.0
2026-03-11 13:54:37,PUNE,Clear,0.07,10.26,1.2,21.4,78.3
2026-01-15 16:24:25,PUNE,Clear,0.48,6.08,1.0,16.3,97.2
2026-02-17 20:36:59,PUNE,Cloudy,0.46,6.41,0.6,20.1,70.2
2026-05-08 05:58:02,PUNE,Rain,0.27,7.43,9.6,10.9,58.5
2026-02-03 09:04:54,PUNE,Clear,0.11,8.75,0.6,33.1,100.0
2026-01-31 13:37:11,PUNE,Clear,0.3,8.15,0.3,43.0,53.1
2026-02-17 01:48:15,PUNE,Cloudy,0.28,7.97,0.4,25.2,100.0
2026-05-21 19:45:38,PUNE,Clear,0.25,7.85,1.2,13.2,65.1
2026-06-25 03:36:40,PUNE,Cloudy,0.01,9.84,0.8,35.6,70.3
2026-04-12 02:20:59,PUNE,Rain,0.24,6.22,7.4,11.9,86.6
2026-02-22 15:05:55,PUNE,Fog,0.47,5.83,0.6,9.6,68.6
2026-05-15 18:28:38,PUNE,Fog,0.6,4.97,0.8,29.6,77.3
2026-06-13 14:29:02,PUNE,Clear,0.51,5.54,1.1,20.5,47.6
2026-03-21 14:52:31,PUNE,Cloudy,0.35,6.95,0.3,40.0,69.0
2026-03-10 16:33:41,PUNE,Clear,0.48,7.04,1.0,29.9,65.5
2026-03-31 14:56:43,PUNE,Clear,0.25,8.57,0.4,22.9,40.4
2026-03-08 00:22:05,PUNE,Cloudy,0.18,8.05,0.3,19.1,92.4
2026-05-06 16:54:29,PUNE,Clear,0.49,6.25,0.0,24.3,57.9
2026-02-08 08:02:21,PUNE,Cloudy,0.5,6.65,0.8,19.8,62.7
2026-02-28 08:07:14,PUNE,Cloudy,0.68,5.1,1.3,26.3,83.8
2026-04-16 18:16:54,PUNE,Clear,0.07,9.56,1.0,35.8,79.5
2026-02-23 21:57:16,PUNE,Cloudy,0.2,7.91,1.2,15.6,70.5
2026-05-28 14:12:36,PUNE,Cloudy,0.38,6.69,1.3,21.2,76.5
2026-06-28 12:25:57,PUNE,Rain,0.29,6.89,8.5,21.9,58.1
2026-02-05 15:38:20,PUNE,Clear,0.33,6.83,0.2,28.7,77.4
2026-01-22 19:02:15,PUNE,Clear,0.32,7.27,0.2,38.9,40.6
2026-05-08 03:12:19,PUNE,Clear,0.42,6.19,0.3,22.5,65.4
2026-01-26 21:07:00,PUNE,Clear,0.14,8.24,0.1,13.9,62.3
2026-04-23 01:40:22,PUNE,Clear,0.24,8.15,0.9,25.2,62.3
2026-03-27 10:40:05,PUNE,Clear,0.52,6.61,0.6,7.4,95.6
2026-03-16 10:18:56,PUNE,Clear,0.29,7.6,1.2,19.7,74.3
2026-03-07 19:06:38,PUNE,Clear,0.3,7.27,1.4,28.8,100.0
2026-04-30 00:30:13,PUNE,Clear,0.16,8.24,1.3,37.2,43.9
2026-04-29 18:21:13,PUNE,Clear,0.05,8.67,1.4,29.3,80.9
2026-01-11 14:55:11,PUNE,Rain,0.5,4.81,4.5,34.2,55.5
2026-01-03 12:57:55,PUNE,Clear,0.21,8.45,0.3,16.3,74.5
2026-05-28 08:36:04,PUNE,Rain,0.26,6.36,22.3,27.3,38.0
2026-03-14 10:28:58,PUNE,Rain,0.19,6.75,3.2,43.0,80.3
2026-05-30 19:38:54,PUNE,Cloudy,0.45,6.15,0.8,30.0,57.8
2026-03-24 15:26:39,PUNE,Cloudy,0.23,7.07,1.1,17.4,87.1
2026-01-03 18:31:41,PUNE,Cloudy,0.19,8.9,0.5,16.9,63.1
2026-03-22 19:29:28,PUNE,Cloudy,0.11,9.23,0.3,24.7,91.5
2026-03-16 02:00:33,PUNE,Rain,0.34,6.14,6.7,28.2,51.8
2026-02-23 12:29:20,PUNE,Rain,0.29,6.96,16.5,22.7,72.5
2026-04-01 02:53:18,PUNE,Cloudy,0.34,6.89,0.4,30.9,61.3
2026-04-23 23:24:46,PUNE,Clear,0.34,6.67,0.5,31.9,58.1
2026-05-19 17:34:27,PUNE,Clear,0.11,9.5,0.7,37.7,60.3
2026-03-07 10:15:46,PUNE,Clear,0.34,7.52,0.6,32.2,32.3
2026-01-16 15:54:19,PUNE,Clear,0.24,8.09,0.1,22.8,71.6
2026-03-29 18:10:01,PUNE,Fog,0.68,4.63,1.0,18.6,72.1
2026-06-14 06:11:24,PUNE,Clear,0.03,9.36,0.0,36.9,57.5
2026-02-10 11:23:48,PUNE,Cloudy,0.48,5.25,0.1,22.2,75.5
2026-04-21 09:46:27,PUNE,Rain,0.37,5.3,12.5,9.0,75.9
2026-04-24 12:11:16,PUNE,Clear,0.24,8.19,0.9,27.7,69.4
2026-02-05 05:44:26,PUNE,Clear,0.3,7.95,0.8,24.7,55.4
2026-02-21 02:00:55,PUNE,Clear,0.35,7.61,0.3,36.0,51.3
2026-03-26 09:19:47,PUNE,Cloudy,0.13,9.37,0.5,19.3,58.4
2026-04-13 07:14:58,PUNE,Clear,0.28,8.75,0.2,18.2,66.0
2026-02-05 00:07:15,PUNE,Clear,0.21,7.49,1.0,28.2,65.0
2026-01-28 10:24:53,PUNE,Clear,0.05,9.64,1.2,33.9,57.9
2026-06-28 09:14:34,PUNE,Cloudy,0.12,8.16,0.2,24.3,46.6
2026-03-10 05:14:23,PUNE,Rain,0.36,6.6,7.0,27.8,60.9
2026-03-08 12:36:43,PUNE,Fog,0.61,5.03,0.4,22.0,80.7
2026-05-22 14:19:14,PUNE,Clear,0.35,6.97,1.0,19.1,58.0
2026-02-28 23:30:06,PUNE,Clear,0.37,7.51,1.0,38.3,59.9
2026-04-17 05:42:21,PUNE,Fog,0.39,7.18,1.4,33.0,61.3
2026-05-13 06:48:20,PUNE,Clear,0.38,7.64,0.9,15.0,77.5
2026-02-11 08:52:00,PUNE,Cloudy,0.2,7.83,1.2,32.7,65.4
2026-06-13 22:20:53,PUNE,Clear,0.15,8.51,1.0,21.1,67.6
2026-05-03 06:05:01,PUNE,Fog,0.85,3.13,0.8,39.2,93.4
2026-01-24 02:43:31,PUNE,Clear,0.03,9.89,1.4,35.6,66.4
2026-03-12 09:24:16,PUNE,Fog,0.63,3.99,1.0,24.6,83.5
2026-05-17 10:19:09,PUNE,Clear,0.16,8.75,0.6,36.3,68.8
2026-03-16 14:09:51,PUNE,Clear,0.12,9.17,0.4,21.9,35.8
2026-01-05 02:19:31,PUNE,Rain,0.46,4.23,4.6,29.8,72.0
2026-02-19 02:19:23,PUNE,Fog,0.5,5.84,0.7,22.5,63.6
2026-03-04 06:02:26,PUNE,Clear,0.24,8.49,0.5,28.2,93.5
2026-06-30 05:12:52,PUNE,Fog,0.6,4.09,1.2,12.8,93.6
2026-03-31 04:10:06,PUNE,Clear,0.11,8.23,0.2,13.9,37.5
2026-03-01 17:49:41,PUNE,Clear,0.14,7.98,0.8,8.7,49.7
2026-06-17 12:38:07,PUNE,Clear,0.31,7.65,1.2,20.2,67.5
2026-03-26 08:30:41,PUNE,Clear,0.31,7.2,0.5,29.5,45.5
2026-01-23 08:57:17,PUNE,Fog,0.5,5.57,0.9,33.5,52.6
2026-04-01 13:12:31,PUNE,Fog,0.7,4.02,0.8,19.9,82.8
2026-05-20 02:28:42,PUNE,Clear,0.24,7.73,1.0,30.0,40.2
2026-02-15 01:57:50,PUNE,Clear,0.23,7.09,1.1,23.6,66.5
2026-01-26 19:59:56,PUNE,Fog,0.56,5.6,1.2,26.8,53.6
2026-06-11 07:33:35,PUNE,Clear,0.15,9.45,0.3,31.0,53.2
2026-03-15 19:53:54,PUNE,Clear,0.37,7.66,0.3,20.2,48.7
2026-04-08 19:24:51,PUNE,Fog,0.5,6.51,0.6,22.2,69.2
2026-02-21 04:26:58,PUNE,Clear,0.35,7.06,0.3,32.7,69.0
2026-02-09 23:17:22,PUNE,Rain,0.17,6.6,4.6,29.0,39.2
2026-04-29 02:26:14,PUNE,Cloudy,0.18,8.69,1.1,23.4,92.1
2026-05-16 04:57:18,PUNE,Clear,0.11,9.08,0.7,24.5,57.3
2026-05-01 05:43:59,PUNE,Cloudy,0.38,7.06,0.2,24.6,78.5
2026-02-08 11:21:07,PUNE,Fog,0.7,4.15,0.4,17.3,52.3
2026-05-17 14:23:11,PUNE,Clear,0.32,6.98,0.2,31.6,40.9
2026-04-08 09:22:01,PUNE,Clear,0.27,7.79,0.4,28.1,69.0
2026-06-19 13:13:56,PUNE,Clear,0.36,6.89,1.3,25.3,88.1
2026-06-29 16:44:02,PUNE,Clear,0.43,5.48,0.8,15.7,73.6
2026-05-01 03:12:57,PUNE,Cloudy,0.28,7.68,1.0,28.0,61.7
2026-04-23 21:57:57,PUNE,Cloudy,0.12,8.57,0.6,20.3,63.8
2026-01-13 04:08:48,PUNE,Clear,0.4,5.9,0.6,14.5,58.8
2026-06-26 23:13:36,PUNE,Clear,0.26,7.64,1.3,34.2,89.2
2026-06-19 21:35:45,PUNE,Clear,0.42,7.08,0.6,21.1,78.4
2026-03-30 02:54:04,PUNE,Cloudy,0.09,9.64,0.1,19.3,69.9
2026-01-16 22:01:00,PUNE,Fog,0.6,5.91,1.5,33.9,60.7
2026-02-10 02:40:59,PUNE,Rain,0.16,7.66,11.5,30.4,54.0
2026-03-18 06:16:05,PUNE,Fog,0.67,3.96,1.1,38.8,93.6
2026-03-24 15:46:30,PUNE,Clear,0.45,6.33,1.1,19.9,86.1
2026-06-08 02:39:14,PUNE,Fog,0.59,4.8,0.6,26.8,68.4
2026-05-29 20:36:50,PUNE,Clear,0.27,7.19,0.4,6.0,56.3
2026-05-03 15:06:14,PUNE,Clear,0.53,5.7,1.1,18.0,65.0
2026-01-29 00:48:10,PUNE,Cloudy,0.4,6.99,1.1,35.3,52.5
2026-06-02 23:46:27,PUNE,Cloudy,0.48,6.19,0.2,23.7,97.8
2026-03-22 15:14:42,PUNE,Clear,0.28,7.98,0.1,19.7,60.8
2026-02-26 15:08:09,PUNE,Clear,0.05,9.4,0.9,27.6,51.7
2026-01-01 16:25:16,PUNE,Fog,0.6,4.48,0.7,29.4,51.7
2026-01-18 11:50:31,PUNE,Clear,0.6,4.63,0.2,23.5,71.2
2026-06-22 13:03:25,PUNE,Clear,0.14,8.38,1.3,20.9,91.5
2026-03-18 16:22:31,PUNE,Clear,0.19,7.97,0.5,31.8,82.6
2026-06-21 09:12:09,PUNE,Clear,0.7,2.72,1.1,25.7,100.0
2026-02-15 09:30:39,PUNE,Clear,0.39,6.48,0.7,11.8,56.4
2026-05-06 01:01:31,PUNE,Fog,0.45,5.86,0.7,36.8,62.0
2026-02-25 04:44:45,PUNE,Rain,0.15,8.34,2.1,26.1,62.8
2026-06-15 17:36:43,PUNE,Clear,0.47,6.18,0.1,21.0,68.4
2026-01-04 05:05:00,PUNE,Rain,0.45,4.27,7.7,34.5,70.9
2026-05-21 02:32:37,PUNE,Rain,0.25,6.88,8.5,40.5,47.7
2026-05-07 09:36:06,PUNE,Clear,0.53,5.53,0.4,22.4,83.8
2026-01-22 18:10:46,PUNE,Clear,0.19,9.16,0.2,26.1,64.0
2026-05-09 09:40:16,PUNE,Rain,0.14,8.15,12.8,14.3,75.2
2026-04-03 12:35:37,PUNE,Clear,0.3,7.32,0.8,33.0,50.8
2026-01-28 13:32:50,PUNE,Cloudy,0.1,9.09,0.0,28.5,52.5
2026-02-26 19:38:57,PUNE,Clear,0.31,6.5,0.6,17.6,66.5
2026-05-30 08:44:32,PUNE,Cloudy,0.37,7.07,0.4,21.5,63.5
2026-03-07 03:25:42,PUNE,Rain,0.06,8.01,13.0,37.6,82.7
2026-03-21 14:31:27,PUNE,Clear,0.0,9.75,0.1,13.3,70.0
2026-05-21 06:48:57,PUNE,Fog,0.82,2.88,0.4,30.9,58.7
2026-03-09 12:28:41,PUNE,Clear,0.07,9.41,0.2,17.7,60.8
2026-03-16 15:20:15,PUNE,Clear,0.08,8.41,0.8,28.0,70.1
2026-05-09 15:37:53,PUNE,Rain,0.17,6.2,22.0,24.7,53.4
2026-01-23 18:15:43,PUNE,Cloudy,0.35,6.92,0.8,17.3,79.7
2026-01-16 11:57:53,PUNE,Clear,0.25,8.74,0.6,20.4,69.1
2026-05-20 00:44:15,PUNE,Fog,1.0,1.85,0.8,21.5,76.9
2026-03-10 00:29:04,PUNE,Cloudy,0.34,7.29,0.4,22.0,64.7
2026-02-15 07:13:56,PUNE,Clear,0.39,6.9,0.3,24.9,58.2
2026-01-27 07:49:29,PUNE,Rain,0.24,7.17,5.1,14.6,40.6
2026-06-03 04:49:13,PUNE,Clear,0.01,9.65,0.2,30.8,88.9
2026-05-04 17:42:22,PUNE,Clear,0.17,8.84,0.2,27.2,64.0
2026-02-10 06:23:54,PUNE,Clear,0.18,8.74,0.4,23.6,62.7
2026-05-07 20:54:12,PUNE,Cloudy,0.13,8.7,0.1,15.2,78.5
2026-04-12 02:43:51,PUNE,Fog,0.56,5.23,0.9,27.6,35.4
2026-01-27 06:40:10,PUNE,Clear,0.46,6.52,0.7,24.3,34.0
2026-01-09 09:14:33,PUNE,Clear,0.26,7.68,0.5,21.9,66.6
2026-04-12 12:50:19,PUNE,Cloudy,0.64,4.31,0.4,17.4,55.9
2026-01-08 16:19:58,PUNE,Clear,0.51,6.04,0.1,29.8,62.5
2026-03-14 15:44:40,PUNE,Clear,0.06,9.47,1.1,35.5,44.8
2026-03-24 08:27:55,PUNE,Cloudy,0.08,8.93,0.5,25.2,66.2
2026-04-09 15:25:46,PUNE,Clear,0.42,6.58,0.2,20.3,60.9
2026-03-07 14:27:52,PUNE,Fog,0.37,7.62,1.0,26.9,86.7
2026-05-03 15:30:16,PUNE,Rain,0.31,5.7,2.7,24.7,76.6
2026-06-19 20:02:25,PUNE,Fog,0.43,6.6,0.6,24.3,86.0
2026-02-18 13:43:55,PUNE,Clear,0.39,6.41,1.5,31.0,51.8
2026-02-02 02:27:22,PUNE,Clear,0.32,7.93,0.1,32.2,66.0
2026-06-13 22:20:04,PUNE,Cloudy,0.17,7.57,1.0,6.0,63.7
2026-06-22 19:43:40,PUNE,Fog,0.56,4.96,1.0,20.8,75.3
2026-03-20 13:46:11,PUNE,Fog,0.94,1.71,0.3,31.7,65.1
2026-01-07 08:44:32,PUNE,Clear,0.32,7.21,1.3,12.5,97.4
2026-02-24 23:29:42,PUNE,Clear,0.12,8.81,0.9,14.6,52.1
2026-05-24 15:15:37,PUNE,Clear,0.13,8.75,0.1,14.2,31.2
2026-02-11 11:08:20,PUNE,Clear,0.3,8.07,1.3,25.5,47.2
2026-03-06 03:04:33,PUNE,Clear,0.3,6.81,0.0,22.5,77.8
2026-05-19 00:36:14,PUNE,Clear,0.26,7.79,0.3,26.4,57.2
2026-05-06 03:13:10,PUNE,Clear,0.24,7.55,0.5,15.4,62.1
2026-03-23 06:41:15,PUNE,Clear,0.55,4.6,0.2,24.3,79.7
2026-06-16 17:14:41,PUNE,Rain,0.64,3.68,20.7,24.3,100.0
2026-04-04 02:21:18,PUNE,Clear,0.31,7.45,0.7,22.0,78.5
2026-05-15 03:03:59,PUNE,Cloudy,0.3,7.31,0.7,19.7,72.9
2026-01-08 00:48:47,PUNE,Clear,0.14,8.87,0.1,30.8,67.1
2026-01-29 04:33:28,PUNE,Fog,0.62,4.35,0.1,25.0,31.3
2026-04-29 01:44:27,PUNE,Clear,0.16,9.16,0.2,32.5,27.7
2026-04-08 05:03:02,PUNE,Rain,0.28,6.1,12.7,48.8,86.5
2026-04-01 09:39:59,PUNE,Clear,0.22,8.21,1.4,33.2,44.3
2026-04-11 19:43:15,PUNE,Clear,0.17,8.52,1.1,36.1,68.6
2026-01-25 10:39:30,PUNE,Clear,0.1,9.63,0.5,20.5,32.5
2026-04-21 19:16:56,PUNE,Cloudy,0.23,8.44,0.0,20.4,36.3
2026-06-21 15:34:06,PUNE,Clear,0.19,8.01,0.7,32.0,64.9
2026-06-03 23:29:59,PUNE,Clear,0.24,7.64,1.0,9.5,85.0
2026-02-23 14:29:53,PUNE,Cloudy,0.2,8.14,0.6,28.6,52.6
2026-03-04 16:48:32,PUNE,Clear,0.1,8.66,1.0,26.1,48.8
2026-01-10 04:12:57,PUNE,Fog,0.69,3.71,0.9,33.0,46.3
2026-04-23 12:05:13,PUNE,Cloudy,0.18,8.55,0.9,12.4,53.1
2026-01-02 14:57:07,PUNE,Clear,0.52,5.59,1.5,16.0,78.7
2026-02-09 06:26:53,PUNE,Rain,0.38,6.23,17.0,36.4,100.0
2026-06-11 12:51:21,PUNE,Clear,0.11,8.9,1.3,32.6,100.0
2026-06-01 08:35:43,PUNE,Rain,0.19,8.02,8.4,20.8,82.4
2026-01-26 20:09:00,PUNE,Clear,0.41,6.88,1.2,31.2,59.8
2026-01-29 19:13:31,PUNE,Clear,0.45,6.77,1.0,20.1,47.3
2026-06-09 22:21:49,PUNE,Cloudy,0.3,7.4,0.6,27.1,79.8
2026-05-12 19:15:54,PUNE,Rain,0.03,8.91,6.6,13.1,60.2
2026-05-02 18:21:22,PUNE,Clear,0.23,7.43,0.7,15.2,26.6
2026-04-10 16:14:14,PUNE,Clear,0.59,4.98,0.9,17.9,52.5
2026-05-31 17:45:11,PUNE,Fog,0.7,4.12,0.4,35.9,75.6
2026-05-27 08:37:12,PUNE,Fog,0.65,4.09,0.6,36.9,65.6
2026-05-01 04:13:11,PUNE,Clear,0.34,7.11,0.0,27.4,60.9
2026-04-05 15:02:12,PUNE,Cloudy,0.05,10.18,0.9,12.3,63.0
2026-02-02 05:30:13,PUNE,Clear,0.45,6.16,0.2,7.5,74.8
2026-02-02 12:09:15,PUNE,Clear,0.34,7.96,0.7,19.5,62.2
2026-02-03 04:42:09,PUNE,Clear,0.03,10.24,1.3,16.9,80.0
2026-05-02 11:21:10,PUNE,Clear,0.37,7.23,0.8,4.5,53.9
2026-05-28 19:07:56,PUNE,Cloudy,0.19,8.53,0.4,21.2,46.7
2026-04-12 07:35:26,PUNE,Rain,0.25,6.78,4.1,11.1,79.7
2026-06-25 07:07:27,PUNE,Cloudy,0.28,7.53,0.9,22.8,73.7
2026-03-08 11:21:29,PUNE,Fog,0.93,2.1,0.8,7.8,85.2
2026-06-20 13:42:48,PUNE,Fog,0.55,5.06,0.1,18.3,61.2
2026-02-21 14:04:35,PUNE,Cloudy,0.36,7.17,1.0,18.1,70.0
2026-04-11 11:49:13,PUNE,Cloudy,0.76,2.65,0.8,20.0,59.7
2026-05-19 15:45:45,PUNE,Clear,0.16,9.03,1.4,37.9,53.0
2026-04-03 02:17:09,PUNE,Fog,0.78,3.89,1.4,26.1,63.6
2026-01-08 16:08:20,PUNE,Clear,0.2,8.71,1.2,16.2,91.7
2026-06-12 00:57:37,PUNE,Clear,0.07,9.67,1.4,13.7,86.0
2026-01-14 22:09:37,PUNE,Clear,0.47,5.37,1.1,23.3,81.9
2026-06-08 20:38:49,PUNE,Clear,0.29,6.98,0.6,17.3,70.8
2026-01-22 16:08:02,PUNE,Clear,0.12,9.52,0.3,15.9,75.1
2026-01-02 05:53:24,PUNE,Cloudy,0.25,7.33,1.2,10.8,61.6
2026-03-08 23:15:06,PUNE,Cloudy,0.17,8.6,1.1,15.9,65.1
2026-02-04 02:36:21,PUNE,Cloudy,0.18,8.1,0.3,24.5,56.0
2026-04-16 06:12:35,PUNE,Clear,0.21,9.13,0.1,13.9,36.9
2026-01-23 14:08:19,PUNE,Clear,0.29,8.09,1.1,20.9,80.1
2026-06-28 22:15:42,PUNE,Cloudy,0.28,7.48,1.2,25.3,56.4
2026-03-25 17:31:19,PUNE,Cloudy,0.19,8.67,1.4,6.6,93.1
2026-03-21 12:19:50,PUNE,Clear,0.23,8.15,0.3,15.0,57.6
2026-03-03 12:24:02,PUNE,Clear,0.23,8.02,1.4,27.7,81.9
2026-04-07 07:41:54,PUNE,Cloudy,0.54,5.95,0.1,29.1,79.5
2026-04-05 10:02:58,PUNE,Cloudy,0.79,3.29,1.3,19.4,74.2
2026-05-22 01:36:25,PUNE,Clear,0.37,6.29,1.5,27.0,85.4
2026-05-26 15:03:13,PUNE,Clear,0.25,7.73,0.1,25.8,84.0
2026-01-11 03:36:46,PUNE,Clear,0.14,8.87,1.2,16.3,100.0
2026-02-13 08:14:51,PUNE,Clear,0.27,7.16,1.0,22.9,38.4
2026-06-02 23:50:04,PUNE,Cloudy,0.07,9.1,0.2,29.5,54.5
2026-06-01 21:27:33,PUNE,Rain,0.42,5.31,11.1,33.5,87.0
2026-02-20 21:06:41,PUNE,Cloudy,0.15,8.47,0.1,21.6,45.2
2026-01-24 12:50:24,PUNE,Clear,0.46,6.24,1.4,21.3,57.3
2026-01-17 00:00:49,PUNE,Clear,0.38,7.43,0.6,25.8,68.5
2026-06-15 14:53:24,PUNE,Fog,0.44,6.06,1.3,26.3,69.4
2026-04-17 15:31:19,PUNE,Clear,0.32,7.93,0.6,4.3,72.5
2026-06-03 02:32:41,PUNE,Clear,0.29,7.13,1.5,39.9,80.8
2026-04-08 20:28:31,PUNE,Clear,0.11,8.46,1.4,29.1,68.2
2026-04-03 11:44:23,PUNE,Clear,0.3,7.35,0.8,23.5,48.5
2026-05-06 04:15:51,PUNE,Fog,0.5,6.15,0.7,23.2,52.3
2026-04-20 13:19:55,PUNE,Cloudy,0.54,5.13,0.7,29.9,48.1
2026-05-31 11:24:38,PUNE,Rain,0.16,7.96,2.9,23.9,100.0
2026-02-07 05:32:46,PUNE,Fog,0.7,3.38,0.6,16.0,85.1
2026-06-02 23:12:21,PUNE,Clear,0.22,7.08,0.3,29.5,76.8
2026-05-30 20:37:51,PUNE,Clear,0.26,7.79,0.2,17.3,76.2
2026-02-24 20:47:51,PUNE,Clear,0.21,8.41,0.2,33.9,78.9
2026-02-25 18:38:47,PUNE,Clear,0.27,6.76,0.5,29.9,79.5
2026-03-13 08:51:31,PUNE,Rain,0.23,6.34,24.2,27.2,23.9
2026-03-02 15:12:28,PUNE,Clear,0.37,6.34,0.0,15.6,59.6
2026-05-31 18:52:12,PUNE,Cloudy,0.5,6.24,0.4,16.7,81.6
2026-03-13 11:57:17,PUNE,Clear,0.73,4.02,1.2,13.1,65.5
2026-03-16 02:58:02,PUNE,Rain,0.25,7.39,19.2,18.1,75.9
2026-06-24 15:24:21,PUNE,Clear,0.16,9.13,1.0,23.7,60.0
2026-06-09 01:13:06,PUNE,Rain,0.34,6.16,4.1,28.2,80.1
2026-05-14 22:07:13,PUNE,Clear,0.17,9.05,1.1,23.1,57.0
2026-04-06 04:20:25,PUNE,Clear,0.63,3.61,0.6,31.9,44.4
2026-03-19 07:38:16,PUNE,Cloudy,0.15,8.32,1.3,25.1,75.1
2026-03-06 13:40:42,PUNE,Fog,0.69,3.92,1.0,29.1,66.5
2026-01-15 18:32:54,PUNE,Cloudy,0.59,5.09,0.7,23.5,64.1
2026-04-11 02:48:54,PUNE,Clear,0.59,4.61,0.0,22.8,59.4
2026-02-24 09:29:45,PUNE,Fog,0.75,4.09,1.1,26.9,42.9
2026-03-17 20:09:37,PUNE,Rain,0.49,5.12,10.7,30.1,66.4
2026-06-13 18:00:47,PUNE,Clear,0.42,7.13,1.0,24.8,62.9
2026-05-12 23:03:56,PUNE,Clear,0.12,8.55,1.5,23.4,67.8
2026-03-08 10:45:25,PUNE,Clear,0.12,8.17,1.2,23.5,58.6
2026-02-25 09:38:17,PUNE,Fog,0.74,4.11,0.3,14.3,94.9
2026-06-07 04:10:05,PUNE,Clear,0.47,6.03,1.0,35.1,74.5
2026-05-10 09:45:12,PUNE,Clear,0.47,6.16,1.3,31.3,100.0
2026-05-30 11:16:30,PUNE,Cloudy,0.67,4.57,0.1,25.8,63.2
2026-03-07 18:48:19,PUNE,Clear,0.16,8.63,0.1,23.8,70.2
2026-02-23 00:00:31,PUNE,Clear,0.46,6.18,1.0,18.5,77.9
2026-06-16 13:21:45,PUNE,Fog,0.49,5.46,0.7,15.5,88.5
2026-06-16 10:02:45,PUNE,Cloudy,0.78,3.64,1.4,14.0,89.6
2026-06-21 16:56:59,PUNE,Clear,0.23,8.67,0.5,1.4,20.0
2026-05-23 05:15:06,PUNE,Clear,0.35,6.28,0.0,28.4,34.9
2026-04-14 23:45:43,PUNE,Clear,0.11,8.29,0.9,27.8,53.9
2026-03-11 17:46:11,PUNE,Clear,0.75,3.52,1.2,23.6,84.6
2026-05-15 03:22:41,PUNE,Cloudy,0.12,9.33,0.3,31.4,58.9
2026-04-12 05:11:27,PUNE,Clear,0.12,7.53,1.2,23.4,31.0
2026-04-22 07:31:53,PUNE,Clear,0.58,5.13,0.0,18.3,100.0
2026-03-09 03:23:19,PUNE,Clear,0.21,8.67,0.5,26.8,60.1
2026-03-30 20:14:48,PUNE,Fog,0.41,6.07,0.7,25.1,92.9
2026-05-14 19:29:00,PUNE,Cloudy,0.09,10.43,0.7,32.3,56.9
2026-06-12 11:14:12,PUNE,Clear,0.61,4.93,1.1,20.1,100.0
2026-05-03 00:51:19,PUNE,Rain,0.26,5.75,6.6,26.2,79.6
2026-04-25 01:22:27,PUNE,Clear,0.31,7.25,0.6,25.3,65.0
2026-03-12 20:09:57,PUNE,Clear,0.1,9.85,0.2,17.7,58.9
2026-02-12 11:08:37,PUNE,Clear,0.08,9.58,1.1,15.1,73.4
2026-03-26 15:26:53,PUNE,Fog,0.84,3.07,0.6,27.2,67.0
2026-06-20 11:33:09,PUNE,Clear,0.14,8.75,1.0,16.5,75.2
2026-02-02 10:13:28,PUNE,Rain,0.42,5.16,10.2,5.8,52.4
2026-04-23 06:52:54,PUNE,Clear,0.02,9.76,0.2,21.6,83.4
2026-03-31 11:14:28,PUNE,Clear,0.36,6.86,1.4,20.4,87.9
2026-04-18 01:13:02,PUNE,Fog,0.69,3.49,0.1,30.3,54.7
2026-06-15 16:07:54,PUNE,Clear,0.6,4.44,0.5,10.0,67.6
2026-01-23 17:40:17,PUNE,Clear,0.16,8.63,0.8,33.2,61.5
2026-05-29 21:17:26,PUNE,Cloudy,0.56,5.37,0.8,20.8,87.7
2026-03-30 16:06:45,PUNE,Clear,0.44,6.23,0.3,35.8,96.1
2026-05-29 09:16:48,PUNE,Clear,0.17,7.61,0.3,27.5,70.5
2026-06-23 15:49:52,PUNE,Clear,0.22,8.29,0.9,36.7,74.4
2026-02-12 15:40:17,PUNE,Fog,0.92,3.12,0.3,29.8,100.0
2026-04-02 02:21:48,PUNE,Clear,0.52,5.67,0.1,30.5,82.5
2026-02-14 20:00:29,PUNE,Clear,0.08,10.07,1.4,6.2,59.5
2026-05-19 07:07:25,PUNE,Clear,0.4,6.3,0.2,37.9,79.8
2026-06-11 01:28:17,PUNE,Rain,0.19,7.08,12.1,26.3,51.2
2026-02-04 16:34:28,PUNE,Clear,0.39,6.58,0.0,30.5,65.5
2026-04-12 22:16:51,PUNE,Clear,0.44,6.64,1.2,31.2,55.6
2026-02-25 11:04:56,PUNE,Clear,0.27,7.59,0.9,26.0,59.2
2026-02-08 11:51:00,PUNE,Clear,0.14,9.53,0.3,17.3,56.2
2026-06-08 14:57:34,PUNE,Clear,0.75,4.25,0.6,27.9,100.0
2026-01-02 17:20:15,PUNE,Cloudy,0.14,8.14,0.9,33.4,24.4
2026-04-08 03:14:41,PUNE,Cloudy,0.35,6.69,0.7,13.3,73.3
2026-03-24 15:30:28,PUNE,Fog,0.67,4.89,0.7,20.9,74.4
2026-04-08 08:55:07,PUNE,Cloudy,0.1,9.61,1.2,27.2,76.7
2026-03-01 03:10:54,PUNE,Clear,0.37,6.33,1.4,28.0,34.7
2026-01-06 13:23:05,PUNE,Rain,0.26,6.81,6.5,21.9,74.9
2026-03-13 11:13:36,PUNE,Rain,0.68,2.96,2.8,28.1,94.6
2026-03-03 08:11:15,PUNE,Clear,0.41,6.33,0.2,-0.3,79.6
2026-04-18 22:54:14,PUNE,Clear,0.61,5.01,0.4,19.3,71.9
2026-02-14 08:04:21,PUNE,Clear,0.24,7.81,0.2,19.9,56.6
2026-04-03 23:26:30,PUNE,Clear,0.11,8.78,1.5,11.7,79.9
2026-05-09 16:34:59,PUNE,Clear,0.32,7.51,1.2,27.1,61.2
2026-02-18 23:57:24,PUNE,Cloudy,0.32,7.55,1.2,19.1,54.8
2026-06-11 11:06:10,PUNE,Clear,0.59,5.17,0.3,19.7,88.3
2026-03-26 08:55:38,PUNE,Fog,0.44,6.43,0.9,28.7,48.2
2026-01-24 08:46:00,PUNE,Fog,0.97,1.24,0.6,22.8,77.1
2026-02-28 09:18:33,PUNE,Clear,0.12,9.02,0.5,28.7,98.2
2026-06-14 00:53:36,PUNE,Clear,0.45,5.98,1.4,43.0,77.6
2026-02-13 14:56:05,PUNE,Fog,0.84,2.36,0.0,30.9,51.8
2026-05-30 11:44:50,PUNE,Rain,0.34,6.49,3.8,15.5,26.5
2026-05-24 00:45:07,PUNE,Cloudy,0.16,8.94,0.4,30.5,35.3
2026-02-08 20:05:12,PUNE,Rain,0.21,7.02,7.9,42.9,100.0
2026-06-28 01:46:11,PUNE,Clear,0.49,6.14,0.1,29.3,75.0
2026-04-22 23:12:44,PUNE,Cloudy,0.28,7.74,1.0,19.5,56.3
2026-02-17 10:39:14,PUNE,Clear,0.04,9.95,0.3,19.3,89.0
2026-02-02 17:54:03,PUNE,Clear,0.31,7.34,0.2,23.6,76.4
2026-06-15 13:33:25,PUNE,Fog,0.41,6.87,1.4,33.0,49.6
2026-05-10 08:31:45,PUNE,Cloudy,0.64,4.38,0.0,27.0,68.9
2026-03-28 04:23:22,PUNE,Clear,0.34,7.32,1.1,26.5,43.6
2026-04-16 00:02:26,PUNE,Fog,0.4,7.01,0.2,16.6,91.0
2026-02-13 17:54:02,PUNE,Clear,0.28,7.51,0.1,17.9,61.3
2026-04-19 18:30:45,PUNE,Clear,0.04,10.18,1.1,30.3,77.2
2026-05-31 00:02:49,PUNE,Clear,0.38,6.61,0.6,45.8,70.0
2026-06-25 08:42:15,PUNE,Fog,0.56,5.86,0.6,17.8,64.7
2026-01-03 23:48:07,PUNE,Rain,0.5,3.73,10.4,36.9,50.6
2026-04-06 19:08:01,PUNE,Clear,0.22,8.3,0.0,12.9,66.1
2026-05-15 13:06:12,PUNE,Clear,0.29,7.74,0.8,23.6,33.3
2026-03-24 09:33:52,PUNE,Clear,0.57,5.19,1.1,34.1,99.3
2026-01-19 10:31:34,PUNE,Cloudy,0.27,7.58,0.8,27.6,33.9
2026-01-17 08:02:57,PUNE,Clear,0.1,9.0,0.5,24.7,100.0
2026-06-26 07:03:28,PUNE,Fog,0.66,4.08,1.5,36.2,66.2
2026-05-29 23:40:13,PUNE,Fog,0.47,6.28,1.5,16.6,73.2
2026-02-23 08:48:09,PUNE,Cloudy,0.28,6.94,1.3,13.7,86.7
2026-02-26 05:21:32,PUNE,Clear,0.38,7.83,1.3,11.2,52.1
2026-03-21 09:31:25,PUNE,Clear,0.56,5.27,0.8,32.1,38.1
2026-05-05 05:42:42,PUNE,Clear,0.61,4.99,1.2,33.9,75.9
2026-02-02 12:49:59,PUNE,Clear,0.5,5.56,0.6,27.0,54.8
2026-06-08 05:54:24,PUNE,Clear,0.44,5.91,0.0,3.0,42.6
2026-03-03 04:59:01,PUNE,Fog,0.56,5.58,1.2,16.1,68.2
2026-04-23 20:19:00,PUNE,Clear,0.31,8.26,1.3,28.5,74.4
2026-04-08 08:32:48,PUNE,Clear,0.05,9.94,0.7,25.0,68.0
2026-04-10 06:24:15,PUNE,Rain,0.28,6.26,6.9,7.2,94.6
2026-04-09 21:51:30,PUNE,Clear,0.39,6.43,1.3,-1.4,41.6
2026-02-26 18:28:43,PUNE,Clear,0.22,8.25,0.1,16.1,42.4
2026-04-25 06:14:45,PUNE,Rain,0.32,6.61,8.5,22.2,62.2
2026-05-03 01:54:43,PUNE,Rain,0.31,5.79,2.9,36.5,54.4
2026-04-04 19:03:50,PUNE,Cloudy,0.71,4.17,1.1,17.6,87.8
2026-02-23 06:38:09,PUNE,Cloudy,0.38,6.95,0.6,32.7,38.9
2026-04-10 09:58:39,PUNE,Clear,0.23,8.12,0.4,24.6,42.4
2026-06-30 02:49:53,PUNE,Clear,0.1,9.81,1.1,14.1,56.7
2026-01-18 23:17:15,PUNE,Clear,0.41,6.81,0.7,23.7,77.4
2026-05-04 15:38:18,PUNE,Rain,0.45,5.92,1.1,33.9,59.8
2026-04-23 16:42:54,PUNE,Fog,0.5,6.19,1.4,12.0,79.5
2026-02-14 14:44:44,PUNE,Clear,0.5,6.44,1.4,37.3,56.3
2026-06-14 07:28:14,PUNE,Clear,0.28,7.73,1.1,15.3,100.0
2026-01-16 06:11:15,PUNE,Clear,0.08,9.54,1.3,17.6,80.8
2026-03-25 20:57:16,PUNE,Clear,0.34,7.28,1.2,24.0,84.6
2026-02-04 07:46:21,PUNE,Clear,0.11,8.34,1.2,32.4,25.2
2026-02-28 10:48:38,PUNE,Cloudy,0.24,8.07,0.1,27.2,83.7
2026-02-09 01:36:05,PUNE,Clear,0.41,6.88,0.9,29.1,51.9
2026-04-21 19:55:49,PUNE,Rain,0.06,8.21,3.2,30.3,39.9
2026-02-25 10:40:33,PUNE,Fog,0.51,5.89,0.1,38.8,77.0
2026-05-18 07:20:37,PUNE,Clear,0.53,4.77,0.7,27.5,83.2
2026-04-10 23:13:57,PUNE,Clear,0.1,8.84,0.7,29.8,85.7
2026-05-11 04:18:36,PUNE,Clear,0.32,6.43,0.4,17.9,41.7
2026-04-27 14:37:11,PUNE,Cloudy,0.25,8.09,0.2,26.7,98.6
2026-02-28 19:04:51,PUNE,Cloudy,0.09,8.81,0.9,15.3,76.1
2026-02-06 04:27:55,PUNE,Clear,0.58,5.89,1.3,6.2,65.9
2026-04-08 18:53:30,PUNE,Clear,0.2,8.85,0.2,18.9,68.3
2026-04-28 06:11:33,PUNE,Cloudy,0.38,6.29,1.1,27.2,70.3
2026-01-02 17:27:30,PUNE,Clear,0.21,9.04,0.2,4.5,77.2
2026-05-30 00:43:37,PUNE,Cloudy,0.32,7.77,1.2,17.2,63.3
2026-05-05 14:28:10,PUNE,Clear,0.15,8.11,1.0,18.5,36.7
2026-01-15 19:42:27,PUNE,Clear,0.38,7.45,0.3,36.5,100.0
2026-02-21 05:52:08,PUNE,Clear,0.04,9.82,0.3,15.8,72.6
2026-02-12 09:41:15,PUNE,Rain,0.11,7.86,5.0,25.1,81.2
2026-06-21 12:11:56,PUNE,Clear,0.26,7.82,1.2,39.8,69.3
2026-04-06 04:25:48,PUNE,Cloudy,0.13,8.79,1.2,33.3,79.6
2026-05-24 12:21:35,PUNE,Clear,0.45,6.22,1.5,24.6,75.0
2026-02-06 08:45:13,PUNE,Clear,0.24,7.24,1.3,35.4,65.9
2026-05-23 07:15:26,PUNE,Cloudy,0.09,8.61,0.2,23.4,91.3
2026-03-21 13:29:34,PUNE,Rain,0.36,6.08,14.4,32.1,55.3
2026-04-24 16:46:49,PUNE,Clear,0.3,8.08,0.1,20.6,65.5
2026-04-28 15:25:14,PUNE,Cloudy,0.13,8.9,1.2,36.5,57.2
2026-02-09 20:35:57,PUNE,Clear,0.03,8.71,0.9,17.9,67.4
2026-05-03 15:33:00,PUNE,Clear,0.2,8.65,1.0,23.7,61.6
2026-04-17 02:43:01,PUNE,Cloudy,0.24,7.58,1.5,17.0,76.1
2026-03-20 22:14:37,PUNE,Clear,0.45,6.38,1.5,29.3,84.7
2026-02-12 07:35:10,PUNE,Clear,0.37,7.13,1.2,18.2,65.6
2026-05-12 17:08:04,PUNE,Rain,0.25,6.78,1.6,12.5,76.0
2026-06-20 09:59:43,PUNE,Cloudy,0.23,7.61,0.6,21.5,79.8
2026-01-26 07:02:53,PUNE,Clear,0.33,7.5,0.7,29.2,56.4
2026-04-17 15:03:17,PUNE,Rain,0.37,5.8,11.8,34.0,72.1
2026-06-19 13:28:32,PUNE,Cloudy,0.34,6.74,0.4,24.3,26.0
2026-01-28 03:19:03,PUNE,Cloudy,0.16,8.44,0.1,19.6,64.7
2026-05-22 10:27:22,PUNE,Clear,0.06,9.95,1.3,13.7,70.3
2026-04-29 13:05:15,PUNE,Cloudy,0.41,6.04,0.8,12.8,76.6
2026-02-18 18:48:28,PUNE,Fog,0.76,3.9,0.4,17.7,57.0
2026-01-30 13:16:03,PUNE,Clear,0.57,5.18,0.4,8.1,68.9
2026-04-08 14:34:11,PUNE,Rain,0.09,7.79,22.7,26.4,71.3
2026-04-26 11:56:43,PUNE,Cloudy,0.3,6.97,0.8,44.9,72.1
2026-04-25 03:14:15,PUNE,Clear,0.09,9.19,1.1,26.4,47.1
2026-01-27 07:29:44,PUNE,Clear,0.17,8.45,0.9,27.2,57.8
2026-04-04 04:59:06,PUNE,Rain,0.26,6.59,8.9,23.3,100.0
2026-03-09 20:00:03,PUNE,Clear,0.53,5.35,1.2,20.0,100.0
2026-05-04 19:30:29,PUNE,Rain,0.11,8.33,15.3,17.5,73.6
2026-04-04 04:54:58,PUNE,Rain,0.22,6.92,1.3,15.7,81.1
2026-06-23 15:17:21,PUNE,Clear,0.38,7.09,0.3,12.7,28.8
2026-03-03 02:45:09,PUNE,Clear,0.43,6.1,0.4,20.7,31.4
2026-06-21 14:23:44,PUNE,Fog,0.59,5.45,1.5,28.8,94.5
2026-01-22 10:43:34,PUNE,Clear,0.09,9.29,1.1,34.4,53.6
2026-01-23 06:54:50,PUNE,Clear,0.12,8.78,0.7,29.4,76.7
2026-06-19 03:03:46,PUNE,Cloudy,0.25,7.22,0.6,24.4,69.6
2026-01-05 03:42:41,PUNE,Clear,0.21,8.29,0.6,36.3,64.0
2026-06-22 02:59:24,PUNE,Clear,0.23,7.96,0.8,15.9,70.6
2026-01-16 01:38:09,PUNE,Cloudy,0.08,8.56,0.5,13.5,40.1
2026-02-09 07:47:58,PUNE,Fog,0.44,6.24,1.5,10.8,53.3
2026-05-20 01:24:37,PUNE,Clear,0.54,5.08,1.1,22.7,90.8
2026-03-21 19:28:25,PUNE,Clear,0.31,6.58,0.8,20.4,71.5
2026-04-22 19:08:41,PUNE,Clear,0.29,7.67,0.5,25.3,77.5
2026-06-27 20:15:01,PUNE,Cloudy,0.01,8.76,1.3,17.5,100.0
2026-05-03 06:09:42,PUNE,Clear,0.11,8.45,0.3,14.3,61.9
2026-01-22 07:57:07,PUNE,Rain,0.49,4.67,5.4,24.8,73.0
2026-02-12 19:51:50,PUNE,Clear,0.39,7.11,1.3,27.6,58.2
2026-05-21 08:34:12,PUNE,Fog,0.61,4.72,0.8,21.3,63.6
2026-04-04 22:29:59,PUNE,Clear,0.35,6.08,1.2,33.0,91.5
2026-04-29 21:16:35,PUNE,Clear,0.17,8.61,0.3,9.8,96.5
2026-06-07 02:26:12,PUNE,Cloudy,0.23,7.76,0.8,36.4,47.4
2026-02-18 06:48:08,PUNE,Clear,0.45,6.6,0.8,21.0,92.0
2026-05-25 22:39:42,PUNE,Clear,0.45,5.73,0.4,36.8,74.2
2026-02-21 14:42:05,PUNE,Clear,0.38,7.6,0.1,23.0,70.0
2026-02-19 06:52:26,PUNE,Clear,0.36,6.73,0.0,13.5,60.6
2026-04-17 04:15:07,PUNE,Cloudy,0.46,5.99,1.4,35.9,66.6
2026-05-06 02:15:10,PUNE,Cloudy,0.5,5.44,0.7,42.6,78.1
2026-01-20 23:22:28,PUNE,Clear,0.05,9.02,1.5,37.2,28.0
2026-04-25 21:11:09,PUNE,Rain,0.13,7.81,19.1,29.9,56.9
2026-06-24 06:06:07,PUNE,Rain,0.18,7.43,3.3,27.4,28.9
2026-04-12 14:36:58,PUNE,Clear,0.27,8.04,0.4,13.1,78.0
2026-06-08 00:37:57,PUNE,Cloudy,0.32,8.1,1.3,20.2,35.0
2026-03-03 17:19:21,PUNE,Rain,0.3,6.09,9.8,38.7,79.8
2026-01-20 02:28:24,PUNE,Clear,0.56,4.48,1.4,18.1,61.9
2026-01-12 11:32:52,PUNE,Clear,0.49,5.31,1.4,31.6,86.4
2026-06-14 17:42:04,PUNE,Clear,0.39,7.48,0.7,21.2,95.1
2026-01-29 16:40:44,PUNE,Fog,0.63,4.18,1.3,29.4,83.3
2026-04-01 16:33:04,PUNE,Rain,0.1,7.78,10.7,13.9,77.9
2026-06-03 11:49:00,PUNE,Cloudy,0.34,6.81,0.9,18.0,47.1
2026-03-17 18:04:42,PUNE,Rain,0.16,7.46,17.3,25.7,34.8
2026-03-26 10:16:49,PUNE,Clear,0.66,4.09,0.8,16.5,68.6
2026-06-06 06:23:02,PUNE,Clear,0.2,7.31,0.1,33.0,87.1
2026-03-04 01:41:07,PUNE,Cloudy,0.58,5.27,1.0,24.7,59.3
2026-06-21 00:35:30,PUNE,Clear,0.22,8.24,1.3,23.7,71.1
2026-03-10 17:04:32,PUNE,Rain,0.13,7.5,6.4,14.8,78.0
2026-03-28 03:49:55,PUNE,Clear,0.37,6.79,0.6,41.5,54.0
2026-01-07 01:48:36,PUNE,Clear,0.42,6.86,1.4,17.7,70.8
2026-02-21 18:55:16,PUNE,Fog,0.52,5.72,0.1,30.7,44.9
2026-01-24 09:12:37,PUNE,Clear,0.16,8.35,1.2,19.6,62.0
2026-02-14 23:56:01,PUNE,Cloudy,0.49,5.84,0.9,20.0,66.5
2026-06-06 17:47:35,PUNE,Clear,0.19,8.57,0.6,22.7,56.0
2026-03-19 15:14:12,PUNE,Clear,0.28,7.94,1.1,21.2,62.9
2026-01-08 11:28:17,PUNE,Clear,0.06,9.41,1.0,26.0,88.8
2026-06-16 04:09:47,PUNE,Clear,0.64,4.81,1.2,20.1,93.0
2026-05-22 09:13:06,PUNE,Clear,0.36,6.73,1.5,17.8,67.0
2026-04-02 22:31:59,PUNE,Fog,0.98,1.35,0.4,20.1,92.1
2026-04-28 00:42:48,PUNE,Cloudy,0.27,7.47,0.0,25.0,52.6
2026-02-27 09:47:33,PUNE,Clear,0.32,7.56,1.1,10.3,53.7
2026-04-30 17:16:52,PUNE,Cloudy,0.04,9.12,0.2,28.5,34.8
2026-03-28 07:24:57,PUNE,Clear,0.46,6.15,0.2,11.4,94.3
2026-05-17 18:31:52,PUNE,Clear,0.4,6.08,0.9,22.1,60.7
2026-05-09 17:32:27,PUNE,Cloudy,0.18,8.41,0.3,16.6,58.2
2026-02-16 23:35:37,PUNE,Clear,0.1,9.28,1.3,15.4,78.0
2026-04-19 11:52:17,PUNE,Clear,0.14,8.58,0.3,29.5,86.1
2026-01-08 20:53:39,PUNE,Clear,0.57,5.18,1.0,15.9,70.7
2026-04-15 03:32:49,PUNE,Clear,0.2,8.47,0.5,21.2,94.7
2026-03-22 19:53:52,PUNE,Clear,0.02,10.07,0.7,40.0,50.1
2026-03-08 05:52:41,PUNE,Cloudy,0.31,7.34,1.3,27.7,31.8
2026-05-18 02:42:16,PUNE,Cloudy,0.25,7.7,0.9,20.0,80.0
2026-03-31 04:23:36,PUNE,Clear,0.11,9.61,1.0,29.2,81.5
2026-02-15 16:05:21,PUNE,Rain,0.05,9.78,16.0,9.2,50.7
2026-06-18 09:16:23,PUNE,Rain,0.03,8.48,6.5,29.0,57.1
2026-03-27 23:36:19,PUNE,Clear,0.22,8.23,0.1,31.1,21.1
2026-06-01 21:48:24,PUNE,Cloudy,0.2,9.08,1.1,21.6,100.0
2026-05-02 12:12:30,PUNE,Clear,0.43,6.7,1.0,21.4,48.8
2026-06-13 06:44:53,PUNE,Cloudy,0.24,8.14,0.6,30.6,24.4
2026-06-24 07:11:03,PUNE,Clear,0.16,7.95,0.7,25.2,51.8
2026-06-21 18:49:40,PUNE,Clear,0.3,8.19,1.2,20.1,53.6
2026-04-16 15:38:18,PUNE,Clear,0.25,8.32,0.1,28.3,75.4
2026-06-09 01:44:13,PUNE,Clear,0.65,3.93,0.8,26.7,36.3
2026-05-09 02:40:00,PUNE,Clear,0.23,8.06,0.9,28.8,50.3
2026-05-26 11:29:03,PUNE,Fog,0.6,4.63,0.0,48.7,75.9
2026-03-23 19:13:39,PUNE,Clear,0.17,8.26,0.7,23.5,47.1
2026-05-08 10:06:20,PUNE,Cloudy,0.35,7.2,0.0,18.3,58.4
2026-03-24 08:50:31,PUNE,Clear,0.28,8.28,1.0,17.6,77.7
2026-02-21 11:29:37,PUNE,Fog,0.42,6.89,0.7,31.1,100.0
2026-01-25 05:28:05,PUNE,Clear,0.47,6.21,0.1,20.9,33.7
2026-06-15 12:55:38,PUNE,Clear,0.28,7.16,1.1,17.0,39.5
2026-02-24 11:26:15,PUNE,Clear,0.32,7.42,1.2,29.9,49.0
2026-01-24 15:45:53,PUNE,Cloudy,0.23,8.37,0.4,37.8,86.1
2026-01-10 13:00:56,PUNE,Clear,0.2,8.78,0.5,15.6,29.6
2026-03-28 14:15:51,PUNE,Clear,0.17,8.34,0.7,20.8,85.6
2026-04-10 02:16:26,PUNE,Fog,0.41,6.35,0.9,41.9,75.8
2026-02-19 08:31:56,PUNE,Clear,0.3,7.93,0.8,17.3,31.5
2026-06-01 13:43:14,PUNE,Clear,0.62,4.91,1.3,31.3,62.2
2026-04-10 13:59:20,PUNE,Clear,0.16,7.77,0.0,23.2,61.3
2026-06-11 20:06:14,PUNE,Clear,0.34,6.93,0.2,18.6,62.3
2026-01-15 08:48:16,PUNE,Rain,0.28,6.03,3.8,33.4,76.5
2026-02-21 08:24:43,PUNE,Clear,0.19,8.56,1.3,30.7,71.3
2026-05-19 11:22:43,PUNE,Clear,0.26,8.53,0.5,32.5,30.6
2026-05-14 23:39:04,PUNE,Clear,0.44,6.0,0.1,20.0,77.7
2026-05-05 19:12:36,PUNE,Clear,0.13,9.1,0.1,25.1,58.3
2026-04-13 22:37:01,PUNE,Clear,0.51,5.46,0.1,21.6,100.0
2026-02-06 21:58:47,PUNE,Clear,0.4,5.99,0.3,36.1,90.0
2026-03-14 12:46:07,PUNE,Fog,0.71,3.69,1.3,25.5,85.3
2026-06-18 11:08:57,PUNE,Cloudy,0.66,4.42,0.3,23.5,85.1
2026-06-25 03:53:43,PUNE,Clear,0.6,3.7,1.5,20.2,90.1
2026-05-19 02:38:32,PUNE,Clear,0.59,5.53,0.1,20.2,100.0
2026-03-18 17:51:07,PUNE,Clear,0.14,8.92,0.2,21.7,99.5
2026-01-29 08:41:13,PUNE,Clear,0.5,6.01,0.2,32.9,64.5
2026-01-25 12:51:39,PUNE,Clear,0.03,9.3,1.2,14.4,59.5
2026-02-28 12:56:35,PUNE,Rain,0.11,7.75,16.4,40.0,51.5
2026-05-22 16:36:58,PUNE,Cloudy,0.2,7.92,0.7,19.5,80.0
2026-01-25 15:33:10,PUNE,Cloudy,0.33,7.15,0.7,30.2,86.8
2026-01-15 17:29:14,PUNE,Clear,0.08,9.41,0.4,28.5,69.0
2026-05-02 18:17:05,PUNE,Cloudy,0.03,11.01,0.1,22.9,49.1
2026-03-20 13:57:25,PUNE,Rain,0.23,7.28,3.4,29.5,79.0
2026-05-13 04:04:57,PUNE,Cloudy,0.15,8.22,0.5,13.5,77.9
2026-01-07 12:26:19,PUNE,Clear,0.08,9.64,1.3,13.9,82.0
2026-01-03 03:18:22,PUNE,Clear,0.26,7.94,0.7,33.9,63.0
2026-01-06 12:50:51,PUNE,Fog,0.61,4.26,1.2,14.1,100.0
2026-05-23 10:23:11,PUNE,Clear,0.55,5.2,0.0,14.0,75.3
2026-02-28 20:46:33,PUNE,Fog,0.48,5.94,0.5,5.4,62.4
2026-06-30 10:54:45,PUNE,Clear,0.2,7.84,0.2,29.8,63.5
2026-01-20 03:27:02,PUNE,Cloudy,0.67,4.06,0.8,21.0,82.8
2026-05-27 16:56:36,PUNE,Rain,0.57,4.21,18.8,15.0,67.3
2026-01-13 19:00:51,PUNE,Fog,0.64,6.26,0.9,14.8,89.7
2026-03-03 21:02:34,PUNE,Fog,0.54,5.48,0.6,18.5,76.7
2026-03-10 21:20:01,PUNE,Clear,0.14,9.02,0.9,30.8,69.3
2026-06-25 07:37:28,PUNE,Cloudy,0.7,3.78,0.1,34.8,79.4
2026-02-22 15:58:34,PUNE,Clear,0.23,7.98,0.5,16.8,96.4
2026-02-10 15:46:58,PUNE,Clear,0.34,6.84,1.4,10.7,85.8
2026-04-12 04:44:10,PUNE,Rain,0.26,6.35,19.0,29.5,92.0
2026-02-20 12:10:06,PUNE,Clear,0.1,9.46,0.8,37.2,45.0
2026-02-12 11:43:23,PUNE,Clear,0.18,8.36,0.4,30.6,81.2
2026-06-23 20:22:25,PUNE,Clear,0.6,5.3,1.2,19.0,68.1
2026-01-02 12:27:34,PUNE,Clear,0.24,8.74,1.2,29.4,51.2
2026-05-23 15:53:12,PUNE,Clear,0.49,5.23,0.3,36.2,64.9
2026-02-11 09:57:42,PUNE,Fog,0.67,3.45,0.8,34.5,85.4
2026-01-11 13:28:46,PUNE,Cloudy,0.37,6.38,1.3,30.3,70.0
2026-05-23 10:21:56,PUNE,Clear,0.42,7.19,1.0,37.2,68.2
2026-05-10 08:43:55,PUNE,Fog,0.47,6.94,1.4,2.8,42.6
2026-01-07 07:55:21,PUNE,Clear,0.25,7.35,1.1,25.9,57.0
2026-05-04 06:40:05,PUNE,Rain,0.18,7.21,5.5,17.0,50.5
2026-03-27 00:17:58,PUNE,Cloudy,0.19,7.79,1.1,35.7,86.3
2026-02-28 19:00:36,PUNE,Clear,0.26,7.27,0.6,13.0,79.2
2026-02-08 15:06:17,PUNE,Clear,0.26,8.04,0.9,12.9,41.8
2026-05-17 03:29:19,PUNE,Cloudy,0.22,7.49,0.1,24.7,75.6
2026-04-20 04:03:33,PUNE,Clear,0.29,7.72,1.5,31.7,73.6
2026-05-11 23:28:50,PUNE,Clear,0.44,5.63,0.6,10.1,51.0
2026-03-08 15:45:31,PUNE,Clear,0.14,8.07,0.3,21.2,93.6
2026-02-25 14:10:18,PUNE,Cloudy,0.12,8.19,0.2,24.1,77.2
2026-05-25 16:27:44,PUNE,Cloudy,0.24,8.19,0.8,36.5,72.9
2026-02-03 00:52:23,PUNE,Cloudy,0.23,8.29,0.9,18.0,43.8
2026-06-22 06:50:27,PUNE,Rain,0.45,5.03,22.8,11.9,92.1
2026-04-17 22:58:53,PUNE,Clear,0.34,8.04,1.4,16.5,77.8
2026-03-26 03:32:54,PUNE,Rain,0.52,4.32,7.4,23.2,68.4
2026-03-07 02:11:17,PUNE,Clear,0.32,7.6,1.0,12.7,91.5
2026-03-13 16:32:47,PUNE,Cloudy,0.21,8.44,1.3,23.0,86.5
2026-03-21 14:46:05,PUNE,Clear,0.5,5.7,1.3,20.6,77.5
2026-01-16 18:21:43,PUNE,Rain,0.32,5.46,6.0,31.1,61.7
2026-04-08 19:07:43,PUNE,Cloudy,0.13,10.12,0.6,21.2,51.8
2026-06-30 16:47:43,PUNE,Clear,0.47,6.53,0.7,10.8,32.7
2026-05-13 05:36:07,PUNE,Rain,0.15,7.7,12.4,17.2,91.2
2026-05-06 13:52:17,PUNE,Clear,0.06,9.29,0.9,21.1,59.7
2026-04-07 07:48:29,PUNE,Clear,0.61,5.12,0.9,18.0,70.5
2026-03-18 07:16:39,PUNE,Rain,0.22,6.89,16.2,11.3,44.8
2026-04-19 07:00:56,PUNE,Cloudy,0.67,4.1,0.8,27.2,60.9
2026-05-21 12:24:24,PUNE,Rain,0.35,5.31,4.2,29.8,57.1
2026-05-05 23:07:46,PUNE,Clear,0.18,9.45,0.4,28.8,66.4
2026-05-18 21:59:03,PUNE,Clear,0.17,8.02,1.0,17.9,73.6
2026-06-05 11:41:32,PUNE,Fog,0.43,6.17,0.7,17.4,77.7
2026-06-25 13:39:29,PUNE,Cloudy,0.21,8.24,1.2,24.2,79.3
2026-06-14 17:17:51,PUNE,Fog,0.7,4.38,1.4,11.4,96.0
2026-06-12 01:32:56,PUNE,Clear,0.2,7.42,0.9,27.4,93.2
2026-04-26 11:17:16,PUNE,Clear,0.12,8.68,0.9,16.2,49.8
2026-04-18 09:08:36,PUNE,Clear,0.21,8.79,1.0,32.9,48.9
2026-05-26 08:12:01,PUNE,Clear,0.44,7.38,0.6,29.6,61.0
2026-01-27 08:50:53,PUNE,Clear,0.35,6.87,0.7,34.6,85.8
2026-05-27 23:20:46,PUNE,Clear,0.26,7.98,1.1,23.7,89.0
2026-01-30 10:04:48,PUNE,Clear,0.08,9.48,0.7,29.5,35.1
2026-02-28 04:11:03,PUNE,Clear,0.06,10.74,1.1,21.6,53.1
2026-06-07 00:06:31,PUNE,Clear,0.59,5.71,0.7,38.6,70.8
2026-05-02 08:14:31,PUNE,Clear,0.16,9.11,0.8,21.8,100.0
2026-06-04 21:23:17,PUNE,Clear,0.25,8.14,0.9,26.3,76.0
2026-04-02 11:59:02,PUNE,Clear,0.16,8.57,0.2,18.5,71.1
2026-03-20 14:35:33,PUNE,Cloudy,0.23,7.63,0.5,23.7,70.7
2026-02-20 00:09:26,PUNE,Cloudy,0.07,9.45,0.3,26.9,57.6
2026-01-28 15:17:51,PUNE,Fog,0.72,3.64,0.4,33.8,43.9
2026-01-03 11:46:33,PUNE,Clear,0.47,5.21,0.8,21.2,60.8
2026-05-07 19:04:40,PUNE,Clear,0.52,5.47,1.5,16.8,100.0
2026-03-24 01:25:52,PUNE,Cloudy,0.17,8.94,0.0,29.6,79.6
2026-06-14 23:25:02,PUNE,Clear,0.26,8.24,1.4,27.4,82.4
2026-03-09 17:33:02,PUNE,Fog,0.99,1.69,0.1,27.8,87.9
2026-03-08 18:55:39,PUNE,Clear,0.4,7.01,0.3,27.0,80.7
2026-02-19 19:07:59,PUNE,Clear,0.27,7.75,1.3,30.8,49.3
2026-04-11 07:22:54,PUNE,Clear,0.22,8.8,0.1,19.0,20.0
2026-04-27 05:49:21,PUNE,Clear,0.35,6.77,1.4,27.7,89.0
2026-06-04 06:05:03,PUNE,Fog,0.43,6.93,1.1,22.9,45.0
2026-02-23 09:19:12,PUNE,Clear,0.24,8.19,1.0,16.5,68.7
2026-04-24 22:44:16,PUNE,Clear,0.17,8.3,0.8,21.0,62.1
2026-03-28 23:47:52,PUNE,Rain,0.27,5.96,13.9,27.3,68.0
2026-05-16 21:54:36,PUNE,Clear,0.58,4.22,0.2,34.5,54.1
2026-02-16 16:18:39,PUNE,Clear,0.22,7.57,0.9,16.4,90.3
2026-01-01 10:48:47,PUNE,Clear,0.17,8.42,0.2,38.3,53.7
2026-05-27 19:24:13,PUNE,Clear,0.41,6.53,0.5,25.4,64.9
2026-04-22 04:22:42,PUNE,Clear,0.23,8.39,0.1,22.1,55.2
2026-06-12 16:21:16,PUNE,Clear,0.23,7.84,1.2,31.0,65.2
2026-05-23 01:02:38,PUNE,Cloudy,0.38,7.45,0.9,28.0,45.1
2026-03-27 04:24:28,PUNE,Cloudy,0.34,7.27,0.5,23.8,58.4
2026-06-16 14:26:52,PUNE,Fog,0.78,2.67,1.3,22.6,62.2
2026-02-24 23:33:55,PUNE,Fog,0.51,5.4,0.3,42.9,82.2
2026-02-23 09:38:38,PUNE,Clear,0.27,7.7,0.8,18.6,68.5
2026-03-11 06:59:58,PUNE,Cloudy,0.16,8.17,0.2,14.5,64.5
2026-02-09 14:51:54,PUNE,Cloudy,0.2,8.26,0.6,41.2,78.9
2026-02-03 14:04:29,PUNE,Clear,0.29,7.94,1.1,23.1,71.9
2026-01-23 05:42:42,PUNE,Clear,0.1,8.89,0.3,20.5,53.0
2026-02-24 00:58:44,PUNE,Fog,0.62,4.18,1.4,36.9,96.5
2026-05-27 10:05:00,PUNE,Clear,0.26,8.52,0.8,36.7,75.2
2026-06-27 11:04:50,PUNE,Fog,0.69,4.58,1.0,12.9,90.0
2026-02-18 23:15:20,PUNE,Clear,0.16,8.81,1.1,39.1,35.4
2026-06-21 12:06:39,PUNE,Clear,0.55,4.93,0.5,27.7,80.8
2026-01-22 21:17:28,PUNE,Clear,0.09,9.95,1.0,9.8,97.0
2026-05-21 03:35:14,PUNE,Clear,0.19,7.73,1.2,26.6,76.2
2026-06-15 13:32:24,PUNE,Clear,0.2,8.26,0.4,28.7,53.0
2026-01-14 23:52:40,PUNE,Rain,0.34,6.15,12.6,30.8,62.6
2026-06-03 15:01:10,PUNE,Clear,0.13,9.53,1.3,39.0,65.5
2026-04-17 17:54:49,PUNE,Clear,0.36,7.4,0.5,27.3,75.9
2026-04-10 14:53:36,PUNE,Cloudy,0.29,7.6,1.5,33.4,56.1
2026-03-12 18:04:26,PUNE,Fog,0.64,4.49,0.8,26.2,79.8
2026-06-04 18:44:46,PUNE,Clear,0.16,9.02,0.7,28.1,80.5
2026-03-01 17:03:50,PUNE,Rain,0.2,7.08,6.0,32.1,56.4
2026-03-04 21:44:17,PUNE,Fog,0.76,3.14,1.4,34.1,73.2
2026-01-16 16:55:32,PUNE,Clear,0.12,8.88,0.6,25.8,69.2
2026-06-11 16:52:50,PUNE,Clear,0.22,7.77,0.1,23.0,54.2
2026-03-02 22:03:21,PUNE,Cloudy,0.13,9.69,1.3,25.6,59.7
2026-05-25 04:41:09,PUNE,Clear,0.29,7.85,1.0,10.3,100.0
2026-01-10 05:04:21,PUNE,Cloudy,0.43,6.04,0.5,36.2,78.5
2026-02-11 21:33:53,PUNE,Cloudy,0.17,8.44,0.1,37.8,77.5
2026-01-30 01:12:56,PUNE,Fog,0.67,4.27,0.2,26.6,58.8
2026-06-18 22:32:06,PUNE,Fog,0.4,6.34,0.1,26.3,63.4
2026-05-11 16:05:12,PUNE,Cloudy,0.29,7.69,1.2,21.1,83.5
2026-06-19 22:41:58,PUNE,Cloudy,0.69,4.33,0.6,17.9,87.2
2026-01-13 07:16:06,PUNE,Clear,0.28,7.82,0.2,27.5,89.0
2026-03-07 13:39:17,PUNE,Clear,0.09,9.81,1.3,19.8,88.8
2026-02-12 08:14:25,PUNE,Clear,0.23,8.43,1.1,40.5,43.5
2026-04-06 22:58:24,PUNE,Clear,0.37,6.83,1.2,27.8,80.6
2026-05-13 02:42:55,PUNE,Cloudy,0.15,8.66,0.2,16.2,100.0
2026-06-17 07:09:52,PUNE,Clear,0.08,9.01,0.5,21.6,54.1
2026-01-25 01:25:40,PUNE,Fog,0.74,3.22,0.0,40.3,91.7
2026-05-12 22:03:08,PUNE,Rain,0.52,4.14,13.6,16.9,33.8
2026-06-27 21:46:10,PUNE,Rain,0.28,6.06,20.9,22.1,88.8
2026-06-06 19:05:17,PUNE,Clear,0.24,7.77,1.5,31.5,100.0
2026-06-24 12:47:09,PUNE,Cloudy,0.32,7.37,0.6,29.0,30.1
2026-02-28 08:36:45,PUNE,Cloudy,0.11,8.97,1.0,25.3,57.8
2026-03-27 17:46:04,PUNE,Cloudy,0.48,5.66,1.2,14.6,60.8
2026-01-19 11:11:53,PUNE,Cloudy,0.26,8.34,0.3,18.6,40.2
2026-03-31 15:42:51,PUNE,Clear,0.37,7.13,0.1,20.7,84.0
2026-03-21 14:38:19,PUNE,Clear,0.61,4.89,0.4,17.8,57.6
2026-06-25 17:53:30,PUNE,Clear,0.35,7.61,1.2,29.2,93.4
2026-02-07 07:02:12,PUNE,Cloudy,0.16,8.57,1.0,46.0,42.5
2026-02-14 17:44:09,PUNE,Clear,0.3,8.86,0.7,21.3,76.6
2026-05-10 07:24:25,PUNE,Clear,0.22,7.71,0.5,33.5,73.5
2026-05-17 23:29:38,PUNE,Clear,0.7,4.25,1.2,25.0,75.6
2026-04-11 17:39:46,PUNE,Cloudy,0.38,7.05,1.0,15.7,52.6
2026-03-06 01:37:52,PUNE,Clear,0.32,7.08,0.8,31.7,61.7
2026-03-06 23:13:31,PUNE,Clear,0.33,6.65,0.6,16.6,70.8
2026-03-24 23:21:25,PUNE,Clear,0.37,7.06,0.8,25.7,87.8
2026-04-03 03:02:10,PUNE,Clear,0.16,8.85,1.0,31.4,74.4
2026-01-08 03:33:22,PUNE,Clear,0.35,6.5,1.5,31.3,90.0
2026-04-05 21:54:45,PUNE,Clear,0.15,9.14,0.1,22.8,70.0
2026-03-04 05:34:39,PUNE,Fog,0.53,6.26,1.4,36.0,86.6
2026-02-18 03:10:05,PUNE,Clear,0.11,8.97,1.1,17.7,90.4
2026-04-06 22:22:28,PUNE,Cloudy,0.27,7.77,0.8,15.1,65.2
2026-01-13 17:13:39,PUNE,Clear,0.39,6.98,0.1,43.5,90.3
2026-02-18 13:04:33,PUNE,Cloudy,0.16,9.08,1.1,18.9,72.4
2026-01-04 17:18:34,PUNE,Clear,0.37,7.36,1.1,28.8,72.5
2026-02-15 07:45:03,PUNE,Clear,0.44,6.42,1.0,31.9,30.5
2026-02-14 11:09:22,PUNE,Clear,0.25,7.98,1.4,26.6,55.8
2026-02-26 23:45:26,PUNE,Clear,0.36,7.09,0.2,20.9,82.5
2026-01-16 13:55:26,PUNE,Clear,0.12,9.41,0.9,22.8,72.6
2026-01-16 01:44:15,PUNE,Fog,0.76,3.99,0.3,16.4,54.0
2026-05-20 21:49:39,PUNE,Clear,0.08,10.12,1.2,29.5,74.5
2026-03-22 18:54:52,PUNE,Clear,0.06,9.38,1.5,25.6,82.4
2026-02-24 18:17:02,PUNE,Clear,0.45,6.99,1.0,18.4,61.3
2026-02-01 04:46:23,PUNE,Clear,0.42,6.44,1.5,17.5,65.5
2026-03-08 08:31:08,PUNE,Cloudy,0.26,8.06,1.3,33.6,56.5
2026-06-12 21:44:05,PUNE,Cloudy,0.09,9.11,0.8,21.0,79.9
2026-02-05 22:53:58,PUNE,Rain,0.15,7.38,4.8,28.3,74.4
2026-01-17 05:17:47,PUNE,Clear,0.44,6.4,1.2,27.7,28.8
2026-03-15 01:58:39,PUNE,Cloudy,0.42,6.58,0.7,31.4,92.7
2026-06-10 00:39:25,PUNE,Fog,0.64,4.04,1.1,27.5,59.1
2026-02-21 20:53:20,PUNE,Clear,0.28,6.59,0.6,24.6,62.7
2026-01-07 07:16:19,PUNE,Clear,0.43,6.33,1.5,19.9,55.7
2026-01-01 09:52:59,PUNE,Fog,0.68,2.88,1.3,32.0,61.0
2026-04-17 17:28:57,PUNE,Rain,0.11,8.34,9.0,4.9,74.3
2026-04-08 08:11:11,PUNE,Cloudy,0.29,6.92,1.0,19.7,50.2
2026-02-16 09:22:45,PUNE,Clear,0.07,9.13,0.1,23.7,44.0
2026-05-17 05:43:14,PUNE,Fog,0.52,6.28,1.3,36.1,100.0
2026-04-29 12:11:01,PUNE,Cloudy,0.23,7.89,1.4,31.5,37.0
2026-03-19 17:40:53,PUNE,Clear,0.23,8.07,0.3,17.5,45.4
2026-05-25 17:01:17,PUNE,Cloudy,0.29,7.7,0.0,20.1,62.2
2026-05-09 19:29:04,PUNE,Clear,0.17,8.4,1.0,28.2,49.2
2026-03-14 16:46:10,PUNE,Cloudy,0.11,8.87,0.8,39.2,55.7
2026-04-24 01:01:13,PUNE,Rain,0.25,6.23,5.3,31.5,100.0
2026-01-23 01:29:16,PUNE,Cloudy,0.22,7.26,1.2,10.7,80.4
2026-01-30 19:41:00,PUNE,Fog,0.95,2.0,1.2,18.7,72.1
2026-03-15 00:37:07,PUNE,Fog,0.61,5.37,0.6,20.5,72.3
2026-02-15 20:12:19,PUNE,Cloudy,0.15,8.8,1.3,12.1,79.4
2026-05-13 20:32:03,PUNE,Fog,0.66,4.97,0.0,38.6,22.8
2026-01-14 20:18:11,PUNE,Clear,0.2,9.08,1.3,25.5,54.0
2026-05-23 19:13:45,PUNE,Cloudy,0.11,9.88,0.1,20.4,82.9
2026-01-12 21:11:55,PUNE,Clear,0.1,9.18,1.2,27.3,57.0
2026-05-19 19:37:47,PUNE,Clear,0.21,8.99,0.3,38.1,72.6
2026-03-07 21:54:00,PUNE,Fog,0.72,3.44,1.5,19.3,91.1
2026-01-25 11:53:11,PUNE,Clear,0.16,8.53,0.9,29.4,70.4
2026-05-27 08:15:32,PUNE,Fog,0.76,3.6,1.4,24.2,71.9
2026-05-04 03:53:18,PUNE,Clear,0.13,8.36,0.3,25.3,56.0
2026-01-04 08:01:28,PUNE,Clear,0.44,7.46,1.5,30.4,55.1
2026-02-05 08:54:01,PUNE,Fog,0.46,6.03,1.3,20.1,55.6
2026-03-14 06:21:30,PUNE,Clear,0.15,9.2,1.5,26.2,51.3
2026-06-17 13:59:11,PUNE,Clear,0.35,6.85,0.3,26.9,77.8
2026-03-13 08:26:58,PUNE,Clear,0.08,9.07,0.6,18.7,60.4
2026-04-02 18:50:46,PUNE,Clear,0.17,8.7,0.5,14.2,83.3
2026-04-09 19:26:29,PUNE,Clear,0.37,6.32,1.1,29.5,63.1
2026-02-24 02:58:49,PUNE,Cloudy,0.35,7.35,0.1,14.1,59.4
2026-04-28 17:56:13,PUNE,Clear,0.27,7.49,0.4,22.9,71.9
2026-05-31 15:22:29,PUNE,Clear,0.23,7.99,0.5,29.9,34.6
2026-05-12 13:43:43,PUNE,Cloudy,0.24,7.7,0.1,29.6,67.9
2026-06-18 21:21:58,PUNE,Clear,0.36,6.98,0.2,27.8,69.1
2026-06-10 03:16:12,PUNE,Fog,0.54,4.89,1.4,22.3,72.4
2026-05-24 07:33:30,PUNE,Cloudy,0.14,8.08,0.6,15.5,95.4
2026-04-08 21:37:50,PUNE,Cloudy,0.33,7.74,0.8,21.0,54.0
2026-05-08 05:30:26,PUNE,Clear,0.46,4.94,0.2,19.4,86.7
2026-03-15 14:18:50,PUNE,Cloudy,0.55,5.82,1.2,28.2,78.3
2026-04-13 04:33:54,PUNE,Clear,0.27,7.34,0.3,14.5,63.8
2026-02-06 07:59:15,PUNE,Fog,0.81,3.32,0.6,21.2,48.5
2026-04-06 18:25:04,PUNE,Cloudy,0.25,7.6,1.2,31.5,74.2
2026-04-04 07:40:02,PUNE,Cloudy,0.24,8.72,1.4,12.8,84.3
2026-01-14 08:36:08,PUNE,Clear,0.37,6.51,0.4,23.1,73.3
2026-05-29 20:39:21,PUNE,Clear,0.18,8.53,1.4,40.7,78.5
2026-05-22 05:31:23,PUNE,Clear,0.42,6.41,0.5,36.0,74.4
2026-01-14 08:21:29,PUNE,Cloudy,0.33,7.16,0.3,27.7,45.8
2026-01-03 09:54:08,PUNE,Cloudy,0.33,6.93,0.6,13.7,40.9
2026-04-25 11:38:40,PUNE,Clear,0.05,8.99,1.1,22.2,32.2
2026-05-04 19:54:40,PUNE,Clear,0.13,7.78,1.4,20.3,83.3
2026-03-14 05:39:46,PUNE,Cloudy,0.54,5.04,0.6,29.6,75.0
2026-04-17 18:02:54,PUNE,Clear,0.28,7.61,1.5,28.7,65.8
2026-03-13 16:50:13,PUNE,Clear,0.33,7.4,1.2,23.7,98.3
2026-03-29 06:21:58,PUNE,Cloudy,0.15,9.04,1.4,23.3,100.0
2026-03-17 20:43:47,PUNE,Clear,0.1,9.61,0.8,22.4,73.3
2026-04-08 08:24:06,PUNE,Cloudy,0.26,8.55,1.5,15.0,78.4
2026-02-11 03:51:42,PUNE,Clear,0.32,7.59,1.3,22.3,53.0
2026-05-29 10:47:03,PUNE,Clear,0.62,4.61,0.2,28.2,57.5
2026-03-28 08:02:52,PUNE,Cloudy,0.17,8.3,1.0,32.0,69.2
2026-06-22 01:27:24,PUNE,Clear,0.11,8.54,1.0,20.7,34.5
2026-05-17 02:26:35,PUNE,Clear,0.62,4.7,0.4,14.4,68.4
2026-03-08 15:18:22,PUNE,Fog,0.45,6.04,1.2,20.0,88.6
2026-01-01 22:58:40,PUNE,Rain,0.23,6.81,6.9,4.6,81.9
2026-03-26 07:57:05,PUNE,Clear,0.58,4.14,1.0,30.7,69.2
2026-04-14 11:59:29,PUNE,Clear,0.46,5.3,0.6,22.7,82.6
2026-06-30 16:45:26,PUNE,Clear,0.27,7.45,1.4,42.5,66.0
2026-02-10 10:14:11,PUNE,Rain,0.3,6.48,11.8,13.9,80.6
2026-01-16 21:29:38,PUNE,Cloudy,0.54,5.6,0.2,33.6,66.5
2026-01-30 02:03:55,PUNE,Clear,0.42,6.89,1.5,23.6,83.6
2026-03-14 04:47:42,PUNE,Cloudy,0.17,8.01,0.3,11.9,64.1
2026-06-16 01:22:21,PUNE,Clear,0.14,8.85,1.3,8.5,68.6
2026-02-22 17:48:49,PUNE,Rain,0.18,7.39,3.8,24.9,62.9
2026-04-29 13:35:24,PUNE,Clear,0.41,6.28,0.8,38.1,90.1
2026-06-25 04:49:03,PUNE,Clear,0.28,8.22,0.3,21.0,32.1
2026-04-12 01:38:35,PUNE,Rain,0.45,4.49,21.8,30.0,44.5
2026-05-08 23:32:19,PUNE,Rain,0.22,6.56,5.7,32.8,63.5
2026-02-13 23:46:18,PUNE,Cloudy,0.12,8.22,0.6,15.7,53.0
2026-02-04 03:11:31,PUNE,Clear,0.4,6.02,0.1,15.0,86.9
2026-06-10 04:43:51,PUNE,Fog,0.42,7.39,0.8,18.7,100.0
2026-02-20 00:04:27,PUNE,Rain,0.31,5.8,15.1,33.6,65.6
2026-04-28 13:19:30,PUNE,Fog,0.56,4.8,0.2,24.6,68.4
2026-05-08 09:06:47,PUNE,Rain,0.26,6.56,15.8,30.3,79.9
2026-05-18 01:57:52,PUNE,Rain,0.22,6.31,3.0,13.6,72.2
2026-04-29 10:05:02,PUNE,Clear,0.34,6.2,0.1,27.6,63.3
2026-02-07 07:41:14,PUNE,Clear,0.1,9.16,1.2,20.0,35.3
2026-02-21 09:58:09,PUNE,Fog,0.64,4.46,0.7,20.8,58.7
2026-01-21 05:25:59,PUNE,Cloudy,0.2,8.03,0.9,28.5,44.1
2026-05-21 14:46:41,PUNE,Cloudy,0.14,8.34,0.5,21.3,57.3
2026-04-08 06:14:33,PUNE,Clear,0.46,5.74,1.1,25.4,98.4
2026-05-19 01:22:17,PUNE,Cloudy,0.38,6.45,1.2,20.6,53.7
2026-01-31 17:40:30,PUNE,Rain,0.28,6.04,3.7,26.1,69.3
2026-02-26 13:54:54,PUNE,Rain,0.49,4.29,11.6,13.1,100.0
2026-05-01 15:26:06,PUNE,Fog,0.49,5.47,1.0,20.2,88.4
2026-01-13 09:57:58,PUNE,Fog,0.52,6.27,0.1,28.4,25.7
2026-03-24 00:01:40,PUNE,Clear,0.11,8.74,1.4,19.5,64.5
2026-03-01 14:27:26,PUNE,Fog,0.72,3.99,0.1,14.9,97.6
2026-06-22 06:43:25,PUNE,Cloudy,0.07,9.43,0.1,28.6,60.5
2026-03-09 17:32:10,PUNE,Cloudy,0.44,7.44,1.4,16.3,45.5
2026-05-25 17:01:10,PUNE,Rain,0.37,5.38,11.9,8.7,44.5
2026-05-23 21:11:04,PUNE,Clear,0.29,7.56,1.4,20.7,56.0
2026-04-30 21:38:41,PUNE,Clear,0.48,6.47,1.0,4.8,52.8
2026-06-03 17:16:13,PUNE,Rain,0.27,6.22,19.8,23.9,64.4
2026-04-13 06:32:21,PUNE,Rain,0.41,5.38,4.5,26.2,91.6
2026-05-13 22:22:37,PUNE,Clear,0.1,9.28,1.3,31.1,71.2
2026-04-26 07:15:38,PUNE,Clear,0.36,6.77,1.4,22.8,68.6
2026-06-23 08:26:50,PUNE,Cloudy,0.39,6.16,1.4,22.2,100.0
2026-06-23 16:14:25,PUNE,Clear,0.3,7.87,0.0,20.9,72.0
2026-03-28 03:30:00,PUNE,Clear,0.13,9.54,0.5,24.3,78.7
2026-02-01 21:55:30,PUNE,Clear,0.32,6.93,0.7,20.6,79.6
2026-01-25 16:15:18,PUNE,Clear,0.34,6.2,0.6,20.7,81.2
2026-01-30 13:43:39,PUNE,Cloudy,0.11,9.69,0.1,23.7,71.9
2026-06-03 14:07:58,PUNE,Cloudy,0.28,8.21,1.3,20.3,89.4
2026-01-09 05:43:07,PUNE,Cloudy,0.32,6.52,1.1,27.5,67.6
2026-03-19 08:28:29,PUNE,Rain,0.19,6.97,6.5,14.5,56.7
2026-04-15 23:51:59,PUNE,Clear,0.24,8.07,1.3,24.1,78.9
2026-01-02 16:06:26,PUNE,Clear,0.14,8.61,0.6,39.2,46.7
2026-03-17 08:52:03,PUNE,Clear,0.08,9.69,1.3,26.8,87.4
2026-04-26 19:21:30,PUNE,Clear,0.07,10.09,0.1,35.2,35.7
2026-06-13 01:33:41,PUNE,Clear,0.18,7.8,0.2,33.4,91.0
2026-01-14 16:57:46,PUNE,Cloudy,0.26,7.94,0.5,21.1,68.1
2026-05-03 23:18:35,PUNE,Clear,0.06,9.59,1.3,25.6,86.9
2026-03-24 10:58:03,PUNE,Fog,0.74,3.55,0.9,23.2,100.0
2026-04-05 00:31:29,PUNE,Cloudy,0.41,6.32,0.5,15.9,79.9
2026-05-03 06:46:59,PUNE,Rain,0.53,4.16,0.5,25.9,62.4
2026-01-09 12:48:17,PUNE,Cloudy,0.32,6.93,0.2,11.0,98.3
2026-06-13 09:30:57,PUNE,Fog,0.7,4.66,0.2,29.2,61.7
2026-02-07 14:17:31,PUNE,Clear,0.21,8.77,0.7,22.2,69.9
2026-05-21 19:09:41,PUNE,Cloudy,0.45,6.09,1.1,20.4,85.0
2026-06-09 04:33:14,PUNE,Clear,0.33,7.14,0.7,24.8,100.0
2026-04-11 20:06:19,PUNE,Cloudy,0.09,9.12,1.2,20.3,57.4
2026-04-06 06:37:42,PUNE,Cloudy,0.37,6.33,1.3,34.8,80.6
2026-04-18 11:11:42,PUNE,Clear,0.41,6.89,0.2,17.5,73.1
2026-03-21 08:10:18,PUNE,Rain,0.45,4.96,11.0,28.0,20.0
2026-03-01 18:13:23,PUNE,Rain,0.21,7.86,12.0,37.9,100.0
2026-03-06 01:16:27,PUNE,Clear,0.2,7.99,0.8,25.2,37.5
2026-04-25 20:36:20,PUNE,Clear,0.08,9.25,1.1,36.0,75.2
2026-03-09 07:00:53,PUNE,Clear,0.44,6.4,0.0,20.5,89.5
2026-02-19 21:04:32,PUNE,Clear,0.29,7.24,1.3,13.6,22.0
2026-06-08 18:29:34,PUNE,Clear,0.34,7.08,0.2,29.2,67.1
2026-03-15 02:44:16,PUNE,Clear,0.56,5.96,1.1,25.9,57.7
2026-03-27 17:10:27,PUNE,Rain,0.04,8.68,10.9,23.2,60.3
2026-06-07 00:53:36,PUNE,Fog,0.68,4.27,0.9,20.6,82.2
2026-05-21 16:47:58,PUNE,Fog,0.51,4.88,0.6,19.7,69.4
2026-03-16 15:45:18,PUNE,Fog,0.44,6.45,0.6,20.8,100.0
2026-03-13 18:40:44,PUNE,Cloudy,0.37,6.95,0.5,16.7,58.8
2026-05-16 18:52:09,PUNE,Clear,0.34,6.98,0.8,27.8,90.3
2026-02-26 05:00:38,PUNE,Clear,0.46,5.15,0.7,26.5,76.0
2026-05-18 14:45:36,PUNE,Cloudy,0.7,4.95,0.9,14.8,81.8
2026-02-16 10:27:42,PUNE,Clear,0.27,7.94,0.6,34.9,63.6
2026-02-14 16:21:16,PUNE,Clear,0.44,5.55,0.9,28.0,52.4
2026-01-13 14:53:04,PUNE,Fog,0.59,4.96,1.1,25.2,58.9
2026-05-05 02:10:00,PUNE,Fog,0.52,5.19,0.5,31.3,70.6
2026-06-13 15:29:53,PUNE,Clear,0.12,8.71,1.2,25.3,81.5
2026-02-19 19:28:12,PUNE,Cloudy,0.22,7.78,1.1,27.7,48.9
2026-02-07 20:15:36,PUNE,Clear,0.14,8.7,0.5,24.2,63.8
2026-01-01 00:50:23,PUNE,Clear,0.1,9.6,1.1,20.8,64.2
2026-01-02 05:27:38,PUNE,Clear,0.23,7.61,0.9,15.0,51.4
2026-01-06 05:39:43,PUNE,Clear,0.26,6.92,1.0,19.6,53.9
2026-06-15 18:32:40,PUNE,Fog,0.56,5.56,1.5,29.6,100.0
2026-05-19 23:57:45,PUNE,Rain,0.11,7.67,3.4,22.2,51.3
2026-04-30 06:49:07,PUNE,Clear,0.18,9.08,0.5,26.3,66.0
2026-01-04 09:00:20,PUNE,Clear,0.24,8.14,0.6,21.6,100.0
2026-02-24 00:11:46,PUNE,Clear,0.31,7.68,0.7,24.1,72.4
2026-01-30 13:36:57,PUNE,Clear,0.31,7.35,1.3,10.3,100.0
2026-02-25 04:55:06,PUNE,Rain,0.25,6.51,17.9,15.0,80.7
2026-05-28 07:37:33,PUNE,Clear,0.17,8.08,1.3,17.4,67.1
2026-01-17 08:14:03,PUNE,Clear,0.25,7.51,1.1,15.6,55.9
2026-05-11 03:58:53,PUNE,Clear,0.17,8.66,1.3,11.9,52.2
2026-03-23 18:18:45,PUNE,Clear,0.39,7.51,1.0,13.0,53.3
2026-01-13 23:02:32,PUNE,Clear,0.19,8.41,0.9,24.3,56.0
2026-01-19 12:29:02,PUNE,Rain,0.69,2.58,5.3,16.3,94.0
2026-05-21 08:49:28,PUNE,Fog,0.35,6.5,0.4,18.9,65.1
2026-03-01 16:11:55,PUNE,Clear,0.5,5.84,1.4,25.9,74.7
2026-06-12 16:54:45,PUNE,Rain,0.61,3.53,3.0,24.0,77.8
2026-03-18 02:07:02,PUNE,Fog,0.63,3.82,0.7,24.4,100.0
2026-03-25 10:40:23,PUNE,Cloudy,0.5,5.53,1.0,26.2,50.6
2026-02-18 21:24:49,PUNE,Fog,0.73,4.54,0.0,19.4,44.2
2026-04-27 04:17:00,PUNE,Clear,0.41,6.32,0.6,25.8,74.1
2026-06-25 08:05:26,PUNE,Rain,0.41,4.99,13.7,18.7,62.7
2026-02-24 01:13:53,PUNE,Clear,0.54,5.46,0.7,37.7,73.7
2026-05-18 04:17:16,PUNE,Clear,0.24,7.26,0.5,30.8,71.7
2026-05-03 04:31:48,PUNE,Cloudy,0.24,7.84,0.0,24.7,63.6
2026-04-18 01:09:29,PUNE,Clear,0.31,7.45,1.4,19.9,38.2
2026-06-02 18:25:18,PUNE,Cloudy,0.29,8.22,0.5,23.2,74.9
2026-05-06 01:00:15,PUNE,Clear,0.39,7.14,0.8,22.8,76.5
2026-02-19 20:17:52,PUNE,Clear,0.22,7.74,0.6,6.6,71.6
2026-02-03 14:44:56,PUNE,Clear,0.1,9.02,0.6,31.9,46.1
2026-02-15 10:01:38,PUNE,Clear,0.15,7.27,0.7,20.9,57.1
2026-03-14 22:53:53,PUNE,Fog,1.0,2.2,0.5,23.2,72.7
2026-03-25 03:47:44,PUNE,Fog,0.89,3.0,0.2,32.0,92.1
2026-01-17 07:05:39,PUNE,Clear,0.54,4.94,1.2,32.0,73.7
2026-02-23 00:26:05,PUNE,Cloudy,0.19,8.09,1.0,27.3,70.4
2026-05-15 17:56:28,PUNE,Cloudy,0.37,6.69,0.3,15.9,95.2
2026-03-01 22:27:28,PUNE,Clear,0.1,9.27,0.7,21.6,32.0
2026-05-10 05:12:18,PUNE,Clear,0.39,6.8,0.7,15.6,67.6
2026-03-25 20:08:41,PUNE,Clear,0.19,8.1,0.5,23.3,77.9
2026-03-07 18:39:04,PUNE,Rain,0.06,8.34,7.7,33.3,80.6
2026-02-25 21:34:23,PUNE,Clear,0.24,7.84,1.3,23.1,67.7
2026-03-12 17:47:14,PUNE,Fog,0.47,5.98,0.2,25.2,100.0
2026-03-17 20:03:22,PUNE,Clear,0.08,8.72,0.2,38.9,81.8
2026-01-26 18:05:22,PUNE,Rain,0.35,5.76,1.7,19.8,75.6
2026-06-28 09:33:13,PUNE,Cloudy,0.18,8.55,0.8,27.6,71.9
2026-02-12 04:03:27,PUNE,Clear,0.12,9.16,0.6,22.3,94.4
2026-06-25 08:39:18,PUNE,Clear,0.5,5.89,1.1,30.4,61.3
2026-05-31 15:40:06,PUNE,Clear,0.22,8.36,0.4,27.5,74.0
2026-05-18 17:15:31,PUNE,Cloudy,0.17,7.97,0.7,28.8,73.4
2026-04-21 14:03:48,PUNE,Clear,0.29,7.62,0.4,16.3,47.3
2026-01-14 01:53:09,PUNE,Clear,0.06,9.55,0.1,18.0,85.0
2026-01-13 02:27:52,PUNE,Clear,0.17,8.89,1.2,16.3,66.2
2026-04-19 05:57:25,PUNE,Cloudy,0.11,8.64,1.0,23.9,48.2
2026-02-25 22:16:05,PUNE,Rain,0.33,5.57,24.4,34.0,59.7
2026-05-01 06:56:04,PUNE,Clear,0.36,6.79,0.3,25.3,83.2
2026-01-04 10:12:34,PUNE,Cloudy,0.22,8.3,0.9,12.5,57.9
2026-03-25 23:41:38,PUNE,Fog,0.43,6.76,0.9,13.1,69.6
2026-03-07 02:47:21,PUNE,Clear,0.15,9.49,0.2,16.3,87.0
2026-01-30 13:05:15,PUNE,Clear,0.3,7.94,0.6,20.3,46.9
2026-03-11 07:17:17,PUNE,Cloudy,0.44,5.47,0.6,26.5,60.3
2026-06-08 21:54:19,PUNE,Clear,0.51,5.57,0.4,14.4,73.3
2026-04-17 06:55:30,PUNE,Clear,0.6,4.99,0.5,23.9,61.2
2026-03-03 12:56:01,PUNE,Clear,0.06,9.38,1.4,34.0,89.9
2026-04-05 10:16:16,PUNE,Cloudy,0.19,8.51,0.7,25.2,67.0
2026-01-08 19:49:09,PUNE,Clear,0.06,9.59,1.1,23.7,46.6
2026-05-26 23:05:30,PUNE,Clear,0.13,8.7,0.2,27.6,81.0
2026-03-14 14:48:25,PUNE,Cloudy,0.1,9.03,1.5,21.8,69.7
2026-06-11 00:37:56,PUNE,Clear,0.34,7.09,0.3,24.3,73.9
2026-03-26 12:33:14,PUNE,Clear,0.39,6.5,0.9,36.1,53.1
2026-06-21 15:50:42,PUNE,Clear,0.31,7.85,0.4,14.0,61.7
2026-02-19 13:04:48,PUNE,Clear,0.18,8.6,1.3,32.5,56.4
2026-06-13 07:44:00,PUNE,Clear,0.32,7.21,0.8,31.1,87.8
2026-05-30 06:25:51,PUNE,Cloudy,0.08,9.38,0.7,19.0,59.0
2026-01-05 10:04:38,PUNE,Rain,0.48,4.16,6.6,24.8,39.1
2026-02-23 01:31:13,PUNE,Fog,0.53,5.98,0.8,9.3,75.7
2026-03-16 01:13:43,PUNE,Clear,0.02,9.17,1.0,20.0,86.8
2026-04-14 15:43:01,PUNE,Cloudy,0.39,6.67,1.1,10.4,33.5
2026-04-12 18:18:49,PUNE,Cloudy,0.26,7.72,0.6,25.9,80.0
2026-04-19 10:13:02,PUNE,Cloudy,0.18,8.58,1.3,34.1,49.3
2026-06-07 12:42:30,PUNE,Cloudy,0.4,6.32,0.3,22.3,100.0
2026-06-17 03:30:22,PUNE,Clear,0.21,8.56,0.4,39.6,52.4
2026-03-27 06:46:27,PUNE,Fog,0.38,6.51,0.8,19.2,40.2
2026-02-12 19:55:29,PUNE,Rain,0.46,5.18,4.7,37.8,55.9
2026-05-21 19:33:22,PUNE,Fog,0.91,2.58,1.4,33.0,79.6
2026-02-03 21:27:21,PUNE,Clear,0.04,9.75,0.1,23.3,47.7
2026-04-29 02:22:06,PUNE,Clear,0.22,7.97,0.6,31.3,52.3
2026-06-21 15:38:57,PUNE,Rain,0.5,4.96,8.8,26.5,91.3
2026-04-10 02:01:33,PUNE,Clear,0.12,8.49,1.3,6.1,53.4
2026-01-27 11:19:30,PUNE,Cloudy,0.5,6.28,1.1,38.0,70.9
2026-02-05 08:36:56,PUNE,Clear,0.16,8.35,0.8,17.8,86.8
2026-03-11 08:10:06,PUNE,Clear,0.4,6.16,0.3,21.1,87.8
2026-02-18 10:19:02,PUNE,Clear,0.49,5.23,1.1,30.8,77.9
2026-04-09 05:08:48,PUNE,Rain,0.35,5.37,4.8,20.2,81.0
2026-05-25 18:14:24,PUNE,Clear,0.05,8.48,0.8,42.0,76.6
2026-02-12 12:37:38,PUNE,Clear,0.44,6.37,0.7,29.5,43.0
2026-01-03 17:23:53,PUNE,Rain,0.43,4.06,1.6,18.7,58.4
2026-03-05 01:35:31,PUNE,Clear,0.18,8.01,0.3,15.9,88.2
2026-02-22 23:53:37,PUNE,Cloudy,0.04,9.02,0.5,15.8,58.2
2026-05-06 18:40:29,PUNE,Clear,0.44,6.54,0.5,12.6,95.7
2026-02-26 13:21:11,PUNE,Rain,0.17,7.78,8.5,35.8,55.8
2026-01-06 18:24:56,PUNE,Clear,0.45,6.09,0.3,15.8,100.0
2026-01-07 03:36:53,PUNE,Clear,0.26,8.05,1.2,23.8,83.0
2026-02-19 18:06:37,PUNE,Clear,0.21,9.02,0.1,22.6,40.0
2026-04-08 06:59:15,PUNE,Clear,0.51,5.71,0.2,30.6,67.9
2026-05-28 21:09:59,PUNE,Cloudy,0.41,5.91,0.3,33.9,71.9
2026-06-08 07:10:01,PUNE,Cloudy,0.5,4.96,0.5,29.3,70.3
2026-04-11 08:46:58,PUNE,Clear,0.29,6.76,1.4,26.9,20.0
2026-01-19 14:54:50,PUNE,Clear,0.18,9.33,1.2,31.1,78.4
2026-03-11 09:50:29,PUNE,Clear,0.39,5.78,1.3,18.3,65.2
2026-01-15 05:24:17,PUNE,Clear,0.61,5.63,1.3,29.5,66.6
2026-02-18 04:06:32,PUNE,Fog,0.45,6.51,0.2,14.8,79.7
2026-06-08 07:07:30,PUNE,Fog,0.68,4.74,0.3,24.5,64.3
2026-04-25 10:54:22,PUNE,Fog,0.67,4.53,0.1,31.3,70.7
2026-02-02 21:00:27,PUNE,Clear,0.18,7.62,1.5,44.9,61.7
2026-06-26 09:01:35,PUNE,Clear,0.29,7.77,0.0,18.9,68.0
2026-04-16 17:57:43,PUNE,Rain,0.32,6.45,18.8,41.1,54.5
2026-04-14 07:51:36,PUNE,Clear,0.08,9.02,0.1,29.3,100.0
2026-04-02 21:30:25,PUNE,Cloudy,0.2,8.49,0.7,1.0,86.1
2026-04-06 14:28:35,PUNE,Cloudy,0.33,7.11,1.4,13.9,46.8
2026-05-02 11:33:02,PUNE,Clear,0.29,7.96,0.9,34.1,78.2
2026-01-28 21:50:38,PUNE,Clear,0.55,5.06,0.6,32.9,76.5
2026-03-01 19:42:16,PUNE,Clear,0.67,4.08,0.8,27.6,68.0
2026-03-22 02:57:00,PUNE,Rain,0.47,4.71,22.6,19.3,77.9
2026-05-21 12:31:19,PUNE,Clear,0.51,5.42,0.3,37.8,69.4
2026-02-23 17:28:13,PUNE,Cloudy,0.31,7.39,0.0,31.4,50.7
2026-05-17 14:05:33,PUNE,Cloudy,0.09,8.55,0.3,33.4,66.7
2026-02-22 06:39:53,PUNE,Clear,0.36,6.33,1.5,20.4,20.0
2026-02-08 02:54:37,PUNE,Rain,0.35,5.39,8.8,27.4,94.2
2026-02-27 23:28:10,PUNE,Clear,0.15,8.6,0.7,30.4,70.0
2026-01-22 10:00:04,PUNE,Clear,0.03,9.58,0.8,17.2,78.5
2026-03-10 12:58:44,PUNE,Clear,0.47,5.95,0.8,17.2,68.4
2026-06-05 14:07:05,PUNE,Clear,0.04,10.44,0.2,26.6,86.6
2026-02-11 19:13:52,PUNE,Clear,0.05,9.6,0.5,19.4,74.4
2026-02-07 05:42:54,PUNE,Rain,0.09,8.51,30.6,21.6,81.8
2026-06-23 09:21:20,PUNE,Fog,0.57,5.6,0.1,20.1,30.0
2026-02-19 17:01:46,PUNE,Clear,0.1,9.38,0.8,36.4,65.6
2026-03-06 03:40:12,PUNE,Clear,0.42,6.48,0.4,28.5,61.9
2026-01-07 07:48:11,PUNE,Cloudy,0.41,6.66,0.7,24.2,48.5
2026-04-19 21:29:40,PUNE,Fog,0.48,5.57,1.1,16.1,27.1
2026-05-13 16:13:54,PUNE,Fog,0.84,2.49,1.4,19.1,81.7
2026-01-04 04:30:32,PUNE,Cloudy,0.01,10.5,0.5,32.3,40.0
2026-03-12 12:04:02,PUNE,Rain,0.62,3.16,10.1,29.6,76.2
2026-03-20 13:59:46,PUNE,Cloudy,0.25,7.73,0.2,20.1,64.8
2026-01-28 14:31:29,PUNE,Clear,0.2,7.63,1.4,28.5,30.4
2026-04-15 19:10:59,PUNE,Clear,0.04,9.6,0.3,17.4,33.8
2026-06-12 20:56:05,PUNE,Rain,0.54,4.14,2.0,21.3,79.5
2026-01-24 18:13:01,PUNE,Fog,0.52,5.7,1.4,13.9,64.7
2026-06-05 18:43:06,PUNE,Clear,0.14,9.17,0.1,36.0,64.9
2026-05-22 03:10:53,PUNE,Rain,0.15,6.98,13.6,31.7,20.0
2026-04-18 10:27:17,PUNE,Fog,0.4,5.93,0.3,22.0,60.4
2026-04-03 04:25:27,PUNE,Clear,0.08,8.6,0.7,33.2,67.6
2026-04-11 11:16:40,PUNE,Clear,0.3,7.41,0.6,26.8,58.2
2026-01-31 00:16:31,PUNE,Clear,0.21,8.97,1.4,12.9,87.5
2026-04-02 15:24:42,PUNE,Rain,0.38,5.38,2.6,27.1,63.4
2026-05-24 13:54:53,PUNE,Rain,0.22,6.76,15.8,21.5,33.0
2026-03-26 01:28:55,PUNE,Cloudy,0.39,6.51,0.2,7.1,54.0
2026-06-27 00:12:00,PUNE,Clear,0.03,8.78,1.0,12.9,85.7
2026-05-27 19:47:37,PUNE,Cloudy,0.09,9.43,0.5,26.6,90.3
2026-03-01 11:03:45,PUNE,Cloudy,0.13,8.95,0.2,37.3,44.5
2026-02-09 11:42:46,PUNE,Fog,0.57,4.88,1.5,11.2,40.4
2026-04-17 21:07:44,PUNE,Fog,0.58,5.27,0.8,33.4,53.9
2026-06-08 09:23:22,PUNE,Clear,0.36,7.28,0.3,16.4,50.0
2026-03-16 12:09:38,PUNE,Clear,0.09,9.29,1.3,25.6,74.3
2026-04-15 04:46:56,PUNE,Clear,0.6,4.88,0.7,12.4,73.4
2026-06-18 10:28:20,PUNE,Clear,0.12,8.76,1.0,22.0,89.0
2026-06-01 06:19:53,PUNE,Clear,0.42,6.93,0.1,22.9,44.7
2026-04-09 02:12:29,PUNE,Cloudy,0.62,4.34,0.9,22.2,73.7
2026-03-24 21:43:38,PUNE,Clear,0.18,9.89,1.4,15.7,89.1
2026-06-07 07:20:46,PUNE,Clear,0.29,8.22,0.4,31.4,69.2
2026-06-07 16:28:01,PUNE,Fog,0.83,2.6,1.2,26.9,72.3
2026-03-14 11:44:06,PUNE,Fog,0.69,4.61,0.5,27.6,81.0
2026-01-20 01:01:23,PUNE,Clear,0.5,5.17,0.5,23.0,46.5
2026-02-03 11:30:52,PUNE,Cloudy,0.32,8.26,0.2,34.7,82.9
2026-03-01 14:48:19,PUNE,Rain,0.13,8.03,3.2,18.4,51.5
2026-03-07 16:02:40,PUNE,Clear,0.47,6.71,0.5,17.0,74.2
2026-02-12 16:07:31,PUNE,Fog,0.61,5.41,0.7,36.7,39.2
2026-01-23 02:12:22,PUNE,Cloudy,0.08,9.28,0.9,29.8,50.1
2026-01-13 04:44:47,PUNE,Cloudy,0.18,8.99,0.6,10.3,79.3
2026-06-06 18:24:19,PUNE,Clear,0.1,8.36,0.9,41.7,76.8
2026-05-06 00:29:51,PUNE,Clear,0.44,6.11,0.7,14.5,72.2
2026-03-31 12:35:02,PUNE,Fog,0.61,4.93,0.5,30.7,68.3
2026-04-01 07:19:02,PUNE,Rain,0.2,7.27,4.6,13.5,86.4
2026-06-24 18:41:47,PUNE,Cloudy,0.04,9.71,1.3,21.5,80.0
2026-05-13 21:53:14,PUNE,Clear,0.38,6.46,1.1,25.3,55.7
2026-06-02 22:55:59,PUNE,Clear,0.6,4.95,0.9,30.4,66.3
2026-02-03 23:40:07,PUNE,Cloudy,0.26,7.7,0.6,34.0,73.4
2026-05-24 03:23:53,PUNE,Clear,0.15,8.12,0.5,24.4,53.2
2026-05-07 03:04:58,PUNE,Clear,0.27,8.17,0.9,19.4,64.9
2026-03-14 21:14:42,PUNE,Clear,0.65,4.28,0.8,17.4,74.8
2026-01-07 06:46:32,PUNE,Fog,1.0,1.42,0.7,27.7,99.2
2026-03-18 16:57:24,PUNE,Cloudy,0.15,8.42,0.9,20.5,91.4
2026-03-29 06:03:49,PUNE,Rain,0.55,4.54,15.4,16.2,69.0
2026-06-12 03:30:32,PUNE,Clear,0.24,8.06,1.3,20.2,93.5
2026-04-12 07:57:13,PUNE,Clear,0.19,8.39,1.0,29.7,61.1
2026-03-12 17:54:08,PUNE,Clear,0.27,7.91,0.1,21.8,83.3
2026-05-23 08:44:21,PUNE,Cloudy,0.22,8.44,0.9,28.1,34.7
2026-06-08 07:11:50,PUNE,Clear,0.19,8.65,1.3,25.8,73.9
2026-01-13 03:27:48,PUNE,Fog,0.66,4.7,1.1,36.2,98.6
2026-01-11 08:41:20,PUNE,Clear,0.06,9.14,1.2,27.9,53.8
2026-04-14 16:09:17,PUNE,Fog,0.93,1.57,1.5,28.9,57.0
2026-06-25 18:22:05,PUNE,Cloudy,0.24,7.98,0.4,24.9,27.4
2026-05-24 16:15:30,PUNE,Rain,0.48,4.96,4.7,23.5,54.4
2026-05-22 15:49:54,PUNE,Rain,0.15,6.94,1.1,31.3,51.5
2026-02-25 00:21:56,PUNE,Rain,0.34,5.47,34.8,20.4,41.8
2026-04-08 07:47:19,PUNE,Cloudy,0.45,5.57,0.2,22.5,72.7
2026-03-22 19:01:37,PUNE,Rain,0.41,6.01,4.4,32.4,30.4
2026-03-05 23:06:38,PUNE,Cloudy,0.16,9.15,1.3,17.9,48.1
2026-03-18 06:12:49,PUNE,Clear,0.27,7.24,1.2,17.2,62.0
2026-06-19 10:29:20,PUNE,Clear,0.06,9.0,0.1,25.9,72.9
2026-02-12 23:04:53,PUNE,Fog,0.9,1.39,0.1,12.6,67.5
2026-04-11 15:04:35,PUNE,Clear,0.27,7.67,0.7,21.2,63.5
2026-03-11 23:45:11,PUNE,Rain,0.06,7.82,12.8,42.5,59.6
2026-01-14 23:37:33,PUNE,Clear,0.5,5.77,1.3,23.9,62.9
2026-01-22 19:12:26,PUNE,Clear,0.36,6.45,1.2,21.7,44.6
2026-03-16 09:24:40,PUNE,Cloudy,0.1,9.53,1.1,30.1,78.1
2026-03-18 00:36:06,PUNE,Clear,0.1,8.99,1.4,19.9,71.4
2026-04-20 21:48:24,PUNE,Clear,0.22,8.01,1.1,28.9,69.2
2026-02-22 09:42:26,PUNE,Clear,0.24,8.44,0.8,14.4,72.7
2026-01-04 15:57:59,PUNE,Cloudy,0.35,7.12,1.2,15.8,47.0
2026-05-05 13:48:38,PUNE,Rain,0.31,5.94,5.0,9.5,43.1
2026-01-05 01:40:03,PUNE,Fog,0.64,4.46,1.4,28.6,75.9
2026-01-29 16:10:49,PUNE,Clear,0.24,8.18,1.1,35.1,50.4
2026-05-30 11:02:18,PUNE,Clear,0.08,9.65,0.3,21.4,72.9
2026-05-27 02:28:41,PUNE,Rain,0.29,6.81,18.6,16.7,59.7
2026-06-25 10:10:01,PUNE,Cloudy,0.29,7.69,0.4,33.6,100.0
2026-03-05 04:44:48,PUNE,Fog,0.55,5.92,0.2,26.0,47.2
2026-05-25 07:37:06,PUNE,Cloudy,0.45,6.1,1.0,31.2,48.5
2026-03-06 00:01:23,PUNE,Fog,0.41,6.56,0.5,9.3,51.0
2026-04-09 03:22:14,PUNE,Fog,0.49,4.94,1.4,27.9,71.6
2026-01-22 10:56:23,PUNE,Clear,0.19,8.37,1.0,18.7,61.4
2026-01-30 06:03:17,PUNE,Fog,0.55,5.21,0.4,22.6,65.7
2026-02-01 00:03:47,PUNE,Cloudy,0.54,6.46,1.0,19.0,49.9
2026-06-12 05:09:20,PUNE,Clear,0.59,4.57,0.2,23.9,46.8
2026-06-03 05:08:20,PUNE,Rain,0.19,6.9,7.6,17.1,51.9
2026-05-14 19:47:38,PUNE,Clear,0.1,8.42,1.1,39.8,66.9
2026-04-17 02:38:38,PUNE,Clear,0.19,8.13,0.3,30.9,59.8
2026-04-22 03:04:57,PUNE,Clear,0.24,8.26,0.6,16.8,57.4
2026-01-29 01:40:58,PUNE,Clear,0.18,8.81,0.2,41.1,42.8
2026-06-16 17:48:26,PUNE,Rain,0.29,6.39,6.1,26.5,59.8
2026-04-11 18:44:48,PUNE,Cloudy,0.27,7.33,0.4,18.0,62.3
2026-03-11 15:42:13,PUNE,Clear,0.58,5.12,1.1,31.2,78.1
2026-03-21 08:44:03,PUNE,Clear,0.15,8.89,0.3,27.4,100.0
2026-03-11 20:58:07,PUNE,Clear,0.04,9.65,0.1,35.3,64.9
2026-05-12 10:09:56,PUNE,Clear,0.43,7.0,0.8,23.7,24.9
2026-05-01 07:31:52,PUNE,Fog,0.52,6.86,0.8,14.9,100.0
2026-05-26 00:00:31,PUNE,Clear,0.14,9.13,1.2,27.1,52.4
2026-02-10 03:54:30,PUNE,Cloudy,0.49,5.8,1.1,20.8,52.1
2026-04-28 12:25:22,PUNE,Clear,0.32,7.38,1.5,25.7,64.7
2026-06-11 21:58:41,PUNE,Cloudy,0.41,6.21,0.6,35.2,65.9
2026-02-21 08:49:01,PUNE,Fog,0.57,5.7,0.7,26.3,100.0
2026-01-06 10:18:42,PUNE,Clear,0.46,5.93,0.5,23.0,34.1
2026-02-07 00:38:48,PUNE,Rain,0.52,5.26,2.8,20.3,90.8
2026-02-17 16:30:01,PUNE,Clear,0.22,7.96,0.0,23.0,96.0
2026-06-07 06:43:17,PUNE,Clear,0.55,5.82,0.1,35.6,46.7
2026-02-07 14:38:13,PUNE,Clear,0.38,6.36,0.1,25.3,89.5
2026-04-27 08:54:57,PUNE,Clear,0.35,7.92,1.1,20.7,37.1
2026-03-26 16:57:00,PUNE,Clear,0.43,6.23,1.1,17.0,36.9
2026-06-08 02:12:21,PUNE,Rain,0.14,7.86,9.0,33.5,57.2
2026-06-16 14:44:02,PUNE,Rain,0.35,6.63,15.5,27.8,73.6
2026-03-24 19:51:12,PUNE,Clear,0.25,8.35,0.5,20.6,64.8
2026-04-20 11:32:31,PUNE,Clear,0.22,8.57,1.1,18.7,40.8
2026-02-11 18:21:28,PUNE,Fog,0.68,5.29,0.8,23.9,80.9
2026-03-08 10:35:33,PUNE,Clear,0.32,7.01,1.4,40.8,86.1
2026-01-22 20:23:18,PUNE,Cloudy,0.55,5.47,1.2,37.2,81.1
2026-05-02 00:14:44,PUNE,Cloudy,0.14,7.87,0.6,20.2,69.0
2026-01-16 00:53:57,PUNE,Clear,0.38,6.75,0.3,30.6,50.0
2026-02-05 23:55:46,PUNE,Rain,0.39,5.22,6.0,32.3,90.8
2026-03-17 17:51:23,PUNE,Fog,0.75,2.71,1.2,9.5,61.7
2026-04-02 04:36:04,PUNE,Cloudy,0.24,7.89,1.4,48.0,52.8
2026-02-02 00:23:19,PUNE,Clear,0.47,6.48,0.2,26.4,47.1
2026-02-02 07:59:29,PUNE,Clear,0.12,9.16,1.0,22.3,36.4
2026-04-13 06:53:36,PUNE,Clear,0.3,7.59,1.0,14.4,100.0
2026-04-18 03:46:15,PUNE,Clear,0.08,9.44,0.8,25.5,20.0
2026-02-28 21:02:28,PUNE,Cloudy,0.5,6.14,1.2,18.8,44.6
2026-03-27 16:04:20,PUNE,Clear,0.25,8.28,1.3,32.4,54.1
2026-01-31 17:55:23,PUNE,Clear,0.2,8.35,0.5,14.3,58.7
2026-06-23 06:31:15,PUNE,Clear,0.16,7.96,1.2,17.1,72.0
2026-03-28 11:40:09,PUNE,Clear,0.34,7.34,0.6,20.1,65.3
2026-06-02 18:40:22,PUNE,Clear,0.19,8.02,0.8,28.4,56.1
2026-06-26 05:33:08,PUNE,Fog,0.83,2.77,0.4,27.0,63.6
2026-05-02 18:27:52,PUNE,Rain,0.57,3.63,2.3,18.1,50.1
2026-02-20 08:53:15,PUNE,Clear,0.14,9.11,0.4,9.0,45.6
2026-04-30 22:25:59,PUNE,Cloudy,0.48,5.92,0.0,26.8,70.3
2026-04-26 02:04:26,PUNE,Cloudy,0.47,5.75,0.7,22.5,47.2
2026-01-01 18:14:01,PUNE,Rain,0.86,2.18,10.8,32.7,61.1
2026-01-22 06:34:36,PUNE,Cloudy,0.51,5.81,0.3,21.3,77.6
2026-01-29 06:48:08,PUNE,Rain,0.12,7.75,10.2,13.8,83.4
2026-05-05 11:01:32,PUNE,Clear,0.23,8.26,1.3,26.2,57.9
2026-03-27 04:22:09,PUNE,Clear,0.07,9.01,0.1,19.0,52.5
2026-04-02 15:36:15,PUNE,Clear,0.48,5.4,1.3,9.6,54.3
2026-03-05 23:18:52,PUNE,Cloudy,0.15,8.36,0.9,15.2,78.2
2026-03-03 21:56:15,PUNE,Clear,0.19,8.12,0.7,27.3,55.7
2026-01-24 04:29:41,PUNE,Clear,0.51,6.19,0.5,14.9,84.0
2026-04-04 15:00:00,PUNE,Clear,0.41,5.72,0.2,12.9,47.3
2026-05-16 13:18:17,PUNE,Clear,0.48,5.33,0.3,20.7,60.3
2026-06-02 01:21:11,PUNE,Rain,0.13,8.29,11.2,25.9,100.0
2026-06-09 15:38:10,PUNE,Cloudy,0.15,8.56,1.5,27.2,92.2
2026-03-11 19:25:50,PUNE,Clear,0.25,7.83,1.0,24.2,57.8
2026-02-28 01:09:39,PUNE,Clear,0.19,8.29,1.0,35.0,34.3
2026-03-04 09:48:41,PUNE,Cloudy,0.41,6.86,0.6,10.0,73.7
2026-06-20 11:56:04,PUNE,Clear,0.17,8.83,0.3,34.7,47.3
2026-05-31 22:20:56,PUNE,Clear,0.09,9.77,1.1,26.2,73.1
2026-01-29 03:01:22,PUNE,Fog,0.74,3.26,0.3,17.2,68.8
2026-02-13 21:33:25,PUNE,Cloudy,0.15,8.86,1.4,14.2,84.7
2026-04-10 12:52:14,PUNE,Clear,0.21,8.17,0.3,23.3,60.7
2026-05-29 20:35:49,PUNE,Clear,0.42,7.42,0.3,13.6,76.5
2026-04-24 13:00:47,PUNE,Clear,0.21,8.54,0.8,25.0,62.2
2026-02-15 15:25:46,PUNE,Clear,0.08,8.79,1.4,25.1,70.7
2026-01-22 15:22:14,PUNE,Clear,0.32,8.11,0.2,25.3,47.4
2026-06-16 10:41:32,PUNE,Clear,0.2,7.94,0.5,26.2,59.8
2026-03-23 21:15:12,PUNE,Rain,0.22,6.97,16.6,23.6,94.9
2026-05-30 19:53:09,PUNE,Clear,0.27,8.71,1.5,23.1,100.0
2026-05-13 14:31:24,PUNE,Rain,0.2,7.14,16.7,22.9,60.4
2026-05-08 02:31:50,PUNE,Clear,0.36,6.81,0.7,22.1,56.7
2026-04-14 20:10:05,PUNE,Clear,0.14,8.37,0.5,29.3,53.9
2026-03-24 11:04:57,PUNE,Clear,0.25,7.53,0.6,10.2,64.1
2026-03-26 14:25:18,PUNE,Rain,0.04,8.02,1.3,26.4,43.8
2026-05-14 19:12:01,PUNE,Clear,0.48,5.88,0.3,31.8,89.1
2026-05-11 04:14:44,PUNE,Rain,0.24,7.17,4.3,34.5,56.7
2026-05-10 20:49:08,PUNE,Cloudy,0.19,8.81,0.0,24.0,66.6
2026-02-02 15:13:26,PUNE,Rain,0.64,3.67,2.6,17.1,65.5
2026-03-26 23:23:47,PUNE,Clear,0.31,7.69,0.6,16.4,52.1
2026-01-09 10:21:57,PUNE,Rain,0.1,8.24,20.3,20.0,80.9
2026-03-19 02:58:19,PUNE,Cloudy,0.33,7.35,0.5,27.7,65.2
2026-02-11 02:21:05,PUNE,Cloudy,0.64,3.51,0.7,20.3,75.7
2026-01-24 17:13:55,PUNE,Clear,0.28,8.19,0.5,19.0,97.1
2026-02-06 01:33:14,PUNE,Rain,0.51,3.53,2.2,31.8,25.9
2026-01-10 15:29:18,PUNE,Clear,0.27,7.43,1.4,27.9,69.2
2026-03-21 11:59:57,PUNE,Rain,0.32,5.4,3.9,18.0,52.6
2026-03-30 12:43:00,PUNE,Clear,0.15,8.91,1.3,15.5,61.5
2026-03-29 16:38:20,PUNE,Clear,0.49,5.09,1.3,27.3,79.3
2026-06-07 05:36:32,PUNE,Fog,0.41,6.8,1.5,23.8,71.9
2026-03-21 12:57:27,PUNE,Clear,0.13,9.34,0.0,21.4,51.1
2026-01-24 02:24:13,PUNE,Clear,0.27,7.49,0.6,10.0,57.0
2026-02-07 15:42:03,PUNE,Fog,0.74,3.18,1.3,22.1,91.7
2026-03-13 20:42:20,PUNE,Clear,0.21,7.53,0.2,35.6,49.9
2026-02-23 04:41:57,PUNE,Clear,0.45,6.59,1.2,25.8,45.7
2026-03-11 19:44:54,PUNE,Rain,0.15,7.57,2.1,16.5,35.1
2026-03-30 01:59:39,PUNE,Clear,0.23,8.5,0.7,24.0,47.5
2026-05-02 17:40:48,PUNE,Fog,0.4,7.42,0.8,39.1,74.9
2026-05-24 08:06:38,PUNE,Clear,0.29,7.84,1.0,24.5,67.2
2026-02-27 15:46:44,PUNE,Clear,0.27,7.9,0.9,25.7,57.4
2026-01-01 07:14:30,PUNE,Clear,0.43,5.86,0.7,18.8,58.2
2026-02-05 18:37:03,PUNE,Rain,0.21,7.32,16.7,30.3,58.2
2026-05-12 21:00:04,PUNE,Clear,0.38,6.09,0.2,33.6,58.2
2026-01-08 16:38:36,PUNE,Clear,0.26,7.86,0.4,29.9,76.0
2026-01-29 05:26:32,PUNE,Clear,0.04,9.06,1.4,32.6,68.7
2026-01-02 12:57:49,PUNE,Clear,0.28,6.89,0.4,27.3,79.9
2026-03-28 09:02:18,PUNE,Fog,0.68,4.34,0.5,34.0,100.0
2026-06-13 19:15:37,PUNE,Clear,0.28,7.7,1.1,20.0,50.0
2026-03-16 13:23:14,PUNE,Clear,0.15,8.85,0.3,35.0,74.4
2026-01-16 15:11:33,PUNE,Clear,0.18,8.65,0.3,15.5,82.9
2026-01-28 06:37:36,PUNE,Cloudy,0.4,7.14,1.0,34.8,42.8
2026-04-01 19:48:02,PUNE,Fog,0.57,5.08,0.7,21.8,79.5
2026-06-14 00:34:15,PUNE,Clear,0.43,6.56,1.4,42.7,71.6
2026-05-31 19:24:03,PUNE,Cloudy,0.16,9.27,0.6,22.8,53.1
2026-01-10 11:15:08,PUNE,Cloudy,0.04,8.97,0.3,18.4,40.4
2026-02-12 19:27:56,PUNE,Rain,0.43,5.25,11.9,21.3,45.9
2026-06-22 08:42:40,PUNE,Cloudy,0.2,7.9,0.8,39.6,66.0
2026-01-11 01:48:57,PUNE,Rain,0.02,8.11,20.4,22.4,51.7
2026-06-07 02:16:08,PUNE,Fog,0.41,7.19,0.3,14.1,66.3
2026-02-06 10:15:21,PUNE,Clear,0.53,5.13,1.2,34.6,69.5
2026-05-31 02:25:19,PUNE,Clear,0.38,7.18,1.5,14.6,56.9
2026-01-07 17:30:21,PUNE,Fog,0.74,3.83,0.6,22.3,97.8
2026-05-02 02:15:18,PUNE,Clear,0.41,6.75,1.2,38.9,84.4
2026-03-04 17:41:24,PUNE,Fog,0.37,6.54,0.6,15.8,66.2
2026-03-13 14:54:41,PUNE,Clear,0.1,9.08,0.1,18.7,68.5
2026-05-25 23:57:12,PUNE,Fog,0.48,5.85,0.3,19.4,72.3
2026-01-23 13:19:48,PUNE,Cloudy,0.14,8.09,0.9,6.3,51.3
2026-06-21 23:59:47,PUNE,Cloudy,0.58,5.66,0.0,30.0,82.8
2026-04-04 11:32:10,PUNE,Clear,0.19,8.41,0.6,26.0,68.8
2026-06-06 10:41:23,PUNE,Clear,0.42,5.95,0.6,20.0,73.6
2026-05-06 10:22:58,PUNE,Clear,0.43,6.51,1.2,31.4,42.6
2026-01-01 02:26:45,PUNE,Clear,0.2,8.39,0.6,29.8,67.1
2026-02-25 01:11:51,PUNE,Fog,0.54,5.66,1.2,20.6,73.0
2026-04-21 05:35:37,PUNE,Clear,0.2,9.34,1.4,24.3,49.4
2026-01-17 18:20:05,PUNE,Clear,0.39,7.34,0.6,30.8,66.6
2026-05-19 11:04:01,PUNE,Clear,0.34,6.61,1.5,10.2,67.3
2026-06-21 14:42:13,PUNE,Cloudy,0.03,9.88,1.5,24.7,73.4
2026-02-15 22:07:03,PUNE,Clear,0.2,7.91,0.0,26.6,61.0
2026-03-07 11:34:55,PUNE,Fog,0.78,3.57,0.8,33.0,35.2
2026-05-19 08:17:55,PUNE,Rain,0.32,6.27,9.5,13.3,53.0
2026-03-09 05:53:44,PUNE,Clear,0.04,9.72,1.2,32.3,53.6
2026-06-17 08:05:53,PUNE,Clear,0.04,10.29,0.2,25.5,89.3
2026-03-04 09:09:12,PUNE,Fog,0.77,2.79,0.9,25.8,54.5
2026-03-24 16:47:29,PUNE,Clear,0.35,6.93,0.2,25.6,61.8
2026-05-23 10:15:12,PUNE,Fog,0.59,4.32,0.6,30.2,84.7
2026-01-26 16:41:37,PUNE,Cloudy,0.38,6.25,0.5,38.5,51.3
2026-01-19 15:30:02,PUNE,Clear,0.42,6.42,0.6,36.8,46.3
2026-03-01 22:35:06,PUNE,Cloudy,0.14,9.45,1.2,31.4,77.1
2026-06-10 05:40:52,PUNE,Clear,0.57,5.82,1.4,25.6,75.7
2026-05-02 15:32:53,PUNE,Clear,0.52,5.11,0.3,29.3,47.0
2026-03-25 16:00:38,PUNE,Cloudy,0.27,7.83,1.1,29.4,43.9
2026-02-10 16:47:22,PUNE,Clear,0.59,4.38,1.4,30.9,94.8
2026-02-27 03:11:17,PUNE,Clear,0.13,8.72,0.4,25.2,96.9
2026-06-06 13:56:58,PUNE,Clear,0.27,7.92,0.1,17.9,63.0
2026-01-28 10:18:57,PUNE,Clear,0.25,8.12,0.9,33.3,80.8
2026-05-31 01:46:03,PUNE,Fog,0.6,4.94,0.5,19.3,95.7
2026-02-12 20:24:33,PUNE,Cloudy,0.07,8.94,0.2,34.4,60.8
2026-02-02 08:33:57,PUNE,Cloudy,0.07,9.38,0.4,23.9,46.2
2026-03-17 21:46:28,PUNE,Cloudy,0.24,7.65,0.7,17.1,83.6
2026-01-25 21:24:23,PUNE,Clear,0.38,6.54,1.0,31.9,85.7
2026-04-01 10:51:41,PUNE,Clear,0.23,8.13,0.3,30.9,79.3
2026-02-12 05:28:59,PUNE,Cloudy,0.57,4.99,1.2,6.5,63.5
2026-06-14 23:14:12,PUNE,Clear,0.14,9.04,0.8,24.3,93.5
2026-06-01 11:43:03,PUNE,Cloudy,0.16,8.72,0.7,22.1,42.2
2026-04-02 22:28:29,PUNE,Clear,0.64,4.53,0.3,17.3,86.7
2026-02-12 22:35:18,PUNE,Fog,0.53,6.08,0.1,24.4,70.7
2026-03-21 11:06:19,PUNE,Rain,0.19,6.47,4.0,27.2,58.5
2026-03-30 02:46:08,PUNE,Rain,0.31,5.57,6.8,37.1,77.8
2026-02-19 11:24:16,PUNE,Cloudy,0.13,9.42,0.9,26.7,80.4
2026-04-20 03:24:50,PUNE,Rain,0.32,5.61,9.3,25.4,20.0
2026-05-29 04:58:50,PUNE,Rain,0.35,6.31,17.3,16.7,63.2
2026-04-14 20:35:37,PUNE,Clear,0.36,8.09,0.9,29.0,40.2
2026-01-02 00:19:54,PUNE,Clear,0.08,8.75,0.7,21.0,90.3
2026-01-07 09:23:54,PUNE,Cloudy,0.07,8.86,1.5,8.3,59.0
2026-01-15 04:29:08,PUNE,Clear,0.2,8.52,0.9,30.4,55.9
2026-06-15 02:15:30,PUNE,Clear,0.68,4.85,0.2,20.6,100.0
2026-06-30 03:43:20,PUNE,Clear,0.14,8.86,1.1,13.3,77.5
2026-06-05 18:50:01,PUNE,Clear,0.37,6.94,0.4,21.4,60.5
2026-06-29 07:44:44,PUNE,Clear,0.4,6.96,1.2,15.5,60.5
2026-01-16 07:08:02,PUNE,Fog,0.62,5.04,1.0,13.0,64.8
2026-05-18 02:07:43,PUNE,Cloudy,0.23,7.96,1.1,20.7,43.1
2026-05-19 09:34:35,PUNE,Clear,0.15,8.8,0.2,23.9,92.0
2026-04-20 19:04:29,PUNE,Rain,0.22,6.24,2.7,5.0,50.1
2026-04-28 13:24:31,PUNE,Clear,0.59,4.96,0.5,26.2,51.1
2026-01-16 15:08:44,PUNE,Clear,0.2,7.9,0.2,27.7,81.6
2026-03-20 19:42:44,PUNE,Clear,0.21,8.49,1.1,29.1,47.8
2026-05-10 09:42:41,PUNE,Clear,0.13,8.28,1.1,25.8,63.4
2026-01-05 10:49:59,PUNE,Cloudy,0.43,6.76,1.4,11.5,50.2
2026-05-13 08:33:35,PUNE,Clear,0.27,7.39,0.5,25.5,50.2
2026-03-27 14:20:10,PUNE,Rain,0.7,2.98,12.9,18.9,72.1
2026-04-03 20:09:41,PUNE,Clear,0.5,5.85,0.0,28.0,73.2
2026-04-12 15:59:03,PUNE,Clear,0.23,8.5,1.4,21.0,53.2
2026-01-25 11:08:08,PUNE,Fog,0.64,4.0,0.6,33.0,70.3
2026-02-05 12:30:28,PUNE,Cloudy,0.62,3.68,0.6,32.4,90.9
2026-02-11 22:41:20,PUNE,Fog,0.91,2.22,0.2,16.5,61.7
2026-04-07 22:12:23,PUNE,Clear,0.62,3.7,1.4,24.9,81.6
2026-01-05 07:35:18,PUNE,Clear,0.34,7.07,1.2,36.9,52.1
2026-06-16 17:48:22,PUNE,Cloudy,0.34,8.03,0.8,21.7,69.0
2026-02-25 02:09:26,PUNE,Cloudy,0.26,7.71,1.4,30.8,46.3
2026-02-11 00:01:07,PUNE,Clear,0.04,9.82,0.7,22.2,42.7
2026-05-11 15:37:39,PUNE,Clear,0.36,6.86,0.8,28.6,54.2
2026-05-26 18:05:27,PUNE,Rain,0.1,8.33,7.0,23.2,70.0
2026-06-26 17:59:31,PUNE,Clear,0.47,5.07,1.1,24.7,80.2
2026-05-16 12:09:47,PUNE,Clear,0.39,6.79,1.4,10.3,78.5
2026-01-20 01:19:09,PUNE,Clear,0.45,6.44,1.2,25.3,67.8
2026-04-20 07:10:27,PUNE,Rain,0.15,7.68,6.8,27.0,73.9
2026-06-07 20:59:33,PUNE,Clear,0.3,8.1,1.3,25.9,72.0
2026-06-28 14:34:54,PUNE,Fog,0.82,2.84,0.1,23.6,70.4
2026-05-15 12:00:13,PUNE,Rain,0.47,5.04,15.4,32.5,51.3
2026-04-12 13:45:57,PUNE,Fog,0.76,3.58,0.4,15.5,76.5
2026-04-14 06:37:24,PUNE,Clear,0.05,9.66,0.1,24.9,65.5
2026-06-25 17:13:09,PUNE,Clear,0.08,9.81,0.9,27.6,58.7
2026-03-21 22:56:46,PUNE,Clear,0.28,7.42,0.4,25.3,79.0
2026-02-10 17:32:49,PUNE,Clear,0.26,7.36,0.4,24.7,82.9
2026-06-18 09:59:33,PUNE,Clear,0.39,7.34,1.0,15.0,75.8
2026-01-03 02:51:17,PUNE,Cloudy,0.6,4.47,1.4,26.5,60.8
2026-06-08 03:20:59,PUNE,Clear,0.42,7.4,0.3,34.8,93.1
2026-02-21 19:53:08,PUNE,Clear,0.26,8.05,0.1,36.2,64.9
2026-05-20 13:12:10,PUNE,Fog,0.84,2.5,1.2,21.9,86.2
2026-02-12 12:31:26,PUNE,Clear,0.6,5.08,1.0,34.3,20.0
2026-03-14 17:58:05,PUNE,Clear,0.1,9.88,0.3,30.4,77.6
2026-02-17 20:46:21,PUNE,Clear,0.29,7.86,0.2,32.5,44.4
2026-02-17 04:50:37,PUNE,Clear,0.46,4.88,1.4,7.9,87.9
2026-01-02 05:22:31,PUNE,Clear,0.28,7.51,0.3,25.5,68.4
2026-05-27 10:08:33,PUNE,Clear,0.32,7.05,0.9,20.7,99.8
2026-05-26 07:10:13,PUNE,Clear,0.4,6.65,0.9,29.9,43.3
2026-04-13 20:59:48,PUNE,Clear,0.26,7.95,1.3,36.2,86.4
2026-02-18 14:52:06,PUNE,Clear,0.72,3.89,0.8,38.6,64.6
2026-06-14 11:07:21,PUNE,Clear,0.24,8.13,1.3,22.5,75.5
2026-04-11 13:12:21,PUNE,Clear,0.24,8.5,1.0,21.6,28.4
2026-03-11 01:08:46,PUNE,Rain,0.23,5.99,7.8,4.0,53.1
2026-03-25 16:38:21,PUNE,Cloudy,0.32,7.09,1.4,44.2,58.9
2026-04-11 05:43:14,PUNE,Cloudy,0.39,6.25,0.7,26.5,57.9
2026-06-14 15:27:55,PUNE,Clear,0.32,8.01,0.8,26.6,69.3
2026-03-08 09:09:06,PUNE,Clear,0.31,7.87,0.6,30.0,67.6
2026-01-03 19:44:34,PUNE,Clear,0.3,7.57,1.4,26.9,71.4
2026-03-06 05:43:02,PUNE,Clear,0.14,8.06,1.2,31.5,74.3
2026-05-02 14:50:40,PUNE,Cloudy,0.26,7.88,1.1,32.0,53.0
2026-05-08 13:30:39,PUNE,Rain,0.6,4.46,20.6,35.1,76.4
2026-04-15 08:45:13,PUNE,Clear,0.3,8.03,1.1,28.3,72.1
2026-01-18 04:57:26,PUNE,Cloudy,0.06,9.49,0.6,24.5,57.8
2026-05-18 23:16:10,PUNE,Clear,0.22,7.77,1.2,20.6,40.9
2026-01-25 02:51:38,PUNE,Clear,0.4,6.26,0.1,11.9,34.2
2026-03-14 20:02:54,PUNE,Clear,0.33,7.36,0.6,8.4,80.1
2026-03-04 20:48:09,PUNE,Clear,0.09,9.41,1.1,17.1,61.4
2026-03-31 12:19:43,PUNE,Fog,0.86,3.03,0.5,32.9,92.4
2026-04-30 00:22:03,PUNE,Cloudy,0.5,5.96,1.1,19.3,71.6
2026-02-28 07:58:55,PUNE,Clear,0.3,8.1,0.2,10.5,52.0
2026-05-23 07:15:40,PUNE,Clear,0.25,7.7,1.4,20.6,53.6
2026-06-23 14:23:51,PUNE,Cloudy,0.56,6.23,0.2,16.1,72.3
2026-03-15 11:23:26,PUNE,Clear,0.4,6.01,0.5,12.7,38.7
2026-05-09 05:03:40,PUNE,Cloudy,0.25,7.64,0.5,26.6,93.4
2026-01-13 22:02:39,PUNE,Fog,0.58,4.49,0.3,18.4,30.9
2026-05-17 20:53:11,PUNE,Clear,0.15,9.03,0.9,11.2,100.0
2026-06-18 01:23:52,PUNE,Clear,0.49,6.35,1.3,15.9,69.3
2026-05-02 19:19:38,PUNE,Rain,0.02,9.42,1.7,18.8,72.1
2026-04-29 16:44:03,PUNE,Rain,0.04,9.22,28.5,28.3,50.7
2026-01-04 18:12:18,PUNE,Cloudy,0.21,7.03,0.2,22.8,65.4
2026-03-04 18:22:35,PUNE,Fog,0.51,4.86,0.3,32.0,68.7
2026-02-24 21:18:50,PUNE,Clear,0.19,8.47,1.2,20.1,52.9
2026-02-18 21:00:43,PUNE,Clear,0.16,8.57,0.0,29.1,64.0
2026-05-07 02:14:04,PUNE,Fog,0.8,3.56,0.0,10.1,68.0
2026-06-01 07:38:28,PUNE,Clear,0.11,9.3,0.9,33.3,53.9
2026-03-13 07:27:33,PUNE,Clear,0.23,8.66,0.2,21.0,45.9
2026-01-30 23:06:48,PUNE,Cloudy,0.24,8.57,1.4,18.2,100.0
2026-04-17 02:21:38,PUNE,Clear,0.4,6.8,1.2,17.8,76.5
2026-05-28 08:16:34,PUNE,Clear,0.16,8.47,1.2,24.3,86.6
2026-04-24 16:00:32,PUNE,Rain,0.19,6.8,12.7,18.6,54.8
2026-04-08 23:02:03,PUNE,Cloudy,0.74,3.74,0.5,29.0,85.5
2026-04-28 11:37:25,PUNE,Clear,0.33,7.7,0.3,25.3,66.3
2026-03-23 14:53:13,PUNE,Cloudy,0.34,7.33,0.9,25.1,58.6
2026-05-30 00:48:53,PUNE,Clear,0.19,7.54,1.1,39.2,48.7
2026-05-12 12:27:18,PUNE,Cloudy,0.05,9.52,0.7,24.0,28.3
2026-03-03 22:09:12,PUNE,Clear,0.34,6.57,0.0,24.3,48.7
2026-02-05 03:02:05,PUNE,Clear,0.07,9.78,0.5,21.8,84.7
2026-01-26 00:35:23,PUNE,Clear,0.14,8.31,0.2,28.9,64.4
2026-06-24 16:23:34,PUNE,Clear,0.47,5.91,0.3,19.4,65.0
2026-02-05 13:09:14,PUNE,Rain,0.31,5.87,3.1,31.0,43.7
2026-03-03 08:25:53,PUNE,Fog,0.57,5.27,0.3,24.1,55.0
2026-05-02 11:50:23,PUNE,Clear,0.56,4.75,1.3,22.3,65.6
2026-02-27 20:28:04,PUNE,Cloudy,0.15,8.44,0.6,30.6,68.6
2026-05-30 11:55:39,PUNE,Rain,0.47,4.03,26.8,38.5,75.4
2026-03-18 19:19:34,PUNE,Cloudy,0.29,7.41,0.1,32.0,61.3
2026-04-18 16:55:01,PUNE,Clear,0.2,8.3,1.5,34.3,70.8
2026-04-06 03:47:31,PUNE,Fog,0.67,4.46,0.8,15.0,100.0
2026-03-21 14:48:18,PUNE,Clear,0.48,5.15,0.7,26.6,77.0
2026-03-02 14:05:47,PUNE,Cloudy,0.34,6.5,1.3,14.5,50.0
2026-01-07 12:18:25,PUNE,Clear,0.03,9.59,1.4,32.3,41.9
2026-04-25 01:20:18,PUNE,Clear,0.53,5.45,1.4,24.2,54.6
2026-01-02 11:56:38,PUNE,Clear,0.08,9.97,1.3,8.4,96.6
2026-04-05 14:53:48,PUNE,Rain,0.43,4.58,13.7,26.2,100.0
2026-02-08 04:54:53,PUNE,Clear,0.62,4.58,1.1,21.9,87.7
2026-05-04 21:43:13,PUNE,Clear,0.36,7.29,0.8,18.2,84.7
2026-05-13 10:55:40,PUNE,Clear,0.06,10.24,1.4,29.7,46.9
2026-06-16 00:29:26,PUNE,Clear,0.28,7.81,0.3,33.1,77.5
2026-06-24 09:37:29,PUNE,Clear,0.08,9.28,0.8,22.7,53.2
2026-05-23 08:19:33,PUNE,Clear,0.13,10.01,0.4,30.5,93.8
2026-01-27 01:05:27,PUNE,Clear,0.38,6.63,1.3,21.6,60.9
2026-05-07 05:23:59,PUNE,Clear,0.3,7.5,0.9,22.7,62.1
2026-02-05 12:36:36,PUNE,Rain,0.21,7.08,11.3,23.1,79.5
2026-02-14 22:31:58,PUNE,Clear,0.54,5.44,1.4,19.0,77.6
2026-04-25 18:56:35,PUNE,Cloudy,0.06,9.5,0.0,26.4,71.4
2026-03-07 19:27:24,PUNE,Clear,0.17,8.09,0.8,30.3,73.4
2026-06-30 16:28:44,PUNE,Cloudy,0.14,8.96,0.2,27.5,52.4
2026-04-22 09:34:31,PUNE,Clear,0.39,7.22,0.4,29.8,54.1
2026-01-19 00:40:22,PUNE,Fog,0.76,2.49,1.1,28.8,79.2
2026-01-28 19:04:21,PUNE,Cloudy,0.21,8.03,1.1,27.6,51.9
2026-01-05 02:48:22,PUNE,Clear,0.59,4.04,1.4,17.0,57.8
2026-03-03 18:57:05,PUNE,Clear,0.22,8.55,0.7,17.4,86.7
2026-05-03 01:04:22,PUNE,Clear,0.5,6.64,1.5,23.5,92.1
2026-02-18 11:13:37,PUNE,Clear,0.26,8.35,0.4,12.1,45.6
2026-05-10 15:13:38,PUNE,Cloudy,0.26,8.43,0.1,28.0,88.1
2026-02-16 08:41:08,PUNE,Fog,0.75,3.9,0.1,20.5,90.0
2026-06-03 12:19:38,PUNE,Clear,0.19,8.71,1.5,31.5,84.6
2026-04-26 13:07:13,PUNE,Cloudy,0.19,8.28,1.5,27.1,69.9
2026-01-19 02:50:21,PUNE,Clear,0.06,10.33,0.7,20.5,61.2
2026-01-10 02:22:22,PUNE,Fog,0.56,4.88,0.8,38.3,81.4
2026-02-17 18:11:57,PUNE,Cloudy,0.27,7.3,1.0,26.1,35.6
2026-06-01 15:10:20,PUNE,Fog,0.64,4.8,1.0,16.2,74.5
2026-01-16 21:59:33,PUNE,Rain,0.06,8.17,2.3,28.4,80.2
2026-01-18 17:31:06,PUNE,Cloudy,0.33,7.72,0.1,41.3,25.5
2026-06-05 09:14:39,PUNE,Clear,0.06,8.56,0.1,28.4,64.3
2026-04-27 02:33:30,PUNE,Clear,0.3,7.64,0.9,27.6,55.9
2026-01-31 16:21:42,PUNE,Clear,0.46,6.31,0.4,27.6,35.4
2026-02-20 02:31:47,PUNE,Clear,0.19,8.96,0.8,17.1,84.0
2026-04-24 03:14:01,PUNE,Clear,0.08,9.0,0.2,23.2,30.0
2026-01-20 13:20:04,PUNE,Clear,0.19,8.55,0.8,20.9,60.7
2026-05-13 02:52:51,PUNE,Clear,0.12,8.2,1.0,27.8,52.3
2026-06-18 09:04:22,PUNE,Clear,0.45,5.81,0.3,19.9,54.9
2026-06-30 13:14:21,PUNE,Clear,0.18,8.26,0.2,21.0,71.5
2026-01-10 06:09:01,PUNE,Clear,0.2,8.28,0.4,16.1,85.8
2026-04-19 15:58:42,PUNE,Cloudy,0.34,7.41,0.1,21.3,32.2
2026-05-22 06:42:38,PUNE,Clear,0.29,8.08,0.7,13.9,46.7
2026-03-05 07:32:22,PUNE,Clear,0.33,7.15,0.2,19.0,71.8
2026-05-27 00:12:14,PUNE,Cloudy,0.46,5.8,0.9,22.4,72.8
2026-01-20 13:51:02,PUNE,Fog,0.6,4.78,0.6,18.9,43.1
2026-06-29 07:10:54,PUNE,Cloudy,0.33,5.75,0.1,20.6,45.5
2026-04-30 18:29:47,PUNE,Clear,0.12,8.38,0.6,12.2,52.0
2026-01-20 03:51:13,PUNE,Clear,0.29,7.19,0.6,23.6,34.5
2026-05-07 21:36:46,PUNE,Fog,0.5,5.89,0.9,34.0,58.1
2026-02-18 17:02:47,PUNE,Clear,0.45,6.17,0.2,36.8,77.5
2026-02-12 07:12:14,PUNE,Clear,0.13,8.97,1.2,23.6,72.3
2026-04-27 11:45:07,PUNE,Cloudy,0.42,6.34,0.2,21.0,59.7
2026-01-31 06:57:45,PUNE,Cloudy,0.4,7.18,0.6,11.8,66.2
2026-06-30 21:13:05,PUNE,Clear,0.15,8.03,0.8,20.4,59.3
2026-05-10 07:54:08,PUNE,Clear,0.35,6.7,0.2,20.0,100.0
2026-03-15 18:12:59,PUNE,Clear,0.11,9.45,0.7,32.5,100.0
2026-02-26 14:55:55,PUNE,Fog,0.57,4.75,0.2,31.8,63.8
2026-04-16 17:51:37,PUNE,Clear,0.12,8.96,0.4,23.7,42.5
2026-03-26 15:40:33,PUNE,Cloudy,0.24,7.87,0.0,20.5,64.5
2026-01-20 14:54:19,PUNE,Clear,0.17,8.68,1.3,27.0,55.4
2026-01-30 15:31:26,PUNE,Clear,0.56,5.23,0.3,29.9,69.8
2026-05-05 00:24:06,PUNE,Clear,0.14,8.13,1.0,21.6,90.9
2026-01-22 04:37:24,PUNE,Cloudy,0.1,8.57,1.1,18.1,81.2
2026-01-11 19:11:07,PUNE,Cloudy,0.45,6.62,0.0,18.2,55.5
2026-01-27 14:48:44,PUNE,Clear,0.38,5.7,1.4,25.1,82.4
2026-02-28 13:45:59,PUNE,Rain,0.22,6.18,1.8,29.6,100.0
2026-06-27 05:01:23,PUNE,Clear,0.43,6.56,1.1,15.4,58.6
2026-05-01 23:26:30,PUNE,Rain,0.29,7.06,23.4,19.5,58.6
2026-01-05 21:44:18,PUNE,Clear,0.54,5.64,0.4,18.1,69.6
2026-03-09 06:09:42,PUNE,Clear,0.31,7.25,0.0,18.5,63.0
2026-06-15 04:20:12,PUNE,Fog,0.73,3.15,1.4,14.2,50.6
2026-02-02 14:17:37,PUNE,Clear,0.5,5.85,0.5,26.6,45.3
2026-04-28 04:01:00,PUNE,Clear,0.31,7.05,1.3,12.7,63.1
2026-01-27 04:46:35,PUNE,Clear,0.16,8.7,1.1,24.7,49.2
2026-06-02 09:29:36,PUNE,Cloudy,0.06,8.86,0.4,7.6,60.1
2026-03-01 05:01:44,PUNE,Clear,0.14,9.37,0.3,26.7,38.9
2026-03-07 07:43:37,PUNE,Clear,0.17,7.49,0.0,24.1,62.3
2026-06-23 08:38:43,PUNE,Clear,0.32,6.71,1.2,31.5,82.6
2026-03-10 00:04:34,PUNE,Clear,0.42,5.42,0.6,23.2,54.1
2026-03-23 18:50:26,PUNE,Cloudy,0.22,8.56,0.1,26.5,99.2
2026-04-27 20:56:14,PUNE,Clear,0.25,7.58,0.6,47.4,46.2
2026-05-22 22:55:10,PUNE,Fog,1.0,0.96,0.9,25.4,100.0
2026-04-22 13:37:01,PUNE,Clear,0.22,7.73,0.3,28.5,68.7
2026-01-08 06:18:32,PUNE,Fog,0.7,3.47,1.4,25.6,68.5
2026-02-25 13:29:44,PUNE,Clear,0.16,8.32,0.5,27.8,100.0
2026-03-25 19:11:32,PUNE,Rain,0.15,8.37,4.5,34.3,59.6
2026-05-29 11:52:28,PUNE,Cloudy,0.17,9.83,0.9,38.6,49.7
2026-01-12 15:41:24,PUNE,Fog,0.49,5.69,0.2,25.9,63.2
2026-06-16 12:07:44,PUNE,Fog,0.49,6.07,0.7,36.1,39.5
2026-04-09 17:22:10,PUNE,Cloudy,0.38,7.16,0.6,18.5,44.6
2026-01-25 02:43:36,PUNE,Rain,0.1,8.16,10.8,20.3,42.9
2026-03-20 11:59:23,PUNE,Rain,0.2,6.64,3.6,39.6,78.3
2026-05-23 12:19:26,PUNE,Rain,0.34,6.44,5.5,27.8,100.0
2026-04-27 05:26:31,PUNE,Clear,0.29,8.14,0.2,14.1,74.5
2026-02-25 00:51:57,PUNE,Clear,0.52,5.67,0.3,19.3,74.8
2026-05-11 12:33:12,PUNE,Cloudy,0.35,7.74,0.0,34.9,70.1
2026-03-15 18:11:27,PUNE,Rain,0.31,5.5,6.8,25.6,58.0
2026-05-03 15:13:38,PUNE,Cloudy,0.1,9.8,0.3,26.9,57.5
2026-01-29 02:10:30,PUNE,Fog,0.5,5.71,0.0,27.5,42.0
2026-06-01 18:10:56,PUNE,Clear,0.26,7.82,0.3,10.7,74.1
2026-04-03 12:25:08,PUNE,Clear,0.13,8.3,0.1,29.6,67.1
2026-04-14 01:05:30,PUNE,Clear,0.29,8.14,0.2,26.7,28.8
2026-05-12 18:26:16,PUNE,Cloudy,0.16,8.94,0.5,36.1,43.8
2026-05-26 12:42:32,PUNE,Clear,0.28,7.55,0.5,20.8,98.2
2026-06-17 01:40:00,PUNE,Cloudy,0.21,9.04,0.7,20.3,92.6
2026-02-28 12:06:51,PUNE,Rain,0.36,5.36,20.2,11.4,54.1
2026-02-11 11:49:07,PUNE,Cloudy,0.08,8.87,0.8,34.3,43.6
2026-04-25 23:13:10,PUNE,Clear,0.02,10.47,1.1,17.9,98.0
2026-05-29 13:18:35,PUNE,Clear,0.19,9.38,0.5,13.9,57.3
2026-04-14 05:49:19,PUNE,Rain,0.22,6.91,3.9,13.6,72.8
2026-02-26 06:34:34,PUNE,Clear,0.22,8.04,0.4,22.6,60.9
2026-06-15 22:48:46,PUNE,Clear,0.27,7.18,1.0,35.6,62.9
2026-01-02 13:44:42,PUNE,Cloudy,0.26,7.62,1.0,22.9,65.2
2026-03-12 16:18:56,PUNE,Clear,0.39,6.78,0.2,28.2,65.1
2026-03-30 17:12:32,PUNE,Clear,0.09,8.66,0.3,21.1,60.7
2026-04-02 23:39:52,PUNE,Cloudy,0.05,9.38,0.8,25.9,76.2
2026-05-29 07:02:43,PUNE,Clear,0.23,8.94,0.1,25.1,81.2
2026-01-06 23:59:56,PUNE,Fog,0.86,3.26,0.8,18.4,62.6
2026-01-05 09:09:28,PUNE,Cloudy,0.23,7.74,0.9,14.9,55.2
2026-04-04 18:56:38,PUNE,Clear,0.34,7.33,0.5,19.2,86.8
2026-03-26 07:12:43,PUNE,Clear,0.22,7.73,0.8,23.0,100.0
2026-04-26 21:59:16,PUNE,Rain,0.19,7.2,10.1,23.0,73.1
2026-01-29 04:08:45,PUNE,Cloudy,0.27,8.83,0.2,25.7,83.7
2026-01-14 18:43:38,PUNE,Clear,0.27,6.97,0.9,24.7,94.7
2026-04-13 20:01:18,PUNE,Clear,0.24,7.94,0.0,12.4,55.4
2026-01-01 05:20:59,PUNE,Rain,0.02,9.98,6.4,25.9,69.8
2026-03-17 12:56:41,PUNE,Clear,0.23,7.92,1.2,41.5,83.2
2026-01-29 15:37:45,PUNE,Clear,0.55,5.46,1.2,11.4,57.6
2026-02-18 13:32:51,PUNE,Rain,0.15,8.14,1.4,29.8,64.8
2026-03-02 20:45:27,PUNE,Clear,0.41,6.5,0.3,24.1,77.1
2026-03-08 07:49:37,PUNE,Clear,0.22,6.91,0.8,29.7,57.3
2026-05-15 04:44:52,PUNE,Rain,0.3,5.96,6.0,25.3,46.7
2026-01-04 17:00:40,PUNE,Cloudy,0.25,8.02,1.4,22.3,57.4
2026-01-22 20:14:33,PUNE,Cloudy,0.42,6.43,0.8,32.1,66.3
2026-02-07 22:35:22,PUNE,Rain,0.19,6.83,5.6,23.3,58.4
2026-01-31 00:43:03,PUNE,Cloudy,0.36,6.82,0.4,19.4,46.2
2026-06-17 08:48:10,PUNE,Clear,0.26,8.04,0.6,29.2,92.3
2026-02-14 13:37:51,PUNE,Clear,0.19,9.0,0.6,26.7,70.4
2026-03-18 13:47:26,PUNE,Clear,0.57,4.47,0.9,33.9,66.1
2026-02-24 06:26:48,PUNE,Clear,0.21,7.92,1.1,31.7,68.1
2026-03-01 09:36:25,PUNE,Clear,0.13,8.94,1.2,32.8,63.3
2026-06-29 02:11:38,PUNE,Clear,0.33,7.27,1.2,32.7,45.0
2026-01-27 04:17:59,PUNE,Clear,0.15,9.41,1.3,21.8,21.5
2026-05-17 14:21:50,PUNE,Clear,0.19,8.16,0.1,28.5,70.5
2026-06-25 18:03:05,PUNE,Clear,0.24,7.34,1.2,34.0,64.4
2026-05-05 07:19:08,PUNE,Clear,0.16,7.93,1.2,25.3,46.6
2026-03-11 17:25:43,PUNE,Clear,0.23,8.17,1.5,24.6,64.1
2026-03-04 15:02:51,PUNE,Clear,0.05,9.99,1.3,1.0,56.3
2026-02-02 03:41:47,PUNE,Cloudy,0.01,10.24,1.4,27.2,69.1
2026-02-17 02:01:41,PUNE,Clear,0.07,9.71,0.5,25.7,52.6
2026-02-12 02:20:23,PUNE,Cloudy,0.11,8.85,0.1,27.1,72.0
2026-05-22 08:20:16,PUNE,Clear,0.49,6.36,0.0,9.1,70.2
2026-04-15 22:12:23,PUNE,Clear,0.16,8.67,0.1,22.4,90.6
2026-03-25 20:49:20,PUNE,Fog,0.78,2.73,1.5,41.3,58.4
2026-06-27 15:30:57,PUNE,Clear,0.13,8.72,1.1,18.7,64.0
2026-03-09 22:15:50,PUNE,Clear,0.15,8.65,0.7,20.4,84.6
2026-06-08 20:20:16,PUNE,Fog,0.92,1.51,0.2,19.8,82.9
2026-06-14 10:03:48,PUNE,Clear,0.72,3.88,0.6,23.9,73.5
2026-03-28 20:29:50,PUNE,Rain,0.28,6.45,22.1,25.4,57.1
2026-05-05 17:40:04,PUNE,Rain,0.28,6.05,21.3,16.2,60.5
2026-04-27 13:07:54,PUNE,Clear,0.13,8.76,0.3,18.4,47.6
2026-04-15 14:12:18,PUNE,Clear,0.29,7.87,0.7,22.3,89.7
2026-03-29 01:19:24,PUNE,Clear,0.18,8.54,0.3,25.3,79.5
2026-03-13 02:27:58,PUNE,Clear,0.1,9.3,0.9,14.5,28.2
2026-02-08 21:54:48,PUNE,Clear,0.07,8.99,0.6,47.5,98.5
2026-03-28 00:39:56,PUNE,Cloudy,0.43,5.82,0.3,38.5,63.3
2026-01-09 15:10:51,PUNE,Clear,0.42,6.73,1.2,25.3,60.7
2026-06-03 07:31:34,PUNE,Clear,0.41,6.58,0.8,23.7,56.5
2026-06-07 10:08:55,PUNE,Fog,0.81,3.0,0.2,20.2,54.6
2026-02-04 21:36:02,PUNE,Clear,0.17,8.51,0.7,19.0,71.1
2026-02-10 13:07:06,PUNE,Rain,0.13,7.65,1.9,14.0,77.4
2026-02-19 17:15:50,PUNE,Fog,0.6,4.57,0.2,27.3,61.1
2026-05-14 05:41:07,PUNE,Cloudy,0.27,7.7,0.2,13.1,77.8
2026-04-27 20:04:19,PUNE,Rain,0.14,7.31,14.3,18.4,58.2
2026-01-16 08:30:05,PUNE,Rain,0.22,6.63,2.2,27.9,60.8
2026-05-10 14:39:45,PUNE,Clear,0.31,7.57,0.9,24.1,66.5
2026-06-27 18:05:27,PUNE,Clear,0.28,7.57,1.4,24.8,74.1
2026-06-24 15:01:02,PUNE,Rain,0.16,8.03,4.4,24.6,99.7
2026-05-05 17:46:46,PUNE,Rain,0.37,5.78,6.2,22.5,55.9
2026-06-01 00:37:30,PUNE,Clear,0.05,8.92,0.7,20.6,86.4
2026-01-14 13:43:16,PUNE,Cloudy,0.39,6.98,1.5,27.8,47.3
2026-04-25 18:58:49,PUNE,Clear,0.21,8.22,0.2,22.0,69.9
2026-06-05 09:38:00,PUNE,Fog,0.56,5.39,0.4,38.4,74.2
2026-06-08 07:08:38,PUNE,Clear,0.63,5.02,0.7,24.1,70.0
2026-06-13 13:45:23,PUNE,Clear,0.09,9.17,0.3,14.8,64.5
2026-02-15 18:48:41,PUNE,Rain,0.24,6.85,21.0,9.1,73.1
2026-04-12 04:53:13,PUNE,Cloudy,0.32,7.81,0.9,13.0,59.1
2026-05-26 06:28:47,PUNE,Cloudy,0.27,7.27,0.3,37.9,66.1
2026-01-09 18:29:16,PUNE,Clear,0.31,6.89,0.9,29.7,97.0
2026-03-30 16:23:07,PUNE,Rain,0.07,9.32,9.0,25.8,60.4
2026-02-01 08:35:57,PUNE,Rain,0.38,5.58,25.5,15.8,70.1
2026-01-06 05:46:30,PUNE,Fog,0.74,4.07,0.3,17.1,59.6
2026-05-16 13:57:03,PUNE,Clear,0.11,8.91,0.6,18.2,78.2
2026-06-10 09:26:08,PUNE,Clear,0.04,9.11,1.2,24.3,39.1
2026-02-08 07:21:19,PUNE,Cloudy,0.58,4.87,1.3,19.8,52.1
2026-05-17 01:43:45,PUNE,Clear,0.24,7.93,1.1,29.0,100.0
2026-04-12 09:01:07,PUNE,Clear,0.41,6.01,1.1,27.8,53.8
2026-03-29 23:35:53,PUNE,Fog,0.8,3.21,1.3,38.0,86.4
2026-04-03 17:27:09,PUNE,Cloudy,0.19,8.21,1.1,17.8,69.7
2026-05-11 13:42:26,PUNE,Fog,0.62,4.59,1.5,29.7,71.6
2026-04-22 10:58:57,PUNE,Clear,0.22,8.67,0.3,21.1,50.4
2026-04-28 01:14:26,PUNE,Clear,0.05,9.3,0.3,33.6,79.9
2026-04-04 02:11:42,PUNE,Cloudy,0.34,7.24,0.5,23.3,58.0
2026-04-22 11:06:00,PUNE,Clear,0.24,7.92,0.8,26.2,85.0
2026-06-23 20:55:40,PUNE,Clear,0.24,7.81,0.1,32.7,71.0
2026-03-13 14:27:04,PUNE,Rain,0.25,6.59,14.0,18.0,51.5
2026-01-11 07:55:02,PUNE,Rain,0.14,8.11,4.8,17.4,57.7
2026-02-20 07:24:58,PUNE,Rain,0.19,7.17,11.3,28.2,72.4
2026-06-18 05:11:35,PUNE,Cloudy,0.49,5.5,0.5,40.4,86.7
2026-01-09 14:57:24,PUNE,Rain,0.53,4.33,7.8,12.6,70.6
2026-03-13 21:34:04,PUNE,Clear,0.34,7.11,1.0,8.5,84.3
2026-04-10 09:56:56,PUNE,Cloudy,0.38,7.59,0.8,7.9,81.1
2026-06-18 20:07:51,PUNE,Rain,0.52,4.55,3.0,26.5,53.8
2026-03-02 19:16:22,PUNE,Cloudy,0.48,5.57,1.1,15.6,51.1
2026-05-22 16:46:02,PUNE,Clear,0.15,9.09,0.5,23.6,92.2
2026-03-06 22:48:17,PUNE,Cloudy,0.06,9.56,0.4,21.4,76.9
2026-03-18 16:15:15,PUNE,Clear,0.16,8.31,1.0,19.6,37.0
2026-03-16 22:43:54,PUNE,Cloudy,0.23,8.51,1.4,5.7,84.4
2026-03-09 12:41:52,PUNE,Clear,0.28,7.67,1.0,36.7,80.4
2026-06-29 03:43:51,PUNE,Fog,0.52,5.96,1.4,20.3,69.5
2026-02-25 14:42:03,PUNE,Clear,0.33,6.86,0.5,25.3,66.2
2026-03-27 20:33:37,PUNE,Clear,0.48,5.84,0.5,32.7,79.1
2026-03-26 15:59:38,PUNE,Rain,0.33,6.24,10.8,19.2,66.0
2026-03-23 07:34:13,PUNE,Cloudy,0.17,8.3,0.6,31.3,80.4
2026-04-16 23:51:29,PUNE,Clear,0.2,7.7,0.0,12.7,78.5
2026-06-04 02:53:20,PUNE,Cloudy,0.11,9.6,1.1,23.2,63.1
2026-03-03 05:07:48,PUNE,Clear,0.14,8.63,0.7,22.6,100.0
2026-04-03 17:21:25,PUNE,Clear,0.39,6.45,0.0,28.9,100.0
2026-04-08 19:40:49,PUNE,Cloudy,0.23,7.42,0.9,24.3,38.2
2026-05-03 04:16:13,PUNE,Clear,0.53,5.83,1.3,26.9,44.0
2026-05-15 12:07:15,PUNE,Clear,0.26,6.73,1.0,25.3,62.9
2026-03-27 10:13:13,PUNE,Cloudy,0.3,7.0,0.9,13.4,63.9
2026-01-08 22:10:03,PUNE,Cloudy,0.3,7.53,1.4,24.2,20.0
2026-04-11 19:17:02,PUNE,Clear,0.17,8.65,1.5,25.6,98.0
2026-06-17 12:05:08,PUNE,Fog,0.65,4.66,1.4,15.4,66.7
2026-03-18 22:13:34,PUNE,Clear,0.07,9.08,0.9,20.0,87.4
2026-03-19 02:23:33,PUNE,Rain,0.57,4.11,15.1,24.4,67.5
2026-04-08 07:29:59,PUNE,Cloudy,0.3,8.02,0.7,23.2,73.0
2026-04-18 15:08:24,PUNE,Cloudy,0.18,8.16,0.4,26.5,34.9
2026-06-02 11:18:35,PUNE,Cloudy,0.47,5.49,0.5,21.0,74.9
2026-02-27 06:39:45,PUNE,Clear,0.38,6.62,0.5,15.0,57.4
2026-05-15 01:40:53,PUNE,Clear,0.07,9.37,0.9,32.8,61.4
2026-06-07 01:41:09,PUNE,Clear,0.33,6.78,0.3,20.7,36.5
2026-03-25 08:06:04,PUNE,Cloudy,0.13,9.32,0.5,31.7,67.8
2026-01-27 02:02:19,PUNE,Clear,0.16,8.67,1.3,40.7,92.1
2026-06-05 15:27:28,PUNE,Clear,0.63,4.8,0.0,21.9,76.9
2026-06-07 03:22:50,PUNE,Clear,0.21,7.77,0.5,10.7,86.2
2026-01-08 08:50:28,PUNE,Clear,0.32,7.42,0.9,14.4,50.4
2026-01-16 18:37:11,PUNE,Clear,0.47,5.49,1.0,13.4,71.6
2026-01-04 21:47:56,PUNE,Fog,0.6,5.51,1.3,25.1,100.0
2026-02-25 12:06:04,PUNE,Rain,0.06,8.62,7.3,25.7,60.6
2026-01-11 16:22:12,PUNE,Clear,0.11,9.06,1.2,32.7,67.4
2026-05-25 11:01:31,PUNE,Cloudy,0.3,6.9,0.2,23.8,60.2
2026-01-25 03:41:21,PUNE,Fog,0.66,4.86,0.8,35.4,38.4
2026-06-13 19:12:11,PUNE,Rain,0.38,6.14,7.0,27.6,91.7
2026-03-10 17:22:25,PUNE,Fog,0.68,4.23,1.5,33.1,46.4
2026-02-26 12:11:18,PUNE,Cloudy,0.16,9.22,0.6,21.1,63.3
2026-02-23 21:21:05,PUNE,Clear,0.06,9.18,0.8,31.4,100.0
2026-01-28 10:39:19,PUNE,Clear,0.16,7.7,0.8,12.7,62.7
2026-01-04 20:46:20,PUNE,Clear,0.19,8.63,1.3,12.5,52.6
2026-04-05 02:24:01,PUNE,Cloudy,0.13,8.71,0.9,57.5,75.2
2026-04-25 13:34:40,PUNE,Cloudy,0.29,7.78,1.0,25.1,91.1
2026-05-18 04:29:28,PUNE,Clear,0.18,8.24,0.8,17.6,73.2
2026-04-19 17:09:16,PUNE,Clear,0.31,7.3,0.3,38.7,77.9
2026-05-31 23:35:23,PUNE,Clear,0.36,6.92,0.6,23.7,55.9
2026-03-26 12:08:14,PUNE,Clear,0.15,9.16,0.3,20.3,50.0
2026-06-10 09:43:46,PUNE,Fog,0.82,3.66,1.4,22.4,92.8
2026-06-30 07:10:34,PUNE,Clear,0.22,8.04,0.9,16.1,45.9
2026-04-14 19:06:57,PUNE,Clear,0.28,7.28,1.0,32.9,81.6
2026-01-23 17:27:29,PUNE,Cloudy,0.26,7.76,1.5,14.7,67.5
2026-03-28 01:45:08,PUNE,Cloudy,0.24,7.62,0.1,13.4,89.0
2026-04-18 08:06:46,PUNE,Clear,0.21,8.73,0.7,34.9,73.5
2026-01-31 18:43:17,PUNE,Clear,0.08,7.9,1.4,10.8,35.5
2026-04-11 14:55:02,PUNE,Cloudy,0.46,6.22,0.9,27.9,86.3
2026-01-28 17:51:23,PUNE,Clear,0.09,9.25,1.2,22.1,83.4
2026-05-20 05:54:53,PUNE,Cloudy,0.79,3.44,1.4,36.9,69.3
2026-03-11 18:48:14,PUNE,Rain,0.17,7.57,6.1,19.3,79.3
2026-05-03 11:58:57,PUNE,Clear,0.57,4.61,0.7,34.6,65.6
2026-04-21 06:57:22,PUNE,Clear,0.58,5.66,0.3,27.1,100.0
2026-02-26 15:06:09,PUNE,Rain,0.63,3.68,8.7,32.2,64.7
2026-03-26 21:44:56,PUNE,Fog,0.6,4.74,0.3,11.2,84.2
2026-04-19 08:03:49,PUNE,Clear,0.6,5.44,1.2,27.9,83.6
2026-04-24 01:55:17,PUNE,Cloudy,0.4,6.24,1.0,11.8,66.4
2026-01-31 05:08:07,PUNE,Clear,0.1,8.45,1.3,19.3,75.2
2026-05-01 21:46:31,PUNE,Rain,0.22,6.9,8.5,22.2,96.6
2026-04-13 05:00:55,PUNE,Clear,0.07,8.68,0.2,21.7,62.5
2026-01-15 17:27:10,PUNE,Clear,0.07,9.52,0.4,26.6,73.4
2026-02-13 18:39:17,PUNE,Rain,0.64,3.29,19.1,36.8,77.4
2026-04-29 10:57:59,PUNE,Clear,0.39,7.13,0.6,32.3,42.3
2026-04-24 09:43:27,PUNE,Rain,0.15,7.44,12.2,21.1,54.7
2026-02-23 14:20:41,PUNE,Cloudy,0.32,7.24,1.2,25.6,90.9
2026-01-28 16:39:31,PUNE,Clear,0.3,7.02,1.4,30.7,52.1
2026-01-07 04:03:33,PUNE,Fog,0.62,4.71,0.2,21.2,68.6
2026-03-19 06:54:54,PUNE,Cloudy,0.53,5.62,1.2,12.1,47.5
2026-02-08 21:57:10,PUNE,Cloudy,0.37,6.55,0.9,30.3,58.7
2026-05-09 20:08:00,PUNE,Clear,0.06,9.98,0.2,34.5,79.1
2026-02-07 03:58:50,PUNE,Clear,0.09,9.28,1.4,24.7,50.1
2026-03-03 03:44:35,PUNE,Rain,0.45,4.95,13.3,11.4,90.4
2026-03-05 05:06:15,PUNE,Cloudy,0.22,9.17,1.0,27.7,58.7
2026-01-17 15:16:22,PUNE,Clear,0.23,7.63,0.3,26.0,67.8
2026-03-09 12:09:27,PUNE,Clear,0.27,7.14,0.1,27.8,76.0
2026-01-11 22:44:43,PUNE,Fog,0.97,1.98,0.3,21.1,76.1
2026-01-17 21:48:34,PUNE,Rain,0.44,5.52,19.3,27.3,46.1
2026-01-29 09:19:19,PUNE,Fog,0.71,4.14,1.4,19.9,54.4
2026-03-18 10:34:52,PUNE,Fog,0.88,2.57,0.5,15.1,81.8
2026-04-08 09:58:31,PUNE,Rain,0.52,3.77,15.1,30.8,100.0
2026-03-22 18:08:39,PUNE,Clear,0.18,8.03,0.1,27.9,62.9
2026-03-13 14:21:25,PUNE,Rain,0.2,8.13,6.7,26.4,54.5
2026-02-26 22:46:11,PUNE,Clear,0.16,8.39,0.8,37.5,69.7
2026-01-10 17:48:23,PUNE,Cloudy,0.69,4.78,0.8,21.7,45.9
2026-05-20 02:16:05,PUNE,Clear,0.47,6.17,1.4,23.0,50.7
2026-03-05 03:59:07,PUNE,Clear,0.42,5.98,0.3,21.3,50.0
2026-03-13 18:15:53,PUNE,Cloudy,0.3,7.42,0.1,26.2,99.4
2026-05-01 22:42:29,PUNE,Cloudy,0.16,8.16,1.1,17.3,91.6
2026-04-12 10:19:44,PUNE,Clear,0.26,8.09,0.3,22.1,76.4
2026-05-09 13:37:15,PUNE,Clear,0.36,7.08,0.4,19.7,44.1
2026-05-10 05:02:26,PUNE,Clear,0.29,6.78,0.4,38.9,58.5
2026-01-24 15:00:37,PUNE,Clear,0.09,9.18,0.8,29.5,45.5
2026-06-25 16:27:50,PUNE,Fog,0.63,4.54,1.4,45.1,87.2
2026-04-19 10:57:45,PUNE,Cloudy,0.56,5.03,1.2,20.0,69.8
2026-01-09 05:41:48,PUNE,Cloudy,0.26,8.21,0.7,32.4,83.4
2026-06-16 00:43:38,PUNE,Clear,0.52,5.64,0.4,26.9,72.8
2026-04-14 13:55:10,PUNE,Fog,0.42,7.11,0.6,24.4,62.3
2026-01-11 17:30:08,PUNE,Rain,0.37,6.31,8.7,24.8,34.9
2026-05-07 11:52:58,PUNE,Clear,0.2,8.14,0.8,30.9,39.6
2026-02-06 22:13:06,PUNE,Clear,0.52,4.98,0.4,34.1,51.7
2026-01-21 23:32:11,PUNE,Clear,0.56,4.99,0.7,27.2,46.1
2026-06-29 01:30:46,PUNE,Clear,0.13,8.86,1.4,30.8,68.1
2026-06-18 01:31:57,PUNE,Cloudy,0.06,8.73,0.7,6.6,60.2
2026-01-02 11:05:36,PUNE,Clear,0.32,7.31,1.0,33.1,78.8
2026-05-09 02:55:53,PUNE,Cloudy,0.65,4.43,0.8,23.9,49.0
2026-04-17 01:30:42,PUNE,Clear,0.55,5.36,0.0,37.8,78.3
2026-06-18 12:22:08,PUNE,Clear,0.32,6.77,1.2,36.9,58.3
2026-04-02 20:52:25,PUNE,Rain,0.2,6.25,14.6,15.4,82.4
2026-03-25 08:56:24,PUNE,Fog,0.55,5.7,0.2,14.9,100.0
2026-06-05 01:44:54,PUNE,Clear,0.08,9.85,1.1,17.6,63.4
2026-03-07 08:55:37,PUNE,Rain,0.08,8.09,10.1,24.0,44.1
2026-03-08 22:51:59,PUNE,Clear,0.55,4.81,1.3,34.8,79.7
2026-04-26 08:08:36,PUNE,Clear,0.29,7.97,0.1,31.5,100.0
2026-05-16 20:01:39,PUNE,Clear,0.34,6.67,0.1,19.6,56.8
2026-03-02 16:43:24,PUNE,Clear,0.21,7.8,0.8,36.3,78.5
2026-04-16 23:06:45,PUNE,Clear,0.47,6.09,0.6,18.3,58.0
2026-04-27 07:56:13,PUNE,Clear,0.22,7.81,1.5,26.5,56.9
2026-01-26 02:27:11,PUNE,Cloudy,0.64,5.0,0.3,28.2,74.4
2026-05-17 05:47:09,PUNE,Clear,0.3,7.12,0.0,26.6,72.1
2026-04-11 20:28:24,PUNE,Clear,0.5,6.13,0.1,17.3,47.9
2026-05-03 05:13:48,PUNE,Clear,0.63,4.24,0.7,28.8,58.3
2026-01-30 16:40:14,PUNE,Clear,0.35,7.66,1.2,25.7,49.2
2026-05-22 12:57:12,PUNE,Fog,0.78,3.67,0.6,26.1,96.3
2026-02-12 13:24:41,PUNE,Fog,0.69,3.82,0.2,21.7,43.8
2026-02-16 23:53:36,PUNE,Rain,0.42,5.81,9.6,27.6,90.4
2026-01-31 10:52:56,PUNE,Clear,0.25,7.44,1.5,34.8,60.8
2026-05-23 23:08:41,PUNE,Clear,0.62,4.61,0.0,15.3,41.4
2026-04-28 20:50:58,PUNE,Clear,0.36,6.62,0.6,19.8,56.9
2026-02-13 22:10:42,PUNE,Clear,0.27,7.52,1.5,24.4,70.4
2026-04-20 02:04:47,PUNE,Clear,0.21,8.0,1.0,13.3,73.5
2026-04-26 16:02:40,PUNE,Rain,0.14,7.84,2.3,33.5,100.0
2026-01-29 13:44:24,PUNE,Rain,0.29,5.92,13.6,32.7,60.8
2026-04-09 15:38:47,PUNE,Clear,0.16,8.38,0.7,33.1,50.1
2026-05-12 06:41:35,PUNE,Cloudy,0.07,9.95,0.1,9.7,37.5
2026-05-30 09:12:09,PUNE,Cloudy,0.49,5.96,1.3,28.2,52.9
2026-02-20 22:14:46,PUNE,Cloudy,0.23,8.66,1.4,29.6,70.3
2026-06-02 23:43:37,PUNE,Clear,0.53,6.43,1.3,34.3,69.1
2026-03-25 02:10:40,PUNE,Cloudy,0.24,7.95,0.5,14.1,88.2
2026-05-14 00:54:46,PUNE,Clear,0.35,7.3,1.0,28.0,88.8
2026-06-04 03:44:44,PUNE,Fog,0.68,4.69,0.8,33.0,40.2
2026-06-14 03:42:42,PUNE,Fog,0.39,6.94,0.8,28.6,76.0
2026-05-04 21:04:34,PUNE,Fog,0.78,2.91,0.8,26.7,84.5
2026-06-08 10:25:24,PUNE,Rain,0.19,7.38,14.1,38.3,42.7
2026-03-21 07:11:37,PUNE,Clear,0.64,4.38,1.0,19.5,87.3
2026-04-11 13:01:16,PUNE,Clear,0.27,7.33,0.1,19.8,64.8
2026-04-22 17:59:33,PUNE,Clear,0.18,8.57,1.4,27.8,63.4
2026-03-20 12:52:53,PUNE,Clear,0.05,9.44,0.7,29.1,64.8
2026-04-07 08:59:15,PUNE,Cloudy,0.32,7.43,1.2,16.2,68.6
2026-04-19 14:52:38,PUNE,Clear,0.53,5.73,1.4,24.7,74.0
2026-01-14 05:42:51,PUNE,Clear,0.87,2.31,0.8,25.8,76.1
2026-01-22 03:51:27,PUNE,Clear,0.21,8.34,0.8,24.1,42.5
2026-04-30 13:59:49,PUNE,Clear,0.63,4.01,1.4,28.9,46.8
2026-03-18 17:18:02,PUNE,Clear,0.49,5.98,1.1,19.7,69.7
2026-05-27 11:35:21,PUNE,Clear,0.02,9.56,0.1,34.1,98.0
2026-01-07 16:44:38,PUNE,Clear,0.3,7.22,0.9,26.4,76.1
2026-01-12 21:10:32,PUNE,Clear,0.1,9.65,1.3,35.9,56.0
2026-02-16 02:25:50,PUNE,Clear,0.15,9.32,1.2,32.0,34.7
2026-03-17 03:02:38,PUNE,Clear,0.15,8.94,1.1,2.3,86.0
2026-04-26 22:32:11,PUNE,Clear,0.53,4.8,1.0,21.1,100.0
2026-01-19 02:36:50,PUNE,Clear,0.12,9.03,0.6,9.7,81.4
2026-06-09 20:18:04,PUNE,Cloudy,0.58,5.44,0.2,21.1,54.0
2026-03-28 09:12:48,PUNE,Fog,0.5,5.66,1.1,36.6,77.9
2026-02-03 10:11:05,PUNE,Clear,0.1,9.57,0.5,23.2,67.5
2026-06-01 17:45:52,PUNE,Clear,0.12,8.38,0.3,32.3,62.8
2026-06-01 22:49:53,PUNE,Clear,0.04,9.54,1.4,24.8,79.3
2026-01-17 00:15:15,PUNE,Cloudy,0.23,7.8,1.0,21.1,53.7
2026-02-11 10:51:58,PUNE,Rain,0.21,6.58,5.3,11.7,90.3
2026-03-21 05:23:17,PUNE,Clear,0.58,4.86,0.3,34.8,92.8
2026-05-17 12:31:13,PUNE,Fog,0.64,4.5,1.5,27.4,56.6
2026-05-19 08:58:02,PUNE,Fog,0.53,5.65,0.2,21.7,88.4
2026-04-17 08:34:04,PUNE,Clear,0.42,6.52,1.2,22.3,54.9
2026-04-05 08:35:47,PUNE,Fog,0.84,2.83,0.1,17.7,48.7
2026-01-13 22:36:00,PUNE,Clear,0.13,8.88,0.3,32.7,37.7
2026-05-04 08:46:47,PUNE,Rain,0.33,6.1,13.8,23.8,49.1
2026-04-08 23:06:31,PUNE,Clear,0.21,8.4,1.0,17.7,88.4
2026-05-10 00:00:55,PUNE,Clear,0.52,5.69,0.7,27.9,100.0
2026-02-03 15:11:52,PUNE,Clear,0.22,8.83,0.9,23.6,59.9
2026-01-11 03:55:56,PUNE,Clear,0.26,8.31,1.4,19.5,52.9
2026-01-16 01:44:28,PUNE,Clear,0.15,9.12,0.9,25.8,84.7
2026-06-10 22:43:19,PUNE,Fog,0.5,6.06,0.4,17.3,85.8
2026-04-11 02:15:16,PUNE,Clear,0.07,9.48,1.2,23.6,57.6
2026-02-08 18:24:29,PUNE,Cloudy,0.42,6.69,0.9,38.7,59.9
2026-06-07 10:17:52,PUNE,Clear,0.11,9.49,0.3,22.5,85.1
2026-06-17 14:20:25,PUNE,Fog,0.72,3.92,0.9,22.8,90.9
2026-05-16 12:35:07,PUNE,Cloudy,0.5,6.81,1.5,22.7,84.5
2026-06-26 15:48:23,PUNE,Clear,0.51,6.25,1.0,40.9,43.3
2026-01-26 14:36:56,PUNE,Clear,0.14,8.95,0.3,16.6,40.2
2026-02-17 12:00:12,PUNE,Clear,0.21,8.26,1.2,31.3,59.7
2026-06-02 07:43:01,PUNE,Cloudy,0.46,6.24,0.9,29.0,53.9
2026-02-11 04:43:34,PUNE,Cloudy,0.37,6.99,0.5,32.2,69.9
2026-03-16 16:20:50,PUNE,Clear,0.14,9.2,1.3,19.6,69.8
2026-06-30 21:39:41,PUNE,Rain,0.37,6.17,4.2,42.0,88.6
2026-05-02 12:14:24,PUNE,Clear,0.18,8.79,0.1,46.9,35.7
2026-02-25 12:27:58,PUNE,Clear,0.48,6.39,1.4,33.5,56.6
2026-05-22 19:27:28,PUNE,Clear,0.31,7.76,1.0,26.0,56.4
2026-04-02 03:52:38,PUNE,Rain,0.17,5.99,10.1,27.7,67.6
2026-04-19 16:55:25,PUNE,Clear,0.26,8.29,0.9,14.1,55.4
2026-01-26 08:50:58,PUNE,Clear,0.31,7.23,0.4,27.4,42.7
2026-05-21 18:02:58,PUNE,Cloudy,0.14,8.99,0.1,15.7,89.9
2026-02-05 22:39:53,PUNE,Clear,0.15,8.9,1.3,12.7,71.5
2026-04-07 02:09:33,PUNE,Cloudy,0.24,7.97,0.2,21.8,44.8
2026-03-11 05:08:45,PUNE,Clear,0.25,6.91,0.5,22.1,60.6
2026-04-04 07:10:33,PUNE,Cloudy,0.09,9.05,0.9,15.7,61.8
2026-03-17 20:59:36,PUNE,Fog,0.92,2.32,1.1,5.1,92.2
2026-01-08 09:14:32,PUNE,Clear,0.44,6.67,0.0,16.1,76.2
2026-01-16 07:07:17,PUNE,Rain,0.15,7.88,3.0,23.9,31.3
2026-05-31 22:09:46,PUNE,Fog,0.77,3.37,1.0,12.6,62.4
2026-01-02 07:52:00,PUNE,Clear,0.51,6.1,0.3,23.7,70.0
2026-01-07 09:12:53,PUNE,Clear,0.22,8.51,0.4,22.3,50.7
2026-05-11 08:45:30,PUNE,Clear,0.63,5.2,0.7,21.5,79.2
2026-04-12 18:57:51,PUNE,Clear,0.33,7.64,1.0,14.8,47.9
2026-06-04 02:52:31,PUNE,Fog,0.91,1.88,1.3,23.1,86.4
2026-01-19 20:28:32,PUNE,Clear,0.15,8.62,0.7,33.1,56.0
2026-01-24 08:41:34,PUNE,Clear,0.33,6.76,0.8,35.0,20.0
2026-05-30 23:32:15,PUNE,Cloudy,0.29,7.72,0.3,13.7,83.0
2026-05-11 01:20:12,PUNE,Rain,0.41,4.31,7.1,16.2,42.2
2026-05-26 07:20:46,PUNE,Cloudy,0.17,8.03,0.0,27.5,53.1
2026-05-10 05:44:15,PUNE,Clear,0.33,6.92,1.2,25.9,44.7
2026-06-29 22:53:11,PUNE,Clear,0.14,9.21,0.8,30.5,77.4
2026-04-24 08:55:47,PUNE,Clear,0.14,8.93,1.3,26.5,34.1
2026-03-06 17:40:32,PUNE,Clear,0.49,5.71,0.1,16.1,72.5
2026-03-14 22:48:07,PUNE,Clear,0.52,5.71,0.5,25.0,33.2
2026-06-15 01:06:24,PUNE,Clear,0.15,8.97,0.9,33.1,76.1
2026-06-24 23:45:14,PUNE,Cloudy,0.3,6.89,0.3,20.4,99.7
2026-06-02 23:41:25,PUNE,Clear,0.43,5.93,0.8,25.8,34.9
2026-05-06 23:21:33,PUNE,Clear,0.33,6.98,0.2,15.2,81.9
2026-02-13 00:13:10,PUNE,Clear,0.16,8.11,0.7,29.2,83.6
2026-03-16 01:27:35,PUNE,Clear,0.18,8.82,0.2,37.4,46.8
2026-01-30 03:56:33,PUNE,Clear,0.16,8.22,0.6,32.6,47.6
2026-01-04 02:08:00,PUNE,Cloudy,0.45,6.39,1.1,14.3,75.5
2026-03-16 08:00:41,PUNE,Rain,0.24,6.84,4.8,10.1,33.9
2026-01-03 16:50:06,PUNE,Cloudy,0.31,7.62,0.5,21.1,70.2
2026-02-12 23:38:39,PUNE,Clear,0.08,8.93,0.2,10.9,69.7
2026-04-11 03:10:06,PUNE,Fog,0.66,3.6,0.5,41.1,63.3
2026-05-11 18:35:57,PUNE,Clear,0.26,7.69,0.1,22.7,85.4
2026-06-12 12:03:39,PUNE,Clear,0.33,7.98,0.8,25.0,75.0
2026-02-18 03:55:15,PUNE,Rain,0.34,6.11,16.9,23.2,56.4
2026-06-08 07:34:31,PUNE,Rain,0.1,8.13,18.2,29.5,75.4
2026-03-09 03:42:35,PUNE,Clear,0.22,8.25,0.6,16.0,79.9
2026-05-03 21:45:01,PUNE,Clear,0.34,7.2,0.9,23.3,51.6
2026-04-17 00:00:34,PUNE,Fog,0.52,5.25,0.4,28.9,82.3
2026-06-18 23:47:59,PUNE,Clear,0.06,9.76,0.1,30.4,80.0
2026-05-14 06:49:27,PUNE,Clear,0.18,9.34,1.2,32.8,58.7
2026-06-06 08:00:55,PUNE,Cloudy,0.09,9.32,1.4,19.5,68.6
2026-04-20 04:10:58,PUNE,Clear,0.38,6.53,1.4,38.3,75.2
2026-05-11 00:38:07,PUNE,Cloudy,0.16,8.4,0.1,26.7,46.5
2026-01-01 21:20:43,PUNE,Fog,0.68,4.08,0.9,25.9,61.2
2026-06-03 03:06:40,PUNE,Clear,0.16,8.81,1.4,16.2,77.6
2026-04-17 14:23:50,PUNE,Cloudy,0.42,6.26,0.2,28.3,86.7
2026-03-11 04:22:37,PUNE,Cloudy,0.55,5.36,1.1,33.2,59.1
2026-02-07 07:56:49,PUNE,Rain,0.06,8.01,5.0,29.4,51.8
2026-03-24 20:57:52,PUNE,Rain,0.18,7.44,5.1,38.1,71.8
2026-02-18 14:39:06,PUNE,Clear,0.54,6.07,1.3,13.3,53.5
2026-04-11 05:54:00,PUNE,Clear,0.47,6.25,0.2,13.3,42.3
2026-06-26 07:58:31,PUNE,Clear,0.16,8.3,0.2,19.6,100.0
2026-02-17 03:49:20,PUNE,Clear,0.34,8.1,0.5,24.3,80.0
2026-04-15 15:54:05,PUNE,Cloudy,0.49,5.89,0.8,22.9,51.3
2026-06-02 05:03:32,PUNE,Clear,0.23,7.72,0.6,22.9,59.7
2026-02-01 05:12:09,PUNE,Fog,0.61,4.85,0.1,20.8,60.2
2026-04-15 13:24:38,PUNE,Clear,0.72,4.78,0.4,26.7,73.6
2026-04-05 11:41:12,PUNE,Clear,0.19,8.0,1.3,25.4,44.7
2026-02-15 01:56:02,PUNE,Cloudy,0.23,7.52,0.9,23.8,36.1
2026-04-13 07:59:51,PUNE,Fog,0.49,5.37,0.5,25.0,76.5
2026-02-22 18:31:30,PUNE,Clear,0.21,8.84,0.4,35.2,61.7
2026-05-28 10:23:34,PUNE,Clear,0.43,7.09,1.3,25.5,78.4
2026-05-03 22:01:12,PUNE,Cloudy,0.03,9.27,0.5,20.8,66.5
2026-02-15 20:59:52,PUNE,Fog,0.58,5.23,0.5,33.1,47.4
2026-05-27 04:16:11,PUNE,Clear,0.22,8.3,1.3,12.8,60.0
2026-04-15 07:59:26,PUNE,Clear,0.14,8.46,0.9,24.6,26.1
2026-02-23 17:12:58,PUNE,Rain,0.4,5.8,10.7,10.8,57.7
2026-06-11 17:18:04,PUNE,Clear,0.38,6.73,0.3,8.5,37.4
2026-03-29 02:01:12,PUNE,Rain,0.43,4.6,7.1,27.0,62.6
2026-05-26 04:11:25,PUNE,Clear,0.06,10.11,1.4,30.9,37.6
2026-01-18 09:53:17,PUNE,Clear,0.22,7.69,0.5,27.9,88.6
2026-04-11 23:10:15,PUNE,Clear,0.28,8.34,0.0,19.2,80.0
2026-05-12 13:48:49,PUNE,Fog,0.97,1.36,1.2,29.2,91.2
2026-02-07 07:22:42,PUNE,Cloudy,0.44,6.97,0.6,17.6,79.8
2026-06-30 07:07:30,PUNE,Clear,0.38,7.14,0.1,19.5,58.1
2026-03-27 02:37:39,PUNE,Cloudy,0.16,8.18,0.2,19.5,88.7
2026-02-21 21:32:22,PUNE,Clear,0.47,7.33,0.9,15.3,78.8
2026-05-16 23:31:59,PUNE,Clear,0.11,8.86,0.5,21.2,46.7
2026-01-03 05:13:08,PUNE,Cloudy,0.24,7.52,0.9,32.5,100.0
2026-05-16 09:31:01,PUNE,Cloudy,0.07,9.4,0.3,21.9,30.2
2026-01-17 14:05:14,PUNE,Cloudy,0.38,6.56,1.3,23.2,52.5
2026-01-28 12:25:54,PUNE,Clear,0.55,4.88,0.5,23.1,59.2
2026-01-12 02:42:28,PUNE,Cloudy,0.17,8.63,0.8,26.0,77.8
2026-02-19 16:18:02,PUNE,Rain,0.15,6.58,24.6,14.0,64.8
2026-06-06 08:23:02,PUNE,Clear,0.28,8.16,0.4,14.8,47.1
2026-04-19 09:44:12,PUNE,Clear,0.18,8.58,0.1,25.4,66.3
2026-05-25 22:12:33,PUNE,Clear,0.14,9.52,0.8,19.7,68.4
2026-03-18 17:59:29,PUNE,Cloudy,0.33,7.29,0.4,21.1,100.0
2026-06-20 01:09:17,PUNE,Clear,0.38,7.25,0.9,18.5,72.3
2026-05-10 04:13:32,PUNE,Rain,0.09,7.83,21.9,29.3,56.0
2026-05-12 19:45:19,PUNE,Clear,0.28,7.0,0.2,22.9,80.2
2026-06-29 19:04:15,PUNE,Cloudy,0.25,7.67,1.0,30.5,40.1
2026-05-10 04:45:12,PUNE,Fog,0.57,5.12,1.0,25.4,51.4
2026-06-08 16:41:11,PUNE,Cloudy,0.1,8.58,0.5,28.1,82.4
2026-01-09 09:30:51,PUNE,Clear,0.48,5.19,0.1,29.9,100.0
2026-01-16 00:53:06,PUNE,Clear,0.36,6.52,1.5,14.4,73.7
2026-06-08 07:06:50,PUNE,Clear,0.67,4.45,0.8,12.0,50.2
2026-06-26 18:56:52,PUNE,Clear,0.14,8.14,1.3,28.9,55.6
2026-03-17 03:36:23,PUNE,Clear,0.2,7.92,1.1,15.7,84.3
2026-04-28 17:16:17,PUNE,Clear,0.06,9.45,0.6,11.1,100.0
2026-06-04 15:11:03,PUNE,Clear,0.16,8.84,0.7,26.0,80.6
2026-05-20 13:15:58,PUNE,Cloudy,0.08,9.19,0.6,35.9,62.7
2026-04-07 07:24:44,PUNE,Cloudy,0.17,8.33,1.0,19.7,61.9
2026-02-15 02:40:21,PUNE,Cloudy,0.06,10.38,1.2,26.3,91.1
2026-03-24 09:23:03,PUNE,Clear,0.41,5.92,0.2,33.2,80.9
2026-06-08 08:55:01,PUNE,Rain,0.55,4.33,13.3,23.8,88.0
2026-01-07 20:09:38,PUNE,Rain,0.35,7.14,8.4,33.7,70.3
2026-05-25 10:41:37,PUNE,Clear,0.22,7.6,1.0,19.2,47.7
2026-04-28 14:02:25,PUNE,Cloudy,0.42,6.71,0.6,33.5,20.0
2026-05-04 13:06:40,PUNE,Cloudy,0.43,6.4,0.3,9.3,90.1
2026-02-14 14:03:26,PUNE,Clear,0.45,6.32,0.1,21.6,76.0
2026-03-26 10:03:52,PUNE,Cloudy,0.56,6.02,0.9,32.8,75.4
2026-03-06 12:40:41,PUNE,Fog,0.72,3.6,0.1,26.5,69.6
2026-03-30 03:25:51,PUNE,Clear,0.23,7.84,0.4,26.7,91.0
2026-05-17 10:37:24,PUNE,Clear,0.09,9.89,1.0,29.2,84.2
2026-06-13 01:42:46,PUNE,Clear,0.54,4.96,0.2,18.2,72.8
2026-04-11 18:58:40,PUNE,Clear,0.21,8.52,0.1,31.4,73.0
2026-05-08 15:14:02,PUNE,Cloudy,0.07,9.9,1.3,35.1,69.3
2026-05-28 15:44:22,PUNE,Clear,0.16,8.76,0.3,16.6,55.7
2026-03-25 09:07:56,PUNE,Clear,0.63,4.5,0.1,33.6,71.8
2026-03-28 02:39:26,PUNE,Fog,0.6,6.1,0.6,18.4,68.5
2026-04-17 03:41:52,PUNE,Clear,0.2,8.59,1.5,23.9,74.2
2026-06-16 18:30:17,PUNE,Clear,0.32,6.97,0.6,32.1,67.9
2026-04-29 22:05:58,PUNE,Fog,0.8,2.97,0.3,43.3,72.4
2026-04-14 21:08:34,PUNE,Clear,0.12,9.54,0.5,30.4,41.2
2026-04-02 06:01:38,PUNE,Clear,0.28,7.72,0.7,8.7,76.2
2026-04-19 06:07:44,PUNE,Cloudy,0.25,7.33,1.5,26.6,75.5
2026-04-15 10:50:39,PUNE,Clear,0.13,8.82,0.0,24.5,96.9
2026-05-04 07:08:31,PUNE,Clear,0.22,7.91,0.3,26.0,61.6
2026-05-11 14:42:26,PUNE,Clear,0.48,6.09,0.5,21.8,58.2
2026-05-17 22:21:59,PUNE,Clear,0.24,7.81,1.1,21.6,95.5
2026-01-28 18:56:24,PUNE,Clear,0.18,8.69,1.0,17.7,66.4
2026-01-23 06:33:12,PUNE,Fog,0.73,3.85,0.8,41.2,79.1
2026-06-02 07:12:38,PUNE,Clear,0.29,7.99,1.4,32.1,81.4
2026-04-23 18:40:46,PUNE,Rain,0.11,7.34,6.2,20.6,67.2
2026-01-03 11:17:02,PUNE,Clear,0.52,6.16,0.9,11.1,63.2
2026-01-13 04:05:05,PUNE,Cloudy,0.4,6.78,0.5,31.6,51.5
2026-02-17 20:58:32,PUNE,Clear,0.59,5.03,0.2,13.4,41.0
2026-03-31 14:50:29,PUNE,Clear,0.26,8.45,0.5,22.7,56.5
2026-04-28 11:38:51,PUNE,Clear,0.3,7.04,0.5,31.0,57.8
2026-03-22 20:25:32,PUNE,Clear,0.56,5.15,1.4,21.0,53.7
2026-04-10 22:18:44,PUNE,Clear,0.2,8.26,1.4,14.3,91.0
2026-01-05 00:58:29,PUNE,Rain,0.32,6.27,7.3,25.7,100.0
2026-03-28 22:58:08,PUNE,Fog,0.53,5.54,0.1,32.1,88.3
2026-05-25 23:11:27,PUNE,Clear,0.18,7.98,0.8,19.2,59.2
2026-02-16 06:19:21,PUNE,Clear,0.22,8.77,1.4,17.1,71.1
2026-02-04 19:59:58,PUNE,Rain,0.11,7.59,24.4,18.5,77.6
2026-05-09 15:01:37,PUNE,Rain,0.25,7.38,9.1,25.3,81.9
2026-03-02 19:22:32,PUNE,Rain,0.1,8.17,27.4,9.0,50.4
2026-05-11 13:28:56,PUNE,Clear,0.3,7.3,1.3,11.1,62.7
2026-05-18 17:18:31,PUNE,Clear,0.39,7.85,1.5,24.0,87.3
2026-06-02 06:56:26,PUNE,Clear,0.33,7.3,1.1,11.1,64.2
2026-05-24 18:01:24,PUNE,Rain,0.24,6.51,5.2,29.7,80.1
2026-04-20 11:20:37,PUNE,Clear,0.11,8.63,0.2,21.5,71.0
2026-06-17 23:05:29,PUNE,Clear,0.05,9.16,1.4,32.7,69.0
2026-06-01 03:07:30,PUNE,Clear,0.3,7.39,0.5,17.4,64.3
2026-02-12 07:47:19,PUNE,Clear,0.11,8.5,1.1,21.3,56.1
2026-05-28 22:08:29,PUNE,Clear,0.6,4.2,1.2,29.7,63.4
2026-05-04 04:39:28,PUNE,Fog,0.51,4.99,1.1,34.2,47.5
2026-04-23 21:37:16,PUNE,Clear,0.07,9.57,0.2,27.0,45.5
2026-03-15 02:46:35,PUNE,Rain,0.26,7.34,10.7,32.4,51.7
2026-05-06 19:53:41,PUNE,Clear,0.4,6.44,0.5,20.6,68.8
2026-06-10 23:05:57,PUNE,Clear,0.21,8.42,0.1,26.3,81.1
2026-03-10 15:27:22,PUNE,Fog,0.82,2.55,0.5,10.2,74.7
2026-06-28 11:57:31,PUNE,Cloudy,0.28,8.13,0.5,24.7,81.1
2026-02-09 09:48:41,PUNE,Fog,0.79,3.14,0.7,42.0,87.8
2026-04-19 09:22:12,PUNE,Clear,0.52,4.46,1.0,27.3,75.6
2026-04-20 15:41:47,PUNE,Clear,0.26,7.82,0.2,31.9,54.5
2026-03-28 05:52:40,PUNE,Clear,0.42,6.46,0.4,42.4,76.5
2026-02-05 12:32:03,PUNE,Cloudy,0.33,6.7,0.4,31.9,72.2
2026-06-06 02:01:22,PUNE,Cloudy,0.51,5.3,0.2,30.7,54.9
2026-02-17 04:48:40,PUNE,Cloudy,0.11,9.77,0.7,20.3,58.6
2026-01-04 00:30:20,PUNE,Rain,0.26,6.38,13.8,15.9,63.8
2026-01-31 20:24:29,PUNE,Cloudy,0.02,9.83,1.4,30.7,57.1
2026-02-16 04:44:00,PUNE,Clear,0.27,7.94,0.5,23.6,47.3
2026-05-19 22:24:27,PUNE,Clear,0.46,5.6,1.3,28.4,59.9
2026-05-18 10:46:19,PUNE,Clear,0.21,7.98,1.3,25.6,97.4
2026-03-18 18:32:22,PUNE,Clear,0.64,5.08,1.0,26.9,77.6
2026-05-14 22:03:36,PUNE,Cloudy,0.76,3.38,1.5,28.0,60.3
2026-03-24 11:12:53,PUNE,Fog,0.54,5.3,1.4,22.9,76.6
2026-06-08 12:45:13,PUNE,Clear,0.44,6.43,0.4,26.4,59.0
2026-02-08 22:10:28,PUNE,Clear,0.19,8.05,1.4,40.7,36.5
2026-01-03 02:13:14,PUNE,Cloudy,0.4,6.95,0.2,12.3,86.5
2026-01-21 05:02:58,PUNE,Fog,0.4,6.4,0.4,27.5,51.8
2026-02-01 20:30:13,PUNE,Clear,0.16,8.24,0.4,34.8,45.5
2026-02-07 20:47:16,PUNE,Clear,0.51,5.42,0.9,22.7,63.6
2026-01-23 07:09:59,PUNE,Cloudy,0.18,8.88,0.4,13.2,84.9
2026-05-17 07:16:57,PUNE,Clear,0.31,8.34,1.3,23.7,74.4
2026-02-26 15:17:01,PUNE,Fog,0.5,5.74,0.5,24.2,84.3
2026-01-28 18:54:18,PUNE,Cloudy,0.36,6.77,1.5,18.4,100.0
2026-04-06 00:16:42,PUNE,Clear,0.32,6.47,1.0,21.0,55.2
2026-02-17 01:14:20,PUNE,Rain,0.22,6.98,11.3,27.7,53.5
2026-05-09 11:12:39,PUNE,Clear,0.28,7.15,1.2,26.9,46.2
2026-02-07 20:42:45,PUNE,Cloudy,0.33,7.86,1.0,23.0,54.4
2026-04-18 03:35:25,PUNE,Clear,0.32,7.24,1.3,28.8,93.6
2026-03-01 23:26:05,PUNE,Clear,0.24,8.37,0.7,18.6,31.2
2026-06-22 11:28:54,PUNE,Clear,0.06,9.0,1.1,12.4,89.5
2026-05-13 20:41:00,PUNE,Clear,0.41,6.55,1.3,32.5,80.0
2026-06-29 23:44:45,PUNE,Clear,0.3,7.68,0.0,33.2,75.7
2026-05-24 14:42:54,PUNE,Cloudy,0.49,5.88,0.1,29.1,79.4
2026-01-09 19:52:32,PUNE,Clear,0.17,8.68,1.2,21.2,49.4
2026-03-28 13:47:43,PUNE,Clear,0.44,6.62,0.9,35.8,92.3
2026-05-12 02:06:21,PUNE,Cloudy,0.37,6.27,0.7,25.1,68.9
2026-01-31 03:23:15,PUNE,Clear,0.32,7.35,0.6,34.7,51.9
2026-04-18 02:27:22,PUNE,Clear,0.21,7.94,0.2,25.1,31.9
2026-05-23 17:01:43,PUNE,Fog,0.87,2.26,0.6,28.1,76.8
2026-01-12 13:00:50,PUNE,Clear,0.19,8.81,1.1,31.7,62.5
2026-01-31 04:55:21,PUNE,Clear,0.47,5.69,1.2,19.1,67.1
2026-01-10 11:37:15,PUNE,Clear,0.52,5.57,1.1,23.2,62.9
2026-01-17 16:28:55,PUNE,Clear,0.09,8.78,1.4,34.1,60.4
2026-01-11 14:24:27,PUNE,Clear,0.09,8.92,1.3,16.2,67.0
2026-05-28 14:09:49,PUNE,Clear,0.02,9.91,0.9,8.3,47.6
2026-04-24 05:24:26,PUNE,Cloudy,0.14,8.8,0.1,39.3,64.2
2026-04-12 12:36:25,PUNE,Clear,0.22,8.39,1.0,19.9,57.0
2026-05-10 03:09:47,PUNE,Clear,0.27,7.8,0.3,31.0,79.6
2026-01-18 17:51:17,PUNE,Rain,0.18,7.42,7.0,24.0,67.6
2026-05-16 22:07:09,PUNE,Clear,0.19,8.51,1.1,36.3,76.5
2026-04-27 15:35:48,PUNE,Rain,0.23,6.54,7.5,30.5,85.8
2026-05-04 01:18:53,PUNE,Cloudy,0.52,4.79,0.1,23.0,37.9
2026-02-02 14:13:58,PUNE,Rain,0.36,5.94,2.4,15.7,87.9
2026-05-11 11:03:01,PUNE,Clear,0.27,7.43,0.6,31.1,94.0
2026-02-23 17:59:49,PUNE,Clear,0.21,8.2,0.4,27.0,70.3
2026-06-22 14:33:28,PUNE,Fog,0.64,3.98,0.1,25.2,84.8
2026-06-23 00:39:43,PUNE,Clear,0.26,7.57,1.2,22.8,43.4
2026-04-06 15:42:29,PUNE,Clear,0.39,6.39,0.0,28.5,85.2
2026-03-17 12:43:19,PUNE,Clear,0.61,4.21,0.8,15.3,40.2
2026-03-27 21:26:27,PUNE,Clear,0.42,7.26,0.1,15.8,97.4
2026-01-27 04:15:35,PUNE,Cloudy,0.52,4.98,0.6,23.5,81.2
2026-06-24 03:27:24,PUNE,Clear,0.22,8.46,0.5,28.7,68.4
2026-01-17 18:47:26,PUNE,Cloudy,0.32,6.93,0.9,21.9,77.5
2026-03-18 20:03:17,PUNE,Clear,0.23,8.23,0.6,21.6,41.9
2026-02-02 07:38:46,PUNE,Clear,0.25,8.01,0.7,15.7,67.7
2026-03-07 01:28:28,PUNE,Clear,0.32,7.62,0.9,16.9,56.1
2026-02-27 14:22:42,PUNE,Cloudy,0.2,8.23,1.3,11.6,47.7
2026-01-13 00:40:08,PUNE,Clear,0.07,9.72,1.4,27.2,86.0
2026-01-10 22:55:14,PUNE,Clear,0.16,8.36,0.2,34.0,42.6
2026-06-23 09:25:39,PUNE,Clear,0.37,6.25,0.8,22.3,71.5
2026-06-30 21:50:38,PUNE,Clear,0.45,6.62,1.2,9.5,53.9
2026-01-16 23:16:17,PUNE,Clear,0.3,7.75,0.5,23.3,57.7
2026-05-08 17:28:57,PUNE,Clear,0.46,6.79,0.1,16.7,82.8
2026-02-13 09:23:38,PUNE,Fog,0.57,4.92,1.4,8.9,74.4
2026-02-24 21:38:34,PUNE,Fog,0.66,4.26,0.6,19.4,62.8
2026-06-25 20:36:56,PUNE,Clear,0.08,9.19,0.2,21.3,44.2
2026-05-23 16:48:46,PUNE,Clear,0.26,7.6,0.6,28.3,71.9
2026-03-10 13:47:04,PUNE,Clear,0.06,9.87,0.7,28.7,97.1
2026-01-27 21:19:08,PUNE,Fog,0.54,6.2,1.0,23.4,93.0
2026-05-02 10:33:30,PUNE,Cloudy,0.46,5.9,0.5,19.1,42.9
2026-01-09 22:32:09,PUNE,Clear,0.26,7.58,1.4,17.4,66.8
2026-01-22 23:23:51,PUNE,Cloudy,0.3,7.83,0.8,26.1,46.3
2026-01-18 14:20:06,PUNE,Clear,0.29,7.62,1.4,22.3,84.3
2026-06-02 00:01:56,PUNE,Clear,0.17,8.29,0.9,37.7,45.8
2026-05-31 01:10:45,PUNE,Fog,0.54,4.74,1.3,40.8,51.0
2026-06-17 17:56:46,PUNE,Clear,0.48,6.33,0.6,42.9,70.1
2026-01-09 21:56:31,PUNE,Clear,0.65,3.92,0.3,40.8,69.7
2026-05-26 14:45:53,PUNE,Clear,0.06,8.95,0.5,9.8,83.3
2026-02-03 22:50:24,PUNE,Clear,0.28,7.75,0.7,34.6,72.9
2026-06-17 21:14:59,PUNE,Clear,0.43,5.66,1.2,35.0,73.7
2026-02-24 11:08:19,PUNE,Clear,0.4,6.19,1.2,25.5,54.4
2026-02-23 02:57:26,PUNE,Clear,0.26,7.95,0.6,23.7,43.4
2026-01-17 10:04:22,PUNE,Clear,0.32,6.57,1.0,39.4,61.9
2026-02-21 22:48:11,PUNE,Rain,0.08,7.64,2.6,14.3,63.1
2026-05-03 11:40:30,PUNE,Clear,0.16,9.09,0.5,22.0,71.3
2026-06-05 18:00:54,PUNE,Fog,0.5,5.5,0.8,25.0,37.3
2026-03-30 10:05:02,PUNE,Cloudy,0.21,9.06,0.6,20.3,65.7
2026-01-19 00:16:15,PUNE,Cloudy,0.11,9.19,0.9,21.3,100.0
2026-05-24 14:36:46,PUNE,Cloudy,0.34,7.0,1.3,37.2,53.0
2026-01-28 23:01:55,PUNE,Cloudy,0.16,8.34,0.3,15.1,52.8
2026-04-01 23:25:16,PUNE,Clear,0.16,8.75,0.1,28.8,80.0
2026-03-06 06:13:38,PUNE,Clear,0.4,7.29,0.4,32.9,61.5
2026-04-28 12:06:18,PUNE,Clear,0.13,8.4,0.7,26.1,69.9
2026-05-13 04:16:13,PUNE,Cloudy,0.54,5.54,1.1,31.0,86.1
2026-01-20 20:37:04,PUNE,Clear,0.45,5.62,1.4,17.6,39.8
2026-06-19 04:28:55,PUNE,Rain,0.52,3.68,6.8,20.2,73.8
2026-02-07 13:36:55,PUNE,Clear,0.09,9.61,0.9,30.5,66.9
2026-04-22 01:58:05,PUNE,Clear,0.19,7.92,0.5,31.0,93.1
2026-06-04 12:19:07,PUNE,Clear,0.3,8.18,1.0,29.1,46.0
2026-04-04 15:52:38,PUNE,Fog,0.35,7.26,1.0,23.5,57.8
2026-03-03 01:41:03,PUNE,Clear,0.31,7.66,0.6,20.4,44.3
2026-05-15 23:27:16,PUNE,Cloudy,0.43,6.27,1.2,27.7,79.3
2026-02-13 06:41:44,PUNE,Clear,0.43,6.42,0.1,26.1,52.1
2026-03-07 17:52:07,PUNE,Clear,0.05,9.41,0.6,25.4,90.6
2026-04-09 11:50:42,PUNE,Clear,0.15,8.11,0.3,30.2,85.8
2026-03-09 06:35:38,PUNE,Clear,0.12,9.19,1.2,22.5,59.1
2026-02-11 08:59:10,PUNE,Clear,0.12,9.09,1.4,19.6,45.7
2026-02-05 13:20:13,PUNE,Cloudy,0.25,7.76,1.2,31.3,87.6
2026-04-28 22:15:06,PUNE,Rain,0.06,8.22,2.0,32.5,72.6
2026-04-20 22:46:34,PUNE,Clear,0.1,9.04,1.5,17.8,64.2
2026-03-13 05:46:46,PUNE,Clear,0.25,7.91,1.0,24.1,79.3
2026-06-03 08:19:42,PUNE,Clear,0.2,8.32,1.4,24.3,47.1
2026-03-27 01:31:01,PUNE,Fog,0.57,5.32,0.5,13.8,80.1
2026-03-12 01:37:29,PUNE,Clear,0.3,7.27,0.1,16.6,50.7
2026-01-16 19:05:27,PUNE,Clear,0.8,3.55,0.9,23.4,86.3
2026-02-14 15:46:32,PUNE,Clear,0.49,5.65,0.9,11.0,65.5
2026-01-25 23:52:46,PUNE,Clear,0.24,7.49,0.7,21.7,69.2
2026-06-11 00:46:35,PUNE,Clear,0.12,9.0,0.8,20.8,50.8
2026-04-09 10:24:09,PUNE,Clear,0.06,10.44,0.9,15.4,66.8
2026-03-03 11:11:06,PUNE,Cloudy,0.27,7.77,0.9,31.0,51.2
2026-05-23 08:40:44,PUNE,Cloudy,0.12,8.77,0.3,17.9,74.6
2026-05-28 00:17:50,PUNE,Rain,0.53,3.8,7.3,29.3,53.7
2026-01-23 14:00:38,PUNE,Fog,0.64,3.9,0.4,35.5,60.2
2026-04-02 01:30:37,PUNE,Fog,0.55,4.65,0.4,31.6,100.0
2026-04-30 03:43:35,PUNE,Cloudy,0.38,6.65,0.5,18.0,59.9
2026-03-29 21:43:09,PUNE,Clear,0.41,6.67,1.1,28.0,76.0
2026-01-22 21:33:56,PUNE,Rain,0.21,6.36,5.1,10.1,57.1
2026-03-09 09:06:46,PUNE,Fog,0.69,4.17,0.6,15.3,82.0
2026-02-24 13:29:31,PUNE,Cloudy,0.35,7.26,0.2,23.7,69.9
2026-03-22 10:08:52,PUNE,Clear,0.3,7.96,0.2,7.1,67.0
2026-04-16 14:12:59,PUNE,Clear,0.18,9.02,0.7,20.9,48.4
2026-02-21 17:20:07,PUNE,Rain,0.39,5.13,15.7,27.4,53.3
2026-02-15 13:47:00,PUNE,Rain,0.09,8.55,3.2,36.4,33.9
2026-03-09 13:37:03,PUNE,Cloudy,0.08,9.08,0.4,34.3,62.3
2026-06-10 14:49:06,PUNE,Clear,0.14,8.84,0.1,23.3,45.1
2026-04-06 09:22:42,PUNE,Cloudy,0.22,8.91,1.3,29.2,64.6
2026-02-17 21:44:55,PUNE,Clear,0.16,8.66,1.2,26.7,49.7
2026-04-28 05:03:16,PUNE,Cloudy,0.41,6.68,0.3,33.8,69.9
2026-05-30 23:39:03,PUNE,Clear,0.26,7.72,0.7,33.8,59.9
2026-04-05 06:11:03,PUNE,Fog,0.55,5.51,0.7,18.0,90.6
2026-04-15 20:09:40,PUNE,Cloudy,0.22,9.04,0.7,24.2,63.0
2026-02-10 19:27:39,PUNE,Clear,0.43,6.13,0.9,12.0,100.0
2026-06-03 17:33:17,PUNE,Clear,0.06,9.15,0.5,38.2,44.5
2026-01-28 08:31:02,PUNE,Cloudy,0.24,9.11,1.2,2.0,67.7
2026-04-11 10:27:56,PUNE,Rain,0.33,6.12,4.4,19.4,56.8
2026-02-21 03:13:26,PUNE,Clear,0.17,8.4,1.3,20.4,76.6
2026-03-14 01:16:34,PUNE,Clear,0.45,6.22,1.2,29.4,88.5
2026-04-20 08:16:33,PUNE,Clear,0.51,5.49,0.4,18.9,27.3
2026-05-22 03:11:15,PUNE,Clear,0.64,4.42,0.2,10.9,75.1
2026-06-07 17:38:30,PUNE,Rain,0.13,8.27,11.1,29.9,94.8
2026-06-23 21:55:10,PUNE,Clear,0.48,6.29,0.1,22.3,100.0
2026-04-14 22:20:17,PUNE,Cloudy,0.07,9.39,1.0,25.1,38.2
2026-03-18 23:56:35,PUNE,Clear,0.28,7.18,0.6,32.8,81.6
2026-06-15 22:08:13,PUNE,Clear,0.23,8.32,0.7,25.2,78.0
2026-01-22 15:07:45,PUNE,Clear,0.69,4.25,0.3,31.2,100.0
2026-03-17 10:25:05,PUNE,Clear,0.17,9.12,0.8,20.8,57.6
2026-05-02 06:44:36,PUNE,Cloudy,0.16,7.61,1.2,36.3,63.7
2026-02-04 13:57:25,PUNE,Cloudy,0.37,6.65,0.6,32.2,65.2
2026-01-07 19:57:54,PUNE,Fog,0.77,3.26,1.3,11.1,41.6
2026-03-09 15:50:46,PUNE,Cloudy,0.28,6.77,0.5,26.2,71.8
2026-01-30 13:01:49,PUNE,Clear,0.34,6.97,1.2,11.0,34.3
2026-01-06 08:08:57,PUNE,Clear,0.41,6.88,0.6,34.1,76.2
2026-06-15 01:31:40,PUNE,Clear,0.26,7.56,0.5,27.6,77.1
2026-04-26 17:35:22,PUNE,Cloudy,0.22,8.72,1.2,27.2,56.1
2026-04-08 21:43:17,PUNE,Clear,0.59,4.78,1.2,21.2,90.4
2026-03-08 22:12:20,PUNE,Clear,0.29,8.02,0.3,18.6,74.8
2026-05-01 20:34:07,PUNE,Fog,0.65,4.37,0.1,32.1,72.6
2026-03-03 12:03:36,PUNE,Cloudy,0.19,8.18,0.1,25.6,77.9
2026-04-27 13:20:50,PUNE,Clear,0.21,7.99,0.9,18.6,89.6
2026-05-11 21:56:55,PUNE,Clear,0.01,10.07,0.7,30.8,100.0
2026-04-04 09:38:31,PUNE,Clear,0.55,5.15,0.2,12.5,91.5
2026-04-16 15:22:57,PUNE,Clear,0.18,8.59,1.5,35.6,53.7
2026-01-12 07:02:58,PUNE,Rain,0.09,7.96,5.6,23.0,62.4
2026-03-07 06:10:46,PUNE,Clear,0.35,7.19,1.0,20.3,85.1
2026-03-22 10:46:43,PUNE,Clear,0.13,9.1,0.7,26.3,61.2
2026-03-18 11:09:57,PUNE,Rain,0.65,2.97,15.7,36.8,57.4
2026-04-22 18:55:45,PUNE,Rain,0.3,5.61,7.7,37.2,70.4
2026-03-26 05:31:43,PUNE,Clear,0.23,7.41,0.6,22.8,57.3
2026-03-29 05:58:33,PUNE,Cloudy,0.45,6.44,0.8,26.8,62.4
2026-02-13 12:51:01,PUNE,Clear,0.35,8.02,0.2,29.9,55.5
2026-05-23 11:58:23,PUNE,Fog,0.8,2.24,0.3,16.7,60.8
2026-01-02 07:51:58,PUNE,Fog,0.67,5.1,1.2,19.0,55.2
2026-05-31 00:44:28,PUNE,Rain,0.34,5.84,5.3,23.9,73.0
2026-02-14 00:13:30,PUNE,Clear,0.34,6.99,0.2,24.2,62.9
2026-04-21 08:46:36,PUNE,Clear,0.13,8.99,0.8,7.9,31.3
2026-06-16 10:56:16,PUNE,Clear,0.1,8.94,0.9,25.1,61.5
2026-02-27 01:32:33,PUNE,Clear,0.38,6.41,1.1,30.9,66.5
2026-05-14 03:36:21,PUNE,Clear,0.1,10.26,0.5,21.0,60.0
2026-04-29 05:40:29,PUNE,Rain,0.2,6.68,2.4,21.0,75.6
2026-03-30 03:19:47,PUNE,Cloudy,0.19,7.39,1.0,24.9,57.4
2026-06-03 03:11:51,PUNE,Cloudy,0.2,8.03,1.1,20.9,64.9
2026-05-13 10:10:24,PUNE,Clear,0.48,5.88,0.7,31.6,81.3
2026-06-17 17:42:33,PUNE,Cloudy,0.47,6.25,0.3,23.0,73.9
2026-05-23 02:30:09,PUNE,Clear,0.26,6.51,0.3,26.5,87.9
2026-05-04 12:41:32,PUNE,Cloudy,0.5,5.04,1.4,31.6,63.4
2026-06-23 18:46:27,PUNE,Clear,0.29,8.06,0.2,17.1,28.9
2026-05-22 23:32:09,PUNE,Clear,0.38,6.67,0.3,22.9,83.7
2026-06-12 15:34:03,PUNE,Clear,0.25,6.99,1.0,14.3,58.7
2026-06-11 17:02:04,PUNE,Clear,0.37,7.37,1.2,20.2,44.9
2026-01-14 15:31:21,PUNE,Clear,0.44,7.43,0.7,29.6,66.3
2026-02-11 00:33:16,PUNE,Clear,0.45,5.49,0.5,28.2,94.0
2026-04-06 12:22:29,PUNE,Rain,0.2,6.66,6.8,32.1,54.6
2026-03-06 17:43:59,PUNE,Cloudy,0.11,9.3,0.9,18.2,32.3
2026-02-26 20:13:38,PUNE,Cloudy,0.15,9.32,0.8,12.0,38.8
2026-06-18 12:49:05,PUNE,Cloudy,0.15,8.94,0.7,24.0,77.9
2026-04-22 16:02:40,PUNE,Clear,0.16,8.58,0.5,19.2,75.2
2026-01-06 22:20:36,PUNE,Clear,0.28,7.81,0.2,23.7,100.0
2026-01-02 10:09:28,PUNE,Clear,0.12,8.27,0.2,20.8,62.4
2026-05-03 11:26:16,PUNE,Clear,0.29,7.41,1.2,29.8,79.7
2026-01-14 08:12:08,PUNE,Clear,0.4,6.74,0.9,25.9,85.2
2026-06-08 02:34:40,PUNE,Clear,0.49,5.76,1.3,25.4,80.6
2026-04-17 19:42:13,PUNE,Clear,0.17,8.05,0.2,25.2,66.6
2026-01-27 03:00:21,PUNE,Cloudy,0.3,6.67,0.5,31.7,67.7
2026-05-11 02:28:13,PUNE,Rain,0.34,5.8,10.2,8.3,47.5
2026-06-30 21:28:38,PUNE,Clear,0.69,4.27,1.2,17.2,89.1
2026-02-26 09:53:18,PUNE,Fog,0.51,6.38,1.2,37.5,48.8
2026-06-08 13:03:30,PUNE,Clear,0.4,7.0,0.5,22.8,38.0
2026-04-14 02:12:33,PUNE,Clear,0.17,8.59,1.3,20.0,99.2
2026-04-21 10:54:11,PUNE,Cloudy,0.09,9.16,0.8,26.0,80.8
2026-03-14 21:03:14,PUNE,Cloudy,0.25,8.3,1.2,40.4,54.4
2026-06-19 16:00:51,PUNE,Rain,0.34,6.16,13.1,18.3,60.4
2026-03-08 08:05:00,PUNE,Clear,0.06,9.87,0.6,31.0,63.5
2026-06-13 03:31:58,PUNE,Clear,0.09,9.45,1.3,23.9,78.9
2026-02-18 09:38:56,PUNE,Fog,0.49,5.88,0.0,18.5,76.0
2026-06-08 06:51:21,PUNE,Clear,0.14,8.66,1.4,25.2,58.9
2026-04-01 21:47:36,PUNE,Cloudy,0.31,7.16,0.4,15.6,67.9
2026-06-30 06:30:54,PUNE,Clear,0.69,3.94,0.4,19.7,100.0
2026-04-09 19:33:44,PUNE,Rain,0.31,6.58,3.1,28.7,65.3
2026-06-29 12:19:17,PUNE,Cloudy,0.72,3.87,0.6,20.6,53.6
2026-05-05 06:59:53,PUNE,Clear,0.34,7.5,0.4,25.7,55.1
2026-03-28 05:25:30,PUNE,Clear,0.67,4.54,1.2,17.6,73.2
2026-04-14 18:36:00,PUNE,Fog,0.8,3.03,1.5,21.5,58.1
2026-05-24 22:13:46,PUNE,Clear,0.36,6.15,1.0,11.7,67.7
2026-04-26 18:18:07,PUNE,Cloudy,0.07,9.79,1.5,44.3,63.3
2026-06-15 14:24:52,PUNE,Clear,0.09,9.45,1.1,10.7,67.6
2026-03-05 19:12:39,PUNE,Clear,0.22,7.71,0.2,17.1,73.3
2026-06-04 21:22:39,PUNE,Cloudy,0.1,9.03,1.0,29.7,87.3
2026-01-13 09:19:08,PUNE,Clear,0.14,9.44,0.5,13.6,70.7
2026-04-19 00:06:08,PUNE,Cloudy,0.27,7.65,1.3,29.7,81.3
2026-04-30 16:04:40,PUNE,Clear,0.14,8.66,1.1,4.4,56.3
2026-03-21 22:47:16,PUNE,Clear,0.45,6.16,0.2,33.5,50.2
2026-03-12 23:32:34,PUNE,Clear,0.43,6.45,0.3,28.5,58.4
2026-04-08 17:14:18,PUNE,Clear,0.14,8.57,0.1,29.8,64.3
2026-06-29 09:50:53,PUNE,Cloudy,0.32,7.49,0.8,30.5,55.4
2026-06-26 23:00:58,PUNE,Clear,0.45,6.57,0.5,26.1,43.8
2026-06-02 09:59:23,PUNE,Clear,0.29,7.08,1.2,31.3,41.8
2026-01-18 11:00:19,PUNE,Cloudy,0.42,5.82,0.8,16.2,84.3
2026-03-21 18:23:24,PUNE,Cloudy,0.27,7.24,0.3,25.5,93.3
2026-02-14 20:15:27,PUNE,Fog,0.4,6.79,0.5,9.2,65.1
2026-02-04 12:05:16,PUNE,Clear,0.41,6.69,1.5,19.3,51.9
2026-05-15 17:14:41,PUNE,Fog,1.0,1.29,0.1,30.3,52.3
2026-03-14 09:22:41,PUNE,Clear,0.06,9.8,0.2,27.0,70.6
2026-03-02 18:58:17,PUNE,Clear,0.35,7.43,1.3,20.2,56.7
2026-03-03 03:35:02,PUNE,Rain,0.48,5.33,4.6,19.7,76.2
2026-06-20 21:27:37,PUNE,Clear,0.53,5.43,0.2,31.1,74.1
2026-05-10 15:01:58,PUNE,Cloudy,0.23,8.01,0.3,28.0,87.9
2026-05-19 18:04:49,PUNE,Cloudy,0.55,6.03,0.9,28.0,55.6
2026-04-28 23:33:07,PUNE,Clear,0.05,9.46,0.5,20.2,56.7
2026-06-04 23:05:29,PUNE,Cloudy,0.26,8.46,0.7,11.6,100.0
2026-02-11 14:49:17,PUNE,Clear,0.26,9.1,0.9,21.6,76.8
2026-03-22 16:51:48,PUNE,Rain,0.39,5.81,13.3,29.0,79.1
2026-04-23 21:17:56,PUNE,Clear,0.29,7.9,1.1,15.1,63.5
2026-05-25 14:27:34,PUNE,Rain,0.17,6.32,10.4,28.6,37.9
2026-06-17 13:47:22,PUNE,Clear,0.5,5.64,0.3,30.0,77.9
2026-03-27 12:30:55,PUNE,Cloudy,0.46,6.65,0.4,32.3,74.2
2026-03-01 04:44:52,PUNE,Fog,0.47,5.99,1.2,21.6,58.8
2026-03-23 18:28:20,PUNE,Cloudy,0.49,6.35,0.6,9.3,89.5
2026-02-14 16:31:26,PUNE,Fog,0.59,5.4,0.1,27.1,84.5
2026-05-30 10:10:20,PUNE,Clear,0.22,8.14,1.4,22.9,85.8
2026-01-06 15:09:11,PUNE,Clear,0.15,8.6,1.2,20.5,60.1
2026-06-22 09:28:34,PUNE,Fog,0.44,6.84,0.4,17.6,58.8
2026-05-02 07:28:12,PUNE,Clear,0.57,4.83,1.0,35.0,53.8
2026-01-23 00:55:22,PUNE,Clear,0.28,8.47,0.1,33.0,84.8
2026-06-27 19:53:03,PUNE,Clear,0.59,4.93,0.6,26.6,85.4
2026-06-24 18:41:58,PUNE,Clear,0.17,8.89,0.7,30.7,97.0
2026-01-26 21:22:07,PUNE,Clear,0.35,7.45,0.7,20.2,76.8
2026-02-21 23:59:04,PUNE,Clear,0.25,6.48,1.2,27.3,67.3
2026-01-06 05:12:44,PUNE,Clear,0.25,8.05,0.5,29.4,31.1
2026-02-10 15:57:03,PUNE,Fog,0.72,4.25,0.3,20.2,58.1
2026-02-15 05:21:47,PUNE,Clear,0.66,4.74,0.5,26.0,58.0
2026-02-20 23:28:01,PUNE,Clear,0.39,6.42,1.0,14.2,83.0
2026-03-02 13:54:55,PUNE,Fog,0.39,6.27,1.5,35.7,69.3
2026-01-30 15:30:31,PUNE,Cloudy,0.1,10.12,1.2,18.7,32.7
2026-01-21 02:51:18,PUNE,Clear,0.12,8.91,1.0,16.4,92.3
2026-03-19 21:53:20,PUNE,Clear,0.15,8.87,0.4,19.0,77.9
2026-01-24 19:17:07,PUNE,Cloudy,0.49,5.42,1.4,41.3,82.0
2026-03-23 12:20:55,PUNE,Cloudy,0.44,6.05,0.5,26.2,40.6
2026-02-27 12:28:47,PUNE,Clear,0.2,8.69,0.6,29.7,56.9
2026-06-01 13:12:20,PUNE,Rain,0.56,3.7,1.5,19.7,70.0
2026-06-23 16:53:11,PUNE,Clear,0.64,4.19,0.3,20.3,33.6
2026-06-21 04:21:50,PUNE,Clear,0.21,8.0,0.9,16.0,77.3
2026-05-13 20:37:51,PUNE,Cloudy,0.38,6.79,1.1,33.2,45.7
2026-04-13 17:11:35,PUNE,Clear,0.49,5.3,1.4,23.5,86.0
2026-06-06 22:09:34,PUNE,Clear,0.37,6.71,1.2,25.9,84.7
2026-03-21 21:01:55,PUNE,Rain,0.19,7.59,13.1,20.6,60.2
2026-03-25 18:50:13,PUNE,Clear,0.33,6.48,0.9,16.0,51.1
2026-04-15 18:49:29,PUNE,Clear,0.34,6.39,1.4,2.6,81.9
2026-04-09 21:56:55,PUNE,Clear,0.02,9.42,1.0,24.3,31.6
