timestamp,current_station,weather,fog_index,visibility_km,rainfall_mm,temperature_c,humidity_percent
2026-06-01 16:18:15,RTM,Cloudy,0.3,8.51,0.4,24.5,76.5
2026-05-19 00:29:51,RTM,Clear,0.6,4.84,1.4,27.8,68.6
2026-05-12 15:26:52,RTM,Cloudy,0.04,9.8,0.1,1.8,74.7
2026-01-20 03:15:27,RTM,Rain,0.14,6.87,0.2,38.6,74.8
2026-05-25 20:08:35,RTM,Clear,0.42,5.9,0.7,17.2,61.1
2026-04-14 20:50:29,RTM,Cloudy,0.33,6.76,0.1,20.1,56.4
2026-01-01 08:01:52,RTM,Clear,0.16,8.84,1.4,18.8,53.2
2026-01-08 10:32:07,RTM,Clear,0.51,6.13,1.2,38.4,39.6
2026-01-12 08:58:53,RTM,Clear,0.21,8.38,0.8,19.6,81.7
2026-02-06 22:43:53,RTM,Cloudy,0.3,7.26,0.3,35.3,41.4
2026-05-17 02:53:21,RTM,Fog,0.56,4.85,1.1,20.4,42.2
2026-03-25 01:13:51,RTM,Clear,0.18,7.71,1.5,33.0,49.2
2026-06-02 00:08:14,RTM,Clear,0.36,7.09,0.3,19.7,49.5
2026-01-18 09:38:42,RTM,Fog,0.57,5.11,0.4,15.4,84.5
2026-03-21 04:00:33,RTM,Rain,0.35,6.09,0.7,22.8,63.3
2026-04-09 11:02:44,RTM,Fog,0.54,5.21,0.3,16.5,82.4
2026-06-23 20:52:27,RTM,Clear,0.1,8.7,1.1,23.7,67.1
2026-03-23 20:30:14,RTM,Clear,0.42,6.87,0.8,9.1,29.0
2026-01-09 01:41:30,RTM,Clear,0.21,8.35,0.7,32.2,77.3
2026-03-26 11:44:42,RTM,Clear,0.13,8.87,1.2,22.3,90.4
2026-05-28 01:49:02,RTM,Cloudy,0.31,7.14,0.9,19.4,75.6
2026-06-06 04:53:37,RTM,Clear,0.52,5.58,0.6,28.5,52.8
2026-03-31 02:09:16,RTM,Clear,0.07,9.99,1.5,30.6,44.8
2026-01-01 12:01:25,RTM,Clear,0.33,7.13,0.8,22.5,77.6
2026-06-17 14:38:09,RTM,Clear,0.41,6.42,1.5,25.7,55.6
2026-01-10 20:25:21,RTM,Cloudy,0.19,7.84,0.1,34.3,53.0
2026-05-08 20:20:14,RTM,Clear,0.33,7.21,0.4,7.2,39.3
2026-06-07 14:57:46,RTM,Cloudy,0.32,7.29,0.7,30.8,84.2
2026-04-06 08:29:30,RTM,Clear,0.37,7.43,0.8,18.2,61.3
2026-02-04 07:12:20,RTM,Rain,0.74,1.53,19.2,29.0,50.1
2026-05-31 03:34:17,RTM,Clear,0.16,8.38,0.1,30.1,65.4
2026-01-31 00:42:02,RTM,Clear,0.34,7.4,1.3,26.5,80.1
2026-01-27 13:30:33,RTM,Clear,0.42,6.53,1.0,28.5,71.9
2026-03-23 19:46:57,RTM,Clear,0.18,8.76,0.6,21.8,51.8
2026-04-17 06:36:47,RTM,Clear,0.27,7.39,1.3,18.2,73.5
2026-02-03 13:29:46,RTM,Clear,0.31,7.1,0.3,24.9,65.3
2026-01-07 01:13:26,RTM,Fog,0.6,4.42,0.9,9.3,79.7
2026-01-28 12:38:04,RTM,Clear,0.24,6.6,0.4,22.7,48.0
2026-05-06 12:20:35,RTM,Clear,0.2,8.19,1.3,24.3,28.6
2026-05-10 22:35:20,RTM,Clear,0.03,10.5,0.0,27.0,66.2
2026-03-13 13:10:36,RTM,Clear,0.17,8.95,1.0,18.8,61.1
2026-01-14 19:45:15,RTM,Cloudy,0.1,9.16,1.2,39.6,75.9
2026-06-11 15:36:50,RTM,Clear,0.48,6.2,0.4,23.9,82.1
2026-06-24 19:09:02,RTM,Clear,0.1,9.4,0.6,21.0,25.3
2026-02-28 11:14:00,RTM,Fog,0.65,3.94,0.6,11.7,58.1
2026-04-18 15:56:42,RTM,Clear,0.26,7.71,1.3,10.9,57.9
2026-06-04 03:48:23,RTM,Clear,0.3,7.2,1.1,19.7,57.6
2026-03-10 03:18:51,RTM,Rain,0.19,6.95,5.0,36.5,56.2
2026-01-26 20:04:51,RTM,Cloudy,0.39,6.21,0.8,19.6,45.8
2026-03-03 07:10:51,RTM,Clear,0.25,8.28,1.0,35.3,88.5
2026-05-20 13:28:04,RTM,Clear,0.06,8.99,0.1,3.0,71.7
2026-06-28 04:32:40,RTM,Clear,0.26,7.11,0.8,9.4,59.0
2026-01-06 09:10:27,RTM,Cloudy,0.46,5.45,0.0,22.0,62.1
2026-03-05 06:14:08,RTM,Clear,0.58,5.38,0.2,16.2,47.8
2026-05-04 00:47:47,RTM,Rain,0.18,7.71,19.9,27.6,58.1
2026-04-06 05:00:37,RTM,Clear,0.29,7.41,1.3,29.2,55.6
2026-06-11 19:50:13,RTM,Cloudy,0.12,9.24,0.9,32.0,65.1
2026-04-03 06:38:51,RTM,Clear,0.39,5.23,0.0,24.1,69.4
2026-06-28 18:33:11,RTM,Clear,0.47,5.82,0.8,28.0,49.9
2026-04-24 14:14:40,RTM,Clear,0.07,9.33,1.3,25.3,40.3
2026-05-23 12:21:00,RTM,Fog,0.49,5.37,0.2,32.4,90.0
2026-06-27 23:12:16,RTM,Cloudy,0.37,6.51,1.3,14.9,44.0
2026-03-21 00:00:35,RTM,Rain,0.39,5.28,2.1,25.5,59.2
2026-02-01 08:03:20,RTM,Clear,0.14,8.69,1.3,43.0,71.3
2026-01-05 10:13:54,RTM,Clear,0.21,7.72,0.1,30.4,57.3
2026-02-15 20:56:33,RTM,Fog,0.44,6.16,0.8,39.4,94.4
2026-04-11 07:28:56,RTM,Clear,0.04,9.61,0.1,47.0,84.7
2026-02-06 04:02:08,RTM,Clear,0.36,6.43,0.9,25.9,70.9
2026-05-16 06:24:24,RTM,Clear,0.36,7.29,1.4,25.5,42.4
2026-06-16 14:46:10,RTM,Clear,0.08,10.09,0.9,14.6,70.0
2026-04-26 08:53:05,RTM,Clear,0.18,8.7,0.3,34.4,80.6
2026-05-29 20:18:26,RTM,Cloudy,0.39,7.88,0.8,39.3,64.7
2026-06-15 23:01:48,RTM,Clear,0.24,7.76,0.6,22.5,67.8
2026-03-13 12:56:01,RTM,Clear,0.06,10.17,1.0,24.8,60.0
2026-04-22 15:38:28,RTM,Fog,0.46,6.67,0.6,30.7,85.7
2026-05-16 03:49:43,RTM,Fog,0.87,2.34,0.3,28.7,56.8
2026-02-08 02:41:05,RTM,Cloudy,0.18,8.34,0.7,27.3,33.5
2026-03-06 17:42:03,RTM,Clear,0.25,7.78,0.7,15.9,100.0
2026-05-05 08:43:32,RTM,Cloudy,0.18,9.17,1.5,24.1,100.0
2026-02-14 04:35:48,RTM,Cloudy,0.57,4.81,0.2,21.2,85.8
2026-02-11 07:36:15,RTM,Clear,0.09,9.24,0.7,9.0,59.0
2026-06-15 08:33:40,RTM,Clear,0.37,5.8,0.7,22.3,81.3
2026-02-28 00:26:06,RTM,Clear,0.73,3.28,0.0,12.3,85.5
2026-02-10 10:57:18,RTM,Clear,0.45,5.76,0.4,26.1,70.5
2026-01-16 09:19:33,RTM,Clear,0.29,7.85,0.7,9.3,66.3
2026-03-14 01:08:44,RTM,Clear,0.26,8.29,0.7,26.9,64.5
2026-02-27 19:09:11,RTM,Fog,1.0,0.3,0.1,-1.2,67.9
2026-04-24 03:15:23,RTM,Clear,0.19,8.41,1.2,29.6,65.1
2026-01-09 07:19:22,RTM,Cloudy,0.36,7.08,1.2,12.5,80.9
2026-02-18 19:01:23,RTM,Rain,0.18,7.21,13.0,28.7,52.9
2026-04-12 14:36:01,RTM,Clear,0.07,10.09,0.3,32.6,50.7
2026-03-10 21:46:08,RTM,Cloudy,0.17,8.96,1.1,13.9,66.2
2026-06-20 13:37:22,RTM,Clear,0.43,7.04,1.1,21.8,81.8
2026-02-20 13:43:38,RTM,Clear,0.12,9.43,0.7,29.1,65.7
2026-02-01 18:17:54,RTM,Clear,0.37,6.4,1.5,15.5,49.0
2026-06-29 04:28:58,RTM,Cloudy,0.29,7.61,0.4,30.3,67.6
2026-03-26 17:05:46,RTM,Cloudy,0.27,8.55,0.1,43.0,66.1
2026-06-05 22:08:57,RTM,Clear,0.33,7.21,0.2,12.2,72.3
2026-06-30 09:01:24,RTM,Clear,0.32,7.49,0.1,32.6,94.3
2026-04-21 03:41:32,RTM,Clear,0.36,6.34,1.4,5.5,81.4
2026-03-29 01:26:27,RTM,Clear,0.05,9.3,0.0,27.3,52.9
2026-05-18 22:07:37,RTM,Clear,0.35,6.74,1.0,28.6,71.1
2026-01-30 10:59:01,RTM,Cloudy,0.32,7.9,0.7,34.2,44.0
2026-02-06 10:44:17,RTM,Cloudy,0.3,6.87,0.2,2.3,90.8
2026-02-02 19:20:14,RTM,Clear,0.09,8.92,0.0,30.3,68.9
2026-05-26 18:29:35,RTM,Clear,0.62,5.25,0.0,30.0,100.0
2026-04-02 20:41:25,RTM,Rain,0.33,6.36,8.1,30.4,76.8
2026-05-25 11:54:34,RTM,Rain,0.45,4.94,9.8,22.1,100.0
2026-05-12 18:43:09,RTM,Clear,0.36,7.57,1.4,26.3,39.4
2026-05-01 01:55:33,RTM,Cloudy,0.46,5.39,0.8,11.9,55.9
2026-06-19 09:43:07,RTM,Rain,0.29,6.15,2.8,29.8,60.5
2026-03-31 22:03:19,RTM,Clear,0.3,7.34,0.1,25.0,94.5
2026-04-11 07:29:33,RTM,Clear,0.17,8.62,1.4,34.6,58.0
2026-05-04 19:46:23,RTM,Clear,0.19,8.31,0.9,25.1,52.0
2026-02-06 03:22:17,RTM,Fog,0.63,4.95,0.7,28.0,92.9
2026-06-24 12:32:09,RTM,Cloudy,0.1,9.33,0.9,35.6,86.8
2026-03-01 16:26:33,RTM,Cloudy,0.33,7.51,0.8,29.0,78.0
2026-06-23 21:04:46,RTM,Rain,0.16,6.94,5.5,31.4,57.1
2026-05-20 00:33:59,RTM,Clear,0.78,3.33,0.3,14.8,58.2
2026-06-28 05:22:50,RTM,Clear,0.12,8.92,1.3,25.8,66.7
2026-03-04 12:14:06,RTM,Cloudy,0.48,5.26,1.0,24.6,100.0
2026-03-28 00:17:31,RTM,Clear,0.32,7.44,0.1,15.2,81.7
2026-03-24 20:54:06,RTM,Clear,0.1,9.13,0.5,30.3,78.0
2026-01-06 15:57:06,RTM,Clear,0.04,9.34,1.5,24.7,55.8
2026-06-12 16:37:18,RTM,Cloudy,0.37,6.43,1.0,30.5,82.1
2026-04-03 12:32:32,RTM,Fog,0.77,3.3,0.5,19.4,82.3
2026-01-28 00:26:11,RTM,Clear,0.17,9.07,1.5,18.2,56.8
2026-01-02 07:52:56,RTM,Clear,0.04,10.74,0.5,22.4,90.9
2026-02-25 13:43:42,RTM,Clear,0.37,7.11,0.7,24.5,57.8
2026-01-15 00:51:30,RTM,Fog,0.88,2.11,1.1,18.3,59.1
2026-02-24 17:23:56,RTM,Cloudy,0.05,10.58,0.3,30.6,51.4
2026-02-09 18:15:37,RTM,Clear,0.37,7.2,0.5,27.2,80.4
2026-03-01 17:18:53,RTM,Cloudy,0.16,7.95,1.2,36.4,74.5
2026-04-23 05:20:59,RTM,Rain,0.16,7.91,9.3,28.4,71.5
2026-01-29 15:06:50,RTM,Clear,0.1,9.58,1.3,16.7,41.4
2026-05-21 00:14:47,RTM,Rain,0.41,5.03,14.6,19.8,97.3
2026-06-05 00:49:15,RTM,Clear,0.39,7.18,0.8,22.4,69.0
2026-02-19 00:01:15,RTM,Cloudy,0.17,9.66,1.3,26.0,76.1
2026-01-11 00:55:21,RTM,Cloudy,0.37,7.25,0.9,13.3,68.1
2026-03-23 06:38:05,RTM,Clear,0.07,9.03,0.2,16.2,36.3
2026-03-04 15:43:38,RTM,Clear,0.12,9.33,1.4,33.1,44.4
2026-03-22 08:53:18,RTM,Clear,0.32,7.7,0.2,38.9,93.0
2026-06-22 06:05:29,RTM,Clear,0.2,8.48,0.7,16.8,90.5
2026-06-21 11:38:49,RTM,Cloudy,0.19,9.24,0.0,6.1,66.7
2026-05-12 18:30:44,RTM,Cloudy,0.59,4.91,0.5,32.0,98.6
2026-03-19 03:17:10,RTM,Clear,0.29,7.53,1.2,29.1,91.9
2026-05-11 02:50:44,RTM,Clear,0.48,6.07,0.2,33.5,83.9
2026-05-28 02:38:14,RTM,Fog,0.59,4.86,1.4,7.0,85.0
2026-02-04 02:00:59,RTM,Clear,0.37,7.06,0.6,25.4,46.9
2026-03-04 05:58:09,RTM,Cloudy,0.09,9.62,0.9,37.5,66.8
2026-05-01 02:43:31,RTM,Rain,0.7,2.65,9.1,21.2,68.9
2026-05-25 06:40:14,RTM,Clear,0.13,9.33,0.3,26.5,67.4
2026-05-19 08:04:42,RTM,Clear,0.42,5.65,1.0,22.1,61.9
2026-03-12 21:11:18,RTM,Cloudy,0.36,7.48,0.6,20.5,87.0
2026-01-03 19:49:02,RTM,Clear,0.65,5.16,0.1,10.6,83.8
2026-05-18 08:43:56,RTM,Fog,0.57,4.79,1.1,25.1,57.7
2026-04-01 19:13:35,RTM,Clear,0.62,4.36,0.7,42.9,97.7
2026-03-14 23:57:37,RTM,Clear,0.33,7.04,0.4,34.9,65.1
2026-04-06 15:15:17,RTM,Fog,0.52,5.27,1.4,21.4,69.1
2026-03-06 17:33:14,RTM,Clear,0.13,8.88,0.9,19.3,70.7
2026-04-30 01:49:10,RTM,Fog,0.68,4.12,1.2,21.0,73.2
2026-03-18 06:50:58,RTM,Cloudy,0.32,7.39,0.9,25.3,100.0
2026-03-18 09:20:28,RTM,Clear,0.27,8.13,0.0,41.3,51.2
2026-02-21 04:13:17,RTM,Cloudy,0.24,8.3,1.5,43.9,86.6
2026-01-03 15:48:58,RTM,Clear,0.12,8.58,1.0,14.9,78.2
2026-04-16 16:05:04,RTM,Rain,0.41,5.9,7.9,21.6,63.2
2026-02-21 19:21:46,RTM,Cloudy,0.32,7.34,1.1,34.7,100.0
2026-04-02 08:28:31,RTM,Clear,0.34,7.49,0.1,34.6,48.6
2026-01-15 03:38:58,RTM,Clear,0.19,8.79,0.2,1.6,68.8
2026-03-18 18:47:45,RTM,Rain,0.24,6.46,2.6,20.5,87.8
2026-04-12 08:26:47,RTM,Fog,0.68,3.57,0.8,34.7,56.2
2026-01-28 05:17:37,RTM,Clear,0.2,9.0,0.1,2.0,49.0
2026-04-12 06:10:54,RTM,Rain,0.26,7.34,9.2,16.1,60.0
2026-02-08 18:38:07,RTM,Clear,0.27,7.63,0.2,17.0,95.2
2026-04-06 19:07:30,RTM,Clear,0.25,7.05,1.5,4.8,29.6
2026-02-20 19:30:02,RTM,Clear,0.43,6.03,1.2,28.4,90.4
2026-02-18 21:58:03,RTM,Clear,0.15,8.82,0.8,24.7,67.2
2026-05-18 03:16:10,RTM,Clear,0.26,7.2,0.1,20.6,64.8
2026-02-15 21:09:30,RTM,Clear,0.37,7.45,1.4,29.3,88.4
2026-03-07 01:46:24,RTM,Clear,0.3,7.37,1.2,22.3,54.8
2026-01-12 07:42:20,RTM,Clear,0.11,8.46,0.7,29.0,49.9
2026-01-01 12:20:44,RTM,Clear,0.35,6.92,0.5,17.7,59.2
2026-05-25 10:52:33,RTM,Clear,0.4,7.05,0.9,20.3,67.0
2026-04-19 20:37:41,RTM,Clear,0.07,8.77,1.0,29.0,34.9
2026-04-18 07:46:17,RTM,Clear,0.19,8.87,0.7,32.4,88.6
2026-01-27 22:30:42,RTM,Fog,0.68,4.26,1.2,17.0,71.1
2026-01-10 13:30:49,RTM,Cloudy,0.42,5.98,1.5,25.1,42.6
2026-01-09 23:10:53,RTM,Clear,0.54,5.65,0.6,29.4,96.8
2026-01-25 13:01:27,RTM,Clear,0.3,7.12,1.4,30.5,71.0
2026-05-09 11:09:49,RTM,Clear,0.31,7.47,0.4,24.6,84.1
2026-06-19 22:17:43,RTM,Clear,0.35,6.88,1.4,24.0,69.7
2026-01-03 20:50:56,RTM,Clear,0.43,6.37,0.9,20.9,76.2
2026-03-11 21:20:42,RTM,Cloudy,0.28,7.68,0.8,22.8,43.9
2026-01-13 22:12:38,RTM,Clear,0.19,9.31,1.0,25.5,45.0
2026-01-18 21:50:54,RTM,Clear,0.28,7.48,0.8,15.7,100.0
2026-01-17 02:21:24,RTM,Clear,0.35,7.43,1.3,24.1,93.8
2026-06-13 19:00:51,RTM,Fog,0.66,4.33,0.8,25.4,53.2
2026-06-13 16:05:47,RTM,Clear,0.09,9.29,0.0,20.4,86.1
2026-04-29 16:20:50,RTM,Fog,0.44,7.12,1.4,43.0,58.3
2026-02-10 21:45:20,RTM,Clear,0.6,5.03,0.9,26.8,93.5
2026-01-08 12:01:42,RTM,Clear,0.2,8.38,0.1,21.4,61.9
2026-01-17 08:27:06,RTM,Clear,0.17,8.28,0.3,20.7,77.3
2026-02-18 12:47:10,RTM,Rain,0.77,2.58,12.2,23.1,100.0
2026-01-04 03:58:30,RTM,Clear,0.33,6.67,1.3,15.2,89.8
2026-01-06 14:29:52,RTM,Cloudy,0.17,8.37,0.9,15.1,33.7
2026-04-20 13:50:20,RTM,Rain,0.33,5.62,3.1,16.9,62.0
2026-01-28 14:33:57,RTM,Fog,0.38,6.54,0.6,10.1,63.4
2026-03-31 08:58:20,RTM,Cloudy,0.21,7.57,0.6,17.7,99.6
2026-02-03 09:20:15,RTM,Fog,0.84,2.68,0.6,32.2,69.8
2026-06-14 03:33:37,RTM,Clear,0.75,3.51,1.3,21.4,82.9
2026-03-21 21:44:59,RTM,Clear,0.39,6.32,1.1,11.2,51.0
2026-06-08 06:19:47,RTM,Clear,0.42,6.47,1.0,24.7,50.0
2026-01-29 01:05:29,RTM,Cloudy,0.31,7.1,0.8,5.3,83.3
2026-05-09 05:15:07,RTM,Fog,0.52,6.0,0.3,27.7,76.9
2026-03-01 21:27:08,RTM,Cloudy,0.23,7.57,0.3,21.9,67.7
2026-05-20 09:51:25,RTM,Clear,0.19,8.77,1.1,25.3,94.0
2026-05-01 23:02:31,RTM,Clear,0.08,9.94,0.6,15.1,64.1
2026-01-26 02:37:50,RTM,Clear,0.39,7.3,0.1,26.3,52.5
2026-03-22 22:45:22,RTM,Clear,0.23,7.72,0.8,23.4,79.1
2026-01-28 06:42:18,RTM,Cloudy,0.29,7.11,0.7,20.7,71.3
2026-05-13 02:20:40,RTM,Fog,0.79,3.43,0.8,25.7,59.0
2026-05-18 05:38:49,RTM,Cloudy,0.72,4.34,1.0,22.8,54.5
2026-06-15 01:40:06,RTM,Clear,0.09,9.61,0.4,18.9,55.7
2026-02-28 14:36:11,RTM,Rain,0.29,6.17,11.0,27.7,95.0
2026-04-14 15:49:30,RTM,Rain,0.22,6.76,5.9,34.4,79.2
2026-04-18 11:40:36,RTM,Cloudy,0.38,7.08,0.4,26.9,39.8
2026-05-25 23:57:07,RTM,Clear,0.23,8.16,0.2,23.5,71.2
2026-05-28 20:35:58,RTM,Rain,0.27,6.72,9.6,30.7,67.9
2026-04-17 10:45:20,RTM,Clear,0.24,8.03,0.1,22.8,29.1
2026-06-05 17:46:54,RTM,Clear,0.28,7.8,0.2,9.2,83.5
2026-03-09 08:56:37,RTM,Cloudy,0.46,6.32,1.2,25.3,68.0
2026-05-19 11:47:55,RTM,Fog,1.0,0.62,0.3,26.6,73.8
2026-03-04 01:45:39,RTM,Cloudy,0.25,7.5,0.8,19.6,54.0
2026-02-09 09:42:28,RTM,Clear,0.22,9.09,1.3,40.1,83.0
2026-05-01 07:59:02,RTM,Fog,0.82,3.04,1.0,33.6,67.8
2026-06-15 16:47:05,RTM,Clear,0.48,6.14,0.3,19.2,37.3
2026-04-07 18:15:59,RTM,Clear,0.17,8.66,0.3,33.0,77.4
2026-05-30 10:46:46,RTM,Rain,0.63,3.3,2.6,19.0,39.1
2026-01-21 10:30:51,RTM,Clear,0.21,7.49,1.4,10.4,63.8
2026-05-01 12:28:14,RTM,Rain,0.18,6.97,7.2,28.9,56.2
2026-06-01 20:43:15,RTM,Fog,0.61,4.55,0.1,24.6,59.0
2026-04-12 16:40:18,RTM,Clear,0.21,8.54,0.2,19.1,73.5
2026-04-29 09:32:21,RTM,Clear,0.12,8.59,1.1,22.2,56.6
2026-02-17 08:53:25,RTM,Cloudy,0.27,7.73,0.9,20.3,42.6
2026-06-22 14:55:06,RTM,Clear,0.52,5.73,0.4,16.0,82.6
2026-03-09 07:16:46,RTM,Clear,0.02,9.28,1.2,25.6,74.2
2026-05-18 07:00:49,RTM,Clear,0.15,8.54,0.4,30.7,36.1
2026-03-28 23:23:13,RTM,Clear,0.58,4.61,0.1,20.1,55.6
2026-06-01 04:55:26,RTM,Rain,0.44,4.79,18.1,30.1,55.1
2026-02-20 11:05:04,RTM,Cloudy,0.36,7.47,1.5,28.1,59.0
2026-04-27 02:50:41,RTM,Fog,0.6,4.71,1.2,25.0,83.1
2026-06-01 11:57:20,RTM,Clear,0.28,7.45,1.1,42.3,67.0
2026-04-21 23:48:38,RTM,Clear,0.06,8.93,0.5,24.4,89.8
2026-01-24 13:18:11,RTM,Clear,0.13,9.86,1.3,13.5,67.8
2026-04-27 16:05:55,RTM,Cloudy,0.31,7.82,0.8,28.9,100.0
2026-01-12 15:26:43,RTM,Clear,0.57,4.9,0.1,34.8,45.9
2026-03-18 17:24:15,RTM,Cloudy,0.09,10.32,1.1,31.9,86.7
2026-01-21 08:33:55,RTM,Cloudy,0.25,8.18,0.8,32.8,55.9
2026-06-06 06:51:14,RTM,Clear,0.75,3.19,1.4,15.9,77.7
2026-06-17 22:59:50,RTM,Fog,0.75,4.01,0.7,27.1,81.0
2026-06-23 04:37:20,RTM,Clear,0.4,7.59,1.3,31.8,83.7
2026-06-28 11:01:44,RTM,Clear,0.49,6.18,1.1,26.8,68.3
2026-01-22 22:56:08,RTM,Cloudy,0.52,6.12,1.2,22.0,76.3
2026-04-13 01:06:00,RTM,Clear,0.05,9.5,1.1,16.7,61.5
2026-01-22 20:50:15,RTM,Rain,0.31,5.23,3.5,24.4,52.1
2026-03-20 21:02:59,RTM,Cloudy,0.25,8.01,0.5,24.5,48.7
2026-02-02 07:11:35,RTM,Clear,0.21,8.86,1.4,32.5,68.8
2026-06-13 17:45:30,RTM,Cloudy,0.18,8.4,1.3,17.1,30.1
2026-01-08 22:06:56,RTM,Clear,0.18,7.99,1.4,28.4,70.9
2026-06-27 20:42:57,RTM,Cloudy,0.2,8.98,0.5,16.9,58.8
2026-02-28 06:23:48,RTM,Clear,0.15,8.71,0.2,39.6,52.9
2026-03-27 05:29:54,RTM,Cloudy,0.3,7.65,1.3,22.5,40.5
2026-05-10 04:54:35,RTM,Clear,0.13,8.57,1.1,13.9,83.7
2026-04-03 06:38:13,RTM,Clear,0.18,7.46,0.8,15.4,45.0
2026-04-13 01:45:44,RTM,Clear,0.57,4.82,0.4,11.4,58.1
2026-05-01 16:41:17,RTM,Fog,0.87,2.67,1.1,28.4,70.9
2026-03-15 03:02:54,RTM,Clear,0.44,5.91,0.3,18.0,74.6
2026-06-12 15:49:53,RTM,Clear,0.28,7.54,0.6,13.9,84.6
2026-04-06 21:05:49,RTM,Fog,0.79,3.15,1.0,7.6,72.8
2026-01-24 07:56:51,RTM,Clear,0.21,8.62,0.5,10.6,68.4
2026-06-08 18:45:01,RTM,Clear,0.79,2.3,0.8,36.4,80.3
2026-04-23 05:55:22,RTM,Clear,0.14,8.83,0.8,28.7,46.7
2026-01-06 08:53:10,RTM,Clear,0.61,5.44,1.1,19.1,77.7
2026-04-27 11:43:51,RTM,Cloudy,0.14,8.48,0.8,25.6,61.5
2026-04-27 23:08:29,RTM,Rain,0.49,5.03,5.9,32.3,57.4
2026-03-19 04:41:39,RTM,Clear,0.31,7.43,1.1,13.6,50.0
2026-01-01 04:56:23,RTM,Cloudy,0.3,8.04,1.2,34.6,79.9
2026-06-09 02:05:47,RTM,Clear,0.14,8.7,0.0,27.8,66.5
2026-03-30 16:41:14,RTM,Cloudy,0.62,5.21,1.0,25.2,43.2
2026-04-26 16:28:35,RTM,Clear,0.2,8.06,1.3,24.5,84.4
2026-01-06 07:00:13,RTM,Clear,0.43,6.07,0.5,36.3,84.0
2026-03-21 10:56:35,RTM,Clear,0.19,8.19,0.2,20.5,90.3
2026-05-23 10:39:01,RTM,Fog,0.69,4.8,1.4,10.3,68.2
2026-01-10 12:53:10,RTM,Clear,0.27,7.74,1.2,24.4,53.0
2026-01-24 04:11:57,RTM,Clear,0.09,9.75,0.4,30.8,60.1
2026-03-11 12:41:36,RTM,Cloudy,0.17,8.62,1.1,24.7,43.1
2026-01-09 05:09:15,RTM,Clear,0.22,8.99,0.4,16.0,56.8
2026-01-10 16:01:35,RTM,Rain,0.45,5.18,11.8,24.4,76.1
2026-02-21 16:21:44,RTM,Fog,0.5,5.96,1.2,27.6,89.2
2026-02-25 08:12:31,RTM,Clear,0.36,7.06,0.5,18.8,54.8
2026-03-09 18:36:24,RTM,Rain,0.25,6.95,21.7,18.7,56.8
2026-04-02 22:21:23,RTM,Clear,0.29,7.6,1.4,31.3,67.7
2026-04-01 03:31:29,RTM,Clear,0.24,7.78,0.8,29.0,73.2
2026-02-20 19:46:30,RTM,Clear,0.28,7.2,0.2,25.3,74.5
2026-01-20 16:14:50,RTM,Clear,0.49,6.5,0.2,28.7,44.9
2026-06-14 02:28:06,RTM,Clear,0.48,6.22,0.9,31.3,90.7
2026-03-20 19:37:14,RTM,Clear,0.19,8.35,0.1,16.6,85.1
2026-01-04 01:30:21,RTM,Cloudy,0.27,6.99,1.0,30.4,73.2
2026-06-21 19:18:24,RTM,Clear,0.25,7.71,0.5,21.3,84.9
2026-01-12 04:44:48,RTM,Cloudy,0.14,8.75,1.4,28.7,42.5
2026-05-19 01:23:57,RTM,Cloudy,0.48,6.15,0.6,25.2,50.7
2026-04-14 02:29:56,RTM,Clear,0.39,8.24,0.9,4.6,66.6
2026-06-26 09:58:29,RTM,Cloudy,0.22,8.16,0.0,13.1,27.3
2026-06-06 16:57:26,RTM,Clear,0.61,5.18,0.8,21.4,85.3
2026-01-21 00:00:54,RTM,Clear,0.27,8.15,0.2,23.3,60.4
2026-05-17 12:20:59,RTM,Clear,0.18,8.21,0.7,29.6,39.7
2026-03-12 10:07:34,RTM,Cloudy,0.37,6.77,0.3,11.8,61.5
2026-04-12 11:12:44,RTM,Cloudy,0.07,9.23,1.3,17.6,86.7
2026-06-12 16:35:39,RTM,Rain,0.17,6.88,3.1,37.7,80.8
2026-01-05 21:21:35,RTM,Clear,0.16,9.69,0.3,19.8,52.3
2026-05-27 21:30:47,RTM,Cloudy,0.03,10.14,0.1,21.6,90.4
2026-06-21 23:51:44,RTM,Rain,0.42,5.43,14.6,27.9,37.2
2026-03-24 13:54:01,RTM,Clear,0.32,6.99,1.3,33.8,79.1
2026-05-18 14:41:20,RTM,Rain,0.03,8.18,0.7,29.9,100.0
2026-01-16 10:16:43,RTM,Rain,0.29,5.79,8.6,30.9,81.4
2026-04-15 16:19:44,RTM,Rain,0.23,6.04,9.2,21.1,65.3
2026-02-21 23:17:18,RTM,Clear,0.64,4.47,0.6,27.2,57.9
2026-01-02 14:14:26,RTM,Clear,0.19,8.32,0.1,37.4,42.6
2026-03-08 10:08:08,RTM,Clear,0.34,6.74,0.6,20.3,32.1
2026-04-11 13:28:44,RTM,Fog,0.61,4.97,1.2,15.1,65.9
2026-04-13 08:02:37,RTM,Clear,0.71,3.31,0.8,14.5,70.0
2026-02-14 05:14:35,RTM,Cloudy,0.45,6.21,1.0,32.7,80.4
2026-03-25 11:59:06,RTM,Clear,0.3,6.86,0.6,27.6,55.0
2026-06-23 05:29:53,RTM,Rain,0.54,4.49,9.1,15.0,58.1
2026-03-11 19:29:48,RTM,Cloudy,0.14,9.5,0.8,3.4,48.1
2026-03-14 06:52:40,RTM,Cloudy,0.45,5.62,0.4,35.1,69.9
2026-06-28 11:33:50,RTM,Clear,0.41,6.6,1.3,18.0,68.8
2026-02-20 06:02:23,RTM,Clear,0.22,7.93,0.2,28.5,95.3
2026-06-03 03:36:20,RTM,Rain,0.46,4.68,7.6,7.4,71.2
2026-04-06 16:16:34,RTM,Cloudy,0.21,7.92,1.2,15.8,48.8
2026-01-14 03:21:40,RTM,Clear,0.12,10.22,0.9,25.1,71.0
2026-03-05 05:10:43,RTM,Clear,0.39,7.27,0.2,31.6,68.8
2026-01-16 15:49:54,RTM,Cloudy,0.46,5.93,1.0,21.2,50.1
2026-01-04 12:12:16,RTM,Cloudy,0.13,9.75,1.1,19.7,59.2
2026-05-08 16:26:16,RTM,Clear,0.61,5.72,1.4,24.9,68.1
2026-02-24 12:40:07,RTM,Clear,0.23,8.11,1.0,12.2,80.9
2026-03-01 04:28:30,RTM,Cloudy,0.29,7.23,1.3,25.6,100.0
2026-02-24 02:32:48,RTM,Clear,0.03,10.17,1.3,13.1,71.5
2026-01-10 07:02:22,RTM,Cloudy,0.25,8.19,0.2,15.4,58.6
2026-02-16 19:05:29,RTM,Clear,0.19,8.75,0.6,25.4,84.8
2026-06-10 05:10:47,RTM,Cloudy,0.3,7.25,0.7,24.6,32.0
2026-02-19 02:30:49,RTM,Clear,0.25,8.36,1.0,23.6,52.5
2026-03-04 04:08:09,RTM,Rain,0.15,7.7,3.4,16.4,61.6
2026-04-07 02:38:24,RTM,Fog,0.72,3.57,0.6,31.8,70.0
2026-06-20 01:15:53,RTM,Clear,0.19,7.85,0.4,46.4,45.7
2026-02-15 08:07:00,RTM,Clear,0.25,8.01,1.2,23.5,88.7
2026-03-06 20:08:23,RTM,Fog,0.62,4.49,1.4,30.2,83.9
2026-01-01 22:22:15,RTM,Clear,0.57,4.46,0.3,26.7,58.7
2026-04-27 18:39:14,RTM,Cloudy,0.43,6.51,0.1,6.5,89.4
2026-06-11 10:33:22,RTM,Clear,0.2,7.8,0.0,19.2,47.5
2026-03-29 19:15:50,RTM,Fog,0.57,5.6,1.1,16.9,74.3
2026-04-14 11:38:02,RTM,Fog,0.72,2.89,0.8,19.6,91.0
2026-03-21 14:28:49,RTM,Rain,0.11,8.93,2.3,31.2,95.7
2026-04-09 23:30:47,RTM,Clear,0.49,6.15,0.3,23.5,46.6
2026-03-24 16:26:40,RTM,Clear,0.23,7.73,1.2,37.8,60.2
2026-04-02 10:46:05,RTM,Rain,0.29,6.62,10.2,20.8,69.7
2026-02-11 05:13:11,RTM,Cloudy,0.23,7.31,1.4,20.8,85.9
2026-01-25 18:49:36,RTM,Rain,0.28,6.51,2.9,18.8,43.8
2026-04-14 07:07:53,RTM,Cloudy,0.12,9.03,1.0,25.9,43.7
2026-05-15 03:33:37,RTM,Clear,0.77,3.21,1.4,23.0,60.8
2026-01-18 10:39:26,RTM,Clear,0.26,7.9,0.5,29.1,100.0
2026-01-12 05:40:32,RTM,Fog,0.45,6.35,0.3,25.8,58.8
2026-03-26 07:53:39,RTM,Clear,0.18,7.98,1.3,20.0,54.2
2026-02-24 23:32:21,RTM,Clear,0.06,9.31,0.0,30.1,25.7
2026-04-23 01:41:39,RTM,Clear,0.45,6.12,1.4,21.5,59.1
2026-04-22 13:36:27,RTM,Clear,0.35,7.31,0.9,29.1,68.7
2026-02-17 07:46:21,RTM,Clear,0.46,5.58,0.2,21.8,55.6
2026-02-18 17:14:50,RTM,Cloudy,0.16,8.51,0.6,40.9,85.5
2026-02-15 17:10:02,RTM,Rain,0.04,9.16,5.5,30.0,67.6
2026-04-20 22:26:55,RTM,Clear,0.28,8.01,1.0,23.5,74.7
2026-05-20 00:20:38,RTM,Clear,0.36,7.43,1.0,25.2,69.6
2026-05-13 07:36:19,RTM,Fog,0.78,3.55,0.4,24.0,78.6
2026-04-08 12:31:05,RTM,Clear,0.39,7.17,0.4,27.3,82.3
2026-04-29 05:20:13,RTM,Clear,0.15,8.67,1.2,5.5,69.4
2026-03-06 15:24:45,RTM,Clear,0.4,6.69,0.3,27.3,70.1
2026-03-24 23:52:00,RTM,Clear,0.12,8.43,1.1,27.6,78.5
2026-04-25 15:10:59,RTM,Fog,0.58,5.32,1.3,26.0,56.8
2026-01-13 23:16:04,RTM,Clear,0.4,5.93,0.5,4.5,68.2
2026-06-16 01:58:47,RTM,Clear,0.23,7.78,0.2,24.2,52.1
2026-04-19 19:08:08,RTM,Clear,0.06,9.62,0.2,15.2,74.0
2026-01-02 23:30:40,RTM,Cloudy,0.47,5.89,0.7,35.7,68.1
2026-03-27 17:39:26,RTM,Clear,0.52,5.33,0.4,23.1,71.2
2026-04-22 22:25:25,RTM,Clear,0.09,9.26,1.3,40.3,46.5
2026-01-04 02:25:37,RTM,Clear,0.25,7.59,0.5,40.4,75.0
2026-04-04 00:47:14,RTM,Fog,0.59,4.81,1.3,37.3,78.4
2026-01-04 14:47:57,RTM,Clear,0.11,9.69,0.7,19.2,52.6
2026-04-20 05:18:36,RTM,Rain,0.2,7.39,3.6,28.3,63.1
2026-04-22 13:58:50,RTM,Clear,0.23,7.98,1.4,7.3,50.4
2026-03-09 05:21:49,RTM,Cloudy,0.07,9.74,1.3,34.8,81.3
2026-05-09 19:06:10,RTM,Fog,0.5,5.83,1.2,29.4,54.4
2026-02-03 04:53:51,RTM,Clear,0.4,6.45,0.5,25.5,76.2
2026-02-18 00:23:58,RTM,Fog,0.9,3.18,0.1,32.5,90.3
2026-05-13 08:04:54,RTM,Cloudy,0.36,6.44,0.9,46.1,85.9
2026-04-04 06:03:54,RTM,Cloudy,0.33,7.27,0.2,12.6,84.1
2026-04-18 17:42:17,RTM,Fog,0.44,5.91,0.8,21.8,79.1
2026-05-03 11:31:34,RTM,Rain,0.64,3.52,7.1,23.6,100.0
2026-04-09 00:05:56,RTM,Fog,0.48,6.37,1.2,21.1,37.9
2026-05-10 06:46:49,RTM,Cloudy,0.15,8.61,0.0,30.1,47.3
2026-03-25 16:19:23,RTM,Clear,0.21,9.08,0.1,33.1,80.1
2026-03-05 09:41:39,RTM,Clear,0.58,5.69,0.1,21.9,50.8
2026-01-20 19:13:28,RTM,Clear,0.37,6.9,0.3,27.1,55.3
2026-05-22 14:20:24,RTM,Clear,0.52,5.36,1.3,33.6,88.5
2026-02-17 05:40:04,RTM,Clear,0.21,8.37,0.6,32.6,83.9
2026-05-31 23:58:27,RTM,Fog,0.69,4.86,0.8,15.9,61.5
2026-01-14 15:39:05,RTM,Fog,0.53,5.52,0.4,22.3,95.0
2026-02-15 16:07:28,RTM,Cloudy,0.26,5.88,0.7,25.6,80.4
2026-05-20 14:23:47,RTM,Rain,0.44,5.16,18.3,18.3,90.8
2026-02-11 22:51:29,RTM,Cloudy,0.42,6.16,0.8,14.1,70.4
2026-06-07 18:22:59,RTM,Rain,0.6,3.18,14.6,35.1,57.2
2026-06-22 14:23:25,RTM,Cloudy,0.04,9.93,1.3,16.2,49.0
2026-04-30 00:18:55,RTM,Clear,0.11,10.16,0.8,30.8,38.8
2026-03-27 01:31:31,RTM,Fog,0.65,4.53,1.1,28.2,66.5
2026-02-18 16:42:55,RTM,Clear,0.21,8.28,1.5,28.3,68.3
2026-06-13 17:55:51,RTM,Clear,0.5,6.77,1.2,9.4,78.9
2026-06-18 08:40:13,RTM,Cloudy,0.32,6.61,1.1,22.3,20.0
2026-04-01 12:53:44,RTM,Cloudy,0.36,7.44,0.4,21.2,78.2
2026-05-25 05:33:01,RTM,Clear,0.23,7.78,0.6,28.4,45.8
2026-04-11 22:45:56,RTM,Rain,0.35,6.2,14.5,34.0,80.7
2026-05-31 16:08:39,RTM,Clear,0.36,8.03,0.8,20.8,59.8
2026-04-24 03:32:31,RTM,Clear,0.12,8.86,1.2,19.4,73.9
2026-06-02 19:22:08,RTM,Clear,0.14,9.08,1.2,28.7,86.3
2026-02-10 17:08:50,RTM,Cloudy,0.03,9.95,1.4,31.9,59.6
2026-06-01 12:18:55,RTM,Cloudy,0.5,5.29,0.2,27.0,49.1
2026-01-16 08:52:22,RTM,Fog,0.91,2.15,0.2,12.7,94.9
2026-06-23 12:56:00,RTM,Clear,0.23,8.76,0.9,18.2,68.7
2026-06-29 07:05:37,RTM,Clear,0.24,8.51,0.7,21.3,60.7
2026-06-02 09:48:59,RTM,Clear,0.16,8.47,0.9,38.0,80.5
2026-02-17 19:05:40,RTM,Clear,0.37,7.07,0.0,12.2,73.8
2026-01-06 08:51:43,RTM,Cloudy,0.64,4.96,0.7,22.3,61.3
2026-02-19 10:19:44,RTM,Fog,0.5,5.66,0.8,17.6,70.8
2026-04-09 04:01:45,RTM,Rain,0.32,5.78,7.7,23.1,65.4
2026-06-12 00:30:00,RTM,Clear,0.25,7.34,0.1,25.4,78.0
2026-03-28 15:24:19,RTM,Rain,0.53,3.79,8.0,27.9,82.2
2026-01-16 13:00:14,RTM,Clear,0.12,8.81,0.3,24.6,48.0
2026-01-21 15:48:55,RTM,Clear,0.24,7.26,0.7,21.7,64.2
2026-03-24 20:00:15,RTM,Clear,0.08,9.51,0.6,12.9,78.2
2026-05-23 07:37:45,RTM,Cloudy,0.49,6.2,0.0,20.3,36.3
2026-04-03 03:07:17,RTM,Clear,0.22,8.56,1.0,22.4,32.4
2026-06-26 04:10:48,RTM,Cloudy,0.27,8.04,1.4,5.1,84.5
2026-01-29 16:10:31,RTM,Cloudy,0.31,6.71,1.5,30.8,100.0
2026-04-13 18:08:22,RTM,Clear,0.24,7.99,0.4,11.3,72.7
2026-06-02 01:48:51,RTM,Clear,0.2,7.43,0.9,36.6,93.3
2026-05-16 19:00:16,RTM,Clear,0.17,8.15,0.5,26.3,100.0
2026-01-27 19:17:21,RTM,Clear,0.89,2.57,0.0,6.0,61.9
2026-01-06 16:33:11,RTM,Fog,0.64,4.41,0.9,30.8,87.5
2026-04-29 17:40:25,RTM,Cloudy,0.25,8.75,1.3,18.1,50.0
2026-03-31 10:02:59,RTM,Clear,0.22,8.12,0.6,28.8,77.6
2026-04-05 23:32:40,RTM,Fog,0.46,6.51,0.8,23.5,79.8
2026-01-25 10:37:37,RTM,Clear,0.13,9.76,0.3,23.9,58.5
2026-06-30 17:16:16,RTM,Clear,0.22,8.16,1.2,29.1,68.5
2026-04-03 04:38:20,RTM,Rain,0.31,6.36,5.7,17.7,68.6
2026-06-18 02:22:18,RTM,Clear,0.25,7.9,1.1,19.4,63.7
2026-06-15 12:11:58,RTM,Clear,0.28,7.89,1.0,38.9,100.0
2026-06-20 15:06:53,RTM,Fog,0.93,1.95,0.3,23.1,56.5
2026-03-02 05:52:18,RTM,Fog,0.64,4.07,0.6,32.3,65.6
2026-06-17 07:59:35,RTM,Cloudy,0.09,8.67,1.2,3.1,44.1
2026-04-16 04:01:49,RTM,Clear,0.17,8.34,1.1,33.8,53.3
2026-05-06 03:42:30,RTM,Clear,0.33,6.89,0.6,17.5,45.8
2026-01-09 13:57:11,RTM,Cloudy,0.43,6.74,0.8,13.1,37.1
2026-02-21 19:28:24,RTM,Fog,0.45,5.62,1.1,36.1,98.6
2026-01-20 22:27:39,RTM,Clear,0.11,10.0,0.6,28.0,62.1
2026-01-31 20:55:44,RTM,Clear,0.27,7.45,0.9,13.2,63.6
2026-06-09 11:03:57,RTM,Rain,0.14,7.51,8.7,14.5,67.9
2026-01-16 11:53:08,RTM,Fog,0.74,3.85,0.6,28.5,78.6
2026-05-30 00:03:12,RTM,Clear,0.07,9.85,0.8,24.1,49.6
2026-05-28 09:01:25,RTM,Clear,0.15,9.24,0.7,15.5,40.7
2026-05-30 02:36:09,RTM,Fog,0.53,5.18,0.4,25.6,84.5
2026-06-14 22:50:14,RTM,Clear,0.56,5.23,1.2,7.9,40.3
2026-01-01 03:50:20,RTM,Clear,0.37,7.13,1.3,24.0,76.1
2026-06-02 08:47:39,RTM,Cloudy,0.14,9.08,1.1,34.3,78.6
2026-03-20 14:23:38,RTM,Cloudy,0.24,7.65,0.6,19.8,60.2
2026-06-21 12:04:28,RTM,Clear,0.36,7.52,1.4,25.4,58.7
2026-06-03 09:37:48,RTM,Cloudy,0.22,8.99,0.0,21.8,85.8
2026-02-18 01:22:10,RTM,Clear,0.6,5.73,1.4,7.2,61.1
2026-06-16 12:26:01,RTM,Cloudy,0.33,7.55,0.7,38.0,53.1
2026-04-18 09:53:47,RTM,Fog,0.45,6.54,0.6,27.7,67.5
2026-02-02 08:01:08,RTM,Clear,0.11,9.88,1.1,26.4,56.8
2026-06-27 14:42:42,RTM,Clear,0.38,6.55,1.5,32.2,54.0
2026-03-05 14:29:41,RTM,Rain,0.24,7.21,7.5,18.4,41.1
2026-03-15 01:52:28,RTM,Clear,0.13,8.57,1.2,28.9,48.6
2026-03-22 20:44:50,RTM,Clear,0.23,8.59,1.1,22.5,85.4
2026-02-21 22:34:28,RTM,Cloudy,0.26,7.65,1.2,24.7,50.7
2026-04-16 07:27:12,RTM,Clear,0.48,5.69,0.7,26.7,59.2
2026-01-02 18:28:39,RTM,Cloudy,0.05,9.71,0.2,21.4,89.0
2026-04-28 20:58:22,RTM,Rain,0.28,6.51,4.9,26.9,60.9
2026-03-15 10:03:24,RTM,Clear,0.12,9.55,0.2,35.0,70.6
2026-04-18 19:52:22,RTM,Clear,0.58,4.6,0.5,29.9,50.3
2026-06-19 08:33:19,RTM,Cloudy,0.24,7.59,0.9,13.6,90.4
2026-06-02 02:05:18,RTM,Clear,0.02,9.83,0.5,29.7,63.1
2026-06-04 06:37:36,RTM,Clear,0.38,6.71,0.8,26.9,74.5
2026-04-12 01:08:06,RTM,Fog,0.57,4.3,0.9,24.7,77.8
2026-06-25 14:33:48,RTM,Clear,0.47,6.31,0.4,6.8,84.6
2026-01-02 19:39:39,RTM,Clear,0.04,9.42,1.0,26.0,59.9
2026-05-08 18:44:01,RTM,Clear,0.2,8.65,0.1,21.4,62.8
2026-03-31 02:16:09,RTM,Fog,0.67,4.48,0.5,34.5,25.8
2026-06-24 23:40:27,RTM,Clear,0.12,8.29,0.7,22.9,40.7
2026-04-23 00:40:32,RTM,Clear,0.61,4.6,1.4,12.7,40.2
2026-05-25 04:26:10,RTM,Clear,0.2,8.63,0.0,15.8,66.8
2026-01-23 21:04:18,RTM,Clear,0.32,7.95,1.2,20.4,76.9
2026-04-18 22:15:59,RTM,Rain,0.28,6.71,8.0,18.9,37.5
2026-05-13 10:25:12,RTM,Fog,0.59,5.66,0.7,20.1,73.7
2026-04-02 11:32:17,RTM,Cloudy,0.37,6.15,0.9,28.6,100.0
2026-03-15 17:16:16,RTM,Clear,0.29,7.36,1.3,43.0,61.5
2026-03-03 10:20:49,RTM,Clear,0.37,7.19,0.4,28.5,61.4
2026-02-09 18:50:02,RTM,Clear,0.41,6.54,0.5,30.1,77.6
2026-02-04 21:16:01,RTM,Clear,0.63,4.96,0.5,42.0,64.9
2026-01-17 02:10:24,RTM,Clear,0.02,9.36,0.8,19.2,55.7
2026-03-14 20:32:43,RTM,Clear,0.33,6.49,1.4,32.9,92.9
2026-04-26 08:10:23,RTM,Clear,0.36,7.66,0.2,27.0,80.6
2026-03-04 19:52:05,RTM,Clear,0.31,6.85,1.5,24.6,82.3
2026-04-28 19:17:17,RTM,Clear,0.23,7.98,0.6,28.0,28.1
2026-03-01 16:23:07,RTM,Fog,0.57,5.88,0.7,27.6,51.0
2026-06-05 14:44:20,RTM,Fog,0.44,6.19,0.1,18.1,74.2
2026-03-12 20:09:07,RTM,Clear,0.32,7.88,1.2,45.1,35.2
2026-06-04 17:14:31,RTM,Clear,0.13,8.49,1.2,21.7,58.2
2026-02-11 16:52:34,RTM,Cloudy,0.36,7.22,1.3,30.5,68.1
2026-01-05 17:36:15,RTM,Rain,0.35,6.01,23.8,31.6,92.8
2026-06-01 15:32:40,RTM,Cloudy,0.27,7.08,0.8,18.9,72.7
2026-02-10 14:39:26,RTM,Cloudy,0.38,6.4,1.2,29.2,85.0
2026-03-22 07:21:32,RTM,Clear,0.48,5.9,0.6,7.5,79.4
2026-04-30 13:29:28,RTM,Clear,0.2,8.0,0.5,14.8,68.6
2026-04-06 21:34:41,RTM,Cloudy,0.18,9.02,0.2,23.0,73.1
2026-01-23 03:29:53,RTM,Clear,0.34,7.25,1.0,18.7,74.8
2026-03-07 13:15:22,RTM,Clear,0.15,9.13,0.6,15.0,54.2
2026-02-25 00:03:50,RTM,Rain,0.43,5.58,3.2,38.7,69.1
2026-06-17 12:01:46,RTM,Clear,0.21,7.98,0.5,32.6,43.2
2026-01-11 20:32:34,RTM,Clear,0.33,7.64,1.2,27.1,78.9
2026-06-09 08:37:34,RTM,Clear,0.24,7.55,0.2,33.6,44.9
2026-03-03 07:26:49,RTM,Rain,0.2,6.9,12.9,31.0,72.3
2026-03-03 13:53:49,RTM,Rain,0.31,6.32,3.2,40.8,62.8
2026-01-28 13:21:07,RTM,Fog,0.58,5.09,1.1,17.0,43.4
2026-06-30 15:46:40,RTM,Clear,0.36,7.59,1.1,43.9,70.6
2026-02-17 02:38:45,RTM,Clear,0.06,9.29,1.4,22.5,68.5
2026-04-14 06:00:00,RTM,Clear,0.11,9.38,0.1,32.7,58.1
2026-02-21 00:39:00,RTM,Rain,0.31,6.36,10.1,32.6,52.9
2026-04-01 17:10:26,RTM,Cloudy,0.42,6.3,0.6,27.9,45.3
2026-03-05 13:58:10,RTM,Clear,0.13,8.95,0.7,9.0,61.3
2026-03-20 16:16:50,RTM,Cloudy,0.53,5.55,0.8,47.3,78.0
2026-05-27 04:36:13,RTM,Fog,1.0,2.06,0.5,25.8,59.7
2026-01-02 21:16:22,RTM,Rain,0.35,5.84,13.7,20.0,83.3
2026-04-30 03:43:45,RTM,Clear,0.11,8.77,1.4,27.2,39.1
2026-01-14 01:32:30,RTM,Clear,0.29,7.2,0.4,16.8,51.7
2026-05-06 19:54:11,RTM,Clear,0.54,5.29,1.0,29.5,56.8
2026-01-08 07:23:22,RTM,Cloudy,0.34,7.49,0.4,18.0,92.3
2026-04-20 10:46:44,RTM,Rain,0.47,4.6,2.6,33.9,62.2
2026-06-30 10:43:54,RTM,Cloudy,0.14,7.84,0.3,15.4,82.8
2026-06-11 18:54:23,RTM,Rain,0.57,3.57,4.2,21.4,51.9
2026-06-09 22:23:22,RTM,Fog,0.65,4.8,0.7,25.5,62.5
2026-04-24 13:53:17,RTM,Clear,0.4,7.3,1.2,28.6,100.0
2026-06-18 03:21:51,RTM,Clear,0.23,7.83,1.2,28.2,87.3
2026-05-20 06:45:05,RTM,Cloudy,0.3,7.71,0.6,14.7,61.1
2026-03-24 16:43:08,RTM,Rain,0.27,6.75,2.9,12.0,91.6
2026-03-08 07:26:58,RTM,Clear,0.28,7.67,0.8,40.6,87.4
2026-03-08 15:38:47,RTM,Clear,0.15,8.38,0.3,16.1,77.3
2026-05-05 18:01:42,RTM,Clear,0.47,6.13,0.0,25.4,73.4
2026-04-10 18:02:43,RTM,Fog,0.55,5.07,1.0,28.1,88.0
2026-06-22 16:40:50,RTM,Cloudy,0.23,7.76,1.3,24.2,70.4
2026-06-22 06:31:24,RTM,Cloudy,0.28,7.62,0.7,46.3,74.7
2026-06-19 14:50:15,RTM,Fog,0.66,4.17,0.6,21.7,63.5
2026-01-16 09:57:43,RTM,Rain,0.57,3.57,7.0,36.5,100.0
2026-06-13 16:01:52,RTM,Clear,0.14,9.1,1.1,28.6,71.3
2026-03-03 17:10:24,RTM,Clear,0.39,6.91,0.4,25.0,62.0
2026-02-12 04:23:07,RTM,Fog,0.6,5.6,0.1,29.7,84.0
2026-01-17 04:16:47,RTM,Cloudy,0.23,7.84,0.6,17.6,74.3
2026-04-19 10:28:59,RTM,Clear,0.06,9.99,1.2,20.7,62.7
2026-02-15 01:45:14,RTM,Cloudy,0.35,7.15,1.2,36.2,74.2
2026-04-12 20:14:04,RTM,Cloudy,0.17,7.99,1.0,27.0,77.4
2026-04-23 12:13:36,RTM,Cloudy,0.36,6.6,1.1,21.2,90.6
2026-01-02 01:26:07,RTM,Clear,0.03,10.3,0.6,36.2,74.8
2026-06-13 18:34:01,RTM,Clear,0.38,6.95,0.7,14.2,43.1
2026-06-09 14:52:45,RTM,Clear,0.22,8.45,1.3,27.4,62.3
2026-04-08 18:48:28,RTM,Fog,0.44,5.55,0.0,24.7,85.0
2026-04-16 14:36:16,RTM,Fog,0.39,5.93,0.0,30.0,57.3
2026-05-24 21:12:03,RTM,Cloudy,0.74,3.39,1.3,5.6,95.4
2026-02-19 08:21:11,RTM,Clear,0.59,5.11,0.3,22.8,77.6
2026-03-19 18:32:40,RTM,Clear,0.57,5.31,0.8,22.2,30.9
2026-05-14 21:10:03,RTM,Clear,0.2,8.91,1.5,31.4,60.7
2026-05-07 20:59:37,RTM,Clear,0.43,5.76,0.9,20.5,76.8
2026-02-23 12:40:30,RTM,Cloudy,0.29,6.93,0.6,10.3,89.5
2026-02-18 13:41:17,RTM,Clear,0.18,9.07,0.5,14.4,39.3
2026-04-21 04:48:03,RTM,Clear,0.59,4.95,0.1,25.5,75.1
2026-06-11 01:26:42,RTM,Clear,0.31,7.18,0.5,27.0,57.6
2026-03-05 07:30:13,RTM,Fog,0.68,4.07,1.3,26.5,77.3
2026-04-15 01:46:03,RTM,Clear,0.35,7.0,0.2,23.6,81.8
2026-05-08 20:44:26,RTM,Cloudy,0.05,10.27,0.1,25.1,71.9
2026-05-02 14:51:00,RTM,Clear,0.48,6.16,0.3,14.1,66.7
2026-06-30 07:27:55,RTM,Clear,0.59,5.32,0.6,26.5,48.0
2026-05-12 05:12:32,RTM,Clear,0.13,8.25,1.0,23.3,67.6
2026-06-10 19:21:43,RTM,Fog,0.49,5.81,0.2,22.8,83.1
2026-03-15 06:16:46,RTM,Clear,0.48,5.68,0.2,32.5,81.5
2026-06-14 23:20:10,RTM,Cloudy,0.38,6.73,0.3,20.4,52.5
2026-06-24 04:59:16,RTM,Clear,0.17,9.3,0.6,28.2,46.6
2026-02-25 13:28:04,RTM,Clear,0.34,7.7,1.1,19.2,59.4
2026-02-01 13:38:09,RTM,Fog,0.76,3.3,0.2,25.3,41.2
2026-02-14 01:18:15,RTM,Fog,0.73,3.83,0.7,39.0,96.8
2026-06-10 05:09:23,RTM,Clear,0.13,9.24,0.4,16.7,89.4
2026-03-04 13:21:21,RTM,Clear,0.56,4.85,0.3,19.3,20.0
2026-01-17 03:28:08,RTM,Clear,0.39,5.79,1.3,38.5,58.1
2026-02-25 23:40:05,RTM,Cloudy,0.26,7.86,0.9,25.1,74.7
2026-06-28 20:53:15,RTM,Cloudy,0.25,8.3,1.3,28.1,63.2
2026-06-15 02:55:44,RTM,Clear,0.11,8.71,1.3,34.3,47.5
2026-06-20 21:27:26,RTM,Clear,0.37,7.92,0.6,32.5,54.6
2026-06-05 05:31:34,RTM,Clear,0.42,6.49,0.5,21.1,63.1
2026-06-17 23:43:42,RTM,Clear,0.32,8.22,1.5,24.3,39.7
2026-06-22 18:54:18,RTM,Clear,0.13,8.51,0.7,3.9,51.6
2026-04-09 09:22:25,RTM,Clear,0.29,6.87,1.0,16.9,64.3
2026-06-17 09:27:31,RTM,Clear,0.03,10.41,0.9,29.4,55.7
2026-06-29 22:28:36,RTM,Fog,0.71,3.76,0.9,21.1,60.5
2026-01-04 11:16:02,RTM,Fog,0.54,5.82,0.7,14.8,76.4
2026-02-23 21:41:06,RTM,Fog,0.66,4.84,0.8,26.8,100.0
2026-04-09 03:32:24,RTM,Rain,0.32,6.07,17.4,24.2,76.4
2026-01-21 05:49:54,RTM,Clear,0.41,6.13,0.3,19.1,70.8
2026-05-02 17:14:35,RTM,Clear,0.32,7.54,0.7,14.2,70.2
2026-03-18 23:54:28,RTM,Clear,0.04,9.67,0.0,27.7,78.2
2026-04-03 05:37:39,RTM,Clear,0.07,8.67,0.1,13.8,100.0
2026-03-14 04:07:46,RTM,Fog,0.57,6.03,0.2,17.9,77.2
2026-02-09 23:39:22,RTM,Cloudy,0.36,7.13,1.4,30.2,62.9
2026-04-25 03:33:19,RTM,Clear,0.11,9.55,1.1,11.1,65.1
2026-02-19 19:37:17,RTM,Cloudy,0.46,6.45,1.0,20.5,67.1
2026-05-20 07:15:40,RTM,Fog,0.49,5.52,1.1,29.5,98.6
2026-03-11 20:39:16,RTM,Rain,0.25,7.26,2.2,19.3,24.6
2026-02-02 00:47:20,RTM,Clear,0.55,5.06,1.2,24.7,59.2
2026-04-13 00:42:35,RTM,Clear,0.4,6.8,1.0,9.3,73.1
2026-05-09 06:25:36,RTM,Rain,0.56,3.55,11.1,26.3,76.3
2026-06-18 09:52:22,RTM,Clear,0.34,7.23,0.4,34.2,80.6
2026-04-11 04:52:46,RTM,Clear,0.33,8.04,0.8,34.7,71.5
2026-05-06 00:54:20,RTM,Fog,0.51,5.14,1.2,32.1,87.4
2026-06-15 20:37:44,RTM,Fog,0.79,2.72,0.7,17.9,64.5
2026-03-09 00:28:51,RTM,Clear,0.03,9.77,1.4,26.7,86.4
2026-03-13 06:04:01,RTM,Cloudy,0.14,9.01,1.2,34.0,45.0
2026-05-07 06:30:56,RTM,Clear,0.24,7.76,1.5,8.5,75.5
2026-04-19 23:27:59,RTM,Clear,0.52,5.33,1.0,26.3,41.2
2026-03-14 10:08:46,RTM,Cloudy,0.28,8.66,1.4,21.5,98.3
2026-05-01 06:04:20,RTM,Cloudy,0.16,9.36,0.3,25.6,97.8
2026-04-02 00:23:59,RTM,Clear,0.05,9.49,1.1,32.6,52.5
2026-05-17 17:06:39,RTM,Fog,0.74,4.06,0.4,24.6,34.3
2026-05-02 07:14:43,RTM,Cloudy,0.14,8.27,0.4,27.0,53.0
2026-05-09 10:37:24,RTM,Clear,0.33,6.73,1.2,21.6,83.2
2026-05-10 23:37:02,RTM,Cloudy,0.08,9.31,1.2,31.7,50.3
2026-04-23 21:24:54,RTM,Cloudy,0.28,8.15,0.2,26.5,55.5
2026-06-04 17:51:06,RTM,Clear,0.05,8.72,1.2,18.4,82.8
2026-01-18 02:27:56,RTM,Clear,0.26,8.25,1.0,39.2,48.9
2026-06-03 19:18:10,RTM,Clear,0.3,7.2,0.7,34.3,33.4
2026-01-24 04:05:33,RTM,Clear,0.33,6.91,0.8,23.2,66.4
2026-03-12 18:02:39,RTM,Clear,0.46,6.38,0.3,2.5,93.9
2026-03-19 23:29:35,RTM,Rain,0.49,4.85,3.6,21.2,99.3
2026-06-28 22:55:44,RTM,Clear,0.81,3.49,1.0,2.8,59.6
2026-03-05 02:27:27,RTM,Fog,0.8,3.41,1.0,13.5,59.9
2026-01-20 14:40:16,RTM,Clear,0.18,8.81,0.9,30.2,72.0
2026-01-30 18:48:00,RTM,Clear,0.34,6.62,0.7,26.9,72.4
2026-03-07 08:33:01,RTM,Clear,0.12,9.12,0.3,26.8,45.4
2026-03-12 09:33:47,RTM,Clear,0.05,9.51,0.7,20.1,84.1
2026-03-31 09:50:27,RTM,Fog,0.76,2.62,0.2,6.3,85.0
2026-03-21 02:36:22,RTM,Clear,0.05,9.27,0.2,27.9,45.9
2026-04-10 13:20:41,RTM,Clear,0.09,9.28,1.4,37.1,60.5
2026-03-24 03:48:23,RTM,Fog,0.91,2.37,1.2,18.9,78.0
2026-03-29 18:56:51,RTM,Clear,0.49,6.13,0.1,35.0,72.2
2026-05-26 10:11:47,RTM,Cloudy,0.25,7.82,1.3,19.0,46.7
2026-04-22 01:03:26,RTM,Cloudy,0.15,9.95,0.9,8.9,62.4
2026-06-06 06:03:51,RTM,Cloudy,0.28,7.2,0.9,30.4,74.5
2026-05-09 05:32:22,RTM,Clear,0.16,7.83,0.7,11.8,68.2
2026-02-06 22:13:27,RTM,Clear,0.63,4.56,0.3,17.1,100.0
2026-02-05 19:22:32,RTM,Clear,0.56,5.66,1.1,16.2,73.3
2026-04-29 23:16:44,RTM,Clear,0.38,7.27,0.9,28.3,66.0
2026-01-28 15:39:24,RTM,Cloudy,0.16,8.18,0.7,33.9,87.1
2026-02-26 19:18:46,RTM,Clear,0.51,5.57,0.5,23.8,50.6
2026-02-05 14:51:33,RTM,Clear,0.47,5.66,1.4,17.7,77.4
2026-05-24 16:02:54,RTM,Clear,0.51,5.79,0.3,28.9,40.0
2026-02-16 19:09:21,RTM,Cloudy,0.12,8.45,1.5,27.2,66.7
2026-04-04 04:49:41,RTM,Clear,0.4,6.34,0.8,23.2,76.5
2026-03-23 08:45:10,RTM,Clear,0.25,7.21,1.5,44.5,96.4
2026-02-14 12:29:15,RTM,Clear,0.09,9.03,1.4,14.2,82.6
2026-04-08 10:34:31,RTM,Clear,0.04,10.29,0.2,23.0,49.2
2026-02-18 12:39:06,RTM,Rain,0.27,7.79,8.8,38.1,67.3
2026-05-07 03:46:38,RTM,Clear,0.58,5.08,0.1,33.1,48.8
2026-01-02 11:02:49,RTM,Clear,0.48,6.71,1.4,13.4,76.3
2026-01-26 02:50:15,RTM,Fog,0.59,4.96,0.6,18.9,71.0
2026-04-02 13:44:32,RTM,Clear,0.33,7.07,0.9,19.4,77.6
2026-05-29 19:43:30,RTM,Fog,0.45,6.72,0.5,7.1,60.9
2026-04-02 13:00:59,RTM,Cloudy,0.04,9.81,1.2,14.0,54.2
2026-05-24 23:20:14,RTM,Clear,0.29,7.44,0.9,39.5,48.5
2026-06-15 08:22:47,RTM,Cloudy,0.2,8.56,0.1,26.1,63.0
2026-03-10 21:19:59,RTM,Clear,0.15,9.71,0.7,43.1,80.8
2026-02-11 18:54:42,RTM,Clear,0.2,8.46,1.4,43.0,79.5
2026-06-16 10:44:20,RTM,Cloudy,0.31,6.95,1.4,26.9,49.8
2026-04-05 01:10:46,RTM,Clear,0.11,9.11,0.6,34.2,72.0
2026-04-17 21:58:20,RTM,Clear,0.16,9.06,0.0,21.5,93.3
2026-01-03 21:45:49,RTM,Clear,0.19,8.89,1.2,31.5,59.6
2026-04-29 06:58:57,RTM,Rain,0.26,6.34,9.6,17.5,64.5
2026-03-02 03:46:22,RTM,Clear,0.22,7.9,0.0,20.4,64.0
2026-02-11 10:21:46,RTM,Rain,0.14,7.49,7.9,32.1,38.5
2026-02-22 20:01:22,RTM,Cloudy,0.24,7.81,0.4,22.7,58.6
2026-03-15 04:13:22,RTM,Clear,0.05,9.63,1.0,24.8,56.7
2026-06-01 13:59:40,RTM,Rain,0.43,4.74,38.0,14.1,66.6
2026-02-17 00:03:30,RTM,Clear,0.26,7.91,0.3,20.0,66.6
2026-05-24 02:39:41,RTM,Rain,0.1,8.42,8.4,27.0,88.0
2026-04-03 22:26:57,RTM,Fog,0.63,4.76,1.1,23.6,81.9
2026-03-07 03:31:56,RTM,Clear,0.32,7.98,0.2,18.4,63.0
2026-01-24 09:03:53,RTM,Fog,0.46,6.25,0.8,15.9,90.6
2026-04-27 05:37:16,RTM,Clear,0.31,7.61,0.3,22.2,76.3
2026-06-02 02:46:22,RTM,Clear,0.26,7.35,0.4,16.1,59.8
2026-02-28 06:41:51,RTM,Clear,0.15,9.37,0.6,23.1,77.6
2026-01-31 12:52:22,RTM,Cloudy,0.21,7.77,1.4,15.5,92.7
2026-03-31 22:22:38,RTM,Clear,0.2,8.35,0.5,42.5,90.1
2026-02-12 07:56:23,RTM,Fog,0.89,1.56,0.7,17.8,47.0
2026-01-12 20:32:11,RTM,Cloudy,0.24,7.87,1.4,23.3,55.3
2026-04-26 15:41:52,RTM,Clear,0.13,9.57,0.1,12.2,67.5
2026-05-24 14:27:34,RTM,Clear,0.25,7.98,1.2,28.3,31.1
2026-03-11 00:37:45,RTM,Clear,0.25,8.76,0.3,30.5,52.8
2026-01-06 06:21:25,RTM,Clear,0.13,8.25,0.5,17.8,45.0
2026-03-19 11:21:47,RTM,Clear,0.2,8.24,1.0,19.4,65.3
2026-02-07 11:54:06,RTM,Clear,0.31,7.28,0.8,10.7,79.3
2026-05-14 21:55:08,RTM,Fog,0.73,4.15,1.4,26.8,84.8
2026-03-10 19:58:55,RTM,Rain,0.16,7.19,14.8,39.1,57.7
2026-06-13 19:07:38,RTM,Clear,0.21,8.94,0.1,16.6,50.6
2026-06-26 23:38:40,RTM,Clear,0.21,8.86,1.0,22.3,79.1
2026-03-07 15:35:39,RTM,Clear,0.45,6.03,0.7,29.3,20.5
2026-06-24 20:36:48,RTM,Rain,0.43,5.74,5.4,25.7,74.4
2026-05-11 01:19:18,RTM,Cloudy,0.3,7.54,1.4,26.4,56.4
2026-06-21 17:57:11,RTM,Clear,0.26,7.76,1.0,23.6,67.8
2026-05-19 05:52:04,RTM,Fog,0.52,6.0,1.3,19.7,87.5
2026-06-12 01:44:16,RTM,Fog,0.51,5.9,1.2,30.2,42.2
2026-01-31 20:02:40,RTM,Cloudy,0.39,6.48,1.0,20.7,51.4
2026-01-22 23:37:28,RTM,Cloudy,0.07,9.16,0.3,24.6,52.0
2026-03-08 11:28:01,RTM,Clear,0.1,8.78,1.4,20.7,61.7
2026-03-23 22:18:16,RTM,Clear,0.2,8.98,1.2,8.6,53.6
2026-02-04 16:12:46,RTM,Rain,0.19,6.67,9.0,23.7,76.1
2026-06-04 09:39:53,RTM,Clear,0.64,3.99,1.3,30.2,77.1
2026-01-10 12:03:15,RTM,Fog,0.86,2.54,0.4,11.5,49.2
2026-02-07 08:27:07,RTM,Clear,0.43,6.21,0.4,23.6,73.3
2026-03-27 17:22:07,RTM,Clear,0.24,9.12,0.7,21.6,46.9
2026-04-30 12:48:47,RTM,Cloudy,0.47,5.53,1.1,26.5,38.2
2026-05-02 19:55:27,RTM,Fog,0.44,6.01,0.0,7.9,50.0
2026-02-24 00:35:03,RTM,Clear,0.24,7.36,0.2,25.8,77.0
2026-02-08 14:37:57,RTM,Clear,0.44,5.88,1.3,28.3,41.7
2026-02-15 07:15:48,RTM,Clear,0.41,6.07,1.0,20.3,88.7
2026-04-23 18:40:58,RTM,Cloudy,0.6,4.68,1.3,16.7,69.8
2026-04-27 07:12:49,RTM,Cloudy,0.33,7.49,0.3,18.6,55.7
2026-03-26 06:13:53,RTM,Rain,0.57,3.49,12.2,29.5,58.0
2026-03-29 14:35:15,RTM,Clear,0.21,7.99,0.9,19.1,28.4
2026-05-21 00:40:21,RTM,Clear,0.58,5.08,0.4,19.3,100.0
2026-04-20 14:42:15,RTM,Clear,0.7,4.6,0.4,30.0,90.8
2026-02-18 08:26:47,RTM,Clear,0.17,9.03,0.0,21.2,90.2
2026-01-06 06:21:49,RTM,Clear,0.17,8.69,1.3,39.8,61.5
2026-06-21 18:24:05,RTM,Clear,0.42,6.94,1.3,9.1,50.1
2026-04-17 06:52:43,RTM,Clear,0.21,8.23,0.1,16.9,53.4
2026-05-15 14:38:44,RTM,Clear,0.2,8.47,1.3,24.3,45.8
2026-03-13 16:53:10,RTM,Fog,0.59,5.07,0.8,13.8,99.2
2026-05-20 02:04:08,RTM,Rain,0.36,4.83,15.0,26.0,50.5
2026-06-18 02:45:17,RTM,Clear,0.11,9.29,0.3,18.4,36.2
2026-02-02 11:24:00,RTM,Cloudy,0.61,4.89,0.2,22.2,76.8
2026-03-02 19:13:22,RTM,Rain,0.33,6.37,3.0,19.1,54.3
2026-02-06 22:49:01,RTM,Rain,0.22,6.32,11.0,13.3,36.0
2026-03-28 06:21:11,RTM,Clear,0.42,6.4,0.1,18.7,66.6
2026-02-23 04:37:43,RTM,Rain,0.18,6.98,5.0,23.9,52.0
2026-02-08 20:16:18,RTM,Rain,0.17,7.42,5.9,40.1,63.1
2026-03-01 19:00:18,RTM,Cloudy,0.31,7.94,1.1,22.5,85.3
2026-05-21 16:11:57,RTM,Clear,0.1,8.77,0.5,23.9,86.4
2026-01-23 20:47:12,RTM,Clear,0.6,4.6,0.9,16.0,68.8
2026-06-29 08:34:56,RTM,Cloudy,0.13,9.66,0.1,31.1,51.2
2026-05-20 12:02:59,RTM,Clear,0.32,6.5,0.6,29.8,58.6
2026-06-20 06:09:25,RTM,Cloudy,0.11,9.14,0.0,17.9,66.3
2026-02-17 08:29:48,RTM,Clear,0.12,9.07,0.1,15.3,90.2
2026-01-01 08:21:59,RTM,Rain,0.37,5.46,2.1,25.9,38.5
2026-03-31 12:06:57,RTM,Rain,0.2,6.71,3.0,19.9,57.6
2026-03-14 06:03:55,RTM,Clear,0.3,7.05,0.2,23.1,58.5
2026-02-26 12:35:04,RTM,Fog,0.95,0.94,0.7,31.3,60.9
2026-03-02 17:29:12,RTM,Clear,0.04,9.95,0.6,28.3,36.9
2026-05-20 08:41:46,RTM,Fog,0.65,4.68,0.2,24.4,52.9
2026-05-13 08:23:11,RTM,Clear,0.42,5.79,1.3,39.3,53.8
2026-02-10 23:32:37,RTM,Clear,0.04,9.01,0.6,24.8,60.9
2026-06-13 23:49:08,RTM,Clear,0.42,6.2,1.1,21.6,98.5
2026-05-14 23:30:18,RTM,Rain,0.39,5.4,2.6,31.4,100.0
2026-06-29 08:45:51,RTM,Cloudy,0.41,6.55,1.5,18.2,64.4
2026-03-03 13:32:56,RTM,Rain,0.11,9.39,1.1,42.1,45.3
2026-06-22 06:13:56,RTM,Clear,0.36,7.0,0.2,30.8,45.4
2026-02-14 07:51:49,RTM,Clear,0.3,7.18,0.4,32.3,100.0
2026-04-10 11:19:24,RTM,Clear,0.37,7.8,0.4,19.2,95.7
2026-01-21 05:52:00,RTM,Clear,0.4,6.25,0.8,30.4,66.9
2026-04-13 14:06:30,RTM,Fog,0.74,3.85,0.4,11.4,79.6
2026-02-01 12:39:59,RTM,Clear,0.46,5.62,1.1,21.8,89.6
2026-01-29 13:16:20,RTM,Clear,0.19,8.91,1.3,30.0,43.2
2026-06-04 11:48:12,RTM,Clear,0.33,6.77,0.0,12.0,78.2
2026-01-28 07:10:58,RTM,Clear,0.26,8.01,0.9,32.4,55.5
2026-01-21 21:34:38,RTM,Clear,0.18,9.7,1.4,31.1,33.9
2026-04-11 05:29:19,RTM,Clear,0.28,8.27,1.4,26.2,55.1
2026-06-07 22:07:00,RTM,Rain,0.3,6.06,5.3,12.1,80.6
2026-05-02 14:43:44,RTM,Clear,0.57,4.48,0.8,14.7,53.0
2026-04-02 14:42:34,RTM,Clear,0.36,7.33,0.5,26.9,77.0
2026-05-16 12:22:39,RTM,Clear,0.41,7.13,0.8,24.1,76.8
2026-04-27 07:26:39,RTM,Clear,0.52,5.78,1.0,32.9,59.9
2026-03-08 22:26:36,RTM,Clear,0.5,6.61,0.6,28.5,83.7
2026-06-25 22:21:04,RTM,Rain,0.22,7.01,7.3,1.4,87.6
2026-01-01 23:25:03,RTM,Cloudy,0.23,7.62,0.4,7.0,81.3
2026-01-21 00:53:46,RTM,Rain,0.5,4.54,0.1,31.4,20.0
2026-05-15 01:57:55,RTM,Clear,0.26,6.87,0.3,14.0,79.9
2026-06-11 12:17:28,RTM,Clear,0.17,9.29,0.2,26.2,38.1
2026-01-11 21:03:20,RTM,Rain,0.02,8.54,8.9,36.6,80.9
2026-05-17 10:23:56,RTM,Rain,0.16,7.27,0.9,19.5,80.2
2026-03-28 14:46:46,RTM,Cloudy,0.02,9.34,1.3,30.7,34.2
2026-03-18 02:47:29,RTM,Clear,0.32,7.47,0.6,33.4,80.6
2026-02-10 19:00:06,RTM,Clear,0.37,7.19,0.8,19.0,56.1
2026-05-03 16:42:07,RTM,Clear,0.43,5.92,0.6,26.4,63.1
2026-04-18 21:58:38,RTM,Fog,0.51,5.34,0.1,22.8,68.8
2026-03-31 08:54:58,RTM,Rain,0.42,5.31,7.0,28.0,87.0
2026-05-10 18:33:05,RTM,Clear,0.73,4.75,0.6,17.7,82.0
2026-02-03 11:51:23,RTM,Cloudy,0.24,6.82,0.3,29.6,69.5
2026-06-12 07:34:01,RTM,Fog,0.6,4.8,0.4,29.7,45.6
2026-04-09 07:03:39,RTM,Cloudy,0.28,7.3,0.6,21.1,74.2
2026-04-29 21:04:33,RTM,Cloudy,0.21,8.33,0.6,41.0,43.8
2026-03-01 22:57:08,RTM,Clear,0.2,7.42,0.4,28.1,90.0
2026-04-03 17:59:32,RTM,Clear,0.13,8.55,0.8,32.0,37.4
2026-01-25 14:32:36,RTM,Cloudy,0.07,9.93,0.2,33.9,82.7
2026-06-13 02:11:33,RTM,Clear,0.41,6.11,1.3,36.1,57.4
2026-03-30 00:34:19,RTM,Clear,0.39,7.21,1.0,37.2,80.7
2026-01-24 18:13:36,RTM,Clear,0.53,5.73,1.3,34.5,67.2
2026-01-30 06:11:09,RTM,Cloudy,0.1,8.89,1.0,31.0,63.5
2026-04-25 22:41:08,RTM,Rain,0.63,2.42,2.3,13.3,72.1
2026-01-15 19:42:24,RTM,Rain,0.4,5.76,7.4,34.1,54.6
2026-02-02 07:37:13,RTM,Clear,0.13,8.44,0.8,17.0,64.6
2026-06-11 23:48:41,RTM,Rain,0.18,8.24,4.0,11.9,100.0
2026-02-16 00:02:59,RTM,Fog,0.73,3.92,0.8,35.8,82.4
2026-01-04 22:40:32,RTM,Clear,0.25,7.94,0.6,25.7,63.2
2026-03-02 16:16:48,RTM,Rain,0.45,4.78,16.0,10.3,72.1
2026-06-16 06:25:00,RTM,Cloudy,0.19,7.9,1.4,23.3,69.0
2026-05-16 05:34:53,RTM,Clear,0.2,8.19,0.1,25.4,61.7
2026-02-01 00:38:34,RTM,Cloudy,0.2,8.35,0.1,32.3,43.9
2026-06-16 09:36:35,RTM,Clear,0.29,7.45,0.6,45.3,59.9
2026-01-12 05:18:00,RTM,Cloudy,0.19,8.25,0.1,33.3,90.3
2026-06-07 12:25:03,RTM,Fog,0.93,2.06,1.1,21.5,67.0
2026-03-20 22:47:29,RTM,Cloudy,0.6,4.73,1.2,22.7,100.0
2026-06-05 01:36:39,RTM,Rain,0.3,6.63,8.5,13.5,69.5
2026-03-27 04:55:13,RTM,Fog,0.64,3.94,0.9,23.3,57.6
2026-05-11 22:49:41,RTM,Cloudy,0.38,6.96,0.9,19.4,47.9
2026-02-07 10:22:14,RTM,Clear,0.25,8.33,1.3,30.0,50.9
2026-03-25 09:10:40,RTM,Clear,0.17,8.74,0.4,18.2,46.7
2026-04-02 16:46:02,RTM,Clear,0.08,8.91,1.4,19.2,63.2
2026-02-26 16:47:36,RTM,Fog,0.72,4.15,0.1,8.6,97.5
2026-04-08 08:14:09,RTM,Clear,0.11,9.06,0.4,22.5,55.7
2026-02-16 22:15:26,RTM,Clear,0.25,7.94,0.4,29.0,80.5
2026-01-07 03:33:08,RTM,Clear,0.36,6.63,0.9,29.3,86.5
2026-03-05 10:27:36,RTM,Clear,0.02,9.98,1.3,19.1,67.1
2026-03-28 11:39:09,RTM,Cloudy,0.37,6.98,0.6,38.8,71.2
2026-04-19 06:17:54,RTM,Clear,0.46,6.55,0.7,15.0,58.0
2026-03-28 18:38:50,RTM,Clear,0.48,5.61,0.7,15.2,74.2
2026-04-14 06:08:57,RTM,Clear,0.19,7.83,0.1,25.3,73.7
2026-04-02 07:30:08,RTM,Clear,0.35,6.32,0.5,28.5,55.9
2026-01-08 02:09:02,RTM,Clear,0.2,8.49,0.5,13.8,49.3
2026-04-14 15:45:48,RTM,Fog,0.87,2.64,0.5,18.4,51.0
2026-06-05 00:27:37,RTM,Clear,0.15,9.23,0.0,22.0,58.7
2026-06-26 15:05:14,RTM,Clear,0.21,8.51,1.4,21.2,81.1
2026-06-18 03:11:34,RTM,Clear,0.33,7.31,0.3,16.2,73.6
2026-03-04 03:25:02,RTM,Cloudy,0.26,8.07,1.0,18.3,97.8
2026-05-08 05:03:58,RTM,Rain,0.44,4.12,5.2,23.8,84.1
2026-04-05 00:21:03,RTM,Cloudy,0.15,8.76,0.7,20.6,67.6
2026-01-31 01:28:08,RTM,Cloudy,0.14,8.68,0.6,19.8,29.9
2026-04-01 16:29:45,RTM,Cloudy,0.36,6.73,0.3,35.0,49.4
2026-05-29 00:04:25,RTM,Cloudy,0.04,9.12,1.4,19.2,56.3
2026-06-06 02:24:20,RTM,Rain,0.35,7.04,8.7,20.4,73.1
2026-06-01 06:17:16,RTM,Clear,0.74,3.81,0.7,29.3,58.2
2026-06-03 21:07:54,RTM,Cloudy,0.49,5.11,0.1,26.6,71.7
2026-04-11 02:14:15,RTM,Clear,0.25,8.07,1.2,21.4,55.5
2026-06-04 15:51:12,RTM,Clear,0.13,8.21,0.7,23.7,61.5
2026-04-01 20:34:16,RTM,Clear,0.37,7.59,1.3,22.2,53.2
2026-02-06 11:50:22,RTM,Clear,0.3,7.8,1.4,35.7,67.9
2026-06-06 10:56:19,RTM,Cloudy,0.5,5.92,0.3,22.2,75.4
2026-04-23 05:57:57,RTM,Cloudy,0.07,9.34,0.1,11.1,56.3
2026-03-28 10:46:08,RTM,Rain,0.59,3.57,12.6,23.6,28.9
2026-01-09 21:13:03,RTM,Clear,0.19,8.65,1.3,19.4,56.1
2026-01-26 17:31:50,RTM,Rain,0.37,5.1,4.5,38.5,65.3
2026-05-14 17:08:49,RTM,Cloudy,0.64,4.03,0.8,23.0,63.5
2026-06-23 22:51:15,RTM,Clear,0.2,8.2,0.7,20.7,65.2
2026-02-09 18:09:23,RTM,Cloudy,0.23,7.55,1.3,19.7,59.6
2026-01-06 03:09:38,RTM,Rain,0.22,6.61,8.0,31.2,59.0
2026-05-31 07:29:52,RTM,Fog,0.59,4.79,0.9,19.5,58.6
2026-01-24 08:58:57,RTM,Rain,0.16,7.79,4.7,11.7,35.5
2026-04-04 14:09:36,RTM,Clear,0.65,4.38,0.9,36.4,60.4
2026-06-01 10:08:12,RTM,Clear,0.67,4.43,0.6,15.9,74.7
2026-03-27 07:24:22,RTM,Cloudy,0.25,7.94,1.1,25.8,50.5
2026-01-12 20:47:27,RTM,Clear,0.21,8.8,1.3,27.9,43.1
2026-04-04 05:55:00,RTM,Clear,0.39,6.9,1.3,22.2,80.0
2026-03-18 19:44:39,RTM,Cloudy,0.63,4.29,0.8,38.9,78.3
2026-05-17 21:40:19,RTM,Rain,0.36,4.57,16.3,38.2,75.7
2026-06-26 21:03:20,RTM,Cloudy,0.1,8.18,1.4,25.7,44.2
2026-01-28 10:53:21,RTM,Rain,0.37,5.74,5.3,38.9,26.4
2026-02-08 11:15:57,RTM,Fog,0.68,4.14,0.6,14.0,71.6
2026-02-20 04:08:42,RTM,Cloudy,0.24,8.36,1.5,41.7,66.9
2026-01-08 17:21:29,RTM,Clear,0.06,10.0,0.8,15.2,91.9
2026-04-10 06:00:34,RTM,Clear,0.48,6.32,1.3,14.0,64.8
2026-03-07 01:53:52,RTM,Clear,0.02,10.09,0.0,23.0,64.9
2026-01-17 00:09:24,RTM,Clear,0.19,8.99,1.5,23.1,60.4
2026-01-08 01:45:25,RTM,Fog,0.84,2.96,0.6,33.0,61.6
2026-01-15 13:48:11,RTM,Clear,0.54,5.29,0.5,21.8,70.4
2026-03-14 18:04:37,RTM,Clear,0.5,5.33,1.3,23.0,76.5
2026-05-06 18:04:12,RTM,Clear,0.27,8.19,0.2,17.0,84.6
2026-05-06 05:53:11,RTM,Clear,0.18,8.84,0.7,24.3,76.0
2026-05-31 12:56:17,RTM,Cloudy,0.18,8.92,0.1,13.2,79.5
2026-03-12 05:18:36,RTM,Clear,0.45,6.26,1.2,31.1,65.2
2026-05-13 03:01:05,RTM,Clear,0.35,7.1,0.9,29.2,67.4
2026-03-20 04:58:29,RTM,Cloudy,0.44,5.78,0.8,14.4,92.6
2026-05-13 01:02:49,RTM,Clear,0.15,9.01,0.4,25.9,73.6
2026-05-06 13:39:14,RTM,Clear,0.1,9.2,0.6,19.9,96.7
2026-05-15 03:40:52,RTM,Cloudy,0.32,7.5,0.6,32.5,67.0
2026-01-28 04:22:16,RTM,Cloudy,0.26,6.82,0.5,21.9,65.3
2026-01-06 18:25:17,RTM,Clear,0.29,6.73,1.2,26.8,81.5
2026-06-06 04:22:06,RTM,Clear,0.4,7.46,1.3,28.5,52.7
2026-06-18 04:43:44,RTM,Clear,0.19,9.26,0.8,18.4,50.6
2026-04-09 16:11:13,RTM,Clear,0.23,7.58,0.6,14.3,44.8
2026-01-04 17:41:27,RTM,Cloudy,0.04,9.72,0.2,15.0,50.3
2026-04-14 08:37:04,RTM,Clear,0.43,6.3,0.4,19.3,48.4
2026-06-20 18:09:58,RTM,Cloudy,0.15,8.93,0.9,14.5,88.2
2026-01-05 09:35:54,RTM,Clear,0.32,6.9,1.2,35.3,72.6
2026-01-10 11:15:01,RTM,Rain,0.31,6.03,3.8,13.7,63.4
2026-04-07 00:20:48,RTM,Fog,0.81,3.39,1.2,20.8,69.8
2026-04-13 17:11:19,RTM,Cloudy,0.22,7.58,0.9,34.2,73.6
2026-05-23 04:09:12,RTM,Cloudy,0.22,8.51,0.3,21.9,52.5
2026-01-09 10:46:14,RTM,Rain,0.19,6.68,7.7,22.4,81.2
2026-02-01 18:07:14,RTM,Cloudy,0.25,7.61,0.9,27.4,78.3
2026-05-17 22:15:27,RTM,Clear,0.07,9.64,0.9,31.9,62.6
2026-02-23 05:16:45,RTM,Cloudy,0.02,9.49,0.8,31.1,41.6
2026-01-10 00:25:55,RTM,Clear,0.65,4.54,0.8,23.8,65.8
2026-05-06 17:07:38,RTM,Clear,0.43,7.08,1.1,6.8,52.5
2026-01-20 07:52:38,RTM,Clear,0.13,9.2,0.6,27.4,71.9
2026-05-19 02:31:59,RTM,Clear,0.43,6.41,1.4,36.0,71.5
2026-01-01 05:00:24,RTM,Clear,0.12,9.59,1.0,29.5,47.9
2026-02-23 06:00:58,RTM,Rain,0.38,5.65,12.8,24.4,84.2
2026-01-28 16:53:01,RTM,Clear,0.59,4.89,1.1,9.8,80.3
2026-01-07 06:15:02,RTM,Clear,0.31,8.15,0.1,27.2,78.4
2026-06-18 21:44:30,RTM,Clear,0.14,9.96,0.4,31.1,86.4
2026-05-17 23:34:35,RTM,Cloudy,0.1,8.8,1.0,19.7,60.2
2026-03-27 09:31:11,RTM,Clear,0.24,8.57,0.9,24.7,79.8
2026-02-18 06:05:56,RTM,Clear,0.26,8.8,1.5,27.9,67.3
2026-05-18 07:06:43,RTM,Clear,0.45,5.81,0.6,19.3,56.4
2026-05-30 21:49:12,RTM,Cloudy,0.14,8.87,0.6,15.8,53.1
2026-05-21 09:46:25,RTM,Clear,0.04,9.63,1.3,22.9,61.6
2026-01-01 16:08:42,RTM,Fog,0.93,1.78,0.4,26.2,100.0
2026-03-16 19:11:56,RTM,Clear,0.55,4.99,0.1,42.1,100.0
2026-04-07 02:57:06,RTM,Clear,0.47,6.73,0.4,24.6,33.6
2026-02-22 08:03:27,RTM,Clear,0.25,7.93,0.7,38.3,53.5
2026-02-02 16:42:18,RTM,Cloudy,0.39,7.33,0.1,20.6,67.2
2026-01-30 15:50:24,RTM,Clear,0.05,9.59,0.5,37.5,59.2
2026-02-16 06:56:34,RTM,Clear,0.07,9.46,0.7,15.6,46.7
2026-04-16 20:31:05,RTM,Rain,0.36,5.92,10.6,28.4,90.2
2026-03-25 06:10:48,RTM,Rain,0.56,3.96,7.0,24.7,57.5
2026-06-23 08:00:54,RTM,Fog,0.48,6.44,0.4,9.2,37.5
2026-04-30 08:35:51,RTM,Rain,0.06,8.79,5.3,4.6,83.0
2026-03-28 07:10:15,RTM,Clear,0.12,8.75,0.3,12.1,53.1
2026-03-18 15:24:24,RTM,Clear,0.22,8.02,0.2,12.9,53.2
2026-01-02 00:51:21,RTM,Clear,0.09,9.75,1.3,16.6,55.3
2026-05-13 02:14:01,RTM,Rain,0.36,6.12,2.6,22.8,70.0
2026-05-24 20:36:48,RTM,Cloudy,0.12,8.06,0.9,17.7,61.2
2026-05-21 22:14:06,RTM,Clear,0.1,9.32,0.3,17.1,56.3
2026-03-05 23:17:22,RTM,Rain,0.17,7.87,0.4,10.7,49.7
2026-06-13 10:06:13,RTM,Clear,0.18,9.04,1.2,25.6,41.2
2026-03-24 04:25:57,RTM,Rain,0.2,7.08,5.3,18.3,95.5
2026-05-13 08:20:27,RTM,Clear,0.24,7.21,0.6,29.7,51.1
2026-05-23 12:10:33,RTM,Fog,0.52,6.29,0.9,11.3,51.0
2026-03-19 23:46:13,RTM,Rain,0.05,8.04,2.3,15.3,87.8
2026-01-24 14:45:10,RTM,Cloudy,0.32,7.52,0.1,34.2,57.7
2026-06-30 07:35:11,RTM,Clear,0.09,9.41,1.1,39.0,69.5
2026-03-09 23:43:34,RTM,Fog,0.96,2.66,1.3,22.7,68.4
2026-02-06 12:13:33,RTM,Fog,0.5,6.03,1.0,40.6,74.9
2026-03-24 13:42:27,RTM,Clear,0.2,8.39,1.0,13.7,60.5
2026-04-07 21:20:12,RTM,Clear,0.36,7.39,1.4,24.9,42.4
2026-02-28 04:44:32,RTM,Cloudy,0.25,8.7,0.4,24.3,42.1
2026-01-03 05:02:09,RTM,Cloudy,0.23,7.7,0.9,39.3,72.9
2026-04-18 10:11:05,RTM,Clear,0.44,6.67,1.4,19.5,69.9
2026-03-22 01:23:30,RTM,Cloudy,0.34,6.31,0.2,20.3,74.6
2026-04-26 13:13:59,RTM,Cloudy,0.38,6.77,0.8,24.2,64.3
2026-04-08 11:05:11,RTM,Clear,0.52,6.14,0.3,33.3,31.9
2026-03-16 03:13:29,RTM,Clear,0.06,9.37,0.5,21.8,86.2
2026-01-11 15:37:17,RTM,Cloudy,0.37,6.81,0.5,28.5,56.2
2026-01-13 16:17:26,RTM,Fog,0.5,6.46,0.2,26.1,60.8
2026-04-22 13:26:05,RTM,Clear,0.19,8.08,0.4,28.2,72.2
2026-06-06 17:04:03,RTM,Clear,0.33,7.91,0.7,25.0,72.5
2026-06-26 04:30:06,RTM,Rain,0.24,6.18,4.5,17.3,75.8
2026-01-28 14:44:52,RTM,Clear,0.24,7.26,0.9,27.5,82.6
2026-06-22 22:53:09,RTM,Clear,0.21,8.36,1.2,8.9,64.5
2026-05-11 23:32:33,RTM,Clear,0.04,8.9,0.2,27.7,41.2
2026-05-25 00:26:04,RTM,Clear,0.28,7.68,1.0,24.9,47.1
2026-04-28 14:26:42,RTM,Clear,0.31,7.93,0.0,23.7,56.4
2026-02-02 18:07:12,RTM,Clear,0.3,7.42,1.3,38.7,74.1
2026-05-30 05:51:54,RTM,Clear,0.15,8.75,1.2,14.9,94.8
2026-06-08 01:35:06,RTM,Clear,0.66,4.87,1.1,21.6,81.1
2026-06-23 09:22:32,RTM,Rain,0.18,7.54,2.3,19.0,75.9
2026-05-03 11:50:15,RTM,Fog,0.63,4.94,0.2,31.1,64.7
2026-01-01 18:51:09,RTM,Clear,0.37,6.2,0.4,33.9,69.4
2026-01-25 11:37:02,RTM,Fog,0.73,4.26,1.3,27.4,69.1
2026-06-16 07:46:44,RTM,Cloudy,0.15,8.52,0.1,28.1,72.0
2026-01-27 02:56:39,RTM,Fog,0.6,5.3,0.1,18.6,45.5
2026-05-31 11:18:41,RTM,Fog,0.59,5.2,0.4,14.5,46.4
2026-03-23 22:00:03,RTM,Rain,0.16,7.57,5.8,34.5,62.7
2026-06-21 03:13:22,RTM,Clear,0.41,6.22,1.4,12.1,81.8
2026-04-05 07:23:34,RTM,Cloudy,0.14,8.51,1.0,21.0,62.7
2026-05-14 12:30:30,RTM,Cloudy,0.47,5.86,0.8,16.0,94.0
2026-05-30 09:24:45,RTM,Clear,0.38,6.0,1.2,31.5,83.7
2026-02-19 23:29:43,RTM,Clear,0.78,3.32,0.1,14.6,79.2
2026-01-04 14:19:04,RTM,Rain,0.22,6.94,2.4,11.3,74.5
2026-04-01 11:13:51,RTM,Clear,0.25,7.56,0.1,21.2,70.7
2026-02-09 21:06:12,RTM,Fog,0.65,4.65,1.3,35.2,28.3
2026-03-18 12:29:06,RTM,Clear,0.36,6.47,0.0,17.9,72.1
2026-03-31 12:50:56,RTM,Clear,0.47,5.59,0.9,1.3,55.8
2026-01-05 13:36:43,RTM,Clear,0.17,8.85,0.9,19.8,64.0
2026-01-01 23:27:36,RTM,Clear,0.17,8.66,1.3,29.9,47.6
2026-03-09 14:05:34,RTM,Cloudy,0.51,5.19,0.9,37.4,74.5
2026-05-31 19:54:52,RTM,Clear,0.3,7.46,0.6,18.1,51.5
2026-02-14 12:06:08,RTM,Clear,0.48,5.79,1.0,13.6,71.0
2026-03-02 01:41:28,RTM,Clear,0.1,8.36,0.5,23.9,58.8
2026-05-02 17:40:22,RTM,Clear,0.35,7.09,0.1,27.4,83.3
2026-05-24 09:23:15,RTM,Clear,0.11,8.67,0.7,12.1,58.3
2026-01-20 02:13:59,RTM,Fog,0.9,2.86,0.2,23.3,90.2
2026-03-04 15:41:59,RTM,Clear,0.16,8.76,0.6,17.7,68.1
2026-03-03 06:41:08,RTM,Rain,0.26,6.25,7.7,15.2,38.7
2026-04-29 16:07:23,RTM,Fog,0.41,7.34,1.2,21.7,72.8
2026-04-11 00:39:03,RTM,Cloudy,0.38,6.94,0.2,30.0,68.0
2026-01-05 19:44:30,RTM,Clear,0.13,8.95,0.3,14.6,52.1
2026-03-26 18:19:51,RTM,Clear,0.22,8.21,0.0,41.5,62.8
2026-01-26 21:05:05,RTM,Clear,0.11,8.61,1.2,15.5,89.0
2026-03-23 03:22:42,RTM,Clear,0.12,7.76,1.2,16.1,68.8
2026-06-28 05:07:38,RTM,Rain,0.03,8.55,4.1,19.1,85.9
2026-03-04 13:11:43,RTM,Clear,0.13,9.17,0.1,29.7,78.7
2026-01-25 21:26:26,RTM,Cloudy,0.5,5.68,0.0,28.2,69.7
2026-06-01 21:23:22,RTM,Fog,0.6,4.99,0.7,25.5,49.0
2026-06-25 08:21:03,RTM,Clear,0.28,7.18,0.6,20.8,90.1
2026-03-03 03:57:44,RTM,Rain,0.63,2.91,1.3,34.3,58.8
2026-02-20 15:13:58,RTM,Cloudy,0.05,9.25,0.8,21.8,80.6
2026-02-22 08:00:50,RTM,Rain,0.3,6.61,5.2,34.9,66.7
2026-02-03 06:06:11,RTM,Rain,0.35,6.86,3.5,36.8,38.7
2026-04-05 21:31:54,RTM,Cloudy,0.18,8.34,0.1,30.3,49.4
2026-06-04 15:24:40,RTM,Cloudy,0.27,7.93,0.6,27.6,60.4
2026-04-07 22:09:24,RTM,Clear,0.4,5.9,0.9,9.2,33.1
2026-04-17 20:51:29,RTM,Clear,0.16,8.79,1.4,20.6,64.5
2026-02-18 20:39:08,RTM,Clear,0.39,6.28,1.4,33.4,56.2
2026-05-01 20:12:55,RTM,Rain,0.31,5.84,6.0,29.7,78.0
2026-04-05 05:05:33,RTM,Clear,0.11,9.07,0.3,30.4,65.2
2026-06-30 08:52:24,RTM,Clear,0.37,6.02,0.5,22.0,48.5
2026-03-03 01:52:50,RTM,Fog,0.49,5.9,0.1,26.2,83.7
2026-04-03 07:23:36,RTM,Fog,0.69,3.69,0.7,11.8,55.2
2026-03-04 00:30:28,RTM,Rain,0.43,5.2,10.3,17.3,77.4
2026-05-10 10:19:27,RTM,Cloudy,0.4,6.22,1.3,31.8,65.2
2026-05-04 18:22:05,RTM,Clear,0.42,6.65,0.1,9.8,48.4
2026-06-23 05:28:07,RTM,Clear,0.24,8.29,0.4,28.5,93.0
2026-04-28 01:48:41,RTM,Fog,0.74,3.24,0.5,19.9,76.4
2026-05-14 17:39:10,RTM,Clear,0.42,6.66,0.0,29.3,76.1
2026-02-18 14:35:52,RTM,Cloudy,0.08,10.05,0.2,16.7,64.0
2026-01-23 11:58:02,RTM,Rain,0.14,7.74,8.8,29.2,93.1
2026-03-06 10:57:55,RTM,Clear,0.18,8.4,1.4,25.0,42.4
2026-03-05 15:41:22,RTM,Clear,0.09,9.4,0.0,24.0,90.2
2026-05-14 10:59:45,RTM,Clear,0.19,8.94,1.4,23.6,47.9
2026-02-22 09:10:07,RTM,Clear,0.17,8.84,1.2,31.4,73.4
2026-05-18 02:28:40,RTM,Clear,0.32,6.68,1.1,27.4,64.6
2026-02-02 22:02:31,RTM,Rain,0.39,5.26,18.8,20.7,84.5
2026-02-18 04:04:35,RTM,Clear,0.36,7.65,1.4,14.3,58.4
2026-03-25 22:34:36,RTM,Clear,0.15,8.82,1.4,11.4,49.9
2026-04-23 16:39:53,RTM,Clear,0.3,7.44,0.7,20.7,76.0
2026-05-18 23:54:23,RTM,Clear,0.35,7.53,1.3,17.7,66.3
2026-04-03 12:04:28,RTM,Clear,0.2,8.78,0.6,29.8,43.2
2026-04-10 16:52:32,RTM,Clear,0.15,8.7,0.4,31.3,78.2
2026-04-25 11:19:00,RTM,Clear,0.49,4.88,0.6,22.9,76.0
2026-04-07 12:39:38,RTM,Cloudy,0.32,7.37,0.2,27.0,61.7
2026-05-21 07:20:18,RTM,Clear,0.68,3.97,0.5,31.7,48.4
2026-06-08 13:16:55,RTM,Clear,0.25,8.53,0.0,27.2,56.8
2026-06-26 02:01:42,RTM,Cloudy,0.43,6.74,0.3,27.0,87.6
2026-03-02 06:16:19,RTM,Rain,0.34,5.85,2.9,26.1,61.8
2026-04-15 06:56:48,RTM,Cloudy,0.17,8.73,1.0,21.6,65.9
2026-04-24 23:31:30,RTM,Cloudy,0.23,7.42,0.7,14.7,34.4
2026-06-15 12:03:33,RTM,Clear,0.08,9.49,1.5,20.7,63.9
2026-06-18 03:45:24,RTM,Cloudy,0.06,8.88,0.1,34.7,75.8
2026-06-10 23:39:42,RTM,Clear,0.19,7.8,1.0,20.4,68.9
2026-04-06 23:16:31,RTM,Clear,0.03,10.32,0.1,22.6,47.9
2026-06-13 09:34:07,RTM,Clear,0.18,8.45,1.4,26.6,74.5
2026-04-28 02:32:01,RTM,Clear,0.45,5.79,1.4,18.7,84.0
2026-02-18 07:04:38,RTM,Cloudy,0.26,7.28,1.3,9.5,78.9
2026-04-01 17:24:39,RTM,Cloudy,0.35,7.12,1.2,16.5,56.2
2026-02-03 13:06:18,RTM,Clear,0.44,6.55,0.3,27.6,100.0
2026-02-28 04:21:24,RTM,Rain,0.09,8.16,19.8,19.7,93.4
2026-02-06 01:48:08,RTM,Clear,0.29,7.72,0.0,35.6,73.8
2026-06-03 15:05:45,RTM,Cloudy,0.35,6.69,0.5,25.2,77.5
2026-03-09 08:24:27,RTM,Rain,0.27,5.81,3.3,23.2,64.2
2026-04-28 23:57:30,RTM,Clear,0.24,7.97,1.4,19.7,63.8
2026-04-28 03:25:43,RTM,Rain,0.2,7.03,10.7,16.9,60.5
2026-04-02 00:53:00,RTM,Cloudy,0.26,7.46,1.0,16.1,42.5
2026-06-30 20:15:30,RTM,Clear,0.29,7.99,1.4,29.6,100.0
2026-03-21 16:00:49,RTM,Clear,0.33,7.1,1.0,25.5,45.8
2026-06-04 22:52:03,RTM,Clear,0.17,8.31,0.8,18.0,52.8
2026-02-11 06:18:19,RTM,Rain,0.48,4.91,3.3,7.4,65.0
2026-01-07 05:05:44,RTM,Clear,0.3,7.72,1.0,19.5,63.4
2026-05-12 18:32:52,RTM,Cloudy,0.13,9.6,1.0,27.1,60.9
2026-06-29 01:20:01,RTM,Rain,0.54,3.6,9.3,22.3,94.1
2026-03-13 12:16:03,RTM,Cloudy,0.39,6.36,1.3,23.9,57.5
2026-04-17 19:54:25,RTM,Fog,0.53,5.23,1.5,15.5,36.6
2026-02-06 00:20:55,RTM,Clear,0.18,8.9,0.6,13.1,36.6
2026-02-26 23:16:43,RTM,Cloudy,0.38,7.49,1.3,42.4,78.6
2026-06-03 02:11:34,RTM,Cloudy,0.13,9.18,1.3,24.8,79.3
2026-06-09 15:16:21,RTM,Clear,0.16,9.31,0.4,19.9,86.4
2026-02-28 15:52:53,RTM,Clear,0.44,7.39,0.9,23.2,70.1
2026-03-10 00:17:47,RTM,Cloudy,0.75,3.54,0.2,18.3,40.3
2026-02-10 23:20:43,RTM,Cloudy,0.38,6.21,0.9,29.2,78.6
2026-06-01 02:18:36,RTM,Rain,0.08,8.64,14.7,30.1,73.7
2026-04-14 03:21:33,RTM,Clear,0.33,6.16,0.3,23.4,96.4
2026-03-02 14:40:29,RTM,Clear,0.34,6.8,1.1,26.0,45.4
2026-06-02 19:53:03,RTM,Clear,0.26,7.44,0.9,30.2,52.8
2026-05-26 12:01:52,RTM,Clear,0.44,5.44,1.1,36.3,85.7
2026-05-06 06:35:12,RTM,Clear,0.27,8.61,1.4,26.4,71.9
2026-05-04 13:52:24,RTM,Fog,0.62,5.66,0.4,26.3,59.0
2026-06-12 20:45:37,RTM,Rain,0.34,6.46,6.1,11.5,55.4
2026-04-12 04:56:37,RTM,Clear,0.1,9.72,0.2,19.2,89.5
2026-03-18 12:12:26,RTM,Clear,0.57,5.2,1.3,10.9,76.3
2026-06-18 16:02:13,RTM,Clear,0.18,8.82,0.4,32.9,69.3
2026-01-25 22:28:07,RTM,Clear,0.29,7.44,1.3,28.4,63.6
2026-01-24 00:38:53,RTM,Cloudy,0.23,8.3,0.8,31.8,63.0
2026-06-03 22:31:15,RTM,Cloudy,0.42,6.26,0.2,28.9,52.0
2026-02-18 05:28:44,RTM,Rain,0.23,7.65,3.1,25.6,67.3
2026-01-01 04:43:50,RTM,Rain,0.08,8.31,5.3,21.6,48.2
2026-03-11 20:17:52,RTM,Cloudy,0.45,5.75,1.0,21.2,37.4
2026-06-29 01:31:18,RTM,Clear,0.22,7.78,1.4,34.0,51.4
2026-01-05 03:16:16,RTM,Clear,0.33,6.58,0.3,19.3,68.3
2026-03-10 10:34:43,RTM,Clear,0.3,7.05,1.2,16.0,43.8
2026-06-20 00:55:33,RTM,Clear,0.32,7.73,0.4,20.0,93.5
2026-03-25 12:09:03,RTM,Cloudy,0.58,4.24,0.7,21.1,48.7
2026-05-26 09:10:04,RTM,Clear,0.48,5.55,0.1,28.7,100.0
2026-05-07 09:47:27,RTM,Fog,1.0,1.58,1.4,21.8,92.1
2026-06-03 16:41:52,RTM,Clear,0.45,6.02,0.9,29.7,95.5
2026-04-04 21:05:24,RTM,Rain,0.08,7.82,13.6,27.5,85.1
2026-06-20 03:10:56,RTM,Clear,0.34,7.51,1.2,28.6,65.5
2026-06-15 00:02:56,RTM,Rain,0.13,7.42,10.5,24.0,72.2
2026-04-03 05:26:57,RTM,Rain,0.24,6.86,10.4,25.1,61.0
2026-06-25 12:03:24,RTM,Clear,0.16,8.66,0.8,29.9,48.2
2026-05-06 07:25:14,RTM,Clear,0.52,6.03,0.5,6.3,37.2
2026-01-10 21:48:48,RTM,Cloudy,0.29,7.8,0.2,22.6,22.7
2026-05-10 14:47:17,RTM,Cloudy,0.45,5.96,0.5,18.0,59.9
2026-02-10 00:16:38,RTM,Clear,0.48,6.0,0.3,27.2,74.5
2026-05-16 05:15:52,RTM,Cloudy,0.24,7.89,0.9,25.1,46.6
2026-06-18 18:02:30,RTM,Cloudy,0.43,6.28,1.4,28.7,57.2
2026-04-26 21:08:24,RTM,Clear,0.16,9.05,0.4,16.5,95.8
2026-04-27 22:13:54,RTM,Clear,0.26,8.06,0.5,10.0,98.2
2026-05-21 13:25:43,RTM,Clear,0.31,7.13,0.8,36.6,35.3
2026-04-22 20:19:26,RTM,Clear,0.1,9.42,0.3,25.7,48.6
2026-02-18 11:56:46,RTM,Clear,0.26,8.55,0.6,16.4,50.6
2026-06-29 11:19:06,RTM,Clear,0.35,6.92,1.2,27.9,83.4
2026-06-13 09:06:26,RTM,Rain,0.32,6.82,23.8,19.9,53.4
2026-06-18 19:07:58,RTM,Fog,0.56,5.27,0.9,23.4,58.4
2026-04-28 20:43:04,RTM,Cloudy,0.44,6.32,0.9,33.8,79.5
2026-06-07 10:08:46,RTM,Clear,0.17,8.25,1.3,14.7,62.1
2026-06-26 22:54:49,RTM,Clear,0.19,8.19,0.1,35.0,84.4
2026-02-08 17:36:56,RTM,Cloudy,0.78,3.22,1.0,28.8,76.3
2026-06-27 05:41:01,RTM,Fog,0.86,2.28,0.1,19.2,91.8
2026-01-13 23:32:08,RTM,Clear,0.38,6.22,1.2,16.7,36.4
2026-04-30 01:37:25,RTM,Clear,0.64,3.8,1.1,8.3,47.5
2026-03-15 20:50:33,RTM,Clear,0.2,8.26,1.0,35.2,74.8
2026-02-19 23:03:52,RTM,Clear,0.12,8.74,1.4,23.7,68.0
2026-06-03 06:21:21,RTM,Rain,0.14,7.86,9.5,26.4,58.5
2026-05-01 09:05:51,RTM,Clear,0.35,6.91,0.7,41.2,93.9
2026-04-04 13:06:47,RTM,Clear,0.31,7.89,1.1,21.1,66.4
2026-04-26 09:57:25,RTM,Clear,0.1,8.96,0.4,31.4,83.2
2026-03-22 03:31:24,RTM,Clear,0.6,5.76,1.0,22.4,55.2
2026-05-08 03:08:34,RTM,Cloudy,0.52,4.9,0.7,32.4,87.7
2026-04-27 17:46:33,RTM,Clear,0.05,9.0,0.6,29.6,87.4
2026-05-16 22:19:15,RTM,Cloudy,0.15,8.79,0.8,19.0,73.9
2026-03-05 01:05:51,RTM,Clear,0.35,7.37,0.0,20.9,53.5
2026-04-01 18:21:23,RTM,Clear,0.39,7.15,0.2,19.6,30.8
2026-01-15 13:38:23,RTM,Rain,0.17,7.63,5.9,29.4,63.9
2026-03-21 07:21:45,RTM,Cloudy,0.25,7.59,1.4,25.7,74.5
2026-03-15 09:37:03,RTM,Fog,0.54,6.09,0.9,23.0,100.0
2026-05-14 02:22:13,RTM,Clear,0.67,4.84,1.5,30.9,71.7
2026-06-12 13:37:23,RTM,Clear,0.3,8.35,1.3,27.9,89.2
2026-02-27 19:10:09,RTM,Rain,0.19,7.54,22.4,26.2,45.2
2026-05-11 02:41:42,RTM,Clear,0.43,6.61,0.5,27.6,71.5
2026-01-29 19:01:47,RTM,Cloudy,0.1,9.31,1.4,18.1,55.7
2026-05-13 13:53:34,RTM,Cloudy,0.3,7.55,0.9,30.4,62.2
2026-02-05 08:00:45,RTM,Fog,0.52,5.02,1.0,30.6,95.4
2026-04-21 16:01:15,RTM,Clear,0.29,7.59,1.3,42.0,76.9
2026-03-02 22:55:36,RTM,Clear,0.46,5.76,1.1,26.3,87.2
2026-03-05 08:03:34,RTM,Cloudy,0.4,7.01,1.0,25.0,50.9
2026-02-04 07:56:21,RTM,Rain,0.21,6.47,5.7,29.0,55.0
2026-03-29 15:06:14,RTM,Fog,0.78,2.89,0.6,24.5,52.1
2026-04-17 02:45:48,RTM,Clear,0.1,9.24,1.5,15.0,55.6
2026-01-23 04:33:43,RTM,Clear,0.27,8.64,0.5,25.0,100.0
2026-05-12 02:37:11,RTM,Clear,0.15,8.77,1.2,18.1,96.5
2026-06-06 07:56:45,RTM,Rain,0.07,6.77,1.8,17.2,61.2
2026-03-19 08:23:26,RTM,Fog,0.45,6.42,0.7,14.1,47.5
2026-01-24 02:15:12,RTM,Clear,0.33,7.45,0.4,25.2,46.3
2026-05-05 19:27:17,RTM,Clear,0.1,10.11,1.3,36.9,71.4
2026-02-24 09:19:12,RTM,Clear,0.63,4.45,1.0,21.8,75.1
2026-05-01 18:14:42,RTM,Clear,0.13,8.28,1.4,26.1,67.8
2026-04-21 19:57:03,RTM,Clear,0.12,8.8,0.6,26.3,64.6
2026-06-23 05:47:30,RTM,Clear,0.39,7.12,1.2,17.7,91.6
2026-03-13 02:40:38,RTM,Cloudy,0.52,5.49,1.3,36.1,65.7
2026-06-29 14:11:19,RTM,Clear,0.55,5.33,0.1,15.8,64.7
2026-03-09 23:58:35,RTM,Clear,0.16,7.64,0.2,19.1,83.6
2026-06-30 06:24:30,RTM,Cloudy,0.2,8.55,0.6,23.2,28.6
2026-02-05 17:41:52,RTM,Fog,0.93,2.61,1.4,16.5,68.7
2026-03-22 17:23:09,RTM,Clear,0.5,5.77,1.1,23.5,47.8
2026-06-05 22:44:54,RTM,Rain,0.14,7.98,28.1,37.2,53.4
2026-02-02 10:14:43,RTM,Clear,0.18,8.35,1.5,26.2,71.0
2026-02-10 13:45:44,RTM,Clear,0.36,7.1,1.0,33.1,71.0
2026-04-27 13:36:17,RTM,Clear,0.63,5.37,0.8,29.2,86.3
2026-03-30 17:07:12,RTM,Clear,0.59,5.01,0.0,16.5,74.0
2026-02-06 19:04:20,RTM,Rain,0.32,5.66,6.7,25.2,44.0
2026-06-26 13:46:39,RTM,Cloudy,0.25,7.88,0.5,25.7,79.9
2026-02-24 03:13:36,RTM,Clear,0.35,7.7,1.0,8.3,66.5
2026-01-14 07:59:33,RTM,Clear,0.2,8.14,0.6,30.3,41.4
2026-02-23 10:46:24,RTM,Clear,0.3,7.08,1.0,20.2,88.5
2026-02-21 21:06:37,RTM,Clear,0.4,6.78,0.4,32.0,73.2
2026-02-26 11:35:04,RTM,Rain,0.45,5.0,2.4,28.5,98.1
2026-03-19 22:54:41,RTM,Clear,0.2,8.75,0.5,27.8,58.0
2026-03-16 11:20:44,RTM,Clear,0.61,4.15,0.4,26.3,73.3
2026-06-21 19:49:55,RTM,Clear,0.17,8.74,1.2,38.9,65.0
2026-01-05 23:06:23,RTM,Clear,0.12,8.83,0.7,22.0,71.1
2026-05-14 13:25:15,RTM,Rain,0.17,7.72,13.5,40.2,55.7
2026-01-18 01:45:24,RTM,Fog,0.6,5.06,0.7,38.6,77.8
2026-04-07 11:58:35,RTM,Rain,0.14,7.81,4.7,22.9,51.1
2026-03-28 08:24:30,RTM,Clear,0.13,8.68,1.0,32.6,41.3
2026-02-24 05:09:12,RTM,Clear,0.25,8.48,1.0,32.3,41.6
2026-01-22 14:15:08,RTM,Clear,0.25,6.82,1.2,47.9,29.1
2026-05-07 04:13:05,RTM,Clear,0.34,6.67,1.5,23.1,69.1
2026-03-22 02:30:31,RTM,Clear,0.67,4.97,1.3,30.9,88.6
2026-04-27 17:08:18,RTM,Cloudy,0.21,8.64,1.1,17.8,62.5
2026-06-17 07:56:57,RTM,Clear,0.24,8.69,1.2,26.9,73.6
2026-01-20 05:52:05,RTM,Clear,0.03,9.81,0.0,27.9,66.1
2026-05-18 17:31:41,RTM,Clear,0.1,9.28,1.5,18.9,48.0
2026-06-25 08:18:08,RTM,Clear,0.35,6.79,0.1,31.0,36.9
2026-06-28 15:28:39,RTM,Fog,0.78,2.97,1.3,24.8,78.1
2026-03-04 10:12:40,RTM,Clear,0.26,7.44,0.0,26.9,69.9
2026-03-26 14:30:06,RTM,Clear,0.49,5.72,0.8,14.0,69.4
2026-05-25 04:51:23,RTM,Rain,0.71,2.66,1.2,18.3,74.7
2026-03-14 14:56:02,RTM,Cloudy,0.18,8.48,1.2,8.3,77.8
2026-03-16 08:51:56,RTM,Fog,0.68,3.95,0.9,34.8,74.2
2026-03-05 20:45:26,RTM,Rain,0.36,5.7,5.0,13.8,72.2
2026-05-18 10:53:14,RTM,Clear,0.27,8.27,0.2,22.1,32.8
2026-06-26 13:30:22,RTM,Clear,0.42,6.66,0.7,23.6,83.0
2026-05-03 15:10:26,RTM,Clear,0.53,6.31,0.5,26.9,76.5
2026-05-14 14:25:45,RTM,Rain,0.24,6.94,10.5,20.9,100.0
2026-05-07 07:08:20,RTM,Fog,0.6,4.0,0.7,23.9,53.2
2026-05-11 16:09:17,RTM,Clear,0.21,7.88,0.3,22.5,52.1
2026-01-29 23:08:24,RTM,Clear,0.19,7.81,0.9,28.4,43.4
2026-01-03 11:33:37,RTM,Clear,0.43,5.69,0.7,35.0,83.2
2026-04-14 17:51:18,RTM,Clear,0.16,8.72,1.5,37.0,29.2
2026-03-06 04:39:29,RTM,Rain,0.37,4.67,13.4,23.2,86.7
2026-06-04 22:14:44,RTM,Clear,0.11,9.86,1.1,16.3,64.6
2026-04-11 22:07:55,RTM,Clear,0.65,4.4,1.2,29.3,88.2
2026-03-21 17:47:14,RTM,Cloudy,0.29,7.72,1.5,18.7,64.1
2026-05-24 14:08:22,RTM,Clear,0.29,7.04,0.9,18.6,92.0
2026-05-31 20:19:45,RTM,Clear,0.31,6.27,0.7,21.9,73.7
2026-06-27 00:57:30,RTM,Clear,0.25,8.11,1.0,27.7,52.1
2026-03-01 16:07:38,RTM,Rain,0.24,6.62,2.0,27.5,85.0
2026-06-17 02:58:13,RTM,Clear,0.14,8.33,0.1,19.6,61.9
2026-04-25 20:22:45,RTM,Cloudy,0.27,6.91,0.9,24.1,67.4
2026-05-19 04:25:33,RTM,Clear,0.15,8.32,1.3,41.2,37.9
2026-03-26 22:24:18,RTM,Cloudy,0.39,5.83,0.0,18.4,92.0
2026-06-15 19:09:40,RTM,Cloudy,0.2,8.15,0.2,18.8,65.7
2026-06-01 10:53:10,RTM,Clear,0.09,8.44,0.5,37.5,71.6
2026-01-02 00:08:33,RTM,Clear,0.14,7.83,1.4,20.2,62.0
2026-03-06 18:03:15,RTM,Clear,0.23,7.17,1.3,32.6,49.5
2026-02-10 01:36:17,RTM,Rain,0.15,7.66,2.2,11.7,34.5
2026-06-25 10:30:59,RTM,Rain,0.64,3.22,7.0,34.4,46.9
2026-04-03 21:16:14,RTM,Clear,0.34,6.25,0.1,21.8,100.0
2026-04-07 06:09:33,RTM,Clear,0.03,10.17,0.1,21.7,77.8
2026-04-18 23:43:29,RTM,Clear,0.05,10.26,0.6,30.7,61.6
2026-01-22 02:31:58,RTM,Cloudy,0.11,8.97,0.7,27.6,89.5
2026-02-26 23:56:05,RTM,Fog,0.55,4.98,1.0,29.7,62.2
2026-05-25 09:43:09,RTM,Cloudy,0.32,7.55,1.2,16.4,69.4
2026-05-30 16:37:58,RTM,Clear,0.07,9.39,0.5,20.4,76.5
2026-04-17 17:11:23,RTM,Fog,0.84,2.4,0.4,18.1,100.0
2026-06-01 02:37:04,RTM,Clear,0.31,7.49,0.1,13.6,52.3
2026-03-15 20:10:13,RTM,Rain,0.11,8.11,3.3,29.9,74.1
2026-05-10 09:10:03,RTM,Clear,0.0,9.85,0.2,13.3,74.9
2026-02-28 21:53:24,RTM,Fog,0.81,3.26,0.1,23.5,54.2
2026-02-02 05:00:30,RTM,Cloudy,0.55,4.8,0.6,23.1,68.5
2026-06-22 19:15:02,RTM,Fog,0.69,4.13,0.6,30.4,98.4
2026-06-06 17:26:04,RTM,Clear,0.42,6.19,0.3,18.9,69.7
2026-04-28 10:54:33,RTM,Clear,0.22,8.25,1.2,17.5,35.9
2026-02-18 22:47:06,RTM,Clear,0.18,7.31,1.5,18.7,93.3
2026-04-20 01:33:45,RTM,Clear,0.43,6.47,0.4,23.9,58.8
2026-01-03 05:01:42,RTM,Cloudy,0.42,6.71,0.7,22.6,34.8
2026-02-22 19:55:09,RTM,Clear,0.48,5.85,1.2,38.8,83.4
2026-06-07 09:42:43,RTM,Clear,0.13,9.48,0.5,28.0,65.0
2026-03-09 08:21:41,RTM,Fog,0.53,5.04,0.9,35.4,64.2
2026-02-08 11:38:15,RTM,Clear,0.11,9.37,0.1,27.2,63.5
2026-02-16 16:12:44,RTM,Cloudy,0.16,7.96,1.2,21.1,57.7
2026-04-09 06:20:55,RTM,Cloudy,0.44,6.6,0.5,43.6,97.9
2026-06-30 16:19:56,RTM,Clear,0.58,4.31,0.0,23.9,63.5
2026-02-06 13:30:45,RTM,Clear,0.39,6.95,0.6,18.7,62.8
2026-03-29 18:48:23,RTM,Rain,0.43,4.78,9.8,17.5,69.0
2026-01-02 07:42:43,RTM,Clear,0.26,8.1,1.4,24.9,42.5
2026-06-13 10:18:13,RTM,Clear,0.45,5.03,1.3,17.0,75.4
2026-04-24 15:35:52,RTM,Clear,0.04,9.59,1.2,24.9,68.2
2026-01-02 13:00:10,RTM,Clear,0.48,6.0,0.6,17.2,56.4
2026-02-01 08:13:57,RTM,Fog,0.58,4.49,1.1,25.5,54.9
2026-05-19 17:54:09,RTM,Rain,0.06,8.76,11.6,30.0,57.7
2026-01-10 09:48:38,RTM,Clear,0.2,8.09,1.0,24.7,42.5
2026-03-05 19:00:34,RTM,Clear,0.18,8.46,1.2,5.2,69.8
2026-05-02 17:02:20,RTM,Cloudy,0.2,9.17,0.4,14.3,72.7
2026-04-09 13:13:31,RTM,Cloudy,0.29,7.72,0.7,23.7,69.3
2026-03-27 11:22:54,RTM,Fog,0.62,4.39,1.4,21.0,85.5
2026-05-14 10:36:19,RTM,Fog,0.53,6.15,0.9,21.7,57.1
2026-03-14 01:56:01,RTM,Cloudy,0.42,5.76,0.9,21.1,55.2
2026-03-02 10:28:45,RTM,Clear,0.16,8.19,0.9,33.9,55.7
2026-05-31 19:28:39,RTM,Cloudy,0.26,7.39,1.3,31.9,59.5
2026-05-04 19:15:53,RTM,Rain,0.18,7.48,17.6,25.9,69.9
2026-05-19 16:07:47,RTM,Cloudy,0.38,7.07,1.2,22.5,65.3
2026-04-11 18:47:01,RTM,Cloudy,0.38,7.02,0.7,23.7,80.4
2026-03-21 21:21:37,RTM,Cloudy,0.44,6.06,1.1,23.1,51.5
2026-03-31 18:06:52,RTM,Fog,0.66,3.88,0.9,22.7,66.4
2026-05-25 23:07:17,RTM,Cloudy,0.1,9.23,1.2,27.4,71.0
2026-02-25 13:23:22,RTM,Clear,0.41,6.95,0.1,23.0,50.4
2026-05-24 08:15:14,RTM,Cloudy,0.49,6.16,0.9,23.0,99.9
2026-05-31 15:22:21,RTM,Clear,0.21,8.14,0.7,26.1,62.6
2026-06-16 19:02:20,RTM,Cloudy,0.49,5.83,1.0,22.2,92.1
2026-02-20 19:13:34,RTM,Clear,0.28,6.53,0.2,24.0,21.7
2026-01-23 05:25:43,RTM,Clear,0.07,8.76,0.3,30.1,76.3
2026-03-31 01:04:31,RTM,Cloudy,0.57,5.02,0.3,8.5,36.1
2026-06-06 06:38:25,RTM,Cloudy,0.19,8.53,0.5,26.4,93.7
2026-01-24 04:43:09,RTM,Cloudy,0.14,7.76,0.6,23.4,51.3
2026-05-17 21:35:29,RTM,Clear,0.06,10.2,1.3,23.4,63.4
2026-01-27 01:53:23,RTM,Clear,0.29,8.26,1.1,26.4,20.9
2026-05-31 15:51:25,RTM,Clear,0.53,5.34,0.7,21.6,73.0
2026-05-18 19:05:30,RTM,Clear,0.26,7.21,0.1,32.0,53.4
2026-01-19 21:37:48,RTM,Clear,0.29,7.23,1.3,8.4,100.0
2026-04-14 22:09:21,RTM,Clear,0.47,6.13,0.3,37.8,82.4
2026-02-11 07:20:06,RTM,Clear,0.29,8.39,0.1,30.7,58.2
2026-06-01 01:02:49,RTM,Clear,0.19,8.33,1.0,36.8,64.1
2026-06-14 09:16:19,RTM,Clear,0.3,7.6,0.9,19.8,60.4
2026-05-08 05:06:15,RTM,Rain,0.07,8.2,10.0,25.8,61.8
2026-04-01 07:33:52,RTM,Clear,0.3,7.94,0.4,13.0,47.7
2026-02-24 17:27:47,RTM,Clear,0.37,6.79,1.1,26.7,71.4
2026-06-26 07:44:57,RTM,Clear,0.21,7.47,1.3,20.8,67.6
2026-01-08 16:06:10,RTM,Clear,0.32,8.05,0.9,23.6,55.3
2026-02-15 14:04:00,RTM,Fog,0.39,6.56,0.5,33.0,78.2
2026-01-27 06:55:58,RTM,Clear,0.39,6.11,0.1,21.5,49.5
2026-05-11 23:47:34,RTM,Clear,0.41,6.3,0.0,22.7,42.3
2026-05-23 22:31:25,RTM,Clear,0.35,7.95,0.2,12.1,63.9
2026-05-04 15:54:03,RTM,Clear,0.3,7.83,0.3,21.6,37.8
2026-05-02 15:09:26,RTM,Fog,0.57,5.27,0.4,32.2,74.1
2026-06-11 19:09:04,RTM,Clear,0.4,6.82,0.3,23.3,49.8
2026-04-15 10:00:52,RTM,Fog,0.49,5.06,1.3,17.3,65.1
2026-05-26 12:31:22,RTM,Clear,0.5,5.96,0.5,20.6,96.9
2026-04-03 15:12:24,RTM,Rain,0.18,7.73,7.5,16.1,64.7
2026-01-03 11:31:33,RTM,Clear,0.39,6.71,1.2,15.7,41.0
2026-06-09 00:10:19,RTM,Clear,0.44,6.81,1.1,27.9,70.7
2026-02-25 23:19:15,RTM,Fog,0.55,5.22,0.8,18.3,52.6
2026-01-05 09:19:01,RTM,Clear,0.47,6.0,1.0,31.0,70.8
2026-05-16 16:55:56,RTM,Clear,0.29,7.29,0.9,29.2,68.0
2026-02-01 16:32:45,RTM,Clear,0.39,6.88,0.2,9.4,100.0
2026-01-12 07:14:53,RTM,Clear,0.3,7.17,0.1,32.2,69.3
2026-06-22 01:20:10,RTM,Cloudy,0.37,8.11,0.5,19.5,57.1
2026-03-16 17:33:09,RTM,Clear,0.32,8.2,1.2,9.6,71.2
2026-05-29 03:06:15,RTM,Rain,0.46,5.57,12.6,10.5,74.6
2026-03-18 06:42:35,RTM,Rain,0.05,8.54,8.0,21.3,70.1
2026-01-08 11:04:26,RTM,Clear,0.26,7.82,0.0,13.6,60.7
2026-06-02 15:02:58,RTM,Clear,0.38,6.53,1.1,26.5,78.5
2026-01-01 20:43:35,RTM,Clear,0.13,8.9,0.7,17.6,60.4
2026-03-19 02:07:49,RTM,Clear,0.39,6.52,0.6,34.3,82.2
2026-06-28 11:17:10,RTM,Fog,0.36,6.5,1.2,30.6,73.7
2026-04-06 18:27:03,RTM,Clear,0.26,7.14,1.3,26.7,74.4
2026-04-30 02:46:37,RTM,Clear,0.24,7.58,0.8,15.8,60.2
2026-02-20 18:00:47,RTM,Fog,0.59,5.0,0.5,35.7,76.6
2026-06-08 13:39:50,RTM,Clear,0.03,9.18,0.5,15.7,63.6
2026-05-06 05:08:46,RTM,Clear,0.09,9.69,0.1,16.3,62.2
2026-03-07 05:47:19,RTM,Cloudy,0.24,8.06,1.2,20.8,49.1
2026-06-04 01:00:29,RTM,Rain,0.27,6.86,18.3,15.6,47.1
2026-03-03 12:38:10,RTM,Clear,0.45,5.39,1.2,30.9,56.2
2026-06-11 04:18:33,RTM,Clear,0.21,7.72,1.5,13.1,44.1
2026-03-26 21:21:08,RTM,Clear,0.24,7.56,0.4,11.6,64.0
2026-06-25 19:26:23,RTM,Clear,0.21,7.89,1.4,34.6,47.8
2026-03-05 17:43:05,RTM,Clear,0.46,5.61,0.2,32.9,65.7
2026-02-16 02:09:16,RTM,Clear,0.38,6.7,0.6,16.4,41.9
2026-02-21 18:35:17,RTM,Clear,0.23,8.24,1.4,23.4,63.4
2026-01-10 11:02:21,RTM,Fog,0.49,5.38,0.1,39.2,73.2
2026-01-10 06:53:48,RTM,Clear,0.13,8.79,0.3,25.1,60.4
2026-03-07 20:03:16,RTM,Clear,0.05,9.87,0.6,28.1,51.0
2026-03-29 16:12:23,RTM,Clear,0.29,9.0,0.9,39.8,75.7
2026-06-22 01:27:04,RTM,Clear,0.39,7.25,0.6,31.9,34.9
2026-05-09 12:42:00,RTM,Clear,0.26,7.46,1.3,39.8,53.4
2026-05-19 14:06:27,RTM,Clear,0.26,7.17,1.1,25.1,63.3
2026-02-20 14:18:31,RTM,Clear,0.34,7.2,0.9,27.9,52.7
2026-06-10 05:09:06,RTM,Cloudy,0.21,7.86,0.1,33.0,93.0
2026-06-03 15:47:17,RTM,Clear,0.34,7.17,0.1,20.1,67.5
2026-04-06 20:16:34,RTM,Clear,0.32,6.35,0.7,21.9,26.1
2026-01-06 16:47:53,RTM,Fog,0.54,5.92,0.6,29.4,70.2
2026-01-14 00:18:24,RTM,Clear,0.39,6.82,0.7,14.5,61.9
2026-04-19 10:59:56,RTM,Cloudy,0.26,8.36,0.9,21.4,88.4
2026-04-15 07:39:09,RTM,Fog,0.99,1.1,0.8,27.5,84.3
2026-01-02 19:36:52,RTM,Clear,0.32,7.68,0.9,34.2,74.5
2026-03-26 04:17:18,RTM,Rain,0.15,8.15,11.0,33.2,93.6
2026-01-18 01:21:05,RTM,Clear,0.34,7.03,0.5,27.8,32.5
2026-04-18 18:22:47,RTM,Cloudy,0.12,9.55,0.3,24.7,62.6
2026-05-20 09:19:27,RTM,Rain,0.44,5.17,8.3,19.1,84.3
2026-03-20 18:41:26,RTM,Cloudy,0.29,8.53,1.1,24.9,65.5
2026-04-29 17:16:54,RTM,Clear,0.15,8.18,1.5,14.7,43.5
2026-04-17 08:43:42,RTM,Clear,0.27,7.86,0.4,21.4,72.5
2026-01-21 19:59:05,RTM,Clear,0.17,8.38,0.1,27.4,88.4
2026-05-28 02:13:17,RTM,Clear,0.43,5.46,0.5,25.6,89.3
2026-03-05 05:01:32,RTM,Clear,0.06,9.48,1.5,32.5,74.8
2026-05-04 13:17:08,RTM,Cloudy,0.25,7.69,1.2,22.8,92.2
2026-06-07 23:49:02,RTM,Clear,0.32,7.25,1.3,27.6,89.6
2026-03-15 09:27:13,RTM,Fog,0.39,7.14,0.3,27.7,52.9
2026-04-24 17:28:11,RTM,Rain,0.36,6.57,4.3,13.3,69.6
2026-04-20 04:28:03,RTM,Clear,0.15,8.55,0.4,29.6,73.7
2026-02-20 18:30:40,RTM,Clear,0.54,5.61,1.3,28.3,93.3
2026-03-18 19:09:20,RTM,Fog,0.81,2.71,0.6,30.9,81.2
2026-02-16 17:30:20,RTM,Clear,0.49,5.82,0.5,30.5,79.1
2026-06-26 22:28:26,RTM,Rain,0.06,7.8,1.5,19.7,35.4
2026-03-04 03:05:53,RTM,Cloudy,0.13,8.74,0.1,15.9,51.6
2026-06-09 15:39:15,RTM,Cloudy,0.32,7.01,1.5,19.9,75.1
2026-06-26 00:02:53,RTM,Clear,0.66,4.53,0.5,27.8,48.0
2026-01-09 01:34:24,RTM,Cloudy,0.25,8.0,0.2,43.3,97.3
2026-02-14 20:45:50,RTM,Clear,0.85,3.57,1.3,33.1,81.0
2026-05-29 22:02:11,RTM,Clear,0.27,7.88,0.3,22.8,74.1
2026-03-08 10:53:38,RTM,Clear,0.04,9.54,1.3,16.5,63.1
2026-04-01 08:33:19,RTM,Cloudy,0.16,9.59,0.7,22.5,66.7
2026-03-29 07:26:53,RTM,Clear,0.47,5.83,0.4,25.2,86.6
2026-03-23 16:52:39,RTM,Clear,0.39,6.07,1.0,24.8,71.4
2026-05-16 06:28:43,RTM,Fog,0.72,4.25,0.4,24.3,81.6
2026-05-19 15:01:04,RTM,Cloudy,0.35,6.78,0.5,22.9,82.2
2026-03-04 15:58:55,RTM,Rain,0.33,6.29,6.7,24.3,100.0
2026-04-23 06:08:31,RTM,Rain,0.38,5.74,5.6,10.0,46.9
2026-01-12 14:11:43,RTM,Clear,0.4,6.2,0.8,29.5,69.8
2026-03-06 20:00:41,RTM,Clear,0.27,7.56,0.6,35.5,58.3
2026-03-20 23:06:10,RTM,Clear,0.32,8.17,1.4,30.8,76.4
2026-06-02 20:40:27,RTM,Cloudy,0.39,7.04,0.9,28.3,51.9
2026-01-20 02:38:08,RTM,Clear,0.25,6.8,1.5,16.0,83.3
2026-05-29 16:22:49,RTM,Clear,0.49,5.47,1.2,19.8,69.6
2026-01-02 07:52:50,RTM,Cloudy,0.25,7.96,0.2,24.1,78.0
2026-01-11 12:58:06,RTM,Clear,0.07,10.24,0.2,27.1,68.6
2026-03-20 20:40:57,RTM,Clear,0.28,7.41,1.3,18.4,47.1
2026-03-02 16:30:43,RTM,Clear,0.18,7.87,1.0,22.0,53.9
2026-01-17 07:29:00,RTM,Rain,0.17,6.57,6.0,21.0,46.4
2026-01-07 05:44:34,RTM,Rain,0.21,6.93,7.4,27.0,70.0
2026-05-02 17:57:40,RTM,Rain,0.21,7.02,7.9,10.3,96.1
2026-01-04 10:38:47,RTM,Clear,0.05,9.37,0.7,17.3,92.4
2026-06-25 14:35:43,RTM,Rain,0.49,4.62,20.4,21.0,54.0
2026-03-04 00:35:50,RTM,Clear,0.07,8.69,1.3,12.5,55.2
2026-02-21 01:29:20,RTM,Clear,0.05,9.61,0.2,27.5,31.6
2026-06-21 18:11:00,RTM,Fog,0.83,2.23,1.0,21.2,57.0
2026-01-31 04:48:39,RTM,Clear,0.55,5.36,1.4,11.9,71.9
2026-02-14 21:02:10,RTM,Rain,0.11,8.14,9.2,18.8,54.7
2026-04-27 07:28:08,RTM,Clear,0.13,8.83,0.6,23.5,77.7
2026-03-15 00:57:51,RTM,Clear,0.23,8.39,1.3,16.0,74.0
2026-01-19 13:07:36,RTM,Cloudy,0.36,7.43,1.2,11.8,56.4
2026-04-07 21:15:05,RTM,Clear,0.3,7.01,0.1,32.8,82.6
2026-01-24 03:34:48,RTM,Clear,0.37,6.39,0.6,27.9,83.3
2026-05-03 00:43:16,RTM,Clear,0.33,7.14,0.8,14.8,78.5
2026-03-20 01:01:53,RTM,Clear,0.5,5.71,0.2,-2.1,76.7
2026-02-24 02:25:08,RTM,Clear,0.37,6.58,1.1,22.0,73.8
2026-04-29 03:14:51,RTM,Rain,0.1,8.04,6.2,23.6,65.1
2026-03-17 15:49:45,RTM,Clear,0.35,6.95,0.7,25.8,36.9
2026-06-07 07:06:10,RTM,Clear,0.15,10.17,1.2,30.6,47.3
2026-05-07 19:03:16,RTM,Clear,0.28,7.85,0.8,37.6,34.7
2026-01-23 19:58:41,RTM,Fog,0.6,4.95,0.8,15.2,88.0
2026-06-12 13:43:01,RTM,Clear,0.33,6.68,0.9,20.2,38.4
2026-03-08 19:24:35,RTM,Fog,0.42,6.18,0.4,40.6,74.0
2026-03-18 06:49:31,RTM,Clear,0.13,8.57,0.4,14.5,83.9
2026-05-25 11:13:12,RTM,Clear,0.11,9.62,0.6,37.3,67.7
2026-04-20 08:08:22,RTM,Clear,0.37,7.36,0.6,25.6,62.5
2026-05-22 09:29:38,RTM,Cloudy,0.22,8.44,0.9,36.8,64.2
2026-03-07 04:14:39,RTM,Cloudy,0.36,7.45,0.6,24.9,58.7
2026-01-10 07:36:45,RTM,Rain,0.38,5.18,6.6,18.2,100.0
2026-02-11 15:41:49,RTM,Clear,0.29,6.99,1.4,26.8,63.6
2026-01-21 23:26:03,RTM,Clear,0.17,9.16,0.1,32.7,66.8
2026-01-08 22:10:48,RTM,Clear,0.3,7.6,0.5,27.2,46.2
2026-03-29 05:44:20,RTM,Clear,0.23,7.49,1.5,24.1,80.7
2026-02-19 03:43:24,RTM,Clear,0.19,8.79,0.7,14.7,60.1
2026-01-25 07:19:13,RTM,Cloudy,0.47,5.66,1.2,24.3,98.2
2026-02-24 04:54:29,RTM,Clear,0.2,8.07,0.9,13.8,54.1
2026-05-30 14:52:43,RTM,Clear,0.27,7.28,1.1,19.6,37.7
2026-04-16 20:22:55,RTM,Clear,0.18,8.51,0.3,23.5,64.0
2026-04-18 06:22:00,RTM,Clear,0.1,8.81,0.2,18.7,69.9
2026-02-01 16:24:21,RTM,Clear,0.17,8.47,1.1,20.6,49.2
2026-04-01 00:07:51,RTM,Fog,0.54,4.73,0.3,24.0,96.9
2026-03-20 20:07:34,RTM,Clear,0.29,7.3,0.1,41.7,68.2
2026-05-25 14:26:06,RTM,Rain,0.52,4.3,3.1,48.3,68.2
2026-05-27 16:16:17,RTM,Fog,0.68,3.69,0.6,8.4,75.2
2026-01-03 13:46:56,RTM,Clear,0.42,6.39,0.7,20.4,94.6
2026-06-21 19:52:55,RTM,Cloudy,0.4,6.71,0.3,32.6,83.5
2026-06-14 16:09:38,RTM,Clear,0.03,9.66,0.4,10.3,59.1
2026-02-15 21:18:16,RTM,Cloudy,0.54,5.34,0.0,37.1,67.0
2026-06-03 23:47:35,RTM,Fog,1.0,1.66,1.2,23.2,71.9
2026-04-17 21:29:28,RTM,Clear,0.25,8.37,1.3,18.4,77.1
2026-04-09 10:35:26,RTM,Clear,0.27,8.05,1.3,28.0,96.6
2026-02-24 17:12:04,RTM,Cloudy,0.51,5.16,1.3,23.1,74.7
2026-01-20 23:22:08,RTM,Clear,0.31,7.29,1.4,28.6,46.0
2026-04-16 03:34:47,RTM,Fog,0.67,4.19,0.4,33.8,100.0
2026-02-08 04:04:59,RTM,Cloudy,0.07,9.21,1.2,23.6,78.0
2026-03-25 17:30:56,RTM,Cloudy,0.15,8.94,1.5,14.5,88.1
2026-04-28 22:32:29,RTM,Cloudy,0.08,9.05,0.5,26.7,56.5
2026-05-13 06:21:56,RTM,Clear,0.36,6.84,0.2,20.6,57.7
2026-03-28 17:05:34,RTM,Rain,0.3,6.43,10.4,34.4,52.3
2026-01-20 22:04:48,RTM,Clear,0.21,8.13,0.7,20.7,85.8
2026-03-06 22:48:20,RTM,Clear,0.21,8.82,1.4,20.9,20.4
2026-05-13 18:18:29,RTM,Cloudy,0.04,9.66,1.1,32.3,54.5
2026-02-01 01:18:29,RTM,Fog,0.4,6.81,1.3,19.1,70.7
2026-03-13 00:51:41,RTM,Clear,0.19,8.85,0.7,25.9,100.0
2026-03-12 02:10:08,RTM,Clear,0.31,7.36,1.2,36.5,52.4
2026-01-09 15:38:04,RTM,Rain,0.14,7.71,4.0,11.6,63.5
2026-03-15 17:18:46,RTM,Clear,0.05,9.65,0.6,14.1,61.6
2026-04-25 11:51:08,RTM,Clear,0.2,7.78,1.0,26.9,61.7
2026-02-16 02:00:47,RTM,Clear,0.35,6.27,1.1,18.6,33.7
2026-03-04 08:58:46,RTM,Clear,0.31,7.63,1.3,17.9,100.0
2026-01-12 06:04:39,RTM,Clear,0.19,8.62,1.0,25.3,91.2
2026-03-29 14:02:53,RTM,Fog,0.57,5.54,1.2,32.0,60.0
2026-02-07 22:02:32,RTM,Clear,0.23,7.96,1.3,39.1,63.7
2026-04-06 18:11:22,RTM,Clear,0.44,6.45,0.6,42.2,96.8
2026-02-22 02:31:39,RTM,Rain,0.39,5.35,5.4,23.9,88.6
2026-05-05 22:10:54,RTM,Clear,0.34,7.27,1.0,19.1,97.9
2026-06-01 05:03:36,RTM,Cloudy,0.41,6.54,0.6,33.0,63.2
2026-03-05 17:33:29,RTM,Cloudy,0.12,8.98,0.3,35.1,74.7
2026-02-26 03:24:54,RTM,Cloudy,0.17,8.48,1.4,26.7,71.6
2026-01-31 21:16:19,RTM,Cloudy,0.37,6.58,0.1,24.9,64.7
2026-05-01 23:19:50,RTM,Clear,0.07,9.39,1.5,22.0,67.9
2026-01-26 18:50:45,RTM,Cloudy,0.23,8.06,0.0,11.5,76.8
2026-04-05 11:44:39,RTM,Rain,0.42,5.02,13.0,27.1,36.8
2026-02-26 10:05:57,RTM,Rain,0.16,7.5,12.7,11.6,55.3
2026-05-29 10:40:55,RTM,Clear,0.16,8.64,0.9,20.9,52.5
2026-06-30 15:17:24,RTM,Rain,0.61,3.58,9.1,37.3,95.0
2026-01-02 03:41:41,RTM,Fog,0.42,6.72,1.2,29.8,87.7
2026-03-19 21:08:12,RTM,Clear,0.4,6.75,1.5,24.1,68.1
2026-06-01 03:33:59,RTM,Cloudy,0.52,5.56,0.3,22.5,48.9
2026-02-26 02:30:45,RTM,Cloudy,0.28,7.51,0.9,26.0,58.6
2026-05-02 10:45:42,RTM,Clear,0.13,8.36,1.1,32.3,63.2
2026-05-13 01:54:54,RTM,Clear,0.32,7.61,0.5,29.0,90.3
2026-06-20 20:20:29,RTM,Fog,0.66,4.05,1.1,23.9,100.0
2026-04-12 21:51:41,RTM,Clear,0.12,8.21,1.3,23.5,68.0
2026-03-18 11:30:27,RTM,Cloudy,0.39,7.16,1.4,20.0,48.4
2026-01-12 22:21:00,RTM,Clear,0.5,6.02,1.2,23.5,51.2
2026-01-10 17:21:32,RTM,Rain,0.08,7.87,4.3,9.8,58.6
2026-04-14 10:57:06,RTM,Rain,0.47,5.09,9.4,39.0,87.4
2026-01-24 11:03:42,RTM,Fog,0.72,4.81,1.3,39.3,96.3
2026-05-25 01:53:55,RTM,Clear,0.41,5.77,0.8,35.1,98.8
2026-01-07 19:44:18,RTM,Rain,0.21,7.2,7.8,26.7,61.7
2026-03-21 23:10:03,RTM,Clear,0.29,7.68,0.1,25.2,80.7
2026-06-27 04:46:26,RTM,Clear,0.07,8.85,1.1,13.1,44.2
2026-01-03 03:01:26,RTM,Rain,0.41,5.86,4.4,37.0,68.8
2026-06-18 09:40:15,RTM,Rain,0.22,7.93,10.5,18.2,56.9
2026-05-26 02:55:29,RTM,Cloudy,0.15,8.78,0.4,25.8,98.9
2026-01-19 16:04:34,RTM,Clear,0.5,5.86,0.8,41.5,71.2
2026-06-06 13:49:13,RTM,Cloudy,0.07,9.73,0.7,39.4,61.8
2026-04-07 15:05:24,RTM,Fog,0.53,5.67,0.6,32.7,71.9
2026-01-09 09:30:09,RTM,Rain,0.25,6.2,7.1,28.7,24.5
2026-03-17 11:36:09,RTM,Cloudy,0.39,6.73,1.2,18.5,68.8
2026-06-16 08:57:38,RTM,Clear,0.12,8.88,1.1,19.2,69.2
2026-03-21 03:41:25,RTM,Cloudy,0.23,8.21,0.1,28.8,94.3
2026-06-04 02:42:00,RTM,Clear,0.64,4.77,1.3,27.3,90.5
2026-06-03 16:25:01,RTM,Clear,0.39,7.21,1.0,16.0,62.6
2026-06-13 21:01:53,RTM,Clear,0.44,5.99,0.0,43.0,68.1
2026-03-05 19:36:03,RTM,Rain,0.8,2.41,8.8,37.7,100.0
2026-04-18 16:13:43,RTM,Rain,0.39,5.6,9.1,19.8,76.0
2026-05-29 08:48:30,RTM,Clear,0.31,6.81,0.5,25.4,70.5
2026-05-27 00:38:12,RTM,Clear,0.15,8.4,1.5,22.5,99.4
2026-06-03 22:17:56,RTM,Rain,0.31,5.64,8.4,29.1,26.7
2026-05-11 05:05:22,RTM,Fog,0.73,3.81,1.2,26.6,57.1
2026-03-25 09:57:36,RTM,Cloudy,0.38,7.01,0.8,14.6,82.4
2026-04-11 21:16:21,RTM,Rain,0.08,8.28,2.2,9.4,58.1
2026-06-24 13:48:01,RTM,Cloudy,0.09,9.38,0.7,18.5,72.0
2026-02-12 22:23:36,RTM,Rain,0.36,5.04,4.8,23.3,47.7
2026-06-27 11:52:26,RTM,Clear,0.01,9.31,1.5,33.6,47.7
2026-02-15 04:02:52,RTM,Fog,0.47,6.35,0.3,22.6,84.5
2026-06-05 07:05:54,RTM,Fog,0.58,6.3,0.7,25.2,81.8
2026-01-10 12:03:36,RTM,Rain,0.29,6.9,3.7,24.7,72.3
2026-04-18 06:19:01,RTM,Cloudy,0.17,8.47,0.2,14.4,100.0
2026-04-02 21:31:46,RTM,Clear,0.27,7.39,1.3,17.9,50.9
2026-05-01 23:43:07,RTM,Cloudy,0.26,7.94,0.8,28.0,52.0
2026-06-17 22:56:16,RTM,Rain,0.3,6.01,15.7,15.7,59.8
2026-04-06 10:59:53,RTM,Cloudy,0.58,4.93,0.9,34.8,73.6
2026-01-18 04:36:38,RTM,Clear,0.02,9.91,0.5,24.0,49.3
2026-01-20 22:47:04,RTM,Clear,0.09,10.22,1.2,20.3,44.8
2026-05-05 13:21:54,RTM,Rain,0.47,4.65,5.5,33.2,68.8
2026-04-26 17:59:13,RTM,Clear,0.23,7.35,1.4,35.4,58.8
2026-03-18 07:22:29,RTM,Clear,0.21,8.14,1.1,12.9,59.2
2026-01-03 15:16:13,RTM,Fog,0.88,2.62,1.3,8.0,46.6
2026-01-15 17:47:49,RTM,Rain,0.11,7.86,9.7,32.9,60.4
2026-06-03 03:53:03,RTM,Clear,0.2,7.61,0.3,25.3,85.0
2026-04-19 06:21:48,RTM,Rain,0.41,5.14,6.5,12.3,61.9
2026-04-10 08:00:48,RTM,Rain,0.22,6.89,8.6,29.9,42.7
2026-06-23 07:48:22,RTM,Clear,0.2,7.84,0.5,39.0,79.4
2026-03-23 00:35:58,RTM,Cloudy,0.69,4.8,0.9,33.2,72.4
2026-01-25 09:47:49,RTM,Fog,0.68,3.96,1.4,37.2,74.0
2026-04-28 11:51:10,RTM,Rain,0.21,6.93,3.6,32.7,60.3
2026-05-23 03:59:40,RTM,Cloudy,0.11,8.7,1.2,14.1,79.3
2026-03-19 02:46:12,RTM,Fog,0.75,3.26,0.5,22.5,84.9
2026-05-10 08:30:14,RTM,Clear,0.39,6.52,0.3,34.1,90.8
2026-01-19 01:09:25,RTM,Rain,0.32,6.36,13.2,17.0,65.8
2026-04-04 06:09:30,RTM,Clear,0.33,7.3,0.6,21.3,74.9
2026-02-26 10:04:17,RTM,Rain,0.18,7.19,3.4,25.8,64.9
2026-05-30 15:35:52,RTM,Clear,0.12,8.55,1.3,19.3,72.1
2026-04-03 17:16:51,RTM,Rain,0.64,3.19,16.5,20.3,60.2
2026-02-25 13:37:58,RTM,Clear,0.27,7.32,0.4,17.5,71.0
2026-03-10 17:21:03,RTM,Clear,0.11,8.42,0.2,36.6,52.3
2026-02-15 20:09:03,RTM,Clear,0.38,6.74,0.1,21.8,70.2
2026-02-15 10:56:34,RTM,Clear,0.06,9.97,0.2,35.1,46.1
2026-04-23 05:55:44,RTM,Clear,0.3,7.79,0.6,25.9,57.3
2026-03-25 03:24:58,RTM,Clear,0.27,7.4,0.6,30.0,51.0
2026-04-10 13:28:06,RTM,Fog,0.76,4.2,0.6,31.7,31.1
2026-06-15 08:51:24,RTM,Rain,0.42,4.63,5.0,17.6,59.5
2026-04-20 08:15:53,RTM,Clear,0.1,9.53,1.4,27.1,60.3
2026-03-24 14:45:32,RTM,Clear,0.28,8.31,0.0,20.4,51.1
2026-01-24 06:48:57,RTM,Clear,0.34,7.53,1.5,18.6,99.5
2026-06-25 22:46:13,RTM,Clear,0.31,7.52,1.4,39.5,64.1
2026-06-18 15:02:32,RTM,Clear,0.37,5.83,0.3,17.7,89.6
2026-02-04 02:44:49,RTM,Fog,1.0,1.52,1.1,35.1,93.3
2026-01-04 02:06:58,RTM,Clear,0.23,7.82,0.4,13.2,54.8
2026-01-29 08:01:22,RTM,Cloudy,0.23,8.44,0.7,7.5,69.6
2026-05-16 11:33:31,RTM,Clear,0.12,9.22,1.3,26.2,26.5
2026-02-23 16:07:55,RTM,Clear,0.45,5.72,0.1,36.9,63.2
2026-05-20 13:09:11,RTM,Clear,0.15,8.27,1.2,20.2,50.0
2026-05-06 07:20:15,RTM,Rain,0.08,8.01,11.1,32.6,100.0
2026-04-06 21:59:40,RTM,Clear,0.17,7.85,0.3,24.9,31.1
2026-01-18 01:23:03,RTM,Clear,0.36,6.69,0.3,36.7,29.6
2026-05-16 20:13:52,RTM,Cloudy,0.26,8.12,1.4,11.3,58.3
2026-02-18 01:56:29,RTM,Cloudy,0.21,7.97,0.4,35.5,67.8
2026-04-17 12:32:17,RTM,Rain,0.25,6.68,8.7,31.2,53.6
2026-04-14 22:19:38,RTM,Fog,0.62,4.09,1.0,7.9,57.0
2026-04-07 13:11:16,RTM,Clear,0.8,3.32,0.1,26.9,81.3
2026-04-07 03:00:48,RTM,Clear,0.38,7.35,1.0,17.7,64.9
2026-03-05 19:09:38,RTM,Clear,0.28,7.85,0.8,30.2,67.1
2026-05-10 20:03:32,RTM,Clear,0.14,8.81,0.1,23.4,59.3
2026-02-11 02:18:25,RTM,Rain,0.16,7.04,10.8,16.4,50.7
2026-01-18 11:41:26,RTM,Clear,0.33,7.08,1.5,20.1,92.1
2026-03-05 05:31:15,RTM,Rain,0.64,3.46,4.0,23.4,54.8
2026-04-14 00:04:35,RTM,Clear,0.38,6.52,1.1,28.5,79.3
2026-01-27 03:36:03,RTM,Clear,0.36,7.02,0.3,26.6,92.0
2026-05-21 20:50:25,RTM,Fog,0.59,4.91,1.4,19.7,83.9
2026-05-18 06:47:48,RTM,Cloudy,0.31,7.98,0.7,18.1,60.5
2026-05-23 05:37:38,RTM,Clear,0.34,7.22,0.2,27.0,58.5
2026-05-25 22:21:46,RTM,Fog,0.68,4.17,1.1,16.7,57.5
2026-03-08 03:53:59,RTM,Clear,0.07,10.39,1.3,32.7,86.2
2026-04-10 00:47:14,RTM,Clear,0.09,9.74,1.2,15.9,53.7
2026-04-18 00:54:30,RTM,Fog,1.0,2.03,1.1,31.3,93.4
2026-03-17 04:07:58,RTM,Clear,0.21,8.36,0.6,26.6,63.8
2026-03-28 18:05:50,RTM,Cloudy,0.45,5.78,1.2,21.9,72.7
2026-05-09 03:14:59,RTM,Cloudy,0.4,5.98,0.6,25.9,53.6
2026-06-08 05:16:40,RTM,Clear,0.24,8.23,1.4,25.7,79.4
2026-03-05 17:33:42,RTM,Clear,0.28,7.2,1.2,21.5,57.0
2026-05-16 13:16:14,RTM,Cloudy,0.2,7.5,0.2,27.2,92.8
2026-01-14 05:59:53,RTM,Cloudy,0.05,9.64,0.1,7.7,38.6
2026-04-14 03:33:06,RTM,Clear,0.52,6.8,1.5,29.1,96.0
2026-02-16 05:13:21,RTM,Clear,0.36,6.17,1.0,21.6,70.2
2026-01-25 20:40:43,RTM,Cloudy,0.33,6.48,0.4,32.6,42.8
2026-06-18 18:10:01,RTM,Clear,0.31,7.39,1.3,34.2,74.8
2026-06-27 00:36:02,RTM,Clear,0.25,8.08,0.3,17.5,74.9
2026-01-31 03:54:50,RTM,Clear,0.39,6.52,1.3,12.8,65.6
2026-05-30 05:56:10,RTM,Clear,0.12,9.24,0.5,12.3,75.6
2026-05-30 02:28:04,RTM,Clear,0.19,9.08,0.1,25.1,67.5
2026-05-06 11:56:55,RTM,Cloudy,0.55,5.42,1.0,38.2,46.8
2026-06-15 05:18:06,RTM,Clear,0.11,8.89,0.5,16.4,74.5
2026-02-23 17:20:22,RTM,Clear,0.25,8.04,0.8,26.7,70.2
2026-06-16 08:20:17,RTM,Clear,0.4,6.19,1.1,27.9,48.7
2026-06-26 14:36:28,RTM,Fog,0.86,3.02,1.0,33.4,45.4
2026-02-11 12:05:12,RTM,Clear,0.16,8.92,0.3,12.8,64.2
2026-01-05 12:26:44,RTM,Clear,0.45,5.77,0.6,26.8,76.9
2026-03-17 09:45:10,RTM,Clear,0.16,8.44,0.1,36.2,39.6
2026-04-21 14:25:04,RTM,Cloudy,0.29,7.1,1.5,21.4,50.0
2026-02-05 11:53:03,RTM,Cloudy,0.31,7.09,1.4,30.7,79.6
2026-06-22 06:26:07,RTM,Cloudy,0.33,7.4,1.0,23.4,23.6
2026-03-20 19:13:10,RTM,Clear,0.51,6.17,1.0,26.6,62.8
2026-03-15 17:55:39,RTM,Clear,0.43,6.05,1.4,18.0,72.3
2026-01-12 05:30:54,RTM,Cloudy,0.53,5.49,0.0,21.8,74.9
2026-04-16 13:56:24,RTM,Clear,0.18,8.09,0.7,25.2,47.7
2026-04-17 05:15:02,RTM,Clear,0.19,7.94,0.9,26.8,36.8
2026-06-23 21:44:33,RTM,Clear,0.34,6.51,1.4,21.0,78.9
2026-06-11 07:44:00,RTM,Clear,0.14,8.91,0.2,35.5,20.0
2026-06-09 13:18:22,RTM,Fog,0.6,4.8,0.7,24.7,100.0
2026-02-16 02:59:30,RTM,Fog,0.46,5.77,0.0,21.8,36.6
2026-05-08 22:12:12,RTM,Clear,0.36,6.32,0.2,33.0,65.9
2026-05-12 11:19:46,RTM,Clear,0.37,6.79,0.9,29.9,46.8
2026-04-06 09:15:42,RTM,Clear,0.4,6.89,1.5,30.2,86.6
2026-06-01 10:53:57,RTM,Clear,0.47,6.99,0.7,23.7,64.1
2026-02-24 01:01:20,RTM,Clear,0.41,6.82,0.7,21.7,51.3
2026-03-01 05:00:54,RTM,Clear,0.03,9.6,1.3,22.8,70.8
2026-05-02 21:20:25,RTM,Rain,0.11,8.55,2.4,24.0,53.5
2026-05-31 09:22:56,RTM,Clear,0.15,8.21,0.3,37.9,52.7
2026-03-08 05:10:17,RTM,Cloudy,0.03,9.83,1.3,19.6,47.7
2026-01-28 01:30:42,RTM,Clear,0.31,7.28,0.2,26.4,56.9
2026-06-29 00:24:52,RTM,Cloudy,0.56,5.01,1.2,33.7,30.3
2026-04-15 00:10:06,RTM,Clear,0.46,5.57,1.2,21.6,94.8
2026-05-11 01:51:13,RTM,Rain,0.31,6.71,9.9,25.1,76.3
2026-05-31 16:21:04,RTM,Clear,0.58,5.62,1.4,15.3,83.5
2026-06-04 06:41:31,RTM,Clear,0.13,8.6,1.5,17.4,41.5
2026-06-20 11:26:23,RTM,Clear,0.04,9.94,1.3,18.6,42.5
2026-02-02 14:21:13,RTM,Cloudy,0.52,4.98,1.5,17.8,59.9
2026-04-14 17:13:46,RTM,Cloudy,0.13,9.13,0.2,26.1,47.8
2026-06-21 17:47:24,RTM,Clear,0.09,9.56,0.4,22.9,34.5
2026-01-12 04:02:49,RTM,Clear,0.44,5.76,0.8,13.3,51.3
2026-04-21 17:19:52,RTM,Fog,0.96,1.75,0.0,33.3,61.3
2026-05-27 02:07:37,RTM,Clear,0.26,7.91,0.7,41.2,73.8
2026-05-09 19:12:58,RTM,Clear,0.26,8.37,0.1,28.7,89.4
2026-05-14 16:05:29,RTM,Cloudy,0.2,8.88,1.0,29.5,77.5
2026-02-14 03:30:54,RTM,Clear,0.32,6.93,1.5,21.5,71.1
2026-01-15 12:10:10,RTM,Clear,0.11,8.74,1.1,19.6,66.3
2026-06-15 21:03:49,RTM,Clear,0.36,6.73,1.0,39.3,75.2
2026-01-02 04:46:20,RTM,Cloudy,0.26,8.22,0.8,6.3,64.9
2026-04-25 13:47:59,RTM,Clear,0.23,8.19,0.5,29.5,69.3
2026-01-03 18:18:12,RTM,Clear,0.12,9.06,0.1,21.8,62.0
2026-01-09 14:38:37,RTM,Clear,0.15,8.55,1.1,30.2,59.0
2026-02-28 19:14:25,RTM,Cloudy,0.18,7.97,0.8,17.0,68.6
2026-02-06 23:01:08,RTM,Cloudy,0.44,6.74,0.8,26.2,87.7
2026-04-19 15:14:28,RTM,Rain,0.68,2.56,13.0,11.9,55.4
2026-04-24 01:01:07,RTM,Clear,0.31,6.98,0.6,14.3,97.7
2026-04-12 00:50:55,RTM,Clear,0.07,9.61,0.8,28.5,76.2
2026-01-01 18:58:46,RTM,Clear,0.66,4.23,0.7,19.7,86.5
2026-03-20 04:22:30,RTM,Clear,0.39,7.06,1.4,15.4,77.5
2026-05-26 21:32:15,RTM,Fog,0.5,5.37,0.8,31.6,66.9
2026-05-23 18:27:24,RTM,Clear,0.3,6.62,0.5,28.7,64.0
2026-05-28 12:22:12,RTM,Clear,0.21,8.5,0.6,36.4,70.1
2026-03-10 01:29:51,RTM,Clear,0.22,8.32,0.8,17.5,82.4
2026-03-01 11:26:34,RTM,Clear,0.37,6.26,0.3,17.8,62.7
2026-02-20 20:05:36,RTM,Clear,0.38,7.2,0.7,33.0,64.1
2026-04-27 12:01:58,RTM,Cloudy,0.35,6.86,1.0,27.3,79.8
2026-01-08 21:45:56,RTM,Rain,0.1,8.14,4.7,15.3,57.8
2026-02-06 01:04:14,RTM,Fog,0.5,5.03,1.4,21.7,100.0
2026-04-25 03:51:15,RTM,Clear,0.09,9.28,1.1,12.7,50.8
2026-05-30 02:41:03,RTM,Clear,0.05,9.48,0.4,30.5,66.7
2026-02-26 23:59:29,RTM,Clear,0.12,9.21,1.5,33.9,72.7
2026-01-05 13:01:07,RTM,Fog,0.62,3.71,0.0,29.8,52.1
2026-04-08 13:31:00,RTM,Cloudy,0.43,6.24,0.9,14.9,31.6
2026-02-14 23:41:48,RTM,Cloudy,0.19,8.34,1.2,23.4,52.4
2026-02-06 00:13:16,RTM,Fog,0.73,3.51,0.3,30.7,54.2
2026-05-31 05:28:07,RTM,Rain,0.37,6.41,7.6,21.6,47.0
2026-04-01 07:40:50,RTM,Clear,0.55,5.4,0.6,20.7,59.7
2026-02-05 08:25:07,RTM,Cloudy,0.59,4.78,0.1,21.1,75.0
2026-05-26 11:10:51,RTM,Clear,0.47,6.38,0.4,43.6,43.8
2026-01-26 21:41:09,RTM,Rain,0.1,7.41,12.3,35.4,97.8
2026-05-29 16:51:46,RTM,Clear,0.07,9.01,1.0,14.1,48.4
2026-05-21 23:39:41,RTM,Cloudy,0.22,7.92,0.3,27.7,65.4
2026-02-11 04:08:36,RTM,Clear,0.16,8.54,1.4,24.6,72.4
2026-02-07 17:52:25,RTM,Clear,0.04,9.27,0.5,20.3,84.4
2026-05-26 19:51:04,RTM,Rain,0.12,8.55,18.7,36.5,79.4
2026-06-02 11:26:29,RTM,Clear,0.26,8.58,0.3,22.7,77.3
2026-01-24 11:38:54,RTM,Clear,0.14,8.63,0.0,9.9,72.9
2026-01-24 18:06:37,RTM,Clear,0.14,8.45,0.4,31.2,39.7
2026-05-15 15:35:57,RTM,Clear,0.42,6.3,0.1,15.3,32.7
2026-06-18 14:09:44,RTM,Clear,0.08,10.02,0.4,24.2,87.6
2026-06-09 14:59:00,RTM,Clear,0.45,5.98,1.1,26.8,79.4
2026-03-28 08:46:27,RTM,Rain,0.42,5.56,6.8,22.7,80.6
2026-02-03 16:58:32,RTM,Rain,0.64,3.9,2.9,17.9,82.5
2026-03-18 13:32:29,RTM,Clear,0.21,8.37,0.4,31.0,84.9
2026-03-20 18:21:03,RTM,Clear,0.32,7.64,0.5,17.8,69.8
2026-04-18 23:48:25,RTM,Clear,0.3,7.15,1.1,23.3,86.5
2026-03-15 23:33:53,RTM,Rain,0.27,5.77,12.6,13.7,52.9
2026-03-16 05:10:24,RTM,Clear,0.27,7.65,0.5,37.3,21.1
2026-03-05 15:20:49,RTM,Clear,0.05,10.19,0.2,23.1,67.1
2026-04-13 21:59:21,RTM,Clear,0.27,8.12,0.0,36.6,68.8
2026-01-23 08:52:56,RTM,Clear,0.15,8.98,1.5,28.5,71.4
2026-04-04 14:18:54,RTM,Clear,0.31,7.58,1.5,33.8,47.2
2026-02-04 21:55:10,RTM,Clear,0.28,7.72,0.9,19.6,48.5
2026-02-02 14:50:54,RTM,Fog,0.73,3.37,0.1,24.4,64.9
2026-03-02 22:56:26,RTM,Cloudy,0.45,5.82,0.6,40.6,63.6
2026-05-16 08:37:33,RTM,Clear,0.28,7.59,1.2,5.7,62.1
2026-06-25 02:08:55,RTM,Clear,0.17,8.26,0.3,43.1,57.8
2026-06-09 00:13:57,RTM,Cloudy,0.16,8.35,1.0,22.2,71.8
2026-04-08 10:36:18,RTM,Clear,0.21,8.89,1.2,25.2,61.9
2026-04-06 04:48:24,RTM,Clear,0.06,9.51,0.5,21.1,55.0
2026-03-09 05:54:54,RTM,Rain,0.59,3.57,1.9,8.3,86.4
2026-04-28 10:14:29,RTM,Clear,0.03,9.85,1.1,30.1,80.1
2026-05-18 23:31:05,RTM,Clear,0.46,6.37,0.9,6.8,64.7
2026-04-29 12:22:33,RTM,Clear,0.51,5.6,1.4,7.6,63.6
2026-01-14 08:03:56,RTM,Clear,0.54,5.14,0.9,8.2,48.8
2026-03-13 10:09:33,RTM,Cloudy,0.37,6.66,0.6,19.4,46.1
2026-06-14 22:39:44,RTM,Clear,0.21,7.32,0.6,24.0,60.8
2026-03-26 06:09:41,RTM,Rain,0.08,8.15,13.5,25.0,60.4
2026-02-21 15:19:11,RTM,Cloudy,0.03,9.9,0.7,24.0,56.7
2026-01-12 13:10:20,RTM,Clear,0.15,8.42,1.5,26.9,74.9
2026-05-22 19:51:54,RTM,Clear,0.17,8.14,0.7,28.6,57.5
2026-06-30 01:58:34,RTM,Cloudy,0.25,7.89,0.9,39.4,91.5
2026-04-19 23:34:49,RTM,Cloudy,0.13,9.72,0.4,21.2,31.9
2026-04-22 00:07:16,RTM,Rain,0.5,4.51,19.6,22.4,81.4
2026-03-19 00:25:34,RTM,Clear,0.35,7.51,0.6,24.1,74.6
2026-06-02 03:18:05,RTM,Clear,0.32,7.14,0.4,31.8,78.9
2026-04-23 21:26:54,RTM,Clear,0.27,8.22,1.4,26.4,59.0
2026-06-07 11:43:00,RTM,Clear,0.23,7.91,0.1,24.5,100.0
2026-05-10 23:26:58,RTM,Clear,0.4,6.71,1.1,24.8,69.7
2026-03-12 00:22:59,RTM,Fog,0.44,5.65,0.0,25.1,83.4
2026-02-13 00:30:17,RTM,Clear,0.22,7.02,1.4,21.1,71.7
2026-04-02 22:23:45,RTM,Clear,0.16,8.53,0.9,31.1,56.9
2026-04-25 07:25:59,RTM,Clear,0.35,7.2,1.2,27.6,78.4
2026-04-14 14:29:07,RTM,Clear,0.13,8.71,0.1,21.5,66.5
2026-03-05 03:42:29,RTM,Cloudy,0.46,6.4,0.6,13.9,63.0
2026-01-20 19:36:40,RTM,Cloudy,0.6,5.04,1.0,12.9,56.3
2026-01-24 22:25:22,RTM,Clear,0.24,7.61,0.1,11.6,41.6
2026-04-28 08:30:21,RTM,Cloudy,0.22,8.22,0.8,34.3,52.1
2026-05-21 03:23:50,RTM,Fog,0.42,6.32,1.2,27.5,50.5
2026-02-21 12:56:23,RTM,Cloudy,0.25,7.72,0.9,10.7,63.7
2026-03-11 21:16:34,RTM,Rain,0.07,8.05,12.5,14.6,49.6
2026-03-17 22:10:31,RTM,Cloudy,0.23,7.98,0.9,24.4,62.2
2026-05-26 13:00:31,RTM,Cloudy,0.45,5.12,1.3,29.3,70.0
2026-01-17 04:09:46,RTM,Clear,0.11,9.18,0.6,18.1,41.4
2026-06-18 14:49:37,RTM,Clear,0.26,8.11,1.0,16.8,100.0
2026-03-28 03:33:17,RTM,Fog,0.68,4.41,0.3,29.9,85.5
2026-06-19 09:29:46,RTM,Cloudy,0.36,6.74,0.0,23.5,78.5
2026-05-05 22:46:57,RTM,Cloudy,0.5,5.84,0.9,19.3,78.2
2026-04-20 04:23:35,RTM,Rain,0.3,6.91,8.4,21.7,90.4
2026-05-12 02:21:35,RTM,Cloudy,0.14,9.03,0.0,25.6,73.4
2026-05-29 12:37:41,RTM,Cloudy,0.25,7.96,0.1,23.4,59.1
2026-03-04 23:17:13,RTM,Clear,0.09,9.3,0.5,14.5,50.4
2026-05-15 09:47:39,RTM,Clear,0.27,8.34,1.4,20.5,74.8
2026-03-05 06:07:04,RTM,Clear,0.39,6.27,0.5,32.4,75.6
2026-02-10 04:21:27,RTM,Clear,0.59,4.44,0.4,10.7,51.5
2026-04-08 11:16:11,RTM,Clear,0.02,9.67,1.4,19.9,59.7
2026-05-25 14:52:10,RTM,Clear,0.28,7.27,0.7,32.9,64.5
2026-05-12 05:59:42,RTM,Clear,0.32,7.0,1.2,25.8,71.2
2026-02-11 07:54:04,RTM,Fog,0.48,5.89,0.5,32.2,60.4
2026-01-31 23:33:02,RTM,Clear,0.11,9.88,0.9,24.4,84.9
2026-02-03 13:36:35,RTM,Cloudy,0.26,8.02,0.2,31.6,33.3
2026-02-07 17:05:59,RTM,Cloudy,0.15,8.15,0.9,24.2,38.6
2026-04-03 11:10:19,RTM,Rain,0.25,6.6,1.9,21.4,62.9
2026-02-26 17:50:25,RTM,Cloudy,0.42,6.39,0.5,22.7,63.8
2026-02-12 13:53:20,RTM,Clear,0.07,9.02,0.0,37.3,47.1
2026-04-28 14:04:17,RTM,Cloudy,0.46,5.55,1.4,6.1,58.1
2026-03-17 18:08:18,RTM,Clear,0.31,7.68,0.2,43.5,70.7
2026-04-21 03:58:35,RTM,Cloudy,0.06,9.87,0.2,20.5,58.2
2026-06-23 21:34:45,RTM,Clear,0.2,9.07,0.4,32.5,73.5
2026-02-10 12:46:34,RTM,Clear,0.1,8.36,1.2,34.9,58.9
2026-06-21 14:12:19,RTM,Clear,0.43,5.74,0.9,16.0,64.0
2026-05-15 01:22:48,RTM,Clear,0.27,8.32,1.1,23.6,74.7
2026-04-29 02:23:34,RTM,Clear,0.41,6.87,0.9,27.1,100.0
2026-01-23 16:33:16,RTM,Cloudy,0.21,7.89,1.5,19.2,70.0
2026-04-17 04:35:16,RTM,Clear,0.18,8.44,0.3,31.3,81.0
2026-04-01 03:19:48,RTM,Clear,0.23,7.71,1.2,19.7,64.1
2026-05-27 18:58:56,RTM,Clear,0.1,8.93,1.1,16.0,56.2
2026-04-09 17:31:22,RTM,Clear,0.53,4.56,0.1,17.7,100.0
2026-04-10 20:06:17,RTM,Clear,0.13,8.36,0.8,13.6,61.3
2026-05-01 09:52:42,RTM,Clear,0.15,8.57,0.3,38.9,88.7
2026-06-09 02:48:22,RTM,Clear,0.24,8.12,0.5,39.6,22.8
2026-05-28 04:15:19,RTM,Clear,0.41,6.92,0.7,17.4,47.1
2026-01-17 06:15:48,RTM,Clear,0.26,7.87,0.4,6.2,78.7
2026-03-06 01:38:47,RTM,Clear,0.37,6.71,0.3,35.5,81.1
2026-02-12 14:32:01,RTM,Clear,0.15,8.16,1.2,18.3,78.2
2026-03-31 23:49:34,RTM,Rain,0.6,4.03,5.9,36.7,68.9
2026-03-11 23:28:09,RTM,Cloudy,0.06,8.93,0.7,36.0,68.1
2026-01-23 17:47:17,RTM,Clear,0.15,9.16,0.9,26.1,46.3
2026-03-02 08:49:52,RTM,Cloudy,0.22,8.23,0.3,12.8,45.4
2026-04-03 22:00:45,RTM,Clear,0.38,6.77,0.5,23.3,45.2
2026-06-17 08:54:25,RTM,Clear,0.46,6.27,0.5,21.0,92.6
2026-06-13 14:27:52,RTM,Clear,0.38,6.22,1.3,33.2,75.8
2026-06-19 01:57:03,RTM,Clear,0.15,8.93,0.2,36.8,84.4
2026-03-11 03:45:36,RTM,Clear,0.24,7.91,0.5,23.0,61.6
2026-01-08 04:41:47,RTM,Clear,0.56,5.14,0.2,23.9,51.5
2026-05-25 05:01:57,RTM,Cloudy,0.54,5.64,1.5,13.2,56.0
2026-01-17 20:34:58,RTM,Cloudy,0.19,8.82,1.1,19.9,60.9
2026-05-21 02:04:12,RTM,Clear,0.34,7.18,0.6,41.1,64.6
2026-02-24 16:21:09,RTM,Fog,0.8,3.27,0.5,23.3,64.2
2026-03-09 00:39:17,RTM,Clear,0.12,9.46,0.2,14.1,40.3
2026-05-17 03:38:31,RTM,Clear,0.54,6.07,1.5,33.6,47.6
2026-01-25 03:34:05,RTM,Fog,0.61,4.59,1.2,25.1,71.2
2026-05-30 09:13:39,RTM,Clear,0.12,8.75,1.3,13.9,87.9
2026-02-23 15:47:19,RTM,Rain,0.3,6.68,12.4,25.2,54.9
2026-04-19 11:10:28,RTM,Clear,0.22,8.45,0.5,30.2,63.6
2026-03-26 08:15:07,RTM,Cloudy,0.5,5.24,1.1,36.5,100.0
2026-05-01 21:21:31,RTM,Rain,0.24,6.16,23.0,34.5,56.9
2026-03-05 15:16:09,RTM,Clear,0.09,9.57,1.4,27.6,70.7
2026-02-18 03:21:19,RTM,Rain,0.1,8.28,6.3,15.2,65.2
2026-03-02 06:03:35,RTM,Cloudy,0.4,6.18,1.5,17.0,100.0
2026-05-11 20:53:47,RTM,Cloudy,0.65,4.27,0.8,16.1,83.4
2026-01-30 12:02:09,RTM,Cloudy,0.2,7.78,0.3,32.1,52.2
2026-05-15 21:20:08,RTM,Clear,0.05,9.06,1.2,34.8,48.6
2026-02-28 18:10:10,RTM,Clear,0.2,7.82,0.1,27.1,65.9
2026-05-14 09:33:12,RTM,Clear,0.29,7.38,1.0,24.1,100.0
2026-05-02 22:35:51,RTM,Clear,0.47,6.36,1.0,24.5,80.5
2026-04-12 15:28:52,RTM,Fog,0.65,3.9,1.4,17.1,96.6
2026-03-17 15:57:12,RTM,Clear,0.28,7.88,0.5,14.1,69.1
2026-01-02 06:52:59,RTM,Clear,0.38,6.63,0.3,34.6,85.7
2026-04-30 04:27:54,RTM,Cloudy,0.42,7.09,0.1,43.2,71.1
2026-05-23 12:27:39,RTM,Cloudy,0.23,7.86,1.5,6.0,67.2
2026-04-18 21:59:10,RTM,Clear,0.3,7.03,0.5,24.7,90.7
2026-03-12 21:14:53,RTM,Fog,0.67,3.85,0.7,30.8,65.2
2026-01-12 06:33:09,RTM,Cloudy,0.56,4.96,0.3,21.8,26.7
2026-03-28 07:10:23,RTM,Fog,0.68,4.41,1.4,18.9,51.0
2026-06-20 09:40:24,RTM,Clear,0.25,8.3,1.2,24.9,50.9
2026-04-14 10:46:41,RTM,Clear,0.47,5.89,1.2,19.4,60.5
2026-06-15 04:33:40,RTM,Clear,0.07,9.38,0.7,30.0,77.2
2026-05-24 15:40:23,RTM,Clear,0.12,8.72,0.8,40.1,81.2
2026-03-16 01:36:43,RTM,Rain,0.26,6.49,5.9,16.0,28.1
2026-01-20 19:17:55,RTM,Rain,0.58,3.78,13.1,29.5,75.7
2026-01-11 22:52:38,RTM,Cloudy,0.27,7.95,1.1,33.6,58.3
2026-04-28 11:23:50,RTM,Clear,0.31,7.21,1.0,4.6,61.3
2026-06-03 16:41:20,RTM,Clear,0.36,7.21,0.1,27.0,81.6
2026-05-21 02:13:16,RTM,Clear,0.22,8.41,0.4,14.6,59.2
2026-02-19 23:57:23,RTM,Cloudy,0.11,9.85,1.2,21.0,82.3
2026-04-05 05:42:08,RTM,Rain,0.1,7.21,7.4,6.4,22.2
2026-06-05 08:57:08,RTM,Rain,0.13,7.3,17.8,22.6,63.1
2026-01-05 14:18:37,RTM,Clear,0.26,7.89,0.8,34.8,54.5
2026-06-16 02:56:13,RTM,Clear,0.35,6.85,0.6,12.5,51.6
2026-02-15 13:39:45,RTM,Clear,0.17,7.96,1.4,28.1,86.4
2026-02-19 06:38:02,RTM,Fog,0.86,2.64,1.2,35.3,57.0
2026-05-25 12:31:05,RTM,Clear,0.38,6.67,1.1,18.3,52.5
2026-04-20 04:10:08,RTM,Clear,0.27,7.06,0.4,23.2,81.3
2026-04-04 17:00:20,RTM,Cloudy,0.08,9.59,1.2,26.5,63.9
2026-02-20 22:44:03,RTM,Cloudy,0.24,7.7,0.7,14.9,82.3
2026-01-03 12:09:26,RTM,Rain,0.04,8.14,10.6,22.3,67.3
2026-02-11 23:23:38,RTM,Cloudy,0.26,8.34,0.2,19.7,81.1
2026-02-22 08:51:04,RTM,Clear,0.22,8.12,0.3,33.4,56.3
2026-06-10 03:59:41,RTM,Rain,0.47,4.75,13.5,20.8,61.7
2026-06-12 08:47:25,RTM,Cloudy,0.34,7.76,1.4,23.3,88.3
2026-05-09 15:58:22,RTM,Clear,0.3,7.57,0.3,28.4,97.9
2026-01-23 17:59:00,RTM,Clear,0.06,9.55,1.0,14.6,48.1
2026-05-22 23:39:05,RTM,Rain,0.42,4.35,5.7,17.1,91.4
2026-04-03 06:18:41,RTM,Clear,0.44,6.22,0.0,26.8,71.5
2026-04-07 01:56:22,RTM,Fog,0.51,5.55,1.5,15.5,62.8
2026-04-14 03:50:36,RTM,Clear,0.1,8.83,0.5,23.2,65.6
2026-02-09 06:28:26,RTM,Rain,0.28,6.18,17.2,26.3,20.0
2026-03-11 17:45:21,RTM,Cloudy,0.01,10.19,0.5,19.0,83.1
2026-04-17 00:38:27,RTM,Fog,0.59,5.17,0.1,28.6,76.6
2026-01-17 21:03:55,RTM,Cloudy,0.05,9.78,0.7,27.7,90.1
2026-05-11 09:50:25,RTM,Clear,0.45,5.98,0.9,12.2,72.5
2026-01-27 02:45:49,RTM,Cloudy,0.32,7.37,0.1,31.3,100.0
2026-03-27 01:17:23,RTM,Clear,0.47,6.79,0.3,28.6,57.0
2026-02-27 09:52:16,RTM,Fog,0.69,4.54,0.7,25.1,61.1
2026-05-23 07:51:27,RTM,Clear,0.53,5.16,0.3,13.2,75.7
2026-03-24 11:53:44,RTM,Cloudy,0.55,4.65,1.3,35.2,52.5
2026-04-10 20:00:54,RTM,Rain,0.18,6.92,21.0,19.7,66.9
2026-02-04 11:20:59,RTM,Fog,0.62,4.05,1.3,21.1,99.7
2026-06-17 17:23:01,RTM,Rain,0.54,4.53,3.7,28.0,60.5
2026-04-08 21:14:56,RTM,Fog,0.49,6.16,0.9,17.7,76.4
2026-01-26 15:49:51,RTM,Clear,0.23,7.8,0.7,18.2,83.1
2026-06-24 16:15:16,RTM,Clear,0.05,10.04,0.6,22.7,48.5
2026-05-28 02:18:33,RTM,Clear,0.31,7.11,0.9,13.9,72.1
2026-06-23 06:25:38,RTM,Cloudy,0.24,7.44,0.1,23.6,62.5
2026-02-06 21:24:15,RTM,Clear,0.5,5.66,0.1,18.5,54.2
2026-03-28 06:48:26,RTM,Clear,0.39,6.71,1.0,19.5,54.7
2026-01-07 19:49:08,RTM,Cloudy,0.06,8.76,0.0,24.9,85.5
2026-02-08 10:25:14,RTM,Clear,0.16,8.53,1.4,25.7,81.8
2026-02-26 15:11:25,RTM,Clear,0.23,8.69,1.4,21.6,84.9
2026-06-01 01:42:40,RTM,Rain,0.52,4.09,8.7,29.1,61.4
2026-01-23 05:06:09,RTM,Clear,0.21,8.31,0.7,24.9,53.3
2026-04-08 04:39:56,RTM,Rain,0.08,7.98,7.3,30.6,78.7
2026-05-24 05:19:40,RTM,Clear,0.21,7.7,0.5,30.2,58.7
2026-04-07 06:27:43,RTM,Clear,0.13,8.31,1.3,34.9,70.3
2026-01-02 02:55:55,RTM,Rain,0.34,5.85,8.3,31.9,61.6
2026-06-07 11:31:34,RTM,Clear,0.43,6.29,0.9,20.9,66.2
2026-06-09 07:45:36,RTM,Rain,0.18,6.75,6.1,22.2,46.8
2026-04-10 01:35:46,RTM,Clear,0.51,5.25,1.2,18.3,58.2
2026-03-14 00:50:34,RTM,Clear,0.62,4.15,0.2,38.3,92.1
2026-05-01 23:41:29,RTM,Clear,0.33,7.06,0.1,48.7,50.9
2026-04-04 13:27:38,RTM,Clear,0.09,8.26,1.5,20.1,20.0
2026-01-06 13:44:33,RTM,Clear,0.24,7.97,0.1,22.9,91.9
2026-04-14 11:54:40,RTM,Clear,0.69,3.75,1.4,35.7,100.0
2026-06-12 12:13:00,RTM,Clear,0.17,8.67,1.2,31.3,70.5
2026-06-14 17:47:46,RTM,Fog,0.51,6.14,0.5,22.9,79.7
2026-06-20 06:39:14,RTM,Clear,0.25,7.7,1.2,31.0,69.6
2026-01-23 10:45:02,RTM,Fog,0.69,4.88,0.9,33.3,54.2
2026-02-19 11:13:57,RTM,Rain,0.69,3.4,3.6,26.6,59.6
2026-05-27 12:19:28,RTM,Fog,0.55,5.4,1.5,26.1,44.3
2026-04-23 06:32:59,RTM,Rain,0.33,5.21,4.7,38.7,57.7
2026-01-24 04:25:54,RTM,Rain,0.16,7.08,8.8,17.6,70.8
2026-03-30 03:05:53,RTM,Clear,0.29,7.34,0.9,14.9,80.8
2026-04-18 01:30:39,RTM,Clear,0.11,9.15,0.2,35.1,87.1
2026-06-11 17:46:50,RTM,Clear,0.31,7.5,1.3,33.3,64.4
2026-03-25 13:02:47,RTM,Rain,0.32,5.99,4.2,18.4,68.4
2026-01-28 02:31:27,RTM,Clear,0.2,8.35,0.5,29.7,73.9
2026-06-13 08:17:52,RTM,Clear,0.22,7.26,0.5,17.7,58.2
2026-05-13 04:38:14,RTM,Clear,0.17,8.15,1.3,19.1,61.7
2026-01-03 02:41:11,RTM,Cloudy,0.46,6.76,0.5,24.1,44.4
2026-03-20 05:41:53,RTM,Clear,0.26,8.86,1.3,26.8,39.0
2026-04-06 11:01:05,RTM,Clear,0.26,7.99,0.9,22.8,48.8
2026-04-07 01:18:00,RTM,Clear,0.28,7.22,1.1,32.0,40.6
2026-01-14 03:41:38,RTM,Clear,0.68,4.32,0.7,28.2,51.4
2026-04-09 02:14:36,RTM,Clear,0.47,6.62,1.4,38.8,85.5
2026-01-26 06:21:29,RTM,Fog,0.44,6.34,0.5,31.1,67.4
2026-04-30 22:35:25,RTM,Fog,0.52,5.52,0.7,20.9,78.6
2026-06-01 13:05:08,RTM,Clear,0.43,6.7,0.2,24.2,93.9
2026-06-24 15:32:51,RTM,Fog,0.64,3.98,1.3,17.9,65.3
2026-03-15 06:00:44,RTM,Clear,0.51,5.84,0.0,27.1,81.7
2026-01-27 01:23:03,RTM,Rain,0.49,4.78,2.0,35.6,85.5
2026-04-28 21:34:45,RTM,Rain,0.05,8.55,3.8,22.6,71.3
2026-04-08 17:48:22,RTM,Clear,0.31,6.76,1.2,21.5,90.8
2026-01-04 22:57:08,RTM,Cloudy,0.43,5.11,0.6,32.4,63.7
2026-03-25 18:58:25,RTM,Clear,0.11,9.74,0.2,29.0,52.8
2026-05-02 13:28:52,RTM,Cloudy,0.44,6.67,1.3,27.0,86.3
2026-02-19 18:02:09,RTM,Clear,0.34,6.98,1.4,4.7,78.6
2026-03-15 09:26:43,RTM,Clear,0.09,9.44,1.4,24.1,74.8
2026-05-16 23:36:09,RTM,Clear,0.11,9.35,0.9,24.2,26.4
2026-01-20 15:38:54,RTM,Fog,0.41,7.22,0.7,28.8,96.1
2026-04-01 09:22:48,RTM,Cloudy,0.12,8.75,0.6,33.8,54.5
2026-02-24 15:33:04,RTM,Fog,0.82,3.31,0.8,23.9,94.8
2026-05-20 14:08:08,RTM,Cloudy,0.26,7.37,0.7,22.5,64.1
2026-06-13 12:54:48,RTM,Clear,0.19,8.65,0.6,12.1,64.6
2026-02-06 20:37:10,RTM,Clear,0.11,9.08,1.4,20.9,45.5
2026-03-08 05:57:40,RTM,Clear,0.08,9.57,1.0,20.6,77.3
2026-03-05 05:10:46,RTM,Clear,0.25,7.48,1.3,30.3,58.4
2026-04-18 07:20:48,RTM,Cloudy,0.41,6.74,0.5,28.9,87.7
2026-03-13 13:38:30,RTM,Clear,0.1,9.05,1.0,9.0,82.6
2026-03-12 05:17:30,RTM,Clear,0.22,8.63,0.6,17.2,76.8
2026-06-18 07:52:38,RTM,Clear,0.3,8.12,0.8,19.6,57.3
2026-05-08 21:28:32,RTM,Clear,0.06,9.92,0.2,32.1,45.1
2026-05-22 00:57:39,RTM,Rain,0.19,7.18,5.0,33.1,67.4
2026-01-29 20:39:42,RTM,Fog,0.53,6.03,0.6,15.6,66.9
2026-03-06 16:18:46,RTM,Fog,0.95,1.94,1.0,32.3,46.3
2026-06-20 23:13:41,RTM,Clear,0.37,6.5,0.1,22.4,44.7
2026-05-28 05:56:51,RTM,Fog,0.68,3.79,1.0,25.8,54.4
2026-05-10 03:44:23,RTM,Clear,0.42,6.54,1.4,11.7,96.5
2026-03-11 09:36:35,RTM,Fog,0.56,5.87,1.3,14.2,63.3
2026-02-06 11:53:31,RTM,Clear,0.34,6.48,1.1,18.6,58.2
2026-02-12 17:46:13,RTM,Clear,0.14,9.0,1.3,30.1,46.4
2026-03-19 00:30:52,RTM,Rain,0.42,4.35,7.5,14.2,56.2
2026-06-16 17:27:05,RTM,Fog,0.47,6.02,1.4,20.8,61.7
2026-01-06 00:50:45,RTM,Clear,0.56,5.47,0.7,35.7,44.1
2026-05-26 05:36:20,RTM,Clear,0.3,6.99,0.5,22.1,94.8
2026-01-28 12:09:26,RTM,Fog,0.38,7.8,0.3,25.0,63.6
2026-06-18 17:22:45,RTM,Clear,0.2,8.7,0.6,25.1,61.7
2026-01-03 00:33:31,RTM,Rain,0.09,7.67,13.7,19.8,66.1
2026-06-16 11:04:17,RTM,Clear,0.62,4.55,0.5,21.1,70.7
2026-05-02 05:17:46,RTM,Clear,0.27,8.67,0.8,16.2,72.2
2026-06-19 14:25:19,RTM,Cloudy,0.42,6.73,1.3,28.4,47.0
2026-06-15 22:35:20,RTM,Fog,0.61,4.54,1.2,18.5,74.5
2026-05-27 23:23:57,RTM,Clear,0.47,5.46,0.3,21.5,43.3
2026-02-19 04:32:37,RTM,Cloudy,0.33,6.96,1.2,19.1,84.8
2026-05-31 06:21:34,RTM,Cloudy,0.52,5.45,0.8,18.3,48.4
2026-01-13 14:19:18,RTM,Fog,0.6,4.2,1.3,24.0,96.5
2026-04-02 12:08:31,RTM,Fog,0.65,3.95,1.0,31.4,70.2
2026-03-04 08:50:45,RTM,Clear,0.35,6.56,1.2,29.1,97.4
2026-06-29 16:52:07,RTM,Cloudy,0.38,7.2,1.3,19.2,78.3
2026-03-20 17:17:38,RTM,Cloudy,0.09,8.98,0.3,19.6,96.0
2026-03-01 17:47:53,RTM,Clear,0.34,7.56,0.3,25.0,69.7
2026-03-15 14:37:22,RTM,Cloudy,0.27,7.03,0.4,26.6,77.6
2026-05-21 21:28:54,RTM,Clear,0.73,4.65,0.3,13.9,43.9
2026-06-02 13:30:22,RTM,Cloudy,0.16,8.46,0.0,20.9,49.9
2026-02-02 11:37:32,RTM,Clear,0.12,9.25,1.0,33.8,96.1
2026-01-04 22:27:36,RTM,Cloudy,0.17,8.23,1.5,23.6,60.2
2026-05-10 03:10:38,RTM,Cloudy,0.53,4.92,0.9,17.5,46.1
2026-05-06 14:56:56,RTM,Clear,0.27,7.83,0.5,26.9,36.6
2026-04-23 16:22:37,RTM,Clear,0.03,9.73,0.6,9.6,44.2
2026-05-24 00:52:23,RTM,Rain,0.38,6.21,3.0,24.2,66.9
2026-03-02 09:16:10,RTM,Cloudy,0.59,5.68,0.4,22.0,67.3
2026-01-09 15:36:06,RTM,Clear,0.05,9.81,0.6,17.1,73.6
2026-01-28 08:08:41,RTM,Clear,0.37,7.0,1.5,22.2,82.6
2026-02-24 05:51:03,RTM,Rain,0.48,5.09,7.2,21.8,47.2
2026-06-28 04:30:23,RTM,Clear,0.18,8.65,1.1,23.4,42.3
2026-06-04 02:48:55,RTM,Cloudy,0.27,7.34,1.2,16.2,56.1
2026-04-16 10:50:25,RTM,Clear,0.52,5.42,0.8,20.3,39.4
2026-05-27 00:09:58,RTM,Cloudy,0.49,6.12,0.1,30.3,76.6
2026-06-05 18:12:35,RTM,Clear,0.35,5.93,0.3,29.4,52.2
2026-01-19 14:52:19,RTM,Clear,0.1,9.61,1.4,30.9,100.0
2026-02-20 03:30:41,RTM,Clear,0.37,6.8,1.4,26.4,40.5
2026-04-26 09:44:33,RTM,Cloudy,0.13,9.19,1.2,27.4,86.9
2026-02-07 17:08:49,RTM,Clear,0.31,7.33,0.9,33.3,71.7
2026-03-02 23:54:40,RTM,Clear,0.1,9.43,0.5,13.9,73.9
2026-02-19 01:41:46,RTM,Clear,0.27,7.19,0.5,25.2,88.4
2026-01-29 20:14:57,RTM,Fog,0.68,4.07,0.3,26.4,75.9
2026-03-17 15:33:16,RTM,Clear,0.11,8.19,0.1,32.7,62.9
2026-01-15 18:17:29,RTM,Cloudy,0.16,9.05,1.1,21.3,87.2
2026-01-11 09:08:07,RTM,Clear,0.35,7.51,1.2,47.7,74.1
2026-04-17 02:06:34,RTM,Clear,0.46,6.22,1.1,28.8,76.7
2026-02-08 11:55:03,RTM,Cloudy,0.21,7.6,0.4,29.1,72.1
2026-02-04 14:14:18,RTM,Clear,0.09,9.6,0.2,26.2,54.2
2026-06-04 04:46:19,RTM,Clear,0.59,4.82,0.3,35.5,47.8
2026-02-10 07:56:57,RTM,Clear,0.2,8.67,1.4,21.6,39.7
2026-03-27 21:20:04,RTM,Rain,0.05,8.32,5.0,32.2,95.0
2026-06-05 05:56:25,RTM,Clear,0.17,8.32,0.4,18.0,62.2
2026-06-03 01:05:23,RTM,Rain,0.07,8.13,16.0,29.3,55.1
2026-03-28 20:49:43,RTM,Fog,0.91,2.7,0.3,29.4,72.9
2026-03-16 10:07:32,RTM,Cloudy,0.24,7.15,0.5,16.9,45.2
2026-03-10 16:18:20,RTM,Cloudy,0.39,6.88,0.9,24.1,57.2
2026-04-29 19:04:30,RTM,Cloudy,0.06,9.21,1.2,17.7,83.5
2026-06-01 08:56:55,RTM,Cloudy,0.17,9.08,0.4,23.7,71.8
2026-05-13 15:37:01,RTM,Clear,0.16,8.47,1.3,15.5,57.7
2026-03-05 08:40:16,RTM,Fog,0.53,4.68,0.8,39.7,45.8
2026-06-12 03:13:12,RTM,Cloudy,0.39,7.53,1.0,27.2,45.3
2026-05-09 04:16:53,RTM,Clear,0.21,8.04,1.3,33.5,84.1
2026-06-15 22:50:59,RTM,Fog,0.54,5.6,1.1,31.1,66.0
2026-02-11 06:52:52,RTM,Rain,0.12,8.43,3.3,28.8,44.2
2026-05-16 23:37:47,RTM,Cloudy,0.14,9.49,0.7,25.8,52.1
2026-02-20 22:23:16,RTM,Cloudy,0.29,8.11,0.6,22.3,79.3
2026-04-13 14:40:26,RTM,Rain,0.38,6.17,14.8,32.6,20.0
2026-05-14 12:27:15,RTM,Clear,0.34,7.6,0.7,28.3,46.9
2026-04-05 00:53:48,RTM,Clear,0.14,8.98,0.4,19.2,58.6
2026-06-09 07:00:33,RTM,Clear,0.2,8.69,0.7,29.2,61.3
2026-06-26 13:21:19,RTM,Rain,0.29,6.53,2.4,24.6,96.9
2026-05-26 09:04:31,RTM,Rain,0.22,7.36,10.4,31.7,48.8
2026-05-09 01:57:39,RTM,Clear,0.52,4.81,1.2,22.5,86.1
2026-02-03 01:31:21,RTM,Rain,0.09,7.73,1.5,14.0,90.4
2026-06-25 10:23:11,RTM,Fog,0.41,6.1,1.1,13.4,54.4
2026-05-19 08:55:54,RTM,Cloudy,0.44,5.42,0.3,10.3,86.1
2026-02-11 13:49:06,RTM,Clear,0.21,8.34,0.1,27.1,33.4
2026-01-19 12:34:02,RTM,Rain,0.14,6.78,12.5,15.0,56.2
2026-05-13 07:05:59,RTM,Clear,0.39,6.91,1.0,24.9,61.7
2026-06-19 16:08:55,RTM,Clear,0.24,7.72,0.5,31.7,66.2
2026-02-17 08:21:56,RTM,Fog,0.44,5.51,0.4,27.3,73.7
2026-02-12 22:42:33,RTM,Clear,0.51,5.55,0.8,24.3,79.3
2026-01-21 17:05:11,RTM,Clear,0.76,3.55,0.6,28.5,99.7
2026-05-24 22:10:02,RTM,Fog,0.66,3.85,0.9,27.7,60.5
2026-05-25 05:33:59,RTM,Clear,0.47,5.5,0.4,31.8,64.2
2026-01-30 20:01:12,RTM,Fog,0.5,6.35,0.3,14.3,53.6
2026-05-17 01:10:25,RTM,Cloudy,0.36,7.03,0.9,22.7,64.9
2026-04-23 05:56:58,RTM,Rain,0.26,6.15,20.5,2.0,52.6
2026-04-26 19:35:19,RTM,Clear,0.36,7.81,1.4,24.8,51.3
2026-06-23 21:07:24,RTM,Clear,0.4,6.82,1.3,28.3,63.5
2026-01-02 11:28:27,RTM,Cloudy,0.22,7.94,0.7,15.4,51.9
2026-05-29 12:07:33,RTM,Clear,0.05,10.41,0.3,21.6,42.6
2026-06-24 23:59:01,RTM,Cloudy,0.68,4.11,1.1,24.3,59.5
2026-03-31 22:53:29,RTM,Fog,0.85,2.72,1.3,18.3,41.0
2026-06-02 16:16:27,RTM,Clear,0.26,7.34,1.3,19.3,61.2
2026-03-16 14:44:37,RTM,Fog,0.48,6.67,0.2,13.4,52.0
2026-02-19 16:56:44,RTM,Fog,0.66,5.14,0.4,26.4,60.9
2026-05-19 21:12:42,RTM,Fog,0.47,5.54,0.5,20.0,68.0
2026-04-25 19:32:07,RTM,Cloudy,0.2,8.57,0.2,21.7,57.9
2026-02-11 02:15:29,RTM,Fog,0.45,6.76,0.7,28.7,38.5
2026-05-20 09:40:05,RTM,Rain,0.18,7.15,6.9,18.1,74.7
2026-03-17 01:53:14,RTM,Clear,0.26,7.0,0.6,25.3,52.8
2026-01-17 11:40:39,RTM,Clear,0.42,6.68,1.3,24.4,50.9
2026-04-02 13:12:02,RTM,Cloudy,0.14,9.03,0.1,29.6,64.4
2026-01-22 05:32:16,RTM,Cloudy,0.08,9.3,0.7,8.6,80.4
2026-02-08 15:01:15,RTM,Clear,0.08,8.95,0.6,20.4,32.3
2026-06-26 01:19:25,RTM,Clear,0.5,5.78,0.7,25.5,91.3
2026-04-21 23:04:40,RTM,Clear,0.05,9.81,1.4,17.7,63.8
2026-03-16 15:05:25,RTM,Clear,0.36,7.0,0.5,22.2,69.6
2026-05-13 02:39:06,RTM,Fog,0.65,3.95,1.2,25.8,53.9
2026-04-13 19:04:27,RTM,Clear,0.61,4.28,1.1,31.0,60.1
2026-06-05 20:42:36,RTM,Rain,0.29,6.3,8.0,22.0,57.7
2026-03-07 10:26:36,RTM,Rain,0.38,5.7,1.7,31.6,47.5
2026-03-06 16:05:00,RTM,Cloudy,0.49,5.14,0.5,35.0,74.6
2026-05-14 21:11:46,RTM,Clear,0.21,8.11,0.4,31.3,55.2
2026-02-08 03:47:30,RTM,Clear,0.52,5.63,1.4,16.6,69.0
2026-06-20 21:58:03,RTM,Rain,0.07,8.36,14.0,16.2,60.8
2026-04-01 08:14:01,RTM,Clear,0.26,7.96,0.7,12.5,63.0
2026-03-15 01:22:31,RTM,Rain,0.48,4.37,4.2,19.3,78.4
2026-01-25 02:36:19,RTM,Fog,0.71,3.98,0.8,19.4,58.9
2026-03-16 07:20:25,RTM,Rain,0.3,6.35,18.7,11.8,55.0
2026-01-25 10:15:16,RTM,Cloudy,0.32,7.79,0.7,28.7,60.4
2026-05-10 00:10:37,RTM,Cloudy,0.72,4.18,0.6,27.4,64.4
2026-05-27 23:35:57,RTM,Clear,0.38,7.07,1.3,19.7,70.5
2026-03-25 20:03:51,RTM,Clear,0.09,9.59,0.2,22.3,75.7
2026-04-08 04:37:10,RTM,Fog,0.48,5.73,0.1,25.4,53.9
2026-05-19 00:50:27,RTM,Cloudy,0.16,8.06,1.1,26.5,79.1
2026-02-21 20:55:14,RTM,Clear,0.03,10.39,0.7,20.5,85.6
2026-04-27 14:35:08,RTM,Clear,0.31,7.7,1.2,17.5,43.7
2026-03-14 12:46:29,RTM,Cloudy,0.44,5.46,0.3,33.2,76.3
2026-04-23 10:59:24,RTM,Cloudy,0.33,7.13,0.9,15.6,68.4
2026-05-24 09:00:09,RTM,Clear,0.47,6.33,0.3,22.8,70.7
2026-06-05 14:46:19,RTM,Clear,0.12,7.78,0.7,31.5,82.2
2026-05-11 05:02:27,RTM,Clear,0.49,6.44,1.3,18.1,78.0
2026-05-25 08:15:33,RTM,Cloudy,0.28,7.54,0.8,32.3,53.8
2026-01-23 18:45:30,RTM,Clear,0.35,7.63,0.2,26.5,24.6
2026-04-18 23:04:07,RTM,Cloudy,0.5,6.08,0.5,20.7,79.5
2026-02-25 03:59:29,RTM,Rain,0.23,6.55,11.4,17.0,55.2
2026-02-04 05:59:51,RTM,Fog,0.44,6.38,1.2,9.2,78.7
2026-01-20 11:00:32,RTM,Clear,0.31,7.22,0.5,28.9,50.7
2026-03-08 02:24:53,RTM,Cloudy,0.53,5.85,1.0,31.5,100.0
2026-04-29 22:50:57,RTM,Clear,0.24,8.08,0.7,27.7,58.1
2026-04-28 12:37:25,RTM,Clear,0.21,7.91,0.2,29.5,87.9
2026-03-21 20:26:42,RTM,Rain,0.25,7.23,7.2,32.2,50.9
2026-05-23 02:20:44,RTM,Clear,0.73,3.79,1.0,22.2,72.4
2026-06-01 12:56:17,RTM,Cloudy,0.12,9.52,0.0,29.2,75.5
2026-03-21 08:50:48,RTM,Clear,0.19,8.33,0.8,22.5,77.3
2026-01-14 17:31:33,RTM,Clear,0.32,7.21,1.1,26.5,82.0
2026-05-21 08:52:18,RTM,Fog,0.53,5.63,0.9,25.8,88.9
2026-04-04 00:16:38,RTM,Rain,0.38,4.91,9.2,28.2,70.6
2026-01-14 12:09:30,RTM,Cloudy,0.39,6.57,0.6,24.3,49.8
2026-06-27 06:01:29,RTM,Fog,0.41,6.42,1.1,33.2,65.5
2026-04-30 14:31:46,RTM,Cloudy,0.11,9.29,0.6,21.1,66.9
2026-04-26 14:45:45,RTM,Cloudy,0.05,8.84,1.3,15.5,90.7
2026-04-03 13:24:47,RTM,Rain,0.28,5.93,12.2,24.1,70.1
2026-06-05 21:15:35,RTM,Fog,0.9,2.88,1.2,25.3,85.7
2026-04-17 17:32:43,RTM,Clear,0.33,7.04,0.4,29.3,94.2
2026-01-11 11:24:07,RTM,Fog,0.51,5.21,0.1,21.7,100.0
2026-03-09 08:02:17,RTM,Clear,0.18,7.82,0.7,8.6,100.0
2026-03-06 11:31:12,RTM,Fog,0.41,6.29,0.1,7.5,44.7
2026-01-04 04:07:52,RTM,Rain,0.1,7.79,15.0,37.4,48.5
2026-05-05 13:41:40,RTM,Clear,0.07,8.89,1.0,10.1,49.0
2026-05-08 01:28:41,RTM,Clear,0.57,5.56,0.3,30.4,74.7
2026-01-19 17:24:15,RTM,Rain,0.29,6.49,3.4,20.3,51.0
2026-04-02 10:24:42,RTM,Clear,0.52,5.04,1.1,24.7,82.9
2026-05-04 11:36:57,RTM,Cloudy,0.12,10.04,1.1,19.2,62.8
2026-03-29 06:52:31,RTM,Fog,0.61,4.57,1.4,26.3,59.8
2026-06-13 23:27:37,RTM,Clear,0.2,8.0,1.5,11.6,94.7
2026-06-17 09:21:28,RTM,Clear,0.09,9.69,0.9,18.0,82.5
2026-03-14 17:20:43,RTM,Clear,0.29,7.49,1.3,25.1,70.7
2026-01-17 22:28:41,RTM,Clear,0.35,6.47,1.4,35.7,37.0
2026-03-06 13:17:37,RTM,Rain,0.1,7.57,6.0,28.6,55.0
2026-02-14 13:23:59,RTM,Cloudy,0.37,6.79,0.2,33.5,100.0
2026-06-16 09:50:52,RTM,Rain,0.19,7.08,6.2,19.3,43.5
2026-01-20 15:37:16,RTM,Clear,0.13,8.93,0.1,21.2,93.8
2026-04-24 18:47:38,RTM,Cloudy,0.32,8.33,1.4,25.5,69.1
2026-03-23 10:13:15,RTM,Clear,0.27,8.38,0.2,23.8,98.2
2026-01-13 10:04:21,RTM,Fog,0.42,7.6,1.4,25.1,85.5
2026-06-01 02:54:47,RTM,Fog,0.51,5.64,0.7,36.0,72.2
2026-02-05 21:26:59,RTM,Clear,0.48,6.11,1.4,12.6,88.0
2026-04-24 14:17:20,RTM,Rain,0.43,4.42,3.9,31.9,77.6
2026-02-16 00:59:10,RTM,Fog,0.55,5.81,0.0,35.6,68.8
2026-04-05 16:04:43,RTM,Clear,0.48,5.72,0.7,39.4,64.3
2026-03-11 11:31:00,RTM,Fog,0.49,5.88,0.3,10.1,58.0
2026-02-17 01:18:10,RTM,Clear,0.38,6.63,1.3,20.5,49.6
2026-03-17 07:16:53,RTM,Clear,0.54,5.17,0.5,28.8,95.0
2026-03-16 22:33:52,RTM,Clear,0.28,8.21,1.4,23.3,89.6
2026-03-16 19:57:44,RTM,Clear,0.57,4.75,1.2,35.4,43.9
2026-06-15 20:23:23,RTM,Clear,0.44,5.8,1.1,29.0,89.9
2026-05-21 21:36:30,RTM,Cloudy,0.34,7.35,1.1,23.9,48.0
2026-06-01 22:23:20,RTM,Clear,0.65,4.53,1.3,31.4,55.1
2026-03-12 18:13:34,RTM,Clear,0.69,3.5,0.7,25.5,59.7
2026-06-11 17:29:26,RTM,Cloudy,0.34,6.39,0.6,33.9,90.3
2026-04-22 06:05:24,RTM,Rain,0.34,5.54,9.7,9.3,35.5
2026-03-28 20:02:05,RTM,Rain,0.22,7.48,2.3,22.5,82.7
2026-03-25 09:55:34,RTM,Clear,0.26,8.87,0.8,31.7,70.2
2026-02-01 16:17:47,RTM,Fog,0.56,4.71,1.3,28.1,98.2
2026-01-31 10:04:23,RTM,Clear,0.18,8.78,0.5,19.7,74.4
2026-01-20 07:41:31,RTM,Cloudy,0.45,5.43,0.6,7.4,69.3
2026-01-20 13:01:52,RTM,Rain,0.43,4.99,6.1,32.5,96.1
2026-01-16 12:54:44,RTM,Clear,0.21,7.8,0.6,24.8,40.1
2026-01-11 00:20:20,RTM,Clear,0.08,9.23,1.2,20.5,60.4
2026-02-26 04:56:17,RTM,Clear,0.18,7.93,1.2,34.0,48.1
2026-03-01 02:59:32,RTM,Fog,0.51,6.54,1.0,37.4,62.7
2026-03-02 10:03:44,RTM,Fog,0.88,2.74,0.4,23.6,38.4
2026-02-15 14:44:08,RTM,Cloudy,0.2,8.19,1.0,18.5,44.8
2026-02-10 14:57:03,RTM,Clear,0.23,8.56,1.2,11.8,77.5
2026-06-16 15:22:50,RTM,Rain,0.73,2.46,3.8,16.2,84.8
2026-04-06 02:13:39,RTM,Cloudy,0.31,7.67,0.2,12.6,81.5
2026-03-25 08:42:12,RTM,Fog,0.48,5.87,0.4,23.8,84.3
2026-02-08 19:04:56,RTM,Clear,0.66,5.34,0.7,15.6,57.5
2026-05-15 00:55:21,RTM,Rain,0.26,6.68,16.5,23.0,55.5
2026-01-20 21:38:29,RTM,Fog,0.78,3.73,0.1,13.6,63.2
2026-05-03 01:14:20,RTM,Clear,0.29,7.76,1.2,14.5,31.5
2026-06-06 15:47:45,RTM,Clear,0.45,5.91,0.2,22.8,75.1
2026-06-18 06:49:02,RTM,Clear,0.3,7.38,0.7,23.5,77.5
2026-05-14 16:23:42,RTM,Clear,0.16,8.64,0.2,19.5,46.1
2026-02-22 18:33:08,RTM,Clear,0.19,8.8,0.4,41.1,94.5
2026-06-17 04:03:52,RTM,Rain,0.4,5.09,9.6,26.9,90.6
2026-03-03 13:51:32,RTM,Clear,0.27,6.81,0.6,20.4,54.7
2026-05-14 00:43:35,RTM,Clear,0.18,8.72,0.9,18.5,100.0
2026-06-07 00:46:04,RTM,Clear,0.28,7.45,1.1,29.9,74.6
2026-04-25 17:13:13,RTM,Cloudy,0.48,6.33,1.3,37.6,82.2
2026-03-23 05:11:29,RTM,Clear,0.59,4.47,0.3,11.3,99.2
2026-06-26 01:02:04,RTM,Clear,0.43,6.96,1.2,8.0,61.8
2026-04-16 22:06:41,RTM,Cloudy,0.07,9.94,1.2,31.5,79.1
2026-03-26 23:27:07,RTM,Cloudy,0.1,9.48,1.1,21.4,82.5
2026-06-29 16:45:09,RTM,Clear,0.12,9.22,0.2,29.6,50.1
2026-06-25 07:10:50,RTM,Rain,0.17,7.58,11.1,13.3,74.2
2026-02-27 12:58:29,RTM,Fog,0.73,4.79,1.2,26.1,53.9
2026-06-27 17:07:00,RTM,Cloudy,0.37,6.6,0.6,27.7,58.8
2026-03-04 19:33:01,RTM,Cloudy,0.28,7.99,0.0,27.3,60.3
2026-04-23 21:50:51,RTM,Clear,0.17,8.63,0.1,27.8,67.8
2026-02-28 05:57:23,RTM,Clear,0.28,7.63,1.1,9.9,79.3
2026-05-23 03:29:45,RTM,Cloudy,0.62,4.62,1.2,34.6,69.9
2026-05-26 19:04:57,RTM,Rain,0.51,4.44,5.0,21.1,86.6
2026-01-02 17:24:26,RTM,Clear,0.38,6.7,0.3,23.9,100.0
2026-03-21 19:09:34,RTM,Clear,0.56,5.74,0.4,39.6,81.3
2026-04-16 11:19:11,RTM,Clear,0.05,9.71,1.5,30.8,61.5
2026-06-07 10:17:51,RTM,Clear,0.27,8.58,0.9,28.8,75.1
2026-05-11 07:42:09,RTM,Clear,0.23,8.34,1.1,24.3,88.2
2026-01-24 15:00:44,RTM,Rain,0.46,4.93,10.1,16.2,55.0
2026-01-06 06:28:58,RTM,Cloudy,0.24,7.12,0.9,23.9,62.3
2026-02-15 08:08:47,RTM,Clear,0.35,6.61,1.5,19.7,75.6
2026-06-27 09:20:25,RTM,Clear,0.22,8.57,1.2,20.4,83.4
2026-06-23 01:34:34,RTM,Clear,0.1,9.18,0.7,14.8,47.0
2026-01-12 12:51:40,RTM,Clear,0.17,8.09,0.8,28.2,49.8
2026-01-07 14:39:50,RTM,Cloudy,0.1,9.75,0.4,16.8,52.5
2026-06-05 04:08:24,RTM,Clear,0.21,8.18,1.4,15.2,55.1
2026-03-01 05:36:11,RTM,Rain,0.34,5.65,13.8,30.3,53.7
2026-05-30 02:17:23,RTM,Clear,0.44,6.38,0.7,33.2,82.6
2026-03-18 08:29:57,RTM,Fog,0.77,4.02,0.4,30.1,72.8
2026-06-20 23:07:16,RTM,Clear,0.21,8.01,1.3,44.5,67.2
2026-01-30 09:39:39,RTM,Rain,0.45,4.81,4.6,10.6,58.8
2026-02-03 10:06:08,RTM,Cloudy,0.44,5.8,1.4,19.2,93.9
2026-06-15 03:15:37,RTM,Clear,0.14,9.53,0.5,31.6,87.6
2026-02-25 16:42:49,RTM,Clear,0.07,9.22,1.3,22.9,80.1
2026-06-01 22:01:14,RTM,Rain,0.03,8.61,8.5,16.1,72.5
2026-05-29 01:53:50,RTM,Cloudy,0.03,9.37,0.3,21.8,70.9
2026-05-24 16:52:01,RTM,Clear,0.71,4.16,0.7,17.1,77.9
2026-06-04 03:40:59,RTM,Clear,0.47,5.61,0.8,31.6,62.9
2026-02-03 09:00:09,RTM,Cloudy,0.15,7.71,0.2,25.2,36.2
2026-02-22 08:11:29,RTM,Clear,0.09,10.01,0.4,26.4,60.5
2026-05-20 09:14:44,RTM,Rain,0.24,6.79,7.8,21.6,55.9
2026-02-07 09:49:15,RTM,Cloudy,0.15,8.59,0.3,29.6,59.7
2026-04-19 16:43:51,RTM,Clear,0.56,6.15,0.5,32.2,94.0
2026-05-13 02:48:04,RTM,Clear,0.39,6.7,1.0,27.4,70.8
2026-01-08 03:39:14,RTM,Clear,0.37,6.82,0.5,21.1,42.8
2026-02-08 07:57:07,RTM,Clear,0.6,5.18,0.1,24.6,20.0
2026-06-25 12:19:22,RTM,Clear,0.3,7.88,1.0,26.5,42.4
2026-06-03 06:30:18,RTM,Clear,0.28,7.74,0.5,23.6,74.5
2026-06-01 20:40:43,RTM,Cloudy,0.38,6.16,1.3,22.8,100.0
2026-02-18 00:58:28,RTM,Fog,0.72,4.21,0.3,15.5,99.5
2026-04-24 08:14:42,RTM,Clear,0.62,4.91,0.3,18.5,52.8
2026-06-27 21:48:39,RTM,Rain,0.22,7.35,9.4,11.0,58.5
2026-02-16 09:17:59,RTM,Clear,0.11,9.9,0.8,15.3,44.0
2026-06-25 10:45:19,RTM,Rain,0.38,5.5,10.0,18.5,64.3
2026-03-26 10:10:51,RTM,Cloudy,0.51,5.05,0.6,33.3,72.4
2026-05-10 02:41:25,RTM,Cloudy,0.45,5.67,0.2,34.4,100.0
2026-06-24 19:34:18,RTM,Clear,0.26,7.2,1.5,30.7,44.4
2026-05-22 19:16:23,RTM,Rain,0.23,6.77,5.0,33.5,74.3
2026-01-22 07:46:51,RTM,Fog,0.49,5.95,0.7,30.4,76.0
2026-05-14 22:36:59,RTM,Cloudy,0.4,6.47,1.3,22.8,81.5
2026-03-11 08:21:15,RTM,Rain,0.12,7.6,4.7,38.9,42.8
2026-06-07 07:38:37,RTM,Cloudy,0.26,8.19,1.0,21.1,79.0
2026-01-04 09:08:59,RTM,Clear,0.14,8.78,1.2,29.0,48.8
2026-01-04 09:39:54,RTM,Clear,0.67,4.43,0.1,33.7,45.8
2026-04-23 05:44:51,RTM,Clear,0.28,7.43,1.5,27.2,48.0
2026-01-03 20:44:25,RTM,Cloudy,0.19,8.91,0.8,34.6,54.9
2026-03-02 20:22:25,RTM,Cloudy,0.58,5.32,1.4,18.2,82.7
2026-01-08 14:43:01,RTM,Cloudy,0.39,6.59,0.6,28.6,49.4
2026-01-02 13:10:31,RTM,Fog,0.62,5.05,0.7,25.9,67.2
2026-04-21 04:33:00,RTM,Clear,0.12,8.79,1.4,31.1,47.2
2026-02-15 02:03:59,RTM,Cloudy,0.48,6.09,1.1,31.1,100.0
2026-04-07 03:42:53,RTM,Fog,0.94,2.1,0.8,28.5,88.2
2026-04-16 22:32:21,RTM,Clear,0.36,6.36,0.2,18.2,82.6
2026-05-31 12:00:58,RTM,Clear,0.57,4.65,0.1,10.8,83.3
2026-06-04 19:38:23,RTM,Clear,0.27,8.34,1.4,10.8,69.2
2026-03-30 07:34:11,RTM,Clear,0.06,9.24,1.3,32.1,82.7
2026-03-03 17:07:10,RTM,Clear,0.4,7.21,1.4,23.8,68.8
2026-05-07 23:59:40,RTM,Rain,0.32,6.25,7.0,34.0,79.9
2026-02-28 19:18:32,RTM,Clear,0.39,7.13,0.9,33.6,59.3
2026-06-02 22:07:59,RTM,Rain,0.24,6.2,11.9,30.8,60.8
2026-04-23 05:47:00,RTM,Clear,0.05,10.04,1.0,38.0,57.0
2026-02-16 14:01:31,RTM,Clear,0.52,5.4,0.5,24.1,75.0
2026-04-23 08:49:24,RTM,Fog,0.38,6.95,1.1,30.3,55.2
2026-02-19 13:30:05,RTM,Rain,0.36,6.07,13.2,36.4,90.1
2026-06-11 06:16:22,RTM,Clear,0.49,5.42,1.2,27.0,95.7
2026-04-17 17:06:06,RTM,Rain,0.14,7.49,6.8,24.2,49.6
2026-02-14 14:47:25,RTM,Clear,0.36,6.81,0.7,24.7,64.5
2026-04-26 22:09:13,RTM,Fog,0.53,5.55,1.0,26.1,84.3
2026-04-06 05:18:55,RTM,Clear,0.37,7.23,0.5,30.5,83.7
2026-02-13 07:48:52,RTM,Clear,0.38,6.81,0.5,26.6,42.6
2026-06-29 12:19:16,RTM,Cloudy,0.16,8.34,1.2,17.8,73.5
2026-01-09 07:31:02,RTM,Clear,0.14,8.78,1.1,27.7,40.4
2026-02-13 04:05:40,RTM,Clear,0.14,9.07,0.8,10.0,47.5
2026-05-29 14:55:36,RTM,Clear,0.34,6.99,1.1,39.2,97.9
2026-01-10 10:15:28,RTM,Cloudy,0.24,8.37,0.1,22.8,40.6
2026-05-02 22:34:38,RTM,Cloudy,0.2,7.69,0.2,20.7,63.9
2026-04-11 03:41:16,RTM,Cloudy,0.07,9.51,0.8,33.2,61.6
2026-01-24 06:33:14,RTM,Clear,0.09,8.9,0.9,29.0,50.5
2026-05-06 09:26:28,RTM,Cloudy,0.09,8.7,1.2,17.2,64.6
2026-02-26 05:57:11,RTM,Clear,0.43,6.22,0.6,9.1,73.5
2026-06-14 15:21:08,RTM,Clear,0.16,7.86,1.4,22.6,52.1
2026-02-01 03:48:36,RTM,Rain,0.19,6.2,6.5,19.3,87.2
2026-05-18 01:39:01,RTM,Cloudy,0.26,7.69,0.5,11.1,52.5
2026-06-20 19:28:40,RTM,Rain,0.42,5.76,11.5,19.3,77.4
2026-06-28 20:57:01,RTM,Cloudy,0.64,4.25,1.2,17.8,63.0
2026-03-18 04:17:22,RTM,Rain,0.15,7.91,9.9,17.4,72.6
2026-02-06 15:04:36,RTM,Cloudy,0.06,10.18,1.0,20.1,73.0
2026-05-25 16:07:39,RTM,Cloudy,0.19,8.81,0.9,39.4,77.1
2026-03-10 03:41:42,RTM,Clear,0.4,6.67,0.1,35.7,46.1
2026-06-07 22:05:22,RTM,Clear,0.46,5.7,0.3,20.2,73.0
2026-03-14 07:24:06,RTM,Clear,0.68,4.52,0.6,28.2,83.0
2026-04-01 11:52:19,RTM,Clear,0.29,7.64,1.0,32.4,53.5
2026-04-14 01:15:57,RTM,Clear,0.53,5.82,0.0,30.6,84.3
2026-01-27 21:46:45,RTM,Clear,0.11,8.42,0.2,46.4,69.7
2026-06-27 05:23:23,RTM,Clear,0.37,5.97,0.2,26.3,94.4
2026-04-08 03:30:32,RTM,Clear,0.25,8.13,0.2,8.9,61.1
2026-05-16 07:49:39,RTM,Fog,0.65,4.97,1.3,30.2,57.8
2026-01-12 21:37:21,RTM,Fog,0.66,4.23,0.8,33.9,61.1
2026-01-06 07:33:42,RTM,Cloudy,0.64,4.02,1.4,33.7,100.0
2026-06-27 03:34:50,RTM,Cloudy,0.17,8.88,0.7,26.4,60.2
2026-05-17 18:33:34,RTM,Clear,0.6,5.0,0.4,26.3,70.3
2026-05-11 23:42:06,RTM,Fog,0.5,5.51,0.1,27.0,76.3
2026-06-17 15:32:16,RTM,Clear,0.49,5.71,1.1,35.8,90.0
2026-06-16 18:48:46,RTM,Cloudy,0.11,8.57,0.6,16.9,37.8
2026-01-08 20:22:07,RTM,Clear,0.31,7.96,0.5,29.2,79.3
2026-03-07 02:18:54,RTM,Clear,0.12,9.3,0.5,23.1,77.3
2026-02-19 01:21:17,RTM,Cloudy,0.11,9.92,1.0,32.5,38.1
2026-05-02 08:27:04,RTM,Clear,0.31,7.97,1.1,11.4,51.1
2026-01-10 19:09:04,RTM,Clear,0.4,6.13,0.9,35.2,69.9
2026-04-27 02:43:55,RTM,Clear,0.44,7.22,0.7,15.2,58.5
2026-01-23 10:58:45,RTM,Cloudy,0.66,5.13,0.8,31.9,73.2
2026-03-01 11:42:17,RTM,Clear,0.18,9.0,0.5,28.6,60.8
2026-05-21 10:03:33,RTM,Clear,0.11,9.45,1.2,25.9,64.0
2026-05-08 08:03:19,RTM,Clear,0.28,7.42,0.4,9.0,48.9
2026-01-29 21:35:03,RTM,Clear,0.05,9.06,0.9,33.1,85.9
2026-01-06 02:00:38,RTM,Clear,0.07,9.41,1.4,28.1,50.2
2026-04-27 19:58:56,RTM,Clear,0.07,9.4,0.8,32.0,33.4
2026-04-15 18:07:55,RTM,Fog,0.53,5.63,1.1,23.0,72.9
2026-01-14 17:40:50,RTM,Clear,0.34,7.31,1.2,39.1,68.7
2026-01-29 08:46:33,RTM,Fog,0.71,4.2,0.1,26.0,77.0
2026-05-03 19:12:50,RTM,Cloudy,0.62,4.89,0.1,30.3,80.5
2026-01-15 08:51:39,RTM,Clear,0.09,9.04,0.7,27.3,54.0
2026-05-31 03:08:25,RTM,Clear,0.14,8.24,0.6,8.4,70.6
2026-05-08 12:29:11,RTM,Clear,0.63,4.24,1.0,28.6,89.6
2026-04-14 04:00:01,RTM,Clear,0.41,6.2,1.5,22.7,50.9
2026-05-09 06:09:52,RTM,Clear,0.61,4.57,0.2,21.4,68.4
2026-02-03 05:46:07,RTM,Clear,0.15,8.09,1.3,22.0,76.4
2026-05-07 15:50:05,RTM,Clear,0.63,4.18,0.5,20.7,83.6
2026-01-26 10:12:09,RTM,Clear,0.43,7.29,0.8,25.6,73.4
2026-03-26 16:06:27,RTM,Cloudy,0.37,6.87,0.7,11.2,68.5
2026-03-17 09:07:39,RTM,Clear,0.32,6.79,1.1,23.0,82.4
2026-04-28 02:02:30,RTM,Clear,0.12,8.37,0.6,19.7,64.4
2026-01-16 20:10:10,RTM,Fog,0.56,4.85,0.4,37.0,84.0
2026-01-30 10:08:34,RTM,Clear,0.15,7.48,1.2,28.0,39.4
2026-04-02 19:32:37,RTM,Clear,0.06,9.19,0.5,47.4,51.9
2026-05-27 05:39:45,RTM,Clear,0.34,7.83,1.2,26.5,80.7
2026-04-24 01:45:59,RTM,Clear,0.04,9.58,0.5,29.1,76.3
2026-02-12 17:50:54,RTM,Cloudy,0.16,8.13,0.9,31.9,57.2
2026-01-19 13:50:22,RTM,Rain,0.64,3.32,13.3,27.5,72.1
2026-06-22 10:02:50,RTM,Cloudy,0.25,7.87,0.9,37.7,73.9
2026-01-18 10:07:55,RTM,Fog,0.72,3.8,0.1,16.3,66.5
2026-02-19 17:04:14,RTM,Clear,0.16,9.64,0.8,14.1,41.1
2026-06-12 09:10:09,RTM,Clear,0.56,4.5,1.0,24.9,50.4
2026-05-28 00:59:56,RTM,Cloudy,0.39,7.01,0.3,16.5,67.0
2026-01-17 23:25:06,RTM,Clear,0.21,8.56,0.3,21.8,65.0
2026-05-08 23:56:04,RTM,Clear,0.28,7.64,0.3,22.6,70.1
2026-04-12 08:25:20,RTM,Cloudy,0.47,6.47,1.4,1.0,65.8
2026-03-07 07:00:46,RTM,Clear,0.57,5.63,0.3,15.9,52.0
2026-02-18 21:16:00,RTM,Cloudy,0.14,8.57,1.2,24.0,85.6
2026-01-08 22:12:32,RTM,Clear,0.29,7.65,1.4,29.0,51.2
2026-02-24 07:08:49,RTM,Clear,0.15,8.8,0.1,21.2,52.3
2026-05-17 23:38:27,RTM,Clear,0.07,8.61,0.8,16.4,77.4
2026-06-28 13:06:13,RTM,Clear,0.36,6.85,0.9,32.3,88.7
2026-03-23 03:38:03,RTM,Cloudy,0.25,7.51,1.2,32.2,41.2
2026-06-16 10:50:52,RTM,Clear,0.24,7.64,1.4,8.5,70.1
2026-03-23 13:18:00,RTM,Rain,0.51,4.56,14.4,27.7,79.0
2026-06-02 14:39:10,RTM,Fog,0.43,6.17,1.0,36.7,86.9
2026-05-12 22:41:07,RTM,Rain,0.13,7.05,4.0,24.5,54.0
2026-06-03 22:42:01,RTM,Clear,0.45,6.33,0.3,19.3,93.7
2026-06-23 16:53:32,RTM,Clear,0.72,4.87,0.2,30.5,100.0
2026-06-23 01:16:12,RTM,Fog,0.8,3.91,1.2,29.4,61.6
2026-04-24 00:22:35,RTM,Rain,0.36,5.31,4.7,28.6,69.9
2026-05-14 22:36:17,RTM,Rain,0.13,6.61,2.1,25.7,59.9
2026-02-26 03:52:56,RTM,Cloudy,0.19,8.7,1.4,23.2,59.4
2026-01-21 04:31:42,RTM,Clear,0.75,4.19,1.3,23.7,73.0
2026-04-21 11:48:37,RTM,Clear,0.66,5.18,0.3,16.4,77.0
2026-05-05 06:24:21,RTM,Clear,0.33,7.99,0.6,21.3,40.9
2026-06-15 03:11:08,RTM,Clear,0.23,8.87,1.0,44.1,63.3
2026-05-21 08:18:10,RTM,Clear,0.44,6.77,0.2,19.8,69.1
2026-02-08 13:36:47,RTM,Clear,0.51,5.82,1.1,17.7,79.4
2026-04-16 23:24:13,RTM,Clear,0.05,9.53,1.3,29.5,68.9
2026-05-04 22:30:40,RTM,Clear,0.6,4.88,1.2,13.0,55.6
2026-02-05 22:22:07,RTM,Clear,0.29,6.83,0.4,25.0,78.5
2026-04-22 21:30:54,RTM,Cloudy,0.16,8.85,1.2,34.2,88.1
2026-02-06 08:18:16,RTM,Cloudy,0.32,6.94,0.8,29.2,69.8
2026-04-05 08:30:12,RTM,Clear,0.36,7.39,0.0,40.5,100.0
2026-01-10 18:20:50,RTM,Clear,0.04,9.95,0.2,14.4,31.3
2026-05-02 21:50:24,RTM,Rain,0.26,6.13,10.0,35.7,68.8
2026-01-11 17:00:34,RTM,Clear,0.22,8.49,0.4,23.0,43.0
2026-06-21 09:28:45,RTM,Clear,0.34,6.4,0.9,22.2,44.6
2026-03-22 23:04:33,RTM,Clear,0.28,7.63,0.1,30.6,72.2
2026-02-22 00:42:46,RTM,Clear,0.05,10.36,1.3,15.2,44.5
2026-01-20 15:49:29,RTM,Rain,0.2,7.16,4.1,36.5,71.0
2026-06-17 14:33:19,RTM,Cloudy,0.37,6.93,0.4,17.3,50.5
2026-02-20 05:31:06,RTM,Clear,0.48,5.07,0.1,19.5,52.5
2026-01-26 13:54:33,RTM,Fog,0.66,5.35,0.7,17.4,52.4
2026-01-18 01:26:48,RTM,Cloudy,0.2,8.46,0.3,29.8,78.8
2026-06-12 11:49:47,RTM,Cloudy,0.43,7.02,1.2,27.6,57.2
2026-05-03 20:06:54,RTM,Clear,0.49,5.72,0.2,17.5,60.1
2026-05-03 23:22:47,RTM,Clear,0.1,9.63,0.1,16.3,80.4
2026-04-26 10:55:01,RTM,Rain,0.31,6.39,1.5,17.5,41.8
2026-04-10 05:01:35,RTM,Clear,0.08,9.38,0.8,23.9,72.9
2026-04-07 21:07:07,RTM,Fog,0.68,4.04,0.7,30.0,97.9
2026-06-28 22:33:35,RTM,Clear,0.41,7.21,0.4,28.5,34.9
2026-01-04 07:36:02,RTM,Clear,0.26,7.6,1.0,28.5,66.1
2026-03-09 20:37:29,RTM,Clear,0.41,6.05,0.3,30.3,81.8
2026-04-18 19:01:26,RTM,Cloudy,0.38,6.73,0.6,15.7,53.1
2026-04-03 00:14:35,RTM,Fog,0.75,3.77,0.1,27.6,81.1
2026-05-22 08:09:40,RTM,Clear,0.35,7.4,1.4,31.9,84.4
2026-05-18 19:47:32,RTM,Clear,0.31,6.76,0.4,36.1,49.5
2026-05-05 15:48:11,RTM,Clear,0.14,8.72,0.7,22.9,73.0
2026-01-28 04:00:18,RTM,Clear,0.24,8.33,1.4,30.0,74.6
2026-06-27 02:47:20,RTM,Clear,0.28,7.24,0.1,39.2,94.6
2026-02-18 01:33:25,RTM,Rain,0.31,5.89,7.6,16.1,86.3
2026-02-28 21:53:14,RTM,Cloudy,0.41,6.75,1.3,26.0,43.8
2026-01-07 20:27:01,RTM,Cloudy,0.28,7.64,1.4,27.5,59.2
2026-04-11 21:12:14,RTM,Clear,0.39,6.69,1.0,24.2,63.6
2026-06-04 02:05:39,RTM,Clear,0.29,7.02,1.0,31.9,53.7
2026-02-21 14:04:23,RTM,Fog,0.53,5.28,1.1,21.2,82.7
2026-02-18 12:13:09,RTM,Clear,0.44,5.87,0.5,29.8,80.1
2026-05-22 15:01:24,RTM,Fog,0.44,6.17,1.0,15.2,82.0
2026-03-28 05:10:03,RTM,Fog,0.48,6.11,0.5,20.6,48.5
2026-05-12 00:33:01,RTM,Clear,0.11,8.87,0.3,20.7,67.7
2026-06-21 05:08:28,RTM,Clear,0.44,6.21,0.1,21.8,53.3
2026-05-13 10:12:53,RTM,Rain,0.54,4.2,9.9,26.1,70.3
2026-03-10 08:57:42,RTM,Clear,0.25,8.18,1.0,20.3,96.8
2026-05-02 04:13:19,RTM,Fog,0.63,5.26,0.3,16.1,64.5
2026-06-08 06:19:31,RTM,Fog,0.63,4.37,0.6,25.3,69.8
2026-01-17 10:23:20,RTM,Clear,0.29,7.6,0.2,34.3,96.5
2026-01-24 02:24:08,RTM,Clear,0.37,7.02,1.2,31.8,89.3
2026-06-04 21:47:24,RTM,Clear,0.23,7.97,0.6,25.6,65.2
2026-04-02 10:49:36,RTM,Cloudy,0.13,9.02,0.7,37.0,64.7
2026-01-19 04:36:23,RTM,Clear,0.22,7.58,1.4,24.8,84.4
2026-01-09 04:26:53,RTM,Fog,0.91,1.56,1.1,29.4,73.0
2026-02-23 16:36:42,RTM,Clear,0.09,8.89,1.4,18.4,83.2
2026-02-25 21:26:21,RTM,Clear,0.26,8.03,0.6,11.3,58.7
2026-03-06 05:53:35,RTM,Clear,0.23,8.35,0.6,16.0,54.4
2026-04-01 11:56:04,RTM,Clear,0.06,9.83,0.4,27.7,71.6
2026-05-22 19:56:52,RTM,Clear,0.31,7.95,1.1,22.8,61.4
2026-04-27 15:41:58,RTM,Clear,0.14,9.44,0.5,17.4,60.0
2026-06-07 15:02:41,RTM,Clear,0.24,7.54,0.3,28.6,56.2
2026-06-27 11:49:03,RTM,Cloudy,0.06,9.48,0.9,35.3,98.9
2026-05-23 20:22:19,RTM,Clear,0.34,6.35,0.0,13.7,66.0
2026-03-25 20:33:16,RTM,Clear,0.27,6.91,1.2,23.6,64.5
2026-03-29 08:52:44,RTM,Clear,0.03,8.83,0.2,16.6,76.4
2026-05-10 18:27:56,RTM,Clear,0.17,9.01,0.6,18.3,61.5
2026-05-15 06:11:43,RTM,Cloudy,0.12,9.36,0.4,28.3,84.6
2026-03-30 02:09:09,RTM,Cloudy,0.52,5.35,0.8,21.4,81.1
2026-02-12 11:51:05,RTM,Clear,0.42,6.43,1.4,18.9,66.2
2026-01-12 09:55:01,RTM,Clear,0.21,7.75,0.2,21.9,91.3
2026-06-12 19:21:49,RTM,Clear,0.5,6.21,0.6,24.9,62.3
2026-01-08 06:14:11,RTM,Cloudy,0.77,3.39,1.3,19.6,75.9
2026-02-24 22:31:47,RTM,Cloudy,0.6,4.54,1.2,30.9,69.1
2026-04-01 23:15:32,RTM,Cloudy,0.22,7.55,1.5,20.4,78.3
2026-06-01 10:12:26,RTM,Rain,0.18,7.44,7.0,17.6,52.0
2026-02-05 06:31:47,RTM,Clear,0.21,7.87,0.5,23.6,56.6
2026-01-03 10:30:32,RTM,Fog,0.67,4.55,0.2,40.9,49.4
2026-02-25 09:52:51,RTM,Clear,0.34,7.91,0.9,18.9,72.9
2026-02-27 16:47:38,RTM,Cloudy,0.39,6.94,1.2,27.6,42.4
2026-03-17 23:11:44,RTM,Rain,0.21,6.73,15.7,18.7,89.2
2026-05-11 10:44:51,RTM,Clear,0.08,9.34,1.0,22.3,61.8
2026-02-17 23:42:09,RTM,Clear,0.33,6.81,0.3,32.4,65.2
2026-02-27 16:08:51,RTM,Cloudy,0.19,8.89,1.0,9.4,33.7
2026-06-04 14:29:02,RTM,Clear,0.19,7.75,0.2,24.6,80.9
2026-02-19 06:26:30,RTM,Cloudy,0.34,7.17,0.4,36.0,26.4
2026-05-06 02:03:08,RTM,Clear,0.27,8.28,0.9,31.3,51.5
2026-06-12 21:08:46,RTM,Clear,0.29,7.47,0.2,22.1,39.5
2026-03-18 12:11:43,RTM,Clear,0.19,8.08,0.6,21.5,76.5
2026-01-05 05:45:18,RTM,Clear,0.26,8.65,0.3,30.7,57.0
2026-01-27 18:04:21,RTM,Cloudy,0.52,5.19,0.2,14.2,63.2
2026-03-23 11:15:27,RTM,Cloudy,0.31,6.77,1.0,36.5,68.8
2026-01-20 00:57:04,RTM,Clear,0.24,7.2,0.7,15.0,94.3
2026-02-01 17:06:17,RTM,Clear,0.11,9.18,0.4,10.2,53.4
2026-05-11 09:15:30,RTM,Clear,0.47,6.7,0.1,28.0,82.7
2026-06-07 10:09:25,RTM,Rain,0.29,6.22,9.1,15.6,95.0
2026-05-08 06:01:17,RTM,Clear,0.38,6.63,0.9,11.5,53.8
2026-03-04 12:56:47,RTM,Clear,0.16,8.49,0.1,29.2,94.6
2026-06-06 04:35:41,RTM,Clear,0.36,6.93,0.3,14.4,100.0
2026-06-21 11:39:43,RTM,Cloudy,0.23,8.51,0.4,13.6,75.5
2026-02-01 10:03:33,RTM,Clear,0.34,6.92,1.4,33.2,29.6
2026-06-07 03:21:43,RTM,Clear,0.42,6.41,1.2,14.3,82.9
2026-03-03 15:13:41,RTM,Clear,0.17,8.72,1.2,24.1,57.1
2026-05-16 01:31:40,RTM,Clear,0.09,9.06,0.9,32.6,26.0
2026-01-15 18:55:52,RTM,Clear,0.17,7.77,0.3,18.4,60.2
2026-06-12 19:46:10,RTM,Cloudy,0.31,6.36,0.3,21.7,60.5
2026-04-03 01:51:43,RTM,Clear,0.1,9.81,0.5,18.6,28.0
2026-04-19 10:26:05,RTM,Clear,0.1,9.1,0.9,12.0,92.5
2026-01-16 15:56:14,RTM,Cloudy,0.41,5.95,1.1,31.2,48.7
2026-04-21 14:55:16,RTM,Clear,0.08,8.77,0.8,37.4,85.5
2026-04-20 07:00:19,RTM,Rain,0.55,4.28,9.0,9.2,65.5
2026-01-15 05:43:41,RTM,Clear,0.32,7.34,0.1,36.4,43.2
2026-06-08 12:14:14,RTM,Rain,0.51,4.72,4.5,34.9,59.5
2026-02-28 23:48:20,RTM,Clear,0.38,6.81,0.3,26.8,62.1
2026-05-24 17:35:39,RTM,Clear,0.08,9.59,0.5,14.4,83.1
2026-06-27 09:55:43,RTM,Clear,0.07,9.26,0.5,22.2,59.9
2026-04-07 02:38:31,RTM,Clear,0.09,7.63,1.2,14.0,79.4
2026-03-02 06:29:56,RTM,Clear,0.49,6.02,1.1,22.8,71.4
2026-06-27 06:38:01,RTM,Cloudy,0.24,8.18,1.4,28.9,68.1
2026-06-26 11:55:45,RTM,Rain,0.4,5.69,16.4,30.6,50.9
2026-02-02 20:32:28,RTM,Rain,0.3,6.06,6.9,9.7,82.1
2026-04-13 05:52:01,RTM,Clear,0.07,9.07,1.3,8.4,72.4
2026-03-11 09:43:11,RTM,Clear,0.12,9.04,1.4,17.9,62.7
2026-03-16 03:55:30,RTM,Fog,0.58,5.3,0.7,14.0,98.0
2026-03-26 21:29:38,RTM,Clear,0.24,8.38,0.4,22.4,84.8
2026-05-09 02:21:39,RTM,Clear,0.07,8.85,0.7,32.6,78.9
2026-05-04 23:58:53,RTM,Clear,0.09,9.29,1.1,23.6,54.6
2026-02-12 22:58:56,RTM,Clear,0.23,8.32,0.9,7.5,32.1
2026-01-09 08:48:57,RTM,Cloudy,0.38,6.87,1.1,27.2,60.5
2026-03-18 02:08:20,RTM,Rain,0.41,5.27,0.8,22.9,63.2
2026-04-07 15:59:16,RTM,Clear,0.37,6.96,0.0,16.1,66.4
2026-02-06 12:02:31,RTM,Rain,0.27,6.96,7.0,20.2,70.6
2026-02-28 00:32:26,RTM,Clear,0.36,7.16,0.3,27.4,68.1
2026-02-25 09:26:27,RTM,Clear,0.27,7.0,0.0,28.0,74.9
2026-06-27 13:06:44,RTM,Rain,0.43,4.44,6.3,14.4,56.8
2026-03-06 21:02:50,RTM,Fog,0.64,4.2,1.0,25.2,83.5
2026-01-09 06:44:38,RTM,Clear,0.24,7.68,1.4,18.9,35.2
2026-06-05 20:04:14,RTM,Fog,0.7,3.94,0.3,17.2,83.3
2026-01-13 00:35:10,RTM,Cloudy,0.8,3.04,0.6,26.8,61.0
2026-01-02 05:27:50,RTM,Clear,0.24,8.17,0.9,24.6,54.3
2026-02-13 18:30:27,RTM,Clear,0.72,4.43,1.4,17.8,100.0
2026-06-17 21:39:13,RTM,Clear,0.23,8.33,1.2,36.9,33.6
2026-01-09 06:48:05,RTM,Clear,0.42,5.69,0.5,33.4,83.0
2026-04-02 16:21:41,RTM,Clear,0.39,6.71,0.1,22.3,50.8
2026-04-10 05:31:44,RTM,Cloudy,0.33,7.6,1.0,11.1,58.4
2026-05-27 09:25:37,RTM,Clear,0.38,6.97,1.4,14.8,56.2
2026-06-06 05:03:51,RTM,Clear,0.29,7.14,1.2,22.0,46.0
2026-04-15 08:42:12,RTM,Rain,0.34,6.73,9.8,21.2,81.1
2026-06-15 13:58:30,RTM,Cloudy,0.27,7.5,1.2,11.8,59.4
2026-04-23 07:05:22,RTM,Clear,0.58,5.83,1.0,22.1,42.0
2026-06-03 12:59:20,RTM,Clear,0.22,8.65,0.1,11.6,48.6
2026-06-30 06:20:36,RTM,Rain,0.42,4.54,10.2,11.8,65.6
2026-02-24 09:28:36,RTM,Cloudy,0.62,4.48,0.6,14.0,57.4
2026-01-18 18:11:15,RTM,Cloudy,0.09,9.14,1.4,29.8,57.1
2026-03-25 22:43:30,RTM,Clear,0.03,9.3,1.2,20.6,74.8
2026-04-18 20:55:27,RTM,Cloudy,0.17,8.53,1.3,20.7,65.7
2026-01-04 09:11:58,RTM,Clear,0.64,4.8,0.1,24.9,64.7
2026-02-28 22:11:23,RTM,Fog,0.92,1.91,1.4,19.0,68.7
2026-05-27 23:04:45,RTM,Clear,0.54,5.17,1.1,29.2,67.8
2026-04-30 10:36:41,RTM,Cloudy,0.51,5.51,0.3,4.4,88.4
2026-02-17 07:22:36,RTM,Clear,0.15,9.3,0.1,27.4,69.3
2026-03-02 06:23:31,RTM,Rain,0.21,6.94,9.5,11.1,69.8
2026-01-23 18:00:31,RTM,Clear,0.05,9.07,0.6,21.2,88.5
2026-04-18 12:52:21,RTM,Cloudy,0.08,9.59,0.8,25.0,58.8
2026-01-17 14:15:56,RTM,Clear,0.27,6.89,1.0,20.5,100.0
2026-05-22 01:47:09,RTM,Fog,0.61,4.41,0.8,23.4,57.3
2026-04-02 12:04:16,RTM,Cloudy,0.26,7.88,1.2,23.7,84.8
2026-06-02 10:42:37,RTM,Fog,0.42,6.14,1.1,20.9,53.2
2026-04-29 08:23:18,RTM,Clear,0.57,4.73,0.2,30.3,82.4
2026-05-01 06:15:01,RTM,Clear,0.52,6.13,0.2,32.0,52.7
2026-01-28 01:36:19,RTM,Clear,0.28,7.32,0.7,14.2,77.2
2026-01-12 12:59:49,RTM,Cloudy,0.15,8.78,0.2,20.2,53.2
2026-06-18 03:11:40,RTM,Clear,0.13,9.01,0.4,34.2,50.4
2026-05-15 22:01:06,RTM,Clear,0.18,8.14,0.7,24.2,72.6
2026-04-18 22:28:01,RTM,Clear,0.27,7.37,0.8,36.7,77.3
2026-02-15 13:08:30,RTM,Clear,0.18,8.38,0.1,26.4,98.9
2026-06-12 13:14:31,RTM,Clear,0.09,9.5,0.4,21.5,47.2
2026-02-18 09:07:42,RTM,Cloudy,0.18,8.01,0.8,12.1,62.9
2026-02-07 19:27:03,RTM,Fog,0.55,4.96,0.3,19.0,76.4
2026-03-05 06:57:01,RTM,Clear,0.22,8.01,1.0,22.3,65.8
2026-02-09 19:19:48,RTM,Clear,0.19,8.93,1.4,22.0,56.3
2026-05-07 07:57:14,RTM,Fog,0.59,5.14,0.7,14.4,50.3
2026-04-22 04:01:12,RTM,Clear,0.48,5.55,0.4,35.6,38.3
2026-05-19 17:08:46,RTM,Clear,0.11,8.64,0.8,14.1,60.8
2026-01-16 02:50:44,RTM,Rain,0.55,4.17,4.6,30.6,94.3
2026-01-25 03:54:16,RTM,Clear,0.33,7.39,0.4,28.3,76.1
2026-03-31 10:28:19,RTM,Cloudy,0.09,8.88,1.2,26.0,72.7
2026-06-02 17:59:36,RTM,Clear,0.24,7.53,0.8,22.7,78.8
2026-02-11 02:15:40,RTM,Fog,0.64,4.46,0.3,34.4,70.4
2026-06-30 12:03:15,RTM,Fog,0.67,4.27,0.3,38.4,22.2
2026-05-03 20:07:18,RTM,Clear,0.41,6.69,1.0,21.8,66.8
2026-02-04 10:09:21,RTM,Clear,0.25,7.47,1.2,20.7,96.2
2026-02-02 23:19:33,RTM,Clear,0.11,9.12,0.4,22.9,48.5
2026-06-06 13:21:06,RTM,Clear,0.15,8.21,0.3,20.6,45.7
2026-01-22 13:29:19,RTM,Clear,0.44,5.68,0.7,27.6,66.7
2026-03-30 11:34:31,RTM,Clear,0.41,5.64,0.5,19.4,53.5
2026-04-24 08:20:51,RTM,Clear,0.22,8.27,0.3,24.0,65.6
2026-06-16 13:35:55,RTM,Clear,0.28,8.15,0.9,32.9,64.0
2026-02-04 06:34:27,RTM,Clear,0.45,5.55,1.0,34.5,54.0
2026-02-27 11:27:30,RTM,Clear,0.51,6.09,1.1,34.7,69.3
2026-03-25 22:40:27,RTM,Clear,0.27,7.64,1.2,28.7,61.8
2026-06-19 11:41:14,RTM,Clear,0.42,6.99,0.6,21.1,44.1
2026-03-28 18:56:26,RTM,Clear,0.36,7.36,1.4,30.6,54.5
2026-06-29 11:47:54,RTM,Fog,0.67,3.56,1.2,23.1,79.0
2026-05-16 10:40:56,RTM,Clear,0.69,4.06,0.7,19.9,48.9
2026-02-13 04:14:46,RTM,Clear,0.14,8.97,1.2,36.4,56.4
2026-02-22 01:26:21,RTM,Clear,0.45,5.9,1.1,29.5,92.9
2026-01-07 12:00:22,RTM,Clear,0.5,5.82,1.0,31.8,85.0
2026-03-16 18:21:48,RTM,Cloudy,0.12,8.52,0.9,21.7,83.6
2026-05-19 12:39:31,RTM,Clear,0.44,6.42,1.2,27.3,47.0
2026-04-15 00:12:10,RTM,Clear,0.25,7.64,1.2,11.9,64.5
2026-04-29 16:12:04,RTM,Rain,0.23,7.14,9.4,31.1,71.6
2026-03-07 09:41:13,RTM,Cloudy,0.32,7.15,1.0,35.1,62.3
2026-05-14 04:49:46,RTM,Clear,0.19,7.81,0.6,22.2,72.3
2026-06-08 09:44:31,RTM,Fog,0.7,4.2,0.7,32.9,83.9
2026-01-04 18:18:46,RTM,Clear,0.16,8.66,1.4,12.8,75.4
2026-02-27 10:51:14,RTM,Clear,0.09,9.31,0.6,36.3,79.4
2026-06-07 22:58:22,RTM,Clear,0.2,8.72,0.0,33.9,46.9
2026-06-28 06:53:11,RTM,Clear,0.25,7.8,0.7,21.1,53.4
2026-06-23 10:26:36,RTM,Clear,0.01,9.92,0.9,27.9,52.2
2026-06-04 02:08:38,RTM,Clear,0.61,3.86,0.4,21.1,80.5
2026-06-12 09:27:55,RTM,Clear,0.37,7.12,0.2,28.4,93.3
2026-04-07 08:31:57,RTM,Clear,0.63,4.56,1.5,15.9,87.3
2026-04-28 11:23:20,RTM,Clear,0.16,8.8,1.3,6.4,46.4
2026-03-06 02:30:38,RTM,Clear,0.11,8.68,0.4,13.9,100.0
2026-05-10 12:30:23,RTM,Clear,0.38,6.02,0.2,18.5,90.7
2026-01-05 13:09:28,RTM,Clear,0.36,7.1,0.2,10.6,51.0
2026-05-24 03:49:12,RTM,Clear,0.31,7.45,0.5,23.6,86.1
2026-06-08 05:45:33,RTM,Clear,0.18,9.01,1.4,25.4,87.2
2026-05-22 16:24:00,RTM,Clear,0.03,9.66,1.4,12.6,72.7
2026-04-24 02:53:59,RTM,Fog,0.82,3.64,1.4,23.0,64.7
2026-01-02 13:21:16,RTM,Fog,0.42,6.55,0.7,18.0,51.4
2026-01-01 13:54:13,RTM,Fog,0.42,6.54,0.6,13.0,56.1
2026-05-24 23:31:02,RTM,Cloudy,0.42,7.0,0.8,41.3,65.6
2026-01-09 09:25:51,RTM,Clear,0.38,8.06,1.3,24.4,53.9
2026-05-30 21:54:27,RTM,Clear,0.52,5.22,1.1,25.3,76.6
2026-01-01 08:53:22,RTM,Clear,0.08,9.16,0.3,32.5,65.7
2026-06-01 13:03:40,RTM,Clear,0.24,7.77,1.1,20.7,85.8
2026-04-02 06:35:15,RTM,Fog,0.42,6.35,0.6,19.1,28.7
2026-05-21 11:34:19,RTM,Cloudy,0.37,7.49,0.2,31.9,73.0
2026-01-21 00:33:42,RTM,Cloudy,0.17,8.82,0.8,33.7,77.2
2026-05-23 18:12:01,RTM,Rain,0.15,7.91,10.3,17.6,79.8
2026-06-26 01:39:19,RTM,Clear,0.38,6.85,1.4,21.6,82.4
2026-05-04 19:08:04,RTM,Clear,0.29,7.0,0.6,15.1,51.5
2026-01-04 05:58:49,RTM,Clear,0.19,8.82,1.1,32.3,47.1
2026-04-30 23:59:48,RTM,Rain,0.58,3.36,18.3,27.2,41.3
2026-04-04 04:59:30,RTM,Fog,0.59,4.8,1.2,15.1,57.9
2026-03-20 09:10:26,RTM,Fog,0.9,2.36,1.4,31.5,72.0
2026-06-23 09:18:53,RTM,Rain,0.32,6.11,19.3,19.9,69.2
2026-02-04 15:12:50,RTM,Cloudy,0.14,9.38,0.3,20.5,49.2
2026-03-06 20:33:44,RTM,Clear,0.11,9.49,1.4,21.6,43.8
2026-05-26 02:14:23,RTM,Clear,0.35,7.13,0.3,32.6,72.8
2026-06-02 17:23:05,RTM,Cloudy,0.2,8.59,0.9,22.3,72.8
2026-06-02 15:39:25,RTM,Cloudy,0.12,10.14,1.1,25.5,39.7
2026-01-31 22:57:45,RTM,Rain,0.17,7.42,8.7,31.4,47.8
2026-03-25 22:56:44,RTM,Clear,0.34,6.74,0.5,28.9,65.5
2026-01-26 20:02:26,RTM,Clear,0.13,8.66,1.0,18.5,62.7
2026-03-31 07:24:37,RTM,Clear,0.23,7.74,0.8,23.7,75.0
2026-03-13 04:51:02,RTM,Clear,0.46,6.61,0.0,27.8,55.0
2026-03-15 21:33:54,RTM,Cloudy,0.29,7.91,0.8,34.5,72.7
2026-04-19 20:45:30,RTM,Clear,0.13,8.61,0.7,28.0,69.1
2026-06-22 19:53:08,RTM,Clear,0.47,6.22,1.4,45.6,93.5
2026-03-30 03:18:43,RTM,Clear,0.19,8.71,1.4,10.3,86.3
2026-04-14 05:26:53,RTM,Clear,0.2,8.56,1.2,29.2,71.2
2026-05-11 08:47:47,RTM,Clear,0.21,7.92,0.2,19.5,55.2
2026-06-20 07:39:56,RTM,Clear,0.3,7.2,1.2,27.8,98.1
2026-04-18 05:03:00,RTM,Clear,0.03,10.11,0.8,38.4,70.0
2026-01-11 07:29:36,RTM,Fog,0.75,3.66,0.8,11.3,100.0
2026-02-08 00:05:52,RTM,Clear,0.12,9.25,0.5,24.8,93.7
2026-02-13 14:33:37,RTM,Cloudy,0.07,9.12,1.0,21.6,80.0
2026-06-20 04:59:14,RTM,Clear,0.11,9.12,1.0,17.1,71.9
2026-02-01 18:02:57,RTM,Rain,0.16,6.93,10.5,17.6,54.1
2026-06-09 23:48:29,RTM,Cloudy,0.1,8.65,1.1,27.3,74.7
2026-04-05 06:14:27,RTM,Fog,0.46,6.11,1.3,11.2,82.1
2026-02-22 20:14:53,RTM,Cloudy,0.23,7.59,0.9,21.6,86.4
2026-04-05 17:18:43,RTM,Clear,0.1,8.83,1.4,22.9,82.7
2026-04-22 12:31:57,RTM,Clear,0.08,8.83,1.1,16.9,73.5
2026-05-13 06:25:05,RTM,Clear,0.04,10.16,1.0,26.9,36.5
2026-02-27 04:41:45,RTM,Clear,0.4,5.98,1.4,14.5,62.2
2026-03-19 01:19:23,RTM,Clear,0.38,6.43,1.5,32.3,65.5
2026-04-09 03:11:56,RTM,Cloudy,0.31,7.42,0.2,19.3,49.1
2026-04-23 08:50:51,RTM,Clear,0.44,6.53,1.4,28.5,79.8
2026-03-20 23:55:20,RTM,Clear,0.23,7.07,1.2,18.9,74.7
2026-03-23 18:14:23,RTM,Cloudy,0.17,8.1,1.1,13.6,86.9
2026-03-03 16:11:46,RTM,Cloudy,0.25,7.42,1.5,27.9,61.3
2026-05-15 23:30:27,RTM,Clear,0.2,8.86,0.5,24.2,69.4
2026-01-24 02:11:42,RTM,Clear,0.3,7.91,1.5,22.3,100.0
2026-06-26 18:02:04,RTM,Clear,0.04,9.45,0.3,18.5,43.5
2026-04-03 17:11:40,RTM,Cloudy,0.21,8.77,0.4,25.1,42.6
2026-02-10 18:48:37,RTM,Clear,0.23,8.33,0.3,30.7,100.0
2026-05-21 12:18:11,RTM,Fog,0.64,4.6,1.4,17.8,89.0
2026-01-22 04:29:18,RTM,Clear,0.29,7.15,1.2,25.9,71.9
2026-01-10 23:08:51,RTM,Clear,0.68,3.74,0.8,26.3,54.5
2026-06-12 13:58:40,RTM,Clear,0.09,9.06,1.3,24.5,60.4
2026-02-06 01:32:46,RTM,Cloudy,0.23,7.52,0.4,40.7,50.5
2026-06-14 11:12:44,RTM,Clear,0.08,9.13,1.5,15.2,80.7
2026-03-25 12:06:52,RTM,Clear,0.42,6.61,0.2,32.1,100.0
2026-01-30 16:22:48,RTM,Rain,0.23,7.43,7.1,34.9,63.3
2026-05-29 06:17:26,RTM,Clear,0.31,7.03,1.4,15.3,72.0
2026-06-20 05:02:12,RTM,Cloudy,0.21,7.33,0.1,20.1,87.8
2026-06-18 12:58:45,RTM,Fog,0.74,4.23,0.2,27.2,100.0
2026-01-26 07:25:53,RTM,Cloudy,0.24,8.19,0.6,22.5,49.9
2026-06-16 19:59:25,RTM,Clear,0.36,6.32,1.0,27.7,75.9
2026-01-02 04:15:54,RTM,Clear,0.34,7.72,1.0,24.5,70.4
2026-02-08 23:41:09,RTM,Cloudy,0.07,9.62,0.1,30.9,59.8
2026-04-18 06:40:58,RTM,Clear,0.6,4.58,1.4,17.1,71.3
2026-01-23 12:16:46,RTM,Clear,0.38,6.14,1.4,27.5,96.8
2026-04-18 08:42:32,RTM,Clear,0.19,8.06,0.3,28.5,36.9
2026-01-18 07:19:26,RTM,Clear,0.49,5.56,0.9,48.7,89.7
2026-02-06 23:43:23,RTM,Clear,0.25,7.2,0.5,27.1,47.5
2026-02-07 19:43:40,RTM,Clear,0.63,5.04,0.7,12.0,93.2
2026-02-20 16:56:06,RTM,Clear,0.27,7.04,0.7,26.2,54.8
2026-05-18 02:40:59,RTM,Clear,0.17,9.01,0.3,35.9,67.5
2026-04-04 05:25:07,RTM,Rain,0.35,6.23,4.2,22.1,88.8
2026-05-23 01:12:19,RTM,Clear,0.37,6.39,1.1,24.6,93.7
2026-06-13 03:36:42,RTM,Cloudy,0.12,9.15,0.2,27.0,77.4
2026-01-14 22:47:33,RTM,Rain,0.08,7.91,9.8,26.2,74.4
2026-02-07 19:30:42,RTM,Clear,0.29,7.78,0.1,25.1,54.8
2026-02-14 04:26:30,RTM,Clear,0.05,9.3,1.1,27.2,68.4
2026-06-09 22:27:20,RTM,Clear,0.12,9.51,1.2,17.0,46.2
2026-03-03 20:03:26,RTM,Fog,0.45,5.59,0.8,37.2,77.0
2026-05-20 06:43:38,RTM,Cloudy,0.47,6.09,1.0,19.0,75.7
2026-05-15 10:04:46,RTM,Clear,0.64,4.43,1.0,23.1,67.0
2026-06-25 22:33:56,RTM,Clear,0.31,8.32,1.3,7.2,74.6
2026-01-01 04:56:38,RTM,Clear,0.12,8.39,1.2,24.9,44.9
2026-03-05 09:46:25,RTM,Cloudy,0.23,8.34,0.1,16.4,41.6
2026-05-27 16:49:42,RTM,Clear,0.44,6.33,0.7,28.4,63.0
2026-05-17 11:50:19,RTM,Clear,0.62,4.41,1.2,21.2,75.1
2026-06-09 13:01:26,RTM,Fog,0.85,2.53,0.8,27.2,82.5
2026-04-05 22:19:55,RTM,Rain,0.24,7.36,12.8,18.3,77.4
2026-03-20 01:59:13,RTM,Cloudy,0.38,7.66,1.4,23.7,71.2
2026-01-23 21:48:57,RTM,Clear,0.27,7.91,1.5,19.0,75.6
2026-03-06 17:40:56,RTM,Clear,0.5,5.13,1.0,14.4,79.8
2026-06-09 06:56:13,RTM,Clear,0.47,5.25,0.8,31.9,40.2
2026-01-30 19:21:40,RTM,Cloudy,0.26,7.81,1.0,17.4,49.7
2026-04-19 09:53:43,RTM,Cloudy,0.3,7.72,1.4,22.1,45.6
2026-04-24 10:38:29,RTM,Fog,0.94,1.72,1.4,24.1,78.6
2026-05-17 19:18:06,RTM,Rain,0.19,7.8,16.4,28.2,75.5
2026-02-21 21:11:29,RTM,Clear,0.27,7.53,1.1,23.7,76.0
2026-01-28 07:17:07,RTM,Clear,0.51,5.76,1.5,15.0,89.8
2026-01-18 04:29:18,RTM,Clear,0.32,7.34,0.4,13.8,78.8
2026-02-23 21:27:10,RTM,Fog,0.8,2.85,0.7,38.4,63.5
2026-01-15 18:44:52,RTM,Fog,0.57,4.94,1.1,19.0,93.5
2026-02-10 07:13:45,RTM,Clear,0.43,5.8,0.1,24.0,74.7
2026-06-30 18:26:27,RTM,Cloudy,0.55,5.47,1.1,29.0,72.9
2026-02-22 11:26:27,RTM,Clear,0.26,7.57,1.0,12.9,52.5
2026-01-21 22:05:45,RTM,Cloudy,0.29,7.69,1.5,45.4,60.9
2026-04-12 00:44:53,RTM,Clear,0.22,8.07,1.3,28.0,61.8
2026-06-17 21:57:34,RTM,Clear,0.05,9.7,1.3,17.3,91.6
2026-03-11 15:12:00,RTM,Fog,0.7,4.75,1.0,24.1,81.9
2026-05-30 10:08:30,RTM,Fog,1.0,1.27,0.9,30.2,61.2
2026-05-16 16:27:21,RTM,Cloudy,0.35,6.63,0.7,24.9,53.8
2026-02-17 07:28:07,RTM,Cloudy,0.56,5.2,0.8,6.8,72.4
2026-06-22 09:23:29,RTM,Clear,0.09,8.7,1.1,13.3,84.1
2026-06-02 01:28:50,RTM,Fog,0.81,3.14,0.5,28.0,69.1
2026-04-28 14:24:45,RTM,Clear,0.63,5.24,0.5,16.0,51.7
2026-02-05 17:43:44,RTM,Cloudy,0.38,6.86,0.0,28.9,70.2
2026-06-17 21:25:42,RTM,Clear,0.08,9.32,0.1,26.8,52.2
2026-01-04 23:12:14,RTM,Rain,0.33,6.14,3.0,34.5,49.9
2026-04-19 23:29:07,RTM,Clear,0.42,6.12,1.2,26.7,27.6
2026-06-14 17:02:59,RTM,Cloudy,0.18,8.04,1.3,18.9,75.0
2026-02-02 10:10:00,RTM,Cloudy,0.32,6.5,1.5,33.1,55.4
2026-05-25 13:04:54,RTM,Cloudy,0.13,8.58,0.7,28.3,62.7
2026-06-01 00:53:24,RTM,Fog,0.66,5.22,0.6,29.0,69.5
2026-02-10 06:16:04,RTM,Fog,0.83,3.02,0.1,21.5,69.3
2026-05-07 15:31:54,RTM,Cloudy,0.45,6.65,0.1,34.6,40.1
2026-03-29 22:08:01,RTM,Clear,0.35,7.3,0.1,33.3,68.6
2026-06-23 14:13:54,RTM,Fog,0.52,5.94,0.6,27.9,37.7
2026-02-01 06:51:32,RTM,Fog,0.57,4.77,0.8,39.8,83.1
2026-01-22 02:59:14,RTM,Rain,0.17,8.13,4.8,19.3,75.0
2026-04-26 13:43:39,RTM,Cloudy,0.64,4.58,0.5,30.3,80.6
2026-04-07 10:07:32,RTM,Rain,0.05,8.38,5.4,35.6,83.0
2026-04-21 18:38:30,RTM,Fog,0.6,5.07,0.3,24.4,92.1
2026-04-18 23:18:52,RTM,Cloudy,0.14,7.9,1.3,26.7,48.2
2026-02-25 15:28:31,RTM,Fog,0.58,5.52,1.1,20.9,79.4
2026-01-15 20:04:55,RTM,Cloudy,0.28,8.49,1.2,23.0,47.8
2026-05-15 05:21:51,RTM,Clear,0.58,4.45,0.3,18.8,63.4
2026-01-27 19:12:36,RTM,Clear,0.39,6.54,0.4,33.4,65.7
2026-02-15 22:26:10,RTM,Clear,0.23,8.14,1.1,21.5,63.3
2026-06-13 11:41:36,RTM,Clear,0.21,8.85,0.6,18.7,79.0
2026-05-14 03:05:47,RTM,Clear,0.64,4.64,0.8,19.1,47.4
2026-01-04 16:37:11,RTM,Clear,0.49,5.47,1.0,19.1,71.3
2026-02-19 01:04:38,RTM,Clear,0.55,5.02,1.3,20.5,41.1
2026-02-02 15:06:49,RTM,Clear,0.18,8.8,0.1,26.6,76.9
2026-02-09 23:10:56,RTM,Rain,0.27,5.5,16.1,18.7,54.3
2026-01-08 15:54:02,RTM,Clear,0.31,8.26,0.5,24.7,71.7
2026-05-20 00:59:42,RTM,Cloudy,0.24,8.08,0.8,23.2,55.5
2026-02-02 15:25:34,RTM,Rain,0.35,5.48,12.3,29.8,94.5
2026-06-07 01:22:13,RTM,Rain,0.35,6.16,18.5,20.5,68.4
2026-02-06 01:06:23,RTM,Rain,0.25,6.52,12.5,22.1,81.4
2026-05-31 07:08:43,RTM,Clear,0.14,8.83,0.1,22.2,65.7
2026-04-27 00:47:24,RTM,Clear,0.41,6.63,0.1,20.9,86.8
2026-01-14 16:23:21,RTM,Clear,0.63,3.94,0.4,17.4,65.7
2026-03-02 15:24:15,RTM,Clear,0.5,5.38,1.1,22.9,53.0
2026-03-28 17:02:10,RTM,Rain,0.23,6.96,8.5,24.4,57.4
2026-01-12 15:56:28,RTM,Clear,0.24,8.63,0.9,26.9,53.6
2026-05-15 11:04:28,RTM,Clear,0.13,9.29,0.7,31.7,46.1
2026-02-22 08:36:44,RTM,Clear,0.36,6.46,0.8,20.9,59.2
2026-04-19 13:39:36,RTM,Clear,0.09,9.58,1.3,21.9,93.0
2026-02-19 12:13:17,RTM,Rain,0.05,8.34,12.6,18.4,58.2
2026-04-02 01:37:29,RTM,Fog,0.59,4.54,1.1,22.0,54.5
2026-03-29 10:21:29,RTM,Rain,0.53,4.37,12.0,22.5,100.0
2026-02-17 15:37:07,RTM,Clear,0.57,4.93,0.5,18.6,65.7
2026-03-01 14:55:46,RTM,Clear,0.4,7.32,0.8,30.0,64.7
2026-02-27 07:49:05,RTM,Fog,0.51,5.21,1.0,29.9,64.4
2026-02-20 22:21:45,RTM,Cloudy,0.53,6.17,1.0,28.1,68.6
2026-04-01 22:12:19,RTM,Cloudy,0.46,6.41,0.7,6.3,43.6
2026-06-20 22:57:18,RTM,Cloudy,0.49,6.04,0.8,21.1,35.1
2026-03-24 23:22:26,RTM,Cloudy,0.41,7.05,0.9,41.1,67.8
2026-03-31 05:31:38,RTM,Clear,0.3,7.1,1.1,18.7,44.6
2026-01-13 05:18:22,RTM,Clear,0.28,7.49,1.3,15.6,76.0
2026-02-06 22:40:53,RTM,Rain,0.35,5.7,8.7,10.9,83.7
2026-02-03 23:16:42,RTM,Clear,0.3,8.39,1.0,22.1,77.2
2026-05-04 03:29:55,RTM,Clear,0.31,7.06,1.4,32.7,81.2
2026-02-03 16:50:30,RTM,Rain,0.34,5.76,12.2,46.2,55.0
2026-04-19 21:46:15,RTM,Cloudy,0.14,9.16,1.2,19.9,82.3
2026-01-28 11:42:33,RTM,Fog,0.8,3.18,0.1,19.2,73.7
2026-04-10 06:41:45,RTM,Clear,0.41,6.56,0.5,32.4,97.3
2026-03-18 00:31:15,RTM,Clear,0.19,8.5,0.9,14.9,63.6
2026-04-09 14:40:10,RTM,Clear,0.25,7.91,0.2,8.3,69.1
2026-06-18 07:39:34,RTM,Clear,0.27,7.64,0.1,23.3,75.2
2026-02-25 00:32:39,RTM,Clear,0.31,7.48,0.7,19.7,100.0
2026-06-20 14:46:37,RTM,Clear,0.45,6.5,0.5,23.0,84.8
2026-01-26 08:55:44,RTM,Clear,0.26,7.55,0.1,21.3,86.6
2026-04-05 07:30:37,RTM,Rain,0.37,6.13,15.9,25.9,61.9
2026-06-08 21:39:10,RTM,Rain,0.01,8.84,6.0,31.9,76.7
2026-03-02 02:16:26,RTM,Clear,0.52,5.92,0.6,27.2,88.7
2026-06-29 16:58:44,RTM,Rain,0.08,7.43,13.7,36.0,60.4
2026-06-04 20:56:18,RTM,Clear,0.42,6.68,0.9,35.9,36.3
2026-06-18 14:00:57,RTM,Clear,0.11,8.42,0.3,13.7,54.8
2026-03-19 14:17:36,RTM,Clear,0.49,5.42,0.2,18.7,100.0
2026-01-02 18:04:16,RTM,Clear,0.07,10.07,0.9,31.5,42.0
2026-01-20 00:09:03,RTM,Clear,0.15,9.17,0.2,22.0,59.1
2026-03-18 02:08:20,RTM,Clear,0.24,7.7,1.5,15.2,48.7
2026-06-23 04:20:01,RTM,Cloudy,0.37,7.68,0.7,18.8,37.0
2026-04-23 16:22:59,RTM,Rain,0.09,8.45,6.5,19.2,72.8
2026-05-17 19:39:58,RTM,Clear,0.21,8.72,0.9,25.6,87.3
2026-03-14 05:45:43,RTM,Clear,0.15,8.55,0.6,23.5,62.7
2026-06-25 02:33:06,RTM,Rain,0.52,5.17,10.0,19.3,63.7
2026-04-14 13:10:29,RTM,Clear,0.11,9.28,1.3,16.0,57.0
2026-03-20 16:17:11,RTM,Clear,0.48,5.84,0.7,12.7,47.9
2026-05-22 04:43:15,RTM,Clear,0.2,8.48,0.3,18.4,59.1
2026-06-02 23:01:15,RTM,Clear,0.41,6.89,0.8,28.0,84.0
2026-01-10 11:11:15,RTM,Clear,0.1,9.23,0.4,39.5,36.7
2026-01-29 01:25:51,RTM,Clear,0.19,8.66,0.2,17.1,65.3
2026-03-17 13:26:31,RTM,Clear,0.19,8.47,1.3,27.8,20.0
2026-01-05 03:24:37,RTM,Clear,0.3,7.73,0.3,30.6,65.1
2026-05-23 16:18:21,RTM,Fog,0.87,2.6,0.7,29.2,59.7
2026-04-30 10:53:05,RTM,Cloudy,0.27,7.92,0.3,29.2,94.2
2026-02-02 00:01:17,RTM,Clear,0.29,7.5,0.1,25.1,59.0
2026-06-06 17:47:08,RTM,Clear,0.12,9.06,1.5,32.1,74.8
2026-02-11 15:21:51,RTM,Clear,0.45,6.03,0.5,31.2,58.3
2026-06-10 00:38:43,RTM,Rain,0.44,4.2,5.2,13.9,37.5
2026-03-05 18:53:24,RTM,Cloudy,0.39,7.36,0.4,30.5,74.8
2026-06-17 09:50:19,RTM,Rain,0.08,8.57,6.3,38.3,38.8
2026-05-01 21:47:02,RTM,Clear,0.16,8.59,0.6,28.1,69.1
2026-05-06 08:36:21,RTM,Clear,0.03,9.26,0.8,31.0,46.3
2026-05-01 00:39:43,RTM,Clear,0.31,7.67,0.4,12.1,61.4
2026-05-30 07:31:05,RTM,Fog,0.84,3.37,0.9,37.0,76.8
2026-06-19 22:09:51,RTM,Clear,0.28,7.17,1.4,27.2,75.7
2026-03-21 17:42:57,RTM,Clear,0.4,5.89,0.5,24.6,84.4
2026-03-08 04:47:50,RTM,Clear,0.21,8.27,0.5,18.6,70.6
2026-06-09 06:37:37,RTM,Clear,0.59,5.12,0.5,22.0,70.3
2026-01-13 03:25:04,RTM,Clear,0.27,7.35,0.2,25.5,51.0
2026-02-02 08:18:25,RTM,Cloudy,0.59,4.38,1.2,9.7,36.1
2026-03-19 09:45:22,RTM,Clear,0.04,8.88,1.5,17.4,55.8
2026-06-06 01:24:53,RTM,Clear,0.26,7.89,0.3,41.4,72.6
2026-01-27 05:29:01,RTM,Cloudy,0.43,6.01,1.0,24.0,85.3
2026-06-26 18:50:01,RTM,Clear,0.37,6.69,1.1,16.9,87.0
2026-02-10 22:10:19,RTM,Cloudy,0.06,8.99,0.4,16.8,72.6
2026-06-08 10:42:15,RTM,Clear,0.26,7.98,0.3,17.3,28.2
2026-01-06 07:46:31,RTM,Clear,0.25,7.3,0.8,19.5,79.0
2026-05-16 17:44:35,RTM,Fog,0.71,4.33,1.0,22.3,81.9
2026-02-19 05:56:59,RTM,Clear,0.46,6.41,1.3,18.1,41.2
2026-03-04 18:58:21,RTM,Cloudy,0.69,3.38,0.3,16.7,70.1
2026-02-17 11:22:54,RTM,Clear,0.1,9.04,0.1,26.6,57.8
2026-04-09 20:56:58,RTM,Cloudy,0.22,7.95,1.1,17.0,61.9
2026-03-21 21:30:37,RTM,Clear,0.06,9.43,0.6,35.8,54.0
2026-02-26 02:50:16,RTM,Clear,0.14,8.83,0.2,13.9,68.6
2026-01-19 23:00:54,RTM,Cloudy,0.52,5.17,0.2,39.6,63.6
2026-03-01 11:39:49,RTM,Rain,0.35,6.5,3.4,18.9,67.7
2026-03-29 20:47:31,RTM,Cloudy,0.32,7.25,0.0,22.5,82.6
2026-04-27 10:14:35,RTM,Clear,0.28,7.27,1.4,18.3,63.5
2026-04-03 15:40:56,RTM,Clear,0.02,9.84,0.2,26.3,83.0
2026-01-26 08:59:40,RTM,Clear,0.16,8.72,0.8,23.5,77.0
2026-03-11 20:18:49,RTM,Clear,0.46,5.51,0.9,8.6,83.6
2026-01-13 11:50:10,RTM,Clear,0.29,7.75,0.2,14.3,58.9
2026-05-14 21:34:18,RTM,Fog,0.61,4.49,1.5,21.3,100.0
2026-01-18 01:29:21,RTM,Clear,0.47,6.36,0.3,22.5,79.1
2026-03-17 09:03:07,RTM,Clear,0.41,7.12,0.1,32.7,73.7
2026-06-22 00:30:52,RTM,Clear,0.56,4.79,0.1,18.1,99.6
2026-02-04 15:52:26,RTM,Clear,0.22,8.2,1.1,17.2,85.2
2026-05-06 16:45:39,RTM,Rain,0.28,6.1,1.2,21.0,59.4
2026-01-07 09:39:45,RTM,Clear,0.31,6.93,0.4,32.5,74.3
2026-06-02 11:09:08,RTM,Clear,0.0,9.85,1.2,36.5,86.2
2026-06-01 12:20:41,RTM,Rain,0.16,7.74,6.9,2.5,58.2
2026-04-23 19:46:23,RTM,Clear,0.12,9.0,0.9,32.7,74.1
2026-01-18 08:19:42,RTM,Cloudy,0.68,3.98,1.4,30.6,82.4
2026-03-19 06:48:35,RTM,Clear,0.17,8.13,1.0,37.4,68.8
2026-02-17 22:46:24,RTM,Clear,0.28,7.23,0.6,18.2,77.1
2026-06-21 16:26:14,RTM,Cloudy,0.65,4.18,1.3,34.7,93.2
2026-01-14 05:16:15,RTM,Cloudy,0.15,8.67,0.9,17.3,50.7
2026-01-27 16:49:25,RTM,Rain,0.24,7.44,3.9,23.7,100.0
2026-06-06 19:04:00,RTM,Clear,0.46,6.91,0.2,22.0,78.5
2026-03-11 13:59:56,RTM,Cloudy,0.48,5.94,0.4,11.3,56.8
2026-02-10 22:28:42,RTM,Cloudy,0.31,7.66,0.5,36.5,71.1
2026-05-01 12:29:42,RTM,Rain,0.18,7.0,3.0,27.9,31.7
2026-05-17 04:24:55,RTM,Clear,0.18,8.34,0.3,23.8,31.4
2026-06-06 14:57:20,RTM,Clear,0.23,7.1,0.7,17.5,73.7
2026-03-09 09:31:28,RTM,Rain,0.35,5.15,4.9,12.7,92.5
2026-06-22 11:25:11,RTM,Cloudy,0.27,8.01,0.5,20.2,64.7
2026-04-26 13:23:58,RTM,Cloudy,0.44,5.94,1.3,26.9,70.5
2026-01-07 00:19:50,RTM,Clear,0.34,7.08,0.6,17.9,68.0
2026-01-01 03:47:38,RTM,Clear,0.21,8.05,0.4,27.0,55.0
2026-04-22 15:04:41,RTM,Fog,0.67,3.48,0.0,23.1,52.5
2026-05-28 13:25:54,RTM,Clear,0.1,8.8,0.1,22.1,77.9
2026-06-15 04:31:09,RTM,Clear,0.12,9.49,0.5,38.4,76.0
2026-01-16 06:31:15,RTM,Cloudy,0.27,7.2,0.7,38.3,73.7
2026-04-25 11:21:50,RTM,Clear,0.54,5.37,0.1,18.6,83.1
2026-05-07 23:35:07,RTM,Clear,0.26,7.94,0.3,27.9,77.5
2026-02-04 04:16:39,RTM,Clear,0.28,7.81,0.3,30.1,66.0
2026-06-11 15:58:03,RTM,Rain,0.3,6.21,6.5,18.0,69.7
2026-01-26 07:01:48,RTM,Clear,0.42,6.07,0.5,28.0,80.0
2026-06-07 17:16:30,RTM,Rain,0.13,7.41,10.7,32.7,67.8
2026-01-08 22:47:47,RTM,Rain,0.05,9.25,12.0,20.9,62.1
2026-06-15 07:35:14,RTM,Fog,0.61,5.13,0.2,13.4,84.4
2026-06-01 05:07:55,RTM,Cloudy,0.43,6.05,0.7,20.6,30.3
2026-02-06 02:56:27,RTM,Cloudy,0.22,8.24,0.3,22.1,63.9
2026-03-26 21:21:10,RTM,Clear,0.33,7.17,0.1,29.9,77.8
2026-05-26 03:33:56,RTM,Clear,0.57,5.1,0.5,32.7,60.9
2026-03-09 09:05:04,RTM,Fog,0.76,3.26,0.3,23.8,85.2
2026-01-15 05:28:03,RTM,Clear,0.36,6.35,1.3,25.7,31.3
2026-06-17 21:57:27,RTM,Fog,1.0,2.15,1.5,32.3,65.5
2026-06-09 06:26:43,RTM,Cloudy,0.18,8.51,0.5,23.3,67.0
2026-04-04 18:36:50,RTM,Clear,0.07,9.79,0.9,27.2,55.4
2026-05-01 02:21:59,RTM,Clear,0.45,5.72,0.2,26.3,74.9
2026-06-15 23:01:56,RTM,Rain,0.27,6.05,12.4,36.7,56.2
2026-06-14 01:16:21,RTM,Cloudy,0.37,5.6,0.2,28.1,61.3
2026-03-10 22:19:54,RTM,Cloudy,0.31,7.52,0.6,19.4,57.8
2026-05-31 09:17:10,RTM,Clear,0.11,8.94,0.9,26.3,98.4
2026-01-11 01:17:54,RTM,Fog,0.51,6.31,1.1,29.7,39.5
2026-01-05 08:58:34,RTM,Fog,0.69,3.97,1.3,34.4,50.2
2026-03-16 03:43:26,RTM,Clear,0.18,8.28,0.4,11.4,79.5
2026-01-03 16:23:34,RTM,Clear,0.33,6.8,1.0,36.3,63.3
2026-06-09 09:25:06,RTM,Clear,0.76,3.3,0.7,17.4,84.8
2026-05-31 18:24:25,RTM,Clear,0.24,7.82,0.7,44.2,69.0
2026-02-16 12:01:47,RTM,Clear,0.14,8.76,0.9,18.9,66.1
2026-05-11 17:57:18,RTM,Cloudy,0.22,7.47,1.5,19.0,51.2
2026-06-20 13:38:45,RTM,Cloudy,0.26,7.12,1.1,24.7,76.3
2026-02-03 06:23:28,RTM,Clear,0.49,5.77,0.1,25.6,80.5
2026-02-17 08:05:55,RTM,Cloudy,0.29,6.81,0.4,42.7,93.0
2026-02-10 17:49:02,RTM,Clear,0.46,6.45,0.3,24.4,59.0
2026-04-22 04:43:22,RTM,Clear,0.2,8.6,1.0,34.9,73.7
2026-05-10 20:09:41,RTM,Cloudy,0.34,6.75,1.2,23.1,62.3
2026-06-29 08:21:26,RTM,Clear,0.08,9.29,1.1,21.7,93.6
2026-03-21 18:14:47,RTM,Cloudy,0.36,7.08,1.1,19.8,69.3
2026-02-18 14:10:10,RTM,Fog,0.46,5.8,0.7,16.5,91.0
2026-06-25 22:17:13,RTM,Clear,0.53,5.4,0.6,30.9,66.1
2026-01-21 14:44:40,RTM,Clear,0.3,7.59,0.4,26.6,41.5
2026-03-01 20:21:37,RTM,Cloudy,0.33,7.18,0.2,27.4,29.2
2026-04-02 14:36:06,RTM,Cloudy,0.13,9.02,1.1,27.2,49.5
2026-05-05 20:51:13,RTM,Cloudy,0.16,8.87,0.2,14.5,54.1
2026-06-08 10:31:57,RTM,Cloudy,0.45,6.31,1.3,38.7,60.7
2026-01-26 11:56:15,RTM,Cloudy,0.41,6.68,0.7,14.4,55.6
2026-04-13 08:37:58,RTM,Rain,0.31,5.52,8.9,14.4,90.0
2026-02-08 08:40:56,RTM,Rain,0.27,7.49,11.0,15.1,74.1
2026-04-11 00:37:27,RTM,Clear,0.34,6.92,1.2,27.8,89.8
2026-04-24 18:08:11,RTM,Clear,0.49,6.84,0.1,17.3,72.1
2026-03-20 17:58:41,RTM,Clear,0.25,7.87,0.7,34.3,84.7
2026-03-02 21:12:47,RTM,Clear,0.24,7.83,1.0,10.2,70.3
2026-04-09 22:20:00,RTM,Rain,0.38,6.38,0.3,29.2,100.0
2026-05-27 21:56:24,RTM,Cloudy,0.28,8.01,0.9,10.5,66.6
2026-02-13 08:30:49,RTM,Clear,0.72,3.57,1.1,21.0,84.5
2026-05-30 19:26:10,RTM,Clear,0.57,5.51,0.3,21.6,61.1
2026-01-24 12:15:50,RTM,Fog,0.77,3.17,1.4,19.3,56.2
2026-05-30 03:30:29,RTM,Rain,0.47,4.67,8.1,19.9,46.8
2026-04-26 22:30:09,RTM,Clear,0.27,7.23,0.2,12.1,48.3
2026-04-12 17:57:51,RTM,Fog,0.77,3.45,1.0,20.1,58.8
2026-02-21 06:47:26,RTM,Cloudy,0.29,7.75,0.8,26.8,48.0
2026-01-27 19:43:25,RTM,Fog,0.63,4.87,0.4,33.7,46.6
2026-05-24 04:47:52,RTM,Cloudy,0.19,9.12,1.3,15.6,81.2
2026-02-24 08:37:07,RTM,Clear,0.14,8.43,0.7,27.6,61.2
2026-01-10 01:47:53,RTM,Clear,0.08,9.03,0.0,4.7,83.7
2026-05-08 20:20:30,RTM,Clear,0.17,8.77,0.4,31.2,76.0
2026-05-23 09:34:19,RTM,Rain,0.22,6.61,12.2,28.9,41.1
2026-01-23 19:09:11,RTM,Fog,0.85,2.72,0.7,42.2,68.1
2026-01-24 20:40:23,RTM,Clear,0.23,7.95,0.3,33.1,66.0
2026-03-08 22:51:58,RTM,Clear,0.43,5.34,0.4,18.8,69.5
2026-05-19 00:15:52,RTM,Clear,0.39,6.53,0.4,25.9,53.1
2026-02-25 17:11:44,RTM,Clear,0.02,9.79,1.2,14.8,72.5
2026-04-30 13:30:18,RTM,Clear,0.3,7.44,0.9,35.4,91.6
2026-04-18 15:44:32,RTM,Cloudy,0.53,5.94,0.5,25.2,38.0
2026-06-27 23:13:20,RTM,Clear,0.48,6.06,1.2,23.3,61.9
2026-06-10 21:42:46,RTM,Clear,0.22,8.44,0.1,12.8,74.0
2026-02-11 22:20:00,RTM,Cloudy,0.55,5.38,0.4,19.5,100.0
2026-05-18 07:42:06,RTM,Clear,0.22,7.61,1.2,24.4,78.2
2026-04-18 14:33:47,RTM,Fog,0.46,6.23,0.4,14.1,39.6
2026-03-25 17:25:07,RTM,Cloudy,0.32,7.29,0.5,25.2,83.0
2026-01-24 22:33:05,RTM,Clear,0.26,8.28,0.1,13.9,79.0
2026-04-10 19:12:26,RTM,Cloudy,0.37,7.58,0.5,11.8,72.8
2026-04-10 09:37:48,RTM,Rain,0.12,7.57,6.3,34.6,79.1
2026-02-02 19:51:33,RTM,Clear,0.36,6.47,1.5,18.0,57.4
2026-01-23 07:35:04,RTM,Cloudy,0.34,7.28,1.0,23.8,38.6
2026-03-31 01:57:43,RTM,Clear,0.49,6.08,1.3,31.3,84.6
2026-05-09 01:01:19,RTM,Rain,0.05,8.44,12.5,29.6,44.6
2026-03-14 17:59:09,RTM,Clear,0.44,6.17,0.7,26.0,82.0
2026-06-16 22:43:04,RTM,Fog,0.56,5.65,1.3,8.0,59.9
2026-06-11 09:52:32,RTM,Clear,0.35,7.28,0.7,16.4,88.8
2026-05-25 18:30:54,RTM,Clear,0.07,9.32,0.1,15.9,59.7
2026-02-28 02:40:15,RTM,Clear,0.63,4.43,0.5,18.1,100.0
2026-03-06 08:52:14,RTM,Clear,0.22,7.79,0.1,25.0,70.6
2026-03-22 06:04:30,RTM,Clear,0.19,8.97,0.2,30.3,64.6
2026-03-22 07:45:44,RTM,Fog,0.65,4.42,0.0,18.4,62.0
2026-04-15 03:43:57,RTM,Clear,0.51,5.71,1.0,25.5,54.2
2026-02-04 19:34:29,RTM,Clear,0.11,9.09,0.6,14.7,85.6
2026-01-17 02:35:13,RTM,Fog,0.44,5.13,0.2,31.6,71.0
2026-06-05 16:27:29,RTM,Clear,0.11,8.94,0.2,12.3,94.9
2026-02-22 17:52:46,RTM,Clear,0.26,8.27,1.2,32.7,97.9
2026-01-09 08:13:40,RTM,Cloudy,0.28,7.04,0.8,32.1,82.5
2026-01-25 13:50:14,RTM,Clear,0.23,8.21,1.3,26.9,79.5
2026-03-08 03:11:22,RTM,Fog,0.42,6.08,1.3,16.6,68.1
2026-03-04 04:31:46,RTM,Fog,0.51,5.52,0.4,21.3,77.4
2026-01-09 18:25:46,RTM,Rain,0.28,6.4,11.8,19.0,34.2
2026-02-19 03:27:19,RTM,Fog,0.45,6.71,1.5,26.0,71.1
2026-06-14 09:53:45,RTM,Cloudy,0.17,8.01,0.5,14.3,87.5
2026-06-08 01:25:59,RTM,Clear,0.36,6.63,0.9,18.1,85.8
2026-01-19 19:33:44,RTM,Rain,0.12,7.4,2.7,36.2,62.9
2026-02-21 18:02:26,RTM,Clear,0.3,7.46,0.8,19.9,66.5
2026-06-05 15:19:02,RTM,Clear,0.15,8.52,0.6,11.1,70.8
2026-03-10 20:57:00,RTM,Clear,0.27,8.17,0.7,1.7,57.3
2026-01-17 05:48:35,RTM,Clear,0.11,8.64,1.0,36.4,83.2
2026-06-16 18:08:08,RTM,Cloudy,0.42,5.7,1.3,34.8,66.4
2026-02-05 00:11:26,RTM,Clear,0.25,8.47,0.9,12.0,83.4
2026-04-25 10:06:46,RTM,Clear,0.13,9.05,1.5,18.0,76.3
2026-03-25 08:42:05,RTM,Clear,0.54,6.0,1.1,11.6,94.7
2026-06-12 20:44:50,RTM,Cloudy,0.16,9.07,0.1,19.0,67.2
2026-01-24 22:12:39,RTM,Clear,0.16,9.01,1.4,13.6,59.1
2026-03-05 00:05:31,RTM,Clear,0.49,6.38,0.2,17.4,71.5
2026-01-01 00:10:21,RTM,Rain,0.66,3.1,30.8,17.9,63.7
2026-06-30 23:04:37,RTM,Clear,0.25,7.26,0.1,26.5,41.3
2026-04-19 05:21:38,RTM,Clear,0.16,8.57,1.2,23.2,53.0
2026-01-16 08:13:35,RTM,Clear,0.4,6.74,1.3,40.0,59.0
2026-05-25 07:18:05,RTM,Fog,0.39,7.13,1.1,24.0,77.2
2026-02-09 14:08:54,RTM,Cloudy,0.1,9.51,1.0,14.2,54.1
2026-03-27 06:52:19,RTM,Clear,0.27,7.06,1.3,35.8,66.6
2026-01-08 13:04:55,RTM,Clear,0.19,7.63,0.1,34.5,55.5
2026-04-25 19:44:35,RTM,Clear,0.7,4.02,0.2,22.7,51.3
2026-03-24 06:25:19,RTM,Clear,0.34,6.98,0.7,25.7,64.8
2026-01-25 07:02:49,RTM,Clear,0.49,6.63,0.0,29.9,95.5
2026-06-03 00:44:56,RTM,Clear,0.05,9.97,1.2,12.2,42.1
2026-04-02 11:51:04,RTM,Fog,0.71,3.5,1.4,24.1,89.2
2026-04-30 13:41:29,RTM,Cloudy,0.42,5.79,0.8,27.1,59.1
2026-05-21 07:13:37,RTM,Cloudy,0.29,8.16,1.1,30.3,68.8
2026-04-08 15:28:56,RTM,Fog,0.8,3.69,0.8,16.8,79.3
2026-01-19 09:53:42,RTM,Clear,0.1,9.23,1.1,26.8,73.4
2026-06-11 21:49:09,RTM,Cloudy,0.18,8.8,0.2,27.2,48.5
2026-06-06 22:00:14,RTM,Fog,0.63,5.51,0.4,20.3,56.0
2026-04-01 19:01:03,RTM,Clear,0.31,7.51,1.1,27.1,94.6
2026-05-02 05:38:47,RTM,Cloudy,0.05,9.52,0.9,25.8,61.7
2026-02-02 14:20:21,RTM,Fog,0.55,5.9,1.1,25.4,54.5
2026-05-27 22:39:10,RTM,Rain,0.35,6.18,8.6,18.0,47.0
2026-06-10 19:03:46,RTM,Rain,0.36,5.65,8.7,33.3,95.2
2026-06-20 20:50:43,RTM,Clear,0.55,6.11,0.0,31.2,69.2
2026-03-27 23:30:01,RTM,Clear,0.34,8.13,0.0,26.4,55.9
2026-06-12 11:53:57,RTM,Fog,0.77,3.17,0.4,13.5,92.1
2026-05-24 04:19:44,RTM,Cloudy,0.41,6.91,0.3,11.5,52.7
2026-02-13 16:09:39,RTM,Clear,0.37,6.59,1.2,21.8,60.4
2026-05-25 22:32:05,RTM,Clear,0.51,5.29,1.2,12.8,63.9
2026-04-21 22:36:25,RTM,Rain,0.38,5.28,1.4,35.8,61.4
2026-04-18 16:23:07,RTM,Clear,0.2,8.42,0.1,30.9,47.5
2026-01-02 15:40:47,RTM,Clear,0.13,8.93,1.4,15.2,47.9
2026-04-02 20:16:45,RTM,Clear,0.18,8.27,0.8,26.4,59.5
2026-06-29 21:58:34,RTM,Cloudy,0.12,8.49,0.0,23.7,52.6
2026-06-10 04:35:55,RTM,Cloudy,0.27,8.5,0.3,35.5,75.4
2026-03-30 10:42:53,RTM,Cloudy,0.43,6.0,0.5,20.6,94.9
2026-03-26 23:18:03,RTM,Cloudy,0.45,6.0,0.7,25.7,55.2
2026-05-22 03:35:37,RTM,Cloudy,0.16,8.76,0.3,19.8,51.7
2026-04-01 18:17:23,RTM,Clear,0.25,8.46,0.3,28.5,23.6
2026-03-29 13:06:29,RTM,Cloudy,0.05,9.51,1.2,26.8,77.8
2026-02-17 22:14:44,RTM,Fog,0.79,2.99,0.2,21.6,62.8
2026-04-13 21:43:34,RTM,Clear,0.46,5.54,0.4,19.8,79.0
2026-06-20 08:35:55,RTM,Clear,0.28,8.02,1.1,25.6,35.8
2026-04-19 10:41:50,RTM,Rain,0.06,8.58,8.2,17.9,67.5
2026-03-05 15:19:35,RTM,Rain,0.18,7.32,1.5,24.4,60.8
2026-04-15 06:05:59,RTM,Clear,0.24,7.89,1.4,15.2,60.8
2026-03-28 19:58:00,RTM,Rain,0.47,5.25,17.4,17.2,37.0
2026-01-22 11:36:29,RTM,Fog,0.69,4.61,0.8,16.7,54.6
2026-06-15 19:48:02,RTM,Clear,0.1,8.94,1.1,25.5,50.4
2026-03-26 14:43:22,RTM,Cloudy,0.28,7.56,0.1,17.4,66.6
2026-05-23 17:25:56,RTM,Clear,0.51,4.35,0.5,24.1,77.6
2026-06-13 17:19:10,RTM,Clear,0.5,6.25,1.5,19.0,58.6
2026-01-27 18:02:27,RTM,Fog,0.73,3.64,1.4,20.3,51.5
2026-05-24 10:52:24,RTM,Clear,0.41,6.76,1.1,10.1,50.7
2026-06-23 20:21:49,RTM,Clear,0.33,6.4,0.9,40.5,78.9
2026-05-12 16:03:44,RTM,Fog,0.75,3.87,0.3,22.0,79.3
2026-05-12 05:11:25,RTM,Clear,0.43,6.24,0.6,26.9,60.0
2026-04-30 10:06:07,RTM,Clear,0.1,8.77,0.3,12.1,100.0
2026-01-12 22:21:52,RTM,Clear,0.44,7.15,0.3,22.6,81.0
2026-01-28 20:29:39,RTM,Fog,0.61,4.74,0.5,26.7,63.8
2026-04-05 08:46:10,RTM,Clear,0.37,7.37,0.1,25.0,56.7
2026-05-23 14:59:10,RTM,Clear,0.17,8.52,0.5,17.9,58.3
2026-06-30 13:40:01,RTM,Cloudy,0.09,8.94,1.2,22.5,43.5
2026-02-18 19:35:18,RTM,Clear,0.17,7.58,0.1,21.3,38.0
2026-05-14 09:49:52,RTM,Clear,0.25,8.32,0.1,11.9,48.2
2026-06-22 06:04:10,RTM,Clear,0.27,7.52,0.1,16.4,50.9
2026-04-08 05:57:52,RTM,Fog,0.55,5.46,1.1,15.5,72.0
2026-06-01 04:43:19,RTM,Fog,0.57,4.8,1.2,22.6,35.3
2026-04-04 22:03:03,RTM,Rain,0.53,4.43,6.9,21.5,80.1
2026-05-30 23:34:56,RTM,Fog,0.68,4.41,0.7,10.6,77.8
2026-01-15 22:32:05,RTM,Clear,0.39,6.19,0.5,16.1,64.8
2026-03-26 12:35:18,RTM,Clear,0.67,4.44,1.2,26.5,72.4
2026-05-29 01:59:01,RTM,Clear,0.35,7.31,1.1,16.8,74.4
2026-01-04 00:26:04,RTM,Clear,0.38,7.13,0.6,6.5,49.2
2026-02-28 20:16:03,RTM,Clear,0.51,5.12,1.1,20.7,87.9
2026-05-11 10:42:49,RTM,Clear,0.31,7.4,1.1,26.0,63.0
2026-02-11 11:07:45,RTM,Cloudy,0.22,8.66,1.5,20.2,100.0
2026-04-26 00:49:11,RTM,Clear,0.09,9.14,1.1,29.0,69.2
2026-05-11 03:17:44,RTM,Cloudy,0.04,10.24,1.4,13.5,64.7
2026-01-31 00:00:24,RTM,Clear,0.41,6.22,0.3,26.6,69.0
2026-02-18 23:24:55,RTM,Rain,0.09,9.64,14.3,20.8,53.7
2026-01-20 20:18:18,RTM,Clear,0.31,7.08,0.6,17.4,22.7
2026-06-15 00:32:56,RTM,Cloudy,0.18,8.84,0.9,28.6,58.3
2026-05-10 02:05:38,RTM,Clear,0.45,6.23,0.6,21.8,56.6
2026-03-06 01:10:03,RTM,Clear,0.14,8.49,1.1,21.8,62.3
2026-01-06 09:26:02,RTM,Clear,0.29,7.43,0.0,30.1,29.4
2026-04-26 20:06:51,RTM,Fog,0.62,5.33,0.6,21.2,48.9
2026-02-27 01:59:49,RTM,Clear,0.32,7.11,0.3,19.5,68.9
2026-01-31 07:55:31,RTM,Clear,0.05,9.25,0.4,23.1,68.5
2026-03-09 10:24:32,RTM,Rain,0.39,5.41,3.0,30.2,65.1
2026-04-27 09:43:21,RTM,Cloudy,0.59,5.66,1.3,31.2,90.0
2026-04-11 20:02:56,RTM,Clear,0.54,4.57,1.3,15.0,67.1
2026-04-22 18:48:16,RTM,Clear,0.48,5.8,0.2,31.9,62.4
2026-05-06 22:55:04,RTM,Fog,0.5,6.01,0.0,25.2,85.6
2026-05-01 16:09:16,RTM,Fog,0.63,4.75,0.2,21.7,92.6
2026-04-26 07:53:06,RTM,Clear,0.46,6.0,1.1,33.1,44.0
2026-04-12 20:34:57,RTM,Clear,0.47,5.41,1.2,27.9,74.8
2026-01-02 21:49:34,RTM,Clear,0.1,8.26,0.0,30.8,50.9
2026-05-11 23:40:29,RTM,Cloudy,0.31,6.75,1.2,12.0,80.4
2026-06-09 06:55:07,RTM,Rain,0.28,6.2,1.7,27.9,49.8
2026-06-11 16:44:37,RTM,Clear,0.11,9.02,0.6,26.8,60.9
2026-01-03 13:41:36,RTM,Rain,0.18,7.29,17.3,25.9,65.6
2026-06-07 10:54:11,RTM,Clear,0.51,5.75,0.7,28.9,90.8
2026-03-11 19:31:36,RTM,Clear,0.23,8.43,0.4,24.6,57.2
2026-03-22 09:01:21,RTM,Clear,0.15,8.89,0.2,15.2,100.0
2026-03-28 00:49:01,RTM,Clear,0.33,7.18,1.4,24.8,74.0
2026-04-15 20:22:26,RTM,Cloudy,0.64,4.5,1.3,19.0,94.2
2026-01-09 11:03:04,RTM,Clear,0.12,9.52,0.9,22.0,78.3
2026-01-22 11:01:43,RTM,Clear,0.08,9.23,0.2,3.2,52.4
2026-01-06 18:58:06,RTM,Clear,0.75,4.32,0.1,32.7,70.8
2026-05-09 02:50:33,RTM,Fog,0.6,4.19,0.6,24.2,75.0
2026-02-15 03:25:30,RTM,Fog,0.38,7.21,0.4,6.7,62.3
2026-05-14 19:58:02,RTM,Rain,0.17,7.49,7.1,16.6,67.0
2026-01-30 06:46:04,RTM,Rain,0.33,5.93,5.0,22.7,73.1
2026-05-31 22:58:13,RTM,Clear,0.53,5.45,0.5,30.5,73.7
2026-01-06 13:18:35,RTM,Clear,0.6,4.92,1.1,30.2,55.4
2026-03-15 01:07:31,RTM,Clear,0.15,8.46,0.2,16.8,56.7
2026-03-21 18:27:06,RTM,Clear,0.23,7.88,0.4,22.0,100.0
2026-05-25 06:38:57,RTM,Clear,0.24,8.32,0.4,30.7,85.9
2026-04-06 16:45:20,RTM,Cloudy,0.48,5.86,0.9,21.4,88.9
2026-01-01 11:19:26,RTM,Clear,0.33,6.89,1.1,21.3,64.0
2026-02-22 04:53:51,RTM,Clear,0.18,8.06,0.5,29.4,71.9
2026-01-21 22:08:27,RTM,Clear,0.17,8.44,0.2,8.9,100.0
2026-04-07 12:37:07,RTM,Clear,0.48,6.21,1.5,13.8,49.5
2026-02-07 09:34:36,RTM,Rain,0.34,6.45,12.6,24.2,74.6
2026-05-04 16:50:44,RTM,Clear,0.2,8.74,0.6,14.0,93.3
2026-05-10 07:30:25,RTM,Clear,0.34,7.07,0.6,-0.2,100.0
2026-03-21 06:33:52,RTM,Clear,0.1,9.41,1.1,30.0,66.0
2026-03-20 04:56:00,RTM,Clear,0.53,5.12,0.4,29.5,62.1
2026-03-14 00:42:19,RTM,Clear,0.19,8.14,0.4,25.5,60.8
2026-06-25 23:39:14,RTM,Cloudy,0.42,6.69,1.0,24.4,58.9
2026-05-07 12:25:03,RTM,Clear,0.28,7.51,1.2,16.1,89.2
2026-03-18 10:14:41,RTM,Fog,0.7,3.93,0.9,15.4,100.0
2026-03-05 01:33:44,RTM,Rain,0.15,8.42,9.4,16.4,45.9
2026-02-09 04:12:31,RTM,Clear,0.52,5.14,0.8,23.9,54.4
2026-01-02 22:41:48,RTM,Cloudy,0.2,8.58,0.0,13.8,45.9
2026-03-28 05:55:17,RTM,Rain,0.27,6.35,6.4,22.6,58.6
2026-05-31 15:33:49,RTM,Clear,0.38,6.93,0.4,29.9,74.2
2026-02-04 16:28:59,RTM,Clear,0.1,8.36,0.6,37.1,54.5
2026-06-09 11:16:36,RTM,Fog,0.55,5.98,0.0,23.5,65.9
2026-05-03 23:16:36,RTM,Clear,0.24,8.29,0.6,15.9,73.5
2026-06-28 18:55:24,RTM,Rain,0.07,8.34,4.7,26.3,58.2
2026-04-26 10:07:42,RTM,Cloudy,0.21,8.45,1.1,29.6,50.3
2026-03-26 21:07:30,RTM,Cloudy,0.29,7.34,1.3,29.0,41.3
2026-04-21 09:55:28,RTM,Clear,0.62,5.4,1.5,18.8,75.5
2026-03-06 09:15:22,RTM,Clear,0.12,8.89,1.1,27.2,28.1
2026-01-18 19:12:37,RTM,Clear,0.45,6.13,0.6,32.6,79.6
2026-03-05 06:42:07,RTM,Clear,0.22,7.52,1.2,25.4,70.2
2026-01-05 06:56:16,RTM,Clear,0.24,8.13,0.6,21.2,56.8
2026-03-08 00:22:33,RTM,Rain,0.4,4.78,2.8,40.4,65.5
2026-03-31 06:04:39,RTM,Cloudy,0.19,8.3,1.2,10.4,76.4
2026-02-03 23:44:52,RTM,Clear,0.18,8.4,0.1,9.3,60.3
2026-01-16 19:05:49,RTM,Clear,0.57,4.76,1.4,14.3,43.0
2026-02-12 04:09:27,RTM,Cloudy,0.26,8.18,0.3,34.7,36.0
2026-04-15 04:56:29,RTM,Clear,0.18,9.5,0.1,35.6,63.6
2026-03-07 02:51:39,RTM,Clear,0.4,6.03,0.6,22.2,94.7
2026-04-17 06:47:27,RTM,Clear,0.11,9.01,0.5,15.7,52.5
2026-04-08 01:55:07,RTM,Clear,0.07,10.03,0.3,32.8,74.1
2026-04-19 10:37:00,RTM,Clear,0.3,7.54,0.5,33.8,64.4
2026-03-26 17:31:43,RTM,Fog,0.53,5.55,1.2,10.9,87.9
2026-03-15 07:32:45,RTM,Cloudy,0.47,6.84,1.2,36.4,45.4
2026-02-21 08:58:27,RTM,Cloudy,0.35,7.02,0.2,22.4,50.0
2026-05-12 23:54:38,RTM,Clear,0.19,8.33,0.8,25.8,56.9
2026-01-14 17:01:54,RTM,Clear,0.12,9.6,0.8,33.6,46.8
2026-03-04 21:41:40,RTM,Rain,0.24,6.66,16.5,9.8,65.8
2026-05-17 06:53:19,RTM,Clear,0.08,8.68,0.9,29.3,70.6
2026-04-20 05:20:42,RTM,Rain,0.24,7.17,8.2,22.6,82.5
2026-04-24 21:29:51,RTM,Cloudy,0.26,7.94,0.4,16.3,35.3
2026-02-24 07:40:48,RTM,Cloudy,0.15,7.41,1.2,7.1,70.2
2026-05-12 06:08:04,RTM,Clear,0.41,6.58,0.1,21.6,38.3
2026-03-05 23:38:16,RTM,Clear,0.28,7.98,0.5,25.8,83.1
2026-01-05 20:07:55,RTM,Rain,0.32,6.05,8.0,27.4,49.6
2026-05-28 20:33:16,RTM,Clear,0.5,6.22,1.4,41.0,69.8
2026-01-23 08:44:22,RTM,Clear,0.09,9.66,0.5,33.6,73.4
2026-02-16 01:47:18,RTM,Fog,0.57,4.5,0.5,32.5,75.5
2026-01-22 00:58:32,RTM,Fog,0.9,1.48,1.0,19.0,93.8
2026-04-28 10:24:12,RTM,Rain,0.21,7.33,3.5,10.3,51.9
2026-04-01 19:16:54,RTM,Rain,0.47,5.08,16.3,20.4,83.1
2026-05-01 11:42:34,RTM,Fog,0.51,6.44,1.1,28.6,81.3
2026-04-03 18:48:33,RTM,Clear,0.2,8.51,0.5,26.6,40.9
2026-03-23 16:07:07,RTM,Cloudy,0.59,4.91,0.5,29.1,78.3
2026-02-07 08:44:21,RTM,Fog,0.55,5.62,0.0,24.4,67.2
2026-02-15 07:51:26,RTM,Clear,0.26,7.53,0.3,23.4,61.9
2026-06-21 23:03:17,RTM,Cloudy,0.14,8.4,0.3,26.5,76.2
2026-06-01 15:04:23,RTM,Cloudy,0.66,4.77,0.2,9.6,38.5
2026-04-28 01:19:07,RTM,Cloudy,0.39,6.58,0.4,23.7,69.0
2026-01-15 09:59:55,RTM,Clear,0.36,7.2,0.9,26.4,99.4
2026-05-03 11:27:09,RTM,Clear,0.39,6.64,0.6,4.2,73.9
2026-06-13 16:58:35,RTM,Fog,0.6,4.6,0.3,19.1,64.6
2026-01-03 17:58:31,RTM,Clear,0.21,8.55,0.3,29.5,66.3
2026-04-19 17:38:27,RTM,Rain,0.31,7.21,5.5,15.7,70.1
2026-02-09 20:52:55,RTM,Clear,0.19,7.92,0.6,18.3,65.9
2026-01-08 13:54:06,RTM,Fog,0.57,6.37,0.8,14.4,59.4
2026-04-17 11:39:23,RTM,Cloudy,0.1,10.23,0.4,22.4,51.3
2026-06-11 07:09:14,RTM,Cloudy,0.36,6.95,1.2,14.5,62.7
2026-05-23 00:35:23,RTM,Clear,0.51,4.4,0.2,28.2,59.9
2026-06-07 16:08:13,RTM,Clear,0.2,8.62,1.2,27.3,73.9
2026-01-22 10:16:53,RTM,Clear,0.3,7.13,1.2,15.7,100.0
2026-02-07 07:08:35,RTM,Clear,0.14,8.62,1.2,36.2,65.4
2026-05-14 17:55:24,RTM,Clear,0.29,7.6,0.5,31.1,71.1
2026-06-29 21:06:37,RTM,Clear,0.39,6.57,1.0,35.2,75.4
2026-03-30 07:22:36,RTM,Clear,0.22,7.66,0.4,31.9,68.8
2026-02-27 07:48:57,RTM,Cloudy,0.54,5.72,0.8,23.5,36.8
2026-02-25 15:55:34,RTM,Clear,0.33,6.63,0.2,17.2,78.6
2026-03-15 10:35:34,RTM,Cloudy,0.43,6.07,0.8,17.6,73.4
2026-05-16 01:42:00,RTM,Cloudy,0.25,7.62,1.0,35.5,20.8
2026-04-09 14:02:22,RTM,Clear,0.45,6.24,0.5,14.2,49.5
2026-01-24 21:19:07,RTM,Rain,0.09,7.97,14.0,25.3,96.6
2026-01-30 14:39:26,RTM,Clear,0.39,6.31,0.4,17.4,86.2
2026-01-01 23:34:59,RTM,Clear,0.23,7.36,0.2,19.9,34.8
2026-01-28 15:40:43,RTM,Rain,0.41,6.25,6.7,20.6,67.0
2026-02-19 00:33:30,RTM,Clear,0.21,7.5,1.0,19.0,54.8
2026-03-21 05:22:29,RTM,Clear,0.11,9.12,1.3,31.9,45.6
2026-04-10 08:23:14,RTM,Clear,0.37,6.32,0.4,12.6,88.9
2026-01-02 04:56:12,RTM,Clear,0.27,7.76,0.1,35.2,51.6
2026-04-08 18:54:48,RTM,Clear,0.16,9.02,0.2,21.1,36.9
2026-04-29 19:43:10,RTM,Cloudy,0.27,7.61,0.9,15.3,57.7
2026-04-29 15:15:34,RTM,Clear,0.4,7.39,1.1,14.4,45.0
2026-02-28 14:38:28,RTM,Clear,0.27,8.6,0.9,19.1,63.9
2026-02-21 12:03:15,RTM,Fog,0.62,3.96,1.1,22.9,68.6
2026-04-27 10:01:15,RTM,Rain,0.32,6.34,16.1,15.2,78.1
2026-01-30 03:04:49,RTM,Clear,0.31,6.91,0.2,14.0,75.4
2026-05-26 14:47:42,RTM,Rain,0.46,5.08,4.0,28.1,67.1
2026-04-21 18:05:49,RTM,Clear,0.69,3.97,0.7,23.0,59.8
2026-05-13 18:06:59,RTM,Rain,0.11,7.06,15.8,27.2,32.6
2026-02-03 20:30:44,RTM,Clear,0.5,5.31,1.1,23.9,81.5
2026-01-31 13:14:16,RTM,Clear,0.29,6.97,0.5,31.8,60.9
2026-01-25 12:01:04,RTM,Clear,0.37,7.22,0.6,22.7,58.0
2026-04-17 14:43:49,RTM,Clear,0.21,8.34,0.6,27.0,78.9
2026-01-27 07:13:22,RTM,Clear,0.2,8.68,0.2,33.4,68.8
2026-01-14 07:40:19,RTM,Clear,0.36,7.32,0.3,31.3,81.9
2026-05-30 10:26:29,RTM,Clear,0.41,6.51,0.7,24.6,57.2
2026-01-20 00:13:37,RTM,Clear,0.28,7.34,1.3,19.0,45.6
2026-01-14 00:01:17,RTM,Clear,0.28,7.03,1.0,28.3,100.0
2026-03-13 14:03:16,RTM,Clear,0.32,6.91,0.5,0.2,50.9
2026-06-14 06:51:26,RTM,Clear,0.2,7.93,0.1,25.0,45.9
2026-04-30 01:04:15,RTM,Clear,0.35,7.56,1.3,33.4,70.6
2026-06-12 06:30:32,RTM,Clear,0.5,5.72,0.1,38.9,50.9
2026-04-08 10:00:59,RTM,Cloudy,0.28,7.15,0.4,28.4,84.3
2026-06-03 09:10:43,RTM,Clear,0.5,6.0,0.8,14.2,79.6
2026-02-10 04:08:39,RTM,Clear,0.38,6.89,1.2,20.9,40.0
2026-04-16 21:33:04,RTM,Clear,0.29,7.64,1.1,24.6,70.2
2026-03-24 15:22:43,RTM,Clear,0.43,6.29,1.1,24.6,84.7
2026-01-26 13:27:42,RTM,Clear,0.28,7.87,0.6,21.2,64.9
2026-05-12 17:08:41,RTM,Clear,0.1,9.42,0.4,16.6,72.4
2026-02-13 05:57:02,RTM,Cloudy,0.08,9.24,1.1,16.8,41.2
2026-05-15 01:51:09,RTM,Clear,0.26,8.28,0.4,17.5,44.7
2026-02-24 14:57:53,RTM,Clear,0.3,7.19,1.0,36.5,64.8
2026-02-27 08:21:12,RTM,Clear,0.48,6.21,0.1,19.5,61.9
2026-03-19 00:52:03,RTM,Clear,0.37,7.01,0.4,25.3,95.4
2026-03-10 11:44:24,RTM,Clear,0.32,7.24,1.4,16.2,88.2
2026-01-20 16:20:33,RTM,Clear,0.35,6.56,0.3,22.0,69.8
2026-06-11 06:49:03,RTM,Clear,0.12,9.15,0.0,31.1,60.6
2026-01-18 09:08:40,RTM,Cloudy,0.45,6.95,0.6,24.7,95.5
2026-05-03 09:27:18,RTM,Rain,0.17,7.5,12.0,33.3,67.8
2026-03-08 01:33:15,RTM,Clear,0.08,9.53,0.4,13.0,36.1
2026-04-04 05:14:24,RTM,Clear,0.04,9.88,1.0,31.2,64.6
2026-01-14 17:53:53,RTM,Clear,0.55,4.97,0.5,32.0,66.4
2026-06-17 12:53:13,RTM,Clear,0.3,7.03,0.4,19.3,87.9
2026-02-03 05:42:51,RTM,Cloudy,0.48,5.54,0.6,28.2,63.9
2026-01-08 21:05:52,RTM,Cloudy,0.41,6.82,1.1,27.3,74.9
2026-01-09 01:36:15,RTM,Clear,0.39,6.7,1.4,25.4,45.9
2026-05-13 13:10:22,RTM,Clear,0.53,5.48,0.1,17.5,59.5
2026-02-05 23:03:47,RTM,Cloudy,0.4,6.11,0.9,22.8,72.2
2026-01-01 01:00:46,RTM,Clear,0.56,4.46,0.4,16.1,77.0
2026-04-20 12:01:03,RTM,Rain,0.13,7.12,4.7,22.0,59.6
2026-01-07 17:40:34,RTM,Cloudy,0.13,9.19,0.7,9.6,69.0
2026-05-03 02:58:56,RTM,Clear,0.11,9.16,0.3,21.4,66.8
2026-03-09 07:01:25,RTM,Cloudy,0.55,6.0,1.4,22.4,67.7
2026-03-29 00:24:50,RTM,Clear,0.24,8.26,1.1,22.0,64.6
2026-03-13 15:22:24,RTM,Cloudy,0.31,7.12,1.5,12.5,94.9
2026-05-08 15:30:48,RTM,Clear,0.08,9.01,0.5,18.1,37.9
2026-01-30 22:40:28,RTM,Clear,0.31,8.45,0.3,30.4,85.8
2026-06-03 01:20:42,RTM,Clear,0.34,6.76,0.7,28.0,72.7
2026-06-03 20:16:33,RTM,Cloudy,0.2,8.06,1.3,17.4,76.8
2026-01-14 21:40:08,RTM,Rain,0.25,6.68,9.7,21.7,52.1
2026-04-25 15:33:28,RTM,Cloudy,0.35,6.79,0.4,25.9,75.5
2026-06-25 19:46:38,RTM,Cloudy,0.57,4.88,0.8,37.4,57.4
2026-05-18 19:41:24,RTM,Clear,0.22,7.98,1.5,18.4,46.0
2026-01-03 15:56:55,RTM,Clear,0.39,5.84,1.3,27.3,30.8
2026-05-21 05:07:48,RTM,Clear,0.2,8.04,1.3,31.7,48.0
2026-02-14 03:23:39,RTM,Rain,0.32,5.97,17.1,23.9,52.1
2026-03-18 20:41:47,RTM,Clear,0.38,6.96,0.0,33.6,64.6
2026-03-25 21:28:26,RTM,Cloudy,0.46,6.23,0.4,34.1,78.2
2026-04-01 03:45:07,RTM,Clear,0.37,7.04,0.4,37.8,65.6
2026-06-30 09:25:37,RTM,Clear,0.15,8.64,0.5,15.1,63.4
2026-03-31 13:07:18,RTM,Cloudy,0.24,7.46,1.2,37.1,53.3
2026-02-20 00:02:49,RTM,Cloudy,0.46,6.47,1.2,22.5,93.4
2026-04-13 06:42:21,RTM,Cloudy,0.16,8.05,0.4,32.3,49.4
2026-05-21 01:02:49,RTM,Fog,0.6,5.45,0.2,31.2,57.3
2026-04-06 23:16:26,RTM,Rain,0.54,4.26,16.3,30.1,71.1
2026-06-17 22:55:25,RTM,Clear,0.3,7.58,1.3,14.3,52.5
2026-02-11 17:15:34,RTM,Clear,0.29,8.31,0.6,28.0,76.0
2026-03-17 01:11:41,RTM,Clear,0.11,9.03,0.3,16.8,72.4
2026-06-30 10:01:09,RTM,Clear,0.49,5.31,0.4,30.5,61.6
2026-02-15 03:06:42,RTM,Clear,0.32,7.5,0.5,26.9,68.0
2026-06-29 16:00:22,RTM,Clear,0.22,8.25,0.5,29.9,62.2
2026-06-30 13:43:03,RTM,Cloudy,0.23,8.95,1.4,28.8,47.8
2026-03-22 17:51:12,RTM,Clear,0.31,8.1,0.0,15.1,20.0
2026-03-15 14:23:59,RTM,Rain,0.08,7.88,6.9,29.7,73.3
2026-05-25 15:05:37,RTM,Cloudy,0.38,7.28,0.8,31.0,89.5
2026-01-26 07:47:09,RTM,Clear,0.4,6.17,0.7,27.4,89.9
2026-05-18 02:11:18,RTM,Clear,0.36,6.25,0.5,18.1,71.3
2026-06-30 00:38:08,RTM,Clear,0.1,8.56,0.5,33.7,58.5
2026-01-25 15:50:45,RTM,Rain,0.0,8.52,6.5,22.0,68.8
2026-04-28 11:15:03,RTM,Clear,0.15,8.45,0.7,29.0,59.3
2026-01-30 05:29:38,RTM,Clear,0.09,9.47,0.0,21.2,66.9
2026-04-02 21:03:59,RTM,Clear,0.28,8.31,0.6,28.7,75.4
2026-02-28 23:21:12,RTM,Cloudy,0.37,6.89,1.0,25.0,39.7
2026-03-25 15:32:06,RTM,Clear,0.24,7.55,1.4,24.7,53.8
2026-03-19 05:16:11,RTM,Clear,0.3,7.14,1.2,29.1,77.7
2026-01-15 03:23:21,RTM,Cloudy,0.2,8.32,0.7,26.0,61.9
2026-06-24 13:37:10,RTM,Clear,0.17,9.11,0.4,21.1,59.2
2026-01-16 23:16:06,RTM,Clear,0.33,7.2,0.8,24.1,62.9
2026-06-29 22:21:27,RTM,Cloudy,0.41,6.17,1.3,24.8,41.2
2026-06-02 08:10:08,RTM,Clear,0.45,7.2,0.7,35.7,58.9
2026-05-26 05:46:13,RTM,Clear,0.25,7.97,0.5,23.1,80.9
2026-06-22 00:39:31,RTM,Clear,0.53,5.24,0.2,18.3,63.2
2026-04-07 04:07:39,RTM,Clear,0.29,7.19,0.1,22.7,54.5
2026-01-02 07:48:20,RTM,Fog,0.39,6.07,1.3,35.3,63.8
2026-05-19 17:28:08,RTM,Clear,0.27,7.78,0.9,16.0,96.8
2026-01-07 20:03:05,RTM,Clear,0.06,9.24,1.4,28.5,71.9
2026-03-09 06:22:37,RTM,Fog,0.57,5.59,1.2,31.6,60.5
2026-05-03 00:14:37,RTM,Clear,0.21,8.42,0.8,38.3,43.7
2026-06-26 10:42:48,RTM,Clear,0.25,7.12,0.4,31.1,23.7
2026-01-15 20:43:44,RTM,Clear,0.12,8.78,0.8,23.1,36.2
2026-02-17 16:45:17,RTM,Clear,0.23,8.64,0.8,11.5,96.7
2026-03-13 22:37:15,RTM,Cloudy,0.34,7.11,1.2,10.4,55.1
2026-03-07 16:47:09,RTM,Clear,0.15,8.98,0.3,30.7,56.9
2026-03-13 21:02:24,RTM,Clear,0.03,9.44,0.3,29.5,93.5
2026-06-11 01:51:52,RTM,Clear,0.06,9.02,0.0,20.6,53.6
2026-06-06 06:30:02,RTM,Rain,0.24,7.01,2.9,15.6,61.6
2026-06-09 12:18:46,RTM,Clear,0.56,5.62,1.4,27.3,63.2
2026-03-07 16:32:23,RTM,Clear,0.44,6.22,1.2,21.1,64.4
2026-02-27 01:58:27,RTM,Cloudy,0.26,8.01,1.3,16.2,77.2
2026-06-06 05:35:32,RTM,Clear,0.08,9.8,0.1,21.6,80.7
2026-06-19 06:21:38,RTM,Rain,0.06,8.13,3.5,32.2,88.4
2026-05-15 04:49:07,RTM,Clear,0.12,8.81,1.3,33.2,54.3
2026-04-12 02:58:12,RTM,Clear,0.33,7.19,0.3,24.8,54.1
2026-02-18 06:50:14,RTM,Clear,0.16,9.18,1.1,33.0,99.6
2026-06-17 20:44:16,RTM,Clear,0.45,6.2,0.9,30.0,85.2
2026-02-07 15:20:27,RTM,Rain,0.43,4.4,4.8,18.2,71.7
2026-05-31 06:25:56,RTM,Clear,0.45,6.22,1.2,20.6,75.2
2026-04-03 03:24:56,RTM,Fog,0.97,1.83,0.2,16.2,100.0
2026-06-01 06:59:30,RTM,Fog,0.59,4.95,0.1,19.5,46.4
2026-04-17 14:36:20,RTM,Rain,0.21,6.86,18.1,32.7,57.7
2026-03-12 18:25:14,RTM,Clear,0.2,8.99,0.7,29.5,48.8
2026-06-05 21:30:04,RTM,Clear,0.04,9.81,0.8,23.1,69.5
2026-03-02 23:40:51,RTM,Cloudy,0.14,8.32,0.7,20.0,60.2
2026-01-25 04:40:04,RTM,Fog,0.78,3.28,0.4,39.0,66.0
2026-04-04 16:26:33,RTM,Clear,0.55,4.54,0.3,16.5,83.9
2026-05-12 23:49:05,RTM,Clear,0.19,8.47,0.4,14.0,61.1
2026-06-03 05:06:51,RTM,Rain,0.33,6.77,11.5,22.0,20.0
2026-01-08 07:24:02,RTM,Cloudy,0.37,6.3,1.1,32.6,57.7
2026-01-03 09:57:10,RTM,Cloudy,0.11,8.67,0.4,24.1,59.5
2026-04-07 18:02:25,RTM,Clear,0.51,5.7,1.3,3.1,38.9
2026-06-25 09:28:44,RTM,Clear,0.31,6.94,0.5,44.7,77.0
2026-05-19 15:19:18,RTM,Clear,0.52,5.4,0.9,17.0,67.6
2026-03-19 09:34:58,RTM,Clear,0.3,7.03,0.5,28.6,70.1
2026-03-09 02:45:35,RTM,Rain,0.14,6.8,8.5,21.3,70.5
2026-06-06 00:04:23,RTM,Clear,0.39,6.41,1.1,31.9,75.0
2026-06-12 19:12:24,RTM,Clear,0.2,7.82,0.7,38.8,55.3
2026-03-13 16:09:52,RTM,Cloudy,0.23,7.67,0.1,27.2,45.7
2026-05-24 19:21:42,RTM,Clear,0.3,7.38,0.4,-0.8,70.1
2026-06-22 17:07:44,RTM,Clear,0.16,9.23,0.1,22.8,80.2
2026-01-10 13:33:49,RTM,Clear,0.19,8.8,0.7,35.6,41.2
2026-03-03 16:21:29,RTM,Clear,0.25,8.13,0.1,21.4,48.8
2026-01-18 00:23:35,RTM,Clear,0.23,7.86,0.7,33.6,88.0
2026-04-24 04:37:33,RTM,Cloudy,0.27,7.71,0.9,31.1,84.7
2026-02-13 22:47:01,RTM,Cloudy,0.36,7.03,0.4,30.1,42.6
2026-03-16 22:02:17,RTM,Clear,0.35,6.74,0.8,19.1,48.5
2026-03-29 01:33:41,RTM,Clear,0.33,7.08,0.2,20.0,80.1
2026-01-27 06:31:40,RTM,Clear,0.35,6.41,1.1,29.3,65.2
2026-06-28 21:50:36,RTM,Clear,0.33,7.62,1.4,21.7,52.5
2026-04-09 20:42:40,RTM,Clear,0.27,7.37,0.3,25.5,54.3
2026-06-22 09:54:23,RTM,Fog,0.63,4.25,1.3,19.6,77.7
2026-05-05 04:34:17,RTM,Clear,0.2,7.87,0.7,23.8,53.2
2026-05-29 04:14:14,RTM,Clear,0.19,7.82,0.1,23.0,65.5
2026-04-21 19:06:17,RTM,Clear,0.24,7.88,1.5,17.9,83.2
2026-05-28 12:12:39,RTM,Fog,0.51,5.26,0.3,30.8,89.5
2026-01-15 17:06:25,RTM,Clear,0.03,10.65,1.0,28.6,98.4
2026-01-10 23:21:47,RTM,Clear,0.05,10.37,0.5,28.7,64.7
2026-04-08 03:36:50,RTM,Clear,0.09,8.72,1.1,25.0,57.7
2026-06-22 09:14:46,RTM,Fog,0.69,4.42,0.8,23.5,56.0
2026-05-10 11:33:50,RTM,Clear,0.15,9.16,0.0,29.5,80.5
2026-06-01 20:44:16,RTM,Clear,0.2,9.07,0.2,30.5,81.2
2026-05-28 08:33:45,RTM,Clear,0.41,6.98,1.5,18.0,62.0
2026-01-18 06:54:52,RTM,Clear,0.49,5.94,0.7,32.9,88.8
2026-04-27 09:20:46,RTM,Fog,0.4,6.06,0.4,21.5,58.8
2026-02-15 14:42:51,RTM,Fog,0.69,3.31,0.9,34.3,37.2
2026-02-28 13:20:05,RTM,Rain,0.31,6.64,15.8,18.2,51.7
2026-04-26 22:43:46,RTM,Rain,0.48,5.05,9.4,20.3,29.8
2026-04-27 15:02:26,RTM,Clear,0.28,7.47,0.0,30.0,55.3
2026-03-25 15:36:40,RTM,Rain,0.49,4.99,11.2,13.0,71.2
2026-03-08 06:38:06,RTM,Clear,0.38,6.38,1.3,21.1,60.9
2026-06-26 02:45:21,RTM,Clear,0.4,7.0,1.3,28.3,57.6
2026-04-06 06:36:56,RTM,Clear,0.05,9.37,0.5,32.3,63.8
2026-05-03 17:16:03,RTM,Clear,0.2,7.68,0.6,34.4,47.0
2026-01-23 06:58:02,RTM,Cloudy,0.42,6.69,1.1,28.4,76.7
2026-05-26 23:18:31,RTM,Clear,0.61,4.78,1.3,20.1,64.9
2026-06-01 04:09:27,RTM,Fog,0.59,4.52,0.9,30.9,84.1
2026-03-03 18:35:37,RTM,Clear,0.18,7.49,1.4,10.2,75.8
2026-01-13 00:24:43,RTM,Cloudy,0.27,8.09,1.4,25.7,31.1
2026-04-18 16:11:09,RTM,Clear,0.35,8.01,0.4,26.4,57.7
2026-03-12 21:10:27,RTM,Fog,0.56,4.44,1.4,23.3,63.1
2026-06-29 05:24:19,RTM,Rain,0.04,8.75,6.7,24.1,58.2
2026-01-30 22:45:55,RTM,Fog,0.5,5.07,0.5,26.5,81.2
2026-06-29 01:54:11,RTM,Cloudy,0.37,7.27,0.4,24.0,72.8
2026-04-25 04:26:30,RTM,Rain,0.38,6.36,1.9,24.8,39.7
2026-05-24 04:02:33,RTM,Clear,0.36,7.51,0.5,25.4,83.1
2026-04-23 10:19:48,RTM,Clear,0.38,7.41,1.2,23.3,70.7
2026-03-09 08:09:42,RTM,Clear,0.09,8.84,0.9,16.5,70.1
2026-06-16 21:44:29,RTM,Clear,0.06,9.24,1.2,42.0,67.8
2026-03-11 07:00:33,RTM,Clear,0.41,6.9,1.4,6.5,56.8
2026-04-08 05:37:05,RTM,Clear,0.25,7.63,1.0,10.7,35.8
2026-01-01 22:53:09,RTM,Cloudy,0.1,9.82,1.0,23.1,61.6
2026-02-08 02:59:37,RTM,Clear,0.12,8.72,0.1,29.2,55.5
2026-05-23 09:23:47,RTM,Clear,0.16,8.66,0.0,13.1,91.1
2026-01-16 19:13:49,RTM,Rain,0.22,6.79,7.3,9.9,74.6
2026-04-08 08:40:10,RTM,Clear,0.93,1.29,0.1,37.6,100.0
2026-01-24 01:25:41,RTM,Rain,0.47,4.42,12.3,10.4,77.0
2026-03-06 15:34:09,RTM,Clear,0.05,10.33,0.2,32.2,68.7
2026-06-11 07:12:38,RTM,Rain,0.46,5.43,9.4,36.3,20.0
2026-06-26 02:52:44,RTM,Clear,0.42,5.66,0.2,19.0,54.7
2026-02-09 03:16:11,RTM,Fog,0.54,5.02,0.0,25.8,43.9
2026-03-20 15:16:55,RTM,Clear,0.09,9.09,1.2,14.1,41.1
2026-04-13 21:15:14,RTM,Clear,0.41,6.54,0.4,22.4,21.5
2026-04-06 20:14:52,RTM,Rain,0.09,7.18,5.1,10.9,65.5
2026-05-29 15:52:54,RTM,Clear,0.31,7.1,0.9,13.5,60.8
2026-02-13 05:38:27,RTM,Clear,0.3,7.72,0.1,18.0,88.1
2026-03-24 01:00:10,RTM,Clear,0.03,10.44,0.6,20.6,54.5
2026-01-15 17:34:59,RTM,Clear,0.22,8.75,0.1,32.8,86.7
2026-02-26 09:20:18,RTM,Rain,0.53,3.78,1.8,33.2,67.0
2026-03-11 19:34:04,RTM,Clear,0.47,5.32,1.4,14.6,70.0
2026-05-21 11:33:31,RTM,Clear,0.26,8.15,1.4,17.7,68.6
2026-01-19 22:22:09,RTM,Rain,0.45,4.57,6.1,22.5,90.5
2026-02-25 14:26:24,RTM,Clear,0.13,8.08,1.0,18.8,52.1
2026-04-02 14:56:06,RTM,Clear,0.07,9.4,1.1,26.6,68.5
2026-05-19 12:03:00,RTM,Clear,0.37,6.82,1.1,32.6,21.4
2026-05-22 00:51:18,RTM,Rain,0.18,6.96,3.8,26.8,22.1
2026-01-04 11:25:16,RTM,Clear,0.35,7.1,0.5,20.4,71.3
2026-04-19 14:40:23,RTM,Clear,0.14,9.13,1.1,22.2,64.5
2026-01-19 11:48:32,RTM,Clear,0.3,7.48,0.4,21.6,61.5
2026-06-19 14:38:03,RTM,Rain,0.31,5.81,9.1,17.0,64.0
2026-05-17 05:01:36,RTM,Clear,0.39,6.76,0.3,13.8,96.9
2026-02-10 05:31:48,RTM,Fog,0.76,3.46,0.9,33.7,44.1
2026-01-08 17:32:29,RTM,Rain,0.26,6.34,3.5,32.7,71.4
2026-03-19 06:34:57,RTM,Clear,0.35,6.44,0.7,35.9,62.8
2026-05-04 00:48:11,RTM,Clear,0.12,8.83,1.4,24.2,58.3
2026-04-30 04:28:14,RTM,Fog,0.38,6.7,0.0,25.1,48.3
2026-01-12 11:15:06,RTM,Cloudy,0.37,7.1,0.7,28.5,71.8
2026-01-16 16:35:09,RTM,Cloudy,0.59,4.81,1.3,30.5,39.3
2026-02-13 02:35:20,RTM,Clear,0.11,8.82,0.4,16.9,75.5
2026-06-23 09:20:23,RTM,Clear,0.29,7.57,0.9,7.5,66.0
2026-03-19 21:01:36,RTM,Clear,0.18,8.56,1.1,2.8,61.1
2026-03-27 12:55:28,RTM,Clear,0.22,8.45,0.5,24.1,75.4
2026-02-12 05:50:47,RTM,Rain,0.27,6.25,9.1,26.8,61.5
2026-02-22 22:34:47,RTM,Fog,0.41,6.6,1.3,10.8,34.6
2026-04-12 05:04:32,RTM,Cloudy,0.23,7.26,0.2,21.9,94.2
2026-04-29 22:48:09,RTM,Clear,0.18,9.22,0.0,21.4,74.1
2026-04-25 09:16:24,RTM,Fog,0.63,5.12,1.4,34.1,65.0
2026-05-31 14:15:33,RTM,Clear,0.07,9.4,1.3,28.4,38.8
2026-02-18 04:59:46,RTM,Cloudy,0.43,6.88,0.2,28.4,68.2
2026-01-18 21:57:26,RTM,Clear,0.28,8.13,0.2,26.8,27.8
2026-02-24 23:46:20,RTM,Clear,0.5,5.56,1.3,23.3,51.5
2026-02-18 02:02:29,RTM,Clear,0.3,7.37,0.8,22.2,51.0
2026-03-27 16:41:41,RTM,Clear,0.17,8.81,1.0,18.5,90.1
2026-04-21 00:04:30,RTM,Fog,0.41,6.02,1.3,13.2,81.8
2026-03-25 03:31:06,RTM,Clear,0.09,9.69,0.3,24.3,29.5
2026-04-01 02:09:29,RTM,Clear,0.58,4.28,0.0,7.9,100.0
2026-06-14 02:35:25,RTM,Cloudy,0.24,8.59,0.3,16.6,39.5
2026-03-24 03:18:38,RTM,Clear,0.26,7.44,0.8,14.4,76.2
2026-05-30 18:22:54,RTM,Rain,0.24,6.96,9.9,26.5,64.8
2026-05-13 17:34:59,RTM,Cloudy,0.05,9.17,1.3,13.1,74.3
2026-03-16 02:14:10,RTM,Clear,0.07,8.34,0.1,20.7,34.6
2026-04-12 22:46:51,RTM,Clear,0.14,8.96,0.1,22.7,64.4
2026-01-30 08:59:35,RTM,Clear,0.11,9.11,0.8,14.7,85.6
2026-05-06 06:09:37,RTM,Rain,0.27,5.88,6.9,21.0,88.5
2026-04-26 02:16:02,RTM,Clear,0.41,6.84,0.3,34.5,78.0
2026-02-19 05:37:15,RTM,Cloudy,0.5,5.1,0.1,22.9,74.4
2026-03-14 04:28:10,RTM,Clear,0.48,6.19,1.1,23.8,55.8
2026-06-21 06:34:06,RTM,Clear,0.14,8.61,1.1,23.6,86.8
2026-04-14 22:48:00,RTM,Cloudy,0.1,9.13,1.5,35.0,41.6
2026-03-07 23:45:02,RTM,Clear,0.46,5.17,1.4,33.0,100.0
2026-02-22 13:56:22,RTM,Clear,0.36,7.22,0.3,24.1,76.5
2026-05-19 07:34:06,RTM,Clear,0.61,5.06,0.7,9.6,59.1
2026-01-18 08:13:01,RTM,Clear,0.15,8.31,0.9,24.4,97.0
2026-01-16 13:09:58,RTM,Fog,0.68,5.09,1.3,21.7,65.2
2026-05-22 08:39:17,RTM,Clear,0.63,4.89,1.2,33.4,54.3
2026-06-14 18:36:56,RTM,Cloudy,0.13,8.9,0.3,28.3,67.9
2026-03-08 17:32:23,RTM,Rain,0.44,4.25,7.2,29.7,70.0
2026-04-04 09:50:33,RTM,Cloudy,0.43,5.92,0.8,25.7,57.8
2026-03-03 21:14:18,RTM,Clear,0.06,9.56,0.2,32.6,71.9
2026-05-21 16:27:14,RTM,Rain,0.35,4.99,3.4,34.0,64.9
2026-05-14 05:21:47,RTM,Clear,0.52,5.36,0.2,16.6,77.8
2026-04-04 23:43:46,RTM,Clear,0.36,6.0,1.2,26.0,90.1
2026-01-06 06:08:23,RTM,Clear,0.23,7.54,1.4,19.1,57.2
2026-01-06 14:42:03,RTM,Cloudy,0.42,7.6,1.2,45.2,81.7
2026-02-20 13:17:54,RTM,Cloudy,0.46,6.08,0.2,9.5,58.1
2026-02-26 03:10:11,RTM,Clear,0.23,7.42,1.3,20.1,39.4
2026-05-09 16:55:51,RTM,Clear,0.09,8.52,0.4,23.8,89.3
2026-05-19 21:19:16,RTM,Cloudy,0.25,7.38,0.3,21.0,95.4
2026-01-30 22:08:01,RTM,Cloudy,0.18,7.52,0.6,23.1,69.8
2026-04-03 12:37:54,RTM,Cloudy,0.52,5.93,1.0,16.9,40.5
2026-06-08 15:19:03,RTM,Cloudy,0.2,8.33,1.5,28.6,67.2
2026-03-04 19:21:35,RTM,Clear,0.21,8.08,0.4,29.3,78.7
2026-06-22 15:16:57,RTM,Clear,0.07,9.66,0.7,28.8,86.8
2026-01-27 08:40:14,RTM,Fog,0.4,6.39,0.3,21.5,68.7
2026-04-26 00:23:17,RTM,Clear,0.14,8.36,1.5,29.2,56.6
2026-06-13 23:50:16,RTM,Clear,0.22,7.6,0.1,33.4,62.5
2026-01-24 04:14:56,RTM,Rain,0.41,5.3,6.7,35.6,70.7
2026-03-01 08:10:02,RTM,Clear,0.2,8.73,0.9,33.4,81.7
2026-05-03 23:53:16,RTM,Clear,0.26,7.82,1.1,20.5,70.4
2026-01-15 01:06:04,RTM,Fog,0.82,3.35,0.4,17.0,80.7
2026-04-24 20:39:56,RTM,Rain,0.42,4.36,16.3,27.8,95.0
2026-05-24 06:55:32,RTM,Rain,0.07,8.61,14.9,22.1,73.9
2026-04-05 18:19:49,RTM,Clear,0.39,7.0,1.4,17.6,27.6
2026-05-30 20:49:12,RTM,Fog,0.4,7.55,0.6,32.7,71.3
2026-05-04 16:40:12,RTM,Clear,0.2,8.19,0.5,18.4,34.9
2026-02-09 16:13:03,RTM,Rain,0.26,7.32,6.2,23.2,65.9
2026-04-27 12:07:01,RTM,Cloudy,0.46,5.73,0.6,25.9,64.6
2026-03-18 10:35:04,RTM,Clear,0.5,6.39,0.4,29.8,79.0
2026-06-12 05:46:40,RTM,Fog,0.46,6.02,0.4,23.4,65.2
2026-04-06 16:51:33,RTM,Rain,0.33,6.11,6.3,9.1,35.3
2026-02-17 16:55:33,RTM,Cloudy,0.26,8.07,0.6,25.4,57.7
2026-01-11 14:02:35,RTM,Clear,0.64,4.4,0.1,18.7,80.6
2026-01-04 12:18:20,RTM,Clear,0.33,7.06,0.0,30.6,86.9
2026-04-09 03:08:06,RTM,Rain,0.04,8.03,7.6,33.2,40.3
2026-04-03 04:29:30,RTM,Fog,0.61,4.46,0.7,19.5,62.3
2026-05-23 15:15:49,RTM,Cloudy,0.27,7.89,1.4,15.8,39.1
2026-06-19 08:22:14,RTM,Clear,0.66,3.88,0.1,11.1,61.2
2026-04-22 09:42:16,RTM,Clear,0.45,6.22,0.3,34.7,47.0
2026-06-13 17:21:56,RTM,Clear,0.3,7.8,0.3,18.9,77.1
2026-02-14 03:24:36,RTM,Clear,0.18,8.57,1.4,16.3,87.3
2026-04-13 21:16:26,RTM,Cloudy,0.48,6.17,1.1,15.1,58.8
2026-05-26 12:39:02,RTM,Clear,0.25,8.07,1.0,19.1,58.8
2026-03-05 16:24:18,RTM,Clear,0.38,6.4,0.2,23.6,63.8
2026-04-16 00:41:57,RTM,Rain,0.2,6.91,13.7,24.7,69.1
2026-05-26 16:34:05,RTM,Rain,0.4,5.38,3.6,23.2,88.1
2026-06-15 03:29:20,RTM,Cloudy,0.15,9.21,0.7,23.7,75.4
2026-04-30 19:45:37,RTM,Clear,0.12,9.15,0.8,26.6,81.4
2026-03-28 16:28:38,RTM,Cloudy,0.65,4.21,0.5,24.8,86.9
2026-06-21 01:09:35,RTM,Cloudy,0.07,9.58,0.4,31.9,43.4
2026-02-01 15:06:48,RTM,Clear,0.27,7.51,0.2,17.9,41.9
2026-01-11 06:08:43,RTM,Rain,0.39,5.21,2.9,20.7,41.3
2026-03-21 02:45:24,RTM,Rain,0.24,6.53,5.8,27.6,98.7
2026-04-20 11:43:38,RTM,Clear,0.32,7.36,0.9,25.8,66.2
2026-04-23 14:20:12,RTM,Clear,0.04,9.05,1.0,15.8,31.7
2026-01-01 20:14:46,RTM,Clear,0.55,5.25,0.9,24.1,92.3
2026-04-14 14:03:52,RTM,Clear,0.4,6.24,1.1,34.7,51.3
2026-04-28 17:40:00,RTM,Rain,0.44,5.72,14.2,29.3,86.5
2026-02-08 14:28:22,RTM,Fog,0.69,3.91,1.3,22.6,100.0
2026-05-28 09:00:54,RTM,Clear,0.08,9.46,1.4,24.2,50.0
2026-02-04 16:46:23,RTM,Cloudy,0.29,8.24,1.2,21.2,84.8
2026-02-12 00:26:03,RTM,Clear,0.24,7.75,1.4,24.9,90.1
2026-02-09 11:05:32,RTM,Clear,0.31,8.34,0.5,30.0,80.0
2026-02-25 23:27:50,RTM,Clear,0.44,5.95,1.0,33.9,78.2
2026-06-06 22:06:22,RTM,Rain,0.26,7.4,8.4,12.8,69.6
2026-02-23 20:49:15,RTM,Clear,0.25,7.95,0.2,23.9,20.0
2026-02-07 03:47:54,RTM,Cloudy,0.2,8.69,0.7,18.7,63.6
2026-04-29 00:59:51,RTM,Cloudy,0.2,8.13,0.9,22.6,76.2
2026-04-27 05:50:07,RTM,Fog,0.57,4.98,0.1,22.5,48.4
2026-02-23 09:43:17,RTM,Cloudy,0.53,5.65,1.5,17.9,74.7
2026-01-28 23:42:54,RTM,Cloudy,0.16,7.88,1.0,34.8,88.3
2026-04-17 10:09:23,RTM,Clear,0.16,8.09,0.7,23.5,47.0
2026-05-23 10:06:59,RTM,Clear,0.37,6.83,0.7,33.4,100.0
2026-05-08 16:21:56,RTM,Clear,0.38,7.04,0.4,14.8,86.3
2026-06-23 10:59:38,RTM,Fog,0.64,4.19,0.1,21.7,100.0
2026-06-19 11:12:04,RTM,Rain,0.18,7.15,25.2,19.8,73.9
2026-05-21 23:37:51,RTM,Cloudy,0.13,8.91,0.5,20.8,78.0
2026-01-15 00:37:30,RTM,Clear,0.24,7.96,0.2,8.9,74.3
2026-06-13 16:58:56,RTM,Clear,0.29,7.63,0.5,18.4,52.4
2026-04-13 20:30:12,RTM,Cloudy,0.19,7.99,0.8,24.7,54.9
2026-02-13 15:59:54,RTM,Fog,0.79,3.64,1.0,23.2,85.6
2026-01-11 07:55:57,RTM,Clear,0.25,7.67,1.0,14.8,78.2
2026-04-04 05:53:59,RTM,Cloudy,0.1,8.96,1.4,11.2,67.3
2026-02-22 12:18:29,RTM,Clear,0.17,9.03,1.2,17.6,52.6
2026-04-06 09:16:23,RTM,Rain,0.23,6.77,3.4,14.4,81.6
2026-04-08 02:31:22,RTM,Cloudy,0.28,6.31,0.7,31.9,84.9
2026-03-24 19:09:26,RTM,Rain,0.25,7.1,2.0,24.2,83.6
2026-05-17 21:12:19,RTM,Clear,0.18,7.6,0.6,20.0,74.6
2026-04-12 21:34:56,RTM,Cloudy,0.24,7.14,0.2,14.8,50.0
2026-01-18 09:51:55,RTM,Clear,0.3,7.76,0.7,19.4,80.3
2026-03-18 22:32:50,RTM,Clear,0.18,8.75,0.4,24.0,83.3
2026-05-08 04:39:33,RTM,Clear,0.15,8.78,0.7,27.9,89.2
2026-02-05 03:06:31,RTM,Cloudy,0.37,6.79,0.1,19.1,79.1
2026-01-31 15:41:30,RTM,Clear,0.1,9.41,0.9,20.0,54.1
2026-05-25 16:05:09,RTM,Clear,0.5,5.59,0.0,29.6,70.8
2026-02-05 05:33:14,RTM,Clear,0.26,7.91,0.4,13.3,73.9
2026-05-14 16:17:54,RTM,Clear,0.17,8.49,0.8,26.6,95.6
2026-01-04 22:11:23,RTM,Clear,0.76,3.0,0.1,17.4,79.8
2026-06-18 02:56:27,RTM,Clear,0.53,5.74,0.6,32.8,65.1
2026-05-23 03:36:03,RTM,Clear,0.41,7.0,0.5,33.8,53.1
2026-03-12 08:05:33,RTM,Clear,0.37,7.04,1.3,26.1,81.4
2026-03-03 04:38:32,RTM,Rain,0.29,6.58,9.5,27.0,80.9
2026-02-26 08:52:56,RTM,Rain,0.27,7.12,7.2,15.2,73.8
2026-05-14 19:52:50,RTM,Cloudy,0.12,8.77,0.4,33.7,68.3
2026-03-05 06:07:07,RTM,Clear,0.15,8.85,0.1,13.5,56.7
2026-02-22 19:05:49,RTM,Clear,0.05,9.08,1.2,24.7,64.3
2026-03-18 19:15:36,RTM,Rain,0.16,7.28,15.8,22.0,46.4
2026-05-03 12:45:04,RTM,Clear,0.32,7.21,0.3,39.1,20.0
2026-02-16 09:57:43,RTM,Cloudy,0.12,9.47,0.6,20.3,44.8
2026-01-06 05:58:31,RTM,Clear,0.21,8.34,1.4,18.8,58.2
2026-05-15 18:22:29,RTM,Rain,0.17,6.68,3.2,23.8,53.9
2026-06-01 00:40:55,RTM,Clear,0.19,8.16,1.0,33.6,75.1
2026-06-13 20:30:51,RTM,Clear,0.31,7.81,0.3,33.8,53.9
2026-01-23 12:01:24,RTM,Cloudy,0.09,10.22,1.5,19.0,60.6
2026-01-13 18:08:04,RTM,Clear,0.28,7.38,1.0,14.8,29.4
2026-02-16 01:06:28,RTM,Clear,0.21,7.71,0.9,28.0,73.6
2026-04-04 21:03:16,RTM,Clear,0.26,7.2,0.1,16.1,53.4
2026-06-27 03:27:36,RTM,Clear,0.2,8.4,0.7,21.4,73.8
2026-03-14 12:05:25,RTM,Clear,0.74,3.73,0.8,18.9,52.6
2026-06-20 12:24:04,RTM,Clear,0.31,7.42,0.0,11.3,62.2
2026-05-06 09:29:59,RTM,Clear,0.28,7.52,0.8,27.7,71.3
2026-04-19 18:58:26,RTM,Clear,0.3,7.38,0.4,23.8,84.0
2026-02-18 08:19:02,RTM,Clear,0.5,5.76,1.1,23.7,49.8
2026-04-26 03:32:05,RTM,Clear,0.26,8.47,1.0,15.7,91.9
2026-05-04 20:52:08,RTM,Clear,0.22,8.43,0.4,21.7,54.0
2026-02-09 02:39:19,RTM,Cloudy,0.43,6.55,0.5,12.2,57.2
2026-05-31 03:19:46,RTM,Clear,0.1,9.75,0.3,24.4,76.7
2026-01-23 05:10:08,RTM,Clear,0.06,9.25,1.2,26.8,57.4
2026-02-18 05:29:47,RTM,Clear,0.16,8.63,0.4,17.6,62.4
2026-03-01 07:18:50,RTM,Rain,0.3,5.85,9.4,12.2,60.3
2026-06-23 09:36:16,RTM,Clear,0.1,9.45,0.4,33.6,69.4
2026-03-20 19:19:28,RTM,Rain,0.28,6.25,8.1,28.2,64.5
2026-06-08 21:50:55,RTM,Fog,0.72,4.19,0.3,30.7,73.6
2026-04-04 11:31:47,RTM,Clear,0.44,5.59,1.0,11.0,78.6
2026-01-30 01:39:19,RTM,Clear,0.06,8.97,0.8,26.0,43.7
2026-02-23 02:08:31,RTM,Clear,0.56,5.45,1.4,15.1,64.7
2026-04-08 23:19:38,RTM,Fog,0.78,3.02,0.5,29.1,79.9
2026-05-17 09:06:03,RTM,Clear,0.18,7.59,0.1,21.4,64.7
2026-01-28 07:50:19,RTM,Cloudy,0.26,7.82,0.6,18.0,55.0
2026-06-22 22:59:43,RTM,Clear,0.25,7.87,1.1,15.8,73.0
2026-03-03 07:26:14,RTM,Clear,0.35,7.62,1.1,30.4,79.9
2026-05-24 07:46:04,RTM,Cloudy,0.19,9.48,0.3,32.8,59.9
2026-04-03 09:30:39,RTM,Cloudy,0.22,8.52,1.3,39.4,63.2
2026-02-24 20:42:40,RTM,Fog,0.7,4.49,0.7,26.3,97.7
2026-01-29 12:16:16,RTM,Clear,0.14,8.62,0.9,16.5,68.6
2026-04-24 10:25:44,RTM,Clear,0.39,6.36,0.0,20.3,69.1
2026-06-13 21:11:55,RTM,Clear,0.21,7.8,0.8,25.1,100.0
2026-04-17 06:19:10,RTM,Clear,0.22,7.56,1.2,21.6,53.5
2026-01-30 21:57:28,RTM,Clear,0.13,8.13,0.7,20.2,63.2
2026-05-27 21:27:39,RTM,Clear,0.56,5.01,0.3,18.4,67.5
2026-05-29 16:13:29,RTM,Clear,0.17,8.4,1.2,31.4,79.8
2026-04-12 07:31:37,RTM,Clear,0.21,8.45,0.1,15.9,89.8
2026-04-09 16:59:27,RTM,Clear,0.19,8.58,1.1,18.6,62.5
2026-05-17 16:46:31,RTM,Clear,0.17,8.67,0.0,24.0,47.6
2026-03-13 07:43:54,RTM,Clear,0.05,10.39,0.9,36.2,65.0
2026-05-13 11:31:55,RTM,Clear,0.26,6.91,0.3,32.9,55.4
2026-05-14 07:57:25,RTM,Rain,0.28,5.56,8.0,18.5,60.7
2026-02-06 10:23:28,RTM,Cloudy,0.09,9.38,0.2,6.4,45.2
2026-01-26 22:52:03,RTM,Cloudy,0.22,8.33,0.7,30.8,83.0
2026-03-20 14:47:47,RTM,Clear,0.27,8.11,1.5,36.6,85.4
2026-03-16 07:11:22,RTM,Cloudy,0.21,8.17,0.8,37.0,61.0
2026-06-27 14:15:06,RTM,Clear,0.1,9.15,1.2,24.1,67.0
2026-06-07 00:18:16,RTM,Rain,0.26,6.33,7.0,6.1,55.2
2026-02-13 17:28:30,RTM,Rain,0.58,3.32,3.1,8.7,72.5
2026-04-15 19:54:13,RTM,Clear,0.36,6.96,0.8,7.3,58.3
2026-01-28 10:28:25,RTM,Clear,0.26,7.89,0.9,19.1,58.1
2026-05-27 03:24:22,RTM,Cloudy,0.28,8.18,0.4,20.2,70.4
2026-02-12 05:16:37,RTM,Clear,0.19,8.3,0.1,23.0,64.2
2026-05-28 20:40:05,RTM,Fog,0.48,5.58,0.8,23.3,55.3
2026-05-08 10:16:23,RTM,Clear,0.27,7.54,0.7,37.6,100.0
2026-01-16 03:14:36,RTM,Clear,0.25,6.95,0.6,13.1,96.5
2026-05-05 19:40:23,RTM,Rain,0.47,4.93,1.8,35.1,99.1
2026-03-25 16:02:25,RTM,Clear,0.7,3.68,0.4,31.1,56.6
2026-01-06 13:48:22,RTM,Clear,0.12,8.81,1.0,29.1,93.6
2026-05-25 20:19:26,RTM,Rain,0.18,7.44,6.4,32.2,88.8
2026-01-22 21:19:38,RTM,Clear,0.31,7.27,0.9,19.0,61.5
2026-03-08 10:54:30,RTM,Clear,0.24,7.98,0.3,28.3,58.4
2026-02-13 09:28:58,RTM,Clear,0.31,6.85,1.1,23.4,93.9
2026-03-27 22:06:19,RTM,Cloudy,0.2,8.66,1.3,8.5,32.0
2026-04-29 04:39:39,RTM,Cloudy,0.35,7.0,1.0,29.2,75.6
2026-04-22 06:02:40,RTM,Cloudy,0.2,8.41,1.2,12.3,39.1
2026-03-31 11:02:23,RTM,Clear,0.29,8.13,0.9,20.7,84.9
2026-02-21 14:45:56,RTM,Cloudy,0.39,7.29,1.1,30.7,87.2
2026-04-19 18:23:23,RTM,Clear,0.25,7.72,1.1,25.2,70.4
2026-05-28 15:13:53,RTM,Rain,0.53,4.38,18.1,31.5,88.4
2026-02-16 12:44:21,RTM,Clear,0.34,7.02,1.4,25.6,46.0
2026-03-25 22:02:37,RTM,Clear,0.75,3.37,0.8,25.9,71.7
2026-03-10 00:18:10,RTM,Clear,0.12,9.34,0.7,20.4,72.5
2026-02-27 17:49:57,RTM,Cloudy,0.15,9.3,0.6,32.7,38.0
2026-03-14 14:34:22,RTM,Clear,0.39,6.39,0.3,15.6,84.3
2026-04-27 09:41:42,RTM,Rain,0.38,5.05,8.6,26.0,67.5
2026-05-10 14:56:03,RTM,Cloudy,0.53,4.96,0.5,13.5,51.2
2026-01-31 11:49:50,RTM,Clear,0.49,5.61,0.5,13.0,66.7
2026-01-29 23:07:31,RTM,Clear,0.25,7.71,1.0,27.3,74.0
2026-03-24 10:24:24,RTM,Clear,0.2,8.55,0.6,26.8,50.0
2026-01-23 11:19:41,RTM,Clear,0.22,8.09,1.4,21.7,61.8
2026-06-16 17:21:07,RTM,Fog,0.62,4.69,1.2,21.7,49.1
2026-01-25 10:12:44,RTM,Rain,0.15,7.67,6.4,19.9,42.9
2026-05-21 17:59:39,RTM,Clear,0.62,4.76,1.5,8.9,54.7
2026-06-26 08:55:15,RTM,Clear,0.37,5.74,0.7,19.2,68.4
2026-06-13 15:08:48,RTM,Clear,0.16,8.21,0.0,30.2,93.6
2026-05-18 06:39:34,RTM,Clear,0.37,6.72,0.6,9.8,95.9
2026-02-19 13:48:44,RTM,Cloudy,0.19,8.15,0.3,27.6,92.4
2026-01-31 12:19:01,RTM,Rain,0.21,7.1,19.7,23.5,56.5
2026-02-01 06:02:10,RTM,Clear,0.39,6.77,1.4,11.3,49.5
2026-01-02 21:11:37,RTM,Clear,0.07,9.94,1.2,18.3,71.1
2026-02-02 02:53:11,RTM,Clear,0.59,5.33,0.1,31.4,83.9
2026-03-26 23:02:56,RTM,Cloudy,0.25,8.57,0.7,17.2,79.0
2026-01-23 00:57:39,RTM,Clear,0.11,9.08,0.6,29.7,100.0
2026-05-26 10:12:51,RTM,Clear,0.32,6.59,1.4,13.3,50.3
2026-02-17 08:37:10,RTM,Clear,0.59,4.86,0.4,15.3,56.9
2026-06-09 05:00:17,RTM,Clear,0.28,7.67,0.0,27.4,65.4
2026-01-24 20:37:53,RTM,Cloudy,0.3,7.73,0.4,33.6,61.9
2026-05-01 12:37:43,RTM,Rain,0.51,4.32,17.6,34.4,85.8
2026-01-01 12:41:34,RTM,Fog,0.74,3.62,0.9,15.7,61.3
2026-05-28 08:18:48,RTM,Rain,0.09,7.29,4.5,31.6,56.0
2026-06-23 10:16:17,RTM,Clear,0.57,5.95,0.1,35.0,60.5
2026-06-24 19:57:02,RTM,Cloudy,0.2,8.45,0.9,43.6,65.7
2026-02-05 19:28:33,RTM,Rain,0.19,7.3,3.4,31.2,32.8
2026-03-14 13:45:47,RTM,Clear,0.31,6.95,1.1,13.8,77.1
2026-05-27 03:50:09,RTM,Clear,0.28,7.35,0.1,25.5,55.8
2026-06-09 01:40:28,RTM,Clear,0.1,8.68,1.1,30.5,85.5
2026-04-08 16:58:46,RTM,Fog,0.61,4.92,0.3,24.1,75.6
2026-05-26 07:06:22,RTM,Cloudy,0.34,6.59,0.8,20.1,36.2
2026-01-28 00:34:24,RTM,Clear,0.08,10.22,0.5,18.8,75.3
2026-01-21 03:23:31,RTM,Clear,0.14,9.53,1.4,28.1,81.7
2026-06-16 01:08:28,RTM,Clear,0.32,7.51,0.6,21.0,52.6
2026-02-16 20:22:10,RTM,Clear,0.18,8.6,1.0,6.9,87.6
2026-03-23 05:04:44,RTM,Clear,0.14,8.98,1.1,27.5,47.8
2026-04-30 04:06:09,RTM,Clear,0.13,9.15,0.4,28.1,85.5
2026-06-10 22:23:54,RTM,Clear,0.11,9.85,0.4,22.7,54.7
2026-01-08 18:48:29,RTM,Rain,0.79,2.32,15.5,29.0,75.6
2026-05-15 12:26:27,RTM,Clear,0.08,9.36,0.7,34.2,47.4
2026-05-12 12:46:54,RTM,Clear,0.48,5.67,0.2,40.3,53.7
2026-06-18 06:23:03,RTM,Cloudy,0.21,8.75,0.5,36.5,78.6
2026-01-21 01:43:02,RTM,Clear,0.32,6.56,0.1,20.2,67.2
2026-04-19 13:04:20,RTM,Fog,0.6,5.42,1.3,26.2,71.5
2026-03-05 12:10:37,RTM,Fog,0.65,4.13,0.5,23.3,100.0
2026-06-22 12:07:53,RTM,Cloudy,0.07,9.75,0.8,15.1,75.3
2026-05-27 11:45:20,RTM,Clear,0.14,9.2,1.4,0.3,57.3
2026-01-05 09:50:07,RTM,Fog,0.76,3.55,0.3,22.9,63.5
2026-04-24 10:55:41,RTM,Clear,0.33,7.53,1.2,11.9,67.0
2026-01-14 04:57:04,RTM,Clear,0.25,8.34,1.5,24.1,34.6
2026-03-17 14:06:28,RTM,Fog,0.47,5.94,0.9,37.5,51.0
2026-04-04 10:06:47,RTM,Cloudy,0.67,3.76,1.1,25.5,92.7
2026-01-30 11:55:48,RTM,Cloudy,0.16,7.9,1.2,29.5,62.0
2026-05-02 07:45:32,RTM,Rain,0.47,3.87,19.9,35.4,92.1
2026-03-14 09:30:15,RTM,Clear,0.07,9.53,1.3,28.7,95.4
2026-03-18 15:50:11,RTM,Clear,0.59,4.63,1.0,25.4,85.9
2026-04-10 03:09:43,RTM,Cloudy,0.28,7.56,0.1,31.1,36.0
2026-04-11 16:17:23,RTM,Rain,0.46,4.58,5.1,40.5,67.2
2026-01-11 08:39:18,RTM,Fog,0.82,3.35,0.2,24.6,61.7
2026-03-26 17:15:28,RTM,Clear,0.11,8.41,0.0,26.8,57.9
2026-04-19 18:55:40,RTM,Cloudy,0.1,9.66,0.3,33.2,44.8
2026-01-25 10:43:05,RTM,Clear,0.13,8.88,0.6,30.2,57.2
2026-03-09 03:50:01,RTM,Rain,0.08,8.82,7.8,36.1,99.7
2026-01-20 12:09:27,RTM,Clear,0.32,6.97,0.2,33.1,59.0
2026-03-09 12:09:49,RTM,Rain,0.21,7.31,3.5,29.9,77.4
2026-02-19 14:08:45,RTM,Rain,0.41,5.34,6.5,31.9,55.0
2026-03-23 09:21:36,RTM,Clear,0.16,8.34,1.4,23.6,80.8
2026-05-22 07:46:35,RTM,Cloudy,0.71,4.06,0.4,33.6,81.8
2026-02-19 12:07:28,RTM,Clear,0.11,9.2,0.6,21.0,86.0
2026-02-15 07:42:29,RTM,Fog,0.61,4.51,0.5,24.6,86.8
2026-03-30 13:50:01,RTM,Rain,0.31,6.12,13.6,33.8,56.0
2026-05-01 21:10:33,RTM,Clear,0.48,6.07,0.8,9.1,76.7
2026-01-24 07:26:46,RTM,Clear,0.28,7.2,0.5,33.1,68.5
2026-06-01 05:03:58,RTM,Clear,0.27,6.99,0.7,3.3,61.7
2026-05-25 22:17:45,RTM,Cloudy,0.28,7.44,0.3,23.3,55.5
2026-03-15 13:16:26,RTM,Rain,0.3,6.54,24.8,17.4,59.7
2026-01-22 19:11:06,RTM,Clear,0.51,5.87,1.5,39.1,51.6
2026-05-17 23:42:51,RTM,Clear,0.03,9.59,1.1,22.2,83.8
2026-04-18 14:29:18,RTM,Clear,0.09,9.06,1.4,14.9,53.8
2026-05-15 20:43:22,RTM,Rain,0.14,6.51,8.3,33.2,52.1
2026-04-26 10:07:34,RTM,Cloudy,0.28,7.29,0.1,19.4,89.6
2026-03-17 07:34:39,RTM,Cloudy,0.13,8.98,0.2,26.0,55.9
2026-05-04 17:19:30,RTM,Cloudy,0.31,7.94,1.4,24.1,80.1
2026-03-15 17:03:17,RTM,Clear,0.35,7.03,0.6,23.1,98.9
2026-05-21 12:39:35,RTM,Clear,0.06,9.54,0.8,26.6,75.2
2026-06-08 10:36:35,RTM,Clear,0.18,8.36,0.8,21.1,71.9
2026-01-20 04:44:53,RTM,Cloudy,0.49,5.52,1.4,23.3,72.6
2026-04-18 07:51:09,RTM,Rain,0.26,6.66,6.6,24.5,56.1
2026-02-17 09:09:25,RTM,Clear,0.34,7.6,0.5,19.9,76.5
2026-06-02 07:07:17,RTM,Clear,0.52,5.22,1.1,26.3,48.5
2026-04-07 19:19:13,RTM,Fog,0.69,4.62,1.0,23.3,68.8
2026-02-05 02:06:34,RTM,Clear,0.15,8.94,1.0,20.9,54.2
2026-04-04 12:53:40,RTM,Clear,0.34,7.1,0.4,23.4,77.7
2026-01-29 13:56:35,RTM,Clear,0.11,8.67,1.2,37.5,61.8
2026-04-04 16:45:04,RTM,Cloudy,0.45,5.61,0.9,22.0,64.6
2026-05-07 12:15:09,RTM,Cloudy,0.53,5.76,0.6,25.3,66.5
2026-03-17 18:55:46,RTM,Clear,0.1,9.13,0.8,20.4,97.1
2026-03-16 08:25:37,RTM,Clear,0.37,6.82,0.8,25.6,66.2
2026-02-10 06:36:38,RTM,Clear,0.37,7.14,0.8,23.4,73.8
2026-04-15 11:15:38,RTM,Clear,0.13,9.34,1.4,27.8,48.0
2026-06-24 23:30:00,RTM,Clear,0.25,7.57,1.4,22.5,65.2
2026-04-29 09:09:07,RTM,Clear,0.4,6.72,1.5,21.6,61.7
2026-04-30 00:06:31,RTM,Clear,0.2,7.84,1.3,22.2,77.8
2026-05-30 12:20:42,RTM,Clear,0.29,8.05,0.2,20.4,55.6
2026-02-18 21:22:57,RTM,Clear,0.25,7.93,0.4,13.3,87.2
2026-03-31 20:49:15,RTM,Clear,0.39,5.8,0.2,27.1,91.5
2026-03-10 17:27:30,RTM,Clear,0.3,6.85,0.3,21.8,82.3
2026-05-27 13:18:11,RTM,Fog,0.83,3.48,0.1,31.7,77.2
2026-01-26 18:57:14,RTM,Rain,0.17,7.53,6.4,22.8,81.1
2026-04-04 18:51:59,RTM,Clear,0.13,9.27,0.9,31.5,81.0
2026-02-23 05:38:13,RTM,Cloudy,0.19,8.78,1.0,23.0,57.3
2026-01-18 03:21:34,RTM,Rain,0.15,6.72,5.2,15.6,34.3
2026-03-13 18:09:33,RTM,Clear,0.05,9.21,0.4,27.9,60.4
2026-03-17 00:37:17,RTM,Clear,0.23,8.87,0.2,28.0,85.5
2026-02-01 02:04:24,RTM,Cloudy,0.31,7.59,0.7,20.3,37.6
2026-01-11 23:01:09,RTM,Fog,1.0,1.66,1.2,25.8,89.8
2026-03-24 22:16:34,RTM,Clear,0.25,7.38,0.2,24.2,46.7
2026-03-09 04:59:31,RTM,Clear,0.33,7.08,1.2,33.3,72.0
2026-05-02 12:24:29,RTM,Clear,0.22,8.16,1.0,31.1,90.4
2026-04-14 06:55:27,RTM,Rain,0.45,4.42,9.8,26.0,73.4
2026-01-14 13:42:55,RTM,Clear,0.16,9.29,1.3,36.1,98.3
2026-03-17 17:31:04,RTM,Clear,0.22,8.26,0.2,25.6,77.6
2026-01-16 06:34:06,RTM,Fog,0.87,2.56,0.0,17.0,56.2
2026-05-09 13:23:57,RTM,Clear,0.47,5.3,0.6,21.6,82.3
2026-01-14 11:47:10,RTM,Cloudy,0.12,9.43,0.7,13.3,30.1
2026-03-18 11:48:19,RTM,Clear,0.11,9.22,1.4,38.0,62.8
2026-05-25 15:58:06,RTM,Clear,0.04,8.8,1.3,15.6,100.0
2026-01-28 19:41:13,RTM,Clear,0.25,7.67,1.2,38.6,88.2
2026-02-27 14:07:12,RTM,Clear,0.31,7.17,0.8,30.4,45.1
2026-04-23 18:49:32,RTM,Clear,0.12,8.68,0.1,33.0,60.8
2026-01-04 05:28:08,RTM,Rain,0.3,6.31,5.6,17.8,91.5
2026-03-23 13:53:03,RTM,Cloudy,0.25,8.43,1.1,31.7,76.0
2026-04-10 15:56:18,RTM,Fog,0.49,5.27,1.0,19.8,59.5
2026-02-07 13:57:55,RTM,Rain,0.44,4.88,4.5,28.5,59.5
2026-01-10 18:20:40,RTM,Clear,0.15,8.95,1.2,18.9,76.8
2026-02-11 14:16:28,RTM,Cloudy,0.49,5.95,0.5,24.4,90.4
2026-04-30 19:42:02,RTM,Fog,0.51,5.65,0.1,9.9,49.0
2026-04-26 11:49:01,RTM,Cloudy,0.24,7.77,0.8,16.4,56.5
2026-01-17 13:56:50,RTM,Clear,0.26,7.35,1.4,35.5,71.5
2026-06-20 15:00:57,RTM,Clear,0.42,6.82,0.9,21.4,84.5
2026-06-28 04:41:45,RTM,Fog,0.57,5.24,0.9,17.5,64.4
2026-04-25 16:27:26,RTM,Clear,0.61,5.0,0.9,24.6,100.0
2026-01-13 09:18:32,RTM,Clear,0.6,4.62,0.4,26.7,90.2
2026-02-12 15:43:35,RTM,Rain,0.06,7.76,12.4,20.1,52.7
2026-02-24 02:54:29,RTM,Clear,0.26,8.3,0.9,34.3,63.4
2026-03-16 00:09:56,RTM,Clear,0.46,6.07,1.5,38.0,53.2
2026-02-13 02:25:28,RTM,Cloudy,0.46,6.3,0.3,27.1,71.5
2026-05-10 08:40:50,RTM,Clear,0.02,9.87,0.7,26.5,47.2
2026-06-28 17:39:45,RTM,Clear,0.23,8.14,0.4,23.1,74.0
2026-02-15 03:30:30,RTM,Clear,0.16,9.15,0.3,24.7,97.7
2026-05-11 07:04:55,RTM,Rain,0.22,7.23,11.4,16.5,36.0
2026-02-04 21:41:28,RTM,Fog,0.73,3.37,0.1,20.5,60.1
2026-05-08 07:00:42,RTM,Clear,0.31,7.67,0.1,19.2,66.1
2026-03-24 19:38:14,RTM,Clear,0.17,9.11,0.4,16.1,30.7
2026-01-19 23:42:57,RTM,Rain,0.07,7.89,10.8,32.0,25.0
2026-05-22 02:32:12,RTM,Cloudy,0.49,5.99,0.3,22.2,59.8
2026-05-01 15:03:13,RTM,Fog,0.71,3.56,0.6,32.9,73.0
2026-02-24 21:24:35,RTM,Clear,0.37,6.77,0.9,23.6,53.3
2026-02-18 10:25:04,RTM,Clear,0.21,8.12,0.4,18.6,84.1
2026-03-09 16:51:01,RTM,Clear,0.73,3.67,1.5,20.3,87.4
2026-01-10 09:01:30,RTM,Fog,0.64,3.63,0.0,26.8,93.4
2026-04-10 16:43:16,RTM,Cloudy,0.16,8.44,0.4,21.1,89.7
2026-05-16 16:42:04,RTM,Cloudy,0.29,8.37,0.8,16.2,50.8
2026-03-18 03:51:56,RTM,Rain,0.1,7.58,13.1,21.9,80.7
2026-03-23 18:19:49,RTM,Cloudy,0.49,5.61,0.5,35.0,95.2
2026-01-11 10:30:15,RTM,Rain,0.11,7.9,5.1,29.0,61.8
2026-05-17 12:30:03,RTM,Cloudy,0.13,8.89,0.3,21.1,80.2
2026-06-19 23:00:59,RTM,Clear,0.79,2.9,0.2,21.7,84.6
2026-02-26 01:22:51,RTM,Clear,0.23,8.13,0.9,25.1,100.0
2026-04-20 12:28:24,RTM,Clear,0.12,8.73,1.4,14.7,66.0
2026-03-08 12:40:59,RTM,Clear,0.12,9.21,0.2,9.9,61.5
2026-03-06 14:21:53,RTM,Clear,0.22,7.31,1.2,22.0,68.0
2026-05-15 18:41:43,RTM,Clear,0.29,7.93,0.6,23.2,79.6
2026-05-24 10:09:09,RTM,Clear,0.51,5.59,0.2,30.3,100.0
2026-01-29 19:58:09,RTM,Rain,0.09,8.59,13.6,32.9,62.1
2026-06-28 20:27:44,RTM,Clear,0.18,9.27,0.3,28.4,83.7
2026-05-08 18:01:31,RTM,Cloudy,0.29,7.65,0.3,25.0,71.7
2026-05-31 13:27:58,RTM,Clear,0.26,7.9,0.4,27.6,79.0
2026-05-21 20:38:38,RTM,Clear,0.22,8.12,0.1,20.7,67.2
2026-05-11 02:22:37,RTM,Clear,0.08,9.64,0.5,26.8,45.0
2026-01-11 21:53:46,RTM,Clear,0.39,6.2,1.0,16.0,66.3
2026-06-09 18:25:58,RTM,Clear,0.08,9.6,0.9,30.2,96.1
2026-01-21 20:27:01,RTM,Clear,0.09,8.82,0.2,17.7,66.9
2026-04-14 02:03:16,RTM,Clear,0.42,6.67,0.5,11.8,53.7
2026-06-14 06:02:16,RTM,Cloudy,0.13,8.9,0.3,23.8,61.3
2026-02-10 17:12:26,RTM,Clear,0.81,3.77,1.4,16.7,43.4
2026-04-11 19:01:08,RTM,Clear,0.55,5.95,1.5,10.2,83.4
2026-01-09 12:39:05,RTM,Clear,0.7,3.71,0.0,31.8,70.4
2026-01-01 11:55:11,RTM,Cloudy,0.36,7.16,1.2,12.2,70.0
2026-04-06 20:21:15,RTM,Cloudy,0.34,6.24,0.7,18.7,83.9
2026-06-22 04:27:41,RTM,Clear,0.04,9.73,0.2,27.2,69.7
2026-02-10 13:25:15,RTM,Rain,0.27,6.9,3.8,8.7,70.5
2026-05-15 14:09:16,RTM,Cloudy,0.37,7.35,1.2,19.0,68.7
2026-06-27 06:48:14,RTM,Fog,0.62,5.12,1.1,23.3,32.7
2026-04-11 14:57:35,RTM,Clear,0.55,5.71,0.3,38.2,53.3
2026-02-09 09:12:02,RTM,Clear,0.17,8.15,1.0,21.1,64.0
2026-02-06 18:01:57,RTM,Cloudy,0.23,7.52,1.3,27.6,88.9
2026-01-17 20:02:45,RTM,Rain,0.12,8.4,8.5,31.9,40.7
2026-02-23 14:48:32,RTM,Clear,0.27,7.87,1.3,20.5,85.1
2026-05-24 04:52:28,RTM,Cloudy,0.38,6.75,1.1,29.9,67.7
2026-05-12 03:40:16,RTM,Clear,0.28,7.36,1.3,25.0,88.3
2026-06-18 02:40:55,RTM,Rain,0.19,7.32,6.1,15.6,68.0
2026-02-15 16:47:07,RTM,Clear,0.5,5.57,1.2,21.6,99.1
2026-05-05 05:52:19,RTM,Fog,0.6,4.56,1.1,34.4,100.0
2026-04-03 03:46:26,RTM,Clear,0.19,8.05,1.1,5.7,20.0
2026-02-14 06:38:58,RTM,Cloudy,0.26,7.54,0.4,26.1,34.4
2026-03-03 01:25:54,RTM,Clear,0.08,9.05,0.7,25.5,28.0
2026-02-22 15:27:10,RTM,Clear,0.1,9.86,0.2,27.0,42.0
2026-05-28 16:38:40,RTM,Fog,0.84,2.68,0.7,7.6,94.5
2026-05-08 05:12:52,RTM,Fog,0.42,5.95,0.3,20.1,46.7
2026-01-04 04:03:20,RTM,Clear,0.09,9.69,0.8,28.7,72.3
2026-01-11 13:33:38,RTM,Clear,0.24,7.79,0.5,17.4,75.9
2026-04-23 21:21:28,RTM,Cloudy,0.43,6.28,1.3,33.4,31.1
2026-01-12 15:01:56,RTM,Clear,0.42,7.0,0.6,11.6,56.1
2026-01-08 14:30:09,RTM,Clear,0.68,3.69,1.2,22.2,60.2
2026-01-10 14:24:14,RTM,Clear,0.32,6.45,0.4,23.6,42.8
2026-03-22 18:17:45,RTM,Clear,0.6,4.46,0.4,28.9,88.1
2026-03-27 19:45:52,RTM,Cloudy,0.43,6.68,1.2,22.0,71.6
2026-02-06 23:16:01,RTM,Fog,0.78,2.91,0.4,23.2,92.0
2026-03-11 00:12:29,RTM,Clear,0.51,5.68,1.3,11.5,60.4
2026-01-22 00:13:27,RTM,Cloudy,0.49,5.98,0.8,20.3,74.1
2026-02-09 10:05:42,RTM,Clear,0.14,8.8,0.7,31.3,47.7
2026-01-20 20:51:46,RTM,Clear,0.34,7.03,0.1,18.9,68.6
2026-06-16 03:22:21,RTM,Clear,0.3,7.98,0.6,21.9,75.1
2026-01-04 14:04:33,RTM,Cloudy,0.3,6.49,0.1,16.1,47.8
2026-02-04 19:08:02,RTM,Fog,0.46,5.7,1.4,33.0,61.8
2026-05-07 22:29:25,RTM,Rain,0.29,6.11,7.9,26.3,64.9
2026-01-30 12:13:43,RTM,Rain,0.15,7.85,3.9,32.3,59.1
2026-03-29 14:36:18,RTM,Cloudy,0.06,9.54,0.8,38.0,76.0
2026-04-26 14:11:21,RTM,Clear,0.27,7.42,1.1,29.6,60.1
2026-02-24 18:07:57,RTM,Clear,0.15,8.43,0.9,15.0,44.1
2026-04-21 07:20:30,RTM,Clear,0.08,9.63,1.5,34.8,61.0
2026-04-25 16:32:00,RTM,Fog,0.63,4.44,0.8,21.5,72.1
2026-04-27 19:22:11,RTM,Clear,0.43,5.35,1.4,35.2,68.7
2026-05-11 16:29:10,RTM,Clear,0.23,7.79,0.3,22.8,64.6
2026-06-18 18:10:57,RTM,Cloudy,0.03,9.35,0.5,18.6,46.7
2026-02-23 21:27:43,RTM,Rain,0.7,2.28,20.1,29.1,100.0
2026-01-13 18:12:48,RTM,Clear,0.09,9.16,1.4,34.2,77.0
2026-06-09 14:50:17,RTM,Rain,0.76,2.26,15.2,21.2,72.4
2026-04-04 13:17:37,RTM,Clear,0.2,8.7,1.0,27.1,97.8
2026-06-18 06:20:37,RTM,Clear,0.37,5.94,1.2,35.5,57.5
2026-02-25 01:39:55,RTM,Clear,0.22,8.22,0.3,29.2,89.6
2026-05-13 00:37:00,RTM,Clear,0.14,9.04,0.2,24.5,69.4
2026-04-09 11:32:48,RTM,Clear,0.26,8.09,0.2,24.3,81.4
2026-06-27 09:13:48,RTM,Cloudy,0.11,8.82,0.4,29.0,58.8
2026-03-04 04:10:34,RTM,Clear,0.49,6.45,1.0,12.8,93.0
2026-03-29 06:22:42,RTM,Clear,0.11,9.64,0.3,28.7,77.4
2026-03-05 18:57:59,RTM,Clear,0.6,5.08,1.2,28.2,70.4
2026-02-02 17:26:50,RTM,Cloudy,0.18,7.83,0.4,33.2,32.9
2026-06-27 10:16:57,RTM,Rain,0.42,4.81,8.6,12.1,96.6
2026-02-19 17:57:35,RTM,Cloudy,0.62,5.01,0.6,35.8,80.9
2026-02-18 20:03:24,RTM,Cloudy,0.5,5.64,0.9,24.3,100.0
2026-03-17 20:03:20,RTM,Cloudy,0.34,7.23,0.7,14.9,81.9
2026-01-05 15:55:25,RTM,Clear,0.45,6.66,1.4,15.6,64.4
2026-06-05 19:27:58,RTM,Clear,0.33,7.89,0.4,22.7,74.6
2026-06-25 10:33:26,RTM,Fog,0.51,6.18,0.3,8.4,75.9
2026-03-14 19:48:06,RTM,Cloudy,0.1,9.37,1.2,24.9,76.6
2026-03-07 09:20:40,RTM,Clear,0.46,5.82,1.2,32.2,77.1
2026-01-21 03:34:52,RTM,Fog,0.79,3.96,1.3,17.4,100.0
2026-03-21 09:57:57,RTM,Clear,0.32,7.03,0.1,21.6,75.3
2026-06-22 06:44:38,RTM,Fog,0.73,4.95,0.2,21.3,74.3
2026-01-31 02:56:05,RTM,Clear,0.17,8.48,0.6,14.5,57.5
2026-01-15 10:19:25,RTM,Clear,0.34,6.81,1.3,31.9,89.8
2026-02-18 00:09:27,RTM,Rain,0.3,6.13,14.6,34.3,71.0
2026-01-25 15:49:28,RTM,Clear,0.17,8.17,0.6,27.5,43.5
2026-01-03 23:40:27,RTM,Fog,0.43,6.35,0.0,31.4,38.6
2026-01-28 14:59:27,RTM,Cloudy,0.33,7.17,0.1,35.1,62.7
2026-06-12 23:43:08,RTM,Clear,0.2,8.66,0.1,28.4,36.4
2026-02-23 04:06:18,RTM,Clear,0.68,4.17,1.3,21.5,61.1
2026-04-24 04:04:51,RTM,Clear,0.26,8.49,0.9,30.6,92.6
2026-03-30 03:31:16,RTM,Cloudy,0.14,8.89,0.5,27.7,48.0
2026-01-27 07:30:21,RTM,Clear,0.47,5.13,0.5,26.1,94.0
2026-01-28 11:14:39,RTM,Clear,0.51,5.87,0.1,22.4,59.2
2026-05-30 10:35:07,RTM,Cloudy,0.57,6.09,1.2,28.5,97.4
2026-01-29 11:01:57,RTM,Clear,0.22,7.18,0.9,30.4,86.0
2026-04-27 11:06:40,RTM,Fog,0.46,6.47,1.0,17.7,75.6
2026-05-09 11:21:28,RTM,Fog,0.45,6.65,0.0,27.9,93.9
2026-06-29 08:59:28,RTM,Clear,0.27,8.11,1.2,36.1,53.3
2026-03-11 10:21:05,RTM,Clear,0.29,7.51,0.7,18.4,72.0
2026-02-08 11:51:11,RTM,Clear,0.17,8.29,0.7,21.3,99.0
2026-02-24 16:50:54,RTM,Cloudy,0.27,8.01,1.4,13.4,60.1
2026-02-09 11:54:00,RTM,Cloudy,0.27,8.35,0.9,22.8,82.2
2026-05-04 12:03:25,RTM,Clear,0.47,6.08,0.9,19.8,55.8
2026-03-05 14:34:27,RTM,Rain,0.33,5.74,0.4,18.6,46.8
2026-05-12 04:34:16,RTM,Clear,0.44,6.35,0.9,22.6,97.6
2026-01-13 07:48:39,RTM,Fog,0.56,6.4,1.0,25.0,61.9
2026-04-20 04:30:23,RTM,Clear,0.49,5.24,0.1,21.6,89.0
2026-03-27 11:09:34,RTM,Clear,0.47,5.74,1.0,18.8,94.9
2026-03-17 00:53:47,RTM,Cloudy,0.58,5.47,0.9,21.4,56.3
2026-02-18 03:54:56,RTM,Cloudy,0.6,5.13,1.2,22.9,48.3
2026-03-18 16:06:10,RTM,Rain,0.57,4.27,2.2,19.6,80.0
2026-02-19 18:24:56,RTM,Cloudy,0.41,7.08,0.9,34.8,82.1
2026-04-15 21:21:17,RTM,Fog,0.88,3.5,1.0,20.9,57.5
2026-06-15 06:13:16,RTM,Fog,0.61,4.9,0.9,24.6,84.4
2026-02-18 03:32:28,RTM,Cloudy,0.35,7.27,1.0,25.8,78.2
2026-06-13 22:19:11,RTM,Clear,0.14,8.12,1.0,24.6,41.7
2026-05-24 01:38:49,RTM,Clear,0.25,7.48,1.1,34.1,45.5
2026-02-25 08:50:59,RTM,Cloudy,0.23,8.69,1.3,36.2,50.5
2026-06-10 12:20:14,RTM,Cloudy,0.22,8.79,0.8,12.7,53.1
2026-02-28 10:08:45,RTM,Rain,0.17,7.39,7.8,22.7,56.6
2026-04-29 05:36:29,RTM,Clear,0.16,8.56,0.2,35.0,91.3
2026-05-09 20:45:32,RTM,Cloudy,0.3,7.37,1.0,20.4,87.4
2026-01-23 05:12:10,RTM,Cloudy,0.28,7.35,0.7,24.6,100.0
2026-04-14 19:52:53,RTM,Rain,0.44,4.81,3.2,22.7,44.3
2026-06-12 08:09:12,RTM,Fog,0.93,1.82,1.0,13.1,94.7
2026-03-20 05:45:19,RTM,Clear,0.19,7.99,0.3,18.5,55.6
2026-03-28 03:43:09,RTM,Clear,0.36,6.81,1.0,31.3,95.0
2026-02-23 12:54:27,RTM,Clear,0.56,4.99,1.1,36.8,80.2
2026-05-01 14:20:07,RTM,Cloudy,0.24,8.56,0.1,20.2,78.2
2026-01-30 06:22:38,RTM,Clear,0.2,7.12,0.6,24.1,51.9
2026-03-09 22:42:45,RTM,Cloudy,0.22,7.84,1.1,21.7,84.5
2026-03-13 02:17:59,RTM,Clear,0.56,5.1,0.2,20.3,66.7
2026-06-22 15:45:44,RTM,Clear,0.33,7.55,0.2,10.8,62.5
2026-01-20 14:41:46,RTM,Cloudy,0.26,8.01,1.0,18.2,98.4
2026-01-14 01:43:26,RTM,Clear,0.18,8.46,0.4,14.7,49.1
2026-02-08 18:15:16,RTM,Cloudy,0.33,6.98,1.0,33.0,62.5
2026-02-20 05:49:47,RTM,Fog,0.83,2.25,0.5,14.0,80.8
2026-04-24 22:14:51,RTM,Cloudy,0.26,7.36,0.6,22.8,56.4
2026-03-03 13:12:49,RTM,Cloudy,0.24,7.31,1.3,23.7,62.4
2026-02-19 14:28:48,RTM,Clear,0.24,8.81,0.8,23.3,61.8
2026-03-27 19:09:12,RTM,Clear,0.6,5.49,0.7,18.8,85.0
2026-02-23 00:04:11,RTM,Fog,0.52,5.6,0.5,42.2,78.0
2026-01-06 00:35:58,RTM,Clear,0.45,6.17,1.3,18.9,82.4
2026-04-24 00:18:26,RTM,Clear,0.03,8.97,1.3,22.4,92.5
2026-06-26 03:45:49,RTM,Clear,0.66,4.2,0.2,23.4,72.6
2026-05-02 09:50:55,RTM,Clear,0.33,6.98,1.2,38.6,70.6
2026-01-20 00:16:17,RTM,Rain,0.07,8.23,16.3,20.6,70.2
2026-06-27 07:19:44,RTM,Clear,0.59,4.78,0.1,22.3,75.9
2026-05-28 21:15:29,RTM,Clear,0.35,7.34,1.1,21.1,69.5
2026-02-27 16:44:04,RTM,Clear,0.43,6.64,0.9,18.8,82.0
2026-03-01 06:37:18,RTM,Rain,0.05,8.7,4.3,35.3,71.1
2026-05-31 04:46:58,RTM,Rain,0.52,4.5,15.6,21.0,53.0
2026-03-07 14:21:22,RTM,Rain,0.25,6.71,6.5,24.4,53.2
2026-02-14 12:09:20,RTM,Clear,0.25,7.59,1.0,15.1,77.6
2026-06-27 03:13:40,RTM,Clear,0.57,5.59,1.1,36.6,87.6
2026-05-13 12:10:41,RTM,Clear,0.51,5.71,1.2,28.6,98.0
2026-06-14 10:54:51,RTM,Clear,0.44,7.05,0.9,29.2,78.1
2026-02-06 19:18:44,RTM,Clear,0.26,8.41,0.9,11.7,60.8
2026-06-24 22:42:24,RTM,Rain,0.21,7.56,0.7,31.7,70.9
2026-01-23 14:19:02,RTM,Clear,0.19,7.41,0.6,33.7,81.7
2026-02-07 17:40:41,RTM,Rain,0.47,4.75,10.1,20.8,51.8
2026-03-24 03:05:26,RTM,Clear,0.32,6.36,0.7,21.7,33.1
2026-06-23 13:54:21,RTM,Fog,0.79,3.39,0.5,28.2,88.1
2026-03-21 08:01:50,RTM,Fog,0.8,3.09,0.9,28.7,60.8
2026-06-11 13:28:43,RTM,Cloudy,0.29,6.9,1.0,28.4,72.3
2026-04-26 07:19:34,RTM,Clear,0.14,8.76,0.7,23.5,74.9
2026-02-06 03:37:01,RTM,Rain,0.41,5.45,10.2,21.3,70.0
2026-06-14 12:28:59,RTM,Clear,0.41,6.55,1.4,41.1,75.8
2026-04-03 03:36:56,RTM,Fog,0.9,2.04,0.1,31.1,63.8
2026-01-02 21:25:58,RTM,Clear,0.13,9.45,0.6,33.1,53.4
2026-04-14 19:29:33,RTM,Clear,0.1,9.33,1.0,25.5,56.9
2026-04-17 05:47:34,RTM,Clear,0.19,7.98,0.8,23.6,48.0
2026-03-28 21:43:15,RTM,Clear,0.12,9.07,0.9,9.4,37.5
2026-03-17 12:13:31,RTM,Fog,0.7,4.39,1.2,22.1,85.9
2026-01-06 09:22:14,RTM,Cloudy,0.24,8.48,1.4,15.4,93.7
2026-06-19 09:03:08,RTM,Clear,0.26,8.06,0.7,31.3,35.7
2026-03-16 18:47:34,RTM,Cloudy,0.26,8.36,0.4,21.9,80.8
2026-06-23 19:35:07,RTM,Clear,0.52,6.41,0.0,30.2,95.2
2026-01-17 09:33:02,RTM,Clear,0.19,8.38,1.4,22.1,41.9
2026-06-09 14:03:33,RTM,Clear,0.18,8.65,1.5,32.5,80.7
2026-01-27 21:51:55,RTM,Cloudy,0.28,7.98,0.7,21.1,43.1
2026-02-15 00:42:41,RTM,Rain,0.43,4.72,3.8,23.5,67.0
2026-05-18 14:58:20,RTM,Clear,0.03,9.75,0.2,22.1,88.1
2026-03-28 20:21:47,RTM,Clear,0.32,7.9,0.7,39.0,64.3
2026-06-22 00:21:02,RTM,Clear,0.06,9.52,0.1,34.8,53.5
2026-03-20 22:41:43,RTM,Fog,0.51,5.48,1.4,12.8,60.8
2026-05-04 19:40:59,RTM,Clear,0.2,8.92,0.5,12.6,61.7
2026-05-23 19:48:18,RTM,Clear,0.09,10.38,1.0,23.3,81.5
2026-02-13 11:06:26,RTM,Clear,0.44,6.55,0.1,22.2,70.0
2026-06-12 01:17:47,RTM,Fog,0.64,4.49,1.4,30.3,86.4
2026-06-20 15:45:13,RTM,Cloudy,0.21,7.78,1.4,21.8,84.0
2026-01-08 08:01:45,RTM,Clear,0.38,6.81,0.6,24.7,70.4
2026-01-24 05:10:52,RTM,Clear,0.49,4.96,1.4,34.8,89.5
2026-05-31 05:32:55,RTM,Clear,0.68,4.38,0.4,25.6,100.0
2026-01-21 20:05:11,RTM,Clear,0.08,9.48,0.0,29.0,49.9
2026-04-23 08:51:23,RTM,Clear,0.24,8.25,0.6,17.9,44.6
2026-05-16 16:37:37,RTM,Rain,0.39,5.92,1.1,31.7,31.1
2026-03-20 15:31:14,RTM,Clear,0.14,8.35,1.2,34.1,66.5
2026-01-17 05:18:00,RTM,Clear,0.47,6.01,1.3,26.3,66.7
2026-05-20 00:18:04,RTM,Clear,0.28,7.62,0.1,28.5,64.8
2026-05-23 05:14:53,RTM,Clear,0.39,7.19,0.5,18.3,69.8
2026-06-03 07:34:23,RTM,Rain,0.21,6.6,7.9,15.4,38.8
2026-04-27 02:37:22,RTM,Clear,0.37,7.1,1.4,8.6,42.5
2026-05-16 23:58:27,RTM,Cloudy,0.15,8.26,1.3,36.9,52.7
2026-03-09 21:59:31,RTM,Rain,0.15,6.8,6.8,22.0,62.5
2026-01-19 19:35:58,RTM,Clear,0.19,7.86,1.0,17.0,50.9
2026-04-06 15:51:09,RTM,Clear,0.18,8.95,1.0,19.5,87.5
2026-05-19 17:28:48,RTM,Clear,0.25,8.59,1.4,31.0,46.1
2026-01-15 10:07:32,RTM,Cloudy,0.16,8.48,0.8,20.5,82.7
2026-01-22 02:50:30,RTM,Cloudy,0.23,7.77,1.3,36.6,92.2
2026-04-01 06:50:30,RTM,Clear,0.43,6.55,1.5,21.5,76.8
2026-06-08 17:16:32,RTM,Rain,0.35,5.27,14.6,15.5,61.4
2026-05-29 20:59:50,RTM,Fog,0.41,6.89,1.3,13.0,50.1
2026-03-27 07:34:06,RTM,Clear,0.14,8.49,0.7,26.3,62.1
2026-01-24 15:05:37,RTM,Clear,0.05,10.15,0.5,28.7,56.5
2026-04-07 23:17:06,RTM,Clear,0.52,6.77,1.1,29.3,82.8
2026-03-22 06:42:58,RTM,Fog,0.64,4.19,0.5,16.1,40.7
2026-06-29 22:28:57,RTM,Clear,0.22,8.35,1.3,31.1,53.9
2026-04-11 03:01:24,RTM,Cloudy,0.11,9.92,0.8,24.7,56.1
2026-06-14 04:26:39,RTM,Clear,0.46,6.05,1.3,25.5,48.9
2026-01-23 13:08:31,RTM,Clear,0.47,6.18,1.5,8.7,56.0
2026-02-11 10:39:14,RTM,Cloudy,0.09,9.76,1.3,31.2,70.0
2026-02-10 11:11:15,RTM,Clear,0.32,8.08,1.0,22.5,58.1
2026-02-04 15:45:28,RTM,Cloudy,0.51,4.9,0.1,32.2,66.6
2026-02-06 07:41:04,RTM,Clear,0.59,5.35,0.5,15.0,57.2
2026-02-23 09:23:18,RTM,Fog,0.71,3.96,1.0,34.3,95.8
2026-02-10 00:22:38,RTM,Clear,0.15,9.12,1.3,20.1,51.2
2026-03-14 09:41:54,RTM,Cloudy,0.53,5.44,0.3,21.4,100.0
2026-06-02 19:22:55,RTM,Fog,0.76,3.69,1.2,28.8,59.9
2026-06-24 01:20:07,RTM,Clear,0.21,8.62,1.3,1.5,79.5
2026-04-15 23:36:34,RTM,Clear,0.18,8.07,0.3,27.9,47.0
2026-04-11 19:55:12,RTM,Clear,0.45,5.25,1.3,35.7,51.1
2026-06-14 22:20:46,RTM,Clear,0.43,6.24,1.4,31.6,44.9
2026-01-15 06:47:06,RTM,Fog,0.58,4.82,0.6,28.4,67.6
2026-04-09 00:43:26,RTM,Clear,0.14,9.8,1.3,28.7,79.8
2026-05-12 02:34:03,RTM,Clear,0.3,7.78,1.4,19.5,68.7
2026-01-20 23:34:35,RTM,Clear,0.33,7.12,1.2,33.9,77.9
2026-03-09 19:47:27,RTM,Cloudy,0.13,8.47,0.6,25.3,54.5
2026-02-02 23:32:42,RTM,Fog,0.45,6.12,1.1,31.0,53.3
2026-04-19 13:50:39,RTM,Fog,0.56,4.6,1.2,34.6,81.2
2026-06-28 08:48:13,RTM,Clear,0.2,8.05,1.3,20.3,48.1
2026-06-28 23:16:36,RTM,Fog,0.68,3.38,0.0,20.1,61.1
2026-01-07 17:46:36,RTM,Rain,0.29,5.86,7.5,31.1,95.1
2026-01-28 13:00:51,RTM,Rain,0.2,7.03,4.4,23.4,70.1
2026-03-10 17:41:49,RTM,Rain,0.26,6.41,14.6,27.2,64.9
2026-04-14 20:08:23,RTM,Fog,0.6,4.72,0.0,31.4,82.1
2026-01-08 16:29:55,RTM,Cloudy,0.29,7.44,0.5,25.4,83.0
2026-02-05 17:15:17,RTM,Clear,0.6,4.88,1.3,14.5,72.1
2026-04-16 07:29:53,RTM,Rain,0.13,7.47,10.9,24.3,50.2
2026-05-06 11:03:32,RTM,Cloudy,0.35,7.55,0.5,14.5,70.2
2026-05-25 00:03:12,RTM,Clear,0.29,6.93,0.1,26.5,90.9
2026-03-31 04:34:42,RTM,Clear,0.45,5.1,0.6,21.3,63.3
2026-03-16 03:35:13,RTM,Clear,0.26,8.04,1.2,23.6,62.5
2026-01-31 03:40:29,RTM,Rain,0.31,7.11,10.1,37.5,52.9
2026-03-07 21:56:17,RTM,Rain,0.13,7.1,20.8,20.6,62.4
2026-01-29 22:11:01,RTM,Clear,0.26,7.12,0.6,20.8,66.5
2026-03-04 02:09:32,RTM,Clear,0.39,7.39,0.6,38.8,20.0
2026-02-04 07:06:07,RTM,Clear,0.17,8.57,0.5,43.6,44.7
2026-06-25 21:54:36,RTM,Rain,0.24,7.01,3.9,11.2,56.5
2026-05-22 22:47:58,RTM,Clear,0.49,5.69,1.5,24.2,66.2
2026-01-04 14:33:14,RTM,Clear,0.29,7.91,0.9,25.5,58.9
2026-03-01 09:22:30,RTM,Clear,0.21,9.02,1.0,21.4,54.1
2026-01-25 23:57:21,RTM,Clear,0.67,4.2,0.9,21.6,100.0
2026-03-18 00:57:18,RTM,Rain,0.57,3.94,12.3,36.7,86.0
2026-01-20 20:13:56,RTM,Cloudy,0.15,9.16,1.0,34.3,64.4
2026-03-05 20:57:41,RTM,Cloudy,0.29,7.28,0.8,31.8,89.3
2026-05-05 06:18:24,RTM,Cloudy,0.15,7.95,0.6,24.6,30.5
2026-06-11 08:34:50,RTM,Clear,0.36,6.64,1.3,23.8,65.1
2026-02-17 18:13:35,RTM,Cloudy,0.19,7.56,1.0,24.0,60.7
2026-05-15 04:34:07,RTM,Clear,0.25,7.22,0.1,28.9,82.1
2026-01-02 17:44:15,RTM,Clear,0.31,7.27,0.6,22.2,50.8
2026-06-22 07:09:51,RTM,Rain,0.27,7.19,12.0,24.5,45.2
2026-05-21 09:25:30,RTM,Clear,0.04,9.56,0.8,13.9,51.7
2026-05-19 23:22:11,RTM,Cloudy,0.22,8.01,0.9,18.2,42.1
2026-01-17 21:40:42,RTM,Clear,0.17,8.33,0.3,24.2,82.7
2026-06-24 13:46:13,RTM,Fog,0.59,5.65,0.4,31.0,20.0
2026-01-11 08:20:29,RTM,Cloudy,0.28,7.54,0.8,26.6,58.9
2026-05-25 14:01:47,RTM,Clear,0.21,8.11,0.3,2.7,64.4
2026-03-12 14:11:12,RTM,Cloudy,0.34,6.6,0.9,31.1,59.6
2026-05-31 14:43:28,RTM,Rain,0.75,2.1,11.6,22.7,86.3
2026-04-16 23:25:38,RTM,Clear,0.37,6.76,0.9,12.5,66.5
2026-02-22 11:12:56,RTM,Clear,0.45,6.06,0.6,25.0,48.5
2026-06-08 05:00:44,RTM,Clear,0.39,6.61,0.0,26.6,95.0
2026-03-09 02:21:14,RTM,Cloudy,0.81,3.72,0.5,15.7,59.0
2026-05-14 22:19:01,RTM,Clear,0.4,6.51,0.0,18.2,67.5
2026-04-11 17:53:55,RTM,Clear,0.07,9.57,1.0,32.6,60.8
2026-05-24 12:40:23,RTM,Clear,0.43,5.62,0.1,38.5,75.1
2026-03-30 18:41:37,RTM,Fog,0.77,4.5,0.2,23.2,63.3
2026-04-21 07:04:25,RTM,Clear,0.06,9.37,0.3,26.8,54.7
2026-05-23 03:52:07,RTM,Cloudy,0.28,6.69,0.8,24.8,75.7
2026-03-21 06:55:02,RTM,Clear,0.14,8.49,0.4,22.0,60.2
2026-06-01 17:33:18,RTM,Cloudy,0.56,5.75,0.7,30.1,77.6
2026-04-12 19:04:56,RTM,Cloudy,0.57,5.33,0.2,19.8,70.4
2026-02-04 03:40:29,RTM,Clear,0.43,6.79,0.5,22.6,62.4
2026-04-04 21:22:17,RTM,Rain,0.25,6.6,18.4,15.1,62.1
2026-01-09 10:14:04,RTM,Clear,0.19,8.26,1.1,23.8,68.9
2026-03-13 10:54:18,RTM,Cloudy,0.25,8.41,1.5,25.4,60.2
2026-01-17 18:49:44,RTM,Clear,0.24,8.6,1.1,34.0,43.0
2026-03-11 22:14:45,RTM,Clear,0.12,8.95,0.5,24.7,50.6
2026-06-25 14:54:59,RTM,Clear,0.11,9.58,0.2,26.2,40.3
2026-05-13 07:17:55,RTM,Clear,0.1,9.11,0.1,20.2,60.0
2026-06-10 09:57:27,RTM,Rain,0.04,9.33,2.9,31.9,99.7
2026-01-15 01:29:26,RTM,Rain,0.31,6.56,11.8,11.2,70.9
2026-06-09 00:21:29,RTM,Clear,0.31,7.9,0.6,20.9,99.1
2026-03-16 03:21:36,RTM,Clear,0.51,5.98,1.4,20.8,68.6
2026-05-30 02:27:17,RTM,Cloudy,0.45,6.03,0.7,30.7,100.0
2026-02-23 09:07:39,RTM,Clear,0.52,5.15,0.7,41.9,87.9
2026-04-21 03:33:53,RTM,Cloudy,0.19,8.47,0.2,21.6,49.7
2026-01-09 21:16:22,RTM,Clear,0.46,6.24,1.3,11.4,43.9
2026-03-23 10:36:03,RTM,Clear,0.39,5.61,0.6,39.6,82.5
2026-03-11 13:16:28,RTM,Clear,0.1,9.33,0.2,32.4,39.0
2026-04-01 18:19:18,RTM,Clear,0.37,6.4,1.4,12.3,57.6
2026-05-22 06:02:07,RTM,Fog,0.53,4.7,1.0,22.2,57.4
2026-03-09 08:00:20,RTM,Clear,0.48,5.71,1.2,25.0,34.1
2026-04-22 01:30:42,RTM,Fog,0.52,6.04,0.7,18.4,71.2
2026-06-24 02:11:51,RTM,Rain,0.28,7.6,6.9,21.5,60.6
2026-03-04 14:27:08,RTM,Clear,0.08,9.1,0.3,20.2,55.9
2026-06-22 14:36:11,RTM,Cloudy,0.52,6.38,0.6,27.5,56.9
2026-02-28 08:55:53,RTM,Clear,0.51,4.57,0.8,16.8,41.5
2026-01-31 14:12:40,RTM,Clear,0.19,8.68,0.6,32.7,40.4
2026-06-19 09:16:17,RTM,Cloudy,0.3,6.86,0.5,11.9,57.4
2026-01-10 08:04:59,RTM,Clear,0.16,8.26,0.5,24.9,76.5
2026-04-22 00:06:15,RTM,Clear,0.09,9.47,0.1,10.3,37.5
2026-01-14 07:28:51,RTM,Clear,0.37,7.08,0.8,26.8,73.7
2026-04-27 14:18:00,RTM,Rain,0.14,7.93,13.2,32.9,56.1
2026-05-24 13:39:40,RTM,Clear,0.39,6.33,0.7,34.5,83.9
2026-06-22 14:58:59,RTM,Cloudy,0.16,8.89,0.4,24.2,57.6
2026-03-20 19:40:57,RTM,Cloudy,0.21,7.65,1.2,31.2,76.8
2026-01-01 12:49:02,RTM,Cloudy,0.07,9.3,0.1,23.2,87.6
2026-03-22 08:00:53,RTM,Fog,0.88,1.83,0.9,23.1,75.6
2026-06-16 15:16:14,RTM,Clear,0.16,8.64,0.9,36.0,62.8
2026-02-26 20:21:04,RTM,Clear,0.14,8.55,1.4,28.6,59.7
2026-01-13 13:23:58,RTM,Clear,0.2,8.98,1.5,22.7,43.4
2026-05-10 00:48:32,RTM,Clear,0.39,6.57,0.5,30.1,72.2
2026-06-30 01:18:37,RTM,Clear,0.28,7.13,0.2,34.8,60.3
2026-03-16 06:05:51,RTM,Rain,0.41,4.34,7.3,29.3,48.5
2026-02-21 06:13:30,RTM,Rain,0.24,7.47,13.6,31.9,96.5
2026-02-11 11:47:48,RTM,Fog,0.78,3.92,1.1,40.2,67.4
2026-06-25 14:17:04,RTM,Rain,0.12,7.48,9.5,24.9,39.2
2026-01-29 09:50:30,RTM,Clear,0.02,8.74,0.0,30.5,67.1
2026-05-21 00:35:53,RTM,Clear,0.11,9.84,0.8,26.4,66.0
2026-06-24 20:43:19,RTM,Clear,0.41,6.42,0.0,19.1,52.8
2026-06-28 14:04:28,RTM,Fog,0.86,1.63,0.9,15.6,83.4
2026-04-01 05:20:19,RTM,Clear,0.07,9.42,0.1,22.0,61.7
2026-01-13 17:24:47,RTM,Clear,0.22,8.5,0.9,36.3,75.7
2026-05-31 06:35:26,RTM,Cloudy,0.12,9.4,0.5,29.1,63.6
2026-01-04 01:04:58,RTM,Clear,0.05,9.68,0.9,24.0,55.8
2026-02-05 01:40:34,RTM,Fog,0.46,5.97,0.8,28.0,91.1
2026-01-29 14:32:43,RTM,Clear,0.42,6.57,1.4,26.1,83.5
2026-02-28 00:45:03,RTM,Fog,0.6,5.39,0.8,34.2,69.0
2026-06-26 15:02:02,RTM,Cloudy,0.27,7.57,1.2,31.3,65.4
2026-03-16 21:17:21,RTM,Clear,0.26,8.03,0.1,14.5,46.3
2026-02-10 18:35:53,RTM,Cloudy,0.19,7.79,0.7,28.4,46.8
2026-06-19 07:40:03,RTM,Clear,0.64,4.41,0.2,30.3,78.6
2026-02-23 06:26:26,RTM,Clear,0.15,8.93,1.3,12.1,72.2
2026-02-13 20:14:32,RTM,Rain,0.1,8.68,8.3,20.3,53.9
2026-02-11 09:03:41,RTM,Clear,0.21,9.12,0.8,13.6,58.6
2026-03-03 01:00:29,RTM,Clear,0.08,8.78,1.0,18.8,61.2
2026-06-20 07:40:38,RTM,Clear,0.14,9.45,1.2,25.6,62.0
2026-03-08 23:51:07,RTM,Clear,0.09,8.94,1.3,29.3,20.0
2026-04-21 12:39:31,RTM,Clear,0.21,8.84,0.4,36.5,63.9
2026-06-15 18:34:41,RTM,Clear,0.24,7.24,0.4,8.8,76.6
2026-05-03 17:42:16,RTM,Clear,0.45,6.01,0.4,12.3,51.8
2026-01-13 08:46:37,RTM,Clear,0.13,8.94,0.1,34.0,100.0
2026-04-07 06:51:17,RTM,Cloudy,0.1,9.25,0.9,17.2,87.1
2026-02-11 04:21:02,RTM,Clear,0.28,7.66,1.2,29.2,49.8
2026-01-04 00:01:17,RTM,Cloudy,0.23,8.85,0.2,34.2,75.6
2026-01-13 04:53:52,RTM,Fog,0.62,4.0,1.2,19.9,78.5
2026-04-14 21:27:12,RTM,Clear,0.25,7.29,0.3,11.4,61.2
2026-05-12 08:30:31,RTM,Fog,0.74,3.8,0.9,22.6,59.1
2026-05-25 09:37:57,RTM,Clear,0.36,7.24,0.7,24.0,34.3
2026-05-27 20:49:43,RTM,Fog,0.49,5.15,0.8,20.6,90.5
2026-05-18 05:06:05,RTM,Clear,0.1,9.39,1.2,36.5,100.0
2026-01-12 15:29:27,RTM,Clear,0.43,6.67,1.3,27.6,60.3
2026-03-31 13:11:23,RTM,Rain,0.7,3.51,7.5,31.0,68.0
2026-04-14 13:27:52,RTM,Clear,0.08,9.64,1.2,35.4,51.8
2026-04-16 16:53:16,RTM,Rain,0.43,4.72,8.7,10.8,49.4
2026-05-15 15:26:50,RTM,Clear,0.32,7.24,0.4,9.6,54.3
2026-05-29 21:17:31,RTM,Rain,0.29,6.24,9.2,10.4,64.5
2026-03-25 06:17:33,RTM,Fog,0.62,5.33,0.3,27.6,60.3
2026-05-28 11:03:13,RTM,Clear,0.36,7.65,1.4,34.6,58.8
2026-06-13 03:36:01,RTM,Fog,0.88,2.44,1.3,33.3,61.5
2026-02-28 02:56:46,RTM,Clear,0.52,5.11,0.0,27.9,87.7
2026-02-03 20:07:21,RTM,Clear,0.16,8.43,0.8,22.2,85.6
2026-01-11 22:53:32,RTM,Clear,0.46,6.63,0.1,22.4,67.1
2026-05-05 19:26:42,RTM,Cloudy,0.25,7.55,0.5,22.7,77.5
2026-04-27 06:02:53,RTM,Clear,0.07,8.56,1.1,24.9,50.2
2026-05-11 07:23:11,RTM,Clear,0.23,7.69,1.4,26.5,49.6
2026-01-31 07:46:38,RTM,Clear,0.26,7.84,0.0,17.0,76.1
2026-05-31 13:58:26,RTM,Clear,0.3,7.68,1.2,17.4,92.7
2026-04-24 07:40:24,RTM,Cloudy,0.17,8.28,0.5,8.6,58.4
2026-04-17 18:01:43,RTM,Clear,0.19,8.68,0.8,27.8,53.4
2026-01-14 21:14:28,RTM,Clear,0.34,7.34,1.0,27.8,72.9
2026-01-02 02:53:23,RTM,Clear,0.61,4.78,1.4,31.9,57.7
2026-05-10 13:38:14,RTM,Fog,0.58,6.13,1.4,27.0,72.4
2026-05-19 13:48:08,RTM,Clear,0.5,4.65,1.1,13.1,69.3
2026-03-08 13:00:32,RTM,Clear,0.22,7.86,0.5,31.8,54.5
2026-05-13 21:19:22,RTM,Fog,0.86,2.61,1.5,39.7,74.6
2026-06-07 20:21:24,RTM,Clear,0.41,6.97,0.1,28.9,58.2
2026-01-16 07:46:19,RTM,Rain,0.37,6.25,4.0,32.6,63.0
2026-02-14 09:23:31,RTM,Clear,0.37,7.2,0.9,36.4,63.2
2026-06-06 00:15:15,RTM,Clear,0.37,7.0,1.2,29.0,72.5
2026-03-24 10:54:04,RTM,Fog,0.41,6.57,0.0,28.2,89.3
2026-06-27 13:40:30,RTM,Cloudy,0.21,9.06,0.3,24.0,52.1
2026-03-26 05:59:48,RTM,Clear,0.19,8.26,0.4,18.1,56.9
2026-03-26 04:11:14,RTM,Clear,0.17,8.88,0.5,27.0,58.7
2026-06-29 15:58:34,RTM,Fog,0.45,5.86,1.0,14.8,86.3
2026-05-27 18:44:21,RTM,Fog,0.45,6.08,1.1,23.8,72.1
2026-02-27 23:58:12,RTM,Clear,0.45,6.49,1.1,31.7,37.1
2026-03-09 12:27:28,RTM,Cloudy,0.39,6.3,1.2,29.6,70.4
2026-04-19 15:42:12,RTM,Cloudy,0.16,7.73,0.5,12.2,76.2
2026-03-27 23:53:01,RTM,Clear,0.44,7.16,1.1,35.6,88.7
2026-04-17 15:09:45,RTM,Cloudy,0.11,8.92,1.3,24.5,73.0
2026-04-18 17:47:13,RTM,Fog,0.43,6.67,0.9,22.0,70.6
2026-06-12 21:11:49,RTM,Cloudy,0.11,9.2,0.9,19.8,79.0
2026-02-20 21:17:57,RTM,Fog,0.84,3.14,1.2,36.1,57.5
2026-04-20 09:03:18,RTM,Clear,0.41,6.4,0.7,19.7,46.7
2026-04-30 09:03:43,RTM,Clear,0.17,8.99,1.4,11.7,49.4
2026-04-01 18:05:15,RTM,Clear,0.11,8.69,1.2,27.2,84.9
2026-06-29 14:40:20,RTM,Clear,0.11,9.54,0.1,17.1,71.2
2026-05-05 17:40:08,RTM,Rain,0.04,8.42,4.3,22.8,59.9
2026-01-05 01:59:56,RTM,Clear,0.46,6.66,0.4,23.5,93.3
2026-06-23 06:04:42,RTM,Fog,0.59,5.13,1.1,13.6,54.0
2026-02-14 18:26:23,RTM,Cloudy,0.65,4.72,1.4,23.7,62.6
2026-04-06 15:56:38,RTM,Clear,0.32,6.73,0.2,24.4,45.0
2026-05-04 01:03:02,RTM,Clear,0.23,8.42,1.4,12.3,33.9
2026-03-11 01:04:37,RTM,Clear,0.1,9.18,1.4,22.4,60.4
2026-05-13 06:52:52,RTM,Clear,0.39,6.42,0.7,23.3,89.1
2026-02-03 19:42:22,RTM,Cloudy,0.07,9.22,0.1,19.6,40.6
2026-05-03 08:58:40,RTM,Clear,0.09,10.01,1.4,6.8,76.8
2026-06-10 02:20:07,RTM,Clear,0.28,8.1,0.3,13.3,60.6
2026-01-07 03:39:34,RTM,Fog,0.98,1.72,0.0,22.9,94.8
2026-04-22 18:25:27,RTM,Fog,0.71,4.26,1.2,36.0,82.5
2026-03-08 14:28:35,RTM,Clear,0.28,6.36,0.5,18.6,43.5
2026-06-07 12:00:49,RTM,Rain,0.09,8.08,1.3,19.1,64.5
2026-01-11 20:26:08,RTM,Cloudy,0.24,6.87,0.1,17.9,78.4
2026-02-10 16:02:48,RTM,Rain,0.31,6.03,2.1,14.0,64.9
2026-03-02 09:30:20,RTM,Clear,0.11,9.21,0.4,26.0,100.0
2026-06-28 00:48:56,RTM,Clear,0.16,8.46,1.0,39.5,47.6
2026-03-06 06:48:34,RTM,Clear,0.12,10.04,0.2,7.1,80.5
2026-03-28 01:47:59,RTM,Clear,0.46,5.49,0.5,16.4,88.7
2026-01-18 03:11:27,RTM,Rain,0.24,5.96,10.2,25.1,58.0
2026-03-27 01:31:03,RTM,Clear,0.28,8.05,0.7,24.8,77.3
2026-03-29 12:55:26,RTM,Rain,0.35,5.53,12.1,9.6,84.1
2026-05-31 02:12:40,RTM,Cloudy,0.07,9.18,1.5,34.0,71.7
2026-02-02 23:59:18,RTM,Clear,0.12,8.4,0.5,30.4,46.1
2026-05-06 14:51:04,RTM,Rain,0.25,6.41,7.8,19.0,80.2
2026-04-01 05:47:09,RTM,Clear,0.27,8.17,0.4,14.4,33.5
2026-06-06 11:57:49,RTM,Clear,0.37,7.01,0.1,27.2,77.1
2026-06-20 04:23:25,RTM,Clear,0.58,4.76,0.4,21.1,49.1
2026-04-19 23:39:59,RTM,Clear,0.24,7.73,1.2,29.5,59.7
2026-03-08 09:57:58,RTM,Clear,0.08,9.34,0.4,11.9,72.1
2026-02-20 16:43:12,RTM,Clear,0.11,9.24,0.9,23.2,76.5
2026-05-31 12:53:16,RTM,Cloudy,0.26,7.61,1.4,26.5,53.9
2026-01-06 03:38:55,RTM,Clear,0.08,9.47,0.9,31.3,62.8
2026-05-26 01:19:03,RTM,Clear,0.55,5.06,1.4,13.0,64.2
2026-04-05 21:22:19,RTM,Cloudy,0.18,8.83,1.0,20.2,66.7
2026-04-25 09:39:10,RTM,Clear,0.32,7.62,0.9,23.0,59.3
2026-01-20 03:44:05,RTM,Fog,0.82,3.39,0.9,12.9,36.3
2026-01-02 13:48:35,RTM,Clear,0.55,4.7,0.7,24.2,69.1
2026-01-12 16:07:24,RTM,Cloudy,0.39,6.65,1.0,28.8,94.4
2026-06-10 23:46:11,RTM,Cloudy,0.07,9.17,1.0,5.6,58.6
2026-04-01 10:58:00,RTM,Rain,0.36,5.67,32.7,30.9,85.1
2026-01-18 08:01:24,RTM,Cloudy,0.11,9.08,0.1,35.8,50.5
2026-01-11 04:06:56,RTM,Clear,0.43,6.77,1.3,13.1,67.2
2026-01-23 18:57:06,RTM,Cloudy,0.38,6.53,0.1,26.5,49.8
2026-04-19 01:48:26,RTM,Clear,0.11,8.95,0.6,27.0,47.5
2026-03-25 09:14:47,RTM,Clear,0.37,6.65,0.3,41.7,64.5
2026-06-09 00:29:31,RTM,Clear,0.02,10.07,0.2,17.2,47.9
2026-06-07 18:42:43,RTM,Clear,0.22,8.0,0.6,16.9,73.8
2026-05-03 09:30:33,RTM,Clear,0.49,5.68,0.3,12.1,48.5
2026-01-31 10:55:05,RTM,Clear,0.14,9.08,1.5,23.8,48.7
2026-05-30 20:54:47,RTM,Clear,0.34,6.59,0.9,8.4,88.8
2026-05-29 00:41:09,RTM,Fog,0.8,3.34,1.2,24.7,100.0
2026-05-28 20:30:50,RTM,Cloudy,0.34,7.27,0.8,11.4,70.4
2026-06-16 11:01:22,RTM,Cloudy,0.26,7.76,1.4,25.2,72.6
2026-01-18 14:55:33,RTM,Clear,0.25,7.12,1.2,19.7,90.2
2026-04-28 08:01:56,RTM,Clear,0.14,9.13,1.5,35.8,71.6
2026-04-14 22:41:38,RTM,Cloudy,0.2,8.99,0.1,17.8,40.4
2026-03-23 11:45:14,RTM,Clear,0.37,6.25,0.4,25.6,52.8
2026-02-13 20:37:59,RTM,Clear,0.27,7.29,0.4,26.7,52.8
2026-02-25 18:45:48,RTM,Clear,0.36,6.88,0.9,22.3,60.6
2026-02-19 13:32:39,RTM,Clear,0.07,8.92,0.4,23.6,40.2
2026-01-24 01:07:36,RTM,Cloudy,0.3,7.24,0.0,25.3,45.8
2026-05-20 04:09:06,RTM,Clear,0.1,9.18,0.3,27.2,50.5
2026-02-09 03:59:31,RTM,Clear,0.53,5.74,1.3,21.4,53.5
2026-05-22 10:51:07,RTM,Fog,0.4,6.41,0.2,22.3,61.4
2026-01-03 11:32:33,RTM,Clear,0.18,8.26,0.1,17.3,72.2
2026-02-28 02:24:12,RTM,Cloudy,0.1,8.47,1.3,32.4,26.6
2026-01-31 14:02:03,RTM,Rain,0.28,7.27,5.6,13.5,56.0
2026-06-06 11:05:47,RTM,Clear,0.12,9.68,0.7,4.6,20.0
2026-04-17 12:04:37,RTM,Clear,0.24,7.77,0.5,16.0,100.0
2026-04-20 22:12:32,RTM,Clear,0.11,8.69,1.1,27.6,48.1
2026-03-25 16:13:34,RTM,Rain,0.66,3.48,19.6,18.3,49.9
2026-03-16 21:11:09,RTM,Fog,0.55,4.45,1.3,24.5,65.2
2026-05-23 17:28:12,RTM,Fog,0.47,6.17,1.0,40.9,87.8
2026-02-19 13:07:08,RTM,Rain,0.44,5.09,12.3,33.9,80.4
2026-02-09 18:36:14,RTM,Clear,0.33,7.54,0.0,28.4,76.1
2026-06-27 17:25:22,RTM,Clear,0.25,6.81,1.4,18.2,88.6
2026-04-13 00:44:21,RTM,Clear,0.12,8.23,0.1,28.4,80.9
2026-06-28 16:44:15,RTM,Fog,0.47,5.94,0.9,19.8,72.8
2026-04-08 19:48:38,RTM,Fog,0.44,5.58,0.1,25.3,61.7
2026-02-22 01:57:30,RTM,Rain,0.33,5.86,22.9,31.9,75.7
2026-06-14 13:56:12,RTM,Fog,0.68,4.21,1.5,36.8,82.5
2026-03-07 08:23:18,RTM,Clear,0.23,7.14,1.2,12.1,62.4
2026-05-19 05:01:38,RTM,Cloudy,0.36,6.36,1.0,22.5,64.1
2026-06-23 22:19:32,RTM,Clear,0.22,7.98,0.5,14.6,68.1
2026-05-03 03:50:55,RTM,Clear,0.22,8.78,0.4,15.0,71.3
2026-02-15 21:51:33,RTM,Rain,0.36,5.62,7.5,27.7,74.4
2026-04-01 05:41:05,RTM,Clear,0.21,8.4,1.1,32.0,52.5
2026-03-16 11:51:16,RTM,Clear,0.4,6.33,1.4,37.1,36.9
2026-05-07 10:57:15,RTM,Cloudy,0.29,6.91,1.0,16.1,51.2
2026-03-25 12:32:45,RTM,Cloudy,0.24,7.76,1.0,22.8,85.4
2026-02-17 03:10:47,RTM,Clear,0.31,7.42,1.4,20.2,57.5
2026-01-07 17:47:02,RTM,Cloudy,0.59,5.26,0.0,9.9,63.1
2026-04-06 16:10:15,RTM,Rain,0.17,7.11,4.2,15.7,32.3
2026-04-15 13:07:50,RTM,Clear,0.23,7.57,0.0,25.0,61.1
2026-04-16 00:39:14,RTM,Cloudy,0.18,8.69,1.1,25.8,86.8
2026-06-17 02:14:17,RTM,Clear,0.16,8.06,0.2,27.3,52.4
2026-04-20 11:12:59,RTM,Clear,0.42,6.86,0.2,30.8,78.3
2026-02-28 22:04:38,RTM,Fog,0.89,1.63,1.2,20.6,53.9
2026-02-01 02:41:50,RTM,Clear,0.35,7.52,0.2,11.9,65.7
2026-01-03 21:11:51,RTM,Clear,0.16,8.98,0.7,15.8,71.2
2026-05-05 10:06:50,RTM,Clear,0.44,6.65,0.9,21.2,78.5
2026-01-06 10:35:36,RTM,Clear,0.52,5.73,1.2,32.5,98.1
2026-05-07 01:44:19,RTM,Rain,0.3,6.13,12.1,30.3,84.4
2026-01-30 12:07:54,RTM,Clear,0.25,7.93,1.1,25.6,94.3
2026-06-07 01:15:02,RTM,Clear,0.26,7.83,0.2,8.8,77.7
2026-01-07 04:25:10,RTM,Clear,0.19,7.86,0.3,16.9,79.1
2026-04-16 21:15:55,RTM,Clear,0.39,7.22,0.4,36.7,60.1
2026-04-01 05:51:22,RTM,Rain,0.42,5.31,1.2,14.5,65.0
2026-02-20 02:38:23,RTM,Clear,0.08,9.29,0.1,17.8,98.3
2026-04-07 05:45:54,RTM,Fog,0.55,5.36,1.0,7.7,97.9
2026-01-24 19:46:45,RTM,Cloudy,0.29,7.76,0.7,30.7,60.2
2026-01-25 16:31:54,RTM,Clear,0.16,8.5,0.6,28.9,81.0
2026-02-22 16:52:40,RTM,Clear,0.29,7.23,0.6,33.3,39.1
2026-03-21 22:14:54,RTM,Rain,0.23,6.92,3.9,29.4,55.5
2026-02-12 03:33:01,RTM,Clear,0.4,6.32,1.2,26.0,27.2
2026-05-02 13:00:53,RTM,Fog,0.82,3.19,0.1,28.1,20.0
2026-02-22 01:20:24,RTM,Rain,0.53,3.82,5.2,23.8,66.9
2026-01-28 09:15:34,RTM,Fog,0.42,6.88,0.4,10.0,52.9
2026-04-13 00:32:26,RTM,Clear,0.2,7.73,1.0,26.5,67.1
2026-03-21 19:32:55,RTM,Fog,0.82,2.71,0.5,28.7,85.4
2026-01-07 11:34:59,RTM,Clear,0.09,9.43,0.1,25.8,69.1
2026-06-23 15:56:29,RTM,Cloudy,0.09,9.34,0.6,30.0,73.9
2026-06-03 04:59:02,RTM,Clear,0.48,6.66,1.1,14.5,73.0
2026-05-23 16:06:19,RTM,Cloudy,0.06,9.76,0.8,15.8,78.9
2026-02-22 19:34:16,RTM,Clear,0.42,5.57,1.5,20.6,48.2
2026-03-18 10:39:23,RTM,Cloudy,0.39,6.88,0.8,30.8,100.0
2026-05-01 06:25:22,RTM,Clear,0.26,8.19,0.4,31.0,90.7
2026-03-25 07:11:02,RTM,Rain,0.14,6.44,1.7,18.2,87.7
2026-04-21 13:34:28,RTM,Clear,0.17,8.56,1.3,25.7,62.4
2026-06-24 23:06:01,RTM,Clear,0.4,6.66,0.0,22.2,60.8
2026-01-26 12:04:56,RTM,Rain,0.06,8.54,3.4,15.9,57.8
2026-05-03 11:22:21,RTM,Clear,0.35,7.24,1.4,20.8,58.5
2026-05-31 21:48:04,RTM,Clear,0.44,5.83,0.3,26.7,36.1
2026-05-13 16:05:55,RTM,Cloudy,0.22,8.26,1.3,17.1,84.9
2026-02-10 13:04:42,RTM,Cloudy,0.18,8.72,0.3,10.8,48.9
2026-03-05 19:37:50,RTM,Clear,0.4,7.03,1.0,34.2,77.5
2026-01-08 12:12:22,RTM,Clear,0.26,7.92,1.1,13.2,46.6
2026-02-02 17:40:27,RTM,Rain,0.03,8.3,5.8,10.7,100.0
2026-04-12 16:19:24,RTM,Clear,0.32,7.09,1.3,33.0,65.9
2026-06-22 20:41:36,RTM,Cloudy,0.46,5.96,0.7,16.8,62.5
2026-06-19 21:42:38,RTM,Clear,0.07,8.7,0.9,18.2,50.1
2026-05-19 03:38:48,RTM,Cloudy,0.15,8.32,0.7,31.5,56.6
2026-06-10 13:18:31,RTM,Clear,0.37,6.9,1.4,15.0,80.7
2026-04-16 15:46:47,RTM,Cloudy,0.29,7.61,0.8,29.1,50.7
2026-06-19 10:20:49,RTM,Clear,0.63,4.65,0.5,9.7,67.9
2026-02-28 18:33:20,RTM,Clear,0.29,6.98,0.6,33.3,100.0
2026-04-04 07:56:53,RTM,Cloudy,0.03,9.66,1.2,22.2,77.9
2026-06-12 01:48:09,RTM,Fog,0.74,3.29,0.6,30.6,64.7
2026-06-24 07:03:33,RTM,Clear,0.04,9.19,1.2,26.3,53.4
2026-02-05 04:28:04,RTM,Cloudy,0.21,8.03,1.0,26.8,59.5
2026-05-04 09:54:42,RTM,Clear,0.28,8.23,0.7,21.4,83.2
2026-01-05 11:36:37,RTM,Cloudy,0.28,8.46,0.8,23.5,36.4
2026-01-10 13:05:40,RTM,Rain,0.51,3.92,2.8,33.0,55.7
2026-04-05 17:00:10,RTM,Cloudy,0.21,8.72,0.9,14.2,75.4
2026-01-01 23:32:41,RTM,Rain,0.09,8.93,4.4,3.5,55.1
2026-02-19 20:24:56,RTM,Cloudy,0.43,6.59,1.0,21.9,42.9
2026-01-30 12:35:33,RTM,Clear,0.41,7.08,0.2,25.7,69.8
2026-02-17 15:36:18,RTM,Clear,0.17,9.03,0.8,24.5,55.5
2026-03-26 21:24:06,RTM,Cloudy,0.48,5.72,0.7,10.8,87.1
2026-06-19 12:10:16,RTM,Clear,0.68,4.59,0.3,28.5,56.9
2026-03-30 17:04:57,RTM,Clear,0.09,9.41,0.1,34.0,52.6
2026-04-07 21:11:22,RTM,Clear,0.29,8.01,0.0,19.3,78.7
2026-05-05 03:44:25,RTM,Fog,0.93,2.32,0.1,14.6,77.5
2026-01-02 12:47:27,RTM,Clear,0.33,7.85,0.7,25.0,51.4
2026-06-25 01:14:02,RTM,Clear,0.31,6.84,1.4,29.2,36.8
2026-01-22 06:47:48,RTM,Fog,0.46,6.44,1.3,30.2,76.6
2026-06-02 11:08:28,RTM,Clear,0.41,6.17,1.5,27.5,64.0
2026-02-02 13:25:29,RTM,Cloudy,0.11,8.87,0.5,29.6,64.6
2026-06-25 17:02:26,RTM,Cloudy,0.31,7.24,0.6,32.8,62.8
2026-05-04 04:19:23,RTM,Cloudy,0.24,8.13,0.2,31.1,64.4
2026-04-09 01:04:16,RTM,Clear,0.3,7.59,0.3,19.6,60.8
2026-03-18 02:00:23,RTM,Clear,0.24,7.8,1.5,16.3,54.9
2026-04-16 01:13:45,RTM,Clear,0.14,8.25,1.1,31.8,44.1
2026-05-17 20:04:59,RTM,Clear,0.32,7.44,0.2,24.0,50.1
2026-01-10 09:39:56,RTM,Fog,0.76,3.7,1.4,31.3,94.3
2026-06-14 21:04:37,RTM,Clear,0.05,10.17,0.6,15.2,71.6
2026-03-25 22:57:28,RTM,Cloudy,0.21,8.63,0.4,30.1,31.5
2026-03-22 17:22:39,RTM,Rain,0.07,8.01,26.1,11.5,45.7
2026-03-29 10:37:25,RTM,Cloudy,0.07,9.52,0.8,7.6,33.3
2026-04-06 10:55:28,RTM,Rain,0.54,3.43,3.5,30.3,77.6
2026-02-27 11:12:33,RTM,Cloudy,0.25,7.35,0.4,26.0,72.0
2026-04-05 19:52:16,RTM,Clear,0.61,5.56,0.7,13.5,72.7
2026-04-23 10:03:32,RTM,Cloudy,0.01,10.18,0.1,14.2,76.9
2026-02-15 10:49:34,RTM,Rain,0.25,5.73,10.6,18.0,49.1
2026-02-23 22:08:42,RTM,Clear,0.32,6.9,1.1,15.9,29.5
2026-02-26 09:34:44,RTM,Cloudy,0.42,6.02,1.4,31.2,77.7
2026-03-02 19:29:50,RTM,Clear,0.45,5.92,0.7,31.6,95.3
2026-01-09 02:40:15,RTM,Clear,0.39,6.31,0.0,23.6,62.5
2026-05-16 09:51:34,RTM,Rain,0.46,4.91,10.7,38.5,37.0
2026-03-26 23:53:47,RTM,Fog,0.76,3.32,0.0,37.8,65.9
2026-03-07 10:38:30,RTM,Clear,0.18,9.58,0.1,22.0,57.6
2026-04-15 14:59:47,RTM,Clear,0.13,8.93,0.8,25.0,80.9
2026-01-24 19:49:33,RTM,Rain,0.22,7.0,0.9,31.9,71.5
2026-06-12 03:09:19,RTM,Clear,0.17,8.52,0.0,35.2,41.1
2026-01-21 23:13:08,RTM,Clear,0.64,4.99,1.0,17.0,87.2
2026-02-19 17:46:48,RTM,Cloudy,0.4,7.77,1.1,23.1,77.0
2026-05-14 00:09:09,RTM,Rain,0.2,7.34,7.2,25.7,57.5
2026-05-24 23:57:34,RTM,Clear,0.24,7.74,0.8,20.7,93.1
2026-05-11 17:31:43,RTM,Clear,0.49,6.37,0.2,14.9,76.8
2026-05-22 20:55:20,RTM,Cloudy,0.54,4.97,0.7,14.7,73.7
2026-06-19 00:34:32,RTM,Clear,0.14,9.46,0.1,35.2,56.0
2026-06-23 05:34:02,RTM,Clear,0.34,6.5,1.3,15.5,78.7
2026-03-29 15:44:50,RTM,Fog,0.53,5.47,0.4,32.0,69.5
2026-05-22 02:11:09,RTM,Fog,0.37,6.79,1.3,23.6,74.6
2026-05-15 02:46:11,RTM,Clear,0.24,7.2,0.1,21.5,72.9
2026-05-24 13:13:00,RTM,Clear,0.15,9.08,0.7,25.6,32.0
2026-02-09 21:54:55,RTM,Rain,0.1,8.0,14.9,20.7,61.5
2026-02-19 03:01:34,RTM,Cloudy,0.3,7.66,1.4,20.0,59.7
2026-01-27 15:26:42,RTM,Cloudy,0.15,8.43,1.4,33.6,62.3
2026-01-01 14:56:45,RTM,Clear,0.25,7.76,0.6,19.3,68.7
2026-06-25 05:28:13,RTM,Clear,0.52,5.89,0.5,15.9,93.7
2026-04-12 14:29:55,RTM,Clear,0.46,6.72,1.3,8.0,61.4
2026-05-17 13:51:41,RTM,Clear,0.11,9.21,1.5,11.6,73.4
2026-04-30 15:39:05,RTM,Clear,0.43,6.15,0.8,21.3,95.2
2026-01-29 12:24:58,RTM,Clear,0.57,5.43,1.4,30.0,43.3
2026-01-07 04:31:11,RTM,Rain,0.21,6.89,9.5,22.8,86.2
2026-03-21 01:40:51,RTM,Clear,0.23,7.9,0.5,21.6,61.5
2026-06-19 22:55:56,RTM,Clear,0.09,8.92,1.3,20.8,88.7
2026-04-02 14:37:27,RTM,Cloudy,0.32,7.84,1.0,19.9,65.4
2026-01-09 11:01:41,RTM,Fog,0.51,5.94,0.8,28.6,52.4
2026-04-09 19:20:10,RTM,Clear,0.23,8.22,1.4,26.8,86.6
2026-01-15 23:47:33,RTM,Fog,0.59,4.95,0.2,21.9,87.4
2026-04-07 09:57:14,RTM,Rain,0.36,5.41,10.1,15.9,93.0
2026-03-25 17:35:32,RTM,Clear,0.21,8.0,0.8,20.0,39.3
2026-04-09 02:32:43,RTM,Clear,0.08,9.28,1.5,-3.5,60.1
2026-03-04 07:26:23,RTM,Fog,0.61,4.6,1.5,39.2,88.7
2026-06-29 10:22:47,RTM,Clear,0.39,6.84,1.4,16.3,79.8
2026-04-19 08:54:10,RTM,Clear,0.07,8.69,0.6,36.1,100.0
2026-06-22 14:13:46,RTM,Fog,0.53,5.1,0.6,18.0,66.7
2026-01-09 19:50:51,RTM,Fog,1.0,1.56,0.0,26.2,85.4
2026-05-20 16:36:12,RTM,Clear,0.33,6.91,0.4,30.7,86.2
2026-06-02 19:58:29,RTM,Cloudy,0.27,7.18,0.4,22.8,66.2
2026-03-11 21:22:09,RTM,Clear,0.04,8.89,0.0,35.6,40.1
2026-01-21 08:10:06,RTM,Cloudy,0.24,7.11,0.2,19.3,56.5
2026-02-27 07:46:02,RTM,Clear,0.55,5.38,0.2,22.2,70.9
2026-01-26 00:42:09,RTM,Clear,0.38,7.47,1.0,21.0,82.6
2026-03-12 10:30:11,RTM,Cloudy,0.37,7.29,0.5,26.7,100.0
2026-03-23 13:48:15,RTM,Clear,0.13,8.59,1.0,15.4,60.6
2026-01-19 11:57:05,RTM,Clear,0.23,8.06,0.7,17.6,35.6
2026-06-06 18:34:56,RTM,Fog,0.61,4.75,1.1,18.0,79.3
2026-04-07 16:58:26,RTM,Clear,0.16,8.79,1.1,26.4,66.2
2026-01-26 20:54:09,RTM,Clear,0.23,7.31,0.3,8.4,20.0
2026-05-18 11:41:21,RTM,Fog,0.56,5.14,0.7,20.3,75.1
2026-05-19 17:03:34,RTM,Fog,1.0,1.27,1.1,37.3,87.1
2026-04-27 21:18:22,RTM,Clear,0.39,6.41,1.5,33.0,34.2
2026-02-11 01:14:00,RTM,Clear,0.39,6.77,1.0,20.0,86.4
2026-01-27 15:24:24,RTM,Clear,0.14,7.55,0.2,10.7,37.2
2026-02-16 05:42:49,RTM,Clear,0.22,8.44,0.1,18.5,74.7
2026-03-06 08:48:14,RTM,Rain,0.54,4.37,4.0,9.3,67.9
2026-01-27 00:45:15,RTM,Clear,0.05,9.52,0.3,13.2,71.4
2026-06-22 15:53:27,RTM,Cloudy,0.6,5.19,1.5,11.0,68.7
2026-04-27 15:26:08,RTM,Fog,0.68,4.08,0.7,46.3,87.2
2026-03-13 19:24:57,RTM,Clear,0.13,9.08,0.6,25.3,53.5
2026-03-27 19:59:43,RTM,Clear,0.09,9.62,1.3,22.0,34.7
2026-02-14 17:10:26,RTM,Clear,0.25,7.93,0.2,15.9,44.1
2026-05-29 05:06:36,RTM,Clear,0.05,10.68,1.0,34.2,30.7
2026-05-22 04:59:31,RTM,Clear,0.32,7.57,0.4,24.4,73.1
2026-01-29 16:25:21,RTM,Clear,0.3,7.88,0.2,29.1,79.9
2026-04-27 09:58:43,RTM,Clear,0.53,5.41,0.8,24.0,38.2
2026-03-19 22:38:46,RTM,Clear,0.12,9.37,0.9,21.8,54.8
2026-02-28 16:17:46,RTM,Fog,0.4,6.58,1.1,28.0,55.5
2026-05-14 16:42:38,RTM,Rain,0.23,6.84,12.6,21.6,65.4
2026-03-29 00:37:56,RTM,Clear,0.24,8.31,1.5,23.1,77.0
2026-04-04 05:06:42,RTM,Clear,0.41,6.4,0.7,21.3,65.0
2026-02-24 16:46:46,RTM,Clear,0.34,7.33,0.5,29.2,95.4
2026-04-18 06:23:08,RTM,Clear,0.42,6.16,0.1,15.2,66.6
2026-06-11 10:59:30,RTM,Fog,0.8,3.5,1.3,31.7,69.6
2026-03-03 20:47:36,RTM,Clear,0.4,7.11,0.2,24.1,79.0
2026-03-03 12:24:38,RTM,Cloudy,0.13,9.26,1.3,26.5,74.9
2026-01-03 09:11:38,RTM,Cloudy,0.29,7.29,0.4,15.8,45.4
2026-06-21 19:10:11,RTM,Cloudy,0.15,8.77,1.0,9.0,66.7
2026-01-26 09:06:10,RTM,Fog,0.5,5.5,0.3,45.7,72.9
2026-03-07 05:15:19,RTM,Fog,0.7,3.58,0.0,16.0,66.2
2026-05-07 06:15:36,RTM,Clear,0.35,6.93,1.5,22.7,50.9
2026-06-28 16:51:10,RTM,Clear,0.31,7.37,1.4,18.8,79.5
2026-04-30 00:17:15,RTM,Fog,0.62,4.32,0.4,22.5,67.9
2026-06-06 10:15:19,RTM,Clear,0.13,8.89,1.0,11.8,74.9
2026-03-11 19:21:35,RTM,Clear,0.12,8.76,1.2,40.0,70.9
2026-06-22 18:24:06,RTM,Cloudy,0.48,5.8,0.7,32.7,65.8
2026-01-18 09:46:19,RTM,Clear,0.12,9.12,1.2,24.7,56.3
2026-06-04 12:36:55,RTM,Rain,0.28,6.86,8.8,9.7,46.2
2026-06-19 10:01:56,RTM,Cloudy,0.25,8.15,0.4,8.7,78.9
2026-04-21 03:53:03,RTM,Clear,0.14,8.68,0.0,25.6,46.7
2026-06-10 14:14:48,RTM,Clear,0.25,7.63,0.6,29.9,76.1
2026-03-28 17:23:22,RTM,Clear,0.22,7.89,0.3,17.5,68.6
2026-02-10 11:30:31,RTM,Fog,0.47,5.77,0.1,22.8,64.9
2026-02-13 03:11:02,RTM,Clear,0.53,5.07,0.1,23.3,79.4
2026-03-06 17:02:03,RTM,Cloudy,0.47,6.06,0.2,29.2,100.0
2026-02-06 14:55:57,RTM,Cloudy,0.41,7.1,0.5,11.1,54.2
2026-05-05 11:22:37,RTM,Rain,0.35,6.34,7.3,22.0,72.0
2026-04-30 06:26:02,RTM,Clear,0.24,8.22,0.1,34.9,81.4
2026-06-13 15:41:53,RTM,Clear,0.2,8.53,1.4,38.0,85.7
2026-05-21 12:20:41,RTM,Clear,0.51,5.48,0.6,33.6,56.0
2026-03-09 00:04:57,RTM,Clear,0.18,8.35,0.2,21.9,47.3
2026-06-28 16:41:49,RTM,Clear,0.06,9.88,0.2,20.6,35.1
2026-03-26 01:54:49,RTM,Clear,0.07,9.22,0.8,19.4,85.2
2026-02-07 07:21:09,RTM,Clear,0.57,5.06,0.7,30.8,100.0
2026-06-29 02:51:06,RTM,Clear,0.18,8.84,1.3,17.5,87.9
2026-05-22 15:11:36,RTM,Clear,0.08,9.77,1.4,20.1,98.7
2026-05-26 04:00:37,RTM,Clear,0.37,7.54,0.6,23.6,72.6
2026-02-19 18:34:40,RTM,Cloudy,0.3,8.29,0.4,24.8,49.2
2026-05-14 01:36:41,RTM,Clear,0.38,6.49,1.3,18.4,55.8
2026-05-02 11:44:45,RTM,Rain,0.24,6.37,18.2,31.6,52.6
2026-01-13 14:04:53,RTM,Cloudy,0.34,7.17,1.4,24.1,75.6
2026-01-06 20:46:29,RTM,Clear,0.59,5.46,0.7,26.7,68.1
2026-05-25 13:56:19,RTM,Clear,0.42,5.63,0.3,29.5,55.7
2026-03-01 23:14:04,RTM,Clear,0.23,7.81,1.3,13.7,40.1
2026-02-13 04:30:11,RTM,Clear,0.56,4.58,0.5,33.4,48.4
2026-06-20 16:45:38,RTM,Clear,0.15,9.14,1.0,23.1,60.6
2026-05-16 05:58:28,RTM,Clear,0.24,8.68,0.3,23.6,54.6
2026-05-22 03:07:52,RTM,Cloudy,0.3,7.77,0.0,20.6,58.0
2026-05-25 21:25:34,RTM,Fog,0.73,4.27,1.3,23.9,52.9
2026-05-30 02:41:06,RTM,Cloudy,0.5,6.46,1.0,20.8,81.0
2026-03-19 22:13:33,RTM,Clear,0.18,9.35,0.7,29.9,33.9
2026-03-15 08:30:08,RTM,Fog,1.0,1.14,0.6,12.9,78.2
2026-04-19 19:45:16,RTM,Fog,0.9,2.1,0.3,17.0,64.0
2026-04-16 18:02:44,RTM,Fog,0.69,4.33,0.8,27.6,70.0
2026-03-06 11:42:29,RTM,Rain,0.19,6.61,8.7,6.5,62.0
2026-01-18 00:07:50,RTM,Rain,0.18,7.67,3.3,33.1,75.7
2026-05-19 13:01:17,RTM,Clear,0.22,7.68,0.2,30.2,65.1
2026-02-24 21:08:53,RTM,Clear,0.24,8.47,0.7,20.9,72.8
2026-06-16 17:15:32,RTM,Cloudy,0.45,6.28,1.0,27.7,63.6
2026-05-20 01:12:48,RTM,Clear,0.17,8.4,0.5,26.7,62.1
2026-05-08 19:04:48,RTM,Clear,0.1,8.48,1.2,23.2,99.3
2026-04-27 09:44:43,RTM,Clear,0.18,8.48,0.5,16.3,26.8
2026-04-06 09:12:03,RTM,Clear,0.11,9.36,0.0,34.9,75.1
2026-02-16 19:40:01,RTM,Cloudy,0.08,9.6,1.5,25.3,60.6
2026-06-18 15:11:26,RTM,Clear,0.28,8.09,0.4,23.1,87.1
2026-02-21 22:30:49,RTM,Clear,0.16,8.5,0.8,16.3,29.2
2026-03-06 03:48:38,RTM,Clear,0.14,9.62,1.4,29.8,59.5
2026-04-14 16:42:22,RTM,Clear,0.34,6.93,0.4,23.0,44.9
2026-03-19 14:53:00,RTM,Clear,0.16,8.85,0.3,22.7,61.5
2026-02-27 17:26:16,RTM,Rain,0.24,6.63,7.0,26.8,71.8
2026-04-07 15:59:41,RTM,Clear,0.19,8.03,0.1,27.5,49.1
2026-03-09 17:07:36,RTM,Fog,0.51,6.35,0.9,16.2,99.8
2026-02-26 10:15:32,RTM,Clear,0.6,4.68,0.5,15.0,49.3
2026-06-17 12:05:52,RTM,Rain,0.32,5.89,8.9,23.5,68.6
2026-06-26 10:36:30,RTM,Cloudy,0.12,8.87,1.3,30.2,45.9
2026-03-17 19:19:45,RTM,Rain,0.61,2.78,5.4,36.3,89.6
2026-04-22 14:17:01,RTM,Rain,0.27,6.63,13.2,15.9,58.9
2026-02-06 20:09:34,RTM,Clear,0.12,8.97,0.2,32.5,75.0
2026-06-28 18:19:13,RTM,Cloudy,0.25,7.65,0.6,15.3,84.0
2026-03-22 09:21:21,RTM,Cloudy,0.23,8.32,0.6,26.0,79.7
2026-06-18 13:53:45,RTM,Cloudy,0.51,5.77,0.3,14.4,81.7
2026-03-21 05:34:04,RTM,Clear,0.21,7.64,1.3,22.1,79.8
2026-02-24 01:55:57,RTM,Clear,0.46,5.99,1.3,36.6,79.2
2026-01-08 10:21:56,RTM,Clear,0.27,7.37,0.2,29.7,100.0
2026-04-28 01:40:24,RTM,Clear,0.47,4.73,0.5,36.3,77.8
2026-02-10 01:32:43,RTM,Clear,0.71,3.54,0.5,12.1,86.5
2026-02-27 03:18:27,RTM,Clear,0.42,6.67,0.4,21.6,75.0
2026-05-12 03:23:06,RTM,Clear,0.36,6.09,1.2,15.7,65.3
2026-01-21 00:41:40,RTM,Cloudy,0.36,6.68,0.7,42.1,69.6
2026-01-23 12:06:34,RTM,Cloudy,0.21,8.49,0.6,15.8,61.4
2026-06-25 02:12:09,RTM,Clear,0.16,8.83,1.1,25.3,56.6
2026-01-10 19:32:07,RTM,Cloudy,0.2,8.12,0.8,34.3,100.0
2026-04-10 04:01:55,RTM,Clear,0.37,6.43,0.7,33.2,45.6
2026-01-20 19:57:28,RTM,Clear,0.35,7.14,0.8,28.2,69.4
2026-06-16 02:51:27,RTM,Clear,0.63,4.34,1.5,42.4,77.3
2026-03-07 04:01:43,RTM,Cloudy,0.05,9.96,0.7,40.8,66.0
2026-06-20 06:04:16,RTM,Fog,0.67,4.73,0.5,27.8,91.7
2026-01-20 17:55:04,RTM,Clear,0.32,6.7,0.3,25.0,59.2
2026-05-21 11:05:21,RTM,Cloudy,0.31,7.18,0.4,26.9,54.3
2026-01-31 08:48:14,RTM,Rain,0.19,7.15,2.3,16.9,46.9
2026-06-16 04:13:55,RTM,Cloudy,0.1,9.62,0.8,29.3,79.3
2026-06-06 10:55:59,RTM,Clear,0.38,7.64,0.9,33.7,62.4
2026-05-25 20:08:26,RTM,Cloudy,0.13,9.1,0.6,37.8,46.8
2026-04-09 13:22:20,RTM,Rain,0.07,8.01,23.6,35.1,70.6
2026-02-04 08:06:16,RTM,Clear,0.24,7.63,0.1,15.3,64.9
2026-03-16 00:18:47,RTM,Clear,0.31,7.23,1.3,23.0,41.6
2026-04-10 06:34:39,RTM,Rain,0.25,6.64,21.4,17.4,36.5
2026-04-14 02:49:42,RTM,Clear,0.31,6.83,0.3,24.5,52.1
2026-02-18 09:18:40,RTM,Fog,0.58,4.79,0.7,20.2,72.2
2026-04-15 06:45:23,RTM,Clear,0.18,8.48,1.3,16.4,88.3
2026-05-21 23:35:18,RTM,Cloudy,0.19,8.49,0.4,33.0,99.2
2026-05-26 09:32:31,RTM,Clear,0.34,7.06,1.1,9.1,72.5
2026-03-29 01:26:52,RTM,Clear,0.25,7.8,1.2,7.6,98.0
2026-04-05 06:10:06,RTM,Clear,0.54,5.8,0.3,21.1,79.1
2026-02-09 08:37:25,RTM,Clear,0.18,8.13,0.6,22.6,83.2
2026-02-22 06:47:00,RTM,Clear,0.22,8.16,0.6,31.6,40.4
2026-03-03 15:55:58,RTM,Cloudy,0.25,8.06,0.4,23.9,81.0
2026-06-20 17:19:46,RTM,Clear,0.15,8.6,1.2,22.3,56.6
2026-05-12 14:50:54,RTM,Fog,0.6,4.81,0.9,23.9,63.5
2026-06-14 04:49:17,RTM,Clear,0.14,9.99,0.3,11.2,34.3
2026-04-12 05:03:43,RTM,Clear,0.07,8.76,0.7,24.1,41.2
2026-03-20 17:48:12,RTM,Clear,0.04,9.55,0.6,18.5,61.2
2026-04-25 17:15:17,RTM,Rain,0.44,4.21,22.4,21.1,97.9
2026-02-01 02:09:54,RTM,Clear,0.49,5.27,1.0,27.3,60.5
2026-01-25 19:29:09,RTM,Clear,0.07,9.76,0.2,44.3,100.0
2026-02-19 00:47:22,RTM,Rain,0.14,7.26,8.0,36.7,56.6
2026-01-06 14:05:58,RTM,Cloudy,0.49,6.42,0.4,11.7,83.8
2026-02-19 06:21:08,RTM,Cloudy,0.34,6.55,1.1,14.4,95.8
2026-02-15 02:18:41,RTM,Cloudy,0.12,9.41,1.4,17.2,70.5
2026-06-26 01:05:45,RTM,Cloudy,0.42,6.24,1.4,9.0,57.5
2026-04-23 10:39:03,RTM,Clear,0.4,7.69,0.5,24.5,84.8
2026-06-29 10:53:56,RTM,Clear,0.28,7.12,1.0,5.3,62.0
2026-03-25 00:56:07,RTM,Clear,0.2,8.38,1.3,18.7,64.6
2026-06-30 13:12:54,RTM,Clear,0.17,8.38,1.1,31.7,72.4
2026-06-27 15:30:10,RTM,Fog,0.63,5.39,0.3,19.4,80.3
2026-05-14 21:36:25,RTM,Clear,0.08,9.56,1.1,39.3,57.0
2026-04-13 21:44:48,RTM,Clear,0.3,7.28,1.2,38.0,100.0
2026-04-11 23:11:50,RTM,Clear,0.18,8.27,0.5,31.4,67.3
2026-04-30 09:26:58,RTM,Clear,0.52,5.31,0.8,15.4,96.7
2026-03-24 17:32:43,RTM,Clear,0.34,6.82,1.0,22.4,46.3
2026-01-26 18:15:17,RTM,Cloudy,0.49,6.09,0.4,25.3,91.8
2026-02-03 13:34:12,RTM,Rain,0.1,7.78,2.8,26.4,75.7
2026-01-16 16:47:32,RTM,Cloudy,0.46,5.8,0.3,37.2,76.4
2026-02-22 22:07:25,RTM,Clear,0.13,8.68,1.3,26.4,48.4
2026-05-22 18:38:24,RTM,Cloudy,0.26,6.44,1.4,15.5,74.6
2026-06-01 16:03:14,RTM,Clear,0.18,7.85,0.3,23.2,78.1
2026-03-13 17:01:16,RTM,Rain,0.06,8.16,14.5,18.1,75.7
2026-05-04 15:40:29,RTM,Cloudy,0.3,7.57,0.1,21.5,74.4
2026-01-11 23:50:03,RTM,Clear,0.06,10.3,0.2,16.8,80.9
2026-02-09 17:53:14,RTM,Clear,0.42,6.34,0.5,25.9,65.1
2026-06-29 12:51:25,RTM,Clear,0.24,8.07,1.1,34.4,54.9
2026-05-24 03:38:04,RTM,Clear,0.39,6.97,1.2,29.2,47.7
2026-03-07 21:52:27,RTM,Clear,0.13,8.6,0.5,25.6,59.6
2026-05-14 23:59:17,RTM,Clear,0.18,7.91,1.0,26.7,69.7
2026-05-03 11:35:16,RTM,Clear,0.14,9.48,1.2,37.6,75.5
2026-04-01 12:31:50,RTM,Clear,0.03,9.19,1.0,25.3,62.3
2026-06-20 07:49:12,RTM,Clear,0.27,8.45,1.3,12.2,89.4
2026-01-06 07:49:39,RTM,Clear,0.02,10.07,0.4,20.9,56.1
2026-01-07 07:50:49,RTM,Rain,0.19,6.79,3.5,45.5,82.7
2026-04-21 22:40:07,RTM,Fog,0.71,3.87,1.3,17.1,58.0
2026-03-28 15:55:11,RTM,Fog,0.66,4.89,0.4,17.0,83.2
2026-05-23 22:15:57,RTM,Fog,0.6,5.1,1.2,33.2,56.6
2026-06-25 13:00:23,RTM,Cloudy,0.58,4.67,0.2,20.8,49.4
2026-03-13 18:51:09,RTM,Clear,0.28,7.62,0.5,20.3,60.9
2026-03-22 18:27:31,RTM,Clear,0.14,9.21,1.3,23.6,60.1
2026-03-01 23:41:35,RTM,Clear,0.36,6.77,1.2,26.0,62.8
2026-03-15 16:06:28,RTM,Fog,0.45,6.69,0.0,25.9,65.1
2026-06-10 18:45:59,RTM,Clear,0.17,8.73,0.4,34.8,63.9
2026-06-23 08:26:29,RTM,Clear,0.4,6.85,0.9,21.3,69.5
2026-05-09 02:56:32,RTM,Fog,0.84,2.35,1.5,16.3,78.7
2026-06-30 21:42:23,RTM,Rain,0.23,7.29,4.7,10.2,98.7
2026-03-09 12:38:11,RTM,Clear,0.17,8.44,0.8,18.1,50.1
2026-01-10 12:20:52,RTM,Cloudy,0.17,8.66,0.9,20.6,30.3
2026-01-06 22:05:46,RTM,Clear,0.04,10.15,0.2,34.2,66.8
2026-03-31 17:39:32,RTM,Clear,0.49,5.75,0.3,30.4,78.6
2026-03-23 00:26:24,RTM,Fog,0.39,6.72,0.4,23.4,59.3
2026-03-01 18:23:12,RTM,Rain,0.33,6.43,22.6,20.4,74.0
2026-03-28 02:58:25,RTM,Rain,0.32,5.46,6.9,28.7,83.3
2026-01-05 10:48:11,RTM,Rain,0.47,4.82,14.1,37.0,84.6
2026-01-20 12:18:56,RTM,Clear,0.25,7.49,0.0,22.2,65.5
2026-04-05 23:45:06,RTM,Cloudy,0.51,5.94,0.6,24.2,86.3
2026-02-26 14:23:20,RTM,Cloudy,0.18,9.03,0.7,25.9,66.8
2026-04-25 16:28:48,RTM,Cloudy,0.01,11.24,1.5,31.7,52.4
2026-06-20 00:58:14,RTM,Clear,0.29,7.17,0.0,32.9,71.1
2026-01-03 22:35:08,RTM,Rain,0.29,6.8,1.7,23.4,66.7
2026-04-09 23:02:27,RTM,Fog,1.0,1.8,0.9,35.6,75.7
2026-01-10 17:59:15,RTM,Fog,0.41,5.67,1.4,32.9,44.3
2026-06-25 10:44:20,RTM,Clear,0.03,9.45,0.0,24.9,73.4
2026-02-06 12:17:16,RTM,Clear,0.22,8.25,0.1,26.6,87.7
2026-03-28 18:22:47,RTM,Clear,0.28,7.09,1.3,41.3,89.2
2026-05-09 08:32:12,RTM,Rain,0.06,8.73,5.1,15.2,58.0
2026-03-10 11:09:27,RTM,Cloudy,0.34,7.37,0.5,39.1,69.3
2026-02-03 21:30:44,RTM,Clear,0.49,5.7,0.5,22.5,50.5
2026-04-12 15:43:54,RTM,Rain,0.13,6.79,1.6,42.6,71.8
2026-01-24 00:21:29,RTM,Rain,0.17,7.91,11.5,34.4,90.6
2026-05-31 14:52:22,RTM,Clear,0.06,9.61,1.0,19.7,64.7
2026-01-05 13:51:55,RTM,Clear,0.09,9.27,1.0,34.0,68.0
2026-04-06 11:10:48,RTM,Clear,0.21,8.03,0.2,35.4,57.6
2026-01-23 00:59:28,RTM,Clear,0.29,7.81,0.6,38.7,70.4
2026-04-06 14:07:54,RTM,Clear,0.22,8.0,1.3,24.9,23.6
2026-02-06 12:32:54,RTM,Rain,0.24,7.08,8.4,11.8,43.7
2026-03-29 00:41:35,RTM,Clear,0.03,9.49,1.5,27.0,84.5
2026-05-09 05:47:18,RTM,Clear,0.43,6.09,0.4,26.6,49.3
2026-02-10 08:45:38,RTM,Rain,0.2,6.46,4.8,33.6,95.6
2026-06-01 10:09:57,RTM,Cloudy,0.55,5.26,0.5,31.9,66.9
2026-01-19 05:29:51,RTM,Cloudy,0.54,5.96,1.5,14.8,56.1
2026-06-14 18:09:40,RTM,Clear,0.4,6.44,0.1,16.0,89.9
2026-01-30 06:48:57,RTM,Cloudy,0.08,9.58,0.6,23.6,79.9
2026-01-02 18:45:45,RTM,Clear,0.41,6.07,0.9,8.3,74.4
2026-05-16 11:11:18,RTM,Clear,0.04,9.0,0.9,40.3,60.9
2026-06-28 23:39:28,RTM,Clear,0.2,8.07,0.8,25.4,60.1
2026-03-10 00:00:50,RTM,Clear,0.15,8.83,0.4,27.1,41.2
2026-03-22 16:13:34,RTM,Rain,0.49,4.51,11.6,23.8,82.9
2026-06-10 16:40:02,RTM,Clear,0.45,6.32,0.9,21.3,81.0
2026-01-29 01:05:48,RTM,Cloudy,0.27,8.0,0.4,22.4,59.3
2026-04-12 01:52:03,RTM,Cloudy,0.1,8.72,0.7,32.9,85.2
2026-03-28 15:45:58,RTM,Clear,0.16,9.04,0.2,17.4,89.6
2026-05-23 07:07:09,RTM,Clear,0.52,5.67,0.5,15.3,73.7
2026-02-18 09:30:23,RTM,Clear,0.37,7.71,0.9,21.8,81.8
2026-02-13 06:11:15,RTM,Clear,0.19,8.25,1.4,12.1,70.3
2026-05-25 09:18:18,RTM,Fog,0.61,4.86,1.2,20.7,91.1
2026-05-29 13:02:03,RTM,Fog,0.47,6.1,1.1,27.0,96.1
2026-04-15 02:49:03,RTM,Clear,0.21,8.05,1.0,33.9,84.3
2026-02-17 09:54:11,RTM,Cloudy,0.21,7.57,1.1,18.2,63.5
2026-03-16 08:40:37,RTM,Cloudy,0.2,8.05,0.5,25.6,64.9
2026-01-13 23:43:39,RTM,Clear,0.38,6.71,1.5,16.6,58.3
2026-03-08 12:38:21,RTM,Clear,0.46,6.16,0.7,14.9,65.4
2026-05-10 13:59:34,RTM,Clear,0.25,8.61,0.0,35.1,77.4
2026-04-01 03:22:18,RTM,Clear,0.39,6.87,0.9,34.4,69.7
2026-05-27 07:09:47,RTM,Clear,0.02,10.06,0.7,29.0,64.3
2026-03-16 22:53:10,RTM,Clear,0.33,7.09,0.6,16.3,59.4
2026-01-21 00:53:17,RTM,Rain,0.1,7.42,10.4,25.9,69.2
2026-03-02 11:58:55,RTM,Clear,0.61,4.67,0.0,13.2,72.5
2026-05-05 06:06:48,RTM,Clear,0.27,6.88,0.6,26.6,57.9
2026-04-11 15:00:36,RTM,Clear,0.3,7.57,0.6,28.5,65.6
2026-02-13 22:21:34,RTM,Cloudy,0.43,6.52,0.4,25.9,67.6
2026-05-15 02:11:33,RTM,Clear,0.16,8.64,0.8,14.4,71.8
2026-02-07 01:05:43,RTM,Clear,0.19,8.28,0.4,21.4,53.2
2026-02-22 18:01:03,RTM,Clear,0.29,6.68,0.2,21.3,47.8
2026-06-04 15:20:55,RTM,Clear,0.14,8.61,1.5,10.7,88.4
2026-03-12 15:04:39,RTM,Fog,0.71,3.86,0.3,30.8,93.6
2026-06-14 12:19:33,RTM,Rain,0.11,8.27,3.1,14.4,39.1
2026-01-30 08:21:39,RTM,Clear,0.08,8.9,0.2,36.8,83.5
2026-05-21 12:54:05,RTM,Cloudy,0.55,5.26,1.3,20.8,62.6
2026-03-20 20:53:54,RTM,Clear,0.41,7.28,0.1,4.8,62.7
2026-03-06 17:39:45,RTM,Rain,0.03,8.95,5.3,24.6,72.1
2026-01-29 08:02:02,RTM,Clear,0.32,6.77,0.8,11.5,61.1
2026-06-11 02:55:52,RTM,Clear,0.21,7.52,1.3,19.3,46.4
2026-06-18 18:07:02,RTM,Rain,0.23,7.37,8.2,14.6,26.6
2026-03-26 16:14:51,RTM,Rain,0.18,7.55,2.1,22.5,56.8
2026-04-12 13:50:23,RTM,Clear,0.39,6.23,1.4,24.4,48.8
2026-02-15 05:16:47,RTM,Clear,0.57,6.14,1.2,27.8,48.0
2026-01-31 11:20:24,RTM,Clear,0.26,7.63,0.7,24.1,95.8
2026-03-24 02:35:12,RTM,Clear,0.52,5.45,0.7,26.0,82.3
2026-05-01 20:14:51,RTM,Fog,0.5,4.91,0.7,26.1,82.0
2026-04-09 11:35:07,RTM,Cloudy,0.22,7.7,1.5,5.2,93.2
2026-04-23 16:17:01,RTM,Cloudy,0.58,5.19,1.4,33.1,62.8
2026-04-28 02:12:21,RTM,Clear,0.18,9.38,0.5,26.6,84.6
2026-06-19 00:30:41,RTM,Clear,0.2,7.61,0.9,24.8,57.9
2026-02-06 04:28:35,RTM,Clear,0.24,7.74,0.6,28.5,39.5
2026-01-04 18:06:31,RTM,Cloudy,0.37,6.56,1.1,17.8,39.7
2026-04-11 11:39:37,RTM,Cloudy,0.25,6.88,0.6,24.9,27.3
2026-03-09 00:55:12,RTM,Clear,0.51,5.52,1.5,22.1,100.0
2026-01-28 11:55:43,RTM,Cloudy,0.45,7.2,1.2,26.7,26.1
2026-05-16 07:03:08,RTM,Clear,0.44,6.82,1.1,25.1,66.7
2026-03-27 19:59:20,RTM,Clear,0.32,7.59,0.1,9.6,76.8
2026-04-18 18:10:39,RTM,Cloudy,0.09,9.65,1.1,13.0,77.6
2026-03-15 14:45:58,RTM,Fog,0.69,4.77,0.7,37.8,61.6
2026-02-01 01:24:47,RTM,Cloudy,0.25,6.94,0.9,14.3,43.4
2026-03-30 08:34:46,RTM,Cloudy,0.39,6.82,1.1,24.8,67.0
2026-06-09 20:20:06,RTM,Clear,0.71,4.0,1.3,33.2,50.4
2026-01-02 15:38:31,RTM,Cloudy,0.42,5.97,1.5,21.3,61.1
2026-01-27 12:21:02,RTM,Clear,0.04,9.75,0.9,30.5,47.5
2026-04-23 20:45:33,RTM,Rain,0.24,7.23,12.8,36.1,68.9
2026-06-18 21:52:35,RTM,Clear,0.43,6.44,0.1,31.1,54.9
2026-02-15 07:37:41,RTM,Rain,0.66,3.46,7.1,33.5,67.8
2026-01-24 17:43:29,RTM,Clear,0.33,7.24,0.5,24.4,78.0
2026-06-24 17:45:49,RTM,Clear,0.27,7.98,0.6,13.6,61.9
2026-01-26 09:51:11,RTM,Clear,0.29,7.56,0.0,26.5,78.3
2026-05-02 11:42:55,RTM,Clear,0.3,7.67,0.9,20.6,59.8
2026-01-07 04:58:26,RTM,Clear,0.42,6.57,0.8,20.1,80.2
2026-05-24 22:33:46,RTM,Rain,0.27,6.55,6.5,16.2,74.5
2026-01-07 03:10:27,RTM,Cloudy,0.06,9.55,1.1,34.9,40.8
2026-06-23 07:25:41,RTM,Clear,0.12,9.35,0.9,29.0,66.6
2026-03-03 18:39:35,RTM,Cloudy,0.52,5.78,0.3,22.1,79.0
2026-01-21 03:03:28,RTM,Clear,0.5,6.01,0.7,25.2,70.0
2026-06-26 05:26:22,RTM,Clear,0.32,7.27,0.3,26.9,77.8
2026-01-20 23:11:13,RTM,Cloudy,0.32,8.0,1.0,26.5,89.7
2026-03-09 04:47:53,RTM,Clear,0.13,9.64,1.4,34.4,49.2
2026-04-26 17:18:37,RTM,Cloudy,0.21,7.78,1.0,28.7,50.5
2026-06-09 23:41:03,RTM,Clear,0.13,8.32,0.7,15.0,49.8
2026-06-24 12:47:24,RTM,Cloudy,0.57,5.09,0.7,23.5,81.8
2026-02-07 05:31:28,RTM,Rain,0.11,8.46,9.9,25.3,84.1
2026-05-20 05:09:21,RTM,Clear,0.15,8.5,0.7,25.9,82.3
2026-03-16 23:54:16,RTM,Cloudy,0.22,7.95,0.1,13.5,92.9
2026-04-09 11:55:15,RTM,Clear,0.28,7.41,0.2,25.3,59.1
2026-01-16 19:28:00,RTM,Rain,0.23,7.8,4.7,24.9,55.8
2026-02-02 07:31:19,RTM,Cloudy,0.27,7.48,1.1,11.4,69.9
2026-02-25 14:37:53,RTM,Clear,0.41,6.25,1.3,19.3,45.9
2026-02-14 09:39:30,RTM,Rain,0.3,6.12,10.3,32.8,85.6
2026-05-09 22:24:37,RTM,Fog,0.43,6.25,1.1,12.6,76.8
2026-01-02 20:41:25,RTM,Cloudy,0.25,7.94,1.2,4.2,70.3
2026-02-01 11:12:33,RTM,Cloudy,0.06,9.51,1.3,20.6,76.8
2026-06-06 02:47:56,RTM,Clear,0.22,8.71,1.2,24.5,55.4
2026-05-23 03:55:13,RTM,Rain,0.15,8.58,7.7,25.1,57.8
2026-06-28 13:45:30,RTM,Clear,0.2,8.42,0.6,26.6,71.5
2026-03-10 06:33:51,RTM,Cloudy,0.34,6.78,0.5,31.7,67.8
2026-06-25 21:32:29,RTM,Fog,0.53,6.07,0.3,30.2,64.9
2026-04-20 13:15:41,RTM,Clear,0.08,9.74,1.3,24.3,55.3
2026-02-26 03:59:24,RTM,Fog,0.8,2.51,0.2,17.8,44.2
2026-04-18 04:13:31,RTM,Clear,0.39,6.53,1.2,34.7,75.4
2026-04-29 21:01:51,RTM,Clear,0.16,7.8,0.7,23.0,72.3
2026-03-28 16:39:58,RTM,Fog,0.58,4.8,0.5,29.5,55.3
2026-02-24 23:51:21,RTM,Rain,0.24,6.29,5.2,22.3,95.0
2026-01-08 18:07:26,RTM,Cloudy,0.43,6.22,0.1,24.1,100.0
2026-05-04 12:00:29,RTM,Cloudy,0.16,8.72,1.1,32.8,74.8
2026-01-25 10:48:10,RTM,Cloudy,0.09,9.5,0.9,23.8,50.2
2026-03-05 14:26:07,RTM,Cloudy,0.21,8.4,1.2,20.3,86.0
2026-04-03 09:06:27,RTM,Clear,0.17,9.65,1.1,14.3,54.6
2026-01-26 22:55:07,RTM,Clear,0.22,8.28,0.2,42.9,91.2
2026-01-01 06:56:25,RTM,Clear,0.11,9.15,0.9,11.9,50.8
2026-03-31 07:48:06,RTM,Clear,0.38,6.13,1.0,17.1,83.6
2026-02-22 17:16:20,RTM,Rain,0.18,7.85,4.5,25.8,44.1
2026-02-08 01:07:31,RTM,Rain,0.24,7.22,10.8,22.0,78.6
2026-01-31 15:06:49,RTM,Cloudy,0.18,8.69,0.2,33.7,80.9
2026-04-07 04:39:22,RTM,Rain,0.25,6.34,18.6,15.8,87.4
2026-03-02 10:13:03,RTM,Clear,0.36,6.99,1.0,15.5,71.6
2026-02-26 05:52:28,RTM,Clear,0.11,8.45,0.8,14.0,62.1
2026-03-19 06:36:41,RTM,Rain,0.16,7.39,4.1,27.0,82.5
2026-02-18 16:51:30,RTM,Cloudy,0.42,7.16,1.0,17.4,69.6
2026-01-21 06:30:47,RTM,Clear,0.08,9.76,1.0,23.7,84.3
2026-01-24 04:11:28,RTM,Clear,0.62,4.49,0.2,5.7,66.0
2026-01-03 00:22:45,RTM,Rain,0.48,4.21,15.9,25.4,52.2
2026-03-14 23:55:42,RTM,Clear,0.21,8.04,0.8,21.6,47.9
2026-05-11 15:20:28,RTM,Fog,0.59,4.53,1.3,21.5,100.0
2026-05-31 21:20:28,RTM,Clear,0.34,6.92,1.1,33.9,84.0
2026-03-23 16:43:11,RTM,Clear,0.11,8.91,0.0,21.2,39.1
2026-01-08 17:13:23,RTM,Rain,0.24,6.91,9.9,16.9,72.0
2026-02-16 12:27:44,RTM,Rain,0.51,4.35,16.6,33.3,51.0
2026-01-21 14:38:48,RTM,Rain,0.31,6.69,8.4,17.4,36.8
2026-04-30 03:44:55,RTM,Clear,0.14,10.03,0.2,4.8,48.9
2026-01-06 08:56:56,RTM,Cloudy,0.22,8.59,0.4,18.1,71.7
2026-01-08 16:41:30,RTM,Cloudy,0.28,7.73,0.1,2.8,29.5
2026-05-23 11:50:13,RTM,Cloudy,0.34,7.85,0.4,28.3,44.1
2026-04-16 09:47:35,RTM,Rain,0.48,4.95,6.5,31.5,99.0
2026-02-20 14:32:36,RTM,Clear,0.3,7.52,1.4,26.7,85.7
2026-05-16 14:24:14,RTM,Clear,0.44,5.99,0.4,23.9,61.1
2026-04-14 15:59:54,RTM,Clear,0.68,3.62,1.3,10.4,57.3
2026-01-19 14:44:40,RTM,Clear,0.19,8.51,0.5,26.2,78.3
2026-05-20 09:32:24,RTM,Fog,0.42,6.48,0.8,19.2,56.8
2026-06-23 14:02:43,RTM,Clear,0.08,8.61,0.3,27.1,74.0
2026-04-19 03:50:07,RTM,Clear,0.21,8.55,1.2,42.9,45.5
2026-05-03 11:33:23,RTM,Clear,0.38,7.12,0.5,27.0,64.8
2026-03-31 15:15:38,RTM,Clear,0.39,7.15,0.8,34.6,85.3
2026-05-20 11:07:31,RTM,Cloudy,0.26,8.44,0.9,24.5,57.0
2026-01-29 18:09:09,RTM,Fog,0.76,3.81,0.1,23.0,83.8
2026-05-27 00:42:28,RTM,Cloudy,0.65,4.38,1.0,18.5,68.1
2026-03-07 02:30:23,RTM,Cloudy,0.6,4.19,1.2,32.4,72.0
2026-04-10 14:16:18,RTM,Rain,0.22,6.95,11.0,9.3,55.8
2026-06-25 01:03:30,RTM,Rain,0.29,6.29,6.0,20.4,99.5
2026-01-02 14:55:03,RTM,Clear,0.42,6.61,1.1,7.5,90.8
2026-04-24 14:48:42,RTM,Clear,0.44,5.11,1.5,29.5,100.0
2026-01-30 04:57:18,RTM,Clear,0.26,7.71,1.4,28.2,80.0
2026-03-02 04:21:56,RTM,Fog,0.58,6.25,1.4,21.9,76.2
2026-03-11 21:15:50,RTM,Clear,0.69,3.29,0.9,28.9,63.0
2026-06-12 10:00:40,RTM,Clear,0.43,7.12,0.2,29.4,80.3
2026-04-16 01:13:50,RTM,Clear,0.17,8.6,0.0,20.4,51.7
2026-05-02 10:32:18,RTM,Clear,0.65,5.02,1.2,18.8,100.0
2026-01-30 13:48:17,RTM,Rain,0.11,7.13,1.0,39.2,73.5
2026-05-08 23:11:24,RTM,Cloudy,0.22,8.12,0.0,19.3,91.1
2026-06-27 22:33:00,RTM,Clear,0.44,6.17,1.1,15.4,52.9
2026-03-18 06:38:54,RTM,Clear,0.1,9.25,0.2,20.3,60.8
2026-05-26 03:06:43,RTM,Clear,0.51,6.17,0.3,29.8,69.0
2026-04-07 02:48:41,RTM,Clear,0.25,8.45,0.1,8.2,76.9
2026-03-16 09:16:07,RTM,Fog,0.77,2.68,0.3,30.9,76.6
2026-03-19 20:16:48,RTM,Clear,0.49,5.3,0.4,26.6,62.9
2026-06-09 20:16:30,RTM,Clear,0.57,5.41,1.0,12.6,49.6
2026-05-31 03:41:08,RTM,Cloudy,0.03,9.21,1.4,19.9,66.6
2026-04-26 20:04:57,RTM,Cloudy,0.16,9.04,0.7,16.8,87.8
2026-04-23 11:32:25,RTM,Clear,0.15,8.96,1.1,25.8,71.0
2026-06-08 02:11:54,RTM,Clear,0.04,9.52,0.1,34.3,59.9
2026-06-17 04:11:37,RTM,Clear,0.4,6.15,1.5,19.9,78.9
2026-01-18 17:21:51,RTM,Fog,0.47,5.07,0.1,26.6,71.8
2026-01-21 09:22:17,RTM,Rain,0.18,8.0,5.9,27.1,48.6
2026-02-10 17:28:38,RTM,Clear,0.11,9.28,1.3,24.9,71.0
2026-06-27 22:50:44,RTM,Clear,0.39,5.79,1.5,14.6,53.4
2026-01-26 19:08:45,RTM,Clear,0.01,9.64,0.9,23.5,58.6
2026-01-01 06:31:59,RTM,Clear,0.49,5.54,0.2,33.4,80.2
2026-01-13 03:35:15,RTM,Cloudy,0.49,5.83,0.7,29.1,48.7
2026-03-19 20:10:13,RTM,Clear,0.2,9.1,0.7,26.5,94.8
2026-03-29 01:28:11,RTM,Fog,0.45,5.67,0.4,22.2,86.4
2026-02-28 06:33:39,RTM,Cloudy,0.19,8.43,1.3,30.0,100.0
2026-06-10 02:46:57,RTM,Clear,0.19,8.66,0.1,20.4,50.8
2026-03-18 14:34:49,RTM,Cloudy,0.24,7.41,0.8,29.2,84.5
2026-05-14 00:39:28,RTM,Cloudy,0.4,6.56,1.1,17.4,65.7
2026-04-04 06:24:52,RTM,Cloudy,0.36,7.26,0.3,21.3,66.5
2026-01-28 05:58:59,RTM,Clear,0.24,7.04,1.5,28.9,66.2
2026-02-28 03:01:39,RTM,Clear,0.23,7.82,0.7,32.8,48.5
2026-06-01 16:22:01,RTM,Clear,0.31,7.57,0.5,17.8,56.8
2026-02-10 23:32:10,RTM,Clear,0.21,7.76,0.4,21.9,76.3
2026-01-03 20:02:07,RTM,Cloudy,0.07,9.45,0.8,19.1,60.5
2026-04-28 09:37:26,RTM,Clear,0.35,7.04,0.6,26.8,56.2
2026-05-20 19:18:51,RTM,Clear,0.13,9.81,0.7,18.0,87.1
2026-01-15 10:48:57,RTM,Clear,0.56,4.98,0.7,32.6,89.3
2026-02-20 08:35:14,RTM,Fog,0.52,5.59,1.3,28.7,70.1
2026-02-19 12:15:17,RTM,Clear,0.3,7.45,0.7,26.5,84.1
2026-02-18 17:59:12,RTM,Fog,0.42,6.1,0.6,18.5,74.7
2026-03-27 16:56:28,RTM,Clear,0.57,5.49,0.8,37.0,56.3
2026-06-24 10:37:36,RTM,Cloudy,0.15,7.4,1.1,11.9,65.7
2026-04-17 06:57:32,RTM,Rain,0.33,5.79,10.4,31.8,77.1
2026-06-03 01:14:28,RTM,Clear,0.09,9.3,0.4,28.5,78.2
2026-03-13 10:53:12,RTM,Clear,0.24,7.7,0.8,21.7,59.9
2026-05-14 16:37:04,RTM,Rain,0.26,6.22,9.5,26.3,31.3
2026-06-09 09:57:51,RTM,Clear,0.15,8.88,0.4,13.2,74.4
2026-01-07 15:17:23,RTM,Cloudy,0.16,8.89,1.5,14.8,73.1
2026-05-02 16:34:28,RTM,Clear,0.32,7.41,0.0,33.2,56.5
2026-01-29 08:33:30,RTM,Clear,0.44,6.51,1.1,27.0,71.3
2026-04-15 10:58:51,RTM,Fog,0.6,5.12,0.2,22.3,77.4
2026-06-01 03:46:02,RTM,Fog,0.53,4.53,1.4,25.6,63.2
2026-06-30 11:47:11,RTM,Clear,0.43,6.33,0.6,5.6,46.0
2026-06-02 01:22:07,RTM,Clear,0.13,8.53,0.7,16.3,78.1
2026-03-26 05:39:05,RTM,Cloudy,0.15,8.87,0.1,38.1,95.6
2026-01-19 05:14:43,RTM,Clear,0.09,9.74,0.9,27.2,41.9
2026-02-27 17:11:09,RTM,Rain,0.37,5.63,4.5,27.2,84.6
2026-04-18 01:25:17,RTM,Fog,0.71,3.65,0.8,28.5,93.4
2026-06-27 00:46:15,RTM,Cloudy,0.11,9.14,0.3,23.9,95.6
2026-02-08 20:36:58,RTM,Clear,0.15,8.77,0.5,23.4,42.9
2026-06-17 04:11:10,RTM,Clear,0.38,6.85,1.5,27.6,96.2
2026-01-02 01:19:33,RTM,Cloudy,0.16,8.44,0.1,39.3,75.9
2026-04-30 11:51:50,RTM,Clear,0.35,6.31,0.4,25.2,68.2
2026-05-29 02:07:41,RTM,Clear,0.51,4.88,1.3,22.1,58.7
2026-01-14 04:13:12,RTM,Rain,0.3,6.12,4.2,18.8,86.1
2026-05-14 13:21:36,RTM,Clear,0.49,5.53,0.5,20.2,45.5
2026-04-01 16:48:02,RTM,Cloudy,0.24,8.48,0.8,17.6,95.6
2026-04-28 06:03:11,RTM,Clear,0.44,6.55,0.1,14.3,34.3
2026-05-16 19:56:08,RTM,Fog,0.98,2.81,0.5,26.5,77.7
2026-03-26 07:44:25,RTM,Fog,0.47,6.51,0.4,10.7,53.6
2026-06-23 20:30:09,RTM,Fog,0.48,6.24,1.1,27.7,48.1
2026-04-10 02:43:56,RTM,Clear,0.2,8.56,0.1,23.4,82.3
2026-01-06 02:38:29,RTM,Clear,0.22,7.9,0.9,14.5,100.0
2026-01-09 10:29:42,RTM,Clear,0.41,6.85,1.0,24.9,39.4
2026-05-08 04:15:18,RTM,Cloudy,0.02,10.4,0.3,0.9,58.3
2026-05-22 20:36:49,RTM,Clear,0.27,7.34,1.2,19.4,56.1
2026-01-18 15:22:38,RTM,Clear,0.28,8.15,0.9,32.8,74.8
2026-06-02 07:41:31,RTM,Cloudy,0.21,8.77,1.2,41.5,85.6
2026-03-08 20:59:25,RTM,Clear,0.38,6.23,1.4,20.8,47.7
2026-01-16 05:01:10,RTM,Clear,0.16,8.25,1.1,27.2,65.2
2026-01-24 07:00:32,RTM,Clear,0.08,8.43,1.5,34.1,100.0
2026-05-20 06:08:25,RTM,Clear,0.19,8.53,0.3,25.8,24.3
2026-06-07 09:20:25,RTM,Cloudy,0.26,7.62,0.9,18.3,82.8
2026-01-22 23:37:11,RTM,Clear,0.14,8.43,1.0,17.3,20.0
2026-02-17 09:57:27,RTM,Clear,0.38,6.78,1.4,29.8,49.4
2026-01-20 01:58:32,RTM,Rain,0.25,6.05,7.8,26.3,66.5
2026-04-14 02:44:28,RTM,Fog,0.71,3.87,0.5,15.3,83.7
2026-04-13 04:10:05,RTM,Cloudy,0.19,8.47,1.1,26.3,62.6
2026-02-23 23:13:55,RTM,Clear,0.13,9.15,0.6,31.1,79.4
2026-05-02 13:45:05,RTM,Clear,0.27,7.5,0.8,32.1,80.5
2026-02-18 05:25:46,RTM,Clear,0.09,9.66,0.9,19.9,67.4
2026-04-06 20:34:21,RTM,Rain,0.06,8.59,16.8,11.8,83.4
2026-03-30 03:55:56,RTM,Clear,0.16,8.87,0.5,28.6,63.1
2026-06-29 22:44:48,RTM,Clear,0.15,9.15,0.4,13.2,73.4
2026-03-21 21:53:28,RTM,Rain,0.46,4.72,6.4,20.7,86.7
2026-05-31 02:09:16,RTM,Clear,0.27,8.14,0.2,16.7,60.9
2026-05-24 22:25:33,RTM,Rain,0.34,5.77,11.1,24.4,50.7
2026-05-29 11:38:16,RTM,Cloudy,0.31,6.93,0.7,9.7,71.5
2026-02-19 09:40:36,RTM,Fog,0.52,5.59,0.5,20.4,62.0
2026-02-25 08:12:55,RTM,Cloudy,0.23,7.43,0.2,35.2,65.6
2026-03-09 14:33:43,RTM,Cloudy,0.58,3.88,0.8,31.2,53.8
2026-06-05 06:52:13,RTM,Cloudy,0.42,6.66,0.9,31.4,58.6
2026-06-28 14:30:54,RTM,Fog,0.55,6.11,0.2,20.2,42.2
2026-04-14 03:22:57,RTM,Rain,0.41,5.1,24.9,31.6,53.7
2026-01-28 10:49:16,RTM,Clear,0.21,8.16,1.2,15.8,63.7
2026-06-16 11:59:30,RTM,Fog,0.62,5.3,0.4,30.5,85.8
2026-06-29 11:28:44,RTM,Clear,0.24,8.46,0.3,31.2,75.5
2026-02-15 02:51:11,RTM,Clear,0.27,7.51,0.8,28.4,87.4
2026-01-25 09:28:33,RTM,Fog,0.84,2.82,0.8,39.7,75.6
2026-04-04 12:49:06,RTM,Rain,0.53,4.6,3.2,25.6,85.7
2026-05-10 16:31:09,RTM,Clear,0.1,9.71,0.5,41.6,64.2
2026-03-11 12:47:17,RTM,Cloudy,0.33,6.79,1.0,23.6,58.8
2026-05-20 20:04:23,RTM,Fog,0.52,5.74,0.5,35.9,76.1
2026-06-14 13:13:25,RTM,Clear,0.35,7.21,0.7,22.9,82.2
2026-02-25 14:05:39,RTM,Clear,0.3,7.86,0.5,24.3,29.6
2026-05-03 02:17:12,RTM,Clear,0.53,5.46,0.9,1.5,86.5
2026-04-10 16:19:48,RTM,Clear,0.39,7.59,0.4,22.6,74.5
2026-03-11 06:10:39,RTM,Clear,0.48,5.96,0.7,19.5,33.2
2026-06-03 05:30:53,RTM,Cloudy,0.38,6.44,0.6,28.2,38.4
2026-05-20 11:23:44,RTM,Clear,0.5,5.61,0.8,46.7,66.6
2026-02-04 13:48:54,RTM,Fog,0.69,4.73,1.2,11.6,71.2
2026-05-29 14:03:04,RTM,Cloudy,0.1,9.38,0.8,21.2,72.0
2026-03-22 02:09:58,RTM,Clear,0.11,8.36,1.0,36.1,73.4
2026-06-08 17:54:01,RTM,Clear,0.46,5.56,0.7,33.8,86.8
2026-03-25 06:06:00,RTM,Fog,0.51,6.14,0.6,35.9,64.8
2026-03-08 02:40:05,RTM,Cloudy,0.08,8.87,0.6,23.8,55.2
2026-06-18 01:44:51,RTM,Clear,0.17,8.61,1.4,11.4,65.7
2026-01-21 21:24:07,RTM,Clear,0.3,7.39,1.3,15.2,75.3
2026-06-30 20:50:59,RTM,Clear,0.37,7.02,0.1,17.1,65.9
2026-01-18 17:04:05,RTM,Clear,0.34,6.59,1.3,21.5,57.9
2026-01-29 09:33:44,RTM,Clear,0.77,3.41,1.2,15.4,69.4
2026-03-05 20:45:20,RTM,Cloudy,0.38,6.67,0.2,24.1,81.8
2026-04-08 03:33:54,RTM,Cloudy,0.47,5.67,0.6,34.4,68.0
2026-06-24 05:09:59,RTM,Clear,0.15,8.26,1.1,17.0,51.5
2026-05-26 05:18:32,RTM,Clear,0.59,5.22,0.5,22.1,51.5
2026-02-13 01:46:30,RTM,Rain,0.08,7.95,1.0,18.6,87.7
2026-05-17 08:39:13,RTM,Clear,0.06,9.84,1.3,28.4,52.3
2026-06-15 02:14:06,RTM,Cloudy,0.05,9.64,1.4,26.4,59.4
2026-04-18 04:11:47,RTM,Clear,0.13,8.29,0.0,24.1,59.0
2026-01-15 13:23:05,RTM,Cloudy,0.13,8.77,1.0,12.6,73.6
2026-04-21 18:31:48,RTM,Rain,0.26,6.57,4.0,32.0,57.3
2026-03-14 13:23:10,RTM,Clear,0.49,6.09,1.4,9.5,78.1
2026-02-10 18:52:33,RTM,Clear,0.07,9.31,1.2,10.4,80.6
2026-02-01 17:27:05,RTM,Cloudy,0.15,8.52,1.1,18.0,91.7
2026-02-23 13:31:44,RTM,Clear,0.36,6.79,1.1,26.6,58.1
2026-01-06 21:48:00,RTM,Clear,0.14,9.1,0.8,21.3,20.0
2026-02-09 16:18:30,RTM,Fog,0.67,4.53,0.1,15.6,58.6
2026-03-22 10:25:07,RTM,Rain,0.39,5.97,13.9,38.0,62.9
2026-02-09 14:19:47,RTM,Clear,0.26,8.14,1.2,27.9,56.3
2026-03-10 02:33:23,RTM,Clear,0.16,9.17,0.8,26.4,43.1
2026-01-13 21:45:51,RTM,Fog,0.49,6.08,1.3,16.7,73.2
2026-03-14 00:24:23,RTM,Clear,0.18,8.87,0.8,35.4,65.0
2026-02-06 07:26:27,RTM,Cloudy,0.08,9.36,0.5,31.5,47.7
2026-03-09 22:21:21,RTM,Rain,0.61,2.94,1.8,24.9,79.2
2026-04-01 10:37:34,RTM,Cloudy,0.01,10.17,1.3,21.0,41.8
2026-06-21 00:15:00,RTM,Clear,0.42,6.81,0.9,12.1,53.8
2026-02-14 19:46:13,RTM,Clear,0.12,8.6,1.4,26.6,68.4
2026-03-13 04:05:17,RTM,Clear,0.45,5.76,0.1,11.8,67.9
2026-05-05 14:48:55,RTM,Cloudy,0.3,7.62,1.0,13.3,74.7
2026-04-19 12:45:21,RTM,Clear,0.6,5.51,1.5,28.4,60.8
2026-02-02 08:47:18,RTM,Cloudy,0.35,7.87,0.1,15.5,58.7
2026-03-26 07:21:11,RTM,Clear,0.49,5.96,1.5,28.5,55.2
2026-01-15 17:58:09,RTM,Rain,0.18,7.59,6.0,37.5,67.1
2026-01-10 06:29:59,RTM,Clear,0.22,8.28,0.9,18.4,100.0
2026-05-07 21:13:07,RTM,Rain,0.04,9.24,17.5,38.6,53.7
2026-01-12 13:14:21,RTM,Clear,0.3,7.43,0.9,24.4,86.0
2026-04-17 21:18:02,RTM,Cloudy,0.06,9.59,0.9,34.7,63.2
2026-03-05 03:28:37,RTM,Clear,0.56,6.0,1.4,23.2,65.3
2026-03-09 10:44:57,RTM,Cloudy,0.31,7.19,0.0,40.9,63.4
2026-06-29 14:15:57,RTM,Cloudy,0.28,7.84,0.9,7.8,80.6
2026-03-10 18:14:10,RTM,Clear,0.24,7.29,1.4,24.7,100.0
2026-06-22 05:13:48,RTM,Cloudy,0.17,9.13,0.2,27.2,78.9
2026-01-28 20:36:16,RTM,Cloudy,0.42,6.66,1.1,23.6,82.6
2026-05-07 19:21:40,RTM,Clear,0.21,8.3,0.6,29.4,51.7
2026-01-26 23:00:36,RTM,Fog,0.54,5.58,1.3,31.8,47.6
2026-03-25 01:19:29,RTM,Clear,0.39,6.66,0.4,22.4,92.0
2026-05-05 23:27:16,RTM,Clear,0.09,9.27,0.2,33.2,42.8
2026-06-13 08:13:37,RTM,Rain,0.26,6.79,11.1,27.8,66.0
2026-06-30 20:40:55,RTM,Clear,0.12,9.99,0.6,22.0,78.8
2026-06-25 15:09:05,RTM,Clear,0.34,6.86,0.3,24.5,33.0
2026-02-05 13:16:26,RTM,Fog,0.88,2.06,1.3,26.8,98.7
2026-04-28 19:27:28,RTM,Clear,0.29,7.5,0.6,23.3,70.2
2026-04-21 09:13:19,RTM,Rain,0.29,6.01,4.3,14.0,97.1
2026-04-29 00:40:20,RTM,Clear,0.24,7.47,0.0,30.8,68.5
2026-04-15 21:14:07,RTM,Clear,0.23,7.8,1.3,26.7,55.1
2026-06-20 23:29:10,RTM,Cloudy,0.12,9.51,1.1,33.6,40.3
2026-01-06 15:49:56,RTM,Clear,0.02,10.31,1.0,25.8,54.7
2026-03-09 05:02:12,RTM,Cloudy,0.14,8.67,0.4,43.9,39.9
2026-03-14 14:50:35,RTM,Rain,0.18,8.2,9.1,20.2,65.5
2026-03-29 07:48:07,RTM,Cloudy,0.3,6.96,0.7,18.3,65.7
2026-04-04 14:05:57,RTM,Clear,0.52,5.23,1.2,28.7,83.4
2026-03-21 03:49:40,RTM,Clear,0.41,6.72,0.1,40.8,42.2
2026-06-27 10:23:22,RTM,Clear,0.62,5.02,0.4,23.8,52.7
2026-04-05 04:33:06,RTM,Clear,0.11,8.81,0.3,16.1,84.4
2026-05-03 02:00:15,RTM,Fog,0.85,2.38,1.2,10.3,79.3
2026-05-11 17:54:59,RTM,Clear,0.38,6.46,1.0,24.1,58.1
2026-01-12 11:40:40,RTM,Rain,0.39,5.49,6.4,24.4,76.7
2026-01-27 23:51:37,RTM,Rain,0.28,6.42,8.9,28.2,66.1
2026-02-04 09:31:15,RTM,Clear,0.65,4.53,0.1,11.3,100.0
2026-05-10 15:13:59,RTM,Clear,0.19,7.95,1.2,33.3,32.6
2026-04-04 12:58:57,RTM,Clear,0.17,8.95,0.8,24.4,56.6
2026-05-20 00:34:09,RTM,Clear,0.36,7.36,0.9,30.2,78.2
2026-01-21 07:52:59,RTM,Clear,0.24,7.89,0.1,28.3,88.7
2026-04-15 10:05:40,RTM,Rain,0.32,5.73,2.9,19.1,53.2
2026-03-22 20:48:09,RTM,Rain,0.41,5.36,3.5,27.4,100.0
2026-06-04 19:18:23,RTM,Clear,0.24,8.66,1.3,30.5,74.0
2026-04-05 16:04:31,RTM,Clear,0.6,4.87,0.3,12.7,63.5
2026-04-27 05:11:05,RTM,Cloudy,0.2,8.32,0.0,22.7,96.3
2026-03-23 09:16:14,RTM,Cloudy,0.46,7.17,1.4,15.1,57.6
2026-03-05 08:22:28,RTM,Clear,0.32,6.52,1.5,23.4,71.6
2026-05-06 16:41:51,RTM,Fog,0.57,4.89,0.9,25.5,68.5
2026-06-10 07:55:56,RTM,Rain,0.18,7.61,5.6,18.7,68.6
2026-04-05 19:24:43,RTM,Clear,0.14,8.22,0.2,15.1,56.9
2026-02-16 05:14:06,RTM,Fog,0.52,5.76,0.2,30.7,72.3
2026-02-04 06:51:54,RTM,Clear,0.24,7.52,0.3,16.7,63.0
2026-01-16 16:35:47,RTM,Clear,0.27,7.8,0.4,30.0,23.6
2026-02-07 07:47:44,RTM,Cloudy,0.37,6.76,1.0,22.0,52.5
2026-05-23 01:50:25,RTM,Clear,0.44,6.42,1.4,29.9,72.0
2026-05-10 12:31:28,RTM,Fog,0.74,4.08,0.8,25.6,73.0
2026-01-05 22:12:19,RTM,Cloudy,0.46,6.03,1.0,21.6,79.6
2026-01-31 19:13:14,RTM,Clear,0.19,8.46,1.5,33.9,45.6
2026-01-12 20:30:58,RTM,Rain,0.44,5.98,7.7,21.1,47.9
2026-03-24 02:52:52,RTM,Clear,0.28,7.23,0.4,28.0,20.0
2026-02-15 19:13:48,RTM,Rain,0.37,5.49,3.8,9.5,78.9
2026-01-16 12:05:08,RTM,Rain,0.08,8.12,2.4,33.4,46.7
2026-01-25 03:43:38,RTM,Rain,0.34,6.31,3.4,14.1,60.7
2026-05-05 20:10:06,RTM,Clear,0.08,9.46,0.7,27.0,53.0
2026-06-27 16:25:41,RTM,Clear,0.44,6.44,0.7,12.5,62.8
2026-04-11 19:26:24,RTM,Clear,0.09,8.86,1.0,26.6,72.6
2026-04-23 22:32:23,RTM,Fog,0.75,4.45,0.5,36.6,67.7
2026-04-07 12:51:32,RTM,Clear,0.23,7.93,1.3,22.8,88.8
2026-01-06 05:19:47,RTM,Clear,0.09,9.29,0.2,13.1,91.0
2026-03-28 03:58:37,RTM,Fog,0.6,5.07,1.1,28.5,97.3
2026-04-28 23:52:41,RTM,Clear,0.42,6.29,1.3,19.9,96.6
2026-01-12 07:27:36,RTM,Clear,0.31,7.52,1.2,20.8,70.1
2026-01-06 04:16:04,RTM,Clear,0.03,10.14,1.3,20.5,47.6
2026-01-06 03:09:18,RTM,Rain,0.3,6.89,6.4,26.8,62.6
2026-06-03 23:02:55,RTM,Fog,0.94,1.47,0.3,22.3,86.9
2026-01-15 21:02:51,RTM,Rain,0.36,5.51,8.1,25.3,38.2
2026-03-13 17:04:42,RTM,Cloudy,0.16,7.45,0.7,34.3,83.2
2026-03-31 07:06:37,RTM,Clear,0.06,9.33,0.9,18.2,43.5
2026-04-18 06:51:48,RTM,Clear,0.18,8.01,0.1,18.2,92.6
2026-06-03 06:02:16,RTM,Fog,0.74,3.83,0.1,11.8,78.2
2026-02-15 21:29:56,RTM,Clear,0.47,6.83,1.5,19.9,71.8
2026-03-11 18:36:03,RTM,Clear,0.23,8.03,0.3,33.7,54.7
2026-06-22 15:56:26,RTM,Clear,0.25,8.23,0.7,11.3,91.4
2026-01-21 22:32:32,RTM,Fog,0.61,4.86,0.1,31.5,85.6
2026-05-15 07:31:29,RTM,Clear,0.13,8.57,1.4,30.5,72.7
2026-06-13 06:44:11,RTM,Fog,0.55,5.26,0.9,21.8,58.2
2026-04-25 09:03:18,RTM,Clear,0.12,8.98,1.5,12.8,63.4
2026-01-30 14:09:48,RTM,Rain,0.65,3.55,12.2,10.4,44.0
2026-02-20 04:50:03,RTM,Fog,0.54,5.46,1.3,36.4,63.7
2026-03-19 15:29:06,RTM,Clear,0.39,6.48,0.5,18.4,97.2
2026-01-24 10:46:59,RTM,Clear,0.35,6.98,0.3,22.8,48.2
2026-03-31 12:53:25,RTM,Clear,0.33,7.45,0.8,16.1,59.3
2026-05-17 12:08:29,RTM,Rain,0.4,5.7,9.3,25.0,68.8
2026-01-02 06:59:09,RTM,Clear,0.36,7.82,1.4,15.0,61.8
2026-02-02 11:18:34,RTM,Clear,0.45,6.83,1.0,16.9,79.4
2026-03-03 18:52:47,RTM,Clear,0.31,7.96,0.7,32.1,98.8
2026-03-29 22:40:44,RTM,Cloudy,0.13,8.69,1.4,27.6,81.0
2026-05-04 20:51:10,RTM,Cloudy,0.15,8.91,0.4,23.9,68.8
2026-04-20 08:36:18,RTM,Cloudy,0.39,6.89,0.8,32.7,72.9
2026-03-24 13:02:04,RTM,Clear,0.53,5.71,1.2,26.5,81.7
2026-04-01 17:36:14,RTM,Clear,0.31,8.25,0.2,24.2,42.8
2026-04-10 20:25:24,RTM,Rain,0.07,8.3,2.3,1.1,72.9
2026-04-12 08:46:54,RTM,Cloudy,0.16,8.29,1.1,44.6,81.2
2026-05-14 21:04:11,RTM,Clear,0.46,6.58,1.2,20.9,73.9
2026-04-20 08:46:35,RTM,Rain,0.35,5.41,16.2,37.5,55.2
2026-06-05 10:44:39,RTM,Rain,0.41,5.19,6.9,22.5,32.9
2026-01-09 04:59:09,RTM,Rain,0.13,8.16,12.9,9.6,82.6
2026-03-08 09:42:40,RTM,Clear,0.28,7.68,0.6,23.8,51.4
2026-01-11 19:32:59,RTM,Cloudy,0.31,7.19,0.3,16.6,71.2
2026-03-07 11:19:29,RTM,Fog,0.6,4.92,0.3,21.5,69.9
2026-06-19 10:10:00,RTM,Clear,0.43,6.25,0.9,22.2,100.0
2026-05-03 00:02:14,RTM,Clear,0.35,7.52,0.4,22.9,89.2
2026-02-06 23:46:54,RTM,Fog,0.59,5.46,0.4,30.2,79.6
2026-06-19 05:23:20,RTM,Rain,0.54,4.12,4.5,18.1,100.0
2026-04-01 22:36:49,RTM,Clear,0.03,10.36,1.2,20.9,48.4
2026-03-16 17:59:59,RTM,Cloudy,0.24,7.78,0.0,19.6,41.1
2026-01-24 20:43:59,RTM,Rain,0.21,7.57,3.0,25.5,70.2
2026-03-20 03:44:15,RTM,Rain,0.28,6.66,0.9,31.1,93.3
2026-05-15 04:22:11,RTM,Cloudy,0.19,7.7,1.2,23.4,75.7
2026-04-17 16:15:33,RTM,Clear,0.31,7.32,0.8,33.5,51.4
2026-05-22 13:09:32,RTM,Rain,0.59,4.23,1.5,15.2,76.9
2026-01-02 15:53:32,RTM,Clear,0.02,9.65,0.2,19.6,48.0
2026-03-26 19:34:32,RTM,Clear,0.48,5.94,0.3,26.0,87.5
2026-05-21 22:15:03,RTM,Cloudy,0.22,8.5,0.2,31.7,62.7
2026-04-24 03:50:22,RTM,Rain,0.27,6.21,11.1,33.4,56.4
2026-04-21 01:29:33,RTM,Cloudy,0.15,9.14,0.7,25.6,53.2
2026-03-06 08:00:15,RTM,Cloudy,0.57,6.04,0.0,30.4,40.1
2026-03-31 06:50:23,RTM,Clear,0.42,6.72,0.8,21.4,52.4
2026-01-08 07:32:44,RTM,Fog,0.86,2.35,0.7,23.0,79.8
2026-06-20 13:45:22,RTM,Fog,0.89,2.32,0.1,26.0,88.1
2026-04-19 08:20:20,RTM,Clear,0.3,7.33,0.7,28.2,95.9
2026-02-01 07:00:13,RTM,Rain,0.75,2.45,4.6,20.0,76.3
2026-01-15 23:48:03,RTM,Rain,0.42,5.06,10.0,32.3,72.7
2026-01-20 07:46:07,RTM,Clear,0.2,8.65,0.5,21.6,36.5
2026-02-20 23:54:10,RTM,Cloudy,0.3,6.95,0.7,21.8,41.4
2026-05-22 15:05:10,RTM,Clear,0.71,4.03,1.1,30.3,45.6
2026-04-28 04:15:45,RTM,Cloudy,0.49,6.2,1.5,21.4,60.7
2026-05-23 17:44:49,RTM,Clear,0.45,5.8,1.2,34.8,77.0
2026-04-10 05:22:20,RTM,Clear,0.29,7.93,0.7,27.9,52.4
2026-03-16 17:45:49,RTM,Clear,0.23,8.33,0.7,23.9,61.3
2026-01-06 22:42:08,RTM,Clear,0.5,6.14,0.8,25.3,30.0
2026-05-17 22:54:02,RTM,Rain,0.14,8.64,8.6,24.8,50.3
2026-06-20 21:13:06,RTM,Clear,0.26,8.82,1.0,31.3,63.3
2026-06-27 03:38:00,RTM,Clear,0.16,8.24,0.2,29.7,57.3
2026-01-02 14:11:05,RTM,Clear,0.19,8.16,0.8,18.4,64.3
2026-03-20 20:07:46,RTM,Clear,0.17,8.51,0.3,21.1,63.2
2026-03-28 20:43:22,RTM,Rain,0.59,3.66,6.3,30.5,93.4
2026-01-27 20:03:34,RTM,Clear,0.23,8.26,0.6,23.1,63.6
2026-05-01 12:16:00,RTM,Clear,0.48,6.29,0.6,23.0,46.7
2026-06-20 08:04:22,RTM,Clear,0.22,8.62,1.4,22.4,72.8
2026-04-05 06:06:59,RTM,Cloudy,0.37,7.21,0.5,14.2,60.2
2026-04-27 01:15:04,RTM,Clear,0.02,10.37,0.3,22.2,73.0
2026-06-11 13:24:13,RTM,Fog,0.84,2.57,0.4,25.4,100.0
2026-03-29 21:44:26,RTM,Fog,0.56,5.26,0.4,20.3,69.9
2026-05-06 18:52:56,RTM,Clear,0.35,6.19,0.2,15.8,29.7
2026-02-01 00:10:10,RTM,Cloudy,0.33,6.48,0.5,31.7,64.3
2026-06-03 22:08:07,RTM,Clear,0.36,6.66,0.8,25.6,49.2
2026-06-22 03:19:22,RTM,Cloudy,0.47,5.81,0.5,3.9,59.6
2026-05-08 13:47:21,RTM,Fog,0.76,3.57,0.5,11.1,94.5
2026-05-02 17:55:02,RTM,Clear,0.09,9.23,0.1,24.9,66.7
2026-04-23 04:12:43,RTM,Fog,0.54,5.22,0.9,3.2,68.6
2026-04-05 15:03:25,RTM,Clear,0.29,8.14,0.3,17.2,58.5
2026-01-23 02:46:44,RTM,Fog,0.44,6.69,0.3,17.5,63.0
2026-02-07 08:27:48,RTM,Clear,0.4,5.96,1.1,27.3,58.7
2026-01-08 02:05:58,RTM,Clear,0.29,7.52,0.9,35.5,100.0
2026-01-30 11:07:50,RTM,Clear,0.2,7.61,0.4,17.0,63.6
2026-02-12 14:50:26,RTM,Cloudy,0.44,6.44,0.2,36.7,66.1
2026-06-20 22:36:41,RTM,Clear,0.1,9.24,0.1,19.7,25.2
2026-01-03 13:17:18,RTM,Clear,0.14,8.62,1.1,31.1,78.1
2026-04-23 07:26:54,RTM,Clear,0.15,8.63,0.2,26.8,57.5
2026-01-18 10:52:14,RTM,Cloudy,0.15,8.89,0.5,25.1,84.6
2026-02-07 09:44:12,RTM,Clear,0.32,6.73,0.7,36.0,49.2
2026-04-17 16:43:16,RTM,Cloudy,0.23,7.83,0.2,29.3,55.3
2026-01-18 22:44:32,RTM,Clear,0.11,9.14,1.4,16.4,71.3
2026-01-03 03:15:39,RTM,Clear,0.21,7.89,0.5,20.1,63.1
2026-05-17 00:28:11,RTM,Clear,0.71,4.3,0.9,16.6,46.6
2026-03-11 00:41:38,RTM,Clear,0.39,6.53,0.4,20.9,93.0
2026-04-12 04:11:51,RTM,Clear,0.4,6.78,0.2,31.2,54.4
2026-04-06 12:48:32,RTM,Fog,0.48,5.72,0.6,29.5,67.5
2026-01-12 21:45:39,RTM,Fog,0.7,3.67,0.5,10.4,74.8
2026-04-16 01:39:57,RTM,Clear,0.14,8.97,1.0,45.5,72.3
2026-06-12 05:08:29,RTM,Clear,0.15,8.79,0.2,19.6,39.9
2026-01-23 08:55:39,RTM,Clear,0.17,8.73,0.2,29.6,44.0
2026-02-18 16:21:30,RTM,Cloudy,0.16,8.77,1.0,23.0,42.4
2026-01-06 11:49:50,RTM,Rain,0.32,6.57,3.1,26.0,61.1
2026-06-14 12:14:12,RTM,Clear,0.09,9.3,0.7,25.0,87.1
2026-05-13 21:20:40,RTM,Clear,0.35,7.37,1.2,15.9,78.2
2026-03-22 23:47:54,RTM,Fog,0.5,5.86,1.4,25.6,60.8
2026-04-09 01:32:43,RTM,Clear,0.25,7.3,1.4,32.7,62.8
2026-05-14 08:22:26,RTM,Clear,0.56,5.29,1.4,26.4,35.4
2026-02-26 15:23:15,RTM,Clear,0.41,7.07,0.5,34.5,100.0
2026-01-11 17:11:04,RTM,Clear,0.28,7.38,0.8,17.1,67.4
2026-03-13 18:10:44,RTM,Cloudy,0.37,7.47,0.9,25.3,93.6
2026-06-18 16:31:19,RTM,Fog,0.71,4.44,0.4,24.5,53.8
2026-05-24 22:59:13,RTM,Clear,0.16,8.12,1.4,13.0,84.9
2026-06-14 16:33:07,RTM,Rain,0.04,8.54,5.6,16.0,85.8
2026-04-20 04:41:02,RTM,Clear,0.05,9.37,0.0,16.9,64.6
2026-04-15 22:32:18,RTM,Rain,0.19,6.83,3.8,22.9,37.9
2026-06-04 22:09:57,RTM,Clear,0.16,8.58,0.7,22.2,67.8
2026-01-13 01:19:00,RTM,Cloudy,0.42,7.13,1.2,30.1,42.4
2026-03-09 07:19:43,RTM,Rain,0.16,6.77,3.9,20.7,73.0
2026-05-01 21:43:13,RTM,Clear,0.22,7.4,1.3,30.8,67.4
2026-03-19 17:24:24,RTM,Clear,0.5,5.19,0.7,17.3,87.1
2026-04-25 09:13:17,RTM,Clear,0.5,6.02,1.3,23.3,76.5
2026-01-11 16:30:00,RTM,Cloudy,0.16,9.24,1.2,12.4,72.7
2026-04-10 23:04:35,RTM,Clear,0.12,8.47,1.3,22.2,87.6
2026-04-05 15:57:31,RTM,Clear,0.17,9.91,1.0,26.2,74.2
2026-03-26 16:15:09,RTM,Rain,0.32,6.57,9.4,24.7,58.1
2026-05-07 05:05:06,RTM,Fog,0.59,5.6,1.1,38.0,65.2
2026-02-03 07:08:08,RTM,Rain,0.15,7.69,1.2,23.5,75.8
2026-06-02 03:37:24,RTM,Clear,0.56,4.66,0.9,26.4,65.6
2026-06-21 16:04:13,RTM,Clear,0.15,8.53,1.1,35.9,60.7
2026-02-12 17:30:12,RTM,Cloudy,0.11,9.21,0.9,26.2,37.5
2026-04-24 13:49:12,RTM,Cloudy,0.1,10.3,1.3,21.5,36.4
2026-05-16 19:49:04,RTM,Clear,0.22,8.14,0.5,26.9,51.1
2026-02-18 10:42:41,RTM,Clear,0.19,7.5,0.6,31.3,64.2
2026-04-12 03:00:13,RTM,Clear,0.03,10.04,0.9,43.5,50.0
2026-01-08 20:17:39,RTM,Clear,0.4,5.94,0.4,30.6,100.0
2026-02-07 04:49:01,RTM,Clear,0.05,9.61,0.1,27.5,75.8
2026-05-21 23:25:47,RTM,Rain,0.25,6.24,8.9,25.7,43.1
2026-04-22 17:07:47,RTM,Cloudy,0.24,7.26,0.3,25.7,81.0
2026-05-27 05:01:47,RTM,Clear,0.18,8.18,1.2,17.0,60.8
2026-01-23 04:50:40,RTM,Cloudy,0.25,7.96,0.4,8.2,56.5
2026-04-25 19:38:56,RTM,Cloudy,0.35,7.21,1.4,13.5,56.7
2026-05-11 12:23:32,RTM,Clear,0.59,5.38,0.6,27.3,37.4
2026-06-19 18:32:42,RTM,Clear,0.51,6.59,1.4,34.4,53.1
2026-02-12 17:06:28,RTM,Fog,0.5,5.23,1.1,36.7,86.2
2026-06-21 16:28:46,RTM,Fog,0.87,3.21,0.4,20.9,42.7
2026-02-27 01:45:02,RTM,Clear,0.5,5.83,1.2,24.5,78.2
2026-02-04 07:28:35,RTM,Clear,0.27,7.54,0.9,20.4,50.0
2026-05-10 08:12:17,RTM,Rain,0.5,4.28,5.4,26.8,77.7
2026-02-24 11:22:35,RTM,Fog,0.79,4.07,0.3,18.1,56.3
2026-02-04 04:54:43,RTM,Clear,0.51,5.28,0.3,16.2,100.0
2026-03-26 12:38:31,RTM,Rain,0.17,7.04,20.4,26.1,70.6
2026-05-09 13:37:55,RTM,Cloudy,0.12,9.34,0.0,14.8,73.5
2026-04-06 08:33:25,RTM,Clear,0.4,6.36,1.3,15.6,36.9
2026-02-13 07:38:34,RTM,Clear,0.33,7.4,1.3,26.7,72.6
2026-02-15 01:06:07,RTM,Rain,0.13,6.85,13.1,36.2,58.4
2026-02-19 12:13:27,RTM,Cloudy,0.28,8.65,1.4,17.3,52.8
2026-01-26 05:03:41,RTM,Clear,0.23,8.72,0.9,33.7,81.2
2026-02-17 04:50:05,RTM,Clear,0.44,6.83,1.3,27.0,72.3
2026-03-07 04:46:14,RTM,Fog,0.71,3.79,0.7,22.6,85.1
2026-04-13 07:36:32,RTM,Clear,0.43,6.36,0.3,22.2,68.6
2026-04-10 08:12:52,RTM,Clear,0.44,6.54,1.0,22.8,96.8
2026-02-19 05:32:52,RTM,Clear,0.11,9.01,1.2,17.9,75.7
2026-06-27 04:43:10,RTM,Fog,0.46,6.11,1.2,26.9,45.5
2026-02-15 01:12:55,RTM,Clear,0.37,6.53,0.7,26.1,90.7
2026-01-01 16:24:51,RTM,Cloudy,0.25,8.1,1.4,34.6,64.2
2026-06-29 15:00:31,RTM,Clear,0.17,7.74,0.9,28.3,44.2
2026-05-06 15:51:35,RTM,Clear,0.34,7.05,1.4,22.1,64.5
2026-02-20 13:35:42,RTM,Clear,0.55,5.47,0.5,28.3,55.5
2026-01-28 04:10:00,RTM,Rain,0.78,2.46,9.4,31.0,86.1
2026-05-01 10:18:21,RTM,Fog,0.55,5.62,0.9,31.8,73.4
2026-02-22 10:08:45,RTM,Cloudy,0.26,7.21,1.3,20.2,48.0
2026-04-02 13:42:56,RTM,Clear,0.42,7.13,0.1,25.8,85.7
2026-01-18 22:34:36,RTM,Clear,0.25,7.15,1.4,27.6,65.3
2026-02-02 05:03:54,RTM,Clear,0.08,9.24,0.7,13.9,60.0
2026-04-04 08:07:59,RTM,Fog,1.0,1.03,1.4,25.6,87.0
2026-04-05 17:21:35,RTM,Cloudy,0.19,8.13,1.4,17.9,68.4
2026-03-26 06:52:50,RTM,Clear,0.1,8.43,1.5,27.7,90.2
2026-04-06 06:30:32,RTM,Cloudy,0.32,6.88,1.1,8.1,40.1
2026-04-24 14:53:22,RTM,Clear,0.06,9.15,0.2,23.8,40.4
2026-05-10 11:36:06,RTM,Clear,0.37,6.85,1.4,19.4,100.0
2026-02-28 11:00:25,RTM,Clear,0.42,5.51,0.2,18.9,51.3
2026-04-14 18:55:06,RTM,Fog,0.61,4.65,1.3,23.0,83.0
2026-01-08 02:16:45,RTM,Rain,0.33,5.54,1.3,30.9,59.2
2026-03-04 02:50:31,RTM,Cloudy,0.19,7.86,0.3,18.0,38.2
2026-02-26 02:05:07,RTM,Clear,0.39,6.83,0.4,25.5,95.0
2026-05-07 05:57:22,RTM,Cloudy,0.24,8.55,0.2,24.0,82.4
2026-05-31 12:38:41,RTM,Cloudy,0.34,6.72,0.4,22.8,83.0
2026-01-11 06:44:08,RTM,Fog,0.53,5.38,1.2,18.1,47.8
2026-06-17 04:27:26,RTM,Clear,0.01,9.22,0.7,31.5,42.0
2026-01-19 12:05:07,RTM,Clear,0.35,7.19,0.6,19.5,49.1
2026-04-16 00:06:25,RTM,Fog,0.83,3.29,0.8,22.4,66.0
2026-01-11 12:05:24,RTM,Clear,0.02,9.67,1.0,24.0,62.5
2026-06-22 23:08:44,RTM,Cloudy,0.19,9.03,1.4,19.3,53.3
2026-04-19 11:39:22,RTM,Cloudy,0.2,8.32,0.2,14.9,79.0
2026-02-26 19:02:07,RTM,Clear,0.22,8.43,0.1,34.8,83.1
2026-06-22 13:53:47,RTM,Rain,0.02,8.86,4.3,22.3,25.2
2026-03-21 05:09:20,RTM,Clear,0.15,8.7,1.3,23.5,42.7
2026-03-04 18:48:47,RTM,Clear,0.33,6.97,0.4,20.7,68.9
2026-05-16 18:06:44,RTM,Clear,0.35,7.32,0.3,36.5,66.0
2026-02-10 16:27:36,RTM,Clear,0.2,8.33,0.0,35.9,80.4
2026-04-21 03:55:51,RTM,Clear,0.32,7.13,0.9,15.5,82.5
2026-05-16 22:35:43,RTM,Clear,0.33,7.18,0.2,16.7,73.0
2026-03-11 09:02:18,RTM,Clear,0.14,9.65,0.8,13.0,75.4
2026-01-09 12:12:42,RTM,Clear,0.66,5.08,0.1,28.8,49.3
2026-03-26 02:36:57,RTM,Cloudy,0.22,8.66,0.6,31.1,74.9
2026-01-31 02:19:27,RTM,Clear,0.14,9.29,0.6,27.1,59.1
2026-06-24 08:55:35,RTM,Cloudy,0.15,8.4,0.4,21.4,57.6
2026-04-20 23:21:36,RTM,Clear,0.15,8.35,0.6,21.9,47.3
2026-06-19 00:38:43,RTM,Clear,0.12,9.15,1.1,30.6,61.1
2026-06-07 14:05:00,RTM,Clear,0.06,9.82,1.0,29.6,43.8
2026-04-27 08:48:18,RTM,Rain,0.49,5.17,13.4,20.4,75.9
2026-02-10 22:55:42,RTM,Clear,0.35,6.65,0.5,11.2,34.9
2026-03-17 02:12:54,RTM,Clear,0.32,7.84,0.0,27.9,54.6
2026-05-08 16:21:32,RTM,Rain,0.18,7.38,13.5,37.6,94.0
2026-06-27 13:10:30,RTM,Cloudy,0.3,6.72,1.4,20.9,68.4
2026-01-20 04:02:47,RTM,Cloudy,0.4,6.51,1.0,36.6,74.3
2026-04-10 05:03:12,RTM,Cloudy,0.71,3.31,0.8,30.1,48.5
2026-03-16 05:04:37,RTM,Rain,0.14,7.45,5.3,24.3,86.5
2026-01-03 21:19:30,RTM,Clear,0.58,4.2,0.9,17.4,81.8
2026-05-09 23:29:16,RTM,Clear,0.22,7.7,0.4,25.8,80.3
2026-03-20 04:12:58,RTM,Cloudy,0.21,7.23,0.7,37.5,76.4
2026-06-03 18:44:27,RTM,Clear,0.24,8.22,0.8,32.7,97.7
2026-05-02 00:13:58,RTM,Clear,0.32,8.55,0.5,39.3,57.5
2026-02-08 21:06:13,RTM,Clear,0.36,7.12,1.0,25.0,61.6
2026-01-03 12:07:50,RTM,Fog,0.61,5.27,0.9,16.2,47.8
2026-05-07 11:34:08,RTM,Cloudy,0.55,5.65,0.5,22.8,93.4
2026-03-05 13:58:20,RTM,Clear,0.48,5.85,0.3,34.8,71.3
2026-04-07 00:04:37,RTM,Cloudy,0.06,9.34,1.3,22.5,58.3
2026-03-02 03:25:21,RTM,Cloudy,0.26,8.36,0.6,28.7,28.0
2026-02-15 09:48:22,RTM,Clear,0.1,8.94,0.9,31.4,38.8
2026-01-28 02:37:49,RTM,Clear,0.14,9.5,0.7,32.5,84.9
2026-05-20 15:59:13,RTM,Clear,0.4,6.37,0.2,40.8,100.0
2026-05-29 13:17:39,RTM,Rain,0.44,5.01,11.3,15.6,65.1
2026-01-28 04:14:00,RTM,Rain,0.41,4.86,23.2,17.1,29.4
2026-06-05 21:41:09,RTM,Clear,0.17,8.67,1.2,24.8,57.7
2026-05-15 20:37:04,RTM,Rain,0.3,5.84,7.2,15.1,56.7
2026-02-19 07:45:07,RTM,Cloudy,0.04,9.37,1.4,32.2,100.0
2026-02-14 11:08:27,RTM,Clear,0.12,9.15,0.9,20.8,75.0
2026-05-17 19:14:15,RTM,Rain,0.06,7.92,4.2,18.0,81.3
2026-01-24 15:54:29,RTM,Clear,0.51,5.8,0.0,23.6,95.7
2026-04-01 05:54:06,RTM,Clear,0.07,9.29,1.4,32.2,51.2
2026-03-10 22:56:38,RTM,Clear,0.35,6.83,1.2,18.2,65.1
2026-01-27 06:01:03,RTM,Clear,0.19,8.46,0.7,25.8,67.5
2026-05-03 02:46:36,RTM,Rain,0.41,5.49,7.2,34.8,69.6
2026-04-30 13:29:58,RTM,Clear,0.18,8.19,1.4,25.2,47.4
2026-01-25 06:54:35,RTM,Fog,0.52,6.3,0.2,17.6,76.1
2026-06-30 03:42:28,RTM,Rain,0.1,8.1,11.3,18.2,81.9
2026-01-15 20:49:46,RTM,Clear,0.5,5.53,1.2,17.9,68.9
2026-06-15 22:26:56,RTM,Cloudy,0.28,6.84,1.0,23.6,73.5
2026-05-24 21:40:26,RTM,Clear,0.21,8.44,1.0,28.9,83.1
2026-01-22 15:24:02,RTM,Cloudy,0.37,7.65,0.9,20.7,61.4
2026-03-09 19:27:39,RTM,Clear,0.54,5.19,0.8,24.9,58.4
2026-02-20 06:58:06,RTM,Clear,0.62,4.88,1.2,31.1,100.0
2026-04-05 00:45:34,RTM,Cloudy,0.35,6.23,0.8,38.4,53.8
2026-04-04 04:54:26,RTM,Clear,0.5,5.42,1.3,12.5,67.8
2026-06-21 03:23:06,RTM,Fog,0.41,6.52,0.1,28.3,73.1
2026-05-11 03:32:41,RTM,Rain,0.04,8.67,5.7,13.7,73.1
2026-03-13 12:29:06,RTM,Cloudy,0.47,7.11,1.5,30.1,100.0
2026-04-24 04:45:08,RTM,Cloudy,0.04,9.95,1.5,28.2,57.4
2026-05-31 02:17:49,RTM,Cloudy,0.12,8.86,0.1,12.6,65.7
2026-04-20 16:41:44,RTM,Clear,0.09,9.58,1.1,22.5,59.2
2026-06-12 09:35:53,RTM,Clear,0.02,10.34,1.1,22.5,53.5
2026-04-14 06:42:32,RTM,Cloudy,0.18,8.14,1.2,16.2,47.5
2026-05-11 03:25:11,RTM,Clear,0.38,7.08,1.5,25.9,65.9
2026-01-12 20:10:35,RTM,Cloudy,0.41,6.96,0.5,10.9,56.1
2026-04-27 14:38:33,RTM,Clear,0.43,6.01,1.2,12.7,48.5
2026-02-14 07:00:16,RTM,Clear,0.36,6.8,0.4,-4.5,44.4
2026-02-28 04:20:33,RTM,Clear,0.24,8.01,1.3,23.1,58.7
2026-02-24 16:21:38,RTM,Fog,0.64,4.31,0.9,30.0,99.7
2026-03-09 22:32:00,RTM,Clear,0.32,7.05,0.1,39.7,64.0
2026-02-11 09:34:21,RTM,Clear,0.21,8.23,1.1,9.6,68.0
2026-01-22 00:12:30,RTM,Clear,0.46,6.17,1.4,24.0,89.2
2026-04-09 06:12:07,RTM,Clear,0.07,9.43,1.3,18.1,98.2
2026-01-17 15:17:02,RTM,Fog,0.87,1.98,0.9,26.9,85.7
2026-02-27 16:27:10,RTM,Rain,0.38,5.87,13.8,31.1,70.1
2026-06-18 08:18:46,RTM,Clear,0.14,8.99,0.3,31.8,57.8
2026-02-08 09:03:06,RTM,Clear,0.59,4.96,0.0,44.4,56.4
2026-06-16 01:22:22,RTM,Rain,0.29,7.03,5.9,17.5,86.5
2026-05-21 14:25:32,RTM,Clear,0.19,7.98,0.6,15.9,44.6
2026-04-20 19:36:27,RTM,Clear,0.12,9.13,0.4,11.4,54.4
2026-03-03 02:20:31,RTM,Fog,0.39,6.22,0.7,22.7,22.6
2026-02-13 14:23:29,RTM,Clear,0.36,7.04,1.4,25.2,77.3
2026-01-16 16:21:28,RTM,Clear,0.53,6.27,1.4,22.9,86.3
2026-05-29 18:15:50,RTM,Clear,0.16,9.08,1.1,15.4,98.4
2026-04-30 02:03:05,RTM,Clear,0.13,8.68,0.2,23.4,30.4
2026-04-06 15:30:44,RTM,Clear,0.16,8.17,1.4,24.2,77.2
2026-03-14 08:36:37,RTM,Clear,0.15,7.96,0.8,23.7,48.2
2026-01-13 08:00:42,RTM,Clear,0.32,7.15,0.6,34.1,55.5
2026-05-17 19:41:23,RTM,Clear,0.25,8.63,1.3,39.5,57.0
2026-03-29 21:13:07,RTM,Fog,0.85,2.26,0.7,38.3,71.2
2026-01-11 10:24:08,RTM,Rain,0.17,7.77,5.3,21.0,62.1
2026-06-28 00:22:30,RTM,Cloudy,0.29,8.28,1.2,32.7,73.3
2026-01-20 11:44:21,RTM,Cloudy,0.36,5.86,0.0,34.4,54.7
2026-01-31 01:34:06,RTM,Rain,0.17,7.5,10.4,24.5,49.8
2026-02-22 07:51:37,RTM,Clear,0.47,6.7,0.6,32.5,86.2
2026-01-16 03:10:56,RTM,Fog,0.63,4.44,0.6,29.0,100.0
2026-01-03 18:11:38,RTM,Clear,0.03,10.3,0.9,29.6,51.1
2026-05-07 22:43:38,RTM,Clear,0.21,8.06,1.2,33.6,42.3
2026-06-12 14:44:44,RTM,Rain,0.36,4.75,1.9,35.9,40.4
2026-06-23 14:22:25,RTM,Clear,0.24,7.49,1.5,30.1,83.6
2026-04-24 00:24:32,RTM,Clear,0.17,9.55,0.0,21.6,43.4
2026-05-17 00:12:32,RTM,Clear,0.36,6.94,1.3,15.9,82.0
2026-06-02 05:36:27,RTM,Cloudy,0.21,8.45,1.0,25.8,57.7
2026-03-15 08:13:56,RTM,Clear,0.18,9.09,0.0,27.6,39.1
2026-03-16 03:24:18,RTM,Clear,0.08,9.31,0.4,16.4,64.5
2026-06-18 06:51:46,RTM,Clear,0.07,9.58,1.2,29.8,61.3
2026-05-19 10:54:51,RTM,Clear,0.33,6.6,0.8,4.5,53.0
2026-04-20 14:10:13,RTM,Clear,0.15,9.84,0.1,23.7,76.6
2026-03-25 18:13:33,RTM,Clear,0.28,8.28,0.1,26.3,93.0
2026-01-23 17:54:23,RTM,Rain,0.24,6.17,3.5,20.3,34.7
2026-01-21 15:31:02,RTM,Fog,0.58,5.24,1.0,16.6,86.7
2026-06-23 23:15:59,RTM,Clear,0.1,8.89,1.4,16.9,68.9
2026-04-20 12:54:46,RTM,Fog,0.74,3.36,1.2,24.3,79.1
2026-03-17 02:30:24,RTM,Clear,0.22,7.95,0.5,21.8,50.7
2026-06-16 04:57:12,RTM,Cloudy,0.05,9.81,0.6,20.6,47.3
2026-03-13 03:32:05,RTM,Rain,0.04,8.8,13.1,27.8,78.5
2026-06-09 16:36:11,RTM,Clear,0.24,7.57,0.7,27.4,73.3
2026-02-26 22:12:20,RTM,Clear,0.52,5.81,0.4,19.0,47.4
2026-02-25 01:42:35,RTM,Rain,0.56,3.99,4.4,30.0,57.3
2026-05-10 07:59:47,RTM,Fog,0.78,3.2,0.6,37.1,77.1
2026-02-16 14:49:16,RTM,Clear,0.25,7.72,1.4,18.4,69.0
2026-03-18 20:42:08,RTM,Clear,0.45,5.35,0.7,17.7,85.4
2026-02-02 16:51:33,RTM,Clear,0.23,8.54,0.5,26.6,91.4
2026-06-11 23:53:42,RTM,Clear,0.37,7.8,0.5,35.5,100.0
2026-05-04 10:00:41,RTM,Rain,0.36,5.37,3.9,28.8,76.8
2026-01-13 23:36:42,RTM,Clear,0.04,9.24,0.1,15.7,35.1
2026-02-16 12:19:01,RTM,Rain,0.29,6.33,5.1,19.7,87.6
2026-05-04 23:28:08,RTM,Fog,0.44,6.81,1.4,39.4,72.3
2026-05-09 19:47:24,RTM,Cloudy,0.35,7.29,0.2,35.9,41.9
2026-04-03 22:50:05,RTM,Clear,0.17,8.38,0.5,22.4,45.3
2026-02-12 02:15:13,RTM,Clear,0.54,6.83,1.5,26.7,71.3
2026-06-24 03:09:21,RTM,Clear,0.45,6.54,0.8,13.5,35.3
2026-01-10 07:02:52,RTM,Clear,0.19,8.23,1.4,13.3,53.9
2026-05-05 03:30:28,RTM,Rain,0.35,5.79,6.2,22.4,63.3
2026-05-16 05:02:57,RTM,Clear,0.04,9.78,0.9,29.4,65.8
2026-02-15 19:40:56,RTM,Clear,0.04,9.54,1.2,35.2,100.0
2026-03-24 20:31:27,RTM,Cloudy,0.49,5.48,0.7,24.4,60.8
2026-02-28 02:24:56,RTM,Cloudy,0.24,7.64,0.4,30.2,46.8
2026-02-28 10:05:07,RTM,Cloudy,0.21,8.32,1.0,28.2,59.8
2026-01-27 19:35:36,RTM,Clear,0.16,8.81,1.2,22.6,52.3
2026-05-22 19:51:42,RTM,Rain,0.08,8.73,4.5,37.9,44.3
2026-02-24 06:27:11,RTM,Clear,0.63,4.46,1.2,20.5,66.5
2026-01-26 07:32:31,RTM,Clear,0.05,9.87,0.2,14.8,71.3
2026-02-04 17:29:05,RTM,Clear,0.1,9.64,1.4,14.2,53.8
2026-02-22 02:30:35,RTM,Fog,0.56,4.88,0.3,36.9,69.6
2026-02-14 23:39:11,RTM,Clear,0.28,7.95,0.2,21.1,46.8
2026-05-29 04:53:22,RTM,Clear,0.32,6.94,0.8,20.4,46.3
2026-05-11 23:47:55,RTM,Rain,0.38,5.36,3.3,26.7,68.9
2026-04-22 06:47:59,RTM,Clear,0.5,5.8,1.2,27.1,93.0
2026-01-19 22:23:46,RTM,Rain,0.57,3.89,2.8,23.3,100.0
2026-01-21 14:01:23,RTM,Cloudy,0.11,9.26,0.7,18.6,38.1
2026-02-13 03:03:27,RTM,Clear,0.29,7.95,0.1,36.5,70.7
2026-05-27 21:09:07,RTM,Clear,0.52,4.76,0.8,19.2,72.8
2026-05-31 13:03:29,RTM,Clear,0.66,3.89,0.5,20.1,84.9
2026-06-20 21:18:06,RTM,Clear,0.42,6.84,1.3,30.6,41.1
2026-02-27 16:08:51,RTM,Fog,0.58,4.59,1.3,13.4,44.0
2026-01-23 03:45:34,RTM,Clear,0.26,7.4,0.7,39.0,78.7
2026-04-13 20:08:57,RTM,Rain,0.44,5.23,4.5,40.9,74.8
2026-03-09 11:10:23,RTM,Clear,0.18,7.7,0.3,26.1,87.9
2026-03-25 20:08:26,RTM,Cloudy,0.13,8.92,0.4,12.4,91.1
2026-02-26 07:36:49,RTM,Rain,0.17,7.0,4.2,12.4,79.0
2026-01-19 12:46:40,RTM,Clear,0.42,6.05,1.2,17.6,48.9
2026-05-08 01:30:30,RTM,Cloudy,0.32,7.68,1.3,26.4,77.3
2026-06-30 19:14:18,RTM,Clear,0.2,8.4,1.1,17.4,54.9
2026-03-02 19:13:17,RTM,Clear,0.07,9.05,1.5,14.7,72.9
2026-04-19 14:54:44,RTM,Clear,0.12,9.3,0.7,10.2,22.5
2026-01-26 13:51:08,RTM,Cloudy,0.22,7.61,0.2,10.6,79.0
2026-02-07 21:56:20,RTM,Rain,0.1,8.06,5.8,23.4,34.8
2026-04-21 20:52:47,RTM,Fog,0.47,5.86,0.7,5.8,100.0
2026-01-03 11:28:11,RTM,Clear,0.2,8.14,1.3,24.1,60.4
2026-04-25 18:57:07,RTM,Rain,0.7,2.63,13.6,12.1,35.3
2026-05-25 04:51:23,RTM,Clear,0.25,7.88,0.9,25.8,94.4
2026-05-23 21:36:01,RTM,Cloudy,0.41,6.55,0.9,27.1,89.8
2026-05-01 11:38:55,RTM,Clear,0.24,7.56,1.0,10.7,44.7
2026-04-14 13:04:15,RTM,Clear,0.18,8.28,0.1,35.2,44.6
2026-04-24 12:00:15,RTM,Fog,0.78,2.7,0.1,22.6,78.9
2026-06-20 05:33:44,RTM,Cloudy,0.06,8.76,1.2,28.4,97.5
2026-04-15 06:20:03,RTM,Rain,0.29,5.58,18.2,25.6,70.5
2026-01-18 02:14:53,RTM,Clear,0.06,9.15,0.7,14.3,38.0
2026-01-25 11:10:57,RTM,Clear,0.41,7.06,0.1,38.1,77.1
2026-05-24 17:18:41,RTM,Rain,0.11,7.8,1.5,29.2,100.0
2026-02-16 04:12:41,RTM,Rain,0.18,6.35,8.6,35.6,36.2
2026-05-02 23:22:43,RTM,Cloudy,0.09,8.9,1.4,25.4,65.8
2026-01-11 16:01:16,RTM,Clear,0.14,9.36,0.7,19.3,41.3
2026-05-21 03:22:25,RTM,Clear,0.43,6.8,1.0,19.7,45.5
2026-01-30 00:58:19,RTM,Cloudy,0.31,6.55,0.7,25.9,61.6
2026-06-14 13:59:39,RTM,Cloudy,0.39,7.06,0.7,24.7,53.4
2026-06-23 13:17:03,RTM,Clear,0.33,6.99,0.9,35.2,74.2
2026-01-30 23:49:12,RTM,Rain,0.4,5.3,2.4,22.1,76.7
2026-06-28 18:08:56,RTM,Clear,0.19,8.14,1.5,27.7,53.1
2026-03-01 06:39:26,RTM,Clear,0.46,5.67,1.3,11.8,83.4
2026-05-05 20:47:02,RTM,Cloudy,0.21,8.37,0.9,21.0,48.3
2026-01-03 22:23:20,RTM,Rain,0.19,6.48,11.4,29.4,26.6
2026-06-12 07:03:32,RTM,Fog,0.53,6.39,0.3,20.1,86.1
2026-04-02 20:42:25,RTM,Rain,0.41,4.65,3.4,10.6,50.3
2026-04-28 02:37:32,RTM,Clear,0.29,7.2,0.9,25.9,68.4
2026-06-14 01:54:56,RTM,Fog,0.61,4.29,1.5,31.6,58.6
2026-03-03 05:53:53,RTM,Fog,0.55,6.53,0.6,20.7,41.9
2026-04-09 14:03:01,RTM,Cloudy,0.22,8.62,0.9,27.4,58.5
2026-01-22 01:48:09,RTM,Cloudy,0.45,4.99,0.2,15.7,67.4
2026-05-31 03:09:29,RTM,Clear,0.33,6.91,0.9,40.1,63.1
2026-02-27 09:12:28,RTM,Cloudy,0.44,5.73,0.4,25.1,78.6
2026-05-15 21:33:49,RTM,Clear,0.25,8.02,0.1,21.2,96.4
2026-05-27 16:20:01,RTM,Clear,0.41,6.05,1.0,23.7,78.0
2026-01-14 16:54:18,RTM,Clear,0.46,6.11,0.7,34.6,58.0
2026-05-31 18:37:08,RTM,Cloudy,0.59,4.96,0.1,28.8,68.6
2026-03-02 11:40:38,RTM,Clear,0.09,8.32,1.2,23.2,50.0
2026-03-18 08:47:24,RTM,Clear,0.18,8.87,0.3,26.8,55.0
2026-01-26 16:50:02,RTM,Clear,0.23,8.13,0.7,23.0,56.8
2026-06-24 06:59:59,RTM,Clear,0.22,7.76,0.9,26.2,80.8
2026-02-23 20:17:10,RTM,Fog,0.55,5.47,0.9,24.4,81.3
2026-05-14 12:55:27,RTM,Clear,0.43,6.72,1.3,13.9,51.9
2026-01-21 15:46:00,RTM,Clear,0.29,7.79,0.5,39.5,91.0
2026-02-10 00:27:57,RTM,Clear,0.37,6.61,1.3,36.6,56.5
2026-05-31 10:37:14,RTM,Clear,0.2,8.13,0.8,18.6,48.9
2026-02-06 01:37:36,RTM,Cloudy,0.29,7.69,1.1,18.7,72.9
2026-04-14 22:04:02,RTM,Rain,0.49,4.85,13.6,23.0,75.5
2026-05-29 14:46:41,RTM,Clear,0.29,8.07,1.0,27.6,35.2
2026-02-19 00:25:05,RTM,Cloudy,0.54,5.32,0.9,27.3,48.3
2026-01-10 09:23:17,RTM,Clear,0.32,7.66,0.8,45.5,82.9
2026-04-07 11:36:40,RTM,Clear,0.19,8.35,0.6,21.8,70.0
2026-06-22 20:39:58,RTM,Cloudy,0.41,6.55,0.8,32.3,65.6
2026-03-31 06:06:04,RTM,Clear,0.24,7.84,1.0,21.2,31.3
2026-03-01 09:17:26,RTM,Clear,0.18,8.47,0.6,13.5,78.7
2026-01-09 17:53:29,RTM,Rain,0.34,4.9,4.2,20.3,75.5
2026-06-08 20:15:49,RTM,Cloudy,0.63,4.45,0.4,30.8,73.4
2026-05-08 19:30:42,RTM,Fog,0.61,4.14,0.9,17.3,79.2
2026-01-31 06:56:38,RTM,Clear,0.37,6.67,1.5,29.2,84.0
2026-01-16 16:16:57,RTM,Clear,0.51,5.76,0.6,17.9,82.4
2026-02-09 18:01:09,RTM,Clear,0.06,9.38,0.4,38.1,60.6
2026-01-23 22:59:05,RTM,Cloudy,0.45,5.87,0.6,25.1,63.7
2026-05-05 18:50:36,RTM,Clear,0.3,7.02,0.7,24.6,51.6
2026-03-23 05:09:10,RTM,Rain,0.67,2.65,10.3,21.6,51.1
2026-02-28 11:29:01,RTM,Rain,0.29,6.27,4.0,14.1,78.0
2026-01-27 14:53:34,RTM,Clear,0.3,7.31,0.3,24.7,100.0
2026-06-27 01:36:56,RTM,Clear,0.17,9.46,0.3,21.8,61.5
2026-05-28 05:07:00,RTM,Cloudy,0.24,7.98,1.2,22.9,89.9
2026-06-06 23:38:08,RTM,Clear,0.25,8.34,0.5,19.0,81.5
2026-01-24 03:05:08,RTM,Clear,0.4,5.82,1.1,22.5,90.1
2026-06-04 09:47:19,RTM,Cloudy,0.14,8.16,0.3,30.7,59.6
2026-06-14 17:23:14,RTM,Cloudy,0.23,8.97,1.4,33.6,65.9
2026-02-08 20:46:56,RTM,Clear,0.51,5.6,1.2,20.0,30.3
2026-03-14 22:27:34,RTM,Clear,0.33,7.64,1.0,21.5,53.5
2026-02-20 16:08:02,RTM,Fog,0.53,5.15,0.2,32.1,77.9
2026-04-14 22:35:16,RTM,Cloudy,0.16,9.01,1.1,33.9,42.9
2026-03-27 17:05:28,RTM,Rain,0.27,6.57,21.3,22.6,62.2
2026-06-14 03:31:10,RTM,Cloudy,0.5,5.68,1.3,37.0,69.2
2026-01-28 05:19:43,RTM,Clear,0.11,8.93,0.6,34.7,86.0
2026-03-30 21:14:07,RTM,Cloudy,0.19,7.9,1.3,28.9,33.0
2026-06-09 13:19:50,RTM,Cloudy,0.36,6.78,1.1,15.1,52.0
2026-05-02 11:32:13,RTM,Clear,0.61,4.29,1.4,24.0,46.6
2026-04-07 07:23:56,RTM,Fog,0.57,4.6,0.8,19.9,46.0
2026-06-02 20:55:21,RTM,Clear,0.45,6.52,0.4,16.0,72.2
2026-05-05 19:11:37,RTM,Clear,0.25,7.56,1.2,25.6,61.3
2026-05-26 12:18:27,RTM,Clear,0.34,6.95,0.5,39.0,84.4
2026-06-02 01:13:17,RTM,Cloudy,0.3,7.19,1.0,14.5,58.4
2026-06-20 19:26:39,RTM,Cloudy,0.14,9.14,1.3,12.3,62.2
2026-03-10 20:45:57,RTM,Fog,0.51,5.22,1.3,27.1,77.3
2026-04-20 10:33:27,RTM,Clear,0.33,6.74,0.1,24.9,52.9
2026-05-07 22:35:15,RTM,Fog,0.61,4.4,1.2,13.0,59.0
2026-02-11 09:29:06,RTM,Rain,0.32,5.28,4.3,33.1,33.6
2026-02-24 08:15:01,RTM,Clear,0.41,6.96,0.5,24.5,45.2
2026-04-20 14:21:52,RTM,Cloudy,0.45,5.87,1.3,21.2,49.5
2026-04-07 14:50:36,RTM,Fog,1.0,1.69,0.7,28.1,92.2
2026-06-07 08:12:59,RTM,Clear,0.13,9.35,1.5,16.6,61.5
2026-02-19 08:39:55,RTM,Fog,0.63,5.03,0.0,29.2,69.1
2026-06-23 11:56:29,RTM,Clear,0.4,6.34,1.1,28.7,52.4
2026-01-20 19:40:25,RTM,Clear,0.07,10.08,1.2,29.0,52.8
2026-04-28 15:27:06,RTM,Clear,0.74,3.81,1.3,23.3,63.4
2026-03-01 05:54:32,RTM,Clear,0.42,5.88,1.5,16.4,93.8
2026-01-12 12:52:18,RTM,Clear,0.11,9.07,1.1,30.0,84.7
2026-01-07 10:28:40,RTM,Clear,0.06,9.81,1.3,28.7,38.4
2026-02-13 23:18:32,RTM,Cloudy,0.43,6.37,0.6,11.7,64.6
2026-06-26 21:58:51,RTM,Clear,0.15,9.41,1.3,20.8,77.6
2026-01-08 12:03:45,RTM,Cloudy,0.38,6.8,1.0,17.8,77.3
2026-04-01 23:46:25,RTM,Clear,0.1,9.26,0.9,23.3,46.4
2026-04-20 03:31:07,RTM,Clear,0.19,8.28,0.7,13.1,65.3
2026-05-11 07:02:23,RTM,Cloudy,0.04,10.08,0.8,25.6,30.3
2026-03-13 18:52:24,RTM,Cloudy,0.08,8.85,1.3,24.1,80.1
2026-03-21 16:58:33,RTM,Clear,0.24,7.57,0.8,26.1,66.3
2026-06-21 01:30:04,RTM,Fog,0.89,2.68,0.8,12.1,73.9
2026-01-13 11:30:30,RTM,Clear,0.03,9.85,0.8,20.7,46.7
2026-04-10 08:48:29,RTM,Clear,0.4,7.0,0.7,26.7,52.7
2026-04-20 18:19:14,RTM,Clear,0.35,6.93,1.5,12.2,63.2
2026-03-13 19:42:52,RTM,Clear,0.26,8.19,0.4,35.9,51.3
2026-04-07 16:34:36,RTM,Clear,0.33,7.3,1.3,28.3,86.7
2026-01-10 20:51:31,RTM,Clear,0.18,8.47,0.1,21.0,72.5
2026-03-15 23:52:02,RTM,Clear,0.24,8.45,1.1,17.0,75.0
2026-01-31 02:36:40,RTM,Fog,0.43,6.04,1.5,20.8,80.0
2026-01-02 23:01:58,RTM,Rain,0.22,6.94,11.3,11.1,54.7
2026-02-12 12:24:46,RTM,Clear,0.27,6.51,1.4,34.9,77.4
2026-06-26 19:42:12,RTM,Cloudy,0.34,7.1,0.9,20.4,33.1
2026-05-05 14:34:21,RTM,Rain,0.23,7.4,6.9,24.9,65.1
2026-01-18 21:39:30,RTM,Rain,0.39,5.71,2.0,37.3,66.2
2026-02-05 04:05:01,RTM,Clear,0.12,9.19,0.2,32.9,84.4
2026-02-24 17:29:18,RTM,Clear,0.63,4.58,1.1,28.5,65.3
2026-06-03 12:54:55,RTM,Clear,0.07,9.42,1.1,29.3,89.4
2026-02-24 10:51:40,RTM,Rain,0.29,6.91,7.6,36.2,96.1
2026-05-13 17:37:11,RTM,Clear,0.19,8.24,0.1,9.3,52.8
2026-03-20 10:01:24,RTM,Cloudy,0.42,6.18,0.2,28.8,63.6
2026-04-17 04:19:21,RTM,Cloudy,0.4,6.97,0.7,28.2,75.3
2026-06-02 07:13:56,RTM,Cloudy,0.48,6.17,0.8,37.3,75.3
2026-04-05 02:01:40,RTM,Rain,0.1,6.14,5.1,29.7,66.2
2026-06-15 17:54:06,RTM,Clear,0.15,8.39,1.0,10.4,41.0
2026-05-21 00:40:29,RTM,Clear,0.24,8.06,0.7,30.6,100.0
2026-04-01 00:22:28,RTM,Clear,0.44,6.35,0.6,23.0,65.2
2026-06-27 13:33:11,RTM,Fog,0.45,6.23,0.8,32.1,56.9
2026-01-26 20:28:48,RTM,Cloudy,0.42,7.11,1.1,26.5,77.6
2026-04-05 07:33:48,RTM,Clear,0.32,7.5,1.0,20.7,80.2
2026-06-10 02:28:54,RTM,Fog,0.37,6.55,0.5,14.7,59.8
2026-02-23 17:43:40,RTM,Clear,0.43,6.42,0.8,18.9,91.1
2026-01-15 18:02:12,RTM,Clear,0.09,8.72,0.1,33.1,71.8
2026-02-23 22:02:29,RTM,Clear,0.37,6.93,0.4,42.8,83.7
2026-04-05 10:56:37,RTM,Cloudy,0.53,5.13,0.3,24.4,46.6
2026-03-16 00:31:54,RTM,Clear,0.45,5.34,0.2,9.4,68.3
2026-04-21 01:41:22,RTM,Clear,0.13,9.32,1.4,29.7,48.3
2026-06-26 11:33:48,RTM,Cloudy,0.42,6.09,0.8,27.4,43.8
2026-05-20 20:21:54,RTM,Cloudy,0.49,6.22,0.7,20.2,80.1
2026-04-22 01:25:12,RTM,Cloudy,0.37,7.53,0.5,23.3,75.1
2026-03-04 09:45:53,RTM,Rain,0.34,5.94,14.4,22.5,61.5
2026-06-02 07:50:22,RTM,Cloudy,0.28,7.74,0.8,10.7,50.4
2026-05-08 20:53:45,RTM,Cloudy,0.15,8.87,1.2,16.5,77.9
2026-06-20 17:11:14,RTM,Clear,0.22,8.25,0.9,29.1,96.1
2026-01-22 21:59:54,RTM,Rain,0.27,6.87,4.4,20.0,64.5
2026-04-14 18:12:10,RTM,Clear,0.26,7.92,1.3,28.6,47.3
2026-01-18 10:22:29,RTM,Clear,0.11,8.76,1.4,21.8,57.9
2026-05-09 04:43:28,RTM,Fog,0.5,6.04,0.6,23.7,44.6
2026-03-26 11:31:02,RTM,Clear,0.06,8.52,1.3,20.1,64.9
2026-04-04 04:37:24,RTM,Cloudy,0.09,8.71,0.4,30.9,59.4
2026-02-08 00:53:04,RTM,Fog,0.53,5.0,1.1,26.3,35.0
2026-06-10 03:00:39,RTM,Clear,0.68,3.64,0.5,27.6,81.4
2026-02-02 02:12:30,RTM,Fog,0.67,3.6,0.7,22.9,91.4
2026-04-10 08:08:41,RTM,Clear,0.38,5.39,0.9,19.1,78.0
2026-05-07 03:09:13,RTM,Clear,0.31,7.26,0.5,16.4,74.0
2026-06-16 08:22:07,RTM,Clear,0.57,4.72,1.3,20.7,60.8
2026-02-13 02:35:39,RTM,Clear,0.17,8.63,0.2,38.8,43.5
2026-04-21 21:26:18,RTM,Cloudy,0.47,6.8,0.1,35.7,37.2
2026-01-03 16:20:52,RTM,Clear,0.4,6.49,0.2,26.0,86.4
2026-01-30 15:16:56,RTM,Fog,0.72,3.92,0.5,15.1,76.8
2026-04-24 17:03:02,RTM,Clear,0.1,9.61,1.1,4.3,70.3
2026-06-08 05:02:50,RTM,Fog,0.73,4.09,0.6,9.2,71.7
2026-02-24 07:12:04,RTM,Fog,0.45,5.52,1.0,30.3,94.6
2026-02-09 13:32:52,RTM,Clear,0.21,8.07,0.1,29.2,73.5
2026-05-14 13:50:22,RTM,Fog,0.66,4.48,0.7,18.2,76.2
2026-01-13 14:48:27,RTM,Cloudy,0.47,5.73,1.2,31.0,25.7
2026-06-02 11:57:42,RTM,Cloudy,0.48,6.12,0.8,31.7,34.1
2026-04-17 04:50:32,RTM,Clear,0.22,8.19,0.1,18.0,85.8
2026-01-22 09:26:11,RTM,Fog,0.69,4.07,1.2,17.4,79.1
2026-05-06 00:47:02,RTM,Cloudy,0.29,7.35,1.1,10.6,80.0
2026-02-04 06:05:42,RTM,Clear,0.43,5.53,0.8,25.9,72.4
2026-04-15 15:19:08,RTM,Rain,0.19,7.15,3.5,16.9,71.5
2026-01-28 05:24:35,RTM,Clear,0.2,8.33,0.2,24.0,66.5
2026-05-17 20:34:58,RTM,Cloudy,0.22,8.03,0.6,24.2,39.9
2026-03-10 13:55:24,RTM,Fog,0.69,5.02,0.4,30.1,74.5
2026-04-28 10:46:35,RTM,Clear,0.15,8.66,1.0,16.8,70.5
2026-04-11 13:54:20,RTM,Cloudy,0.24,7.95,0.6,25.3,65.1
2026-03-17 05:55:03,RTM,Clear,0.45,5.45,0.3,22.3,87.4
2026-01-09 16:13:41,RTM,Clear,0.3,6.9,0.2,31.3,40.3
2026-02-16 14:48:12,RTM,Fog,0.6,4.52,0.7,15.2,63.0
2026-03-16 03:29:41,RTM,Clear,0.02,8.77,0.2,16.4,88.3
2026-06-21 11:01:24,RTM,Clear,0.06,9.47,0.6,26.4,77.4
2026-06-10 05:08:01,RTM,Rain,0.53,4.56,4.5,20.4,68.9
2026-05-08 02:15:07,RTM,Clear,0.23,7.86,0.2,16.3,52.5
2026-02-02 09:54:42,RTM,Rain,0.19,6.98,7.9,31.5,77.8
2026-03-09 08:17:01,RTM,Clear,0.39,6.23,1.4,32.2,58.2
2026-05-08 09:48:29,RTM,Clear,0.47,6.45,0.9,15.2,80.7
2026-01-09 22:08:41,RTM,Clear,0.33,6.66,1.4,4.3,82.2
2026-06-08 19:45:51,RTM,Clear,0.14,8.07,1.2,19.6,100.0
2026-04-06 13:20:09,RTM,Rain,0.5,5.55,3.9,17.2,74.5
2026-06-29 02:14:12,RTM,Rain,0.05,8.68,8.9,30.5,75.5
2026-05-14 05:37:12,RTM,Clear,0.12,8.49,1.0,23.3,56.7
2026-03-25 07:18:09,RTM,Cloudy,0.24,8.09,0.7,26.5,59.4
2026-01-16 15:15:14,RTM,Rain,0.35,6.72,3.5,21.5,69.8
2026-05-16 08:14:03,RTM,Clear,0.32,6.62,0.5,13.4,89.1
2026-04-20 10:27:12,RTM,Fog,0.65,3.56,0.8,25.5,83.7
2026-06-01 11:13:36,RTM,Fog,0.79,3.16,0.9,30.6,100.0
2026-06-08 08:43:27,RTM,Clear,0.43,5.88,0.4,33.5,56.8
2026-02-17 05:09:38,RTM,Clear,0.39,7.13,1.0,26.1,83.3
2026-06-09 22:21:46,RTM,Fog,0.74,3.83,1.2,27.8,78.5
2026-01-22 18:34:06,RTM,Clear,0.37,6.75,0.9,20.7,84.0
2026-06-15 18:24:49,RTM,Cloudy,0.27,7.74,0.2,31.8,42.4
2026-01-15 22:56:44,RTM,Rain,0.24,6.76,5.1,19.6,41.7
2026-03-01 13:26:17,RTM,Clear,0.12,9.45,1.1,9.7,64.8
2026-02-21 05:10:10,RTM,Cloudy,0.24,8.12,0.7,13.9,37.8
2026-05-17 16:28:35,RTM,Rain,0.08,8.11,26.8,23.2,43.5
2026-03-24 00:36:01,RTM,Clear,0.24,7.93,0.6,22.4,83.0
2026-03-03 22:53:01,RTM,Clear,0.33,7.42,0.0,33.7,59.7
2026-04-11 12:39:17,RTM,Cloudy,0.15,9.46,1.4,14.2,56.0
2026-04-23 09:08:29,RTM,Clear,0.15,8.56,1.3,25.9,45.5
2026-04-23 00:47:47,RTM,Clear,0.09,8.51,0.7,10.0,57.4
2026-03-06 02:52:33,RTM,Clear,0.73,3.13,0.6,23.2,88.2
2026-04-24 14:27:28,RTM,Clear,0.59,5.56,0.4,8.6,82.4
2026-02-05 15:28:38,RTM,Cloudy,0.34,6.32,0.8,21.0,74.1
2026-03-29 08:49:27,RTM,Clear,0.27,7.72,0.3,27.4,93.2
2026-01-31 17:52:21,RTM,Clear,0.43,5.75,0.6,22.3,38.3
2026-06-04 07:59:46,RTM,Cloudy,0.29,7.46,1.2,25.5,90.9
2026-06-25 22:42:40,RTM,Fog,0.76,3.54,0.5,25.9,62.7
2026-03-21 00:08:06,RTM,Clear,0.24,7.82,1.1,30.6,86.4
2026-01-13 09:38:56,RTM,Cloudy,0.11,9.01,0.8,22.5,66.9
2026-05-21 09:20:42,RTM,Cloudy,0.39,6.32,0.2,33.4,89.3
2026-06-09 01:04:44,RTM,Clear,0.62,4.2,1.0,21.6,95.8
2026-03-29 22:52:11,RTM,Clear,0.49,5.79,1.2,29.5,74.3
2026-01-29 06:21:25,RTM,Clear,0.23,7.22,1.4,15.5,60.0
2026-05-29 01:40:12,RTM,Clear,0.33,7.79,0.5,25.5,66.6
2026-06-14 14:09:14,RTM,Clear,0.14,9.4,1.0,22.5,85.1
2026-04-28 22:03:13,RTM,Cloudy,0.58,4.82,0.4,25.2,77.3
2026-03-30 00:23:10,RTM,Clear,0.2,7.89,1.5,11.9,46.6
2026-01-14 01:39:14,RTM,Clear,0.4,7.37,0.2,21.8,59.3
2026-06-18 10:45:28,RTM,Clear,0.3,6.69,1.2,30.6,79.6
2026-04-12 16:05:10,RTM,Cloudy,0.5,5.84,0.6,14.9,100.0
2026-05-27 15:50:49,RTM,Clear,0.28,7.5,1.4,11.4,94.7
2026-02-07 08:18:21,RTM,Cloudy,0.53,5.78,1.4,12.2,66.6
2026-06-03 12:29:59,RTM,Clear,0.2,8.88,1.5,14.7,61.4
2026-03-28 02:18:42,RTM,Fog,0.6,4.93,0.7,26.1,77.3
2026-02-17 20:22:13,RTM,Rain,0.22,6.73,15.5,33.3,87.9
2026-03-09 15:14:23,RTM,Clear,0.3,7.18,0.2,35.1,73.0
2026-06-16 07:17:43,RTM,Clear,0.13,9.16,0.6,20.6,69.7
2026-01-24 14:18:13,RTM,Clear,0.13,8.89,1.4,19.0,75.8
2026-03-26 02:37:26,RTM,Cloudy,0.28,8.01,0.2,21.9,47.5
2026-02-12 06:29:10,RTM,Rain,0.46,4.21,6.5,13.9,66.8
2026-06-23 03:02:47,RTM,Clear,0.13,8.28,0.2,24.6,55.5
2026-06-02 21:14:08,RTM,Clear,0.3,6.31,1.0,24.4,33.9
2026-01-10 05:20:14,RTM,Clear,0.27,8.06,1.5,24.6,72.5
2026-05-18 00:24:41,RTM,Clear,0.21,8.14,0.4,12.5,38.5
2026-03-20 19:26:31,RTM,Clear,0.1,9.25,0.6,23.4,30.5
2026-02-04 11:57:21,RTM,Clear,0.21,8.6,1.1,13.7,41.4
2026-02-27 16:05:36,RTM,Cloudy,0.15,8.53,0.7,14.0,61.8
2026-05-13 17:26:27,RTM,Clear,0.11,9.26,0.7,19.6,20.0
2026-02-23 23:20:39,RTM,Clear,0.21,7.81,0.6,22.0,100.0
2026-03-05 07:28:47,RTM,Clear,0.32,7.97,0.8,21.3,81.1
2026-02-08 21:02:35,RTM,Cloudy,0.36,7.77,0.4,22.1,59.4
2026-04-01 16:12:06,RTM,Clear,0.12,9.3,1.1,23.2,71.4
2026-01-08 07:46:54,RTM,Clear,0.34,7.95,1.0,20.7,73.8
2026-04-20 17:32:02,RTM,Cloudy,0.31,7.1,0.5,14.4,79.4
2026-04-29 14:22:52,RTM,Clear,0.38,6.47,0.2,31.5,67.8
2026-06-06 13:25:59,RTM,Rain,0.16,7.47,1.8,7.9,96.2
2026-05-18 12:09:33,RTM,Fog,0.92,2.35,1.2,22.6,60.3
2026-06-28 06:34:20,RTM,Clear,0.29,7.22,0.3,16.1,58.6
2026-06-18 23:26:53,RTM,Fog,0.55,5.23,1.3,23.6,89.0
2026-05-08 21:39:03,RTM,Clear,0.14,8.71,0.6,22.5,100.0
2026-06-16 01:22:36,RTM,Clear,0.57,5.3,0.9,27.5,57.9
2026-03-21 18:52:53,RTM,Rain,0.18,6.34,14.3,31.7,57.8
2026-03-24 08:09:41,RTM,Clear,0.12,9.64,1.2,16.7,62.7
2026-02-24 18:34:05,RTM,Clear,0.18,8.47,0.2,22.6,72.5
2026-01-23 03:10:47,RTM,Cloudy,0.04,9.96,1.3,17.6,79.3
2026-01-24 10:04:53,RTM,Fog,0.8,2.67,0.7,15.1,47.4
2026-05-20 07:10:26,RTM,Fog,0.6,4.81,0.0,25.7,65.5
2026-05-28 03:43:04,RTM,Clear,0.06,9.27,0.5,34.2,53.8
2026-05-27 21:16:48,RTM,Clear,0.18,9.26,1.5,14.9,42.2
2026-05-01 23:30:26,RTM,Clear,0.54,4.85,1.0,29.2,63.8
2026-03-17 00:28:10,RTM,Cloudy,0.35,7.38,0.7,26.8,65.5
2026-06-24 20:12:08,RTM,Cloudy,0.39,5.88,1.1,27.2,54.3
2026-04-04 04:56:04,RTM,Rain,0.08,8.71,5.1,27.8,64.8
2026-05-20 14:36:11,RTM,Clear,0.14,8.47,1.1,35.0,98.4
2026-03-09 11:42:39,RTM,Clear,0.34,7.09,1.3,18.6,68.4
2026-03-25 08:37:29,RTM,Clear,0.47,5.63,0.3,30.4,61.8
2026-01-01 03:53:31,RTM,Clear,0.58,4.6,0.5,23.0,83.3
2026-04-11 23:45:40,RTM,Cloudy,0.53,5.33,0.4,29.0,87.8
2026-05-29 14:36:53,RTM,Cloudy,0.22,8.24,1.0,22.8,67.1
2026-02-19 22:36:56,RTM,Rain,0.66,3.03,9.5,26.2,68.6
2026-04-11 00:52:54,RTM,Clear,0.2,8.19,0.8,30.6,56.2
2026-03-16 08:29:20,RTM,Cloudy,0.91,1.85,1.0,19.5,80.5
2026-05-30 17:58:41,RTM,Rain,0.24,6.66,15.7,30.7,42.8
2026-01-17 18:53:33,RTM,Clear,0.18,8.71,0.3,29.1,47.7
2026-05-28 21:03:20,RTM,Clear,0.11,9.5,0.9,29.6,69.1
2026-06-05 14:48:08,RTM,Cloudy,0.17,8.15,0.4,18.8,55.9
2026-04-04 08:41:22,RTM,Clear,0.39,6.06,1.0,41.2,78.9
2026-05-12 13:49:21,RTM,Clear,0.07,9.73,1.0,30.6,53.5
2026-04-13 21:42:42,RTM,Clear,0.46,6.48,1.1,18.6,100.0
2026-04-11 15:04:24,RTM,Fog,0.71,3.41,1.5,17.6,72.8
2026-01-16 07:57:15,RTM,Clear,0.05,9.74,1.4,15.7,48.6
2026-04-25 06:56:38,RTM,Cloudy,0.02,9.3,1.4,24.0,27.2
2026-02-15 13:54:13,RTM,Clear,0.29,8.14,0.4,23.4,50.1
2026-01-12 02:05:37,RTM,Clear,0.38,7.59,1.1,24.9,41.2
2026-06-05 03:51:03,RTM,Cloudy,0.43,5.99,0.0,12.8,73.1
2026-04-23 22:18:35,RTM,Clear,0.04,9.72,1.4,29.1,36.3
2026-05-23 21:46:13,RTM,Clear,0.22,8.06,0.4,39.0,84.8
2026-04-24 01:04:55,RTM,Cloudy,0.21,8.34,0.5,19.2,56.7
2026-05-09 03:38:50,RTM,Clear,0.08,8.73,0.9,20.6,100.0
2026-03-10 23:54:29,RTM,Clear,0.26,8.12,1.1,23.5,52.8
2026-01-24 21:21:01,RTM,Clear,0.65,3.9,1.0,23.6,62.4
2026-05-24 15:48:04,RTM,Clear,0.08,8.6,0.6,27.8,68.6
2026-01-11 08:54:47,RTM,Clear,0.15,8.32,0.5,16.3,57.6
2026-04-27 20:47:18,RTM,Clear,0.56,4.76,1.4,17.0,49.2
2026-06-06 21:23:41,RTM,Clear,0.46,5.75,1.2,30.7,76.0
2026-05-07 22:04:22,RTM,Clear,0.76,3.72,0.4,23.0,75.0
2026-02-21 08:06:20,RTM,Fog,0.81,3.14,0.1,23.0,61.7
2026-06-22 07:05:47,RTM,Cloudy,0.19,8.8,1.1,34.0,44.1
2026-03-15 03:53:36,RTM,Clear,0.23,8.89,0.5,35.0,54.2
2026-01-23 05:00:30,RTM,Clear,0.21,8.12,0.6,13.3,40.5
2026-04-27 18:41:04,RTM,Clear,0.31,7.57,0.7,36.7,55.5
2026-03-19 03:55:30,RTM,Clear,0.4,6.14,0.7,28.1,88.3
2026-04-29 02:42:04,RTM,Cloudy,0.13,8.97,1.5,28.1,86.0
2026-05-25 10:19:59,RTM,Cloudy,0.25,7.3,0.7,13.5,63.4
2026-03-03 09:11:09,RTM,Clear,0.39,6.58,1.0,32.8,73.3
2026-06-02 16:34:07,RTM,Clear,0.15,8.75,1.2,24.4,62.0
2026-02-15 14:28:52,RTM,Clear,0.36,7.42,0.6,34.8,90.2
2026-05-13 17:46:52,RTM,Clear,0.36,6.88,0.5,16.6,74.6
2026-01-27 02:32:58,RTM,Fog,0.56,5.06,0.4,20.9,76.2
2026-04-14 05:25:13,RTM,Clear,0.15,9.05,1.2,13.9,76.1
2026-01-20 18:08:05,RTM,Clear,0.09,9.93,0.2,30.7,84.5
2026-06-25 22:16:24,RTM,Clear,0.57,4.92,0.9,15.6,57.0
2026-03-25 14:40:47,RTM,Cloudy,0.42,6.19,0.9,26.4,69.9
2026-01-16 20:39:45,RTM,Clear,0.75,3.73,1.0,18.6,82.5
2026-03-09 20:00:22,RTM,Cloudy,0.15,8.77,1.3,22.9,57.9
2026-06-19 07:29:54,RTM,Fog,0.79,3.77,0.4,31.1,95.7
2026-03-14 13:17:16,RTM,Clear,0.29,8.1,0.5,25.6,54.4
2026-01-03 16:16:09,RTM,Clear,0.45,6.43,1.1,7.7,72.9
2026-01-22 01:48:28,RTM,Clear,0.38,7.25,0.2,20.9,92.5
2026-03-20 07:57:05,RTM,Clear,0.23,7.55,1.1,30.1,41.2
2026-05-17 13:12:57,RTM,Cloudy,0.16,8.13,0.7,15.9,92.9
2026-06-09 17:40:24,RTM,Clear,0.5,5.15,0.6,24.3,58.8
2026-06-05 16:15:06,RTM,Cloudy,0.16,8.35,0.4,34.9,20.0
2026-06-06 10:01:24,RTM,Cloudy,0.42,6.18,0.5,25.1,78.6
2026-01-26 01:26:20,RTM,Clear,0.18,8.83,1.0,19.6,45.0
2026-01-11 01:04:29,RTM,Clear,0.37,7.55,1.2,19.8,76.8
2026-03-29 14:18:38,RTM,Cloudy,0.21,8.69,1.0,21.6,55.0
2026-02-16 16:43:47,RTM,Clear,0.38,6.02,0.5,15.8,67.9
2026-01-12 11:16:57,RTM,Clear,0.5,5.52,0.5,22.4,58.5
2026-05-30 09:38:31,RTM,Fog,0.65,3.77,1.3,25.9,100.0
2026-04-02 11:51:14,RTM,Clear,0.55,6.62,1.1,31.4,70.4
2026-06-28 09:18:47,RTM,Clear,0.36,7.22,0.2,24.1,81.4
2026-05-17 19:24:21,RTM,Rain,0.55,3.9,7.5,14.4,90.9
2026-04-03 05:31:30,RTM,Clear,0.22,7.81,0.1,28.4,57.6
2026-06-08 05:28:52,RTM,Cloudy,0.26,7.52,0.2,20.9,59.1
2026-01-18 11:41:42,RTM,Clear,0.28,7.06,0.6,9.7,73.0
2026-06-16 04:31:24,RTM,Clear,0.06,8.59,0.2,18.8,66.8
2026-01-11 07:08:44,RTM,Clear,0.04,9.65,0.4,15.0,71.1
2026-02-26 15:26:47,RTM,Clear,0.26,7.93,1.3,19.7,81.9
2026-06-02 02:25:40,RTM,Rain,0.5,4.0,4.9,22.2,80.6
2026-01-15 07:36:18,RTM,Cloudy,0.08,9.29,0.6,13.3,72.3
2026-02-13 06:32:29,RTM,Cloudy,0.19,8.87,1.3,9.1,65.5
2026-01-25 16:15:30,RTM,Clear,0.2,7.86,1.0,17.8,52.3
2026-03-19 15:58:58,RTM,Fog,0.68,4.67,0.6,25.2,86.9
2026-03-06 00:05:11,RTM,Clear,0.5,5.72,1.0,32.9,99.7
2026-06-08 23:31:54,RTM,Clear,0.43,6.05,0.8,12.5,81.5
2026-03-14 12:14:36,RTM,Rain,0.29,6.18,9.4,9.3,48.4
2026-02-09 09:51:08,RTM,Clear,0.09,9.37,0.3,21.6,70.0
2026-05-09 01:24:27,RTM,Cloudy,0.35,6.85,0.9,19.9,46.8
2026-04-24 23:33:54,RTM,Clear,0.19,7.43,1.4,21.4,58.4
2026-06-15 17:50:03,RTM,Clear,0.34,6.51,0.5,33.8,50.6
2026-04-27 16:22:09,RTM,Clear,0.22,8.03,0.7,3.1,77.3
2026-01-08 03:49:21,RTM,Clear,0.27,8.24,0.2,24.4,70.9
2026-01-22 12:47:21,RTM,Clear,0.15,8.2,0.1,26.4,55.1
2026-03-09 23:50:42,RTM,Clear,0.48,6.06,1.1,27.4,47.5
2026-05-31 04:10:04,RTM,Clear,0.21,8.45,0.0,31.6,47.5
2026-02-19 16:09:16,RTM,Clear,0.07,8.52,0.7,32.5,45.2
2026-06-22 21:46:53,RTM,Cloudy,0.39,6.02,1.2,21.2,39.1
2026-06-07 22:15:48,RTM,Fog,0.73,3.71,0.3,34.3,73.2
2026-03-07 16:20:20,RTM,Rain,0.52,4.28,7.8,24.0,47.9
2026-05-29 14:51:12,RTM,Clear,0.13,8.92,0.8,11.4,40.8
2026-06-03 02:30:30,RTM,Fog,0.58,4.74,0.2,25.7,33.7
2026-02-23 17:38:23,RTM,Fog,0.62,4.55,1.1,19.8,73.8
2026-02-08 02:34:16,RTM,Cloudy,0.3,8.14,1.4,28.9,70.4
2026-01-18 13:52:40,RTM,Clear,0.27,7.43,0.8,28.8,66.3
2026-02-10 11:11:50,RTM,Cloudy,0.63,4.59,1.2,35.1,57.8
2026-02-16 03:05:43,RTM,Clear,0.1,9.25,1.0,27.1,57.4
2026-02-05 01:12:26,RTM,Clear,0.16,7.85,0.4,41.7,62.3
2026-02-20 21:57:34,RTM,Clear,0.21,8.43,0.9,25.5,81.7
2026-02-27 05:32:55,RTM,Cloudy,0.15,7.97,0.1,30.4,54.1
2026-04-23 15:04:17,RTM,Rain,0.2,7.17,8.5,19.2,53.2
2026-02-03 20:50:53,RTM,Cloudy,0.29,8.03,1.5,10.9,81.6
2026-01-22 04:13:41,RTM,Fog,0.73,3.83,0.7,28.5,55.8
2026-06-17 00:15:35,RTM,Clear,0.44,5.55,0.0,19.4,34.7
2026-01-29 18:46:51,RTM,Clear,0.27,7.82,1.1,29.2,70.4
2026-01-15 02:09:28,RTM,Clear,0.37,5.89,0.4,30.6,61.0
2026-01-05 03:25:00,RTM,Clear,0.16,8.76,1.3,18.0,42.1
2026-02-25 22:27:14,RTM,Rain,0.14,7.24,12.2,19.2,74.1
2026-06-18 23:13:52,RTM,Clear,0.38,6.73,0.3,31.7,71.1
2026-03-22 16:35:04,RTM,Cloudy,0.33,7.07,0.8,-0.9,61.3
2026-02-18 05:04:08,RTM,Clear,0.38,7.05,0.9,9.4,62.4
2026-05-19 14:12:15,RTM,Clear,0.12,9.96,1.2,9.0,69.4
2026-04-29 13:11:51,RTM,Clear,0.5,5.48,1.5,22.7,65.0
2026-06-27 09:41:06,RTM,Clear,0.13,9.13,0.4,29.7,80.7
2026-05-17 21:57:50,RTM,Rain,0.1,7.51,23.2,10.8,61.2
2026-06-22 14:16:28,RTM,Clear,0.53,5.84,1.0,31.5,20.0
2026-03-08 19:16:44,RTM,Clear,0.23,8.65,0.5,13.3,88.9
2026-03-19 02:49:07,RTM,Clear,0.01,10.22,0.0,24.9,25.5
2026-04-24 05:11:13,RTM,Fog,0.73,3.47,0.3,41.5,63.0
2026-02-18 16:26:21,RTM,Fog,0.69,4.5,0.9,13.4,58.4
2026-03-02 09:49:57,RTM,Cloudy,0.72,2.85,0.0,20.5,83.2
2026-03-22 16:26:07,RTM,Clear,0.55,4.69,0.4,17.1,66.2
2026-02-23 18:18:50,RTM,Clear,0.48,6.54,1.0,29.6,74.3
2026-04-26 21:40:23,RTM,Clear,0.28,7.71,0.2,26.1,37.0
2026-05-11 09:42:50,RTM,Clear,0.18,8.2,0.7,30.8,68.9
2026-03-31 23:07:04,RTM,Clear,0.13,7.71,1.1,19.8,60.5
2026-04-17 15:50:56,RTM,Clear,0.17,9.3,0.3,6.9,53.7
2026-01-18 09:08:18,RTM,Clear,0.35,6.53,1.1,17.1,81.5
2026-01-21 14:35:38,RTM,Fog,0.71,3.59,1.3,19.6,62.0
2026-02-09 22:12:28,RTM,Clear,0.32,7.52,0.8,33.6,46.6
2026-03-21 16:16:48,RTM,Cloudy,0.54,5.19,1.0,23.6,100.0
2026-03-11 08:30:30,RTM,Cloudy,0.31,7.67,0.1,41.1,63.2
2026-01-07 01:53:43,RTM,Clear,0.17,8.79,1.2,40.4,63.2
2026-03-02 11:01:47,RTM,Clear,0.42,6.53,1.1,31.9,68.4
2026-05-26 02:15:13,RTM,Clear,0.36,6.84,0.1,15.6,78.2
2026-04-27 12:59:32,RTM,Rain,0.53,4.05,8.4,18.4,70.2
2026-02-26 00:15:11,RTM,Clear,0.34,6.8,0.3,23.2,64.5
2026-02-27 19:05:51,RTM,Clear,0.67,4.48,0.2,18.2,73.2
2026-03-27 12:10:17,RTM,Clear,0.27,8.13,1.5,17.6,49.8
2026-04-16 21:25:10,RTM,Fog,0.44,6.14,0.2,26.6,56.8
2026-03-22 09:42:14,RTM,Fog,0.57,5.48,0.8,15.9,70.4
2026-04-29 09:57:43,RTM,Clear,0.08,8.63,1.3,18.2,80.2
2026-04-04 12:24:13,RTM,Fog,0.67,4.58,0.7,18.5,72.5
2026-01-11 17:07:19,RTM,Clear,0.2,8.66,1.2,18.6,62.6
2026-06-05 09:07:44,RTM,Clear,0.15,8.92,1.2,25.1,89.4
2026-05-05 06:43:24,RTM,Rain,0.27,5.48,9.8,37.2,88.5
2026-01-27 13:22:50,RTM,Clear,0.47,5.73,0.5,26.2,61.6
2026-02-23 09:45:01,RTM,Rain,0.34,5.65,4.7,21.8,86.4
2026-01-30 02:23:33,RTM,Clear,0.18,7.8,1.2,17.3,63.2
2026-01-20 09:25:14,RTM,Clear,0.34,6.65,0.5,8.9,59.0
2026-01-12 00:20:03,RTM,Fog,0.86,3.48,0.6,1.8,51.4
2026-06-21 18:31:27,RTM,Clear,0.34,6.75,0.1,21.6,59.0
2026-03-24 05:49:26,RTM,Clear,0.46,5.43,1.4,25.2,20.0
2026-06-06 03:46:02,RTM,Clear,0.22,8.17,0.1,11.3,22.5
2026-03-05 17:05:47,RTM,Clear,0.17,8.29,1.2,27.0,69.1
2026-01-22 06:25:52,RTM,Fog,0.84,2.0,1.2,21.4,74.1
2026-04-03 10:14:21,RTM,Clear,0.02,10.38,0.3,27.2,68.3
2026-03-19 18:47:03,RTM,Cloudy,0.27,8.04,0.9,38.9,100.0
2026-01-03 08:17:41,RTM,Rain,0.1,7.27,8.7,12.8,82.2
2026-06-24 13:52:32,RTM,Clear,0.59,5.04,0.4,23.1,82.4
2026-03-30 03:06:08,RTM,Fog,0.5,5.72,0.4,14.7,50.1
2026-04-09 19:05:55,RTM,Clear,0.54,3.88,0.8,26.6,71.8
2026-05-22 07:40:26,RTM,Rain,0.61,3.84,8.5,27.2,74.7
2026-04-11 22:27:38,RTM,Clear,0.54,5.0,1.0,39.3,82.7
2026-05-01 17:16:23,RTM,Clear,0.31,7.45,0.1,41.8,47.5
2026-05-07 22:09:17,RTM,Clear,0.29,7.65,1.0,32.8,91.9
2026-02-15 17:13:03,RTM,Cloudy,0.25,7.69,0.0,39.9,60.3
2026-02-09 18:13:15,RTM,Clear,0.64,5.25,0.5,22.7,76.6
2026-06-18 02:31:15,RTM,Clear,0.55,5.1,1.5,38.5,73.1
2026-04-22 05:20:55,RTM,Fog,0.41,6.29,0.5,23.6,50.0
2026-05-30 05:38:28,RTM,Clear,0.14,8.61,1.0,17.0,54.5
2026-06-03 23:10:51,RTM,Cloudy,0.43,6.95,0.6,18.2,51.3
2026-05-27 01:46:15,RTM,Clear,0.57,4.79,0.5,21.4,54.5
2026-04-28 13:55:34,RTM,Clear,0.02,10.3,0.1,10.3,43.0
2026-05-01 00:06:26,RTM,Clear,0.55,4.89,1.4,20.7,86.9
2026-02-10 08:09:55,RTM,Rain,0.28,6.59,5.5,34.0,78.9
2026-06-25 21:49:24,RTM,Cloudy,0.1,9.81,1.3,25.9,72.4
2026-02-25 19:13:39,RTM,Clear,0.55,5.59,0.8,25.6,70.9
2026-05-07 08:23:55,RTM,Clear,0.22,8.5,1.0,10.2,79.8
2026-02-08 10:07:25,RTM,Fog,0.49,5.27,0.7,16.7,68.8
2026-05-10 05:46:45,RTM,Fog,0.76,4.36,1.2,52.0,92.9
2026-05-30 21:23:49,RTM,Cloudy,0.29,7.84,0.7,28.0,64.3
2026-01-07 21:30:09,RTM,Fog,0.55,5.37,0.9,16.5,90.7
2026-02-25 04:37:15,RTM,Clear,0.21,7.1,1.0,26.5,29.2
2026-05-16 14:12:11,RTM,Clear,0.5,6.12,0.1,29.2,61.7
2026-05-11 02:47:55,RTM,Cloudy,0.16,8.79,1.4,27.3,77.0
2026-02-08 00:49:15,RTM,Clear,0.23,8.5,1.4,36.0,39.4
2026-03-03 18:04:57,RTM,Rain,0.13,8.06,2.3,31.0,61.5
2026-02-13 10:04:32,RTM,Fog,0.48,5.7,0.4,22.2,80.4
2026-01-21 21:48:59,RTM,Clear,0.54,5.66,1.5,22.1,100.0
2026-06-10 08:29:20,RTM,Clear,0.66,4.06,0.7,15.4,40.9
2026-01-22 23:52:04,RTM,Clear,0.03,10.79,0.3,24.8,74.9
2026-06-08 03:12:45,RTM,Cloudy,0.09,9.17,1.3,23.3,81.9
2026-06-09 13:52:52,RTM,Rain,0.54,4.4,6.8,17.2,78.4
2026-04-08 05:38:00,RTM,Fog,0.54,5.93,1.4,12.5,73.2
2026-06-27 01:38:28,RTM,Fog,0.6,5.06,1.4,18.9,72.6
2026-06-16 13:40:09,RTM,Clear,0.26,8.47,0.8,26.5,68.0
2026-01-26 19:32:21,RTM,Clear,0.22,8.63,0.6,27.9,59.7
2026-04-06 03:42:54,RTM,Cloudy,0.29,8.19,0.1,17.6,60.3
2026-03-31 16:46:30,RTM,Clear,0.63,4.26,1.0,14.9,82.1
2026-04-27 09:59:38,RTM,Clear,0.14,8.3,1.3,19.2,51.3
2026-02-26 19:04:20,RTM,Clear,0.15,8.92,0.4,16.0,94.6
2026-05-10 06:43:29,RTM,Clear,0.47,5.9,0.8,18.5,71.2
2026-03-31 21:26:28,RTM,Clear,0.15,9.29,0.8,12.4,56.7
2026-05-14 15:55:20,RTM,Clear,0.26,7.13,0.6,19.2,60.9
2026-01-14 00:25:30,RTM,Clear,0.48,6.04,1.3,32.1,53.7
2026-01-06 22:10:48,RTM,Clear,0.28,7.08,0.6,24.2,75.0
2026-04-16 09:29:49,RTM,Rain,0.21,7.33,22.3,28.2,76.8
2026-04-27 07:30:54,RTM,Clear,0.12,8.99,1.3,26.7,70.4
2026-01-11 09:46:18,RTM,Clear,0.46,6.08,1.0,23.9,71.4
2026-02-05 01:29:36,RTM,Fog,0.84,2.46,0.6,25.6,78.7
2026-06-06 21:52:00,RTM,Clear,0.18,8.84,0.8,17.7,52.8
2026-04-01 09:45:35,RTM,Fog,0.4,6.83,1.3,21.6,99.1
2026-06-18 19:15:12,RTM,Rain,0.17,6.63,4.2,17.8,61.7
2026-05-08 23:00:56,RTM,Clear,0.19,8.58,0.5,14.3,87.9
2026-01-16 19:39:59,RTM,Clear,0.31,6.94,0.8,20.0,41.8
2026-01-14 19:18:17,RTM,Rain,0.37,5.97,6.1,8.4,61.0
2026-06-09 15:25:34,RTM,Clear,0.42,5.55,0.5,27.5,56.1
2026-04-20 05:34:35,RTM,Cloudy,0.23,8.13,0.6,29.3,72.5
2026-03-30 01:03:29,RTM,Rain,0.25,7.41,17.3,19.9,50.6
2026-02-21 10:27:36,RTM,Rain,0.38,5.02,12.9,19.5,48.6
2026-04-04 10:43:54,RTM,Clear,0.35,6.87,1.0,31.2,52.9
2026-04-07 21:41:29,RTM,Clear,0.41,6.08,1.0,21.1,78.9
2026-06-02 14:13:51,RTM,Clear,0.26,7.66,1.1,32.4,56.8
2026-02-09 13:38:26,RTM,Cloudy,0.29,8.02,0.5,27.5,46.7
2026-05-17 05:15:25,RTM,Cloudy,0.18,9.06,0.1,18.4,76.4
2026-03-03 22:25:48,RTM,Clear,0.32,6.6,1.5,18.7,42.9
2026-04-08 18:44:38,RTM,Clear,0.19,7.96,0.8,12.1,75.1
2026-04-29 01:39:51,RTM,Fog,0.42,6.4,1.0,15.0,74.4
2026-04-12 14:09:51,RTM,Clear,0.28,7.71,1.2,11.9,96.9
2026-02-03 08:37:28,RTM,Clear,0.14,9.2,0.2,32.8,43.2
2026-03-26 09:17:41,RTM,Rain,0.04,7.97,20.3,27.2,72.0
2026-01-23 01:57:04,RTM,Clear,0.36,7.65,0.4,24.8,55.1
2026-04-12 10:31:54,RTM,Cloudy,0.22,8.07,0.1,29.6,100.0
2026-04-23 19:06:40,RTM,Clear,0.31,7.47,0.3,15.7,85.9
2026-02-22 03:01:32,RTM,Fog,0.65,4.3,1.1,23.9,100.0
2026-06-06 13:31:57,RTM,Cloudy,0.42,6.33,1.4,37.6,67.5
2026-01-23 20:41:48,RTM,Clear,0.36,7.98,1.4,16.8,91.4
2026-03-13 05:40:32,RTM,Clear,0.02,10.52,0.9,14.0,62.6
2026-04-04 21:44:50,RTM,Clear,0.26,8.0,0.8,27.8,48.8
2026-06-27 04:18:36,RTM,Rain,0.06,7.56,3.1,23.9,100.0
2026-02-17 23:21:57,RTM,Rain,0.22,6.85,3.6,18.5,72.7
2026-01-02 14:02:30,RTM,Clear,0.16,8.13,1.0,19.0,24.3
2026-04-22 04:44:44,RTM,Cloudy,0.33,6.51,0.3,6.0,84.0
2026-01-10 18:28:14,RTM,Clear,0.35,7.04,0.5,19.5,66.5
2026-03-14 22:27:04,RTM,Clear,0.24,7.44,1.0,34.1,53.8
2026-04-25 14:03:12,RTM,Fog,0.48,6.14,0.9,24.7,90.6
2026-06-28 08:25:16,RTM,Fog,0.8,2.92,0.8,10.3,79.6
2026-01-18 10:09:45,RTM,Clear,0.4,6.69,0.7,33.7,61.1
2026-01-18 22:26:27,RTM,Clear,0.07,9.26,0.6,13.1,73.9
2026-03-12 20:15:46,RTM,Rain,0.37,5.53,11.2,27.0,83.0
2026-01-21 09:29:14,RTM,Clear,0.19,8.31,1.4,14.5,92.5
2026-03-13 10:56:30,RTM,Clear,0.3,7.35,1.2,24.3,59.8
2026-03-01 06:39:09,RTM,Clear,0.74,3.51,1.2,21.5,59.6
2026-06-15 22:02:06,RTM,Cloudy,0.32,7.11,0.4,10.8,36.3
2026-03-10 14:57:33,RTM,Cloudy,0.35,7.67,1.2,26.2,55.8
2026-01-30 01:00:25,RTM,Clear,0.3,7.39,0.8,32.9,88.1
2026-01-13 23:15:15,RTM,Clear,0.49,5.84,1.0,35.8,58.7
2026-03-11 13:42:24,RTM,Clear,0.29,7.99,0.8,27.4,58.4
2026-01-28 04:40:10,RTM,Cloudy,0.17,8.24,1.1,27.2,69.6
2026-05-17 20:42:19,RTM,Cloudy,0.27,8.05,0.7,29.1,52.6
2026-04-08 04:13:10,RTM,Rain,0.21,6.87,13.7,26.5,79.7
2026-02-23 15:17:35,RTM,Clear,0.01,10.2,1.2,16.5,57.3
2026-05-30 08:33:04,RTM,Clear,0.26,7.18,0.0,24.5,60.0
2026-05-19 00:25:51,RTM,Clear,0.19,8.8,0.7,11.7,88.6
2026-03-28 05:09:59,RTM,Clear,0.17,8.72,0.7,30.5,51.8
2026-02-10 01:49:25,RTM,Clear,0.48,5.45,0.9,9.9,59.4
2026-02-06 20:09:45,RTM,Clear,0.37,6.68,0.9,25.3,92.8
2026-04-04 06:46:59,RTM,Clear,0.2,8.57,0.9,42.4,85.1
2026-04-10 06:08:09,RTM,Clear,0.07,9.13,0.6,34.5,71.7
2026-03-03 18:10:03,RTM,Clear,0.35,7.26,0.4,20.9,79.1
2026-01-17 01:15:16,RTM,Rain,0.16,7.67,8.6,18.0,53.8
2026-05-04 12:22:19,RTM,Clear,0.3,7.52,1.5,7.3,47.9
2026-05-12 13:56:22,RTM,Fog,0.5,6.58,1.0,34.7,93.6
2026-01-20 15:22:11,RTM,Clear,0.53,5.43,0.3,23.0,64.4
2026-03-16 15:34:05,RTM,Rain,0.73,3.26,9.1,30.2,94.7
2026-06-05 17:56:07,RTM,Clear,0.47,5.7,0.3,30.8,52.6
2026-02-15 19:49:26,RTM,Clear,0.31,7.77,0.4,21.1,59.9
2026-01-24 06:16:38,RTM,Clear,0.37,6.66,0.3,24.6,68.3
2026-04-25 19:52:47,RTM,Clear,0.39,6.05,0.1,22.2,90.5
2026-03-17 16:43:09,RTM,Clear,0.18,9.27,0.2,17.1,45.6
2026-02-21 00:20:33,RTM,Rain,0.18,6.88,2.3,20.2,83.0
2026-01-26 19:57:36,RTM,Rain,0.62,3.72,6.4,34.8,67.7
2026-01-24 12:02:11,RTM,Clear,0.26,8.09,1.2,7.2,63.8
2026-03-25 03:38:48,RTM,Fog,0.59,5.84,1.4,24.5,63.8
2026-04-14 06:03:15,RTM,Clear,0.4,7.28,0.4,35.2,63.9
2026-04-23 07:16:51,RTM,Rain,0.22,6.17,9.5,28.9,80.1
2026-06-07 12:49:18,RTM,Cloudy,0.52,4.91,1.4,24.7,64.4
2026-05-29 18:51:08,RTM,Clear,0.34,7.31,1.1,25.7,77.4
2026-02-04 22:43:11,RTM,Clear,0.37,6.03,0.6,17.5,81.0
2026-01-21 04:20:08,RTM,Clear,0.31,7.44,0.0,18.2,71.2
2026-06-03 19:21:48,RTM,Clear,0.65,4.77,1.2,27.3,85.5
2026-05-18 08:45:44,RTM,Clear,0.1,9.24,1.1,18.8,62.1
2026-03-28 16:49:43,RTM,Cloudy,0.23,7.19,0.5,17.3,27.3
2026-04-20 16:18:56,RTM,Clear,0.1,9.14,0.1,25.1,68.6
2026-05-03 14:49:55,RTM,Rain,0.32,5.76,5.1,25.3,67.4
2026-03-26 04:51:24,RTM,Clear,0.29,7.99,1.2,25.9,64.1
2026-01-16 13:46:29,RTM,Clear,0.46,5.83,0.8,27.7,100.0
2026-05-06 11:41:28,RTM,Clear,0.14,8.49,1.4,30.8,46.2
2026-03-25 12:39:45,RTM,Clear,0.4,6.26,0.9,23.2,66.6
2026-06-26 11:20:18,RTM,Rain,0.18,7.28,9.8,1.7,67.5
2026-02-04 12:36:57,RTM,Rain,0.13,7.67,10.2,35.4,20.0
2026-02-16 09:13:13,RTM,Rain,0.22,6.64,8.0,42.1,40.7
2026-03-24 00:38:45,RTM,Rain,0.13,6.62,1.0,18.5,69.6
2026-04-18 00:46:56,RTM,Clear,0.18,8.82,0.9,26.7,91.7
2026-04-22 07:42:00,RTM,Fog,0.72,3.37,1.0,23.4,85.2
2026-02-22 22:45:46,RTM,Clear,0.03,8.64,0.6,26.1,94.5
2026-05-31 04:47:12,RTM,Cloudy,0.1,9.47,1.3,30.3,68.6
2026-03-15 00:59:37,RTM,Rain,0.22,6.62,3.8,33.4,57.5
2026-04-07 09:25:44,RTM,Fog,0.52,5.95,1.2,27.5,74.9
2026-01-05 07:27:00,RTM,Clear,0.1,9.24,1.4,29.2,50.4
2026-03-05 13:46:21,RTM,Cloudy,0.4,6.77,1.1,31.9,85.7
2026-06-21 18:33:24,RTM,Rain,0.38,5.13,29.7,24.6,63.4
2026-04-02 17:38:18,RTM,Cloudy,0.25,7.08,0.5,24.3,50.5
2026-01-15 13:36:05,RTM,Cloudy,0.2,8.46,0.4,20.3,89.4
2026-02-04 15:52:51,RTM,Clear,0.38,6.23,1.3,26.8,71.5
2026-01-12 11:42:27,RTM,Clear,0.13,9.38,0.5,14.3,71.2
2026-06-08 11:41:18,RTM,Clear,0.06,9.91,1.4,16.5,59.8
2026-04-15 02:10:34,RTM,Cloudy,0.22,8.09,0.5,16.3,79.9
2026-01-04 06:01:09,RTM,Fog,0.73,3.94,0.4,27.8,58.5
2026-04-07 06:31:56,RTM,Rain,0.51,4.62,2.8,35.9,77.5
2026-03-01 14:41:43,RTM,Clear,0.06,8.97,0.4,10.2,100.0
2026-01-14 22:07:05,RTM,Cloudy,0.19,8.51,0.4,22.8,86.5
2026-03-31 14:30:23,RTM,Clear,0.47,6.11,1.0,19.8,52.4
2026-01-21 23:46:00,RTM,Clear,0.34,7.14,0.1,22.9,54.2
2026-03-10 22:57:10,RTM,Clear,0.63,4.32,0.2,17.7,100.0
2026-03-17 22:55:44,RTM,Cloudy,0.71,4.45,0.7,26.4,59.2
2026-06-26 13:28:56,RTM,Clear,0.33,7.34,1.0,25.1,64.1
2026-02-19 18:24:24,RTM,Clear,0.33,6.74,0.1,22.4,69.6
2026-02-04 11:09:35,RTM,Fog,1.0,1.09,0.7,25.0,63.6
2026-02-02 06:39:47,RTM,Rain,0.08,8.46,6.8,24.5,20.0
2026-04-15 23:28:43,RTM,Cloudy,0.55,5.33,0.1,19.0,75.9
2026-03-08 20:02:55,RTM,Cloudy,0.21,8.1,1.3,20.3,65.6
2026-04-03 07:06:23,RTM,Clear,0.18,7.94,1.0,23.1,64.3
2026-02-25 19:55:24,RTM,Clear,0.04,9.27,0.3,24.3,20.0
2026-03-06 16:36:59,RTM,Clear,0.25,7.69,0.7,16.7,73.0
2026-02-16 21:53:44,RTM,Fog,0.92,2.56,0.8,33.5,95.4
2026-01-16 07:03:01,RTM,Clear,0.35,7.26,0.6,17.4,49.2
2026-02-09 03:38:41,RTM,Cloudy,0.46,6.26,1.1,19.0,67.4
2026-01-25 08:16:09,RTM,Fog,0.56,5.94,0.5,33.0,100.0
2026-01-27 08:24:56,RTM,Clear,0.24,8.56,0.6,34.5,100.0
2026-01-09 08:17:12,RTM,Clear,0.3,7.67,0.7,30.3,64.0
2026-01-09 03:47:20,RTM,Rain,0.37,6.51,7.6,13.7,74.7
2026-04-30 16:51:42,RTM,Fog,0.75,4.42,0.8,29.4,61.3
2026-02-18 03:11:25,RTM,Clear,0.29,7.63,0.8,20.2,55.8
2026-01-02 12:02:57,RTM,Clear,0.1,9.05,0.5,32.9,49.1
2026-01-18 12:00:11,RTM,Fog,0.9,1.95,0.5,15.9,100.0
2026-04-16 01:24:02,RTM,Cloudy,0.44,6.54,0.2,16.7,92.4
2026-06-08 17:15:33,RTM,Clear,0.11,9.17,0.3,23.0,54.1
2026-03-25 07:44:43,RTM,Clear,0.32,6.93,0.9,14.6,65.6
2026-02-14 08:44:21,RTM,Rain,0.18,8.28,14.0,18.5,52.7
2026-05-17 12:07:26,RTM,Clear,0.17,8.16,0.2,27.1,59.4
2026-02-18 14:09:16,RTM,Clear,0.29,6.95,0.1,37.9,93.6
2026-06-07 00:24:09,RTM,Clear,0.22,8.43,0.5,19.3,85.6
2026-06-16 09:10:49,RTM,Clear,0.35,7.23,1.3,15.9,79.1
2026-04-06 06:41:46,RTM,Clear,0.34,7.49,0.0,24.9,83.3
2026-02-15 17:48:39,RTM,Clear,0.36,6.82,0.8,15.6,93.2
2026-06-19 00:18:37,RTM,Clear,0.22,7.84,1.1,32.5,61.7
2026-06-29 00:54:25,RTM,Rain,0.27,6.56,3.7,18.3,82.4
2026-02-20 02:28:06,RTM,Fog,0.55,4.45,0.4,13.3,80.1
2026-06-12 05:52:24,RTM,Cloudy,0.52,4.99,0.5,20.6,80.7
2026-04-06 05:38:17,RTM,Clear,0.33,7.13,0.8,16.7,50.0
2026-02-24 02:32:34,RTM,Cloudy,0.39,7.07,0.6,12.6,52.9
2026-05-12 11:52:31,RTM,Fog,0.94,1.81,0.7,31.3,100.0
2026-02-24 18:32:11,RTM,Clear,0.17,8.6,1.2,25.0,46.2
2026-02-22 01:35:54,RTM,Cloudy,0.09,8.63,0.0,19.0,78.5
2026-04-12 04:51:50,RTM,Clear,0.36,6.21,0.7,26.0,57.6
2026-01-04 17:36:52,RTM,Fog,0.55,5.72,0.9,28.6,77.9
2026-01-10 03:41:51,RTM,Clear,0.23,8.31,0.8,10.4,76.8
2026-03-29 11:39:30,RTM,Clear,0.28,7.66,1.2,17.2,96.8
2026-03-28 14:25:12,RTM,Cloudy,0.41,7.02,1.2,19.6,65.1
2026-01-21 12:20:09,RTM,Clear,0.11,9.32,0.6,32.2,63.8
2026-02-04 06:13:56,RTM,Fog,0.78,4.05,0.6,36.3,30.6
2026-04-27 03:40:17,RTM,Fog,1.0,1.27,0.7,13.9,64.0
2026-05-15 00:27:49,RTM,Rain,0.48,4.37,14.3,15.2,60.8
2026-03-22 23:22:15,RTM,Clear,0.14,8.99,0.4,35.8,75.8
2026-04-25 01:48:59,RTM,Rain,0.25,6.75,3.9,33.3,63.6
2026-05-13 06:33:43,RTM,Clear,0.16,8.46,0.8,27.3,52.2
2026-06-21 12:24:08,RTM,Cloudy,0.13,9.37,0.5,13.1,69.5
2026-02-19 22:15:50,RTM,Clear,0.33,6.94,0.9,23.7,68.6
2026-06-21 10:39:19,RTM,Rain,0.17,7.01,6.3,21.3,76.5
2026-01-31 15:37:54,RTM,Fog,0.74,3.56,0.3,20.2,74.1
2026-05-23 16:54:01,RTM,Rain,0.38,4.63,15.9,28.1,37.8
2026-06-26 08:18:39,RTM,Clear,0.38,6.32,0.8,21.1,81.1
2026-05-31 15:47:04,RTM,Clear,0.26,7.16,1.1,29.7,96.3
2026-01-12 07:42:58,RTM,Clear,0.19,8.63,0.8,20.9,78.0
2026-06-16 08:18:16,RTM,Clear,0.32,8.07,0.9,29.9,62.3
2026-05-08 02:10:05,RTM,Clear,0.39,6.39,0.3,39.1,53.8
2026-05-10 00:31:50,RTM,Clear,0.2,8.75,1.4,20.6,33.9
2026-03-18 23:23:36,RTM,Clear,0.21,8.14,0.7,21.9,90.0
2026-06-21 15:32:45,RTM,Rain,0.19,6.88,4.6,35.9,76.9
2026-02-06 18:04:44,RTM,Clear,0.04,9.32,0.8,23.7,70.2
2026-03-01 11:43:32,RTM,Clear,0.33,7.21,1.1,23.1,54.3
2026-04-17 21:54:37,RTM,Clear,0.09,8.77,0.5,17.5,85.0
2026-02-23 03:34:33,RTM,Fog,0.58,4.32,1.2,26.8,73.6
2026-03-06 22:57:51,RTM,Clear,0.27,8.11,1.0,22.2,70.0
2026-01-22 18:48:24,RTM,Clear,0.2,7.85,0.7,36.2,70.9
2026-06-26 08:50:36,RTM,Fog,0.44,6.15,1.0,32.2,50.7
2026-03-18 16:30:38,RTM,Fog,0.56,5.14,1.2,27.1,52.3
2026-01-22 08:18:07,RTM,Fog,0.52,5.08,0.4,13.0,87.9
2026-06-30 20:45:41,RTM,Cloudy,0.23,8.05,0.7,6.9,86.9
2026-03-16 05:23:46,RTM,Rain,0.31,5.3,6.6,19.9,45.8
2026-02-27 11:25:16,RTM,Clear,0.23,7.42,1.1,33.9,64.6
2026-04-23 11:07:14,RTM,Clear,0.36,6.64,1.3,22.2,90.1
2026-05-26 23:19:01,RTM,Cloudy,0.5,5.99,1.2,24.8,68.1
2026-06-28 15:31:50,RTM,Clear,0.61,5.37,0.8,23.6,95.4
2026-06-14 18:45:47,RTM,Cloudy,0.16,7.8,0.3,21.2,59.3
2026-01-28 13:03:59,RTM,Clear,0.19,8.84,1.3,27.4,65.5
2026-01-03 00:12:59,RTM,Clear,0.18,8.56,0.5,17.2,72.0
2026-01-02 10:30:42,RTM,Clear,0.3,8.03,0.1,18.3,46.8
2026-03-24 01:39:42,RTM,Cloudy,0.15,9.56,0.4,26.5,71.1
2026-05-04 22:16:00,RTM,Clear,0.04,9.49,1.2,21.7,92.3
2026-03-25 06:33:31,RTM,Cloudy,0.19,8.39,0.8,19.2,73.1
2026-01-14 22:15:24,RTM,Clear,0.25,7.34,0.7,36.3,54.6
2026-02-08 07:29:52,RTM,Rain,0.42,5.54,5.5,12.5,64.5
2026-01-06 11:17:54,RTM,Clear,0.29,6.72,0.7,26.9,42.3
2026-02-16 06:50:52,RTM,Clear,0.3,7.04,0.1,23.6,82.6
2026-06-30 07:14:49,RTM,Fog,0.42,6.37,0.3,28.6,74.4
2026-06-28 21:12:25,RTM,Cloudy,0.48,6.05,0.8,20.9,65.4
2026-03-28 10:57:14,RTM,Clear,0.17,8.48,0.1,26.4,61.0
2026-06-16 21:50:59,RTM,Cloudy,0.29,7.35,0.9,20.0,49.1
2026-03-01 10:30:39,RTM,Clear,0.47,6.99,0.9,27.2,41.8
2026-03-27 07:42:01,RTM,Rain,0.22,7.34,11.5,22.6,69.4
2026-06-17 19:34:42,RTM,Clear,0.73,3.72,1.3,16.0,66.3
2026-04-04 06:02:53,RTM,Rain,0.72,3.17,5.1,29.4,66.7
2026-02-19 02:06:19,RTM,Cloudy,0.22,7.44,0.5,11.2,31.3
2026-05-20 21:54:59,RTM,Clear,0.44,6.47,0.1,22.1,69.4
2026-06-19 02:13:49,RTM,Clear,0.21,8.73,0.7,23.5,93.4
2026-05-11 08:46:13,RTM,Rain,0.47,4.99,4.0,31.5,52.3
2026-04-29 01:00:36,RTM,Clear,0.35,7.11,1.4,23.0,72.2
2026-02-20 03:10:48,RTM,Rain,0.12,7.89,22.8,17.5,80.8
2026-06-04 02:51:52,RTM,Clear,0.36,6.83,0.7,20.3,74.5
2026-04-20 03:59:03,RTM,Clear,0.12,9.3,0.2,27.7,78.4
2026-06-12 12:02:40,RTM,Clear,0.15,8.7,0.3,20.0,48.0
2026-03-14 08:16:39,RTM,Rain,0.13,8.16,20.2,22.3,88.7
2026-06-04 07:57:45,RTM,Cloudy,0.36,6.4,1.3,18.9,45.1
2026-01-24 08:46:44,RTM,Clear,0.15,8.47,0.5,26.0,55.2
2026-02-15 11:53:34,RTM,Rain,0.41,5.62,8.5,22.2,70.5
2026-01-29 23:45:26,RTM,Clear,0.68,4.96,0.7,32.4,32.8
2026-03-01 01:21:02,RTM,Cloudy,0.44,5.97,0.6,21.2,80.7
2026-06-19 21:35:36,RTM,Fog,0.61,4.58,0.6,31.0,88.0
2026-01-30 02:54:58,RTM,Fog,0.77,3.21,1.3,21.5,87.3
2026-04-26 02:48:13,RTM,Cloudy,0.1,8.85,0.5,33.4,100.0
2026-02-17 02:22:15,RTM,Fog,0.61,5.08,0.2,45.0,50.3
2026-05-16 10:05:19,RTM,Clear,0.34,8.2,0.5,32.4,77.2
2026-02-16 00:22:09,RTM,Clear,0.42,6.15,0.5,27.9,49.2
2026-05-30 07:46:18,RTM,Rain,0.11,7.8,7.8,15.3,60.2
2026-06-14 00:21:00,RTM,Rain,0.62,3.71,17.4,23.9,94.4
2026-06-27 13:16:50,RTM,Clear,0.25,7.82,0.6,29.3,57.9
2026-06-27 05:39:45,RTM,Cloudy,0.24,8.28,0.9,15.8,64.1
2026-01-05 15:12:56,RTM,Clear,0.6,5.15,1.3,7.5,69.7
2026-01-31 04:16:03,RTM,Clear,0.62,4.12,0.9,22.5,46.1
2026-02-20 07:07:53,RTM,Clear,0.28,7.94,0.8,13.8,48.7
2026-04-02 17:48:16,RTM,Clear,0.29,7.94,0.6,17.3,44.3
2026-03-08 18:44:24,RTM,Clear,0.18,7.93,0.5,21.4,82.2
2026-02-17 19:32:43,RTM,Clear,0.22,7.42,1.0,25.7,40.1
2026-03-05 09:51:13,RTM,Fog,0.62,5.3,1.3,29.7,79.9
2026-03-24 10:15:04,RTM,Cloudy,0.54,5.74,1.5,10.9,55.1
2026-02-02 08:09:35,RTM,Cloudy,0.33,6.97,0.2,15.1,69.1
2026-01-18 22:38:38,RTM,Fog,0.64,4.45,1.1,27.0,70.3
2026-05-08 13:44:58,RTM,Clear,0.26,7.94,0.4,21.2,59.4
2026-01-14 16:48:03,RTM,Cloudy,0.31,7.35,1.0,12.2,60.2
2026-06-07 06:53:58,RTM,Clear,0.2,8.36,0.1,11.6,53.2
2026-06-04 08:43:52,RTM,Clear,0.5,6.06,0.4,15.0,69.9
2026-06-21 12:45:14,RTM,Rain,0.35,5.53,4.8,9.9,52.4
2026-01-02 14:52:26,RTM,Fog,0.57,5.75,0.8,19.3,93.8
2026-04-16 20:41:39,RTM,Fog,0.66,4.19,0.7,30.5,38.5
2026-01-09 15:27:25,RTM,Clear,0.23,8.38,0.7,27.8,73.0
2026-05-04 20:39:19,RTM,Fog,0.5,5.99,1.1,25.3,22.7
2026-03-03 18:28:18,RTM,Rain,0.48,4.75,2.9,40.2,47.1
2026-03-31 18:53:42,RTM,Clear,0.24,8.09,0.8,25.3,61.7
2026-05-27 03:38:57,RTM,Cloudy,0.48,6.28,0.8,24.0,100.0
2026-05-25 15:07:22,RTM,Rain,0.15,7.19,11.6,30.0,57.4
2026-06-20 03:37:01,RTM,Clear,0.1,9.09,0.8,24.0,73.0
2026-05-23 10:07:29,RTM,Fog,0.58,5.14,0.7,28.0,85.8
2026-04-13 13:41:43,RTM,Rain,0.23,7.06,15.5,20.6,75.2
2026-03-17 00:27:03,RTM,Clear,0.25,8.25,0.8,32.9,83.0
2026-02-19 01:09:11,RTM,Clear,0.16,9.06,1.0,25.5,43.9
2026-03-22 18:08:49,RTM,Cloudy,0.11,9.39,0.1,21.1,46.1
2026-05-20 12:52:53,RTM,Clear,0.07,8.92,0.4,29.3,67.4
2026-02-03 21:28:00,RTM,Fog,0.65,4.4,0.9,23.8,84.9
2026-01-10 11:23:09,RTM,Clear,0.51,5.16,0.0,31.1,66.2
2026-04-13 11:15:25,RTM,Clear,0.39,6.68,0.7,33.4,39.1
2026-06-11 02:53:09,RTM,Clear,0.28,7.69,1.5,27.8,52.6
2026-02-08 11:33:35,RTM,Fog,0.39,7.19,1.4,28.0,80.6
2026-01-08 23:17:52,RTM,Cloudy,0.21,7.5,1.2,17.7,61.5
2026-05-09 06:35:28,RTM,Rain,0.42,4.87,5.2,6.0,62.4
2026-05-09 14:04:30,RTM,Clear,0.46,6.23,0.1,46.3,53.9
2026-06-22 11:54:59,RTM,Clear,0.43,5.52,0.9,19.8,63.9
2026-03-26 05:25:11,RTM,Rain,0.09,8.27,2.2,18.5,46.2
2026-04-24 04:13:39,RTM,Clear,0.55,5.38,0.6,29.7,49.5
2026-03-09 17:14:39,RTM,Cloudy,0.49,5.58,1.0,27.5,91.0
2026-02-11 19:06:13,RTM,Cloudy,0.54,5.18,0.3,7.6,65.3
2026-05-01 07:29:35,RTM,Fog,0.54,5.2,1.4,24.8,59.4
2026-03-08 05:14:19,RTM,Fog,0.69,3.63,0.8,23.8,83.3
2026-03-13 08:23:07,RTM,Clear,0.01,9.8,1.5,27.7,65.8
2026-01-28 20:48:27,RTM,Cloudy,0.04,9.76,0.7,27.8,78.9
2026-04-19 11:57:27,RTM,Cloudy,0.1,9.33,0.6,25.9,50.8
2026-05-06 02:33:13,RTM,Cloudy,0.24,8.7,0.9,27.1,36.8
2026-06-15 20:17:14,RTM,Clear,0.49,6.09,0.2,19.6,65.9
2026-05-05 12:35:29,RTM,Clear,0.12,8.83,1.4,25.8,57.6
2026-04-29 04:40:22,RTM,Cloudy,0.17,9.36,1.2,25.2,36.1
2026-03-18 01:56:07,RTM,Clear,0.31,8.27,1.3,35.1,46.2
2026-03-14 12:44:17,RTM,Cloudy,0.17,7.66,1.0,35.8,43.8
2026-06-29 21:32:51,RTM,Clear,0.44,7.55,0.4,15.7,50.0
2026-06-08 01:32:57,RTM,Clear,0.39,5.51,0.6,24.8,66.1
2026-02-26 09:21:11,RTM,Rain,0.31,6.41,11.8,27.4,58.8
2026-04-09 09:55:27,RTM,Cloudy,0.22,8.54,1.0,29.4,28.5
2026-05-02 20:06:22,RTM,Cloudy,0.75,3.7,0.8,37.5,73.8
2026-01-08 09:51:45,RTM,Clear,0.45,5.9,1.4,30.5,46.2
2026-01-13 08:57:47,RTM,Rain,0.16,7.27,7.6,40.8,80.5
2026-04-27 12:30:17,RTM,Cloudy,0.17,8.69,0.2,15.3,42.9
2026-04-27 17:40:17,RTM,Clear,0.15,8.62,0.3,25.9,75.3
2026-03-31 18:14:16,RTM,Fog,0.6,4.87,0.1,17.5,93.3
2026-06-09 18:26:26,RTM,Fog,0.56,4.97,0.2,27.5,94.7
2026-06-14 07:16:05,RTM,Clear,0.23,8.22,0.4,15.9,57.5
2026-05-27 04:32:23,RTM,Clear,0.29,7.38,1.4,28.4,42.7
2026-01-13 17:49:56,RTM,Cloudy,0.09,9.35,0.1,29.2,60.2
2026-02-15 06:30:03,RTM,Clear,0.42,6.28,0.2,29.3,67.3
2026-05-22 09:10:59,RTM,Cloudy,0.25,8.18,1.3,34.1,94.7
2026-02-16 15:11:24,RTM,Clear,0.21,8.3,1.5,33.5,58.4
2026-06-30 00:01:12,RTM,Clear,0.26,7.53,0.4,16.6,73.2
2026-03-01 13:27:11,RTM,Cloudy,0.32,6.46,0.2,14.1,37.3
2026-05-08 22:15:56,RTM,Rain,0.08,8.94,4.4,28.8,77.7
2026-01-10 23:12:17,RTM,Clear,0.26,7.39,1.2,25.3,69.7
2026-01-25 11:46:44,RTM,Clear,0.12,9.14,0.7,36.9,57.9
2026-03-01 11:51:54,RTM,Clear,0.5,5.9,1.1,31.4,70.4
2026-04-17 21:09:09,RTM,Clear,0.29,8.33,0.2,24.2,66.4
2026-04-15 15:23:51,RTM,Clear,0.13,9.12,0.9,26.9,50.8
2026-06-02 03:57:44,RTM,Clear,0.37,7.45,1.3,20.6,86.9
2026-01-27 07:42:02,RTM,Cloudy,0.54,6.08,1.3,24.1,68.0
2026-06-27 05:15:12,RTM,Clear,0.55,5.71,0.2,23.1,54.6
2026-03-25 14:37:21,RTM,Fog,0.59,4.93,0.0,22.8,81.4
2026-01-06 16:54:31,RTM,Clear,0.2,8.02,0.0,20.4,88.5
2026-04-05 09:30:56,RTM,Clear,0.13,8.67,0.4,14.8,86.7
2026-02-17 14:26:09,RTM,Clear,0.15,8.17,0.5,38.8,55.8
2026-04-25 00:43:35,RTM,Clear,0.27,7.81,1.0,34.6,37.3
2026-06-14 10:59:32,RTM,Clear,0.39,6.65,1.3,27.3,58.2
2026-01-10 00:14:40,RTM,Clear,0.12,8.88,1.2,32.8,49.3
2026-04-16 06:13:50,RTM,Rain,0.11,8.58,13.6,9.4,59.3
2026-03-22 11:07:57,RTM,Clear,0.3,6.63,1.3,7.8,27.7
2026-04-26 16:17:18,RTM,Cloudy,0.01,9.65,0.6,37.1,52.3
2026-03-17 04:20:56,RTM,Clear,0.04,9.45,1.4,22.2,60.0
2026-06-18 04:59:53,RTM,Rain,0.09,7.8,5.3,24.3,65.3
2026-02-25 11:03:05,RTM,Clear,0.5,5.4,1.3,22.1,53.3
2026-02-24 01:29:05,RTM,Clear,0.18,8.45,0.9,20.7,53.6
2026-01-09 18:46:32,RTM,Cloudy,0.1,9.73,1.0,23.9,26.9
2026-06-02 18:39:16,RTM,Cloudy,0.49,5.66,0.7,20.1,48.8
2026-01-07 08:00:29,RTM,Clear,0.17,8.52,1.1,30.0,64.8
2026-03-03 08:22:28,RTM,Cloudy,0.05,9.24,0.3,30.3,75.4
2026-04-15 06:23:53,RTM,Clear,0.45,5.67,0.4,20.9,76.8
2026-04-16 17:43:47,RTM,Cloudy,0.25,7.02,0.2,26.8,87.5
2026-01-14 15:39:28,RTM,Clear,0.68,3.92,0.2,12.5,98.8
2026-02-06 21:54:47,RTM,Cloudy,0.22,7.69,1.3,27.6,87.5
2026-05-09 00:42:09,RTM,Rain,0.44,4.85,0.7,22.4,82.8
2026-05-29 15:15:37,RTM,Clear,0.42,6.57,1.3,36.9,52.9
2026-05-12 06:41:51,RTM,Clear,0.27,7.51,1.3,14.2,81.5
2026-02-04 18:01:39,RTM,Clear,0.16,8.91,1.0,19.8,58.6
2026-05-28 10:16:50,RTM,Clear,0.57,5.25,0.4,31.7,62.5
2026-01-14 01:49:15,RTM,Clear,0.43,6.26,1.4,33.4,67.4
2026-05-02 16:33:26,RTM,Rain,0.4,5.29,3.2,17.1,69.3
2026-01-27 11:26:13,RTM,Clear,0.12,10.04,0.1,36.6,55.5
2026-06-10 03:21:58,RTM,Clear,0.22,8.16,0.6,28.0,39.0
2026-04-26 03:41:10,RTM,Rain,0.18,6.95,11.5,27.3,81.1
2026-02-27 22:56:48,RTM,Clear,0.07,9.74,1.3,12.6,37.5
2026-03-18 19:33:06,RTM,Clear,0.11,8.56,0.5,13.5,59.8
2026-05-31 20:27:09,RTM,Clear,0.39,6.74,1.0,10.4,91.9
2026-01-26 07:17:37,RTM,Clear,0.2,8.23,0.9,24.6,53.8
2026-05-28 21:27:41,RTM,Cloudy,0.31,7.26,1.4,35.2,83.2
2026-06-06 12:16:58,RTM,Clear,0.25,7.55,0.8,23.9,69.1
2026-06-24 15:01:13,RTM,Clear,0.43,6.44,0.5,26.9,56.8
2026-06-24 22:17:11,RTM,Rain,0.4,5.54,17.2,18.7,71.5
2026-02-25 08:04:19,RTM,Cloudy,0.32,7.34,0.6,23.2,77.0
2026-03-04 16:09:11,RTM,Clear,0.29,7.6,1.2,15.3,90.2
2026-03-31 13:13:33,RTM,Fog,0.7,3.34,0.5,22.7,60.2
2026-03-17 14:57:21,RTM,Rain,0.03,8.35,6.4,13.0,76.8
2026-05-02 12:54:33,RTM,Fog,0.57,5.46,1.3,18.1,46.4
2026-03-13 05:14:25,RTM,Cloudy,0.19,8.24,0.5,28.4,75.4
2026-03-02 11:52:49,RTM,Rain,0.03,8.81,7.0,31.9,33.7
2026-01-23 17:36:15,RTM,Rain,0.27,6.5,2.6,25.6,76.8
2026-06-07 08:30:29,RTM,Clear,0.41,7.12,0.4,23.6,65.4
2026-01-11 22:00:34,RTM,Clear,0.22,8.6,0.3,22.9,62.3
2026-01-21 06:47:52,RTM,Clear,0.37,6.98,0.6,25.9,77.3
2026-05-29 08:50:49,RTM,Fog,0.67,4.72,0.7,31.5,100.0
2026-05-15 07:41:12,RTM,Cloudy,0.19,8.21,1.2,39.8,77.2
2026-04-27 00:54:07,RTM,Clear,0.3,6.93,0.1,14.9,62.5
2026-01-07 14:54:27,RTM,Clear,0.07,9.67,1.3,35.1,39.7
2026-04-05 14:24:55,RTM,Rain,0.18,7.21,8.8,31.9,93.7
2026-05-06 08:36:29,RTM,Clear,0.32,7.85,0.8,2.0,53.5
2026-04-25 01:15:37,RTM,Clear,0.38,5.82,0.4,19.1,62.5
2026-01-23 07:25:54,RTM,Cloudy,0.13,8.95,0.8,31.5,35.0
2026-01-30 06:29:50,RTM,Rain,0.35,5.64,5.7,28.1,68.6
2026-04-14 20:21:05,RTM,Fog,0.89,2.52,0.1,26.2,74.8
2026-01-02 04:28:57,RTM,Cloudy,0.38,6.92,1.5,31.5,68.4
2026-04-07 15:48:25,RTM,Clear,0.5,5.7,0.2,14.4,100.0
2026-01-18 04:27:16,RTM,Clear,0.27,7.23,0.3,13.3,48.1
2026-03-21 20:02:42,RTM,Fog,0.82,2.33,0.8,30.0,70.5
2026-04-22 01:32:46,RTM,Clear,0.32,7.63,0.2,13.9,53.3
2026-06-26 15:42:02,RTM,Clear,0.29,7.01,0.9,28.1,76.3
2026-01-19 21:06:50,RTM,Clear,0.21,8.19,1.1,30.0,73.9
2026-03-16 02:48:41,RTM,Cloudy,0.27,7.82,0.7,23.2,28.2
2026-02-25 14:46:18,RTM,Clear,0.41,5.88,0.1,17.6,47.6
2026-01-22 00:37:14,RTM,Clear,0.27,6.95,0.8,24.3,80.6
2026-06-25 05:59:21,RTM,Clear,0.42,5.93,0.0,36.9,100.0
2026-06-04 21:47:29,RTM,Clear,0.13,9.08,0.7,19.8,70.3
2026-04-29 15:44:50,RTM,Clear,0.3,7.03,0.0,11.4,65.8
2026-03-11 05:37:45,RTM,Rain,0.26,6.5,11.3,26.0,50.3
2026-06-22 18:51:02,RTM,Clear,0.16,9.38,0.5,19.3,71.7
2026-01-18 08:06:30,RTM,Clear,0.36,6.42,1.3,21.5,65.0
2026-06-26 19:17:38,RTM,Clear,0.42,7.94,0.4,33.0,30.4
2026-05-06 12:44:00,RTM,Clear,0.44,5.7,0.5,33.6,89.4
2026-01-31 22:20:39,RTM,Clear,0.17,8.27,1.2,26.6,91.3
2026-03-28 22:33:52,RTM,Clear,0.37,7.6,1.0,29.4,59.7
2026-02-04 02:36:03,RTM,Clear,0.23,8.53,0.3,17.2,61.4
2026-02-22 19:58:46,RTM,Fog,0.62,4.27,0.6,23.7,69.2
2026-02-21 18:51:18,RTM,Clear,0.05,9.57,0.2,22.5,77.1
2026-05-06 15:18:28,RTM,Rain,0.74,2.95,3.7,13.6,59.6
2026-06-18 22:16:05,RTM,Clear,0.39,6.42,0.8,29.0,85.2
2026-02-22 02:23:10,RTM,Clear,0.24,7.46,0.3,30.0,87.3
2026-03-26 03:38:14,RTM,Cloudy,0.66,3.89,1.3,31.9,48.7
2026-03-26 13:08:30,RTM,Clear,0.22,7.76,1.5,27.2,71.9
2026-03-20 10:43:59,RTM,Rain,0.09,8.09,20.5,31.6,58.3
2026-06-24 23:03:00,RTM,Clear,0.26,8.23,0.7,11.1,74.8
2026-03-22 05:38:30,RTM,Clear,0.19,8.21,0.3,37.2,69.8
2026-06-15 03:03:03,RTM,Rain,0.05,9.58,1.8,21.8,66.2
2026-05-28 18:48:12,RTM,Cloudy,0.2,8.25,1.4,17.4,79.8
2026-02-20 19:53:58,RTM,Cloudy,0.32,7.11,1.3,28.9,65.8
2026-05-16 09:53:57,RTM,Cloudy,0.68,4.48,0.1,21.0,76.2
2026-01-06 21:50:42,RTM,Cloudy,0.13,8.55,1.4,22.5,60.6
2026-01-05 15:06:22,RTM,Fog,1.0,1.7,0.2,25.1,94.3
2026-03-06 06:17:25,RTM,Cloudy,0.4,5.7,0.8,30.8,61.0
2026-03-25 16:22:44,RTM,Clear,0.43,5.38,0.1,25.1,81.2
2026-05-12 00:34:09,RTM,Clear,0.16,8.35,0.5,24.9,92.2
2026-03-27 19:51:22,RTM,Clear,0.13,7.97,0.3,34.5,72.3
2026-03-14 13:42:45,RTM,Cloudy,0.31,7.16,0.9,29.1,68.3
2026-03-23 00:11:43,RTM,Clear,0.23,8.04,0.2,24.1,51.0
2026-01-19 21:16:01,RTM,Rain,0.36,6.08,7.3,39.8,80.0
2026-05-22 07:16:52,RTM,Clear,0.03,9.42,0.9,21.7,51.2
2026-06-15 01:52:14,RTM,Rain,0.35,5.77,2.0,30.3,52.2
2026-04-24 09:25:50,RTM,Clear,0.18,8.54,1.0,16.7,65.5
2026-01-06 07:09:13,RTM,Clear,0.34,7.24,1.1,47.4,80.1
2026-05-26 11:39:20,RTM,Rain,0.36,4.86,1.2,25.4,55.6
2026-06-02 03:41:51,RTM,Clear,0.44,6.71,1.4,23.5,65.3
2026-05-19 08:54:10,RTM,Fog,0.59,4.67,0.2,30.1,88.5
2026-03-20 13:01:48,RTM,Cloudy,0.23,7.93,1.5,19.6,45.3
2026-01-09 05:21:12,RTM,Clear,0.27,7.31,0.5,14.2,63.3
2026-05-30 00:52:54,RTM,Fog,0.51,5.23,0.3,21.2,58.1
2026-01-20 15:00:45,RTM,Fog,0.66,4.0,0.9,11.7,57.3
2026-02-14 12:05:58,RTM,Cloudy,0.36,5.97,1.4,14.6,53.1
2026-03-21 17:03:54,RTM,Fog,0.61,5.68,0.2,22.3,75.4
2026-02-10 08:33:15,RTM,Rain,0.41,4.82,2.9,31.2,75.5
2026-05-04 20:31:42,RTM,Clear,0.44,6.54,0.3,17.5,85.0
2026-06-30 02:10:34,RTM,Clear,0.25,8.1,1.1,34.7,83.6
2026-06-07 13:09:43,RTM,Fog,0.36,7.5,0.8,27.8,39.7
2026-05-13 17:29:35,RTM,Clear,0.18,9.19,0.1,36.1,57.2
2026-01-03 03:10:23,RTM,Clear,0.31,7.53,0.7,25.2,86.3
2026-01-20 05:30:40,RTM,Clear,0.1,8.7,0.4,13.6,56.9
2026-01-18 05:12:48,RTM,Clear,0.34,6.94,0.7,12.0,47.5
2026-02-20 01:47:18,RTM,Rain,0.49,4.55,0.3,13.3,50.8
2026-03-20 16:41:35,RTM,Fog,0.43,5.6,0.7,19.8,65.0
2026-04-08 07:45:49,RTM,Cloudy,0.2,7.9,0.8,25.5,76.9
2026-02-21 23:24:52,RTM,Clear,0.06,8.91,0.7,30.8,64.3
2026-04-24 10:12:09,RTM,Cloudy,0.4,6.22,1.0,19.0,77.2
2026-02-18 16:56:18,RTM,Clear,0.05,9.78,0.9,18.6,22.8
2026-05-02 21:52:47,RTM,Clear,0.1,8.15,0.1,13.8,78.2
2026-05-19 20:21:56,RTM,Cloudy,0.23,7.53,0.9,19.3,38.6
2026-05-24 10:21:33,RTM,Rain,0.09,7.67,15.1,18.5,60.2
2026-05-09 04:17:50,RTM,Clear,0.5,5.38,1.2,20.3,77.2
2026-04-26 04:36:41,RTM,Fog,0.58,5.19,0.2,22.5,59.4
2026-03-28 17:03:05,RTM,Clear,0.1,8.42,1.2,25.6,58.7
2026-06-29 13:17:14,RTM,Clear,0.36,8.02,0.7,17.1,67.5
2026-04-26 02:43:49,RTM,Fog,0.69,3.84,0.3,52.2,72.8
2026-06-09 02:19:32,RTM,Clear,0.26,8.04,0.9,24.5,57.1
2026-02-25 16:18:40,RTM,Clear,0.02,10.29,0.6,11.6,82.1
2026-05-02 02:19:28,RTM,Clear,0.05,9.36,1.4,22.6,68.9
2026-05-28 08:50:13,RTM,Clear,0.06,9.15,0.7,24.9,77.7
2026-05-11 16:11:01,RTM,Fog,0.5,5.31,1.5,36.4,100.0
2026-03-11 03:28:14,RTM,Clear,0.17,7.94,0.3,27.7,42.7
2026-04-24 15:21:05,RTM,Clear,0.53,5.53,0.5,38.6,66.8
2026-04-29 06:12:17,RTM,Cloudy,0.19,8.38,0.5,10.0,62.7
2026-03-14 06:56:40,RTM,Cloudy,0.25,7.53,0.3,14.9,24.5
2026-06-06 09:18:30,RTM,Clear,0.39,6.94,1.0,31.8,40.8
2026-01-17 17:25:31,RTM,Rain,0.15,7.9,4.2,18.2,49.1
2026-01-23 04:37:34,RTM,Clear,0.07,9.35,0.5,26.4,39.6
2026-02-15 10:50:30,RTM,Fog,0.55,5.49,1.2,24.8,74.9
2026-06-02 23:35:41,RTM,Cloudy,0.25,7.15,0.8,17.8,73.6
2026-05-06 08:44:02,RTM,Rain,0.43,5.67,10.2,33.9,46.2
2026-02-24 02:54:28,RTM,Fog,0.77,4.12,1.3,44.8,90.0
2026-05-20 19:25:08,RTM,Rain,0.05,7.89,12.1,27.6,54.8
2026-06-05 23:43:20,RTM,Cloudy,0.1,8.94,0.9,34.6,56.0
2026-02-17 00:22:57,RTM,Cloudy,0.22,8.13,0.2,34.9,50.6
2026-06-21 09:41:41,RTM,Clear,0.43,7.07,0.2,40.9,59.1
2026-03-09 22:45:01,RTM,Clear,0.21,8.29,1.0,18.0,49.1
2026-06-20 13:45:19,RTM,Cloudy,0.27,7.71,0.9,26.5,44.4
2026-06-03 18:59:41,RTM,Fog,0.66,4.46,1.0,22.4,96.6
2026-06-26 09:36:49,RTM,Clear,0.28,7.44,0.4,22.1,95.4
2026-03-02 11:24:48,RTM,Cloudy,0.52,4.45,1.0,26.9,87.6
2026-03-25 19:05:16,RTM,Fog,0.53,5.86,0.8,30.5,96.5
2026-01-16 08:43:21,RTM,Clear,0.38,7.39,0.1,18.0,75.7
2026-05-17 17:13:50,RTM,Clear,0.39,6.83,0.1,37.0,75.5
2026-04-25 03:13:33,RTM,Cloudy,0.55,4.7,0.7,20.7,87.5
2026-05-25 23:57:55,RTM,Clear,0.24,8.21,0.5,22.3,53.3
2026-01-29 07:24:09,RTM,Clear,0.33,6.6,0.9,21.6,65.9
2026-02-21 04:37:49,RTM,Clear,0.37,6.29,0.8,39.4,78.6
2026-06-24 19:31:25,RTM,Clear,0.18,9.0,0.4,20.8,60.5
2026-05-29 19:29:36,RTM,Clear,0.45,6.14,0.1,21.6,64.8
2026-04-18 18:30:46,RTM,Clear,0.23,8.64,0.7,27.0,52.3
2026-03-11 21:26:54,RTM,Cloudy,0.22,7.87,0.3,25.2,55.1
2026-02-03 12:51:34,RTM,Cloudy,0.38,6.35,1.0,19.3,82.8
2026-04-19 20:42:14,RTM,Clear,0.42,6.78,1.5,22.5,78.1
2026-05-17 12:51:14,RTM,Clear,0.58,5.51,0.2,22.1,54.2
2026-01-12 16:45:38,RTM,Clear,0.37,7.33,1.4,34.0,54.6
2026-02-15 17:01:25,RTM,Clear,0.17,8.99,0.3,22.7,48.3
2026-04-26 18:36:44,RTM,Clear,0.25,7.76,0.7,16.4,54.8
2026-01-17 15:22:14,RTM,Clear,0.09,9.42,0.4,21.0,73.5
2026-03-19 03:05:01,RTM,Clear,0.47,4.69,0.0,24.0,62.7
2026-02-28 17:22:44,RTM,Clear,0.44,5.4,0.1,9.4,41.7
2026-04-07 12:37:17,RTM,Clear,0.28,7.7,1.2,24.5,40.7
2026-03-29 02:21:02,RTM,Clear,0.28,7.36,0.4,23.8,58.8
2026-01-03 04:09:43,RTM,Cloudy,0.55,4.31,1.2,30.4,61.6
2026-01-14 04:37:53,RTM,Cloudy,0.16,8.9,0.4,15.0,71.8
2026-01-17 12:40:43,RTM,Clear,0.34,6.97,0.1,24.4,77.6
2026-03-05 16:56:31,RTM,Clear,0.29,8.26,0.8,6.5,41.5
2026-02-24 20:53:37,RTM,Cloudy,0.21,8.27,0.8,17.4,65.4
2026-03-25 05:53:16,RTM,Fog,0.67,3.88,0.9,11.9,91.7
2026-04-08 12:21:20,RTM,Rain,0.55,4.38,9.0,14.0,100.0
2026-02-08 20:49:35,RTM,Clear,0.1,9.53,0.2,20.8,60.4
2026-04-01 10:11:03,RTM,Clear,0.07,9.8,0.8,12.8,38.0
2026-01-12 16:49:20,RTM,Clear,0.2,7.9,0.9,20.3,39.6
2026-03-22 19:31:55,RTM,Cloudy,0.4,6.99,0.2,19.2,62.0
2026-05-02 01:34:48,RTM,Rain,0.13,7.7,7.1,25.1,57.7
2026-03-26 15:06:18,RTM,Rain,0.39,5.34,11.4,31.9,60.6
2026-06-15 20:03:34,RTM,Cloudy,0.05,10.36,0.7,17.9,59.0
2026-06-17 09:18:58,RTM,Clear,0.32,7.0,0.8,31.8,54.6
2026-03-21 14:41:04,RTM,Fog,0.6,4.96,0.6,9.4,84.4
2026-04-23 09:21:26,RTM,Clear,0.28,7.58,0.2,26.9,66.8
2026-03-06 12:14:37,RTM,Clear,0.35,7.31,0.6,22.5,53.9
2026-02-20 18:37:04,RTM,Cloudy,0.08,9.5,1.2,17.7,36.2
2026-05-02 18:39:20,RTM,Rain,0.41,4.51,7.6,40.9,77.4
2026-06-18 22:04:32,RTM,Clear,0.1,9.5,1.0,21.0,47.1
2026-04-30 07:02:01,RTM,Clear,0.22,8.53,1.1,23.1,72.8
2026-04-06 13:34:15,RTM,Cloudy,0.16,8.87,0.4,21.1,59.7
2026-06-04 23:56:45,RTM,Clear,0.13,8.66,0.3,23.3,82.8
2026-01-07 05:09:15,RTM,Clear,0.43,6.15,1.1,20.6,74.8
2026-04-05 08:03:41,RTM,Clear,0.07,8.87,0.8,29.2,67.0
2026-01-10 04:46:49,RTM,Clear,0.14,7.8,0.6,28.7,60.9
2026-04-05 22:18:30,RTM,Fog,0.68,4.71,1.4,10.3,63.2
2026-02-18 08:22:59,RTM,Clear,0.11,9.4,0.7,25.1,62.2
2026-01-12 18:17:09,RTM,Rain,0.22,7.13,3.9,31.5,62.4
2026-04-22 22:35:59,RTM,Clear,0.32,7.65,0.0,20.9,85.2
2026-04-16 04:08:04,RTM,Clear,0.08,8.93,0.1,33.1,76.7
2026-06-02 04:25:20,RTM,Clear,0.45,5.69,0.7,23.0,59.6
2026-01-18 17:58:51,RTM,Clear,0.39,6.76,0.8,20.2,69.4
2026-06-14 07:11:09,RTM,Clear,0.47,5.69,1.3,17.6,40.1
2026-06-30 20:51:28,RTM,Cloudy,0.23,8.95,0.3,23.9,64.4
2026-02-06 07:10:35,RTM,Fog,0.86,3.37,1.3,33.5,90.8
2026-03-10 08:01:43,RTM,Clear,0.29,7.83,0.6,16.3,74.0
2026-05-09 11:03:08,RTM,Clear,0.11,9.36,0.1,20.9,79.2
2026-06-19 21:53:30,RTM,Clear,0.11,9.3,0.2,25.4,60.0
2026-04-05 21:17:38,RTM,Clear,0.56,4.87,0.7,26.6,55.6
2026-03-04 11:44:54,RTM,Clear,0.32,7.23,0.6,21.6,77.3
2026-03-05 05:16:06,RTM,Clear,0.08,9.54,0.3,21.6,48.2
2026-01-17 08:36:32,RTM,Clear,0.14,8.44,0.6,18.3,47.1
2026-06-19 21:43:45,RTM,Cloudy,0.13,8.61,0.1,27.6,45.3
2026-04-15 15:56:40,RTM,Rain,0.25,6.1,7.6,31.2,90.0
2026-01-01 03:02:37,RTM,Clear,0.12,9.14,0.6,21.0,72.8
2026-01-27 07:21:21,RTM,Fog,0.7,3.79,0.9,24.5,68.3
2026-04-28 14:05:23,RTM,Rain,0.16,7.47,6.6,34.9,100.0
2026-05-30 15:46:06,RTM,Clear,0.15,8.9,0.2,20.5,75.9
2026-04-11 22:01:48,RTM,Fog,0.52,5.29,1.2,23.2,69.9
2026-01-22 08:47:32,RTM,Clear,0.17,8.19,0.3,21.7,45.7
2026-01-29 21:14:03,RTM,Rain,0.39,4.99,3.9,27.7,90.4
2026-05-03 12:48:23,RTM,Fog,0.59,5.54,1.2,32.9,45.0
2026-01-31 01:46:14,RTM,Clear,0.09,8.94,0.9,15.9,85.3
2026-06-13 01:35:34,RTM,Clear,0.18,8.27,1.5,8.5,77.5
2026-06-13 07:11:43,RTM,Clear,0.13,8.04,0.7,36.3,62.8
2026-05-23 14:48:42,RTM,Clear,0.52,5.83,0.9,27.3,67.9
2026-05-03 00:13:02,RTM,Rain,0.21,6.97,10.7,28.8,27.7
2026-06-19 08:20:13,RTM,Clear,0.18,8.67,0.6,15.2,58.9
2026-01-04 19:26:14,RTM,Rain,0.29,6.65,5.6,4.9,71.9
2026-05-01 00:43:29,RTM,Rain,0.25,7.04,6.5,16.0,69.9
2026-06-06 03:50:46,RTM,Clear,0.39,6.12,1.1,30.7,59.2
2026-02-21 20:04:27,RTM,Rain,0.29,5.55,6.0,25.5,70.1
2026-02-15 02:53:11,RTM,Clear,0.2,8.67,1.5,15.2,42.1
2026-04-12 17:30:05,RTM,Cloudy,0.43,6.53,1.5,15.6,51.0
2026-05-13 14:34:57,RTM,Cloudy,0.16,9.19,0.1,28.6,63.6
2026-04-08 16:07:06,RTM,Clear,0.19,8.61,1.5,24.9,100.0
2026-05-01 22:58:04,RTM,Clear,0.18,8.45,0.4,15.0,90.5
2026-01-17 08:13:43,RTM,Clear,0.4,6.8,0.8,12.4,58.2
2026-04-25 13:47:35,RTM,Fog,0.77,3.61,0.8,24.2,82.8
2026-05-25 15:45:02,RTM,Clear,0.15,8.85,1.2,16.4,65.2
2026-01-20 15:49:45,RTM,Clear,0.6,4.67,1.4,30.5,77.1
2026-06-26 04:51:09,RTM,Clear,0.24,7.62,0.0,22.2,97.6
2026-04-05 10:31:35,RTM,Cloudy,0.12,9.07,0.6,23.4,61.9
2026-06-08 06:03:14,RTM,Clear,0.59,4.33,1.4,24.7,57.6
2026-02-24 19:50:09,RTM,Clear,0.19,8.39,0.5,23.3,51.3
2026-01-01 08:38:41,RTM,Clear,0.07,9.6,0.9,13.4,50.4
2026-02-01 03:21:45,RTM,Rain,0.37,5.01,4.3,15.5,58.8
2026-04-22 13:38:15,RTM,Rain,0.24,6.76,3.5,22.7,79.3
2026-01-19 05:12:13,RTM,Clear,0.35,6.79,1.0,29.9,65.1
2026-04-10 08:55:29,RTM,Cloudy,0.35,6.45,1.0,33.4,79.8
2026-04-15 13:11:08,RTM,Cloudy,0.34,7.69,1.3,19.2,69.3
2026-02-25 23:09:06,RTM,Cloudy,0.36,6.23,0.3,33.0,62.5
2026-01-19 14:34:23,RTM,Fog,0.64,3.84,1.0,12.1,77.7
2026-04-06 23:36:30,RTM,Clear,0.28,8.04,1.2,20.6,73.7
2026-04-30 06:06:54,RTM,Fog,0.66,5.27,0.7,37.8,79.6
2026-01-28 05:39:19,RTM,Cloudy,0.43,6.14,1.3,11.6,72.4
2026-01-06 11:23:12,RTM,Clear,0.02,10.23,0.5,23.6,60.8
2026-03-05 05:07:53,RTM,Fog,0.45,6.24,0.9,29.0,57.9
2026-05-27 21:49:36,RTM,Clear,0.21,8.35,1.2,15.9,86.4
2026-04-01 05:48:45,RTM,Clear,0.06,9.87,0.5,42.5,44.3
2026-01-10 04:19:20,RTM,Clear,0.32,7.24,0.6,35.1,77.4
2026-01-08 08:10:35,RTM,Clear,0.6,5.03,1.0,30.1,91.4
2026-03-26 22:44:17,RTM,Rain,0.43,5.07,4.9,30.9,81.1
2026-04-17 17:04:02,RTM,Clear,0.18,8.06,0.5,22.9,100.0
2026-02-04 20:09:56,RTM,Cloudy,0.13,8.58,1.2,14.3,76.5
2026-01-12 10:33:08,RTM,Clear,0.11,8.67,1.3,21.3,54.6
2026-04-27 22:21:53,RTM,Clear,0.21,8.81,0.6,16.0,54.8
2026-06-23 09:35:59,RTM,Clear,0.28,7.89,1.3,21.7,50.1
2026-01-19 21:05:54,RTM,Clear,0.51,5.08,0.8,33.2,76.5
2026-05-14 19:21:26,RTM,Clear,0.26,7.09,1.2,19.3,59.6
2026-02-13 05:13:12,RTM,Clear,0.08,10.13,0.4,21.4,69.1
2026-01-15 23:55:13,RTM,Clear,0.18,8.71,1.3,20.7,50.2
2026-06-02 15:29:54,RTM,Clear,0.21,8.3,0.2,12.5,69.5
2026-01-04 00:12:33,RTM,Clear,0.11,8.97,1.4,24.6,48.9
2026-04-13 11:32:57,RTM,Clear,0.5,5.4,1.5,39.1,79.0
2026-02-17 09:11:10,RTM,Clear,0.24,7.44,1.3,38.0,70.5
2026-01-03 08:57:53,RTM,Clear,0.39,6.28,0.2,18.0,54.2
2026-05-22 23:34:10,RTM,Clear,0.29,8.03,0.0,20.3,69.5
2026-02-20 11:17:14,RTM,Rain,0.47,4.59,8.4,30.3,63.3
2026-06-20 22:49:18,RTM,Cloudy,0.35,7.88,1.3,11.9,47.3
2026-06-15 21:04:18,RTM,Clear,0.55,6.29,1.2,14.7,69.1
2026-04-26 23:42:03,RTM,Clear,0.21,8.62,0.2,29.1,50.0
2026-04-26 07:27:36,RTM,Rain,0.21,8.08,36.3,25.4,82.8
2026-03-26 00:05:51,RTM,Clear,0.2,8.97,0.0,46.8,41.0
2026-02-18 13:56:18,RTM,Rain,0.07,9.08,4.6,29.3,55.3
2026-05-27 03:36:27,RTM,Rain,0.48,4.65,5.4,17.8,95.4
2026-03-02 06:18:15,RTM,Clear,0.39,7.12,0.5,18.8,42.3
2026-03-08 15:13:45,RTM,Rain,0.24,6.08,2.3,23.0,69.5
2026-05-18 22:45:55,RTM,Rain,0.36,5.89,12.1,29.9,72.1
2026-03-16 16:01:10,RTM,Fog,0.49,5.42,0.6,31.7,60.1
2026-01-23 02:17:54,RTM,Cloudy,0.16,9.24,0.8,38.9,38.0
2026-02-17 18:21:01,RTM,Rain,0.16,6.73,5.9,23.1,61.6
2026-06-29 12:34:12,RTM,Clear,0.19,8.12,1.1,27.2,54.6
2026-04-13 01:41:44,RTM,Rain,0.53,4.44,10.0,28.4,68.3
2026-05-07 21:43:28,RTM,Cloudy,0.17,8.42,0.7,17.6,75.5
2026-01-10 22:03:04,RTM,Clear,0.12,9.24,0.4,24.6,75.5
2026-04-01 09:28:59,RTM,Rain,0.39,5.25,1.0,24.3,58.9
2026-03-05 02:43:39,RTM,Clear,0.14,8.7,0.9,28.1,50.1
2026-04-30 06:07:05,RTM,Rain,0.31,6.43,8.6,23.0,65.2
2026-04-12 12:44:50,RTM,Fog,0.44,6.29,0.8,26.2,73.8
2026-06-13 03:41:32,RTM,Clear,0.11,8.65,1.1,23.6,53.4
2026-05-26 21:25:33,RTM,Cloudy,0.31,7.39,0.6,23.0,93.9
2026-05-16 21:33:33,RTM,Clear,0.13,9.77,0.9,9.3,69.7
2026-04-01 22:58:25,RTM,Clear,0.06,9.27,0.6,20.0,63.8
2026-04-07 10:29:06,RTM,Rain,0.3,6.38,14.9,17.3,58.2
2026-03-08 03:59:23,RTM,Cloudy,0.45,6.28,1.5,17.0,100.0
2026-03-06 07:58:08,RTM,Cloudy,0.37,6.62,0.9,15.5,45.0
2026-01-05 18:58:52,RTM,Rain,0.36,5.28,12.4,21.3,85.7
2026-01-24 07:24:57,RTM,Clear,0.06,9.37,1.3,29.1,46.9
2026-03-27 01:42:27,RTM,Fog,0.47,6.58,0.6,9.3,53.3
2026-04-20 04:54:14,RTM,Fog,0.73,4.05,0.2,19.6,65.4
2026-01-31 01:48:42,RTM,Clear,0.48,6.39,0.4,25.4,93.4
2026-05-28 21:44:37,RTM,Clear,0.14,9.13,0.0,31.2,86.2
2026-05-27 23:44:12,RTM,Clear,0.5,6.76,0.6,12.8,60.5
2026-02-13 08:09:31,RTM,Rain,0.51,4.39,9.0,13.9,74.0
2026-02-24 09:32:53,RTM,Fog,0.95,1.84,0.1,27.8,100.0
2026-06-02 16:54:16,RTM,Clear,0.14,8.35,1.4,28.1,70.9
2026-05-03 14:13:16,RTM,Clear,0.17,9.97,0.1,39.0,50.1
2026-02-16 21:03:08,RTM,Rain,0.2,6.91,15.0,20.0,70.2
2026-06-17 02:25:56,RTM,Fog,0.51,5.89,0.4,37.9,92.1
2026-02-20 14:16:41,RTM,Clear,0.07,9.86,1.2,27.9,81.2
2026-03-23 05:57:47,RTM,Clear,0.29,7.38,0.9,24.1,97.3
2026-04-23 08:09:07,RTM,Cloudy,0.51,5.41,0.1,30.0,46.0
2026-06-23 17:37:46,RTM,Rain,0.39,5.63,14.8,19.2,62.4
2026-03-08 09:00:24,RTM,Clear,0.28,7.32,0.8,28.8,91.5
2026-02-13 05:10:46,RTM,Clear,0.08,9.5,1.3,38.0,44.0
2026-03-11 16:23:39,RTM,Clear,0.25,7.8,0.5,21.0,60.0
2026-01-09 07:12:13,RTM,Clear,0.76,3.88,0.6,27.0,77.4
2026-06-26 19:55:01,RTM,Rain,0.69,3.09,20.9,15.5,73.3
2026-06-26 14:51:37,RTM,Clear,0.64,4.57,1.5,10.2,53.5
2026-01-15 13:27:28,RTM,Cloudy,0.18,8.07,1.2,17.8,37.5
2026-06-15 07:17:09,RTM,Clear,0.26,6.82,0.1,28.4,27.0
2026-03-24 23:22:36,RTM,Clear,0.19,8.39,0.7,12.0,47.6
2026-05-22 17:12:30,RTM,Clear,0.27,7.58,0.7,21.2,78.9
2026-04-04 18:53:27,RTM,Cloudy,0.26,8.12,1.1,33.9,68.6
2026-03-29 08:15:48,RTM,Clear,0.04,9.45,0.3,25.4,57.2
2026-03-20 16:10:51,RTM,Clear,0.05,10.66,0.1,17.7,34.7
2026-06-13 15:44:10,RTM,Clear,0.46,5.91,1.3,24.0,67.1
2026-04-29 14:31:36,RTM,Clear,0.31,7.35,0.4,30.1,40.0
2026-05-08 22:32:16,RTM,Clear,0.05,9.16,0.4,31.8,47.5
2026-06-16 10:01:28,RTM,Clear,0.06,9.93,0.7,29.0,47.8
2026-01-10 18:30:26,RTM,Clear,0.21,8.04,1.0,21.0,90.1
2026-02-19 10:10:48,RTM,Clear,0.25,8.38,1.2,23.4,76.0
2026-06-01 13:13:01,RTM,Clear,0.49,5.57,1.4,14.1,61.2
2026-03-26 21:28:14,RTM,Fog,0.48,6.28,1.1,17.2,96.4
2026-03-18 22:20:37,RTM,Clear,0.06,9.8,0.4,42.4,52.2
2026-04-14 20:39:54,RTM,Clear,0.19,8.82,0.2,28.3,70.6
2026-03-12 18:29:20,RTM,Cloudy,0.41,6.44,1.4,33.9,82.1
2026-04-07 01:12:52,RTM,Cloudy,0.56,5.29,0.9,14.0,70.2
2026-06-25 13:27:06,RTM,Cloudy,0.26,8.01,0.4,10.8,80.3
2026-05-22 22:36:51,RTM,Fog,0.61,4.93,0.5,32.3,55.5
2026-06-10 15:34:58,RTM,Clear,0.44,7.07,0.3,34.0,51.3
2026-04-26 11:01:47,RTM,Fog,0.6,4.39,0.9,31.4,71.4
2026-04-22 08:12:33,RTM,Clear,0.16,8.65,0.3,17.8,52.3
2026-04-03 01:22:07,RTM,Cloudy,0.23,8.12,1.2,24.5,98.5
2026-05-10 14:20:15,RTM,Clear,0.11,9.14,0.5,37.7,59.6
2026-02-15 10:03:39,RTM,Cloudy,0.22,7.99,1.3,21.1,67.9
2026-05-29 23:54:39,RTM,Clear,0.3,7.32,0.4,22.5,92.9
2026-02-11 23:41:24,RTM,Clear,0.08,10.08,0.0,27.8,70.9
2026-04-17 07:09:58,RTM,Cloudy,0.25,8.13,1.4,35.0,43.3
2026-02-23 20:13:36,RTM,Clear,0.08,9.22,0.1,27.5,81.0
2026-04-28 05:08:06,RTM,Clear,0.23,8.11,0.7,18.7,69.5
2026-06-21 23:24:25,RTM,Cloudy,0.12,9.64,0.2,7.9,83.8
2026-03-13 02:29:46,RTM,Clear,0.23,7.64,0.6,18.3,20.0
2026-06-04 21:24:58,RTM,Cloudy,0.17,8.45,1.0,34.8,68.1
2026-05-12 22:36:24,RTM,Clear,0.21,8.65,1.4,20.7,59.2
2026-03-23 03:49:05,RTM,Cloudy,0.3,7.07,0.2,21.9,43.0
2026-02-19 12:45:54,RTM,Clear,0.1,9.21,0.6,20.0,50.7
2026-04-23 13:13:23,RTM,Cloudy,0.28,6.78,1.2,26.0,46.5
2026-01-02 14:36:56,RTM,Clear,0.34,7.13,1.4,29.8,84.2
2026-05-15 01:47:11,RTM,Clear,0.13,8.24,0.1,15.3,55.1
2026-04-29 05:34:31,RTM,Fog,0.66,4.19,1.2,16.1,79.2
2026-02-21 11:43:58,RTM,Clear,0.49,5.02,1.4,13.8,59.2
2026-04-23 12:32:11,RTM,Clear,0.19,8.49,1.3,14.2,81.5
2026-02-05 13:16:10,RTM,Clear,0.22,8.58,1.2,38.0,61.4
2026-02-07 22:43:06,RTM,Clear,0.21,8.51,0.4,21.5,53.4
2026-06-28 01:32:43,RTM,Clear,0.07,9.31,0.4,27.2,34.3
2026-02-21 19:20:12,RTM,Clear,0.15,8.48,1.2,28.5,70.5
2026-02-27 07:15:56,RTM,Clear,0.52,4.69,0.8,23.2,68.1
2026-01-31 10:04:56,RTM,Clear,0.24,6.85,1.5,32.7,69.5
2026-06-10 07:00:13,RTM,Fog,0.57,5.0,0.9,27.1,76.6
2026-01-26 21:47:50,RTM,Clear,0.11,9.21,0.6,5.9,54.8
2026-03-14 04:42:55,RTM,Cloudy,0.19,8.42,1.0,30.7,51.4
2026-03-07 10:32:13,RTM,Clear,0.64,4.72,0.6,34.1,80.1
2026-04-02 18:13:27,RTM,Fog,0.5,5.79,0.5,21.0,59.9
2026-06-23 08:14:30,RTM,Clear,0.41,7.25,1.3,16.0,86.5
2026-06-15 02:15:09,RTM,Clear,0.51,5.61,0.9,21.2,49.2
2026-05-01 02:26:36,RTM,Clear,0.17,8.28,1.2,27.1,73.9
2026-03-28 17:34:22,RTM,Fog,0.59,4.66,0.4,28.2,66.7
2026-01-17 20:42:24,RTM,Rain,0.08,8.16,7.3,35.5,95.9
2026-02-21 21:02:06,RTM,Clear,0.12,9.5,1.0,24.1,51.0
2026-02-27 15:16:58,RTM,Cloudy,0.33,7.2,0.1,24.6,60.4
2026-05-16 11:23:37,RTM,Clear,0.5,5.48,1.4,22.1,58.3
2026-02-16 04:10:17,RTM,Fog,0.78,3.17,0.3,24.9,81.3
2026-01-04 17:00:27,RTM,Clear,0.55,4.85,0.8,13.1,88.6
2026-04-19 04:15:33,RTM,Clear,0.2,7.69,1.2,23.4,64.9
2026-02-12 03:22:36,RTM,Clear,0.13,9.4,0.6,21.2,100.0
2026-04-15 08:04:34,RTM,Fog,0.4,6.09,1.1,36.5,94.0
2026-06-05 05:33:33,RTM,Fog,0.74,3.77,0.7,17.4,77.1
2026-04-05 02:57:44,RTM,Clear,0.14,8.88,1.3,37.4,56.0
2026-03-24 06:13:37,RTM,Clear,0.2,8.8,1.2,41.0,55.2
2026-01-19 00:05:23,RTM,Rain,0.54,3.96,7.5,28.6,54.0
2026-01-17 17:36:20,RTM,Clear,0.26,7.36,0.7,33.2,88.5
2026-02-06 19:00:38,RTM,Cloudy,0.1,8.71,0.3,38.5,52.7
2026-06-04 00:56:32,RTM,Clear,0.46,5.1,1.4,35.3,24.3
2026-04-15 19:11:34,RTM,Clear,0.2,7.44,0.9,22.6,70.3
2026-05-30 11:45:12,RTM,Cloudy,0.19,8.85,0.9,18.0,81.0
2026-06-26 00:20:55,RTM,Clear,0.31,7.59,0.1,20.9,49.0
2026-02-01 11:42:33,RTM,Clear,0.46,6.4,0.6,18.0,100.0
2026-06-10 10:45:54,RTM,Clear,0.2,7.36,1.3,19.2,74.4
2026-03-25 14:57:24,RTM,Clear,0.2,8.6,1.0,43.1,63.5
2026-01-07 22:30:47,RTM,Clear,0.09,9.21,1.4,25.5,77.8
2026-06-09 13:43:11,RTM,Clear,0.39,6.77,0.4,21.7,55.9
2026-05-02 04:35:24,RTM,Clear,0.43,6.14,0.4,29.3,47.2
2026-01-21 18:32:21,RTM,Cloudy,0.05,9.62,1.1,40.2,68.8
2026-01-06 15:12:20,RTM,Clear,0.37,5.57,0.7,22.0,64.6
2026-04-18 10:58:46,RTM,Clear,0.14,8.74,1.5,28.3,32.9
2026-04-05 20:24:19,RTM,Clear,0.22,9.09,1.4,28.9,26.3
2026-05-09 12:51:44,RTM,Clear,0.17,8.65,0.7,15.4,74.8
2026-04-29 22:05:55,RTM,Clear,0.08,9.79,0.7,14.8,59.4
2026-03-02 05:22:12,RTM,Clear,0.33,7.12,0.4,45.5,54.5
2026-06-29 10:20:58,RTM,Cloudy,0.04,9.34,0.6,36.1,67.5
2026-02-14 05:04:34,RTM,Clear,0.42,6.85,1.2,13.6,66.6
2026-03-16 12:06:26,RTM,Cloudy,0.54,5.41,1.2,28.0,66.2
2026-02-23 14:35:08,RTM,Clear,0.12,9.61,0.2,27.3,59.7
2026-02-07 07:03:53,RTM,Rain,0.25,6.72,2.4,25.2,51.3
2026-01-24 19:54:28,RTM,Clear,0.25,7.51,0.2,22.3,43.9
2026-04-13 21:00:06,RTM,Cloudy,0.5,5.6,0.7,27.0,90.1
2026-03-20 06:26:37,RTM,Fog,0.63,4.1,0.4,25.2,58.4
2026-05-07 19:39:33,RTM,Rain,0.08,8.07,8.4,19.8,97.5
2026-04-12 16:11:35,RTM,Cloudy,0.17,8.46,0.2,32.0,51.2
2026-04-10 18:36:48,RTM,Clear,0.33,7.47,0.5,18.3,81.6
2026-05-12 10:14:15,RTM,Rain,0.36,5.95,4.5,23.4,74.2
2026-05-17 05:13:54,RTM,Fog,0.76,3.59,1.1,14.1,58.0
2026-05-04 10:15:38,RTM,Cloudy,0.11,9.16,0.8,25.8,76.8
2026-04-12 17:59:11,RTM,Clear,0.12,8.63,0.1,25.1,80.8
2026-06-02 03:28:00,RTM,Clear,0.08,9.11,0.2,38.0,78.2
2026-01-08 10:00:20,RTM,Clear,0.34,7.04,1.0,13.1,87.2
2026-06-21 16:44:22,RTM,Clear,0.4,7.05,1.3,32.4,23.9
2026-05-17 13:14:25,RTM,Cloudy,0.05,9.08,0.8,8.7,47.9
2026-05-15 04:23:08,RTM,Fog,0.72,3.1,1.3,18.0,63.4
2026-02-24 11:08:09,RTM,Clear,0.24,7.96,0.6,27.9,85.8
2026-05-26 11:26:00,RTM,Cloudy,0.16,8.81,1.0,35.2,68.0
2026-04-01 19:25:00,RTM,Rain,0.36,5.59,17.4,18.5,80.1
2026-05-27 05:32:54,RTM,Clear,0.52,5.82,0.1,23.0,35.8
2026-05-05 13:16:49,RTM,Cloudy,0.29,7.51,1.3,34.9,65.0
2026-01-20 01:02:47,RTM,Clear,0.45,5.89,1.1,40.0,100.0
2026-04-09 10:58:54,RTM,Rain,0.25,6.78,6.2,19.8,68.2
2026-02-12 06:58:48,RTM,Clear,0.59,4.81,1.4,19.2,39.3
2026-03-16 06:27:25,RTM,Clear,0.32,7.0,0.6,27.0,72.4
2026-06-13 22:52:43,RTM,Fog,0.81,3.48,1.0,30.7,100.0
2026-06-23 00:09:52,RTM,Rain,0.38,5.48,18.9,21.8,51.0
2026-06-07 16:35:27,RTM,Cloudy,0.02,10.12,0.4,16.6,76.5
2026-02-23 11:11:23,RTM,Clear,0.45,6.37,0.8,19.1,90.1
2026-03-20 03:33:49,RTM,Clear,0.63,4.44,0.4,20.0,97.0
2026-06-30 15:33:20,RTM,Cloudy,0.08,9.75,0.1,40.0,97.5
2026-02-19 01:18:35,RTM,Clear,0.12,9.13,1.5,15.7,59.5
2026-03-23 15:26:59,RTM,Clear,0.14,8.91,0.5,21.2,93.1
2026-04-10 04:43:25,RTM,Clear,0.61,4.12,0.4,22.7,79.1
2026-05-02 16:14:05,RTM,Cloudy,0.09,9.32,0.9,31.4,80.6
2026-06-22 11:31:15,RTM,Cloudy,0.06,8.88,0.5,21.4,67.9
2026-02-08 05:06:42,RTM,Clear,0.19,7.72,1.5,14.6,65.7
2026-04-29 02:37:23,RTM,Clear,0.17,8.8,1.2,26.3,67.4
2026-02-27 02:43:01,RTM,Clear,0.12,9.22,1.2,36.7,76.9
2026-04-26 07:42:57,RTM,Clear,0.27,8.64,0.7,26.8,84.2
2026-02-23 19:34:56,RTM,Cloudy,0.14,8.74,0.8,23.3,30.7
2026-02-06 03:35:58,RTM,Rain,0.1,8.0,6.3,17.6,58.5
2026-04-13 12:27:01,RTM,Rain,0.12,8.2,8.5,13.9,66.4
2026-05-29 05:07:56,RTM,Clear,0.2,8.77,0.7,4.1,71.0
2026-04-02 02:25:38,RTM,Clear,0.27,8.03,0.6,29.0,67.4
2026-01-31 04:44:00,RTM,Fog,0.54,5.76,0.6,29.3,67.5
2026-03-07 11:39:51,RTM,Clear,0.35,7.53,1.3,17.4,57.5
2026-03-06 13:43:21,RTM,Clear,0.17,8.62,1.3,16.1,100.0
2026-05-17 20:42:04,RTM,Clear,0.33,7.13,0.0,20.4,73.1
2026-03-02 17:17:19,RTM,Clear,0.03,9.35,1.3,14.9,50.9
2026-01-10 23:50:20,RTM,Cloudy,0.39,7.26,0.4,36.0,94.2
2026-02-15 21:16:58,RTM,Clear,0.33,6.92,0.7,23.2,75.3
2026-04-01 13:55:19,RTM,Rain,0.5,4.77,10.8,18.2,80.9
2026-03-15 09:30:01,RTM,Clear,0.42,6.79,0.7,22.3,85.2
2026-06-27 21:46:35,RTM,Clear,0.51,5.63,1.1,22.8,44.5
2026-01-17 05:39:36,RTM,Clear,0.02,10.21,0.9,26.1,46.2
2026-06-19 13:16:51,RTM,Clear,0.11,9.0,0.7,26.6,85.2
2026-01-06 23:36:35,RTM,Rain,0.44,5.27,6.0,28.0,67.0
2026-06-07 12:51:22,RTM,Clear,0.42,6.14,1.2,32.1,94.6
2026-04-22 01:01:07,RTM,Clear,0.59,5.67,0.0,21.3,76.6
2026-01-18 11:55:40,RTM,Rain,0.07,7.79,4.8,30.4,44.0
2026-05-30 17:59:33,RTM,Rain,0.15,7.01,4.3,31.4,43.1
2026-05-18 12:59:23,RTM,Rain,0.42,6.73,15.0,38.7,45.7
2026-03-11 12:22:48,RTM,Fog,0.6,4.69,0.9,22.1,76.1
2026-05-18 01:20:46,RTM,Clear,0.14,9.12,1.2,13.7,73.5
2026-01-17 15:44:38,RTM,Rain,0.05,8.07,6.9,21.8,56.3
2026-03-22 05:47:43,RTM,Clear,0.25,7.93,1.4,23.1,60.3
2026-06-21 21:47:42,RTM,Clear,0.4,7.02,0.1,26.9,78.5
2026-02-14 18:17:39,RTM,Clear,0.53,5.92,0.7,13.2,83.6
2026-01-20 06:31:06,RTM,Clear,0.49,5.78,0.9,15.9,78.7
2026-02-06 10:12:33,RTM,Cloudy,0.17,8.03,1.4,37.6,84.7
2026-03-09 14:31:03,RTM,Cloudy,0.16,7.95,1.2,15.0,60.8
2026-01-22 05:42:46,RTM,Rain,0.39,5.4,8.7,28.9,42.7
2026-04-16 21:38:23,RTM,Rain,0.06,8.37,5.0,19.2,71.5
2026-05-10 13:47:25,RTM,Cloudy,0.2,8.74,1.3,15.4,49.1
2026-05-11 06:50:55,RTM,Clear,0.02,8.84,0.9,22.1,58.2
2026-04-27 13:59:02,RTM,Clear,0.31,7.69,0.8,35.0,95.3
2026-04-24 22:17:28,RTM,Clear,0.56,5.69,1.1,29.7,89.7
2026-02-07 08:25:20,RTM,Clear,0.34,7.12,0.8,21.6,74.7
2026-01-05 20:16:15,RTM,Cloudy,0.6,5.59,0.2,38.3,52.2
2026-01-11 03:20:13,RTM,Clear,0.28,6.9,0.8,37.6,41.5
2026-04-11 01:55:50,RTM,Clear,0.09,9.58,0.2,25.3,60.5
2026-02-01 23:58:34,RTM,Clear,0.33,7.44,0.4,28.9,55.2
2026-04-17 22:51:18,RTM,Clear,0.5,5.01,0.9,19.7,40.2
2026-03-31 13:24:22,RTM,Clear,0.1,9.05,1.0,31.2,69.2
2026-04-12 02:50:35,RTM,Clear,0.43,6.41,0.6,17.6,57.2
2026-06-09 16:07:48,RTM,Rain,0.46,5.1,12.0,26.0,100.0
2026-04-16 15:21:53,RTM,Cloudy,0.19,8.59,0.3,20.3,48.3
2026-03-28 06:57:11,RTM,Clear,0.26,7.64,0.6,26.8,76.0
2026-02-21 01:33:48,RTM,Clear,0.42,6.27,0.3,43.1,56.3
2026-01-21 13:36:46,RTM,Clear,0.39,7.1,1.0,25.8,64.6
2026-01-11 13:08:59,RTM,Cloudy,0.04,9.86,0.3,32.6,45.1
2026-03-06 10:35:31,RTM,Cloudy,0.25,7.67,1.4,11.7,52.6
2026-04-07 19:08:04,RTM,Clear,0.43,7.18,0.7,24.5,82.6
2026-02-24 00:06:43,RTM,Clear,0.17,8.19,0.7,16.1,59.9
2026-05-09 05:16:16,RTM,Rain,0.23,6.92,17.5,27.8,63.0
2026-03-04 05:27:23,RTM,Cloudy,0.01,9.12,1.2,22.4,76.8
2026-01-08 05:46:36,RTM,Clear,0.56,4.55,1.2,22.0,75.8
2026-02-14 03:51:00,RTM,Clear,0.37,6.53,1.4,10.7,77.6
2026-06-30 05:32:27,RTM,Cloudy,0.34,6.79,0.8,27.2,96.8
2026-01-30 02:30:54,RTM,Cloudy,0.3,7.0,0.7,12.2,54.0
2026-02-05 14:17:18,RTM,Clear,0.15,9.28,1.4,20.6,86.2
2026-02-22 05:30:30,RTM,Clear,0.29,7.34,0.2,28.7,55.7
2026-06-23 04:29:24,RTM,Clear,0.19,8.7,0.8,18.0,96.7
2026-01-21 04:31:57,RTM,Clear,0.71,3.69,0.5,36.5,88.4
2026-02-19 06:59:41,RTM,Clear,0.32,7.25,0.1,15.9,69.8
2026-03-06 14:34:45,RTM,Clear,0.13,8.83,0.9,25.5,77.6
2026-01-15 22:04:02,RTM,Clear,0.24,7.69,0.0,20.4,41.9
2026-01-18 22:40:57,RTM,Clear,0.13,9.06,1.2,21.1,86.4
2026-02-21 17:14:49,RTM,Clear,0.28,7.48,1.3,19.2,76.9
2026-06-04 23:34:15,RTM,Rain,0.4,5.37,2.3,20.2,49.1
2026-04-30 16:15:35,RTM,Clear,0.36,7.63,0.8,34.1,33.6
2026-01-07 05:04:15,RTM,Clear,0.59,4.4,0.4,24.0,55.9
2026-06-30 06:53:51,RTM,Cloudy,0.33,7.5,0.0,18.9,89.4
2026-06-09 15:39:13,RTM,Clear,0.6,4.51,0.6,22.6,86.8
2026-06-16 23:11:38,RTM,Fog,0.79,2.92,0.4,24.6,99.1
2026-03-15 07:26:56,RTM,Clear,0.48,6.19,0.2,19.2,49.5
2026-04-09 18:17:38,RTM,Clear,0.43,5.59,1.2,35.8,66.2
2026-02-08 08:54:14,RTM,Clear,0.16,8.87,1.1,22.6,82.4
2026-05-23 19:58:59,RTM,Clear,0.67,4.06,0.3,21.2,100.0
2026-06-18 05:40:39,RTM,Clear,0.21,8.38,1.2,31.7,82.7
2026-01-22 21:53:26,RTM,Clear,0.36,7.1,1.4,10.6,76.1
2026-04-28 18:47:35,RTM,Clear,0.13,8.79,0.3,29.8,52.6
2026-05-08 11:41:24,RTM,Clear,0.15,8.82,0.1,12.7,62.3
2026-05-22 03:15:35,RTM,Clear,0.22,7.89,1.4,37.4,56.6
2026-04-18 15:03:41,RTM,Clear,0.42,6.65,1.5,18.5,45.9
2026-04-08 19:23:36,RTM,Cloudy,0.15,8.54,1.4,15.2,62.1
2026-01-12 03:49:41,RTM,Rain,0.14,7.15,6.7,3.9,39.0
2026-06-19 13:17:59,RTM,Cloudy,0.09,9.08,0.9,15.0,72.7
2026-04-04 03:15:55,RTM,Cloudy,0.44,6.29,0.7,16.0,37.5
2026-04-02 07:23:02,RTM,Cloudy,0.06,9.97,1.3,17.5,50.5
2026-06-03 21:37:58,RTM,Clear,0.34,7.56,0.8,9.5,86.4
2026-04-16 19:16:54,RTM,Cloudy,0.28,7.28,0.1,18.0,78.2
2026-04-17 22:27:40,RTM,Clear,0.17,8.04,0.2,27.7,97.3
2026-03-31 14:35:16,RTM,Rain,0.57,3.83,6.1,33.7,58.4
2026-05-19 08:38:44,RTM,Fog,0.54,5.92,0.5,22.3,89.8
2026-04-28 12:31:39,RTM,Cloudy,0.2,7.79,0.0,28.4,50.5
2026-06-17 15:11:07,RTM,Cloudy,0.1,8.42,1.4,24.3,78.0
2026-04-26 06:58:50,RTM,Fog,1.0,1.61,1.5,21.4,33.5
2026-06-12 13:09:42,RTM,Rain,0.14,8.08,9.5,25.0,69.3
2026-05-08 19:26:44,RTM,Clear,0.34,7.08,0.3,31.9,95.6
2026-06-22 07:20:54,RTM,Clear,0.25,8.09,1.4,32.2,68.4
2026-02-13 21:36:10,RTM,Cloudy,0.11,8.35,0.4,0.8,60.6
2026-04-28 07:04:25,RTM,Clear,0.01,10.2,0.8,20.0,62.5
2026-01-13 11:10:33,RTM,Cloudy,0.14,8.34,1.1,23.2,39.5
2026-06-24 00:46:53,RTM,Rain,0.2,6.79,7.4,19.8,82.6
2026-05-15 07:19:03,RTM,Fog,0.87,2.61,0.9,26.2,96.7
2026-04-07 22:55:01,RTM,Clear,0.08,8.91,1.3,24.9,55.2
2026-01-03 10:01:55,RTM,Cloudy,0.41,6.31,0.6,32.2,36.4
2026-03-24 11:32:51,RTM,Cloudy,0.29,7.91,0.8,28.8,46.9
2026-06-17 05:44:07,RTM,Clear,0.07,8.68,0.1,14.7,71.0
2026-05-26 01:20:10,RTM,Cloudy,0.26,7.11,1.0,26.4,42.3
2026-01-06 00:18:18,RTM,Clear,0.26,7.69,0.7,17.0,39.3
2026-01-30 16:38:34,RTM,Clear,0.15,8.72,0.9,24.7,78.9
2026-01-08 13:28:55,RTM,Clear,0.34,7.0,1.4,30.7,100.0
2026-01-15 02:08:06,RTM,Clear,0.7,4.51,0.9,29.3,100.0
2026-06-14 03:49:09,RTM,Clear,0.18,8.18,0.5,28.0,93.3
2026-06-09 17:58:46,RTM,Cloudy,0.07,9.0,0.9,26.9,57.7
2026-06-13 18:36:55,RTM,Clear,0.1,8.6,1.3,15.9,38.4
2026-05-09 07:17:35,RTM,Fog,0.42,5.87,0.8,24.4,92.5
2026-04-18 19:03:47,RTM,Clear,0.15,8.31,1.2,21.2,64.3
2026-03-18 03:57:01,RTM,Rain,0.16,7.67,6.7,38.5,67.2
2026-01-26 08:09:02,RTM,Clear,0.71,4.39,1.4,35.2,91.9
2026-06-25 22:03:33,RTM,Clear,0.08,9.16,1.3,23.8,48.6
2026-01-16 01:30:11,RTM,Rain,0.6,3.76,5.1,26.8,92.2
2026-06-13 04:02:10,RTM,Fog,0.54,4.95,1.5,24.8,76.8
2026-06-02 05:32:16,RTM,Clear,0.14,8.37,1.3,38.8,26.2
2026-02-11 17:35:20,RTM,Rain,0.34,5.66,2.6,23.8,55.9
2026-03-02 02:56:41,RTM,Clear,0.49,4.93,0.6,19.4,60.6
2026-04-05 14:51:00,RTM,Clear,0.06,9.61,0.0,29.5,60.9
2026-05-18 17:19:02,RTM,Clear,0.35,7.57,1.0,29.4,66.0
2026-06-13 18:19:21,RTM,Cloudy,0.21,8.8,1.3,24.4,59.6
2026-04-20 18:27:00,RTM,Clear,0.15,7.98,1.2,29.8,77.1
2026-04-11 19:38:58,RTM,Rain,0.12,8.43,2.5,26.3,96.4
2026-04-01 17:28:29,RTM,Cloudy,0.31,7.25,0.9,22.1,68.7
2026-01-26 12:20:49,RTM,Cloudy,0.31,8.04,0.3,23.1,43.8
2026-04-05 19:30:25,RTM,Clear,0.17,9.62,1.4,30.3,64.9
2026-03-27 12:15:09,RTM,Clear,0.2,7.91,0.3,25.6,62.4
2026-06-25 10:39:42,RTM,Clear,0.07,8.57,0.2,19.6,30.3
2026-06-14 04:47:18,RTM,Clear,0.18,8.12,0.6,32.8,76.7
2026-01-02 21:42:13,RTM,Clear,0.2,8.43,1.0,28.7,71.3
2026-04-21 08:23:43,RTM,Clear,0.17,8.27,0.0,14.8,81.6
2026-06-12 19:49:19,RTM,Cloudy,0.51,6.02,0.3,24.4,87.2
2026-04-21 07:55:14,RTM,Clear,0.29,8.01,0.7,22.8,87.8
2026-02-20 22:03:14,RTM,Cloudy,0.32,7.46,0.6,11.4,56.3
2026-06-20 09:13:01,RTM,Cloudy,0.33,7.21,0.6,12.8,66.3
2026-03-11 06:11:48,RTM,Clear,0.4,6.99,0.5,32.1,50.7
2026-02-13 18:09:52,RTM,Fog,0.49,4.86,0.1,9.0,85.4
2026-03-21 01:34:18,RTM,Rain,0.16,7.85,2.5,33.5,62.2
2026-04-25 06:14:42,RTM,Clear,0.09,10.06,1.5,28.3,20.0
2026-05-11 09:40:42,RTM,Rain,0.21,6.59,2.3,37.9,37.0
2026-02-04 03:31:57,RTM,Rain,0.14,7.63,11.6,18.4,23.7
2026-05-16 01:29:56,RTM,Clear,0.05,9.2,0.6,38.6,74.2
2026-03-13 05:54:18,RTM,Rain,0.42,4.82,19.6,24.4,77.3
2026-05-25 12:48:24,RTM,Clear,0.29,7.42,0.1,27.9,52.2
2026-02-25 20:16:57,RTM,Cloudy,0.35,6.86,1.4,25.3,63.2
2026-03-11 22:36:41,RTM,Clear,0.27,7.35,1.1,28.7,45.9
2026-03-21 05:11:53,RTM,Clear,0.42,6.31,0.3,36.6,54.9
2026-06-12 19:33:57,RTM,Fog,1.0,1.4,0.4,24.6,100.0
2026-01-21 22:48:43,RTM,Clear,0.44,6.21,0.6,27.1,42.1
2026-04-26 11:20:17,RTM,Clear,0.16,9.33,1.3,29.2,63.7
2026-06-30 21:44:34,RTM,Clear,0.43,5.74,0.8,20.8,83.6
2026-01-19 20:11:23,RTM,Clear,0.29,8.32,0.5,37.7,81.8
2026-06-20 06:40:38,RTM,Cloudy,0.21,8.98,0.9,19.7,64.6
2026-04-26 21:35:22,RTM,Rain,0.27,6.49,2.5,19.5,96.3
2026-06-27 10:11:34,RTM,Cloudy,0.35,7.23,1.0,12.4,63.3
2026-01-09 14:21:31,RTM,Clear,0.07,8.74,1.3,26.8,53.0
2026-03-26 00:50:43,RTM,Clear,0.46,5.66,1.0,29.5,44.2
2026-05-02 04:16:56,RTM,Clear,0.13,8.81,0.2,27.6,67.8
2026-06-21 23:18:24,RTM,Cloudy,0.29,7.6,0.9,9.2,74.3
2026-03-18 07:46:35,RTM,Clear,0.22,7.55,0.4,35.1,69.7
2026-02-10 22:44:24,RTM,Clear,0.17,8.9,0.6,24.5,71.3
2026-02-17 13:27:03,RTM,Fog,0.72,3.81,0.0,22.5,99.4
2026-02-12 05:18:33,RTM,Cloudy,0.38,7.18,0.1,30.1,51.0
2026-04-16 18:25:30,RTM,Clear,0.5,5.63,0.3,24.4,52.4
2026-06-23 12:00:17,RTM,Clear,0.17,8.52,0.7,15.4,47.8
2026-06-23 03:39:14,RTM,Clear,0.18,7.99,1.1,18.5,74.9
2026-01-27 17:09:54,RTM,Cloudy,0.15,8.64,0.2,34.9,71.8
2026-04-17 05:43:37,RTM,Cloudy,0.15,9.19,0.1,22.8,66.3
2026-02-09 19:42:26,RTM,Cloudy,0.25,7.54,1.3,26.8,52.0
2026-02-01 06:23:00,RTM,Clear,0.37,7.29,0.3,28.0,62.4
2026-06-13 21:38:09,RTM,Clear,0.51,5.68,0.6,32.0,71.9
2026-05-10 05:34:29,RTM,Fog,0.73,4.26,1.1,23.9,73.3
2026-06-28 05:28:56,RTM,Clear,0.29,7.76,0.2,10.0,97.1
2026-05-03 10:52:21,RTM,Clear,0.24,8.17,0.3,38.9,57.8
2026-02-04 02:18:05,RTM,Clear,0.31,8.22,0.3,35.1,76.1
2026-01-24 13:58:54,RTM,Fog,0.46,6.37,0.7,31.9,87.3
2026-06-19 12:37:35,RTM,Clear,0.23,7.63,1.2,32.7,64.0
2026-05-15 05:13:37,RTM,Clear,0.15,7.73,1.0,30.8,45.9
2026-01-28 21:58:24,RTM,Cloudy,0.15,8.73,0.4,14.0,53.6
2026-06-25 19:53:48,RTM,Clear,0.22,7.61,0.8,20.8,72.5
2026-05-24 17:27:14,RTM,Clear,0.07,10.25,1.4,20.8,64.9
2026-01-02 13:47:40,RTM,Cloudy,0.34,7.65,0.7,22.4,82.0
2026-06-03 08:48:57,RTM,Clear,0.23,7.74,1.0,16.2,26.6
2026-02-25 21:47:29,RTM,Cloudy,0.03,10.22,1.2,23.3,59.6
2026-02-09 08:15:33,RTM,Clear,0.4,7.07,0.2,19.9,62.6
2026-02-08 21:09:12,RTM,Fog,0.74,3.94,0.1,17.5,91.9
2026-01-30 22:17:24,RTM,Clear,0.7,4.74,0.4,18.2,82.6
2026-02-21 14:47:38,RTM,Clear,0.19,8.32,1.0,20.9,82.9
2026-03-26 15:26:00,RTM,Rain,0.25,6.55,1.6,26.3,70.3
2026-03-18 04:17:11,RTM,Clear,0.11,8.82,0.8,20.8,30.9
2026-06-26 00:28:35,RTM,Cloudy,0.25,8.31,0.8,23.0,52.0
2026-02-20 03:26:32,RTM,Clear,0.3,7.27,1.1,25.5,55.6
2026-01-11 09:58:04,RTM,Cloudy,0.11,9.16,0.3,30.7,77.4
2026-05-22 04:05:10,RTM,Fog,0.68,4.2,1.4,28.1,94.3
2026-04-01 04:50:53,RTM,Clear,0.26,7.8,1.3,25.4,57.1
2026-03-09 08:07:31,RTM,Cloudy,0.17,8.56,0.8,22.9,75.3
2026-06-10 11:27:55,RTM,Clear,0.42,6.9,1.4,37.1,58.0
2026-04-19 12:17:16,RTM,Cloudy,0.46,5.84,0.6,32.4,48.7
2026-06-19 16:36:07,RTM,Rain,0.55,3.84,12.6,21.0,72.3
2026-02-02 23:59:11,RTM,Fog,0.63,5.14,0.1,21.8,57.1
2026-01-09 12:58:39,RTM,Rain,0.33,5.78,10.1,25.9,100.0
2026-02-17 17:55:39,RTM,Rain,0.76,1.74,8.2,31.0,69.0
2026-02-19 14:06:19,RTM,Clear,0.09,9.11,0.3,11.5,57.4
2026-01-01 17:25:26,RTM,Fog,0.95,1.23,0.4,23.5,61.3
2026-02-24 12:40:26,RTM,Clear,0.44,6.36,0.6,27.1,83.2
2026-03-31 05:18:51,RTM,Clear,0.28,7.35,1.4,17.5,52.2
2026-05-19 21:55:00,RTM,Clear,0.13,8.99,0.5,12.8,57.7
2026-03-28 12:08:41,RTM,Clear,0.49,5.48,1.2,13.3,59.7
2026-02-05 11:50:51,RTM,Clear,0.18,8.43,0.5,23.1,58.2
2026-06-11 19:16:49,RTM,Cloudy,0.42,6.08,0.1,17.4,100.0
2026-02-14 18:48:07,RTM,Clear,0.19,9.07,0.8,20.9,73.3
2026-06-17 07:34:26,RTM,Clear,0.28,7.73,1.2,17.9,40.6
2026-02-20 12:56:51,RTM,Cloudy,0.31,7.68,0.1,21.3,50.1
2026-05-14 18:22:36,RTM,Clear,0.27,7.47,1.0,11.1,27.9
2026-01-16 01:14:08,RTM,Clear,0.32,7.95,0.1,-7.3,60.0
2026-03-29 01:08:29,RTM,Cloudy,0.42,6.51,1.4,9.2,59.8
2026-02-01 09:39:39,RTM,Fog,0.72,4.13,0.0,31.3,95.5
2026-03-11 12:28:24,RTM,Cloudy,0.23,8.66,0.1,29.7,69.8
2026-03-10 04:54:58,RTM,Clear,0.31,7.75,1.1,17.9,84.0
2026-02-26 17:17:00,RTM,Cloudy,0.3,7.67,0.3,29.3,57.0
2026-05-30 00:21:22,RTM,Rain,0.26,7.15,4.4,21.1,54.1
2026-04-22 15:06:57,RTM,Fog,0.74,4.44,0.2,28.7,83.8
2026-05-07 10:33:35,RTM,Cloudy,0.09,9.87,0.2,34.5,62.3
2026-02-22 12:37:49,RTM,Clear,0.29,7.68,0.0,31.6,50.7
2026-04-25 00:41:10,RTM,Rain,0.28,6.17,10.4,29.8,82.9
2026-02-25 09:34:27,RTM,Clear,0.29,7.36,1.3,25.3,67.9
2026-04-13 01:31:56,RTM,Cloudy,0.53,4.73,1.1,28.4,81.6
2026-03-26 06:30:23,RTM,Fog,0.61,4.65,1.3,30.5,34.6
2026-04-23 00:34:59,RTM,Clear,0.58,5.38,1.4,14.5,81.0
2026-03-31 04:11:42,RTM,Rain,0.4,5.11,4.7,-0.8,92.7
2026-02-26 09:20:26,RTM,Cloudy,0.13,8.73,0.1,19.7,79.3
2026-02-01 20:08:56,RTM,Clear,0.14,8.59,1.4,23.5,63.1
2026-04-16 20:05:28,RTM,Clear,0.28,7.69,0.3,34.4,30.1
2026-01-15 07:31:45,RTM,Clear,0.23,8.05,0.7,10.2,58.6
2026-02-27 08:53:11,RTM,Cloudy,0.44,7.68,0.3,39.4,20.0
2026-03-07 06:42:11,RTM,Clear,0.06,8.7,0.4,36.4,71.4
2026-01-16 22:21:03,RTM,Clear,0.09,8.14,1.0,29.1,71.5
2026-01-13 17:01:31,RTM,Clear,0.11,8.65,1.4,20.1,50.4
2026-05-24 12:15:38,RTM,Clear,0.19,8.71,1.3,32.8,63.9
2026-05-05 10:38:48,RTM,Clear,0.36,7.01,1.4,40.7,73.3
2026-05-01 07:51:25,RTM,Clear,0.33,7.52,0.6,20.8,84.8
2026-02-05 13:24:13,RTM,Clear,0.33,7.72,0.6,15.1,36.8
2026-03-19 05:36:52,RTM,Clear,0.17,8.2,1.0,34.0,78.8
2026-03-05 23:26:50,RTM,Rain,0.4,5.45,16.0,23.4,63.9
2026-04-26 22:09:24,RTM,Cloudy,0.44,6.66,0.0,15.6,40.9
2026-05-02 20:06:51,RTM,Clear,0.35,6.62,1.4,4.0,79.4
2026-03-05 11:41:23,RTM,Clear,0.32,7.69,0.7,31.7,53.4
2026-03-06 16:40:44,RTM,Cloudy,0.37,6.87,1.3,14.6,61.1
2026-03-21 05:21:28,RTM,Clear,0.26,7.24,1.1,13.6,76.4
2026-01-12 21:40:56,RTM,Clear,0.51,5.6,0.9,29.3,75.5
2026-06-19 04:20:48,RTM,Cloudy,0.37,6.74,0.3,19.6,66.4
2026-01-27 15:58:50,RTM,Cloudy,0.4,6.48,0.4,36.5,63.8
2026-03-16 11:40:33,RTM,Clear,0.5,5.43,0.5,42.6,49.9
2026-04-05 16:23:47,RTM,Fog,0.62,5.61,1.2,36.5,51.5
2026-01-27 14:10:16,RTM,Cloudy,0.16,8.95,1.3,23.8,35.9
2026-01-30 04:17:32,RTM,Rain,0.12,7.84,15.7,29.5,53.4
2026-01-24 09:12:56,RTM,Rain,0.12,8.06,2.0,31.1,63.4
2026-01-03 01:06:41,RTM,Clear,0.47,5.57,0.5,24.0,63.2
2026-06-16 21:36:33,RTM,Clear,0.43,5.57,0.2,9.0,55.7
2026-04-21 14:12:01,RTM,Clear,0.05,8.68,0.3,11.7,44.5
2026-06-14 11:20:39,RTM,Clear,0.22,8.67,1.1,25.5,89.1
2026-03-09 07:00:56,RTM,Fog,0.58,4.31,1.0,41.5,45.0
2026-03-10 14:41:01,RTM,Clear,0.1,9.06,1.3,40.4,69.7
2026-06-24 00:34:23,RTM,Clear,0.13,8.76,1.3,30.4,61.1
2026-02-21 11:53:27,RTM,Cloudy,0.41,7.3,0.9,21.7,90.9
2026-05-14 13:33:51,RTM,Clear,0.05,10.18,1.3,26.6,60.8
2026-06-24 23:50:09,RTM,Clear,0.25,8.05,1.3,29.9,52.3
2026-04-22 03:21:20,RTM,Clear,0.11,8.72,0.2,17.4,45.8
2026-05-28 10:26:12,RTM,Clear,0.29,7.55,0.3,23.8,64.7
2026-01-01 20:03:01,RTM,Clear,0.41,6.9,0.9,16.4,86.4
2026-05-20 01:23:27,RTM,Cloudy,0.48,6.07,1.1,18.9,39.6
2026-04-21 07:31:08,RTM,Cloudy,0.23,7.98,0.4,35.5,52.5
2026-06-22 11:07:51,RTM,Clear,0.45,5.97,0.7,27.8,46.9
2026-01-30 10:42:20,RTM,Clear,0.47,6.55,0.5,25.2,74.1
2026-06-14 02:13:42,RTM,Cloudy,0.11,9.27,0.2,27.0,100.0
2026-01-20 15:50:17,RTM,Fog,0.7,4.08,0.0,32.4,54.2
2026-06-24 23:49:41,RTM,Cloudy,0.25,8.87,1.2,27.4,35.6
2026-01-07 15:54:27,RTM,Clear,0.2,8.58,1.4,-0.5,51.9
2026-06-08 21:01:20,RTM,Clear,0.23,8.19,0.8,17.4,31.9
2026-04-26 16:12:17,RTM,Clear,0.32,7.51,0.3,28.8,48.0
2026-05-07 00:39:48,RTM,Clear,0.73,3.93,0.6,33.6,75.2
2026-01-29 20:25:24,RTM,Cloudy,0.17,8.73,1.5,24.1,80.0
2026-01-17 07:18:27,RTM,Cloudy,0.06,9.56,0.9,17.4,83.7
2026-01-09 17:41:16,RTM,Clear,0.3,8.32,0.3,19.0,82.5
2026-06-29 11:37:50,RTM,Clear,0.18,8.41,0.9,25.3,40.3
2026-05-17 03:25:14,RTM,Clear,0.29,7.13,0.6,22.4,60.2
2026-04-25 04:42:43,RTM,Clear,0.21,8.85,1.1,22.2,65.2
2026-02-10 22:52:03,RTM,Clear,0.15,9.56,1.5,13.4,100.0
2026-03-27 04:51:49,RTM,Cloudy,0.34,6.46,0.8,16.6,87.5
2026-05-14 02:31:15,RTM,Rain,0.57,4.22,24.7,25.7,86.8
2026-06-20 04:10:51,RTM,Clear,0.36,6.22,0.1,19.7,57.1
2026-06-27 05:38:00,RTM,Rain,0.22,5.99,0.5,14.1,86.3
2026-04-18 10:29:13,RTM,Clear,0.01,9.46,1.2,28.0,44.8
2026-01-17 23:40:18,RTM,Cloudy,0.52,6.13,1.3,32.8,72.7
2026-05-15 20:19:27,RTM,Clear,0.18,8.75,0.1,20.9,89.6
2026-05-06 12:39:36,RTM,Clear,0.21,8.73,0.2,21.0,20.0
2026-04-28 08:22:16,RTM,Cloudy,0.36,7.21,0.9,25.6,51.8
2026-06-18 17:42:38,RTM,Fog,0.66,4.74,0.6,20.7,92.3
2026-02-27 02:36:22,RTM,Fog,0.64,4.26,0.5,22.7,65.2
2026-05-19 20:46:10,RTM,Clear,0.39,6.78,1.5,35.9,67.0
2026-02-06 10:10:28,RTM,Cloudy,0.24,8.09,1.5,17.6,69.5
2026-05-08 21:40:16,RTM,Rain,0.44,4.46,5.2,15.6,79.5
2026-01-27 17:03:14,RTM,Clear,0.36,7.35,1.3,13.6,64.9
2026-06-06 20:14:50,RTM,Clear,0.27,8.26,1.1,25.8,25.9
2026-06-24 04:59:09,RTM,Clear,0.21,8.39,1.4,15.8,58.4
2026-02-21 13:34:40,RTM,Cloudy,0.26,8.51,0.2,26.0,74.1
2026-01-18 07:17:27,RTM,Fog,0.4,6.84,1.0,22.1,74.6
2026-06-15 21:20:33,RTM,Clear,0.54,5.4,0.3,23.0,65.2
2026-06-16 08:53:28,RTM,Cloudy,0.42,6.13,0.1,31.3,57.6
2026-06-06 06:16:09,RTM,Clear,0.24,7.58,0.1,15.9,59.8
2026-01-18 04:58:33,RTM,Rain,0.15,7.64,5.6,1.2,90.4
2026-04-08 07:34:24,RTM,Cloudy,0.46,6.38,0.7,29.1,64.5
2026-04-22 14:59:45,RTM,Cloudy,0.19,8.82,1.4,15.6,54.3
2026-04-22 11:37:44,RTM,Clear,0.45,6.07,1.1,24.3,72.0
2026-06-19 07:39:02,RTM,Rain,0.09,8.72,3.8,6.3,79.8
2026-02-27 20:50:49,RTM,Fog,0.72,3.96,0.4,40.4,69.1
2026-06-27 10:30:47,RTM,Clear,0.39,6.58,1.1,11.3,82.7
2026-01-23 23:26:53,RTM,Clear,0.31,6.84,0.3,30.8,100.0
2026-05-10 19:25:44,RTM,Clear,0.51,5.77,1.0,17.7,57.4
2026-06-27 21:55:36,RTM,Rain,0.4,3.98,4.5,24.2,32.2
2026-01-27 15:35:51,RTM,Cloudy,0.21,8.22,0.8,15.6,41.4
2026-05-24 20:35:08,RTM,Cloudy,0.35,8.03,1.4,0.7,67.8
2026-06-30 10:48:43,RTM,Fog,0.78,3.02,1.3,41.5,80.7
2026-05-27 10:59:26,RTM,Clear,0.22,8.24,0.3,15.0,51.8
2026-01-02 02:45:20,RTM,Clear,0.07,9.31,0.8,28.3,33.9
2026-01-09 01:43:28,RTM,Clear,0.09,9.03,0.3,31.5,55.7
2026-03-26 01:31:18,RTM,Clear,0.19,8.72,1.0,12.6,71.4
2026-04-18 01:49:31,RTM,Clear,0.33,6.66,0.2,24.6,76.3
2026-01-11 21:44:15,RTM,Clear,0.24,8.1,1.3,30.4,80.9
2026-03-11 15:39:18,RTM,Clear,0.2,8.65,0.1,19.8,42.4
2026-03-31 00:11:31,RTM,Clear,0.21,7.68,0.9,30.1,65.7
2026-03-03 15:06:51,RTM,Clear,0.16,8.09,0.4,43.3,77.5
2026-02-25 18:25:11,RTM,Clear,0.19,8.92,0.7,29.4,85.4
2026-06-22 22:23:39,RTM,Rain,0.3,5.85,7.7,39.6,83.1
2026-01-11 01:47:19,RTM,Fog,0.7,4.34,0.3,18.8,90.3
2026-02-14 22:45:06,RTM,Clear,0.32,6.99,0.6,14.1,44.6
2026-02-22 18:27:15,RTM,Clear,0.13,8.67,1.2,20.4,55.3
2026-01-29 09:53:18,RTM,Fog,0.72,3.85,0.2,12.1,74.2
2026-05-16 20:18:30,RTM,Clear,0.14,8.69,0.3,22.1,83.0
2026-04-21 13:07:10,RTM,Rain,0.12,7.7,6.1,19.8,68.5
2026-03-22 22:05:47,RTM,Clear,0.47,5.66,0.0,30.4,47.8
2026-06-26 07:07:05,RTM,Fog,0.75,4.67,1.0,27.2,91.1
2026-06-17 03:26:00,RTM,Clear,0.64,5.38,1.2,25.5,86.9
2026-04-06 01:07:32,RTM,Clear,0.37,7.21,1.1,25.1,62.8
2026-02-05 03:35:01,RTM,Cloudy,0.19,8.55,0.5,23.2,100.0
2026-03-29 01:16:43,RTM,Clear,0.46,6.49,1.2,40.1,82.5
2026-05-06 02:07:48,RTM,Fog,0.81,3.07,0.0,15.6,76.8
2026-04-28 14:50:02,RTM,Fog,0.55,5.89,1.1,31.4,70.2
2026-05-03 04:07:23,RTM,Clear,0.19,7.89,0.8,16.6,71.3
2026-02-26 17:28:26,RTM,Rain,0.06,8.44,4.5,27.3,71.3
2026-06-25 11:59:20,RTM,Rain,0.56,4.29,7.7,35.9,94.5
2026-05-23 10:26:58,RTM,Fog,0.62,4.24,1.3,21.8,90.1
2026-04-13 00:06:21,RTM,Cloudy,0.57,5.57,0.8,20.4,84.5
2026-02-15 11:43:29,RTM,Clear,0.13,8.98,1.1,37.7,68.8
2026-01-29 18:24:45,RTM,Clear,0.54,5.97,1.1,34.5,69.2
2026-05-12 08:15:50,RTM,Clear,0.2,7.25,1.4,32.2,47.2
2026-05-10 07:59:14,RTM,Clear,0.17,9.22,1.3,24.3,75.1
2026-01-22 07:27:07,RTM,Clear,0.41,6.43,0.2,23.7,49.0
2026-05-19 08:01:52,RTM,Clear,0.53,5.86,0.5,7.9,63.2
2026-06-11 23:20:01,RTM,Fog,0.74,3.39,0.6,5.2,78.7
2026-02-13 12:23:34,RTM,Clear,0.53,5.06,0.2,18.6,76.6
2026-05-26 10:14:23,RTM,Rain,0.25,6.72,11.7,28.1,59.8
2026-02-01 11:30:01,RTM,Clear,0.21,8.11,1.2,28.0,81.3
2026-05-25 13:54:06,RTM,Cloudy,0.4,6.02,0.4,28.3,68.9
2026-03-25 06:01:41,RTM,Clear,0.34,7.32,0.6,23.5,68.9
2026-02-11 23:22:28,RTM,Clear,0.52,5.17,0.3,29.7,46.6
2026-03-31 23:31:08,RTM,Clear,0.06,9.59,1.0,14.2,52.9
2026-03-26 04:50:38,RTM,Rain,0.29,6.6,11.9,23.2,43.0
2026-06-13 05:40:19,RTM,Rain,0.18,6.66,0.8,29.9,58.6
2026-04-09 17:37:12,RTM,Clear,0.41,6.16,0.6,35.2,76.6
2026-04-29 12:42:23,RTM,Clear,0.03,9.73,1.3,22.4,96.4
2026-01-05 19:12:04,RTM,Fog,1.0,1.48,1.2,12.3,76.9
2026-04-13 05:25:25,RTM,Clear,0.43,6.35,0.2,25.9,54.1
2026-02-18 01:31:18,RTM,Rain,0.54,4.8,5.8,31.7,75.7
2026-02-26 10:18:53,RTM,Clear,0.24,8.12,0.7,21.6,59.2
2026-06-30 06:43:28,RTM,Cloudy,0.33,7.02,0.4,24.7,64.8
2026-03-04 12:11:05,RTM,Rain,0.23,6.64,7.1,19.5,81.3
2026-04-04 12:34:37,RTM,Clear,0.55,5.39,1.2,21.1,58.7
2026-03-03 23:19:26,RTM,Clear,0.33,7.5,0.1,25.4,51.8
2026-02-10 03:41:15,RTM,Clear,0.42,6.41,1.3,20.1,50.7
2026-01-12 10:27:08,RTM,Cloudy,0.6,5.7,0.0,19.6,80.4
2026-06-11 23:17:42,RTM,Clear,0.1,8.36,0.6,24.6,40.8
2026-06-25 15:52:08,RTM,Clear,0.22,7.75,1.0,16.3,87.1
2026-03-13 23:04:21,RTM,Cloudy,0.47,6.11,0.9,18.2,76.2
2026-06-03 22:26:34,RTM,Rain,0.43,5.35,8.2,13.8,69.2
2026-04-27 23:25:07,RTM,Clear,0.19,9.2,0.8,11.0,70.6
2026-06-06 00:35:43,RTM,Clear,0.38,6.28,0.4,14.6,42.9
2026-06-25 09:42:38,RTM,Clear,0.36,7.24,0.5,28.5,69.7
2026-05-19 11:43:08,RTM,Clear,0.37,6.01,0.1,25.4,80.3
2026-04-04 19:01:38,RTM,Clear,0.34,6.91,1.2,28.7,75.6
2026-04-20 08:23:33,RTM,Clear,0.24,8.41,0.2,33.2,65.3
2026-02-12 14:34:13,RTM,Clear,0.41,6.68,1.4,29.0,82.2
2026-04-17 11:23:42,RTM,Clear,0.38,7.43,0.4,29.8,85.2
2026-02-15 03:08:44,RTM,Cloudy,0.45,7.25,0.1,31.4,65.3
2026-06-08 01:01:02,RTM,Clear,0.25,8.64,0.7,30.5,27.3
2026-01-30 00:34:25,RTM,Fog,0.51,5.61,0.2,23.8,88.6
2026-05-19 19:25:49,RTM,Clear,0.54,5.43,0.5,17.1,87.7
2026-03-26 05:25:46,RTM,Clear,0.41,5.81,0.0,26.2,65.5
2026-05-31 06:03:48,RTM,Fog,0.7,4.54,0.9,28.9,45.3
2026-04-13 16:09:47,RTM,Cloudy,0.49,5.97,1.2,42.3,64.7
2026-03-25 21:28:05,RTM,Cloudy,0.08,9.87,0.2,16.8,83.5
2026-01-30 08:20:51,RTM,Clear,0.13,8.78,0.4,15.3,84.2
2026-06-26 12:37:13,RTM,Clear,0.49,5.8,1.3,13.0,85.5
2026-01-22 06:29:30,RTM,Cloudy,0.14,8.47,1.0,24.6,90.6
2026-03-24 02:10:12,RTM,Cloudy,0.28,8.11,1.1,42.7,41.2
2026-05-30 10:42:46,RTM,Clear,0.37,6.64,0.4,25.2,83.4
2026-01-21 22:12:58,RTM,Cloudy,0.06,8.21,1.4,9.5,64.1
2026-05-21 07:31:07,RTM,Clear,0.12,9.45,1.5,20.9,84.7
2026-02-17 22:27:31,RTM,Cloudy,0.08,9.79,1.3,15.3,57.8
2026-01-15 04:37:03,RTM,Clear,0.28,7.99,1.1,21.7,66.6
2026-05-03 10:47:29,RTM,Clear,0.45,6.43,0.9,26.0,65.3
2026-01-01 04:45:18,RTM,Clear,0.16,9.24,1.0,19.5,38.7
2026-06-10 03:31:32,RTM,Clear,0.11,9.73,0.6,22.4,70.1
2026-04-17 12:24:09,RTM,Clear,0.15,8.74,0.5,24.4,71.8
2026-01-23 05:31:34,RTM,Clear,0.15,8.77,0.9,18.0,61.2
2026-06-19 13:31:53,RTM,Clear,0.38,7.38,0.8,18.4,83.2
2026-01-07 12:32:44,RTM,Clear,0.33,7.53,0.6,13.2,22.8
2026-01-07 12:08:24,RTM,Clear,0.05,9.9,1.3,30.4,52.4
2026-04-12 17:00:37,RTM,Cloudy,0.15,9.08,0.2,28.4,42.5
2026-02-24 13:13:19,RTM,Clear,0.11,9.11,1.5,14.9,65.3
2026-04-25 16:08:15,RTM,Fog,0.72,4.68,1.4,12.7,76.7
2026-04-07 03:43:52,RTM,Clear,0.23,8.28,0.8,18.5,72.4
2026-05-04 05:13:37,RTM,Fog,0.48,5.74,0.0,28.3,72.1
2026-01-05 13:59:31,RTM,Clear,0.25,8.15,0.9,25.0,96.9
2026-03-08 09:07:43,RTM,Rain,0.38,5.11,2.2,25.2,71.4
2026-03-07 04:01:55,RTM,Cloudy,0.25,7.73,0.7,27.4,63.0
2026-04-18 01:41:39,RTM,Cloudy,0.26,7.08,0.6,21.4,46.0
2026-05-23 02:53:49,RTM,Cloudy,0.85,4.05,0.8,9.9,78.8
2026-06-08 20:35:27,RTM,Clear,0.47,5.97,1.4,12.8,20.0
2026-05-18 15:24:16,RTM,Fog,0.42,6.43,0.4,16.4,81.1
2026-04-27 00:38:43,RTM,Rain,0.26,6.29,12.6,12.0,82.6
2026-05-19 03:43:44,RTM,Clear,0.6,5.18,0.5,21.8,34.9
2026-04-18 23:12:50,RTM,Rain,0.07,8.45,11.6,6.6,31.4
2026-01-31 20:27:39,RTM,Cloudy,0.24,6.99,1.4,26.9,67.9
2026-06-26 23:04:37,RTM,Clear,0.27,8.3,0.7,19.8,69.4
2026-06-21 12:43:45,RTM,Fog,0.93,1.51,0.9,24.1,86.7
2026-02-28 09:47:48,RTM,Rain,0.12,7.64,9.6,21.9,72.8
2026-06-28 09:17:50,RTM,Rain,0.02,8.86,10.4,29.1,99.7
2026-04-12 12:29:03,RTM,Clear,0.25,7.91,0.7,40.9,68.8
2026-05-24 16:26:30,RTM,Clear,0.36,6.72,1.3,23.6,26.4
2026-06-14 23:33:18,RTM,Rain,0.31,6.58,1.6,19.1,79.9
2026-04-01 16:27:51,RTM,Fog,0.61,5.09,1.1,23.5,75.8
2026-03-05 07:48:25,RTM,Clear,0.26,7.33,0.3,20.1,43.5
2026-01-12 00:33:10,RTM,Cloudy,0.14,8.17,0.7,11.9,61.9
2026-04-28 05:19:48,RTM,Rain,0.33,5.85,3.2,13.3,64.9
2026-03-17 01:27:28,RTM,Cloudy,0.31,7.44,0.2,33.8,71.7
2026-05-29 10:56:57,RTM,Cloudy,0.04,10.09,0.4,25.3,80.8
2026-03-29 12:11:00,RTM,Rain,0.29,7.33,6.2,26.5,50.2
2026-05-15 14:27:05,RTM,Clear,0.61,4.74,1.5,21.4,99.4
2026-03-20 17:54:47,RTM,Rain,0.36,5.75,11.3,13.7,37.5
2026-01-16 06:04:41,RTM,Clear,0.41,6.31,0.6,29.4,67.4
2026-01-26 17:01:01,RTM,Clear,0.25,7.94,1.2,12.9,100.0
2026-01-28 07:30:14,RTM,Fog,0.61,4.87,1.2,15.8,49.6
2026-04-06 12:13:41,RTM,Fog,0.63,5.08,0.9,18.2,66.8
2026-02-03 17:24:25,RTM,Clear,0.1,8.84,1.0,24.8,76.0
2026-06-22 10:13:38,RTM,Clear,0.1,8.95,0.5,22.0,59.0
2026-06-11 14:53:20,RTM,Cloudy,0.66,4.58,0.1,33.1,89.3
2026-06-08 14:55:19,RTM,Cloudy,0.45,6.25,1.4,32.2,86.5
2026-02-16 06:54:11,RTM,Clear,0.31,7.56,0.4,4.1,56.1
2026-05-21 22:59:30,RTM,Clear,0.38,6.41,0.7,22.5,69.3
2026-05-10 20:00:27,RTM,Clear,0.18,8.74,0.0,21.2,44.2
2026-03-03 14:02:31,RTM,Clear,0.3,7.94,0.7,32.9,61.3
2026-03-21 02:29:40,RTM,Clear,0.16,8.62,0.3,21.4,49.1
2026-03-03 07:44:07,RTM,Clear,0.15,8.37,0.5,24.3,66.8
2026-05-21 12:22:21,RTM,Cloudy,0.18,8.59,1.0,11.3,74.6
2026-03-02 05:18:10,RTM,Clear,0.19,8.05,1.4,27.1,68.9
2026-02-27 06:57:16,RTM,Fog,0.72,4.14,1.3,26.7,82.5
2026-04-19 20:43:15,RTM,Clear,0.11,9.34,0.4,34.5,77.7
2026-02-26 17:04:52,RTM,Clear,0.42,6.06,0.5,32.6,80.1
2026-01-20 02:04:14,RTM,Cloudy,0.12,9.57,1.3,24.8,52.3
2026-06-21 10:46:54,RTM,Cloudy,0.19,8.82,0.6,45.0,65.6
2026-02-20 09:39:31,RTM,Clear,0.47,5.1,0.2,29.2,94.7
2026-06-02 15:09:58,RTM,Clear,0.07,10.0,0.2,20.6,87.5
2026-04-19 23:27:49,RTM,Clear,0.4,5.93,0.8,20.4,76.0
2026-03-17 08:47:47,RTM,Clear,0.57,5.16,1.1,25.7,84.6
2026-03-16 10:02:18,RTM,Clear,0.06,10.37,0.8,17.4,65.8
2026-06-25 07:58:40,RTM,Clear,0.2,8.08,1.3,33.0,71.3
2026-05-13 19:21:52,RTM,Clear,0.24,6.86,0.2,26.7,93.1
2026-03-06 15:22:17,RTM,Cloudy,0.38,6.69,0.1,39.5,67.9
2026-02-04 17:13:39,RTM,Clear,0.54,5.43,0.3,36.9,72.4
2026-01-08 04:17:57,RTM,Clear,0.35,7.17,1.3,14.9,54.4
2026-01-28 07:08:20,RTM,Clear,0.37,7.34,0.6,19.7,67.7
2026-01-21 10:45:02,RTM,Rain,0.44,4.8,2.1,14.3,100.0
2026-01-03 00:58:59,RTM,Cloudy,0.2,7.88,0.7,19.4,51.3
2026-06-01 07:52:17,RTM,Clear,0.29,7.18,0.6,11.2,52.6
2026-01-27 22:41:43,RTM,Clear,0.53,5.92,1.5,24.5,49.1
2026-02-01 01:02:24,RTM,Cloudy,0.44,5.7,1.2,23.3,63.4
2026-06-18 20:35:56,RTM,Clear,0.26,7.54,1.0,39.0,55.2
2026-02-26 06:08:02,RTM,Clear,0.22,8.16,1.2,10.5,69.1
2026-03-21 09:43:37,RTM,Clear,0.13,8.48,0.6,27.7,77.1
2026-04-27 11:34:54,RTM,Cloudy,0.11,8.95,0.1,27.9,78.9
2026-01-07 16:04:45,RTM,Clear,0.09,8.88,1.5,32.3,56.0
2026-05-20 12:06:46,RTM,Cloudy,0.41,7.31,0.3,31.9,99.0
2026-05-10 16:59:39,RTM,Rain,0.1,7.68,10.8,18.5,50.8
2026-01-13 00:10:22,RTM,Clear,0.44,5.61,1.2,17.6,50.1
2026-05-14 23:31:18,RTM,Cloudy,0.32,7.74,0.4,23.7,77.7
2026-04-09 19:40:24,RTM,Fog,0.67,4.55,0.1,10.4,93.4
2026-05-30 04:49:39,RTM,Clear,0.64,4.31,0.6,31.3,64.6
2026-01-11 12:41:52,RTM,Fog,0.52,4.38,0.7,13.7,48.0
2026-03-14 03:29:57,RTM,Rain,0.03,8.34,5.5,13.4,76.0
2026-02-07 18:54:40,RTM,Rain,0.07,8.38,14.9,22.1,59.8
2026-06-19 20:26:36,RTM,Cloudy,0.03,9.93,1.5,18.4,60.2
2026-01-05 09:24:04,RTM,Clear,0.14,9.31,1.3,22.2,73.5
2026-03-11 22:04:48,RTM,Clear,0.23,8.75,0.5,27.0,39.2
2026-01-04 09:22:44,RTM,Clear,0.02,10.45,1.4,29.6,56.4
2026-01-27 09:39:44,RTM,Cloudy,0.26,8.21,1.2,20.9,43.4
2026-02-20 08:32:01,RTM,Rain,0.2,7.6,5.6,22.6,41.2
2026-06-26 06:56:15,RTM,Cloudy,0.6,5.14,0.3,35.6,60.3
2026-01-18 00:15:48,RTM,Clear,0.41,6.93,0.2,17.8,39.7
2026-02-20 04:49:16,RTM,Clear,0.05,8.66,0.4,19.6,61.1
2026-06-03 06:23:31,RTM,Clear,0.16,9.06,1.2,32.5,86.8
2026-05-12 19:55:34,RTM,Clear,0.16,8.72,0.4,11.0,96.0
2026-02-27 08:51:34,RTM,Cloudy,0.22,7.75,0.7,27.6,62.3
2026-01-08 15:13:01,RTM,Cloudy,0.16,8.87,1.3,37.8,67.5
2026-04-06 01:32:18,RTM,Clear,0.04,9.19,1.3,28.8,48.1
2026-05-05 23:13:04,RTM,Cloudy,0.38,7.47,0.1,17.6,83.9
2026-03-17 19:24:53,RTM,Clear,0.26,8.01,0.7,35.1,75.4
2026-06-03 18:18:32,RTM,Rain,0.46,5.56,1.7,32.4,66.3
2026-03-28 01:05:32,RTM,Clear,0.17,9.24,0.5,17.0,87.2
2026-05-02 03:59:39,RTM,Clear,0.15,8.81,1.3,24.9,81.0
2026-03-17 14:15:06,RTM,Fog,0.45,6.79,0.8,7.9,57.9
2026-04-10 07:31:54,RTM,Clear,0.13,8.74,1.5,8.3,44.4
2026-02-25 15:47:09,RTM,Cloudy,0.1,9.17,1.3,26.1,73.5
2026-06-24 20:17:50,RTM,Clear,0.14,9.1,0.4,16.0,49.7
2026-03-23 10:35:42,RTM,Clear,0.05,9.69,1.5,25.3,75.7
2026-05-05 07:15:20,RTM,Clear,0.37,6.67,0.4,12.3,82.3
2026-06-30 17:11:02,RTM,Cloudy,0.45,5.98,1.3,22.3,63.4
2026-01-08 13:15:52,RTM,Rain,0.31,6.27,4.1,18.9,95.6
2026-01-10 07:49:23,RTM,Fog,0.72,4.05,0.9,20.3,84.2
2026-03-04 20:18:24,RTM,Fog,0.61,4.88,0.5,10.0,69.5
2026-05-26 15:53:11,RTM,Clear,0.29,6.73,0.3,13.2,94.8
2026-03-04 23:13:10,RTM,Rain,0.26,6.75,17.6,19.7,60.0
2026-02-15 03:06:09,RTM,Clear,0.03,10.17,1.4,9.4,82.0
2026-04-03 18:58:15,RTM,Clear,0.32,7.66,1.0,3.6,68.7
2026-03-27 00:02:28,RTM,Cloudy,0.05,9.09,1.2,35.7,67.6
2026-03-21 20:50:52,RTM,Rain,0.25,5.95,6.6,25.5,56.6
2026-03-11 01:20:13,RTM,Clear,0.16,8.13,0.5,22.1,79.5
2026-06-25 23:07:22,RTM,Cloudy,0.12,8.83,0.6,16.2,69.3
2026-06-11 11:32:59,RTM,Cloudy,0.28,7.13,0.2,29.5,41.9
2026-06-06 19:30:37,RTM,Clear,0.28,7.72,0.1,14.4,96.7
2026-06-29 13:51:14,RTM,Fog,0.75,3.58,0.4,23.5,97.6
2026-03-22 23:29:45,RTM,Rain,0.39,6.3,6.1,21.4,58.8
2026-06-04 03:47:32,RTM,Cloudy,0.22,7.8,0.8,23.3,49.6
2026-03-10 01:40:51,RTM,Clear,0.15,9.56,0.3,8.2,53.8
2026-02-08 04:36:18,RTM,Fog,0.79,3.33,0.5,24.0,91.5
2026-06-16 17:32:21,RTM,Cloudy,0.63,4.07,0.5,30.8,54.3
2026-06-16 06:37:07,RTM,Clear,0.19,9.67,0.6,8.6,59.3
2026-05-31 20:38:33,RTM,Clear,0.07,9.88,0.2,19.3,28.5
2026-01-24 07:53:47,RTM,Clear,0.5,5.71,0.7,18.5,70.5
2026-06-30 14:36:28,RTM,Clear,0.48,5.11,1.1,27.3,58.2
2026-02-01 05:17:19,RTM,Clear,0.27,8.11,0.5,28.7,93.6
2026-06-24 15:01:28,RTM,Rain,0.16,7.26,4.1,15.7,69.1
2026-06-22 12:17:53,RTM,Rain,0.54,4.59,17.1,19.6,74.9
2026-01-18 21:14:36,RTM,Fog,0.61,4.36,0.0,22.5,75.8
2026-06-20 16:43:20,RTM,Cloudy,0.08,8.28,1.3,22.0,47.9
2026-04-11 11:20:59,RTM,Cloudy,0.25,7.59,0.1,26.8,85.0
2026-06-25 17:24:09,RTM,Clear,0.24,7.89,0.7,24.2,56.9
2026-06-17 10:49:36,RTM,Clear,0.22,7.04,1.4,17.8,80.8
2026-03-14 04:15:26,RTM,Clear,0.12,8.84,0.4,12.7,31.9
2026-05-25 16:17:46,RTM,Rain,0.34,6.15,6.2,8.7,46.9
2026-01-13 19:46:53,RTM,Rain,0.29,6.18,3.6,27.8,94.3
2026-04-18 02:26:00,RTM,Fog,0.55,4.83,1.1,27.2,59.8
2026-02-04 23:03:47,RTM,Clear,0.34,7.76,0.2,23.6,33.5
2026-03-15 08:57:26,RTM,Fog,0.72,3.8,0.6,14.8,89.4
2026-01-21 23:11:04,RTM,Clear,0.38,6.76,0.5,18.1,93.4
2026-06-24 11:34:40,RTM,Clear,0.21,7.58,1.2,20.6,83.8
2026-03-07 03:49:13,RTM,Clear,0.37,6.76,1.3,24.2,84.4
2026-06-03 02:17:54,RTM,Cloudy,0.3,6.6,0.4,17.1,56.6
2026-01-06 14:44:10,RTM,Rain,0.13,7.78,7.2,18.5,79.5
2026-04-21 08:22:10,RTM,Rain,0.18,7.56,3.1,27.6,60.5
2026-03-17 06:10:50,RTM,Clear,0.51,5.17,0.6,37.6,75.0
2026-06-28 14:01:44,RTM,Clear,0.31,8.25,0.1,27.4,53.7
2026-06-27 23:36:49,RTM,Clear,0.15,8.99,0.7,13.7,67.3
2026-05-04 21:56:00,RTM,Cloudy,0.43,6.5,0.2,21.4,57.6
2026-03-26 23:31:22,RTM,Cloudy,0.07,9.87,0.7,22.1,75.8
2026-02-09 18:46:32,RTM,Clear,0.52,5.5,0.0,35.8,57.4
2026-06-02 13:06:14,RTM,Rain,0.58,3.94,7.6,13.0,67.7
2026-03-22 02:38:43,RTM,Clear,0.32,7.45,0.4,22.0,45.9
2026-05-10 04:01:59,RTM,Rain,0.32,5.13,19.2,24.0,81.3
2026-02-18 13:45:13,RTM,Clear,0.4,7.1,1.3,22.8,69.2
2026-06-04 09:08:26,RTM,Rain,0.4,6.15,1.6,18.5,83.9
2026-01-23 04:45:32,RTM,Clear,0.6,5.7,0.2,21.5,76.6
2026-05-20 21:05:12,RTM,Clear,0.18,8.56,0.9,18.9,71.1
2026-02-22 21:17:07,RTM,Clear,0.12,8.53,1.1,15.9,62.6
2026-02-16 18:50:37,RTM,Rain,0.31,5.31,5.0,14.2,87.5
2026-05-25 08:56:36,RTM,Clear,0.57,4.73,0.2,32.1,93.3
2026-04-18 14:34:30,RTM,Clear,0.63,4.29,1.4,26.8,83.7
2026-06-16 05:58:06,RTM,Cloudy,0.4,6.99,1.1,32.6,51.5
2026-05-14 15:41:33,RTM,Cloudy,0.46,6.83,0.9,27.3,97.3
2026-03-30 17:20:44,RTM,Cloudy,0.44,6.34,0.0,38.0,89.0
2026-03-27 20:58:38,RTM,Clear,0.53,5.24,0.6,28.5,94.1
2026-05-07 12:39:54,RTM,Cloudy,0.32,6.44,0.0,27.6,70.8
2026-04-10 09:09:33,RTM,Fog,0.55,5.89,0.9,27.9,95.7
2026-01-27 08:17:29,RTM,Rain,0.2,6.81,5.6,34.8,38.6
2026-06-17 21:57:02,RTM,Fog,0.53,5.3,1.1,12.9,62.7
2026-01-02 16:19:15,RTM,Clear,0.46,6.89,0.5,29.8,77.4
2026-01-06 19:43:33,RTM,Clear,0.25,7.65,0.8,14.9,67.4
2026-03-18 18:42:01,RTM,Fog,0.68,3.81,0.4,23.2,72.5
2026-03-04 17:29:24,RTM,Clear,0.12,9.47,0.5,26.0,81.2
2026-05-14 18:42:37,RTM,Cloudy,0.12,9.34,0.4,32.3,61.6
2026-01-05 12:33:16,RTM,Cloudy,0.19,8.61,1.2,7.1,46.1
2026-01-01 07:34:57,RTM,Cloudy,0.44,6.26,1.0,18.5,84.5
2026-06-30 00:17:42,RTM,Clear,0.14,8.69,0.4,26.5,62.2
2026-04-12 18:18:12,RTM,Clear,0.69,3.68,0.8,17.8,80.4
2026-04-22 12:50:31,RTM,Clear,0.22,7.18,0.6,21.2,40.4
2026-01-20 07:05:09,RTM,Cloudy,0.57,5.58,0.3,24.7,67.9
2026-01-03 20:06:42,RTM,Cloudy,0.37,7.07,0.9,16.6,62.8
2026-05-31 16:08:39,RTM,Fog,0.77,3.18,1.0,10.6,79.8
2026-05-24 04:51:15,RTM,Clear,0.17,8.03,0.4,20.6,69.2
2026-04-03 11:11:05,RTM,Clear,0.19,8.78,0.6,45.0,70.1
2026-04-05 03:46:20,RTM,Clear,0.28,7.86,0.2,21.9,60.8
2026-05-26 05:07:22,RTM,Clear,0.41,7.33,0.1,19.8,55.4
2026-01-21 19:56:17,RTM,Clear,0.29,7.41,1.2,26.3,75.8
2026-06-11 21:10:33,RTM,Fog,0.4,6.72,0.7,32.7,37.9
2026-04-17 22:39:01,RTM,Clear,0.24,8.21,0.2,6.3,36.3
2026-01-22 08:03:04,RTM,Clear,0.13,8.84,1.5,21.6,49.9
2026-04-10 04:13:25,RTM,Clear,0.31,7.73,0.4,17.8,46.4
2026-03-17 09:13:42,RTM,Rain,0.15,8.09,1.8,33.5,49.0
2026-04-13 02:20:37,RTM,Cloudy,0.55,5.23,1.0,14.6,52.7
2026-06-11 06:31:45,RTM,Cloudy,0.29,7.66,1.0,32.9,31.1
2026-01-13 18:23:02,RTM,Cloudy,0.1,9.04,1.2,18.3,28.8
2026-03-01 16:46:56,RTM,Clear,0.42,6.5,0.7,32.9,50.9
2026-02-01 04:12:31,RTM,Clear,0.37,6.62,0.9,34.1,97.6
2026-03-19 11:38:41,RTM,Cloudy,0.32,6.93,0.1,13.2,60.0
2026-04-20 22:44:28,RTM,Clear,0.2,8.53,0.5,33.0,70.9
2026-05-12 16:58:49,RTM,Clear,0.2,7.9,0.0,25.5,78.4
2026-04-05 06:37:02,RTM,Clear,0.31,7.69,0.6,18.4,54.1
2026-03-07 08:26:14,RTM,Clear,0.13,9.07,1.1,21.2,59.1
2026-03-13 03:50:48,RTM,Cloudy,0.15,8.24,0.6,21.5,58.9
2026-02-10 14:18:13,RTM,Fog,0.45,6.05,0.5,23.7,67.3
2026-01-09 11:02:52,RTM,Cloudy,0.28,7.5,0.7,29.3,70.3
2026-05-02 19:45:48,RTM,Rain,0.51,4.67,2.5,13.4,95.3
2026-04-11 15:55:14,RTM,Clear,0.33,7.91,0.2,21.5,26.4
2026-05-15 04:03:26,RTM,Clear,0.22,8.14,0.3,32.0,78.3
2026-02-19 10:41:56,RTM,Cloudy,0.28,7.46,0.1,15.6,67.2
2026-05-24 21:59:36,RTM,Clear,0.29,6.56,1.4,25.8,48.1
2026-02-07 12:18:41,RTM,Clear,0.3,6.93,1.1,28.1,100.0
2026-03-21 20:12:52,RTM,Clear,0.37,6.43,0.6,8.8,69.3
2026-04-18 13:41:45,RTM,Clear,0.16,8.98,1.2,26.4,61.2
2026-02-13 19:41:00,RTM,Clear,0.75,3.4,1.2,18.8,60.7
2026-01-28 02:41:59,RTM,Clear,0.41,6.03,1.3,23.6,87.5
2026-02-01 13:52:55,RTM,Clear,0.45,6.29,0.2,19.7,36.6
2026-06-16 07:42:35,RTM,Rain,0.59,3.38,16.1,18.5,36.1
2026-06-22 19:09:57,RTM,Clear,0.4,6.93,1.3,35.8,84.7
2026-01-29 08:48:07,RTM,Fog,0.84,2.61,1.3,27.1,49.9
2026-06-30 19:10:41,RTM,Clear,0.55,5.42,0.1,23.4,55.0
2026-04-26 12:39:04,RTM,Clear,0.33,6.91,0.0,17.4,70.9
2026-03-16 10:57:40,RTM,Clear,0.49,5.16,1.4,26.8,100.0
2026-01-02 05:10:14,RTM,Fog,0.63,4.32,0.2,32.0,77.7
2026-02-25 07:38:35,RTM,Cloudy,0.14,8.29,1.2,29.0,48.1
2026-06-06 15:25:43,RTM,Cloudy,0.45,5.61,0.6,19.8,71.7
2026-05-02 18:08:54,RTM,Clear,0.09,9.17,1.3,29.9,58.6
2026-01-30 17:10:19,RTM,Clear,0.91,2.56,0.2,15.7,95.7
2026-01-29 13:45:30,RTM,Clear,0.59,5.39,0.6,37.8,68.0
2026-06-14 15:50:53,RTM,Cloudy,0.22,7.92,0.7,20.3,69.3
2026-06-05 12:16:16,RTM,Fog,0.59,5.11,1.3,20.0,79.6
2026-04-12 07:45:46,RTM,Clear,0.39,6.37,1.4,10.2,53.1
2026-04-19 17:40:41,RTM,Clear,0.29,7.09,1.2,25.4,56.0
2026-04-26 22:12:28,RTM,Fog,0.6,4.2,0.8,21.8,57.3
2026-04-22 18:28:48,RTM,Cloudy,0.32,6.8,0.9,30.8,67.0
2026-03-03 09:14:09,RTM,Clear,0.19,7.91,0.6,28.9,42.1
2026-05-21 23:33:25,RTM,Fog,0.61,5.16,0.6,30.2,100.0
2026-06-23 00:59:42,RTM,Clear,0.28,7.7,1.3,29.7,92.0
2026-05-01 09:20:09,RTM,Fog,0.57,4.96,0.7,24.9,85.3
2026-03-28 01:53:54,RTM,Cloudy,0.26,7.52,1.0,21.5,69.1
2026-04-22 02:02:07,RTM,Rain,0.45,4.81,6.6,22.4,76.1
2026-04-13 19:50:13,RTM,Fog,0.58,5.3,0.2,23.9,76.1
2026-04-15 04:39:29,RTM,Clear,0.16,7.93,0.1,23.1,30.6
2026-06-23 12:44:21,RTM,Rain,0.05,8.38,11.8,21.3,79.0
2026-03-24 12:45:44,RTM,Clear,0.28,7.61,0.2,27.1,42.3
2026-05-14 15:47:07,RTM,Clear,0.39,6.89,0.5,17.4,70.5
2026-04-18 06:46:43,RTM,Clear,0.14,8.65,0.9,44.5,54.9
2026-01-22 05:46:46,RTM,Clear,0.27,7.23,1.4,33.0,32.8
2026-04-05 22:15:02,RTM,Cloudy,0.16,8.17,0.8,16.5,61.4
2026-03-05 10:12:34,RTM,Clear,0.34,7.1,0.9,30.1,84.9
2026-06-14 17:00:10,RTM,Clear,0.16,8.62,0.9,31.3,60.9
2026-05-02 23:25:22,RTM,Clear,0.4,6.52,0.0,30.5,100.0
2026-05-16 06:03:34,RTM,Fog,0.64,3.72,0.4,39.7,47.6
2026-06-17 13:56:51,RTM,Clear,0.36,7.93,1.1,34.4,76.6
2026-05-29 13:08:34,RTM,Clear,0.18,7.81,1.1,27.4,40.5
2026-02-19 19:01:25,RTM,Clear,0.56,4.82,0.8,22.7,100.0
2026-06-09 14:06:31,RTM,Clear,0.43,5.83,0.5,29.1,86.2
2026-06-21 16:01:34,RTM,Fog,0.89,2.69,1.3,8.6,60.9
2026-04-14 16:59:08,RTM,Clear,0.22,7.79,1.3,23.4,50.2
2026-01-18 01:19:25,RTM,Cloudy,0.28,6.54,0.2,31.4,68.2
2026-03-25 02:11:27,RTM,Cloudy,0.34,7.53,1.5,36.4,78.7
2026-05-14 13:03:26,RTM,Clear,0.09,9.46,0.4,31.0,37.0
2026-01-19 20:13:56,RTM,Clear,0.2,7.94,0.3,19.6,100.0
2026-04-27 10:55:53,RTM,Cloudy,0.17,8.74,0.6,28.6,95.0
2026-04-13 05:19:40,RTM,Cloudy,0.11,10.31,1.1,28.2,61.0
2026-03-29 13:23:28,RTM,Clear,0.18,8.82,0.2,14.1,77.4
2026-04-20 22:05:59,RTM,Cloudy,0.6,4.55,0.8,22.4,55.2
2026-06-06 03:49:53,RTM,Cloudy,0.23,8.31,1.3,26.4,61.5
2026-06-17 17:45:25,RTM,Clear,0.66,4.61,1.3,20.2,76.0
2026-03-18 18:16:34,RTM,Clear,0.23,7.86,0.2,23.6,84.8
2026-01-21 02:52:08,RTM,Fog,0.45,6.13,1.3,19.6,88.6
2026-01-04 02:28:41,RTM,Cloudy,0.33,6.98,0.6,37.5,50.9
2026-04-09 00:26:49,RTM,Clear,0.52,5.58,0.8,26.4,79.7
2026-02-20 21:05:48,RTM,Cloudy,0.55,4.94,1.2,13.9,92.1
2026-06-02 10:46:41,RTM,Cloudy,0.25,8.85,0.9,24.4,71.1
2026-05-23 22:52:20,RTM,Clear,0.07,10.44,0.9,24.3,35.4
2026-02-27 11:52:17,RTM,Clear,0.37,6.56,1.2,22.7,93.9
2026-05-20 20:47:56,RTM,Cloudy,0.33,7.15,1.3,25.2,62.1
2026-02-09 15:03:09,RTM,Clear,0.49,5.94,0.1,27.0,68.1
2026-01-05 19:04:39,RTM,Fog,0.37,6.33,0.0,25.6,51.3
2026-01-03 16:06:17,RTM,Clear,0.26,7.99,1.1,12.6,39.9
2026-04-21 10:05:14,RTM,Clear,0.3,7.84,0.3,17.1,56.3
2026-03-09 00:19:07,RTM,Clear,0.19,7.77,0.4,22.1,99.2
2026-03-23 00:31:16,RTM,Rain,0.09,8.1,3.7,34.1,54.0
2026-01-31 23:36:40,RTM,Clear,0.12,8.94,1.1,32.2,62.6
2026-06-08 05:28:26,RTM,Clear,0.2,8.35,0.8,24.8,65.2
2026-01-28 05:45:45,RTM,Rain,0.08,8.37,5.7,26.2,64.2
2026-01-19 20:41:41,RTM,Clear,0.46,5.8,0.1,13.6,38.2
2026-01-30 09:48:32,RTM,Clear,0.16,9.0,1.5,14.6,46.8
2026-04-18 13:11:06,RTM,Clear,0.37,7.26,0.8,22.3,65.7
2026-06-22 03:52:10,RTM,Clear,0.2,8.71,0.5,32.2,58.1
2026-05-06 13:24:43,RTM,Clear,0.32,7.12,0.5,23.0,62.7
2026-06-10 04:51:30,RTM,Rain,0.04,7.88,17.9,38.5,40.7
2026-03-26 19:38:33,RTM,Clear,0.71,4.89,1.4,29.7,71.1
2026-04-11 10:29:56,RTM,Fog,0.52,6.21,1.1,25.8,84.4
2026-04-22 13:51:05,RTM,Cloudy,0.26,7.52,0.8,24.8,83.0
2026-01-31 16:24:40,RTM,Cloudy,0.33,7.95,0.2,24.9,91.4
2026-04-11 09:17:16,RTM,Clear,0.53,5.2,0.2,6.5,93.9
2026-06-25 13:31:06,RTM,Cloudy,0.39,7.49,0.9,22.9,65.5
2026-04-01 04:36:04,RTM,Rain,0.55,3.89,8.1,15.6,61.9
2026-03-22 03:56:15,RTM,Cloudy,0.38,6.95,1.2,1.7,49.8
2026-02-25 05:55:04,RTM,Rain,0.52,4.2,4.5,24.6,80.4
2026-06-25 07:53:29,RTM,Fog,1.0,1.51,0.3,30.0,39.1
2026-01-11 05:57:13,RTM,Clear,0.43,6.0,0.3,16.1,83.6
2026-04-28 14:34:39,RTM,Clear,0.35,6.53,0.8,20.3,80.3
2026-01-06 18:14:13,RTM,Fog,0.49,5.22,0.7,24.5,100.0
2026-05-05 11:34:00,RTM,Clear,0.36,7.32,1.3,30.2,62.5
2026-02-26 10:12:43,RTM,Clear,0.05,9.5,1.4,23.7,47.3
2026-02-11 00:31:32,RTM,Clear,0.1,8.46,0.3,25.4,62.4
2026-03-02 22:10:12,RTM,Rain,0.25,7.16,3.7,17.8,47.5
2026-01-28 08:25:22,RTM,Cloudy,0.49,5.9,1.0,8.4,95.5
2026-01-18 21:14:34,RTM,Cloudy,0.17,8.04,0.2,33.7,81.7
2026-05-07 22:34:01,RTM,Cloudy,0.56,5.25,0.5,13.7,61.5
2026-04-11 11:15:38,RTM,Clear,0.34,6.9,0.6,21.8,75.4
2026-01-19 14:13:44,RTM,Clear,0.07,9.33,0.8,13.9,83.7
2026-05-03 23:52:18,RTM,Clear,0.13,9.07,1.4,20.9,57.0
2026-05-23 01:02:16,RTM,Fog,0.94,1.96,0.1,21.4,35.3
2026-03-30 00:47:26,RTM,Cloudy,0.16,8.55,0.9,16.1,81.8
2026-05-29 10:03:17,RTM,Clear,0.28,7.89,1.4,26.4,87.9
2026-01-26 17:46:14,RTM,Clear,0.2,7.99,0.9,24.3,64.2
2026-01-15 02:39:29,RTM,Cloudy,0.13,8.68,1.0,36.1,69.4
2026-06-10 03:38:57,RTM,Clear,0.22,7.71,0.5,10.2,87.5
2026-05-01 18:12:17,RTM,Clear,0.32,7.72,0.2,27.2,68.6
2026-02-14 14:12:18,RTM,Clear,0.62,4.83,0.8,23.8,78.0
2026-04-15 07:51:28,RTM,Cloudy,0.14,9.11,1.2,23.2,76.6
2026-06-18 09:42:47,RTM,Clear,0.22,8.19,0.5,33.5,60.9
2026-04-22 23:00:29,RTM,Clear,0.33,6.72,0.9,25.0,73.4
2026-03-17 21:43:30,RTM,Clear,0.13,8.77,1.3,11.2,53.9
2026-04-22 09:49:31,RTM,Rain,0.13,7.64,4.6,12.8,45.0
2026-03-31 00:31:42,RTM,Clear,0.31,7.03,0.4,16.7,57.0
2026-03-07 20:43:19,RTM,Clear,0.4,6.2,0.2,24.7,66.9
2026-05-21 12:36:07,RTM,Clear,0.57,5.15,1.3,28.3,66.4
2026-04-30 07:28:03,RTM,Clear,0.14,8.45,1.5,38.8,68.0
2026-03-02 01:32:31,RTM,Clear,0.3,7.27,0.1,26.6,37.3
2026-06-03 14:59:34,RTM,Clear,0.28,7.16,0.5,18.3,62.5
2026-04-08 02:36:52,RTM,Rain,0.56,4.29,10.1,25.5,51.8
2026-05-09 12:42:52,RTM,Clear,0.33,6.83,0.2,36.0,99.9
2026-01-28 11:42:56,RTM,Clear,0.01,9.78,0.1,26.0,49.2
2026-06-26 22:34:24,RTM,Clear,0.44,5.69,1.0,17.6,67.3
2026-03-28 18:19:29,RTM,Rain,0.01,8.4,5.0,23.7,64.0
2026-06-15 04:59:07,RTM,Clear,0.57,5.74,0.9,36.4,56.0
2026-02-15 09:31:47,RTM,Rain,0.11,7.34,2.2,31.3,88.0
2026-05-15 20:43:49,RTM,Rain,0.32,6.2,23.0,9.2,49.7
2026-02-10 08:45:51,RTM,Clear,0.18,7.67,1.4,41.8,73.7
2026-04-01 12:43:28,RTM,Clear,0.26,7.33,0.0,23.6,50.6
2026-01-18 07:50:45,RTM,Fog,0.53,5.63,0.9,28.6,42.0
2026-06-13 15:35:20,RTM,Clear,0.38,6.86,1.0,20.6,83.6
2026-05-11 01:34:24,RTM,Fog,0.49,6.15,1.2,43.1,65.1
2026-01-15 08:42:44,RTM,Cloudy,0.13,8.76,1.3,17.3,73.4
2026-04-09 22:25:38,RTM,Clear,0.08,10.06,0.0,25.8,55.7
2026-05-24 20:59:52,RTM,Rain,0.3,6.32,7.9,27.7,76.4
2026-05-28 17:31:48,RTM,Cloudy,0.37,6.89,0.9,22.5,69.5
2026-03-30 01:03:06,RTM,Clear,0.2,8.5,1.3,25.1,74.4
2026-02-04 16:57:05,RTM,Clear,0.15,8.88,1.3,19.4,44.5
2026-05-08 19:06:28,RTM,Clear,0.17,8.79,0.8,29.1,53.3
2026-04-24 01:28:19,RTM,Clear,0.34,6.73,0.3,21.7,37.8
2026-05-30 19:31:49,RTM,Clear,0.5,6.36,1.1,17.8,39.6
2026-05-28 05:11:57,RTM,Clear,0.25,7.59,0.8,29.4,31.3
2026-06-15 10:03:36,RTM,Clear,0.18,8.61,1.4,21.7,56.9
2026-04-18 21:42:36,RTM,Clear,0.31,8.1,1.3,40.5,68.0
2026-03-31 15:04:26,RTM,Cloudy,0.43,7.12,1.3,28.6,74.0
2026-02-22 09:08:49,RTM,Rain,0.44,4.77,10.3,12.2,86.1
2026-04-13 22:52:27,RTM,Rain,0.32,6.47,17.1,25.7,54.9
2026-05-13 11:25:14,RTM,Clear,0.11,8.55,1.3,26.6,39.3
2026-05-04 09:30:41,RTM,Cloudy,0.12,9.52,1.4,24.8,53.7
2026-05-18 02:24:40,RTM,Clear,0.2,8.22,0.7,12.9,63.9
2026-06-29 03:35:19,RTM,Clear,0.27,7.78,0.7,36.1,61.4
2026-03-16 14:39:59,RTM,Clear,0.38,7.07,1.5,29.3,64.1
2026-02-08 01:21:53,RTM,Fog,0.47,5.93,1.4,25.6,87.8
2026-02-09 08:49:39,RTM,Clear,0.28,7.62,0.6,29.1,54.9
2026-04-12 07:05:51,RTM,Clear,0.36,6.95,0.5,25.1,52.3
2026-02-15 16:57:56,RTM,Clear,0.15,8.36,1.0,19.7,80.6
2026-01-02 16:42:45,RTM,Cloudy,0.25,8.26,0.8,28.2,91.4
2026-06-19 13:42:22,RTM,Cloudy,0.12,9.06,0.3,16.4,100.0
2026-02-02 15:54:13,RTM,Clear,0.38,5.76,0.4,34.8,70.1
2026-01-29 22:53:08,RTM,Clear,0.15,8.27,0.4,25.1,51.2
2026-02-20 14:43:29,RTM,Rain,0.08,8.66,20.0,14.6,58.5
2026-01-23 19:28:18,RTM,Clear,0.59,5.22,0.1,30.1,88.0
2026-06-23 16:39:55,RTM,Fog,0.73,4.48,1.5,25.1,68.4
2026-06-22 08:50:49,RTM,Rain,0.1,8.11,7.2,16.6,51.5
2026-04-29 02:03:23,RTM,Clear,0.49,5.4,0.4,15.9,61.5
2026-01-14 17:34:41,RTM,Cloudy,0.12,8.3,0.2,31.9,74.3
2026-03-20 01:34:32,RTM,Fog,0.48,5.67,1.0,26.0,78.2
2026-06-14 09:08:32,RTM,Rain,0.43,5.36,1.7,31.4,46.3
2026-05-02 08:24:11,RTM,Clear,0.14,8.63,1.4,28.5,51.1
2026-02-14 09:35:38,RTM,Rain,0.41,5.71,11.6,30.2,66.6
2026-02-05 18:05:59,RTM,Clear,0.12,8.45,0.8,29.6,64.8
2026-03-03 12:25:46,RTM,Clear,0.44,5.59,0.0,22.0,37.2
2026-04-17 23:23:21,RTM,Clear,0.49,4.84,0.6,40.6,87.1
2026-05-20 18:00:51,RTM,Clear,0.3,7.79,1.0,14.8,46.3
2026-05-01 13:52:29,RTM,Cloudy,0.29,7.93,1.2,34.1,100.0
2026-05-13 12:59:28,RTM,Rain,0.18,7.19,4.3,22.4,61.4
2026-03-29 06:20:53,RTM,Clear,0.54,5.86,1.1,27.3,92.5
2026-04-17 09:08:27,RTM,Cloudy,0.06,8.98,1.3,20.5,77.0
2026-03-30 06:24:13,RTM,Rain,0.11,8.72,3.6,12.0,85.8
2026-06-06 01:44:30,RTM,Rain,0.27,6.17,3.2,21.5,73.1
2026-05-17 06:59:32,RTM,Clear,0.34,7.11,1.1,25.7,81.7
2026-06-16 12:48:08,RTM,Cloudy,0.22,7.97,0.1,12.9,73.7
2026-05-01 16:46:15,RTM,Clear,0.32,7.08,1.1,32.2,56.0
2026-05-16 17:44:57,RTM,Clear,0.07,8.82,0.8,14.6,71.7
2026-06-12 00:01:06,RTM,Rain,0.49,6.02,9.3,16.2,89.3
2026-05-09 07:24:04,RTM,Clear,0.31,7.29,0.7,14.5,79.2
2026-05-21 07:59:35,RTM,Cloudy,0.14,8.95,0.7,18.6,78.7
2026-06-22 13:00:56,RTM,Cloudy,0.24,9.01,1.4,9.9,87.7
2026-01-08 17:21:38,RTM,Clear,0.35,7.03,1.3,25.8,37.9
2026-03-21 15:10:10,RTM,Cloudy,0.23,7.7,0.5,20.9,26.9
2026-05-06 12:37:21,RTM,Cloudy,0.36,6.7,0.5,16.6,100.0
2026-01-03 15:18:03,RTM,Clear,0.31,6.96,1.0,23.3,77.1
2026-06-10 01:23:21,RTM,Clear,0.13,9.8,1.4,7.3,48.4
2026-03-20 17:12:10,RTM,Cloudy,0.17,9.13,0.9,26.5,60.0
2026-06-04 00:23:44,RTM,Fog,0.59,4.83,0.4,25.8,85.4
2026-02-17 15:00:00,RTM,Fog,0.38,6.56,1.1,27.1,47.7
2026-03-19 11:56:03,RTM,Fog,0.67,4.09,1.1,20.7,84.9
2026-05-20 09:43:00,RTM,Clear,0.12,8.57,1.4,21.6,49.8
2026-02-08 22:25:35,RTM,Fog,0.6,5.41,0.2,17.4,100.0
2026-03-28 19:12:43,RTM,Fog,0.48,5.87,0.1,38.8,57.1
2026-05-17 16:56:14,RTM,Clear,0.48,5.85,0.6,37.8,100.0
2026-04-30 14:36:50,RTM,Rain,0.4,5.1,4.5,19.9,53.8
2026-02-18 07:41:26,RTM,Rain,0.23,7.38,7.6,19.6,86.9
2026-01-12 12:27:55,RTM,Clear,0.12,9.36,1.3,24.2,62.1
2026-05-01 08:42:32,RTM,Cloudy,0.37,6.77,1.5,21.1,78.8
2026-04-18 14:17:36,RTM,Clear,0.44,4.88,0.2,18.1,56.3
2026-05-04 00:24:03,RTM,Rain,0.26,6.78,9.3,28.9,68.0
2026-06-05 03:04:46,RTM,Clear,0.55,4.32,0.3,29.9,79.3
2026-06-25 14:17:51,RTM,Clear,0.17,8.34,1.5,20.9,48.3
2026-04-03 18:45:28,RTM,Fog,0.5,5.79,0.3,34.2,97.7
2026-05-29 13:39:38,RTM,Clear,0.48,5.32,0.7,24.0,73.1
2026-05-25 12:43:48,RTM,Clear,0.21,8.22,0.9,22.7,81.3
2026-01-09 10:44:33,RTM,Clear,0.29,7.49,0.5,27.5,90.2
2026-01-20 03:09:48,RTM,Fog,0.4,6.62,1.2,21.0,61.3
2026-01-22 02:46:09,RTM,Clear,0.44,6.28,0.1,27.9,70.4
2026-01-28 11:30:54,RTM,Rain,0.11,7.45,7.1,15.2,95.9
2026-04-02 19:37:01,RTM,Clear,0.42,6.12,1.5,28.1,84.6
2026-02-05 05:54:41,RTM,Clear,0.1,8.94,1.2,16.3,68.4
2026-01-27 15:05:36,RTM,Clear,0.18,7.9,1.0,18.8,60.2
2026-05-22 15:01:04,RTM,Cloudy,0.14,8.81,1.4,25.2,43.1
2026-01-14 10:17:23,RTM,Cloudy,0.16,8.35,0.3,36.1,59.7
2026-03-04 14:02:34,RTM,Clear,0.34,6.54,0.9,17.5,88.1
2026-03-18 23:53:56,RTM,Clear,0.46,5.73,0.1,24.1,71.5
2026-03-21 02:53:33,RTM,Clear,0.34,7.94,0.8,21.7,52.2
2026-05-27 17:34:53,RTM,Clear,0.02,9.78,1.1,19.6,55.3
2026-03-19 16:07:16,RTM,Rain,0.04,8.92,6.6,5.5,42.1
2026-05-14 04:11:07,RTM,Clear,0.36,6.86,0.9,18.3,52.9
2026-04-10 01:53:15,RTM,Fog,0.74,3.64,1.0,16.4,100.0
2026-06-14 23:10:35,RTM,Rain,0.25,6.4,5.5,14.1,100.0
2026-04-01 04:13:02,RTM,Cloudy,0.19,7.44,1.3,27.4,65.4
2026-03-04 06:28:36,RTM,Cloudy,0.06,9.43,1.0,17.3,32.7
2026-04-21 17:28:13,RTM,Rain,0.38,6.05,15.5,20.4,95.6
2026-03-11 15:08:12,RTM,Clear,0.55,5.14,1.5,14.7,74.2
2026-02-03 12:26:56,RTM,Cloudy,0.09,9.78,0.6,32.9,58.8
2026-04-14 22:08:03,RTM,Clear,0.42,6.07,0.6,29.1,66.8
2026-03-30 02:49:36,RTM,Clear,0.27,7.89,0.7,28.6,49.6
2026-02-12 18:31:27,RTM,Cloudy,0.27,7.01,0.4,17.5,59.3
2026-06-26 20:46:28,RTM,Clear,0.32,7.67,0.6,18.4,79.9
2026-03-19 13:33:51,RTM,Clear,0.14,8.67,0.8,15.6,63.4
2026-05-01 17:15:43,RTM,Clear,0.46,5.49,0.9,11.4,86.9
2026-03-11 10:27:37,RTM,Fog,0.91,2.43,0.3,30.7,75.6
2026-06-26 12:02:35,RTM,Fog,0.64,4.97,0.6,15.3,85.4
2026-05-13 13:14:41,RTM,Fog,0.6,5.51,0.1,12.3,91.2
2026-06-11 23:46:16,RTM,Fog,0.83,2.62,0.9,22.0,82.4
2026-05-29 17:24:23,RTM,Clear,0.52,5.35,1.1,33.1,49.1
2026-01-29 13:02:33,RTM,Clear,0.25,8.34,0.9,27.0,69.4
2026-01-17 05:19:00,RTM,Cloudy,0.24,8.33,1.1,35.3,42.1
2026-02-04 16:33:17,RTM,Clear,0.39,6.54,0.0,26.1,60.1
2026-06-13 18:01:26,RTM,Fog,0.67,4.13,0.4,18.6,68.5
2026-01-19 19:57:00,RTM,Clear,0.13,8.46,0.3,28.1,77.1
2026-05-27 06:53:13,RTM,Clear,0.12,8.98,0.6,23.8,78.0
2026-06-17 01:27:39,RTM,Clear,0.52,5.26,0.3,12.6,100.0
2026-01-24 03:55:56,RTM,Clear,0.31,7.62,1.4,28.0,58.6
2026-06-05 07:10:50,RTM,Rain,0.25,6.94,9.0,28.8,65.4
2026-01-01 13:37:51,RTM,Clear,0.15,8.91,0.7,24.8,88.7
2026-05-28 15:01:17,RTM,Clear,0.21,8.15,0.4,20.5,55.5
2026-02-28 22:36:24,RTM,Clear,0.11,9.4,0.3,30.3,58.8
2026-01-12 11:07:17,RTM,Clear,0.56,4.57,0.7,11.2,75.5
2026-03-31 04:23:11,RTM,Clear,0.37,6.35,0.6,31.6,53.1
2026-01-21 18:34:06,RTM,Clear,0.39,7.04,1.1,24.5,49.8
2026-01-29 05:22:06,RTM,Fog,0.55,5.44,1.4,32.5,66.6
2026-01-15 06:23:24,RTM,Fog,0.39,7.56,0.4,17.0,68.5
2026-01-10 05:18:14,RTM,Cloudy,0.27,7.49,0.3,26.1,36.7
2026-04-14 02:05:13,RTM,Clear,0.4,6.87,0.5,20.6,78.8
2026-06-11 20:02:29,RTM,Rain,0.18,7.75,2.5,10.8,40.6
2026-01-08 04:39:58,RTM,Fog,0.74,3.96,0.5,25.7,95.2
2026-03-19 22:36:37,RTM,Clear,0.57,4.56,0.6,11.9,68.0
2026-05-04 09:30:03,RTM,Clear,0.41,6.62,0.3,36.4,97.8
2026-02-28 15:48:11,RTM,Clear,0.48,6.37,1.2,30.8,53.2
2026-04-20 15:53:15,RTM,Clear,0.46,6.38,0.2,21.8,80.4
2026-04-23 18:04:05,RTM,Clear,0.12,8.79,0.0,17.2,70.9
2026-05-04 04:22:05,RTM,Rain,0.06,8.03,3.9,18.6,71.1
2026-02-23 03:03:08,RTM,Cloudy,0.25,7.27,0.0,31.0,76.7
2026-05-12 13:35:21,RTM,Clear,0.2,8.19,1.4,19.7,69.1
2026-02-27 13:01:39,RTM,Fog,0.42,6.5,0.1,22.0,81.8
2026-03-21 01:48:35,RTM,Fog,0.49,6.46,0.0,18.5,63.0
2026-01-23 07:41:26,RTM,Clear,0.08,9.08,0.7,34.2,31.0
2026-04-20 05:37:45,RTM,Clear,0.13,8.43,1.3,17.2,54.8
2026-03-18 16:09:59,RTM,Clear,0.45,5.57,1.0,10.2,66.5
2026-04-15 05:04:15,RTM,Clear,0.43,5.91,0.9,39.6,69.5
2026-04-02 04:42:04,RTM,Fog,0.5,5.64,1.2,8.6,60.4
2026-05-29 10:36:11,RTM,Clear,0.75,3.96,1.2,26.6,67.2
2026-03-03 13:11:07,RTM,Fog,0.85,2.12,1.1,28.5,79.7
2026-03-04 13:23:08,RTM,Clear,0.2,8.11,0.1,27.1,84.3
2026-01-01 12:30:40,RTM,Clear,0.67,5.54,0.0,18.8,47.1
2026-03-15 18:24:20,RTM,Fog,0.7,3.44,1.3,21.3,48.7
2026-02-10 17:25:37,RTM,Clear,0.1,9.42,0.7,15.7,74.3
2026-06-22 20:05:35,RTM,Clear,0.29,7.24,1.0,20.3,55.8
2026-01-21 13:31:04,RTM,Clear,0.13,8.91,1.2,29.7,88.3
2026-03-28 04:08:14,RTM,Clear,0.1,8.9,0.8,28.4,69.0
2026-04-19 14:37:42,RTM,Clear,0.58,4.79,1.3,24.5,32.4
2026-04-04 11:54:39,RTM,Rain,0.15,7.88,6.1,24.7,30.8
2026-02-26 07:40:36,RTM,Clear,0.23,8.44,0.8,24.4,47.2
2026-06-22 06:22:04,RTM,Cloudy,0.26,7.46,1.1,33.4,80.9
2026-03-19 04:53:59,RTM,Cloudy,0.63,4.6,0.5,34.4,82.5
2026-03-29 20:18:02,RTM,Clear,0.35,6.69,0.4,26.4,56.8
2026-04-25 10:18:41,RTM,Cloudy,0.54,5.79,0.4,20.1,80.5
2026-06-05 05:35:45,RTM,Clear,0.43,6.13,0.6,29.9,92.1
2026-06-12 22:10:10,RTM,Clear,0.14,9.28,1.0,25.8,56.7
2026-04-10 12:19:01,RTM,Fog,0.45,6.03,1.0,24.1,32.0
2026-04-12 14:54:01,RTM,Clear,0.41,6.71,1.1,25.7,77.9
2026-02-01 08:54:45,RTM,Clear,0.32,6.31,1.3,40.7,68.6
2026-03-30 07:36:44,RTM,Rain,0.06,9.47,9.6,37.5,69.8
2026-03-22 16:11:00,RTM,Clear,0.34,6.33,0.0,38.7,100.0
2026-02-14 11:24:50,RTM,Cloudy,0.28,7.74,1.0,21.9,54.3
2026-04-10 23:34:44,RTM,Fog,0.82,2.95,0.5,30.0,51.4
2026-06-26 18:25:19,RTM,Fog,0.59,4.75,0.7,25.1,74.7
2026-05-05 10:10:36,RTM,Fog,1.0,2.52,0.5,16.2,73.3
2026-01-07 07:23:15,RTM,Cloudy,0.23,8.1,1.1,17.8,93.0
2026-06-14 00:02:05,RTM,Cloudy,0.14,8.5,0.9,32.1,68.9
2026-06-12 06:46:15,RTM,Fog,0.82,2.93,1.3,1.7,44.0
2026-05-05 10:43:02,RTM,Clear,0.26,7.72,0.3,25.1,83.9
2026-02-04 02:05:39,RTM,Clear,0.11,9.1,1.1,35.3,67.0
2026-04-17 08:31:03,RTM,Clear,0.18,9.27,0.0,32.2,63.5
2026-06-02 09:25:51,RTM,Clear,0.31,7.95,0.4,25.4,47.5
2026-06-06 08:26:51,RTM,Clear,0.15,8.17,0.7,18.5,65.7
2026-05-16 01:22:32,RTM,Rain,0.35,5.7,7.5,35.8,57.8
2026-04-03 21:59:27,RTM,Fog,0.92,2.9,0.9,18.8,93.8
2026-03-03 02:14:00,RTM,Clear,0.17,8.62,1.3,18.4,72.6
2026-01-11 07:02:31,RTM,Cloudy,0.32,7.28,0.5,22.2,61.3
2026-04-04 03:24:53,RTM,Rain,0.17,7.0,11.7,33.8,75.4
2026-01-26 10:05:26,RTM,Cloudy,0.33,7.11,0.5,28.9,70.3
2026-05-28 17:26:24,RTM,Clear,0.04,9.92,0.3,13.2,59.8
2026-02-28 10:03:30,RTM,Rain,0.21,7.69,18.1,26.1,85.8
2026-02-01 01:33:09,RTM,Clear,0.33,7.01,1.0,26.3,41.7
2026-04-30 00:57:26,RTM,Clear,0.25,7.94,0.3,8.0,97.0
2026-04-03 21:43:41,RTM,Clear,0.06,9.03,0.2,29.0,63.5
2026-01-26 09:36:51,RTM,Clear,0.51,5.87,0.2,28.8,69.5
2026-03-07 01:55:52,RTM,Cloudy,0.24,7.83,0.1,13.2,98.5
2026-01-13 00:26:42,RTM,Cloudy,0.38,6.57,1.2,25.1,69.7
2026-02-04 20:42:22,RTM,Rain,0.34,5.81,2.1,43.0,48.8
2026-04-02 01:14:35,RTM,Clear,0.75,3.76,1.1,27.9,100.0
2026-05-01 23:24:07,RTM,Clear,0.09,9.75,1.4,8.3,63.0
2026-06-10 19:35:03,RTM,Cloudy,0.62,4.3,0.1,30.8,84.4
2026-01-29 03:08:23,RTM,Clear,0.25,8.94,0.8,19.0,100.0
2026-04-02 02:57:36,RTM,Fog,0.66,4.45,0.9,29.8,72.9
2026-01-09 14:20:33,RTM,Cloudy,0.2,7.76,0.3,25.5,60.2
2026-06-20 09:10:54,RTM,Clear,0.06,9.75,0.3,29.9,57.3
2026-06-27 02:48:47,RTM,Clear,0.25,8.15,0.7,20.2,86.6
2026-01-18 22:54:43,RTM,Clear,0.37,6.81,0.1,35.0,63.9
2026-06-22 05:14:24,RTM,Rain,0.5,4.72,5.9,27.3,82.9
2026-06-01 01:45:40,RTM,Clear,0.25,8.15,1.1,31.2,75.5
2026-05-14 16:07:57,RTM,Cloudy,0.49,6.24,0.2,17.8,57.3
2026-01-21 11:58:46,RTM,Clear,0.32,7.16,1.1,39.3,99.7
2026-03-11 09:26:23,RTM,Fog,0.85,2.84,1.4,25.8,100.0
2026-01-24 10:35:26,RTM,Clear,0.16,9.56,0.0,19.3,58.8
2026-02-17 23:42:52,RTM,Rain,0.13,7.8,2.9,6.5,61.4
2026-01-31 14:32:47,RTM,Cloudy,0.17,8.89,0.2,22.6,20.0
2026-03-02 21:08:48,RTM,Cloudy,0.2,7.93,0.0,19.6,96.3
2026-02-26 07:09:13,RTM,Clear,0.27,7.85,0.5,28.8,71.8
2026-06-11 15:08:36,RTM,Clear,0.16,8.79,0.3,8.0,92.8
2026-01-12 15:52:02,RTM,Clear,0.22,8.68,0.8,24.3,48.2
2026-05-15 08:14:48,RTM,Cloudy,0.37,7.36,0.9,30.0,45.6
2026-04-27 21:06:33,RTM,Cloudy,0.3,6.79,1.3,14.6,38.9
2026-03-04 06:20:13,RTM,Clear,0.23,7.84,0.5,12.5,83.8
2026-05-09 11:34:06,RTM,Fog,0.37,7.33,0.1,25.7,51.3
2026-04-20 02:34:30,RTM,Fog,0.46,6.58,1.1,34.6,50.2
2026-01-05 18:26:01,RTM,Clear,0.04,9.79,0.3,26.9,69.8
2026-02-01 08:55:22,RTM,Cloudy,0.33,7.07,1.3,19.0,59.3
2026-05-22 21:23:42,RTM,Clear,0.06,9.18,0.5,19.8,100.0
2026-04-27 07:46:57,RTM,Rain,0.23,6.92,6.8,24.3,89.8
2026-04-30 06:58:50,RTM,Fog,0.68,4.88,0.6,24.0,64.4
2026-01-01 06:45:01,RTM,Fog,0.56,5.12,1.0,17.0,66.9
2026-03-25 11:24:29,RTM,Rain,0.2,6.38,7.0,9.5,44.2
2026-05-27 07:13:40,RTM,Clear,0.19,8.21,0.1,15.0,63.5
2026-05-31 12:31:35,RTM,Clear,0.09,9.72,1.3,14.8,67.8
2026-03-25 15:03:51,RTM,Clear,0.26,6.87,0.7,10.8,44.3
2026-02-17 13:27:48,RTM,Clear,0.17,9.42,0.2,31.8,71.4
2026-01-01 07:03:35,RTM,Fog,0.54,4.77,0.2,16.5,38.9
2026-04-14 00:08:19,RTM,Clear,0.16,8.64,1.1,14.4,73.0
2026-01-22 10:31:04,RTM,Clear,0.19,8.02,0.4,20.2,72.3
2026-01-03 00:39:49,RTM,Rain,0.19,7.44,8.6,10.8,92.8
2026-04-23 10:20:23,RTM,Clear,0.26,7.74,0.5,17.2,68.2
2026-06-05 05:38:01,RTM,Clear,0.17,8.38,0.9,0.5,65.4
2026-05-05 03:20:05,RTM,Clear,0.22,7.68,0.9,19.0,75.4
2026-03-31 08:12:21,RTM,Rain,0.43,6.0,29.0,10.7,37.8
2026-01-19 13:14:08,RTM,Cloudy,0.52,6.22,0.8,7.8,92.0
2026-04-12 14:11:59,RTM,Clear,0.17,8.2,0.5,18.5,68.0
2026-03-03 14:16:24,RTM,Fog,0.41,6.26,0.4,35.4,44.2
2026-03-17 19:25:20,RTM,Cloudy,0.12,9.25,0.7,24.5,66.2
2026-01-25 18:58:05,RTM,Clear,0.12,8.39,0.9,37.5,48.2
2026-05-15 19:12:39,RTM,Clear,0.25,7.93,1.3,19.4,43.0
2026-04-02 04:10:28,RTM,Clear,0.52,5.95,0.6,20.7,63.0
2026-03-18 04:40:02,RTM,Cloudy,0.08,9.32,0.3,17.9,64.9
2026-03-29 19:00:05,RTM,Cloudy,0.31,7.3,1.0,23.7,100.0
2026-06-06 08:09:33,RTM,Clear,0.16,8.69,0.3,23.1,61.2
2026-03-07 18:52:56,RTM,Fog,0.44,5.09,0.4,22.4,60.6
2026-06-12 17:07:56,RTM,Clear,0.15,8.75,0.3,12.6,87.5
2026-05-16 01:20:42,RTM,Cloudy,0.27,7.61,0.9,30.5,71.8
2026-05-02 01:19:55,RTM,Rain,0.23,7.05,8.1,20.4,75.2
2026-01-26 20:07:38,RTM,Clear,0.14,8.54,0.6,9.4,70.2
2026-03-15 11:11:21,RTM,Clear,0.34,7.32,1.2,23.5,50.2
2026-06-13 12:23:59,RTM,Clear,0.14,8.62,1.2,21.6,86.6
2026-03-05 12:03:14,RTM,Cloudy,0.3,7.24,0.0,19.0,73.4
2026-06-17 03:22:18,RTM,Clear,0.37,6.74,0.9,22.3,64.1
2026-05-30 14:08:34,RTM,Rain,0.43,4.98,6.3,20.6,81.0
2026-01-08 03:58:12,RTM,Fog,0.62,4.57,0.9,32.7,66.6
2026-05-19 19:59:01,RTM,Fog,0.59,4.66,0.5,32.3,41.6
2026-05-29 01:55:01,RTM,Fog,0.64,3.51,0.7,19.1,81.0
2026-04-08 21:32:33,RTM,Fog,0.78,2.98,0.9,14.1,61.0
2026-01-08 13:33:02,RTM,Clear,0.08,8.7,1.1,28.4,32.9
2026-05-11 06:34:15,RTM,Rain,0.08,8.22,9.4,18.2,84.6
2026-02-20 22:35:45,RTM,Cloudy,0.01,9.32,0.5,37.6,50.0
2026-06-10 07:48:02,RTM,Clear,0.29,7.53,0.6,19.8,51.0
2026-05-12 06:30:25,RTM,Clear,0.21,8.19,0.1,27.8,44.1
2026-01-17 03:58:11,RTM,Clear,0.03,9.63,1.3,7.3,46.7
2026-03-08 01:04:46,RTM,Cloudy,0.53,5.24,1.2,38.5,77.2
2026-05-17 20:34:33,RTM,Rain,0.21,6.94,4.1,46.7,84.6
2026-06-05 08:41:43,RTM,Clear,0.31,7.02,0.7,21.9,40.5
2026-06-24 05:19:01,RTM,Cloudy,0.22,7.19,1.5,40.7,80.9
2026-04-21 00:25:57,RTM,Fog,0.65,4.53,0.7,14.9,65.4
2026-04-26 02:42:12,RTM,Rain,0.32,5.97,6.8,36.0,49.4
2026-06-16 10:09:34,RTM,Fog,0.67,3.47,0.9,21.5,94.0
2026-05-05 18:52:11,RTM,Cloudy,0.09,8.76,0.8,11.9,70.2
2026-05-09 21:40:57,RTM,Fog,0.6,5.17,0.2,14.4,75.6
2026-02-24 16:48:14,RTM,Cloudy,0.31,7.05,0.7,13.7,68.3
2026-04-14 06:21:49,RTM,Rain,0.2,7.68,20.8,32.9,72.2
2026-06-03 03:03:06,RTM,Clear,0.42,5.7,0.2,8.8,61.7
2026-06-23 20:55:34,RTM,Cloudy,0.14,8.17,0.1,31.2,74.9
2026-03-24 09:17:34,RTM,Clear,0.14,9.02,0.4,27.8,52.0
2026-05-09 21:51:59,RTM,Fog,0.96,1.26,1.3,22.5,67.9
2026-01-08 20:12:43,RTM,Fog,0.38,7.5,1.3,29.4,48.9
2026-06-15 13:17:35,RTM,Clear,0.17,7.83,0.7,32.7,23.8
2026-02-12 10:07:33,RTM,Rain,0.19,8.02,12.5,33.7,58.6
2026-02-23 11:09:22,RTM,Rain,0.59,3.55,6.3,18.5,82.4
2026-06-03 20:52:44,RTM,Cloudy,0.07,8.51,1.3,22.6,51.2
2026-04-25 15:55:05,RTM,Cloudy,0.12,9.12,1.0,15.0,68.8
2026-01-22 14:23:33,RTM,Rain,0.08,8.11,7.1,12.8,59.4
2026-04-06 09:06:24,RTM,Clear,0.2,7.97,0.6,22.2,97.5
2026-01-16 03:02:58,RTM,Clear,0.11,8.39,0.5,30.3,43.9
2026-05-24 02:29:50,RTM,Rain,0.28,6.74,18.6,39.8,86.1
2026-02-20 19:34:57,RTM,Rain,0.17,6.85,3.5,25.7,74.4
2026-06-20 12:45:51,RTM,Clear,0.22,8.41,0.6,19.4,56.5
2026-02-12 03:27:13,RTM,Fog,0.94,0.73,1.3,28.3,74.4
2026-03-21 03:39:44,RTM,Rain,0.17,7.0,2.7,26.7,38.9
2026-04-09 15:14:10,RTM,Clear,0.35,6.75,0.2,24.0,87.7
2026-04-08 18:21:30,RTM,Cloudy,0.13,10.04,0.2,22.8,77.0
2026-05-03 17:10:31,RTM,Clear,0.38,7.05,0.2,18.5,56.5
2026-03-01 05:26:37,RTM,Clear,0.16,9.33,1.3,33.1,76.3
2026-05-21 03:29:09,RTM,Cloudy,0.19,7.75,0.4,35.8,52.4
2026-05-19 11:50:12,RTM,Clear,0.09,9.71,0.5,23.6,67.2
2026-03-03 20:19:29,RTM,Fog,1.0,1.69,0.5,30.8,61.3
2026-05-31 11:13:33,RTM,Cloudy,0.43,6.22,1.4,51.4,72.7
2026-05-08 16:26:48,RTM,Cloudy,0.2,8.92,0.2,26.5,90.3
2026-06-28 16:27:50,RTM,Clear,0.38,7.03,0.7,24.5,70.2
2026-05-08 09:40:59,RTM,Clear,0.12,8.87,1.0,31.9,90.6
2026-02-10 22:23:23,RTM,Clear,0.27,7.42,0.2,42.6,89.5
2026-04-25 17:57:03,RTM,Clear,0.04,8.79,1.3,26.5,63.6
2026-01-20 17:17:59,RTM,Fog,0.56,4.82,0.9,35.5,66.1
2026-03-15 20:36:11,RTM,Rain,0.36,6.3,6.3,13.7,56.3
2026-03-27 01:42:59,RTM,Clear,0.27,7.99,1.1,21.7,50.9
2026-02-03 08:06:03,RTM,Fog,0.86,2.11,0.3,26.9,100.0
2026-06-04 21:33:25,RTM,Cloudy,0.36,6.92,0.3,25.6,70.0
2026-05-14 21:02:58,RTM,Fog,0.71,4.01,1.3,21.0,75.2
2026-01-09 13:18:50,RTM,Clear,0.29,7.97,0.5,30.5,54.5
2026-02-06 09:24:38,RTM,Clear,0.05,10.07,0.2,12.9,48.3
2026-02-05 21:13:30,RTM,Clear,0.27,7.97,1.1,38.9,32.6
2026-05-05 10:29:04,RTM,Fog,0.64,4.69,0.5,32.6,62.6
2026-04-05 06:57:51,RTM,Rain,0.06,9.25,14.3,28.1,57.8
2026-02-14 17:43:05,RTM,Cloudy,0.63,4.19,0.9,17.0,100.0
2026-05-29 15:08:51,RTM,Rain,0.14,7.61,10.0,29.0,28.4
2026-01-11 15:47:44,RTM,Fog,0.41,6.28,0.4,23.4,100.0
2026-01-19 06:25:43,RTM,Fog,0.78,3.33,0.3,16.1,74.0
2026-05-12 09:03:36,RTM,Clear,0.39,6.79,0.7,36.6,29.6
2026-05-28 03:05:43,RTM,Clear,0.14,7.96,1.3,19.6,74.3
2026-02-25 02:51:35,RTM,Clear,0.38,6.72,1.4,25.2,90.8
2026-03-15 05:54:29,RTM,Clear,0.25,8.41,0.5,25.2,83.8
2026-05-18 08:13:14,RTM,Cloudy,0.15,9.03,1.2,15.9,23.0
2026-06-02 16:25:24,RTM,Cloudy,0.14,9.03,0.2,7.2,55.5
2026-05-12 06:41:30,RTM,Cloudy,0.32,7.35,0.9,31.0,58.2
2026-04-19 10:00:58,RTM,Cloudy,0.11,8.6,0.1,25.8,28.9
2026-01-01 11:52:55,RTM,Clear,0.31,7.93,0.3,17.3,56.3
2026-06-18 16:41:39,RTM,Clear,0.23,7.43,0.9,21.4,79.9
2026-03-13 06:56:26,RTM,Clear,0.48,5.81,0.5,5.7,45.1
2026-03-09 18:49:02,RTM,Rain,0.16,7.54,5.4,27.8,56.4
2026-04-02 04:01:28,RTM,Clear,0.04,9.85,0.9,35.2,83.6
2026-04-01 04:03:53,RTM,Fog,0.48,6.34,1.2,22.8,55.3
2026-05-13 01:38:15,RTM,Rain,0.06,8.84,18.8,15.4,83.7
2026-05-07 22:11:10,RTM,Fog,0.39,6.53,0.2,16.6,82.5
2026-03-13 20:15:49,RTM,Clear,0.65,3.88,1.1,14.2,100.0
2026-01-08 18:09:04,RTM,Cloudy,0.59,5.77,0.7,17.8,72.6
2026-05-02 12:28:08,RTM,Rain,0.16,8.61,11.4,17.4,76.6
2026-04-05 10:55:20,RTM,Clear,0.1,9.01,0.8,16.6,57.3
2026-05-28 06:14:58,RTM,Cloudy,0.3,8.47,0.8,25.7,34.6
2026-04-07 22:38:33,RTM,Cloudy,0.06,9.22,1.5,26.6,64.2
2026-01-29 01:12:24,RTM,Clear,0.17,8.82,1.3,22.0,70.1
2026-04-28 20:44:52,RTM,Clear,0.34,6.77,0.4,13.2,71.6
2026-03-23 22:26:04,RTM,Clear,0.26,7.79,1.1,22.4,48.6
2026-01-04 16:48:45,RTM,Clear,0.29,7.13,0.2,31.4,65.2
2026-01-08 21:45:17,RTM,Clear,0.09,9.85,1.3,13.6,74.8
2026-01-16 03:10:53,RTM,Rain,0.17,7.53,9.4,7.4,78.0
2026-03-30 03:06:28,RTM,Clear,0.17,9.33,0.7,29.6,31.6
2026-02-08 08:36:20,RTM,Clear,0.29,8.14,0.9,33.1,61.3
2026-05-07 10:52:30,RTM,Clear,0.2,8.51,0.1,27.9,78.2
2026-02-07 13:16:06,RTM,Clear,0.56,5.17,0.5,20.2,64.8
2026-03-23 18:53:56,RTM,Fog,0.63,4.88,0.4,19.9,100.0
2026-02-14 09:58:36,RTM,Clear,0.14,8.78,1.1,32.8,66.2
2026-06-26 15:17:57,RTM,Fog,0.48,6.3,0.5,25.7,53.4
2026-03-18 04:00:46,RTM,Clear,0.04,9.39,1.1,4.9,98.6
2026-02-20 05:51:37,RTM,Clear,0.08,9.66,1.2,31.4,75.4
2026-05-24 01:02:41,RTM,Clear,0.16,8.31,0.6,17.6,62.2
2026-04-01 14:59:42,RTM,Clear,0.48,5.6,0.4,19.6,47.0
2026-03-23 09:50:24,RTM,Fog,0.67,4.22,0.6,20.1,65.2
2026-05-18 23:09:03,RTM,Cloudy,0.03,9.36,1.2,21.0,28.3
2026-02-17 17:10:47,RTM,Clear,0.2,8.1,0.8,17.7,87.8
2026-01-30 03:31:57,RTM,Clear,0.49,5.61,0.4,22.7,51.7
2026-04-29 05:10:12,RTM,Rain,0.29,6.28,11.4,21.6,76.4
2026-03-29 18:17:16,RTM,Fog,0.71,4.02,0.8,11.9,82.2
2026-02-03 14:35:16,RTM,Rain,0.45,5.74,3.7,30.5,83.7
2026-02-19 10:14:35,RTM,Rain,0.1,8.22,11.0,34.7,50.2
2026-03-07 07:06:32,RTM,Fog,0.66,5.19,0.8,16.6,53.8
2026-02-09 11:12:29,RTM,Clear,0.39,6.84,0.9,20.3,40.1
2026-02-10 07:29:34,RTM,Clear,0.07,9.41,1.0,24.0,46.2
2026-04-05 21:07:26,RTM,Rain,0.14,7.63,7.3,22.3,64.8
2026-03-10 11:34:40,RTM,Cloudy,0.39,5.82,0.3,20.3,53.1
2026-04-15 08:28:58,RTM,Clear,0.21,8.19,0.4,23.1,70.2
2026-05-31 04:52:23,RTM,Fog,0.4,6.17,0.3,21.3,64.5
2026-04-02 18:11:05,RTM,Fog,0.72,4.09,0.5,32.0,75.6
2026-02-14 11:54:43,RTM,Clear,0.09,8.92,0.1,37.5,63.8
2026-05-06 09:29:24,RTM,Clear,0.23,8.06,0.4,31.6,55.3
2026-03-18 02:02:55,RTM,Rain,0.12,7.76,5.2,20.1,73.5
2026-02-09 12:36:13,RTM,Fog,0.81,2.67,0.9,17.3,69.4
2026-03-19 22:25:57,RTM,Clear,0.43,6.07,0.5,18.1,98.1
2026-02-10 19:47:50,RTM,Rain,0.35,5.89,8.9,26.4,51.8
2026-02-21 19:22:31,RTM,Clear,0.43,6.45,0.7,28.9,52.9
2026-03-23 04:03:29,RTM,Clear,0.44,6.46,0.3,17.9,53.6
2026-05-04 21:11:24,RTM,Cloudy,0.22,7.32,1.1,28.7,59.1
2026-04-04 18:48:07,RTM,Rain,0.51,4.05,3.3,26.4,74.8
2026-01-30 03:59:46,RTM,Rain,0.4,5.42,10.6,20.5,74.5
2026-03-14 06:29:47,RTM,Clear,0.06,9.32,0.2,19.8,60.6
2026-03-04 12:53:53,RTM,Clear,0.28,6.63,0.4,30.1,59.5
2026-01-24 21:39:19,RTM,Clear,0.48,6.1,1.5,32.3,76.4
2026-04-02 18:19:15,RTM,Clear,0.49,5.99,0.5,37.2,92.2
2026-03-05 02:38:45,RTM,Clear,0.17,8.31,0.2,17.2,41.3
2026-04-19 21:20:57,RTM,Fog,0.54,5.4,0.5,17.3,86.8
2026-06-30 23:25:39,RTM,Clear,0.33,7.37,0.3,18.2,51.6
2026-06-17 07:11:14,RTM,Clear,0.05,10.08,1.1,23.4,51.6
2026-02-02 07:07:23,RTM,Cloudy,0.18,8.68,0.8,19.9,66.5
2026-06-09 06:08:46,RTM,Clear,0.59,5.02,0.8,19.8,57.4
2026-06-16 08:37:14,RTM,Rain,0.23,6.81,2.6,9.5,55.9
2026-04-30 14:04:09,RTM,Clear,0.13,9.06,0.2,35.6,73.0
2026-04-16 02:22:46,RTM,Fog,0.51,4.87,1.3,28.1,55.0
2026-06-06 02:48:52,RTM,Cloudy,0.16,8.51,0.9,26.7,66.1
2026-04-04 04:25:22,RTM,Clear,0.27,7.01,1.1,27.6,64.2
2026-03-09 08:42:34,RTM,Rain,0.61,3.98,9.5,14.0,67.3
2026-02-05 09:31:51,RTM,Clear,0.37,6.72,0.7,8.0,68.0
2026-01-16 21:38:54,RTM,Cloudy,0.39,7.23,0.1,17.9,75.6
2026-06-17 05:11:42,RTM,Cloudy,0.46,7.2,0.6,33.2,99.2
2026-01-13 06:27:33,RTM,Fog,0.72,4.11,1.5,15.2,61.3
2026-05-06 09:31:10,RTM,Cloudy,0.05,9.43,1.0,22.5,69.0
2026-04-28 14:58:42,RTM,Cloudy,0.5,5.23,1.0,10.5,78.0
2026-05-11 08:03:19,RTM,Clear,0.62,4.91,0.6,27.6,86.8
2026-03-06 21:55:58,RTM,Clear,0.48,6.08,0.7,26.9,85.3
2026-01-11 01:48:57,RTM,Clear,0.1,8.66,1.1,22.3,77.3
2026-06-13 19:31:47,RTM,Cloudy,0.21,8.18,0.8,29.4,74.6
2026-06-29 23:42:13,RTM,Clear,0.31,6.78,1.2,35.3,79.1
2026-04-29 11:02:51,RTM,Cloudy,0.33,7.09,1.2,36.5,80.5
2026-05-24 21:09:57,RTM,Clear,0.24,7.78,0.0,31.7,100.0
2026-03-29 09:12:58,RTM,Rain,0.27,6.46,1.7,16.4,60.2
2026-02-09 18:58:37,RTM,Clear,0.3,7.82,1.5,23.7,55.7
2026-06-09 03:33:53,RTM,Rain,0.25,6.74,9.7,32.0,28.7
2026-03-07 11:23:28,RTM,Clear,0.23,7.69,1.2,25.0,86.7
2026-06-30 11:58:29,RTM,Cloudy,0.28,8.11,0.9,32.0,79.6
2026-04-02 07:41:45,RTM,Clear,0.09,9.04,0.4,25.7,69.4
2026-06-20 19:26:39,RTM,Cloudy,0.56,4.85,1.3,26.2,86.6
2026-03-05 02:20:25,RTM,Rain,0.07,8.36,22.3,10.0,79.4
2026-05-29 07:17:58,RTM,Clear,0.15,8.41,1.1,16.7,73.8
2026-05-28 21:19:28,RTM,Cloudy,0.2,8.88,0.4,37.6,90.7
2026-06-15 14:04:16,RTM,Clear,0.06,9.59,0.2,32.6,43.0
2026-01-14 12:33:56,RTM,Clear,0.64,4.82,0.7,17.3,71.5
2026-03-13 03:35:57,RTM,Cloudy,0.46,6.08,0.9,44.6,66.7
2026-01-20 18:47:28,RTM,Rain,0.23,6.68,13.6,8.1,71.3
2026-06-19 06:13:09,RTM,Clear,0.15,8.4,0.1,20.5,48.7
2026-01-08 19:26:57,RTM,Rain,0.08,8.39,2.1,14.7,30.0
2026-06-16 05:13:53,RTM,Cloudy,0.12,9.12,0.1,30.3,62.1
2026-04-25 21:13:13,RTM,Clear,0.1,8.96,0.8,29.2,41.5
2026-06-11 23:22:02,RTM,Clear,0.25,8.21,0.9,16.8,54.7
2026-04-13 01:05:13,RTM,Clear,0.2,7.76,0.5,45.2,44.6
2026-02-06 08:03:20,RTM,Clear,0.18,8.65,0.7,33.8,25.8
2026-05-16 04:38:45,RTM,Cloudy,0.37,6.66,1.0,26.6,86.1
2026-02-18 09:28:14,RTM,Clear,0.06,10.08,1.3,25.1,52.4
2026-02-15 11:14:11,RTM,Clear,0.44,5.55,0.6,21.2,72.4
2026-01-06 04:59:37,RTM,Clear,0.26,6.91,0.6,10.8,47.3
2026-02-12 08:53:50,RTM,Rain,0.39,5.19,6.5,23.8,100.0
2026-01-19 21:12:31,RTM,Clear,0.2,8.54,0.5,23.0,63.3
2026-02-10 13:05:35,RTM,Cloudy,0.3,6.71,0.6,29.2,44.3
2026-06-19 10:31:04,RTM,Clear,0.12,9.21,0.3,23.0,67.4
2026-03-03 11:37:03,RTM,Clear,0.2,8.7,0.6,30.5,48.0
2026-06-01 02:17:47,RTM,Clear,0.17,8.68,0.0,11.9,46.6
2026-05-14 02:09:17,RTM,Fog,0.51,5.48,0.9,29.2,63.1
2026-06-08 21:37:20,RTM,Clear,0.17,8.36,0.8,24.3,72.0
2026-03-28 07:02:34,RTM,Cloudy,0.36,6.93,1.5,26.2,75.3
2026-05-27 08:07:20,RTM,Rain,0.21,6.62,17.2,14.5,99.3
2026-01-10 01:23:21,RTM,Clear,0.07,10.46,1.4,11.7,58.4
2026-04-30 11:30:34,RTM,Clear,0.2,8.73,1.3,19.2,24.1
2026-02-02 10:00:42,RTM,Cloudy,0.09,9.13,0.7,34.7,75.9
2026-03-08 14:42:47,RTM,Clear,0.1,9.42,0.2,24.7,56.3
2026-04-23 11:04:05,RTM,Clear,0.17,9.18,0.7,26.4,70.0
2026-05-27 20:07:19,RTM,Fog,0.6,4.61,0.6,30.7,100.0
2026-01-30 02:30:59,RTM,Fog,0.57,5.17,1.1,25.6,76.1
2026-04-14 15:07:58,RTM,Clear,0.12,8.86,1.5,3.5,60.2
2026-05-14 15:44:02,RTM,Clear,0.35,7.24,0.1,32.0,78.2
2026-05-25 03:53:13,RTM,Clear,0.34,7.06,0.1,26.6,83.1
2026-03-20 21:20:18,RTM,Cloudy,0.31,7.16,0.6,15.7,78.6
2026-05-03 14:11:32,RTM,Clear,0.17,8.22,1.2,6.6,65.1
2026-06-17 15:09:47,RTM,Clear,0.17,7.77,0.4,14.8,75.3
2026-05-17 11:53:11,RTM,Cloudy,0.03,9.74,1.2,27.5,64.4
2026-02-25 11:07:41,RTM,Clear,0.47,6.06,0.1,9.0,52.0
2026-05-16 12:02:08,RTM,Fog,0.71,4.39,0.4,21.8,65.0
2026-03-29 02:54:13,RTM,Clear,0.45,6.13,0.5,23.4,60.4
2026-01-11 05:04:10,RTM,Fog,0.44,6.79,0.4,22.7,63.1
2026-02-23 15:14:50,RTM,Clear,0.38,7.39,0.5,26.8,60.0
2026-03-04 14:05:16,RTM,Rain,0.54,3.84,29.0,27.0,48.7
2026-01-17 19:00:44,RTM,Clear,0.49,6.5,0.7,15.8,45.2
2026-05-08 08:37:05,RTM,Clear,0.64,4.88,0.9,25.5,65.1
2026-06-06 12:10:49,RTM,Clear,0.29,7.23,1.3,26.4,70.6
2026-05-16 17:17:18,RTM,Clear,0.49,5.49,0.2,26.8,55.1
2026-01-08 07:36:42,RTM,Fog,0.62,4.8,1.0,14.3,75.0
2026-06-23 11:28:13,RTM,Fog,0.79,3.65,0.1,14.8,83.7
2026-04-21 16:47:59,RTM,Clear,0.13,9.15,1.2,13.6,56.8
2026-04-23 13:45:36,RTM,Clear,0.49,6.34,1.3,33.8,56.8
2026-03-18 19:23:45,RTM,Cloudy,0.41,6.49,0.7,24.4,66.9
2026-04-26 21:28:43,RTM,Clear,0.31,7.22,1.3,20.5,56.8
2026-06-02 04:56:27,RTM,Clear,0.32,7.25,0.3,26.5,47.4
2026-06-01 18:37:43,RTM,Clear,0.26,7.06,1.4,35.1,71.6
2026-04-07 07:34:33,RTM,Fog,0.61,4.38,1.3,17.5,100.0
2026-04-29 08:10:34,RTM,Cloudy,0.3,7.69,0.4,29.5,53.6
2026-01-03 14:12:55,RTM,Fog,0.88,3.03,1.2,15.8,91.5
2026-05-26 13:19:38,RTM,Clear,0.21,7.8,1.3,28.2,28.3
2026-01-30 17:04:50,RTM,Rain,0.23,6.8,3.2,30.9,63.1
2026-01-08 21:48:52,RTM,Clear,0.15,7.5,1.3,30.4,55.6
2026-03-18 14:24:15,RTM,Cloudy,0.1,9.33,1.5,24.7,84.4
2026-02-14 18:03:40,RTM,Clear,0.3,7.78,1.3,17.1,61.6
2026-04-01 06:58:50,RTM,Clear,0.05,9.32,1.4,11.2,20.0
2026-05-24 12:47:18,RTM,Clear,0.36,7.12,0.1,11.3,60.3
2026-06-11 21:35:10,RTM,Clear,0.16,8.96,1.0,20.8,67.0
2026-01-03 08:10:45,RTM,Clear,0.24,7.75,0.4,18.5,88.0
2026-02-17 22:54:36,RTM,Cloudy,0.24,7.93,0.2,37.4,61.9
2026-03-11 00:35:07,RTM,Clear,0.3,8.08,0.5,18.8,79.6
2026-03-15 18:57:12,RTM,Clear,0.09,9.15,0.5,21.8,31.2
2026-03-03 12:30:41,RTM,Clear,0.19,8.36,1.3,19.1,61.5
2026-04-03 08:36:52,RTM,Clear,0.44,6.5,1.1,10.7,69.0
2026-04-25 20:48:22,RTM,Clear,0.37,7.09,0.9,23.6,67.0
2026-01-03 20:52:51,RTM,Clear,0.06,9.89,1.3,9.5,67.5
2026-05-11 16:35:32,RTM,Fog,0.39,7.03,0.2,31.2,54.5
2026-03-20 23:33:24,RTM,Clear,0.09,10.08,0.3,13.8,52.8
2026-01-07 10:56:00,RTM,Clear,0.37,7.16,0.1,19.3,46.7
2026-05-07 00:41:17,RTM,Clear,0.09,8.73,1.0,17.4,42.6
2026-01-20 05:57:39,RTM,Fog,0.84,2.72,1.0,27.7,64.6
2026-01-29 10:21:21,RTM,Clear,0.39,7.2,0.7,15.1,53.5
2026-03-30 04:12:49,RTM,Fog,0.65,4.27,0.5,27.1,67.5
2026-06-11 23:55:44,RTM,Clear,0.23,8.75,0.7,41.4,45.2
2026-04-25 16:03:45,RTM,Clear,0.46,5.69,0.4,23.9,76.3
2026-03-27 13:17:14,RTM,Rain,0.3,6.19,16.9,20.9,69.4
2026-05-10 13:20:36,RTM,Fog,0.5,5.99,0.8,22.5,100.0
2026-04-29 20:08:36,RTM,Rain,0.49,4.26,3.5,21.9,74.9
2026-04-21 06:09:06,RTM,Clear,0.07,8.99,0.4,22.6,69.6
2026-01-31 12:29:34,RTM,Rain,0.35,6.22,1.8,35.0,52.9
2026-02-08 08:34:48,RTM,Fog,0.6,5.35,0.4,31.0,100.0
2026-03-13 13:32:18,RTM,Cloudy,0.21,8.67,1.0,22.7,49.5
2026-04-11 09:36:41,RTM,Fog,0.52,5.97,1.1,30.1,79.5
2026-05-21 23:40:00,RTM,Clear,0.17,8.83,0.7,21.2,67.0
2026-01-08 19:02:58,RTM,Clear,0.1,9.27,1.4,23.1,72.3
2026-05-05 06:11:23,RTM,Clear,0.08,9.27,0.9,26.5,72.5
2026-03-25 15:34:55,RTM,Fog,0.5,5.34,1.1,25.9,58.5
2026-01-09 20:09:53,RTM,Clear,0.09,8.68,0.8,17.8,66.1
2026-02-14 00:05:07,RTM,Clear,0.45,5.74,0.8,20.9,73.3
2026-05-13 12:11:02,RTM,Cloudy,0.21,9.47,0.5,34.9,56.3
2026-01-04 21:02:24,RTM,Rain,0.13,7.66,11.7,24.0,66.9
2026-04-26 08:19:49,RTM,Clear,0.24,8.72,0.2,23.1,100.0
2026-05-13 01:40:39,RTM,Clear,0.19,8.76,0.4,45.0,68.5
2026-05-08 20:48:21,RTM,Cloudy,0.2,8.05,0.7,25.0,77.3
2026-05-23 14:27:48,RTM,Clear,0.29,7.09,0.0,9.7,46.2
2026-06-21 19:11:56,RTM,Clear,0.06,9.57,0.6,29.4,62.7
2026-03-18 02:55:53,RTM,Clear,0.27,6.88,0.5,11.0,47.1
2026-05-18 02:00:05,RTM,Fog,0.64,4.75,1.2,24.3,95.1
2026-06-29 14:28:21,RTM,Clear,0.28,7.81,0.7,28.4,60.9
2026-06-28 15:42:00,RTM,Fog,0.53,5.48,1.5,22.6,46.2
2026-02-18 08:26:51,RTM,Fog,1.0,1.85,1.1,30.8,65.2
2026-03-27 21:06:39,RTM,Clear,0.3,7.5,0.7,27.0,74.3
2026-03-21 08:32:51,RTM,Clear,0.13,8.8,1.2,24.4,54.8
2026-04-20 14:31:18,RTM,Clear,0.46,5.93,1.5,21.6,42.2
2026-02-22 21:32:38,RTM,Clear,0.37,6.78,0.0,24.0,55.9
2026-02-07 16:46:52,RTM,Clear,0.33,7.06,0.8,12.5,73.3
2026-02-16 23:47:04,RTM,Fog,0.7,4.0,1.3,30.1,93.7
2026-05-21 13:57:20,RTM,Cloudy,0.19,8.45,1.4,36.5,46.9
2026-02-05 20:40:22,RTM,Clear,0.35,6.89,1.5,38.6,62.4
2026-06-08 16:28:11,RTM,Clear,0.3,7.58,1.4,16.1,61.2
2026-06-08 14:49:01,RTM,Clear,0.51,5.17,0.0,23.4,85.1
2026-02-15 03:18:40,RTM,Clear,0.27,7.17,0.1,24.0,42.4
2026-02-25 18:16:59,RTM,Clear,0.19,8.95,0.3,25.8,70.4
2026-04-02 01:41:07,RTM,Clear,0.41,6.29,1.2,26.8,88.8
2026-06-12 17:06:06,RTM,Clear,0.33,6.93,0.4,17.3,68.9
2026-02-25 09:43:49,RTM,Clear,0.18,8.43,0.3,23.6,52.5
2026-03-12 20:58:49,RTM,Cloudy,0.52,6.07,1.0,25.2,93.6
2026-02-14 02:26:14,RTM,Rain,0.13,7.41,3.9,15.4,74.1
2026-04-07 13:01:44,RTM,Cloudy,0.25,7.67,0.1,35.9,100.0
2026-01-16 16:54:49,RTM,Cloudy,0.07,9.78,1.3,19.5,38.9
2026-06-11 03:13:30,RTM,Clear,0.17,8.6,0.6,18.8,79.8
2026-04-07 00:16:39,RTM,Clear,0.04,9.8,0.2,9.8,52.1
2026-02-28 14:03:39,RTM,Cloudy,0.09,10.09,0.0,25.0,46.9
2026-01-28 00:37:11,RTM,Fog,0.74,3.18,1.2,21.6,74.6
2026-04-20 17:18:23,RTM,Fog,0.54,6.02,0.9,31.7,65.6
2026-02-16 11:02:34,RTM,Rain,0.56,3.77,18.4,36.2,73.1
2026-03-15 23:48:34,RTM,Clear,0.26,8.47,0.6,18.8,74.0
2026-06-19 03:44:03,RTM,Rain,0.44,5.09,25.3,32.3,66.8
2026-05-12 07:04:17,RTM,Rain,0.29,6.81,6.1,24.2,45.6
2026-05-15 22:41:40,RTM,Clear,0.57,4.56,0.9,25.8,74.2
2026-04-06 11:00:42,RTM,Cloudy,0.11,9.99,0.6,17.3,58.7
2026-04-28 00:23:49,RTM,Clear,0.75,3.81,0.9,31.6,97.4
2026-06-17 06:15:38,RTM,Clear,0.35,7.86,0.6,17.7,85.5
2026-03-12 06:53:43,RTM,Clear,0.49,6.07,1.1,22.4,67.5
2026-01-16 09:20:04,RTM,Cloudy,0.53,5.73,0.8,14.6,49.8
2026-02-04 13:57:08,RTM,Cloudy,0.29,7.4,1.0,24.0,76.2
2026-03-29 10:16:05,RTM,Clear,0.13,8.92,0.2,27.9,65.9
2026-01-22 05:09:25,RTM,Rain,0.31,6.01,2.2,22.9,60.2
2026-06-11 02:14:59,RTM,Clear,0.16,8.69,0.6,22.8,50.9
2026-01-29 13:27:19,RTM,Cloudy,0.18,8.11,1.0,16.7,60.8
2026-03-17 02:14:20,RTM,Cloudy,0.34,7.57,0.9,12.0,56.9
2026-05-12 23:08:15,RTM,Clear,0.2,7.98,0.5,19.1,83.1
2026-03-03 03:35:54,RTM,Rain,0.22,6.79,2.2,30.7,91.5
2026-02-22 00:57:22,RTM,Cloudy,0.4,7.65,1.5,16.5,60.5
2026-05-30 09:49:50,RTM,Clear,0.5,6.73,1.4,36.3,42.2
2026-06-22 15:31:01,RTM,Clear,0.38,6.83,0.5,34.4,63.5
2026-03-05 15:06:17,RTM,Clear,0.45,6.57,0.0,37.7,70.2
2026-05-05 09:08:53,RTM,Clear,0.53,5.22,1.3,26.5,68.9
2026-05-18 20:34:59,RTM,Fog,0.41,7.36,1.4,16.0,79.6
2026-06-30 22:43:19,RTM,Clear,0.26,7.75,0.8,26.8,65.8
2026-05-12 04:04:03,RTM,Clear,0.4,7.08,0.7,12.2,77.4
2026-04-27 03:11:17,RTM,Clear,0.13,9.41,1.3,34.0,33.1
2026-04-24 13:49:10,RTM,Clear,0.29,7.67,0.6,13.5,96.3
2026-02-20 17:00:16,RTM,Cloudy,0.15,8.29,0.8,23.2,38.3
2026-04-03 07:26:58,RTM,Cloudy,0.1,8.97,1.5,32.3,68.5
2026-05-14 12:34:16,RTM,Fog,0.98,1.01,0.0,17.7,88.7
2026-02-13 04:14:23,RTM,Clear,0.17,8.47,1.0,10.0,49.4
2026-05-01 18:17:20,RTM,Clear,0.25,6.87,1.1,33.6,80.8
2026-05-02 00:18:16,RTM,Rain,0.43,5.13,6.0,22.3,83.7
2026-06-19 12:25:24,RTM,Cloudy,0.57,4.96,0.5,20.7,62.6
2026-03-08 04:40:58,RTM,Clear,0.11,9.13,0.1,31.5,84.3
2026-02-19 07:51:31,RTM,Clear,0.3,6.95,1.2,26.6,61.7
2026-03-10 19:41:12,RTM,Cloudy,0.08,8.99,1.3,24.7,85.7
2026-06-09 03:35:08,RTM,Clear,0.19,8.58,0.7,29.1,81.9
2026-03-06 12:39:33,RTM,Clear,0.22,8.12,0.6,24.6,69.1
2026-01-07 13:04:35,RTM,Clear,0.19,8.56,0.6,19.6,60.9
2026-05-20 14:46:29,RTM,Rain,0.23,7.35,7.1,20.3,42.6
2026-01-12 12:49:05,RTM,Fog,0.67,4.01,1.0,26.4,72.7
2026-03-11 01:54:31,RTM,Clear,0.4,5.89,1.3,26.8,94.4
2026-01-14 12:50:12,RTM,Clear,0.12,8.6,1.0,32.0,60.6
2026-04-12 17:52:05,RTM,Cloudy,0.52,5.06,0.3,24.1,78.0
2026-05-22 13:55:35,RTM,Clear,0.1,9.37,0.2,18.5,20.5
2026-03-01 17:12:00,RTM,Clear,0.28,9.3,0.7,40.1,61.6
2026-03-16 15:55:04,RTM,Clear,0.13,9.17,1.3,43.8,27.0
2026-02-26 09:53:56,RTM,Clear,0.09,9.18,1.2,25.1,62.7
2026-05-16 21:26:50,RTM,Clear,0.22,8.6,1.1,11.5,35.3
2026-05-10 12:54:06,RTM,Clear,0.14,9.29,0.5,27.0,55.6
2026-02-12 22:03:57,RTM,Rain,0.19,7.18,8.7,31.1,42.8
2026-04-26 08:30:17,RTM,Cloudy,0.31,7.45,0.2,16.7,41.2
2026-03-07 19:55:13,RTM,Clear,0.42,7.16,1.2,30.5,88.1
2026-06-26 16:02:16,RTM,Clear,0.29,7.86,0.5,32.0,54.6
2026-04-17 12:11:00,RTM,Clear,0.05,8.84,0.7,21.3,65.5
2026-04-13 23:46:49,RTM,Clear,0.31,6.81,1.4,31.6,51.6
2026-01-23 12:09:30,RTM,Clear,0.12,8.53,1.2,23.7,64.7
2026-04-01 22:49:56,RTM,Clear,0.17,7.95,0.5,36.7,66.4
2026-06-20 11:15:37,RTM,Clear,0.2,8.55,1.3,34.9,52.9
2026-03-09 07:28:24,RTM,Rain,0.34,5.24,1.1,20.9,73.7
2026-03-14 11:16:11,RTM,Clear,0.31,7.1,1.2,35.1,61.8
2026-04-01 03:50:41,RTM,Clear,0.63,3.95,1.3,32.8,70.0
2026-03-03 16:03:14,RTM,Clear,0.18,8.71,0.3,22.7,42.8
2026-06-20 17:17:52,RTM,Cloudy,0.21,7.84,1.0,6.3,81.1
2026-02-05 10:51:45,RTM,Rain,0.43,5.25,22.4,25.6,55.2
2026-01-07 08:57:41,RTM,Clear,0.55,5.45,0.5,27.1,57.7
2026-04-20 08:27:38,RTM,Rain,0.37,4.87,1.9,22.0,73.1
2026-03-02 04:41:38,RTM,Fog,0.51,6.2,0.2,23.9,78.4
2026-01-21 10:52:13,RTM,Fog,0.49,5.73,1.2,23.3,100.0
2026-05-18 08:15:22,RTM,Clear,0.16,8.82,1.2,25.4,58.8
2026-04-22 04:29:22,RTM,Fog,0.62,4.96,0.6,28.4,100.0
2026-04-12 16:32:18,RTM,Clear,0.64,4.98,0.9,22.0,69.2
2026-01-28 17:28:39,RTM,Cloudy,0.34,7.09,0.4,15.2,70.3
2026-03-21 14:27:14,RTM,Clear,0.11,8.63,0.5,24.9,32.4
2026-02-24 12:21:26,RTM,Clear,0.38,6.8,0.5,21.6,64.5
2026-04-11 08:00:06,RTM,Clear,0.15,8.99,0.7,20.1,70.6
2026-04-17 23:53:04,RTM,Clear,0.37,6.04,0.6,30.6,28.8
2026-04-13 11:33:01,RTM,Clear,0.37,6.63,0.1,36.3,90.8
2026-01-04 05:57:37,RTM,Cloudy,0.01,10.49,0.5,23.6,84.2
2026-02-22 21:51:46,RTM,Clear,0.44,5.52,0.5,22.6,68.0
2026-02-09 04:50:05,RTM,Clear,0.52,5.74,0.4,17.5,89.2
2026-03-13 14:03:57,RTM,Cloudy,0.33,7.29,0.8,24.3,100.0
2026-01-04 09:57:53,RTM,Clear,0.18,9.39,1.2,12.8,73.4
2026-02-18 10:53:34,RTM,Clear,0.55,5.46,0.4,23.9,41.9
2026-03-23 22:26:30,RTM,Clear,0.35,6.83,1.0,20.9,85.6
2026-03-04 01:52:00,RTM,Cloudy,0.55,6.12,0.3,20.7,86.9
2026-01-27 01:15:45,RTM,Clear,0.15,8.66,0.5,26.6,63.0
2026-02-27 05:28:14,RTM,Clear,0.32,8.04,0.6,34.6,76.7
2026-05-17 01:39:11,RTM,Clear,0.66,4.76,0.1,13.6,57.8
2026-03-29 23:01:16,RTM,Rain,0.1,7.71,0.7,22.9,65.8
2026-01-03 12:39:51,RTM,Rain,0.33,6.01,5.1,15.9,20.0
2026-04-11 14:26:08,RTM,Cloudy,0.61,3.8,1.3,33.1,91.0
2026-02-17 12:05:42,RTM,Cloudy,0.31,7.14,0.8,16.0,67.8
2026-02-09 07:35:02,RTM,Clear,0.17,8.65,0.3,23.9,65.0
2026-03-10 11:06:29,RTM,Rain,0.18,6.95,14.0,24.2,54.8
2026-04-19 16:26:25,RTM,Rain,0.25,6.57,10.6,25.1,84.3
2026-05-22 03:40:12,RTM,Clear,0.27,7.61,0.8,20.1,58.3
2026-06-23 15:08:40,RTM,Cloudy,0.47,6.15,1.3,40.7,62.1
2026-05-26 12:16:41,RTM,Clear,0.08,10.23,0.8,35.2,80.2
2026-05-06 08:47:42,RTM,Cloudy,0.27,8.55,1.0,27.3,81.4
2026-03-23 19:35:14,RTM,Clear,0.31,7.64,1.2,31.7,69.7
2026-05-29 20:00:57,RTM,Clear,0.4,6.65,0.9,17.6,69.8
2026-05-27 13:41:57,RTM,Clear,0.25,8.18,0.7,17.4,61.6
2026-01-13 05:17:36,RTM,Fog,0.64,5.1,1.2,32.9,66.0
2026-04-07 20:21:34,RTM,Fog,0.53,5.49,1.5,21.6,76.8
2026-03-22 05:02:07,RTM,Rain,0.13,8.04,0.6,20.3,72.8
2026-01-21 01:18:02,RTM,Clear,0.15,8.85,0.8,11.6,100.0
2026-01-18 10:24:03,RTM,Clear,0.17,8.56,0.0,25.4,50.3
2026-04-03 01:36:27,RTM,Cloudy,0.12,9.87,1.0,27.3,64.1
2026-04-27 14:55:58,RTM,Cloudy,0.4,6.31,0.7,27.6,89.4
2026-01-24 22:38:36,RTM,Fog,0.74,3.78,0.8,24.4,69.4
2026-03-15 11:14:58,RTM,Clear,0.46,6.01,1.0,25.8,55.9
2026-05-06 23:41:38,RTM,Clear,0.12,8.97,1.4,16.5,83.3
2026-04-26 01:34:12,RTM,Fog,0.49,5.92,0.7,22.9,50.9
2026-05-06 01:05:53,RTM,Clear,0.57,4.81,0.7,26.2,72.2
2026-02-02 22:56:07,RTM,Clear,0.1,9.33,0.3,36.1,64.8
2026-02-11 20:28:55,RTM,Clear,0.16,8.87,0.3,25.5,53.4
2026-06-22 03:47:15,RTM,Rain,0.25,7.23,5.6,20.6,51.6
2026-03-04 05:29:33,RTM,Rain,0.09,8.53,15.3,21.5,73.3
2026-03-05 11:04:45,RTM,Rain,0.19,7.31,14.3,39.0,71.9
2026-05-19 14:22:20,RTM,Rain,0.4,5.45,11.2,7.4,60.8
2026-06-02 12:15:26,RTM,Fog,0.45,6.68,0.1,29.6,66.4
2026-03-11 21:57:16,RTM,Fog,0.65,5.24,0.1,33.1,79.3
2026-02-08 04:13:32,RTM,Clear,0.33,8.04,0.8,18.0,39.6
2026-06-30 18:24:44,RTM,Rain,0.27,6.05,7.3,17.3,53.9
2026-01-16 08:32:41,RTM,Clear,0.46,6.38,1.5,30.0,63.3
2026-02-14 15:54:33,RTM,Cloudy,0.65,3.96,1.2,12.5,34.5
2026-02-12 10:44:46,RTM,Clear,0.39,6.58,1.1,15.1,83.2
2026-01-16 03:16:17,RTM,Clear,0.12,9.07,0.3,36.3,83.3
2026-05-07 19:47:22,RTM,Rain,0.09,8.14,4.9,21.6,59.0
2026-03-22 02:18:41,RTM,Clear,0.44,6.69,0.5,26.2,67.5
2026-03-11 11:08:56,RTM,Cloudy,0.11,9.72,0.9,23.7,92.5
2026-05-28 22:41:36,RTM,Rain,0.41,5.15,9.2,19.0,100.0
2026-04-27 07:45:59,RTM,Clear,0.24,8.16,0.9,9.9,62.3
2026-03-21 12:09:08,RTM,Clear,0.73,3.37,0.7,33.7,79.5
2026-01-27 23:36:19,RTM,Clear,0.16,8.85,0.4,24.3,47.6
2026-05-04 01:59:01,RTM,Rain,0.18,6.82,8.1,22.6,57.9
2026-06-08 15:04:11,RTM,Clear,0.17,8.31,0.4,27.5,78.6
2026-01-06 02:04:12,RTM,Cloudy,0.73,3.5,0.1,37.1,93.3
2026-05-03 09:50:10,RTM,Cloudy,0.01,10.22,0.6,22.8,73.4
2026-06-12 14:53:13,RTM,Rain,0.04,8.9,12.8,25.1,64.6
2026-01-29 03:22:49,RTM,Cloudy,0.82,3.05,1.0,19.4,77.4
2026-02-20 02:15:09,RTM,Clear,0.15,9.29,0.8,2.3,46.9
2026-04-29 21:11:00,RTM,Cloudy,0.1,9.08,1.0,26.0,82.7
2026-03-03 10:35:07,RTM,Clear,0.35,7.55,0.2,22.1,49.1
2026-04-11 16:35:00,RTM,Cloudy,0.15,9.13,0.5,26.7,76.4
2026-01-24 09:33:00,RTM,Rain,0.17,7.81,3.8,27.6,79.3
2026-02-28 01:37:18,RTM,Clear,0.17,8.56,1.1,22.9,85.0
2026-01-23 09:03:53,RTM,Clear,0.28,7.49,0.7,15.1,78.7
2026-05-03 20:38:38,RTM,Clear,0.19,8.32,1.0,23.5,36.6
2026-03-30 00:18:44,RTM,Fog,0.86,2.72,0.8,19.8,56.8
2026-01-15 14:46:38,RTM,Clear,0.46,6.7,0.9,22.5,76.0
2026-06-14 18:39:13,RTM,Clear,0.27,7.53,0.2,16.4,96.8
2026-06-11 10:54:09,RTM,Clear,0.3,7.71,0.3,41.8,70.1
2026-05-10 10:36:51,RTM,Clear,0.25,8.26,1.3,19.5,49.9
2026-05-02 19:18:07,RTM,Clear,0.57,4.62,0.6,10.4,74.0
2026-06-08 14:04:08,RTM,Clear,0.23,7.56,0.5,23.9,59.1
2026-04-24 01:29:39,RTM,Rain,0.44,5.01,7.9,21.6,49.6
2026-06-24 02:04:07,RTM,Cloudy,0.47,6.03,0.2,29.3,72.8
2026-05-27 05:01:36,RTM,Cloudy,0.34,6.76,1.0,17.1,46.5
2026-03-07 05:57:11,RTM,Clear,0.49,5.41,0.5,31.5,74.3
2026-02-05 21:41:53,RTM,Cloudy,0.35,6.84,1.2,22.5,55.3
2026-02-12 22:47:27,RTM,Clear,0.42,6.0,0.5,18.4,75.1
2026-01-14 14:30:10,RTM,Rain,0.33,5.83,17.5,22.4,82.8
2026-01-24 19:53:39,RTM,Cloudy,0.19,8.48,0.8,41.1,57.9
2026-03-20 18:45:07,RTM,Clear,0.3,7.97,1.0,21.6,71.8
2026-01-04 03:27:08,RTM,Clear,0.28,7.58,0.8,30.4,99.1
2026-05-06 08:15:45,RTM,Clear,0.49,5.71,1.0,16.5,92.0
2026-02-09 16:51:03,RTM,Clear,0.15,8.45,0.9,18.3,45.2
2026-02-07 15:27:44,RTM,Clear,0.12,9.08,1.1,14.5,30.3
2026-02-05 05:51:23,RTM,Clear,0.21,8.54,0.0,15.8,86.3
2026-06-05 11:31:12,RTM,Clear,0.24,8.04,1.1,20.3,52.1
2026-01-18 06:46:13,RTM,Clear,0.34,7.47,0.6,23.6,77.8
2026-02-07 20:58:26,RTM,Fog,0.62,4.58,0.4,21.0,69.6
2026-06-14 20:49:19,RTM,Fog,0.7,3.87,0.7,27.6,87.4
2026-04-16 04:32:52,RTM,Clear,0.22,7.29,1.3,19.6,37.3
2026-03-24 00:28:11,RTM,Clear,0.34,6.62,0.1,18.2,58.4
2026-06-28 10:06:33,RTM,Cloudy,0.43,6.67,0.2,17.0,70.5
2026-06-24 04:27:35,RTM,Fog,0.57,5.29,0.4,28.2,74.5
2026-05-30 02:55:32,RTM,Cloudy,0.24,8.21,0.2,35.4,69.7
2026-04-21 18:18:44,RTM,Clear,0.24,8.06,0.5,29.8,64.5
2026-02-07 13:28:59,RTM,Clear,0.04,10.22,0.9,15.2,91.4
2026-06-17 04:58:19,RTM,Clear,0.17,7.98,0.4,33.2,59.9
2026-01-28 06:26:26,RTM,Clear,0.19,7.91,0.3,27.2,59.1
2026-01-06 09:40:38,RTM,Clear,0.08,9.42,0.1,38.0,64.5
2026-06-28 04:58:19,RTM,Clear,0.08,8.81,0.7,14.1,68.5
2026-04-24 12:06:56,RTM,Clear,0.31,7.13,1.3,18.6,37.1
2026-05-21 03:15:53,RTM,Cloudy,0.41,5.95,1.0,11.0,66.6
2026-05-07 21:51:18,RTM,Clear,0.41,6.92,0.4,11.8,53.5
2026-04-21 03:46:49,RTM,Cloudy,0.49,5.47,0.1,32.2,93.4
2026-04-27 09:47:03,RTM,Clear,0.17,8.46,0.6,17.9,34.6
2026-06-08 07:36:48,RTM,Clear,0.27,8.0,0.4,41.0,57.5
2026-01-26 14:39:09,RTM,Cloudy,0.15,7.91,1.1,37.0,56.3
2026-06-10 20:36:22,RTM,Clear,0.38,6.37,0.9,25.3,22.0
2026-03-03 07:13:34,RTM,Clear,0.59,5.21,1.4,17.4,65.0
2026-04-20 12:25:47,RTM,Clear,0.36,7.54,0.3,29.7,56.1
2026-01-10 10:09:46,RTM,Rain,0.46,4.5,14.4,32.1,69.1
2026-04-09 10:01:19,RTM,Clear,0.2,8.24,0.1,6.9,100.0
2026-03-22 16:53:02,RTM,Clear,0.35,6.7,1.4,19.9,41.3
2026-03-24 18:55:33,RTM,Clear,0.11,9.54,0.1,18.5,72.3
2026-03-02 23:34:25,RTM,Cloudy,0.4,6.65,0.8,26.0,41.1
2026-05-27 03:05:01,RTM,Clear,0.32,7.0,1.3,21.8,62.7
2026-03-20 03:37:06,RTM,Clear,0.49,5.79,0.9,15.5,87.4
2026-06-13 22:30:34,RTM,Fog,0.96,1.68,0.4,24.5,87.4
2026-05-27 02:33:36,RTM,Rain,0.56,4.67,9.2,29.1,85.8
2026-04-28 04:04:31,RTM,Cloudy,0.3,8.34,0.8,35.1,58.3
2026-06-14 22:58:45,RTM,Clear,0.13,8.58,0.9,21.2,64.7
2026-06-12 03:33:30,RTM,Clear,0.21,8.15,1.4,33.1,70.8
2026-03-05 16:30:12,RTM,Cloudy,0.23,7.96,0.5,19.8,46.0
2026-03-19 06:27:51,RTM,Fog,0.51,5.99,1.4,17.9,67.4
2026-04-20 03:21:26,RTM,Fog,0.77,3.02,0.3,35.0,74.6
2026-04-18 18:06:02,RTM,Rain,0.29,6.82,4.0,17.0,87.3
2026-03-16 17:46:21,RTM,Clear,0.49,6.1,0.6,21.7,88.6
2026-01-09 09:46:44,RTM,Clear,0.3,7.5,1.1,20.1,63.0
2026-03-05 13:35:15,RTM,Clear,0.34,6.68,0.3,27.2,78.6
2026-01-10 05:54:06,RTM,Clear,0.03,10.37,0.0,34.1,53.6
2026-02-13 22:58:00,RTM,Cloudy,0.26,7.82,1.0,28.0,84.4
2026-06-12 23:15:10,RTM,Rain,0.15,7.31,9.4,41.3,31.0
2026-06-10 16:44:55,RTM,Rain,0.14,7.34,3.5,28.3,44.8
2026-01-08 20:40:50,RTM,Clear,0.16,8.6,0.9,22.0,69.8
2026-05-27 00:40:04,RTM,Rain,0.39,5.71,6.9,22.7,77.6
2026-06-11 22:13:16,RTM,Cloudy,0.17,8.36,0.8,30.9,100.0
2026-04-18 18:01:46,RTM,Fog,0.7,4.34,0.4,20.3,47.0
2026-02-20 05:13:40,RTM,Clear,0.25,7.99,1.4,23.0,71.1
2026-05-28 13:28:25,RTM,Clear,0.07,8.87,1.3,29.7,54.4
2026-02-22 06:20:03,RTM,Fog,0.7,4.51,1.3,20.1,75.0
2026-01-22 05:17:40,RTM,Cloudy,0.46,5.95,1.0,25.5,62.0
2026-03-11 06:55:26,RTM,Clear,0.07,9.35,0.9,16.0,69.7
2026-01-23 11:47:38,RTM,Clear,0.49,5.48,0.7,26.5,46.1
2026-03-14 16:23:03,RTM,Clear,0.22,7.81,0.7,31.0,77.7
2026-05-13 06:43:43,RTM,Clear,0.39,6.76,0.9,21.9,49.6
2026-02-15 08:58:17,RTM,Fog,0.51,5.48,0.4,20.3,37.0
2026-05-17 21:37:23,RTM,Clear,0.36,6.49,0.7,22.9,65.3
2026-03-21 20:29:27,RTM,Clear,0.33,6.7,1.2,18.6,47.3
2026-04-14 14:10:10,RTM,Clear,0.45,6.37,0.2,23.2,77.1
2026-05-16 00:13:23,RTM,Clear,0.38,6.6,1.3,30.5,77.3
2026-03-17 00:17:59,RTM,Cloudy,0.11,9.28,0.2,20.6,63.1
2026-01-24 07:50:09,RTM,Clear,0.17,9.13,0.4,25.3,44.9
2026-03-25 08:24:01,RTM,Clear,0.09,9.08,1.4,32.3,35.5
2026-05-15 14:22:01,RTM,Clear,0.37,6.45,0.8,19.9,68.2
2026-04-27 02:39:31,RTM,Fog,0.64,3.88,1.4,19.3,81.8
2026-02-08 16:38:16,RTM,Clear,0.24,7.51,0.7,40.9,51.1
2026-04-01 17:40:10,RTM,Cloudy,0.32,7.53,0.2,40.9,93.5
2026-01-04 13:05:23,RTM,Clear,0.26,7.68,0.4,25.6,58.5
2026-03-25 17:17:59,RTM,Clear,0.03,9.83,1.4,24.0,49.0
2026-05-02 21:41:51,RTM,Clear,0.48,5.88,1.0,19.3,81.3
2026-05-12 04:12:53,RTM,Clear,0.56,5.17,0.9,32.7,57.3
2026-05-11 06:31:12,RTM,Cloudy,0.31,7.45,1.3,18.6,75.7
2026-05-04 22:34:26,RTM,Clear,0.14,9.11,0.3,24.7,64.7
2026-03-07 01:14:15,RTM,Rain,0.26,6.13,4.4,22.9,48.9
2026-05-22 12:28:09,RTM,Clear,0.47,5.84,1.1,33.5,61.6
2026-03-14 03:44:24,RTM,Clear,0.2,8.87,1.5,4.0,52.1
2026-06-26 19:52:29,RTM,Fog,0.55,5.41,1.2,18.8,47.9
2026-06-27 13:17:33,RTM,Clear,0.24,7.95,0.6,24.7,64.2
2026-01-07 11:10:41,RTM,Clear,0.22,8.52,0.3,33.0,90.7
2026-02-13 23:23:46,RTM,Clear,0.13,9.39,1.4,17.0,29.7
2026-04-16 14:11:56,RTM,Rain,0.28,5.52,4.6,21.1,63.0
2026-04-11 17:48:11,RTM,Clear,0.06,9.64,1.4,9.0,49.2
2026-01-31 18:54:10,RTM,Cloudy,0.42,6.12,1.4,12.5,58.3
2026-02-06 03:21:17,RTM,Clear,0.36,6.37,1.0,33.0,90.2
2026-05-14 14:11:21,RTM,Cloudy,0.36,7.15,0.3,32.9,43.2
2026-01-02 07:02:29,RTM,Clear,0.16,8.28,1.2,7.0,54.2
2026-06-19 01:37:14,RTM,Cloudy,0.18,8.66,1.2,16.1,88.6
2026-01-26 12:53:07,RTM,Clear,0.1,8.83,1.3,14.7,40.5
2026-06-23 08:11:22,RTM,Clear,0.4,6.59,0.2,21.5,49.8
2026-04-10 19:21:57,RTM,Clear,0.27,7.59,1.1,37.9,71.7
2026-06-28 17:39:36,RTM,Clear,0.22,8.53,1.5,19.3,56.2
2026-04-21 04:21:05,RTM,Clear,0.31,7.61,0.3,20.5,57.5
2026-02-25 13:59:02,RTM,Cloudy,0.13,8.27,1.4,38.4,78.3
2026-06-10 05:22:01,RTM,Clear,0.14,9.83,1.4,27.8,74.3
2026-06-14 16:03:23,RTM,Clear,0.47,5.9,0.6,8.1,51.4
2026-06-26 13:28:07,RTM,Fog,0.56,4.39,0.9,21.1,58.5
2026-01-19 19:11:11,RTM,Fog,0.72,4.47,0.3,32.0,89.3
2026-05-13 01:42:07,RTM,Clear,0.4,6.64,0.7,13.1,73.3
2026-05-28 13:39:18,RTM,Clear,0.31,7.17,0.2,30.9,93.3
2026-01-09 11:17:06,RTM,Rain,0.07,8.31,13.8,22.8,99.2
2026-06-03 18:00:22,RTM,Cloudy,0.45,5.87,0.7,11.2,82.4
2026-05-04 13:42:35,RTM,Clear,0.24,7.14,0.5,23.7,76.6
2026-04-06 10:31:27,RTM,Cloudy,0.5,5.47,0.1,28.6,95.3
2026-05-19 19:33:13,RTM,Rain,0.09,8.87,16.2,21.5,89.4
2026-03-23 06:19:24,RTM,Fog,0.54,5.23,0.4,21.8,86.7
2026-04-18 11:05:53,RTM,Clear,0.37,6.75,1.3,19.4,49.7
2026-04-27 07:15:41,RTM,Clear,0.05,8.91,0.9,21.1,38.8
2026-01-06 06:59:37,RTM,Cloudy,0.39,6.86,0.3,29.9,57.6
2026-02-28 23:46:03,RTM,Clear,0.16,8.39,0.3,22.8,57.1
2026-02-11 05:01:12,RTM,Cloudy,0.19,8.53,1.4,30.3,59.5
2026-05-16 11:50:19,RTM,Clear,0.16,7.96,0.9,18.7,59.5
2026-02-01 04:29:45,RTM,Clear,0.28,7.6,0.9,12.7,64.9
2026-04-29 04:49:27,RTM,Clear,0.1,9.37,0.7,25.0,74.0
2026-06-24 07:25:49,RTM,Fog,0.53,4.6,0.8,37.2,66.6
2026-01-02 16:32:44,RTM,Clear,0.06,10.01,0.7,33.4,58.4
2026-01-30 11:24:55,RTM,Cloudy,0.26,8.58,0.9,23.1,75.2
2026-05-22 01:27:34,RTM,Clear,0.2,7.67,0.3,21.9,33.1
2026-05-06 23:34:39,RTM,Clear,0.26,8.16,1.0,10.6,63.9
2026-05-07 06:04:30,RTM,Fog,0.62,4.6,0.1,15.8,73.5
2026-03-27 19:41:25,RTM,Fog,0.74,3.15,0.2,20.0,84.4
2026-04-25 10:32:03,RTM,Clear,0.2,8.16,1.2,16.7,71.5
2026-03-08 06:15:10,RTM,Clear,0.51,5.79,0.2,20.4,56.3
2026-02-10 18:27:06,RTM,Cloudy,0.24,7.69,1.4,16.9,45.0
2026-04-27 13:37:27,RTM,Cloudy,0.13,9.44,0.5,29.5,74.6
2026-04-30 17:43:52,RTM,Clear,0.19,9.25,0.0,25.0,59.7
2026-02-17 16:57:08,RTM,Clear,0.44,5.72,0.4,32.6,89.8
2026-01-04 09:39:48,RTM,Clear,0.19,8.61,1.3,24.9,79.0
2026-03-15 07:46:47,RTM,Fog,0.57,5.83,0.8,31.4,95.3
2026-06-04 17:35:22,RTM,Clear,0.14,8.41,0.6,25.2,62.3
2026-05-15 13:48:26,RTM,Clear,0.09,8.66,1.1,16.0,64.0
2026-06-04 19:53:29,RTM,Clear,0.19,8.64,0.9,39.7,85.2
2026-03-03 17:43:59,RTM,Clear,0.28,7.49,0.4,29.5,53.9
2026-02-17 16:44:23,RTM,Clear,0.23,8.07,1.2,19.5,84.5
2026-05-12 03:35:12,RTM,Cloudy,0.15,9.36,0.5,12.3,80.3
2026-05-12 02:48:26,RTM,Clear,0.11,9.78,1.0,21.5,90.4
2026-05-17 02:37:29,RTM,Clear,0.48,5.57,0.2,30.1,73.4
2026-03-07 18:26:42,RTM,Clear,0.23,7.8,1.4,18.1,52.0
2026-02-22 15:04:30,RTM,Clear,0.18,8.54,1.5,22.4,57.6
2026-01-26 07:43:00,RTM,Clear,0.16,8.92,0.4,26.2,82.0
2026-05-04 04:36:43,RTM,Clear,0.43,5.79,1.1,30.3,96.3
2026-03-11 02:58:59,RTM,Clear,0.41,7.48,0.2,18.9,100.0
2026-04-28 01:21:35,RTM,Fog,0.78,3.48,0.2,24.9,95.8
2026-01-05 05:08:01,RTM,Cloudy,0.38,6.39,0.2,20.0,57.7
2026-06-21 12:55:48,RTM,Clear,0.55,4.86,0.2,33.0,58.9
2026-03-31 04:40:03,RTM,Cloudy,0.23,7.95,0.5,22.0,60.6
2026-06-22 15:36:08,RTM,Clear,0.55,4.8,0.1,33.1,77.8
2026-01-17 08:20:15,RTM,Clear,0.4,6.05,0.4,43.6,83.8
2026-02-07 19:37:21,RTM,Clear,0.29,7.69,0.2,18.5,53.8
2026-01-31 15:30:02,RTM,Clear,0.27,7.33,1.3,25.6,50.8
2026-01-05 08:24:13,RTM,Clear,0.25,8.21,0.7,32.1,41.1
2026-04-16 14:38:23,RTM,Clear,0.72,4.04,1.2,20.5,97.9
2026-02-26 19:53:31,RTM,Clear,0.48,5.56,0.5,22.3,73.4
2026-05-27 12:48:40,RTM,Clear,0.21,8.54,1.1,19.1,66.2
2026-06-09 00:05:35,RTM,Fog,0.72,4.03,0.2,19.9,90.4
2026-05-17 19:24:33,RTM,Clear,0.22,7.99,0.4,12.9,33.8
2026-05-09 00:54:50,RTM,Rain,0.39,5.78,13.1,37.1,74.3
2026-02-02 23:50:37,RTM,Clear,0.28,8.48,0.7,32.0,32.7
2026-03-16 08:19:36,RTM,Clear,0.13,8.98,1.3,18.9,44.7
2026-06-18 19:22:09,RTM,Cloudy,0.05,9.7,0.9,36.4,78.6
2026-06-04 08:55:06,RTM,Fog,0.76,3.8,1.0,13.7,57.3
2026-01-21 13:06:38,RTM,Clear,0.28,7.16,0.5,14.6,32.3
2026-06-02 21:09:55,RTM,Clear,0.32,7.53,0.3,34.3,64.6
2026-02-13 21:18:13,RTM,Clear,0.23,8.81,0.1,29.7,65.8
2026-03-30 10:23:54,RTM,Fog,0.74,3.43,1.4,24.4,74.5
2026-05-08 07:18:36,RTM,Clear,0.09,9.0,1.1,2.4,41.8
2026-04-25 06:10:08,RTM,Clear,0.3,7.88,1.4,33.1,78.5
2026-02-23 19:56:27,RTM,Clear,0.31,6.7,0.4,27.4,62.4
2026-03-02 08:48:09,RTM,Clear,0.22,7.57,0.4,10.5,97.1
2026-05-18 07:48:54,RTM,Fog,0.82,2.55,0.6,22.2,85.4
2026-01-03 15:08:00,RTM,Rain,0.26,7.92,5.1,19.1,51.8
2026-03-15 12:19:36,RTM,Fog,0.66,5.14,1.3,33.4,65.1
2026-06-02 20:45:35,RTM,Cloudy,0.12,8.79,1.2,24.5,65.8
2026-01-06 04:50:31,RTM,Rain,0.44,4.89,30.2,25.8,100.0
2026-04-26 02:29:27,RTM,Cloudy,0.47,6.17,0.8,20.6,68.5
2026-05-21 01:29:28,RTM,Clear,0.36,7.3,1.3,34.3,80.1
2026-06-02 21:38:41,RTM,Rain,0.08,8.77,7.4,21.2,36.2
2026-04-18 18:09:50,RTM,Clear,0.37,6.61,0.1,27.0,60.1
2026-04-01 16:57:50,RTM,Clear,0.25,8.59,1.1,20.8,53.8
2026-04-11 16:58:52,RTM,Clear,0.1,8.83,1.3,18.5,34.1
2026-03-16 17:12:30,RTM,Clear,0.21,8.63,1.4,22.9,62.0
2026-06-22 08:01:46,RTM,Cloudy,0.23,7.93,0.3,31.7,73.8
2026-03-10 06:01:16,RTM,Fog,0.71,3.81,0.1,35.2,70.2
2026-06-02 22:32:31,RTM,Clear,0.18,8.94,1.1,24.8,47.4
2026-05-21 15:27:16,RTM,Cloudy,0.55,5.82,0.5,25.1,46.7
2026-04-28 01:11:26,RTM,Cloudy,0.35,7.07,0.7,5.4,87.9
2026-04-20 07:56:10,RTM,Fog,0.88,3.04,1.4,32.4,52.8
2026-06-11 03:29:36,RTM,Fog,0.6,4.87,1.1,18.4,44.1
2026-02-02 13:43:21,RTM,Clear,0.28,7.53,0.2,18.3,66.7
2026-02-26 02:19:40,RTM,Cloudy,0.36,7.01,1.1,26.2,78.1
2026-01-08 01:54:48,RTM,Clear,0.15,8.77,0.1,17.0,49.0
2026-03-21 21:44:00,RTM,Cloudy,0.57,4.56,0.7,18.5,92.5
2026-01-19 00:32:47,RTM,Clear,0.23,8.22,0.7,30.0,43.0
2026-01-21 18:14:58,RTM,Clear,0.57,5.66,1.4,22.0,33.1
2026-02-09 10:42:03,RTM,Clear,0.32,7.22,1.2,23.2,33.1
2026-04-27 01:57:31,RTM,Rain,0.21,7.11,7.0,36.0,85.9
2026-05-26 17:09:02,RTM,Clear,0.41,6.54,0.8,12.6,75.6
2026-06-02 05:45:41,RTM,Clear,0.22,8.49,0.1,14.6,61.8
2026-05-30 00:52:13,RTM,Cloudy,0.16,8.62,1.0,15.9,82.1
2026-01-03 22:38:53,RTM,Clear,0.43,6.41,1.1,28.8,76.3
2026-01-21 15:52:18,RTM,Clear,0.55,4.28,0.8,22.7,54.9
2026-03-23 14:34:26,RTM,Cloudy,0.21,8.82,0.2,28.6,57.2
2026-04-18 05:47:29,RTM,Rain,0.1,7.26,14.6,16.7,34.2
2026-01-21 15:51:47,RTM,Cloudy,0.33,7.14,0.3,11.9,57.8
2026-02-25 00:57:22,RTM,Clear,0.62,5.14,0.6,18.6,46.7
2026-05-04 13:59:25,RTM,Clear,0.33,7.29,0.5,20.7,83.2
2026-03-20 08:49:17,RTM,Clear,0.09,9.65,0.2,15.4,44.7
2026-06-03 11:14:17,RTM,Rain,0.36,6.64,24.5,20.7,87.2
2026-02-05 09:04:34,RTM,Cloudy,0.55,5.26,1.1,33.9,51.9
2026-05-31 00:37:34,RTM,Clear,0.06,9.78,0.2,30.3,74.4
2026-05-31 21:03:26,RTM,Cloudy,0.66,5.44,0.9,21.9,68.7
2026-01-05 17:56:35,RTM,Clear,0.57,4.88,1.5,28.0,64.6
2026-02-15 18:19:12,RTM,Clear,0.37,7.68,1.0,27.9,59.2
2026-01-13 02:59:28,RTM,Fog,0.51,5.78,0.7,31.9,83.5
2026-05-06 07:50:57,RTM,Clear,0.03,9.46,0.9,28.3,49.1
2026-05-09 05:03:40,RTM,Clear,0.36,6.58,1.0,19.1,90.7
2026-03-01 18:04:47,RTM,Cloudy,0.1,9.41,1.1,32.6,42.7
2026-03-22 09:54:58,RTM,Clear,0.36,6.45,0.5,13.3,47.3
2026-05-07 15:22:37,RTM,Rain,0.26,6.12,5.8,18.8,62.9
2026-06-02 10:00:56,RTM,Fog,0.82,3.22,1.1,18.9,84.9
2026-05-21 21:44:28,RTM,Cloudy,0.31,7.44,1.1,31.1,57.4
2026-05-15 03:15:50,RTM,Clear,0.2,8.14,1.2,24.5,66.0
2026-03-30 12:27:20,RTM,Clear,0.12,9.16,0.2,20.4,70.7
2026-01-07 05:00:36,RTM,Fog,0.38,6.79,1.5,17.4,91.9
2026-04-23 07:20:00,RTM,Clear,0.28,7.82,0.6,15.5,54.0
2026-01-02 21:46:47,RTM,Clear,0.31,6.49,1.2,19.4,78.9
2026-02-07 18:11:23,RTM,Clear,0.3,7.59,1.3,20.0,88.6
2026-06-16 11:41:24,RTM,Cloudy,0.03,9.19,0.1,24.9,45.0
2026-01-22 19:51:31,RTM,Cloudy,0.46,6.18,0.6,22.2,48.9
2026-03-07 06:33:11,RTM,Clear,0.18,8.53,0.1,28.2,74.0
2026-01-16 05:26:12,RTM,Clear,0.01,9.88,0.8,34.7,43.0
2026-03-20 07:12:47,RTM,Clear,0.38,7.11,0.1,24.7,20.1
2026-05-05 22:47:40,RTM,Cloudy,0.23,8.27,0.4,24.5,82.8
2026-06-25 23:06:23,RTM,Fog,0.8,3.06,0.3,16.4,81.1
2026-05-17 11:20:45,RTM,Clear,0.33,7.17,0.0,24.7,38.0
2026-01-14 09:25:32,RTM,Clear,0.43,5.68,0.4,28.2,43.5
2026-02-08 15:09:07,RTM,Clear,0.35,7.36,1.4,37.3,78.7
2026-01-23 07:11:15,RTM,Clear,0.28,7.79,1.3,16.8,98.3
2026-03-20 14:27:20,RTM,Clear,0.36,6.21,1.0,27.7,43.0
2026-06-24 19:53:29,RTM,Cloudy,0.24,7.16,1.1,17.9,100.0
2026-01-28 06:49:47,RTM,Rain,0.3,6.0,3.9,28.7,68.5
2026-05-12 18:04:15,RTM,Clear,0.34,6.46,0.6,18.9,59.6
2026-05-31 00:52:09,RTM,Clear,0.56,5.75,0.1,29.4,52.8
2026-01-31 16:43:02,RTM,Clear,0.42,6.29,0.5,28.8,75.1
2026-02-25 19:27:40,RTM,Cloudy,0.06,9.57,1.3,40.9,71.8
2026-01-24 23:59:54,RTM,Rain,0.37,5.91,7.9,21.8,83.3
2026-05-06 18:27:17,RTM,Cloudy,0.11,9.57,1.2,21.8,82.3
2026-02-07 13:52:41,RTM,Cloudy,0.54,5.39,0.4,25.6,83.4
2026-06-11 18:50:41,RTM,Cloudy,0.21,8.04,1.3,27.0,53.9
2026-04-09 14:31:09,RTM,Rain,0.35,6.06,4.1,24.4,100.0
2026-03-05 10:20:43,RTM,Clear,0.04,9.8,0.2,23.8,20.0
2026-05-27 10:39:00,RTM,Clear,0.29,7.44,0.3,30.6,88.7
2026-02-12 06:40:44,RTM,Clear,0.3,7.46,0.6,24.6,60.5
2026-02-14 09:10:16,RTM,Clear,0.47,6.71,0.3,21.5,42.6
2026-06-07 18:55:26,RTM,Clear,0.52,5.89,0.7,14.6,80.3
2026-01-08 03:53:44,RTM,Rain,0.27,7.22,10.2,25.1,63.8
2026-05-04 13:57:18,RTM,Clear,0.24,8.69,1.4,30.8,76.9
2026-01-01 09:39:08,RTM,Cloudy,0.29,8.42,0.6,22.5,73.4
2026-01-03 19:01:21,RTM,Rain,0.49,5.04,0.3,28.3,44.5
2026-06-26 05:13:06,RTM,Fog,0.45,6.19,0.5,31.2,35.6
2026-04-29 21:16:05,RTM,Clear,0.39,7.2,0.3,10.9,71.9
2026-01-24 06:14:49,RTM,Clear,0.11,8.95,1.2,23.4,63.7
2026-03-24 14:19:23,RTM,Rain,0.47,4.66,2.0,26.2,68.0
2026-05-01 07:28:07,RTM,Fog,1.0,1.58,0.2,25.0,77.4
2026-06-26 20:25:18,RTM,Clear,0.5,5.7,0.6,24.1,68.7
2026-04-13 05:14:37,RTM,Clear,0.44,6.12,0.6,31.8,59.9
2026-05-11 15:19:53,RTM,Clear,0.2,8.93,0.8,34.0,38.7
2026-03-31 08:59:07,RTM,Clear,0.23,8.41,0.2,18.8,93.9
2026-02-18 05:12:43,RTM,Fog,0.68,4.22,1.4,18.0,54.9
2026-05-24 16:03:39,RTM,Clear,0.4,6.4,0.7,16.9,62.5
2026-03-28 15:39:08,RTM,Cloudy,0.06,8.87,0.3,25.9,41.4
2026-06-13 22:40:46,RTM,Clear,0.29,7.79,0.1,34.7,74.8
2026-05-12 22:08:23,RTM,Rain,0.41,5.84,15.5,12.8,90.5
2026-06-19 21:23:39,RTM,Clear,0.41,6.18,0.1,22.9,40.1
2026-03-11 22:35:31,RTM,Clear,0.29,7.73,0.2,38.5,69.0
2026-04-09 08:41:52,RTM,Rain,0.47,4.94,7.4,35.0,51.3
2026-02-02 04:50:06,RTM,Clear,0.07,8.94,0.2,19.2,64.1
2026-03-18 04:04:41,RTM,Rain,0.25,7.49,11.2,38.7,42.7
2026-01-04 23:21:36,RTM,Fog,0.73,3.82,0.1,19.7,58.0
2026-02-13 00:54:03,RTM,Clear,0.34,7.13,0.2,26.9,98.8
2026-05-09 23:20:25,RTM,Clear,0.44,5.63,0.3,24.4,92.1
2026-05-11 04:18:04,RTM,Clear,0.25,7.92,1.4,29.0,57.8
2026-02-27 15:46:37,RTM,Cloudy,0.43,6.14,1.0,33.6,51.2
2026-06-14 14:42:29,RTM,Clear,0.34,7.87,1.2,20.4,84.2
2026-05-07 05:50:53,RTM,Clear,0.22,8.26,1.0,22.6,100.0
2026-06-13 00:44:06,RTM,Clear,0.35,7.36,0.9,4.6,59.0
2026-05-14 00:11:50,RTM,Clear,0.21,7.75,1.0,16.2,100.0
2026-01-04 21:27:56,RTM,Clear,0.2,7.61,0.2,13.9,67.1
2026-05-27 16:04:39,RTM,Clear,0.53,6.23,1.3,27.7,92.5
2026-04-08 06:09:27,RTM,Clear,0.3,7.13,0.2,17.6,81.9
2026-02-23 18:02:54,RTM,Clear,0.63,3.98,1.1,28.0,100.0
2026-02-22 15:59:06,RTM,Clear,0.32,6.66,0.4,30.7,72.4
2026-03-16 01:16:00,RTM,Cloudy,0.22,7.6,1.4,17.1,54.0
2026-05-19 19:51:33,RTM,Clear,0.3,7.92,1.3,22.3,66.0
2026-01-19 22:17:28,RTM,Cloudy,0.06,9.04,0.2,21.3,24.2
2026-06-26 06:27:32,RTM,Fog,0.38,7.33,0.1,29.6,99.0
2026-04-22 03:14:27,RTM,Clear,0.21,7.72,0.7,13.9,62.6
2026-04-28 00:23:50,RTM,Cloudy,0.38,6.81,0.8,23.3,60.4
2026-01-03 12:17:51,RTM,Clear,0.06,9.64,0.0,36.4,59.9
2026-04-30 06:35:32,RTM,Cloudy,0.43,5.75,1.3,18.1,66.6
2026-02-01 18:28:26,RTM,Clear,0.63,4.33,0.2,30.5,81.2
2026-02-03 09:16:36,RTM,Clear,0.25,7.99,1.3,35.7,39.6
2026-02-07 21:45:42,RTM,Rain,0.07,8.15,6.3,36.0,52.6
2026-04-01 05:51:52,RTM,Fog,1.0,1.97,0.2,21.9,90.7
2026-03-14 07:36:16,RTM,Clear,0.29,7.63,0.4,25.0,35.8
2026-01-22 02:14:18,RTM,Cloudy,0.14,8.05,0.9,28.2,54.5
2026-04-02 16:31:08,RTM,Clear,0.34,7.12,1.0,6.2,38.6
2026-01-16 06:52:29,RTM,Clear,0.12,8.85,0.3,14.7,88.8
2026-04-27 22:18:43,RTM,Fog,0.79,3.55,1.5,16.3,68.5
2026-04-08 20:29:24,RTM,Cloudy,0.12,9.3,1.1,29.2,54.2
2026-04-04 08:21:15,RTM,Clear,0.6,4.84,0.7,34.8,74.9
2026-06-16 19:19:11,RTM,Cloudy,0.1,8.73,0.1,22.7,77.6
2026-05-14 21:33:33,RTM,Clear,0.12,8.65,1.4,28.6,48.1
2026-02-27 19:02:19,RTM,Clear,0.24,9.13,1.0,27.1,47.5
2026-03-11 13:13:33,RTM,Fog,1.0,1.55,0.1,25.6,99.9
2026-06-26 03:47:39,RTM,Clear,0.4,6.17,1.4,26.8,50.2
2026-01-04 04:00:44,RTM,Clear,0.08,9.99,1.4,34.2,38.6
2026-03-23 21:50:32,RTM,Clear,0.26,8.66,0.8,36.6,78.5
2026-03-25 03:30:10,RTM,Clear,0.39,6.27,0.3,23.4,59.7
2026-03-05 19:02:04,RTM,Clear,0.3,7.6,0.5,29.8,77.4
2026-02-15 01:42:32,RTM,Cloudy,0.1,8.95,1.0,25.8,97.7
2026-06-23 13:16:57,RTM,Clear,0.19,8.27,0.1,28.6,68.6
2026-01-20 15:07:24,RTM,Rain,0.31,6.26,14.8,31.6,76.4
2026-06-28 23:10:34,RTM,Clear,0.22,7.77,0.5,21.4,70.8
2026-04-30 16:52:15,RTM,Rain,0.28,6.75,4.3,18.8,49.9
2026-04-03 17:20:16,RTM,Rain,0.44,5.39,13.9,23.9,100.0
2026-04-27 20:12:03,RTM,Clear,0.21,8.23,0.1,15.4,68.2
2026-02-17 09:03:31,RTM,Clear,0.57,5.03,0.5,36.3,90.7
2026-06-02 02:19:50,RTM,Cloudy,0.28,6.85,0.7,19.4,69.8
2026-04-12 03:16:51,RTM,Clear,0.17,7.59,0.6,23.1,96.7
2026-05-12 21:00:29,RTM,Cloudy,0.18,8.44,1.0,39.6,67.4
2026-05-06 10:34:46,RTM,Rain,0.16,7.41,7.2,14.6,46.8
2026-06-05 04:39:08,RTM,Clear,0.23,7.76,0.4,33.2,82.6
2026-03-28 20:03:11,RTM,Clear,0.1,9.78,0.9,18.1,40.4
2026-05-17 18:06:59,RTM,Clear,0.41,6.67,0.5,14.1,100.0
2026-05-14 10:49:24,RTM,Clear,0.08,9.07,0.0,29.6,70.4
2026-04-28 12:34:45,RTM,Rain,0.25,6.92,19.9,30.6,64.1
2026-03-07 02:23:57,RTM,Rain,0.5,5.85,27.8,24.4,37.0
2026-03-22 10:00:19,RTM,Cloudy,0.27,8.2,1.4,31.9,48.0
2026-04-29 13:57:35,RTM,Fog,0.52,5.68,0.9,32.0,85.5
2026-01-31 23:21:04,RTM,Clear,0.17,8.15,0.2,5.3,76.3
2026-05-27 16:44:02,RTM,Clear,0.32,7.35,0.9,28.8,66.6
2026-06-10 06:38:00,RTM,Rain,0.22,7.11,16.4,29.7,38.6
2026-05-18 08:45:54,RTM,Fog,0.69,3.8,0.9,21.7,65.4
2026-05-21 02:33:22,RTM,Clear,0.26,7.78,0.2,29.0,43.6
2026-04-24 21:56:20,RTM,Clear,0.45,6.03,1.0,18.7,40.8
2026-03-23 00:07:05,RTM,Clear,0.35,6.63,0.2,26.4,63.5
2026-01-22 04:27:07,RTM,Rain,0.47,4.54,7.1,23.7,79.0
2026-01-04 03:13:18,RTM,Cloudy,0.37,7.67,0.5,37.7,100.0
2026-05-07 08:18:04,RTM,Rain,0.04,8.22,18.1,24.3,97.0
2026-01-14 16:30:41,RTM,Clear,0.31,7.75,0.1,23.9,71.5
2026-01-22 04:22:20,RTM,Clear,0.17,8.24,0.3,19.1,89.5
2026-01-25 04:58:28,RTM,Clear,0.43,5.85,0.8,28.9,84.4
2026-05-31 10:34:41,RTM,Cloudy,0.14,8.92,0.5,22.2,20.0
2026-01-29 06:16:57,RTM,Rain,0.42,4.48,1.1,15.8,73.0
2026-02-08 17:49:26,RTM,Clear,0.05,9.23,0.2,15.2,57.6
2026-02-20 00:43:37,RTM,Cloudy,0.48,5.93,1.1,19.4,79.0
2026-04-29 00:09:27,RTM,Fog,0.72,3.44,1.4,19.2,100.0
2026-04-29 21:46:39,RTM,Rain,0.28,6.67,3.5,22.3,54.7
2026-03-03 19:32:14,RTM,Clear,0.28,7.46,0.1,15.6,56.5
2026-06-14 21:10:55,RTM,Clear,0.41,6.44,1.3,35.4,86.3
2026-01-01 10:08:44,RTM,Clear,0.17,8.63,1.3,21.0,55.7
2026-05-24 20:20:27,RTM,Clear,0.3,7.63,0.2,28.6,82.5
2026-02-08 04:16:35,RTM,Clear,0.19,8.35,0.6,27.5,56.8
2026-03-11 07:06:08,RTM,Clear,0.14,8.73,0.3,24.1,45.1
2026-06-30 05:53:06,RTM,Clear,0.31,8.22,1.4,19.8,87.8
2026-04-16 14:21:28,RTM,Fog,0.53,5.64,0.5,29.0,45.6
2026-05-16 00:07:00,RTM,Rain,0.22,6.35,5.6,26.2,81.4
2026-02-03 02:14:01,RTM,Cloudy,0.63,4.23,0.6,11.2,55.8
2026-01-04 15:59:04,RTM,Clear,0.05,9.43,1.1,39.3,60.6
2026-06-21 23:19:05,RTM,Clear,0.16,8.9,1.3,13.0,75.8
2026-04-06 22:39:19,RTM,Clear,0.23,8.57,1.3,24.8,100.0
2026-05-11 06:07:39,RTM,Clear,0.04,9.65,0.7,26.3,54.4
2026-03-25 23:53:22,RTM,Clear,0.13,8.65,1.2,26.2,84.4
2026-05-10 23:31:28,RTM,Clear,0.28,6.84,0.7,30.2,71.6
2026-05-19 00:16:51,RTM,Cloudy,0.13,8.59,1.2,17.7,83.0
2026-02-24 02:16:01,RTM,Clear,0.33,6.24,0.6,18.5,20.0
2026-03-18 07:03:54,RTM,Clear,0.33,7.31,0.2,27.1,87.4
2026-02-09 12:04:42,RTM,Cloudy,0.22,7.98,0.2,24.1,57.6
2026-03-30 02:05:42,RTM,Clear,0.21,6.99,0.7,30.0,68.9
2026-05-23 09:51:28,RTM,Cloudy,0.11,9.24,0.8,39.3,100.0
2026-02-07 11:08:05,RTM,Cloudy,0.13,9.56,0.9,24.8,49.4
2026-01-30 13:01:37,RTM,Rain,0.4,5.62,2.8,26.2,64.7
2026-03-12 07:44:36,RTM,Fog,0.44,7.0,0.1,23.6,54.3
2026-05-13 19:52:59,RTM,Fog,0.74,3.61,1.3,29.4,80.1
2026-04-12 02:23:25,RTM,Clear,0.12,8.04,1.5,26.1,63.0
2026-03-22 05:02:05,RTM,Clear,0.43,5.81,0.6,24.3,65.9
2026-01-16 10:57:35,RTM,Cloudy,0.7,4.04,0.2,15.9,87.0
2026-02-08 15:08:18,RTM,Clear,0.32,6.87,0.4,12.5,55.0
2026-05-28 11:29:38,RTM,Clear,0.29,8.54,1.3,19.7,49.3
2026-04-25 21:58:51,RTM,Rain,0.32,5.68,7.8,23.0,72.3
2026-05-30 15:31:05,RTM,Clear,0.07,9.32,1.3,18.6,39.1
2026-01-27 23:21:06,RTM,Cloudy,0.33,7.12,0.8,20.9,62.0
2026-05-17 15:48:33,RTM,Clear,0.39,6.44,1.1,24.6,94.6
2026-05-04 21:08:25,RTM,Clear,0.43,6.44,1.5,9.8,31.0
2026-02-11 13:36:06,RTM,Fog,0.54,5.56,1.1,23.4,76.0
2026-05-28 12:56:02,RTM,Clear,0.1,9.01,0.2,17.3,53.6
2026-01-14 12:12:29,RTM,Clear,0.35,7.4,1.4,16.1,76.3
2026-06-03 01:38:18,RTM,Fog,0.78,3.5,1.2,31.0,70.1
2026-01-23 19:19:35,RTM,Clear,0.33,7.52,0.6,18.4,73.6
2026-06-23 19:21:37,RTM,Clear,0.11,8.92,0.5,32.7,44.7
2026-04-22 13:25:03,RTM,Clear,0.29,6.68,0.8,13.9,79.6
2026-03-17 12:43:00,RTM,Rain,0.15,7.15,7.2,31.1,69.8
2026-01-08 20:22:06,RTM,Clear,0.19,8.25,0.9,19.8,63.3
2026-03-25 06:54:30,RTM,Fog,0.84,3.58,1.0,12.9,65.3
2026-02-09 03:14:30,RTM,Cloudy,0.19,8.83,0.1,35.0,70.7
2026-06-18 12:34:48,RTM,Cloudy,0.44,6.31,0.9,16.4,87.5
2026-03-19 02:02:08,RTM,Cloudy,0.47,6.43,1.1,17.9,99.8
2026-03-08 10:55:56,RTM,Fog,0.56,5.04,1.3,25.0,62.1
2026-03-19 18:45:30,RTM,Clear,0.51,5.86,0.2,39.8,75.2
2026-06-06 03:27:11,RTM,Fog,0.56,4.53,0.4,22.0,80.3
2026-05-13 04:44:24,RTM,Clear,0.11,9.87,0.6,28.5,53.8
2026-03-24 15:30:40,RTM,Clear,0.47,6.34,0.9,16.1,77.4
2026-03-29 05:20:15,RTM,Clear,0.17,8.63,0.4,16.8,53.9
2026-01-14 17:09:15,RTM,Rain,0.36,7.03,6.3,25.8,54.5
2026-04-27 14:53:24,RTM,Cloudy,0.14,9.03,0.9,10.8,77.7
2026-06-12 17:09:05,RTM,Clear,0.43,5.99,0.5,33.7,79.4
2026-05-02 15:45:12,RTM,Rain,0.41,4.64,9.2,31.4,76.6
2026-05-23 11:07:01,RTM,Clear,0.37,7.3,1.0,34.3,85.8
2026-04-08 00:38:44,RTM,Cloudy,0.12,9.29,0.7,19.8,54.0
2026-01-03 12:22:02,RTM,Cloudy,0.19,7.96,0.0,20.3,42.9
2026-05-23 21:58:37,RTM,Cloudy,0.39,6.27,0.9,27.4,60.4
2026-05-24 20:28:07,RTM,Rain,0.32,5.19,8.5,22.9,26.4
2026-03-11 21:34:41,RTM,Clear,0.3,7.93,0.6,40.7,87.8
2026-04-30 11:58:44,RTM,Clear,0.18,8.27,0.2,17.7,72.1
2026-02-06 03:34:43,RTM,Clear,0.5,6.32,0.2,24.2,99.6
2026-04-05 10:22:59,RTM,Rain,0.45,4.85,4.3,32.5,66.3
2026-04-08 22:39:38,RTM,Fog,0.85,2.99,1.0,15.8,49.0
2026-02-24 12:06:15,RTM,Rain,0.1,7.65,6.4,22.9,92.5
2026-03-16 19:48:16,RTM,Clear,0.53,5.74,0.6,24.4,89.8
2026-05-18 07:27:26,RTM,Clear,0.21,8.45,1.4,16.9,71.2
2026-04-17 16:29:33,RTM,Clear,0.29,7.05,0.4,20.3,81.2
2026-01-28 21:55:56,RTM,Cloudy,0.23,7.08,1.3,16.8,58.1
2026-01-29 05:26:21,RTM,Fog,0.5,5.57,0.9,14.9,64.2
2026-06-10 15:53:51,RTM,Cloudy,0.13,9.13,1.2,26.0,82.6
2026-06-12 18:36:29,RTM,Rain,0.18,6.74,2.2,12.1,84.3
2026-01-13 12:50:14,RTM,Clear,0.56,4.44,0.3,23.0,72.1
2026-05-18 19:09:08,RTM,Clear,0.5,4.66,0.3,34.4,59.1
2026-04-15 01:53:22,RTM,Clear,0.27,7.58,0.5,24.7,80.6
2026-03-14 23:36:43,RTM,Clear,0.05,10.02,0.9,28.7,61.5
2026-06-27 20:54:31,RTM,Clear,0.12,9.18,0.0,12.1,59.7
2026-05-15 04:35:30,RTM,Clear,0.16,8.73,0.0,33.4,72.5
2026-03-11 15:26:08,RTM,Fog,0.49,5.73,0.9,23.9,79.7
2026-05-14 01:37:37,RTM,Clear,0.1,8.84,0.2,37.6,73.5
2026-05-15 18:57:51,RTM,Fog,0.86,3.05,1.0,13.9,49.9
2026-06-11 00:50:35,RTM,Clear,0.03,9.48,1.0,20.2,76.5
2026-06-19 13:39:19,RTM,Rain,0.14,7.36,11.0,17.6,32.9
2026-04-28 01:21:37,RTM,Clear,0.25,7.37,1.3,21.9,80.1
2026-02-09 16:58:35,RTM,Clear,0.35,7.16,0.5,27.3,100.0
2026-05-18 10:32:34,RTM,Clear,0.21,8.5,1.5,21.3,65.8
2026-01-01 07:13:10,RTM,Clear,0.61,4.74,0.4,37.2,63.9
2026-01-22 17:00:50,RTM,Fog,0.85,3.32,1.5,4.9,66.6
2026-06-04 10:00:46,RTM,Clear,0.48,5.5,1.0,20.9,77.7
2026-04-23 23:21:35,RTM,Cloudy,0.13,9.69,0.5,27.1,66.8
2026-03-25 07:49:35,RTM,Cloudy,0.04,9.93,0.7,16.7,60.1
2026-02-21 21:50:49,RTM,Clear,0.25,7.49,1.3,22.7,48.4
2026-02-08 02:59:25,RTM,Cloudy,0.46,5.91,1.2,38.9,59.9
2026-04-13 19:54:43,RTM,Fog,0.54,4.71,0.8,23.2,80.2
2026-04-25 22:12:43,RTM,Clear,0.18,8.12,1.4,21.8,60.3
2026-06-03 04:31:42,RTM,Clear,0.37,7.13,0.3,29.8,65.9
2026-04-28 03:52:12,RTM,Clear,0.68,5.09,0.6,11.1,81.8
2026-06-26 16:53:57,RTM,Clear,0.26,8.18,1.0,21.2,52.6
2026-06-17 07:26:35,RTM,Rain,0.22,7.58,11.0,27.9,61.1
2026-01-11 18:01:13,RTM,Clear,0.45,5.68,1.3,21.5,56.0
2026-01-19 08:14:41,RTM,Fog,0.66,4.36,1.2,20.8,53.9
2026-04-19 02:21:47,RTM,Clear,0.07,9.76,1.4,20.6,58.3
2026-01-15 23:20:25,RTM,Cloudy,0.13,8.53,1.3,19.0,58.8
2026-03-15 13:19:23,RTM,Clear,0.23,7.77,1.3,31.6,80.9
2026-06-22 14:41:17,RTM,Cloudy,0.52,5.31,1.0,22.7,58.4
2026-01-17 13:32:30,RTM,Clear,0.24,8.74,1.0,23.5,84.3
2026-06-05 01:52:59,RTM,Clear,0.47,5.86,0.3,30.2,59.7
2026-02-18 00:42:52,RTM,Clear,0.07,9.96,0.5,29.8,62.3
2026-03-25 19:20:04,RTM,Rain,0.47,5.35,8.1,28.0,84.9
2026-03-06 09:24:16,RTM,Rain,0.37,5.51,5.4,18.0,79.7
2026-06-20 08:37:56,RTM,Clear,0.52,4.46,1.1,30.8,100.0
2026-01-26 22:59:58,RTM,Clear,0.31,7.3,1.2,29.2,46.4
2026-01-02 17:01:10,RTM,Clear,0.27,7.13,0.5,43.0,76.6
2026-02-19 01:35:56,RTM,Clear,0.35,6.17,0.7,16.5,46.3
2026-01-29 03:24:03,RTM,Cloudy,0.23,7.93,1.5,23.1,59.8
2026-03-14 01:35:01,RTM,Clear,0.34,6.49,0.1,24.3,66.0
2026-04-09 08:17:27,RTM,Fog,0.61,4.91,0.2,44.9,66.3
2026-04-28 08:32:38,RTM,Clear,0.29,8.36,1.3,5.9,73.3
2026-04-16 21:30:04,RTM,Clear,0.24,7.13,0.3,26.3,33.1
2026-05-24 13:18:23,RTM,Clear,0.35,7.56,0.4,16.9,61.4
2026-06-12 13:07:18,RTM,Clear,0.14,8.27,0.5,23.9,98.2
2026-06-12 19:59:52,RTM,Clear,0.21,7.99,1.2,30.4,34.9
2026-05-20 14:25:54,RTM,Clear,0.16,8.57,0.3,31.2,49.0
2026-06-08 21:27:17,RTM,Clear,0.38,6.91,0.8,29.5,86.0
2026-04-30 15:40:34,RTM,Clear,0.24,7.44,1.2,15.8,60.1
2026-05-09 05:35:07,RTM,Clear,0.16,8.6,1.1,19.0,67.5
2026-01-23 23:32:04,RTM,Clear,0.2,8.07,1.1,30.2,66.1
2026-06-05 12:53:34,RTM,Rain,0.23,7.27,3.6,24.3,81.1
2026-03-24 10:00:13,RTM,Clear,0.42,6.84,1.1,28.2,100.0
2026-02-04 05:24:09,RTM,Fog,0.57,5.58,1.0,4.9,55.2
2026-02-03 22:02:22,RTM,Cloudy,0.26,7.1,1.3,24.6,52.2
2026-04-23 18:00:00,RTM,Cloudy,0.39,6.72,0.6,19.5,55.6
2026-02-19 08:50:37,RTM,Rain,0.3,6.01,8.3,20.8,50.8
2026-03-02 21:23:02,RTM,Clear,0.27,8.23,0.9,28.2,100.0
2026-03-14 11:04:28,RTM,Fog,0.69,4.54,1.2,18.7,87.0
2026-02-27 11:45:48,RTM,Clear,0.43,6.12,1.3,33.5,47.7
2026-04-05 16:42:30,RTM,Cloudy,0.14,9.81,1.3,16.3,48.2
2026-01-09 17:45:24,RTM,Clear,0.36,7.18,0.7,26.1,63.6
2026-02-01 12:58:20,RTM,Fog,0.55,4.53,0.5,16.5,68.0
2026-06-04 10:02:00,RTM,Clear,0.51,5.46,0.7,17.5,100.0
2026-01-15 00:02:09,RTM,Rain,0.23,6.17,3.3,23.8,70.8
2026-03-31 08:30:58,RTM,Clear,0.23,8.02,1.2,20.9,88.5
2026-01-04 09:21:34,RTM,Clear,0.18,9.03,1.2,32.3,50.2
2026-01-13 12:40:54,RTM,Rain,0.42,6.13,13.5,25.6,72.1
2026-05-06 02:09:56,RTM,Clear,0.2,8.5,0.0,33.1,41.7
2026-04-15 23:34:57,RTM,Clear,0.47,5.81,0.5,34.8,73.2
2026-04-30 18:03:26,RTM,Fog,0.44,5.67,0.8,32.5,38.8
2026-06-21 10:37:43,RTM,Clear,0.13,9.03,1.0,16.5,100.0
2026-04-02 07:33:52,RTM,Fog,0.95,1.98,0.8,42.4,100.0
2026-01-09 15:34:38,RTM,Clear,0.41,6.55,1.2,33.4,58.1
2026-01-21 02:04:48,RTM,Clear,0.08,9.05,1.2,31.1,68.0
2026-04-12 08:20:32,RTM,Clear,0.49,6.05,1.3,19.1,74.2
2026-04-03 08:13:50,RTM,Cloudy,0.17,8.43,0.9,34.5,43.6
2026-04-23 20:20:53,RTM,Cloudy,0.44,7.98,0.7,29.6,48.5
2026-06-17 23:18:00,RTM,Clear,0.22,7.57,0.4,26.9,59.5
2026-02-23 17:32:28,RTM,Clear,0.15,9.1,1.5,39.1,66.8
2026-04-25 21:17:23,RTM,Clear,0.22,9.39,0.3,37.2,40.1
2026-03-24 21:43:15,RTM,Clear,0.18,8.9,0.0,11.3,73.1
2026-02-14 17:55:32,RTM,Clear,0.19,8.61,0.1,20.0,68.0
2026-03-19 05:58:52,RTM,Cloudy,0.15,8.0,0.3,20.6,100.0
2026-04-06 12:50:34,RTM,Clear,0.34,6.92,0.2,27.8,66.8
2026-03-31 17:53:41,RTM,Fog,0.42,5.95,1.2,21.7,63.8
2026-06-11 03:39:28,RTM,Clear,0.24,7.93,0.3,26.4,67.1
2026-03-29 12:14:01,RTM,Clear,0.44,6.32,0.1,19.3,45.5
2026-02-02 20:41:45,RTM,Clear,0.51,6.02,0.4,33.0,78.9
2026-01-25 04:12:18,RTM,Rain,0.71,2.89,2.6,8.9,84.8
2026-05-08 09:53:14,RTM,Cloudy,0.21,7.53,0.5,21.5,28.0
2026-06-01 14:41:45,RTM,Rain,0.41,5.78,10.6,30.3,59.3
2026-03-12 13:03:14,RTM,Fog,0.44,6.77,0.3,22.2,71.1
2026-01-21 09:54:08,RTM,Rain,0.35,5.72,11.4,27.8,73.0
2026-01-18 09:52:40,RTM,Rain,0.35,5.71,1.5,17.1,57.7
2026-01-14 11:01:51,RTM,Clear,0.15,8.66,0.7,14.8,48.8
2026-05-29 21:32:21,RTM,Clear,0.01,9.67,1.1,20.4,50.8
2026-05-05 03:26:22,RTM,Clear,0.38,7.4,0.1,36.0,60.6
2026-04-05 09:24:43,RTM,Clear,0.29,7.12,0.1,27.3,60.2
2026-05-28 08:55:43,RTM,Clear,0.3,6.93,1.4,13.5,65.3
2026-01-26 23:29:17,RTM,Fog,0.78,3.83,1.1,20.4,79.5
2026-01-16 03:24:56,RTM,Clear,0.48,6.46,0.7,17.1,62.3
2026-06-22 13:31:33,RTM,Clear,0.59,5.13,0.6,19.2,63.1
2026-06-17 08:55:30,RTM,Rain,0.19,7.62,10.7,34.7,57.9
2026-03-15 15:29:13,RTM,Clear,0.22,7.47,0.9,31.3,78.5
2026-06-23 11:03:42,RTM,Fog,0.57,5.46,1.3,9.9,80.3
2026-06-05 22:32:46,RTM,Cloudy,0.35,7.16,0.9,28.8,78.2
2026-03-05 07:18:42,RTM,Cloudy,0.37,6.63,0.9,24.0,77.7
2026-03-26 03:50:38,RTM,Fog,0.79,4.5,1.3,30.3,93.9
2026-03-18 19:45:30,RTM,Clear,0.47,5.87,0.5,10.3,100.0
2026-04-06 02:45:44,RTM,Clear,0.1,9.45,0.9,27.2,72.9
2026-01-02 22:06:04,RTM,Fog,0.52,5.4,1.2,13.7,60.8
2026-06-18 10:39:55,RTM,Rain,0.14,7.72,7.8,15.3,44.5
2026-02-11 22:04:38,RTM,Clear,0.32,6.61,0.9,28.7,54.8
2026-01-05 17:14:00,RTM,Cloudy,0.22,8.14,1.4,24.9,97.6
2026-01-27 04:15:31,RTM,Fog,0.59,4.44,1.5,15.8,45.6
2026-04-30 23:24:17,RTM,Clear,0.12,8.91,0.1,18.1,46.6
2026-02-14 15:06:04,RTM,Clear,0.57,4.96,1.4,6.7,43.3
2026-04-19 03:11:21,RTM,Clear,0.03,10.17,0.7,26.0,69.6
2026-03-28 02:10:38,RTM,Fog,0.6,4.78,0.6,37.6,63.4
2026-01-26 21:58:49,RTM,Fog,0.38,7.11,1.1,36.1,56.8
2026-05-22 14:40:19,RTM,Clear,0.2,8.53,0.8,23.3,79.1
2026-05-07 06:41:50,RTM,Clear,0.35,7.12,1.0,23.1,55.9
2026-01-25 16:16:55,RTM,Clear,0.13,8.91,1.1,36.6,60.6
2026-05-02 03:48:59,RTM,Clear,0.45,6.46,0.7,29.6,89.0
2026-04-07 17:06:50,RTM,Rain,0.27,6.73,16.4,23.0,100.0
2026-01-03 02:47:00,RTM,Clear,0.47,5.7,0.2,28.6,39.0
2026-06-11 18:52:42,RTM,Clear,0.03,10.07,1.4,22.6,33.5
2026-01-13 00:39:49,RTM,Rain,0.1,7.6,18.5,26.0,70.1
2026-05-28 12:04:06,RTM,Clear,0.13,8.53,0.3,16.6,56.6
2026-04-12 09:22:50,RTM,Clear,0.3,7.61,1.0,31.4,36.2
2026-05-04 04:26:14,RTM,Clear,0.23,7.76,0.5,18.1,41.1
2026-03-28 09:47:54,RTM,Fog,0.69,3.79,1.0,23.5,71.2
2026-02-02 16:52:17,RTM,Cloudy,0.31,7.65,1.1,19.8,45.6
2026-03-13 10:01:02,RTM,Clear,0.19,8.82,0.6,23.8,47.7
2026-06-03 03:55:27,RTM,Clear,0.23,8.18,0.5,14.4,55.4
2026-03-19 16:07:36,RTM,Clear,0.26,8.06,0.6,25.4,52.1
2026-06-09 16:01:19,RTM,Clear,0.15,8.15,0.5,25.4,63.8
2026-01-02 04:41:46,RTM,Rain,0.67,3.25,4.1,36.6,87.7
2026-06-02 04:40:32,RTM,Fog,0.45,6.34,1.5,34.3,25.2
2026-04-27 05:02:49,RTM,Cloudy,0.11,8.81,0.1,23.9,37.8
2026-03-14 11:27:07,RTM,Cloudy,0.18,8.53,1.2,34.2,73.0
2026-06-04 17:22:51,RTM,Clear,0.1,8.98,0.0,23.7,57.3
2026-06-28 09:01:20,RTM,Clear,0.1,9.57,1.0,18.2,75.9
2026-02-26 02:28:37,RTM,Rain,0.25,7.2,3.3,29.0,52.7
2026-05-07 04:33:01,RTM,Clear,0.27,7.9,0.5,29.7,30.2
2026-04-05 14:11:02,RTM,Clear,0.32,8.26,1.3,20.9,72.5
2026-04-29 12:31:24,RTM,Cloudy,0.39,6.74,0.5,31.5,62.8
2026-01-12 23:21:42,RTM,Rain,0.32,6.43,13.0,30.7,60.7
2026-05-06 22:20:38,RTM,Clear,0.19,8.31,0.3,13.1,62.1
2026-02-12 22:35:44,RTM,Clear,0.22,7.88,1.0,12.4,84.2
2026-03-24 15:00:57,RTM,Cloudy,0.42,5.8,1.2,36.2,30.4
2026-01-14 16:34:10,RTM,Clear,0.38,6.34,0.6,22.9,65.1
2026-05-17 05:23:31,RTM,Cloudy,0.27,8.05,0.2,22.6,50.0
2026-02-22 09:35:06,RTM,Fog,0.6,4.9,0.3,52.5,52.3
2026-04-09 00:25:29,RTM,Fog,0.47,7.09,0.3,29.7,62.4
2026-03-09 19:53:44,RTM,Cloudy,0.13,7.93,0.3,33.3,47.9
2026-06-02 14:29:46,RTM,Clear,0.1,8.92,0.4,25.7,49.4
2026-06-22 03:05:00,RTM,Clear,0.33,7.75,1.1,34.7,39.9
2026-05-09 11:14:00,RTM,Clear,0.23,7.77,0.6,39.0,49.3
2026-02-28 02:26:26,RTM,Fog,0.75,3.61,1.0,21.6,56.1
2026-02-08 17:51:00,RTM,Rain,0.26,7.1,6.7,21.7,79.1
2026-01-24 20:43:50,RTM,Clear,0.43,6.65,0.4,12.7,46.6
2026-03-11 14:48:46,RTM,Clear,0.06,9.95,1.3,34.8,85.4
2026-06-20 13:55:07,RTM,Cloudy,0.38,7.04,1.1,15.9,79.5
2026-03-01 04:08:10,RTM,Cloudy,0.34,6.94,0.0,1.0,99.7
2026-03-04 19:32:54,RTM,Clear,0.39,6.99,1.5,19.0,97.7
2026-02-19 02:21:10,RTM,Cloudy,0.13,8.79,0.4,18.2,77.0
2026-01-19 12:05:11,RTM,Clear,0.39,6.74,1.1,20.4,57.6
2026-02-24 06:45:31,RTM,Cloudy,0.39,5.85,1.0,21.8,64.2
2026-04-19 10:29:16,RTM,Clear,0.29,7.72,1.5,29.5,76.4
2026-04-10 05:07:32,RTM,Clear,0.44,5.98,0.3,26.4,52.7
2026-03-09 19:16:30,RTM,Rain,0.25,5.68,13.0,18.1,38.4
2026-02-21 00:57:05,RTM,Clear,0.35,7.49,1.0,22.4,75.6
2026-01-22 21:25:47,RTM,Clear,0.12,9.64,1.0,19.6,97.6
2026-01-25 12:15:48,RTM,Clear,0.25,7.08,1.4,29.4,67.8
2026-03-06 09:46:10,RTM,Fog,0.66,4.74,0.8,15.2,47.1
2026-06-07 10:41:17,RTM,Clear,0.14,8.35,0.6,34.9,59.3
2026-06-24 13:18:53,RTM,Clear,0.29,7.33,0.9,25.3,59.1
2026-02-27 16:00:34,RTM,Rain,0.49,4.33,25.9,13.5,42.1
2026-01-03 09:05:56,RTM,Clear,0.41,6.9,1.4,23.5,59.5
2026-03-31 23:40:43,RTM,Clear,0.41,6.5,1.0,26.8,63.1
2026-04-06 13:22:32,RTM,Clear,0.15,8.65,1.1,29.5,78.6
2026-03-08 01:22:56,RTM,Rain,0.22,7.25,5.3,13.2,23.0
2026-02-12 02:06:12,RTM,Cloudy,0.16,8.65,1.1,32.8,52.0
2026-02-28 18:02:32,RTM,Rain,0.14,7.38,5.1,26.8,76.7
2026-05-06 07:36:17,RTM,Cloudy,0.28,7.51,1.3,33.5,62.9
2026-02-23 03:07:52,RTM,Fog,0.49,5.16,0.6,30.9,65.3
2026-04-01 05:00:16,RTM,Clear,0.07,9.5,0.5,25.2,71.9
2026-01-08 08:45:55,RTM,Clear,0.4,6.97,0.1,26.4,64.3
2026-04-01 20:38:50,RTM,Clear,0.28,7.21,0.3,23.3,63.0
2026-01-06 02:48:32,RTM,Cloudy,0.33,7.38,0.8,32.8,66.9
2026-05-26 02:50:07,RTM,Fog,0.47,6.39,1.0,25.7,73.8
2026-04-21 07:46:15,RTM,Clear,0.39,6.77,0.7,31.9,46.5
2026-04-25 12:58:13,RTM,Clear,0.47,5.67,0.4,19.3,68.7
2026-05-27 06:07:05,RTM,Clear,0.45,5.28,0.8,9.7,71.1
2026-05-07 11:25:43,RTM,Cloudy,0.18,8.3,0.3,32.6,52.5
2026-05-12 02:50:17,RTM,Clear,0.33,8.06,1.0,31.5,64.9
2026-03-01 22:53:07,RTM,Clear,0.41,6.36,0.4,25.6,100.0
2026-05-19 01:33:41,RTM,Fog,0.45,6.49,1.3,26.2,67.7
2026-03-06 12:35:32,RTM,Fog,0.54,5.63,0.3,26.9,100.0
2026-03-06 05:35:29,RTM,Cloudy,0.1,9.83,0.5,23.0,60.8
2026-06-21 11:12:24,RTM,Clear,0.12,8.85,1.5,26.4,46.4
2026-02-24 21:30:47,RTM,Cloudy,0.14,8.4,1.2,21.4,53.5
2026-06-15 19:47:50,RTM,Cloudy,0.07,9.05,0.8,32.1,83.5
2026-06-23 08:41:57,RTM,Rain,0.26,6.68,12.1,17.4,47.8
2026-03-14 22:09:03,RTM,Fog,0.43,6.82,0.2,29.2,84.8
2026-01-01 07:23:15,RTM,Cloudy,0.3,7.04,1.2,31.0,42.8
2026-03-22 07:20:16,RTM,Fog,0.43,6.11,1.2,20.8,43.9
2026-06-07 20:48:22,RTM,Clear,0.31,7.09,0.4,31.1,34.6
2026-02-18 08:28:25,RTM,Fog,0.86,3.05,1.3,33.6,91.7
2026-06-25 08:16:54,RTM,Clear,0.28,7.77,1.2,17.6,68.3
2026-05-22 11:10:37,RTM,Clear,0.14,8.96,0.8,22.2,49.8
2026-06-19 15:29:53,RTM,Cloudy,0.51,5.48,0.4,32.6,46.6
2026-05-31 11:57:48,RTM,Clear,0.42,6.18,1.0,27.2,72.9
2026-03-17 07:42:53,RTM,Rain,0.3,5.53,7.5,19.5,72.4
2026-04-18 22:27:34,RTM,Rain,0.36,5.72,4.0,33.2,74.3
2026-01-01 03:53:06,RTM,Clear,0.16,7.89,0.9,29.0,47.8
2026-03-20 01:24:25,RTM,Rain,0.1,8.26,12.6,31.0,73.4
2026-04-06 00:12:23,RTM,Cloudy,0.17,8.89,1.4,30.6,84.1
2026-01-13 12:16:47,RTM,Rain,0.16,8.52,7.3,15.7,64.8
2026-06-06 06:52:19,RTM,Cloudy,0.57,4.59,1.3,17.6,89.8
2026-06-27 14:05:48,RTM,Rain,0.34,6.56,1.5,20.5,57.2
2026-03-20 11:46:04,RTM,Clear,0.44,7.14,0.4,10.6,65.0
2026-02-21 19:54:48,RTM,Clear,0.45,6.62,0.2,26.3,74.6
2026-02-25 03:05:04,RTM,Clear,0.07,8.82,0.2,4.1,75.3
2026-04-01 22:30:23,RTM,Clear,0.05,8.92,0.8,37.7,96.3
2026-01-16 01:30:36,RTM,Rain,0.17,8.12,2.1,34.4,83.2
2026-03-20 15:28:47,RTM,Clear,0.29,8.01,1.2,21.4,63.1
2026-03-10 05:00:32,RTM,Clear,0.14,9.37,1.0,24.6,53.4
2026-03-11 13:34:24,RTM,Rain,0.14,7.08,8.1,12.5,60.4
2026-05-31 06:40:36,RTM,Cloudy,0.17,8.49,0.5,27.6,50.3
2026-04-26 04:58:22,RTM,Fog,0.5,5.39,1.3,17.9,86.8
2026-05-17 03:22:55,RTM,Fog,0.53,5.87,0.7,24.6,32.4
2026-02-04 13:52:53,RTM,Clear,0.47,6.02,0.5,18.6,53.1
2026-03-11 05:27:22,RTM,Clear,0.17,8.38,0.7,13.2,40.6
2026-02-09 03:15:06,RTM,Cloudy,0.37,6.86,1.2,11.0,56.6
2026-03-01 11:28:49,RTM,Rain,0.3,7.19,2.5,25.9,76.8
2026-02-01 05:00:41,RTM,Rain,0.12,7.55,6.8,37.5,44.3
2026-04-27 04:09:16,RTM,Clear,0.14,9.56,0.6,19.6,71.2
2026-06-19 00:57:00,RTM,Clear,0.38,6.36,0.7,25.3,64.7
2026-05-25 16:34:41,RTM,Fog,0.6,4.86,1.4,30.3,84.6
2026-04-17 21:48:40,RTM,Fog,1.0,0.85,1.2,31.5,81.7
2026-06-03 18:32:06,RTM,Cloudy,0.22,7.86,1.2,35.5,37.4
2026-04-05 06:44:53,RTM,Fog,0.62,4.91,1.0,27.9,46.8
2026-05-01 06:40:19,RTM,Rain,0.1,7.78,14.7,15.7,54.1
2026-05-02 01:09:05,RTM,Cloudy,0.04,9.72,0.3,32.8,31.3
2026-02-03 20:15:39,RTM,Clear,0.4,7.07,0.2,13.6,39.8
2026-01-06 04:00:21,RTM,Clear,0.36,7.18,0.5,25.6,48.5
2026-02-28 12:03:03,RTM,Clear,0.58,4.28,1.1,9.3,72.8
2026-03-04 02:14:09,RTM,Clear,0.43,6.41,1.1,20.9,63.6
2026-06-17 19:31:01,RTM,Clear,0.22,8.05,1.1,27.4,57.9
2026-01-23 13:12:45,RTM,Rain,0.07,8.05,22.9,23.0,67.7
2026-02-25 16:58:19,RTM,Clear,0.5,5.34,1.3,23.9,100.0
2026-04-23 22:41:30,RTM,Clear,0.42,5.78,0.0,32.8,34.6
2026-05-28 15:18:26,RTM,Clear,0.21,8.83,1.5,34.8,20.0
2026-03-22 04:32:23,RTM,Clear,0.35,7.39,0.4,10.4,52.1
2026-03-28 23:42:20,RTM,Clear,0.25,7.88,0.8,21.6,33.7
2026-06-19 03:53:16,RTM,Clear,0.38,6.6,0.4,27.0,60.1
2026-03-05 22:36:48,RTM,Fog,0.52,5.16,0.8,17.8,100.0
2026-03-11 04:32:26,RTM,Clear,0.21,8.77,0.5,27.5,86.5
2026-04-17 09:29:11,RTM,Clear,0.23,9.05,1.1,34.8,94.9
2026-05-23 00:29:14,RTM,Clear,0.26,8.11,0.0,25.7,55.7
2026-04-20 18:07:07,RTM,Clear,0.29,6.91,1.2,14.7,50.8
2026-03-03 02:05:38,RTM,Rain,0.16,7.06,21.4,26.7,51.8
2026-03-21 05:25:17,RTM,Clear,0.65,4.41,1.2,31.5,70.3
2026-06-04 01:20:30,RTM,Cloudy,0.18,7.49,0.3,33.1,55.6
2026-02-05 12:43:59,RTM,Clear,0.12,9.42,1.4,11.7,75.8
2026-01-19 08:56:27,RTM,Fog,0.7,4.16,0.5,23.3,36.3
2026-01-17 03:48:47,RTM,Cloudy,0.39,6.18,0.4,16.9,85.6
2026-05-10 23:29:15,RTM,Cloudy,0.37,6.86,0.7,15.2,49.7
2026-03-05 11:44:52,RTM,Clear,0.34,7.73,0.6,22.6,57.8
2026-04-10 17:32:42,RTM,Clear,0.15,8.33,0.5,19.7,64.0
2026-06-17 16:02:58,RTM,Clear,0.6,4.64,1.1,11.1,63.6
2026-03-30 15:05:46,RTM,Clear,0.79,3.66,0.2,25.6,92.7
2026-01-06 20:31:27,RTM,Cloudy,0.25,7.22,1.4,36.6,67.7
2026-05-20 17:22:04,RTM,Clear,0.34,7.44,1.2,17.3,69.2
2026-03-09 11:13:28,RTM,Clear,0.58,4.42,1.2,34.0,66.0
2026-02-16 20:25:01,RTM,Clear,0.49,5.35,0.2,32.5,58.3
2026-06-17 14:54:34,RTM,Cloudy,0.24,7.39,0.0,16.9,65.2
2026-01-05 06:53:49,RTM,Cloudy,0.24,7.18,0.1,21.1,89.7
2026-01-26 05:12:47,RTM,Clear,0.33,7.2,1.0,24.1,70.8
2026-03-04 23:32:42,RTM,Cloudy,0.38,7.04,1.1,35.4,48.1
2026-05-27 19:21:02,RTM,Cloudy,0.19,8.17,0.6,26.8,66.9
2026-02-20 00:12:13,RTM,Cloudy,0.18,8.48,0.4,27.1,72.6
2026-05-06 01:58:44,RTM,Rain,0.53,4.86,1.9,14.6,75.2
2026-02-16 02:34:12,RTM,Clear,0.1,9.43,0.5,28.9,44.9
2026-01-19 21:10:02,RTM,Clear,0.13,9.34,1.1,25.2,76.5
2026-04-07 05:48:46,RTM,Fog,0.47,6.01,0.9,10.5,66.4
2026-01-14 19:56:22,RTM,Clear,0.68,3.27,0.8,33.3,52.5
2026-04-14 00:21:54,RTM,Rain,0.15,7.94,3.1,30.3,83.6
2026-02-24 17:32:10,RTM,Cloudy,0.15,7.98,0.8,12.4,51.3
2026-02-05 05:26:25,RTM,Rain,0.12,8.39,9.6,23.8,72.8
2026-01-17 07:50:23,RTM,Clear,0.22,7.68,1.2,26.3,77.0
2026-02-07 09:08:20,RTM,Clear,0.06,9.72,0.0,25.7,80.5
2026-03-03 18:36:23,RTM,Fog,0.78,4.0,0.2,15.8,100.0
2026-02-25 18:51:23,RTM,Fog,0.52,6.65,0.5,27.0,50.5
2026-05-17 20:20:49,RTM,Fog,0.54,5.67,1.0,32.6,65.6
2026-02-20 15:30:49,RTM,Clear,0.11,8.72,0.3,15.3,45.8
2026-04-04 17:30:32,RTM,Cloudy,0.32,7.04,0.9,16.9,57.6
2026-02-20 13:08:57,RTM,Rain,0.07,8.36,2.6,32.2,55.5
2026-01-26 11:19:42,RTM,Rain,0.69,3.12,12.4,32.4,78.7
2026-03-30 03:06:06,RTM,Clear,0.3,7.84,0.1,27.5,61.3
2026-03-12 09:14:20,RTM,Clear,0.38,6.42,0.8,15.3,76.4
2026-05-15 16:22:15,RTM,Cloudy,0.53,5.33,1.1,36.5,59.0
2026-06-25 07:59:38,RTM,Clear,0.31,7.97,0.8,31.3,73.2
2026-06-04 08:25:37,RTM,Clear,0.26,7.3,1.2,20.5,49.8
2026-02-15 18:26:39,RTM,Rain,0.61,3.93,9.6,12.0,88.3
2026-01-22 07:50:19,RTM,Clear,0.53,5.15,0.9,19.3,48.6
2026-05-07 00:38:54,RTM,Cloudy,0.37,7.23,1.3,31.9,48.1
2026-03-07 22:21:04,RTM,Fog,0.65,4.72,1.1,20.9,65.8
2026-04-30 17:25:42,RTM,Cloudy,0.12,8.73,1.4,26.3,61.1
2026-02-28 02:22:58,RTM,Fog,0.62,4.42,0.0,22.5,93.0
2026-05-14 09:58:18,RTM,Rain,0.26,6.73,9.6,18.3,95.9
2026-06-12 19:20:29,RTM,Clear,0.53,4.66,1.3,19.6,50.6
2026-04-05 17:34:54,RTM,Fog,0.5,5.8,0.6,30.5,72.6
2026-03-31 15:55:42,RTM,Cloudy,0.47,5.84,0.6,35.8,76.6
2026-04-17 05:07:13,RTM,Cloudy,0.18,9.21,0.5,23.4,73.2
2026-04-05 03:22:37,RTM,Fog,0.46,6.83,0.9,19.8,63.4
2026-05-17 03:24:43,RTM,Fog,0.53,5.35,0.6,17.7,79.8
2026-03-30 19:43:27,RTM,Clear,0.21,7.68,0.7,6.5,92.6
2026-03-01 05:16:37,RTM,Rain,0.62,3.81,2.2,30.5,55.3
2026-06-27 12:15:25,RTM,Clear,0.46,6.08,1.0,18.2,65.9
2026-05-31 22:31:52,RTM,Clear,0.82,2.74,0.9,11.5,68.8
2026-03-13 16:54:23,RTM,Clear,0.1,9.03,0.6,33.0,65.3
2026-05-20 07:36:10,RTM,Fog,0.83,2.77,1.1,36.0,70.8
2026-02-01 21:45:43,RTM,Cloudy,0.52,5.44,0.6,34.7,59.1
2026-02-12 17:21:35,RTM,Cloudy,0.4,6.65,1.5,23.0,80.3
2026-02-26 12:16:23,RTM,Clear,0.11,9.4,1.0,29.9,71.9
2026-01-08 10:57:30,RTM,Rain,0.18,6.74,7.5,23.0,61.7
2026-02-20 02:36:42,RTM,Clear,0.25,7.97,0.6,24.0,74.5
2026-02-20 15:51:20,RTM,Cloudy,0.04,9.71,0.0,25.8,71.7
2026-05-27 12:52:59,RTM,Clear,0.69,4.77,0.9,5.9,91.8
2026-06-19 15:00:41,RTM,Clear,0.75,3.63,1.4,19.9,48.6
2026-06-15 10:07:11,RTM,Clear,0.21,8.11,1.0,20.5,57.1
2026-06-20 03:45:02,RTM,Cloudy,0.25,8.1,0.7,26.9,39.6
2026-06-30 16:33:01,RTM,Clear,0.38,6.94,0.4,46.7,64.5
2026-04-15 19:33:37,RTM,Fog,0.77,3.23,0.6,32.7,59.9
2026-01-24 14:42:36,RTM,Fog,0.4,7.07,0.8,26.7,80.1
2026-03-09 13:24:45,RTM,Clear,0.21,8.23,1.3,29.7,65.4
2026-01-07 04:19:42,RTM,Clear,0.53,5.51,1.5,27.4,62.6
2026-04-27 03:39:40,RTM,Fog,0.6,4.76,0.2,21.4,55.7
2026-02-14 18:46:45,RTM,Rain,0.6,3.29,7.8,26.5,39.8
2026-01-31 05:39:20,RTM,Fog,0.54,5.43,0.8,22.7,66.7
2026-04-17 02:03:30,RTM,Clear,0.15,7.88,1.2,26.2,59.8
2026-04-29 01:44:00,RTM,Rain,0.37,6.33,0.9,35.0,89.5
2026-03-19 05:59:07,RTM,Rain,0.23,6.77,8.4,27.6,51.0
2026-03-01 08:54:57,RTM,Clear,0.56,4.68,0.4,23.0,67.0
2026-04-15 14:18:07,RTM,Cloudy,0.22,8.29,0.1,16.9,56.5
2026-05-27 11:00:40,RTM,Clear,0.22,8.84,0.7,27.1,81.1
2026-02-02 04:58:08,RTM,Clear,0.34,7.54,0.8,41.6,71.8
2026-01-17 22:27:26,RTM,Clear,0.38,7.55,0.5,25.3,90.0
2026-02-01 22:14:16,RTM,Clear,0.23,8.1,1.4,18.4,51.2
2026-01-28 18:33:40,RTM,Cloudy,0.04,9.86,0.2,28.3,69.6
2026-03-29 22:30:30,RTM,Clear,0.32,7.74,1.0,23.0,70.1
2026-02-10 03:51:32,RTM,Rain,0.46,5.14,3.0,25.9,27.1
2026-06-22 09:19:50,RTM,Fog,0.39,7.22,0.8,25.0,73.1
2026-05-07 23:59:17,RTM,Fog,0.7,4.02,0.8,20.6,59.4
2026-03-09 14:20:15,RTM,Clear,0.38,6.09,1.3,20.0,100.0
2026-04-22 05:18:16,RTM,Clear,0.26,8.33,0.1,11.5,72.3
2026-05-18 18:33:12,RTM,Clear,0.13,8.6,1.5,13.2,100.0
2026-05-24 10:30:30,RTM,Fog,0.41,6.67,1.0,14.0,64.9
2026-02-17 17:43:16,RTM,Rain,0.33,5.95,6.1,29.5,92.2
2026-01-09 23:30:21,RTM,Fog,0.8,3.02,1.1,28.5,75.5
2026-04-04 11:45:42,RTM,Cloudy,0.32,7.11,0.4,24.6,81.9
2026-04-01 01:28:46,RTM,Clear,0.36,6.58,0.6,21.9,100.0
2026-06-08 13:18:00,RTM,Rain,0.5,4.82,2.5,20.7,65.0
2026-04-13 15:56:41,RTM,Clear,0.28,8.16,0.6,23.5,65.4
2026-04-13 05:45:41,RTM,Clear,0.6,5.06,0.5,11.1,53.1
2026-04-11 19:44:18,RTM,Cloudy,0.34,6.34,0.3,24.7,58.9
2026-05-03 14:35:06,RTM,Cloudy,0.17,8.64,1.2,31.2,53.0
2026-01-03 17:51:40,RTM,Clear,0.16,8.86,1.2,8.5,87.5
2026-03-16 20:05:52,RTM,Clear,0.12,9.22,1.5,21.4,67.1
2026-05-26 11:59:06,RTM,Rain,0.33,5.34,14.5,26.9,20.0
2026-05-04 10:22:59,RTM,Clear,0.22,7.71,0.8,35.4,82.5
2026-01-03 08:44:55,RTM,Clear,0.2,8.79,0.5,23.5,60.2
2026-05-23 10:12:17,RTM,Rain,0.06,7.94,5.1,22.7,52.7
2026-01-18 12:22:28,RTM,Clear,0.15,8.48,1.1,19.4,68.5
2026-03-11 16:13:14,RTM,Cloudy,0.15,9.51,1.3,16.4,76.6
2026-01-26 18:28:43,RTM,Clear,0.5,5.78,1.0,22.5,86.3
2026-04-03 13:39:56,RTM,Clear,0.19,9.22,0.7,24.2,70.7
2026-02-05 02:10:59,RTM,Clear,0.51,5.6,0.6,13.4,52.4
2026-06-15 21:00:12,RTM,Fog,0.7,3.77,1.5,29.2,98.9
2026-02-27 20:32:36,RTM,Cloudy,0.17,8.46,0.4,13.7,94.6
2026-05-29 04:23:52,RTM,Clear,0.27,7.64,0.3,33.6,56.2
2026-04-24 08:14:44,RTM,Clear,0.24,8.39,1.1,15.3,66.3
2026-01-16 17:41:00,RTM,Cloudy,0.33,7.93,1.4,31.0,81.9
2026-05-17 06:07:35,RTM,Clear,0.51,5.84,1.0,10.0,87.7
2026-06-23 06:58:19,RTM,Fog,1.0,1.44,1.3,28.4,42.8
2026-01-04 13:28:19,RTM,Clear,0.12,9.1,0.8,23.0,81.6
2026-05-02 01:37:34,RTM,Rain,0.44,5.1,4.9,17.7,49.2
2026-06-03 19:50:14,RTM,Rain,0.26,7.36,4.3,18.8,70.7
2026-02-15 12:36:51,RTM,Rain,0.29,6.21,1.0,44.4,56.8
2026-01-10 23:04:23,RTM,Clear,0.06,9.08,1.4,26.8,73.7
2026-02-22 14:24:29,RTM,Clear,0.21,8.37,0.7,23.9,54.0
2026-01-24 19:40:14,RTM,Clear,0.4,6.26,0.6,23.9,79.3
2026-03-02 21:37:59,RTM,Clear,0.09,9.61,0.9,25.3,98.0
2026-05-20 14:30:43,RTM,Fog,0.63,4.27,1.2,30.2,92.0
2026-01-22 07:05:10,RTM,Clear,0.3,7.46,1.5,20.0,24.4
2026-05-24 21:37:08,RTM,Clear,0.13,8.78,1.2,17.4,53.7
2026-02-22 13:01:10,RTM,Clear,0.34,7.96,0.1,34.0,57.4
2026-05-13 06:59:18,RTM,Clear,0.52,5.89,1.4,21.5,52.2
2026-04-10 15:23:36,RTM,Fog,0.67,4.66,0.5,18.0,66.7
2026-04-15 10:23:40,RTM,Clear,0.34,7.12,0.8,35.3,100.0
2026-03-24 15:10:51,RTM,Clear,0.37,7.05,0.8,8.9,59.4
2026-01-30 17:04:05,RTM,Clear,0.33,7.93,0.7,6.3,67.5
2026-01-29 02:53:01,RTM,Clear,0.23,7.8,1.3,20.9,50.4
2026-01-16 23:34:36,RTM,Rain,0.62,3.48,11.8,5.8,75.5
2026-02-05 01:52:18,RTM,Fog,0.6,4.97,0.4,19.4,92.9
2026-01-10 16:47:41,RTM,Clear,0.27,7.39,0.0,30.4,68.9
2026-05-26 15:28:50,RTM,Clear,0.42,6.76,1.2,26.6,69.2
2026-05-20 03:26:24,RTM,Rain,0.35,6.1,9.7,18.8,63.9
2026-02-01 14:07:14,RTM,Clear,0.16,9.11,1.2,27.2,43.6
2026-04-12 04:36:43,RTM,Clear,0.19,8.47,1.4,19.6,64.2
2026-01-31 02:26:55,RTM,Fog,0.6,5.37,0.4,29.5,90.1
2026-03-19 04:29:25,RTM,Clear,0.27,7.41,1.5,18.4,100.0
2026-03-03 01:06:41,RTM,Clear,0.15,8.86,1.2,22.8,46.0
2026-02-01 15:27:25,RTM,Clear,0.38,6.91,0.1,17.4,84.1
2026-05-05 09:51:56,RTM,Clear,0.49,5.73,1.1,22.4,74.4
2026-05-17 09:18:39,RTM,Cloudy,0.56,5.5,0.8,25.6,67.2
2026-04-04 10:46:22,RTM,Clear,0.36,7.49,0.4,28.6,59.6
2026-01-02 09:19:35,RTM,Clear,0.14,9.19,0.9,25.2,75.4
2026-02-18 02:58:08,RTM,Cloudy,0.05,9.93,1.4,24.0,74.5
2026-04-29 21:43:22,RTM,Clear,0.19,8.28,0.3,31.5,46.9
2026-03-16 09:48:29,RTM,Clear,0.07,8.98,0.7,17.8,67.4
2026-06-08 12:50:22,RTM,Fog,0.93,2.45,1.2,13.6,81.3
2026-04-10 00:44:55,RTM,Fog,0.75,3.95,0.5,21.4,66.8
2026-01-11 23:10:23,RTM,Clear,0.19,8.44,1.1,33.8,58.1
2026-05-05 02:38:00,RTM,Cloudy,0.4,6.29,0.9,23.2,65.1
2026-05-26 22:33:54,RTM,Fog,0.69,3.97,0.3,21.1,100.0
2026-01-07 01:26:06,RTM,Cloudy,0.05,9.77,1.2,21.1,61.5
2026-04-03 19:16:37,RTM,Cloudy,0.17,8.97,0.1,20.9,100.0
2026-02-06 20:58:21,RTM,Cloudy,0.67,3.52,1.0,22.7,82.0
2026-01-11 04:39:51,RTM,Rain,0.28,6.02,22.6,38.8,41.6
2026-03-02 19:55:35,RTM,Cloudy,0.64,4.24,1.4,33.0,73.6
2026-03-18 19:46:08,RTM,Clear,0.21,8.62,0.5,27.8,85.3
2026-03-16 01:45:06,RTM,Clear,0.58,5.04,0.2,32.3,62.3
2026-02-10 06:46:50,RTM,Cloudy,0.25,7.51,0.8,22.3,74.7
2026-01-05 21:18:07,RTM,Clear,0.18,8.99,1.0,15.1,71.5
2026-03-10 23:25:50,RTM,Clear,0.15,8.38,0.6,36.1,61.9
2026-06-01 19:29:38,RTM,Fog,0.52,5.78,0.2,24.4,92.4
2026-05-11 10:40:51,RTM,Fog,0.71,3.61,0.3,7.2,78.7
2026-06-16 23:00:39,RTM,Clear,0.13,9.23,0.6,31.8,100.0
2026-06-18 03:01:23,RTM,Clear,0.13,9.18,1.0,21.7,70.5
2026-01-12 23:08:46,RTM,Rain,0.34,5.92,8.0,29.9,70.4
2026-04-23 17:57:47,RTM,Fog,0.52,5.11,1.0,11.2,75.4
2026-01-17 15:11:36,RTM,Clear,0.33,7.65,0.7,34.3,87.4
2026-03-16 13:11:48,RTM,Clear,0.25,8.14,0.7,23.5,60.9
2026-04-25 23:52:16,RTM,Clear,0.26,7.98,0.3,32.9,80.4
2026-04-25 14:13:22,RTM,Fog,0.62,4.72,1.5,32.3,72.0
2026-01-19 03:08:09,RTM,Clear,0.11,8.98,0.6,32.0,30.0
2026-04-01 18:26:18,RTM,Clear,0.13,8.47,0.9,8.7,72.2
2026-04-02 21:50:48,RTM,Fog,0.51,5.46,0.6,26.8,100.0
2026-01-17 18:46:43,RTM,Clear,0.34,7.38,0.8,21.4,64.9
2026-05-16 11:47:26,RTM,Rain,0.25,6.49,7.4,25.9,96.0
2026-05-27 00:34:53,RTM,Clear,0.13,8.72,1.0,20.7,79.1
2026-02-17 15:34:25,RTM,Rain,0.06,9.07,5.1,10.7,77.7
2026-05-11 18:00:37,RTM,Cloudy,0.22,8.4,1.0,29.6,68.2
2026-03-12 06:16:35,RTM,Cloudy,0.32,6.6,0.4,18.6,72.5
2026-04-23 15:21:56,RTM,Clear,0.43,6.04,0.2,22.6,77.8
2026-04-23 14:42:07,RTM,Rain,0.37,6.37,2.7,23.3,52.4
2026-01-07 19:23:01,RTM,Cloudy,0.15,8.95,1.4,9.0,89.9
2026-05-07 02:00:52,RTM,Cloudy,0.49,5.67,0.2,15.1,93.8
2026-03-03 00:31:19,RTM,Clear,0.39,7.28,0.8,22.6,86.7
2026-05-19 16:28:05,RTM,Clear,0.17,8.38,0.7,9.3,65.6
2026-02-15 21:40:39,RTM,Fog,0.5,6.54,1.0,28.0,76.3
2026-06-20 08:53:22,RTM,Clear,0.33,7.63,1.2,22.3,82.4
2026-02-22 13:17:46,RTM,Clear,0.19,7.83,0.2,24.1,49.1
2026-04-14 11:46:59,RTM,Fog,0.6,4.21,0.7,35.1,56.9
2026-06-30 23:46:37,RTM,Rain,0.17,7.94,11.0,14.7,80.2
2026-04-04 16:57:01,RTM,Fog,0.96,2.61,0.4,14.3,100.0
2026-02-21 12:59:09,RTM,Rain,0.21,7.4,21.0,21.8,69.7
2026-03-12 20:01:58,RTM,Clear,0.22,7.8,0.5,24.6,72.0
2026-03-02 19:04:08,RTM,Cloudy,0.31,7.33,1.0,18.4,85.5
2026-04-21 09:44:09,RTM,Clear,0.27,7.88,0.0,27.9,72.0
2026-02-02 00:00:37,RTM,Clear,0.48,6.07,1.5,12.2,95.9
2026-02-23 02:16:52,RTM,Clear,0.4,6.68,1.4,22.4,100.0
2026-04-04 23:10:13,RTM,Rain,0.37,5.74,9.2,28.8,77.4
2026-01-22 22:27:42,RTM,Fog,0.63,4.82,0.8,12.6,55.7
2026-06-27 00:50:45,RTM,Fog,0.81,3.19,0.5,32.1,92.7
2026-05-28 00:17:47,RTM,Rain,0.33,6.45,5.7,32.8,50.4
2026-03-15 22:47:43,RTM,Fog,0.38,7.29,0.8,25.6,70.2
2026-02-02 00:54:40,RTM,Clear,0.44,5.95,1.2,30.9,46.1
2026-01-11 05:34:49,RTM,Clear,0.08,8.59,0.6,24.4,71.6
2026-04-25 00:42:02,RTM,Clear,0.39,6.53,1.5,24.5,93.4
2026-02-01 08:37:42,RTM,Clear,0.13,8.9,0.7,13.8,100.0
2026-04-29 02:22:35,RTM,Fog,0.62,5.11,1.4,26.2,63.3
2026-02-23 00:54:21,RTM,Fog,0.71,4.5,1.1,27.1,96.1
2026-02-16 18:17:15,RTM,Clear,0.1,8.9,1.1,26.4,76.2
2026-03-19 10:49:53,RTM,Clear,0.1,9.43,0.1,26.0,100.0
2026-02-14 05:45:47,RTM,Fog,0.77,3.58,1.4,22.0,57.6
2026-05-25 13:10:01,RTM,Cloudy,0.3,8.41,1.4,38.2,88.3
2026-06-27 16:06:18,RTM,Clear,0.49,6.53,1.1,21.9,74.9
2026-03-09 08:20:04,RTM,Fog,0.73,3.87,1.2,23.6,83.4
2026-03-04 05:49:26,RTM,Clear,0.28,7.58,1.3,30.1,94.1
2026-03-07 23:36:00,RTM,Clear,0.51,5.57,0.2,28.6,85.4
2026-02-14 01:36:19,RTM,Clear,0.32,7.37,1.4,8.7,70.2
2026-05-08 09:23:37,RTM,Fog,0.82,3.11,0.3,24.2,50.0
2026-03-14 20:35:21,RTM,Cloudy,0.41,7.09,1.0,1.2,64.4
2026-03-07 14:03:57,RTM,Clear,0.06,9.67,1.3,30.3,90.5
2026-05-14 16:22:12,RTM,Cloudy,0.33,8.03,0.6,17.6,71.0
2026-02-03 11:10:03,RTM,Clear,0.38,7.26,0.7,18.5,59.4
2026-05-01 07:04:09,RTM,Clear,0.37,6.77,1.0,14.0,57.9
2026-05-26 17:37:23,RTM,Clear,0.52,5.93,1.3,25.6,65.8
2026-06-27 12:00:14,RTM,Rain,0.3,5.52,8.6,16.9,65.4
2026-03-02 02:02:06,RTM,Fog,0.46,5.38,0.7,25.5,80.1
2026-04-04 14:26:10,RTM,Clear,0.25,7.78,0.2,18.9,52.5
2026-06-07 20:07:19,RTM,Clear,0.34,6.58,1.1,27.8,63.5
2026-06-13 23:34:45,RTM,Clear,0.24,8.27,0.5,31.3,71.0
2026-05-20 19:15:38,RTM,Cloudy,0.24,7.15,1.0,24.0,66.3
2026-01-31 12:20:30,RTM,Clear,0.16,9.55,0.8,10.4,73.0
2026-05-17 21:05:41,RTM,Clear,0.27,7.41,0.7,23.1,60.1
2026-01-07 08:12:24,RTM,Fog,0.7,4.13,1.0,25.6,62.1
2026-02-09 01:41:15,RTM,Clear,0.32,6.75,0.7,14.8,65.0
2026-05-02 15:21:10,RTM,Fog,0.71,4.39,0.9,21.6,75.3
2026-06-16 00:19:13,RTM,Cloudy,0.23,8.32,0.1,33.7,32.7
2026-01-07 21:04:58,RTM,Clear,0.25,8.47,0.9,19.9,27.3
2026-05-16 21:21:26,RTM,Fog,0.67,4.2,0.5,22.9,76.3
2026-02-02 09:23:13,RTM,Clear,0.32,7.76,0.7,28.4,80.7
2026-02-10 15:43:15,RTM,Clear,0.33,7.25,0.3,35.7,67.7
2026-06-22 21:42:40,RTM,Clear,0.6,4.93,1.0,28.2,70.8
2026-04-23 06:27:22,RTM,Rain,0.38,5.61,13.2,35.0,58.1
2026-05-05 20:33:43,RTM,Clear,0.22,7.52,1.5,35.0,62.7
2026-01-27 01:27:39,RTM,Cloudy,0.12,8.83,0.4,9.2,54.2
2026-04-29 12:09:49,RTM,Fog,0.84,3.03,0.1,26.7,81.8
2026-05-24 04:08:48,RTM,Clear,0.63,4.02,0.2,9.5,82.0
2026-05-27 05:29:21,RTM,Cloudy,0.25,8.13,0.5,25.5,41.4
2026-04-18 21:06:00,RTM,Clear,0.67,3.49,0.6,18.8,47.7
2026-03-07 12:22:29,RTM,Clear,0.58,4.69,0.3,14.8,65.7
2026-03-24 20:42:06,RTM,Clear,0.4,7.21,1.2,28.0,79.2
2026-06-19 10:46:27,RTM,Clear,0.24,7.89,0.7,33.8,66.7
2026-06-30 07:34:05,RTM,Cloudy,0.51,5.9,0.6,37.4,100.0
2026-03-07 22:02:17,RTM,Rain,0.2,7.01,3.3,30.1,49.9
2026-05-13 03:51:25,RTM,Clear,0.22,7.37,0.0,32.1,51.8
2026-01-06 15:39:41,RTM,Clear,0.19,7.9,0.9,16.0,69.8
2026-03-09 19:45:10,RTM,Clear,0.46,6.7,0.7,30.3,55.8
2026-03-12 18:38:21,RTM,Clear,0.51,5.36,0.4,12.3,70.1
2026-05-20 10:06:01,RTM,Clear,0.12,9.12,0.0,26.0,44.5
2026-01-13 06:36:07,RTM,Fog,0.62,4.59,1.0,38.3,62.5
2026-06-19 23:48:24,RTM,Clear,0.2,7.96,0.4,26.8,72.0
2026-04-24 19:31:36,RTM,Clear,0.45,6.71,0.9,27.4,40.8
2026-05-25 06:11:27,RTM,Cloudy,0.47,6.27,1.5,24.6,49.3
2026-05-21 19:46:30,RTM,Clear,0.7,4.08,1.4,20.1,74.3
2026-06-08 22:07:45,RTM,Cloudy,0.46,5.69,0.1,11.6,100.0
2026-04-16 07:43:42,RTM,Cloudy,0.13,9.04,0.0,8.7,67.8
2026-05-19 23:13:52,RTM,Clear,0.17,7.85,0.3,22.6,50.4
2026-03-11 20:45:29,RTM,Clear,0.06,9.89,1.3,17.0,63.7
2026-02-16 18:12:36,RTM,Clear,0.25,8.35,1.5,13.2,69.4
2026-06-22 08:36:21,RTM,Cloudy,0.17,8.4,0.1,28.8,100.0
2026-05-17 03:05:21,RTM,Cloudy,0.2,8.98,0.7,7.5,82.5
2026-03-11 13:44:47,RTM,Fog,0.6,4.53,1.3,25.6,88.1
2026-02-09 04:26:35,RTM,Clear,0.37,7.47,1.4,27.0,78.8
2026-03-19 22:27:12,RTM,Cloudy,0.14,9.33,0.3,35.5,70.3
2026-04-22 00:59:48,RTM,Fog,0.51,5.63,1.2,29.5,71.5
2026-05-08 19:44:53,RTM,Rain,0.79,1.92,6.7,20.2,86.4
2026-04-26 16:01:49,RTM,Clear,0.29,7.7,1.0,27.5,83.0
2026-02-04 11:21:24,RTM,Cloudy,0.03,10.06,1.5,35.9,95.8
2026-05-23 06:37:04,RTM,Clear,0.26,7.51,0.2,35.8,61.6
2026-06-04 19:13:34,RTM,Cloudy,0.14,9.35,0.0,27.3,53.5
2026-02-20 07:00:53,RTM,Clear,0.44,6.98,0.5,30.5,39.9
2026-05-23 09:32:26,RTM,Cloudy,0.1,8.83,0.5,26.0,87.5
2026-01-09 02:34:59,RTM,Clear,0.07,9.54,0.6,13.5,36.7
2026-06-19 23:29:48,RTM,Clear,0.38,5.97,0.1,16.4,51.6
2026-04-19 03:56:36,RTM,Clear,0.36,7.15,0.8,29.4,73.6
2026-05-25 07:18:43,RTM,Rain,0.41,5.57,5.3,30.9,67.9
2026-04-30 21:52:52,RTM,Clear,0.14,8.16,1.4,11.7,73.8
2026-06-13 09:11:48,RTM,Clear,0.2,7.84,0.4,42.4,53.1
2026-04-07 14:46:05,RTM,Clear,0.14,9.26,1.4,23.8,73.7
2026-06-03 10:26:17,RTM,Cloudy,0.27,7.94,0.0,24.3,65.4
2026-05-15 10:28:03,RTM,Cloudy,0.3,6.93,1.1,31.3,37.1
2026-02-05 08:28:47,RTM,Clear,0.28,7.33,1.3,19.0,66.2
2026-06-16 01:42:27,RTM,Clear,0.41,6.87,0.4,26.0,40.8
2026-02-06 01:14:25,RTM,Cloudy,0.47,6.45,0.8,5.3,85.0
2026-06-08 15:45:08,RTM,Clear,0.13,8.82,0.3,21.5,76.7
2026-02-11 04:06:57,RTM,Clear,0.59,5.13,0.3,20.9,55.1
2026-03-09 13:52:50,RTM,Rain,0.1,7.67,18.4,32.6,35.9
2026-04-27 13:31:46,RTM,Cloudy,0.33,7.51,0.1,23.0,25.2
2026-06-17 04:40:04,RTM,Clear,0.24,7.85,1.1,9.6,40.6
2026-03-27 08:52:36,RTM,Clear,0.17,9.04,0.2,13.7,32.6
2026-01-29 01:02:21,RTM,Clear,0.26,8.21,1.1,21.4,80.6
2026-02-06 17:01:51,RTM,Clear,0.58,4.38,0.7,32.3,87.8
2026-03-08 00:29:34,RTM,Rain,0.34,5.65,14.4,28.5,66.9
2026-04-25 10:40:55,RTM,Rain,0.22,7.16,7.5,9.1,34.2
2026-02-15 09:57:54,RTM,Rain,0.34,6.3,8.0,23.5,93.6
2026-03-01 23:28:40,RTM,Clear,0.14,8.83,0.5,24.8,42.8
2026-05-18 19:15:37,RTM,Cloudy,0.51,5.23,0.2,29.7,91.6
2026-04-28 08:11:06,RTM,Clear,0.22,8.46,1.5,24.0,76.9
2026-03-03 13:53:36,RTM,Clear,0.25,7.57,0.0,18.9,74.5
2026-04-14 15:30:36,RTM,Clear,0.08,8.82,0.4,25.3,98.5
2026-03-12 18:00:16,RTM,Fog,0.73,4.18,1.4,22.0,54.5
2026-02-18 17:41:58,RTM,Clear,0.18,8.22,0.2,10.4,49.3
2026-05-10 12:51:30,RTM,Clear,0.36,7.57,0.5,31.0,90.9
2026-02-27 21:31:27,RTM,Cloudy,0.09,9.23,0.9,23.7,46.1
2026-02-23 20:05:36,RTM,Cloudy,0.02,9.59,1.4,24.0,73.6
2026-01-02 22:38:08,RTM,Clear,0.39,6.15,1.0,21.4,44.6
2026-05-01 00:14:22,RTM,Cloudy,0.1,9.12,0.7,24.9,70.9
2026-03-21 03:14:24,RTM,Fog,0.73,3.56,1.3,24.8,68.8
2026-01-12 10:56:35,RTM,Cloudy,0.16,8.33,0.6,26.4,28.3
2026-03-15 00:34:12,RTM,Clear,0.16,8.6,0.0,23.1,37.7
2026-04-07 02:40:52,RTM,Clear,0.36,6.45,1.5,12.1,48.9
2026-03-17 12:49:02,RTM,Rain,0.14,7.26,5.1,35.6,45.0
2026-03-22 04:24:51,RTM,Clear,0.46,5.73,1.3,30.2,100.0
2026-03-30 11:38:35,RTM,Clear,0.44,6.16,0.4,24.9,58.5
2026-06-17 00:36:56,RTM,Clear,0.29,7.13,0.1,26.4,65.0
2026-06-25 20:44:34,RTM,Clear,0.48,5.51,1.3,19.9,57.7
2026-02-27 17:09:25,RTM,Clear,0.36,7.53,0.4,38.0,73.9
2026-05-25 22:00:21,RTM,Clear,0.18,8.57,1.4,9.1,71.7
2026-06-03 08:48:37,RTM,Cloudy,0.21,8.7,0.9,33.0,64.2
2026-05-15 12:27:39,RTM,Clear,0.13,9.18,1.2,37.3,53.9
2026-02-02 11:17:36,RTM,Fog,0.72,3.85,1.1,21.3,74.2
2026-01-18 01:22:35,RTM,Cloudy,0.15,9.07,0.1,17.3,65.4
2026-01-27 12:17:49,RTM,Fog,0.4,6.47,0.2,35.9,93.3
2026-04-20 20:11:14,RTM,Fog,0.38,6.86,0.2,40.8,70.7
2026-03-10 04:39:06,RTM,Cloudy,0.24,8.85,0.8,17.4,57.7
2026-06-24 09:22:47,RTM,Fog,0.84,3.3,0.3,20.1,85.3
2026-04-23 10:47:57,RTM,Fog,0.77,2.45,1.3,19.3,37.7
2026-02-11 04:18:26,RTM,Fog,0.4,6.49,1.2,12.7,80.2
2026-01-19 00:19:52,RTM,Clear,0.35,6.9,0.6,19.0,83.3
2026-05-22 16:10:37,RTM,Clear,0.62,5.0,1.2,22.9,73.5
2026-06-18 01:58:21,RTM,Cloudy,0.17,8.45,0.8,40.3,62.3
2026-06-28 05:59:40,RTM,Clear,0.08,8.74,0.7,9.6,43.8
2026-03-13 22:32:26,RTM,Clear,0.59,4.99,1.0,18.1,97.1
2026-04-12 04:53:55,RTM,Cloudy,0.27,7.91,1.2,15.6,53.8
2026-02-01 19:32:14,RTM,Cloudy,0.32,6.9,0.7,35.7,76.9
2026-02-19 22:32:11,RTM,Clear,0.35,6.74,0.4,31.7,100.0
2026-03-01 00:26:11,RTM,Cloudy,0.69,4.21,0.9,24.3,86.5
2026-06-06 13:37:51,RTM,Clear,0.29,7.51,1.0,36.8,62.8
2026-05-21 01:49:55,RTM,Clear,0.55,4.76,1.4,32.1,58.3
2026-03-29 00:47:07,RTM,Rain,0.27,6.71,6.2,19.2,53.2
2026-06-07 23:35:00,RTM,Clear,0.64,4.65,1.1,23.7,49.8
2026-06-13 21:18:49,RTM,Rain,0.46,4.76,1.1,24.1,35.2
2026-03-21 07:35:42,RTM,Clear,0.55,4.65,0.5,25.1,60.5
2026-03-31 06:55:27,RTM,Clear,0.16,8.08,1.4,17.4,66.3
2026-05-29 21:10:55,RTM,Clear,0.22,8.15,0.1,28.5,84.7
2026-02-09 04:34:40,RTM,Cloudy,0.24,7.69,0.5,32.6,78.7
2026-03-16 07:59:51,RTM,Clear,0.12,8.71,1.1,14.7,30.4
2026-06-07 01:02:48,RTM,Cloudy,0.58,4.61,0.2,37.5,82.7
2026-02-16 05:22:57,RTM,Rain,0.45,4.59,14.9,24.3,62.0
2026-03-31 03:03:25,RTM,Clear,0.42,6.23,0.0,12.7,87.0
2026-05-22 02:59:37,RTM,Fog,0.83,3.16,1.4,25.5,61.3
2026-01-31 03:46:27,RTM,Clear,0.54,5.89,1.4,17.6,84.6
2026-06-18 04:49:08,RTM,Clear,0.36,7.33,0.6,5.0,68.8
2026-03-22 14:00:59,RTM,Clear,0.16,8.37,0.8,37.4,59.5
2026-05-22 01:34:51,RTM,Fog,0.52,6.86,0.6,16.9,89.8
2026-01-01 15:09:40,RTM,Rain,0.36,5.75,22.1,32.4,42.3
2026-04-23 13:30:31,RTM,Clear,0.46,5.7,1.5,12.5,75.6
2026-02-09 15:40:45,RTM,Clear,0.16,8.52,0.8,42.1,68.7
2026-02-09 23:52:33,RTM,Cloudy,0.24,8.23,1.4,25.0,75.6
2026-01-22 06:18:04,RTM,Cloudy,0.07,8.87,0.9,29.3,100.0
2026-01-06 02:35:50,RTM,Clear,0.17,7.66,0.0,28.1,74.3
2026-02-15 10:55:08,RTM,Clear,0.09,8.92,0.5,-1.3,95.8
2026-02-12 14:58:28,RTM,Fog,0.63,4.37,0.4,33.2,90.2
2026-01-09 10:16:33,RTM,Clear,0.26,7.16,0.9,28.0,83.8
2026-03-03 16:47:13,RTM,Fog,0.4,6.98,0.5,27.6,71.0
2026-01-17 15:35:37,RTM,Fog,0.61,5.12,0.8,27.6,52.4
2026-06-16 06:34:45,RTM,Clear,0.31,7.6,0.1,18.1,74.2
2026-04-21 17:55:44,RTM,Clear,0.31,8.22,0.6,30.6,79.0
2026-03-30 15:10:55,RTM,Fog,0.86,3.14,0.8,29.8,84.2
2026-04-12 06:50:45,RTM,Rain,0.41,5.03,3.6,19.4,75.4
2026-05-01 19:41:36,RTM,Cloudy,0.32,7.13,0.8,25.6,64.0
2026-03-27 17:11:27,RTM,Clear,0.58,4.28,1.3,29.3,77.0
2026-04-09 10:00:01,RTM,Rain,0.22,6.32,9.7,14.3,37.4
2026-06-22 14:24:42,RTM,Cloudy,0.58,5.72,0.9,23.1,74.0
2026-02-17 06:33:39,RTM,Clear,0.2,8.87,1.1,19.1,63.1
2026-01-23 11:22:22,RTM,Cloudy,0.44,5.74,0.2,25.4,58.4
2026-05-11 20:05:39,RTM,Cloudy,0.18,8.58,1.3,38.1,100.0
2026-02-15 07:19:04,RTM,Cloudy,0.05,8.59,1.2,22.8,49.0
2026-04-21 13:22:04,RTM,Clear,0.15,8.55,0.2,26.4,62.9
2026-05-31 12:07:28,RTM,Rain,0.33,5.61,14.0,16.6,43.4
2026-03-25 17:15:47,RTM,Clear,0.1,8.05,1.4,22.5,49.7
2026-02-03 01:42:55,RTM,Clear,0.4,6.97,1.4,25.7,76.5
2026-05-30 06:20:31,RTM,Rain,0.28,5.98,4.3,22.3,52.2
2026-01-21 12:28:29,RTM,Cloudy,0.27,7.68,0.2,22.8,79.5
2026-03-21 03:10:01,RTM,Rain,0.2,6.65,6.1,22.3,59.8
2026-04-16 10:53:17,RTM,Clear,0.24,7.37,0.3,24.3,81.8
2026-02-11 12:17:19,RTM,Rain,0.62,4.3,13.0,35.9,57.2
2026-03-11 20:43:27,RTM,Fog,0.83,2.7,0.6,40.3,78.6
2026-05-06 22:25:12,RTM,Cloudy,0.22,8.17,0.6,6.0,56.6
2026-03-09 09:27:52,RTM,Clear,0.59,4.15,0.9,31.2,57.2
2026-04-25 15:02:32,RTM,Fog,0.72,3.98,0.3,36.1,68.6
2026-03-06 09:53:53,RTM,Fog,0.53,4.89,0.9,30.7,35.7
2026-04-19 10:44:30,RTM,Clear,0.17,8.3,0.2,20.1,35.5
2026-04-04 20:58:11,RTM,Fog,0.53,5.34,1.0,15.4,53.3
2026-02-04 00:23:54,RTM,Clear,0.17,9.61,0.6,45.4,100.0
2026-01-07 06:32:25,RTM,Clear,0.1,9.47,1.1,18.9,54.4
2026-01-13 13:19:21,RTM,Clear,0.45,6.32,0.6,9.4,91.3
2026-06-08 20:56:45,RTM,Clear,0.28,7.38,1.4,38.3,42.7
2026-04-29 16:00:58,RTM,Fog,0.6,4.39,1.4,29.1,57.6
2026-01-04 07:05:31,RTM,Rain,0.15,7.28,9.0,23.4,90.6
2026-03-15 08:44:03,RTM,Clear,0.16,7.94,1.4,27.9,40.0
2026-06-07 17:48:16,RTM,Clear,0.48,6.23,0.5,15.0,96.3
2026-06-20 18:45:44,RTM,Cloudy,0.37,6.89,1.2,23.8,51.0
2026-02-15 23:11:30,RTM,Clear,0.41,6.56,0.5,24.7,46.8
2026-01-11 01:50:55,RTM,Cloudy,0.08,8.77,0.4,34.4,89.7
2026-04-27 00:05:46,RTM,Fog,0.58,4.74,0.5,26.2,75.6
2026-04-18 18:47:34,RTM,Clear,0.04,9.6,0.2,28.2,87.9
2026-05-26 22:10:28,RTM,Cloudy,0.05,9.91,1.0,38.1,82.3
2026-02-19 21:14:57,RTM,Clear,0.21,8.08,1.1,22.2,37.4
2026-01-11 23:30:17,RTM,Clear,0.34,6.93,1.1,15.7,45.1
2026-03-07 13:13:37,RTM,Rain,0.21,6.82,12.0,14.5,29.4
2026-02-26 01:46:02,RTM,Clear,0.47,6.55,1.2,11.6,81.5
2026-04-27 05:37:41,RTM,Fog,0.61,4.93,0.9,31.7,63.9
2026-04-04 18:16:12,RTM,Rain,0.39,5.19,7.8,22.2,60.2
2026-02-06 03:33:28,RTM,Rain,0.16,8.01,17.5,30.5,44.3
2026-06-14 12:14:17,RTM,Fog,0.76,3.24,1.4,28.4,71.1
2026-05-12 14:58:37,RTM,Fog,0.65,4.97,0.5,30.3,54.8
2026-02-16 17:43:20,RTM,Clear,0.34,7.21,0.7,11.5,61.0
2026-04-25 02:11:02,RTM,Clear,0.09,8.88,0.4,27.1,63.7
2026-06-04 02:26:41,RTM,Clear,0.61,4.86,1.2,15.0,80.9
2026-02-18 10:58:46,RTM,Clear,0.24,8.51,0.6,20.6,35.0
2026-05-19 19:55:28,RTM,Clear,0.19,7.77,1.2,26.7,70.4
2026-06-17 11:09:52,RTM,Clear,0.37,7.53,0.0,28.8,49.4
2026-06-24 02:57:16,RTM,Clear,0.27,7.49,1.0,29.1,72.5
2026-06-19 19:27:14,RTM,Clear,0.15,9.26,1.4,28.4,57.4
2026-03-21 23:04:54,RTM,Clear,0.53,4.82,0.6,27.4,91.9
2026-02-02 13:28:35,RTM,Fog,0.69,3.42,1.4,24.0,95.3
2026-05-07 02:58:35,RTM,Fog,0.48,6.2,1.3,22.6,45.4
2026-03-21 12:59:06,RTM,Rain,0.1,8.31,2.6,28.0,54.4
2026-03-26 14:31:53,RTM,Fog,0.58,5.01,1.3,28.9,30.1
2026-05-21 21:30:30,RTM,Fog,0.68,4.46,1.2,27.6,57.5
2026-04-26 13:26:11,RTM,Rain,0.53,4.78,2.4,39.3,30.3
2026-06-06 16:07:18,RTM,Clear,0.12,9.16,1.1,35.4,90.9
2026-06-02 17:35:24,RTM,Clear,0.47,5.86,1.3,24.7,76.0
2026-04-11 19:50:17,RTM,Clear,0.11,9.48,1.5,22.7,63.3
2026-01-11 08:52:58,RTM,Clear,0.68,4.1,0.5,14.3,93.6
2026-02-12 13:04:31,RTM,Rain,0.48,5.55,11.8,15.9,100.0
2026-05-05 12:57:33,RTM,Clear,0.24,7.74,1.5,30.4,88.1
2026-05-17 17:49:30,RTM,Clear,0.42,5.98,0.8,20.4,65.8
2026-03-23 02:38:49,RTM,Clear,0.11,8.76,0.8,24.9,56.7
2026-02-15 09:47:39,RTM,Cloudy,0.51,5.81,0.4,31.8,76.7
2026-06-27 10:14:55,RTM,Rain,0.17,7.71,6.5,22.7,68.4
2026-02-13 14:14:22,RTM,Clear,0.28,7.12,1.3,40.8,70.0
2026-01-10 11:08:12,RTM,Clear,0.29,7.78,0.6,23.7,56.4
2026-06-24 03:18:03,RTM,Cloudy,0.55,5.3,0.4,30.3,80.3
2026-06-17 17:13:54,RTM,Clear,0.13,8.18,1.1,22.6,38.2
2026-05-08 23:03:48,RTM,Rain,0.25,6.75,19.2,12.5,42.4
2026-03-23 04:25:25,RTM,Clear,0.3,7.11,0.9,21.5,83.7
2026-02-04 16:55:35,RTM,Cloudy,0.26,7.55,0.2,5.9,93.7
2026-02-26 08:37:34,RTM,Fog,0.56,5.7,0.4,22.1,99.3
2026-06-27 00:44:49,RTM,Clear,0.51,5.02,0.5,33.4,64.4
2026-01-17 04:08:02,RTM,Clear,0.51,5.63,0.8,38.0,59.3
2026-04-02 12:12:48,RTM,Clear,0.51,6.83,0.9,17.5,85.6
2026-06-16 05:00:41,RTM,Fog,0.67,5.11,0.0,31.1,63.4
2026-03-09 21:59:20,RTM,Cloudy,0.34,7.03,0.5,26.3,43.3
2026-04-22 17:07:18,RTM,Clear,0.31,8.34,1.1,32.8,48.3
2026-04-06 18:20:43,RTM,Cloudy,0.35,6.62,1.4,27.3,58.7
2026-06-21 10:23:54,RTM,Rain,0.21,7.45,10.8,25.3,80.8
2026-06-15 03:13:44,RTM,Clear,0.23,8.15,0.0,31.5,77.3
2026-06-17 20:01:09,RTM,Cloudy,0.39,7.15,0.4,24.0,56.3
2026-04-16 07:06:09,RTM,Cloudy,0.21,8.91,1.2,32.6,37.9
2026-05-02 06:56:31,RTM,Fog,1.0,1.51,1.3,18.8,59.2
2026-04-05 16:27:27,RTM,Rain,0.15,7.45,10.9,14.5,84.9
2026-04-20 03:04:34,RTM,Clear,0.16,9.29,0.9,27.6,38.7
2026-02-19 11:31:14,RTM,Clear,0.18,8.18,1.0,25.4,51.2
2026-06-15 02:43:40,RTM,Rain,0.66,3.88,6.0,35.2,72.9
2026-03-26 08:36:56,RTM,Fog,0.72,4.26,0.3,39.5,77.2
2026-04-13 07:05:04,RTM,Cloudy,0.12,8.52,0.6,16.4,89.4
2026-01-24 06:03:09,RTM,Cloudy,0.46,6.5,0.3,22.3,55.8
2026-04-08 08:23:10,RTM,Cloudy,0.1,9.07,0.2,32.6,50.5
2026-06-20 12:55:54,RTM,Cloudy,0.35,7.03,0.0,24.2,81.8
2026-02-09 22:20:06,RTM,Cloudy,0.33,7.8,0.2,31.7,68.7
2026-01-30 13:41:32,RTM,Clear,0.37,6.73,0.5,27.3,74.3
2026-05-20 08:36:21,RTM,Cloudy,0.21,7.81,1.0,7.5,61.1
2026-03-06 15:11:37,RTM,Fog,0.88,2.82,1.0,25.1,81.0
2026-06-12 14:40:01,RTM,Cloudy,0.3,6.62,0.1,30.0,71.2
2026-02-18 20:19:20,RTM,Rain,0.35,6.27,10.5,17.8,84.0
2026-05-02 17:47:23,RTM,Clear,0.13,9.07,1.1,21.1,86.6
2026-05-22 02:50:43,RTM,Clear,0.22,8.25,1.1,20.1,62.1
2026-06-02 01:47:52,RTM,Clear,0.33,7.7,0.7,29.5,85.8
2026-05-30 15:25:43,RTM,Clear,0.48,6.77,0.4,23.5,23.6
2026-06-15 21:09:50,RTM,Cloudy,0.35,6.52,0.0,31.1,76.2
2026-05-15 17:16:38,RTM,Cloudy,0.15,9.18,0.8,30.2,29.8
2026-01-12 15:46:49,RTM,Rain,0.27,6.39,11.0,15.5,40.3
2026-01-21 22:04:31,RTM,Clear,0.23,8.32,0.2,16.7,80.0
2026-02-14 01:14:40,RTM,Clear,0.33,7.29,1.0,26.3,45.0
2026-01-01 17:58:45,RTM,Clear,0.5,5.9,0.5,24.5,69.7
2026-05-04 04:34:09,RTM,Clear,0.17,9.27,0.5,15.6,68.2
2026-06-10 20:55:06,RTM,Clear,0.48,6.47,1.1,37.1,100.0
2026-03-15 07:12:22,RTM,Cloudy,0.09,9.66,0.3,22.3,60.8
2026-02-22 09:26:53,RTM,Cloudy,0.25,8.11,1.0,32.6,78.0
2026-03-27 17:06:12,RTM,Clear,0.35,7.28,1.1,30.0,78.3
2026-05-30 10:32:14,RTM,Rain,0.31,5.52,14.8,18.0,63.8
2026-01-08 07:06:00,RTM,Cloudy,0.29,7.63,1.2,21.7,82.6
2026-02-20 05:10:05,RTM,Clear,0.34,6.92,1.0,31.7,54.3
2026-01-01 18:03:00,RTM,Cloudy,0.29,7.4,1.3,22.2,52.9
2026-04-03 00:19:06,RTM,Clear,0.22,7.65,0.1,14.6,39.6
2026-05-17 22:15:54,RTM,Clear,0.28,7.74,1.2,22.2,76.6
2026-03-27 23:10:10,RTM,Rain,0.13,7.25,4.1,23.7,77.2
2026-01-09 23:54:26,RTM,Cloudy,0.07,9.72,0.2,7.9,92.9
2026-06-28 04:28:08,RTM,Clear,0.36,6.98,0.7,31.9,100.0
2026-03-21 00:13:03,RTM,Clear,0.28,7.51,1.4,28.1,59.5
2026-02-15 01:02:45,RTM,Clear,0.22,8.1,1.5,19.5,61.5
2026-01-05 04:56:09,RTM,Clear,0.33,6.43,0.3,20.5,51.8
2026-02-26 01:11:54,RTM,Fog,0.55,5.19,1.4,26.8,56.7
2026-01-30 00:13:59,RTM,Rain,0.1,7.51,4.0,37.0,57.7
2026-03-20 04:26:13,RTM,Rain,0.29,6.04,11.4,34.9,74.8
2026-02-02 15:05:18,RTM,Cloudy,0.5,6.04,0.6,24.9,79.1
2026-02-01 23:02:14,RTM,Fog,0.54,5.86,0.8,27.1,100.0
2026-02-14 19:18:27,RTM,Clear,0.19,8.54,0.7,28.1,57.9
2026-06-15 20:33:22,RTM,Clear,0.21,8.27,0.9,25.7,55.4
2026-06-17 22:03:27,RTM,Cloudy,0.64,4.55,1.1,16.9,90.8
2026-05-28 05:57:33,RTM,Cloudy,0.43,5.54,1.2,21.7,85.4
2026-03-09 11:06:21,RTM,Clear,0.29,6.89,1.1,18.7,36.1
2026-03-20 23:55:26,RTM,Clear,0.4,6.75,1.3,28.2,88.3
2026-06-06 07:43:17,RTM,Rain,0.41,5.49,3.8,28.0,73.8
2026-03-11 22:03:19,RTM,Cloudy,0.29,7.69,1.1,16.6,79.0
2026-05-29 16:42:15,RTM,Rain,0.25,7.03,6.7,2.0,48.3
2026-06-01 04:37:54,RTM,Clear,0.23,8.6,0.9,37.4,71.9
2026-01-16 22:10:56,RTM,Clear,0.26,7.45,1.0,45.1,67.0
2026-02-21 07:33:43,RTM,Cloudy,0.25,7.6,0.6,11.4,61.1
2026-04-24 12:51:20,RTM,Clear,0.46,5.67,0.9,21.0,60.9
2026-04-18 16:47:49,RTM,Fog,0.53,5.18,1.2,25.0,62.1
2026-02-06 07:27:54,RTM,Fog,0.76,4.17,1.1,26.8,70.8
2026-01-14 09:27:33,RTM,Clear,0.32,7.98,0.5,29.1,69.0
2026-06-01 11:00:03,RTM,Cloudy,0.43,6.59,0.2,10.1,66.5
2026-04-14 03:03:45,RTM,Cloudy,0.43,6.32,0.5,18.0,78.0
2026-02-26 10:27:34,RTM,Fog,0.65,4.19,0.9,13.4,70.7
2026-06-03 11:23:42,RTM,Fog,0.67,4.28,0.4,26.3,60.9
2026-01-26 15:27:44,RTM,Clear,0.1,8.63,0.3,5.6,89.0
2026-04-29 19:35:31,RTM,Clear,0.08,9.52,0.9,0.7,81.0
2026-04-22 13:25:13,RTM,Clear,0.25,7.7,0.4,28.7,37.7
2026-05-15 08:06:01,RTM,Clear,0.1,9.55,0.6,23.7,59.0
2026-02-01 11:25:51,RTM,Fog,0.73,2.4,0.1,20.8,85.0
2026-05-31 12:38:20,RTM,Clear,0.43,7.3,0.9,40.0,45.3
2026-05-21 22:37:25,RTM,Rain,0.43,5.2,11.9,28.5,73.2
2026-03-03 16:53:35,RTM,Cloudy,0.26,7.96,0.1,27.0,61.1
2026-01-06 07:48:55,RTM,Clear,0.21,7.73,0.7,25.7,84.7
2026-03-24 15:09:03,RTM,Rain,0.29,6.58,16.1,27.1,57.1
2026-01-10 22:55:16,RTM,Clear,0.44,5.87,0.7,22.8,45.6
2026-05-24 22:19:30,RTM,Cloudy,0.21,8.41,0.4,16.9,68.6
2026-02-16 07:44:13,RTM,Clear,0.45,5.54,1.4,29.7,55.6
2026-06-09 07:36:23,RTM,Cloudy,0.41,7.06,0.4,24.3,71.7
2026-01-22 09:54:37,RTM,Rain,0.38,5.76,4.8,19.2,62.6
2026-05-07 19:52:55,RTM,Fog,0.63,4.19,1.4,32.9,90.8
2026-04-13 19:23:44,RTM,Clear,0.27,7.85,0.3,21.0,62.0
2026-06-12 17:36:27,RTM,Fog,0.47,5.01,0.2,21.8,58.0
2026-01-07 12:02:46,RTM,Fog,0.45,6.32,1.3,29.3,71.6
2026-01-19 13:54:03,RTM,Clear,0.13,8.77,0.6,33.4,75.7
2026-06-13 01:51:26,RTM,Fog,0.53,5.3,1.0,32.2,90.3
2026-05-21 04:13:47,RTM,Fog,0.72,4.29,0.1,23.9,74.8
2026-05-26 12:42:10,RTM,Clear,0.77,4.31,0.3,14.2,36.1
2026-06-17 18:33:55,RTM,Fog,0.58,4.47,0.9,17.1,100.0
2026-02-26 00:23:20,RTM,Cloudy,0.57,5.38,0.2,35.4,63.6
2026-05-01 09:16:52,RTM,Clear,0.39,6.45,0.9,22.8,75.3
2026-03-16 09:56:37,RTM,Clear,0.09,8.38,0.8,22.9,64.6
2026-02-25 17:57:45,RTM,Clear,0.48,5.57,0.9,28.1,38.7
2026-03-23 17:18:58,RTM,Rain,0.36,5.85,10.5,39.1,54.4
2026-01-14 19:10:51,RTM,Fog,0.42,7.08,0.7,29.4,60.2
2026-03-02 05:29:51,RTM,Clear,0.32,7.56,0.3,34.1,47.0
2026-06-07 09:31:26,RTM,Clear,0.31,6.74,1.0,25.7,75.2
2026-06-04 05:23:05,RTM,Clear,0.2,8.66,1.3,26.8,77.4
2026-05-07 00:48:20,RTM,Rain,0.7,2.72,1.9,24.1,66.9
2026-03-02 05:57:57,RTM,Cloudy,0.21,7.52,0.2,18.9,75.8
2026-04-02 19:27:04,RTM,Clear,0.11,9.32,0.9,30.2,62.4
2026-01-10 22:28:37,RTM,Fog,0.56,4.92,0.2,32.0,61.8
2026-02-28 12:05:02,RTM,Fog,0.52,5.78,0.5,31.2,66.8
2026-01-26 09:13:22,RTM,Clear,0.64,4.27,1.0,30.6,34.5
2026-06-05 20:13:28,RTM,Cloudy,0.1,8.83,0.3,32.3,45.9
2026-06-17 15:07:37,RTM,Clear,0.62,4.78,1.2,21.3,100.0
2026-05-09 03:40:06,RTM,Clear,0.4,6.55,0.9,31.1,75.7
2026-02-08 14:01:02,RTM,Clear,0.26,8.42,1.1,44.6,81.7
2026-05-31 00:34:41,RTM,Rain,0.24,7.38,9.5,19.7,45.7
2026-03-13 18:17:55,RTM,Rain,0.31,6.21,11.6,20.3,77.6
2026-06-14 20:39:29,RTM,Clear,0.5,5.35,0.1,21.5,33.5
2026-01-04 05:52:11,RTM,Cloudy,0.39,6.83,0.8,20.6,49.4
2026-02-23 06:24:05,RTM,Clear,0.23,8.94,0.2,17.5,34.4
2026-05-30 14:03:27,RTM,Clear,0.08,9.68,0.8,18.2,69.7
2026-01-19 20:00:37,RTM,Clear,0.29,7.59,1.0,14.1,45.1
2026-02-13 09:50:18,RTM,Clear,0.19,8.56,0.9,37.1,57.3
2026-04-19 23:31:33,RTM,Clear,0.59,5.24,0.3,9.5,73.1
2026-03-02 16:22:26,RTM,Clear,0.78,3.05,0.3,17.9,89.0
2026-02-13 06:38:48,RTM,Cloudy,0.16,9.49,0.5,15.9,65.0
2026-05-18 14:29:54,RTM,Clear,0.28,7.43,0.5,27.2,77.5
2026-01-13 13:38:46,RTM,Clear,0.23,8.66,1.2,23.0,59.9
2026-05-18 10:11:32,RTM,Clear,0.45,5.55,1.3,15.4,55.8
2026-05-06 03:17:41,RTM,Rain,0.37,6.0,3.4,27.5,30.2
2026-04-05 09:18:07,RTM,Clear,0.37,7.19,0.9,34.0,41.7
2026-04-02 19:04:09,RTM,Clear,0.27,7.66,1.3,15.2,70.8
2026-04-30 07:26:31,RTM,Rain,0.13,7.79,5.4,27.4,55.8
2026-02-14 01:13:41,RTM,Fog,0.66,3.94,0.5,24.0,89.8
2026-05-08 18:05:13,RTM,Rain,0.16,6.74,11.8,24.9,39.9
2026-03-30 16:33:09,RTM,Clear,0.2,8.02,0.5,25.8,47.8
2026-02-13 03:05:05,RTM,Clear,0.3,7.77,0.2,11.5,80.8
2026-04-10 22:05:54,RTM,Clear,0.06,9.41,1.4,22.5,58.5
2026-03-16 02:59:32,RTM,Fog,0.43,5.71,1.0,35.5,73.5
2026-03-10 06:57:15,RTM,Clear,0.17,7.42,1.4,18.5,80.9
2026-04-09 22:16:20,RTM,Clear,0.24,8.8,1.2,4.2,71.9
2026-03-01 16:49:37,RTM,Clear,0.25,8.76,1.4,16.8,56.9
2026-04-04 18:45:36,RTM,Cloudy,0.51,5.34,0.1,33.3,85.1
2026-02-15 18:12:00,RTM,Clear,0.29,7.78,0.6,11.4,34.5
2026-03-18 09:35:55,RTM,Rain,0.27,7.17,3.6,19.9,66.9
2026-02-11 01:56:31,RTM,Clear,0.35,6.52,0.7,21.4,64.0
2026-05-17 19:06:02,RTM,Cloudy,0.53,4.76,0.1,32.1,42.4
2026-01-14 03:25:10,RTM,Fog,0.69,4.2,0.6,29.0,67.6
2026-02-11 20:13:58,RTM,Cloudy,0.27,7.76,0.2,27.6,61.5
2026-01-28 14:55:36,RTM,Cloudy,0.63,4.84,0.3,28.8,100.0
2026-06-06 16:44:28,RTM,Cloudy,0.21,8.46,0.5,17.3,53.8
2026-05-06 19:50:41,RTM,Clear,0.21,7.97,1.4,28.5,75.6
2026-04-25 11:40:48,RTM,Clear,0.24,6.56,0.5,20.7,43.9
2026-02-22 04:40:39,RTM,Cloudy,0.12,9.51,1.2,12.7,74.6
2026-03-23 14:28:06,RTM,Clear,0.65,3.83,0.8,16.5,61.8
2026-05-11 10:02:05,RTM,Cloudy,0.04,9.41,0.9,26.7,99.3
2026-02-25 19:19:45,RTM,Cloudy,0.18,8.54,0.1,27.8,86.4
2026-05-18 04:08:51,RTM,Clear,0.15,8.78,0.8,10.4,33.3
2026-04-17 13:22:26,RTM,Clear,0.15,9.1,0.2,21.1,45.4
